episode,wall_clock_s,score,steps,reward,epsilon,COIN_COLLECTED,CRATE_DESTROYED,COIN_FOUND,KILLED_OPPONENT,KILLED_SELF,GOT_KILLED,SURVIVED_ROUND,INVALID_ACTION,BOMB_DROPPED,WAITED,td_error
1,0.04,4,20,10.9,0.2,4,0,0,0,1,1,0,2,1,1,1.4015500000000003
2,0.04,2,16,-0.7,0.1999,2,0,0,0,1,1,0,4,1,1,1.265126875
3,0.05,4,55,-10.6,0.1998,4,0,0,0,1,1,0,20,2,1,0.8665454545454548
4,0.05,2,19,-4.0,0.1997,2,0,0,0,1,1,0,7,1,1,1.125441052631579
5,0.06,4,14,11.5,0.1996,4,0,0,0,1,1,0,2,1,1,1.9710943571428576
6,0.06,0,7,-8.9,0.1995,0,0,0,0,1,1,0,3,1,2,1.2542857142857142
7,0.06,1,14,-5.5,0.199401,1,0,0,0,1,1,0,4,1,1,1.092142857142857
8,0.06,2,12,6.5,0.199301,3,0,0,0,1,1,0,2,1,3,1.2869507491666667
9,0.07,0,14,-11.6,0.199201,0,0,0,0,1,1,0,5,1,2,0.8192857142857143
10,0.07,0,8,-7.9,0.199102,0,0,0,0,1,1,0,2,1,1,1.018875
11,0.07,2,25,-5.6,0.199002,2,0,0,0,1,1,0,8,1,1,1.0097501968440001
12,0.08,0,5,-7.5,0.198903,0,0,0,0,1,1,0,2,1,0,1.5
13,0.08,5,20,13.9,0.198803,5,0,0,0,1,1,0,4,1,1,1.7052618155500003
14,0.09,7,37,25.1,0.198704,8,0,0,0,1,1,0,6,3,2,1.2448170408621624
15,0.09,6,25,16.4,0.198605,6,0,0,0,1,1,0,6,1,1,1.6644715532148402
16,0.1,0,27,-17.1,0.198505,0,0,0,0,1,1,0,9,2,4,0.6199629629629628
17,0.1,6,35,16.4,0.198406,6,0,0,0,1,1,0,5,1,1,1.0832361813901603
18,0.12,13,78,39.3,0.198307,13,0,0,0,1,1,0,12,2,9,1.097457666211808
19,0.12,4,26,9.2,0.198208,4,0,0,0,1,1,0,3,1,2,1.1387839221116958
20,0.12,1,7,-2.9,0.198109,1,0,0,0,1,1,0,2,1,2,1.4687022654047612
21,0.12,3,12,7.8,0.198009,3,0,0,0,1,1,0,1,1,0,1.9274151106778732
22,0.13,1,11,-4.3,0.19791,1,0,0,0,1,1,0,3,1,2,1.209091292119149
23,0.13,0,9,-9.0,0.197812,0,0,0,0,1,1,0,3,1,1,1.0066484319011775
24,0.13,1,10,-3.2,0.197713,1,0,0,0,1,1,0,2,1,2,1.2837538
25,0.13,0,6,-6.6,0.197614,0,0,0,0,1,1,0,1,1,0,1.1019068649782569
26,0.14,6,16,20.4,0.197515,6,0,0,0,1,1,0,3,2,0,2.42827608368717
27,0.14,0,20,-9.4,0.197416,0,0,0,0,1,1,0,2,1,4,0.5099563911350339
28,0.15,1,39,-10.3,0.197317,1,0,0,0,1,1,0,6,1,4,0.7583723959009218
29,0.15,1,25,-10.7,0.197219,1,0,0,0,1,1,0,8,1,2,0.7775484
30,0.15,0,6,-7.8,0.19712,0,0,0,0,1,1,0,2,1,2,1.2734785108074995
31,0.15,2,9,2.1,0.197022,2,0,0,0,1,1,0,2,1,0,2.0007749532868235
32,0.16,4,16,10.2,0.196923,4,0,0,0,1,1,0,3,1,2,1.8238169221940044
33,0.16,3,7,14.2,0.196825,4,0,0,0,1,1,0,0,1,1,3.0925145853508043
34,0.16,2,12,-0.4,0.196726,2,0,0,0,1,1,0,4,1,2,1.454405504833333
35,0.16,3,10,8.8,0.196628,3,0,0,0,1,1,0,0,1,2,2.0620713128190653
36,0.17,14,62,44.2,0.19653,14,0,0,0,1,1,0,14,3,6,1.389542566826818
37,0.18,1,7,-3.7,0.196431,1,0,0,0,1,1,0,3,1,0,1.7252810461296728
38,0.18,2,21,-3.1,0.196333,2,0,0,0,1,1,0,6,1,0,1.051507575328476
39,0.19,8,80,17.6,0.196235,8,0,0,0,1,1,0,9,1,4,0.711179161784019
40,0.2,2,9,1.1,0.196137,2,0,0,0,1,1,0,3,1,0,1.9433853622361466
41,0.2,10,29,37.1,0.196039,10,0,0,0,1,1,0,5,1,0,2.0197287610185586
42,0.2,4,13,17.7,0.195941,5,0,0,0,1,1,0,1,1,0,2.044310273801952
43,0.21,1,13,-3.4,0.195843,1,0,0,0,1,1,0,2,1,1,1.0628969275934332
44,0.21,5,11,16.9,0.195745,5,0,0,0,1,1,0,2,1,0,2.5490469777808293
45,0.21,5,21,13.2,0.195647,5,0,0,0,1,1,0,4,2,7,1.8480489726672193
46,0.22,3,22,7.7,0.195549,4,0,0,0,1,1,0,5,2,1,1.2341731689153337
47,0.22,1,8,-1.8,0.195451,1,0,0,0,1,1,0,1,1,0,1.363678041395212
48,0.23,5,47,3.9,0.195354,5,0,0,0,1,1,0,11,2,4,1.0955948680798446
49,0.23,1,7,-2.8,0.195256,1,0,0,0,1,1,0,2,1,1,1.8850857536002914
50,0.23,1,15,1.4,0.195158,2,0,0,0,1,1,0,2,2,1,1.0248546449695017
51,0.24,0,49,-14.6,0.195061,0,0,0,0,1,1,0,4,1,7,0.3816817287876599
52,0.24,1,6,-1.9,0.194963,1,0,0,0,1,1,0,1,1,3,1.8612000000000002
53,0.24,1,9,-2.1,0.194866,1,0,0,0,1,1,0,1,1,2,1.471165357040253
54,0.25,6,21,18.8,0.194768,6,0,0,0,1,1,0,4,1,1,1.931580575083979
55,0.25,2,9,0.9,0.194671,2,0,0,0,1,1,0,3,1,2,2.0532828578937683
56,0.26,16,69,59.0,0.194574,16,0,0,0,1,1,0,9,3,1,1.4208621240593928
57,0.28,19,93,68.4,0.194476,19,0,0,0,1,1,0,11,5,13,1.2684003182824808
58,0.28,5,18,15.1,0.194379,5,0,0,0,1,1,0,3,1,1,2.2317235918918943
59,0.28,3,21,-2.3,0.194282,3,0,0,0,1,1,0,10,2,2,1.466738421273818
60,0.29,6,20,18.0,0.194185,6,0,0,0,1,1,0,5,1,0,1.8444283176639502
61,0.29,8,24,31.2,0.194088,8,0,0,0,1,1,0,1,1,4,1.920408228164562
62,0.29,0,6,-7.8,0.193991,0,0,0,0,1,1,0,2,1,2,1.2678796285359726
63,0.3,14,40,57.7,0.193894,14,0,0,0,1,1,0,3,1,3,1.9343220975298625
64,0.31,4,19,10.8,0.193797,4,0,0,0,1,1,0,2,2,3,1.476580362502909
65,0.31,6,15,18.5,0.1937,6,0,0,0,1,1,0,5,1,0,2.3257904201789654
66,0.31,4,18,7.2,0.193603,4,0,0,0,1,1,0,6,1,0,1.4902675380225345
67,0.32,2,30,-3.0,0.193506,2,0,0,0,1,1,0,5,1,0,0.7442586033215388
68,0.33,11,93,33.4,0.193409,11,0,0,0,1,1,0,7,2,3,0.8868030784690806
69,0.34,9,42,30.8,0.193313,9,0,0,0,1,1,0,4,2,10,1.3488665852550052
70,0.34,3,12,6.7,0.193216,3,0,0,0,1,1,0,2,1,1,1.7500125232538382
71,0.34,1,7,-2.8,0.193119,1,0,0,0,1,1,0,2,1,1,1.4272093606064882
72,0.35,5,26,10.3,0.193023,5,0,0,0,1,1,0,7,2,1,1.776166765373174
73,0.36,11,69,28.6,0.192926,11,0,0,0,1,1,0,14,4,5,1.1632364094256098
74,0.37,21,78,85.0,0.19283,21,0,0,0,1,1,0,7,3,2,1.7273713232550068
75,0.38,5,20,15.9,0.192733,5,0,0,0,1,1,0,2,1,1,1.4408090204770716
76,0.38,3,25,2.1,0.192637,3,0,0,0,1,1,0,5,1,4,1.007258858977884
77,0.38,0,5,-7.6,0.192541,0,0,0,0,1,1,0,2,1,1,1.4952678205788401
78,0.39,9,32,29.5,0.192444,9,0,0,0,1,1,0,7,2,3,2.0649171152460672
79,0.39,3,18,4.1,0.192348,3,0,0,0,1,1,0,4,1,1,1.7075946090851455
80,0.4,4,18,10.0,0.192252,4,0,0,0,1,1,0,3,1,2,1.6630871829810663
81,0.4,2,14,0.4,0.192156,2,0,0,0,1,1,0,3,1,2,1.6580144147720561
82,0.41,7,43,19.4,0.19206,7,0,0,0,1,1,0,6,1,3,1.294062816591219
83,0.41,10,31,36.8,0.191964,10,0,0,0,1,1,0,5,2,1,2.280931167038952
84,0.42,11,35,44.2,0.191868,11,0,0,0,1,1,0,2,2,3,1.9853322450207007
85,0.43,5,36,12.3,0.191772,5,0,0,0,1,1,0,4,2,1,1.5104562854416583
86,0.43,15,36,60.2,0.191676,15,0,0,0,1,1,0,6,1,2,2.2110961890249694
87,0.44,2,11,0.8,0.19158,2,0,0,0,1,1,0,3,1,1,1.6376337988918643
88,0.44,2,9,1.1,0.191484,2,0,0,0,1,1,0,3,1,0,2.531778964144672
89,0.44,6,19,20.0,0.191389,6,0,0,0,1,1,0,3,1,1,2.2837469742262906
90,0.44,0,9,-7.0,0.191293,0,0,0,0,1,1,0,1,1,1,0.8052969293688614
91,0.45,5,16,12.4,0.191197,5,0,0,0,1,1,0,6,1,0,2.3809593147762134
92,0.47,38,140,154.9,0.191102,38,0,0,0,1,1,0,14,5,21,1.9862292015042324
93,0.48,13,79,48.9,0.191006,13,0,0,0,1,1,0,3,1,2,1.3927224815313703
94,0.49,1,25,-6.2,0.190911,1,0,0,0,1,1,0,3,2,7,0.5432898720529519
95,0.49,5,17,15.2,0.190815,5,0,0,0,1,1,0,3,1,1,2.720713894150649
96,0.5,25,78,104.7,0.19072,25,0,0,0,1,1,0,7,3,5,2.482086322466936
97,0.51,0,8,-5.9,0.190624,0,0,0,0,1,1,0,0,1,1,0.7160801590066582
98,0.51,1,6,-4.6,0.190529,1,0,0,0,1,1,0,4,1,0,1.7540579389045259
99,0.51,5,18,13.9,0.190434,5,0,0,0,1,1,0,4,1,3,2.257659897505265
100,0.51,1,10,-4.1,0.190339,1,0,0,0,1,1,0,3,1,1,1.9534260726411634
101,0.52,4,26,8.3,0.190244,4,0,0,0,1,1,0,4,1,1,1.885636250317492
102,0.52,8,26,29.3,0.190148,8,0,0,0,1,1,0,3,1,1,1.903308709399148
103,0.53,12,51,45.8,0.190053,12,0,0,0,1,1,0,4,2,1,2.1620595878117643
104,0.55,22,91,90.4,0.189958,22,0,0,0,1,1,0,4,5,15,1.7871184005812029
105,0.55,0,7,-8.7,0.189863,0,0,0,0,1,1,0,3,1,0,1.4368492561621073
106,0.55,1,11,-4.5,0.189768,1,0,0,0,1,1,0,3,1,4,1.0491860749643747
107,0.56,7,25,24.2,0.189673,7,0,0,0,1,1,0,3,1,3,1.8884573905263027
108,0.57,13,90,39.5,0.189579,13,0,0,0,1,1,0,11,3,5,1.1724778540612426
109,0.57,8,21,28.8,0.189484,8,0,0,0,1,1,0,4,1,1,2.3950561017196152
110,0.58,10,31,36.8,0.189389,10,0,0,0,1,1,0,5,2,1,2.6538802904996466
111,0.58,7,15,27.4,0.189294,7,0,0,0,1,1,0,1,1,1,3.098286751824846
112,0.59,11,35,39.2,0.1892,11,0,0,0,1,1,0,7,2,3,2.352422759139624
113,0.6,12,67,39.8,0.189105,12,0,0,0,1,1,0,8,3,5,1.649433759962814
114,0.6,7,20,23.9,0.189011,7,0,0,0,1,1,0,4,2,1,2.314584351773826
115,0.61,7,18,28.0,0.188916,7,0,0,0,1,1,0,0,2,2,2.335972563804567
116,0.62,19,91,70.2,0.188822,19,0,0,0,1,1,0,10,6,7,1.7200031790175812
117,0.63,4,17,10.3,0.188727,4,0,0,0,1,1,0,3,1,0,1.8109122223303378
118,0.63,7,42,20.8,0.188633,7,0,0,0,1,1,0,5,2,0,1.5503556145138715
119,0.66,40,143,170.0,0.188539,40,0,0,0,1,1,0,10,3,7,1.9579013530741942
120,0.67,13,55,51.3,0.188444,13,0,0,0,1,1,0,3,2,2,2.158007853001523
121,0.67,1,7,-1.8,0.18835,1,0,0,0,1,1,0,1,1,1,1.0783130297187984
122,0.67,1,6,-4.6,0.188256,1,0,0,0,1,1,0,4,1,0,1.4548827852874684
123,0.67,5,15,16.3,0.188162,5,0,0,0,1,1,0,2,1,2,2.86337778602964
124,0.69,11,72,37.2,0.188068,11,0,0,0,1,1,0,5,4,6,1.3091997546200969
125,0.69,12,40,46.9,0.187974,12,0,0,0,1,1,0,4,1,1,2.371539839060376
126,0.7,14,60,51.7,0.18788,14,0,0,0,1,1,0,7,2,3,2.55562914052956
127,0.71,5,20,10.9,0.187786,5,0,0,0,1,1,0,7,1,1,1.945245671866617
128,0.71,10,36,37.3,0.187692,10,0,0,0,1,1,0,4,2,1,2.3429356388762757
129,0.72,4,17,9.3,0.187598,4,0,0,0,1,1,0,4,2,0,2.8192211740577386
130,0.73,25,66,110.2,0.187504,25,0,0,0,1,1,0,3,4,2,2.466425075197163
131,0.74,20,64,89.2,0.18741,21,0,0,0,1,1,0,4,1,4,2.9680008458379996
132,0.74,4,21,6.8,0.187317,4,0,0,0,1,1,0,6,2,1,1.7203013641024067
133,0.75,3,20,3.9,0.187223,3,0,0,0,1,1,0,4,1,1,1.4588379251805565
134,0.75,6,29,20.9,0.187129,6,0,0,0,1,1,0,1,2,2,2.487798704229049
135,0.75,2,9,1.9,0.187036,2,0,0,0,1,1,0,2,1,2,1.866982071237578
136,0.76,2,14,0.5,0.186942,2,0,0,0,1,1,0,3,1,1,2.178086224084809
137,0.76,2,24,-3.7,0.186849,2,0,0,0,1,1,0,6,2,3,1.6802979075113527
138,0.77,1,24,-5.6,0.186755,1,0,0,0,1,1,0,3,1,2,1.3755954895568785
139,0.77,3,37,2.0,0.186662,3,0,0,0,1,1,0,4,2,3,0.9861252424553684
140,0.78,8,14,32.6,0.186569,8,0,0,0,1,1,0,1,1,0,3.608612426451888
141,0.79,20,63,79.5,0.186475,20,0,0,0,1,1,0,9,1,2,2.2600269899033814
142,0.79,1,14,-7.5,0.186382,1,0,0,0,1,1,0,6,1,1,0.9125540019607169
143,0.8,15,43,61.5,0.186289,15,0,0,0,1,1,0,4,1,2,2.635735451918299
144,0.8,18,39,80.8,0.186196,18,0,0,0,1,1,0,0,2,3,3.5822741759565635
145,0.81,0,6,-6.9,0.186103,0,0,0,0,1,1,0,1,1,3,1.1331380871609273
146,0.81,10,28,37.1,0.18601,10,0,0,0,1,1,0,5,1,1,3.3561470003378413
147,0.82,8,27,29.6,0.185917,8,0,0,0,1,1,0,2,1,7,2.540933563456266
148,0.83,19,59,75.8,0.185824,19,0,0,0,1,1,0,8,3,3,2.599841257016323
149,0.83,20,47,89.2,0.185731,20,0,0,0,1,1,0,1,1,1,2.799936341254825
150,0.85,23,108,85.0,0.185638,23,0,0,0,1,1,0,13,5,12,1.9823813834200772
151,0.86,8,37,26.7,0.185545,8,0,0,0,1,1,0,4,2,6,1.9265091008225883
152,0.87,22,51,93.7,0.185452,22,0,0,0,1,1,0,6,2,2,3.1602763147634074
153,0.87,12,33,48.4,0.18536,12,0,0,0,1,1,0,3,1,3,2.2406711760589584
154,0.88,1,14,-5.2,0.185267,1,0,0,0,1,1,0,3,1,8,1.3339351152900893
155,0.89,24,88,96.9,0.185174,24,0,0,0,1,1,0,9,4,3,2.5548337529489715
156,0.91,35,129,148.7,0.185082,35,0,0,0,1,1,0,8,3,4,2.335476711289648
157,0.92,14,39,54.8,0.184989,14,0,0,0,1,1,0,6,2,3,2.943385265650264
158,0.92,2,25,-2.6,0.184897,2,0,0,0,1,1,0,5,1,1,1.51138589770177
159,0.93,2,16,0.3,0.184804,2,0,0,0,1,1,0,3,1,1,1.5402994710149214
160,0.93,6,16,22.4,0.184712,6,0,0,0,1,1,0,1,1,0,3.2762681815565187
161,0.93,6,25,15.3,0.18462,6,0,0,0,1,1,0,7,1,2,2.485134803817589
162,0.94,10,50,32.8,0.184527,10,0,0,0,1,1,0,7,2,2,2.6119648795174317
163,0.95,13,33,55.6,0.184435,13,0,0,0,1,1,0,1,3,1,3.525275812947362
164,0.95,3,8,6.1,0.184343,3,0,0,0,1,1,0,3,1,1,2.2718900939101494
165,0.96,1,19,-4.9,0.184251,1,0,0,0,1,1,0,3,1,0,1.9947403063066782
166,0.97,25,87,103.8,0.184158,25,0,0,0,1,1,0,7,5,5,2.318056100854812
167,0.99,26,103,103.9,0.184066,26,0,0,0,1,1,0,9,2,18,1.9267726860950574
168,0.99,1,8,-4.9,0.183974,1,0,0,0,1,1,0,4,1,1,1.246481231192307
169,1.0,14,45,59.2,0.183882,14,0,0,0,1,1,0,1,2,3,2.5062365549577903
170,1.0,1,7,-3.7,0.18379,1,0,0,0,1,1,0,3,1,0,5.222940768389862
171,1.02,26,108,102.3,0.183699,26,0,0,0,1,1,0,11,4,9,2.7394103850188127
172,1.02,3,24,1.4,0.183607,3,0,0,0,1,1,0,6,1,2,1.6355003545527176
173,1.02,1,17,-5.8,0.183515,1,0,0,0,1,1,0,4,1,1,0.9610371507345593
174,1.03,3,9,7.1,0.183423,3,0,0,0,1,1,0,2,1,0,5.97098304794217
175,1.04,16,83,58.5,0.183331,16,0,0,0,1,1,0,8,2,2,2.1423322279194403
176,1.05,9,34,30.6,0.18324,9,0,0,0,1,1,0,6,3,0,2.4326896029393943
177,1.05,6,42,14.7,0.183148,6,0,0,0,1,1,0,6,1,1,2.2244398742301286
178,1.06,3,68,-8.0,0.183057,3,0,0,0,1,1,0,11,1,2,1.1675874818130225
179,1.07,18,37,79.1,0.182965,18,0,0,0,1,1,0,2,2,2,3.371310726875021
180,1.08,18,43,78.7,0.182874,18,0,0,0,1,1,0,2,1,0,2.8160119658035274
181,1.08,3,9,9.1,0.182782,3,0,0,0,1,1,0,0,1,0,4.483977136210243
182,1.09,7,24,21.6,0.182691,7,0,0,0,1,1,0,6,1,0,2.701190863270694
183,1.09,1,14,-5.5,0.182599,1,0,0,0,1,1,0,4,1,1,2.1260021475806656
184,1.1,12,59,38.8,0.182508,12,0,0,0,1,1,0,10,1,3,2.213395582818005
185,1.1,3,23,2.6,0.182417,3,0,0,0,1,1,0,5,2,1,1.8350985016971848
186,1.12,12,113,32.9,0.182326,12,0,0,0,1,1,0,10,3,8,1.388985249505534
187,1.13,19,54,83.8,0.182234,19,0,0,0,1,1,0,0,1,8,2.405512127282441
188,1.14,9,26,33.4,0.182143,9,0,0,0,1,1,0,4,1,0,2.8609336467282094
189,1.14,0,5,-8.5,0.182052,0,0,0,0,1,1,0,3,1,0,1.6534508395923857
190,1.14,2,26,-0.6,0.181961,2,0,0,0,1,1,0,3,1,0,1.2752098647809533
191,1.15,16,39,68.9,0.18187,16,0,0,0,1,1,0,2,1,2,3.3404024901526745
192,1.15,5,18,15.2,0.181779,5,0,0,0,1,1,0,3,1,0,3.056577325830131
193,1.17,18,85,66.6,0.181688,18,0,0,0,1,1,0,9,1,9,1.6967748361377935
194,1.17,7,18,25.2,0.181598,7,0,0,0,1,1,0,3,1,0,3.518994271766482
195,1.18,2,17,-0.7,0.181507,2,0,0,0,1,1,0,4,1,0,3.0283703638839508
196,1.18,7,41,18.7,0.181416,7,0,0,0,1,1,0,7,1,2,1.4857195461331318
197,1.19,8,20,29.0,0.181325,8,0,0,0,1,1,0,4,1,0,4.293699024036703
198,1.19,8,18,37.2,0.181235,9,0,0,0,1,1,0,1,1,0,3.929086825622694
199,1.2,14,44,55.0,0.181144,14,0,0,0,1,1,0,5,1,6,2.3166534755133914
200,1.21,26,91,106.7,0.181053,26,0,0,0,1,1,0,9,1,2,2.438240614609931
201,1.22,0,5,-0.6,0.180963,1,0,0,0,1,1,0,0,1,1,2.9615882093153436
202,1.22,15,38,63.9,0.180872,15,0,0,0,1,1,0,2,2,3,2.9131162808603825
203,1.24,20,70,78.6,0.180782,20,0,0,0,1,1,0,8,3,14,2.5331903258330066
204,1.25,26,69,115.9,0.180692,26,0,0,0,1,1,0,2,3,2,2.5986741517298544
205,1.26,25,76,107.2,0.180601,25,0,0,0,1,1,0,5,3,2,2.8282787749235174
206,1.27,20,43,89.7,0.180511,20,0,0,0,1,1,0,1,2,0,3.6623337432789076
207,1.27,1,7,-3.7,0.180421,1,0,0,0,1,1,0,3,1,0,3.835779504947957
208,1.29,25,100,103.4,0.180331,25,0,0,0,1,1,0,6,1,6,2.147205961890447
209,1.31,32,139,131.5,0.18024,32,0,0,0,1,1,0,9,1,6,1.9645499333691014
210,1.33,44,168,185.4,0.18015,44,0,0,0,1,1,0,12,8,8,2.405880746712071
211,1.34,13,39,50.9,0.18006,13,0,0,0,1,1,0,5,1,2,2.587594070137033
212,1.35,15,57,59.1,0.17997,15,0,0,0,1,1,0,5,1,2,1.8547975295771146
213,1.35,5,13,16.7,0.17988,5,0,0,0,1,1,0,2,1,0,3.6387895523187135
214,1.36,2,9,3.0,0.17979,2,0,0,0,1,1,0,1,1,1,2.2184582093115583
215,1.36,0,6,-7.8,0.1797,0,0,0,0,1,1,0,2,1,2,1.169413478448747
216,1.36,8,19,30.0,0.17961,8,0,0,0,1,1,0,3,1,1,4.079803910345724
217,1.37,6,28,21.0,0.179521,6,0,0,0,1,1,0,1,1,2,1.9520774311442308
218,1.38,34,93,152.0,0.179431,34,0,0,0,1,1,0,3,1,7,2.83900312823832
219,1.4,34,113,144.4,0.179341,34,0,0,0,1,1,0,9,4,3,2.336309401251501
220,1.41,14,41,57.7,0.179252,14,0,0,0,1,1,0,3,2,2,2.934957767328378
221,1.42,11,46,41.4,0.179162,11,0,0,0,1,1,0,4,1,0,3.01158759371037
222,1.42,8,32,28.8,0.179072,8,0,0,0,1,1,0,3,1,0,2.6935139816511953
223,1.43,12,33,50.5,0.178983,12,0,0,0,1,1,0,1,2,2,3.2189309609702565
224,1.44,25,64,107.3,0.178893,25,0,0,0,1,1,0,6,1,3,2.4521803820685997
225,1.44,1,5,-3.5,0.178804,1,0,0,0,1,1,0,3,1,0,2.7275484399965384
226,1.44,7,15,28.5,0.178714,7,0,0,0,1,1,0,0,1,0,4.27073679307375
227,1.45,25,75,110.3,0.178625,25,0,0,0,1,1,0,2,2,2,2.890693592817778
228,1.46,12,36,52.1,0.178536,13,0,0,0,1,1,0,4,2,3,3.777129273372842
229,1.47,18,47,76.2,0.178447,18,0,0,0,1,1,0,4,2,1,3.7447877379128642
230,1.48,20,57,85.6,0.178357,20,0,0,0,1,1,0,3,1,7,2.815632099952438
231,1.5,41,149,176.7,0.178268,41,0,0,0,1,1,0,8,3,4,2.124923268770963
232,1.5,6,15,21.4,0.178179,6,0,0,0,1,1,0,2,1,1,3.8586651525694284
233,1.52,24,65,103.1,0.17809,24,0,0,0,1,1,0,5,3,4,2.724940948734699
234,1.52,10,31,39.8,0.178001,10,0,0,0,1,1,0,2,2,1,3.5602937943956223
235,1.53,9,37,31.6,0.177912,9,0,0,0,1,1,0,4,1,7,2.0093683098794934
236,1.54,23,79,90.6,0.177823,23,0,0,0,1,1,0,11,2,5,2.5160484912562486
237,1.55,1,11,-3.8,0.177734,1,0,0,0,1,1,0,2,1,7,0.7001324172096709
238,1.56,15,118,54.9,0.177645,15,0,0,0,1,1,0,3,2,3,1.1848670461608766
239,1.59,39,131,164.4,0.177556,39,0,0,0,1,1,0,12,4,5,2.6062283372914243
240,1.59,13,39,53.0,0.177467,13,0,0,0,1,1,0,3,1,1,3.2164300448585292
241,1.6,10,35,37.8,0.177379,10,0,0,0,1,1,0,3,2,7,2.3488356432239383
242,1.62,17,87,63.1,0.17729,17,0,0,0,1,1,0,8,5,2,2.2104735833194127
243,1.63,33,82,145.3,0.177201,33,0,0,0,1,1,0,6,2,5,2.7187437765331817
244,1.63,0,8,-8.9,0.177113,0,0,0,0,1,1,0,3,1,1,2.875868541903413
245,1.63,0,7,-8.7,0.177024,0,0,0,0,1,1,0,3,1,0,4.680964282965176
246,1.64,16,45,63.5,0.176936,16,0,0,0,1,1,0,7,2,0,2.6217168984986334
247,1.64,2,17,0.9,0.176847,2,0,0,0,1,1,0,2,1,4,2.4452181773397568
248,1.65,14,30,58.9,0.176759,14,0,0,0,1,1,0,3,1,1,3.60562412109317
249,1.66,10,38,39.1,0.17667,10,0,0,0,1,1,0,2,3,1,2.4360179319964113
250,1.67,24,68,102.0,0.176582,24,0,0,0,1,1,0,6,2,2,3.3362362182769787
251,1.69,46,134,207.9,0.176494,46,0,0,0,1,1,0,3,2,7,2.6392441761058025
252,1.69,16,33,74.6,0.176406,17,0,0,0,1,1,0,2,1,1,3.1504293743986436
253,1.7,17,37,71.2,0.176317,17,0,0,0,1,1,0,5,1,1,3.848443661185556
254,1.7,9,21,36.8,0.176229,9,0,0,0,1,1,0,1,1,1,3.3703676588724325
255,1.71,15,42,63.5,0.176141,15,0,0,0,1,1,0,2,2,3,4.231407442781212
256,1.72,12,33,47.7,0.176053,12,0,0,0,1,1,0,4,1,0,3.2017187129562004
257,1.72,4,9,12.0,0.175965,4,0,0,0,1,1,0,2,1,1,4.680319280132013
258,1.73,10,36,38.3,0.175877,10,0,0,0,1,1,0,3,1,1,3.2808118741858543
259,1.75,31,117,128.0,0.175789,31,0,0,0,1,1,0,9,3,13,2.315062387653542
260,1.77,32,133,129.1,0.175701,32,0,0,0,1,1,0,12,4,6,2.3581937675544395
261,1.79,45,135,199.3,0.175613,45,0,0,0,1,1,0,7,7,2,2.571683016746755
262,1.8,6,44,14.5,0.175526,6,0,0,0,1,1,0,6,1,1,3.4831888002363542
263,1.81,22,75,92.3,0.175438,22,0,0,0,1,1,0,5,2,2,2.1375974521602736
264,1.82,25,66,110.3,0.17535,25,0,0,0,1,1,0,3,2,1,3.0029205451323135
265,1.84,36,134,149.9,0.175262,36,0,0,0,1,1,0,10,3,17,2.3020781972596556
266,1.85,23,60,96.3,0.175175,23,0,0,0,1,1,0,7,1,7,2.286119444313992
267,1.86,27,74,118.5,0.175087,27,0,0,0,1,1,0,4,2,1,3.063768010049094
268,1.88,16,62,67.6,0.175,16,0,0,0,1,1,0,1,3,2,2.5850233893150576
269,1.88,22,54,98.4,0.174912,22,0,0,0,1,1,0,1,2,2,2.971110998163763
270,1.9,41,129,178.8,0.174825,41,0,0,0,1,1,0,8,2,3,2.650828756917636
271,1.93,37,127,159.4,0.174737,37,0,0,0,1,1,0,7,2,9,3.029032571721469
272,1.93,8,15,33.4,0.17465,8,0,0,0,1,1,0,0,1,1,4.923581972388233
273,1.94,35,93,157.8,0.174563,35,0,0,0,1,1,0,2,4,9,3.599491281697913
274,1.96,29,71,128.6,0.174475,29,0,0,0,1,1,0,4,2,3,2.829427522620067
275,1.98,38,134,159.9,0.174388,38,0,0,0,1,1,0,11,2,7,2.592207115084813
276,1.99,18,77,68.2,0.174301,18,0,0,0,1,1,0,9,3,1,2.531765177547755
277,1.99,3,12,4.6,0.174214,3,0,0,0,1,1,0,4,1,2,2.4667552401389963
278,2.0,20,64,78.5,0.174127,20,0,0,0,1,1,0,10,3,1,3.202680584017208
279,2.01,3,18,4.1,0.17404,3,0,0,0,1,1,0,4,2,1,6.017890610693787
280,2.01,5,15,13.5,0.173953,5,0,0,0,1,1,0,5,1,0,3.689598851235843
281,2.01,9,23,37.7,0.173866,9,0,0,0,1,1,0,0,1,0,3.6300955184549117
282,2.02,20,52,86.7,0.173779,20,0,0,0,1,1,0,3,2,1,2.9181577270169714
283,2.03,10,27,40.3,0.173692,10,0,0,0,1,1,0,2,1,0,3.3122167554066206
284,2.03,1,15,-4.6,0.173605,1,0,0,0,1,1,0,3,1,1,2.406557523154913
285,2.05,22,74,93.4,0.173518,22,0,0,0,1,1,0,4,3,2,3.0761071866211083
286,2.06,32,97,138.8,0.173431,32,0,0,0,1,1,0,6,3,5,2.6323796437942084
287,2.07,1,46,-9.6,0.173345,1,0,0,0,1,1,0,5,1,0,0.785555250920377
288,2.08,7,31,22.7,0.173258,7,0,0,0,1,1,0,4,1,2,3.6404271929844425
289,2.1,39,127,164.9,0.173171,39,0,0,0,1,1,0,12,3,4,3.0296496143961567
290,2.11,40,105,179.1,0.173085,40,0,0,0,1,1,0,5,5,4,3.2524967251175623
291,2.12,6,15,21.5,0.172998,6,0,0,0,1,1,0,2,1,0,3.415839309807877
292,2.12,18,50,76.9,0.172912,18,0,0,0,1,1,0,3,1,1,3.2515669665043863
293,2.14,22,83,98.5,0.172825,23,0,0,0,1,1,0,3,3,2,2.315585333397866
294,2.14,1,5,-0.5,0.172739,1,0,0,0,1,1,0,0,1,0,5.623595573113496
295,2.14,3,14,5.6,0.172652,3,0,0,0,1,1,0,3,1,0,2.219878222637051
296,2.15,8,14,33.6,0.172566,8,0,0,0,1,1,0,0,1,0,3.2604403774447723
297,2.16,37,116,159.1,0.17248,37,0,0,0,1,1,0,9,3,3,3.0907858849341996
298,2.18,20,65,81.4,0.172394,20,0,0,0,1,1,0,7,2,1,3.2964897954487546
299,2.19,22,60,93.9,0.172307,22,0,0,0,1,1,0,5,4,1,3.4176375338341307
300,2.21,38,124,164.7,0.172221,38,0,0,0,1,1,0,7,3,9,3.2155207031974204
301,2.23,42,133,184.9,0.172135,42,0,0,0,1,1,0,6,4,8,2.3564524213545774
302,2.23,13,31,52.9,0.172049,13,0,0,0,1,1,0,4,1,0,3.8153485739135946
303,2.24,20,58,82.4,0.171963,20,0,0,0,1,1,0,6,3,8,2.413940506124828
304,2.25,12,34,49.5,0.171877,12,0,0,0,1,1,0,2,1,1,2.7701181473756447
305,2.28,48,216,203.4,0.171791,48,0,0,0,1,1,0,8,3,20,2.496120748752893
306,2.3,33,97,141.6,0.171705,33,0,0,0,1,1,0,8,4,7,2.6630843583276427
307,2.32,38,107,170.5,0.171619,38,0,0,0,1,1,0,3,1,8,3.26226712740844
308,2.32,9,33,39.5,0.171534,10,0,0,0,1,1,0,2,1,2,2.9174688929215487
309,2.33,13,46,51.2,0.171448,13,0,0,0,1,1,0,4,2,2,2.5238169655806275
310,2.35,44,130,192.8,0.171362,44,0,0,0,1,1,0,9,3,2,2.77817384633649
311,2.37,24,120,98.4,0.171276,24,0,0,0,1,1,0,4,1,6,1.804589707795766
312,2.39,9,111,23.5,0.171191,9,0,0,0,1,1,0,5,1,4,1.212868415064931
313,2.39,6,12,22.8,0.171105,6,0,0,0,1,1,0,1,1,0,5.330509872801928
314,2.4,24,57,105.2,0.17102,24,0,0,0,1,1,0,4,2,1,3.335483946237722
315,2.42,30,104,126.4,0.170934,30,0,0,0,1,1,0,8,1,2,2.693823101895049
316,2.42,3,14,7.6,0.170849,3,0,0,0,1,1,0,1,1,0,4.202922775342091
317,2.44,43,102,202.6,0.170763,44,0,0,0,1,1,0,2,1,2,3.0526116068444176
318,2.45,37,107,159.1,0.170678,37,0,0,0,1,1,0,10,1,2,2.5757651407570923
319,2.47,21,63,95.5,0.170592,22,0,0,0,1,1,0,3,3,2,3.41930833767809
320,2.47,9,23,39.7,0.170507,10,0,0,0,1,1,0,3,1,0,3.083261349796268
321,2.5,48,167,206.6,0.170422,48,0,0,0,1,1,0,11,2,7,2.597775757855891
322,2.52,49,186,226.8,0.170337,51,0,0,0,0,0,1,9,3,5,2.420989189875236
323,2.53,4,12,13.8,0.170252,4,0,0,0,1,1,0,0,1,0,4.26173769682411
324,2.54,23,73,94.6,0.170166,23,0,0,0,1,1,0,8,1,1,2.4769023046582044
325,2.55,25,67,110.9,0.170081,25,0,0,0,1,1,0,2,3,4,2.9427400338757557
326,2.57,39,106,174.2,0.169996,39,0,0,0,1,1,0,5,4,2,3.1282859587264418
327,2.59,46,129,206.5,0.169911,46,0,0,0,1,1,0,5,1,6,2.4900339933281295
328,2.59,4,24,8.4,0.169826,4,0,0,0,1,1,0,4,1,2,3.6695519128390917
329,2.59,0,6,-10.6,0.169741,0,0,0,0,1,1,0,5,1,0,1.6821347861544051
330,2.61,46,127,207.9,0.169657,46,0,0,0,1,1,0,4,2,4,3.0630921526778376
331,2.63,21,76,85.1,0.169572,21,0,0,0,1,1,0,7,2,3,2.56788312604431
332,2.64,34,100,146.7,0.169487,34,0,0,0,1,1,0,8,2,3,3.02347922861438
333,2.65,22,47,99.1,0.169402,22,0,0,0,1,1,0,1,3,2,2.995094156852126
334,2.65,1,5,-3.5,0.169318,1,0,0,0,1,1,0,3,1,0,3.7693970989501056
335,2.65,0,5,-9.5,0.169233,0,0,0,0,1,1,0,4,1,0,1.760176591059721
336,2.67,25,82,105.4,0.169148,25,0,0,0,1,1,0,6,4,4,2.9476480982347915
337,2.67,14,30,62.0,0.169064,14,0,0,0,1,1,0,0,2,0,3.171641176438958
338,2.69,32,86,143.2,0.168979,32,0,0,0,1,1,0,3,1,2,2.5923404437733844
339,2.69,11,23,44.7,0.168895,11,0,0,0,1,1,0,3,1,0,3.543118932178715
340,2.71,41,118,184.7,0.16881,41,0,0,0,1,1,0,3,1,5,2.20813565643272
341,2.72,18,44,77.6,0.168726,18,0,0,0,1,1,0,3,3,0,3.2438570681211187
342,2.73,31,88,137.9,0.168641,31,0,0,0,1,1,0,3,3,3,2.257396518781647
343,2.74,26,66,114.9,0.168557,26,0,0,0,1,1,0,3,1,5,2.9431562677425447
344,2.75,18,55,75.5,0.168473,18,0,0,0,1,1,0,4,1,0,3.1701297826851804
345,2.77,37,131,161.3,0.168389,37,0,0,0,1,1,0,5,3,6,2.968314421111654
346,2.78,19,41,81.7,0.168304,19,0,0,0,1,1,0,4,1,2,3.667551619748057
347,2.79,27,65,122.1,0.16822,27,0,0,0,1,1,0,1,2,4,2.947664462199827
348,2.8,23,69,99.8,0.168136,23,0,0,0,1,1,0,3,2,3,2.998150664367606
349,2.82,36,82,165.6,0.168052,36,0,0,0,1,1,0,1,3,2,2.9258310342518907
350,2.85,48,208,200.8,0.167968,48,0,0,0,1,1,0,12,5,14,2.095343380195651
351,2.88,49,216,203.7,0.167884,49,0,0,0,1,1,0,14,2,7,2.406269394422798
352,2.89,31,81,137.8,0.1678,31,0,0,0,1,1,0,4,4,1,2.8770290335595274
353,2.92,41,134,177.1,0.167716,41,0,0,0,1,1,0,9,4,5,2.4209970213084038
354,2.94,49,191,213.4,0.167632,49,0,0,0,1,1,0,7,2,5,2.5962104136345086
355,2.95,10,25,41.4,0.167549,10,0,0,0,1,1,0,1,1,1,2.912306459199016
356,2.97,49,161,232.3,0.167465,51,0,0,0,0,0,1,6,2,5,2.7374478006493437
357,3.0,49,164,226.9,0.167381,51,0,0,0,0,0,1,11,1,6,2.497621005960947
358,3.0,8,17,32.2,0.167297,8,0,0,0,1,1,0,1,1,1,3.112030101365454
359,3.03,49,170,216.5,0.167214,49,0,0,0,1,1,0,6,4,5,2.7073569496460137
360,3.03,14,29,60.8,0.16713,14,0,0,0,1,1,0,1,2,3,3.905610975460198
361,3.05,20,62,83.5,0.167047,20,0,0,0,1,1,0,5,2,3,3.0965443806093247
362,3.07,47,156,205.7,0.166963,47,0,0,0,1,1,0,8,4,7,2.445330066019527
363,3.07,3,8,6.1,0.16688,3,0,0,0,1,1,0,3,1,1,5.208855057119987
364,3.08,10,23,41.7,0.166796,10,0,0,0,1,1,0,1,1,0,3.0083741738066605
365,3.09,28,102,117.6,0.166713,28,0,0,0,1,1,0,7,1,2,2.346366370109841
366,3.1,9,24,36.5,0.166629,9,0,0,0,1,1,0,1,1,1,2.9977901545179333
367,3.12,48,145,210.2,0.166546,48,0,0,0,1,1,0,10,3,3,2.8266129337570027
368,3.12,9,25,36.4,0.166463,9,0,0,0,1,1,0,1,1,1,3.005360928599747
369,3.13,2,5,9.4,0.16638,3,0,0,0,1,1,0,0,1,1,9.275190950138327
370,3.14,22,120,86.5,0.166296,22,0,0,0,1,1,0,6,3,5,2.1572840280987275
371,3.16,24,84,100.3,0.166213,24,0,0,0,1,1,0,6,1,3,2.888198059606099
372,3.16,2,10,3.9,0.16613,2,0,0,0,1,1,0,0,1,1,5.735622420906171
373,3.17,11,78,34.1,0.166047,11,0,0,0,1,1,0,8,2,1,2.6896691866038056
374,3.2,37,134,159.2,0.165964,37,0,0,0,1,1,0,7,5,4,2.6221726239776584
375,3.22,43,128,186.5,0.165881,43,0,0,0,1,1,0,10,1,7,2.886664196752025
376,3.23,21,60,95.3,0.165798,22,0,0,0,1,1,0,3,2,7,3.5597877963926146
377,3.23,0,7,-6.7,0.165715,0,0,0,0,1,1,0,1,1,0,3.358538535348752
378,3.24,29,87,125.7,0.165632,29,0,0,0,1,1,0,5,4,6,2.6309495294259913
379,3.25,23,63,97.6,0.165549,23,0,0,0,1,1,0,6,3,1,3.2794995017280066
380,3.26,0,14,-8.6,0.165467,0,0,0,0,1,1,0,2,1,2,1.1552300697927955
381,3.26,6,15,21.4,0.165384,6,0,0,0,1,1,0,2,1,1,4.022157922023094
382,3.28,34,97,150.4,0.165301,34,0,0,0,1,1,0,4,1,9,2.8463108953878886
383,3.29,49,116,219.8,0.165219,49,0,0,0,1,1,0,8,5,6,2.81923933659234
384,3.31,33,86,146.5,0.165136,33,0,0,0,1,1,0,4,2,9,3.093947871947115
385,3.32,27,85,115.4,0.165053,27,0,0,0,1,1,0,6,2,1,3.256625669092862
386,3.33,13,39,54.9,0.164971,13,0,0,0,1,1,0,1,2,2,2.7620105680279456
387,3.34,7,28,24.9,0.164888,7,0,0,0,1,1,0,2,1,3,3.4619830900452686
388,3.34,19,46,78.1,0.164806,19,0,0,0,1,1,0,7,1,3,3.3639088477636485
389,3.36,40,121,180.6,0.164724,40,0,0,0,1,1,0,2,3,3,2.858750114539082
390,3.37,14,36,58.4,0.164641,14,0,0,0,1,1,0,3,2,0,3.1762299396450495
391,3.39,49,144,230.9,0.164559,51,0,0,0,0,0,1,9,2,6,2.942179525734758
392,3.4,17,33,75.6,0.164477,17,0,0,0,1,1,0,1,1,1,3.138805460286763
393,3.4,6,17,27.2,0.164394,7,0,0,0,1,1,0,1,1,1,5.058410080597148
394,3.42,18,83,72.5,0.164312,18,0,0,0,1,1,0,4,1,2,2.6263777188957804
395,3.42,2,18,3.1,0.16423,2,0,0,0,1,1,0,0,1,1,3.3879445875121577
396,3.43,21,52,93.6,0.164148,21,0,0,0,1,1,0,1,1,2,2.3283728957948777
397,3.44,20,62,82.2,0.164066,20,0,0,0,1,1,0,6,3,6,2.948514671912199
398,3.46,44,136,194.1,0.163984,44,0,0,0,1,1,0,7,2,3,2.767266214852814
399,3.47,27,79,114.7,0.163902,27,0,0,0,1,1,0,7,3,4,3.2575435663515333
400,3.48,24,53,106.6,0.16382,24,0,0,0,1,1,0,3,1,1,2.145638967402442
401,3.5,37,103,165.5,0.163738,37,0,0,0,1,1,0,4,1,2,3.3433194914828874
402,3.5,3,15,8.4,0.163656,3,0,0,0,1,1,0,0,1,1,3.5487062666613247
403,3.53,49,169,225.8,0.163574,51,0,0,0,0,0,1,12,3,2,2.695108855739297
404,3.54,11,23,47.7,0.163492,11,0,0,0,1,1,0,0,1,0,2.7196675993342616
405,3.55,28,110,119.1,0.163411,28,0,0,0,1,1,0,4,2,9,2.72918098518377
406,3.57,41,119,179.6,0.163329,41,0,0,0,1,1,0,8,4,5,3.137663679735246
407,3.58,4,7,14.3,0.163247,4,0,0,0,1,1,0,0,1,0,4.970412265344275
408,3.58,1,5,3.5,0.163166,2,0,0,0,1,1,0,1,1,0,7.79729398551706
409,3.6,49,157,235.0,0.163084,51,0,0,0,0,0,1,4,2,2,2.8411830351638216
410,3.62,46,127,206.0,0.163003,46,0,0,0,1,1,0,6,4,3,2.5421839333560348
411,3.65,49,163,211.2,0.162921,49,0,0,0,1,1,0,12,3,5,2.050743304385076
412,3.65,6,20,20.8,0.16284,6,0,0,0,1,1,0,2,1,2,3.7798898825260734
413,3.67,38,108,168.6,0.162758,38,0,0,0,1,1,0,5,5,6,3.0447884992280856
414,3.68,35,99,156.9,0.162677,35,0,0,0,1,1,0,3,2,2,2.671651238736558
415,3.71,49,174,227.4,0.162596,51,0,0,0,0,0,1,9,2,11,2.670802280190398
416,3.72,8,25,29.5,0.162514,8,0,0,0,1,1,0,3,1,0,3.3087371277634325
417,3.73,28,81,127.8,0.162433,29,0,0,0,1,1,0,4,2,1,3.2702203487924697
418,3.75,38,105,169.9,0.162352,38,0,0,0,1,1,0,4,3,6,3.057282678563148
419,3.77,38,155,158.1,0.162271,38,0,0,0,1,1,0,11,1,4,2.2195136986636896
420,3.77,1,20,-7.0,0.162189,1,0,0,0,1,1,0,5,1,0,2.9147909256259754
421,3.78,19,46,84.4,0.162108,19,0,0,0,1,1,0,1,3,0,2.769715094931298
422,3.8,30,78,136.0,0.162027,30,0,0,0,1,1,0,1,2,2,2.843260310789935
423,3.82,43,123,191.5,0.161946,43,0,0,0,1,1,0,6,3,2,2.3203963015609563
424,3.83,23,56,101.2,0.161865,23,0,0,0,1,1,0,3,1,2,3.2257698629995786
425,3.83,3,12,12.8,0.161784,4,0,0,0,1,1,0,1,1,0,4.443654012327834
426,3.83,7,23,31.5,0.161703,8,0,0,0,1,1,0,1,1,2,4.05465358521717
427,3.85,48,144,212.8,0.161623,48,0,0,0,1,1,0,7,1,8,2.8004374578251783
428,3.86,0,26,-11.6,0.161542,0,0,0,0,1,1,0,4,1,0,0.5832842814244791
429,3.87,18,46,77.3,0.161461,18,0,0,0,1,1,0,3,2,1,2.7365867527850556
430,3.87,0,5,-5.5,0.16138,0,0,0,0,1,1,0,0,1,0,7.582740506932891
431,3.89,43,136,187.8,0.1613,43,0,0,0,1,1,0,8,3,6,2.2683554725512116
432,3.9,5,25,13.5,0.161219,5,0,0,0,1,1,0,4,1,0,4.649594938950599
433,3.91,28,83,124.5,0.161138,28,0,0,0,1,1,0,2,3,2,2.710718091063872
434,3.94,46,165,202.9,0.161058,46,0,0,0,1,1,0,5,3,6,1.882766187077329
435,3.96,49,155,236.2,0.160977,51,0,0,0,0,0,1,3,1,2,2.8981692700202157
436,3.97,23,57,102.3,0.160897,23,0,0,0,1,1,0,2,1,0,2.23718807708316
437,3.97,6,16,22.4,0.160816,6,0,0,0,1,1,0,1,1,0,3.5305867638931434
438,4.0,49,204,228.1,0.160736,51,0,0,0,0,0,1,5,2,14,2.4126008073174026
439,4.02,35,140,150.2,0.160656,35,0,0,0,1,1,0,5,2,8,1.9237430909791442
440,4.03,23,57,100.2,0.160575,23,0,0,0,1,1,0,4,1,1,2.8728139224654683
441,4.06,34,143,144.6,0.160495,34,0,0,0,1,1,0,6,3,1,1.5925971227163909
442,4.06,10,21,39.7,0.160415,10,0,0,0,1,1,0,3,1,2,3.021325264595924
443,4.08,36,91,161.7,0.160334,36,0,0,0,1,1,0,4,2,2,2.6046879967532854
444,4.1,39,109,171.0,0.160254,39,0,0,0,1,1,0,8,1,1,2.2181451490786945
445,4.1,9,19,42.0,0.160174,10,0,0,0,1,1,0,1,1,1,3.847196343101181
446,4.1,5,16,14.4,0.160094,5,0,0,0,1,1,0,4,1,0,3.815690474979258
447,4.12,38,94,172.4,0.160014,38,0,0,0,1,1,0,3,1,2,2.5839004814297697
448,4.12,3,15,10.5,0.159934,4,0,0,0,1,1,0,3,1,0,4.173696416369224
449,4.14,28,90,117.6,0.159854,28,0,0,0,1,1,0,8,3,4,2.7992314922248096
450,4.15,37,109,159.9,0.159774,37,0,0,0,1,1,0,9,2,2,2.7667959564984095
451,4.16,10,40,37.7,0.159694,10,0,0,0,1,1,0,3,2,3,3.282164227088026
452,4.17,13,27,56.0,0.159614,13,0,0,0,1,1,0,1,1,3,3.123036760666321
453,4.17,17,46,72.3,0.159535,17,0,0,0,1,1,0,3,1,1,2.773224847012717
454,4.18,8,18,32.0,0.159455,8,0,0,0,1,1,0,1,1,2,4.035320117617139
455,4.18,10,24,41.6,0.159375,10,0,0,0,1,1,0,1,1,0,3.621162532908425
456,4.21,45,179,187.5,0.159295,45,0,0,0,1,1,0,14,4,6,2.305386601507439
457,4.22,19,57,82.2,0.159216,19,0,0,0,1,1,0,2,4,1,2.729710740469201
458,4.23,22,47,100.2,0.159136,22,0,0,0,1,1,0,0,2,1,2.29713984381413
459,4.23,9,31,33.8,0.159057,9,0,0,0,1,1,0,3,1,1,2.1462399815909485
460,4.24,12,33,54.6,0.158977,13,0,0,0,1,1,0,2,1,1,3.16850332027789
461,4.25,25,66,108.2,0.158898,25,0,0,0,1,1,0,5,1,2,2.8243412731855773
462,4.28,46,174,196.6,0.158818,46,0,0,0,1,1,0,10,3,10,2.654347253252898
463,4.3,33,110,142.5,0.158739,33,0,0,0,1,1,0,6,3,5,3.242039607081152
464,4.32,35,104,154.4,0.158659,35,0,0,0,1,1,0,5,3,2,2.4287748952742905
465,4.32,5,15,13.5,0.15858,5,0,0,0,1,1,0,5,1,0,4.235446006486594
466,4.33,30,88,128.7,0.158501,30,0,0,0,1,1,0,7,3,5,2.5420402780359397
467,4.34,7,22,27.7,0.158421,7,0,0,0,1,1,0,0,1,1,3.309733257906491
468,4.36,41,134,174.6,0.158342,41,0,0,0,1,1,0,11,4,10,2.3225687785120566
469,4.38,49,143,235.1,0.158263,51,0,0,0,0,0,1,5,2,5,2.7194580236238206
470,4.39,23,69,95.9,0.158184,23,0,0,0,1,1,0,7,1,2,2.7015056355067366
471,4.42,44,137,191.2,0.158105,44,0,0,0,1,1,0,10,5,1,2.6206432700729163
472,4.43,40,112,181.5,0.158026,40,0,0,0,1,1,0,2,1,3,2.6595948961191027
473,4.46,49,141,239.5,0.157947,51,0,0,0,0,0,1,1,4,3,2.387577407835159
474,4.47,40,98,181.0,0.157868,40,0,0,0,1,1,0,4,3,2,2.7338743788503126
475,4.48,10,24,41.6,0.157789,10,0,0,0,1,1,0,1,1,0,2.6749575316914083
476,4.49,42,114,187.5,0.15771,42,0,0,0,1,1,0,6,3,1,2.8939366629357077
477,4.52,48,159,208.8,0.157631,48,0,0,0,1,1,0,10,3,3,2.470129309275822
478,4.52,8,30,31.8,0.157552,8,0,0,0,1,1,0,0,2,2,4.336601658970739
479,4.54,26,70,116.6,0.157474,26,0,0,0,1,1,0,1,1,4,2.8112367550409427
480,4.54,6,21,22.8,0.157395,6,0,0,0,1,1,0,0,1,1,3.8830146179239655
481,4.55,17,36,75.4,0.157316,17,0,0,0,1,1,0,1,1,0,2.639264988489494
482,4.56,20,49,87.9,0.157237,20,0,0,0,1,1,0,2,1,2,2.731809399135602
483,4.57,24,57,107.0,0.157159,24,0,0,0,1,1,0,2,1,3,2.1208671136478476
484,4.58,33,92,146.3,0.15708,33,0,0,0,1,1,0,4,3,5,2.8079271023679366
485,4.59,15,40,64.8,0.157002,15,0,0,0,1,1,0,1,1,2,2.9069082601547933
486,4.61,42,137,182.7,0.156923,42,0,0,0,1,1,0,8,4,6,2.8404619046382016
487,4.62,8,19,28.0,0.156845,8,0,0,0,1,1,0,5,1,1,3.5362876399474863
488,4.63,28,81,123.9,0.156766,28,0,0,0,1,1,0,3,2,0,2.79958586066161
489,4.63,8,30,28.0,0.156688,8,0,0,0,1,1,0,4,1,0,3.5400378662099237
490,4.66,47,182,195.0,0.15661,47,0,0,0,1,1,0,16,5,8,2.095337646272061
491,4.68,43,135,194.3,0.156531,43,0,0,0,1,1,0,2,3,2,2.1888660639830935
492,4.69,4,10,13.0,0.156453,4,0,0,0,1,1,0,1,1,0,4.078259377181139
493,4.7,28,81,122.6,0.156375,28,0,0,0,1,1,0,4,1,3,2.341134407658486
494,4.71,23,54,98.5,0.156297,23,0,0,0,1,1,0,6,2,1,2.9819423050785696
495,4.73,48,154,210.2,0.156218,48,0,0,0,1,1,0,9,3,4,2.5653303784131722
496,4.76,49,169,214.4,0.15614,49,0,0,0,1,1,0,8,3,7,2.450431386112395
497,4.76,4,11,12.9,0.156062,4,0,0,0,1,1,0,1,1,0,4.490664280884288
498,4.76,4,11,13.9,0.155984,4,0,0,0,1,1,0,0,1,0,5.935214557929599
499,4.79,49,191,214.3,0.155906,49,0,0,0,1,1,0,6,5,6,2.293562550335371
500,4.81,17,73,63.2,0.155828,17,0,0,0,1,1,0,9,2,5,2.3319682196361544
501,4.81,15,37,58.2,0.15575,15,0,0,0,1,1,0,8,1,1,2.5484971772817815
502,4.83,29,81,127.7,0.155673,29,0,0,0,1,1,0,4,2,2,2.5450289063588594
503,4.84,41,111,183.8,0.155595,41,0,0,0,1,1,0,5,1,1,2.4856471984129103
504,4.86,38,95,169.3,0.155517,38,0,0,0,1,1,0,6,2,2,2.832760992897039
505,4.88,24,95,97.2,0.155439,24,0,0,0,1,1,0,8,2,3,2.7710775473230598
506,4.88,12,30,51.9,0.155361,12,0,0,0,1,1,0,0,1,1,2.7165331025403305
507,4.9,39,95,175.3,0.155284,39,0,0,0,1,1,0,5,1,2,2.287205208546295
508,4.92,46,144,204.2,0.155206,46,0,0,0,1,1,0,6,5,4,2.51934563626458
509,4.93,15,40,61.9,0.155129,15,0,0,0,1,1,0,4,2,1,2.7228461552128564
510,4.95,50,149,222.6,0.155051,50,0,0,0,1,1,0,7,3,5,2.730992839203438
511,4.95,1,6,-1.6,0.154973,1,0,0,0,1,1,0,1,1,0,6.026294768746858
512,4.96,26,76,110.2,0.154896,26,0,0,0,1,1,0,7,1,2,3.3099648274830495
513,4.97,13,30,51.9,0.154818,13,0,0,0,1,1,0,5,1,1,3.147646250144589
514,4.99,49,139,217.7,0.154741,49,0,0,0,1,1,0,8,4,4,2.5531417592637013
515,5.01,36,116,158.9,0.154664,36,0,0,0,1,1,0,4,2,5,2.090821247042293
516,5.01,7,22,31.6,0.154586,8,0,0,0,1,1,0,1,1,2,3.1121071991866502
517,5.03,22,84,90.4,0.154509,22,0,0,0,1,1,0,6,2,2,1.9627730885151318
518,5.03,5,19,13.9,0.154432,5,0,0,0,1,1,0,4,1,2,3.9459087302108875
519,5.06,49,150,231.7,0.154355,51,0,0,0,0,0,1,8,4,2,2.9720099244692872
520,5.08,49,165,231.0,0.154277,51,0,0,0,0,0,1,7,4,4,2.5551991583117872
521,5.09,1,43,-9.5,0.1542,1,0,0,0,1,1,0,5,1,2,2.6457586273045846
522,5.1,35,79,160.8,0.154123,35,0,0,0,1,1,0,1,2,3,2.649554257455599
523,5.11,17,32,76.7,0.154046,17,0,0,0,1,1,0,0,1,1,3.7425261227017796
524,5.12,38,102,171.3,0.153969,38,0,0,0,1,1,0,3,5,5,2.257032775306898
525,5.13,4,11,10.9,0.153892,4,0,0,0,1,1,0,3,1,0,4.839431866659286
526,5.14,37,86,166.3,0.153815,37,0,0,0,1,1,0,5,2,1,2.69821849649027
527,5.16,45,129,200.8,0.153738,45,0,0,0,1,1,0,6,2,3,2.162431972659248
528,5.16,2,5,1.5,0.153661,2,0,0,0,1,1,0,3,1,0,9.41038450827959
529,5.2,49,217,205.3,0.153585,49,0,0,0,1,1,0,12,4,10,1.9616923138356406
530,5.2,5,23,14.5,0.153508,5,0,0,0,1,1,0,3,1,2,4.003855851365372
531,5.21,38,86,172.2,0.153431,38,0,0,0,1,1,0,4,1,2,2.1492620579781145
532,5.22,18,48,85.0,0.153354,19,0,0,0,1,1,0,0,1,2,2.740019843688925
533,5.25,49,208,227.0,0.153278,51,0,0,0,0,0,1,7,3,1,2.7706799229927217
534,5.26,7,59,18.6,0.153201,7,0,0,0,1,1,0,5,1,5,2.305182736116359
535,5.28,35,97,154.2,0.153124,35,0,0,0,1,1,0,6,3,1,2.4394809301331626
536,5.31,49,178,207.4,0.153048,49,0,0,0,1,1,0,14,3,8,2.1960761110613163
537,5.32,21,54,92.6,0.152971,21,0,0,0,1,1,0,2,1,0,2.4214633525253455
538,5.33,24,61,103.6,0.152895,24,0,0,0,1,1,0,5,2,3,2.5433412786923015
539,5.33,9,42,33.5,0.152818,9,0,0,0,1,1,0,2,2,3,3.2541416227448923
540,5.35,24,78,102.0,0.152742,24,0,0,0,1,1,0,5,3,2,2.6564512182066453
541,5.36,38,101,166.7,0.152666,38,0,0,0,1,1,0,8,2,2,2.721423628946809
542,5.37,22,45,104.5,0.152589,23,0,0,0,1,1,0,1,1,0,2.2628729990340752
543,5.38,8,19,31.1,0.152513,8,0,0,0,1,1,0,2,1,0,3.209121189558148
544,5.4,49,150,228.3,0.152437,51,0,0,0,0,0,1,11,1,6,2.8104588584093566
545,5.41,31,70,139.0,0.15236,31,0,0,0,1,1,0,4,2,0,2.535129973451185
546,5.42,30,78,136.6,0.152284,30,0,0,0,1,1,0,0,1,6,3.115157125699052
547,5.43,8,16,32.3,0.152208,8,0,0,0,1,1,0,1,1,1,4.277931144144328
548,5.44,35,78,155.2,0.152132,35,0,0,0,1,1,0,7,3,0,2.7709965229327427
549,5.45,33,90,145.4,0.152056,33,0,0,0,1,1,0,5,1,6,3.0788435743213345
550,5.46,5,9,19.1,0.15198,5,0,0,0,1,1,0,0,1,0,4.109720377608031
551,5.46,5,14,18.5,0.151904,5,0,0,0,1,1,0,0,1,1,4.335502947837846
552,5.47,18,57,72.3,0.151828,18,0,0,0,1,1,0,7,3,0,2.781877430631545
553,5.49,49,146,234.1,0.151752,51,0,0,0,0,0,1,6,1,2,2.645936224094365
554,5.5,8,26,30.3,0.151676,8,0,0,0,1,1,0,2,1,1,3.1757958043887102
555,5.5,4,10,14.0,0.1516,4,0,0,0,1,1,0,0,1,0,2.7339178330653318
556,5.51,33,76,149.2,0.151525,33,0,0,0,1,1,0,3,1,2,2.3706458781881437
557,5.53,48,129,217.0,0.151449,48,0,0,0,1,1,0,5,2,1,1.9848128204939206
558,5.56,49,170,228.6,0.151373,51,0,0,0,0,0,1,9,3,3,2.3845606038066665
559,5.56,13,25,55.5,0.151297,13,0,0,0,1,1,0,2,1,0,3.0268245261727276
560,5.59,49,147,234.9,0.151222,51,0,0,0,0,0,1,5,0,3,2.799973254531489
561,5.6,31,89,136.6,0.151146,31,0,0,0,1,1,0,4,1,5,2.183176437798294
562,5.62,33,91,146.5,0.151071,33,0,0,0,1,1,0,4,1,4,2.497559114877064
563,5.64,49,183,213.3,0.150995,49,0,0,0,1,1,0,8,5,4,2.060857163076368
564,5.65,5,26,13.3,0.15092,5,0,0,0,1,1,0,4,1,1,3.485329341725672
565,5.66,36,79,164.9,0.150844,36,0,0,0,1,1,0,2,1,2,2.5974698855138088
566,5.69,49,154,237.2,0.150769,51,0,0,0,0,0,1,2,2,3,2.7414315882836786
567,5.7,23,51,102.9,0.150693,23,0,0,0,1,1,0,2,1,0,2.4184993588965122
568,5.72,47,139,208.5,0.150618,47,0,0,0,1,1,0,7,1,6,2.4451266715587816
569,5.74,42,132,188.4,0.150543,42,0,0,0,1,1,0,3,3,4,2.3576295893281216
570,5.75,35,93,152.7,0.150467,35,0,0,0,1,1,0,8,2,0,2.626725868090464
571,5.77,36,91,165.7,0.150392,36,0,0,0,1,1,0,0,1,2,2.497011620614341
572,5.77,9,30,34.9,0.150317,9,0,0,0,1,1,0,2,1,1,3.3028261563205574
573,5.8,48,171,205.1,0.150242,48,0,0,0,1,1,0,12,2,8,1.8809248300277706
574,5.82,37,100,164.5,0.150167,37,0,0,0,1,1,0,5,3,5,2.4505773758877236
575,5.84,47,159,202.6,0.150092,47,0,0,0,1,1,0,11,2,5,2.0857350262300027
576,5.85,21,61,89.7,0.150017,21,0,0,0,1,1,0,4,3,2,2.3025037271490882
577,5.86,14,32,58.7,0.149942,14,0,0,0,1,1,0,3,1,1,3.7793921619765114
578,5.88,46,155,205.7,0.149867,46,0,0,0,1,1,0,3,3,8,2.3209573075777135
579,5.89,10,51,33.7,0.149792,10,0,0,0,1,1,0,6,2,2,2.348647938273905
580,5.89,4,9,14.1,0.149717,4,0,0,0,1,1,0,0,1,0,5.215585506181345
581,5.89,0,16,-10.6,0.149642,0,0,0,0,1,1,0,4,1,0,3.8847788763126907
582,5.92,37,132,162.8,0.149567,37,0,0,0,1,1,0,4,2,0,2.004100922813162
583,5.94,49,152,235.5,0.149492,51,0,0,0,0,0,1,4,1,2,2.442963287611642
584,5.95,14,40,56.8,0.149418,14,0,0,0,1,1,0,4,1,2,3.3758996007747357
585,5.97,38,115,167.2,0.149343,38,0,0,0,1,1,0,6,4,3,2.8698759634449527
586,5.97,6,17,19.3,0.149268,6,0,0,0,1,1,0,4,2,0,4.176605544522751
587,5.98,34,78,154.0,0.149193,34,0,0,0,1,1,0,3,1,2,2.6516403401864213
588,5.99,14,42,63.7,0.149119,15,0,0,0,1,1,0,2,1,1,3.7546397484759875
589,6.01,38,110,170.6,0.149044,38,0,0,0,1,1,0,3,1,4,2.2087121028684757
590,6.03,49,150,237.7,0.14897,51,0,0,0,0,0,1,2,1,2,2.4582673646652546
591,6.05,43,126,190.2,0.148895,43,0,0,0,1,1,0,7,2,2,2.463385414025915
592,6.07,40,130,174.7,0.148821,40,0,0,0,1,1,0,7,3,3,2.4261023547652596
593,6.08,17,64,71.2,0.148746,17,0,0,0,1,1,0,2,1,4,2.7331876928850694
594,6.11,49,140,236.4,0.148672,51,0,0,0,0,0,1,4,2,5,2.4094138976367887
595,6.13,42,171,181.5,0.148598,42,0,0,0,1,1,0,6,3,4,1.7711127115002923
596,6.14,25,74,110.4,0.148523,25,0,0,0,1,1,0,2,3,2,2.283977088224514
597,6.15,23,56,99.2,0.148449,23,0,0,0,1,1,0,5,1,2,2.8609724800736
598,6.18,49,145,236.3,0.148375,51,0,0,0,0,0,1,4,3,1,2.278249873669085
599,6.19,34,77,153.0,0.148301,34,0,0,0,1,1,0,4,2,3,2.9896188070464786
600,6.21,43,145,188.3,0.148227,43,0,0,0,1,1,0,6,3,12,2.3347010804495603
601,6.21,1,13,-4.3,0.148153,1,0,0,0,1,1,0,3,1,0,4.560859389290055
602,6.24,49,187,231.6,0.148078,51,0,0,0,0,0,1,4,2,6,2.4286110703230412
603,6.25,18,44,82.5,0.148004,19,0,0,0,1,1,0,3,1,1,3.2928228498023113
604,6.25,8,20,29.0,0.14793,8,0,0,0,1,1,0,4,1,0,3.585850163297246
605,6.28,46,157,203.9,0.147856,46,0,0,0,1,1,0,5,2,4,2.1341567202305596
606,6.3,49,132,222.6,0.147783,49,0,0,0,1,1,0,4,4,2,2.2826205102432113
607,6.33,49,163,232.0,0.147709,51,0,0,0,0,0,1,6,0,6,2.3194644904444575
608,6.34,40,95,182.3,0.147635,40,0,0,0,1,1,0,3,4,2,2.744056556624462
609,6.36,42,120,185.8,0.147561,42,0,0,0,1,1,0,7,4,2,2.325769534471054
610,6.38,35,98,154.8,0.147487,35,0,0,0,1,1,0,5,3,4,2.238065236533246
611,6.4,42,118,188.8,0.147413,42,0,0,0,1,1,0,4,3,4,2.32923004415331
612,6.42,49,166,232.0,0.14734,51,0,0,0,0,0,1,6,5,3,2.2974275566340463
613,6.42,3,11,7.8,0.147266,3,0,0,0,1,1,0,1,1,1,4.147845347090959
614,6.44,34,87,149.9,0.147192,34,0,0,0,1,1,0,6,2,4,2.4200132553891662
615,6.45,30,86,138.1,0.147119,31,0,0,0,1,1,0,3,2,3,2.4078707710100717
616,6.47,32,83,142.6,0.147045,32,0,0,0,1,1,0,4,1,1,2.458243288182117
617,6.49,49,160,234.4,0.146972,51,0,0,0,0,0,1,4,5,5,2.549024364862479
618,6.52,49,174,228.9,0.146898,51,0,0,0,0,0,1,8,3,6,2.4293447343310803
619,6.54,39,110,173.7,0.146825,39,0,0,0,1,1,0,5,5,3,2.799071394033462
620,6.57,49,162,234.1,0.146751,51,0,0,0,0,0,1,4,1,6,2.652197123220947
621,6.58,38,92,171.4,0.146678,38,0,0,0,1,1,0,4,3,4,2.25307461094405
622,6.6,44,108,201.0,0.146605,44,0,0,0,1,1,0,3,2,2,2.2950305475459563
623,6.62,47,135,212.8,0.146531,47,0,0,0,1,1,0,3,3,7,2.2413341680516554
624,6.63,18,49,75.0,0.146458,18,0,0,0,1,1,0,5,1,1,3.0680858863429425
625,6.65,49,164,217.9,0.146385,49,0,0,0,1,1,0,5,4,7,2.004088517390562
626,6.68,49,138,236.7,0.146312,51,0,0,0,0,0,1,4,0,4,2.1512343868119226
627,6.7,49,138,238.8,0.146239,51,0,0,0,0,0,1,2,1,3,2.585159088059421
628,6.71,27,72,121.7,0.146165,27,0,0,0,1,1,0,1,2,1,2.2059529213174716
629,6.73,49,159,219.3,0.146092,49,0,0,0,1,1,0,4,3,8,2.2971640392109713
630,6.77,45,134,200.1,0.146019,45,0,0,0,1,1,0,6,4,5,2.623437845075543
631,6.78,1,33,-9.4,0.145946,1,0,0,0,1,1,0,6,1,1,2.6976981582809487
632,6.78,15,38,65.1,0.145873,15,0,0,0,1,1,0,1,1,1,2.4040163974904347
633,6.81,49,162,230.3,0.1458,51,0,0,0,0,0,1,8,1,4,2.7379692806600775
634,6.82,28,78,121.7,0.145727,28,0,0,0,1,1,0,5,2,5,2.014379546006702
635,6.82,4,9,12.1,0.145655,4,0,0,0,1,1,0,2,1,0,5.558800117735397
636,6.85,49,167,229.6,0.145582,51,0,0,0,0,0,1,8,2,6,1.8634319779506372
637,6.87,38,101,174.8,0.145509,38,0,0,0,1,1,0,0,4,1,2.2813360697009286
638,6.88,30,86,131.1,0.145436,30,0,0,0,1,1,0,5,2,3,2.4187969911066447
639,6.91,47,175,201.2,0.145364,47,0,0,0,1,1,0,11,4,3,2.423882711946143
640,6.91,13,31,58.8,0.145291,14,0,0,0,1,1,0,3,2,1,2.775192432755848
641,6.91,3,10,5.9,0.145218,3,0,0,0,1,1,0,3,1,1,5.114144170487541
642,6.92,20,54,93.4,0.145146,21,0,0,0,1,1,0,1,1,2,2.703989278070389
643,6.94,34,96,152.2,0.145073,34,0,0,0,1,1,0,3,3,2,2.571145804026752
644,6.96,48,167,203.9,0.145,48,0,0,0,1,1,0,14,3,4,2.656691038635079
645,6.97,14,43,57.7,0.144928,14,0,0,0,1,1,0,3,1,0,2.056395814170315
646,6.98,21,56,91.3,0.144856,21,0,0,0,1,1,0,3,1,1,2.7044740418126105
647,6.99,11,30,46.9,0.144783,11,0,0,0,1,1,0,0,1,1,2.834485809492379
648,7.0,45,103,202.5,0.144711,45,0,0,0,1,1,0,7,2,2,2.568373172211638
649,7.01,19,51,79.5,0.144638,19,0,0,0,1,1,0,5,2,4,2.5431191248024168
650,7.03,42,119,188.9,0.144566,42,0,0,0,1,1,0,4,3,2,2.112180321724574
651,7.05,28,74,126.2,0.144494,28,0,0,0,1,1,0,1,3,4,1.9607591620491496
652,7.06,47,125,214.2,0.144421,47,0,0,0,1,1,0,3,1,3,2.2489696825870604
653,7.09,47,167,206.0,0.144349,47,0,0,0,1,1,0,7,2,3,2.279135865380091
654,7.1,31,79,137.1,0.144277,31,0,0,0,1,1,0,5,4,0,2.184659461175077
655,7.11,1,5,-3.5,0.144205,1,0,0,0,1,1,0,3,1,0,7.496238033938684
656,7.13,47,145,209.7,0.144133,47,0,0,0,1,1,0,5,5,8,2.2640217955996937
657,7.14,36,94,160.5,0.144061,36,0,0,0,1,1,0,5,3,1,2.2434715351813637
658,7.16,32,87,141.9,0.143989,32,0,0,0,1,1,0,4,2,4,2.210117828552358
659,7.16,14,34,60.6,0.143917,14,0,0,0,1,1,0,1,1,0,2.5663195360220485
660,7.17,7,17,28.3,0.143845,7,0,0,0,1,1,0,0,1,0,2.4447523487419387
661,7.19,48,153,211.3,0.143773,48,0,0,0,1,1,0,8,3,4,2.0732475309418725
662,7.2,26,74,111.4,0.143701,26,0,0,0,1,1,0,6,1,2,1.9461405538515362
663,7.23,42,155,176.2,0.143629,42,0,0,0,1,1,0,13,4,3,2.1936754257016937
664,7.24,20,58,84.2,0.143557,20,0,0,0,1,1,0,5,2,0,2.0704376712473778
665,7.26,49,130,237.5,0.143486,51,0,0,0,0,0,1,4,1,4,2.1087868453435514
666,7.27,29,83,129.5,0.143414,29,0,0,0,1,1,0,2,3,2,2.4512868774875587
667,7.28,18,45,76.4,0.143342,18,0,0,0,1,1,0,4,1,1,2.587315737811947
668,7.28,7,18,25.1,0.14327,7,0,0,0,1,1,0,3,1,1,3.4005949037684675
669,7.31,43,159,184.7,0.143199,43,0,0,0,1,1,0,9,3,4,2.4835137522621484
670,7.32,15,35,64.3,0.143127,15,0,0,0,1,1,0,2,1,2,3.4364241721873183
671,7.32,2,6,2.3,0.143056,2,0,0,0,1,1,0,2,1,1,10.31752295210591
672,7.33,31,81,139.5,0.142984,31,0,0,0,1,1,0,2,4,4,2.640160333821335
673,7.34,22,57,96.2,0.142913,22,0,0,0,1,1,0,3,1,1,2.581109684768446
674,7.35,29,66,137.2,0.142841,30,0,0,0,1,1,0,1,1,2,2.192332017710397
675,7.35,4,19,10.1,0.14277,4,0,0,0,1,1,0,3,1,0,2.804751781258952
676,7.36,2,21,0.9,0.142698,2,0,0,0,1,1,0,2,1,0,5.171925085056134
677,7.38,50,148,221.5,0.142627,50,0,0,0,1,1,0,8,3,7,2.3730355305578827
678,7.41,48,217,201.4,0.142556,48,0,0,0,1,1,0,11,3,9,1.8122680182520705
679,7.42,15,37,63.3,0.142484,15,0,0,0,1,1,0,3,1,0,2.3219298705547584
680,7.43,39,95,178.2,0.142413,39,0,0,0,1,1,0,2,2,3,2.252312442315509
681,7.46,43,159,193.5,0.142342,44,0,0,0,1,1,0,5,3,6,2.408796890169242
682,7.47,19,54,86.5,0.142271,20,0,0,0,1,1,0,3,2,1,2.360386340805929
683,7.48,27,61,123.7,0.1422,27,0,0,0,1,1,0,0,1,2,2.521658926685819
684,7.5,47,137,210.7,0.142129,47,0,0,0,1,1,0,5,2,6,2.4091034913419893
685,7.51,28,89,119.8,0.142057,28,0,0,0,1,1,0,6,1,3,1.9798848581180428
686,7.52,12,23,56.7,0.141986,13,0,0,0,1,1,0,1,1,0,3.2489675805062492
687,7.53,40,96,183.1,0.141915,40,0,0,0,1,1,0,2,3,3,2.245437753163695
688,7.54,12,28,50.2,0.141845,12,0,0,0,1,1,0,2,1,0,3.3224173002145876
689,7.55,23,69,102.0,0.141774,23,0,0,0,1,1,0,1,1,1,2.5444605157698224
690,7.57,35,97,159.1,0.141703,35,0,0,0,1,1,0,1,2,2,2.4095558176094594
691,7.59,49,157,233.7,0.141632,51,0,0,0,0,0,1,5,2,5,2.3323590371352
692,7.6,18,81,79.7,0.141561,19,0,0,0,1,1,0,2,1,2,2.2521231139402684
693,7.62,34,83,155.4,0.14149,34,0,0,0,1,1,0,1,2,3,2.7130833480130128
694,7.62,7,17,27.2,0.14142,7,0,0,0,1,1,0,1,1,1,2.80715005150124
695,7.63,18,37,81.1,0.141349,18,0,0,0,1,1,0,0,1,2,2.516290250403628
696,7.63,9,29,34.1,0.141278,9,0,0,0,1,1,0,3,1,0,2.7581479857531987
697,7.64,18,48,76.0,0.141207,18,0,0,0,1,1,0,4,1,2,2.6511470290963732
698,7.65,15,35,64.5,0.141137,15,0,0,0,1,1,0,2,1,0,3.682446088719491
699,7.66,15,49,61.7,0.141066,15,0,0,0,1,1,0,3,1,4,1.6828413142420307
700,7.68,46,149,198.5,0.140996,46,0,0,0,1,1,0,11,3,6,2.256072596629693
701,7.69,32,82,143.7,0.140925,32,0,0,0,1,1,0,3,3,1,2.7709022401176586
702,7.72,49,146,239.0,0.140855,51,0,0,0,0,0,1,1,5,3,2.4782887548554764
703,7.73,38,98,172.1,0.140784,38,0,0,0,1,1,0,3,4,1,2.5218039498817633
704,7.75,49,139,221.8,0.140714,49,0,0,0,1,1,0,4,1,3,2.084725934721175
705,7.76,0,8,-7.9,0.140644,0,0,0,0,1,1,0,2,1,1,4.928298802780159
706,7.78,49,140,234.5,0.140573,51,0,0,0,0,0,1,6,2,4,2.5106730594131896
707,7.79,22,62,97.4,0.140503,22,0,0,0,1,1,0,1,1,4,2.535671156111931
708,7.82,49,176,233.1,0.140433,51,0,0,0,0,0,1,4,6,2,2.56658623630997
709,7.83,36,103,159.3,0.140363,36,0,0,0,1,1,0,5,3,4,2.1252108435611223
710,7.85,41,82,189.7,0.140292,41,0,0,0,1,1,0,2,1,1,2.575829821835706
711,7.86,25,53,114.6,0.140222,25,0,0,0,1,1,0,0,2,1,2.6153747309357476
712,7.86,20,42,87.8,0.140152,20,0,0,0,1,1,0,3,1,0,2.4522677855359527
713,7.89,49,154,234.9,0.140082,51,0,0,0,0,0,1,4,2,6,2.6670492443288807
714,7.89,4,9,13.9,0.140012,4,0,0,0,1,1,0,0,1,2,4.345783902069089
715,7.92,49,226,207.5,0.139942,49,0,0,0,1,1,0,9,1,9,1.6293573667936057
716,7.93,22,51,103.7,0.139872,23,0,0,0,1,1,0,1,1,2,2.4023886474673626
717,7.94,19,45,83.4,0.139802,19,0,0,0,1,1,0,2,2,1,2.7587554326134
718,7.94,13,33,51.5,0.139732,13,0,0,0,1,1,0,5,1,2,2.8240290726288064
719,7.96,37,98,168.1,0.139662,37,0,0,0,1,1,0,2,3,1,1.9651573300694365
720,7.97,17,84,68.4,0.139592,17,0,0,0,1,1,0,3,1,2,1.93645132059962
721,7.98,16,50,69.7,0.139523,16,0,0,0,1,1,0,0,1,3,2.7015230974403517
722,8.01,49,162,232.6,0.139453,51,0,0,0,0,0,1,6,4,1,2.090681977576466
723,8.01,9,34,35.3,0.139383,9,0,0,0,1,1,0,1,1,3,2.8187313737696233
724,8.02,2,11,0.9,0.139314,2,0,0,0,1,1,0,3,1,0,3.078960659656481
725,8.02,7,19,26.0,0.139244,7,0,0,0,1,1,0,2,1,1,3.2339968262698715
726,8.04,42,137,183.6,0.139174,42,0,0,0,1,1,0,7,1,7,1.499733422727752
727,8.05,7,16,28.3,0.139105,7,0,0,0,1,1,0,0,1,1,2.8359605344619947
728,8.06,41,105,186.5,0.139035,41,0,0,0,1,1,0,3,4,0,2.7244237787984282
729,8.07,17,54,70.6,0.138966,17,0,0,0,1,1,0,4,1,0,2.6945841490259603
730,8.09,46,135,206.3,0.138896,46,0,0,0,1,1,0,5,3,2,2.104671013423878
731,8.11,39,137,169.8,0.138827,39,0,0,0,1,1,0,6,3,5,2.0776015454368317
732,8.12,9,29,32.9,0.138757,9,0,0,0,1,1,0,4,1,2,3.6453925747404448
733,8.14,28,143,109.4,0.138688,28,0,0,0,1,1,0,11,2,3,1.4396499230574984
734,8.16,47,137,208.2,0.138619,47,0,0,0,1,1,0,8,3,1,2.3641368085551857
735,8.17,14,38,58.1,0.138549,14,0,0,0,1,1,0,3,2,1,2.7389328642532575
736,8.2,49,199,207.4,0.13848,49,0,0,0,1,1,0,12,5,7,2.1373793446046507
737,8.23,49,159,236.5,0.138411,51,0,0,0,0,0,1,2,2,5,2.3486776233235185
738,8.25,49,146,233.8,0.138341,51,0,0,0,0,0,1,6,2,5,2.2947511504707014
739,8.26,23,56,99.2,0.138272,23,0,0,0,1,1,0,5,3,2,2.7293824348611353
740,8.28,49,149,216.8,0.138203,49,0,0,0,1,1,0,8,4,3,2.586347235909812
741,8.29,18,35,79.0,0.138134,18,0,0,0,1,1,0,2,1,5,2.270765818503147
742,8.31,49,164,231.2,0.138065,51,0,0,0,0,0,1,7,0,3,2.35025036098271
743,8.33,45,132,200.7,0.137996,45,0,0,0,1,1,0,5,1,11,1.7429921235080008
744,8.35,43,124,187.1,0.137927,43,0,0,0,1,1,0,10,2,5,2.1661880711572916
745,8.38,49,162,234.1,0.137858,51,0,0,0,0,0,1,4,2,6,2.121644249730841
746,8.38,13,33,53.6,0.137789,13,0,0,0,1,1,0,3,2,1,2.115180273928585
747,8.41,46,142,200.4,0.13772,46,0,0,0,1,1,0,10,2,4,2.3082361768653
748,8.41,13,37,56.2,0.137651,13,0,0,0,1,1,0,0,1,1,1.897252124161128
749,8.42,19,40,84.8,0.137583,19,0,0,0,1,1,0,1,1,2,2.654389928763398
750,8.44,47,154,207.9,0.137514,47,0,0,0,1,1,0,6,4,7,2.187035186527971
751,8.47,44,136,192.9,0.137445,44,0,0,0,1,1,0,8,2,5,1.6245819664849814
752,8.47,4,11,10.9,0.137376,4,0,0,0,1,1,0,3,1,0,4.55829294717224
753,8.49,49,154,232.1,0.137308,51,0,0,0,0,0,1,7,2,4,2.207760877723412
754,8.49,3,12,5.7,0.137239,3,0,0,0,1,1,0,3,1,1,2.6563324364739707
755,8.5,5,15,16.5,0.13717,5,0,0,0,1,1,0,2,1,0,2.7917504877290726
756,8.5,5,16,15.3,0.137102,5,0,0,0,1,1,0,3,1,1,3.5033753735258086
757,8.5,4,13,10.7,0.137033,4,0,0,0,1,1,0,3,1,0,3.101356866987883
758,8.51,4,10,17.0,0.136965,5,0,0,0,1,1,0,2,1,0,3.182584385936109
759,8.51,6,20,21.8,0.136896,6,0,0,0,1,1,0,1,1,2,3.142433594910534
760,8.53,46,155,204.3,0.136828,46,0,0,0,1,1,0,5,3,2,2.217403200320379
761,8.54,2,13,0.5,0.136759,2,0,0,0,1,1,0,3,1,2,4.186379264729841
762,8.55,20,51,85.9,0.136691,20,0,0,0,1,1,0,4,1,0,2.372662958507141
763,8.55,3,19,4.7,0.136623,3,0,0,0,1,1,0,3,1,4,3.3815081472013575
764,8.56,26,84,108.1,0.136554,26,0,0,0,1,1,0,8,2,5,2.446414393028338
765,8.58,36,100,162.9,0.136486,36,0,0,0,1,1,0,2,3,1,2.1492318301919386
766,8.59,13,31,60.9,0.136418,14,0,0,0,1,1,0,1,2,0,3.023640864273775
767,8.61,43,155,182.5,0.13635,43,0,0,0,1,1,0,11,3,10,2.3511143456264483
768,8.63,49,139,220.0,0.136281,49,0,0,0,1,1,0,6,4,1,2.054812922544257
769,8.64,26,77,113.1,0.136213,26,0,0,0,1,1,0,4,1,2,2.385474128838405
770,8.65,8,17,32.2,0.136145,8,0,0,0,1,1,0,1,1,1,4.1857596836285
771,8.65,7,34,22.5,0.136077,7,0,0,0,1,1,0,4,1,1,2.9841093592723773
772,8.67,30,94,131.1,0.136009,30,0,0,0,1,1,0,4,1,5,1.6686141824001692
773,8.68,15,33,63.7,0.135941,15,0,0,0,1,1,0,3,1,0,3.2842025844965113
774,8.68,5,15,18.3,0.135873,5,0,0,0,1,1,0,0,1,2,3.7024294016883457
775,8.7,49,173,234.2,0.135805,51,0,0,0,0,0,1,3,3,4,2.2544272811955732
776,8.72,22,63,95.4,0.135737,22,0,0,0,1,1,0,3,1,3,2.7599414372977704
777,8.74,47,142,208.1,0.135669,47,0,0,0,1,1,0,7,3,7,2.4129502686632396
778,8.75,2,49,-6.0,0.135601,2,0,0,0,1,1,0,6,1,1,1.7823869279893196
779,8.76,19,52,84.7,0.135534,19,0,0,0,1,1,0,0,2,1,2.0671505297127535
780,8.77,44,118,199.0,0.135466,44,0,0,0,1,1,0,4,3,2,2.1198337534609073
781,8.8,49,154,220.3,0.135398,49,0,0,0,1,1,0,4,4,3,2.0890325934679916
782,8.82,44,128,200.0,0.13533,44,0,0,0,1,1,0,2,1,2,2.2265232029702404
783,8.83,33,84,149.5,0.135263,33,0,0,0,1,1,0,2,2,1,1.7254074252193654
784,8.84,17,35,76.5,0.135195,17,0,0,0,1,1,0,0,1,0,2.430806968483373
785,8.85,21,50,91.8,0.135128,21,0,0,0,1,1,0,3,1,2,2.4655888285778222
786,8.87,48,159,210.8,0.13506,48,0,0,0,1,1,0,8,3,3,1.9822251284095913
787,8.9,49,155,237.1,0.134992,51,0,0,0,0,0,1,2,2,3,2.1566630043046584
788,8.91,19,92,80.5,0.134925,20,0,0,0,1,1,0,5,2,3,2.078292484890927
789,8.91,2,6,3.3,0.134858,2,0,0,0,1,1,0,1,1,1,5.140267837098096
790,8.93,40,116,174.1,0.13479,40,0,0,0,1,1,0,9,3,3,2.7710843817181066
791,8.96,48,171,214.4,0.134723,48,0,0,0,1,1,0,3,3,5,1.9446910288901549
792,8.96,13,35,55.0,0.134655,13,0,0,0,1,1,0,1,1,5,2.4828617913069615
793,8.97,6,17,20.3,0.134588,6,0,0,0,1,1,0,3,1,0,2.510409578418991
794,8.97,3,11,5.9,0.134521,3,0,0,0,1,1,0,3,1,0,3.3596481059425645
795,8.99,49,150,237.6,0.134453,51,0,0,0,0,0,1,2,0,3,2.4647391260181863
796,9.0,31,69,139.9,0.134386,31,0,0,0,1,1,0,3,1,2,2.73744163575216
797,9.01,14,40,57.0,0.134319,14,0,0,0,1,1,0,4,1,0,2.577778344752165
798,9.02,15,37,70.2,0.134252,16,0,0,0,1,1,0,1,1,1,2.310412184014411
799,9.04,48,170,212.5,0.134185,48,0,0,0,1,1,0,5,4,5,1.8395944725804614
800,9.06,37,98,171.9,0.134118,38,0,0,0,1,1,0,3,1,3,2.0820156469311053
801,9.06,0,5,-8.5,0.134051,0,0,0,0,1,1,0,3,1,0,5.32907987146923
802,9.08,46,134,207.6,0.133984,46,0,0,0,1,1,0,4,3,0,2.019095233419876
803,9.09,10,29,40.0,0.133917,10,0,0,0,1,1,0,2,1,1,2.9181228882478334
804,9.1,25,63,117.7,0.13385,26,0,0,0,1,1,0,1,1,0,1.7456708886015784
805,9.11,20,63,88.6,0.133783,21,0,0,0,1,1,0,5,4,1,2.452429090893644
806,9.11,5,18,18.1,0.133716,5,0,0,0,1,1,0,0,1,1,3.0381984239387503
807,9.13,41,118,183.0,0.133649,41,0,0,0,1,1,0,5,2,2,2.182896867798279
808,9.15,40,134,171.7,0.133582,40,0,0,0,1,1,0,9,2,9,1.6150623868743637
809,9.16,22,53,100.6,0.133515,23,0,0,0,1,1,0,4,2,1,2.2561576787341515
810,9.18,42,112,188.5,0.133449,42,0,0,0,1,1,0,5,3,3,2.436215415321043
811,9.21,49,203,211.0,0.133382,49,0,0,0,1,1,0,8,3,7,1.7779724495221192
812,9.22,35,87,160.0,0.133315,35,0,0,0,1,1,0,1,3,3,2.3470115978379527
813,9.23,8,15,32.5,0.133249,8,0,0,0,1,1,0,1,1,0,3.3397030509352
814,9.24,32,97,142.2,0.133182,32,0,0,0,1,1,0,3,1,1,2.1652255239917158
815,9.26,45,147,199.7,0.133115,45,0,0,0,1,1,0,5,2,6,1.9317685454664517
816,9.27,13,34,53.6,0.133049,13,0,0,0,1,1,0,3,2,0,1.8823198245377828
817,9.3,49,198,230.3,0.132982,51,0,0,0,0,0,1,4,2,8,2.3124575678621846
818,9.31,26,74,116.0,0.132916,26,0,0,0,1,1,0,1,2,6,1.791072448696871
819,9.32,25,63,109.6,0.132849,25,0,0,0,1,1,0,4,1,1,1.8448920743514612
820,9.33,20,53,87.4,0.132783,20,0,0,0,1,1,0,2,2,3,2.6850442997159147
821,9.34,21,56,90.1,0.132716,21,0,0,0,1,1,0,4,2,3,2.289605599654218
822,9.37,49,156,232.9,0.13265,51,0,0,0,0,0,1,6,1,4,2.3695739458581024
823,9.37,18,43,79.7,0.132584,18,0,0,0,1,1,0,1,2,0,2.1619097088598296
824,9.39,38,103,171.5,0.132517,38,0,0,0,1,1,0,3,2,2,2.1112564697668117
825,9.41,32,145,131.9,0.132451,32,0,0,0,1,1,0,8,2,6,2.462160769909662
826,9.44,46,144,209.3,0.132385,46,0,0,0,1,1,0,1,3,3,1.9550891822046874
827,9.44,2,6,4.4,0.132319,2,0,0,0,1,1,0,0,1,0,4.7042081038707195
828,9.45,30,79,133.0,0.132253,30,0,0,0,1,1,0,4,4,1,2.351183045512048
829,9.48,49,162,235.6,0.132187,51,0,0,0,0,0,1,3,2,1,1.8834960963136151
830,9.49,30,68,137.1,0.13212,30,0,0,0,1,1,0,1,1,1,2.022611685439511
831,9.5,29,86,134.2,0.132054,30,0,0,0,1,1,0,2,1,2,1.9340571368034847
832,9.51,28,63,127.6,0.131988,28,0,0,0,1,1,0,1,1,1,2.371325079701497
833,9.52,9,28,33.2,0.131922,9,0,0,0,1,1,0,4,1,0,2.0594240102916053
834,9.54,50,129,231.4,0.131856,50,0,0,0,0,0,1,5,2,6,2.0462854703843156
835,9.57,49,239,224.9,0.13179,51,0,0,0,0,0,1,6,3,1,1.6100618549967
836,9.59,41,109,185.8,0.131725,41,0,0,0,1,1,0,3,2,3,2.083068751253874
837,9.6,18,44,78.6,0.131659,18,0,0,0,1,1,0,2,2,0,2.2369076305943527
838,9.6,5,16,22.3,0.131593,6,0,0,0,1,1,0,1,1,1,3.3764187121452744
839,9.61,8,19,31.1,0.131527,8,0,0,0,1,1,0,2,1,0,3.133877647230615
840,9.63,48,127,217.0,0.131461,48,0,0,0,1,1,0,5,1,3,2.2497972918945845
841,9.65,49,146,236.9,0.131396,51,0,0,0,0,0,1,3,3,4,2.361893556969277
842,9.65,0,6,-6.6,0.13133,0,0,0,0,1,1,0,1,1,0,7.8633012277118075
843,9.66,13,38,52.1,0.131264,13,0,0,0,1,1,0,4,2,1,2.769428724532556
844,9.68,48,131,214.6,0.131199,48,0,0,0,1,1,0,7,2,3,1.9703288268870296
845,9.68,6,17,22.2,0.131133,6,0,0,0,1,1,0,1,1,1,3.119676138619612
846,9.69,1,15,-2.5,0.131067,1,0,0,0,1,1,0,1,1,0,3.4872968455108473
847,9.7,32,61,146.6,0.131002,32,0,0,0,1,1,0,2,1,3,2.172369031915882
848,9.72,42,116,188.0,0.130936,42,0,0,0,1,1,0,5,4,4,2.3937732309567457
849,9.74,36,105,158.4,0.130871,36,0,0,0,1,1,0,6,1,1,2.414250142834764
850,9.75,42,103,192.6,0.130805,42,0,0,0,1,1,0,2,2,1,2.1040162219423983
851,9.76,7,27,20.3,0.13074,7,0,0,0,1,1,0,7,1,0,3.364393329252144
852,9.77,17,42,75.7,0.130675,17,0,0,0,1,1,0,0,1,1,2.2650054420299077
853,9.78,20,53,84.7,0.130609,20,0,0,0,1,1,0,5,1,0,2.583549757004414
854,9.8,50,168,228.8,0.130544,50,0,0,0,0,0,1,4,1,3,2.0601075098108605
855,9.81,18,38,81.2,0.130479,18,0,0,0,1,1,0,0,1,0,1.9744084039020289
856,9.83,49,139,237.3,0.130414,51,0,0,0,0,0,1,3,0,7,2.6684467117382464
857,9.84,24,53,108.7,0.130348,24,0,0,0,1,1,0,1,1,0,1.86529311231589
858,9.86,44,142,196.0,0.130283,44,0,0,0,1,1,0,4,2,8,1.6053086787028112
859,9.88,49,148,233.1,0.130218,51,0,0,0,0,0,1,7,1,0,2.4087221845832416
860,9.89,4,8,19.1,0.130153,5,0,0,0,1,1,0,0,1,1,6.121246576792116
861,9.91,49,168,217.0,0.130088,49,0,0,0,1,1,0,6,3,2,2.121734566666234
862,9.94,49,154,217.3,0.130023,49,0,0,0,1,1,0,7,2,3,2.431499144197372
863,9.95,37,101,160.7,0.129958,37,0,0,0,1,1,0,9,1,2,1.7627242350919516
864,9.97,45,121,199.7,0.129893,45,0,0,0,1,1,0,8,2,2,2.411407590183507
865,9.98,9,24,34.6,0.129828,9,0,0,0,1,1,0,3,1,0,3.0100660110325426
866,10.0,47,163,205.1,0.129763,47,0,0,0,1,1,0,8,6,6,1.8154422795615972
867,10.03,49,157,232.8,0.129698,51,0,0,0,0,0,1,6,3,4,2.231987670906268
868,10.03,14,46,56.0,0.129633,14,0,0,0,1,1,0,4,1,4,2.5261136143874605
869,10.04,19,56,82.1,0.129568,19,0,0,0,1,1,0,2,1,3,2.3944619524918624
870,10.05,7,29,24.0,0.129504,7,0,0,0,1,1,0,3,2,1,2.9535137953557276
871,10.05,9,27,32.3,0.129439,9,0,0,0,1,1,0,5,1,0,2.1444155936241547
872,10.07,30,89,128.9,0.129374,30,0,0,0,1,1,0,7,2,2,1.9977229111848336
873,10.07,7,13,33.6,0.129309,8,0,0,0,1,1,0,0,1,1,2.808719125878835
874,10.08,8,30,26.7,0.129245,8,0,0,0,1,1,0,5,1,3,2.9168652767347045
875,10.1,49,124,240.1,0.12918,51,0,0,0,0,0,1,2,2,4,2.186881602688869
876,10.1,3,14,12.4,0.129116,4,0,0,0,1,1,0,1,1,2,2.873017631677167
877,10.1,4,15,9.4,0.129051,4,0,0,0,1,1,0,4,1,1,3.891085660841727
878,10.12,47,146,212.0,0.128986,47,0,0,0,1,1,0,3,3,4,2.067082358802849
879,10.14,36,85,166.4,0.128922,36,0,0,0,1,1,0,0,1,1,2.0577809476294013
880,10.16,49,162,234.5,0.128858,51,0,0,0,0,0,1,4,3,2,1.8375921124201804
881,10.18,35,79,159.9,0.128793,35,0,0,0,1,1,0,2,1,2,2.5997590969061295
882,10.18,8,26,29.3,0.128729,8,0,0,0,1,1,0,3,1,1,3.383993865635234
883,10.2,49,140,237.6,0.128664,51,0,0,0,0,0,1,3,1,3,2.0968497836251485
884,10.21,16,37,70.1,0.1286,16,0,0,0,1,1,0,1,1,2,2.2840925572436475
885,10.23,49,158,233.9,0.128536,51,0,0,0,0,0,1,5,2,2,2.189933829885865
886,10.25,32,83,143.6,0.128471,32,0,0,0,1,1,0,3,3,1,2.0623639653760644
887,10.25,3,6,8.4,0.128407,3,0,0,0,1,1,0,1,1,0,6.733809042055899
888,10.26,32,84,139.5,0.128343,32,0,0,0,1,1,0,7,3,1,2.346958070722599
889,10.29,49,172,232.3,0.128279,51,0,0,0,0,0,1,5,4,4,1.984826824384788
890,10.3,9,24,34.6,0.128215,9,0,0,0,1,1,0,3,2,0,2.44988490304156
891,10.32,49,143,235.2,0.128151,51,0,0,0,0,0,1,5,2,4,2.0530180110688696
892,10.34,49,145,238.2,0.128087,51,0,0,0,0,0,1,2,1,2,2.1741320947865628
893,10.35,13,35,52.5,0.128022,13,0,0,0,1,1,0,4,2,0,2.2722578610004476
894,10.36,33,88,147.9,0.127958,33,0,0,0,1,1,0,3,4,3,2.5051004992174737
895,10.37,2,20,0.0,0.127894,2,0,0,0,1,1,0,3,1,0,4.411745307892273
896,10.4,45,246,178.6,0.127831,45,0,0,0,1,1,0,16,2,8,1.415489893834663
897,10.43,49,171,230.6,0.127767,51,0,0,0,0,0,1,7,3,2,2.2450493492779335
898,10.43,1,10,-3.1,0.127703,1,0,0,0,1,1,0,2,1,1,5.57965793098446
899,10.45,49,139,233.6,0.127639,51,0,0,0,0,0,1,7,1,4,2.368955229725215
900,10.46,22,64,96.4,0.127575,22,0,0,0,1,1,0,2,3,2,2.8626931982739743
901,10.47,32,70,147.0,0.127511,32,0,0,0,1,1,0,1,1,0,2.2377298611312537
902,10.48,19,52,80.8,0.127448,19,0,0,0,1,1,0,4,1,0,1.8803006189563654
903,10.49,28,63,125.5,0.127384,28,0,0,0,1,1,0,3,1,2,2.144679915332938
904,10.5,20,48,84.2,0.12732,20,0,0,0,1,1,0,6,1,0,2.4897699453095368
905,10.52,44,135,200.0,0.127256,44,0,0,0,1,1,0,1,4,5,2.3172096332127983
906,10.54,25,100,101.7,0.127193,25,0,0,0,1,1,0,8,2,3,2.082887727224475
907,10.57,25,171,96.2,0.127129,25,0,0,0,1,1,0,6,2,7,1.4136952459786734
908,10.59,49,148,235.0,0.127066,51,0,0,0,0,0,1,5,1,1,2.1890056095722548
909,10.59,3,18,2.2,0.127002,3,0,0,0,1,1,0,6,1,0,3.9705982164540226
910,10.6,6,17,19.9,0.126939,6,0,0,0,1,1,0,3,1,4,3.0649496789711193
911,10.61,40,92,180.6,0.126875,40,0,0,0,1,1,0,5,1,2,2.1707388626254462
912,10.65,42,284,164.9,0.126812,42,0,0,0,1,1,0,11,3,7,0.9223880105879556
913,10.67,47,150,207.9,0.126748,47,0,0,0,1,1,0,7,4,1,1.7601328957262756
914,10.69,49,128,241.7,0.126685,51,0,0,0,0,0,1,0,3,4,2.2876283590080027
915,10.73,41,261,158.4,0.126622,41,0,0,0,1,1,0,15,3,5,1.0612256342896729
916,10.74,18,32,80.8,0.126558,18,0,0,0,1,1,0,1,1,0,3.1463525050093404
917,10.74,8,28,29.9,0.126495,8,0,0,0,1,1,0,2,1,3,2.729608863175668
918,10.77,42,148,184.0,0.126432,42,0,0,0,1,1,0,6,1,2,1.909577698280259
919,10.79,49,185,210.1,0.126369,49,0,0,0,1,1,0,11,4,4,1.8368566945289333
920,10.79,2,5,2.5,0.126305,2,0,0,0,1,1,0,2,1,0,8.379053191911357
921,10.82,49,132,235.2,0.126242,51,0,0,0,0,0,1,6,1,5,1.9552646068597437
922,10.83,19,70,78.7,0.126179,19,0,0,0,1,1,0,4,1,3,1.3068041287506922
923,10.83,7,19,25.0,0.126116,7,0,0,0,1,1,0,3,2,1,2.937963460619451
924,10.85,47,158,202.5,0.126053,47,0,0,0,1,1,0,11,4,7,1.7680982107161016
925,10.86,13,32,55.8,0.12599,13,0,0,0,1,1,0,1,2,0,3.087737236935567
926,10.88,32,92,145.4,0.125927,32,0,0,0,1,1,0,0,2,4,2.1903039741487915
927,10.88,4,13,13.7,0.125864,4,0,0,0,1,1,0,0,1,0,4.07170312310535
928,10.89,27,77,118.1,0.125801,27,0,0,0,1,1,0,4,3,2,2.182345115610868
929,10.9,21,59,92.0,0.125738,21,0,0,0,1,1,0,2,1,1,2.324847025536401
930,10.91,22,52,98.5,0.125675,22,0,0,0,1,1,0,1,2,3,2.072887917315673
931,10.93,38,110,169.1,0.125612,38,0,0,0,1,1,0,4,1,9,1.914547262409764
932,10.94,35,91,156.7,0.12555,35,0,0,0,1,1,0,4,3,2,2.537229555849379
933,10.97,47,157,212.1,0.125487,47,0,0,0,1,1,0,2,5,2,2.4178537374110696
934,10.99,36,127,154.7,0.125424,36,0,0,0,1,1,0,7,2,6,1.9372304493591401
935,11.0,34,72,156.6,0.125361,34,0,0,0,1,1,0,1,1,2,2.1962354645176263
936,11.05,48,342,188.6,0.125299,48,0,0,0,1,1,0,11,3,12,1.2811056605842122
937,11.07,49,135,234.1,0.125236,51,0,0,0,0,0,1,7,0,3,2.351176720560349
938,11.07,10,33,38.2,0.125173,10,0,0,0,1,1,0,3,1,5,2.558667576994025
939,11.08,1,7,-3.7,0.125111,1,0,0,0,1,1,0,3,1,0,6.196218782407298
940,11.1,50,168,218.8,0.125048,50,0,0,0,1,1,0,9,5,4,2.2660963265652376
941,11.13,49,159,234.6,0.124986,51,0,0,0,0,0,1,4,1,4,2.1780260088209973
942,11.14,22,55,99.5,0.124923,22,0,0,0,1,1,0,0,1,0,1.8307345798062822
943,11.14,4,17,12.2,0.124861,4,0,0,0,1,1,0,1,1,1,4.322801779901485
944,11.15,14,34,60.5,0.124798,14,0,0,0,1,1,0,1,2,1,3.1173571431072404
945,11.15,15,43,63.6,0.124736,15,0,0,0,1,1,0,2,2,1,2.9190834484216817
946,11.18,49,168,217.1,0.124674,49,0,0,0,1,1,0,6,2,1,1.435741276954762
947,11.19,16,75,63.8,0.124611,16,0,0,0,1,1,0,3,1,7,1.1782735073362347
948,11.22,44,191,185.8,0.124549,44,0,0,0,1,1,0,9,3,11,1.5936195024335749
949,11.23,15,43,64.7,0.124487,15,0,0,0,1,1,0,1,2,0,2.3576873456242056
950,11.24,27,79,118.9,0.124424,27,0,0,0,1,1,0,3,2,2,2.1102231981170716
951,11.25,13,42,51.7,0.124362,13,0,0,0,1,1,0,4,2,1,2.5104880987828477
952,11.26,12,31,51.5,0.1243,12,0,0,0,1,1,0,0,1,4,2.218468385905805
953,11.27,39,89,179.8,0.124238,39,0,0,0,1,1,0,1,3,3,1.9036934779947026
954,11.29,49,131,237.8,0.124176,51,0,0,0,0,0,1,4,2,0,2.22219947296672
955,11.3,16,40,68.7,0.124114,16,0,0,0,1,1,0,2,1,3,2.6957634652349016
956,11.32,39,113,174.5,0.124052,39,0,0,0,1,1,0,4,4,2,2.1812852322142278
957,11.32,4,16,18.3,0.12399,5,0,0,0,1,1,0,0,2,1,3.2614001858755572
958,11.35,49,179,216.8,0.123928,49,0,0,0,1,1,0,5,1,3,1.7696859058987153
959,11.36,23,60,99.9,0.123866,23,0,0,0,1,1,0,4,1,1,2.737954878654528
960,11.37,22,56,103.3,0.123804,23,0,0,0,1,1,0,1,1,1,1.9136216520291138
961,11.38,26,65,117.4,0.123742,26,0,0,0,1,1,0,1,1,1,2.0881449351443324
962,11.38,18,39,74.1,0.12368,18,0,0,0,1,1,0,7,1,0,2.898087273556923
963,11.39,22,50,97.9,0.123618,22,0,0,0,1,1,0,2,1,1,2.4223030684496747
964,11.4,19,44,84.5,0.123556,19,0,0,0,1,1,0,1,1,1,2.035235556667788
965,11.42,44,124,195.5,0.123495,44,0,0,0,1,1,0,7,1,1,2.2507246278601465
966,11.44,37,105,167.1,0.123433,37,0,0,0,1,1,0,2,1,4,1.8741317155132542
967,11.45,15,41,62.8,0.123371,15,0,0,0,1,1,0,3,2,1,1.6789612839909205
968,11.47,47,135,213.2,0.123309,47,0,0,0,1,1,0,3,3,3,2.061753085505391
969,11.47,15,43,64.6,0.123248,15,0,0,0,1,1,0,1,3,1,2.8004419565824805
970,11.48,20,40,89.8,0.123186,20,0,0,0,1,1,0,1,1,2,2.1281016015577703
971,11.5,49,132,239.7,0.123125,51,0,0,0,0,0,1,2,2,0,2.084493308694521
972,11.51,22,46,99.2,0.123063,22,0,0,0,1,1,0,1,1,2,2.236295209394697
973,11.53,48,146,214.0,0.123001,48,0,0,0,1,1,0,6,1,4,2.025025393773772
974,11.56,49,191,226.7,0.12294,51,0,0,0,0,0,1,9,2,1,1.810806452589002
975,11.59,50,151,229.6,0.122878,50,0,0,0,0,0,1,5,2,2,2.0113181957598543
976,11.61,48,141,213.4,0.122817,48,0,0,0,1,1,0,7,1,5,2.0923168867582986
977,11.62,30,71,132.9,0.122756,30,0,0,0,1,1,0,5,1,0,2.5101238378526003
978,11.63,15,42,69.7,0.122694,16,0,0,0,1,1,0,1,1,1,2.2196030782961356
979,11.65,50,164,221.1,0.122633,50,0,0,0,1,1,0,7,4,5,1.9002467440215556
980,11.68,49,162,217.5,0.122572,49,0,0,0,1,1,0,6,2,3,1.7029606913342343
981,11.69,20,49,87.0,0.12251,20,0,0,0,1,1,0,3,2,1,2.3095608276439856
982,11.71,49,143,218.4,0.122449,49,0,0,0,1,1,0,7,3,3,2.037386315430191
983,11.73,49,176,221.0,0.122388,49,0,0,0,1,1,0,1,1,4,1.6706869112199727
984,11.75,35,97,157.0,0.122327,35,0,0,0,1,1,0,3,2,3,1.786787967701405
985,11.77,42,123,194.1,0.122265,43,0,0,0,1,1,0,3,3,6,2.0705194147758883
986,11.78,12,36,56.4,0.122204,13,0,0,0,1,1,0,0,1,0,1.4930532681969817
987,11.78,20,43,89.6,0.122143,20,0,0,0,1,1,0,1,1,1,2.177081912097142
988,11.79,21,46,91.3,0.122082,21,0,0,0,1,1,0,4,1,1,1.9840713899351115
989,11.81,49,140,236.8,0.122021,51,0,0,0,0,0,1,4,0,1,1.9492306901935428
990,11.82,6,19,20.0,0.12196,6,0,0,0,1,1,0,3,2,1,3.550386814191328
991,11.82,1,11,-3.3,0.121899,1,0,0,0,1,1,0,2,1,2,3.7321801994811623
992,11.82,6,15,21.5,0.121838,6,0,0,0,1,1,0,2,1,0,2.754048528683996
993,11.83,9,27,35.3,0.121777,9,0,0,0,1,1,0,2,1,0,2.2828874461467015
994,11.85,49,183,229.8,0.121716,51,0,0,0,0,0,1,6,1,8,2.0775615509042815
995,11.86,21,53,90.4,0.121655,21,0,0,0,1,1,0,4,1,3,2.5656133382509076
996,11.87,15,39,63.0,0.121595,15,0,0,0,1,1,0,3,1,1,2.7087684664035776
997,11.87,2,9,2.0,0.121534,2,0,0,0,1,1,0,2,1,1,3.630536287045939
998,11.89,36,110,156.9,0.121473,36,0,0,0,1,1,0,7,3,1,1.710471614869101
999,11.92,49,159,217.7,0.121412,49,0,0,0,1,1,0,6,2,4,2.0285612179899855
1000,11.93,32,72,142.7,0.121352,32,0,0,0,1,1,0,5,3,1,1.9038018390102573
1001,11.95,49,172,234.1,0.121291,51,0,0,0,0,0,1,3,1,6,1.74556094367414
1002,11.96,28,58,129.2,0.12123,28,0,0,0,1,1,0,0,1,0,2.0837780199642655
1003,11.98,49,142,237.5,0.12117,51,0,0,0,0,0,1,3,3,2,2.0089497542090973
1004,11.99,20,47,89.0,0.121109,20,0,0,0,1,1,0,1,1,3,2.424968268880775
1005,12.0,20,47,87.2,0.121049,20,0,0,0,1,1,0,3,2,1,2.162430566131114
1006,12.03,50,161,223.1,0.120988,50,0,0,0,1,1,0,5,3,8,1.9882186896565024
1007,12.04,25,66,112.3,0.120928,25,0,0,0,1,1,0,1,2,1,2.046296134923593
1008,12.06,49,177,229.9,0.120867,51,0,0,0,0,0,1,7,2,3,2.3476858248891546
1009,12.08,40,117,176.1,0.120807,40,0,0,0,1,1,0,7,1,2,2.30465632674358
1010,12.11,50,159,217.7,0.120746,50,0,0,0,1,1,0,11,3,4,1.7448891802207662
1011,12.13,49,138,236.6,0.120686,51,0,0,0,0,0,1,4,2,5,2.2421045191889615
1012,12.14,16,44,70.4,0.120626,16,0,0,0,1,1,0,0,2,2,2.2398891241472927
1013,12.14,1,6,-4.6,0.120565,1,0,0,0,1,1,0,4,1,0,6.869289095451278
1014,12.16,47,171,200.5,0.120505,47,0,0,0,1,1,0,12,3,4,2.275191054646255
1015,12.18,26,75,111.4,0.120445,26,0,0,0,1,1,0,6,4,1,2.42395679802648
1016,12.18,11,23,45.6,0.120384,11,0,0,0,1,1,0,2,1,1,3.7278871670572595
1017,12.2,42,119,185.8,0.120324,42,0,0,0,1,1,0,7,1,3,2.101322340928669
1018,12.24,49,290,215.4,0.120264,51,0,0,0,0,0,1,10,0,5,1.3524243008451735
1019,12.26,44,147,195.1,0.120204,44,0,0,0,1,1,0,5,3,2,1.4756718842336158
1020,12.28,45,136,201.3,0.120144,45,0,0,0,1,1,0,5,2,1,2.2743764252734495
1021,12.3,38,107,170.5,0.120084,38,0,0,0,1,1,0,3,2,8,2.429565890048521
1022,12.33,48,160,207.6,0.120024,48,0,0,0,1,1,0,11,3,4,2.055605000789556
1023,12.35,46,131,208.8,0.119964,46,0,0,0,1,1,0,3,1,1,2.510693955699022
1024,12.37,49,147,234.0,0.119904,51,0,0,0,0,0,1,6,2,2,2.0988431704805235
1025,12.37,1,7,3.3,0.119844,2,0,0,0,1,1,0,1,1,0,5.498102183402273
1026,12.39,49,150,238.8,0.119784,51,0,0,0,0,0,1,1,2,1,2.0709992567653694
1027,12.4,3,15,6.2,0.119724,3,0,0,0,1,1,0,2,1,3,3.084995209291383
1028,12.4,3,12,10.8,0.119664,4,0,0,0,1,1,0,3,1,0,3.0065669141572458
1029,12.41,18,51,75.7,0.119604,18,0,0,0,1,1,0,4,2,2,1.7307077248479665
1030,12.41,1,7,0.3,0.119545,2,0,0,0,1,1,0,4,1,0,3.7530018494325494
1031,12.42,16,59,60.8,0.119485,16,0,0,0,1,1,0,8,3,3,2.548733482531879
1032,12.43,13,44,50.6,0.119425,13,0,0,0,1,1,0,5,1,0,2.2105438748943
1033,12.43,9,51,30.5,0.119365,9,0,0,0,1,1,0,4,3,4,1.6244165544948685
1034,12.44,1,9,-3.9,0.119306,1,0,0,0,1,1,0,3,1,0,5.52902404655455
1035,12.44,7,18,27.1,0.119246,7,0,0,0,1,1,0,1,1,1,2.8369582778028786
1036,12.44,1,16,-4.6,0.119186,1,0,0,0,1,1,0,3,1,0,2.850503199511445
1037,12.45,4,15,9.5,0.119127,4,0,0,0,1,1,0,4,1,0,2.6964007933090195
1038,12.47,49,128,240.0,0.119067,51,0,0,0,0,0,1,2,3,1,2.508100724159367
1039,12.47,1,11,1.7,0.119008,2,0,0,0,1,1,0,2,1,2,2.9376093278136906
1040,12.48,15,39,63.0,0.118948,15,0,0,0,1,1,0,3,2,1,2.6607380372220693
1041,12.49,24,66,108.1,0.118889,25,0,0,0,1,1,0,5,2,3,1.6335438366259443
1042,12.5,12,53,42.2,0.118829,12,0,0,0,1,1,0,7,1,5,2.196180339836271
1043,12.5,2,10,2.9,0.11877,2,0,0,0,1,1,0,1,1,1,3.263318178468997
1044,12.5,4,20,10.0,0.11871,4,0,0,0,1,1,0,3,1,0,2.1237622240858096
1045,12.52,25,89,104.0,0.118651,25,0,0,0,1,1,0,7,3,1,2.3432600539896975
1046,12.53,16,64,59.5,0.118592,16,0,0,0,1,1,0,9,3,1,2.6816030183159185
1047,12.53,2,9,2.1,0.118532,2,0,0,0,1,1,0,2,1,0,4.737219729974984
1048,12.53,6,29,17.0,0.118473,6,0,0,0,1,1,0,5,1,1,2.5962050330586637
1049,12.54,2,36,-1.6,0.118414,2,0,0,0,1,1,0,3,1,0,2.8142972304478073
1050,12.56,32,101,138.4,0.118355,32,0,0,0,1,1,0,6,2,5,2.0712912103043606
1051,12.56,0,22,-10.2,0.118296,0,0,0,0,1,1,0,3,1,0,2.609008605674838
1052,12.57,10,25,38.4,0.118236,10,0,0,0,1,1,0,4,1,1,3.1947193290401663
1053,12.59,38,148,165.2,0.118177,38,0,0,0,1,1,0,5,2,0,1.5169509634348466
1054,12.6,14,46,58.2,0.118118,14,0,0,0,1,1,0,2,1,2,2.9884502403257645
1055,12.6,15,33,63.7,0.118059,15,0,0,0,1,1,0,3,1,0,1.9232362651635333
1056,12.62,33,80,148.5,0.118,33,0,0,0,1,1,0,3,1,5,1.7694396443323082
1057,12.62,4,14,12.4,0.117941,4,0,0,0,1,1,0,1,1,2,2.5121903204303817
1058,12.65,49,229,210.6,0.117882,49,0,0,0,1,1,0,6,3,5,1.4491855220152614
1059,12.66,28,68,125.1,0.117823,28,0,0,0,1,1,0,3,2,1,2.908601652380414
1060,12.67,16,37,71.3,0.117764,16,0,0,0,1,1,0,0,1,0,2.953380853720735
1061,12.69,49,153,236.1,0.117705,51,0,0,0,0,0,1,3,3,5,2.4375230160446755
1062,12.71,32,87,146.2,0.117647,32,0,0,0,1,1,0,0,2,1,2.9484737578963878
1063,12.71,2,7,1.3,0.117588,2,0,0,0,1,1,0,3,1,0,6.906690491499515
1064,12.73,46,126,208.2,0.117529,46,0,0,0,1,1,0,4,3,2,1.9495774409419346
1065,12.76,49,172,234.5,0.11747,51,0,0,0,0,0,1,3,2,2,2.203758827707583
1066,12.78,49,149,235.6,0.117411,51,0,0,0,0,0,1,4,0,4,2.3399403007121027
1067,12.78,2,9,7.0,0.117353,3,0,0,0,1,1,0,2,1,1,4.327414184031437
1068,12.79,7,42,21.6,0.117294,7,0,0,0,1,1,0,4,1,2,2.489210188275513
1069,12.79,5,22,13.6,0.117235,5,0,0,0,1,1,0,4,1,2,3.226983560568033
1070,12.8,17,49,73.2,0.117177,17,0,0,0,1,1,0,1,2,9,2.1469650187846208
1071,12.8,4,20,8.9,0.117118,4,0,0,0,1,1,0,4,2,1,3.541862745761457
1072,12.81,5,39,15.0,0.11706,5,0,0,0,1,1,0,1,1,1,2.469649799598495
1073,12.83,48,149,213.5,0.117001,48,0,0,0,1,1,0,6,1,6,2.1536325731807904
1074,12.86,49,158,233.6,0.116943,51,0,0,0,0,0,1,5,1,5,2.0710503975421712
1075,12.87,20,62,82.6,0.116884,20,0,0,0,1,1,0,6,1,2,2.9984348791352584
1076,12.89,45,121,211.6,0.116826,46,0,0,0,1,1,0,1,3,3,1.7030675851544639
1077,12.9,22,67,92.0,0.116767,22,0,0,0,1,1,0,6,1,3,2.46053697392554
1078,12.91,28,62,125.5,0.116709,28,0,0,0,1,1,0,3,1,3,2.3285699981944568
1079,12.91,7,16,24.4,0.116651,7,0,0,0,1,1,0,4,1,0,3.031776455506402
1080,12.92,20,44,90.4,0.116592,20,0,0,0,1,1,0,0,1,2,2.1030203623828143
1081,12.94,49,135,236.2,0.116534,51,0,0,0,0,0,1,5,1,2,2.0232765979126364
1082,12.95,25,64,111.5,0.116476,25,0,0,0,1,1,0,2,1,1,1.9226450256177832
1083,12.98,36,202,146.5,0.116417,36,0,0,0,1,1,0,8,3,3,1.2523619938500337
1084,13.0,49,135,238.0,0.116359,51,0,0,0,0,0,1,3,2,4,2.0255913594189336
1085,13.01,12,29,49.1,0.116301,12,0,0,0,1,1,0,3,1,0,2.8928460209217706
1086,13.02,19,61,82.8,0.116243,19,0,0,0,1,1,0,1,1,1,2.186091310324699
1087,13.04,48,148,219.0,0.116185,48,0,0,0,1,1,0,1,1,2,1.9129648441530647
1088,13.05,9,24,33.6,0.116127,9,0,0,0,1,1,0,4,1,0,2.474301870090828
1089,13.05,2,11,3.8,0.116069,2,0,0,0,1,1,0,0,1,1,3.6825046282373752
1090,13.08,42,181,177.5,0.116011,42,0,0,0,1,1,0,9,1,4,2.0407057736954615
1091,13.1,50,162,228.2,0.115953,50,0,0,0,0,0,1,5,2,5,1.797243951165351
1092,13.12,29,84,124.6,0.115895,29,0,0,0,1,1,0,7,3,0,2.3810058261065477
1093,13.14,49,170,232.2,0.115837,51,0,0,0,0,0,1,5,1,7,2.327098795495886
1094,13.15,16,38,71.1,0.115779,16,0,0,0,1,1,0,0,1,1,2.17348252817387
1095,13.17,37,98,165.6,0.115721,37,0,0,0,1,1,0,4,3,6,2.493665854546788
1096,13.18,33,95,146.1,0.115663,33,0,0,0,1,1,0,4,1,4,2.255606993448833
1097,13.19,14,43,57.6,0.115605,14,0,0,0,1,1,0,3,1,1,2.1969533468049245
1098,13.2,32,82,150.5,0.115547,33,0,0,0,1,1,0,1,1,3,1.7449388910134147
1099,13.22,46,137,205.0,0.11549,46,0,0,0,1,1,0,6,3,3,1.6193699690454508
1100,13.23,5,15,13.5,0.115432,5,0,0,0,1,1,0,5,1,0,3.8526227429508393
1101,13.25,49,133,240.6,0.115374,51,0,0,0,0,0,1,1,3,0,2.1513948804650096
1102,13.26,45,107,209.1,0.115316,45,0,0,0,1,1,0,0,1,2,2.128089514310473
1103,13.28,49,118,240.9,0.115259,51,0,0,0,0,0,1,2,1,2,2.2992366426909765
1104,13.3,40,91,183.9,0.115201,40,0,0,0,1,1,0,2,3,0,2.1507642269134686
1105,13.3,3,8,12.2,0.115144,4,0,0,0,1,1,0,2,1,0,4.90500442650406
1106,13.32,49,128,238.7,0.115086,51,0,0,0,0,0,1,3,2,4,1.9512794470312023
1107,13.33,27,69,118.0,0.115028,27,0,0,0,1,1,0,5,1,1,1.9894974665001175
1108,13.33,0,8,-8.8,0.114971,0,0,0,0,1,1,0,3,1,0,5.096244923537253
1109,13.36,50,151,222.5,0.114913,50,0,0,0,1,1,0,7,4,4,2.164294490290005
1110,13.36,15,30,67.0,0.114856,15,0,0,0,1,1,0,0,2,0,2.356184467135074
1111,13.38,49,145,238.7,0.114799,51,0,0,0,0,0,1,1,4,7,2.254904310521706
1112,13.41,47,142,210.7,0.114741,47,0,0,0,1,1,0,5,4,1,2.0954831048386215
1113,13.41,13,44,54.5,0.114684,13,0,0,0,1,1,0,1,2,1,2.5338598951268803
1114,13.43,30,69,135.8,0.114626,30,0,0,0,1,1,0,2,1,3,2.368898984129086
1115,13.45,49,138,237.0,0.114569,51,0,0,0,0,0,1,4,3,1,1.9004916731600203
1116,13.47,45,153,197.5,0.114512,45,0,0,0,1,1,0,7,2,2,1.7154508918675124
1117,13.49,49,140,236.1,0.114455,51,0,0,0,0,0,1,4,1,8,1.9607431213764837
1118,13.5,21,58,93.1,0.114397,21,0,0,0,1,1,0,1,2,1,2.6129880931163654
1119,13.52,49,123,238.4,0.11434,51,0,0,0,0,0,1,4,2,2,1.9246827699367817
1120,13.53,26,62,115.8,0.114283,26,0,0,0,1,1,0,3,1,0,2.3498461747397865
1121,13.54,10,24,39.5,0.114226,10,0,0,0,1,1,0,3,1,1,2.2368690203934176
1122,13.54,7,16,33.4,0.114169,8,0,0,0,1,1,0,0,1,0,2.5093870383545633
1123,13.57,48,229,201.5,0.114112,48,0,0,0,1,1,0,10,3,6,1.2576131256606418
1124,13.6,45,166,197.2,0.114055,45,0,0,0,1,1,0,6,2,2,1.3946495020001737
1125,13.6,5,15,18.5,0.113998,5,0,0,0,1,1,0,0,1,0,3.519459362517433
1126,13.62,45,120,202.7,0.113941,45,0,0,0,1,1,0,5,3,3,1.9372557604514669
1127,13.63,18,51,76.7,0.113884,18,0,0,0,1,1,0,3,4,2,2.655853527568879
1128,13.63,10,20,40.9,0.113827,10,0,0,0,1,1,0,2,1,1,2.9896514363686224
1129,13.65,24,69,103.9,0.11377,24,0,0,0,1,1,0,4,2,2,1.8541151286125155
1130,13.67,49,148,236.7,0.113713,51,0,0,0,0,0,1,3,3,4,2.1063562615284237
1131,13.69,49,153,231.2,0.113656,51,0,0,0,0,0,1,8,2,4,2.487776670092337
1132,13.7,29,67,131.2,0.113599,29,0,0,0,1,1,0,2,2,1,2.1938279984730924
1133,13.72,49,129,239.9,0.113542,51,0,0,0,0,0,1,2,3,1,1.727192438425465
1134,13.75,49,152,217.7,0.113486,49,0,0,0,1,1,0,7,3,1,1.9996567512675665
1135,13.76,22,61,91.7,0.113429,22,0,0,0,1,1,0,7,1,2,2.0950578446601074
1136,13.78,48,182,206.4,0.113372,48,0,0,0,1,1,0,10,1,4,1.8495031280653746
1137,13.81,49,171,231.7,0.113315,51,0,0,0,0,0,1,6,2,1,2.36900846635866
1138,13.82,24,66,112.0,0.113259,25,0,0,0,1,1,0,1,1,4,2.398782996737712
1139,13.83,7,21,27.9,0.113202,7,0,0,0,1,1,0,0,1,0,2.9580778211756646
1140,13.85,48,141,214.6,0.113146,48,0,0,0,1,1,0,6,2,3,1.9493950694718083
1141,13.87,49,150,232.5,0.113089,51,0,0,0,0,0,1,7,2,4,2.39470635772128
1142,13.88,9,32,31.6,0.113032,9,0,0,0,1,1,0,5,2,2,2.656521614594978
1143,13.9,46,117,210.3,0.112976,46,0,0,0,1,1,0,3,2,0,1.71322221582109
1144,13.92,40,147,175.8,0.112919,40,0,0,0,1,1,0,4,1,5,1.668576424021366
1145,13.93,28,88,123.2,0.112863,28,0,0,0,1,1,0,3,1,0,2.0093040564120868
1146,13.94,2,12,-0.3,0.112807,2,0,0,0,1,1,0,4,1,1,4.3754094606257565
1147,13.94,5,46,11.9,0.11275,5,0,0,0,1,1,0,3,1,5,2.0695604585775826
1148,13.96,26,71,113.6,0.112694,26,0,0,0,1,1,0,4,1,3,2.337421437657242
1149,13.96,17,42,72.8,0.112637,17,0,0,0,1,1,0,3,1,0,2.7415678277117728
1150,13.98,38,82,174.6,0.112581,38,0,0,0,1,1,0,2,1,2,2.333587126938534
1151,14.0,41,121,181.6,0.112525,41,0,0,0,1,1,0,6,1,3,2.1060489643110154
1152,14.0,8,45,25.5,0.112469,8,0,0,0,1,1,0,5,1,0,2.058064775944585
1153,14.03,49,187,208.5,0.112412,49,0,0,0,1,1,0,11,2,18,1.8708050037874906
1154,14.04,26,79,114.6,0.112356,26,0,0,0,1,1,0,2,3,5,1.9205652227857017
1155,14.05,2,6,3.4,0.1123,2,0,0,0,1,1,0,1,1,0,5.136374194885848
1156,14.06,35,95,155.3,0.112244,35,0,0,0,1,1,0,5,2,2,1.8231907054052678
1157,14.07,20,62,87.6,0.112188,20,0,0,0,1,1,0,1,2,2,2.5449120507697574
1158,14.08,14,34,58.6,0.112132,14,0,0,0,1,1,0,3,1,0,1.913006835096309
1159,14.1,47,132,209.7,0.112075,47,0,0,0,1,1,0,7,2,1,1.889673393343594
1160,14.12,37,166,155.3,0.112019,37,0,0,0,1,1,0,8,2,1,1.4171433869612575
1161,14.14,27,73,117.7,0.111963,27,0,0,0,1,1,0,5,1,0,2.356906865087422
1162,14.15,22,67,96.1,0.111907,22,0,0,0,1,1,0,2,3,2,2.328757307736849
1163,14.17,49,152,235.6,0.111851,51,0,0,0,0,0,1,4,2,1,2.1942156257418315
1164,14.18,30,79,135.1,0.111796,30,0,0,0,1,1,0,2,2,0,1.9700305565770384
1165,14.23,44,313,170.0,0.11174,44,0,0,0,1,1,0,13,2,7,1.0564130506733649
1166,14.25,49,139,221.6,0.111684,49,0,0,0,1,1,0,4,3,5,1.815997565481189
1167,14.28,49,161,231.8,0.111628,51,0,0,0,0,0,1,7,1,0,2.0888698125501226
1168,14.28,18,39,80.1,0.111572,18,0,0,0,1,1,0,1,1,0,2.158621051663978
1169,14.3,40,114,179.4,0.111516,40,0,0,0,1,1,0,4,4,2,2.2433717432002642
1170,14.31,29,80,126.0,0.111461,29,0,0,0,1,1,0,6,3,0,2.0444622841985187
1171,14.33,44,110,202.8,0.111405,44,0,0,0,1,1,0,1,3,2,1.791447455397458
1172,14.36,49,155,235.3,0.111349,51,0,0,0,0,0,1,4,1,1,2.286502459109113
1173,14.38,49,149,238.0,0.111293,51,0,0,0,0,0,1,2,3,0,2.0419995144885745
1174,14.38,9,18,34.2,0.111238,9,0,0,0,1,1,0,4,2,0,3.0519376434699357
1175,14.39,13,28,57.1,0.111182,13,0,0,0,1,1,0,0,1,1,2.8869784367969595
1176,14.39,11,32,48.6,0.111127,12,0,0,0,1,1,0,3,1,2,3.186438540152947
1177,14.41,49,134,240.1,0.111071,51,0,0,0,0,0,1,1,2,4,2.447362858230134
1178,14.42,8,19,36.0,0.111016,9,0,0,0,1,1,0,2,1,1,3.4210648764709872
1179,14.44,49,174,214.4,0.11096,49,0,0,0,1,1,0,7,3,12,1.5486835365239708
1180,14.45,1,5,-3.5,0.110905,1,0,0,0,1,1,0,3,1,0,8.435784534055648
1181,14.47,49,139,239.5,0.110849,51,0,0,0,0,0,1,1,2,5,2.036612969728551
1182,14.47,3,8,8.2,0.110794,3,0,0,0,1,1,0,1,1,0,5.67875198043819
1183,14.48,13,43,54.6,0.110738,13,0,0,0,1,1,0,1,1,1,1.8727612529478925
1184,14.5,49,137,239.0,0.110683,51,0,0,0,0,0,1,2,0,2,1.8528909024807108
1185,14.5,2,8,1.2,0.110628,2,0,0,0,1,1,0,3,1,0,5.202661900657277
1186,14.52,46,138,208.9,0.110572,46,0,0,0,1,1,0,2,3,3,1.887322034501407
1187,14.53,15,37,67.2,0.110517,16,0,0,0,1,1,0,4,1,1,2.3664681562650776
1188,14.55,49,167,229.9,0.110462,51,0,0,0,0,0,1,8,1,3,1.8204914904067244
1189,14.56,22,54,98.3,0.110406,22,0,0,0,1,1,0,1,2,3,2.0931303335993636
1190,14.57,22,48,100.1,0.110351,22,0,0,0,1,1,0,0,1,1,2.134751930174383
1191,14.58,20,41,89.8,0.110296,20,0,0,0,1,1,0,1,1,1,2.1775649742063816
1192,14.6,48,163,211.5,0.110241,48,0,0,0,1,1,0,7,2,2,1.7023165980680937
1193,14.61,22,63,96.5,0.110186,22,0,0,0,1,1,0,2,3,2,2.374961802022116
1194,14.64,49,179,232.9,0.110131,51,0,0,0,0,0,1,4,2,1,1.781031393447071
1195,14.66,49,138,241.0,0.110076,51,0,0,0,0,0,1,0,5,1,1.9472807884281194
1196,14.69,49,216,209.9,0.110021,49,0,0,0,1,1,0,8,4,5,1.879203811744381
1197,14.71,39,126,172.2,0.109966,39,0,0,0,1,1,0,5,2,2,1.888366597277506
1198,14.72,28,76,124.4,0.109911,28,0,0,0,1,1,0,3,3,0,1.9137623227675609
1199,14.74,31,77,138.0,0.109856,31,0,0,0,1,1,0,4,1,3,1.6155387039981206
1200,14.75,27,71,116.8,0.109801,27,0,0,0,1,1,0,6,1,1,1.8597621391513353
1201,14.77,49,150,235.6,0.109746,51,0,0,0,0,0,1,4,2,3,2.1350903679781053
1202,14.78,16,39,68.0,0.109691,16,0,0,0,1,1,0,3,1,1,1.5915281115195714
1203,14.8,45,151,199.7,0.109636,45,0,0,0,1,1,0,5,3,2,1.61969882659977
1204,14.82,33,93,147.6,0.109581,33,0,0,0,1,1,0,3,1,1,1.9843144723692918
1205,14.84,47,168,207.0,0.109527,47,0,0,0,1,1,0,6,3,2,1.9923648237579716
1206,14.84,4,8,10.2,0.109472,4,0,0,0,1,1,0,4,1,0,5.0475605919532125
1207,14.86,33,78,149.2,0.109417,33,0,0,0,1,1,0,3,1,0,2.1731258440022247
1208,14.86,16,29,71.1,0.109362,16,0,0,0,1,1,0,1,1,0,2.7817358193181794
1209,14.89,49,154,236.3,0.109308,51,0,0,0,0,0,1,3,0,2,2.181229709061681
1210,14.89,2,6,0.4,0.109253,2,0,0,0,1,1,0,4,1,0,7.33763454949899
1211,14.9,30,72,135.5,0.109198,30,0,0,0,1,1,0,2,1,3,1.7776659033288926
1212,14.92,49,162,234.2,0.109144,51,0,0,0,0,0,1,4,1,5,1.7422816176754057
1213,14.94,45,112,208.8,0.109089,46,0,0,0,1,1,0,5,1,0,1.9217229460135503
1214,14.96,49,142,235.4,0.109035,51,0,0,0,0,0,1,5,1,3,2.0306796618910785
1215,14.97,11,27,47.3,0.10898,11,0,0,0,1,1,0,0,1,0,2.263571212945458
1216,14.99,47,145,205.1,0.108926,47,0,0,0,1,1,0,10,3,4,1.949832848709579
1217,15.0,7,13,28.7,0.108871,7,0,0,0,1,1,0,0,1,0,2.5587089051921974
1218,15.01,29,72,130.7,0.108817,29,0,0,0,1,1,0,2,1,1,1.941755644899269
1219,15.03,49,135,236.2,0.108762,51,0,0,0,0,0,1,5,0,2,2.2526957709527307
1220,15.05,40,113,181.4,0.108708,40,0,0,0,1,1,0,2,2,3,1.8133956117019674
1221,15.06,36,96,161.9,0.108654,36,0,0,0,1,1,0,2,2,15,1.8566516630280614
1222,15.08,48,141,214.6,0.108599,48,0,0,0,1,1,0,6,3,3,1.5899053674518668
1223,15.1,38,103,169.6,0.108545,38,0,0,0,1,1,0,5,2,1,2.095934521748389
1224,15.11,16,34,71.5,0.108491,16,0,0,0,1,1,0,0,1,1,2.0635299874837156
1225,15.13,49,150,238.5,0.108436,51,0,0,0,0,0,1,1,0,4,1.9641823402861416
1226,15.15,38,103,176.5,0.108382,39,0,0,0,1,1,0,3,1,2,1.7656063036932828
1227,15.16,22,60,94.0,0.108328,22,0,0,0,1,1,0,5,2,0,1.6705233883890322
1228,15.18,49,157,219.2,0.108274,49,0,0,0,1,1,0,5,2,1,1.766576025001583
1229,15.2,49,139,236.6,0.10822,51,0,0,0,0,0,1,4,3,4,2.0859973684362685
1230,15.22,40,107,178.8,0.108166,40,0,0,0,1,1,0,5,2,5,1.8561965626217611
1231,15.24,49,144,236.0,0.108112,51,0,0,0,0,0,1,4,3,5,1.8322017740405303
1232,15.24,3,11,8.9,0.108057,3,0,0,0,1,1,0,0,1,0,3.126651540876359
1233,15.25,16,42,66.5,0.108003,16,0,0,0,1,1,0,4,2,3,2.2263135233068576
1234,15.27,41,133,179.7,0.107949,41,0,0,0,1,1,0,7,2,0,1.7672323668845018
1235,15.28,3,9,9.1,0.107895,3,0,0,0,1,1,0,0,1,0,4.932174092159567
1236,15.29,35,87,159.2,0.107842,35,0,0,0,1,1,0,2,2,1,1.5648790593788242
1237,15.31,49,144,236.4,0.107788,51,0,0,0,0,0,1,4,2,1,2.0965982219868926
1238,15.33,46,128,209.0,0.107734,46,0,0,0,1,1,0,3,3,2,2.0246294297003877
1239,15.33,6,15,21.4,0.10768,6,0,0,0,1,1,0,2,1,1,2.351053229760645
1240,15.34,3,14,5.5,0.107626,3,0,0,0,1,1,0,3,1,1,4.441195119678886
1241,15.36,46,160,203.7,0.107572,46,0,0,0,1,1,0,5,1,3,1.5209000051087247
1242,15.37,8,26,28.4,0.107518,8,0,0,0,1,1,0,4,1,0,3.282041233202944
1243,15.39,42,124,186.2,0.107465,42,0,0,0,1,1,0,6,5,4,2.0842946588119045
1244,15.39,14,39,56.0,0.107411,14,0,0,0,1,1,0,5,2,1,1.9652369660889213
1245,15.4,18,40,79.0,0.107357,18,0,0,0,1,1,0,2,1,0,2.138174897987599
1246,15.4,4,8,14.2,0.107304,4,0,0,0,1,1,0,0,1,0,4.702126602178609
1247,15.42,41,109,185.1,0.10725,41,0,0,0,1,1,0,4,2,0,2.175171656338552
1248,15.44,49,137,238.1,0.107196,51,0,0,0,0,0,1,3,2,1,2.2222898945160146
1249,15.46,49,151,237.6,0.107143,51,0,0,0,0,0,1,2,1,2,1.8919377447901022
1250,15.47,3,12,10.8,0.107089,4,0,0,0,1,1,0,3,1,0,5.2324074792369695
1251,15.49,49,159,236.8,0.107036,51,0,0,0,0,0,1,2,5,2,1.7634677971558173
1252,15.53,46,262,193.6,0.106982,46,0,0,0,1,1,0,5,3,2,1.1766558775176543
1253,15.55,37,103,160.5,0.106929,37,0,0,0,1,1,0,9,1,2,1.6776335509116862
1254,15.56,16,53,66.7,0.106875,16,0,0,0,1,1,0,3,1,0,1.4435277283892378
1255,15.57,36,119,156.0,0.106822,36,0,0,0,1,1,0,7,3,1,1.9541494446911307
1256,15.58,17,48,72.2,0.106768,17,0,0,0,1,1,0,3,1,0,2.99308706616756
1257,15.59,11,28,45.2,0.106715,11,0,0,0,1,1,0,2,2,0,3.1622093651204857
1258,15.6,20,46,88.3,0.106661,20,0,0,0,1,1,0,2,1,1,2.650906616130417
1259,15.61,42,115,187.4,0.106608,42,0,0,0,1,1,0,6,1,1,2.223414369562494
1260,15.63,30,86,131.0,0.106555,30,0,0,0,1,1,0,5,2,4,1.956122441521595
1261,15.64,30,95,131.2,0.106502,30,0,0,0,1,1,0,4,2,3,1.981382921252766
1262,15.66,25,63,113.6,0.106448,25,0,0,0,1,1,0,0,2,1,2.4494434987968656
1263,15.66,10,24,46.6,0.106395,11,0,0,0,1,1,0,1,1,0,2.9452588920534546
1264,15.69,49,183,214.7,0.106342,49,0,0,0,1,1,0,7,3,0,1.964299139597843
1265,15.69,0,7,-9.7,0.106289,0,0,0,0,1,1,0,4,1,0,4.027681271913398
1266,15.7,14,47,59.1,0.106236,14,0,0,0,1,1,0,1,2,2,2.007306816632902
1267,15.72,49,159,232.5,0.106182,51,0,0,0,0,0,1,6,3,5,2.129127483913962
1268,15.73,13,30,54.0,0.106129,13,0,0,0,1,1,0,3,1,0,2.9180806694762684
1269,15.73,5,15,17.5,0.106076,5,0,0,0,1,1,0,1,1,0,3.0881281122668236
1270,15.74,12,28,49.1,0.106023,12,0,0,0,1,1,0,3,1,1,2.58903380260718
1271,15.76,49,151,237.4,0.10597,51,0,0,0,0,0,1,2,2,4,1.977228178798928
1272,15.77,33,79,148.9,0.105917,33,0,0,0,1,1,0,3,2,2,2.1698723271099976
1273,15.79,48,140,211.6,0.105864,48,0,0,0,1,1,0,9,4,4,2.0910401336198343
1274,15.81,27,119,112.9,0.105811,27,0,0,0,1,1,0,5,2,2,1.9712539063967591
1275,15.84,49,144,238.1,0.105758,51,0,0,0,0,0,1,2,2,4,2.4032702776140407
1276,15.84,23,48,104.1,0.105706,23,0,0,0,1,1,0,1,1,1,1.81233975549723
1277,15.86,49,125,240.1,0.105653,51,0,0,0,0,0,1,2,0,3,2.011546739415343
1278,15.88,46,118,211.2,0.1056,46,0,0,0,1,1,0,2,2,0,2.4203904882622904
1279,15.91,49,191,231.4,0.105547,51,0,0,0,0,0,1,4,2,4,1.8909904838627754
1280,15.92,8,29,28.6,0.105494,8,0,0,0,1,1,0,3,1,5,2.762749974922591
1281,15.93,18,66,74.9,0.105442,18,0,0,0,1,1,0,3,2,5,2.2039640775221394
1282,15.96,49,187,232.8,0.105389,51,0,0,0,0,0,1,3,1,4,1.967626447070245
1283,15.98,49,156,236.9,0.105336,51,0,0,0,0,0,1,2,1,4,1.9661683804713332
1284,16.0,32,81,142.7,0.105284,32,0,0,0,1,1,0,4,1,2,1.926702526667413
1285,16.01,23,62,107.6,0.105231,24,0,0,0,1,1,0,1,2,2,1.641335540062217
1286,16.03,44,112,201.8,0.105178,44,0,0,0,1,1,0,2,2,0,1.7661036545001132
1287,16.05,49,131,240.7,0.105126,51,0,0,0,0,0,1,1,2,1,1.697976427384917
1288,16.05,5,13,16.7,0.105073,5,0,0,0,1,1,0,2,1,0,3.019522590014523
1289,16.06,22,52,95.8,0.105021,22,0,0,0,1,1,0,4,3,0,2.127819000559418
1290,16.06,4,7,14.3,0.104968,4,0,0,0,1,1,0,0,1,0,5.8817580887769845
1291,16.06,2,11,2.6,0.104916,2,0,0,0,1,1,0,1,1,3,3.378249094796179
1292,16.07,13,38,53.7,0.104863,13,0,0,0,1,1,0,2,1,5,2.2667110977051976
1293,16.07,4,17,12.0,0.104811,4,0,0,0,1,1,0,1,1,3,3.068361463508984
1294,16.08,9,25,36.5,0.104758,9,0,0,0,1,1,0,1,2,0,2.903591593712686
1295,16.09,16,49,67.8,0.104706,16,0,0,0,1,1,0,2,1,3,1.9844271674812393
1296,16.1,30,74,134.5,0.104654,30,0,0,0,1,1,0,3,2,1,1.827994942310783
1297,16.1,1,9,-5.9,0.104601,1,0,0,0,1,1,0,5,1,0,3.6548740483148756
1298,16.12,44,119,193.1,0.104549,44,0,0,0,1,1,0,10,1,0,2.1003299875045953
1299,16.12,10,27,39.0,0.104497,10,0,0,0,1,1,0,3,2,3,2.412340829606629
1300,16.13,14,31,53.9,0.104444,14,0,0,0,1,1,0,8,2,0,2.979017149232939
1301,16.16,49,160,228.8,0.104392,51,0,0,0,0,0,1,10,2,1,1.9679328367220288
1302,16.18,41,165,173.9,0.10434,41,0,0,0,1,1,0,9,4,6,1.846031456822958
1303,16.2,49,129,240.0,0.104288,51,0,0,0,0,0,1,2,0,0,2.2325084745449053
1304,16.23,50,154,227.9,0.104236,50,0,0,0,1,1,0,1,2,7,1.9761899311118338
1305,16.25,50,143,228.1,0.104184,50,0,0,0,0,0,1,7,1,5,2.0229641313836217
1306,16.25,4,17,18.2,0.104131,5,0,0,0,1,1,0,0,1,1,2.770564463774603
1307,16.27,48,125,218.2,0.104079,48,0,0,0,1,1,0,4,3,3,2.12117856983469
1308,16.29,49,121,242.3,0.104027,51,0,0,0,0,0,1,0,2,5,1.9623566377946011
1309,16.31,39,106,175.2,0.103975,39,0,0,0,1,1,0,4,2,2,1.850291611012353
1310,16.33,49,154,235.8,0.103923,51,0,0,0,0,0,1,3,2,7,2.1323334003607948
1311,16.35,45,120,202.5,0.103871,45,0,0,0,1,1,0,5,1,5,1.8413401873232507
1312,16.35,12,28,46.2,0.103819,12,0,0,0,1,1,0,6,1,0,2.806857011104842
1313,16.36,11,31,46.7,0.103768,11,0,0,0,1,1,0,0,1,2,2.5252320509862862
1314,16.38,40,97,185.2,0.103716,40,0,0,0,1,1,0,0,3,1,2.1413404298950964
1315,16.38,14,28,61.2,0.103664,14,0,0,0,1,1,0,1,1,0,1.838611906522253
1316,16.38,8,14,33.6,0.103612,8,0,0,0,1,1,0,0,2,0,3.950300452696777
1317,16.39,16,40,69.0,0.10356,16,0,0,0,1,1,0,2,2,0,2.003071264026497
1318,16.42,38,158,162.6,0.103508,38,0,0,0,1,1,0,6,2,6,1.8545064150369426
1319,16.44,49,134,236.2,0.103457,51,0,0,0,0,0,1,5,0,3,2.112887661956322
1320,16.44,9,24,41.5,0.103405,10,0,0,0,1,1,0,1,1,1,2.456309199437299
1321,16.46,49,140,237.7,0.103353,51,0,0,0,0,0,1,3,2,2,1.8841108080792937
1322,16.47,14,37,58.3,0.103302,14,0,0,0,1,1,0,3,1,0,2.1730330324926954
1323,16.49,33,99,146.0,0.10325,33,0,0,0,1,1,0,4,1,1,1.911782908733713
1324,16.5,22,58,90.2,0.103198,22,0,0,0,1,1,0,9,1,0,2.193477121170682
1325,16.5,14,31,59.8,0.103147,14,0,0,0,1,1,0,2,1,1,2.1291831656110545
1326,16.51,24,58,100.7,0.103095,24,0,0,0,1,1,0,8,2,5,2.3424495815810014
1327,16.53,34,85,155.4,0.103044,34,0,0,0,1,1,0,1,1,1,1.8436487408700797
1328,16.55,49,176,233.0,0.102992,51,0,0,0,0,0,1,4,1,3,1.9835637421518229
1329,16.57,28,69,132.1,0.102941,29,0,0,0,1,1,0,1,1,0,1.6409961530039192
1330,16.58,32,76,140.2,0.102889,32,0,0,0,1,1,0,7,2,2,2.14244242679155
1331,16.6,49,151,235.5,0.102838,51,0,0,0,0,0,1,4,2,3,2.0345375260134033
1332,16.64,49,278,218.7,0.102786,51,0,0,0,0,0,1,8,1,4,1.4188921943979096
1333,16.66,41,103,183.4,0.102735,41,0,0,0,1,1,0,6,1,3,1.7894435278948402
1334,16.66,2,5,4.5,0.102683,2,0,0,0,1,1,0,0,1,0,7.975884861205559
1335,16.69,49,200,211.9,0.102632,49,0,0,0,1,1,0,8,4,1,2.1118156569337274
1336,16.7,17,43,75.7,0.102581,17,0,0,0,1,1,0,0,1,0,1.7577682592210815
1337,16.71,15,44,65.5,0.102529,15,0,0,0,1,1,0,0,1,1,1.9270145770740479
1338,16.72,33,74,150.5,0.102478,33,0,0,0,1,1,0,2,1,1,1.8360604779648293
1339,16.73,36,88,161.9,0.102427,36,0,0,0,1,1,0,4,2,3,1.9821635192154126
1340,16.74,17,30,76.8,0.102376,17,0,0,0,1,1,0,0,1,2,2.4742801261986225
1341,16.76,49,158,235.0,0.102325,51,0,0,0,0,0,1,4,3,1,1.9314516804821233
1342,16.77,17,39,74.1,0.102273,17,0,0,0,1,1,0,2,2,0,2.681100207354243
1343,16.79,49,137,239.0,0.102222,51,0,0,0,0,0,1,2,1,2,2.1678151190558603
1344,16.81,36,85,161.5,0.102171,36,0,0,0,1,1,0,5,3,0,2.0961599421334887
1345,16.83,49,147,234.1,0.10212,51,0,0,0,0,0,1,6,1,1,2.220226609156517
1346,16.85,49,134,238.3,0.102069,51,0,0,0,0,0,1,3,0,2,2.286660495863256
1347,16.85,6,15,20.5,0.102018,6,0,0,0,1,1,0,3,1,0,3.0343195880530796
1348,16.88,42,180,179.6,0.101967,42,0,0,0,1,1,0,7,2,4,1.270093040167274
1349,16.9,49,153,238.2,0.101916,51,0,0,0,0,0,1,1,1,4,1.8422603997304092
1350,16.92,39,112,176.5,0.101865,39,0,0,0,1,1,0,2,1,3,1.5959091092134703
1351,16.94,50,159,223.7,0.101814,50,0,0,0,1,1,0,5,7,4,2.020908842773346
1352,16.96,34,82,156.8,0.101763,34,0,0,0,1,1,0,0,4,0,1.822286784254599
1353,16.98,44,118,199.0,0.101712,44,0,0,0,1,1,0,4,2,2,1.9148929606422693
1354,17.01,49,262,221.5,0.101661,51,0,0,0,0,0,1,7,2,2,1.213236557728151
1355,17.03,36,101,163.8,0.101611,36,0,0,0,1,1,0,1,1,1,1.880833474948764
1356,17.03,10,31,38.8,0.10156,10,0,0,0,1,1,0,3,1,1,3.2105968449729714
1357,17.05,49,128,239.0,0.101509,51,0,0,0,0,0,1,3,1,1,1.7780178646616271
1358,17.07,49,137,237.1,0.101458,51,0,0,0,0,0,1,4,0,1,2.0808273921204083
1359,17.1,49,130,238.7,0.101408,51,0,0,0,0,0,1,3,4,2,1.7560957310000964
1360,17.12,49,150,236.8,0.101357,51,0,0,0,0,0,1,3,1,1,1.8089388261599502
1361,17.14,40,121,182.8,0.101306,40,0,0,0,1,1,0,0,4,1,1.8974710142240625
1362,17.16,49,135,239.2,0.101256,51,0,0,0,0,0,1,2,2,2,1.924310026605699
1363,17.18,49,138,239.9,0.101205,51,0,0,0,0,0,1,1,2,2,2.2040017114077632
1364,17.2,46,139,204.7,0.101154,46,0,0,0,1,1,0,6,3,4,1.6704122449932697
1365,17.23,39,150,171.7,0.101104,39,0,0,0,1,1,0,3,2,3,1.2903581816974086
1366,17.25,49,144,237.3,0.101053,51,0,0,0,0,0,1,3,5,2,2.1406843028199267
1367,17.27,49,154,234.9,0.101003,51,0,0,0,0,0,1,4,0,6,2.0847529254164363
1368,17.28,16,44,68.2,0.100952,16,0,0,0,1,1,0,2,1,4,1.8332752361358715
1369,17.29,21,49,91.9,0.100902,21,0,0,0,1,1,0,3,1,2,2.062836451122225
1370,17.29,1,5,-0.5,0.100851,1,0,0,0,1,1,0,0,1,0,9.261460762758384
1371,17.29,1,23,-6.3,0.100801,1,0,0,0,1,1,0,4,1,0,3.330704641705473
1372,17.31,49,139,239.8,0.10075,51,0,0,0,0,0,1,1,0,2,2.385949043021018
1373,17.35,49,221,212.3,0.1007,49,0,0,0,1,1,0,5,5,6,1.431437608295102
1374,17.37,49,140,223.9,0.10065,49,0,0,0,1,1,0,2,2,1,1.692931991712583
1375,17.37,7,25,24.4,0.100599,7,0,0,0,1,1,0,3,1,1,3.003463667126906
1376,17.39,41,106,183.2,0.100549,41,0,0,0,1,1,0,6,5,2,1.9311465353907367
1377,17.41,49,149,236.8,0.100499,51,0,0,0,0,0,1,3,1,2,1.9372197051275908
1378,17.42,12,33,49.6,0.100449,12,0,0,0,1,1,0,2,2,1,2.859068255470415
1379,17.44,49,152,234.5,0.100398,51,0,0,0,0,0,1,5,0,2,2.062285964279459
1380,17.47,49,165,234.9,0.100348,51,0,0,0,0,0,1,3,2,5,1.5559071410982364
1381,17.47,6,15,20.3,0.100298,6,0,0,0,1,1,0,3,2,2,4.4313217649882874
1382,17.5,49,177,231.7,0.100248,51,0,0,0,0,0,1,5,4,5,2.039091055495461
1383,17.5,3,9,9.0,0.100198,3,0,0,0,1,1,0,0,1,1,4.086010381320501
1384,17.53,49,185,231.8,0.100148,51,0,0,0,0,0,1,4,0,6,1.8418686205799126
1385,17.53,13,32,60.8,0.100097,14,0,0,0,1,1,0,1,2,0,2.9764457430439224
1386,17.54,13,27,55.3,0.100047,13,0,0,0,1,1,0,2,1,0,2.89343095353953
1387,17.56,50,130,228.7,0.099997,50,0,0,0,1,1,0,3,4,3,1.8827418129712792
1388,17.57,15,38,69.2,0.099947,16,0,0,0,1,1,0,2,1,0,1.8742586186896806
1389,17.57,2,8,9.2,0.099897,3,0,0,0,1,1,0,0,1,0,4.56285245571309
1390,17.59,49,149,232.6,0.099847,51,0,0,0,0,0,1,7,2,4,1.9607957372083358
1391,17.6,8,22,36.5,0.099798,9,0,0,0,1,1,0,1,1,3,2.287049422928023
1392,17.6,9,25,36.4,0.099748,9,0,0,0,1,1,0,1,1,1,2.2940793726452338
1393,17.61,13,31,52.5,0.099698,13,0,0,0,1,1,0,4,2,4,2.458843034804022
1394,17.61,9,32,35.5,0.099648,9,0,0,0,1,1,0,1,1,3,2.322657568711349
1395,17.62,5,22,21.7,0.099598,6,0,0,0,1,1,0,1,1,1,2.47746193782892
1396,17.62,13,37,52.8,0.099548,13,0,0,0,1,1,0,3,2,5,2.4050380718507625
1397,17.63,15,46,62.7,0.099499,15,0,0,0,1,1,0,2,1,7,2.099504835136356
1398,17.63,4,15,13.5,0.099449,4,0,0,0,1,1,0,0,1,0,3.0487046691612902
1399,17.66,49,158,235.0,0.099399,51,0,0,0,0,0,1,4,3,1,2.056045210359854
1400,17.67,22,56,93.2,0.099349,22,0,0,0,1,1,0,6,3,2,1.772515775251821
1401,17.69,49,136,236.9,0.0993,51,0,0,0,0,0,1,4,1,4,1.9524766846758865
1402,17.71,49,149,237.5,0.09925,51,0,0,0,0,0,1,2,1,5,1.8623184602470304
1403,17.73,49,143,235.5,0.0992,51,0,0,0,0,0,1,5,2,1,1.8755407868430136
1404,17.76,49,136,237.2,0.099151,51,0,0,0,0,0,1,4,2,1,2.1217973277875224
1405,17.78,49,176,228.7,0.099101,51,0,0,0,0,0,1,8,0,6,1.8940305949620921
1406,17.8,49,128,221.1,0.099052,49,0,0,0,1,1,0,6,1,1,1.8213513632383733
1407,17.83,49,223,226.8,0.099002,51,0,0,0,0,0,1,5,0,8,1.3270141361289944
1408,17.84,13,25,55.4,0.098953,13,0,0,0,1,1,0,2,1,1,2.524577291373265
1409,17.85,40,96,184.0,0.098903,40,0,0,0,1,1,0,1,1,4,2.210448937862357
1410,17.86,6,22,18.8,0.098854,6,0,0,0,1,1,0,4,1,0,2.477959916816131
1411,17.86,4,12,18.8,0.098804,5,0,0,0,1,1,0,0,1,0,2.6589768778497196
1412,17.89,49,150,236.4,0.098755,51,0,0,0,0,0,1,3,1,5,1.6727246124231094
1413,17.89,18,45,76.5,0.098706,18,0,0,0,1,1,0,4,1,0,2.086033751940253
1414,17.9,8,22,31.8,0.098656,8,0,0,0,1,1,0,1,1,0,1.8513359277907562
1415,17.92,49,163,236.4,0.098607,51,0,0,0,0,0,1,2,4,2,1.6840334938864168
1416,17.95,49,145,237.2,0.098558,51,0,0,0,0,0,1,3,3,2,1.7830812316172926
1417,17.97,49,128,238.9,0.098508,51,0,0,0,0,0,1,3,1,2,1.7603842523503144
1418,17.97,10,29,39.1,0.098459,10,0,0,0,1,1,0,3,1,0,3.462292407125547
1419,18.0,49,153,236.4,0.09841,51,0,0,0,0,0,1,3,1,2,2.1189036390252154
1420,18.03,49,140,236.7,0.098361,51,0,0,0,0,0,1,4,1,2,1.750220581567175
1421,18.04,27,74,117.5,0.098311,27,0,0,0,1,1,0,5,1,1,2.331985092902907
1422,18.07,47,205,210.3,0.098262,48,0,0,0,1,1,0,4,3,2,1.7441356461355808
1423,18.1,49,168,234.4,0.098213,51,0,0,0,0,0,1,3,1,7,2.083881521607011
1424,18.1,12,25,49.5,0.098164,12,0,0,0,1,1,0,3,1,0,2.5395374313864614
1425,18.13,28,141,116.9,0.098115,28,0,0,0,1,1,0,4,1,0,1.3764756327905379
1426,18.14,41,92,188.7,0.098066,41,0,0,0,1,1,0,2,2,1,1.9012960001815145
1427,18.15,33,73,151.6,0.098017,33,0,0,0,1,1,0,1,1,1,1.9786119487856975
1428,18.17,25,69,112.0,0.097968,25,0,0,0,1,1,0,1,1,1,1.9280395485062116
1429,18.17,18,48,82.1,0.097919,19,0,0,0,1,1,0,3,1,1,2.2293440312414208
1430,18.19,31,84,138.3,0.09787,31,0,0,0,1,1,0,3,3,3,2.285594016310872
1431,18.2,25,63,117.5,0.097821,26,0,0,0,1,1,0,1,1,2,2.1110138702364862
1432,18.22,49,135,237.1,0.097772,51,0,0,0,0,0,1,4,0,3,1.73280542678018
1433,18.23,25,66,112.0,0.097723,25,0,0,0,1,1,0,1,1,4,1.9895853696714574
1434,18.24,36,78,161.2,0.097674,36,0,0,0,1,1,0,6,1,0,2.0444867308913732
1435,18.27,49,143,233.3,0.097625,51,0,0,0,0,0,1,7,0,3,1.8470809686517333
1436,18.27,9,27,33.3,0.097577,9,0,0,0,1,1,0,4,1,0,2.876165337813953
1437,18.29,49,130,238.3,0.097528,51,0,0,0,0,0,1,3,0,6,1.8894461067276602
1438,18.29,4,14,13.5,0.097479,4,0,0,0,1,1,0,0,1,1,3.186708747654881
1439,18.31,31,91,136.6,0.09743,31,0,0,0,1,1,0,4,1,3,1.7582008522199555
1440,18.32,22,49,100.0,0.097382,22,0,0,0,1,1,0,0,2,1,2.8236395161152146
1441,18.34,49,131,239.7,0.097333,51,0,0,0,0,0,1,2,2,1,1.8029156224512963
1442,18.34,8,25,31.2,0.097284,8,0,0,0,1,1,0,1,1,3,2.315291222027719
1443,18.35,4,14,10.3,0.097236,4,0,0,0,1,1,0,3,1,3,2.8896853466760457
1444,18.36,39,99,177.6,0.097187,39,0,0,0,1,1,0,2,1,5,2.071319318210274
1445,18.38,49,144,237.2,0.097138,51,0,0,0,0,0,1,3,0,3,2.2150654975404795
1446,18.43,49,331,213.9,0.09709,51,0,0,0,0,0,1,7,1,9,1.4346166490781262
1447,18.44,5,14,14.6,0.097041,5,0,0,0,1,1,0,4,1,0,3.5194121653399972
1448,18.44,3,17,3.3,0.096993,3,0,0,0,1,1,0,5,2,0,4.567520216288361
1449,18.44,7,24,25.3,0.096944,7,0,0,0,1,1,0,2,1,3,2.7828422497602436
1450,18.45,0,11,-10.1,0.096896,0,0,0,0,1,1,0,4,1,0,3.790523420902156
1451,18.45,7,20,24.8,0.096847,7,0,0,0,1,1,0,3,1,2,2.550641151475186
1452,18.46,23,52,99.6,0.096799,23,0,0,0,1,1,0,5,2,2,2.401191881142051
1453,18.47,26,63,116.4,0.096751,26,0,0,0,1,1,0,2,1,3,2.294396400496163
1454,18.49,49,133,239.6,0.096702,51,0,0,0,0,0,1,2,2,0,1.9309760501187487
1455,18.52,50,228,216.5,0.096654,50,0,0,0,1,1,0,5,5,7,1.9738302047374772
1456,18.54,29,78,128.9,0.096605,29,0,0,0,1,1,0,3,1,3,2.0726239955695482
1457,18.54,9,25,36.5,0.096557,9,0,0,0,1,1,0,1,1,0,2.190521055748967
1458,18.57,49,199,230.8,0.096509,51,0,0,0,0,0,1,4,2,2,1.603447085530131
1459,18.58,17,44,71.5,0.096461,17,0,0,0,1,1,0,4,1,1,2.773682346648802
1460,18.6,49,151,235.7,0.096412,51,0,0,0,0,0,1,4,2,1,2.0572704318507364
1461,18.61,14,28,60.1,0.096364,14,0,0,0,1,1,0,2,1,1,2.23207073852196
1462,18.63,50,145,227.1,0.096316,50,0,0,0,1,1,0,3,2,4,2.018737909189527
1463,18.65,49,140,235.6,0.096268,51,0,0,0,0,0,1,5,1,3,2.0055904468309564
1464,18.68,49,143,238.3,0.09622,51,0,0,0,0,0,1,2,0,3,1.9597755485749069
1465,18.7,50,142,232.5,0.096172,50,0,0,0,0,0,1,3,1,2,1.6686015143088972
1466,18.71,28,78,129.9,0.096124,29,0,0,0,1,1,0,2,2,3,1.5781201966754865
1467,18.73,49,139,235.8,0.096075,51,0,0,0,0,0,1,5,2,2,1.8491037322220734
1468,18.76,50,150,229.7,0.096027,50,0,0,0,0,0,1,5,3,2,1.7601011969508031
1469,18.78,49,133,239.2,0.095979,51,0,0,0,0,0,1,2,0,4,1.8658028576813321
1470,18.8,49,160,236.8,0.095931,51,0,0,0,0,0,1,2,2,1,2.168208881263058
1471,18.8,3,9,8.9,0.095883,3,0,0,0,1,1,0,0,1,2,3.2746430321375715
1472,18.81,15,37,69.3,0.095836,16,0,0,0,1,1,0,2,1,0,2.5862405646876296
1473,18.84,47,202,203.3,0.095788,47,0,0,0,1,1,0,6,1,5,1.8547784647401577
1474,18.89,49,362,213.9,0.09574,51,0,0,0,0,0,1,4,1,8,1.1406500367953922
1475,18.9,28,73,127.7,0.095692,29,0,0,0,1,1,0,5,3,0,1.6167286186405623
1476,18.92,42,110,192.7,0.095644,42,0,0,0,1,1,0,1,1,3,1.6692261261430608
1477,18.93,31,76,142.4,0.095596,31,0,0,0,1,1,0,0,2,0,1.8942232968907877
1478,18.95,44,127,199.1,0.095548,44,0,0,0,1,1,0,3,2,2,1.9324868256048255
1479,18.97,49,149,238.7,0.095501,51,0,0,0,0,0,1,1,0,3,1.5262176735449664
1480,19.0,29,184,116.3,0.095453,29,0,0,0,1,1,0,5,1,3,1.0323589859058693
1481,19.01,36,96,165.0,0.095405,36,0,0,0,1,1,0,0,1,4,1.5140845832525986
1482,19.04,49,153,237.2,0.095357,51,0,0,0,0,0,1,2,1,4,1.7365353062446498
1483,19.04,10,29,40.0,0.09531,10,0,0,0,1,1,0,2,2,1,2.7694319526662046
1484,19.06,47,119,215.0,0.095262,47,0,0,0,1,1,0,3,2,1,1.6289758871439883
1485,19.09,49,160,217.0,0.095214,49,0,0,0,1,1,0,7,3,0,1.5078431526287477
1486,19.11,49,135,240.4,0.095167,51,0,0,0,0,0,1,1,2,0,1.8576847246829982
1487,19.13,42,117,189.8,0.095119,42,0,0,0,1,1,0,3,3,5,2.010777416738717
1488,19.14,40,96,179.1,0.095072,40,0,0,0,1,1,0,6,2,3,2.074027760214809
1489,19.16,49,138,240.7,0.095024,51,0,0,0,0,0,1,0,0,4,2.012153975179353
1490,19.18,46,111,208.6,0.094977,46,0,0,0,1,1,0,5,2,3,1.5980093279978496
1491,19.2,46,128,208.8,0.094929,46,0,0,0,1,1,0,3,1,4,1.9207288568186374
1492,19.21,24,66,102.3,0.094882,24,0,0,0,1,1,0,6,2,1,2.052518178544189
1493,19.21,5,13,15.7,0.094834,5,0,0,0,1,1,0,3,1,0,3.272217021079537
1494,19.24,49,134,240.2,0.094787,51,0,0,0,0,0,1,1,1,3,1.8731200481918093
1495,19.26,49,153,236.4,0.094739,51,0,0,0,0,0,1,3,2,2,1.7502322585468633
1496,19.28,49,160,237.5,0.094692,51,0,0,0,0,0,1,1,2,4,1.990944533841693
1497,19.29,22,56,103.3,0.094645,23,0,0,0,1,1,0,1,2,1,1.876411741368201
1498,19.3,5,14,17.6,0.094597,5,0,0,0,1,1,0,1,1,0,3.133349865638546
1499,19.31,38,91,175.9,0.09455,38,0,0,0,1,1,0,0,2,0,1.5509717645139491
1500,19.32,25,58,110.2,0.094503,25,0,0,0,1,1,0,4,1,0,2.1291311126762658
1501,19.34,49,152,236.5,0.094456,51,0,0,0,0,0,1,3,1,2,2.098764211027806
1502,19.37,49,145,237.1,0.094408,51,0,0,0,0,0,1,3,1,3,1.942744534228512
1503,19.37,12,40,45.0,0.094361,12,0,0,0,1,1,0,6,1,0,2.1298042265613772
1504,19.39,28,71,123.8,0.094314,28,0,0,0,1,1,0,4,2,1,2.125038699199554
1505,19.41,49,171,233.4,0.094267,51,0,0,0,0,0,1,4,2,4,2.00287995996953
1506,19.43,37,95,167.3,0.09422,37,0,0,0,1,1,0,3,2,2,2.0492247286757594
1507,19.45,44,142,193.7,0.094173,44,0,0,0,1,1,0,7,4,1,1.8661393562182924
1508,19.47,49,131,240.6,0.094125,51,0,0,0,0,0,1,1,1,2,1.7547889161218428
1509,19.49,49,150,238.4,0.094078,51,0,0,0,0,0,1,1,1,5,1.8830892347529666
1510,19.49,4,12,18.8,0.094031,5,0,0,0,1,1,0,0,1,0,2.639860461846602
1511,19.51,23,73,100.5,0.093984,23,0,0,0,1,1,0,2,1,2,2.3300084052546244
1512,19.53,48,137,219.2,0.093937,48,0,0,0,1,1,0,2,1,1,2.086944020626804
1513,19.54,35,89,156.9,0.09389,35,0,0,0,1,1,0,4,1,2,2.0715831138452767
1514,19.56,47,122,216.4,0.093843,47,0,0,0,1,1,0,1,1,4,1.9291082749069026
1515,19.58,49,139,238.8,0.093797,51,0,0,0,0,0,1,2,1,2,1.9381620797517196
1516,19.6,28,77,120.2,0.09375,28,0,0,0,1,1,0,7,4,1,1.8047671400601333
1517,19.6,18,28,81.2,0.093703,18,0,0,0,1,1,0,1,1,0,2.4665608961599355
1518,19.61,5,12,17.8,0.093656,5,0,0,0,1,1,0,1,1,0,3.317310849643981
1519,19.62,40,108,179.6,0.093609,40,0,0,0,1,1,0,4,3,6,1.7085155540550234
1520,19.64,50,138,234.9,0.093562,50,0,0,0,0,0,1,1,2,2,2.0173571435502446
1521,19.67,49,148,238.1,0.093516,51,0,0,0,0,0,1,2,2,0,1.8830367741726224
1522,19.69,43,113,195.5,0.093469,43,0,0,0,1,1,0,3,2,2,1.6937968257645029
1523,19.69,14,31,58.9,0.093422,14,0,0,0,1,1,0,3,1,0,2.112879102356024
1524,19.7,16,45,66.3,0.093375,16,0,0,0,1,1,0,4,1,2,2.4809952181121018
1525,19.72,49,137,236.9,0.093329,51,0,0,0,0,0,1,4,1,3,1.8556095918684574
1526,19.74,49,143,234.3,0.093282,51,0,0,0,0,0,1,6,1,3,2.2137386162896537
1527,19.77,49,160,235.4,0.093235,51,0,0,0,0,0,1,3,3,5,1.6803624521229925
1528,19.8,49,188,231.6,0.093189,51,0,0,0,0,0,1,4,1,5,1.8590691606182768
1529,19.81,25,57,114.3,0.093142,25,0,0,0,1,1,0,0,2,0,1.9445915745341984
1530,19.81,13,35,55.5,0.093096,13,0,0,0,1,1,0,1,2,0,2.7350719429936055
1531,19.83,49,142,239.3,0.093049,51,0,0,0,0,0,1,1,1,4,1.8012932669032096
1532,19.85,30,74,132.5,0.093002,30,0,0,0,1,1,0,5,1,1,2.086209472504684
1533,19.85,10,25,42.5,0.092956,10,0,0,0,1,1,0,0,1,0,2.067175062960729
1534,19.87,47,141,211.5,0.092909,47,0,0,0,1,1,0,4,2,4,1.7212456699290235
1535,19.9,49,158,237.9,0.092863,51,0,0,0,0,0,1,1,1,2,1.570941146236456
1536,19.92,49,136,239.9,0.092817,51,0,0,0,0,0,1,1,0,4,1.80463008427271
1537,19.94,44,122,198.6,0.09277,44,0,0,0,1,1,0,4,3,2,1.771843809321653
1538,19.96,49,169,235.4,0.092724,51,0,0,0,0,0,1,2,2,6,1.906681793630585
1539,19.98,32,75,146.2,0.092677,32,0,0,0,1,1,0,1,3,3,1.701875264622694
1540,19.99,20,60,81.8,0.092631,20,0,0,0,1,1,0,7,2,2,1.8322100972786015
1541,20.01,49,146,225.3,0.092585,49,0,0,0,1,1,0,0,3,1,1.6334810171104917
1542,20.03,49,154,235.3,0.092538,51,0,0,0,0,0,1,4,2,2,1.9839462957789284
1543,20.04,11,27,41.0,0.092492,11,0,0,0,1,1,0,6,1,3,3.2929152898122824
1544,20.04,9,35,32.5,0.092446,9,0,0,0,1,1,0,4,1,0,2.2759421556618324
1545,20.06,26,69,113.1,0.0924,26,0,0,0,1,1,0,5,1,0,2.0491407941036064
1546,20.07,32,59,153.0,0.092354,33,0,0,0,1,1,0,1,2,1,2.364864988536451
1547,20.09,49,143,232.2,0.092307,51,0,0,0,0,0,1,8,0,4,2.026404080438023
1548,20.1,38,88,172.1,0.092261,38,0,0,0,1,1,0,4,2,1,2.051361780027206
1549,20.11,22,54,96.4,0.092215,22,0,0,0,1,1,0,3,1,2,1.8390421670966464
1550,20.14,40,169,171.0,0.092169,40,0,0,0,1,1,0,7,1,1,1.2431360172565529
1551,20.15,19,47,83.2,0.092123,19,0,0,0,1,1,0,2,1,1,1.986470237869756
1552,20.16,36,90,164.7,0.092077,36,0,0,0,1,1,0,1,2,3,2.150954177311787
1553,20.18,43,111,194.6,0.092031,43,0,0,0,1,1,0,4,3,3,1.6945330090473563
1554,20.2,49,131,236.7,0.091985,51,0,0,0,0,0,1,5,2,1,2.276384286306001
1555,20.22,50,165,225.2,0.091939,50,0,0,0,1,1,0,3,3,3,1.9488814070738927
1556,20.24,44,116,199.3,0.091893,44,0,0,0,1,1,0,4,3,1,2.034094625466305
1557,20.25,20,42,85.8,0.091847,20,0,0,0,1,1,0,5,2,0,2.4080620635130714
1558,20.26,28,81,121.8,0.091801,28,0,0,0,1,1,0,5,2,1,2.222899109269978
1559,20.27,12,28,52.2,0.091755,12,0,0,0,1,1,0,0,2,0,2.3613535605739893
1560,20.29,49,155,232.0,0.091709,51,0,0,0,0,0,1,7,1,4,2.247903861433541
1561,20.32,49,160,237.8,0.091663,51,0,0,0,0,0,1,1,1,1,1.891496007331958
1562,20.32,18,41,77.7,0.091617,18,0,0,0,1,1,0,3,1,2,2.989247584986009
1563,20.35,49,141,239.6,0.091572,51,0,0,0,0,0,1,1,2,2,1.98057739186693
1564,20.35,11,29,46.1,0.091526,11,0,0,0,1,1,0,1,1,0,2.449749909159598
1565,20.38,49,170,231.7,0.09148,51,0,0,0,0,0,1,6,1,2,2.1227852000456955
1566,20.4,49,144,238.4,0.091434,51,0,0,0,0,0,1,2,4,1,1.9540810190339553
1567,20.42,49,143,237.3,0.091389,51,0,0,0,0,0,1,3,1,3,1.950154650494811
1568,20.44,31,138,131.0,0.091343,31,0,0,0,1,1,0,5,2,2,1.3839135389821788
1569,20.47,47,146,211.3,0.091297,47,0,0,0,1,1,0,4,1,1,1.6298721473069244
1570,20.48,42,113,188.4,0.091252,42,0,0,0,1,1,0,5,1,3,2.3078053371082277
1571,20.51,49,135,241.4,0.091206,51,0,0,0,0,0,1,0,2,0,1.966757978396825
1572,20.52,25,59,112.1,0.09116,25,0,0,0,1,1,0,2,1,0,2.214882243791697
1573,20.53,49,123,236.6,0.091115,51,0,0,0,0,0,1,6,2,0,2.0057851133489613
1574,20.54,11,31,45.7,0.091069,11,0,0,0,1,1,0,1,1,2,1.800580562170735
1575,20.56,49,151,237.4,0.091024,51,0,0,0,0,0,1,2,0,4,2.0356364882824853
1576,20.57,21,61,89.8,0.090978,21,0,0,0,1,1,0,4,1,1,1.8556306991254332
1577,20.6,49,143,236.5,0.090933,51,0,0,0,0,0,1,4,1,1,1.9643424314528732
1578,20.6,9,23,34.7,0.090887,9,0,0,0,1,1,0,3,1,0,1.8666398973607075
1579,20.62,49,162,234.5,0.090842,51,0,0,0,0,0,1,4,1,2,1.967085658510164
1580,20.64,32,87,148.3,0.090796,33,0,0,0,1,1,0,3,1,0,2.042659865524348
1581,20.66,35,102,157.6,0.090751,35,0,0,0,1,1,0,2,2,2,2.209808900375569
1582,20.68,44,122,197.7,0.090706,44,0,0,0,1,1,0,5,3,1,1.7351044763874244
1583,20.7,35,163,146.1,0.09066,35,0,0,0,1,1,0,7,1,6,1.443201071942976
1584,20.71,19,41,84.8,0.090615,19,0,0,0,1,1,0,1,2,1,2.27124156917461
1585,20.71,16,36,67.4,0.09057,16,0,0,0,1,1,0,4,1,0,2.60141645480128
1586,20.72,17,47,72.3,0.090524,17,0,0,0,1,1,0,3,3,0,2.076993980301487
1587,20.74,48,144,216.4,0.090479,48,0,0,0,1,1,0,4,1,2,1.6800182956701049
1588,20.75,29,57,134.2,0.090434,29,0,0,0,1,1,0,0,3,1,1.8588408299864319
1589,20.77,39,119,172.0,0.090389,39,0,0,0,1,1,0,6,3,1,2.3236361534331538
1590,20.79,49,136,239.0,0.090343,51,0,0,0,0,0,1,2,3,3,2.1223258857609433
1591,20.8,2,9,0.0,0.090298,2,0,0,0,1,1,0,4,1,1,4.770887646939446
1592,20.82,49,150,235.8,0.090253,51,0,0,0,0,0,1,4,1,1,1.8128126086224652
1593,20.83,28,67,127.1,0.090208,28,0,0,0,1,1,0,1,2,2,1.8827257947669571
1594,20.85,42,107,189.1,0.090163,42,0,0,0,1,1,0,5,2,2,1.6135183079461373
1595,20.86,21,63,95.7,0.090118,22,0,0,0,1,1,0,3,1,0,1.7530165365248598
1596,20.87,22,48,95.9,0.090073,22,0,0,0,1,1,0,4,2,3,2.028777292337605
1597,20.88,34,100,150.9,0.090028,34,0,0,0,1,1,0,4,3,1,1.6385239191151073
1598,20.89,21,53,90.5,0.089983,21,0,0,0,1,1,0,4,1,2,2.1935597887187583
1599,20.9,12,27,52.3,0.089938,12,0,0,0,1,1,0,0,1,0,2.380168016450897
1600,20.92,47,148,209.0,0.089893,47,0,0,0,1,1,0,6,1,2,1.8687491561347067
1601,20.93,34,92,157.6,0.089848,35,0,0,0,1,1,0,3,2,2,1.8324776653165025
1602,20.95,49,126,237.0,0.089803,51,0,0,0,0,0,1,5,2,3,2.276275982381416
1603,20.96,6,18,20.1,0.089758,6,0,0,0,1,1,0,3,1,1,3.0906622681672995
1604,20.98,49,151,226.5,0.089713,51,0,0,0,0,0,1,13,3,3,2.119286362890385
1605,21.0,40,100,182.9,0.089668,40,0,0,0,1,1,0,2,2,1,2.1869758540430926
1606,21.02,49,151,235.5,0.089623,51,0,0,0,0,0,1,4,1,3,2.1158780720169745
1607,21.03,31,85,140.4,0.089579,31,0,0,0,1,1,0,1,1,1,2.079008286253155
1608,21.05,34,69,156.1,0.089534,34,0,0,0,1,1,0,2,1,0,1.818729982450119
1609,21.05,11,25,47.5,0.089489,11,0,0,0,1,1,0,0,1,0,2.514831574208397
1610,21.08,49,182,232.5,0.089444,51,0,0,0,0,0,1,4,1,2,2.0473031745408306
1611,21.09,26,56,118.3,0.0894,26,0,0,0,1,1,0,1,1,1,2.448630618807574
1612,21.1,18,45,77.4,0.089355,18,0,0,0,1,1,0,3,2,1,1.801085141904735
1613,21.1,5,15,17.5,0.08931,5,0,0,0,1,1,0,1,1,0,2.6866138667650032
1614,21.12,49,168,231.8,0.089266,51,0,0,0,0,0,1,6,2,3,2.0940916611703115
1615,21.14,25,68,109.1,0.089221,25,0,0,0,1,1,0,4,2,1,2.3095111571500535
1616,21.16,49,165,235.1,0.089176,51,0,0,0,0,0,1,3,2,3,2.1810080112682395
1617,21.18,50,154,225.3,0.089132,50,0,0,0,1,1,0,4,4,3,1.8377063577378578
1618,21.19,2,13,0.7,0.089087,2,0,0,0,1,1,0,3,1,0,3.178311610689057
1619,21.22,49,213,227.3,0.089043,51,0,0,0,0,0,1,6,3,3,1.6086518769010822
1620,21.24,49,155,238.1,0.088998,51,0,0,0,0,0,1,1,0,3,2.195460411996155
1621,21.26,44,117,201.1,0.088954,44,0,0,0,1,1,0,2,1,2,1.849800645697798
1622,21.29,49,159,233.0,0.088909,51,0,0,0,0,0,1,6,0,0,1.8706912710978028
1623,21.31,49,149,234.6,0.088865,51,0,0,0,0,0,1,5,3,4,1.8713670618743732
1624,21.33,49,138,238.0,0.08882,51,0,0,0,0,0,1,3,2,1,1.8487808401805688
1625,21.34,15,32,66.7,0.088776,15,0,0,0,1,1,0,0,1,1,1.9355819332107527
1626,21.36,49,172,229.4,0.088731,51,0,0,0,0,0,1,8,3,3,2.13804894344032
1627,21.37,7,20,27.5,0.088687,7,0,0,0,1,1,0,0,1,5,2.8610052785367874
1628,21.39,49,154,235.2,0.088643,51,0,0,0,0,0,1,4,0,3,1.758766861347925
1629,21.39,2,11,2.4,0.088598,2,0,0,0,1,1,0,1,1,5,3.7403776100141766
1630,21.4,4,15,10.5,0.088554,4,0,0,0,1,1,0,3,1,0,3.017863753663521
1631,21.4,8,28,28.0,0.08851,8,0,0,0,1,1,0,4,1,2,2.3310567032974316
1632,21.41,10,46,35.2,0.088466,10,0,0,0,1,1,0,5,2,2,2.0292681202876217
1633,21.43,49,134,238.5,0.088421,51,0,0,0,0,0,1,3,1,0,1.8336471176907767
1634,21.44,16,37,67.9,0.088377,16,0,0,0,1,1,0,3,1,4,2.7049574417369215
1635,21.44,3,27,3.3,0.088333,3,0,0,0,1,1,0,4,1,0,2.3117791202149727
1636,21.45,20,45,88.4,0.088289,20,0,0,0,1,1,0,2,1,1,2.5173901931650358
1637,21.45,14,30,58.9,0.088245,14,0,0,0,1,1,0,3,1,1,2.1798361490115608
1638,21.47,31,86,137.4,0.088201,31,0,0,0,1,1,0,4,2,0,1.8882989237052248
1639,21.47,4,15,9.5,0.088156,4,0,0,0,1,1,0,4,1,0,2.6914716557887997
1640,21.49,49,153,235.3,0.088112,51,0,0,0,0,0,1,4,1,3,2.035857310095343
1641,21.5,10,23,46.5,0.088068,11,0,0,0,1,1,0,1,1,2,2.7850248509684206
1642,21.5,2,10,0.8,0.088024,2,0,0,0,1,1,0,3,1,2,4.925314254657521
1643,21.52,50,141,229.4,0.08798,50,0,0,0,1,1,0,1,2,5,2.0411341021789786
1644,21.53,5,13,18.7,0.087936,5,0,0,0,1,1,0,0,1,0,3.046514075211628
1645,21.55,49,142,238.6,0.087892,51,0,0,0,0,0,1,2,0,1,1.8300208676525196
1646,21.55,9,20,34.9,0.087848,9,0,0,0,1,1,0,3,1,1,2.4129810392076054
1647,21.58,48,181,208.5,0.087804,48,0,0,0,1,1,0,8,4,4,2.1737991616534877
1648,21.6,49,137,237.9,0.08776,51,0,0,0,0,0,1,3,2,3,2.3248655877650957
1649,21.62,15,104,56.3,0.087717,15,0,0,0,1,1,0,3,1,3,1.41193358399896
1650,21.65,49,211,228.7,0.087673,51,0,0,0,0,0,1,5,3,1,1.8095655140994082
1651,21.67,49,148,238.5,0.087629,51,0,0,0,0,0,1,1,0,6,1.786739669189622
1652,21.69,49,144,238.1,0.087585,51,0,0,0,0,0,1,2,0,4,1.8174759189097036
1653,21.7,3,11,5.7,0.087541,3,0,0,0,1,1,0,3,1,2,3.525047942157424
1654,21.71,36,85,162.2,0.087498,36,0,0,0,1,1,0,4,1,3,1.6985053385629
1655,21.72,30,82,131.8,0.087454,30,0,0,0,1,1,0,5,2,0,2.252015101907512
1656,21.73,4,14,13.6,0.08741,4,0,0,0,1,1,0,0,1,0,2.9511266982853166
1657,21.73,13,30,59.8,0.087366,14,0,0,0,1,1,0,2,1,2,2.3407952342103795
1658,21.74,15,36,65.4,0.087323,15,0,0,0,1,1,0,1,1,0,2.077714179445776
1659,21.76,49,152,222.7,0.087279,49,0,0,0,1,1,0,2,2,1,1.8160367257787366
1660,21.79,49,191,233.5,0.087235,51,0,0,0,0,0,1,2,0,3,1.9476882166403982
1661,21.81,36,107,160.0,0.087192,36,0,0,0,1,1,0,4,3,3,1.8916495657568324
1662,21.82,35,81,157.8,0.087148,35,0,0,0,1,1,0,4,1,1,1.8039245863334166
1663,21.84,48,127,219.0,0.087105,48,0,0,0,1,1,0,3,3,3,1.6298178248277035
1664,21.85,15,35,65.5,0.087061,15,0,0,0,1,1,0,1,2,0,2.3649878306591527
1665,21.87,49,128,238.1,0.087018,51,0,0,0,0,0,1,4,1,0,1.9176041253909775
1666,21.89,40,128,176.9,0.086974,40,0,0,0,1,1,0,5,2,3,1.715618563317073
1667,21.91,49,143,235.4,0.086931,51,0,0,0,0,0,1,5,2,2,1.9120302628677135
1668,21.92,28,68,124.2,0.086887,28,0,0,0,1,1,0,4,1,0,1.7420311350051998
1669,21.95,45,182,199.7,0.086844,45,0,0,0,1,1,0,2,2,1,1.7382403410634248
1670,21.97,33,88,151.0,0.0868,33,0,0,0,1,1,0,0,1,2,1.769521550384365
1671,21.99,49,151,236.7,0.086757,51,0,0,0,0,0,1,3,3,1,1.849007500428831
1672,22.01,49,137,239.8,0.086713,51,0,0,0,0,0,1,1,3,4,2.0427232987923185
1673,22.04,49,161,232.3,0.08667,51,0,0,0,0,0,1,6,1,5,1.893780616710229
1674,22.06,49,140,236.8,0.086627,51,0,0,0,0,0,1,4,1,1,1.7020643663291948
1675,22.08,50,136,229.1,0.086583,50,0,0,0,1,1,0,2,1,3,1.8811812098707719
1676,22.1,49,134,240.4,0.08654,51,0,0,0,0,0,1,1,1,1,1.7397533770293254
1677,22.11,6,24,19.5,0.086497,6,0,0,0,1,1,0,3,1,1,2.4512009096802285
1678,22.12,22,42,97.7,0.086454,22,0,0,0,1,1,0,3,2,1,2.377624002988019
1679,22.14,49,126,239.3,0.08641,51,0,0,0,0,0,1,3,0,0,1.9590429720082867
1680,22.14,6,17,23.3,0.086367,6,0,0,0,1,1,0,0,1,0,2.4946916578338945
1681,22.16,49,151,237.6,0.086324,51,0,0,0,0,0,1,2,2,2,1.920905473488154
1682,22.17,26,63,113.5,0.086281,26,0,0,0,1,1,0,5,2,2,1.7523599878330243
1683,22.21,49,219,227.2,0.086238,51,0,0,0,0,0,1,5,3,8,1.865072262420704
1684,22.22,42,106,191.4,0.086195,42,0,0,0,1,1,0,3,2,0,1.7921245990778074
1685,22.24,50,136,229.3,0.086151,50,0,0,0,0,0,1,7,1,0,1.561211371782292
1686,22.26,49,123,241.6,0.086108,51,0,0,0,0,0,1,1,1,0,2.009207319149482
1687,22.28,49,121,240.7,0.086065,51,0,0,0,0,0,1,2,1,1,1.8160234131138913
1688,22.28,3,11,6.7,0.086022,3,0,0,0,1,1,0,2,1,2,3.75619114000145
1689,22.29,16,45,67.3,0.085979,16,0,0,0,1,1,0,3,2,2,2.289504910651605
1690,22.31,49,158,235.0,0.085936,51,0,0,0,0,0,1,4,2,1,1.851842463751816
1691,22.34,49,152,236.7,0.085893,51,0,0,0,0,0,1,3,3,0,1.8232641323023662
1692,22.35,36,81,161.9,0.08585,36,0,0,0,1,1,0,5,1,0,1.8651088722962639
1693,22.38,49,157,236.7,0.085807,51,0,0,0,0,0,1,2,0,5,1.8098096687252787
1694,22.4,49,152,238.4,0.085765,51,0,0,0,0,0,1,1,1,3,1.9362525702179414
1695,22.41,36,80,164.9,0.085722,36,0,0,0,1,1,0,2,1,1,1.8750755938757906
1696,22.42,15,44,63.4,0.085679,15,0,0,0,1,1,0,2,1,2,2.518868619324246
1697,22.42,8,23,37.7,0.085636,9,0,0,0,1,1,0,0,2,0,2.0895272354286316
1698,22.43,29,62,133.7,0.085593,29,0,0,0,1,1,0,0,3,1,2.3595379272392734
1699,22.45,47,113,217.6,0.08555,47,0,0,0,1,1,0,1,1,1,1.7746113739107203
1700,22.47,49,127,241.2,0.085508,51,0,0,0,0,0,1,1,2,0,1.8136845704155662
1701,22.48,22,55,97.3,0.085465,22,0,0,0,1,1,0,2,1,2,2.019566853414586
1702,22.5,49,128,239.0,0.085422,51,0,0,0,0,0,1,3,1,1,1.7493345742627686
1703,22.52,45,96,208.0,0.085379,45,0,0,0,1,1,0,2,2,4,1.7635104363750065
1704,22.54,49,147,239.1,0.085337,51,0,0,0,0,0,1,1,0,1,2.1259439328869987
1705,22.56,49,147,236.9,0.085294,51,0,0,0,0,0,1,3,2,3,1.6058594200436898
1706,22.58,49,140,238.6,0.085251,51,0,0,0,0,0,1,2,2,3,2.2749573221945933
1707,22.6,45,130,210.8,0.085209,46,0,0,0,1,1,0,1,2,2,1.4752313870768219
1708,22.61,15,41,61.9,0.085166,15,0,0,0,1,1,0,4,1,0,2.1143537563106864
1709,22.63,48,130,217.4,0.085124,48,0,0,0,1,1,0,4,3,6,1.7765746773408877
1710,22.65,49,148,237.0,0.085081,51,0,0,0,0,0,1,3,2,1,2.0265053259507795
1711,22.67,29,76,132.3,0.085038,29,0,0,0,1,1,0,0,1,1,1.551391329314476
1712,22.68,35,86,157.4,0.084996,35,0,0,0,1,1,0,4,2,0,1.9717645734279634
1713,22.7,49,134,240.0,0.084953,51,0,0,0,0,0,1,1,1,5,1.9687142169411538
1714,22.7,1,6,-4.6,0.084911,1,0,0,0,1,1,0,4,1,0,6.286390653335993
1715,22.72,49,140,238.7,0.084869,51,0,0,0,0,0,1,2,0,2,1.6899655419316917
1716,22.73,6,20,21.5,0.084826,6,0,0,0,1,1,0,1,1,5,3.121287940349853
1717,22.75,49,169,230.7,0.084784,51,0,0,0,0,0,1,7,2,3,1.6990430769947311
1718,22.77,30,74,135.4,0.084741,30,0,0,0,1,1,0,2,2,2,2.0288731768564072
1719,22.79,49,178,233.9,0.084699,51,0,0,0,0,0,1,3,4,2,1.9162425074922953
1720,22.81,49,140,237.6,0.084657,51,0,0,0,0,0,1,3,1,3,1.865321636599332
1721,22.83,24,68,105.2,0.084614,24,0,0,0,1,1,0,3,1,0,1.6899828012035423
1722,22.84,27,71,118.6,0.084572,27,0,0,0,1,1,0,4,1,3,2.086811565178869
1723,22.85,26,73,118.4,0.08453,27,0,0,0,1,1,0,4,3,3,1.9054987344603096
1724,22.85,9,24,36.6,0.084487,9,0,0,0,1,1,0,1,1,0,2.264411464066498
1725,22.86,13,37,52.3,0.084445,13,0,0,0,1,1,0,4,2,0,2.099668592178044
1726,22.88,49,147,238.2,0.084403,51,0,0,0,0,0,1,2,1,0,1.8939591966364862
1727,22.9,41,115,184.3,0.084361,41,0,0,0,1,1,0,4,3,2,1.614605231943356
1728,22.91,16,34,70.6,0.084319,16,0,0,0,1,1,0,1,1,0,1.8517224261640688
1729,22.93,49,127,240.0,0.084276,51,0,0,0,0,0,1,2,0,2,1.8363215724127069
1730,22.96,49,189,234.7,0.084234,51,0,0,0,0,0,1,1,3,3,1.8274548023020303
1731,22.97,30,78,133.1,0.084192,30,0,0,0,1,1,0,4,2,1,2.1295141883165467
1732,22.99,44,130,197.8,0.08415,44,0,0,0,1,1,0,4,2,2,1.9362860931522936
1733,23.01,45,130,202.7,0.084108,45,0,0,0,1,1,0,4,5,3,1.8932014413406486
1734,23.03,49,139,237.0,0.084066,51,0,0,0,0,0,1,4,2,0,1.7542563177808355
1735,23.04,31,88,136.1,0.084024,31,0,0,0,1,1,0,5,1,1,1.9650970333896713
1736,23.06,31,71,144.8,0.083982,32,0,0,0,1,1,0,3,3,1,1.6067297939693181
1737,23.08,49,141,236.4,0.08394,51,0,0,0,0,0,1,4,0,4,2.021116290648973
1738,23.1,49,120,238.9,0.083898,51,0,0,0,0,0,1,4,0,0,1.90940276722791
1739,23.11,29,82,129.4,0.083856,29,0,0,0,1,1,0,2,2,4,2.4176408493130004
1740,23.12,37,85,168.4,0.083814,37,0,0,0,1,1,0,3,1,1,2.0778088224264954
1741,23.14,43,102,199.8,0.083772,44,0,0,0,1,1,0,5,1,0,1.8774764654581508
1742,23.16,46,135,208.2,0.08373,46,0,0,0,1,1,0,3,3,3,1.9626881866479136
1743,23.16,4,11,12.9,0.083688,4,0,0,0,1,1,0,1,1,0,3.3943228832183467
1744,23.18,45,110,204.8,0.083646,45,0,0,0,1,1,0,4,1,2,1.8162951782695989
1745,23.19,6,15,23.5,0.083605,6,0,0,0,1,1,0,0,1,0,2.810783658257583
1746,23.21,49,137,239.0,0.083563,51,0,0,0,0,0,1,2,0,2,2.0614281038335713
1747,23.23,49,142,234.5,0.083521,51,0,0,0,0,0,1,6,1,2,2.275278442942337
1748,23.25,49,134,239.4,0.083479,51,0,0,0,0,0,1,2,1,1,1.9789087899289177
1749,23.26,11,34,42.5,0.083438,11,0,0,0,1,1,0,4,1,1,2.4161311673211783
1750,23.26,16,33,70.7,0.083396,16,0,0,0,1,1,0,1,1,0,2.2574630436203083
1751,23.26,3,15,6.4,0.083354,3,0,0,0,1,1,0,2,1,1,2.938645951278828
1752,23.28,31,84,138.0,0.083312,31,0,0,0,1,1,0,3,1,6,1.8390653484897317
1753,23.29,14,37,56.1,0.083271,14,0,0,0,1,1,0,5,1,2,2.4991412682091196
1754,23.29,4,10,13.0,0.083229,4,0,0,0,1,1,0,1,1,0,3.463806482250368
1755,23.3,18,43,80.5,0.083188,18,0,0,0,1,1,0,0,1,2,1.8186820485185697
1756,23.3,14,32,61.7,0.083146,14,0,0,0,1,1,0,0,1,1,1.952370790691051
1757,23.33,49,165,229.9,0.083104,51,0,0,0,0,0,1,8,1,5,1.9581980550228189
1758,23.34,31,74,139.5,0.083063,31,0,0,0,1,1,0,3,1,1,1.6776867469856689
1759,23.36,44,116,201.2,0.083021,44,0,0,0,1,1,0,2,2,2,1.9302023046310446
1760,23.38,49,134,239.4,0.08298,51,0,0,0,0,0,1,2,1,1,2.0126293712207564
1761,23.4,49,141,236.6,0.082938,51,0,0,0,0,0,1,4,0,2,2.0005235696536485
1762,23.42,49,156,233.1,0.082897,51,0,0,0,0,0,1,6,1,2,1.8621698741138983
1763,23.44,49,143,238.5,0.082855,51,0,0,0,0,0,1,2,0,1,1.6413488131794347
1764,23.45,3,9,6.1,0.082814,3,0,0,0,1,1,0,3,1,0,3.275969405145014
1765,23.46,36,86,166.2,0.082773,36,0,0,0,1,1,0,0,2,2,1.7243077866564078
1766,23.46,4,9,19.0,0.082731,5,0,0,0,1,1,0,0,1,1,3.166292366461441
1767,23.48,24,75,103.4,0.08269,24,0,0,0,1,1,0,4,3,1,2.255761830570956
1768,23.5,49,138,238.1,0.082648,51,0,0,0,0,0,1,3,1,0,1.711320087418319
1769,23.52,50,166,228.2,0.082607,50,0,0,0,0,0,1,5,1,1,1.594072437645307
1770,23.54,49,135,236.2,0.082566,51,0,0,0,0,0,1,5,1,2,2.077742423946581
1771,23.56,47,132,212.8,0.082525,47,0,0,0,1,1,0,4,1,0,1.600376015605399
1772,23.57,0,37,-12.7,0.082483,0,0,0,0,1,1,0,4,1,0,1.8285765540473695
1773,23.6,49,163,234.3,0.082442,51,0,0,0,0,0,1,4,3,3,1.8854160015342591
1774,23.61,27,66,118.3,0.082401,27,0,0,0,1,1,0,5,3,1,2.096400234764154
1775,23.63,49,144,237.3,0.08236,51,0,0,0,0,0,1,3,0,2,1.9724301097716341
1776,23.65,49,145,238.2,0.082318,51,0,0,0,0,0,1,2,0,2,1.7543489728062736
1777,23.67,49,146,240.0,0.082277,51,0,0,0,0,0,1,0,0,3,1.7062698919174875
1778,23.68,9,24,36.6,0.082236,9,0,0,0,1,1,0,1,1,0,2.8713656590073735
1779,23.68,6,23,19.7,0.082195,6,0,0,0,1,1,0,3,1,0,2.5954650819589524
1780,23.68,4,10,11.0,0.082154,4,0,0,0,1,1,0,3,1,0,4.019434761661441
1781,23.69,2,16,0.3,0.082113,2,0,0,0,1,1,0,3,1,1,3.340603299237404
1782,23.69,0,8,-8.2,0.082072,0,0,0,0,1,1,0,2,1,4,3.7827624823754737
1783,23.69,1,8,2.2,0.082031,2,0,0,0,1,1,0,2,1,0,3.4431400248759956
1784,23.7,20,57,85.3,0.08199,20,0,0,0,1,1,0,4,1,0,1.8479377050295027
1785,23.7,2,14,0.5,0.081949,2,0,0,0,1,1,0,3,1,1,3.20016757367143
1786,23.71,20,48,87.1,0.081908,20,0,0,0,1,1,0,3,1,1,2.2308084195260207
1787,23.72,9,30,31.3,0.081867,9,0,0,0,1,1,0,5,2,7,2.8782312006398936
1788,23.72,8,22,30.6,0.081826,8,0,0,0,1,1,0,2,1,2,2.3398389070785908
1789,23.73,14,42,59.4,0.081785,14,0,0,0,1,1,0,1,3,4,2.5848929508813088
1790,23.75,49,145,236.9,0.081744,51,0,0,0,0,0,1,3,2,5,1.9845843604198472
1791,23.77,38,99,173.7,0.081703,38,0,0,0,1,1,0,1,2,4,2.14387054228106
1792,23.79,49,132,236.3,0.081662,51,0,0,0,0,0,1,5,2,4,2.0592859984762772
1793,23.79,1,28,-6.8,0.081622,1,0,0,0,1,1,0,4,1,0,2.7965902287321778
1794,23.8,25,76,108.2,0.081581,25,0,0,0,1,1,0,4,1,2,2.5573567593096658
1795,23.83,43,138,190.1,0.08154,43,0,0,0,1,1,0,6,2,1,2.1345062982549594
1796,23.85,49,141,239.4,0.081499,51,0,0,0,0,0,1,1,3,4,1.646112263666805
1797,23.87,49,144,238.3,0.081458,51,0,0,0,0,0,1,2,1,2,1.6674429985785006
1798,23.87,1,22,-5.4,0.081418,1,0,0,0,1,1,0,3,1,2,1.793226732649029
1799,23.9,49,157,235.1,0.081377,51,0,0,0,0,0,1,4,1,1,1.7617099786569146
1800,23.91,23,74,101.4,0.081336,23,0,0,0,1,1,0,1,1,2,1.764058361389829
1801,23.92,25,76,108.2,0.081296,25,0,0,0,1,1,0,4,1,2,1.6424246348597444
1802,23.93,22,71,95.6,0.081255,22,0,0,0,1,1,0,2,2,3,1.558576803381088
1803,23.96,49,146,237.1,0.081214,51,0,0,0,0,0,1,3,2,2,1.7196628403290535
1804,23.97,32,78,145.9,0.081174,32,0,0,0,1,1,0,1,2,3,2.092411063644331
1805,23.99,49,151,237.4,0.081133,51,0,0,0,0,0,1,2,1,4,1.8218783351822787
1806,24.02,49,150,235.8,0.081093,51,0,0,0,0,0,1,4,3,1,1.7218937747165401
1807,24.02,19,52,79.8,0.081052,19,0,0,0,1,1,0,5,2,0,1.8120447828235309
1808,24.03,6,18,20.2,0.081012,6,0,0,0,1,1,0,3,1,0,2.7952541347635935
1809,24.03,2,21,-1.1,0.080971,2,0,0,0,1,1,0,4,1,0,3.0862944958819685
1810,24.06,46,195,198.3,0.080931,46,0,0,0,1,1,0,7,2,2,1.6824173590088702
1811,24.08,49,143,239.3,0.08089,51,0,0,0,0,0,1,1,0,3,1.750295432518192
1812,24.1,29,75,132.5,0.08085,29,0,0,0,1,1,0,0,1,0,1.7241203293306777
1813,24.12,50,151,233.7,0.080809,50,0,0,0,0,0,1,1,2,1,1.6385636630595783
1814,24.14,50,138,235.9,0.080769,50,0,0,0,0,0,1,0,1,2,1.9332203998208295
1815,24.15,29,72,132.7,0.080728,29,0,0,0,1,1,0,0,1,1,2.144558279637403
1816,24.17,49,131,239.7,0.080688,51,0,0,0,0,0,1,2,1,1,1.7739109026350859
1817,24.19,49,146,238.1,0.080648,51,0,0,0,0,0,1,2,1,2,1.715596267425534
1818,24.2,17,56,71.4,0.080607,17,0,0,0,1,1,0,3,1,0,1.7228654594818402
1819,24.22,43,104,199.6,0.080567,43,0,0,0,1,1,0,0,2,0,1.5991834614352018
1820,24.24,49,123,240.4,0.080527,51,0,0,0,0,0,1,2,0,2,1.5788280811107283
1821,24.26,46,126,211.3,0.080487,46,0,0,0,1,1,0,1,2,1,1.804872306262419
1822,24.28,49,143,237.3,0.080446,51,0,0,0,0,0,1,3,4,3,1.760970871838161
1823,24.31,49,154,236.4,0.080406,51,0,0,0,0,0,1,3,2,1,1.7642911108146226
1824,24.31,23,57,109.3,0.080366,24,0,0,0,1,1,0,0,2,0,2.2513986119002025
1825,24.34,49,157,233.9,0.080326,51,0,0,0,0,0,1,5,1,3,1.8844778453952806
1826,24.36,50,150,230.5,0.080286,50,0,0,0,0,0,1,4,3,4,1.7797845437770738
1827,24.36,6,8,23.2,0.080245,6,0,0,0,1,1,0,1,1,0,4.296856361738791
1828,24.38,50,135,225.3,0.080205,50,0,0,0,1,1,0,6,2,2,1.557226468143363
1829,24.39,9,24,37.6,0.080165,9,0,0,0,1,1,0,0,1,0,2.0489807206530934
1830,24.39,7,22,31.4,0.080125,8,0,0,0,1,1,0,1,1,4,2.515516013802945
1831,24.43,49,218,215.0,0.080085,49,0,0,0,1,1,0,3,1,2,1.3890981010470822
1832,24.44,27,69,121.1,0.080045,27,0,0,0,1,1,0,2,2,0,1.9383261832393832
1833,24.45,19,49,82.6,0.080005,19,0,0,0,1,1,0,2,2,5,2.36643773989617
1834,24.45,3,14,5.5,0.079965,3,0,0,0,1,1,0,3,1,1,2.585654241591218
1835,24.46,20,52,86.7,0.079925,20,0,0,0,1,1,0,3,1,1,1.8693864302949925
1836,24.47,21,71,85.6,0.079885,21,0,0,0,1,1,0,7,2,3,2.170288366921248
1837,24.49,50,137,234.0,0.079845,50,0,0,0,0,0,1,2,2,2,1.7412210792053777
1838,24.49,9,13,38.7,0.079805,9,0,0,0,1,1,0,0,1,0,3.702247714826398
1839,24.51,38,83,171.7,0.079765,38,0,0,0,1,1,0,5,1,0,1.9497533783413885
1840,24.53,48,120,221.8,0.079725,48,0,0,0,1,1,0,1,1,2,1.8579974078230654
1841,24.54,35,95,159.5,0.079685,35,0,0,0,1,1,0,1,3,0,2.0266688709566276
1842,24.57,50,158,231.0,0.079646,50,0,0,0,0,0,1,3,2,1,1.7796425129660347
1843,24.58,49,126,240.0,0.079606,51,0,0,0,0,0,1,2,0,3,1.8260341287616126
1844,24.6,49,131,240.7,0.079566,51,0,0,0,0,0,1,1,0,1,1.7957228294191008
1845,24.62,37,81,170.9,0.079526,37,0,0,0,1,1,0,1,2,0,1.9128227794834103
1846,24.63,21,47,95.3,0.079486,21,0,0,0,1,1,0,0,1,0,1.811620390250234
1847,24.65,49,159,232.9,0.079447,51,0,0,0,0,0,1,6,1,1,1.8953824237812356
1848,24.66,12,27,48.3,0.079407,12,0,0,0,1,1,0,4,2,0,2.404222049586264
1849,24.67,32,84,142.6,0.079367,32,0,0,0,1,1,0,4,2,0,2.1569909820110817
1850,24.69,49,148,235.7,0.079328,51,0,0,0,0,0,1,4,1,4,1.9357313452655693
1851,24.7,3,12,11.7,0.079288,4,0,0,0,1,1,0,2,1,1,3.296720641936569
1852,24.7,16,43,62.4,0.079248,16,0,0,0,1,1,0,8,1,3,2.4288077107227704
1853,24.7,2,9,0.9,0.079209,2,0,0,0,1,1,0,3,1,2,3.7514357241014773
1854,24.73,49,150,233.1,0.079169,51,0,0,0,0,0,1,6,1,8,2.135098019753206
1855,24.73,6,26,17.8,0.079129,6,0,0,0,1,1,0,4,1,6,2.287782690001982
1856,24.76,49,157,235.9,0.07909,51,0,0,0,0,0,1,3,2,3,1.9296026070247994
1857,24.77,22,72,93.2,0.07905,22,0,0,0,1,1,0,4,1,6,2.136904196667238
1858,24.79,46,120,211.7,0.079011,46,0,0,0,1,1,0,1,2,3,2.1924905457376727
1859,24.8,18,44,76.4,0.078971,18,0,0,0,1,1,0,4,1,2,1.853949244497766
1860,24.82,49,138,239.9,0.078932,51,0,0,0,0,0,1,1,1,2,1.8595394616430323
1861,24.84,49,165,232.1,0.078892,51,0,0,0,0,0,1,6,2,3,1.9309441222741472
1862,24.86,49,121,224.7,0.078853,49,0,0,0,1,1,0,3,1,2,1.879876125083442
1863,24.88,49,139,235.8,0.078814,51,0,0,0,0,0,1,5,1,2,1.9973731819248461
1864,24.91,49,147,240.2,0.078774,51,0,0,0,0,0,1,0,0,0,1.6752342912039886
1865,24.93,47,133,216.6,0.078735,47,0,0,0,1,1,0,0,3,1,1.7171615951395456
1866,24.95,49,153,237.5,0.078695,51,0,0,0,0,0,1,2,2,1,1.524556468553119
1867,24.97,49,148,239.0,0.078656,51,0,0,0,0,0,1,1,1,1,1.734771590629824
1868,24.99,33,92,148.5,0.078617,33,0,0,0,1,1,0,2,2,3,1.5581397068511509
1869,25.01,49,119,239.0,0.078577,51,0,0,0,0,0,1,4,2,0,1.6910916189049254
1870,25.01,6,13,20.7,0.078538,6,0,0,0,1,1,0,3,1,0,3.844300733091185
1871,25.03,37,129,163.1,0.078499,37,0,0,0,1,1,0,4,1,0,1.551325148895702
1872,25.05,49,122,241.7,0.07846,51,0,0,0,0,0,1,1,1,0,1.9719595470735474
1873,25.05,3,14,4.6,0.07842,3,0,0,0,1,1,0,4,1,0,3.0139779259907127
1874,25.07,49,127,235.9,0.078381,51,0,0,0,0,0,1,6,1,3,1.7374016465419726
1875,25.09,41,124,180.1,0.078342,41,0,0,0,1,1,0,7,3,5,1.9198498733728153
1876,25.11,41,124,181.6,0.078303,41,0,0,0,1,1,0,6,1,0,1.8611221606488704
1877,25.13,49,160,237.6,0.078264,51,0,0,0,0,0,1,1,2,3,1.7612142828393225
1878,25.17,49,221,225.3,0.078224,51,0,0,0,0,0,1,7,4,5,1.5563704567912968
1879,25.19,49,138,237.0,0.078185,51,0,0,0,0,0,1,4,0,1,2.2813654914325885
1880,25.21,42,95,191.3,0.078146,42,0,0,0,1,1,0,4,1,2,1.8625201671283458
1881,25.21,13,31,56.9,0.078107,13,0,0,0,1,1,0,0,1,0,2.2479749495337895
1882,25.23,33,85,150.4,0.078068,33,0,0,0,1,1,0,1,2,1,1.4885447139266388
1883,25.23,12,32,48.8,0.078029,12,0,0,0,1,1,0,3,2,0,2.293183109416914
1884,25.24,21,51,98.7,0.07799,22,0,0,0,1,1,0,1,1,2,1.7896745346334377
1885,25.26,49,146,240.1,0.077951,51,0,0,0,0,0,1,0,1,2,1.6081158506779307
1886,25.28,39,92,179.8,0.077912,39,0,0,0,1,1,0,1,1,0,1.618957645742715
1887,25.3,49,136,240.3,0.077873,51,0,0,0,0,0,1,1,2,0,1.6620776540724809
1888,25.3,14,32,58.8,0.077834,14,0,0,0,1,1,0,3,1,0,2.4323558145436386
1889,25.33,49,145,236.1,0.077795,51,0,0,0,0,0,1,4,3,3,1.7443109177103462
1890,25.35,49,145,236.4,0.077756,51,0,0,0,0,0,1,4,2,0,1.6991568914404154
1891,25.37,49,164,233.4,0.077718,51,0,0,0,0,0,1,5,1,1,1.8557192189779057
1892,25.38,26,60,118.0,0.077679,26,0,0,0,1,1,0,1,1,0,1.8383283961336014
1893,25.4,36,95,160.2,0.07764,36,0,0,0,1,1,0,5,3,3,2.2596126026076107
1894,25.41,20,47,86.2,0.077601,20,0,0,0,1,1,0,4,3,1,2.072516582465053
1895,25.42,36,99,162.8,0.077562,36,0,0,0,1,1,0,2,3,3,1.9793507694295844
1896,25.44,50,135,236.4,0.077523,50,0,0,0,0,0,1,0,1,0,1.876593394559252
1897,25.47,46,154,203.4,0.077485,46,0,0,0,1,1,0,6,1,2,1.9471566629271384
1898,25.49,49,141,236.6,0.077446,51,0,0,0,0,0,1,4,1,2,1.8131019848468068
1899,25.52,49,173,231.4,0.077407,51,0,0,0,0,0,1,6,4,2,1.788736381963859
1900,25.54,49,138,238.8,0.077369,51,0,0,0,0,0,1,2,1,3,1.6059437213332424
1901,25.56,49,134,240.4,0.07733,51,0,0,0,0,0,1,1,5,1,1.9284201190553074
1902,25.58,49,150,235.7,0.077291,51,0,0,0,0,0,1,4,2,2,1.8543529088834887
1903,25.61,49,156,234.1,0.077253,51,0,0,0,0,0,1,5,1,2,2.04232246761313
1904,25.62,40,108,181.0,0.077214,40,0,0,0,1,1,0,3,1,2,1.9825771420722267
1905,25.65,49,148,237.6,0.077175,51,0,0,0,0,0,1,2,2,5,1.8492786977883258
1906,25.65,1,9,-4.9,0.077137,1,0,0,0,1,1,0,4,1,0,5.266932926813577
1907,25.67,49,138,239.8,0.077098,51,0,0,0,0,0,1,1,0,3,1.760450694762821
1908,25.69,41,131,182.9,0.07706,41,0,0,0,1,1,0,4,2,0,1.553033596736795
1909,25.71,49,127,240.0,0.077021,51,0,0,0,0,0,1,2,0,2,1.9230960746481318
1910,25.72,29,77,129.2,0.076983,29,0,0,0,1,1,0,3,2,1,1.7703956633730502
1911,25.75,49,143,236.4,0.076944,51,0,0,0,0,0,1,4,3,2,1.9238910389154005
1912,25.76,37,91,170.8,0.076906,37,0,0,0,1,1,0,0,2,1,2.1041744376310128
1913,25.78,46,116,210.2,0.076867,46,0,0,0,1,1,0,3,2,2,1.817208365899753
1914,25.79,23,84,98.5,0.076829,23,0,0,0,1,1,0,3,1,1,1.577558775951216
1915,25.81,49,134,238.4,0.07679,51,0,0,0,0,0,1,3,0,1,1.850336198034298
1916,25.82,4,15,12.4,0.076752,4,0,0,0,1,1,0,1,1,1,3.2348255286829093
1917,25.83,32,67,143.3,0.076714,32,0,0,0,1,1,0,5,1,0,2.1839997860465377
1918,25.84,26,54,116.5,0.076675,26,0,0,0,1,1,0,3,2,1,2.038822986161117
1919,25.86,49,148,237.0,0.076637,51,0,0,0,0,0,1,3,1,1,1.694843203679946
1920,25.88,49,144,235.3,0.076598,51,0,0,0,0,0,1,5,4,2,1.9889793800112368
1921,25.9,31,86,141.3,0.07656,32,0,0,0,1,1,0,5,1,1,2.070408379949493
1922,25.9,5,29,14.0,0.076522,5,0,0,0,1,1,0,3,1,1,1.720680248546773
1923,25.93,49,138,239.0,0.076484,51,0,0,0,0,0,1,2,0,1,1.6000795493802051
1924,25.94,34,88,152.0,0.076445,34,0,0,0,1,1,0,4,1,2,1.8557585667071932
1925,25.96,49,155,235.0,0.076407,51,0,0,0,0,0,1,4,0,4,1.6136570782236503
1926,25.98,27,68,121.1,0.076369,27,0,0,0,1,1,0,2,1,1,2.243265519932187
1927,26.0,49,156,237.2,0.076331,51,0,0,0,0,0,1,2,0,1,1.9566529529534795
1928,26.01,23,48,103.0,0.076293,23,0,0,0,1,1,0,2,1,2,1.9041111464198366
1929,26.03,50,145,233.1,0.076254,50,0,0,0,0,0,1,2,1,3,1.5056945636700048
1930,26.05,49,139,239.7,0.076216,51,0,0,0,0,0,1,1,2,3,1.7483256013889399
1931,26.06,19,51,78.9,0.076178,19,0,0,0,1,1,0,6,2,0,1.7474245284771808
1932,26.08,49,140,239.9,0.07614,51,0,0,0,0,0,1,1,0,0,1.6413619772663741
1933,26.1,49,140,238.7,0.076102,51,0,0,0,0,0,1,2,1,2,1.7303936062240475
1934,26.12,37,84,170.5,0.076064,37,0,0,0,1,1,0,1,2,1,1.811780131107849
1935,26.14,49,162,235.6,0.076026,51,0,0,0,0,0,1,3,1,1,1.8697274313464085
1936,26.16,49,141,239.7,0.075988,51,0,0,0,0,0,1,1,1,1,1.6727824056801988
1937,26.19,49,158,222.1,0.07595,49,0,0,0,1,1,0,2,3,1,1.85625361269481
1938,26.21,49,166,236.2,0.075912,51,0,0,0,0,0,1,2,3,1,1.8670840357154583
1939,26.22,19,45,89.0,0.075874,20,0,0,0,1,1,0,1,1,5,2.0405848522964276
1940,26.22,0,9,-11.1,0.075836,0,0,0,0,1,1,0,5,1,2,4.5922304232290765
1941,26.23,4,19,10.8,0.075798,4,0,0,0,1,1,0,2,2,3,3.1117787912685997
1942,26.23,9,27,33.0,0.07576,9,0,0,0,1,1,0,4,1,3,2.4947061316932113
1943,26.23,4,11,10.9,0.075722,4,0,0,0,1,1,0,3,1,0,4.212147890493054
1944,26.25,49,124,239.4,0.075685,51,0,0,0,0,0,1,3,1,1,1.7291698833462288
1945,26.27,49,141,239.5,0.075647,51,0,0,0,0,0,1,1,1,3,1.918121371932371
1946,26.29,36,86,165.2,0.075609,36,0,0,0,1,1,0,1,1,2,2.194428291029057
1947,26.31,49,116,228.3,0.075571,49,0,0,0,1,1,0,0,1,1,1.8285965432486573
1948,26.32,36,89,160.1,0.075533,36,0,0,0,1,1,0,6,2,0,2.010398064782273
1949,26.35,49,182,234.6,0.075496,51,0,0,0,0,0,1,2,0,1,1.4726992218963222
1950,26.36,39,110,175.7,0.075458,39,0,0,0,1,1,0,3,1,3,1.6359027323161848
1951,26.37,17,46,69.3,0.07542,17,0,0,0,1,1,0,6,1,1,1.9704323452517145
1952,26.38,23,60,100.9,0.075382,23,0,0,0,1,1,0,3,1,1,1.7506118270078668
1953,26.41,50,157,225.2,0.075345,50,0,0,0,1,1,0,4,2,1,1.7993150398930529
1954,26.42,27,61,118.9,0.075307,27,0,0,0,1,1,0,5,1,0,1.7348227252712038
1955,26.44,49,166,236.0,0.075269,51,0,0,0,0,0,1,2,1,3,1.80411615564546
1956,26.45,15,45,65.4,0.075232,15,0,0,0,1,1,0,0,1,1,1.8371019356233471
1957,26.47,49,139,223.1,0.075194,49,0,0,0,1,1,0,3,3,0,1.8656042053462218
1958,26.48,13,32,61.7,0.075157,14,0,0,0,1,1,0,0,2,1,2.014267358864402
1959,26.49,22,53,95.7,0.075119,22,0,0,0,1,1,0,4,2,0,2.1525638600437778
1960,26.49,3,11,5.9,0.075081,3,0,0,0,1,1,0,3,1,0,3.582025117316594
1961,26.51,49,149,237.0,0.075044,51,0,0,0,0,0,1,3,2,0,1.8081111676715849
1962,26.53,50,142,228.8,0.075006,50,0,0,0,1,1,0,2,2,0,1.5885300765760533
1963,26.56,49,174,232.2,0.074969,51,0,0,0,0,0,1,5,1,3,1.9823982800115365
1964,26.58,49,142,238.4,0.074931,51,0,0,0,0,0,1,2,1,3,1.6410890237033595
1965,26.6,46,107,209.1,0.074894,46,0,0,0,1,1,0,5,1,2,1.8276987458623635
1966,26.62,46,132,207.7,0.074856,46,0,0,0,1,1,0,4,3,1,1.5262543344878017
1967,26.63,24,57,107.3,0.074819,24,0,0,0,1,1,0,2,1,0,2.25583628627082
1968,26.65,50,121,237.8,0.074782,50,0,0,0,0,0,1,0,1,0,1.7552552336487912
1969,26.67,49,134,241.2,0.074744,51,0,0,0,0,0,1,0,1,3,1.7332062288132892
1970,26.69,49,128,242.1,0.074707,51,0,0,0,0,0,1,0,0,0,1.9746545849238648
1971,26.71,49,130,238.8,0.074669,51,0,0,0,0,0,1,3,2,1,1.6356036007886388
1972,26.72,20,49,89.0,0.074632,20,0,0,0,1,1,0,1,1,1,1.7376581108307645
1973,26.74,49,147,238.2,0.074595,51,0,0,0,0,0,1,2,1,0,1.7592500128445634
1974,26.77,36,155,155.1,0.074558,36,0,0,0,1,1,0,4,1,4,1.5569895035143835
1975,26.77,17,40,76.0,0.07452,17,0,0,0,1,1,0,0,2,0,1.8111799872714915
1976,26.8,49,164,238.1,0.074483,51,0,0,0,0,0,1,0,1,4,1.6756647197639523
1977,26.82,49,140,238.6,0.074446,51,0,0,0,0,0,1,2,0,3,1.6976523080565358
1978,26.84,49,161,236.6,0.074408,51,0,0,0,0,0,1,2,0,2,1.5402510873669675
1979,26.85,3,15,12.3,0.074371,4,0,0,0,1,1,0,1,1,2,2.576681807305165
1980,26.85,4,15,10.2,0.074334,4,0,0,0,1,1,0,3,1,3,3.245249500308932
1981,26.88,50,191,224.0,0.074297,50,0,0,0,0,0,1,6,1,8,1.8058747015866519
1982,26.89,15,39,61.1,0.07426,15,0,0,0,1,1,0,5,1,0,2.274340823933101
1983,26.91,49,132,237.7,0.074223,51,0,0,0,0,0,1,4,0,0,1.982332104349264
1984,26.93,49,148,238.0,0.074186,51,0,0,0,0,0,1,2,1,1,1.950987379169156
1985,26.96,49,196,215.0,0.074148,49,0,0,0,1,1,0,5,3,4,1.6897704137493594
1986,26.98,49,126,241.1,0.074111,51,0,0,0,0,0,1,1,1,2,1.7638859458162048
1987,26.98,1,5,-1.5,0.074074,1,0,0,0,1,1,0,1,1,0,8.143680719257029
1988,27.0,49,125,240.1,0.074037,51,0,0,0,0,0,1,2,0,3,2.0978539380746577
1989,27.02,49,158,234.3,0.074,51,0,0,0,0,0,1,4,0,8,1.9322393215590294
1990,27.02,7,11,28.9,0.073963,7,0,0,0,1,1,0,0,1,0,3.3301789469349035
1991,27.05,49,136,238.2,0.073926,51,0,0,0,0,0,1,3,3,1,1.8164356398009327
1992,27.07,49,141,221.8,0.073889,49,0,0,0,1,1,0,4,2,1,1.9279970937748336
1993,27.07,6,16,22.4,0.073852,6,0,0,0,1,1,0,1,2,0,3.183579623800502
1994,27.08,35,79,157.0,0.073815,35,0,0,0,1,1,0,5,2,1,2.026977444092162
1995,27.09,22,45,100.3,0.073779,22,0,0,0,1,1,0,0,1,2,2.0195111650808846
1996,27.11,49,123,241.5,0.073742,51,0,0,0,0,0,1,1,0,1,1.7164103382113847
1997,27.12,19,39,89.1,0.073705,20,0,0,0,1,1,0,2,1,0,2.2549628960711394
1998,27.13,24,50,106.9,0.073668,24,0,0,0,1,1,0,3,1,1,1.702553043811932
1999,27.13,3,8,9.2,0.073631,3,0,0,0,1,1,0,0,1,0,3.9678243336709476
2000,27.15,49,133,239.4,0.073594,51,0,0,0,0,0,1,2,2,2,1.804496911576757
2001,27.17,49,143,236.5,0.073557,51,0,0,0,0,0,1,4,0,1,1.8000960471755743
2002,27.19,49,154,235.2,0.073521,51,0,0,0,0,0,1,4,0,3,1.6126406634068045
2003,27.21,49,122,238.7,0.073484,51,0,0,0,0,0,1,4,0,0,1.7470943863299533
2004,27.24,49,175,235.2,0.073447,51,0,0,0,0,0,1,2,1,2,1.9333675679818165
2005,27.26,49,162,236.1,0.07341,51,0,0,0,0,0,1,2,3,6,1.7283806340267835
2006,27.27,12,38,48.9,0.073374,12,0,0,0,1,1,0,2,1,3,2.4023141521747093
2007,27.29,49,152,237.4,0.073337,51,0,0,0,0,0,1,2,2,3,1.991608550409947
2008,27.32,49,157,237.0,0.0733,51,0,0,0,0,0,1,2,0,2,1.7647502040633314
2009,27.34,48,122,217.7,0.073264,48,0,0,0,1,1,0,5,3,1,1.787164809377133
2010,27.37,49,198,232.6,0.073227,51,0,0,0,0,0,1,2,1,5,1.6995169978872922
2011,27.39,49,136,240.3,0.073191,51,0,0,0,0,0,1,1,2,0,1.7671813922022366
2012,27.41,49,182,232.4,0.073154,51,0,0,0,0,0,1,4,0,3,1.947026641054208
2013,27.43,36,94,161.4,0.073117,36,0,0,0,1,1,0,4,2,2,1.8801624349376544
2014,27.45,41,110,185.8,0.073081,41,0,0,0,1,1,0,3,1,2,1.7109607716716777
2015,27.46,35,100,159.7,0.073044,35,0,0,0,1,1,0,0,1,3,1.9734698282943872
2016,27.48,32,132,138.5,0.073008,32,0,0,0,1,1,0,3,1,3,1.8297332718514518
2017,27.51,49,155,236.2,0.072971,51,0,0,0,0,0,1,3,1,2,1.6911963980910987
2018,27.51,10,31,39.7,0.072935,10,0,0,0,1,1,0,2,1,2,1.9435008836577377
2019,27.53,46,131,208.5,0.072898,46,0,0,0,1,1,0,3,2,4,1.5235856907538663
2020,27.55,49,138,238.0,0.072862,51,0,0,0,0,0,1,3,1,1,1.9838997853310008
2021,27.58,49,140,238.9,0.072825,51,0,0,0,0,0,1,2,1,0,1.8765320373453072
2022,27.59,23,56,102.4,0.072789,23,0,0,0,1,1,0,2,1,0,2.1314889851095375
2023,27.61,49,124,238.5,0.072753,51,0,0,0,0,0,1,4,0,0,1.5490868846500754
2024,27.61,17,53,71.4,0.072716,17,0,0,0,1,1,0,3,1,3,2.0297917477542713
2025,27.64,49,151,236.7,0.07268,51,0,0,0,0,0,1,3,0,1,1.9146637956871921
2026,27.64,17,39,73.1,0.072644,17,0,0,0,1,1,0,3,1,0,2.4520370654358716
2027,27.65,21,59,91.7,0.072607,21,0,0,0,1,1,0,2,1,4,2.3515371212803466
2028,27.68,49,157,236.0,0.072571,51,0,0,0,0,0,1,3,2,2,1.7548732218414274
2029,27.7,49,149,238.9,0.072535,51,0,0,0,0,0,1,1,0,1,1.799847499495081
2030,27.71,8,20,29.9,0.072498,8,0,0,0,1,1,0,3,1,1,3.200428714337094
2031,27.72,27,56,122.2,0.072462,27,0,0,0,1,1,0,2,1,2,1.969217934484521
2032,27.73,28,63,128.7,0.072426,28,0,0,0,1,1,0,0,1,0,2.0249849640943958
2033,27.75,49,127,241.0,0.07239,51,0,0,0,0,0,1,1,3,2,2.4166671041830545
2034,27.77,49,149,234.6,0.072353,51,0,0,0,0,0,1,5,1,4,1.960371090665221
2035,27.79,49,142,238.7,0.072317,51,0,0,0,0,0,1,2,1,0,1.9332200608232175
2036,27.81,49,136,239.1,0.072281,51,0,0,0,0,0,1,2,1,2,1.9775896394458738
2037,27.82,8,22,31.6,0.072245,8,0,0,0,1,1,0,1,1,2,2.2191675749136293
2038,27.84,49,138,241.1,0.072209,51,0,0,0,0,0,1,0,0,0,1.8625078859700792
2039,27.84,12,41,49.9,0.072173,12,0,0,0,1,1,0,1,2,0,2.2823547852906962
2040,27.87,49,146,240.0,0.072137,51,0,0,0,0,0,1,0,0,3,1.8674175487370108
2041,27.89,49,139,240.0,0.072101,51,0,0,0,0,0,1,1,1,0,1.789460682369637
2042,27.91,49,135,238.3,0.072065,51,0,0,0,0,0,1,3,0,1,1.8889148113751002
2043,27.92,20,43,90.7,0.072029,20,0,0,0,1,1,0,0,1,0,1.7139484788617563
2044,27.94,49,134,238.3,0.071992,51,0,0,0,0,0,1,3,1,2,1.6090180144768005
2045,27.95,16,44,69.6,0.071957,16,0,0,0,1,1,0,1,1,0,2.188668148757166
2046,27.95,22,56,98.3,0.071921,22,0,0,0,1,1,0,1,2,1,2.007411792955518
2047,27.98,49,131,238.6,0.071885,51,0,0,0,0,0,1,3,1,2,1.9555611639387298
2048,28.01,49,199,213.8,0.071849,49,0,0,0,1,1,0,6,2,3,1.546169105148442
2049,28.03,49,134,241.4,0.071813,51,0,0,0,0,0,1,0,0,1,1.7704796159495657
2050,28.04,37,105,166.5,0.071777,37,0,0,0,1,1,0,3,2,0,1.78465692744565
2051,28.07,49,173,233.4,0.071741,51,0,0,0,0,0,1,4,2,2,1.9371238417043095
2052,28.08,37,78,167.0,0.071705,37,0,0,0,1,1,0,5,2,2,1.76858220736502
2053,28.11,49,153,237.5,0.071669,51,0,0,0,0,0,1,2,3,1,1.8995019445445516
2054,28.13,49,143,237.5,0.071633,51,0,0,0,0,0,1,3,0,1,1.6079432286925979
2055,28.15,49,142,237.6,0.071598,51,0,0,0,0,0,1,3,0,1,1.5262336976750508
2056,28.15,11,25,44.5,0.071562,11,0,0,0,1,1,0,3,1,0,2.666802393882263
2057,28.16,9,21,37.9,0.071526,9,0,0,0,1,1,0,0,1,0,2.3365055504486563
2058,28.18,49,128,240.9,0.07149,51,0,0,0,0,0,1,1,1,2,2.0112048611145252
2059,28.21,49,239,229.7,0.071454,51,0,0,0,0,0,1,1,1,3,1.5586804443887747
2060,28.24,49,187,233.9,0.071419,51,0,0,0,0,0,1,2,1,3,1.8488441981858734
2061,28.27,49,151,237.6,0.071383,51,0,0,0,0,0,1,2,2,2,2.017855184868518
2062,28.27,17,48,71.2,0.071347,17,0,0,0,1,1,0,4,1,0,2.013633720194129
2063,28.29,41,113,182.7,0.071312,41,0,0,0,1,1,0,6,1,0,1.8475902607863006
2064,28.31,48,129,219.0,0.071276,48,0,0,0,1,1,0,3,4,1,1.8368615321801374
2065,28.33,37,106,167.2,0.07124,37,0,0,0,1,1,0,2,1,2,1.8721544235220138
2066,28.33,3,18,4.2,0.071205,3,0,0,0,1,1,0,4,1,0,3.06392619839429
2067,28.34,14,34,61.5,0.071169,14,0,0,0,1,1,0,0,1,1,2.165151854405539
2068,28.35,13,35,55.2,0.071134,13,0,0,0,1,1,0,1,1,3,2.356818694319383
2069,28.35,16,35,69.2,0.071098,16,0,0,0,1,1,0,2,1,3,2.013212418683871
2070,28.36,27,75,116.3,0.071062,27,0,0,0,1,1,0,6,2,2,1.7296904609282995
2071,28.39,46,141,205.5,0.071027,46,0,0,0,1,1,0,5,1,4,1.8224490703046576
2072,28.41,49,153,233.2,0.070991,51,0,0,0,0,0,1,6,4,4,1.8158360102452913
2073,28.42,16,45,69.0,0.070956,16,0,0,0,1,1,0,1,1,5,2.382737442679256
2074,28.44,50,150,226.6,0.07092,50,0,0,0,1,1,0,3,1,4,1.6627227462917191
2075,28.46,49,117,241.2,0.070885,51,0,0,0,0,0,1,2,1,0,1.8876334549063414
2076,28.47,26,72,117.6,0.070849,26,0,0,0,1,1,0,0,2,2,1.704481813908428
2077,28.49,49,141,238.5,0.070814,51,0,0,0,0,0,1,2,1,3,1.6618191496501455
2078,28.52,49,142,237.4,0.070779,51,0,0,0,0,0,1,3,1,3,1.8883258693511633
2079,28.53,45,106,206.4,0.070743,45,0,0,0,1,1,0,3,1,0,1.5421234286037675
2080,28.55,43,105,195.3,0.070708,43,0,0,0,1,1,0,4,2,2,1.529496360436225
2081,28.56,33,75,148.4,0.070673,33,0,0,0,1,1,0,4,2,1,1.9221319363543061
2082,28.56,1,8,-1.8,0.070637,1,0,0,0,1,1,0,1,1,0,3.541858555686238
2083,28.58,26,87,114.0,0.070602,26,0,0,0,1,1,0,2,1,3,1.898922112708456
2084,28.58,9,22,36.8,0.070567,9,0,0,0,1,1,0,1,1,0,1.9726894297738937
2085,28.61,49,198,228.0,0.070531,51,0,0,0,0,0,1,7,1,1,1.7097038581245874
2086,28.63,49,142,237.6,0.070496,51,0,0,0,0,0,1,3,1,1,1.8806973320177192
2087,28.66,30,144,125.5,0.070461,30,0,0,0,1,1,0,5,2,1,1.8637757518908704
2088,28.67,27,62,121.7,0.070426,27,0,0,0,1,1,0,2,1,1,2.063991521913897
2089,28.69,49,166,237.2,0.07039,51,0,0,0,0,0,1,1,3,1,1.5484603702533177
2090,28.7,25,58,118.2,0.070355,26,0,0,0,1,1,0,1,1,0,1.9544653451637255
2091,28.7,2,12,0.8,0.07032,2,0,0,0,1,1,0,3,1,0,2.8455273427810712
2092,28.72,30,69,133.9,0.070285,30,0,0,0,1,1,0,4,1,2,1.9785062936780502
2093,28.73,35,80,160.9,0.07025,35,0,0,0,1,1,0,1,2,1,1.8188645818992264
2094,28.75,49,142,239.0,0.070215,51,0,0,0,0,0,1,1,1,7,1.7820251129336184
2095,28.77,50,143,233.1,0.070179,50,0,0,0,0,0,1,2,4,5,1.7113690888431534
2096,28.79,49,125,242.3,0.070144,51,0,0,0,0,0,1,0,1,1,1.838083906349109
2097,28.81,34,124,147.5,0.070109,34,0,0,0,1,1,0,5,2,1,1.4459095657689118
2098,28.83,49,146,239.1,0.070074,51,0,0,0,0,0,1,1,0,2,1.845687152322239
2099,28.86,49,149,238.6,0.070039,51,0,0,0,0,0,1,1,0,4,1.909328868588311
2100,28.88,49,138,238.9,0.070004,51,0,0,0,0,0,1,2,2,2,1.641592836076012
2101,28.9,49,127,239.9,0.069969,51,0,0,0,0,0,1,2,1,3,1.8652509587605834
2102,28.92,49,146,239.9,0.069934,51,0,0,0,0,0,1,0,2,4,1.6637278011149566
2103,28.92,0,6,-2.7,0.069899,1,0,0,0,1,1,0,2,1,1,6.0293288490118115
2104,28.93,14,41,57.5,0.069864,14,0,0,0,1,1,0,3,1,4,2.128072634933259
2105,28.93,6,15,20.5,0.069829,6,0,0,0,1,1,0,3,1,0,3.3765501238003592
2106,28.94,18,59,75.8,0.069794,18,0,0,0,1,1,0,3,2,3,2.2571516330695642
2107,28.95,10,34,37.6,0.06976,10,0,0,0,1,1,0,4,2,0,2.181849797094063
2108,28.95,0,14,-9.4,0.069725,0,0,0,0,1,1,0,3,1,0,3.3829810303295114
2109,28.96,16,44,64.5,0.06969,16,0,0,0,1,1,0,6,1,1,1.89161360932409
2110,28.96,13,35,53.3,0.069655,13,0,0,0,1,1,0,3,1,2,1.7753006149548278
2111,28.99,46,178,202.5,0.06962,46,0,0,0,1,1,0,4,1,7,1.653897838762808
2112,29.01,49,147,239.0,0.069585,51,0,0,0,0,0,1,1,0,2,1.5626257833900477
2113,29.03,31,79,141.0,0.069551,31,0,0,0,1,1,0,1,1,1,1.4849102242706365
2114,29.05,49,136,238.1,0.069516,51,0,0,0,0,0,1,3,1,2,1.659184771628144
2115,29.05,3,26,4.0,0.069481,3,0,0,0,1,1,0,3,1,4,2.276199454928247
2116,29.08,49,149,234.9,0.069446,51,0,0,0,0,0,1,5,2,1,1.947202343557681
2117,29.08,16,38,71.1,0.069412,16,0,0,0,1,1,0,0,1,1,2.3214463733213373
2118,29.1,49,131,240.7,0.069377,51,0,0,0,0,0,1,1,1,1,2.0048236061073106
2119,29.13,49,211,231.3,0.069342,51,0,0,0,0,0,1,2,0,5,1.5386305785271748
2120,29.16,50,132,235.7,0.069307,50,0,0,0,0,0,1,1,2,0,1.6077965993373347
2121,29.18,49,131,241.7,0.069273,51,0,0,0,0,0,1,0,1,1,1.6860568328239882
2122,29.2,49,144,239.5,0.069238,51,0,0,0,0,0,1,1,0,0,1.7996225912546246
2123,29.22,49,151,236.7,0.069204,51,0,0,0,0,0,1,3,0,1,1.8124006711493479
2124,29.24,49,151,237.7,0.069169,51,0,0,0,0,0,1,2,5,1,1.9679905860132874
2125,29.27,49,138,220.0,0.069134,49,0,0,0,1,1,0,6,1,2,2.0060812568528337
2126,29.28,20,62,85.8,0.0691,20,0,0,0,1,1,0,3,2,0,1.9369442806452506
2127,29.3,49,157,239.0,0.069065,51,0,0,0,0,0,1,0,2,2,1.6885336855352402
2128,29.32,45,115,206.4,0.069031,45,0,0,0,1,1,0,2,2,1,1.8601600062268155
2129,29.34,49,152,237.6,0.068996,51,0,0,0,0,0,1,2,0,1,1.9507740118690498
2130,29.35,36,79,163.0,0.068962,36,0,0,0,1,1,0,4,2,1,1.861330623131772
2131,29.37,49,132,239.6,0.068927,51,0,0,0,0,0,1,2,1,1,1.7853708193240867
2132,29.38,15,29,67.1,0.068893,15,0,0,0,1,1,0,0,1,0,1.871659217711314
2133,29.39,25,63,113.7,0.068858,25,0,0,0,1,1,0,0,1,0,1.8969269559142936
2134,29.41,49,141,239.7,0.068824,51,0,0,0,0,0,1,1,0,1,1.9760801667227348
2135,29.42,10,24,40.5,0.068789,10,0,0,0,1,1,0,2,1,1,2.487788245996329
2136,29.43,15,95,55.3,0.068755,15,0,0,0,1,1,0,5,1,2,1.7732898953489875
2137,29.44,8,22,29.8,0.068721,8,0,0,0,1,1,0,3,2,0,2.5404465939619203
2138,29.44,5,23,13.7,0.068686,5,0,0,0,1,1,0,4,1,0,2.285198463874349
2139,29.45,21,52,93.2,0.068652,21,0,0,0,1,1,0,1,1,6,2.0302594461752417
2140,29.46,17,40,75.9,0.068618,17,0,0,0,1,1,0,0,1,1,1.8206616950211072
2141,29.47,26,93,106.1,0.068583,26,0,0,0,1,1,0,9,4,6,1.7532824790779595
2142,29.49,40,122,177.4,0.068549,40,0,0,0,1,1,0,5,1,4,1.6383374753448807
2143,29.51,49,143,239.2,0.068515,51,0,0,0,0,0,1,1,1,4,1.7503657326114106
2144,29.53,49,133,238.4,0.068481,51,0,0,0,0,0,1,3,0,2,1.8323497627639538
2145,29.56,49,154,238.5,0.068446,51,0,0,0,0,0,1,1,2,0,1.9766048606063336
2146,29.58,49,139,235.6,0.068412,51,0,0,0,0,0,1,5,1,4,2.1103744519121848
2147,29.6,40,101,186.8,0.068378,41,0,0,0,1,1,0,3,4,1,1.852993772139351
2148,29.62,47,162,209.6,0.068344,47,0,0,0,1,1,0,4,2,2,1.445174212092543
2149,29.63,17,36,76.4,0.068309,17,0,0,0,1,1,0,0,1,0,1.8889479682949846
2150,29.64,25,64,111.6,0.068275,25,0,0,0,1,1,0,2,1,0,1.9174226337615388
2151,29.66,49,145,239.3,0.068241,51,0,0,0,0,0,1,1,0,1,1.6257453294440136
2152,29.68,49,148,238.9,0.068207,51,0,0,0,0,0,1,1,0,2,1.8025573919815316
2153,29.7,49,129,240.9,0.068173,51,0,0,0,0,0,1,1,2,1,1.8198479734203952
2154,29.72,49,131,240.6,0.068139,51,0,0,0,0,0,1,1,0,2,1.8228701916701147
2155,29.73,5,19,15.1,0.068105,5,0,0,0,1,1,0,3,1,0,2.3749108244437056
2156,29.75,49,137,241.2,0.068071,51,0,0,0,0,0,1,0,1,0,1.854141681453586
2157,29.77,42,109,191.9,0.068037,42,0,0,0,1,1,0,2,1,2,1.7227532200501068
2158,29.78,23,52,103.8,0.068003,23,0,0,0,1,1,0,1,1,0,2.1978473568513284
2159,29.79,42,104,192.2,0.067969,42,0,0,0,1,1,0,2,3,4,1.9829974922657505
2160,29.81,49,127,238.1,0.067935,51,0,0,0,0,0,1,4,1,1,2.12776923433066
2161,29.84,49,142,238.3,0.067901,51,0,0,0,0,0,1,2,0,4,1.768316032600822
2162,29.86,49,179,232.8,0.067867,51,0,0,0,0,0,1,4,0,2,1.8518882119804043
2163,29.89,49,169,234.7,0.067833,51,0,0,0,0,0,1,3,2,3,1.6747789977767813
2164,29.91,49,132,240.5,0.067799,51,0,0,0,0,0,1,1,0,2,1.5807461040168793
2165,29.93,42,110,192.7,0.067765,42,0,0,0,1,1,0,1,3,3,2.0261834162071675
2166,29.94,35,88,159.2,0.067731,35,0,0,0,1,1,0,2,2,0,2.0087505568940074
2167,29.96,49,142,236.4,0.067697,51,0,0,0,0,0,1,4,0,3,1.7513724076983304
2168,29.98,50,151,227.7,0.067663,50,0,0,0,1,1,0,2,1,2,1.8236285945720019
2169,30.0,49,135,239.3,0.06763,51,0,0,0,0,0,1,2,2,1,1.624272254152511
2170,30.01,22,51,95.8,0.067596,22,0,0,0,1,1,0,4,1,1,2.0811290251723036
2171,30.04,50,157,226.8,0.067562,50,0,0,0,1,1,0,2,2,5,1.9584142967848397
2172,30.04,7,17,23.3,0.067528,7,0,0,0,1,1,0,5,1,0,3.7173886358141055
2173,30.05,23,56,103.4,0.067494,23,0,0,0,1,1,0,1,1,0,1.8708620683892663
2174,30.06,22,46,100.3,0.067461,22,0,0,0,1,1,0,0,1,1,2.176994751908441
2175,30.07,35,73,160.4,0.067427,35,0,0,0,1,1,0,2,1,3,1.6522006737095283
2176,30.08,14,33,59.7,0.067393,14,0,0,0,1,1,0,2,1,0,1.6843214247734895
2177,30.09,43,89,197.8,0.06736,43,0,0,0,1,1,0,3,2,3,2.017687560050016
2178,30.11,49,138,240.0,0.067326,51,0,0,0,0,0,1,1,0,1,1.8599754656803915
2179,30.13,33,97,154.1,0.067292,34,0,0,0,1,1,0,1,2,2,1.834059870183894
2180,30.14,34,92,152.8,0.067259,34,0,0,0,1,1,0,3,1,0,1.6920913032850022
2181,30.16,49,133,237.5,0.067225,51,0,0,0,0,0,1,4,2,1,1.990232904609742
2182,30.17,18,46,73.4,0.067191,18,0,0,0,1,1,0,7,2,0,2.490833199223158
2183,30.19,49,139,238.7,0.067158,51,0,0,0,0,0,1,2,2,3,1.9052675145461762
2184,30.21,49,136,240.3,0.067124,51,0,0,0,0,0,1,1,2,0,1.898809163724585
2185,30.24,49,159,237.8,0.067091,51,0,0,0,0,0,1,1,2,2,1.8064255397028717
2186,30.26,32,125,137.5,0.067057,32,0,0,0,1,1,0,5,2,0,1.7658151859153879
2187,30.28,49,140,236.8,0.067024,51,0,0,0,0,0,1,4,0,1,1.7516900214841296
2188,30.3,49,154,238.3,0.06699,51,0,0,0,0,0,1,1,0,2,1.746089880318124
2189,30.32,50,151,224.6,0.066957,50,0,0,0,1,1,0,5,2,3,1.8061050140815018
2190,30.33,9,22,36.8,0.066923,9,0,0,0,1,1,0,1,1,0,2.185823892713558
2191,30.35,49,149,236.9,0.06689,51,0,0,0,0,0,1,3,0,1,1.6584278326731996
2192,30.36,38,82,176.7,0.066856,38,0,0,0,1,1,0,0,1,1,1.8016929443297078
2193,30.39,49,138,238.9,0.066823,51,0,0,0,0,0,1,2,1,2,2.010767605189547
2194,30.39,1,16,-3.1,0.066789,1,0,0,0,1,1,0,1,1,5,3.0584468471645248
2195,30.41,49,149,237.8,0.066756,51,0,0,0,0,0,1,2,0,2,1.9013703071469044
2196,30.43,49,134,239.5,0.066723,51,0,0,0,0,0,1,2,0,0,1.6899098481817985
2197,30.45,49,136,237.2,0.066689,51,0,0,0,0,0,1,4,3,1,1.4811525575027125
2198,30.48,48,184,213.3,0.066656,48,0,0,0,1,1,0,3,2,3,1.5645975134229797
2199,30.5,49,141,239.7,0.066623,51,0,0,0,0,0,1,1,0,1,1.6729570450022195
2200,30.5,3,10,6.8,0.066589,3,0,0,0,1,1,0,2,1,2,3.597184746134188
2201,30.53,49,159,233.8,0.066556,51,0,0,0,0,0,1,5,0,2,1.4982868328894636
2202,30.55,49,126,238.2,0.066523,51,0,0,0,0,0,1,4,2,1,1.889517259743539
2203,30.57,49,151,237.7,0.066489,51,0,0,0,0,0,1,2,0,1,1.821882020635611
2204,30.59,49,137,239.0,0.066456,51,0,0,0,0,0,1,2,1,2,1.5017605205667386
2205,30.61,49,121,226.8,0.066423,49,0,0,0,1,1,0,1,1,1,1.6398186442247078
2206,30.63,49,151,234.8,0.06639,51,0,0,0,0,0,1,5,3,0,1.7502736334445281
2207,30.66,49,145,240.3,0.066356,51,0,0,0,0,0,1,0,1,1,1.508181117488472
2208,30.67,30,76,135.2,0.066323,30,0,0,0,1,1,0,2,2,2,1.3747578475073123
2209,30.69,49,133,237.4,0.06629,51,0,0,0,0,0,1,4,2,2,1.6299619877397213
2210,30.71,49,164,234.2,0.066257,51,0,0,0,0,0,1,4,1,3,1.7984719068803123
2211,30.74,49,134,239.9,0.066224,51,0,0,0,0,0,1,1,3,6,1.957240534554178
2212,30.74,13,30,53.7,0.066191,13,0,0,0,1,1,0,3,1,3,2.3809699352455067
2213,30.77,49,150,238.7,0.066158,51,0,0,0,0,0,1,1,1,2,1.5154457402345736
2214,30.79,49,159,236.7,0.066125,51,0,0,0,0,0,1,2,1,3,1.7993477159573004
2215,30.81,49,143,238.5,0.066092,51,0,0,0,0,0,1,2,1,1,1.7691915282308028
2216,30.81,6,23,19.7,0.066058,6,0,0,0,1,1,0,3,1,0,2.6144548878304126
2217,30.84,47,156,211.6,0.066025,47,0,0,0,1,1,0,2,2,8,1.5356544027198478
2218,30.86,49,141,236.6,0.065992,51,0,0,0,0,0,1,4,0,2,2.0096082842182814
2219,30.87,16,49,67.6,0.065959,16,0,0,0,1,1,0,2,1,5,1.7335192814448648
2220,30.87,11,33,44.6,0.065926,11,0,0,0,1,1,0,2,1,1,2.0521576414118163
2221,30.88,2,34,-1.4,0.065893,2,0,0,0,1,1,0,3,1,0,2.145170252527887
2222,30.88,7,19,26.8,0.065861,7,0,0,0,1,1,0,1,2,3,2.481196401811584
2223,30.89,10,24,40.3,0.065828,10,0,0,0,1,1,0,2,1,3,2.4144145427994745
2224,30.9,22,57,95.0,0.065795,22,0,0,0,1,1,0,4,1,3,2.0908867879165034
2225,30.92,49,139,239.9,0.065762,51,0,0,0,0,0,1,1,2,1,1.7466424685684259
2226,30.92,6,15,23.5,0.065729,6,0,0,0,1,1,0,0,1,0,2.864812468839731
2227,30.95,49,157,237.1,0.065696,51,0,0,0,0,0,1,2,2,1,1.689695379425226
2228,30.96,37,90,171.0,0.065663,37,0,0,0,1,1,0,0,4,0,1.912819835694193
2229,30.97,18,49,74.9,0.06563,18,0,0,0,1,1,0,5,3,2,1.7143373114156115
2230,30.99,49,137,236.9,0.065598,51,0,0,0,0,0,1,4,3,3,1.839521038871563
2231,31.02,49,153,236.3,0.065565,51,0,0,0,0,0,1,3,3,3,1.619537125822302
2232,31.02,2,8,1.2,0.065532,2,0,0,0,1,1,0,3,1,0,5.427255087868601
2233,31.04,49,125,242.3,0.065499,51,0,0,0,0,0,1,0,2,1,1.7268023003012367
2234,31.06,49,148,240.0,0.065466,51,0,0,0,0,0,1,0,3,1,1.913675896458991
2235,31.08,49,149,237.7,0.065434,51,0,0,0,0,0,1,2,1,3,1.6336792075646223
2236,31.11,49,167,236.1,0.065401,51,0,0,0,0,0,1,2,1,1,1.6611467835857618
2237,31.12,41,106,186.2,0.065368,41,0,0,0,1,1,0,3,1,2,1.6512085015506301
2238,31.13,27,55,123.4,0.065336,27,0,0,0,1,1,0,1,1,1,1.6282638615765384
2239,31.16,49,139,238.9,0.065303,51,0,0,0,0,0,1,2,2,1,1.7238564239725906
2240,31.18,49,133,238.0,0.06527,51,0,0,0,0,0,1,3,1,6,1.7741643068052984
2241,31.18,20,44,89.6,0.065238,20,0,0,0,1,1,0,1,1,0,1.99659244006624
2242,31.19,25,60,108.9,0.065205,25,0,0,0,1,1,0,5,1,1,2.329496836696752
2243,31.2,27,53,122.7,0.065172,27,0,0,0,1,1,0,2,1,0,1.879718234366333
2244,31.23,49,143,238.4,0.06514,51,0,0,0,0,0,1,2,2,2,1.8303029405990783
2245,31.25,49,139,240.0,0.065107,51,0,0,0,0,0,1,1,1,0,1.8610564243921695
2246,31.25,15,38,66.2,0.065075,15,0,0,0,1,1,0,0,1,0,2.0321640371734677
2247,31.28,49,208,231.9,0.065042,51,0,0,0,0,0,1,2,1,2,1.7814454077112076
2248,31.31,49,159,238.9,0.06501,51,0,0,0,0,0,1,0,0,1,1.781195109969255
2249,31.33,49,130,239.8,0.064977,51,0,0,0,0,0,1,2,0,1,2.0099448243733695
2250,31.35,49,159,237.7,0.064945,51,0,0,0,0,0,1,1,0,3,1.8398057513458732
2251,31.37,49,118,241.9,0.064912,51,0,0,0,0,0,1,1,0,2,1.8386616414627637
2252,31.39,49,139,238.0,0.06488,51,0,0,0,0,0,1,3,2,0,1.8726022687426365
2253,31.41,49,138,240.0,0.064847,51,0,0,0,0,0,1,1,0,1,1.694717914481606
2254,31.44,49,153,235.5,0.064815,51,0,0,0,0,0,1,4,1,1,1.6719829500676402
2255,31.46,49,147,236.1,0.064783,51,0,0,0,0,0,1,4,0,1,1.5814661034834494
2256,31.48,49,132,237.5,0.06475,51,0,0,0,0,0,1,4,0,2,1.6575482276108615
2257,31.51,49,176,236.2,0.064718,51,0,0,0,0,0,1,1,1,1,1.8394593977130718
2258,31.52,25,71,108.8,0.064685,25,0,0,0,1,1,0,4,2,1,1.7520793508798336
2259,31.53,28,65,126.3,0.064653,28,0,0,0,1,1,0,2,1,2,2.203058163863597
2260,31.55,50,144,225.3,0.064621,50,0,0,0,1,1,0,5,3,3,1.7425370010375458
2261,31.58,38,209,157.8,0.064588,38,0,0,0,1,1,0,6,1,3,1.3103444768248056
2262,31.59,2,11,3.9,0.064556,2,0,0,0,1,1,0,0,1,0,3.5704808403152795
2263,31.61,49,130,238.7,0.064524,51,0,0,0,0,0,1,3,2,2,1.870320411440388
2264,31.63,49,133,239.3,0.064492,51,0,0,0,0,0,1,2,0,3,1.9721387701572448
2265,31.65,49,159,235.6,0.064459,51,0,0,0,0,0,1,3,1,4,1.8229223053259684
2266,31.67,49,150,237.8,0.064427,51,0,0,0,0,0,1,2,1,1,1.8093155413383595
2267,31.68,23,53,100.6,0.064395,23,0,0,0,1,1,0,4,1,1,2.09895893801502
2268,31.69,4,35,8.5,0.064363,4,0,0,0,1,1,0,3,1,0,1.994969157579182
2269,31.71,49,119,241.0,0.06433,51,0,0,0,0,0,1,2,4,0,2.0324847583234686
2270,31.72,34,87,156.0,0.064298,34,0,0,0,1,1,0,0,2,3,1.9983262683110254
2271,31.74,49,152,239.6,0.064266,51,0,0,0,0,0,1,0,2,1,1.8609906150873747
2272,31.76,23,89,99.0,0.064234,23,0,0,0,1,1,0,2,1,1,1.4105682172384117
2273,31.77,45,96,209.4,0.064202,45,0,0,0,1,1,0,1,1,0,1.8314761897482958
2274,31.79,49,130,238.8,0.06417,51,0,0,0,0,0,1,3,0,1,1.4659647601215182
2275,31.8,19,51,82.8,0.064138,19,0,0,0,1,1,0,2,1,1,1.6438994834473095
2276,31.82,49,141,237.8,0.064106,51,0,0,0,0,0,1,3,0,0,1.6461788628440217
2277,31.84,37,88,175.1,0.064074,38,0,0,0,1,1,0,1,1,1,1.7537862049387478
2278,31.86,49,122,241.4,0.064042,51,0,0,0,0,0,1,1,0,3,1.884289990332891
2279,31.88,43,146,193.2,0.06401,43,0,0,0,1,1,0,2,2,2,1.8987007929019801
2280,31.9,49,116,243.2,0.063978,51,0,0,0,0,0,1,0,0,1,1.8706213902808382
2281,31.92,49,144,239.4,0.063946,51,0,0,0,0,0,1,1,2,1,1.796967357438783
2282,31.94,49,157,235.9,0.063914,51,0,0,0,0,0,1,3,0,3,1.7255555146554238
2283,31.96,49,135,240.3,0.063882,51,0,0,0,0,0,1,1,0,1,1.8640018439471426
2284,31.98,40,104,179.5,0.06385,40,0,0,0,1,1,0,5,2,1,1.7574188928012502
2285,31.98,7,18,32.2,0.063818,8,0,0,0,1,1,0,1,1,0,2.6794930243377353
2286,32.0,45,122,203.4,0.063786,45,0,0,0,1,1,0,4,1,4,1.653342110748039
2287,32.02,49,131,239.7,0.063754,51,0,0,0,0,0,1,2,2,1,1.5925786446920682
2288,32.05,49,159,234.7,0.063722,51,0,0,0,0,0,1,4,1,3,1.6821853551632278
2289,32.07,49,134,238.3,0.06369,51,0,0,0,0,0,1,3,0,2,1.6781905760576723
2290,32.08,15,33,62.6,0.063658,15,0,0,0,1,1,0,4,1,1,2.3880162591387566
2291,32.08,20,44,89.3,0.063627,20,0,0,0,1,1,0,1,1,3,1.875442630261169
2292,32.1,50,138,233.0,0.063595,50,0,0,0,0,0,1,2,1,11,1.6204191901720524
2293,32.11,21,45,94.4,0.063563,21,0,0,0,1,1,0,1,1,1,2.2610722985912983
2294,32.13,49,139,238.0,0.063531,51,0,0,0,0,0,1,3,0,0,1.677576766819947
2295,32.15,49,142,237.4,0.063499,51,0,0,0,0,0,1,3,1,3,1.6175818657433751
2296,32.16,13,35,55.4,0.063468,13,0,0,0,1,1,0,1,1,1,1.8727505967539937
2297,32.18,49,150,239.8,0.063436,51,0,0,0,0,0,1,0,1,1,1.8105734055622087
2298,32.21,50,147,232.0,0.063404,50,0,0,0,0,0,1,3,1,2,1.6894301963633647
2299,32.23,49,149,237.9,0.063373,51,0,0,0,0,0,1,2,1,1,1.6707050176633933
2300,32.25,49,148,238.0,0.063341,51,0,0,0,0,0,1,2,3,1,1.4630668384124064
2301,32.27,49,145,239.1,0.063309,51,0,0,0,0,0,1,1,1,3,1.7033302313099785
2302,32.28,7,19,26.9,0.063277,7,0,0,0,1,1,0,1,2,2,1.6010299005093356
2303,32.29,33,67,150.3,0.063246,33,0,0,0,1,1,0,3,1,0,1.84482537275834
2304,32.3,0,39,-12.0,0.063214,0,0,0,0,1,1,0,3,1,1,2.17752069766258
2305,32.31,46,123,209.5,0.063183,46,0,0,0,1,1,0,3,1,2,1.4226338076761418
2306,32.34,49,132,238.7,0.063151,51,0,0,0,0,0,1,3,2,0,1.6523724835790456
2307,32.35,30,65,138.5,0.063119,30,0,0,0,1,1,0,0,1,0,1.7457953522269927
2308,32.35,16,27,68.3,0.063088,16,0,0,0,1,1,0,4,1,0,2.6765753786321054
2309,32.37,49,125,240.3,0.063056,51,0,0,0,0,0,1,2,1,1,1.6761748885528382
2310,32.39,49,134,240.2,0.063025,51,0,0,0,0,0,1,1,0,3,1.5873673824109975
2311,32.41,48,138,217.1,0.062993,48,0,0,0,1,1,0,4,3,1,2.214182432590743
2312,32.43,49,130,238.9,0.062962,51,0,0,0,0,0,1,3,0,0,1.911423828527507
2313,32.45,49,134,238.4,0.06293,51,0,0,0,0,0,1,3,0,1,1.801727704547327
2314,32.46,28,66,126.2,0.062899,28,0,0,0,1,1,0,2,1,2,2.0949254946671116
2315,32.49,49,147,238.1,0.062867,51,0,0,0,0,0,1,2,0,1,1.7340705667383185
2316,32.5,49,121,225.7,0.062836,49,0,0,0,1,1,0,2,1,2,1.8165395336654773
2317,32.52,32,82,143.7,0.062805,32,0,0,0,1,1,0,3,1,1,2.0972073507413107
2318,32.52,12,30,49.0,0.062773,12,0,0,0,1,1,0,3,1,0,2.011185206941301
2319,32.54,38,103,177.6,0.062742,39,0,0,0,1,1,0,2,2,1,1.587600607035753
2320,32.54,1,5,-3.5,0.06271,1,0,0,0,1,1,0,3,1,0,8.3192419088235
2321,32.56,39,93,178.7,0.062679,39,0,0,0,1,1,0,2,1,0,2.0545258543217866
2322,32.56,2,14,1.2,0.062648,2,0,0,0,1,1,0,2,1,4,3.0278298038520126
2323,32.58,49,126,242.3,0.062616,51,0,0,0,0,0,1,0,1,0,1.747807510194037
2324,32.6,49,141,237.7,0.062585,51,0,0,0,0,0,1,3,0,1,1.772163325783269
2325,32.6,10,26,41.4,0.062554,10,0,0,0,1,1,0,1,1,0,2.418714449914473
2326,32.61,7,16,28.3,0.062523,7,0,0,0,1,1,0,0,1,1,2.2408990209876114
2327,32.63,49,145,238.3,0.062491,51,0,0,0,0,0,1,2,0,1,1.7503795201180807
2328,32.65,49,138,240.0,0.06246,51,0,0,0,0,0,1,1,0,1,1.443951328663376
2329,32.66,27,87,117.3,0.062429,27,0,0,0,1,1,0,4,1,0,1.8975241256094968
2330,32.68,49,130,240.7,0.062398,51,0,0,0,0,0,1,1,0,2,1.8132302100441038
2331,32.7,48,122,217.7,0.062366,48,0,0,0,1,1,0,5,2,1,1.6009210071127022
2332,32.71,12,24,51.5,0.062335,12,0,0,0,1,1,0,1,1,1,2.761419588655802
2333,32.73,49,152,239.4,0.062304,51,0,0,0,0,0,1,0,0,3,1.8331199575570736
2334,32.75,49,150,237.9,0.062273,51,0,0,0,0,0,1,2,0,0,1.758797347125788
2335,32.76,20,50,94.9,0.062242,21,0,0,0,1,1,0,0,1,1,1.73177563451131
2336,32.79,49,154,238.3,0.062211,51,0,0,0,0,0,1,1,0,2,1.9417545121978612
2337,32.81,49,139,240.8,0.062179,51,0,0,0,0,0,1,0,0,2,1.677900877736319
2338,32.83,49,172,235.4,0.062148,51,0,0,0,0,0,1,1,1,13,1.6117861394309578
2339,32.85,49,125,240.1,0.062117,51,0,0,0,0,0,1,2,2,3,1.8513577921960396
2340,32.87,49,143,236.6,0.062086,51,0,0,0,0,0,1,4,2,0,1.8423048277656282
2341,32.89,49,130,240.8,0.062055,51,0,0,0,0,0,1,1,1,1,1.989554416569485
2342,32.91,38,82,179.7,0.062024,39,0,0,0,1,1,0,2,2,1,1.6429481939134614
2343,32.93,49,128,240.8,0.061993,51,0,0,0,0,0,1,1,0,3,1.7201173304350132
2344,32.95,47,112,218.8,0.061962,47,0,0,0,1,1,0,0,2,0,1.840415937095057
2345,32.97,49,128,240.1,0.061931,51,0,0,0,0,0,1,2,1,0,1.8397675950607963
2346,32.99,49,151,239.6,0.0619,51,0,0,0,0,0,1,0,1,2,1.7873264358960927
2347,33.01,49,141,238.6,0.061869,51,0,0,0,0,0,1,2,2,2,1.5518099028817558
2348,33.02,32,81,148.8,0.061838,33,0,0,0,1,1,0,3,1,1,1.9254409758455078
2349,33.04,35,110,151.6,0.061807,35,0,0,0,1,1,0,7,2,4,1.8893014954154064
2350,33.04,3,13,6.4,0.061777,3,0,0,0,1,1,0,2,1,3,3.249695064021594
2351,33.06,49,120,225.8,0.061746,49,0,0,0,1,1,0,2,3,2,2.0142533511343292
2352,33.08,49,148,240.0,0.061715,51,0,0,0,0,0,1,0,2,1,1.9635160047783176
2353,33.09,9,21,36.8,0.061684,9,0,0,0,1,1,0,1,1,1,2.255865555477886
2354,33.11,49,142,237.7,0.061653,51,0,0,0,0,0,1,3,2,0,1.6514948733299657
2355,33.13,49,139,237.0,0.061622,51,0,0,0,0,0,1,4,1,0,1.574808276243589
2356,33.16,49,161,236.5,0.061591,51,0,0,0,0,0,1,2,2,3,1.7475654033714807
2357,33.18,49,136,238.1,0.061561,51,0,0,0,0,0,1,3,1,2,1.8754930646285317
2358,33.2,49,128,239.1,0.06153,51,0,0,0,0,0,1,3,0,0,1.846868544090556
2359,33.22,49,129,240.9,0.061499,51,0,0,0,0,0,1,1,2,1,2.287268687931918
2360,33.24,49,147,236.9,0.061468,51,0,0,0,0,0,1,3,2,3,1.7480768781006506
2361,33.26,50,134,234.6,0.061438,50,0,0,0,0,0,1,1,2,9,1.555122371348083
2362,33.28,40,96,185.2,0.061407,40,0,0,0,1,1,0,0,1,2,1.603549220877417
2363,33.3,42,103,198.6,0.061376,43,0,0,0,1,1,0,1,3,1,1.6456581430776949
2364,33.32,49,156,237.1,0.061346,51,0,0,0,0,0,1,2,3,2,1.7099333450049687
2365,33.34,49,170,234.6,0.061315,51,0,0,0,0,0,1,3,0,3,1.671261984439264
2366,33.37,49,136,240.1,0.061284,51,0,0,0,0,0,1,1,0,2,1.6814852305344252
2367,33.39,49,145,234.3,0.061254,51,0,0,0,0,0,1,6,1,1,1.8897320671016349
2368,33.41,50,159,229.7,0.061223,50,0,0,0,0,0,1,4,2,3,1.6600805979955542
2369,33.43,49,140,239.7,0.061192,51,0,0,0,0,0,1,1,2,2,1.6785023040917555
2370,33.43,0,6,-8.6,0.061162,0,0,0,0,1,1,0,3,1,0,4.4793652623383515
2371,33.45,38,86,173.4,0.061131,38,0,0,0,1,1,0,3,1,0,1.6306125544430792
2372,33.47,49,139,239.0,0.061101,51,0,0,0,0,0,1,2,2,0,1.546012733183597
2373,33.47,2,7,1.3,0.06107,2,0,0,0,1,1,0,3,1,0,5.123958159435512
2374,33.49,49,124,242.4,0.061039,51,0,0,0,0,0,1,0,0,1,1.757101148188095
2375,33.5,21,50,94.9,0.061009,21,0,0,0,1,1,0,0,1,1,1.64294855917887
2376,33.52,49,133,239.6,0.060978,51,0,0,0,0,0,1,2,0,0,1.638685878193666
2377,33.55,49,148,235.6,0.060948,51,0,0,0,0,0,1,4,3,5,1.735151662606532
2378,33.57,50,155,225.0,0.060917,50,0,0,0,1,1,0,4,4,5,1.6664773054504904
2379,33.59,49,116,242.3,0.060887,51,0,0,0,0,0,1,1,0,0,1.6167802937144722
2380,33.61,49,158,237.9,0.060857,51,0,0,0,0,0,1,1,0,2,1.7259068477348325
2381,33.62,2,7,4.3,0.060826,2,0,0,0,1,1,0,0,1,0,4.994997933584208
2382,33.63,28,66,126.4,0.060796,28,0,0,0,1,1,0,2,1,0,1.707106381203045
2383,33.64,18,101,69.8,0.060765,18,0,0,0,1,1,0,5,1,1,1.5849185337943048
2384,33.66,49,123,241.5,0.060735,51,0,0,0,0,0,1,1,0,1,1.5937845629379204
2385,33.68,49,133,241.6,0.060705,51,0,0,0,0,0,1,0,2,0,1.5802142876773415
2386,33.69,0,10,-9.0,0.060674,0,0,0,0,1,1,0,3,1,0,4.663347863217771
2387,33.69,2,8,4.1,0.060644,2,0,0,0,1,1,0,0,1,1,5.88361351159495
2388,33.71,49,124,242.2,0.060614,51,0,0,0,0,0,1,0,1,3,1.7146534412236514
2389,33.73,49,135,241.3,0.060583,51,0,0,0,0,0,1,0,1,1,1.816972491089809
2390,33.75,49,133,240.4,0.060553,51,0,0,0,0,0,1,1,0,2,1.7717357915643046
2391,33.75,8,16,29.4,0.060523,8,0,0,0,1,1,0,4,1,0,3.4291175542807943
2392,33.77,40,94,184.5,0.060492,40,0,0,0,1,1,0,1,2,1,1.9526522365913732
2393,33.78,31,73,139.7,0.060462,31,0,0,0,1,1,0,3,3,0,1.9341642621909159
2394,33.8,49,133,240.4,0.060432,51,0,0,0,0,0,1,1,1,2,1.6957874625666982
2395,33.83,49,151,234.7,0.060402,51,0,0,0,0,0,1,5,0,1,1.711067517376396
2396,33.84,34,94,153.4,0.060372,34,0,0,0,1,1,0,2,2,2,1.760059943696663
2397,33.86,49,138,238.8,0.060341,51,0,0,0,0,0,1,2,0,3,1.6556859047515389
2398,33.89,49,149,237.9,0.060311,51,0,0,0,0,0,1,2,3,1,1.8033442331292235
2399,33.91,47,129,214.1,0.060281,47,0,0,0,1,1,0,3,1,0,1.7936834901886307
2400,33.93,49,134,239.2,0.060251,51,0,0,0,0,0,1,2,0,3,1.5466107350715068
2401,33.95,50,141,233.5,0.060221,50,0,0,0,0,0,1,2,3,3,2.1687335715328455
2402,33.97,44,117,200.1,0.060191,44,0,0,0,1,1,0,3,1,2,1.534653174297771
2403,33.99,49,128,239.8,0.060161,51,0,0,0,0,0,1,2,0,3,1.831146385375281
2404,34.01,49,144,239.1,0.06013,51,0,0,0,0,0,1,1,0,4,1.7178488510339065
2405,34.04,49,142,236.5,0.0601,51,0,0,0,0,0,1,4,1,2,1.9471794266008364
2406,34.06,49,139,239.7,0.06007,51,0,0,0,0,0,1,1,1,3,1.620413112123034
2407,34.07,30,73,136.6,0.06004,30,0,0,0,1,1,0,1,1,1,1.7140346651786835
2408,34.09,39,97,178.1,0.06001,39,0,0,0,1,1,0,2,1,2,1.929960717906665
2409,34.11,49,127,241.0,0.05998,51,0,0,0,0,0,1,1,1,2,1.7198049145452372
2410,34.13,49,142,239.5,0.05995,51,0,0,0,0,0,1,1,0,2,1.655860955118058
2411,34.15,49,137,239.9,0.05992,51,0,0,0,0,0,1,1,1,3,1.61275930234801
2412,34.17,44,106,202.2,0.05989,44,0,0,0,1,1,0,2,2,2,1.6812078667361228
2413,34.19,49,145,238.4,0.05986,51,0,0,0,0,0,1,2,0,0,1.8714279182309161
2414,34.21,49,135,237.1,0.059831,51,0,0,0,0,0,1,4,0,3,1.8587786042857035
2415,34.24,49,160,237.7,0.059801,51,0,0,0,0,0,1,1,0,2,1.6776856255730732
2416,34.26,50,147,225.0,0.059771,50,0,0,0,1,1,0,5,2,3,1.5830496990996903
2417,34.27,34,82,156.7,0.059741,34,0,0,0,1,1,0,0,1,1,1.7494945621995652
2418,34.3,50,132,232.6,0.059711,50,0,0,0,0,0,1,4,2,1,1.4432897845672235
2419,34.31,25,55,114.4,0.059681,25,0,0,0,1,1,0,0,2,1,1.4412919375687874
2420,34.33,41,135,181.2,0.059651,41,0,0,0,1,1,0,5,1,3,1.75041358565241
2421,34.34,22,54,95.6,0.059621,22,0,0,0,1,1,0,4,1,0,1.746677888172519
2422,34.36,43,127,195.3,0.059592,43,0,0,0,1,1,0,2,1,0,1.8288170555135583
2423,34.36,2,13,-0.4,0.059562,2,0,0,0,1,1,0,4,1,1,4.705479381534283
2424,34.37,20,50,89.0,0.059532,20,0,0,0,1,1,0,1,1,0,2.0524239580531862
2425,34.38,32,73,144.6,0.059502,32,0,0,0,1,1,0,3,1,1,1.9648700022664276
2426,34.4,49,138,240.0,0.059473,51,0,0,0,0,0,1,1,1,1,1.6414879003655838
2427,34.41,13,41,52.5,0.059443,13,0,0,0,1,1,0,3,2,4,1.927146915985526
2428,34.42,18,56,75.4,0.059413,18,0,0,0,1,1,0,4,1,0,2.105501052504028
2429,34.44,49,148,237.7,0.059383,51,0,0,0,0,0,1,2,2,4,1.8615763915769077
2430,34.45,15,34,65.3,0.059354,15,0,0,0,1,1,0,1,1,3,2.2084378284812374
2431,34.47,31,127,130.3,0.059324,31,0,0,0,1,1,0,7,2,0,1.4071904408124858
2432,34.49,49,147,239.9,0.059294,51,0,0,0,0,0,1,0,2,3,1.6752200889715303
2433,34.5,16,37,68.9,0.059265,16,0,0,0,1,1,0,2,2,4,2.113533297319537
2434,34.5,8,23,27.5,0.059235,8,0,0,0,1,1,0,5,1,2,2.4491244945849355
2435,34.52,49,142,237.6,0.059205,51,0,0,0,0,0,1,3,1,1,1.7702807539960679
2436,34.55,49,176,234.3,0.059176,51,0,0,0,0,0,1,3,0,0,1.5961483665974716
2437,34.57,49,124,240.4,0.059146,51,0,0,0,0,0,1,2,0,1,1.643041763338765
2438,34.58,17,40,80.8,0.059117,18,0,0,0,1,1,0,0,1,2,1.8250058327160095
2439,34.6,38,110,170.9,0.059087,38,0,0,0,1,1,0,3,1,1,1.6408741456656073
2440,34.62,49,153,238.3,0.059058,51,0,0,0,0,0,1,1,0,3,1.859195769140743
2441,34.64,49,141,240.6,0.059028,51,0,0,0,0,0,1,0,2,2,1.6400192817151473
2442,34.65,9,29,33.7,0.058999,9,0,0,0,1,1,0,3,1,4,2.001546172959239
2443,34.67,49,145,239.3,0.058969,51,0,0,0,0,0,1,1,3,1,1.747199881351307
2444,34.69,50,151,223.5,0.05894,50,0,0,0,1,1,0,6,2,4,1.733536815987674
2445,34.71,49,136,241.1,0.05891,51,0,0,0,0,0,1,0,0,2,1.6523331405256367
2446,34.73,37,97,168.2,0.058881,37,0,0,0,1,1,0,2,1,1,1.932969462971503
2447,34.75,32,85,141.4,0.058851,32,0,0,0,1,1,0,5,1,1,1.9704519807206446
2448,34.77,49,149,237.0,0.058822,51,0,0,0,0,0,1,3,1,0,1.7839950506705493
2449,34.79,49,139,238.8,0.058792,51,0,0,0,0,0,1,2,1,2,1.6691173134399013
2450,34.79,3,8,9.2,0.058763,3,0,0,0,1,1,0,0,1,0,3.706825416730578
2451,34.81,49,128,236.0,0.058734,51,0,0,0,0,0,1,6,0,1,1.8366809999411293
2452,34.83,49,116,240.2,0.058704,51,0,0,0,0,0,1,3,1,1,1.7205138614022804
2453,34.85,49,135,240.3,0.058675,51,0,0,0,0,0,1,1,0,1,1.5696507056908118
2454,34.87,49,133,241.3,0.058645,51,0,0,0,0,0,1,0,1,3,1.7558267399360041
2455,34.89,49,143,239.6,0.058616,51,0,0,0,0,0,1,1,1,0,1.5521219138008309
2456,34.91,49,127,241.1,0.058587,51,0,0,0,0,0,1,1,0,1,1.5644131478976566
2457,34.94,49,162,234.5,0.058558,51,0,0,0,0,0,1,4,3,2,1.8981218008251712
2458,34.95,26,63,115.7,0.058528,26,0,0,0,1,1,0,3,1,0,1.6432778718581988
2459,34.98,49,171,235.7,0.058499,51,0,0,0,0,0,1,2,1,1,1.6531617910526264
2460,34.99,33,71,152.8,0.05847,33,0,0,0,1,1,0,0,1,1,1.801608872520494
2461,35.01,49,139,239.7,0.058441,51,0,0,0,0,0,1,1,0,3,1.8799041969975763
2462,35.03,49,121,241.7,0.058411,51,0,0,0,0,0,1,1,0,1,1.965022997614607
2463,35.05,50,157,227.9,0.058382,50,0,0,0,1,1,0,1,2,4,1.8233360371730258
2464,35.08,49,141,239.6,0.058353,51,0,0,0,0,0,1,1,1,2,2.170918120474802
2465,35.09,44,98,201.2,0.058324,44,0,0,0,1,1,0,4,1,0,1.7591190631729914
2466,35.12,49,147,236.2,0.058295,51,0,0,0,0,0,1,4,2,0,1.9307430653329403
2467,35.14,49,141,239.7,0.058265,51,0,0,0,0,0,1,1,0,1,1.7401162578706377
2468,35.14,10,28,40.0,0.058236,10,0,0,0,1,1,0,2,1,2,2.459446602491066
2469,35.17,49,143,239.0,0.058207,51,0,0,0,0,0,1,1,0,6,1.7138637224707813
2470,35.18,26,68,116.0,0.058178,26,0,0,0,1,1,0,2,2,2,2.0230422528670764
2471,35.18,6,19,20.1,0.058149,6,0,0,0,1,1,0,3,1,0,3.652535149434253
2472,35.2,49,123,242.5,0.05812,51,0,0,0,0,0,1,0,0,1,1.766848318080399
2473,35.22,49,120,240.7,0.058091,51,0,0,0,0,0,1,2,0,2,2.04133262049346
2474,35.24,49,137,238.8,0.058062,51,0,0,0,0,0,1,2,1,4,1.9764403718753651
2475,35.25,23,53,102.7,0.058033,23,0,0,0,1,1,0,2,1,0,1.6057351929389472
2476,35.27,49,141,236.8,0.058004,51,0,0,0,0,0,1,4,3,0,1.8559402110207766
2477,35.29,34,73,153.6,0.057975,34,0,0,0,1,1,0,4,1,1,2.105569043658475
2478,35.31,49,141,236.6,0.057946,51,0,0,0,0,0,1,4,1,2,1.5977955773956614
2479,35.33,49,127,223.0,0.057917,49,0,0,0,1,1,0,4,1,3,1.8722094635656406
2480,35.35,50,166,227.9,0.057888,50,0,0,0,0,0,1,5,3,4,1.6960161558510707
2481,35.37,47,122,211.8,0.057859,47,0,0,0,1,1,0,6,3,0,1.6164706024018165
2482,35.4,49,143,237.6,0.05783,51,0,0,0,0,0,1,3,0,0,1.4014760106855941
2483,35.42,50,135,229.0,0.057801,50,0,0,0,1,1,0,2,2,5,1.582784038113038
2484,35.44,49,160,234.7,0.057772,51,0,0,0,0,0,1,4,1,2,1.6488947257378759
2485,35.45,6,19,20.9,0.057743,6,0,0,0,1,1,0,2,1,2,2.6090030221015166
2486,35.46,42,103,190.5,0.057714,42,0,0,0,1,1,0,4,1,2,1.861640839217348
2487,35.48,34,78,154.2,0.057686,34,0,0,0,1,1,0,3,2,0,1.8988501330693954
2488,35.49,28,61,126.9,0.057657,28,0,0,0,1,1,0,2,3,0,1.7475798594663328
2489,35.51,49,136,236.2,0.057628,51,0,0,0,0,0,1,5,1,1,1.8874882767692664
2490,35.53,49,127,240.9,0.057599,51,0,0,0,0,0,1,1,2,3,1.809103566432135
2491,35.55,49,144,238.2,0.05757,51,0,0,0,0,0,1,2,0,3,1.5585291872800944
2492,35.57,49,136,239.3,0.057541,51,0,0,0,0,0,1,2,0,0,1.6993848596757644
2493,35.58,29,71,130.9,0.057513,29,0,0,0,1,1,0,2,1,0,1.7287427358080458
2494,35.61,49,154,237.4,0.057484,51,0,0,0,0,0,1,2,1,1,1.6564147140642256
2495,35.62,25,55,112.5,0.057455,25,0,0,0,1,1,0,2,1,0,2.073998549423925
2496,35.62,15,33,63.7,0.057426,15,0,0,0,1,1,0,3,1,0,2.1549206472528475
2497,35.64,40,91,182.9,0.057398,40,0,0,0,1,1,0,3,2,0,1.444128182864005
2498,35.66,49,150,235.6,0.057369,51,0,0,0,0,0,1,4,0,3,1.9336574525247876
2499,35.68,50,144,235.0,0.05734,50,0,0,0,0,0,1,0,2,5,1.7365317295634664
2500,35.71,49,161,237.5,0.057312,51,0,0,0,0,0,1,1,2,3,1.6991998720584145
2501,35.72,31,73,138.7,0.057283,31,0,0,0,1,1,0,4,1,0,1.5058644802839554
2502,35.72,2,7,4.3,0.057254,2,0,0,0,1,1,0,0,1,0,5.384936498853196
2503,35.75,49,142,240.6,0.057226,51,0,0,0,0,0,1,0,2,1,1.7110458504825057
2504,35.77,49,154,238.4,0.057197,51,0,0,0,0,0,1,1,1,1,1.6518854539168284
2505,35.79,50,131,226.8,0.057169,50,0,0,0,1,1,0,5,4,1,1.5438429556986366
2506,35.82,49,147,238.2,0.05714,51,0,0,0,0,0,1,2,2,0,1.8139446785939024
2507,35.84,49,141,239.7,0.057111,51,0,0,0,0,0,1,1,1,1,1.8449170579053475
2508,35.85,36,101,166.6,0.057083,37,0,0,0,1,1,0,3,1,3,1.671128948817807
2509,35.87,49,132,237.7,0.057054,51,0,0,0,0,0,1,4,0,0,1.752938442637045
2510,35.88,15,39,64.7,0.057026,15,0,0,0,1,1,0,1,1,4,1.8069208725553023
2511,35.88,1,8,-4.8,0.056997,1,0,0,0,1,1,0,4,1,0,4.631652186646679
2512,35.91,49,153,237.4,0.056969,51,0,0,0,0,0,1,2,2,2,1.72815902824998
2513,35.93,49,150,238.7,0.05694,51,0,0,0,0,0,1,1,0,2,1.8313939525253025
2514,35.96,49,159,233.9,0.056912,51,0,0,0,0,0,1,5,2,1,1.8002693646802332
2515,35.98,49,151,236.4,0.056883,51,0,0,0,0,0,1,3,2,4,1.8445333208445662
2516,36.0,49,142,238.6,0.056855,51,0,0,0,0,0,1,2,0,1,1.685891494870551
2517,36.02,49,127,242.0,0.056826,51,0,0,0,0,0,1,0,0,2,1.7637099650331567
2518,36.03,7,25,24.3,0.056798,7,0,0,0,1,1,0,3,1,2,2.235866354058133
2519,36.03,11,29,44.0,0.05677,11,0,0,0,1,1,0,3,2,1,2.4475064483619304
2520,36.05,40,121,174.8,0.056741,40,0,0,0,1,1,0,7,2,11,1.483875754972128
2521,36.06,23,58,101.9,0.056713,23,0,0,0,1,1,0,2,1,3,1.9988105757624737
2522,36.07,21,57,92.2,0.056685,21,0,0,0,1,1,0,2,2,1,1.85221024639501
2523,36.08,23,61,101.7,0.056656,23,0,0,0,1,1,0,2,1,2,2.1425728987072814
2524,36.09,9,19,42.0,0.056628,10,0,0,0,1,1,0,1,1,1,2.6922867149390872
2525,36.1,16,59,66.0,0.0566,16,0,0,0,1,1,0,3,1,1,1.6972794618814318
2526,36.1,9,28,34.0,0.056571,9,0,0,0,1,1,0,3,1,2,2.2094011766596298
2527,36.12,43,126,196.3,0.056543,43,0,0,0,1,1,0,1,2,1,1.900378800297122
2528,36.13,23,71,106.8,0.056515,24,0,0,0,1,1,0,1,1,1,1.6039692674199648
2529,36.14,22,46,95.3,0.056486,22,0,0,0,1,1,0,5,1,1,1.9378679322596009
2530,36.16,32,115,137.1,0.056458,32,0,0,0,1,1,0,6,1,4,1.8443896684490848
2531,36.18,49,137,222.1,0.05643,49,0,0,0,1,1,0,4,2,2,1.7137282028470968
2532,36.2,49,130,220.8,0.056402,49,0,0,0,1,1,0,6,3,2,1.8312376438095872
2533,36.23,49,158,233.5,0.056374,51,0,0,0,0,0,1,5,2,6,1.9157273397878218
2534,36.24,49,117,243.2,0.056345,51,0,0,0,0,0,1,0,1,0,1.8340139645566322
2535,36.26,37,85,169.4,0.056317,37,0,0,0,1,1,0,2,1,1,1.737145677194014
2536,36.28,40,107,179.3,0.056289,40,0,0,0,1,1,0,5,2,0,1.7501904276194165
2537,36.3,50,148,234.7,0.056261,50,0,0,0,0,0,1,0,3,4,2.1722586498592342
2538,36.32,49,127,240.0,0.056233,51,0,0,0,0,0,1,2,0,2,1.71957028677387
2539,36.34,49,135,240.3,0.056205,51,0,0,0,0,0,1,1,2,1,1.7546147062713662
2540,36.36,49,135,240.4,0.056177,51,0,0,0,0,0,1,1,1,0,1.771563078145295
2541,36.39,49,132,240.6,0.056148,51,0,0,0,0,0,1,1,1,1,1.8339308999751558
2542,36.39,23,55,104.5,0.05612,23,0,0,0,1,1,0,0,1,0,1.840744251946273
2543,36.42,49,131,239.6,0.056092,51,0,0,0,0,0,1,2,0,2,1.8170959095617638
2544,36.44,49,134,241.3,0.056064,51,0,0,0,0,0,1,0,0,2,1.9223909965227377
2545,36.46,49,156,235.1,0.056036,51,0,0,0,0,0,1,4,1,2,1.7849407009329432
2546,36.48,49,159,236.7,0.056008,51,0,0,0,0,0,1,2,2,3,1.8955800672248209
2547,36.5,49,118,241.1,0.05598,51,0,0,0,0,0,1,2,1,0,1.8375941276707068
2548,36.53,49,154,238.4,0.055952,51,0,0,0,0,0,1,1,0,1,1.7086952432878117
2549,36.55,49,157,239.0,0.055924,51,0,0,0,0,0,1,0,2,2,1.4787931922751127
2550,36.58,49,168,236.5,0.055896,51,0,0,0,0,0,1,1,2,6,1.6332959563304292
2551,36.6,49,141,237.7,0.055868,51,0,0,0,0,0,1,3,0,1,1.799548393280481
2552,36.62,49,129,240.8,0.05584,51,0,0,0,0,0,1,1,3,2,1.9138647787988785
2553,36.63,29,68,130.0,0.055813,29,0,0,0,1,1,0,3,2,2,1.8853702993128636
2554,36.66,49,155,239.1,0.055785,51,0,0,0,0,0,1,0,3,3,1.4334715275120133
2555,36.68,49,124,240.4,0.055757,51,0,0,0,0,0,1,2,0,1,1.674616072556704
2556,36.7,49,124,239.4,0.055729,51,0,0,0,0,0,1,3,0,1,1.6736175588904125
2557,36.72,49,134,240.0,0.055701,51,0,0,0,0,0,1,1,0,5,1.897807546094996
2558,36.74,49,132,238.3,0.055673,51,0,0,0,0,0,1,3,0,4,1.6170423971814176
2559,36.76,49,127,241.1,0.055645,51,0,0,0,0,0,1,1,0,1,1.6153300551845216
2560,36.78,49,154,238.4,0.055617,51,0,0,0,0,0,1,1,0,1,1.5187726916576028
2561,36.8,49,135,239.1,0.05559,51,0,0,0,0,0,1,2,1,3,1.689479270370899
2562,36.83,49,132,241.3,0.055562,51,0,0,0,0,0,1,0,1,4,1.6190464904436088
2563,36.85,44,120,199.9,0.055534,44,0,0,0,1,1,0,3,4,1,1.6590460729714047
2564,36.87,49,121,241.8,0.055506,51,0,0,0,0,0,1,1,0,0,1.597209883827238
2565,36.88,49,121,241.7,0.055479,51,0,0,0,0,0,1,1,2,1,1.6757140755027047
2566,36.91,49,140,240.8,0.055451,51,0,0,0,0,0,1,0,1,1,1.8605377859559473
2567,36.92,49,115,242.2,0.055423,51,0,0,0,0,0,1,1,0,2,1.7861092233494842
2568,36.94,23,62,106.8,0.055395,24,0,0,0,1,1,0,2,1,0,2.1412677991695173
2569,36.94,5,12,21.8,0.055368,6,0,0,0,1,1,0,2,2,0,4.2357755196743865
2570,36.94,0,6,-9.6,0.05534,0,0,0,0,1,1,0,4,1,0,5.682598888207216
2571,36.96,49,131,239.8,0.055312,51,0,0,0,0,0,1,2,0,0,1.6982711177283518
2572,36.98,49,141,240.7,0.055285,51,0,0,0,0,0,1,0,1,1,1.8407688891493463
2573,37.0,49,137,237.0,0.055257,51,0,0,0,0,0,1,4,1,2,1.8993292513931803
2574,37.02,49,129,235.8,0.055229,51,0,0,0,0,0,1,6,0,2,2.0507675976013524
2575,37.04,49,127,241.2,0.055202,51,0,0,0,0,0,1,1,1,0,1.7616714583438613
2576,37.07,49,152,237.7,0.055174,51,0,0,0,0,0,1,2,2,0,1.6503989880803447
2577,37.09,49,143,235.6,0.055147,51,0,0,0,0,0,1,5,1,0,1.6747731575441795
2578,37.12,49,163,234.5,0.055119,51,0,0,0,0,0,1,4,3,1,1.669001049932511
2579,37.12,18,36,80.3,0.055091,18,0,0,0,1,1,0,1,2,1,2.3728964044153233
2580,37.13,21,56,93.3,0.055064,21,0,0,0,1,1,0,1,2,1,2.3982807752773008
2581,37.15,39,100,178.9,0.055036,39,0,0,0,1,1,0,1,1,1,1.6221601373557872
2582,37.17,49,144,237.4,0.055009,51,0,0,0,0,0,1,3,1,1,1.7556335836576342
2583,37.19,44,113,203.7,0.054981,44,0,0,0,1,1,0,0,1,0,1.4217004077981554
2584,37.21,49,145,237.3,0.054954,51,0,0,0,0,0,1,3,2,1,1.7085449822773888
2585,37.24,49,153,237.5,0.054926,51,0,0,0,0,0,1,2,2,1,1.5999912649171468
2586,37.26,50,158,232.1,0.054899,50,0,0,0,0,0,1,2,1,0,1.5893792280471932
2587,37.27,35,80,158.0,0.054871,35,0,0,0,1,1,0,4,1,0,1.9367533785966393
2588,37.3,49,132,240.5,0.054844,51,0,0,0,0,0,1,1,0,2,1.5800926801770048
2589,37.31,49,124,242.3,0.054817,51,0,0,0,0,0,1,0,1,2,1.8823973951183386
2590,37.34,49,143,240.3,0.054789,51,0,0,0,0,0,1,0,2,3,1.8770405071654845
2591,37.35,42,100,190.9,0.054762,42,0,0,0,1,1,0,4,1,1,1.7488524951091085
2592,37.37,49,125,238.4,0.054734,51,0,0,0,0,0,1,4,0,0,1.623640540421454
2593,37.39,49,128,238.9,0.054707,51,0,0,0,0,0,1,3,0,2,1.7488835468346848
2594,37.41,49,123,240.6,0.05468,51,0,0,0,0,0,1,2,2,0,2.1874781197918
2595,37.43,49,134,239.4,0.054652,51,0,0,0,0,0,1,2,0,1,1.805179458890737
2596,37.46,49,139,239.9,0.054625,51,0,0,0,0,0,1,1,0,1,1.5588801858533108
2597,37.47,37,82,170.8,0.054598,37,0,0,0,1,1,0,1,1,0,1.7512739804166217
2598,37.5,49,171,236.5,0.05457,51,0,0,0,0,0,1,1,2,3,1.5828814822409223
2599,37.52,49,164,237.3,0.054543,51,0,0,0,0,0,1,1,2,2,1.7154039014395377
2600,37.54,49,143,240.6,0.054516,51,0,0,0,0,0,1,0,0,0,1.7119583129156957
2601,37.57,50,131,231.9,0.054489,50,0,0,0,1,1,0,0,2,0,1.7536207879462653
2602,37.59,49,131,238.7,0.054461,51,0,0,0,0,0,1,3,0,1,1.615885301440124
2603,37.59,20,45,88.2,0.054434,20,0,0,0,1,1,0,2,1,3,1.9171355817691336
2604,37.62,49,141,239.4,0.054407,51,0,0,0,0,0,1,1,2,4,1.7480720686622861
2605,37.64,49,130,239.8,0.05438,51,0,0,0,0,0,1,2,2,1,1.9711681905254494
2606,37.66,49,129,239.9,0.054353,51,0,0,0,0,0,1,2,1,1,1.8352084265912367
2607,37.67,21,68,93.1,0.054325,21,0,0,0,1,1,0,0,1,1,1.743837188981513
2608,37.69,49,148,237.1,0.054298,51,0,0,0,0,0,1,3,0,0,1.5481233944278932
2609,37.7,6,16,26.3,0.054271,7,0,0,0,1,1,0,2,1,1,3.3113430689025503
2610,37.72,49,128,241.1,0.054244,51,0,0,0,0,0,1,1,1,0,1.832189622568951
2611,37.73,49,119,242.0,0.054217,51,0,0,0,0,0,1,1,1,0,1.977289725539721
2612,37.76,49,139,238.0,0.05419,51,0,0,0,0,0,1,3,0,0,1.5680260599461664
2613,37.78,50,152,234.4,0.054163,50,0,0,0,0,0,1,0,3,3,1.733615500559207
2614,37.8,38,95,174.5,0.054136,38,0,0,0,1,1,0,1,1,0,1.8282818491189903
2615,37.82,49,142,239.7,0.054108,51,0,0,0,0,0,1,1,2,0,1.6365064650890009
2616,37.84,49,131,239.6,0.054081,51,0,0,0,0,0,1,2,0,2,1.4452530415780764
2617,37.86,49,138,236.8,0.054054,51,0,0,0,0,0,1,4,2,3,1.739780325619969
2618,37.86,6,16,19.4,0.054027,6,0,0,0,1,1,0,4,1,0,2.982244974635422
2619,37.87,14,36,57.4,0.054,14,0,0,0,1,1,0,4,1,0,2.3652100438881956
2620,37.89,49,130,239.9,0.053973,51,0,0,0,0,0,1,2,3,0,1.6004006369526687
2621,37.91,49,123,241.6,0.053946,51,0,0,0,0,0,1,1,1,0,1.7074551604350183
2622,37.93,49,146,238.3,0.053919,51,0,0,0,0,0,1,2,1,0,1.9666242035244723
2623,37.96,49,136,238.0,0.053892,51,0,0,0,0,0,1,3,0,3,1.7621391288747583
2624,37.98,49,120,241.8,0.053865,51,0,0,0,0,0,1,1,1,1,1.5942690877325898
2625,38.0,49,138,240.1,0.053839,51,0,0,0,0,0,1,1,1,0,1.5388630210844527
2626,38.0,1,6,-1.6,0.053812,1,0,0,0,1,1,0,1,1,0,3.952550858699157
2627,38.02,49,118,240.9,0.053785,51,0,0,0,0,0,1,2,1,2,1.90286184033395
2628,38.03,36,99,161.0,0.053758,36,0,0,0,1,1,0,4,4,1,1.8071100699498581
2629,38.04,11,33,43.7,0.053731,11,0,0,0,1,1,0,3,2,0,1.9496721716344307
2630,38.05,28,56,126.3,0.053704,28,0,0,0,1,1,0,3,1,1,1.8791573132507284
2631,38.07,49,136,240.3,0.053677,51,0,0,0,0,0,1,1,0,0,1.8907470136663656
2632,38.09,49,133,239.6,0.05365,51,0,0,0,0,0,1,2,0,0,1.7822335401421006
2633,38.11,49,132,241.6,0.053624,51,0,0,0,0,0,1,0,1,1,1.65776065150301
2634,38.14,49,165,235.3,0.053597,51,0,0,0,0,0,1,3,0,1,1.5831298755606915
2635,38.16,49,132,241.6,0.05357,51,0,0,0,0,0,1,0,0,1,1.7032763211460107
2636,38.18,49,143,238.4,0.053543,51,0,0,0,0,0,1,2,2,2,1.6230997396135982
2637,38.2,41,105,187.4,0.053516,41,0,0,0,1,1,0,2,2,1,1.7355874186691713
2638,38.21,19,51,84.8,0.05349,19,0,0,0,1,1,0,0,2,1,1.8628764539792892
2639,38.23,49,149,237.8,0.053463,51,0,0,0,0,0,1,2,2,2,1.6183943829892304
2640,38.25,49,123,240.5,0.053436,51,0,0,0,0,0,1,2,0,1,1.8272839205712406
2641,38.27,49,132,239.6,0.053409,51,0,0,0,0,0,1,2,0,1,1.754021825589095
2642,38.3,49,136,236.2,0.053383,51,0,0,0,0,0,1,5,1,1,2.0384062375615444
2643,38.32,49,134,241.3,0.053356,51,0,0,0,0,0,1,0,0,2,1.96786657486427
2644,38.34,49,138,240.0,0.053329,51,0,0,0,0,0,1,1,0,1,1.6966231954725957
2645,38.36,49,129,241.0,0.053303,51,0,0,0,0,0,1,1,0,0,1.733165482628921
2646,38.38,49,155,239.1,0.053276,51,0,0,0,0,0,1,0,1,3,1.7518673292745337
2647,38.4,49,128,240.1,0.053249,51,0,0,0,0,0,1,2,2,0,1.768900650538231
2648,38.41,23,54,100.4,0.053223,23,0,0,0,1,1,0,4,1,2,1.9668965172134638
2649,38.43,49,142,240.5,0.053196,51,0,0,0,0,0,1,0,1,2,1.6157272190040386
2650,38.46,49,137,240.1,0.05317,51,0,0,0,0,0,1,1,1,1,1.6814610548393047
2651,38.48,49,146,238.1,0.053143,51,0,0,0,0,0,1,2,1,2,1.6624930949682433
2652,38.5,49,145,239.3,0.053116,51,0,0,0,0,0,1,1,0,1,1.6549570191991259
2653,38.51,19,43,83.5,0.05309,19,0,0,0,1,1,0,2,1,2,2.2167350109958264
2654,38.51,1,12,-5.2,0.053063,1,0,0,0,1,1,0,4,1,0,3.1391022843576657
2655,38.52,10,25,39.5,0.053037,10,0,0,0,1,1,0,3,1,0,2.5105745056097333
2656,38.53,31,71,138.9,0.05301,31,0,0,0,1,1,0,4,1,0,1.724669530602425
2657,38.54,10,33,38.2,0.052984,10,0,0,0,1,1,0,3,1,5,1.8265997180576676
2658,38.54,19,48,81.1,0.052957,19,0,0,0,1,1,0,4,2,1,1.8534064337457636
2659,38.56,29,93,123.1,0.052931,29,0,0,0,1,1,0,7,1,6,1.9206618067477774
2660,38.56,7,20,24.0,0.052904,7,0,0,0,1,1,0,4,1,0,2.5236983248014964
2661,38.57,16,49,66.0,0.052878,16,0,0,0,1,1,0,4,2,1,2.0694917431635242
2662,38.58,15,52,53.2,0.052851,15,0,0,0,1,1,0,11,2,6,2.134565783940591
2663,38.61,50,163,224.3,0.052825,50,0,0,0,1,1,0,4,3,4,1.6919437454217943
2664,38.63,49,166,237.1,0.052799,51,0,0,0,0,0,1,1,0,2,1.8304587218091548
2665,38.66,49,163,235.4,0.052772,51,0,0,0,0,0,1,3,0,2,1.6361111315894268
2666,38.68,49,136,223.8,0.052746,49,0,0,0,1,1,0,2,1,6,1.8583186800122873
2667,38.68,5,15,15.5,0.052719,5,0,0,0,1,1,0,3,1,0,2.930026488704435
2668,38.7,49,144,220.6,0.052693,49,0,0,0,1,1,0,5,1,0,1.6552146121086864
2669,38.73,49,137,240.9,0.052667,51,0,0,0,0,0,1,0,1,3,1.861147801475753
2670,38.75,47,133,216.5,0.05264,47,0,0,0,1,1,0,0,3,2,1.7672723529636754
2671,38.75,9,22,36.8,0.052614,9,0,0,0,1,1,0,1,2,0,2.8301911969336975
2672,38.77,49,125,240.3,0.052588,51,0,0,0,0,0,1,2,0,1,1.5504662586128128
2673,38.79,38,104,170.6,0.052561,38,0,0,0,1,1,0,4,2,0,1.9000326781064973
2674,38.81,49,135,239.4,0.052535,51,0,0,0,0,0,1,2,0,0,1.6875651515676955
2675,38.83,40,101,182.6,0.052509,40,0,0,0,1,1,0,2,2,3,1.6390674986878533
2676,38.85,49,116,242.2,0.052483,51,0,0,0,0,0,1,1,1,1,1.8105878382566936
2677,38.87,49,139,239.8,0.052456,51,0,0,0,0,0,1,1,0,2,1.6773547633675066
2678,38.89,49,146,237.1,0.05243,51,0,0,0,0,0,1,3,1,2,1.6408267425867253
2679,38.91,49,146,239.1,0.052404,51,0,0,0,0,0,1,1,0,2,1.8490726385484537
2680,38.93,49,120,241.7,0.052378,51,0,0,0,0,0,1,1,1,2,1.7985340334525188
2681,38.96,49,160,235.6,0.052352,51,0,0,0,0,0,1,3,0,3,1.5299660210778692
2682,38.98,49,126,242.1,0.052325,51,0,0,0,0,0,1,0,0,2,1.636939648242831
2683,38.98,5,12,15.7,0.052299,5,0,0,0,1,1,0,3,1,1,4.3831373605631
2684,38.98,0,10,-9.0,0.052273,0,0,0,0,1,1,0,3,1,0,3.027969390287113
2685,39.0,49,137,239.0,0.052247,51,0,0,0,0,0,1,2,0,2,1.7917054907061376
2686,39.02,49,132,241.5,0.052221,51,0,0,0,0,0,1,0,1,2,1.6285108794126735
2687,39.05,49,137,240.1,0.052195,51,0,0,0,0,0,1,1,0,1,1.6747250702353433
2688,39.06,28,74,126.3,0.052169,28,0,0,0,1,1,0,1,2,3,1.6173198153949109
2689,39.08,41,98,190.1,0.052143,41,0,0,0,1,1,0,0,3,1,1.5850130702875207
2690,39.08,14,31,61.9,0.052116,15,0,0,0,1,1,0,5,1,0,1.890380170518067
2691,39.1,49,118,242.1,0.05209,51,0,0,0,0,0,1,1,0,0,1.6129507088682922
2692,39.1,6,13,23.7,0.052064,6,0,0,0,1,1,0,0,1,0,2.895007383844657
2693,39.13,50,152,225.5,0.052038,50,0,0,0,1,1,0,4,1,3,1.9081572678296974
2694,39.14,28,57,126.3,0.052012,28,0,0,0,1,1,0,3,1,0,2.0043191516709222
2695,39.15,40,110,180.6,0.051986,40,0,0,0,1,1,0,3,4,4,1.8851739795327915
2696,39.16,14,53,53.4,0.05196,14,0,0,0,1,1,0,6,1,3,1.7991249120878636
2697,39.18,49,139,239.9,0.051934,51,0,0,0,0,0,1,1,1,1,1.569713282891012
2698,39.21,49,158,232.6,0.051908,51,0,0,0,0,0,1,6,0,5,1.6218132221545967
2699,39.23,40,104,182.4,0.051882,40,0,0,0,1,1,0,2,2,2,1.7036235996176254
2700,39.25,49,145,238.4,0.051856,51,0,0,0,0,0,1,2,0,0,1.5373414763959736
2701,39.27,49,134,238.0,0.051831,51,0,0,0,0,0,1,3,1,5,1.717629111364991
2702,39.28,2,27,-1.9,0.051805,2,0,0,0,1,1,0,4,1,2,3.0270826983128614
2703,39.3,49,133,238.4,0.051779,51,0,0,0,0,0,1,3,4,2,1.6851810906886295
2704,39.31,36,111,159.7,0.051753,36,0,0,0,1,1,0,4,1,2,1.7534449784865473
2705,39.34,49,164,221.5,0.051727,49,0,0,0,1,1,0,2,3,1,1.6845597247676294
2706,39.34,1,10,-5.0,0.051701,1,0,0,0,1,1,0,4,1,0,3.5568480949279033
2707,39.35,23,67,99.1,0.051675,23,0,0,0,1,1,0,4,1,2,1.5891077618221061
2708,39.38,49,139,239.8,0.051649,51,0,0,0,0,0,1,1,1,2,1.7538078928611467
2709,39.39,31,65,138.5,0.051624,31,0,0,0,1,1,0,5,1,0,2.0077620395531373
2710,39.39,6,23,21.6,0.051598,6,0,0,0,1,1,0,1,1,1,2.519019809304923
2711,39.41,41,119,182.9,0.051572,41,0,0,0,1,1,0,5,1,2,1.6942655832856688
2712,39.43,49,134,238.4,0.051546,51,0,0,0,0,0,1,3,1,1,1.7821766199916977
2713,39.46,49,170,236.9,0.05152,51,0,0,0,0,0,1,1,0,0,1.70913129313977
2714,39.46,19,42,84.8,0.051495,19,0,0,0,1,1,0,1,3,0,2.102999148608602
2715,39.49,49,171,235.5,0.051469,51,0,0,0,0,0,1,2,1,3,1.752377706503233
2716,39.51,49,129,239.7,0.051443,51,0,0,0,0,0,1,2,1,3,1.6728215406023197
2717,39.53,49,133,240.5,0.051417,51,0,0,0,0,0,1,1,1,1,1.8094856000033364
2718,39.54,13,32,56.4,0.051392,13,0,0,0,1,1,0,0,1,4,2.33227139696893
2719,39.54,12,28,52.1,0.051366,12,0,0,0,1,1,0,0,1,1,1.9287482250818184
2720,39.57,49,158,236.1,0.05134,51,0,0,0,0,0,1,3,1,0,1.584656437813581
2721,39.59,49,158,237.0,0.051315,51,0,0,0,0,0,1,2,1,1,1.659637826657492
2722,39.61,32,93,135.9,0.051289,32,0,0,0,1,1,0,9,1,8,1.9326561473233417
2723,39.61,2,9,1.1,0.051263,2,0,0,0,1,1,0,3,1,0,3.5083034817171197
2724,39.63,49,139,239.5,0.051238,51,0,0,0,0,0,1,1,0,5,1.8548895384129755
2725,39.64,12,25,48.5,0.051212,12,0,0,0,1,1,0,4,1,0,2.5206763028592127
2726,39.66,49,163,236.3,0.051187,51,0,0,0,0,0,1,2,1,3,1.5699975017418732
2727,39.68,49,149,239.8,0.051161,51,0,0,0,0,0,1,0,0,2,1.7599624247690862
2728,39.71,49,147,236.1,0.051135,51,0,0,0,0,0,1,4,1,1,1.8738948292300062
2729,39.71,19,36,85.2,0.05111,19,0,0,0,1,1,0,1,1,2,2.2011775013730555
2730,39.74,50,145,234.1,0.051084,50,0,0,0,0,0,1,1,1,3,1.6548099516828638
2731,39.76,49,132,239.7,0.051059,51,0,0,0,0,0,1,2,1,0,1.8089469894059362
2732,39.78,49,133,240.5,0.051033,51,0,0,0,0,0,1,1,0,1,1.561672076239493
2733,39.8,49,132,238.5,0.051008,51,0,0,0,0,0,1,3,0,2,1.6721769370057882
2734,39.8,7,22,24.6,0.050982,7,0,0,0,1,1,0,3,1,2,2.323628004865587
2735,39.82,49,136,237.0,0.050957,51,0,0,0,0,0,1,4,1,3,1.8871179237010016
2736,39.84,49,124,240.5,0.050931,51,0,0,0,0,0,1,2,0,0,1.951111815783297
2737,39.85,14,27,58.2,0.050906,14,0,0,0,1,1,0,4,1,1,2.5506547151910985
2738,39.86,41,113,185.6,0.05088,41,0,0,0,1,1,0,3,1,1,1.6404970904028724
2739,39.89,49,140,239.3,0.050855,51,0,0,0,0,0,1,1,0,6,1.7333619230453807
2740,39.91,49,141,239.8,0.050829,51,0,0,0,0,0,1,1,2,0,1.6034334850444019
2741,39.93,49,138,237.9,0.050804,51,0,0,0,0,0,1,3,0,2,1.5972007449878292
2742,39.94,37,91,168.9,0.050779,37,0,0,0,1,1,0,2,3,0,1.7446140296239143
2743,39.95,3,8,9.2,0.050753,3,0,0,0,1,1,0,0,1,0,4.033605985512965
2744,39.95,11,23,45.6,0.050728,11,0,0,0,1,1,0,2,1,1,2.4794966356129073
2745,39.97,49,110,242.8,0.050702,51,0,0,0,0,0,1,1,1,1,1.7960720066792417
2746,39.98,35,73,159.5,0.050677,35,0,0,0,1,1,0,3,3,2,1.7961982501447846
2747,39.99,14,30,60.9,0.050652,14,0,0,0,1,1,0,1,1,1,1.6855342956624964
2748,40.01,49,134,238.1,0.050626,51,0,0,0,0,0,1,3,0,4,1.6038167506360932
2749,40.03,49,140,240.9,0.050601,51,0,0,0,0,0,1,0,2,0,1.369009172850951
2750,40.05,49,129,239.8,0.050576,51,0,0,0,0,0,1,2,0,2,1.4399101217192511
2751,40.07,49,135,240.3,0.050551,51,0,0,0,0,0,1,1,1,1,1.596267774545245
2752,40.09,49,114,243.2,0.050525,51,0,0,0,0,0,1,0,0,3,1.5033815212099946
2753,40.11,47,118,217.2,0.0505,47,0,0,0,1,1,0,1,1,0,1.4984331119491572
2754,40.13,44,129,199.1,0.050475,44,0,0,0,1,1,0,3,2,0,1.6357804016677
2755,40.15,49,133,237.5,0.05045,51,0,0,0,0,0,1,4,1,1,1.7681683121742768
2756,40.17,49,161,236.8,0.050424,51,0,0,0,0,0,1,2,1,0,1.7617540342650768
2757,40.17,3,15,5.4,0.050399,3,0,0,0,1,1,0,3,1,1,3.2788595559477063
2758,40.2,49,134,238.3,0.050374,51,0,0,0,0,0,1,3,2,2,1.7563692734433858
2759,40.22,49,155,235.3,0.050349,51,0,0,0,0,0,1,4,1,1,1.5861094699643628
2760,40.24,42,133,187.9,0.050324,42,0,0,0,1,1,0,3,1,8,1.5842215035369651
2761,40.25,17,48,72.1,0.050298,17,0,0,0,1,1,0,3,2,1,1.9636100619447294
2762,40.27,49,126,239.2,0.050273,51,0,0,0,0,0,1,3,1,1,1.6918518671729286
2763,40.27,7,13,28.7,0.050248,7,0,0,0,1,1,0,0,1,0,3.071631189374046
2764,40.29,49,143,240.2,0.050223,51,0,0,0,0,0,1,0,1,4,1.8043507738618243
2765,40.31,49,140,239.8,0.050198,51,0,0,0,0,0,1,1,1,1,1.7595503797309486
2766,40.33,44,115,202.4,0.050173,44,0,0,0,1,1,0,1,1,1,1.4667563188536337
2767,40.34,22,47,100.3,0.050148,22,0,0,0,1,1,0,0,1,0,1.703559348948498
2768,40.36,49,160,237.7,0.050123,51,0,0,0,0,0,1,1,3,2,1.6827334619959018
2769,40.36,2,7,1.3,0.050098,2,0,0,0,1,1,0,3,1,0,4.9867617314267045
2770,40.39,49,137,238.8,0.050072,51,0,0,0,0,0,1,2,2,4,1.6061228069566031
2771,40.41,49,143,238.6,0.050047,51,0,0,0,0,0,1,2,0,0,1.6367713966991086
2772,40.43,49,135,239.4,0.050022,51,0,0,0,0,0,1,2,2,0,1.6915473958191434
2773,40.46,37,228,153.1,0.049997,37,0,0,0,1,1,0,4,2,1,1.3327735315946878
2774,40.48,49,145,238.2,0.049972,51,0,0,0,0,0,1,2,2,2,1.7543370563281924
2775,40.5,49,132,240.6,0.049947,51,0,0,0,0,0,1,1,1,1,1.8400509448357383
2776,40.52,49,127,242.2,0.049922,51,0,0,0,0,0,1,0,2,0,1.8145666051867089
2777,40.54,49,134,239.2,0.049897,51,0,0,0,0,0,1,2,2,3,1.8422289460179113
2778,40.57,49,149,239.6,0.049873,51,0,0,0,0,0,1,0,0,4,1.7833351123370578
2779,40.58,24,49,107.1,0.049848,24,0,0,0,1,1,0,3,1,0,1.9025988720434412
2780,40.58,6,22,19.7,0.049823,6,0,0,0,1,1,0,3,1,1,2.8969482990679065
2781,40.6,37,98,167.0,0.049798,37,0,0,0,1,1,0,3,1,2,1.5542614391557552
2782,40.6,4,15,6.5,0.049773,4,0,0,0,1,1,0,7,1,0,2.969227077909912
2783,40.63,49,220,223.8,0.049748,51,0,0,0,0,0,1,9,0,1,1.7086484103436967
2784,40.64,22,49,96.0,0.049723,22,0,0,0,1,1,0,4,1,1,2.196649365725767
2785,40.66,49,149,236.8,0.049698,51,0,0,0,0,0,1,3,1,2,1.8304007184284083
2786,40.68,49,116,243.3,0.049673,51,0,0,0,0,0,1,0,0,0,1.746759244702466
2787,40.7,49,136,237.3,0.049649,51,0,0,0,0,0,1,4,2,0,1.7049974201136902
2788,40.71,7,26,23.4,0.049624,7,0,0,0,1,1,0,4,1,0,2.768902265112776
2789,40.71,1,8,-3.2,0.049599,1,0,0,0,1,1,0,2,1,4,4.795369360748222
2790,40.72,32,76,146.3,0.049574,32,0,0,0,1,1,0,1,2,1,1.6865261983645183
2791,40.73,24,57,106.2,0.049549,24,0,0,0,1,1,0,3,1,1,2.2508415206959773
2792,40.75,49,133,239.6,0.049525,51,0,0,0,0,0,1,2,2,0,1.6014487455471194
2793,40.77,35,129,156.9,0.0495,35,0,0,0,1,1,0,0,1,2,1.5403921084343457
2794,40.79,49,130,238.8,0.049475,51,0,0,0,0,0,1,3,1,1,1.6779674823380637
2795,40.81,49,138,240.1,0.04945,51,0,0,0,0,0,1,1,0,0,1.7179742783116894
2796,40.83,49,129,239.9,0.049426,51,0,0,0,0,0,1,2,0,1,1.8364785210975059
2797,40.85,49,134,240.4,0.049401,51,0,0,0,0,0,1,1,1,1,1.7992106521275568
2798,40.88,49,158,236.0,0.049376,51,0,0,0,0,0,1,3,0,1,1.6771407373484721
2799,40.88,15,40,65.0,0.049351,15,0,0,0,1,1,0,1,1,0,2.157069583286984
2800,40.9,46,114,208.5,0.049327,46,0,0,0,1,1,0,5,2,1,1.6975601712489914
2801,40.92,50,136,236.3,0.049302,50,0,0,0,0,0,1,0,1,0,1.6325264783501807
2802,40.94,44,109,201.0,0.049277,44,0,0,0,1,1,0,3,1,1,1.6619177135110421
2803,40.96,49,137,238.1,0.049253,51,0,0,0,0,0,1,3,0,1,1.7189567735450246
2804,40.98,49,141,238.7,0.049228,51,0,0,0,0,0,1,2,0,1,1.6627833427373564
2805,40.99,6,11,23.9,0.049204,6,0,0,0,1,1,0,0,1,0,3.174597065082018
2806,41.01,49,142,239.5,0.049179,51,0,0,0,0,0,1,1,2,2,1.7756054407290227
2807,41.03,49,128,240.9,0.049154,51,0,0,0,0,0,1,1,0,2,1.8505647761328265
2808,41.05,49,152,236.5,0.04913,51,0,0,0,0,0,1,3,4,2,1.7552740562207092
2809,41.07,49,141,240.7,0.049105,51,0,0,0,0,0,1,0,1,1,1.783097793663211
2810,41.08,22,73,94.7,0.049081,22,0,0,0,1,1,0,3,1,0,1.9393562029194786
2811,41.09,8,28,30.9,0.049056,8,0,0,0,1,1,0,1,2,3,2.2814239430780234
2812,41.1,9,33,31.4,0.049032,9,0,0,0,1,1,0,5,2,3,1.677747868438941
2813,41.12,50,135,236.4,0.049007,50,0,0,0,0,0,1,0,3,0,1.4349666977104556
2814,41.12,5,17,18.3,0.048983,5,0,0,0,1,1,0,0,1,0,2.602365210810415
2815,41.14,49,128,239.9,0.048958,51,0,0,0,0,0,1,2,0,2,1.781488323022884
2816,41.16,49,138,237.7,0.048934,51,0,0,0,0,0,1,3,0,4,1.6444428654023207
2817,41.18,49,143,240.6,0.048909,51,0,0,0,0,0,1,0,0,0,1.892157786061526
2818,41.21,49,168,236.7,0.048885,51,0,0,0,0,0,1,1,2,4,1.5633324947165792
2819,41.22,39,85,179.5,0.04886,39,0,0,0,1,1,0,2,1,0,1.819390974028798
2820,41.24,49,133,241.5,0.048836,51,0,0,0,0,0,1,0,1,1,1.4348082238572806
2821,41.27,49,141,239.7,0.048811,51,0,0,0,0,0,1,1,3,1,1.4301930743223106
2822,41.29,49,141,239.8,0.048787,51,0,0,0,0,0,1,1,1,0,1.835830754551413
2823,41.31,49,123,240.4,0.048763,51,0,0,0,0,0,1,2,2,2,1.7100089865691481
2824,41.33,49,150,236.7,0.048738,51,0,0,0,0,0,1,3,2,2,1.7228403375222348
2825,41.35,49,131,241.8,0.048714,51,0,0,0,0,0,1,0,0,0,1.4273497055072755
2826,41.37,49,124,241.5,0.04869,51,0,0,0,0,0,1,1,0,0,1.6031458221967192
2827,41.39,49,133,237.6,0.048665,51,0,0,0,0,0,1,4,0,0,1.4455777535062655
2828,41.41,50,147,234.4,0.048641,50,0,0,0,0,0,1,0,3,8,1.8537515537181637
2829,41.43,49,136,240.1,0.048617,51,0,0,0,0,0,1,1,1,2,1.716274632961388
2830,41.46,49,142,238.7,0.048592,51,0,0,0,0,0,1,2,0,0,1.5521164827395697
2831,41.48,49,126,241.2,0.048568,51,0,0,0,0,0,1,1,1,1,1.6964681598338192
2832,41.5,49,144,238.3,0.048544,51,0,0,0,0,0,1,2,0,2,1.7985123708520923
2833,41.52,49,167,237.0,0.048519,51,0,0,0,0,0,1,1,1,2,1.4090108960083896
2834,41.54,43,108,195.0,0.048495,43,0,0,0,1,1,0,4,2,2,1.6948414210108018
2835,41.56,49,129,240.8,0.048471,51,0,0,0,0,0,1,1,1,2,1.7240335135440996
2836,41.59,50,142,229.8,0.048447,50,0,0,0,1,1,0,1,1,0,1.6808706815450432
2837,41.6,38,93,173.7,0.048422,38,0,0,0,1,1,0,2,3,0,1.6480464268482518
2838,41.62,49,138,240.0,0.048398,51,0,0,0,0,0,1,1,1,1,1.6860125139566111
2839,41.64,46,121,210.4,0.048374,46,0,0,0,1,1,0,2,1,5,1.6949198141159902
2840,41.65,7,15,28.5,0.04835,7,0,0,0,1,1,0,0,1,0,2.7750359947094903
2841,41.67,49,162,236.6,0.048326,51,0,0,0,0,0,1,2,1,1,1.5132031644553623
2842,41.69,49,121,240.8,0.048301,51,0,0,0,0,0,1,2,1,0,1.912021962076136
2843,41.69,7,20,33.0,0.048277,8,0,0,0,1,1,0,0,1,0,2.2463814297040265
2844,41.72,49,153,236.4,0.048253,51,0,0,0,0,0,1,3,1,2,1.6896197482355333
2845,41.74,49,154,236.8,0.048229,51,0,0,0,0,0,1,2,0,7,1.8780792755028797
2846,41.76,49,136,241.2,0.048205,51,0,0,0,0,0,1,0,1,1,1.6575797017275877
2847,41.78,49,124,240.4,0.048181,51,0,0,0,0,0,1,2,0,1,1.677232967253888
2848,41.81,49,138,237.1,0.048157,51,0,0,0,0,0,1,4,1,0,1.6463521557792271
2849,41.83,49,143,238.4,0.048133,51,0,0,0,0,0,1,2,0,2,1.719417083857646
2850,41.85,49,136,237.3,0.048109,51,0,0,0,0,0,1,4,1,0,1.8215856682970533
2851,41.87,49,138,240.0,0.048085,51,0,0,0,0,0,1,1,1,1,1.725539555117235
2852,41.89,49,136,240.3,0.048061,51,0,0,0,0,0,1,1,1,0,1.5451795007709745
2853,41.9,27,52,123.8,0.048036,27,0,0,0,1,1,0,1,1,0,1.764765826205529
2854,41.92,50,128,236.5,0.048012,50,0,0,0,0,0,1,0,2,6,1.4681864508309357
2855,41.94,49,122,240.5,0.047988,51,0,0,0,0,0,1,2,0,2,1.8680566835585881
2856,41.96,49,134,241.4,0.047964,51,0,0,0,0,0,1,0,0,1,1.6843066216042988
2857,41.98,49,136,240.1,0.04794,51,0,0,0,0,0,1,1,0,2,1.6460293974951141
2858,42.0,37,88,167.2,0.047917,37,0,0,0,1,1,0,4,1,0,1.8313474335585078
2859,42.0,7,20,26.8,0.047893,7,0,0,0,1,1,0,1,1,2,2.427865230498113
2860,42.01,19,40,81.8,0.047869,19,0,0,0,1,1,0,4,1,2,2.169854161020183
2861,42.01,1,9,-3.2,0.047845,1,0,0,0,1,1,0,2,1,3,3.530396218275975
2862,42.03,49,144,239.3,0.047821,51,0,0,0,0,0,1,1,0,2,1.5599759373583737
2863,42.04,5,17,13.3,0.047797,5,0,0,0,1,1,0,5,1,0,2.57999516181605
2864,42.05,31,74,136.6,0.047773,31,0,0,0,1,1,0,6,1,0,1.7472696873482885
2865,42.07,49,138,238.8,0.047749,51,0,0,0,0,0,1,2,0,3,1.6128335603758852
2866,42.09,49,149,236.9,0.047725,51,0,0,0,0,0,1,3,0,1,1.5708102850541799
2867,42.11,49,117,243.1,0.047701,51,0,0,0,0,0,1,0,2,1,1.8881164962306058
2868,42.14,49,165,237.3,0.047677,51,0,0,0,0,0,1,1,1,1,1.695970334137508
2869,42.16,49,124,242.4,0.047654,51,0,0,0,0,0,1,0,0,1,1.8397025828173657
2870,42.18,49,140,237.7,0.04763,51,0,0,0,0,0,1,3,1,2,1.4856972252979763
2871,42.2,49,135,241.0,0.047606,51,0,0,0,0,0,1,0,2,4,1.7649574312435745
2872,42.22,49,140,239.9,0.047582,51,0,0,0,0,0,1,1,0,0,1.7016097745670948
2873,42.23,23,51,103.9,0.047558,23,0,0,0,1,1,0,1,2,0,2.2951737564392665
2874,42.25,49,137,240.0,0.047535,51,0,0,0,0,0,1,1,0,2,1.7303882173771203
2875,42.27,49,126,242.2,0.047511,51,0,0,0,0,0,1,0,0,1,1.6178973384610174
2876,42.29,49,127,242.0,0.047487,51,0,0,0,0,0,1,0,0,2,1.5004475149554357
2877,42.3,11,33,46.7,0.047463,11,0,0,0,1,1,0,0,1,0,1.999049422731971
2878,42.32,49,149,237.8,0.04744,51,0,0,0,0,0,1,2,2,2,1.7043561275148296
2879,42.34,50,149,231.7,0.047416,50,0,0,0,0,0,1,3,2,3,1.5833510040840861
2880,42.35,11,22,46.8,0.047392,11,0,0,0,1,1,0,1,1,0,2.8960129285425755
2881,42.36,27,62,120.8,0.047368,27,0,0,0,1,1,0,3,1,0,1.6812520876400452
2882,42.36,5,15,18.5,0.047345,5,0,0,0,1,1,0,0,1,0,2.6643815541373654
2883,42.39,49,169,233.5,0.047321,51,0,0,0,0,0,1,4,0,5,1.549398690532532
2884,42.41,49,116,241.3,0.047297,51,0,0,0,0,0,1,2,0,0,1.84195090438316
2885,42.42,19,37,82.9,0.047274,19,0,0,0,1,1,0,3,1,4,2.4149550466834553
2886,42.44,49,149,235.6,0.04725,51,0,0,0,0,0,1,4,0,4,1.8425638139593896
2887,42.46,49,116,243.0,0.047227,51,0,0,0,0,0,1,0,0,3,1.8556707807826949
2888,42.48,49,134,241.4,0.047203,51,0,0,0,0,0,1,0,0,1,1.8938101656684656
2889,42.5,49,154,238.3,0.047179,51,0,0,0,0,0,1,1,0,2,1.7401967326124914
2890,42.52,49,127,241.1,0.047156,51,0,0,0,0,0,1,1,0,1,1.8226948467378246
2891,42.53,5,20,14.0,0.047132,5,0,0,0,1,1,0,4,1,0,3.447683940213847
2892,42.53,2,10,0.9,0.047109,2,0,0,0,1,1,0,3,1,1,3.487788246286854
2893,42.53,4,19,9.0,0.047085,4,0,0,0,1,1,0,4,1,1,2.5279357230795885
2894,42.56,49,158,236.0,0.047062,51,0,0,0,0,0,1,3,1,1,1.6232448025386215
2895,42.57,47,116,218.3,0.047038,47,0,0,0,1,1,0,0,1,1,1.7752801549812316
2896,42.59,49,126,239.3,0.047014,51,0,0,0,0,0,1,3,1,0,1.5929982362914865
2897,42.62,49,136,235.3,0.046991,51,0,0,0,0,0,1,6,0,0,1.6136724244454255
2898,42.63,27,68,122.2,0.046967,27,0,0,0,1,1,0,1,1,0,1.5941705009315317
2899,42.65,49,138,236.1,0.046944,51,0,0,0,0,0,1,5,1,0,1.6209940247431143
2900,42.67,49,127,242.2,0.046921,51,0,0,0,0,0,1,0,0,0,1.61503319915276
2901,42.69,49,138,238.0,0.046897,51,0,0,0,0,0,1,3,1,1,1.7623107324146159
2902,42.71,49,130,240.7,0.046874,51,0,0,0,0,0,1,1,3,2,1.5804157274095614
2903,42.74,49,145,239.4,0.04685,51,0,0,0,0,0,1,1,0,0,1.4828102559918774
2904,42.76,49,141,239.7,0.046827,51,0,0,0,0,0,1,1,1,1,1.480765700710387
2905,42.78,49,143,236.5,0.046803,51,0,0,0,0,0,1,4,2,1,1.7955062288307515
2906,42.8,40,95,184.3,0.04678,40,0,0,0,1,1,0,1,1,2,1.9151203529845942
2907,42.82,49,124,242.4,0.046757,51,0,0,0,0,0,1,0,0,1,1.6882617048738169
2908,42.84,50,139,228.9,0.046733,50,0,0,0,0,0,1,7,2,1,1.7513540692086167
2909,42.86,49,153,238.3,0.04671,51,0,0,0,0,0,1,1,1,3,1.6805918616243252
2910,42.88,49,124,241.2,0.046686,51,0,0,0,0,0,1,1,0,3,1.4554731673733292
2911,42.9,24,112,86.9,0.046663,24,0,0,0,1,1,0,16,1,9,1.8042639011051815
2912,42.92,49,135,241.3,0.04664,51,0,0,0,0,0,1,0,1,1,1.7779674312591367
2913,42.95,49,173,234.4,0.046616,51,0,0,0,0,0,1,3,1,2,1.8003372622744032
2914,42.97,49,158,236.0,0.046593,51,0,0,0,0,0,1,2,1,11,1.7603667124108486
2915,42.98,21,53,92.4,0.04657,21,0,0,0,1,1,0,2,1,3,1.7991166161503052
2916,43.0,49,124,240.5,0.046547,51,0,0,0,0,0,1,2,1,0,1.9446872932762014
2917,43.01,20,36,90.3,0.046523,20,0,0,0,1,1,0,1,1,1,2.2894441612601835
2918,43.03,49,143,240.1,0.0465,51,0,0,0,0,0,1,0,0,5,1.7280723217085727
2919,43.05,49,136,241.3,0.046477,51,0,0,0,0,0,1,0,0,0,1.564817727220526
2920,43.07,49,130,237.9,0.046454,51,0,0,0,0,0,1,4,0,0,1.7206807572542175
2921,43.09,49,140,239.6,0.04643,51,0,0,0,0,0,1,1,1,3,1.86552012523039
2922,43.11,49,130,240.8,0.046407,51,0,0,0,0,0,1,1,1,1,1.6661252521186942
2923,43.13,35,78,166.1,0.046384,36,0,0,0,1,1,0,1,2,1,2.1688089545828726
2924,43.14,39,92,176.8,0.046361,39,0,0,0,1,1,0,4,1,0,1.324277823711222
2925,43.16,49,137,224.1,0.046338,49,0,0,0,1,1,0,2,3,2,1.5403342205505155
2926,43.19,49,171,236.6,0.046314,51,0,0,0,0,0,1,1,2,2,1.7336894693219977
2927,43.21,49,139,239.0,0.046291,51,0,0,0,0,0,1,2,0,0,1.6439088175844665
2928,43.23,49,121,241.8,0.046268,51,0,0,0,0,0,1,1,1,0,1.6424344043603034
2929,43.26,49,162,236.7,0.046245,51,0,0,0,0,0,1,2,0,0,1.5647592876428424
2930,43.28,49,136,239.1,0.046222,51,0,0,0,0,0,1,2,1,2,1.9060141832986361
2931,43.3,49,155,237.2,0.046199,51,0,0,0,0,0,1,2,0,2,1.6378661631139677
2932,43.32,49,127,241.1,0.046176,51,0,0,0,0,0,1,1,0,1,1.7268136269912655
2933,43.34,49,148,238.0,0.046152,51,0,0,0,0,0,1,2,2,1,1.8801069634072127
2934,43.37,49,161,235.7,0.046129,51,0,0,0,0,0,1,3,2,1,1.6516788681927614
2935,43.37,4,16,11.2,0.046106,4,0,0,0,1,1,0,2,1,2,2.909890465582815
2936,43.38,22,66,94.2,0.046083,22,0,0,0,1,1,0,4,1,2,1.7531144773196894
2937,43.39,5,20,16.9,0.04606,5,0,0,0,1,1,0,1,1,1,2.546872416972556
2938,43.39,1,5,-0.5,0.046037,1,0,0,0,1,1,0,0,1,0,6.3995913659420465
2939,43.39,5,20,16.0,0.046014,5,0,0,0,1,1,0,2,1,0,2.1762533946055065
2940,43.41,49,127,238.2,0.045991,51,0,0,0,0,0,1,4,2,0,1.707263654871129
2941,43.43,49,127,241.2,0.045968,51,0,0,0,0,0,1,1,0,0,1.5576571635418233
2942,43.45,49,131,239.6,0.045945,51,0,0,0,0,0,1,2,1,2,2.030758374900067
2943,43.48,49,150,236.9,0.045922,51,0,0,0,0,0,1,3,2,0,1.7423752490322135
2944,43.5,49,139,239.8,0.045899,51,0,0,0,0,0,1,1,1,2,1.5848604405060862
2945,43.52,47,121,214.9,0.045876,47,0,0,0,1,1,0,3,2,0,1.5626720970489847
2946,43.55,49,181,233.8,0.045853,51,0,0,0,0,0,1,3,0,0,1.5702612140507344
2947,43.57,49,134,241.4,0.04583,51,0,0,0,0,0,1,0,0,1,1.5233722630805544
2948,43.59,49,115,241.3,0.045808,51,0,0,0,0,0,1,2,0,1,1.5755103047526333
2949,43.61,49,131,237.8,0.045785,51,0,0,0,0,0,1,4,2,0,1.7848692295945696
2950,43.62,31,62,142.8,0.045762,31,0,0,0,1,1,0,1,2,0,1.8718610036304564
2951,43.64,49,167,237.1,0.045739,51,0,0,0,0,0,1,1,2,1,1.606881944358268
2952,43.66,49,134,238.3,0.045716,51,0,0,0,0,0,1,3,0,2,1.8216992491260011
2953,43.69,49,158,235.9,0.045693,51,0,0,0,0,0,1,3,0,2,1.5277390862627371
2954,43.71,49,157,238.0,0.04567,51,0,0,0,0,0,1,1,2,2,1.5883024906164247
2955,43.72,13,29,56.0,0.045647,13,0,0,0,1,1,0,1,1,1,2.0032942089304413
2956,43.74,49,137,240.2,0.045625,51,0,0,0,0,0,1,1,0,0,1.5007545095070676
2957,43.74,8,21,31.9,0.045602,8,0,0,0,1,1,0,1,1,0,2.061571765169936
2958,43.75,17,39,73.1,0.045579,17,0,0,0,1,1,0,3,1,0,2.1527450534167176
2959,43.77,49,128,241.9,0.045556,51,0,0,0,0,0,1,0,0,2,1.6422471840817716
2960,43.79,49,120,242.8,0.045533,51,0,0,0,0,0,1,0,0,1,1.7752136327720842
2961,43.81,49,131,241.6,0.045511,51,0,0,0,0,0,1,0,2,2,2.0398269603921926
2962,43.83,49,149,238.9,0.045488,51,0,0,0,0,0,1,1,1,1,1.4005393580292325
2963,43.85,32,91,139.9,0.045465,32,0,0,0,1,1,0,6,2,0,1.7288453783954172
2964,43.87,49,153,236.5,0.045442,51,0,0,0,0,0,1,3,1,1,1.7286727581884667
2965,43.9,49,152,236.4,0.04542,51,0,0,0,0,0,1,3,1,3,1.7067639759705167
2966,43.92,49,137,241.0,0.045397,51,0,0,0,0,0,1,0,0,2,1.698295025734665
2967,43.94,49,159,235.8,0.045374,51,0,0,0,0,0,1,3,0,2,1.504972132569638
2968,43.97,49,165,237.2,0.045352,51,0,0,0,0,0,1,1,1,2,1.6785932939413204
2969,44.0,49,170,233.6,0.045329,51,0,0,0,0,0,1,4,0,3,1.6019000352526647
2970,44.02,49,143,237.6,0.045306,51,0,0,0,0,0,1,3,1,0,1.718302224141694
2971,44.04,49,126,222.3,0.045284,49,0,0,0,1,1,0,5,3,1,1.62637689523492
2972,44.06,49,126,241.3,0.045261,51,0,0,0,0,0,1,1,0,0,1.7197520258472239
2973,44.06,13,36,54.1,0.045238,13,0,0,0,1,1,0,2,1,3,2.1109159031548907
2974,44.08,40,106,183.2,0.045216,40,0,0,0,1,1,0,1,3,2,1.7153895129719372
2975,44.09,15,30,66.0,0.045193,15,0,0,0,1,1,0,1,1,0,2.473063334412402
2976,44.11,50,158,230.8,0.045171,50,0,0,0,0,0,1,3,2,3,1.8316100379205982
2977,44.13,49,141,240.5,0.045148,51,0,0,0,0,0,1,0,3,3,1.814251702840788
2978,44.15,49,133,240.5,0.045125,51,0,0,0,0,0,1,1,0,1,1.8177296925340791
2979,44.18,49,138,239.9,0.045103,51,0,0,0,0,0,1,1,2,2,1.6640188114772112
2980,44.19,21,54,91.6,0.04508,21,0,0,0,1,1,0,3,2,0,1.91072006387153
2981,44.21,49,135,239.3,0.045058,51,0,0,0,0,0,1,2,0,1,1.6278561747827534
2982,44.23,49,136,241.2,0.045035,51,0,0,0,0,0,1,0,1,1,1.6265182170451506
2983,44.25,49,144,236.4,0.045013,51,0,0,0,0,0,1,4,0,1,1.6684607081001641
2984,44.27,42,89,195.0,0.04499,42,0,0,0,1,1,0,1,1,1,1.73385535508736
2985,44.28,49,115,243.4,0.044968,51,0,0,0,0,0,1,0,1,0,1.7180425877780467
2986,44.31,49,145,237.3,0.044945,51,0,0,0,0,0,1,3,1,1,1.5902678114940942
2987,44.33,49,149,238.9,0.044923,51,0,0,0,0,0,1,1,0,1,1.7252436271329559
2988,44.35,44,105,200.5,0.0449,44,0,0,0,1,1,0,4,2,0,1.9358458003684988
2989,44.37,47,120,215.8,0.044878,47,0,0,0,1,1,0,2,2,2,1.8516991216320278
2990,44.38,49,125,241.4,0.044855,51,0,0,0,0,0,1,1,0,0,1.573803995782136
2991,44.39,15,38,65.2,0.044833,15,0,0,0,1,1,0,1,1,0,2.016336211140345
2992,44.41,49,125,240.4,0.044811,51,0,0,0,0,0,1,2,1,0,1.6598283045059785
2993,44.43,49,131,241.8,0.044788,51,0,0,0,0,0,1,0,1,0,1.7930097001319636
2994,44.45,49,139,240.0,0.044766,51,0,0,0,0,0,1,1,1,0,1.657541888828584
2995,44.48,49,146,238.9,0.044743,51,0,0,0,0,0,1,1,0,4,1.5428520775700716
2996,44.5,49,131,239.7,0.044721,51,0,0,0,0,0,1,2,1,1,1.9094656465028557
2997,44.52,49,124,240.4,0.044699,51,0,0,0,0,0,1,2,0,1,1.600026428146247
2998,44.53,18,69,74.8,0.044676,18,0,0,0,1,1,0,3,1,3,1.8900887538102311
2999,44.55,49,143,239.5,0.044654,51,0,0,0,0,0,1,1,1,1,1.711755297125533
3000,44.57,14,92,47.8,0.044632,14,0,0,0,1,1,0,7,1,10,1.6179133903304668
3001,44.58,12,51,43.6,0.044609,12,0,0,0,1,1,0,6,2,3,1.9327023475676413
3002,44.59,25,65,111.2,0.044587,25,0,0,0,1,1,0,2,1,3,1.8181776089232764
3003,44.6,31,86,137.3,0.044565,31,0,0,0,1,1,0,4,3,1,1.9266097589785065
3004,44.62,28,89,121.9,0.044542,28,0,0,0,1,1,0,4,2,2,1.6782936928716095
3005,44.64,49,125,242.3,0.04452,51,0,0,0,0,0,1,0,0,1,2.026065168727015
3006,44.66,49,154,238.1,0.044498,51,0,0,0,0,0,1,1,0,4,1.5873989527436327
3007,44.68,49,137,239.1,0.044476,51,0,0,0,0,0,1,2,1,1,2.002615650157788
3008,44.7,49,120,242.7,0.044453,51,0,0,0,0,0,1,0,1,2,1.9190547907149151
3009,44.71,35,90,157.9,0.044431,35,0,0,0,1,1,0,3,1,1,1.7463668183357193
3010,44.73,35,90,157.0,0.044409,35,0,0,0,1,1,0,4,1,0,1.7163791783352047
3011,44.74,31,79,136.9,0.044387,31,0,0,0,1,1,0,5,1,2,1.7686158945570096
3012,44.77,49,143,240.5,0.044365,51,0,0,0,0,0,1,0,0,1,1.8459773844899858
3013,44.79,49,133,241.4,0.044342,51,0,0,0,0,0,1,0,2,2,1.7249803767106138
3014,44.81,49,125,240.4,0.04432,51,0,0,0,0,0,1,2,0,0,1.8283607058530342
3015,44.83,49,137,240.1,0.044298,51,0,0,0,0,0,1,1,0,1,1.8015647579510272
3016,44.83,4,13,11.4,0.044276,4,0,0,0,1,1,0,2,1,3,3.0120614551496794
3017,44.84,17,48,72.1,0.044254,17,0,0,0,1,1,0,3,1,1,1.949131945726392
3018,44.85,14,35,60.4,0.044232,14,0,0,0,1,1,0,1,1,1,2.009394047208344
3019,44.85,2,10,0.7,0.04421,2,0,0,0,1,1,0,3,1,3,3.700178206082815
3020,44.87,49,175,233.3,0.044187,51,0,0,0,0,0,1,4,2,1,1.7419092263426854
3021,44.89,29,68,136.1,0.044165,30,0,0,0,1,1,0,2,1,1,1.970119955924215
3022,44.91,45,125,206.5,0.044143,45,0,0,0,1,1,0,1,2,0,1.6117808756967495
3023,44.92,14,52,54.8,0.044121,14,0,0,0,1,1,0,5,1,0,1.818611930843262
3024,44.92,17,40,72.9,0.044099,17,0,0,0,1,1,0,3,1,1,1.896650807314638
3025,44.93,0,20,-10.0,0.044077,0,0,0,0,1,1,0,3,1,0,2.331965091036347
3026,44.95,49,126,242.3,0.044055,51,0,0,0,0,0,1,0,0,0,1.4927948864014255
3027,44.96,38,94,173.2,0.044033,38,0,0,0,1,1,0,2,2,4,1.5844047599071154
3028,44.99,44,166,196.0,0.044011,44,0,0,0,1,1,0,2,1,4,1.609873019476902
3029,44.99,15,41,62.5,0.043989,15,0,0,0,1,1,0,3,1,4,2.2694119373526935
3030,45.01,26,69,116.1,0.043967,26,0,0,0,1,1,0,2,2,0,1.9168922651394484
3031,45.02,23,67,103.2,0.043945,23,0,0,0,1,1,0,0,2,1,1.7145546763750328
3032,45.04,49,128,240.9,0.043923,51,0,0,0,0,0,1,1,1,2,1.7953871993238142
3033,45.06,49,133,240.6,0.043901,51,0,0,0,0,0,1,1,3,0,1.9822584326838637
3034,45.07,33,69,151.9,0.043879,33,0,0,0,1,1,0,1,2,2,2.053175018712535
3035,45.09,49,155,237.1,0.043857,51,0,0,0,0,0,1,2,1,3,2.039009865866053
3036,45.11,20,73,82.6,0.043835,20,0,0,0,1,1,0,5,2,1,1.8689578763520254
3037,45.13,45,123,202.2,0.043813,45,0,0,0,1,1,0,5,1,5,1.487858896607137
3038,45.14,40,95,184.3,0.043791,40,0,0,0,1,1,0,1,2,2,1.7523534696694012
3039,45.15,15,38,62.9,0.04377,15,0,0,0,1,1,0,3,1,3,2.085661959555291
3040,45.15,12,26,48.4,0.043748,12,0,0,0,1,1,0,4,1,0,1.9481545009407886
3041,45.18,49,146,240.2,0.043726,51,0,0,0,0,0,1,0,2,1,1.725704835025838
3042,45.2,49,168,236.9,0.043704,51,0,0,0,0,0,1,1,1,2,1.8283585374766367
3043,45.21,27,59,121.1,0.043682,27,0,0,0,1,1,0,3,1,0,1.51673145264985
3044,45.24,47,149,209.0,0.04366,47,0,0,0,1,1,0,6,1,1,1.6829373584157956
3045,45.24,16,37,68.3,0.043638,16,0,0,0,1,1,0,3,1,0,1.870598840129592
3046,45.26,49,139,238.9,0.043617,51,0,0,0,0,0,1,2,1,1,2.0043617311186717
3047,45.29,48,136,216.1,0.043595,48,0,0,0,1,1,0,5,1,3,1.8453081410894074
3048,45.31,49,162,236.6,0.043573,51,0,0,0,0,0,1,2,0,1,1.6280781159609423
3049,45.32,28,61,128.9,0.043551,28,0,0,0,1,1,0,0,1,0,1.8091078907876106
3050,45.34,48,126,218.0,0.043529,48,0,0,0,1,1,0,4,1,4,1.6960577879983956
3051,45.35,28,55,126.4,0.043508,28,0,0,0,1,1,0,3,2,1,2.197594889303217
3052,45.37,36,100,160.7,0.043486,36,0,0,0,1,1,0,4,2,3,1.8889695398545612
3053,45.39,49,142,238.3,0.043464,51,0,0,0,0,0,1,2,2,4,1.8443928801160203
3054,45.41,40,117,182.1,0.043442,40,0,0,0,1,1,0,1,2,2,1.984130015728386
3055,45.41,4,10,14.0,0.043421,4,0,0,0,1,1,0,0,1,0,3.9321142534507856
3056,45.43,49,132,240.6,0.043399,51,0,0,0,0,0,1,1,2,1,1.6737787709963146
3057,45.44,8,20,29.9,0.043377,8,0,0,0,1,1,0,3,1,1,3.1379784970857587
3058,45.45,24,71,104.7,0.043356,24,0,0,0,1,1,0,3,2,2,2.080820077753679
3059,45.47,49,123,238.5,0.043334,51,0,0,0,0,0,1,4,2,1,2.0691654057715736
3060,45.48,23,59,101.1,0.043312,23,0,0,0,1,1,0,3,1,0,1.732324427161932
3061,45.5,49,131,240.8,0.043291,51,0,0,0,0,0,1,1,1,0,1.9861264996003007
3062,45.51,17,53,72.4,0.043269,17,0,0,0,1,1,0,2,1,3,1.9184601646527941
3063,45.53,36,103,163.7,0.043247,36,0,0,0,1,1,0,1,1,0,1.9888611330605952
3064,45.55,43,122,190.6,0.043226,43,0,0,0,1,1,0,7,1,2,1.752888102850767
3065,45.57,49,146,235.2,0.043204,51,0,0,0,0,0,1,5,1,1,1.7027136068721693
3066,45.59,49,151,237.7,0.043182,51,0,0,0,0,0,1,2,1,1,1.7574648545096816
3067,45.62,49,160,236.8,0.043161,51,0,0,0,0,0,1,2,0,1,1.5752057735524128
3068,45.64,49,126,240.2,0.043139,51,0,0,0,0,0,1,2,0,1,1.8811579905610607
3069,45.66,49,142,239.7,0.043118,51,0,0,0,0,0,1,1,2,0,2.018492287255174
3070,45.66,2,7,1.3,0.043096,2,0,0,0,1,1,0,3,1,0,5.52826717037805
3071,45.69,49,157,239.0,0.043075,51,0,0,0,0,0,1,0,0,2,1.6452338107150062
3072,45.71,49,136,238.2,0.043053,51,0,0,0,0,0,1,3,0,1,1.7887374638316738
3073,45.73,49,120,242.9,0.043032,51,0,0,0,0,0,1,0,0,0,1.8261477660080736
3074,45.75,49,158,233.9,0.04301,51,0,0,0,0,0,1,5,0,2,1.9281955862086242
3075,45.77,49,124,240.5,0.042989,51,0,0,0,0,0,1,2,0,0,1.6189432010367608
3076,45.79,49,138,241.0,0.042967,51,0,0,0,0,0,1,0,0,1,1.7332400944196584
3077,45.81,49,119,243.0,0.042946,51,0,0,0,0,0,1,0,0,0,1.5845640736970295
3078,45.83,49,122,240.6,0.042924,51,0,0,0,0,0,1,2,0,1,1.8291568169026873
3079,45.85,49,133,239.4,0.042903,51,0,0,0,0,0,1,2,0,2,1.861407731637125
3080,45.87,49,149,235.7,0.042881,51,0,0,0,0,0,1,4,0,3,1.619459337086545
3081,45.9,49,135,240.2,0.04286,51,0,0,0,0,0,1,1,1,2,1.7855014503152002
3082,45.92,49,139,239.9,0.042838,51,0,0,0,0,0,1,1,0,1,1.5771476613924378
3083,45.94,49,132,239.4,0.042817,51,0,0,0,0,0,1,2,0,3,1.5204846285127491
3084,45.96,49,147,238.2,0.042795,51,0,0,0,0,0,1,2,0,0,1.6244627995682963
3085,45.96,2,12,1.5,0.042774,2,0,0,0,1,1,0,2,1,3,3.489250800362264
3086,45.97,5,14,15.5,0.042753,5,0,0,0,1,1,0,3,1,1,2.9486599877211512
3087,45.97,4,27,9.3,0.042731,4,0,0,0,1,1,0,3,1,0,2.474863311669726
3088,45.98,10,27,39.3,0.04271,10,0,0,0,1,1,0,3,1,0,2.286982076944015
3089,45.98,2,15,0.8,0.042689,2,0,0,0,1,1,0,2,1,7,2.648825338834239
3090,45.98,9,27,32.3,0.042667,9,0,0,0,1,1,0,5,1,0,2.5740462959177597
3091,46.01,49,170,225.8,0.042646,51,0,0,0,0,0,1,11,1,11,1.907078447566311
3092,46.03,49,147,237.1,0.042625,51,0,0,0,0,0,1,3,2,1,1.8095765772506225
3093,46.06,49,160,235.7,0.042603,51,0,0,0,0,0,1,3,0,2,1.5083089110202024
3094,46.09,49,175,233.1,0.042582,51,0,0,0,0,0,1,4,0,3,1.6098214295413866
3095,46.11,49,140,239.8,0.042561,51,0,0,0,0,0,1,1,0,1,1.7589744612138523
3096,46.13,49,132,238.7,0.042539,51,0,0,0,0,0,1,3,1,0,1.8966182346410612
3097,46.13,3,12,7.4,0.042518,3,0,0,0,1,1,0,1,1,4,3.2296450562844137
3098,46.15,49,127,240.2,0.042497,51,0,0,0,0,0,1,2,2,0,1.6769345361355117
3099,46.16,14,34,58.4,0.042476,14,0,0,0,1,1,0,3,2,2,2.202156774618467
3100,46.18,49,132,241.5,0.042454,51,0,0,0,0,0,1,0,0,2,1.8534533364386143
3101,46.18,6,30,16.7,0.042433,6,0,0,0,1,1,0,5,1,3,2.1873751662964094
3102,46.21,49,135,240.0,0.042412,51,0,0,0,0,0,1,1,0,4,1.6673315756641498
3103,46.23,49,150,238.9,0.042391,51,0,0,0,0,0,1,1,0,0,1.643005669243704
3104,46.25,49,126,242.3,0.04237,51,0,0,0,0,0,1,0,1,0,1.8940210832851108
3105,46.26,19,40,83.6,0.042348,19,0,0,0,1,1,0,2,1,4,1.8082786076984196
3106,46.27,37,73,172.7,0.042327,37,0,0,0,1,1,0,0,1,0,1.9288922011524057
3107,46.29,49,139,239.9,0.042306,51,0,0,0,0,0,1,1,0,1,1.715778218385193
3108,46.29,5,15,17.3,0.042285,5,0,0,0,1,1,0,1,1,2,2.735909960595719
3109,46.3,7,22,24.7,0.042264,7,0,0,0,1,1,0,3,1,1,2.6765028550884895
3110,46.3,5,15,16.3,0.042243,5,0,0,0,1,1,0,2,1,2,2.916066865297694
3111,46.31,8,23,30.6,0.042221,8,0,0,0,1,1,0,2,1,1,2.5770743770083264
3112,46.33,49,156,236.3,0.0422,51,0,0,0,0,0,1,3,3,0,1.817095927371226
3113,46.35,38,93,173.7,0.042179,38,0,0,0,1,1,0,2,3,0,1.6780657481537278
3114,46.35,17,40,76.0,0.042158,17,0,0,0,1,1,0,0,1,0,1.8366111225269948
3115,46.38,49,146,240.2,0.042137,51,0,0,0,0,0,1,0,2,1,1.7375589258554587
3116,46.4,49,135,241.4,0.042116,51,0,0,0,0,0,1,0,1,0,1.7411886357211603
3117,46.42,49,128,239.9,0.042095,51,0,0,0,0,0,1,2,0,2,1.5605566120240901
3118,46.44,49,122,240.4,0.042074,51,0,0,0,0,0,1,2,2,3,1.5934024162401228
3119,46.44,19,36,86.3,0.042053,19,0,0,0,1,1,0,0,1,1,2.2648642425347867
3120,46.47,49,146,236.3,0.042032,51,0,0,0,0,0,1,4,3,0,1.958770122201816
3121,46.49,49,130,241.7,0.042011,51,0,0,0,0,0,1,0,0,2,1.826366382884453
3122,46.51,46,127,210.3,0.04199,46,0,0,0,1,1,0,2,3,0,1.773208092322649
3123,46.53,49,128,241.9,0.041969,51,0,0,0,0,0,1,0,0,2,1.6139870743416274
3124,46.53,15,36,71.4,0.041948,16,0,0,0,1,1,0,0,1,0,1.9848352557867583
3125,46.56,50,141,233.8,0.041927,50,0,0,0,0,0,1,2,3,0,1.5866785178336105
3126,46.58,46,120,211.9,0.041906,46,0,0,0,1,1,0,1,1,1,1.7763518071653015
3127,46.6,49,124,241.5,0.041885,51,0,0,0,0,0,1,1,0,0,1.5974186088172297
3128,46.62,49,129,240.7,0.041864,51,0,0,0,0,0,1,1,0,3,1.7537499068945894
3129,46.64,49,120,241.9,0.041843,51,0,0,0,0,0,1,1,1,0,1.6889782034675216
3130,46.66,49,134,239.3,0.041822,51,0,0,0,0,0,1,2,1,2,1.7173759696175857
3131,46.68,49,149,235.6,0.041801,51,0,0,0,0,0,1,4,2,4,1.550294260440188
3132,46.7,49,153,236.6,0.04178,51,0,0,0,0,0,1,3,2,0,1.730399384039421
3133,46.71,6,18,23.1,0.041759,6,0,0,0,1,1,0,0,1,1,2.7874769926867065
3134,46.73,49,149,238.9,0.041739,51,0,0,0,0,0,1,1,2,1,1.7767799713823482
3135,46.75,49,119,224.0,0.041718,49,0,0,0,1,1,0,4,1,1,1.5117584330340423
3136,46.77,50,161,231.3,0.041697,50,0,0,0,0,0,1,2,2,5,1.2832133265512695
3137,46.79,49,130,239.9,0.041676,51,0,0,0,0,0,1,2,0,0,1.687888526302316
3138,46.81,49,125,240.3,0.041655,51,0,0,0,0,0,1,2,2,1,1.6915692895136072
3139,46.83,49,118,242.0,0.041634,51,0,0,0,0,0,1,1,1,1,1.7999200831271898
3140,46.84,8,19,30.1,0.041614,8,0,0,0,1,1,0,3,1,0,2.834218492088071
3141,46.86,49,145,239.4,0.041593,51,0,0,0,0,0,1,1,2,0,1.8599515633195103
3142,46.88,49,125,240.4,0.041572,51,0,0,0,0,0,1,2,0,0,1.7020129376337896
3143,46.9,49,128,240.1,0.041551,51,0,0,0,0,0,1,2,0,0,1.6625098446968585
3144,46.92,49,139,238.8,0.04153,51,0,0,0,0,0,1,2,0,2,1.8004088127928588
3145,46.93,22,45,98.5,0.04151,22,0,0,0,1,1,0,2,1,0,1.8804556624919668
3146,46.95,49,143,239.6,0.041489,51,0,0,0,0,0,1,1,2,0,1.7757069565595005
3147,46.98,49,135,239.3,0.041468,51,0,0,0,0,0,1,2,1,1,1.7186326954328133
3148,47.0,49,135,240.4,0.041447,51,0,0,0,0,0,1,1,0,0,1.7398515978063738
3149,47.02,49,159,235.9,0.041427,51,0,0,0,0,0,1,3,1,1,1.7496695753090923
3150,47.02,6,18,21.0,0.041406,6,0,0,0,1,1,0,2,1,2,2.9735992734885346
3151,47.03,12,29,51.0,0.041385,12,0,0,0,1,1,0,1,1,1,2.0440911768682155
3152,47.04,28,64,128.6,0.041365,28,0,0,0,1,1,0,0,2,0,1.640859436631128
3153,47.06,49,118,228.1,0.041344,49,0,0,0,1,1,0,0,3,1,1.7602929386139239
3154,47.08,49,134,240.5,0.041323,51,0,0,0,0,0,1,1,0,0,1.8479815219449203
3155,47.1,49,134,239.3,0.041302,51,0,0,0,0,0,1,2,0,2,1.7808144648036435
3156,47.12,49,143,240.3,0.041282,51,0,0,0,0,0,1,0,1,3,1.7707858349988936
3157,47.15,49,143,238.6,0.041261,51,0,0,0,0,0,1,2,1,0,1.7663792058309282
3158,47.15,4,10,13.0,0.041241,4,0,0,0,1,1,0,1,1,0,3.3555661029239716
3159,47.16,26,63,117.6,0.04122,26,0,0,0,1,1,0,1,1,1,2.107826118954627
3160,47.18,49,132,240.6,0.041199,51,0,0,0,0,0,1,1,2,1,1.8678689011540983
3161,47.19,9,24,35.5,0.041179,9,0,0,0,1,1,0,2,1,1,2.24854909641905
3162,47.21,49,143,238.3,0.041158,51,0,0,0,0,0,1,2,1,3,1.5143305626531876
3163,47.23,49,139,237.0,0.041138,51,0,0,0,0,0,1,4,1,0,1.825303758073628
3164,47.25,49,124,240.2,0.041117,51,0,0,0,0,0,1,2,2,3,1.733200442847129
3165,47.25,6,15,23.5,0.041096,6,0,0,0,1,1,0,0,1,0,2.850800096084079
3166,47.28,49,141,238.7,0.041076,51,0,0,0,0,0,1,2,1,1,1.831230395171863
3167,47.3,49,151,237.8,0.041055,51,0,0,0,0,0,1,2,0,0,1.6385563020613616
3168,47.31,17,43,74.6,0.041035,17,0,0,0,1,1,0,1,1,1,1.9661831323629897
3169,47.33,49,115,242.2,0.041014,51,0,0,0,0,0,1,1,1,2,1.71062839583095
3170,47.35,49,166,235.1,0.040994,51,0,0,0,0,0,1,3,0,2,1.7237477910242978
3171,47.38,32,192,131.6,0.040973,32,0,0,0,1,1,0,4,2,2,1.250498876369769
3172,47.38,5,15,18.5,0.040953,5,0,0,0,1,1,0,0,1,0,2.324148865359805
3173,47.41,49,148,239.0,0.040932,51,0,0,0,0,0,1,1,1,1,1.6279108531703896
3174,47.43,49,121,241.7,0.040912,51,0,0,0,0,0,1,1,0,1,1.99527146737138
3175,47.45,49,142,239.7,0.040891,51,0,0,0,0,0,1,1,1,0,1.5459264288490584
3176,47.47,49,130,240.7,0.040871,51,0,0,0,0,0,1,1,0,2,1.6786423280916694
3177,47.47,17,40,75.0,0.040851,17,0,0,0,1,1,0,1,1,0,1.662790926729371
3178,47.48,25,58,119.1,0.04083,26,0,0,0,1,1,0,0,2,1,1.646605054622565
3179,47.5,49,139,238.9,0.04081,51,0,0,0,0,0,1,2,1,1,1.7542356845218154
3180,47.52,49,124,241.5,0.040789,51,0,0,0,0,0,1,1,0,0,1.5707171303811454
3181,47.55,50,138,228.2,0.040769,50,0,0,0,1,1,0,3,1,0,1.624490567832358
3182,47.57,49,149,240.0,0.040749,51,0,0,0,0,0,1,0,0,0,1.374250824567683
3183,47.58,24,72,107.7,0.040728,24,0,0,0,1,1,0,0,1,1,1.5864841584485445
3184,47.58,5,16,18.4,0.040708,5,0,0,0,1,1,0,0,1,0,2.0117933409540787
3185,47.61,49,142,238.6,0.040687,51,0,0,0,0,0,1,2,0,1,1.6464575257738094
3186,47.63,49,139,239.7,0.040667,51,0,0,0,0,0,1,1,1,3,1.6338967025495055
3187,47.65,49,130,237.9,0.040647,51,0,0,0,0,0,1,4,0,0,1.79791780010215
3188,47.67,49,143,238.6,0.040626,51,0,0,0,0,0,1,2,0,0,1.5176199833935495
3189,47.68,27,70,119.0,0.040606,27,0,0,0,1,1,0,4,1,0,1.7364311634862621
3190,47.7,49,132,239.7,0.040586,51,0,0,0,0,0,1,2,0,0,1.5778953040788302
3191,47.72,49,117,243.2,0.040566,51,0,0,0,0,0,1,0,0,0,1.64327754024603
3192,47.73,38,80,172.8,0.040545,38,0,0,0,1,1,0,4,1,2,1.8539233042030456
3193,47.75,49,120,239.9,0.040525,51,0,0,0,0,0,1,3,0,0,1.8028472930861157
3194,47.77,49,139,240.6,0.040505,51,0,0,0,0,0,1,0,0,4,1.7528861123373622
3195,47.79,49,143,238.4,0.040484,51,0,0,0,0,0,1,2,1,2,1.6707229373962171
3196,47.81,49,146,240.2,0.040464,51,0,0,0,0,0,1,0,0,1,1.6442739989263488
3197,47.83,49,137,240.0,0.040444,51,0,0,0,0,0,1,1,1,2,1.6933154131275827
3198,47.85,43,105,198.5,0.040424,43,0,0,0,1,1,0,1,1,0,1.618230136091319
3199,47.88,49,157,238.2,0.040404,51,0,0,0,0,0,1,1,1,0,1.536054811775285
3200,47.88,10,35,45.1,0.040383,11,0,0,0,1,1,0,1,1,4,1.6631918699905004
3201,47.89,10,33,39.4,0.040363,10,0,0,0,1,1,0,2,1,3,2.068819052287027
3202,47.89,5,14,15.5,0.040343,5,0,0,0,1,1,0,3,1,1,2.9918929532616687
3203,47.89,6,16,20.3,0.040323,6,0,0,0,1,1,0,3,1,1,2.5824233602154205
3204,47.9,9,41,27.0,0.040303,9,0,0,0,1,1,0,8,1,9,2.2418249466708495
3205,47.91,13,43,59.6,0.040282,14,0,0,0,1,1,0,1,1,1,2.0481473190355235
3206,47.92,22,89,93.9,0.040262,22,0,0,0,1,1,0,2,2,2,1.6778937254622712
3207,47.93,2,6,8.4,0.040242,3,0,0,0,1,1,0,1,1,0,5.851575622407942
3208,47.94,19,49,82.1,0.040222,19,0,0,0,1,1,0,3,1,0,2.0536673490878252
3209,47.94,6,14,19.5,0.040202,6,0,0,0,1,1,0,4,1,1,3.279284510900578
3210,47.94,11,30,45.8,0.040182,11,0,0,0,1,1,0,1,1,2,2.1848801849363952
3211,47.97,49,154,236.4,0.040162,51,0,0,0,0,0,1,3,3,1,1.7403937051037401
3212,47.99,49,129,240.0,0.040142,51,0,0,0,0,0,1,2,0,0,1.8590066519627981
3213,48.02,47,121,216.9,0.040122,47,0,0,0,1,1,0,1,2,0,1.4912508479449675
3214,48.04,49,142,239.7,0.040102,51,0,0,0,0,0,1,1,0,0,1.629303166736589
3215,48.06,49,126,241.2,0.040082,51,0,0,0,0,0,1,1,2,1,1.6528344404323738
3216,48.07,19,52,89.8,0.040061,20,0,0,0,1,1,0,0,1,0,1.6715955608039543
3217,48.09,49,124,240.5,0.040041,51,0,0,0,0,0,1,2,1,0,1.701687839234347
3218,48.11,49,105,244.3,0.040021,51,0,0,0,0,0,1,0,1,1,1.722655479436971
3219,48.14,49,181,234.6,0.040001,51,0,0,0,0,0,1,2,0,2,1.9290777306989226
3220,48.16,49,136,240.2,0.039981,51,0,0,0,0,0,1,1,2,1,1.695507733407263
3221,48.18,49,158,235.9,0.039961,51,0,0,0,0,0,1,3,1,2,1.4946383694850351
3222,48.2,49,130,241.9,0.039941,51,0,0,0,0,0,1,0,1,0,1.770208084993701
3223,48.21,9,58,31.2,0.039921,9,0,0,0,1,1,0,3,1,0,1.3978923328573747
3224,48.24,49,138,237.1,0.039902,51,0,0,0,0,0,1,4,1,0,1.6137614443305521
3225,48.26,49,124,241.4,0.039882,51,0,0,0,0,0,1,1,0,1,1.8136276069040578
3226,48.26,7,18,30.2,0.039862,8,0,0,0,1,1,0,3,1,0,2.3294386306242965
3227,48.26,1,8,-4.8,0.039842,1,0,0,0,1,1,0,4,1,0,4.277710258469719
3228,48.28,49,142,231.0,0.039822,51,0,0,0,0,0,1,9,0,7,1.7161697593019318
3229,48.31,49,136,239.2,0.039802,51,0,0,0,0,0,1,2,1,1,1.7009010949777061
3230,48.33,49,122,240.7,0.039782,51,0,0,0,0,0,1,2,0,0,1.568445968581769
3231,48.35,49,160,238.6,0.039762,51,0,0,0,0,0,1,0,2,3,1.5748855402691755
3232,48.37,49,132,238.6,0.039742,51,0,0,0,0,0,1,3,1,1,1.7257924376123015
3233,48.4,49,155,238.4,0.039722,51,0,0,0,0,0,1,1,1,0,1.664187278029681
3234,48.41,41,97,187.3,0.039702,41,0,0,0,1,1,0,3,1,0,1.5114444695514684
3235,48.43,47,119,216.1,0.039683,47,0,0,0,1,1,0,2,2,0,1.4676453844804869
3236,48.45,49,151,239.7,0.039663,51,0,0,0,0,0,1,0,1,1,1.8458316737614187
3237,48.48,49,144,238.4,0.039643,51,0,0,0,0,0,1,2,0,1,1.5082109313314422
3238,48.48,9,23,34.7,0.039623,9,0,0,0,1,1,0,3,1,0,2.6584398017922157
3239,48.5,26,80,121.8,0.039603,27,0,0,0,1,1,0,0,2,2,1.6218941244410068
3240,48.5,9,22,34.7,0.039583,9,0,0,0,1,1,0,3,1,1,2.172876142187125
3241,48.52,49,142,238.7,0.039564,51,0,0,0,0,0,1,2,2,0,1.8299193003758663
3242,48.54,49,140,239.8,0.039544,51,0,0,0,0,0,1,1,2,1,1.7493384054839156
3243,48.56,41,96,189.3,0.039524,41,0,0,0,1,1,0,1,1,1,1.8496243813130782
3244,48.56,9,19,38.1,0.039504,9,0,0,0,1,1,0,0,1,0,2.964575660350785
3245,48.58,46,125,212.5,0.039485,46,0,0,0,1,1,0,0,1,0,1.6735376118432725
3246,48.61,49,156,237.1,0.039465,51,0,0,0,0,0,1,2,2,2,1.6339468744289996
3247,48.63,49,130,239.8,0.039445,51,0,0,0,0,0,1,2,0,1,1.5475322183694447
3248,48.65,49,139,239.0,0.039425,51,0,0,0,0,0,1,2,0,0,1.5572894415767837
3249,48.67,49,127,240.2,0.039406,51,0,0,0,0,0,1,2,2,0,1.7480125710334655
3250,48.67,11,26,51.4,0.039386,12,0,0,0,1,1,0,1,2,0,1.9729779822370321
3251,48.7,49,131,240.7,0.039366,51,0,0,0,0,0,1,1,1,1,1.6863202228543244
3252,48.72,49,140,239.5,0.039347,51,0,0,0,0,0,1,1,0,4,1.7385839286343427
3253,48.72,13,38,53.1,0.039327,13,0,0,0,1,1,0,3,1,1,2.642971692584203
3254,48.74,49,132,237.5,0.039307,51,0,0,0,0,0,1,4,1,2,1.6935137895001753
3255,48.77,49,139,240.9,0.039288,51,0,0,0,0,0,1,0,1,1,1.7832625373165198
3256,48.78,24,51,109.9,0.039268,24,0,0,0,1,1,0,0,1,0,1.9364752729820622
3257,48.8,49,145,240.3,0.039248,51,0,0,0,0,0,1,0,1,1,1.6319942592132048
3258,48.82,49,117,241.9,0.039229,51,0,0,0,0,0,1,1,0,3,1.6776462746871839
3259,48.83,49,118,242.9,0.039209,51,0,0,0,0,0,1,0,2,2,1.537013444156912
3260,48.85,49,127,241.1,0.03919,51,0,0,0,0,0,1,1,1,1,1.6877313776698655
3261,48.88,49,128,239.8,0.03917,51,0,0,0,0,0,1,2,0,3,1.9587344734439411
3262,48.9,49,135,240.1,0.03915,51,0,0,0,0,0,1,1,1,3,1.8613567072155957
3263,48.92,49,123,241.6,0.039131,51,0,0,0,0,0,1,1,0,0,1.6203090017957418
3264,48.94,49,156,239.2,0.039111,51,0,0,0,0,0,1,0,2,1,1.4578887607313258
3265,48.96,49,129,241.8,0.039092,51,0,0,0,0,0,1,0,0,2,1.6946071409634773
3266,48.99,49,141,240.7,0.039072,51,0,0,0,0,0,1,0,0,1,1.832733395642931
3267,49.01,49,162,237.6,0.039053,51,0,0,0,0,0,1,1,1,1,1.6878444626452291
3268,49.03,49,136,241.2,0.039033,51,0,0,0,0,0,1,0,0,1,1.5178547442771289
3269,49.05,49,138,240.1,0.039014,51,0,0,0,0,0,1,1,2,0,1.542967714078115
3270,49.07,49,126,242.2,0.038994,51,0,0,0,0,0,1,0,0,1,1.6417325977689865
3271,49.08,28,64,127.5,0.038975,28,0,0,0,1,1,0,1,2,1,1.9161508150916369
3272,49.1,28,64,128.5,0.038955,28,0,0,0,1,1,0,0,1,1,1.570031773628099
3273,49.12,49,130,240.8,0.038936,51,0,0,0,0,0,1,1,0,1,1.5173240866017388
3274,49.14,49,130,240.9,0.038916,51,0,0,0,0,0,1,1,0,0,1.8731514413088644
3275,49.16,49,140,237.8,0.038897,51,0,0,0,0,0,1,3,0,1,1.373264815273863
3276,49.17,21,58,94.2,0.038877,21,0,0,0,1,1,0,0,3,0,1.4235528247889726
3277,49.18,34,85,152.5,0.038858,34,0,0,0,1,1,0,4,2,0,1.4816981915964784
3278,49.21,49,146,239.2,0.038838,51,0,0,0,0,0,1,1,1,1,1.5684234895755935
3279,49.23,49,143,238.2,0.038819,51,0,0,0,0,0,1,2,1,4,1.6780752536890209
3280,49.25,49,144,240.4,0.038799,51,0,0,0,0,0,1,0,2,1,1.462123989132526
3281,49.27,49,116,241.3,0.03878,51,0,0,0,0,0,1,2,0,0,1.6425593874343287
3282,49.29,49,139,241.0,0.038761,51,0,0,0,0,0,1,0,0,0,1.6990685280606042
3283,49.31,49,131,239.7,0.038741,51,0,0,0,0,0,1,2,0,1,1.7166655225291803
3284,49.32,19,42,82.7,0.038722,19,0,0,0,1,1,0,3,1,1,1.8311681840645366
3285,49.34,49,130,241.6,0.038703,51,0,0,0,0,0,1,0,1,3,1.8543752126730537
3286,49.36,49,130,239.3,0.038683,51,0,0,0,0,0,1,2,0,6,1.7258544483291673
3287,49.38,45,112,207.7,0.038664,45,0,0,0,1,1,0,1,2,1,1.53742642813116
3288,49.4,49,148,240.0,0.038645,51,0,0,0,0,0,1,0,2,1,1.7589843100290514
3289,49.43,49,171,236.6,0.038625,51,0,0,0,0,0,1,1,2,2,1.6515149356416117
3290,49.45,49,123,240.6,0.038606,51,0,0,0,0,0,1,2,0,0,1.5951241385607933
3291,49.47,49,137,240.2,0.038587,51,0,0,0,0,0,1,1,0,0,1.6687194257908855
3292,49.49,49,133,239.4,0.038567,51,0,0,0,0,0,1,2,1,2,1.4681365533527149
3293,49.49,12,27,49.3,0.038548,12,0,0,0,1,1,0,3,1,0,2.4951514675977817
3294,49.5,2,9,1.1,0.038529,2,0,0,0,1,1,0,3,1,0,3.6941350949550635
3295,49.52,49,152,237.6,0.03851,51,0,0,0,0,0,1,2,2,1,1.6600106944779889
3296,49.54,49,148,237.7,0.03849,51,0,0,0,0,0,1,2,0,4,1.5667577752310446
3297,49.55,13,24,57.5,0.038471,13,0,0,0,1,1,0,0,1,1,2.36441880795528
3298,49.57,49,131,239.8,0.038452,51,0,0,0,0,0,1,2,2,0,1.7650784676891413
3299,49.6,50,199,222.0,0.038433,50,0,0,0,1,1,0,3,1,1,1.611979306037565
3300,49.63,49,167,237.1,0.038413,51,0,0,0,0,0,1,1,0,1,1.7296018300329965
3301,49.65,49,138,241.0,0.038394,51,0,0,0,0,0,1,0,0,1,1.7258389562329743
3302,49.67,49,139,240.0,0.038375,51,0,0,0,0,0,1,1,0,0,1.4401264425732343
3303,49.69,49,132,239.2,0.038356,51,0,0,0,0,0,1,2,0,5,1.5103859302535003
3304,49.71,49,130,239.8,0.038337,51,0,0,0,0,0,1,2,0,1,1.5645832383933043
3305,49.73,49,132,241.6,0.038317,51,0,0,0,0,0,1,0,1,1,1.4509945168422413
3306,49.74,16,44,65.4,0.038298,16,0,0,0,1,1,0,5,2,2,1.6306838036154991
3307,49.76,49,152,238.7,0.038279,51,0,0,0,0,0,1,1,0,0,1.6797453050936855
3308,49.79,49,141,239.8,0.03826,51,0,0,0,0,0,1,1,2,0,1.4324164076442074
3309,49.81,49,131,239.8,0.038241,51,0,0,0,0,0,1,2,1,0,1.73796811693428
3310,49.83,49,160,235.5,0.038222,51,0,0,0,0,0,1,3,0,4,1.433296799579082
3311,49.85,49,150,239.6,0.038203,51,0,0,0,0,0,1,0,0,3,1.5569987748655099
3312,49.86,30,64,137.6,0.038183,30,0,0,0,1,1,0,1,1,0,1.805139594996684
3313,49.88,50,127,234.9,0.038164,50,0,0,0,0,0,1,2,1,3,1.6717660955560287
3314,49.91,49,130,239.9,0.038145,51,0,0,0,0,0,1,2,0,0,1.7017257233721488
3315,49.93,49,137,241.1,0.038126,51,0,0,0,0,0,1,0,1,1,1.6907032390896277
3316,49.94,49,117,239.2,0.038107,51,0,0,0,0,0,1,4,0,0,1.8640816506653233
3317,49.97,49,143,238.4,0.038088,51,0,0,0,0,0,1,2,1,2,1.4374791948341774
3318,49.99,49,144,237.5,0.038069,51,0,0,0,0,0,1,3,0,0,1.642537070821201
3319,50.01,49,123,240.6,0.03805,51,0,0,0,0,0,1,2,2,0,1.5578619516103909
3320,50.03,49,146,238.7,0.038031,51,0,0,0,0,0,1,1,0,6,1.6698105455371477
3321,50.04,8,18,33.1,0.038012,8,0,0,0,1,1,0,0,1,1,2.8050899213556755
3322,50.06,49,135,241.2,0.037993,51,0,0,0,0,0,1,0,0,2,1.4798680262857047
3323,50.07,29,52,131.7,0.037974,29,0,0,0,1,1,0,3,1,1,2.0740070752293573
3324,50.09,49,133,239.5,0.037955,51,0,0,0,0,0,1,2,0,1,1.8464359521370173
3325,50.11,49,124,242.4,0.037936,51,0,0,0,0,0,1,0,1,1,1.7338917723030303
3326,50.13,49,120,242.9,0.037917,51,0,0,0,0,0,1,0,1,0,1.8419247060423667
3327,50.15,49,142,240.6,0.037898,51,0,0,0,0,0,1,0,0,1,1.6949447088869345
3328,50.17,49,140,239.9,0.037879,51,0,0,0,0,0,1,1,2,0,1.6553625096658022
3329,50.19,49,109,243.0,0.03786,51,0,0,0,0,0,1,1,1,0,1.8812571695645468
3330,50.21,49,136,239.3,0.037841,51,0,0,0,0,0,1,2,0,0,1.4985621929122805
3331,50.23,49,149,237.9,0.037822,51,0,0,0,0,0,1,2,2,1,1.6916934913918968
3332,50.25,41,89,190.1,0.037803,41,0,0,0,1,1,0,1,1,0,1.604935155776686
3333,50.27,49,135,240.2,0.037785,51,0,0,0,0,0,1,1,1,2,1.8097686190284212
3334,50.28,36,80,166.0,0.037766,36,0,0,0,1,1,0,1,1,0,1.9137550401078993
3335,50.3,45,110,206.0,0.037747,45,0,0,0,1,1,0,3,1,0,1.722180348671852
3336,50.32,49,140,238.8,0.037728,51,0,0,0,0,0,1,2,0,1,1.6595083038517933
3337,50.34,49,136,238.0,0.037709,51,0,0,0,0,0,1,3,1,3,1.7970860527691415
3338,50.35,6,22,20.7,0.03769,6,0,0,0,1,1,0,2,1,1,2.119407561342378
3339,50.37,49,146,239.2,0.037671,51,0,0,0,0,0,1,1,1,1,1.559342919072109
3340,50.39,49,137,240.1,0.037653,51,0,0,0,0,0,1,1,2,1,1.5556430364626217
3341,50.41,49,132,241.7,0.037634,51,0,0,0,0,0,1,0,1,0,1.800671034337891
3342,50.43,49,140,240.7,0.037615,51,0,0,0,0,0,1,0,1,2,1.3434917028421893
3343,50.45,49,132,240.6,0.037596,51,0,0,0,0,0,1,1,1,1,1.773370140845376
3344,50.47,49,121,241.6,0.037577,51,0,0,0,0,0,1,1,0,2,1.7532556592739053
3345,50.48,11,27,47.3,0.037558,11,0,0,0,1,1,0,0,1,0,2.0931188205121787
3346,50.49,20,40,90.7,0.03754,20,0,0,0,1,1,0,0,1,3,2.4041279840905054
3347,50.51,49,148,239.0,0.037521,51,0,0,0,0,0,1,1,0,1,1.9781081336289674
3348,50.53,49,137,241.1,0.037502,51,0,0,0,0,0,1,0,1,1,1.7117704505556295
3349,50.55,49,147,238.0,0.037483,51,0,0,0,0,0,1,2,2,2,1.7152731163002262
3350,50.57,49,131,241.6,0.037465,51,0,0,0,0,0,1,0,1,2,1.618026658959169
3351,50.6,49,133,240.6,0.037446,51,0,0,0,0,0,1,1,2,0,1.659218511224215
3352,50.61,49,120,241.9,0.037427,51,0,0,0,0,0,1,1,0,0,1.6853436734861316
3353,50.64,49,144,237.5,0.037409,51,0,0,0,0,0,1,3,2,0,1.753436261554126
3354,50.66,49,134,237.4,0.03739,51,0,0,0,0,0,1,4,0,1,1.7208898266061017
3355,50.68,49,136,239.2,0.037371,51,0,0,0,0,0,1,2,2,1,1.7598351108909784
3356,50.7,49,124,241.3,0.037352,51,0,0,0,0,0,1,1,0,2,1.7084630529219678
3357,50.72,49,130,240.9,0.037334,51,0,0,0,0,0,1,1,0,0,1.6727072722058955
3358,50.74,49,136,239.9,0.037315,51,0,0,0,0,0,1,1,2,4,1.632733794155633
3359,50.76,49,113,242.5,0.037296,51,0,0,0,0,0,1,1,0,1,1.8402865185687234
3360,50.78,49,136,240.2,0.037278,51,0,0,0,0,0,1,1,1,1,1.7056618733677398
3361,50.8,50,142,223.5,0.037259,50,0,0,0,1,1,0,7,1,3,1.510747475370907
3362,50.81,5,22,15.5,0.037241,5,0,0,0,1,1,0,2,1,3,2.3692819113898116
3363,50.82,29,63,130.6,0.037222,29,0,0,0,1,1,0,3,1,1,2.3049437569860953
3364,50.84,49,129,240.9,0.037203,51,0,0,0,0,0,1,1,1,1,1.8569543378593052
3365,50.85,20,40,91.0,0.037185,20,0,0,0,1,1,0,0,1,0,2.1737347436488093
3366,50.85,6,19,23.1,0.037166,6,0,0,0,1,1,0,0,1,0,2.221296428074325
3367,50.87,49,145,238.3,0.037148,51,0,0,0,0,0,1,2,1,1,1.7199493349531316
3368,50.89,49,140,239.7,0.037129,51,0,0,0,0,0,1,1,0,2,1.698603194603669
3369,50.91,49,130,239.8,0.03711,51,0,0,0,0,0,1,2,0,1,1.594324052893477
3370,50.94,49,135,240.2,0.037092,51,0,0,0,0,0,1,1,1,2,1.7846099204622907
3371,50.95,42,116,192.4,0.037073,42,0,0,0,1,1,0,1,1,0,1.781566089659268
3372,50.98,49,140,235.8,0.037055,51,0,0,0,0,0,1,5,0,1,1.6448959113239126
3373,50.98,17,42,74.7,0.037036,17,0,0,0,1,1,0,1,1,1,1.8404171992304441
3374,51.0,47,116,215.3,0.037018,47,0,0,0,1,1,0,3,1,1,1.7394887242289916
3375,51.02,49,134,241.4,0.036999,51,0,0,0,0,0,1,0,2,1,1.811043118573223
3376,51.04,49,133,241.5,0.036981,51,0,0,0,0,0,1,0,0,1,1.751942742110444
3377,51.06,49,125,241.4,0.036962,51,0,0,0,0,0,1,1,1,0,1.7436655145129467
3378,51.09,49,151,235.7,0.036944,51,0,0,0,0,0,1,4,2,1,1.6985462081645049
3379,51.11,49,139,239.4,0.036925,51,0,0,0,0,0,1,1,1,6,1.8161187533644751
3380,51.13,49,116,243.2,0.036907,51,0,0,0,0,0,1,0,0,1,1.7761292023752635
3381,51.15,49,142,239.6,0.036888,51,0,0,0,0,0,1,1,1,1,1.6414396869342938
3382,51.17,49,150,238.8,0.03687,51,0,0,0,0,0,1,1,1,1,1.5673591847764232
3383,51.2,50,159,233.3,0.036851,50,0,0,0,0,0,1,0,1,7,1.8486866850149704
3384,51.22,49,128,240.1,0.036833,51,0,0,0,0,0,1,2,0,0,1.6049398909726076
3385,51.24,49,139,240.9,0.036815,51,0,0,0,0,0,1,0,1,1,1.824949219050268
3386,51.25,30,69,138.1,0.036796,30,0,0,0,1,1,0,0,1,0,1.8731997876689954
3387,51.26,22,57,96.3,0.036778,22,0,0,0,1,1,0,3,1,0,2.007588447505566
3388,51.28,44,119,202.1,0.036759,44,0,0,0,1,1,0,1,2,0,1.7792956224549583
3389,51.3,49,120,240.9,0.036741,51,0,0,0,0,0,1,2,0,0,1.477424673247887
3390,51.31,26,56,124.3,0.036723,27,0,0,0,1,1,0,0,1,1,1.5112671473132837
3391,51.33,49,142,236.7,0.036704,51,0,0,0,0,0,1,4,0,0,1.682276725572603
3392,51.35,49,134,241.4,0.036686,51,0,0,0,0,0,1,0,0,1,1.8295486436389554
3393,51.36,18,41,80.9,0.036668,18,0,0,0,1,1,0,0,1,0,1.5501698513408522
3394,51.38,49,130,240.8,0.036649,51,0,0,0,0,0,1,1,1,1,1.5074497204308388
3395,51.4,48,153,214.7,0.036631,48,0,0,0,1,1,0,5,1,0,1.6802548620998656
3396,51.41,4,14,9.6,0.036613,4,0,0,0,1,1,0,4,1,0,2.5922556136059076
3397,51.41,11,28,45.0,0.036594,11,0,0,0,1,1,0,2,1,2,1.733087348669574
3398,51.43,38,136,166.5,0.036576,38,0,0,0,1,1,0,4,2,9,1.6947132464595447
3399,51.44,25,62,109.8,0.036558,25,0,0,0,1,1,0,4,1,0,2.0854560690509327
3400,51.46,27,66,120.4,0.036539,27,0,0,0,1,1,0,3,1,0,1.5757449013168994
3401,51.47,33,105,144.5,0.036521,33,0,0,0,1,1,0,5,1,0,1.5222244977286499
3402,51.49,36,87,163.3,0.036503,36,0,0,0,1,1,0,3,3,0,2.043217760729259
3403,51.5,22,47,97.3,0.036485,22,0,0,0,1,1,0,3,1,0,2.090849143024521
3404,51.5,7,26,23.3,0.036466,7,0,0,0,1,1,0,4,1,1,2.3339124866142438
3405,51.51,32,77,143.3,0.036448,32,0,0,0,1,1,0,4,1,0,1.858776635081405
3406,51.54,41,128,181.2,0.03643,41,0,0,0,1,1,0,6,3,0,1.8308656941715857
3407,51.54,21,43,95.7,0.036412,21,0,0,0,1,1,0,0,1,0,1.5943043302501037
3408,51.55,0,8,-9.8,0.036394,0,0,0,0,1,1,0,4,1,0,4.006441056653363
3409,51.56,46,121,211.9,0.036375,46,0,0,0,1,1,0,1,2,0,1.5499639160680279
3410,51.58,21,59,90.0,0.036357,21,0,0,0,1,1,0,4,1,1,1.9407054470824976
3411,51.59,44,118,198.2,0.036339,44,0,0,0,1,1,0,5,2,0,1.9229709201171832
3412,51.61,20,90,82.9,0.036321,20,0,0,0,1,1,0,3,1,1,1.7881384127482383
3413,51.63,49,160,231.1,0.036303,51,0,0,0,0,0,1,7,0,8,1.8009838916647325
3414,51.66,49,176,233.1,0.036284,51,0,0,0,0,0,1,4,1,2,1.8678259939315345
3415,51.68,49,132,240.5,0.036266,51,0,0,0,0,0,1,1,2,2,1.606179136006036
3416,51.7,49,139,238.9,0.036248,51,0,0,0,0,0,1,2,2,1,1.890134059983576
3417,51.72,49,128,242.0,0.03623,51,0,0,0,0,0,1,0,0,1,1.6574753082474305
3418,51.75,49,145,239.3,0.036212,51,0,0,0,0,0,1,1,0,1,1.8018931455832559
3419,51.75,4,12,10.7,0.036194,4,0,0,0,1,1,0,3,1,1,3.4539041222443436
3420,51.76,18,43,77.7,0.036176,18,0,0,0,1,1,0,3,1,0,1.7605945118190356
3421,51.78,49,150,233.9,0.036158,51,0,0,0,0,0,1,6,1,0,1.752965149241942
3422,51.8,44,102,201.7,0.03614,44,0,0,0,1,1,0,3,1,1,1.8137705862669673
3423,51.8,14,45,57.5,0.036122,14,0,0,0,1,1,0,3,1,0,2.6850738452132163
3424,51.83,50,152,228.5,0.036103,50,0,0,0,1,1,0,1,2,3,1.9211786588148303
3425,51.85,49,140,239.8,0.036085,51,0,0,0,0,0,1,1,0,1,1.6496890207070296
3426,51.87,49,116,243.2,0.036067,51,0,0,0,0,0,1,0,0,1,1.809716731623669
3427,51.89,49,123,241.5,0.036049,51,0,0,0,0,0,1,1,0,1,1.6528243427193445
3428,51.89,7,18,33.2,0.036031,8,0,0,0,1,1,0,0,1,0,2.3115420810038043
3429,51.9,38,79,181.0,0.036013,39,0,0,0,1,1,0,1,3,1,1.7696674847744531
3430,51.93,49,136,241.2,0.035995,51,0,0,0,0,0,1,0,1,1,1.609620887482877
3431,51.95,49,134,240.4,0.035977,51,0,0,0,0,0,1,1,1,1,1.8293144418415939
3432,51.96,49,113,243.6,0.035959,51,0,0,0,0,0,1,0,0,0,1.8058787647991308
3433,51.99,49,139,239.0,0.035941,51,0,0,0,0,0,1,2,2,0,1.6015281521630698
3434,52.01,49,127,240.0,0.035923,51,0,0,0,0,0,1,2,1,2,1.8777763175257638
3435,52.03,49,134,239.3,0.035905,51,0,0,0,0,0,1,2,0,2,1.8143133006474135
3436,52.05,49,137,241.0,0.035887,51,0,0,0,0,0,1,0,3,2,1.7113627891822438
3437,52.07,49,145,236.1,0.03587,51,0,0,0,0,0,1,4,1,3,1.6101822428512844
3438,52.09,49,145,239.4,0.035852,51,0,0,0,0,0,1,1,0,0,1.7083338446118939
3439,52.11,49,134,239.5,0.035834,51,0,0,0,0,0,1,2,1,0,1.4084222486360953
3440,52.14,49,160,237.8,0.035816,51,0,0,0,0,0,1,1,0,1,1.6500128238692904
3441,52.16,49,143,239.5,0.035798,51,0,0,0,0,0,1,1,0,1,1.6882457672943008
3442,52.18,49,137,237.9,0.03578,51,0,0,0,0,0,1,3,0,3,1.569290842438342
3443,52.2,45,99,210.1,0.035762,45,0,0,0,1,1,0,0,1,0,1.7561759467619287
3444,52.22,49,150,237.9,0.035744,51,0,0,0,0,0,1,2,0,0,1.6017905053720602
3445,52.24,42,106,189.4,0.035726,42,0,0,0,1,1,0,5,2,0,1.7051693926504168
3446,52.26,37,97,166.3,0.035708,37,0,0,0,1,1,0,4,1,0,1.8284762091397173
3447,52.27,31,58,141.2,0.035691,31,0,0,0,1,1,0,3,1,0,2.0513183174026435
3448,52.29,49,123,242.4,0.035673,51,0,0,0,0,0,1,0,0,2,1.6931923146972205
3449,52.3,44,100,201.9,0.035655,44,0,0,0,1,1,0,3,1,1,1.8505255367943705
3450,52.32,49,116,242.3,0.035637,51,0,0,0,0,0,1,1,0,0,2.007344895714588
3451,52.34,49,137,241.2,0.035619,51,0,0,0,0,0,1,0,1,0,1.6287047824598873
3452,52.36,49,133,239.6,0.035601,51,0,0,0,0,0,1,2,0,0,1.667901049929301
3453,52.38,49,132,240.6,0.035584,51,0,0,0,0,0,1,1,0,1,1.5302793189207036
3454,52.41,49,131,241.7,0.035566,51,0,0,0,0,0,1,0,1,1,1.4954296739279247
3455,52.43,49,160,235.9,0.035548,51,0,0,0,0,0,1,3,2,0,1.366805620803052
3456,52.45,49,119,241.9,0.03553,51,0,0,0,0,0,1,1,0,1,1.8829031909948384
3457,52.47,49,143,239.4,0.035513,51,0,0,0,0,0,1,1,0,2,1.6169999463344311
3458,52.49,49,142,240.4,0.035495,51,0,0,0,0,0,1,0,1,3,1.5681225582013003
3459,52.52,49,152,235.8,0.035477,51,0,0,0,0,0,1,3,0,9,1.7936746318172225
3460,52.54,49,147,238.2,0.035459,51,0,0,0,0,0,1,2,1,0,1.9211052575067178
3461,52.56,49,139,239.6,0.035442,51,0,0,0,0,0,1,1,0,4,1.6596619942226811
3462,52.58,49,116,241.1,0.035424,51,0,0,0,0,0,1,2,0,2,1.663319331633741
3463,52.6,49,142,237.5,0.035406,51,0,0,0,0,0,1,3,0,2,1.4971330673327854
3464,52.63,49,155,236.1,0.035388,51,0,0,0,0,0,1,3,0,3,1.7413340703973614
3465,52.65,49,140,239.9,0.035371,51,0,0,0,0,0,1,1,0,0,1.5373772570258089
3466,52.67,49,129,239.8,0.035353,51,0,0,0,0,0,1,2,0,2,1.688877973745768
3467,52.69,50,149,233.6,0.035335,50,0,0,0,0,0,1,1,2,4,1.5590438808655513
3468,52.72,49,138,239.9,0.035318,51,0,0,0,0,0,1,1,0,2,1.5807332344371314
3469,52.74,49,153,238.5,0.0353,51,0,0,0,0,0,1,1,3,1,1.4187076042916924
3470,52.76,49,133,240.5,0.035282,51,0,0,0,0,0,1,1,0,1,1.518444692545335
3471,52.78,49,127,240.8,0.035265,51,0,0,0,0,0,1,1,2,4,1.6739572917818561
3472,52.8,49,135,240.4,0.035247,51,0,0,0,0,0,1,1,1,0,1.8023263214460548
3473,52.82,49,145,239.3,0.035229,51,0,0,0,0,0,1,1,0,1,1.4620242695967525
3474,52.85,49,144,236.4,0.035212,51,0,0,0,0,0,1,4,0,1,1.5481275653409485
3475,52.87,49,132,241.6,0.035194,51,0,0,0,0,0,1,0,2,1,1.6626706141384753
3476,52.89,49,129,239.8,0.035177,51,0,0,0,0,0,1,2,0,2,1.8818239820296372
3477,52.91,49,130,241.9,0.035159,51,0,0,0,0,0,1,0,1,0,1.5699773435665079
3478,52.93,49,133,238.6,0.035141,51,0,0,0,0,0,1,3,1,0,1.4650963258907985
3479,52.95,49,117,243.2,0.035124,51,0,0,0,0,0,1,0,0,0,1.8177518648929498
3480,52.96,20,51,83.8,0.035106,20,0,0,0,1,1,0,6,1,1,1.811270052795718
3481,52.98,49,147,234.0,0.035089,51,0,0,0,0,0,1,6,1,2,1.7053145337981899
3482,52.98,8,23,29.6,0.035071,8,0,0,0,1,1,0,3,2,1,2.898325827249535
3483,53.01,49,140,240.9,0.035054,51,0,0,0,0,0,1,0,4,0,1.7882976211641048
3484,53.03,49,134,241.3,0.035036,51,0,0,0,0,0,1,0,1,2,1.6565345691719011
3485,53.05,49,163,233.4,0.035019,51,0,0,0,0,0,1,5,1,2,1.5741903180017722
3486,53.08,49,131,239.7,0.035001,51,0,0,0,0,0,1,2,0,1,2.0039900671531274
3487,53.1,45,160,194.9,0.034984,45,0,0,0,1,1,0,9,1,1,1.437402652554106
3488,53.11,1,29,-9.1,0.034966,1,0,0,0,1,1,0,6,1,2,2.4526617404957554
3489,53.13,49,146,236.2,0.034949,51,0,0,0,0,0,1,4,0,1,1.5349527698625536
3490,53.14,23,58,99.1,0.034931,23,0,0,0,1,1,0,5,1,1,2.0728972965891708
3491,53.17,49,141,239.8,0.034914,51,0,0,0,0,0,1,1,1,0,1.477717109404306
3492,53.19,49,139,239.8,0.034896,51,0,0,0,0,0,1,1,0,2,1.3864945568192528
3493,53.2,26,72,114.6,0.034879,26,0,0,0,1,1,0,3,2,2,1.698051466188274
3494,53.2,7,20,24.8,0.034861,7,0,0,0,1,1,0,3,1,2,2.6013606763007173
3495,53.22,28,93,122.4,0.034844,28,0,0,0,1,1,0,3,2,3,1.7309980034208623
3496,53.24,47,115,210.5,0.034827,47,0,0,0,1,1,0,8,2,0,1.583868464249264
3497,53.26,35,127,146.0,0.034809,35,0,0,0,1,1,0,11,3,3,1.5173926383308438
3498,53.28,49,148,235.9,0.034792,51,0,0,0,0,0,1,4,0,2,1.4823179267595854
3499,53.28,8,21,32.9,0.034774,8,0,0,0,1,1,0,0,1,0,2.1988779680857404
3500,53.29,4,13,10.5,0.034757,4,0,0,0,1,1,0,3,1,2,3.6756857021500977
3501,53.3,36,81,165.8,0.03474,36,0,0,0,1,1,0,1,1,1,1.4719249935010292
3502,53.32,49,127,242.1,0.034722,51,0,0,0,0,0,1,0,1,1,1.6182755204892674
3503,53.34,29,105,126.4,0.034705,29,0,0,0,1,1,0,3,1,1,1.721549689385284
3504,53.36,49,139,238.9,0.034687,51,0,0,0,0,0,1,2,2,1,2.200444430534057
3505,53.38,49,127,241.1,0.03467,51,0,0,0,0,0,1,1,0,1,1.5371743022009388
3506,53.38,2,24,-1.6,0.034653,2,0,0,0,1,1,0,4,1,2,2.4468897391231557
3507,53.39,17,40,72.0,0.034635,17,0,0,0,1,1,0,4,1,0,2.1459578620521835
3508,53.41,49,150,237.8,0.034618,51,0,0,0,0,0,1,2,1,1,1.799471309344265
3509,53.43,30,94,129.6,0.034601,30,0,0,0,1,1,0,6,2,0,1.8760991904222828
3510,53.45,36,90,162.9,0.034584,36,0,0,0,1,1,0,3,2,1,1.4944008700370566
3511,53.46,24,57,105.3,0.034566,24,0,0,0,1,1,0,4,2,0,1.4780219651468551
3512,53.48,49,149,237.5,0.034549,51,0,0,0,0,0,1,2,1,5,1.8040911121509673
3513,53.5,43,115,196.5,0.034532,43,0,0,0,1,1,0,2,1,0,1.4686673109670156
3514,53.52,44,115,197.3,0.034514,44,0,0,0,1,1,0,6,2,2,1.7322272459611072
3515,53.53,34,105,145.3,0.034497,34,0,0,0,1,1,0,9,3,2,1.8696210550680281
3516,53.54,18,67,76.1,0.03448,18,0,0,0,1,1,0,2,1,2,1.9484218936841142
3517,53.56,31,76,140.2,0.034463,31,0,0,0,1,1,0,2,2,2,1.7804510842315213
3518,53.56,2,12,3.7,0.034445,2,0,0,0,1,1,0,0,1,1,3.5728603122165032
3519,53.57,28,79,122.8,0.034428,28,0,0,0,1,1,0,4,1,3,1.5139895508081356
3520,53.59,49,129,240.0,0.034411,51,0,0,0,0,0,1,2,1,0,2.1122308375574694
3521,53.61,49,134,238.5,0.034394,51,0,0,0,0,0,1,3,0,0,1.7387117241487093
3522,53.62,0,21,-10.2,0.034377,0,0,0,0,1,1,0,3,1,1,2.4534972585521766
3523,53.64,49,152,234.6,0.034359,51,0,0,0,0,0,1,5,1,1,1.668780041919513
3524,53.65,32,69,145.0,0.034342,32,0,0,0,1,1,0,3,2,1,1.8569259353671475
3525,53.67,46,106,214.3,0.034325,46,0,0,0,1,1,0,0,1,1,1.6391180943602977
3526,53.69,50,140,234.2,0.034308,50,0,0,0,0,0,1,1,2,7,1.780510137702763
3527,53.71,49,125,242.4,0.034291,51,0,0,0,0,0,1,0,0,0,1.6417439620904855
3528,53.73,49,149,237.9,0.034274,51,0,0,0,0,0,1,2,1,1,1.7259641520774116
3529,53.74,18,41,79.9,0.034256,18,0,0,0,1,1,0,1,1,0,1.8955512426728396
3530,53.76,49,126,241.1,0.034239,51,0,0,0,0,0,1,1,0,2,1.7461646941323796
3531,53.76,4,21,9.9,0.034222,4,0,0,0,1,1,0,3,1,0,2.611599279411683
3532,53.77,16,61,68.9,0.034205,16,0,0,0,1,1,0,0,1,0,2.046134050905635
3533,53.79,25,64,112.6,0.034188,25,0,0,0,1,1,0,1,1,0,1.5051524096891837
3534,53.81,49,143,238.2,0.034171,51,0,0,0,0,0,1,2,0,4,1.7714526689553045
3535,53.83,49,134,238.5,0.034154,51,0,0,0,0,0,1,3,2,0,1.7427857520933079
3536,53.85,49,142,239.7,0.034137,51,0,0,0,0,0,1,1,0,0,1.574195972364203
3537,53.87,49,128,241.1,0.03412,51,0,0,0,0,0,1,1,0,0,1.9420162046699332
3538,53.89,49,146,240.3,0.034103,51,0,0,0,0,0,1,0,0,0,1.5642681361296324
3539,53.91,41,94,186.6,0.034086,41,0,0,0,1,1,0,4,1,0,1.871875019376007
3540,53.91,8,20,32.9,0.034069,8,0,0,0,1,1,0,0,1,1,2.252975239692721
3541,53.92,1,6,-2.8,0.034052,1,0,0,0,1,1,0,2,1,2,6.827208719553803
3542,53.94,49,147,240.0,0.034034,51,0,0,0,0,0,1,0,1,2,1.7117730657543413
3543,53.96,49,136,239.2,0.034017,51,0,0,0,0,0,1,2,1,1,1.741057585139719
3544,53.98,49,137,241.1,0.034,51,0,0,0,0,0,1,0,1,1,1.7678173140099054
3545,54.0,49,144,240.5,0.033983,51,0,0,0,0,0,1,0,0,0,1.4498337820560543
3546,54.02,49,124,242.5,0.033966,51,0,0,0,0,0,1,0,1,0,1.742908778856656
3547,54.04,49,125,242.3,0.033949,51,0,0,0,0,0,1,0,0,1,1.4860668429781156
3548,54.06,49,126,241.1,0.033933,51,0,0,0,0,0,1,1,2,2,1.677994252196386
3549,54.08,49,130,239.8,0.033916,51,0,0,0,0,0,1,2,2,1,1.992702739175364
3550,54.11,49,153,239.1,0.033899,51,0,0,0,0,0,1,0,1,5,1.947598656885343
3551,54.13,49,140,240.9,0.033882,51,0,0,0,0,0,1,0,1,0,1.662486412408365
3552,54.15,49,133,241.5,0.033865,51,0,0,0,0,0,1,0,0,1,1.7134110511176328
3553,54.17,49,144,240.4,0.033848,51,0,0,0,0,0,1,0,0,1,1.4998713301822197
3554,54.19,42,96,195.4,0.033831,42,0,0,0,1,1,0,0,2,0,1.7140287337579778
3555,54.21,49,136,239.2,0.033814,51,0,0,0,0,0,1,2,0,1,1.4583795889456432
3556,54.23,49,139,238.9,0.033797,51,0,0,0,0,0,1,2,1,1,1.591166702841995
3557,54.26,49,148,239.9,0.03378,51,0,0,0,0,0,1,0,0,2,1.613757395104345
3558,54.27,35,101,157.7,0.033763,35,0,0,0,1,1,0,2,1,2,1.8736155991118395
3559,54.29,49,132,241.4,0.033746,51,0,0,0,0,0,1,0,0,3,1.548589289732906
3560,54.32,49,142,238.7,0.033729,51,0,0,0,0,0,1,2,1,0,1.5813500691141562
3561,54.34,49,123,241.6,0.033713,51,0,0,0,0,0,1,1,1,0,1.7548878371968948
3562,54.36,49,125,242.4,0.033696,51,0,0,0,0,0,1,0,0,0,1.7801022850506172
3563,54.37,46,123,211.5,0.033679,46,0,0,0,1,1,0,1,1,2,1.6388245479641832
3564,54.39,38,105,173.5,0.033662,38,0,0,0,1,1,0,1,2,0,1.7350706615595701
3565,54.41,49,149,239.9,0.033645,51,0,0,0,0,0,1,0,1,1,1.8925188754536186
3566,54.43,36,75,167.5,0.033628,36,0,0,0,1,1,0,0,1,0,1.9400801754772483
3567,54.45,49,138,240.8,0.033612,51,0,0,0,0,0,1,0,2,3,1.664030890646131
3568,54.45,3,9,9.1,0.033595,3,0,0,0,1,1,0,0,1,0,4.174529638845289
3569,54.47,49,140,236.9,0.033578,51,0,0,0,0,0,1,4,0,0,1.4874639976010378
3570,54.5,49,147,239.2,0.033561,51,0,0,0,0,0,1,1,0,0,1.6035016100231736
3571,54.5,4,9,14.1,0.033544,4,0,0,0,1,1,0,0,1,0,3.625022379732714
3572,54.52,47,160,207.4,0.033528,47,0,0,0,1,1,0,6,4,6,1.7514070129114359
3573,54.54,49,117,243.2,0.033511,51,0,0,0,0,0,1,0,0,0,1.4961425429418118
3574,54.56,49,143,222.3,0.033494,49,0,0,0,1,1,0,3,2,4,1.450034499788101
3575,54.58,49,135,240.3,0.033477,51,0,0,0,0,0,1,1,1,1,1.7322773064098962
3576,54.6,33,87,146.3,0.033461,33,0,0,0,1,1,0,5,1,0,2.0581578248515404
3577,54.62,49,122,242.7,0.033444,51,0,0,0,0,0,1,0,0,0,1.7226464419875815
3578,54.64,49,123,242.6,0.033427,51,0,0,0,0,0,1,0,0,0,1.7846356395856615
3579,54.65,30,78,132.0,0.03341,30,0,0,0,1,1,0,5,1,2,1.820449402770995
3580,54.67,28,117,118.8,0.033394,28,0,0,0,1,1,0,4,1,5,1.6033125968675883
3581,54.69,49,125,242.2,0.033377,51,0,0,0,0,0,1,0,0,2,1.7737597241243217
3582,54.7,31,70,148.0,0.03336,32,0,0,0,1,1,0,0,1,0,1.6157149993707192
3583,54.72,29,103,127.7,0.033344,29,0,0,0,1,1,0,2,2,0,1.6769638172989856
3584,54.74,47,128,215.9,0.033327,47,0,0,0,1,1,0,1,1,3,1.7095062543529058
3585,54.75,20,72,83.7,0.03331,20,0,0,0,1,1,0,4,1,1,1.5342379478061152
3586,54.76,29,73,130.6,0.033294,29,0,0,0,1,1,0,2,1,1,1.6710965688239063
3587,54.77,24,57,106.2,0.033277,24,0,0,0,1,1,0,3,1,1,1.792188511124216
3588,54.8,49,138,238.0,0.03326,51,0,0,0,0,0,1,3,0,1,1.593314118467164
3589,54.81,34,93,152.6,0.033244,34,0,0,0,1,1,0,3,1,1,1.8294655423648336
3590,54.83,47,129,211.5,0.033227,47,0,0,0,1,1,0,5,1,6,1.6251690897349664
3591,54.85,34,88,151.2,0.033211,34,0,0,0,1,1,0,5,1,0,1.569628841225308
3592,54.85,9,28,30.2,0.033194,9,0,0,0,1,1,0,7,1,0,2.2098014757070965
3593,54.86,18,46,78.4,0.033177,18,0,0,0,1,1,0,2,1,0,1.4159796102975846
3594,54.88,31,99,132.1,0.033161,31,0,0,0,1,1,0,8,1,0,1.747457684030447
3595,54.9,48,135,216.4,0.033144,48,0,0,0,1,1,0,5,3,1,1.6065859711391912
3596,54.91,14,64,56.5,0.033128,14,0,0,0,1,1,0,2,1,1,1.9086867672912662
3597,54.91,9,21,34.8,0.033111,9,0,0,0,1,1,0,3,1,1,2.1390958347928213
3598,54.94,49,155,234.2,0.033095,51,0,0,0,0,0,1,5,0,2,1.6645807798063674
3599,54.95,41,100,186.0,0.033078,41,0,0,0,1,1,0,4,1,0,1.3564380355100198
3600,54.96,25,59,110.0,0.033061,25,0,0,0,1,1,0,4,1,1,2.090814153799541
3601,54.96,2,10,3.0,0.033045,2,0,0,0,1,1,0,1,1,0,3.172728309350809
3602,55.0,35,247,137.1,0.033028,35,0,0,0,1,1,0,8,1,2,1.3225321778931263
3603,55.03,48,150,216.8,0.033012,48,0,0,0,1,1,0,3,3,2,1.7786089655018895
3604,55.05,49,134,240.4,0.032995,51,0,0,0,0,0,1,1,1,1,1.6539407873303444
3605,55.05,0,21,-11.1,0.032979,0,0,0,0,1,1,0,4,1,0,3.105619948608859
3606,55.07,39,151,170.5,0.032962,39,0,0,0,1,1,0,4,2,4,1.5567858175825537
3607,55.08,3,34,3.6,0.032946,3,0,0,0,1,1,0,3,1,0,2.8266023507609552
3608,55.09,37,81,168.7,0.032929,37,0,0,0,1,1,0,3,1,2,1.660250021749722
3609,55.11,34,83,154.6,0.032913,34,0,0,0,1,1,0,2,1,1,1.6559213250208604
3610,55.11,18,40,77.9,0.032896,18,0,0,0,1,1,0,3,1,1,2.033774929867273
3611,55.14,9,128,15.0,0.03288,9,0,0,0,1,1,0,12,1,2,1.2715831781314912
3612,55.16,49,148,234.8,0.032864,51,0,0,0,0,0,1,5,4,3,2.003834891650343
3613,55.18,49,141,238.8,0.032847,51,0,0,0,0,0,1,2,1,0,1.820318302924605
3614,55.2,43,107,193.3,0.032831,43,0,0,0,1,1,0,6,1,0,1.4230122977456288
3615,55.22,43,142,188.7,0.032814,43,0,0,0,1,1,0,7,2,1,1.4855337535070632
3616,55.24,49,163,232.6,0.032798,51,0,0,0,0,0,1,6,0,0,1.6034638605285252
3617,55.25,11,29,40.1,0.032782,11,0,0,0,1,1,0,7,2,0,2.05725440317634
3618,55.26,25,60,111.0,0.032765,25,0,0,0,1,1,0,3,1,0,1.7988554532618273
3619,55.28,48,133,218.6,0.032749,48,0,0,0,1,1,0,3,1,1,1.5925221261721387
3620,55.3,34,84,154.6,0.032732,34,0,0,0,1,1,0,2,1,0,1.5696297414037848
3621,55.32,46,134,208.4,0.032716,46,0,0,0,1,1,0,3,3,2,1.7842027376085818
3622,55.33,36,95,160.4,0.0327,36,0,0,0,1,1,0,5,2,1,1.837199521543613
3623,55.35,47,124,213.5,0.032683,47,0,0,0,1,1,0,4,2,1,1.5433498368326977
3624,55.37,49,126,241.1,0.032667,51,0,0,0,0,0,1,1,0,2,1.7151801747999567
3625,55.38,32,73,143.7,0.032651,32,0,0,0,1,1,0,4,1,0,1.7635595089339968
3626,55.4,49,140,239.3,0.032634,51,0,0,0,0,0,1,1,0,6,1.6204490431646401
3627,55.41,28,62,124.8,0.032618,28,0,0,0,1,1,0,4,1,0,1.8249510364210597
3628,55.43,46,117,212.2,0.032602,46,0,0,0,1,1,0,1,1,1,1.7974506500792233
3629,55.45,48,141,218.7,0.032585,48,0,0,0,1,1,0,2,1,2,1.725993977198918
3630,55.46,9,55,31.5,0.032569,9,0,0,0,1,1,0,3,1,0,1.7345981848968257
3631,55.48,43,115,194.3,0.032553,43,0,0,0,1,1,0,4,2,2,1.7011359612529613
3632,55.5,49,131,239.7,0.032537,51,0,0,0,0,0,1,2,1,1,2.0656347524519556
3633,55.52,49,133,239.5,0.03252,51,0,0,0,0,0,1,2,0,1,1.908997117427788
3634,55.53,25,95,96.3,0.032504,25,0,0,0,1,1,0,13,1,12,1.5667490779346538
3635,55.56,47,144,213.3,0.032488,47,0,0,0,1,1,0,2,1,3,1.6273725507942949
3636,55.58,49,136,240.1,0.032472,51,0,0,0,0,0,1,1,0,2,1.624494670312733
3637,55.6,48,133,217.7,0.032455,48,0,0,0,1,1,0,4,3,0,1.5843711356026788
3638,55.61,28,71,125.7,0.032439,28,0,0,0,1,1,0,2,1,2,2.0744620248389354
3639,55.63,49,133,241.5,0.032423,51,0,0,0,0,0,1,0,0,1,1.5450868078983497
3640,55.65,49,153,239.2,0.032407,51,0,0,0,0,0,1,0,1,4,1.8792460975000382
3641,55.67,30,88,133.1,0.03239,30,0,0,0,1,1,0,3,3,1,1.4542988380496389
3642,55.69,49,159,238.5,0.032374,51,0,0,0,0,0,1,0,1,5,2.020778106949879
3643,55.71,49,146,238.3,0.032358,51,0,0,0,0,0,1,2,1,0,1.8583220375482796
3644,55.74,49,137,241.2,0.032342,51,0,0,0,0,0,1,0,1,0,1.604460689119489
3645,55.76,49,163,237.4,0.032326,51,0,0,0,0,0,1,1,1,2,1.5511984538065198
3646,55.79,49,149,237.9,0.03231,51,0,0,0,0,0,1,2,1,1,1.9151011888835896
3647,55.81,49,138,240.8,0.032293,51,0,0,0,0,0,1,0,0,3,1.7610440066869761
3648,55.83,49,138,241.1,0.032277,51,0,0,0,0,0,1,0,0,0,1.8459185057483767
3649,55.85,49,118,242.1,0.032261,51,0,0,0,0,0,1,1,0,0,1.8744300682376203
3650,55.87,49,140,238.8,0.032245,51,0,0,0,0,0,1,2,0,1,1.9656407556063793
3651,55.89,49,171,233.7,0.032229,51,0,0,0,0,0,1,4,0,1,1.747741584180376
3652,55.91,49,121,242.8,0.032213,51,0,0,0,0,0,1,0,0,0,2.0599359718625188
3653,55.93,46,120,207.0,0.032197,46,0,0,0,1,1,0,6,3,0,1.7900841255610955
3654,55.96,49,159,235.5,0.03218,51,0,0,0,0,0,1,3,0,5,1.910862169004001
3655,55.98,49,148,236.9,0.032164,51,0,0,0,0,0,1,3,0,2,2.101248595861752
3656,56.0,49,140,239.9,0.032148,51,0,0,0,0,0,1,1,0,0,1.7014944408030102
3657,56.02,49,155,238.4,0.032132,51,0,0,0,0,0,1,1,3,0,1.604154426562675
3658,56.04,49,129,241.8,0.032116,51,0,0,0,0,0,1,0,0,2,1.6271478941076847
3659,56.07,49,176,237.2,0.0321,51,0,0,0,0,0,1,0,0,1,1.820979124515925
3660,56.09,49,130,221.9,0.032084,49,0,0,0,1,1,0,5,1,1,1.7917472261522234
3661,56.11,49,132,240.7,0.032068,51,0,0,0,0,0,1,1,2,0,1.8151975141685812
3662,56.14,49,138,239.0,0.032052,51,0,0,0,0,0,1,2,0,1,1.9648048612458335
3663,56.16,49,139,241.0,0.032036,51,0,0,0,0,0,1,0,0,0,1.7645506697099729
3664,56.18,49,126,241.9,0.03202,51,0,0,0,0,0,1,0,1,4,1.7325488903951523
3665,56.19,27,112,114.4,0.032004,27,0,0,0,1,1,0,4,1,4,1.6484978847399863
3666,56.2,6,34,19.5,0.031988,6,0,0,0,1,1,0,2,1,1,2.159350611970594
3667,56.21,23,50,102.8,0.031972,23,0,0,0,1,1,0,2,1,2,2.224663402464242
3668,56.21,1,6,-0.6,0.031956,1,0,0,0,1,1,0,0,1,0,5.037449397937535
3669,56.22,7,30,22.8,0.03194,7,0,0,0,1,1,0,4,1,2,2.2480270648413567
3670,56.22,7,16,27.4,0.031924,7,0,0,0,1,1,0,1,1,0,3.28388480471613
3671,56.24,49,145,237.2,0.031908,51,0,0,0,0,0,1,3,0,2,1.7484886962226551
3672,56.26,49,143,240.5,0.031892,51,0,0,0,0,0,1,0,0,1,1.7785517463495881
3673,56.29,49,152,236.6,0.031876,51,0,0,0,0,0,1,3,0,1,1.7431634906628597
3674,56.29,6,20,28.0,0.03186,7,0,0,0,1,1,0,0,1,0,2.5439384699602408
3675,56.3,18,41,79.8,0.031844,18,0,0,0,1,1,0,1,1,1,1.9083490994289078
3676,56.32,49,126,240.3,0.031828,51,0,0,0,0,0,1,2,0,0,1.8424542487466404
3677,56.34,49,135,241.1,0.031812,51,0,0,0,0,0,1,0,1,3,1.7903727039601238
3678,56.36,49,132,240.5,0.031797,51,0,0,0,0,0,1,1,0,2,1.5883043958834588
3679,56.39,49,152,237.6,0.031781,51,0,0,0,0,0,1,2,1,1,1.5563845717524256
3680,56.41,49,135,241.3,0.031765,51,0,0,0,0,0,1,0,0,1,1.7864369686869908
3681,56.43,49,138,240.1,0.031749,51,0,0,0,0,0,1,1,0,0,1.836437022868401
3682,56.45,49,138,240.9,0.031733,51,0,0,0,0,0,1,0,1,2,1.6411923296641973
3683,56.47,49,131,241.7,0.031717,51,0,0,0,0,0,1,0,0,1,1.6760176397894149
3684,56.49,49,140,240.7,0.031701,51,0,0,0,0,0,1,0,0,2,1.6246688646388163
3685,56.51,49,135,239.4,0.031685,51,0,0,0,0,0,1,2,0,0,1.559242688844443
3686,56.52,25,50,111.0,0.03167,25,0,0,0,1,1,0,4,1,0,1.97085698002225
3687,56.54,49,143,240.6,0.031654,51,0,0,0,0,0,1,0,0,0,1.6297363636165962
3688,56.57,50,136,228.3,0.031638,50,0,0,0,1,1,0,3,1,1,1.7257427841898803
3689,56.59,49,161,238.6,0.031622,51,0,0,0,0,0,1,0,1,2,1.5203463450194983
3690,56.61,49,131,240.8,0.031606,51,0,0,0,0,0,1,1,0,0,1.633004399907915
3691,56.63,49,136,234.2,0.03159,51,0,0,0,0,0,1,7,0,1,1.7372883719981813
3692,56.65,49,120,242.8,0.031575,51,0,0,0,0,0,1,0,0,1,1.7857897516745624
3693,56.67,49,129,242.0,0.031559,51,0,0,0,0,0,1,0,0,0,1.7021371019898
3694,56.68,6,17,23.2,0.031543,6,0,0,0,1,1,0,0,1,1,2.475042091940879
3695,56.7,49,129,241.9,0.031527,51,0,0,0,0,0,1,0,0,1,1.6567152350128056
3696,56.72,49,128,240.1,0.031512,51,0,0,0,0,0,1,2,1,0,1.8144029399463282
3697,56.74,49,139,239.7,0.031496,51,0,0,0,0,0,1,1,1,3,1.7477737779483469
3698,56.76,49,148,239.8,0.03148,51,0,0,0,0,0,1,0,0,3,1.690420995863241
3699,56.78,49,150,237.7,0.031464,51,0,0,0,0,0,1,2,1,2,1.5769996905443595
3700,56.8,36,89,165.1,0.031449,36,0,0,0,1,1,0,1,1,0,1.714322443534435
3701,56.82,49,144,239.5,0.031433,51,0,0,0,0,0,1,1,0,0,1.4861669028471016
3702,56.84,49,124,238.4,0.031417,51,0,0,0,0,0,1,4,1,1,1.5258439771948968
3703,56.85,32,64,147.5,0.031401,32,0,0,0,1,1,0,1,1,1,1.7178401553879379
3704,56.88,49,135,241.4,0.031386,51,0,0,0,0,0,1,0,0,0,1.5373414213195036
3705,56.9,49,134,239.3,0.03137,51,0,0,0,0,0,1,2,0,2,1.5634914718632142
3706,56.92,49,122,241.6,0.031354,51,0,0,0,0,0,1,1,0,1,1.7223840754724746
3707,56.94,49,149,239.0,0.031339,51,0,0,0,0,0,1,1,0,0,1.5448226591113352
3708,56.96,49,161,221.9,0.031323,49,0,0,0,1,1,0,2,3,0,1.7552208707849952
3709,56.97,23,51,101.9,0.031307,23,0,0,0,1,1,0,3,1,0,1.6583854178619375
3710,56.99,49,127,242.2,0.031292,51,0,0,0,0,0,1,0,0,0,1.6188611644900917
3711,57.01,49,146,239.1,0.031276,51,0,0,0,0,0,1,1,3,2,1.9088897831507734
3712,57.04,49,148,239.1,0.03126,51,0,0,0,0,0,1,1,0,0,1.6643501895287336
3713,57.06,49,126,242.3,0.031245,51,0,0,0,0,0,1,0,0,0,1.913356636360659
3714,57.08,49,150,238.9,0.031229,51,0,0,0,0,0,1,1,0,0,1.4985789080017335
3715,57.08,11,27,45.2,0.031214,11,0,0,0,1,1,0,2,1,1,2.294251442186324
3716,57.1,46,108,211.1,0.031198,46,0,0,0,1,1,0,3,2,1,1.8054710046744358
3717,57.12,49,133,239.5,0.031182,51,0,0,0,0,0,1,2,0,1,1.7584577589509993
3718,57.13,28,68,124.2,0.031167,28,0,0,0,1,1,0,4,2,0,1.838416758056263
3719,57.14,5,9,18.1,0.031151,5,0,0,0,1,1,0,1,1,0,3.9732351146278577
3720,57.16,49,147,221.3,0.031136,49,0,0,0,1,1,0,4,2,0,1.661255313673052
3721,57.18,49,117,243.2,0.03112,51,0,0,0,0,0,1,0,0,0,1.551778489803149
3722,57.2,49,140,238.9,0.031104,51,0,0,0,0,0,1,2,0,0,1.7781332988581244
3723,57.22,49,146,237.2,0.031089,51,0,0,0,0,0,1,3,0,1,1.9462628305340943
3724,57.24,49,128,242.1,0.031073,51,0,0,0,0,0,1,0,1,0,1.7341276627054
3725,57.26,40,108,188.1,0.031058,41,0,0,0,1,1,0,1,1,1,1.726358091799089
3726,57.28,50,152,234.4,0.031042,50,0,0,0,0,0,1,0,2,3,1.7577653229992283
3727,57.28,2,6,2.4,0.031027,2,0,0,0,1,1,0,2,1,0,6.080095969508476
3728,57.31,49,138,241.1,0.031011,51,0,0,0,0,0,1,0,0,0,1.6260091560842045
3729,57.31,12,29,49.1,0.030996,12,0,0,0,1,1,0,3,1,0,2.118900501605732
3730,57.34,49,177,234.1,0.03098,51,0,0,0,0,0,1,3,0,1,1.6402187593397595
3731,57.36,49,152,238.7,0.030965,51,0,0,0,0,0,1,1,0,0,1.4667136583688576
3732,57.37,27,64,122.5,0.030949,27,0,0,0,1,1,0,1,1,1,1.5804101849521044
3733,57.38,24,53,109.7,0.030934,24,0,0,0,1,1,0,0,1,0,2.175600359543798
3734,57.4,41,97,188.2,0.030918,41,0,0,0,1,1,0,2,1,1,1.7100363774867104
3735,57.42,49,115,243.4,0.030903,51,0,0,0,0,0,1,0,0,0,1.8011020427810884
3736,57.44,49,116,242.3,0.030887,51,0,0,0,0,0,1,1,0,0,1.7018065746900677
3737,57.46,49,143,240.6,0.030872,51,0,0,0,0,0,1,0,2,0,1.6458674442072878
3738,57.48,49,147,239.2,0.030857,51,0,0,0,0,0,1,1,0,0,1.8038276053176634
3739,57.5,34,91,154.7,0.030841,34,0,0,0,1,1,0,1,1,2,1.6454211724366004
3740,57.52,49,137,240.1,0.030826,51,0,0,0,0,0,1,1,1,1,1.6649499326382584
3741,57.54,49,138,240.0,0.03081,51,0,0,0,0,0,1,1,3,1,1.6885895773017752
3742,57.56,49,144,239.5,0.030795,51,0,0,0,0,0,1,1,0,0,1.4718116818758022
3743,57.57,15,35,65.1,0.03078,15,0,0,0,1,1,0,1,1,4,2.052586152086883
3744,57.57,5,15,17.4,0.030764,5,0,0,0,1,1,0,1,1,1,3.2579379421833115
3745,57.59,49,141,238.8,0.030749,51,0,0,0,0,0,1,2,1,0,1.5836877029322183
3746,57.61,49,119,242.9,0.030733,51,0,0,0,0,0,1,0,1,1,1.5546126240850147
3747,57.63,49,138,239.0,0.030718,51,0,0,0,0,0,1,2,0,1,1.8006756933357981
3748,57.66,49,143,239.6,0.030703,51,0,0,0,0,0,1,1,0,0,1.7457649069480323
3749,57.68,49,116,242.3,0.030687,51,0,0,0,0,0,1,1,0,0,1.68026046272621
3750,57.69,49,122,242.6,0.030672,51,0,0,0,0,0,1,0,0,1,1.5790331127940045
3751,57.72,49,134,241.5,0.030657,51,0,0,0,0,0,1,0,0,0,1.4837771589818174
3752,57.73,21,50,92.0,0.030641,21,0,0,0,1,1,0,3,1,0,1.4819715242897298
3753,57.73,13,36,55.3,0.030626,13,0,0,0,1,1,0,1,1,1,2.1361453628818463
3754,57.76,49,142,239.6,0.030611,51,0,0,0,0,0,1,1,1,1,1.6989966246571602
3755,57.78,49,137,240.1,0.030595,51,0,0,0,0,0,1,1,0,1,1.6195697357812806
3756,57.8,49,138,239.1,0.03058,51,0,0,0,0,0,1,2,1,0,1.545046127065416
3757,57.82,49,147,239.2,0.030565,51,0,0,0,0,0,1,1,1,0,1.797840046288902
3758,57.84,33,83,150.2,0.030549,33,0,0,0,1,1,0,1,1,5,1.5332268895522851
3759,57.86,49,144,237.3,0.030534,51,0,0,0,0,0,1,3,1,2,1.708871954847749
3760,57.87,24,60,105.0,0.030519,24,0,0,0,1,1,0,4,1,0,1.5365025261294443
3761,57.89,46,120,209.0,0.030504,46,0,0,0,1,1,0,4,1,0,1.638536939474674
3762,57.91,49,124,238.4,0.030488,51,0,0,0,0,0,1,4,1,1,1.753837440470684
3763,57.93,49,146,240.1,0.030473,51,0,0,0,0,0,1,0,1,2,1.793073152991994
3764,57.95,49,151,239.8,0.030458,51,0,0,0,0,0,1,0,3,0,1.8446279437273192
3765,57.96,10,23,41.7,0.030443,10,0,0,0,1,1,0,1,1,0,2.385443413381264
3766,57.97,13,38,50.2,0.030427,13,0,0,0,1,1,0,6,1,0,2.158258567904467
3767,57.97,14,44,56.4,0.030412,14,0,0,0,1,1,0,4,1,2,1.9645273937774406
3768,57.98,11,30,50.8,0.030397,12,0,0,0,1,1,0,1,1,2,2.0078195139508384
3769,57.98,5,18,15.2,0.030382,5,0,0,0,1,1,0,3,1,0,2.3954837521444414
3770,57.99,8,18,30.0,0.030367,8,0,0,0,1,1,0,3,1,2,2.4392661460583827
3771,58.0,20,68,85.5,0.030352,20,0,0,0,1,1,0,2,1,7,1.8656254153715432
3772,58.01,30,75,131.2,0.030336,30,0,0,0,1,1,0,6,2,3,1.9879933285265474
3773,58.02,18,64,73.4,0.030321,18,0,0,0,1,1,0,5,1,2,1.8109914597730548
3774,58.03,27,78,121.0,0.030306,27,0,0,0,1,1,0,1,1,2,1.7785943980355636
3775,58.05,32,83,142.4,0.030291,32,0,0,0,1,1,0,4,2,3,1.7833989737397573
3776,58.07,49,139,237.8,0.030276,51,0,0,0,0,0,1,3,1,2,1.8531891146447599
3777,58.09,49,151,239.5,0.030261,51,0,0,0,0,0,1,0,0,3,1.649348259995843
3778,58.12,49,150,238.6,0.030245,51,0,0,0,0,0,1,1,0,3,1.5731571618229858
3779,58.13,17,60,71.8,0.03023,17,0,0,0,1,1,0,2,1,2,1.6939425239810524
3780,58.14,27,66,119.3,0.030215,27,0,0,0,1,1,0,4,1,1,1.5756735864479907
3781,58.16,49,162,236.5,0.0302,51,0,0,0,0,0,1,2,1,2,1.642536622782811
3782,58.17,16,43,70.3,0.030185,16,0,0,0,1,1,0,0,2,4,2.4151954003720113
3783,58.18,31,81,138.9,0.03017,31,0,0,0,1,1,0,3,1,0,1.8630514072177118
3784,58.19,25,65,111.4,0.030155,25,0,0,0,1,1,0,2,1,1,2.0251070862529414
3785,58.21,49,136,240.3,0.03014,51,0,0,0,0,0,1,1,1,0,1.5973264216505267
3786,58.24,49,136,240.2,0.030125,51,0,0,0,0,0,1,1,0,1,1.6678844279194571
3787,58.25,38,91,171.8,0.03011,38,0,0,0,1,1,0,4,1,1,1.8822744337982857
3788,58.27,39,107,175.2,0.030095,39,0,0,0,1,1,0,4,1,1,1.8247742659758803
3789,58.28,25,81,110.8,0.030079,25,0,0,0,1,1,0,1,1,1,1.9663391418022216
3790,58.3,49,133,240.4,0.030064,51,0,0,0,0,0,1,1,1,2,1.8758885993260723
3791,58.31,10,24,39.9,0.030049,10,0,0,0,1,1,0,2,2,7,2.5602482316342083
3792,58.33,49,133,240.5,0.030034,51,0,0,0,0,0,1,1,0,1,1.930549817934618
3793,58.34,24,59,108.9,0.030019,24,0,0,0,1,1,0,0,2,2,2.3653292710411153
3794,58.36,49,116,242.2,0.030004,51,0,0,0,0,0,1,1,1,1,2.059580720984029
3795,58.38,49,141,239.7,0.029989,51,0,0,0,0,0,1,1,0,1,1.6828465516883215
3796,58.4,49,145,240.2,0.029974,51,0,0,0,0,0,1,0,0,2,1.7522316611704618
3797,58.41,23,49,105.1,0.029959,23,0,0,0,1,1,0,0,1,0,1.9244900966333025
3798,58.43,49,131,240.7,0.029944,51,0,0,0,0,0,1,1,0,1,1.7784489866175337
3799,58.45,49,134,240.3,0.029929,51,0,0,0,0,0,1,1,0,2,1.8581164813175945
3800,58.46,22,51,103.9,0.029914,23,0,0,0,1,1,0,1,1,0,2.0676171415089892
3801,58.48,44,103,202.6,0.0299,44,0,0,0,1,1,0,2,1,1,1.8610072547593226
3802,58.48,5,12,16.6,0.029885,5,0,0,0,1,1,0,2,1,2,2.717534976175708
3803,58.5,49,134,241.4,0.02987,51,0,0,0,0,0,1,0,0,1,1.82876809456422
3804,58.52,49,123,240.6,0.029855,51,0,0,0,0,0,1,2,1,0,2.0188940498166734
3805,58.54,49,136,240.3,0.02984,51,0,0,0,0,0,1,1,0,0,1.7087073721006805
3806,58.56,49,143,238.5,0.029825,51,0,0,0,0,0,1,2,0,1,1.8345012326544472
3807,58.58,49,124,241.4,0.02981,51,0,0,0,0,0,1,1,1,1,1.7365008597989031
3808,58.6,49,135,239.2,0.029795,51,0,0,0,0,0,1,2,0,2,1.6042043305838727
3809,58.62,49,139,238.8,0.02978,51,0,0,0,0,0,1,2,1,2,1.729801792895241
3810,58.64,49,119,243.0,0.029765,51,0,0,0,0,0,1,0,1,0,1.8722056935694733
3811,58.67,49,138,241.1,0.02975,51,0,0,0,0,0,1,0,0,0,1.6554766358536874
3812,58.69,49,144,239.4,0.029735,51,0,0,0,0,0,1,1,2,1,1.741666809219762
3813,58.71,49,120,242.9,0.029721,51,0,0,0,0,0,1,0,1,0,1.7866296236813448
3814,58.73,49,157,238.1,0.029706,51,0,0,0,0,0,1,1,1,1,1.771373249116299
3815,58.75,49,146,240.2,0.029691,51,0,0,0,0,0,1,0,0,1,1.7002808030478274
3816,58.77,49,133,238.6,0.029676,51,0,0,0,0,0,1,3,0,0,1.6576312436950214
3817,58.79,49,132,239.7,0.029661,51,0,0,0,0,0,1,2,0,0,1.733721900536107
3818,58.8,7,18,27.1,0.029646,7,0,0,0,1,1,0,1,1,1,2.4353757740002973
3819,58.82,49,132,240.7,0.029632,51,0,0,0,0,0,1,1,0,0,1.6217546320155014
3820,58.84,49,134,240.5,0.029617,51,0,0,0,0,0,1,1,0,0,1.7745867240568598
3821,58.86,49,133,241.6,0.029602,51,0,0,0,0,0,1,0,1,0,1.7378983968572899
3822,58.88,49,124,242.4,0.029587,51,0,0,0,0,0,1,0,2,1,1.7159449481154723
3823,58.9,49,123,242.6,0.029572,51,0,0,0,0,0,1,0,0,0,1.8334673436663436
3824,58.92,49,146,240.2,0.029558,51,0,0,0,0,0,1,0,1,1,1.6713090307345504
3825,58.94,49,123,242.5,0.029543,51,0,0,0,0,0,1,0,0,1,1.9530212238914273
3826,58.94,0,8,-8.9,0.029528,0,0,0,0,1,1,0,3,1,1,4.568577788282136
3827,58.97,49,138,241.0,0.029513,51,0,0,0,0,0,1,0,0,1,1.7358393951513735
3828,58.99,49,152,235.5,0.029498,51,0,0,0,0,0,1,4,1,2,2.0109045538313866
3829,59.01,49,137,240.1,0.029484,51,0,0,0,0,0,1,1,0,1,1.662035949470268
3830,59.03,49,118,243.1,0.029469,51,0,0,0,0,0,1,0,0,0,1.691155706514278
3831,59.04,17,36,80.4,0.029454,18,0,0,0,1,1,0,1,1,0,2.3452406355276825
3832,59.05,24,48,107.1,0.02944,24,0,0,0,1,1,0,3,1,1,2.1227618514942423
3833,59.07,49,135,241.4,0.029425,51,0,0,0,0,0,1,0,0,0,1.6969502295391423
3834,59.07,17,40,72.9,0.02941,17,0,0,0,1,1,0,3,1,1,2.034778225185503
3835,59.09,49,136,241.2,0.029395,51,0,0,0,0,0,1,0,0,1,1.8429601253272538
3836,59.11,49,125,240.4,0.029381,51,0,0,0,0,0,1,2,0,0,1.7247884621267713
3837,59.14,49,147,239.0,0.029366,51,0,0,0,0,0,1,1,0,2,1.882319112610036
3838,59.16,49,138,239.1,0.029351,51,0,0,0,0,0,1,2,1,0,1.726419197450057
3839,59.18,49,136,241.2,0.029337,51,0,0,0,0,0,1,0,0,1,1.530102115746433
3840,59.2,49,134,241.5,0.029322,51,0,0,0,0,0,1,0,1,0,1.7739896692218307
3841,59.22,49,124,242.5,0.029307,51,0,0,0,0,0,1,0,0,0,1.803853773656287
3842,59.25,49,184,235.5,0.029293,51,0,0,0,0,0,1,1,1,0,1.709873296024862
3843,59.27,49,128,242.0,0.029278,51,0,0,0,0,0,1,0,1,1,1.8302302545218077
3844,59.29,50,148,233.8,0.029263,50,0,0,0,0,0,1,1,1,3,1.4345104510840252
3845,59.32,49,133,241.6,0.029249,51,0,0,0,0,0,1,0,2,0,1.489013260504043
3846,59.34,50,144,234.2,0.029234,50,0,0,0,0,0,1,1,1,3,1.517852157659261
3847,59.36,49,138,241.0,0.02922,51,0,0,0,0,0,1,0,2,1,1.3753738263617221
3848,59.38,49,157,237.1,0.029205,51,0,0,0,0,0,1,2,1,1,1.7376819667522354
3849,59.4,49,123,242.6,0.02919,51,0,0,0,0,0,1,0,0,0,1.6909502012530928
3850,59.43,50,167,230.6,0.029176,50,0,0,0,0,0,1,2,1,6,1.4545352027895655
3851,59.46,50,165,233.3,0.029161,50,0,0,0,0,0,1,0,2,1,1.381506117725842
3852,59.48,50,135,231.3,0.029147,50,0,0,0,1,1,0,0,1,2,1.8262600200840065
3853,59.5,49,143,239.5,0.029132,51,0,0,0,0,0,1,1,1,1,1.3874521822323678
3854,59.52,49,138,241.0,0.029117,51,0,0,0,0,0,1,0,0,1,1.6944197210022864
3855,59.54,49,133,240.5,0.029103,51,0,0,0,0,0,1,1,0,1,1.6131653828072186
3856,59.56,49,121,242.8,0.029088,51,0,0,0,0,0,1,0,0,0,1.6909784308643545
3857,59.58,49,135,240.3,0.029074,51,0,0,0,0,0,1,1,0,1,1.8047926993576884
3858,59.6,49,127,241.2,0.029059,51,0,0,0,0,0,1,1,0,0,1.4947306420306161
3859,59.62,49,145,239.4,0.029045,51,0,0,0,0,0,1,1,1,0,1.5831270704920506
3860,59.65,49,147,240.2,0.02903,51,0,0,0,0,0,1,0,0,0,1.4887713444240398
3861,59.67,49,128,241.0,0.029016,51,0,0,0,0,0,1,1,0,1,1.5143328783180436
3862,59.69,49,141,239.7,0.029001,51,0,0,0,0,0,1,1,0,1,1.681441864949844
3863,59.71,49,126,240.0,0.028987,51,0,0,0,0,0,1,2,0,3,1.525175862159759
3864,59.73,49,166,237.3,0.028972,51,0,0,0,0,0,1,1,2,0,1.4857176640490588
3865,59.76,47,134,220.5,0.028958,48,0,0,0,1,1,0,1,1,1,1.623108708564346
3866,59.78,49,131,239.8,0.028943,51,0,0,0,0,0,1,2,0,0,1.5357425165131553
3867,59.8,49,146,240.3,0.028929,51,0,0,0,0,0,1,0,1,0,1.6144582483136578
3868,59.82,49,129,242.0,0.028914,51,0,0,0,0,0,1,0,0,0,1.695415161876283
3869,59.84,50,158,231.0,0.0289,50,0,0,0,0,0,1,3,2,1,1.4621340839969295
3870,59.86,49,144,238.5,0.028885,51,0,0,0,0,0,1,2,2,0,1.6861496705269907
3871,59.89,49,133,241.6,0.028871,51,0,0,0,0,0,1,0,0,0,1.4053595703609518
3872,59.91,49,138,238.7,0.028856,51,0,0,0,0,0,1,2,1,4,1.5431762024150733
3873,59.93,49,147,239.1,0.028842,51,0,0,0,0,0,1,1,0,1,1.4791953205146688
3874,59.95,49,128,241.1,0.028828,51,0,0,0,0,0,1,1,0,0,1.7570614928742898
3875,59.97,49,148,239.1,0.028813,51,0,0,0,0,0,1,1,0,0,1.6822943905232124
3876,59.99,36,89,166.1,0.028799,36,0,0,0,1,1,0,0,1,0,1.67634199585155
3877,60.0,45,112,208.8,0.028784,45,0,0,0,1,1,0,0,2,0,1.4870911738187593
3878,60.03,50,176,231.9,0.02877,50,0,0,0,0,0,1,0,1,4,1.590381868936552
3879,60.05,49,146,238.0,0.028756,51,0,0,0,0,0,1,2,1,3,1.7927975380125547
3880,60.08,49,141,238.6,0.028741,51,0,0,0,0,0,1,2,1,2,1.6157840477555185
3881,60.09,49,112,243.7,0.028727,51,0,0,0,0,0,1,0,0,0,1.672637636697166
3882,60.12,49,129,242.0,0.028712,51,0,0,0,0,0,1,0,0,0,1.6091352146135665
3883,60.14,49,128,242.0,0.028698,51,0,0,0,0,0,1,0,0,1,1.5777310599724235
3884,60.15,49,123,242.5,0.028684,51,0,0,0,0,0,1,0,0,1,1.62121932891919
3885,60.17,34,87,160.2,0.028669,35,0,0,0,1,1,0,1,1,1,1.7671135573934205
3886,60.19,49,135,241.3,0.028655,51,0,0,0,0,0,1,0,1,1,1.463886645978207
3887,60.19,5,17,16.1,0.028641,5,0,0,0,1,1,0,2,1,2,2.591975727100983
3888,60.2,10,23,42.7,0.028626,10,0,0,0,1,1,0,0,1,0,2.486953011261434
3889,60.2,8,15,33.5,0.028612,8,0,0,0,1,1,0,0,1,0,2.406827933592895
3890,60.22,49,146,240.1,0.028598,51,0,0,0,0,0,1,0,1,2,1.711512558275004
3891,60.24,49,122,242.7,0.028584,51,0,0,0,0,0,1,0,0,0,1.6704998173753174
3892,60.26,49,137,241.1,0.028569,51,0,0,0,0,0,1,0,1,1,1.6891955546184234
3893,60.28,49,124,242.3,0.028555,51,0,0,0,0,0,1,0,0,2,1.5017338075939923
3894,60.31,49,153,237.4,0.028541,51,0,0,0,0,0,1,2,1,2,1.5254132750474314
3895,60.33,49,143,239.6,0.028526,51,0,0,0,0,0,1,1,0,0,1.6968549320571171
3896,60.35,49,139,239.0,0.028512,51,0,0,0,0,0,1,2,0,0,1.7372375107953006
3897,60.37,49,133,241.6,0.028498,51,0,0,0,0,0,1,0,2,0,1.5269980892947432
3898,60.39,49,127,238.2,0.028484,51,0,0,0,0,0,1,4,0,0,1.4035033895153224
3899,60.41,49,132,240.7,0.028469,51,0,0,0,0,0,1,1,0,0,1.6510648560033039
3900,60.44,49,140,240.9,0.028455,51,0,0,0,0,0,1,0,1,0,1.5375005392768002
3901,60.45,33,76,148.4,0.028441,33,0,0,0,1,1,0,4,1,0,1.7494482949966157
3902,60.47,49,123,241.4,0.028427,51,0,0,0,0,0,1,1,1,2,1.5211104919279352
3903,60.49,50,124,236.2,0.028413,50,0,0,0,0,0,1,1,1,3,1.5133058803848969
3904,60.51,49,139,238.0,0.028398,51,0,0,0,0,0,1,3,0,0,1.6533956262145761
3905,60.53,49,121,242.8,0.028384,51,0,0,0,0,0,1,0,0,0,1.6807221041684859
3906,60.55,49,137,239.2,0.02837,51,0,0,0,0,0,1,2,1,0,1.7805034673592508
3907,60.57,49,118,243.1,0.028356,51,0,0,0,0,0,1,0,0,0,1.535246690052162
3908,60.59,49,137,241.2,0.028342,51,0,0,0,0,0,1,0,0,0,1.7625233161001244
3909,60.61,49,109,242.9,0.028327,51,0,0,0,0,0,1,1,0,1,1.6982167678312423
3910,60.61,14,27,60.3,0.028313,14,0,0,0,1,1,0,2,1,0,2.344674204297866
3911,60.64,49,153,238.5,0.028299,51,0,0,0,0,0,1,1,2,1,1.5259256709108608
3912,60.66,49,136,240.2,0.028285,51,0,0,0,0,0,1,1,1,1,1.5321149777691576
3913,60.66,13,37,55.2,0.028271,13,0,0,0,1,1,0,1,1,1,2.002247249489064
3914,60.68,43,115,198.4,0.028257,43,0,0,0,1,1,0,0,2,1,1.541563009769316
3915,60.69,32,65,148.4,0.028243,32,0,0,0,1,1,0,0,1,1,1.892352948234084
3916,60.71,37,84,167.6,0.028228,37,0,0,0,1,1,0,4,1,0,1.7094424365739629
3917,60.73,49,135,239.0,0.028214,51,0,0,0,0,0,1,2,0,4,1.648696849694339
3918,60.75,49,127,242.2,0.0282,51,0,0,0,0,0,1,0,1,0,1.6319440187680125
3919,60.77,49,136,241.3,0.028186,51,0,0,0,0,0,1,0,1,0,1.7309605712343565
3920,60.79,49,123,241.6,0.028172,51,0,0,0,0,0,1,1,2,0,1.6715319955057673
3921,60.81,49,146,240.3,0.028158,51,0,0,0,0,0,1,0,0,0,1.5453731714779542
3922,60.83,49,131,241.8,0.028144,51,0,0,0,0,0,1,0,0,0,1.6230082175673488
3923,60.85,49,123,240.5,0.02813,51,0,0,0,0,0,1,2,0,1,1.551608691748568
3924,60.86,29,72,131.8,0.028116,29,0,0,0,1,1,0,1,1,0,1.7740993260764373
3925,60.88,49,122,242.6,0.028102,51,0,0,0,0,0,1,0,0,1,1.816912711011595
3926,60.91,49,153,238.6,0.028088,51,0,0,0,0,0,1,1,0,0,1.57086244728262
3927,60.93,49,124,239.4,0.028074,51,0,0,0,0,0,1,3,0,1,1.8812822961194107
3928,60.93,10,26,39.3,0.028059,10,0,0,0,1,1,0,3,1,1,2.351018574362511
3929,60.95,49,121,241.7,0.028045,51,0,0,0,0,0,1,1,0,1,1.7001165749357172
3930,60.97,49,148,238.1,0.028031,51,0,0,0,0,0,1,2,1,0,1.3914433432094442
3931,60.99,49,125,242.3,0.028017,51,0,0,0,0,0,1,0,1,1,1.7258772774583229
3932,61.0,12,37,49.0,0.028003,12,0,0,0,1,1,0,2,1,3,2.033186099177956
3933,61.01,45,98,207.9,0.027989,45,0,0,0,1,1,0,2,1,3,1.7404044783958197
3934,61.03,47,121,213.7,0.027975,47,0,0,0,1,1,0,4,1,2,1.6595929132289449
3935,61.05,42,105,189.3,0.027961,42,0,0,0,1,1,0,5,1,2,1.5879861151397343
3936,61.06,29,77,130.1,0.027947,29,0,0,0,1,1,0,2,1,2,1.542196899114701
3937,61.08,46,117,207.1,0.027933,46,0,0,0,1,1,0,6,1,2,1.6773206540415402
3938,61.09,12,29,48.7,0.027919,12,0,0,0,1,1,0,3,1,4,2.3416570796122653
3939,61.1,21,48,91.2,0.027906,21,0,0,0,1,1,0,4,1,0,1.9461763401549426
3940,61.12,46,142,207.5,0.027892,46,0,0,0,1,1,0,3,1,3,1.8309811896878214
3941,61.14,49,148,238.9,0.027878,51,0,0,0,0,0,1,1,0,2,1.5869352496155653
3942,61.16,49,158,234.1,0.027864,51,0,0,0,0,0,1,5,1,0,1.5978637765133072
3943,61.18,49,122,242.6,0.02785,51,0,0,0,0,0,1,0,0,1,1.551876399802509
3944,61.19,24,53,109.7,0.027836,24,0,0,0,1,1,0,0,1,0,1.9540579532936415
3945,61.22,49,126,240.1,0.027822,51,0,0,0,0,0,1,2,1,2,1.6894488090745097
3946,61.23,32,69,144.9,0.027808,32,0,0,0,1,1,0,3,1,2,1.8815563833863658
3947,61.25,49,147,240.2,0.027794,51,0,0,0,0,0,1,0,1,0,1.7485477407249885
3948,61.27,49,126,240.3,0.02778,51,0,0,0,0,0,1,2,0,0,1.6861152200743936
3949,61.29,49,130,239.8,0.027766,51,0,0,0,0,0,1,2,1,1,1.6496505761152152
3950,61.31,49,144,240.3,0.027752,51,0,0,0,0,0,1,0,0,2,1.5972673411375151
3951,61.34,49,140,239.8,0.027739,51,0,0,0,0,0,1,1,1,1,1.6047804032714872
3952,61.35,40,100,181.0,0.027725,40,0,0,0,1,1,0,4,1,0,1.5330000893688986
3953,61.38,49,158,237.0,0.027711,51,0,0,0,0,0,1,2,0,1,1.6035915389545643
3954,61.4,49,138,241.0,0.027697,51,0,0,0,0,0,1,0,0,1,1.5347605103987354
3955,61.42,49,159,237.0,0.027683,51,0,0,0,0,0,1,2,0,0,1.4294514623372847
3956,61.44,49,135,239.4,0.027669,51,0,0,0,0,0,1,2,0,0,1.504592864783134
3957,61.45,1,16,-5.6,0.027655,1,0,0,0,1,1,0,4,1,0,3.736965945987294
3958,61.46,35,73,162.5,0.027642,35,0,0,0,1,1,0,0,2,2,1.9843019860047475
3959,61.48,49,118,242.1,0.027628,51,0,0,0,0,0,1,1,1,0,1.5714399396204017
3960,61.5,49,142,240.6,0.027614,51,0,0,0,0,0,1,0,0,1,1.6190767042503025
3961,61.52,49,153,239.6,0.0276,51,0,0,0,0,0,1,0,0,0,1.5223910803256984
3962,61.54,49,126,240.2,0.027586,51,0,0,0,0,0,1,2,0,1,1.6347578968514385
3963,61.57,49,142,240.7,0.027573,51,0,0,0,0,0,1,0,1,0,1.7012657933988846
3964,61.59,49,115,242.4,0.027559,51,0,0,0,0,0,1,1,1,0,1.7508220240413244
3965,61.59,5,21,16.4,0.027545,5,0,0,0,1,1,0,1,1,5,2.039556631024455
3966,61.61,49,148,239.1,0.027531,51,0,0,0,0,0,1,1,0,0,1.5911025177380071
3967,61.63,49,136,241.2,0.027517,51,0,0,0,0,0,1,0,0,1,1.6333836572799767
3968,61.65,49,127,241.9,0.027504,51,0,0,0,0,0,1,0,1,3,1.7215539553231585
3969,61.68,49,140,240.9,0.02749,51,0,0,0,0,0,1,0,1,0,1.5960966378818489
3970,61.7,49,129,240.9,0.027476,51,0,0,0,0,0,1,1,0,1,1.5961027598121156
3971,61.72,49,127,241.2,0.027462,51,0,0,0,0,0,1,1,1,0,1.7627200177113065
3972,61.74,49,143,239.6,0.027449,51,0,0,0,0,0,1,1,1,0,1.5841555414064652
3973,61.76,49,116,243.3,0.027435,51,0,0,0,0,0,1,0,0,0,1.4900821977386605
3974,61.78,49,139,239.9,0.027421,51,0,0,0,0,0,1,1,0,1,1.5778434300173148
3975,61.8,49,161,236.8,0.027408,51,0,0,0,0,0,1,2,1,0,1.5009351558772992
3976,61.82,49,130,241.9,0.027394,51,0,0,0,0,0,1,0,1,0,1.63611715138532
3977,61.84,49,123,241.5,0.02738,51,0,0,0,0,0,1,1,1,1,1.589482473432734
3978,61.86,49,105,243.3,0.027367,51,0,0,0,0,0,1,1,0,1,1.9603434720849227
3979,61.88,50,137,231.0,0.027353,50,0,0,0,1,1,0,0,1,3,1.6399377291093922
3980,61.9,49,130,241.8,0.027339,51,0,0,0,0,0,1,0,2,1,1.9259205333555087
3981,61.92,39,103,176.3,0.027325,39,0,0,0,1,1,0,3,1,4,1.9416611450324432
3982,61.94,49,127,241.1,0.027312,51,0,0,0,0,0,1,1,0,1,1.7409251431920283
3983,61.96,38,94,175.5,0.027298,38,0,0,0,1,1,0,0,1,1,1.7923798047705541
3984,61.98,49,146,239.3,0.027285,51,0,0,0,0,0,1,1,0,0,1.6725280117490382
3985,61.98,7,23,24.7,0.027271,7,0,0,0,1,1,0,3,1,0,2.3055664368837885
3986,62.0,49,115,243.4,0.027257,51,0,0,0,0,0,1,0,1,0,1.5032813380033516
3987,62.03,49,153,238.6,0.027244,51,0,0,0,0,0,1,1,0,0,1.4975755633613017
3988,62.05,49,131,241.8,0.02723,51,0,0,0,0,0,1,0,0,0,1.6979984839229194
3989,62.07,49,130,241.9,0.027216,51,0,0,0,0,0,1,0,0,0,1.6829126006554713
3990,62.08,49,118,242.0,0.027203,51,0,0,0,0,0,1,1,0,1,1.634148470329166
3991,62.11,49,138,240.1,0.027189,51,0,0,0,0,0,1,1,0,0,1.6592877515200215
3992,62.12,49,119,239.9,0.027176,51,0,0,0,0,0,1,3,0,1,1.73698024269745
3993,62.14,49,117,243.1,0.027162,51,0,0,0,0,0,1,0,0,1,1.7363640094023975
3994,62.17,49,142,239.5,0.027148,51,0,0,0,0,0,1,1,0,2,1.7551636308039587
3995,62.19,49,145,240.2,0.027135,51,0,0,0,0,0,1,0,0,2,1.5359087966208296
3996,62.21,49,138,241.1,0.027121,51,0,0,0,0,0,1,0,1,0,1.4617214993857952
3997,62.23,49,138,240.0,0.027108,51,0,0,0,0,0,1,1,1,1,1.703222124718303
3998,62.25,49,121,242.8,0.027094,51,0,0,0,0,0,1,0,0,0,1.6130510299870855
3999,62.27,49,126,241.3,0.027081,51,0,0,0,0,0,1,1,0,0,1.809474307986818
4000,62.29,46,124,209.4,0.027067,46,0,0,0,1,1,0,3,2,2,1.5956965201249342
4001,62.3,21,59,88.3,0.027054,21,0,0,0,1,1,0,5,1,8,1.8697141778613182
4002,62.32,45,124,201.6,0.02704,45,0,0,0,1,1,0,6,1,0,1.6075840440326394
4003,62.34,47,110,219.0,0.027026,47,0,0,0,1,1,0,0,2,0,1.881387488523223
4004,62.36,50,136,230.0,0.027013,50,0,0,0,1,1,0,1,2,4,1.5106895003237546
4005,62.38,50,141,226.8,0.026999,50,0,0,0,1,1,0,4,1,1,1.448281161612976
4006,62.4,49,121,241.8,0.026986,51,0,0,0,0,0,1,1,0,0,1.7050728099827688
4007,62.43,49,165,236.4,0.026972,51,0,0,0,0,0,1,2,2,0,1.6503823988662227
4008,62.45,49,131,240.8,0.026959,51,0,0,0,0,0,1,1,1,0,1.565260234474722
4009,62.45,20,42,86.8,0.026945,20,0,0,0,1,1,0,4,1,0,1.819575511982465
4010,62.47,49,136,241.1,0.026932,51,0,0,0,0,0,1,0,0,2,1.760082934137531
4011,62.5,50,159,225.9,0.026919,50,0,0,0,1,1,0,3,2,2,1.5305837594468574
4012,62.52,49,164,238.5,0.026905,51,0,0,0,0,0,1,0,0,0,1.6084766442803233
4013,62.55,49,152,237.7,0.026892,51,0,0,0,0,0,1,2,1,0,1.4869905867223907
4014,62.57,49,137,238.0,0.026878,51,0,0,0,0,0,1,3,0,2,1.6871361028536371
4015,62.59,49,145,240.4,0.026865,51,0,0,0,0,0,1,0,0,0,1.5896535440295734
4016,62.61,49,129,240.0,0.026851,51,0,0,0,0,0,1,2,0,0,1.6471405790945999
4017,62.63,49,132,241.7,0.026838,51,0,0,0,0,0,1,0,0,0,1.3926869265700366
4018,62.65,49,129,241.8,0.026824,51,0,0,0,0,0,1,0,0,2,1.3094534025829367
4019,62.67,45,98,206.2,0.026811,45,0,0,0,1,1,0,4,1,0,1.4650845414578182
4020,62.69,49,133,241.4,0.026798,51,0,0,0,0,0,1,0,0,2,1.5562769420494917
4021,62.71,49,135,241.3,0.026784,51,0,0,0,0,0,1,0,1,1,1.7942987863225064
4022,62.73,49,122,241.7,0.026771,51,0,0,0,0,0,1,1,1,0,2.0078514032480617
4023,62.75,49,119,242.0,0.026757,51,0,0,0,0,0,1,1,0,0,1.7072999622762124
4024,62.77,49,140,239.9,0.026744,51,0,0,0,0,0,1,1,0,0,1.5133551430097836
4025,62.79,49,129,241.0,0.026731,51,0,0,0,0,0,1,1,0,0,1.4285972223274008
4026,62.81,49,128,241.1,0.026717,51,0,0,0,0,0,1,1,1,0,1.662538633401216
4027,62.84,49,160,238.8,0.026704,51,0,0,0,0,0,1,0,1,1,1.5444655626895132
4028,62.86,49,138,240.0,0.026691,51,0,0,0,0,0,1,1,0,1,1.6223551003368313
4029,62.88,49,125,241.3,0.026677,51,0,0,0,0,0,1,1,1,1,1.837321964467637
4030,62.9,49,114,242.5,0.026664,51,0,0,0,0,0,1,1,0,0,1.6819266271002435
4031,62.92,49,145,238.3,0.026651,51,0,0,0,0,0,1,2,0,1,1.6035306492388792
4032,62.94,49,142,240.7,0.026637,51,0,0,0,0,0,1,0,0,0,1.7156516921510923
4033,62.96,49,143,239.4,0.026624,51,0,0,0,0,0,1,1,1,2,1.8629945157033998
4034,62.98,49,121,242.8,0.026611,51,0,0,0,0,0,1,0,0,0,1.5633774558616154
4035,63.0,49,133,240.6,0.026597,51,0,0,0,0,0,1,1,1,0,1.6979706796969658
4036,63.02,49,130,240.8,0.026584,51,0,0,0,0,0,1,1,0,1,1.5368345137249007
4037,63.04,49,126,241.2,0.026571,51,0,0,0,0,0,1,1,0,1,1.6491129776161253
4038,63.07,49,140,238.9,0.026558,51,0,0,0,0,0,1,2,0,0,1.652226614933246
4039,63.09,50,135,229.2,0.026544,50,0,0,0,1,1,0,2,2,3,1.6106043118108135
4040,63.11,49,150,239.8,0.026531,51,0,0,0,0,0,1,0,0,1,1.4454711714064494
4041,63.13,49,132,240.5,0.026518,51,0,0,0,0,0,1,1,0,2,1.5744577433136016
4042,63.15,49,132,240.7,0.026504,51,0,0,0,0,0,1,1,0,0,1.7241860729450962
4043,63.17,49,124,241.5,0.026491,51,0,0,0,0,0,1,1,0,0,1.7000398805765389
4044,63.19,49,136,240.3,0.026478,51,0,0,0,0,0,1,1,0,0,1.386140889006011
4045,63.21,49,138,240.1,0.026465,51,0,0,0,0,0,1,1,0,0,1.554460387437879
4046,63.23,49,123,239.6,0.026451,51,0,0,0,0,0,1,3,0,0,1.510664755708453
4047,63.25,49,135,240.4,0.026438,51,0,0,0,0,0,1,1,1,0,1.7667448758552176
4048,63.27,49,134,241.5,0.026425,51,0,0,0,0,0,1,0,0,0,1.6186219364305623
4049,63.29,49,134,240.5,0.026412,51,0,0,0,0,0,1,1,0,0,1.718795999333441
4050,63.31,49,147,238.9,0.026399,51,0,0,0,0,0,1,1,0,3,1.624489350439062
4051,63.33,49,130,240.9,0.026385,51,0,0,0,0,0,1,1,0,0,1.5266159251356308
4052,63.36,49,154,237.3,0.026372,51,0,0,0,0,0,1,2,0,2,1.8618253724870597
4053,63.37,49,116,243.3,0.026359,51,0,0,0,0,0,1,0,0,0,1.4471249535813064
4054,63.4,49,141,240.6,0.026346,51,0,0,0,0,0,1,0,0,2,1.5744319503466497
4055,63.42,49,148,239.1,0.026333,51,0,0,0,0,0,1,1,1,0,1.566847649783737
4056,63.44,49,126,240.3,0.02632,51,0,0,0,0,0,1,2,0,0,1.5988390707123554
4057,63.46,49,129,242.0,0.026306,51,0,0,0,0,0,1,0,1,0,1.6561096603404177
4058,63.48,49,123,241.5,0.026293,51,0,0,0,0,0,1,1,0,1,1.7454642430093597
4059,63.5,49,126,242.3,0.02628,51,0,0,0,0,0,1,0,1,0,1.7560379575475265
4060,63.52,49,130,240.9,0.026267,51,0,0,0,0,0,1,1,0,0,1.5205958616364437
4061,63.53,33,92,150.7,0.026254,33,0,0,0,1,1,0,0,1,1,1.580610371672878
4062,63.55,49,129,241.9,0.026241,51,0,0,0,0,0,1,0,1,1,1.720304448258524
4063,63.57,49,144,240.4,0.026228,51,0,0,0,0,0,1,0,0,1,1.4436879068724584
4064,63.6,49,142,240.7,0.026214,51,0,0,0,0,0,1,0,1,0,1.6408506668370872
4065,63.62,49,178,236.5,0.026201,51,0,0,0,0,0,1,0,1,6,1.661933771536018
4066,63.63,3,8,9.1,0.026188,3,0,0,0,1,1,0,0,1,1,5.1496335775056705
4067,63.65,49,127,240.2,0.026175,51,0,0,0,0,0,1,2,0,0,1.6329952222052797
4068,63.67,49,169,235.0,0.026162,51,0,0,0,0,0,1,3,0,0,1.518311046712741
4069,63.69,49,127,240.1,0.026149,51,0,0,0,0,0,1,2,0,1,1.5540667990444303
4070,63.71,49,130,240.8,0.026136,51,0,0,0,0,0,1,1,0,1,1.538381232675881
4071,63.73,49,126,241.2,0.026123,51,0,0,0,0,0,1,1,1,1,1.6038379495861816
4072,63.75,49,149,240.0,0.02611,51,0,0,0,0,0,1,0,0,0,1.3189104558595262
4073,63.78,49,146,240.2,0.026097,51,0,0,0,0,0,1,0,0,1,1.5737613066933354
4074,63.8,49,162,238.6,0.026084,51,0,0,0,0,0,1,0,2,1,1.510917650763967
4075,63.8,1,12,-4.3,0.026071,1,0,0,0,1,1,0,3,1,1,3.297966756580623
4076,63.83,42,161,185.8,0.026058,42,0,0,0,1,1,0,3,1,1,1.637446845445327
4077,63.85,49,126,242.3,0.026045,51,0,0,0,0,0,1,0,1,0,1.4549996027671843
4078,63.86,32,83,144.1,0.026032,32,0,0,0,1,1,0,2,1,6,1.6279624500786685
4079,63.87,1,21,-6.1,0.026018,1,0,0,0,1,1,0,4,1,0,2.5005006840080406
4080,63.89,49,160,237.9,0.026005,51,0,0,0,0,0,1,1,0,0,1.618835794697007
4081,63.92,48,141,216.7,0.025992,48,0,0,0,1,1,0,4,2,2,1.7848936373300335
4082,63.92,15,30,63.0,0.025979,15,0,0,0,1,1,0,4,1,0,2.5744678407233836
4083,63.93,29,79,131.1,0.025966,29,0,0,0,1,1,0,1,2,0,1.759070273597027
4084,63.95,41,95,186.4,0.025954,41,0,0,0,1,1,0,4,1,1,1.6959999247984443
4085,63.96,20,58,79.1,0.025941,20,0,0,0,1,1,0,9,1,11,1.883544957800314
4086,63.97,19,41,83.6,0.025928,19,0,0,0,1,1,0,2,2,3,2.097966506819842
4087,63.98,17,52,70.7,0.025915,17,0,0,0,1,1,0,4,1,1,1.6845038029157193
4088,63.98,11,36,45.3,0.025902,11,0,0,0,1,1,0,1,1,1,2.2552659054112016
4089,63.99,19,51,81.8,0.025889,19,0,0,0,1,1,0,3,1,1,2.1069013651748363
4090,64.01,42,113,190.4,0.025876,42,0,0,0,1,1,0,3,1,3,1.677268956465917
4091,64.02,11,25,44.5,0.025863,11,0,0,0,1,1,0,3,1,0,1.992685462203647
4092,64.03,38,109,170.7,0.02585,38,0,0,0,1,1,0,3,1,4,1.8040704247010448
4093,64.04,1,9,-2.3,0.025837,1,0,0,0,1,1,0,1,1,4,3.3995917363608683
4094,64.06,50,147,232.2,0.025824,50,0,0,0,0,0,1,3,1,0,1.8289693898692208
4095,64.08,42,116,190.3,0.025811,42,0,0,0,1,1,0,3,1,1,1.641270951678285
4096,64.08,7,33,24.6,0.025798,7,0,0,0,1,1,0,2,1,1,2.3474933349332856
4097,64.09,33,73,155.7,0.025785,34,0,0,0,1,1,0,2,3,0,2.0682167411656778
4098,64.11,36,91,163.8,0.025772,36,0,0,0,1,1,0,2,2,1,2.2608735374497133
4099,64.12,2,58,-4.8,0.02576,2,0,0,0,1,1,0,4,1,0,1.7037045619518214
4100,64.12,2,9,0.9,0.025747,2,0,0,0,1,1,0,3,1,2,3.2193782157712167
4101,64.13,21,55,90.5,0.025734,21,0,0,0,1,1,0,4,2,0,1.5596451875175243
4102,64.14,26,68,114.2,0.025721,26,0,0,0,1,1,0,4,1,0,1.447835922619833
4103,64.16,32,85,142.5,0.025708,32,0,0,0,1,1,0,4,1,0,2.1307139874599996
4104,64.18,44,111,200.5,0.025695,44,0,0,0,1,1,0,3,1,4,1.714294977139595
4105,64.2,49,154,237.5,0.025682,51,0,0,0,0,0,1,2,1,0,1.9275510176516975
4106,64.22,24,102,96.7,0.02567,24,0,0,0,1,1,0,8,2,1,1.886145237583595
4107,64.24,49,158,234.9,0.025657,51,0,0,0,0,0,1,4,0,2,1.5730054165373046
4108,64.26,39,140,173.9,0.025644,39,0,0,0,1,1,0,2,1,1,1.7092233433959123
4109,64.29,48,175,211.8,0.025631,48,0,0,0,1,1,0,5,2,7,1.3939877827496634
4110,64.3,18,41,78.8,0.025618,18,0,0,0,1,1,0,2,1,1,2.0082195849541242
4111,64.31,49,117,242.2,0.025605,51,0,0,0,0,0,1,1,0,0,1.8321409068081247
4112,64.34,49,151,239.8,0.025593,51,0,0,0,0,0,1,0,1,0,1.761869861065935
4113,64.36,49,125,242.3,0.02558,51,0,0,0,0,0,1,0,0,1,1.877742015074959
4114,64.38,49,128,239.8,0.025567,51,0,0,0,0,0,1,2,0,3,1.9194240026226221
4115,64.39,22,51,98.7,0.025554,22,0,0,0,1,1,0,1,1,2,1.7901484355431252
4116,64.41,49,127,242.2,0.025541,51,0,0,0,0,0,1,0,0,0,1.9553766249145406
4117,64.43,49,139,240.7,0.025529,51,0,0,0,0,0,1,0,2,3,1.723709813698471
4118,64.45,49,125,240.1,0.025516,51,0,0,0,0,0,1,2,1,3,1.93541390283317
4119,64.47,49,122,241.7,0.025503,51,0,0,0,0,0,1,1,0,0,1.8430305216357723
4120,64.49,49,147,239.9,0.02549,51,0,0,0,0,0,1,0,1,3,1.658723803791037
4121,64.51,49,151,238.7,0.025478,51,0,0,0,0,0,1,1,0,1,1.5828711099259754
4122,64.53,49,121,242.7,0.025465,51,0,0,0,0,0,1,0,1,1,1.9784251926905356
4123,64.55,49,134,241.4,0.025452,51,0,0,0,0,0,1,0,0,1,1.6583690142186078
4124,64.57,49,130,239.9,0.025439,51,0,0,0,0,0,1,2,1,0,1.7172117483799858
4125,64.59,49,126,241.3,0.025427,51,0,0,0,0,0,1,1,0,0,1.7078050668976352
4126,64.61,49,130,240.9,0.025414,51,0,0,0,0,0,1,1,0,0,1.6652534950856799
4127,64.62,16,36,70.2,0.025401,16,0,0,0,1,1,0,1,1,2,1.885992324820358
4128,64.64,49,124,241.5,0.025389,51,0,0,0,0,0,1,1,0,0,1.7414901855804512
4129,64.64,5,13,17.7,0.025376,5,0,0,0,1,1,0,1,1,0,3.144076856715801
4130,64.67,49,146,239.3,0.025363,51,0,0,0,0,0,1,1,1,0,1.8774649517097042
4131,64.69,49,140,237.7,0.025351,51,0,0,0,0,0,1,3,0,2,1.7639602867249202
4132,64.71,49,111,243.8,0.025338,51,0,0,0,0,0,1,0,1,0,1.9728784448170882
4133,64.73,49,138,241.0,0.025325,51,0,0,0,0,0,1,0,0,1,1.7146120668343217
4134,64.75,49,127,242.2,0.025313,51,0,0,0,0,0,1,0,0,0,1.600173525260508
4135,64.77,49,127,240.0,0.0253,51,0,0,0,0,0,1,2,3,2,1.6458394791604625
4136,64.79,49,143,240.6,0.025287,51,0,0,0,0,0,1,0,2,0,1.616005064941219
4137,64.82,49,145,239.4,0.025275,51,0,0,0,0,0,1,1,1,0,1.4906531459987378
4138,64.82,5,10,17.0,0.025262,5,0,0,0,1,1,0,2,1,0,3.671001849574666
4139,64.84,49,131,241.6,0.025249,51,0,0,0,0,0,1,0,1,2,1.6813622031119306
4140,64.86,49,132,241.6,0.025237,51,0,0,0,0,0,1,0,0,1,1.6374687403846047
4141,64.88,49,149,238.8,0.025224,51,0,0,0,0,0,1,1,1,2,1.6556373739466876
4142,64.9,49,139,241.0,0.025211,51,0,0,0,0,0,1,0,0,0,1.4801317147739053
4143,64.92,49,133,240.5,0.025199,51,0,0,0,0,0,1,1,0,1,1.8021335707396766
4144,64.94,49,123,240.5,0.025186,51,0,0,0,0,0,1,2,1,1,1.6343462621391434
4145,64.96,36,127,159.1,0.025174,36,0,0,0,1,1,0,3,1,2,1.6442613885473916
4146,64.99,49,132,240.7,0.025161,51,0,0,0,0,0,1,1,0,0,1.5788861841830328
4147,64.99,10,28,39.0,0.025149,10,0,0,0,1,1,0,3,1,2,2.3116677407170734
4148,65.01,30,102,131.4,0.025136,30,0,0,0,1,1,0,3,1,4,1.8602384739152182
4149,65.02,28,75,131.4,0.025123,29,0,0,0,1,1,0,1,2,1,1.6802991786801806
4150,65.04,48,148,218.8,0.025111,48,0,0,0,1,1,0,1,1,4,1.6386674312377056
4151,65.05,4,15,8.5,0.025098,4,0,0,0,1,1,0,5,1,0,2.8768006978764
4152,65.07,49,147,236.1,0.025086,51,0,0,0,0,0,1,4,0,1,1.7767830386458356
4153,65.07,9,22,37.7,0.025073,9,0,0,0,1,1,0,0,1,1,2.5560673827129032
4154,65.08,7,35,24.2,0.025061,7,0,0,0,1,1,0,2,2,3,1.981336806701512
4155,65.09,21,49,97.0,0.025048,22,0,0,0,1,1,0,3,2,1,1.9853335874260454
4156,65.1,5,42,9.7,0.025036,5,0,0,0,1,1,0,5,1,11,1.9918953805940245
4157,65.12,49,162,234.7,0.025023,51,0,0,0,0,0,1,4,0,0,1.7312148776789091
4158,65.13,12,28,50.0,0.025011,12,0,0,0,1,1,0,2,1,2,2.299906594058158
4159,65.13,1,6,-2.6,0.024998,1,0,0,0,1,1,0,2,1,0,6.543796592572675
4160,65.14,20,70,82.5,0.024986,20,0,0,0,1,1,0,5,1,5,1.7482783612227377
4161,65.16,49,139,240.9,0.024973,51,0,0,0,0,0,1,0,0,1,1.907683248923228
4162,65.18,49,144,240.3,0.024961,51,0,0,0,0,0,1,0,1,2,1.7811164891088036
4163,65.2,16,75,62.0,0.024948,16,0,0,0,1,1,0,5,1,5,1.6543553939911446
4164,65.22,49,136,241.2,0.024936,51,0,0,0,0,0,1,0,0,1,1.8766330614216074
4165,65.22,10,23,41.5,0.024923,10,0,0,0,1,1,0,1,1,2,2.016275992656588
4166,65.23,5,19,16.9,0.024911,5,0,0,0,1,1,0,1,1,2,2.027916512307751
4167,65.24,28,63,125.4,0.024898,28,0,0,0,1,1,0,3,1,3,1.8731885478915238
4168,65.26,49,136,240.1,0.024886,51,0,0,0,0,0,1,1,1,2,1.716051999399266
4169,65.28,49,140,240.9,0.024873,51,0,0,0,0,0,1,0,0,0,1.5119590000396848
4170,65.29,9,26,34.1,0.024861,9,0,0,0,1,1,0,3,1,3,2.2980219396885255
4171,65.29,6,14,19.6,0.024848,6,0,0,0,1,1,0,4,1,0,3.2510808822497443
4172,65.31,49,128,242.1,0.024836,51,0,0,0,0,0,1,0,0,0,1.604396989095749
4173,65.33,49,121,240.8,0.024824,51,0,0,0,0,0,1,2,1,0,1.9679818033294494
4174,65.35,50,124,237.4,0.024811,50,0,0,0,0,0,1,0,2,1,1.5861518109972166
4175,65.37,36,133,160.8,0.024799,36,0,0,0,1,1,0,0,1,9,1.5663687739871566
4176,65.39,49,126,241.3,0.024786,51,0,0,0,0,0,1,1,0,0,1.6137172215494173
4177,65.41,50,145,232.1,0.024774,50,0,0,0,0,0,1,3,2,3,1.7533198886928631
4178,65.43,49,131,240.8,0.024762,51,0,0,0,0,0,1,1,0,0,1.6713134771738989
4179,65.45,49,138,240.1,0.024749,51,0,0,0,0,0,1,1,2,0,1.8729986346516925
4180,65.48,49,144,240.5,0.024737,51,0,0,0,0,0,1,0,1,0,1.513379229481193
4181,65.5,49,122,241.7,0.024725,51,0,0,0,0,0,1,1,0,0,1.6334737280403113
4182,65.52,49,140,239.9,0.024712,51,0,0,0,0,0,1,1,0,0,1.6757292589664805
4183,65.54,49,146,239.2,0.0247,51,0,0,0,0,0,1,1,0,1,1.4618367770920275
4184,65.56,49,129,242.0,0.024687,51,0,0,0,0,0,1,0,0,0,1.8380924032812591
4185,65.58,49,129,241.8,0.024675,51,0,0,0,0,0,1,0,0,2,1.6833097677518694
4186,65.6,49,116,242.3,0.024663,51,0,0,0,0,0,1,1,1,0,1.6236591735068575
4187,65.62,49,144,240.4,0.02465,51,0,0,0,0,0,1,0,1,1,1.6667881766222155
4188,65.64,49,129,241.0,0.024638,51,0,0,0,0,0,1,1,1,0,1.8952206161518892
4189,65.64,5,13,15.7,0.024626,5,0,0,0,1,1,0,3,1,0,3.2362027105370736
4190,65.65,7,17,25.3,0.024613,7,0,0,0,1,1,0,3,1,0,2.934671381470426
4191,65.67,49,148,240.1,0.024601,51,0,0,0,0,0,1,0,1,0,1.7303613460678142
4192,65.69,49,134,240.5,0.024589,51,0,0,0,0,0,1,1,1,0,1.6864331322969106
4193,65.71,49,127,242.2,0.024577,51,0,0,0,0,0,1,0,0,0,1.6712683901106298
4194,65.73,49,130,238.9,0.024564,51,0,0,0,0,0,1,3,0,0,1.7137146897529993
4195,65.74,23,58,103.1,0.024552,23,0,0,0,1,1,0,1,1,1,1.6195859526883485
4196,65.76,49,135,238.3,0.02454,51,0,0,0,0,0,1,3,0,1,1.6521151673394652
4197,65.78,49,134,239.5,0.024527,51,0,0,0,0,0,1,2,0,0,1.6739549540058134
4198,65.8,49,139,240.0,0.024515,51,0,0,0,0,0,1,1,0,0,1.5677306528013153
4199,65.82,49,128,242.1,0.024503,51,0,0,0,0,0,1,0,0,0,1.781371457847316
4200,65.85,49,145,238.3,0.024491,51,0,0,0,0,0,1,2,0,1,1.7846480822897686
4201,65.86,25,63,109.6,0.024478,25,0,0,0,1,1,0,4,1,1,1.7802211042486353
4202,65.88,49,164,237.4,0.024466,51,0,0,0,0,0,1,1,0,1,1.5480375086115306
4203,65.89,16,35,68.5,0.024454,16,0,0,0,1,1,0,3,1,0,1.9381236897241934
4204,65.9,19,52,89.8,0.024442,20,0,0,0,1,1,0,0,1,0,1.588570235523858
4205,65.92,49,133,241.6,0.02443,51,0,0,0,0,0,1,0,0,0,1.7912660546761217
4206,65.94,49,137,238.2,0.024417,51,0,0,0,0,0,1,3,0,0,1.7104000215885193
4207,65.96,49,146,239.2,0.024405,51,0,0,0,0,0,1,1,0,1,1.6688796535845805
4208,65.99,49,143,240.4,0.024393,51,0,0,0,0,0,1,0,0,2,1.701831757987382
4209,66.01,49,154,238.4,0.024381,51,0,0,0,0,0,1,1,1,1,1.6071597416157797
4210,66.03,49,140,239.8,0.024368,51,0,0,0,0,0,1,1,1,1,1.4588434594535216
4211,66.05,39,103,183.6,0.024356,40,0,0,0,1,1,0,1,2,1,1.5196638564305147
4212,66.05,6,29,20.0,0.024344,6,0,0,0,1,1,0,2,1,1,2.3764134551860066
4213,66.07,49,131,241.8,0.024332,51,0,0,0,0,0,1,0,0,0,1.5603112862679218
4214,66.08,10,15,42.5,0.02432,10,0,0,0,1,1,0,1,1,0,3.0388720899395647
4215,66.1,45,120,203.0,0.024308,45,0,0,0,1,1,0,5,2,0,1.7095192159560046
4216,66.11,36,81,163.6,0.024295,36,0,0,0,1,1,0,3,1,3,1.7798274026256669
4217,66.12,2,52,-11.3,0.024283,2,0,0,0,1,1,0,10,1,11,1.9213549478062626
4218,66.14,47,166,207.3,0.024271,47,0,0,0,1,1,0,5,3,11,1.7299205465670644
4219,66.17,49,140,240.9,0.024259,51,0,0,0,0,0,1,0,1,0,1.7038938950840556
4220,66.18,29,77,129.3,0.024247,29,0,0,0,1,1,0,3,2,0,1.6720729159434469
4221,66.2,49,132,241.5,0.024235,51,0,0,0,0,0,1,0,1,2,1.8519309878721777
4222,66.22,49,129,241.8,0.024223,51,0,0,0,0,0,1,0,0,2,1.8114999112591121
4223,66.24,49,151,239.4,0.024211,51,0,0,0,0,0,1,0,2,4,1.6815429034159732
4224,66.26,49,130,240.7,0.024198,51,0,0,0,0,0,1,1,0,2,1.9539635524231258
4225,66.29,49,159,237.8,0.024186,51,0,0,0,0,0,1,1,0,2,1.605602038490791
4226,66.31,49,146,239.3,0.024174,51,0,0,0,0,0,1,1,0,0,1.558595336883256
4227,66.33,49,128,242.1,0.024162,51,0,0,0,0,0,1,0,0,0,1.7783559375993012
4228,66.35,43,84,200.6,0.02415,43,0,0,0,1,1,0,1,1,0,1.8072314718544078
4229,66.37,49,132,241.6,0.024138,51,0,0,0,0,0,1,0,0,1,1.5941058925306688
4230,66.39,49,141,240.8,0.024126,51,0,0,0,0,0,1,0,1,0,1.6258293077451609
4231,66.4,24,47,109.3,0.024114,24,0,0,0,1,1,0,1,1,0,2.0498020203893432
4232,66.4,17,41,80.8,0.024102,18,0,0,0,1,1,0,0,1,1,2.0615438137383975
4233,66.42,49,134,241.3,0.02409,51,0,0,0,0,0,1,0,0,2,1.788327990563008
4234,66.43,1,5,-3.5,0.024078,1,0,0,0,1,1,0,3,1,0,7.239270451514217
4235,66.45,49,129,241.9,0.024066,51,0,0,0,0,0,1,0,0,1,1.6302276047734772
4236,66.47,49,144,239.4,0.024054,51,0,0,0,0,0,1,1,0,1,1.7457604748938944
4237,66.49,49,141,240.6,0.024042,51,0,0,0,0,0,1,0,1,2,1.6315428520542308
4238,66.49,1,9,-5.2,0.02403,1,0,0,0,1,1,0,4,1,3,4.14108395191446
4239,66.51,49,136,234.9,0.024018,51,0,0,0,0,0,1,6,0,4,1.6537042397881845
4240,66.54,49,158,238.8,0.024006,51,0,0,0,0,0,1,0,0,3,1.6188374675399357
4241,66.56,49,162,237.6,0.023994,51,0,0,0,0,0,1,1,2,1,1.5275098376819474
4242,66.58,49,128,241.1,0.023982,51,0,0,0,0,0,1,1,1,0,1.6887013553421246
4243,66.6,47,120,217.0,0.02397,47,0,0,0,1,1,0,1,1,0,1.4473622747198083
4244,66.63,49,144,238.4,0.023958,51,0,0,0,0,0,1,2,2,1,1.7070151962226658
4245,66.65,49,118,243.0,0.023946,51,0,0,0,0,0,1,0,0,1,1.6662875471877427
4246,66.67,49,139,241.0,0.023934,51,0,0,0,0,0,1,0,0,0,1.7051855792866213
4247,66.69,49,118,242.1,0.023922,51,0,0,0,0,0,1,1,0,0,1.5752953676830417
4248,66.7,31,68,140.2,0.02391,31,0,0,0,1,1,0,3,1,0,2.018807219176124
4249,66.72,49,133,241.6,0.023898,51,0,0,0,0,0,1,0,1,0,1.8954412957819207
4250,66.74,49,154,237.3,0.023886,51,0,0,0,0,0,1,2,0,2,1.7551498092889566
4251,66.76,49,143,239.5,0.023874,51,0,0,0,0,0,1,1,0,1,1.608795218019761
4252,66.78,49,125,240.3,0.023862,51,0,0,0,0,0,1,2,1,1,1.8191195734434562
4253,66.79,11,29,45.0,0.02385,11,0,0,0,1,1,0,2,1,1,2.502443356355565
4254,66.79,6,20,19.9,0.023838,6,0,0,0,1,1,0,3,1,1,2.785420624577315
4255,66.81,49,138,240.9,0.023826,51,0,0,0,0,0,1,0,1,2,1.9489441618548724
4256,66.83,47,125,216.5,0.023814,47,0,0,0,1,1,0,1,2,0,1.90761202347077
4257,66.86,49,146,237.2,0.023802,51,0,0,0,0,0,1,3,1,1,1.8296704109108108
4258,66.88,49,137,241.2,0.02379,51,0,0,0,0,0,1,0,0,0,1.6579506321212139
4259,66.9,49,128,241.1,0.023779,51,0,0,0,0,0,1,1,0,0,1.735338962131723
4260,66.92,49,129,240.8,0.023767,51,0,0,0,0,0,1,1,0,2,1.6058939302570479
4261,66.94,49,127,241.1,0.023755,51,0,0,0,0,0,1,1,0,1,1.6362432146649803
4262,66.96,49,140,240.9,0.023743,51,0,0,0,0,0,1,0,1,0,1.7049502280652935
4263,66.98,49,142,238.6,0.023731,51,0,0,0,0,0,1,2,0,1,1.6435758618905358
4264,67.01,49,131,238.7,0.023719,51,0,0,0,0,0,1,3,1,1,1.767912583353228
4265,67.01,23,48,102.2,0.023707,23,0,0,0,1,1,0,3,1,0,1.8459823734087684
4266,67.04,49,136,241.2,0.023695,51,0,0,0,0,0,1,0,0,1,1.7821386068419292
4267,67.04,15,39,63.1,0.023684,15,0,0,0,1,1,0,3,1,0,1.8859359310352066
4268,67.07,49,169,219.0,0.023672,49,0,0,0,1,1,0,4,2,1,1.5488638272627064
4269,67.09,49,113,242.5,0.02366,51,0,0,0,0,0,1,1,1,1,1.7570557230246107
4270,67.11,49,140,240.8,0.023648,51,0,0,0,0,0,1,0,0,1,1.6694617214528544
4271,67.13,49,137,241.2,0.023636,51,0,0,0,0,0,1,0,0,0,1.8018280659787598
4272,67.15,49,127,240.1,0.023624,51,0,0,0,0,0,1,2,0,1,1.6776415819714436
4273,67.17,49,141,240.8,0.023613,51,0,0,0,0,0,1,0,0,0,1.7110204017045558
4274,67.18,24,57,107.7,0.023601,24,0,0,0,1,1,0,1,1,6,1.9584273030986876
4275,67.2,49,129,241.0,0.023589,51,0,0,0,0,0,1,1,0,0,1.6892050307107362
4276,67.21,10,23,39.7,0.023577,10,0,0,0,1,1,0,3,1,0,2.690587882784619
4277,67.23,48,140,217.9,0.023565,48,0,0,0,1,1,0,3,1,1,1.6665109610534656
4278,67.25,49,147,240.0,0.023554,51,0,0,0,0,0,1,0,0,2,1.5465906572672956
4279,67.27,49,148,240.1,0.023542,51,0,0,0,0,0,1,0,1,0,1.6448155649391856
4280,67.27,0,8,-8.8,0.02353,0,0,0,0,1,1,0,3,1,0,2.9666829387745675
4281,67.3,49,138,240.9,0.023518,51,0,0,0,0,0,1,0,0,2,1.6446351014882923
4282,67.32,49,136,238.2,0.023507,51,0,0,0,0,0,1,3,1,1,1.8455925903293722
4283,67.34,49,122,240.6,0.023495,51,0,0,0,0,0,1,2,0,1,1.6454742340656412
4284,67.35,41,94,187.5,0.023483,41,0,0,0,1,1,0,3,1,1,1.8110731087733893
4285,67.37,49,130,241.8,0.023471,51,0,0,0,0,0,1,0,0,1,1.435974143346406
4286,67.39,49,132,241.7,0.02346,51,0,0,0,0,0,1,0,1,0,1.3933374631910622
4287,67.42,49,156,238.2,0.023448,51,0,0,0,0,0,1,1,0,1,1.6197601744370815
4288,67.44,49,142,240.7,0.023436,51,0,0,0,0,0,1,0,1,0,1.5976000823137158
4289,67.46,49,119,242.0,0.023424,51,0,0,0,0,0,1,1,1,0,1.6700692627548264
4290,67.47,25,59,111.1,0.023413,25,0,0,0,1,1,0,3,1,0,1.6186891476964318
4291,67.48,40,89,183.1,0.023401,40,0,0,0,1,1,0,3,1,0,1.8060303207612285
4292,67.51,49,141,240.8,0.023389,51,0,0,0,0,0,1,0,1,0,1.613495690767445
4293,67.53,49,140,240.8,0.023378,51,0,0,0,0,0,1,0,0,1,1.7131615571283967
4294,67.55,49,138,240.1,0.023366,51,0,0,0,0,0,1,1,0,0,1.756223109352298
4295,67.57,49,142,239.5,0.023354,51,0,0,0,0,0,1,1,0,2,1.6750076320497205
4296,67.59,49,134,241.5,0.023343,51,0,0,0,0,0,1,0,0,0,1.6715741972696365
4297,67.61,45,97,210.3,0.023331,45,0,0,0,1,1,0,0,1,0,1.7849376246142874
4298,67.62,41,93,187.7,0.023319,41,0,0,0,1,1,0,3,1,0,1.9547843186498783
4299,67.64,49,125,241.4,0.023308,51,0,0,0,0,0,1,1,0,0,1.4337877505894718
4300,67.66,49,121,242.8,0.023296,51,0,0,0,0,0,1,0,0,0,1.6158448869265485
4301,67.68,49,133,240.6,0.023284,51,0,0,0,0,0,1,1,1,0,1.6734446274012305
4302,67.7,49,129,241.0,0.023273,51,0,0,0,0,0,1,1,0,0,1.6719626099143219
4303,67.73,50,142,233.7,0.023261,50,0,0,0,0,0,1,2,1,0,1.4188109202338914
4304,67.74,49,120,242.8,0.023249,51,0,0,0,0,0,1,0,0,1,1.546214257941796
4305,67.77,49,134,241.5,0.023238,51,0,0,0,0,0,1,0,0,0,1.5656959521215201
4306,67.79,50,152,234.6,0.023226,50,0,0,0,0,0,1,0,2,1,1.5233870605527893
4307,67.81,49,124,241.5,0.023215,51,0,0,0,0,0,1,1,0,0,1.801573258172663
4308,67.82,33,82,150.8,0.023203,33,0,0,0,1,1,0,1,1,0,1.8145468426246492
4309,67.84,49,140,239.7,0.023191,51,0,0,0,0,0,1,1,0,2,1.6335160087541931
4310,67.86,49,125,242.4,0.02318,51,0,0,0,0,0,1,0,0,0,1.4380388784896205
4311,67.88,49,121,241.8,0.023168,51,0,0,0,0,0,1,1,0,0,1.7851575949234666
4312,67.9,49,125,242.4,0.023157,51,0,0,0,0,0,1,0,0,0,1.5325482083342956
4313,67.93,49,146,240.3,0.023145,51,0,0,0,0,0,1,0,0,0,1.4357812380193011
4314,67.95,49,141,236.8,0.023133,51,0,0,0,0,0,1,4,0,0,1.7489951190969433
4315,67.97,49,127,241.1,0.023122,51,0,0,0,0,0,1,1,0,1,1.7720913538512812
4316,67.99,49,119,242.0,0.02311,51,0,0,0,0,0,1,1,0,0,1.7932013662170656
4317,68.01,49,151,238.7,0.023099,51,0,0,0,0,0,1,1,0,1,1.476817237996509
4318,68.03,49,131,241.7,0.023087,51,0,0,0,0,0,1,0,0,1,1.7991228361249216
4319,68.05,49,136,240.2,0.023076,51,0,0,0,0,0,1,1,0,1,1.7221181378908452
4320,68.07,49,136,239.1,0.023064,51,0,0,0,0,0,1,2,1,2,1.6819885080268657
4321,68.09,49,128,242.1,0.023053,51,0,0,0,0,0,1,0,3,0,1.78067142077896
4322,68.11,49,121,240.8,0.023041,51,0,0,0,0,0,1,2,2,0,1.7872838233274557
4323,68.14,49,148,240.0,0.02303,51,0,0,0,0,0,1,0,0,1,1.807543419186587
4324,68.16,49,159,238.5,0.023018,51,0,0,0,0,0,1,0,0,5,1.6315331760994602
4325,68.18,41,98,190.1,0.023006,41,0,0,0,1,1,0,0,1,1,1.78517882617474
4326,68.2,49,137,241.0,0.022995,51,0,0,0,0,0,1,0,1,2,1.5088622122557163
4327,68.22,49,128,241.1,0.022983,51,0,0,0,0,0,1,1,0,0,1.3741916366218152
4328,68.23,32,65,145.4,0.022972,32,0,0,0,1,1,0,3,1,1,1.6834282863299666
4329,68.25,49,150,239.8,0.022961,51,0,0,0,0,0,1,0,0,1,1.4977795949954573
4330,68.28,49,142,239.7,0.022949,51,0,0,0,0,0,1,1,1,0,1.6333509956345276
4331,68.3,49,120,240.9,0.022938,51,0,0,0,0,0,1,2,0,0,1.6619534601464598
4332,68.32,50,141,235.8,0.022926,50,0,0,0,0,0,1,0,1,0,1.5715811344333814
4333,68.34,49,146,240.2,0.022915,51,0,0,0,0,0,1,0,1,1,1.5054515398528283
4334,68.36,49,142,239.6,0.022903,51,0,0,0,0,0,1,1,1,1,1.4654795839387267
4335,68.39,49,141,238.8,0.022892,51,0,0,0,0,0,1,2,0,0,1.59329592610578
4336,68.39,11,30,43.9,0.02288,11,0,0,0,1,1,0,3,1,1,2.333270311198958
4337,68.41,49,121,241.6,0.022869,51,0,0,0,0,0,1,1,1,2,1.85112761534582
4338,68.43,49,140,240.9,0.022857,51,0,0,0,0,0,1,0,1,0,1.4362746351219198
4339,68.46,49,176,234.1,0.022846,51,0,0,0,0,0,1,3,0,2,1.7922738916832353
4340,68.46,8,20,37.9,0.022835,9,0,0,0,1,1,0,0,1,1,2.5087640763535815
4341,68.48,49,109,242.9,0.022823,51,0,0,0,0,0,1,1,0,1,1.6602059711008457
4342,68.5,49,110,242.9,0.022812,51,0,0,0,0,0,1,1,0,0,1.6936000025526947
4343,68.52,49,154,239.2,0.0228,51,0,0,0,0,0,1,0,0,3,1.6848311802938398
4344,68.54,49,132,241.6,0.022789,51,0,0,0,0,0,1,0,0,1,1.7029856816566327
4345,68.58,49,220,232.7,0.022778,51,0,0,0,0,0,1,0,0,2,1.5373127639982336
4346,68.6,49,153,238.6,0.022766,51,0,0,0,0,0,1,1,2,0,1.6432950462684799
4347,68.63,49,167,236.1,0.022755,51,0,0,0,0,0,1,2,1,1,1.7745351649751437
4348,68.65,50,142,235.6,0.022743,50,0,0,0,0,0,1,0,1,1,1.6171468583975284
4349,68.67,49,131,241.6,0.022732,51,0,0,0,0,0,1,0,1,2,1.7985059513402366
4350,68.69,49,127,241.2,0.022721,51,0,0,0,0,0,1,1,1,0,1.8143416208617515
4351,68.71,49,142,240.5,0.022709,51,0,0,0,0,0,1,0,1,2,1.6368577899555372
4352,68.73,50,119,232.0,0.022698,50,0,0,0,1,1,0,1,1,1,1.6522868178735335
4353,68.75,42,131,187.6,0.022687,42,0,0,0,1,1,0,4,1,3,1.724995476201154
4354,68.77,37,110,164.8,0.022675,37,0,0,0,1,1,0,4,1,2,1.762930078844647
4355,68.79,48,138,217.0,0.022664,48,0,0,0,1,1,0,4,1,2,1.6620878667528294
4356,68.81,49,153,220.6,0.022653,49,0,0,0,1,1,0,4,1,1,1.5784744071188543
4357,68.82,9,40,29.2,0.022641,9,0,0,0,1,1,0,6,1,8,2.08987227053147
4358,68.84,50,132,235.6,0.02263,50,0,0,0,0,0,1,1,1,1,1.6000119570002114
4359,68.86,49,129,239.9,0.022619,51,0,0,0,0,0,1,2,0,1,1.8394725281523843
4360,68.88,49,127,241.2,0.022607,51,0,0,0,0,0,1,1,1,0,1.7208293012921
4361,68.91,49,181,234.4,0.022596,51,0,0,0,0,0,1,2,0,4,1.5756999788032269
4362,68.93,49,118,242.1,0.022585,51,0,0,0,0,0,1,1,0,0,1.9100377783806775
4363,68.95,49,136,241.1,0.022573,51,0,0,0,0,0,1,0,0,2,1.3577648555676234
4364,68.96,32,84,142.6,0.022562,32,0,0,0,1,1,0,4,1,0,1.9195652304452533
4365,68.97,20,56,85.2,0.022551,20,0,0,0,1,1,0,4,2,2,1.7152399784924737
4366,68.99,49,114,242.4,0.02254,51,0,0,0,0,0,1,1,0,1,1.6157368659434121
4367,68.99,2,10,0.9,0.022528,2,0,0,0,1,1,0,3,1,1,3.9681472211176945
4368,69.02,47,143,206.6,0.022517,47,0,0,0,1,1,0,9,1,1,1.6569300590174387
4369,69.04,44,118,196.1,0.022506,44,0,0,0,1,1,0,7,4,1,1.756227424299185
4370,69.06,49,136,236.3,0.022495,51,0,0,0,0,0,1,5,2,0,1.5731837652152514
4371,69.06,12,40,47.8,0.022483,12,0,0,0,1,1,0,3,1,2,1.8416963787875893
4372,69.09,49,133,238.5,0.022472,51,0,0,0,0,0,1,3,1,1,1.7973722119599045
4373,69.09,15,38,60.0,0.022461,15,0,0,0,1,1,0,6,1,2,1.8124124074929258
4374,69.1,2,15,0.2,0.02245,2,0,0,0,1,1,0,3,1,3,2.7776716694991404
4375,69.11,26,70,111.8,0.022438,26,0,0,0,1,1,0,6,1,2,1.7193423222674546
4376,69.12,49,114,242.4,0.022427,51,0,0,0,0,0,1,1,0,1,1.7617831343405301
4377,69.13,18,38,79.2,0.022416,18,0,0,0,1,1,0,2,1,0,2.332449074575279
4378,69.15,49,129,241.9,0.022405,51,0,0,0,0,0,1,0,0,1,1.8703291881815474
4379,69.17,35,87,160.2,0.022393,35,0,0,0,1,1,0,1,1,1,1.707068574740349
4380,69.19,49,129,242.0,0.022382,51,0,0,0,0,0,1,0,0,0,1.55798236531722
4381,69.21,48,119,220.9,0.022371,48,0,0,0,1,1,0,2,1,2,1.855324031423031
4382,69.23,49,140,240.8,0.02236,51,0,0,0,0,0,1,0,1,1,1.6239184030366336
4383,69.24,19,48,82.1,0.022349,19,0,0,0,1,1,0,3,1,1,1.6835688216428057
4384,69.26,49,127,242.1,0.022338,51,0,0,0,0,0,1,0,0,1,1.75676192482798
4385,69.27,14,50,56.7,0.022326,14,0,0,0,1,1,0,3,1,3,2.023958248934912
4386,69.27,13,40,53.9,0.022315,13,0,0,0,1,1,0,2,1,1,2.098982117890941
4387,69.28,5,16,14.3,0.022304,5,0,0,0,1,1,0,4,1,1,3.1524595752693134
4388,69.3,49,136,241.3,0.022293,51,0,0,0,0,0,1,0,0,0,1.8908347694392236
4389,69.32,49,114,243.5,0.022282,51,0,0,0,0,0,1,0,0,0,1.5487930873854736
4390,69.34,49,153,232.7,0.022271,51,0,0,0,0,0,1,6,1,9,1.6426241301286277
4391,69.36,49,125,242.4,0.022259,51,0,0,0,0,0,1,0,0,0,1.8134489930231448
4392,69.38,49,143,240.4,0.022248,51,0,0,0,0,0,1,0,0,2,1.8584595946415945
4393,69.4,49,118,243.1,0.022237,51,0,0,0,0,0,1,0,0,0,1.8186173917524044
4394,69.42,49,125,241.4,0.022226,51,0,0,0,0,0,1,1,1,0,1.7843724027121484
4395,69.44,49,138,239.0,0.022215,51,0,0,0,0,0,1,2,0,1,1.6252782823310927
4396,69.46,49,140,239.9,0.022204,51,0,0,0,0,0,1,1,0,0,1.5873603003245016
4397,69.48,49,113,242.5,0.022193,51,0,0,0,0,0,1,1,0,1,1.7256521753602263
4398,69.5,49,138,239.1,0.022182,51,0,0,0,0,0,1,2,1,0,1.588250266671954
4399,69.53,49,146,239.2,0.022171,51,0,0,0,0,0,1,1,1,1,1.7576592290348696
4400,69.55,49,138,239.1,0.02216,51,0,0,0,0,0,1,2,0,0,1.495718607755049
4401,69.57,49,140,239.9,0.022148,51,0,0,0,0,0,1,1,0,0,1.6369638357828624
4402,69.59,49,147,240.2,0.022137,51,0,0,0,0,0,1,0,0,0,1.665111994984355
4403,69.61,49,128,241.8,0.022126,51,0,0,0,0,0,1,0,0,3,1.79141746382315
4404,69.62,20,48,90.1,0.022115,20,0,0,0,1,1,0,0,1,1,1.5517899158612956
4405,69.64,49,146,239.2,0.022104,51,0,0,0,0,0,1,1,1,1,1.538842685161202
4406,69.66,44,104,198.6,0.022093,44,0,0,0,1,1,0,6,1,0,1.8046895357718662
4407,69.68,49,123,240.6,0.022082,51,0,0,0,0,0,1,2,1,0,1.6385265659851487
4408,69.7,49,123,242.5,0.022071,51,0,0,0,0,0,1,0,0,1,1.7938516872585888
4409,69.72,49,135,241.4,0.02206,51,0,0,0,0,0,1,0,0,0,1.782246533506068
4410,69.74,44,106,201.4,0.022049,44,0,0,0,1,1,0,3,2,0,1.6928878632426512
4411,69.76,49,129,240.9,0.022038,51,0,0,0,0,0,1,1,2,1,1.6715871419189503
4412,69.78,49,166,237.6,0.022027,51,0,0,0,0,0,1,0,0,7,1.6953132471031895
4413,69.8,49,142,236.6,0.022016,51,0,0,0,0,0,1,4,1,1,1.7731247909425063
4414,69.83,49,137,240.1,0.022005,51,0,0,0,0,0,1,1,1,1,1.8066997077604676
4415,69.85,50,144,233.5,0.021994,50,0,0,0,0,0,1,2,1,0,1.5004341842497928
4416,69.87,49,139,239.9,0.021983,51,0,0,0,0,0,1,1,0,1,1.6249483539618825
4417,69.89,49,115,241.2,0.021972,51,0,0,0,0,0,1,2,0,2,1.852287686210319
4418,69.91,49,125,242.3,0.021961,51,0,0,0,0,0,1,0,1,1,1.607953959134676
4419,69.93,49,124,241.5,0.02195,51,0,0,0,0,0,1,1,0,0,1.7569336951273
4420,69.95,49,137,241.2,0.021939,51,0,0,0,0,0,1,0,0,0,1.5770766708169746
4421,69.97,49,124,242.5,0.021928,51,0,0,0,0,0,1,0,1,0,1.7405877948116024
4422,69.99,49,137,241.2,0.021917,51,0,0,0,0,0,1,0,1,0,1.561710256033168
4423,70.02,49,152,238.7,0.021906,51,0,0,0,0,0,1,1,0,0,1.3927645088498377
4424,70.04,49,132,241.7,0.021895,51,0,0,0,0,0,1,0,1,0,1.5528949337263835
4425,70.05,49,119,243.0,0.021884,51,0,0,0,0,0,1,0,0,0,1.8023540708084715
4426,70.08,49,153,236.4,0.021873,51,0,0,0,0,0,1,3,1,2,1.4172107619377239
4427,70.1,49,151,238.6,0.021862,51,0,0,0,0,0,1,1,0,2,1.5399697412507178
4428,70.12,49,134,241.4,0.021851,51,0,0,0,0,0,1,0,0,1,1.4623448888062416
4429,70.15,49,148,240.0,0.02184,51,0,0,0,0,0,1,0,0,1,1.4307795099200422
4430,70.17,49,125,241.3,0.02183,51,0,0,0,0,0,1,1,0,1,1.6603224030696566
4431,70.19,49,137,240.2,0.021819,51,0,0,0,0,0,1,1,0,0,1.7088147098628765
4432,70.21,49,144,239.5,0.021808,51,0,0,0,0,0,1,1,1,0,1.6338230002810312
4433,70.24,49,208,231.9,0.021797,51,0,0,0,0,0,1,2,2,2,1.487261607721469
4434,70.26,49,145,240.3,0.021786,51,0,0,0,0,0,1,0,0,1,1.5414419720395776
4435,70.27,7,17,28.3,0.021775,7,0,0,0,1,1,0,0,1,0,2.6667509713260618
4436,70.29,49,135,241.2,0.021764,51,0,0,0,0,0,1,0,0,2,1.6838203127828038
4437,70.31,49,156,236.3,0.021753,51,0,0,0,0,0,1,3,1,0,1.7335367868246467
4438,70.33,49,137,240.2,0.021742,51,0,0,0,0,0,1,1,1,0,1.6202266498183788
4439,70.35,49,120,242.8,0.021731,51,0,0,0,0,0,1,0,0,1,1.598188521645284
4440,70.37,49,124,241.5,0.021721,51,0,0,0,0,0,1,1,1,0,1.6186942426912647
4441,70.4,49,149,240.0,0.02171,51,0,0,0,0,0,1,0,1,0,1.4739281665754944
4442,70.4,17,39,71.1,0.021699,17,0,0,0,1,1,0,5,2,0,2.205735391171025
4443,70.42,49,134,240.5,0.021688,51,0,0,0,0,0,1,1,0,0,1.4865712780847378
4444,70.44,49,125,241.3,0.021677,51,0,0,0,0,0,1,1,0,1,1.589750850335281
4445,70.46,49,116,242.3,0.021666,51,0,0,0,0,0,1,1,0,0,1.88299084079784
4446,70.49,49,155,238.4,0.021656,51,0,0,0,0,0,1,1,0,0,1.4491130598020618
4447,70.51,49,131,241.8,0.021645,51,0,0,0,0,0,1,0,0,0,1.5739498370291933
4448,70.53,49,139,240.9,0.021634,51,0,0,0,0,0,1,0,1,1,1.6856455136504696
4449,70.55,49,130,241.8,0.021623,51,0,0,0,0,0,1,0,0,1,1.5819234345829845
4450,70.57,49,139,239.9,0.021612,51,0,0,0,0,0,1,1,0,1,1.596637859340884
4451,70.59,49,139,241.0,0.021601,51,0,0,0,0,0,1,0,0,0,1.4907096899291616
4452,70.62,49,162,235.7,0.021591,51,0,0,0,0,0,1,3,2,0,1.570604169947739
4453,70.64,49,153,239.4,0.02158,51,0,0,0,0,0,1,0,2,2,1.5285276329270223
4454,70.66,48,155,214.3,0.021569,48,0,0,0,1,1,0,5,1,2,1.4848706360669317
4455,70.67,4,11,13.9,0.021558,4,0,0,0,1,1,0,0,1,0,2.673308296225261
4456,70.68,19,56,72.5,0.021548,19,0,0,0,1,1,0,11,1,9,1.8024447980868226
4457,70.7,49,141,237.7,0.021537,51,0,0,0,0,0,1,3,2,1,1.7276755793506349
4458,70.72,49,124,241.5,0.021526,51,0,0,0,0,0,1,1,0,0,1.5387388871429764
4459,70.74,49,131,240.8,0.021515,51,0,0,0,0,0,1,1,0,0,1.619451940912088
4460,70.76,49,145,239.4,0.021504,51,0,0,0,0,0,1,1,0,0,1.6589227677969494
4461,70.78,49,126,240.3,0.021494,51,0,0,0,0,0,1,2,0,0,1.5708981291352009
4462,70.8,49,139,239.8,0.021483,51,0,0,0,0,0,1,1,3,2,1.8015701806518503
4463,70.83,49,142,240.7,0.021472,51,0,0,0,0,0,1,0,0,0,1.477894859070374
4464,70.85,49,121,241.8,0.021461,51,0,0,0,0,0,1,1,0,0,1.827198494622509
4465,70.86,30,69,138.1,0.021451,30,0,0,0,1,1,0,0,1,0,1.742165923371799
4466,70.88,49,136,239.3,0.02144,51,0,0,0,0,0,1,2,1,0,1.5064501112713582
4467,70.89,40,99,183.1,0.021429,40,0,0,0,1,1,0,2,1,0,1.4076928620116798
4468,70.91,35,78,159.2,0.021419,35,0,0,0,1,1,0,3,1,0,1.8637679293516298
4469,70.92,25,59,110.0,0.021408,25,0,0,0,1,1,0,4,1,1,1.7937412541497377
4470,70.93,20,48,88.1,0.021397,20,0,0,0,1,1,0,2,1,1,1.7399183098517623
4471,70.94,49,117,242.1,0.021386,51,0,0,0,0,0,1,1,1,1,1.8784190770823759
4472,70.96,48,115,218.5,0.021376,48,0,0,0,1,1,0,5,1,0,1.6834635907859286
4473,70.97,27,59,124.1,0.021365,27,0,0,0,1,1,0,0,1,0,2.082182239081316
4474,70.99,49,132,241.6,0.021354,51,0,0,0,0,0,1,0,0,1,1.8073392091550904
4475,71.01,49,122,241.7,0.021344,51,0,0,0,0,0,1,1,0,0,1.6310917292364329
4476,71.03,49,139,241.0,0.021333,51,0,0,0,0,0,1,0,0,0,1.5015487201527817
4477,71.05,49,128,242.0,0.021322,51,0,0,0,0,0,1,0,0,1,1.820944904423363
4478,71.06,22,41,104.9,0.021312,23,0,0,0,1,1,0,1,1,0,2.0698072698950707
4479,71.08,49,142,238.7,0.021301,51,0,0,0,0,0,1,2,0,0,1.4880459973357592
4480,71.1,49,117,243.2,0.02129,51,0,0,0,0,0,1,0,0,0,1.862040066460864
4481,71.11,19,42,84.8,0.02128,19,0,0,0,1,1,0,1,1,0,1.800170267203695
4482,71.13,49,129,242.0,0.021269,51,0,0,0,0,0,1,0,0,0,1.733110078432987
4483,71.15,49,128,242.1,0.021259,51,0,0,0,0,0,1,0,0,0,1.7702394836248965
4484,71.17,49,120,242.9,0.021248,51,0,0,0,0,0,1,0,1,0,1.7807978606673698
4485,71.17,20,39,91.1,0.021237,20,0,0,0,1,1,0,0,1,0,1.8979537912008198
4486,71.19,49,128,241.1,0.021227,51,0,0,0,0,0,1,1,0,0,1.6486370072348275
4487,71.21,49,143,239.4,0.021216,51,0,0,0,0,0,1,1,1,2,1.7172966589477188
4488,71.24,49,146,240.2,0.021205,51,0,0,0,0,0,1,0,1,1,1.5502420649562854
4489,71.26,49,142,238.6,0.021195,51,0,0,0,0,0,1,2,0,1,1.5668990545051913
4490,71.28,49,128,241.1,0.021184,51,0,0,0,0,0,1,1,1,0,1.6500106409461666
4491,71.3,49,135,241.4,0.021174,51,0,0,0,0,0,1,0,0,0,1.4871797743729953
4492,71.3,3,15,5.5,0.021163,3,0,0,0,1,1,0,3,1,0,2.9643372896486784
4493,71.32,49,144,240.3,0.021152,51,0,0,0,0,0,1,0,1,2,1.5065361575912855
4494,71.33,23,56,102.2,0.021142,23,0,0,0,1,1,0,2,1,2,1.705233052773275
4495,71.35,49,125,238.4,0.021131,51,0,0,0,0,0,1,4,1,0,1.757216081101875
4496,71.37,49,128,242.1,0.021121,51,0,0,0,0,0,1,0,0,0,1.5026171325684057
4497,71.4,49,128,241.1,0.02111,51,0,0,0,0,0,1,1,1,0,1.6199506202396845
4498,71.4,8,29,28.0,0.0211,8,0,0,0,1,1,0,4,1,1,2.335368516217244
4499,71.41,16,38,70.2,0.021089,16,0,0,0,1,1,0,1,1,0,2.0278004169319943
4500,71.43,49,140,239.8,0.021079,51,0,0,0,0,0,1,1,1,1,1.8554144616821424
4501,71.45,49,133,241.6,0.021068,51,0,0,0,0,0,1,0,1,0,1.6003275127597136
4502,71.47,49,144,239.4,0.021057,51,0,0,0,0,0,1,1,1,1,1.6937976877941434
4503,71.5,49,131,239.8,0.021047,51,0,0,0,0,0,1,2,0,0,1.6128850696256822
4504,71.52,49,136,241.2,0.021036,51,0,0,0,0,0,1,0,0,1,1.4671566685740742
4505,71.54,49,123,241.5,0.021026,51,0,0,0,0,0,1,1,2,1,1.715146352332846
4506,71.56,49,131,240.8,0.021015,51,0,0,0,0,0,1,1,0,0,1.4960698806019508
4507,71.58,49,131,241.6,0.021005,51,0,0,0,0,0,1,0,0,2,1.553903955017041
4508,71.6,49,145,240.4,0.020994,51,0,0,0,0,0,1,0,0,0,1.6502921690930556
4509,71.62,38,87,176.3,0.020984,38,0,0,0,1,1,0,0,1,0,1.6330091094034174
4510,71.64,49,137,241.2,0.020973,51,0,0,0,0,0,1,0,0,0,1.5050412284316168
4511,71.67,49,153,237.4,0.020963,51,0,0,0,0,0,1,2,1,2,1.7985770912996162
4512,71.69,49,153,238.5,0.020952,51,0,0,0,0,0,1,1,0,1,1.517531130772227
4513,71.71,49,133,241.4,0.020942,51,0,0,0,0,0,1,0,1,2,1.7491415686296408
4514,71.73,47,115,215.5,0.020931,47,0,0,0,1,1,0,3,1,0,1.6442668266075093
4515,71.75,49,128,242.1,0.020921,51,0,0,0,0,0,1,0,1,0,1.6787351291496015
4516,71.77,49,161,238.8,0.020911,51,0,0,0,0,0,1,0,0,0,1.4657833371102413
4517,71.79,49,138,241.1,0.0209,51,0,0,0,0,0,1,0,1,0,1.5611937740680577
4518,71.82,49,137,238.2,0.02089,51,0,0,0,0,0,1,3,2,0,1.8612815297645355
4519,71.84,49,138,240.1,0.020879,51,0,0,0,0,0,1,1,2,0,1.578293033820011
4520,71.86,49,132,240.7,0.020869,51,0,0,0,0,0,1,1,0,0,1.6969445634714044
4521,71.86,7,20,24.8,0.020858,7,0,0,0,1,1,0,3,1,2,3.154251035041916
4522,71.89,49,143,239.3,0.020848,51,0,0,0,0,0,1,1,0,3,1.7105542538513019
4523,71.9,49,109,242.9,0.020837,51,0,0,0,0,0,1,1,0,1,1.5289845495351582
4524,71.91,5,22,19.5,0.020827,6,0,0,0,1,1,0,3,1,3,1.8746077559218703
4525,71.92,36,85,166.4,0.020817,36,0,0,0,1,1,0,0,2,1,1.6819826233952135
4526,71.95,49,149,240.0,0.020806,51,0,0,0,0,0,1,0,0,0,1.5378617893289488
4527,71.96,15,60,59.8,0.020796,15,0,0,0,1,1,0,4,1,2,1.8774238352370793
4528,71.96,1,11,-5.2,0.020785,1,0,0,0,1,1,0,4,1,1,3.3692909543743554
4529,71.98,49,160,235.9,0.020775,51,0,0,0,0,0,1,3,0,0,1.6199849859696451
4530,71.99,2,12,0.7,0.020765,2,0,0,0,1,1,0,3,1,1,2.9655416154343044
4531,71.99,4,12,9.8,0.020754,4,0,0,0,1,1,0,4,1,0,3.1322593943089707
4532,72.01,30,117,127.2,0.020744,30,0,0,0,1,1,0,6,1,1,1.5897722709690805
4533,72.02,42,99,190.1,0.020733,42,0,0,0,1,1,0,5,1,0,1.9660968754407633
4534,72.03,16,35,71.5,0.020723,16,0,0,0,1,1,0,0,1,0,2.473670969809006
4535,72.05,30,102,131.7,0.020713,30,0,0,0,1,1,0,3,1,1,1.736712828003834
4536,72.05,16,44,67.5,0.020702,16,0,0,0,1,1,0,3,1,1,1.9432118669655127
4537,72.07,31,79,136.9,0.020692,31,0,0,0,1,1,0,5,1,2,1.8503845412070254
4538,72.08,21,58,91.9,0.020682,21,0,0,0,1,1,0,2,1,3,1.8660782162904332
4539,72.1,49,125,242.4,0.020671,51,0,0,0,0,0,1,0,0,0,1.7094789131320935
4540,72.1,6,23,20.4,0.020661,6,0,0,0,1,1,0,2,1,3,2.56081846649299
4541,72.1,2,12,5.7,0.020651,3,0,0,0,1,1,0,3,1,1,2.8023761627117723
4542,72.11,13,31,51.9,0.02064,13,0,0,0,1,1,0,5,1,0,2.1465099948863413
4543,72.13,49,141,240.8,0.02063,51,0,0,0,0,0,1,0,0,0,1.6865573143860908
4544,72.15,49,142,238.5,0.02062,51,0,0,0,0,0,1,2,0,2,1.9709982676518876
4545,72.17,49,124,242.5,0.020609,51,0,0,0,0,0,1,0,1,0,1.8078573782613276
4546,72.19,49,129,242.0,0.020599,51,0,0,0,0,0,1,0,0,0,1.8076306911919915
4547,72.22,49,153,238.4,0.020589,51,0,0,0,0,0,1,1,1,2,1.4785364491059152
4548,72.24,49,140,239.9,0.020579,51,0,0,0,0,0,1,1,0,0,1.6525271661714223
4549,72.26,49,126,242.3,0.020568,51,0,0,0,0,0,1,0,1,0,1.7956014514209797
4550,72.26,7,25,26.2,0.020558,7,0,0,0,1,1,0,1,1,3,2.128064196929351
4551,72.27,12,29,49.1,0.020548,12,0,0,0,1,1,0,3,1,0,1.8813608560513557
4552,72.29,49,172,235.6,0.020537,51,0,0,0,0,0,1,2,1,1,1.5708757353542488
4553,72.32,49,160,238.8,0.020527,51,0,0,0,0,0,1,0,0,1,1.3593978043362862
4554,72.34,49,125,241.4,0.020517,51,0,0,0,0,0,1,1,0,0,1.7789991010004522
4555,72.35,17,47,72.3,0.020507,17,0,0,0,1,1,0,3,1,0,1.692393589166885
4556,72.37,49,137,237.7,0.020496,51,0,0,0,0,0,1,3,1,5,1.707452698361399
4557,72.39,49,152,239.6,0.020486,51,0,0,0,0,0,1,0,2,1,1.8021434543040025
4558,72.4,25,64,109.4,0.020476,25,0,0,0,1,1,0,4,1,2,1.6681158619232073
4559,72.41,18,59,75.0,0.020466,18,0,0,0,1,1,0,4,1,1,2.186339521351616
4560,72.42,9,38,32.1,0.020455,9,0,0,0,1,1,0,4,1,1,2.063676759204644
4561,72.44,47,123,214.4,0.020445,47,0,0,0,1,1,0,3,2,3,1.6727963864274906
4562,72.45,21,62,90.5,0.020435,21,0,0,0,1,1,0,3,1,3,1.7480025094902372
4563,72.46,13,30,54.9,0.020425,13,0,0,0,1,1,0,2,1,1,2.305387986136226
4564,72.47,11,44,38.3,0.020415,11,0,0,0,1,1,0,7,1,3,1.7111453797997875
4565,72.47,15,37,61.8,0.020404,15,0,0,0,1,1,0,4,1,5,1.9038034698963537
4566,72.49,49,131,240.8,0.020394,51,0,0,0,0,0,1,1,0,0,1.7153820651941092
4567,72.5,15,52,60.8,0.020384,15,0,0,0,1,1,0,4,2,0,2.0212051219445337
4568,72.51,12,32,47.7,0.020374,12,0,0,0,1,1,0,4,1,1,2.3414365789704306
4569,72.51,15,32,64.8,0.020364,15,0,0,0,1,1,0,2,1,0,2.4663382108058975
4570,72.53,41,100,184.9,0.020353,41,0,0,0,1,1,0,5,2,1,2.1069938512958735
4571,72.55,49,124,241.5,0.020343,51,0,0,0,0,0,1,1,0,0,1.6444622267004732
4572,72.56,9,55,31.5,0.020333,9,0,0,0,1,1,0,3,1,0,1.9582721177932978
4573,72.58,37,117,164.3,0.020323,37,0,0,0,1,1,0,4,3,0,1.8930196720454293
4574,72.59,26,67,115.9,0.020313,26,0,0,0,1,1,0,2,2,4,1.8285378928557663
4575,72.6,22,72,93.8,0.020303,22,0,0,0,1,1,0,4,1,0,1.9053643852352975
4576,72.62,18,136,55.0,0.020292,18,0,0,0,1,1,0,15,1,14,1.5076305547708992
4577,72.64,24,93,102.6,0.020282,24,0,0,0,1,1,0,3,1,1,1.3462781537743915
4578,72.66,49,138,240.0,0.020272,51,0,0,0,0,0,1,1,1,1,1.7250250930821027
4579,72.68,49,141,235.8,0.020262,51,0,0,0,0,0,1,5,1,0,1.7273728355351479
4580,72.7,49,145,240.2,0.020252,51,0,0,0,0,0,1,0,1,2,1.820319094367292
4581,72.72,49,126,242.2,0.020242,51,0,0,0,0,0,1,0,0,1,1.7130823968669229
4582,72.74,49,135,241.4,0.020232,51,0,0,0,0,0,1,0,0,0,1.6497952088841932
4583,72.77,49,139,241.0,0.020221,51,0,0,0,0,0,1,0,0,0,1.7131183583281104
4584,72.78,49,117,242.2,0.020211,51,0,0,0,0,0,1,1,0,0,1.5301672378875162
4585,72.81,44,139,197.0,0.020201,44,0,0,0,1,1,0,4,1,1,1.5590084494496788
4586,72.82,29,71,129.8,0.020191,29,0,0,0,1,1,0,3,1,1,1.8394287376396394
4587,72.82,9,22,34.7,0.020181,9,0,0,0,1,1,0,3,1,1,2.8346490666918567
4588,72.85,44,147,197.1,0.020171,44,0,0,0,1,1,0,3,1,2,1.7127916837098034
4589,72.86,19,75,77.0,0.020161,19,0,0,0,1,1,0,5,1,5,1.6393914424965634
4590,72.88,44,108,202.0,0.020151,44,0,0,0,1,1,0,2,1,2,1.647610189615328
4591,72.9,50,142,234.5,0.020141,50,0,0,0,0,0,1,1,3,2,1.8824498071084628
4592,72.91,28,70,124.9,0.020131,28,0,0,0,1,1,0,3,1,1,1.5672507872842054
4593,72.93,49,128,242.1,0.020121,51,0,0,0,0,0,1,0,0,0,1.8066387226589704
4594,72.95,49,142,239.7,0.020111,51,0,0,0,0,0,1,1,1,0,1.6437483654346323
4595,72.97,44,107,199.3,0.0201,44,0,0,0,1,1,0,5,1,0,1.8947774896307836
4596,72.99,49,141,240.8,0.02009,51,0,0,0,0,0,1,0,0,0,1.7042344635829751
4597,73.01,49,125,241.4,0.02008,51,0,0,0,0,0,1,1,1,0,1.8258228370972
4598,73.03,49,134,240.5,0.02007,51,0,0,0,0,0,1,1,2,0,1.7550750923272787
4599,73.04,18,47,77.3,0.02006,18,0,0,0,1,1,0,3,1,0,2.2203079123995724
4600,73.06,49,123,241.6,0.02005,51,0,0,0,0,0,1,1,1,0,1.9078555008906768
4601,73.09,49,172,236.7,0.02004,51,0,0,0,0,0,1,1,2,0,1.5215503579321235
4602,73.11,49,131,241.7,0.02003,51,0,0,0,0,0,1,0,0,1,1.6579565400773082
4603,73.12,22,60,95.9,0.02002,22,0,0,0,1,1,0,3,1,1,1.7264610845372939
4604,73.14,48,152,210.8,0.02001,48,0,0,0,1,1,0,8,1,10,1.6300354886396622
4605,73.16,49,137,241.0,0.02,51,0,0,0,0,0,1,0,0,2,1.5953631506476138
4606,73.17,17,43,71.7,0.02,17,0,0,0,1,1,0,4,1,0,2.0509951155273862
4607,73.18,20,45,94.3,0.02,21,0,0,0,1,1,0,1,1,2,2.2317893026264115
4608,73.21,34,189,143.0,0.02,34,0,0,0,1,1,0,3,1,1,1.2828999584172065
4609,73.23,49,122,242.6,0.02,51,0,0,0,0,0,1,0,0,1,1.8363682554323848
4610,73.25,49,153,238.6,0.02,51,0,0,0,0,0,1,1,1,0,1.8586656615890746
4611,73.27,49,147,239.2,0.02,51,0,0,0,0,0,1,1,0,0,1.764418112067107
4612,73.29,49,142,239.7,0.02,51,0,0,0,0,0,1,1,1,0,1.8784022542408756
4613,73.32,49,154,238.4,0.02,51,0,0,0,0,0,1,1,0,1,1.7267589577956066
4614,73.34,49,136,241.3,0.02,51,0,0,0,0,0,1,0,1,0,1.7706178663615733
4615,73.36,49,121,240.7,0.02,51,0,0,0,0,0,1,2,1,1,1.8838186808026074
4616,73.38,49,128,242.1,0.02,51,0,0,0,0,0,1,0,0,0,1.7134971107114012
4617,73.4,49,137,241.2,0.02,51,0,0,0,0,0,1,0,0,0,1.8951444172275997
4618,73.42,49,146,237.3,0.02,51,0,0,0,0,0,1,3,0,0,1.6804545435522187
4619,73.43,21,44,94.6,0.02,21,0,0,0,1,1,0,1,1,0,1.6524754416905765
4620,73.45,49,123,242.6,0.02,51,0,0,0,0,0,1,0,0,0,1.6838728014691395
4621,73.47,49,134,241.5,0.02,51,0,0,0,0,0,1,0,0,0,1.7073730507097757
4622,73.5,49,161,238.7,0.02,51,0,0,0,0,0,1,0,1,1,1.535042848177856
4623,73.52,49,169,238.0,0.02,51,0,0,0,0,0,1,0,0,0,1.7182914160902307
4624,73.54,49,150,237.7,0.02,51,0,0,0,0,0,1,2,0,2,1.754173006581963
4625,73.57,49,140,239.9,0.02,51,0,0,0,0,0,1,1,0,0,1.5424539233904409
4626,73.59,49,154,237.5,0.02,51,0,0,0,0,0,1,2,1,0,1.6936126871335475
4627,73.61,49,126,242.2,0.02,51,0,0,0,0,0,1,0,1,1,1.7670803518038771
4628,73.63,49,126,242.2,0.02,51,0,0,0,0,0,1,0,0,1,1.6610545489608017
4629,73.65,49,138,241.0,0.02,51,0,0,0,0,0,1,0,0,1,1.749177685323772
4630,73.67,49,146,239.3,0.02,51,0,0,0,0,0,1,1,0,0,1.5485064180239714
4631,73.69,49,131,241.8,0.02,51,0,0,0,0,0,1,0,1,0,1.6305983274262077
4632,73.7,5,13,18.7,0.02,5,0,0,0,1,1,0,0,1,0,2.7410257857700246
4633,73.72,49,152,239.6,0.02,51,0,0,0,0,0,1,0,0,1,1.7115738977033794
4634,73.74,49,138,239.9,0.02,51,0,0,0,0,0,1,1,0,2,1.6204069058398114
4635,73.77,49,141,240.8,0.02,51,0,0,0,0,0,1,0,1,0,1.6722327891961375
4636,73.79,49,124,241.5,0.02,51,0,0,0,0,0,1,1,0,0,1.6047959005227583
4637,73.8,49,121,241.7,0.02,51,0,0,0,0,0,1,1,0,1,1.6060847486399683
4638,73.83,49,152,238.7,0.02,51,0,0,0,0,0,1,1,0,0,1.6815090698776864
4639,73.83,11,20,47.9,0.02,11,0,0,0,1,1,0,0,1,1,2.746503926649805
4640,73.85,49,120,242.9,0.02,51,0,0,0,0,0,1,0,0,0,1.8716059271904752
4641,73.87,49,120,241.9,0.02,51,0,0,0,0,0,1,1,1,0,1.4778849701442156
4642,73.89,49,152,238.7,0.02,51,0,0,0,0,0,1,1,0,0,1.7558029692630042
4643,73.91,49,134,241.2,0.02,51,0,0,0,0,0,1,0,1,3,1.7637095861750511
4644,73.93,49,133,240.6,0.02,51,0,0,0,0,0,1,1,0,0,1.6159739397558919
4645,73.96,49,132,238.7,0.02,51,0,0,0,0,0,1,3,1,0,1.6930025259006358
4646,73.96,22,51,96.8,0.02,22,0,0,0,1,1,0,3,1,1,1.7052174361264525
4647,73.97,0,10,-9.3,0.02,0,0,0,0,1,1,0,3,1,3,3.874796397160055
4648,73.99,50,137,230.0,0.02,50,0,0,0,1,1,0,1,1,3,1.5911088582250592
4649,74.0,49,115,243.4,0.02,51,0,0,0,0,0,1,0,0,0,1.6294427847465924
4650,74.02,49,122,242.7,0.02,51,0,0,0,0,0,1,0,0,0,1.8684187273595876
4651,74.04,49,117,243.1,0.02,51,0,0,0,0,0,1,0,0,1,1.913652726638423
4652,74.06,49,141,238.7,0.02,51,0,0,0,0,0,1,2,0,1,1.7399467335908099
4653,74.09,49,141,240.8,0.02,51,0,0,0,0,0,1,0,0,0,1.7247417556811564
4654,74.11,49,141,240.8,0.02,51,0,0,0,0,0,1,0,0,0,1.5633342922080993
4655,74.13,49,136,241.3,0.02,51,0,0,0,0,0,1,0,1,0,1.5160046604504087
4656,74.13,4,16,13.4,0.02,4,0,0,0,1,1,0,0,1,0,3.0979911959496627
4657,74.15,49,127,242.1,0.02,51,0,0,0,0,0,1,0,1,1,1.7183049877314165
4658,74.17,44,109,204.0,0.02,44,0,0,0,1,1,0,0,1,1,1.679594260331081
4659,74.19,50,138,235.8,0.02,50,0,0,0,0,0,1,0,2,3,1.559254764820308
4660,74.22,49,145,238.4,0.02,51,0,0,0,0,0,1,2,0,0,1.5527613503847943
4661,74.24,49,138,240.1,0.02,51,0,0,0,0,0,1,1,0,0,1.6024194190648282
4662,74.26,49,140,239.9,0.02,51,0,0,0,0,0,1,1,0,0,1.6667286313645107
4663,74.28,49,117,241.2,0.02,51,0,0,0,0,0,1,2,0,0,1.830772187249943
4664,74.3,49,126,242.3,0.02,51,0,0,0,0,0,1,0,0,0,1.888765566947937
4665,74.32,49,140,237.8,0.02,51,0,0,0,0,0,1,3,0,1,1.6552626572162699
4666,74.34,49,130,240.8,0.02,51,0,0,0,0,0,1,1,1,1,1.4860018857582824
4667,74.36,49,129,240.9,0.02,51,0,0,0,0,0,1,1,1,1,1.6845043073847055
4668,74.38,49,112,243.7,0.02,51,0,0,0,0,0,1,0,0,0,1.7214160344719536
4669,74.4,49,141,238.7,0.02,51,0,0,0,0,0,1,2,0,1,1.4804764414299048
4670,74.42,49,139,241.0,0.02,51,0,0,0,0,0,1,0,0,0,1.8262838842103228
4671,74.44,49,127,241.2,0.02,51,0,0,0,0,0,1,1,0,0,1.697784027800401
4672,74.46,49,151,238.7,0.02,51,0,0,0,0,0,1,1,0,1,1.3969316608080735
4673,74.49,49,157,238.2,0.02,51,0,0,0,0,0,1,1,1,0,1.709307399525762
4674,74.51,49,146,239.3,0.02,51,0,0,0,0,0,1,1,0,0,1.5747218003717907
4675,74.53,49,119,243.0,0.02,51,0,0,0,0,0,1,0,0,0,1.682854201471769
4676,74.55,49,143,240.3,0.02,51,0,0,0,0,0,1,0,0,3,1.5584315314104527
4677,74.57,49,128,241.1,0.02,51,0,0,0,0,0,1,1,0,0,1.6976732254820917
4678,74.59,49,120,241.7,0.02,51,0,0,0,0,0,1,1,0,2,1.8449055612795453
4679,74.61,49,142,239.7,0.02,51,0,0,0,0,0,1,1,0,0,1.5460188660082148
4680,74.62,15,31,71.8,0.02,16,0,0,0,1,1,0,0,1,1,1.932230302874692
4681,74.64,49,144,239.5,0.02,51,0,0,0,0,0,1,1,0,0,1.717693165946365
4682,74.66,49,142,239.7,0.02,51,0,0,0,0,0,1,1,0,0,1.3870245268435881
4683,74.68,49,123,240.6,0.02,51,0,0,0,0,0,1,2,1,0,1.7083403060721851
4684,74.7,49,130,241.8,0.02,51,0,0,0,0,0,1,0,0,1,1.5051074276384475
4685,74.72,49,137,241.2,0.02,51,0,0,0,0,0,1,0,0,0,1.5030906107514144
4686,74.75,49,157,238.9,0.02,51,0,0,0,0,0,1,0,0,3,1.6933869850725078
4687,74.77,49,134,241.5,0.02,51,0,0,0,0,0,1,0,1,0,1.595483015814856
4688,74.79,49,125,241.3,0.02,51,0,0,0,0,0,1,1,0,1,1.735905453244063
4689,74.81,49,131,241.8,0.02,51,0,0,0,0,0,1,0,0,0,1.7590444141104464
4690,74.83,50,152,234.7,0.02,50,0,0,0,0,0,1,0,2,0,1.5983370412513416
4691,74.85,49,143,240.6,0.02,51,0,0,0,0,0,1,0,0,0,1.6086008675301362
4692,74.88,49,140,240.8,0.02,51,0,0,0,0,0,1,0,0,1,1.4938307131957544
4693,74.89,30,68,138.2,0.02,30,0,0,0,1,1,0,0,1,0,1.512451020931266
4694,74.91,49,135,240.3,0.02,51,0,0,0,0,0,1,1,0,1,1.6871611404316322
4695,74.93,49,142,239.6,0.02,51,0,0,0,0,0,1,1,0,1,1.4786229829148572
4696,74.95,49,125,241.4,0.02,51,0,0,0,0,0,1,1,1,0,1.4660530107431737
4697,74.97,49,113,243.3,0.02,51,0,0,0,0,0,1,0,0,3,1.6746783631559652
4698,74.99,49,136,241.3,0.02,51,0,0,0,0,0,1,0,0,0,1.493840170877427
4699,75.01,49,136,241.3,0.02,51,0,0,0,0,0,1,0,0,0,1.5769704038367185
4700,75.03,49,126,240.2,0.02,51,0,0,0,0,0,1,2,1,1,1.5869239900199477
4701,75.05,49,127,241.2,0.02,51,0,0,0,0,0,1,1,0,0,1.7203524866610131
4702,75.07,49,135,240.4,0.02,51,0,0,0,0,0,1,1,0,0,1.6214522136172633
4703,75.09,49,126,241.3,0.02,51,0,0,0,0,0,1,1,0,0,1.5077340745929566
4704,75.11,40,93,182.7,0.02,40,0,0,0,1,1,0,3,1,0,1.4751994344281414
4705,75.13,49,126,242.2,0.02,51,0,0,0,0,0,1,0,0,1,1.3620898038690117
4706,75.15,49,144,239.5,0.02,51,0,0,0,0,0,1,1,0,0,1.4157376424307446
4707,75.17,49,163,238.6,0.02,51,0,0,0,0,0,1,0,0,0,1.462105344850655
4708,75.19,49,125,241.3,0.02,51,0,0,0,0,0,1,1,0,1,1.7578963036739919
4709,75.21,49,139,224.1,0.02,49,0,0,0,1,1,0,2,1,0,1.7133797384564993
4710,75.24,49,128,241.1,0.02,51,0,0,0,0,0,1,1,0,0,1.5876990557691948
4711,75.26,49,152,238.7,0.02,51,0,0,0,0,0,1,1,1,0,1.5394237112921572
4712,75.28,49,154,239.4,0.02,51,0,0,0,0,0,1,0,0,1,1.490405498758014
4713,75.31,49,141,239.7,0.02,51,0,0,0,0,0,1,1,0,1,1.410369849841285
4714,75.33,49,135,240.4,0.02,51,0,0,0,0,0,1,1,0,0,1.609320061655538
4715,75.35,49,156,239.2,0.02,51,0,0,0,0,0,1,0,0,1,1.4910244049085895
4716,75.37,49,128,242.0,0.02,51,0,0,0,0,0,1,0,0,1,1.6530146366546479
4717,75.39,49,137,241.2,0.02,51,0,0,0,0,0,1,0,0,0,1.6624871064227291
4718,75.41,49,129,241.0,0.02,51,0,0,0,0,0,1,1,0,0,1.607109266743516
4719,75.43,49,131,241.8,0.02,51,0,0,0,0,0,1,0,0,0,1.6592470363150815
4720,75.45,49,121,242.8,0.02,51,0,0,0,0,0,1,0,0,0,1.6133442151388058
4721,75.46,31,70,142.0,0.02,31,0,0,0,1,1,0,1,1,0,1.718438478396576
4722,75.48,49,112,243.5,0.02,51,0,0,0,0,0,1,0,0,2,1.7261346658114012
4723,75.5,49,136,241.3,0.02,51,0,0,0,0,0,1,0,0,0,1.4461758031858787
4724,75.52,49,133,238.0,0.02,51,0,0,0,0,0,1,3,0,6,1.507153074730444
4725,75.54,31,69,143.1,0.02,31,0,0,0,1,1,0,0,1,0,1.7102534831977805
4726,75.56,49,145,240.2,0.02,51,0,0,0,0,0,1,0,0,2,1.6208141986169546
4727,75.58,49,152,239.7,0.02,51,0,0,0,0,0,1,0,3,0,1.6561111337568122
4728,75.6,50,145,234.3,0.02,50,0,0,0,0,0,1,1,1,1,1.4714615081053317
4729,75.63,49,142,239.7,0.02,51,0,0,0,0,0,1,1,0,0,1.4279036355698562
4730,75.65,49,137,240.2,0.02,51,0,0,0,0,0,1,1,2,0,1.7295781711294795
4731,75.67,49,135,241.2,0.02,51,0,0,0,0,0,1,0,0,2,1.7042147515105643
4732,75.69,49,154,238.4,0.02,51,0,0,0,0,0,1,1,0,1,1.542898829554922
4733,75.71,49,150,237.9,0.02,51,0,0,0,0,0,1,2,1,0,1.4210922249697802
4734,75.74,49,131,240.8,0.02,51,0,0,0,0,0,1,1,1,0,1.4796390369244288
4735,75.76,49,133,240.6,0.02,51,0,0,0,0,0,1,1,0,0,1.6884496762717707
4736,75.77,49,122,242.7,0.02,51,0,0,0,0,0,1,0,0,0,1.5757318749168736
4737,75.78,28,47,129.3,0.02,28,0,0,0,1,1,0,1,1,0,2.6628588538659046
4738,75.8,49,125,241.3,0.02,51,0,0,0,0,0,1,1,0,1,1.4606161722335063
4739,75.82,43,95,204.5,0.02,44,0,0,0,1,1,0,1,1,0,1.8054781777043343
4740,75.83,27,58,121.2,0.02,27,0,0,0,1,1,0,3,1,0,1.692727790251809
4741,75.85,49,132,240.6,0.02,51,0,0,0,0,0,1,1,0,1,1.72383219266215
4742,75.87,49,143,240.6,0.02,51,0,0,0,0,0,1,0,0,0,1.5767359220841308
4743,75.89,49,145,240.3,0.02,51,0,0,0,0,0,1,0,1,1,1.585280891766138
4744,75.92,49,134,241.4,0.02,51,0,0,0,0,0,1,0,0,1,1.6095246966670549
4745,75.94,49,157,239.1,0.02,51,0,0,0,0,0,1,0,2,1,1.5581653547355225
4746,75.96,49,149,240.0,0.02,51,0,0,0,0,0,1,0,0,0,1.6075123967434282
4747,75.98,49,130,241.9,0.02,51,0,0,0,0,0,1,0,0,0,1.5303066471991074
4748,76.01,49,136,238.3,0.02,51,0,0,0,0,0,1,3,0,0,1.7725151303549285
4749,76.02,49,120,242.9,0.02,51,0,0,0,0,0,1,0,0,0,1.642590610989522
4750,76.04,49,120,241.8,0.02,51,0,0,0,0,0,1,1,1,1,1.6564698483042564
4751,76.05,7,19,24.9,0.02,7,0,0,0,1,1,0,3,1,2,3.263469204480068
4752,76.07,49,128,241.0,0.02,51,0,0,0,0,0,1,1,1,1,1.7262155293670116
4753,76.07,17,39,74.0,0.02,17,0,0,0,1,1,0,2,1,1,2.3696118258722243
4754,76.08,2,11,1.8,0.02,2,0,0,0,1,1,0,2,1,1,3.106136116010522
4755,76.1,49,130,239.9,0.02,51,0,0,0,0,0,1,2,0,0,1.7083040278371249
4756,76.12,46,113,213.7,0.02,46,0,0,0,1,1,0,0,1,0,1.6050658434948621
4757,76.12,5,18,12.2,0.02,5,0,0,0,1,1,0,6,1,0,2.551739873912646
4758,76.12,9,27,34.1,0.02,9,0,0,0,1,1,0,3,1,2,1.7483148411288643
4759,76.13,0,31,-11.2,0.02,0,0,0,0,1,1,0,3,1,1,2.2293732606837597
4760,76.14,31,85,138.3,0.02,31,0,0,0,1,1,0,3,2,2,1.8569917987801137
4761,76.16,34,100,152.7,0.02,34,0,0,0,1,1,0,2,1,3,1.566717235845507
4762,76.19,49,133,241.6,0.02,51,0,0,0,0,0,1,0,0,0,1.4827479569313753
4763,76.21,49,139,240.0,0.02,51,0,0,0,0,0,1,1,1,0,1.6908634790258874
4764,76.21,16,38,70.0,0.02,16,0,0,0,1,1,0,1,1,2,1.6738344901449154
4765,76.22,18,43,78.7,0.02,18,0,0,0,1,1,0,2,1,0,1.7187303962814096
4766,76.23,14,39,56.9,0.02,14,0,0,0,1,1,0,4,1,2,1.560255063151769
4767,76.25,39,108,177.9,0.02,39,0,0,0,1,1,0,1,1,3,1.7048378551570222
4768,76.26,38,90,172.0,0.02,38,0,0,0,1,1,0,4,1,0,1.4125449500207792
4769,76.29,49,180,228.8,0.02,51,0,0,0,0,0,1,8,0,1,1.7610315431857981
4770,76.31,49,140,240.9,0.02,51,0,0,0,0,0,1,0,2,0,1.7722377017794
4771,76.33,49,133,241.6,0.02,51,0,0,0,0,0,1,0,0,0,1.5659199710389748
4772,76.35,49,133,240.5,0.02,51,0,0,0,0,0,1,1,0,1,1.6931138677024957
4773,76.38,49,141,240.8,0.02,51,0,0,0,0,0,1,0,0,0,1.5666643178273607
4774,76.39,24,101,101.5,0.02,24,0,0,0,1,1,0,3,1,4,1.4907429087661994
4775,76.41,49,138,240.1,0.02,51,0,0,0,0,0,1,1,0,0,1.5551187424166126
4776,76.43,49,121,242.7,0.02,51,0,0,0,0,0,1,0,0,1,1.7517761953496092
4777,76.46,49,140,240.6,0.02,51,0,0,0,0,0,1,0,0,3,1.6405105212765805
4778,76.46,13,33,56.7,0.02,13,0,0,0,1,1,0,0,1,0,1.9559937046190707
4779,76.48,49,127,240.2,0.02,51,0,0,0,0,0,1,2,0,0,1.6833913153102622
4780,76.51,49,131,241.7,0.02,51,0,0,0,0,0,1,0,0,1,1.54547885780458
4781,76.53,49,131,241.6,0.02,51,0,0,0,0,0,1,0,0,2,1.629687379457222
4782,76.55,49,144,240.5,0.02,51,0,0,0,0,0,1,0,0,0,1.7098901771474266
4783,76.57,49,128,242.1,0.02,51,0,0,0,0,0,1,0,0,0,1.4856559174080672
4784,76.59,49,129,240.0,0.02,51,0,0,0,0,0,1,2,1,0,1.7099627079557007
4785,76.6,2,8,7.1,0.02,3,0,0,0,1,1,0,2,1,1,4.163150217154148
4786,76.6,2,9,0.0,0.02,2,0,0,0,1,1,0,4,1,1,4.05739210607672
4787,76.6,1,22,-7.2,0.02,1,0,0,0,1,1,0,5,1,0,2.5632648233625344
4788,76.61,5,18,13.2,0.02,5,0,0,0,1,1,0,5,1,0,2.447489676126904
4789,76.61,18,53,75.7,0.02,18,0,0,0,1,1,0,4,1,0,2.433257337360987
4790,76.62,6,20,20.7,0.02,6,0,0,0,1,1,0,2,1,3,2.1197586656214886
4791,76.64,49,146,237.0,0.02,51,0,0,0,0,0,1,3,1,3,1.6330061195390588
4792,76.66,49,131,240.8,0.02,51,0,0,0,0,0,1,1,1,0,1.6684395065619848
4793,76.68,34,97,152.1,0.02,34,0,0,0,1,1,0,3,2,2,1.6357551715109868
4794,76.71,49,150,238.9,0.02,51,0,0,0,0,0,1,1,1,0,1.8764219467003986
4795,76.73,49,130,241.9,0.02,51,0,0,0,0,0,1,0,0,0,1.6439332898907237
4796,76.73,19,41,88.9,0.02,20,0,0,0,1,1,0,2,1,0,1.764704374675022
4797,76.76,49,137,240.2,0.02,51,0,0,0,0,0,1,1,0,0,1.663144390492307
4798,76.78,49,125,242.4,0.02,51,0,0,0,0,0,1,0,0,0,1.6354088687631756
4799,76.8,49,147,238.2,0.02,51,0,0,0,0,0,1,2,0,0,1.6310547979382115
4800,76.82,49,140,239.9,0.02,51,0,0,0,0,0,1,1,0,0,1.7490620935724572
4801,76.84,49,133,241.5,0.02,51,0,0,0,0,0,1,0,1,1,1.5612650144983555
4802,76.87,49,145,239.3,0.02,51,0,0,0,0,0,1,1,1,1,1.7393681183429242
4803,76.89,49,140,240.7,0.02,51,0,0,0,0,0,1,0,0,2,1.5437020478981764
4804,76.92,49,161,238.6,0.02,51,0,0,0,0,0,1,0,0,2,1.4987019660762988
4805,76.94,49,133,241.6,0.02,51,0,0,0,0,0,1,0,0,0,1.601584425026795
4806,76.96,50,161,227.9,0.02,50,0,0,0,1,1,0,1,1,0,1.426111588804995
4807,76.99,49,139,241.0,0.02,51,0,0,0,0,0,1,0,0,0,1.7020643716975898
4808,76.99,17,36,74.4,0.02,17,0,0,0,1,1,0,2,1,0,2.5857801745129367
4809,77.01,49,118,242.0,0.02,51,0,0,0,0,0,1,1,0,1,1.7114935708971752
4810,77.03,49,139,240.9,0.02,51,0,0,0,0,0,1,0,1,1,1.5653999537540375
4811,77.05,49,127,241.2,0.02,51,0,0,0,0,0,1,1,0,0,1.751416361866945
4812,77.08,49,143,240.6,0.02,51,0,0,0,0,0,1,0,2,0,1.675043798180651
4813,77.1,49,131,241.7,0.02,51,0,0,0,0,0,1,0,0,1,1.5369255460535631
4814,77.12,49,121,241.7,0.02,51,0,0,0,0,0,1,1,0,1,1.4539656421915983
4815,77.13,15,32,64.6,0.02,15,0,0,0,1,1,0,2,1,2,2.4924365256715024
4816,77.15,49,127,241.2,0.02,51,0,0,0,0,0,1,1,0,0,1.6445454200492495
4817,77.17,49,139,239.9,0.02,51,0,0,0,0,0,1,1,0,1,1.7568852685468028
4818,77.19,49,134,241.5,0.02,51,0,0,0,0,0,1,0,0,0,1.554550044704707
4819,77.21,49,127,241.0,0.02,51,0,0,0,0,0,1,1,0,2,1.5358022333994032
4820,77.24,49,154,237.5,0.02,51,0,0,0,0,0,1,2,0,0,1.4444983636986153
4821,77.26,49,134,241.5,0.02,51,0,0,0,0,0,1,0,0,0,1.442818806904583
4822,77.28,43,116,192.4,0.02,43,0,0,0,1,1,0,6,1,0,1.5257020050020436
4823,77.3,49,125,242.4,0.02,51,0,0,0,0,0,1,0,0,0,1.7128265025629068
4824,77.32,49,129,242.0,0.02,51,0,0,0,0,0,1,0,2,0,1.6365747184971482
4825,77.34,49,124,242.5,0.02,51,0,0,0,0,0,1,0,1,0,1.538239029108444
4826,77.36,49,136,241.2,0.02,51,0,0,0,0,0,1,0,0,1,1.6592852912033869
4827,77.38,49,125,240.4,0.02,51,0,0,0,0,0,1,2,0,0,1.6902865190809138
4828,77.4,49,142,240.5,0.02,51,0,0,0,0,0,1,0,1,2,1.5875859552858125
4829,77.42,49,131,239.8,0.02,51,0,0,0,0,0,1,2,0,0,1.639107497360514
4830,77.44,49,129,240.0,0.02,51,0,0,0,0,0,1,2,0,0,1.5863550700044435
4831,77.46,49,140,240.9,0.02,51,0,0,0,0,0,1,0,0,0,1.691793326992626
4832,77.48,49,122,241.6,0.02,51,0,0,0,0,0,1,1,1,1,1.6936677916995195
4833,77.5,49,160,237.7,0.02,51,0,0,0,0,0,1,1,1,2,1.5713613027593252
4834,77.52,49,136,240.3,0.02,51,0,0,0,0,0,1,1,0,0,1.7424201783529252
4835,77.55,49,146,240.2,0.02,51,0,0,0,0,0,1,0,0,1,1.484693262552725
4836,77.57,49,151,239.7,0.02,51,0,0,0,0,0,1,0,1,1,1.5984768237784597
4837,77.59,49,154,239.4,0.02,51,0,0,0,0,0,1,0,0,1,1.5236364181629243
4838,77.6,8,20,31.8,0.02,8,0,0,0,1,1,0,1,1,2,2.674539386811898
4839,77.62,49,130,241.8,0.02,51,0,0,0,0,0,1,0,0,1,1.5335674257192904
4840,77.63,12,38,48.1,0.02,12,0,0,0,1,1,0,3,1,1,2.1077108017465385
4841,77.63,8,17,32.2,0.02,8,0,0,0,1,1,0,1,1,1,2.7781603620740474
4842,77.65,49,151,238.5,0.02,51,0,0,0,0,0,1,1,1,3,1.7239838207454663
4843,77.67,49,124,241.5,0.02,51,0,0,0,0,0,1,1,1,0,1.5318648071748708
4844,77.7,49,147,239.1,0.02,51,0,0,0,0,0,1,1,0,1,1.6107387990234014
4845,77.72,49,155,239.4,0.02,51,0,0,0,0,0,1,0,0,0,1.6799099192865021
4846,77.74,49,157,239.2,0.02,51,0,0,0,0,0,1,0,2,0,1.5869873397168897
4847,77.76,49,129,240.0,0.02,51,0,0,0,0,0,1,2,0,0,1.4526370267416047
4848,77.78,49,106,244.2,0.02,51,0,0,0,0,0,1,0,0,1,1.7809215129749227
4849,77.8,49,136,240.2,0.02,51,0,0,0,0,0,1,1,1,1,1.719773118095661
4850,77.82,49,129,241.0,0.02,51,0,0,0,0,0,1,1,0,0,1.6786109281726007
4851,77.84,49,125,241.3,0.02,51,0,0,0,0,0,1,1,0,1,1.626973198693495
4852,77.87,49,133,240.6,0.02,51,0,0,0,0,0,1,1,0,0,1.6287480583276186
4853,77.89,49,133,239.6,0.02,51,0,0,0,0,0,1,2,1,0,1.8307364878409713
4854,77.91,49,120,242.8,0.02,51,0,0,0,0,0,1,0,0,1,1.6920844748587367
4855,77.93,49,125,242.4,0.02,51,0,0,0,0,0,1,0,0,0,1.5910916304366665
4856,77.93,21,45,95.5,0.02,21,0,0,0,1,1,0,0,1,0,1.721588309692993
4857,77.95,49,121,242.8,0.02,51,0,0,0,0,0,1,0,0,0,1.604424771263622
4858,77.97,41,94,190.6,0.02,41,0,0,0,1,1,0,0,2,0,1.8161585096351027
4859,77.99,49,138,240.0,0.02,51,0,0,0,0,0,1,1,1,1,1.8469525271398721
4860,78.02,49,141,240.8,0.02,51,0,0,0,0,0,1,0,0,0,1.6488072091080361
4861,78.04,45,124,206.5,0.02,45,0,0,0,1,1,0,1,2,1,1.70640172801812
4862,78.06,47,132,214.4,0.02,47,0,0,0,1,1,0,2,1,4,1.6309371680096143
4863,78.08,49,153,238.5,0.02,51,0,0,0,0,0,1,1,0,1,1.6615957682541918
4864,78.1,46,123,211.4,0.02,46,0,0,0,1,1,0,1,1,3,1.5552770601237693
4865,78.11,9,20,34.9,0.02,9,0,0,0,1,1,0,3,1,1,2.663475000308761
4866,78.13,49,131,238.4,0.02,51,0,0,0,0,0,1,3,0,4,1.7878458452575194
4867,78.15,49,139,240.0,0.02,51,0,0,0,0,0,1,1,0,0,1.5985348302082403
4868,78.15,9,23,41.7,0.02,10,0,0,0,1,1,0,1,1,0,2.416578009183752
4869,78.18,49,181,236.8,0.02,51,0,0,0,0,0,1,0,0,0,1.5284275202443778
4870,78.2,49,116,242.1,0.02,51,0,0,0,0,0,1,1,0,2,1.8460416660570003
4871,78.22,49,142,239.7,0.02,51,0,0,0,0,0,1,1,0,0,1.601746908430722
4872,78.24,49,124,242.5,0.02,51,0,0,0,0,0,1,0,0,0,1.8330536816003837
4873,78.26,49,141,240.7,0.02,51,0,0,0,0,0,1,0,1,1,1.6849571844121916
4874,78.28,49,121,242.7,0.02,51,0,0,0,0,0,1,0,1,1,1.499199155983036
4875,78.3,49,131,240.8,0.02,51,0,0,0,0,0,1,1,0,0,1.5281842402286412
4876,78.32,49,151,238.8,0.02,51,0,0,0,0,0,1,1,1,0,1.6896680837403004
4877,78.34,49,132,241.7,0.02,51,0,0,0,0,0,1,0,0,0,1.6586463242232723
4878,78.36,49,122,242.6,0.02,51,0,0,0,0,0,1,0,0,1,1.592207701504374
4879,78.38,49,140,240.7,0.02,51,0,0,0,0,0,1,0,0,2,1.6798665528047665
4880,78.4,39,91,180.9,0.02,39,0,0,0,1,1,0,0,1,0,1.59662543356944
4881,78.42,49,161,238.8,0.02,51,0,0,0,0,0,1,0,0,0,1.6256720864706726
4882,78.44,49,125,241.4,0.02,51,0,0,0,0,0,1,1,0,0,1.6011005149414936
4883,78.46,49,140,239.8,0.02,51,0,0,0,0,0,1,1,1,1,1.596506887793215
4884,78.49,49,157,238.1,0.02,51,0,0,0,0,0,1,1,2,1,1.518299021871236
4885,78.51,49,126,242.2,0.02,51,0,0,0,0,0,1,0,0,1,1.614037815240026
4886,78.53,49,145,240.3,0.02,51,0,0,0,0,0,1,0,1,1,1.4929396551111573
4887,78.55,49,144,239.2,0.02,51,0,0,0,0,0,1,1,1,3,1.611094414570675
4888,78.57,49,137,239.0,0.02,51,0,0,0,0,0,1,2,0,2,1.464897247815242
4889,78.6,49,134,238.5,0.02,51,0,0,0,0,0,1,3,1,0,1.468057721112693
4890,78.62,49,129,240.9,0.02,51,0,0,0,0,0,1,1,0,1,1.5581627480294342
4891,78.64,49,123,242.6,0.02,51,0,0,0,0,0,1,0,0,0,1.7768281432288608
4892,78.66,49,127,241.1,0.02,51,0,0,0,0,0,1,1,0,1,1.6696917393990893
4893,78.68,49,153,239.5,0.02,51,0,0,0,0,0,1,0,1,1,1.7085487487990931
4894,78.7,49,127,242.2,0.02,51,0,0,0,0,0,1,0,0,0,1.6335278225083125
4895,78.71,46,104,213.6,0.02,46,0,0,0,1,1,0,1,1,0,1.6044994667407464
4896,78.73,49,123,240.6,0.02,51,0,0,0,0,0,1,2,0,0,1.6223222008798488
4897,78.76,50,149,234.9,0.02,50,0,0,0,0,0,1,0,1,1,1.6917429651640203
4898,78.77,49,121,241.8,0.02,51,0,0,0,0,0,1,1,1,0,1.5954362007750147
4899,78.78,20,41,87.8,0.02,20,0,0,0,1,1,0,3,1,1,1.8594163890382047
4900,78.8,49,121,242.7,0.02,51,0,0,0,0,0,1,0,0,1,1.4107567952397355
4901,78.82,49,133,241.6,0.02,51,0,0,0,0,0,1,0,0,0,1.6610474316233448
4902,78.84,49,119,242.0,0.02,51,0,0,0,0,0,1,1,0,0,1.612615915656481
4903,78.86,49,117,241.2,0.02,51,0,0,0,0,0,1,2,0,0,1.9801245128075629
4904,78.88,49,137,241.0,0.02,51,0,0,0,0,0,1,0,0,2,1.9135086112301425
4905,78.9,49,134,241.4,0.02,51,0,0,0,0,0,1,0,0,1,1.7345704564455044
4906,78.92,49,137,239.1,0.02,51,0,0,0,0,0,1,2,3,1,1.576389624423982
4907,78.94,49,143,240.5,0.02,51,0,0,0,0,0,1,0,1,1,1.6479409506606433
4908,78.96,49,138,240.1,0.02,51,0,0,0,0,0,1,1,1,0,1.8048611941537145
4909,78.98,49,135,240.4,0.02,51,0,0,0,0,0,1,1,0,0,1.661525919504531
4910,79.0,50,140,230.8,0.02,50,0,0,0,1,1,0,0,1,2,1.660058077928195
4911,79.02,49,117,243.0,0.02,51,0,0,0,0,0,1,0,0,2,1.9224525350645492
4912,79.04,49,132,241.6,0.02,51,0,0,0,0,0,1,0,0,1,1.4538206893653314
4913,79.06,49,143,238.4,0.02,51,0,0,0,0,0,1,2,0,2,1.5374174474909919
4914,79.09,49,147,238.8,0.02,51,0,0,0,0,0,1,1,1,4,1.848964293698087
4915,79.1,43,117,194.3,0.02,43,0,0,0,1,1,0,4,2,0,1.5603861912075834
4916,79.12,49,140,238.8,0.02,51,0,0,0,0,0,1,2,0,1,1.6697753236592638
4917,79.14,49,125,242.4,0.02,51,0,0,0,0,0,1,0,0,0,1.6295617475234527
4918,79.16,37,100,169.0,0.02,37,0,0,0,1,1,0,1,1,0,1.7580245602706193
4919,79.18,49,135,240.3,0.02,51,0,0,0,0,0,1,1,0,1,1.6180774545292531
4920,79.2,49,132,241.7,0.02,51,0,0,0,0,0,1,0,0,0,1.5968895314401745
4921,79.21,29,64,131.5,0.02,29,0,0,0,1,1,0,2,1,1,1.7861696106498066
4922,79.23,49,139,240.9,0.02,51,0,0,0,0,0,1,0,0,1,1.554927298043885
4923,79.25,49,127,242.1,0.02,51,0,0,0,0,0,1,0,1,1,1.5630674968764768
4924,79.27,49,127,240.2,0.02,51,0,0,0,0,0,1,2,0,0,1.8548789053310903
4925,79.29,49,140,240.8,0.02,51,0,0,0,0,0,1,0,0,1,1.6285245987478387
4926,79.32,49,150,237.8,0.02,51,0,0,0,0,0,1,2,0,1,1.8250273905933583
4927,79.33,41,88,191.2,0.02,41,0,0,0,1,1,0,0,2,0,2.0389546268930534
4928,79.35,41,105,186.5,0.02,41,0,0,0,1,1,0,3,2,0,1.450575997140451
4929,79.37,49,149,239.9,0.02,51,0,0,0,0,0,1,0,1,1,1.5675151667828218
4930,79.39,49,136,238.3,0.02,51,0,0,0,0,0,1,3,0,0,1.6195791411687888
4931,79.41,49,139,241.0,0.02,51,0,0,0,0,0,1,0,1,0,1.5999790896554904
4932,79.43,49,128,242.1,0.02,51,0,0,0,0,0,1,0,0,0,1.601101302613046
4933,79.45,49,122,241.7,0.02,51,0,0,0,0,0,1,1,0,0,1.6483572880663722
4934,79.47,49,128,242.1,0.02,51,0,0,0,0,0,1,0,0,0,1.5089457749640358
4935,79.49,49,125,241.3,0.02,51,0,0,0,0,0,1,1,0,1,1.6460625808024167
4936,79.51,40,107,181.3,0.02,40,0,0,0,1,1,0,3,1,0,1.6064002035987137
4937,79.53,49,134,240.4,0.02,51,0,0,0,0,0,1,1,0,1,1.7445939069179017
4938,79.55,49,126,242.2,0.02,51,0,0,0,0,0,1,0,0,1,1.7411253848836394
4939,79.57,49,138,241.0,0.02,51,0,0,0,0,0,1,0,2,1,1.9488170538559018
4940,79.59,49,147,239.2,0.02,51,0,0,0,0,0,1,1,1,0,1.5190226366815502
4941,79.61,49,123,242.6,0.02,51,0,0,0,0,0,1,0,0,0,1.730580268616829
4942,79.63,49,146,240.3,0.02,51,0,0,0,0,0,1,0,0,0,1.6957924933409747
4943,79.65,49,117,243.2,0.02,51,0,0,0,0,0,1,0,0,0,1.6384560522600304
4944,79.67,49,149,239.9,0.02,51,0,0,0,0,0,1,0,0,1,1.6543538654274603
4945,79.69,49,134,241.4,0.02,51,0,0,0,0,0,1,0,0,1,1.597582368953633
4946,79.71,49,141,237.7,0.02,51,0,0,0,0,0,1,3,0,1,1.703794498018911
4947,79.73,49,125,238.4,0.02,51,0,0,0,0,0,1,4,0,0,1.781057416407555
4948,79.75,49,151,238.7,0.02,51,0,0,0,0,0,1,1,0,1,1.4053748776997645
4949,79.78,49,142,240.6,0.02,51,0,0,0,0,0,1,0,0,1,1.6417001248176084
4950,79.78,10,27,42.3,0.02,10,0,0,0,1,1,0,0,1,0,2.7278725690715544
4951,79.79,1,42,-8.1,0.02,1,0,0,0,1,1,0,3,1,9,2.0661264475112735
4952,79.79,11,25,44.5,0.02,11,0,0,0,1,1,0,3,1,0,2.9681871768734043
4953,79.8,29,67,131.2,0.02,29,0,0,0,1,1,0,2,1,1,2.0995059002399317
4954,79.83,49,170,234.7,0.02,51,0,0,0,0,0,1,3,0,2,1.786984100380566
4955,79.85,49,125,224.5,0.02,49,0,0,0,1,1,0,3,1,0,1.6482199265580335
4956,79.86,35,85,161.5,0.02,35,0,0,0,1,1,0,0,1,0,1.604546183427755
4957,79.88,42,117,189.1,0.02,42,0,0,0,1,1,0,4,2,2,1.7062554756984611
4958,79.9,49,141,240.7,0.02,51,0,0,0,0,0,1,0,0,1,1.6434440085291848
4959,79.92,49,128,239.9,0.02,51,0,0,0,0,0,1,2,0,2,1.5770167469079281
4960,79.94,49,129,242.0,0.02,51,0,0,0,0,0,1,0,0,0,1.8036142442771808
4961,79.96,49,121,242.8,0.02,51,0,0,0,0,0,1,0,0,0,1.654922983474998
4962,79.98,49,134,241.4,0.02,51,0,0,0,0,0,1,0,0,1,1.800955715242142
4963,80.0,49,124,241.4,0.02,51,0,0,0,0,0,1,1,0,1,1.7967589018246604
4964,80.02,49,139,241.0,0.02,51,0,0,0,0,0,1,0,1,0,1.734674014449659
4965,80.04,49,136,240.3,0.02,51,0,0,0,0,0,1,1,0,0,1.813030582112985
4966,80.06,50,115,238.4,0.02,50,0,0,0,0,0,1,0,2,0,1.8479154565420068
4967,80.08,49,116,243.3,0.02,51,0,0,0,0,0,1,0,0,0,1.4780790792819363
4968,80.1,49,131,240.8,0.02,51,0,0,0,0,0,1,1,0,0,1.4963174273689113
4969,80.12,49,135,241.4,0.02,51,0,0,0,0,0,1,0,0,0,1.6788345990937514
4970,80.14,49,119,243.0,0.02,51,0,0,0,0,0,1,0,0,0,1.6399111783109106
4971,80.16,49,129,241.0,0.02,51,0,0,0,0,0,1,1,0,0,1.7331823636069055
4972,80.18,49,122,242.6,0.02,51,0,0,0,0,0,1,0,0,1,1.5386066149328028
4973,80.2,49,147,238.2,0.02,51,0,0,0,0,0,1,2,0,0,1.4169869923875902
4974,80.22,49,139,240.7,0.02,51,0,0,0,0,0,1,0,1,3,1.7428311625062076
4975,80.24,50,142,234.6,0.02,50,0,0,0,0,0,1,1,2,1,1.6196844118694238
4976,80.27,49,157,237.9,0.02,51,0,0,0,0,0,1,1,0,3,1.5762228953034618
4977,80.28,35,83,160.7,0.02,35,0,0,0,1,1,0,1,1,0,1.437335458698411
4978,80.3,49,130,240.9,0.02,51,0,0,0,0,0,1,1,0,0,1.7208366567956412
4979,80.32,49,135,241.4,0.02,51,0,0,0,0,0,1,0,0,0,1.6801108990061702
4980,80.34,49,117,241.2,0.02,51,0,0,0,0,0,1,2,1,0,1.8086006131962722
4981,80.34,19,45,85.5,0.02,19,0,0,0,1,1,0,0,1,0,2.07509055151309
4982,80.36,49,121,242.7,0.02,51,0,0,0,0,0,1,0,0,1,1.6098279449177548
4983,80.39,49,141,240.8,0.02,51,0,0,0,0,0,1,0,1,0,1.6273853906447382
4984,80.4,49,123,241.5,0.02,51,0,0,0,0,0,1,1,0,1,1.784120281213052
4985,80.42,49,116,242.3,0.02,51,0,0,0,0,0,1,1,0,0,1.6391142076140288
4986,80.44,49,127,240.2,0.02,51,0,0,0,0,0,1,2,0,0,1.4923005034234658
4987,80.46,49,131,241.8,0.02,51,0,0,0,0,0,1,0,0,0,1.5936213557115557
4988,80.48,49,136,241.3,0.02,51,0,0,0,0,0,1,0,0,0,1.678982683110674
4989,80.51,49,149,240.0,0.02,51,0,0,0,0,0,1,0,0,0,1.6093239389726213
4990,80.53,50,144,230.5,0.02,50,0,0,0,1,1,0,0,3,1,1.6404050015139184
4991,80.55,49,146,237.3,0.02,51,0,0,0,0,0,1,3,0,0,1.3679277718606688
4992,80.57,49,133,240.6,0.02,51,0,0,0,0,0,1,1,1,0,1.5400995962424697
4993,80.59,49,129,242.0,0.02,51,0,0,0,0,0,1,0,0,0,1.5457420199889729
4994,80.61,49,123,242.4,0.02,51,0,0,0,0,0,1,0,0,2,1.6196703640257424
4995,80.63,49,148,238.0,0.02,51,0,0,0,0,0,1,2,0,1,1.4923294837275736
4996,80.65,49,133,241.6,0.02,51,0,0,0,0,0,1,0,1,0,1.5240283332086035
4997,80.67,49,123,242.5,0.02,51,0,0,0,0,0,1,0,0,1,1.7121613931436466
4998,80.69,49,125,239.4,0.02,51,0,0,0,0,0,1,3,1,0,1.765289034087335
4999,80.71,49,126,241.3,0.02,51,0,0,0,0,0,1,1,0,0,1.7059485531691703
5000,80.73,49,156,239.1,0.02,51,0,0,0,0,0,1,0,1,2,1.668091502571108
5001,80.73,4,9,14.1,0.02,4,0,0,0,1,1,0,0,1,0,4.303086234479761
5002,80.74,3,9,6.1,0.02,3,0,0,0,1,1,0,3,1,0,3.751918285507452
5003,80.76,49,125,241.3,0.02,51,0,0,0,0,0,1,1,0,1,1.7667217066040017
5004,80.78,49,143,240.5,0.02,51,0,0,0,0,0,1,0,1,1,1.5589624488922282
5005,80.8,49,133,240.5,0.02,51,0,0,0,0,0,1,1,0,1,1.7609757311148546
5006,80.82,49,152,238.7,0.02,51,0,0,0,0,0,1,1,0,0,1.525528665368677
5007,80.83,11,22,46.8,0.02,11,0,0,0,1,1,0,1,1,0,2.271812535611593
5008,80.85,49,134,240.5,0.02,51,0,0,0,0,0,1,1,0,0,1.630243717292689
5009,80.86,49,121,242.8,0.02,51,0,0,0,0,0,1,0,0,0,1.769073929841374
5010,80.89,49,131,239.6,0.02,51,0,0,0,0,0,1,2,0,2,1.7718837375200014
5011,80.91,49,145,239.3,0.02,51,0,0,0,0,0,1,1,0,1,1.6797132343647108
5012,80.91,2,7,1.3,0.02,2,0,0,0,1,1,0,3,1,0,4.726624101739685
5013,80.93,49,131,241.7,0.02,51,0,0,0,0,0,1,0,0,1,1.542760545916875
5014,80.95,49,125,242.4,0.02,51,0,0,0,0,0,1,0,0,0,1.557880149297878
5015,80.97,49,125,241.4,0.02,51,0,0,0,0,0,1,1,1,0,1.841216904040222
5016,80.99,49,125,240.4,0.02,51,0,0,0,0,0,1,2,0,0,1.6502952157396273
5017,80.99,20,47,86.2,0.02,20,0,0,0,1,1,0,4,1,1,2.0830094258381116
5018,81.01,49,125,241.4,0.02,51,0,0,0,0,0,1,1,0,0,1.65916348319129
5019,81.03,49,125,242.4,0.02,51,0,0,0,0,0,1,0,0,0,1.755456799355234
5020,81.05,48,122,218.8,0.02,48,0,0,0,1,1,0,4,1,0,1.8224068440692518
5021,81.06,18,40,80.9,0.02,18,0,0,0,1,1,0,0,1,1,2.1825555528967047
5022,81.08,49,138,240.0,0.02,51,0,0,0,0,0,1,1,1,1,1.5953000768844472
5023,81.1,49,149,239.0,0.02,51,0,0,0,0,0,1,1,1,0,1.5332141764801532
5024,81.12,49,136,240.2,0.02,51,0,0,0,0,0,1,1,1,1,1.75016998764275
5025,81.14,49,113,243.6,0.02,51,0,0,0,0,0,1,0,0,0,1.6950479544382782
5026,81.16,49,130,240.8,0.02,51,0,0,0,0,0,1,1,1,1,1.9297059929964453
5027,81.16,5,20,18.0,0.02,5,0,0,0,1,1,0,0,1,0,1.9297160626774272
5028,81.18,49,122,242.5,0.02,51,0,0,0,0,0,1,0,0,2,1.738291685486217
5029,81.2,43,106,199.3,0.02,43,0,0,0,1,1,0,0,1,1,1.6811931890939695
5030,81.22,49,144,239.5,0.02,51,0,0,0,0,0,1,1,0,0,1.610624932748564
5031,81.24,49,104,243.5,0.02,51,0,0,0,0,0,1,1,0,0,2.134781821396243
5032,81.26,49,155,238.3,0.02,51,0,0,0,0,0,1,1,0,1,1.7419086358971252
5033,81.28,49,142,238.5,0.02,51,0,0,0,0,0,1,2,1,2,1.6456133593404656
5034,81.3,49,127,242.2,0.02,51,0,0,0,0,0,1,0,0,0,1.8554196323726546
5035,81.31,7,36,22.2,0.02,7,0,0,0,1,1,0,4,1,2,2.091124894576159
5036,81.34,49,180,234.8,0.02,51,0,0,0,0,0,1,2,0,1,1.678450753791884
5037,81.34,8,43,26.6,0.02,8,0,0,0,1,1,0,4,1,1,2.3093467445746234
5038,81.35,16,42,66.8,0.02,16,0,0,0,1,1,0,4,1,0,1.897789319655101
5039,81.35,4,21,7.7,0.02,4,0,0,0,1,1,0,5,1,2,2.7132735657001668
5040,81.38,49,142,240.6,0.02,51,0,0,0,0,0,1,0,1,1,1.4931559202359324
5041,81.4,49,136,240.1,0.02,51,0,0,0,0,0,1,1,1,2,1.6285116858129434
5042,81.41,24,71,104.7,0.02,24,0,0,0,1,1,0,3,1,2,1.5860964139372629
5043,81.43,49,154,232.2,0.02,51,0,0,0,0,0,1,7,1,3,1.8194684280145643
5044,81.45,36,78,163.2,0.02,36,0,0,0,1,1,0,4,1,0,1.9195212620599533
5045,81.46,14,62,49.0,0.02,14,0,0,0,1,1,0,9,1,8,1.6942801680658852
5046,81.47,34,84,153.3,0.02,34,0,0,0,1,1,0,3,2,3,1.8933013489208745
5047,81.49,49,135,241.3,0.02,51,0,0,0,0,0,1,0,0,1,1.6593284317196126
5048,81.5,11,30,43.8,0.02,11,0,0,0,1,1,0,3,1,2,2.108922734599337
5049,81.51,49,114,242.5,0.02,51,0,0,0,0,0,1,1,0,0,1.6730662858437222
5050,81.53,49,139,239.9,0.02,51,0,0,0,0,0,1,1,1,1,1.4973775367211892
5051,81.55,49,123,238.6,0.02,51,0,0,0,0,0,1,4,0,0,1.780633145194591
5052,81.58,49,139,238.9,0.02,51,0,0,0,0,0,1,2,1,1,1.8307446533821454
5053,81.59,21,78,89.2,0.02,21,0,0,0,1,1,0,3,1,0,1.533227210400646
5054,81.61,47,173,208.6,0.02,47,0,0,0,1,1,0,4,1,1,1.443282155130659
5055,81.63,49,121,241.6,0.02,51,0,0,0,0,0,1,1,0,2,1.7985799224959191
5056,81.64,15,35,66.5,0.02,15,0,0,0,1,1,0,0,1,0,2.1126287974056894
5057,81.66,49,138,241.0,0.02,51,0,0,0,0,0,1,0,0,1,1.7647908901761469
5058,81.68,49,126,241.3,0.02,51,0,0,0,0,0,1,1,0,0,1.7388373589092596
5059,81.7,49,155,239.4,0.02,51,0,0,0,0,0,1,0,0,0,1.6078214212969208
5060,81.71,1,22,-5.3,0.02,1,0,0,0,1,1,0,3,1,1,2.4879108605006213
5061,81.71,5,16,16.3,0.02,5,0,0,0,1,1,0,2,1,1,3.1816564783498738
5062,81.72,10,28,42.2,0.02,10,0,0,0,1,1,0,0,1,0,1.9078968208577132
5063,81.74,49,126,241.2,0.02,51,0,0,0,0,0,1,1,0,1,1.7746147973698039
5064,81.75,49,114,242.5,0.02,51,0,0,0,0,0,1,1,0,0,1.8537102285378715
5065,81.77,37,89,171.1,0.02,37,0,0,0,1,1,0,0,1,0,1.7496046187070664
5066,81.79,49,135,240.4,0.02,51,0,0,0,0,0,1,1,1,0,1.797670483506976
5067,81.81,49,133,241.6,0.02,51,0,0,0,0,0,1,0,0,0,1.5597822713590916
5068,81.83,49,125,242.4,0.02,51,0,0,0,0,0,1,0,0,0,1.5417644132064616
5069,81.85,49,124,242.5,0.02,51,0,0,0,0,0,1,0,0,0,1.566023325137751
5070,81.87,44,100,204.9,0.02,44,0,0,0,1,1,0,0,1,1,1.8324257114733937
5071,81.89,49,120,242.9,0.02,51,0,0,0,0,0,1,0,0,0,1.5147439565782104
5072,81.91,49,137,240.1,0.02,51,0,0,0,0,0,1,1,0,1,1.7055598889540153
5073,81.93,49,137,239.2,0.02,51,0,0,0,0,0,1,2,0,0,1.8475859258247886
5074,81.93,2,12,0.8,0.02,2,0,0,0,1,1,0,3,1,0,2.7326535859298953
5075,81.95,49,132,241.7,0.02,51,0,0,0,0,0,1,0,1,0,1.8799338158610095
5076,81.97,49,144,239.3,0.02,51,0,0,0,0,0,1,1,0,2,1.6731278279222324
5077,82.0,49,155,239.4,0.02,51,0,0,0,0,0,1,0,0,0,1.6476986501985857
5078,82.02,49,144,240.4,0.02,51,0,0,0,0,0,1,0,2,1,1.6793069293812755
5079,82.04,37,108,169.2,0.02,37,0,0,0,1,1,0,0,1,0,1.5384316937610298
5080,82.06,49,177,216.8,0.02,49,0,0,0,1,1,0,5,1,5,1.531279302639825
5081,82.09,49,151,238.8,0.02,51,0,0,0,0,0,1,1,1,0,1.660670010320885
5082,82.11,49,144,240.5,0.02,51,0,0,0,0,0,1,0,0,0,1.501243861614555
5083,82.13,45,138,202.7,0.02,45,0,0,0,1,1,0,3,1,5,1.7623375376528556
5084,82.15,39,86,179.4,0.02,39,0,0,0,1,1,0,2,2,0,1.677229978730849
5085,82.16,40,89,183.1,0.02,40,0,0,0,1,1,0,3,1,0,2.047241785142467
5086,82.18,47,116,214.4,0.02,47,0,0,0,1,1,0,4,2,0,1.9410734363488247
5087,82.2,49,135,240.3,0.02,51,0,0,0,0,0,1,1,1,1,1.6684447139326533
5088,82.22,49,138,239.0,0.02,51,0,0,0,0,0,1,2,0,1,1.802339108979754
5089,82.24,42,124,189.4,0.02,42,0,0,0,1,1,0,3,1,2,1.702367048534425
5090,82.26,49,125,241.4,0.02,51,0,0,0,0,0,1,1,1,0,1.9044661441169417
5091,82.29,49,154,238.4,0.02,51,0,0,0,0,0,1,1,1,1,1.5961381209394043
5092,82.31,49,131,239.8,0.02,51,0,0,0,0,0,1,2,0,0,1.6883990835605307
5093,82.33,49,143,240.6,0.02,51,0,0,0,0,0,1,0,0,0,1.5718696178630733
5094,82.34,33,75,152.5,0.02,33,0,0,0,1,1,0,0,1,0,1.6202989391879214
5095,82.35,18,40,86.0,0.02,19,0,0,0,1,1,0,0,1,0,2.204112325197587
5096,82.37,49,128,242.0,0.02,51,0,0,0,0,0,1,0,1,1,1.69430483715574
5097,82.39,49,124,241.3,0.02,51,0,0,0,0,0,1,1,0,2,1.7619990133432388
5098,82.42,48,247,210.3,0.02,48,0,0,0,1,1,0,0,1,0,1.228467342948318
5099,82.44,49,140,240.6,0.02,51,0,0,0,0,0,1,0,1,3,1.516884177162035
5100,82.45,3,25,3.3,0.02,3,0,0,0,1,1,0,4,1,2,2.785843191862891
5101,82.47,49,140,239.9,0.02,51,0,0,0,0,0,1,1,0,0,1.7650735428588242
5102,82.5,49,208,232.3,0.02,51,0,0,0,0,0,1,1,1,8,1.5011280903617128
5103,82.52,49,129,240.9,0.02,51,0,0,0,0,0,1,1,0,1,1.8411359667132174
5104,82.54,49,128,241.9,0.02,51,0,0,0,0,0,1,0,1,2,1.6113268788570987
5105,82.56,49,145,240.1,0.02,51,0,0,0,0,0,1,0,0,3,1.724197186696448
5106,82.59,49,133,240.5,0.02,51,0,0,0,0,0,1,1,0,1,1.5574173267851497
5107,82.6,49,111,242.7,0.02,51,0,0,0,0,0,1,1,0,1,1.804459301584244
5108,82.62,49,132,240.6,0.02,51,0,0,0,0,0,1,1,1,1,1.846743725698418
5109,82.65,49,155,239.0,0.02,51,0,0,0,0,0,1,0,0,4,1.7298591370958452
5110,82.67,49,140,240.8,0.02,51,0,0,0,0,0,1,0,1,1,1.7525712004653868
5111,82.69,49,155,238.1,0.02,51,0,0,0,0,0,1,1,0,3,1.9419867817175265
5112,82.71,49,135,241.4,0.02,51,0,0,0,0,0,1,0,0,0,1.630540294713744
5113,82.74,49,152,238.6,0.02,51,0,0,0,0,0,1,1,0,1,1.646616940527139
5114,82.76,49,140,240.9,0.02,51,0,0,0,0,0,1,0,1,0,1.5724462480325627
5115,82.78,49,152,239.6,0.02,51,0,0,0,0,0,1,0,0,1,1.568916730832769
5116,82.79,3,30,2.8,0.02,3,0,0,0,1,1,0,4,1,2,2.46429825137206
5117,82.79,3,10,5.9,0.02,3,0,0,0,1,1,0,3,1,1,3.7247484290528234
5118,82.79,5,14,14.6,0.02,5,0,0,0,1,1,0,4,1,0,2.7650204846360706
5119,82.81,49,133,236.5,0.02,51,0,0,0,0,0,1,5,0,1,1.7083767128256242
5120,82.84,49,137,241.2,0.02,51,0,0,0,0,0,1,0,0,0,1.7249522082772837
5121,82.86,49,137,241.2,0.02,51,0,0,0,0,0,1,0,0,0,1.4994737704646375
5122,82.88,49,141,239.8,0.02,51,0,0,0,0,0,1,1,0,0,1.6790121008483412
5123,82.9,49,125,241.4,0.02,51,0,0,0,0,0,1,1,0,0,1.7188497095879107
5124,82.92,49,129,240.0,0.02,51,0,0,0,0,0,1,2,0,0,1.9029760122129094
5125,82.94,49,133,241.6,0.02,51,0,0,0,0,0,1,0,0,0,1.5184744728779325
5126,82.96,49,145,240.3,0.02,51,0,0,0,0,0,1,0,0,1,1.3513753419882892
5127,82.97,21,43,98.7,0.02,22,0,0,0,1,1,0,2,1,0,2.028511290968939
5128,82.99,49,119,243.0,0.02,51,0,0,0,0,0,1,0,0,0,1.71021611210417
5129,83.01,49,119,242.9,0.02,51,0,0,0,0,0,1,0,0,1,1.789729120646362
5130,83.03,49,119,243.0,0.02,51,0,0,0,0,0,1,0,0,0,1.8488881449525778
5131,83.05,49,134,241.5,0.02,51,0,0,0,0,0,1,0,0,0,1.5187034366318353
5132,83.07,49,137,239.2,0.02,51,0,0,0,0,0,1,2,0,0,1.6161234701105276
5133,83.09,49,139,239.0,0.02,51,0,0,0,0,0,1,2,0,0,1.7365227627468947
5134,83.11,48,139,219.8,0.02,48,0,0,0,1,1,0,1,2,3,1.5427292464091709
5135,83.13,49,140,240.9,0.02,51,0,0,0,0,0,1,0,1,0,1.663099597714594
5136,83.15,49,129,242.0,0.02,51,0,0,0,0,0,1,0,0,0,1.5597349383548513
5137,83.17,49,125,240.4,0.02,51,0,0,0,0,0,1,2,1,0,1.6036861408712373
5138,83.2,49,151,237.6,0.02,51,0,0,0,0,0,1,2,0,2,1.5569735828059352
5139,83.22,49,126,242.3,0.02,51,0,0,0,0,0,1,0,0,0,1.5054774592848434
5140,83.22,4,13,13.7,0.02,4,0,0,0,1,1,0,0,1,0,2.727038752890817
5141,83.24,49,140,238.4,0.02,51,0,0,0,0,0,1,2,1,5,1.4363970923092246
5142,83.25,2,10,-0.2,0.02,2,0,0,0,1,1,0,4,1,2,4.376841452261213
5143,83.26,24,61,103.8,0.02,24,0,0,0,1,1,0,5,3,1,1.92620733832709
5144,83.27,19,58,80.1,0.02,19,0,0,0,1,1,0,4,1,1,1.8060700738874
5145,83.27,8,21,31.6,0.02,8,0,0,0,1,1,0,1,1,3,2.1070578637913813
5146,83.27,4,12,13.7,0.02,4,0,0,0,1,1,0,0,1,1,2.5988014447267314
5147,83.28,11,26,42.4,0.02,11,0,0,0,1,1,0,5,1,0,2.0981374298064126
5148,83.28,9,36,33.2,0.02,9,0,0,0,1,1,0,3,2,2,2.008678606463576
5149,83.31,49,140,239.8,0.02,51,0,0,0,0,0,1,1,1,1,1.6902906701172542
5150,83.33,49,155,239.4,0.02,51,0,0,0,0,0,1,0,0,0,1.5032539956328963
5151,83.35,49,159,238.0,0.02,51,0,0,0,0,0,1,1,0,0,1.499340937196811
5152,83.37,49,140,238.7,0.02,51,0,0,0,0,0,1,2,0,2,1.5846987385363849
5153,83.4,49,138,240.0,0.02,51,0,0,0,0,0,1,1,1,1,1.598406620781042
5154,83.42,49,132,241.6,0.02,51,0,0,0,0,0,1,0,0,1,1.5067684851179852
5155,83.44,49,128,242.0,0.02,51,0,0,0,0,0,1,0,0,1,1.5976653592447436
5156,83.45,49,114,242.5,0.02,51,0,0,0,0,0,1,1,0,0,1.900207380465255
5157,83.48,49,149,240.0,0.02,51,0,0,0,0,0,1,0,2,0,1.6907186421891558
5158,83.5,49,150,239.8,0.02,51,0,0,0,0,0,1,0,0,1,1.657705002209056
5159,83.52,49,157,239.2,0.02,51,0,0,0,0,0,1,0,0,0,1.417249667788398
5160,83.54,49,123,242.6,0.02,51,0,0,0,0,0,1,0,0,0,1.7069514435800812
5161,83.56,46,117,213.3,0.02,46,0,0,0,1,1,0,0,1,0,1.7717107094755609
5162,83.58,49,121,242.8,0.02,51,0,0,0,0,0,1,0,0,0,1.7049929934354997
5163,83.6,49,135,241.2,0.02,51,0,0,0,0,0,1,0,0,2,1.5907305819421704
5164,83.62,49,139,241.0,0.02,51,0,0,0,0,0,1,0,0,0,1.751929551192339
5165,83.64,49,125,242.4,0.02,51,0,0,0,0,0,1,0,0,0,1.6228401258158969
5166,83.66,49,121,242.8,0.02,51,0,0,0,0,0,1,0,1,0,1.589060717667228
5167,83.68,37,104,168.5,0.02,37,0,0,0,1,1,0,1,1,1,1.46435737795665
5168,83.7,49,141,239.7,0.02,51,0,0,0,0,0,1,1,0,1,1.7003788726917928
5169,83.72,49,132,240.7,0.02,51,0,0,0,0,0,1,1,1,0,1.6546256881415138
5170,83.75,49,154,239.4,0.02,51,0,0,0,0,0,1,0,0,1,1.5195936671725296
5171,83.77,49,127,241.1,0.02,51,0,0,0,0,0,1,1,0,1,1.7374021232020134
5172,83.79,49,127,241.2,0.02,51,0,0,0,0,0,1,1,0,0,1.5824480944732717
5173,83.81,49,127,240.2,0.02,51,0,0,0,0,0,1,2,0,0,1.796372647230625
5174,83.83,49,145,240.3,0.02,51,0,0,0,0,0,1,0,0,1,1.5309008946424005
5175,83.85,49,143,238.6,0.02,51,0,0,0,0,0,1,2,1,0,1.584453419324175
5176,83.87,49,145,239.3,0.02,51,0,0,0,0,0,1,1,0,1,1.5519299599937395
5177,83.9,49,139,239.9,0.02,51,0,0,0,0,0,1,1,0,1,1.687944413656918
5178,83.92,49,132,241.6,0.02,51,0,0,0,0,0,1,0,1,1,1.621662237488691
5179,83.94,49,159,237.0,0.02,51,0,0,0,0,0,1,2,0,0,1.512870619111746
5180,83.96,49,143,240.6,0.02,51,0,0,0,0,0,1,0,0,0,1.599414698747648
5181,83.98,49,128,241.1,0.02,51,0,0,0,0,0,1,1,0,0,1.7279419183476281
5182,84.0,49,145,239.2,0.02,51,0,0,0,0,0,1,1,0,2,1.7439432520293177
5183,84.03,49,127,242.2,0.02,51,0,0,0,0,0,1,0,1,0,1.6848265955120532
5184,84.04,49,123,242.6,0.02,51,0,0,0,0,0,1,0,0,0,1.5967909561690734
5185,84.07,49,133,241.6,0.02,51,0,0,0,0,0,1,0,0,0,1.6905661476608214
5186,84.09,49,145,240.4,0.02,51,0,0,0,0,0,1,0,0,0,1.5507331801997526
5187,84.11,49,141,238.2,0.02,51,0,0,0,0,0,1,2,0,6,1.6025728769103822
5188,84.13,49,118,243.1,0.02,51,0,0,0,0,0,1,0,0,0,1.7548491341596937
5189,84.15,49,122,241.7,0.02,51,0,0,0,0,0,1,1,0,0,1.7808485884247778
5190,84.17,49,136,240.2,0.02,51,0,0,0,0,0,1,1,1,1,1.5813116511096337
5191,84.19,49,133,241.6,0.02,51,0,0,0,0,0,1,0,0,0,1.724897887431387
5192,84.21,49,124,242.5,0.02,51,0,0,0,0,0,1,0,0,0,1.7429456506494347
5193,84.22,49,115,242.4,0.02,51,0,0,0,0,0,1,1,0,0,1.6489179217609573
5194,84.24,33,73,149.7,0.02,33,0,0,0,1,1,0,3,1,0,1.7693594402487436
5195,84.26,49,134,241.5,0.02,51,0,0,0,0,0,1,0,0,0,1.8070464290402322
5196,84.28,49,125,242.2,0.02,51,0,0,0,0,0,1,0,0,2,1.6850053818233466
5197,84.3,49,133,240.6,0.02,51,0,0,0,0,0,1,1,1,0,1.6743390720796363
5198,84.32,49,152,239.6,0.02,51,0,0,0,0,0,1,0,0,1,1.5773003000899768
5199,84.34,49,143,239.5,0.02,51,0,0,0,0,0,1,1,1,1,1.7760500084209836
5200,84.36,49,139,240.9,0.02,51,0,0,0,0,0,1,0,0,1,1.773313843210199
5201,84.38,49,121,242.7,0.02,51,0,0,0,0,0,1,0,0,1,1.705320738719187
5202,84.4,49,129,242.0,0.02,51,0,0,0,0,0,1,0,0,0,1.690300837983085
5203,84.43,49,142,238.7,0.02,51,0,0,0,0,0,1,2,1,0,1.7427128021690967
5204,84.45,49,135,241.2,0.02,51,0,0,0,0,0,1,0,0,2,1.5568126693809552
5205,84.47,49,134,241.4,0.02,51,0,0,0,0,0,1,0,0,1,1.6866298095931207
5206,84.49,49,144,239.4,0.02,51,0,0,0,0,0,1,1,0,1,1.6688112127898687
5207,84.51,47,96,219.4,0.02,47,0,0,0,1,1,0,1,1,0,1.8022914841409738
5208,84.53,49,143,240.5,0.02,51,0,0,0,0,0,1,0,1,1,1.3723594294012815
5209,84.55,49,134,240.5,0.02,51,0,0,0,0,0,1,1,2,0,1.4447908454437348
5210,84.57,49,118,243.0,0.02,51,0,0,0,0,0,1,0,0,1,1.7293757058413832
5211,84.59,49,131,241.8,0.02,51,0,0,0,0,0,1,0,0,0,1.5068065989402744
5212,84.61,49,134,241.5,0.02,51,0,0,0,0,0,1,0,0,0,1.7188477240175897
5213,84.63,49,113,243.5,0.02,51,0,0,0,0,0,1,0,0,1,1.552387196241459
5214,84.63,7,12,27.8,0.02,7,0,0,0,1,1,0,1,1,0,3.0698117419257955
5215,84.64,29,59,132.0,0.02,29,0,0,0,1,1,0,2,1,1,1.8868142112204411
5216,84.64,4,13,10.6,0.02,4,0,0,0,1,1,0,3,1,1,2.928220596824023
5217,84.66,49,116,242.3,0.02,51,0,0,0,0,0,1,1,0,0,1.6604260657640348
5218,84.68,49,127,242.1,0.02,51,0,0,0,0,0,1,0,0,1,1.5459917916452617
5219,84.7,49,130,241.8,0.02,51,0,0,0,0,0,1,0,1,1,1.6665965338585396
5220,84.71,14,32,58.6,0.02,14,0,0,0,1,1,0,3,1,2,2.509675283976979
5221,84.73,49,144,239.3,0.02,51,0,0,0,0,0,1,1,2,2,1.5098765223691244
5222,84.75,42,106,192.1,0.02,42,0,0,0,1,1,0,2,1,3,1.6891494392246007
5223,84.77,49,144,239.4,0.02,51,0,0,0,0,0,1,1,1,1,1.6872880846346363
5224,84.79,36,135,158.4,0.02,36,0,0,0,1,1,0,3,1,1,1.7150081131622188
5225,84.81,49,125,242.4,0.02,51,0,0,0,0,0,1,0,0,0,1.7809928194228049
5226,84.83,49,131,240.8,0.02,51,0,0,0,0,0,1,1,0,0,1.6277622206676507
5227,84.85,47,123,213.7,0.02,47,0,0,0,1,1,0,4,1,0,1.697200456209979
5228,84.87,49,129,242.0,0.02,51,0,0,0,0,0,1,0,0,0,1.7327305650706324
5229,84.89,45,122,203.7,0.02,45,0,0,0,1,1,0,4,1,1,1.6865388490994635
5230,84.9,35,88,158.0,0.02,35,0,0,0,1,1,0,3,2,2,1.6008775759767089
5231,84.91,21,54,91.6,0.02,21,0,0,0,1,1,0,3,1,0,1.671840101436732
5232,84.92,12,32,46.8,0.02,12,0,0,0,1,1,0,5,1,0,2.4956573179462858
5233,84.94,49,140,240.8,0.02,51,0,0,0,0,0,1,0,0,1,1.5040722622147318
5234,84.95,22,62,95.7,0.02,22,0,0,0,1,1,0,3,1,1,1.6620244160612538
5235,84.97,49,116,243.3,0.02,51,0,0,0,0,0,1,0,0,0,1.830624294405024
5236,84.99,49,118,241.1,0.02,51,0,0,0,0,0,1,2,1,0,1.7930004569679567
5237,85.01,49,144,238.5,0.02,51,0,0,0,0,0,1,2,0,0,1.5584507638132736
5238,85.03,49,126,242.3,0.02,51,0,0,0,0,0,1,0,0,0,1.635298894674067
5239,85.05,49,150,239.9,0.02,51,0,0,0,0,0,1,0,0,0,1.4255251919706373
5240,85.07,49,138,239.9,0.02,51,0,0,0,0,0,1,1,1,2,1.6196750582099229
5241,85.1,49,136,241.3,0.02,51,0,0,0,0,0,1,0,0,0,1.7454047280103635
5242,85.12,46,128,208.2,0.02,46,0,0,0,1,1,0,4,1,0,1.6589457000491354
5243,85.14,49,143,239.5,0.02,51,0,0,0,0,0,1,1,0,1,1.6675742174077302
5244,85.14,7,18,25.1,0.02,7,0,0,0,1,1,0,3,1,1,2.391438271110518
5245,85.16,49,115,241.3,0.02,51,0,0,0,0,0,1,2,0,1,1.773146565940367
5246,85.18,49,160,237.9,0.02,51,0,0,0,0,0,1,1,0,0,1.6179589199422326
5247,85.21,49,134,239.5,0.02,51,0,0,0,0,0,1,2,1,0,1.7275025263546133
5248,85.23,50,143,228.6,0.02,50,0,0,0,1,1,0,2,1,1,1.5966020145078765
5249,85.25,49,123,242.6,0.02,51,0,0,0,0,0,1,0,1,0,1.379230931740862
5250,85.27,49,135,241.3,0.02,51,0,0,0,0,0,1,0,0,1,1.5991980910053192
5251,85.29,49,143,240.6,0.02,51,0,0,0,0,0,1,0,1,0,1.6030749343356077
5252,85.31,49,124,242.5,0.02,51,0,0,0,0,0,1,0,0,0,1.5465279857892054
5253,85.34,49,147,239.1,0.02,51,0,0,0,0,0,1,1,3,1,1.53602155172972
5254,85.34,4,9,9.1,0.02,4,0,0,0,1,1,0,5,1,0,4.522180458458078
5255,85.35,14,46,57.2,0.02,14,0,0,0,1,1,0,3,1,2,1.8269168281595114
5256,85.35,16,48,66.1,0.02,16,0,0,0,1,1,0,4,1,1,1.915148007693075
5257,85.36,11,32,42.7,0.02,11,0,0,0,1,1,0,4,1,1,2.001036266237887
5258,85.36,1,8,-4.0,0.02,1,0,0,0,1,1,0,3,1,2,4.432830324900769
5259,85.38,36,128,157.5,0.02,36,0,0,0,1,1,0,4,2,7,1.5929836835837727
5260,85.4,26,79,115.0,0.02,26,0,0,0,1,1,0,2,1,1,1.8322228423780644
5261,85.41,30,79,133.9,0.02,30,0,0,0,1,1,0,3,1,2,1.8274235062461206
5262,85.43,49,144,237.5,0.02,51,0,0,0,0,0,1,3,2,0,1.6283298717496621
5263,85.45,49,132,240.7,0.02,51,0,0,0,0,0,1,1,0,0,1.6209889992610766
5264,85.45,4,10,11.9,0.02,4,0,0,0,1,1,0,2,1,1,3.65525529418749
5265,85.47,49,130,240.9,0.02,51,0,0,0,0,0,1,1,1,0,1.8261431374626462
5266,85.5,49,138,240.1,0.02,51,0,0,0,0,0,1,1,0,0,1.6425905410863197
5267,85.53,49,208,218.1,0.02,51,0,0,0,0,0,1,15,1,10,1.697551466622245
5268,85.55,49,124,241.5,0.02,51,0,0,0,0,0,1,1,0,0,1.653426840795464
5269,85.57,49,131,241.7,0.02,51,0,0,0,0,0,1,0,1,1,1.6036587700775677
5270,85.59,49,122,225.8,0.02,49,0,0,0,1,1,0,2,1,0,1.7496820949131118
5271,85.61,49,119,241.9,0.02,51,0,0,0,0,0,1,1,0,1,1.6179433423818343
5272,85.62,25,55,114.5,0.02,25,0,0,0,1,1,0,0,1,0,1.799181167041095
5273,85.63,28,71,126.8,0.02,28,0,0,0,1,1,0,1,1,1,1.782204155903993
5274,85.65,49,157,239.2,0.02,51,0,0,0,0,0,1,0,0,0,1.5929704253783228
5275,85.67,43,96,196.3,0.02,43,0,0,0,1,1,0,4,2,1,1.7503353114589164
5276,85.69,49,138,240.1,0.02,51,0,0,0,0,0,1,1,0,0,1.7475891791579279
5277,85.71,49,107,244.2,0.02,51,0,0,0,0,0,1,0,0,0,1.6441410531037155
5278,85.73,49,121,242.7,0.02,51,0,0,0,0,0,1,0,1,1,1.8050754031764096
5279,85.75,49,135,240.3,0.02,51,0,0,0,0,0,1,1,0,1,1.8583233337775347
5280,85.77,49,145,239.4,0.02,51,0,0,0,0,0,1,1,0,0,1.7906132486946476
5281,85.79,49,137,240.0,0.02,51,0,0,0,0,0,1,1,1,2,1.7216205199603023
5282,85.81,49,138,239.9,0.02,51,0,0,0,0,0,1,1,0,2,1.6223791405995311
5283,85.83,49,136,240.3,0.02,51,0,0,0,0,0,1,1,0,0,1.3748808261925842
5284,85.85,49,121,242.7,0.02,51,0,0,0,0,0,1,0,1,1,1.4778515608574798
5285,85.87,49,119,243.0,0.02,51,0,0,0,0,0,1,0,0,0,1.7083588745277514
5286,85.9,49,170,235.6,0.02,51,0,0,0,0,0,1,2,1,3,1.7440482062814144
5287,85.92,49,134,241.5,0.02,51,0,0,0,0,0,1,0,1,0,1.6345235820175807
5288,85.94,49,140,240.9,0.02,51,0,0,0,0,0,1,0,0,0,1.5208774542312233
5289,85.96,49,148,239.1,0.02,51,0,0,0,0,0,1,1,0,0,1.5674325296785934
5290,85.99,49,144,238.4,0.02,51,0,0,0,0,0,1,2,0,1,1.5636892987684534
5291,86.01,49,126,242.1,0.02,51,0,0,0,0,0,1,0,0,2,1.6412106155023516
5292,86.03,49,125,242.4,0.02,51,0,0,0,0,0,1,0,0,0,1.6015344378171663
5293,86.05,49,129,242.0,0.02,51,0,0,0,0,0,1,0,0,0,1.6484333604892178
5294,86.07,49,136,241.3,0.02,51,0,0,0,0,0,1,0,0,0,1.8459778076666193
5295,86.09,49,137,239.2,0.02,51,0,0,0,0,0,1,2,1,0,1.523933012395676
5296,86.11,49,123,242.6,0.02,51,0,0,0,0,0,1,0,0,0,1.5997951484250752
5297,86.14,49,150,238.9,0.02,51,0,0,0,0,0,1,1,0,0,1.6131934019864687
5298,86.15,49,127,242.2,0.02,51,0,0,0,0,0,1,0,0,0,1.7458130549106605
5299,86.18,49,146,239.2,0.02,51,0,0,0,0,0,1,1,1,1,1.7173795089397135
5300,86.2,49,121,241.7,0.02,51,0,0,0,0,0,1,1,0,1,1.5211465987985
5301,86.22,49,125,242.4,0.02,51,0,0,0,0,0,1,0,0,0,1.4992765606630267
5302,86.24,49,151,239.7,0.02,51,0,0,0,0,0,1,0,0,1,1.4780941892025994
5303,86.27,49,155,239.4,0.02,51,0,0,0,0,0,1,0,0,0,1.551803790829407
5304,86.29,49,143,240.4,0.02,51,0,0,0,0,0,1,0,0,2,1.7638130893206156
5305,86.31,49,139,240.0,0.02,51,0,0,0,0,0,1,1,1,0,1.4055099983908341
5306,86.33,49,137,241.2,0.02,51,0,0,0,0,0,1,0,0,0,1.4804610353128678
5307,86.35,49,129,241.7,0.02,51,0,0,0,0,0,1,0,1,3,1.480560551832644
5308,86.36,22,53,99.7,0.02,22,0,0,0,1,1,0,0,1,0,1.4810379961608138
5309,86.38,49,129,240.0,0.02,51,0,0,0,0,0,1,2,0,0,1.5642758236840688
5310,86.4,49,140,240.8,0.02,51,0,0,0,0,0,1,0,2,1,1.6477108751581824
5311,86.43,49,148,240.0,0.02,51,0,0,0,0,0,1,0,0,1,1.4179059247566341
5312,86.45,49,133,240.6,0.02,51,0,0,0,0,0,1,1,0,0,1.5034563620932797
5313,86.47,49,132,239.6,0.02,51,0,0,0,0,0,1,2,0,1,1.855141933137286
5314,86.49,49,123,241.5,0.02,51,0,0,0,0,0,1,1,1,1,1.5528242770909304
5315,86.51,49,126,242.2,0.02,51,0,0,0,0,0,1,0,2,1,1.53497679102791
5316,86.53,49,143,240.5,0.02,51,0,0,0,0,0,1,0,0,1,1.5470371845872408
5317,86.55,49,147,240.1,0.02,51,0,0,0,0,0,1,0,0,1,1.4797592903761836
5318,86.58,49,143,240.5,0.02,51,0,0,0,0,0,1,0,0,1,1.4567616389100226
5319,86.58,1,9,-2.3,0.02,1,0,0,0,1,1,0,1,1,4,3.4786923612438616
5320,86.58,3,12,4.8,0.02,3,0,0,0,1,1,0,4,1,0,2.8824375768988033
5321,86.59,15,28,66.2,0.02,15,0,0,0,1,1,0,1,1,0,2.316825302437248
5322,86.61,49,134,240.5,0.02,51,0,0,0,0,0,1,1,0,0,1.618228593275654
5323,86.63,49,136,241.2,0.02,51,0,0,0,0,0,1,0,0,1,1.6907300190778167
5324,86.65,49,141,237.8,0.02,51,0,0,0,0,0,1,3,1,0,1.7297640868545572
5325,86.67,49,140,240.7,0.02,51,0,0,0,0,0,1,0,0,2,1.7370111252160978
5326,86.69,49,135,240.4,0.02,51,0,0,0,0,0,1,1,0,0,1.4897289210842168
5327,86.71,49,118,243.0,0.02,51,0,0,0,0,0,1,0,0,1,1.6304203430638713
5328,86.73,49,141,240.8,0.02,51,0,0,0,0,0,1,0,0,0,1.4935751204652545
5329,86.74,20,43,90.7,0.02,20,0,0,0,1,1,0,0,1,0,2.117451317964748
5330,86.76,49,144,240.4,0.02,51,0,0,0,0,0,1,0,0,1,1.7967565670280836
5331,86.79,49,139,239.8,0.02,51,0,0,0,0,0,1,1,0,2,1.6654654006123761
5332,86.81,49,127,242.1,0.02,51,0,0,0,0,0,1,0,0,1,1.530048809024637
5333,86.83,49,118,242.1,0.02,51,0,0,0,0,0,1,1,0,0,1.3800454299929843
5334,86.85,49,141,240.7,0.02,51,0,0,0,0,0,1,0,0,1,1.4023830607476608
5335,86.87,49,128,242.1,0.02,51,0,0,0,0,0,1,0,1,0,1.5748178275577358
5336,86.88,49,117,242.2,0.02,51,0,0,0,0,0,1,1,1,0,1.6576800010963328
5337,86.91,49,135,239.4,0.02,51,0,0,0,0,0,1,2,0,0,1.6146444187802733
5338,86.93,49,154,239.4,0.02,51,0,0,0,0,0,1,0,2,1,1.5712034600619602
5339,86.95,49,145,239.4,0.02,51,0,0,0,0,0,1,1,1,0,1.3545567581893259
5340,86.97,49,130,240.9,0.02,51,0,0,0,0,0,1,1,1,0,1.4848492535678335
5341,86.99,49,116,243.1,0.02,51,0,0,0,0,0,1,0,0,2,1.5855652213301168
5342,87.01,49,132,241.7,0.02,51,0,0,0,0,0,1,0,0,0,1.5088500082157783
5343,87.03,49,108,244.0,0.02,51,0,0,0,0,0,1,0,0,1,1.7219435811278965
5344,87.05,49,141,239.8,0.02,51,0,0,0,0,0,1,1,2,0,1.5339911016988335
5345,87.07,49,134,240.5,0.02,51,0,0,0,0,0,1,1,0,0,1.4177496441754442
5346,87.09,49,135,241.4,0.02,51,0,0,0,0,0,1,0,0,0,1.5203808175674394
5347,87.11,49,150,239.8,0.02,51,0,0,0,0,0,1,0,1,1,1.5232583946562848
5348,87.13,49,130,240.8,0.02,51,0,0,0,0,0,1,1,1,1,1.6137076587381753
5349,87.15,49,128,242.1,0.02,51,0,0,0,0,0,1,0,1,0,1.4067140032731618
5350,87.17,49,130,241.8,0.02,51,0,0,0,0,0,1,0,0,1,1.6058323543941033
5351,87.19,49,131,239.7,0.02,51,0,0,0,0,0,1,2,1,1,1.7626053872844771
5352,87.21,49,136,240.3,0.02,51,0,0,0,0,0,1,1,1,0,1.6895938291607282
5353,87.23,49,122,240.6,0.02,51,0,0,0,0,0,1,2,0,1,1.6730569068847194
5354,87.26,49,154,239.4,0.02,51,0,0,0,0,0,1,0,0,1,1.5987181841765594
5355,87.28,49,141,239.6,0.02,51,0,0,0,0,0,1,1,1,2,1.614292464997808
5356,87.3,49,126,224.4,0.02,49,0,0,0,1,1,0,3,2,0,1.5541096960920948
5357,87.32,49,134,241.5,0.02,51,0,0,0,0,0,1,0,0,0,1.6790015438768775
5358,87.34,50,121,236.8,0.02,50,0,0,0,0,0,1,1,1,0,1.6340871361225093
5359,87.36,49,128,242.1,0.02,51,0,0,0,0,0,1,0,1,0,1.4481341093769942
5360,87.36,11,29,45.9,0.02,11,0,0,0,1,1,0,1,2,2,1.949759246561111
5361,87.38,49,117,243.0,0.02,51,0,0,0,0,0,1,0,0,2,1.4699621497196327
5362,87.4,49,157,239.2,0.02,51,0,0,0,0,0,1,0,1,0,1.704225070968052
5363,87.42,48,130,221.9,0.02,48,0,0,0,1,1,0,0,1,1,1.6808139531995918
5364,87.44,49,134,240.5,0.02,51,0,0,0,0,0,1,1,0,0,1.507644209860641
5365,87.47,49,140,239.9,0.02,51,0,0,0,0,0,1,1,2,0,1.6699983086984063
5366,87.49,49,131,240.7,0.02,51,0,0,0,0,0,1,1,0,1,1.6535794063598575
5367,87.51,49,126,242.3,0.02,51,0,0,0,0,0,1,0,1,0,1.9271418301317174
5368,87.53,49,147,238.1,0.02,51,0,0,0,0,0,1,2,1,1,1.6044066962639425
5369,87.55,50,144,227.4,0.02,50,0,0,0,1,1,0,3,2,2,1.68436640205573
5370,87.57,49,152,238.4,0.02,51,0,0,0,0,0,1,1,1,3,1.6899852087252158
5371,87.59,49,136,240.3,0.02,51,0,0,0,0,0,1,1,0,0,1.68576153310184
5372,87.61,49,122,241.5,0.02,51,0,0,0,0,0,1,1,0,2,2.0238324512758608
5373,87.62,18,41,78.8,0.02,18,0,0,0,1,1,0,2,1,1,2.2874340949373058
5374,87.64,49,143,239.6,0.02,51,0,0,0,0,0,1,1,0,0,1.5843934093100343
5375,87.66,49,148,239.1,0.02,51,0,0,0,0,0,1,1,0,0,1.3926058444721279
5376,87.69,49,172,217.2,0.02,49,0,0,0,1,1,0,5,1,6,1.7879022163641674
5377,87.71,49,161,235.5,0.02,51,0,0,0,0,0,1,3,2,3,1.6641717749638594
5378,87.73,49,126,242.0,0.02,51,0,0,0,0,0,1,0,0,3,1.989401966665751
5379,87.75,49,133,240.6,0.02,51,0,0,0,0,0,1,1,0,0,1.8643520189752214
5380,87.77,49,136,240.2,0.02,51,0,0,0,0,0,1,1,1,1,1.6918217757578777
5381,87.8,49,145,238.4,0.02,51,0,0,0,0,0,1,2,0,0,1.39452167211707
5382,87.81,49,123,241.5,0.02,51,0,0,0,0,0,1,1,1,1,1.7766533064924055
5383,87.84,49,139,240.0,0.02,51,0,0,0,0,0,1,1,1,0,1.7559286044443394
5384,87.86,49,128,242.1,0.02,51,0,0,0,0,0,1,0,1,0,1.6470487446713182
5385,87.88,49,140,239.6,0.02,51,0,0,0,0,0,1,1,0,3,1.7133304176959157
5386,87.9,49,144,238.4,0.02,51,0,0,0,0,0,1,2,1,1,1.6267011272161631
5387,87.9,2,15,-2.8,0.02,2,0,0,0,1,1,0,6,1,3,3.3658808189456075
5388,87.9,5,12,18.8,0.02,5,0,0,0,1,1,0,0,1,0,3.5085361037377516
5389,87.91,10,25,39.2,0.02,10,0,0,0,1,1,0,3,1,3,2.357310249282105
5390,87.93,49,147,239.0,0.02,51,0,0,0,0,0,1,1,2,2,1.4815434697136787
5391,87.95,49,138,241.0,0.02,51,0,0,0,0,0,1,0,1,1,1.7057486623839822
5392,87.96,24,56,105.4,0.02,24,0,0,0,1,1,0,4,1,0,1.5954969812229436
5393,87.98,49,125,241.3,0.02,51,0,0,0,0,0,1,1,0,1,1.7942998184264918
5394,88.0,49,162,238.5,0.02,51,0,0,0,0,0,1,0,0,2,1.5088071215958654
5395,88.02,49,125,241.3,0.02,51,0,0,0,0,0,1,1,0,1,1.5202750505249525
5396,88.03,24,45,107.5,0.02,24,0,0,0,1,1,0,3,1,0,2.385016230935915
5397,88.05,49,131,239.7,0.02,51,0,0,0,0,0,1,2,1,1,1.696767264374541
5398,88.07,49,134,241.5,0.02,51,0,0,0,0,0,1,0,0,0,1.7489806249810647
5399,88.09,49,124,240.5,0.02,51,0,0,0,0,0,1,2,1,0,1.5875450036944583
5400,88.11,34,85,156.5,0.02,34,0,0,0,1,1,0,0,1,0,1.6605816531696933
5401,88.13,49,144,240.5,0.02,51,0,0,0,0,0,1,0,1,0,1.5703192095022143
5402,88.15,49,137,241.2,0.02,51,0,0,0,0,0,1,0,0,0,1.5913080273464664
5403,88.17,49,138,239.1,0.02,51,0,0,0,0,0,1,2,0,0,1.6012512713990716
5404,88.19,49,136,240.3,0.02,51,0,0,0,0,0,1,1,0,0,1.6236784449471373
5405,88.21,49,134,240.3,0.02,51,0,0,0,0,0,1,1,2,2,1.7598881112664124
5406,88.24,49,143,240.6,0.02,51,0,0,0,0,0,1,0,0,0,1.5165777701890761
5407,88.26,49,129,240.0,0.02,51,0,0,0,0,0,1,2,0,0,1.6091140168576346
5408,88.27,43,105,196.5,0.02,43,0,0,0,1,1,0,3,1,0,1.5954556529954007
5409,88.3,49,154,238.4,0.02,51,0,0,0,0,0,1,1,0,1,1.502755755620065
5410,88.32,49,132,240.7,0.02,51,0,0,0,0,0,1,1,3,0,1.6927969546919963
5411,88.34,49,137,240.1,0.02,51,0,0,0,0,0,1,1,0,1,1.7139297218551535
5412,88.36,49,139,240.9,0.02,51,0,0,0,0,0,1,0,0,1,1.4927573697039302
5413,88.38,49,134,241.5,0.02,51,0,0,0,0,0,1,0,0,0,1.560483102949735
5414,88.4,49,149,238.9,0.02,51,0,0,0,0,0,1,1,2,1,1.8606469433879709
5415,88.4,11,18,44.2,0.02,11,0,0,0,1,1,0,4,1,0,3.1521808266269478
5416,88.42,49,126,242.3,0.02,51,0,0,0,0,0,1,0,0,0,1.9716545383670014
5417,88.44,49,129,242.0,0.02,51,0,0,0,0,0,1,0,0,0,1.6696978756270238
5418,88.47,49,141,239.8,0.02,51,0,0,0,0,0,1,1,1,0,1.6761401804087541
5419,88.49,49,116,242.2,0.02,51,0,0,0,0,0,1,1,0,1,1.8522349249792327
5420,88.51,49,141,240.7,0.02,51,0,0,0,0,0,1,0,2,1,1.6674944579656243
5421,88.53,49,131,241.8,0.02,51,0,0,0,0,0,1,0,1,0,1.5910996695366195
5422,88.55,49,139,241.0,0.02,51,0,0,0,0,0,1,0,0,0,1.4113888582128185
5423,88.57,49,140,239.8,0.02,51,0,0,0,0,0,1,1,0,1,1.5190500374657978
5424,88.57,2,7,4.3,0.02,2,0,0,0,1,1,0,0,1,0,3.9009906244161177
5425,88.59,49,136,241.3,0.02,51,0,0,0,0,0,1,0,0,0,1.684269654701969
5426,88.62,49,131,241.6,0.02,51,0,0,0,0,0,1,0,1,2,1.5330966713238896
5427,88.64,49,137,238.2,0.02,51,0,0,0,0,0,1,3,1,0,1.5659304694914882
5428,88.67,49,126,242.3,0.02,51,0,0,0,0,0,1,0,0,0,1.5449931280184424
5429,88.7,49,131,240.8,0.02,51,0,0,0,0,0,1,1,1,0,1.5963203409983575
5430,88.72,49,139,239.0,0.02,51,0,0,0,0,0,1,2,0,0,1.6030442773865434
5431,88.74,49,104,244.5,0.02,51,0,0,0,0,0,1,0,0,0,1.694743722718838
5432,88.76,49,151,238.8,0.02,51,0,0,0,0,0,1,1,1,0,1.516835158031423
5433,88.79,49,140,240.8,0.02,51,0,0,0,0,0,1,0,0,1,1.4556486165633165
5434,88.81,49,159,235.9,0.02,51,0,0,0,0,0,1,3,0,1,1.663577509525204
5435,88.83,49,150,239.9,0.02,51,0,0,0,0,0,1,0,0,0,1.616499354367728
5436,88.85,41,113,186.6,0.02,41,0,0,0,1,1,0,2,1,1,1.7064426252030709
5437,88.88,49,149,238.9,0.02,51,0,0,0,0,0,1,1,0,1,1.4971927107148724
5438,88.9,49,132,241.6,0.02,51,0,0,0,0,0,1,0,0,1,1.7080616793174952
5439,88.92,49,148,240.0,0.02,51,0,0,0,0,0,1,0,0,1,1.6252759708785351
5440,88.94,50,145,229.5,0.02,50,0,0,0,1,1,0,1,1,0,1.4360155516020243
5441,88.96,49,137,240.1,0.02,51,0,0,0,0,0,1,1,0,1,1.5439477260497239
5442,88.98,49,133,241.6,0.02,51,0,0,0,0,0,1,0,0,0,1.704274544947035
5443,89.01,49,144,238.4,0.02,51,0,0,0,0,0,1,2,1,1,1.577303749509677
5444,89.02,49,115,242.4,0.02,51,0,0,0,0,0,1,1,1,0,1.6068192859492612
5445,89.04,49,131,241.8,0.02,51,0,0,0,0,0,1,0,1,0,1.6168463471327454
5446,89.06,49,132,239.6,0.02,51,0,0,0,0,0,1,2,0,1,1.5790494952607708
5447,89.08,49,125,242.4,0.02,51,0,0,0,0,0,1,0,0,0,1.5201571061586812
5448,89.11,49,142,240.7,0.02,51,0,0,0,0,0,1,0,1,0,1.6168124411982288
5449,89.12,49,117,243.2,0.02,51,0,0,0,0,0,1,0,0,0,1.6465729234731032
5450,89.14,49,125,241.3,0.02,51,0,0,0,0,0,1,1,0,1,1.6068133052064721
5451,89.17,49,145,240.3,0.02,51,0,0,0,0,0,1,0,1,1,1.5408614226116502
5452,89.19,49,131,240.7,0.02,51,0,0,0,0,0,1,1,0,1,1.8218865350155393
5453,89.2,49,116,242.2,0.02,51,0,0,0,0,0,1,1,1,1,1.8872301440835808
5454,89.22,49,138,238.1,0.02,51,0,0,0,0,0,1,3,0,0,1.5334136520538217
5455,89.24,49,129,242.0,0.02,51,0,0,0,0,0,1,0,0,0,1.498746559894901
5456,89.25,5,17,17.3,0.02,5,0,0,0,1,1,0,1,1,0,2.559237869733424
5457,89.27,49,133,241.6,0.02,51,0,0,0,0,0,1,0,0,0,1.4309921121292095
5458,89.29,49,137,241.2,0.02,51,0,0,0,0,0,1,0,0,0,1.589691679206136
5459,89.32,49,172,235.5,0.02,51,0,0,0,0,0,1,2,0,2,1.7230258459248884
5460,89.33,49,107,243.1,0.02,51,0,0,0,0,0,1,1,0,1,1.7015232926079888
5461,89.35,49,138,241.0,0.02,51,0,0,0,0,0,1,0,1,1,1.7328725627584383
5462,89.37,49,133,241.6,0.02,51,0,0,0,0,0,1,0,0,0,1.7114533326896886
5463,89.39,49,122,242.6,0.02,51,0,0,0,0,0,1,0,0,1,1.6700586024637907
5464,89.41,49,143,240.5,0.02,51,0,0,0,0,0,1,0,0,1,1.4974908718213102
5465,89.44,49,131,241.7,0.02,51,0,0,0,0,0,1,0,1,1,1.4970652863638785
5466,89.46,49,130,240.9,0.02,51,0,0,0,0,0,1,1,0,0,1.6993553131002108
5467,89.48,49,143,239.5,0.02,51,0,0,0,0,0,1,1,0,1,1.5856435925726753
5468,89.5,49,134,241.5,0.02,51,0,0,0,0,0,1,0,0,0,1.434728581971948
5469,89.52,49,136,239.3,0.02,51,0,0,0,0,0,1,2,1,0,1.3846177457254083
5470,89.52,3,10,6.7,0.02,3,0,0,0,1,1,0,2,1,3,3.8944446356594895
5471,89.53,15,42,62.8,0.02,15,0,0,0,1,1,0,3,2,0,2.2655289099621347
5472,89.55,49,128,241.1,0.02,51,0,0,0,0,0,1,1,0,0,1.5914906623139249
5473,89.57,49,114,242.5,0.02,51,0,0,0,0,0,1,1,0,0,1.6314788276804186
5474,89.59,49,128,240.1,0.02,51,0,0,0,0,0,1,2,0,0,1.5942620577043112
5475,89.6,23,46,108.4,0.02,24,0,0,0,1,1,0,2,1,0,2.3216929216927626
5476,89.62,49,126,242.2,0.02,51,0,0,0,0,0,1,0,0,1,1.6861081534905606
5477,89.64,49,134,240.5,0.02,51,0,0,0,0,0,1,1,0,0,1.6758884915095615
5478,89.66,49,108,243.1,0.02,51,0,0,0,0,0,1,1,0,0,1.779335270241171
5479,89.68,49,136,241.3,0.02,51,0,0,0,0,0,1,0,0,0,1.4528850536697224
5480,89.7,49,157,239.1,0.02,51,0,0,0,0,0,1,0,0,1,1.4954234114751443
5481,89.72,49,149,237.9,0.02,51,0,0,0,0,0,1,2,1,1,1.5065433632598528
5482,89.74,36,76,166.4,0.02,36,0,0,0,1,1,0,1,1,0,1.6496586255228936
5483,89.76,49,129,240.8,0.02,51,0,0,0,0,0,1,1,0,2,1.657771510058466
5484,89.78,49,135,241.4,0.02,51,0,0,0,0,0,1,0,0,0,1.4563786918344026
5485,89.79,14,36,57.4,0.02,14,0,0,0,1,1,0,4,1,0,1.9273450518901885
5486,89.79,10,21,42.9,0.02,10,0,0,0,1,1,0,0,1,0,2.4007945949783953
5487,89.81,49,135,239.4,0.02,51,0,0,0,0,0,1,2,1,0,1.6677024440181831
5488,89.83,49,134,240.5,0.02,51,0,0,0,0,0,1,1,0,0,1.6068098183633857
5489,89.84,8,19,33.1,0.02,8,0,0,0,1,1,0,0,1,0,2.7140872077580065
5490,89.85,49,119,242.9,0.02,51,0,0,0,0,0,1,0,0,1,1.6248674172468003
5491,89.88,49,136,239.3,0.02,51,0,0,0,0,0,1,2,0,0,1.6232190396764183
5492,89.9,49,137,241.2,0.02,51,0,0,0,0,0,1,0,0,0,1.6744536141941577
5493,89.91,49,117,243.2,0.02,51,0,0,0,0,0,1,0,0,0,1.5352157992102944
5494,89.94,49,131,240.8,0.02,51,0,0,0,0,0,1,1,1,0,1.82128257921479
5495,89.95,32,73,146.7,0.02,32,0,0,0,1,1,0,1,1,0,1.7090197303974508
5496,89.97,49,123,242.6,0.02,51,0,0,0,0,0,1,0,0,0,1.723819985084405
5497,89.99,49,136,239.3,0.02,51,0,0,0,0,0,1,2,1,0,1.631020109045821
5498,90.01,49,129,242.0,0.02,51,0,0,0,0,0,1,0,0,0,1.6155835548604567
5499,90.02,19,51,83.8,0.02,19,0,0,0,1,1,0,1,1,1,1.7417463966885975
5500,90.04,49,133,241.4,0.02,51,0,0,0,0,0,1,0,0,2,1.5352156966267816
5501,90.06,49,130,240.9,0.02,51,0,0,0,0,0,1,1,0,0,1.6872669025727327
5502,90.08,49,141,240.8,0.02,51,0,0,0,0,0,1,0,0,0,1.725877418578381
5503,90.1,49,126,223.4,0.02,49,0,0,0,1,1,0,4,1,0,1.5844263250679376
5504,90.13,49,148,240.1,0.02,51,0,0,0,0,0,1,0,1,0,1.6034502274662705
5505,90.15,49,135,240.4,0.02,51,0,0,0,0,0,1,1,0,0,1.6482407097850644
5506,90.17,49,157,238.1,0.02,51,0,0,0,0,0,1,1,0,1,1.286152991406345
5507,90.19,49,128,242.0,0.02,51,0,0,0,0,0,1,0,0,1,1.6438094206929874
5508,90.21,49,122,241.6,0.02,51,0,0,0,0,0,1,1,0,1,1.596772970801898
5509,90.23,49,137,241.2,0.02,51,0,0,0,0,0,1,0,0,0,1.7629121447870115
5510,90.24,8,17,33.1,0.02,8,0,0,0,1,1,0,0,1,2,3.0008177411286336
5511,90.24,16,38,70.2,0.02,16,0,0,0,1,1,0,1,1,0,1.867769253476758
5512,90.27,49,146,239.3,0.02,51,0,0,0,0,0,1,1,0,0,1.4698587588957477
5513,90.29,49,149,238.0,0.02,51,0,0,0,0,0,1,2,0,0,1.6336034665231498
5514,90.29,6,16,21.2,0.02,6,0,0,0,1,1,0,2,1,2,2.773342393090834
5515,90.3,36,69,168.0,0.02,36,0,0,0,1,1,0,0,1,1,1.8100852309815978
5516,90.31,18,49,77.1,0.02,18,0,0,0,1,1,0,3,1,0,2.2154766945517865
5517,90.32,12,32,48.7,0.02,12,0,0,0,1,1,0,3,1,1,2.357448013696465
5518,90.32,4,17,10.1,0.02,4,0,0,0,1,1,0,3,1,2,2.7291395960782627
5519,90.33,17,80,63.3,0.02,17,0,0,0,1,1,0,8,1,7,1.726967879665554
5520,90.35,20,91,82.5,0.02,20,0,0,0,1,1,0,3,2,4,1.8978707317785348
5521,90.35,6,16,23.3,0.02,6,0,0,0,1,1,0,0,1,1,2.6486624868532753
5522,90.36,20,54,84.6,0.02,20,0,0,0,1,1,0,5,1,0,1.9985382173100161
5523,90.37,1,22,-6.3,0.02,1,0,0,0,1,1,0,4,1,1,2.1609154200501925
5524,90.37,9,23,36.6,0.02,9,0,0,0,1,1,0,1,1,1,2.3364757376924676
5525,90.4,49,160,236.8,0.02,51,0,0,0,0,0,1,2,2,1,1.7855837055553228
5526,90.42,49,131,241.8,0.02,51,0,0,0,0,0,1,0,0,0,1.7977455859133011
5527,90.44,49,121,242.8,0.02,51,0,0,0,0,0,1,0,0,0,1.6810620715990672
5528,90.46,49,147,238.2,0.02,51,0,0,0,0,0,1,2,0,0,1.7218298781905026
5529,90.48,49,128,242.1,0.02,51,0,0,0,0,0,1,0,0,0,1.6553471654299081
5530,90.5,49,156,237.2,0.02,51,0,0,0,0,0,1,2,0,1,1.4951137011764701
5531,90.53,49,128,242.0,0.02,51,0,0,0,0,0,1,0,0,1,1.7363233477864544
5532,90.55,49,133,241.6,0.02,51,0,0,0,0,0,1,0,0,0,1.7583014866378717
5533,90.57,49,133,241.5,0.02,51,0,0,0,0,0,1,0,0,1,1.7038089406224906
5534,90.59,49,115,243.4,0.02,51,0,0,0,0,0,1,0,0,0,1.6465963487017174
5535,90.6,24,57,107.3,0.02,24,0,0,0,1,1,0,2,1,0,1.6123171397745264
5536,90.62,49,135,238.3,0.02,51,0,0,0,0,0,1,3,0,1,1.6551559290502553
5537,90.62,7,15,25.5,0.02,7,0,0,0,1,1,0,3,1,0,3.384525756342979
5538,90.64,49,148,239.1,0.02,51,0,0,0,0,0,1,1,0,0,1.5415078377402445
5539,90.66,50,147,228.2,0.02,50,0,0,0,0,0,1,7,1,0,1.8071949198184205
5540,90.69,49,137,241.2,0.02,51,0,0,0,0,0,1,0,1,0,1.7822355875895954
5541,90.71,49,130,241.9,0.02,51,0,0,0,0,0,1,0,0,0,1.683307403646058
5542,90.73,49,126,241.3,0.02,51,0,0,0,0,0,1,1,0,0,1.760425282834903
5543,90.75,49,131,240.7,0.02,51,0,0,0,0,0,1,1,0,1,1.6711542888887503
5544,90.77,49,122,242.6,0.02,51,0,0,0,0,0,1,0,0,1,1.7038336856265368
5545,90.79,49,128,242.1,0.02,51,0,0,0,0,0,1,0,0,0,1.4773415884329422
5546,90.81,49,125,242.3,0.02,51,0,0,0,0,0,1,0,0,1,1.86198519205044
5547,90.83,49,134,241.5,0.02,51,0,0,0,0,0,1,0,1,0,1.5266873853588339
5548,90.85,49,131,241.8,0.02,51,0,0,0,0,0,1,0,0,0,1.627810561226783
5549,90.87,49,147,240.2,0.02,51,0,0,0,0,0,1,0,1,0,1.684068274218229
5550,90.89,49,120,242.8,0.02,51,0,0,0,0,0,1,0,0,1,1.8789902699894614
5551,90.91,49,156,239.3,0.02,51,0,0,0,0,0,1,0,0,0,1.5569061761553729
5552,90.93,49,146,240.2,0.02,51,0,0,0,0,0,1,0,0,1,1.5620785936737858
5553,90.96,49,138,241.1,0.02,51,0,0,0,0,0,1,0,0,0,1.487267558426635
5554,90.98,49,128,242.1,0.02,51,0,0,0,0,0,1,0,2,0,1.5186570126516765
5555,91.0,49,121,240.7,0.02,51,0,0,0,0,0,1,2,0,1,1.571837078980269
5556,91.0,20,44,87.5,0.02,20,0,0,0,1,1,0,3,1,1,2.1725324595327655
5557,91.02,49,133,241.6,0.02,51,0,0,0,0,0,1,0,0,0,1.5079555026929667
5558,91.05,49,148,238.1,0.02,51,0,0,0,0,0,1,2,0,0,1.609588866807916
5559,91.07,49,123,241.5,0.02,51,0,0,0,0,0,1,1,0,1,1.7174231989604658
5560,91.09,49,139,240.0,0.02,51,0,0,0,0,0,1,1,0,0,1.5978035848063485
5561,91.11,49,136,239.2,0.02,51,0,0,0,0,0,1,2,0,1,1.57037880407463
5562,91.13,49,130,240.8,0.02,51,0,0,0,0,0,1,1,0,1,1.5301684846644166
5563,91.15,49,132,241.6,0.02,51,0,0,0,0,0,1,0,0,1,1.4870941577570815
5564,91.17,49,111,243.7,0.02,51,0,0,0,0,0,1,0,2,1,1.6785046301008362
5565,91.19,49,123,242.6,0.02,51,0,0,0,0,0,1,0,0,0,1.6664494863842954
5566,91.21,49,122,241.6,0.02,51,0,0,0,0,0,1,1,1,1,1.628565382012097
5567,91.23,49,143,238.5,0.02,51,0,0,0,0,0,1,2,0,1,1.722726636044232
5568,91.25,49,146,238.2,0.02,51,0,0,0,0,0,1,2,3,1,1.5491587769997281
5569,91.27,49,140,239.9,0.02,51,0,0,0,0,0,1,1,0,0,1.7119094367889662
5570,91.29,38,90,172.9,0.02,38,0,0,0,1,1,0,3,1,1,1.8001459825835986
5571,91.31,49,139,240.0,0.02,51,0,0,0,0,0,1,1,1,0,1.5460378525771736
5572,91.33,49,126,240.2,0.02,51,0,0,0,0,0,1,2,0,1,1.6428365963863827
5573,91.35,49,129,241.0,0.02,51,0,0,0,0,0,1,1,0,0,1.5850528381166848
5574,91.37,49,132,241.7,0.02,51,0,0,0,0,0,1,0,0,0,1.6117654849264589
5575,91.39,49,143,238.6,0.02,51,0,0,0,0,0,1,2,0,0,1.5267680285177097
5576,91.41,49,121,242.8,0.02,51,0,0,0,0,0,1,0,0,0,1.618809618853509
5577,91.43,49,124,241.5,0.02,51,0,0,0,0,0,1,1,0,0,1.9112243961428361
5578,91.44,6,19,20.1,0.02,6,0,0,0,1,1,0,3,1,0,2.693160363207394
5579,91.46,49,122,241.6,0.02,51,0,0,0,0,0,1,1,0,1,1.7765033463569546
5580,91.48,49,137,239.1,0.02,51,0,0,0,0,0,1,2,0,1,1.6155016914525586
5581,91.5,49,135,239.4,0.02,51,0,0,0,0,0,1,2,0,0,1.8083171075470457
5582,91.52,49,124,241.4,0.02,51,0,0,0,0,0,1,1,0,1,1.6098936306245455
5583,91.54,49,138,240.1,0.02,51,0,0,0,0,0,1,1,0,0,1.4023522053633592
5584,91.57,49,146,240.2,0.02,51,0,0,0,0,0,1,0,2,1,1.625560175526111
5585,91.59,49,141,240.7,0.02,51,0,0,0,0,0,1,0,0,1,1.4356236768847321
5586,91.61,40,106,184.2,0.02,40,0,0,0,1,1,0,0,1,2,1.3092142379074743
5587,91.63,49,136,239.3,0.02,51,0,0,0,0,0,1,2,0,0,1.5919370827533807
5588,91.64,49,109,242.9,0.02,51,0,0,0,0,0,1,1,0,1,1.610970388263015
5589,91.67,49,133,241.6,0.02,51,0,0,0,0,0,1,0,3,0,1.9040917399446826
5590,91.69,49,150,239.9,0.02,51,0,0,0,0,0,1,0,0,0,1.626644535530762
5591,91.71,49,123,241.5,0.02,51,0,0,0,0,0,1,1,0,1,1.6931001626641278
5592,91.73,49,123,241.6,0.02,51,0,0,0,0,0,1,1,0,0,1.770365847959172
5593,91.73,8,17,33.3,0.02,8,0,0,0,1,1,0,0,1,0,2.676496560502687
5594,91.76,49,145,239.3,0.02,51,0,0,0,0,0,1,1,0,1,1.489741406092284
5595,91.78,49,141,239.7,0.02,51,0,0,0,0,0,1,1,0,1,1.6615316830160967
5596,91.8,49,132,241.7,0.02,51,0,0,0,0,0,1,0,1,0,1.5686073218013006
5597,91.82,49,143,240.6,0.02,51,0,0,0,0,0,1,0,0,0,1.6485672875063475
5598,91.84,49,126,242.2,0.02,51,0,0,0,0,0,1,0,1,1,1.5825303776711535
5599,91.86,45,115,208.5,0.02,45,0,0,0,1,1,0,0,1,0,1.9022534117431846
5600,91.88,49,147,239.1,0.02,51,0,0,0,0,0,1,1,0,1,1.7138822838079322
5601,91.9,49,145,239.4,0.02,51,0,0,0,0,0,1,1,0,0,1.6909538988169557
5602,91.93,50,141,226.9,0.02,50,0,0,0,1,1,0,4,2,0,1.557249546385639
5603,91.95,47,117,218.2,0.02,47,0,0,0,1,1,0,0,1,1,1.6597589632120973
5604,91.97,49,141,240.8,0.02,51,0,0,0,0,0,1,0,0,0,1.9040217351917061
5605,91.99,49,148,239.0,0.02,51,0,0,0,0,0,1,1,1,1,1.5775140982831903
5606,92.01,49,150,237.8,0.02,51,0,0,0,0,0,1,2,0,1,1.5704443617238066
5607,92.03,49,127,242.1,0.02,51,0,0,0,0,0,1,0,0,1,1.6607868474392493
5608,92.04,22,48,99.2,0.02,22,0,0,0,1,1,0,1,2,0,1.984269628390778
5609,92.06,49,146,240.3,0.02,51,0,0,0,0,0,1,0,0,0,1.565648048843226
5610,92.08,49,124,238.5,0.02,51,0,0,0,0,0,1,4,1,0,1.703781944176803
5611,92.09,8,19,30.8,0.02,8,0,0,0,1,1,0,2,1,3,3.158819669799907
5612,92.11,49,145,240.3,0.02,51,0,0,0,0,0,1,0,0,1,1.5587351785777892
5613,92.13,49,140,239.9,0.02,51,0,0,0,0,0,1,1,0,0,1.610691299934275
5614,92.15,49,133,241.6,0.02,51,0,0,0,0,0,1,0,0,0,1.6389545387433886
5615,92.17,49,121,242.8,0.02,51,0,0,0,0,0,1,0,0,0,1.8670341896304712
5616,92.19,49,132,239.7,0.02,51,0,0,0,0,0,1,2,1,0,1.7437312590832719
5617,92.21,49,137,240.1,0.02,51,0,0,0,0,0,1,1,0,1,1.5423051469978157
5618,92.24,49,145,239.4,0.02,51,0,0,0,0,0,1,1,0,0,1.5257097851775938
5619,92.26,49,119,242.0,0.02,51,0,0,0,0,0,1,1,1,0,1.7316985646524734
5620,92.28,49,136,241.2,0.02,51,0,0,0,0,0,1,0,0,1,1.5977445222871174
5621,92.3,49,146,240.3,0.02,51,0,0,0,0,0,1,0,1,0,1.6812493135204467
5622,92.31,7,49,21.0,0.02,7,0,0,0,1,1,0,4,1,1,2.154525153253634
5623,92.31,2,8,3.0,0.02,2,0,0,0,1,1,0,1,1,2,3.658387493464996
5624,92.31,13,32,53.6,0.02,13,0,0,0,1,1,0,3,1,2,2.552046734546528
5625,92.32,14,49,55.9,0.02,14,0,0,0,1,1,0,4,1,2,1.6159254496015978
5626,92.33,6,19,26.6,0.02,7,0,0,0,1,1,0,1,2,5,3.275578571960525
5627,92.34,17,47,72.1,0.02,17,0,0,0,1,1,0,3,1,2,1.7465223501874918
5628,92.36,48,131,218.6,0.02,48,0,0,0,1,1,0,3,2,3,1.7004236312018726
5629,92.38,49,174,220.5,0.02,49,0,0,0,1,1,0,2,2,1,1.4891726132132892
5630,92.39,21,49,92.0,0.02,21,0,0,0,1,1,0,3,1,1,2.0639426666638014
5631,92.4,12,72,42.8,0.02,12,0,0,0,1,1,0,5,1,0,1.7116448605019445
5632,92.41,25,58,111.1,0.02,25,0,0,0,1,1,0,3,1,1,1.6879255208120312
5633,92.42,11,28,50.2,0.02,12,0,0,0,1,1,0,2,2,0,2.2450351323417377
5634,92.44,49,144,237.5,0.02,51,0,0,0,0,0,1,3,0,0,1.661828132673653
5635,92.45,18,47,80.3,0.02,18,0,0,0,1,1,0,0,1,0,1.8554042877579873
5636,92.46,34,95,150.2,0.02,34,0,0,0,1,1,0,5,1,3,1.5587350932952255
5637,92.47,24,61,102.9,0.02,24,0,0,0,1,1,0,6,1,0,1.8886451157819368
5638,92.49,49,117,242.2,0.02,51,0,0,0,0,0,1,1,0,0,1.6583889097857603
5639,92.51,49,125,240.3,0.02,51,0,0,0,0,0,1,2,0,1,1.713985670223042
5640,92.52,8,37,23.3,0.02,8,0,0,0,1,1,0,8,1,0,2.671255255395227
5641,92.54,49,123,242.6,0.02,51,0,0,0,0,0,1,0,0,0,1.7654085812599818
5642,92.54,0,6,-9.6,0.02,0,0,0,0,1,1,0,4,1,0,4.832336723536733
5643,92.56,39,102,176.8,0.02,39,0,0,0,1,1,0,3,1,0,1.765604058412525
5644,92.58,49,129,241.9,0.02,51,0,0,0,0,0,1,0,0,1,1.4984513100688424
5645,92.59,49,121,240.7,0.02,51,0,0,0,0,0,1,2,0,1,1.8024214649652732
5646,92.62,49,141,223.8,0.02,49,0,0,0,1,1,0,2,2,1,1.654270399137709
5647,92.64,49,145,239.2,0.02,51,0,0,0,0,0,1,1,0,2,1.6608821509607963
5648,92.67,49,166,233.0,0.02,51,0,0,0,0,0,1,5,2,3,1.7982450118865325
5649,92.69,49,133,240.6,0.02,51,0,0,0,0,0,1,1,0,0,1.5520629178387055
5650,92.71,49,162,238.5,0.02,51,0,0,0,0,0,1,0,1,2,1.4924026548222398
5651,92.73,49,143,238.5,0.02,51,0,0,0,0,0,1,2,0,1,1.7205535968127248
5652,92.75,49,122,241.7,0.02,51,0,0,0,0,0,1,1,0,0,1.9023452042317714
5653,92.77,49,132,241.7,0.02,51,0,0,0,0,0,1,0,0,0,1.583391503750027
5654,92.8,49,133,241.6,0.02,51,0,0,0,0,0,1,0,0,0,1.8585635000238074
5655,92.82,49,124,242.4,0.02,51,0,0,0,0,0,1,0,0,1,1.8004010578641092
5656,92.83,49,111,243.8,0.02,51,0,0,0,0,0,1,0,0,0,1.811565877568697
5657,92.85,49,131,239.7,0.02,51,0,0,0,0,0,1,2,0,1,1.6835211580271865
5658,92.87,47,119,216.1,0.02,47,0,0,0,1,1,0,2,1,0,1.6067393385122593
5659,92.89,49,114,242.5,0.02,51,0,0,0,0,0,1,1,0,0,1.8595178304081894
5660,92.91,42,102,191.7,0.02,42,0,0,0,1,1,0,3,1,1,1.6703493803450276
5661,92.92,24,54,108.6,0.02,24,0,0,0,1,1,0,1,1,0,1.8013856324012092
5662,92.94,49,148,240.1,0.02,51,0,0,0,0,0,1,0,1,0,1.612450138427449
5663,92.96,49,130,239.8,0.02,51,0,0,0,0,0,1,2,0,1,1.5616862065060044
5664,92.98,49,141,240.8,0.02,51,0,0,0,0,0,1,0,0,0,1.5505613672459262
5665,93.01,49,146,240.2,0.02,51,0,0,0,0,0,1,0,0,1,1.8073815921832934
5666,93.03,49,126,241.2,0.02,51,0,0,0,0,0,1,1,0,1,1.5491906723636724
5667,93.03,8,19,33.1,0.02,8,0,0,0,1,1,0,0,1,0,3.0022043355231904
5668,93.03,9,19,42.1,0.02,10,0,0,0,1,1,0,1,1,0,1.9315470441921019
5669,93.05,49,123,242.6,0.02,51,0,0,0,0,0,1,0,0,0,1.7016916806232132
5670,93.07,49,128,242.1,0.02,51,0,0,0,0,0,1,0,1,0,1.617853127083592
5671,93.1,49,166,238.3,0.02,51,0,0,0,0,0,1,0,0,0,1.328882862275938
5672,93.12,49,132,241.6,0.02,51,0,0,0,0,0,1,0,0,1,1.9052145877521725
5673,93.14,49,119,242.0,0.02,51,0,0,0,0,0,1,1,0,0,1.7541686362796038
5674,93.16,49,122,241.7,0.02,51,0,0,0,0,0,1,1,0,0,1.7754012128006411
5675,93.18,49,174,236.5,0.02,51,0,0,0,0,0,1,1,0,0,1.4580038493796057
5676,93.2,37,92,175.8,0.02,38,0,0,0,1,1,0,0,1,0,1.3932488817605937
5677,93.2,6,9,24.1,0.02,6,0,0,0,1,1,0,0,1,0,4.248416058182028
5678,93.22,49,162,236.6,0.02,51,0,0,0,0,0,1,2,0,1,1.378724714081748
5679,93.24,49,124,242.4,0.02,51,0,0,0,0,0,1,0,0,1,1.7784335350643223
5680,93.27,49,148,240.1,0.02,51,0,0,0,0,0,1,0,0,0,1.5870530875256388
5681,93.28,33,70,149.0,0.02,33,0,0,0,1,1,0,4,1,0,1.681014064897338
5682,93.3,49,156,238.0,0.02,51,0,0,0,0,0,1,1,0,3,1.5611930730542376
5683,93.32,49,128,241.0,0.02,51,0,0,0,0,0,1,1,0,1,1.835588222191152
5684,93.34,49,122,225.8,0.02,49,0,0,0,1,1,0,2,2,0,1.6880837733682348
5685,93.37,49,153,238.5,0.02,51,0,0,0,0,0,1,1,0,1,1.688996798047469
5686,93.37,6,17,27.1,0.02,7,0,0,0,1,1,0,1,1,2,2.2396134519405786
5687,93.38,20,54,93.3,0.02,21,0,0,0,1,1,0,1,1,3,1.6971482205067314
5688,93.38,5,17,16.2,0.02,5,0,0,0,1,1,0,2,1,1,2.4594453945057326
5689,93.39,7,25,24.5,0.02,7,0,0,0,1,1,0,3,1,0,2.499461266841393
5690,93.41,40,127,179.1,0.02,40,0,0,0,1,1,0,3,3,2,1.6561116356321013
5691,93.42,22,73,96.4,0.02,22,0,0,0,1,1,0,1,1,3,1.809056366395384
5692,93.43,13,32,54.6,0.02,13,0,0,0,1,1,0,2,1,2,2.0753813689739014
5693,93.44,25,58,110.0,0.02,25,0,0,0,1,1,0,4,1,2,1.8771020371841223
5694,93.46,49,142,240.6,0.02,51,0,0,0,0,0,1,0,0,1,1.7447313051128859
5695,93.48,49,128,242.0,0.02,51,0,0,0,0,0,1,0,0,1,1.6722647952507428
5696,93.49,49,112,242.6,0.02,51,0,0,0,0,0,1,1,0,1,1.7532118601045987
5697,93.5,20,42,95.8,0.02,21,0,0,0,1,1,0,0,1,0,1.7319107073502427
5698,93.52,49,134,240.4,0.02,51,0,0,0,0,0,1,1,1,1,1.7107313050908786
5699,93.54,49,141,238.6,0.02,51,0,0,0,0,0,1,2,0,2,1.7993770764853738
5700,93.56,49,117,241.2,0.02,51,0,0,0,0,0,1,2,0,0,1.6135728114861025
5701,93.58,44,120,207.8,0.02,45,0,0,0,1,1,0,0,1,2,1.6045714487690703
5702,93.61,49,144,239.5,0.02,51,0,0,0,0,0,1,1,0,0,1.5986957105487793
5703,93.63,49,126,241.3,0.02,51,0,0,0,0,0,1,1,0,0,1.7355329318388486
5704,93.63,21,54,91.5,0.02,21,0,0,0,1,1,0,3,1,1,1.391110091314486
5705,93.64,6,17,21.3,0.02,6,0,0,0,1,1,0,2,1,0,2.503633872439583
5706,93.65,29,100,125.9,0.02,29,0,0,0,1,1,0,4,1,1,1.746465494445846
5707,93.67,49,130,240.9,0.02,51,0,0,0,0,0,1,1,1,0,1.524622141876504
5708,93.7,49,139,241.0,0.02,51,0,0,0,0,0,1,0,1,0,1.695132303241883
5709,93.72,49,143,239.2,0.02,51,0,0,0,0,0,1,1,1,4,1.7133419659379474
5710,93.74,49,137,240.1,0.02,51,0,0,0,0,0,1,1,0,1,1.6578365536963033
5711,93.76,49,133,240.5,0.02,51,0,0,0,0,0,1,1,1,1,1.5468917147785115
5712,93.78,49,137,240.2,0.02,51,0,0,0,0,0,1,1,1,0,1.3839914422541073
5713,93.8,48,125,221.4,0.02,48,0,0,0,1,1,0,1,2,1,1.474938998686616
5714,93.82,49,129,242.0,0.02,51,0,0,0,0,0,1,0,0,0,1.4901442524475468
5715,93.85,49,126,242.2,0.02,51,0,0,0,0,0,1,0,0,1,1.4798383169125513
5716,93.87,49,131,240.8,0.02,51,0,0,0,0,0,1,1,0,0,1.5111617721015718
5717,93.89,49,134,241.5,0.02,51,0,0,0,0,0,1,0,1,0,1.419536389516777
5718,93.91,49,129,241.0,0.02,51,0,0,0,0,0,1,1,0,0,1.5806752062684484
5719,93.93,49,125,241.3,0.02,51,0,0,0,0,0,1,1,0,1,1.7447046483519728
5720,93.95,49,119,243.0,0.02,51,0,0,0,0,0,1,0,0,0,1.6317900233702833
5721,93.97,49,133,241.4,0.02,51,0,0,0,0,0,1,0,0,2,1.6941354390645278
5722,93.99,49,143,239.6,0.02,51,0,0,0,0,0,1,1,1,0,1.8437672500024571
5723,94.02,49,172,233.4,0.02,51,0,0,0,0,0,1,4,0,3,1.7624306895965334
5724,94.04,49,144,239.5,0.02,51,0,0,0,0,0,1,1,0,0,1.6434551804698196
5725,94.06,49,129,242.0,0.02,51,0,0,0,0,0,1,0,0,0,1.7225380630493825
5726,94.08,49,130,241.8,0.02,51,0,0,0,0,0,1,0,1,1,1.534466464942462
5727,94.1,49,150,238.9,0.02,51,0,0,0,0,0,1,1,0,0,1.3916030295746933
5728,94.12,49,126,242.3,0.02,51,0,0,0,0,0,1,0,0,0,1.582365795476611
5729,94.14,49,121,241.8,0.02,51,0,0,0,0,0,1,1,0,0,1.5087058626795606
5730,94.16,44,106,204.4,0.02,44,0,0,0,1,1,0,0,2,0,1.5781089401574047
5731,94.18,49,145,240.4,0.02,51,0,0,0,0,0,1,0,0,0,1.5834038680983968
5732,94.2,49,131,241.7,0.02,51,0,0,0,0,0,1,0,1,1,1.6979439155244964
5733,94.22,49,142,240.5,0.02,51,0,0,0,0,0,1,0,1,2,1.623402337471955
5734,94.24,49,126,241.3,0.02,51,0,0,0,0,0,1,1,0,0,1.893249709831092
5735,94.27,49,154,238.5,0.02,51,0,0,0,0,0,1,1,0,0,1.545876818666921
5736,94.29,38,154,160.8,0.02,38,0,0,0,1,1,0,8,1,8,1.740031161641222
5737,94.31,49,136,241.1,0.02,51,0,0,0,0,0,1,0,0,2,1.6548572114886761
5738,94.33,49,112,243.7,0.02,51,0,0,0,0,0,1,0,0,0,1.6424294664960515
5739,94.35,49,137,239.1,0.02,51,0,0,0,0,0,1,2,0,1,1.7282145199878343
5740,94.37,49,150,237.8,0.02,51,0,0,0,0,0,1,2,0,1,1.569372715008899
5741,94.39,49,136,241.2,0.02,51,0,0,0,0,0,1,0,2,1,1.8377130133898634
5742,94.42,49,136,240.1,0.02,51,0,0,0,0,0,1,1,0,2,1.5697436418854231
5743,94.44,49,151,239.8,0.02,51,0,0,0,0,0,1,0,0,0,1.5674847207404288
5744,94.46,49,148,239.1,0.02,51,0,0,0,0,0,1,1,0,0,1.5727789423370204
5745,94.48,49,140,239.8,0.02,51,0,0,0,0,0,1,1,0,1,1.4979651707813453
5746,94.5,49,141,240.4,0.02,51,0,0,0,0,0,1,0,1,4,1.7250168435382258
5747,94.52,49,114,243.5,0.02,51,0,0,0,0,0,1,0,0,0,1.7813312321678112
5748,94.54,49,130,241.8,0.02,51,0,0,0,0,0,1,0,0,1,1.5058505580333386
5749,94.56,49,132,241.7,0.02,51,0,0,0,0,0,1,0,1,0,1.7352752798488487
5750,94.58,49,137,240.2,0.02,51,0,0,0,0,0,1,1,1,0,1.5156532022174019
5751,94.6,49,120,242.8,0.02,51,0,0,0,0,0,1,0,0,1,1.7282979497907875
5752,94.62,50,138,233.9,0.02,50,0,0,0,0,0,1,2,1,2,2.2253104684527703
5753,94.64,50,163,233.1,0.02,50,0,0,0,0,0,1,0,1,5,1.4826139525164672
5754,94.66,50,136,236.3,0.02,50,0,0,0,0,0,1,0,1,0,1.5106431753494511
5755,94.68,49,134,240.4,0.02,51,0,0,0,0,0,1,1,0,1,1.5245581981221499
5756,94.7,49,127,240.2,0.02,51,0,0,0,0,0,1,2,0,0,1.7881982725193084
5757,94.71,32,65,145.5,0.02,32,0,0,0,1,1,0,3,1,0,2.0273568211666113
5758,94.74,49,139,240.0,0.02,51,0,0,0,0,0,1,1,1,0,1.7385795957233408
5759,94.76,50,141,229.9,0.02,50,0,0,0,1,1,0,1,2,0,1.5960695355179193
5760,94.78,49,131,241.7,0.02,51,0,0,0,0,0,1,0,1,1,1.7076899076124503
5761,94.79,43,101,203.9,0.02,44,0,0,0,1,1,0,1,1,0,1.7111474230885606
5762,94.82,49,146,238.2,0.02,51,0,0,0,0,0,1,2,0,1,1.6947342115969775
5763,94.84,49,137,240.2,0.02,51,0,0,0,0,0,1,1,0,0,1.5162020917807504
5764,94.86,49,131,240.7,0.02,51,0,0,0,0,0,1,1,0,1,1.7478919243030604
5765,94.88,49,141,239.6,0.02,51,0,0,0,0,0,1,1,1,2,1.5304167487958367
5766,94.9,49,117,243.1,0.02,51,0,0,0,0,0,1,0,0,1,1.727282180133677
5767,94.92,49,124,241.4,0.02,51,0,0,0,0,0,1,1,0,1,1.945637907553332
5768,94.93,49,119,243.0,0.02,51,0,0,0,0,0,1,0,1,0,1.7505590269707978
5769,94.96,49,148,239.1,0.02,51,0,0,0,0,0,1,1,0,0,1.8101433823246467
5770,94.97,25,59,113.1,0.02,25,0,0,0,1,1,0,1,2,0,1.4232344095936211
5771,94.99,49,148,240.1,0.02,51,0,0,0,0,0,1,0,0,0,1.5881735592678838
5772,95.01,49,137,239.2,0.02,51,0,0,0,0,0,1,2,0,0,1.7008735452491905
5773,95.01,2,19,0.1,0.02,2,0,0,0,1,1,0,3,1,0,2.9184674959233554
5774,95.04,49,141,238.8,0.02,51,0,0,0,0,0,1,2,0,0,1.64776968516461
5775,95.04,15,46,56.8,0.02,15,0,0,0,1,1,0,8,1,6,2.080417465211626
5776,95.05,21,52,90.4,0.02,21,0,0,0,1,1,0,4,1,4,1.8901408593122986
5777,95.07,49,129,241.9,0.02,51,0,0,0,0,0,1,0,0,1,1.9753553630422236
5778,95.09,49,130,240.9,0.02,51,0,0,0,0,0,1,1,1,0,1.9692247049995704
5779,95.11,49,141,239.7,0.02,51,0,0,0,0,0,1,1,2,1,1.6964475267587125
5780,95.13,49,132,240.7,0.02,51,0,0,0,0,0,1,1,0,0,1.673008836582593
5781,95.15,49,133,241.6,0.02,51,0,0,0,0,0,1,0,0,0,1.577623160792566
5782,95.18,49,144,240.5,0.02,51,0,0,0,0,0,1,0,0,0,1.6745822713531322
5783,95.2,49,127,242.1,0.02,51,0,0,0,0,0,1,0,1,1,1.6897815910755392
5784,95.22,49,137,241.0,0.02,51,0,0,0,0,0,1,0,0,2,1.4891160853861662
5785,95.24,49,129,239.8,0.02,51,0,0,0,0,0,1,2,0,2,1.6326178770986752
5786,95.26,49,141,240.8,0.02,51,0,0,0,0,0,1,0,0,0,1.5177504689115942
5787,95.28,49,136,240.2,0.02,51,0,0,0,0,0,1,1,1,1,1.487810064917415
5788,95.3,49,115,242.4,0.02,51,0,0,0,0,0,1,1,0,0,1.8337435108733615
5789,95.31,49,126,241.3,0.02,51,0,0,0,0,0,1,1,0,0,1.6829115887161343
5790,95.33,37,85,171.5,0.02,37,0,0,0,1,1,0,0,1,0,1.6541243336521791
5791,95.35,49,145,240.3,0.02,51,0,0,0,0,0,1,0,0,1,1.5022431469518276
5792,95.37,50,137,236.2,0.02,50,0,0,0,0,0,1,0,2,0,1.4147788726789088
5793,95.39,49,139,240.9,0.02,51,0,0,0,0,0,1,0,0,1,1.6160355323821067
5794,95.4,35,79,161.9,0.02,35,0,0,0,1,1,0,0,1,2,1.8487192329798268
5795,95.43,49,144,240.3,0.02,51,0,0,0,0,0,1,0,1,2,1.579605771823523
5796,95.45,49,124,242.5,0.02,51,0,0,0,0,0,1,0,0,0,1.3267893951496823
5797,95.47,49,157,236.1,0.02,51,0,0,0,0,0,1,3,0,1,1.7240567473745705
5798,95.49,49,133,241.6,0.02,51,0,0,0,0,0,1,0,0,0,1.565472236727564
5799,95.49,20,38,91.2,0.02,20,0,0,0,1,1,0,0,1,0,1.7915386789878314
5800,95.52,49,147,238.1,0.02,51,0,0,0,0,0,1,2,0,1,1.4560357389122303
5801,95.54,49,124,241.5,0.02,51,0,0,0,0,0,1,1,0,0,1.4117775235213688
5802,95.56,49,135,241.3,0.02,51,0,0,0,0,0,1,0,1,1,1.7424958101990469
5803,95.58,49,133,241.6,0.02,51,0,0,0,0,0,1,0,0,0,1.7155031846919988
5804,95.6,49,123,240.6,0.02,51,0,0,0,0,0,1,2,0,0,1.6283680194366785
5805,95.61,49,116,243.2,0.02,51,0,0,0,0,0,1,0,0,1,1.5062911845271498
5806,95.62,8,17,32.2,0.02,8,0,0,0,1,1,0,1,1,1,2.688112213985163
5807,95.64,49,133,241.6,0.02,51,0,0,0,0,0,1,0,0,0,1.6189381825658709
5808,95.66,49,138,240.0,0.02,51,0,0,0,0,0,1,1,0,1,1.738257471349069
5809,95.68,49,161,236.8,0.02,51,0,0,0,0,0,1,2,0,0,1.5039846310679534
5810,95.7,49,116,225.4,0.02,49,0,0,0,1,1,0,3,1,0,1.338882715761687
5811,95.72,49,125,242.4,0.02,51,0,0,0,0,0,1,0,0,0,1.5925431707298037
5812,95.74,49,131,240.8,0.02,51,0,0,0,0,0,1,1,0,0,1.7808394815502775
5813,95.76,49,137,241.0,0.02,51,0,0,0,0,0,1,0,0,2,1.5735350126629792
5814,95.78,49,132,240.6,0.02,51,0,0,0,0,0,1,1,0,1,1.8392819366899973
5815,95.8,49,120,241.9,0.02,51,0,0,0,0,0,1,1,0,0,1.8558941399217281
5816,95.82,49,132,240.7,0.02,51,0,0,0,0,0,1,1,0,0,1.597256051292985
5817,95.84,49,129,241.0,0.02,51,0,0,0,0,0,1,1,0,0,1.5067652023877849
5818,95.86,49,124,241.5,0.02,51,0,0,0,0,0,1,1,0,0,1.7541135989807255
5819,95.86,13,33,53.7,0.02,13,0,0,0,1,1,0,3,1,0,1.9421130805306268
5820,95.88,49,119,243.0,0.02,51,0,0,0,0,0,1,0,0,0,1.6100228670966055
5821,95.9,49,126,241.3,0.02,51,0,0,0,0,0,1,1,0,0,1.8228045847144594
5822,95.92,49,121,242.8,0.02,51,0,0,0,0,0,1,0,0,0,1.7392840353609549
5823,95.94,49,133,239.4,0.02,51,0,0,0,0,0,1,2,1,2,1.7103981579718448
5824,95.96,49,131,241.7,0.02,51,0,0,0,0,0,1,0,0,1,1.6314082235182532
5825,95.98,49,133,241.6,0.02,51,0,0,0,0,0,1,0,0,0,1.6643372060062105
5826,96.0,49,127,242.1,0.02,51,0,0,0,0,0,1,0,1,1,1.8185117287424712
5827,96.02,49,118,242.9,0.02,51,0,0,0,0,0,1,0,0,2,1.8337401564837732
5828,96.03,36,98,164.0,0.02,36,0,0,0,1,1,0,1,1,2,1.4583440600498014
5829,96.06,49,150,238.8,0.02,51,0,0,0,0,0,1,1,0,1,1.5456922157945283
5830,96.08,49,145,239.4,0.02,51,0,0,0,0,0,1,1,0,0,1.7322939436630382
5831,96.1,49,134,241.4,0.02,51,0,0,0,0,0,1,0,0,1,1.8671438540149001
5832,96.12,49,133,241.5,0.02,51,0,0,0,0,0,1,0,0,1,1.5652228584720322
5833,96.14,49,140,240.9,0.02,51,0,0,0,0,0,1,0,1,0,1.6151605759973175
5834,96.16,49,144,240.5,0.02,51,0,0,0,0,0,1,0,1,0,1.6111988003553896
5835,96.18,49,149,239.8,0.02,51,0,0,0,0,0,1,0,0,2,1.3814135699132435
5836,96.2,49,140,238.7,0.02,51,0,0,0,0,0,1,2,0,2,1.6158188319435571
5837,96.22,49,133,241.6,0.02,51,0,0,0,0,0,1,0,0,0,1.4932645416759598
5838,96.24,49,126,242.1,0.02,51,0,0,0,0,0,1,0,0,2,1.3560209061496027
5839,96.26,50,125,237.3,0.02,50,0,0,0,0,0,1,0,1,1,1.5514170086472518
5840,96.28,49,132,240.6,0.02,51,0,0,0,0,0,1,1,0,1,1.5745041874377057
5841,96.3,49,132,241.7,0.02,51,0,0,0,0,0,1,0,1,0,1.6996997167139682
5842,96.33,49,145,240.4,0.02,51,0,0,0,0,0,1,0,0,0,1.5890748789691316
5843,96.34,38,92,172.8,0.02,38,0,0,0,1,1,0,3,2,0,1.6012310414927977
5844,96.36,49,150,235.7,0.02,51,0,0,0,0,0,1,4,0,2,1.7593856243409607
5845,96.38,42,103,194.6,0.02,42,0,0,0,1,1,0,0,2,1,1.826058091795319
5846,96.4,49,138,241.1,0.02,51,0,0,0,0,0,1,0,0,0,1.5679769101067214
5847,96.42,49,137,239.2,0.02,51,0,0,0,0,0,1,2,1,0,1.6245963523384002
5848,96.44,49,123,242.6,0.02,51,0,0,0,0,0,1,0,0,0,1.6464134107100643
5849,96.46,49,125,242.3,0.02,51,0,0,0,0,0,1,0,0,1,1.755631635481126
5850,96.48,49,132,240.7,0.02,51,0,0,0,0,0,1,1,0,0,1.6301016495827296
5851,96.5,49,123,242.6,0.02,51,0,0,0,0,0,1,0,0,0,1.9196511441540165
5852,96.52,49,131,240.8,0.02,51,0,0,0,0,0,1,1,0,0,1.5032253165139553
5853,96.53,30,61,137.8,0.02,30,0,0,0,1,1,0,1,1,1,1.899409810664472
5854,96.55,49,138,239.1,0.02,51,0,0,0,0,0,1,2,0,0,1.6524286307567675
5855,96.57,49,137,238.2,0.02,51,0,0,0,0,0,1,3,1,0,1.6170816514682296
5856,96.59,49,146,239.3,0.02,51,0,0,0,0,0,1,1,0,0,1.669977465305196
5857,96.62,49,146,240.3,0.02,51,0,0,0,0,0,1,0,0,0,1.4552219441439158
5858,96.64,49,142,238.6,0.02,51,0,0,0,0,0,1,2,0,1,1.467299011828004
5859,96.66,49,129,241.9,0.02,51,0,0,0,0,0,1,0,0,1,1.7964153659958486
5860,96.68,49,126,242.3,0.02,51,0,0,0,0,0,1,0,1,0,1.5413317234555817
5861,96.69,38,77,174.1,0.02,38,0,0,0,1,1,0,3,1,2,1.5972451249486326
5862,96.71,45,111,207.9,0.02,45,0,0,0,1,1,0,1,2,0,1.7388721357666561
5863,96.73,49,142,240.6,0.02,51,0,0,0,0,0,1,0,0,1,1.5849858499168372
5864,96.75,49,129,242.0,0.02,51,0,0,0,0,0,1,0,0,0,1.662002558697488
5865,96.77,49,131,240.7,0.02,51,0,0,0,0,0,1,1,0,1,1.4003419358938831
5866,96.79,49,117,243.2,0.02,51,0,0,0,0,0,1,0,0,0,1.6007182292895423
5867,96.8,49,118,242.1,0.02,51,0,0,0,0,0,1,1,0,0,1.7545073209624973
5868,96.83,49,142,238.7,0.02,51,0,0,0,0,0,1,2,0,0,1.679310191879729
5869,96.85,49,126,242.2,0.02,51,0,0,0,0,0,1,0,0,1,1.5974639550728653
5870,96.87,49,129,238.0,0.02,51,0,0,0,0,0,1,4,0,0,1.9104667325408193
5871,96.89,49,139,241.0,0.02,51,0,0,0,0,0,1,0,0,0,1.7403765824030404
5872,96.91,49,137,239.2,0.02,51,0,0,0,0,0,1,2,0,0,1.68855627728835
5873,96.93,49,129,241.0,0.02,51,0,0,0,0,0,1,1,2,0,1.6123866007129357
5874,96.95,49,124,241.5,0.02,51,0,0,0,0,0,1,1,0,0,1.5188992175633464
5875,96.95,3,11,7.6,0.02,3,0,0,0,1,1,0,1,1,3,3.4639962836514893
5876,96.97,49,119,243.0,0.02,51,0,0,0,0,0,1,0,1,0,1.8212796736546244
5877,96.99,49,130,241.9,0.02,51,0,0,0,0,0,1,0,1,0,1.7205856999197018
5878,96.99,13,26,57.4,0.02,13,0,0,0,1,1,0,0,2,0,2.3581371323534115
5879,97.01,49,126,242.1,0.02,51,0,0,0,0,0,1,0,0,2,1.7583109654512072
5880,97.03,49,141,240.7,0.02,51,0,0,0,0,0,1,0,0,1,1.8053992425518846
5881,97.06,49,136,237.8,0.02,51,0,0,0,0,0,1,3,0,5,1.7474858565890266
5882,97.08,49,146,240.3,0.02,51,0,0,0,0,0,1,0,0,0,1.495753140057473
5883,97.1,49,128,240.1,0.02,51,0,0,0,0,0,1,2,1,0,1.788842105406425
5884,97.11,23,53,103.7,0.02,23,0,0,0,1,1,0,1,1,0,1.5942218946532591
5885,97.13,49,143,239.6,0.02,51,0,0,0,0,0,1,1,2,0,1.4563991268566387
5886,97.15,49,137,241.1,0.02,51,0,0,0,0,0,1,0,1,1,1.524135735527255
5887,97.18,50,147,234.2,0.02,50,0,0,0,0,0,1,1,2,0,1.4901286741055444
5888,97.2,49,130,241.9,0.02,51,0,0,0,0,0,1,0,1,0,1.7475107179722722
5889,97.21,24,59,106.1,0.02,24,0,0,0,1,1,0,3,1,0,1.7446640251973744
5890,97.23,49,126,242.2,0.02,51,0,0,0,0,0,1,0,0,1,1.6836961657547598
5891,97.26,49,153,239.5,0.02,51,0,0,0,0,0,1,0,1,1,1.5197928090126376
5892,97.28,49,140,239.8,0.02,51,0,0,0,0,0,1,1,2,1,1.7275794046542945
5893,97.31,49,134,240.5,0.02,51,0,0,0,0,0,1,1,2,0,1.54435949682249
5894,97.33,49,134,241.5,0.02,51,0,0,0,0,0,1,0,0,0,1.6400414306175075
5895,97.35,49,134,240.5,0.02,51,0,0,0,0,0,1,1,0,0,1.5789611778850747
5896,97.38,49,148,240.0,0.02,51,0,0,0,0,0,1,0,0,1,1.6371083185198405
5897,97.41,49,143,240.6,0.02,51,0,0,0,0,0,1,0,0,0,1.608450619365574
5898,97.43,49,137,240.2,0.02,51,0,0,0,0,0,1,1,1,0,1.6100425078287077
5899,97.44,40,81,182.9,0.02,40,0,0,0,1,1,0,4,1,0,1.7479988212705329
5900,97.46,49,128,242.0,0.02,51,0,0,0,0,0,1,0,0,1,1.5367151970102002
5901,97.48,49,116,243.3,0.02,51,0,0,0,0,0,1,0,0,0,1.612193326082881
5902,97.5,49,126,241.3,0.02,51,0,0,0,0,0,1,1,0,0,1.6517547889469786
5903,97.53,49,147,237.1,0.02,51,0,0,0,0,0,1,3,1,1,1.5892130850485564
5904,97.55,49,121,242.8,0.02,51,0,0,0,0,0,1,0,0,0,1.4495158024969157
5905,97.57,49,125,242.4,0.02,51,0,0,0,0,0,1,0,1,0,1.9137748598709392
5906,97.59,49,147,240.2,0.02,51,0,0,0,0,0,1,0,1,0,1.2708996851098702
5907,97.61,49,138,241.1,0.02,51,0,0,0,0,0,1,0,1,0,1.6193171436084517
5908,97.62,3,10,5.9,0.02,3,0,0,0,1,1,0,3,1,1,3.4886594882320745
5909,97.64,49,150,238.9,0.02,51,0,0,0,0,0,1,1,0,0,1.4765041350277157
5910,97.66,49,137,241.2,0.02,51,0,0,0,0,0,1,0,0,0,1.6894521444574213
5911,97.68,49,123,238.6,0.02,51,0,0,0,0,0,1,4,0,0,1.5633469666956812
5912,97.7,49,141,240.7,0.02,51,0,0,0,0,0,1,0,0,1,1.6643312089715676
5913,97.72,49,146,240.2,0.02,51,0,0,0,0,0,1,0,0,1,1.5291086882666256
5914,97.75,49,139,240.9,0.02,51,0,0,0,0,0,1,0,0,1,1.400082331587489
5915,97.75,20,42,93.7,0.02,21,0,0,0,1,1,0,2,1,1,1.6171796729080214
5916,97.76,17,43,72.6,0.02,17,0,0,0,1,1,0,3,1,1,1.822086888367265
5917,97.77,2,18,-0.9,0.02,2,0,0,0,1,1,0,4,1,1,3.10754217014665
5918,97.77,6,20,20.7,0.02,6,0,0,0,1,1,0,2,1,3,2.41235022199091
5919,97.78,27,63,119.7,0.02,27,0,0,0,1,1,0,4,1,0,1.7697322199952774
5920,97.79,13,32,53.6,0.02,13,0,0,0,1,1,0,3,1,2,2.2992647416059198
5921,97.79,6,38,18.6,0.02,6,0,0,0,1,1,0,2,1,6,2.0072556171241804
5922,97.8,19,63,75.6,0.02,19,0,0,0,1,1,0,8,2,1,1.743378828546232
5923,97.83,41,141,182.7,0.02,41,0,0,0,1,1,0,3,1,2,1.6762233715914503
5924,97.86,49,205,234.3,0.02,51,0,0,0,0,0,1,0,0,1,1.6824240358671663
5925,97.88,47,128,214.1,0.02,47,0,0,0,1,1,0,3,2,1,1.639875000867379
5926,97.9,49,154,239.4,0.02,51,0,0,0,0,0,1,0,0,1,1.4523701839449001
5927,97.92,49,137,241.2,0.02,51,0,0,0,0,0,1,0,0,0,1.6882292033230604
5928,97.95,49,135,241.4,0.02,51,0,0,0,0,0,1,0,1,0,1.682422075635306
5929,97.97,49,198,230.9,0.02,51,0,0,0,0,0,1,4,1,2,1.4187985051986647
5930,98.0,49,133,241.6,0.02,51,0,0,0,0,0,1,0,1,0,1.5337499296542154
5931,98.02,49,134,240.3,0.02,51,0,0,0,0,0,1,1,2,2,1.7850979505624502
5932,98.04,49,148,239.1,0.02,51,0,0,0,0,0,1,1,1,0,1.7486954560831798
5933,98.06,49,138,239.1,0.02,51,0,0,0,0,0,1,2,1,0,1.780752001878894
5934,98.08,49,124,241.5,0.02,51,0,0,0,0,0,1,1,0,0,1.854882734223264
5935,98.1,49,129,242.0,0.02,51,0,0,0,0,0,1,0,0,0,1.5588177391831415
5936,98.12,49,142,240.7,0.02,51,0,0,0,0,0,1,0,0,0,1.7481622080974029
5937,98.13,4,8,13.2,0.02,4,0,0,0,1,1,0,1,1,0,5.3480939286370965
5938,98.15,49,130,241.9,0.02,51,0,0,0,0,0,1,0,1,0,1.6578837938787427
5939,98.17,49,138,241.1,0.02,51,0,0,0,0,0,1,0,0,0,1.506297581653931
5940,98.19,49,123,241.6,0.02,51,0,0,0,0,0,1,1,0,0,1.705548337061551
5941,98.21,49,139,240.0,0.02,51,0,0,0,0,0,1,1,1,0,1.7097633158751133
5942,98.23,49,139,241.0,0.02,51,0,0,0,0,0,1,0,0,0,1.6766638479998532
5943,98.25,49,129,242.0,0.02,51,0,0,0,0,0,1,0,0,0,1.5912228368854107
5944,98.28,49,147,240.2,0.02,51,0,0,0,0,0,1,0,0,0,1.512480633107316
5945,98.28,23,45,105.5,0.02,23,0,0,0,1,1,0,0,1,0,2.0802847567671527
5946,98.31,49,148,237.1,0.02,51,0,0,0,0,0,1,3,0,0,1.6131987089034072
5947,98.33,49,134,241.3,0.02,51,0,0,0,0,0,1,0,0,2,1.7870773478266797
5948,98.35,49,141,240.7,0.02,51,0,0,0,0,0,1,0,0,1,1.647336304186716
5949,98.38,49,144,237.5,0.02,51,0,0,0,0,0,1,3,2,0,1.4910682285728512
5950,98.4,49,131,241.8,0.02,51,0,0,0,0,0,1,0,0,0,1.5846980848165864
5951,98.42,49,147,239.0,0.02,51,0,0,0,0,0,1,1,1,2,1.63964329600519
5952,98.44,49,128,242.1,0.02,51,0,0,0,0,0,1,0,2,0,1.7617676192822094
5953,98.46,49,123,242.6,0.02,51,0,0,0,0,0,1,0,0,0,1.5454264167820375
5954,98.48,49,126,242.2,0.02,51,0,0,0,0,0,1,0,1,1,1.7664628062934984
5955,98.5,49,133,241.6,0.02,51,0,0,0,0,0,1,0,0,0,1.5415421416104764
5956,98.52,49,135,241.4,0.02,51,0,0,0,0,0,1,0,0,0,1.4757974112766121
5957,98.54,49,127,241.0,0.02,51,0,0,0,0,0,1,1,0,2,1.897247773061956
5958,98.56,50,156,230.1,0.02,50,0,0,0,0,0,1,4,1,2,1.5647141273847076
5959,98.58,49,116,243.3,0.02,51,0,0,0,0,0,1,0,1,0,1.7388871945252986
5960,98.6,50,141,228.8,0.02,50,0,0,0,0,0,1,7,1,0,1.6744738678815705
5961,98.62,49,121,241.7,0.02,51,0,0,0,0,0,1,1,0,1,1.8126291151018723
5962,98.65,49,136,241.2,0.02,51,0,0,0,0,0,1,0,1,1,1.4928700652194993
5963,98.67,49,139,239.0,0.02,51,0,0,0,0,0,1,2,0,0,1.603753066739105
5964,98.69,49,128,242.1,0.02,51,0,0,0,0,0,1,0,0,0,1.558003457361924
5965,98.71,49,145,240.4,0.02,51,0,0,0,0,0,1,0,0,0,1.736374148718746
5966,98.72,14,38,57.2,0.02,14,0,0,0,1,1,0,4,1,0,2.1911349513256027
5967,98.74,49,125,241.4,0.02,51,0,0,0,0,0,1,1,0,0,1.5487399868981788
5968,98.76,49,141,239.7,0.02,51,0,0,0,0,0,1,1,0,1,1.6427470661375279
5969,98.78,49,123,241.6,0.02,51,0,0,0,0,0,1,1,0,0,1.7093933197827427
5970,98.79,25,61,112.9,0.02,25,0,0,0,1,1,0,1,2,0,1.7302562414219023
5971,98.81,49,131,241.7,0.02,51,0,0,0,0,0,1,0,1,1,1.6602947166200854
5972,98.82,19,62,79.8,0.02,19,0,0,0,1,1,0,4,1,0,1.5565444832754367
5973,98.83,5,26,14.4,0.02,5,0,0,0,1,1,0,3,1,0,1.8888306447254406
5974,98.84,39,96,175.4,0.02,39,0,0,0,1,1,0,5,1,0,1.743876538028254
5975,98.85,35,80,159.0,0.02,35,0,0,0,1,1,0,3,2,0,1.564577747037778
5976,98.86,15,40,62.0,0.02,15,0,0,0,1,1,0,4,1,0,1.9886745900292666
5977,98.87,15,38,63.2,0.02,15,0,0,0,1,1,0,3,1,0,2.0922079147354187
5978,98.87,5,16,16.3,0.02,5,0,0,0,1,1,0,2,1,1,2.0783279573750084
5979,98.87,1,8,-4.1,0.02,1,0,0,0,1,1,0,3,1,3,3.378332289567308
5980,98.89,31,74,140.6,0.02,31,0,0,0,1,1,0,2,1,0,2.2335842454065116
5981,98.89,12,42,42.7,0.02,12,0,0,0,1,1,0,8,2,1,2.387844390815252
5982,98.9,3,13,4.7,0.02,3,0,0,0,1,1,0,4,1,0,2.829460668687333
5983,98.93,35,202,137.4,0.02,35,0,0,0,1,1,0,11,2,14,1.7472468293181882
5984,98.93,5,17,14.2,0.02,5,0,0,0,1,1,0,4,1,1,2.9028804940406085
5985,98.94,7,29,23.7,0.02,7,0,0,0,1,1,0,3,1,4,2.4357798852077766
5986,98.94,10,24,38.6,0.02,10,0,0,0,1,1,0,4,1,0,2.1906577695586233
5987,98.96,49,136,238.9,0.02,51,0,0,0,0,0,1,2,1,4,2.3025079149679604
5988,98.98,49,117,243.0,0.02,51,0,0,0,0,0,1,0,0,2,1.754310054788466
5989,99.01,49,145,239.4,0.02,51,0,0,0,0,0,1,1,0,0,1.7563466375477632
5990,99.03,47,140,212.9,0.02,47,0,0,0,1,1,0,3,1,1,1.7619444706778833
5991,99.05,47,153,211.4,0.02,47,0,0,0,1,1,0,3,1,3,1.5018572988465217
5992,99.05,5,16,15.3,0.02,5,0,0,0,1,1,0,3,1,1,2.3104895496244224
5993,99.07,49,116,243.2,0.02,51,0,0,0,0,0,1,0,0,1,1.7993935113401687
5994,99.1,49,141,239.6,0.02,51,0,0,0,0,0,1,1,0,2,1.5444830693813432
5995,99.12,49,125,240.3,0.02,51,0,0,0,0,0,1,2,0,1,1.9665071459259063
5996,99.13,33,73,147.7,0.02,33,0,0,0,1,1,0,5,1,0,1.8550817983947412
5997,99.14,38,100,171.9,0.02,38,0,0,0,1,1,0,3,1,1,1.9007564443228813
5998,99.17,49,151,238.5,0.02,51,0,0,0,0,0,1,1,0,3,1.5315918192261762
5999,99.2,48,182,212.1,0.02,48,0,0,0,1,1,0,4,1,7,1.5191579247087275
6000,99.22,49,150,237.8,0.02,51,0,0,0,0,0,1,2,1,1,1.7365344226838086
6001,99.23,25,68,116.1,0.02,26,0,0,0,1,1,0,2,2,1,2.0883728847341194
6002,99.25,49,133,241.6,0.02,51,0,0,0,0,0,1,0,0,0,1.9086085297090665
6003,99.28,49,147,239.2,0.02,51,0,0,0,0,0,1,1,0,0,1.7862698759053015
6004,99.29,49,121,242.8,0.02,51,0,0,0,0,0,1,0,0,0,1.8205327123845634
6005,99.31,49,128,242.1,0.02,51,0,0,0,0,0,1,0,1,0,1.8309895730389811
6006,99.34,49,133,240.1,0.02,51,0,0,0,0,0,1,1,0,5,1.596971790364723
6007,99.36,49,124,242.4,0.02,51,0,0,0,0,0,1,0,0,1,1.6238237725642577
6008,99.38,49,131,240.8,0.02,51,0,0,0,0,0,1,1,0,0,1.768630122827583
6009,99.4,49,136,240.1,0.02,51,0,0,0,0,0,1,1,0,2,1.7599360109401556
6010,99.42,46,117,213.2,0.02,46,0,0,0,1,1,0,0,3,1,1.7369216472024593
6011,99.44,49,135,241.2,0.02,51,0,0,0,0,0,1,0,1,2,1.7723015948390117
6012,99.46,49,132,240.7,0.02,51,0,0,0,0,0,1,1,0,0,1.7086467427162193
6013,99.48,49,133,238.6,0.02,51,0,0,0,0,0,1,3,0,0,1.7724390849212963
6014,99.5,49,141,239.8,0.02,51,0,0,0,0,0,1,1,1,0,1.7806608592461135
6015,99.52,49,126,242.3,0.02,51,0,0,0,0,0,1,0,0,0,1.7733444955723066
6016,99.54,49,130,240.9,0.02,51,0,0,0,0,0,1,1,0,0,1.604530758507583
6017,99.56,49,123,240.5,0.02,51,0,0,0,0,0,1,2,0,1,1.5004839615711372
6018,99.58,49,125,241.3,0.02,51,0,0,0,0,0,1,1,0,1,1.6707870031305996
6019,99.6,49,147,240.2,0.02,51,0,0,0,0,0,1,0,0,0,1.4652937460870967
6020,99.62,49,127,240.2,0.02,51,0,0,0,0,0,1,2,0,0,1.6093476918526481
6021,99.64,49,118,242.0,0.02,51,0,0,0,0,0,1,1,0,1,1.5977643627468805
6022,99.67,49,139,240.9,0.02,51,0,0,0,0,0,1,0,0,1,1.575838370501047
6023,99.69,49,129,242.0,0.02,51,0,0,0,0,0,1,0,0,0,1.5246662945143878
6024,99.71,49,148,239.1,0.02,51,0,0,0,0,0,1,1,0,0,1.5152356673892482
6025,99.72,12,33,48.5,0.02,12,0,0,0,1,1,0,3,1,2,2.249230020497819
6026,99.72,3,11,4.8,0.02,3,0,0,0,1,1,0,4,1,1,3.2167553885037874
6027,99.73,14,44,57.4,0.02,14,0,0,0,1,1,0,3,2,2,1.9345850547682995
6028,99.73,8,30,29.0,0.02,8,0,0,0,1,1,0,3,1,0,2.3130860150468786
6029,99.73,3,14,12.4,0.02,4,0,0,0,1,1,0,1,1,2,2.4928003006229837
6030,99.74,8,41,26.8,0.02,8,0,0,0,1,1,0,4,1,1,2.0085486853888415
6031,99.77,49,185,224.6,0.02,51,0,0,0,0,0,1,11,1,8,1.7529609967755329
6032,99.79,49,122,240.7,0.02,51,0,0,0,0,0,1,2,1,0,1.8659594864380973
6033,99.81,49,130,240.9,0.02,51,0,0,0,0,0,1,1,0,0,1.6925292718718954
6034,99.83,49,120,241.9,0.02,51,0,0,0,0,0,1,1,0,0,1.6992226899236822
6035,99.86,49,132,240.7,0.02,51,0,0,0,0,0,1,1,0,0,1.8233402911634136
6036,99.88,49,142,239.6,0.02,51,0,0,0,0,0,1,1,1,1,1.6517399553489815
6037,99.9,49,137,239.1,0.02,51,0,0,0,0,0,1,2,0,1,1.7893264151871984
6038,99.92,49,119,243.0,0.02,51,0,0,0,0,0,1,0,1,0,1.7278513915855735
6039,99.94,49,133,241.5,0.02,51,0,0,0,0,0,1,0,1,1,1.76266029973811
6040,99.95,30,63,138.7,0.02,30,0,0,0,1,1,0,0,1,0,1.6330596374969677
6041,99.97,49,142,239.6,0.02,51,0,0,0,0,0,1,1,1,1,1.6242468445487068
6042,99.99,49,126,241.3,0.02,51,0,0,0,0,0,1,1,0,0,1.7776464826745648
6043,100.01,49,120,241.8,0.02,51,0,0,0,0,0,1,1,0,1,1.5781421857381395
6044,100.02,23,66,102.2,0.02,23,0,0,0,1,1,0,1,1,2,1.6404315920253218
6045,100.04,49,134,240.5,0.02,51,0,0,0,0,0,1,1,0,0,1.6287797557796513
6046,100.06,49,121,242.8,0.02,51,0,0,0,0,0,1,0,0,0,1.697924171892914
6047,100.09,49,129,242.0,0.02,51,0,0,0,0,0,1,0,0,0,1.643789007149117
6048,100.11,50,141,228.9,0.02,50,0,0,0,1,1,0,2,4,0,1.808260624386184
6049,100.12,33,77,149.3,0.02,33,0,0,0,1,1,0,3,1,0,1.5057832481924553
6050,100.14,50,132,235.7,0.02,50,0,0,0,0,0,1,1,1,0,1.649022252070491
6051,100.16,49,125,242.4,0.02,51,0,0,0,0,0,1,0,0,0,1.6693306603004376
6052,100.18,49,132,241.6,0.02,51,0,0,0,0,0,1,0,0,1,1.520448643183071
6053,100.2,49,129,241.9,0.02,51,0,0,0,0,0,1,0,1,1,1.8746634128450061
6054,100.22,49,133,241.6,0.02,51,0,0,0,0,0,1,0,0,0,1.7587932427409134
6055,100.24,49,143,240.6,0.02,51,0,0,0,0,0,1,0,0,0,1.565096097207209
6056,100.25,9,23,34.7,0.02,9,0,0,0,1,1,0,3,1,0,2.4675225738974347
6057,100.27,49,143,238.5,0.02,51,0,0,0,0,0,1,2,1,1,1.5780583940457849
6058,100.29,49,127,240.1,0.02,51,0,0,0,0,0,1,2,0,1,1.685040798465694
6059,100.31,44,115,207.5,0.02,45,0,0,0,1,1,0,1,1,0,1.4780577467448226
6060,100.33,49,146,240.3,0.02,51,0,0,0,0,0,1,0,1,0,1.5946794496687275
6061,100.36,50,123,232.6,0.02,50,0,0,0,1,1,0,0,1,1,1.7957989778390864
6062,100.38,49,141,238.6,0.02,51,0,0,0,0,0,1,2,0,2,1.6170923831919466
6063,100.4,49,138,240.1,0.02,51,0,0,0,0,0,1,1,0,0,1.4606837141630724
6064,100.43,49,150,239.9,0.02,51,0,0,0,0,0,1,0,0,0,1.4124612748834118
6065,100.45,49,143,240.5,0.02,51,0,0,0,0,0,1,0,1,1,1.6321051544753027
6066,100.47,49,131,241.8,0.02,51,0,0,0,0,0,1,0,0,0,1.6579909342020966
6067,100.49,49,149,239.9,0.02,51,0,0,0,0,0,1,0,0,1,1.4159621913078326
6068,100.51,49,128,241.1,0.02,51,0,0,0,0,0,1,1,0,0,1.5974113312895053
6069,100.53,49,131,240.8,0.02,51,0,0,0,0,0,1,1,1,0,1.435333673132068
6070,100.55,49,120,242.8,0.02,51,0,0,0,0,0,1,0,0,1,2.044144133173524
6071,100.58,49,142,240.7,0.02,51,0,0,0,0,0,1,0,1,0,1.548976748537301
6072,100.6,49,156,238.1,0.02,51,0,0,0,0,0,1,1,0,2,1.5532599119370911
6073,100.62,49,135,241.4,0.02,51,0,0,0,0,0,1,0,0,0,1.5620994959942758
6074,100.65,49,135,241.4,0.02,51,0,0,0,0,0,1,0,1,0,1.5196565179938684
6075,100.67,49,131,240.8,0.02,51,0,0,0,0,0,1,1,1,0,1.7619234745970633
6076,100.69,49,133,241.6,0.02,51,0,0,0,0,0,1,0,0,0,1.639276722404804
6077,100.71,49,125,239.4,0.02,51,0,0,0,0,0,1,3,0,0,1.883429809637757
6078,100.73,49,137,240.2,0.02,51,0,0,0,0,0,1,1,1,0,1.6178954006588646
6079,100.75,49,131,241.8,0.02,51,0,0,0,0,0,1,0,0,0,1.5685499273694044
6080,100.77,49,133,240.6,0.02,51,0,0,0,0,0,1,1,0,0,1.664230838292574
6081,100.79,49,129,242.0,0.02,51,0,0,0,0,0,1,0,0,0,1.4675245613976104
6082,100.81,49,128,240.9,0.02,51,0,0,0,0,0,1,1,3,2,1.7314795735340114
6083,100.84,49,138,241.1,0.02,51,0,0,0,0,0,1,0,1,0,1.5235002948278955
6084,100.86,49,129,242.0,0.02,51,0,0,0,0,0,1,0,0,0,1.5907266007748715
6085,100.87,45,101,209.9,0.02,45,0,0,0,1,1,0,0,1,0,1.5342756604430914
6086,100.89,49,133,240.6,0.02,51,0,0,0,0,0,1,1,1,0,1.745479277214095
6087,100.92,49,147,240.0,0.02,51,0,0,0,0,0,1,0,0,2,1.75807892694229
6088,100.94,49,132,241.6,0.02,51,0,0,0,0,0,1,0,1,1,1.7115743624181525
6089,100.96,49,129,242.0,0.02,51,0,0,0,0,0,1,0,0,0,1.584904975832544
6090,100.98,49,142,239.7,0.02,51,0,0,0,0,0,1,1,0,0,1.7412689997823845
6091,101.0,49,115,242.4,0.02,51,0,0,0,0,0,1,1,0,0,1.543430538158889
6092,101.02,49,128,240.0,0.02,51,0,0,0,0,0,1,2,0,1,1.6029737235674655
6093,101.04,49,113,242.6,0.02,51,0,0,0,0,0,1,1,1,0,1.9451097630875314
6094,101.05,24,48,109.2,0.02,24,0,0,0,1,1,0,1,1,0,2.0304579433819083
6095,101.06,49,125,241.4,0.02,51,0,0,0,0,0,1,1,1,0,1.9193909328792802
6096,101.09,49,137,241.2,0.02,51,0,0,0,0,0,1,0,0,0,1.7172852157542642
6097,101.11,49,127,242.2,0.02,51,0,0,0,0,0,1,0,0,0,1.6156284640368619
6098,101.13,49,132,240.7,0.02,51,0,0,0,0,0,1,1,0,0,1.517081959054987
6099,101.15,49,125,242.3,0.02,51,0,0,0,0,0,1,0,1,1,1.5288607214848733
6100,101.17,49,127,241.1,0.02,51,0,0,0,0,0,1,1,1,1,1.7680418404866303
6101,101.19,49,150,239.9,0.02,51,0,0,0,0,0,1,0,0,0,1.564007269107327
6102,101.2,24,54,107.4,0.02,24,0,0,0,1,1,0,2,1,2,1.7583596660110743
6103,101.22,49,137,239.6,0.02,51,0,0,0,0,0,1,1,0,6,1.7136429451776294
6104,101.24,49,130,240.8,0.02,51,0,0,0,0,0,1,1,0,1,1.4356864356561378
6105,101.27,49,166,229.8,0.02,51,0,0,0,0,0,1,8,0,5,1.6710021384973421
6106,101.29,49,125,240.4,0.02,51,0,0,0,0,0,1,2,1,0,1.7288229696378128
6107,101.31,49,147,240.1,0.02,51,0,0,0,0,0,1,0,1,1,1.5875064031269164
6108,101.33,49,134,241.5,0.02,51,0,0,0,0,0,1,0,1,0,1.6311226089483217
6109,101.35,50,140,230.0,0.02,50,0,0,0,1,1,0,1,2,0,1.5803521796649942
6110,101.37,49,114,241.4,0.02,51,0,0,0,0,0,1,2,0,1,1.6302210029271942
6111,101.39,50,138,230.1,0.02,50,0,0,0,1,1,0,1,2,1,1.60016142115361
6112,101.41,49,138,240.1,0.02,51,0,0,0,0,0,1,1,0,0,1.5838302796960955
6113,101.44,49,134,239.5,0.02,51,0,0,0,0,0,1,2,0,0,1.624528440675225
6114,101.46,49,131,239.7,0.02,51,0,0,0,0,0,1,2,0,1,1.6351386132309862
6115,101.47,49,111,242.8,0.02,51,0,0,0,0,0,1,1,0,0,1.5903881607433488
6116,101.49,49,130,238.9,0.02,51,0,0,0,0,0,1,3,0,0,1.4911557226178989
6117,101.51,49,128,240.1,0.02,51,0,0,0,0,0,1,2,1,0,1.6774222191323744
6118,101.53,49,125,241.2,0.02,51,0,0,0,0,0,1,1,0,2,1.616180380130149
6119,101.56,49,138,241.1,0.02,51,0,0,0,0,0,1,0,1,0,1.4890384797317708
6120,101.58,49,128,240.9,0.02,51,0,0,0,0,0,1,1,0,2,1.5200065545816603
6121,101.6,49,147,238.1,0.02,51,0,0,0,0,0,1,2,0,1,1.6476779208008616
6122,101.62,49,146,240.2,0.02,51,0,0,0,0,0,1,0,0,1,1.6751519479680737
6123,101.64,49,132,241.5,0.02,51,0,0,0,0,0,1,0,1,2,1.7791955883201584
6124,101.66,49,133,238.6,0.02,51,0,0,0,0,0,1,3,0,0,1.6649173920363292
6125,101.69,49,126,242.3,0.02,51,0,0,0,0,0,1,0,0,0,1.7044698065036468
6126,101.71,49,142,237.7,0.02,51,0,0,0,0,0,1,3,0,0,1.5973962090511256
6127,101.73,49,131,241.8,0.02,51,0,0,0,0,0,1,0,0,0,1.4699022108614876
6128,101.75,49,137,240.2,0.02,51,0,0,0,0,0,1,1,1,0,1.5125116563298664
6129,101.77,49,130,224.9,0.02,49,0,0,0,1,1,0,2,1,1,1.5662757350770755
6130,101.79,49,137,240.1,0.02,51,0,0,0,0,0,1,1,0,1,1.6616267807257052
6131,101.81,49,133,240.6,0.02,51,0,0,0,0,0,1,1,1,0,1.6213061101022366
6132,101.83,49,134,240.5,0.02,51,0,0,0,0,0,1,1,0,0,1.6631680162418236
6133,101.86,49,139,240.0,0.02,51,0,0,0,0,0,1,1,0,0,1.3669701855047187
6134,101.88,49,131,241.7,0.02,51,0,0,0,0,0,1,0,0,1,1.4491131806083355
6135,101.89,32,80,146.0,0.02,32,0,0,0,1,1,0,1,1,0,1.707247785746533
6136,101.91,49,146,240.2,0.02,51,0,0,0,0,0,1,0,0,1,1.6776839219489494
6137,101.94,49,153,238.4,0.02,51,0,0,0,0,0,1,1,0,2,1.521428508216312
6138,101.95,49,114,242.5,0.02,51,0,0,0,0,0,1,1,0,0,1.78412926283661
6139,101.97,44,106,203.3,0.02,44,0,0,0,1,1,0,1,1,1,1.6098601319223487
6140,101.99,50,150,233.8,0.02,50,0,0,0,0,0,1,1,1,1,1.8247645856423986
6141,102.01,49,123,242.5,0.02,51,0,0,0,0,0,1,0,1,1,1.4562253484793184
6142,102.04,49,146,240.3,0.02,51,0,0,0,0,0,1,0,0,0,1.6394591506951934
6143,102.06,49,131,240.8,0.02,51,0,0,0,0,0,1,1,0,0,1.5762807738790032
6144,102.08,49,141,239.7,0.02,51,0,0,0,0,0,1,1,1,1,1.6082773425793742
6145,102.09,36,103,163.4,0.02,36,0,0,0,1,1,0,1,1,3,1.7932252736195153
6146,102.12,49,140,240.9,0.02,51,0,0,0,0,0,1,0,1,0,1.3951458375988086
6147,102.14,49,126,242.1,0.02,51,0,0,0,0,0,1,0,1,2,1.3515162570181836
6148,102.16,49,119,242.8,0.02,51,0,0,0,0,0,1,0,0,2,1.6171945950909616
6149,102.17,49,122,242.7,0.02,51,0,0,0,0,0,1,0,0,0,1.648179397135222
6150,102.19,49,130,241.9,0.02,51,0,0,0,0,0,1,0,1,0,1.7071851099813058
6151,102.2,18,40,80.0,0.02,18,0,0,0,1,1,0,1,1,0,1.8661894970342672
6152,102.22,49,146,239.2,0.02,51,0,0,0,0,0,1,1,0,1,1.6506651700224857
6153,102.25,49,143,240.4,0.02,51,0,0,0,0,0,1,0,0,2,1.5246190544566902
6154,102.25,17,39,73.1,0.02,17,0,0,0,1,1,0,3,1,0,1.7800207194916522
6155,102.27,49,132,241.7,0.02,51,0,0,0,0,0,1,0,1,0,1.5248511182896622
6156,102.29,49,123,242.4,0.02,51,0,0,0,0,0,1,0,0,2,1.5967647902424273
6157,102.32,49,151,239.8,0.02,51,0,0,0,0,0,1,0,0,0,1.3967374773983394
6158,102.34,49,132,239.7,0.02,51,0,0,0,0,0,1,2,0,0,1.6203439246770392
6159,102.36,49,137,240.2,0.02,51,0,0,0,0,0,1,1,1,0,1.7735942493496528
6160,102.38,49,131,240.7,0.02,51,0,0,0,0,0,1,1,0,1,1.7804554557799872
6161,102.4,49,132,241.6,0.02,51,0,0,0,0,0,1,0,0,1,1.7357317637730711
6162,102.42,49,125,242.4,0.02,51,0,0,0,0,0,1,0,1,0,1.76574122637657
6163,102.44,49,135,241.2,0.02,51,0,0,0,0,0,1,0,0,2,1.5761856566386268
6164,102.45,10,22,42.8,0.02,10,0,0,0,1,1,0,0,2,0,2.3426592221610743
6165,102.47,49,134,241.4,0.02,51,0,0,0,0,0,1,0,0,1,1.6978732230444837
6166,102.49,49,122,241.5,0.02,51,0,0,0,0,0,1,1,0,2,1.6618070946005405
6167,102.51,49,151,238.7,0.02,51,0,0,0,0,0,1,1,0,1,1.619752833848351
6168,102.53,49,135,240.3,0.02,51,0,0,0,0,0,1,1,0,1,1.7193246189732116
6169,102.55,49,125,242.4,0.02,51,0,0,0,0,0,1,0,0,0,1.79077137432206
6170,102.57,49,117,243.2,0.02,51,0,0,0,0,0,1,0,0,0,1.7500371823623289
6171,102.59,49,122,242.7,0.02,51,0,0,0,0,0,1,0,0,0,1.6329004249914474
6172,102.61,49,125,240.4,0.02,51,0,0,0,0,0,1,2,0,0,1.3916830527548063
6173,102.62,49,120,242.9,0.02,51,0,0,0,0,0,1,0,0,0,1.589045785305303
6174,102.65,49,146,240.3,0.02,51,0,0,0,0,0,1,0,0,0,1.611924489557392
6175,102.67,49,142,239.7,0.02,51,0,0,0,0,0,1,1,1,0,1.5197523275984783
6176,102.69,49,117,242.2,0.02,51,0,0,0,0,0,1,1,0,0,1.7649850892782593
6177,102.69,1,8,-2.8,0.02,1,0,0,0,1,1,0,2,1,0,4.309591791961633
6178,102.71,49,145,239.4,0.02,51,0,0,0,0,0,1,1,0,0,1.427081736892758
6179,102.73,49,132,240.6,0.02,51,0,0,0,0,0,1,1,1,1,1.7397450588135324
6180,102.75,49,138,241.1,0.02,51,0,0,0,0,0,1,0,0,0,1.554446073820195
6181,102.77,49,137,241.2,0.02,51,0,0,0,0,0,1,0,0,0,1.4801110528681447
6182,102.79,49,143,239.6,0.02,51,0,0,0,0,0,1,1,2,0,1.767906505233739
6183,102.8,23,43,104.6,0.02,23,0,0,0,1,1,0,1,1,1,1.9577079881747579
6184,102.82,49,140,239.9,0.02,51,0,0,0,0,0,1,1,0,0,1.5876320535089155
6185,102.84,49,133,241.5,0.02,51,0,0,0,0,0,1,0,1,1,1.5091118246573965
6186,102.86,49,122,241.7,0.02,51,0,0,0,0,0,1,1,0,0,1.5658248558173182
6187,102.88,49,128,241.1,0.02,51,0,0,0,0,0,1,1,0,0,1.5827734943427028
6188,102.9,49,124,242.5,0.02,51,0,0,0,0,0,1,0,0,0,1.6823784730519358
6189,102.92,50,138,226.1,0.02,50,0,0,0,1,1,0,5,2,1,1.628839559979306
6190,102.94,49,129,242.0,0.02,51,0,0,0,0,0,1,0,0,0,1.5807691343545094
6191,102.96,49,133,241.5,0.02,51,0,0,0,0,0,1,0,1,1,1.574883065225508
6192,102.98,49,133,241.5,0.02,51,0,0,0,0,0,1,0,0,1,1.5855883539978675
6193,103.0,49,135,239.4,0.02,51,0,0,0,0,0,1,2,0,0,1.494300377548007
6194,103.02,49,135,241.4,0.02,51,0,0,0,0,0,1,0,0,0,1.547214009003059
6195,103.05,49,164,238.2,0.02,51,0,0,0,0,0,1,0,0,3,1.5884936371215614
6196,103.07,49,125,242.3,0.02,51,0,0,0,0,0,1,0,0,1,1.6155831848568571
6197,103.09,49,133,239.6,0.02,51,0,0,0,0,0,1,2,0,0,1.5529842036380437
6198,103.11,49,141,237.8,0.02,51,0,0,0,0,0,1,3,1,0,1.7420153854386333
6199,103.13,49,119,242.0,0.02,51,0,0,0,0,0,1,1,0,0,1.631187903852416
6200,103.15,49,134,240.3,0.02,51,0,0,0,0,0,1,1,0,2,1.774423438153633
6201,103.17,49,127,240.2,0.02,51,0,0,0,0,0,1,2,0,0,1.5600954401113665
6202,103.19,49,137,241.1,0.02,51,0,0,0,0,0,1,0,1,1,1.5869404356843129
6203,103.21,49,153,239.6,0.02,51,0,0,0,0,0,1,0,0,0,1.664534114623368
6204,103.23,49,141,240.7,0.02,51,0,0,0,0,0,1,0,1,1,1.5845987511776602
6205,103.25,49,125,242.4,0.02,51,0,0,0,0,0,1,0,1,0,1.8266601578828405
6206,103.26,8,22,37.8,0.02,9,0,0,0,1,1,0,0,1,0,2.2951016231014054
6207,103.27,34,81,152.8,0.02,34,0,0,0,1,1,0,4,1,1,1.8133847981003706
6208,103.29,49,111,241.8,0.02,51,0,0,0,0,0,1,2,0,0,1.8590555571705996
6209,103.31,49,127,242.2,0.02,51,0,0,0,0,0,1,0,0,0,1.733171729565699
6210,103.33,49,128,241.0,0.02,51,0,0,0,0,0,1,1,1,1,1.6894128714000325
6211,103.35,49,146,239.2,0.02,51,0,0,0,0,0,1,1,1,1,1.5462532926511143
6212,103.36,31,67,140.3,0.02,31,0,0,0,1,1,0,3,1,0,1.8192292084224975
6213,103.38,49,153,237.6,0.02,51,0,0,0,0,0,1,2,1,0,1.5616282279210978
6214,103.4,49,124,242.4,0.02,51,0,0,0,0,0,1,0,0,1,1.6837674926791255
6215,103.42,49,124,242.5,0.02,51,0,0,0,0,0,1,0,1,0,1.7259894522184254
6216,103.44,49,130,241.9,0.02,51,0,0,0,0,0,1,0,0,0,1.5665019268631573
6217,103.45,49,101,244.8,0.02,51,0,0,0,0,0,1,0,0,0,1.651051656494016
6218,103.48,49,140,239.9,0.02,51,0,0,0,0,0,1,1,0,0,1.7298421782939728
6219,103.5,49,139,241.0,0.02,51,0,0,0,0,0,1,0,0,0,1.5188783676703062
6220,103.52,49,124,242.4,0.02,51,0,0,0,0,0,1,0,1,1,1.5304846624119433
6221,103.54,50,141,234.8,0.02,50,0,0,0,0,0,1,1,2,0,1.4203238820598534
6222,103.56,49,125,242.4,0.02,51,0,0,0,0,0,1,0,0,0,1.5795847318172191
6223,103.58,49,138,239.1,0.02,51,0,0,0,0,0,1,2,0,0,1.389015740085172
6224,103.6,49,128,242.1,0.02,51,0,0,0,0,0,1,0,0,0,1.7458300753369713
6225,103.62,49,136,240.3,0.02,51,0,0,0,0,0,1,1,0,0,1.4970545459463158
6226,103.63,36,85,166.5,0.02,36,0,0,0,1,1,0,0,1,0,1.7728486325907562
6227,103.65,47,111,218.9,0.02,47,0,0,0,1,1,0,0,1,0,1.7438658982552384
6228,103.67,49,138,241.0,0.02,51,0,0,0,0,0,1,0,0,1,1.4143126674042863
6229,103.69,49,125,242.3,0.02,51,0,0,0,0,0,1,0,1,1,1.685448329508254
6230,103.71,49,137,239.0,0.02,51,0,0,0,0,0,1,2,0,2,1.6180152762725932
6231,103.73,49,119,243.0,0.02,51,0,0,0,0,0,1,0,2,0,1.8279045513094112
6232,103.75,49,115,243.2,0.02,51,0,0,0,0,0,1,0,0,2,1.7593761674321104
6233,103.77,49,137,241.2,0.02,51,0,0,0,0,0,1,0,1,0,1.4121664121555515
6234,103.79,49,139,238.9,0.02,51,0,0,0,0,0,1,2,2,1,1.501731774790855
6235,103.81,49,142,239.7,0.02,51,0,0,0,0,0,1,1,0,0,1.8224213620222118
6236,103.83,49,121,242.6,0.02,51,0,0,0,0,0,1,0,0,2,1.7432719642407506
6237,103.85,49,116,243.3,0.02,51,0,0,0,0,0,1,0,0,0,1.8340499971214943
6238,103.87,49,132,241.7,0.02,51,0,0,0,0,0,1,0,0,0,1.6162685851542724
6239,103.89,49,131,241.8,0.02,51,0,0,0,0,0,1,0,0,0,1.7326817358895388
6240,103.9,37,90,165.9,0.02,37,0,0,0,1,1,0,5,1,1,1.6432823004904225
6241,103.92,49,147,240.1,0.02,51,0,0,0,0,0,1,0,2,1,1.5316324703597808
6242,103.95,49,144,240.5,0.02,51,0,0,0,0,0,1,0,2,0,1.5010927849617466
6243,103.97,33,141,141.9,0.02,33,0,0,0,1,1,0,4,1,0,1.5285871330583873
6244,103.98,33,65,151.5,0.02,33,0,0,0,1,1,0,2,1,0,2.1561263433427196
6245,103.98,8,19,30.1,0.02,8,0,0,0,1,1,0,3,1,0,2.4907431168683134
6246,104.0,49,124,242.5,0.02,51,0,0,0,0,0,1,0,0,0,1.806548477191163
6247,104.02,49,135,240.4,0.02,51,0,0,0,0,0,1,1,0,0,1.7156442686943032
6248,104.04,49,122,241.5,0.02,51,0,0,0,0,0,1,1,0,2,1.815505535898282
6249,104.06,49,135,239.3,0.02,51,0,0,0,0,0,1,2,0,1,1.8968292379419192
6250,104.06,11,25,45.2,0.02,11,0,0,0,1,1,0,2,1,3,2.4282479023775814
6251,104.07,2,11,-0.1,0.02,2,0,0,0,1,1,0,4,1,0,3.2747750379323506
6252,104.07,1,8,-3.8,0.02,1,0,0,0,1,1,0,3,1,0,4.733662769313734
6253,104.09,49,134,240.1,0.02,51,0,0,0,0,0,1,1,0,4,1.6587691733773267
6254,104.11,49,128,242.1,0.02,51,0,0,0,0,0,1,0,1,0,1.7184266252343274
6255,104.13,49,144,240.4,0.02,51,0,0,0,0,0,1,0,1,1,1.6901009262610094
6256,104.15,49,107,244.2,0.02,51,0,0,0,0,0,1,0,0,0,1.6053201395187415
6257,104.17,49,130,240.9,0.02,51,0,0,0,0,0,1,1,1,0,1.4881031849625181
6258,104.19,49,134,241.4,0.02,51,0,0,0,0,0,1,0,0,1,1.5487930705863124
6259,104.21,49,124,242.4,0.02,51,0,0,0,0,0,1,0,1,1,1.6029008337144162
6260,104.23,49,138,239.1,0.02,51,0,0,0,0,0,1,2,1,0,1.6030905138405116
6261,104.25,49,149,240.0,0.02,51,0,0,0,0,0,1,0,0,0,1.6106065276063366
6262,104.27,49,125,241.4,0.02,51,0,0,0,0,0,1,1,0,0,1.4516630104381616
6263,104.29,49,145,240.3,0.02,51,0,0,0,0,0,1,0,0,1,1.6200782290374078
6264,104.31,49,130,240.9,0.02,51,0,0,0,0,0,1,1,0,0,1.8808072395541513
6265,104.33,49,114,243.4,0.02,51,0,0,0,0,0,1,0,0,1,1.7413256322468054
6266,104.35,49,148,240.0,0.02,51,0,0,0,0,0,1,0,0,1,1.8361325981491543
6267,104.37,49,117,243.1,0.02,51,0,0,0,0,0,1,0,2,1,1.7438861758454942
6268,104.39,49,125,241.4,0.02,51,0,0,0,0,0,1,1,0,0,1.6571225972197627
6269,104.41,49,139,240.0,0.02,51,0,0,0,0,0,1,1,0,0,1.3349236435163285
6270,104.43,49,128,242.0,0.02,51,0,0,0,0,0,1,0,0,1,1.532972507623501
6271,104.45,49,132,241.4,0.02,51,0,0,0,0,0,1,0,0,3,1.6596315073791539
6272,104.47,49,120,241.8,0.02,51,0,0,0,0,0,1,1,1,1,1.7590432403962206
6273,104.49,49,133,240.5,0.02,51,0,0,0,0,0,1,1,0,1,1.6778642321773598
6274,104.51,49,111,242.8,0.02,51,0,0,0,0,0,1,1,0,0,1.7994514745509278
6275,104.52,49,123,240.5,0.02,51,0,0,0,0,0,1,2,0,1,1.7061543859559127
6276,104.55,49,140,238.9,0.02,51,0,0,0,0,0,1,2,0,0,1.648079205030964
6277,104.57,49,138,240.1,0.02,51,0,0,0,0,0,1,1,0,0,1.546996790107007
6278,104.58,24,51,113.7,0.02,25,0,0,0,1,1,0,1,1,2,1.6358010750449963
6279,104.58,4,14,11.4,0.02,4,0,0,0,1,1,0,2,1,2,3.596789303047348
6280,104.58,4,17,17.1,0.02,5,0,0,0,1,1,0,1,1,2,2.381623595275492
6281,104.59,6,23,18.6,0.02,6,0,0,0,1,1,0,4,1,1,2.5829233822042723
6282,104.6,29,65,131.2,0.02,29,0,0,0,1,1,0,2,1,3,2.1127589122879926
6283,104.6,4,22,8.6,0.02,4,0,0,0,1,1,0,4,1,2,2.1513933488659167
6284,104.61,20,46,87.4,0.02,20,0,0,0,1,1,0,3,1,0,1.7999574991688163
6285,104.62,28,100,119.8,0.02,28,0,0,0,1,1,0,5,3,2,1.602542679958757
6286,104.63,1,9,-5.9,0.02,1,0,0,0,1,1,0,5,1,0,3.790352289326421
6287,104.65,49,138,236.1,0.02,51,0,0,0,0,0,1,5,0,0,1.693965583203832
6288,104.67,49,133,240.6,0.02,51,0,0,0,0,0,1,1,2,0,1.6286057210693945
6289,104.69,49,139,239.9,0.02,51,0,0,0,0,0,1,1,0,1,1.7117780565913063
6290,104.71,49,136,241.2,0.02,51,0,0,0,0,0,1,0,0,1,1.6521429818261324
6291,104.71,8,17,30.3,0.02,8,0,0,0,1,1,0,3,1,0,2.9015653146889235
6292,104.72,29,57,131.3,0.02,29,0,0,0,1,1,0,3,1,0,1.9250397015649596
6293,104.75,49,148,240.1,0.02,51,0,0,0,0,0,1,0,1,0,1.584505458011707
6294,104.77,49,129,239.9,0.02,51,0,0,0,0,0,1,2,1,1,1.7223769228314971
6295,104.79,49,140,240.9,0.02,51,0,0,0,0,0,1,0,1,0,1.5501030118342634
6296,104.81,49,134,240.5,0.02,51,0,0,0,0,0,1,1,0,0,1.4832011111674344
6297,104.83,49,131,241.7,0.02,51,0,0,0,0,0,1,0,1,1,1.6839130732393335
6298,104.85,49,133,241.6,0.02,51,0,0,0,0,0,1,0,0,0,1.584358759267693
6299,104.87,49,150,238.9,0.02,51,0,0,0,0,0,1,1,0,0,1.6407131520781673
6300,104.89,49,136,240.3,0.02,51,0,0,0,0,0,1,1,0,0,1.697954792873773
6301,104.91,49,146,239.2,0.02,51,0,0,0,0,0,1,1,2,1,1.8023616564893026
6302,104.93,49,130,241.9,0.02,51,0,0,0,0,0,1,0,1,0,1.6378769941572087
6303,104.95,49,126,241.2,0.02,51,0,0,0,0,0,1,1,1,1,1.7612960112394005
6304,104.98,49,141,237.8,0.02,51,0,0,0,0,0,1,3,0,0,1.6441587980835182
6305,105.0,49,141,237.8,0.02,51,0,0,0,0,0,1,3,0,0,1.4663449649570146
6306,105.02,49,123,241.6,0.02,51,0,0,0,0,0,1,1,1,0,1.7596178974660261
6307,105.04,49,140,239.9,0.02,51,0,0,0,0,0,1,1,0,0,1.5139974050713967
6308,105.06,49,152,236.7,0.02,51,0,0,0,0,0,1,3,0,0,1.567241962631269
6309,105.08,49,122,241.7,0.02,51,0,0,0,0,0,1,1,0,0,1.6030604681839569
6310,105.1,49,121,241.7,0.02,51,0,0,0,0,0,1,1,0,1,1.7012723060658552
6311,105.12,49,140,239.9,0.02,51,0,0,0,0,0,1,1,1,0,1.5866498215514744
6312,105.14,49,128,242.0,0.02,51,0,0,0,0,0,1,0,0,1,1.5077560672613637
6313,105.17,49,128,241.1,0.02,51,0,0,0,0,0,1,1,1,0,1.6055209883231165
6314,105.19,49,132,240.6,0.02,51,0,0,0,0,0,1,1,0,1,1.6665567333110167
6315,105.2,49,115,241.3,0.02,51,0,0,0,0,0,1,2,1,1,1.5073670506511905
6316,105.23,49,144,240.5,0.02,51,0,0,0,0,0,1,0,1,0,1.5036269671916964
6317,105.23,4,13,11.7,0.02,4,0,0,0,1,1,0,2,1,0,4.076998843447011
6318,105.25,49,154,238.4,0.02,51,0,0,0,0,0,1,1,1,1,1.5170016681518053
6319,105.27,49,126,240.3,0.02,51,0,0,0,0,0,1,2,0,0,1.7301077030242111
6320,105.29,49,136,241.3,0.02,51,0,0,0,0,0,1,0,1,0,1.6670896696119704
6321,105.31,49,120,241.8,0.02,51,0,0,0,0,0,1,1,1,1,1.631426209648586
6322,105.34,49,136,240.2,0.02,51,0,0,0,0,0,1,1,1,1,1.873509022780324
6323,105.36,49,128,242.0,0.02,51,0,0,0,0,0,1,0,0,1,1.6638522961143645
6324,105.38,42,99,195.1,0.02,42,0,0,0,1,1,0,0,1,0,1.6969897271394248
6325,105.4,49,131,241.8,0.02,51,0,0,0,0,0,1,0,0,0,1.7598413725480246
6326,105.42,49,126,242.2,0.02,51,0,0,0,0,0,1,0,0,1,1.8282722626274004
6327,105.44,49,133,241.5,0.02,51,0,0,0,0,0,1,0,1,1,1.6523555761627218
6328,105.46,49,138,241.1,0.02,51,0,0,0,0,0,1,0,2,0,1.823821088280235
6329,105.49,49,140,240.9,0.02,51,0,0,0,0,0,1,0,1,0,1.6173329901112417
6330,105.51,49,143,239.5,0.02,51,0,0,0,0,0,1,1,0,1,1.5553395225218467
6331,105.53,49,130,241.9,0.02,51,0,0,0,0,0,1,0,1,0,1.6017020976680105
6332,105.55,49,121,241.8,0.02,51,0,0,0,0,0,1,1,0,0,1.6757722999189277
6333,105.57,49,135,241.3,0.02,51,0,0,0,0,0,1,0,0,1,1.730616944013378
6334,105.59,49,117,243.2,0.02,51,0,0,0,0,0,1,0,0,0,1.8239608414413881
6335,105.61,49,139,240.0,0.02,51,0,0,0,0,0,1,1,0,0,1.949729695599237
6336,105.63,49,122,242.7,0.02,51,0,0,0,0,0,1,0,0,0,1.6316502799921282
6337,105.64,30,97,133.2,0.02,30,0,0,0,1,1,0,2,1,1,1.781142771778188
6338,105.66,45,135,203.5,0.02,45,0,0,0,1,1,0,3,1,0,1.736280931088819
6339,105.66,0,7,-9.7,0.02,0,0,0,0,1,1,0,4,1,0,4.582275953326664
6340,105.67,0,9,-9.9,0.02,0,0,0,0,1,1,0,4,1,0,3.5293287419164443
6341,105.68,22,62,93.6,0.02,22,0,0,0,1,1,0,5,1,2,1.6631624890683054
6342,105.69,24,69,105.0,0.02,24,0,0,0,1,1,0,3,1,1,1.727105360741261
6343,105.7,27,66,123.2,0.02,27,0,0,0,1,1,0,0,1,2,2.0997387268024843
6344,105.71,18,43,77.7,0.02,18,0,0,0,1,1,0,3,1,0,1.822755920160493
6345,105.71,8,29,29.7,0.02,8,0,0,0,1,1,0,2,1,4,2.2852333607095536
6346,105.72,17,40,72.7,0.02,17,0,0,0,1,1,0,3,1,3,1.6033548958336794
6347,105.74,49,143,237.6,0.02,51,0,0,0,0,0,1,3,1,0,1.6305812712760006
6348,105.76,19,58,80.2,0.02,19,0,0,0,1,1,0,4,1,0,1.877205919953891
6349,105.78,49,132,241.6,0.02,51,0,0,0,0,0,1,0,0,1,1.770466299327387
6350,105.79,31,81,136.7,0.02,31,0,0,0,1,1,0,5,1,2,1.7574254632111417
6351,105.79,0,9,-8.0,0.02,0,0,0,0,1,1,0,2,1,1,3.3534827260736693
6352,105.82,49,145,240.4,0.02,51,0,0,0,0,0,1,0,0,0,1.612316360029745
6353,105.82,12,34,46.5,0.02,12,0,0,0,1,1,0,5,1,1,2.1468532776579785
6354,105.85,49,141,240.8,0.02,51,0,0,0,0,0,1,0,2,0,1.6070685729319267
6355,105.86,42,98,194.2,0.02,42,0,0,0,1,1,0,1,1,0,2.043455768760674
6356,105.88,49,135,240.4,0.02,51,0,0,0,0,0,1,1,1,0,1.8631964235471496
6357,105.9,49,144,239.5,0.02,51,0,0,0,0,0,1,1,0,0,1.6470221943818406
6358,105.92,49,124,241.3,0.02,51,0,0,0,0,0,1,1,0,2,1.8525495820911673
6359,105.95,49,139,239.0,0.02,51,0,0,0,0,0,1,2,0,0,1.6241238099710498
6360,105.97,49,126,242.3,0.02,51,0,0,0,0,0,1,0,0,0,1.7324539443174511
6361,105.98,49,118,241.0,0.02,51,0,0,0,0,0,1,2,0,1,1.7799144097597426
6362,106.0,35,88,160.1,0.02,35,0,0,0,1,1,0,1,1,1,1.5596581077203313
6363,106.02,49,117,243.2,0.02,51,0,0,0,0,0,1,0,1,0,1.7128945771975017
6364,106.04,49,164,237.4,0.02,51,0,0,0,0,0,1,1,0,1,1.6214051350040253
6365,106.07,49,140,239.9,0.02,51,0,0,0,0,0,1,1,0,0,1.4204596730246013
6366,106.09,49,126,241.3,0.02,51,0,0,0,0,0,1,1,0,0,1.6109221204778486
6367,106.11,49,143,239.5,0.02,51,0,0,0,0,0,1,1,0,1,1.5388446362854968
6368,106.13,49,139,240.8,0.02,51,0,0,0,0,0,1,0,0,2,1.675660705074221
6369,106.14,16,36,70.4,0.02,16,0,0,0,1,1,0,1,1,0,2.173817326351189
6370,106.16,49,129,240.9,0.02,51,0,0,0,0,0,1,1,0,1,1.6061255649826882
6371,106.18,49,133,240.6,0.02,51,0,0,0,0,0,1,1,1,0,1.8808131848438965
6372,106.19,27,58,123.2,0.02,27,0,0,0,1,1,0,1,1,0,1.8023431936942673
6373,106.19,6,13,20.7,0.02,6,0,0,0,1,1,0,3,1,0,4.145116005195154
6374,106.2,12,27,50.3,0.02,12,0,0,0,1,1,0,2,1,0,1.812956610720104
6375,106.22,49,136,241.3,0.02,51,0,0,0,0,0,1,0,0,0,1.6906739764090941
6376,106.24,49,131,240.6,0.02,51,0,0,0,0,0,1,1,0,2,1.6230506944355614
6377,106.25,25,63,114.7,0.02,26,0,0,0,1,1,0,4,1,0,1.6766078585310156
6378,106.25,9,23,34.5,0.02,9,0,0,0,1,1,0,3,1,2,2.0537502435985906
6379,106.26,5,13,13.7,0.02,5,0,0,0,1,1,0,5,1,0,3.2374509783386425
6380,106.26,10,24,38.6,0.02,10,0,0,0,1,1,0,4,1,0,2.420250381678967
6381,106.28,47,130,215.9,0.02,47,0,0,0,1,1,0,1,1,1,1.829984317109047
6382,106.29,18,42,79.8,0.02,18,0,0,0,1,1,0,1,1,0,1.9898447947228637
6383,106.31,49,149,238.9,0.02,51,0,0,0,0,0,1,1,0,1,1.5523949922714335
6384,106.33,49,135,241.4,0.02,51,0,0,0,0,0,1,0,0,0,1.6531192682220113
6385,106.36,50,148,233.6,0.02,50,0,0,0,0,0,1,1,1,5,1.9501919007971087
6386,106.38,49,136,239.3,0.02,51,0,0,0,0,0,1,2,1,0,1.7933932114625541
6387,106.4,49,127,242.1,0.02,51,0,0,0,0,0,1,0,0,1,1.618617793155694
6388,106.42,49,139,240.0,0.02,51,0,0,0,0,0,1,1,0,0,1.7212188907984178
6389,106.44,49,130,241.9,0.02,51,0,0,0,0,0,1,0,1,0,1.6936170175033312
6390,106.46,49,146,240.1,0.02,51,0,0,0,0,0,1,0,1,2,1.4788307652752337
6391,106.48,49,130,241.9,0.02,51,0,0,0,0,0,1,0,1,0,1.70411173488765
6392,106.5,49,120,241.9,0.02,51,0,0,0,0,0,1,1,2,0,1.4968204102919909
6393,106.52,49,130,239.9,0.02,51,0,0,0,0,0,1,2,0,0,1.6895384674507483
6394,106.55,49,143,240.6,0.02,51,0,0,0,0,0,1,0,0,0,1.4837657650939875
6395,106.57,49,130,240.8,0.02,51,0,0,0,0,0,1,1,1,1,1.7478349042784926
6396,106.59,49,128,242.1,0.02,51,0,0,0,0,0,1,0,0,0,1.6621136347787302
6397,106.61,49,130,240.9,0.02,51,0,0,0,0,0,1,1,0,0,1.655130873165446
6398,106.63,49,148,238.0,0.02,51,0,0,0,0,0,1,2,0,1,1.7412038897381563
6399,106.65,49,145,239.3,0.02,51,0,0,0,0,0,1,1,1,1,1.5681889100014312
6400,106.67,49,129,241.0,0.02,51,0,0,0,0,0,1,1,0,0,1.5798444475014115
6401,106.7,49,144,239.4,0.02,51,0,0,0,0,0,1,1,1,1,1.8380946808730414
6402,106.72,49,118,242.1,0.02,51,0,0,0,0,0,1,1,0,0,1.717191745357487
6403,106.73,37,77,172.3,0.02,37,0,0,0,1,1,0,0,1,0,1.6766616780465031
6404,106.75,49,131,239.7,0.02,51,0,0,0,0,0,1,2,1,1,1.5880433957601565
6405,106.77,49,138,240.1,0.02,51,0,0,0,0,0,1,1,0,0,1.709508903271192
6406,106.79,49,135,241.4,0.02,51,0,0,0,0,0,1,0,0,0,1.4994860484426085
6407,106.81,49,119,242.0,0.02,51,0,0,0,0,0,1,1,0,0,1.5712440852286464
6408,106.83,49,132,241.6,0.02,51,0,0,0,0,0,1,0,0,1,1.477294103122384
6409,106.85,49,119,243.0,0.02,51,0,0,0,0,0,1,0,1,0,1.7712482931611317
6410,106.87,49,117,241.2,0.02,51,0,0,0,0,0,1,2,0,0,1.6694558216782542
6411,106.89,49,124,241.5,0.02,51,0,0,0,0,0,1,1,0,0,1.4932024265771122
6412,106.89,0,7,-8.7,0.02,0,0,0,0,1,1,0,3,1,0,4.67317313962158
6413,106.91,49,129,242.0,0.02,51,0,0,0,0,0,1,0,0,0,1.704591860372069
6414,106.92,29,70,131.9,0.02,29,0,0,0,1,1,0,1,1,1,1.4862238450723222
6415,106.95,49,143,239.6,0.02,51,0,0,0,0,0,1,1,0,0,1.7176198647602527
6416,106.97,49,132,241.6,0.02,51,0,0,0,0,0,1,0,0,1,1.6612866531565498
6417,106.99,50,145,234.3,0.02,50,0,0,0,0,0,1,1,1,1,1.4631148285135906
6418,107.01,49,131,237.7,0.02,51,0,0,0,0,0,1,4,1,1,1.563408366884726
6419,107.01,2,13,0.7,0.02,2,0,0,0,1,1,0,3,1,0,2.9418766047707354
6420,107.02,21,64,92.6,0.02,21,0,0,0,1,1,0,1,1,0,1.710437546880144
6421,107.05,49,134,240.4,0.02,51,0,0,0,0,0,1,1,0,1,1.7014741251915726
6422,107.07,49,120,241.8,0.02,51,0,0,0,0,0,1,1,1,1,1.6024403980696484
6423,107.09,49,125,241.4,0.02,51,0,0,0,0,0,1,1,0,0,1.6120660603377879
6424,107.11,49,145,238.2,0.02,51,0,0,0,0,0,1,2,3,2,1.6484252046822447
6425,107.13,49,135,239.4,0.02,51,0,0,0,0,0,1,2,0,0,1.667973960051456
6426,107.15,49,126,241.2,0.02,51,0,0,0,0,0,1,1,0,1,1.7463866300267052
6427,107.17,49,138,241.0,0.02,51,0,0,0,0,0,1,0,0,1,1.4989363264701465
6428,107.19,49,134,241.5,0.02,51,0,0,0,0,0,1,0,1,0,1.6815173665080756
6429,107.21,49,125,241.3,0.02,51,0,0,0,0,0,1,1,2,1,1.638140425577695
6430,107.23,49,135,239.2,0.02,51,0,0,0,0,0,1,2,0,2,1.6011656664376244
6431,107.24,20,41,89.9,0.02,20,0,0,0,1,1,0,1,2,0,2.1181164395322196
6432,107.26,49,134,241.4,0.02,51,0,0,0,0,0,1,0,2,1,1.801944446171626
6433,107.28,49,125,239.4,0.02,51,0,0,0,0,0,1,3,0,0,1.7708630172871804
6434,107.3,49,126,242.2,0.02,51,0,0,0,0,0,1,0,0,1,1.7441398384664297
6435,107.31,17,35,72.5,0.02,17,0,0,0,1,1,0,4,1,0,2.3255665389604645
6436,107.33,49,148,240.1,0.02,51,0,0,0,0,0,1,0,0,0,1.3519281627980348
6437,107.35,48,117,219.3,0.02,48,0,0,0,1,1,0,4,2,0,1.6638186223467777
6438,107.37,49,129,242.0,0.02,51,0,0,0,0,0,1,0,0,0,1.7015571231980888
6439,107.38,16,45,70.5,0.02,16,0,0,0,1,1,0,0,1,0,1.9567836966726133
6440,107.4,49,135,240.4,0.02,51,0,0,0,0,0,1,1,0,0,1.6179781995750375
6441,107.41,39,93,178.7,0.02,39,0,0,0,1,1,0,2,1,0,1.5973454845467414
6442,107.42,12,21,52.9,0.02,12,0,0,0,1,1,0,0,1,0,2.1416706409781954
6443,107.44,49,125,241.4,0.02,51,0,0,0,0,0,1,1,0,0,1.5574837902947944
6444,107.44,6,15,20.5,0.02,6,0,0,0,1,1,0,3,1,0,3.032819872771633
6445,107.46,49,137,239.2,0.02,51,0,0,0,0,0,1,2,0,0,1.6156566521860434
6446,107.47,14,33,58.7,0.02,14,0,0,0,1,1,0,3,1,0,2.046268570283221
6447,107.49,49,148,239.1,0.02,51,0,0,0,0,0,1,1,0,0,1.5969654506767992
6448,107.51,49,146,240.3,0.02,51,0,0,0,0,0,1,0,0,0,1.674190852996814
6449,107.56,49,309,223.0,0.02,51,0,0,0,0,0,1,1,0,0,1.1260216697556602
6450,107.58,49,137,238.2,0.02,51,0,0,0,0,0,1,3,1,0,1.5905321773928265
6451,107.6,49,128,242.1,0.02,51,0,0,0,0,0,1,0,0,0,1.6070093627552573
6452,107.62,49,113,243.6,0.02,51,0,0,0,0,0,1,0,0,0,1.5873339200701717
6453,107.64,49,129,242.0,0.02,51,0,0,0,0,0,1,0,0,0,1.6686314770174
6454,107.66,49,128,242.1,0.02,51,0,0,0,0,0,1,0,0,0,1.513939492820954
6455,107.68,49,116,243.3,0.02,51,0,0,0,0,0,1,0,0,0,1.759092789640112
6456,107.7,49,148,238.9,0.02,51,0,0,0,0,0,1,1,2,2,1.912826661720527
6457,107.72,49,140,239.8,0.02,51,0,0,0,0,0,1,1,0,1,1.7789531855559513
6458,107.72,3,9,6.1,0.02,3,0,0,0,1,1,0,3,1,0,4.250898274664788
6459,107.74,49,131,240.7,0.02,51,0,0,0,0,0,1,1,1,1,1.9230953327380313
6460,107.77,49,142,238.7,0.02,51,0,0,0,0,0,1,2,1,0,1.7332363320159645
6461,107.79,49,134,241.4,0.02,51,0,0,0,0,0,1,0,0,1,1.5706683333248415
6462,107.79,7,15,26.5,0.02,7,0,0,0,1,1,0,2,1,0,3.065340500341041
6463,107.8,12,27,49.3,0.02,12,0,0,0,1,1,0,3,1,0,2.1336578852833843
6464,107.82,49,136,240.3,0.02,51,0,0,0,0,0,1,1,0,0,1.8007918904192952
6465,107.84,49,136,241.2,0.02,51,0,0,0,0,0,1,0,0,1,1.6208299275204363
6466,107.84,2,11,3.9,0.02,2,0,0,0,1,1,0,0,1,0,3.0031677380251294
6467,107.84,3,9,9.1,0.02,3,0,0,0,1,1,0,0,1,0,3.325089322600639
6468,107.85,4,29,9.1,0.02,4,0,0,0,1,1,0,3,1,0,2.5775331673171
6469,107.88,49,128,242.0,0.02,51,0,0,0,0,0,1,0,1,1,1.838532605641992
6470,107.9,49,145,239.4,0.02,51,0,0,0,0,0,1,1,1,0,1.6417323748410932
6471,107.92,49,120,242.8,0.02,51,0,0,0,0,0,1,0,0,1,1.6673872070083362
6472,107.94,49,119,242.8,0.02,51,0,0,0,0,0,1,0,2,2,1.7060305016354647
6473,107.96,49,135,240.4,0.02,51,0,0,0,0,0,1,1,0,0,1.5570883561528925
6474,107.98,49,135,241.3,0.02,51,0,0,0,0,0,1,0,1,1,1.595617692226751
6475,108.0,49,139,240.9,0.02,51,0,0,0,0,0,1,0,1,1,1.757355234109916
6476,108.02,49,111,228.9,0.02,49,0,0,0,1,1,0,0,1,0,1.5273835807179166
6477,108.05,49,122,240.6,0.02,51,0,0,0,0,0,1,2,1,1,1.5571053932687844
6478,108.07,49,128,241.1,0.02,51,0,0,0,0,0,1,1,0,0,1.718099384141218
6479,108.09,49,133,241.6,0.02,51,0,0,0,0,0,1,0,0,0,1.5305283260081868
6480,108.11,49,131,241.6,0.02,51,0,0,0,0,0,1,0,0,2,1.7256775248588865
6481,108.13,49,143,238.6,0.02,51,0,0,0,0,0,1,2,0,0,1.586166796615214
6482,108.14,8,19,37.8,0.02,9,0,0,0,1,1,0,0,1,3,2.523723308955936
6483,108.14,3,11,6.7,0.02,3,0,0,0,1,1,0,2,1,2,3.314508743419
6484,108.17,49,194,233.0,0.02,51,0,0,0,0,0,1,2,0,5,1.491082418712307
6485,108.19,49,127,241.1,0.02,51,0,0,0,0,0,1,1,0,1,1.5287244795679413
6486,108.21,49,130,241.8,0.02,51,0,0,0,0,0,1,0,1,1,1.5668619049736094
6487,108.23,49,134,241.4,0.02,51,0,0,0,0,0,1,0,0,1,1.722475148190606
6488,108.25,49,128,242.0,0.02,51,0,0,0,0,0,1,0,0,1,1.4847891959690636
6489,108.27,49,130,241.8,0.02,51,0,0,0,0,0,1,0,0,1,1.4867854572555654
6490,108.29,49,128,241.1,0.02,51,0,0,0,0,0,1,1,0,0,1.7690015579639882
6491,108.3,31,68,139.2,0.02,31,0,0,0,1,1,0,4,1,0,1.7790858404554886
6492,108.32,49,131,240.7,0.02,51,0,0,0,0,0,1,1,0,1,1.5571014013808717
6493,108.35,49,140,240.9,0.02,51,0,0,0,0,0,1,0,0,0,1.5981119003145778
6494,108.37,47,128,217.0,0.02,47,0,0,0,1,1,0,0,1,2,1.5383799962595126
6495,108.38,49,119,241.9,0.02,51,0,0,0,0,0,1,1,0,1,1.470042294255453
6496,108.41,49,136,239.2,0.02,51,0,0,0,0,0,1,2,0,1,1.6031879369036213
6497,108.43,49,130,241.9,0.02,51,0,0,0,0,0,1,0,0,0,1.695633904980198
6498,108.43,7,19,26.8,0.02,7,0,0,0,1,1,0,1,1,3,2.4697158987859624
6499,108.44,18,45,77.2,0.02,18,0,0,0,1,1,0,3,1,3,2.174445377904547
6500,108.45,17,48,71.0,0.02,17,0,0,0,1,1,0,4,1,2,1.909943970870098
6501,108.47,49,143,240.5,0.02,51,0,0,0,0,0,1,0,0,1,1.6325226790504732
6502,108.47,2,12,5.6,0.02,3,0,0,0,1,1,0,3,1,2,2.9023616850178335
6503,108.47,0,8,-9.1,0.02,0,0,0,0,1,1,0,3,1,3,4.596490910988477
6504,108.48,18,42,74.8,0.02,18,0,0,0,1,1,0,6,1,0,1.7739341197065082
6505,108.49,18,55,76.5,0.02,18,0,0,0,1,1,0,3,1,0,1.4934477234362318
6506,108.5,21,47,97.3,0.02,22,0,0,0,1,1,0,3,1,0,2.0472167613251
6507,108.52,49,165,238.2,0.02,51,0,0,0,0,0,1,0,0,2,1.5242878729855243
6508,108.54,49,127,242.2,0.02,51,0,0,0,0,0,1,0,0,0,1.601238505339455
6509,108.56,49,128,241.1,0.02,51,0,0,0,0,0,1,1,1,0,1.6672404705832926
6510,108.59,49,138,241.0,0.02,51,0,0,0,0,0,1,0,0,1,1.6622287194111105
6511,108.61,49,132,241.7,0.02,51,0,0,0,0,0,1,0,1,0,1.666983422204772
6512,108.62,28,69,128.1,0.02,28,0,0,0,1,1,0,0,2,0,1.6457756571682625
6513,108.64,50,157,227.2,0.02,50,0,0,0,1,1,0,2,2,1,1.5400151612652946
6514,108.67,49,143,238.5,0.02,51,0,0,0,0,0,1,2,0,1,1.6105750739778562
6515,108.69,47,122,213.8,0.02,47,0,0,0,1,1,0,4,1,0,1.5214504537183637
6516,108.71,49,150,238.9,0.02,51,0,0,0,0,0,1,1,0,0,1.5027584131478617
6517,108.73,49,143,240.6,0.02,51,0,0,0,0,0,1,0,0,0,1.5146506940361264
6518,108.75,49,147,240.2,0.02,51,0,0,0,0,0,1,0,2,0,1.3190711570773832
6519,108.78,49,151,239.8,0.02,51,0,0,0,0,0,1,0,0,0,1.5228706533394583
6520,108.8,49,127,241.2,0.02,51,0,0,0,0,0,1,1,1,0,1.5620807291584502
6521,108.82,49,141,240.8,0.02,51,0,0,0,0,0,1,0,1,0,1.8564644770070071
6522,108.84,49,138,240.1,0.02,51,0,0,0,0,0,1,1,0,0,1.6553538789931914
6523,108.86,47,106,219.4,0.02,47,0,0,0,1,1,0,0,1,0,1.683134617773354
6524,108.88,49,122,242.6,0.02,51,0,0,0,0,0,1,0,0,1,1.6256633100846076
6525,108.9,49,129,241.8,0.02,51,0,0,0,0,0,1,0,1,2,1.7308616631381806
6526,108.92,49,112,243.7,0.02,51,0,0,0,0,0,1,0,1,0,1.6503100811469316
6527,108.94,49,129,242.0,0.02,51,0,0,0,0,0,1,0,0,0,1.6610399421621012
6528,108.96,49,143,239.4,0.02,51,0,0,0,0,0,1,1,0,2,1.5840849308359701
6529,108.98,49,112,242.7,0.02,51,0,0,0,0,0,1,1,0,0,1.7988672047708079
6530,108.98,6,17,23.3,0.02,6,0,0,0,1,1,0,0,1,0,2.826152398267683
6531,109.0,49,129,240.0,0.02,51,0,0,0,0,0,1,2,0,0,1.6251732231228884
6532,109.02,49,118,242.0,0.02,51,0,0,0,0,0,1,1,0,1,1.4778835696995016
6533,109.04,49,130,240.9,0.02,51,0,0,0,0,0,1,1,0,0,1.669549615595084
6534,109.06,49,119,242.0,0.02,51,0,0,0,0,0,1,1,0,0,1.639447277457891
6535,109.08,49,126,241.3,0.02,51,0,0,0,0,0,1,1,0,0,1.4827896144544588
6536,109.1,49,128,241.0,0.02,51,0,0,0,0,0,1,1,1,1,1.729941620768382
6537,109.12,49,134,240.4,0.02,51,0,0,0,0,0,1,1,0,1,1.5935187535414619
6538,109.14,49,138,241.1,0.02,51,0,0,0,0,0,1,0,1,0,1.4471190821525386
6539,109.16,49,129,239.9,0.02,51,0,0,0,0,0,1,2,0,1,1.8718608708318654
6540,109.18,49,145,239.4,0.02,51,0,0,0,0,0,1,1,0,0,1.5487044704202337
6541,109.21,49,150,238.9,0.02,51,0,0,0,0,0,1,1,2,0,1.576568259718237
6542,109.23,49,147,240.2,0.02,51,0,0,0,0,0,1,0,0,0,1.3730867796816513
6543,109.26,49,151,239.6,0.02,51,0,0,0,0,0,1,0,0,2,1.4290216812518222
6544,109.28,49,131,241.6,0.02,51,0,0,0,0,0,1,0,0,2,1.5861447563426136
6545,109.3,49,123,242.6,0.02,51,0,0,0,0,0,1,0,0,0,1.5547911085964496
6546,109.32,49,132,241.7,0.02,51,0,0,0,0,0,1,0,1,0,1.6353110536976225
6547,109.34,49,133,240.5,0.02,51,0,0,0,0,0,1,1,0,1,1.3880165052283333
6548,109.36,49,123,242.6,0.02,51,0,0,0,0,0,1,0,0,0,1.6285291865059208
6549,109.38,49,117,243.2,0.02,51,0,0,0,0,0,1,0,0,0,1.4784435341241913
6550,109.4,49,140,239.9,0.02,51,0,0,0,0,0,1,1,0,0,1.562755286025267
6551,109.42,49,126,242.3,0.02,51,0,0,0,0,0,1,0,0,0,1.6639165577920556
6552,109.42,3,7,9.3,0.02,3,0,0,0,1,1,0,0,1,0,4.302294868993748
6553,109.44,49,137,239.8,0.02,51,0,0,0,0,0,1,1,1,4,1.6833024988667258
6554,109.45,11,29,44.1,0.02,11,0,0,0,1,1,0,3,1,0,2.1334032250449098
6555,109.47,49,137,241.1,0.02,51,0,0,0,0,0,1,0,2,1,1.8149697690487623
6556,109.49,49,113,242.6,0.02,51,0,0,0,0,0,1,1,0,0,1.7831955333237237
6557,109.51,49,135,240.3,0.02,51,0,0,0,0,0,1,1,1,1,1.550917707093643
6558,109.53,49,112,242.5,0.02,51,0,0,0,0,0,1,1,0,2,1.7811408123717307
6559,109.55,49,139,239.0,0.02,51,0,0,0,0,0,1,2,0,0,1.5240811316166247
6560,109.55,4,9,18.1,0.02,5,0,0,0,1,1,0,1,1,0,2.8617966309798626
6561,109.58,49,126,241.3,0.02,51,0,0,0,0,0,1,1,0,0,1.6526414487861678
6562,109.59,49,123,242.6,0.02,51,0,0,0,0,0,1,0,0,0,1.84996138208794
6563,109.61,49,118,243.1,0.02,51,0,0,0,0,0,1,0,0,0,1.850325554019889
6564,109.63,49,126,242.3,0.02,51,0,0,0,0,0,1,0,1,0,1.89484277675965
6565,109.65,49,121,242.8,0.02,51,0,0,0,0,0,1,0,0,0,1.5814447327752614
6566,109.67,49,117,243.2,0.02,51,0,0,0,0,0,1,0,1,0,1.5560431428678667
6567,109.69,49,144,240.4,0.02,51,0,0,0,0,0,1,0,0,1,1.70535847873055
6568,109.71,49,132,241.6,0.02,51,0,0,0,0,0,1,0,0,1,1.7185868246071
6569,109.73,49,139,239.9,0.02,51,0,0,0,0,0,1,1,0,1,1.7430228404147916
6570,109.75,49,131,241.8,0.02,51,0,0,0,0,0,1,0,0,0,1.6829715488916397
6571,109.77,49,125,242.4,0.02,51,0,0,0,0,0,1,0,2,0,1.6620756422028586
6572,109.79,49,129,242.0,0.02,51,0,0,0,0,0,1,0,1,0,1.7244012330414924
6573,109.81,49,112,242.7,0.02,51,0,0,0,0,0,1,1,1,0,1.6208993491648587
6574,109.83,45,123,206.6,0.02,45,0,0,0,1,1,0,1,3,1,1.677633075533976
6575,109.85,49,133,241.6,0.02,51,0,0,0,0,0,1,0,0,0,1.5611239155368908
6576,109.87,49,125,242.4,0.02,51,0,0,0,0,0,1,0,0,0,1.501235016630571
6577,109.88,36,86,163.3,0.02,36,0,0,0,1,1,0,3,1,1,2.0025060833533774
6578,109.9,49,136,240.3,0.02,51,0,0,0,0,0,1,1,0,0,1.742331745775607
6579,109.92,49,124,240.5,0.02,51,0,0,0,0,0,1,2,0,0,1.6750945862912723
6580,109.95,49,153,237.4,0.02,51,0,0,0,0,0,1,2,1,2,1.692720132701946
6581,109.97,49,145,240.4,0.02,51,0,0,0,0,0,1,0,0,0,1.5408928053589468
6582,109.99,49,131,240.5,0.02,51,0,0,0,0,0,1,1,1,3,1.5515090719384723
6583,110.01,49,138,241.1,0.02,51,0,0,0,0,0,1,0,0,0,1.4792823169514855
6584,110.03,49,136,241.2,0.02,51,0,0,0,0,0,1,0,0,1,1.5968819525061908
6585,110.05,49,121,242.8,0.02,51,0,0,0,0,0,1,0,0,0,1.5608770475115303
6586,110.07,49,117,243.2,0.02,51,0,0,0,0,0,1,0,0,0,1.447555418584646
6587,110.09,49,132,239.5,0.02,51,0,0,0,0,0,1,2,0,2,1.6226371668460016
6588,110.11,49,147,240.1,0.02,51,0,0,0,0,0,1,0,1,1,1.5093204061287535
6589,110.13,49,124,241.4,0.02,51,0,0,0,0,0,1,1,1,1,1.80184764972255
6590,110.15,49,122,239.6,0.02,51,0,0,0,0,0,1,3,0,1,1.761431871631818
6591,110.17,49,152,238.7,0.02,51,0,0,0,0,0,1,1,1,0,1.6380907028914278
6592,110.19,47,124,217.5,0.02,47,0,0,0,1,1,0,0,1,1,1.4628818429736898
6593,110.21,49,123,241.6,0.02,51,0,0,0,0,0,1,1,1,0,1.7062941242269904
6594,110.23,49,132,241.7,0.02,51,0,0,0,0,0,1,0,1,0,1.6154691908679581
6595,110.25,49,136,241.2,0.02,51,0,0,0,0,0,1,0,0,1,1.5117501616829412
6596,110.26,32,65,148.3,0.02,32,0,0,0,1,1,0,0,1,2,1.5490135201215944
6597,110.28,49,130,240.8,0.02,51,0,0,0,0,0,1,1,0,1,1.6175596839252033
6598,110.3,49,127,241.9,0.02,51,0,0,0,0,0,1,0,1,3,1.74038746326285
6599,110.32,49,135,241.2,0.02,51,0,0,0,0,0,1,0,1,2,1.588689717566611
6600,110.34,49,132,241.6,0.02,51,0,0,0,0,0,1,0,2,1,1.8136496146087122
6601,110.36,49,148,240.1,0.02,51,0,0,0,0,0,1,0,0,0,1.5463687960100023
6602,110.38,49,125,242.3,0.02,51,0,0,0,0,0,1,0,0,1,1.796118140524896
6603,110.4,49,137,239.2,0.02,51,0,0,0,0,0,1,2,0,0,1.8010873790256505
6604,110.42,50,124,236.4,0.02,50,0,0,0,0,0,1,1,1,1,1.618438123619992
6605,110.44,49,116,243.3,0.02,51,0,0,0,0,0,1,0,1,0,1.7444447068677236
6606,110.46,49,132,241.7,0.02,51,0,0,0,0,0,1,0,0,0,1.684651577287505
6607,110.49,49,152,238.7,0.02,51,0,0,0,0,0,1,1,0,0,1.5397633672898126
6608,110.51,49,138,241.0,0.02,51,0,0,0,0,0,1,0,0,1,1.5559165252804679
6609,110.53,50,136,231.4,0.02,50,0,0,0,1,1,0,0,2,0,1.5632515140988055
6610,110.55,49,130,240.9,0.02,51,0,0,0,0,0,1,1,0,0,1.5745357850334116
6611,110.57,49,145,238.4,0.02,51,0,0,0,0,0,1,2,0,0,1.6725214429246793
6612,110.59,49,152,238.6,0.02,51,0,0,0,0,0,1,1,1,1,1.6504169954921275
6613,110.61,49,130,241.9,0.02,51,0,0,0,0,0,1,0,0,0,1.3508465822499478
6614,110.63,50,134,236.5,0.02,50,0,0,0,0,0,1,0,1,0,1.3277197714493267
6615,110.66,49,137,240.2,0.02,51,0,0,0,0,0,1,1,0,0,1.4706363280570947
6616,110.67,46,109,214.1,0.02,46,0,0,0,1,1,0,0,1,0,1.449113014058002
6617,110.69,49,135,241.3,0.02,51,0,0,0,0,0,1,0,0,1,1.4744720260868982
6618,110.71,49,130,240.8,0.02,51,0,0,0,0,0,1,1,0,1,1.8062394740688217
6619,110.73,50,128,236.0,0.02,50,0,0,0,0,0,1,1,1,1,1.7163064561489159
6620,110.75,49,122,240.7,0.02,51,0,0,0,0,0,1,2,0,0,1.8452134236592865
6621,110.77,42,90,193.0,0.02,42,0,0,0,1,1,0,3,2,0,1.833853836543793
6622,110.79,49,124,241.5,0.02,51,0,0,0,0,0,1,1,0,0,1.6265702535297255
6623,110.81,49,124,240.5,0.02,51,0,0,0,0,0,1,2,0,0,1.6874335067362198
6624,110.83,49,143,224.6,0.02,49,0,0,0,1,1,0,1,3,1,1.6031947482691984
6625,110.85,49,143,238.6,0.02,51,0,0,0,0,0,1,2,0,0,1.6463396579147056
6626,110.87,49,123,241.5,0.02,51,0,0,0,0,0,1,1,0,1,1.799099042310265
6627,110.89,49,132,240.7,0.02,51,0,0,0,0,0,1,1,0,0,1.5539985102076395
6628,110.91,49,140,240.9,0.02,51,0,0,0,0,0,1,0,1,0,1.5478726007383443
6629,110.93,49,124,241.5,0.02,51,0,0,0,0,0,1,1,0,0,1.5560483751416803
6630,110.95,49,126,241.3,0.02,51,0,0,0,0,0,1,1,0,0,1.6338757611972354
6631,110.97,49,130,240.9,0.02,51,0,0,0,0,0,1,1,1,0,1.667040029607821
6632,110.99,49,140,240.8,0.02,51,0,0,0,0,0,1,0,0,1,1.4927122051895834
6633,111.01,49,133,241.6,0.02,51,0,0,0,0,0,1,0,0,0,1.439538397132847
6634,111.04,49,136,241.3,0.02,51,0,0,0,0,0,1,0,0,0,1.7718284339953634
6635,111.05,49,124,241.4,0.02,51,0,0,0,0,0,1,1,0,1,1.6471761817629023
6636,111.07,49,121,242.8,0.02,51,0,0,0,0,0,1,0,1,0,1.690815882320308
6637,111.09,49,134,241.5,0.02,51,0,0,0,0,0,1,0,0,0,1.6602854880566866
6638,111.11,49,111,243.7,0.02,51,0,0,0,0,0,1,0,1,1,1.7477281503475772
6639,111.13,49,140,237.9,0.02,51,0,0,0,0,0,1,3,0,0,1.5780307385605854
6640,111.14,20,40,95.9,0.02,21,0,0,0,1,1,0,0,1,1,2.0256801977474277
6641,111.16,49,119,241.9,0.02,51,0,0,0,0,0,1,1,0,1,1.5771046316134827
6642,111.18,49,148,239.0,0.02,51,0,0,0,0,0,1,1,1,1,1.6646615560480222
6643,111.19,9,35,33.5,0.02,9,0,0,0,1,1,0,3,1,0,1.978400361500037
6644,111.19,8,23,31.5,0.02,8,0,0,0,1,1,0,1,1,2,2.29972313936161
6645,111.19,3,9,7.0,0.02,3,0,0,0,1,1,0,2,1,1,4.448205845210525
6646,111.22,49,138,239.9,0.02,51,0,0,0,0,0,1,1,0,2,1.8459152114456039
6647,111.23,47,114,217.6,0.02,47,0,0,0,1,1,0,1,1,0,1.722648607134211
6648,111.25,32,75,144.5,0.02,32,0,0,0,1,1,0,3,1,0,1.6296873693145448
6649,111.27,49,147,239.1,0.02,51,0,0,0,0,0,1,1,0,1,1.6700353297853299
6650,111.27,8,18,33.2,0.02,8,0,0,0,1,1,0,0,1,0,2.58578084900496
6651,111.29,49,138,239.1,0.02,51,0,0,0,0,0,1,2,1,0,1.7784486342596288
6652,111.32,49,141,239.7,0.02,51,0,0,0,0,0,1,1,1,1,1.5698859729150128
6653,111.34,49,132,241.7,0.02,51,0,0,0,0,0,1,0,0,0,1.5778594034403963
6654,111.36,49,141,239.8,0.02,51,0,0,0,0,0,1,1,0,0,1.4988095002842337
6655,111.38,49,125,242.4,0.02,51,0,0,0,0,0,1,0,0,0,1.619807011049927
6656,111.4,49,131,240.7,0.02,51,0,0,0,0,0,1,1,0,1,1.5043348488489479
6657,111.42,49,127,241.2,0.02,51,0,0,0,0,0,1,1,0,0,1.790359177146621
6658,111.44,49,145,240.3,0.02,51,0,0,0,0,0,1,0,1,1,1.8305603517448255
6659,111.46,49,127,242.0,0.02,51,0,0,0,0,0,1,0,0,2,1.7011747404997162
6660,111.47,20,46,87.1,0.02,20,0,0,0,1,1,0,3,1,3,2.169036741668219
6661,111.49,49,138,241.0,0.02,51,0,0,0,0,0,1,0,0,1,1.5154528769597801
6662,111.51,44,114,208.4,0.02,45,0,0,0,1,1,0,0,1,2,1.607671848962496
6663,111.53,49,150,235.9,0.02,51,0,0,0,0,0,1,4,0,0,1.586897580461403
6664,111.56,49,143,240.6,0.02,51,0,0,0,0,0,1,0,1,0,1.492971195475794
6665,111.58,49,129,242.0,0.02,51,0,0,0,0,0,1,0,0,0,1.4714680043589756
6666,111.6,49,142,239.7,0.02,51,0,0,0,0,0,1,1,0,0,1.4703033830670087
6667,111.61,22,73,95.6,0.02,22,0,0,0,1,1,0,2,1,1,1.698702156440146
6668,111.61,3,15,3.8,0.02,3,0,0,0,1,1,0,4,1,7,2.825912441634394
6669,111.63,27,75,116.4,0.02,27,0,0,0,1,1,0,6,1,1,1.961453191398411
6670,111.63,12,30,46.9,0.02,12,0,0,0,1,1,0,5,1,1,2.321664034662091
6671,111.65,49,137,241.0,0.02,51,0,0,0,0,0,1,0,1,2,1.4969982304982081
6672,111.66,5,22,13.7,0.02,5,0,0,0,1,1,0,4,2,1,2.498658475372465
6673,111.67,38,92,170.8,0.02,38,0,0,0,1,1,0,5,1,0,1.5095740223906418
6674,111.69,24,64,104.6,0.02,24,0,0,0,1,1,0,4,1,0,1.9376675661208764
6675,111.69,2,8,0.0,0.02,2,0,0,0,1,1,0,4,1,2,4.067763726469708
6676,111.69,2,8,3.2,0.02,2,0,0,0,1,1,0,1,1,0,4.504473135020729
6677,111.69,4,10,13.9,0.02,4,0,0,0,1,1,0,0,1,1,4.660454300185492
6678,111.7,12,29,47.1,0.02,12,0,0,0,1,1,0,5,1,0,2.6177048692552027
6679,111.7,13,33,54.5,0.02,13,0,0,0,1,1,0,2,1,2,2.276344113412287
6680,111.71,9,20,42.8,0.02,10,0,0,0,1,1,0,0,1,2,2.3540508657645085
6681,111.73,49,140,239.8,0.02,51,0,0,0,0,0,1,1,0,1,1.791535110544956
6682,111.75,49,128,239.1,0.02,51,0,0,0,0,0,1,3,0,0,1.7314285930926254
6683,111.77,49,152,237.7,0.02,51,0,0,0,0,0,1,2,0,0,1.5797789825534312
6684,111.77,6,13,19.6,0.02,6,0,0,0,1,1,0,4,1,1,3.4662403485030877
6685,111.79,26,57,116.3,0.02,26,0,0,0,1,1,0,3,1,0,2.1724960674794396
6686,111.8,34,82,153.8,0.02,34,0,0,0,1,1,0,3,2,0,2.0714855235206713
6687,111.81,24,69,105.0,0.02,24,0,0,0,1,1,0,3,1,1,1.7334076077356382
6688,111.83,35,111,155.8,0.02,35,0,0,0,1,1,0,3,2,1,1.6210958252982857
6689,111.84,38,92,172.8,0.02,38,0,0,0,1,1,0,3,1,0,1.4495196389545744
6690,111.85,13,54,51.6,0.02,13,0,0,0,1,1,0,3,1,0,1.8169590684843318
6691,111.87,40,95,184.5,0.02,40,0,0,0,1,1,0,1,1,0,1.7156514984059443
6692,111.89,38,115,170.3,0.02,38,0,0,0,1,1,0,3,2,2,1.9327896249043803
6693,111.9,38,106,170.3,0.02,38,0,0,0,1,1,0,4,1,1,1.6797256844986272
6694,111.93,49,132,240.7,0.02,51,0,0,0,0,0,1,1,1,0,1.6873153753105021
6695,111.95,49,154,238.5,0.02,51,0,0,0,0,0,1,1,0,0,1.793888529520962
6696,111.97,49,139,239.9,0.02,51,0,0,0,0,0,1,1,0,1,1.903005175243782
6697,111.99,49,141,240.7,0.02,51,0,0,0,0,0,1,0,2,1,1.6120302733403546
6698,112.0,13,37,54.2,0.02,13,0,0,0,1,1,0,2,1,1,2.0434011193031183
6699,112.02,49,128,241.0,0.02,51,0,0,0,0,0,1,1,2,1,1.9770557218091402
6700,112.04,35,100,157.0,0.02,35,0,0,0,1,1,0,3,1,0,1.5998229289639512
6701,112.06,45,129,206.1,0.02,45,0,0,0,1,1,0,1,1,0,1.602542712892612
6702,112.06,5,14,16.6,0.02,5,0,0,0,1,1,0,2,1,0,2.284742622027611
6703,112.08,49,125,242.4,0.02,51,0,0,0,0,0,1,0,0,0,1.7980719724253544
6704,112.11,45,212,185.2,0.02,45,0,0,0,1,1,0,13,2,6,1.3747339638538043
6705,112.13,38,85,175.3,0.02,38,0,0,0,1,1,0,1,1,2,1.8833797971790383
6706,112.15,47,125,213.4,0.02,47,0,0,0,1,1,0,4,1,1,1.5585054006473076
6707,112.15,13,34,51.5,0.02,13,0,0,0,1,1,0,5,1,1,2.8867169274089854
6708,112.17,34,98,150.9,0.02,34,0,0,0,1,1,0,4,3,3,1.7870164892739058
6709,112.19,49,132,240.7,0.02,51,0,0,0,0,0,1,1,0,0,1.7152660844327043
6710,112.2,18,44,77.3,0.02,18,0,0,0,1,1,0,3,1,3,1.7631800444878036
6711,112.22,49,115,242.4,0.02,51,0,0,0,0,0,1,1,0,0,1.6281068333393112
6712,112.23,49,124,241.5,0.02,51,0,0,0,0,0,1,1,0,0,1.727739490336678
6713,112.24,23,62,97.8,0.02,23,0,0,0,1,1,0,6,1,0,1.7343244471571084
6714,112.25,10,19,38.1,0.02,10,0,0,0,1,1,0,5,1,0,2.9287816532865927
6715,112.25,1,7,-3.8,0.02,1,0,0,0,1,1,0,3,1,1,4.258490924731269
6716,112.27,49,132,240.7,0.02,51,0,0,0,0,0,1,1,0,0,1.7556356894942013
6717,112.29,49,157,239.0,0.02,51,0,0,0,0,0,1,0,0,2,1.6124208338822832
6718,112.32,49,130,240.8,0.02,51,0,0,0,0,0,1,1,3,1,1.8252636404564924
6719,112.32,6,17,22.0,0.02,6,0,0,0,1,1,0,1,1,3,2.397423698995919
6720,112.34,49,120,239.9,0.02,51,0,0,0,0,0,1,3,0,0,1.815523932637787
6721,112.34,6,31,17.6,0.02,6,0,0,0,1,1,0,4,1,3,2.2641936932658933
6722,112.35,2,20,1.9,0.02,2,0,0,0,1,1,0,1,1,1,2.506670215417337
6723,112.36,28,93,121.3,0.02,28,0,0,0,1,1,0,4,2,4,2.015192481503178
6724,112.37,27,62,126.8,0.02,28,0,0,0,1,1,0,2,1,0,1.9196612457328956
6725,112.38,26,65,115.5,0.02,26,0,0,0,1,1,0,3,1,0,1.8413636936392466
6726,112.41,46,137,211.1,0.02,46,0,0,0,1,1,0,0,1,2,1.4532395526264896
6727,112.43,49,130,240.9,0.02,51,0,0,0,0,0,1,1,0,0,1.6575367760252961
6728,112.45,49,132,239.7,0.02,51,0,0,0,0,0,1,2,1,0,1.8812924180975459
6729,112.47,49,126,241.3,0.02,51,0,0,0,0,0,1,1,1,0,1.8623242549724872
6730,112.49,49,139,238.9,0.02,51,0,0,0,0,0,1,2,1,1,1.8583061089179849
6731,112.51,49,144,237.5,0.02,51,0,0,0,0,0,1,3,0,0,1.724787642385813
6732,112.53,49,130,240.6,0.02,51,0,0,0,0,0,1,1,0,3,2.004084375667587
6733,112.55,49,146,240.2,0.02,51,0,0,0,0,0,1,0,0,1,1.6794153782866317
6734,112.57,49,128,242.1,0.02,51,0,0,0,0,0,1,0,0,0,1.6849258821039692
6735,112.59,49,128,241.1,0.02,51,0,0,0,0,0,1,1,0,0,1.7687256907147235
6736,112.6,13,31,56.9,0.02,13,0,0,0,1,1,0,0,1,0,1.872785156732541
6737,112.62,49,127,241.1,0.02,51,0,0,0,0,0,1,1,0,1,1.5283636698311596
6738,112.64,49,142,240.7,0.02,51,0,0,0,0,0,1,0,0,0,1.7870296031205373
6739,112.67,49,151,237.8,0.02,51,0,0,0,0,0,1,2,2,0,1.711982247309455
6740,112.69,49,143,238.5,0.02,51,0,0,0,0,0,1,2,1,1,1.6523308593635182
6741,112.71,49,129,241.0,0.02,51,0,0,0,0,0,1,1,0,0,1.562161464890308
6742,112.73,49,133,240.6,0.02,51,0,0,0,0,0,1,1,0,0,1.8412362113248544
6743,112.75,49,119,242.8,0.02,51,0,0,0,0,0,1,0,0,2,1.8788674153252383
6744,112.77,49,133,240.6,0.02,51,0,0,0,0,0,1,1,0,0,1.7468462650032004
6745,112.79,49,131,241.6,0.02,51,0,0,0,0,0,1,0,0,2,1.9033585286364842
6746,112.79,8,25,29.5,0.02,8,0,0,0,1,1,0,3,1,0,1.9638928977868857
6747,112.82,49,128,242.1,0.02,51,0,0,0,0,0,1,0,0,0,1.586378221472253
6748,112.83,49,122,242.6,0.02,51,0,0,0,0,0,1,0,0,1,1.8130350383571965
6749,112.86,49,143,239.4,0.02,51,0,0,0,0,0,1,1,1,2,1.751137349961588
6750,112.88,49,128,241.1,0.02,51,0,0,0,0,0,1,1,0,0,1.6785457236253107
6751,112.9,49,124,241.4,0.02,51,0,0,0,0,0,1,1,0,1,1.6683547927039932
6752,112.92,49,118,243.1,0.02,51,0,0,0,0,0,1,0,0,0,1.6674213800499762
6753,112.93,24,66,104.4,0.02,24,0,0,0,1,1,0,4,1,0,1.746813038344483
6754,112.95,49,125,242.4,0.02,51,0,0,0,0,0,1,0,0,0,1.7150858550580728
6755,112.97,49,126,242.3,0.02,51,0,0,0,0,0,1,0,0,0,1.7457403151931878
6756,112.99,49,143,239.6,0.02,51,0,0,0,0,0,1,1,1,0,1.8492401173606785
6757,113.01,49,128,241.1,0.02,51,0,0,0,0,0,1,1,0,0,1.6188710233486823
6758,113.03,49,134,241.4,0.02,51,0,0,0,0,0,1,0,0,1,1.6710911307242071
6759,113.03,3,7,9.1,0.02,3,0,0,0,1,1,0,0,1,2,3.0332901775444236
6760,113.05,49,140,239.9,0.02,51,0,0,0,0,0,1,1,0,0,1.5890201887390292
6761,113.08,49,127,242.0,0.02,51,0,0,0,0,0,1,0,1,2,1.5840057592781094
6762,113.1,49,136,240.0,0.02,51,0,0,0,0,0,1,1,0,3,1.6518193091686721
6763,113.12,49,133,241.5,0.02,51,0,0,0,0,0,1,0,0,1,1.6242902054700625
6764,113.14,49,128,241.1,0.02,51,0,0,0,0,0,1,1,0,0,1.4859048924799616
6765,113.14,4,14,18.4,0.02,5,0,0,0,1,1,0,0,1,2,2.612217546120228
6766,113.15,25,67,112.1,0.02,25,0,0,0,1,1,0,1,1,2,1.5647776940158524
6767,113.16,7,19,25.8,0.02,7,0,0,0,1,1,0,2,1,3,2.6766665300897436
6768,113.16,7,26,25.2,0.02,7,0,0,0,1,1,0,2,1,2,2.0590480988484363
6769,113.17,5,19,16.0,0.02,5,0,0,0,1,1,0,2,1,1,2.558429802182768
6770,113.17,1,10,-4.0,0.02,1,0,0,0,1,1,0,3,1,0,3.532875548423276
6771,113.19,49,131,241.7,0.02,51,0,0,0,0,0,1,0,0,1,1.6212198310592136
6772,113.2,15,38,62.2,0.02,15,0,0,0,1,1,0,4,1,0,1.894732139772407
6773,113.22,49,140,240.8,0.02,51,0,0,0,0,0,1,0,0,1,1.5734255686730714
6774,113.24,49,135,238.3,0.02,51,0,0,0,0,0,1,3,0,1,1.624813480357891
6775,113.26,49,142,240.6,0.02,51,0,0,0,0,0,1,0,1,1,1.5718033646944876
6776,113.28,49,126,242.3,0.02,51,0,0,0,0,0,1,0,0,0,1.3442639708607578
6777,113.3,49,128,242.0,0.02,51,0,0,0,0,0,1,0,0,1,1.6523816734145964
6778,113.32,49,142,239.6,0.02,51,0,0,0,0,0,1,1,0,1,1.6524337831028315
6779,113.33,12,27,51.2,0.02,12,0,0,0,1,1,0,1,1,1,2.462607008635308
6780,113.35,49,132,241.7,0.02,51,0,0,0,0,0,1,0,1,0,1.551857841772829
6781,113.37,49,144,239.5,0.02,51,0,0,0,0,0,1,1,0,0,1.6259822874925356
6782,113.39,49,137,240.2,0.02,51,0,0,0,0,0,1,1,0,0,1.79673911619479
6783,113.41,40,97,185.1,0.02,40,0,0,0,1,1,0,0,1,2,1.7179809397122574
6784,113.43,49,134,240.5,0.02,51,0,0,0,0,0,1,1,0,0,1.6187254029278493
6785,113.45,49,138,239.9,0.02,51,0,0,0,0,0,1,1,1,2,1.814569192084683
6786,113.47,49,115,242.4,0.02,51,0,0,0,0,0,1,1,1,0,1.8463934120526486
6787,113.49,49,139,241.0,0.02,51,0,0,0,0,0,1,0,1,0,1.5035785235743415
6788,113.51,49,120,242.8,0.02,51,0,0,0,0,0,1,0,0,1,1.5879820048181117
6789,113.53,49,132,241.6,0.02,51,0,0,0,0,0,1,0,1,1,1.559609076033313
6790,113.55,49,115,242.3,0.02,51,0,0,0,0,0,1,1,0,1,1.5864605830686913
6791,113.57,49,139,240.0,0.02,51,0,0,0,0,0,1,1,1,0,1.5483185634512966
6792,113.59,49,122,242.7,0.02,51,0,0,0,0,0,1,0,0,0,1.6601757966501982
6793,113.61,49,122,241.7,0.02,51,0,0,0,0,0,1,1,1,0,1.510981654272516
6794,113.63,49,133,238.3,0.02,51,0,0,0,0,0,1,3,1,3,1.7370148437316681
6795,113.65,49,127,239.1,0.02,51,0,0,0,0,0,1,3,0,1,1.6938294008983763
6796,113.68,49,141,239.7,0.02,51,0,0,0,0,0,1,1,1,1,1.6951827302877658
6797,113.68,11,17,48.3,0.02,11,0,0,0,1,1,0,0,1,0,3.5507685592665084
6798,113.7,49,124,242.5,0.02,51,0,0,0,0,0,1,0,0,0,1.6630151297771842
6799,113.72,49,131,241.7,0.02,51,0,0,0,0,0,1,0,0,1,1.7043712861605167
6800,113.73,19,41,83.9,0.02,19,0,0,0,1,1,0,2,1,0,1.9650721453903044
6801,113.75,49,130,240.9,0.02,51,0,0,0,0,0,1,1,1,0,1.4681711019644892
6802,113.77,49,129,241.8,0.02,51,0,0,0,0,0,1,0,1,2,1.6297089264747777
6803,113.79,49,145,240.3,0.02,51,0,0,0,0,0,1,0,1,1,1.5456115174937246
6804,113.81,49,127,242.1,0.02,51,0,0,0,0,0,1,0,0,1,1.6953299555265395
6805,113.82,32,69,144.1,0.02,32,0,0,0,1,1,0,4,1,0,1.8283308115737136
6806,113.84,49,138,240.1,0.02,51,0,0,0,0,0,1,1,0,0,1.6194645111305281
6807,113.86,49,121,241.7,0.02,51,0,0,0,0,0,1,1,0,1,1.6252175556837134
6808,113.88,49,140,240.9,0.02,51,0,0,0,0,0,1,0,0,0,1.5867691043517176
6809,113.91,49,132,241.5,0.02,51,0,0,0,0,0,1,0,1,2,1.6678962555307455
6810,113.93,49,154,238.4,0.02,51,0,0,0,0,0,1,1,1,1,1.6172773964044806
6811,113.95,49,128,242.1,0.02,51,0,0,0,0,0,1,0,1,0,1.6439879218446307
6812,113.97,49,136,241.0,0.02,51,0,0,0,0,0,1,0,0,3,1.6126262001515053
6813,113.98,17,42,71.8,0.02,17,0,0,0,1,1,0,4,1,0,1.9714787695856681
6814,114.0,49,142,239.7,0.02,51,0,0,0,0,0,1,1,2,0,1.636973902411849
6815,114.03,49,151,239.8,0.02,51,0,0,0,0,0,1,0,0,0,1.486773405484803
6816,114.05,49,142,240.6,0.02,51,0,0,0,0,0,1,0,0,1,1.5681850093523733
6817,114.06,24,72,112.8,0.02,25,0,0,0,1,1,0,0,1,0,1.6236555447209713
6818,114.08,49,137,239.2,0.02,51,0,0,0,0,0,1,2,0,0,1.517987780691191
6819,114.1,49,133,240.6,0.02,51,0,0,0,0,0,1,1,0,0,1.491639370845844
6820,114.12,49,122,240.7,0.02,51,0,0,0,0,0,1,2,1,0,1.807493566788505
6821,114.14,49,124,242.4,0.02,51,0,0,0,0,0,1,0,0,1,1.6491081185245067
6822,114.15,19,47,83.3,0.02,19,0,0,0,1,1,0,2,1,0,1.6644695003054544
6823,114.17,49,134,240.4,0.02,51,0,0,0,0,0,1,1,0,1,1.3585113952975925
6824,114.19,49,135,240.4,0.02,51,0,0,0,0,0,1,1,0,0,1.5571135238142646
6825,114.21,50,127,231.2,0.02,50,0,0,0,1,1,0,1,1,1,1.555694839610443
6826,114.23,49,121,242.8,0.02,51,0,0,0,0,0,1,0,0,0,1.7202336942798775
6827,114.25,49,132,241.7,0.02,51,0,0,0,0,0,1,0,1,0,1.6586851990481508
6828,114.27,39,81,178.9,0.02,39,0,0,0,1,1,0,3,1,0,1.7890188810144578
6829,114.29,49,141,237.7,0.02,51,0,0,0,0,0,1,3,0,1,1.5808103315074429
6830,114.31,49,129,241.0,0.02,51,0,0,0,0,0,1,1,1,0,1.6799197438900821
6831,114.33,49,121,242.7,0.02,51,0,0,0,0,0,1,0,0,1,1.6064262063147188
6832,114.35,49,123,242.6,0.02,51,0,0,0,0,0,1,0,0,0,1.642868437161674
6833,114.37,49,143,239.6,0.02,51,0,0,0,0,0,1,1,0,0,1.4348025155599413
6834,114.39,49,123,242.6,0.02,51,0,0,0,0,0,1,0,0,0,1.7070128666517879
6835,114.41,49,127,241.2,0.02,51,0,0,0,0,0,1,1,1,0,1.524422799876601
6836,114.43,49,118,243.1,0.02,51,0,0,0,0,0,1,0,1,0,1.7634822571782753
6837,114.44,49,117,242.1,0.02,51,0,0,0,0,0,1,1,0,1,1.6531736620032718
6838,114.47,49,141,239.8,0.02,51,0,0,0,0,0,1,1,0,0,1.5934361365719654
6839,114.49,49,135,240.2,0.02,51,0,0,0,0,0,1,1,0,2,1.5736703228778457
6840,114.51,49,142,239.7,0.02,51,0,0,0,0,0,1,1,0,0,1.6359948877022144
6841,114.53,49,132,241.7,0.02,51,0,0,0,0,0,1,0,0,0,1.7985697638120997
6842,114.55,38,89,176.1,0.02,38,0,0,0,1,1,0,0,2,0,1.7723342571977156
6843,114.57,49,128,242.1,0.02,51,0,0,0,0,0,1,0,0,0,1.6989795736156863
6844,114.59,49,126,242.3,0.02,51,0,0,0,0,0,1,0,0,0,1.8266331187846614
6845,114.62,49,139,241.0,0.02,51,0,0,0,0,0,1,0,0,0,1.441247624249094
6846,114.63,49,115,243.4,0.02,51,0,0,0,0,0,1,0,1,0,1.7121943356578269
6847,114.66,49,144,239.3,0.02,51,0,0,0,0,0,1,1,0,2,1.6107544266485057
6848,114.68,49,136,241.2,0.02,51,0,0,0,0,0,1,0,0,1,1.4933480811052753
6849,114.7,49,136,240.3,0.02,51,0,0,0,0,0,1,1,0,0,1.5962431230273202
6850,114.72,49,132,241.7,0.02,51,0,0,0,0,0,1,0,0,0,1.6914508418245195
6851,114.74,49,136,241.2,0.02,51,0,0,0,0,0,1,0,0,1,1.5283657519854061
6852,114.76,49,123,240.6,0.02,51,0,0,0,0,0,1,2,0,0,1.7360256586055745
6853,114.78,49,124,242.4,0.02,51,0,0,0,0,0,1,0,1,1,1.4711321827513755
6854,114.8,49,144,238.5,0.02,51,0,0,0,0,0,1,2,1,0,1.5350991425725111
6855,114.82,49,135,240.3,0.02,51,0,0,0,0,0,1,1,1,1,1.5309208122660536
6856,114.84,49,127,242.2,0.02,51,0,0,0,0,0,1,0,0,0,1.6356234817920416
6857,114.87,49,138,240.9,0.02,51,0,0,0,0,0,1,0,0,2,1.5952835114144466
6858,114.89,49,132,240.7,0.02,51,0,0,0,0,0,1,1,0,0,1.7621756275173341
6859,114.91,49,139,241.0,0.02,51,0,0,0,0,0,1,0,0,0,1.5808487102983064
6860,114.93,49,135,241.4,0.02,51,0,0,0,0,0,1,0,0,0,1.6583739507658115
6861,114.94,10,36,41.4,0.02,10,0,0,0,1,1,0,0,1,0,1.584626688398331
6862,114.94,3,10,6.8,0.02,3,0,0,0,1,1,0,2,1,2,3.7114199331910442
6863,114.96,49,127,242.1,0.02,51,0,0,0,0,0,1,0,1,1,1.718537361000289
6864,114.98,49,137,240.2,0.02,51,0,0,0,0,0,1,1,0,0,1.589888726291104
6865,115.0,50,134,227.4,0.02,50,0,0,0,1,1,0,4,1,2,1.5573559855643893
6866,115.01,27,59,124.1,0.02,27,0,0,0,1,1,0,0,1,0,1.789633629531309
6867,115.03,49,131,241.8,0.02,51,0,0,0,0,0,1,0,0,0,1.6841943191318398
6868,115.05,49,121,241.8,0.02,51,0,0,0,0,0,1,1,0,0,1.5633924177911285
6869,115.07,49,121,241.8,0.02,51,0,0,0,0,0,1,1,1,0,1.7024660419834379
6870,115.07,8,21,31.9,0.02,8,0,0,0,1,1,0,1,1,0,1.9746179760350588
6871,115.09,49,133,240.6,0.02,51,0,0,0,0,0,1,1,0,0,1.684869143736879
6872,115.1,11,30,43.9,0.02,11,0,0,0,1,1,0,3,1,1,1.9029506475185605
6873,115.12,49,144,237.2,0.02,51,0,0,0,0,0,1,3,1,3,1.577900596317907
6874,115.13,31,62,139.8,0.02,31,0,0,0,1,1,0,4,1,0,1.6648355154472272
6875,115.16,49,149,240.0,0.02,51,0,0,0,0,0,1,0,0,0,1.5712846793441693
6876,115.17,49,119,242.8,0.02,51,0,0,0,0,0,1,0,0,2,1.7896599410919043
6877,115.2,49,148,240.1,0.02,51,0,0,0,0,0,1,0,0,0,1.4641912144670493
6878,115.22,49,130,241.8,0.02,51,0,0,0,0,0,1,0,0,1,1.3740277417574893
6879,115.24,49,130,240.9,0.02,51,0,0,0,0,0,1,1,0,0,1.4468830229842253
6880,115.26,49,133,241.6,0.02,51,0,0,0,0,0,1,0,0,0,1.6280626572908028
6881,115.28,49,125,242.4,0.02,51,0,0,0,0,0,1,0,1,0,1.84717777759127
6882,115.3,49,123,242.5,0.02,51,0,0,0,0,0,1,0,0,1,1.5870241018277362
6883,115.32,49,130,240.9,0.02,51,0,0,0,0,0,1,1,0,0,1.4643031053023523
6884,115.34,49,119,243.0,0.02,51,0,0,0,0,0,1,0,0,0,1.597438662150648
6885,115.35,49,115,243.4,0.02,51,0,0,0,0,0,1,0,0,0,1.6987185936776
6886,115.38,49,130,241.9,0.02,51,0,0,0,0,0,1,0,1,0,1.6119766157451527
6887,115.39,49,119,242.0,0.02,51,0,0,0,0,0,1,1,0,0,1.6510264944974442
6888,115.42,49,140,240.8,0.02,51,0,0,0,0,0,1,0,0,1,1.4155165400962224
6889,115.43,49,126,242.2,0.02,51,0,0,0,0,0,1,0,0,1,1.3898581615698922
6890,115.46,49,135,241.4,0.02,51,0,0,0,0,0,1,0,0,0,1.5776212431383418
6891,115.48,49,162,237.5,0.02,51,0,0,0,0,0,1,1,1,2,1.5766132302085085
6892,115.5,49,107,244.2,0.02,51,0,0,0,0,0,1,0,0,0,1.8891512906657628
6893,115.52,49,134,241.5,0.02,51,0,0,0,0,0,1,0,2,0,1.750581763365961
6894,115.54,49,129,242.0,0.02,51,0,0,0,0,0,1,0,0,0,1.5603921167465102
6895,115.56,49,130,240.9,0.02,51,0,0,0,0,0,1,1,0,0,1.6113092420629063
6896,115.58,49,139,239.9,0.02,51,0,0,0,0,0,1,1,0,1,1.7091135220388303
6897,115.6,49,143,239.5,0.02,51,0,0,0,0,0,1,1,0,1,1.6805087899492828
6898,115.63,49,157,236.0,0.02,51,0,0,0,0,0,1,3,0,2,1.5784460684395296
6899,115.65,49,139,241.0,0.02,51,0,0,0,0,0,1,0,1,0,1.6744233284170644
6900,115.67,49,128,242.0,0.02,51,0,0,0,0,0,1,0,0,1,1.568198254731736
6901,115.69,49,153,235.6,0.02,51,0,0,0,0,0,1,4,0,0,1.5025864201351402
6902,115.72,49,145,240.4,0.02,51,0,0,0,0,0,1,0,0,0,1.5307242917675061
6903,115.74,49,129,240.9,0.02,51,0,0,0,0,0,1,1,0,1,1.8802620193340498
6904,115.76,49,124,242.4,0.02,51,0,0,0,0,0,1,0,0,1,1.5870309843860189
6905,115.78,49,121,242.8,0.02,51,0,0,0,0,0,1,0,0,0,1.5766046052201033
6906,115.8,49,120,242.8,0.02,51,0,0,0,0,0,1,0,0,1,1.5689432407038388
6907,115.8,11,21,50.9,0.02,12,0,0,0,1,1,0,2,1,0,2.626874497734979
6908,115.82,49,131,241.8,0.02,51,0,0,0,0,0,1,0,3,0,1.6667583057142574
6909,115.84,49,124,241.5,0.02,51,0,0,0,0,0,1,1,0,0,1.8300524429366434
6910,115.86,49,139,238.0,0.02,51,0,0,0,0,0,1,3,0,0,1.5885927580929715
6911,115.89,49,139,240.9,0.02,51,0,0,0,0,0,1,0,0,1,1.4045173581120893
6912,115.91,49,141,239.7,0.02,51,0,0,0,0,0,1,1,0,1,1.6256192130635465
6913,115.93,49,128,242.1,0.02,51,0,0,0,0,0,1,0,0,0,1.6113082368858018
6914,115.95,49,136,240.3,0.02,51,0,0,0,0,0,1,1,0,0,1.520729861944229
6915,115.97,49,127,241.2,0.02,51,0,0,0,0,0,1,1,0,0,1.78733174735146
6916,115.99,49,122,240.5,0.02,51,0,0,0,0,0,1,2,0,2,1.7154327607180901
6917,116.01,49,133,240.6,0.02,51,0,0,0,0,0,1,1,0,0,1.6088662349689786
6918,116.02,43,91,197.9,0.02,43,0,0,0,1,1,0,3,1,0,1.9164829025812964
6919,116.05,49,146,239.3,0.02,51,0,0,0,0,0,1,1,0,0,1.4225461338355745
6920,116.07,49,149,239.7,0.02,51,0,0,0,0,0,1,0,1,3,1.5599328666015095
6921,116.09,49,124,241.5,0.02,51,0,0,0,0,0,1,1,0,0,1.6430170685356706
6922,116.11,49,150,239.9,0.02,51,0,0,0,0,0,1,0,1,0,1.4452038392448605
6923,116.13,49,129,241.0,0.02,51,0,0,0,0,0,1,1,0,0,1.692893053524733
6924,116.16,49,169,235.0,0.02,51,0,0,0,0,0,1,3,0,0,1.360369085782418
6925,116.18,49,143,240.5,0.02,51,0,0,0,0,0,1,0,1,1,1.7431514358078077
6926,116.2,49,118,241.9,0.02,51,0,0,0,0,0,1,1,0,2,1.564323112223938
6927,116.22,49,149,240.0,0.02,51,0,0,0,0,0,1,0,0,0,1.6538805541749022
6928,116.24,49,122,239.7,0.02,51,0,0,0,0,0,1,3,0,0,1.6175081956936508
6929,116.27,49,140,238.9,0.02,51,0,0,0,0,0,1,2,0,0,1.5342004384367907
6930,116.29,49,134,241.4,0.02,51,0,0,0,0,0,1,0,0,1,1.5589352853441352
6931,116.3,49,114,243.5,0.02,51,0,0,0,0,0,1,0,0,0,1.839901458967455
6932,116.32,49,129,241.8,0.02,51,0,0,0,0,0,1,0,0,2,1.5314140607323272
6933,116.33,9,24,36.2,0.02,9,0,0,0,1,1,0,1,1,4,2.2405715309348744
6934,116.33,6,15,23.5,0.02,6,0,0,0,1,1,0,0,1,0,2.8689328655447848
6935,116.35,49,130,240.9,0.02,51,0,0,0,0,0,1,1,0,0,1.7506751688674937
6936,116.37,49,144,239.5,0.02,51,0,0,0,0,0,1,1,0,0,1.4285208371573523
6937,116.4,49,135,241.4,0.02,51,0,0,0,0,0,1,0,0,0,1.6251574175564831
6938,116.42,49,119,242.9,0.02,51,0,0,0,0,0,1,0,1,1,1.5942568721375774
6939,116.44,49,123,241.6,0.02,51,0,0,0,0,0,1,1,0,0,1.56661244404075
6940,116.46,49,140,239.9,0.02,51,0,0,0,0,0,1,1,0,0,1.8092946808162444
6941,116.48,49,133,241.6,0.02,51,0,0,0,0,0,1,0,0,0,1.636560592711161
6942,116.5,49,136,240.1,0.02,51,0,0,0,0,0,1,1,0,2,1.604173838812047
6943,116.52,49,114,242.5,0.02,51,0,0,0,0,0,1,1,2,0,1.7485411567505227
6944,116.54,49,136,241.3,0.02,51,0,0,0,0,0,1,0,0,0,1.4391256679271927
6945,116.56,49,119,242.9,0.02,51,0,0,0,0,0,1,0,0,1,1.67729174578998
6946,116.58,49,132,241.6,0.02,51,0,0,0,0,0,1,0,0,1,1.4389754689656016
6947,116.6,23,87,95.8,0.02,23,0,0,0,1,1,0,5,2,5,1.910901799054002
6948,116.6,1,21,-5.3,0.02,1,0,0,0,1,1,0,3,1,2,2.463083496380107
6949,116.61,17,90,59.2,0.02,17,0,0,0,1,1,0,11,1,8,2.0525022168963183
6950,116.64,49,141,239.5,0.02,51,0,0,0,0,0,1,1,0,3,1.8594335073778767
6951,116.66,49,143,239.4,0.02,51,0,0,0,0,0,1,1,0,2,1.652185489432057
6952,116.68,40,116,180.4,0.02,40,0,0,0,1,1,0,3,2,0,1.9407072858945678
6953,116.68,1,6,-3.6,0.02,1,0,0,0,1,1,0,3,1,0,5.287449695810668
6954,116.69,38,89,173.0,0.02,38,0,0,0,1,1,0,3,2,1,1.974035526942527
6955,116.7,16,50,66.8,0.02,16,0,0,0,1,1,0,3,1,2,1.7905082424209542
6956,116.71,8,18,31.1,0.02,8,0,0,0,1,1,0,2,1,1,2.781837126808931
6957,116.71,12,26,50.3,0.02,12,0,0,0,1,1,0,2,1,1,2.2685260173840356
6958,116.73,49,136,238.3,0.02,51,0,0,0,0,0,1,3,0,0,1.758627826788844
6959,116.75,49,137,240.9,0.02,51,0,0,0,0,0,1,0,1,3,1.6852667131496442
6960,116.76,20,62,86.7,0.02,20,0,0,0,1,1,0,2,1,1,1.7845404029851355
6961,116.79,49,136,240.3,0.02,51,0,0,0,0,0,1,1,1,0,1.6972919869837573
6962,116.79,11,43,43.7,0.02,11,0,0,0,1,1,0,2,1,0,1.8114791516726714
6963,116.81,49,134,241.2,0.02,51,0,0,0,0,0,1,0,0,3,1.8411134357362713
6964,116.84,49,137,239.2,0.02,51,0,0,0,0,0,1,2,0,0,1.625000074666493
6965,116.85,34,100,152.9,0.02,34,0,0,0,1,1,0,2,1,1,1.6482046112688726
6966,116.87,38,85,175.2,0.02,38,0,0,0,1,1,0,1,1,3,1.771757340224607
6967,116.89,49,133,241.5,0.02,51,0,0,0,0,0,1,0,1,1,1.4427961121215112
6968,116.91,49,161,237.6,0.02,51,0,0,0,0,0,1,1,1,2,1.5649531802923609
6969,116.92,13,27,55.0,0.02,13,0,0,0,1,1,0,2,1,3,2.399880718888665
6970,116.93,31,65,141.4,0.02,31,0,0,0,1,1,0,2,1,1,1.833217034605397
6971,116.95,49,128,242.1,0.02,51,0,0,0,0,0,1,0,0,0,1.90335834441972
6972,116.96,31,94,138.5,0.02,31,0,0,0,1,1,0,2,1,1,1.6085148098515116
6973,116.98,49,123,240.6,0.02,51,0,0,0,0,0,1,2,0,0,1.767723537578876
6974,116.99,17,50,72.9,0.02,17,0,0,0,1,1,0,2,1,1,1.5801713369071617
6975,116.99,10,16,43.3,0.02,10,0,0,0,1,1,0,0,1,1,2.9578615428910506
6976,117.01,31,73,138.2,0.02,31,0,0,0,1,1,0,4,1,5,1.5196450576972156
6977,117.03,49,128,241.0,0.02,51,0,0,0,0,0,1,1,1,1,1.977407094690689
6978,117.05,49,132,241.6,0.02,51,0,0,0,0,0,1,0,1,1,1.7634589262419766
6979,117.05,7,17,26.0,0.02,7,0,0,0,1,1,0,2,1,3,2.6726591115383105
6980,117.07,27,93,117.5,0.02,27,0,0,0,1,1,0,3,1,2,1.9022152833562722
6981,117.08,25,70,111.7,0.02,25,0,0,0,1,1,0,1,1,3,1.6360679707879815
6982,117.1,49,156,238.2,0.02,51,0,0,0,0,0,1,1,1,1,1.9237626035791477
6983,117.11,28,62,124.7,0.02,28,0,0,0,1,1,0,4,2,1,2.1849974085188673
6984,117.14,49,171,236.8,0.02,51,0,0,0,0,0,1,1,0,0,1.741614210458313
6985,117.16,49,143,240.5,0.02,51,0,0,0,0,0,1,0,0,1,1.5536014716587678
6986,117.18,49,138,240.0,0.02,51,0,0,0,0,0,1,1,0,1,1.6556310049966367
6987,117.19,3,13,5.5,0.02,3,0,0,0,1,1,0,3,1,2,3.387225530607364
6988,117.19,5,15,21.5,0.02,6,0,0,0,1,1,0,2,1,0,2.8947547423732205
6989,117.19,1,6,-3.6,0.02,1,0,0,0,1,1,0,3,1,0,5.292883461397039
6990,117.2,22,55,95.5,0.02,22,0,0,0,1,1,0,4,1,0,2.022551456846823
6991,117.21,23,55,100.2,0.02,23,0,0,0,1,1,0,4,1,3,1.7396545806857155
6992,117.22,7,30,22.9,0.02,7,0,0,0,1,1,0,4,1,1,2.4041897456644814
6993,117.22,4,21,8.9,0.02,4,0,0,0,1,1,0,4,1,0,2.8271140320577484
6994,117.22,3,19,4.1,0.02,3,0,0,0,1,1,0,4,1,0,2.856731055261698
6995,117.23,9,31,30.6,0.02,9,0,0,0,1,1,0,6,2,3,2.6046618511302553
6996,117.25,49,159,238.9,0.02,51,0,0,0,0,0,1,0,0,1,1.7763623514727243
6997,117.27,49,135,241.3,0.02,51,0,0,0,0,0,1,0,0,1,1.6180487742353926
6998,117.3,35,137,153.3,0.02,35,0,0,0,1,1,0,3,1,0,1.4774790905485615
6999,117.32,49,140,240.7,0.02,51,0,0,0,0,0,1,0,1,2,1.776427258481036
7000,117.34,49,140,239.7,0.02,51,0,0,0,0,0,1,1,0,2,1.7355641171511633
7001,117.36,49,142,239.7,0.02,51,0,0,0,0,0,1,1,0,0,1.719301445249854
7002,117.39,49,157,238.0,0.02,51,0,0,0,0,0,1,1,0,2,1.727885657715194
7003,117.4,49,119,242.9,0.02,51,0,0,0,0,0,1,0,0,1,1.8342159833934142
7004,117.43,49,144,239.4,0.02,51,0,0,0,0,0,1,1,0,1,1.5753921868168725
7005,117.45,49,122,242.6,0.02,51,0,0,0,0,0,1,0,0,1,1.7125146576195196
7006,117.47,49,130,241.8,0.02,51,0,0,0,0,0,1,0,0,1,1.794909995089544
7007,117.48,31,69,140.1,0.02,31,0,0,0,1,1,0,3,1,0,1.8406283000200327
7008,117.5,49,125,242.4,0.02,51,0,0,0,0,0,1,0,0,0,1.6309875113090186
7009,117.51,17,58,71.9,0.02,17,0,0,0,1,1,0,2,1,3,1.914510579854216
7010,117.53,49,127,242.2,0.02,51,0,0,0,0,0,1,0,0,0,1.8575474955301594
7011,117.55,49,136,241.2,0.02,51,0,0,0,0,0,1,0,1,1,1.6996657320558708
7012,117.57,49,124,242.4,0.02,51,0,0,0,0,0,1,0,0,1,1.7121155541685062
7013,117.59,49,137,239.1,0.02,51,0,0,0,0,0,1,2,0,1,1.5710048993553383
7014,117.61,49,134,241.4,0.02,51,0,0,0,0,0,1,0,0,1,1.7784179075076363
7015,117.63,49,128,242.1,0.02,51,0,0,0,0,0,1,0,1,0,1.904195500470799
7016,117.65,24,101,100.6,0.02,24,0,0,0,1,1,0,4,1,3,1.7557550027190323
7017,117.67,49,141,239.7,0.02,51,0,0,0,0,0,1,1,0,1,1.4971807914324438
7018,117.69,49,138,241.0,0.02,51,0,0,0,0,0,1,0,0,1,1.6955984101810695
7019,117.71,49,130,240.8,0.02,51,0,0,0,0,0,1,1,0,1,1.8253151946088004
7020,117.73,49,149,236.0,0.02,51,0,0,0,0,0,1,4,2,0,1.601089570494458
7021,117.75,49,134,241.4,0.02,51,0,0,0,0,0,1,0,1,1,1.8249270603080354
7022,117.76,5,16,21.4,0.02,6,0,0,0,1,1,0,2,1,0,3.1797871236698363
7023,117.78,49,145,239.4,0.02,51,0,0,0,0,0,1,1,1,0,1.664435709069402
7024,117.8,49,130,241.8,0.02,51,0,0,0,0,0,1,0,0,1,1.4732484991375838
7025,117.82,50,157,233.2,0.02,50,0,0,0,0,0,1,1,2,0,1.4044693937840589
7026,117.84,49,123,241.6,0.02,51,0,0,0,0,0,1,1,1,0,1.9377427496369308
7027,117.86,49,136,240.3,0.02,51,0,0,0,0,0,1,1,0,0,1.8186192084953172
7028,117.88,49,128,239.1,0.02,51,0,0,0,0,0,1,3,0,0,1.7657088209010392
7029,117.9,49,137,240.1,0.02,51,0,0,0,0,0,1,1,0,1,1.3808050591933192
7030,117.91,10,33,39.3,0.02,10,0,0,0,1,1,0,2,1,4,2.048799838571089
7031,117.93,49,123,241.6,0.02,51,0,0,0,0,0,1,1,1,0,1.6961418765560514
7032,117.95,49,141,237.8,0.02,51,0,0,0,0,0,1,3,1,0,1.6758160317438164
7033,117.95,15,31,68.9,0.02,16,0,0,0,1,1,0,3,1,0,2.0813385379719107
7034,117.97,49,121,242.8,0.02,51,0,0,0,0,0,1,0,0,0,1.5286908667628665
7035,117.98,8,17,33.3,0.02,8,0,0,0,1,1,0,0,1,0,2.291221397311446
7036,118.0,49,133,240.6,0.02,51,0,0,0,0,0,1,1,0,0,1.6282018261924982
7037,118.01,41,110,185.0,0.02,41,0,0,0,1,1,0,4,1,0,1.5832533880631499
7038,118.03,49,120,242.9,0.02,51,0,0,0,0,0,1,0,0,0,1.7944433076519652
7039,118.04,24,59,106.1,0.02,24,0,0,0,1,1,0,3,1,0,1.8611742252274703
7040,118.06,34,108,152.0,0.02,34,0,0,0,1,1,0,2,1,2,1.4722110834514681
7041,118.07,15,39,64.0,0.02,15,0,0,0,1,1,0,2,1,1,1.9692898045817897
7042,118.09,49,151,238.7,0.02,51,0,0,0,0,0,1,1,0,1,1.4226861684854917
7043,118.11,49,129,239.8,0.02,51,0,0,0,0,0,1,2,0,2,1.666794747615557
7044,118.13,49,124,241.5,0.02,51,0,0,0,0,0,1,1,0,0,1.4193906007331116
7045,118.14,24,49,110.0,0.02,24,0,0,0,1,1,0,0,1,1,1.7211407440525315
7046,118.15,39,82,178.7,0.02,39,0,0,0,1,1,0,3,1,1,2.2000475708196783
7047,118.17,49,119,243.0,0.02,51,0,0,0,0,0,1,0,0,0,1.7437323572289865
7048,118.18,33,80,148.0,0.02,33,0,0,0,1,1,0,4,1,0,1.878293485277167
7049,118.2,50,119,238.0,0.02,50,0,0,0,0,0,1,0,2,0,1.7420558431716464
7050,118.22,49,131,240.7,0.02,51,0,0,0,0,0,1,1,0,1,1.8691739225837625
7051,118.24,49,134,241.5,0.02,51,0,0,0,0,0,1,0,0,0,1.4736602865852397
7052,118.26,49,133,241.4,0.02,51,0,0,0,0,0,1,0,0,2,1.9518230381377744
7053,118.28,49,138,240.9,0.02,51,0,0,0,0,0,1,0,1,2,1.7447286332293348
7054,118.3,49,149,240.0,0.02,51,0,0,0,0,0,1,0,0,0,1.765760947569453
7055,118.32,49,120,241.9,0.02,51,0,0,0,0,0,1,1,0,0,1.6209148926617898
7056,118.34,49,124,242.0,0.02,51,0,0,0,0,0,1,0,0,5,1.6293482894310538
7057,118.36,49,154,238.5,0.02,51,0,0,0,0,0,1,1,0,0,1.5310032684048784
7058,118.38,49,137,241.1,0.02,51,0,0,0,0,0,1,0,1,1,1.6282905360883417
7059,118.41,49,155,239.4,0.02,51,0,0,0,0,0,1,0,0,0,1.6397872148993327
7060,118.43,49,132,240.7,0.02,51,0,0,0,0,0,1,1,0,0,1.4647548986616816
7061,118.45,45,116,203.4,0.02,45,0,0,0,1,1,0,5,2,0,1.5664595315408014
7062,118.47,49,130,241.9,0.02,51,0,0,0,0,0,1,0,1,0,1.6845561458908829
7063,118.49,49,141,239.7,0.02,51,0,0,0,0,0,1,1,0,1,1.6577748471635882
7064,118.51,49,151,237.8,0.02,51,0,0,0,0,0,1,2,0,0,1.4475135061116842
7065,118.53,49,138,241.1,0.02,51,0,0,0,0,0,1,0,0,0,1.6463579583928816
7066,118.55,49,113,243.6,0.02,51,0,0,0,0,0,1,0,0,0,1.6609671192233042
7067,118.57,49,127,242.1,0.02,51,0,0,0,0,0,1,0,1,1,1.79449110515798
7068,118.59,30,149,124.9,0.02,30,0,0,0,1,1,0,5,1,2,1.1199707149801466
7069,118.61,49,128,241.1,0.02,51,0,0,0,0,0,1,1,0,0,1.5169003105291323
7070,118.63,44,106,202.4,0.02,44,0,0,0,1,1,0,2,1,0,1.5064232936790511
7071,118.65,49,127,241.1,0.02,51,0,0,0,0,0,1,1,0,1,1.5147593697133082
7072,118.66,32,70,145.0,0.02,32,0,0,0,1,1,0,3,2,0,2.0066249364082362
7073,118.68,49,130,240.9,0.02,51,0,0,0,0,0,1,1,0,0,1.5762261529659
7074,118.7,49,132,241.7,0.02,51,0,0,0,0,0,1,0,1,0,1.6869077567120159
7075,118.71,41,102,185.6,0.02,41,0,0,0,1,1,0,4,1,2,1.486201165707122
7076,118.73,49,147,240.0,0.02,51,0,0,0,0,0,1,0,1,2,1.6416221506550164
7077,118.75,49,130,240.9,0.02,51,0,0,0,0,0,1,1,0,0,1.5433616112134607
7078,118.77,45,115,206.0,0.02,45,0,0,0,1,1,0,2,1,5,1.6874171192793601
7079,118.79,49,139,241.0,0.02,51,0,0,0,0,0,1,0,1,0,1.2882775491469034
7080,118.81,49,117,242.2,0.02,51,0,0,0,0,0,1,1,0,0,1.5556883519710607
7081,118.83,49,134,241.5,0.02,51,0,0,0,0,0,1,0,1,0,1.4361731751453086
7082,118.85,49,118,242.0,0.02,51,0,0,0,0,0,1,1,1,1,1.701816361366018
7083,118.86,35,78,158.2,0.02,35,0,0,0,1,1,0,4,1,0,1.6076909289166856
7084,118.88,49,135,241.3,0.02,51,0,0,0,0,0,1,0,1,1,1.5718686177206698
7085,118.9,49,122,242.7,0.02,51,0,0,0,0,0,1,0,1,0,1.3982588216666956
7086,118.92,49,136,241.2,0.02,51,0,0,0,0,0,1,0,0,1,1.6759077550404342
7087,118.93,17,46,75.4,0.02,17,0,0,0,1,1,0,0,1,0,1.7220078894530715
7088,118.95,49,123,242.6,0.02,51,0,0,0,0,0,1,0,0,0,1.6722602537673967
7089,118.97,49,124,242.5,0.02,51,0,0,0,0,0,1,0,1,0,1.748523118950074
7090,118.99,49,121,242.6,0.02,51,0,0,0,0,0,1,0,0,2,1.6822253977301354
7091,119.0,49,122,241.3,0.02,51,0,0,0,0,0,1,1,1,4,1.6167951446749775
7092,119.03,49,145,240.3,0.02,51,0,0,0,0,0,1,0,1,1,1.5805753369978643
7093,119.05,49,135,240.4,0.02,51,0,0,0,0,0,1,1,2,0,1.7868485127372935
7094,119.05,3,13,10.7,0.02,4,0,0,0,1,1,0,3,1,0,3.2253122107408583
7095,119.07,49,137,241.2,0.02,51,0,0,0,0,0,1,0,0,0,1.8822301162899064
7096,119.09,49,128,241.0,0.02,51,0,0,0,0,0,1,1,1,1,1.7012982734289137
7097,119.11,49,137,241.1,0.02,51,0,0,0,0,0,1,0,3,1,1.8386063247378799
7098,119.13,49,124,242.4,0.02,51,0,0,0,0,0,1,0,0,1,1.7031984570275265
7099,119.15,49,152,238.7,0.02,51,0,0,0,0,0,1,1,0,0,1.5205857176990059
7100,119.17,48,132,218.7,0.02,48,0,0,0,1,1,0,3,1,1,1.6077732306126062
7101,119.17,2,13,-0.3,0.02,2,0,0,0,1,1,0,4,2,0,3.2942034757902316
7102,119.19,49,133,240.6,0.02,51,0,0,0,0,0,1,1,0,0,1.5344012431719192
7103,119.21,26,71,113.9,0.02,26,0,0,0,1,1,0,4,2,0,1.8482389476880425
7104,119.23,49,187,224.3,0.02,51,0,0,0,0,0,1,11,0,9,1.5807841280604438
7105,119.25,49,133,240.6,0.02,51,0,0,0,0,0,1,1,1,0,1.6593469525308442
7106,119.27,49,124,242.5,0.02,51,0,0,0,0,0,1,0,1,0,1.712462951583228
7107,119.29,49,142,239.7,0.02,51,0,0,0,0,0,1,1,0,0,1.6232497746169325
7108,119.31,49,132,240.7,0.02,51,0,0,0,0,0,1,1,1,0,1.6683093965425768
7109,119.33,49,139,241.0,0.02,51,0,0,0,0,0,1,0,0,0,1.717811817089723
7110,119.36,49,197,233.2,0.02,51,0,0,0,0,0,1,2,0,0,1.4439226448554532
7111,119.38,49,134,241.5,0.02,51,0,0,0,0,0,1,0,1,0,1.8528073741578306
7112,119.4,49,142,240.6,0.02,51,0,0,0,0,0,1,0,0,1,1.607537866023335
7113,119.43,49,151,237.8,0.02,51,0,0,0,0,0,1,2,1,0,1.7407882340990983
7114,119.45,49,132,241.6,0.02,51,0,0,0,0,0,1,0,0,1,1.590431633686008
7115,119.47,49,147,238.9,0.02,51,0,0,0,0,0,1,1,0,3,1.5132602411106144
7116,119.49,49,135,240.3,0.02,51,0,0,0,0,0,1,1,2,1,1.6047592592240976
7117,119.51,49,125,240.2,0.02,51,0,0,0,0,0,1,2,0,2,1.5939379073448487
7118,119.53,49,145,240.3,0.02,51,0,0,0,0,0,1,0,0,1,1.6983489295242535
7119,119.54,28,51,129.9,0.02,28,0,0,0,1,1,0,0,1,0,1.7427823703963492
7120,119.56,49,133,240.5,0.02,51,0,0,0,0,0,1,1,0,1,1.6283991532748152
7121,119.58,49,123,242.6,0.02,51,0,0,0,0,0,1,0,0,0,1.703122887497627
7122,119.6,49,136,241.3,0.02,51,0,0,0,0,0,1,0,0,0,1.6434835516762396
7123,119.62,49,132,241.7,0.02,51,0,0,0,0,0,1,0,0,0,1.4945933115052632
7124,119.64,49,142,239.6,0.02,51,0,0,0,0,0,1,1,1,1,1.5199563086951098
7125,119.65,13,30,56.0,0.02,13,0,0,0,1,1,0,1,1,0,2.131150746243773
7126,119.67,49,129,242.0,0.02,51,0,0,0,0,0,1,0,0,0,1.5109635731540296
7127,119.69,49,126,242.3,0.02,51,0,0,0,0,0,1,0,0,0,1.5183736697878283
7128,119.71,49,140,239.9,0.02,51,0,0,0,0,0,1,1,0,0,1.5724069909772025
7129,119.73,49,121,242.7,0.02,51,0,0,0,0,0,1,0,0,1,1.5817485510230664
7130,119.75,49,138,240.0,0.02,51,0,0,0,0,0,1,1,0,1,1.4756074275297728
7131,119.77,49,117,243.2,0.02,51,0,0,0,0,0,1,0,0,0,1.675693607809954
7132,119.79,49,114,243.5,0.02,51,0,0,0,0,0,1,0,0,0,1.6597813250267353
7133,119.81,49,136,241.3,0.02,51,0,0,0,0,0,1,0,1,0,1.7411534906960904
7134,119.83,49,151,238.8,0.02,51,0,0,0,0,0,1,1,2,0,1.5080277280968817
7135,119.85,49,134,240.5,0.02,51,0,0,0,0,0,1,1,0,0,1.6908671991222193
7136,119.87,49,142,238.6,0.02,51,0,0,0,0,0,1,2,1,1,1.7105597772272414
7137,119.9,49,139,239.0,0.02,51,0,0,0,0,0,1,2,1,0,1.7181192462505077
7138,119.92,49,137,238.2,0.02,51,0,0,0,0,0,1,3,1,0,1.4617301704624386
7139,119.94,49,137,241.2,0.02,51,0,0,0,0,0,1,0,0,0,1.6061473303596745
7140,119.96,49,143,239.5,0.02,51,0,0,0,0,0,1,1,0,1,1.8088229881229967
7141,119.98,49,134,241.2,0.02,51,0,0,0,0,0,1,0,0,3,1.634291748183282
7142,120.0,49,131,239.7,0.02,51,0,0,0,0,0,1,2,1,1,1.5857750738366778
7143,120.02,49,127,241.1,0.02,51,0,0,0,0,0,1,1,0,1,1.7872927129128482
7144,120.04,49,132,239.6,0.02,51,0,0,0,0,0,1,2,0,1,1.5080423330554371
7145,120.06,49,137,241.2,0.02,51,0,0,0,0,0,1,0,2,0,1.6817739321579697
7146,120.07,3,12,12.8,0.02,4,0,0,0,1,1,0,1,1,0,2.7787633128028566
7147,120.09,49,126,241.3,0.02,51,0,0,0,0,0,1,1,0,0,1.5619423261019016
7148,120.11,49,132,241.7,0.02,51,0,0,0,0,0,1,0,0,0,1.7178987647695645
7149,120.13,49,136,240.3,0.02,51,0,0,0,0,0,1,1,0,0,1.8702650279544717
7150,120.15,49,144,239.5,0.02,51,0,0,0,0,0,1,1,0,0,1.3293839924210398
7151,120.17,43,111,196.7,0.02,43,0,0,0,1,1,0,2,1,2,1.6346970609625169
7152,120.19,49,142,239.5,0.02,51,0,0,0,0,0,1,1,0,2,1.6347602917258366
7153,120.21,49,168,238.0,0.02,51,0,0,0,0,0,1,0,1,1,1.5777732264780697
7154,120.24,49,139,240.9,0.02,51,0,0,0,0,0,1,0,0,1,1.649885083854846
7155,120.26,49,132,241.7,0.02,51,0,0,0,0,0,1,0,1,0,1.5231459739226958
7156,120.28,49,149,238.8,0.02,51,0,0,0,0,0,1,1,0,2,1.710506117819496
7157,120.3,49,135,241.4,0.02,51,0,0,0,0,0,1,0,0,0,1.5828328244845071
7158,120.32,49,137,241.1,0.02,51,0,0,0,0,0,1,0,1,1,1.3833396502040636
7159,120.34,49,127,242.2,0.02,51,0,0,0,0,0,1,0,0,0,1.6713885084617037
7160,120.37,49,144,239.5,0.02,51,0,0,0,0,0,1,1,2,0,1.47666717318594
7161,120.39,49,139,240.9,0.02,51,0,0,0,0,0,1,0,1,1,1.4752331051850465
7162,120.39,15,35,63.5,0.02,15,0,0,0,1,1,0,3,1,0,2.0152479589505465
7163,120.41,49,122,242.7,0.02,51,0,0,0,0,0,1,0,3,0,1.736549844313816
7164,120.43,49,127,241.9,0.02,51,0,0,0,0,0,1,0,0,3,1.6501810063585625
7165,120.45,49,124,242.5,0.02,51,0,0,0,0,0,1,0,0,0,1.4915657193778546
7166,120.48,49,153,221.6,0.02,49,0,0,0,1,1,0,3,2,1,1.6849098984910842
7167,120.5,49,142,240.6,0.02,51,0,0,0,0,0,1,0,3,1,1.4295364760025022
7168,120.52,49,131,240.7,0.02,51,0,0,0,0,0,1,1,0,1,1.673856027885154
7169,120.54,49,142,240.7,0.02,51,0,0,0,0,0,1,0,0,0,1.538754477049015
7170,120.57,49,143,240.5,0.02,51,0,0,0,0,0,1,0,1,1,1.5918367418618349
7171,120.57,22,45,99.5,0.02,22,0,0,0,1,1,0,1,1,0,1.8917145079501467
7172,120.6,49,153,237.6,0.02,51,0,0,0,0,0,1,2,0,0,1.6602420749640354
7173,120.61,31,78,138.1,0.02,31,0,0,0,1,1,0,4,2,1,1.7485907813832091
7174,120.63,49,137,239.2,0.02,51,0,0,0,0,0,1,2,2,0,1.4308835347395832
7175,120.65,49,125,241.4,0.02,51,0,0,0,0,0,1,1,0,0,1.6192030871348213
7176,120.67,49,149,238.0,0.02,51,0,0,0,0,0,1,2,0,0,1.5767206006149161
7177,120.69,49,122,242.5,0.02,51,0,0,0,0,0,1,0,0,2,1.5685551731989116
7178,120.71,49,133,241.5,0.02,51,0,0,0,0,0,1,0,0,1,1.7147070557520057
7179,120.74,49,150,238.9,0.02,51,0,0,0,0,0,1,1,1,0,1.6859556805533913
7180,120.76,49,129,240.9,0.02,51,0,0,0,0,0,1,1,0,1,1.5185671321007834
7181,120.78,49,131,241.7,0.02,51,0,0,0,0,0,1,0,1,1,1.6790884030907665
7182,120.8,50,143,226.6,0.02,50,0,0,0,1,1,0,4,1,1,1.543442506241693
7183,120.82,49,134,240.5,0.02,51,0,0,0,0,0,1,1,0,0,1.520865240796013
7184,120.84,49,116,243.2,0.02,51,0,0,0,0,0,1,0,0,1,1.5977763101010598
7185,120.85,29,78,129.8,0.02,29,0,0,0,1,1,0,2,2,4,1.6943675026320248
7186,120.86,18,44,77.5,0.02,18,0,0,0,1,1,0,3,1,1,1.806823939640119
7187,120.88,49,133,241.6,0.02,51,0,0,0,0,0,1,0,0,0,1.4573736589590718
7188,120.9,49,139,240.0,0.02,51,0,0,0,0,0,1,1,0,0,1.5751265666485441
7189,120.92,49,141,240.8,0.02,51,0,0,0,0,0,1,0,0,0,1.5502545567420236
7190,120.95,49,150,238.9,0.02,51,0,0,0,0,0,1,1,0,0,1.6241222748860829
7191,120.97,49,153,239.6,0.02,51,0,0,0,0,0,1,0,0,0,1.6596671259290436
7192,120.99,49,137,240.1,0.02,51,0,0,0,0,0,1,1,0,1,1.556032795138844
7193,121.0,9,27,34.3,0.02,9,0,0,0,1,1,0,3,1,0,2.7023112831530756
7194,121.02,49,144,239.5,0.02,51,0,0,0,0,0,1,1,0,0,1.7575636449532885
7195,121.03,44,105,204.5,0.02,44,0,0,0,1,1,0,0,1,0,1.5973332259475466
7196,121.05,32,80,144.9,0.02,32,0,0,0,1,1,0,2,1,1,1.799878105059367
7197,121.07,49,141,239.8,0.02,51,0,0,0,0,0,1,1,1,0,1.5744522944860464
7198,121.09,49,127,241.1,0.02,51,0,0,0,0,0,1,1,0,1,1.781253693196358
7199,121.11,49,116,242.3,0.02,51,0,0,0,0,0,1,1,0,0,1.658183988049875
7200,121.13,49,130,241.9,0.02,51,0,0,0,0,0,1,0,1,0,1.8577885962337355
7201,121.15,49,120,242.9,0.02,51,0,0,0,0,0,1,0,0,0,1.7815289372274525
7202,121.17,49,136,241.2,0.02,51,0,0,0,0,0,1,0,2,1,1.6402627831031409
7203,121.19,49,129,242.0,0.02,51,0,0,0,0,0,1,0,0,0,1.5132997797231995
7204,121.21,49,134,241.4,0.02,51,0,0,0,0,0,1,0,0,1,1.7015840320405127
7205,121.23,49,133,240.4,0.02,51,0,0,0,0,0,1,1,1,2,1.5714369744466992
7206,121.25,49,118,243.0,0.02,51,0,0,0,0,0,1,0,0,1,1.7219890216409852
7207,121.27,49,143,239.6,0.02,51,0,0,0,0,0,1,1,1,0,1.5316074998566598
7208,121.29,49,127,240.1,0.02,51,0,0,0,0,0,1,2,1,1,1.7827410609042345
7209,121.31,36,88,162.2,0.02,36,0,0,0,1,1,0,4,1,0,1.5476512616785214
7210,121.32,32,71,147.7,0.02,32,0,0,0,1,1,0,0,2,2,1.8909502527297934
7211,121.33,31,79,139.0,0.02,31,0,0,0,1,1,0,3,1,1,1.5848557536266767
7212,121.35,49,131,240.7,0.02,51,0,0,0,0,0,1,1,2,1,1.910328969648375
7213,121.37,49,142,237.6,0.02,51,0,0,0,0,0,1,3,0,1,1.6393089391097893
7214,121.39,49,134,241.5,0.02,51,0,0,0,0,0,1,0,0,0,1.6663748205588307
7215,121.42,49,136,239.3,0.02,51,0,0,0,0,0,1,2,0,0,1.613082205197789
7216,121.44,49,134,241.4,0.02,51,0,0,0,0,0,1,0,0,1,1.6299669406551642
7217,121.46,49,130,239.8,0.02,51,0,0,0,0,0,1,2,1,1,1.592302863001686
7218,121.48,49,137,240.2,0.02,51,0,0,0,0,0,1,1,1,0,1.5531780841439562
7219,121.5,49,119,243.0,0.02,51,0,0,0,0,0,1,0,2,0,1.6083456768458462
7220,121.51,49,107,243.2,0.02,51,0,0,0,0,0,1,1,0,0,1.6651163785160799
7221,121.53,49,126,242.3,0.02,51,0,0,0,0,0,1,0,1,0,1.6879401239917826
7222,121.55,49,117,243.2,0.02,51,0,0,0,0,0,1,0,0,0,1.6451826959357956
7223,121.58,49,128,241.1,0.02,51,0,0,0,0,0,1,1,0,0,1.5333199790656713
7224,121.6,49,127,242.2,0.02,51,0,0,0,0,0,1,0,0,0,1.8152737873044162
7225,121.62,49,128,242.0,0.02,51,0,0,0,0,0,1,0,0,1,1.6075341785100346
7226,121.64,49,149,240.0,0.02,51,0,0,0,0,0,1,0,0,0,1.4368424541788143
7227,121.66,49,138,239.9,0.02,51,0,0,0,0,0,1,1,0,2,1.5875706943464045
7228,121.67,13,23,57.7,0.02,13,0,0,0,1,1,0,0,1,0,2.5099512913814066
7229,121.69,49,135,239.4,0.02,51,0,0,0,0,0,1,2,0,0,1.6329883305352955
7230,121.71,49,116,242.3,0.02,51,0,0,0,0,0,1,1,1,0,1.502177250201041
7231,121.72,49,119,243.0,0.02,51,0,0,0,0,0,1,0,0,0,1.7152642240990479
7232,121.73,13,31,53.9,0.02,13,0,0,0,1,1,0,3,1,0,2.4313165299515482
7233,121.73,9,24,42.5,0.02,10,0,0,0,1,1,0,0,2,1,2.1046075205457924
7234,121.75,49,125,242.4,0.02,51,0,0,0,0,0,1,0,0,0,1.8471195269234422
7235,121.78,49,131,240.7,0.02,51,0,0,0,0,0,1,1,0,1,1.5906620518623151
7236,121.78,2,9,1.1,0.02,2,0,0,0,1,1,0,3,1,0,4.224166604291486
7237,121.8,49,141,240.8,0.02,51,0,0,0,0,0,1,0,0,0,1.6251865043178253
7238,121.82,49,142,239.6,0.02,51,0,0,0,0,0,1,1,0,1,1.6832134340784812
7239,121.84,49,127,242.2,0.02,51,0,0,0,0,0,1,0,0,0,1.6817706793271203
7240,121.84,9,17,42.3,0.02,10,0,0,0,1,1,0,1,1,0,2.629602244032338
7241,121.85,6,21,19.9,0.02,6,0,0,0,1,1,0,3,1,0,2.4564506126023504
7242,121.87,49,142,238.7,0.02,51,0,0,0,0,0,1,2,1,0,1.7131897513632923
7243,121.89,49,132,241.7,0.02,51,0,0,0,0,0,1,0,0,0,1.5215969060596195
7244,121.91,49,140,239.9,0.02,51,0,0,0,0,0,1,1,0,0,1.7313412859073523
7245,121.93,49,139,239.9,0.02,51,0,0,0,0,0,1,1,0,1,1.564438730766506
7246,121.96,49,133,239.6,0.02,51,0,0,0,0,0,1,2,0,0,1.5011353654445028
7247,121.97,49,125,241.4,0.02,51,0,0,0,0,0,1,1,0,0,1.7110901111875079
7248,121.99,49,129,240.9,0.02,51,0,0,0,0,0,1,1,0,1,1.735866334697381
7249,122.02,49,133,239.6,0.02,51,0,0,0,0,0,1,2,0,0,1.5782067611620654
7250,122.04,49,142,240.6,0.02,51,0,0,0,0,0,1,0,0,1,1.4597379503960197
7251,122.06,49,128,242.0,0.02,51,0,0,0,0,0,1,0,0,1,1.6070924492858127
7252,122.08,49,124,240.5,0.02,51,0,0,0,0,0,1,2,0,0,1.6024475247425383
7253,122.1,49,127,242.1,0.02,51,0,0,0,0,0,1,0,2,1,1.6242578118898088
7254,122.12,49,136,241.3,0.02,51,0,0,0,0,0,1,0,1,0,1.6091845857662013
7255,122.14,49,124,242.4,0.02,51,0,0,0,0,0,1,0,0,1,1.8433373859511883
7256,122.16,49,124,242.5,0.02,51,0,0,0,0,0,1,0,1,0,1.7270010860367624
7257,122.18,49,129,242.0,0.02,51,0,0,0,0,0,1,0,1,0,1.6240723094534797
7258,122.2,50,154,231.4,0.02,50,0,0,0,0,0,1,3,1,1,1.681386782630914
7259,122.22,49,121,242.8,0.02,51,0,0,0,0,0,1,0,0,0,1.6058936312831784
7260,122.24,49,120,242.9,0.02,51,0,0,0,0,0,1,0,0,0,1.7229353408115968
7261,122.26,49,124,241.5,0.02,51,0,0,0,0,0,1,1,0,0,1.7536517576757045
7262,122.28,49,132,239.6,0.02,51,0,0,0,0,0,1,2,2,1,1.604122654630345
7263,122.3,49,132,239.6,0.02,51,0,0,0,0,0,1,2,0,1,1.7902187614608236
7264,122.33,49,146,240.1,0.02,51,0,0,0,0,0,1,0,1,2,1.64767237989415
7265,122.35,49,136,241.2,0.02,51,0,0,0,0,0,1,0,0,1,1.4656310700554056
7266,122.37,49,152,239.6,0.02,51,0,0,0,0,0,1,0,0,1,1.599874943074396
7267,122.39,49,114,243.5,0.02,51,0,0,0,0,0,1,0,1,0,1.575149033819332
7268,122.41,49,112,243.7,0.02,51,0,0,0,0,0,1,0,1,0,1.7835661957678508
7269,122.43,49,134,241.5,0.02,51,0,0,0,0,0,1,0,1,0,1.4828537465945815
7270,122.45,49,121,241.8,0.02,51,0,0,0,0,0,1,1,0,0,1.7005948648395337
7271,122.47,49,127,242.1,0.02,51,0,0,0,0,0,1,0,0,1,1.7936014440447454
7272,122.49,49,144,240.5,0.02,51,0,0,0,0,0,1,0,1,0,1.6176012654297685
7273,122.51,49,128,242.1,0.02,51,0,0,0,0,0,1,0,0,0,1.7228209497309088
7274,122.53,49,141,240.8,0.02,51,0,0,0,0,0,1,0,0,0,1.3395880368507405
7275,122.56,49,148,240.1,0.02,51,0,0,0,0,0,1,0,2,0,1.6201200688336577
7276,122.58,49,136,240.3,0.02,51,0,0,0,0,0,1,1,0,0,1.491271936763975
7277,122.6,49,133,241.6,0.02,51,0,0,0,0,0,1,0,2,0,1.7234774236485768
7278,122.62,49,131,241.8,0.02,51,0,0,0,0,0,1,0,0,0,1.4745323827174492
7279,122.64,49,144,238.4,0.02,51,0,0,0,0,0,1,2,0,1,1.526826868384434
7280,122.66,49,119,240.9,0.02,51,0,0,0,0,0,1,2,0,1,1.3654407801197201
7281,122.68,49,148,239.0,0.02,51,0,0,0,0,0,1,1,0,1,1.4524952814809788
7282,122.7,49,135,241.4,0.02,51,0,0,0,0,0,1,0,0,0,1.7432592292371336
7283,122.73,49,156,239.3,0.02,51,0,0,0,0,0,1,0,0,0,1.6611597238614888
7284,122.75,49,133,241.5,0.02,51,0,0,0,0,0,1,0,0,1,1.8541191569964375
7285,122.77,49,131,240.7,0.02,51,0,0,0,0,0,1,1,0,1,1.665891884119956
7286,122.79,49,124,239.5,0.02,51,0,0,0,0,0,1,3,0,0,1.591348919317234
7287,122.81,49,142,238.6,0.02,51,0,0,0,0,0,1,2,0,1,1.8059888727803552
7288,122.83,49,146,239.3,0.02,51,0,0,0,0,0,1,1,0,0,1.4601768606380572
7289,122.86,49,144,240.4,0.02,51,0,0,0,0,0,1,0,0,1,1.6324849702394941
7290,122.88,49,122,242.6,0.02,51,0,0,0,0,0,1,0,0,1,1.724064331949192
7291,122.9,49,135,240.2,0.02,51,0,0,0,0,0,1,1,1,2,1.752045404770137
7292,122.92,49,133,240.6,0.02,51,0,0,0,0,0,1,1,0,0,1.6781509570159459
7293,122.94,49,121,242.8,0.02,51,0,0,0,0,0,1,0,0,0,1.451137860128972
7294,122.96,49,109,244.0,0.02,51,0,0,0,0,0,1,0,0,0,1.6821296184790018
7295,122.98,49,138,241.0,0.02,51,0,0,0,0,0,1,0,0,1,1.660032955016721
7296,123.0,49,126,242.2,0.02,51,0,0,0,0,0,1,0,0,1,1.6326417481940358
7297,123.02,49,129,242.0,0.02,51,0,0,0,0,0,1,0,0,0,1.9267165520333762
7298,123.04,49,142,239.7,0.02,51,0,0,0,0,0,1,1,0,0,1.687539787745296
7299,123.04,7,15,28.5,0.02,7,0,0,0,1,1,0,0,1,0,3.343333340669884
7300,123.06,49,136,241.3,0.02,51,0,0,0,0,0,1,0,1,0,1.5167440283491194
7301,123.09,49,137,241.2,0.02,51,0,0,0,0,0,1,0,0,0,1.5988000543737189
7302,123.11,49,140,240.9,0.02,51,0,0,0,0,0,1,0,0,0,1.7025595574465502
7303,123.13,49,138,241.1,0.02,51,0,0,0,0,0,1,0,1,0,1.5752996109813606
7304,123.15,49,143,240.6,0.02,51,0,0,0,0,0,1,0,0,0,1.677740158216241
7305,123.17,50,143,227.6,0.02,50,0,0,0,1,1,0,3,1,1,1.8362325640615513
7306,123.19,40,99,182.1,0.02,40,0,0,0,1,1,0,3,1,0,1.7478851671148132
7307,123.21,49,155,238.3,0.02,51,0,0,0,0,0,1,1,0,1,1.358475974485786
7308,123.23,49,127,241.2,0.02,51,0,0,0,0,0,1,1,0,0,1.7773105744713766
7309,123.25,39,96,178.4,0.02,39,0,0,0,1,1,0,2,3,0,1.8124200462959277
7310,123.27,49,130,241.6,0.02,51,0,0,0,0,0,1,0,0,3,1.678158078293497
7311,123.27,13,25,55.5,0.02,13,0,0,0,1,1,0,2,1,0,2.620554093832985
7312,123.3,49,142,240.7,0.02,51,0,0,0,0,0,1,0,0,0,1.4763711586074584
7313,123.32,49,138,241.1,0.02,51,0,0,0,0,0,1,0,0,0,1.6222928829039616
7314,123.34,49,136,241.3,0.02,51,0,0,0,0,0,1,0,0,0,1.6275494606590044
7315,123.34,3,16,6.0,0.02,3,0,0,0,1,1,0,2,1,4,2.821196906879366
7316,123.35,14,31,58.8,0.02,14,0,0,0,1,1,0,3,1,1,2.194284642861604
7317,123.37,46,143,206.1,0.02,46,0,0,0,1,1,0,4,1,6,1.5963227262242763
7318,123.38,9,27,35.1,0.02,9,0,0,0,1,1,0,2,1,2,2.5697410255973776
7319,123.39,44,113,202.3,0.02,44,0,0,0,1,1,0,1,1,4,1.5978144668832968
7320,123.4,10,25,46.2,0.02,11,0,0,0,1,1,0,1,1,3,2.2221563841712926
7321,123.4,0,6,-6.9,0.02,0,0,0,0,1,1,0,1,1,3,5.138779617268484
7322,123.4,1,5,-3.5,0.02,1,0,0,0,1,1,0,3,1,0,7.542090284482197
7323,123.41,30,76,133.4,0.02,30,0,0,0,1,1,0,4,1,0,1.6014037322396668
7324,123.42,12,57,47.1,0.02,12,0,0,0,1,1,0,2,1,2,2.374246847856331
7325,123.44,35,77,161.1,0.02,35,0,0,0,1,1,0,1,1,2,2.0254687606225072
7326,123.46,49,129,242.0,0.02,51,0,0,0,0,0,1,0,0,0,1.7529130285991712
7327,123.48,49,136,241.3,0.02,51,0,0,0,0,0,1,0,0,0,1.658890888019017
7328,123.5,49,124,240.5,0.02,51,0,0,0,0,0,1,2,0,0,1.6218474192423669
7329,123.52,49,131,239.8,0.02,51,0,0,0,0,0,1,2,0,0,1.6304838336824856
7330,123.54,49,150,239.8,0.02,51,0,0,0,0,0,1,0,1,1,1.6118864143789862
7331,123.56,49,122,241.7,0.02,51,0,0,0,0,0,1,1,0,0,1.4773285530596354
7332,123.58,49,126,238.3,0.02,51,0,0,0,0,0,1,4,1,0,1.6008770899554003
7333,123.61,49,152,239.7,0.02,51,0,0,0,0,0,1,0,0,0,1.624710563643436
7334,123.63,49,153,239.5,0.02,51,0,0,0,0,0,1,0,2,1,1.4617122209985145
7335,123.65,50,135,236.4,0.02,50,0,0,0,0,0,1,0,2,0,1.6967314693751268
7336,123.67,49,146,239.2,0.02,51,0,0,0,0,0,1,1,1,1,1.473578082707018
7337,123.7,49,138,239.0,0.02,51,0,0,0,0,0,1,2,0,1,1.588850955457697
7338,123.73,49,165,238.3,0.02,51,0,0,0,0,0,1,0,0,1,1.5607061096934318
7339,123.75,49,137,240.9,0.02,51,0,0,0,0,0,1,0,1,3,1.7432732418901893
7340,123.77,49,126,242.0,0.02,51,0,0,0,0,0,1,0,0,3,1.5437039713826906
7341,123.78,18,45,80.5,0.02,18,0,0,0,1,1,0,0,1,0,1.6437624086832396
7342,123.8,49,129,242.0,0.02,51,0,0,0,0,0,1,0,0,0,1.543731073524197
7343,123.82,49,124,241.4,0.02,51,0,0,0,0,0,1,1,0,1,1.6920464124728083
7344,123.84,49,144,240.5,0.02,51,0,0,0,0,0,1,0,0,0,1.5067870152316734
7345,123.86,49,123,241.6,0.02,51,0,0,0,0,0,1,1,1,0,1.7637867012936497
7346,123.88,49,128,241.1,0.02,51,0,0,0,0,0,1,1,1,0,1.4766515576321988
7347,123.9,50,126,235.2,0.02,50,0,0,0,0,0,1,2,2,1,1.3627774139429882
7348,123.92,49,142,239.7,0.02,51,0,0,0,0,0,1,1,0,0,1.4969865358395673
7349,123.95,49,151,238.8,0.02,51,0,0,0,0,0,1,1,1,0,1.6271984682348155
7350,123.97,49,139,239.0,0.02,51,0,0,0,0,0,1,2,0,0,1.6281525779481951
7351,123.99,49,153,239.3,0.02,51,0,0,0,0,0,1,0,0,3,1.721379805082459
7352,124.02,49,140,238.9,0.02,51,0,0,0,0,0,1,2,0,0,1.7135949393485157
7353,124.04,49,131,238.7,0.02,51,0,0,0,0,0,1,3,0,1,1.6510180274300648
7354,124.06,49,124,242.4,0.02,51,0,0,0,0,0,1,0,0,1,1.5961065914972428
7355,124.06,17,35,73.5,0.02,17,0,0,0,1,1,0,3,1,0,1.8409064309756067
7356,124.09,49,150,239.7,0.02,51,0,0,0,0,0,1,0,0,2,1.6444253394119777
7357,124.1,26,62,114.8,0.02,26,0,0,0,1,1,0,4,1,0,1.808953253054234
7358,124.12,49,133,241.6,0.02,51,0,0,0,0,0,1,0,0,0,1.644104350022738
7359,124.12,8,31,27.9,0.02,8,0,0,0,1,1,0,4,1,0,2.5721456049883424
7360,124.14,49,117,242.2,0.02,51,0,0,0,0,0,1,1,1,0,1.7606444076142684
7361,124.15,18,39,81.1,0.02,18,0,0,0,1,1,0,0,1,0,1.60251360908545
7362,124.17,49,113,243.5,0.02,51,0,0,0,0,0,1,0,0,1,1.8187182109853368
7363,124.19,49,135,241.4,0.02,51,0,0,0,0,0,1,0,0,0,1.5446555774234672
7364,124.21,49,126,242.2,0.02,51,0,0,0,0,0,1,0,0,1,1.4746237858338476
7365,124.23,49,120,242.8,0.02,51,0,0,0,0,0,1,0,0,1,1.6142855299841175
7366,124.23,15,33,66.7,0.02,15,0,0,0,1,1,0,0,1,0,1.8081326215986346
7367,124.26,49,139,240.9,0.02,51,0,0,0,0,0,1,0,0,1,1.7798802914742058
7368,124.28,49,134,239.4,0.02,51,0,0,0,0,0,1,2,0,1,1.6788070437061577
7369,124.3,49,128,241.9,0.02,51,0,0,0,0,0,1,0,0,2,1.5253538552870773
7370,124.32,49,124,242.5,0.02,51,0,0,0,0,0,1,0,1,0,1.7847576765445747
7371,124.34,49,126,240.2,0.02,51,0,0,0,0,0,1,2,0,1,1.4736406375908337
7372,124.35,49,117,242.2,0.02,51,0,0,0,0,0,1,1,1,0,1.845186972379295
7373,124.38,49,131,240.8,0.02,51,0,0,0,0,0,1,1,0,0,1.5301449424531945
7374,124.4,49,131,240.8,0.02,51,0,0,0,0,0,1,1,0,0,1.3945099960894503
7375,124.41,49,118,243.0,0.02,51,0,0,0,0,0,1,0,0,1,1.7144256835515599
7376,124.44,49,138,241.1,0.02,51,0,0,0,0,0,1,0,2,0,1.5086174463623918
7377,124.45,49,106,244.3,0.02,51,0,0,0,0,0,1,0,0,0,1.7744531477115022
7378,124.48,49,159,237.0,0.02,51,0,0,0,0,0,1,2,1,0,1.5052926215264324
7379,124.48,16,26,72.3,0.02,16,0,0,0,1,1,0,0,1,1,2.9129528834449068
7380,124.51,49,149,240.0,0.02,51,0,0,0,0,0,1,0,0,0,1.6576356096562082
7381,124.53,49,126,240.3,0.02,51,0,0,0,0,0,1,2,0,0,1.637904480540758
7382,124.55,49,125,241.1,0.02,51,0,0,0,0,0,1,1,0,3,1.9178429852827656
7383,124.57,49,140,240.8,0.02,51,0,0,0,0,0,1,0,0,1,1.531807497641033
7384,124.59,49,138,240.1,0.02,51,0,0,0,0,0,1,1,0,0,1.5372874232527478
7385,124.61,49,140,238.8,0.02,51,0,0,0,0,0,1,2,0,1,1.5960160083556973
7386,124.63,49,126,242.3,0.02,51,0,0,0,0,0,1,0,1,0,1.6991076900772755
7387,124.65,49,115,243.4,0.02,51,0,0,0,0,0,1,0,0,0,1.731029235730082
7388,124.67,49,135,241.4,0.02,51,0,0,0,0,0,1,0,0,0,1.6677718823030905
7389,124.69,49,132,241.6,0.02,51,0,0,0,0,0,1,0,0,1,1.713338562201361
7390,124.71,49,122,240.6,0.02,51,0,0,0,0,0,1,2,0,1,1.4810317761659153
7391,124.73,49,133,241.6,0.02,51,0,0,0,0,0,1,0,0,0,1.705251514155609
7392,124.75,49,125,242.4,0.02,51,0,0,0,0,0,1,0,0,0,1.5593260400104882
7393,124.77,49,131,239.8,0.02,51,0,0,0,0,0,1,2,2,0,1.7214253169778981
7394,124.79,49,112,243.7,0.02,51,0,0,0,0,0,1,0,0,0,1.7508264402548734
7395,124.81,49,136,239.3,0.02,51,0,0,0,0,0,1,2,1,0,1.584236547850293
7396,124.84,49,139,239.9,0.02,51,0,0,0,0,0,1,1,0,1,1.5570624474071626
7397,124.85,49,119,242.9,0.02,51,0,0,0,0,0,1,0,0,1,1.5637435378118312
7398,124.87,49,129,241.8,0.02,51,0,0,0,0,0,1,0,1,2,1.7311733305344048
7399,124.89,49,113,243.6,0.02,51,0,0,0,0,0,1,0,0,0,1.5668444274213054
7400,124.92,49,153,239.6,0.02,51,0,0,0,0,0,1,0,0,0,1.4850486408420953
7401,124.94,49,126,242.3,0.02,51,0,0,0,0,0,1,0,0,0,1.6635203002230787
7402,124.96,49,129,241.0,0.02,51,0,0,0,0,0,1,1,0,0,1.7395757545176915
7403,124.98,49,136,240.2,0.02,51,0,0,0,0,0,1,1,0,1,1.6739197654820306
7404,125.0,49,122,242.7,0.02,51,0,0,0,0,0,1,0,0,0,1.5895123321867717
7405,125.02,49,141,240.8,0.02,51,0,0,0,0,0,1,0,0,0,1.6556905765210657
7406,125.04,49,137,241.2,0.02,51,0,0,0,0,0,1,0,0,0,1.4842649887908543
7407,125.06,49,124,241.4,0.02,51,0,0,0,0,0,1,1,1,1,1.5622501195011425
7408,125.08,49,123,241.6,0.02,51,0,0,0,0,0,1,1,1,0,1.5977267808732896
7409,125.1,49,125,240.4,0.02,51,0,0,0,0,0,1,2,2,0,1.561267914603501
7410,125.12,49,139,241.0,0.02,51,0,0,0,0,0,1,0,0,0,1.5944985846714799
7411,125.13,9,29,33.1,0.02,9,0,0,0,1,1,0,4,2,0,2.480228278097874
7412,125.15,49,142,240.6,0.02,51,0,0,0,0,0,1,0,1,1,1.683462768383259
7413,125.17,49,126,242.2,0.02,51,0,0,0,0,0,1,0,0,1,1.6749864851322276
7414,125.18,21,50,91.0,0.02,21,0,0,0,1,1,0,4,1,0,2.0609114965638766
7415,125.2,49,124,242.4,0.02,51,0,0,0,0,0,1,0,0,1,1.6917129296247813
7416,125.22,49,139,239.5,0.02,51,0,0,0,0,0,1,1,0,5,1.7131533428553098
7417,125.24,49,135,238.4,0.02,51,0,0,0,0,0,1,3,1,0,1.718827954812129
7418,125.26,49,144,240.5,0.02,51,0,0,0,0,0,1,0,0,0,1.583507579547886
7419,125.28,49,129,241.9,0.02,51,0,0,0,0,0,1,0,0,1,1.6112769687729331
7420,125.3,49,127,242.1,0.02,51,0,0,0,0,0,1,0,0,1,1.8291275475951636
7421,125.32,49,124,240.3,0.02,51,0,0,0,0,0,1,2,1,2,1.6918438882385247
7422,125.34,49,133,240.6,0.02,51,0,0,0,0,0,1,1,0,0,1.4708231728213492
7423,125.36,49,137,241.1,0.02,51,0,0,0,0,0,1,0,0,1,1.6589791060274084
7424,125.38,49,135,241.2,0.02,51,0,0,0,0,0,1,0,2,2,1.6306606264301324
7425,125.41,49,144,240.2,0.02,51,0,0,0,0,0,1,0,0,3,1.7031316152435438
7426,125.42,49,123,242.5,0.02,51,0,0,0,0,0,1,0,1,1,1.6664214154448744
7427,125.44,49,130,241.8,0.02,51,0,0,0,0,0,1,0,1,1,1.5497054412735245
7428,125.46,49,130,241.8,0.02,51,0,0,0,0,0,1,0,0,1,1.6017016802901185
7429,125.49,49,160,238.9,0.02,51,0,0,0,0,0,1,0,0,0,1.4278814019129855
7430,125.51,49,139,240.9,0.02,51,0,0,0,0,0,1,0,0,1,1.3429995255120508
7431,125.53,49,142,239.6,0.02,51,0,0,0,0,0,1,1,0,1,1.5108237683296986
7432,125.55,49,133,240.5,0.02,51,0,0,0,0,0,1,1,0,1,1.732963958492701
7433,125.57,49,132,240.6,0.02,51,0,0,0,0,0,1,1,0,1,1.6346605887043062
7434,125.59,49,121,242.8,0.02,51,0,0,0,0,0,1,0,0,0,1.5650351462106
7435,125.6,34,71,157.9,0.02,34,0,0,0,1,1,0,0,1,0,1.8868500869539644
7436,125.62,49,123,241.5,0.02,51,0,0,0,0,0,1,1,0,1,1.6192428708632822
7437,125.64,49,144,240.5,0.02,51,0,0,0,0,0,1,0,1,0,1.5086997760263166
7438,125.64,11,27,46.2,0.02,11,0,0,0,1,1,0,1,1,1,2.0537313433730726
7439,125.66,49,122,241.7,0.02,51,0,0,0,0,0,1,1,0,0,1.7351496809112459
7440,125.68,49,131,240.8,0.02,51,0,0,0,0,0,1,1,0,0,1.6825022012278705
7441,125.7,49,131,240.7,0.02,51,0,0,0,0,0,1,1,0,1,1.6266231262867143
7442,125.72,49,134,241.5,0.02,51,0,0,0,0,0,1,0,0,0,1.4942089244898693
7443,125.74,49,133,241.6,0.02,51,0,0,0,0,0,1,0,0,0,1.5499104802356898
7444,125.76,49,134,240.5,0.02,51,0,0,0,0,0,1,1,0,0,1.5825721368862904
7445,125.78,49,127,242.2,0.02,51,0,0,0,0,0,1,0,0,0,1.743692591796614
7446,125.8,49,114,243.5,0.02,51,0,0,0,0,0,1,0,1,0,1.7151640607347414
7447,125.8,7,16,26.4,0.02,7,0,0,0,1,1,0,2,1,0,2.9749859033425596
7448,125.82,49,117,243.1,0.02,51,0,0,0,0,0,1,0,0,1,1.9269380841867543
7449,125.84,49,145,240.4,0.02,51,0,0,0,0,0,1,0,2,0,1.5165161480674436
7450,125.86,49,117,241.2,0.02,51,0,0,0,0,0,1,2,0,0,1.6358094964320078
7451,125.88,49,126,241.3,0.02,51,0,0,0,0,0,1,1,0,0,1.7038575968859635
7452,125.9,49,135,241.3,0.02,51,0,0,0,0,0,1,0,1,1,1.52704708543255
7453,125.92,49,124,242.5,0.02,51,0,0,0,0,0,1,0,0,0,1.6671184399790306
7454,125.94,49,124,241.5,0.02,51,0,0,0,0,0,1,1,0,0,1.5808516727670714
7455,125.95,15,36,63.4,0.02,15,0,0,0,1,1,0,3,1,0,2.158269376076315
7456,125.97,49,140,238.9,0.02,51,0,0,0,0,0,1,2,0,0,1.5432219701519998
7457,125.99,49,124,240.5,0.02,51,0,0,0,0,0,1,2,0,0,1.5907330461696005
7458,126.0,49,122,241.7,0.02,51,0,0,0,0,0,1,1,0,0,1.6346394848440189
7459,126.03,49,136,240.3,0.02,51,0,0,0,0,0,1,1,0,0,1.6556451073944307
7460,126.05,49,146,239.3,0.02,51,0,0,0,0,0,1,1,0,0,1.8106580914389827
7461,126.06,49,108,244.1,0.02,51,0,0,0,0,0,1,0,0,0,1.590054960715001
7462,126.08,29,63,132.6,0.02,29,0,0,0,1,1,0,1,1,1,1.664776637286064
7463,126.09,49,119,241.0,0.02,51,0,0,0,0,0,1,2,0,0,1.7443744390780676
7464,126.11,49,130,241.9,0.02,51,0,0,0,0,0,1,0,1,0,1.6244077974703215
7465,126.14,49,145,240.4,0.02,51,0,0,0,0,0,1,0,2,0,1.5863966523372162
7466,126.16,49,131,241.8,0.02,51,0,0,0,0,0,1,0,0,0,1.4862196390858584
7467,126.18,49,132,240.3,0.02,51,0,0,0,0,0,1,1,0,4,1.840302333438902
7468,126.2,49,155,239.4,0.02,51,0,0,0,0,0,1,0,0,0,1.4747221740438075
7469,126.22,49,127,242.2,0.02,51,0,0,0,0,0,1,0,0,0,1.6737536547373628
7470,126.24,49,130,241.8,0.02,51,0,0,0,0,0,1,0,0,1,1.6101904861996317
7471,126.24,8,19,33.1,0.02,8,0,0,0,1,1,0,0,1,0,2.068156043380164
7472,126.26,49,129,240.9,0.02,51,0,0,0,0,0,1,1,0,1,1.4690256003697912
7473,126.28,49,131,240.8,0.02,51,0,0,0,0,0,1,1,0,0,1.617829113537486
7474,126.3,49,121,242.8,0.02,51,0,0,0,0,0,1,0,0,0,1.6266383690719843
7475,126.32,49,156,237.3,0.02,51,0,0,0,0,0,1,2,1,0,1.5341810219209466
7476,126.34,49,129,242.0,0.02,51,0,0,0,0,0,1,0,0,0,1.5806269308097727
7477,126.36,29,88,127.2,0.02,29,0,0,0,1,1,0,4,1,0,1.680768533055265
7478,126.37,25,59,109.1,0.02,25,0,0,0,1,1,0,5,1,0,1.6128703674116747
7479,126.39,49,153,231.0,0.02,51,0,0,0,0,0,1,8,0,6,1.693309912937016
7480,126.4,37,90,168.9,0.02,37,0,0,0,1,1,0,2,1,1,1.8251130123405008
7481,126.43,49,145,238.3,0.02,51,0,0,0,0,0,1,2,1,1,1.7080778259157894
7482,126.45,49,130,239.8,0.02,51,0,0,0,0,0,1,2,0,1,1.8906041930861706
7483,126.47,49,137,240.2,0.02,51,0,0,0,0,0,1,1,0,0,1.5729575884976161
7484,126.49,49,143,240.6,0.02,51,0,0,0,0,0,1,0,0,0,1.5194593181195775
7485,126.5,30,81,136.9,0.02,30,0,0,0,1,1,0,0,1,0,1.5562621723776378
7486,126.52,49,123,242.6,0.02,51,0,0,0,0,0,1,0,0,0,1.607120088957032
7487,126.54,49,130,240.8,0.02,51,0,0,0,0,0,1,1,1,1,1.5520799537476495
7488,126.56,49,128,241.9,0.02,51,0,0,0,0,0,1,0,0,2,1.7111074156783257
7489,126.58,36,79,167.1,0.02,36,0,0,0,1,1,0,0,1,0,1.6513931639850834
7490,126.59,27,67,122.0,0.02,27,0,0,0,1,1,0,1,2,3,1.629613695236274
7491,126.6,26,61,116.8,0.02,26,0,0,0,1,1,0,2,1,1,1.6528454930916048
7492,126.62,49,127,242.2,0.02,51,0,0,0,0,0,1,0,0,0,1.8460436778071312
7493,126.62,3,9,12.1,0.02,4,0,0,0,1,1,0,2,1,0,3.7209318980512114
7494,126.64,49,129,242.0,0.02,51,0,0,0,0,0,1,0,0,0,1.8876057643632778
7495,126.66,49,118,243.1,0.02,51,0,0,0,0,0,1,0,1,0,1.7226444601097322
7496,126.66,7,19,31.9,0.02,8,0,0,0,1,1,0,1,1,2,2.454903994933477
7497,126.68,49,143,239.4,0.02,51,0,0,0,0,0,1,1,1,2,1.7529896589080485
7498,126.7,49,128,241.9,0.02,51,0,0,0,0,0,1,0,0,2,1.6853253608391827
7499,126.72,49,134,240.3,0.02,51,0,0,0,0,0,1,1,0,2,1.5061435760570034
7500,126.74,49,133,239.4,0.02,51,0,0,0,0,0,1,2,0,2,1.7988878258972285
7501,126.76,49,146,240.3,0.02,51,0,0,0,0,0,1,0,1,0,1.6973132092091017
7502,126.78,49,135,241.4,0.02,51,0,0,0,0,0,1,0,0,0,1.57604534482398
7503,126.8,49,134,239.5,0.02,51,0,0,0,0,0,1,2,1,0,1.685121709759522
7504,126.82,49,137,240.2,0.02,51,0,0,0,0,0,1,1,1,0,1.622478282768832
7505,126.85,49,151,238.7,0.02,51,0,0,0,0,0,1,1,2,1,1.6110670894059522
7506,126.87,49,144,239.3,0.02,51,0,0,0,0,0,1,1,0,2,1.3702407073305463
7507,126.89,49,135,241.4,0.02,51,0,0,0,0,0,1,0,0,0,1.537723763723795
7508,126.91,49,136,240.3,0.02,51,0,0,0,0,0,1,1,0,0,1.4031442044135547
7509,126.93,49,124,241.5,0.02,51,0,0,0,0,0,1,1,0,0,1.5802743499886105
7510,126.95,42,101,193.9,0.02,42,0,0,0,1,1,0,1,2,0,1.74723942840488
7511,126.97,49,136,241.2,0.02,51,0,0,0,0,0,1,0,0,1,1.538752698574331
7512,126.99,49,139,240.0,0.02,51,0,0,0,0,0,1,1,0,0,1.5422055617961725
7513,127.01,49,121,242.8,0.02,51,0,0,0,0,0,1,0,0,0,1.650617315447367
7514,127.03,49,136,241.2,0.02,51,0,0,0,0,0,1,0,0,1,1.447296711163315
7515,127.05,50,162,225.7,0.02,50,0,0,0,1,1,0,3,1,1,1.6079155580830424
7516,127.07,44,118,199.9,0.02,44,0,0,0,1,1,0,3,1,3,1.8029073075456028
7517,127.08,11,33,43.6,0.02,11,0,0,0,1,1,0,3,2,1,1.9768092589050097
7518,127.09,29,67,131.0,0.02,29,0,0,0,1,1,0,2,1,3,1.7295120109765871
7519,127.11,49,147,240.2,0.02,51,0,0,0,0,0,1,0,1,0,1.79845154532698
7520,127.12,23,77,95.3,0.02,23,0,0,0,1,1,0,7,2,0,1.9271166528344987
7521,127.13,1,21,-6.1,0.02,1,0,0,0,1,1,0,4,1,0,2.5202799061365244
7522,127.14,44,123,198.7,0.02,44,0,0,0,1,1,0,4,1,0,1.7229306589571334
7523,127.17,46,146,207.3,0.02,46,0,0,0,1,1,0,3,1,1,1.6383277913667558
7524,127.19,49,133,241.6,0.02,51,0,0,0,0,0,1,0,0,0,1.5849325682645792
7525,127.19,16,38,67.2,0.02,16,0,0,0,1,1,0,4,1,0,1.663851281614091
7526,127.22,49,158,236.1,0.02,51,0,0,0,0,0,1,3,2,0,1.5320753054593907
7527,127.24,37,112,165.8,0.02,37,0,0,0,1,1,0,3,1,0,1.6508741331248231
7528,127.24,2,28,-0.8,0.02,2,0,0,0,1,1,0,3,1,0,2.0389278580384675
7529,127.26,49,135,222.3,0.02,49,0,0,0,1,1,0,4,3,2,1.856274289968034
7530,127.27,28,77,121.2,0.02,28,0,0,0,1,1,0,6,2,1,1.9604709264177433
7531,127.28,13,28,56.2,0.02,13,0,0,0,1,1,0,1,1,0,2.163795400643775
7532,127.3,49,136,241.2,0.02,51,0,0,0,0,0,1,0,0,1,1.6376905318557977
7533,127.32,34,85,155.5,0.02,34,0,0,0,1,1,0,1,2,0,1.6190361083267342
7534,127.33,39,89,181.1,0.02,39,0,0,0,1,1,0,0,1,0,1.7751772951156133
7535,127.35,49,153,239.6,0.02,51,0,0,0,0,0,1,0,0,0,1.5786134861311774
7536,127.37,21,71,90.8,0.02,21,0,0,0,1,1,0,2,1,1,1.704729461689343
7537,127.39,49,151,236.7,0.02,51,0,0,0,0,0,1,3,0,1,1.6029106088579699
7538,127.4,19,67,80.1,0.02,19,0,0,0,1,1,0,3,2,2,2.1867306782694866
7539,127.41,12,30,50.8,0.02,12,0,0,0,1,1,0,1,1,2,2.8279036292284228
7540,127.41,24,50,109.0,0.02,24,0,0,0,1,1,0,1,1,0,2.069363521954113
7541,127.44,49,140,239.8,0.02,51,0,0,0,0,0,1,1,1,1,1.9415087161850242
7542,127.45,30,101,128.8,0.02,30,0,0,0,1,1,0,6,1,1,1.7042612429570283
7543,127.47,44,123,199.5,0.02,44,0,0,0,1,1,0,3,2,2,1.7556497916800577
7544,127.48,2,18,-2.1,0.02,2,0,0,0,1,1,0,5,1,3,2.316095902099085
7545,127.48,2,19,-2.0,0.02,2,0,0,0,1,1,0,5,1,1,2.5471733230353295
7546,127.48,5,18,14.9,0.02,5,0,0,0,1,1,0,3,1,3,2.2243224931329677
7547,127.49,17,40,73.9,0.02,17,0,0,0,1,1,0,2,1,1,1.9263919562232619
7548,127.51,49,149,235.7,0.02,51,0,0,0,0,0,1,4,1,3,1.4679975713896305
7549,127.54,49,161,235.7,0.02,51,0,0,0,0,0,1,3,2,1,1.7183131257227209
7550,127.55,34,80,154.0,0.02,34,0,0,0,1,1,0,3,2,0,1.7144705538932434
7551,127.57,35,125,155.2,0.02,35,0,0,0,1,1,0,2,2,3,1.574608027148961
7552,127.59,49,134,239.5,0.02,51,0,0,0,0,0,1,2,3,0,1.8283841782852575
7553,127.59,5,16,14.4,0.02,5,0,0,0,1,1,0,4,2,0,3.6288775922022087
7554,127.62,47,139,212.0,0.02,47,0,0,0,1,1,0,4,1,1,1.6404494470870266
7555,127.63,26,67,115.3,0.02,26,0,0,0,1,1,0,3,1,0,1.6502285989727672
7556,127.65,49,130,241.9,0.02,51,0,0,0,0,0,1,0,0,0,1.7053967729408757
7557,127.67,49,133,239.6,0.02,51,0,0,0,0,0,1,2,0,0,1.711997719626279
7558,127.69,49,145,240.3,0.02,51,0,0,0,0,0,1,0,1,1,1.5612748649335375
7559,127.71,49,140,238.9,0.02,51,0,0,0,0,0,1,2,0,0,1.5790104775839442
7560,127.73,50,127,237.1,0.02,50,0,0,0,0,0,1,0,1,1,1.5591849313843582
7561,127.75,49,117,243.1,0.02,51,0,0,0,0,0,1,0,0,1,1.6100295476315731
7562,127.77,49,149,240.0,0.02,51,0,0,0,0,0,1,0,0,0,1.4735832976047718
7563,127.79,49,135,241.4,0.02,51,0,0,0,0,0,1,0,0,0,1.544900168331747
7564,127.8,3,9,9.1,0.02,3,0,0,0,1,1,0,0,1,0,3.045029950235686
7565,127.81,34,80,156.0,0.02,34,0,0,0,1,1,0,1,1,0,1.8918726123334964
7566,127.83,49,154,239.4,0.02,51,0,0,0,0,0,1,0,0,1,1.5687852910362967
7567,127.85,13,72,49.7,0.02,13,0,0,0,1,1,0,3,1,1,1.934849722549973
7568,127.87,37,123,163.3,0.02,37,0,0,0,1,1,0,4,1,4,1.5652539644142236
7569,127.87,1,9,-4.9,0.02,1,0,0,0,1,1,0,4,1,0,3.8675375736436615
7570,127.89,45,125,204.5,0.02,45,0,0,0,1,1,0,3,1,0,1.6289139778171982
7571,127.89,7,25,24.3,0.02,7,0,0,0,1,1,0,3,1,2,2.3739764010136484
7572,127.9,18,57,68.6,0.02,18,0,0,0,1,1,0,10,1,7,2.109650265868969
7573,127.92,49,134,239.4,0.02,51,0,0,0,0,0,1,2,0,1,1.696638859453611
7574,127.94,49,120,240.9,0.02,51,0,0,0,0,0,1,2,0,0,1.6430374130264371
7575,127.95,16,42,68.6,0.02,16,0,0,0,1,1,0,2,1,2,1.8595905239747967
7576,127.96,24,68,105.1,0.02,24,0,0,0,1,1,0,3,1,1,1.6703140392508937
7577,127.98,49,148,238.0,0.02,51,0,0,0,0,0,1,2,0,1,2.0066156462620803
7578,128.0,37,88,171.1,0.02,37,0,0,0,1,1,0,0,1,1,1.6997688981228298
7579,128.02,49,145,239.3,0.02,51,0,0,0,0,0,1,1,0,1,1.6169324373876572
7580,128.04,41,95,187.4,0.02,41,0,0,0,1,1,0,3,2,1,1.6984338241300987
7581,128.06,50,122,228.8,0.02,50,0,0,0,1,1,0,4,1,0,1.533073657275835
7582,128.08,49,138,241.0,0.02,51,0,0,0,0,0,1,0,2,1,1.7533308216142884
7583,128.1,49,171,234.3,0.02,51,0,0,0,0,0,1,3,0,5,1.7045141988069148
7584,128.12,25,60,111.6,0.02,25,0,0,0,1,1,0,2,1,4,1.9761831674397632
7585,128.12,16,46,68.2,0.02,16,0,0,0,1,1,0,2,1,2,1.8593308457254698
7586,128.13,17,34,76.5,0.02,17,0,0,0,1,1,0,0,1,1,2.024648895984224
7587,128.15,37,125,163.1,0.02,37,0,0,0,1,1,0,4,2,4,1.9546320251106117
7588,128.17,49,112,242.7,0.02,51,0,0,0,0,0,1,1,0,0,2.055333545294093
7589,128.18,23,53,102.4,0.02,23,0,0,0,1,1,0,2,1,3,1.8243887259808942
7590,128.18,19,45,80.5,0.02,19,0,0,0,1,1,0,5,1,0,2.2635787037600634
7591,128.2,49,126,242.2,0.02,51,0,0,0,0,0,1,0,0,1,1.7689674809726255
7592,128.21,3,9,6.1,0.02,3,0,0,0,1,1,0,3,1,0,5.191100229511093
7593,128.21,9,30,34.8,0.02,9,0,0,0,1,1,0,2,1,2,2.464934251262803
7594,128.22,16,59,64.0,0.02,16,0,0,0,1,1,0,5,2,1,2.2279952141488217
7595,128.23,17,47,73.0,0.02,17,0,0,0,1,1,0,2,1,3,2.1135929313734105
7596,128.23,7,21,24.9,0.02,7,0,0,0,1,1,0,3,1,0,2.4492597405085714
7597,128.24,17,50,72.0,0.02,17,0,0,0,1,1,0,3,1,0,1.8808077378953112
7598,128.26,34,80,149.1,0.02,34,0,0,0,1,1,0,7,1,9,2.0735943181320105
7599,128.28,49,138,241.0,0.02,51,0,0,0,0,0,1,0,0,1,1.730210605404339
7600,128.28,2,15,0.2,0.02,2,0,0,0,1,1,0,3,1,3,2.7829460364558662
7601,128.29,7,20,24.7,0.02,7,0,0,0,1,1,0,3,1,3,2.1309634618243423
7602,128.3,44,104,200.6,0.02,44,0,0,0,1,1,0,4,1,0,1.830509190949628
7603,128.31,9,27,33.3,0.02,9,0,0,0,1,1,0,4,1,0,2.0804210497554525
7604,128.32,13,54,52.2,0.02,13,0,0,0,1,1,0,2,1,4,2.009062185614418
7605,128.32,5,29,14.1,0.02,5,0,0,0,1,1,0,3,1,0,2.2639235765847103
7606,128.33,22,55,96.3,0.02,22,0,0,0,1,1,0,3,1,2,2.0544106633578556
7607,128.35,49,139,239.9,0.02,51,0,0,0,0,0,1,1,0,1,1.8260638596000567
7608,128.37,47,114,215.5,0.02,47,0,0,0,1,1,0,3,1,1,1.7386105411522776
7609,128.39,44,142,196.6,0.02,44,0,0,0,1,1,0,4,1,2,1.7748696241339128
7610,128.41,49,128,235.9,0.02,51,0,0,0,0,0,1,6,0,2,2.2036574866414553
7611,128.42,12,49,46.5,0.02,12,0,0,0,1,1,0,3,2,6,2.276653671895107
7612,128.44,49,143,240.6,0.02,51,0,0,0,0,0,1,0,0,0,1.854706494409072
7613,128.46,49,118,242.0,0.02,51,0,0,0,0,0,1,1,1,1,1.7683513761466494
7614,128.48,49,131,239.8,0.02,51,0,0,0,0,0,1,2,0,0,1.8268874734944662
7615,128.5,49,123,242.6,0.02,51,0,0,0,0,0,1,0,0,0,1.634820710003355
7616,128.52,49,126,241.2,0.02,51,0,0,0,0,0,1,1,1,1,1.6645003085683483
7617,128.54,49,124,242.5,0.02,51,0,0,0,0,0,1,0,1,0,1.9418537440677168
7618,128.57,49,158,237.0,0.02,51,0,0,0,0,0,1,2,0,1,1.593197555447314
7619,128.59,49,120,242.9,0.02,51,0,0,0,0,0,1,0,1,0,1.590262361183499
7620,128.61,37,134,161.5,0.02,37,0,0,0,1,1,0,5,1,1,1.6898003178447798
7621,128.61,7,34,30.5,0.02,8,0,0,0,1,1,0,1,1,1,1.700777049787465
7622,128.63,49,133,241.6,0.02,51,0,0,0,0,0,1,0,0,0,1.597265632753005
7623,128.66,49,145,240.4,0.02,51,0,0,0,0,0,1,0,0,0,1.6830406506039135
7624,128.68,45,126,203.3,0.02,45,0,0,0,1,1,0,4,2,1,1.5981060509927258
7625,128.7,49,123,242.5,0.02,51,0,0,0,0,0,1,0,0,1,1.9728293839742397
7626,128.7,1,5,-3.5,0.02,1,0,0,0,1,1,0,3,1,0,7.031927340078236
7627,128.72,40,135,178.3,0.02,40,0,0,0,1,1,0,3,1,2,1.6940653486611876
7628,128.73,18,49,76.0,0.02,18,0,0,0,1,1,0,4,1,1,1.68671832079589
7629,128.74,22,50,96.9,0.02,22,0,0,0,1,1,0,3,1,1,1.8668247003714182
7630,128.75,21,61,89.9,0.02,21,0,0,0,1,1,0,4,1,0,1.9649495815063964
7631,128.75,10,40,38.0,0.02,10,0,0,0,1,1,0,3,1,0,1.7737741048434263
7632,128.78,49,186,216.4,0.02,49,0,0,0,1,1,0,5,1,0,1.5898468638501508
7633,128.8,27,120,113.0,0.02,27,0,0,0,1,1,0,5,2,0,1.6562475834056614
7634,128.81,14,62,53.8,0.02,14,0,0,0,1,1,0,5,2,0,1.77105868868838
7635,128.83,26,129,102.9,0.02,26,0,0,0,1,1,0,9,1,2,1.7836056300213157
7636,128.84,5,15,14.2,0.02,5,0,0,0,1,1,0,4,1,3,2.696692249746914
7637,128.84,4,14,8.6,0.02,4,0,0,0,1,1,0,5,1,0,2.750003840972255
7638,128.84,2,11,-0.2,0.02,2,0,0,0,1,1,0,4,1,1,3.2398784526153093
7639,128.86,49,138,240.8,0.02,51,0,0,0,0,0,1,0,0,3,1.6528807000928694
7640,128.87,11,23,44.7,0.02,11,0,0,0,1,1,0,3,1,0,2.382643372211133
7641,128.89,30,148,118.3,0.02,30,0,0,0,1,1,0,11,2,9,1.689496208783793
7642,128.91,49,124,242.5,0.02,51,0,0,0,0,0,1,0,1,0,1.718380651965261
7643,128.92,7,29,23.1,0.02,7,0,0,0,1,1,0,4,1,0,1.8002600752683173
7644,128.94,48,141,216.8,0.02,48,0,0,0,1,1,0,4,1,1,1.788942672333297
7645,128.95,18,62,75.8,0.02,18,0,0,0,1,1,0,3,1,0,1.7557303554689632
7646,128.95,0,7,-9.7,0.02,0,0,0,0,1,1,0,4,1,0,3.421276828757608
7647,128.96,9,74,27.4,0.02,9,0,0,0,1,1,0,5,1,2,1.9085507623214086
7648,128.97,20,53,85.6,0.02,20,0,0,0,1,1,0,4,1,1,2.2557532748398055
7649,128.98,6,27,20.0,0.02,6,0,0,0,1,1,0,2,1,3,2.2732037613798886
7650,128.99,20,89,80.0,0.02,20,0,0,0,1,1,0,5,1,11,1.737003910660471
7651,129.01,32,86,143.1,0.02,32,0,0,0,1,1,0,3,1,3,1.7434437296415117
7652,129.01,2,10,-1.1,0.02,2,0,0,0,1,1,0,5,1,1,3.886054539209914
7653,129.02,30,75,135.2,0.02,30,0,0,0,1,1,0,2,1,3,1.9176522717206153
7654,129.03,13,52,51.8,0.02,13,0,0,0,1,1,0,3,1,0,1.887104263941759
7655,129.04,17,40,73.9,0.02,17,0,0,0,1,1,0,2,1,1,2.2826371068647666
7656,129.07,46,220,199.0,0.02,46,0,0,0,1,1,0,3,1,10,1.5242315489619949
7657,129.09,32,103,137.9,0.02,32,0,0,0,1,1,0,6,2,8,2.0955684694518277
7658,129.09,1,41,-8.1,0.02,1,0,0,0,1,1,0,4,1,0,1.7279237521426394
7659,129.11,39,91,177.8,0.02,39,0,0,0,1,1,0,3,2,1,1.691762642383446
7660,129.12,29,70,129.7,0.02,29,0,0,0,1,1,0,3,3,3,1.7827861988988043
7661,129.14,36,95,162.5,0.02,36,0,0,0,1,1,0,3,1,0,1.7973314095434971
7662,129.15,40,98,180.9,0.02,40,0,0,0,1,1,0,4,2,3,1.6760333066785156
7663,129.16,17,52,69.6,0.02,17,0,0,0,1,1,0,5,3,2,2.261697809653294
7664,129.18,49,147,240.0,0.02,51,0,0,0,0,0,1,0,0,2,1.833049799439123
7665,129.21,49,142,238.7,0.02,51,0,0,0,0,0,1,2,1,0,2.1646088488251607
7666,129.22,16,76,64.3,0.02,16,0,0,0,1,1,0,3,1,1,2.057117588546985
7667,129.24,36,126,157.3,0.02,36,0,0,0,1,1,0,5,1,1,1.8310678497690471
7668,129.25,34,87,152.1,0.02,34,0,0,0,1,1,0,4,1,2,1.7542614026153955
7669,129.28,37,156,156.4,0.02,37,0,0,0,1,1,0,8,2,0,1.4951484851569314
7670,129.3,49,151,239.6,0.02,51,0,0,0,0,0,1,0,0,2,1.8878971043010642
7671,129.32,49,133,239.5,0.02,51,0,0,0,0,0,1,2,1,1,1.7313229735967133
7672,129.32,3,14,5.6,0.02,3,0,0,0,1,1,0,3,1,0,2.7433258807905383
7673,129.36,47,215,193.4,0.02,47,0,0,0,1,1,0,15,1,1,1.5930138233911944
7674,129.38,49,155,237.4,0.02,51,0,0,0,0,0,1,2,1,0,1.9050371072505992
7675,129.39,23,57,107.2,0.02,24,0,0,0,1,1,0,2,1,1,1.8909050496723472
7676,129.41,49,154,239.2,0.02,51,0,0,0,0,0,1,0,0,3,1.8661777391425
7677,129.44,50,151,228.9,0.02,50,0,0,0,1,1,0,1,2,0,1.757530932099819
7678,129.45,24,74,103.5,0.02,24,0,0,0,1,1,0,4,1,1,1.969778680219428
7679,129.45,0,7,-7.7,0.02,0,0,0,0,1,1,0,2,1,0,5.038170447447719
7680,129.46,13,33,52.5,0.02,13,0,0,0,1,1,0,4,1,2,2.182264830888561
7681,129.48,49,154,238.3,0.02,51,0,0,0,0,0,1,1,0,2,1.6590929400117067
7682,129.5,49,137,238.8,0.02,51,0,0,0,0,0,1,2,0,4,1.6339432022307074
7683,129.53,49,189,232.7,0.02,51,0,0,0,0,0,1,3,2,3,1.661297427841563
7684,129.54,21,68,91.1,0.02,21,0,0,0,1,1,0,2,2,1,1.8638117881151368
7685,129.56,49,132,241.7,0.02,51,0,0,0,0,0,1,0,2,0,1.6576199304162256
7686,129.59,49,174,234.6,0.02,51,0,0,0,0,0,1,2,1,9,1.5528932934435253
7687,129.61,36,111,159.6,0.02,36,0,0,0,1,1,0,4,2,3,1.5760566923135386
7688,129.62,17,106,64.8,0.02,17,0,0,0,1,1,0,4,1,6,1.1482327781101256
7689,129.64,35,76,162.2,0.02,35,0,0,0,1,1,0,0,1,2,2.0377482075354396
7690,129.65,27,77,118.2,0.02,27,0,0,0,1,1,0,4,1,1,1.784164496348778
7691,129.66,20,39,90.0,0.02,20,0,0,0,1,1,0,1,2,1,2.6429710752685875
7692,129.67,26,53,116.6,0.02,26,0,0,0,1,1,0,3,1,1,2.2563073047183098
7693,129.68,31,98,135.9,0.02,31,0,0,0,1,1,0,4,1,3,1.611153995103052
7694,129.69,23,61,101.7,0.02,23,0,0,0,1,1,0,2,1,2,2.0101965020331405
7695,129.7,25,66,109.4,0.02,25,0,0,0,1,1,0,4,1,0,1.688561793263474
7696,129.71,15,33,60.4,0.02,15,0,0,0,1,1,0,6,1,3,1.9432295451136479
7697,129.72,17,47,71.0,0.02,17,0,0,0,1,1,0,4,1,3,2.021218980854429
7698,129.73,39,103,177.0,0.02,39,0,0,0,1,1,0,2,1,7,2.0688635809274847
7699,129.77,49,230,220.2,0.02,51,0,0,0,0,0,1,11,2,7,1.5816611735510546
7700,129.79,49,131,240.8,0.02,51,0,0,0,0,0,1,1,1,0,1.776133777969541
7701,129.8,35,89,158.1,0.02,35,0,0,0,1,1,0,3,1,0,1.830615338868172
7702,129.81,25,51,111.9,0.02,25,0,0,0,1,1,0,3,1,0,1.909231629213568
7703,129.83,10,112,19.1,0.02,10,0,0,0,1,1,0,13,1,17,1.2003617803195634
7704,129.85,49,123,240.6,0.02,51,0,0,0,0,0,1,2,0,0,2.0366517647870364
7705,129.87,39,111,171.5,0.02,39,0,0,0,1,1,0,7,1,4,1.9916072069151332
7706,129.89,49,135,241.2,0.02,51,0,0,0,0,0,1,0,0,2,1.648787922716076
7707,129.91,49,133,240.6,0.02,51,0,0,0,0,0,1,1,1,0,1.7102602650557883
7708,129.93,49,142,240.5,0.02,51,0,0,0,0,0,1,0,1,2,1.3564781152292429
7709,129.95,37,89,164.0,0.02,37,0,0,0,1,1,0,7,2,1,1.9026623710002206
7710,129.96,38,84,179.6,0.02,39,0,0,0,1,1,0,2,1,0,1.825000644283834
7711,129.97,17,55,68.4,0.02,17,0,0,0,1,1,0,6,1,1,1.7806089969220713
7712,129.99,49,141,239.5,0.02,51,0,0,0,0,0,1,1,0,3,1.8711192255866824
7713,130.01,49,103,241.6,0.02,51,0,0,0,0,0,1,3,0,0,2.2104265465937614
7714,130.03,49,139,238.9,0.02,51,0,0,0,0,0,1,2,0,1,1.8651764761984821
7715,130.06,48,151,216.9,0.02,48,0,0,0,1,1,0,3,3,0,1.8960674759911968
7716,130.08,49,136,241.3,0.02,51,0,0,0,0,0,1,0,0,0,1.8492385946225371
7717,130.1,49,117,240.0,0.02,51,0,0,0,0,0,1,3,1,2,2.1961900157632948
7718,130.12,49,128,241.1,0.02,51,0,0,0,0,0,1,1,0,0,1.5127988197845206
7719,130.12,12,41,47.9,0.02,12,0,0,0,1,1,0,3,1,0,1.6031148568357643
7720,130.14,33,80,146.4,0.02,33,0,0,0,1,1,0,5,1,6,1.809677528581838
7721,130.16,49,127,241.0,0.02,51,0,0,0,0,0,1,1,1,2,2.00212567283935
7722,130.18,49,143,239.5,0.02,51,0,0,0,0,0,1,1,2,1,1.9157338794498544
7723,130.2,49,151,238.6,0.02,51,0,0,0,0,0,1,1,1,2,1.6867791727332504
7724,130.21,27,70,120.5,0.02,27,0,0,0,1,1,0,2,1,5,1.9573631675281795
7725,130.24,49,150,232.9,0.02,51,0,0,0,0,0,1,6,0,10,1.8023606113072235
7726,130.25,25,58,111.1,0.02,25,0,0,0,1,1,0,3,1,1,2.1950853764245717
7727,130.27,49,121,241.8,0.02,51,0,0,0,0,0,1,1,0,0,1.8236919514651044
7728,130.29,49,123,242.6,0.02,51,0,0,0,0,0,1,0,0,0,1.405582135178397
7729,130.31,49,132,240.5,0.02,51,0,0,0,0,0,1,1,1,2,2.115669966801602
7730,130.33,49,124,241.5,0.02,51,0,0,0,0,0,1,1,0,0,1.744228260075029
7731,130.35,49,150,237.9,0.02,51,0,0,0,0,0,1,2,1,0,1.559148806241306
7732,130.37,49,127,242.1,0.02,51,0,0,0,0,0,1,0,1,1,1.7006064011956208
7733,130.38,15,38,62.2,0.02,15,0,0,0,1,1,0,4,1,0,1.8140171051673437
7734,130.4,49,137,241.2,0.02,51,0,0,0,0,0,1,0,0,0,1.6782540535961794
7735,130.42,49,115,243.4,0.02,51,0,0,0,0,0,1,0,0,0,1.7477582111661893
7736,130.44,49,142,239.6,0.02,51,0,0,0,0,0,1,1,0,1,1.6160651093035427
7737,130.46,49,124,242.4,0.02,51,0,0,0,0,0,1,0,0,1,1.6077144813131008
7738,130.48,49,137,239.2,0.02,51,0,0,0,0,0,1,2,0,0,1.702343202004278
7739,130.5,49,138,240.0,0.02,51,0,0,0,0,0,1,1,1,1,1.5705882400050077
7740,130.52,49,137,240.0,0.02,51,0,0,0,0,0,1,1,0,2,1.5349139759132029
7741,130.54,49,125,241.3,0.02,51,0,0,0,0,0,1,1,0,1,1.7225522982477475
7742,130.56,49,114,243.4,0.02,51,0,0,0,0,0,1,0,0,1,1.7898264793004852
7743,130.58,49,130,241.8,0.02,51,0,0,0,0,0,1,0,2,1,1.4612497991068754
7744,130.6,49,143,240.6,0.02,51,0,0,0,0,0,1,0,0,0,1.6279063221645478
7745,130.63,49,154,238.5,0.02,51,0,0,0,0,0,1,1,0,0,1.4511059964019568
7746,130.65,38,107,171.1,0.02,38,0,0,0,1,1,0,3,1,2,1.518885731540728
7747,130.67,49,150,238.4,0.02,51,0,0,0,0,0,1,1,1,5,1.7437842112307322
7748,130.68,22,48,96.1,0.02,22,0,0,0,1,1,0,4,1,1,2.1334760697584327
7749,130.7,49,126,242.0,0.02,51,0,0,0,0,0,1,0,0,3,1.8575217773801458
7750,130.72,49,123,241.6,0.02,51,0,0,0,0,0,1,1,1,0,1.8880938249839678
7751,130.74,49,137,240.1,0.02,51,0,0,0,0,0,1,1,2,1,1.754008811632415
7752,130.76,49,134,238.5,0.02,51,0,0,0,0,0,1,3,0,0,1.6312222315456362
7753,130.78,49,144,239.5,0.02,51,0,0,0,0,0,1,1,0,0,1.5873286274746836
7754,130.8,49,128,242.1,0.02,51,0,0,0,0,0,1,0,0,0,1.531062359450085
7755,130.82,49,132,240.7,0.02,51,0,0,0,0,0,1,1,0,0,1.5386892377294674
7756,130.85,49,137,240.1,0.02,51,0,0,0,0,0,1,1,0,1,1.6869150360717975
7757,130.87,49,135,240.4,0.02,51,0,0,0,0,0,1,1,1,0,1.780366857783546
7758,130.89,49,155,239.2,0.02,51,0,0,0,0,0,1,0,2,2,1.665530754903745
7759,130.91,49,118,243.1,0.02,51,0,0,0,0,0,1,0,0,0,1.7268091634033773
7760,130.93,49,150,239.8,0.02,51,0,0,0,0,0,1,0,0,1,1.720579969178052
7761,130.96,49,155,239.4,0.02,51,0,0,0,0,0,1,0,0,0,1.8073429798990226
7762,130.97,17,40,70.0,0.02,17,0,0,0,1,1,0,6,1,0,2.1507339612362415
7763,130.97,14,37,58.3,0.02,14,0,0,0,1,1,0,3,1,0,1.689246056949227
7764,130.99,49,131,241.8,0.02,51,0,0,0,0,0,1,0,0,0,1.7556144477784923
7765,131.01,49,137,241.2,0.02,51,0,0,0,0,0,1,0,0,0,1.6934332015253855
7766,131.03,47,117,217.3,0.02,47,0,0,0,1,1,0,1,1,0,1.55127676781687
7767,131.04,9,28,36.2,0.02,9,0,0,0,1,1,0,1,1,0,2.039384926302609
7768,131.06,49,146,238.1,0.02,51,0,0,0,0,0,1,2,0,2,1.617196996153324
7769,131.08,49,125,242.4,0.02,51,0,0,0,0,0,1,0,1,0,1.8020483646450802
7770,131.09,6,19,27.0,0.02,7,0,0,0,1,1,0,1,1,1,2.2585755366344094
7771,131.09,13,35,53.1,0.02,13,0,0,0,1,1,0,3,1,4,2.2153147856542805
7772,131.09,0,7,-9.7,0.02,0,0,0,0,1,1,0,4,1,0,5.1023037981715005
7773,131.11,29,81,125.9,0.02,29,0,0,0,1,1,0,6,1,0,1.7298383720445631
7774,131.11,12,42,47.8,0.02,12,0,0,0,1,1,0,3,1,0,1.9897010935677553
7775,131.12,20,51,86.5,0.02,20,0,0,0,1,1,0,3,1,4,1.9880426264995654
7776,131.15,49,147,237.0,0.02,51,0,0,0,0,0,1,3,1,2,1.862590931351658
7777,131.17,49,141,239.8,0.02,51,0,0,0,0,0,1,1,1,0,1.488567446990389
7778,131.18,24,61,106.4,0.02,24,0,0,0,1,1,0,2,1,5,1.5646712122190451
7779,131.19,17,38,74.0,0.02,17,0,0,0,1,1,0,2,1,2,1.9653251417141133
7780,131.21,49,129,241.7,0.02,51,0,0,0,0,0,1,0,0,3,1.7102811557490052
7781,131.23,49,116,243.3,0.02,51,0,0,0,0,0,1,0,0,0,1.7642949189301615
7782,131.24,42,113,191.6,0.02,42,0,0,0,1,1,0,2,1,1,1.8490619826285783
7783,131.26,49,129,241.9,0.02,51,0,0,0,0,0,1,0,0,1,1.677841967481292
7784,131.29,49,142,239.7,0.02,51,0,0,0,0,0,1,1,0,0,1.922429871327977
7785,131.31,49,133,240.6,0.02,51,0,0,0,0,0,1,1,0,0,1.5955776439832074
7786,131.33,49,134,241.4,0.02,51,0,0,0,0,0,1,0,0,1,1.8020201634166397
7787,131.35,49,119,243.0,0.02,51,0,0,0,0,0,1,0,0,0,1.69566992810796
7788,131.36,49,123,241.5,0.02,51,0,0,0,0,0,1,1,0,1,1.8559834418156191
7789,131.39,49,152,239.6,0.02,51,0,0,0,0,0,1,0,0,1,1.6118855089743618
7790,131.41,49,128,241.9,0.02,51,0,0,0,0,0,1,0,1,2,1.6426670751684926
7791,131.43,49,140,239.9,0.02,51,0,0,0,0,0,1,1,0,0,1.8745586216434678
7792,131.45,49,140,240.9,0.02,51,0,0,0,0,0,1,0,0,0,1.7967510934265456
7793,131.47,49,146,240.2,0.02,51,0,0,0,0,0,1,0,0,1,1.7376300689610709
7794,131.49,49,127,242.1,0.02,51,0,0,0,0,0,1,0,0,1,1.6149730167649272
7795,131.52,49,145,240.4,0.02,51,0,0,0,0,0,1,0,0,0,1.6987026678455193
7796,131.54,49,130,238.8,0.02,51,0,0,0,0,0,1,3,0,1,1.5493181544343537
7797,131.56,49,142,239.7,0.02,51,0,0,0,0,0,1,1,0,0,1.494538088431693
7798,131.58,49,134,241.5,0.02,51,0,0,0,0,0,1,0,0,0,1.5441999458019862
7799,131.6,49,126,240.2,0.02,51,0,0,0,0,0,1,2,0,1,1.5728672006080342
7800,131.62,49,147,240.2,0.02,51,0,0,0,0,0,1,0,0,0,1.7243557494413806
7801,131.65,49,151,239.8,0.02,51,0,0,0,0,0,1,0,0,0,1.5508414828012276
7802,131.67,49,142,240.6,0.02,51,0,0,0,0,0,1,0,0,1,1.3603434517237178
7803,131.67,5,12,14.8,0.02,5,0,0,0,1,1,0,4,1,0,3.2680826002503385
7804,131.69,49,116,243.3,0.02,51,0,0,0,0,0,1,0,0,0,1.7742684492442122
7805,131.71,49,138,240.1,0.02,51,0,0,0,0,0,1,1,0,0,1.6820330593084905
7806,131.73,49,138,240.1,0.02,51,0,0,0,0,0,1,1,0,0,1.680164444706829
7807,131.75,49,136,238.2,0.02,51,0,0,0,0,0,1,3,2,1,1.7539301696181808
7808,131.77,49,135,241.4,0.02,51,0,0,0,0,0,1,0,1,0,1.7664879421582844
7809,131.8,49,134,240.4,0.02,51,0,0,0,0,0,1,1,0,1,1.6368140067799577
7810,131.82,49,145,239.2,0.02,51,0,0,0,0,0,1,1,1,2,1.5731897304937275
7811,131.83,25,57,118.3,0.02,26,0,0,0,1,1,0,1,1,0,1.9523755719176428
7812,131.85,49,144,240.5,0.02,51,0,0,0,0,0,1,0,0,0,1.6925583763302994
7813,131.87,49,145,238.4,0.02,51,0,0,0,0,0,1,2,0,0,1.532780427157957
7814,131.9,49,148,240.1,0.02,51,0,0,0,0,0,1,0,1,0,1.4483859522100857
7815,131.91,26,57,115.2,0.02,26,0,0,0,1,1,0,4,1,1,1.7984533491374537
7816,131.92,34,101,150.7,0.02,34,0,0,0,1,1,0,4,1,2,1.392192875351104
7817,131.94,33,83,148.6,0.02,33,0,0,0,1,1,0,3,1,1,1.7829443244355723
7818,131.95,32,100,141.9,0.02,32,0,0,0,1,1,0,3,2,1,1.5953634856764236
7819,131.98,49,146,240.1,0.02,51,0,0,0,0,0,1,0,0,2,1.6468326179227177
7820,132.0,49,128,242.0,0.02,51,0,0,0,0,0,1,0,1,1,1.5383746930287703
7821,132.02,49,135,240.4,0.02,51,0,0,0,0,0,1,1,1,0,1.702411103687415
7822,132.04,49,162,236.7,0.02,51,0,0,0,0,0,1,2,0,0,1.5007371732874184
7823,132.06,49,144,239.5,0.02,51,0,0,0,0,0,1,1,0,0,1.6240460564276011
7824,132.09,50,137,235.1,0.02,50,0,0,0,0,0,1,1,1,1,1.5228228502249985
7825,132.11,49,137,241.1,0.02,51,0,0,0,0,0,1,0,1,1,1.625442770064874
7826,132.13,49,134,240.5,0.02,51,0,0,0,0,0,1,1,0,0,1.5414489807608511
7827,132.15,49,127,241.2,0.02,51,0,0,0,0,0,1,1,1,0,1.51666488985511
7828,132.17,49,130,241.9,0.02,51,0,0,0,0,0,1,0,0,0,1.515224324198218
7829,132.19,49,173,237.6,0.02,51,0,0,0,0,0,1,0,0,0,1.4996858857793705
7830,132.21,49,118,243.1,0.02,51,0,0,0,0,0,1,0,0,0,1.669934532263823
7831,132.23,49,133,240.5,0.02,51,0,0,0,0,0,1,1,0,1,1.5887363994439765
7832,132.26,49,138,241.0,0.02,51,0,0,0,0,0,1,0,1,1,1.7192403569114045
7833,132.26,3,10,7.7,0.02,3,0,0,0,1,1,0,1,1,3,4.028971376440199
7834,132.28,49,135,240.4,0.02,51,0,0,0,0,0,1,1,1,0,1.7500320099975113
7835,132.3,49,134,241.5,0.02,51,0,0,0,0,0,1,0,1,0,1.6971218588818653
7836,132.32,49,134,241.4,0.02,51,0,0,0,0,0,1,0,0,1,1.7401583575378263
7837,132.34,49,120,242.9,0.02,51,0,0,0,0,0,1,0,1,0,1.593932818231994
7838,132.36,49,134,241.2,0.02,51,0,0,0,0,0,1,0,0,3,1.5088366869405552
7839,132.37,9,33,33.7,0.02,9,0,0,0,1,1,0,3,1,0,1.6536434778666411
7840,132.38,20,55,86.5,0.02,20,0,0,0,1,1,0,3,1,0,1.7352165612414265
7841,132.4,49,132,241.6,0.02,51,0,0,0,0,0,1,0,1,1,1.7461322528956087
7842,132.42,49,136,241.3,0.02,51,0,0,0,0,0,1,0,1,0,1.8368583961929132
7843,132.44,49,145,240.3,0.02,51,0,0,0,0,0,1,0,1,1,1.5525041027095425
7844,132.46,49,122,242.6,0.02,51,0,0,0,0,0,1,0,0,1,1.5596435586753923
7845,132.48,49,125,242.4,0.02,51,0,0,0,0,0,1,0,0,0,1.5705160349494054
7846,132.5,49,125,241.3,0.02,51,0,0,0,0,0,1,1,0,1,1.7463626311845997
7847,132.52,49,139,241.0,0.02,51,0,0,0,0,0,1,0,3,0,1.6141841027688446
7848,132.55,49,163,238.6,0.02,51,0,0,0,0,0,1,0,1,0,1.5842935780857204
7849,132.55,17,32,75.8,0.02,17,0,0,0,1,1,0,1,1,0,2.1290411329806913
7850,132.57,49,128,242.1,0.02,51,0,0,0,0,0,1,0,0,0,1.6885483357803726
7851,132.6,49,135,241.4,0.02,51,0,0,0,0,0,1,0,0,0,1.722550296181602
7852,132.61,23,59,104.1,0.02,23,0,0,0,1,1,0,0,1,0,1.647398263465451
7853,132.63,49,130,241.8,0.02,51,0,0,0,0,0,1,0,0,1,1.8057970563734849
7854,132.65,49,137,240.2,0.02,51,0,0,0,0,0,1,1,0,0,1.8536587029888283
7855,132.67,49,134,241.4,0.02,51,0,0,0,0,0,1,0,0,1,1.7695228309966815
7856,132.69,49,131,241.8,0.02,51,0,0,0,0,0,1,0,0,0,1.4141907464184724
7857,132.71,49,138,239.8,0.02,51,0,0,0,0,0,1,1,0,3,1.8040215367528971
7858,132.73,49,130,240.9,0.02,51,0,0,0,0,0,1,1,0,0,1.6213091643961743
7859,132.75,49,128,242.0,0.02,51,0,0,0,0,0,1,0,0,1,1.7406904812332766
7860,132.77,49,144,240.5,0.02,51,0,0,0,0,0,1,0,1,0,1.5882547006390995
7861,132.8,49,150,238.8,0.02,51,0,0,0,0,0,1,1,0,1,1.546331375719048
7862,132.82,49,121,242.8,0.02,51,0,0,0,0,0,1,0,0,0,1.5871517627773464
7863,132.84,49,128,242.1,0.02,51,0,0,0,0,0,1,0,0,0,1.3781621782332911
7864,132.86,49,126,241.3,0.02,51,0,0,0,0,0,1,1,0,0,1.3314287607580262
7865,132.88,49,137,240.1,0.02,51,0,0,0,0,0,1,1,1,1,1.4570432747366437
7866,132.9,49,131,241.6,0.02,51,0,0,0,0,0,1,0,0,2,1.494437491878715
7867,132.92,49,133,241.6,0.02,51,0,0,0,0,0,1,0,0,0,1.4539138746741023
7868,132.94,49,135,240.3,0.02,51,0,0,0,0,0,1,1,0,1,1.4731705012775955
7869,132.96,49,141,239.7,0.02,51,0,0,0,0,0,1,1,2,1,1.5637036216042586
7870,132.98,49,123,241.6,0.02,51,0,0,0,0,0,1,1,0,0,1.770878534914945
7871,133.0,49,141,240.6,0.02,51,0,0,0,0,0,1,0,0,2,1.5308987395276992
7872,133.02,49,136,241.2,0.02,51,0,0,0,0,0,1,0,0,1,1.5551367386513606
7873,133.04,49,149,238.9,0.02,51,0,0,0,0,0,1,1,1,1,1.6054315405175308
7874,133.05,1,8,1.2,0.02,2,0,0,0,1,1,0,3,1,0,3.9141526193617393
7875,133.05,13,41,48.9,0.02,13,0,0,0,1,1,0,7,1,0,1.9537340727793624
7876,133.06,1,11,-4.2,0.02,1,0,0,0,1,1,0,3,1,1,3.515670220816891
7877,133.06,7,29,24.0,0.02,7,0,0,0,1,1,0,3,1,1,2.2521820969613535
7878,133.07,21,51,92.5,0.02,21,0,0,0,1,1,0,2,1,4,1.7267885140547816
7879,133.08,19,46,83.3,0.02,19,0,0,0,1,1,0,2,1,1,1.6705110452072471
7880,133.08,1,26,-6.7,0.02,1,0,0,0,1,1,0,4,1,1,2.4179535507186185
7881,133.11,49,175,234.0,0.02,51,0,0,0,0,0,1,3,1,4,1.6252040121580302
7882,133.13,49,117,243.1,0.02,51,0,0,0,0,0,1,0,1,1,1.7615927126899171
7883,133.15,49,119,242.0,0.02,51,0,0,0,0,0,1,1,2,0,1.732905518105114
7884,133.17,49,118,241.1,0.02,51,0,0,0,0,0,1,2,0,0,1.6202852945181732
7885,133.18,49,125,242.3,0.02,51,0,0,0,0,0,1,0,0,1,1.6710006833001774
7886,133.2,50,132,232.7,0.02,50,0,0,0,0,0,1,4,1,0,1.6567625373722286
7887,133.23,49,137,240.1,0.02,51,0,0,0,0,0,1,1,0,1,1.727909105172083
7888,133.25,49,130,239.8,0.02,51,0,0,0,0,0,1,2,0,1,1.5639407229779245
7889,133.26,49,115,243.4,0.02,51,0,0,0,0,0,1,0,0,0,1.6553297158844495
7890,133.29,49,149,238.0,0.02,51,0,0,0,0,0,1,2,0,0,1.741548767015528
7891,133.3,24,60,114.0,0.02,25,0,0,0,1,1,0,0,1,0,1.538043123417001
7892,133.32,49,132,239.6,0.02,51,0,0,0,0,0,1,2,1,1,1.706238072319736
7893,133.33,49,118,241.1,0.02,51,0,0,0,0,0,1,2,0,0,1.5001877416323455
7894,133.35,49,130,240.7,0.02,51,0,0,0,0,0,1,1,0,2,1.6831256973575353
7895,133.37,49,133,223.7,0.02,49,0,0,0,1,1,0,3,2,0,1.7249149584348136
7896,133.39,49,117,243.1,0.02,51,0,0,0,0,0,1,0,0,1,1.767700983049909
7897,133.41,49,127,242.2,0.02,51,0,0,0,0,0,1,0,0,0,1.6083897529335789
7898,133.43,49,119,242.9,0.02,51,0,0,0,0,0,1,0,0,1,1.545053017730443
7899,133.45,49,136,240.3,0.02,51,0,0,0,0,0,1,1,0,0,1.598140884820534
7900,133.47,49,130,239.9,0.02,51,0,0,0,0,0,1,2,0,0,1.640244746112742
7901,133.49,49,122,241.7,0.02,51,0,0,0,0,0,1,1,1,0,1.8942517251098074
7902,133.51,49,134,240.5,0.02,51,0,0,0,0,0,1,1,0,0,1.7031984326221352
7903,133.53,49,139,240.9,0.02,51,0,0,0,0,0,1,0,0,1,1.6583295406262806
7904,133.53,7,18,27.2,0.02,7,0,0,0,1,1,0,1,1,0,2.6030173310915097
7905,133.55,49,128,240.0,0.02,51,0,0,0,0,0,1,2,0,1,1.5319226823435845
7906,133.57,49,115,243.4,0.02,51,0,0,0,0,0,1,0,0,0,1.6521025204164652
7907,133.59,49,128,242.0,0.02,51,0,0,0,0,0,1,0,0,1,1.6531205868074823
7908,133.61,46,114,213.6,0.02,46,0,0,0,1,1,0,0,1,0,1.5076740061847107
7909,133.63,49,120,240.8,0.02,51,0,0,0,0,0,1,2,1,1,1.6911107386901247
7910,133.65,49,136,241.3,0.02,51,0,0,0,0,0,1,0,0,0,1.5300888555489272
7911,133.67,49,139,240.0,0.02,51,0,0,0,0,0,1,1,0,0,1.4060915019090852
7912,133.69,49,140,238.9,0.02,51,0,0,0,0,0,1,2,0,0,1.5513108467954775
7913,133.71,49,143,238.4,0.02,51,0,0,0,0,0,1,2,1,2,1.5635715972108493
7914,133.73,49,122,242.7,0.02,51,0,0,0,0,0,1,0,0,0,1.6034420656452244
7915,133.75,37,149,161.2,0.02,37,0,0,0,1,1,0,3,1,9,1.5598159775175224
7916,133.77,49,135,240.4,0.02,51,0,0,0,0,0,1,1,0,0,1.5906193339942523
7917,133.77,3,14,5.5,0.02,3,0,0,0,1,1,0,3,1,1,3.673876193597022
7918,133.78,4,14,10.3,0.02,4,0,0,0,1,1,0,3,1,3,3.515220461722112
7919,133.8,49,131,239.8,0.02,51,0,0,0,0,0,1,2,2,0,1.739362767745758
7920,133.82,49,148,240.1,0.02,51,0,0,0,0,0,1,0,0,0,1.4419088728407812
7921,133.84,49,127,242.1,0.02,51,0,0,0,0,0,1,0,0,1,1.432384107365816
7922,133.85,20,43,94.7,0.02,21,0,0,0,1,1,0,1,1,0,1.8763347417759275
7923,133.86,49,103,243.5,0.02,51,0,0,0,0,0,1,1,0,1,1.9615971586632512
7924,133.88,49,129,240.8,0.02,51,0,0,0,0,0,1,1,1,2,1.708603193312986
7925,133.9,49,128,240.0,0.02,51,0,0,0,0,0,1,2,0,1,1.660819532522748
7926,133.93,49,196,234.2,0.02,51,0,0,0,0,0,1,1,0,1,1.6252485870182938
7927,133.95,49,140,239.9,0.02,51,0,0,0,0,0,1,1,0,0,1.5851705999973096
7928,133.96,12,27,52.3,0.02,12,0,0,0,1,1,0,0,1,0,2.1086487504875118
7929,133.98,50,136,235.3,0.02,50,0,0,0,0,0,1,1,1,0,1.5191358674126163
7930,134.0,49,125,242.4,0.02,51,0,0,0,0,0,1,0,1,0,1.832609082008502
7931,134.02,49,127,242.2,0.02,51,0,0,0,0,0,1,0,0,0,1.517477788348975
7932,134.04,49,132,241.7,0.02,51,0,0,0,0,0,1,0,0,0,1.5986732186726271
7933,134.06,49,159,239.0,0.02,51,0,0,0,0,0,1,0,0,0,1.5419355870359646
7934,134.08,49,124,240.5,0.02,51,0,0,0,0,0,1,2,1,0,1.5934001318015496
7935,134.1,49,156,239.2,0.02,51,0,0,0,0,0,1,0,1,1,1.735004195358393
7936,134.12,49,118,243.1,0.02,51,0,0,0,0,0,1,0,1,0,1.5705290635232323
7937,134.14,49,123,242.6,0.02,51,0,0,0,0,0,1,0,0,0,1.7240505084040056
7938,134.16,49,143,240.4,0.02,51,0,0,0,0,0,1,0,0,2,1.7137443074741254
7939,134.18,49,124,241.5,0.02,51,0,0,0,0,0,1,1,0,0,1.598622314528773
7940,134.2,49,132,241.7,0.02,51,0,0,0,0,0,1,0,0,0,1.4956519276093299
7941,134.21,17,43,73.2,0.02,17,0,0,0,1,1,0,2,2,5,1.8092421754759718
7942,134.23,44,126,199.4,0.02,44,0,0,0,1,1,0,3,1,0,1.559168762590403
7943,134.24,34,73,154.7,0.02,34,0,0,0,1,1,0,3,1,0,1.6910505694183047
7944,134.25,6,25,20.2,0.02,6,0,0,0,1,1,0,2,1,3,2.1957819973807844
7945,134.27,49,140,240.8,0.02,51,0,0,0,0,0,1,0,0,1,1.7463794454931003
7946,134.29,49,143,238.5,0.02,51,0,0,0,0,0,1,2,3,1,1.7657405844185055
7947,134.31,49,125,241.4,0.02,51,0,0,0,0,0,1,1,0,0,1.4571320448669294
7948,134.33,49,126,242.2,0.02,51,0,0,0,0,0,1,0,0,1,1.636205272825408
7949,134.35,49,133,241.5,0.02,51,0,0,0,0,0,1,0,0,1,1.7256657508978954
7950,134.37,49,148,239.0,0.02,51,0,0,0,0,0,1,1,1,1,1.6502604454974938
7951,134.39,49,116,243.2,0.02,51,0,0,0,0,0,1,0,0,1,1.6465149374097614
7952,134.41,49,128,242.0,0.02,51,0,0,0,0,0,1,0,0,1,1.6512424555155019
7953,134.42,41,86,191.4,0.02,41,0,0,0,1,1,0,0,2,0,1.5797825640083212
7954,134.44,49,139,239.0,0.02,51,0,0,0,0,0,1,2,0,0,1.9217008053303832
7955,134.46,49,131,240.7,0.02,51,0,0,0,0,0,1,1,0,1,1.6912508600949054
7956,134.47,12,29,52.1,0.02,12,0,0,0,1,1,0,0,1,0,1.9793624262614575
7957,134.48,29,70,132.9,0.02,29,0,0,0,1,1,0,0,1,1,1.7268325949155314
7958,134.5,49,131,240.6,0.02,51,0,0,0,0,0,1,1,0,2,1.687236596057664
7959,134.52,49,127,241.2,0.02,51,0,0,0,0,0,1,1,0,0,1.8032140166112232
7960,134.54,50,147,234.6,0.02,50,0,0,0,0,0,1,0,2,6,1.5686728353355073
7961,134.56,49,138,240.1,0.02,51,0,0,0,0,0,1,1,0,0,1.765648075754152
7962,134.58,50,143,225.7,0.02,50,0,0,0,1,1,0,5,1,0,1.4973454113834472
7963,134.6,29,70,133.0,0.02,29,0,0,0,1,1,0,0,1,0,1.8379572191594686
7964,134.62,49,134,241.3,0.02,51,0,0,0,0,0,1,0,1,2,1.6925442436382945
7965,134.64,49,126,242.2,0.02,51,0,0,0,0,0,1,0,0,1,1.7647509810340358
7966,134.66,49,128,241.0,0.02,51,0,0,0,0,0,1,1,0,1,1.7316966609239386
7967,134.67,49,121,240.8,0.02,51,0,0,0,0,0,1,2,0,0,1.6180810719505598
7968,134.69,41,96,186.2,0.02,41,0,0,0,1,1,0,4,1,2,1.746239827595649
7969,134.71,49,145,240.4,0.02,51,0,0,0,0,0,1,0,0,0,1.5369201170530997
7970,134.73,49,142,240.6,0.02,51,0,0,0,0,0,1,0,0,1,1.664104625581163
7971,134.75,49,136,223.4,0.02,49,0,0,0,1,1,0,3,2,0,1.6008172315732883
7972,134.77,49,129,241.0,0.02,51,0,0,0,0,0,1,1,1,0,1.6852907740141256
7973,134.79,49,140,240.9,0.02,51,0,0,0,0,0,1,0,1,0,1.6747205317368734
7974,134.81,29,72,129.8,0.02,29,0,0,0,1,1,0,3,2,0,1.6520467399720267
7975,134.82,49,122,242.7,0.02,51,0,0,0,0,0,1,0,0,0,1.5620437796372741
7976,134.84,46,117,210.3,0.02,46,0,0,0,1,1,0,3,2,0,1.5781906596210116
7977,134.86,49,129,241.9,0.02,51,0,0,0,0,0,1,0,0,1,1.6207051568262307
7978,134.88,49,138,239.1,0.02,51,0,0,0,0,0,1,2,0,0,1.650979555813119
7979,134.9,49,123,241.3,0.02,51,0,0,0,0,0,1,1,0,3,1.7845623000171833
7980,134.92,49,108,244.1,0.02,51,0,0,0,0,0,1,0,0,0,1.6587289358212238
7981,134.94,49,126,242.3,0.02,51,0,0,0,0,0,1,0,1,0,1.6041380751963978
7982,134.96,49,149,239.9,0.02,51,0,0,0,0,0,1,0,1,1,1.513766932029571
7983,134.99,49,156,239.2,0.02,51,0,0,0,0,0,1,0,2,1,1.667797944311569
7984,135.01,49,135,241.3,0.02,51,0,0,0,0,0,1,0,1,1,1.831307695608833
7985,135.03,49,133,240.6,0.02,51,0,0,0,0,0,1,1,0,0,1.5641830071599925
7986,135.05,49,138,241.0,0.02,51,0,0,0,0,0,1,0,0,1,1.5640264975821079
7987,135.07,49,119,242.0,0.02,51,0,0,0,0,0,1,1,0,0,1.7581692078589939
7988,135.08,23,53,104.7,0.02,23,0,0,0,1,1,0,0,1,0,1.8103411092485036
7989,135.1,49,136,240.2,0.02,51,0,0,0,0,0,1,1,0,1,1.783147736634366
7990,135.12,49,156,238.2,0.02,51,0,0,0,0,0,1,1,1,1,1.6853598386618371
7991,135.14,28,79,122.1,0.02,28,0,0,0,1,1,0,5,1,0,1.9562373856953654
7992,135.16,49,146,239.2,0.02,51,0,0,0,0,0,1,1,0,1,1.6098304998904676
7993,135.16,13,31,56.9,0.02,13,0,0,0,1,1,0,0,1,0,2.0026290944552225
7994,135.19,49,140,240.9,0.02,51,0,0,0,0,0,1,0,1,0,1.7480892057091852
7995,135.21,49,138,240.9,0.02,51,0,0,0,0,0,1,0,1,2,1.7672924789444862
7996,135.23,49,158,237.0,0.02,51,0,0,0,0,0,1,2,0,1,1.4442981066697584
7997,135.25,49,138,240.1,0.02,51,0,0,0,0,0,1,1,1,0,1.6539769360099645
7998,135.27,49,118,242.0,0.02,51,0,0,0,0,0,1,1,1,1,1.6386727960544674
7999,135.3,49,151,238.6,0.02,51,0,0,0,0,0,1,1,1,2,1.605255046823309
8000,135.32,49,125,242.2,0.02,51,0,0,0,0,0,1,0,0,2,1.7153857343114711
8001,135.34,49,135,241.4,0.02,51,0,0,0,0,0,1,0,0,0,1.6609382898355272
8002,135.36,49,119,227.1,0.02,49,0,0,0,1,1,0,1,1,0,1.6642896267732679
8003,135.38,49,130,241.8,0.02,51,0,0,0,0,0,1,0,0,1,1.6200989794324048
8004,135.4,49,143,239.6,0.02,51,0,0,0,0,0,1,1,1,0,1.6008488757061228
8005,135.42,49,130,241.8,0.02,51,0,0,0,0,0,1,0,0,1,1.5826361426414242
8006,135.44,49,146,239.2,0.02,51,0,0,0,0,0,1,1,1,1,1.5798198338481177
8007,135.46,49,130,241.8,0.02,51,0,0,0,0,0,1,0,0,1,1.6379515872722707
8008,135.48,49,130,241.9,0.02,51,0,0,0,0,0,1,0,0,0,1.551080780587039
8009,135.5,49,138,240.1,0.02,51,0,0,0,0,0,1,1,0,0,1.7194323142906578
8010,135.53,49,149,238.0,0.02,51,0,0,0,0,0,1,2,0,0,1.614402234093952
8011,135.55,49,137,239.2,0.02,51,0,0,0,0,0,1,2,1,0,1.545248122926318
8012,135.57,49,135,241.3,0.02,51,0,0,0,0,0,1,0,0,1,1.750258588401699
8013,135.59,49,135,241.2,0.02,51,0,0,0,0,0,1,0,0,2,1.5543876065006785
8014,135.61,49,142,239.7,0.02,51,0,0,0,0,0,1,1,0,0,1.6358902014056838
8015,135.64,49,138,241.0,0.02,51,0,0,0,0,0,1,0,0,1,1.5915677266941846
8016,135.65,10,103,29.1,0.02,10,0,0,0,1,1,0,5,1,6,1.7763838606643096
8017,135.67,49,131,240.8,0.02,51,0,0,0,0,0,1,1,0,0,1.6079190099070682
8018,135.68,2,11,0.7,0.02,2,0,0,0,1,1,0,3,1,2,3.7318566581383097
8019,135.68,2,8,2.0,0.02,2,0,0,0,1,1,0,2,1,2,3.991689261287278
8020,135.69,26,59,114.1,0.02,26,0,0,0,1,1,0,5,1,0,2.3665187130640826
8021,135.7,21,50,91.0,0.02,21,0,0,0,1,1,0,4,1,0,1.6878083155390757
8022,135.71,34,76,156.4,0.02,34,0,0,0,1,1,0,1,1,0,1.889052165470702
8023,135.73,49,129,240.6,0.02,51,0,0,0,0,0,1,1,0,4,1.8640561758257643
8024,135.74,25,64,112.6,0.02,25,0,0,0,1,1,0,1,1,0,2.212552250735815
8025,135.74,4,9,14.1,0.02,4,0,0,0,1,1,0,0,1,0,3.590825462441972
8026,135.76,49,127,242.2,0.02,51,0,0,0,0,0,1,0,0,0,1.4604004254987042
8027,135.78,49,142,239.5,0.02,51,0,0,0,0,0,1,1,2,2,1.712214343813872
8028,135.81,44,145,197.5,0.02,44,0,0,0,1,1,0,3,1,0,1.581804480657328
8029,135.83,49,120,242.8,0.02,51,0,0,0,0,0,1,0,1,1,1.5549579959641204
8030,135.85,46,161,203.3,0.02,46,0,0,0,1,1,0,5,1,6,1.817211666424006
8031,135.88,49,167,234.8,0.02,51,0,0,0,0,0,1,3,1,4,1.6831511078983674
8032,135.88,13,39,52.0,0.02,13,0,0,0,1,1,0,4,1,1,1.9456149161106184
8033,135.89,22,59,99.0,0.02,22,0,0,0,1,1,0,0,1,1,2.0940282616252315
8034,135.89,2,7,4.3,0.02,2,0,0,0,1,1,0,0,1,0,4.679810751675484
8035,135.9,6,27,18.3,0.02,6,0,0,0,1,1,0,4,1,0,2.754389293485664
8036,135.92,40,117,179.2,0.02,40,0,0,0,1,1,0,4,1,1,1.636955888825306
8037,135.93,22,68,95.7,0.02,22,0,0,0,1,1,0,2,1,5,1.7610622074730733
8038,135.94,35,86,158.3,0.02,35,0,0,0,1,1,0,3,1,1,1.9764341186699521
8039,135.95,28,61,124.8,0.02,28,0,0,0,1,1,0,4,1,1,1.8441336400167376
8040,135.97,49,129,240.0,0.02,51,0,0,0,0,0,1,2,0,0,1.5369121571163449
8041,135.99,36,101,159.9,0.02,36,0,0,0,1,1,0,5,1,0,1.8165288500785823
8042,135.99,11,27,44.1,0.02,11,0,0,0,1,1,0,3,1,2,2.6078364062703576
8043,136.01,32,80,143.7,0.02,32,0,0,0,1,1,0,3,1,3,1.7750434901296348
8044,136.01,13,22,57.8,0.02,13,0,0,0,1,1,0,0,1,0,3.193034735600053
8045,136.03,19,84,78.6,0.02,19,0,0,0,1,1,0,3,1,0,1.751133877084055
8046,136.04,31,89,137.9,0.02,31,0,0,0,1,1,0,3,1,2,2.0815657205560427
8047,136.06,49,121,242.8,0.02,51,0,0,0,0,0,1,0,0,0,1.8240562761150823
8048,136.08,46,118,210.2,0.02,46,0,0,0,1,1,0,3,2,0,1.9078052823102059
8049,136.1,49,119,241.9,0.02,51,0,0,0,0,0,1,1,2,1,1.7529136196408817
8050,136.11,42,106,194.2,0.02,42,0,0,0,1,1,0,0,2,2,1.9090095596167858
8051,136.13,49,127,241.2,0.02,51,0,0,0,0,0,1,1,0,0,1.7460201395442687
8052,136.15,49,115,242.3,0.02,51,0,0,0,0,0,1,1,0,1,1.9636329434255422
8053,136.17,49,111,243.6,0.02,51,0,0,0,0,0,1,0,0,2,1.9475478818349397
8054,136.19,49,136,241.3,0.02,51,0,0,0,0,0,1,0,0,0,1.887154186951853
8055,136.21,49,142,240.6,0.02,51,0,0,0,0,0,1,0,1,1,1.81160700635466
8056,136.23,49,127,242.0,0.02,51,0,0,0,0,0,1,0,0,2,2.0352122304926556
8057,136.25,49,145,240.2,0.02,51,0,0,0,0,0,1,0,2,2,1.6569146754913284
8058,136.27,49,124,239.5,0.02,51,0,0,0,0,0,1,3,0,0,1.9129400732874802
8059,136.3,49,151,237.6,0.02,51,0,0,0,0,0,1,2,1,2,1.57731876136824
8060,136.3,6,17,20.3,0.02,6,0,0,0,1,1,0,3,1,0,3.4156226456481744
8061,136.32,49,125,241.4,0.02,51,0,0,0,0,0,1,1,0,0,1.6906321819252916
8062,136.34,49,134,239.4,0.02,51,0,0,0,0,0,1,2,0,1,1.936877414515573
8063,136.36,49,136,241.2,0.02,51,0,0,0,0,0,1,0,1,1,1.6810026404620235
8064,136.38,49,144,238.4,0.02,51,0,0,0,0,0,1,2,2,1,1.61720843462173
8065,136.4,49,131,241.8,0.02,51,0,0,0,0,0,1,0,0,0,1.637087096445789
8066,136.43,49,148,240.1,0.02,51,0,0,0,0,0,1,0,0,0,1.4723363275744394
8067,136.45,49,134,240.5,0.02,51,0,0,0,0,0,1,1,0,0,1.710117978407134
8068,136.47,49,119,241.9,0.02,51,0,0,0,0,0,1,1,0,1,1.500181175092283
8069,136.49,49,128,241.0,0.02,51,0,0,0,0,0,1,1,0,1,1.7372571633751728
8070,136.51,49,143,239.2,0.02,51,0,0,0,0,0,1,1,1,4,1.645476162639596
8071,136.51,13,24,56.6,0.02,13,0,0,0,1,1,0,1,1,0,2.7775499257985126
8072,136.53,49,138,240.0,0.02,51,0,0,0,0,0,1,1,3,1,1.6220532183739385
8073,136.56,49,141,240.7,0.02,51,0,0,0,0,0,1,0,1,1,1.6398304347792583
8074,136.58,49,128,242.0,0.02,51,0,0,0,0,0,1,0,0,1,1.6867573842564085
8075,136.6,49,125,242.4,0.02,51,0,0,0,0,0,1,0,0,0,1.4882056605942564
8076,136.62,49,122,241.6,0.02,51,0,0,0,0,0,1,1,1,1,1.9187550930723374
8077,136.64,50,136,235.3,0.02,50,0,0,0,0,0,1,1,1,0,1.6260665869176496
8078,136.66,49,131,241.7,0.02,51,0,0,0,0,0,1,0,0,1,1.6764582688076348
8079,136.68,49,173,236.4,0.02,51,0,0,0,0,0,1,1,3,2,1.5458068233684017
8080,136.71,49,136,241.3,0.02,51,0,0,0,0,0,1,0,0,0,1.8332410447465435
8081,136.73,49,134,240.5,0.02,51,0,0,0,0,0,1,1,0,0,1.6548746555573197
8082,136.75,49,135,240.4,0.02,51,0,0,0,0,0,1,1,1,0,1.592923999870704
8083,136.77,49,153,238.5,0.02,51,0,0,0,0,0,1,1,0,1,1.5571334295300279
8084,136.79,30,71,133.8,0.02,30,0,0,0,1,1,0,4,1,1,1.8389571017533064
8085,136.81,49,127,242.2,0.02,51,0,0,0,0,0,1,0,0,0,1.5134148863977441
8086,136.83,49,139,238.8,0.02,51,0,0,0,0,0,1,2,0,2,1.6220416360466974
8087,136.84,33,79,152.1,0.02,33,0,0,0,1,1,0,0,1,0,1.5900607864700613
8088,136.86,49,133,241.6,0.02,51,0,0,0,0,0,1,0,0,0,1.6068106579423898
8089,136.89,49,162,238.7,0.02,51,0,0,0,0,0,1,0,1,0,1.5917781001555977
8090,136.91,49,132,241.6,0.02,51,0,0,0,0,0,1,0,0,1,1.6176542050502105
8091,136.93,49,130,241.8,0.02,51,0,0,0,0,0,1,0,0,1,1.741763884271365
8092,136.95,49,124,242.4,0.02,51,0,0,0,0,0,1,0,1,1,1.6501138061102156
8093,136.97,49,140,240.8,0.02,51,0,0,0,0,0,1,0,0,1,1.7465494278138196
8094,136.99,49,140,239.7,0.02,51,0,0,0,0,0,1,1,0,2,1.7277477446427083
8095,137.01,49,122,242.7,0.02,51,0,0,0,0,0,1,0,1,0,1.7293115783493207
8096,137.03,49,126,242.3,0.02,51,0,0,0,0,0,1,0,0,0,1.488343250125505
8097,137.05,49,146,237.3,0.02,51,0,0,0,0,0,1,3,0,0,1.5450912707049533
8098,137.07,49,129,240.9,0.02,51,0,0,0,0,0,1,1,1,1,1.550516138444693
8099,137.09,49,129,240.9,0.02,51,0,0,0,0,0,1,1,0,1,1.4989027707789315
8100,137.11,49,132,241.7,0.02,51,0,0,0,0,0,1,0,1,0,1.4898752227257765
8101,137.13,49,133,241.5,0.02,51,0,0,0,0,0,1,0,0,1,1.4453903208881853
8102,137.15,49,136,241.3,0.02,51,0,0,0,0,0,1,0,0,0,1.447085443715927
8103,137.16,17,39,73.1,0.02,17,0,0,0,1,1,0,3,2,0,1.8464157944937847
8104,137.18,49,116,242.3,0.02,51,0,0,0,0,0,1,1,0,0,1.7314480386580948
8105,137.2,49,129,242.0,0.02,51,0,0,0,0,0,1,0,0,0,1.676709439530552
8106,137.22,49,128,240.1,0.02,51,0,0,0,0,0,1,2,0,0,1.5777764687103568
8107,137.24,49,149,239.8,0.02,51,0,0,0,0,0,1,0,0,2,1.541339937801068
8108,137.26,49,122,242.5,0.02,51,0,0,0,0,0,1,0,1,2,1.5454720815548508
8109,137.28,49,125,242.4,0.02,51,0,0,0,0,0,1,0,0,0,1.624186926300367
8110,137.3,49,127,242.2,0.02,51,0,0,0,0,0,1,0,0,0,1.789478478494062
8111,137.31,15,39,64.8,0.02,15,0,0,0,1,1,0,1,1,3,1.5269058098469448
8112,137.31,12,33,48.7,0.02,12,0,0,0,1,1,0,3,1,0,1.781483261204879
8113,137.32,5,16,17.4,0.02,5,0,0,0,1,1,0,1,1,0,3.101351345952077
8114,137.34,49,138,240.0,0.02,51,0,0,0,0,0,1,1,1,1,1.7622098239159898
8115,137.37,46,202,198.3,0.02,46,0,0,0,1,1,0,5,1,15,1.3451056664604368
8116,137.39,49,131,240.8,0.02,51,0,0,0,0,0,1,1,0,0,1.679970726556022
8117,137.41,49,136,239.3,0.02,51,0,0,0,0,0,1,2,1,0,1.8246459337669165
8118,137.43,49,158,236.9,0.02,51,0,0,0,0,0,1,2,0,2,1.575685565011684
8119,137.45,49,143,240.5,0.02,51,0,0,0,0,0,1,0,1,1,1.5568755595251684
8120,137.48,49,135,240.3,0.02,51,0,0,0,0,0,1,1,0,1,1.874860513654065
8121,137.49,25,57,111.3,0.02,25,0,0,0,1,1,0,3,1,0,1.7217458582302632
8122,137.5,49,112,242.7,0.02,51,0,0,0,0,0,1,1,0,0,1.9707920418119618
8123,137.52,49,134,240.5,0.02,51,0,0,0,0,0,1,1,0,0,1.6457114982561878
8124,137.55,49,134,240.4,0.02,51,0,0,0,0,0,1,1,0,1,1.8616758701121459
8125,137.57,49,136,241.2,0.02,51,0,0,0,0,0,1,0,0,1,1.5639543005177592
8126,137.59,49,129,239.0,0.02,51,0,0,0,0,0,1,3,1,0,1.7694123396627002
8127,137.61,49,144,240.5,0.02,51,0,0,0,0,0,1,0,1,0,1.8059454923109781
8128,137.63,49,143,239.5,0.02,51,0,0,0,0,0,1,1,0,1,1.6215889331882274
8129,137.65,49,130,240.8,0.02,51,0,0,0,0,0,1,1,0,1,1.8997217412655043
8130,137.67,35,92,160.8,0.02,35,0,0,0,1,1,0,0,3,0,1.656438262544662
8131,137.68,19,41,85.9,0.02,19,0,0,0,1,1,0,0,1,0,1.9307390890970126
8132,137.7,49,123,242.5,0.02,51,0,0,0,0,0,1,0,0,1,1.7971410623504227
8133,137.72,49,130,239.8,0.02,51,0,0,0,0,0,1,2,0,1,1.613794037622424
8134,137.73,49,115,243.4,0.02,51,0,0,0,0,0,1,0,0,0,1.4953671942228008
8135,137.75,49,125,242.2,0.02,51,0,0,0,0,0,1,0,1,2,1.5581284162128803
8136,137.77,49,128,242.1,0.02,51,0,0,0,0,0,1,0,0,0,1.6729680273287875
8137,137.79,49,131,241.6,0.02,51,0,0,0,0,0,1,0,0,2,1.6658208291852916
8138,137.82,50,137,234.1,0.02,50,0,0,0,0,0,1,2,1,1,1.6399704804460562
8139,137.84,49,140,240.8,0.02,51,0,0,0,0,0,1,0,0,1,1.533800524214154
8140,137.86,49,131,241.7,0.02,51,0,0,0,0,0,1,0,1,1,1.7754628038951124
8141,137.88,49,128,242.0,0.02,51,0,0,0,0,0,1,0,0,1,1.6118968896240549
8142,137.9,49,149,238.9,0.02,51,0,0,0,0,0,1,1,2,1,1.6510498294076572
8143,137.92,49,120,241.9,0.02,51,0,0,0,0,0,1,1,0,0,1.6151212786397322
8144,137.94,50,134,236.5,0.02,50,0,0,0,0,0,1,0,1,0,1.5811134555605253
8145,137.97,49,146,240.3,0.02,51,0,0,0,0,0,1,0,1,0,1.622530805072462
8146,137.99,49,130,239.9,0.02,51,0,0,0,0,0,1,2,0,0,1.687774456373916
8147,138.02,49,143,239.6,0.02,51,0,0,0,0,0,1,1,1,0,1.5473861877042527
8148,138.04,49,125,240.4,0.02,51,0,0,0,0,0,1,2,0,0,1.8520043122696959
8149,138.06,49,139,239.9,0.02,51,0,0,0,0,0,1,1,0,1,1.6152855745824566
8150,138.08,49,120,242.9,0.02,51,0,0,0,0,0,1,0,0,0,1.522244814781552
8151,138.1,45,99,210.1,0.02,45,0,0,0,1,1,0,0,1,0,1.5749912524281477
8152,138.12,50,134,236.4,0.02,50,0,0,0,0,0,1,0,1,1,1.5433929395921542
8153,138.14,49,114,241.5,0.02,51,0,0,0,0,0,1,2,0,0,1.7296424368469634
8154,138.16,49,127,241.1,0.02,51,0,0,0,0,0,1,1,0,1,1.748728742272819
8155,138.16,11,22,46.8,0.02,11,0,0,0,1,1,0,1,1,0,2.6437855587483408
8156,138.18,49,145,240.4,0.02,51,0,0,0,0,0,1,0,0,0,1.6195124362707776
8157,138.2,49,142,238.6,0.02,51,0,0,0,0,0,1,2,0,1,1.5301962298547143
8158,138.22,49,136,239.2,0.02,51,0,0,0,0,0,1,2,0,1,1.706816210548422
8159,138.24,49,119,243.0,0.02,51,0,0,0,0,0,1,0,0,0,1.5776719053835673
8160,138.27,49,135,241.4,0.02,51,0,0,0,0,0,1,0,0,0,1.6979442354151377
8161,138.28,27,119,114.3,0.02,27,0,0,0,1,1,0,3,1,8,1.7687586397746915
8162,138.3,29,74,132.5,0.02,29,0,0,0,1,1,0,0,1,1,1.7156232560064502
8163,138.32,46,115,210.4,0.02,46,0,0,0,1,1,0,3,1,1,1.6897017317388798
8164,138.33,44,109,200.1,0.02,44,0,0,0,1,1,0,4,2,0,1.8480279244065978
8165,138.35,49,127,242.2,0.02,51,0,0,0,0,0,1,0,0,0,1.8973143903919611
8166,138.37,49,140,239.9,0.02,51,0,0,0,0,0,1,1,0,0,1.8397058790387673
8167,138.4,49,135,241.4,0.02,51,0,0,0,0,0,1,0,0,0,1.722470337728167
8168,138.42,49,135,240.4,0.02,51,0,0,0,0,0,1,1,1,0,2.0402221667272262
8169,138.44,49,135,241.4,0.02,51,0,0,0,0,0,1,0,0,0,1.6396923944903388
8170,138.46,49,133,239.4,0.02,51,0,0,0,0,0,1,2,2,2,1.6829432981341885
8171,138.48,49,130,239.9,0.02,51,0,0,0,0,0,1,2,0,0,1.806068932909017
8172,138.48,14,29,62.1,0.02,14,0,0,0,1,1,0,0,1,0,2.3303537723455925
8173,138.51,49,131,239.8,0.02,51,0,0,0,0,0,1,2,0,0,1.9134872480799858
8174,138.53,49,134,241.4,0.02,51,0,0,0,0,0,1,0,0,1,1.8431415841244598
8175,138.55,49,130,241.9,0.02,51,0,0,0,0,0,1,0,0,0,1.7498609661820002
8176,138.57,49,139,240.0,0.02,51,0,0,0,0,0,1,1,0,0,1.7333068779067253
8177,138.59,49,129,242.0,0.02,51,0,0,0,0,0,1,0,0,0,1.7128064175979238
8178,138.61,49,136,240.3,0.02,51,0,0,0,0,0,1,1,0,0,1.6051824070688812
8179,138.63,49,122,242.6,0.02,51,0,0,0,0,0,1,0,1,1,1.818253239705082
8180,138.65,49,116,243.3,0.02,51,0,0,0,0,0,1,0,0,0,1.7028133558459082
8181,138.67,49,141,240.5,0.02,51,0,0,0,0,0,1,0,0,3,1.6662962404251673
8182,138.69,49,125,240.4,0.02,51,0,0,0,0,0,1,2,0,0,1.5887219093735363
8183,138.71,49,142,239.6,0.02,51,0,0,0,0,0,1,1,1,1,1.740277491792268
8184,138.73,49,131,241.7,0.02,51,0,0,0,0,0,1,0,1,1,1.6415927785834667
8185,138.75,49,137,241.0,0.02,51,0,0,0,0,0,1,0,0,2,1.5448698000963934
8186,138.78,49,139,239.0,0.02,51,0,0,0,0,0,1,2,0,0,1.6802072234636625
8187,138.8,49,121,242.8,0.02,51,0,0,0,0,0,1,0,1,0,1.5330861822505752
8188,138.82,49,140,239.7,0.02,51,0,0,0,0,0,1,1,0,2,1.6805794883137206
8189,138.84,49,121,241.8,0.02,51,0,0,0,0,0,1,1,1,0,1.699404615100516
8190,138.86,49,125,242.4,0.02,51,0,0,0,0,0,1,0,0,0,1.6874195506286351
8191,138.87,35,87,161.2,0.02,35,0,0,0,1,1,0,0,2,1,1.4997679241729642
8192,138.89,49,143,238.5,0.02,51,0,0,0,0,0,1,2,0,1,1.5011232501319542
8193,138.92,49,150,238.8,0.02,51,0,0,0,0,0,1,1,1,1,1.4462670064747254
8194,138.94,49,126,242.2,0.02,51,0,0,0,0,0,1,0,0,1,1.53159602200191
8195,138.96,49,132,241.7,0.02,51,0,0,0,0,0,1,0,1,0,1.6547544010634467
8196,138.97,49,111,227.9,0.02,49,0,0,0,1,1,0,1,1,0,1.656757352892313
8197,138.99,49,125,242.3,0.02,51,0,0,0,0,0,1,0,1,1,1.786671272194922
8198,139.02,49,141,239.6,0.02,51,0,0,0,0,0,1,1,1,2,1.4861142410026544
8199,139.03,49,119,243.0,0.02,51,0,0,0,0,0,1,0,0,0,1.5871634844961888
8200,139.05,49,123,242.6,0.02,51,0,0,0,0,0,1,0,0,0,1.456695845078947
8201,139.08,49,129,242.0,0.02,51,0,0,0,0,0,1,0,0,0,1.514189464929336
8202,139.08,4,10,10.0,0.02,4,0,0,0,1,1,0,4,1,0,3.959074925494643
8203,139.1,49,138,239.0,0.02,51,0,0,0,0,0,1,2,0,1,1.846907014093658
8204,139.12,49,136,240.3,0.02,51,0,0,0,0,0,1,1,0,0,1.627504680143014
8205,139.14,49,132,240.6,0.02,51,0,0,0,0,0,1,1,0,1,1.7149140586833138
8206,139.16,49,140,240.8,0.02,51,0,0,0,0,0,1,0,0,1,1.6554406134275708
8207,139.17,14,33,57.7,0.02,14,0,0,0,1,1,0,4,1,0,2.0487327348956317
8208,139.19,50,150,224.0,0.02,50,0,0,0,1,1,0,6,1,0,1.3625556017299538
8209,139.21,49,117,243.2,0.02,51,0,0,0,0,0,1,0,0,0,1.5825847752447002
8210,139.23,49,128,242.0,0.02,51,0,0,0,0,0,1,0,0,1,1.719621573816153
8211,139.25,49,143,237.6,0.02,51,0,0,0,0,0,1,3,0,0,1.5408695539991004
8212,139.27,49,138,241.0,0.02,51,0,0,0,0,0,1,0,0,1,1.5458835106799809
8213,139.29,49,128,241.1,0.02,51,0,0,0,0,0,1,1,0,0,1.4909655710168568
8214,139.31,49,130,241.9,0.02,51,0,0,0,0,0,1,0,0,0,1.5604166543859561
8215,139.33,35,90,160.0,0.02,35,0,0,0,1,1,0,1,2,0,1.6135100902996373
8216,139.35,49,113,242.6,0.02,51,0,0,0,0,0,1,1,1,0,1.5517716455027768
8217,139.37,49,123,241.6,0.02,51,0,0,0,0,0,1,1,0,0,1.644089524623932
8218,139.38,49,118,243.1,0.02,51,0,0,0,0,0,1,0,0,0,1.5064026142361338
8219,139.4,49,116,243.3,0.02,51,0,0,0,0,0,1,0,0,0,1.7775947069689277
8220,139.42,49,146,240.3,0.02,51,0,0,0,0,0,1,0,1,0,1.5930900137826032
8221,139.45,49,143,240.4,0.02,51,0,0,0,0,0,1,0,0,2,1.57148237168995
8222,139.47,49,153,237.5,0.02,51,0,0,0,0,0,1,2,0,1,1.5577859859890768
8223,139.49,49,141,239.7,0.02,51,0,0,0,0,0,1,1,0,1,1.6115682544562173
8224,139.5,8,15,33.5,0.02,8,0,0,0,1,1,0,0,1,0,3.2326667796759323
8225,139.52,49,127,242.2,0.02,51,0,0,0,0,0,1,0,1,0,1.6370111976209227
8226,139.54,49,133,241.6,0.02,51,0,0,0,0,0,1,0,0,0,1.7380051293582104
8227,139.56,49,130,240.9,0.02,51,0,0,0,0,0,1,1,0,0,1.4841212174251084
8228,139.58,49,140,239.8,0.02,51,0,0,0,0,0,1,1,0,1,1.5948253682828264
8229,139.6,49,127,242.0,0.02,51,0,0,0,0,0,1,0,0,2,1.6305168547759386
8230,139.62,49,133,240.6,0.02,51,0,0,0,0,0,1,1,1,0,1.648188765021566
8231,139.64,49,144,240.5,0.02,51,0,0,0,0,0,1,0,1,0,1.6054089444302722
8232,139.66,49,130,241.8,0.02,51,0,0,0,0,0,1,0,0,1,1.5362367976954292
8233,139.68,49,135,240.3,0.02,51,0,0,0,0,0,1,1,0,1,1.5769464438290939
8234,139.71,49,142,240.6,0.02,51,0,0,0,0,0,1,0,0,1,1.7279304828824018
8235,139.73,49,133,241.5,0.02,51,0,0,0,0,0,1,0,0,1,1.7116958840472003
8236,139.75,49,135,241.4,0.02,51,0,0,0,0,0,1,0,0,0,1.5067598333264935
8237,139.75,14,38,57.0,0.02,14,0,0,0,1,1,0,4,1,2,2.0483884796063494
8238,139.76,12,30,49.8,0.02,12,0,0,0,1,1,0,2,1,2,2.0657807298434565
8239,139.78,49,136,240.3,0.02,51,0,0,0,0,0,1,1,0,0,1.592266733941579
8240,139.8,49,136,241.0,0.02,51,0,0,0,0,0,1,0,0,3,1.5451950371526963
8241,139.82,49,123,242.6,0.02,51,0,0,0,0,0,1,0,1,0,1.5490793693666363
8242,139.84,49,122,241.7,0.02,51,0,0,0,0,0,1,1,0,0,1.755341362078837
8243,139.86,49,135,240.1,0.02,51,0,0,0,0,0,1,1,0,3,1.7099214279869206
8244,139.88,49,124,241.5,0.02,51,0,0,0,0,0,1,1,0,0,1.7016996961712194
8245,139.88,9,19,37.1,0.02,9,0,0,0,1,1,0,1,1,0,2.4233104856389414
8246,139.91,49,132,241.7,0.02,51,0,0,0,0,0,1,0,0,0,1.6416100844812205
8247,139.92,49,124,241.5,0.02,51,0,0,0,0,0,1,1,0,0,1.4708833447009049
8248,139.94,49,122,242.6,0.02,51,0,0,0,0,0,1,0,0,1,1.6787919422937265
8249,139.95,3,16,12.1,0.02,4,0,0,0,1,1,0,1,1,3,3.014906573227715
8250,139.97,49,121,241.6,0.02,51,0,0,0,0,0,1,1,1,2,1.6436890390323105
8251,139.99,49,132,240.5,0.02,51,0,0,0,0,0,1,1,0,2,1.5909178157601482
8252,140.01,49,131,241.8,0.02,51,0,0,0,0,0,1,0,0,0,1.6286745577683863
8253,140.03,49,153,239.6,0.02,51,0,0,0,0,0,1,0,1,0,1.584498051210008
8254,140.05,49,148,240.0,0.02,51,0,0,0,0,0,1,0,0,1,1.643137658957032
8255,140.07,49,131,241.6,0.02,51,0,0,0,0,0,1,0,0,2,1.7763838256300155
8256,140.09,49,118,242.0,0.02,51,0,0,0,0,0,1,1,1,1,1.928519670518807
8257,140.11,49,132,240.7,0.02,51,0,0,0,0,0,1,1,0,0,1.5005479681709402
8258,140.13,49,130,241.8,0.02,51,0,0,0,0,0,1,0,0,1,1.4610974692037753
8259,140.15,49,135,241.4,0.02,51,0,0,0,0,0,1,0,0,0,1.821377983701428
8260,140.17,49,131,241.7,0.02,51,0,0,0,0,0,1,0,1,1,1.79107739519461
8261,140.18,0,38,-12.8,0.02,0,0,0,0,1,1,0,4,1,0,2.0595065914310138
8262,140.19,3,23,4.7,0.02,3,0,0,0,1,1,0,3,1,0,2.3134101948791317
8263,140.2,26,71,113.0,0.02,26,0,0,0,1,1,0,4,1,9,1.8560567667743566
8264,140.2,4,13,10.6,0.02,4,0,0,0,1,1,0,3,1,1,3.7402691468182137
8265,140.21,10,26,39.4,0.02,10,0,0,0,1,1,0,3,1,0,2.141170709684525
8266,140.21,15,36,66.3,0.02,15,0,0,0,1,1,0,0,1,1,1.7525023486927571
8267,140.22,18,54,74.6,0.02,18,0,0,0,1,1,0,5,2,0,1.874028878534743
8268,140.24,49,139,239.0,0.02,51,0,0,0,0,0,1,2,0,0,1.884425469874003
8269,140.26,10,83,33.9,0.02,10,0,0,0,1,1,0,2,1,8,1.6351839383159636
8270,140.27,24,48,106.2,0.02,24,0,0,0,1,1,0,4,1,0,2.0889547596574682
8271,140.29,50,117,232.2,0.02,50,0,0,0,0,0,1,6,3,0,1.8211034697202164
8272,140.3,49,127,241.1,0.02,51,0,0,0,0,0,1,1,1,1,1.9741596427108354
8273,140.32,49,124,241.4,0.02,51,0,0,0,0,0,1,1,0,1,1.796614833063375
8274,140.33,2,10,0.0,0.02,2,0,0,0,1,1,0,4,1,0,3.6205990895204794
8275,140.33,5,13,18.7,0.02,5,0,0,0,1,1,0,0,1,0,3.089653583855802
8276,140.35,49,130,240.9,0.02,51,0,0,0,0,0,1,1,0,0,1.6088285030041714
8277,140.37,49,138,240.0,0.02,51,0,0,0,0,0,1,1,0,1,1.8283418589770442
8278,140.39,49,108,244.1,0.02,51,0,0,0,0,0,1,0,0,0,1.6242006567946137
8279,140.41,49,133,240.6,0.02,51,0,0,0,0,0,1,1,0,0,1.8609286918553747
8280,140.43,49,124,241.5,0.02,51,0,0,0,0,0,1,1,0,0,1.7371667132070672
8281,140.45,49,140,240.9,0.02,51,0,0,0,0,0,1,0,0,0,1.6591176448172678
8282,140.47,50,148,226.0,0.02,50,0,0,0,1,1,0,4,1,2,1.6995886141621634
8283,140.49,49,125,242.2,0.02,51,0,0,0,0,0,1,0,0,2,1.5720639997279096
8284,140.52,49,141,239.6,0.02,51,0,0,0,0,0,1,1,1,2,1.6397663795205697
8285,140.52,8,18,33.1,0.02,8,0,0,0,1,1,0,0,1,1,2.441470217716464
8286,140.54,49,129,240.0,0.02,51,0,0,0,0,0,1,2,0,0,1.7451826200999978
8287,140.56,49,132,240.7,0.02,51,0,0,0,0,0,1,1,0,0,1.645460685457617
8288,140.56,15,25,64.5,0.02,15,0,0,0,1,1,0,3,1,0,2.658852648344096
8289,140.58,49,123,240.5,0.02,51,0,0,0,0,0,1,2,0,1,1.46301790862234
8290,140.61,49,137,240.1,0.02,51,0,0,0,0,0,1,1,1,1,1.3570989615383149
8291,140.62,49,113,243.6,0.02,51,0,0,0,0,0,1,0,0,0,1.5947488348660552
8292,140.65,49,168,237.1,0.02,51,0,0,0,0,0,1,1,0,0,1.5271470306919015
8293,140.67,49,126,242.1,0.02,51,0,0,0,0,0,1,0,0,2,1.528397648346257
8294,140.69,49,121,242.7,0.02,51,0,0,0,0,0,1,0,1,1,1.6146900558792552
8295,140.71,49,132,239.6,0.02,51,0,0,0,0,0,1,2,0,1,1.6466004483865782
8296,140.73,49,143,237.5,0.02,51,0,0,0,0,0,1,3,2,1,1.5180548498917017
8297,140.75,49,132,241.7,0.02,51,0,0,0,0,0,1,0,1,0,1.5038114287354631
8298,140.77,49,123,240.6,0.02,51,0,0,0,0,0,1,2,0,0,1.7005427296880162
8299,140.79,49,134,240.5,0.02,51,0,0,0,0,0,1,1,1,0,1.6175815552106039
8300,140.81,49,130,241.8,0.02,51,0,0,0,0,0,1,0,1,1,1.6944866443149644
8301,140.82,27,62,126.8,0.02,28,0,0,0,1,1,0,2,2,0,1.673025196527896
8302,140.83,28,72,124.8,0.02,28,0,0,0,1,1,0,3,1,0,1.6196891920696233
8303,140.85,45,117,208.3,0.02,45,0,0,0,1,1,0,0,1,0,1.4522690756035441
8304,140.87,49,133,241.6,0.02,51,0,0,0,0,0,1,0,0,0,1.628219786590255
8305,140.89,50,130,236.9,0.02,50,0,0,0,0,0,1,0,1,0,1.8355736475752324
8306,140.91,49,142,240.6,0.02,51,0,0,0,0,0,1,0,0,1,1.69589372034022
8307,140.93,49,134,239.5,0.02,51,0,0,0,0,0,1,2,1,0,1.7842444649048612
8308,140.95,49,139,239.8,0.02,51,0,0,0,0,0,1,1,1,2,1.8560581022592328
8309,140.98,49,145,240.2,0.02,51,0,0,0,0,0,1,0,0,2,1.6201843227658919
8310,141.0,49,132,241.7,0.02,51,0,0,0,0,0,1,0,0,0,1.6685792382174558
8311,141.01,49,121,242.8,0.02,51,0,0,0,0,0,1,0,0,0,1.699689966670931
8312,141.03,49,132,240.6,0.02,51,0,0,0,0,0,1,1,1,1,1.75800849755374
8313,141.05,49,129,242.0,0.02,51,0,0,0,0,0,1,0,0,0,1.7894863246873955
8314,141.06,17,45,74.5,0.02,17,0,0,0,1,1,0,1,1,0,1.4724490383395992
8315,141.09,49,149,240.0,0.02,51,0,0,0,0,0,1,0,3,0,1.8075943220548054
8316,141.1,49,128,242.1,0.02,51,0,0,0,0,0,1,0,0,0,1.5648435808153318
8317,141.13,49,150,238.9,0.02,51,0,0,0,0,0,1,1,1,0,1.624461442207319
8318,141.15,49,126,242.3,0.02,51,0,0,0,0,0,1,0,0,0,1.5778319680239605
8319,141.17,49,134,238.4,0.02,51,0,0,0,0,0,1,3,1,1,1.7516192885584319
8320,141.19,49,125,242.4,0.02,51,0,0,0,0,0,1,0,0,0,1.7145432381193182
8321,141.21,49,150,239.5,0.02,51,0,0,0,0,0,1,0,0,4,1.4251094856582442
8322,141.22,24,56,108.4,0.02,24,0,0,0,1,1,0,1,1,0,1.6841218347927926
8323,141.24,49,148,240.0,0.02,51,0,0,0,0,0,1,0,0,1,1.6469757213366414
8324,141.26,49,125,242.2,0.02,51,0,0,0,0,0,1,0,0,2,1.4249383933907362
8325,141.28,49,135,241.4,0.02,51,0,0,0,0,0,1,0,1,0,1.467021519567303
8326,141.3,49,137,241.2,0.02,51,0,0,0,0,0,1,0,0,0,1.5052948924297653
8327,141.32,49,140,240.9,0.02,51,0,0,0,0,0,1,0,0,0,1.4527512595220997
8328,141.34,49,132,240.7,0.02,51,0,0,0,0,0,1,1,1,0,1.5018084624238295
8329,141.36,49,132,241.7,0.02,51,0,0,0,0,0,1,0,1,0,1.592996182105426
8330,141.38,49,136,240.2,0.02,51,0,0,0,0,0,1,1,0,1,1.460901671101272
8331,141.41,49,142,239.7,0.02,51,0,0,0,0,0,1,1,1,0,1.570403339184297
8332,141.43,49,140,240.9,0.02,51,0,0,0,0,0,1,0,0,0,1.6869974217334955
8333,141.45,49,128,241.0,0.02,51,0,0,0,0,0,1,1,1,1,1.5960626225133558
8334,141.47,49,124,242.5,0.02,51,0,0,0,0,0,1,0,0,0,1.4444923018055726
8335,141.49,49,146,239.1,0.02,51,0,0,0,0,0,1,1,0,2,1.4777857849475087
8336,141.51,49,126,242.2,0.02,51,0,0,0,0,0,1,0,0,1,1.6223208237837623
8337,141.51,5,14,14.6,0.02,5,0,0,0,1,1,0,4,1,0,2.7574168563196784
8338,141.53,49,126,241.2,0.02,51,0,0,0,0,0,1,1,0,1,1.5996754696821094
8339,141.55,49,130,241.8,0.02,51,0,0,0,0,0,1,0,2,1,1.2768308950001606
8340,141.57,49,146,240.3,0.02,51,0,0,0,0,0,1,0,1,0,1.704685938699112
8341,141.59,49,128,242.1,0.02,51,0,0,0,0,0,1,0,1,0,1.5968160448208977
8342,141.61,49,132,241.7,0.02,51,0,0,0,0,0,1,0,0,0,1.619523341509963
8343,141.63,49,118,241.8,0.02,51,0,0,0,0,0,1,1,0,3,1.6555768919440772
8344,141.65,49,123,241.6,0.02,51,0,0,0,0,0,1,1,1,0,1.6340466892176775
8345,141.67,49,125,242.4,0.02,51,0,0,0,0,0,1,0,0,0,1.6742652696057785
8346,141.69,49,111,243.7,0.02,51,0,0,0,0,0,1,0,0,1,1.8762280422803663
8347,141.71,49,140,238.9,0.02,51,0,0,0,0,0,1,2,0,0,1.4958067841856588
8348,141.73,49,123,241.4,0.02,51,0,0,0,0,0,1,1,1,2,1.7416882260554505
8349,141.74,2,9,8.1,0.02,3,0,0,0,1,1,0,1,1,0,3.9002048842372363
8350,141.74,15,44,62.5,0.02,15,0,0,0,1,1,0,3,1,1,2.589179903043676
8351,141.75,8,39,27.9,0.02,8,0,0,0,1,1,0,3,1,2,1.9852463315745923
8352,141.77,49,123,242.5,0.02,51,0,0,0,0,0,1,0,1,1,1.6856258401230906
8353,141.79,49,127,241.2,0.02,51,0,0,0,0,0,1,1,2,0,1.7245584862294847
8354,141.79,4,10,13.0,0.02,4,0,0,0,1,1,0,1,1,0,4.1610950517725716
8355,141.81,49,118,243.0,0.02,51,0,0,0,0,0,1,0,0,1,1.7368692020722065
8356,141.83,49,134,241.4,0.02,51,0,0,0,0,0,1,0,0,1,1.7844519929431044
8357,141.85,49,126,242.2,0.02,51,0,0,0,0,0,1,0,0,1,1.7851965094900997
8358,141.87,49,116,243.2,0.02,51,0,0,0,0,0,1,0,0,1,1.7203511144116528
8359,141.89,49,140,240.9,0.02,51,0,0,0,0,0,1,0,1,0,1.774018905453246
8360,141.91,49,135,240.4,0.02,51,0,0,0,0,0,1,1,0,0,1.5766605369813662
8361,141.94,49,143,240.5,0.02,51,0,0,0,0,0,1,0,0,1,1.5342148437383185
8362,141.96,49,127,238.2,0.02,51,0,0,0,0,0,1,4,0,0,1.5830995846523717
8363,141.98,49,143,239.6,0.02,51,0,0,0,0,0,1,1,0,0,1.5495699316679468
8364,142.0,49,114,242.5,0.02,51,0,0,0,0,0,1,1,0,0,1.8288405699660377
8365,142.01,49,111,243.8,0.02,51,0,0,0,0,0,1,0,0,0,1.6858095772932788
8366,142.03,49,125,240.3,0.02,51,0,0,0,0,0,1,2,0,1,1.8062527158238935
8367,142.05,49,135,241.2,0.02,51,0,0,0,0,0,1,0,1,2,1.416906695587801
8368,142.08,49,130,241.8,0.02,51,0,0,0,0,0,1,0,0,1,1.618597152672884
8369,142.1,49,142,239.5,0.02,51,0,0,0,0,0,1,1,0,2,1.682393976104294
8370,142.12,49,121,242.8,0.02,51,0,0,0,0,0,1,0,0,0,1.5611520534049
8371,142.12,8,21,31.8,0.02,8,0,0,0,1,1,0,1,1,1,2.922138867442934
8372,142.14,49,125,242.4,0.02,51,0,0,0,0,0,1,0,0,0,1.6359272687027981
8373,142.16,49,149,238.9,0.02,51,0,0,0,0,0,1,1,1,1,1.5424866821761873
8374,142.18,49,124,242.5,0.02,51,0,0,0,0,0,1,0,0,0,1.9211205325956344
8375,142.2,49,128,241.1,0.02,51,0,0,0,0,0,1,1,0,0,1.7873744257538544
8376,142.22,49,140,239.9,0.02,51,0,0,0,0,0,1,1,0,0,1.57797143140796
8377,142.24,49,118,242.1,0.02,51,0,0,0,0,0,1,1,0,0,1.711600562830957
8378,142.24,5,15,15.5,0.02,5,0,0,0,1,1,0,3,1,0,2.412956319507285
8379,142.25,16,38,70.2,0.02,16,0,0,0,1,1,0,1,1,0,2.118223926560529
8380,142.27,49,139,241.0,0.02,51,0,0,0,0,0,1,0,0,0,1.6111639065918382
8381,142.29,33,95,147.5,0.02,33,0,0,0,1,1,0,3,1,0,1.4795192292727675
8382,142.29,4,19,9.0,0.02,4,0,0,0,1,1,0,4,1,1,2.5545500395298073
8383,142.3,6,28,19.1,0.02,6,0,0,0,1,1,0,3,1,1,2.7762704913877676
8384,142.3,11,39,44.7,0.02,11,0,0,0,1,1,0,1,1,4,2.433762739726537
8385,142.31,2,7,-0.7,0.02,2,0,0,0,1,1,0,5,1,0,3.9879166451755608
8386,142.31,3,16,4.3,0.02,3,0,0,0,1,1,0,4,1,1,3.2730710924319033
8387,142.32,17,62,71.6,0.02,17,0,0,0,1,1,0,2,1,2,1.8336016902253052
8388,142.32,5,10,15.9,0.02,5,0,0,0,1,1,0,3,1,1,3.9801697461755388
8389,142.33,3,19,4.0,0.02,3,0,0,0,1,1,0,4,1,1,2.4977029623622764
8390,142.35,36,119,153.4,0.02,36,0,0,0,1,1,0,9,1,7,1.7006755628617876
8391,142.36,5,63,11.5,0.02,5,0,0,0,1,1,0,2,1,2,1.7374950624582617
8392,142.37,30,75,133.5,0.02,30,0,0,0,1,1,0,4,1,0,1.926570481213944
8393,142.37,0,31,-11.2,0.02,0,0,0,0,1,1,0,3,1,1,1.9949974681088765
8394,142.38,6,37,17.3,0.02,6,0,0,0,1,1,0,4,1,0,1.9320085226221546
8395,142.39,28,70,126.7,0.02,28,0,0,0,1,1,0,1,2,3,1.8903692000122923
8396,142.42,49,143,239.5,0.02,51,0,0,0,0,0,1,1,0,1,1.8403873991800102
8397,142.44,49,148,238.1,0.02,51,0,0,0,0,0,1,2,1,0,1.7001056334904752
8398,142.45,19,43,81.6,0.02,19,0,0,0,1,1,0,4,1,1,2.0647451199713287
8399,142.45,2,12,-0.3,0.02,2,0,0,0,1,1,0,4,1,1,2.826857423342693
8400,142.46,29,73,127.7,0.02,29,0,0,0,1,1,0,5,1,0,1.8562048553206083
8401,142.48,49,143,240.2,0.02,51,0,0,0,0,0,1,0,0,4,1.695271389401367
8402,142.49,16,65,64.4,0.02,16,0,0,0,1,1,0,4,1,1,1.6655616913186364
8403,142.51,49,127,242.2,0.02,51,0,0,0,0,0,1,0,0,0,1.830980871670312
8404,142.53,37,118,165.1,0.02,37,0,0,0,1,1,0,3,1,1,1.5851228172813028
8405,142.55,39,119,170.1,0.02,39,0,0,0,1,1,0,8,2,0,1.780636932094875
8406,142.58,49,165,210.3,0.02,49,0,0,0,1,1,0,12,1,12,1.4214562126311787
8407,142.6,44,143,195.6,0.02,44,0,0,0,1,1,0,5,3,1,1.536466416621357
8408,142.62,37,139,161.6,0.02,37,0,0,0,1,1,0,4,2,5,1.3755890172630623
8409,142.64,34,82,153.6,0.02,34,0,0,0,1,1,0,3,1,2,1.5793357337388152
8410,142.64,10,24,42.6,0.02,10,0,0,0,1,1,0,0,1,0,2.155329891241417
8411,142.65,34,76,153.4,0.02,34,0,0,0,1,1,0,4,1,0,1.8329691894496551
8412,142.66,17,59,71.8,0.02,17,0,0,0,1,1,0,2,1,3,1.929720989499456
8413,142.68,39,84,178.5,0.02,39,0,0,0,1,1,0,3,1,1,2.1716471141745437
8414,142.69,33,82,150.7,0.02,33,0,0,0,1,1,0,1,1,1,1.4232053228591603
8415,142.73,47,227,189.9,0.02,47,0,0,0,1,1,0,16,2,14,1.5722386752777813
8416,142.75,38,162,168.5,0.02,38,0,0,0,1,1,0,0,1,3,1.6341136816235111
8417,142.77,49,122,241.7,0.02,51,0,0,0,0,0,1,1,0,0,1.835203146715607
8418,142.79,49,143,233.3,0.02,51,0,0,0,0,0,1,7,0,3,1.8444680491317402
8419,142.8,23,49,104.1,0.02,23,0,0,0,1,1,0,1,1,0,2.0651563647156674
8420,142.82,49,146,239.3,0.02,51,0,0,0,0,0,1,1,0,0,1.7092808269255717
8421,142.84,49,133,241.6,0.02,51,0,0,0,0,0,1,0,2,0,1.8131433967020263
8422,142.87,49,134,241.5,0.02,51,0,0,0,0,0,1,0,0,0,1.9208529151714027
8423,142.88,49,116,242.3,0.02,51,0,0,0,0,0,1,1,0,0,1.582479826569397
8424,142.9,42,103,191.6,0.02,42,0,0,0,1,1,0,3,1,1,1.564031349014882
8425,142.92,50,137,234.7,0.02,50,0,0,0,0,0,1,1,1,5,1.6283408792989393
8426,142.95,49,144,240.5,0.02,51,0,0,0,0,0,1,0,1,0,1.4775047934179728
8427,142.97,49,137,241.0,0.02,51,0,0,0,0,0,1,0,0,2,1.7262454758328791
8428,142.99,49,120,240.8,0.02,51,0,0,0,0,0,1,2,0,1,1.8996299664395035
8429,143.01,49,140,240.9,0.02,51,0,0,0,0,0,1,0,1,0,1.7690550750381684
8430,143.03,49,134,240.5,0.02,51,0,0,0,0,0,1,1,0,0,1.541091291860067
8431,143.05,49,119,243.0,0.02,51,0,0,0,0,0,1,0,0,0,1.611693120768482
8432,143.05,16,38,67.2,0.02,16,0,0,0,1,1,0,4,1,0,2.277289407521348
8433,143.06,13,35,52.5,0.02,13,0,0,0,1,1,0,4,2,0,2.4505928211370667
8434,143.07,10,35,39.2,0.02,10,0,0,0,1,1,0,2,2,3,1.7441823534989196
8435,143.09,49,142,239.6,0.02,51,0,0,0,0,0,1,1,1,1,1.8136609134415882
8436,143.11,49,139,239.8,0.02,51,0,0,0,0,0,1,1,0,2,1.75075628362409
8437,143.13,49,107,243.2,0.02,51,0,0,0,0,0,1,1,0,0,2.0333168120883096
8438,143.15,49,146,240.3,0.02,51,0,0,0,0,0,1,0,1,0,1.5552357108951176
8439,143.17,49,147,240.2,0.02,51,0,0,0,0,0,1,0,0,0,1.774921258207944
8440,143.19,49,128,241.1,0.02,51,0,0,0,0,0,1,1,0,0,1.8199288203288548
8441,143.2,6,17,22.3,0.02,6,0,0,0,1,1,0,1,1,0,2.3845803210686114
8442,143.22,49,141,238.8,0.02,51,0,0,0,0,0,1,2,1,0,1.6449174582148323
8443,143.25,49,158,237.8,0.02,51,0,0,0,0,0,1,1,1,3,1.5326607033251625
8444,143.27,49,133,240.6,0.02,51,0,0,0,0,0,1,1,0,0,1.8360863127010791
8445,143.28,49,111,243.8,0.02,51,0,0,0,0,0,1,0,0,0,1.7494846715488859
8446,143.29,28,65,125.5,0.02,28,0,0,0,1,1,0,3,1,0,1.7451286220543465
8447,143.31,49,123,242.6,0.02,51,0,0,0,0,0,1,0,0,0,1.7611158604762844
8448,143.34,49,135,237.4,0.02,51,0,0,0,0,0,1,4,2,0,1.6659099071978298
8449,143.36,49,144,239.4,0.02,51,0,0,0,0,0,1,1,1,1,1.6177676788507696
8450,143.38,49,150,237.8,0.02,51,0,0,0,0,0,1,2,0,1,1.7885636087093764
8451,143.4,49,134,240.5,0.02,51,0,0,0,0,0,1,1,0,0,1.5206206383074425
8452,143.42,49,123,242.6,0.02,51,0,0,0,0,0,1,0,0,0,1.6597865048502407
8453,143.44,49,134,240.5,0.02,51,0,0,0,0,0,1,1,0,0,1.62947112081001
8454,143.46,49,134,241.5,0.02,51,0,0,0,0,0,1,0,0,0,1.5354077732053872
8455,143.49,49,138,240.0,0.02,51,0,0,0,0,0,1,1,0,1,1.4171653160632998
8456,143.51,49,139,241.0,0.02,51,0,0,0,0,0,1,0,0,0,1.6547350758832238
8457,143.53,49,131,240.7,0.02,51,0,0,0,0,0,1,1,0,1,1.7861302834203658
8458,143.55,49,140,240.9,0.02,51,0,0,0,0,0,1,0,0,0,1.659636955912802
8459,143.57,49,117,243.2,0.02,51,0,0,0,0,0,1,0,1,0,1.850859076919951
8460,143.58,31,83,146.7,0.02,32,0,0,0,1,1,0,0,2,0,1.5824113535885356
8461,143.6,49,117,243.1,0.02,51,0,0,0,0,0,1,0,0,1,1.9127085062016602
8462,143.62,49,153,239.6,0.02,51,0,0,0,0,0,1,0,0,0,1.5118117307932606
8463,143.64,49,128,241.1,0.02,51,0,0,0,0,0,1,1,0,0,1.8675761466791307
8464,143.66,49,138,241.0,0.02,51,0,0,0,0,0,1,0,0,1,1.5967124996600395
8465,143.68,49,122,241.7,0.02,51,0,0,0,0,0,1,1,0,0,1.6996672027835826
8466,143.7,49,128,240.9,0.02,51,0,0,0,0,0,1,1,0,2,1.6138568677158258
8467,143.72,49,129,241.9,0.02,51,0,0,0,0,0,1,0,0,1,1.5896777624149592
8468,143.74,49,122,241.7,0.02,51,0,0,0,0,0,1,1,2,0,1.699285386376398
8469,143.76,49,133,240.5,0.02,51,0,0,0,0,0,1,1,0,1,1.6736217528100612
8470,143.79,49,130,241.9,0.02,51,0,0,0,0,0,1,0,0,0,1.6637942600403592
8471,143.81,49,145,238.4,0.02,51,0,0,0,0,0,1,2,0,0,1.5916090579235918
8472,143.83,49,137,240.1,0.02,51,0,0,0,0,0,1,1,0,1,1.584564078416502
8473,143.85,37,102,166.7,0.02,37,0,0,0,1,1,0,3,2,1,1.7410582753100212
8474,143.87,49,148,239.0,0.02,51,0,0,0,0,0,1,1,1,1,1.5830538246671229
8475,143.89,49,130,240.9,0.02,51,0,0,0,0,0,1,1,0,0,1.4484227539540961
8476,143.91,49,150,238.9,0.02,51,0,0,0,0,0,1,1,0,0,1.5677761780197728
8477,143.93,49,123,241.5,0.02,51,0,0,0,0,0,1,1,0,1,1.6300103799030832
8478,143.95,49,127,241.2,0.02,51,0,0,0,0,0,1,1,0,0,1.5569457707504029
8479,143.97,49,129,241.9,0.02,51,0,0,0,0,0,1,0,1,1,1.6920270302390368
8480,143.99,49,140,240.9,0.02,51,0,0,0,0,0,1,0,1,0,1.5534074227895538
8481,144.01,49,134,241.5,0.02,51,0,0,0,0,0,1,0,1,0,1.595135206980332
8482,144.04,49,138,241.1,0.02,51,0,0,0,0,0,1,0,1,0,1.8244314798488936
8483,144.06,49,153,236.6,0.02,51,0,0,0,0,0,1,3,1,0,1.52564196229214
8484,144.07,25,68,110.2,0.02,25,0,0,0,1,1,0,3,2,0,1.684623472309193
8485,144.09,49,133,222.7,0.02,49,0,0,0,1,1,0,4,2,0,1.5119035187220524
8486,144.11,49,138,241.1,0.02,51,0,0,0,0,0,1,0,1,0,1.4469583611119756
8487,144.14,49,138,241.1,0.02,51,0,0,0,0,0,1,0,0,0,1.6944135255186041
8488,144.15,49,123,242.6,0.02,51,0,0,0,0,0,1,0,0,0,1.682996787895607
8489,144.17,49,117,242.1,0.02,51,0,0,0,0,0,1,1,0,1,1.6579707579009153
8490,144.19,49,134,240.5,0.02,51,0,0,0,0,0,1,1,0,0,1.8255989092406597
8491,144.21,43,87,198.3,0.02,43,0,0,0,1,1,0,3,1,0,1.8919346937885482
8492,144.23,49,137,240.2,0.02,51,0,0,0,0,0,1,1,1,0,1.6217199208920159
8493,144.25,49,127,242.2,0.02,51,0,0,0,0,0,1,0,0,0,1.7606060238458352
8494,144.27,49,142,240.7,0.02,51,0,0,0,0,0,1,0,1,0,1.5981664510030442
8495,144.29,49,120,242.9,0.02,51,0,0,0,0,0,1,0,0,0,1.5395442133369748
8496,144.31,49,145,238.3,0.02,51,0,0,0,0,0,1,2,1,1,1.587413743296085
8497,144.33,36,84,162.6,0.02,36,0,0,0,1,1,0,4,1,0,1.6549811885907086
8498,144.33,11,32,43.7,0.02,11,0,0,0,1,1,0,3,1,1,2.465433269095352
8499,144.35,49,143,240.2,0.02,51,0,0,0,0,0,1,0,0,4,1.7011570591451493
8500,144.36,8,30,30.8,0.02,8,0,0,0,1,1,0,1,1,2,2.0248811430258318
8501,144.38,50,123,231.6,0.02,50,0,0,0,1,1,0,1,1,1,1.8127244409117027
8502,144.4,49,137,241.2,0.02,51,0,0,0,0,0,1,0,0,0,1.641990430607825
8503,144.42,49,140,240.8,0.02,51,0,0,0,0,0,1,0,0,1,1.611516962408399
8504,144.44,49,140,238.9,0.02,51,0,0,0,0,0,1,2,0,0,1.7276290958650025
8505,144.47,49,140,239.9,0.02,51,0,0,0,0,0,1,1,0,0,1.5684446188437733
8506,144.49,48,122,222.7,0.02,48,0,0,0,1,1,0,0,1,1,1.6349728738997324
8507,144.5,49,102,243.7,0.02,51,0,0,0,0,0,1,1,1,0,2.0204556601968
8508,144.52,49,142,240.7,0.02,51,0,0,0,0,0,1,0,1,0,1.6625895356866496
8509,144.55,49,164,238.4,0.02,51,0,0,0,0,0,1,0,0,1,1.556202850914414
8510,144.57,49,136,240.3,0.02,51,0,0,0,0,0,1,1,0,0,1.5191911467143675
8511,144.6,49,133,239.5,0.02,51,0,0,0,0,0,1,2,0,1,1.6946442016771623
8512,144.62,49,128,241.1,0.02,51,0,0,0,0,0,1,1,0,0,1.5534274928326028
8513,144.64,49,122,241.7,0.02,51,0,0,0,0,0,1,1,0,0,1.6278613628198824
8514,144.64,14,31,59.7,0.02,14,0,0,0,1,1,0,2,1,2,2.00863423055421
8515,144.66,49,129,241.0,0.02,51,0,0,0,0,0,1,1,0,0,1.7733317869478473
8516,144.69,49,127,241.1,0.02,51,0,0,0,0,0,1,1,0,1,1.5891616507591704
8517,144.71,49,138,239.0,0.02,51,0,0,0,0,0,1,2,1,1,1.6440842503992326
8518,144.73,49,126,242.1,0.02,51,0,0,0,0,0,1,0,2,2,1.6181979785521476
8519,144.73,2,8,3.1,0.02,2,0,0,0,1,1,0,1,1,1,4.8640873999310985
8520,144.74,39,95,177.5,0.02,39,0,0,0,1,1,0,3,1,0,1.5167229436275655
8521,144.77,49,147,240.2,0.02,51,0,0,0,0,0,1,0,0,0,1.5390998070133997
8522,144.79,49,122,242.7,0.02,51,0,0,0,0,0,1,0,0,0,1.6305360815245133
8523,144.81,49,137,241.2,0.02,51,0,0,0,0,0,1,0,0,0,1.678727790616371
8524,144.83,49,122,240.7,0.02,51,0,0,0,0,0,1,2,0,0,1.8171333195932882
8525,144.84,25,57,114.3,0.02,25,0,0,0,1,1,0,0,1,0,2.0371049142619917
8526,144.86,49,124,242.5,0.02,51,0,0,0,0,0,1,0,2,0,1.668055202543642
8527,144.88,49,148,240.0,0.02,51,0,0,0,0,0,1,0,2,1,1.6295581463301032
8528,144.9,49,132,240.7,0.02,51,0,0,0,0,0,1,1,0,0,1.5572272043971538
8529,144.92,49,124,240.4,0.02,51,0,0,0,0,0,1,2,0,1,1.6291119589424792
8530,144.94,49,142,240.6,0.02,51,0,0,0,0,0,1,0,0,1,1.534211150656182
8531,144.96,49,131,241.8,0.02,51,0,0,0,0,0,1,0,0,0,1.5672925338307793
8532,144.99,49,136,241.3,0.02,51,0,0,0,0,0,1,0,0,0,1.4637153701932222
8533,145.01,49,188,231.1,0.02,51,0,0,0,0,0,1,5,0,0,1.759118369098807
8534,145.04,49,151,238.7,0.02,51,0,0,0,0,0,1,1,0,1,1.7690840840136364
8535,145.04,7,18,28.2,0.02,7,0,0,0,1,1,0,0,2,0,1.9894668942583837
8536,145.06,49,127,242.1,0.02,51,0,0,0,0,0,1,0,1,1,1.6984160204277976
8537,145.09,49,148,238.1,0.02,51,0,0,0,0,0,1,2,0,0,1.8584071530025705
8538,145.11,49,143,240.6,0.02,51,0,0,0,0,0,1,0,0,0,1.583066497347576
8539,145.13,49,135,240.3,0.02,51,0,0,0,0,0,1,1,0,1,1.5700360944805107
8540,145.14,24,43,110.6,0.02,24,0,0,0,1,1,0,0,1,1,1.9128949320354633
8541,145.15,49,115,242.3,0.02,51,0,0,0,0,0,1,1,0,1,1.55319672330152
8542,145.18,49,134,238.3,0.02,51,0,0,0,0,0,1,3,0,2,1.760244080292872
8543,145.2,49,144,239.5,0.02,51,0,0,0,0,0,1,1,0,0,1.7960555134335594
8544,145.22,49,126,242.3,0.02,51,0,0,0,0,0,1,0,2,0,1.73656124740773
8545,145.24,49,126,242.3,0.02,51,0,0,0,0,0,1,0,1,0,1.873639078098333
8546,145.26,49,129,242.0,0.02,51,0,0,0,0,0,1,0,0,0,1.617391133710655
8547,145.27,14,32,60.8,0.02,14,0,0,0,1,1,0,1,1,0,1.8859764810281767
8548,145.28,49,115,243.4,0.02,51,0,0,0,0,0,1,0,0,0,1.5291168578557888
8549,145.3,49,135,240.4,0.02,51,0,0,0,0,0,1,1,0,0,1.5470097714865714
8550,145.33,49,138,241.0,0.02,51,0,0,0,0,0,1,0,1,1,1.567355142420368
8551,145.35,49,133,241.5,0.02,51,0,0,0,0,0,1,0,1,1,1.510036618964625
8552,145.37,49,127,242.2,0.02,51,0,0,0,0,0,1,0,0,0,1.3435056558394405
8553,145.39,49,128,239.9,0.02,51,0,0,0,0,0,1,2,0,2,1.5126126259760178
8554,145.39,5,9,19.0,0.02,5,0,0,0,1,1,0,0,1,1,3.7219545343948783
8555,145.41,49,145,239.3,0.02,51,0,0,0,0,0,1,1,0,1,1.638706340749338
8556,145.43,49,128,242.0,0.02,51,0,0,0,0,0,1,0,0,1,1.7877001260776906
8557,145.45,49,127,242.2,0.02,51,0,0,0,0,0,1,0,0,0,1.4880987165021238
8558,145.46,2,14,0.5,0.02,2,0,0,0,1,1,0,3,1,1,2.6385293823058267
8559,145.46,7,30,22.8,0.02,7,0,0,0,1,1,0,4,3,2,2.229342653140856
8560,145.47,12,40,47.8,0.02,12,0,0,0,1,1,0,3,2,2,2.287040672179915
8561,145.48,19,51,82.8,0.02,19,0,0,0,1,1,0,2,1,1,1.9175090109854134
8562,145.5,49,115,243.3,0.02,51,0,0,0,0,0,1,0,1,1,1.5557882153349865
8563,145.52,49,144,239.3,0.02,51,0,0,0,0,0,1,1,0,2,1.698421331216193
8564,145.54,49,125,240.4,0.02,51,0,0,0,0,0,1,2,0,0,1.7707925629168009
8565,145.56,49,156,238.2,0.02,51,0,0,0,0,0,1,1,1,1,1.421927279244326
8566,145.57,23,61,100.9,0.02,23,0,0,0,1,1,0,3,1,0,1.686827249653987
8567,145.58,16,35,66.5,0.02,16,0,0,0,1,1,0,5,1,0,1.7416509685048762
8568,145.59,36,95,163.3,0.02,36,0,0,0,1,1,0,2,2,2,1.5094566593018577
8569,145.61,49,117,241.2,0.02,51,0,0,0,0,0,1,2,0,0,1.6610267990462357
8570,145.63,49,130,241.8,0.02,51,0,0,0,0,0,1,0,0,1,1.5769359204809437
8571,145.63,1,8,-2.9,0.02,1,0,0,0,1,1,0,2,1,1,3.7949131360270285
8572,145.66,49,156,238.3,0.02,51,0,0,0,0,0,1,1,1,0,1.5513534066350227
8573,145.68,49,136,241.3,0.02,51,0,0,0,0,0,1,0,0,0,1.5713678372566584
8574,145.7,49,127,242.2,0.02,51,0,0,0,0,0,1,0,0,0,1.7833594391924708
8575,145.72,48,139,217.0,0.02,48,0,0,0,1,1,0,4,1,1,1.5132380632600098
8576,145.74,42,93,193.7,0.02,42,0,0,0,1,1,0,2,1,0,1.566933683164855
8577,145.75,22,63,94.7,0.02,22,0,0,0,1,1,0,4,1,0,2.162020626462228
8578,145.75,4,15,10.4,0.02,4,0,0,0,1,1,0,3,1,1,2.5188080985840378
8579,145.77,49,139,241.0,0.02,51,0,0,0,0,0,1,0,0,0,1.700913324215676
8580,145.79,49,124,242.4,0.02,51,0,0,0,0,0,1,0,1,1,1.6225698782459952
8581,145.82,49,150,238.9,0.02,51,0,0,0,0,0,1,1,0,0,1.685922366428723
8582,145.84,49,133,239.5,0.02,51,0,0,0,0,0,1,2,1,1,1.9572728090709743
8583,145.85,23,51,103.9,0.02,23,0,0,0,1,1,0,1,1,0,2.1242054968420585
8584,145.86,49,120,242.9,0.02,51,0,0,0,0,0,1,0,0,0,1.652517905040058
8585,145.88,49,133,241.5,0.02,51,0,0,0,0,0,1,0,1,1,1.9160608972338362
8586,145.91,49,134,241.5,0.02,51,0,0,0,0,0,1,0,0,0,1.838260679093981
8587,145.93,49,131,239.8,0.02,51,0,0,0,0,0,1,2,1,0,1.7074530834430945
8588,145.95,49,127,242.2,0.02,51,0,0,0,0,0,1,0,2,0,1.5236658325690868
8589,145.96,49,113,242.5,0.02,51,0,0,0,0,0,1,1,0,1,1.7253495791392355
8590,145.99,49,131,241.8,0.02,51,0,0,0,0,0,1,0,0,0,1.7194119621376807
8591,146.0,49,114,243.5,0.02,51,0,0,0,0,0,1,0,0,0,1.7235295856287933
8592,146.02,49,134,239.5,0.02,51,0,0,0,0,0,1,2,0,0,1.65650739860574
8593,146.04,49,129,242.0,0.02,51,0,0,0,0,0,1,0,0,0,1.598097242165635
8594,146.05,8,19,33.1,0.02,8,0,0,0,1,1,0,0,1,0,3.0810845955190995
8595,146.07,49,130,241.9,0.02,51,0,0,0,0,0,1,0,1,0,1.6772879517258321
8596,146.09,49,120,241.8,0.02,51,0,0,0,0,0,1,1,1,1,1.7240430841134635
8597,146.09,3,9,6.1,0.02,3,0,0,0,1,1,0,3,1,0,3.790484142141008
8598,146.11,49,118,243.1,0.02,51,0,0,0,0,0,1,0,0,0,1.7341305484046345
8599,146.13,49,145,240.3,0.02,51,0,0,0,0,0,1,0,1,1,1.5225612525012915
8600,146.15,49,147,238.2,0.02,51,0,0,0,0,0,1,2,0,0,1.613511370026044
8601,146.17,49,135,238.3,0.02,51,0,0,0,0,0,1,3,0,1,1.440742014358193
8602,146.2,49,136,240.2,0.02,51,0,0,0,0,0,1,1,1,1,1.60691543708032
8603,146.2,3,14,5.4,0.02,3,0,0,0,1,1,0,3,1,2,3.120653992184797
8604,146.22,49,140,238.8,0.02,51,0,0,0,0,0,1,2,0,1,1.4078740549254813
8605,146.24,49,135,241.3,0.02,51,0,0,0,0,0,1,0,0,1,1.6820989078955844
8606,146.26,49,126,241.3,0.02,51,0,0,0,0,0,1,1,0,0,1.431007640721669
8607,146.28,49,124,242.5,0.02,51,0,0,0,0,0,1,0,1,0,1.7750725555896743
8608,146.3,49,147,240.2,0.02,51,0,0,0,0,0,1,0,0,0,1.5265994858370833
8609,146.33,49,163,237.1,0.02,51,0,0,0,0,0,1,1,0,5,1.6727384237617557
8610,146.35,49,119,242.0,0.02,51,0,0,0,0,0,1,1,0,0,1.6841061170314475
8611,146.37,49,142,240.6,0.02,51,0,0,0,0,0,1,0,0,1,1.5415132382269006
8612,146.39,49,118,243.1,0.02,51,0,0,0,0,0,1,0,1,0,1.4843640880451574
8613,146.41,49,127,241.2,0.02,51,0,0,0,0,0,1,1,2,0,1.6052855278963256
8614,146.43,49,120,240.9,0.02,51,0,0,0,0,0,1,2,1,0,1.6856263581802584
8615,146.45,49,125,241.3,0.02,51,0,0,0,0,0,1,1,0,1,1.6205030730958778
8616,146.47,49,125,242.2,0.02,51,0,0,0,0,0,1,0,0,2,1.8378310500988158
8617,146.49,49,129,239.0,0.02,51,0,0,0,0,0,1,3,1,0,1.6324987844291239
8618,146.51,50,141,235.2,0.02,50,0,0,0,0,0,1,0,1,6,1.532986770085603
8619,146.53,49,126,241.3,0.02,51,0,0,0,0,0,1,1,0,0,1.5410726775031265
8620,146.55,49,144,240.5,0.02,51,0,0,0,0,0,1,0,1,0,1.6089376909255686
8621,146.58,49,140,240.9,0.02,51,0,0,0,0,0,1,0,0,0,1.619450822131631
8622,146.58,15,40,65.9,0.02,15,0,0,0,1,1,0,0,1,1,2.090155354009449
8623,146.61,49,155,239.4,0.02,51,0,0,0,0,0,1,0,0,0,1.4446537917758038
8624,146.63,49,133,241.6,0.02,51,0,0,0,0,0,1,0,0,0,1.6576374836525603
8625,146.65,49,138,241.1,0.02,51,0,0,0,0,0,1,0,0,0,1.5317319581822237
8626,146.67,49,143,239.5,0.02,51,0,0,0,0,0,1,1,0,1,1.5490443857617184
8627,146.69,49,128,240.9,0.02,51,0,0,0,0,0,1,1,0,2,1.800097247015744
8628,146.72,49,166,236.2,0.02,51,0,0,0,0,0,1,2,0,1,1.4988322459625278
8629,146.74,49,127,242.2,0.02,51,0,0,0,0,0,1,0,0,0,1.6147901213970495
8630,146.76,49,144,240.4,0.02,51,0,0,0,0,0,1,0,0,1,1.6086153664761953
8631,146.78,49,122,240.6,0.02,51,0,0,0,0,0,1,2,0,1,1.9069440910938102
8632,146.8,49,134,240.5,0.02,51,0,0,0,0,0,1,1,0,0,1.7255438884081127
8633,146.82,49,132,241.6,0.02,51,0,0,0,0,0,1,0,0,1,1.4619726502679484
8634,146.84,49,141,240.7,0.02,51,0,0,0,0,0,1,0,0,1,1.584621643158167
8635,146.86,49,129,240.9,0.02,51,0,0,0,0,0,1,1,0,1,1.5447786315112377
8636,146.88,49,126,242.2,0.02,51,0,0,0,0,0,1,0,0,1,1.6123883426963757
8637,146.9,49,134,241.4,0.02,51,0,0,0,0,0,1,0,1,1,1.5455530799290529
8638,146.92,43,93,197.7,0.02,43,0,0,0,1,1,0,3,1,0,1.5673641103956635
8639,146.94,49,144,239.4,0.02,51,0,0,0,0,0,1,1,0,1,1.6787987697884528
8640,146.96,49,121,242.7,0.02,51,0,0,0,0,0,1,0,0,1,1.8311589228350984
8641,146.98,49,109,243.0,0.02,51,0,0,0,0,0,1,1,0,0,1.892024919798223
8642,147.0,49,140,240.8,0.02,51,0,0,0,0,0,1,0,1,1,1.5582144384784096
8643,147.0,14,35,62.1,0.02,15,0,0,0,1,1,0,4,1,4,1.9759228666266608
8644,147.01,6,31,16.8,0.02,6,0,0,0,1,1,0,5,1,1,2.2840395882000086
8645,147.02,11,36,43.2,0.02,11,0,0,0,1,1,0,3,1,2,2.126149948967016
8646,147.02,8,21,30.7,0.02,8,0,0,0,1,1,0,2,1,2,2.0567315064660985
8647,147.03,28,61,125.9,0.02,28,0,0,0,1,1,0,3,1,0,2.1030048456533854
8648,147.03,1,8,-3.9,0.02,1,0,0,0,1,1,0,3,1,1,3.820354909627515
8649,147.05,37,98,167.0,0.02,37,0,0,0,1,1,0,3,1,2,1.749959043721525
8650,147.07,49,155,233.1,0.02,51,0,0,0,0,0,1,6,1,3,2.0599515031874125
8651,147.09,49,134,240.5,0.02,51,0,0,0,0,0,1,1,0,0,1.6791365775919378
8652,147.11,49,121,242.8,0.02,51,0,0,0,0,0,1,0,0,0,1.7741113427998396
8653,147.14,49,147,240.2,0.02,51,0,0,0,0,0,1,0,0,0,1.6510033408854394
8654,147.15,49,118,243.1,0.02,51,0,0,0,0,0,1,0,1,0,1.6263742743879746
8655,147.17,49,131,241.8,0.02,51,0,0,0,0,0,1,0,0,0,1.8752719969407756
8656,147.19,49,125,242.3,0.02,51,0,0,0,0,0,1,0,1,1,1.9394618827294399
8657,147.21,49,131,240.8,0.02,51,0,0,0,0,0,1,1,1,0,1.755641360032559
8658,147.23,49,126,242.3,0.02,51,0,0,0,0,0,1,0,1,0,1.7441862789558404
8659,147.26,49,148,240.1,0.02,51,0,0,0,0,0,1,0,0,0,1.5475080310219576
8660,147.28,49,131,240.7,0.02,51,0,0,0,0,0,1,1,0,1,1.8112114104869004
8661,147.3,49,136,239.3,0.02,51,0,0,0,0,0,1,2,0,0,1.86864357392036
8662,147.32,49,141,240.7,0.02,51,0,0,0,0,0,1,0,0,1,1.6448716197444913
8663,147.34,49,135,240.3,0.02,51,0,0,0,0,0,1,1,0,1,1.6748508239278588
8664,147.36,49,140,240.8,0.02,51,0,0,0,0,0,1,0,2,1,1.7385489980910331
8665,147.38,49,142,240.7,0.02,51,0,0,0,0,0,1,0,1,0,1.5996526164670364
8666,147.41,49,138,240.8,0.02,51,0,0,0,0,0,1,0,0,3,1.620379302113048
8667,147.43,49,138,240.1,0.02,51,0,0,0,0,0,1,1,0,0,1.5399025961447608
8668,147.45,49,142,239.7,0.02,51,0,0,0,0,0,1,1,0,0,1.4881144807615034
8669,147.47,49,140,239.8,0.02,51,0,0,0,0,0,1,1,1,1,1.7354001565156294
8670,147.49,49,133,241.6,0.02,51,0,0,0,0,0,1,0,0,0,1.6976097494395257
8671,147.51,49,126,242.2,0.02,51,0,0,0,0,0,1,0,0,1,1.9059273453451262
8672,147.53,49,146,240.3,0.02,51,0,0,0,0,0,1,0,0,0,1.4796195135947672
8673,147.55,49,134,239.5,0.02,51,0,0,0,0,0,1,2,0,0,1.5243595575461628
8674,147.56,15,33,63.5,0.02,15,0,0,0,1,1,0,3,1,2,2.080049696839502
8675,147.58,49,146,238.2,0.02,51,0,0,0,0,0,1,2,2,1,1.4972024987389354
8676,147.6,49,128,242.0,0.02,51,0,0,0,0,0,1,0,0,1,1.6829780987074738
8677,147.62,49,128,242.0,0.02,51,0,0,0,0,0,1,0,0,1,1.8994311237992818
8678,147.64,49,122,242.7,0.02,51,0,0,0,0,0,1,0,1,0,1.3528226494094482
8679,147.66,49,118,243.1,0.02,51,0,0,0,0,0,1,0,0,0,1.5880680287867317
8680,147.68,49,130,241.9,0.02,51,0,0,0,0,0,1,0,1,0,1.612043827545301
8681,147.7,49,139,239.9,0.02,51,0,0,0,0,0,1,1,0,1,1.4883363124760256
8682,147.73,49,138,236.9,0.02,51,0,0,0,0,0,1,4,1,2,1.7467316017470786
8683,147.75,50,154,233.3,0.02,50,0,0,0,0,0,1,1,1,2,1.4013866760432496
8684,147.77,49,134,239.5,0.02,51,0,0,0,0,0,1,2,1,0,1.5829102124395535
8685,147.79,49,140,240.8,0.02,51,0,0,0,0,0,1,0,1,1,1.4499468136590055
8686,147.81,49,134,225.6,0.02,49,0,0,0,1,1,0,1,1,0,1.2783723720993858
8687,147.83,41,85,189.5,0.02,41,0,0,0,1,1,0,2,1,0,1.609264568587319
8688,147.85,49,126,241.3,0.02,51,0,0,0,0,0,1,1,0,0,1.6828736296075553
8689,147.87,49,133,239.4,0.02,51,0,0,0,0,0,1,2,1,2,1.7234686581977225
8690,147.89,49,139,239.9,0.02,51,0,0,0,0,0,1,1,0,1,1.4120987241019423
8691,147.91,49,141,238.7,0.02,51,0,0,0,0,0,1,2,0,1,1.4507509657538997
8692,147.93,49,136,240.1,0.02,51,0,0,0,0,0,1,1,0,2,1.5057466866753633
8693,147.96,49,138,240.1,0.02,51,0,0,0,0,0,1,1,0,0,1.3351092208181403
8694,147.98,49,133,241.6,0.02,51,0,0,0,0,0,1,0,0,0,1.742158361380741
8695,148.0,49,116,242.3,0.02,51,0,0,0,0,0,1,1,0,0,1.6346942795149253
8696,148.02,49,125,242.4,0.02,51,0,0,0,0,0,1,0,0,0,1.7909032600552153
8697,148.04,49,140,240.9,0.02,51,0,0,0,0,0,1,0,0,0,1.539936258471273
8698,148.04,21,39,91.1,0.02,21,0,0,0,1,1,0,5,1,0,2.0245841856124254
8699,148.06,49,121,242.8,0.02,51,0,0,0,0,0,1,0,0,0,1.4936908135093208
8700,148.07,25,51,110.9,0.02,25,0,0,0,1,1,0,4,1,0,2.047247190660158
8701,148.09,49,115,243.4,0.02,51,0,0,0,0,0,1,0,0,0,1.551848346761681
8702,148.11,49,119,241.9,0.02,51,0,0,0,0,0,1,1,0,1,1.8354086718333684
8703,148.13,49,122,241.6,0.02,51,0,0,0,0,0,1,1,0,1,1.696143883632843
8704,148.15,49,143,240.6,0.02,51,0,0,0,0,0,1,0,0,0,1.5444925232433735
8705,148.17,49,137,239.2,0.02,51,0,0,0,0,0,1,2,0,0,1.494237328757055
8706,148.19,49,119,243.0,0.02,51,0,0,0,0,0,1,0,0,0,1.689123989592694
8707,148.21,49,127,240.0,0.02,51,0,0,0,0,0,1,2,0,2,1.740105928637286
8708,148.23,49,129,242.0,0.02,51,0,0,0,0,0,1,0,0,0,1.5791896640902041
8709,148.25,50,134,235.8,0.02,50,0,0,0,0,0,1,0,1,7,1.476689693965107
8710,148.27,49,130,241.9,0.02,51,0,0,0,0,0,1,0,1,0,1.6479906211249804
8711,148.28,6,15,23.5,0.02,6,0,0,0,1,1,0,0,1,0,2.4173768787674694
8712,148.3,49,122,240.7,0.02,51,0,0,0,0,0,1,2,0,0,1.8263996296078386
8713,148.32,50,150,233.5,0.02,50,0,0,0,0,0,1,1,1,4,1.579060144503109
8714,148.34,49,133,240.5,0.02,51,0,0,0,0,0,1,1,1,1,1.7275624592183434
8715,148.36,49,133,239.6,0.02,51,0,0,0,0,0,1,2,0,0,1.5758073029156114
8716,148.38,44,107,201.3,0.02,44,0,0,0,1,1,0,3,1,0,1.6009615668996546
8717,148.4,49,129,241.0,0.02,51,0,0,0,0,0,1,1,0,0,1.7652219320724516
8718,148.42,49,130,239.8,0.02,51,0,0,0,0,0,1,2,0,1,1.6519089108276428
8719,148.44,49,152,239.6,0.02,51,0,0,0,0,0,1,0,2,1,1.4482689546327854
8720,148.47,49,154,237.4,0.02,51,0,0,0,0,0,1,2,2,1,1.6477854746014124
8721,148.49,49,150,237.9,0.02,51,0,0,0,0,0,1,2,1,0,1.5306358384934955
8722,148.51,49,139,239.9,0.02,51,0,0,0,0,0,1,1,0,1,1.5925638254079146
8723,148.53,49,148,240.1,0.02,51,0,0,0,0,0,1,0,0,0,1.5004931301895748
8724,148.55,49,122,240.6,0.02,51,0,0,0,0,0,1,2,0,1,1.6972145918223178
8725,148.57,49,136,240.1,0.02,51,0,0,0,0,0,1,1,0,2,1.6404982188314077
8726,148.58,7,27,24.1,0.02,7,0,0,0,1,1,0,3,1,2,2.335223206196734
8727,148.59,18,51,76.8,0.02,18,0,0,0,1,1,0,3,2,1,2.3606359841354445
8728,148.59,17,46,75.1,0.02,17,0,0,0,1,1,0,0,1,3,2.038318959575179
8729,148.6,9,26,34.3,0.02,9,0,0,0,1,1,0,3,1,1,2.256452628548843
8730,148.61,15,49,61.9,0.02,15,0,0,0,1,1,0,3,1,2,2.077152802764804
8731,148.61,11,33,39.7,0.02,11,0,0,0,1,1,0,7,1,0,2.2200998528064644
8732,148.62,26,59,117.0,0.02,26,0,0,0,1,1,0,2,1,1,2.0024898545377585
8733,148.63,20,50,89.6,0.02,20,0,0,0,1,1,0,0,1,4,1.9969167467673286
8734,148.64,22,72,94.8,0.02,22,0,0,0,1,1,0,3,2,0,1.9492873728788922
8735,148.65,3,20,3.7,0.02,3,0,0,0,1,1,0,4,2,3,2.713463536783002
8736,148.66,24,73,95.2,0.02,24,0,0,0,1,1,0,12,1,5,2.1699063461109995
8737,148.66,5,15,15.5,0.02,5,0,0,0,1,1,0,3,1,0,2.8732942922239184
8738,148.67,12,25,49.4,0.02,12,0,0,0,1,1,0,3,1,1,2.7075541203001228
8739,148.68,15,72,58.7,0.02,15,0,0,0,1,1,0,4,1,1,1.7532271941603175
8740,148.69,7,78,18.1,0.02,7,0,0,0,1,1,0,4,2,1,1.8800408453167803
8741,148.71,27,124,115.3,0.02,27,0,0,0,1,1,0,2,1,3,1.9816171247190908
8742,148.71,3,12,3.8,0.02,3,0,0,0,1,1,0,5,1,0,3.383088975117863
8743,148.74,49,171,237.7,0.02,51,0,0,0,0,0,1,0,1,1,1.975621395107879
8744,148.74,7,27,24.3,0.02,7,0,0,0,1,1,0,3,1,0,2.3788899252566496
8745,148.76,49,137,239.1,0.02,51,0,0,0,0,0,1,2,0,1,1.742568436882789
8746,148.78,31,70,141.9,0.02,31,0,0,0,1,1,0,1,2,1,2.0866902078325045
8747,148.78,10,26,40.3,0.02,10,0,0,0,1,1,0,2,1,1,2.397256374987988
8748,148.8,49,134,240.4,0.02,51,0,0,0,0,0,1,1,1,1,1.9357384118476497
8749,148.8,6,16,22.4,0.02,6,0,0,0,1,1,0,1,1,0,2.9488012458364246
8750,148.82,33,69,152.0,0.02,33,0,0,0,1,1,0,1,1,1,2.1418405399136105
8751,148.83,22,73,95.5,0.02,22,0,0,0,1,1,0,2,1,2,1.9184509052196772
8752,148.84,16,47,74.2,0.02,17,0,0,0,1,1,0,1,1,1,2.181917232592834
8753,148.86,49,127,241.2,0.02,51,0,0,0,0,0,1,1,0,0,1.784765158393524
8754,148.87,45,114,205.5,0.02,45,0,0,0,1,1,0,3,1,1,1.8899461467700571
8755,148.88,11,26,42.3,0.02,11,0,0,0,1,1,0,5,1,1,2.1714799182056446
8756,148.9,45,132,203.8,0.02,45,0,0,0,1,1,0,3,1,0,1.6876351108722578
8757,148.9,6,23,19.5,0.02,6,0,0,0,1,1,0,3,2,2,2.6161431393227024
8758,148.93,49,162,219.8,0.02,49,0,0,0,1,1,0,4,2,0,1.5975820432979393
8759,148.95,49,175,234.2,0.02,51,0,0,0,0,0,1,3,1,2,1.7046224163985444
8760,148.96,5,15,15.4,0.02,5,0,0,0,1,1,0,3,1,1,2.756355990224726
8761,148.97,29,66,130.3,0.02,29,0,0,0,1,1,0,3,1,1,1.7804386410288882
8762,148.98,34,85,152.1,0.02,34,0,0,0,1,1,0,4,2,4,1.6865799658427383
8763,148.99,32,76,143.4,0.02,32,0,0,0,1,1,0,4,1,0,1.4662256592909682
8764,149.02,35,152,149.7,0.02,35,0,0,0,1,1,0,5,1,1,1.7255219117337888
8765,149.04,49,127,242.1,0.02,51,0,0,0,0,0,1,0,1,1,1.7042910426291051
8766,149.06,49,138,240.1,0.02,51,0,0,0,0,0,1,1,0,0,1.6667976431014935
8767,149.08,49,131,239.6,0.02,51,0,0,0,0,0,1,2,0,2,1.7585268769194302
8768,149.1,49,117,225.3,0.02,49,0,0,0,1,1,0,3,1,0,1.929707040917696
8769,149.12,49,133,241.6,0.02,51,0,0,0,0,0,1,0,1,0,2.02756520602778
8770,149.14,49,167,237.1,0.02,51,0,0,0,0,0,1,1,0,1,1.6072882215424908
8771,149.17,49,145,240.3,0.02,51,0,0,0,0,0,1,0,0,1,1.7349684025090126
8772,149.19,49,141,239.7,0.02,51,0,0,0,0,0,1,1,0,1,1.8653201293646724
8773,149.21,49,134,241.5,0.02,51,0,0,0,0,0,1,0,1,0,1.836076313785307
8774,149.23,49,116,243.3,0.02,51,0,0,0,0,0,1,0,0,0,1.6658681000959452
8775,149.25,49,136,240.2,0.02,51,0,0,0,0,0,1,1,0,1,1.7533488959680044
8776,149.27,49,149,235.9,0.02,51,0,0,0,0,0,1,4,1,1,1.706221275864865
8777,149.29,49,152,239.6,0.02,51,0,0,0,0,0,1,0,0,1,1.5583448807153661
8778,149.31,34,103,159.2,0.02,35,0,0,0,1,1,0,0,1,5,1.7587566783654127
8779,149.33,49,137,241.0,0.02,51,0,0,0,0,0,1,0,0,2,1.5194450180809504
8780,149.35,49,137,240.2,0.02,51,0,0,0,0,0,1,1,3,0,1.6082986273569262
8781,149.37,49,129,240.0,0.02,51,0,0,0,0,0,1,2,0,0,1.6554611303392273
8782,149.37,2,10,3.0,0.02,2,0,0,0,1,1,0,1,1,0,3.2519409870012574
8783,149.39,49,137,239.8,0.02,51,0,0,0,0,0,1,1,0,4,1.7171195435003117
8784,149.41,49,123,241.5,0.02,51,0,0,0,0,0,1,1,0,1,1.595591405577543
8785,149.42,12,32,47.8,0.02,12,0,0,0,1,1,0,4,1,0,2.570495258884979
8786,149.44,49,134,241.5,0.02,51,0,0,0,0,0,1,0,0,0,1.7420068870906986
8787,149.46,49,143,239.6,0.02,51,0,0,0,0,0,1,1,0,0,1.4517323366091262
8788,149.48,49,133,241.6,0.02,51,0,0,0,0,0,1,0,0,0,1.7038732165227
8789,149.5,49,143,240.5,0.02,51,0,0,0,0,0,1,0,0,1,1.6480267768947285
8790,149.52,49,126,242.2,0.02,51,0,0,0,0,0,1,0,0,1,1.5504898048492106
8791,149.54,49,124,242.4,0.02,51,0,0,0,0,0,1,0,0,1,1.7256322561852282
8792,149.56,49,130,241.8,0.02,51,0,0,0,0,0,1,0,0,1,1.696520729181779
8793,149.58,49,120,241.9,0.02,51,0,0,0,0,0,1,1,0,0,1.482938080490272
8794,149.6,49,125,240.2,0.02,51,0,0,0,0,0,1,2,0,2,1.6967823177641512
8795,149.62,49,126,242.2,0.02,51,0,0,0,0,0,1,0,0,1,1.473704171209318
8796,149.64,49,128,241.0,0.02,51,0,0,0,0,0,1,1,0,1,1.6233821271658218
8797,149.66,36,92,159.8,0.02,36,0,0,0,1,1,0,6,2,0,1.6453823039101165
8798,149.68,49,131,240.8,0.02,51,0,0,0,0,0,1,1,1,0,1.8277605351701434
8799,149.69,39,90,180.9,0.02,39,0,0,0,1,1,0,0,1,1,1.8836731244128921
8800,149.71,49,127,241.2,0.02,51,0,0,0,0,0,1,1,0,0,1.7486956063120427
8801,149.73,49,121,241.8,0.02,51,0,0,0,0,0,1,1,0,0,1.5459284246072247
8802,149.75,49,141,239.6,0.02,51,0,0,0,0,0,1,1,0,2,1.5207375902652676
8803,149.77,49,134,241.5,0.02,51,0,0,0,0,0,1,0,2,0,1.644827184586984
8804,149.8,49,143,239.2,0.02,51,0,0,0,0,0,1,1,0,4,1.7707163593459494
8805,149.81,49,111,243.7,0.02,51,0,0,0,0,0,1,0,1,1,1.864716220032928
8806,149.83,49,127,242.2,0.02,51,0,0,0,0,0,1,0,0,0,1.7947121285507752
8807,149.86,49,139,241.0,0.02,51,0,0,0,0,0,1,0,0,0,1.5728197431115603
8808,149.87,42,103,190.6,0.02,42,0,0,0,1,1,0,4,1,1,1.591389514047493
8809,149.9,49,150,239.8,0.02,51,0,0,0,0,0,1,0,0,1,1.5678343941447679
8810,149.92,49,131,241.8,0.02,51,0,0,0,0,0,1,0,0,0,1.703140780388896
8811,149.94,49,154,239.5,0.02,51,0,0,0,0,0,1,0,1,0,1.5400292904380934
8812,149.96,49,128,242.0,0.02,51,0,0,0,0,0,1,0,0,1,1.6060273329813823
8813,149.98,49,108,244.0,0.02,51,0,0,0,0,0,1,0,0,1,1.6755075329216862
8814,150.0,49,139,239.0,0.02,51,0,0,0,0,0,1,2,2,0,1.7274187493552213
8815,150.02,49,131,241.7,0.02,51,0,0,0,0,0,1,0,0,1,1.619874308999388
8816,150.04,49,107,243.1,0.02,51,0,0,0,0,0,1,1,0,1,1.7730392139373998
8817,150.06,49,131,240.8,0.02,51,0,0,0,0,0,1,1,0,0,1.572145693139522
8818,150.08,49,134,240.5,0.02,51,0,0,0,0,0,1,1,0,0,1.5735217691038885
8819,150.08,12,33,48.7,0.02,12,0,0,0,1,1,0,3,1,0,1.6133102011472549
8820,150.11,49,134,241.4,0.02,51,0,0,0,0,0,1,0,2,1,1.679531303967112
8821,150.13,49,131,239.7,0.02,51,0,0,0,0,0,1,2,0,1,1.5437136024747737
8822,150.13,2,10,1.8,0.02,2,0,0,0,1,1,0,2,1,2,3.76553624281256
8823,150.13,8,30,29.0,0.02,8,0,0,0,1,1,0,3,1,0,2.3188337733959608
8824,150.15,49,127,240.2,0.02,51,0,0,0,0,0,1,2,0,0,1.8390100059387617
8825,150.17,49,126,242.3,0.02,51,0,0,0,0,0,1,0,0,0,1.439721176910249
8826,150.18,0,15,-10.5,0.02,0,0,0,0,1,1,0,4,1,0,3.3247793700606545
8827,150.2,49,139,241.0,0.02,51,0,0,0,0,0,1,0,0,0,1.7603177889935127
8828,150.21,20,37,89.1,0.02,20,0,0,0,1,1,0,2,1,2,2.338604134191367
8829,150.23,49,126,241.3,0.02,51,0,0,0,0,0,1,1,0,0,1.6096971451595188
8830,150.24,49,111,243.8,0.02,51,0,0,0,0,0,1,0,0,0,1.8921739645416888
8831,150.25,13,27,61.2,0.02,14,0,0,0,1,1,0,1,1,1,2.2779517786551833
8832,150.27,49,131,241.6,0.02,51,0,0,0,0,0,1,0,0,2,1.9174872965768748
8833,150.29,49,144,239.5,0.02,51,0,0,0,0,0,1,1,0,0,1.7913080286360124
8834,150.31,49,127,242.1,0.02,51,0,0,0,0,0,1,0,0,1,1.619465073205641
8835,150.33,49,135,240.3,0.02,51,0,0,0,0,0,1,1,2,1,1.881109498649758
8836,150.35,49,134,240.5,0.02,51,0,0,0,0,0,1,1,0,0,1.5777533768182468
8837,150.38,49,152,239.5,0.02,51,0,0,0,0,0,1,0,1,2,1.6266840717751885
8838,150.4,49,136,240.3,0.02,51,0,0,0,0,0,1,1,0,0,1.7171959001638566
8839,150.42,49,136,240.3,0.02,51,0,0,0,0,0,1,1,2,0,1.756574709764026
8840,150.44,49,141,240.8,0.02,51,0,0,0,0,0,1,0,0,0,1.619417932464007
8841,150.46,49,118,242.1,0.02,51,0,0,0,0,0,1,1,0,0,1.9262173962584832
8842,150.48,49,140,240.9,0.02,51,0,0,0,0,0,1,0,0,0,1.6066095061059695
8843,150.5,49,144,238.5,0.02,51,0,0,0,0,0,1,2,0,0,1.5558622749241546
8844,150.52,49,115,242.4,0.02,51,0,0,0,0,0,1,1,0,0,1.675183435447956
8845,150.54,49,131,241.7,0.02,51,0,0,0,0,0,1,0,1,1,1.6016667390472803
8846,150.56,49,121,242.8,0.02,51,0,0,0,0,0,1,0,2,0,1.7159522547259065
8847,150.58,49,108,244.0,0.02,51,0,0,0,0,0,1,0,0,1,1.8325204339835017
8848,150.59,19,46,84.4,0.02,19,0,0,0,1,1,0,1,1,0,1.3881535434147378
8849,150.61,49,124,241.5,0.02,51,0,0,0,0,0,1,1,0,0,1.5960064617002119
8850,150.63,49,135,239.4,0.02,51,0,0,0,0,0,1,2,1,0,1.6000989159442192
8851,150.65,49,129,242.0,0.02,51,0,0,0,0,0,1,0,0,0,1.5744506188532088
8852,150.67,49,132,240.6,0.02,51,0,0,0,0,0,1,1,1,1,1.6901972661035825
8853,150.69,49,126,242.3,0.02,51,0,0,0,0,0,1,0,0,0,1.6318132094771438
8854,150.7,27,77,119.3,0.02,27,0,0,0,1,1,0,3,1,0,1.6492170750064032
8855,150.72,49,126,242.3,0.02,51,0,0,0,0,0,1,0,0,0,1.602874257503084
8856,150.74,49,120,241.9,0.02,51,0,0,0,0,0,1,1,2,0,1.6635905745343316
8857,150.76,49,137,240.1,0.02,51,0,0,0,0,0,1,1,0,1,1.584305889750717
8858,150.78,49,139,240.0,0.02,51,0,0,0,0,0,1,1,1,0,1.6118108133824571
8859,150.81,49,137,241.2,0.02,51,0,0,0,0,0,1,0,0,0,1.7141036380360948
8860,150.83,49,134,241.5,0.02,51,0,0,0,0,0,1,0,0,0,1.5670783987169066
8861,150.85,50,146,234.6,0.02,50,0,0,0,0,0,1,0,1,7,1.6283119767088337
8862,150.87,46,132,207.8,0.02,46,0,0,0,1,1,0,4,1,0,1.6472421587288877
8863,150.89,49,120,242.9,0.02,51,0,0,0,0,0,1,0,0,0,1.6291373715098343
8864,150.91,49,142,240.7,0.02,51,0,0,0,0,0,1,0,0,0,1.5687891412776016
8865,150.93,49,144,239.5,0.02,51,0,0,0,0,0,1,1,0,0,1.571050490960981
8866,150.96,49,141,240.8,0.02,51,0,0,0,0,0,1,0,0,0,1.545729459811254
8867,150.98,49,136,241.3,0.02,51,0,0,0,0,0,1,0,0,0,1.5980454424751804
8868,151.0,49,138,238.1,0.02,51,0,0,0,0,0,1,3,0,0,1.5682645932668382
8869,151.02,49,116,243.2,0.02,51,0,0,0,0,0,1,0,0,1,1.675714476171842
8870,151.04,49,125,242.4,0.02,51,0,0,0,0,0,1,0,0,0,1.6017563630084282
8871,151.06,49,154,239.5,0.02,51,0,0,0,0,0,1,0,0,0,1.7261553157930078
8872,151.08,49,140,240.9,0.02,51,0,0,0,0,0,1,0,1,0,1.6592848679997725
8873,151.1,49,139,241.0,0.02,51,0,0,0,0,0,1,0,0,0,1.5267137496435348
8874,151.12,49,130,241.8,0.02,51,0,0,0,0,0,1,0,1,1,1.5440359650381292
8875,151.14,49,124,242.3,0.02,51,0,0,0,0,0,1,0,0,2,1.7388082093371613
8876,151.16,49,137,241.2,0.02,51,0,0,0,0,0,1,0,1,0,1.5247417568794126
8877,151.18,49,120,242.9,0.02,51,0,0,0,0,0,1,0,0,0,1.5716725914922425
8878,151.2,49,132,239.7,0.02,51,0,0,0,0,0,1,2,2,0,1.6567712153593193
8879,151.22,49,133,238.5,0.02,51,0,0,0,0,0,1,3,0,1,1.4045446560160713
8880,151.25,49,148,237.9,0.02,51,0,0,0,0,0,1,2,1,2,1.5967960436132804
8881,151.27,49,136,241.3,0.02,51,0,0,0,0,0,1,0,1,0,1.6068281523178123
8882,151.29,49,124,241.5,0.02,51,0,0,0,0,0,1,1,0,0,1.8634038016057688
8883,151.31,49,130,241.9,0.02,51,0,0,0,0,0,1,0,1,0,1.4591431994110948
8884,151.33,49,154,238.4,0.02,51,0,0,0,0,0,1,1,2,1,1.6078886607885383
8885,151.35,49,135,241.3,0.02,51,0,0,0,0,0,1,0,1,1,1.5207415241448876
8886,151.37,49,122,239.7,0.02,51,0,0,0,0,0,1,3,0,0,1.4557499545137174
8887,151.39,49,129,241.0,0.02,51,0,0,0,0,0,1,1,1,0,1.5518914671856312
8888,151.41,49,125,242.2,0.02,51,0,0,0,0,0,1,0,0,2,1.807416381201338
8889,151.42,34,67,155.3,0.02,34,0,0,0,1,1,0,3,1,0,1.9109501587851878
8890,151.45,49,141,240.8,0.02,51,0,0,0,0,0,1,0,0,0,1.4974923051880906
8891,151.47,49,139,240.8,0.02,51,0,0,0,0,0,1,0,2,2,1.5036701207344443
8892,151.49,49,134,240.3,0.02,51,0,0,0,0,0,1,1,0,2,1.8724561693124653
8893,151.51,47,114,213.5,0.02,47,0,0,0,1,1,0,5,1,1,1.436037521125413
8894,151.53,49,137,241.2,0.02,51,0,0,0,0,0,1,0,0,0,1.682172434476573
8895,151.55,49,133,241.5,0.02,51,0,0,0,0,0,1,0,0,1,1.6506640913445096
8896,151.57,49,145,238.4,0.02,51,0,0,0,0,0,1,2,0,0,1.67236534998296
8897,151.59,49,123,241.6,0.02,51,0,0,0,0,0,1,1,0,0,1.4792689842233253
8898,151.61,50,128,235.7,0.02,50,0,0,0,0,0,1,1,1,4,1.66501551488508
8899,151.64,49,166,238.2,0.02,51,0,0,0,0,0,1,0,0,1,1.3989020325237647
8900,151.66,49,144,239.5,0.02,51,0,0,0,0,0,1,1,0,0,1.5969583698377312
8901,151.68,49,135,239.4,0.02,51,0,0,0,0,0,1,2,0,0,1.6491248144682036
8902,151.71,49,139,239.0,0.02,51,0,0,0,0,0,1,2,2,0,1.5821293589514713
8903,151.71,3,9,4.1,0.02,3,0,0,0,1,1,0,5,1,0,5.158873670526805
8904,151.73,46,143,209.7,0.02,46,0,0,0,1,1,0,1,2,0,1.5892026784433555
8905,151.75,49,133,239.5,0.02,51,0,0,0,0,0,1,2,0,1,1.7523342067039112
8906,151.77,49,129,241.9,0.02,51,0,0,0,0,0,1,0,0,1,1.6459492390994792
8907,151.79,49,143,239.5,0.02,51,0,0,0,0,0,1,1,0,1,1.4795984254900045
8908,151.81,35,98,156.2,0.02,35,0,0,0,1,1,0,4,3,0,1.6159804508920126
8909,151.82,12,49,46.1,0.02,12,0,0,0,1,1,0,4,2,0,1.8954004378856761
8910,151.84,49,138,240.0,0.02,51,0,0,0,0,0,1,1,1,1,1.6838152896497511
8911,151.86,49,136,241.3,0.02,51,0,0,0,0,0,1,0,0,0,1.6853674842469542
8912,151.86,1,20,-7.1,0.02,1,0,0,0,1,1,0,5,1,1,2.57254152681995
8913,151.87,8,20,32.0,0.02,8,0,0,0,1,1,0,1,1,0,2.94179983726233
8914,151.89,43,114,195.5,0.02,43,0,0,0,1,1,0,3,1,1,1.5739743541270073
8915,151.89,9,31,28.8,0.02,9,0,0,0,1,1,0,8,1,1,2.3837458461296945
8916,151.9,20,51,86.9,0.02,20,0,0,0,1,1,0,3,1,0,1.8224508847131977
8917,151.9,3,11,6.9,0.02,3,0,0,0,1,1,0,2,1,0,2.8061660394918904
8918,151.93,49,148,222.1,0.02,49,0,0,0,1,1,0,3,1,1,1.4567069220011852
8919,151.95,49,141,238.5,0.02,51,0,0,0,0,0,1,2,0,3,1.777812630754616
8920,151.96,22,46,97.4,0.02,22,0,0,0,1,1,0,3,1,0,1.7919642000380087
8921,151.97,32,76,144.4,0.02,32,0,0,0,1,1,0,3,1,0,1.6191400357680956
8922,151.98,16,34,69.3,0.02,16,0,0,0,1,1,0,2,1,3,2.1461569718634137
8923,152.0,49,133,240.4,0.02,51,0,0,0,0,0,1,1,2,2,1.8583483667884662
8924,152.02,49,134,241.5,0.02,51,0,0,0,0,0,1,0,0,0,1.6114099292336193
8925,152.02,8,28,27.9,0.02,8,0,0,0,1,1,0,4,2,3,2.1191567875429977
8926,152.05,47,197,204.3,0.02,47,0,0,0,1,1,0,6,1,0,1.6482092079936859
8927,152.07,49,128,237.9,0.02,51,0,0,0,0,0,1,4,1,2,1.976403959647956
8928,152.08,20,54,86.5,0.02,20,0,0,0,1,1,0,3,1,1,1.6004501585489495
8929,152.1,49,149,237.9,0.02,51,0,0,0,0,0,1,2,0,1,1.698957134115299
8930,152.13,49,133,241.6,0.02,51,0,0,0,0,0,1,0,0,0,1.8670370095516529
8931,152.15,45,126,201.2,0.02,45,0,0,0,1,1,0,6,1,2,1.8060625574469225
8932,152.17,49,130,241.8,0.02,51,0,0,0,0,0,1,0,0,1,1.570778398182614
8933,152.18,21,86,87.4,0.02,21,0,0,0,1,1,0,4,1,0,1.8488638402335538
8934,152.19,19,50,81.0,0.02,19,0,0,0,1,1,0,4,1,0,1.9557193747743202
8935,152.21,49,158,238.0,0.02,51,0,0,0,0,0,1,1,1,1,1.8011292543950304
8936,152.23,40,107,180.2,0.02,40,0,0,0,1,1,0,4,1,1,1.8320564903780685
8937,152.26,49,158,239.0,0.02,51,0,0,0,0,0,1,0,0,1,1.4920440712541885
8938,152.28,49,145,240.1,0.02,51,0,0,0,0,0,1,0,3,3,1.8947888261064412
8939,152.3,49,143,240.6,0.02,51,0,0,0,0,0,1,0,0,0,1.7230924865473216
8940,152.32,41,110,185.0,0.02,41,0,0,0,1,1,0,4,1,0,1.8246278079897642
8941,152.34,49,145,238.4,0.02,51,0,0,0,0,0,1,2,0,0,1.8348871846526424
8942,152.37,49,156,237.2,0.02,51,0,0,0,0,0,1,2,0,1,1.6180910174174328
8943,152.38,39,117,174.2,0.02,39,0,0,0,1,1,0,4,2,1,1.7211612183793057
8944,152.41,49,141,239.5,0.02,51,0,0,0,0,0,1,1,0,3,1.80740065344323
8945,152.43,49,127,242.2,0.02,51,0,0,0,0,0,1,0,0,0,1.7858351524122023
8946,152.45,49,143,240.4,0.02,51,0,0,0,0,0,1,0,0,2,1.9316841040596158
8947,152.47,49,130,240.8,0.02,51,0,0,0,0,0,1,1,0,1,1.5797689254714051
8948,152.49,49,143,240.5,0.02,51,0,0,0,0,0,1,0,2,1,1.6547943795117246
8949,152.51,49,132,241.6,0.02,51,0,0,0,0,0,1,0,0,1,1.5404024621644516
8950,152.53,50,130,230.6,0.02,50,0,0,0,1,1,0,1,2,4,1.749682336620463
8951,152.56,49,146,240.3,0.02,51,0,0,0,0,0,1,0,1,0,1.499625195618597
8952,152.58,49,147,240.2,0.02,51,0,0,0,0,0,1,0,0,0,1.5967571027014404
8953,152.6,49,138,241.0,0.02,51,0,0,0,0,0,1,0,0,1,1.6076638873411413
8954,152.62,49,156,239.3,0.02,51,0,0,0,0,0,1,0,0,0,1.5805772496606358
8955,152.65,45,196,198.1,0.02,45,0,0,0,1,1,0,2,1,3,1.3424493553321324
8956,152.67,49,133,241.5,0.02,51,0,0,0,0,0,1,0,0,1,1.5370597900881322
8957,152.69,45,117,208.1,0.02,45,0,0,0,1,1,0,0,2,2,1.5281377053263985
8958,152.71,34,102,153.5,0.02,34,0,0,0,1,1,0,1,2,3,1.6226730149045427
8959,152.72,27,69,119.7,0.02,27,0,0,0,1,1,0,3,1,4,1.399259857618944
8960,152.74,49,127,241.1,0.02,51,0,0,0,0,0,1,1,1,1,1.5646834508082015
8961,152.76,49,148,238.1,0.02,51,0,0,0,0,0,1,2,0,0,1.6696628606035324
8962,152.78,49,135,241.4,0.02,51,0,0,0,0,0,1,0,0,0,1.6593832064988678
8963,152.81,49,147,240.1,0.02,51,0,0,0,0,0,1,0,0,1,1.4713155629892478
8964,152.83,49,129,241.0,0.02,51,0,0,0,0,0,1,1,0,0,1.7796395679641404
8965,152.84,40,96,184.4,0.02,40,0,0,0,1,1,0,1,1,0,1.6542267538343178
8966,152.86,49,118,243.0,0.02,51,0,0,0,0,0,1,0,0,1,1.527698976381194
8967,152.88,42,95,193.5,0.02,42,0,0,0,1,1,0,2,1,0,1.5662204647701912
8968,152.9,49,123,241.5,0.02,51,0,0,0,0,0,1,1,1,1,1.8738299828871674
8969,152.92,49,127,242.2,0.02,51,0,0,0,0,0,1,0,0,0,1.683504003778709
8970,152.94,49,152,238.7,0.02,51,0,0,0,0,0,1,1,0,0,1.6891870601199641
8971,152.97,49,155,238.4,0.02,51,0,0,0,0,0,1,1,0,0,1.42056125373236
8972,152.99,49,138,241.1,0.02,51,0,0,0,0,0,1,0,0,0,1.5866736781777868
8973,153.01,49,142,239.7,0.02,51,0,0,0,0,0,1,1,0,0,1.4558243170834833
8974,153.01,1,7,-5.7,0.02,1,0,0,0,1,1,0,5,1,0,3.533193426899884
8975,153.03,49,145,240.3,0.02,51,0,0,0,0,0,1,0,1,1,1.5102844090419534
8976,153.05,47,119,217.1,0.02,47,0,0,0,1,1,0,1,1,0,1.6090137850386468
8977,153.07,50,141,232.8,0.02,50,0,0,0,0,0,1,3,1,0,2.013753333091879
8978,153.09,49,122,240.7,0.02,51,0,0,0,0,0,1,2,0,0,1.742626725109357
8979,153.12,49,147,240.2,0.02,51,0,0,0,0,0,1,0,0,0,1.5233070035483345
8980,153.13,31,71,139.9,0.02,31,0,0,0,1,1,0,3,1,0,1.6525587232677088
8981,153.15,49,151,237.8,0.02,51,0,0,0,0,0,1,2,0,0,1.5890269661817076
8982,153.17,49,120,242.9,0.02,51,0,0,0,0,0,1,0,0,0,1.785519783239393
8983,153.19,49,130,240.9,0.02,51,0,0,0,0,0,1,1,0,0,1.4456059294990755
8984,153.21,49,140,240.8,0.02,51,0,0,0,0,0,1,0,0,1,1.5028125992864558
8985,153.23,49,147,238.9,0.02,51,0,0,0,0,0,1,1,0,3,1.839487210104444
8986,153.26,49,132,241.7,0.02,51,0,0,0,0,0,1,0,0,0,1.8706504693616322
8987,153.28,49,139,240.0,0.02,51,0,0,0,0,0,1,1,0,0,1.5843859103436135
8988,153.3,49,140,239.9,0.02,51,0,0,0,0,0,1,1,0,0,1.4587091470174325
8989,153.32,49,141,240.8,0.02,51,0,0,0,0,0,1,0,2,0,1.6048129759200553
8990,153.34,49,136,241.2,0.02,51,0,0,0,0,0,1,0,0,1,1.7615598043168987
8991,153.36,49,138,241.0,0.02,51,0,0,0,0,0,1,0,0,1,1.5586980772348376
8992,153.38,49,132,241.7,0.02,51,0,0,0,0,0,1,0,0,0,1.7096497811257638
8993,153.4,49,131,241.8,0.02,51,0,0,0,0,0,1,0,0,0,1.630976481631925
8994,153.42,49,128,242.1,0.02,51,0,0,0,0,0,1,0,0,0,1.478817959574805
8995,153.43,2,12,2.5,0.02,2,0,0,0,1,1,0,1,1,3,3.199850948313516
8996,153.45,49,128,242.1,0.02,51,0,0,0,0,0,1,0,1,0,1.5622794596675362
8997,153.47,49,131,240.8,0.02,51,0,0,0,0,0,1,1,1,0,1.68419952201911
8998,153.49,49,122,241.7,0.02,51,0,0,0,0,0,1,1,0,0,1.4777304006620444
8999,153.51,49,121,242.8,0.02,51,0,0,0,0,0,1,0,0,0,1.69370846953126
9000,153.53,49,140,239.9,0.02,51,0,0,0,0,0,1,1,0,0,1.3881152439566748
9001,153.54,35,76,158.3,0.02,35,0,0,0,1,1,0,4,2,1,1.864003627413921
9002,153.56,49,134,241.5,0.02,51,0,0,0,0,0,1,0,0,0,1.616455575933047
9003,153.58,49,117,243.2,0.02,51,0,0,0,0,0,1,0,0,0,1.344332336090981
9004,153.6,49,122,241.7,0.02,51,0,0,0,0,0,1,1,0,0,1.796843264640906
9005,153.62,49,139,241.0,0.02,51,0,0,0,0,0,1,0,0,0,1.6667312388338853
9006,153.64,49,137,240.1,0.02,51,0,0,0,0,0,1,1,0,1,1.545327470980468
9007,153.67,49,133,241.6,0.02,51,0,0,0,0,0,1,0,0,0,1.504259284787838
9008,153.68,41,97,190.3,0.02,41,0,0,0,1,1,0,0,1,0,1.6960415978138637
9009,153.7,49,125,242.2,0.02,51,0,0,0,0,0,1,0,1,2,1.4587890624690485
9010,153.71,24,50,109.9,0.02,24,0,0,0,1,1,0,0,1,1,1.8248559461835134
9011,153.71,3,9,9.1,0.02,3,0,0,0,1,1,0,0,1,0,4.8654648812663375
9012,153.73,49,128,242.1,0.02,51,0,0,0,0,0,1,0,1,0,1.4420257391015756
9013,153.75,49,141,240.8,0.02,51,0,0,0,0,0,1,0,0,0,1.4517610141858792
9014,153.78,49,139,240.9,0.02,51,0,0,0,0,0,1,0,1,1,1.5148903068806299
9015,153.8,49,148,237.8,0.02,51,0,0,0,0,0,1,2,1,3,1.5905518162808012
9016,153.82,49,145,240.4,0.02,51,0,0,0,0,0,1,0,0,0,1.5093723004373616
9017,153.84,49,133,240.6,0.02,51,0,0,0,0,0,1,1,0,0,1.611266790618267
9018,153.86,49,126,241.3,0.02,51,0,0,0,0,0,1,1,0,0,1.5706464778006488
9019,153.88,49,138,241.1,0.02,51,0,0,0,0,0,1,0,0,0,1.856107570506456
9020,153.9,49,122,241.6,0.02,51,0,0,0,0,0,1,1,0,1,1.7477671615380943
9021,153.92,49,136,241.3,0.02,51,0,0,0,0,0,1,0,0,0,1.8214531809364296
9022,153.94,49,138,240.0,0.02,51,0,0,0,0,0,1,1,0,1,1.6978493232344731
9023,153.96,49,126,242.3,0.02,51,0,0,0,0,0,1,0,2,0,1.6234843585238814
9024,153.98,49,117,242.2,0.02,51,0,0,0,0,0,1,1,0,0,1.5249649861964234
9025,154.0,49,130,241.9,0.02,51,0,0,0,0,0,1,0,0,0,1.5407738518045513
9026,154.02,49,136,240.3,0.02,51,0,0,0,0,0,1,1,0,0,1.60682927708613
9027,154.04,33,75,148.5,0.02,33,0,0,0,1,1,0,4,2,0,1.5556751433848004
9028,154.05,49,116,243.3,0.02,51,0,0,0,0,0,1,0,0,0,1.7387630432312418
9029,154.08,49,131,241.8,0.02,51,0,0,0,0,0,1,0,1,0,1.4644829068736651
9030,154.09,49,125,241.4,0.02,51,0,0,0,0,0,1,1,0,0,1.7376418854632647
9031,154.12,49,135,241.4,0.02,51,0,0,0,0,0,1,0,0,0,1.7459630829859385
9032,154.14,49,134,240.3,0.02,51,0,0,0,0,0,1,1,0,2,1.543680004763784
9033,154.16,49,144,240.4,0.02,51,0,0,0,0,0,1,0,0,1,1.7502312788941736
9034,154.18,49,142,240.7,0.02,51,0,0,0,0,0,1,0,1,0,1.427703190172068
9035,154.2,48,130,220.9,0.02,48,0,0,0,1,1,0,1,2,1,1.5744678696086205
9036,154.21,32,78,144.1,0.02,32,0,0,0,1,1,0,3,1,1,1.8979278448716077
9037,154.24,49,155,237.4,0.02,51,0,0,0,0,0,1,2,0,0,1.5196595904577561
9038,154.26,49,122,242.5,0.02,51,0,0,0,0,0,1,0,2,2,1.7414724354673332
9039,154.28,49,155,236.3,0.02,51,0,0,0,0,0,1,3,0,1,1.5409546408076402
9040,154.3,49,132,240.5,0.02,51,0,0,0,0,0,1,1,0,2,1.6786341088144012
9041,154.32,49,127,241.1,0.02,51,0,0,0,0,0,1,1,0,1,1.8285607503617372
9042,154.34,49,134,240.4,0.02,51,0,0,0,0,0,1,1,0,1,1.5374547187931047
9043,154.37,49,153,238.6,0.02,51,0,0,0,0,0,1,1,0,0,1.4661374157060036
9044,154.39,49,139,241.0,0.02,51,0,0,0,0,0,1,0,0,0,1.4903470252229225
9045,154.4,23,40,105.0,0.02,23,0,0,0,1,1,0,1,1,0,1.9854619007170562
9046,154.42,49,144,239.5,0.02,51,0,0,0,0,0,1,1,1,0,1.5935938198522186
9047,154.44,49,123,242.5,0.02,51,0,0,0,0,0,1,0,0,1,1.432732199914926
9048,154.46,49,126,242.2,0.02,51,0,0,0,0,0,1,0,0,1,1.5642276145148315
9049,154.48,49,130,241.8,0.02,51,0,0,0,0,0,1,0,0,1,1.5044114283525964
9050,154.5,49,131,241.8,0.02,51,0,0,0,0,0,1,0,0,0,1.5761505986184867
9051,154.52,49,129,241.9,0.02,51,0,0,0,0,0,1,0,1,1,1.6241454757559863
9052,154.54,49,139,241.0,0.02,51,0,0,0,0,0,1,0,0,0,1.6532136233031953
9053,154.55,43,90,200.0,0.02,43,0,0,0,1,1,0,1,1,0,1.8415915933501716
9054,154.57,49,129,240.9,0.02,51,0,0,0,0,0,1,1,0,1,1.8171512666145702
9055,154.6,49,136,241.3,0.02,51,0,0,0,0,0,1,0,1,0,1.687872439245498
9056,154.62,49,142,240.7,0.02,51,0,0,0,0,0,1,0,1,0,1.828498951903269
9057,154.64,49,126,241.3,0.02,51,0,0,0,0,0,1,1,0,0,1.6571653571082525
9058,154.66,49,127,242.1,0.02,51,0,0,0,0,0,1,0,0,1,1.4257017189090475
9059,154.68,49,131,241.7,0.02,51,0,0,0,0,0,1,0,0,1,1.6254904955194869
9060,154.69,34,93,152.7,0.02,34,0,0,0,1,1,0,3,1,0,1.6987338112551869
9061,154.71,49,126,242.0,0.02,51,0,0,0,0,0,1,0,0,3,1.7703190450294177
9062,154.73,49,111,243.8,0.02,51,0,0,0,0,0,1,0,0,0,1.9550940707456081
9063,154.75,49,136,240.2,0.02,51,0,0,0,0,0,1,1,1,1,1.707275991990137
9064,154.76,24,52,109.8,0.02,24,0,0,0,1,1,0,0,1,0,1.5613345792070683
9065,154.78,49,132,241.6,0.02,51,0,0,0,0,0,1,0,0,1,1.631045230511742
9066,154.8,49,140,240.9,0.02,51,0,0,0,0,0,1,0,0,0,1.5999553637909238
9067,154.83,49,145,239.3,0.02,51,0,0,0,0,0,1,1,0,1,1.729527782699281
9068,154.85,49,134,241.5,0.02,51,0,0,0,0,0,1,0,0,0,1.7577858065520744
9069,154.87,49,131,241.8,0.02,51,0,0,0,0,0,1,0,0,0,1.7101142591144793
9070,154.89,49,129,242.0,0.02,51,0,0,0,0,0,1,0,0,0,1.5015101737453502
9071,154.91,49,130,240.9,0.02,51,0,0,0,0,0,1,1,0,0,1.7310181850934847
9072,154.93,49,141,240.7,0.02,51,0,0,0,0,0,1,0,1,1,1.7211397834117443
9073,154.95,49,143,239.5,0.02,51,0,0,0,0,0,1,1,0,1,1.5607986532681943
9074,154.97,50,133,234.6,0.02,50,0,0,0,0,0,1,2,1,0,1.4815988652797047
9075,154.99,49,135,241.4,0.02,51,0,0,0,0,0,1,0,0,0,1.503226960515691
9076,155.0,27,53,124.7,0.02,27,0,0,0,1,1,0,0,1,0,1.773921775140526
9077,155.02,49,133,241.6,0.02,51,0,0,0,0,0,1,0,0,0,1.7751530902985169
9078,155.04,49,119,243.0,0.02,51,0,0,0,0,0,1,0,0,0,1.5921232436449173
9079,155.07,49,152,238.7,0.02,51,0,0,0,0,0,1,1,0,0,1.5045072634211505
9080,155.09,49,133,239.5,0.02,51,0,0,0,0,0,1,2,0,1,1.6132970493981864
9081,155.11,49,121,242.8,0.02,51,0,0,0,0,0,1,0,0,0,1.617256278524967
9082,155.12,49,115,243.4,0.02,51,0,0,0,0,0,1,0,0,0,1.8353584047516969
9083,155.14,49,130,240.9,0.02,51,0,0,0,0,0,1,1,0,0,1.7731522900363161
9084,155.17,49,141,239.7,0.02,51,0,0,0,0,0,1,1,1,1,1.873958810972368
9085,155.19,49,136,240.3,0.02,51,0,0,0,0,0,1,1,0,0,1.9584361390715312
9086,155.21,49,126,242.3,0.02,51,0,0,0,0,0,1,0,1,0,1.831860157761956
9087,155.23,49,146,239.3,0.02,51,0,0,0,0,0,1,1,0,0,1.5263055456725863
9088,155.23,15,33,63.7,0.02,15,0,0,0,1,1,0,3,1,0,2.8350828019051724
9089,155.25,49,132,240.7,0.02,51,0,0,0,0,0,1,1,0,0,1.512392863532638
9090,155.27,49,133,241.6,0.02,51,0,0,0,0,0,1,0,1,0,1.6648166987784787
9091,155.3,49,154,238.5,0.02,51,0,0,0,0,0,1,1,1,0,1.5727118717781459
9092,155.32,49,130,241.8,0.02,51,0,0,0,0,0,1,0,0,1,1.6785029675465548
9093,155.34,49,111,243.8,0.02,51,0,0,0,0,0,1,0,1,0,1.6600312350963673
9094,155.36,49,136,240.1,0.02,51,0,0,0,0,0,1,1,2,2,1.7547197745593015
9095,155.38,49,132,241.6,0.02,51,0,0,0,0,0,1,0,3,1,1.8453037903794955
9096,155.4,49,123,242.6,0.02,51,0,0,0,0,0,1,0,0,0,1.7840281934521027
9097,155.42,49,162,236.7,0.02,51,0,0,0,0,0,1,2,0,0,1.4147948686816627
9098,155.44,49,120,242.9,0.02,51,0,0,0,0,0,1,0,1,0,1.8674323518372173
9099,155.46,49,137,240.1,0.02,51,0,0,0,0,0,1,1,0,1,1.596555519226603
9100,155.48,49,127,242.2,0.02,51,0,0,0,0,0,1,0,1,0,1.8872281530236696
9101,155.5,49,138,240.1,0.02,51,0,0,0,0,0,1,1,2,0,1.8345802110288594
9102,155.53,49,135,241.4,0.02,51,0,0,0,0,0,1,0,0,0,1.6642165125194306
9103,155.55,49,123,242.5,0.02,51,0,0,0,0,0,1,0,1,1,1.802325874297738
9104,155.57,49,131,240.7,0.02,51,0,0,0,0,0,1,1,0,1,1.5086125350109205
9105,155.59,49,125,241.4,0.02,51,0,0,0,0,0,1,1,0,0,1.4967961949594772
9106,155.6,49,118,242.1,0.02,51,0,0,0,0,0,1,1,0,0,1.824847173743505
9107,155.62,35,84,161.5,0.02,35,0,0,0,1,1,0,0,1,1,1.935435701269986
9108,155.64,49,114,242.5,0.02,51,0,0,0,0,0,1,1,0,0,1.749501831532495
9109,155.66,49,129,238.0,0.02,51,0,0,0,0,0,1,4,0,0,1.79021214591337
9110,155.68,49,130,241.9,0.02,51,0,0,0,0,0,1,0,0,0,1.592527594923877
9111,155.7,49,126,242.1,0.02,51,0,0,0,0,0,1,0,1,2,1.9614158689401984
9112,155.72,49,135,239.4,0.02,51,0,0,0,0,0,1,2,0,0,1.7285519273734231
9113,155.73,38,80,173.9,0.02,38,0,0,0,1,1,0,3,1,1,2.139829578212171
9114,155.75,49,139,240.9,0.02,51,0,0,0,0,0,1,0,0,1,1.4912845650801618
9115,155.77,49,134,240.5,0.02,51,0,0,0,0,0,1,1,0,0,1.7016500421016223
9116,155.79,49,123,242.6,0.02,51,0,0,0,0,0,1,0,0,0,1.5862401040809695
9117,155.82,49,140,238.8,0.02,51,0,0,0,0,0,1,2,0,1,1.4218436560494174
9118,155.84,49,129,241.0,0.02,51,0,0,0,0,0,1,1,1,0,1.7973325214645315
9119,155.85,49,119,241.9,0.02,51,0,0,0,0,0,1,1,0,1,1.7242895086127263
9120,155.88,49,131,240.7,0.02,51,0,0,0,0,0,1,1,0,1,1.5787738841056127
9121,155.88,3,11,4.9,0.02,3,0,0,0,1,1,0,4,1,0,3.901192164171889
9122,155.88,19,36,86.4,0.02,19,0,0,0,1,1,0,0,1,0,1.7492874526315778
9123,155.91,49,136,239.2,0.02,51,0,0,0,0,0,1,2,0,1,1.7553362753581065
9124,155.93,49,131,240.8,0.02,51,0,0,0,0,0,1,1,0,0,1.473620774725939
9125,155.95,49,143,238.6,0.02,51,0,0,0,0,0,1,2,0,0,1.8169002283565747
9126,155.97,49,135,241.3,0.02,51,0,0,0,0,0,1,0,0,1,1.618544687388176
9127,155.99,49,136,240.3,0.02,51,0,0,0,0,0,1,1,0,0,1.5427365671489803
9128,156.01,49,137,240.1,0.02,51,0,0,0,0,0,1,1,0,1,1.5517156959234693
9129,156.03,49,151,239.8,0.02,51,0,0,0,0,0,1,0,0,0,1.498348711916605
9130,156.05,49,119,243.0,0.02,51,0,0,0,0,0,1,0,0,0,1.5590019885783355
9131,156.07,49,129,242.0,0.02,51,0,0,0,0,0,1,0,0,0,1.4279205351399546
9132,156.1,49,154,238.5,0.02,51,0,0,0,0,0,1,1,0,0,1.5637438757635373
9133,156.12,49,122,240.7,0.02,51,0,0,0,0,0,1,2,0,0,1.5437976677591052
9134,156.14,49,128,240.0,0.02,51,0,0,0,0,0,1,2,0,1,1.7231925789583986
9135,156.16,49,128,242.1,0.02,51,0,0,0,0,0,1,0,1,0,1.722393548860491
9136,156.18,49,138,240.0,0.02,51,0,0,0,0,0,1,1,2,1,1.5724196418710605
9137,156.2,49,133,240.5,0.02,51,0,0,0,0,0,1,1,0,1,1.5096066455318935
9138,156.22,49,145,239.2,0.02,51,0,0,0,0,0,1,1,1,2,1.7389981080879795
9139,156.24,49,126,242.2,0.02,51,0,0,0,0,0,1,0,1,1,1.4473840093849124
9140,156.26,49,144,240.5,0.02,51,0,0,0,0,0,1,0,0,0,1.501580056631795
9141,156.28,49,131,239.7,0.02,51,0,0,0,0,0,1,2,0,1,1.6139635177553038
9142,156.31,49,141,240.6,0.02,51,0,0,0,0,0,1,0,0,2,1.4872826946625697
9143,156.32,26,66,113.3,0.02,26,0,0,0,1,1,0,5,1,1,1.5520182689152822
9144,156.34,49,122,240.7,0.02,51,0,0,0,0,0,1,2,1,0,1.5717571377972128
9145,156.34,17,37,74.3,0.02,17,0,0,0,1,1,0,2,1,0,1.9626243339695824
9146,156.36,49,120,241.9,0.02,51,0,0,0,0,0,1,1,0,0,1.6630848451797102
9147,156.38,49,126,242.3,0.02,51,0,0,0,0,0,1,0,0,0,1.5321955230308215
9148,156.39,23,51,104.9,0.02,23,0,0,0,1,1,0,0,1,0,1.7947435982125324
9149,156.41,49,138,241.0,0.02,51,0,0,0,0,0,1,0,0,1,1.5918004664105403
9150,156.43,49,140,240.6,0.02,51,0,0,0,0,0,1,0,0,3,1.4534020991110754
9151,156.45,49,148,237.9,0.02,51,0,0,0,0,0,1,2,2,2,1.5326455268768584
9152,156.47,49,143,240.6,0.02,51,0,0,0,0,0,1,0,0,0,1.4458001017039375
9153,156.5,49,143,238.6,0.02,51,0,0,0,0,0,1,2,0,0,1.6592460078192508
9154,156.52,49,140,239.8,0.02,51,0,0,0,0,0,1,1,0,1,1.5002011021279125
9155,156.54,44,116,199.2,0.02,44,0,0,0,1,1,0,4,1,2,1.7694382475352974
9156,156.55,49,126,241.3,0.02,51,0,0,0,0,0,1,1,0,0,1.5075784583276282
9157,156.57,49,127,242.0,0.02,51,0,0,0,0,0,1,0,1,2,1.4071354199813193
9158,156.6,49,165,238.4,0.02,51,0,0,0,0,0,1,0,1,0,1.6803575510743693
9159,156.62,49,146,239.1,0.02,51,0,0,0,0,0,1,1,1,2,1.6522402805272236
9160,156.64,49,139,238.9,0.02,51,0,0,0,0,0,1,2,1,1,1.4896265715841666
9161,156.66,49,135,241.3,0.02,51,0,0,0,0,0,1,0,1,1,1.5913417798515357
9162,156.69,49,145,237.4,0.02,51,0,0,0,0,0,1,3,1,0,1.6664024182423431
9163,156.7,19,52,81.5,0.02,19,0,0,0,1,1,0,3,1,3,1.785417462434725
9164,156.7,13,22,56.8,0.02,13,0,0,0,1,1,0,1,1,0,3.0577653540315324
9165,156.72,49,135,241.2,0.02,51,0,0,0,0,0,1,0,1,2,1.807869810317375
9166,156.74,49,131,241.8,0.02,51,0,0,0,0,0,1,0,0,0,1.7774113000328604
9167,156.75,13,32,53.7,0.02,13,0,0,0,1,1,0,3,1,1,1.8675426568453064
9168,156.77,49,128,242.0,0.02,51,0,0,0,0,0,1,0,0,1,1.7550675945796825
9169,156.79,49,130,240.9,0.02,51,0,0,0,0,0,1,1,0,0,1.822381433351272
9170,156.8,30,70,138.0,0.02,30,0,0,0,1,1,0,0,1,0,1.716492616712855
9171,156.82,49,141,239.7,0.02,51,0,0,0,0,0,1,1,1,1,1.7764347621536478
9172,156.84,49,122,241.7,0.02,51,0,0,0,0,0,1,1,0,0,1.88790870734324
9173,156.86,49,116,243.2,0.02,51,0,0,0,0,0,1,0,0,1,1.6457780369204598
9174,156.87,49,118,242.1,0.02,51,0,0,0,0,0,1,1,0,0,1.6709811192402027
9175,156.89,49,123,242.5,0.02,51,0,0,0,0,0,1,0,0,1,1.4591606535457806
9176,156.91,49,132,241.7,0.02,51,0,0,0,0,0,1,0,1,0,1.591609031082654
9177,156.93,49,127,242.2,0.02,51,0,0,0,0,0,1,0,0,0,1.7340608421608243
9178,156.95,49,131,240.8,0.02,51,0,0,0,0,0,1,1,0,0,1.7118073653758776
9179,156.97,49,129,240.9,0.02,51,0,0,0,0,0,1,1,0,1,1.5444654824163395
9180,156.99,49,155,239.4,0.02,51,0,0,0,0,0,1,0,0,0,1.749195959616473
9181,157.02,48,137,221.3,0.02,48,0,0,0,1,1,0,0,1,0,1.6434936551615604
9182,157.04,49,131,240.7,0.02,51,0,0,0,0,0,1,1,0,1,1.5112017559043416
9183,157.06,49,129,242.0,0.02,51,0,0,0,0,0,1,0,0,0,1.7210686241115525
9184,157.07,41,89,191.1,0.02,41,0,0,0,1,1,0,0,1,0,1.837322414839699
9185,157.09,49,135,240.4,0.02,51,0,0,0,0,0,1,1,1,0,1.6814540915554574
9186,157.11,49,139,238.0,0.02,51,0,0,0,0,0,1,3,1,0,1.49549350342173
9187,157.14,49,148,239.1,0.02,51,0,0,0,0,0,1,1,0,0,1.709734123247668
9188,157.16,49,137,240.1,0.02,51,0,0,0,0,0,1,1,0,1,1.8466285691878244
9189,157.18,49,138,223.2,0.02,49,0,0,0,1,1,0,3,2,0,1.4530831503813761
9190,157.2,49,150,239.8,0.02,51,0,0,0,0,0,1,0,0,1,1.5919805948309682
9191,157.22,49,123,241.5,0.02,51,0,0,0,0,0,1,1,1,1,1.8290181912461936
9192,157.24,49,141,239.8,0.02,51,0,0,0,0,0,1,1,1,0,1.7566450240245315
9193,157.26,49,139,241.0,0.02,51,0,0,0,0,0,1,0,2,0,1.7375252084946944
9194,157.28,49,128,242.0,0.02,51,0,0,0,0,0,1,0,0,1,1.439558215105651
9195,157.3,49,139,238.9,0.02,51,0,0,0,0,0,1,2,0,1,1.5830281111039328
9196,157.33,49,138,240.1,0.02,51,0,0,0,0,0,1,1,0,0,1.616901096439191
9197,157.35,49,131,241.6,0.02,51,0,0,0,0,0,1,0,0,2,1.537075016400396
9198,157.35,14,33,57.7,0.02,14,0,0,0,1,1,0,4,1,0,1.9474765683253936
9199,157.38,49,154,238.3,0.02,51,0,0,0,0,0,1,1,0,2,1.6719388290289698
9200,157.4,49,127,241.2,0.02,51,0,0,0,0,0,1,1,1,0,1.7341390478465595
9201,157.42,49,127,242.2,0.02,51,0,0,0,0,0,1,0,0,0,1.370365011980701
9202,157.44,49,129,242.0,0.02,51,0,0,0,0,0,1,0,1,0,1.7814995779608047
9203,157.46,49,124,241.5,0.02,51,0,0,0,0,0,1,1,0,0,1.804208721854906
9204,157.48,49,126,241.3,0.02,51,0,0,0,0,0,1,1,0,0,1.5759534165051878
9205,157.5,49,151,239.8,0.02,51,0,0,0,0,0,1,0,1,0,1.6828309636787544
9206,157.52,36,98,162.0,0.02,36,0,0,0,1,1,0,3,1,2,1.535323486678641
9207,157.54,49,130,239.8,0.02,51,0,0,0,0,0,1,2,0,1,1.4925005540565899
9208,157.56,49,125,241.3,0.02,51,0,0,0,0,0,1,1,0,1,1.492963518110812
9209,157.58,49,135,241.4,0.02,51,0,0,0,0,0,1,0,0,0,1.5450558323658206
9210,157.6,50,144,233.1,0.02,50,0,0,0,0,0,1,2,1,4,1.6860781991896767
9211,157.63,49,146,239.2,0.02,51,0,0,0,0,0,1,1,1,1,1.5663335807516998
9212,157.65,49,140,239.9,0.02,51,0,0,0,0,0,1,1,0,0,1.5014942107554792
9213,157.67,49,133,241.6,0.02,51,0,0,0,0,0,1,0,0,0,1.420137738212842
9214,157.69,49,129,241.0,0.02,51,0,0,0,0,0,1,1,1,0,1.5558316770555831
9215,157.71,49,152,238.7,0.02,51,0,0,0,0,0,1,1,0,0,1.4021857935449866
9216,157.73,49,129,242.0,0.02,51,0,0,0,0,0,1,0,0,0,1.6650531012374021
9217,157.75,49,135,240.2,0.02,51,0,0,0,0,0,1,1,1,2,1.578237093912065
9218,157.78,49,143,239.6,0.02,51,0,0,0,0,0,1,1,0,0,1.5406083031111932
9219,157.8,49,125,241.3,0.02,51,0,0,0,0,0,1,1,0,1,1.6262179821509148
9220,157.82,49,138,241.1,0.02,51,0,0,0,0,0,1,0,0,0,1.396635730283136
9221,157.84,49,159,238.0,0.02,51,0,0,0,0,0,1,1,0,0,1.5299975329733582
9222,157.86,49,133,241.6,0.02,51,0,0,0,0,0,1,0,0,0,1.5411331984631784
9223,157.88,49,134,240.5,0.02,51,0,0,0,0,0,1,1,0,0,1.552791407468809
9224,157.9,49,129,241.9,0.02,51,0,0,0,0,0,1,0,0,1,1.5662078544169136
9225,157.92,49,134,241.1,0.02,51,0,0,0,0,0,1,0,1,4,1.7111938357509455
9226,157.95,49,143,240.6,0.02,51,0,0,0,0,0,1,0,0,0,1.7266272438270749
9227,157.97,49,135,241.3,0.02,51,0,0,0,0,0,1,0,0,1,1.6100593686332223
9228,157.99,49,124,241.4,0.02,51,0,0,0,0,0,1,1,1,1,1.647461184310644
9229,158.01,49,129,240.0,0.02,51,0,0,0,0,0,1,2,0,0,1.3870516235105008
9230,158.03,49,139,238.8,0.02,51,0,0,0,0,0,1,2,0,2,1.5621485764434153
9231,158.04,19,48,84.2,0.02,19,0,0,0,1,1,0,1,1,0,1.7358007060204497
9232,158.06,49,147,239.2,0.02,51,0,0,0,0,0,1,1,0,0,1.5200084209524016
9233,158.08,49,126,241.2,0.02,51,0,0,0,0,0,1,1,1,1,1.7631733921295865
9234,158.09,27,74,119.6,0.02,27,0,0,0,1,1,0,3,1,0,1.9958077719150502
9235,158.11,49,141,240.8,0.02,51,0,0,0,0,0,1,0,0,0,1.6151008363454304
9236,158.13,49,121,239.7,0.02,51,0,0,0,0,0,1,3,0,1,1.8366090257975876
9237,158.15,49,134,241.4,0.02,51,0,0,0,0,0,1,0,0,1,1.6151087260408892
9238,158.17,49,133,240.5,0.02,51,0,0,0,0,0,1,1,0,1,1.735240364159818
9239,158.19,49,132,240.5,0.02,51,0,0,0,0,0,1,1,1,2,1.6166809521466503
9240,158.21,49,139,239.9,0.02,51,0,0,0,0,0,1,1,1,1,1.673596753773301
9241,158.22,4,11,11.9,0.02,4,0,0,0,1,1,0,2,1,0,3.9831671830662816
9242,158.24,49,148,239.1,0.02,51,0,0,0,0,0,1,1,0,0,1.5674593546590365
9243,158.26,49,104,243.5,0.02,51,0,0,0,0,0,1,1,0,0,1.7319528347780992
9244,158.28,49,132,240.7,0.02,51,0,0,0,0,0,1,1,0,0,1.6666994807486277
9245,158.3,49,127,242.0,0.02,51,0,0,0,0,0,1,0,0,2,1.4969838347671232
9246,158.32,49,117,243.2,0.02,51,0,0,0,0,0,1,0,0,0,1.453380358076773
9247,158.33,49,123,241.5,0.02,51,0,0,0,0,0,1,1,0,1,1.7566873081781629
9248,158.36,49,136,241.3,0.02,51,0,0,0,0,0,1,0,0,0,1.5843796177299327
9249,158.37,31,70,142.8,0.02,31,0,0,0,1,1,0,0,2,2,1.6056859882118533
9250,158.39,49,141,240.7,0.02,51,0,0,0,0,0,1,0,1,1,1.5028360560629541
9251,158.41,49,128,242.0,0.02,51,0,0,0,0,0,1,0,2,1,1.597547883084786
9252,158.43,49,142,238.6,0.02,51,0,0,0,0,0,1,2,0,1,1.5622936703452501
9253,158.45,49,144,240.4,0.02,51,0,0,0,0,0,1,0,1,1,1.5121281651803027
9254,158.47,49,119,243.0,0.02,51,0,0,0,0,0,1,0,0,0,1.6246702321932043
9255,158.49,49,126,242.3,0.02,51,0,0,0,0,0,1,0,0,0,1.7099505282508702
9256,158.52,49,151,238.7,0.02,51,0,0,0,0,0,1,1,0,1,1.619951485550888
9257,158.54,49,142,240.7,0.02,51,0,0,0,0,0,1,0,1,0,1.5536145205554912
9258,158.56,49,132,240.6,0.02,51,0,0,0,0,0,1,1,0,1,1.8185569527253478
9259,158.58,49,141,237.6,0.02,51,0,0,0,0,0,1,3,0,2,1.7972234892400152
9260,158.6,49,118,242.1,0.02,51,0,0,0,0,0,1,1,0,0,1.6051389398105989
9261,158.62,49,132,241.7,0.02,51,0,0,0,0,0,1,0,0,0,1.601597259286086
9262,158.64,49,134,241.4,0.02,51,0,0,0,0,0,1,0,0,1,1.340204369819612
9263,158.66,49,121,241.8,0.02,51,0,0,0,0,0,1,1,0,0,1.783291580515271
9264,158.68,49,128,241.1,0.02,51,0,0,0,0,0,1,1,0,0,1.4987988810396662
9265,158.7,49,159,238.8,0.02,51,0,0,0,0,0,1,0,0,2,1.3995026529120742
9266,158.72,49,130,240.8,0.02,51,0,0,0,0,0,1,1,1,1,1.5740253209517119
9267,158.73,21,59,91.7,0.02,21,0,0,0,1,1,0,2,2,4,1.7138724272735772
9268,158.74,13,50,52.8,0.02,13,0,0,0,1,1,0,2,1,2,1.3612829192113878
9269,158.75,17,36,72.4,0.02,17,0,0,0,1,1,0,4,1,0,2.3513539861628345
9270,158.76,16,35,70.5,0.02,16,0,0,0,1,1,0,1,1,0,1.577341332837188
9271,158.76,2,8,3.2,0.02,2,0,0,0,1,1,0,1,1,0,4.836977801418216
9272,158.77,19,62,79.3,0.02,19,0,0,0,1,1,0,4,1,5,1.604646460478298
9273,158.78,4,44,3.7,0.02,4,0,0,0,1,1,0,6,1,9,1.9680376370168302
9274,158.8,44,127,199.0,0.02,44,0,0,0,1,1,0,3,1,3,1.7184938835954962
9275,158.82,49,135,240.3,0.02,51,0,0,0,0,0,1,1,0,1,1.703812712586213
9276,158.84,45,128,205.1,0.02,45,0,0,0,1,1,0,2,2,1,1.7894390610976016
9277,158.86,49,149,237.7,0.02,51,0,0,0,0,0,1,2,0,3,1.7077351459554233
9278,158.88,39,87,178.3,0.02,39,0,0,0,1,1,0,3,1,0,1.7622214377992276
9279,158.89,49,121,242.8,0.02,51,0,0,0,0,0,1,0,0,0,1.6704024587182238
9280,158.9,17,39,73.1,0.02,17,0,0,0,1,1,0,3,1,0,1.8310698094096909
9281,158.92,49,126,242.2,0.02,51,0,0,0,0,0,1,0,1,1,1.7537202870001873
9282,158.94,49,142,239.6,0.02,51,0,0,0,0,0,1,1,0,1,1.6872157212324008
9283,158.97,49,135,241.4,0.02,51,0,0,0,0,0,1,0,0,0,1.66223274132559
9284,158.99,49,126,242.2,0.02,51,0,0,0,0,0,1,0,0,1,1.9192492977782374
9285,159.0,33,77,150.1,0.02,33,0,0,0,1,1,0,2,1,2,1.482701232558336
9286,159.02,49,137,241.0,0.02,51,0,0,0,0,0,1,0,2,2,1.733446405396542
9287,159.03,11,30,44.9,0.02,11,0,0,0,1,1,0,2,1,1,2.4918205976714813
9288,159.05,49,129,240.9,0.02,51,0,0,0,0,0,1,1,0,1,1.9353355982698566
9289,159.07,49,129,240.0,0.02,51,0,0,0,0,0,1,2,0,0,1.6578673599862512
9290,159.08,33,84,148.3,0.02,33,0,0,0,1,1,0,3,1,3,1.7098055781255113
9291,159.1,49,137,239.0,0.02,51,0,0,0,0,0,1,2,0,2,1.640222192083019
9292,159.12,49,131,241.8,0.02,51,0,0,0,0,0,1,0,0,0,1.6450972425224686
9293,159.14,49,127,242.0,0.02,51,0,0,0,0,0,1,0,2,2,1.6963021421419968
9294,159.16,13,109,45.1,0.02,13,0,0,0,1,1,0,3,1,10,1.671482093197806
9295,159.18,35,105,156.1,0.02,35,0,0,0,1,1,0,3,1,4,1.8184320820641968
9296,159.18,4,15,8.5,0.02,4,0,0,0,1,1,0,5,1,0,3.080119722231277
9297,159.18,2,14,3.2,0.02,2,0,0,0,1,1,0,0,1,4,2.3999741526531557
9298,159.19,26,56,118.4,0.02,26,0,0,0,1,1,0,1,1,0,1.7145473473418331
9299,159.21,49,115,243.3,0.02,51,0,0,0,0,0,1,0,1,1,1.9801073330484982
9300,159.23,49,123,240.6,0.02,51,0,0,0,0,0,1,2,1,0,1.680671049641227
9301,159.25,49,139,241.0,0.02,51,0,0,0,0,0,1,0,0,0,1.917351186160224
9302,159.26,11,51,40.9,0.02,11,0,0,0,1,1,0,4,1,0,2.129486430712737
9303,159.28,49,131,241.7,0.02,51,0,0,0,0,0,1,0,0,1,1.7377883190854924
9304,159.3,49,131,241.7,0.02,51,0,0,0,0,0,1,0,0,1,1.594018311190465
9305,159.32,50,140,235.8,0.02,50,0,0,0,0,0,1,0,1,1,1.5690670546794045
9306,159.35,49,141,238.8,0.02,51,0,0,0,0,0,1,2,0,0,1.422192735458865
9307,159.37,49,169,237.6,0.02,51,0,0,0,0,0,1,0,0,4,1.6254050784565028
9308,159.39,49,134,241.4,0.02,51,0,0,0,0,0,1,0,0,1,1.6495575651652241
9309,159.41,49,139,241.0,0.02,51,0,0,0,0,0,1,0,0,0,1.583089693110776
9310,159.43,49,122,241.7,0.02,51,0,0,0,0,0,1,1,0,0,1.5782670560124374
9311,159.46,49,152,236.7,0.02,51,0,0,0,0,0,1,3,1,0,1.628610533574008
9312,159.48,49,132,241.6,0.02,51,0,0,0,0,0,1,0,1,1,1.739173775313766
9313,159.5,49,163,237.6,0.02,51,0,0,0,0,0,1,1,0,0,1.4511001973769886
9314,159.5,1,6,-4.6,0.02,1,0,0,0,1,1,0,4,1,0,5.324553186090499
9315,159.51,18,44,72.6,0.02,18,0,0,0,1,1,0,8,1,0,2.0094917786097275
9316,159.53,49,138,239.1,0.02,51,0,0,0,0,0,1,2,1,0,1.7444801946733395
9317,159.55,49,132,241.6,0.02,51,0,0,0,0,0,1,0,1,1,1.661742014268093
9318,159.58,49,155,237.3,0.02,51,0,0,0,0,0,1,2,1,1,1.626861758267464
9319,159.59,38,91,175.9,0.02,38,0,0,0,1,1,0,0,1,0,1.877319470350538
9320,159.62,49,131,241.8,0.02,51,0,0,0,0,0,1,0,0,0,1.7350197327739958
9321,159.64,49,125,242.3,0.02,51,0,0,0,0,0,1,0,0,1,1.7185071347670555
9322,159.66,49,131,239.6,0.02,51,0,0,0,0,0,1,2,0,2,1.8057851700786516
9323,159.66,15,29,64.1,0.02,15,0,0,0,1,1,0,3,1,0,2.2654337340036186
9324,159.68,49,122,241.6,0.02,51,0,0,0,0,0,1,1,1,1,1.438763962333211
9325,159.7,49,143,240.6,0.02,51,0,0,0,0,0,1,0,0,0,1.709936359393772
9326,159.72,49,120,242.9,0.02,51,0,0,0,0,0,1,0,0,0,1.73090254911762
9327,159.74,49,140,240.8,0.02,51,0,0,0,0,0,1,0,0,1,1.5650418898312022
9328,159.76,49,129,242.0,0.02,51,0,0,0,0,0,1,0,1,0,1.6759332863706575
9329,159.77,23,42,104.8,0.02,23,0,0,0,1,1,0,1,1,0,2.5580077872680094
9330,159.79,49,118,243.1,0.02,51,0,0,0,0,0,1,0,1,0,1.925932018405042
9331,159.79,4,11,13.9,0.02,4,0,0,0,1,1,0,0,1,0,2.760468898539628
9332,159.81,49,131,241.8,0.02,51,0,0,0,0,0,1,0,0,0,1.6571306461536504
9333,159.83,49,133,241.6,0.02,51,0,0,0,0,0,1,0,0,0,1.6441718834980248
9334,159.86,49,139,241.0,0.02,51,0,0,0,0,0,1,0,0,0,1.5268826293816862
9335,159.88,49,133,240.5,0.02,51,0,0,0,0,0,1,1,1,1,1.6376629966239973
9336,159.89,34,82,153.6,0.02,34,0,0,0,1,1,0,3,1,2,1.5001219380231925
9337,159.91,49,139,238.9,0.02,51,0,0,0,0,0,1,2,0,1,1.661999406212558
9338,159.93,49,138,240.1,0.02,51,0,0,0,0,0,1,1,0,0,1.4596394940249446
9339,159.94,4,13,11.6,0.02,4,0,0,0,1,1,0,2,1,1,2.65996792385346
9340,159.96,49,141,238.8,0.02,51,0,0,0,0,0,1,2,0,0,1.7633608018632383
9341,159.98,49,128,242.1,0.02,51,0,0,0,0,0,1,0,0,0,1.6202288065179777
9342,160.0,49,126,242.3,0.02,51,0,0,0,0,0,1,0,0,0,1.4697558301693183
9343,160.02,49,148,238.9,0.02,51,0,0,0,0,0,1,1,0,2,1.5766307458295312
9344,160.04,49,123,241.6,0.02,51,0,0,0,0,0,1,1,1,0,1.6510268385003302
9345,160.06,49,127,242.2,0.02,51,0,0,0,0,0,1,0,2,0,1.6240593529709881
9346,160.08,49,131,240.7,0.02,51,0,0,0,0,0,1,1,0,1,1.5536423523535563
9347,160.1,49,123,241.6,0.02,51,0,0,0,0,0,1,1,0,0,1.643933975559553
9348,160.12,49,131,241.8,0.02,51,0,0,0,0,0,1,0,0,0,1.577746547834728
9349,160.14,49,143,239.5,0.02,51,0,0,0,0,0,1,1,0,1,1.7574898441411255
9350,160.17,49,142,239.6,0.02,51,0,0,0,0,0,1,1,1,1,1.5798670948076114
9351,160.19,49,128,240.1,0.02,51,0,0,0,0,0,1,2,2,0,1.7104797278294284
9352,160.21,49,139,241.0,0.02,51,0,0,0,0,0,1,0,0,0,1.6059880238592226
9353,160.23,49,126,241.3,0.02,51,0,0,0,0,0,1,1,0,0,1.6383187439552458
9354,160.25,49,134,241.5,0.02,51,0,0,0,0,0,1,0,2,0,1.8512049384876326
9355,160.27,49,136,241.3,0.02,51,0,0,0,0,0,1,0,1,0,1.5992855641364931
9356,160.29,49,138,241.1,0.02,51,0,0,0,0,0,1,0,2,0,1.5587420065599877
9357,160.31,49,138,241.1,0.02,51,0,0,0,0,0,1,0,0,0,1.4149545891751236
9358,160.33,49,137,240.2,0.02,51,0,0,0,0,0,1,1,1,0,1.5074787065036765
9359,160.35,49,124,242.5,0.02,51,0,0,0,0,0,1,0,1,0,1.6722824930482736
9360,160.37,49,130,241.9,0.02,51,0,0,0,0,0,1,0,1,0,1.699325865544498
9361,160.39,49,128,241.1,0.02,51,0,0,0,0,0,1,1,0,0,1.555565738236841
9362,160.41,49,120,242.8,0.02,51,0,0,0,0,0,1,0,1,1,1.5230659918438816
9363,160.43,44,107,201.2,0.02,44,0,0,0,1,1,0,3,1,1,1.6472458670420531
9364,160.45,18,149,67.1,0.02,18,0,0,0,1,1,0,3,1,0,1.1526611936131677
9365,160.47,49,123,242.6,0.02,51,0,0,0,0,0,1,0,0,0,1.7659985313461428
9366,160.5,49,144,240.4,0.02,51,0,0,0,0,0,1,0,0,1,1.5630191578769517
9367,160.52,49,137,241.2,0.02,51,0,0,0,0,0,1,0,0,0,1.674536718795831
9368,160.54,49,133,240.5,0.02,51,0,0,0,0,0,1,1,0,1,1.7632405100933375
9369,160.56,49,111,242.7,0.02,51,0,0,0,0,0,1,1,0,1,1.657974350935459
9370,160.57,41,88,190.2,0.02,41,0,0,0,1,1,0,1,1,0,1.720053291589806
9371,160.59,49,128,241.1,0.02,51,0,0,0,0,0,1,1,0,0,1.596708302988524
9372,160.61,49,146,239.3,0.02,51,0,0,0,0,0,1,1,0,0,1.6249694046112515
9373,160.63,49,134,241.4,0.02,51,0,0,0,0,0,1,0,0,1,1.716264033958555
9374,160.66,49,145,240.3,0.02,51,0,0,0,0,0,1,0,0,1,1.6582199820515526
9375,160.68,49,139,240.0,0.02,51,0,0,0,0,0,1,1,0,0,1.7398581714939187
9376,160.7,49,123,242.5,0.02,51,0,0,0,0,0,1,0,1,1,1.932238063335601
9377,160.72,49,139,240.0,0.02,51,0,0,0,0,0,1,1,0,0,1.6920056271349597
9378,160.74,49,134,239.4,0.02,51,0,0,0,0,0,1,2,0,1,1.5709602592833976
9379,160.76,49,125,242.4,0.02,51,0,0,0,0,0,1,0,0,0,1.8519176497314223
9380,160.78,49,138,239.1,0.02,51,0,0,0,0,0,1,2,0,0,1.628054381804086
9381,160.8,49,122,242.6,0.02,51,0,0,0,0,0,1,0,0,1,1.4558255208284134
9382,160.82,49,144,240.4,0.02,51,0,0,0,0,0,1,0,0,1,1.6194446022355373
9383,160.84,49,129,240.9,0.02,51,0,0,0,0,0,1,1,0,1,1.6062101886676272
9384,160.87,50,147,234.2,0.02,50,0,0,0,0,0,1,1,2,0,1.528299631794385
9385,160.89,49,129,240.9,0.02,51,0,0,0,0,0,1,1,0,1,1.6448801871087928
9386,160.91,49,127,241.2,0.02,51,0,0,0,0,0,1,1,0,0,1.6877057644088704
9387,160.93,49,136,239.2,0.02,51,0,0,0,0,0,1,2,0,1,1.5497295541073788
9388,160.95,49,113,225.6,0.02,49,0,0,0,1,1,0,3,2,1,1.7391417897243169
9389,160.97,49,146,237.2,0.02,51,0,0,0,0,0,1,3,1,1,1.5939087664619291
9390,160.99,50,147,225.3,0.02,50,0,0,0,1,1,0,5,2,0,1.669911224724223
9391,161.0,19,55,83.2,0.02,19,0,0,0,1,1,0,1,1,3,1.8435746146932945
9392,161.03,49,159,238.9,0.02,51,0,0,0,0,0,1,0,1,1,1.4908857037546455
9393,161.05,49,135,241.3,0.02,51,0,0,0,0,0,1,0,0,1,1.5393551834155677
9394,161.07,49,141,240.8,0.02,51,0,0,0,0,0,1,0,0,0,1.4168072317302411
9395,161.09,49,126,242.1,0.02,51,0,0,0,0,0,1,0,0,2,1.439367476561196
9396,161.09,8,17,33.3,0.02,8,0,0,0,1,1,0,0,1,0,2.3474122103571693
9397,161.09,2,9,1.8,0.02,2,0,0,0,1,1,0,2,1,3,3.58827572797026
9398,161.11,41,98,187.0,0.02,41,0,0,0,1,1,0,3,2,2,1.7831100133757285
9399,161.13,49,126,242.2,0.02,51,0,0,0,0,0,1,0,0,1,1.7383963092986237
9400,161.13,5,14,14.6,0.02,5,0,0,0,1,1,0,4,1,0,3.162395496251095
9401,161.14,6,26,19.2,0.02,6,0,0,0,1,1,0,3,2,2,2.1806121751044065
9402,161.14,2,9,1.0,0.02,2,0,0,0,1,1,0,3,1,1,4.304715877689056
9403,161.15,25,65,110.4,0.02,25,0,0,0,1,1,0,3,1,1,1.6398893244982087
9404,161.15,4,14,10.4,0.02,4,0,0,0,1,1,0,3,1,2,3.086940006706238
9405,161.16,19,46,83.1,0.02,19,0,0,0,1,1,0,2,1,3,2.0091831569077074
9406,161.19,49,148,240.0,0.02,51,0,0,0,0,0,1,0,0,1,1.7233904847839236
9407,161.2,29,101,126.3,0.02,29,0,0,0,1,1,0,3,1,6,1.4413820939556576
9408,161.22,49,128,241.1,0.02,51,0,0,0,0,0,1,1,2,0,1.5746473525228533
9409,161.24,49,122,241.7,0.02,51,0,0,0,0,0,1,1,0,0,1.6868044562043354
9410,161.25,3,15,12.3,0.02,4,0,0,0,1,1,0,1,1,2,2.2104145316306805
9411,161.25,5,15,15.2,0.02,5,0,0,0,1,1,0,3,1,3,2.8740137231816343
9412,161.25,6,19,19.1,0.02,6,0,0,0,1,1,0,4,1,0,3.111343309932535
9413,161.28,49,174,236.9,0.02,51,0,0,0,0,0,1,0,1,6,1.6296015971267823
9414,161.3,49,124,242.3,0.02,51,0,0,0,0,0,1,0,0,2,1.5822832737241903
9415,161.32,49,125,240.4,0.02,51,0,0,0,0,0,1,2,0,0,1.65988678288691
9416,161.33,30,69,135.0,0.02,30,0,0,0,1,1,0,3,1,1,1.919420257457749
9417,161.35,49,141,225.7,0.02,49,0,0,0,1,1,0,0,2,2,1.7476098547771808
9418,161.37,41,113,184.5,0.02,41,0,0,0,1,1,0,4,2,2,1.7117564675550925
9419,161.39,49,127,242.2,0.02,51,0,0,0,0,0,1,0,0,0,1.7450017095727148
9420,161.41,49,137,241.0,0.02,51,0,0,0,0,0,1,0,0,2,1.5999840284739215
9421,161.42,15,29,67.1,0.02,15,0,0,0,1,1,0,0,1,0,2.694366731518929
9422,161.44,49,131,240.7,0.02,51,0,0,0,0,0,1,1,0,1,1.7640527475722472
9423,161.46,49,146,239.2,0.02,51,0,0,0,0,0,1,1,1,1,1.658181246601566
9424,161.48,49,131,241.7,0.02,51,0,0,0,0,0,1,0,0,1,1.6861016238371027
9425,161.5,49,136,240.3,0.02,51,0,0,0,0,0,1,1,0,0,1.6158087065171471
9426,161.52,49,133,240.5,0.02,51,0,0,0,0,0,1,1,0,1,1.5751526213447093
9427,161.54,49,126,242.3,0.02,51,0,0,0,0,0,1,0,1,0,1.7523652458175925
9428,161.55,13,29,56.1,0.02,13,0,0,0,1,1,0,1,1,0,2.241171270646043
9429,161.57,49,156,239.3,0.02,51,0,0,0,0,0,1,0,0,0,1.6318211739345865
9430,161.58,0,23,-10.3,0.02,0,0,0,0,1,1,0,3,1,0,2.598898575535725
9431,161.6,49,139,240.0,0.02,51,0,0,0,0,0,1,1,0,0,1.6944705706221432
9432,161.61,22,53,94.2,0.02,22,0,0,0,1,1,0,5,2,5,2.228565620096964
9433,161.61,1,13,0.5,0.02,2,0,0,0,1,1,0,3,1,2,2.791497646923697
9434,161.63,49,153,239.5,0.02,51,0,0,0,0,0,1,0,1,1,1.4973471983358253
9435,161.65,36,94,161.6,0.02,36,0,0,0,1,1,0,4,1,0,1.8199909426064624
9436,161.65,4,29,7.8,0.02,4,0,0,0,1,1,0,4,1,3,2.4347347112911026
9437,161.67,25,71,108.9,0.02,25,0,0,0,1,1,0,4,2,0,1.8588596682130198
9438,161.67,1,38,-6.8,0.02,1,0,0,0,1,1,0,3,1,0,1.7547885402165695
9439,161.68,25,56,110.3,0.02,25,0,0,0,1,1,0,4,2,1,2.0096894651291137
9440,161.71,49,177,236.0,0.02,51,0,0,0,0,0,1,1,1,2,1.823331226199061
9441,161.71,11,31,43.9,0.02,11,0,0,0,1,1,0,3,1,0,2.486685225603892
9442,161.72,20,39,89.0,0.02,20,0,0,0,1,1,0,2,1,1,1.8692803831805485
9443,161.73,31,62,139.6,0.02,31,0,0,0,1,1,0,4,1,2,1.8966474129487179
9444,161.74,15,35,62.5,0.02,15,0,0,0,1,1,0,4,1,0,2.0476797456874807
9445,161.76,49,134,238.5,0.02,51,0,0,0,0,0,1,3,0,0,1.820916771488127
9446,161.78,49,133,241.6,0.02,51,0,0,0,0,0,1,0,0,0,1.7714596105505334
9447,161.8,49,121,241.8,0.02,51,0,0,0,0,0,1,1,0,0,1.8808750005110335
9448,161.8,1,23,-5.5,0.02,1,0,0,0,1,1,0,3,1,2,2.834391384821331
9449,161.82,49,131,241.8,0.02,51,0,0,0,0,0,1,0,0,0,1.7751008008751292
9450,161.83,30,66,135.4,0.02,30,0,0,0,1,1,0,3,1,0,2.1787297684693514
9451,161.85,49,124,241.4,0.02,51,0,0,0,0,0,1,1,0,1,1.8181880786412798
9452,161.88,49,134,240.1,0.02,51,0,0,0,0,0,1,1,0,4,1.7387740486217085
9453,161.9,49,141,239.8,0.02,51,0,0,0,0,0,1,1,1,0,1.859081549693917
9454,161.91,26,75,114.5,0.02,26,0,0,0,1,1,0,3,1,0,1.6119581091394328
9455,161.93,49,119,239.9,0.02,51,0,0,0,0,0,1,3,0,1,1.708942277970201
9456,161.94,26,55,119.5,0.02,26,0,0,0,1,1,0,0,1,0,1.7296398903858357
9457,161.95,4,17,10.3,0.02,4,0,0,0,1,1,0,3,1,0,2.599314483648237
9458,161.95,15,40,65.9,0.02,15,0,0,0,1,1,0,0,1,1,2.234455558642679
9459,161.97,49,126,242.2,0.02,51,0,0,0,0,0,1,0,0,1,1.7905877650339008
9460,161.98,22,64,93.6,0.02,22,0,0,0,1,1,0,5,2,0,1.61433755713507
9461,162.01,49,161,234.2,0.02,51,0,0,0,0,0,1,4,1,6,1.9063897672812449
9462,162.03,49,126,241.3,0.02,51,0,0,0,0,0,1,1,0,0,1.6495643643112903
9463,162.05,49,122,241.7,0.02,51,0,0,0,0,0,1,1,0,0,1.7313863807603065
9464,162.07,49,108,242.0,0.02,51,0,0,0,0,0,1,2,0,1,1.8043556095115378
9465,162.09,49,165,236.4,0.02,51,0,0,0,0,0,1,2,0,0,1.669507490955003
9466,162.11,49,136,241.2,0.02,51,0,0,0,0,0,1,0,0,1,1.6919063468765274
9467,162.13,49,139,240.9,0.02,51,0,0,0,0,0,1,0,0,1,1.4688369945475317
9468,162.16,49,160,238.8,0.02,51,0,0,0,0,0,1,0,0,1,1.6159090270782097
9469,162.18,49,137,240.1,0.02,51,0,0,0,0,0,1,1,2,1,1.8530474117411844
9470,162.18,5,13,18.7,0.02,5,0,0,0,1,1,0,0,1,0,2.708212619617095
9471,162.2,49,134,240.5,0.02,51,0,0,0,0,0,1,1,1,0,1.5438893703050747
9472,162.22,49,121,242.6,0.02,51,0,0,0,0,0,1,0,0,2,1.7080525470643961
9473,162.24,49,117,242.9,0.02,51,0,0,0,0,0,1,0,0,3,1.7885366699853211
9474,162.26,49,119,241.9,0.02,51,0,0,0,0,0,1,1,1,1,2.123961039001637
9475,162.26,6,16,26.3,0.02,7,0,0,0,1,1,0,2,1,1,2.4072379829831103
9476,162.27,17,46,72.0,0.02,17,0,0,0,1,1,0,3,2,4,2.1879170835527733
9477,162.28,2,22,-2.2,0.02,2,0,0,0,1,1,0,5,1,0,2.740559518906348
9478,162.29,19,46,87.3,0.02,20,0,0,0,1,1,0,3,2,1,1.7493507029188298
9479,162.29,4,24,7.6,0.02,4,0,0,0,1,1,0,5,1,0,2.506460283120789
9480,162.3,31,62,139.7,0.02,31,0,0,0,1,1,0,4,1,1,1.7962141249752206
9481,162.31,9,33,33.7,0.02,9,0,0,0,1,1,0,3,1,0,1.9243402965898637
9482,162.31,2,15,-0.5,0.02,2,0,0,0,1,1,0,4,1,0,2.9544840410944473
9483,162.34,49,167,219.3,0.02,49,0,0,0,1,1,0,4,2,0,1.6594808872471025
9484,162.34,5,17,15.1,0.02,5,0,0,0,1,1,0,3,1,2,2.589425616225449
9485,162.34,1,8,-4.9,0.02,1,0,0,0,1,1,0,4,1,1,4.691364251086932
9486,162.35,22,73,94.6,0.02,22,0,0,0,1,1,0,3,1,1,1.6462959931432821
9487,162.37,49,119,242.0,0.02,51,0,0,0,0,0,1,1,0,0,1.7649682324014289
9488,162.39,49,138,240.1,0.02,51,0,0,0,0,0,1,1,0,0,1.6676861460121288
9489,162.42,49,149,234.1,0.02,51,0,0,0,0,0,1,5,1,9,1.7388095719270544
9490,162.44,49,141,240.8,0.02,51,0,0,0,0,0,1,0,0,0,1.4538076083792202
9491,162.46,49,143,240.6,0.02,51,0,0,0,0,0,1,0,0,0,1.4946905197187823
9492,162.48,49,133,241.6,0.02,51,0,0,0,0,0,1,0,0,0,1.5137014332875773
9493,162.5,49,125,242.4,0.02,51,0,0,0,0,0,1,0,2,0,1.7728190970918276
9494,162.52,49,125,241.4,0.02,51,0,0,0,0,0,1,1,1,0,1.5736347452211978
9495,162.54,49,131,240.7,0.02,51,0,0,0,0,0,1,1,0,1,1.618623754911582
9496,162.56,49,123,241.5,0.02,51,0,0,0,0,0,1,1,0,1,1.8400520708150572
9497,162.58,49,137,239.0,0.02,51,0,0,0,0,0,1,2,0,2,1.8646650307716257
9498,162.6,49,132,240.7,0.02,51,0,0,0,0,0,1,1,0,0,1.8286923338556043
9499,162.62,49,116,241.3,0.02,51,0,0,0,0,0,1,2,0,0,1.653051144135167
9500,162.62,5,17,14.3,0.02,5,0,0,0,1,1,0,4,1,0,2.3143791191848484
9501,162.64,49,122,242.7,0.02,51,0,0,0,0,0,1,0,1,0,1.6854880173630538
9502,162.65,21,50,90.0,0.02,21,0,0,0,1,1,0,5,1,0,1.8775113152543113
9503,162.67,49,132,239.6,0.02,51,0,0,0,0,0,1,2,1,1,1.5979069609444339
9504,162.7,49,133,241.6,0.02,51,0,0,0,0,0,1,0,0,0,1.8187762480940326
9505,162.72,49,148,239.1,0.02,51,0,0,0,0,0,1,1,0,0,1.5005520393410423
9506,162.74,49,138,241.0,0.02,51,0,0,0,0,0,1,0,2,1,1.624392611234735
9507,162.76,49,141,240.8,0.02,51,0,0,0,0,0,1,0,0,0,1.5621978451387266
9508,162.78,50,117,238.2,0.02,50,0,0,0,0,0,1,0,1,0,1.6374214924167554
9509,162.8,49,134,240.5,0.02,51,0,0,0,0,0,1,1,0,0,1.6725399200350046
9510,162.82,49,121,241.7,0.02,51,0,0,0,0,0,1,1,0,1,1.5782188644324335
9511,162.84,49,119,243.0,0.02,51,0,0,0,0,0,1,0,0,0,1.6435014048006527
9512,162.86,45,95,209.4,0.02,45,0,0,0,1,1,0,1,1,1,1.854032103066803
9513,162.87,49,120,241.9,0.02,51,0,0,0,0,0,1,1,0,0,1.8448580471588156
9514,162.89,26,71,114.8,0.02,26,0,0,0,1,1,0,3,1,1,1.811598762157466
9515,162.91,49,147,238.2,0.02,51,0,0,0,0,0,1,2,0,0,1.6237409932990123
9516,162.92,1,34,-7.4,0.02,1,0,0,0,1,1,0,4,1,0,2.3833583093123574
9517,162.93,33,86,147.4,0.02,33,0,0,0,1,1,0,4,1,0,1.7740748819252283
9518,162.96,49,158,231.5,0.02,51,0,0,0,0,0,1,7,0,6,1.6382342065524793
9519,162.96,11,36,42.4,0.02,11,0,0,0,1,1,0,4,1,0,1.8402075002068443
9520,162.98,41,133,184.5,0.02,41,0,0,0,1,1,0,2,2,2,1.737748226280323
9521,163.0,43,119,191.6,0.02,43,0,0,0,1,1,0,6,1,5,1.7973604242838674
9522,163.02,49,126,242.3,0.02,51,0,0,0,0,0,1,0,0,0,1.8298576779743034
9523,163.04,49,149,239.0,0.02,51,0,0,0,0,0,1,1,1,0,1.6793096314936002
9524,163.07,49,138,240.1,0.02,51,0,0,0,0,0,1,1,1,0,1.7994900443782278
9525,163.09,49,125,240.4,0.02,51,0,0,0,0,0,1,2,0,0,1.6063316731041177
9526,163.11,49,143,238.6,0.02,51,0,0,0,0,0,1,2,0,0,1.664711672371247
9527,163.13,49,128,242.0,0.02,51,0,0,0,0,0,1,0,1,1,1.7254822952738864
9528,163.15,50,132,235.6,0.02,50,0,0,0,0,0,1,1,1,1,1.4299767867986948
9529,163.17,49,137,241.1,0.02,51,0,0,0,0,0,1,0,0,1,1.7605975726448535
9530,163.19,49,132,241.7,0.02,51,0,0,0,0,0,1,0,1,0,1.8048613346261955
9531,163.2,27,60,120.0,0.02,27,0,0,0,1,1,0,4,1,0,1.4245638277225063
9532,163.22,49,128,241.1,0.02,51,0,0,0,0,0,1,1,1,0,1.693350904665515
9533,163.24,49,128,236.7,0.02,51,0,0,0,0,0,1,5,0,4,1.763666672773143
9534,163.26,49,132,241.7,0.02,51,0,0,0,0,0,1,0,1,0,1.8947134610950507
9535,163.29,49,143,240.6,0.02,51,0,0,0,0,0,1,0,2,0,1.5974030113077502
9536,163.29,10,23,39.7,0.02,10,0,0,0,1,1,0,3,1,0,2.756148828434905
9537,163.31,49,151,239.8,0.02,51,0,0,0,0,0,1,0,0,0,1.6045309431249108
9538,163.32,7,17,26.2,0.02,7,0,0,0,1,1,0,2,1,1,2.620851681533258
9539,163.32,6,18,21.1,0.02,6,0,0,0,1,1,0,2,1,1,2.8986724631078804
9540,163.33,16,52,66.7,0.02,16,0,0,0,1,1,0,3,1,1,2.186996564417836
9541,163.34,34,87,153.1,0.02,34,0,0,0,1,1,0,3,1,2,1.6050586405329643
9542,163.37,49,151,239.6,0.02,51,0,0,0,0,0,1,0,2,2,1.842316665037453
9543,163.38,49,111,243.8,0.02,51,0,0,0,0,0,1,0,0,0,1.7307987637069513
9544,163.39,2,27,-2.0,0.02,2,0,0,0,1,1,0,4,1,3,2.2486663556487625
9545,163.39,11,27,52.2,0.02,12,0,0,0,1,1,0,0,1,1,1.9594832447276582
9546,163.41,19,99,75.5,0.02,19,0,0,0,1,1,0,4,2,6,1.8738925346315523
9547,163.42,5,31,13.9,0.02,5,0,0,0,1,1,0,3,1,0,2.551379287564939
9548,163.43,25,73,109.2,0.02,25,0,0,0,1,1,0,3,1,5,1.8496789555992508
9549,163.43,5,14,18.4,0.02,5,0,0,0,1,1,0,0,1,2,3.114279825715061
9550,163.45,27,75,121.3,0.02,27,0,0,0,1,1,0,1,1,2,1.703526485121655
9551,163.45,22,51,94.9,0.02,22,0,0,0,1,1,0,5,1,0,1.8156535828130467
9552,163.46,2,33,-0.5,0.02,2,0,0,0,1,1,0,2,1,2,1.926963203442336
9553,163.48,49,143,239.4,0.02,51,0,0,0,0,0,1,1,1,2,1.7254697195908686
9554,163.51,49,149,237.9,0.02,51,0,0,0,0,0,1,2,1,1,1.6940092063699494
9555,163.53,49,141,240.7,0.02,51,0,0,0,0,0,1,0,1,1,1.6995501324780227
9556,163.55,49,125,241.3,0.02,51,0,0,0,0,0,1,1,0,1,1.7633775890902474
9557,163.57,49,135,240.3,0.02,51,0,0,0,0,0,1,1,1,1,1.6448311568112473
9558,163.59,49,128,241.1,0.02,51,0,0,0,0,0,1,1,0,0,1.7546880080180198
9559,163.61,49,131,241.6,0.02,51,0,0,0,0,0,1,0,0,2,1.8023146276660258
9560,163.63,49,125,242.4,0.02,51,0,0,0,0,0,1,0,0,0,1.6890158471305474
9561,163.65,49,125,241.4,0.02,51,0,0,0,0,0,1,1,0,0,1.750460970518672
9562,163.67,49,138,241.1,0.02,51,0,0,0,0,0,1,0,1,0,1.5752005276996968
9563,163.69,49,131,241.8,0.02,51,0,0,0,0,0,1,0,0,0,1.596022789543893
9564,163.69,3,11,8.9,0.02,3,0,0,0,1,1,0,0,1,0,2.894737693592427
9565,163.71,49,122,241.6,0.02,51,0,0,0,0,0,1,1,0,1,1.8791524946440976
9566,163.74,49,131,240.8,0.02,51,0,0,0,0,0,1,1,1,0,1.7434014618272884
9567,163.76,49,143,239.5,0.02,51,0,0,0,0,0,1,1,1,1,1.5697175938711179
9568,163.78,49,138,241.1,0.02,51,0,0,0,0,0,1,0,0,0,1.6086131385454068
9569,163.8,49,125,241.4,0.02,51,0,0,0,0,0,1,1,0,0,1.8459179858321295
9570,163.81,32,84,150.3,0.02,33,0,0,0,1,1,0,1,1,3,1.5551141506293842
9571,163.83,49,141,238.8,0.02,51,0,0,0,0,0,1,2,0,0,1.7083466789990909
9572,163.86,49,130,240.9,0.02,51,0,0,0,0,0,1,1,0,0,1.7765390844865838
9573,163.87,44,120,199.0,0.02,44,0,0,0,1,1,0,4,1,0,1.4915596469617527
9574,163.89,49,124,241.4,0.02,51,0,0,0,0,0,1,1,0,1,1.6180326486460497
9575,163.92,49,136,241.3,0.02,51,0,0,0,0,0,1,0,0,0,1.4830796361683547
9576,163.94,49,139,241.0,0.02,51,0,0,0,0,0,1,0,0,0,1.6943960956628588
9577,163.96,49,143,239.6,0.02,51,0,0,0,0,0,1,1,0,0,1.6756186831385536
9578,163.98,49,129,240.0,0.02,51,0,0,0,0,0,1,2,0,0,1.6418990221189917
9579,164.0,49,145,240.4,0.02,51,0,0,0,0,0,1,0,0,0,1.6076990320858588
9580,164.02,49,134,241.4,0.02,51,0,0,0,0,0,1,0,0,1,1.5485717201005016
9581,164.05,49,136,240.2,0.02,51,0,0,0,0,0,1,1,0,1,1.693888027068393
9582,164.06,49,122,242.5,0.02,51,0,0,0,0,0,1,0,0,2,1.7147948311231758
9583,164.09,49,139,237.9,0.02,51,0,0,0,0,0,1,3,0,1,1.7196731528320568
9584,164.11,49,138,239.1,0.02,51,0,0,0,0,0,1,2,1,0,1.5741333331395881
9585,164.13,49,135,241.4,0.02,51,0,0,0,0,0,1,0,0,0,1.6440679747471154
9586,164.15,49,110,243.9,0.02,51,0,0,0,0,0,1,0,0,0,1.8862683771221265
9587,164.17,49,141,240.7,0.02,51,0,0,0,0,0,1,0,0,1,1.569566167614699
9588,164.19,49,148,239.1,0.02,51,0,0,0,0,0,1,1,0,0,1.6251970822352118
9589,164.21,49,128,242.1,0.02,51,0,0,0,0,0,1,0,0,0,1.6038540279698217
9590,164.23,49,155,237.3,0.02,51,0,0,0,0,0,1,2,0,1,1.5450348347971163
9591,164.25,49,130,241.9,0.02,51,0,0,0,0,0,1,0,1,0,1.5253176934017925
9592,164.27,49,133,239.5,0.02,51,0,0,0,0,0,1,2,0,1,1.638771173842539
9593,164.29,49,117,242.2,0.02,51,0,0,0,0,0,1,1,1,0,1.7178546202436364
9594,164.31,49,141,240.8,0.02,51,0,0,0,0,0,1,0,1,0,1.6307773593776218
9595,164.33,49,141,239.7,0.02,51,0,0,0,0,0,1,1,0,1,1.5892821585276207
9596,164.36,49,134,241.4,0.02,51,0,0,0,0,0,1,0,0,1,1.424041221018976
9597,164.38,49,160,238.4,0.02,51,0,0,0,0,0,1,0,0,5,1.7010251029208312
9598,164.38,10,21,39.9,0.02,10,0,0,0,1,1,0,3,1,0,2.164785531400638
9599,164.4,49,131,239.8,0.02,51,0,0,0,0,0,1,2,0,0,1.5978265935131128
9600,164.42,49,133,238.5,0.02,51,0,0,0,0,0,1,3,0,1,1.6029520318630814
9601,164.44,49,130,241.8,0.02,51,0,0,0,0,0,1,0,0,1,1.6396623741947651
9602,164.46,49,128,242.1,0.02,51,0,0,0,0,0,1,0,0,0,1.5381928862881604
9603,164.49,49,140,239.9,0.02,51,0,0,0,0,0,1,1,0,0,1.9022286666331514
9604,164.49,8,15,33.5,0.02,8,0,0,0,1,1,0,0,1,0,2.994250576423087
9605,164.51,49,124,242.4,0.02,51,0,0,0,0,0,1,0,0,1,1.717481082636628
9606,164.53,49,144,239.5,0.02,51,0,0,0,0,0,1,1,0,0,1.6353266115876322
9607,164.55,49,132,241.7,0.02,51,0,0,0,0,0,1,0,1,0,1.595377255692022
9608,164.57,49,135,239.4,0.02,51,0,0,0,0,0,1,2,0,0,1.80443113684513
9609,164.59,49,124,242.5,0.02,51,0,0,0,0,0,1,0,0,0,1.766872239207032
9610,164.61,49,136,241.1,0.02,51,0,0,0,0,0,1,0,2,2,1.7412932707926345
9611,164.63,49,143,240.5,0.02,51,0,0,0,0,0,1,0,0,1,1.6243284916823895
9612,164.65,49,131,241.7,0.02,51,0,0,0,0,0,1,0,0,1,1.5977787802457686
9613,164.67,49,136,240.3,0.02,51,0,0,0,0,0,1,1,1,0,1.631445152757084
9614,164.69,49,124,242.3,0.02,51,0,0,0,0,0,1,0,0,2,1.605672896841855
9615,164.72,49,139,238.9,0.02,51,0,0,0,0,0,1,2,1,1,1.7959920715202469
9616,164.74,49,134,240.5,0.02,51,0,0,0,0,0,1,1,0,0,1.5150843502892304
9617,164.76,49,124,240.4,0.02,51,0,0,0,0,0,1,2,0,1,1.6376926718639262
9618,164.77,49,126,242.3,0.02,51,0,0,0,0,0,1,0,1,0,1.8436601125448002
9619,164.8,49,142,240.7,0.02,51,0,0,0,0,0,1,0,1,0,1.617439511564855
9620,164.82,49,140,240.8,0.02,51,0,0,0,0,0,1,0,0,1,1.4540159665665353
9621,164.84,49,131,241.6,0.02,51,0,0,0,0,0,1,0,0,2,1.5663020398591208
9622,164.86,43,113,195.5,0.02,43,0,0,0,1,1,0,3,1,2,1.5953202663287223
9623,164.88,49,141,240.8,0.02,51,0,0,0,0,0,1,0,0,0,1.6648534833090485
9624,164.9,49,131,240.8,0.02,51,0,0,0,0,0,1,1,1,0,1.6631294956109857
9625,164.92,49,134,241.4,0.02,51,0,0,0,0,0,1,0,0,1,1.7335985125389415
9626,164.94,49,126,240.2,0.02,51,0,0,0,0,0,1,2,2,1,1.7253965461171745
9627,164.96,49,133,241.5,0.02,51,0,0,0,0,0,1,0,0,1,1.658946788223453
9628,164.98,49,126,241.3,0.02,51,0,0,0,0,0,1,1,0,0,1.6044513950734012
9629,165.0,49,161,237.2,0.02,51,0,0,0,0,0,1,1,1,6,1.57247911469242
9630,165.03,49,143,240.6,0.02,51,0,0,0,0,0,1,0,0,0,1.6028198475243376
9631,165.04,39,93,177.5,0.02,39,0,0,0,1,1,0,3,1,2,1.7442470609263336
9632,165.06,28,99,115.2,0.02,28,0,0,0,1,1,0,9,1,9,1.7285865716707756
9633,165.07,37,94,165.5,0.02,37,0,0,0,1,1,0,5,1,1,1.5637782932257356
9634,165.08,23,53,100.4,0.02,23,0,0,0,1,1,0,4,1,3,1.730096159204737
9635,165.1,49,123,241.5,0.02,51,0,0,0,0,0,1,1,1,1,1.9078301363835672
9636,165.12,49,131,240.7,0.02,51,0,0,0,0,0,1,1,0,1,1.8203937719343124
9637,165.14,49,142,240.6,0.02,51,0,0,0,0,0,1,0,0,1,1.5278616436811565
9638,165.16,42,105,194.5,0.02,42,0,0,0,1,1,0,0,1,0,1.8930822013244937
9639,165.18,49,150,239.8,0.02,51,0,0,0,0,0,1,0,0,1,1.6233008264766284
9640,165.2,49,119,243.0,0.02,51,0,0,0,0,0,1,0,0,0,1.832736239683144
9641,165.22,49,127,242.2,0.02,51,0,0,0,0,0,1,0,0,0,1.5719215784645972
9642,165.25,49,135,240.4,0.02,51,0,0,0,0,0,1,1,0,0,1.6476854877311833
9643,165.27,49,134,240.5,0.02,51,0,0,0,0,0,1,1,0,0,1.4246304354160928
9644,165.29,49,147,239.1,0.02,51,0,0,0,0,0,1,1,0,1,1.473535432866513
9645,165.31,49,129,241.9,0.02,51,0,0,0,0,0,1,0,1,1,1.7307415468019949
9646,165.33,49,133,238.6,0.02,51,0,0,0,0,0,1,3,0,0,1.5244099456078917
9647,165.33,6,17,22.3,0.02,6,0,0,0,1,1,0,1,1,0,2.845886866219105
9648,165.36,49,134,240.5,0.02,51,0,0,0,0,0,1,1,0,0,1.593297662015879
9649,165.38,49,127,242.2,0.02,51,0,0,0,0,0,1,0,0,0,1.6238148625868458
9650,165.4,50,134,228.6,0.02,50,0,0,0,1,1,0,3,1,0,1.7423370949079726
9651,165.42,49,129,242.0,0.02,51,0,0,0,0,0,1,0,0,0,1.5606744239591162
9652,165.44,49,119,242.9,0.02,51,0,0,0,0,0,1,0,0,1,1.573294193355448
9653,165.46,49,132,241.6,0.02,51,0,0,0,0,0,1,0,0,1,1.6135187667650943
9654,165.48,49,131,241.8,0.02,51,0,0,0,0,0,1,0,0,0,1.7347722254678837
9655,165.5,49,121,242.8,0.02,51,0,0,0,0,0,1,0,1,0,1.7608922320507967
9656,165.52,49,133,241.6,0.02,51,0,0,0,0,0,1,0,0,0,1.6559893412718723
9657,165.52,1,7,-3.7,0.02,1,0,0,0,1,1,0,3,1,0,4.667040433841009
9658,165.54,49,124,239.4,0.02,51,0,0,0,0,0,1,3,1,1,1.707532989770077
9659,165.56,49,136,240.3,0.02,51,0,0,0,0,0,1,1,0,0,1.660310253813415
9660,165.58,49,135,238.4,0.02,51,0,0,0,0,0,1,3,0,0,1.6775494428869588
9661,165.6,49,134,240.5,0.02,51,0,0,0,0,0,1,1,1,0,1.623040508524499
9662,165.62,49,126,241.3,0.02,51,0,0,0,0,0,1,1,0,0,1.5979772104965828
9663,165.64,49,117,242.1,0.02,51,0,0,0,0,0,1,1,0,1,1.6621421597927282
9664,165.66,49,138,241.0,0.02,51,0,0,0,0,0,1,0,0,1,1.5965258797233248
9665,165.68,49,137,241.2,0.02,51,0,0,0,0,0,1,0,0,0,1.6049074981131548
9666,165.7,49,128,242.1,0.02,51,0,0,0,0,0,1,0,1,0,1.4490289090402027
9667,165.72,36,83,166.7,0.02,36,0,0,0,1,1,0,0,1,0,1.6896634130237795
9668,165.74,49,147,240.2,0.02,51,0,0,0,0,0,1,0,0,0,1.519188159670694
9669,165.76,49,130,239.8,0.02,51,0,0,0,0,0,1,2,0,1,1.7618394170975087
9670,165.78,49,127,240.2,0.02,51,0,0,0,0,0,1,2,2,0,1.7443010724923496
9671,165.8,49,140,239.8,0.02,51,0,0,0,0,0,1,1,1,1,1.7317226381784667
9672,165.83,49,154,237.4,0.02,51,0,0,0,0,0,1,2,1,1,1.5956190267763932
9673,165.85,49,117,242.2,0.02,51,0,0,0,0,0,1,1,1,0,1.803889103581602
9674,165.87,49,129,242.0,0.02,51,0,0,0,0,0,1,0,1,0,1.652228530579458
9675,165.89,49,146,240.1,0.02,51,0,0,0,0,0,1,0,1,2,1.3978799367576489
9676,165.91,40,92,184.8,0.02,40,0,0,0,1,1,0,1,1,0,1.5424714727675006
9677,165.93,49,158,236.9,0.02,51,0,0,0,0,0,1,2,0,2,1.5226227980608134
9678,165.96,49,139,239.9,0.02,51,0,0,0,0,0,1,1,0,1,1.579471672740706
9679,165.97,30,74,137.6,0.02,30,0,0,0,1,1,0,0,2,0,1.7922085830352714
9680,165.99,49,126,242.3,0.02,51,0,0,0,0,0,1,0,1,0,1.7227365728798447
9681,166.01,49,123,242.6,0.02,51,0,0,0,0,0,1,0,1,0,1.6679969228599307
9682,166.03,49,145,237.3,0.02,51,0,0,0,0,0,1,3,0,1,1.7580297154624251
9683,166.05,49,140,237.9,0.02,51,0,0,0,0,0,1,3,0,0,1.4743269689245726
9684,166.07,49,129,242.0,0.02,51,0,0,0,0,0,1,0,0,0,1.7158143212300256
9685,166.09,49,123,241.5,0.02,51,0,0,0,0,0,1,1,0,1,1.6880558481299048
9686,166.12,49,134,241.4,0.02,51,0,0,0,0,0,1,0,0,1,1.6182590797091676
9687,166.13,36,83,163.7,0.02,36,0,0,0,1,1,0,3,1,0,1.6896969231280878
9688,166.15,49,133,241.6,0.02,51,0,0,0,0,0,1,0,1,0,1.636788077005566
9689,166.17,49,127,242.2,0.02,51,0,0,0,0,0,1,0,0,0,1.6622507313927435
9690,166.19,49,141,239.7,0.02,51,0,0,0,0,0,1,1,0,1,1.8221226895857972
9691,166.21,49,131,241.7,0.02,51,0,0,0,0,0,1,0,0,1,1.6142308228229847
9692,166.23,49,136,239.2,0.02,51,0,0,0,0,0,1,2,0,1,1.50597955542386
9693,166.25,49,122,241.6,0.02,51,0,0,0,0,0,1,1,0,1,1.5973369179062764
9694,166.28,49,147,238.1,0.02,51,0,0,0,0,0,1,2,0,1,1.8449098261577173
9695,166.29,49,115,242.3,0.02,51,0,0,0,0,0,1,1,0,1,1.8415947197946256
9696,166.31,49,125,241.3,0.02,51,0,0,0,0,0,1,1,0,1,1.611776796830107
9697,166.33,49,125,242.4,0.02,51,0,0,0,0,0,1,0,0,0,1.6477865018097702
9698,166.36,49,141,240.7,0.02,51,0,0,0,0,0,1,0,1,1,1.6253928497339265
9699,166.38,49,128,242.1,0.02,51,0,0,0,0,0,1,0,0,0,1.6276701033738008
9700,166.4,49,131,241.8,0.02,51,0,0,0,0,0,1,0,0,0,1.6146403767235027
9701,166.42,49,130,240.9,0.02,51,0,0,0,0,0,1,1,0,0,1.687472164858642
9702,166.44,49,121,241.7,0.02,51,0,0,0,0,0,1,1,0,1,1.4404965094323465
9703,166.46,49,127,242.0,0.02,51,0,0,0,0,0,1,0,0,2,1.6415780094599821
9704,166.49,27,136,112.9,0.02,27,0,0,0,1,1,0,3,1,5,1.8205036594724033
9705,166.49,5,19,15.1,0.02,5,0,0,0,1,1,0,3,2,0,2.856472924259042
9706,166.51,35,96,156.4,0.02,35,0,0,0,1,1,0,4,1,0,1.4570428897944703
9707,166.52,20,79,82.0,0.02,20,0,0,0,1,1,0,5,2,1,1.7951767533681007
9708,166.52,17,30,73.0,0.02,17,0,0,0,1,1,0,4,1,0,2.252074684037138
9709,166.55,49,160,235.2,0.02,51,0,0,0,0,0,1,3,2,7,1.8254908806719126
9710,166.57,49,138,238.1,0.02,51,0,0,0,0,0,1,3,0,0,1.8281798383922943
9711,166.59,49,116,243.3,0.02,51,0,0,0,0,0,1,0,0,0,1.56569569005319
9712,166.61,49,142,240.6,0.02,51,0,0,0,0,0,1,0,0,1,1.7192573487585383
9713,166.64,49,142,239.7,0.02,51,0,0,0,0,0,1,1,0,0,1.7508764390287366
9714,166.65,33,75,149.5,0.02,33,0,0,0,1,1,0,3,1,0,1.7024965777641587
9715,166.67,49,108,244.1,0.02,51,0,0,0,0,0,1,0,0,0,1.7974612405479082
9716,166.69,49,145,239.1,0.02,51,0,0,0,0,0,1,1,2,3,1.7648489286317526
9717,166.71,49,131,241.8,0.02,51,0,0,0,0,0,1,0,0,0,1.6096064927293166
9718,166.73,49,135,241.4,0.02,51,0,0,0,0,0,1,0,0,0,1.6557315420174223
9719,166.75,49,130,241.7,0.02,51,0,0,0,0,0,1,0,0,2,1.7130402483239395
9720,166.77,49,131,241.6,0.02,51,0,0,0,0,0,1,0,0,2,1.8109789205363822
9721,166.79,49,120,241.9,0.02,51,0,0,0,0,0,1,1,0,0,1.5532943380282405
9722,166.81,49,123,242.5,0.02,51,0,0,0,0,0,1,0,0,1,1.6147420922556948
9723,166.81,5,12,21.6,0.02,6,0,0,0,1,1,0,2,1,2,3.78113098176644
9724,166.83,40,80,186.0,0.02,40,0,0,0,1,1,0,1,1,0,1.878660058607359
9725,166.85,49,151,238.7,0.02,51,0,0,0,0,0,1,1,1,1,1.5561434364793112
9726,166.87,49,130,240.9,0.02,51,0,0,0,0,0,1,1,2,0,1.755224339577623
9727,166.89,49,122,242.7,0.02,51,0,0,0,0,0,1,0,1,0,1.5510515669697984
9728,166.91,49,131,241.7,0.02,51,0,0,0,0,0,1,0,0,1,1.6342616090420055
9729,166.94,49,149,238.0,0.02,51,0,0,0,0,0,1,2,0,0,1.7618549750360384
9730,166.96,49,127,241.1,0.02,51,0,0,0,0,0,1,1,1,1,1.7670071225743063
9731,166.98,49,124,241.5,0.02,51,0,0,0,0,0,1,1,0,0,1.7380575169234371
9732,167.0,49,144,238.4,0.02,51,0,0,0,0,0,1,2,0,1,1.5792104738788935
9733,167.02,49,128,242.0,0.02,51,0,0,0,0,0,1,0,0,1,1.6597674355595118
9734,167.05,49,139,241.0,0.02,51,0,0,0,0,0,1,0,0,0,1.6380813832781833
9735,167.07,49,148,240.0,0.02,51,0,0,0,0,0,1,0,0,1,1.731789052089532
9736,167.09,50,126,235.3,0.02,50,0,0,0,0,0,1,2,1,0,1.6125231639234103
9737,167.11,49,141,240.8,0.02,51,0,0,0,0,0,1,0,0,0,1.7450735680324465
9738,167.13,49,133,240.6,0.02,51,0,0,0,0,0,1,1,0,0,1.4667413044142839
9739,167.15,49,125,241.3,0.02,51,0,0,0,0,0,1,1,0,1,1.6971489009920122
9740,167.17,49,135,241.2,0.02,51,0,0,0,0,0,1,0,1,2,1.6138565330008483
9741,167.19,49,130,239.9,0.02,51,0,0,0,0,0,1,2,0,0,1.608414768730231
9742,167.21,49,126,240.3,0.02,51,0,0,0,0,0,1,2,1,0,1.8463577845755212
9743,167.23,49,123,240.5,0.02,51,0,0,0,0,0,1,2,0,1,1.6609569175804768
9744,167.25,49,124,242.4,0.02,51,0,0,0,0,0,1,0,0,1,1.7271442724565984
9745,167.27,49,135,241.3,0.02,51,0,0,0,0,0,1,0,0,1,1.6717612369398798
9746,167.29,49,138,241.1,0.02,51,0,0,0,0,0,1,0,0,0,1.5138618232753531
9747,167.3,14,35,59.2,0.02,14,0,0,0,1,1,0,2,1,3,2.055671902825876
9748,167.31,11,38,41.2,0.02,11,0,0,0,1,1,0,5,1,0,2.3099228824087903
9749,167.32,27,85,116.5,0.02,27,0,0,0,1,1,0,5,2,0,1.7551786244283993
9750,167.34,49,149,239.6,0.02,51,0,0,0,0,0,1,0,0,4,1.5747887017305073
9751,167.36,44,117,199.0,0.02,44,0,0,0,1,1,0,4,1,3,1.5557057062142694
9752,167.39,49,167,237.1,0.02,51,0,0,0,0,0,1,1,0,1,1.5427000586552342
9753,167.41,49,132,240.6,0.02,51,0,0,0,0,0,1,1,1,1,1.6616951698674411
9754,167.43,49,127,241.0,0.02,51,0,0,0,0,0,1,1,0,2,1.6174711175614558
9755,167.45,49,142,238.4,0.02,51,0,0,0,0,0,1,2,0,3,1.604062568110399
9756,167.47,49,138,240.1,0.02,51,0,0,0,0,0,1,1,0,0,1.6233487126144228
9757,167.5,49,137,240.2,0.02,51,0,0,0,0,0,1,1,1,0,1.7484594938721982
9758,167.52,49,143,238.5,0.02,51,0,0,0,0,0,1,2,1,1,1.704336965161466
9759,167.54,49,125,241.4,0.02,51,0,0,0,0,0,1,1,1,0,1.7259324986417557
9760,167.56,49,126,241.1,0.02,51,0,0,0,0,0,1,1,0,2,1.7644494666114738
9761,167.58,49,139,241.0,0.02,51,0,0,0,0,0,1,0,1,0,1.7303416350424066
9762,167.6,49,135,240.4,0.02,51,0,0,0,0,0,1,1,1,0,1.745977861696105
9763,167.62,49,129,240.9,0.02,51,0,0,0,0,0,1,1,0,1,1.5569470350685986
9764,167.64,49,138,240.1,0.02,51,0,0,0,0,0,1,1,0,0,1.588696364655692
9765,167.66,49,139,239.8,0.02,51,0,0,0,0,0,1,1,1,2,1.7005178123213187
9766,167.69,49,145,240.4,0.02,51,0,0,0,0,0,1,0,1,0,1.4674285416730528
9767,167.71,49,123,241.6,0.02,51,0,0,0,0,0,1,1,0,0,1.6461271458349387
9768,167.73,49,136,240.3,0.02,51,0,0,0,0,0,1,1,0,0,1.492141596853379
9769,167.75,49,141,239.7,0.02,51,0,0,0,0,0,1,1,2,1,1.7331949178517327
9770,167.77,49,141,239.8,0.02,51,0,0,0,0,0,1,1,1,0,1.5528116327385237
9771,167.8,49,134,241.5,0.02,51,0,0,0,0,0,1,0,2,0,1.6688275560823338
9772,167.81,49,120,241.8,0.02,51,0,0,0,0,0,1,1,0,1,1.6042865643151167
9773,167.84,49,136,241.2,0.02,51,0,0,0,0,0,1,0,0,1,1.583229077607411
9774,167.86,49,116,243.3,0.02,51,0,0,0,0,0,1,0,2,0,1.6888799461765727
9775,167.88,49,139,240.0,0.02,51,0,0,0,0,0,1,1,1,0,1.7588873559814868
9776,167.9,49,126,241.2,0.02,51,0,0,0,0,0,1,1,0,1,1.4866726960118768
9777,167.91,24,54,105.6,0.02,24,0,0,0,1,1,0,4,1,0,2.324589258673452
9778,167.94,49,136,241.3,0.02,51,0,0,0,0,0,1,0,0,0,1.6625689847838536
9779,167.96,49,125,240.4,0.02,51,0,0,0,0,0,1,2,0,0,1.8279618897844951
9780,167.98,49,109,244.0,0.02,51,0,0,0,0,0,1,0,0,0,1.828403585854304
9781,168.0,49,125,241.3,0.02,51,0,0,0,0,0,1,1,0,1,1.5316742189200978
9782,168.02,49,126,242.3,0.02,51,0,0,0,0,0,1,0,1,0,1.7891914252314154
9783,168.05,49,137,238.1,0.02,51,0,0,0,0,0,1,3,0,1,1.5457644654750382
9784,168.07,49,142,224.8,0.02,49,0,0,0,1,1,0,1,1,0,1.700944736895099
9785,168.09,49,128,242.1,0.02,51,0,0,0,0,0,1,0,0,0,1.664100064222761
9786,168.11,49,126,242.3,0.02,51,0,0,0,0,0,1,0,0,0,1.5192445778186434
9787,168.13,49,117,243.1,0.02,51,0,0,0,0,0,1,0,1,1,1.9502261550386826
9788,168.15,49,123,242.6,0.02,51,0,0,0,0,0,1,0,0,0,1.6232806168030538
9789,168.17,49,129,242.0,0.02,51,0,0,0,0,0,1,0,0,0,1.7200830491822798
9790,168.19,49,146,240.2,0.02,51,0,0,0,0,0,1,0,0,1,1.6068910769298947
9791,168.21,49,130,241.7,0.02,51,0,0,0,0,0,1,0,1,2,1.4705248780060198
9792,168.24,49,145,239.4,0.02,51,0,0,0,0,0,1,1,1,0,1.6828044933037842
9793,168.26,49,127,242.1,0.02,51,0,0,0,0,0,1,0,0,1,1.7238235613857875
9794,168.28,49,127,241.0,0.02,51,0,0,0,0,0,1,1,0,2,1.6336037376952308
9795,168.3,49,123,241.5,0.02,51,0,0,0,0,0,1,1,0,1,1.5907797247613447
9796,168.32,49,143,238.6,0.02,51,0,0,0,0,0,1,2,0,0,1.5049185087279455
9797,168.34,49,111,240.8,0.02,51,0,0,0,0,0,1,3,1,0,1.7658345755811122
9798,168.36,49,130,240.9,0.02,51,0,0,0,0,0,1,1,2,0,1.6233848680286096
9799,168.38,49,116,242.3,0.02,51,0,0,0,0,0,1,1,0,0,1.7199362588608489
9800,168.4,49,126,240.3,0.02,51,0,0,0,0,0,1,2,0,0,1.655474314088259
9801,168.42,49,133,241.5,0.02,51,0,0,0,0,0,1,0,0,1,1.2966271506380513
9802,168.45,49,136,240.1,0.02,51,0,0,0,0,0,1,1,0,2,1.7838952576337892
9803,168.47,49,127,241.2,0.02,51,0,0,0,0,0,1,1,0,0,1.6006802708397272
9804,168.49,49,140,239.8,0.02,51,0,0,0,0,0,1,1,0,1,1.6959092069871007
9805,168.52,49,135,239.4,0.02,51,0,0,0,0,0,1,2,0,0,1.6994108127944751
9806,168.54,49,139,223.1,0.02,49,0,0,0,1,1,0,3,1,0,1.5256067360054573
9807,168.56,49,139,239.9,0.02,51,0,0,0,0,0,1,1,0,1,1.4359202478627355
9808,168.58,49,135,241.4,0.02,51,0,0,0,0,0,1,0,2,0,1.6833697772226257
9809,168.61,49,135,241.4,0.02,51,0,0,0,0,0,1,0,0,0,1.5899472121137366
9810,168.63,49,127,242.1,0.02,51,0,0,0,0,0,1,0,1,1,1.7286800016216615
9811,168.65,49,138,239.7,0.02,51,0,0,0,0,0,1,1,0,4,1.6950232336202657
9812,168.67,49,131,241.8,0.02,51,0,0,0,0,0,1,0,0,0,1.5564341530515384
9813,168.7,49,139,240.0,0.02,51,0,0,0,0,0,1,1,1,0,1.7101015834858513
9814,168.72,49,124,241.5,0.02,51,0,0,0,0,0,1,1,0,0,1.6269146323730157
9815,168.72,7,18,28.1,0.02,7,0,0,0,1,1,0,0,1,1,2.8263111939647025
9816,168.74,49,130,240.7,0.02,51,0,0,0,0,0,1,1,1,2,1.6369359084788735
9817,168.76,49,134,241.4,0.02,51,0,0,0,0,0,1,0,0,1,1.540170454690979
9818,168.79,49,125,242.4,0.02,51,0,0,0,0,0,1,0,0,0,1.6859523508225063
9819,168.81,49,141,238.8,0.02,51,0,0,0,0,0,1,2,0,0,1.4785417370898537
9820,168.84,49,129,241.8,0.02,51,0,0,0,0,0,1,0,1,2,1.4707416307585666
9821,168.86,49,125,242.4,0.02,51,0,0,0,0,0,1,0,0,0,1.6689734756455716
9822,168.88,49,128,241.9,0.02,51,0,0,0,0,0,1,0,0,2,1.6631864726627006
9823,168.9,50,147,235.0,0.02,50,0,0,0,0,0,1,0,2,2,1.4520618148018787
9824,168.93,49,134,237.0,0.02,51,0,0,0,0,0,1,4,0,5,1.7139197085958908
9825,168.96,49,137,239.1,0.02,51,0,0,0,0,0,1,2,2,1,1.6044964790551572
9826,168.98,49,123,241.5,0.02,51,0,0,0,0,0,1,1,0,1,1.6435136544161213
9827,169.0,49,130,241.9,0.02,51,0,0,0,0,0,1,0,0,0,1.7683652610162615
9828,169.02,49,146,239.3,0.02,51,0,0,0,0,0,1,1,0,0,1.7385799862207825
9829,169.04,49,130,240.9,0.02,51,0,0,0,0,0,1,1,0,0,1.788188337343338
9830,169.06,49,114,243.3,0.02,51,0,0,0,0,0,1,0,0,2,1.5488220730173723
9831,169.08,49,132,241.7,0.02,51,0,0,0,0,0,1,0,0,0,1.5854925504821684
9832,169.11,49,133,241.6,0.02,51,0,0,0,0,0,1,0,0,0,1.6212595246391972
9833,169.13,49,139,241.0,0.02,51,0,0,0,0,0,1,0,0,0,1.6632284136408044
9834,169.15,49,118,243.0,0.02,51,0,0,0,0,0,1,0,0,1,1.7275298362741018
9835,169.17,49,148,240.1,0.02,51,0,0,0,0,0,1,0,1,0,1.6423778040843304
9836,169.19,49,136,240.3,0.02,51,0,0,0,0,0,1,1,2,0,1.797643898669302
9837,169.21,49,133,240.5,0.02,51,0,0,0,0,0,1,1,0,1,1.5851131895385555
9838,169.23,49,125,242.4,0.02,51,0,0,0,0,0,1,0,0,0,1.5427676657087719
9839,169.26,49,129,241.0,0.02,51,0,0,0,0,0,1,1,1,0,1.6020404025387334
9840,169.28,49,125,241.4,0.02,51,0,0,0,0,0,1,1,0,0,1.6498598211545061
9841,169.3,49,135,240.4,0.02,51,0,0,0,0,0,1,1,1,0,1.3946672639872038
9842,169.32,49,126,242.2,0.02,51,0,0,0,0,0,1,0,0,1,1.7603529342597484
9843,169.34,49,133,240.5,0.02,51,0,0,0,0,0,1,1,1,1,1.7075140616705946
9844,169.36,49,124,242.4,0.02,51,0,0,0,0,0,1,0,0,1,1.719983988344608
9845,169.37,41,85,189.3,0.02,41,0,0,0,1,1,0,2,1,2,1.9057383227856202
9846,169.39,49,132,240.7,0.02,51,0,0,0,0,0,1,1,0,0,1.749498987814177
9847,169.41,49,145,238.4,0.02,51,0,0,0,0,0,1,2,0,0,1.4830942628784565
9848,169.43,49,123,242.6,0.02,51,0,0,0,0,0,1,0,0,0,1.5828283956664508
9849,169.45,49,120,242.9,0.02,51,0,0,0,0,0,1,0,0,0,1.616727552420316
9850,169.47,49,133,240.6,0.02,51,0,0,0,0,0,1,1,0,0,1.6621756380627257
9851,169.5,49,131,241.8,0.02,51,0,0,0,0,0,1,0,2,0,1.521405839271321
9852,169.51,49,125,242.4,0.02,51,0,0,0,0,0,1,0,0,0,1.5997542184005664
9853,169.54,49,133,241.6,0.02,51,0,0,0,0,0,1,0,0,0,1.6050521401070486
9854,169.56,48,126,219.4,0.02,48,0,0,0,1,1,0,3,2,0,1.4704333721924279
9855,169.58,49,134,241.5,0.02,51,0,0,0,0,0,1,0,0,0,1.5129989591943445
9856,169.6,49,124,241.3,0.02,51,0,0,0,0,0,1,1,0,2,1.7774930189610176
9857,169.62,49,134,241.4,0.02,51,0,0,0,0,0,1,0,0,1,1.5489816961767875
9858,169.64,49,126,242.3,0.02,51,0,0,0,0,0,1,0,1,0,1.5793950360619122
9859,169.66,49,140,240.7,0.02,51,0,0,0,0,0,1,0,1,2,1.5565761870152395
9860,169.68,49,112,242.6,0.02,51,0,0,0,0,0,1,1,0,1,1.4962819034011785
9861,169.7,49,131,240.7,0.02,51,0,0,0,0,0,1,1,2,1,1.4352645870773721
9862,169.73,49,141,237.8,0.02,51,0,0,0,0,0,1,3,1,0,1.5114884444765202
9863,169.75,49,125,242.4,0.02,51,0,0,0,0,0,1,0,0,0,1.5720670285444711
9864,169.77,49,130,241.7,0.02,51,0,0,0,0,0,1,0,1,2,1.720862731355472
9865,169.79,49,127,242.2,0.02,51,0,0,0,0,0,1,0,0,0,1.5749399501513488
9866,169.81,49,140,239.9,0.02,51,0,0,0,0,0,1,1,0,0,1.5171952153352615
9867,169.84,49,139,241.0,0.02,51,0,0,0,0,0,1,0,0,0,1.442754311440081
9868,169.86,49,140,240.8,0.02,51,0,0,0,0,0,1,0,0,1,1.5489026465303695
9869,169.89,49,140,239.8,0.02,51,0,0,0,0,0,1,1,0,1,1.4970273312190197
9870,169.9,49,120,241.9,0.02,51,0,0,0,0,0,1,1,0,0,1.650659237432998
9871,169.93,49,138,241.1,0.02,51,0,0,0,0,0,1,0,0,0,1.6608840283708632
9872,169.95,49,138,240.1,0.02,51,0,0,0,0,0,1,1,0,0,1.6498060271280466
9873,169.97,49,126,242.2,0.02,51,0,0,0,0,0,1,0,0,1,1.7838453650790276
9874,170.0,49,138,241.1,0.02,51,0,0,0,0,0,1,0,1,0,1.7544450060110814
9875,170.02,49,127,241.2,0.02,51,0,0,0,0,0,1,1,0,0,1.8142575815510698
9876,170.04,49,114,243.5,0.02,51,0,0,0,0,0,1,0,1,0,1.8127974311546269
9877,170.06,49,133,241.6,0.02,51,0,0,0,0,0,1,0,0,0,1.587371154269352
9878,170.08,49,129,242.0,0.02,51,0,0,0,0,0,1,0,0,0,1.8636431004111922
9879,170.1,49,137,239.2,0.02,51,0,0,0,0,0,1,2,1,0,1.7101177000601269
9880,170.13,49,144,239.4,0.02,51,0,0,0,0,0,1,1,0,1,1.55354021325744
9881,170.15,49,124,242.5,0.02,51,0,0,0,0,0,1,0,1,0,1.8049021939681062
9882,170.17,49,143,240.5,0.02,51,0,0,0,0,0,1,0,0,1,1.7617723362486506
9883,170.2,49,126,242.3,0.02,51,0,0,0,0,0,1,0,1,0,1.6579017382868424
9884,170.22,49,144,240.5,0.02,51,0,0,0,0,0,1,0,0,0,1.755822247748338
9885,170.24,49,129,241.0,0.02,51,0,0,0,0,0,1,1,0,0,1.6439492664150808
9886,170.27,49,127,242.1,0.02,51,0,0,0,0,0,1,0,1,1,1.7800993210842178
9887,170.29,49,137,239.1,0.02,51,0,0,0,0,0,1,2,1,1,1.5279168995799604
9888,170.31,49,136,239.9,0.02,51,0,0,0,0,0,1,1,0,4,1.709921396990866
9889,170.33,49,121,241.7,0.02,51,0,0,0,0,0,1,1,0,1,1.815877310617771
9890,170.35,49,128,242.1,0.02,51,0,0,0,0,0,1,0,0,0,1.6165582598861887
9891,170.37,49,134,241.4,0.02,51,0,0,0,0,0,1,0,0,1,1.5176656350381112
9892,170.39,49,128,240.9,0.02,51,0,0,0,0,0,1,1,0,2,1.5428937348572063
9893,170.42,49,138,241.1,0.02,51,0,0,0,0,0,1,0,1,0,1.5232020668184476
9894,170.44,49,138,241.0,0.02,51,0,0,0,0,0,1,0,1,1,1.6596334600299596
9895,170.46,49,146,240.1,0.02,51,0,0,0,0,0,1,0,0,2,1.4140477568118295
9896,170.48,49,145,240.3,0.02,51,0,0,0,0,0,1,0,0,1,1.5734947197626867
9897,170.5,49,132,240.6,0.02,51,0,0,0,0,0,1,1,1,1,1.524938768953218
9898,170.51,16,41,70.9,0.02,16,0,0,0,1,1,0,0,1,0,1.6536208547951552
9899,170.53,49,117,243.2,0.02,51,0,0,0,0,0,1,0,0,0,1.5902903371281574
9900,170.55,49,141,238.8,0.02,51,0,0,0,0,0,1,2,0,0,1.6565093971870986
9901,170.58,49,153,238.6,0.02,51,0,0,0,0,0,1,1,0,0,1.5113279475002934
9902,170.6,49,140,239.8,0.02,51,0,0,0,0,0,1,1,1,1,1.6596264162912604
9903,170.62,49,130,241.8,0.02,51,0,0,0,0,0,1,0,0,1,1.7776477407331914
9904,170.64,49,146,240.2,0.02,51,0,0,0,0,0,1,0,1,1,1.4881940163276932
9905,170.66,49,132,241.7,0.02,51,0,0,0,0,0,1,0,0,0,1.7498271971828698
9906,170.67,25,46,112.4,0.02,25,0,0,0,1,1,0,3,1,0,2.000472626193071
9907,170.69,49,116,243.2,0.02,51,0,0,0,0,0,1,0,0,1,1.8153143004719918
9908,170.71,49,129,242.0,0.02,51,0,0,0,0,0,1,0,2,0,1.6108420613235481
9909,170.73,49,130,241.9,0.02,51,0,0,0,0,0,1,0,1,0,1.682728958005241
9910,170.75,49,154,239.5,0.02,51,0,0,0,0,0,1,0,0,0,1.6609817747883777
9911,170.78,49,147,239.1,0.02,51,0,0,0,0,0,1,1,0,1,1.5076828689948876
9912,170.8,49,139,240.6,0.02,51,0,0,0,0,0,1,0,0,4,1.514049285733279
9913,170.82,49,134,240.4,0.02,51,0,0,0,0,0,1,1,1,1,1.9107515289005144
9914,170.84,41,98,190.2,0.02,41,0,0,0,1,1,0,0,2,0,1.6415964067249442
9915,170.86,49,139,240.6,0.02,51,0,0,0,0,0,1,0,2,4,1.5829207150698488
9916,170.88,50,143,234.5,0.02,50,0,0,0,0,0,1,1,1,1,1.3529237182953913
9917,170.9,49,131,241.8,0.02,51,0,0,0,0,0,1,0,0,0,1.6473803580079334
9918,170.92,49,119,241.0,0.02,51,0,0,0,0,0,1,2,0,0,1.5770427729392684
9919,170.95,49,128,240.0,0.02,51,0,0,0,0,0,1,2,0,1,1.6539899100647588
9920,170.97,49,125,240.3,0.02,51,0,0,0,0,0,1,2,1,1,1.6664883804811401
9921,170.97,7,17,25.3,0.02,7,0,0,0,1,1,0,3,1,0,2.468937999423736
9922,170.98,11,44,42.5,0.02,11,0,0,0,1,1,0,3,1,1,2.057546908637681
9923,170.99,28,68,123.8,0.02,28,0,0,0,1,1,0,4,1,4,1.591692537112144
9924,171.01,49,120,242.9,0.02,51,0,0,0,0,0,1,0,0,0,1.856192609191591
9925,171.03,49,143,239.6,0.02,51,0,0,0,0,0,1,1,1,0,1.586894653119876
9926,171.05,34,78,156.0,0.02,34,0,0,0,1,1,0,1,1,2,2.1033530079215805
9927,171.07,49,121,241.7,0.02,51,0,0,0,0,0,1,1,1,1,1.938994599279199
9928,171.09,49,136,240.3,0.02,51,0,0,0,0,0,1,1,1,0,1.5549513853949382
9929,171.11,49,136,240.3,0.02,51,0,0,0,0,0,1,1,0,0,1.5934189209708949
9930,171.13,49,137,238.2,0.02,51,0,0,0,0,0,1,3,2,0,1.7033291706273241
9931,171.15,49,130,240.9,0.02,51,0,0,0,0,0,1,1,0,0,1.5646567064222767
9932,171.17,49,136,241.2,0.02,51,0,0,0,0,0,1,0,0,1,1.4649171461517705
9933,171.19,49,140,239.8,0.02,51,0,0,0,0,0,1,1,0,1,1.529312885913679
9934,171.21,49,120,242.8,0.02,51,0,0,0,0,0,1,0,1,1,1.490232479657095
9935,171.24,49,137,240.2,0.02,51,0,0,0,0,0,1,1,1,0,1.5433248092244394
9936,171.26,49,153,238.4,0.02,51,0,0,0,0,0,1,1,0,2,1.5934957748109297
9937,171.28,49,146,239.3,0.02,51,0,0,0,0,0,1,1,1,0,1.5745501960410988
9938,171.3,49,128,241.1,0.02,51,0,0,0,0,0,1,1,0,0,1.6032300246968183
9939,171.33,49,148,239.0,0.02,51,0,0,0,0,0,1,1,1,1,1.6124869797019432
9940,171.35,49,125,240.4,0.02,51,0,0,0,0,0,1,2,0,0,1.7265821359035105
9941,171.36,31,81,138.9,0.02,31,0,0,0,1,1,0,3,1,0,1.5269477897605872
9942,171.37,31,61,142.9,0.02,31,0,0,0,1,1,0,1,1,0,2.1022055786495524
9943,171.39,49,116,242.3,0.02,51,0,0,0,0,0,1,1,0,0,1.7406545201104293
9944,171.41,49,147,239.2,0.02,51,0,0,0,0,0,1,1,0,0,1.601667925608984
9945,171.43,47,105,215.5,0.02,47,0,0,0,1,1,0,4,2,0,1.824488786211767
9946,171.45,49,142,240.5,0.02,51,0,0,0,0,0,1,0,0,2,1.739509472294118
9947,171.47,49,127,242.1,0.02,51,0,0,0,0,0,1,0,0,1,1.6332096469614212
9948,171.5,49,153,238.3,0.02,51,0,0,0,0,0,1,1,0,3,1.5966562681968008
9949,171.52,49,133,239.6,0.02,51,0,0,0,0,0,1,2,0,0,1.6408380927420234
9950,171.54,49,129,242.0,0.02,51,0,0,0,0,0,1,0,0,0,1.5344558341802128
9951,171.56,49,150,239.9,0.02,51,0,0,0,0,0,1,0,1,0,1.7782641459945077
9952,171.58,49,123,242.6,0.02,51,0,0,0,0,0,1,0,0,0,1.6983469310408223
9953,171.6,49,125,242.4,0.02,51,0,0,0,0,0,1,0,0,0,1.7181324096149244
9954,171.62,49,124,240.3,0.02,51,0,0,0,0,0,1,2,0,2,1.7844045395204642
9955,171.65,49,142,239.6,0.02,51,0,0,0,0,0,1,1,1,1,1.5650177073934273
9956,171.67,49,132,241.6,0.02,51,0,0,0,0,0,1,0,1,1,1.5500971823403347
9957,171.69,49,132,240.7,0.02,51,0,0,0,0,0,1,1,0,0,1.6888407137238632
9958,171.71,50,141,234.7,0.02,50,0,0,0,0,0,1,1,1,1,1.537213954803062
9959,171.73,49,142,239.6,0.02,51,0,0,0,0,0,1,1,1,1,1.7894463557864004
9960,171.75,49,126,241.3,0.02,51,0,0,0,0,0,1,1,0,0,1.514838179453233
9961,171.77,49,135,241.3,0.02,51,0,0,0,0,0,1,0,0,1,1.50045722333444
9962,171.8,49,129,241.0,0.02,51,0,0,0,0,0,1,1,0,0,1.6225395622163952
9963,171.82,50,127,234.2,0.02,50,0,0,0,0,0,1,3,1,0,1.7216533633254307
9964,171.84,49,125,242.3,0.02,51,0,0,0,0,0,1,0,1,1,1.6009440898764677
9965,171.86,49,131,241.7,0.02,51,0,0,0,0,0,1,0,1,1,1.6326932198131694
9966,171.88,49,141,238.8,0.02,51,0,0,0,0,0,1,2,0,0,1.4804121707854299
9967,171.9,49,128,242.1,0.02,51,0,0,0,0,0,1,0,0,0,1.5019895886851615
9968,171.93,49,144,240.5,0.02,51,0,0,0,0,0,1,0,0,0,1.4940163621668612
9969,171.95,49,131,239.8,0.02,51,0,0,0,0,0,1,2,1,0,1.5908673706404097
9970,171.97,50,133,233.5,0.02,50,0,0,0,0,0,1,3,2,1,1.6418249204136781
9971,171.99,49,126,241.3,0.02,51,0,0,0,0,0,1,1,1,0,1.4733461077797239
9972,172.01,49,117,243.2,0.02,51,0,0,0,0,0,1,0,0,0,1.5971864190101788
9973,172.03,49,139,239.0,0.02,51,0,0,0,0,0,1,2,0,0,1.5719574147409798
9974,172.06,49,132,241.6,0.02,51,0,0,0,0,0,1,0,0,1,1.630279012959847
9975,172.08,49,138,241.1,0.02,51,0,0,0,0,0,1,0,1,0,1.5650351747429039
9976,172.1,49,128,242.1,0.02,51,0,0,0,0,0,1,0,0,0,1.7292190115919845
9977,172.11,35,78,159.2,0.02,35,0,0,0,1,1,0,3,2,0,1.915622783690011
9978,172.13,49,134,240.5,0.02,51,0,0,0,0,0,1,1,0,0,1.4396988228636698
9979,172.15,49,136,240.3,0.02,51,0,0,0,0,0,1,1,2,0,1.632084647841059
9980,172.17,49,124,241.5,0.02,51,0,0,0,0,0,1,1,1,0,1.4972370758824711
9981,172.19,49,134,239.4,0.02,51,0,0,0,0,0,1,2,0,1,1.6869256067869094
9982,172.21,49,138,239.0,0.02,51,0,0,0,0,0,1,2,0,1,1.5964955821749862
9983,172.23,49,125,242.4,0.02,51,0,0,0,0,0,1,0,0,0,1.736697306666996
9984,172.26,49,145,240.4,0.02,51,0,0,0,0,0,1,0,0,0,1.4391558185141726
9985,172.28,49,143,239.6,0.02,51,0,0,0,0,0,1,1,1,0,1.6213496389181614
9986,172.3,49,139,237.8,0.02,51,0,0,0,0,0,1,3,0,2,1.67313768912697
9987,172.32,49,129,242.0,0.02,51,0,0,0,0,0,1,0,0,0,1.5788634366062773
9988,172.34,49,137,240.1,0.02,51,0,0,0,0,0,1,1,1,1,1.5960653956526716
9989,172.36,50,136,230.2,0.02,50,0,0,0,1,1,0,1,1,2,1.490760766589346
9990,172.38,49,129,242.0,0.02,51,0,0,0,0,0,1,0,0,0,1.6352451748970034
9991,172.41,49,168,236.9,0.02,51,0,0,0,0,0,1,1,0,2,1.4636221968825682
9992,172.42,49,124,241.4,0.02,51,0,0,0,0,0,1,1,2,1,1.6299811497246317
9993,172.44,49,120,242.9,0.02,51,0,0,0,0,0,1,0,1,0,1.4816853597635562
9994,172.45,15,35,66.5,0.02,15,0,0,0,1,1,0,0,1,0,2.147083439594531
9995,172.45,2,5,4.5,0.02,2,0,0,0,1,1,0,0,1,0,6.395841997916692
9996,172.47,49,128,241.6,0.02,51,0,0,0,0,0,1,0,0,5,1.7001523070614148
9997,172.49,49,134,240.5,0.02,51,0,0,0,0,0,1,1,1,0,1.7657920591233935
9998,172.5,25,57,109.3,0.02,25,0,0,0,1,1,0,5,1,0,1.8039496622630993
9999,172.52,49,144,239.4,0.02,51,0,0,0,0,0,1,1,2,1,1.5931458232431102
10000,172.54,49,134,238.4,0.02,51,0,0,0,0,0,1,3,1,1,1.6185325733466083
