episode,wall_clock_s,score,steps,reward,epsilon,COIN_COLLECTED,CRATE_DESTROYED,COIN_FOUND,KILLED_OPPONENT,KILLED_SELF,GOT_KILLED,SURVIVED_ROUND,INVALID_ACTION,BOMB_DROPPED,WAITED,td_error
1,0.03,3,15,6.5,0.2,3,0,0,0,1,1,0,2,2,0,1.5254666666666667
2,0.03,2,20,-4.0,0.1999,2,0,0,0,1,1,0,7,1,0,1.08
3,0.04,2,18,-3.0,0.1998,2,0,0,0,1,1,0,6,1,2,1.264
4,0.04,8,29,23.9,0.1997,8,0,0,0,1,1,0,8,1,2,1.8302995486206897
5,0.05,2,16,-2.7,0.1996,2,0,0,0,1,1,0,6,1,1,1.26675
6,0.05,1,6,-2.8,0.1995,1,0,0,0,1,1,0,2,1,2,2.015
7,0.06,7,46,19.2,0.199401,7,0,0,0,1,1,0,6,2,2,1.1089746793213358
8,0.06,1,27,-0.8,0.199301,2,0,0,0,1,1,0,3,1,1,0.5470259607813664
9,0.07,7,39,17.9,0.199201,7,0,0,0,1,1,0,8,1,2,1.2290976986788982
10,0.07,3,21,2.7,0.199102,3,0,0,0,1,1,0,5,1,2,1.2452516639365048
11,0.09,14,120,33.6,0.199002,14,0,0,0,1,1,0,19,4,4,0.8704821018793975
12,0.1,0,12,-11.4,0.198903,0,0,0,0,1,1,0,5,1,2,0.9306749999999999
13,0.1,5,25,10.4,0.198803,5,0,0,0,1,1,0,7,2,1,1.5283622942128288
14,0.1,2,7,2.1,0.198704,2,0,0,0,1,1,0,2,1,2,2.4459010044756107
15,0.11,19,69,69.7,0.198605,19,0,0,0,1,1,0,13,5,4,1.6804555458724493
16,0.12,10,34,36.3,0.198505,10,0,0,0,1,1,0,5,2,3,1.6955503104670953
17,0.12,3,11,5.8,0.198406,3,0,0,0,1,1,0,3,1,1,1.8794426550724195
18,0.13,2,30,-7.5,0.198307,2,0,0,0,1,1,0,9,2,5,0.8240998646659964
19,0.14,1,40,-13.5,0.198208,1,0,0,0,1,1,0,9,2,5,0.5686497160029933
20,0.14,12,43,45.5,0.198109,12,0,0,0,1,1,0,5,2,2,1.6782146353728744
21,0.15,7,31,23.4,0.198009,7,0,0,0,1,1,0,3,2,5,1.3620200507130094
22,0.16,11,45,40.0,0.19791,11,0,0,0,1,1,0,5,3,5,1.5606839431557271
23,0.16,0,18,-11.0,0.197812,0,0,0,0,1,1,0,4,1,2,0.6132649253580252
24,0.17,5,20,12.9,0.197713,5,0,0,0,1,1,0,5,1,1,1.7291671377555953
25,0.18,14,53,50.3,0.197614,14,0,0,0,1,1,0,9,2,4,1.5757438850030958
26,0.18,8,34,27.5,0.197515,8,0,0,0,1,1,0,3,1,11,1.413835908174992
27,0.18,1,5,-2.5,0.197416,1,0,0,0,1,1,0,2,1,0,2.467288086389241
28,0.18,2,6,0.4,0.197317,2,0,0,0,1,1,0,4,1,0,2.7292016666666665
29,0.19,5,21,10.9,0.197219,5,0,0,0,1,1,0,7,1,0,1.5804115698215575
30,0.19,4,10,17.9,0.19712,5,0,0,0,1,1,0,1,1,1,2.538827403463017
31,0.19,5,14,15.5,0.197022,5,0,0,0,1,1,0,3,1,1,2.3759911658573887
32,0.19,2,7,0.3,0.196923,2,0,0,0,1,1,0,4,1,0,2.3912255495635932
33,0.21,17,72,68.3,0.196825,17,0,0,0,1,1,0,4,2,5,1.5092845282070682
34,0.21,14,43,52.4,0.196726,14,0,0,0,1,1,0,8,3,3,1.885026376180266
35,0.22,8,31,21.9,0.196628,8,0,0,0,1,1,0,10,1,0,1.9313909368686255
36,0.22,7,22,24.5,0.19653,7,0,0,0,1,1,0,3,2,3,2.0389677275671545
37,0.24,23,97,89.0,0.196431,23,0,0,0,1,1,0,11,4,3,1.4557060579377459
38,0.24,2,5,1.5,0.196333,2,0,0,0,1,1,0,3,1,0,4.133626095591303
39,0.24,3,11,12.8,0.196235,4,0,0,0,1,1,0,1,1,1,2.26974208085277
40,0.25,2,9,2.7,0.196137,2,0,0,0,1,1,0,1,1,4,1.6463964312502866
41,0.25,7,34,22.5,0.196039,7,0,0,0,1,1,0,4,1,1,1.3879373227332144
42,0.25,4,14,10.3,0.195941,4,0,0,0,1,1,0,3,1,3,1.9126600557504643
43,0.26,21,57,91.1,0.195843,21,0,0,0,1,1,0,3,2,2,2.2553960966929565
44,0.27,12,38,45.9,0.195745,12,0,0,0,1,1,0,5,2,3,2.2489196732955974
45,0.27,5,10,15.9,0.195647,5,0,0,0,1,1,0,3,1,1,3.0101133306254235
46,0.28,20,64,80.3,0.195549,20,0,0,0,1,1,0,8,2,3,1.9360294912420133
47,0.3,1,97,-20.2,0.195451,1,0,0,0,1,1,0,10,1,5,0.35865810280314453
48,0.31,18,78,69.0,0.195354,18,0,0,0,1,1,0,8,1,2,1.5738175547174096
49,0.32,24,59,104.0,0.195256,24,0,0,0,1,1,0,5,2,1,2.2739249613364065
50,0.33,9,33,32.7,0.195158,9,0,0,0,1,1,0,4,1,0,2.015107298443894
51,0.33,5,26,12.2,0.195061,5,0,0,0,1,1,0,5,2,2,1.8077589197700445
52,0.34,2,15,-1.5,0.194963,2,0,0,0,1,1,0,5,1,0,1.2606881380749728
53,0.34,9,22,37.8,0.194866,9,0,0,0,1,1,0,0,1,0,2.8516571996651234
54,0.34,4,14,7.5,0.194768,4,0,0,0,1,1,0,6,2,1,2.3205274703140546
55,0.35,8,43,24.4,0.194671,8,0,0,0,1,1,0,6,2,3,1.2262448248940705
56,0.36,6,38,15.9,0.194574,6,0,0,0,1,1,0,5,2,3,1.196335958325412
57,0.36,1,11,-7.1,0.194476,1,0,0,0,1,1,0,6,1,0,2.170667167839056
58,0.37,14,42,57.8,0.194379,14,0,0,0,1,1,0,3,1,0,2.034902721564699
59,0.37,4,38,6.1,0.194282,4,0,0,0,1,1,0,5,1,1,0.9995550169196976
60,0.38,7,18,25.0,0.194185,7,0,0,0,1,1,0,3,2,2,2.5877766493802885
61,0.38,6,22,20.6,0.194088,6,0,0,0,1,1,0,2,2,2,2.87165191972618
62,0.39,8,25,29.1,0.193991,8,0,0,0,1,1,0,3,1,4,3.29810765633992
63,0.39,7,38,19.0,0.193894,7,0,0,0,1,1,0,7,3,2,1.6445164835333095
64,0.41,27,112,106.4,0.193797,27,0,0,0,1,1,0,12,4,4,1.9213866973741944
65,0.42,17,46,66.3,0.1937,17,0,0,0,1,1,0,9,3,1,2.446355360334388
66,0.43,11,48,36.0,0.193603,11,0,0,0,1,1,0,9,2,2,1.7136135710076397
67,0.43,12,29,56.1,0.193506,13,0,0,0,1,1,0,1,1,0,3.2845553613070653
68,0.45,25,71,105.5,0.193409,25,0,0,0,1,1,0,7,1,4,2.4755693057896884
69,0.46,24,84,96.1,0.193313,24,0,0,0,1,1,0,10,3,5,2.1309005284808302
70,0.46,0,19,-11.1,0.193216,0,0,0,0,1,1,0,4,1,2,0.7659188659873855
71,0.48,25,121,98.0,0.193119,25,0,0,0,1,1,0,9,2,9,1.8238442122936915
72,0.5,15,82,50.4,0.193023,15,0,0,0,1,1,0,11,3,4,1.8678250922040374
73,0.51,10,56,30.9,0.192926,10,0,0,0,1,1,0,8,3,5,1.4041579585312094
74,0.51,9,18,36.2,0.19283,9,0,0,0,1,1,0,2,1,0,3.3882001377322988
75,0.53,21,89,84.6,0.192733,21,0,0,0,1,1,0,6,2,5,1.535500100953769
76,0.53,1,6,-4.6,0.192637,1,0,0,0,1,1,0,4,1,0,1.5646399384412162
77,0.53,2,11,-1.2,0.192541,2,0,0,0,1,1,0,5,1,1,1.9399761510290352
78,0.54,17,44,69.6,0.192444,17,0,0,0,1,1,0,6,2,0,2.7336457022277765
79,0.55,19,77,69.1,0.192348,19,0,0,0,1,1,0,13,1,2,2.3552403764948666
80,0.56,13,41,54.8,0.192252,13,0,0,0,1,1,0,1,2,1,2.580386190060955
81,0.57,10,38,39.0,0.192156,10,0,0,0,1,1,0,2,2,2,2.0455481060081966
82,0.57,7,25,24.5,0.19206,7,0,0,0,1,1,0,3,2,0,2.709800458360022
83,0.57,8,22,29.6,0.191964,8,0,0,0,1,1,0,3,1,2,3.309758898749024
84,0.58,8,43,26.4,0.191868,8,0,0,0,1,1,0,4,1,3,1.6288726298580947
85,0.59,12,25,49.5,0.191772,12,0,0,0,1,1,0,3,1,0,3.117862929223662
86,0.59,5,32,10.6,0.191676,5,0,0,0,1,1,0,6,1,2,1.4872108282327243
87,0.59,4,10,18.9,0.19158,5,0,0,0,1,1,0,0,1,1,4.188060182888928
88,0.6,6,48,17.9,0.191484,6,0,0,0,1,1,0,2,1,3,1.3559073521372742
89,0.63,44,161,183.0,0.191389,44,0,0,0,1,1,0,15,3,9,2.131038187970624
90,0.64,23,65,100.3,0.191293,23,0,0,0,1,1,0,3,2,2,3.0043798684629475
91,0.65,22,63,96.6,0.191197,22,0,0,0,1,1,0,2,2,1,2.626096748399255
92,0.65,2,10,3.0,0.191102,2,0,0,0,1,1,0,1,1,0,2.884072491165557
93,0.66,12,35,50.3,0.191006,12,0,0,0,1,1,0,1,2,2,2.4965885762917095
94,0.66,2,9,8.1,0.190911,3,0,0,0,1,1,0,1,1,0,4.702807933029097
95,0.68,31,97,128.8,0.190815,31,0,0,0,1,1,0,11,2,5,2.813049812206389
96,0.68,5,9,19.1,0.19072,5,0,0,0,1,1,0,0,1,0,4.591624769082055
97,0.69,11,52,38.5,0.190624,11,0,0,0,1,1,0,6,1,3,2.0834001546284595
98,0.7,12,38,49.2,0.190529,12,0,0,0,1,1,0,2,2,0,2.8224520354167275
99,0.72,25,121,96.3,0.190434,25,0,0,0,1,1,0,11,2,6,1.6667020067712293
100,0.72,13,33,56.7,0.190339,13,0,0,0,1,1,0,0,1,0,2.841029201002258
101,0.73,2,17,0.3,0.190244,2,0,0,0,1,1,0,3,1,0,1.7466834521513954
102,0.74,12,87,39.6,0.190148,12,0,0,0,1,1,0,6,1,7,1.5373868582783639
103,0.75,28,68,122.7,0.190053,28,0,0,0,1,1,0,5,1,5,3.1617299739831473
104,0.77,15,98,51.7,0.189958,15,0,0,0,1,1,0,8,3,5,1.8037907088486613
105,0.78,23,74,96.2,0.189863,23,0,0,0,1,1,0,6,4,4,2.799568364270927
106,0.81,5,117,-3.1,0.189768,5,0,0,0,1,1,0,11,1,4,0.9274891191498801
107,0.83,41,119,181.9,0.189673,41,0,0,0,1,1,0,6,1,2,2.5454405604181414
108,0.84,10,41,42.6,0.189579,11,0,0,0,1,1,0,3,3,3,2.6301080638630965
109,0.86,19,110,73.2,0.189484,19,0,0,0,1,1,0,5,2,8,1.9193313343536729
110,0.86,3,8,8.2,0.189389,3,0,0,0,1,1,0,1,1,0,4.427080463947941
111,0.86,2,19,0.0,0.189294,2,0,0,0,1,1,0,3,1,1,3.761084402598969
112,0.86,8,19,31.1,0.1892,8,0,0,0,1,1,0,2,1,0,3.1894038615278695
113,0.89,43,169,179.3,0.189105,43,0,0,0,1,1,0,13,4,8,2.112335203591897
114,0.9,25,65,110.3,0.189011,25,0,0,0,1,1,0,3,3,2,3.0696985780750623
115,0.91,12,54,43.6,0.188916,12,0,0,0,1,1,0,6,2,0,2.171075608416144
116,0.92,10,31,41.7,0.188822,10,0,0,0,1,1,0,0,3,2,3.627513168516044
117,0.93,22,52,96.6,0.188727,22,0,0,0,1,1,0,3,2,2,3.059855428743236
118,0.94,11,55,40.3,0.188633,11,0,0,0,1,1,0,4,1,2,2.014433361178703
119,0.94,6,20,20.8,0.188539,6,0,0,0,1,1,0,2,1,2,3.693101038246912
120,0.95,16,42,67.7,0.188444,16,0,0,0,1,1,0,3,2,1,3.598011336957437
121,0.96,19,83,74.7,0.18835,19,0,0,0,1,1,0,7,2,0,1.8218291982251509
122,1.0,42,224,175.8,0.188256,42,0,0,0,1,1,0,6,3,8,1.5196756922420727
123,1.02,20,127,76.5,0.188162,20,0,0,0,1,1,0,5,2,8,2.0049300196362623
124,1.03,11,46,39.2,0.188068,11,0,0,0,1,1,0,6,2,2,1.9312042458743368
125,1.03,1,29,-6.0,0.187974,1,0,0,0,1,1,0,3,1,1,0.755326659780112
126,1.04,0,12,-10.4,0.18788,0,0,0,0,1,1,0,4,1,2,0.8646514149019655
127,1.05,20,65,81.4,0.187786,20,0,0,0,1,1,0,7,1,1,2.6331265610018613
128,1.05,1,6,-3.6,0.187692,1,0,0,0,1,1,0,3,1,0,4.346232265833636
129,1.05,2,21,-1.2,0.187598,2,0,0,0,1,1,0,4,1,1,1.5446389303601737
130,1.09,47,221,181.0,0.187504,47,0,0,0,1,1,0,26,6,9,1.9549330764829478
131,1.11,43,129,189.8,0.18741,43,0,0,0,1,1,0,7,4,3,2.8547127009128173
132,1.13,40,114,174.1,0.187317,40,0,0,0,1,1,0,9,5,5,2.90679800038744
133,1.14,27,82,114.3,0.187223,27,0,0,0,1,1,0,7,4,5,2.6519996312685667
134,1.16,31,87,132.8,0.187129,31,0,0,0,1,1,0,8,3,5,2.9606845541138878
135,1.17,27,64,126.3,0.187036,28,0,0,0,1,1,0,2,1,3,3.0416810319864673
136,1.18,31,94,135.3,0.186942,31,0,0,0,1,1,0,5,3,3,2.49250473559767
137,1.2,20,101,78.6,0.186849,20,0,0,0,1,1,0,6,2,3,2.123733872455937
138,1.2,5,20,14.0,0.186755,5,0,0,0,1,1,0,4,1,0,3.0988421372338872
139,1.21,25,65,111.2,0.186662,25,0,0,0,1,1,0,2,2,3,3.205195889520073
140,1.23,30,97,128.8,0.186569,30,0,0,0,1,1,0,6,2,5,2.8175817078668337
141,1.23,3,10,11.0,0.186475,4,0,0,0,1,1,0,3,1,0,5.838099938595373
142,1.23,1,5,-0.6,0.186382,1,0,0,0,1,1,0,0,1,1,3.8945900928115904
143,1.25,29,100,122.5,0.186289,29,0,0,0,1,1,0,7,4,5,2.751776664215795
144,1.25,6,11,23.9,0.186196,6,0,0,0,1,1,0,0,1,0,3.7626033647237622
145,1.26,9,32,35.8,0.186103,9,0,0,0,1,1,0,1,3,0,3.472522331437203
146,1.27,29,88,128.0,0.18601,29,0,0,0,1,1,0,3,1,2,2.8007901688928603
147,1.28,13,37,51.1,0.185917,13,0,0,0,1,1,0,5,1,2,3.954321868221677
148,1.3,34,107,141.7,0.185824,34,0,0,0,1,1,0,12,5,6,2.371012674428131
149,1.31,17,60,68.9,0.185731,17,0,0,0,1,1,0,5,1,1,2.8633815001746865
150,1.31,11,40,40.7,0.185638,11,0,0,0,1,1,0,5,2,3,2.275515020457599
151,1.32,9,33,35.5,0.185545,9,0,0,0,1,1,0,1,2,2,3.5023701654755093
152,1.33,17,46,71.1,0.185452,17,0,0,0,1,1,0,4,1,3,3.0328616638802486
153,1.35,20,112,73.3,0.18536,20,0,0,0,1,1,0,9,4,15,1.9764749156774186
154,1.36,26,77,111.0,0.185267,26,0,0,0,1,1,0,6,2,3,2.727695809670407
155,1.36,5,19,15.1,0.185174,5,0,0,0,1,1,0,3,1,0,2.5259015981792867
156,1.36,3,7,6.3,0.185082,3,0,0,0,1,1,0,3,1,0,5.207448407575076
157,1.39,38,134,164.7,0.184989,38,0,0,0,1,1,0,6,2,9,2.4766422612636534
158,1.4,24,76,100.4,0.184897,24,0,0,0,1,1,0,7,3,0,2.8876962827287764
159,1.41,31,88,133.9,0.184804,31,0,0,0,1,1,0,7,3,3,3.5153205786090727
160,1.43,40,137,170.0,0.184712,40,0,0,0,1,1,0,11,2,3,2.6248097227326808
161,1.44,1,22,-6.3,0.18462,1,0,0,0,1,1,0,4,1,1,3.375079140868958
162,1.45,26,70,116.7,0.184527,26,0,0,0,1,1,0,1,3,3,3.203941921632714
163,1.45,3,22,4.8,0.184435,3,0,0,0,1,1,0,3,1,0,1.7677217717565554
164,1.47,33,90,147.6,0.184343,33,0,0,0,1,1,0,3,2,4,3.2107672149206796
165,1.48,14,37,59.9,0.184251,14,0,0,0,1,1,0,1,1,4,2.9405876086027125
166,1.49,36,114,159.3,0.184158,36,0,0,0,1,1,0,4,3,3,2.538262018364679
167,1.51,23,74,98.5,0.184066,23,0,0,0,1,1,0,4,1,1,2.435869494669593
168,1.51,9,21,35.9,0.183974,9,0,0,0,1,1,0,2,1,0,3.7550868931430794
169,1.52,5,33,11.3,0.183882,5,0,0,0,1,1,0,5,1,4,2.8995201676320654
170,1.52,15,40,60.8,0.18379,15,0,0,0,1,1,0,5,2,2,3.57850065638237
171,1.53,7,22,27.8,0.183699,7,0,0,0,1,1,0,0,2,0,3.6521942727004784
172,1.53,7,16,28.3,0.183607,7,0,0,0,1,1,0,0,1,1,3.49997468166002
173,1.54,23,66,94.0,0.183515,23,0,0,0,1,1,0,9,1,4,3.1535248618789993
174,1.54,2,5,4.4,0.183423,2,0,0,0,1,1,0,0,1,1,3.9466382731984155
175,1.55,16,39,65.1,0.183331,16,0,0,0,1,1,0,6,2,0,3.4064573624529237
176,1.56,21,61,87.9,0.18324,21,0,0,0,1,1,0,6,1,0,3.420726875909178
177,1.57,20,53,88.4,0.183148,20,0,0,0,1,1,0,1,1,3,2.99942025564611
178,1.58,22,77,95.0,0.183057,22,0,0,0,1,1,0,2,1,3,2.2666681518641463
179,1.6,32,89,136.5,0.182965,32,0,0,0,1,1,0,9,2,6,2.9885695257419185
180,1.61,26,76,118.9,0.182874,27,0,0,0,1,1,0,3,3,5,4.0055171366153255
181,1.63,35,127,147.9,0.182782,35,0,0,0,1,1,0,9,2,4,2.6454678311354067
182,1.65,46,170,195.2,0.182691,46,0,0,0,1,1,0,12,5,8,2.3680862394342506
183,1.66,16,40,66.9,0.182599,16,0,0,0,1,1,0,4,1,1,3.3503585637667763
184,1.68,35,127,147.8,0.182508,35,0,0,0,1,1,0,9,3,5,2.7935802056434236
185,1.69,11,29,45.7,0.182417,11,0,0,0,1,1,0,1,1,4,2.039944725079878
186,1.7,14,47,53.9,0.182326,14,0,0,0,1,1,0,6,2,4,3.41792342731632
187,1.7,5,17,14.2,0.182234,5,0,0,0,1,1,0,4,1,1,3.614213366117496
188,1.71,17,43,73.4,0.182143,17,0,0,0,1,1,0,2,2,3,3.5817533806648787
189,1.72,25,68,104.9,0.182052,25,0,0,0,1,1,0,8,2,3,3.856744576755991
190,1.74,44,158,181.4,0.181961,44,0,0,0,1,1,0,17,5,8,2.6019728926557746
191,1.75,9,49,31.0,0.18187,9,0,0,0,1,1,0,4,1,1,2.777381565008148
192,1.76,1,37,-8.9,0.181779,1,0,0,0,1,1,0,5,1,2,2.528170404339086
193,1.76,7,18,27.2,0.181688,7,0,0,0,1,1,0,1,1,0,4.639059227471086
194,1.78,40,126,175.6,0.181598,40,0,0,0,1,1,0,6,4,8,2.878444952305116
195,1.79,5,12,18.7,0.181507,5,0,0,0,1,1,0,0,1,1,3.1840135174825313
196,1.79,3,10,5.9,0.181416,3,0,0,0,1,1,0,3,1,1,4.5936148470594755
197,1.79,7,22,26.3,0.181325,7,0,0,0,1,1,0,1,1,5,2.183981729018069
198,1.8,26,62,114.6,0.181235,26,0,0,0,1,1,0,4,1,2,3.3501165653469815
199,1.81,14,38,65.2,0.181144,15,0,0,0,1,1,0,1,2,0,3.0298576857256463
200,1.81,2,9,3.0,0.181053,2,0,0,0,1,1,0,1,1,1,3.071632706309849
201,1.82,9,28,32.1,0.180963,9,0,0,0,1,1,0,5,1,1,3.3484468316163905
202,1.82,8,16,33.4,0.180872,8,0,0,0,1,1,0,0,2,0,3.8431450162351095
203,1.83,17,40,69.9,0.180782,17,0,0,0,1,1,0,6,2,1,3.217908070088859
204,1.85,50,185,215.1,0.180692,50,0,0,0,0,0,1,16,2,3,2.804293301529159
205,1.86,0,6,-8.6,0.180601,0,0,0,0,1,1,0,3,1,0,4.7766525550501
206,1.89,46,246,184.1,0.180511,46,0,0,0,1,1,0,15,3,13,2.1136837949209974
207,1.89,0,5,-7.5,0.180421,0,0,0,0,1,1,0,2,1,0,1.489666382366261
208,1.9,17,55,70.4,0.180331,17,0,0,0,1,1,0,3,2,11,2.852564662416926
209,1.91,14,35,58.3,0.18024,14,0,0,0,1,1,0,3,2,2,3.2848515729320846
210,1.92,30,84,136.2,0.18015,31,0,0,0,1,1,0,5,2,4,3.0048795293552493
211,1.93,12,37,47.4,0.18006,12,0,0,0,1,1,0,3,2,9,2.5514541858388933
212,1.94,25,64,107.4,0.17997,25,0,0,0,1,1,0,6,3,2,2.9813322300198903
213,1.96,32,95,135.3,0.17988,32,0,0,0,1,1,0,10,4,2,2.7011957125612147
214,1.98,48,145,213.2,0.17979,48,0,0,0,1,1,0,7,3,3,2.771812612537399
215,1.99,2,26,-2.1,0.1797,2,0,0,0,1,1,0,4,1,5,2.2723733208773003
216,1.99,16,38,68.2,0.17961,16,0,0,0,1,1,0,3,1,0,3.219784025940166
217,2.01,25,66,107.8,0.179521,25,0,0,0,1,1,0,5,2,6,3.6146777723484487
218,2.01,10,33,38.6,0.179431,10,0,0,0,1,1,0,3,1,1,3.5358333208271437
219,2.02,31,73,139.5,0.179341,31,0,0,0,1,1,0,3,2,2,3.1679633957759687
220,2.04,31,76,133.1,0.179252,31,0,0,0,1,1,0,9,1,3,2.768834018825879
221,2.05,13,78,44.9,0.179162,13,0,0,0,1,1,0,7,3,3,1.9846259335775778
222,2.06,26,63,115.7,0.179072,26,0,0,0,1,1,0,3,2,0,2.8450868716170703
223,2.08,30,95,128.3,0.178983,30,0,0,0,1,1,0,7,3,2,2.857197064081831
224,2.1,39,124,172.1,0.178893,39,0,0,0,1,1,0,5,2,5,2.7554607595104916
225,2.11,18,48,77.1,0.178804,18,0,0,0,1,1,0,3,3,1,3.3422711013019466
226,2.11,1,9,-1.1,0.178714,1,0,0,0,1,1,0,0,1,2,6.062680544529518
227,2.12,23,61,99.5,0.178625,23,0,0,0,1,1,0,4,1,4,3.257049731543188
228,2.14,37,126,157.2,0.178536,37,0,0,0,1,1,0,10,4,2,2.7407639005917965
229,2.15,26,79,110.5,0.178447,26,0,0,0,1,1,0,6,2,6,2.931234039129448
230,2.16,21,45,93.5,0.178357,21,0,0,0,1,1,0,2,1,0,3.0665765214013194
231,2.17,15,70,57.9,0.178268,15,0,0,0,1,1,0,5,2,1,2.881709100847744
232,2.18,11,27,46.2,0.178179,11,0,0,0,1,1,0,1,1,1,3.2974872809342024
233,2.18,13,25,56.5,0.17809,13,0,0,0,1,1,0,1,2,0,3.8777648864701906
234,2.19,25,64,112.6,0.178001,25,0,0,0,1,1,0,1,3,0,3.0378158409375953
235,2.19,0,17,-13.7,0.177912,0,0,0,0,1,1,0,7,1,0,2.0228874116403786
236,2.21,22,61,94.9,0.177823,22,0,0,0,1,1,0,4,3,0,3.3155008454611403
237,2.21,5,16,14.4,0.177734,5,0,0,0,1,1,0,4,1,0,3.90140448562773
238,2.21,6,18,28.1,0.177645,7,0,0,0,1,1,0,0,1,1,4.328788001416546
239,2.22,11,31,44.8,0.177556,11,0,0,0,1,1,0,2,2,1,3.493928869898954
240,2.23,21,72,86.7,0.177467,21,0,0,0,1,1,0,6,2,1,2.9369266657284556
241,2.24,30,85,134.1,0.177379,30,0,0,0,1,1,0,2,3,4,3.1510032827657577
242,2.25,8,16,32.4,0.17729,8,0,0,0,1,1,0,1,1,0,3.877661641535854
243,2.27,38,107,166.0,0.177201,38,0,0,0,1,1,0,8,5,3,3.465971372012991
244,2.28,31,80,139.6,0.177113,31,0,0,0,1,1,0,2,2,4,2.8492730160282838
245,2.29,23,82,95.5,0.177024,23,0,0,0,1,1,0,6,2,3,2.6471551073498256
246,2.3,7,25,29.4,0.176936,8,0,0,0,1,1,0,3,1,1,3.788946791870346
247,2.3,5,16,18.3,0.176847,5,0,0,0,1,1,0,0,1,1,4.38551986343956
248,2.3,7,16,27.4,0.176759,7,0,0,0,1,1,0,1,1,0,4.310094770373419
249,2.31,3,5,8.5,0.17667,3,0,0,0,1,1,0,1,1,0,7.192129342070288
250,2.31,2,11,3.8,0.176582,2,0,0,0,1,1,0,0,1,1,5.809781141517811
251,2.32,27,73,118.4,0.176494,27,0,0,0,1,1,0,4,3,3,3.444158380875196
252,2.35,40,192,169.5,0.176406,40,0,0,0,1,1,0,6,4,3,2.3652864517860457
253,2.35,3,15,4.5,0.176317,3,0,0,0,1,1,0,4,1,0,3.067150579070019
254,2.36,0,9,-8.9,0.176229,0,0,0,0,1,1,0,3,1,0,4.9200911262967
255,2.36,7,37,22.0,0.176141,7,0,0,0,1,1,0,4,1,3,2.258880388778818
256,2.38,37,98,165.7,0.176053,37,0,0,0,1,1,0,4,2,5,3.1169484087966337
257,2.4,42,130,181.7,0.175965,42,0,0,0,1,1,0,10,4,3,2.598883446623357
258,2.41,19,61,79.7,0.175877,19,0,0,0,1,1,0,4,3,2,2.4778418219529854
259,2.43,37,97,157.2,0.175789,37,0,0,0,1,1,0,13,1,1,2.246538273399097
260,2.44,39,98,178.9,0.175701,39,0,0,0,1,1,0,1,2,3,2.9168557793425838
261,2.45,11,36,43.0,0.175613,11,0,0,0,1,1,0,3,1,4,3.920845834009449
262,2.45,1,10,-4.0,0.175526,1,0,0,0,1,1,0,3,1,0,2.0444244826610403
263,2.46,18,66,73.1,0.175438,18,0,0,0,1,1,0,5,4,3,3.1959352669864076
264,2.46,2,7,3.2,0.17535,2,0,0,0,1,1,0,1,1,1,4.014549478238878
265,2.48,31,72,139.5,0.175262,31,0,0,0,1,1,0,3,1,3,3.345052246879876
266,2.48,0,27,-13.7,0.175175,0,0,0,0,1,1,0,6,1,0,2.1854065807640644
267,2.5,45,126,201.0,0.175087,45,0,0,0,1,1,0,6,5,4,2.5611789097053586
268,2.5,4,13,13.7,0.175,4,0,0,0,1,1,0,0,1,0,4.728966132997622
269,2.51,16,46,66.9,0.174912,16,0,0,0,1,1,0,3,2,5,3.8162317886209762
270,2.52,23,75,100.3,0.174825,23,0,0,0,1,1,0,2,2,2,2.2634546161345233
271,2.53,4,19,11.6,0.174737,4,0,0,0,1,1,0,1,2,5,2.8422470918706235
272,2.54,28,91,120.5,0.17465,28,0,0,0,1,1,0,5,1,4,2.965845772942929
273,2.56,37,110,164.9,0.174563,37,0,0,0,1,1,0,4,5,1,2.8305335142862
274,2.58,35,139,148.7,0.174475,35,0,0,0,1,1,0,7,3,4,2.6641378389553614
275,2.59,20,55,85.4,0.174388,20,0,0,0,1,1,0,4,3,1,3.319728192687117
276,2.6,15,45,61.5,0.174301,15,0,0,0,1,1,0,4,2,0,3.11062158178548
277,2.62,37,96,160.4,0.174214,37,0,0,0,1,1,0,10,2,0,2.893559044734022
278,2.62,6,13,22.7,0.174127,6,0,0,0,1,1,0,1,1,0,3.0737567207888676
279,2.64,37,105,160.0,0.17404,37,0,0,0,1,1,0,9,2,5,2.683461062310048
280,2.64,4,11,13.9,0.173953,4,0,0,0,1,1,0,0,1,0,4.05140831861778
281,2.65,20,43,87.4,0.173866,20,0,0,0,1,1,0,3,2,3,2.281035118025396
282,2.65,9,22,41.7,0.173779,10,0,0,0,1,1,0,1,1,1,3.5237649988939315
283,2.67,28,84,122.5,0.173692,28,0,0,0,1,1,0,4,3,1,2.9229164755544867
284,2.67,3,9,8.0,0.173605,3,0,0,0,1,1,0,1,1,1,7.136818597577013
285,2.67,17,39,76.1,0.173518,17,0,0,0,1,1,0,0,1,0,2.976517409640917
286,2.68,20,49,86.1,0.173431,20,0,0,0,1,1,0,4,2,0,2.9170949726867503
287,2.69,13,38,50.1,0.173345,13,0,0,0,1,1,0,6,1,1,2.835989274739759
288,2.69,4,17,9.3,0.173258,4,0,0,0,1,1,0,4,1,0,2.968051116717623
289,2.69,2,5,4.5,0.173171,2,0,0,0,1,1,0,0,1,0,8.468935041066205
290,2.7,1,33,-9.6,0.173085,1,0,0,0,1,1,0,6,1,3,2.10959280060773
291,2.7,9,19,38.1,0.172998,9,0,0,0,1,1,0,0,1,0,2.7346869972614454
292,2.71,14,44,54.3,0.172912,14,0,0,0,1,1,0,6,2,3,2.6410108056544463
293,2.72,13,36,53.2,0.172825,13,0,0,0,1,1,0,3,2,2,3.3528626621210744
294,2.72,0,17,-11.7,0.172739,0,0,0,0,1,1,0,5,1,0,2.6586867254580877
295,2.74,34,91,149.5,0.172652,34,0,0,0,1,1,0,6,2,4,2.99304776924456
296,2.74,22,47,95.1,0.172566,22,0,0,0,1,1,0,5,3,2,3.135759016775895
297,2.75,7,21,25.9,0.17248,7,0,0,0,1,1,0,2,1,0,2.0118123522342453
298,2.76,19,99,76.8,0.172394,19,0,0,0,1,1,0,3,2,3,2.735525356883649
299,2.77,9,25,31.4,0.172307,9,0,0,0,1,1,0,6,1,1,4.1467187399732595
300,2.77,5,10,18.9,0.172221,5,0,0,0,1,1,0,0,1,1,4.023443232254839
301,2.77,1,11,-4.1,0.172135,1,0,0,0,1,1,0,3,1,0,3.805171811705714
302,2.77,1,6,-2.7,0.172049,1,0,0,0,1,1,0,2,1,1,2.69557123911768
303,2.79,39,113,176.1,0.171963,39,0,0,0,1,1,0,2,2,6,2.8453357123462077
304,2.8,17,43,75.6,0.171877,17,0,0,0,1,1,0,0,1,1,3.137784425970815
305,2.82,25,100,108.5,0.171791,25,0,0,0,1,1,0,1,1,5,2.0799315749338896
306,2.82,14,33,59.7,0.171705,14,0,0,0,1,1,0,2,2,0,3.3104186021962696
307,2.83,20,50,86.0,0.171619,20,0,0,0,1,1,0,4,1,0,3.4242298112666667
308,2.84,21,58,89.0,0.171534,21,0,0,0,1,1,0,5,1,2,2.850102043995466
309,2.85,12,26,50.4,0.171448,12,0,0,0,1,1,0,2,2,0,3.471759515231236
310,2.85,15,45,60.5,0.171362,15,0,0,0,1,1,0,5,2,0,2.828212885796716
311,2.86,8,16,31.3,0.171276,8,0,0,0,1,1,0,2,1,1,5.046047758917789
312,2.88,45,153,190.3,0.171191,45,0,0,0,1,1,0,14,4,4,2.4720478120985683
313,2.89,19,62,80.6,0.171105,19,0,0,0,1,1,0,3,3,2,3.0183725563590236
314,2.91,38,96,172.2,0.17102,38,0,0,0,1,1,0,3,3,2,3.6113941158676846
315,2.92,26,75,114.1,0.170934,26,0,0,0,1,1,0,3,2,4,2.9313246423623953
316,2.92,11,21,51.9,0.170849,12,0,0,0,1,1,0,1,1,0,3.1487986520907247
317,2.94,34,68,155.0,0.170763,34,0,0,0,1,1,0,3,3,2,2.7713386414228744
318,2.94,11,35,43.3,0.170678,11,0,0,0,1,1,0,3,1,2,4.463179646933609
319,2.96,26,138,103.4,0.170592,26,0,0,0,1,1,0,7,3,8,2.199695045692089
320,2.98,28,77,120.2,0.170507,28,0,0,0,1,1,0,7,1,1,3.2238311604735217
321,3.0,40,145,165.3,0.170422,40,0,0,0,1,1,0,15,3,2,2.7766470259465583
322,3.02,43,131,187.4,0.170337,43,0,0,0,1,1,0,9,4,5,2.729369522195151
323,3.04,45,140,194.7,0.170252,45,0,0,0,1,1,0,11,1,3,2.621916506065746
324,3.06,26,77,112.4,0.170166,26,0,0,0,1,1,0,4,3,9,2.662381820865185
325,3.08,49,172,215.2,0.170081,49,0,0,0,1,1,0,7,7,6,2.4202728078752456
326,3.1,17,115,62.0,0.169996,17,0,0,0,1,1,0,6,1,5,1.8965060091744217
327,3.11,3,17,7.2,0.169911,3,0,0,0,1,1,0,1,1,1,4.351781169488332
328,3.14,44,200,183.3,0.169826,44,0,0,0,1,1,0,10,4,17,2.3514555709792235
329,3.16,43,135,188.0,0.169741,43,0,0,0,1,1,0,8,5,5,2.5761649071697654
330,3.17,26,68,117.0,0.169657,26,0,0,0,1,1,0,1,1,2,2.733692234175606
331,3.17,4,13,11.7,0.169572,4,0,0,0,1,1,0,2,1,0,5.379859478917863
332,3.18,13,37,52.3,0.169487,13,0,0,0,1,1,0,4,1,0,3.638565363691917
333,3.19,16,50,67.8,0.169402,16,0,0,0,1,1,0,2,1,2,2.1415038975359098
334,3.21,49,144,215.9,0.169318,49,0,0,0,1,1,0,9,4,7,2.4800696905036568
335,3.22,20,52,92.6,0.169233,21,0,0,0,1,1,0,2,1,2,2.6082262996485914
336,3.23,29,66,129.1,0.169148,29,0,0,0,1,1,0,4,3,3,2.866052375063546
337,3.25,49,137,236.1,0.169064,51,0,0,0,0,0,1,5,4,1,2.9320832706784783
338,3.28,49,188,207.8,0.168979,49,0,0,0,1,1,0,13,2,4,2.4202756353109907
339,3.29,16,40,67.9,0.168895,16,0,0,0,1,1,0,3,2,1,2.9092577107223767
340,3.29,0,5,-8.5,0.16881,0,0,0,0,1,1,0,3,1,0,5.090560000346862
341,3.31,42,117,186.7,0.168726,42,0,0,0,1,1,0,6,3,6,2.5244088766859867
342,3.31,17,36,73.3,0.168641,17,0,0,0,1,1,0,3,2,1,3.3084258569820926
343,3.34,44,152,195.6,0.168557,44,0,0,0,1,1,0,4,4,2,2.1649776595125565
344,3.34,10,30,39.8,0.168473,10,0,0,0,1,1,0,2,1,2,3.258895954188022
345,3.35,22,63,89.6,0.168389,22,0,0,0,1,1,0,9,2,1,2.665922655538871
346,3.38,49,181,222.9,0.168304,51,0,0,0,0,0,1,13,4,9,2.2772345501160323
347,3.38,4,10,13.0,0.16822,4,0,0,0,1,1,0,1,1,0,4.21337534264959
348,3.39,28,71,124.9,0.168136,28,0,0,0,1,1,0,3,3,0,2.800740902805506
349,3.4,2,9,2.1,0.168052,2,0,0,0,1,1,0,2,1,0,5.787447160069288
350,3.4,1,23,-7.4,0.167968,1,0,0,0,1,1,0,5,1,1,2.8320812051186492
351,3.41,20,55,84.2,0.167884,20,0,0,0,1,1,0,5,2,3,2.6743656323597986
352,3.41,6,19,23.0,0.1678,6,0,0,0,1,1,0,0,1,1,3.985238047386528
353,3.44,44,188,182.6,0.167716,44,0,0,0,1,1,0,13,3,6,2.4885562061941515
354,3.47,49,163,215.4,0.167632,49,0,0,0,1,1,0,8,5,3,2.4807582824386927
355,3.48,34,77,151.1,0.167549,34,0,0,0,1,1,0,6,5,2,2.929055777043094
356,3.49,20,78,77.9,0.167465,20,0,0,0,1,1,0,9,3,3,2.9733994081612485
357,3.51,41,104,187.0,0.167381,41,0,0,0,1,1,0,2,3,6,2.8460240232656373
358,3.51,7,15,28.5,0.167297,7,0,0,0,1,1,0,0,1,0,3.611427721511022
359,3.54,47,176,201.8,0.167214,47,0,0,0,1,1,0,10,3,6,1.9662715985069832
360,3.56,29,115,124.2,0.16713,29,0,0,0,1,1,0,4,2,3,2.2288568633658623
361,3.57,31,101,134.8,0.167047,31,0,0,0,1,1,0,5,2,1,2.18845863999141
362,3.58,12,34,51.5,0.166963,12,0,0,0,1,1,0,0,1,1,3.2043990622983665
363,3.6,31,97,133.1,0.16688,31,0,0,0,1,1,0,7,3,2,2.822254327735768
364,3.61,28,73,125.4,0.166796,28,0,0,0,1,1,0,2,3,3,2.9831107458218575
365,3.63,39,102,170.7,0.166713,39,0,0,0,1,1,0,9,3,1,2.6320231528400355
366,3.63,0,6,-8.6,0.166629,0,0,0,0,1,1,0,3,1,0,2.841160727013264
367,3.63,3,5,9.5,0.166546,3,0,0,0,1,1,0,0,1,0,7.114269541310456
368,3.64,14,49,54.0,0.166463,14,0,0,0,1,1,0,6,1,1,3.199416991517035
369,3.65,24,53,108.7,0.16638,24,0,0,0,1,1,0,1,2,0,3.16346118627792
370,3.65,2,5,4.4,0.166296,2,0,0,0,1,1,0,0,1,1,7.1235778193662584
371,3.68,46,215,193.5,0.166213,46,0,0,0,1,1,0,9,2,10,2.232566520101781
372,3.68,6,17,20.3,0.16613,6,0,0,0,1,1,0,3,1,0,2.790280348519847
373,3.69,6,15,23.5,0.166047,6,0,0,0,1,1,0,0,1,0,3.3815082722250738
374,3.69,9,24,37.5,0.165964,9,0,0,0,1,1,0,0,1,1,3.535558847843404
375,3.7,13,41,54.7,0.165881,13,0,0,0,1,1,0,1,2,2,2.588631582136071
376,3.7,10,26,39.3,0.165798,10,0,0,0,1,1,0,3,1,1,3.069221463777237
377,3.72,48,141,217.7,0.165715,49,0,0,0,1,1,0,8,2,2,2.621787287911888
378,3.74,34,85,153.3,0.165632,34,0,0,0,1,1,0,3,2,2,2.8735741877550876
379,3.74,15,41,65.5,0.165549,15,0,0,0,1,1,0,0,1,4,3.295519346271551
380,3.75,6,17,21.3,0.165467,6,0,0,0,1,1,0,2,1,0,3.3125395393598533
381,3.77,49,113,241.2,0.165384,51,0,0,0,0,0,1,2,0,4,2.7867632915796996
382,3.78,24,55,105.1,0.165301,24,0,0,0,1,1,0,4,2,4,2.975626147315817
383,3.8,47,159,204.3,0.165219,47,0,0,0,1,1,0,9,2,8,2.566100986497381
384,3.82,44,143,191.3,0.165136,44,0,0,0,1,1,0,9,2,4,2.2186160350113626
385,3.85,49,172,216.0,0.165053,49,0,0,0,1,1,0,6,3,8,2.2888767140868134
386,3.85,9,30,32.8,0.164971,9,0,0,0,1,1,0,4,1,2,3.472121924227586
387,3.85,0,5,-1.5,0.164888,1,0,0,0,1,1,0,1,1,0,6.203280009469421
388,3.87,30,96,132.4,0.164806,30,0,0,0,1,1,0,3,4,0,2.7358168109501526
389,3.88,25,71,109.8,0.164724,25,0,0,0,1,1,0,3,3,1,2.3660188809618092
390,3.89,17,34,73.6,0.164641,17,0,0,0,1,1,0,3,2,0,2.379029003887974
391,3.9,21,67,88.1,0.164559,21,0,0,0,1,1,0,5,1,2,3.0436159181853144
392,3.92,46,157,198.6,0.164477,46,0,0,0,1,1,0,10,4,7,3.0458283684068426
393,3.95,49,166,230.9,0.164394,51,0,0,0,0,0,1,7,3,4,2.3452439804466434
394,3.95,4,9,13.1,0.164312,4,0,0,0,1,1,0,1,1,0,5.062849689398892
395,3.98,49,185,229.9,0.16423,51,0,0,0,0,0,1,6,0,5,2.3297542408377123
396,3.99,24,67,101.2,0.164148,24,0,0,0,1,1,0,7,2,1,3.4557238460288415
397,4.0,15,42,61.8,0.164066,15,0,0,0,1,1,0,4,2,0,2.528620801499349
398,4.02,37,104,163.1,0.163984,37,0,0,0,1,1,0,6,2,5,2.1164123972573377
399,4.03,19,96,81.1,0.163902,20,0,0,0,1,1,0,4,2,3,2.0826214363548314
400,4.05,18,86,73.0,0.16382,18,0,0,0,1,1,0,3,3,4,2.4241817569407593
401,4.07,43,158,184.4,0.163738,43,0,0,0,1,1,0,9,2,8,2.686400070425006
402,4.09,39,99,176.1,0.163656,39,0,0,0,1,1,0,4,4,0,2.86832144613107
403,4.11,49,150,235.6,0.163574,51,0,0,0,0,0,1,4,2,3,2.6897315595443616
404,4.13,40,129,172.8,0.163492,40,0,0,0,1,1,0,9,4,3,2.8506519720787513
405,4.16,43,160,184.5,0.163411,43,0,0,0,1,1,0,9,3,5,2.4091518896432733
406,4.18,43,140,192.7,0.163329,43,0,0,0,1,1,0,3,2,3,2.1586378069305243
407,4.18,5,14,14.6,0.163247,5,0,0,0,1,1,0,4,1,0,3.5448554516858506
408,4.18,3,12,11.7,0.163166,4,0,0,0,1,1,0,2,1,1,4.198264618617028
409,4.21,43,161,188.5,0.163084,43,0,0,0,1,1,0,5,2,4,2.1611115015543967
410,4.23,49,156,231.9,0.163003,51,0,0,0,0,0,1,7,2,4,2.3514344731751584
411,4.24,10,28,38.2,0.162921,10,0,0,0,1,1,0,4,1,0,2.355205234828771
412,4.26,47,128,207.0,0.16284,47,0,0,0,1,1,0,10,3,2,3.007999720992417
413,4.3,49,278,195.6,0.162758,49,0,0,0,1,1,0,16,2,6,1.7649748567949657
414,4.3,8,32,25.8,0.162677,8,0,0,0,1,1,0,6,1,0,2.661740395191344
415,4.31,17,40,72.9,0.162596,17,0,0,0,1,1,0,3,1,1,3.240946059957878
416,4.31,7,18,27.2,0.162514,7,0,0,0,1,1,0,1,2,0,4.0747643422031725
417,4.32,6,16,21.3,0.162433,6,0,0,0,1,1,0,2,1,1,3.587396367107276
418,4.32,16,33,68.6,0.162352,16,0,0,0,1,1,0,3,1,1,2.683109392283855
419,4.36,49,259,193.5,0.162271,49,0,0,0,1,1,0,19,5,16,2.1846422310335276
420,4.37,15,37,63.3,0.162189,15,0,0,0,1,1,0,3,1,0,4.144515750043626
421,4.39,37,119,162.6,0.162108,37,0,0,0,1,1,0,5,2,5,2.625945953725609
422,4.41,45,178,191.6,0.162027,45,0,0,0,1,1,0,10,3,6,2.1340332669582276
423,4.42,8,19,37.8,0.161946,9,0,0,0,1,1,0,0,1,3,3.7300403091531273
424,4.44,34,108,146.9,0.161865,34,0,0,0,1,1,0,7,1,3,2.326305075635174
425,4.45,24,79,99.9,0.161784,24,0,0,0,1,1,0,7,1,2,2.1524482496141286
426,4.45,4,17,11.3,0.161703,4,0,0,0,1,1,0,2,1,0,4.029226251399989
427,4.47,33,104,143.4,0.161623,33,0,0,0,1,1,0,6,3,2,3.0304616748947115
428,4.48,24,59,105.9,0.161542,24,0,0,0,1,1,0,3,5,2,3.242204502316702
429,4.49,32,98,137.9,0.161461,32,0,0,0,1,1,0,7,2,3,2.153368358144142
430,4.5,7,14,28.6,0.16138,7,0,0,0,1,1,0,0,1,0,3.0033220460026553
431,4.52,38,128,162.8,0.1613,38,0,0,0,1,1,0,9,3,4,2.7461240931752116
432,4.55,48,199,202.6,0.161219,48,0,0,0,1,1,0,12,2,5,2.487460426932136
433,4.57,41,117,186.0,0.161138,42,0,0,0,1,1,0,7,3,3,2.6218517919664026
434,4.59,40,137,173.2,0.161058,40,0,0,0,1,1,0,8,2,1,2.565933414295806
435,4.6,35,86,164.1,0.160977,36,0,0,0,1,1,0,2,1,3,2.63673067145534
436,4.62,42,136,188.3,0.160897,42,0,0,0,1,1,0,3,1,1,2.348966430571432
437,4.65,44,179,180.7,0.160816,44,0,0,0,1,1,0,16,3,4,2.4180670677495564
438,4.66,23,69,97.8,0.160736,23,0,0,0,1,1,0,5,1,3,2.4908569788385324
439,4.67,9,24,36.6,0.160656,9,0,0,0,1,1,0,1,1,0,5.327524497687732
440,4.67,13,35,54.4,0.160575,13,0,0,0,1,1,0,2,1,1,3.895336137564438
441,4.69,38,110,170.7,0.160495,38,0,0,0,1,1,0,3,5,3,2.7064491802937742
442,4.71,42,113,189.2,0.160415,42,0,0,0,1,1,0,4,2,5,2.3500187224300975
443,4.72,26,64,114.4,0.160334,26,0,0,0,1,1,0,4,2,2,2.623573553102107
444,4.72,4,11,11.9,0.160254,4,0,0,0,1,1,0,2,1,0,6.515833283344578
445,4.74,32,104,139.2,0.160174,32,0,0,0,1,1,0,5,4,4,2.3318783250684376
446,4.74,3,15,4.4,0.160094,3,0,0,0,1,1,0,4,1,1,3.11030862139874
447,4.76,31,65,142.3,0.160014,31,0,0,0,1,1,0,1,2,2,3.2583057156918236
448,4.77,29,89,126.1,0.159934,29,0,0,0,1,1,0,5,2,0,2.6737055717981
449,4.77,1,6,-1.6,0.159854,1,0,0,0,1,1,0,1,1,0,5.481670298032544
450,4.78,17,44,77.6,0.159774,18,0,0,0,1,1,0,3,2,0,2.5100259352780014
451,4.81,49,184,213.2,0.159694,49,0,0,0,1,1,0,8,4,4,2.4670970929567635
452,4.81,6,23,20.6,0.159614,6,0,0,0,1,1,0,2,1,1,2.3490657101666903
453,4.83,46,127,203.1,0.159535,46,0,0,0,1,1,0,9,4,2,2.7563841104510893
454,4.85,22,64,93.5,0.159455,22,0,0,0,1,1,0,5,2,1,2.6633249573578075
455,4.87,45,121,204.6,0.159375,45,0,0,0,1,1,0,3,2,3,2.2186195244713485
456,4.87,9,31,33.9,0.159295,9,0,0,0,1,1,0,3,1,0,2.9750423604234553
457,4.88,17,44,71.4,0.159216,17,0,0,0,1,1,0,4,1,2,3.1538356174284887
458,4.9,30,160,123.7,0.159136,30,0,0,0,1,1,0,5,3,3,1.9536289220937975
459,4.91,10,21,41.9,0.159057,10,0,0,0,1,1,0,1,1,0,3.257813721519302
460,4.93,47,123,211.2,0.158977,47,0,0,0,1,1,0,6,1,5,2.3791576173877695
461,4.94,27,66,118.3,0.158898,27,0,0,0,1,1,0,5,1,1,2.8293827832617713
462,4.95,25,68,110.1,0.158818,25,0,0,0,1,1,0,3,1,1,2.4760042947064584
463,4.95,5,11,18.9,0.158739,5,0,0,0,1,1,0,0,1,0,5.3349171957121735
464,4.96,7,22,31.7,0.158659,8,0,0,0,1,1,0,1,1,1,3.734881415054089
465,4.97,15,48,60.0,0.15858,15,0,0,0,1,1,0,5,2,2,2.3773615871127447
466,4.99,40,123,175.3,0.158501,40,0,0,0,1,1,0,7,5,4,2.641484132411981
467,5.0,16,47,66.3,0.158421,16,0,0,0,1,1,0,4,1,0,2.7817411667823118
468,5.01,15,49,60.0,0.158342,15,0,0,0,1,1,0,5,2,1,3.2646410437032105
469,5.01,13,24,56.6,0.158263,13,0,0,0,1,1,0,1,1,0,3.0965395217746003
470,5.03,40,100,183.5,0.158184,40,0,0,0,1,1,0,1,3,5,3.072208767888783
471,5.04,16,73,63.5,0.158105,16,0,0,0,1,1,0,4,1,2,1.9558947172317083
472,5.04,14,30,60.9,0.158026,14,0,0,0,1,1,0,1,1,1,2.819896368838433
473,5.06,29,69,131.7,0.157947,29,0,0,0,1,1,0,1,1,4,3.0720846374201
474,5.08,39,114,168.1,0.157868,39,0,0,0,1,1,0,10,1,5,2.404465932881547
475,5.09,23,63,99.6,0.157789,23,0,0,0,1,1,0,4,1,1,2.346479432175033
476,5.1,34,95,147.8,0.15771,34,0,0,0,1,1,0,7,2,7,2.9232894385223527
477,5.12,36,95,158.9,0.157631,36,0,0,0,1,1,0,6,3,6,2.380523140894708
478,5.13,15,35,65.4,0.157552,15,0,0,0,1,1,0,1,2,1,2.572141458732226
479,5.14,23,61,100.9,0.157474,23,0,0,0,1,1,0,3,3,0,2.497335664845564
480,5.14,6,18,21.1,0.157395,6,0,0,0,1,1,0,2,1,1,4.481129299860901
481,5.15,17,44,71.5,0.157316,17,0,0,0,1,1,0,4,2,1,2.5766022239615145
482,5.16,23,73,100.4,0.157237,23,0,0,0,1,1,0,2,2,3,2.6274576721388794
483,5.17,28,76,125.1,0.157159,28,0,0,0,1,1,0,2,3,3,2.5998026330920028
484,5.18,7,16,26.3,0.15708,7,0,0,0,1,1,0,2,1,1,4.305632164237443
485,5.19,19,68,76.2,0.157002,19,0,0,0,1,1,0,7,1,0,2.589731344950155
486,5.2,30,92,132.4,0.156923,30,0,0,0,1,1,0,3,2,4,3.065547877550379
487,5.21,11,26,51.4,0.156845,12,0,0,0,1,1,0,1,1,0,2.29831864532432
488,5.21,7,19,27.9,0.156766,7,0,0,0,1,1,0,0,1,2,3.522021643176185
489,5.23,46,124,206.4,0.156688,46,0,0,0,1,1,0,6,2,2,2.364317405044424
490,5.24,6,15,19.5,0.15661,6,0,0,0,1,1,0,4,1,0,3.2361903424683183
491,5.25,28,76,122.9,0.156531,28,0,0,0,1,1,0,4,2,5,2.7664778662526976
492,5.25,11,26,50.4,0.156453,12,0,0,0,1,1,0,2,2,0,3.3233317856503697
493,5.26,26,60,116.0,0.156375,26,0,0,0,1,1,0,3,1,0,2.5841788303124287
494,5.27,4,7,14.3,0.156297,4,0,0,0,1,1,0,0,1,0,5.993990729140593
495,5.27,16,49,69.9,0.156218,16,0,0,0,1,1,0,0,1,2,2.8255900628417274
496,5.28,2,7,3.3,0.15614,2,0,0,0,1,1,0,1,1,0,5.218781211045875
497,5.28,7,16,27.2,0.156062,7,0,0,0,1,1,0,1,2,2,3.5066923535579333
498,5.29,16,52,65.6,0.155984,16,0,0,0,1,1,0,4,1,2,3.710603322147451
499,5.31,49,134,240.3,0.155906,51,0,0,0,0,0,1,1,0,2,2.543609778799246
500,5.33,49,167,215.0,0.155828,49,0,0,0,1,1,0,8,4,3,2.678085643074606
501,5.36,46,153,201.4,0.15575,46,0,0,0,1,1,0,8,3,3,2.1987495695653765
502,5.37,20,52,85.7,0.155673,20,0,0,0,1,1,0,4,2,1,2.8152750995317595
503,5.37,14,37,61.3,0.155595,14,0,0,0,1,1,0,0,1,0,2.8872721243086135
504,5.38,12,42,44.6,0.155517,12,0,0,0,1,1,0,6,2,2,3.282833319500788
505,5.38,7,25,22.4,0.155439,7,0,0,0,1,1,0,5,2,1,3.1058470933629723
506,5.4,22,81,87.8,0.155361,22,0,0,0,1,1,0,9,1,1,3.4301520213848575
507,5.41,19,46,82.3,0.155284,19,0,0,0,1,1,0,3,1,1,2.9610638669519287
508,5.43,45,140,198.6,0.155206,45,0,0,0,1,1,0,7,5,4,2.081535736198591
509,5.43,15,41,59.9,0.155129,15,0,0,0,1,1,0,6,2,0,3.0693631338680283
510,5.44,3,8,9.1,0.155051,3,0,0,0,1,1,0,0,1,1,4.723969832772536
511,5.46,35,153,145.4,0.154973,35,0,0,0,1,1,0,9,3,3,1.8925588991792375
512,5.46,4,11,17.9,0.154896,5,0,0,0,1,1,0,1,1,0,3.6187954880575357
513,5.49,49,211,214.1,0.154818,50,0,0,0,1,1,0,9,3,8,2.251597338891048
514,5.52,50,178,224.4,0.154741,50,0,0,0,0,0,1,7,4,7,2.5670624375325906
515,5.52,1,11,-4.2,0.154664,1,0,0,0,1,1,0,3,1,1,4.057054313271032
516,5.53,4,8,18.1,0.154586,5,0,0,0,1,1,0,1,1,1,5.297670071518953
517,5.53,3,13,6.4,0.154509,3,0,0,0,1,1,0,2,1,3,3.4538736087596833
518,5.53,10,24,39.3,0.154432,10,0,0,0,1,1,0,3,2,3,2.62686579410476
519,5.56,49,165,235.8,0.154355,51,0,0,0,0,0,1,2,4,6,2.5866998256360323
520,5.58,50,160,222.2,0.154277,50,0,0,0,1,1,0,6,6,8,2.4245777054373434
521,5.6,29,96,119.9,0.1542,29,0,0,0,1,1,0,10,2,5,2.054751559313502
522,5.61,30,76,136.2,0.154123,30,0,0,0,1,1,0,1,1,2,2.6270779659734362
523,5.62,10,63,35.5,0.154046,10,0,0,0,1,1,0,3,2,2,2.5289706012157582
524,5.63,0,13,-9.3,0.153969,0,0,0,0,1,1,0,3,1,0,5.010159151207656
525,5.63,20,43,87.7,0.153892,20,0,0,0,1,1,0,3,2,0,2.4716541514128103
526,5.64,23,62,100.7,0.153815,23,0,0,0,1,1,0,3,2,1,2.5799544419365517
527,5.66,33,101,143.3,0.153738,33,0,0,0,1,1,0,6,2,6,2.61275129364151
528,5.67,34,80,160.6,0.153661,35,0,0,0,1,1,0,1,2,4,2.6628975400574797
529,5.68,15,47,62.2,0.153585,15,0,0,0,1,1,0,3,1,1,2.8501126643736323
530,5.69,7,18,26.1,0.153508,7,0,0,0,1,1,0,2,2,1,2.478741349513128
531,5.7,22,69,96.9,0.153431,23,0,0,0,1,1,0,6,2,2,2.7351984240481153
532,5.7,3,7,8.3,0.153354,3,0,0,0,1,1,0,1,1,0,5.046605299220301
533,5.71,23,62,101.4,0.153278,23,0,0,0,1,1,0,2,1,4,3.2625070478727656
534,5.73,32,114,138.5,0.153201,32,0,0,0,1,1,0,5,1,1,2.420346947275664
535,5.74,23,71,97.7,0.153124,23,0,0,0,1,1,0,5,2,2,2.3736298249391514
536,5.75,16,54,65.3,0.153048,16,0,0,0,1,1,0,4,3,3,2.9111640203097435
537,5.75,3,7,9.3,0.152971,3,0,0,0,1,1,0,0,1,0,7.679315756569137
538,5.77,49,150,234.8,0.152895,51,0,0,0,0,0,1,5,2,1,2.415481246188904
539,5.78,10,24,46.4,0.152818,11,0,0,0,1,1,0,1,2,2,2.8811214407618553
540,5.79,18,38,80.1,0.152742,18,0,0,0,1,1,0,1,2,1,2.106846677123715
541,5.8,37,100,162.9,0.152666,37,0,0,0,1,1,0,7,3,1,2.8275840642379406
542,5.82,36,77,162.3,0.152589,36,0,0,0,1,1,0,5,3,0,2.6354806690086625
543,5.82,10,36,36.4,0.152513,10,0,0,0,1,1,0,5,2,0,2.7737804473512053
544,5.83,16,46,64.2,0.152437,16,0,0,0,1,1,0,6,2,2,2.8206898151459727
545,5.85,47,122,211.7,0.15236,47,0,0,0,1,1,0,6,2,1,2.3382720606692704
546,5.86,23,55,100.3,0.152284,23,0,0,0,1,1,0,4,3,2,3.00761981807664
547,5.87,20,56,87.2,0.152208,20,0,0,0,1,1,0,2,3,2,3.0107813464122493
548,5.87,0,5,-8.5,0.152132,0,0,0,0,1,1,0,3,1,0,6.511664851161312
549,5.89,38,89,174.0,0.152056,38,0,0,0,1,1,0,2,2,1,2.4026605328991293
550,5.89,15,31,65.8,0.15198,15,0,0,0,1,1,0,1,1,1,3.319486279838995
551,5.89,1,10,-4.0,0.151904,1,0,0,0,1,1,0,3,1,0,5.417804094180657
552,5.91,35,105,152.5,0.151828,35,0,0,0,1,1,0,7,2,0,3.0481520681445167
553,5.93,44,113,200.3,0.151752,44,0,0,0,1,1,0,3,2,4,2.484730129695932
554,5.94,22,57,94.0,0.151676,22,0,0,0,1,1,0,5,1,3,2.5165542862637373
555,5.95,29,73,129.6,0.1516,29,0,0,0,1,1,0,3,3,1,2.794371169359181
556,5.97,45,151,199.8,0.151525,45,0,0,0,1,1,0,4,1,11,2.676990172613218
557,5.99,49,128,241.8,0.151449,51,0,0,0,0,0,1,0,2,3,2.6513588601968703
558,6.01,37,100,164.6,0.151373,37,0,0,0,1,1,0,5,2,4,2.7136406524409535
559,6.03,49,165,235.0,0.151297,51,0,0,0,0,0,1,3,5,4,2.197603406942174
560,6.06,49,164,232.8,0.151222,51,0,0,0,0,0,1,5,2,7,2.7064436060451844
561,6.07,16,50,65.8,0.151146,16,0,0,0,1,1,0,4,1,2,2.5789595364441356
562,6.09,28,134,115.4,0.151071,28,0,0,0,1,1,0,6,2,2,1.629275327852656
563,6.11,20,110,76.7,0.150995,20,0,0,0,1,1,0,7,2,3,1.8872178134956337
564,6.12,34,91,149.7,0.15092,34,0,0,0,1,1,0,6,2,2,2.648594620735548
565,6.14,33,90,148.7,0.150844,33,0,0,0,1,1,0,2,3,3,2.7867684715611256
566,6.14,9,23,37.5,0.150769,9,0,0,0,1,1,0,0,1,2,4.940549819548999
567,6.16,43,137,187.2,0.150693,43,0,0,0,1,1,0,9,4,1,2.4330972946749565
568,6.17,1,25,-7.6,0.150618,1,0,0,0,1,1,0,5,1,1,3.201807517159911
569,6.17,6,45,13.3,0.150543,6,0,0,0,1,1,0,7,2,2,2.7117683013152063
570,6.19,40,127,175.9,0.150467,40,0,0,0,1,1,0,6,1,4,2.4216908515668725
571,6.2,8,26,31.4,0.150392,8,0,0,0,1,1,0,1,1,0,2.727675829699789
572,6.2,11,31,46.9,0.150317,11,0,0,0,1,1,0,0,1,0,2.240467637178262
573,6.23,29,147,117.9,0.150242,29,0,0,0,1,1,0,7,2,4,1.7189849884821424
574,6.24,25,65,108.4,0.150167,25,0,0,0,1,1,0,5,3,1,2.8783099267166934
575,6.25,21,96,83.3,0.150092,21,0,0,0,1,1,0,7,1,1,2.565772827174662
576,6.27,36,100,156.6,0.150017,36,0,0,0,1,1,0,8,4,4,3.1494659274400783
577,6.3,49,179,234.3,0.149942,51,0,0,0,0,0,1,2,3,7,2.935048808601659
578,6.3,1,6,-3.6,0.149867,1,0,0,0,1,1,0,3,1,0,5.874515122881817
579,6.32,49,174,217.5,0.149792,49,0,0,0,1,1,0,5,5,1,2.258236028779533
580,6.33,6,16,19.4,0.149717,6,0,0,0,1,1,0,4,1,0,3.618690395074859
581,6.33,10,24,42.5,0.149642,10,0,0,0,1,1,0,0,1,1,2.860640706855176
582,6.34,7,20,25.9,0.149567,7,0,0,0,1,1,0,2,1,1,4.710349248498656
583,6.34,12,22,51.8,0.149492,12,0,0,0,1,1,0,1,1,0,3.336774118745234
584,6.35,19,42,82.7,0.149418,19,0,0,0,1,1,0,3,1,1,2.7608621046822273
585,6.37,45,160,193.5,0.149343,45,0,0,0,1,1,0,10,2,5,2.2731864000492465
586,6.37,7,16,33.4,0.149268,8,0,0,0,1,1,0,0,1,0,2.823453109228176
587,6.39,42,115,188.2,0.149193,42,0,0,0,1,1,0,5,2,3,2.642235764199034
588,6.4,10,18,47.1,0.149119,11,0,0,0,1,1,0,1,1,1,2.768023107700685
589,6.4,14,37,58.3,0.149044,14,0,0,0,1,1,0,3,1,0,2.218228882262423
590,6.43,50,165,222.8,0.14897,50,0,0,0,1,1,0,5,4,7,2.4732185793729293
591,6.43,5,14,14.6,0.148895,5,0,0,0,1,1,0,4,1,0,5.161617691866534
592,6.44,24,62,105.5,0.148821,24,0,0,0,1,1,0,3,2,3,2.97314710631952
593,6.45,15,41,63.9,0.148746,15,0,0,0,1,1,0,2,1,0,2.5518453798895195
594,6.45,7,21,26.7,0.148672,7,0,0,0,1,1,0,1,1,2,3.2966145074801094
595,6.46,6,20,19.7,0.148598,6,0,0,0,1,1,0,3,1,3,3.3663551251229196
596,6.48,46,137,203.2,0.148523,46,0,0,0,1,1,0,8,2,1,2.7215790442423273
597,6.48,1,5,-3.5,0.148449,1,0,0,0,1,1,0,3,1,0,7.120728598293075
598,6.49,15,40,61.8,0.148375,15,0,0,0,1,1,0,4,1,2,3.054769613366562
599,6.5,43,107,193.9,0.148301,43,0,0,0,1,1,0,5,2,4,2.2038642521168423
600,6.52,49,140,235.8,0.148227,51,0,0,0,0,0,1,5,0,1,2.6402259103758468
601,6.53,19,57,79.2,0.148153,19,0,0,0,1,1,0,5,2,1,3.3167552931250484
602,6.56,49,188,215.0,0.148078,49,0,0,0,1,1,0,6,4,2,2.3661998098939536
603,6.57,7,22,23.8,0.148004,7,0,0,0,1,1,0,4,1,0,3.115735818986389
604,6.57,1,5,-3.5,0.14793,1,0,0,0,1,1,0,3,1,0,7.131248675244484
605,6.59,40,119,172.7,0.147856,40,0,0,0,1,1,0,10,3,4,2.544042452412034
606,6.6,27,87,119.1,0.147783,27,0,0,0,1,1,0,2,1,2,2.313711780669645
607,6.6,8,22,32.6,0.147709,8,0,0,0,1,1,0,0,1,2,4.301685322244304
608,6.61,5,32,11.8,0.147635,5,0,0,0,1,1,0,5,1,0,3.3115601790843607
609,6.62,16,67,63.0,0.147561,16,0,0,0,1,1,0,5,3,3,1.877674575844063
610,6.64,23,121,90.6,0.147487,23,0,0,0,1,1,0,7,4,3,2.4118202305079213
611,6.66,24,95,102.4,0.147413,24,0,0,0,1,1,0,3,2,1,1.9911598002270585
612,6.67,17,51,68.6,0.14734,17,0,0,0,1,1,0,6,2,3,2.644632340486466
613,6.7,43,208,176.9,0.147266,43,0,0,0,1,1,0,12,5,3,1.9666437722938033
614,6.7,14,32,60.8,0.147192,14,0,0,0,1,1,0,1,1,0,2.8300315635100044
615,6.72,42,120,185.9,0.147119,42,0,0,0,1,1,0,7,4,1,2.681621612413624
616,6.73,17,47,72.3,0.147045,17,0,0,0,1,1,0,3,2,0,2.964133640242685
617,6.74,26,71,111.8,0.146972,26,0,0,0,1,1,0,6,1,1,2.286789581012624
618,6.77,49,219,221.6,0.146898,51,0,0,0,0,0,1,11,5,4,2.322710276564072
619,6.78,11,27,46.2,0.146825,11,0,0,0,1,1,0,1,1,1,2.1886185174108825
620,6.8,40,110,180.8,0.146751,40,0,0,0,1,1,0,3,1,2,2.4755332648225328
621,6.82,49,142,235.4,0.146678,51,0,0,0,0,0,1,5,0,3,2.510053504158184
622,6.84,41,119,177.8,0.146605,41,0,0,0,1,1,0,10,4,3,2.4631534850649346
623,6.85,23,54,103.4,0.146531,23,0,0,0,1,1,0,1,1,2,2.589458230245985
624,6.85,1,6,-0.7,0.146458,1,0,0,0,1,1,0,0,1,1,4.5577927594951335
625,6.88,49,185,226.8,0.146385,51,0,0,0,0,0,1,9,2,6,2.3797200503863993
626,6.89,40,122,176.7,0.146312,40,0,0,0,1,1,0,6,2,1,2.292627220345694
627,6.92,49,177,233.9,0.146239,51,0,0,0,0,0,1,3,2,3,2.2640786985293553
628,6.93,23,62,99.5,0.146165,23,0,0,0,1,1,0,4,3,3,2.894174278152883
629,6.94,15,41,60.3,0.146092,15,0,0,0,1,1,0,5,1,6,2.3578956102193676
630,6.96,49,162,217.6,0.146019,49,0,0,0,1,1,0,6,5,2,1.9962266787535181
631,6.97,22,51,103.7,0.145946,23,0,0,0,1,1,0,1,2,2,2.226431230074837
632,7.0,40,141,173.6,0.145873,40,0,0,0,1,1,0,7,1,3,2.1912385912831396
633,7.0,12,43,47.4,0.1458,12,0,0,0,1,1,0,3,2,3,3.1207298367943883
634,7.01,21,52,93.4,0.145727,21,0,0,0,1,1,0,1,1,4,2.1102252899574063
635,7.03,42,109,187.9,0.145655,42,0,0,0,1,1,0,6,2,2,2.553716265952098
636,7.05,48,167,209.0,0.145582,48,0,0,0,1,1,0,9,4,3,2.1743801960111693
637,7.06,1,6,-1.9,0.145509,1,0,0,0,1,1,0,1,1,3,5.382034250342495
638,7.06,16,42,67.6,0.145436,16,0,0,0,1,1,0,3,1,2,3.0652758143977237
639,7.08,29,88,122.9,0.145364,29,0,0,0,1,1,0,8,2,3,2.6772073038514193
640,7.09,31,81,137.7,0.145291,31,0,0,0,1,1,0,4,2,2,2.600694666035164
641,7.11,30,88,130.8,0.145218,30,0,0,0,1,1,0,5,1,4,2.0232167063520157
642,7.13,48,147,214.9,0.145146,48,0,0,0,1,1,0,5,5,4,2.5405155313296275
643,7.15,50,159,223.5,0.145073,50,0,0,0,1,1,0,5,2,6,2.5664438097269784
644,7.16,15,40,62.9,0.145,15,0,0,0,1,1,0,3,2,1,2.9215809584590957
645,7.18,36,132,154.3,0.144928,36,0,0,0,1,1,0,7,2,5,1.850835316056841
646,7.2,49,152,233.1,0.144856,51,0,0,0,0,0,1,6,3,6,2.20626396276404
647,7.22,37,110,162.6,0.144783,37,0,0,0,1,1,0,6,1,4,1.9923690765345075
648,7.23,12,45,48.3,0.144711,12,0,0,0,1,1,0,2,1,2,2.0350801139472643
649,7.24,17,45,75.5,0.144638,17,0,0,0,1,1,0,0,1,0,3.062226813546622
650,7.25,36,80,165.9,0.144566,36,0,0,0,1,1,0,1,1,1,2.667618091071718
651,7.26,17,41,73.8,0.144494,17,0,0,0,1,1,0,2,1,1,2.310301087578535
652,7.28,49,135,223.3,0.144421,49,0,0,0,1,1,0,3,1,2,2.1273718687740617
653,7.28,4,16,13.2,0.144349,4,0,0,0,1,1,0,0,1,2,3.3437150627056758
654,7.28,5,14,17.6,0.144277,5,0,0,0,1,1,0,1,1,0,4.042908066903009
655,7.29,21,63,91.3,0.144205,21,0,0,0,1,1,0,2,1,4,2.3350589778003212
656,7.32,44,152,189.5,0.144133,44,0,0,0,1,1,0,10,2,3,2.2977836358605104
657,7.34,49,159,229.8,0.144061,51,0,0,0,0,0,1,9,2,2,2.1778678132115776
658,7.34,3,13,5.7,0.143989,3,0,0,0,1,1,0,3,1,0,3.041716668973849
659,7.35,2,6,3.4,0.143917,2,0,0,0,1,1,0,1,1,0,6.152426747445559
660,7.36,30,77,129.0,0.143845,30,0,0,0,1,1,0,8,5,3,2.838308936794368
661,7.37,14,41,54.9,0.143773,14,0,0,0,1,1,0,6,2,0,2.7885432592792863
662,7.38,25,83,103.6,0.143701,25,0,0,0,1,1,0,8,1,1,2.5850405922630033
663,7.39,11,26,43.4,0.143629,11,0,0,0,1,1,0,4,1,0,2.6365027039107667
664,7.41,49,167,231.8,0.143557,51,0,0,0,0,0,1,6,2,4,2.4083363834939817
665,7.43,49,129,238.6,0.143486,51,0,0,0,0,0,1,3,3,4,2.5494561579133963
666,7.44,14,38,59.1,0.143414,14,0,0,0,1,1,0,2,1,1,2.6202782840891783
667,7.45,16,48,68.9,0.143342,16,0,0,0,1,1,0,1,1,3,2.1214187903389448
668,7.45,9,28,32.1,0.14327,9,0,0,0,1,1,0,5,1,1,3.1079294618830047
669,7.46,16,42,68.5,0.143199,16,0,0,0,1,1,0,2,1,3,2.3370769477604734
670,7.47,22,48,99.0,0.143127,22,0,0,0,1,1,0,1,1,2,2.9261961757758583
671,7.48,43,99,194.9,0.143056,43,0,0,0,1,1,0,5,1,2,2.6213953163029164
672,7.49,0,8,-8.8,0.142984,0,0,0,0,1,1,0,3,1,0,4.322210208160145
673,7.49,8,46,25.3,0.142913,8,0,0,0,1,1,0,5,1,1,1.6412038273978333
674,7.5,10,27,42.1,0.142841,10,0,0,0,1,1,0,0,1,2,3.2868311024587236
675,7.51,20,45,85.4,0.14277,20,0,0,0,1,1,0,5,1,1,2.3148212378172413
676,7.51,17,47,72.1,0.142698,17,0,0,0,1,1,0,3,1,2,2.814701498818118
677,7.53,38,111,169.3,0.142627,38,0,0,0,1,1,0,4,2,6,2.5737375494188006
678,7.55,45,127,202.1,0.142556,45,0,0,0,1,1,0,5,1,2,2.3051450332459327
679,7.55,2,8,8.2,0.142484,3,0,0,0,1,1,0,1,1,0,6.139416069333711
680,7.56,10,25,40.5,0.142413,10,0,0,0,1,1,0,2,1,0,2.557799234260847
681,7.57,15,64,58.3,0.142342,15,0,0,0,1,1,0,5,1,3,1.8842790352722576
682,7.57,7,18,24.2,0.142271,7,0,0,0,1,1,0,4,1,0,2.970957555321221
683,7.58,3,12,8.7,0.1422,3,0,0,0,1,1,0,0,1,1,4.197633763906223
684,7.6,47,159,205.0,0.142129,47,0,0,0,1,1,0,9,6,1,2.3019587796658745
685,7.61,14,45,54.5,0.142057,14,0,0,0,1,1,0,6,1,0,2.6541365713434426
686,7.61,12,32,47.8,0.141986,12,0,0,0,1,1,0,4,2,0,2.6639932875135712
687,7.62,22,55,101.5,0.141915,23,0,0,0,1,1,0,3,1,0,2.805774802888366
688,7.65,49,152,231.4,0.141845,51,0,0,0,0,0,1,8,2,3,2.7281637290908662
689,7.65,20,49,85.1,0.141774,20,0,0,0,1,1,0,5,1,0,2.9232996788188914
690,7.66,3,14,4.6,0.141703,3,0,0,0,1,1,0,4,1,0,4.929573632787495
691,7.68,47,138,209.1,0.141632,47,0,0,0,1,1,0,7,3,1,2.272371012324096
692,7.7,40,116,172.7,0.141561,40,0,0,0,1,1,0,10,2,7,2.551877853318089
693,7.71,26,74,111.4,0.14149,26,0,0,0,1,1,0,6,1,2,2.0228259310919965
694,7.74,45,183,193.4,0.14142,45,0,0,0,1,1,0,8,4,3,2.127319241595988
695,7.75,43,107,196.9,0.141349,43,0,0,0,1,1,0,2,2,4,2.1000853910318127
696,7.76,13,27,56.1,0.141278,13,0,0,0,1,1,0,1,2,2,2.982459520364008
697,7.77,11,30,45.6,0.141207,11,0,0,0,1,1,0,1,1,4,3.127302078311558
698,7.77,2,8,3.0,0.141137,2,0,0,0,1,1,0,1,1,2,5.548446772117069
699,7.77,2,5,8.5,0.141066,3,0,0,0,1,1,0,1,1,0,10.486173719137813
700,7.78,38,98,172.9,0.140996,38,0,0,0,1,1,0,2,3,3,2.4131197813218916
701,7.8,35,88,158.0,0.140925,35,0,0,0,1,1,0,3,1,2,2.2958965838498444
702,7.82,30,121,125.8,0.140855,30,0,0,0,1,1,0,7,3,1,2.293486591228315
703,7.83,33,87,147.1,0.140784,33,0,0,0,1,1,0,4,3,2,2.4482120468635764
704,7.85,19,77,78.7,0.140714,19,0,0,0,1,1,0,3,3,6,2.5283457702945795
705,7.85,8,24,29.6,0.140644,8,0,0,0,1,1,0,3,2,0,3.770918511388462
706,7.87,37,104,163.9,0.140573,37,0,0,0,1,1,0,5,4,7,2.5801626079561215
707,7.89,49,122,239.6,0.140503,51,0,0,0,0,0,1,3,3,1,2.7495447506906006
708,7.91,49,132,238.3,0.140433,51,0,0,0,0,0,1,3,4,4,2.2354237046480336
709,7.93,46,136,209.3,0.140363,46,0,0,0,1,1,0,2,5,1,2.515596445123591
710,7.94,32,93,139.7,0.140292,32,0,0,0,1,1,0,6,3,0,2.5488984663358742
711,7.95,24,52,105.7,0.140222,24,0,0,0,1,1,0,4,2,1,2.5943833676415196
712,7.96,25,66,109.3,0.140152,25,0,0,0,1,1,0,4,2,1,2.02201982502382
713,7.98,27,71,119.8,0.140082,27,0,0,0,1,1,0,3,2,1,1.8535861754783272
714,8.0,49,148,218.9,0.140012,49,0,0,0,1,1,0,6,4,3,2.1873912566623406
715,8.02,49,156,231.9,0.139942,51,0,0,0,0,0,1,7,1,4,2.0678375188487963
716,8.04,35,134,149.4,0.139872,35,0,0,0,1,1,0,7,3,2,2.1092547098731274
717,8.06,38,110,167.6,0.139802,38,0,0,0,1,1,0,6,4,4,2.5403500511644546
718,8.08,44,122,199.6,0.139732,44,0,0,0,1,1,0,3,3,2,2.417222609421909
719,8.09,25,79,112.0,0.139662,25,0,0,0,1,1,0,0,2,1,2.096592661329149
720,8.1,6,11,23.9,0.139592,6,0,0,0,1,1,0,0,1,0,3.4586900245185643
721,8.11,10,62,33.6,0.139523,10,0,0,0,1,1,0,5,1,2,1.7865133412813634
722,8.13,47,146,210.5,0.139453,47,0,0,0,1,1,0,4,3,9,2.7117734771504645
723,8.15,49,151,235.4,0.139383,51,0,0,0,0,0,1,4,0,4,2.3375979586353894
724,8.16,3,10,6.9,0.139314,3,0,0,0,1,1,0,2,1,1,3.417691027538937
725,8.17,37,99,164.9,0.139244,37,0,0,0,1,1,0,5,2,2,2.1060744425521496
726,8.18,11,27,46.3,0.139174,11,0,0,0,1,1,0,1,2,0,2.2955652705839573
727,8.19,32,97,141.8,0.139105,32,0,0,0,1,1,0,3,3,5,1.978900370294658
728,8.22,50,154,228.0,0.139035,50,0,0,0,1,1,0,1,4,6,2.254902118858337
729,8.23,21,57,90.3,0.138966,21,0,0,0,1,1,0,4,1,0,1.6750125330065027
730,8.24,30,94,128.5,0.138896,30,0,0,0,1,1,0,7,2,1,2.349989650472197
731,8.26,35,113,153.5,0.138827,35,0,0,0,1,1,0,5,3,2,2.593248808662304
732,8.27,9,29,35.1,0.138757,9,0,0,0,1,1,0,2,1,0,2.843110551085266
733,8.28,20,56,85.2,0.138688,20,0,0,0,1,1,0,4,2,2,2.8132021083527907
734,8.28,21,55,91.3,0.138619,21,0,0,0,1,1,0,3,1,2,2.2755195311981606
735,8.3,25,77,107.2,0.138549,25,0,0,0,1,1,0,5,1,1,2.640628296616558
736,8.32,49,186,213.1,0.13848,49,0,0,0,1,1,0,8,2,3,1.3268402266972044
737,8.33,19,47,82.3,0.138411,19,0,0,0,1,1,0,3,1,0,2.3609281552292236
738,8.34,4,19,10.1,0.138341,4,0,0,0,1,1,0,3,2,0,3.4528023993688906
739,8.35,35,102,154.8,0.138272,35,0,0,0,1,1,0,5,3,0,1.8840880949281946
740,8.37,41,121,178.7,0.138203,41,0,0,0,1,1,0,9,2,2,2.773892826021049
741,8.39,35,138,149.9,0.138134,35,0,0,0,1,1,0,6,3,3,1.8723938888668699
742,8.4,16,30,72.0,0.138065,16,0,0,0,1,1,0,0,2,0,2.9617815292975416
743,8.41,40,87,189.9,0.137996,41,0,0,0,1,1,0,1,1,4,2.253016653306572
744,8.43,39,98,176.2,0.137927,39,0,0,0,1,1,0,4,2,0,2.757711605213929
745,8.45,46,146,202.0,0.137858,46,0,0,0,1,1,0,8,2,4,2.6981450022056594
746,8.48,47,157,208.8,0.137789,47,0,0,0,1,1,0,5,5,5,2.4736118612967384
747,8.5,49,157,233.8,0.13772,51,0,0,0,0,0,1,5,3,4,2.638501636457948
748,8.52,34,126,145.9,0.137651,34,0,0,0,1,1,0,6,2,5,1.9451034326600432
749,8.54,31,108,132.7,0.137583,31,0,0,0,1,1,0,6,2,5,2.0234462498409904
750,8.55,39,100,175.6,0.137514,39,0,0,0,1,1,0,4,2,4,2.2653694433026534
751,8.56,2,5,3.5,0.137445,2,0,0,0,1,1,0,1,1,0,8.302299243421999
752,8.57,29,71,128.6,0.137376,29,0,0,0,1,1,0,4,1,3,1.9742650117184983
753,8.59,49,130,216.9,0.137308,49,0,0,0,1,1,0,10,1,1,1.9793211365436687
754,8.6,17,45,72.4,0.137239,17,0,0,0,1,1,0,3,1,1,2.529830625956643
755,8.61,35,89,155.9,0.13717,35,0,0,0,1,1,0,5,4,2,2.3485831961896264
756,8.62,17,44,73.6,0.137102,17,0,0,0,1,1,0,2,1,0,2.440164026894348
757,8.63,27,78,116.0,0.137033,27,0,0,0,1,1,0,6,1,2,1.955740923485099
758,8.65,43,123,193.0,0.136965,43,0,0,0,1,1,0,4,2,7,2.1437602667560816
759,8.68,40,166,173.2,0.136896,40,0,0,0,1,1,0,5,3,2,1.9536499333316808
760,8.69,26,58,115.1,0.136828,26,0,0,0,1,1,0,4,1,1,1.995536318381375
761,8.7,37,101,160.7,0.136759,37,0,0,0,1,1,0,9,1,2,2.2444214252590884
762,8.71,10,24,39.6,0.136691,10,0,0,0,1,1,0,3,2,0,2.5144346239750717
763,8.72,20,47,90.3,0.136623,20,0,0,0,1,1,0,0,3,0,2.3659387410947326
764,8.72,2,6,2.3,0.136554,2,0,0,0,1,1,0,2,1,1,8.113139504910881
765,8.75,38,246,147.4,0.136486,38,0,0,0,1,1,0,12,2,10,1.556780343589505
766,8.77,36,109,160.4,0.136418,36,0,0,0,1,1,0,3,2,7,2.8183804880226773
767,8.79,41,108,182.1,0.13635,41,0,0,0,1,1,0,7,5,1,2.580981059800343
768,8.79,1,5,-3.5,0.136281,1,0,0,0,1,1,0,3,1,0,8.40388712785089
769,8.81,48,113,215.2,0.136213,48,0,0,0,1,1,0,8,4,5,3.058280448006079
770,8.82,22,67,98.0,0.136145,22,0,0,0,1,1,0,0,4,3,2.5177073611999172
771,8.83,8,21,32.9,0.136077,8,0,0,0,1,1,0,0,2,0,2.7087852322726906
772,8.83,19,40,81.8,0.136009,19,0,0,0,1,1,0,4,2,2,3.4122926083319554
773,8.84,25,58,111.0,0.135941,25,0,0,0,1,1,0,3,2,2,3.0258130878156346
774,8.86,46,138,209.8,0.135873,46,0,0,0,1,1,0,1,2,4,2.088376173326998
775,8.87,8,15,32.5,0.135805,8,0,0,0,1,1,0,1,1,0,2.9276532543914544
776,8.87,3,11,5.9,0.135737,3,0,0,0,1,1,0,3,1,0,2.8569189390653302
777,8.89,43,152,187.9,0.135669,43,0,0,0,1,1,0,5,2,19,2.1758780208095096
778,8.9,23,63,99.6,0.135601,23,0,0,0,1,1,0,4,2,1,2.5713189012158235
779,8.91,17,41,70.7,0.135534,17,0,0,0,1,1,0,5,3,2,2.6152282253819887
780,8.93,35,142,150.4,0.135466,35,0,0,0,1,1,0,5,1,4,1.5758022511575376
781,8.95,29,70,129.8,0.135398,29,0,0,0,1,1,0,3,1,2,2.678088264438889
782,8.96,23,56,99.3,0.13533,23,0,0,0,1,1,0,5,1,1,2.3939245292627396
783,8.96,14,31,59.6,0.135263,14,0,0,0,1,1,0,2,1,3,3.457003216304154
784,8.96,3,10,8.0,0.135195,3,0,0,0,1,1,0,1,1,0,3.4582749355379563
785,9.0,38,221,149.1,0.135128,38,0,0,0,1,1,0,13,3,8,1.414993524558131
786,9.02,43,128,189.9,0.13506,43,0,0,0,1,1,0,7,5,3,2.0389433293397965
787,9.03,27,62,122.6,0.134992,27,0,0,0,1,1,0,1,1,2,2.198881674862504
788,9.05,39,117,176.9,0.134925,40,0,0,0,1,1,0,6,1,4,2.272362803695149
789,9.07,48,131,218.8,0.134858,48,0,0,0,1,1,0,3,1,1,2.3625365394907023
790,9.09,49,159,236.4,0.13479,51,0,0,0,0,0,1,2,1,6,2.3259499291602443
791,9.12,46,127,203.9,0.134723,46,0,0,0,1,1,0,8,2,4,2.6671211413305795
792,9.14,49,129,239.6,0.134655,51,0,0,0,0,0,1,2,1,4,2.1120863709651942
793,9.16,49,133,221.5,0.134588,49,0,0,0,1,1,0,5,1,2,2.1930028226123603
794,9.19,47,188,208.9,0.134521,47,0,0,0,1,1,0,2,5,3,2.501629935658818
795,9.2,38,102,173.5,0.134453,38,0,0,0,1,1,0,1,1,3,2.200053258875805
796,9.21,25,64,111.5,0.134386,25,0,0,0,1,1,0,2,1,1,2.202144327196126
797,9.24,48,214,204.0,0.134319,48,0,0,0,1,1,0,9,4,6,1.9207137701507484
798,9.27,49,153,234.4,0.134252,51,0,0,0,0,0,1,5,3,2,2.4333000077222176
799,9.28,44,113,199.4,0.134185,44,0,0,0,1,1,0,4,2,3,2.225213104213857
800,9.31,49,147,230.1,0.134118,51,0,0,0,0,0,1,10,1,1,2.338262994158633
801,9.31,5,14,17.6,0.134051,5,0,0,0,1,1,0,1,1,0,3.5091659477034414
802,9.33,49,134,222.3,0.133984,49,0,0,0,1,1,0,4,3,3,2.4725294687715778
803,9.35,48,152,216.3,0.133917,48,0,0,0,1,1,0,3,4,5,2.2845738358147614
804,9.36,24,60,103.0,0.13385,24,0,0,0,1,1,0,6,2,0,2.697926814818526
805,9.38,43,113,197.3,0.133783,43,0,0,0,1,1,0,1,2,4,2.131303243938172
806,9.39,22,53,98.5,0.133716,22,0,0,0,1,1,0,1,2,2,3.0914419922130096
807,9.4,21,59,91.0,0.133649,21,0,0,0,1,1,0,3,1,1,1.8526319450556001
808,9.42,50,164,221.9,0.133582,50,0,0,0,1,1,0,6,5,7,2.409738994149996
809,9.45,49,167,232.0,0.133515,51,0,0,0,0,0,1,6,2,2,2.639514830718806
810,9.47,44,109,197.0,0.133449,44,0,0,0,1,1,0,7,2,1,2.1686258970709487
811,9.48,28,71,119.8,0.133382,28,0,0,0,1,1,0,8,3,1,2.1746619071868856
812,9.5,42,133,185.2,0.133315,42,0,0,0,1,1,0,6,2,5,2.293614984941808
813,9.5,8,17,33.3,0.133249,8,0,0,0,1,1,0,0,1,0,3.737525579498703
814,9.51,20,58,86.0,0.133182,20,0,0,0,1,1,0,3,2,2,2.6575599975982453
815,9.52,18,42,79.7,0.133115,18,0,0,0,1,1,0,1,2,1,3.015761705356916
816,9.55,45,165,196.1,0.133049,45,0,0,0,1,1,0,7,3,4,2.5958315039543645
817,9.55,11,25,45.5,0.132982,11,0,0,0,1,1,0,2,2,0,2.812385413515675
818,9.58,49,225,209.6,0.132916,49,0,0,0,1,1,0,7,1,9,1.9061935138855328
819,9.59,21,68,88.0,0.132849,21,0,0,0,1,1,0,5,1,2,2.110159288620873
820,9.6,8,28,29.2,0.132783,8,0,0,0,1,1,0,3,1,0,2.9683703377707564
821,9.6,12,30,48.0,0.132716,12,0,0,0,1,1,0,4,2,0,3.881445387666114
822,9.61,18,56,74.8,0.13265,18,0,0,0,1,1,0,4,1,6,1.7400572666899237
823,9.64,49,162,235.6,0.132584,51,0,0,0,0,0,1,3,3,1,2.4762452279431737
824,9.65,20,47,86.2,0.132517,20,0,0,0,1,1,0,4,1,1,2.8611602410103365
825,9.67,49,155,234.9,0.132451,51,0,0,0,0,0,1,4,3,5,2.4887722687292855
826,9.67,6,19,20.0,0.132385,6,0,0,0,1,1,0,3,1,1,3.1078139230068613
827,9.68,6,22,18.6,0.132319,6,0,0,0,1,1,0,4,1,2,3.693621320903931
828,9.68,10,33,38.3,0.132253,10,0,0,0,1,1,0,3,2,4,3.2064660248549073
829,9.7,25,63,110.1,0.132187,25,0,0,0,1,1,0,3,1,6,2.567859121920845
830,9.72,50,138,232.7,0.13212,50,0,0,0,0,0,1,3,1,4,2.4471046871989173
831,9.72,17,50,66.8,0.132054,17,0,0,0,1,1,0,8,1,2,2.385567364543998
832,9.73,3,5,9.5,0.131988,3,0,0,0,1,1,0,0,1,0,7.578996730136646
833,9.74,34,90,154.0,0.131922,34,0,0,0,1,1,0,2,2,0,2.1674204370242265
834,9.76,49,138,233.7,0.131856,51,0,0,0,0,0,1,7,3,4,2.0626401410739894
835,9.79,42,144,186.3,0.13179,42,0,0,0,1,1,0,4,2,3,2.4386889185117906
836,9.81,47,146,212.2,0.131725,47,0,0,0,1,1,0,3,1,2,2.2630745654917384
837,9.84,48,243,203.2,0.131659,48,0,0,0,1,1,0,7,2,5,1.9152397592493717
838,9.87,42,146,179.2,0.131593,42,0,0,0,1,1,0,11,4,2,2.067127880681478
839,9.88,29,71,131.6,0.131527,29,0,0,0,1,1,0,1,2,3,2.119074174244547
840,9.9,39,105,176.3,0.131461,39,0,0,0,1,1,0,3,3,2,2.2313060200015564
841,9.9,1,5,4.4,0.131396,2,0,0,0,1,1,0,0,1,1,7.456977784401852
842,9.93,48,213,204.3,0.13133,48,0,0,0,1,1,0,9,2,4,1.235890753620383
843,9.93,9,19,37.0,0.131264,9,0,0,0,1,1,0,1,1,1,3.1114133475829022
844,9.95,29,126,123.8,0.131199,29,0,0,0,1,1,0,3,2,6,1.6082152528050349
845,9.97,34,102,150.5,0.131133,34,0,0,0,1,1,0,4,1,3,2.6728266215043064
846,9.99,32,128,134.7,0.131067,32,0,0,0,1,1,0,7,4,5,1.9847790126845035
847,10.02,49,196,228.8,0.131002,51,0,0,0,0,0,1,6,1,5,2.170802928746356
848,10.04,35,170,139.8,0.130936,35,0,0,0,1,1,0,12,4,12,2.56377289427709
849,10.05,8,19,32.1,0.130871,8,0,0,0,1,1,0,1,1,0,2.569063090190198
850,10.06,21,80,90.9,0.130805,21,0,0,0,1,1,0,1,2,1,1.4784372843462712
851,10.08,28,79,123.1,0.13074,28,0,0,0,1,1,0,4,1,0,1.419285387574705
852,10.09,27,62,121.8,0.130675,27,0,0,0,1,1,0,2,2,0,2.2040583446541957
853,10.1,30,81,138.8,0.130609,31,0,0,0,1,1,0,3,3,1,2.0521310935727257
854,10.11,17,36,73.2,0.130544,17,0,0,0,1,1,0,3,1,2,2.4554374504964347
855,10.12,27,86,116.8,0.130479,27,0,0,0,1,1,0,4,4,6,2.961231587339067
856,10.15,49,176,230.6,0.130414,51,0,0,0,0,0,1,6,3,7,2.2549755650694263
857,10.15,8,22,32.8,0.130348,8,0,0,0,1,1,0,0,1,0,2.5419208001922273
858,10.15,5,11,18.9,0.130283,5,0,0,0,1,1,0,0,1,0,3.7901845752520704
859,10.16,7,21,30.7,0.130218,8,0,0,0,1,1,0,2,1,2,2.530504097209289
860,10.16,9,26,31.4,0.130153,9,0,0,0,1,1,0,6,1,0,2.525898384870623
861,10.18,41,131,177.1,0.130088,41,0,0,0,1,1,0,9,6,8,1.9705557502355135
862,10.19,22,55,97.5,0.130023,22,0,0,0,1,1,0,2,3,0,2.7508358189758604
863,10.2,4,13,12.7,0.129958,4,0,0,0,1,1,0,1,1,0,3.6821312869668863
864,10.21,34,106,147.2,0.129893,34,0,0,0,1,1,0,7,3,2,2.233837658487426
865,10.22,13,24,56.5,0.129828,13,0,0,0,1,1,0,1,1,1,1.9441684415661395
866,10.24,43,180,183.6,0.129763,43,0,0,0,1,1,0,7,2,14,2.0269929785798904
867,10.26,47,133,213.6,0.129698,47,0,0,0,1,1,0,3,2,1,2.284076577454408
868,10.28,30,77,130.2,0.129633,30,0,0,0,1,1,0,7,2,1,2.606281678036435
869,10.29,17,45,74.4,0.129568,17,0,0,0,1,1,0,1,1,1,2.131646837646549
870,10.3,18,76,69.8,0.129504,18,0,0,0,1,1,0,7,2,6,1.9497394837529476
871,10.3,3,18,4.2,0.129439,3,0,0,0,1,1,0,4,1,0,2.651778966763399
872,10.31,26,74,113.3,0.129374,26,0,0,0,1,1,0,4,1,3,1.9861494710000307
873,10.32,24,52,107.7,0.129309,24,0,0,0,1,1,0,2,1,1,2.232141963606377
874,10.33,25,64,111.4,0.129245,25,0,0,0,1,1,0,2,1,2,3.073334842460278
875,10.36,47,181,200.3,0.12918,47,0,0,0,1,1,0,11,2,6,1.869131640524644
876,10.37,18,55,78.4,0.129116,18,0,0,0,1,1,0,1,1,1,2.4197227146405162
877,10.39,44,113,195.5,0.129051,44,0,0,0,1,1,0,8,2,2,2.642363547164682
878,10.4,37,102,162.8,0.128986,37,0,0,0,1,1,0,7,2,0,2.2121244116242464
879,10.42,37,92,165.5,0.128922,37,0,0,0,1,1,0,5,2,3,2.3423558606050294
880,10.43,18,41,78.7,0.128858,18,0,0,0,1,1,0,2,1,2,2.825234177431752
881,10.44,25,66,111.3,0.128793,25,0,0,0,1,1,0,2,3,1,2.6108592839184515
882,10.46,40,129,176.0,0.128729,40,0,0,0,1,1,0,6,3,1,1.9035297948584897
883,10.46,6,32,18.6,0.128664,6,0,0,0,1,1,0,3,1,2,3.0408846050320375
884,10.47,29,70,125.9,0.1286,29,0,0,0,1,1,0,7,1,1,2.6692378398664904
885,10.5,43,137,193.0,0.128536,43,0,0,0,1,1,0,3,3,3,2.2917840083214736
886,10.5,1,7,2.3,0.128471,2,0,0,0,1,1,0,2,1,0,5.522862928281788
887,10.51,39,104,173.9,0.128407,39,0,0,0,1,1,0,5,3,7,2.4301301918595746
888,10.52,17,55,75.4,0.128343,18,0,0,0,1,1,0,4,1,1,2.5236493068113877
889,10.54,49,142,236.6,0.128279,51,0,0,0,0,0,1,4,1,1,2.5464159272651608
890,10.57,43,139,198.0,0.128215,44,0,0,0,1,1,0,3,2,1,1.9531655790203202
891,10.59,44,164,183.7,0.128151,44,0,0,0,1,1,0,14,6,9,2.2052859190769336
892,10.6,18,40,78.9,0.128087,18,0,0,0,1,1,0,2,1,1,2.2099154995921553
893,10.61,21,44,90.6,0.128022,21,0,0,0,1,1,0,5,2,0,2.386784418707234
894,10.63,49,144,236.3,0.127958,51,0,0,0,0,0,1,4,2,2,1.919341011363302
895,10.63,6,16,22.4,0.127894,6,0,0,0,1,1,0,1,1,0,2.588565325223213
896,10.64,10,32,38.8,0.127831,10,0,0,0,1,1,0,3,1,0,2.3439074259759147
897,10.64,3,15,7.4,0.127767,3,0,0,0,1,1,0,1,1,1,3.435018982132767
898,10.65,17,47,74.1,0.127703,17,0,0,0,1,1,0,1,1,2,2.1168617230834057
899,10.67,39,111,171.7,0.127639,39,0,0,0,1,1,0,7,2,2,2.783253645038099
900,10.67,18,53,83.7,0.127575,19,0,0,0,1,1,0,1,2,0,2.2279395217095392
901,10.71,49,219,207.7,0.127511,49,0,0,0,1,1,0,10,2,4,1.499394151753072
902,10.71,10,26,38.3,0.127448,10,0,0,0,1,1,0,4,1,1,2.1811059811577658
903,10.72,23,61,102.6,0.127384,23,0,0,0,1,1,0,1,1,3,2.3241179050313385
904,10.73,2,10,1.9,0.12732,2,0,0,0,1,1,0,2,1,1,4.334047359108803
905,10.74,32,78,145.1,0.127256,32,0,0,0,1,1,0,2,3,1,1.9735153688495257
906,10.74,15,30,62.9,0.127193,15,0,0,0,1,1,0,4,1,1,2.9586010351341527
907,10.77,49,145,238.0,0.127129,51,0,0,0,0,0,1,2,4,4,2.654515833955787
908,10.78,33,77,150.8,0.127066,33,0,0,0,1,1,0,1,3,5,2.694744283010488
909,10.79,20,58,84.2,0.127002,20,0,0,0,1,1,0,5,2,0,2.160711982174756
910,10.81,49,144,238.1,0.126939,51,0,0,0,0,0,1,2,0,4,2.043411228066671
911,10.84,49,161,232.6,0.126875,51,0,0,0,0,0,1,6,3,2,2.301904774658743
912,10.86,49,154,233.8,0.126812,51,0,0,0,0,0,1,5,5,7,2.289294638301492
913,10.86,4,11,10.9,0.126748,4,0,0,0,1,1,0,3,1,0,3.1213841495554324
914,10.89,49,194,230.5,0.126685,51,0,0,0,0,0,1,4,2,10,2.258935338133261
915,10.89,1,11,1.7,0.126622,2,0,0,0,1,1,0,2,1,2,3.8137690314322303
916,10.9,3,11,5.7,0.126558,3,0,0,0,1,1,0,3,1,2,4.254338758969113
917,10.9,10,24,40.3,0.126495,10,0,0,0,1,1,0,2,1,3,3.1375588325617314
918,10.91,19,56,78.8,0.126432,19,0,0,0,1,1,0,5,2,6,2.2246798325914905
919,10.92,28,72,123.6,0.126369,28,0,0,0,1,1,0,4,1,2,2.0060372935157837
920,10.93,3,13,4.7,0.126305,3,0,0,0,1,1,0,4,1,0,4.388215589115787
921,10.95,49,188,229.9,0.126242,51,0,0,0,0,0,1,6,3,2,2.0003290456419016
922,10.97,43,121,202.7,0.126179,44,0,0,0,1,1,0,0,2,2,2.369934320634433
923,10.98,26,67,114.3,0.126116,26,0,0,0,1,1,0,4,3,0,2.233896131441161
924,10.99,10,40,35.9,0.126053,10,0,0,0,1,1,0,5,1,1,2.391849249144278
925,11.0,19,49,81.0,0.12599,19,0,0,0,1,1,0,4,1,1,1.7341062801426823
926,11.0,7,23,26.5,0.125927,7,0,0,0,1,1,0,1,2,2,3.2078431149111832
927,11.01,6,20,19.9,0.125864,6,0,0,0,1,1,0,3,1,1,3.8810031436047
928,11.03,46,112,207.6,0.125801,46,0,0,0,1,1,0,6,3,2,2.057240889610259
929,11.03,7,17,25.3,0.125738,7,0,0,0,1,1,0,3,1,0,2.874253434295209
930,11.05,39,136,164.0,0.125675,39,0,0,0,1,1,0,12,2,4,1.810707153784502
931,11.06,11,22,45.7,0.125612,11,0,0,0,1,1,0,2,1,1,3.380435244059038
932,11.06,15,39,64.1,0.12555,15,0,0,0,1,1,0,2,2,0,2.9195727598993035
933,11.06,2,14,-0.4,0.125487,2,0,0,0,1,1,0,4,1,0,3.544021555876466
934,11.08,20,62,83.8,0.125424,20,0,0,0,1,1,0,5,2,0,2.334313919870715
935,11.09,24,55,102.5,0.125361,24,0,0,0,1,1,0,7,3,0,2.50897052555785
936,11.11,30,171,120.6,0.125299,30,0,0,0,1,1,0,7,2,3,1.6080508302655971
937,11.13,44,124,197.6,0.125236,44,0,0,0,1,1,0,5,3,0,2.196691896374677
938,11.14,12,30,48.9,0.125173,12,0,0,0,1,1,0,3,1,1,2.1533945325712343
939,11.14,16,40,68.0,0.125111,16,0,0,0,1,1,0,3,1,0,1.8670471101229622
940,11.16,29,79,124.9,0.125048,29,0,0,0,1,1,0,7,1,2,2.2763549712773385
941,11.16,16,35,75.5,0.124986,17,0,0,0,1,1,0,1,1,0,2.857769737774832
942,11.17,21,56,94.2,0.124923,21,0,0,0,1,1,0,0,1,2,2.2821643969663463
943,11.2,44,174,189.3,0.124861,44,0,0,0,1,1,0,8,2,3,2.2750060105884793
944,11.21,29,55,133.4,0.124798,29,0,0,0,1,1,0,1,2,1,2.7814128274851493
945,11.22,29,100,121.9,0.124736,29,0,0,0,1,1,0,8,2,1,1.92190295453443
946,11.23,7,17,25.3,0.124674,7,0,0,0,1,1,0,3,1,0,3.5321355731613626
947,11.24,39,102,174.6,0.124611,39,0,0,0,1,1,0,5,2,2,2.3511107745457664
948,11.25,22,56,103.3,0.124549,23,0,0,0,1,1,0,1,1,1,2.004209550201278
949,11.29,50,271,212.9,0.124487,50,0,0,0,0,0,1,9,3,9,1.649955677792788
950,11.32,47,178,202.9,0.124424,47,0,0,0,1,1,0,9,3,3,1.96802625118757
951,11.33,29,72,129.5,0.124362,29,0,0,0,1,1,0,3,2,3,2.8683558979299324
952,11.36,49,218,208.7,0.1243,49,0,0,0,1,1,0,9,3,5,2.066872514336889
953,11.37,8,26,31.2,0.124238,8,0,0,0,1,1,0,1,2,2,3.272225745569298
954,11.37,4,14,8.6,0.124176,4,0,0,0,1,1,0,5,1,0,3.7228187080228747
955,11.39,46,118,208.2,0.124114,46,0,0,0,1,1,0,5,1,0,2.0604926657110876
956,11.4,25,72,108.7,0.124052,25,0,0,0,1,1,0,4,1,1,2.3692277613941686
957,11.4,7,17,27.2,0.12399,7,0,0,0,1,1,0,1,1,1,2.8072482034315405
958,11.41,20,54,86.5,0.123928,20,0,0,0,1,1,0,3,1,1,2.721515481458284
959,11.43,44,125,196.1,0.123866,44,0,0,0,1,1,0,6,2,4,2.2035810331136263
960,11.44,5,23,13.5,0.123804,5,0,0,0,1,1,0,4,1,2,2.4278720726311884
961,11.44,1,8,-0.9,0.123742,1,0,0,0,1,1,0,0,1,1,3.4716896899772847
962,11.46,40,130,178.7,0.12368,40,0,0,0,1,1,0,3,2,3,2.108617601278822
963,11.48,48,131,218.4,0.123618,48,0,0,0,1,1,0,3,2,5,2.2448249892045924
964,11.48,4,11,12.9,0.123556,4,0,0,0,1,1,0,1,1,0,4.3853588545448305
965,11.5,37,136,158.2,0.123495,37,0,0,0,1,1,0,8,4,2,1.875264817137037
966,11.51,23,48,100.1,0.123433,23,0,0,0,1,1,0,5,1,1,2.212691337043296
967,11.52,14,33,61.6,0.123371,14,0,0,0,1,1,0,0,2,1,2.466722111818849
968,11.54,42,160,181.2,0.123309,42,0,0,0,1,1,0,7,3,8,2.3097759589699094
969,11.57,24,182,89.6,0.123248,24,0,0,0,1,1,0,7,1,2,1.2858903583841446
970,11.59,29,81,133.6,0.123186,30,0,0,0,1,1,0,3,2,3,2.0392560893749447
971,11.6,29,104,122.2,0.123125,29,0,0,0,1,1,0,7,2,4,2.0847801226312037
972,11.62,49,141,239.5,0.123063,51,0,0,0,0,0,1,1,2,3,2.088004435064025
973,11.63,8,22,32.7,0.123001,8,0,0,0,1,1,0,0,1,1,2.8041200356254525
974,11.64,19,55,80.3,0.12294,19,0,0,0,1,1,0,4,1,2,2.2450132124392006
975,11.66,50,140,226.8,0.122878,50,0,0,0,1,1,0,4,4,2,2.059570990235532
976,11.67,29,80,129.0,0.122817,29,0,0,0,1,1,0,3,2,0,2.035169122733662
977,11.68,24,56,107.1,0.122756,24,0,0,0,1,1,0,2,1,3,2.011360564814657
978,11.7,45,131,201.8,0.122694,45,0,0,0,1,1,0,5,6,1,2.317415435875509
979,11.73,49,151,233.5,0.122633,51,0,0,0,0,0,1,6,2,3,2.259945121933646
980,11.74,19,58,80.2,0.122572,19,0,0,0,1,1,0,4,1,0,1.89716452143915
981,11.75,31,75,138.2,0.12251,31,0,0,0,1,1,0,4,2,3,2.329063126368307
982,11.77,49,148,234.8,0.122449,51,0,0,0,0,0,1,5,3,3,2.172989318639345
983,11.78,13,48,52.2,0.122388,13,0,0,0,1,1,0,3,2,0,1.965098360988268
984,11.8,49,145,236.0,0.122327,51,0,0,0,0,0,1,4,0,4,2.2683088079398708
985,11.83,50,167,225.9,0.122265,50,0,0,0,1,1,0,2,2,4,2.0977384693445034
986,11.86,49,205,230.0,0.122204,51,0,0,0,0,0,1,4,4,4,1.6964123497360069
987,11.88,44,136,196.8,0.122143,44,0,0,0,1,1,0,4,1,6,2.1165354284318614
988,11.89,25,76,107.3,0.122082,25,0,0,0,1,1,0,5,1,1,2.250080092704015
989,11.92,49,152,234.5,0.122021,51,0,0,0,0,0,1,5,1,2,2.0513356880830433
990,11.93,42,121,185.8,0.12196,42,0,0,0,1,1,0,7,1,1,2.0936907784923315
991,11.96,49,159,235.7,0.121899,51,0,0,0,0,0,1,3,2,3,2.3685471697145175
992,11.97,9,37,31.1,0.121838,9,0,0,0,1,1,0,5,1,2,2.828531181835641
993,11.98,23,63,101.5,0.121777,23,0,0,0,1,1,0,2,1,2,2.339513885109286
994,11.98,10,26,39.3,0.121716,10,0,0,0,1,1,0,3,1,1,2.8740504452085927
995,11.99,11,32,46.6,0.121655,11,0,0,0,1,1,0,0,1,2,2.385957990139244
996,12.0,31,67,139.3,0.121595,31,0,0,0,1,1,0,4,2,0,1.9791618838352534
997,12.0,1,24,-5.6,0.121534,1,0,0,0,1,1,0,3,1,2,1.9868909925367142
998,12.02,27,74,119.0,0.121473,27,0,0,0,1,1,0,3,2,6,2.1830977570687775
999,12.02,2,10,1.0,0.121412,2,0,0,0,1,1,0,3,1,0,3.218124607117791
1000,12.03,16,44,73.5,0.121352,17,0,0,0,1,1,0,2,2,1,2.743603559797378
1001,12.04,20,54,87.6,0.121291,20,0,0,0,1,1,0,2,2,0,1.8990014763722374
1002,12.04,15,44,57.5,0.12123,15,0,0,0,1,1,0,8,2,1,2.718809216175172
1003,12.04,0,7,-9.8,0.12117,0,0,0,0,1,1,0,4,1,1,3.9715976862324682
1004,12.05,4,12,10.8,0.121109,4,0,0,0,1,1,0,3,1,0,1.8659669730902066
1005,12.05,5,17,13.3,0.121049,5,0,0,0,1,1,0,5,1,0,2.8005780147045014
1006,12.06,30,76,136.3,0.120988,30,0,0,0,1,1,0,1,4,1,2.1519359101141076
1007,12.07,20,70,82.8,0.120928,20,0,0,0,1,1,0,5,1,2,2.208963186884546
1008,12.1,48,159,214.5,0.120867,48,0,0,0,1,1,0,4,4,6,2.29086440924007
1009,12.11,21,79,88.8,0.120807,21,0,0,0,1,1,0,3,1,3,2.1115265845536624
1010,12.13,38,116,168.0,0.120746,38,0,0,0,1,1,0,5,2,4,2.5279747427369292
1011,12.13,2,8,1.2,0.120686,2,0,0,0,1,1,0,3,1,0,3.6979454069207662
1012,12.16,45,164,194.3,0.120626,45,0,0,0,1,1,0,9,1,3,1.723995818625339
1013,12.17,48,120,214.8,0.120565,48,0,0,0,1,1,0,8,1,2,2.0265075956055645
1014,12.2,47,136,212.3,0.120505,47,0,0,0,1,1,0,4,4,1,1.851289461898042
1015,12.21,19,64,81.5,0.120445,19,0,0,0,1,1,0,2,1,1,3.255072576996837
1016,12.21,3,9,9.1,0.120384,3,0,0,0,1,1,0,0,1,0,3.6876171316061903
1017,12.23,43,177,187.3,0.120324,43,0,0,0,1,1,0,5,1,0,1.5832262267902557
1018,12.26,47,139,212.8,0.120264,47,0,0,0,1,1,0,3,3,3,2.3700486149590483
1019,12.26,4,16,9.4,0.120204,4,0,0,0,1,1,0,4,1,0,3.2260183968374987
1020,12.26,16,35,66.3,0.120144,16,0,0,0,1,1,0,5,1,2,2.6817445852048247
1021,12.29,50,149,226.6,0.120084,50,0,0,0,1,1,0,3,2,5,1.9674756889076033
1022,12.32,48,184,205.4,0.120024,48,0,0,0,1,1,0,11,2,2,2.0250778232892688
1023,12.32,17,47,73.3,0.119964,17,0,0,0,1,1,0,2,3,0,2.90728924525945
1024,12.33,16,30,72.0,0.119904,16,0,0,0,1,1,0,0,2,0,2.441342975453758
1025,12.35,49,143,222.5,0.119844,49,0,0,0,1,1,0,3,3,2,2.2098157647035976
1026,12.36,9,16,42.4,0.119784,10,0,0,0,1,1,0,1,2,0,2.9415781367111933
1027,12.36,10,28,39.9,0.119724,10,0,0,0,1,1,0,2,2,3,2.1136748629885145
1028,12.37,18,45,78.1,0.119664,18,0,0,0,1,1,0,2,1,4,2.1903559872327567
1029,12.39,49,161,232.5,0.119604,51,0,0,0,0,0,1,6,1,3,2.093916149305882
1030,12.4,2,17,-0.8,0.119545,2,0,0,0,1,1,0,4,1,1,3.2003078526172732
1031,12.42,49,151,235.4,0.119485,51,0,0,0,0,0,1,4,2,4,2.4782551004078828
1032,12.43,18,50,74.0,0.119425,18,0,0,0,1,1,0,6,1,0,2.1899208688488216
1033,12.44,18,46,76.4,0.119365,18,0,0,0,1,1,0,4,2,0,2.479928221080043
1034,12.46,49,143,236.3,0.119306,51,0,0,0,0,0,1,4,0,3,2.136394885686842
1035,12.48,49,154,236.3,0.119246,51,0,0,0,0,0,1,3,3,2,2.2490414609035727
1036,12.48,3,11,7.5,0.119186,3,0,0,0,1,1,0,1,1,4,3.79125740670808
1037,12.49,2,12,-0.2,0.119127,2,0,0,0,1,1,0,4,1,0,3.7098267591342324
1038,12.51,49,139,220.0,0.119067,49,0,0,0,1,1,0,6,3,1,1.8229901030078168
1039,12.52,35,82,158.7,0.119008,35,0,0,0,1,1,0,3,2,1,2.3818572358111925
1040,12.54,40,132,172.8,0.118948,40,0,0,0,1,1,0,9,2,0,1.9401069303013254
1041,12.56,49,137,237.9,0.118889,51,0,0,0,0,0,1,3,0,3,2.2311694719938346
1042,12.57,4,13,10.7,0.118829,4,0,0,0,1,1,0,3,1,0,3.429662090116202
1043,12.57,11,22,42.8,0.11877,11,0,0,0,1,1,0,5,2,0,2.6444434112406863
1044,12.59,50,160,218.2,0.11871,50,0,0,0,1,1,0,10,3,8,2.2464913961491733
1045,12.6,16,45,67.5,0.118651,16,0,0,0,1,1,0,3,2,0,2.0567324246396823
1046,12.64,44,237,186.6,0.118592,44,0,0,0,1,1,0,4,2,7,1.7096230732271986
1047,12.65,27,60,121.0,0.118532,27,0,0,0,1,1,0,3,2,0,2.0137728159295563
1048,12.66,17,42,79.6,0.118473,18,0,0,0,1,1,0,1,2,2,2.196531869895762
1049,12.68,50,167,225.1,0.118414,50,0,0,0,1,1,0,3,4,2,2.0620680651185217
1050,12.7,49,149,236.8,0.118355,51,0,0,0,0,0,1,3,1,2,2.185387816611663
1051,12.72,47,123,217.2,0.118296,48,0,0,0,1,1,0,5,3,5,1.9397937765858497
1052,12.73,4,15,10.5,0.118236,4,0,0,0,1,1,0,3,1,0,2.4756433570723715
1053,12.74,38,95,174.3,0.118177,38,0,0,0,1,1,0,1,4,2,2.0198771553799078
1054,12.78,49,237,227.7,0.118118,51,0,0,0,0,0,1,3,3,5,1.2915855519546806
1055,12.8,49,151,238.2,0.118059,51,0,0,0,0,0,1,1,3,6,1.995104229770512
1056,12.82,35,83,158.7,0.118,35,0,0,0,1,1,0,3,2,0,2.0922535109735194
1057,12.83,38,103,171.6,0.117941,38,0,0,0,1,1,0,3,2,1,1.9954431077893344
1058,12.84,6,13,23.7,0.117882,6,0,0,0,1,1,0,0,1,0,2.695244375546873
1059,12.86,49,155,234.0,0.117823,51,0,0,0,0,0,1,5,2,4,1.967836181792096
1060,12.86,7,15,28.5,0.117764,7,0,0,0,1,1,0,0,1,0,2.755011342969497
1061,12.88,37,93,167.6,0.117705,37,0,0,0,1,1,0,3,1,1,2.4807730047430914
1062,12.89,9,31,34.7,0.117647,9,0,0,0,1,1,0,2,1,2,2.9375528379477753
1063,12.91,41,136,181.8,0.117588,41,0,0,0,1,1,0,4,2,6,1.827489450065067
1064,12.93,44,119,198.7,0.117529,44,0,0,0,1,1,0,4,2,4,2.1949181768490265
1065,12.93,7,13,28.7,0.11747,7,0,0,0,1,1,0,0,1,0,4.233305853870884
1066,12.93,4,13,11.5,0.117411,4,0,0,0,1,1,0,2,1,2,3.0991248972761247
1067,12.95,23,132,87.4,0.117353,23,0,0,0,1,1,0,8,2,14,1.2607642751254704
1068,12.96,11,41,42.8,0.117294,11,0,0,0,1,1,0,3,1,1,2.340562215643575
1069,12.98,37,98,162.9,0.117235,37,0,0,0,1,1,0,7,1,3,2.103543922577183
1070,12.98,0,5,-8.5,0.117177,0,0,0,0,1,1,0,3,1,0,10.128564932433436
1071,13.0,49,131,239.3,0.117118,51,0,0,0,0,0,1,2,0,5,2.415052592581693
1072,13.01,31,78,140.0,0.11706,31,0,0,0,1,1,0,2,1,2,2.1401304967436228
1073,13.02,20,73,83.7,0.117001,20,0,0,0,1,1,0,4,1,0,1.6242007656883097
1074,13.03,7,21,31.7,0.116943,8,0,0,0,1,1,0,1,1,2,3.0825653195096456
1075,13.03,3,6,9.4,0.116884,3,0,0,0,1,1,0,0,1,0,5.079912103485347
1076,13.03,2,8,6.9,0.116826,3,0,0,0,1,1,0,2,1,3,4.025272345826862
1077,13.04,20,48,84.1,0.116767,20,0,0,0,1,1,0,6,3,1,2.3524240587355636
1078,13.04,0,8,-9.1,0.116709,0,0,0,0,1,1,0,3,1,3,4.706436425888976
1079,13.04,7,17,24.2,0.116651,7,0,0,0,1,1,0,4,1,1,2.5515076544190975
1080,13.05,13,32,53.7,0.116592,13,0,0,0,1,1,0,3,1,1,2.7932609789713307
1081,13.06,24,78,100.1,0.116534,24,0,0,0,1,1,0,7,2,1,2.1921681109602846
1082,13.07,16,53,63.6,0.116476,16,0,0,0,1,1,0,6,4,1,2.282777527510339
1083,13.08,2,11,7.9,0.116417,3,0,0,0,1,1,0,1,1,0,2.520426949506611
1084,13.11,49,203,222.7,0.116359,51,0,0,0,0,0,1,11,3,9,1.9910481006326375
1085,13.12,39,92,177.6,0.116301,39,0,0,0,1,1,0,3,2,2,2.0299431278170332
1086,13.14,35,98,155.9,0.116243,35,0,0,0,1,1,0,4,3,3,2.1239612992239896
1087,13.14,8,30,30.8,0.116185,8,0,0,0,1,1,0,1,1,2,2.899145297572036
1088,13.17,27,133,111.5,0.116127,27,0,0,0,1,1,0,5,2,2,1.703059972208976
1089,13.19,50,133,225.6,0.116069,50,0,0,0,1,1,0,6,5,1,1.871618426250193
1090,13.21,49,177,231.1,0.116011,51,0,0,0,0,0,1,6,2,1,2.060288916246348
1091,13.22,29,69,130.9,0.115953,29,0,0,0,1,1,0,2,1,2,2.2289679442929327
1092,13.23,19,49,81.0,0.115895,19,0,0,0,1,1,0,4,1,1,2.2685618632343374
1093,13.24,14,33,59.7,0.115837,14,0,0,0,1,1,0,2,1,0,2.163969003709135
1094,13.26,39,120,171.8,0.115779,39,0,0,0,1,1,0,6,2,2,2.0131470999193795
1095,13.27,28,75,123.3,0.115721,28,0,0,0,1,1,0,4,2,2,2.1687166025590034
1096,13.29,48,138,213.2,0.115663,48,0,0,0,1,1,0,8,1,0,1.88143710266031
1097,13.3,35,76,160.2,0.115605,35,0,0,0,1,1,0,2,2,2,2.07345510282383
1098,13.33,49,161,231.7,0.115547,51,0,0,0,0,0,1,7,0,1,2.1307683532900454
1099,13.33,15,41,68.9,0.11549,16,0,0,0,1,1,0,2,2,0,2.2432579361059704
1100,13.34,5,17,16.1,0.115432,5,0,0,0,1,1,0,2,1,2,2.8442471792298485
1101,13.34,7,14,31.6,0.115374,8,0,0,0,1,1,0,2,1,0,2.7716234288399
1102,13.34,4,12,9.8,0.115316,4,0,0,0,1,1,0,4,1,0,3.1122650658373314
1103,13.34,3,11,4.9,0.115259,3,0,0,0,1,1,0,4,1,0,4.019019868487534
1104,13.36,16,59,67.0,0.115201,16,0,0,0,1,1,0,2,1,1,2.3379908688530837
1105,13.37,34,106,148.4,0.115144,34,0,0,0,1,1,0,6,2,0,1.9951639939600267
1106,13.38,24,62,99.7,0.115086,24,0,0,0,1,1,0,9,1,1,2.5049738014894896
1107,13.39,4,11,12.9,0.115028,4,0,0,0,1,1,0,1,1,0,4.326033698461661
1108,13.41,49,163,232.0,0.114971,51,0,0,0,0,0,1,6,2,6,2.2982126441173567
1109,13.44,45,148,199.9,0.114913,45,0,0,0,1,1,0,5,4,3,2.253146046466685
1110,13.45,21,58,91.2,0.114856,21,0,0,0,1,1,0,3,1,0,2.3500622984301875
1111,13.46,21,62,90.8,0.114799,21,0,0,0,1,1,0,3,2,0,2.7521903271789925
1112,13.46,3,10,13.9,0.114741,4,0,0,0,1,1,0,0,1,1,2.634695845061035
1113,13.46,2,7,4.3,0.114684,2,0,0,0,1,1,0,0,1,0,4.187438405004331
1114,13.48,49,165,234.2,0.114626,51,0,0,0,0,0,1,4,0,2,2.207447893973081
1115,13.51,47,165,210.3,0.114569,47,0,0,0,1,1,0,3,2,2,1.8084086200272527
1116,13.53,49,131,238.7,0.114512,51,0,0,0,0,0,1,3,0,1,1.8813252216272498
1117,13.54,19,42,79.6,0.114455,19,0,0,0,1,1,0,6,1,2,2.185505950471722
1118,13.56,49,158,235.0,0.114397,51,0,0,0,0,0,1,4,4,1,1.7540091600094692
1119,13.58,41,116,187.3,0.11434,41,0,0,0,1,1,0,1,4,1,2.3071647670677384
1120,13.6,38,99,170.8,0.114283,38,0,0,0,1,1,0,4,1,3,1.686101135380948
1121,13.6,6,14,22.6,0.114226,6,0,0,0,1,1,0,1,1,0,3.0891520718277863
1122,13.62,49,154,237.1,0.114169,51,0,0,0,0,0,1,2,1,4,2.1504566525087685
1123,13.64,34,84,154.3,0.114112,34,0,0,0,1,1,0,2,2,3,2.064610286496028
1124,13.66,49,136,238.9,0.114055,51,0,0,0,0,0,1,2,4,4,2.4324406253593964
1125,13.66,10,21,39.9,0.113998,10,0,0,0,1,1,0,3,1,0,2.7779840906551536
1126,13.69,49,148,237.8,0.113941,51,0,0,0,0,0,1,2,3,3,2.4004121106225096
1127,13.69,2,8,0.2,0.113884,2,0,0,0,1,1,0,4,1,0,4.426098264728696
1128,13.69,4,15,11.1,0.113827,4,0,0,0,1,1,0,2,1,4,3.6765962805187433
1129,13.69,7,25,24.4,0.11377,7,0,0,0,1,1,0,3,1,1,2.3061529570868005
1130,13.7,1,7,-3.8,0.113713,1,0,0,0,1,1,0,3,1,1,4.518937895097097
1131,13.7,3,15,4.4,0.113656,3,0,0,0,1,1,0,4,1,1,3.7051622628066383
1132,13.71,21,45,92.3,0.113599,21,0,0,0,1,1,0,3,1,2,2.0332046972239692
1133,13.71,11,30,44.9,0.113542,11,0,0,0,1,1,0,2,1,1,2.6306885829801705
1134,13.73,43,118,195.9,0.113486,43,0,0,0,1,1,0,2,3,3,2.0842700784458934
1135,13.75,42,129,186.0,0.113429,42,0,0,0,1,1,0,6,3,1,2.269617478232713
1136,13.76,24,56,105.4,0.113372,24,0,0,0,1,1,0,4,2,0,2.0253154173837333
1137,13.78,49,138,239.8,0.113315,51,0,0,0,0,0,1,1,3,3,2.059968287012649
1138,13.8,38,99,171.7,0.113259,38,0,0,0,1,1,0,3,3,4,2.070127173781103
1139,13.8,6,16,23.3,0.113202,6,0,0,0,1,1,0,0,1,1,2.160111194282311
1140,13.82,39,103,172.4,0.113146,39,0,0,0,1,1,0,7,1,3,2.2649464955777656
1141,13.82,1,9,-3.9,0.113089,1,0,0,0,1,1,0,3,1,0,6.787911822078978
1142,13.85,49,173,233.1,0.113032,51,0,0,0,0,0,1,4,1,5,2.241015972432165
1143,13.88,49,201,211.4,0.112976,49,0,0,0,1,1,0,8,1,5,1.997496996487222
1144,13.88,9,35,32.5,0.112919,9,0,0,0,1,1,0,4,2,0,2.8124010094315053
1145,13.89,17,32,75.8,0.112863,17,0,0,0,1,1,0,1,1,0,2.982625710282175
1146,13.9,27,60,117.9,0.112807,27,0,0,0,1,1,0,6,2,1,1.9692003871687356
1147,13.9,15,31,63.9,0.11275,15,0,0,0,1,1,0,3,1,0,2.1223166993916416
1148,13.92,42,119,187.6,0.112694,42,0,0,0,1,1,0,5,2,5,2.095693228601055
1149,13.95,45,144,199.4,0.112637,45,0,0,0,1,1,0,6,2,2,1.9559919726067794
1150,13.95,11,24,43.6,0.112581,11,0,0,0,1,1,0,4,1,0,2.4349073868184847
1151,13.97,48,146,211.3,0.112525,48,0,0,0,1,1,0,9,3,1,1.857541227547311
1152,13.99,39,102,172.7,0.112469,39,0,0,0,1,1,0,7,1,1,2.105581473911072
1153,14.02,49,174,232.1,0.112412,51,0,0,0,0,0,1,5,3,4,2.183780704735515
1154,14.02,1,8,4.1,0.112356,2,0,0,0,1,1,0,0,1,1,5.14022659633718
1155,14.02,2,8,2.2,0.1123,2,0,0,0,1,1,0,2,1,0,3.981318651828182
1156,14.04,49,141,239.8,0.112244,51,0,0,0,0,0,1,1,1,0,1.945175573859711
1157,14.06,39,125,171.3,0.112188,39,0,0,0,1,1,0,6,2,2,2.0112753329521698
1158,14.07,24,48,106.2,0.112132,24,0,0,0,1,1,0,4,1,0,2.6846832600348822
1159,14.07,14,28,58.1,0.112075,14,0,0,0,1,1,0,4,1,1,2.24180334705629
1160,14.1,49,178,213.9,0.112019,49,0,0,0,1,1,0,8,1,3,1.661729084598459
1161,14.1,8,18,32.2,0.111963,8,0,0,0,1,1,0,1,1,0,2.2234519027275796
1162,14.13,48,142,214.5,0.111907,48,0,0,0,1,1,0,6,2,3,2.181357143522832
1163,14.13,14,30,59.9,0.111851,14,0,0,0,1,1,0,2,1,1,3.1816774328882347
1164,14.16,46,211,199.5,0.111796,46,0,0,0,1,1,0,4,5,4,1.2617122549756494
1165,14.18,49,139,236.8,0.11174,51,0,0,0,0,0,1,4,0,2,2.181670179635969
1166,14.19,19,54,80.4,0.111684,19,0,0,0,1,1,0,4,1,2,2.3446061045518674
1167,14.2,16,41,69.9,0.111628,16,0,0,0,1,1,0,1,2,0,1.8254034062402746
1168,14.21,25,67,112.2,0.111572,25,0,0,0,1,1,0,1,3,1,2.275013574904286
1169,14.22,26,66,114.2,0.111516,26,0,0,0,1,1,0,4,2,2,2.458546690386568
1170,14.25,50,155,229.2,0.111461,50,0,0,0,0,0,1,5,4,2,2.2036302522783027
1171,14.27,48,155,203.8,0.111405,48,0,0,0,1,1,0,15,4,7,2.1128957317003008
1172,14.28,37,86,168.3,0.111349,37,0,0,0,1,1,0,3,2,1,2.1226343086101878
1173,14.29,9,20,35.9,0.111293,9,0,0,0,1,1,0,2,2,1,3.211408697512168
1174,14.29,2,9,1.0,0.111238,2,0,0,0,1,1,0,3,1,1,3.980453950159336
1175,14.29,13,31,53.8,0.111182,13,0,0,0,1,1,0,3,1,1,2.6762188398274045
1176,14.31,37,94,167.1,0.111127,37,0,0,0,1,1,0,3,2,5,1.944435138566434
1177,14.31,3,5,9.5,0.111071,3,0,0,0,1,1,0,0,1,0,7.936385621709095
1178,14.33,35,81,158.6,0.111016,35,0,0,0,1,1,0,3,3,3,2.200909763939034
1179,14.33,11,29,44.1,0.11096,11,0,0,0,1,1,0,3,1,0,2.405006344199372
1180,14.33,4,9,11.1,0.110905,4,0,0,0,1,1,0,3,1,0,4.165384266808895
1181,14.34,7,14,27.6,0.110849,7,0,0,0,1,1,0,1,1,0,3.074840387438684
1182,14.34,7,13,28.7,0.110794,7,0,0,0,1,1,0,0,1,0,4.066926591813243
1183,14.35,25,77,108.8,0.110738,25,0,0,0,1,1,0,3,1,5,2.4219992404798107
1184,14.36,13,40,52.9,0.110683,13,0,0,0,1,1,0,3,1,1,2.0736557075234825
1185,14.36,12,29,51.1,0.110628,12,0,0,0,1,1,0,1,1,0,2.951920264241697
1186,14.37,19,48,81.2,0.110572,19,0,0,0,1,1,0,4,1,0,2.3123359587194354
1187,14.39,21,101,80.9,0.110517,21,0,0,0,1,1,0,9,3,0,1.9656474951036822
1188,14.39,13,29,56.0,0.110462,13,0,0,0,1,1,0,1,1,1,2.1621583423063035
1189,14.42,44,189,191.1,0.110406,44,0,0,0,1,1,0,5,2,0,1.711264294398102
1190,14.43,14,38,57.2,0.110351,14,0,0,0,1,1,0,4,1,0,2.0001611501254777
1191,14.45,49,132,220.4,0.110296,49,0,0,0,1,1,0,6,2,4,2.3198387534123337
1192,14.47,49,144,236.3,0.110241,51,0,0,0,0,0,1,4,2,2,2.0892302492389594
1193,14.48,14,41,59.8,0.110186,14,0,0,0,1,1,0,1,2,1,3.0189378299409566
1194,14.49,35,87,158.0,0.110131,35,0,0,0,1,1,0,3,2,3,1.931904238622968
1195,14.51,40,96,182.1,0.110076,40,0,0,0,1,1,0,3,2,3,1.8184925753385428
1196,14.53,46,112,212.5,0.110021,46,0,0,0,1,1,0,1,2,3,2.037710456310091
1197,14.53,2,10,3.9,0.109966,2,0,0,0,1,1,0,0,1,1,3.439180173582635
1198,14.56,49,176,235.0,0.109911,51,0,0,0,0,0,1,2,4,3,2.0684001875044093
1199,14.57,19,50,83.0,0.109856,19,0,0,0,1,1,0,2,1,0,2.572782511851685
1200,14.59,49,132,237.6,0.109801,51,0,0,0,0,0,1,4,2,1,2.618533833225613
1201,14.59,11,34,44.6,0.109746,11,0,0,0,1,1,0,2,2,0,2.2787009313532987
1202,14.62,49,154,234.0,0.109691,51,0,0,0,0,0,1,5,1,5,2.3563598376686397
1203,14.62,9,50,32.9,0.109636,9,0,0,0,1,1,0,2,1,1,2.0938579117587857
1204,14.64,32,83,144.6,0.109581,32,0,0,0,1,1,0,2,3,1,2.27556581132247
1205,14.66,44,137,196.2,0.109527,44,0,0,0,1,1,0,5,4,1,2.1361011053659635
1206,14.68,49,161,235.3,0.109472,51,0,0,0,0,0,1,3,2,5,2.214319666509435
1207,14.7,36,100,162.7,0.109417,36,0,0,0,1,1,0,2,1,3,2.000063388701025
1208,14.7,5,8,18.2,0.109362,5,0,0,0,1,1,0,1,1,0,4.826015978499996
1209,14.72,49,139,234.5,0.109308,51,0,0,0,0,0,1,6,2,5,2.1159188752165945
1210,14.74,46,141,202.4,0.109253,46,0,0,0,1,1,0,8,2,5,2.012580165385797
1211,14.76,29,69,132.0,0.109198,29,0,0,0,1,1,0,1,1,1,1.862990329917469
1212,14.77,18,74,70.6,0.109144,18,0,0,0,1,1,0,7,1,0,1.9475668548115428
1213,14.79,36,103,160.6,0.109089,36,0,0,0,1,1,0,4,2,1,1.8965555990122092
1214,14.79,10,33,38.7,0.109035,10,0,0,0,1,1,0,3,1,0,2.3184276552591174
1215,14.8,5,37,13.4,0.10898,5,0,0,0,1,1,0,2,1,9,1.5346621913498368
1216,14.81,28,101,120.7,0.108926,28,0,0,0,1,1,0,4,2,2,1.7218762902937663
1217,14.84,48,142,218.8,0.108871,48,0,0,0,1,1,0,2,1,0,1.9130555832558969
1218,14.86,49,149,236.8,0.108817,51,0,0,0,0,0,1,3,1,2,2.0032525037547444
1219,14.88,38,150,164.6,0.108762,38,0,0,0,1,1,0,5,1,4,1.6035871465146867
1220,14.89,18,42,74.8,0.108708,18,0,0,0,1,1,0,6,1,0,2.304785714067444
1221,14.9,31,77,135.2,0.108654,31,0,0,0,1,1,0,7,2,1,1.6685164060066804
1222,14.92,49,135,236.3,0.108599,51,0,0,0,0,0,1,5,1,1,2.0720697870811926
1223,14.95,49,175,235.4,0.108545,51,0,0,0,0,0,1,2,4,0,2.0783235631830963
1224,14.95,3,13,8.5,0.108491,3,0,0,0,1,1,0,0,1,2,4.276062917764292
1225,14.97,50,135,232.2,0.108436,50,0,0,0,0,0,1,4,3,2,2.0914586509432342
1226,14.98,8,20,32.7,0.108382,8,0,0,0,1,1,0,0,1,3,3.225192146588957
1227,15.0,49,152,233.3,0.108328,51,0,0,0,0,0,1,6,3,4,2.036335105787734
1228,15.02,49,148,237.0,0.108274,51,0,0,0,0,0,1,3,1,1,1.9269132204503923
1229,15.04,31,122,131.4,0.10822,31,0,0,0,1,1,0,6,1,4,1.560625683057039
1230,15.04,6,17,23.3,0.108166,6,0,0,0,1,1,0,0,1,0,2.5851550416473197
1231,15.06,30,72,133.7,0.108112,30,0,0,0,1,1,0,4,1,1,2.106115285270593
1232,15.08,49,158,235.8,0.108057,51,0,0,0,0,0,1,3,1,3,2.0265385869130057
1233,15.1,49,129,237.9,0.108003,51,0,0,0,0,0,1,4,2,1,2.12977224975985
1234,15.12,24,133,93.4,0.107949,24,0,0,0,1,1,0,8,2,3,1.732212839229156
1235,15.14,40,85,185.4,0.107895,40,0,0,0,1,1,0,1,1,1,1.6339399328675677
1236,15.14,1,8,-4.8,0.107842,1,0,0,0,1,1,0,4,1,0,5.770103038580498
1237,15.14,2,5,2.5,0.107788,2,0,0,0,1,1,0,2,1,0,6.937684446232609
1238,15.14,7,18,25.2,0.107734,7,0,0,0,1,1,0,3,1,0,2.429284148667934
1239,15.16,48,138,212.0,0.10768,48,0,0,0,1,1,0,9,2,2,2.061870255842089
1240,15.17,1,5,-3.5,0.107626,1,0,0,0,1,1,0,3,1,0,7.3349344640403995
1241,15.17,10,24,39.5,0.107572,10,0,0,0,1,1,0,3,1,1,2.5942775343931896
1242,15.19,41,140,175.5,0.107518,41,0,0,0,1,1,0,10,4,5,1.8499951510958514
1243,15.21,34,79,160.1,0.107465,35,0,0,0,1,1,0,2,2,0,2.442032721190659
1244,15.23,37,165,158.1,0.107411,37,0,0,0,1,1,0,5,4,4,1.996251986926529
1245,15.24,1,23,-8.3,0.107357,1,0,0,0,1,1,0,6,1,0,3.3834362292929874
1246,15.27,49,213,223.3,0.107304,51,0,0,0,0,0,1,9,1,13,1.7653527941129912
1247,15.29,49,157,233.7,0.10725,51,0,0,0,0,0,1,5,1,5,1.9850027615278005
1248,15.32,49,142,235.5,0.107196,51,0,0,0,0,0,1,5,3,2,2.517294489479419
1249,15.32,2,6,0.4,0.107143,2,0,0,0,1,1,0,4,1,0,7.991906142219232
1250,15.32,2,15,-0.6,0.107089,2,0,0,0,1,1,0,4,1,1,3.058504512499776
1251,15.33,18,38,80.2,0.107036,18,0,0,0,1,1,0,1,1,0,2.367799158746102
1252,15.35,49,134,238.2,0.106982,51,0,0,0,0,0,1,3,2,3,2.018811674126933
1253,15.35,12,33,48.7,0.106929,12,0,0,0,1,1,0,3,1,0,2.5901020235092322
1254,15.37,49,141,235.7,0.106875,51,0,0,0,0,0,1,5,2,1,2.316984588422762
1255,15.4,50,158,221.9,0.106822,50,0,0,0,1,1,0,7,2,3,1.9754577773173299
1256,15.42,50,155,221.2,0.106768,50,0,0,0,1,1,0,8,2,3,1.957922658877625
1257,15.44,49,147,236.0,0.106715,51,0,0,0,0,0,1,4,0,2,1.9863075350203603
1258,15.45,15,34,63.4,0.106661,15,0,0,0,1,1,0,3,2,2,2.1169095506151954
1259,15.47,49,153,233.3,0.106608,51,0,0,0,0,0,1,6,1,3,2.3880570104076835
1260,15.48,22,53,95.7,0.106555,22,0,0,0,1,1,0,4,2,0,1.9509327328644603
1261,15.51,49,139,240.7,0.106502,51,0,0,0,0,0,1,0,1,3,1.8218854887670606
1262,15.52,42,103,193.2,0.106448,43,0,0,0,1,1,0,6,3,5,1.9388327811008939
1263,15.54,45,128,202.0,0.106395,45,0,0,0,1,1,0,5,1,2,2.1661101879025964
1264,15.57,49,162,237.5,0.106342,51,0,0,0,0,0,1,1,2,2,2.0436667762660576
1265,15.59,48,127,220.2,0.106289,48,0,0,0,1,1,0,2,2,1,1.9247799397365772
1266,15.61,49,137,238.2,0.106236,51,0,0,0,0,0,1,3,4,0,2.072090850436283
1267,15.63,43,120,192.9,0.106182,43,0,0,0,1,1,0,5,2,1,2.0097851842616166
1268,15.63,5,14,14.6,0.106129,5,0,0,0,1,1,0,4,1,0,3.033424428394433
1269,15.65,49,156,238.0,0.106076,51,0,0,0,0,0,1,1,2,3,2.086749542330159
1270,15.68,45,205,190.0,0.106023,45,0,0,0,1,1,0,9,2,5,1.8775431159464007
1271,15.71,39,139,168.9,0.10597,39,0,0,0,1,1,0,6,2,12,1.8953846747124743
1272,15.72,38,107,173.0,0.105917,38,0,0,0,1,1,0,1,1,3,1.8056012405360753
1273,15.74,27,117,112.2,0.105864,27,0,0,0,1,1,0,6,2,1,1.7436568423231784
1274,15.76,39,121,172.5,0.105811,39,0,0,0,1,1,0,5,1,4,1.5842264081929498
1275,15.77,34,80,155.7,0.105758,34,0,0,0,1,1,0,1,1,3,2.298039659302095
1276,15.78,18,47,79.2,0.105706,18,0,0,0,1,1,0,1,1,1,2.03583184182628
1277,15.81,49,178,235.9,0.105653,51,0,0,0,0,0,1,1,1,2,1.7934457561094004
1278,15.81,11,29,43.0,0.1056,11,0,0,0,1,1,0,4,1,1,2.210571332704031
1279,15.83,40,123,177.4,0.105547,40,0,0,0,1,1,0,5,3,3,2.037027303089444
1280,15.85,45,129,202.7,0.105494,45,0,0,0,1,1,0,4,3,4,1.9270759396852262
1281,15.87,49,133,236.5,0.105442,51,0,0,0,0,0,1,5,2,1,2.113672515503368
1282,15.89,38,92,171.7,0.105389,38,0,0,0,1,1,0,4,2,1,1.9334237672346197
1283,15.91,39,104,170.5,0.105336,39,0,0,0,1,1,0,9,2,1,1.8964588833435
1284,15.91,8,20,32.9,0.105284,8,0,0,0,1,1,0,0,1,1,3.2071832236519895
1285,15.92,6,46,13.3,0.105231,6,0,0,0,1,1,0,7,1,1,1.5998757316899286
1286,15.93,33,80,148.9,0.105178,33,0,0,0,1,1,0,3,1,1,1.9734940036256916
1287,15.94,29,67,130.2,0.105126,29,0,0,0,1,1,0,3,2,1,1.8112527403033698
1288,15.97,49,156,231.9,0.105073,51,0,0,0,0,0,1,7,2,4,2.2621576962996732
1289,15.97,3,13,6.5,0.105021,3,0,0,0,1,1,0,2,1,2,3.276546147416517
1290,15.97,8,25,29.5,0.104968,8,0,0,0,1,1,0,3,1,0,3.3087351768146904
1291,16.0,30,145,124.7,0.104916,30,0,0,0,1,1,0,5,2,8,1.7257761882293285
1292,16.0,12,23,50.6,0.104863,12,0,0,0,1,1,0,2,1,1,2.780319613536256
1293,16.01,32,73,147.7,0.104811,32,0,0,0,1,1,0,0,1,0,2.3074202794051906
1294,16.02,1,14,-5.4,0.104758,1,0,0,0,1,1,0,4,1,0,4.041339520085086
1295,16.03,29,74,127.5,0.104706,29,0,0,0,1,1,0,5,3,1,2.3811943850694264
1296,16.03,0,5,-6.5,0.104654,0,0,0,0,1,1,0,1,1,0,6.99166706386726
1297,16.06,49,220,202.2,0.104601,49,0,0,0,1,1,0,14,2,18,1.4355596638708088
1298,16.07,11,41,44.7,0.104549,11,0,0,0,1,1,0,1,2,2,1.8220060366414643
1299,16.11,48,288,199.6,0.104497,48,0,0,0,1,1,0,6,3,6,1.3684649609885078
1300,16.13,48,142,214.6,0.104444,48,0,0,0,1,1,0,6,4,2,2.3949788345966447
1301,16.16,48,157,212.8,0.104392,48,0,0,0,1,1,0,6,3,5,2.265133480809183
1302,16.18,27,124,111.6,0.10434,27,0,0,0,1,1,0,6,2,0,1.610904234256573
1303,16.2,44,127,198.3,0.104288,44,0,0,0,1,1,0,4,3,0,1.8916249740141384
1304,16.22,49,144,237.1,0.104236,51,0,0,0,0,0,1,3,1,4,1.9074977991349018
1305,16.24,49,161,233.6,0.104184,51,0,0,0,0,0,1,5,3,2,2.038250546562719
1306,16.26,43,102,198.6,0.104131,43,0,0,0,1,1,0,1,3,2,1.7384174108691164
1307,16.28,37,97,171.2,0.104079,38,0,0,0,1,1,0,4,1,1,1.9870566880538283
1308,16.29,28,71,121.7,0.104027,28,0,0,0,1,1,0,6,1,2,1.6043346733068264
1309,16.31,49,132,239.5,0.103975,51,0,0,0,0,0,1,2,1,2,2.3285131555932232
1310,16.31,11,26,44.2,0.103923,11,0,0,0,1,1,0,3,2,2,3.9309252258582816
1311,16.33,37,100,164.0,0.103871,37,0,0,0,1,1,0,6,3,0,2.005298143291185
1312,16.34,16,51,64.8,0.103819,16,0,0,0,1,1,0,5,2,1,1.9302728882078812
1313,16.35,19,45,89.4,0.103768,20,0,0,0,1,1,0,1,2,1,2.3431755865180426
1314,16.36,13,105,45.4,0.103716,13,0,0,0,1,1,0,4,1,1,1.4037907810423202
1315,16.38,28,75,124.8,0.103664,28,0,0,0,1,1,0,2,1,7,2.3129485718999896
1316,16.38,13,50,52.0,0.103612,13,0,0,0,1,1,0,3,1,0,2.359084480315129
1317,16.41,49,140,237.7,0.10356,51,0,0,0,0,0,1,3,4,2,2.1562764349093353
1318,16.41,5,14,14.2,0.103508,5,0,0,0,1,1,0,4,1,4,2.771440819291073
1319,16.43,49,133,233.5,0.103457,51,0,0,0,0,0,1,8,0,1,2.04853286931935
1320,16.44,12,47,42.9,0.103405,12,0,0,0,1,1,0,7,1,4,2.4510798171895103
1321,16.46,49,145,217.7,0.103353,49,0,0,0,1,1,0,7,3,8,2.0525231984977212
1322,16.48,48,129,219.8,0.103302,48,0,0,0,1,1,0,2,1,3,2.1681720467797785
1323,16.5,39,123,173.6,0.10325,39,0,0,0,1,1,0,4,2,1,1.8681909612015888
1324,16.53,44,173,190.2,0.103198,44,0,0,0,1,1,0,7,2,5,1.5349589415481681
1325,16.53,14,30,62.0,0.103147,14,0,0,0,1,1,0,0,2,0,2.6858499765901978
1326,16.55,47,116,211.2,0.103095,47,0,0,0,1,1,0,7,2,2,2.3542578318349565
1327,16.56,39,98,172.0,0.103044,39,0,0,0,1,1,0,8,1,2,2.063127024030519
1328,16.59,49,139,237.8,0.102992,51,0,0,0,0,0,1,3,1,2,1.8004751789612534
1329,16.61,49,160,219.7,0.102941,49,0,0,0,1,1,0,4,2,3,1.7326053927167009
1330,16.63,36,90,161.9,0.102889,36,0,0,0,1,1,0,4,5,1,1.9543709994626093
1331,16.65,49,130,238.8,0.102838,51,0,0,0,0,0,1,3,1,1,2.1064842922878313
1332,16.65,2,45,-5.6,0.102786,2,0,0,0,1,1,0,6,1,1,2.2997048823704276
1333,16.66,24,67,103.2,0.102735,24,0,0,0,1,1,0,5,3,1,2.561522019944855
1334,16.68,37,94,167.5,0.102683,37,0,0,0,1,1,0,3,1,1,1.7838182102529292
1335,16.69,9,27,37.2,0.102632,9,0,0,0,1,1,0,0,2,1,2.1762181920750563
1336,16.69,9,19,40.0,0.102581,10,0,0,0,1,1,0,3,1,1,2.713753335552961
1337,16.69,15,28,63.2,0.102529,15,0,0,0,1,1,0,4,1,0,2.4293904654542007
1338,16.72,49,137,237.9,0.102478,51,0,0,0,0,0,1,3,2,3,1.9183027898002785
1339,16.73,33,101,145.7,0.102427,33,0,0,0,1,1,0,4,2,2,2.1920346615445077
1340,16.74,20,59,82.0,0.102376,20,0,0,0,1,1,0,7,1,1,2.4924308853820274
1341,16.75,13,62,47.8,0.102325,13,0,0,0,1,1,0,6,1,0,1.5430157814997905
1342,16.76,17,43,79.7,0.102273,18,0,0,0,1,1,0,1,1,0,1.9699310918113995
1343,16.78,27,75,116.4,0.102222,27,0,0,0,1,1,0,6,2,1,2.4317255897748904
1344,16.79,38,111,166.6,0.102171,38,0,0,0,1,1,0,7,2,3,2.015203306698156
1345,16.82,49,151,234.4,0.10212,51,0,0,0,0,0,1,5,2,4,2.1330560609238542
1346,16.82,7,20,25.7,0.102069,7,0,0,0,1,1,0,2,2,3,4.008095566744546
1347,16.83,6,20,24.0,0.102018,7,0,0,0,1,1,0,4,2,0,2.4112736809547526
1348,16.83,8,22,29.8,0.101967,8,0,0,0,1,1,0,3,1,0,2.3301385399038295
1349,16.84,17,46,68.4,0.101916,17,0,0,0,1,1,0,7,2,0,2.2542052641396206
1350,16.84,2,9,-0.9,0.101865,2,0,0,0,1,1,0,5,1,0,4.021868594851688
1351,16.86,49,137,238.1,0.101814,51,0,0,0,0,0,1,3,0,1,2.2094103209692557
1352,16.87,10,28,39.7,0.101763,10,0,0,0,1,1,0,2,1,5,2.9279951321834736
1353,16.87,4,17,10.2,0.101712,4,0,0,0,1,1,0,3,2,1,4.0785427617069345
1354,16.87,6,22,21.8,0.101661,6,0,0,0,1,1,0,1,1,0,1.8896855392685294
1355,16.88,4,14,12.6,0.101611,4,0,0,0,1,1,0,1,1,0,3.2894318544657812
1356,16.9,46,139,204.8,0.10156,46,0,0,0,1,1,0,6,1,3,1.7687138287916544
1357,16.92,41,113,179.6,0.101509,41,0,0,0,1,1,0,9,2,1,2.1531129994696334
1358,16.94,42,184,182.1,0.101458,42,0,0,0,1,1,0,4,1,5,1.2043430076214954
1359,16.97,47,125,209.2,0.101408,47,0,0,0,1,1,0,8,3,3,2.148210265605849
1360,16.98,32,80,142.0,0.101357,32,0,0,0,1,1,0,5,4,0,2.191638098879772
1361,17.0,49,150,235.6,0.101306,51,0,0,0,0,0,1,4,0,3,1.7840783868593886
1362,17.02,27,85,115.2,0.101256,27,0,0,0,1,1,0,6,2,3,2.6983092975025422
1363,17.03,25,66,109.3,0.101205,25,0,0,0,1,1,0,4,1,1,2.303499915896276
1364,17.05,49,121,239.7,0.101154,51,0,0,0,0,0,1,3,3,1,1.842760800973606
1365,17.06,0,33,-13.4,0.101104,0,0,0,0,1,1,0,5,1,1,2.751383112303112
1366,17.07,23,57,101.1,0.101053,23,0,0,0,1,1,0,3,2,2,2.2580137445300044
1367,17.09,49,135,238.2,0.101003,51,0,0,0,0,0,1,3,3,2,1.8374051400446765
1368,17.11,49,144,218.4,0.100952,49,0,0,0,1,1,0,7,4,2,1.508427062746615
1369,17.11,0,17,-10.0,0.100902,0,0,0,0,1,1,0,3,1,3,2.364984469184761
1370,17.12,5,12,15.7,0.100851,5,0,0,0,1,1,0,3,1,1,3.99605619877215
1371,17.12,15,30,63.9,0.100801,15,0,0,0,1,1,0,3,1,1,2.5352926164584004
1372,17.13,4,16,10.1,0.10075,4,0,0,0,1,1,0,3,1,3,2.1896752658550973
1373,17.13,2,13,2.4,0.1007,2,0,0,0,1,1,0,1,1,3,2.415156618320016
1374,17.13,11,27,45.9,0.10065,11,0,0,0,1,1,0,1,1,4,1.7802490901008683
1375,17.14,11,30,41.8,0.100599,11,0,0,0,1,1,0,5,1,2,2.8616827333613393
1376,17.14,8,26,29.4,0.100549,8,0,0,0,1,1,0,3,2,0,2.7684563390867636
1377,17.15,26,67,113.3,0.100499,26,0,0,0,1,1,0,5,1,0,1.7340078809256836
1378,17.17,41,124,183.3,0.100449,41,0,0,0,1,1,0,4,4,3,2.340677990548763
1379,17.2,49,147,237.0,0.100398,51,0,0,0,0,0,1,3,0,2,1.9631472641386736
1380,17.22,49,154,237.3,0.100348,51,0,0,0,0,0,1,2,1,2,1.9443225166948856
1381,17.24,34,94,152.3,0.100298,34,0,0,0,1,1,0,3,2,3,2.097038908977342
1382,17.24,8,26,28.4,0.100248,8,0,0,0,1,1,0,4,1,0,3.2678999701616696
1383,17.25,22,45,98.4,0.100198,22,0,0,0,1,1,0,2,1,1,2.034971558429921
1384,17.25,12,28,52.1,0.100148,12,0,0,0,1,1,0,0,1,1,2.3326667491315853
1385,17.28,50,148,227.2,0.100097,50,0,0,0,1,1,0,3,5,0,2.242001971653301
1386,17.3,39,115,172.2,0.100047,39,0,0,0,1,1,0,6,2,3,2.12059097884936
1387,17.32,44,145,194.3,0.099997,44,0,0,0,1,1,0,6,3,2,1.8970924462069638
1388,17.33,35,98,154.9,0.099947,35,0,0,0,1,1,0,5,3,3,1.790310683519169
1389,17.34,2,6,3.4,0.099897,2,0,0,0,1,1,0,1,1,0,3.938586509905562
1390,17.36,49,147,235.8,0.099847,51,0,0,0,0,0,1,4,2,4,2.0730949173642235
1391,17.38,49,141,237.7,0.099798,51,0,0,0,0,0,1,3,0,1,2.310780258060511
1392,17.41,49,210,233.4,0.099748,51,0,0,0,0,0,1,0,3,5,1.7457900288718515
1393,17.42,10,34,41.5,0.099698,10,0,0,0,1,1,0,0,1,1,3.2768959153713912
1394,17.44,49,147,232.7,0.099648,51,0,0,0,0,0,1,7,2,5,2.1220519254442483
1395,17.45,14,32,58.6,0.099598,14,0,0,0,1,1,0,3,2,2,2.006616737304204
1396,17.47,49,156,220.3,0.099548,49,0,0,0,1,1,0,4,1,1,1.6900184090971107
1397,17.48,39,86,181.3,0.099499,39,0,0,0,1,1,0,0,1,1,1.766509312633148
1398,17.5,41,102,193.6,0.099449,42,0,0,0,1,1,0,1,1,2,2.1589587885265393
1399,17.52,49,141,222.5,0.099399,49,0,0,0,1,1,0,3,2,4,1.6796330710934737
1400,17.55,49,161,234.3,0.099349,51,0,0,0,0,0,1,4,5,5,2.0453440056226744
1401,17.55,11,37,42.2,0.0993,11,0,0,0,1,1,0,4,1,1,2.693895932739262
1402,17.56,4,14,13.3,0.09925,4,0,0,0,1,1,0,0,1,3,2.659104227330394
1403,17.58,49,133,239.5,0.0992,51,0,0,0,0,0,1,2,2,1,2.0676573096017097
1404,17.6,46,132,206.6,0.099151,46,0,0,0,1,1,0,5,2,2,1.8679836007628363
1405,17.6,14,29,61.1,0.099101,14,0,0,0,1,1,0,1,2,0,2.0152565062739347
1406,17.61,16,35,70.4,0.099052,16,0,0,0,1,1,0,1,1,1,2.056687465363079
1407,17.63,49,151,224.7,0.099002,49,0,0,0,1,1,0,0,3,2,1.9565632020358927
1408,17.66,50,162,226.2,0.098953,50,0,0,0,0,0,1,7,1,5,2.0154936195995004
1409,17.68,46,139,203.0,0.098903,46,0,0,0,1,1,0,8,3,1,2.383368658062722
1410,17.7,49,148,238.5,0.098854,51,0,0,0,0,0,1,1,2,6,2.298016588874508
1411,17.71,13,30,53.9,0.098804,13,0,0,0,1,1,0,3,2,1,2.5708918415545505
1412,17.71,4,17,11.2,0.098755,4,0,0,0,1,1,0,2,1,1,2.8050745356986058
1413,17.71,7,24,24.5,0.098706,7,0,0,0,1,1,0,3,1,1,2.294533452627389
1414,17.72,3,12,7.8,0.098656,3,0,0,0,1,1,0,1,1,0,3.82830445965133
1415,17.72,2,9,1.1,0.098607,2,0,0,0,1,1,0,3,1,0,3.6608844234607094
1416,17.74,49,132,240.2,0.098558,51,0,0,0,0,0,1,1,1,5,2.0780171985265152
1417,17.76,34,161,144.6,0.098508,34,0,0,0,1,1,0,4,2,3,2.041408827741239
1418,17.77,8,26,37.4,0.098459,9,0,0,0,1,1,0,0,1,0,1.6751295691238606
1419,17.78,38,96,172.4,0.09841,38,0,0,0,1,1,0,3,4,0,1.9559464631250671
1420,17.8,49,138,237.9,0.098361,51,0,0,0,0,0,1,3,0,2,2.1983865697256637
1421,17.83,49,155,238.0,0.098311,51,0,0,0,0,0,1,1,3,4,1.9703904859044883
1422,17.85,49,128,242.0,0.098262,51,0,0,0,0,0,1,0,2,1,2.1933169669448023
1423,17.86,20,77,83.3,0.098213,20,0,0,0,1,1,0,4,2,0,2.392582895482636
1424,17.87,23,56,100.2,0.098164,23,0,0,0,1,1,0,4,1,2,2.0868578267943723
1425,17.89,48,149,213.0,0.098115,48,0,0,0,1,1,0,6,3,11,1.9259869130559044
1426,17.92,49,155,237.2,0.098066,51,0,0,0,0,0,1,2,2,2,1.7487385570829996
1427,17.92,3,7,9.3,0.098017,3,0,0,0,1,1,0,0,1,0,5.578555853306867
1428,17.95,49,231,228.1,0.097968,51,0,0,0,0,0,1,3,2,7,1.56397114965894
1429,17.96,7,37,24.7,0.097919,7,0,0,0,1,1,0,1,1,6,2.3196365998065898
1430,17.96,5,21,15.6,0.09787,5,0,0,0,1,1,0,2,1,3,3.1150604190414866
1431,17.97,21,51,92.8,0.097821,21,0,0,0,1,1,0,2,1,1,2.4389774966798865
1432,17.99,28,81,125.5,0.097772,28,0,0,0,1,1,0,1,2,4,2.023359153537613
1433,18.01,49,133,238.5,0.097723,51,0,0,0,0,0,1,3,2,1,2.1029569201313807
1434,18.03,49,138,238.8,0.097674,51,0,0,0,0,0,1,2,0,3,1.775727995506555
1435,18.04,23,56,100.3,0.097625,23,0,0,0,1,1,0,4,1,1,2.159873586039336
1436,18.05,30,73,131.7,0.097577,30,0,0,0,1,1,0,6,1,0,1.5657616660533666
1437,18.08,48,232,200.5,0.097528,48,0,0,0,1,1,0,11,2,3,1.2944836538068998
1438,18.1,49,139,237.8,0.097479,51,0,0,0,0,0,1,3,1,2,2.10620565142196
1439,18.13,49,138,238.7,0.09743,51,0,0,0,0,0,1,2,2,4,2.211642657452204
1440,18.15,49,133,239.0,0.097382,51,0,0,0,0,0,1,2,1,6,1.6675992900170733
1441,18.15,20,49,86.0,0.097333,20,0,0,0,1,1,0,4,1,1,1.649764319677637
1442,18.16,11,28,41.0,0.097284,11,0,0,0,1,1,0,6,1,2,2.6339296090104107
1443,18.16,6,18,21.9,0.097236,6,0,0,0,1,1,0,1,2,3,3.6225474211453954
1444,18.17,18,41,77.6,0.097187,18,0,0,0,1,1,0,3,2,3,2.080087936056705
1445,18.18,18,46,80.1,0.097138,18,0,0,0,1,1,0,0,1,3,2.3368134347204825
1446,18.19,17,45,72.3,0.09709,17,0,0,0,1,1,0,3,1,2,2.1744141744030774
1447,18.21,49,182,235.1,0.097041,51,0,0,0,0,0,1,1,2,6,2.0293635698243624
1448,18.23,31,84,138.3,0.096993,31,0,0,0,1,1,0,3,3,3,1.825315035009852
1449,18.25,49,155,237.2,0.096944,51,0,0,0,0,0,1,2,2,2,1.9489230955086494
1450,18.26,14,35,60.5,0.096896,14,0,0,0,1,1,0,1,1,0,2.387763702606831
1451,18.28,49,141,237.7,0.096847,51,0,0,0,0,0,1,3,4,1,1.6659201639260524
1452,18.29,22,57,93.9,0.096799,22,0,0,0,1,1,0,5,1,4,2.3814465125841244
1453,18.29,2,8,1.1,0.096751,2,0,0,0,1,1,0,3,1,1,3.4642057247304936
1454,18.3,28,65,131.5,0.096702,29,0,0,0,1,1,0,2,1,0,1.6499155102924503
1455,18.33,49,151,236.3,0.096654,51,0,0,0,0,0,1,3,1,5,1.9001417485148604
1456,18.33,16,48,67.9,0.096605,16,0,0,0,1,1,0,2,2,3,1.961451969168132
1457,18.36,49,144,237.2,0.096557,51,0,0,0,0,0,1,3,3,3,1.8856575577980204
1458,18.38,45,157,197.2,0.096509,45,0,0,0,1,1,0,7,2,1,1.9099197119083207
1459,18.38,6,15,20.5,0.096461,6,0,0,0,1,1,0,3,1,0,3.1143060351142826
1460,18.39,14,35,58.4,0.096412,14,0,0,0,1,1,0,3,2,1,2.3551033515057096
1461,18.39,8,16,30.4,0.096364,8,0,0,0,1,1,0,3,2,0,3.3851715092405836
1462,18.4,24,49,108.1,0.096316,24,0,0,0,1,1,0,2,1,0,1.9346274313095913
1463,18.41,19,52,81.7,0.096268,19,0,0,0,1,1,0,3,1,1,2.449296133670306
1464,18.42,12,27,52.3,0.09622,12,0,0,0,1,1,0,0,1,0,2.5004579130872693
1465,18.43,29,63,131.7,0.096172,29,0,0,0,1,1,0,2,2,0,1.9042209061723503
1466,18.43,10,25,42.4,0.096124,10,0,0,0,1,1,0,0,2,1,2.276119676672972
1467,18.44,17,40,73.0,0.096075,17,0,0,0,1,1,0,3,1,0,2.375635874968009
1468,18.48,48,315,191.4,0.096027,48,0,0,0,1,1,0,10,2,21,0.8963141462409863
1469,18.5,49,123,241.5,0.095979,51,0,0,0,0,0,1,1,0,1,1.7602039019110114
1470,18.53,49,155,236.3,0.095931,51,0,0,0,0,0,1,3,2,1,1.9722407490086096
1471,18.54,33,87,153.2,0.095883,34,0,0,0,1,1,0,3,2,1,1.9653929433853587
1472,18.54,5,19,17.0,0.095836,5,0,0,0,1,1,0,1,1,1,3.2426013730780583
1473,18.57,45,134,205.4,0.095788,45,0,0,0,1,1,0,1,1,2,2.0078809664104003
1474,18.59,49,136,238.2,0.09574,51,0,0,0,0,0,1,3,1,1,2.030606613951358
1475,18.59,9,35,33.3,0.095692,9,0,0,0,1,1,0,3,1,2,2.547990342759483
1476,18.6,3,11,4.8,0.095644,3,0,0,0,1,1,0,4,1,1,4.579468625004506
1477,18.6,14,31,59.9,0.095596,14,0,0,0,1,1,0,2,1,0,1.8382973902191537
1478,18.6,5,22,15.2,0.095548,5,0,0,0,1,1,0,2,1,6,2.668714797453902
1479,18.61,3,17,4.3,0.095501,3,0,0,0,1,1,0,4,1,0,2.8230958710337353
1480,18.61,3,19,4.9,0.095453,3,0,0,0,1,1,0,3,1,2,2.9060661132903514
1481,18.62,15,39,64.5,0.095405,15,0,0,0,1,1,0,1,1,6,2.59904067253277
1482,18.63,32,66,143.3,0.095357,32,0,0,0,1,1,0,5,3,1,1.889643940370294
1483,18.65,36,91,168.7,0.09531,37,0,0,0,1,1,0,2,4,2,2.220541069984859
1484,18.65,14,34,61.5,0.095262,14,0,0,0,1,1,0,0,1,1,2.194784638413045
1485,18.66,12,25,49.5,0.095214,12,0,0,0,1,1,0,3,1,0,2.176476177941326
1486,18.68,49,154,234.9,0.095167,51,0,0,0,0,0,1,4,1,6,1.908644044531233
1487,18.68,7,23,23.4,0.095119,7,0,0,0,1,1,0,4,1,3,2.8570310878529592
1488,18.7,40,115,178.3,0.095072,40,0,0,0,1,1,0,5,3,2,2.174882768044435
1489,18.73,49,166,233.6,0.095024,51,0,0,0,0,0,1,4,0,7,2.007365915007075
1490,18.73,13,25,56.5,0.094977,13,0,0,0,1,1,0,1,1,0,3.143529980307079
1491,18.75,49,146,236.1,0.094929,51,0,0,0,0,0,1,4,3,2,2.5219097885208184
1492,18.78,49,167,235.9,0.094882,51,0,0,0,0,0,1,2,3,3,2.0025397808752956
1493,18.8,44,108,203.1,0.094834,44,0,0,0,1,1,0,1,2,1,1.6603706520615296
1494,18.81,41,113,181.7,0.094787,41,0,0,0,1,1,0,7,2,0,1.868186052938574
1495,18.82,10,24,40.6,0.094739,10,0,0,0,1,1,0,2,1,0,2.6621196708111814
1496,18.83,16,34,71.5,0.094692,16,0,0,0,1,1,0,0,1,1,1.808489119949546
1497,18.84,37,98,168.1,0.094645,37,0,0,0,1,1,0,2,3,1,2.249992108903342
1498,18.86,49,143,239.3,0.094597,51,0,0,0,0,0,1,1,2,3,1.7315120944465738
1499,18.88,35,80,156.6,0.09455,35,0,0,0,1,1,0,5,1,4,2.279929952852032
1500,18.88,8,19,36.9,0.094503,9,0,0,0,1,1,0,1,1,2,3.5253893330710926
1501,18.9,49,148,231.1,0.094456,51,0,0,0,0,0,1,9,1,0,2.3049960478825864
1502,18.91,15,34,66.5,0.094408,15,0,0,0,1,1,0,0,1,1,2.5989628021022106
1503,18.93,49,144,237.3,0.094361,51,0,0,0,0,0,1,3,1,2,2.0129640616066156
1504,18.94,28,61,124.9,0.094314,28,0,0,0,1,1,0,4,1,0,2.1422467156939957
1505,18.95,22,57,95.2,0.094267,22,0,0,0,1,1,0,4,1,1,1.8147281090377454
1506,18.97,29,83,125.7,0.09422,29,0,0,0,1,1,0,6,2,0,1.8932385800975995
1507,18.98,17,123,61.0,0.094173,17,0,0,0,1,1,0,6,2,7,1.3134519493835362
1508,19.02,49,222,231.1,0.094125,51,0,0,0,0,0,1,1,4,6,1.6282456983632536
1509,19.03,27,58,122.0,0.094078,27,0,0,0,1,1,0,2,1,2,1.8391357732622733
1510,19.05,49,146,237.9,0.094031,51,0,0,0,0,0,1,2,3,4,2.1235385056739746
1511,19.05,3,13,5.7,0.093984,3,0,0,0,1,1,0,3,1,0,3.122784483608754
1512,19.06,21,55,98.3,0.093937,22,0,0,0,1,1,0,1,1,2,2.052062869708861
1513,19.08,49,125,241.4,0.09389,51,0,0,0,0,0,1,1,4,0,1.9678926382950317
1514,19.09,29,66,137.2,0.093843,30,0,0,0,1,1,0,1,2,2,2.0346133140446834
1515,19.11,49,144,239.2,0.093797,51,0,0,0,0,0,1,1,1,3,2.0720663954712792
1516,19.14,49,141,238.6,0.09375,51,0,0,0,0,0,1,2,0,2,1.8624558163570566
1517,19.14,16,37,71.3,0.093703,16,0,0,0,1,1,0,0,1,0,1.9008540138602172
1518,19.16,49,149,237.4,0.093656,51,0,0,0,0,0,1,2,0,6,2.23221126420809
1519,19.19,50,140,233.8,0.093609,50,0,0,0,0,0,1,2,1,1,1.9449171531594
1520,19.2,32,76,150.1,0.093562,33,0,0,0,1,1,0,2,1,3,1.737062502406636
1521,19.22,49,157,238.1,0.093516,51,0,0,0,0,0,1,1,0,1,1.7005342658246088
1522,19.24,43,106,199.1,0.093469,43,0,0,0,1,1,0,0,1,3,1.93544028060525
1523,19.26,42,122,187.4,0.093422,42,0,0,0,1,1,0,5,2,4,2.2688295768512576
1524,19.27,17,47,72.3,0.093375,17,0,0,0,1,1,0,3,1,0,2.837086286017418
1525,19.29,49,153,239.4,0.093329,51,0,0,0,0,0,1,0,0,2,1.9961677928567907
1526,19.32,49,191,231.8,0.093282,51,0,0,0,0,0,1,3,1,10,1.6387809605167414
1527,19.34,49,179,215.9,0.093235,49,0,0,0,1,1,0,6,2,2,1.8888807926882845
1528,19.37,49,140,238.8,0.093189,51,0,0,0,0,0,1,2,1,1,1.8901771459218406
1529,19.37,9,14,37.6,0.093142,9,0,0,0,1,1,0,1,1,0,3.761305144523658
1530,19.37,8,22,28.8,0.093096,8,0,0,0,1,1,0,4,1,0,3.354148481370321
1531,19.39,49,122,232.4,0.093049,51,0,0,0,0,0,1,10,1,3,1.7803467123975247
1532,19.41,34,86,152.4,0.093002,34,0,0,0,1,1,0,4,3,0,2.2491157945419546
1533,19.41,0,5,-0.6,0.092956,1,0,0,0,1,1,0,0,1,1,7.276170783114094
1534,19.43,46,141,203.7,0.092909,46,0,0,0,1,1,0,7,4,2,1.957582985608703
1535,19.44,22,54,95.5,0.092863,22,0,0,0,1,1,0,4,2,1,2.1433381972837298
1536,19.44,12,28,47.2,0.092817,12,0,0,0,1,1,0,5,1,0,3.120380219078971
1537,19.45,24,59,105.6,0.09277,24,0,0,0,1,1,0,3,2,5,2.754928849604223
1538,19.46,20,46,86.3,0.092724,20,0,0,0,1,1,0,4,1,1,2.3457343831348076
1539,19.48,49,148,235.9,0.092677,51,0,0,0,0,0,1,4,1,2,1.847784462364815
1540,19.5,49,133,238.3,0.092631,51,0,0,0,0,0,1,3,0,3,2.0910810036350256
1541,19.53,49,141,236.7,0.092585,51,0,0,0,0,0,1,4,2,1,1.986637824422639
1542,19.54,26,70,121.0,0.092538,27,0,0,0,1,1,0,2,1,0,2.3941044503680176
1543,19.56,49,147,236.1,0.092492,51,0,0,0,0,0,1,4,2,1,1.8204221240285408
1544,19.58,49,142,236.2,0.092446,51,0,0,0,0,0,1,4,3,5,1.8815569738770033
1545,19.61,49,149,236.8,0.0924,51,0,0,0,0,0,1,3,1,2,1.9973419837757584
1546,19.61,1,34,-6.5,0.092354,1,0,0,0,1,1,0,3,1,1,1.8986242792206185
1547,19.64,41,154,180.2,0.092307,41,0,0,0,1,1,0,4,2,4,1.6791017483514745
1548,19.64,4,12,11.7,0.092261,4,0,0,0,1,1,0,2,1,1,2.8500014309528994
1549,19.66,49,157,235.1,0.092215,51,0,0,0,0,0,1,4,1,1,2.0004910169115098
1550,19.67,3,17,4.2,0.092169,3,0,0,0,1,1,0,4,1,1,2.716604627305204
1551,19.67,4,16,10.4,0.092123,4,0,0,0,1,1,0,3,1,0,2.631290920682324
1552,19.69,31,126,132.2,0.092077,31,0,0,0,1,1,0,5,2,2,2.0013307825000095
1553,19.69,6,16,21.4,0.092031,6,0,0,0,1,1,0,2,1,0,3.1803979616364546
1554,19.71,49,145,234.0,0.091985,51,0,0,0,0,0,1,6,2,4,2.2152537646263983
1555,19.73,46,132,201.7,0.091939,46,0,0,0,1,1,0,10,2,1,1.9781755169655102
1556,19.75,36,84,160.5,0.091893,36,0,0,0,1,1,0,6,2,1,1.7985244011446109
1557,19.77,49,161,232.7,0.091847,51,0,0,0,0,0,1,6,3,1,1.942444302982862
1558,19.79,49,132,239.7,0.091801,51,0,0,0,0,0,1,2,0,0,1.779516548711203
1559,19.8,20,48,93.1,0.091755,21,0,0,0,1,1,0,2,1,1,2.239126599317654
1560,19.82,31,87,139.1,0.091709,31,0,0,0,1,1,0,2,1,2,2.0113483042732825
1561,19.84,49,145,238.8,0.091663,51,0,0,0,0,0,1,1,2,6,1.8036146771585306
1562,19.84,4,10,10.0,0.091617,4,0,0,0,1,1,0,4,1,0,3.6582828707131307
1563,19.85,23,57,100.2,0.091572,23,0,0,0,1,1,0,4,1,1,2.101777767119556
1564,19.87,45,119,203.0,0.091526,45,0,0,0,1,1,0,5,2,1,1.9654201863931333
1565,19.87,11,24,46.6,0.09148,11,0,0,0,1,1,0,1,1,0,2.2546284609104075
1566,19.88,14,29,66.1,0.091434,15,0,0,0,1,1,0,1,1,0,2.507363268278144
1567,19.9,49,137,239.0,0.091389,51,0,0,0,0,0,1,2,2,2,2.240486376959961
1568,19.92,49,135,238.1,0.091343,51,0,0,0,0,0,1,3,2,3,2.21186737074921
1569,19.93,12,30,49.8,0.091297,12,0,0,0,1,1,0,2,1,2,2.0170224921816926
1570,19.93,2,8,1.1,0.091252,2,0,0,0,1,1,0,3,1,1,5.952785102519883
1571,19.94,44,113,199.7,0.091206,44,0,0,0,1,1,0,4,1,0,1.7174182963605014
1572,19.95,21,53,93.2,0.09116,21,0,0,0,1,1,0,1,1,5,2.098890605449926
1573,19.97,49,124,240.4,0.091115,51,0,0,0,0,0,1,2,0,1,1.9755297545323753
1574,19.98,28,65,125.4,0.091069,28,0,0,0,1,1,0,3,2,1,2.0950475253534684
1575,20.0,35,77,156.2,0.091024,35,0,0,0,1,1,0,6,1,1,1.6870023767685942
1576,20.01,28,56,129.4,0.090978,28,0,0,0,1,1,0,0,2,0,1.960601386017938
1577,20.03,49,151,236.5,0.090933,51,0,0,0,0,0,1,3,0,3,2.0008996510495627
1578,20.05,49,156,236.1,0.090887,51,0,0,0,0,0,1,3,0,2,1.7085918182374509
1579,20.08,49,139,237.8,0.090842,51,0,0,0,0,0,1,3,2,2,1.7410262087136326
1580,20.09,45,111,207.9,0.090796,45,0,0,0,1,1,0,1,2,0,1.5900592211053932
1581,20.11,29,95,128.4,0.090751,29,0,0,0,1,1,0,2,2,1,2.2966037862554844
1582,20.13,49,139,239.8,0.090706,51,0,0,0,0,0,1,1,1,2,1.9933217002638766
1583,20.14,20,58,85.1,0.09066,20,0,0,0,1,1,0,4,1,1,2.320751826827842
1584,20.14,4,14,9.6,0.090615,4,0,0,0,1,1,0,4,1,0,3.1262787269802246
1585,20.16,47,130,213.6,0.09057,47,0,0,0,1,1,0,3,1,4,2.2103329335921287
1586,20.18,49,137,237.8,0.090524,51,0,0,0,0,0,1,3,1,4,2.0619032981458596
1587,20.2,43,125,198.2,0.090479,44,0,0,0,1,1,0,4,1,3,2.044536037253021
1588,20.22,41,107,187.3,0.090434,41,0,0,0,1,1,0,2,3,0,2.030267412724428
1589,20.23,23,61,100.8,0.090389,23,0,0,0,1,1,0,3,1,1,2.371404203638833
1590,20.24,8,28,30.9,0.090343,8,0,0,0,1,1,0,1,2,3,2.477609032086345
1591,20.26,49,135,237.2,0.090298,51,0,0,0,0,0,1,4,1,2,2.188110979976879
1592,20.27,32,83,143.4,0.090253,32,0,0,0,1,1,0,3,3,3,1.7077968700663524
1593,20.28,16,28,72.2,0.090208,16,0,0,0,1,1,0,0,2,0,3.286328249466848
1594,20.3,49,128,239.9,0.090163,51,0,0,0,0,0,1,2,1,2,1.8889745666035949
1595,20.32,45,113,205.5,0.090118,45,0,0,0,1,1,0,3,1,2,1.749275823495429
1596,20.32,8,17,32.2,0.090073,8,0,0,0,1,1,0,1,1,1,2.9333244920291475
1597,20.34,49,151,236.4,0.090028,51,0,0,0,0,0,1,3,4,4,1.8467334883664512
1598,20.37,49,161,233.4,0.089983,51,0,0,0,0,0,1,5,2,4,2.088048613861573
1599,20.38,27,66,126.2,0.089938,28,0,0,0,1,1,0,2,2,2,1.6712111141498418
1600,20.39,19,43,85.7,0.089893,19,0,0,0,1,1,0,0,1,0,2.169752887682583
1601,20.41,49,153,236.6,0.089848,51,0,0,0,0,0,1,3,0,0,1.73371011045236
1602,20.43,49,126,240.0,0.089803,51,0,0,0,0,0,1,2,0,3,1.8378081497091154
1603,20.44,13,35,56.5,0.089758,13,0,0,0,1,1,0,0,1,0,2.002057156100442
1604,20.45,39,99,173.0,0.089713,39,0,0,0,1,1,0,7,2,1,1.6841557730892698
1605,20.47,31,109,132.0,0.089668,31,0,0,0,1,1,0,7,2,1,2.5565303919373084
1606,20.48,30,67,136.3,0.089623,30,0,0,0,1,1,0,2,1,0,1.6615861576069513
1607,20.48,5,16,18.3,0.089579,5,0,0,0,1,1,0,0,1,1,4.034799818595172
1608,20.51,50,146,234.0,0.089534,50,0,0,0,0,0,1,1,1,3,1.7032294553044334
1609,20.52,40,92,181.6,0.089489,40,0,0,0,1,1,0,4,3,2,1.8614777076662417
1610,20.54,30,82,132.6,0.089444,30,0,0,0,1,1,0,4,1,2,2.167883574082854
1611,20.54,3,12,7.8,0.0894,3,0,0,0,1,1,0,1,1,0,2.8413995549180715
1612,20.56,43,148,189.9,0.089355,43,0,0,0,1,1,0,5,1,3,1.6921516729801054
1613,20.58,49,120,241.8,0.08931,51,0,0,0,0,0,1,1,0,1,1.8961649867371115
1614,20.59,33,77,149.3,0.089266,33,0,0,0,1,1,0,3,1,0,2.030287572927038
1615,20.6,11,34,44.5,0.089221,11,0,0,0,1,1,0,2,1,1,2.5709082553858686
1616,20.61,19,42,83.8,0.089176,19,0,0,0,1,1,0,2,2,0,1.9169264340360286
1617,20.63,44,131,198.8,0.089132,44,0,0,0,1,1,0,3,1,1,2.0717337625219767
1618,20.64,21,50,89.9,0.089087,21,0,0,0,1,1,0,5,1,1,2.0799203826797155
1619,20.66,50,152,229.3,0.089043,50,0,0,0,0,0,1,5,4,4,1.9735672679701044
1620,20.68,49,135,241.1,0.088998,51,0,0,0,0,0,1,0,1,3,2.035100232828741
1621,20.7,38,84,176.5,0.088954,38,0,0,0,1,1,0,0,1,1,1.9824574524342926
1622,20.71,23,55,106.5,0.088909,24,0,0,0,1,1,0,3,3,0,2.4104515251306764
1623,20.73,49,149,236.9,0.088865,51,0,0,0,0,0,1,3,0,1,2.1069623647224125
1624,20.74,23,59,103.0,0.08882,23,0,0,0,1,1,0,1,3,1,2.2591285051289622
1625,20.75,23,62,101.7,0.088776,23,0,0,0,1,1,0,2,1,1,1.568305151087614
1626,20.77,47,151,207.5,0.088731,47,0,0,0,1,1,0,7,5,4,2.1378604580735447
1627,20.78,24,57,104.1,0.088687,24,0,0,0,1,1,0,5,1,2,2.4789598014588776
1628,20.79,6,19,21.0,0.088643,6,0,0,0,1,1,0,2,1,1,3.0524753637180204
1629,20.81,44,128,206.1,0.088598,45,0,0,0,1,1,0,1,2,1,1.965468148366323
1630,20.82,27,56,123.4,0.088554,27,0,0,0,1,1,0,1,2,0,2.255432965649099
1631,20.82,3,11,8.9,0.08851,3,0,0,0,1,1,0,0,1,0,4.790085678722454
1632,20.83,20,54,91.9,0.088466,21,0,0,0,1,1,0,2,1,7,2.2095703650115572
1633,20.84,11,31,43.5,0.088421,11,0,0,0,1,1,0,3,1,4,2.4119361575768914
1634,20.84,2,20,-4.0,0.088377,2,0,0,0,1,1,0,7,1,0,3.7362788983854616
1635,20.85,17,49,67.1,0.088333,17,0,0,0,1,1,0,8,2,0,2.0514420260323023
1636,20.87,47,134,207.6,0.088289,47,0,0,0,1,1,0,9,2,0,1.982092254447175
1637,20.88,21,49,91.1,0.088245,21,0,0,0,1,1,0,4,2,0,2.0647914500732756
1638,20.9,39,126,171.3,0.088201,39,0,0,0,1,1,0,6,2,1,1.855345742499771
1639,20.92,37,102,164.6,0.088156,37,0,0,0,1,1,0,5,3,2,2.108397200163257
1640,20.94,49,147,234.0,0.088112,51,0,0,0,0,0,1,6,3,2,1.9011965865031908
1641,20.95,20,77,83.2,0.088068,20,0,0,0,1,1,0,4,2,1,1.797607553643065
1642,20.97,35,106,155.2,0.088024,35,0,0,0,1,1,0,4,2,2,1.8654315048449834
1643,20.99,41,102,185.6,0.08798,41,0,0,0,1,1,0,4,1,2,1.790290645417399
1644,20.99,8,16,32.4,0.087936,8,0,0,0,1,1,0,1,1,0,3.120496664641035
1645,21.01,49,141,238.3,0.087892,51,0,0,0,0,0,1,2,0,5,2.0143988171085274
1646,21.03,49,128,239.0,0.087848,51,0,0,0,0,0,1,3,1,1,2.2235799495693613
1647,21.05,49,132,240.5,0.087804,51,0,0,0,0,0,1,1,0,2,1.8694056628827946
1648,21.05,2,13,0.6,0.08776,2,0,0,0,1,1,0,3,1,1,4.22322776042352
1649,21.07,31,76,141.4,0.087717,31,0,0,0,1,1,0,1,1,0,1.9186413336729948
1650,21.09,49,168,236.0,0.087673,51,0,0,0,0,0,1,1,1,11,2.0596598512791537
1651,21.11,49,140,238.7,0.087629,51,0,0,0,0,0,1,2,3,2,2.1176424049344704
1652,21.14,49,139,238.3,0.087585,51,0,0,0,0,0,1,2,1,7,2.0991309816613843
1653,21.14,8,23,30.5,0.087541,8,0,0,0,1,1,0,2,1,2,1.9674439385609863
1654,21.16,34,118,149.6,0.087498,34,0,0,0,1,1,0,3,1,6,1.6596636143245096
1655,21.18,49,138,238.0,0.087454,51,0,0,0,0,0,1,3,1,1,2.0403127888260686
1656,21.18,5,11,22.9,0.08741,6,0,0,0,1,1,0,1,1,0,4.410282336526792
1657,21.18,6,15,27.4,0.087366,7,0,0,0,1,1,0,1,1,1,3.5206055874942757
1658,21.21,49,158,219.1,0.087323,49,0,0,0,1,1,0,5,3,1,1.7535196035793217
1659,21.23,49,129,238.5,0.087279,51,0,0,0,0,0,1,3,0,5,1.984400334815249
1660,21.24,38,101,171.6,0.087235,38,0,0,0,1,1,0,3,3,3,2.132383365062589
1661,21.27,49,142,238.6,0.087192,51,0,0,0,0,0,1,2,1,1,1.8243060594534621
1662,21.28,33,87,150.9,0.087148,33,0,0,0,1,1,0,0,1,4,1.7273819909064578
1663,21.3,49,145,238.3,0.087105,51,0,0,0,0,0,1,2,1,1,1.5857768335178293
1664,21.32,37,95,165.2,0.087061,37,0,0,0,1,1,0,5,2,3,1.7726996461377564
1665,21.34,49,148,217.9,0.087018,49,0,0,0,1,1,0,7,1,3,1.7691939013015607
1666,21.34,2,10,0.0,0.086974,2,0,0,0,1,1,0,4,1,0,3.796198932979827
1667,21.37,50,169,220.7,0.086931,50,0,0,0,1,1,0,7,1,4,2.002099075758707
1668,21.39,49,168,228.0,0.086887,51,0,0,0,0,0,1,10,0,1,1.6691341633487118
1669,21.41,42,135,187.2,0.086844,42,0,0,0,1,1,0,4,1,3,1.7292893942477774
1670,21.42,19,40,85.0,0.0868,19,0,0,0,1,1,0,1,1,0,2.119599327251154
1671,21.44,49,149,237.8,0.086757,51,0,0,0,0,0,1,2,2,2,1.741000800830763
1672,21.45,13,39,51.0,0.086713,13,0,0,0,1,1,0,5,1,1,2.5949933044514837
1673,21.46,29,76,133.3,0.08667,30,0,0,0,1,1,0,4,2,1,1.8089330496356792
1674,21.48,44,122,194.7,0.086627,44,0,0,0,1,1,0,8,2,1,2.103281813532532
1675,21.5,34,95,151.3,0.086583,34,0,0,0,1,1,0,4,2,2,1.998146036070079
1676,21.52,49,137,239.9,0.08654,51,0,0,0,0,0,1,1,2,3,1.9182030076682222
1677,21.53,31,73,140.7,0.086497,31,0,0,0,1,1,0,2,1,0,1.5926996021297943
1678,21.55,48,129,220.0,0.086454,48,0,0,0,1,1,0,2,1,1,1.4905906923643542
1679,21.57,49,155,237.4,0.08641,51,0,0,0,0,0,1,2,3,0,1.9344265757026289
1680,21.58,4,14,11.4,0.086367,4,0,0,0,1,1,0,2,1,2,3.4388800556860235
1681,21.59,33,86,149.3,0.086324,33,0,0,0,1,1,0,2,2,1,1.8112661274908342
1682,21.61,43,116,192.4,0.086281,43,0,0,0,1,1,0,6,2,0,2.2174197666654285
1683,21.63,49,139,239.9,0.086238,51,0,0,0,0,0,1,1,2,1,1.6188466767851077
1684,21.66,49,146,236.3,0.086195,51,0,0,0,0,0,1,4,3,0,1.9399374857629965
1685,21.66,25,54,114.3,0.086151,25,0,0,0,1,1,0,0,1,3,2.376031543692832
1686,21.68,43,114,196.4,0.086108,43,0,0,0,1,1,0,2,2,2,2.008417112129195
1687,21.7,49,138,239.7,0.086065,51,0,0,0,0,0,1,1,2,4,2.166673673564415
1688,21.71,5,12,14.7,0.086022,5,0,0,0,1,1,0,4,1,1,3.2724069460740437
1689,21.73,49,152,237.4,0.085979,51,0,0,0,0,0,1,2,2,3,2.006825596392328
1690,21.75,50,154,231.3,0.085936,50,0,0,0,0,0,1,3,2,2,1.7912332601102405
1691,21.77,39,93,177.5,0.085893,39,0,0,0,1,1,0,3,1,2,1.4702122253673493
1692,21.79,49,146,236.1,0.08585,51,0,0,0,0,0,1,4,3,2,1.9480122632912664
1693,21.81,49,148,233.8,0.085807,51,0,0,0,0,0,1,6,2,3,1.8357876676066183
1694,21.83,26,79,113.9,0.085765,26,0,0,0,1,1,0,3,2,2,1.8916824005811528
1695,21.85,49,150,234.6,0.085722,51,0,0,0,0,0,1,5,3,3,1.7481680723008306
1696,21.88,49,162,234.6,0.085679,51,0,0,0,0,0,1,4,2,1,1.8525988269783817
1697,21.9,49,152,236.1,0.085636,51,0,0,0,0,0,1,3,1,6,1.6920300085918127
1698,21.9,11,26,47.4,0.085593,11,0,0,0,1,1,0,0,1,0,1.9260237944975087
1699,21.91,3,8,9.1,0.08555,3,0,0,0,1,1,0,0,1,1,3.251345565342736
1700,21.93,49,155,237.2,0.085508,51,0,0,0,0,0,1,2,1,2,1.7416049956004287
1701,21.95,49,150,235.5,0.085465,51,0,0,0,0,0,1,4,0,4,1.5849555444560466
1702,21.98,49,146,234.2,0.085422,51,0,0,0,0,0,1,6,4,1,1.9446094198606867
1703,21.98,17,43,79.5,0.085379,18,0,0,0,1,1,0,1,1,2,1.696064346502914
1704,22.01,49,132,239.7,0.085337,51,0,0,0,0,0,1,2,1,0,1.8967030074318247
1705,22.01,3,13,7.4,0.085294,3,0,0,0,1,1,0,1,1,3,3.2091850972494465
1706,22.02,16,66,65.0,0.085251,16,0,0,0,1,1,0,3,2,4,1.7215026879672906
1707,22.04,49,141,239.7,0.085209,51,0,0,0,0,0,1,1,2,1,2.0687372694413284
1708,22.07,49,157,237.1,0.085166,51,0,0,0,0,0,1,2,1,1,1.7915023235787284
1709,22.08,49,125,242.2,0.085124,51,0,0,0,0,0,1,0,2,2,1.8234074307339614
1710,22.09,21,38,96.1,0.085081,21,0,0,0,1,1,0,0,1,1,1.8166624859528058
1711,22.12,49,164,236.2,0.085038,51,0,0,0,0,0,1,2,0,3,1.7880665753786713
1712,22.14,49,164,236.3,0.084996,51,0,0,0,0,0,1,2,2,2,2.011891257503927
1713,22.16,49,150,235.7,0.084953,51,0,0,0,0,0,1,4,1,2,1.8182116863610938
1714,22.19,49,148,221.1,0.084911,49,0,0,0,1,1,0,4,3,1,1.791040341153677
1715,22.21,49,148,238.8,0.084869,51,0,0,0,0,0,1,1,4,3,1.6860529776694126
1716,22.21,4,8,18.2,0.084826,5,0,0,0,1,1,0,1,1,0,5.030423194312358
1717,22.22,17,39,75.0,0.084784,17,0,0,0,1,1,0,1,1,1,2.139270054244612
1718,22.22,12,25,49.5,0.084741,12,0,0,0,1,1,0,3,1,0,2.4696738501980953
1719,22.24,49,146,235.8,0.084699,51,0,0,0,0,0,1,4,0,5,2.049754839797583
1720,22.27,49,149,235.3,0.084657,51,0,0,0,0,0,1,4,1,7,2.0424388403472666
1721,22.29,49,152,235.5,0.084614,51,0,0,0,0,0,1,4,1,2,1.984500034487865
1722,22.3,8,60,26.8,0.084572,8,0,0,0,1,1,0,2,1,2,1.9196983164580383
1723,22.32,42,111,194.8,0.08453,43,0,0,0,1,1,0,4,3,1,1.756356724787299
1724,22.35,50,163,224.6,0.084487,50,0,0,0,1,1,0,4,4,1,1.7146425011480426
1725,22.37,50,162,222.5,0.084445,50,0,0,0,0,0,1,11,3,2,1.39134482743153
1726,22.39,49,145,239.3,0.084403,51,0,0,0,0,0,1,1,1,1,2.037090135622664
1727,22.41,49,146,235.9,0.084361,51,0,0,0,0,0,1,4,2,4,2.203121267992395
1728,22.44,49,173,218.5,0.084319,49,0,0,0,1,1,0,4,3,2,1.552513573954399
1729,22.46,43,143,189.6,0.084276,43,0,0,0,1,1,0,6,1,1,1.4987039524375563
1730,22.49,49,183,229.3,0.084234,51,0,0,0,0,0,1,7,2,3,1.8768021395726953
1731,22.51,45,107,213.1,0.084192,46,0,0,0,1,1,0,1,2,2,1.8522779023287406
1732,22.53,49,139,237.9,0.08415,51,0,0,0,0,0,1,3,2,1,1.8176518869087375
1733,22.54,33,79,146.0,0.084108,33,0,0,0,1,1,0,6,3,1,2.285814799285094
1734,22.55,14,30,66.0,0.084066,15,0,0,0,1,1,0,1,1,0,2.116738591893615
1735,22.56,27,76,116.2,0.084024,27,0,0,0,1,1,0,6,1,2,1.9073227344164827
1736,22.57,39,90,177.8,0.083982,39,0,0,0,1,1,0,3,2,2,1.7069705805765136
1737,22.59,47,125,211.3,0.08394,47,0,0,0,1,1,0,6,4,2,1.7220502490674652
1738,22.6,11,35,43.4,0.083898,11,0,0,0,1,1,0,3,2,1,2.4484269947806063
1739,22.62,40,112,178.7,0.083856,40,0,0,0,1,1,0,5,2,1,1.979785624959641
1740,22.64,35,136,148.2,0.083814,35,0,0,0,1,1,0,8,2,2,1.3020340673868764
1741,22.64,8,18,29.2,0.083772,8,0,0,0,1,1,0,4,1,0,2.978766734757633
1742,22.65,15,30,63.7,0.08373,15,0,0,0,1,1,0,3,1,3,3.0598201564355145
1743,22.67,49,148,237.0,0.083688,51,0,0,0,0,0,1,3,4,1,1.9422527701438261
1744,22.69,49,138,236.1,0.083646,51,0,0,0,0,0,1,5,2,0,1.7110886951965838
1745,22.71,49,132,240.6,0.083605,51,0,0,0,0,0,1,1,0,1,1.6190747923730568
1746,22.74,49,136,238.0,0.083563,51,0,0,0,0,0,1,3,1,3,1.675752577416046
1747,22.75,49,126,239.1,0.083521,51,0,0,0,0,0,1,3,0,2,1.6851660287819268
1748,22.77,39,101,174.8,0.083479,39,0,0,0,1,1,0,5,1,1,1.592695012708436
1749,22.8,44,190,189.9,0.083438,44,0,0,0,1,1,0,6,3,1,1.5182086407256359
1750,22.81,14,39,61.1,0.083396,14,0,0,0,1,1,0,0,1,0,1.5932941314068143
1751,22.81,6,14,21.5,0.083354,6,0,0,0,1,1,0,2,1,1,2.4014856850299515
1752,22.83,46,132,206.4,0.083312,46,0,0,0,1,1,0,5,3,4,1.8764979169733353
1753,22.83,11,23,47.7,0.083271,11,0,0,0,1,1,0,0,1,0,2.4817624187114182
1754,22.84,10,21,39.9,0.083229,10,0,0,0,1,1,0,3,1,0,2.794067223357094
1755,22.85,43,113,197.0,0.083188,43,0,0,0,1,1,0,1,2,7,1.6162250079264542
1756,22.88,49,151,220.9,0.083146,49,0,0,0,1,1,0,4,2,0,1.87589513705998
1757,22.88,2,6,3.4,0.083104,2,0,0,0,1,1,0,1,1,0,3.8906944403034305
1758,22.89,25,58,114.0,0.083063,25,0,0,0,1,1,0,0,2,2,1.921555490205005
1759,22.91,47,123,212.7,0.083021,47,0,0,0,1,1,0,5,3,0,2.0730693328133802
1760,22.93,49,160,234.6,0.08298,51,0,0,0,0,0,1,4,1,3,1.9006695902452353
1761,22.93,4,10,11.0,0.082938,4,0,0,0,1,1,0,3,1,0,4.0738846743709125
1762,22.96,49,160,233.8,0.082897,51,0,0,0,0,0,1,5,3,1,1.6864601699339328
1763,22.98,49,128,238.1,0.082855,51,0,0,0,0,0,1,4,1,0,2.0062551856924116
1764,23.0,49,136,239.1,0.082814,51,0,0,0,0,0,1,2,2,2,1.917820276936324
1765,23.02,15,99,55.0,0.082773,15,0,0,0,1,1,0,5,1,1,1.1283443643405895
1766,23.02,15,39,62.0,0.082731,15,0,0,0,1,1,0,4,1,1,2.0677674268160264
1767,23.04,49,133,240.2,0.08269,51,0,0,0,0,0,1,1,3,4,1.929865263229082
1768,23.05,14,43,59.7,0.082648,15,0,0,0,1,1,0,6,1,0,2.2344581407051245
1769,23.06,14,36,60.3,0.082607,14,0,0,0,1,1,0,1,1,1,2.137837117043489
1770,23.06,6,18,22.2,0.082566,6,0,0,0,1,1,0,1,1,0,2.4341614632568347
1771,23.06,1,5,-3.5,0.082525,1,0,0,0,1,1,0,3,1,0,8.418725786099476
1772,23.07,11,25,43.5,0.082483,11,0,0,0,1,1,0,4,1,0,2.8339441920154878
1773,23.09,34,112,146.1,0.082442,34,0,0,0,1,1,0,7,4,7,1.9283713035928574
1774,23.11,42,153,186.2,0.082401,42,0,0,0,1,1,0,3,3,5,1.765236664497208
1775,23.13,49,137,221.2,0.08236,49,0,0,0,1,1,0,5,2,1,1.615019833096598
1776,23.15,49,134,239.3,0.082318,51,0,0,0,0,0,1,2,1,2,2.14544775737662
1777,23.15,4,19,10.1,0.082277,4,0,0,0,1,1,0,3,1,0,2.8510611714560388
1778,23.17,36,98,160.0,0.082236,36,0,0,0,1,1,0,5,2,2,1.9636213702563028
1779,23.18,19,46,82.1,0.082195,19,0,0,0,1,1,0,3,3,3,2.1522784801067103
1780,23.19,24,48,106.9,0.082154,24,0,0,0,1,1,0,3,3,3,2.514201437554495
1781,23.19,7,28,24.1,0.082113,7,0,0,0,1,1,0,3,1,1,2.3090613492481302
1782,23.19,7,15,28.5,0.082072,7,0,0,0,1,1,0,0,1,0,3.496373949581017
1783,23.2,4,9,11.1,0.082031,4,0,0,0,1,1,0,3,1,0,4.50562632881476
1784,23.21,32,89,139.1,0.08199,32,0,0,0,1,1,0,7,1,0,1.6825254580839084
1785,23.21,5,14,17.3,0.081949,5,0,0,0,1,1,0,1,1,3,3.23816904713929
1786,23.22,12,30,46.9,0.081908,12,0,0,0,1,1,0,5,1,1,2.1158883021879427
1787,23.24,49,154,237.1,0.081867,51,0,0,0,0,0,1,2,3,4,1.8259142546266203
1788,23.26,49,135,237.4,0.081826,51,0,0,0,0,0,1,4,1,0,1.8028940142136287
1789,23.27,19,47,84.2,0.081785,19,0,0,0,1,1,0,1,1,1,1.6700830699977762
1790,23.29,36,90,162.0,0.081744,36,0,0,0,1,1,0,4,1,0,2.5787555851313297
1791,23.29,19,42,82.6,0.081703,19,0,0,0,1,1,0,3,2,2,2.182593805776518
1792,23.31,35,115,154.3,0.081662,35,0,0,0,1,1,0,4,1,2,1.7726064271470943
1793,23.33,32,86,141.3,0.081622,32,0,0,0,1,1,0,5,3,1,2.0996867000701678
1794,23.35,49,130,240.9,0.081581,51,0,0,0,0,0,1,1,2,0,2.2643460760880343
1795,23.35,10,40,37.7,0.08154,10,0,0,0,1,1,0,3,1,3,2.4101239133833556
1796,23.36,3,16,3.3,0.081499,3,0,0,0,1,1,0,5,1,1,3.2276531153980876
1797,23.37,41,117,185.9,0.081458,41,0,0,0,1,1,0,2,3,4,1.9989990028224296
1798,23.38,17,37,75.2,0.081418,17,0,0,0,1,1,0,1,1,1,2.833192220636346
1799,23.4,49,150,236.5,0.081377,51,0,0,0,0,0,1,3,0,4,2.0863019476151057
1800,23.43,49,143,237.2,0.081336,51,0,0,0,0,0,1,3,0,4,2.0131878555874096
1801,23.44,20,51,86.7,0.081296,20,0,0,0,1,1,0,3,1,2,2.1981796744741615
1802,23.46,49,149,237.8,0.081255,51,0,0,0,0,0,1,2,3,2,1.708375255991513
1803,23.47,20,56,86.1,0.081214,20,0,0,0,1,1,0,3,3,3,1.7732634301922447
1804,23.48,36,93,161.5,0.081174,36,0,0,0,1,1,0,4,1,2,1.890539613687972
1805,23.51,50,149,222.9,0.081133,50,0,0,0,1,1,0,7,3,2,1.900236826611645
1806,23.53,49,145,235.2,0.081093,51,0,0,0,0,0,1,5,1,2,1.8501829718193357
1807,23.55,49,152,237.1,0.081052,51,0,0,0,0,0,1,2,0,6,1.9915916571329502
1808,23.57,46,136,208.1,0.081012,46,0,0,0,1,1,0,3,2,3,1.870466006240515
1809,23.58,12,33,51.7,0.080971,12,0,0,0,1,1,0,0,1,0,1.7919637566403932
1810,23.6,49,139,237.0,0.080931,51,0,0,0,0,0,1,4,0,0,1.8489156519299907
1811,23.62,50,154,226.3,0.08089,50,0,0,0,1,1,0,3,3,3,1.6134101438262514
1812,23.64,49,127,225.0,0.08085,49,0,0,0,1,1,0,2,1,3,1.584183453581048
1813,23.67,49,140,239.8,0.080809,51,0,0,0,0,0,1,1,1,1,2.0366861221125627
1814,23.68,25,62,113.7,0.080769,25,0,0,0,1,1,0,0,2,1,2.246960599485017
1815,23.7,49,138,238.1,0.080728,51,0,0,0,0,0,1,3,1,0,1.6786625799163026
1816,23.72,42,121,191.9,0.080688,42,0,0,0,1,1,0,1,2,0,1.8659147030136667
1817,23.74,49,135,241.3,0.080648,51,0,0,0,0,0,1,0,1,1,1.7347528174458735
1818,23.76,50,134,233.2,0.080607,50,0,0,0,0,0,1,3,4,3,1.778488337944152
1819,23.78,46,112,212.5,0.080567,46,0,0,0,1,1,0,1,2,3,1.8619886928884857
1820,23.8,49,151,218.6,0.080527,49,0,0,0,1,1,0,6,2,3,1.785117724611081
1821,23.82,49,124,237.4,0.080487,51,0,0,0,0,0,1,5,1,1,1.914502129915409
1822,23.82,14,29,62.1,0.080446,14,0,0,0,1,1,0,0,1,0,1.8235204206621272
1823,23.83,25,53,111.7,0.080406,25,0,0,0,1,1,0,3,1,0,1.9805171846305234
1824,23.86,49,150,236.6,0.080366,51,0,0,0,0,0,1,3,4,3,1.6873209199070702
1825,23.88,49,186,217.3,0.080326,49,0,0,0,1,1,0,4,3,1,1.6970950059303553
1826,23.91,48,147,218.2,0.080286,48,0,0,0,1,1,0,2,3,1,1.7652279649278657
1827,23.93,49,150,237.7,0.080245,51,0,0,0,0,0,1,2,3,2,1.7125975972426664
1828,23.95,49,115,240.3,0.080205,51,0,0,0,0,0,1,3,0,1,1.7236914554399878
1829,23.97,47,129,213.9,0.080165,47,0,0,0,1,1,0,3,1,2,1.9424233304563754
1830,23.99,49,146,237.2,0.080125,51,0,0,0,0,0,1,3,2,1,1.754444399089146
1831,24.02,25,175,92.5,0.080085,25,0,0,0,1,1,0,10,1,0,1.1728204221448153
1832,24.04,49,143,237.3,0.080045,51,0,0,0,0,0,1,3,0,3,1.858836216793574
1833,24.05,28,69,126.8,0.080005,28,0,0,0,1,1,0,1,1,3,1.8103337369515689
1834,24.06,22,55,99.2,0.079965,22,0,0,0,1,1,0,0,2,3,1.7826921862707914
1835,24.08,49,130,241.8,0.079925,51,0,0,0,0,0,1,0,0,1,1.977789417486268
1836,24.09,24,47,105.3,0.079885,24,0,0,0,1,1,0,5,1,0,2.3393425338618465
1837,24.09,12,23,56.7,0.079845,13,0,0,0,1,1,0,1,1,0,2.6039366332301346
1838,24.12,49,144,237.1,0.079805,51,0,0,0,0,0,1,3,1,4,1.559857248024449
1839,24.12,12,23,52.7,0.079765,12,0,0,0,1,1,0,0,1,0,2.668431580307992
1840,24.14,31,88,138.8,0.079725,31,0,0,0,1,1,0,2,3,4,1.7100008100723052
1841,24.15,33,75,150.4,0.079685,33,0,0,0,1,1,0,2,1,1,1.9880816410001152
1842,24.16,15,37,61.2,0.079646,15,0,0,0,1,1,0,5,1,1,2.3229812852977623
1843,24.18,49,146,236.8,0.079606,51,0,0,0,0,0,1,3,2,5,1.8167368703519433
1844,24.19,31,67,142.2,0.079566,31,0,0,0,1,1,0,1,1,1,1.7572806400319512
1845,24.21,41,106,183.3,0.079526,41,0,0,0,1,1,0,6,2,1,2.038874630522844
1846,24.23,49,165,237.0,0.079486,51,0,0,0,0,0,1,1,2,4,2.19347527348748
1847,24.25,37,92,166.5,0.079447,37,0,0,0,1,1,0,4,2,3,1.6990199255843563
1848,24.27,46,140,208.8,0.079407,46,0,0,0,1,1,0,2,2,2,1.8269067632729907
1849,24.28,35,77,160.1,0.079367,35,0,0,0,1,1,0,2,1,2,1.9079880533601177
1850,24.28,4,13,10.7,0.079328,4,0,0,0,1,1,0,3,1,0,3.234514758503381
1851,24.29,6,15,23.5,0.079288,6,0,0,0,1,1,0,0,1,0,3.814535009625589
1852,24.3,19,51,83.5,0.079248,19,0,0,0,1,1,0,1,1,4,2.0324389307402857
1853,24.31,35,84,158.5,0.079209,35,0,0,0,1,1,0,3,1,1,2.53882976921329
1854,24.33,33,90,149.8,0.079169,33,0,0,0,1,1,0,1,1,2,2.025913877533561
1855,24.33,2,8,2.2,0.079129,2,0,0,0,1,1,0,2,1,0,4.812303765602765
1856,24.33,22,38,100.1,0.07909,22,0,0,0,1,1,0,1,1,1,2.198498145383169
1857,24.35,49,129,242.0,0.07905,51,0,0,0,0,0,1,0,2,0,2.1178176995211393
1858,24.36,18,44,83.5,0.079011,19,0,0,0,1,1,0,2,1,1,2.142264352119982
1859,24.39,49,157,234.0,0.078971,51,0,0,0,0,0,1,5,0,2,1.9224484443946155
1860,24.39,17,51,72.4,0.078932,17,0,0,0,1,1,0,2,1,5,2.388577847495779
1861,24.4,13,31,52.7,0.078892,13,0,0,0,1,1,0,4,2,2,2.072294035151491
1862,24.42,47,135,213.3,0.078853,47,0,0,0,1,1,0,3,4,2,1.7166004444488863
1863,24.43,8,19,31.1,0.078814,8,0,0,0,1,1,0,2,1,0,2.567221302635206
1864,24.45,49,164,236.4,0.078774,51,0,0,0,0,0,1,2,2,1,1.9228983131628101
1865,24.47,49,138,238.9,0.078735,51,0,0,0,0,0,1,2,1,2,1.936125647541312
1866,24.49,49,139,237.9,0.078695,51,0,0,0,0,0,1,3,1,1,1.775164044028089
1867,24.52,50,161,233.4,0.078656,50,0,0,0,0,0,1,0,1,4,1.6532081325382426
1868,24.54,49,140,238.9,0.078617,51,0,0,0,0,0,1,2,1,0,1.8549851631959757
1869,24.55,15,37,65.8,0.078577,15,0,0,0,1,1,0,0,2,5,1.9488007045740856
1870,24.57,49,148,238.7,0.078538,51,0,0,0,0,0,1,1,4,4,1.8056967495970409
1871,24.57,7,15,25.5,0.078499,7,0,0,0,1,1,0,3,1,0,2.817035265024485
1872,24.6,49,143,235.5,0.07846,51,0,0,0,0,0,1,4,1,11,1.7970475312077576
1873,24.62,49,144,239.3,0.07842,51,0,0,0,0,0,1,1,2,2,2.05856673649107
1874,24.63,22,44,99.5,0.078381,22,0,0,0,1,1,0,1,2,1,2.4388197490058157
1875,24.65,46,130,209.9,0.078342,46,0,0,0,1,1,0,2,3,1,1.660603589650011
1876,24.67,49,144,236.4,0.078303,51,0,0,0,0,0,1,4,2,1,1.7407506768915355
1877,24.69,49,153,219.4,0.078264,49,0,0,0,1,1,0,5,2,3,1.7008993547380886
1878,24.7,16,33,70.7,0.078224,16,0,0,0,1,1,0,1,1,0,2.325594774515437
1879,24.71,21,63,88.5,0.078185,21,0,0,0,1,1,0,5,1,2,1.9980396283998647
1880,24.73,47,141,212.7,0.078146,47,0,0,0,1,1,0,3,2,2,1.8773908170704066
1881,24.75,49,125,239.3,0.078107,51,0,0,0,0,0,1,3,0,1,1.6879058212630176
1882,24.77,50,127,236.7,0.078068,50,0,0,0,0,0,1,0,4,5,2.013828704102866
1883,24.78,20,44,89.6,0.078029,20,0,0,0,1,1,0,1,1,0,1.7728076188142248
1884,24.79,11,45,42.2,0.07799,11,0,0,0,1,1,0,3,1,3,1.8505293054867338
1885,24.81,48,118,217.1,0.077951,48,0,0,0,1,1,0,6,2,1,2.2289173233593873
1886,24.83,41,109,184.9,0.077912,41,0,0,0,1,1,0,4,2,2,1.9072779033827139
1887,24.85,43,108,199.2,0.077873,43,0,0,0,1,1,0,0,2,0,1.8875859122234127
1888,24.87,50,132,234.3,0.077834,50,0,0,0,0,0,1,2,4,4,1.675097335615166
1889,24.87,13,41,54.9,0.077795,13,0,0,0,1,1,0,1,2,0,1.7636199646804425
1890,24.89,49,129,239.8,0.077756,51,0,0,0,0,0,1,2,2,2,1.9517038778684792
1891,24.92,49,134,240.3,0.077718,51,0,0,0,0,0,1,1,1,2,1.9012112315683924
1892,24.93,26,54,119.5,0.077679,26,0,0,0,1,1,0,0,1,1,2.550981904280943
1893,24.94,49,127,240.2,0.07764,51,0,0,0,0,0,1,2,0,0,1.742431803383127
1894,24.96,39,96,177.2,0.077601,39,0,0,0,1,1,0,3,4,2,2.1659860082047193
1895,24.98,45,134,205.3,0.077562,45,0,0,0,1,1,0,1,1,3,1.771191638526016
1896,25.0,49,135,241.3,0.077523,51,0,0,0,0,0,1,0,0,1,1.811202288899006
1897,25.02,49,145,233.2,0.077485,51,0,0,0,0,0,1,7,1,2,1.9151435261270133
1898,25.04,28,74,125.5,0.077446,28,0,0,0,1,1,0,2,1,1,1.508735803981149
1899,25.06,49,145,235.2,0.077407,51,0,0,0,0,0,1,5,1,2,1.7252885800283204
1900,25.08,47,138,216.2,0.077369,47,0,0,0,1,1,0,0,2,0,1.9067805344326687
1901,25.1,44,115,201.3,0.07733,44,0,0,0,1,1,0,2,1,2,2.0973877166432353
1902,25.12,46,128,211.1,0.077291,46,0,0,0,1,1,0,1,2,1,1.979237805224015
1903,25.14,49,137,241.0,0.077253,51,0,0,0,0,0,1,0,2,2,1.6310934892856763
1904,25.15,38,91,172.5,0.077214,38,0,0,0,1,1,0,3,2,4,1.842095820998487
1905,25.16,13,32,59.8,0.077175,14,0,0,0,1,1,0,2,1,0,2.4485403628792946
1906,25.18,49,135,239.1,0.077137,51,0,0,0,0,0,1,2,2,3,1.79195846351391
1907,25.2,50,147,230.7,0.077098,50,0,0,0,0,0,1,4,2,5,1.8482907161890973
1908,25.22,32,84,144.6,0.07706,32,0,0,0,1,1,0,2,4,0,1.9800108425554699
1909,25.24,49,148,238.1,0.077021,51,0,0,0,0,0,1,2,2,0,1.701774073072143
1910,25.24,1,7,-3.0,0.076983,1,0,0,0,1,1,0,2,1,3,5.087788883841434
1911,25.26,49,145,236.0,0.076944,51,0,0,0,0,0,1,4,0,4,1.9227256056870612
1912,25.28,42,130,188.9,0.076906,42,0,0,0,1,1,0,3,2,1,2.186527314741996
1913,25.31,49,145,237.3,0.076867,51,0,0,0,0,0,1,3,1,1,1.9203707965294035
1914,25.33,49,149,238.0,0.076829,51,0,0,0,0,0,1,2,2,0,1.9878496174396496
1915,25.34,12,31,50.9,0.07679,12,0,0,0,1,1,0,1,1,0,2.1982964106785157
1916,25.35,42,101,190.8,0.076752,42,0,0,0,1,1,0,4,2,1,1.8494345283232976
1917,25.37,49,134,239.3,0.076714,51,0,0,0,0,0,1,2,1,2,1.8919345935064618
1918,25.39,49,143,236.2,0.076675,51,0,0,0,0,0,1,4,2,4,2.1578402707070694
1919,25.42,50,138,229.1,0.076637,50,0,0,0,1,1,0,2,1,1,1.6655654717561428
1920,25.42,18,44,79.4,0.076598,18,0,0,0,1,1,0,1,1,2,1.6229832417028773
1921,25.45,49,133,237.4,0.07656,51,0,0,0,0,0,1,4,2,2,2.0323147551135565
1922,25.47,49,140,237.6,0.076522,51,0,0,0,0,0,1,3,2,3,2.2479156720805604
1923,25.48,42,104,192.3,0.076484,42,0,0,0,1,1,0,2,2,3,1.7258270514181577
1924,25.49,2,8,3.2,0.076445,2,0,0,0,1,1,0,1,1,0,3.537579969729247
1925,25.51,49,151,238.8,0.076407,51,0,0,0,0,0,1,1,1,0,1.9793870356715928
1926,25.52,38,85,175.5,0.076369,38,0,0,0,1,1,0,1,3,0,2.369263859492757
1927,25.54,43,117,196.1,0.076331,43,0,0,0,1,1,0,2,2,2,1.9692798089979926
1928,25.57,49,163,231.4,0.076293,51,0,0,0,0,0,1,7,4,2,1.7481531410730209
1929,25.59,49,136,238.2,0.076254,51,0,0,0,0,0,1,3,0,1,1.699987529062803
1930,25.61,49,157,235.9,0.076216,51,0,0,0,0,0,1,3,0,3,1.8367586820284982
1931,25.61,3,8,9.2,0.076178,3,0,0,0,1,1,0,0,1,0,3.277712918254478
1932,25.63,49,144,235.3,0.07614,51,0,0,0,0,0,1,5,4,2,1.9920914577695872
1933,25.66,49,155,234.9,0.076102,51,0,0,0,0,0,1,4,1,5,1.7445417670212042
1934,25.68,49,163,234.9,0.076064,51,0,0,0,0,0,1,3,2,7,2.0305557099441507
1935,25.71,49,167,235.9,0.076026,51,0,0,0,0,0,1,2,1,3,1.498620074837449
1936,25.73,49,149,235.9,0.075988,51,0,0,0,0,0,1,4,1,1,1.8528028992857768
1937,25.74,37,96,166.1,0.07595,37,0,0,0,1,1,0,4,3,3,1.6606388349081163
1938,25.76,49,131,240.7,0.075912,51,0,0,0,0,0,1,1,0,1,1.6061751855780713
1939,25.77,11,31,43.7,0.075874,11,0,0,0,1,1,0,3,1,2,1.6788189197974632
1940,25.78,15,41,68.8,0.075836,16,0,0,0,1,1,0,2,1,1,2.3934768930603934
1941,25.78,14,35,58.3,0.075798,14,0,0,0,1,1,0,3,1,2,2.5766985385583094
1942,25.79,23,62,101.6,0.07576,23,0,0,0,1,1,0,2,1,2,1.7196854615391388
1943,25.8,7,28,25.0,0.075722,7,0,0,0,1,1,0,2,1,2,2.3159796293817854
1944,25.81,16,50,69.9,0.075685,16,0,0,0,1,1,0,0,1,1,1.832056114038589
1945,25.81,12,33,50.2,0.075647,12,0,0,0,1,1,0,1,1,5,2.6641536440124183
1946,25.82,15,52,60.6,0.075609,15,0,0,0,1,1,0,4,1,2,1.6964070037457364
1947,25.83,14,41,54.8,0.075571,14,0,0,0,1,1,0,6,2,1,1.6854023962267317
1948,25.83,2,16,-4.6,0.075533,2,0,0,0,1,1,0,8,2,0,3.8734068632211454
1949,25.84,27,59,119.1,0.075496,27,0,0,0,1,1,0,5,1,0,1.902382399219641
1950,25.85,3,13,12.5,0.075458,4,0,0,0,1,1,0,1,1,2,3.0135537892363824
1951,25.85,9,30,36.9,0.07542,9,0,0,0,1,1,0,0,1,1,2.294025992114118
1952,25.86,14,38,57.0,0.075382,14,0,0,0,1,1,0,4,2,2,2.4018604803645136
1953,25.87,15,52,62.7,0.075345,15,0,0,0,1,1,0,2,2,1,1.909257944686673
1954,25.87,8,21,28.8,0.075307,8,0,0,0,1,1,0,4,2,1,3.118878517300279
1955,25.88,2,33,-2.3,0.075269,2,0,0,0,1,1,0,4,1,0,2.381126125607912
1956,25.89,30,96,127.3,0.075232,30,0,0,0,1,1,0,8,5,1,1.7713429364216136
1957,25.9,3,11,4.9,0.075194,3,0,0,0,1,1,0,4,1,0,3.5024216732107645
1958,25.9,4,14,10.5,0.075157,4,0,0,0,1,1,0,3,1,1,2.726045604143016
1959,25.92,49,153,234.4,0.075119,51,0,0,0,0,0,1,5,1,2,1.903573485556539
1960,25.94,30,88,133.8,0.075081,30,0,0,0,1,1,0,2,2,4,2.168227187248175
1961,25.95,13,55,49.4,0.075044,13,0,0,0,1,1,0,5,1,1,1.7847872449352824
1962,25.95,8,19,32.1,0.075006,8,0,0,0,1,1,0,1,1,0,2.3597526746280235
1963,25.96,5,17,14.2,0.074969,5,0,0,0,1,1,0,4,1,1,2.3031061248828486
1964,25.97,26,84,110.0,0.074931,26,0,0,0,1,1,0,6,3,6,1.7700668466854672
1965,26.0,49,180,233.7,0.074894,51,0,0,0,0,0,1,3,1,2,1.9416116632319929
1966,26.02,47,137,212.8,0.074856,47,0,0,0,1,1,0,3,1,5,1.9569227808362977
1967,26.04,49,145,238.2,0.074819,51,0,0,0,0,0,1,2,1,2,1.6558372459865458
1968,26.06,49,125,239.1,0.074782,51,0,0,0,0,0,1,3,0,3,2.281771833472705
1969,26.07,30,72,134.7,0.074744,30,0,0,0,1,1,0,3,1,1,1.742718268859593
1970,26.09,49,155,236.3,0.074707,51,0,0,0,0,0,1,3,1,1,1.7544093917354535
1971,26.11,49,125,238.2,0.074669,51,0,0,0,0,0,1,4,1,2,1.9277892221639885
1972,26.14,50,143,225.7,0.074632,50,0,0,0,1,1,0,4,4,10,1.858908791231674
1973,26.15,42,122,194.8,0.074595,43,0,0,0,1,1,0,3,2,0,1.7975346942800827
1974,26.17,28,64,127.5,0.074558,28,0,0,0,1,1,0,1,4,1,2.008182057386884
1975,26.19,49,166,235.9,0.07452,51,0,0,0,0,0,1,2,2,4,1.7492318571205863
1976,26.19,1,10,-1.1,0.074483,1,0,0,0,1,1,0,0,1,1,3.4184224922417976
1977,26.2,11,35,44.5,0.074446,11,0,0,0,1,1,0,2,1,0,2.6519920099490117
1978,26.22,49,132,226.5,0.074408,49,0,0,0,1,1,0,0,1,3,2.116668093836503
1979,26.24,49,141,237.5,0.074371,51,0,0,0,0,0,1,3,3,3,1.88134964562449
1980,26.25,21,46,94.4,0.074334,21,0,0,0,1,1,0,1,1,0,1.5786349139915574
1981,26.26,32,76,146.4,0.074297,32,0,0,0,1,1,0,1,2,0,2.315275933362758
1982,26.28,49,145,239.2,0.07426,51,0,0,0,0,0,1,1,2,2,1.6444694383619007
1983,26.29,19,50,88.8,0.074223,20,0,0,0,1,1,0,1,1,2,2.066509190681274
1984,26.31,49,148,240.0,0.074186,51,0,0,0,0,0,1,0,2,1,1.8308046043039314
1985,26.34,49,157,235.9,0.074148,51,0,0,0,0,0,1,3,0,3,1.87033670944846
1986,26.36,49,178,234.0,0.074111,51,0,0,0,0,0,1,3,2,1,1.9027688067495894
1987,26.37,5,20,21.4,0.074074,6,0,0,0,1,1,0,1,1,6,2.5570882665054406
1988,26.37,2,12,0.5,0.074037,2,0,0,0,1,1,0,3,1,3,3.3293205163073085
1989,26.37,1,6,-4.6,0.074,1,0,0,0,1,1,0,4,1,0,5.111282645638272
1990,26.37,5,9,19.1,0.073963,5,0,0,0,1,1,0,0,1,0,4.946578338831235
1991,26.4,49,145,239.9,0.073926,51,0,0,0,0,0,1,0,1,5,1.9451662707671378
1992,26.4,5,12,14.8,0.073889,5,0,0,0,1,1,0,4,1,0,3.4975359992896675
1993,26.42,49,133,241.5,0.073852,51,0,0,0,0,0,1,0,1,1,1.9725935486870145
1994,26.44,49,139,234.9,0.073815,51,0,0,0,0,0,1,6,1,1,1.784143099164883
1995,26.46,44,109,202.8,0.073779,44,0,0,0,1,1,0,1,1,3,1.9441024869793326
1996,26.47,23,55,108.4,0.073742,24,0,0,0,1,1,0,1,2,1,2.1793003704410414
1997,26.49,49,163,235.4,0.073705,51,0,0,0,0,0,1,3,1,2,1.743918772056122
1998,26.51,49,133,241.2,0.073668,51,0,0,0,0,0,1,0,2,4,1.8604164915140167
1999,26.53,49,126,241.0,0.073631,51,0,0,0,0,0,1,1,1,3,1.7292894630120275
2000,26.55,49,131,238.7,0.073594,51,0,0,0,0,0,1,3,0,1,1.8384055567778264
2001,26.56,6,62,15.8,0.073557,6,0,0,0,1,1,0,3,1,0,1.9442834818993413
2002,26.57,27,64,119.6,0.073521,27,0,0,0,1,1,0,4,1,0,2.2519487161215928
2003,26.59,49,119,242.0,0.073484,51,0,0,0,0,0,1,1,2,0,1.8403160076241514
2004,26.61,50,148,225.1,0.073447,50,0,0,0,1,1,0,5,3,1,1.8753330112103515
2005,26.63,27,74,121.4,0.07341,27,0,0,0,1,1,0,1,1,2,1.886888408288403
2006,26.65,49,144,236.5,0.073374,51,0,0,0,0,0,1,4,1,0,1.8360932761996074
2007,26.67,49,153,233.3,0.073337,51,0,0,0,0,0,1,6,2,3,1.9341890803044288
2008,26.69,49,132,237.6,0.0733,51,0,0,0,0,0,1,4,1,1,2.0079552962525913
2009,26.7,9,22,39.4,0.073264,10,0,0,0,1,1,0,3,1,4,2.338630674831322
2010,26.7,1,7,-3.0,0.073227,1,0,0,0,1,1,0,2,1,3,4.810726691018924
2011,26.7,1,15,-6.6,0.073191,1,0,0,0,1,1,0,5,1,1,3.264728659828002
2012,26.7,0,6,-8.6,0.073154,0,0,0,0,1,1,0,3,1,0,5.827873118660128
2013,26.72,24,85,97.4,0.073117,24,0,0,0,1,1,0,9,1,1,2.075114973885464
2014,26.73,14,55,52.4,0.073081,14,0,0,0,1,1,0,7,3,1,2.0141177027556405
2015,26.74,27,81,115.7,0.073044,27,0,0,0,1,1,0,6,1,2,1.9335219685696354
2016,26.75,21,55,90.3,0.073008,21,0,0,0,1,1,0,4,1,2,1.8419815470649759
2017,26.77,34,122,148.0,0.072971,34,0,0,0,1,1,0,4,2,8,1.845228151645075
2018,26.78,23,61,100.8,0.072935,23,0,0,0,1,1,0,3,1,1,1.6594406725316009
2019,26.78,1,6,-3.6,0.072898,1,0,0,0,1,1,0,3,1,0,4.547057361154177
2020,26.81,49,146,239.3,0.072862,51,0,0,0,0,0,1,1,0,0,1.9567088805588766
2021,26.82,12,67,44.9,0.072825,12,0,0,0,1,1,0,3,1,4,2.3802380893874937
2022,26.82,14,35,60.4,0.072789,14,0,0,0,1,1,0,1,1,1,2.4404989003535977
2023,26.84,32,81,145.7,0.072753,32,0,0,0,1,1,0,1,2,2,1.8970450116793676
2024,26.86,49,158,233.9,0.072716,51,0,0,0,0,0,1,5,1,2,1.8315769062344351
2025,26.87,10,31,38.9,0.07268,10,0,0,0,1,1,0,3,1,0,2.2173887695651837
2026,26.87,12,38,48.8,0.072644,12,0,0,0,1,1,0,2,1,4,2.3551227485251953
2027,26.9,49,174,231.1,0.072607,51,0,0,0,0,0,1,6,2,4,1.8322483771109617
2028,26.91,17,59,67.1,0.072571,17,0,0,0,1,1,0,7,2,0,1.7392638090098527
2029,26.92,24,50,106.9,0.072535,24,0,0,0,1,1,0,3,1,1,2.178772826232459
2030,26.94,49,140,240.9,0.072498,51,0,0,0,0,0,1,0,3,0,1.998841558196506
2031,26.96,49,144,238.3,0.072462,51,0,0,0,0,0,1,2,2,2,1.6194260685484672
2032,26.97,27,60,123.0,0.072426,27,0,0,0,1,1,0,1,2,0,2.0210648494578014
2033,26.98,14,38,60.1,0.07239,14,0,0,0,1,1,0,1,2,1,2.465739112615414
2034,27.0,49,123,240.3,0.072353,51,0,0,0,0,0,1,2,0,3,2.10282554903517
2035,27.0,3,9,9.1,0.072317,3,0,0,0,1,1,0,0,1,0,3.5695521722922314
2036,27.02,49,139,237.9,0.072281,51,0,0,0,0,0,1,3,2,1,1.902540512369228
2037,27.03,15,28,66.2,0.072245,15,0,0,0,1,1,0,1,1,0,2.502022242590441
2038,27.04,42,94,197.5,0.072209,43,0,0,0,1,1,0,3,3,1,1.9343915432443795
2039,27.07,49,132,240.7,0.072173,51,0,0,0,0,0,1,1,0,0,1.93424763356637
2040,27.09,49,150,236.7,0.072137,51,0,0,0,0,0,1,3,0,2,1.8523391210739366
2041,27.09,1,10,-5.0,0.072101,1,0,0,0,1,1,0,4,1,0,3.7973546885399037
2042,27.09,3,9,5.9,0.072065,3,0,0,0,1,1,0,3,1,2,3.4081707512475643
2043,27.1,22,57,95.2,0.072029,22,0,0,0,1,1,0,4,1,1,1.9401798125089227
2044,27.11,4,14,12.4,0.071992,4,0,0,0,1,1,0,1,1,2,3.634816228034651
2045,27.12,26,70,111.6,0.071957,26,0,0,0,1,1,0,6,1,4,2.18199980702498
2046,27.12,1,6,-3.6,0.071921,1,0,0,0,1,1,0,3,1,0,4.839131838251029
2047,27.16,47,266,184.7,0.071885,47,0,0,0,1,1,0,18,3,7,1.7070083142630497
2048,27.18,45,127,206.2,0.071849,45,0,0,0,1,1,0,1,1,1,1.7834629160745352
2049,27.19,43,112,196.6,0.071813,43,0,0,0,1,1,0,2,2,2,1.9299278020562356
2050,27.21,49,129,241.0,0.071777,51,0,0,0,0,0,1,1,2,0,1.8096609226005533
2051,27.22,24,55,109.4,0.071741,24,0,0,0,1,1,0,0,1,1,1.9187487505936718
2052,27.23,22,61,97.6,0.071705,22,0,0,0,1,1,0,1,3,3,1.988654576720866
2053,27.24,22,40,98.0,0.071669,22,0,0,0,1,1,0,3,2,0,2.627199563946565
2054,27.25,28,74,123.0,0.071633,28,0,0,0,1,1,0,4,3,6,2.1853964297627466
2055,27.27,27,66,121.1,0.071598,27,0,0,0,1,1,0,2,3,3,2.1987047732986444
2056,27.27,15,44,61.4,0.071562,15,0,0,0,1,1,0,4,2,2,1.9146078766232215
2057,27.28,13,28,51.9,0.071526,13,0,0,0,1,1,0,5,1,3,2.509250281979227
2058,27.29,29,70,129.0,0.07149,29,0,0,0,1,1,0,4,2,0,1.8136494487218005
2059,27.31,27,97,112.1,0.071454,27,0,0,0,1,1,0,8,3,2,1.809729092976791
2060,27.31,16,34,69.5,0.071419,16,0,0,0,1,1,0,2,1,1,2.382029092725991
2061,27.33,32,73,143.5,0.071383,32,0,0,0,1,1,0,4,2,2,2.261353853427189
2062,27.34,27,57,120.2,0.071347,27,0,0,0,1,1,0,4,2,1,2.3305777822895406
2063,27.34,14,40,58.0,0.071312,14,0,0,0,1,1,0,3,1,0,2.175661640694008
2064,27.35,13,30,53.9,0.071276,13,0,0,0,1,1,0,3,1,1,2.758706525048831
2065,27.37,50,149,225.0,0.07124,50,0,0,0,1,1,0,5,4,1,2.1111657966795656
2066,27.4,32,160,129.8,0.071205,32,0,0,0,1,1,0,9,1,2,1.3691116869305773
2067,27.42,49,164,234.3,0.071169,51,0,0,0,0,0,1,4,1,2,2.2280748110423665
2068,27.44,42,122,187.7,0.071134,42,0,0,0,1,1,0,5,3,1,1.9960536855267275
2069,27.47,49,200,232.9,0.071098,51,0,0,0,0,0,1,2,1,0,1.6504190168407613
2070,27.48,15,33,63.7,0.071062,15,0,0,0,1,1,0,3,1,0,2.1911736305627807
2071,27.49,19,55,81.4,0.071027,19,0,0,0,1,1,0,3,1,1,2.285939571587645
2072,27.5,25,64,110.5,0.070991,25,0,0,0,1,1,0,3,1,1,2.153690351210855
2073,27.5,4,14,10.6,0.070956,4,0,0,0,1,1,0,3,1,0,3.2891932471899366
2074,27.51,22,51,97.8,0.07092,22,0,0,0,1,1,0,2,1,1,2.1610329242375235
2075,27.51,6,21,20.8,0.070885,6,0,0,0,1,1,0,2,1,1,2.2738273767718997
2076,27.53,28,71,126.7,0.070849,28,0,0,0,1,1,0,1,1,2,2.2348822831377406
2077,27.53,6,20,20.7,0.070814,6,0,0,0,1,1,0,2,2,3,2.386854978175624
2078,27.54,12,84,43.4,0.070779,12,0,0,0,1,1,0,3,2,2,1.3917648984044941
2079,27.57,46,137,205.6,0.070743,46,0,0,0,1,1,0,5,4,7,2.2824051651141186
2080,27.59,49,150,239.6,0.070708,51,0,0,0,0,0,1,0,1,3,2.187004227566121
2081,27.6,36,83,159.7,0.070673,36,0,0,0,1,1,0,7,3,0,2.232366769226228
2082,27.61,21,42,95.7,0.070637,21,0,0,0,1,1,0,0,1,1,2.2114471171087478
2083,27.63,49,157,239.0,0.070602,51,0,0,0,0,0,1,0,5,2,1.8824134106850374
2084,27.64,21,58,92.2,0.070567,21,0,0,0,1,1,0,2,1,0,1.736493783461967
2085,27.66,26,66,114.4,0.070531,26,0,0,0,1,1,0,4,1,0,2.25855263831112
2086,27.67,49,123,241.3,0.070496,51,0,0,0,0,0,1,1,0,3,1.9981121337028414
2087,27.7,49,189,231.7,0.070461,51,0,0,0,0,0,1,4,3,3,1.7735957642910223
2088,27.71,20,51,86.9,0.070426,20,0,0,0,1,1,0,3,2,0,2.015554009783872
2089,27.73,38,100,171.8,0.07039,38,0,0,0,1,1,0,3,2,2,1.657758798602843
2090,27.75,49,128,241.0,0.070355,51,0,0,0,0,0,1,1,2,1,2.188640356122984
2091,27.75,13,31,53.9,0.07032,13,0,0,0,1,1,0,3,1,0,2.155865800584313
2092,27.78,49,161,234.7,0.070285,51,0,0,0,0,0,1,4,0,1,1.8267187318951934
2093,27.8,49,130,239.8,0.07025,51,0,0,0,0,0,1,2,2,1,2.00821226711014
2094,27.82,49,162,238.2,0.070215,51,0,0,0,0,0,1,0,2,5,2.124009261454617
2095,27.85,49,178,236.0,0.070179,51,0,0,0,0,0,1,1,2,1,1.8738746556780266
2096,27.87,49,156,235.8,0.070144,51,0,0,0,0,0,1,3,3,5,2.0844835250706883
2097,27.89,49,140,222.7,0.070109,49,0,0,0,1,1,0,3,1,3,2.166548070774666
2098,27.92,49,137,239.0,0.070074,51,0,0,0,0,0,1,2,2,2,1.8043533742499942
2099,27.92,17,46,72.1,0.070039,17,0,0,0,1,1,0,3,2,3,2.0998640807216415
2100,27.95,40,137,174.1,0.070004,40,0,0,0,1,1,0,7,3,2,1.9737981381212095
2101,27.97,49,154,236.2,0.069969,51,0,0,0,0,0,1,3,1,3,1.929523392840095
2102,27.97,7,26,24.3,0.069934,7,0,0,0,1,1,0,3,1,1,2.6758931602273295
2103,27.98,19,52,81.7,0.069899,19,0,0,0,1,1,0,3,1,1,1.8866686821772614
2104,28.0,42,103,192.7,0.069864,42,0,0,0,1,1,0,2,1,0,1.8246525774492908
2105,28.02,49,132,239.5,0.069829,51,0,0,0,0,0,1,2,1,2,1.938542409420674
2106,28.04,49,141,237.7,0.069794,51,0,0,0,0,0,1,3,0,1,1.7758915224467995
2107,28.06,48,129,218.8,0.06976,48,0,0,0,1,1,0,3,1,3,1.7443000583812043
2108,28.09,49,161,238.7,0.069725,51,0,0,0,0,0,1,0,1,1,1.7902587227424211
2109,28.1,27,63,119.6,0.06969,27,0,0,0,1,1,0,4,1,1,1.8714828800764416
2110,28.11,31,78,138.2,0.069655,31,0,0,0,1,1,0,4,1,0,1.9888736010400834
2111,28.12,9,20,36.9,0.06962,9,0,0,0,1,1,0,1,1,1,2.6066827214337662
2112,28.13,24,62,107.4,0.069585,24,0,0,0,1,1,0,1,1,4,1.5948056602595464
2113,28.15,42,115,191.3,0.069551,42,0,0,0,1,1,0,2,1,2,2.0864044461822258
2114,28.15,4,11,10.9,0.069516,4,0,0,0,1,1,0,3,1,0,3.1646232461157853
2115,28.16,30,69,135.9,0.069481,30,0,0,0,1,1,0,2,1,2,2.0986353875901504
2116,28.17,18,44,77.6,0.069446,18,0,0,0,1,1,0,3,1,0,2.0232180464931933
2117,28.19,49,158,235.9,0.069412,51,0,0,0,0,0,1,3,0,2,1.79656575504626
2118,28.2,23,72,107.7,0.069377,24,0,0,0,1,1,0,0,2,1,2.2055793948986
2119,28.21,6,22,17.5,0.069342,6,0,0,0,1,1,0,5,1,3,2.3643549881244876
2120,28.23,50,150,226.3,0.069307,50,0,0,0,1,1,0,3,2,7,2.0186825545405367
2121,28.23,1,6,-2.8,0.069273,1,0,0,0,1,1,0,2,1,2,4.029440901053243
2122,28.24,16,39,71.0,0.069238,16,0,0,0,1,1,0,0,2,1,2.1528250009349432
2123,28.26,49,149,234.9,0.069204,51,0,0,0,0,0,1,5,2,1,1.888885283273795
2124,28.28,49,148,238.8,0.069169,51,0,0,0,0,0,1,1,0,3,1.8727958108552538
2125,28.3,49,127,242.2,0.069134,51,0,0,0,0,0,1,0,0,0,1.9400061978771883
2126,28.32,41,123,182.7,0.0691,41,0,0,0,1,1,0,5,2,0,1.8670940122332493
2127,28.35,49,138,237.9,0.069065,51,0,0,0,0,0,1,3,2,2,1.6855646994564277
2128,28.36,33,65,153.4,0.069031,33,0,0,0,1,1,0,0,2,1,1.7922281468327825
2129,28.37,37,85,171.4,0.068996,37,0,0,0,1,1,0,0,3,1,1.6612822659825457
2130,28.38,12,31,48.8,0.068962,12,0,0,0,1,1,0,3,1,1,1.883811823684808
2131,28.38,3,9,9.1,0.068927,3,0,0,0,1,1,0,0,1,0,3.90068061080523
2132,28.4,49,136,238.1,0.068893,51,0,0,0,0,0,1,3,0,2,1.8563369081240637
2133,28.41,19,43,80.7,0.068858,19,0,0,0,1,1,0,5,1,0,2.372390447469293
2134,28.41,10,26,41.3,0.068824,10,0,0,0,1,1,0,1,2,1,2.0559834074244185
2135,28.43,49,149,236.7,0.068789,51,0,0,0,0,0,1,3,0,3,2.0484210158609013
2136,28.46,49,145,238.2,0.068755,51,0,0,0,0,0,1,2,0,2,1.8031117784419688
2137,28.46,5,13,15.7,0.068721,5,0,0,0,1,1,0,3,1,0,2.8079740858617837
2138,28.48,27,84,118.6,0.068686,27,0,0,0,1,1,0,3,2,0,2.1807682373141106
2139,28.5,49,145,238.4,0.068652,51,0,0,0,0,0,1,2,3,0,1.9433877501297185
2140,28.52,49,146,236.1,0.068618,51,0,0,0,0,0,1,4,0,2,1.851500599307858
2141,28.52,1,8,-3.0,0.068583,1,0,0,0,1,1,0,2,1,2,4.630974265317239
2142,28.53,12,23,50.6,0.068549,12,0,0,0,1,1,0,2,1,1,2.4249126870175735
2143,28.54,21,57,90.2,0.068515,21,0,0,0,1,1,0,4,2,1,1.9444908646837178
2144,28.54,6,22,20.7,0.068481,6,0,0,0,1,1,0,2,1,1,2.8477168850470753
2145,28.54,1,11,-5.1,0.068446,1,0,0,0,1,1,0,4,1,0,4.217959218283633
2146,28.55,9,38,31.7,0.068412,9,0,0,0,1,1,0,4,1,5,2.2570549807324713
2147,28.56,2,22,0.4,0.068378,2,0,0,0,1,1,0,2,1,4,2.739489336151414
2148,28.56,3,9,6.0,0.068344,3,0,0,0,1,1,0,3,1,1,3.9774775948903365
2149,28.57,22,46,100.4,0.068309,22,0,0,0,1,1,0,0,2,0,1.904756920945559
2150,28.58,32,79,146.1,0.068275,32,0,0,0,1,1,0,1,1,0,1.9351338437171772
2151,28.58,5,15,14.4,0.068241,5,0,0,0,1,1,0,4,1,1,2.8168647946082483
2152,28.59,8,32,27.6,0.068207,8,0,0,0,1,1,0,4,1,2,2.0548421827070986
2153,28.6,28,66,126.0,0.068173,28,0,0,0,1,1,0,2,1,4,2.0290983980227137
2154,28.61,26,76,114.1,0.068139,26,0,0,0,1,1,0,3,2,3,1.9157894792681216
2155,28.62,18,45,76.5,0.068105,18,0,0,0,1,1,0,4,1,0,2.3431452843239575
2156,28.63,23,67,95.0,0.068071,23,0,0,0,1,1,0,8,1,3,2.2345740689619094
2157,28.64,13,38,51.2,0.068037,13,0,0,0,1,1,0,5,1,0,1.7413547477587792
2158,28.65,16,65,66.4,0.068003,16,0,0,0,1,1,0,2,1,1,2.388339798981834
2159,28.67,49,141,238.5,0.067969,51,0,0,0,0,0,1,2,1,3,1.9378141052934912
2160,28.7,49,169,217.1,0.067935,49,0,0,0,1,1,0,6,1,0,1.7218807639287776
2161,28.71,15,72,59.6,0.067901,15,0,0,0,1,1,0,3,1,2,1.7844632611647475
2162,28.72,11,32,44.7,0.067867,11,0,0,0,1,1,0,2,1,1,1.8789305832785257
2163,28.74,44,121,195.9,0.067833,44,0,0,0,1,1,0,7,2,0,2.1407543021285464
2164,28.74,17,40,72.0,0.067799,17,0,0,0,1,1,0,4,1,0,1.9122192469647306
2165,28.76,40,113,179.3,0.067765,40,0,0,0,1,1,0,4,2,4,2.290227847187763
2166,28.77,5,28,14.2,0.067731,5,0,0,0,1,1,0,3,1,0,1.8685970525816118
2167,28.78,36,78,163.8,0.067697,36,0,0,0,1,1,0,3,2,4,2.0085528429753263
2168,28.79,34,74,151.5,0.067663,34,0,0,0,1,1,0,6,2,1,2.1512344691577674
2169,28.81,30,75,134.2,0.06763,30,0,0,0,1,1,0,3,1,3,2.1734437510763
2170,28.82,20,55,85.3,0.067596,20,0,0,0,1,1,0,4,2,2,2.2862018346935966
2171,28.82,3,13,5.7,0.067562,3,0,0,0,1,1,0,3,1,0,3.333687420734016
2172,28.83,39,91,174.9,0.067528,39,0,0,0,1,1,0,6,2,0,2.0950038334544283
2173,28.84,13,34,52.6,0.067494,13,0,0,0,1,1,0,4,1,0,2.3355258237669543
2174,28.87,49,192,228.4,0.067461,51,0,0,0,0,0,1,7,0,3,2.096681486895831
2175,28.87,14,25,60.5,0.067427,14,0,0,0,1,1,0,2,1,0,2.8261284348457254
2176,28.88,20,41,84.8,0.067393,20,0,0,0,1,1,0,6,1,1,2.076717924552292
2177,28.9,49,136,240.1,0.06736,51,0,0,0,0,0,1,1,2,2,2.0107836779216646
2178,28.92,29,77,129.9,0.067326,29,0,0,0,1,1,0,2,2,4,2.2990624252290703
2179,28.93,30,62,137.8,0.067292,30,0,0,0,1,1,0,1,1,0,2.090799583839592
2180,28.95,49,139,240.8,0.067259,51,0,0,0,0,0,1,0,2,2,1.9541083525195273
2181,28.96,27,70,117.9,0.067225,27,0,0,0,1,1,0,5,1,1,1.6684810617099757
2182,28.98,49,143,239.5,0.067191,51,0,0,0,0,0,1,1,2,1,2.116027953988506
2183,29.0,32,118,140.1,0.067158,32,0,0,0,1,1,0,3,2,1,1.6686017897716152
2184,29.01,30,76,133.2,0.067124,30,0,0,0,1,1,0,4,2,2,1.9621526637672424
2185,29.03,35,94,156.3,0.067091,35,0,0,0,1,1,0,4,1,3,2.2635380507374516
2186,29.04,15,44,64.3,0.067057,15,0,0,0,1,1,0,1,2,3,1.7884145976910297
2187,29.05,42,115,189.4,0.067024,42,0,0,0,1,1,0,4,1,1,2.016809031713365
2188,29.06,21,50,93.7,0.06699,21,0,0,0,1,1,0,1,1,3,1.8149934343103615
2189,29.08,46,106,211.3,0.066957,46,0,0,0,1,1,0,3,1,1,1.7644257119975943
2190,29.11,49,195,227.1,0.066923,51,0,0,0,0,0,1,8,1,3,1.837968160590318
2191,29.13,44,108,197.1,0.06689,44,0,0,0,1,1,0,7,1,1,2.0018173466686844
2192,29.14,36,97,161.3,0.066856,36,0,0,0,1,1,0,4,1,0,1.6727812722731341
2193,29.16,47,121,212.7,0.066823,47,0,0,0,1,1,0,5,2,2,1.879462459805107
2194,29.18,48,162,217.5,0.066789,48,0,0,0,1,1,0,1,2,3,1.7477607891176277
2195,29.2,31,86,136.3,0.066756,31,0,0,0,1,1,0,5,1,1,2.0049260242230322
2196,29.21,21,43,99.5,0.066723,22,0,0,0,1,1,0,1,1,2,2.191341531274807
2197,29.21,11,21,47.9,0.066689,11,0,0,0,1,1,0,0,1,0,2.32449275466249
2198,29.23,30,158,124.7,0.066656,30,0,0,0,1,1,0,4,1,5,1.3228049035036211
2199,29.24,21,58,90.1,0.066623,21,0,0,0,1,1,0,4,2,1,1.9818526377144827
2200,29.27,49,144,238.4,0.066589,51,0,0,0,0,0,1,2,1,1,2.3062678422698486
2201,29.29,41,147,179.9,0.066556,41,0,0,0,1,1,0,5,2,4,1.5463362692421532
2202,29.31,49,129,239.0,0.066523,51,0,0,0,0,0,1,3,3,0,2.0366504245062296
2203,29.32,27,88,116.2,0.066489,27,0,0,0,1,1,0,5,1,0,1.5081042546637666
2204,29.34,48,123,216.3,0.066456,48,0,0,0,1,1,0,6,2,4,2.137252467506572
2205,29.35,15,31,66.9,0.066423,15,0,0,0,1,1,0,0,1,0,2.8583354675534283
2206,29.37,50,144,225.5,0.06639,50,0,0,0,1,1,0,5,3,1,1.950869460075418
2207,29.39,49,127,241.1,0.066356,51,0,0,0,0,0,1,1,1,1,2.0660855170056047
2208,29.41,41,103,185.5,0.066323,41,0,0,0,1,1,0,4,2,2,1.9411770745285266
2209,29.43,49,126,239.1,0.06629,51,0,0,0,0,0,1,3,0,2,1.6725084682661824
2210,29.43,12,26,50.2,0.066257,12,0,0,0,1,1,0,2,1,2,2.104273136237371
2211,29.43,5,12,17.8,0.066224,5,0,0,0,1,1,0,1,1,0,2.89265567452076
2212,29.44,13,29,55.8,0.066191,13,0,0,0,1,1,0,1,1,3,2.148309834769643
2213,29.46,49,155,236.2,0.066158,51,0,0,0,0,0,1,3,2,2,1.857730151710307
2214,29.48,49,122,242.5,0.066125,51,0,0,0,0,0,1,0,1,2,1.662262188324781
2215,29.5,30,85,134.0,0.066092,30,0,0,0,1,1,0,2,1,5,1.5789232146355325
2216,29.51,24,60,106.9,0.066058,24,0,0,0,1,1,0,2,2,1,2.2423022655639624
2217,29.51,9,33,33.5,0.066025,9,0,0,0,1,1,0,3,1,2,2.270930459932958
2218,29.52,9,28,33.2,0.065992,9,0,0,0,1,1,0,4,1,0,1.9312690617838544
2219,29.54,49,145,236.2,0.065959,51,0,0,0,0,0,1,4,0,2,2.0034514824243046
2220,29.56,38,121,168.2,0.065926,38,0,0,0,1,1,0,4,1,7,2.0931539463269795
2221,29.56,3,13,6.2,0.065893,3,0,0,0,1,1,0,2,1,5,2.9905512195745185
2222,29.57,6,20,22.9,0.065861,6,0,0,0,1,1,0,0,1,1,2.301114881551326
2223,29.57,8,54,21.8,0.065828,8,0,0,0,1,1,0,7,1,8,2.1491645778389046
2224,29.59,39,110,172.5,0.065795,39,0,0,0,1,1,0,6,2,5,1.772436742135923
2225,29.62,35,147,138.4,0.065762,35,0,0,0,1,1,0,16,5,9,2.076538888784949
2226,29.63,23,57,101.8,0.065729,23,0,0,0,1,1,0,2,3,5,2.427387869366962
2227,29.65,49,133,238.5,0.065696,51,0,0,0,0,0,1,3,0,1,1.7838961617322209
2228,29.65,0,12,-9.2,0.065663,0,0,0,0,1,1,0,3,1,0,3.066452850151599
2229,29.67,49,159,235.4,0.06563,51,0,0,0,0,0,1,3,1,6,1.9382478309803468
2230,29.69,25,125,103.4,0.065598,25,0,0,0,1,1,0,4,1,1,1.7044624480481387
2231,29.72,49,160,238.8,0.065565,51,0,0,0,0,0,1,0,0,1,1.8797861163421554
2232,29.72,2,23,-0.3,0.065532,2,0,0,0,1,1,0,3,1,0,2.1504721722679787
2233,29.73,18,41,80.9,0.065499,18,0,0,0,1,1,0,0,1,0,1.9167213824176472
2234,29.75,43,114,190.6,0.065466,43,0,0,0,1,1,0,8,1,0,1.9693151155833886
2235,29.77,41,110,184.9,0.065434,41,0,0,0,1,1,0,4,1,1,1.709401803279041
2236,29.79,49,131,241.8,0.065401,51,0,0,0,0,0,1,0,0,0,1.8150114424905672
2237,29.8,49,116,242.2,0.065368,51,0,0,0,0,0,1,1,2,1,1.9526649994542316
2238,29.82,45,106,205.3,0.065336,45,0,0,0,1,1,0,4,1,1,1.5793050745955743
2239,29.84,49,140,240.7,0.065303,51,0,0,0,0,0,1,0,1,2,2.110506471299276
2240,29.86,47,126,212.3,0.06527,47,0,0,0,1,1,0,5,2,1,1.8953250351112831
2241,29.89,49,160,236.7,0.065238,51,0,0,0,0,0,1,2,0,2,1.5707528222826828
2242,29.91,34,128,146.9,0.065205,34,0,0,0,1,1,0,5,3,3,1.6049784347067864
2243,29.92,39,99,174.1,0.065172,39,0,0,0,1,1,0,6,2,0,1.6736101702383552
2244,29.94,49,143,240.5,0.06514,51,0,0,0,0,0,1,0,1,1,1.7257833122673207
2245,29.97,18,148,63.7,0.065107,18,0,0,0,1,1,0,6,1,5,0.9635783326390197
2246,29.99,49,132,239.6,0.065075,51,0,0,0,0,0,1,2,2,1,1.8601957543442453
2247,30.01,39,120,174.7,0.065042,39,0,0,0,1,1,0,3,2,3,1.711375286977734
2248,30.03,40,122,177.5,0.06501,40,0,0,0,1,1,0,5,2,3,1.5242571126490074
2249,30.04,23,64,102.4,0.064977,23,0,0,0,1,1,0,1,3,2,2.199027759200127
2250,30.05,21,56,92.0,0.064945,21,0,0,0,1,1,0,2,1,4,1.66400970143984
2251,30.06,22,83,93.6,0.064912,22,0,0,0,1,1,0,3,1,1,1.6230808497843467
2252,30.07,10,56,34.3,0.06488,10,0,0,0,1,1,0,5,2,1,1.590333564689977
2253,30.1,49,163,236.3,0.064847,51,0,0,0,0,0,1,2,2,3,1.7591836557181701
2254,30.12,49,152,237.5,0.064815,51,0,0,0,0,0,1,2,1,2,1.9295285464920156
2255,30.13,32,71,147.9,0.064783,32,0,0,0,1,1,0,0,2,0,1.7127764145336486
2256,30.15,49,151,236.8,0.06475,51,0,0,0,0,0,1,3,1,0,1.9261264285361834
2257,30.18,49,149,239.0,0.064718,51,0,0,0,0,0,1,1,1,0,1.9649929339638077
2258,30.18,12,26,51.4,0.064685,12,0,0,0,1,1,0,1,1,0,2.3584229603246003
2259,30.2,38,122,169.6,0.064653,38,0,0,0,1,1,0,3,1,2,1.7719940628874895
2260,30.2,5,11,18.9,0.064621,5,0,0,0,1,1,0,0,1,0,4.051998792269758
2261,30.22,34,115,148.3,0.064588,34,0,0,0,1,1,0,5,1,2,1.567332348684289
2262,30.22,3,12,6.8,0.064556,3,0,0,0,1,1,0,2,1,0,4.031290565731713
2263,30.23,22,54,97.5,0.064524,22,0,0,0,1,1,0,2,2,1,2.241696131050909
2264,30.24,1,10,-2.3,0.064492,1,0,0,0,1,1,0,1,1,3,2.401756846692978
2265,30.26,48,139,216.0,0.064459,48,0,0,0,1,1,0,5,2,1,2.0221954677323906
2266,30.28,45,146,201.1,0.064427,45,0,0,0,1,1,0,4,3,3,1.7416708440501192
2267,30.3,49,137,240.9,0.064395,51,0,0,0,0,0,1,0,2,3,1.9674474836479547
2268,30.31,21,82,88.5,0.064363,21,0,0,0,1,1,0,3,2,3,1.5692770199281765
2269,30.34,49,142,239.3,0.06433,51,0,0,0,0,0,1,1,2,4,1.7797526236277048
2270,30.35,46,117,208.0,0.064298,46,0,0,0,1,1,0,5,1,3,1.7846412440284363
2271,30.36,3,13,12.7,0.064266,4,0,0,0,1,1,0,1,1,0,2.927737578759779
2272,30.36,13,27,57.1,0.064234,13,0,0,0,1,1,0,0,1,2,2.510188988904515
2273,30.38,49,142,237.5,0.064202,51,0,0,0,0,0,1,3,1,2,1.7773791707137288
2274,30.4,38,97,171.3,0.06417,38,0,0,0,1,1,0,4,1,0,1.8837365301451519
2275,30.42,49,125,241.4,0.064138,51,0,0,0,0,0,1,1,0,0,1.561875127810048
2276,30.44,49,133,241.4,0.064106,51,0,0,0,0,0,1,0,4,2,1.9141412177922614
2277,30.46,49,128,240.5,0.064074,51,0,0,0,0,0,1,1,0,6,1.8316052495233588
2278,30.48,49,152,237.4,0.064042,51,0,0,0,0,0,1,2,3,3,1.7406251297181523
2279,30.5,49,130,240.8,0.06401,51,0,0,0,0,0,1,1,2,1,1.80709135670884
2280,30.52,36,88,160.2,0.063978,36,0,0,0,1,1,0,6,1,0,1.6867048109762572
2281,30.54,50,159,227.0,0.063946,50,0,0,0,1,1,0,2,2,1,1.898566531619674
2282,30.55,18,44,77.3,0.063914,18,0,0,0,1,1,0,3,1,3,1.9844599756381265
2283,30.56,18,57,79.3,0.063882,18,0,0,0,1,1,0,0,1,0,2.1219768353067154
2284,30.57,21,48,94.2,0.06385,21,0,0,0,1,1,0,1,1,0,1.7767731584458542
2285,30.58,43,105,198.3,0.063818,43,0,0,0,1,1,0,1,1,2,1.9256719956853094
2286,30.61,49,139,239.5,0.063786,51,0,0,0,0,0,1,1,0,5,1.8341833345293033
2287,30.63,49,134,239.1,0.063754,51,0,0,0,0,0,1,2,1,4,1.915949686704372
2288,30.65,49,137,239.0,0.063722,51,0,0,0,0,0,1,2,0,2,2.1389596534257174
2289,30.65,2,12,2.2,0.06369,2,0,0,0,1,1,0,1,1,6,3.2941179930601465
2290,30.65,4,13,10.7,0.063658,4,0,0,0,1,1,0,3,1,0,3.439078844314257
2291,30.66,22,62,95.8,0.063627,22,0,0,0,1,1,0,3,1,0,1.8852284561442634
2292,30.67,3,22,3.8,0.063595,3,0,0,0,1,1,0,4,1,0,2.6809151352938225
2293,30.7,49,162,232.8,0.063563,51,0,0,0,0,0,1,5,1,9,1.699652355286152
2294,30.72,49,139,240.8,0.063531,51,0,0,0,0,0,1,0,2,2,1.9504883661428032
2295,30.74,49,137,240.0,0.063499,51,0,0,0,0,0,1,1,1,2,1.871191925439979
2296,30.77,49,134,240.1,0.063468,51,0,0,0,0,0,1,1,0,4,1.996453394392894
2297,30.79,49,132,239.7,0.063436,51,0,0,0,0,0,1,2,1,0,1.7366442694953639
2298,30.79,13,32,55.5,0.063404,13,0,0,0,1,1,0,1,1,3,2.5018603680409095
2299,30.8,14,34,59.4,0.063373,14,0,0,0,1,1,0,2,1,2,2.2058076838117024
2300,30.82,41,106,189.3,0.063341,41,0,0,0,1,1,0,0,1,1,1.7776404228781566
2301,30.85,49,155,236.2,0.063309,51,0,0,0,0,0,1,3,1,2,1.7896857889396665
2302,30.86,30,95,131.3,0.063277,30,0,0,0,1,1,0,4,4,2,1.9178157076269173
2303,30.89,49,161,236.5,0.063246,51,0,0,0,0,0,1,2,1,3,2.0282325479968275
2304,30.9,27,66,121.4,0.063214,27,0,0,0,1,1,0,2,1,0,1.9239559847950813
2305,30.92,49,153,235.5,0.063183,51,0,0,0,0,0,1,4,1,1,1.7318504965641903
2306,30.95,46,163,202.4,0.063151,46,0,0,0,1,1,0,6,1,3,1.3355609993765183
2307,30.97,49,151,235.6,0.063119,51,0,0,0,0,0,1,4,0,2,1.8452385358901047
2308,30.97,5,27,14.0,0.063088,5,0,0,0,1,1,0,3,2,3,2.3118757891586332
2309,31.0,48,140,218.8,0.063056,48,0,0,0,1,1,0,2,2,2,1.4424675985837792
2310,31.02,49,135,239.3,0.063025,51,0,0,0,0,0,1,2,1,1,1.905236783039613
2311,31.02,10,19,43.1,0.062993,10,0,0,0,1,1,0,0,1,0,3.3218959809641966
2312,31.04,48,149,214.6,0.062962,48,0,0,0,1,1,0,5,4,5,1.886071857785688
2313,31.07,49,162,235.7,0.06293,51,0,0,0,0,0,1,3,4,0,1.6603068871110545
2314,31.09,49,157,237.1,0.062899,51,0,0,0,0,0,1,2,1,1,1.687155547007679
2315,31.1,23,56,103.3,0.062867,23,0,0,0,1,1,0,1,2,1,2.2387152896972964
2316,31.12,49,134,241.4,0.062836,51,0,0,0,0,0,1,0,0,1,1.7492098816999067
2317,31.12,4,13,10.7,0.062805,4,0,0,0,1,1,0,3,1,0,3.687288147200096
2318,31.15,49,143,238.3,0.062773,51,0,0,0,0,0,1,2,1,3,1.8470324985579145
2319,31.17,47,135,216.3,0.062742,47,0,0,0,1,1,0,0,1,2,1.81504611126687
2320,31.19,49,127,241.2,0.06271,51,0,0,0,0,0,1,1,0,0,1.764560349482874
2321,31.19,7,17,28.3,0.062679,7,0,0,0,1,1,0,0,1,0,2.842619256680137
2322,31.21,49,149,234.8,0.062648,51,0,0,0,0,0,1,5,1,2,1.7678927383596033
2323,31.24,50,151,226.5,0.062616,50,0,0,0,1,1,0,3,2,4,1.6383443684184964
2324,31.26,49,148,239.7,0.062585,51,0,0,0,0,0,1,0,1,4,1.6262804771666692
2325,31.28,49,118,241.0,0.062554,51,0,0,0,0,0,1,2,0,1,1.9557035957350266
2326,31.3,50,130,227.9,0.062523,50,0,0,0,1,1,0,4,2,1,1.6784522095597927
2327,31.32,49,171,234.5,0.062491,51,0,0,0,0,0,1,3,1,3,1.9003171778410732
2328,31.35,49,149,239.8,0.06246,51,0,0,0,0,0,1,0,2,2,1.732533817568695
2329,31.37,46,114,206.4,0.062429,46,0,0,0,1,1,0,7,2,2,1.9455445888309733
2330,31.38,37,87,171.3,0.062398,37,0,0,0,1,1,0,0,1,0,1.9096435192759142
2331,31.41,48,227,205.8,0.062366,48,0,0,0,1,1,0,6,2,5,1.4639493190424682
2332,31.43,49,119,242.7,0.062335,51,0,0,0,0,0,1,0,0,3,1.7110008001991033
2333,31.44,41,85,190.4,0.062304,41,0,0,0,1,1,0,1,1,1,1.8905834863698214
2334,31.47,49,140,240.7,0.062273,51,0,0,0,0,0,1,0,0,2,1.6782971251445264
2335,31.48,32,97,142.2,0.062242,32,0,0,0,1,1,0,3,2,1,1.9820904701021513
2336,31.49,7,17,28.3,0.062211,7,0,0,0,1,1,0,0,1,0,2.749556400330581
2337,31.51,49,142,239.6,0.062179,51,0,0,0,0,0,1,1,1,1,1.7423523739013878
2338,31.53,49,130,240.8,0.062148,51,0,0,0,0,0,1,1,1,1,1.8181022248116074
2339,31.53,3,11,11.8,0.062117,4,0,0,0,1,1,0,2,1,1,3.302887408157957
2340,31.53,7,18,28.1,0.062086,7,0,0,0,1,1,0,0,1,1,2.3814504711414077
2341,31.54,9,20,34.9,0.062055,9,0,0,0,1,1,0,3,1,1,2.536203602425111
2342,31.55,19,59,81.1,0.062024,19,0,0,0,1,1,0,3,1,0,2.023181350928012
2343,31.55,11,19,44.1,0.061993,11,0,0,0,1,1,0,4,1,0,2.713696709366441
2344,31.56,6,21,19.9,0.061962,6,0,0,0,1,1,0,3,1,0,2.6722272340960624
2345,31.56,11,28,45.0,0.061931,11,0,0,0,1,1,0,2,1,2,2.0520695151310204
2346,31.57,14,51,55.7,0.0619,14,0,0,0,1,1,0,4,1,2,2.2603620208101405
2347,31.57,12,25,52.5,0.061869,12,0,0,0,1,1,0,0,1,0,2.5697227040483663
2348,31.58,4,15,10.5,0.061838,4,0,0,0,1,1,0,3,1,0,3.2347168750154327
2349,31.58,10,26,38.0,0.061807,10,0,0,0,1,1,0,4,1,4,2.4501384780944777
2350,31.6,37,89,167.6,0.061777,37,0,0,0,1,1,0,3,2,5,1.981017628312433
2351,31.6,3,9,7.7,0.061746,3,0,0,0,1,1,0,1,1,4,3.336005739318201
2352,31.6,1,9,-5.9,0.061715,1,0,0,0,1,1,0,5,1,0,3.685657517395521
2353,31.61,20,45,86.5,0.061684,20,0,0,0,1,1,0,4,2,0,2.497743208046121
2354,31.61,8,22,29.8,0.061653,8,0,0,0,1,1,0,3,2,0,2.835465609305926
2355,31.63,36,112,158.7,0.061622,36,0,0,0,1,1,0,5,2,1,2.027229030082806
2356,31.64,24,64,103.5,0.061591,24,0,0,0,1,1,0,5,3,1,1.87049452002968
2357,31.67,49,181,230.7,0.061561,51,0,0,0,0,0,1,6,1,1,1.729601873875561
2358,31.69,50,140,227.9,0.06153,50,0,0,0,1,1,0,3,2,1,1.8716768777688613
2359,31.69,2,6,9.4,0.061499,3,0,0,0,1,1,0,0,1,0,4.568388933314579
2360,31.7,20,48,88.1,0.061468,20,0,0,0,1,1,0,2,1,1,1.9443259361068523
2361,31.7,4,13,10.7,0.061438,4,0,0,0,1,1,0,3,1,0,2.787122961175859
2362,31.72,31,83,135.6,0.061407,31,0,0,0,1,1,0,6,1,1,1.8883041481067688
2363,31.72,4,9,13.0,0.061376,4,0,0,0,1,1,0,1,1,1,3.8237363230531494
2364,31.74,49,152,235.7,0.061346,51,0,0,0,0,0,1,4,1,0,1.9332859675387937
2365,31.76,49,137,219.1,0.061315,49,0,0,0,1,1,0,7,1,2,1.8870661263286674
2366,31.79,50,163,224.3,0.061284,50,0,0,0,1,1,0,4,1,4,1.9198897742854197
2367,31.8,44,113,201.5,0.061254,44,0,0,0,1,1,0,2,5,2,2.1700930327632277
2368,31.83,44,168,194.0,0.061223,44,0,0,0,1,1,0,4,1,2,1.7105346265604342
2369,31.85,49,146,237.1,0.061192,51,0,0,0,0,0,1,3,0,2,1.6285350782556043
2370,31.87,37,90,166.9,0.061162,37,0,0,0,1,1,0,4,1,1,1.9393735584303948
2371,31.88,28,60,128.7,0.061131,28,0,0,0,1,1,0,0,1,3,2.161095088563081
2372,31.9,49,139,240.0,0.061101,51,0,0,0,0,0,1,1,3,0,1.8802567954661145
2373,31.91,44,103,204.5,0.06107,44,0,0,0,1,1,0,0,1,2,1.8241919393726445
2374,31.93,49,146,238.1,0.061039,51,0,0,0,0,0,1,2,0,2,1.7142710675909758
2375,31.94,4,9,13.0,0.061009,4,0,0,0,1,1,0,1,1,1,4.56202011279157
2376,31.96,50,129,232.9,0.060978,50,0,0,0,0,0,1,4,2,1,1.832908831138176
2377,31.97,39,104,176.4,0.060948,39,0,0,0,1,1,0,3,2,2,1.6739378545716843
2378,31.99,42,114,197.5,0.060917,43,0,0,0,1,1,0,1,2,1,2.118063109402021
2379,32.01,49,130,238.7,0.060887,51,0,0,0,0,0,1,3,2,2,1.7683223038408424
2380,32.03,49,143,237.5,0.060857,51,0,0,0,0,0,1,3,1,1,1.9522118998576383
2381,32.05,49,123,241.6,0.060826,51,0,0,0,0,0,1,1,1,0,1.8513470364896008
2382,32.07,49,131,238.8,0.060796,51,0,0,0,0,0,1,3,0,0,1.8402975486376483
2383,32.1,49,148,237.8,0.060765,51,0,0,0,0,0,1,2,1,3,2.0166341511413566
2384,32.1,2,11,1.9,0.060735,2,0,0,0,1,1,0,2,1,0,3.108691465783923
2385,32.12,49,161,233.5,0.060705,51,0,0,0,0,0,1,5,1,3,1.8713992832781476
2386,32.15,49,143,238.5,0.060674,51,0,0,0,0,0,1,2,0,1,1.897573974184924
2387,32.15,16,36,70.9,0.060644,16,0,0,0,1,1,0,0,1,5,2.2164671668383455
2388,32.17,49,133,240.5,0.060614,51,0,0,0,0,0,1,1,0,1,1.9471249601918328
2389,32.19,49,139,238.7,0.060583,51,0,0,0,0,0,1,2,0,3,1.893433044080853
2390,32.2,9,26,34.3,0.060553,9,0,0,0,1,1,0,3,1,1,2.4135626909252
2391,32.2,7,23,27.5,0.060523,7,0,0,0,1,1,0,0,1,2,2.016980471386308
2392,32.23,49,145,237.9,0.060492,51,0,0,0,0,0,1,2,1,5,2.054326285563907
2393,32.23,8,21,29.9,0.060462,8,0,0,0,1,1,0,3,1,0,2.266319309393565
2394,32.25,49,137,236.2,0.060432,51,0,0,0,0,0,1,5,1,0,1.7025636709810945
2395,32.27,49,122,239.6,0.060402,51,0,0,0,0,0,1,3,1,1,1.9016510400169353
2396,32.29,49,133,241.4,0.060372,51,0,0,0,0,0,1,0,0,2,1.7752150810620284
2397,32.3,11,25,47.5,0.060341,11,0,0,0,1,1,0,0,1,0,2.4186253250002876
2398,32.31,48,121,216.9,0.060311,48,0,0,0,1,1,0,6,1,0,1.8252955283665244
2399,32.33,34,88,155.1,0.060281,34,0,0,0,1,1,0,1,1,1,1.6919913132570026
2400,32.35,49,137,241.1,0.060251,51,0,0,0,0,0,1,0,1,1,1.7759841802401195
2401,32.37,49,137,237.9,0.060221,51,0,0,0,0,0,1,3,0,3,1.8547493178610333
2402,32.38,29,71,129.7,0.060191,29,0,0,0,1,1,0,3,1,2,1.9173571937489795
2403,32.41,49,158,238.7,0.060161,51,0,0,0,0,0,1,0,2,4,1.6956942425986692
2404,32.43,49,122,241.5,0.06013,51,0,0,0,0,0,1,1,0,2,1.6946788428327761
2405,32.45,49,146,237.2,0.0601,51,0,0,0,0,0,1,3,3,1,1.7344943728619773
2406,32.47,49,145,238.3,0.06007,51,0,0,0,0,0,1,2,0,1,1.6099190397765781
2407,32.47,7,14,27.5,0.06004,7,0,0,0,1,1,0,1,2,1,3.7928921514506713
2408,32.5,49,143,239.2,0.06001,51,0,0,0,0,0,1,1,2,4,1.4110650722729163
2409,32.5,10,17,42.2,0.05998,10,0,0,0,1,1,0,1,1,1,3.1615110245090285
2410,32.52,49,132,239.6,0.05995,51,0,0,0,0,0,1,2,1,1,1.5072728843324876
2411,32.53,16,40,73.0,0.05992,17,0,0,0,1,1,0,3,1,0,1.8113495625690192
2412,32.53,2,13,1.4,0.05989,2,0,0,0,1,1,0,2,1,3,3.2551982917392377
2413,32.55,49,136,241.3,0.05986,51,0,0,0,0,0,1,0,0,0,1.6536051692021332
2414,32.56,16,40,67.0,0.059831,16,0,0,0,1,1,0,4,1,0,2.1262599582721906
2415,32.58,49,157,230.8,0.059801,51,0,0,0,0,0,1,8,2,4,1.9557459697796793
2416,32.6,49,153,235.5,0.059771,51,0,0,0,0,0,1,4,1,1,1.768080179175081
2417,32.63,49,154,237.2,0.059741,51,0,0,0,0,0,1,2,1,3,1.577717915553023
2418,32.65,49,127,241.2,0.059711,51,0,0,0,0,0,1,1,0,0,1.6559689033335707
2419,32.67,49,155,238.4,0.059681,51,0,0,0,0,0,1,1,3,0,1.8355024522032302
2420,32.68,19,35,86.5,0.059651,19,0,0,0,1,1,0,0,1,0,2.43051663851122
2421,32.69,22,59,98.1,0.059621,22,0,0,0,1,1,0,1,2,0,1.6604826726570467
2422,32.71,49,144,238.5,0.059592,51,0,0,0,0,0,1,2,0,0,1.9989328421899581
2423,32.72,28,62,124.6,0.059562,28,0,0,0,1,1,0,4,1,2,1.6675556796087934
2424,32.74,49,127,237.9,0.059532,51,0,0,0,0,0,1,4,2,3,1.8340012419075906
2425,32.76,49,149,239.0,0.059502,51,0,0,0,0,0,1,1,1,0,1.7222374939389844
2426,32.79,49,141,239.8,0.059473,51,0,0,0,0,0,1,1,2,0,1.9986860225791225
2427,32.82,49,203,229.3,0.059443,51,0,0,0,0,0,1,5,0,3,1.740499917952845
2428,32.82,21,47,99.8,0.059413,22,0,0,0,1,1,0,0,1,5,2.103951594163132
2429,32.83,12,33,49.6,0.059383,12,0,0,0,1,1,0,2,1,1,1.9508484036701697
2430,32.83,5,14,15.4,0.059354,5,0,0,0,1,1,0,3,1,2,3.2286039326411307
2431,32.86,49,150,237.5,0.059324,51,0,0,0,0,0,1,2,2,4,1.9407780785320679
2432,32.88,49,144,238.3,0.059294,51,0,0,0,0,0,1,2,1,2,1.6991104433444368
2433,32.9,49,128,238.9,0.059265,51,0,0,0,0,0,1,3,1,2,1.7248369905332712
2434,32.92,49,147,234.2,0.059235,51,0,0,0,0,0,1,6,0,0,1.8970649376150224
2435,32.94,49,142,239.7,0.059205,51,0,0,0,0,0,1,1,3,0,1.5733506433193472
2436,32.96,49,131,239.6,0.059176,51,0,0,0,0,0,1,2,1,2,1.720730360657831
2437,32.98,49,142,240.6,0.059146,51,0,0,0,0,0,1,0,0,1,1.835064680487854
2438,33.0,33,81,150.8,0.059117,33,0,0,0,1,1,0,1,3,1,1.8418202392745737
2439,33.01,20,52,85.8,0.059087,20,0,0,0,1,1,0,4,1,0,1.4582907198476962
2440,33.02,35,82,164.8,0.059058,36,0,0,0,1,1,0,2,1,0,1.7331990615019441
2441,33.04,38,134,170.6,0.059028,38,0,0,0,1,1,0,1,1,0,1.6544836234441238
2442,33.06,49,143,238.4,0.058999,51,0,0,0,0,0,1,2,2,2,1.939992635264503
2443,33.08,49,138,241.0,0.058969,51,0,0,0,0,0,1,0,2,1,1.7041400550171084
2444,33.1,49,137,238.2,0.05894,51,0,0,0,0,0,1,3,1,0,1.7813425196756294
2445,33.12,49,123,240.6,0.05891,51,0,0,0,0,0,1,2,0,0,1.6712453729830417
2446,33.14,49,149,238.9,0.058881,51,0,0,0,0,0,1,1,2,1,1.816807139358172
2447,33.16,49,132,240.7,0.058851,51,0,0,0,0,0,1,1,1,0,1.8595639947874651
2448,33.17,1,58,-10.8,0.058822,1,0,0,0,1,1,0,5,1,0,0.900063858733085
2449,33.18,3,21,3.8,0.058792,3,0,0,0,1,1,0,4,1,1,3.935390283512411
2450,33.2,49,137,239.0,0.058763,51,0,0,0,0,0,1,2,0,2,1.6106064054335767
2451,33.22,49,128,238.8,0.058734,51,0,0,0,0,0,1,3,1,3,1.9918313074109602
2452,33.22,3,12,12.8,0.058704,4,0,0,0,1,1,0,1,1,0,2.790511353812209
2453,33.24,49,130,239.8,0.058675,51,0,0,0,0,0,1,2,1,1,2.1504327569920796
2454,33.26,49,143,237.4,0.058645,51,0,0,0,0,0,1,3,1,2,1.8968730926500998
2455,33.28,15,130,55.9,0.058616,15,0,0,0,1,1,0,1,1,1,0.92340729362191
2456,33.31,49,148,238.9,0.058587,51,0,0,0,0,0,1,1,3,2,1.7089031510461241
2457,33.31,15,29,63.1,0.058558,15,0,0,0,1,1,0,4,1,0,2.4902031383416214
2458,33.33,38,99,169.0,0.058528,38,0,0,0,1,1,0,6,3,1,1.811500864561801
2459,33.35,49,166,218.2,0.058499,49,0,0,0,1,1,0,5,1,2,1.9414110553524855
2460,33.37,49,122,242.6,0.05847,51,0,0,0,0,0,1,0,0,1,1.6791082721376582
2461,33.38,19,48,84.2,0.058441,19,0,0,0,1,1,0,1,1,0,1.6544348748460032
2462,33.39,25,55,110.4,0.058411,25,0,0,0,1,1,0,4,1,1,1.6640222169619294
2463,33.41,49,133,238.4,0.058382,51,0,0,0,0,0,1,3,1,2,1.9527216475565585
2464,33.43,43,125,192.5,0.058353,43,0,0,0,1,1,0,5,1,0,1.930634833840999
2465,33.45,49,141,240.6,0.058324,51,0,0,0,0,0,1,0,0,2,1.7077070071473122
2466,33.46,19,46,85.3,0.058295,19,0,0,0,1,1,0,0,1,1,1.9161500687182136
2467,33.48,49,135,224.3,0.058265,49,0,0,0,1,1,0,2,2,2,1.840582980389747
2468,33.49,25,49,115.1,0.058236,25,0,0,0,1,1,0,0,1,0,2.286660556521359
2469,33.51,49,146,239.0,0.058207,51,0,0,0,0,0,1,1,1,3,1.8835434716391437
2470,33.52,9,17,38.3,0.058178,9,0,0,0,1,1,0,0,1,0,2.9126421262889637
2471,33.54,49,124,239.4,0.058149,51,0,0,0,0,0,1,3,2,1,1.5553167962708712
2472,33.56,50,145,227.4,0.05812,50,0,0,0,1,1,0,3,2,1,1.5540977838433818
2473,33.58,50,150,232.7,0.058091,50,0,0,0,0,0,1,2,4,2,1.732400099314446
2474,33.6,49,139,238.8,0.058062,51,0,0,0,0,0,1,2,2,2,1.9157633491562889
2475,33.62,40,86,184.4,0.058033,40,0,0,0,1,1,0,2,2,0,1.8068801784082609
2476,33.64,49,146,234.1,0.058004,51,0,0,0,0,0,1,6,0,2,1.72153240211033
2477,33.66,49,135,238.4,0.057975,51,0,0,0,0,0,1,3,1,0,1.7613204645419225
2478,33.68,49,147,240.1,0.057946,51,0,0,0,0,0,1,0,0,1,2.0463419653857193
2479,33.69,13,42,54.6,0.057917,13,0,0,0,1,1,0,1,1,2,2.7034685906315588
2480,33.7,34,94,154.6,0.057888,34,0,0,0,1,1,0,1,1,0,1.939701021103173
2481,33.73,49,150,238.8,0.057859,51,0,0,0,0,0,1,1,2,1,1.717306768027997
2482,33.75,49,140,237.6,0.05783,51,0,0,0,0,0,1,3,3,3,1.6051151008963607
2483,33.77,49,129,240.0,0.057801,51,0,0,0,0,0,1,2,0,0,2.004840272834746
2484,33.79,49,132,236.7,0.057772,51,0,0,0,0,0,1,5,0,0,1.6944639801798207
2485,33.81,49,135,237.3,0.057743,51,0,0,0,0,0,1,4,1,1,2.1664618695701496
2486,33.81,9,19,41.0,0.057714,10,0,0,0,1,1,0,2,1,1,2.772504724347652
2487,33.82,7,15,27.2,0.057686,7,0,0,0,1,1,0,1,1,3,3.156523470506069
2488,33.82,4,13,15.7,0.057657,5,0,0,0,1,1,0,3,1,0,4.137598740295394
2489,33.83,13,46,58.4,0.057628,14,0,0,0,1,1,0,2,1,0,1.8857291498863311
2490,33.83,17,43,75.7,0.057599,17,0,0,0,1,1,0,0,1,0,1.7686720270324188
2491,33.84,6,31,16.9,0.05757,6,0,0,0,1,1,0,5,1,0,2.4102842059241447
2492,33.84,8,27,29.3,0.057541,8,0,0,0,1,1,0,3,1,0,2.106377282041493
2493,33.85,20,45,85.5,0.057513,20,0,0,0,1,1,0,5,1,0,2.077694519926569
2494,33.86,2,25,-0.6,0.057484,2,0,0,0,1,1,0,3,1,1,2.669581614267208
2495,33.87,8,92,20.2,0.057455,9,0,0,0,1,1,0,10,1,6,1.861495363273607
2496,33.88,3,19,4.1,0.057426,3,0,0,0,1,1,0,4,1,0,2.5761072320041714
2497,33.88,14,45,60.5,0.057398,14,0,0,0,1,1,0,0,1,0,1.8674499719010447
2498,33.89,16,28,72.1,0.057369,16,0,0,0,1,1,0,0,1,1,3.150910743202951
2499,33.9,20,62,84.7,0.05734,20,0,0,0,1,1,0,4,1,1,2.180756086716408
2500,33.91,12,46,49.2,0.057312,12,0,0,0,1,1,0,1,1,2,2.0214376789643738
2501,33.91,14,45,57.0,0.057283,14,0,0,0,1,1,0,3,2,5,2.082431937063606
2502,33.93,25,113,100.0,0.057254,25,0,0,0,1,1,0,8,2,7,1.7522127436739474
2503,33.95,36,97,158.7,0.057226,36,0,0,0,1,1,0,6,3,6,1.9660345848217604
2504,33.95,4,18,7.1,0.057197,4,0,0,0,1,1,0,6,1,1,2.693068563911946
2505,33.96,22,58,95.0,0.057169,22,0,0,0,1,1,0,4,1,2,1.7865479517490561
2506,33.98,44,105,201.5,0.05714,44,0,0,0,1,1,0,3,1,0,1.961992447123495
2507,34.0,49,133,238.4,0.057111,51,0,0,0,0,0,1,3,0,2,1.855567306666432
2508,34.02,45,119,205.0,0.057083,45,0,0,0,1,1,0,3,2,1,1.7368405839313812
2509,34.04,43,117,193.3,0.057054,43,0,0,0,1,1,0,5,3,0,2.184660098353045
2510,34.05,37,108,164.9,0.057026,37,0,0,0,1,1,0,4,2,3,1.9680699021266486
2511,34.06,2,11,0.5,0.056997,2,0,0,0,1,1,0,3,1,4,3.3644625629433538
2512,34.07,50,114,236.5,0.056969,50,0,0,0,0,0,1,2,2,0,1.7393806975675679
2513,34.08,6,21,19.9,0.05694,6,0,0,0,1,1,0,3,1,0,2.7666868930979747
2514,34.1,45,150,197.9,0.056912,45,0,0,0,1,1,0,7,2,1,1.7280806219527707
2515,34.1,4,16,10.4,0.056883,4,0,0,0,1,1,0,3,1,0,2.582156937791395
2516,34.11,19,45,85.4,0.056855,19,0,0,0,1,1,0,0,1,1,1.7315330645837264
2517,34.12,31,79,139.0,0.056826,31,0,0,0,1,1,0,3,1,1,1.7313486265483813
2518,34.14,37,99,167.1,0.056798,37,0,0,0,1,1,0,3,1,0,1.9205991143128145
2519,34.16,47,146,212.3,0.05677,47,0,0,0,1,1,0,3,2,1,1.746568866483934
2520,34.18,40,110,177.9,0.056741,40,0,0,0,1,1,0,6,1,1,1.9911210271872615
2521,34.2,34,104,151.5,0.056713,34,0,0,0,1,1,0,3,2,1,1.6065009232393817
2522,34.21,30,97,131.3,0.056685,30,0,0,0,1,1,0,4,3,0,2.1204033030788505
2523,34.22,31,69,143.1,0.056656,31,0,0,0,1,1,0,0,1,0,1.8421901658233277
2524,34.23,24,61,105.9,0.056628,24,0,0,0,1,1,0,3,1,0,2.076605566934865
2525,34.25,25,129,104.0,0.0566,25,0,0,0,1,1,0,3,1,1,1.9219420004365946
2526,34.26,13,40,52.0,0.056571,13,0,0,0,1,1,0,4,2,0,2.3860246602092317
2527,34.26,3,5,9.5,0.056543,3,0,0,0,1,1,0,0,1,0,6.24314468057504
2528,34.26,0,13,-10.3,0.056515,0,0,0,0,1,1,0,4,1,0,2.2668316697698208
2529,34.27,8,18,32.2,0.056486,8,0,0,0,1,1,0,1,1,0,3.5892783392612557
2530,34.28,43,107,194.2,0.056458,43,0,0,0,1,1,0,5,1,1,1.8314591407931522
2531,34.29,29,63,133.7,0.05643,29,0,0,0,1,1,0,0,2,0,2.3558866345423075
2532,34.32,50,155,229.9,0.056402,50,0,0,0,0,0,1,4,3,5,1.709346530852307
2533,34.34,50,147,227.1,0.056374,50,0,0,0,1,1,0,3,5,2,1.7253793594626994
2534,34.36,47,123,212.5,0.056345,47,0,0,0,1,1,0,5,2,2,2.018673192187631
2535,34.38,31,85,141.0,0.056317,31,0,0,0,1,1,0,0,4,5,1.9646414460799198
2536,34.39,42,114,189.4,0.056289,42,0,0,0,1,1,0,4,1,2,1.6333513866955718
2537,34.4,15,32,65.8,0.056261,15,0,0,0,1,1,0,1,1,0,2.4130436272473617
2538,34.42,49,158,238.0,0.056233,51,0,0,0,0,0,1,1,0,1,1.8048258140606717
2539,34.43,15,29,67.1,0.056205,15,0,0,0,1,1,0,0,1,0,2.245126533561706
2540,34.45,49,118,239.1,0.056177,51,0,0,0,0,0,1,4,0,0,1.8229591552036113
2541,34.46,44,117,200.3,0.056148,44,0,0,0,1,1,0,3,1,0,1.7331736291325348
2542,34.47,7,16,25.4,0.05612,7,0,0,0,1,1,0,3,1,0,3.362636855466317
2543,34.48,28,64,132.5,0.056092,29,0,0,0,1,1,0,1,1,1,2.5555591871253656
2544,34.5,49,152,235.5,0.056064,51,0,0,0,0,0,1,4,0,2,1.856186597417073
2545,34.52,49,149,237.0,0.056036,51,0,0,0,0,0,1,3,0,0,2.009895199557766
2546,34.53,27,60,123.9,0.056008,27,0,0,0,1,1,0,0,1,1,2.0692924078239465
2547,34.56,49,144,239.5,0.05598,51,0,0,0,0,0,1,1,1,0,1.8405800891495119
2548,34.58,49,147,237.2,0.055952,51,0,0,0,0,0,1,3,0,0,1.8474758913995106
2549,34.59,10,32,37.4,0.055924,10,0,0,0,1,1,0,4,1,4,2.016168764639823
2550,34.61,49,144,239.3,0.055896,51,0,0,0,0,0,1,1,1,2,2.0098738627371073
2551,34.63,49,145,238.3,0.055868,51,0,0,0,0,0,1,2,0,1,1.7757937552825898
2552,34.65,49,138,240.8,0.05584,51,0,0,0,0,0,1,0,0,3,1.809281803507711
2553,34.68,49,144,239.5,0.055813,51,0,0,0,0,0,1,1,2,0,1.7684479741507066
2554,34.69,18,49,77.1,0.055785,18,0,0,0,1,1,0,3,1,0,2.3785380476137488
2555,34.71,49,127,240.2,0.055757,51,0,0,0,0,0,1,2,0,0,1.8557278038064862
2556,34.73,49,150,236.9,0.055729,51,0,0,0,0,0,1,3,2,0,1.9290757640532643
2557,34.75,49,131,238.8,0.055701,51,0,0,0,0,0,1,3,0,0,1.7888877484913095
2558,34.77,49,143,237.5,0.055673,51,0,0,0,0,0,1,3,2,1,1.7350642343165386
2559,34.79,49,133,241.6,0.055645,51,0,0,0,0,0,1,0,0,0,1.8309711471434762
2560,34.8,9,21,35.9,0.055617,9,0,0,0,1,1,0,2,1,0,2.348712173442336
2561,34.82,49,143,238.4,0.05559,51,0,0,0,0,0,1,2,1,2,1.9747242614943141
2562,34.83,11,25,45.2,0.055562,11,0,0,0,1,1,0,2,1,3,2.6817012577249635
2563,34.84,38,116,168.3,0.055534,38,0,0,0,1,1,0,5,3,1,2.2824933416758095
2564,34.85,2,7,3.3,0.055506,2,0,0,0,1,1,0,1,1,0,5.091920974274619
2565,34.87,49,142,235.5,0.055479,51,0,0,0,0,0,1,5,2,2,1.7457720757484412
2566,34.87,6,13,22.6,0.055451,6,0,0,0,1,1,0,1,1,1,3.1045702524886156
2567,34.89,37,105,166.4,0.055423,37,0,0,0,1,1,0,3,1,1,1.686693859569286
2568,34.9,29,68,130.2,0.055395,29,0,0,0,1,1,0,3,1,0,2.052786778555105
2569,34.92,37,96,170.3,0.055368,37,0,0,0,1,1,0,0,1,1,2.1179378831141347
2570,34.92,18,52,78.7,0.05534,18,0,0,0,1,1,0,1,2,1,1.8830399017999868
2571,34.95,49,155,236.3,0.055312,51,0,0,0,0,0,1,3,1,1,1.6344285631769695
2572,34.97,49,136,237.2,0.055285,51,0,0,0,0,0,1,4,2,1,1.743582942720545
2573,34.97,2,6,0.4,0.055257,2,0,0,0,1,1,0,4,1,0,7.413872778238338
2574,34.98,4,16,10.2,0.055229,4,0,0,0,1,1,0,3,1,2,3.620759697722993
2575,35.0,49,163,235.2,0.055202,51,0,0,0,0,0,1,3,1,4,1.6778597412839198
2576,35.03,49,171,234.6,0.055174,51,0,0,0,0,0,1,3,2,2,1.8751978963973346
2577,35.04,34,74,153.6,0.055147,34,0,0,0,1,1,0,4,1,0,1.8443404552954725
2578,35.06,49,136,240.3,0.055119,51,0,0,0,0,0,1,1,1,0,1.9193526444225202
2579,35.06,8,23,29.7,0.055091,8,0,0,0,1,1,0,3,1,0,2.380189819984159
2580,35.08,32,77,144.2,0.055064,32,0,0,0,1,1,0,3,2,1,1.7761559284274868
2581,35.1,49,139,238.0,0.055036,51,0,0,0,0,0,1,3,3,0,2.075276281465694
2582,35.12,49,145,239.2,0.055009,51,0,0,0,0,0,1,1,0,2,1.960664090109629
2583,35.15,49,143,236.6,0.054981,51,0,0,0,0,0,1,4,2,0,1.6895470308621525
2584,35.17,49,144,239.5,0.054954,51,0,0,0,0,0,1,1,0,0,1.9441838261200324
2585,35.17,4,15,11.5,0.054926,4,0,0,0,1,1,0,2,1,0,2.598394398805192
2586,35.18,32,78,142.1,0.054899,32,0,0,0,1,1,0,5,1,1,2.122811103747225
2587,35.19,3,14,5.4,0.054871,3,0,0,0,1,1,0,3,1,2,2.69708208143551
2588,35.2,26,60,117.0,0.054844,26,0,0,0,1,1,0,2,1,0,1.815698513538732
2589,35.2,5,34,12.3,0.054817,5,0,0,0,1,1,0,4,1,3,1.9058306870119675
2590,35.22,31,75,137.4,0.054789,31,0,0,0,1,1,0,5,3,1,1.877126417400803
2591,35.22,11,32,44.6,0.054762,11,0,0,0,1,1,0,2,1,2,2.4006211432493885
2592,35.23,27,68,118.1,0.054734,27,0,0,0,1,1,0,5,1,1,1.7711023045794816
2593,35.25,48,130,216.6,0.054707,48,0,0,0,1,1,0,5,5,4,1.9120971037250887
2594,35.26,18,48,80.2,0.05468,18,0,0,0,1,1,0,0,2,0,1.8501836913828964
2595,35.28,49,137,239.1,0.054652,51,0,0,0,0,0,1,2,1,1,1.6887937291224941
2596,35.3,49,115,242.4,0.054625,51,0,0,0,0,0,1,1,1,0,1.9620458567410883
2597,35.3,5,9,19.1,0.054598,5,0,0,0,1,1,0,0,1,0,4.445980843886908
2598,35.33,49,133,240.6,0.05457,51,0,0,0,0,0,1,1,1,0,1.5860476268991484
2599,35.35,46,124,209.5,0.054543,46,0,0,0,1,1,0,3,1,1,1.8080758290672851
2600,35.37,49,144,240.3,0.054516,51,0,0,0,0,0,1,0,1,2,2.093761130245308
2601,35.39,48,118,218.2,0.054489,48,0,0,0,1,1,0,5,2,0,1.7099465425056641
2602,35.41,44,136,198.3,0.054461,44,0,0,0,1,1,0,3,4,1,1.9532636886280335
2603,35.43,49,129,223.0,0.054434,49,0,0,0,1,1,0,4,2,1,1.5878800861071989
2604,35.45,49,125,242.3,0.054407,51,0,0,0,0,0,1,0,3,1,2.1470406566132167
2605,35.47,49,119,241.7,0.05438,51,0,0,0,0,0,1,1,0,3,1.9118362551331498
2606,35.5,49,179,234.8,0.054353,51,0,0,0,0,0,1,2,2,2,1.8103348776553396
2607,35.52,49,129,240.7,0.054325,51,0,0,0,0,0,1,1,0,3,1.8335704425685027
2608,35.54,26,112,110.8,0.054298,26,0,0,0,1,1,0,3,1,0,2.0199798324447036
2609,35.56,49,142,238.3,0.054271,51,0,0,0,0,0,1,2,1,4,1.907622222959033
2610,35.57,12,40,47.4,0.054244,12,0,0,0,1,1,0,3,2,6,1.9959809584740498
2611,35.59,49,158,237.1,0.054217,51,0,0,0,0,0,1,2,1,0,1.9409530295604727
2612,35.59,1,6,-3.6,0.05419,1,0,0,0,1,1,0,3,1,0,6.857105173014264
2613,35.61,49,135,239.1,0.054163,51,0,0,0,0,0,1,2,1,3,1.8994990517254544
2614,35.64,49,157,236.2,0.054136,51,0,0,0,0,0,1,3,0,0,1.883999204186944
2615,35.66,49,123,241.6,0.054108,51,0,0,0,0,0,1,1,1,0,1.8763018654366985
2616,35.68,50,146,224.3,0.054081,50,0,0,0,1,1,0,6,2,1,1.8260025753628801
2617,35.7,49,125,241.1,0.054054,51,0,0,0,0,0,1,1,1,3,1.8640515316266433
2618,35.71,18,48,77.1,0.054027,18,0,0,0,1,1,0,3,1,1,1.9570155000200675
2619,35.73,49,126,242.1,0.054,51,0,0,0,0,0,1,0,0,2,1.8364490238321274
2620,35.77,49,247,226.1,0.053973,51,0,0,0,0,0,1,4,1,1,1.4870260657092573
2621,35.79,49,154,235.1,0.053946,51,0,0,0,0,0,1,4,1,4,1.7527268172094204
2622,35.8,15,49,62.7,0.053919,15,0,0,0,1,1,0,2,1,4,1.9744121424396308
2623,35.82,49,146,240.1,0.053892,51,0,0,0,0,0,1,0,0,2,1.5799063642448872
2624,35.83,26,57,119.2,0.053865,26,0,0,0,1,1,0,0,2,1,1.5550692451955737
2625,35.85,40,105,183.4,0.053839,40,0,0,0,1,1,0,1,1,1,1.474465140683963
2626,35.86,28,64,127.5,0.053812,28,0,0,0,1,1,0,1,2,1,1.952065313670797
2627,35.87,20,52,85.7,0.053785,20,0,0,0,1,1,0,4,1,1,2.0702343290975636
2628,35.89,48,135,220.4,0.053758,48,0,0,0,1,1,0,1,3,1,1.9392436542061513
2629,35.9,27,71,120.7,0.053731,27,0,0,0,1,1,0,2,2,2,1.8798356643385905
2630,35.93,49,151,235.6,0.053704,51,0,0,0,0,0,1,4,0,2,1.6988302589722455
2631,35.95,49,138,240.0,0.053677,51,0,0,0,0,0,1,1,1,1,1.743643897261402
2632,35.97,49,120,241.9,0.05365,51,0,0,0,0,0,1,1,0,0,1.7224852007600004
2633,35.99,49,175,220.1,0.053624,49,0,0,0,1,1,0,2,1,4,1.5358523254996537
2634,36.0,3,13,12.7,0.053597,4,0,0,0,1,1,0,1,1,0,3.0143958096315178
2635,36.02,49,147,238.0,0.05357,51,0,0,0,0,0,1,2,1,2,1.7167508058223975
2636,36.04,49,138,240.0,0.053543,51,0,0,0,0,0,1,1,1,1,1.7375562574511225
2637,36.06,49,124,242.4,0.053516,51,0,0,0,0,0,1,0,1,1,1.7542456104291275
2638,36.08,49,123,242.5,0.05349,51,0,0,0,0,0,1,0,2,1,1.823032278593525
2639,36.09,17,47,69.2,0.053463,17,0,0,0,1,1,0,6,1,1,2.1641416246064
2640,36.1,37,101,164.8,0.053436,37,0,0,0,1,1,0,5,1,1,2.007845605201242
2641,36.11,20,43,90.6,0.053409,20,0,0,0,1,1,0,0,1,1,1.7989039697883094
2642,36.14,49,189,229.2,0.053383,51,0,0,0,0,0,1,6,2,8,1.757899431585199
2643,36.16,39,95,184.3,0.053356,40,0,0,0,1,1,0,1,2,2,1.692891381745296
2644,36.17,33,94,142.4,0.053329,33,0,0,0,1,1,0,8,2,2,1.8272293838914735
2645,36.18,7,20,25.8,0.053303,7,0,0,0,1,1,0,2,1,2,2.1118617672950712
2646,36.18,3,16,4.3,0.053276,3,0,0,0,1,1,0,4,1,1,3.056301110368658
2647,36.18,3,15,3.4,0.053249,3,0,0,0,1,1,0,5,1,1,2.960322370921719
2648,36.19,20,70,81.9,0.053223,20,0,0,0,1,1,0,6,3,1,1.7104887411511855
2649,36.21,31,77,138.3,0.053196,31,0,0,0,1,1,0,4,1,0,1.8343596257371404
2650,36.21,14,36,56.4,0.05317,14,0,0,0,1,1,0,5,1,0,2.436854938364908
2651,36.24,49,134,238.2,0.053143,51,0,0,0,0,0,1,3,1,3,2.0839118532049397
2652,36.25,34,90,149.0,0.053116,34,0,0,0,1,1,0,7,2,0,1.7242963167082936
2653,36.27,46,127,211.2,0.05309,46,0,0,0,1,1,0,1,3,1,1.646874884770445
2654,36.28,10,27,39.3,0.053063,10,0,0,0,1,1,0,3,1,0,1.8918671369330076
2655,36.29,39,98,176.2,0.053037,39,0,0,0,1,1,0,4,1,0,1.8336512600445358
2656,36.3,15,47,60.8,0.05301,15,0,0,0,1,1,0,4,1,5,2.0294975745744748
2657,36.31,18,49,76.9,0.052984,18,0,0,0,1,1,0,3,1,2,1.8979831337789161
2658,36.31,3,15,3.5,0.052957,3,0,0,0,1,1,0,5,1,0,2.9886037920479454
2659,36.34,37,165,158.3,0.052931,37,0,0,0,1,1,0,5,2,2,1.4741696519402159
2660,36.34,1,8,-4.8,0.052904,1,0,0,0,1,1,0,4,1,0,3.6702989614431
2661,36.35,4,34,7.0,0.052878,4,0,0,0,1,1,0,4,1,6,2.1156688502385173
2662,36.35,16,44,62.3,0.052851,16,0,0,0,1,1,0,8,1,3,2.019440408545168
2663,36.36,25,63,110.4,0.052825,25,0,0,0,1,1,0,3,1,3,2.279298985776631
2664,36.39,49,159,237.7,0.052799,51,0,0,0,0,0,1,1,2,3,2.267626517639466
2665,36.41,49,151,237.8,0.052772,51,0,0,0,0,0,1,2,2,0,1.8945892616301039
2666,36.42,8,26,29.2,0.052746,8,0,0,0,1,1,0,3,1,2,2.2919722827814994
2667,36.42,3,19,4.0,0.052719,3,0,0,0,1,1,0,4,1,1,3.0244162719816905
2668,36.43,8,35,28.4,0.052693,8,0,0,0,1,1,0,3,1,1,2.0542182921898373
2669,36.43,1,14,-4.5,0.052667,1,0,0,0,1,1,0,3,1,1,3.7108696157080687
2670,36.45,39,95,176.0,0.05264,39,0,0,0,1,1,0,4,2,5,2.3515668483612315
2671,36.45,0,6,-7.7,0.052614,0,0,0,0,1,1,0,2,1,1,4.547585282518548
2672,36.45,2,10,1.0,0.052588,2,0,0,0,1,1,0,3,1,0,3.2770903831938876
2673,36.46,16,47,67.0,0.052561,16,0,0,0,1,1,0,3,1,3,2.208589888859754
2674,36.47,35,92,157.7,0.052535,35,0,0,0,1,1,0,3,1,1,2.0310215956449134
2675,36.49,37,107,166.9,0.052509,37,0,0,0,1,1,0,2,1,4,1.8566928327900563
2676,36.51,32,86,141.2,0.052483,32,0,0,0,1,1,0,5,2,2,2.2742414151998593
2677,36.52,46,116,208.1,0.052456,46,0,0,0,1,1,0,5,2,3,1.8359331321300614
2678,36.54,46,122,208.8,0.05243,46,0,0,0,1,1,0,4,3,0,1.87285312877755
2679,36.57,35,149,148.8,0.052404,35,0,0,0,1,1,0,6,4,3,1.9894698723771151
2680,36.59,35,98,154.2,0.052378,35,0,0,0,1,1,0,6,1,0,1.8342894345468135
2681,36.59,12,33,48.6,0.052352,12,0,0,0,1,1,0,3,1,1,2.156286252320541
2682,36.61,32,94,142.4,0.052325,32,0,0,0,1,1,0,3,3,2,1.6763363768919581
2683,36.61,2,7,0.3,0.052299,2,0,0,0,1,1,0,4,1,0,4.257237982283541
2684,36.62,21,55,91.4,0.052273,21,0,0,0,1,1,0,3,2,1,2.030480212916058
2685,36.63,21,51,91.8,0.052247,21,0,0,0,1,1,0,3,1,1,1.974930646769521
2686,36.65,40,123,178.6,0.052221,40,0,0,0,1,1,0,4,2,1,1.780934562035838
2687,36.67,43,128,189.1,0.052195,43,0,0,0,1,1,0,8,3,1,1.7431019753202546
2688,36.68,4,48,8.1,0.052169,4,0,0,0,1,1,0,2,1,1,2.2131535812047525
2689,36.68,3,10,6.8,0.052143,3,0,0,0,1,1,0,2,1,2,3.0099120539011732
2690,36.68,3,24,-0.4,0.052116,3,0,0,0,1,1,0,8,2,0,3.296806550672906
2691,36.68,4,13,8.7,0.05209,4,0,0,0,1,1,0,5,1,0,3.512911162594257
2692,36.7,32,87,142.1,0.052064,32,0,0,0,1,1,0,4,3,2,2.0404525814350873
2693,36.71,32,72,147.5,0.052038,32,0,0,0,1,1,0,0,3,3,2.502747325809724
2694,36.73,33,120,146.0,0.052012,33,0,0,0,1,1,0,2,1,0,1.9106193738796067
2695,36.74,14,29,62.1,0.051986,14,0,0,0,1,1,0,0,1,0,2.1655678280098662
2696,36.75,41,110,182.9,0.05196,41,0,0,0,1,1,0,6,1,1,2.1867631344319394
2697,36.76,10,20,42.0,0.051934,10,0,0,0,1,1,0,1,1,0,3.1235711709452243
2698,36.76,16,39,68.1,0.051908,16,0,0,0,1,1,0,3,1,0,2.045258192665116
2699,36.78,42,120,187.9,0.051882,42,0,0,0,1,1,0,5,2,1,1.8385146854909626
2700,36.8,34,127,139.6,0.051856,34,0,0,0,1,1,0,12,1,7,1.6914639332431112
2701,36.81,11,38,43.1,0.051831,11,0,0,0,1,1,0,3,2,1,2.0962219416694845
2702,36.82,12,28,49.2,0.051805,12,0,0,0,1,1,0,3,1,0,2.0932348937180874
2703,36.83,23,63,96.3,0.051779,23,0,0,0,1,1,0,7,3,4,2.3595838060930796
2704,36.84,30,85,128.1,0.051753,30,0,0,0,1,1,0,8,3,4,2.1471355421257163
2705,36.87,49,178,233.0,0.051727,51,0,0,0,0,0,1,4,0,1,1.872821129250117
2706,36.89,49,135,240.4,0.051701,51,0,0,0,0,0,1,1,1,0,2.0963057313688864
2707,36.91,49,139,241.0,0.051675,51,0,0,0,0,0,1,0,0,0,1.925288118664986
2708,36.92,19,47,82.9,0.051649,19,0,0,0,1,1,0,2,1,4,1.5279008376351828
2709,36.92,2,19,5.8,0.051624,3,0,0,0,1,1,0,2,1,3,2.8321700827553564
2710,36.94,27,61,120.8,0.051598,27,0,0,0,1,1,0,3,1,1,1.6910390230762717
2711,36.94,23,54,100.6,0.051572,23,0,0,0,1,1,0,4,1,0,1.9445516216104064
2712,36.96,32,75,143.1,0.051546,32,0,0,0,1,1,0,4,1,4,2.281991846368187
2713,36.98,41,126,182.2,0.05152,41,0,0,0,1,1,0,5,3,2,1.887760338885972
2714,36.99,37,95,166.4,0.051495,37,0,0,0,1,1,0,4,1,1,1.9558920508791273
2715,37.02,49,143,236.4,0.051469,51,0,0,0,0,0,1,4,2,2,1.9303978771597434
2716,37.03,29,73,131.6,0.051443,29,0,0,0,1,1,0,1,2,1,2.3295110363939884
2717,37.05,49,154,237.5,0.051417,51,0,0,0,0,0,1,2,3,0,1.9072178694827104
2718,37.1,49,274,222.2,0.051392,51,0,0,0,0,0,1,5,1,3,1.3807582795602213
2719,37.12,49,154,237.3,0.051366,51,0,0,0,0,0,1,2,1,2,1.9175802775075805
2720,37.14,45,157,198.3,0.05134,45,0,0,0,1,1,0,6,2,0,1.7368349472995408
2721,37.15,29,59,132.0,0.051315,29,0,0,0,1,1,0,2,2,1,1.66640512097191
2722,37.18,50,139,227.8,0.051289,50,0,0,0,1,1,0,3,3,3,2.0864109508647406
2723,37.2,49,139,240.8,0.051263,51,0,0,0,0,0,1,0,0,2,2.0159550609239765
2724,37.22,41,171,177.5,0.051238,41,0,0,0,1,1,0,5,1,4,1.5926318106162805
2725,37.23,7,19,26.7,0.051212,7,0,0,0,1,1,0,1,1,4,1.8947216207411264
2726,37.25,50,139,227.9,0.051187,50,0,0,0,1,1,0,3,4,2,1.919555003825453
2727,37.27,49,127,238.2,0.051161,51,0,0,0,0,0,1,4,0,0,1.8204315942260043
2728,37.29,49,131,241.8,0.051135,51,0,0,0,0,0,1,0,1,0,1.8624255754326093
2729,37.3,9,20,36.9,0.05111,9,0,0,0,1,1,0,1,1,1,2.4469024374795882
2730,37.32,49,137,239.1,0.051084,51,0,0,0,0,0,1,2,1,1,1.6232752430575739
2731,37.34,49,127,242.2,0.051059,51,0,0,0,0,0,1,0,0,0,1.9107119912113677
2732,37.36,49,132,241.6,0.051033,51,0,0,0,0,0,1,0,1,1,1.9159861298524625
2733,37.36,1,8,-4.8,0.051008,1,0,0,0,1,1,0,4,1,0,4.497465672849552
2734,37.38,49,149,236.9,0.050982,51,0,0,0,0,0,1,3,0,1,1.8841198959570522
2735,37.41,49,138,238.1,0.050957,51,0,0,0,0,0,1,3,2,0,1.9651804242180337
2736,37.43,49,140,239.8,0.050931,51,0,0,0,0,0,1,1,3,1,1.7087708639105725
2737,37.45,49,128,242.0,0.050906,51,0,0,0,0,0,1,0,0,1,1.8477348567668597
2738,37.47,49,154,237.4,0.05088,51,0,0,0,0,0,1,2,0,1,1.6933229059900756
2739,37.47,6,14,22.6,0.050855,6,0,0,0,1,1,0,1,1,0,2.8920081372837365
2740,37.49,48,122,218.6,0.050829,48,0,0,0,1,1,0,4,3,2,1.8810682465506363
2741,37.52,49,152,238.4,0.050804,51,0,0,0,0,0,1,1,1,3,1.875801689413071
2742,37.52,3,7,8.3,0.050779,3,0,0,0,1,1,0,1,1,0,3.8863323064798956
2743,37.54,49,129,242.0,0.050753,51,0,0,0,0,0,1,0,2,0,1.524953156066523
2744,37.56,49,132,241.7,0.050728,51,0,0,0,0,0,1,0,2,0,1.782169283424365
2745,37.58,49,126,239.2,0.050702,51,0,0,0,0,0,1,3,0,1,1.8736107593805418
2746,37.6,49,140,238.7,0.050677,51,0,0,0,0,0,1,2,1,2,1.770029186017741
2747,37.63,49,143,239.5,0.050652,51,0,0,0,0,0,1,1,2,1,1.8250941811113057
2748,37.64,21,66,91.8,0.050626,21,0,0,0,1,1,0,1,1,6,1.9244994570016627
2749,37.64,10,34,38.5,0.050601,10,0,0,0,1,1,0,3,1,1,2.631509353788552
2750,37.64,3,7,9.3,0.050576,3,0,0,0,1,1,0,0,1,0,5.4962338142425855
2751,37.65,3,12,4.6,0.050551,3,0,0,0,1,1,0,4,1,2,4.051574659972283
2752,37.66,30,79,131.9,0.050525,30,0,0,0,1,1,0,5,2,2,1.9079699428382628
2753,37.67,17,43,72.6,0.0505,17,0,0,0,1,1,0,3,1,1,2.5780471019989233
2754,37.69,48,121,222.9,0.050475,48,0,0,0,1,1,0,0,2,0,1.700994930279695
2755,37.7,21,50,90.0,0.05045,21,0,0,0,1,1,0,5,1,0,2.1290976225690343
2756,37.72,49,121,241.6,0.050424,51,0,0,0,0,0,1,1,1,2,1.9367225818864247
2757,37.74,49,140,239.8,0.050399,51,0,0,0,0,0,1,1,2,1,1.9054439088653645
2758,37.76,49,134,241.0,0.050374,51,0,0,0,0,0,1,0,0,5,1.8410966961693944
2759,37.78,49,127,240.1,0.050349,51,0,0,0,0,0,1,2,1,1,1.935349429788394
2760,37.8,49,132,240.6,0.050324,51,0,0,0,0,0,1,1,1,1,1.7938014259564157
2761,37.82,49,137,240.1,0.050298,51,0,0,0,0,0,1,1,1,1,1.9987417997793724
2762,37.83,0,10,-8.4,0.050273,0,0,0,0,1,1,0,2,1,4,3.94391865693187
2763,37.85,49,131,238.6,0.050248,51,0,0,0,0,0,1,3,1,2,1.8390183486548932
2764,37.87,49,133,236.6,0.050223,51,0,0,0,0,0,1,5,1,0,1.9725748016117488
2765,37.88,18,49,78.1,0.050198,18,0,0,0,1,1,0,2,1,0,2.309886858962025
2766,37.88,3,7,9.3,0.050173,3,0,0,0,1,1,0,0,1,0,4.963077403376206
2767,37.9,49,137,239.2,0.050148,51,0,0,0,0,0,1,2,0,0,1.6392423403511185
2768,37.91,21,43,95.7,0.050123,21,0,0,0,1,1,0,0,1,0,1.9266096320224593
2769,37.93,50,127,233.9,0.050098,50,0,0,0,0,0,1,3,1,3,1.7617884418748133
2770,37.95,49,132,237.5,0.050072,51,0,0,0,0,0,1,4,0,2,1.7821486835344518
2771,37.97,49,156,237.3,0.050047,51,0,0,0,0,0,1,2,1,0,1.8121522287111673
2772,38.0,49,150,238.5,0.050022,51,0,0,0,0,0,1,1,1,4,1.8135101209132667
2773,38.02,49,139,240.9,0.049997,51,0,0,0,0,0,1,0,1,1,1.7346090963004517
2774,38.04,49,135,240.2,0.049972,51,0,0,0,0,0,1,1,1,2,1.732965183491133
2775,38.05,29,80,133.9,0.049947,30,0,0,0,1,1,0,3,2,1,1.6793101428816322
2776,38.08,49,132,240.6,0.049922,51,0,0,0,0,0,1,1,1,1,1.4723934329784036
2777,38.1,46,125,208.4,0.049897,46,0,0,0,1,1,0,4,3,1,1.7926463361367493
2778,38.12,49,132,238.7,0.049873,51,0,0,0,0,0,1,3,0,0,1.5396457308413325
2779,38.14,49,125,241.3,0.049848,51,0,0,0,0,0,1,1,1,1,1.8541005776379562
2780,38.16,50,149,233.1,0.049823,50,0,0,0,0,0,1,1,3,9,1.5043338049900297
2781,38.18,49,146,239.2,0.049798,51,0,0,0,0,0,1,1,1,1,1.67674145839152
2782,38.21,49,146,238.3,0.049773,51,0,0,0,0,0,1,2,1,0,1.7633240241041097
2783,38.23,50,142,231.0,0.049748,50,0,0,0,0,0,1,4,3,7,1.5049175984110306
2784,38.25,49,144,239.3,0.049723,51,0,0,0,0,0,1,1,0,2,1.5840822801900332
2785,38.27,49,141,239.7,0.049698,51,0,0,0,0,0,1,1,0,1,1.6692503385633293
2786,38.29,43,95,205.2,0.049673,44,0,0,0,1,1,0,0,1,3,1.9557695780034459
2787,38.31,49,150,234.9,0.049649,51,0,0,0,0,0,1,5,1,0,1.5790264273190515
2788,38.33,49,150,235.9,0.049624,51,0,0,0,0,0,1,4,0,0,1.564830141359394
2789,38.34,18,50,76.0,0.049599,18,0,0,0,1,1,0,4,1,0,1.949390399943877
2790,38.35,3,19,4.7,0.049574,3,0,0,0,1,1,0,3,1,4,3.179737041296443
2791,38.37,49,132,240.5,0.049549,51,0,0,0,0,0,1,1,2,2,1.797980156670885
2792,38.39,49,168,232.5,0.049525,51,0,0,0,0,0,1,5,1,6,1.799533329788872
2793,38.42,49,152,233.5,0.0495,51,0,0,0,0,0,1,6,1,2,1.7274550404805864
2794,38.44,49,142,239.6,0.049475,51,0,0,0,0,0,1,1,1,1,1.777238310635345
2795,38.46,44,103,203.6,0.04945,44,0,0,0,1,1,0,1,1,1,1.634499302407654
2796,38.48,49,127,239.0,0.049426,51,0,0,0,0,0,1,3,1,2,1.903638958504355
2797,38.5,49,119,241.0,0.049401,51,0,0,0,0,0,1,2,1,0,1.646196764369744
2798,38.52,49,139,239.9,0.049376,51,0,0,0,0,0,1,1,2,1,1.805184470138152
2799,38.54,49,142,238.7,0.049351,51,0,0,0,0,0,1,2,2,0,1.8703141762179698
2800,38.55,13,35,55.1,0.049327,13,0,0,0,1,1,0,1,3,4,2.3762551346368133
2801,38.55,0,6,-8.6,0.049302,0,0,0,0,1,1,0,3,1,0,5.543036115155583
2802,38.56,19,48,81.2,0.049277,19,0,0,0,1,1,0,4,1,0,2.0036174402208804
2803,38.58,49,139,240.0,0.049253,51,0,0,0,0,0,1,1,0,0,1.6508304813939727
2804,38.59,18,45,77.3,0.049228,18,0,0,0,1,1,0,3,1,2,2.248185911999787
2805,38.6,11,28,51.2,0.049204,12,0,0,0,1,1,0,1,1,0,2.0958649839373877
2806,38.62,49,153,237.5,0.049179,51,0,0,0,0,0,1,2,1,1,1.8094212645714693
2807,38.63,19,44,90.6,0.049154,20,0,0,0,1,1,0,0,1,0,2.0088121611429552
2808,38.65,49,133,240.5,0.04913,51,0,0,0,0,0,1,1,1,1,1.5833948696261464
2809,38.66,21,45,94.4,0.049105,21,0,0,0,1,1,0,1,1,1,2.314565176450949
2810,38.68,49,145,239.4,0.049081,51,0,0,0,0,0,1,1,0,0,1.5888604962612578
2811,38.7,49,154,237.2,0.049056,51,0,0,0,0,0,1,2,0,3,1.7108618675610823
2812,38.72,49,129,241.8,0.049032,51,0,0,0,0,0,1,0,3,2,1.6231312446313688
2813,38.73,11,23,44.7,0.049007,11,0,0,0,1,1,0,3,1,0,2.59293147086174
2814,38.74,22,96,91.4,0.048983,22,0,0,0,1,1,0,4,1,0,1.4589804191705447
2815,38.76,45,109,205.9,0.048958,45,0,0,0,1,1,0,3,1,2,1.457961210261284
2816,38.78,49,142,239.6,0.048934,51,0,0,0,0,0,1,1,1,1,1.7840475992042097
2817,38.81,49,153,239.6,0.048909,51,0,0,0,0,0,1,0,0,0,1.7855032038193726
2818,38.82,36,80,172.0,0.048885,37,0,0,0,1,1,0,0,1,0,1.5672294668154936
2819,38.84,47,119,217.1,0.04886,47,0,0,0,1,1,0,1,3,0,1.925478149379101
2820,38.86,46,123,212.6,0.048836,46,0,0,0,1,1,0,0,3,1,1.9432958273380658
2821,38.88,49,144,237.4,0.048811,51,0,0,0,0,0,1,3,1,1,1.7689979631831323
2822,38.89,23,54,104.5,0.048787,23,0,0,0,1,1,0,0,1,1,1.9656989451543598
2823,38.92,49,149,238.0,0.048763,51,0,0,0,0,0,1,2,0,0,1.6997872914963752
2824,38.92,3,8,9.2,0.048738,3,0,0,0,1,1,0,0,1,0,3.9452143746157686
2825,38.92,12,38,50.2,0.048714,12,0,0,0,1,1,0,1,1,0,1.9915715154341216
2826,38.95,49,141,239.7,0.04869,51,0,0,0,0,0,1,1,2,1,1.6279060303745825
2827,38.97,49,144,238.5,0.048665,51,0,0,0,0,0,1,2,1,0,1.8876373887177915
2828,38.99,49,134,239.4,0.048641,51,0,0,0,0,0,1,2,1,1,1.744257029056344
2829,39.01,49,148,236.0,0.048617,51,0,0,0,0,0,1,4,0,1,1.7264877005728956
2830,39.04,49,143,237.5,0.048592,51,0,0,0,0,0,1,3,0,1,1.5978029287535882
2831,39.06,49,148,238.9,0.048568,51,0,0,0,0,0,1,1,1,2,1.8169391107254336
2832,39.08,43,114,196.3,0.048544,43,0,0,0,1,1,0,2,1,3,1.8829651584081064
2833,39.1,49,131,239.8,0.048519,51,0,0,0,0,0,1,2,3,0,1.629460786656295
2834,39.12,49,141,239.6,0.048495,51,0,0,0,0,0,1,1,2,2,1.4740976662686693
2835,39.14,49,126,240.3,0.048471,51,0,0,0,0,0,1,2,0,0,1.715428333241573
2836,39.16,49,131,240.8,0.048447,51,0,0,0,0,0,1,1,2,0,1.6688900477124429
2837,39.18,45,116,207.2,0.048422,45,0,0,0,1,1,0,1,3,2,1.4005620533805512
2838,39.2,50,122,233.5,0.048398,50,0,0,0,0,0,1,4,2,2,1.5453852735017075
2839,39.22,49,132,239.5,0.048374,51,0,0,0,0,0,1,2,1,2,1.582849818541132
2840,39.23,18,40,80.0,0.04835,18,0,0,0,1,1,0,1,1,0,1.8892932198407315
2841,39.23,1,7,-3.7,0.048326,1,0,0,0,1,1,0,3,1,0,4.890587713644097
2842,39.25,49,136,240.3,0.048301,51,0,0,0,0,0,1,1,0,0,1.9090800053792518
2843,39.27,49,147,236.2,0.048277,51,0,0,0,0,0,1,4,1,0,1.8073640474157011
2844,39.29,49,126,240.9,0.048253,51,0,0,0,0,0,1,1,2,4,1.9227478503599529
2845,39.31,49,127,238.0,0.048229,51,0,0,0,0,0,1,4,0,2,1.7841252140082484
2846,39.33,49,134,239.2,0.048205,51,0,0,0,0,0,1,2,0,3,1.8675020589247955
2847,39.35,29,82,131.6,0.048181,29,0,0,0,1,1,0,0,1,2,1.571618526654153
2848,39.36,23,42,104.8,0.048157,23,0,0,0,1,1,0,1,1,0,1.9668851140619537
2849,39.38,49,147,237.0,0.048133,51,0,0,0,0,0,1,3,2,2,1.6876709597584723
2850,39.4,49,135,240.4,0.048109,51,0,0,0,0,0,1,1,1,0,1.844991416576112
2851,39.42,49,141,237.4,0.048085,51,0,0,0,0,0,1,3,1,4,1.8206070476061258
2852,39.43,14,35,58.5,0.048061,14,0,0,0,1,1,0,3,1,0,1.9798451507114387
2853,39.43,9,25,35.2,0.048036,9,0,0,0,1,1,0,2,1,3,2.401022288572893
2854,39.46,49,146,240.2,0.048012,51,0,0,0,0,0,1,0,0,1,1.580164029413404
2855,39.47,17,58,63.7,0.047988,17,0,0,0,1,1,0,10,2,5,1.9451086387316447
2856,39.48,29,95,127.4,0.047964,29,0,0,0,1,1,0,3,1,1,1.8063142514289359
2857,39.5,50,123,237.0,0.04794,50,0,0,0,0,0,1,0,1,6,1.6894922702844248
2858,39.53,49,154,233.5,0.047917,51,0,0,0,0,0,1,6,0,0,1.6161291773391446
2859,39.55,49,131,237.6,0.047893,51,0,0,0,0,0,1,4,2,2,1.7194557658619132
2860,39.57,49,140,238.8,0.047869,51,0,0,0,0,0,1,2,0,1,1.8363457766726683
2861,39.58,32,74,146.4,0.047845,32,0,0,0,1,1,0,1,2,2,2.0167716736547634
2862,39.6,49,129,240.7,0.047821,51,0,0,0,0,0,1,1,2,3,1.8163583987793455
2863,39.61,5,9,19.1,0.047797,5,0,0,0,1,1,0,0,1,0,4.328476480281113
2864,39.63,49,119,241.9,0.047773,51,0,0,0,0,0,1,1,4,1,1.665193894233012
2865,39.64,49,118,240.1,0.047749,51,0,0,0,0,0,1,3,0,0,1.8468845144406532
2866,39.66,50,131,236.5,0.047725,50,0,0,0,0,0,1,0,2,3,1.646701218423283
2867,39.69,49,149,240.0,0.047701,51,0,0,0,0,0,1,0,0,0,1.6391480546106043
2868,39.7,25,58,115.9,0.047677,26,0,0,0,1,1,0,3,1,3,1.6232439687520894
2869,39.72,49,134,239.5,0.047654,51,0,0,0,0,0,1,2,0,0,1.782090434321408
2870,39.74,49,125,241.2,0.04763,51,0,0,0,0,0,1,1,1,2,1.750173321814834
2871,39.76,49,132,238.5,0.047606,51,0,0,0,0,0,1,3,0,2,1.6915979222754183
2872,39.78,47,129,212.8,0.047582,47,0,0,0,1,1,0,4,3,3,1.886992839286949
2873,39.8,49,132,241.6,0.047558,51,0,0,0,0,0,1,0,2,1,1.5958713737134909
2874,39.82,45,118,204.6,0.047535,45,0,0,0,1,1,0,3,1,6,1.726113267136443
2875,39.84,49,156,235.2,0.047511,51,0,0,0,0,0,1,4,0,1,1.795509837761467
2876,39.86,49,116,243.2,0.047487,51,0,0,0,0,0,1,0,2,1,1.7796890819730287
2877,39.88,49,148,239.1,0.047463,51,0,0,0,0,0,1,1,0,0,1.7576680835542213
2878,39.9,49,144,240.2,0.04744,51,0,0,0,0,0,1,0,0,3,1.7204829279201668
2879,39.93,49,132,240.6,0.047416,51,0,0,0,0,0,1,1,1,1,1.6870159940049074
2880,39.95,50,140,229.6,0.047392,50,0,0,0,1,1,0,1,2,4,1.6405580139622973
2881,39.97,49,136,237.3,0.047368,51,0,0,0,0,0,1,4,1,0,1.7324764485683875
2882,39.99,49,148,238.7,0.047345,51,0,0,0,0,0,1,1,4,4,1.8201201256396204
2883,40.01,49,125,240.3,0.047321,51,0,0,0,0,0,1,2,1,1,1.933259138768844
2884,40.04,49,151,238.3,0.047297,51,0,0,0,0,0,1,1,0,5,1.719628818732361
2885,40.06,49,136,240.0,0.047274,51,0,0,0,0,0,1,1,1,3,1.6527505052490634
2886,40.07,18,71,74.4,0.04725,18,0,0,0,1,1,0,3,2,5,1.8945152445513906
2887,40.09,34,108,151.0,0.047227,34,0,0,0,1,1,0,3,2,2,1.8029863016405139
2888,40.09,16,31,71.9,0.047203,16,0,0,0,1,1,0,0,1,0,2.8409439357304413
2889,40.1,16,47,66.3,0.047179,16,0,0,0,1,1,0,4,1,0,1.9545210786179346
2890,40.11,11,25,44.4,0.047156,11,0,0,0,1,1,0,3,1,1,3.1586994233118975
2891,40.11,6,18,21.9,0.047132,6,0,0,0,1,1,0,1,1,3,2.7554787669445937
2892,40.11,6,12,21.6,0.047109,6,0,0,0,1,1,0,2,1,2,3.1802410653952093
2893,40.13,49,150,234.8,0.047085,51,0,0,0,0,0,1,5,0,1,1.6096303630466449
2894,40.16,49,161,237.5,0.047062,51,0,0,0,0,0,1,1,0,3,1.7973955695379313
2895,40.16,5,19,15.1,0.047038,5,0,0,0,1,1,0,3,1,0,2.838385396889125
2896,40.17,8,33,29.1,0.047014,8,0,0,0,1,1,0,2,2,6,2.0983892715048813
2897,40.18,20,61,87.6,0.046991,20,0,0,0,1,1,0,1,1,3,1.713117768392388
2898,40.2,49,145,238.1,0.046967,51,0,0,0,0,0,1,2,3,3,1.9168297433516424
2899,40.22,49,128,241.1,0.046944,51,0,0,0,0,0,1,1,0,0,1.9522172819028483
2900,40.22,0,10,-11.0,0.046921,0,0,0,0,1,1,0,5,1,0,3.7966118317449875
2901,40.24,40,122,178.6,0.046897,40,0,0,0,1,1,0,4,1,2,1.8746578242070806
2902,40.26,49,129,242.0,0.046874,51,0,0,0,0,0,1,0,1,0,1.7056966014415806
2903,40.27,26,56,117.4,0.04685,26,0,0,0,1,1,0,2,1,0,2.0873824332319297
2904,40.29,49,133,240.6,0.046827,51,0,0,0,0,0,1,1,1,0,1.6013247065525917
2905,40.31,42,96,192.2,0.046803,42,0,0,0,1,1,0,3,3,2,2.084850450415268
2906,40.33,49,127,242.2,0.04678,51,0,0,0,0,0,1,0,0,0,1.5331490684629663
2907,40.35,49,141,239.6,0.046757,51,0,0,0,0,0,1,1,1,2,1.6615059336101627
2908,40.35,14,33,59.5,0.046733,14,0,0,0,1,1,0,2,1,2,1.8688810024691465
2909,40.37,44,99,204.1,0.04671,44,0,0,0,1,1,0,1,1,0,1.5713506048226848
2910,40.39,49,134,239.2,0.046686,51,0,0,0,0,0,1,2,0,3,1.6887523386373737
2911,40.41,49,157,235.6,0.046663,51,0,0,0,0,0,1,3,2,6,1.7104574422592658
2912,40.43,49,136,240.2,0.04664,51,0,0,0,0,0,1,1,1,1,1.6615999516379634
2913,40.45,49,119,240.9,0.046616,51,0,0,0,0,0,1,2,1,1,1.733437125249376
2914,40.47,49,125,241.2,0.046593,51,0,0,0,0,0,1,1,0,2,1.7292565984014803
2915,40.48,5,16,15.4,0.04657,5,0,0,0,1,1,0,3,1,0,3.2343024677894388
2916,40.5,49,134,240.5,0.046547,51,0,0,0,0,0,1,1,2,0,1.7922100190328807
2917,40.5,6,15,20.5,0.046523,6,0,0,0,1,1,0,3,1,0,3.6959759686301497
2918,40.52,48,126,220.3,0.0465,48,0,0,0,1,1,0,2,3,1,1.7962110394753334
2919,40.54,49,130,241.8,0.046477,51,0,0,0,0,0,1,0,1,1,1.7629599982375581
2920,40.56,49,141,239.5,0.046454,51,0,0,0,0,0,1,1,1,3,1.7183068120395582
2921,40.58,49,145,240.3,0.04643,51,0,0,0,0,0,1,0,1,1,1.567475765925818
2922,40.6,49,154,237.5,0.046407,51,0,0,0,0,0,1,2,1,0,1.5243703487306481
2923,40.62,49,130,238.9,0.046384,51,0,0,0,0,0,1,3,1,0,1.5760923571196577
2924,40.65,49,151,238.8,0.046361,51,0,0,0,0,0,1,1,1,0,1.6334747441878432
2925,40.67,49,128,241.0,0.046338,51,0,0,0,0,0,1,1,1,1,1.7198790831478767
2926,40.68,49,109,243.7,0.046314,51,0,0,0,0,0,1,0,0,3,1.8524575000240273
2927,40.7,49,121,242.8,0.046291,51,0,0,0,0,0,1,0,0,0,1.7918664687449632
2928,40.72,49,136,241.1,0.046268,51,0,0,0,0,0,1,0,2,2,1.7115792776584948
2929,40.74,49,128,241.0,0.046245,51,0,0,0,0,0,1,1,1,1,1.8054075287307425
2930,40.76,49,130,239.8,0.046222,51,0,0,0,0,0,1,2,1,1,1.5230595386967385
2931,40.77,29,61,132.8,0.046199,29,0,0,0,1,1,0,1,1,1,2.002028376108639
2932,40.79,49,135,241.4,0.046176,51,0,0,0,0,0,1,0,0,0,1.9853307791584185
2933,40.82,49,149,238.7,0.046152,51,0,0,0,0,0,1,1,2,3,1.6651197549423868
2934,40.84,49,120,242.7,0.046129,51,0,0,0,0,0,1,0,1,2,1.976426198830256
2935,40.86,49,151,238.6,0.046106,51,0,0,0,0,0,1,1,0,2,1.805989674484459
2936,40.87,22,45,97.5,0.046083,22,0,0,0,1,1,0,3,1,0,2.083074874153501
2937,40.88,23,55,107.0,0.04606,24,0,0,0,1,1,0,2,1,5,1.9793814118633646
2938,40.89,21,55,91.4,0.046037,21,0,0,0,1,1,0,3,2,1,2.159466941830393
2939,40.89,9,23,35.6,0.046014,9,0,0,0,1,1,0,2,1,1,2.407718491666781
2940,40.89,5,21,14.7,0.045991,5,0,0,0,1,1,0,3,1,2,2.424511805807551
2941,40.9,18,63,74.5,0.045968,18,0,0,0,1,1,0,4,1,2,1.75243517079019
2942,40.91,4,17,9.2,0.045945,4,0,0,0,1,1,0,4,1,1,2.812697944431632
2943,40.91,8,22,29.7,0.045922,8,0,0,0,1,1,0,3,1,1,2.200185896717038
2944,40.92,25,49,115.1,0.045899,25,0,0,0,1,1,0,0,1,0,1.886010453167674
2945,40.93,19,54,82.3,0.045876,19,0,0,0,1,1,0,2,1,3,1.77399332780151
2946,40.93,3,14,7.3,0.045853,3,0,0,0,1,1,0,1,1,3,3.2268359086248517
2947,40.95,21,80,86.8,0.04583,21,0,0,0,1,1,0,5,1,2,2.074563078575376
2948,40.95,12,25,51.5,0.045808,12,0,0,0,1,1,0,1,2,0,3.064074981929952
2949,40.96,19,46,81.4,0.045785,19,0,0,0,1,1,0,4,1,0,2.122073870182829
2950,40.97,14,52,56.7,0.045762,14,0,0,0,1,1,0,3,2,1,2.277476252509916
2951,40.98,15,67,60.3,0.045739,15,0,0,0,1,1,0,3,1,0,1.751783408446144
2952,40.99,18,53,76.6,0.045716,18,0,0,0,1,1,0,3,1,1,1.824452746816427
2953,40.99,10,32,39.5,0.045693,10,0,0,0,1,1,0,2,1,3,2.008859802650412
2954,41.0,9,26,34.3,0.04567,9,0,0,0,1,1,0,3,1,1,2.398680811332892
2955,41.01,19,42,81.8,0.045647,19,0,0,0,1,1,0,4,1,0,2.5480802674333183
2956,41.01,13,38,52.1,0.045625,13,0,0,0,1,1,0,4,2,1,2.4474816150971326
2957,41.04,49,175,228.0,0.045602,51,0,0,0,0,0,1,9,0,4,1.8295620539510047
2958,41.05,26,58,113.9,0.045579,26,0,0,0,1,1,0,5,2,3,1.9928012957604126
2959,41.06,18,40,77.0,0.045556,18,0,0,0,1,1,0,4,1,0,2.6632219721927037
2960,41.08,49,137,239.1,0.045533,51,0,0,0,0,0,1,2,0,1,1.9456107352239251
2961,41.08,14,35,58.3,0.045511,14,0,0,0,1,1,0,3,1,2,2.550658228553724
2962,41.09,24,63,103.7,0.045488,24,0,0,0,1,1,0,5,1,0,2.0333364631574655
2963,41.11,43,116,194.3,0.045465,43,0,0,0,1,1,0,4,1,1,1.6879148332018343
2964,41.13,49,119,242.0,0.045442,51,0,0,0,0,0,1,1,1,0,2.0285264340612117
2965,41.15,25,109,101.9,0.04542,25,0,0,0,1,1,0,7,2,2,1.7611849242078605
2966,41.17,49,138,239.1,0.045397,51,0,0,0,0,0,1,2,0,0,1.657001655874001
2967,41.17,1,9,-5.1,0.045374,1,0,0,0,1,1,0,4,1,2,4.810889099070774
2968,41.18,31,69,139.8,0.045352,31,0,0,0,1,1,0,3,1,3,2.0825846520759916
2969,41.2,49,147,238.1,0.045329,51,0,0,0,0,0,1,2,0,1,1.8728704430827516
2970,41.22,33,87,147.0,0.045306,33,0,0,0,1,1,0,4,1,3,1.8258533187604946
2971,41.24,49,135,241.4,0.045284,51,0,0,0,0,0,1,0,0,0,1.760989031975881
2972,41.26,45,118,211.8,0.045261,46,0,0,0,1,1,0,1,2,4,1.7691912779959198
2973,41.28,49,126,242.3,0.045238,51,0,0,0,0,0,1,0,1,0,1.9088483292875045
2974,41.3,49,142,223.7,0.045216,49,0,0,0,1,1,0,2,3,1,1.8917655277071368
2975,41.32,49,129,239.7,0.045193,51,0,0,0,0,0,1,2,0,3,1.729764766782644
2976,41.34,43,111,197.8,0.045171,43,0,0,0,1,1,0,1,1,1,1.7730335004651385
2977,41.36,49,139,240.0,0.045148,51,0,0,0,0,0,1,1,1,0,1.5987746282463773
2978,41.37,39,95,180.4,0.045125,39,0,0,0,1,1,0,0,2,1,1.7143567521108303
2979,41.39,49,135,239.3,0.045103,51,0,0,0,0,0,1,2,1,1,1.7643802781119313
2980,41.41,49,145,239.2,0.04508,51,0,0,0,0,0,1,1,0,2,1.6175623464037274
2981,41.43,49,121,241.7,0.045058,51,0,0,0,0,0,1,1,2,1,1.884813889826917
2982,41.45,49,130,238.9,0.045035,51,0,0,0,0,0,1,3,0,0,1.8661659797981969
2983,41.48,50,152,224.5,0.045013,50,0,0,0,1,1,0,5,1,3,1.8120730005060317
2984,41.5,49,131,240.7,0.04499,51,0,0,0,0,0,1,1,0,1,1.8014469972125653
2985,41.52,49,150,238.8,0.044968,51,0,0,0,0,0,1,1,1,1,1.7108409668540736
2986,41.54,49,140,236.8,0.044945,51,0,0,0,0,0,1,4,0,1,1.853483757850654
2987,41.56,49,138,239.0,0.044923,51,0,0,0,0,0,1,2,0,1,1.7325041245453159
2988,41.58,49,137,239.1,0.0449,51,0,0,0,0,0,1,2,2,1,1.7509368830276286
2989,41.61,49,144,239.3,0.044878,51,0,0,0,0,0,1,1,1,2,1.5414379606503552
2990,41.61,4,12,15.8,0.044855,5,0,0,0,1,1,0,3,1,0,2.938608849810229
2991,41.61,6,17,19.2,0.044833,6,0,0,0,1,1,0,4,1,1,2.9215697851412976
2992,41.63,47,136,213.2,0.044811,47,0,0,0,1,1,0,3,1,2,1.3822544075668228
2993,41.64,23,71,99.8,0.044788,23,0,0,0,1,1,0,3,1,1,1.8725995860833788
2994,41.65,10,25,41.4,0.044766,10,0,0,0,1,1,0,1,1,1,2.5019271884180645
2995,41.67,49,158,235.1,0.044743,51,0,0,0,0,0,1,4,1,0,1.9849507371986523
2996,41.69,43,106,202.2,0.044721,44,0,0,0,1,1,0,2,2,2,1.8884031941044725
2997,41.71,49,131,238.8,0.044699,51,0,0,0,0,0,1,3,0,0,1.5441799251547828
2998,41.73,49,131,239.7,0.044676,51,0,0,0,0,0,1,2,1,1,1.6890588184990227
2999,41.75,50,137,228.2,0.044654,50,0,0,0,1,1,0,3,1,1,1.6104530766443226
3000,41.77,49,131,241.7,0.044632,51,0,0,0,0,0,1,0,1,1,1.7552876720541877
3001,41.79,49,129,242.0,0.044609,51,0,0,0,0,0,1,0,2,0,2.1036453078262887
3002,41.81,49,128,242.0,0.044587,51,0,0,0,0,0,1,0,1,1,1.464186700325394
3003,41.83,49,138,239.9,0.044565,51,0,0,0,0,0,1,1,2,2,1.6782691261566005
3004,41.86,49,141,238.8,0.044542,51,0,0,0,0,0,1,2,0,0,1.6384373209029608
3005,41.86,14,34,60.6,0.04452,14,0,0,0,1,1,0,1,1,0,2.004192314341551
3006,41.88,45,120,205.7,0.044498,45,0,0,0,1,1,0,2,1,3,1.7227738799414898
3007,41.9,49,129,242.0,0.044476,51,0,0,0,0,0,1,0,0,0,1.6911561024888424
3008,41.92,49,136,240.2,0.044453,51,0,0,0,0,0,1,1,1,1,1.735426827777027
3009,41.95,49,164,236.3,0.044431,51,0,0,0,0,0,1,2,1,2,1.5462099701661056
3010,41.97,49,141,237.8,0.044409,51,0,0,0,0,0,1,3,2,0,1.7683262171191205
3011,41.97,12,32,50.5,0.044387,12,0,0,0,1,1,0,1,1,3,2.186650482754331
3012,41.98,7,16,25.3,0.044365,7,0,0,0,1,1,0,3,1,1,2.939103152873111
3013,42.0,49,141,239.8,0.044342,51,0,0,0,0,0,1,1,0,0,1.6374655556268514
3014,42.02,49,143,238.6,0.04432,51,0,0,0,0,0,1,2,1,0,1.6390721164024893
3015,42.04,36,90,159.0,0.044298,36,0,0,0,1,1,0,7,1,0,1.7972315594030566
3016,42.05,49,120,240.8,0.044276,51,0,0,0,0,0,1,2,0,1,1.7246086198151036
3017,42.08,49,147,240.2,0.044254,51,0,0,0,0,0,1,0,0,0,1.9087458394876864
3018,42.1,49,130,240.7,0.044232,51,0,0,0,0,0,1,1,0,2,1.7673001104299388
3019,42.12,49,146,237.1,0.04421,51,0,0,0,0,0,1,3,2,2,1.8476869807144916
3020,42.14,50,126,236.1,0.044187,50,0,0,0,0,0,1,1,1,2,1.6715790948587623
3021,42.16,49,132,241.7,0.044165,51,0,0,0,0,0,1,0,2,0,1.6627001493643867
3022,42.18,49,126,241.3,0.044143,51,0,0,0,0,0,1,1,2,0,1.6813575156415155
3023,42.2,49,134,239.4,0.044121,51,0,0,0,0,0,1,2,2,1,1.8035579831714497
3024,42.22,49,138,240.0,0.044099,51,0,0,0,0,0,1,1,1,1,1.8034233605496772
3025,42.24,49,144,240.4,0.044077,51,0,0,0,0,0,1,0,2,1,1.5745874975294736
3026,42.26,49,130,240.9,0.044055,51,0,0,0,0,0,1,1,1,0,1.6497060376878911
3027,42.29,49,135,241.4,0.044033,51,0,0,0,0,0,1,0,0,0,1.53432253491189
3028,42.31,49,142,239.7,0.044011,51,0,0,0,0,0,1,1,2,0,1.5796423360482004
3029,42.33,49,132,237.5,0.043989,51,0,0,0,0,0,1,4,0,2,1.5578120832815834
3030,42.35,49,137,240.2,0.043967,51,0,0,0,0,0,1,1,1,0,1.4740475167219949
3031,42.36,13,38,50.2,0.043945,13,0,0,0,1,1,0,6,1,0,2.025137423436676
3032,42.37,49,127,237.2,0.043923,51,0,0,0,0,0,1,5,1,0,1.6411683232073289
3033,42.4,49,145,238.4,0.043901,51,0,0,0,0,0,1,2,1,0,1.5583737585399406
3034,42.42,49,139,240.9,0.043879,51,0,0,0,0,0,1,0,1,1,1.717505856840873
3035,42.43,33,79,151.9,0.043857,33,0,0,0,1,1,0,0,2,2,1.8371382401412382
3036,42.45,49,140,237.9,0.043835,51,0,0,0,0,0,1,3,0,0,1.8196911898396488
3037,42.48,49,153,236.6,0.043813,51,0,0,0,0,0,1,3,1,0,1.9001471464183148
3038,42.5,49,147,236.9,0.043791,51,0,0,0,0,0,1,3,2,3,1.7598898020120939
3039,42.52,49,140,240.7,0.04377,51,0,0,0,0,0,1,0,1,2,1.725040062742731
3040,42.54,49,120,242.9,0.043748,51,0,0,0,0,0,1,0,1,0,1.6764772631147873
3041,42.56,49,136,236.3,0.043726,51,0,0,0,0,0,1,5,0,0,1.6999532791424892
3042,42.59,45,136,200.1,0.043704,45,0,0,0,1,1,0,6,4,3,1.5653777151343096
3043,42.6,49,123,241.5,0.043682,51,0,0,0,0,0,1,1,0,1,1.3898345427231844
3044,42.62,28,63,124.4,0.04366,28,0,0,0,1,1,0,4,1,3,1.6181232056235688
3045,42.62,4,16,10.4,0.043638,4,0,0,0,1,1,0,3,1,0,2.506565839636107
3046,42.64,42,109,191.1,0.043617,42,0,0,0,1,1,0,3,2,0,1.6308960414794338
3047,42.66,39,125,167.1,0.043595,39,0,0,0,1,1,0,10,1,4,1.5895336506288358
3048,42.66,16,33,67.6,0.043573,16,0,0,0,1,1,0,4,2,1,2.6527543783759846
3049,42.67,4,15,9.5,0.043551,4,0,0,0,1,1,0,4,2,0,3.6128412777443817
3050,42.68,21,63,90.5,0.043529,21,0,0,0,1,1,0,3,1,2,1.8352898127227089
3051,42.68,2,15,5.5,0.043508,3,0,0,0,1,1,0,3,1,0,3.6374551299763827
3052,42.71,49,154,224.2,0.043486,49,0,0,0,1,1,0,0,1,4,1.6136489137098453
3053,42.71,2,10,1.8,0.043464,2,0,0,0,1,1,0,2,1,2,3.44702209586755
3054,42.73,49,139,238.5,0.043442,51,0,0,0,0,0,1,2,1,5,1.8571331078213298
3055,42.75,50,145,233.9,0.043421,50,0,0,0,0,0,1,1,3,5,1.5362301399454306
3056,42.76,10,18,43.2,0.043399,10,0,0,0,1,1,0,0,1,0,2.5559223976856575
3057,42.77,42,102,193.6,0.043377,42,0,0,0,1,1,0,1,1,2,1.7093507211497638
3058,42.78,13,45,54.4,0.043356,13,0,0,0,1,1,0,1,1,1,1.6619175136739512
3059,42.8,43,110,196.0,0.043334,43,0,0,0,1,1,0,3,2,0,1.8393099787747673
3060,42.82,49,141,240.8,0.043312,51,0,0,0,0,0,1,0,0,0,1.7103885264223198
3061,42.84,49,126,242.2,0.043291,51,0,0,0,0,0,1,0,0,1,1.9268629974149214
3062,42.85,29,78,129.2,0.043269,29,0,0,0,1,1,0,3,1,0,1.988606503163437
3063,42.86,24,61,106.3,0.043247,24,0,0,0,1,1,0,2,1,6,1.6440868811676308
3064,42.87,6,15,20.5,0.043226,6,0,0,0,1,1,0,3,1,0,2.844658722334171
3065,42.88,20,59,84.0,0.043204,20,0,0,0,1,1,0,5,1,1,1.8654954976733216
3066,42.9,49,117,241.1,0.043182,51,0,0,0,0,0,1,2,0,1,1.9142578540177702
3067,42.9,5,14,18.5,0.043161,5,0,0,0,1,1,0,0,1,1,3.776134952581341
3068,42.9,7,25,22.4,0.043139,7,0,0,0,1,1,0,5,2,1,2.4441854814682347
3069,42.92,33,125,140.4,0.043118,33,0,0,0,1,1,0,7,2,1,1.8313904941043515
3070,42.94,22,67,94.3,0.043096,22,0,0,0,1,1,0,4,2,0,1.6353682895602524
3071,42.95,33,67,153.3,0.043075,33,0,0,0,1,1,0,0,1,0,2.100477727240171
3072,42.97,41,158,172.7,0.043053,41,0,0,0,1,1,0,11,3,5,1.8234084017441592
3073,42.99,45,140,201.8,0.043032,45,0,0,0,1,1,0,4,1,2,1.7908635901134473
3074,43.02,40,130,170.2,0.04301,40,0,0,0,1,1,0,11,1,8,1.6406140632248283
3075,43.03,20,56,86.1,0.042989,20,0,0,0,1,1,0,3,3,3,2.062979099447061
3076,43.04,32,68,144.0,0.042967,32,0,0,0,1,1,0,4,1,2,1.8935173738845776
3077,43.05,44,116,201.3,0.042946,44,0,0,0,1,1,0,2,1,1,1.5679828438061665
3078,43.07,29,67,128.9,0.042924,29,0,0,0,1,1,0,4,2,4,1.7436269986774682
3079,43.09,44,136,197.1,0.042903,44,0,0,0,1,1,0,4,1,3,1.7621365029413294
3080,43.1,39,102,178.8,0.042881,39,0,0,0,1,1,0,1,2,0,1.848955795025181
3081,43.13,49,138,239.1,0.04286,51,0,0,0,0,0,1,2,0,0,1.8320860093463724
3082,43.14,43,115,193.5,0.042838,43,0,0,0,1,1,0,5,1,0,1.7777748891352214
3083,43.17,49,143,238.5,0.042817,51,0,0,0,0,0,1,2,1,1,1.7453391112593388
3084,43.2,49,194,230.3,0.042795,51,0,0,0,0,0,1,5,2,2,1.8460088263558565
3085,43.22,49,144,238.3,0.042774,51,0,0,0,0,0,1,2,2,2,2.0181586759759065
3086,43.24,49,127,241.2,0.042753,51,0,0,0,0,0,1,1,1,0,1.861687474540672
3087,43.25,35,87,161.3,0.042731,35,0,0,0,1,1,0,0,1,0,1.705237975222746
3088,43.28,49,157,234.9,0.04271,51,0,0,0,0,0,1,4,0,3,1.484054237791392
3089,43.3,49,128,242.0,0.042689,51,0,0,0,0,0,1,0,0,1,1.84472201084959
3090,43.32,49,148,240.0,0.042667,51,0,0,0,0,0,1,0,0,1,1.476140176479778
3091,43.34,49,119,241.9,0.042646,51,0,0,0,0,0,1,1,0,1,2.030994253269141
3092,43.37,49,155,239.3,0.042625,51,0,0,0,0,0,1,0,1,1,1.6016850409069088
3093,43.39,50,150,233.3,0.042603,50,0,0,0,0,0,1,1,1,6,1.4512920489129628
3094,43.41,49,125,241.4,0.042582,51,0,0,0,0,0,1,1,0,0,1.7484794981530032
3095,43.43,49,138,235.1,0.042561,51,0,0,0,0,0,1,6,2,0,1.4324272322110234
3096,43.45,46,114,207.6,0.042539,46,0,0,0,1,1,0,6,1,0,1.512893709153304
3097,43.47,49,135,240.4,0.042518,51,0,0,0,0,0,1,1,2,0,1.7519838778762633
3098,43.49,49,141,240.7,0.042497,51,0,0,0,0,0,1,0,0,1,1.5735852395144017
3099,43.5,9,21,32.9,0.042476,9,0,0,0,1,1,0,5,1,0,2.533135252708953
3100,43.51,28,73,127.6,0.042454,29,0,0,0,1,1,0,5,1,1,1.7115038981281285
3101,43.51,4,10,11.9,0.042433,4,0,0,0,1,1,0,2,1,1,4.359835646974391
3102,43.52,26,63,114.5,0.042412,26,0,0,0,1,1,0,4,1,2,1.7196275503825165
3103,43.54,49,141,239.8,0.042391,51,0,0,0,0,0,1,1,1,0,1.6934688258751815
3104,43.56,49,132,241.5,0.04237,51,0,0,0,0,0,1,0,1,2,1.818819435035535
3105,43.59,49,137,240.2,0.042348,51,0,0,0,0,0,1,1,1,0,1.6331115844389075
3106,43.6,29,64,132.5,0.042327,29,0,0,0,1,1,0,1,2,1,2.044645566826194
3107,43.61,34,94,154.6,0.042306,34,0,0,0,1,1,0,1,1,0,1.7771295834554535
3108,43.64,49,160,236.8,0.042285,51,0,0,0,0,0,1,2,2,1,1.605338274165131
3109,43.66,49,127,242.2,0.042264,51,0,0,0,0,0,1,0,0,0,1.8492066174817972
3110,43.67,21,45,94.5,0.042243,21,0,0,0,1,1,0,1,1,0,2.384010005381565
3111,43.69,49,144,240.5,0.042221,51,0,0,0,0,0,1,0,1,0,1.576813828987623
3112,43.71,49,132,240.6,0.0422,51,0,0,0,0,0,1,1,0,1,1.7989074303395465
3113,43.73,49,129,240.0,0.042179,51,0,0,0,0,0,1,2,0,0,1.545861873889104
3114,43.74,27,75,121.5,0.042158,27,0,0,0,1,1,0,1,1,0,1.974001826084337
3115,43.76,49,107,243.1,0.042137,51,0,0,0,0,0,1,1,0,1,1.6597157924531092
3116,43.78,41,107,186.6,0.042116,41,0,0,0,1,1,0,2,2,7,1.672721441967065
3117,43.8,49,122,242.7,0.042095,51,0,0,0,0,0,1,0,1,0,1.9654574817489576
3118,43.82,49,130,241.7,0.042074,51,0,0,0,0,0,1,0,0,2,2.0332802114053514
3119,43.84,43,113,197.7,0.042053,43,0,0,0,1,1,0,1,2,0,1.6537665637046093
3120,43.85,33,77,151.1,0.042032,33,0,0,0,1,1,0,1,2,2,1.6773950677809943
3121,43.87,41,97,189.0,0.042011,41,0,0,0,1,1,0,1,1,3,1.7269485425848643
3122,43.89,49,141,237.7,0.04199,51,0,0,0,0,0,1,3,1,1,1.8581553055213735
3123,43.91,49,151,235.4,0.041969,51,0,0,0,0,0,1,4,0,4,1.8007075521190636
3124,43.93,49,139,239.0,0.041948,51,0,0,0,0,0,1,2,0,0,1.7911693665550363
3125,43.95,29,83,128.4,0.041927,29,0,0,0,1,1,0,3,2,3,2.0845993915450385
3126,43.95,12,34,48.5,0.041906,12,0,0,0,1,1,0,3,1,1,2.0412730788002342
3127,43.98,49,135,241.3,0.041885,51,0,0,0,0,0,1,0,1,1,1.7680660642390074
3128,44.0,49,142,238.5,0.041864,51,0,0,0,0,0,1,2,1,2,1.8605417242865514
3129,44.0,6,13,26.6,0.041843,7,0,0,0,1,1,0,2,1,1,2.801299815174607
3130,44.01,12,27,50.1,0.041822,12,0,0,0,1,1,0,2,1,2,2.9247912370515383
3131,44.01,14,47,56.1,0.041801,14,0,0,0,1,1,0,4,2,2,1.9368981659412836
3132,44.02,4,21,9.5,0.04178,4,0,0,0,1,1,0,3,1,4,2.8360779256991697
3133,44.03,33,91,149.5,0.041759,33,0,0,0,1,1,0,1,2,4,1.575839101190271
3134,44.04,10,33,37.7,0.041739,10,0,0,0,1,1,0,4,1,0,1.9846072619438533
3135,44.05,36,91,158.9,0.041718,36,0,0,0,1,1,0,7,1,0,1.675950421550163
3136,44.07,37,92,167.8,0.041697,37,0,0,0,1,1,0,3,1,0,2.3274585320508816
3137,44.09,49,119,241.0,0.041676,51,0,0,0,0,0,1,2,1,0,1.7079302151372686
3138,44.09,8,29,25.8,0.041655,8,0,0,0,1,1,0,6,1,3,1.8266359470533846
3139,44.11,49,124,238.5,0.041634,51,0,0,0,0,0,1,4,3,0,1.907041769004138
3140,44.14,49,134,240.5,0.041614,51,0,0,0,0,0,1,1,0,0,1.8478554010535972
3141,44.16,47,137,215.2,0.041593,47,0,0,0,1,1,0,1,1,1,1.7658635103464653
3142,44.18,49,135,240.2,0.041572,51,0,0,0,0,0,1,1,1,2,1.7676847611882305
3143,44.2,49,142,239.5,0.041551,51,0,0,0,0,0,1,1,0,2,1.8701887675979036
3144,44.21,17,41,71.9,0.04153,17,0,0,0,1,1,0,4,2,0,1.9294473248032427
3145,44.23,50,131,235.3,0.04151,50,0,0,0,0,0,1,1,1,5,1.630129031240479
3146,44.25,49,118,243.0,0.041489,51,0,0,0,0,0,1,0,0,1,1.7322743124820421
3147,44.27,49,140,239.8,0.041468,51,0,0,0,0,0,1,1,0,1,1.7833921724963004
3148,44.29,40,98,180.2,0.041447,40,0,0,0,1,1,0,5,3,0,1.951036508639744
3149,44.3,49,119,242.9,0.041427,51,0,0,0,0,0,1,0,0,1,1.7399640611106644
3150,44.33,49,143,239.4,0.041406,51,0,0,0,0,0,1,1,1,2,1.7409531514186807
3151,44.35,49,148,238.8,0.041385,51,0,0,0,0,0,1,1,1,3,1.7447518838581648
3152,44.37,49,134,241.2,0.041365,51,0,0,0,0,0,1,0,0,3,1.9116412907468252
3153,44.39,49,133,240.5,0.041344,51,0,0,0,0,0,1,1,0,1,1.7021275119382093
3154,44.43,50,243,224.1,0.041323,50,0,0,0,0,0,1,1,1,5,1.4903220547050677
3155,44.45,49,143,240.6,0.041302,51,0,0,0,0,0,1,0,0,0,1.5346015045071775
3156,44.47,49,141,239.7,0.041282,51,0,0,0,0,0,1,1,0,1,1.7655958158686111
3157,44.49,49,117,242.1,0.041261,51,0,0,0,0,0,1,1,0,1,1.694011284334733
3158,44.5,35,94,159.5,0.041241,35,0,0,0,1,1,0,1,2,1,1.858662969294221
3159,44.53,49,139,241.0,0.04122,51,0,0,0,0,0,1,0,0,0,1.630907331085617
3160,44.55,49,120,242.9,0.041199,51,0,0,0,0,0,1,0,2,0,1.5720377453689995
3161,44.57,49,132,240.5,0.041179,51,0,0,0,0,0,1,1,0,2,1.74083811602832
3162,44.59,49,150,239.6,0.041158,51,0,0,0,0,0,1,0,2,3,1.7835293198259088
3163,44.61,49,118,243.0,0.041138,51,0,0,0,0,0,1,0,0,1,1.8434427283713557
3164,44.63,49,126,242.2,0.041117,51,0,0,0,0,0,1,0,0,1,1.6203512144233798
3165,44.65,49,132,240.6,0.041096,51,0,0,0,0,0,1,1,0,1,1.7068989260740892
3166,44.65,0,6,-3.6,0.041076,1,0,0,0,1,1,0,3,1,0,4.690055364319528
3167,44.65,2,7,0.3,0.041055,2,0,0,0,1,1,0,4,1,0,4.6034552577939944
3168,44.66,1,6,-2.8,0.041035,1,0,0,0,1,1,0,2,1,2,5.017310431286913
3169,44.66,8,24,26.6,0.041014,8,0,0,0,1,1,0,6,1,0,2.3867266888332934
3170,44.68,49,130,241.8,0.040994,51,0,0,0,0,0,1,0,2,1,1.8314299524098439
3171,44.7,49,134,241.5,0.040973,51,0,0,0,0,0,1,0,1,0,1.9377728553801477
3172,44.72,49,131,240.7,0.040953,51,0,0,0,0,0,1,1,0,1,1.7078254179741135
3173,44.74,49,119,242.9,0.040932,51,0,0,0,0,0,1,0,0,1,1.7024880063692902
3174,44.76,49,147,238.2,0.040912,51,0,0,0,0,0,1,2,1,0,1.7103032839138825
3175,44.79,49,136,241.1,0.040891,51,0,0,0,0,0,1,0,0,2,1.8604591086127362
3176,44.79,10,31,38.5,0.040871,10,0,0,0,1,1,0,3,1,4,2.1301799145797484
3177,44.81,49,124,241.4,0.040851,51,0,0,0,0,0,1,1,1,1,1.7140939297398705
3178,44.83,49,139,239.0,0.04083,51,0,0,0,0,0,1,2,0,0,1.5995754573642964
3179,44.84,30,70,136.0,0.04081,30,0,0,0,1,1,0,2,1,0,1.6845367960503936
3180,44.87,49,182,234.6,0.040789,51,0,0,0,0,0,1,2,3,1,1.733495754228378
3181,44.89,43,111,198.9,0.040769,43,0,0,0,1,1,0,0,1,0,1.2581356176330358
3182,44.91,49,123,240.5,0.040749,51,0,0,0,0,0,1,2,1,1,1.7461165732073054
3183,44.94,49,153,237.3,0.040728,51,0,0,0,0,0,1,2,1,3,1.7759430358775052
3184,44.95,49,122,241.5,0.040708,51,0,0,0,0,0,1,1,0,2,1.7992893426522425
3185,44.98,49,133,241.4,0.040687,51,0,0,0,0,0,1,0,0,2,1.8748821678357688
3186,45.0,49,144,240.4,0.040667,51,0,0,0,0,0,1,0,0,1,1.6840670749443227
3187,45.01,31,77,140.2,0.040647,31,0,0,0,1,1,0,2,1,1,1.7226932485832678
3188,45.03,49,135,239.3,0.040626,51,0,0,0,0,0,1,2,0,1,1.5454894465741886
3189,45.05,50,138,234.4,0.040606,50,0,0,0,0,0,1,1,2,7,1.6319098542462067
3190,45.08,49,150,237.8,0.040586,51,0,0,0,0,0,1,2,1,1,1.854442124390827
3191,45.1,49,128,242.0,0.040566,51,0,0,0,0,0,1,0,1,1,1.7478291812640216
3192,45.12,49,145,240.3,0.040545,51,0,0,0,0,0,1,0,1,1,1.6548170892518814
3193,45.14,49,125,241.4,0.040525,51,0,0,0,0,0,1,1,1,0,1.6288594575868176
3194,45.16,49,136,241.2,0.040505,51,0,0,0,0,0,1,0,1,1,1.6532655867242394
3195,45.18,49,122,241.6,0.040484,51,0,0,0,0,0,1,1,0,1,1.5261050615544052
3196,45.2,49,135,240.3,0.040464,51,0,0,0,0,0,1,1,1,1,1.4874200996540257
3197,45.22,49,130,239.8,0.040444,51,0,0,0,0,0,1,2,0,1,1.7844675282779368
3198,45.23,27,53,123.6,0.040424,27,0,0,0,1,1,0,1,1,1,1.9500144563527224
3199,45.23,10,22,42.7,0.040404,10,0,0,0,1,1,0,0,2,1,2.9836255178918445
3200,45.26,49,134,241.5,0.040383,51,0,0,0,0,0,1,0,1,0,1.8492646803601016
3201,45.28,49,149,236.9,0.040363,51,0,0,0,0,0,1,3,1,1,1.6961499545292544
3202,45.3,49,134,241.5,0.040343,51,0,0,0,0,0,1,0,1,0,1.802108795139765
3203,45.32,45,109,206.1,0.040323,45,0,0,0,1,1,0,3,1,0,1.8476843176615343
3204,45.32,11,24,46.6,0.040303,11,0,0,0,1,1,0,1,1,0,2.728424169713485
3205,45.33,10,28,39.1,0.040282,10,0,0,0,1,1,0,3,1,1,2.1493434853568076
3206,45.35,44,138,200.2,0.040262,44,0,0,0,1,1,0,1,2,0,1.6230747987374154
3207,45.37,49,137,240.2,0.040242,51,0,0,0,0,0,1,1,2,0,1.7459833823707656
3208,45.39,49,131,240.8,0.040222,51,0,0,0,0,0,1,1,1,0,1.936281774833973
3209,45.4,25,56,113.3,0.040202,25,0,0,0,1,1,0,1,1,1,1.879450114820571
3210,45.42,49,136,240.2,0.040182,51,0,0,0,0,0,1,1,1,1,1.8161007455963345
3211,45.45,49,140,238.8,0.040162,51,0,0,0,0,0,1,2,0,1,1.8961858645074996
3212,45.47,49,125,242.4,0.040142,51,0,0,0,0,0,1,0,2,0,1.571631906264958
3213,45.49,49,129,240.8,0.040122,51,0,0,0,0,0,1,1,0,2,1.8029897911682584
3214,45.51,49,134,241.4,0.040102,51,0,0,0,0,0,1,0,1,1,1.9538798809787572
3215,45.53,49,146,240.3,0.040082,51,0,0,0,0,0,1,0,0,0,1.6702801083008472
3216,45.55,49,135,239.4,0.040061,51,0,0,0,0,0,1,2,2,0,1.663149674472478
3217,45.57,49,136,240.3,0.040041,51,0,0,0,0,0,1,1,0,0,1.6572786610158634
3218,45.6,49,145,238.3,0.040021,51,0,0,0,0,0,1,2,0,1,1.8483190381665229
3219,45.61,48,117,223.2,0.040001,48,0,0,0,1,1,0,0,2,1,1.5565573589313333
3220,45.64,49,154,239.4,0.039981,51,0,0,0,0,0,1,0,0,1,1.6563410852311768
3221,45.66,49,150,239.9,0.039961,51,0,0,0,0,0,1,0,0,0,1.5893708227082162
3222,45.67,23,56,102.3,0.039941,23,0,0,0,1,1,0,2,1,1,2.0828201583229977
3223,45.69,49,132,241.6,0.039921,51,0,0,0,0,0,1,0,0,1,1.7062746006837273
3224,45.72,49,145,240.4,0.039902,51,0,0,0,0,0,1,0,3,0,1.7687974491960956
3225,45.73,49,117,242.0,0.039882,51,0,0,0,0,0,1,1,0,2,1.5723758507965921
3226,45.76,49,164,237.5,0.039862,51,0,0,0,0,0,1,1,2,0,1.5771605566426325
3227,45.78,49,133,241.5,0.039842,51,0,0,0,0,0,1,0,1,1,1.7371063188587395
3228,45.8,49,146,239.3,0.039822,51,0,0,0,0,0,1,1,1,0,1.59080477346881
3229,45.82,49,126,241.3,0.039802,51,0,0,0,0,0,1,1,0,0,1.7573640678749005
3230,45.85,49,142,238.7,0.039782,51,0,0,0,0,0,1,2,1,0,1.517669723994031
3231,45.86,43,112,197.8,0.039762,43,0,0,0,1,1,0,1,1,0,1.688891171855062
3232,45.89,49,142,240.6,0.039742,51,0,0,0,0,0,1,0,1,1,1.5469314243074546
3233,45.89,12,25,52.5,0.039722,12,0,0,0,1,1,0,0,1,0,2.304434183723382
3234,45.91,49,140,239.4,0.039702,51,0,0,0,0,0,1,1,0,5,1.4757267654567672
3235,45.93,49,138,238.1,0.039683,51,0,0,0,0,0,1,3,0,0,1.5310087177566687
3236,45.95,49,118,243.0,0.039663,51,0,0,0,0,0,1,0,1,1,1.5517812370186856
3237,45.98,49,143,240.4,0.039643,51,0,0,0,0,0,1,0,1,2,1.6520509083941013
3238,46.0,49,138,238.0,0.039623,51,0,0,0,0,0,1,3,0,1,1.640208757310601
3239,46.02,49,135,241.2,0.039603,51,0,0,0,0,0,1,0,0,2,1.5695908337204596
3240,46.04,49,129,238.0,0.039583,51,0,0,0,0,0,1,4,2,0,1.738788980967858
3241,46.06,49,132,240.7,0.039564,51,0,0,0,0,0,1,1,0,0,1.6488260745581942
3242,46.07,32,76,147.3,0.039544,32,0,0,0,1,1,0,0,1,1,1.7395684288230036
3243,46.1,49,149,238.9,0.039524,51,0,0,0,0,0,1,1,0,1,1.6634849397476876
3244,46.1,14,27,62.3,0.039504,14,0,0,0,1,1,0,0,1,0,2.197820780603426
3245,46.12,49,149,236.9,0.039485,51,0,0,0,0,0,1,3,1,1,1.734119557670576
3246,46.14,46,113,213.7,0.039465,46,0,0,0,1,1,0,0,1,0,1.7042384939319337
3247,46.16,49,140,239.8,0.039445,51,0,0,0,0,0,1,1,1,1,1.6401952951687562
3248,46.18,49,127,242.1,0.039425,51,0,0,0,0,0,1,0,0,1,1.718501774176164
3249,46.21,49,129,241.9,0.039406,51,0,0,0,0,0,1,0,0,1,1.5660464683806514
3250,46.23,48,124,222.6,0.039386,48,0,0,0,1,1,0,0,2,0,1.7174130282250928
3251,46.25,49,121,242.8,0.039366,51,0,0,0,0,0,1,0,0,0,1.7344748354708333
3252,46.27,50,148,228.7,0.039347,50,0,0,0,1,1,0,1,3,5,1.6447391811741883
3253,46.29,46,120,211.9,0.039327,46,0,0,0,1,1,0,1,2,1,1.5261758854841243
3254,46.31,49,129,239.0,0.039307,51,0,0,0,0,0,1,3,1,0,1.6611327509193536
3255,46.33,49,135,240.2,0.039288,51,0,0,0,0,0,1,1,1,2,1.5504805710600444
3256,46.35,49,139,239.0,0.039268,51,0,0,0,0,0,1,2,1,0,1.5619813102609552
3257,46.37,49,136,241.3,0.039248,51,0,0,0,0,0,1,0,1,0,1.7982998703710298
3258,46.39,49,137,240.0,0.039229,51,0,0,0,0,0,1,1,1,2,1.8450707826118333
3259,46.42,49,136,239.3,0.039209,51,0,0,0,0,0,1,2,1,0,1.791634748421554
3260,46.44,49,152,238.4,0.03919,51,0,0,0,0,0,1,1,1,3,1.4770680243869527
3261,46.46,49,137,241.2,0.03917,51,0,0,0,0,0,1,0,0,0,1.591806879121199
3262,46.46,8,14,33.5,0.03915,8,0,0,0,1,1,0,0,1,1,3.3090603692534697
3263,46.47,18,46,80.4,0.039131,18,0,0,0,1,1,0,0,2,0,1.7997393955474574
3264,46.5,49,136,241.3,0.039111,51,0,0,0,0,0,1,0,0,0,2.0362759535490595
3265,46.52,49,132,240.6,0.039092,51,0,0,0,0,0,1,1,0,1,1.7296225827407086
3266,46.54,49,160,237.8,0.039072,51,0,0,0,0,0,1,1,1,1,1.529814011684501
3267,46.56,50,148,233.1,0.039053,50,0,0,0,0,0,1,2,3,0,1.7406345731019732
3268,46.57,19,39,85.1,0.039033,19,0,0,0,1,1,0,1,1,0,2.3632279105229634
3269,46.58,31,67,142.2,0.039014,31,0,0,0,1,1,0,1,1,1,1.7209810701615638
3270,46.6,49,120,242.8,0.038994,51,0,0,0,0,0,1,0,1,1,1.994935580112345
3271,46.61,15,39,64.1,0.038975,15,0,0,0,1,1,0,2,1,0,2.30591648558497
3272,46.63,49,122,241.7,0.038955,51,0,0,0,0,0,1,1,0,0,1.7900960944698265
3273,46.65,49,131,240.6,0.038936,51,0,0,0,0,0,1,1,1,2,1.7650877289772056
3274,46.67,49,127,241.0,0.038916,51,0,0,0,0,0,1,1,1,2,1.9880613140903112
3275,46.67,11,25,47.5,0.038897,11,0,0,0,1,1,0,0,1,0,2.597380264287525
3276,46.7,49,131,239.8,0.038877,51,0,0,0,0,0,1,2,1,0,1.579331281013321
3277,46.72,49,152,239.7,0.038858,51,0,0,0,0,0,1,0,0,0,1.4679172753875238
3278,46.73,28,59,127.1,0.038838,28,0,0,0,1,1,0,2,1,0,2.023521916046282
3279,46.73,8,25,36.5,0.038819,9,0,0,0,1,1,0,1,1,0,1.8726260895097409
3280,46.76,49,146,239.3,0.038799,51,0,0,0,0,0,1,1,0,0,1.5779239793484654
3281,46.78,49,170,236.9,0.03878,51,0,0,0,0,0,1,1,1,0,1.5593270583604917
3282,46.8,31,70,141.9,0.038761,31,0,0,0,1,1,0,1,1,1,1.4546912033640809
3283,46.82,49,154,236.4,0.038741,51,0,0,0,0,0,1,3,1,1,1.4900918717141451
3284,46.84,49,127,241.2,0.038722,51,0,0,0,0,0,1,1,1,0,1.5235442163880153
3285,46.86,49,131,240.6,0.038703,51,0,0,0,0,0,1,1,1,2,1.643258469554528
3286,46.88,49,139,240.9,0.038683,51,0,0,0,0,0,1,0,1,1,1.8743161704409605
3287,46.89,19,39,84.1,0.038664,19,0,0,0,1,1,0,2,1,0,2.0621604587329423
3288,46.91,49,141,237.7,0.038645,51,0,0,0,0,0,1,3,2,1,1.6408033336629044
3289,46.93,49,106,243.3,0.038625,51,0,0,0,0,0,1,1,1,0,1.6590874831371232
3290,46.95,49,120,241.9,0.038606,51,0,0,0,0,0,1,1,0,0,1.6765643002438997
3291,46.97,49,134,239.4,0.038587,51,0,0,0,0,0,1,2,2,1,1.7103789930499715
3292,46.99,49,122,241.6,0.038567,51,0,0,0,0,0,1,1,0,1,1.7416616463856034
3293,47.01,49,130,240.8,0.038548,51,0,0,0,0,0,1,1,0,1,1.8143957653011493
3294,47.03,38,90,171.0,0.038529,38,0,0,0,1,1,0,5,2,0,1.7867144755025852
3295,47.05,49,138,241.0,0.03851,51,0,0,0,0,0,1,0,0,1,1.7283329670373873
3296,47.07,49,129,240.0,0.03849,51,0,0,0,0,0,1,2,0,0,1.7715312927554119
3297,47.08,13,36,54.4,0.038471,13,0,0,0,1,1,0,2,1,0,1.8934605200586507
3298,47.09,49,119,243.0,0.038452,51,0,0,0,0,0,1,0,0,0,1.6759644758479368
3299,47.11,49,126,242.2,0.038433,51,0,0,0,0,0,1,0,0,1,1.6901428333428201
3300,47.13,49,132,238.7,0.038413,51,0,0,0,0,0,1,3,1,0,1.7346657144806632
3301,47.16,49,130,241.8,0.038394,51,0,0,0,0,0,1,0,0,1,1.732052444024913
3302,47.18,49,147,238.1,0.038375,51,0,0,0,0,0,1,2,0,1,1.6397529909105992
3303,47.19,29,83,122.7,0.038356,29,0,0,0,1,1,0,9,2,0,1.9192415349193848
3304,47.2,4,16,10.4,0.038337,4,0,0,0,1,1,0,3,1,0,2.6494815274106096
3305,47.2,5,19,15.7,0.038317,5,0,0,0,1,1,0,2,1,4,3.0010983943454597
3306,47.22,49,153,238.4,0.038298,51,0,0,0,0,0,1,1,1,2,1.8669749169055032
3307,47.23,25,58,108.2,0.038279,25,0,0,0,1,1,0,6,2,0,2.0905861402129697
3308,47.25,27,74,119.4,0.03826,27,0,0,0,1,1,0,3,1,2,1.5305513617299722
3309,47.27,49,136,240.0,0.038241,51,0,0,0,0,0,1,1,0,3,1.836808557237854
3310,47.28,30,58,141.0,0.038222,31,0,0,0,1,1,0,3,1,2,1.934720644096502
3311,47.28,7,20,25.6,0.038203,7,0,0,0,1,1,0,2,1,4,2.895569527032821
3312,47.29,6,13,18.7,0.038183,6,0,0,0,1,1,0,5,1,0,3.2621285059595997
3313,47.31,49,121,224.9,0.038164,49,0,0,0,1,1,0,3,2,0,1.8977667975528885
3314,47.31,19,48,81.2,0.038145,19,0,0,0,1,1,0,4,1,0,1.6737197688211187
3315,47.34,49,140,237.9,0.038126,51,0,0,0,0,0,1,3,0,0,1.9169406155858966
3316,47.36,50,127,234.8,0.038107,50,0,0,0,0,0,1,2,1,4,1.826007918046606
3317,47.38,49,131,240.7,0.038088,51,0,0,0,0,0,1,1,1,1,1.6625125546360995
3318,47.4,49,151,238.7,0.038069,51,0,0,0,0,0,1,1,0,1,1.593001638431399
3319,47.42,49,150,239.6,0.03805,51,0,0,0,0,0,1,0,2,3,1.569791268301406
3320,47.43,6,12,20.7,0.038031,6,0,0,0,1,1,0,3,1,1,3.445155016968607
3321,47.44,28,63,128.7,0.038012,28,0,0,0,1,1,0,0,1,0,1.8083608355689806
3322,47.46,49,164,238.3,0.037993,51,0,0,0,0,0,1,0,0,2,1.6670540915176693
3323,47.48,49,140,240.9,0.037974,51,0,0,0,0,0,1,0,2,0,1.774159541226371
3324,47.5,49,127,242.1,0.037955,51,0,0,0,0,0,1,0,0,1,1.6911092580400038
3325,47.53,49,142,240.6,0.037936,51,0,0,0,0,0,1,0,1,1,1.7746362335969128
3326,47.54,31,118,134.8,0.037917,31,0,0,0,1,1,0,3,1,4,1.622983202419303
3327,47.55,15,34,64.4,0.037898,15,0,0,0,1,1,0,2,1,2,2.3707044049800112
3328,47.56,24,50,108.9,0.037879,24,0,0,0,1,1,0,1,1,1,2.0228571900617696
3329,47.58,49,150,222.8,0.03786,49,0,0,0,1,1,0,2,3,2,1.8206457280430126
3330,47.6,49,141,240.7,0.037841,51,0,0,0,0,0,1,0,1,1,1.7301730228020626
3331,47.62,37,115,168.5,0.037822,37,0,0,0,1,1,0,0,3,0,1.6665928421933467
3332,47.64,49,150,236.7,0.037803,51,0,0,0,0,0,1,3,1,2,1.700581859036418
3333,47.66,49,151,236.6,0.037785,51,0,0,0,0,0,1,3,1,2,1.633763986378769
3334,47.69,49,138,238.1,0.037766,51,0,0,0,0,0,1,3,0,0,1.5448407032472837
3335,47.71,49,127,241.0,0.037747,51,0,0,0,0,0,1,1,0,2,1.4900512312133527
3336,47.73,50,138,228.1,0.037728,50,0,0,0,1,1,0,3,3,1,1.6458187209272208
3337,47.73,23,49,104.1,0.037709,23,0,0,0,1,1,0,1,2,0,1.975741020708501
3338,47.74,2,5,4.5,0.03769,2,0,0,0,1,1,0,0,1,0,6.4232236685600865
3339,47.75,49,115,243.4,0.037671,51,0,0,0,0,0,1,0,2,0,1.705728597634429
3340,47.77,49,137,238.1,0.037653,51,0,0,0,0,0,1,3,0,1,1.6280592499004352
3341,47.8,49,159,234.9,0.037634,51,0,0,0,0,0,1,4,1,1,1.7353967158498342
3342,47.82,49,128,242.0,0.037615,51,0,0,0,0,0,1,0,0,1,1.7500069657273918
3343,47.82,2,11,6.8,0.037596,3,0,0,0,1,1,0,2,1,1,3.132697902243633
3344,47.83,12,41,47.8,0.037577,12,0,0,0,1,1,0,3,2,1,1.9354937167737107
3345,47.83,8,23,30.4,0.037558,8,0,0,0,1,1,0,2,1,3,2.3883435202965853
3346,47.84,30,73,132.4,0.03754,30,0,0,0,1,1,0,5,2,3,2.0581139984713537
3347,47.85,5,25,14.1,0.037521,5,0,0,0,1,1,0,3,1,4,2.2700965521851937
3348,47.86,10,36,38.2,0.037502,10,0,0,0,1,1,0,3,2,2,1.9991723754356796
3349,47.87,31,94,137.5,0.037483,31,0,0,0,1,1,0,3,1,1,1.4992291177782266
3350,47.87,5,15,16.4,0.037465,5,0,0,0,1,1,0,2,1,1,2.7450208879580122
3351,47.88,4,16,10.4,0.037446,4,0,0,0,1,1,0,3,1,0,2.971234573066786
3352,47.89,14,106,39.9,0.037427,14,0,0,0,1,1,0,13,2,15,1.924036659530787
3353,47.9,11,25,44.4,0.037409,11,0,0,0,1,1,0,3,1,1,3.0316871205379767
3354,47.9,6,19,27.0,0.03739,7,0,0,0,1,1,0,1,1,1,3.5838856066462568
3355,47.93,49,201,232.4,0.037371,51,0,0,0,0,0,1,2,1,4,1.6135483487059756
3356,47.94,14,38,66.2,0.037352,15,0,0,0,1,1,0,0,1,0,2.2635545547050606
3357,47.96,49,129,241.0,0.037334,51,0,0,0,0,0,1,1,0,0,1.6062647565229253
3358,47.97,30,73,134.7,0.037315,30,0,0,0,1,1,0,3,1,0,1.8483803281227644
3359,47.99,49,139,241.0,0.037296,51,0,0,0,0,0,1,0,0,0,1.433238921774737
3360,48.02,49,145,240.4,0.037278,51,0,0,0,0,0,1,0,0,0,1.5253739852081476
3361,48.04,49,138,240.0,0.037259,51,0,0,0,0,0,1,1,0,1,1.7743548621379863
3362,48.04,15,35,63.5,0.037241,15,0,0,0,1,1,0,3,1,0,1.644104263571135
3363,48.06,49,138,240.1,0.037222,51,0,0,0,0,0,1,1,0,0,1.6844931039934243
3364,48.07,8,17,30.3,0.037203,8,0,0,0,1,1,0,3,1,0,3.323650177672882
3365,48.09,49,130,238.9,0.037185,51,0,0,0,0,0,1,3,0,0,1.523048986121053
3366,48.11,49,157,238.2,0.037166,51,0,0,0,0,0,1,1,1,0,1.5617314619975053
3367,48.13,49,132,239.7,0.037148,51,0,0,0,0,0,1,2,1,0,1.5258274178865074
3368,48.15,49,116,242.3,0.037129,51,0,0,0,0,0,1,1,0,0,1.5397139356936171
3369,48.18,50,194,226.3,0.03711,50,0,0,0,0,0,1,3,1,12,1.4901066022515281
3370,48.2,48,131,217.7,0.037092,48,0,0,0,1,1,0,4,2,2,1.6771311145572607
3371,48.21,22,58,94.1,0.037073,22,0,0,0,1,1,0,5,1,1,1.9169582620760321
3372,48.22,28,79,123.1,0.037055,28,0,0,0,1,1,0,4,1,0,1.591472046308916
3373,48.24,49,138,237.9,0.037036,51,0,0,0,0,0,1,3,0,2,1.6909293584932943
3374,48.24,1,12,-3.4,0.037018,1,0,0,0,1,1,0,2,1,2,3.7380743556878016
3375,48.26,37,102,165.8,0.036999,37,0,0,0,1,1,0,4,1,0,1.531347249605415
3376,48.26,2,8,0.0,0.036981,2,0,0,0,1,1,0,4,1,2,3.764990868299593
3377,48.26,3,12,4.8,0.036962,3,0,0,0,1,1,0,4,1,0,3.4549772251209814
3378,48.27,5,15,16.4,0.036944,5,0,0,0,1,1,0,2,1,1,2.7915805494934576
3379,48.27,15,36,63.4,0.036925,15,0,0,0,1,1,0,3,1,0,1.9771806921482482
3380,48.28,8,31,27.9,0.036907,8,0,0,0,1,1,0,4,2,0,2.334680107277955
3381,48.29,14,45,57.2,0.036888,14,0,0,0,1,1,0,3,2,3,2.2700170099973382
3382,48.3,23,83,97.6,0.03687,23,0,0,0,1,1,0,4,1,1,1.7298180691487006
3383,48.31,12,32,48.7,0.036851,12,0,0,0,1,1,0,3,1,1,1.7874650357242012
3384,48.33,49,130,240.7,0.036833,51,0,0,0,0,0,1,1,2,2,1.8891436103228902
3385,48.33,17,37,74.1,0.036815,17,0,0,0,1,1,0,2,1,2,1.926382501679212
3386,48.34,7,17,25.3,0.036796,7,0,0,0,1,1,0,3,1,0,2.917284437832963
3387,48.35,28,58,127.8,0.036778,28,0,0,0,1,1,0,1,2,4,2.0556736318793427
3388,48.36,44,122,204.7,0.036759,45,0,0,0,1,1,0,3,4,1,1.9311353465622985
3389,48.38,49,130,240.9,0.036741,51,0,0,0,0,0,1,1,0,0,1.6943541027168503
3390,48.39,7,17,24.2,0.036723,7,0,0,0,1,1,0,4,1,1,2.5352701018692394
3391,48.4,28,86,118.3,0.036704,28,0,0,0,1,1,0,7,1,11,1.7834694763722345
3392,48.41,10,22,40.7,0.036686,10,0,0,0,1,1,0,2,1,1,2.4383687211927993
3393,48.43,49,129,241.0,0.036668,51,0,0,0,0,0,1,1,0,0,1.5826621822452143
3394,48.45,49,193,214.7,0.036649,49,0,0,0,1,1,0,6,2,0,1.6232514398842444
3395,48.47,49,137,240.1,0.036631,51,0,0,0,0,0,1,1,0,1,2.0195399494583963
3396,48.5,49,190,233.7,0.036613,51,0,0,0,0,0,1,2,0,2,1.5009010313668518
3397,48.52,49,142,238.5,0.036594,51,0,0,0,0,0,1,2,2,2,1.672469299371132
3398,48.54,49,125,242.3,0.036576,51,0,0,0,0,0,1,0,1,1,1.900108509764367
3399,48.55,12,21,49.9,0.036558,12,0,0,0,1,1,0,3,1,0,2.7010692607832825
3400,48.55,6,15,23.5,0.036539,6,0,0,0,1,1,0,0,1,0,2.378912530665291
3401,48.57,49,146,239.3,0.036521,51,0,0,0,0,0,1,1,0,0,1.7449897405912669
3402,48.59,49,139,241.0,0.036503,51,0,0,0,0,0,1,0,2,0,1.683925438733699
3403,48.61,49,123,240.6,0.036485,51,0,0,0,0,0,1,2,0,0,1.840692131841209
3404,48.63,47,134,214.4,0.036466,47,0,0,0,1,1,0,2,1,2,1.9885411599692555
3405,48.65,49,129,240.9,0.036448,51,0,0,0,0,0,1,1,0,1,1.882413285182424
3406,48.68,49,169,235.7,0.03643,51,0,0,0,0,0,1,2,1,3,1.6064453249982102
3407,48.7,49,131,241.8,0.036412,51,0,0,0,0,0,1,0,0,0,1.5578990034763325
3408,48.7,4,13,11.6,0.036394,4,0,0,0,1,1,0,2,1,1,3.7213399757277026
3409,48.71,4,20,10.0,0.036375,4,0,0,0,1,1,0,3,1,0,2.6616271677121803
3410,48.73,45,126,204.3,0.036357,45,0,0,0,1,1,0,3,2,1,1.8253123952099115
3411,48.75,49,147,234.9,0.036339,51,0,0,0,0,0,1,5,1,3,1.8299189053971066
3412,48.77,49,139,240.0,0.036321,51,0,0,0,0,0,1,1,1,0,1.7491785655411938
3413,48.79,49,135,241.2,0.036303,51,0,0,0,0,0,1,0,0,2,1.7656600565498195
3414,48.81,49,128,241.1,0.036284,51,0,0,0,0,0,1,1,0,0,1.7847054563899063
3415,48.83,49,136,240.2,0.036266,51,0,0,0,0,0,1,1,1,1,1.8011203889385852
3416,48.85,49,123,240.6,0.036248,51,0,0,0,0,0,1,2,0,0,1.8871156614555362
3417,48.85,2,5,4.5,0.03623,2,0,0,0,1,1,0,0,1,0,6.679590870348828
3418,48.87,49,131,240.7,0.036212,51,0,0,0,0,0,1,1,0,1,1.9051088885379885
3419,48.89,49,156,237.2,0.036194,51,0,0,0,0,0,1,2,0,1,1.7755963942507622
3420,48.91,46,118,212.2,0.036176,46,0,0,0,1,1,0,1,1,0,1.6245852652999184
3421,48.93,49,134,229.6,0.036158,50,0,0,0,1,1,0,2,2,0,1.6212184984850424
3422,48.94,26,62,114.8,0.03614,26,0,0,0,1,1,0,4,1,0,2.354173674908751
3423,48.97,49,148,238.0,0.036122,51,0,0,0,0,0,1,2,2,1,1.896317861006145
3424,48.99,49,141,238.7,0.036103,51,0,0,0,0,0,1,2,0,1,1.6152671815322914
3425,49.01,49,119,243.0,0.036085,51,0,0,0,0,0,1,0,0,0,1.861221960196619
3426,49.03,49,133,241.6,0.036067,51,0,0,0,0,0,1,0,0,0,1.6981301705693386
3427,49.05,49,130,240.9,0.036049,51,0,0,0,0,0,1,1,1,0,1.7990588744180167
3428,49.07,49,143,239.6,0.036031,51,0,0,0,0,0,1,1,0,0,1.6238238662033941
3429,49.09,49,137,240.0,0.036013,51,0,0,0,0,0,1,1,0,2,1.6404805195333099
3430,49.11,49,147,238.1,0.035995,51,0,0,0,0,0,1,2,1,1,1.7451793601001768
3431,49.13,50,135,236.1,0.035977,50,0,0,0,0,0,1,0,2,3,1.3840896519831525
3432,49.15,49,142,239.4,0.035959,51,0,0,0,0,0,1,1,1,3,1.5094176848177492
3433,49.18,50,148,229.8,0.035941,50,0,0,0,1,1,0,0,3,4,1.5529322763112594
3434,49.18,13,27,57.3,0.035923,13,0,0,0,1,1,0,0,1,0,2.160632535725433
3435,49.2,49,144,237.3,0.035905,51,0,0,0,0,0,1,3,0,2,1.5887132906763486
3436,49.22,37,89,169.9,0.035887,37,0,0,0,1,1,0,1,2,2,1.7921502898740291
3437,49.23,25,53,111.7,0.03587,25,0,0,0,1,1,0,3,1,0,1.709359897478301
3438,49.25,49,148,238.0,0.035852,51,0,0,0,0,0,1,2,1,1,1.6825567512416844
3439,49.27,49,151,236.6,0.035834,51,0,0,0,0,0,1,3,1,2,1.4976890094545414
3440,49.29,49,123,242.6,0.035816,51,0,0,0,0,0,1,0,0,0,1.6593713676427884
3441,49.31,49,128,240.1,0.035798,51,0,0,0,0,0,1,2,2,0,1.636583177622325
3442,49.33,49,140,238.9,0.03578,51,0,0,0,0,0,1,2,1,0,1.6427927382708243
3443,49.36,49,144,238.5,0.035762,51,0,0,0,0,0,1,2,0,0,1.779783877424251
3444,49.38,49,147,240.2,0.035744,51,0,0,0,0,0,1,0,2,0,1.4965319040970944
3445,49.4,49,142,240.6,0.035726,51,0,0,0,0,0,1,0,0,1,1.4168804519611722
3446,49.42,49,128,241.8,0.035708,51,0,0,0,0,0,1,0,2,3,1.7129801342819544
3447,49.44,49,119,240.0,0.035691,51,0,0,0,0,0,1,3,3,0,1.682856096312258
3448,49.46,49,126,241.3,0.035673,51,0,0,0,0,0,1,1,0,0,1.7179596118390976
3449,49.48,49,131,238.7,0.035655,51,0,0,0,0,0,1,3,1,1,1.6684036942277292
3450,49.5,49,142,240.4,0.035637,51,0,0,0,0,0,1,0,1,3,2.0255674221097717
3451,49.52,49,125,241.4,0.035619,51,0,0,0,0,0,1,1,1,0,1.7359638801417046
3452,49.54,49,147,240.0,0.035601,51,0,0,0,0,0,1,0,0,2,1.7264875731072977
3453,49.58,49,126,240.1,0.035584,51,0,0,0,0,0,1,2,0,2,1.6853691241480313
3454,49.6,49,143,237.5,0.035566,51,0,0,0,0,0,1,3,2,1,1.8125748672328408
3455,49.62,49,142,240.6,0.035548,51,0,0,0,0,0,1,0,1,1,1.6899157191902068
3456,49.64,49,130,239.9,0.03553,51,0,0,0,0,0,1,2,0,0,1.7501559042344215
3457,49.66,49,142,238.7,0.035513,51,0,0,0,0,0,1,2,1,0,1.6596460132441853
3458,49.68,49,146,239.1,0.035495,51,0,0,0,0,0,1,1,0,2,1.5099609554423137
3459,49.69,8,27,29.1,0.035477,8,0,0,0,1,1,0,3,1,2,2.2350205976783637
3460,49.7,20,47,86.2,0.035459,20,0,0,0,1,1,0,4,1,1,1.9092346682208954
3461,49.7,15,40,62.9,0.035442,15,0,0,0,1,1,0,3,1,1,2.3544777366126697
3462,49.71,11,30,43.9,0.035424,11,0,0,0,1,1,0,3,1,1,2.1483710957915956
3463,49.72,19,57,80.8,0.035406,19,0,0,0,1,1,0,3,1,5,1.800340144147477
3464,49.73,7,28,20.0,0.035388,7,0,0,0,1,1,0,7,2,2,2.519016090814047
3465,49.73,3,15,6.3,0.035371,3,0,0,0,1,1,0,2,1,2,2.638436757049894
3466,49.74,30,64,135.5,0.035353,30,0,0,0,1,1,0,3,1,1,1.8455664079324063
3467,49.74,3,15,5.1,0.035335,3,0,0,0,1,1,0,3,1,4,2.6998175205979065
3468,49.74,3,9,7.1,0.035318,3,0,0,0,1,1,0,2,1,0,4.105508032657062
3469,49.75,4,12,9.8,0.0353,4,0,0,0,1,1,0,4,1,0,2.860429949624722
3470,49.75,20,49,87.8,0.035282,20,0,0,0,1,1,0,2,2,3,1.7826848602349448
3471,49.76,9,53,29.6,0.035265,9,0,0,0,1,1,0,5,1,1,1.8940134516704614
3472,49.77,10,28,39.2,0.035247,10,0,0,0,1,1,0,3,1,0,2.328285170213648
3473,49.77,12,25,51.4,0.035229,12,0,0,0,1,1,0,1,1,1,2.3546165497075613
3474,49.78,4,14,16.6,0.035212,5,0,0,0,1,1,0,2,1,0,3.431731583926078
3475,49.79,17,69,70.8,0.035194,17,0,0,0,1,1,0,2,1,3,1.9558252034446921
3476,49.79,19,41,82.6,0.035177,19,0,0,0,1,1,0,3,2,3,1.960715566259894
3477,49.8,17,41,72.5,0.035159,17,0,0,0,1,1,0,3,1,4,2.165753515436351
3478,49.82,49,138,240.3,0.035141,51,0,0,0,0,0,1,0,2,8,1.8982791158074832
3479,49.85,49,160,237.9,0.035124,51,0,0,0,0,0,1,1,0,0,1.5671318973228316
3480,49.86,24,64,106.5,0.035106,24,0,0,0,1,1,0,2,2,1,2.236852765406403
3481,49.89,49,172,235.5,0.035089,51,0,0,0,0,0,1,2,2,2,1.631486305256903
3482,49.91,49,133,241.6,0.035071,51,0,0,0,0,0,1,0,0,0,1.6726298353402371
3483,49.93,49,151,236.8,0.035054,51,0,0,0,0,0,1,3,2,0,1.6868905792446924
3484,49.95,49,125,241.3,0.035036,51,0,0,0,0,0,1,1,0,1,1.5286258657596983
3485,49.97,49,122,241.7,0.035019,51,0,0,0,0,0,1,1,0,0,1.6655905736025283
3486,49.99,49,125,240.3,0.035001,51,0,0,0,0,0,1,2,1,1,1.61352254141269
3487,49.99,3,13,12.5,0.034984,4,0,0,0,1,1,0,1,1,2,2.3847573803981725
3488,49.99,7,23,26.4,0.034966,7,0,0,0,1,1,0,1,1,3,2.7514933318172834
3489,50.0,2,9,1.1,0.034949,2,0,0,0,1,1,0,3,1,0,4.067773909337675
3490,50.0,15,36,62.4,0.034931,15,0,0,0,1,1,0,4,1,0,2.3496587109011577
3491,50.01,6,25,19.5,0.034914,6,0,0,0,1,1,0,3,1,0,2.5057411873282627
3492,50.01,5,26,14.0,0.034896,5,0,0,0,1,1,0,3,2,4,2.5675464723356693
3493,50.02,4,14,13.5,0.034879,4,0,0,0,1,1,0,0,1,1,3.3968321450506593
3494,50.03,28,88,120.1,0.034861,28,0,0,0,1,1,0,6,2,1,1.9283513072214313
3495,50.04,22,57,96.3,0.034844,22,0,0,0,1,1,0,3,1,0,1.9019762110301428
3496,50.05,12,41,48.5,0.034827,12,0,0,0,1,1,0,2,1,4,2.1840148067979346
3497,50.06,26,62,117.5,0.034809,26,0,0,0,1,1,0,1,1,3,2.0851244958946697
3498,50.06,8,20,32.0,0.034792,8,0,0,0,1,1,0,1,1,0,2.5970290201015716
3499,50.08,49,122,242.7,0.034774,51,0,0,0,0,0,1,0,0,0,1.9393781045275813
3500,50.1,49,145,239.4,0.034757,51,0,0,0,0,0,1,1,2,0,1.623889512798996
3501,50.11,22,50,97.8,0.03474,22,0,0,0,1,1,0,2,1,2,2.375892468439841
3502,50.11,2,6,0.4,0.034722,2,0,0,0,1,1,0,4,1,0,5.492755863508651
3503,50.14,49,165,230.9,0.034705,51,0,0,0,0,0,1,7,0,5,1.8054192701337792
3504,50.16,49,154,237.3,0.034687,51,0,0,0,0,0,1,2,0,2,1.643618423370722
3505,50.18,49,126,224.4,0.03467,49,0,0,0,1,1,0,3,3,0,1.8305799118516184
3506,50.19,12,29,48.1,0.034653,12,0,0,0,1,1,0,4,1,0,2.63008855231642
3507,50.21,49,155,239.2,0.034635,51,0,0,0,0,0,1,0,0,2,1.6499890148926477
3508,50.24,49,171,237.7,0.034618,51,0,0,0,0,0,1,0,0,1,1.5326602855342046
3509,50.26,49,142,239.7,0.034601,51,0,0,0,0,0,1,1,1,0,1.566400668796688
3510,50.28,49,124,241.5,0.034584,51,0,0,0,0,0,1,1,0,0,1.8013920107994463
3511,50.3,49,141,239.7,0.034566,51,0,0,0,0,0,1,1,0,1,1.663737418279083
3512,50.32,49,129,241.0,0.034549,51,0,0,0,0,0,1,1,0,0,1.779849952403041
3513,50.34,49,131,241.6,0.034532,51,0,0,0,0,0,1,0,0,2,1.8099438019295586
3514,50.36,49,127,241.1,0.034514,51,0,0,0,0,0,1,1,0,1,1.701073292225146
3515,50.38,49,127,242.2,0.034497,51,0,0,0,0,0,1,0,0,0,1.6669236996713566
3516,50.4,49,146,239.3,0.03448,51,0,0,0,0,0,1,1,0,0,1.5780100710839902
3517,50.41,11,29,47.1,0.034463,11,0,0,0,1,1,0,0,1,0,2.06091547353228
3518,50.43,49,133,241.4,0.034445,51,0,0,0,0,0,1,0,0,2,1.658386209383901
3519,50.44,16,42,67.3,0.034428,16,0,0,0,1,1,0,3,1,5,1.8365685468128605
3520,50.45,33,90,145.0,0.034411,33,0,0,0,1,1,0,6,1,0,1.693511856719862
3521,50.48,49,139,239.0,0.034394,51,0,0,0,0,0,1,2,1,0,1.6549870086941134
3522,50.49,37,90,171.0,0.034377,37,0,0,0,1,1,0,0,2,0,1.3623972899242591
3523,50.52,49,164,234.3,0.034359,51,0,0,0,0,0,1,4,3,2,1.7781891324752719
3524,50.53,49,115,242.4,0.034342,51,0,0,0,0,0,1,1,0,0,1.703565998870976
3525,50.55,49,128,241.1,0.034325,51,0,0,0,0,0,1,1,0,0,1.697193987244966
3526,50.58,49,131,238.8,0.034308,51,0,0,0,0,0,1,3,1,0,1.8272651135168398
3527,50.58,7,15,25.5,0.034291,7,0,0,0,1,1,0,3,1,0,2.3274324492367953
3528,50.6,49,135,241.3,0.034274,51,0,0,0,0,0,1,0,0,1,1.923374673152387
3529,50.62,49,147,240.0,0.034256,51,0,0,0,0,0,1,0,2,2,1.7475240301308455
3530,50.65,49,161,236.7,0.034239,51,0,0,0,0,0,1,2,1,1,1.6094636564815288
3531,50.67,49,138,240.0,0.034222,51,0,0,0,0,0,1,1,1,1,1.4999779505966468
3532,50.69,49,140,239.9,0.034205,51,0,0,0,0,0,1,1,0,0,1.7408966189135673
3533,50.72,49,163,237.4,0.034188,51,0,0,0,0,0,1,1,1,2,1.5483924087249228
3534,50.74,49,136,239.2,0.034171,51,0,0,0,0,0,1,2,2,1,1.8242537338608729
3535,50.76,49,124,242.5,0.034154,51,0,0,0,0,0,1,0,0,0,1.7649643532621466
3536,50.78,49,153,239.4,0.034137,51,0,0,0,0,0,1,0,0,2,1.4741455666416516
3537,50.81,49,145,239.4,0.03412,51,0,0,0,0,0,1,1,1,0,1.4505690634938053
3538,50.82,37,90,170.9,0.034103,37,0,0,0,1,1,0,0,1,1,1.4982988779498447
3539,50.84,49,147,240.0,0.034086,51,0,0,0,0,0,1,0,0,2,1.6422444628982782
3540,50.86,49,130,239.6,0.034069,51,0,0,0,0,0,1,2,0,3,1.3756356008169364
3541,50.89,49,153,237.6,0.034052,51,0,0,0,0,0,1,2,0,0,1.509224170420585
3542,50.91,49,144,240.2,0.034034,51,0,0,0,0,0,1,0,0,3,1.6282006791290515
3543,50.93,44,120,199.8,0.034017,44,0,0,0,1,1,0,3,2,2,1.5943838447820733
3544,50.95,49,131,241.8,0.034,51,0,0,0,0,0,1,0,2,0,2.0937835822362914
3545,50.97,49,141,238.8,0.033983,51,0,0,0,0,0,1,2,0,0,1.633705167939733
3546,50.99,49,123,240.5,0.033966,51,0,0,0,0,0,1,2,1,1,1.8595373117709268
3547,51.01,49,135,240.3,0.033949,51,0,0,0,0,0,1,1,0,1,1.5693848614483665
3548,51.03,49,124,242.4,0.033933,51,0,0,0,0,0,1,0,0,1,1.8009160741279973
3549,51.05,49,123,240.5,0.033916,51,0,0,0,0,0,1,2,1,1,1.75693412022038
3550,51.07,50,129,233.7,0.033899,50,0,0,0,0,0,1,3,1,3,1.8168826463156171
3551,51.09,49,130,239.8,0.033882,51,0,0,0,0,0,1,2,2,1,1.9052871891254173
3552,51.11,49,133,240.4,0.033865,51,0,0,0,0,0,1,1,1,2,1.749457264605711
3553,51.14,49,142,238.6,0.033848,51,0,0,0,0,0,1,2,0,1,1.6395435691583777
3554,51.15,33,79,149.1,0.033831,33,0,0,0,1,1,0,3,1,0,1.4437409875103084
3555,51.17,49,129,241.0,0.033814,51,0,0,0,0,0,1,1,1,0,1.6618914888812655
3556,51.19,49,127,241.1,0.033797,51,0,0,0,0,0,1,1,0,1,1.7328524744651521
3557,51.22,49,153,239.6,0.03378,51,0,0,0,0,0,1,0,0,0,1.448180360353247
3558,51.24,49,130,240.9,0.033763,51,0,0,0,0,0,1,1,0,0,1.8074306289690472
3559,51.25,38,85,173.5,0.033746,38,0,0,0,1,1,0,3,1,0,1.421595992377421
3560,51.27,42,109,192.1,0.033729,42,0,0,0,1,1,0,2,1,0,1.6791115051248147
3561,51.29,49,131,240.8,0.033713,51,0,0,0,0,0,1,1,1,0,1.7112863574454484
3562,51.32,49,147,240.2,0.033696,51,0,0,0,0,0,1,0,1,0,1.4575547802818098
3563,51.33,23,54,103.6,0.033679,23,0,0,0,1,1,0,1,1,0,1.67521882214909
3564,51.35,49,142,239.6,0.033662,51,0,0,0,0,0,1,1,0,1,1.6905716446183472
3565,51.37,49,130,240.8,0.033645,51,0,0,0,0,0,1,1,0,1,1.5440566847292048
3566,51.39,49,146,238.2,0.033628,51,0,0,0,0,0,1,2,2,1,1.5760858423619233
3567,51.41,49,128,239.1,0.033612,51,0,0,0,0,0,1,3,0,0,1.8077388691080172
3568,51.44,49,137,239.0,0.033595,51,0,0,0,0,0,1,2,1,2,1.6679244813514813
3569,51.46,49,154,237.5,0.033578,51,0,0,0,0,0,1,2,1,0,1.6030971863420413
3570,51.48,40,101,184.9,0.033561,40,0,0,0,1,1,0,0,1,0,1.4449319734840023
3571,51.5,49,141,239.8,0.033544,51,0,0,0,0,0,1,1,1,0,1.5934239425773913
3572,51.52,49,126,242.3,0.033528,51,0,0,0,0,0,1,0,0,0,1.359251110129166
3573,51.53,20,43,87.7,0.033511,20,0,0,0,1,1,0,3,1,0,1.6503525691640448
3574,51.55,48,134,226.6,0.033494,49,0,0,0,1,1,0,0,3,0,1.5775632674277789
3575,51.57,49,134,239.4,0.033477,51,0,0,0,0,0,1,2,1,1,1.7241052326502495
3576,51.59,49,138,239.9,0.033461,51,0,0,0,0,0,1,1,0,2,1.6621499353594391
3577,51.61,49,149,239.8,0.033444,51,0,0,0,0,0,1,0,1,2,1.6464564098490437
3578,51.64,49,134,241.5,0.033427,51,0,0,0,0,0,1,0,4,0,1.858700367795671
3579,51.66,49,132,239.7,0.03341,51,0,0,0,0,0,1,2,0,0,1.6453838600268396
3580,51.68,49,145,240.1,0.033394,51,0,0,0,0,0,1,0,1,3,1.6581840463135105
3581,51.69,26,62,113.8,0.033377,26,0,0,0,1,1,0,5,1,0,1.7579884551395795
3582,51.71,49,142,239.7,0.03336,51,0,0,0,0,0,1,1,1,0,1.6733128517947173
3583,51.72,10,24,47.6,0.033344,11,0,0,0,1,1,0,0,1,0,2.4818399332305012
3584,51.74,49,129,240.9,0.033327,51,0,0,0,0,0,1,1,0,1,1.614749832519473
3585,51.76,49,158,238.1,0.03331,51,0,0,0,0,0,1,1,0,0,1.7672551496905993
3586,51.77,9,19,36.1,0.033294,9,0,0,0,1,1,0,2,1,0,2.6108802906955573
3587,51.79,49,122,242.7,0.033277,51,0,0,0,0,0,1,0,1,0,1.5382584886532138
3588,51.81,49,158,237.0,0.03326,51,0,0,0,0,0,1,2,0,1,1.6107366264582
3589,51.83,49,147,240.2,0.033244,51,0,0,0,0,0,1,0,0,0,1.4237167481771185
3590,51.86,49,134,238.3,0.033227,51,0,0,0,0,0,1,3,0,2,1.6007183163741165
3591,51.88,49,142,238.2,0.033211,51,0,0,0,0,0,1,2,0,5,1.529873813898833
3592,51.9,49,134,239.5,0.033194,51,0,0,0,0,0,1,2,0,0,1.6054633401829006
3593,51.92,49,139,241.0,0.033177,51,0,0,0,0,0,1,0,0,0,1.7015999197527873
3594,51.94,49,137,241.0,0.033161,51,0,0,0,0,0,1,0,0,2,1.7081959467338643
3595,51.96,49,116,242.3,0.033144,51,0,0,0,0,0,1,1,0,0,1.7028281376957226
3596,51.97,29,60,132.9,0.033128,29,0,0,0,1,1,0,1,1,1,1.893440316662439
3597,52.0,49,143,238.4,0.033111,51,0,0,0,0,0,1,2,0,2,1.6920527749213063
3598,52.02,49,146,240.2,0.033095,51,0,0,0,0,0,1,0,0,1,1.59906562128145
3599,52.04,49,135,241.4,0.033078,51,0,0,0,0,0,1,0,2,0,1.603169140928823
3600,52.05,16,31,70.9,0.033061,16,0,0,0,1,1,0,1,2,0,2.510564098255864
3601,52.07,49,139,238.9,0.033045,51,0,0,0,0,0,1,2,1,1,1.473872799309786
3602,52.08,26,74,114.3,0.033028,26,0,0,0,1,1,0,3,1,3,1.8286438312805682
3603,52.11,49,195,232.0,0.033012,51,0,0,0,0,0,1,3,1,4,1.821000716903017
3604,52.12,29,63,133.7,0.032995,29,0,0,0,1,1,0,0,3,0,2.384303968137095
3605,52.16,26,212,93.7,0.032979,26,0,0,0,1,1,0,10,1,1,1.3880478002298946
3606,52.18,49,139,239.9,0.032962,51,0,0,0,0,0,1,1,0,1,1.8503006241090876
3607,52.21,49,203,234.5,0.032946,51,0,0,0,0,0,1,0,3,1,1.4898400009165156
3608,52.23,49,149,240.0,0.032929,51,0,0,0,0,0,1,0,1,0,1.7190179680698259
3609,52.25,49,138,241.0,0.032913,51,0,0,0,0,0,1,0,0,1,1.6101874813395745
3610,52.26,17,41,75.9,0.032896,17,0,0,0,1,1,0,0,1,0,2.2756190741716615
3611,52.28,49,123,238.5,0.03288,51,0,0,0,0,0,1,4,0,1,1.9586481188920375
3612,52.3,49,137,241.2,0.032864,51,0,0,0,0,0,1,0,0,0,1.7324805721835772
3613,52.32,43,102,198.7,0.032847,43,0,0,0,1,1,0,1,1,1,1.8123450170140938
3614,52.34,49,140,238.8,0.032831,51,0,0,0,0,0,1,2,0,1,1.6992869780062327
3615,52.36,49,133,240.4,0.032814,51,0,0,0,0,0,1,1,1,2,1.6064931179007966
3616,52.39,49,160,236.8,0.032798,51,0,0,0,0,0,1,2,1,1,1.621084001243814
3617,52.41,49,135,239.3,0.032782,51,0,0,0,0,0,1,2,1,1,1.8260729873841826
3618,52.43,49,129,242.0,0.032765,51,0,0,0,0,0,1,0,0,0,1.9803315942804978
3619,52.45,50,118,236.9,0.032749,50,0,0,0,0,0,1,1,1,2,1.688774348824248
3620,52.47,49,131,241.8,0.032732,51,0,0,0,0,0,1,0,0,0,1.639538650402698
3621,52.49,49,138,240.1,0.032716,51,0,0,0,0,0,1,1,0,0,1.5784943447924447
3622,52.51,49,138,239.0,0.0327,51,0,0,0,0,0,1,2,0,1,1.6941288502192087
3623,52.53,49,141,240.7,0.032683,51,0,0,0,0,0,1,0,1,1,1.6629404041523577
3624,52.54,27,60,120.0,0.032667,27,0,0,0,1,1,0,4,3,0,1.9208608561974088
3625,52.55,3,9,9.1,0.032651,3,0,0,0,1,1,0,0,1,0,3.401149092961972
3626,52.56,28,70,124.6,0.032634,28,0,0,0,1,1,0,3,2,4,1.9819318650050466
3627,52.58,49,153,218.9,0.032618,49,0,0,0,1,1,0,5,2,8,1.7236312948104306
3628,52.6,49,138,239.0,0.032602,51,0,0,0,0,0,1,2,0,1,1.7720302598804472
3629,52.63,49,158,238.0,0.032585,51,0,0,0,0,0,1,1,1,1,1.6916373208840503
3630,52.64,16,62,62.7,0.032569,16,0,0,0,1,1,0,6,1,1,1.6839529705645697
3631,52.65,31,83,140.4,0.032553,31,0,0,0,1,1,0,1,1,3,1.9265750960271382
3632,52.66,22,46,99.4,0.032537,22,0,0,0,1,1,0,1,1,0,1.9661162959390248
3633,52.66,5,19,15.9,0.03252,5,0,0,0,1,1,0,2,1,2,2.585733313118097
3634,52.67,10,27,40.3,0.032504,10,0,0,0,1,1,0,2,1,0,3.1331419704339303
3635,52.69,50,146,228.0,0.032488,50,0,0,0,0,0,1,7,1,3,1.7199717036697784
3636,52.71,49,125,240.3,0.032472,51,0,0,0,0,0,1,2,0,1,1.6772822973798327
3637,52.73,40,114,183.5,0.032455,40,0,0,0,1,1,0,0,1,1,1.588359866841745
3638,52.75,49,144,240.5,0.032439,51,0,0,0,0,0,1,0,2,0,1.7833260079872946
3639,52.77,49,133,239.5,0.032423,51,0,0,0,0,0,1,2,0,1,1.886534580223982
3640,52.8,49,144,240.5,0.032407,51,0,0,0,0,0,1,0,1,0,1.830642420041098
3641,52.82,49,132,239.4,0.03239,51,0,0,0,0,0,1,2,1,3,1.8164623233147863
3642,52.84,49,123,242.6,0.032374,51,0,0,0,0,0,1,0,1,0,1.5499485705404357
3643,52.86,49,121,242.8,0.032358,51,0,0,0,0,0,1,0,0,0,1.7622855836352096
3644,52.86,16,32,68.7,0.032342,16,0,0,0,1,1,0,3,1,1,2.114916760472325
3645,52.89,49,144,239.3,0.032326,51,0,0,0,0,0,1,1,1,2,1.6848741806617806
3646,52.91,49,131,241.8,0.03231,51,0,0,0,0,0,1,0,0,0,1.4676150299142567
3647,52.93,49,131,238.8,0.032293,51,0,0,0,0,0,1,3,0,0,1.7825381947379617
3648,52.95,49,154,238.3,0.032277,51,0,0,0,0,0,1,1,0,2,1.7457817304356043
3649,52.97,49,123,242.6,0.032261,51,0,0,0,0,0,1,0,0,0,1.7961327023206526
3650,52.99,49,130,240.7,0.032245,51,0,0,0,0,0,1,1,2,2,1.7939723764127693
3651,52.99,8,18,30.9,0.032229,8,0,0,0,1,1,0,2,1,3,2.6908434748312007
3652,53.0,8,22,28.8,0.032213,8,0,0,0,1,1,0,4,1,0,2.496490701164227
3653,53.0,6,15,20.5,0.032197,6,0,0,0,1,1,0,3,1,0,3.083969700177897
3654,53.01,10,32,37.8,0.03218,10,0,0,0,1,1,0,4,1,0,2.502110341026022
3655,53.01,4,25,9.5,0.032164,4,0,0,0,1,1,0,3,1,0,2.178358978241996
3656,53.03,42,103,191.7,0.032148,42,0,0,0,1,1,0,3,1,0,1.6335472698854645
3657,53.05,49,126,242.3,0.032132,51,0,0,0,0,0,1,0,0,0,1.9482220251515607
3658,53.07,49,132,240.7,0.032116,51,0,0,0,0,0,1,1,2,0,2.044454453968763
3659,53.09,49,129,240.9,0.0321,51,0,0,0,0,0,1,1,0,1,1.8220391399790743
3660,53.11,49,132,240.7,0.032084,51,0,0,0,0,0,1,1,0,0,1.862941637484785
3661,53.13,49,138,241.0,0.032068,51,0,0,0,0,0,1,0,0,1,1.8240210863916713
3662,53.15,36,112,158.8,0.032052,36,0,0,0,1,1,0,5,2,0,1.687229844986426
3663,53.17,49,125,241.2,0.032036,51,0,0,0,0,0,1,1,1,2,1.8708096858548988
3664,53.19,50,129,233.7,0.03202,50,0,0,0,0,0,1,3,1,3,1.7465396449404198
3665,53.2,25,54,114.5,0.032004,25,0,0,0,1,1,0,0,1,1,2.127232282838665
3666,53.22,49,126,240.1,0.031988,51,0,0,0,0,0,1,2,1,2,1.7929897300223885
3667,53.23,17,41,71.9,0.031972,17,0,0,0,1,1,0,4,2,0,2.0644164608202042
3668,53.25,50,148,226.1,0.031956,50,0,0,0,1,1,0,4,3,1,1.548073241150684
3669,53.27,49,129,241.9,0.03194,51,0,0,0,0,0,1,0,1,1,1.6836626349400647
3670,53.29,38,94,174.5,0.031924,38,0,0,0,1,1,0,1,2,1,1.7208342148055742
3671,53.31,49,134,240.5,0.031908,51,0,0,0,0,0,1,1,2,0,1.5933177944311376
3672,53.33,49,137,240.1,0.031892,51,0,0,0,0,0,1,1,0,1,1.6753547167578795
3673,53.36,49,155,238.3,0.031876,51,0,0,0,0,0,1,1,0,1,1.5494204292270648
3674,53.38,49,154,238.2,0.03186,51,0,0,0,0,0,1,1,3,3,1.7619520487338503
3675,53.4,49,142,239.7,0.031844,51,0,0,0,0,0,1,1,0,0,1.501339326630996
3676,53.42,49,134,240.3,0.031828,51,0,0,0,0,0,1,1,0,2,1.5389040624506214
3677,53.44,44,117,201.2,0.031812,44,0,0,0,1,1,0,2,2,1,1.7107375083799876
3678,53.46,49,134,239.4,0.031797,51,0,0,0,0,0,1,2,0,1,1.596069778968153
3679,53.48,49,146,239.3,0.031781,51,0,0,0,0,0,1,1,0,0,1.6316097283135143
3680,53.51,49,155,236.3,0.031765,51,0,0,0,0,0,1,3,2,1,1.5929953763517302
3681,53.53,49,139,238.8,0.031749,51,0,0,0,0,0,1,2,1,2,1.682928975396968
3682,53.55,49,133,239.6,0.031733,51,0,0,0,0,0,1,2,0,0,1.7123436445751425
3683,53.56,33,75,149.5,0.031717,33,0,0,0,1,1,0,3,1,0,1.64407891825294
3684,53.59,49,143,238.4,0.031701,51,0,0,0,0,0,1,2,2,2,1.8879824271876524
3685,53.61,49,121,241.8,0.031685,51,0,0,0,0,0,1,1,1,0,1.6695610093862399
3686,53.63,49,139,240.0,0.03167,51,0,0,0,0,0,1,1,0,0,1.5507510899864616
3687,53.65,49,127,241.1,0.031654,51,0,0,0,0,0,1,1,0,1,1.9132558631745586
3688,53.67,49,148,240.0,0.031638,51,0,0,0,0,0,1,0,0,1,1.4765456088431774
3689,53.69,49,120,240.9,0.031622,51,0,0,0,0,0,1,2,0,0,1.6072840796502543
3690,53.7,26,70,115.7,0.031606,26,0,0,0,1,1,0,2,1,3,1.7936474975040455
3691,53.72,49,125,242.3,0.03159,51,0,0,0,0,0,1,0,0,1,1.7927320760002525
3692,53.74,38,101,171.7,0.031575,38,0,0,0,1,1,0,3,1,2,1.76305832007283
3693,53.76,49,130,240.8,0.031559,51,0,0,0,0,0,1,1,0,1,1.743813381134115
3694,53.78,49,120,240.9,0.031543,51,0,0,0,0,0,1,2,0,0,1.7168190179028948
3695,53.79,48,110,223.0,0.031527,48,0,0,0,1,1,0,1,1,0,1.6622539703014005
3696,53.83,42,212,178.8,0.031512,42,0,0,0,1,1,0,5,1,0,1.2281406493558806
3697,53.85,49,136,241.2,0.031496,51,0,0,0,0,0,1,0,0,1,1.6632361917416811
3698,53.87,49,129,241.0,0.03148,51,0,0,0,0,0,1,1,0,0,1.7781032083683286
3699,53.89,49,156,237.3,0.031464,51,0,0,0,0,0,1,2,1,0,1.6327970072281655
3700,53.91,49,123,241.6,0.031449,51,0,0,0,0,0,1,1,0,0,1.6551475804460114
3701,53.93,44,111,207.7,0.031433,45,0,0,0,1,1,0,1,1,2,1.473609915684585
3702,53.95,49,136,241.3,0.031417,51,0,0,0,0,0,1,0,1,0,1.5335775838277115
3703,53.97,49,119,243.0,0.031401,51,0,0,0,0,0,1,0,0,0,1.6766850547114274
3704,53.99,49,141,240.6,0.031386,51,0,0,0,0,0,1,0,0,2,1.7308045013079811
3705,54.01,49,151,237.8,0.03137,51,0,0,0,0,0,1,2,0,0,1.7792653589539345
3706,54.03,49,136,240.3,0.031354,51,0,0,0,0,0,1,1,0,0,1.7276810379633045
3707,54.05,27,70,120.0,0.031339,27,0,0,0,1,1,0,3,2,0,1.7676719288202032
3708,54.07,49,139,239.9,0.031323,51,0,0,0,0,0,1,1,0,1,1.6095693779782592
3709,54.09,49,149,238.0,0.031307,51,0,0,0,0,0,1,2,0,0,1.725431541774028
3710,54.1,9,23,35.7,0.031292,9,0,0,0,1,1,0,2,1,0,2.5269586284353194
3711,54.12,49,140,238.9,0.031276,51,0,0,0,0,0,1,2,2,0,1.6866071893086747
3712,54.13,37,83,170.7,0.03126,37,0,0,0,1,1,0,1,1,0,1.8729558368380388
3713,54.15,49,118,242.1,0.031245,51,0,0,0,0,0,1,1,2,0,1.667077594632877
3714,54.17,50,126,229.3,0.031229,50,0,0,0,1,1,0,3,1,1,1.5546685681136738
3715,54.19,49,123,242.6,0.031214,51,0,0,0,0,0,1,0,1,0,1.7597372987028048
3716,54.21,49,147,239.0,0.031198,51,0,0,0,0,0,1,1,2,2,1.9204787964560956
3717,54.24,49,149,238.7,0.031182,51,0,0,0,0,0,1,1,2,3,1.6556338741694727
3718,54.26,49,136,240.3,0.031167,51,0,0,0,0,0,1,1,0,0,1.732149793625594
3719,54.28,49,122,242.7,0.031151,51,0,0,0,0,0,1,0,0,0,1.8058962530049503
3720,54.3,49,133,239.4,0.031136,51,0,0,0,0,0,1,2,0,2,1.8191811176330908
3721,54.32,49,142,239.7,0.03112,51,0,0,0,0,0,1,1,0,0,1.556238960059998
3722,54.34,49,127,241.2,0.031104,51,0,0,0,0,0,1,1,1,0,1.5804861365697174
3723,54.36,38,86,175.4,0.031089,38,0,0,0,1,1,0,1,1,0,1.7600663799702994
3724,54.38,49,140,238.8,0.031073,51,0,0,0,0,0,1,2,0,1,1.4854746832590617
3725,54.39,22,43,96.6,0.031058,22,0,0,0,1,1,0,4,1,1,2.16858216774854
3726,54.41,49,139,239.9,0.031042,51,0,0,0,0,0,1,1,0,1,1.6604962665670362
3727,54.42,30,61,135.9,0.031027,30,0,0,0,1,1,0,3,1,0,1.6130749295961138
3728,54.44,49,123,242.6,0.031011,51,0,0,0,0,0,1,0,0,0,1.9359807066757373
3729,54.46,47,125,215.5,0.030996,47,0,0,0,1,1,0,2,1,0,1.6906170436745533
3730,54.48,49,132,238.7,0.03098,51,0,0,0,0,0,1,3,1,0,1.700197084937686
3731,54.5,49,153,237.6,0.030965,51,0,0,0,0,0,1,2,0,0,1.7120048207203602
3732,54.52,49,128,241.1,0.030949,51,0,0,0,0,0,1,1,1,0,1.811212625045985
3733,54.54,29,71,129.9,0.030934,29,0,0,0,1,1,0,3,1,0,1.8937534977331938
3734,54.56,49,133,241.6,0.030918,51,0,0,0,0,0,1,0,0,0,1.7574673106297505
3735,54.58,49,151,238.7,0.030903,51,0,0,0,0,0,1,1,0,1,1.6735315075187884
3736,54.6,49,137,240.2,0.030887,51,0,0,0,0,0,1,1,0,0,1.809789307459135
3737,54.62,49,136,238.1,0.030872,51,0,0,0,0,0,1,3,0,2,1.9395320437963204
3738,54.65,49,147,238.1,0.030857,51,0,0,0,0,0,1,2,1,1,1.767260235297937
3739,54.67,49,146,239.2,0.030841,51,0,0,0,0,0,1,1,1,1,1.569589185990688
3740,54.67,15,29,71.1,0.030826,16,0,0,0,1,1,0,1,1,0,2.1417548097010055
3741,54.68,8,24,28.6,0.03081,8,0,0,0,1,1,0,4,1,0,2.478576482557546
3742,54.69,11,43,44.6,0.030795,11,0,0,0,1,1,0,1,1,1,2.218797890426663
3743,54.69,2,10,0.9,0.03078,2,0,0,0,1,1,0,3,1,1,3.4142737468452227
3744,54.7,4,58,-3.4,0.030764,4,0,0,0,1,1,0,12,1,6,1.8234023111847266
3745,54.71,16,40,69.7,0.030749,16,0,0,0,1,1,0,1,1,3,1.7113004800019973
3746,54.72,27,74,118.6,0.030733,27,0,0,0,1,1,0,4,1,0,2.029586643698286
3747,54.72,2,10,1.0,0.030718,2,0,0,0,1,1,0,3,1,0,3.3840017460404774
3748,54.73,7,28,21.1,0.030703,7,0,0,0,1,1,0,6,2,1,2.7172165845714806
3749,54.73,5,13,15.7,0.030687,5,0,0,0,1,1,0,3,1,0,2.8258084828496246
3750,54.73,8,20,30.0,0.030672,8,0,0,0,1,1,0,3,2,0,2.7183980750262196
3751,54.74,18,48,77.1,0.030657,18,0,0,0,1,1,0,3,1,1,1.9707407547856857
3752,54.74,4,12,9.8,0.030641,4,0,0,0,1,1,0,4,1,0,3.226175156168648
3753,54.75,21,64,85.4,0.030626,21,0,0,0,1,1,0,8,1,2,1.7367649230254458
3754,54.76,4,10,11.0,0.030611,4,0,0,0,1,1,0,3,1,0,3.6284701874635474
3755,54.77,27,68,120.0,0.030595,27,0,0,0,1,1,0,3,1,2,1.823040383860755
3756,54.77,12,23,50.5,0.03058,12,0,0,0,1,1,0,2,1,2,2.5290352709459327
3757,54.78,15,31,63.9,0.030565,15,0,0,0,1,1,0,3,1,0,2.110341925434253
3758,54.78,8,21,29.7,0.030549,8,0,0,0,1,1,0,3,1,2,2.51569596557597
3759,54.79,6,21,20.6,0.030534,6,0,0,0,1,1,0,2,1,3,2.5960867629195885
3760,54.79,4,13,10.6,0.030519,4,0,0,0,1,1,0,3,1,1,3.148627728961496
3761,54.8,28,66,125.1,0.030504,28,0,0,0,1,1,0,3,2,3,2.602606444678547
3762,54.81,8,35,27.5,0.030488,8,0,0,0,1,1,0,4,1,0,2.309715625527361
3763,54.82,27,75,121.4,0.030473,27,0,0,0,1,1,0,1,1,1,1.709033865060845
3764,54.84,43,121,194.8,0.030458,43,0,0,0,1,1,0,3,2,1,1.7213512895168466
3765,54.85,33,70,150.0,0.030443,33,0,0,0,1,1,0,3,2,0,1.9700755414522628
3766,54.86,20,78,84.8,0.030427,20,0,0,0,1,1,0,2,2,4,1.6262500624481393
3767,54.87,5,18,15.1,0.030412,5,0,0,0,1,1,0,3,1,1,2.660982942677683
3768,54.87,9,31,33.7,0.030397,9,0,0,0,1,1,0,3,1,2,2.096421780023993
3769,54.89,49,122,240.6,0.030382,51,0,0,0,0,0,1,2,0,1,1.6523885838549226
3770,54.91,35,92,156.8,0.030367,35,0,0,0,1,1,0,4,2,0,1.5872943255301064
3771,54.92,20,54,86.5,0.030352,20,0,0,0,1,1,0,3,1,1,1.7219715580520483
3772,54.94,49,149,235.7,0.030336,51,0,0,0,0,0,1,4,2,3,1.8129310417387607
3773,54.96,50,131,231.8,0.030321,50,0,0,0,0,0,1,5,1,0,1.8498189220965144
3774,54.98,49,155,239.3,0.030306,51,0,0,0,0,0,1,0,0,1,1.6057405326100667
3775,55.0,49,139,240.0,0.030291,51,0,0,0,0,0,1,1,1,0,1.9710744193646204
3776,55.03,49,142,237.6,0.030276,51,0,0,0,0,0,1,3,0,1,1.7100680671703288
3777,55.05,49,131,240.8,0.030261,51,0,0,0,0,0,1,1,1,0,1.7880696763214674
3778,55.07,49,133,239.6,0.030245,51,0,0,0,0,0,1,2,0,0,1.81758463627722
3779,55.07,1,9,-3.9,0.03023,1,0,0,0,1,1,0,3,1,0,3.21617558217063
3780,55.09,49,165,237.1,0.030215,51,0,0,0,0,0,1,1,0,3,1.7300206140995662
3781,55.12,49,133,241.6,0.0302,51,0,0,0,0,0,1,0,0,0,1.8090276094045163
3782,55.14,49,138,239.0,0.030185,51,0,0,0,0,0,1,2,0,1,1.6602924499109255
3783,55.16,49,165,238.2,0.03017,51,0,0,0,0,0,1,0,0,2,1.7792363797356952
3784,55.18,49,130,241.8,0.030155,51,0,0,0,0,0,1,0,0,1,1.6934957903759478
3785,55.2,13,105,43.9,0.03014,13,0,0,0,1,1,0,5,1,6,1.3770137366655961
3786,55.22,49,118,242.1,0.030125,51,0,0,0,0,0,1,1,0,0,1.914774447999266
3787,55.23,18,48,78.9,0.03011,18,0,0,0,1,1,0,1,1,3,1.9856539972508997
3788,55.24,15,37,71.2,0.030095,16,0,0,0,1,1,0,0,1,1,2.0727077327269368
3789,55.25,45,113,205.5,0.030079,45,0,0,0,1,1,0,3,1,2,1.8270381283253192
3790,55.27,49,129,240.0,0.030064,51,0,0,0,0,0,1,2,0,0,1.8235155592319605
3791,55.28,3,13,5.7,0.030049,3,0,0,0,1,1,0,3,1,0,4.106939446776007
3792,55.3,49,158,238.1,0.030034,51,0,0,0,0,0,1,1,2,0,2.0612018823812055
3793,55.32,49,130,240.7,0.030019,51,0,0,0,0,0,1,1,0,2,1.9611876630748475
3794,55.34,49,129,240.8,0.030004,51,0,0,0,0,0,1,1,0,2,1.850383788767623
3795,55.36,49,136,241.2,0.029989,51,0,0,0,0,0,1,0,1,1,1.618261475305481
3796,55.38,49,124,242.4,0.029974,51,0,0,0,0,0,1,0,2,1,1.553536384336197
3797,55.4,49,139,241.0,0.029959,51,0,0,0,0,0,1,0,0,0,1.8233876843795689
3798,55.41,28,60,125.9,0.029944,28,0,0,0,1,1,0,3,1,1,2.1596407795924413
3799,55.43,49,138,240.1,0.029929,51,0,0,0,0,0,1,1,0,0,1.8188117614961241
3800,55.45,49,127,241.1,0.029914,51,0,0,0,0,0,1,1,0,1,1.8278646782510786
3801,55.48,49,145,239.2,0.0299,51,0,0,0,0,0,1,1,1,2,1.9299275745049385
3802,55.49,49,124,242.4,0.029885,51,0,0,0,0,0,1,0,2,1,1.7970094268698764
3803,55.51,49,132,240.7,0.02987,51,0,0,0,0,0,1,1,0,0,1.6436159341931567
3804,55.54,49,135,238.3,0.029855,51,0,0,0,0,0,1,3,0,1,1.5782924665678084
3805,55.54,8,17,33.3,0.02984,8,0,0,0,1,1,0,0,1,0,2.900582293328778
3806,55.56,49,136,240.3,0.029825,51,0,0,0,0,0,1,1,1,0,1.5881027060770074
3807,55.58,49,148,240.1,0.02981,51,0,0,0,0,0,1,0,1,0,1.3387846158579595
3808,55.6,49,139,240.0,0.029795,51,0,0,0,0,0,1,1,2,0,1.6682442580688328
3809,55.62,49,121,242.7,0.02978,51,0,0,0,0,0,1,0,2,1,1.749051578477898
3810,55.64,32,91,141.6,0.029765,32,0,0,0,1,1,0,4,1,3,1.5784313534624743
3811,55.66,49,147,239.1,0.02975,51,0,0,0,0,0,1,1,0,1,1.5187247288997192
3812,55.68,49,133,240.5,0.029735,51,0,0,0,0,0,1,1,0,1,1.8298261004958924
3813,55.7,49,137,241.2,0.029721,51,0,0,0,0,0,1,0,0,0,1.5089745589570633
3814,55.72,49,143,239.5,0.029706,51,0,0,0,0,0,1,1,1,1,1.650660959492119
3815,55.74,49,111,242.8,0.029691,51,0,0,0,0,0,1,1,1,0,1.7920939791853236
3816,55.76,49,132,240.7,0.029676,51,0,0,0,0,0,1,1,0,0,1.5263838403064134
3817,55.78,49,133,224.6,0.029661,49,0,0,0,1,1,0,2,1,1,1.634249515773334
3818,55.8,49,134,240.3,0.029646,51,0,0,0,0,0,1,1,1,2,1.6100482155510247
3819,55.82,49,128,241.0,0.029632,51,0,0,0,0,0,1,1,2,1,1.624844510855019
3820,55.85,49,189,235.9,0.029617,51,0,0,0,0,0,1,0,0,1,1.5399643343963805
3821,55.88,49,150,238.5,0.029602,51,0,0,0,0,0,1,1,1,4,1.7047114817762279
3822,55.9,49,145,240.2,0.029587,51,0,0,0,0,0,1,0,0,2,1.868065453564204
3823,55.92,49,139,239.0,0.029572,51,0,0,0,0,0,1,2,1,0,1.8063904893130425
3824,55.94,49,147,237.0,0.029558,51,0,0,0,0,0,1,3,2,2,1.7730548972496618
3825,55.95,13,35,52.4,0.029543,13,0,0,0,1,1,0,4,1,1,2.163500462344328
3826,55.96,9,28,35.0,0.029528,9,0,0,0,1,1,0,2,1,2,2.4799487226864336
3827,55.98,49,138,241.0,0.029513,51,0,0,0,0,0,1,0,0,1,1.705583385982515
3828,56.0,49,137,237.1,0.029498,51,0,0,0,0,0,1,4,0,1,1.569799749446578
3829,56.02,49,134,239.5,0.029484,51,0,0,0,0,0,1,2,0,0,1.8427999543843518
3830,56.04,49,144,236.9,0.029469,51,0,0,0,0,0,1,3,0,6,1.6424953015707222
3831,56.07,49,160,237.8,0.029454,51,0,0,0,0,0,1,1,1,1,1.420975668073768
3832,56.09,49,147,238.1,0.02944,51,0,0,0,0,0,1,2,1,1,1.6170492172341182
3833,56.1,39,102,175.7,0.029425,39,0,0,0,1,1,0,4,2,1,1.8124585918755347
3834,56.13,49,155,239.4,0.02941,51,0,0,0,0,0,1,0,0,0,1.680108890187576
3835,56.15,49,136,241.2,0.029395,51,0,0,0,0,0,1,0,0,1,1.7382190333570775
3836,56.17,49,135,241.3,0.029381,51,0,0,0,0,0,1,0,1,1,1.7897527429469284
3837,56.17,12,28,49.2,0.029366,12,0,0,0,1,1,0,3,2,0,2.3060888102466817
3838,56.19,36,94,162.5,0.029351,36,0,0,0,1,1,0,3,2,1,1.9652947686845443
3839,56.21,49,150,234.8,0.029337,51,0,0,0,0,0,1,5,1,1,1.7931989127733199
3840,56.24,49,165,237.1,0.029322,51,0,0,0,0,0,1,1,0,3,1.6746295091554848
3841,56.26,49,122,242.7,0.029307,51,0,0,0,0,0,1,0,0,0,1.9893116880851753
3842,56.26,1,18,-4.8,0.029293,1,0,0,0,1,1,0,3,1,0,2.5102724562724736
3843,56.28,49,138,237.0,0.029278,51,0,0,0,0,0,1,4,0,1,1.7845356363257467
3844,56.3,50,134,226.6,0.029263,50,0,0,0,1,1,0,5,1,0,1.8111871562254038
3845,56.31,30,63,138.7,0.029249,30,0,0,0,1,1,0,0,1,0,1.6803600923875548
3846,56.33,48,126,219.3,0.029234,48,0,0,0,1,1,0,3,1,1,1.5668019372852366
3847,56.35,49,127,241.1,0.02922,51,0,0,0,0,0,1,1,1,1,1.7388754278379954
3848,56.37,49,138,239.1,0.029205,51,0,0,0,0,0,1,2,1,0,1.7468934133976106
3849,56.39,40,87,183.3,0.02919,40,0,0,0,1,1,0,3,1,0,1.8050692965333355
3850,56.41,49,132,241.7,0.029176,51,0,0,0,0,0,1,0,0,0,1.8126088072091755
3851,56.43,49,129,240.7,0.029161,51,0,0,0,0,0,1,1,1,3,1.7308683673930938
3852,56.45,49,135,241.4,0.029147,51,0,0,0,0,0,1,0,0,0,1.756441400954662
3853,56.47,49,138,239.1,0.029132,51,0,0,0,0,0,1,2,2,0,1.8725411879209217
3854,56.49,49,133,240.5,0.029117,51,0,0,0,0,0,1,1,1,1,1.6306128954297183
3855,56.51,49,147,239.0,0.029103,51,0,0,0,0,0,1,1,1,2,1.741764010432213
3856,56.53,49,129,242.0,0.029088,51,0,0,0,0,0,1,0,0,0,1.7445187800454902
3857,56.54,29,68,133.2,0.029074,29,0,0,0,1,1,0,0,1,0,1.812838023791579
3858,56.56,49,133,241.5,0.029059,51,0,0,0,0,0,1,0,1,1,1.7026708755330082
3859,56.59,49,145,239.4,0.029045,51,0,0,0,0,0,1,1,1,0,1.9676222612883894
3860,56.61,49,127,240.1,0.02903,51,0,0,0,0,0,1,2,0,1,1.6525667336891066
3861,56.63,49,148,238.1,0.029016,51,0,0,0,0,0,1,2,0,0,1.5696699803317744
3862,56.65,49,143,239.3,0.029001,51,0,0,0,0,0,1,1,1,3,1.6487917424050487
3863,56.67,49,123,241.6,0.028987,51,0,0,0,0,0,1,1,0,0,1.590319669088369
3864,56.69,49,154,239.5,0.028972,51,0,0,0,0,0,1,0,1,0,1.844556579787765
3865,56.7,11,27,44.3,0.028958,11,0,0,0,1,1,0,3,1,0,2.431848788736733
3866,56.72,49,144,239.4,0.028943,51,0,0,0,0,0,1,1,1,1,1.7159886332375893
3867,56.74,49,121,242.8,0.028929,51,0,0,0,0,0,1,0,0,0,1.6030458771574854
3868,56.74,2,7,1.3,0.028914,2,0,0,0,1,1,0,3,1,0,4.32533435732467
3869,56.76,49,145,238.4,0.0289,51,0,0,0,0,0,1,2,0,0,1.6709340419982934
3870,56.78,49,126,240.2,0.028885,51,0,0,0,0,0,1,2,0,1,1.6044199710903737
3871,56.8,49,139,239.9,0.028871,51,0,0,0,0,0,1,1,0,1,1.642472715598973
3872,56.82,49,144,240.3,0.028856,51,0,0,0,0,0,1,0,1,2,1.5749736590826264
3873,56.84,49,124,242.5,0.028842,51,0,0,0,0,0,1,0,1,0,1.9071151291063893
3874,56.87,49,150,236.9,0.028828,51,0,0,0,0,0,1,3,2,0,1.5353263486908737
3875,56.89,49,127,241.2,0.028813,51,0,0,0,0,0,1,1,1,0,2.006506616585379
3876,56.89,7,20,24.0,0.028799,7,0,0,0,1,1,0,4,1,0,2.1746071172729735
3877,56.91,49,145,238.4,0.028784,51,0,0,0,0,0,1,2,2,0,1.6647033963311153
3878,56.93,49,128,241.0,0.02877,51,0,0,0,0,0,1,1,0,1,1.5831316693592936
3879,56.96,49,138,240.1,0.028756,51,0,0,0,0,0,1,1,2,0,1.7627363751103056
3880,56.98,49,134,241.4,0.028741,51,0,0,0,0,0,1,0,1,1,1.7340072497454493
3881,56.99,43,103,196.7,0.028727,43,0,0,0,1,1,0,3,1,0,1.6650654627028925
3882,57.02,49,143,240.6,0.028712,51,0,0,0,0,0,1,0,0,0,1.6389530167401805
3883,57.03,27,67,123.3,0.028698,27,0,0,0,1,1,0,0,1,0,1.5009689140011906
3884,57.04,36,85,165.5,0.028684,36,0,0,0,1,1,0,1,2,0,1.2051980674111185
3885,57.06,49,137,241.1,0.028669,51,0,0,0,0,0,1,0,0,1,1.6595767403468835
3886,57.08,49,119,241.0,0.028655,51,0,0,0,0,0,1,2,0,0,1.750547240652327
3887,57.1,49,139,238.0,0.028641,51,0,0,0,0,0,1,3,0,0,1.7368248092783882
3888,57.12,49,131,240.7,0.028626,51,0,0,0,0,0,1,1,1,1,1.8465815158999148
3889,57.13,37,86,171.3,0.028612,37,0,0,0,1,1,0,0,1,1,1.801257036967671
3890,57.15,39,109,175.0,0.028598,39,0,0,0,1,1,0,4,1,1,1.7945511749482634
3891,57.18,49,159,238.8,0.028584,51,0,0,0,0,0,1,0,1,2,1.7392320782787447
3892,57.2,49,133,240.6,0.028569,51,0,0,0,0,0,1,1,0,0,1.6354422665802788
3893,57.22,49,137,239.2,0.028555,51,0,0,0,0,0,1,2,0,0,1.7890118008957148
3894,57.24,49,152,238.7,0.028541,51,0,0,0,0,0,1,1,0,0,1.5554259032979694
3895,57.26,49,137,239.2,0.028526,51,0,0,0,0,0,1,2,0,0,1.7897982290114607
3896,57.26,7,15,28.5,0.028512,7,0,0,0,1,1,0,0,1,0,2.647984362859922
3897,57.28,46,122,212.2,0.028498,46,0,0,0,1,1,0,0,2,6,1.9538175169215086
3898,57.3,49,128,242.1,0.028484,51,0,0,0,0,0,1,0,0,0,1.6866151431553067
3899,57.32,49,119,243.0,0.028469,51,0,0,0,0,0,1,0,1,0,1.8683544835962604
3900,57.34,49,119,242.9,0.028455,51,0,0,0,0,0,1,0,0,1,1.791724515876556
3901,57.36,49,117,242.1,0.028441,51,0,0,0,0,0,1,1,2,1,1.9538390313556708
3902,57.38,49,141,237.8,0.028427,51,0,0,0,0,0,1,3,0,0,1.8592687780041228
3903,57.39,28,65,125.5,0.028413,28,0,0,0,1,1,0,3,1,0,1.8009797843502962
3904,57.41,49,138,240.0,0.028398,51,0,0,0,0,0,1,1,0,1,1.8360541975363296
3905,57.43,49,126,241.1,0.028384,51,0,0,0,0,0,1,1,0,2,1.6814421716747443
3906,57.46,49,133,241.5,0.02837,51,0,0,0,0,0,1,0,1,1,1.7091122539545638
3907,57.48,49,139,239.9,0.028356,51,0,0,0,0,0,1,1,1,1,1.6672071165110718
3908,57.5,49,132,241.6,0.028342,51,0,0,0,0,0,1,0,0,1,1.5746279987757574
3909,57.52,49,131,241.7,0.028327,51,0,0,0,0,0,1,0,0,1,1.5094304544599082
3910,57.54,49,147,239.2,0.028313,51,0,0,0,0,0,1,1,1,0,1.5430060828861993
3911,57.54,6,13,23.7,0.028299,6,0,0,0,1,1,0,0,1,0,2.250413966590841
3912,57.56,49,132,241.7,0.028285,51,0,0,0,0,0,1,0,1,0,1.567149921260841
3913,57.59,49,155,239.3,0.028271,51,0,0,0,0,0,1,0,0,1,1.4174872844876254
3914,57.61,49,137,241.2,0.028257,51,0,0,0,0,0,1,0,0,0,1.6807256687289445
3915,57.61,3,8,4.2,0.028243,3,0,0,0,1,1,0,5,1,0,5.0617629162559705
3916,57.61,3,10,5.9,0.028228,3,0,0,0,1,1,0,3,1,1,4.001175042336951
3917,57.63,49,139,239.9,0.028214,51,0,0,0,0,0,1,1,0,1,1.8797939719542227
3918,57.65,49,143,238.6,0.0282,51,0,0,0,0,0,1,2,1,0,1.690770450868641
3919,57.67,49,130,240.9,0.028186,51,0,0,0,0,0,1,1,0,0,1.668886957182324
3920,57.69,49,130,240.7,0.028172,51,0,0,0,0,0,1,1,0,2,1.7568971780548683
3921,57.71,49,132,240.7,0.028158,51,0,0,0,0,0,1,1,0,0,1.827284621957832
3922,57.74,49,155,237.4,0.028144,51,0,0,0,0,0,1,2,0,0,1.6393705209515206
3923,57.76,49,163,236.3,0.02813,51,0,0,0,0,0,1,2,0,3,1.5692654595145907
3924,57.78,49,139,239.0,0.028116,51,0,0,0,0,0,1,2,0,0,1.7988421613145216
3925,57.8,41,92,190.7,0.028102,41,0,0,0,1,1,0,0,1,1,1.801242053120732
3926,57.82,49,132,240.7,0.028088,51,0,0,0,0,0,1,1,0,0,1.7029365419901246
3927,57.84,49,128,241.9,0.028074,51,0,0,0,0,0,1,0,1,2,1.781029793462945
3928,57.86,49,141,239.7,0.028059,51,0,0,0,0,0,1,1,0,1,1.7218655433418124
3929,57.88,49,126,241.2,0.028045,51,0,0,0,0,0,1,1,1,1,1.7016207931099363
3930,57.9,49,134,240.4,0.028031,51,0,0,0,0,0,1,1,1,1,1.783187759349281
3931,57.92,49,121,242.8,0.028017,51,0,0,0,0,0,1,0,1,0,1.7877612944410184
3932,57.94,49,136,240.3,0.028003,51,0,0,0,0,0,1,1,0,0,1.6505269705192598
3933,57.97,49,151,237.8,0.027989,51,0,0,0,0,0,1,2,0,0,1.7538102966157139
3934,58.0,49,209,232.0,0.027975,51,0,0,0,0,0,1,2,0,0,1.3696979250588934
3935,58.02,49,142,239.5,0.027961,51,0,0,0,0,0,1,1,0,2,1.7412682311789398
3936,58.04,49,146,237.3,0.027947,51,0,0,0,0,0,1,3,0,0,1.5583497527023942
3937,58.06,49,129,241.9,0.027933,51,0,0,0,0,0,1,0,0,1,1.6092397403109073
3938,58.08,49,114,243.5,0.027919,51,0,0,0,0,0,1,0,1,0,1.8443569701600275
3939,58.1,49,132,239.7,0.027906,51,0,0,0,0,0,1,2,1,0,1.7726263855913995
3940,58.11,32,70,147.0,0.027892,32,0,0,0,1,1,0,1,1,0,1.7985911851121938
3941,58.14,49,157,237.9,0.027878,51,0,0,0,0,0,1,1,1,3,1.5409893197603186
3942,58.16,49,122,241.6,0.027864,51,0,0,0,0,0,1,1,0,1,1.5966620199093995
3943,58.18,49,146,237.2,0.02785,51,0,0,0,0,0,1,3,1,1,1.5678713892621756
3944,58.2,49,146,238.2,0.027836,51,0,0,0,0,0,1,2,0,1,1.738554385603395
3945,58.2,2,9,1.1,0.027822,2,0,0,0,1,1,0,3,1,0,4.076686643748488
3946,58.21,5,15,17.3,0.027808,5,0,0,0,1,1,0,1,1,2,2.626469879192286
3947,58.21,12,32,51.7,0.027794,12,0,0,0,1,1,0,0,1,1,1.805016277318699
3948,58.23,49,122,240.7,0.02778,51,0,0,0,0,0,1,2,0,0,1.4881850289008889
3949,58.25,49,120,241.9,0.027766,51,0,0,0,0,0,1,1,0,0,1.8003525767924125
3950,58.27,49,124,241.5,0.027752,51,0,0,0,0,0,1,1,0,0,1.614463450541861
3951,58.29,49,136,241.2,0.027739,51,0,0,0,0,0,1,0,0,1,1.6154088213502915
3952,58.32,49,190,233.7,0.027725,51,0,0,0,0,0,1,2,0,2,1.4989923127935354
3953,58.34,49,144,240.4,0.027711,51,0,0,0,0,0,1,0,0,1,1.773023990868148
3954,58.36,49,135,240.4,0.027697,51,0,0,0,0,0,1,1,1,0,1.414646395072988
3955,58.38,29,73,128.6,0.027683,29,0,0,0,1,1,0,4,1,1,1.7934776353685669
3956,58.4,49,123,242.6,0.027669,51,0,0,0,0,0,1,0,1,0,1.8283408962895273
3957,58.42,49,126,241.3,0.027655,51,0,0,0,0,0,1,1,0,0,1.7285978229807561
3958,58.44,49,132,241.7,0.027642,51,0,0,0,0,0,1,0,1,0,1.630227632905784
3959,58.46,49,122,242.7,0.027628,51,0,0,0,0,0,1,0,0,0,1.6810124311261367
3960,58.48,49,133,241.5,0.027614,51,0,0,0,0,0,1,0,2,1,1.746975158981132
3961,58.5,49,141,239.5,0.0276,51,0,0,0,0,0,1,1,0,3,1.6967696420085352
3962,58.52,49,117,243.1,0.027586,51,0,0,0,0,0,1,0,0,1,1.6721308910330472
3963,58.53,32,69,146.0,0.027573,32,0,0,0,1,1,0,2,1,1,2.004609239067412
3964,58.55,49,118,240.0,0.027559,51,0,0,0,0,0,1,3,1,1,1.7543568889293633
3965,58.57,49,127,240.1,0.027545,51,0,0,0,0,0,1,2,1,1,1.490275760712039
3966,58.59,49,133,241.6,0.027531,51,0,0,0,0,0,1,0,0,0,1.9792460836824373
3967,58.61,49,137,240.2,0.027517,51,0,0,0,0,0,1,1,1,0,1.783466906052623
3968,58.64,49,160,238.8,0.027504,51,0,0,0,0,0,1,0,0,1,1.5668784817758161
3969,58.66,49,140,238.8,0.02749,51,0,0,0,0,0,1,2,0,1,1.7500770136327977
3970,58.68,49,137,240.1,0.027476,51,0,0,0,0,0,1,1,0,1,1.5556698208499313
3971,58.7,49,137,223.3,0.027462,49,0,0,0,1,1,0,3,1,0,1.6247697346337426
3972,58.72,49,129,241.8,0.027449,51,0,0,0,0,0,1,0,0,2,1.5841074691375732
3973,58.74,49,141,240.8,0.027435,51,0,0,0,0,0,1,0,0,0,1.4965672000055232
3974,58.76,49,128,225.1,0.027421,49,0,0,0,1,1,0,2,2,1,1.5377181697846605
3975,58.78,49,126,241.2,0.027408,51,0,0,0,0,0,1,1,0,1,1.5628762809033034
3976,58.8,49,134,239.4,0.027394,51,0,0,0,0,0,1,2,0,1,1.6244215608979808
3977,58.82,49,137,240.1,0.02738,51,0,0,0,0,0,1,1,0,1,1.5003287911847862
3978,58.82,3,8,8.2,0.027367,3,0,0,0,1,1,0,1,1,0,4.777550322294368
3979,58.84,31,67,143.3,0.027353,31,0,0,0,1,1,0,0,1,0,1.671755502662457
3980,58.86,49,139,240.0,0.027339,51,0,0,0,0,0,1,1,0,0,1.5790624770265205
3981,58.88,49,137,238.1,0.027325,51,0,0,0,0,0,1,3,0,1,1.5309158313450444
3982,58.92,49,234,231.1,0.027312,51,0,0,0,0,0,1,0,1,4,1.553560967819693
3983,58.94,49,149,238.0,0.027298,51,0,0,0,0,0,1,2,2,0,1.6022686216033661
3984,58.96,50,148,225.1,0.027285,50,0,0,0,1,1,0,5,3,1,1.6457249424053793
3985,58.98,40,104,183.4,0.027271,40,0,0,0,1,1,0,1,1,2,1.4593585459773746
3986,59.0,49,137,239.1,0.027257,51,0,0,0,0,0,1,2,2,1,1.4563955668063084
3987,59.02,49,126,242.1,0.027244,51,0,0,0,0,0,1,0,1,2,1.584839648428595
3988,59.05,49,183,236.5,0.02723,51,0,0,0,0,0,1,0,1,1,1.3153427833758313
3989,59.07,49,147,240.2,0.027216,51,0,0,0,0,0,1,0,0,0,1.500667759132919
3990,59.09,49,135,241.3,0.027203,51,0,0,0,0,0,1,0,1,1,1.6058836588972145
3991,59.1,16,34,71.5,0.027189,16,0,0,0,1,1,0,0,1,1,1.8720709235332604
3992,59.12,49,131,240.8,0.027176,51,0,0,0,0,0,1,1,1,0,1.5932883158561286
3993,59.14,49,133,241.5,0.027162,51,0,0,0,0,0,1,0,0,1,1.5036073961516252
3994,59.16,49,137,240.0,0.027148,51,0,0,0,0,0,1,1,0,2,1.4074350391583976
3995,59.17,14,29,62.1,0.027135,14,0,0,0,1,1,0,0,1,0,1.6379957245619858
3996,59.18,22,43,99.7,0.027121,22,0,0,0,1,1,0,1,1,0,1.9129127439271187
3997,59.2,49,140,240.8,0.027108,51,0,0,0,0,0,1,0,0,1,1.4720175947816667
3998,59.22,15,141,49.9,0.027094,15,0,0,0,1,1,0,6,1,0,1.077885202885135
3999,59.24,16,104,61.6,0.027081,16,0,0,0,1,1,0,3,1,0,1.480566896431578
4000,59.26,49,141,240.8,0.027067,51,0,0,0,0,0,1,0,1,0,1.6698051559825913
4001,59.27,24,67,105.2,0.027054,24,0,0,0,1,1,0,3,1,1,1.811514613487397
4002,59.29,49,126,240.3,0.02704,51,0,0,0,0,0,1,2,0,0,1.5462089859992882
4003,59.31,49,121,240.6,0.027026,51,0,0,0,0,0,1,2,1,2,1.6557252504002506
4004,59.32,14,34,58.6,0.027013,14,0,0,0,1,1,0,3,2,0,2.0626369608992916
4005,59.34,49,130,241.9,0.026999,51,0,0,0,0,0,1,0,0,0,1.602888608350012
4006,59.36,49,115,241.3,0.026986,51,0,0,0,0,0,1,2,1,1,1.7274527138190567
4007,59.38,49,131,238.8,0.026972,51,0,0,0,0,0,1,3,0,0,1.6858140564310884
4008,59.4,49,122,241.6,0.026959,51,0,0,0,0,0,1,1,1,1,1.9649482904657114
4009,59.4,6,19,20.1,0.026945,6,0,0,0,1,1,0,3,1,0,2.677747516995447
4010,59.41,21,58,92.9,0.026932,21,0,0,0,1,1,0,1,1,3,1.8271145812982894
4011,59.43,49,127,241.1,0.026919,51,0,0,0,0,0,1,1,0,1,1.6981785905615094
4012,59.45,49,123,241.5,0.026905,51,0,0,0,0,0,1,1,0,1,1.6452754770670377
4013,59.45,2,11,0.9,0.026892,2,0,0,0,1,1,0,3,1,0,4.174250557423959
4014,59.45,2,6,9.4,0.026878,3,0,0,0,1,1,0,0,1,0,4.303780400687506
4015,59.46,7,19,25.8,0.026865,7,0,0,0,1,1,0,2,1,3,2.4854344189458715
4016,59.48,49,126,242.3,0.026851,51,0,0,0,0,0,1,0,0,0,1.8151375977210504
4017,59.5,49,126,241.3,0.026838,51,0,0,0,0,0,1,1,0,0,1.7200390474461742
4018,59.52,49,138,239.0,0.026824,51,0,0,0,0,0,1,2,0,1,1.8048520151149057
4019,59.54,49,134,240.4,0.026811,51,0,0,0,0,0,1,1,0,1,1.637630235529173
4020,59.56,49,152,237.6,0.026798,51,0,0,0,0,0,1,2,0,1,1.701948081602797
4021,59.57,12,23,50.7,0.026784,12,0,0,0,1,1,0,2,1,0,2.093858958972555
4022,59.59,49,124,242.4,0.026771,51,0,0,0,0,0,1,0,0,1,1.692320011182561
4023,59.61,49,131,241.8,0.026757,51,0,0,0,0,0,1,0,0,0,1.822418783114715
4024,59.63,47,125,217.5,0.026744,47,0,0,0,1,1,0,0,3,0,1.885723613971593
4025,59.64,49,117,242.1,0.026731,51,0,0,0,0,0,1,1,0,1,1.7967990857863279
4026,59.67,49,135,241.4,0.026717,51,0,0,0,0,0,1,0,0,0,1.4443290273953073
4027,59.69,49,140,240.9,0.026704,51,0,0,0,0,0,1,0,1,0,1.7068268500924082
4028,59.71,49,148,238.1,0.026691,51,0,0,0,0,0,1,2,0,0,1.6297095754175528
4029,59.73,49,132,241.7,0.026677,51,0,0,0,0,0,1,0,1,0,1.6619302900739548
4030,59.75,49,132,240.7,0.026664,51,0,0,0,0,0,1,1,0,0,1.6736819795130036
4031,59.77,49,132,241.6,0.026651,51,0,0,0,0,0,1,0,1,1,1.8002789850643761
4032,59.79,49,141,239.7,0.026637,51,0,0,0,0,0,1,1,0,1,1.4995559381669668
4033,59.8,8,23,36.3,0.026624,9,0,0,0,1,1,0,1,1,4,2.363091188032666
4034,59.8,5,25,13.4,0.026611,5,0,0,0,1,1,0,4,1,1,2.6464378515177787
4035,59.81,22,53,97.5,0.026597,22,0,0,0,1,1,0,2,1,2,1.5067284364573235
4036,59.82,11,29,44.1,0.026584,11,0,0,0,1,1,0,3,1,0,2.357966207190734
4037,59.82,11,29,44.1,0.026571,11,0,0,0,1,1,0,3,1,0,1.9336847767693572
4038,59.84,31,83,137.7,0.026558,31,0,0,0,1,1,0,4,2,0,1.8318811513573925
4039,59.85,22,51,98.8,0.026544,22,0,0,0,1,1,0,1,1,1,1.8434482047656084
4040,59.86,20,50,86.8,0.026531,20,0,0,0,1,1,0,3,2,2,2.1627467384091057
4041,59.87,21,81,86.9,0.026518,21,0,0,0,1,1,0,5,2,0,1.9629881035910506
4042,59.9,49,185,228.4,0.026504,51,0,0,0,0,0,1,7,1,10,1.941413783676911
4043,59.92,46,155,204.4,0.026491,46,0,0,0,1,1,0,5,1,1,1.7032964454464286
4044,59.94,49,137,237.1,0.026478,51,0,0,0,0,0,1,4,0,1,1.556725825732313
4045,59.97,49,140,240.9,0.026465,51,0,0,0,0,0,1,0,1,0,1.8147877052511268
4046,59.97,3,35,2.5,0.026451,3,0,0,0,1,1,0,4,1,0,1.7038829668342066
4047,59.99,49,130,239.9,0.026438,51,0,0,0,0,0,1,2,0,0,1.7708766161949074
4048,60.01,49,142,240.6,0.026425,51,0,0,0,0,0,1,0,0,1,1.6185058687091745
4049,60.03,49,125,241.3,0.026412,51,0,0,0,0,0,1,1,0,1,1.9253313643103913
4050,60.05,49,134,240.4,0.026399,51,0,0,0,0,0,1,1,0,1,1.565853061702047
4051,60.07,42,86,193.2,0.026385,42,0,0,0,1,1,0,3,1,2,1.9417933243398253
4052,60.09,49,166,237.9,0.026372,51,0,0,0,0,0,1,0,0,4,1.6541428135630782
4053,60.12,49,140,240.8,0.026359,51,0,0,0,0,0,1,0,0,1,1.6227027629577533
4054,60.13,49,113,240.5,0.026346,51,0,0,0,0,0,1,3,0,1,1.900828586438688
4055,60.16,49,131,239.6,0.026333,51,0,0,0,0,0,1,2,0,2,1.7789127444433712
4056,60.18,49,138,240.0,0.02632,51,0,0,0,0,0,1,1,0,1,1.6693683213927708
4057,60.2,49,152,238.4,0.026306,51,0,0,0,0,0,1,1,1,3,1.743362886582211
4058,60.2,4,11,13.9,0.026293,4,0,0,0,1,1,0,0,1,0,3.1157009664348805
4059,60.23,49,156,238.1,0.02628,51,0,0,0,0,0,1,1,0,2,1.5934817710747489
4060,60.25,49,125,241.2,0.026267,51,0,0,0,0,0,1,1,0,2,1.6935963972778538
4061,60.27,49,139,241.0,0.026254,51,0,0,0,0,0,1,0,0,0,1.6044689998205899
4062,60.29,49,137,240.1,0.026241,51,0,0,0,0,0,1,1,1,1,1.5975618800419185
4063,60.31,49,139,241.0,0.026228,51,0,0,0,0,0,1,0,0,0,1.5752204113686923
4064,60.33,49,151,237.8,0.026214,51,0,0,0,0,0,1,2,1,0,1.7536433821478787
4065,60.36,49,146,239.3,0.026201,51,0,0,0,0,0,1,1,0,0,1.7246899474210868
4066,60.38,49,141,238.7,0.026188,51,0,0,0,0,0,1,2,2,1,1.5772366991955293
4067,60.4,49,124,241.4,0.026175,51,0,0,0,0,0,1,1,1,1,1.997488829347419
4068,60.42,49,131,241.6,0.026162,51,0,0,0,0,0,1,0,0,2,1.6385345145203682
4069,60.44,49,137,241.1,0.026149,51,0,0,0,0,0,1,0,0,1,1.6504657928738526
4070,60.46,49,130,241.9,0.026136,51,0,0,0,0,0,1,0,0,0,1.4851563423972927
4071,60.49,49,127,241.1,0.026123,51,0,0,0,0,0,1,1,2,1,1.5809895346926301
4072,60.51,49,146,239.2,0.02611,51,0,0,0,0,0,1,1,0,1,1.6022839864619904
4073,60.53,49,163,237.4,0.026097,51,0,0,0,0,0,1,1,2,2,1.3759517836327175
4074,60.56,49,131,240.7,0.026084,51,0,0,0,0,0,1,1,0,1,1.7262402775854588
4075,60.58,49,128,241.1,0.026071,51,0,0,0,0,0,1,1,0,0,1.5276335365523612
4076,60.59,28,67,124.2,0.026058,28,0,0,0,1,1,0,4,1,1,1.575525599242619
4077,60.61,49,143,240.6,0.026045,51,0,0,0,0,0,1,0,0,0,1.4643226357120642
4078,60.61,7,14,28.5,0.026032,7,0,0,0,1,1,0,0,1,1,2.3559384699682866
4079,60.63,49,134,238.5,0.026018,51,0,0,0,0,0,1,3,0,0,1.7993559217789679
4080,60.65,49,120,242.9,0.026005,51,0,0,0,0,0,1,0,1,0,1.6600104712719734
4081,60.67,49,131,240.8,0.025992,51,0,0,0,0,0,1,1,1,0,1.6426374424746626
4082,60.69,49,115,243.4,0.025979,51,0,0,0,0,0,1,0,0,0,1.6830699792005193
4083,60.72,49,135,241.4,0.025966,51,0,0,0,0,0,1,0,0,0,1.6390181620810844
4084,60.74,49,128,240.0,0.025954,51,0,0,0,0,0,1,2,1,1,1.7296846215581778
4085,60.76,49,139,240.0,0.025941,51,0,0,0,0,0,1,1,1,0,1.7854076972801307
4086,60.76,14,36,61.3,0.025928,14,0,0,0,1,1,0,0,1,1,1.867356928750592
4087,60.79,49,147,238.1,0.025915,51,0,0,0,0,0,1,2,1,1,1.6263487572575652
4088,60.82,49,147,240.0,0.025902,51,0,0,0,0,0,1,0,0,2,1.6701488570046443
4089,60.84,49,136,241.3,0.025889,51,0,0,0,0,0,1,0,0,0,1.752346824470554
4090,60.86,49,130,241.8,0.025876,51,0,0,0,0,0,1,0,0,1,1.5982840844380397
4091,60.88,49,142,239.6,0.025863,51,0,0,0,0,0,1,1,0,1,1.6756984298528628
4092,60.9,45,117,206.3,0.02585,45,0,0,0,1,1,0,2,1,0,1.548292013026816
4093,60.92,49,127,242.2,0.025837,51,0,0,0,0,0,1,0,2,0,1.7067810790981996
4094,60.94,49,137,240.1,0.025824,51,0,0,0,0,0,1,1,0,1,1.5802535400060858
4095,60.96,49,127,242.2,0.025811,51,0,0,0,0,0,1,0,0,0,1.7606475425981647
4096,60.98,49,132,239.7,0.025798,51,0,0,0,0,0,1,2,1,0,1.5736170721769303
4097,61.0,35,88,158.1,0.025785,35,0,0,0,1,1,0,3,1,1,1.7867613355649914
4098,61.02,49,131,238.7,0.025772,51,0,0,0,0,0,1,3,0,1,1.6667907094673577
4099,61.04,49,132,241.6,0.02576,51,0,0,0,0,0,1,0,1,1,1.5661216801661948
4100,61.06,49,126,242.2,0.025747,51,0,0,0,0,0,1,0,0,1,1.754721921903425
4101,61.08,40,95,185.5,0.025734,40,0,0,0,1,1,0,0,1,0,1.9219428216054173
4102,61.1,47,123,216.6,0.025721,47,0,0,0,1,1,0,1,1,1,1.623540235294399
4103,61.12,49,144,239.5,0.025708,51,0,0,0,0,0,1,1,0,0,1.5430740452333307
4104,61.14,49,130,240.8,0.025695,51,0,0,0,0,0,1,1,1,1,1.5463673399832931
4105,61.18,49,228,231.1,0.025682,51,0,0,0,0,0,1,1,2,0,1.3875508142303643
4106,61.19,42,101,193.9,0.02567,42,0,0,0,1,1,0,1,1,0,1.8435720524638894
4107,61.21,49,125,242.4,0.025657,51,0,0,0,0,0,1,0,0,0,1.5748227955213576
4108,61.24,49,161,238.8,0.025644,51,0,0,0,0,0,1,0,0,0,1.5274892177036017
4109,61.26,49,144,239.5,0.025631,51,0,0,0,0,0,1,1,0,0,1.6028119867108985
4110,61.27,18,34,81.5,0.025618,18,0,0,0,1,1,0,0,1,1,2.003081384291928
4111,61.29,49,140,239.9,0.025605,51,0,0,0,0,0,1,1,0,0,1.5016145046794753
4112,61.31,49,127,241.9,0.025593,51,0,0,0,0,0,1,0,0,3,1.649785382856472
4113,61.32,21,49,94.0,0.02558,21,0,0,0,1,1,0,1,1,1,2.0249376097172247
4114,61.32,1,5,-3.5,0.025567,1,0,0,0,1,1,0,3,1,0,7.905289158151132
4115,61.34,49,140,240.7,0.025554,51,0,0,0,0,0,1,0,1,2,1.6528177614120192
4116,61.36,49,111,242.7,0.025541,51,0,0,0,0,0,1,1,0,1,1.890079044379752
4117,61.36,2,9,3.1,0.025529,2,0,0,0,1,1,0,1,1,0,3.8952337736448266
4118,61.39,49,205,232.4,0.025516,51,0,0,0,0,0,1,2,0,0,1.492661344112199
4119,61.41,49,130,239.7,0.025503,51,0,0,0,0,0,1,2,1,2,1.9726275650612402
4120,61.43,38,94,171.6,0.02549,38,0,0,0,1,1,0,4,1,0,1.7997955156355472
4121,61.45,50,152,232.2,0.025478,50,0,0,0,0,0,1,2,1,5,1.5108931745212204
4122,61.46,21,53,96.5,0.025465,22,0,0,0,1,1,0,3,1,2,1.6013768582107033
4123,61.49,49,170,236.9,0.025452,51,0,0,0,0,0,1,1,4,0,1.4794428103968917
4124,61.51,49,153,238.5,0.025439,51,0,0,0,0,0,1,1,0,1,1.8263481892219218
4125,61.52,39,90,177.9,0.025427,39,0,0,0,1,1,0,3,1,1,1.5834503712658472
4126,61.54,39,100,176.0,0.025414,39,0,0,0,1,1,0,4,1,0,1.5707820754485533
4127,61.54,1,7,-4.8,0.025401,1,0,0,0,1,1,0,4,1,1,4.238432910990463
4128,61.54,0,6,-8.6,0.025389,0,0,0,0,1,1,0,3,1,0,4.4588493398845666
4129,61.56,29,92,123.8,0.025376,29,0,0,0,1,1,0,7,1,0,1.3237351647479068
4130,61.56,6,17,18.3,0.025363,6,0,0,0,1,1,0,5,1,0,2.172848703127616
4131,61.57,24,61,104.8,0.025351,24,0,0,0,1,1,0,4,3,1,1.8185754476249782
4132,61.58,13,51,49.5,0.025338,13,0,0,0,1,1,0,5,1,4,1.8371545452945286
4133,61.6,49,138,238.7,0.025325,51,0,0,0,0,0,1,2,1,4,1.8585210615142347
4134,61.61,32,69,145.9,0.025313,32,0,0,0,1,1,0,2,2,2,2.109011526869659
4135,61.62,2,10,0.9,0.0253,2,0,0,0,1,1,0,3,1,1,3.766706560841393
4136,61.64,49,144,240.3,0.025287,51,0,0,0,0,0,1,0,1,2,1.874116539418509
4137,61.66,47,123,214.7,0.025275,47,0,0,0,1,1,0,3,1,0,1.7991272608759925
4138,61.68,49,133,238.5,0.025262,51,0,0,0,0,0,1,3,1,1,1.6032984505271384
4139,61.7,49,140,240.8,0.025249,51,0,0,0,0,0,1,0,0,1,1.7115219288373278
4140,61.73,46,166,205.2,0.025237,46,0,0,0,1,1,0,3,1,2,1.502455580324613
4141,61.75,49,129,242.0,0.025224,51,0,0,0,0,0,1,0,0,0,1.6555222375104726
4142,61.77,49,153,239.5,0.025211,51,0,0,0,0,0,1,0,0,1,1.6977091786428193
4143,61.78,34,69,158.1,0.025199,34,0,0,0,1,1,0,0,1,0,1.955076349172485
4144,61.79,30,61,143.8,0.025186,31,0,0,0,1,1,0,0,1,1,2.074592655316758
4145,61.81,47,134,212.6,0.025174,47,0,0,0,1,1,0,4,1,0,1.7153786399948339
4146,61.82,21,51,90.8,0.025161,21,0,0,0,1,1,0,4,1,1,1.9736709186007457
4147,61.85,49,148,239.1,0.025149,51,0,0,0,0,0,1,1,0,0,1.854565603387056
4148,61.87,49,134,240.5,0.025136,51,0,0,0,0,0,1,1,0,0,1.7164665424983578
4149,61.89,49,147,240.2,0.025123,51,0,0,0,0,0,1,0,0,0,1.7102058429955824
4150,61.91,49,136,241.2,0.025111,51,0,0,0,0,0,1,0,0,1,1.6266544536007912
4151,61.93,49,133,241.5,0.025098,51,0,0,0,0,0,1,0,0,1,1.5566860795257198
4152,61.95,49,138,240.1,0.025086,51,0,0,0,0,0,1,1,2,0,1.6188170924236287
4153,61.97,46,107,211.2,0.025073,46,0,0,0,1,1,0,3,1,1,1.659066586123179
4154,61.99,49,129,241.9,0.025061,51,0,0,0,0,0,1,0,1,1,1.7800746833001213
4155,62.01,49,137,239.2,0.025048,51,0,0,0,0,0,1,2,0,0,1.50266860707868
4156,62.03,49,127,242.2,0.025036,51,0,0,0,0,0,1,0,0,0,1.7261885441813112
4157,62.06,49,151,237.8,0.025023,51,0,0,0,0,0,1,2,1,0,1.8670556837493122
4158,62.08,49,135,241.1,0.025011,51,0,0,0,0,0,1,0,0,3,1.7359390444107958
4159,62.1,49,172,236.7,0.024998,51,0,0,0,0,0,1,1,1,0,1.536821926000946
4160,62.13,49,156,237.2,0.024986,51,0,0,0,0,0,1,2,2,1,1.8262819670660837
4161,62.13,5,13,18.7,0.024973,5,0,0,0,1,1,0,0,1,0,3.0593829545466296
4162,62.15,49,131,240.8,0.024961,51,0,0,0,0,0,1,1,0,0,1.7235013904751761
4163,62.17,49,118,243.0,0.024948,51,0,0,0,0,0,1,0,0,1,1.8365324888709285
4164,62.19,49,148,238.9,0.024936,51,0,0,0,0,0,1,1,0,2,1.449287983710233
4165,62.2,23,61,103.9,0.024923,23,0,0,0,1,1,0,0,1,0,1.6376604573566207
4166,62.22,49,131,241.8,0.024911,51,0,0,0,0,0,1,0,0,0,1.6521305771988117
4167,62.24,49,125,241.3,0.024898,51,0,0,0,0,0,1,1,0,1,1.9453882220750023
4168,62.26,49,130,240.9,0.024886,51,0,0,0,0,0,1,1,0,0,1.7000614716721678
4169,62.29,49,142,237.5,0.024873,51,0,0,0,0,0,1,3,0,2,1.7193479638137237
4170,62.31,50,128,234.8,0.024861,50,0,0,0,0,0,1,2,1,3,1.6698476005209968
4171,62.33,49,136,241.3,0.024848,51,0,0,0,0,0,1,0,0,0,1.5115591598993978
4172,62.33,8,19,30.1,0.024836,8,0,0,0,1,1,0,3,1,0,2.8230127918052204
4173,62.35,49,145,237.3,0.024824,51,0,0,0,0,0,1,3,0,1,1.5611178167244133
4174,62.37,49,121,242.8,0.024811,51,0,0,0,0,0,1,0,2,0,1.639295826054673
4175,62.39,40,101,181.9,0.024799,40,0,0,0,1,1,0,3,1,0,1.6873519456859276
4176,62.41,49,133,239.5,0.024786,51,0,0,0,0,0,1,2,1,1,1.7214813788541852
4177,62.43,49,129,241.9,0.024774,51,0,0,0,0,0,1,0,1,1,1.8239780449457872
4178,62.44,29,70,135.8,0.024762,30,0,0,0,1,1,0,2,1,2,1.5105811924823038
4179,62.46,49,124,242.4,0.024749,51,0,0,0,0,0,1,0,0,1,1.6512558153597199
4180,62.49,49,128,242.1,0.024737,51,0,0,0,0,0,1,0,1,0,1.746931186098302
4181,62.5,35,91,155.8,0.024725,35,0,0,0,1,1,0,5,2,1,1.7905801654277977
4182,62.52,49,137,241.2,0.024712,51,0,0,0,0,0,1,0,1,0,1.6344499557337675
4183,62.53,22,69,94.9,0.0247,22,0,0,0,1,1,0,3,1,2,1.6820887370316082
4184,62.54,16,40,67.9,0.024687,16,0,0,0,1,1,0,3,1,1,1.6369710669047095
4185,62.56,43,113,196.6,0.024675,43,0,0,0,1,1,0,2,1,1,1.6169015477153303
4186,62.56,1,12,-5.6,0.024663,1,0,0,0,1,1,0,4,1,4,2.915969166078759
4187,62.56,1,11,-3.3,0.02465,1,0,0,0,1,1,0,2,1,2,3.6953431523314078
4188,62.59,49,142,238.7,0.024638,51,0,0,0,0,0,1,2,1,0,1.748489006058553
4189,62.61,49,137,240.1,0.024626,51,0,0,0,0,0,1,1,0,1,1.7285642722107877
4190,62.62,36,98,159.2,0.024613,36,0,0,0,1,1,0,6,1,0,1.5795133421103063
4191,62.65,49,149,240.0,0.024601,51,0,0,0,0,0,1,0,0,0,1.5206372353179591
4192,62.67,41,118,185.0,0.024589,41,0,0,0,1,1,0,3,1,2,1.4575902998718886
4193,62.69,49,128,240.9,0.024577,51,0,0,0,0,0,1,1,0,2,1.6974411006811345
4194,62.71,49,135,240.3,0.024564,51,0,0,0,0,0,1,1,0,1,1.6729648420603662
4195,62.73,49,129,241.9,0.024552,51,0,0,0,0,0,1,0,0,1,1.726441752881049
4196,62.75,49,136,241.2,0.02454,51,0,0,0,0,0,1,0,1,1,1.674543796307559
4197,62.77,49,133,241.6,0.024527,51,0,0,0,0,0,1,0,1,0,1.728998379975637
4198,62.79,49,140,239.8,0.024515,51,0,0,0,0,0,1,1,1,1,1.757945511222033
4199,62.82,50,136,235.1,0.024503,50,0,0,0,0,0,1,1,1,2,1.423230295667279
4200,62.84,49,162,237.7,0.024491,51,0,0,0,0,0,1,1,0,0,1.4579827807757604
4201,62.85,6,22,19.7,0.024478,6,0,0,0,1,1,0,3,1,1,2.677782217343153
4202,62.85,4,19,10.8,0.024466,4,0,0,0,1,1,0,2,1,3,2.5652351283506794
4203,62.85,0,12,-12.5,0.024454,0,0,0,0,1,1,0,6,1,3,3.2427569513265166
4204,62.86,9,23,36.6,0.024442,9,0,0,0,1,1,0,1,1,1,2.4428577258420128
4205,62.86,10,26,39.3,0.02443,10,0,0,0,1,1,0,3,1,1,2.5312009922755574
4206,62.87,10,29,37.8,0.024417,10,0,0,0,1,1,0,4,1,3,2.1098272792558026
4207,62.89,49,143,238.5,0.024405,51,0,0,0,0,0,1,2,0,1,1.6957184573178514
4208,62.91,49,137,241.1,0.024393,51,0,0,0,0,0,1,0,0,1,1.672782473637255
4209,62.91,6,20,20.8,0.024381,6,0,0,0,1,1,0,2,1,2,2.1223082390451884
4210,62.92,3,9,7.1,0.024368,3,0,0,0,1,1,0,2,1,0,3.130956821084107
4211,62.93,22,73,92.6,0.024356,22,0,0,0,1,1,0,5,1,1,1.4946570670461259
4212,62.94,20,56,84.4,0.024344,20,0,0,0,1,1,0,5,1,0,1.8955185542169002
4213,62.95,19,51,82.5,0.024332,19,0,0,0,1,1,0,2,1,4,1.8471270461698899
4214,62.95,11,34,43.6,0.02432,11,0,0,0,1,1,0,3,1,0,2.0366591223652546
4215,62.96,5,31,12.9,0.024308,5,0,0,0,1,1,0,4,1,0,2.023220133109314
4216,62.98,49,160,238.0,0.024295,51,0,0,0,0,0,1,0,0,9,1.6351887366963729
4217,63.01,49,144,239.4,0.024283,51,0,0,0,0,0,1,1,1,1,1.860601126115842
4218,63.03,49,132,241.5,0.024271,51,0,0,0,0,0,1,0,0,2,1.5915997031295113
4219,63.05,49,137,239.2,0.024259,51,0,0,0,0,0,1,2,0,0,1.540422301539341
4220,63.07,50,158,232.4,0.024247,50,0,0,0,0,0,1,1,2,7,1.3517476471759646
4221,63.09,49,128,241.1,0.024235,51,0,0,0,0,0,1,1,1,0,1.7557955006503652
4222,63.12,49,147,239.2,0.024223,51,0,0,0,0,0,1,1,0,0,1.4897748412542149
4223,63.14,49,129,239.9,0.024211,51,0,0,0,0,0,1,2,0,1,1.719784672846178
4224,63.16,49,156,239.2,0.024198,51,0,0,0,0,0,1,0,0,1,1.5962278154025522
4225,63.18,49,141,240.8,0.024186,51,0,0,0,0,0,1,0,0,0,1.7468498593681239
4226,63.18,3,14,6.2,0.024174,3,0,0,0,1,1,0,2,1,4,2.6091639184560464
4227,63.19,1,9,2.9,0.024162,2,0,0,0,1,1,0,1,1,2,2.882784647808352
4228,63.2,22,55,96.5,0.02415,22,0,0,0,1,1,0,3,1,0,1.8644699451576907
4229,63.2,2,16,1.2,0.024138,2,0,0,0,1,1,0,2,1,2,2.830691827305265
4230,63.2,7,23,24.5,0.024126,7,0,0,0,1,1,0,3,1,2,2.3007320053248104
4231,63.21,4,14,11.4,0.024114,4,0,0,0,1,1,0,2,1,2,3.187482103719237
4232,63.23,49,137,241.1,0.024102,51,0,0,0,0,0,1,0,1,1,1.7659014911705053
4233,63.24,11,67,36.2,0.02409,11,0,0,0,1,1,0,7,1,1,1.9495883525042041
4234,63.25,19,86,77.2,0.024078,19,0,0,0,1,1,0,4,1,2,1.8340270996654342
4235,63.27,49,134,241.4,0.024066,51,0,0,0,0,0,1,0,0,1,1.5364259681805894
4236,63.28,19,49,81.0,0.024054,19,0,0,0,1,1,0,4,1,1,1.8171922691400455
4237,63.3,49,124,242.5,0.024042,51,0,0,0,0,0,1,0,0,0,1.5913575975371075
4238,63.32,43,137,193.1,0.02403,43,0,0,0,1,1,0,3,3,2,1.5847256385123416
4239,63.35,49,198,228.5,0.024018,51,0,0,0,0,0,1,6,2,6,1.8245077901615263
4240,63.35,6,16,20.3,0.024006,6,0,0,0,1,1,0,3,1,1,3.199418935565453
4241,63.38,40,166,173.3,0.023994,40,0,0,0,1,1,0,5,2,1,1.401165045732858
4242,63.4,49,129,241.7,0.023982,51,0,0,0,0,0,1,0,0,3,1.7102518010475534
4243,63.42,49,140,239.9,0.02397,51,0,0,0,0,0,1,1,0,0,1.8123878809348444
4244,63.43,14,50,57.0,0.023958,14,0,0,0,1,1,0,3,1,0,1.9124867970276958
4245,63.45,49,139,240.9,0.023946,51,0,0,0,0,0,1,0,1,1,1.8182080084679293
4246,63.47,49,128,242.1,0.023934,51,0,0,0,0,0,1,0,0,0,1.6851129704751695
4247,63.49,49,144,240.5,0.023922,51,0,0,0,0,0,1,0,0,0,1.6521386312940105
4248,63.51,49,125,239.4,0.02391,51,0,0,0,0,0,1,3,1,0,1.7572443195011667
4249,63.53,49,136,238.3,0.023898,51,0,0,0,0,0,1,3,0,0,1.4859303684084222
4250,63.55,49,130,240.9,0.023886,51,0,0,0,0,0,1,1,1,0,1.5888472089072911
4251,63.58,49,159,237.8,0.023874,51,0,0,0,0,0,1,1,0,2,1.6830772940399679
4252,63.59,49,127,242.1,0.023862,51,0,0,0,0,0,1,0,1,1,1.6660098418251876
4253,63.62,49,155,237.4,0.02385,51,0,0,0,0,0,1,2,0,0,1.484410703222225
4254,63.64,49,133,241.6,0.023838,51,0,0,0,0,0,1,0,0,0,1.77919120885615
4255,63.67,38,203,153.7,0.023826,38,0,0,0,1,1,0,10,1,10,1.429644535553488
4256,63.69,46,130,206.8,0.023814,46,0,0,0,1,1,0,5,2,2,1.8425518980221576
4257,63.7,23,43,102.7,0.023802,23,0,0,0,1,1,0,3,1,0,1.7431434690156948
4258,63.72,49,134,240.3,0.02379,51,0,0,0,0,0,1,1,0,2,1.9082412366032309
4259,63.73,37,100,166.7,0.023779,37,0,0,0,1,1,0,3,1,3,1.6835394718941747
4260,63.73,4,18,7.0,0.023767,4,0,0,0,1,1,0,6,1,2,3.849983532729473
4261,63.76,49,152,238.6,0.023755,51,0,0,0,0,0,1,1,1,1,1.4937779220503469
4262,63.77,26,63,113.6,0.023743,26,0,0,0,1,1,0,5,1,1,2.0340501756838387
4263,63.78,26,52,118.6,0.023731,26,0,0,0,1,1,0,1,1,2,1.581252293639716
4264,63.8,49,140,240.6,0.023719,51,0,0,0,0,0,1,0,3,3,1.9887978676450193
4265,63.82,50,147,229.8,0.023707,50,0,0,0,1,1,0,0,1,5,1.716045703422297
4266,63.85,49,157,238.1,0.023695,51,0,0,0,0,0,1,1,0,1,1.8605575650073714
4267,63.87,49,127,241.1,0.023684,51,0,0,0,0,0,1,1,1,1,1.5266345184683683
4268,63.89,49,132,241.7,0.023672,51,0,0,0,0,0,1,0,1,0,1.8312350433924516
4269,63.9,33,65,153.5,0.02366,33,0,0,0,1,1,0,0,1,0,1.9224956988686264
4270,63.92,49,112,243.7,0.023648,51,0,0,0,0,0,1,0,0,0,1.7806129635749453
4271,63.94,49,150,238.7,0.023636,51,0,0,0,0,0,1,1,0,2,1.7089908450866416
4272,63.96,49,130,241.9,0.023624,51,0,0,0,0,0,1,0,2,0,1.5905633029208321
4273,63.98,49,122,242.5,0.023613,51,0,0,0,0,0,1,0,1,2,1.583452413802816
4274,64.0,49,115,240.4,0.023601,51,0,0,0,0,0,1,3,0,0,2.04121858575792
4275,64.02,49,130,241.9,0.023589,51,0,0,0,0,0,1,0,1,0,1.7730466536286982
4276,64.04,49,141,240.8,0.023577,51,0,0,0,0,0,1,0,0,0,1.722941284235417
4277,64.06,49,132,240.7,0.023565,51,0,0,0,0,0,1,1,0,0,1.5857137269317325
4278,64.08,49,133,238.4,0.023554,51,0,0,0,0,0,1,3,2,2,1.8966758532407362
4279,64.11,48,151,216.8,0.023542,48,0,0,0,1,1,0,3,1,1,1.720365416767189
4280,64.13,49,128,240.0,0.02353,51,0,0,0,0,0,1,2,0,1,1.9130405395555878
4281,64.15,50,130,236.6,0.023518,50,0,0,0,0,0,1,0,1,3,1.8983867843734776
4282,64.17,49,133,241.6,0.023507,51,0,0,0,0,0,1,0,1,0,1.787637812344166
4283,64.19,49,135,240.4,0.023495,51,0,0,0,0,0,1,1,0,0,1.5824175246828331
4284,64.21,49,121,239.8,0.023483,51,0,0,0,0,0,1,3,0,0,1.4846518634205674
4285,64.23,49,127,241.1,0.023471,51,0,0,0,0,0,1,1,0,1,1.7448973982437699
4286,64.24,31,76,138.4,0.02346,31,0,0,0,1,1,0,4,1,0,1.8924510760559152
4287,64.26,50,133,231.4,0.023448,50,0,0,0,1,1,0,0,1,3,1.621739529709844
4288,64.28,49,136,240.3,0.023436,51,0,0,0,0,0,1,1,0,0,1.6590856358897859
4289,64.3,49,131,241.7,0.023424,51,0,0,0,0,0,1,0,2,1,1.5209026153197283
4290,64.33,49,154,239.5,0.023413,51,0,0,0,0,0,1,0,1,0,1.82842063072754
4291,64.35,49,144,239.5,0.023401,51,0,0,0,0,0,1,1,0,0,1.409238888844755
4292,64.37,49,134,241.4,0.023389,51,0,0,0,0,0,1,0,1,1,1.6154973502673524
4293,64.39,49,134,240.5,0.023378,51,0,0,0,0,0,1,1,0,0,1.5994889273518593
4294,64.4,22,50,97.0,0.023366,22,0,0,0,1,1,0,3,2,0,2.0247849265812645
4295,64.41,14,57,55.0,0.023354,14,0,0,0,1,1,0,4,2,3,1.7073438761650028
4296,64.43,49,127,241.1,0.023343,51,0,0,0,0,0,1,1,0,1,1.772561600031824
4297,64.45,49,132,240.7,0.023331,51,0,0,0,0,0,1,1,0,0,1.6513760211859208
4298,64.47,49,117,242.1,0.023319,51,0,0,0,0,0,1,1,0,1,1.9854204067203394
4299,64.49,49,117,243.2,0.023308,51,0,0,0,0,0,1,0,0,0,1.7939078201207919
4300,64.51,49,119,240.8,0.023296,51,0,0,0,0,0,1,2,0,2,1.7628425826494334
4301,64.52,21,48,92.0,0.023284,21,0,0,0,1,1,0,3,1,2,1.9335574370836348
4302,64.54,49,148,237.8,0.023273,51,0,0,0,0,0,1,2,0,3,1.7113324541656125
4303,64.56,49,129,242.0,0.023261,51,0,0,0,0,0,1,0,0,0,1.7101402797604444
4304,64.57,16,33,71.7,0.023249,16,0,0,0,1,1,0,0,1,0,2.3614090621213086
4305,64.59,49,135,240.3,0.023238,51,0,0,0,0,0,1,1,0,1,1.6461008522348715
4306,64.61,49,143,238.5,0.023226,51,0,0,0,0,0,1,2,0,1,1.5801319326880952
4307,64.63,49,125,242.4,0.023215,51,0,0,0,0,0,1,0,0,0,1.4416057119528494
4308,64.65,42,106,193.4,0.023203,42,0,0,0,1,1,0,1,1,0,1.6501392251774236
4309,64.67,49,140,239.9,0.023191,51,0,0,0,0,0,1,1,0,0,1.5915027313476038
4310,64.69,49,131,241.8,0.02318,51,0,0,0,0,0,1,0,0,0,1.5671480611609991
4311,64.71,49,128,240.0,0.023168,51,0,0,0,0,0,1,2,0,1,1.6666823358208607
4312,64.74,49,142,239.7,0.023157,51,0,0,0,0,0,1,1,2,0,1.664823180952942
4313,64.76,49,129,241.0,0.023145,51,0,0,0,0,0,1,1,0,0,1.3249146770779554
4314,64.78,49,117,243.0,0.023133,51,0,0,0,0,0,1,0,0,2,1.8015423059124995
4315,64.8,49,139,240.0,0.023122,51,0,0,0,0,0,1,1,1,0,1.64968714684096
4316,64.82,49,138,239.0,0.02311,51,0,0,0,0,0,1,2,1,1,1.5784442408538777
4317,64.85,30,159,125.1,0.023099,30,0,0,0,1,1,0,4,1,0,1.2928119587758071
4318,64.87,50,127,235.5,0.023087,50,0,0,0,0,0,1,1,1,7,1.510344101844505
4319,64.89,49,134,241.4,0.023076,51,0,0,0,0,0,1,0,0,1,1.8277674286753458
4320,64.89,6,13,23.7,0.023064,6,0,0,0,1,1,0,0,1,0,2.871318055198546
4321,64.9,19,47,82.3,0.023053,19,0,0,0,1,1,0,3,1,0,1.8611181057950983
4322,64.9,8,21,29.9,0.023041,8,0,0,0,1,1,0,3,1,0,2.223295836903634
4323,64.92,26,66,116.2,0.02303,26,0,0,0,1,1,0,2,1,2,1.794291523524761
4324,64.94,49,149,238.8,0.023018,51,0,0,0,0,0,1,1,0,2,1.6893031834236956
4325,64.96,49,146,237.8,0.023006,51,0,0,0,0,0,1,2,0,5,1.6595401554979508
4326,64.98,49,114,241.5,0.022995,51,0,0,0,0,0,1,2,0,0,1.7996436065911543
4327,64.99,19,37,86.2,0.022983,19,0,0,0,1,1,0,0,1,1,2.208776513264006
4328,65.01,49,127,242.0,0.022972,51,0,0,0,0,0,1,0,0,2,1.7702231169691791
4329,65.03,49,135,240.2,0.022961,51,0,0,0,0,0,1,1,0,2,1.8318593613328327
4330,65.05,49,144,239.2,0.022949,51,0,0,0,0,0,1,1,0,3,1.7965043312200908
4331,65.07,49,122,241.7,0.022938,51,0,0,0,0,0,1,1,0,0,1.548487885958721
4332,65.09,49,131,241.8,0.022926,51,0,0,0,0,0,1,0,2,0,1.7537013777187245
4333,65.11,49,134,241.2,0.022915,51,0,0,0,0,0,1,0,0,3,1.5465532824561028
4334,65.13,49,124,241.5,0.022903,51,0,0,0,0,0,1,1,0,0,1.6919398089412765
4335,65.15,49,132,238.7,0.022892,51,0,0,0,0,0,1,3,2,0,1.6723189037354103
4336,65.16,15,47,61.3,0.02288,15,0,0,0,1,1,0,4,2,0,2.080747905783338
4337,65.17,9,23,34.5,0.022869,9,0,0,0,1,1,0,3,1,2,2.47212871445382
4338,65.19,49,144,238.5,0.022857,51,0,0,0,0,0,1,2,1,0,1.7819315699997529
4339,65.21,49,117,241.2,0.022846,51,0,0,0,0,0,1,2,0,0,1.4664883038878291
4340,65.23,49,131,239.8,0.022835,51,0,0,0,0,0,1,2,0,0,1.7852780922347857
4341,65.25,49,137,240.2,0.022823,51,0,0,0,0,0,1,1,0,0,1.650289762854249
4342,65.27,49,140,239.8,0.022812,51,0,0,0,0,0,1,1,0,1,1.6471538083599797
4343,65.3,49,136,240.3,0.0228,51,0,0,0,0,0,1,1,0,0,1.635071394131493
4344,65.31,18,37,81.3,0.022789,18,0,0,0,1,1,0,0,1,0,2.040465194154926
4345,65.33,49,143,240.6,0.022778,51,0,0,0,0,0,1,0,0,0,1.616833610210172
4346,65.35,32,131,138.6,0.022766,32,0,0,0,1,1,0,3,1,3,1.264774896066744
4347,65.37,49,140,240.8,0.022755,51,0,0,0,0,0,1,0,0,1,1.7826507255881496
4348,65.39,49,131,241.7,0.022743,51,0,0,0,0,0,1,0,1,1,1.8648684916997753
4349,65.41,49,120,240.8,0.022732,51,0,0,0,0,0,1,2,0,1,1.64018320458366
4350,65.43,49,140,240.9,0.022721,51,0,0,0,0,0,1,0,1,0,1.6769614387095022
4351,65.46,49,148,240.1,0.022709,51,0,0,0,0,0,1,0,0,0,1.4572585997730896
4352,65.48,49,140,240.9,0.022698,51,0,0,0,0,0,1,0,0,0,1.4816655680541149
4353,65.5,49,142,240.7,0.022687,51,0,0,0,0,0,1,0,0,0,1.5829288605784049
4354,65.53,49,167,238.2,0.022675,51,0,0,0,0,0,1,0,0,0,1.4101733441866564
4355,65.54,49,103,244.6,0.022664,51,0,0,0,0,0,1,0,0,0,1.9229921182530485
4356,65.56,49,114,242.5,0.022653,51,0,0,0,0,0,1,1,1,0,2.0039782287114187
4357,65.59,49,158,239.1,0.022641,51,0,0,0,0,0,1,0,0,0,1.6078569238777565
4358,65.61,49,137,239.2,0.02263,51,0,0,0,0,0,1,2,2,0,1.5054701952811322
4359,65.63,49,133,241.4,0.022619,51,0,0,0,0,0,1,0,0,2,1.5910723159991536
4360,65.65,49,147,238.2,0.022607,51,0,0,0,0,0,1,2,0,0,1.7145272281618442
4361,65.68,49,130,239.9,0.022596,51,0,0,0,0,0,1,2,1,0,1.552038646335651
4362,65.7,49,123,242.6,0.022585,51,0,0,0,0,0,1,0,0,0,1.5768305699330127
4363,65.71,44,108,204.2,0.022573,44,0,0,0,1,1,0,0,2,0,1.877476100263082
4364,65.72,23,48,105.2,0.022562,23,0,0,0,1,1,0,0,1,0,1.7787729829954537
4365,65.74,49,136,240.1,0.022551,51,0,0,0,0,0,1,1,0,2,1.5488936406695775
4366,65.76,49,122,241.7,0.02254,51,0,0,0,0,0,1,1,0,0,1.837032085812286
4367,65.79,49,149,239.9,0.022528,51,0,0,0,0,0,1,0,0,1,1.4197015545138318
4368,65.81,49,135,241.3,0.022517,51,0,0,0,0,0,1,0,1,1,1.5758204095051582
4369,65.81,15,33,66.7,0.022506,15,0,0,0,1,1,0,0,1,0,1.7728577238206706
4370,65.84,49,144,239.4,0.022495,51,0,0,0,0,0,1,1,0,1,1.635891592227304
4371,65.86,49,142,239.7,0.022483,51,0,0,0,0,0,1,1,0,0,1.5303232721176492
4372,65.88,50,130,235.7,0.022472,50,0,0,0,0,0,1,1,1,2,1.3993545593657764
4373,65.9,49,124,242.5,0.022461,51,0,0,0,0,0,1,0,0,0,1.7731093193494705
4374,65.94,49,238,230.0,0.02245,51,0,0,0,0,0,1,1,1,1,1.5166676834713593
4375,65.96,49,132,240.7,0.022438,51,0,0,0,0,0,1,1,0,0,1.6979787614245951
4376,65.99,49,188,234.1,0.022427,51,0,0,0,0,0,1,2,0,0,1.7297305960501053
4377,66.01,49,141,240.8,0.022416,51,0,0,0,0,0,1,0,0,0,1.8833123289552947
4378,66.03,49,140,240.8,0.022405,51,0,0,0,0,0,1,0,2,1,1.7507050518061855
4379,66.05,43,118,196.2,0.022393,43,0,0,0,1,1,0,2,1,0,1.6178291776251061
4380,66.07,49,125,240.3,0.022382,51,0,0,0,0,0,1,2,1,1,1.690581425743393
4381,66.1,50,146,225.4,0.022371,50,0,0,0,1,1,0,5,2,0,1.5436710540762075
4382,66.12,49,127,242.2,0.02236,51,0,0,0,0,0,1,0,0,0,1.6179525772192127
4383,66.13,14,92,50.3,0.022349,14,0,0,0,1,1,0,5,1,5,1.7526561373506895
4384,66.16,49,151,238.2,0.022338,51,0,0,0,0,0,1,1,0,6,1.7243231738055531
4385,66.18,49,123,242.6,0.022326,51,0,0,0,0,0,1,0,0,0,1.8014188739885055
4386,66.19,16,51,66.5,0.022315,16,0,0,0,1,1,0,3,1,4,1.9297442178314514
4387,66.2,37,101,164.9,0.022304,37,0,0,0,1,1,0,5,1,0,1.796880126664766
4388,66.21,13,31,51.9,0.022293,13,0,0,0,1,1,0,5,1,0,2.2649359385090726
4389,66.23,49,123,241.6,0.022282,51,0,0,0,0,0,1,1,0,0,1.7445260713783028
4390,66.24,27,67,123.3,0.022271,27,0,0,0,1,1,0,0,1,0,1.8992105263358259
4391,66.27,49,153,239.6,0.022259,51,0,0,0,0,0,1,0,1,0,1.7724116978383138
4392,66.29,49,144,240.5,0.022248,51,0,0,0,0,0,1,0,0,0,1.707025037854641
4393,66.31,49,137,241.2,0.022237,51,0,0,0,0,0,1,0,0,0,1.4363541907565107
4394,66.33,49,142,240.7,0.022226,51,0,0,0,0,0,1,0,1,0,1.7688011883206785
4395,66.35,49,120,242.8,0.022215,51,0,0,0,0,0,1,0,0,1,1.6947433989789256
4396,66.37,49,148,238.1,0.022204,51,0,0,0,0,0,1,2,1,0,1.6206231996886395
4397,66.39,49,125,241.3,0.022193,51,0,0,0,0,0,1,1,0,1,1.5849346972084966
4398,66.42,49,158,237.8,0.022182,51,0,0,0,0,0,1,1,1,3,1.6250170465443206
4399,66.44,49,126,241.3,0.022171,51,0,0,0,0,0,1,1,0,0,1.8298163031581347
4400,66.46,49,134,239.4,0.02216,51,0,0,0,0,0,1,2,0,1,1.6558089299367187
4401,66.48,49,139,241.0,0.022148,51,0,0,0,0,0,1,0,0,0,1.752974379523814
4402,66.5,49,126,239.3,0.022137,51,0,0,0,0,0,1,3,0,0,1.516037505676824
4403,66.53,49,145,239.1,0.022126,51,0,0,0,0,0,1,1,0,3,1.7986728582738536
4404,66.55,34,126,150.4,0.022115,34,0,0,0,1,1,0,2,1,0,1.4719064974247984
4405,66.57,49,151,239.8,0.022104,51,0,0,0,0,0,1,0,0,0,1.5289866575313127
4406,66.57,2,9,8.1,0.022093,3,0,0,0,1,1,0,1,1,0,4.345430181916631
4407,66.59,49,138,240.1,0.022082,51,0,0,0,0,0,1,1,0,0,1.549969668218068
4408,66.62,49,150,237.7,0.022071,51,0,0,0,0,0,1,2,1,2,1.6719280125809122
4409,66.64,49,140,240.9,0.02206,51,0,0,0,0,0,1,0,1,0,1.5649678994855993
4410,66.66,49,116,243.2,0.022049,51,0,0,0,0,0,1,0,0,1,1.667939945046656
4411,66.67,40,96,184.4,0.022038,40,0,0,0,1,1,0,1,1,0,1.5669951984094712
4412,66.68,18,38,77.2,0.022027,18,0,0,0,1,1,0,4,1,0,2.4972397775437574
4413,66.7,49,136,240.1,0.022016,51,0,0,0,0,0,1,1,2,2,1.8121750242797718
4414,66.73,49,152,239.7,0.022005,51,0,0,0,0,0,1,0,1,0,1.5812594423354163
4415,66.75,49,129,242.0,0.021994,51,0,0,0,0,0,1,0,0,0,1.8685101910051445
4416,66.77,49,149,240.0,0.021983,51,0,0,0,0,0,1,0,2,0,1.712893077318575
4417,66.79,49,121,242.7,0.021972,51,0,0,0,0,0,1,0,0,1,1.775671145245626
4418,66.81,49,132,241.7,0.021961,51,0,0,0,0,0,1,0,1,0,1.5961395405086785
4419,66.84,49,139,241.0,0.02195,51,0,0,0,0,0,1,0,0,0,1.4771580164730562
4420,66.86,49,137,240.2,0.021939,51,0,0,0,0,0,1,1,1,0,1.4956163754991196
4421,66.88,49,125,240.3,0.021928,51,0,0,0,0,0,1,2,0,1,1.6981605704533427
4422,66.9,49,157,238.1,0.021917,51,0,0,0,0,0,1,1,0,1,1.712114281119933
4423,66.93,49,151,239.8,0.021906,51,0,0,0,0,0,1,0,0,0,1.7131303702490535
4424,66.95,49,166,237.1,0.021895,51,0,0,0,0,0,1,1,0,2,1.5820440110190106
4425,66.96,14,26,61.4,0.021884,14,0,0,0,1,1,0,1,1,0,2.2723996846472927
4426,66.98,49,133,241.6,0.021873,51,0,0,0,0,0,1,0,0,0,1.5636243442504403
4427,67.0,49,136,238.3,0.021862,51,0,0,0,0,0,1,3,1,0,1.4375517279963603
4428,67.02,45,112,211.7,0.021851,46,0,0,0,1,1,0,2,1,1,1.7898264243756759
4429,67.02,11,24,44.6,0.02184,11,0,0,0,1,1,0,3,1,0,2.0492365063512636
4430,67.04,49,143,240.6,0.02183,51,0,0,0,0,0,1,0,1,0,1.51622616897897
4431,67.07,49,133,241.6,0.021819,51,0,0,0,0,0,1,0,0,0,1.664952002591164
4432,67.09,49,147,239.1,0.021808,51,0,0,0,0,0,1,1,0,1,1.6211943788879952
4433,67.11,49,122,241.6,0.021797,51,0,0,0,0,0,1,1,2,1,1.5641008283555564
4434,67.13,49,144,239.5,0.021786,51,0,0,0,0,0,1,1,0,0,1.5058737366100319
4435,67.13,5,11,22.9,0.021775,6,0,0,0,1,1,0,1,1,0,3.6403635282113243
4436,67.14,6,20,21.7,0.021764,6,0,0,0,1,1,0,1,1,3,2.1963948162081577
4437,67.14,4,19,10.8,0.021753,4,0,0,0,1,1,0,2,2,3,2.3306019799007958
4438,67.16,49,140,239.7,0.021742,51,0,0,0,0,0,1,1,1,2,1.6654074542703845
4439,67.18,49,128,241.1,0.021731,51,0,0,0,0,0,1,1,0,0,1.5927094751775237
4440,67.2,50,138,229.5,0.021721,50,0,0,0,1,1,0,1,1,7,1.4309023795444822
4441,67.23,49,156,234.3,0.02171,51,0,0,0,0,0,1,5,0,0,1.556351177784232
4442,67.25,49,135,241.4,0.021699,51,0,0,0,0,0,1,0,0,0,1.4869021470216408
4443,67.27,31,83,141.7,0.021688,31,0,0,0,1,1,0,0,1,0,1.649622920585379
4444,67.28,49,111,243.8,0.021677,51,0,0,0,0,0,1,0,0,0,1.90922088381683
4445,67.31,49,164,234.5,0.021666,51,0,0,0,0,0,1,4,0,0,1.5136550306396155
4446,67.32,17,45,72.1,0.021656,17,0,0,0,1,1,0,3,1,4,1.6253391028174273
4447,67.34,49,119,242.0,0.021645,51,0,0,0,0,0,1,1,1,0,1.6650854354457545
4448,67.36,49,138,238.1,0.021634,51,0,0,0,0,0,1,3,0,0,1.897118224934348
4449,67.38,49,135,240.3,0.021623,51,0,0,0,0,0,1,1,0,1,1.6765466701452825
4450,67.4,49,135,239.4,0.021612,51,0,0,0,0,0,1,2,0,0,1.6187368698043936
4451,67.42,38,103,172.6,0.021601,38,0,0,0,1,1,0,2,1,1,1.5216209898893682
4452,67.44,49,138,237.0,0.021591,51,0,0,0,0,0,1,4,0,1,1.582121891985748
4453,67.46,49,135,241.4,0.02158,51,0,0,0,0,0,1,0,0,0,1.6074368577932237
4454,67.48,49,129,242.0,0.021569,51,0,0,0,0,0,1,0,0,0,1.5869029048632157
4455,67.49,18,46,77.4,0.021558,18,0,0,0,1,1,0,3,2,0,1.8455836699686352
4456,67.51,49,138,241.0,0.021548,51,0,0,0,0,0,1,0,0,1,1.7231948163722393
4457,67.53,49,140,240.9,0.021537,51,0,0,0,0,0,1,0,1,0,1.7053804744668835
4458,67.55,49,135,241.4,0.021526,51,0,0,0,0,0,1,0,0,0,1.5521740192268518
4459,67.57,50,139,229.8,0.021515,50,0,0,0,1,1,0,1,2,3,1.4197241152250324
4460,67.6,50,151,224.8,0.021504,50,0,0,0,1,1,0,5,2,1,1.8654865092842308
4461,67.62,49,130,238.9,0.021494,51,0,0,0,0,0,1,3,0,0,1.6509382639114483
4462,67.64,49,136,240.1,0.021483,51,0,0,0,0,0,1,1,0,2,1.545709187946976
4463,67.66,49,125,242.4,0.021472,51,0,0,0,0,0,1,0,2,0,1.8673284319008572
4464,67.68,49,128,241.1,0.021461,51,0,0,0,0,0,1,1,0,0,1.7374751210800528
4465,67.7,49,125,241.3,0.021451,51,0,0,0,0,0,1,1,0,1,1.8186192521872597
4466,67.72,49,132,240.5,0.02144,51,0,0,0,0,0,1,1,0,2,1.689103467324142
4467,67.73,37,89,171.1,0.021429,37,0,0,0,1,1,0,0,1,0,1.7163641852698812
4468,67.76,49,137,241.2,0.021419,51,0,0,0,0,0,1,0,0,0,1.7879230956537346
4469,67.77,49,116,243.0,0.021408,51,0,0,0,0,0,1,0,0,3,1.6972056758416423
4470,67.78,3,10,5.9,0.021397,3,0,0,0,1,1,0,3,1,1,3.9373158684814187
4471,67.8,49,121,242.8,0.021386,51,0,0,0,0,0,1,0,0,0,1.7226391241182712
4472,67.82,49,131,240.8,0.021376,51,0,0,0,0,0,1,1,0,0,1.8740566368124478
4473,67.84,49,146,238.9,0.021365,51,0,0,0,0,0,1,1,0,4,1.755521216803157
4474,67.86,49,141,240.7,0.021354,51,0,0,0,0,0,1,0,1,1,1.7353172441584417
4475,67.88,49,128,241.1,0.021344,51,0,0,0,0,0,1,1,0,0,1.9856889419638595
4476,67.9,49,118,243.1,0.021333,51,0,0,0,0,0,1,0,1,0,1.7443246740636602
4477,67.92,49,133,240.6,0.021322,51,0,0,0,0,0,1,1,1,0,1.8935248999609153
4478,67.95,49,157,239.1,0.021312,51,0,0,0,0,0,1,0,0,1,1.5799185313517605
4479,67.97,49,144,237.4,0.021301,51,0,0,0,0,0,1,3,0,1,1.7625766089024422
4480,67.99,49,125,242.2,0.02129,51,0,0,0,0,0,1,0,0,2,1.8353642033951918
4481,68.01,49,144,239.4,0.02128,51,0,0,0,0,0,1,1,0,1,1.3655335382887244
4482,68.03,49,131,241.8,0.021269,51,0,0,0,0,0,1,0,0,0,1.5902279895682192
4483,68.05,49,128,240.1,0.021259,51,0,0,0,0,0,1,2,1,0,1.6101836275967043
4484,68.07,49,126,240.2,0.021248,51,0,0,0,0,0,1,2,0,1,1.6407971899436595
4485,68.1,49,138,238.1,0.021237,51,0,0,0,0,0,1,3,0,0,1.6986885407275385
4486,68.12,49,145,239.4,0.021227,51,0,0,0,0,0,1,1,1,0,1.4740192613255685
4487,68.14,49,139,239.7,0.021216,51,0,0,0,0,0,1,1,0,3,1.5587860647452405
4488,68.17,49,149,239.8,0.021205,51,0,0,0,0,0,1,0,0,2,1.516182783744249
4489,68.19,49,143,240.6,0.021195,51,0,0,0,0,0,1,0,1,0,1.6456988050687826
4490,68.21,49,132,240.7,0.021184,51,0,0,0,0,0,1,1,0,0,1.5925056163531053
4491,68.23,49,126,241.3,0.021174,51,0,0,0,0,0,1,1,0,0,1.9331817825395983
4492,68.25,49,136,241.3,0.021163,51,0,0,0,0,0,1,0,1,0,1.5892746581961734
4493,68.27,49,129,241.0,0.021152,51,0,0,0,0,0,1,1,0,0,1.4564174099480598
4494,68.29,49,144,240.2,0.021142,51,0,0,0,0,0,1,0,0,3,1.5797111691605
4495,68.31,49,124,242.4,0.021131,51,0,0,0,0,0,1,0,1,1,1.6244174563350116
4496,68.32,13,33,56.6,0.021121,13,0,0,0,1,1,0,0,1,1,2.359941412296621
4497,68.34,49,146,240.3,0.02111,51,0,0,0,0,0,1,0,0,0,1.389407715291289
4498,68.36,49,138,240.0,0.0211,51,0,0,0,0,0,1,1,1,1,1.537058133686544
4499,68.38,49,127,242.2,0.021089,51,0,0,0,0,0,1,0,0,0,1.7971598307498102
4500,68.41,49,141,239.8,0.021079,51,0,0,0,0,0,1,1,1,0,1.4558868507504898
4501,68.43,49,141,239.8,0.021068,51,0,0,0,0,0,1,1,0,0,1.6201296536922414
4502,68.45,49,126,241.3,0.021057,51,0,0,0,0,0,1,1,0,0,1.49812028580177
4503,68.47,49,120,241.9,0.021047,51,0,0,0,0,0,1,1,0,0,1.6871059258753982
4504,68.49,49,132,238.6,0.021036,51,0,0,0,0,0,1,3,1,1,1.527970742556228
4505,68.51,49,136,240.3,0.021026,51,0,0,0,0,0,1,1,0,0,1.5059652596273867
4506,68.53,49,119,243.0,0.021015,51,0,0,0,0,0,1,0,1,0,1.6595059236983374
4507,68.55,49,144,240.2,0.021005,51,0,0,0,0,0,1,0,0,3,1.8242258874768666
4508,68.58,49,135,240.3,0.020994,51,0,0,0,0,0,1,1,0,1,1.7960537459521135
4509,68.6,49,140,240.8,0.020984,51,0,0,0,0,0,1,0,1,1,1.5629415874691055
4510,68.6,10,27,39.0,0.020973,10,0,0,0,1,1,0,3,2,3,2.665376144122767
4511,68.61,12,38,51.2,0.020963,13,0,0,0,1,1,0,5,1,0,1.6780547672991142
4512,68.62,16,54,63.6,0.020952,16,0,0,0,1,1,0,6,2,0,1.6833378060060524
4513,68.63,13,37,52.3,0.020942,13,0,0,0,1,1,0,4,1,0,2.2827546877976768
4514,68.63,1,10,-4.0,0.020931,1,0,0,0,1,1,0,3,1,0,3.9522358569226648
4515,68.64,33,75,148.5,0.020921,33,0,0,0,1,1,0,4,1,0,1.6398245327416605
4516,68.65,8,22,28.6,0.020911,8,0,0,0,1,1,0,4,2,2,2.4282377045265706
4517,68.65,2,11,-0.2,0.0209,2,0,0,0,1,1,0,4,1,1,3.5167439728274057
4518,68.65,7,21,26.8,0.02089,7,0,0,0,1,1,0,1,1,1,2.1696653793328724
4519,68.68,49,148,239.1,0.020879,51,0,0,0,0,0,1,1,2,0,1.488954510217753
4520,68.7,49,148,238.0,0.020869,51,0,0,0,0,0,1,2,0,1,1.8527799045691609
4521,68.72,49,135,241.4,0.020858,51,0,0,0,0,0,1,0,0,0,1.8846438228444626
4522,68.74,38,89,173.0,0.020848,38,0,0,0,1,1,0,3,1,1,1.967720493337798
4523,68.74,5,14,15.5,0.020837,5,0,0,0,1,1,0,3,1,1,3.506248460440543
4524,68.75,28,68,125.2,0.020827,28,0,0,0,1,1,0,3,2,0,1.7592871048491958
4525,68.75,6,18,19.2,0.020817,6,0,0,0,1,1,0,4,1,0,3.0280825938006806
4526,68.78,49,147,239.1,0.020806,51,0,0,0,0,0,1,1,0,1,1.7235339667273926
4527,68.78,8,19,37.1,0.020796,9,0,0,0,1,1,0,1,1,0,2.951317015477565
4528,68.8,35,89,158.1,0.020785,35,0,0,0,1,1,0,3,1,0,1.869463776474477
4529,68.81,25,55,114.5,0.020775,25,0,0,0,1,1,0,0,1,0,2.0179506179398423
4530,68.83,49,137,239.2,0.020765,51,0,0,0,0,0,1,2,1,0,1.8048171469204235
4531,68.85,49,132,241.7,0.020754,51,0,0,0,0,0,1,0,0,0,1.617616214448714
4532,68.87,49,131,241.7,0.020744,51,0,0,0,0,0,1,0,0,1,1.758936367415476
4533,68.89,49,129,242.0,0.020733,51,0,0,0,0,0,1,0,0,0,1.6654338150824148
4534,68.91,49,153,238.6,0.020723,51,0,0,0,0,0,1,1,1,0,1.4720640445084412
4535,68.93,49,130,241.9,0.020713,51,0,0,0,0,0,1,0,0,0,1.617342156446964
4536,68.96,49,158,238.0,0.020702,51,0,0,0,0,0,1,1,1,1,1.6404450774195465
4537,68.98,49,136,240.2,0.020692,51,0,0,0,0,0,1,1,0,1,1.5781027484631223
4538,68.98,6,15,20.5,0.020682,6,0,0,0,1,1,0,3,1,0,2.84858943246308
4539,68.99,15,34,69.3,0.020671,16,0,0,0,1,1,0,2,1,3,2.1564230559871227
4540,69.01,49,135,241.2,0.020661,51,0,0,0,0,0,1,0,0,2,1.5709839499380922
4541,69.03,49,146,238.3,0.020651,51,0,0,0,0,0,1,2,0,0,1.4545323301132187
4542,69.05,43,117,195.3,0.02064,43,0,0,0,1,1,0,3,1,0,1.5625696340632158
4543,69.08,49,150,238.9,0.02063,51,0,0,0,0,0,1,1,0,0,1.6879462434927979
4544,69.1,49,131,239.6,0.02062,51,0,0,0,0,0,1,2,0,2,1.8162975982311795
4545,69.12,49,125,241.3,0.020609,51,0,0,0,0,0,1,1,0,1,1.8341653553813888
4546,69.14,49,140,240.9,0.020599,51,0,0,0,0,0,1,0,0,0,1.4509372064021226
4547,69.15,21,49,92.1,0.020589,21,0,0,0,1,1,0,3,1,0,1.7899559241271188
4548,69.15,3,9,7.8,0.020579,3,0,0,0,1,1,0,1,1,3,3.217906486136941
4549,69.17,49,142,240.7,0.020568,51,0,0,0,0,0,1,0,1,0,1.7958780917479653
4550,69.18,12,30,50.9,0.020558,12,0,0,0,1,1,0,1,1,1,2.4338487118618475
4551,69.2,49,134,241.4,0.020548,51,0,0,0,0,0,1,0,0,1,1.8922709780102653
4552,69.21,9,30,33.9,0.020537,9,0,0,0,1,1,0,3,1,1,2.0805637123828067
4553,69.22,26,63,115.5,0.020527,26,0,0,0,1,1,0,3,1,2,1.7263515745045963
4554,69.22,4,13,10.7,0.020517,4,0,0,0,1,1,0,3,1,0,3.1208796161566306
4555,69.24,49,135,241.4,0.020507,51,0,0,0,0,0,1,0,0,0,1.6851647251254305
4556,69.24,4,11,11.8,0.020496,4,0,0,0,1,1,0,2,1,1,3.5436219379664338
4557,69.27,49,176,231.2,0.020486,51,0,0,0,0,0,1,5,1,11,1.6133622745303609
4558,69.29,49,121,240.8,0.020476,51,0,0,0,0,0,1,2,0,0,1.8951182469874897
4559,69.31,49,122,242.7,0.020466,51,0,0,0,0,0,1,0,0,0,1.8711705865208184
4560,69.33,49,124,240.5,0.020455,51,0,0,0,0,0,1,2,1,0,1.8185757285483584
4561,69.35,49,140,238.8,0.020445,51,0,0,0,0,0,1,2,1,1,1.4486730199606042
4562,69.37,44,128,200.2,0.020435,44,0,0,0,1,1,0,2,1,0,1.5093516662169613
4563,69.39,49,131,240.8,0.020425,51,0,0,0,0,0,1,1,0,0,1.5675163267515868
4564,69.42,49,146,240.3,0.020415,51,0,0,0,0,0,1,0,0,0,1.5825350513180443
4565,69.44,50,137,235.0,0.020404,50,0,0,0,0,0,1,1,1,2,1.6186528724395124
4566,69.46,49,137,241.2,0.020394,51,0,0,0,0,0,1,0,2,0,1.538534776343462
4567,69.48,49,141,238.8,0.020384,51,0,0,0,0,0,1,2,1,0,1.8445785090734184
4568,69.51,49,142,240.7,0.020374,51,0,0,0,0,0,1,0,1,0,1.6443363540785623
4569,69.53,49,141,238.8,0.020364,51,0,0,0,0,0,1,2,0,0,1.5391988439164652
4570,69.55,49,146,238.3,0.020353,51,0,0,0,0,0,1,2,1,0,1.630791228769611
4571,69.57,49,113,242.6,0.020343,51,0,0,0,0,0,1,1,1,0,1.6687796130324726
4572,69.59,49,133,241.5,0.020333,51,0,0,0,0,0,1,0,0,1,1.5876386998480532
4573,69.61,49,146,238.3,0.020323,51,0,0,0,0,0,1,2,1,0,1.5605691652710902
4574,69.63,49,139,240.9,0.020313,51,0,0,0,0,0,1,0,0,1,1.6017346566659487
4575,69.66,33,184,135.3,0.020303,33,0,0,0,1,1,0,6,1,3,1.255373547400465
4576,69.68,49,146,240.2,0.020292,51,0,0,0,0,0,1,0,0,1,1.7409020499634547
4577,69.7,49,123,242.6,0.020282,51,0,0,0,0,0,1,0,0,0,1.692565316779797
4578,69.72,42,92,195.7,0.020272,42,0,0,0,1,1,0,0,1,1,1.8314147732407338
4579,69.74,49,147,239.1,0.020262,51,0,0,0,0,0,1,1,0,1,1.4925314232183562
4580,69.76,49,135,241.4,0.020252,51,0,0,0,0,0,1,0,1,0,1.7071922337523489
4581,69.78,42,104,193.5,0.020242,42,0,0,0,1,1,0,1,2,1,1.615574400159152
4582,69.8,49,138,240.9,0.020232,51,0,0,0,0,0,1,0,0,2,1.5916668737973396
4583,69.81,3,10,7.0,0.020221,3,0,0,0,1,1,0,2,1,0,4.133256642075688
4584,69.83,43,131,192.7,0.020211,43,0,0,0,1,1,0,4,1,2,1.5900935754133383
4585,69.85,46,115,210.5,0.020201,46,0,0,0,1,1,0,3,1,0,1.6108974619704173
4586,69.87,49,140,238.9,0.020191,51,0,0,0,0,0,1,2,1,0,1.7466463519233641
4587,69.88,30,63,137.7,0.020181,30,0,0,0,1,1,0,1,1,0,1.6100907861066238
4588,69.9,49,138,241.0,0.020171,51,0,0,0,0,0,1,0,0,1,1.7959142180771548
4589,69.92,49,139,240.9,0.020161,51,0,0,0,0,0,1,0,1,1,1.5370748195200696
4590,69.95,49,153,239.6,0.020151,51,0,0,0,0,0,1,0,0,0,1.425870441786373
4591,69.96,42,97,195.2,0.020141,42,0,0,0,1,1,0,0,1,1,1.6558500664215077
4592,69.98,49,128,242.0,0.020131,51,0,0,0,0,0,1,0,1,1,1.5980249753194011
4593,70.0,49,126,242.2,0.020121,51,0,0,0,0,0,1,0,0,1,1.5889735829106395
4594,70.02,49,140,240.9,0.020111,51,0,0,0,0,0,1,0,0,0,1.4179195558686395
4595,70.05,49,142,239.7,0.0201,51,0,0,0,0,0,1,1,0,0,1.4632616975794945
4596,70.07,49,139,240.0,0.02009,51,0,0,0,0,0,1,1,0,0,1.9593515157966497
4597,70.09,49,135,240.4,0.02008,51,0,0,0,0,0,1,1,1,0,1.5974916082758828
4598,70.11,49,144,239.5,0.02007,51,0,0,0,0,0,1,1,0,0,1.5544956801315504
4599,70.14,49,177,237.2,0.02006,51,0,0,0,0,0,1,0,0,0,1.4905671158832807
4600,70.15,28,70,122.0,0.02005,28,0,0,0,1,1,0,6,1,0,1.6469101108356448
4601,70.16,21,48,91.1,0.02004,21,0,0,0,1,1,0,4,2,1,1.9003782718365827
4602,70.19,49,177,226.1,0.02003,51,0,0,0,0,0,1,10,0,11,1.798223824335853
4603,70.19,15,34,66.6,0.02002,15,0,0,0,1,1,0,0,1,0,2.299544112615961
4604,70.22,49,143,240.6,0.02001,51,0,0,0,0,0,1,0,0,0,1.5978950033417623
4605,70.24,49,156,238.2,0.02,51,0,0,0,0,0,1,1,1,1,1.6021333604500874
4606,70.26,49,128,239.1,0.02,51,0,0,0,0,0,1,3,1,0,1.7006110113232664
4607,70.28,49,135,241.4,0.02,51,0,0,0,0,0,1,0,0,0,1.6857847373239172
4608,70.3,49,125,242.3,0.02,51,0,0,0,0,0,1,0,0,1,1.7165504103845712
4609,70.32,49,137,239.2,0.02,51,0,0,0,0,0,1,2,0,0,1.6151660561125722
4610,70.33,6,39,18.1,0.02,6,0,0,0,1,1,0,3,1,0,1.7918040908329111
4611,70.33,4,16,10.3,0.02,4,0,0,0,1,1,0,3,1,1,2.7244925409892518
4612,70.33,2,7,4.3,0.02,2,0,0,0,1,1,0,0,1,0,3.6279672131377816
4613,70.36,43,155,188.1,0.02,43,0,0,0,1,1,0,6,1,4,1.6932156636791613
4614,70.36,10,24,46.6,0.02,11,0,0,0,1,1,0,1,1,0,2.746867960527641
4615,70.37,16,55,64.4,0.02,16,0,0,0,1,1,0,5,1,1,1.726548762834542
4616,70.39,42,116,190.2,0.02,42,0,0,0,1,1,0,3,1,2,1.8411419422713515
4617,70.41,48,139,218.1,0.02,48,0,0,0,1,1,0,3,2,0,1.589006143241383
4618,70.43,49,138,241.0,0.02,51,0,0,0,0,0,1,0,0,1,1.6613316527964672
4619,70.45,38,106,172.1,0.02,38,0,0,0,1,1,0,2,1,3,1.708281913254647
4620,70.46,27,65,120.5,0.02,27,0,0,0,1,1,0,3,3,0,1.946895889852908
4621,70.48,44,108,202.2,0.02,44,0,0,0,1,1,0,2,2,0,1.7148534979433951
4622,70.48,10,24,39.6,0.02,10,0,0,0,1,1,0,3,1,0,2.285877328089264
4623,70.48,0,9,-9.1,0.02,0,0,0,0,1,1,0,3,1,2,4.034810079627103
4624,70.49,15,44,61.4,0.02,15,0,0,0,1,1,0,4,1,2,2.122794205284113
4625,70.49,2,8,-1.8,0.02,2,0,0,0,1,1,0,6,1,0,3.8673034020057635
4626,70.51,23,61,98.9,0.02,23,0,0,0,1,1,0,5,1,0,1.7098502288259518
4627,70.53,49,127,240.2,0.02,51,0,0,0,0,0,1,2,1,0,1.8977364997240955
4628,70.53,0,8,-8.9,0.02,0,0,0,0,1,1,0,3,1,1,3.6947332269842033
4629,70.54,18,53,73.1,0.02,18,0,0,0,1,1,0,6,1,6,1.9022667405801001
4630,70.55,18,72,73.5,0.02,18,0,0,0,1,1,0,4,2,3,1.8129149695418896
4631,70.56,23,92,94.7,0.02,23,0,0,0,1,1,0,5,2,11,1.7315684489076952
4632,70.58,31,69,140.0,0.02,31,0,0,0,1,1,0,3,1,1,1.5121349192799498
4633,70.59,29,120,124.7,0.02,29,0,0,0,1,1,0,3,1,3,1.775726673626493
4634,70.62,49,149,239.9,0.02,51,0,0,0,0,0,1,0,1,1,1.6862571721416353
4635,70.63,16,38,67.2,0.02,16,0,0,0,1,1,0,4,1,0,1.6875280862920565
4636,70.64,31,85,137.4,0.02,31,0,0,0,1,1,0,4,1,1,1.7606186087686297
4637,70.64,5,12,18.7,0.02,5,0,0,0,1,1,0,0,1,1,3.868265088681992
4638,70.66,40,113,178.6,0.02,40,0,0,0,1,1,0,5,2,1,1.600367253892968
4639,70.66,5,19,14.0,0.02,5,0,0,0,1,1,0,4,1,1,2.1068368310226817
4640,70.68,31,103,135.5,0.02,31,0,0,0,1,1,0,4,1,2,1.5669225140711174
4641,70.68,2,8,1.1,0.02,2,0,0,0,1,1,0,3,1,1,4.492449191217591
4642,70.69,8,23,31.6,0.02,8,0,0,0,1,1,0,1,1,1,2.608319828443059
4643,70.7,21,54,92.4,0.02,21,0,0,0,1,1,0,2,1,2,1.8585651292332925
4644,70.7,4,17,10.1,0.02,4,0,0,0,1,1,0,3,1,2,2.758464779240098
4645,70.7,7,21,25.6,0.02,7,0,0,0,1,1,0,2,1,3,2.567152055600454
4646,70.73,49,146,240.1,0.02,51,0,0,0,0,0,1,0,1,2,1.62349622468091
4647,70.73,4,22,7.8,0.02,4,0,0,0,1,1,0,5,1,0,2.5595906389793086
4648,70.74,17,57,72.1,0.02,17,0,0,0,1,1,0,2,1,2,2.1882129705372932
4649,70.75,20,50,89.9,0.02,20,0,0,0,1,1,0,0,1,1,1.6500754623052478
4650,70.76,24,60,105.8,0.02,24,0,0,0,1,1,0,3,2,2,1.8854133403090476
4651,70.77,17,54,71.6,0.02,17,0,0,0,1,1,0,3,1,0,1.491110909118564
4652,70.78,24,50,106.7,0.02,24,0,0,0,1,1,0,3,1,3,1.6762053453865697
4653,70.79,23,41,102.8,0.02,23,0,0,0,1,1,0,3,1,1,2.4079536581102152
4654,70.8,33,70,150.7,0.02,33,0,0,0,1,1,0,2,1,3,1.8189782078696415
4655,70.82,49,135,240.3,0.02,51,0,0,0,0,0,1,1,0,1,1.6770713255820955
4656,70.83,19,62,79.8,0.02,19,0,0,0,1,1,0,4,1,0,1.7308000477709349
4657,70.84,24,54,107.2,0.02,24,0,0,0,1,1,0,2,1,4,1.9457925436374295
4658,70.86,31,115,128.3,0.02,31,0,0,0,1,1,0,8,1,22,1.7000692422964274
4659,70.88,42,132,187.6,0.02,42,0,0,0,1,1,0,4,1,2,1.7357323306322197
4660,70.89,26,58,116.2,0.02,26,0,0,0,1,1,0,3,2,0,1.9865036376777307
4661,70.9,31,66,141.3,0.02,31,0,0,0,1,1,0,2,1,1,2.075774760734396
4662,70.92,49,110,242.9,0.02,51,0,0,0,0,0,1,1,0,0,2.0068063211787988
4663,70.94,50,160,221.4,0.02,50,0,0,0,1,1,0,7,4,6,1.96905851014549
4664,70.96,50,133,235.0,0.02,50,0,0,0,0,0,1,1,1,6,1.8122000437984316
4665,70.98,49,122,239.7,0.02,51,0,0,0,0,0,1,3,0,0,2.1912476115585258
4666,71.0,49,119,242.0,0.02,51,0,0,0,0,0,1,1,0,0,1.9684534593127239
4667,71.02,49,131,241.7,0.02,51,0,0,0,0,0,1,0,1,1,1.9098828716571103
4668,71.04,49,120,241.9,0.02,51,0,0,0,0,0,1,1,0,0,1.8584655751178274
4669,71.06,49,137,241.1,0.02,51,0,0,0,0,0,1,0,1,1,1.7412860192576192
4670,71.08,49,136,238.3,0.02,51,0,0,0,0,0,1,3,0,0,1.7514639548653623
4671,71.1,49,123,242.5,0.02,51,0,0,0,0,0,1,0,1,1,1.8424171037721475
4672,71.12,49,136,241.3,0.02,51,0,0,0,0,0,1,0,0,0,1.7529935795484244
4673,71.14,49,116,242.3,0.02,51,0,0,0,0,0,1,1,1,0,1.8213418824904182
4674,71.16,49,129,239.9,0.02,51,0,0,0,0,0,1,2,0,1,1.669922003038017
4675,71.19,49,143,240.6,0.02,51,0,0,0,0,0,1,0,1,0,1.861514323111449
4676,71.21,49,153,238.6,0.02,51,0,0,0,0,0,1,1,3,0,1.7933188350663565
4677,71.23,49,130,226.9,0.02,49,0,0,0,1,1,0,0,1,1,1.5950697505270486
4678,71.25,49,144,239.5,0.02,51,0,0,0,0,0,1,1,0,0,1.7111034557525422
4679,71.27,49,127,242.1,0.02,51,0,0,0,0,0,1,0,0,1,1.64278753562407
4680,71.29,49,132,239.6,0.02,51,0,0,0,0,0,1,2,1,1,1.8722304520739879
4681,71.31,49,159,237.0,0.02,51,0,0,0,0,0,1,2,0,0,1.6971754331484217
4682,71.33,49,124,242.4,0.02,51,0,0,0,0,0,1,0,0,1,1.7898281220702892
4683,71.35,49,129,241.9,0.02,51,0,0,0,0,0,1,0,1,1,1.7624956456993182
4684,71.37,49,129,242.0,0.02,51,0,0,0,0,0,1,0,2,0,1.7437288486868388
4685,71.4,49,133,239.6,0.02,51,0,0,0,0,0,1,2,0,0,1.8603791782345056
4686,71.42,49,145,239.3,0.02,51,0,0,0,0,0,1,1,1,1,1.5824025451704373
4687,71.44,49,138,239.1,0.02,51,0,0,0,0,0,1,2,0,0,1.6494837830242701
4688,71.46,49,132,239.7,0.02,51,0,0,0,0,0,1,2,1,0,1.8140293213148178
4689,71.48,49,128,240.0,0.02,51,0,0,0,0,0,1,2,0,1,1.7977280041285029
4690,71.5,49,129,241.0,0.02,51,0,0,0,0,0,1,1,0,0,1.9011864360656472
4691,71.52,49,142,240.7,0.02,51,0,0,0,0,0,1,0,1,0,1.5280269003943212
4692,71.54,49,133,240.6,0.02,51,0,0,0,0,0,1,1,0,0,1.994378289256682
4693,71.56,49,112,243.7,0.02,51,0,0,0,0,0,1,0,0,0,1.697191612134769
4694,71.58,49,138,241.0,0.02,51,0,0,0,0,0,1,0,0,1,1.7437819148155171
4695,71.59,34,81,152.9,0.02,34,0,0,0,1,1,0,4,1,0,1.6095273635218996
4696,71.61,49,111,242.7,0.02,51,0,0,0,0,0,1,1,0,1,1.8687731303929687
4697,71.64,32,219,129.1,0.02,32,0,0,0,1,1,0,4,1,0,1.1993223646157543
4698,71.66,49,127,241.2,0.02,51,0,0,0,0,0,1,1,0,0,1.6300314324672736
4699,71.68,49,140,240.8,0.02,51,0,0,0,0,0,1,0,2,1,1.402701619105343
4700,71.71,49,158,239.1,0.02,51,0,0,0,0,0,1,0,1,0,1.6428847137420666
4701,71.72,28,65,128.5,0.02,28,0,0,0,1,1,0,0,1,0,1.9060024275270853
4702,71.74,49,139,240.0,0.02,51,0,0,0,0,0,1,1,0,0,1.8294718202236846
4703,71.76,49,131,241.8,0.02,51,0,0,0,0,0,1,0,0,0,1.782380030728062
4704,71.78,47,131,213.9,0.02,47,0,0,0,1,1,0,3,1,0,1.6058465985280854
4705,71.8,49,133,241.6,0.02,51,0,0,0,0,0,1,0,0,0,1.5961075498907695
4706,71.81,28,62,125.6,0.02,28,0,0,0,1,1,0,3,1,2,1.6021003298831658
4707,71.83,49,125,241.4,0.02,51,0,0,0,0,0,1,1,0,0,1.7294532885438072
4708,71.85,49,130,241.9,0.02,51,0,0,0,0,0,1,0,0,0,1.6911144779952048
4709,71.87,49,132,241.6,0.02,51,0,0,0,0,0,1,0,1,1,1.7707613674180063
4710,71.88,25,55,111.5,0.02,25,0,0,0,1,1,0,3,1,0,1.746002187046538
4711,71.9,49,124,242.5,0.02,51,0,0,0,0,0,1,0,0,0,1.8160448172312749
4712,71.91,39,90,178.0,0.02,39,0,0,0,1,1,0,3,2,0,1.88315909218455
4713,71.94,49,145,239.4,0.02,51,0,0,0,0,0,1,1,0,0,1.6875281449809894
4714,71.96,49,137,240.1,0.02,51,0,0,0,0,0,1,1,2,1,1.8489583869902395
4715,71.98,49,127,242.2,0.02,51,0,0,0,0,0,1,0,0,0,1.8185574340800001
4716,72.0,49,126,242.3,0.02,51,0,0,0,0,0,1,0,0,0,1.6525165300724816
4717,72.02,49,144,240.5,0.02,51,0,0,0,0,0,1,0,0,0,1.544314588666598
4718,72.04,49,141,237.8,0.02,51,0,0,0,0,0,1,3,0,0,1.5792546740178963
4719,72.06,49,130,240.9,0.02,51,0,0,0,0,0,1,1,0,0,1.5711284306568212
4720,72.08,49,136,240.1,0.02,51,0,0,0,0,0,1,1,1,2,1.7688727229868735
4721,72.1,49,133,241.6,0.02,51,0,0,0,0,0,1,0,0,0,1.6384164142574118
4722,72.12,49,140,240.9,0.02,51,0,0,0,0,0,1,0,1,0,1.8864254625621257
4723,72.14,49,122,242.6,0.02,51,0,0,0,0,0,1,0,0,1,1.4902549243446699
4724,72.16,49,132,240.7,0.02,51,0,0,0,0,0,1,1,0,0,1.5306604242595583
4725,72.18,49,120,242.8,0.02,51,0,0,0,0,0,1,0,0,1,1.5662562494366934
4726,72.2,49,118,242.1,0.02,51,0,0,0,0,0,1,1,0,0,1.6280313535499837
4727,72.22,49,123,242.6,0.02,51,0,0,0,0,0,1,0,1,0,1.8259569066602201
4728,72.24,49,127,242.1,0.02,51,0,0,0,0,0,1,0,0,1,1.5162337420730054
4729,72.24,9,25,32.5,0.02,9,0,0,0,1,1,0,5,1,0,2.2877946361300046
4730,72.25,20,61,84.9,0.02,20,0,0,0,1,1,0,4,1,0,2.1160893639048846
4731,72.26,26,69,117.1,0.02,26,0,0,0,1,1,0,1,1,0,1.6335043141161256
4732,72.27,10,23,40.7,0.02,10,0,0,0,1,1,0,2,1,0,2.3825253441303964
4733,72.27,14,28,58.2,0.02,14,0,0,0,1,1,0,4,1,0,2.5660283806617756
4734,72.29,36,88,162.2,0.02,36,0,0,0,1,1,0,4,1,0,1.7387566378612882
4735,72.29,15,35,63.5,0.02,15,0,0,0,1,1,0,3,1,0,2.214782094099872
4736,72.32,49,168,236.1,0.02,51,0,0,0,0,0,1,2,2,0,1.9823257011325344
4737,72.34,49,137,241.0,0.02,51,0,0,0,0,0,1,0,1,2,1.7734837927516736
4738,72.35,27,68,122.2,0.02,28,0,0,0,1,1,0,6,2,0,1.8007670891564524
4739,72.35,6,19,19.1,0.02,6,0,0,0,1,1,0,4,1,0,2.453171654631133
4740,72.36,0,9,-9.9,0.02,0,0,0,0,1,1,0,4,1,0,4.280312727561515
4741,72.37,41,96,187.2,0.02,41,0,0,0,1,1,0,3,1,2,1.9556540171672685
4742,72.37,1,10,-5.1,0.02,1,0,0,0,1,1,0,4,1,1,4.102907104832729
4743,72.38,4,17,10.2,0.02,4,0,0,0,1,1,0,3,1,1,2.7932996203074403
4744,72.38,20,40,86.0,0.02,20,0,0,0,1,1,0,5,1,0,1.9874976469499679
4745,72.39,6,18,20.1,0.02,6,0,0,0,1,1,0,3,1,1,2.8183040641020876
4746,72.41,49,174,232.8,0.02,51,0,0,0,0,0,1,4,0,7,1.5510244053322717
4747,72.44,49,150,236.9,0.02,51,0,0,0,0,0,1,3,0,0,1.8514943334491998
4748,72.46,49,145,238.4,0.02,51,0,0,0,0,0,1,2,0,0,1.727072193062988
4749,72.47,25,51,110.9,0.02,25,0,0,0,1,1,0,4,2,0,2.034860752571567
4750,72.49,49,123,242.6,0.02,51,0,0,0,0,0,1,0,1,0,1.613473614964705
4751,72.51,49,130,241.9,0.02,51,0,0,0,0,0,1,0,0,0,1.6376761340652684
4752,72.53,49,128,240.0,0.02,51,0,0,0,0,0,1,2,1,1,1.834958372850594
4753,72.55,49,131,240.7,0.02,51,0,0,0,0,0,1,1,0,1,1.7341803865473273
4754,72.57,49,133,240.6,0.02,51,0,0,0,0,0,1,1,0,0,1.6342696425430745
4755,72.59,49,121,242.8,0.02,51,0,0,0,0,0,1,0,0,0,1.8054956380144336
4756,72.61,49,136,241.3,0.02,51,0,0,0,0,0,1,0,1,0,1.764683376762735
4757,72.63,49,134,241.4,0.02,51,0,0,0,0,0,1,0,0,1,1.4672149143097382
4758,72.64,17,39,78.8,0.02,18,0,0,0,1,1,0,2,1,3,1.9890301117572107
4759,72.64,9,23,34.7,0.02,9,0,0,0,1,1,0,3,1,0,2.533331835638918
4760,72.65,18,43,79.3,0.02,18,0,0,0,1,1,0,1,1,4,2.111695317562596
4761,72.66,17,50,71.7,0.02,17,0,0,0,1,1,0,3,1,3,1.6569327882667682
4762,72.66,2,17,1.2,0.02,2,0,0,0,1,1,0,2,1,1,2.6950827853165227
4763,72.67,9,19,35.1,0.02,9,0,0,0,1,1,0,3,1,0,2.785225761681687
4764,72.67,7,16,26.2,0.02,7,0,0,0,1,1,0,2,1,2,2.940530222356456
4765,72.67,5,19,15.1,0.02,5,0,0,0,1,1,0,3,1,0,3.412605152383907
4766,72.68,13,38,54.0,0.02,13,0,0,0,1,1,0,2,1,2,2.384372211849906
4767,72.68,9,19,35.1,0.02,9,0,0,0,1,1,0,3,1,0,3.0991697552407067
4768,72.7,49,125,242.4,0.02,51,0,0,0,0,0,1,0,0,0,1.961521954995004
4769,72.72,49,129,241.0,0.02,51,0,0,0,0,0,1,1,1,0,1.9170226109112019
4770,72.75,49,151,239.7,0.02,51,0,0,0,0,0,1,0,0,1,1.6511216466976446
4771,72.76,30,62,138.8,0.02,30,0,0,0,1,1,0,0,1,0,2.114755973777254
4772,72.78,49,121,241.8,0.02,51,0,0,0,0,0,1,1,1,0,1.8320694590372475
4773,72.8,49,132,241.6,0.02,51,0,0,0,0,0,1,0,0,1,1.6798156027108946
4774,72.82,49,126,242.3,0.02,51,0,0,0,0,0,1,0,1,0,1.8274440395857645
4775,72.84,49,127,241.1,0.02,51,0,0,0,0,0,1,1,0,1,1.5967472037981523
4776,72.86,49,124,241.5,0.02,51,0,0,0,0,0,1,1,1,0,1.6954324683924293
4777,72.88,49,141,240.8,0.02,51,0,0,0,0,0,1,0,0,0,1.7085919188555032
4778,72.9,49,147,219.2,0.02,49,0,0,0,1,1,0,6,1,1,1.6654648074313432
4779,72.91,6,20,28.0,0.02,7,0,0,0,1,1,0,0,1,0,1.9898109272386528
4780,72.93,49,132,241.7,0.02,51,0,0,0,0,0,1,0,0,0,1.6983892627399022
4781,72.95,49,127,242.2,0.02,51,0,0,0,0,0,1,0,0,0,1.6527202862173538
4782,72.95,5,12,16.5,0.02,5,0,0,0,1,1,0,2,1,3,3.609641572813946
4783,72.96,19,43,82.7,0.02,19,0,0,0,1,1,0,3,1,0,1.9145493470893056
4784,72.97,35,106,157.3,0.02,35,0,0,0,1,1,0,2,2,1,1.7115250818447003
4785,72.98,11,29,45.6,0.02,11,0,0,0,1,1,0,1,1,5,2.1353338048047683
4786,73.01,49,179,236.9,0.02,51,0,0,0,0,0,1,0,1,1,1.793185687974275
4787,73.03,49,136,241.3,0.02,51,0,0,0,0,0,1,0,0,0,1.7347050064422405
4788,73.05,49,140,239.9,0.02,51,0,0,0,0,0,1,1,0,0,1.7689161615376956
4789,73.07,49,128,240.1,0.02,51,0,0,0,0,0,1,2,0,0,1.7636572174252758
4790,73.09,49,132,226.8,0.02,49,0,0,0,1,1,0,0,2,0,1.6990791166631105
4791,73.11,49,127,242.2,0.02,51,0,0,0,0,0,1,0,0,0,1.7029425820911495
4792,73.13,36,87,165.2,0.02,36,0,0,0,1,1,0,1,1,1,1.6506328160076773
4793,73.15,49,137,241.2,0.02,51,0,0,0,0,0,1,0,0,0,1.6927368520432702
4794,73.17,49,128,240.1,0.02,51,0,0,0,0,0,1,2,0,0,1.9040068484652166
4795,73.19,49,137,241.2,0.02,51,0,0,0,0,0,1,0,0,0,1.6632508438540747
4796,73.21,49,130,239.9,0.02,51,0,0,0,0,0,1,2,0,0,1.6371016233022375
4797,73.23,49,136,240.2,0.02,51,0,0,0,0,0,1,1,0,1,1.7235458206748426
4798,73.25,49,131,239.8,0.02,51,0,0,0,0,0,1,2,0,0,1.9070712534950078
4799,73.28,49,155,238.3,0.02,51,0,0,0,0,0,1,1,2,1,1.5290785008573111
4800,73.3,49,142,240.4,0.02,51,0,0,0,0,0,1,0,0,3,1.504230176109979
4801,73.32,49,146,240.2,0.02,51,0,0,0,0,0,1,0,0,1,1.5984006199449161
4802,73.34,49,130,240.7,0.02,51,0,0,0,0,0,1,1,2,2,1.7719011241730036
4803,73.37,49,149,239.9,0.02,51,0,0,0,0,0,1,0,0,1,1.7834763372028684
4804,73.38,49,112,241.7,0.02,51,0,0,0,0,0,1,2,0,0,1.7141114320714665
4805,73.4,49,135,240.4,0.02,51,0,0,0,0,0,1,1,0,0,1.4224222626871903
4806,73.41,22,46,104.3,0.02,23,0,0,0,1,1,0,1,1,1,1.8044175223745824
4807,73.43,49,144,238.5,0.02,51,0,0,0,0,0,1,2,0,0,1.4314656724498567
4808,73.46,49,141,238.8,0.02,51,0,0,0,0,0,1,2,0,0,1.4357687049800667
4809,73.48,49,126,242.2,0.02,51,0,0,0,0,0,1,0,0,1,1.5662197734386407
4810,73.5,49,118,242.1,0.02,51,0,0,0,0,0,1,1,0,0,1.705527107719118
4811,73.52,49,145,240.4,0.02,51,0,0,0,0,0,1,0,0,0,1.4828870574843274
4812,73.54,49,144,240.5,0.02,51,0,0,0,0,0,1,0,0,0,1.4999022865701215
4813,73.56,49,144,240.2,0.02,51,0,0,0,0,0,1,0,0,3,1.5331076906988799
4814,73.59,49,144,239.5,0.02,51,0,0,0,0,0,1,1,0,0,1.416264656601269
4815,73.61,49,147,240.1,0.02,51,0,0,0,0,0,1,0,0,1,1.6221532351463135
4816,73.63,49,131,241.8,0.02,51,0,0,0,0,0,1,0,0,0,1.5699695311063147
4817,73.65,49,137,241.1,0.02,51,0,0,0,0,0,1,0,1,1,1.7416256589413806
4818,73.67,49,145,237.3,0.02,51,0,0,0,0,0,1,3,0,1,1.5031661066616486
4819,73.69,49,115,243.4,0.02,51,0,0,0,0,0,1,0,1,0,1.573374198299892
4820,73.71,49,123,241.6,0.02,51,0,0,0,0,0,1,1,1,0,1.6325343922185007
4821,73.73,49,152,237.7,0.02,51,0,0,0,0,0,1,2,1,0,1.6395479040017704
4822,73.75,49,134,238.2,0.02,51,0,0,0,0,0,1,3,0,3,1.4713269092535048
4823,73.77,49,122,242.6,0.02,51,0,0,0,0,0,1,0,1,1,1.6393033241101596
4824,73.79,49,110,242.9,0.02,51,0,0,0,0,0,1,1,0,0,1.8093388005255635
4825,73.81,49,131,241.8,0.02,51,0,0,0,0,0,1,0,0,0,1.5374864018634644
4826,73.83,49,127,241.2,0.02,51,0,0,0,0,0,1,1,0,0,1.6090503612050449
4827,73.85,49,118,242.1,0.02,51,0,0,0,0,0,1,1,1,0,1.7712596664146179
4828,73.87,49,124,242.4,0.02,51,0,0,0,0,0,1,0,1,1,1.9561805672252055
4829,73.88,24,54,104.6,0.02,24,0,0,0,1,1,0,5,2,0,2.0562103242772403
4830,73.9,49,127,240.2,0.02,51,0,0,0,0,0,1,2,0,0,1.6309533332168664
4831,73.92,49,122,241.6,0.02,51,0,0,0,0,0,1,1,0,1,1.723927276971998
4832,73.94,49,118,242.1,0.02,51,0,0,0,0,0,1,1,0,0,1.6635763700567163
4833,73.96,49,135,241.4,0.02,51,0,0,0,0,0,1,0,0,0,1.6530228006659888
4834,73.98,49,137,239.0,0.02,51,0,0,0,0,0,1,2,0,2,1.63937935359501
4835,73.99,37,88,168.9,0.02,37,0,0,0,1,1,0,2,1,3,1.6472227718081618
4836,74.01,45,133,201.7,0.02,45,0,0,0,1,1,0,5,1,0,1.6969751437424185
4837,74.03,37,109,166.1,0.02,37,0,0,0,1,1,0,3,2,0,1.8074238483542284
4838,74.04,23,59,101.0,0.02,23,0,0,0,1,1,0,3,1,1,1.7234353814756105
4839,74.06,49,147,240.2,0.02,51,0,0,0,0,0,1,0,0,0,1.7132133302504151
4840,74.07,13,48,50.8,0.02,13,0,0,0,1,1,0,4,1,4,2.1121331548649933
4841,74.08,19,46,82.4,0.02,19,0,0,0,1,1,0,3,1,0,2.2057015117460255
4842,74.1,49,134,240.5,0.02,51,0,0,0,0,0,1,1,0,0,1.8501921530022705
4843,74.11,25,67,107.2,0.02,25,0,0,0,1,1,0,6,1,1,1.6505816790541357
4844,74.13,49,127,241.2,0.02,51,0,0,0,0,0,1,1,0,0,1.826745119279813
4845,74.15,49,122,242.6,0.02,51,0,0,0,0,0,1,0,0,1,1.6546207406545652
4846,74.17,49,131,235.5,0.02,51,0,0,0,0,0,1,6,1,3,1.6667123453984325
4847,74.19,49,135,240.2,0.02,51,0,0,0,0,0,1,1,1,2,2.065010466830223
4848,74.22,49,148,239.1,0.02,51,0,0,0,0,0,1,1,1,0,1.7798053060425438
4849,74.24,49,140,240.9,0.02,51,0,0,0,0,0,1,0,0,0,1.6926602276324716
4850,74.26,49,123,242.6,0.02,51,0,0,0,0,0,1,0,0,0,1.7371020703491116
4851,74.28,49,139,237.9,0.02,51,0,0,0,0,0,1,3,0,1,1.719301986348272
4852,74.28,5,18,14.2,0.02,5,0,0,0,1,1,0,4,1,0,2.918367920040568
4853,74.29,14,41,57.9,0.02,14,0,0,0,1,1,0,3,1,0,2.1282551209860054
4854,74.3,23,61,100.9,0.02,23,0,0,0,1,1,0,3,1,0,1.7784005438046226
4855,74.31,8,27,29.3,0.02,8,0,0,0,1,1,0,3,1,0,2.765899742284011
4856,74.33,49,135,241.3,0.02,51,0,0,0,0,0,1,0,0,1,1.9628291839569991
4857,74.35,49,134,241.4,0.02,51,0,0,0,0,0,1,0,0,1,1.7296214800440743
4858,74.37,49,136,240.3,0.02,51,0,0,0,0,0,1,1,1,0,1.683850054850144
4859,74.39,49,139,240.9,0.02,51,0,0,0,0,0,1,0,0,1,1.5029796388680743
4860,74.4,18,37,80.2,0.02,18,0,0,0,1,1,0,1,1,1,1.752363070709895
4861,74.42,49,138,240.0,0.02,51,0,0,0,0,0,1,1,0,1,1.7307730364805929
4862,74.42,7,20,25.0,0.02,7,0,0,0,1,1,0,3,1,0,2.3142156798009994
4863,74.44,49,128,240.1,0.02,51,0,0,0,0,0,1,2,1,0,1.8058712658797436
4864,74.47,49,137,240.1,0.02,51,0,0,0,0,0,1,1,0,1,1.6092681986404556
4865,74.47,22,51,96.9,0.02,22,0,0,0,1,1,0,3,1,0,1.8186323380439173
4866,74.5,49,135,241.3,0.02,51,0,0,0,0,0,1,0,0,1,1.554351919009614
4867,74.51,49,116,243.3,0.02,51,0,0,0,0,0,1,0,0,0,1.8133948018188484
4868,74.54,49,128,240.1,0.02,51,0,0,0,0,0,1,2,0,0,1.8103074816556661
4869,74.56,49,138,241.0,0.02,51,0,0,0,0,0,1,0,1,1,1.6411307360556382
4870,74.58,49,136,239.2,0.02,51,0,0,0,0,0,1,2,0,1,1.6424403053504721
4871,74.6,49,156,238.3,0.02,51,0,0,0,0,0,1,1,2,0,1.4502027511117115
4872,74.62,49,135,241.4,0.02,51,0,0,0,0,0,1,0,1,0,1.728998897253774
4873,74.63,15,39,64.9,0.02,15,0,0,0,1,1,0,1,1,2,1.8162206615195862
4874,74.65,49,117,243.2,0.02,51,0,0,0,0,0,1,0,1,0,1.6004727491768538
4875,74.67,49,132,241.5,0.02,51,0,0,0,0,0,1,0,0,2,1.6501427777915565
4876,74.69,49,137,238.2,0.02,51,0,0,0,0,0,1,3,1,0,1.7287660524781316
4877,74.71,49,136,241.3,0.02,51,0,0,0,0,0,1,0,0,0,1.5404904601636447
4878,74.73,49,137,240.1,0.02,51,0,0,0,0,0,1,1,0,1,1.8779509757614385
4879,74.76,49,145,237.3,0.02,51,0,0,0,0,0,1,3,0,1,1.5212397929586963
4880,74.78,49,130,241.8,0.02,51,0,0,0,0,0,1,0,0,1,1.7102497131524863
4881,74.8,49,134,239.5,0.02,51,0,0,0,0,0,1,2,1,0,1.7848433848597125
4882,74.82,49,142,240.6,0.02,51,0,0,0,0,0,1,0,2,1,1.7776394185891118
4883,74.85,49,151,237.8,0.02,51,0,0,0,0,0,1,2,1,0,1.5989738971960363
4884,74.86,49,118,242.1,0.02,51,0,0,0,0,0,1,1,1,0,1.7214442056436956
4885,74.88,49,122,241.7,0.02,51,0,0,0,0,0,1,1,1,0,1.8362067859669393
4886,74.91,49,135,241.3,0.02,51,0,0,0,0,0,1,0,1,1,1.5050879067373455
4887,74.92,49,120,242.9,0.02,51,0,0,0,0,0,1,0,0,0,1.7674491956328082
4888,74.94,49,130,240.8,0.02,51,0,0,0,0,0,1,1,1,1,1.6218953893773835
4889,74.96,50,128,232.1,0.02,50,0,0,0,1,1,0,0,2,1,1.6697245848385376
4890,74.99,49,140,239.8,0.02,51,0,0,0,0,0,1,1,0,1,1.5680088287837004
4891,75.0,49,113,243.5,0.02,51,0,0,0,0,0,1,0,1,1,1.6302670620278426
4892,75.03,49,143,240.6,0.02,51,0,0,0,0,0,1,0,2,0,1.6300296876787281
4893,75.05,49,135,241.3,0.02,51,0,0,0,0,0,1,0,1,1,1.6296647917227427
4894,75.07,49,132,241.6,0.02,51,0,0,0,0,0,1,0,0,1,1.4501812159025742
4895,75.09,49,139,241.0,0.02,51,0,0,0,0,0,1,0,0,0,1.7799556632159517
4896,75.1,35,82,166.7,0.02,36,0,0,0,1,1,0,0,1,1,1.7550834744064896
4897,75.12,49,129,242.0,0.02,51,0,0,0,0,0,1,0,0,0,1.8120615832403406
4898,75.13,10,22,38.8,0.02,10,0,0,0,1,1,0,4,1,0,2.776336903083149
4899,75.15,49,130,239.8,0.02,51,0,0,0,0,0,1,2,0,1,1.8306431337809497
4900,75.17,49,141,237.5,0.02,51,0,0,0,0,0,1,3,0,3,1.8444365749622247
4901,75.19,49,134,240.4,0.02,51,0,0,0,0,0,1,1,0,1,1.6590199702667394
4902,75.21,49,141,240.8,0.02,51,0,0,0,0,0,1,0,0,0,1.7312617651582927
4903,75.23,49,125,242.4,0.02,51,0,0,0,0,0,1,0,0,0,1.5722730509029754
4904,75.26,49,154,237.4,0.02,51,0,0,0,0,0,1,2,0,1,1.5382037713244185
4905,75.28,49,138,240.8,0.02,51,0,0,0,0,0,1,0,0,3,1.5346938694083543
4906,75.3,49,130,240.9,0.02,51,0,0,0,0,0,1,1,0,0,1.5950933525832767
4907,75.32,49,146,238.3,0.02,51,0,0,0,0,0,1,2,1,0,1.738431246255034
4908,75.34,49,129,241.0,0.02,51,0,0,0,0,0,1,1,1,0,1.4946708474144232
4909,75.36,49,137,241.2,0.02,51,0,0,0,0,0,1,0,1,0,1.6436860006785134
4910,75.38,49,119,243.0,0.02,51,0,0,0,0,0,1,0,0,0,1.7073930236109762
4911,75.4,49,133,241.6,0.02,51,0,0,0,0,0,1,0,1,0,1.6931919607603796
4912,75.42,49,133,240.6,0.02,51,0,0,0,0,0,1,1,1,0,1.6401885140748074
4913,75.44,49,130,241.8,0.02,51,0,0,0,0,0,1,0,1,1,1.4315802439019196
4914,75.46,45,111,206.9,0.02,45,0,0,0,1,1,0,2,1,0,1.4724946796434764
4915,75.48,49,117,243.1,0.02,51,0,0,0,0,0,1,0,1,1,1.93272956843842
4916,75.5,49,141,239.8,0.02,51,0,0,0,0,0,1,1,0,0,1.6771850627831637
4917,75.52,50,143,233.2,0.02,50,0,0,0,0,0,1,2,1,4,1.577680876601162
4918,75.54,49,120,241.8,0.02,51,0,0,0,0,0,1,1,0,1,1.576492340342081
4919,75.56,49,144,240.4,0.02,51,0,0,0,0,0,1,0,1,1,1.3643949253671308
4920,75.57,19,48,82.1,0.02,19,0,0,0,1,1,0,3,1,1,1.7942595151844287
4921,75.58,21,60,91.0,0.02,21,0,0,0,1,1,0,3,1,0,1.6689133126946227
4922,75.59,7,23,30.7,0.02,8,0,0,0,1,1,0,2,1,0,1.8569157693155305
4923,75.59,13,39,54.1,0.02,13,0,0,0,1,1,0,2,1,0,2.1230809906771
4924,75.61,37,100,168.0,0.02,37,0,0,0,1,1,0,2,2,0,1.739066635183005
4925,75.62,23,69,96.1,0.02,23,0,0,0,1,1,0,7,2,0,1.665605350124533
4926,75.63,13,42,53.8,0.02,13,0,0,0,1,1,0,2,2,0,2.0576722767653233
4927,75.65,49,145,239.1,0.02,51,0,0,0,0,0,1,1,1,3,1.8492460029905884
4928,75.67,12,117,39.3,0.02,12,0,0,0,1,1,0,3,1,10,1.5547731494728232
4929,75.69,49,141,240.7,0.02,51,0,0,0,0,0,1,0,0,1,1.6385976550018837
4930,75.71,38,115,169.2,0.02,38,0,0,0,1,1,0,4,1,3,1.5625369321755898
4931,75.72,19,38,83.2,0.02,19,0,0,0,1,1,0,3,1,0,2.2629675044098376
4932,75.73,22,70,95.0,0.02,22,0,0,0,1,1,0,3,1,0,1.351555311313417
4933,75.74,12,37,49.1,0.02,12,0,0,0,1,1,0,2,1,2,2.064661158936486
4934,75.75,13,46,52.2,0.02,13,0,0,0,1,1,0,3,1,2,1.8613233938232994
4935,75.76,28,90,122.8,0.02,28,0,0,0,1,1,0,3,1,2,1.93650038608642
4936,75.77,24,54,105.5,0.02,24,0,0,0,1,1,0,4,1,1,1.7028768648137873
4937,75.78,17,46,71.3,0.02,17,0,0,0,1,1,0,4,1,1,1.9547161794760088
4938,75.79,16,38,68.1,0.02,16,0,0,0,1,1,0,3,1,1,2.290648440130596
4939,75.79,1,11,-6.5,0.02,1,0,0,0,1,1,0,5,1,4,3.210806856421192
4940,75.81,48,139,213.4,0.02,48,0,0,0,1,1,0,7,2,7,1.5178275150093705
4941,75.83,46,120,209.7,0.02,46,0,0,0,1,1,0,3,1,3,1.8085713862621546
4942,75.84,35,91,155.5,0.02,35,0,0,0,1,1,0,5,1,4,1.6336348116536383
4943,75.87,49,143,239.4,0.02,51,0,0,0,0,0,1,1,0,2,1.7971242401220944
4944,75.88,49,117,243.2,0.02,51,0,0,0,0,0,1,0,0,0,1.8848666242941345
4945,75.89,17,35,81.4,0.02,18,0,0,0,1,1,0,0,1,1,2.1923224933108836
4946,75.91,44,103,201.5,0.02,44,0,0,0,1,1,0,3,1,2,1.657733179607975
4947,75.93,49,129,241.9,0.02,51,0,0,0,0,0,1,0,0,1,1.7548974589966393
4948,75.95,49,147,240.0,0.02,51,0,0,0,0,0,1,0,2,2,1.6479698676292083
4949,75.97,41,90,187.0,0.02,41,0,0,0,1,1,0,4,1,0,1.7797485132328048
4950,75.98,31,72,142.7,0.02,31,0,0,0,1,1,0,0,1,1,2.0165662205465336
4951,76.01,49,176,235.2,0.02,51,0,0,0,0,0,1,2,0,1,1.4883407835088267
4952,76.02,30,118,128.8,0.02,30,0,0,0,1,1,0,4,1,4,1.6866861414882917
4953,76.05,49,156,236.1,0.02,51,0,0,0,0,0,1,3,0,2,1.991423703335302
4954,76.07,49,130,240.9,0.02,51,0,0,0,0,0,1,1,0,0,2.0088887356149603
4955,76.09,49,122,241.7,0.02,51,0,0,0,0,0,1,1,2,0,2.0766889606160275
4956,76.11,49,120,242.8,0.02,51,0,0,0,0,0,1,0,0,1,1.6791784439816497
4957,76.12,24,53,109.7,0.02,24,0,0,0,1,1,0,0,1,0,2.5169093697190172
4958,76.14,49,130,240.9,0.02,51,0,0,0,0,0,1,1,0,0,1.9032659244616952
4959,76.16,49,144,240.4,0.02,51,0,0,0,0,0,1,0,0,1,1.7606137532024262
4960,76.18,49,148,239.1,0.02,51,0,0,0,0,0,1,1,0,0,1.711318318353699
4961,76.21,49,146,221.3,0.02,49,0,0,0,1,1,0,4,1,1,1.7437450338188973
4962,76.23,49,124,242.5,0.02,51,0,0,0,0,0,1,0,0,0,1.8800125998583603
4963,76.25,49,136,238.9,0.02,51,0,0,0,0,0,1,2,0,4,1.7922942720558521
4964,76.27,50,156,227.4,0.02,50,0,0,0,1,1,0,2,1,0,1.7025093304777221
4965,76.29,49,133,241.6,0.02,51,0,0,0,0,0,1,0,0,0,1.9104691669395986
4966,76.31,49,121,239.5,0.02,51,0,0,0,0,0,1,3,0,3,1.6893364606058259
4967,76.33,49,124,242.5,0.02,51,0,0,0,0,0,1,0,0,0,1.7671514536281547
4968,76.35,49,128,240.0,0.02,51,0,0,0,0,0,1,2,0,1,2.02829188471733
4969,76.37,49,121,242.6,0.02,51,0,0,0,0,0,1,0,0,2,1.7290767310781365
4970,76.39,49,146,240.3,0.02,51,0,0,0,0,0,1,0,0,0,1.5198813295399682
4971,76.41,49,138,241.0,0.02,51,0,0,0,0,0,1,0,0,1,1.5625425596384301
4972,76.43,49,121,242.6,0.02,51,0,0,0,0,0,1,0,0,2,1.6546922034735698
4973,76.45,49,127,241.2,0.02,51,0,0,0,0,0,1,1,0,0,1.6915257199821803
4974,76.47,49,118,242.9,0.02,51,0,0,0,0,0,1,0,0,2,1.6909255536003673
4975,76.49,34,92,153.8,0.02,34,0,0,0,1,1,0,2,2,0,2.0310481473330597
4976,76.51,49,135,240.4,0.02,51,0,0,0,0,0,1,1,0,0,1.616866178271656
4977,76.53,49,144,239.5,0.02,51,0,0,0,0,0,1,1,0,0,1.4376478754390145
4978,76.55,49,131,241.5,0.02,51,0,0,0,0,0,1,0,1,3,1.4797051116260895
4979,76.57,49,159,237.6,0.02,51,0,0,0,0,0,1,1,0,4,1.7953511842229113
4980,76.6,50,141,226.9,0.02,50,0,0,0,1,1,0,4,2,0,1.6133266674455768
4981,76.62,49,144,240.5,0.02,51,0,0,0,0,0,1,0,1,0,1.6229938324215678
4982,76.65,49,225,226.7,0.02,51,0,0,0,0,0,1,5,1,7,1.5602946670710531
4983,76.67,49,139,238.8,0.02,51,0,0,0,0,0,1,2,0,2,1.5366914083651462
4984,76.69,49,126,242.2,0.02,51,0,0,0,0,0,1,0,0,1,1.6633740319420378
4985,76.71,49,126,242.2,0.02,51,0,0,0,0,0,1,0,0,1,1.9060983984858209
4986,76.74,49,157,236.1,0.02,51,0,0,0,0,0,1,3,0,1,1.3996743410686634
4987,76.76,49,127,241.1,0.02,51,0,0,0,0,0,1,1,0,1,1.7850273755766808
4988,76.78,49,127,242.2,0.02,51,0,0,0,0,0,1,0,0,0,1.6198100291781006
4989,76.8,49,126,242.3,0.02,51,0,0,0,0,0,1,0,0,0,1.6395651496540504
4990,76.82,49,138,240.1,0.02,51,0,0,0,0,0,1,1,1,0,1.6119156689427652
4991,76.84,49,122,242.7,0.02,51,0,0,0,0,0,1,0,1,0,1.6227488096963032
4992,76.86,49,146,240.2,0.02,51,0,0,0,0,0,1,0,1,1,1.572242052800817
4993,76.88,49,127,242.2,0.02,51,0,0,0,0,0,1,0,0,0,1.669712596800623
4994,76.9,49,122,241.7,0.02,51,0,0,0,0,0,1,1,0,0,1.6790361244810814
4995,76.93,49,147,240.2,0.02,51,0,0,0,0,0,1,0,0,0,1.6625044635545965
4996,76.95,49,121,241.7,0.02,51,0,0,0,0,0,1,1,0,1,1.7322312862265892
4997,76.96,38,93,175.7,0.02,38,0,0,0,1,1,0,0,1,0,1.6529160695990552
4998,76.99,49,148,239.1,0.02,51,0,0,0,0,0,1,1,1,0,1.6999786733848494
4999,77.01,49,139,239.9,0.02,51,0,0,0,0,0,1,1,2,1,1.4708778668245788
5000,77.03,49,126,241.3,0.02,51,0,0,0,0,0,1,1,0,0,1.6504322620699918
5001,77.05,49,142,240.6,0.02,51,0,0,0,0,0,1,0,0,1,1.8628725110563216
5002,77.06,6,15,20.5,0.02,6,0,0,0,1,1,0,3,1,0,3.0773204293879086
5003,77.07,20,56,85.2,0.02,20,0,0,0,1,1,0,4,1,2,1.8560914797864858
5004,77.09,49,162,237.7,0.02,51,0,0,0,0,0,1,1,1,0,1.763656898382231
5005,77.11,49,131,241.8,0.02,51,0,0,0,0,0,1,0,1,0,1.8521538142927298
5006,77.13,49,133,239.6,0.02,51,0,0,0,0,0,1,2,0,0,1.7961559415337824
5007,77.15,49,129,242.0,0.02,51,0,0,0,0,0,1,0,0,0,1.7267748707843416
5008,77.17,49,127,242.1,0.02,51,0,0,0,0,0,1,0,0,1,1.585026022820402
5009,77.19,49,133,241.6,0.02,51,0,0,0,0,0,1,0,0,0,1.461009475062847
5010,77.22,49,138,238.1,0.02,51,0,0,0,0,0,1,3,0,0,1.6541057430332284
5011,77.24,49,128,241.0,0.02,51,0,0,0,0,0,1,1,0,1,1.6078259756578586
5012,77.26,49,141,240.7,0.02,51,0,0,0,0,0,1,0,1,1,1.6734154515018127
5013,77.28,49,125,241.4,0.02,51,0,0,0,0,0,1,1,0,0,1.6670096196687918
5014,77.3,49,150,239.8,0.02,51,0,0,0,0,0,1,0,0,1,1.5934120425710787
5015,77.32,49,143,240.6,0.02,51,0,0,0,0,0,1,0,0,0,1.5779794969919239
5016,77.35,49,138,239.0,0.02,51,0,0,0,0,0,1,2,0,1,1.5603871878209679
5017,77.37,49,138,241.0,0.02,51,0,0,0,0,0,1,0,0,1,1.5525129720200008
5018,77.39,49,151,239.8,0.02,51,0,0,0,0,0,1,0,0,0,1.6187908124911303
5019,77.4,5,15,16.2,0.02,5,0,0,0,1,1,0,2,1,3,3.2066271205442507
5020,77.42,49,134,241.5,0.02,51,0,0,0,0,0,1,0,1,0,1.659388982233733
5021,77.43,49,103,242.6,0.02,51,0,0,0,0,0,1,2,0,0,1.7643035273759
5022,77.45,49,136,240.7,0.02,51,0,0,0,0,0,1,0,0,6,1.7199068395186672
5023,77.48,49,131,239.8,0.02,51,0,0,0,0,0,1,2,1,0,1.6424077804673287
5024,77.48,15,32,66.8,0.02,15,0,0,0,1,1,0,0,2,0,2.492847618392174
5025,77.5,49,141,240.8,0.02,51,0,0,0,0,0,1,0,1,0,1.4010723362134152
5026,77.53,49,142,239.7,0.02,51,0,0,0,0,0,1,1,0,0,1.7471517880919136
5027,77.55,49,133,240.6,0.02,51,0,0,0,0,0,1,1,1,0,1.493559785245337
5028,77.57,49,123,242.6,0.02,51,0,0,0,0,0,1,0,0,0,1.4728885457075485
5029,77.59,49,138,241.1,0.02,51,0,0,0,0,0,1,0,1,0,1.648761548171936
5030,77.61,49,119,243.0,0.02,51,0,0,0,0,0,1,0,0,0,1.6842884057769234
5031,77.63,49,136,241.1,0.02,51,0,0,0,0,0,1,0,1,2,1.699961439446721
5032,77.65,49,123,241.5,0.02,51,0,0,0,0,0,1,1,0,1,1.5217059674524387
5033,77.67,49,117,228.3,0.02,49,0,0,0,1,1,0,0,1,0,1.5073199177488545
5034,77.69,49,138,241.1,0.02,51,0,0,0,0,0,1,0,0,0,1.591304704295371
5035,77.71,49,129,240.9,0.02,51,0,0,0,0,0,1,1,0,1,1.6681027845871805
5036,77.73,49,135,240.4,0.02,51,0,0,0,0,0,1,1,0,0,1.6445888105031408
5037,77.75,49,129,241.9,0.02,51,0,0,0,0,0,1,0,0,1,1.5983115587518653
5038,77.77,49,129,242.0,0.02,51,0,0,0,0,0,1,0,0,0,1.599930329613931
5039,77.79,49,118,243.1,0.02,51,0,0,0,0,0,1,0,0,0,1.7455180709270908
5040,77.81,49,132,240.6,0.02,51,0,0,0,0,0,1,1,0,1,1.6514258943496236
5041,77.82,16,36,71.3,0.02,16,0,0,0,1,1,0,0,1,1,1.813876256052384
5042,77.83,25,60,117.9,0.02,26,0,0,0,1,1,0,1,1,1,1.8780140925786093
5043,77.85,49,137,239.2,0.02,51,0,0,0,0,0,1,2,0,0,1.7099816132962733
5044,77.87,49,126,242.3,0.02,51,0,0,0,0,0,1,0,0,0,1.7773217792488816
5045,77.89,49,146,239.2,0.02,51,0,0,0,0,0,1,1,0,1,1.6239726719105876
5046,77.91,49,136,240.2,0.02,51,0,0,0,0,0,1,1,0,1,1.5088593231594318
5047,77.94,49,135,241.4,0.02,51,0,0,0,0,0,1,0,1,0,1.5440178638112259
5048,77.96,49,133,241.5,0.02,51,0,0,0,0,0,1,0,1,1,1.62894441869307
5049,77.98,49,146,239.3,0.02,51,0,0,0,0,0,1,1,0,0,1.510944768151016
5050,78.0,49,127,242.2,0.02,51,0,0,0,0,0,1,0,0,0,1.5187134784719178
5051,78.02,49,146,239.3,0.02,51,0,0,0,0,0,1,1,0,0,1.665299850141925
5052,78.04,49,133,239.4,0.02,51,0,0,0,0,0,1,2,0,2,1.7143067499556792
5053,78.06,49,109,243.9,0.02,51,0,0,0,0,0,1,0,1,1,1.7281308557021606
5054,78.06,5,15,18.2,0.02,5,0,0,0,1,1,0,0,1,3,2.5656412538362146
5055,78.07,2,9,1.1,0.02,2,0,0,0,1,1,0,3,1,0,4.395118728108269
5056,78.08,20,58,87.0,0.02,20,0,0,0,1,1,0,2,1,2,1.836733197826678
5057,78.08,21,46,98.4,0.02,22,0,0,0,1,1,0,2,1,0,1.7661943732824354
5058,78.09,6,15,21.4,0.02,6,0,0,0,1,1,0,2,1,1,3.5017479960187896
5059,78.09,16,42,66.8,0.02,16,0,0,0,1,1,0,4,1,0,1.9717711698913094
5060,78.1,8,23,36.5,0.02,9,0,0,0,1,1,0,1,1,2,1.7422811608782585
5061,78.1,10,35,36.5,0.02,10,0,0,0,1,1,0,5,1,0,1.8186225353421752
5062,78.11,13,34,54.5,0.02,13,0,0,0,1,1,0,2,1,1,2.490671636288743
5063,78.12,9,27,34.3,0.02,9,0,0,0,1,1,0,3,1,0,2.6522528715366915
5064,78.12,5,9,19.1,0.02,5,0,0,0,1,1,0,0,1,0,4.213064598789643
5065,78.13,17,43,72.7,0.02,17,0,0,0,1,1,0,3,1,0,1.6567291426645567
5066,78.14,25,61,110.8,0.02,25,0,0,0,1,1,0,3,1,1,1.7511940124322887
5067,78.14,9,20,34.0,0.02,9,0,0,0,1,1,0,4,1,0,2.632624952535017
5068,78.15,9,83,24.3,0.02,9,0,0,0,1,1,0,7,1,4,1.7972406170669135
5069,78.16,0,26,-10.6,0.02,0,0,0,0,1,1,0,3,1,0,2.022970829560528
5070,78.17,6,54,16.3,0.02,6,0,0,0,1,1,0,3,2,3,2.0308594231762833
5071,78.17,7,35,23.5,0.02,7,0,0,0,1,1,0,3,1,0,2.0222837806564007
5072,78.18,22,47,98.2,0.02,22,0,0,0,1,1,0,2,2,1,2.149902385687176
5073,78.19,12,30,49.9,0.02,12,0,0,0,1,1,0,2,1,1,2.631553143671546
5074,78.2,17,83,64.6,0.02,17,0,0,0,1,1,0,7,1,1,1.9179197500203398
5075,78.21,3,12,6.6,0.02,3,0,0,0,1,1,0,2,1,2,2.7669394115967862
5076,78.21,0,7,-9.7,0.02,0,0,0,0,1,1,0,4,1,0,4.969787732815411
5077,78.21,1,11,-4.5,0.02,1,0,0,0,1,1,0,3,1,4,2.9142889997979706
5078,78.21,0,7,-7.9,0.02,0,0,0,0,1,1,0,2,1,2,3.034963000275982
5079,78.21,0,9,-9.3,0.02,0,0,0,0,1,1,0,3,1,4,2.9356005029922323
5080,78.22,18,44,76.6,0.02,18,0,0,0,1,1,0,4,1,0,1.8739463326580454
5081,78.23,14,48,58.1,0.02,14,0,0,0,1,1,0,2,1,1,1.9814243116481325
5082,78.23,10,31,38.8,0.02,10,0,0,0,1,1,0,3,1,1,2.4788048127857634
5083,78.24,7,21,21.9,0.02,7,0,0,0,1,1,0,6,1,0,2.8990918424704164
5084,78.25,22,53,92.7,0.02,22,0,0,0,1,1,0,7,2,0,2.0725433512325986
5085,78.25,4,29,9.1,0.02,4,0,0,0,1,1,0,3,1,0,2.4574064117232077
5086,78.27,15,74,52.3,0.02,15,0,0,0,1,1,0,10,1,3,1.746824638419026
5087,78.27,11,30,44.8,0.02,11,0,0,0,1,1,0,2,1,2,2.386157494564524
5088,78.28,19,41,85.9,0.02,19,0,0,0,1,1,0,0,1,0,1.7001779905726402
5089,78.28,13,29,53.8,0.02,13,0,0,0,1,1,0,3,1,3,2.3805727579811635
5090,78.29,19,52,78.7,0.02,19,0,0,0,1,1,0,6,2,1,2.3510782341011853
5091,78.31,25,84,105.4,0.02,25,0,0,0,1,1,0,6,1,2,1.7614897563201621
5092,78.31,9,28,34.2,0.02,9,0,0,0,1,1,0,3,1,0,3.5165888277305366
5093,78.32,20,53,88.7,0.02,20,0,0,0,1,1,0,1,1,0,1.9009674631360944
5094,78.34,49,133,241.6,0.02,51,0,0,0,0,0,1,0,2,0,2.002239058097684
5095,78.35,20,53,85.7,0.02,20,0,0,0,1,1,0,4,2,0,1.841653270757806
5096,78.35,1,6,-3.6,0.02,1,0,0,0,1,1,0,3,1,0,4.289207817618492
5097,78.36,24,52,106.8,0.02,24,0,0,0,1,1,0,3,1,0,2.578772873155223
5098,78.37,30,56,137.4,0.02,30,0,0,0,1,1,0,2,1,0,2.330813257626999
5099,78.39,49,127,224.1,0.02,49,0,0,0,1,1,0,3,1,2,2.1194071591288113
5100,78.41,49,127,242.1,0.02,51,0,0,0,0,0,1,0,1,1,1.8463325477202237
5101,78.43,49,137,241.2,0.02,51,0,0,0,0,0,1,0,1,0,1.753837018621959
5102,78.45,45,101,202.9,0.02,45,0,0,0,1,1,0,7,1,0,1.9587385890525688
5103,78.47,49,129,239.8,0.02,51,0,0,0,0,0,1,2,0,2,1.9743055074034408
5104,78.49,49,132,240.6,0.02,51,0,0,0,0,0,1,1,0,1,1.87812309689324
5105,78.5,27,59,121.1,0.02,27,0,0,0,1,1,0,3,1,0,1.7733647152174203
5106,78.52,49,144,240.3,0.02,51,0,0,0,0,0,1,0,1,2,1.827018868253317
5107,78.54,24,67,103.2,0.02,24,0,0,0,1,1,0,5,2,1,1.9722553564529848
5108,78.55,38,85,175.4,0.02,38,0,0,0,1,1,0,1,1,1,2.1060733297710295
5109,78.57,49,138,236.7,0.02,51,0,0,0,0,0,1,4,1,4,1.7876661217831515
5110,78.59,28,72,127.6,0.02,28,0,0,0,1,1,0,0,1,2,1.8346394493635312
5111,78.61,49,127,242.2,0.02,51,0,0,0,0,0,1,0,0,0,1.5969528571111526
5112,78.61,0,42,-14.6,0.02,0,0,0,0,1,1,0,5,1,4,1.3708203332252775
5113,78.62,14,33,60.5,0.02,14,0,0,0,1,1,0,1,1,2,1.7844501991704624
5114,78.62,7,24,31.5,0.02,8,0,0,0,1,1,0,1,1,1,3.0345622036186213
5115,78.64,49,129,238.9,0.02,51,0,0,0,0,0,1,3,1,1,2.2731529764039786
5116,78.66,31,95,137.3,0.02,31,0,0,0,1,1,0,3,1,2,1.659867554342819
5117,78.66,3,24,2.2,0.02,3,0,0,0,1,1,0,5,1,4,1.892611565849409
5118,78.67,22,58,98.0,0.02,22,0,0,0,1,1,0,1,1,2,2.064099798921157
5119,78.69,27,69,119.1,0.02,27,0,0,0,1,1,0,4,2,0,1.8190969459706994
5120,78.69,4,51,5.3,0.02,4,0,0,0,1,1,0,4,1,6,1.7273433946676104
5121,78.71,36,94,163.4,0.02,36,0,0,0,1,1,0,2,1,2,1.4124601023691419
5122,78.73,49,126,242.3,0.02,51,0,0,0,0,0,1,0,1,0,1.7397997080301366
5123,78.75,49,133,241.6,0.02,51,0,0,0,0,0,1,0,0,0,1.6262747690355306
5124,78.75,2,8,0.2,0.02,2,0,0,0,1,1,0,4,1,0,3.542989134931909
5125,78.77,49,125,241.4,0.02,51,0,0,0,0,0,1,1,1,0,1.939743782952335
5126,78.8,46,143,203.5,0.02,46,0,0,0,1,1,0,7,2,2,1.6005508243900202
5127,78.8,8,25,29.5,0.02,8,0,0,0,1,1,0,3,1,0,1.9906660127168707
5128,78.82,41,114,184.5,0.02,41,0,0,0,1,1,0,4,1,1,1.7538081084776578
5129,78.84,38,116,170.1,0.02,38,0,0,0,1,1,0,3,1,3,1.409508758445453
5130,78.85,22,47,100.3,0.02,22,0,0,0,1,1,0,0,1,0,2.140803774602152
5131,78.86,36,98,160.0,0.02,36,0,0,0,1,1,0,5,1,2,1.4791955432800437
5132,78.87,23,58,104.1,0.02,23,0,0,0,1,1,0,0,1,1,1.8632729119338909
5133,78.88,23,50,102.9,0.02,23,0,0,0,1,1,0,2,1,1,2.3104373886147673
5134,78.9,49,150,217.4,0.02,49,0,0,0,1,1,0,7,2,6,1.6871397108133406
5135,78.91,4,11,12.7,0.02,4,0,0,0,1,1,0,1,1,2,3.169907755633553
5136,78.91,3,5,9.5,0.02,3,0,0,0,1,1,0,0,1,0,7.42351489394733
5137,78.93,49,122,241.4,0.02,51,0,0,0,0,0,1,1,1,3,1.9253935559324045
5138,78.93,15,38,63.9,0.02,15,0,0,0,1,1,0,2,1,3,1.9502398692453233
5139,78.95,49,131,241.8,0.02,51,0,0,0,0,0,1,0,0,0,1.7468252582774784
5140,78.97,49,133,240.6,0.02,51,0,0,0,0,0,1,1,1,0,1.9055991783150221
5141,79.0,49,157,236.0,0.02,51,0,0,0,0,0,1,3,1,2,1.5934893830292998
5142,79.01,19,43,82.7,0.02,19,0,0,0,1,1,0,3,1,0,2.10771640046523
5143,79.01,2,13,1.6,0.02,2,0,0,0,1,1,0,2,1,1,3.485767561051569
5144,79.01,13,25,53.3,0.02,13,0,0,0,1,1,0,4,1,2,2.4518830425085847
5145,79.02,10,40,43.8,0.02,11,0,0,0,1,1,0,2,2,2,2.4252695837878897
5146,79.04,49,140,239.9,0.02,51,0,0,0,0,0,1,1,1,0,1.9199184738554178
5147,79.06,32,98,142.0,0.02,32,0,0,0,1,1,0,3,2,2,1.9976999387549983
5148,79.08,38,176,160.8,0.02,38,0,0,0,1,1,0,6,2,6,1.4596550491060212
5149,79.1,43,99,198.0,0.02,43,0,0,0,1,1,0,2,2,1,1.7167021569624472
5150,79.12,32,149,135.0,0.02,32,0,0,0,1,1,0,5,1,1,1.3814390391776203
5151,79.14,39,104,177.5,0.02,39,0,0,0,1,1,0,2,1,1,1.8058879602381344
5152,79.16,49,143,238.6,0.02,51,0,0,0,0,0,1,2,0,0,1.9258674224798722
5153,79.17,32,83,140.7,0.02,32,0,0,0,1,1,0,6,1,0,2.001467585836722
5154,79.19,49,128,241.1,0.02,51,0,0,0,0,0,1,1,0,0,1.7792305870643448
5155,79.21,49,149,238.9,0.02,51,0,0,0,0,0,1,1,0,1,1.7309213914698838
5156,79.23,28,71,127.7,0.02,28,0,0,0,1,1,0,0,1,2,2.230331048450285
5157,79.26,49,229,223.4,0.02,51,0,0,0,0,0,1,7,1,16,1.4057097555778797
5158,79.28,49,137,241.2,0.02,51,0,0,0,0,0,1,0,0,0,2.099619860507602
5159,79.3,49,138,238.0,0.02,51,0,0,0,0,0,1,3,1,1,1.929891328612188
5160,79.32,49,152,237.7,0.02,51,0,0,0,0,0,1,2,0,0,1.5998151036673078
5161,79.34,29,81,128.6,0.02,29,0,0,0,1,1,0,3,2,3,1.600351722136969
5162,79.35,31,101,135.8,0.02,31,0,0,0,1,1,0,4,1,1,1.8698650361627518
5163,79.36,10,30,39.0,0.02,10,0,0,0,1,1,0,3,1,0,2.470750675709174
5164,79.37,12,51,45.9,0.02,12,0,0,0,1,1,0,4,1,0,1.6769773984035041
5165,79.37,8,24,30.4,0.02,8,0,0,0,1,1,0,2,1,2,2.5530450585449054
5166,79.38,3,12,5.7,0.02,3,0,0,0,1,1,0,3,1,1,3.2125887224488046
5167,79.39,25,60,110.8,0.02,25,0,0,0,1,1,0,3,1,2,2.1547724349622306
5168,79.4,33,92,145.4,0.02,33,0,0,0,1,1,0,5,2,4,1.8323164272931896
5169,79.42,40,127,179.0,0.02,40,0,0,0,1,1,0,3,1,3,1.6945158118418535
5170,79.44,49,163,238.4,0.02,51,0,0,0,0,0,1,0,0,2,1.5712113278458348
5171,79.47,44,144,197.4,0.02,44,0,0,0,1,1,0,3,4,2,2.0216047781066617
5172,79.49,49,179,236.9,0.02,51,0,0,0,0,0,1,0,1,1,1.9556757993377498
5173,79.52,50,167,226.8,0.02,50,0,0,0,1,1,0,1,3,5,1.6273935642176738
5174,79.54,49,145,238.4,0.02,51,0,0,0,0,0,1,2,1,0,1.866388267113028
5175,79.56,47,151,210.7,0.02,47,0,0,0,1,1,0,4,2,2,2.0563653111746842
5176,79.57,20,59,85.0,0.02,20,0,0,0,1,1,0,4,1,1,1.8111332501942428
5177,79.58,21,42,92.7,0.02,21,0,0,0,1,1,0,3,1,1,1.7730031745774522
5178,79.59,11,28,46.2,0.02,11,0,0,0,1,1,0,1,1,0,2.558289006520713
5179,79.59,24,52,108.6,0.02,24,0,0,0,1,1,0,1,1,2,2.3890577669945854
5180,79.62,49,141,239.8,0.02,51,0,0,0,0,0,1,1,0,0,1.8001095073752462
5181,79.63,2,48,-2.8,0.02,2,0,0,0,1,1,0,3,1,0,1.6958442962531057
5182,79.64,48,113,222.5,0.02,48,0,0,0,1,1,0,1,2,2,1.6927265586936275
5183,79.65,22,55,97.4,0.02,22,0,0,0,1,1,0,2,1,1,2.1028486335450767
5184,79.66,22,62,95.8,0.02,22,0,0,0,1,1,0,3,2,0,1.9484225189125859
5185,79.68,30,88,132.2,0.02,30,0,0,0,1,1,0,4,1,0,1.9276455648362052
5186,79.7,49,166,237.3,0.02,51,0,0,0,0,0,1,1,0,0,1.8087815008951276
5187,79.72,41,127,183.1,0.02,41,0,0,0,1,1,0,4,2,2,1.8985910973551887
5188,79.74,37,93,170.7,0.02,37,0,0,0,1,1,0,0,3,0,1.890641950839102
5189,79.75,30,77,133.2,0.02,30,0,0,0,1,1,0,4,1,1,1.8479925473689125
5190,79.76,38,81,174.8,0.02,38,0,0,0,1,1,0,2,1,1,1.863557456577796
5191,79.78,47,118,217.1,0.02,47,0,0,0,1,1,0,1,1,1,1.5757815181991157
5192,79.79,22,52,97.8,0.02,22,0,0,0,1,1,0,2,1,0,2.4780370479859095
5193,79.79,6,15,23.5,0.02,6,0,0,0,1,1,0,0,1,0,3.7804550092499585
5194,79.81,26,104,110.2,0.02,26,0,0,0,1,1,0,4,1,4,2.0866406726842146
5195,79.81,4,13,8.7,0.02,4,0,0,0,1,1,0,5,1,0,4.2926571474153015
5196,79.84,50,185,228.2,0.02,50,0,0,0,0,0,1,3,2,2,1.8623413817442669
5197,79.86,49,142,240.7,0.02,51,0,0,0,0,0,1,0,0,0,1.693652779812655
5198,79.88,45,132,202.8,0.02,45,0,0,0,1,1,0,4,1,0,1.8950022047062127
5199,79.9,49,153,239.6,0.02,51,0,0,0,0,0,1,0,0,0,1.8643461253329934
5200,79.91,6,16,22.4,0.02,6,0,0,0,1,1,0,1,1,0,2.8256819423151742
5201,79.93,49,142,240.6,0.02,51,0,0,0,0,0,1,0,0,1,1.978271156630696
5202,79.95,49,141,237.8,0.02,51,0,0,0,0,0,1,3,0,0,1.7795983017834123
5203,79.96,20,45,87.2,0.02,20,0,0,0,1,1,0,3,2,3,2.1178623630654205
5204,79.98,49,166,231.8,0.02,51,0,0,0,0,0,1,6,1,5,1.9416893321640971
5205,79.99,7,53,18.1,0.02,7,0,0,0,1,1,0,6,2,6,2.044017876042589
5206,80.01,49,133,240.4,0.02,51,0,0,0,0,0,1,1,1,2,1.8853319796659758
5207,80.02,10,58,44.0,0.02,11,0,0,0,1,1,0,0,1,2,1.6335238973924835
5208,80.04,31,92,137.7,0.02,31,0,0,0,1,1,0,3,1,1,1.6781774323143352
5209,80.06,49,138,239.9,0.02,51,0,0,0,0,0,1,1,0,2,1.9454945994280552
5210,80.07,13,60,50.9,0.02,13,0,0,0,1,1,0,3,1,1,1.6938413550217355
5211,80.09,49,119,242.9,0.02,51,0,0,0,0,0,1,0,0,1,1.794569876478344
5212,80.11,49,119,242.0,0.02,51,0,0,0,0,0,1,1,1,0,1.869147577167067
5213,80.12,24,67,106.1,0.02,24,0,0,0,1,1,0,2,1,2,1.4704022674492778
5214,80.14,49,135,239.4,0.02,51,0,0,0,0,0,1,2,0,0,1.49302305801545
5215,80.16,49,137,241.2,0.02,51,0,0,0,0,0,1,0,1,0,1.7957974333360465
5216,80.17,24,82,103.8,0.02,24,0,0,0,1,1,0,3,1,0,1.7827612721011281
5217,80.19,49,143,240.5,0.02,51,0,0,0,0,0,1,0,0,1,1.8055965683958948
5218,80.22,47,165,209.4,0.02,47,0,0,0,1,1,0,4,1,1,1.6079212195060995
5219,80.24,49,137,241.2,0.02,51,0,0,0,0,0,1,0,0,0,1.7569402316273395
5220,80.26,49,122,241.7,0.02,51,0,0,0,0,0,1,1,0,0,1.7747785129434532
5221,80.28,49,116,243.2,0.02,51,0,0,0,0,0,1,0,0,1,1.7760197782400549
5222,80.3,49,136,241.2,0.02,51,0,0,0,0,0,1,0,0,1,1.6098391689012441
5223,80.31,24,71,103.8,0.02,24,0,0,0,1,1,0,4,1,1,1.7855439570295621
5224,80.33,49,135,241.3,0.02,51,0,0,0,0,0,1,0,0,1,1.5964558242729767
5225,80.34,28,65,126.5,0.02,28,0,0,0,1,1,0,2,1,0,1.7013888506134887
5226,80.37,49,178,237.0,0.02,51,0,0,0,0,0,1,0,2,1,1.8322006523351955
5227,80.38,14,25,62.5,0.02,14,0,0,0,1,1,0,0,1,0,2.278216236759105
5228,80.38,13,37,53.3,0.02,13,0,0,0,1,1,0,3,1,0,1.9698558330141729
5229,80.41,49,165,238.3,0.02,51,0,0,0,0,0,1,0,2,1,1.9026573992356526
5230,80.43,48,114,221.5,0.02,48,0,0,0,1,1,0,2,1,1,1.6668360614002817
5231,80.45,49,146,240.3,0.02,51,0,0,0,0,0,1,0,0,0,1.828341954483871
5232,80.47,49,166,238.2,0.02,51,0,0,0,0,0,1,0,0,1,1.632795498296212
5233,80.49,28,109,122.0,0.02,28,0,0,0,1,1,0,2,1,1,1.491271447425583
5234,80.51,49,145,239.3,0.02,51,0,0,0,0,0,1,1,2,1,1.8309976820511786
5235,80.53,26,81,113.7,0.02,26,0,0,0,1,1,0,3,1,2,1.7947615677537028
5236,80.55,49,137,240.2,0.02,51,0,0,0,0,0,1,1,0,0,1.6386311722182982
5237,80.56,9,38,31.9,0.02,9,0,0,0,1,1,0,4,2,3,1.9572494482231655
5238,80.57,22,49,95.1,0.02,22,0,0,0,1,1,0,5,1,0,2.2639760964246594
5239,80.57,1,7,-5.7,0.02,1,0,0,0,1,1,0,5,1,0,4.243232262093833
5240,80.58,16,82,63.6,0.02,16,0,0,0,1,1,0,3,1,2,2.1582224685576197
5241,80.6,31,84,139.4,0.02,31,0,0,0,1,1,0,2,3,2,2.180087310893002
5242,80.62,49,134,240.5,0.02,51,0,0,0,0,0,1,1,0,0,1.9400667627295172
5243,80.65,49,228,230.8,0.02,51,0,0,0,0,0,1,1,1,3,1.5233688679060933
5244,80.67,49,139,239.0,0.02,51,0,0,0,0,0,1,2,0,0,1.7567859692386525
5245,80.7,49,162,237.7,0.02,51,0,0,0,0,0,1,1,0,0,1.6521492359673455
5246,80.72,49,117,243.2,0.02,51,0,0,0,0,0,1,0,0,0,1.6827202316560703
5247,80.73,31,86,138.3,0.02,31,0,0,0,1,1,0,3,1,1,2.115579334779201
5248,80.75,49,134,241.3,0.02,51,0,0,0,0,0,1,0,1,2,1.9008248137581736
5249,80.77,49,138,241.1,0.02,51,0,0,0,0,0,1,0,1,0,1.6943790017844218
5250,80.79,42,120,189.8,0.02,42,0,0,0,1,1,0,3,1,2,1.4959474911680535
5251,80.81,49,120,242.9,0.02,51,0,0,0,0,0,1,0,0,0,1.955906157025429
5252,80.83,48,142,217.8,0.02,48,0,0,0,1,1,0,3,2,0,1.6825476600925942
5253,80.84,16,36,68.3,0.02,16,0,0,0,1,1,0,3,1,1,2.261451991807439
5254,80.86,49,134,241.5,0.02,51,0,0,0,0,0,1,0,0,0,1.7249155169738384
5255,80.88,49,141,240.8,0.02,51,0,0,0,0,0,1,0,0,0,1.813023060268129
5256,80.88,2,13,1.6,0.02,2,0,0,0,1,1,0,2,1,1,3.1765716706507905
5257,80.91,49,139,240.0,0.02,51,0,0,0,0,0,1,1,1,0,1.9261320870219014
5258,80.93,49,130,241.9,0.02,51,0,0,0,0,0,1,0,1,0,1.6483565467868284
5259,80.95,49,141,239.8,0.02,51,0,0,0,0,0,1,1,0,0,1.9676985933689366
5260,80.98,41,191,177.7,0.02,41,0,0,0,1,1,0,3,1,2,1.5165498429854072
5261,81.0,49,128,242.1,0.02,51,0,0,0,0,0,1,0,1,0,1.9907013261936264
5262,81.03,49,182,235.6,0.02,51,0,0,0,0,0,1,1,1,1,1.625079922395274
5263,81.05,49,164,237.5,0.02,51,0,0,0,0,0,1,1,0,0,1.6201530565856797
5264,81.08,49,167,238.1,0.02,51,0,0,0,0,0,1,0,1,1,1.4020904031254793
5265,81.1,50,130,236.7,0.02,50,0,0,0,0,0,1,0,2,2,1.7148179187350114
5266,81.12,49,126,239.3,0.02,51,0,0,0,0,0,1,3,0,0,1.948875798022855
5267,81.13,26,77,113.8,0.02,26,0,0,0,1,1,0,3,2,5,1.6548724555751293
5268,81.15,47,121,214.8,0.02,47,0,0,0,1,1,0,3,2,1,1.7538577452788997
5269,81.17,49,108,243.0,0.02,51,0,0,0,0,0,1,1,0,1,1.535755435032607
5270,81.17,2,11,1.4,0.02,2,0,0,0,1,1,0,2,1,5,3.9837608865069414
5271,81.18,32,93,140.7,0.02,32,0,0,0,1,1,0,5,1,0,1.8430248775811144
5272,81.21,49,142,236.6,0.02,51,0,0,0,0,0,1,4,1,1,1.5771982787586225
5273,81.23,49,155,239.3,0.02,51,0,0,0,0,0,1,0,3,1,1.7695972696790556
5274,81.25,49,146,240.2,0.02,51,0,0,0,0,0,1,0,1,1,1.6922287826056703
5275,81.27,49,127,242.2,0.02,51,0,0,0,0,0,1,0,0,0,1.962212849382253
5276,81.3,49,137,240.0,0.02,51,0,0,0,0,0,1,1,1,2,1.8833960832398713
5277,81.32,49,130,241.9,0.02,51,0,0,0,0,0,1,0,0,0,1.9302100422471211
5278,81.34,49,151,238.6,0.02,51,0,0,0,0,0,1,1,1,2,1.6447557114914293
5279,81.36,49,139,240.0,0.02,51,0,0,0,0,0,1,1,1,0,1.8000402137271725
5280,81.38,49,111,242.7,0.02,51,0,0,0,0,0,1,1,0,1,1.6706613126431247
5281,81.4,49,149,238.0,0.02,51,0,0,0,0,0,1,2,2,0,1.4399702383403579
5282,81.43,49,135,240.4,0.02,51,0,0,0,0,0,1,1,1,0,1.6668712617969277
5283,81.44,49,115,243.4,0.02,51,0,0,0,0,0,1,0,0,0,1.6850718616981244
5284,81.46,49,132,240.7,0.02,51,0,0,0,0,0,1,1,1,0,1.7490416505199786
5285,81.49,49,156,236.3,0.02,51,0,0,0,0,0,1,3,0,0,1.844392333906308
5286,81.51,46,118,212.1,0.02,46,0,0,0,1,1,0,1,1,1,1.4603431814335188
5287,81.51,9,23,36.7,0.02,9,0,0,0,1,1,0,1,1,0,2.0123872245297494
5288,81.53,49,134,241.3,0.02,51,0,0,0,0,0,1,0,2,2,1.6473704577859685
5289,81.56,49,145,239.4,0.02,51,0,0,0,0,0,1,1,1,0,1.7506139945706
5290,81.57,33,71,156.9,0.02,34,0,0,0,1,1,0,1,1,0,2.0031401648689715
5291,81.59,49,128,242.0,0.02,51,0,0,0,0,0,1,0,0,1,1.7467294645310603
5292,81.61,49,134,241.4,0.02,51,0,0,0,0,0,1,0,0,1,1.6298541939289837
5293,81.62,38,77,174.3,0.02,38,0,0,0,1,1,0,3,1,0,1.865289603489486
5294,81.64,49,133,240.6,0.02,51,0,0,0,0,0,1,1,1,0,1.640558901347569
5295,81.66,49,126,241.1,0.02,51,0,0,0,0,0,1,1,0,2,1.8133275041266534
5296,81.68,49,127,242.1,0.02,51,0,0,0,0,0,1,0,0,1,1.5670707319911912
5297,81.71,49,137,238.2,0.02,51,0,0,0,0,0,1,3,1,0,1.6403394477034439
5298,81.73,49,131,240.8,0.02,51,0,0,0,0,0,1,1,0,0,1.7693035097393008
5299,81.75,49,130,240.9,0.02,51,0,0,0,0,0,1,1,0,0,1.5056321460443343
5300,81.77,49,129,241.9,0.02,51,0,0,0,0,0,1,0,0,1,1.5678832262633127
5301,81.79,49,130,241.9,0.02,51,0,0,0,0,0,1,0,1,0,1.6716409472089375
5302,81.81,49,148,240.0,0.02,51,0,0,0,0,0,1,0,0,1,1.8452358988025028
5303,81.83,49,135,241.4,0.02,51,0,0,0,0,0,1,0,0,0,1.7969475957922803
5304,81.85,49,139,240.0,0.02,51,0,0,0,0,0,1,1,1,0,1.8331688647009685
5305,81.87,49,122,241.6,0.02,51,0,0,0,0,0,1,1,0,1,1.8393998802184952
5306,81.88,1,24,-6.5,0.02,1,0,0,0,1,1,0,4,1,1,2.359009418479751
5307,81.9,49,132,240.6,0.02,51,0,0,0,0,0,1,1,0,1,1.700838415003668
5308,81.92,49,125,242.4,0.02,51,0,0,0,0,0,1,0,0,0,1.8949276867188642
5309,81.92,12,26,52.4,0.02,12,0,0,0,1,1,0,0,1,0,2.2983424844218785
5310,81.94,49,125,240.4,0.02,51,0,0,0,0,0,1,2,0,0,1.7339096767415374
5311,81.97,49,134,239.5,0.02,51,0,0,0,0,0,1,2,1,0,1.8396247814356432
5312,81.99,49,129,240.0,0.02,51,0,0,0,0,0,1,2,0,0,1.5644493990521007
5313,82.01,49,133,239.6,0.02,51,0,0,0,0,0,1,2,1,0,1.8842792553986936
5314,82.03,49,139,241.0,0.02,51,0,0,0,0,0,1,0,0,0,1.7153797179536963
5315,82.03,2,33,-2.3,0.02,2,0,0,0,1,1,0,4,1,0,2.1509587357468205
5316,82.06,49,132,241.6,0.02,51,0,0,0,0,0,1,0,0,1,1.703328003475347
5317,82.08,49,131,240.8,0.02,51,0,0,0,0,0,1,1,1,0,1.6428799109757455
5318,82.1,49,160,238.8,0.02,51,0,0,0,0,0,1,0,0,1,1.616546264013668
5319,82.12,49,140,237.9,0.02,51,0,0,0,0,0,1,3,0,0,1.6295366690373387
5320,82.14,49,122,242.6,0.02,51,0,0,0,0,0,1,0,0,1,1.7832036613195283
5321,82.16,49,131,241.8,0.02,51,0,0,0,0,0,1,0,1,0,1.6371502921819359
5322,82.19,49,137,241.2,0.02,51,0,0,0,0,0,1,0,0,0,1.7283937938276412
5323,82.21,49,131,240.8,0.02,51,0,0,0,0,0,1,1,0,0,1.6249889476574635
5324,82.23,49,132,240.7,0.02,51,0,0,0,0,0,1,1,1,0,1.8593399261347063
5325,82.25,49,152,239.6,0.02,51,0,0,0,0,0,1,0,0,1,1.7730334713153992
5326,82.27,49,125,239.4,0.02,51,0,0,0,0,0,1,3,1,0,1.8058406905579578
5327,82.29,49,114,240.5,0.02,51,0,0,0,0,0,1,3,0,0,1.7465702632579538
5328,82.31,49,118,242.1,0.02,51,0,0,0,0,0,1,1,0,0,1.6891714526326964
5329,82.33,49,130,241.8,0.02,51,0,0,0,0,0,1,0,0,1,1.5635977314368328
5330,82.35,49,128,242.1,0.02,51,0,0,0,0,0,1,0,0,0,1.9872551437851445
5331,82.37,49,147,239.9,0.02,51,0,0,0,0,0,1,0,1,3,1.722409379303728
5332,82.39,49,125,242.4,0.02,51,0,0,0,0,0,1,0,0,0,1.7321799139290532
5333,82.41,49,114,243.4,0.02,51,0,0,0,0,0,1,0,0,1,1.6900231290802799
5334,82.42,1,23,0.7,0.02,2,0,0,0,1,1,0,2,1,0,2.954096455676533
5335,82.42,13,46,51.3,0.02,13,0,0,0,1,1,0,4,2,1,2.018726189531424
5336,82.44,44,125,199.3,0.02,44,0,0,0,1,1,0,3,1,2,1.6411932109494118
5337,82.45,8,25,27.3,0.02,8,0,0,0,1,1,0,5,1,2,2.374280239806205
5338,82.46,25,71,109.5,0.02,25,0,0,0,1,1,0,3,1,4,1.8366773917060664
5339,82.47,9,27,33.3,0.02,9,0,0,0,1,1,0,4,1,0,2.3653711784157263
5340,82.47,18,51,74.8,0.02,18,0,0,0,1,1,0,5,1,1,1.9836343006300583
5341,82.49,41,116,184.4,0.02,41,0,0,0,1,1,0,4,2,0,1.7101054479200575
5342,82.52,45,136,201.4,0.02,45,0,0,0,1,1,0,5,1,0,1.8757169815794459
5343,82.53,32,66,142.4,0.02,32,0,0,0,1,1,0,6,2,0,2.2360478938293022
5344,82.53,1,7,-3.8,0.02,1,0,0,0,1,1,0,3,1,1,4.172598643489142
5345,82.55,20,137,78.3,0.02,20,0,0,0,1,1,0,3,1,0,1.9470389153369427
5346,82.56,18,75,73.5,0.02,18,0,0,0,1,1,0,4,1,0,1.8277832469723831
5347,82.58,44,133,199.7,0.02,44,0,0,0,1,1,0,2,1,0,1.8255744122761524
5348,82.61,49,138,241.1,0.02,51,0,0,0,0,0,1,0,1,0,1.7019643760781658
5349,82.61,4,14,12.6,0.02,4,0,0,0,1,1,0,1,1,0,3.1613227732092057
5350,82.61,10,32,38.7,0.02,10,0,0,0,1,1,0,3,1,1,2.473182655593983
5351,82.63,49,130,241.8,0.02,51,0,0,0,0,0,1,0,0,1,2.047093945240915
5352,82.65,22,74,93.5,0.02,22,0,0,0,1,1,0,4,1,1,1.842340776311324
5353,82.66,22,50,96.9,0.02,22,0,0,0,1,1,0,3,1,1,1.9358509451076884
5354,82.66,10,37,40.5,0.02,10,0,0,0,1,1,0,0,1,8,2.0202003052604427
5355,82.68,49,128,241.1,0.02,51,0,0,0,0,0,1,1,0,0,1.9876788181372285
5356,82.7,43,103,190.6,0.02,43,0,0,0,1,1,0,9,2,1,1.9490371458204359
5357,82.72,42,94,193.4,0.02,42,0,0,0,1,1,0,2,1,2,1.6954852047310602
5358,82.74,49,139,241.0,0.02,51,0,0,0,0,0,1,0,2,0,1.9111953746307457
5359,82.74,8,22,27.8,0.02,8,0,0,0,1,1,0,5,1,0,2.357009586555519
5360,82.76,38,139,166.8,0.02,38,0,0,0,1,1,0,4,1,3,1.746147530391197
5361,82.78,34,75,156.5,0.02,34,0,0,0,1,1,0,1,2,0,2.1621817295386823
5362,82.8,49,122,242.7,0.02,51,0,0,0,0,0,1,0,1,0,1.7058885479052341
5363,82.81,33,86,148.1,0.02,33,0,0,0,1,1,0,3,1,3,1.85887103690231
5364,82.82,19,42,84.8,0.02,19,0,0,0,1,1,0,1,1,0,1.7214180265044998
5365,82.84,32,111,138.9,0.02,32,0,0,0,1,1,0,5,1,0,1.5151254908652751
5366,82.84,13,38,54.5,0.02,13,0,0,0,1,1,0,1,1,7,1.7905838361934014
5367,82.86,30,87,133.0,0.02,30,0,0,0,1,1,0,3,2,3,1.6805068900039917
5368,82.87,35,79,159.0,0.02,35,0,0,0,1,1,0,3,1,1,1.6806553881097024
5369,82.88,16,50,66.9,0.02,16,0,0,0,1,1,0,3,1,1,1.7839206628566546
5370,82.89,26,65,113.5,0.02,26,0,0,0,1,1,0,5,1,0,1.5688448273387552
5371,82.9,18,36,78.3,0.02,18,0,0,0,1,1,0,3,1,1,2.1037211740622825
5372,82.92,45,119,206.9,0.02,45,0,0,0,1,1,0,1,2,2,1.876578981563522
5373,82.93,31,76,139.3,0.02,31,0,0,0,1,1,0,3,1,1,1.722459086254706
5374,82.95,49,131,240.7,0.02,51,0,0,0,0,0,1,1,0,1,1.8059429930087265
5375,82.98,49,168,237.9,0.02,51,0,0,0,0,0,1,0,0,2,2.1132952797356017
5376,82.99,23,56,101.4,0.02,23,0,0,0,1,1,0,3,1,0,2.190530357159529
5377,83.01,49,146,234.9,0.02,51,0,0,0,0,0,1,5,1,4,2.0470793135598186
5378,83.03,49,137,240.2,0.02,51,0,0,0,0,0,1,1,0,0,1.5680941068166425
5379,83.05,46,146,206.3,0.02,46,0,0,0,1,1,0,4,2,1,1.816271363255579
5380,83.07,36,92,160.7,0.02,36,0,0,0,1,1,0,5,1,1,2.145797959798558
5381,83.09,49,123,242.4,0.02,51,0,0,0,0,0,1,0,0,2,1.8016455140594452
5382,83.09,8,17,31.0,0.02,8,0,0,0,1,1,0,2,1,3,2.3671765552966986
5383,83.11,48,116,220.4,0.02,48,0,0,0,1,1,0,3,1,0,1.8095343005553233
5384,83.13,49,127,226.2,0.02,49,0,0,0,1,1,0,1,1,1,1.6847241002953275
5385,83.15,42,110,188.0,0.02,42,0,0,0,1,1,0,6,1,0,1.6677721665795437
5386,83.16,34,83,151.6,0.02,34,0,0,0,1,1,0,5,2,1,1.9051620895806605
5387,83.19,49,143,238.2,0.02,51,0,0,0,0,0,1,2,0,4,1.8770346345542746
5388,83.21,49,123,242.6,0.02,51,0,0,0,0,0,1,0,0,0,1.5628387734598193
5389,83.23,49,123,242.6,0.02,51,0,0,0,0,0,1,0,2,0,2.1213184861546748
5390,83.25,50,122,235.7,0.02,50,0,0,0,0,0,1,2,2,0,1.7621123209811789
5391,83.27,49,146,238.2,0.02,51,0,0,0,0,0,1,2,0,1,1.6607634774740188
5392,83.29,49,123,242.6,0.02,51,0,0,0,0,0,1,0,0,0,1.7006684791034057
5393,83.3,29,91,126.8,0.02,29,0,0,0,1,1,0,4,1,1,1.5324779617781503
5394,83.32,49,127,240.1,0.02,51,0,0,0,0,0,1,2,0,1,1.877519471104599
5395,83.34,49,123,242.6,0.02,51,0,0,0,0,0,1,0,0,0,1.4530560097605356
5396,83.36,49,129,241.0,0.02,51,0,0,0,0,0,1,1,1,0,1.9678258667423507
5397,83.38,49,127,241.2,0.02,51,0,0,0,0,0,1,1,0,0,1.939430243299066
5398,83.4,49,140,239.8,0.02,51,0,0,0,0,0,1,1,0,1,1.9336918155500915
5399,83.43,49,139,241.0,0.02,51,0,0,0,0,0,1,0,0,0,1.81800956792097
5400,83.45,32,114,141.5,0.02,32,0,0,0,1,1,0,2,2,1,1.647576868213651
5401,83.45,13,30,57.0,0.02,13,0,0,0,1,1,0,0,1,0,2.49817853646089
5402,83.47,49,127,242.2,0.02,51,0,0,0,0,0,1,0,0,0,1.5718013409008338
5403,83.49,49,146,240.2,0.02,51,0,0,0,0,0,1,0,0,1,1.761566260289463
5404,83.51,25,76,109.1,0.02,25,0,0,0,1,1,0,3,1,3,1.7936122395113128
5405,83.53,49,157,237.1,0.02,51,0,0,0,0,0,1,2,1,1,1.7878035458374613
5406,83.55,49,138,239.1,0.02,51,0,0,0,0,0,1,2,0,0,1.9254666199471133
5407,83.57,49,128,242.1,0.02,51,0,0,0,0,0,1,0,0,0,1.6414911704114339
5408,83.59,49,138,240.0,0.02,51,0,0,0,0,0,1,1,1,1,1.533397568452255
5409,83.62,44,170,196.8,0.02,44,0,0,0,1,1,0,1,1,2,1.7861283577890907
5410,83.65,49,198,234.1,0.02,51,0,0,0,0,0,1,1,1,0,1.4725417106500676
5411,83.67,49,131,241.7,0.02,51,0,0,0,0,0,1,0,0,1,1.9329807222482984
5412,83.7,49,151,239.8,0.02,51,0,0,0,0,0,1,0,0,0,1.8259526041798302
5413,83.72,49,122,241.7,0.02,51,0,0,0,0,0,1,1,0,0,1.695102424802409
5414,83.74,49,148,239.1,0.02,51,0,0,0,0,0,1,1,0,0,1.6067994671733952
5415,83.76,49,138,241.0,0.02,51,0,0,0,0,0,1,0,2,1,1.9284022153378264
5416,83.78,49,129,242.0,0.02,51,0,0,0,0,0,1,0,0,0,1.734602388693812
5417,83.8,49,134,238.5,0.02,51,0,0,0,0,0,1,3,1,0,1.7623084768073782
5418,83.82,49,139,241.0,0.02,51,0,0,0,0,0,1,0,0,0,1.8771588633406786
5419,83.85,49,146,239.1,0.02,51,0,0,0,0,0,1,1,0,2,1.7685890855835096
5420,83.87,49,132,241.6,0.02,51,0,0,0,0,0,1,0,0,1,1.7907277035858695
5421,83.88,49,113,243.5,0.02,51,0,0,0,0,0,1,0,1,1,1.7457568728307085
5422,83.9,49,122,240.5,0.02,51,0,0,0,0,0,1,2,0,2,1.8218316559351555
5423,83.91,17,41,72.9,0.02,17,0,0,0,1,1,0,3,1,0,1.933727959141114
5424,83.93,49,121,242.8,0.02,51,0,0,0,0,0,1,0,0,0,2.119217437392794
5425,83.95,49,135,241.3,0.02,51,0,0,0,0,0,1,0,0,1,1.5409628044756842
5426,83.97,49,132,239.6,0.02,51,0,0,0,0,0,1,2,0,1,1.5632743694031825
5427,84.0,49,139,241.0,0.02,51,0,0,0,0,0,1,0,0,0,1.8146853640726017
5428,84.02,49,141,240.8,0.02,51,0,0,0,0,0,1,0,2,0,1.5495057514059658
5429,84.04,49,126,242.2,0.02,51,0,0,0,0,0,1,0,0,1,1.534743524459438
5430,84.06,49,141,239.7,0.02,51,0,0,0,0,0,1,1,0,1,1.5805146998451949
5431,84.06,6,15,21.5,0.02,6,0,0,0,1,1,0,2,1,0,2.8587353673473643
5432,84.08,49,133,240.6,0.02,51,0,0,0,0,0,1,1,0,0,1.7832335102677637
5433,84.11,49,144,239.5,0.02,51,0,0,0,0,0,1,1,0,0,1.4260981311793737
5434,84.13,49,128,242.1,0.02,51,0,0,0,0,0,1,0,1,0,1.8321317503938266
5435,84.15,49,128,240.1,0.02,51,0,0,0,0,0,1,2,1,0,1.5984539420773052
5436,84.17,44,138,194.0,0.02,44,0,0,0,1,1,0,7,1,2,1.753597144477895
5437,84.19,49,140,240.9,0.02,51,0,0,0,0,0,1,0,0,0,1.4760789720958374
5438,84.21,49,111,243.8,0.02,51,0,0,0,0,0,1,0,0,0,1.484227491778144
5439,84.23,49,139,240.0,0.02,51,0,0,0,0,0,1,1,1,0,1.7654962010682773
5440,84.25,49,128,241.1,0.02,51,0,0,0,0,0,1,1,0,0,1.899102290859437
5441,84.27,49,136,239.3,0.02,51,0,0,0,0,0,1,2,0,0,1.610421385503856
5442,84.3,49,144,240.3,0.02,51,0,0,0,0,0,1,0,0,2,1.5897207503619943
5443,84.32,49,126,241.3,0.02,51,0,0,0,0,0,1,1,0,0,1.7335656078292492
5444,84.34,49,143,239.5,0.02,51,0,0,0,0,0,1,1,1,1,1.5485398159807717
5445,84.36,49,121,241.6,0.02,51,0,0,0,0,0,1,1,1,2,1.716497100985337
5446,84.38,49,144,240.5,0.02,51,0,0,0,0,0,1,0,0,0,1.6354060768322114
5447,84.41,49,142,238.6,0.02,51,0,0,0,0,0,1,2,0,1,1.6560848916714634
5448,84.43,49,143,220.6,0.02,49,0,0,0,1,1,0,5,1,1,1.750113300902035
5449,84.45,49,123,240.6,0.02,51,0,0,0,0,0,1,2,0,0,1.515557181296867
5450,84.47,49,124,242.5,0.02,51,0,0,0,0,0,1,0,1,0,1.7935084467252638
5451,84.49,49,141,237.8,0.02,51,0,0,0,0,0,1,3,1,0,1.4962277014171768
5452,84.51,49,134,240.3,0.02,51,0,0,0,0,0,1,1,0,2,1.5124864203802229
5453,84.53,49,125,242.4,0.02,51,0,0,0,0,0,1,0,0,0,1.714618499590046
5454,84.55,49,139,239.9,0.02,51,0,0,0,0,0,1,1,0,1,1.7970270000574913
5455,84.56,2,15,0.5,0.02,2,0,0,0,1,1,0,3,1,0,2.9448609894573794
5456,84.56,4,14,11.3,0.02,4,0,0,0,1,1,0,2,1,3,3.2564590550975794
5457,84.58,49,145,238.4,0.02,51,0,0,0,0,0,1,2,0,0,1.606886688260146
5458,84.6,49,119,243.0,0.02,51,0,0,0,0,0,1,0,0,0,1.5873165134136287
5459,84.62,49,127,241.2,0.02,51,0,0,0,0,0,1,1,0,0,1.633850119098431
5460,84.64,49,140,239.9,0.02,51,0,0,0,0,0,1,1,0,0,1.7608039697326718
5461,84.66,49,131,241.6,0.02,51,0,0,0,0,0,1,0,0,2,1.676373830145571
5462,84.69,49,146,240.3,0.02,51,0,0,0,0,0,1,0,1,0,1.9469587927453968
5463,84.7,27,59,124.1,0.02,27,0,0,0,1,1,0,0,1,0,1.945441499728815
5464,84.72,49,145,240.4,0.02,51,0,0,0,0,0,1,0,0,0,1.6811433684158357
5465,84.74,49,141,239.8,0.02,51,0,0,0,0,0,1,1,0,0,1.5267823787269967
5466,84.76,49,123,241.6,0.02,51,0,0,0,0,0,1,1,0,0,1.8781423287788324
5467,84.79,49,146,238.3,0.02,51,0,0,0,0,0,1,2,1,0,1.7084817206420777
5468,84.81,49,148,237.9,0.02,51,0,0,0,0,0,1,2,2,2,1.860990073084103
5469,84.83,49,134,239.5,0.02,51,0,0,0,0,0,1,2,0,0,1.6372666272225063
5470,84.85,49,135,241.4,0.02,51,0,0,0,0,0,1,0,0,0,1.5369564768343653
5471,84.87,49,138,238.1,0.02,51,0,0,0,0,0,1,3,0,0,1.6066411591440077
5472,84.89,49,132,238.5,0.02,51,0,0,0,0,0,1,3,0,2,1.7532117685584265
5473,84.91,49,134,240.3,0.02,51,0,0,0,0,0,1,1,0,2,1.5098805346326087
5474,84.94,49,142,240.7,0.02,51,0,0,0,0,0,1,0,0,0,1.4964830764893122
5475,84.96,49,142,240.6,0.02,51,0,0,0,0,0,1,0,0,1,1.5589424300387624
5476,84.98,49,137,241.2,0.02,51,0,0,0,0,0,1,0,0,0,1.5860826188404744
5477,85.0,49,134,241.5,0.02,51,0,0,0,0,0,1,0,3,0,1.6941481183553304
5478,85.02,49,158,236.9,0.02,51,0,0,0,0,0,1,2,0,2,1.5676992026505083
5479,85.05,49,136,240.3,0.02,51,0,0,0,0,0,1,1,0,0,1.7550305478054478
5480,85.07,49,136,240.2,0.02,51,0,0,0,0,0,1,1,0,1,1.5477176761735565
5481,85.09,49,143,238.6,0.02,51,0,0,0,0,0,1,2,0,0,1.6060359858822342
5482,85.11,49,141,240.5,0.02,51,0,0,0,0,0,1,0,0,3,1.6154037726147366
5483,85.12,20,43,90.6,0.02,20,0,0,0,1,1,0,0,1,1,1.9597629201515514
5484,85.14,49,129,242.0,0.02,51,0,0,0,0,0,1,0,1,0,1.5812536462196678
5485,85.16,49,130,240.9,0.02,51,0,0,0,0,0,1,1,0,0,1.7274942641284765
5486,85.18,49,118,243.0,0.02,51,0,0,0,0,0,1,0,0,1,1.6282494236933902
5487,85.2,47,110,224.0,0.02,48,0,0,0,1,1,0,0,1,0,1.672030541881981
5488,85.22,49,166,238.2,0.02,51,0,0,0,0,0,1,0,0,1,1.792604401769594
5489,85.24,49,127,238.1,0.02,51,0,0,0,0,0,1,4,1,1,1.548578476516444
5490,85.26,49,132,241.6,0.02,51,0,0,0,0,0,1,0,0,1,1.6495819863008592
5491,85.29,49,127,241.1,0.02,51,0,0,0,0,0,1,1,0,1,1.8354339640854618
5492,85.3,45,89,211.1,0.02,45,0,0,0,1,1,0,0,1,0,1.9985868382998067
5493,85.32,49,137,240.1,0.02,51,0,0,0,0,0,1,1,0,1,1.729907259584039
5494,85.33,1,39,-7.9,0.02,1,0,0,0,1,1,0,4,1,0,2.744064056994088
5495,85.33,8,18,30.1,0.02,8,0,0,0,1,1,0,3,1,1,3.0260360648460223
5496,85.35,36,81,165.8,0.02,36,0,0,0,1,1,0,1,1,1,1.7434317634473375
5497,85.37,49,141,240.7,0.02,51,0,0,0,0,0,1,0,0,1,1.8700921460739508
5498,85.39,49,142,239.7,0.02,51,0,0,0,0,0,1,1,1,0,1.5957108752312719
5499,85.41,49,135,240.3,0.02,51,0,0,0,0,0,1,1,0,1,1.9089732845315586
5500,85.43,49,127,241.2,0.02,51,0,0,0,0,0,1,1,1,0,1.6541531414111361
5501,85.45,49,156,237.2,0.02,51,0,0,0,0,0,1,2,0,1,1.5606607386641453
5502,85.48,49,146,240.3,0.02,51,0,0,0,0,0,1,0,0,0,1.5855874070231195
5503,85.5,49,125,241.3,0.02,51,0,0,0,0,0,1,1,0,1,1.6397045510071873
5504,85.52,49,132,241.5,0.02,51,0,0,0,0,0,1,0,1,2,1.7960983133862989
5505,85.54,49,164,217.2,0.02,49,0,0,0,1,1,0,6,1,4,1.584393567206576
5506,85.56,49,121,242.8,0.02,51,0,0,0,0,0,1,0,0,0,1.6298382525536068
5507,85.58,49,132,239.7,0.02,51,0,0,0,0,0,1,2,1,0,1.5612435260751936
5508,85.6,49,108,242.9,0.02,51,0,0,0,0,0,1,1,0,2,2.0418889680495598
5509,85.62,49,131,241.7,0.02,51,0,0,0,0,0,1,0,0,1,1.4925595265880514
5510,85.62,9,20,43.0,0.02,10,0,0,0,1,1,0,0,1,0,2.033683596002137
5511,85.64,49,127,242.2,0.02,51,0,0,0,0,0,1,0,0,0,1.8500250273694943
5512,85.67,49,144,240.5,0.02,51,0,0,0,0,0,1,0,1,0,1.6599536068142386
5513,85.69,49,141,240.7,0.02,51,0,0,0,0,0,1,0,1,1,1.6482664747604951
5514,85.71,49,137,240.1,0.02,51,0,0,0,0,0,1,1,0,1,1.8993119841785124
5515,85.73,42,92,195.8,0.02,42,0,0,0,1,1,0,0,2,0,1.7349864427748103
5516,85.75,49,137,240.9,0.02,51,0,0,0,0,0,1,0,1,3,1.7894293583565706
5517,85.77,49,138,241.1,0.02,51,0,0,0,0,0,1,0,1,0,1.5562509540052951
5518,85.79,49,133,241.6,0.02,51,0,0,0,0,0,1,0,0,0,1.774744483646993
5519,85.82,49,174,235.4,0.02,51,0,0,0,0,0,1,2,1,1,1.7439123041084135
5520,85.84,49,122,239.7,0.02,51,0,0,0,0,0,1,3,0,0,1.7311224386187243
5521,85.85,16,78,63.1,0.02,16,0,0,0,1,1,0,4,1,1,1.6862803209628874
5522,85.88,49,148,239.9,0.02,51,0,0,0,0,0,1,0,1,2,1.602709051165741
5523,85.9,49,136,240.2,0.02,51,0,0,0,0,0,1,1,2,1,1.7396299792444252
5524,85.92,49,129,240.9,0.02,51,0,0,0,0,0,1,1,1,1,1.6172999347475199
5525,85.94,49,123,240.6,0.02,51,0,0,0,0,0,1,2,0,0,1.9556048439405422
5526,85.94,5,19,15.1,0.02,5,0,0,0,1,1,0,3,1,0,2.898314545824103
5527,85.96,49,126,241.3,0.02,51,0,0,0,0,0,1,1,0,0,1.475091798482717
5528,85.98,49,133,240.5,0.02,51,0,0,0,0,0,1,1,0,1,1.5774256177174502
5529,85.99,12,35,48.5,0.02,12,0,0,0,1,1,0,3,1,0,2.598731781434622
5530,86.01,49,122,239.6,0.02,51,0,0,0,0,0,1,3,1,1,1.8705270662577531
5531,86.03,49,124,241.5,0.02,51,0,0,0,0,0,1,1,0,0,1.9288824641073856
5532,86.03,7,40,20.8,0.02,7,0,0,0,1,1,0,5,1,2,2.128023217101004
5533,86.04,2,16,0.3,0.02,2,0,0,0,1,1,0,3,1,1,2.564057066622126
5534,86.05,19,54,81.7,0.02,19,0,0,0,1,1,0,2,1,9,2.0611889820126685
5535,86.07,49,128,242.0,0.02,51,0,0,0,0,0,1,0,0,1,1.930496389310185
5536,86.09,49,159,219.1,0.02,49,0,0,0,1,1,0,5,3,0,1.6293943298726365
5537,86.11,49,125,240.1,0.02,51,0,0,0,0,0,1,2,1,3,1.7885722177892753
5538,86.14,49,145,240.4,0.02,51,0,0,0,0,0,1,0,0,0,1.8279178356030084
5539,86.16,49,130,240.9,0.02,51,0,0,0,0,0,1,1,0,0,1.699432925046646
5540,86.18,50,138,233.1,0.02,50,0,0,0,0,0,1,3,1,0,1.5215654224175037
5541,86.2,49,133,239.6,0.02,51,0,0,0,0,0,1,2,0,0,1.8559581801237335
5542,86.22,49,146,239.2,0.02,51,0,0,0,0,0,1,1,0,1,1.5334412690883008
5543,86.24,49,144,240.5,0.02,51,0,0,0,0,0,1,0,0,0,1.4603905001330204
5544,86.27,49,158,239.1,0.02,51,0,0,0,0,0,1,0,0,0,1.473696917849389
5545,86.29,49,147,240.2,0.02,51,0,0,0,0,0,1,0,0,0,1.6718435546771557
5546,86.31,49,130,240.9,0.02,51,0,0,0,0,0,1,1,0,0,1.6202981415443736
5547,86.33,49,153,239.4,0.02,51,0,0,0,0,0,1,0,2,2,1.6685688420601197
5548,86.35,49,125,241.4,0.02,51,0,0,0,0,0,1,1,1,0,1.7686924839800138
5549,86.37,49,133,239.6,0.02,51,0,0,0,0,0,1,2,0,0,1.6680586573896556
5550,86.4,49,128,241.1,0.02,51,0,0,0,0,0,1,1,0,0,1.5158553643838506
5551,86.41,41,108,188.1,0.02,41,0,0,0,1,1,0,1,2,1,1.924371695255002
5552,86.44,49,149,237.0,0.02,51,0,0,0,0,0,1,3,1,0,1.5322803686944693
5553,86.46,49,133,241.5,0.02,51,0,0,0,0,0,1,0,0,1,1.7864248355580585
5554,86.48,49,142,239.7,0.02,51,0,0,0,0,0,1,1,0,0,1.5617216107172034
5555,86.5,49,136,241.3,0.02,51,0,0,0,0,0,1,0,0,0,1.5526926332164988
5556,86.52,49,136,239.2,0.02,51,0,0,0,0,0,1,2,0,1,1.6117024931001247
5557,86.54,49,133,241.6,0.02,51,0,0,0,0,0,1,0,0,0,1.6899596332693416
5558,86.55,10,32,39.6,0.02,10,0,0,0,1,1,0,2,2,2,2.075211833587463
5559,86.58,49,176,235.9,0.02,51,0,0,0,0,0,1,1,1,4,1.6460135830976608
5560,86.59,49,118,243.1,0.02,51,0,0,0,0,0,1,0,0,0,1.5653240651205504
5561,86.61,49,114,243.5,0.02,51,0,0,0,0,0,1,0,0,0,1.744760269946273
5562,86.63,49,136,241.2,0.02,51,0,0,0,0,0,1,0,0,1,1.6505986433588387
5563,86.65,49,119,242.0,0.02,51,0,0,0,0,0,1,1,0,0,1.6849645554905346
5564,86.68,49,154,239.4,0.02,51,0,0,0,0,0,1,0,0,1,1.5566481250048627
5565,86.7,49,132,241.7,0.02,51,0,0,0,0,0,1,0,0,0,1.5735914525145955
5566,86.72,49,144,240.5,0.02,51,0,0,0,0,0,1,0,0,0,1.6050001002398895
5567,86.74,49,153,238.6,0.02,51,0,0,0,0,0,1,1,1,0,1.6255628500827202
5568,86.77,49,121,242.8,0.02,51,0,0,0,0,0,1,0,0,0,1.6634721396307435
5569,86.78,33,72,151.8,0.02,33,0,0,0,1,1,0,1,1,0,1.8044340598641737
5570,86.8,49,145,239.3,0.02,51,0,0,0,0,0,1,1,0,1,1.6288131299422353
5571,86.82,49,146,240.3,0.02,51,0,0,0,0,0,1,0,0,0,1.673386515714296
5572,86.84,49,139,239.9,0.02,51,0,0,0,0,0,1,1,0,1,1.5105610689856672
5573,86.87,49,152,239.7,0.02,51,0,0,0,0,0,1,0,1,0,1.5489839805216683
5574,86.89,49,154,238.5,0.02,51,0,0,0,0,0,1,1,0,0,1.4658387150719117
5575,86.91,49,132,240.5,0.02,51,0,0,0,0,0,1,1,2,2,1.8261545628235643
5576,86.93,49,145,239.4,0.02,51,0,0,0,0,0,1,1,0,0,1.762631981859919
5577,86.93,3,6,8.4,0.02,3,0,0,0,1,1,0,1,1,0,5.30177402817238
5578,86.96,49,147,240.2,0.02,51,0,0,0,0,0,1,0,1,0,1.630231779334239
5579,86.98,50,148,232.3,0.02,50,0,0,0,0,0,1,2,1,8,1.5008130660676209
5580,87.0,49,133,239.6,0.02,51,0,0,0,0,0,1,2,0,0,1.6955825303100962
5581,87.02,49,136,241.2,0.02,51,0,0,0,0,0,1,0,0,1,1.611827897463239
5582,87.04,49,120,242.9,0.02,51,0,0,0,0,0,1,0,0,0,1.6574909491857355
5583,87.06,49,139,240.0,0.02,51,0,0,0,0,0,1,1,0,0,1.4861416059763932
5584,87.08,49,130,240.8,0.02,51,0,0,0,0,0,1,1,0,1,1.7387758133957216
5585,87.1,49,128,241.1,0.02,51,0,0,0,0,0,1,1,0,0,1.8595214793369572
5586,87.12,49,120,242.9,0.02,51,0,0,0,0,0,1,0,0,0,1.6237635973043572
5587,87.14,49,123,241.5,0.02,51,0,0,0,0,0,1,1,1,1,1.727918629760912
5588,87.16,49,165,238.4,0.02,51,0,0,0,0,0,1,0,0,0,1.6097091424797871
5589,87.18,49,125,241.4,0.02,51,0,0,0,0,0,1,1,1,0,1.7996056688152708
5590,87.19,23,60,107.9,0.02,24,0,0,0,1,1,0,1,1,1,1.4344861582100419
5591,87.21,49,135,241.3,0.02,51,0,0,0,0,0,1,0,0,1,1.7649469139086222
5592,87.22,28,75,127.4,0.02,28,0,0,0,1,1,0,0,1,1,1.9731322308658101
5593,87.25,49,145,238.3,0.02,51,0,0,0,0,0,1,2,1,1,1.5699419593244488
5594,87.27,49,126,240.3,0.02,51,0,0,0,0,0,1,2,0,0,1.612094120146216
5595,87.29,49,133,241.6,0.02,51,0,0,0,0,0,1,0,1,0,1.6332653994829682
5596,87.31,49,136,239.3,0.02,51,0,0,0,0,0,1,2,1,0,1.7702188993513872
5597,87.33,49,129,242.0,0.02,51,0,0,0,0,0,1,0,0,0,1.5323455226046219
5598,87.34,49,118,243.0,0.02,51,0,0,0,0,0,1,0,0,1,1.8173866011077284
5599,87.36,49,127,242.2,0.02,51,0,0,0,0,0,1,0,0,0,1.5296933102890828
5600,87.39,49,150,239.9,0.02,51,0,0,0,0,0,1,0,0,0,1.5433535983752267
5601,87.39,10,25,39.5,0.02,10,0,0,0,1,1,0,3,1,0,2.29421207718683
5602,87.41,49,132,241.6,0.02,51,0,0,0,0,0,1,0,0,1,1.6242572936794109
5603,87.43,49,159,238.0,0.02,51,0,0,0,0,0,1,1,0,0,1.301604171067512
5604,87.45,49,129,241.8,0.02,51,0,0,0,0,0,1,0,0,2,1.6157859776393033
5605,87.47,49,132,240.7,0.02,51,0,0,0,0,0,1,1,0,0,1.6538063698351988
5606,87.49,33,81,150.8,0.02,33,0,0,0,1,1,0,1,1,1,1.5700452603918222
5607,87.51,49,131,241.8,0.02,51,0,0,0,0,0,1,0,0,0,1.7140651156845432
5608,87.53,49,142,237.6,0.02,51,0,0,0,0,0,1,3,1,1,1.629010669533893
5609,87.53,8,17,33.3,0.02,8,0,0,0,1,1,0,0,1,0,2.2818644298372437
5610,87.56,49,167,236.7,0.02,51,0,0,0,0,0,1,1,1,5,1.6600242746601523
5611,87.58,49,124,242.4,0.02,51,0,0,0,0,0,1,0,0,1,1.7194127622436848
5612,87.6,49,144,238.5,0.02,51,0,0,0,0,0,1,2,0,0,1.659988234978541
5613,87.62,49,132,240.7,0.02,51,0,0,0,0,0,1,1,0,0,1.6222852381194452
5614,87.64,49,125,241.4,0.02,51,0,0,0,0,0,1,1,0,0,1.7477296241686826
5615,87.66,49,139,240.9,0.02,51,0,0,0,0,0,1,0,2,1,1.6408372038504366
5616,87.68,49,153,238.3,0.02,51,0,0,0,0,0,1,1,0,3,1.7840332820936693
5617,87.7,49,129,240.9,0.02,51,0,0,0,0,0,1,1,0,1,1.6446432782276181
5618,87.73,49,131,241.7,0.02,51,0,0,0,0,0,1,0,0,1,1.5669605553424493
5619,87.74,44,117,201.3,0.02,44,0,0,0,1,1,0,2,1,0,1.5641413828334305
5620,87.76,49,135,239.3,0.02,51,0,0,0,0,0,1,2,0,1,1.4960706042539436
5621,87.78,49,124,242.4,0.02,51,0,0,0,0,0,1,0,0,1,1.7110477859842013
5622,87.8,38,86,176.3,0.02,38,0,0,0,1,1,0,0,1,1,1.6569231663859205
5623,87.81,49,109,244.0,0.02,51,0,0,0,0,0,1,0,1,0,1.9025469003248043
5624,87.84,49,132,241.6,0.02,51,0,0,0,0,0,1,0,0,1,1.7505017515599088
5625,87.86,50,145,232.4,0.02,50,0,0,0,0,0,1,3,1,0,1.483640732783293
5626,87.88,49,134,241.4,0.02,51,0,0,0,0,0,1,0,0,1,1.5726512221976063
5627,87.9,49,147,240.0,0.02,51,0,0,0,0,0,1,0,1,2,1.7683618644393981
5628,87.9,4,9,14.1,0.02,4,0,0,0,1,1,0,0,1,0,3.235473550291201
5629,87.92,49,115,243.4,0.02,51,0,0,0,0,0,1,0,0,0,1.7170130031168809
5630,87.94,49,128,240.0,0.02,51,0,0,0,0,0,1,2,0,1,1.9063326012470299
5631,87.96,49,148,239.9,0.02,51,0,0,0,0,0,1,0,1,2,1.7642579701014447
5632,87.98,36,86,165.4,0.02,36,0,0,0,1,1,0,1,2,0,1.6184723158178456
5633,88.0,49,124,239.3,0.02,51,0,0,0,0,0,1,3,0,2,1.7684822413260068
5634,88.02,49,133,241.6,0.02,51,0,0,0,0,0,1,0,0,0,1.7535505156211084
5635,88.04,47,134,216.5,0.02,47,0,0,0,1,1,0,0,1,1,1.434095799373353
5636,88.05,25,60,111.0,0.02,25,0,0,0,1,1,0,3,1,0,1.4455689553439877
5637,88.07,49,123,241.6,0.02,51,0,0,0,0,0,1,1,0,0,1.6656275657051263
5638,88.09,49,135,241.4,0.02,51,0,0,0,0,0,1,0,0,0,1.7108093939887805
5639,88.11,49,132,240.7,0.02,51,0,0,0,0,0,1,1,2,0,1.6664977523979057
5640,88.13,49,129,240.9,0.02,51,0,0,0,0,0,1,1,0,1,1.6204215487701963
5641,88.13,7,15,25.5,0.02,7,0,0,0,1,1,0,3,1,0,3.03790170163252
5642,88.15,49,119,242.0,0.02,51,0,0,0,0,0,1,1,0,0,1.7547990876533988
5643,88.17,49,128,242.1,0.02,51,0,0,0,0,0,1,0,1,0,1.6663982686879737
5644,88.19,50,133,230.7,0.02,50,0,0,0,1,1,0,1,2,0,1.5118859862530476
5645,88.21,49,115,243.4,0.02,51,0,0,0,0,0,1,0,0,0,1.5965342782802823
5646,88.23,49,121,242.8,0.02,51,0,0,0,0,0,1,0,0,0,1.8001867211228602
5647,88.25,49,148,240.0,0.02,51,0,0,0,0,0,1,0,2,1,1.6963121980062794
5648,88.27,49,117,243.2,0.02,51,0,0,0,0,0,1,0,1,0,1.6850511039093077
5649,88.29,49,150,239.9,0.02,51,0,0,0,0,0,1,0,1,0,1.7088759944537277
5650,88.32,49,151,239.8,0.02,51,0,0,0,0,0,1,0,2,0,1.5928541149992725
5651,88.34,45,179,197.7,0.02,45,0,0,0,1,1,0,4,2,4,1.531683755332087
5652,88.35,12,45,47.3,0.02,12,0,0,0,1,1,0,3,1,2,1.643051632331628
5653,88.37,49,132,226.8,0.02,49,0,0,0,1,1,0,0,2,0,1.4863316050446378
5654,88.39,37,78,172.0,0.02,37,0,0,0,1,1,0,0,1,2,2.038263880338403
5655,88.39,9,38,33.1,0.02,9,0,0,0,1,1,0,3,1,1,1.919309926611674
5656,88.41,30,103,126.1,0.02,30,0,0,0,1,1,0,8,1,6,1.8446753528139603
5657,88.43,44,144,197.4,0.02,44,0,0,0,1,1,0,3,2,2,1.7901792644331396
5658,88.44,25,59,111.8,0.02,25,0,0,0,1,1,0,2,1,3,1.8607775830567472
5659,88.46,32,80,144.5,0.02,32,0,0,0,1,1,0,2,2,5,2.0205444860373367
5660,88.47,20,65,85.4,0.02,20,0,0,0,1,1,0,3,2,1,1.8506175969743617
5661,88.48,31,81,138.8,0.02,31,0,0,0,1,1,0,3,2,1,1.7496234679171976
5662,88.49,16,69,59.6,0.02,16,0,0,0,1,1,0,8,2,5,1.7852744809142171
5663,88.5,0,19,-10.1,0.02,0,0,0,0,1,1,0,3,1,2,2.1828940208828156
5664,88.51,19,56,79.3,0.02,19,0,0,0,1,1,0,5,1,1,1.9620705535077914
5665,88.51,6,23,20.3,0.02,6,0,0,0,1,1,0,2,1,4,2.2084625777151117
5666,88.52,11,32,42.7,0.02,11,0,0,0,1,1,0,4,2,1,2.424586716112483
5667,88.54,43,161,181.9,0.02,43,0,0,0,1,1,0,12,1,0,1.432169667935581
5668,88.55,17,47,70.3,0.02,17,0,0,0,1,1,0,5,1,0,1.867505771611245
5669,88.56,25,67,108.6,0.02,25,0,0,0,1,1,0,4,1,7,1.9788583118158696
5670,88.57,1,26,-6.7,0.02,1,0,0,0,1,1,0,4,1,1,2.1918889667369634
5671,88.58,18,69,75.0,0.02,18,0,0,0,1,1,0,3,1,1,1.7414962212243101
5672,88.58,10,27,41.2,0.02,10,0,0,0,1,1,0,1,1,1,2.035122679693459
5673,88.6,37,88,169.1,0.02,37,0,0,0,1,1,0,2,1,1,1.9220758262076123
5674,88.61,31,68,139.1,0.02,31,0,0,0,1,1,0,4,1,1,1.7755858121404677
5675,88.63,28,102,122.5,0.02,28,0,0,0,1,1,0,2,2,3,1.7149450546047023
5676,88.63,10,23,42.7,0.02,10,0,0,0,1,1,0,0,1,0,1.9661421620698474
5677,88.64,17,43,74.6,0.02,17,0,0,0,1,1,0,1,1,1,1.78303714408067
5678,88.65,23,53,101.6,0.02,23,0,0,0,1,1,0,3,1,1,1.8506362193334511
5679,88.66,4,46,6.3,0.02,4,0,0,0,1,1,0,4,1,1,1.9607285547152584
5680,88.66,3,13,5.6,0.02,3,0,0,0,1,1,0,3,1,1,2.4818799420255195
5681,88.68,42,144,185.7,0.02,42,0,0,0,1,1,0,4,3,9,1.4894431668212933
5682,88.69,22,59,100.0,0.02,23,0,0,0,1,1,0,4,1,1,2.1040969191033994
5683,88.71,49,135,240.4,0.02,51,0,0,0,0,0,1,1,1,0,1.8256347482435997
5684,88.72,9,29,33.9,0.02,9,0,0,0,1,1,0,3,1,2,2.2191716188975903
5685,88.74,49,143,239.3,0.02,51,0,0,0,0,0,1,1,0,3,2.0030621458087787
5686,88.75,23,74,99.5,0.02,23,0,0,0,1,1,0,3,1,1,2.0804318689374717
5687,88.77,49,136,241.2,0.02,51,0,0,0,0,0,1,0,1,1,1.7142512227486622
5688,88.78,17,53,71.5,0.02,17,0,0,0,1,1,0,3,1,2,1.9356030722335769
5689,88.8,49,141,240.6,0.02,51,0,0,0,0,0,1,0,0,2,1.740251492957373
5690,88.83,49,157,238.1,0.02,51,0,0,0,0,0,1,1,0,1,1.792358984428968
5691,88.85,49,129,241.0,0.02,51,0,0,0,0,0,1,1,0,0,1.8943330436986991
5692,88.87,49,128,242.1,0.02,51,0,0,0,0,0,1,0,0,0,1.5603723367665476
5693,88.88,18,41,77.9,0.02,18,0,0,0,1,1,0,3,1,0,2.479046692754801
5694,88.89,41,97,187.2,0.02,41,0,0,0,1,1,0,3,2,1,1.8070325300407684
5695,88.91,49,142,240.6,0.02,51,0,0,0,0,0,1,0,1,1,1.7776308285433358
5696,88.93,49,106,243.3,0.02,51,0,0,0,0,0,1,1,0,0,2.112950380808312
5697,88.95,49,136,240.3,0.02,51,0,0,0,0,0,1,1,0,0,1.7076656562056771
5698,88.97,37,84,167.4,0.02,37,0,0,0,1,1,0,4,1,2,1.5022330741439287
5699,88.99,50,155,231.4,0.02,50,0,0,0,0,0,1,3,1,0,1.6410125927472312
5700,89.01,49,148,239.1,0.02,51,0,0,0,0,0,1,1,0,0,1.6429422004872138
5701,89.02,18,38,78.1,0.02,18,0,0,0,1,1,0,3,1,1,2.180570651916
5702,89.04,49,125,241.4,0.02,51,0,0,0,0,0,1,1,0,0,1.7952597317859058
5703,89.04,4,16,13.4,0.02,4,0,0,0,1,1,0,0,1,0,2.698117504190375
5704,89.06,49,127,242.1,0.02,51,0,0,0,0,0,1,0,0,1,1.5551099181220782
5705,89.09,49,140,240.8,0.02,51,0,0,0,0,0,1,0,0,1,1.696570957559755
5706,89.1,36,87,163.3,0.02,36,0,0,0,1,1,0,3,1,0,1.6621200769239535
5707,89.12,49,152,237.6,0.02,51,0,0,0,0,0,1,2,0,1,1.7047994735058025
5708,89.15,49,148,239.0,0.02,51,0,0,0,0,0,1,1,1,1,1.803183122838646
5709,89.17,49,138,240.1,0.02,51,0,0,0,0,0,1,1,1,0,1.9723122097455
5710,89.19,49,119,241.0,0.02,51,0,0,0,0,0,1,2,0,0,1.8883430049353929
5711,89.21,49,139,238.8,0.02,51,0,0,0,0,0,1,2,1,2,1.6127203800077357
5712,89.23,49,139,239.0,0.02,51,0,0,0,0,0,1,2,2,0,1.7997962258389142
5713,89.25,49,128,242.1,0.02,51,0,0,0,0,0,1,0,0,0,1.5028487215113129
5714,89.27,49,147,239.2,0.02,51,0,0,0,0,0,1,1,0,0,1.621797196180509
5715,89.27,0,6,-8.7,0.02,0,0,0,0,1,1,0,3,1,1,5.7031229546879
5716,89.28,1,6,-4.6,0.02,1,0,0,0,1,1,0,4,1,0,5.2053241574305895
5717,89.28,4,19,9.1,0.02,4,0,0,0,1,1,0,4,1,0,2.3304546954494
5718,89.28,2,16,0.4,0.02,2,0,0,0,1,1,0,3,1,0,3.0427718580518337
5719,89.3,49,132,240.5,0.02,51,0,0,0,0,0,1,1,0,2,1.6984470742637763
5720,89.33,49,144,240.5,0.02,51,0,0,0,0,0,1,0,1,0,1.8822225021371706
5721,89.35,49,130,241.9,0.02,51,0,0,0,0,0,1,0,1,0,1.6914698061709588
5722,89.37,49,124,242.5,0.02,51,0,0,0,0,0,1,0,0,0,1.8589328793633537
5723,89.39,49,128,241.1,0.02,51,0,0,0,0,0,1,1,0,0,1.879243258640146
5724,89.41,49,140,239.9,0.02,51,0,0,0,0,0,1,1,0,0,1.515198213102852
5725,89.43,49,138,240.1,0.02,51,0,0,0,0,0,1,1,1,0,1.5822000062494357
5726,89.45,49,134,240.5,0.02,51,0,0,0,0,0,1,1,0,0,1.6980835074528329
5727,89.47,38,89,176.1,0.02,38,0,0,0,1,1,0,0,1,0,1.7123091395329235
5728,89.49,49,149,239.9,0.02,51,0,0,0,0,0,1,0,2,1,1.6120900697440974
5729,89.51,49,116,241.3,0.02,51,0,0,0,0,0,1,2,0,0,1.8379699536725065
5730,89.53,49,145,240.3,0.02,51,0,0,0,0,0,1,0,1,1,1.589023128506801
5731,89.55,49,140,240.7,0.02,51,0,0,0,0,0,1,0,0,2,1.5288424496728306
5732,89.57,49,136,241.3,0.02,51,0,0,0,0,0,1,0,0,0,1.5536006683950712
5733,89.6,49,149,235.0,0.02,51,0,0,0,0,0,1,5,0,0,1.8590979470097337
5734,89.6,4,14,11.4,0.02,4,0,0,0,1,1,0,2,1,2,3.160487552762525
5735,89.62,49,145,239.4,0.02,51,0,0,0,0,0,1,1,1,0,1.6766063696998723
5736,89.64,49,127,238.1,0.02,51,0,0,0,0,0,1,4,1,1,1.653527868311536
5737,89.66,49,136,239.3,0.02,51,0,0,0,0,0,1,2,0,0,1.589779730482236
5738,89.68,49,135,241.4,0.02,51,0,0,0,0,0,1,0,0,0,1.6608999056739526
5739,89.7,49,126,242.3,0.02,51,0,0,0,0,0,1,0,1,0,1.6987502065189248
5740,89.73,49,134,241.4,0.02,51,0,0,0,0,0,1,0,0,1,1.8973110325612215
5741,89.75,49,133,241.6,0.02,51,0,0,0,0,0,1,0,0,0,1.4234835879778212
5742,89.75,7,15,27.4,0.02,7,0,0,0,1,1,0,1,1,1,3.1462222922849774
5743,89.77,49,140,240.8,0.02,51,0,0,0,0,0,1,0,0,1,1.5835446906015296
5744,89.79,49,131,241.8,0.02,51,0,0,0,0,0,1,0,0,0,1.6106208505441464
5745,89.81,49,139,240.0,0.02,51,0,0,0,0,0,1,1,1,0,1.7160176432041334
5746,89.83,49,117,243.0,0.02,51,0,0,0,0,0,1,0,0,2,1.8964230782567473
5747,89.85,49,139,241.0,0.02,51,0,0,0,0,0,1,0,0,0,1.678902842311488
5748,89.88,49,140,240.8,0.02,51,0,0,0,0,0,1,0,1,1,1.7444369240784814
5749,89.9,49,134,241.5,0.02,51,0,0,0,0,0,1,0,1,0,1.549657193352774
5750,89.92,49,145,239.4,0.02,51,0,0,0,0,0,1,1,1,0,1.5466566013032785
5751,89.92,4,14,10.5,0.02,4,0,0,0,1,1,0,3,1,1,2.9088810466385553
5752,89.93,6,14,20.5,0.02,6,0,0,0,1,1,0,3,1,1,3.3023851360544367
5753,89.93,1,13,-5.9,0.02,1,0,0,0,1,1,0,4,1,6,3.0069292023454137
5754,89.93,7,30,21.7,0.02,7,0,0,0,1,1,0,5,1,3,2.1783997589325335
5755,89.94,7,22,24.7,0.02,7,0,0,0,1,1,0,3,1,1,2.2727289872881276
5756,89.94,3,12,12.6,0.02,4,0,0,0,1,1,0,1,1,2,3.297469505102491
5757,89.94,2,8,0.2,0.02,2,0,0,0,1,1,0,4,1,0,3.60119870578255
5758,89.95,12,33,48.7,0.02,12,0,0,0,1,1,0,3,1,0,2.3594361624613507
5759,89.96,20,45,88.2,0.02,20,0,0,0,1,1,0,2,1,3,2.160789934460984
5760,89.96,2,9,1.1,0.02,2,0,0,0,1,1,0,3,1,0,3.954820260958878
5761,89.96,5,26,14.3,0.02,5,0,0,0,1,1,0,3,1,1,2.784771546151732
5762,89.98,33,91,146.6,0.02,33,0,0,0,1,1,0,4,2,3,1.9740339364985133
5763,89.99,29,90,126.0,0.02,29,0,0,0,1,1,0,5,1,0,1.6848967551367442
5764,90.0,25,61,108.9,0.02,25,0,0,0,1,1,0,5,1,0,1.8873455673120234
5765,90.02,49,128,242.0,0.02,51,0,0,0,0,0,1,0,0,1,1.8725145820826021
5766,90.03,4,14,10.5,0.02,4,0,0,0,1,1,0,3,1,1,2.8861296160942445
5767,90.05,49,147,237.2,0.02,51,0,0,0,0,0,1,3,1,0,1.9450586804985488
5768,90.07,49,143,238.6,0.02,51,0,0,0,0,0,1,2,0,0,1.7436692048503386
5769,90.09,49,135,240.2,0.02,51,0,0,0,0,0,1,1,0,2,1.8195638799290723
5770,90.11,49,121,242.8,0.02,51,0,0,0,0,0,1,0,0,0,1.8852209973366298
5771,90.13,49,139,239.7,0.02,51,0,0,0,0,0,1,1,0,3,1.8437817850400888
5772,90.15,29,70,129.9,0.02,29,0,0,0,1,1,0,3,1,1,1.6561869419850042
5773,90.17,49,122,242.6,0.02,51,0,0,0,0,0,1,0,0,1,1.5107935568817799
5774,90.19,49,138,241.0,0.02,51,0,0,0,0,0,1,0,0,1,1.7362595553612128
5775,90.21,49,143,239.5,0.02,51,0,0,0,0,0,1,1,0,1,1.6238899212536972
5776,90.23,49,133,240.6,0.02,51,0,0,0,0,0,1,1,1,0,1.5922597275649402
5777,90.25,49,120,241.9,0.02,51,0,0,0,0,0,1,1,0,0,1.7152692825536127
5778,90.27,49,122,242.6,0.02,51,0,0,0,0,0,1,0,1,1,1.6292954419419343
5779,90.29,49,125,241.3,0.02,51,0,0,0,0,0,1,1,1,1,1.5618612979467446
5780,90.31,49,148,237.1,0.02,51,0,0,0,0,0,1,3,0,0,1.645380711517468
5781,90.33,49,129,242.0,0.02,51,0,0,0,0,0,1,0,0,0,1.8296375906227398
5782,90.35,49,133,241.6,0.02,51,0,0,0,0,0,1,0,0,0,1.4958559284599948
5783,90.37,49,132,241.6,0.02,51,0,0,0,0,0,1,0,0,1,1.5462853174741924
5784,90.39,27,73,122.7,0.02,27,0,0,0,1,1,0,0,1,0,1.7278687744886227
5785,90.41,50,147,226.1,0.02,50,0,0,0,1,1,0,4,1,2,1.810910827462012
5786,90.42,43,101,194.9,0.02,43,0,0,0,1,1,0,5,1,0,1.889092902767658
5787,90.45,49,135,241.4,0.02,51,0,0,0,0,0,1,0,0,0,1.7025839194322083
5788,90.46,44,98,205.1,0.02,44,0,0,0,1,1,0,0,1,1,1.6566492517592935
5789,90.47,12,48,44.9,0.02,12,0,0,0,1,1,0,5,1,3,1.9630303404626452
5790,90.48,16,49,66.9,0.02,16,0,0,0,1,1,0,3,1,2,1.815424769375083
5791,90.49,22,61,95.7,0.02,22,0,0,0,1,1,0,3,1,2,1.7708330921518889
5792,90.51,49,135,240.4,0.02,51,0,0,0,0,0,1,1,0,0,1.8527127410722357
5793,90.53,49,147,238.2,0.02,51,0,0,0,0,0,1,2,2,0,1.8345761411619157
5794,90.55,41,112,184.6,0.02,41,0,0,0,1,1,0,4,1,2,1.774086817816402
5795,90.58,44,154,180.1,0.02,44,0,0,0,1,1,0,18,2,15,1.8718414212493018
5796,90.58,14,29,61.0,0.02,14,0,0,0,1,1,0,1,1,1,2.4317718634661287
5797,90.6,49,142,240.7,0.02,51,0,0,0,0,0,1,0,0,0,1.5624839014318457
5798,90.63,49,149,238.8,0.02,51,0,0,0,0,0,1,1,0,2,1.796638855000364
5799,90.63,1,10,-4.1,0.02,1,0,0,0,1,1,0,3,1,1,3.382332651827048
5800,90.65,49,125,242.4,0.02,51,0,0,0,0,0,1,0,0,0,1.7565778329602124
5801,90.65,3,12,11.6,0.02,4,0,0,0,1,1,0,2,1,2,2.729349552275565
5802,90.67,49,119,242.9,0.02,51,0,0,0,0,0,1,0,0,1,1.6536499101077653
5803,90.69,49,126,242.2,0.02,51,0,0,0,0,0,1,0,0,1,1.7062722640217896
5804,90.71,17,76,70.4,0.02,17,0,0,0,1,1,0,2,2,0,1.7982067063766995
5805,90.71,8,23,37.6,0.02,9,0,0,0,1,1,0,0,1,1,2.5305669820616252
5806,90.73,49,146,240.2,0.02,51,0,0,0,0,0,1,0,0,1,1.5812386072640277
5807,90.76,50,160,230.8,0.02,50,0,0,0,0,0,1,3,1,1,1.6248317469523044
5808,90.78,49,137,240.2,0.02,51,0,0,0,0,0,1,1,1,0,1.7867912971026656
5809,90.8,49,122,240.6,0.02,51,0,0,0,0,0,1,2,0,1,1.9284461894759926
5810,90.83,49,131,241.8,0.02,51,0,0,0,0,0,1,0,0,0,1.5960015326868933
5811,90.85,49,151,238.6,0.02,51,0,0,0,0,0,1,1,1,2,1.7619090075950925
5812,90.87,49,140,239.8,0.02,51,0,0,0,0,0,1,1,0,1,1.4530340906836228
5813,90.9,49,147,240.2,0.02,51,0,0,0,0,0,1,0,0,0,1.5726017592907828
5814,90.92,49,130,241.9,0.02,51,0,0,0,0,0,1,0,1,0,1.560943199999018
5815,90.94,49,142,239.7,0.02,51,0,0,0,0,0,1,1,1,0,1.53624113357595
5816,90.96,49,129,240.9,0.02,51,0,0,0,0,0,1,1,0,1,1.5793396864193239
5817,90.98,49,134,241.5,0.02,51,0,0,0,0,0,1,0,0,0,1.8212205673219013
5818,91.0,49,118,242.1,0.02,51,0,0,0,0,0,1,1,0,0,1.6153270352445357
5819,91.02,49,135,241.3,0.02,51,0,0,0,0,0,1,0,0,1,1.5953497604600235
5820,91.04,49,132,240.7,0.02,51,0,0,0,0,0,1,1,0,0,1.3970835296424473
5821,91.06,49,135,241.3,0.02,51,0,0,0,0,0,1,0,1,1,1.767599746480121
5822,91.08,49,120,242.9,0.02,51,0,0,0,0,0,1,0,1,0,1.7092675864614073
5823,91.1,49,134,240.5,0.02,51,0,0,0,0,0,1,1,0,0,1.6193725257498643
5824,91.12,49,126,242.1,0.02,51,0,0,0,0,0,1,0,0,2,1.6916445166067153
5825,91.13,10,18,43.1,0.02,10,0,0,0,1,1,0,0,1,1,2.801578284827537
5826,91.15,49,135,240.4,0.02,51,0,0,0,0,0,1,1,0,0,1.7062760748878985
5827,91.17,49,140,238.9,0.02,51,0,0,0,0,0,1,2,1,0,1.6404939526754776
5828,91.19,49,128,242.0,0.02,51,0,0,0,0,0,1,0,0,1,1.7604928716080985
5829,91.21,41,89,190.1,0.02,41,0,0,0,1,1,0,1,1,0,1.5591794228668052
5830,91.23,49,124,242.5,0.02,51,0,0,0,0,0,1,0,1,0,1.5768482055082034
5831,91.25,49,154,238.5,0.02,51,0,0,0,0,0,1,1,2,0,1.7586050772679358
5832,91.27,49,132,240.5,0.02,51,0,0,0,0,0,1,1,0,2,1.4701291146625246
5833,91.29,49,125,242.4,0.02,51,0,0,0,0,0,1,0,0,0,1.7192427795354952
5834,91.31,45,124,206.5,0.02,45,0,0,0,1,1,0,1,1,1,1.6300376933660792
5835,91.33,49,131,241.6,0.02,51,0,0,0,0,0,1,0,0,2,1.7996539248037493
5836,91.36,49,151,239.7,0.02,51,0,0,0,0,0,1,0,0,1,1.6851040632607723
5837,91.38,49,144,240.4,0.02,51,0,0,0,0,0,1,0,0,1,1.712933538923015
5838,91.38,9,29,33.0,0.02,9,0,0,0,1,1,0,4,1,1,2.3493726280527545
5839,91.41,49,141,239.7,0.02,51,0,0,0,0,0,1,1,0,1,1.48836835731818
5840,91.43,49,135,240.2,0.02,51,0,0,0,0,0,1,1,0,2,1.6821353832833164
5841,91.45,49,127,242.0,0.02,51,0,0,0,0,0,1,0,2,2,1.6850387636292647
5842,91.47,49,140,239.9,0.02,51,0,0,0,0,0,1,1,0,0,1.6463256570648772
5843,91.49,49,155,239.4,0.02,51,0,0,0,0,0,1,0,0,0,1.6173036114740906
5844,91.51,49,136,239.3,0.02,51,0,0,0,0,0,1,2,0,0,1.8910671579308005
5845,91.54,49,163,238.5,0.02,51,0,0,0,0,0,1,0,1,1,1.4855709950741214
5846,91.56,49,148,239.1,0.02,51,0,0,0,0,0,1,1,0,0,1.6614276366160665
5847,91.58,49,141,240.7,0.02,51,0,0,0,0,0,1,0,0,1,1.661520467803842
5848,91.6,49,132,241.7,0.02,51,0,0,0,0,0,1,0,0,0,1.63116070781043
5849,91.61,5,13,16.5,0.02,5,0,0,0,1,1,0,2,1,2,3.805307002230184
5850,91.63,49,130,240.9,0.02,51,0,0,0,0,0,1,1,0,0,1.6183245745851367
5851,91.65,49,127,223.2,0.02,49,0,0,0,1,1,0,4,1,1,1.5228122969828959
5852,91.67,49,128,239.0,0.02,51,0,0,0,0,0,1,3,0,1,1.6109022462110287
5853,91.69,49,132,240.7,0.02,51,0,0,0,0,0,1,1,0,0,1.4898729676508482
5854,91.71,49,159,238.8,0.02,51,0,0,0,0,0,1,0,0,2,1.5637986838955467
5855,91.73,49,134,241.4,0.02,51,0,0,0,0,0,1,0,0,1,1.6262783398250498
5856,91.74,5,18,14.9,0.02,5,0,0,0,1,1,0,3,1,3,3.0466791375564077
5857,91.74,15,37,63.1,0.02,15,0,0,0,1,1,0,3,1,2,2.3123494226896453
5858,91.75,18,49,78.8,0.02,18,0,0,0,1,1,0,1,1,3,1.5640223044367494
5859,91.75,2,10,1.8,0.02,2,0,0,0,1,1,0,2,1,2,3.0259676555321446
5860,91.78,49,138,240.7,0.02,51,0,0,0,0,0,1,0,1,4,1.7729925798216164
5861,91.8,49,123,241.5,0.02,51,0,0,0,0,0,1,1,0,1,1.737412797839853
5862,91.82,49,136,238.3,0.02,51,0,0,0,0,0,1,3,0,0,1.6340586605810425
5863,91.82,15,35,66.5,0.02,15,0,0,0,1,1,0,0,1,0,2.0949641389769194
5864,91.84,49,137,240.2,0.02,51,0,0,0,0,0,1,1,1,0,1.5426800415373465
5865,91.87,49,133,241.6,0.02,51,0,0,0,0,0,1,0,0,0,1.688404661876643
5866,91.89,49,135,240.4,0.02,51,0,0,0,0,0,1,1,2,0,1.4507697917676285
5867,91.91,49,141,240.8,0.02,51,0,0,0,0,0,1,0,0,0,1.598676480272656
5868,91.93,49,134,240.5,0.02,51,0,0,0,0,0,1,1,0,0,1.6994440396881014
5869,91.96,49,146,239.3,0.02,51,0,0,0,0,0,1,1,0,0,1.5281807502937594
5870,91.98,49,147,239.2,0.02,51,0,0,0,0,0,1,1,2,0,1.4271006027963264
5871,91.99,18,39,80.1,0.02,18,0,0,0,1,1,0,1,1,0,1.8476944972841063
5872,92.01,49,132,241.6,0.02,51,0,0,0,0,0,1,0,0,1,1.5698720312388181
5873,92.03,46,109,209.8,0.02,46,0,0,0,1,1,0,4,1,3,1.5847729190884587
5874,92.03,7,25,25.1,0.02,7,0,0,0,1,1,0,2,1,4,2.0520590237901177
5875,92.04,18,39,81.1,0.02,18,0,0,0,1,1,0,0,1,0,2.21872655819159
5876,92.05,41,100,193.8,0.02,42,0,0,0,1,1,0,1,1,2,1.8339122093368974
5877,92.06,2,11,0.7,0.02,2,0,0,0,1,1,0,3,1,2,3.090233381104633
5878,92.07,43,100,198.5,0.02,43,0,0,0,1,1,0,1,1,5,2.0135357020637734
5879,92.08,9,27,33.3,0.02,9,0,0,0,1,1,0,4,1,0,2.3266390249201376
5880,92.1,49,167,236.0,0.02,51,0,0,0,0,0,1,2,1,2,1.705673297696198
5881,92.12,49,138,239.1,0.02,51,0,0,0,0,0,1,2,1,0,1.652921826095762
5882,92.14,43,123,195.6,0.02,43,0,0,0,1,1,0,2,1,1,1.667079653686849
5883,92.17,49,134,239.4,0.02,51,0,0,0,0,0,1,2,0,1,1.6682215861263845
5884,92.19,49,135,238.4,0.02,51,0,0,0,0,0,1,3,1,0,1.7456313217412653
5885,92.21,50,143,233.6,0.02,50,0,0,0,0,0,1,2,1,0,1.7982993138154828
5886,92.23,49,128,240.1,0.02,51,0,0,0,0,0,1,2,0,0,1.8779471250117694
5887,92.26,49,167,238.2,0.02,51,0,0,0,0,0,1,0,2,0,1.5400262609961857
5888,92.28,49,126,242.2,0.02,51,0,0,0,0,0,1,0,0,1,1.646479488543046
5889,92.3,49,124,242.5,0.02,51,0,0,0,0,0,1,0,0,0,1.7941442267179621
5890,92.32,49,140,239.9,0.02,51,0,0,0,0,0,1,1,0,0,1.5442631302243433
5891,92.34,49,145,240.3,0.02,51,0,0,0,0,0,1,0,0,1,1.5941610567267597
5892,92.36,49,131,241.8,0.02,51,0,0,0,0,0,1,0,0,0,1.6777685974608472
5893,92.38,49,120,240.9,0.02,51,0,0,0,0,0,1,2,1,0,1.7469783082881822
5894,92.4,49,134,238.5,0.02,51,0,0,0,0,0,1,3,0,0,1.6348542521979965
5895,92.42,49,148,238.1,0.02,51,0,0,0,0,0,1,2,1,0,1.5469949158530742
5896,92.45,49,134,239.3,0.02,51,0,0,0,0,0,1,2,1,2,1.66146971637822
5897,92.47,49,132,241.6,0.02,51,0,0,0,0,0,1,0,1,1,1.7789846924345312
5898,92.49,49,130,240.9,0.02,51,0,0,0,0,0,1,1,0,0,1.3884802570664132
5899,92.5,36,88,165.2,0.02,36,0,0,0,1,1,0,1,2,0,1.710542460549523
5900,92.52,49,126,242.2,0.02,51,0,0,0,0,0,1,0,0,1,1.6987987388374337
5901,92.54,49,142,240.7,0.02,51,0,0,0,0,0,1,0,1,0,1.594120203008915
5902,92.57,49,133,240.6,0.02,51,0,0,0,0,0,1,1,1,0,1.712356451898606
5903,92.59,49,135,241.4,0.02,51,0,0,0,0,0,1,0,0,0,1.753960563566821
5904,92.6,49,107,244.0,0.02,51,0,0,0,0,0,1,0,0,2,1.975652077759226
5905,92.62,49,130,241.8,0.02,51,0,0,0,0,0,1,0,0,1,1.6515698527583669
5906,92.64,49,116,243.3,0.02,51,0,0,0,0,0,1,0,0,0,1.8127277984570092
5907,92.67,50,149,226.9,0.02,50,0,0,0,1,1,0,3,2,2,1.558903750242105
5908,92.69,49,135,239.4,0.02,51,0,0,0,0,0,1,2,0,0,1.593315371769099
5909,92.71,49,123,241.6,0.02,51,0,0,0,0,0,1,1,0,0,1.6612022667405335
5910,92.71,13,34,52.6,0.02,13,0,0,0,1,1,0,4,1,0,1.815162653700503
5911,92.72,9,21,36.8,0.02,9,0,0,0,1,1,0,1,1,1,2.3907050216500134
5912,92.74,49,155,239.4,0.02,51,0,0,0,0,0,1,0,1,0,1.4965882491024725
5913,92.76,49,138,239.9,0.02,51,0,0,0,0,0,1,1,1,2,1.8186591768520641
5914,92.79,49,169,235.8,0.02,51,0,0,0,0,0,1,2,0,2,1.6226371491665936
5915,92.79,14,28,61.2,0.02,14,0,0,0,1,1,0,1,1,0,2.2583573743586833
5916,92.82,49,138,240.1,0.02,51,0,0,0,0,0,1,1,0,0,1.7994890662253007
5917,92.84,49,146,239.3,0.02,51,0,0,0,0,0,1,1,0,0,1.4647801143981316
5918,92.86,49,137,240.1,0.02,51,0,0,0,0,0,1,1,0,1,1.5588421757949633
5919,92.88,49,137,241.1,0.02,51,0,0,0,0,0,1,0,0,1,1.550560149460584
5920,92.9,49,114,243.5,0.02,51,0,0,0,0,0,1,0,0,0,1.4925525978827634
5921,92.92,49,149,240.0,0.02,51,0,0,0,0,0,1,0,0,0,1.663858706202744
5922,92.94,49,133,241.4,0.02,51,0,0,0,0,0,1,0,0,2,1.8098204347834084
5923,92.97,49,141,238.8,0.02,51,0,0,0,0,0,1,2,2,0,1.524580020952867
5924,92.99,49,130,241.9,0.02,51,0,0,0,0,0,1,0,1,0,1.5622508308078655
5925,93.01,49,136,241.2,0.02,51,0,0,0,0,0,1,0,0,1,1.5160055580341978
5926,93.03,43,112,202.5,0.02,44,0,0,0,1,1,0,1,1,3,1.5559851898204085
5927,93.04,29,89,128.8,0.02,29,0,0,0,1,1,0,2,1,3,1.7770657256737534
5928,93.06,31,86,139.3,0.02,31,0,0,0,1,1,0,2,2,1,2.118138788130641
5929,93.08,49,135,241.3,0.02,51,0,0,0,0,0,1,0,2,1,1.7130494111120287
5930,93.1,49,123,242.6,0.02,51,0,0,0,0,0,1,0,0,0,1.935054054136552
5931,93.1,9,40,31.8,0.02,9,0,0,0,1,1,0,4,1,2,2.165020981154169
5932,93.11,2,10,1.0,0.02,2,0,0,0,1,1,0,3,1,0,3.229757390845031
5933,93.12,18,49,75.1,0.02,18,0,0,0,1,1,0,5,1,0,1.6336995466451631
5934,93.13,22,80,85.6,0.02,22,0,0,0,1,1,0,11,2,4,2.0356534584115815
5935,93.15,27,109,109.7,0.02,27,0,0,0,1,1,0,9,1,4,1.6848967595142226
5936,93.17,48,146,216.2,0.02,48,0,0,0,1,1,0,4,1,2,1.680706316624226
5937,93.18,13,31,53.8,0.02,13,0,0,0,1,1,0,3,1,1,2.201924881336034
5938,93.19,18,57,76.3,0.02,18,0,0,0,1,1,0,3,1,0,1.9884484628472725
5939,93.2,17,52,71.6,0.02,17,0,0,0,1,1,0,3,1,2,1.6456322203357951
5940,93.21,27,65,120.3,0.02,27,0,0,0,1,1,0,3,1,2,1.7228395811489798
5941,93.21,14,35,58.1,0.02,14,0,0,0,1,1,0,3,1,4,2.09190952508025
5942,93.22,24,59,104.1,0.02,24,0,0,0,1,1,0,5,1,0,1.8403786513343159
5943,93.23,2,19,-1.0,0.02,2,0,0,0,1,1,0,4,1,1,2.4746279231424104
5944,93.24,11,44,43.5,0.02,11,0,0,0,1,1,0,2,1,1,2.0558308171525397
5945,93.25,29,70,129.0,0.02,29,0,0,0,1,1,0,4,1,0,2.149923706715922
5946,93.26,25,67,110.3,0.02,25,0,0,0,1,1,0,3,1,0,2.627399212420155
5947,93.28,49,156,237.0,0.02,51,0,0,0,0,0,1,2,1,3,1.8464051889674122
5948,93.3,49,125,242.3,0.02,51,0,0,0,0,0,1,0,0,1,1.945761198653649
5949,93.31,2,20,-5.8,0.02,2,0,0,0,1,1,0,8,1,8,2.838673092081448
5950,93.33,49,136,240.1,0.02,51,0,0,0,0,0,1,1,0,2,1.7402346183983899
5951,93.35,49,150,239.8,0.02,51,0,0,0,0,0,1,0,0,1,1.5018837628906474
5952,93.37,49,134,240.4,0.02,51,0,0,0,0,0,1,1,1,1,1.997422904875359
5953,93.4,49,169,238.0,0.02,51,0,0,0,0,0,1,0,0,0,1.5620199480167367
5954,93.42,49,125,242.4,0.02,51,0,0,0,0,0,1,0,0,0,1.6593743451192153
5955,93.44,49,137,239.1,0.02,51,0,0,0,0,0,1,2,2,1,1.691991838232364
5956,93.46,49,136,241.3,0.02,51,0,0,0,0,0,1,0,0,0,1.5250227390036009
5957,93.48,49,147,240.0,0.02,51,0,0,0,0,0,1,0,0,2,1.5025580910467304
5958,93.5,49,128,242.1,0.02,51,0,0,0,0,0,1,0,0,0,1.5560591398465737
5959,93.53,49,132,241.6,0.02,51,0,0,0,0,0,1,0,0,1,1.822392622545525
5960,93.55,49,145,240.2,0.02,51,0,0,0,0,0,1,0,0,2,1.9050768650570822
5961,93.57,49,134,239.5,0.02,51,0,0,0,0,0,1,2,1,0,1.6145304179972366
5962,93.58,34,79,157.1,0.02,34,0,0,0,1,1,0,0,1,0,1.5809820646946855
5963,93.6,49,124,242.4,0.02,51,0,0,0,0,0,1,0,0,1,1.468938955690417
5964,93.62,49,131,241.8,0.02,51,0,0,0,0,0,1,0,0,0,1.656371423561721
5965,93.64,49,122,242.6,0.02,51,0,0,0,0,0,1,0,1,1,1.5600800061392504
5966,93.66,49,125,242.3,0.02,51,0,0,0,0,0,1,0,0,1,1.8132726346173327
5967,93.68,49,134,241.5,0.02,51,0,0,0,0,0,1,0,1,0,1.6391006097967438
5968,93.71,49,137,239.0,0.02,51,0,0,0,0,0,1,2,0,2,1.7368476232009367
5969,93.73,49,124,240.4,0.02,51,0,0,0,0,0,1,2,0,1,1.7238726126666608
5970,93.75,49,137,241.2,0.02,51,0,0,0,0,0,1,0,2,0,1.525469280183481
5971,93.77,49,124,242.4,0.02,51,0,0,0,0,0,1,0,0,1,1.697970141102528
5972,93.79,49,127,240.1,0.02,51,0,0,0,0,0,1,2,0,1,1.63409075568967
5973,93.8,36,84,166.5,0.02,36,0,0,0,1,1,0,0,1,1,1.4980371937698596
5974,93.82,49,148,239.1,0.02,51,0,0,0,0,0,1,1,0,0,1.5930871868901064
5975,93.85,49,136,240.1,0.02,51,0,0,0,0,0,1,1,1,2,1.6974869245671766
5976,93.87,49,136,241.3,0.02,51,0,0,0,0,0,1,0,0,0,1.599772417575597
5977,93.89,49,137,241.2,0.02,51,0,0,0,0,0,1,0,0,0,1.6571311817154528
5978,93.91,49,138,241.1,0.02,51,0,0,0,0,0,1,0,1,0,1.60653423317768
5979,93.93,49,122,242.6,0.02,51,0,0,0,0,0,1,0,0,1,1.7258270165182001
5980,93.95,49,145,240.4,0.02,51,0,0,0,0,0,1,0,1,0,1.4019955524196217
5981,93.97,49,140,240.8,0.02,51,0,0,0,0,0,1,0,0,1,1.6204546350149684
5982,94.0,23,142,91.4,0.02,23,0,0,0,1,1,0,4,2,4,1.678753702701417
5983,94.0,10,31,39.4,0.02,10,0,0,0,1,1,0,2,1,5,2.074373777461705
5984,94.03,49,180,231.1,0.02,51,0,0,0,0,0,1,5,0,8,1.565068639725207
5985,94.05,49,154,238.5,0.02,51,0,0,0,0,0,1,1,0,0,1.7302450984081885
5986,94.06,19,38,86.2,0.02,19,0,0,0,1,1,0,0,1,0,2.461346784167386
5987,94.08,30,92,133.5,0.02,30,0,0,0,1,1,0,2,1,3,1.7303407232300316
5988,94.08,3,12,7.8,0.02,3,0,0,0,1,1,0,1,1,0,3.1569554652041347
5989,94.1,50,135,230.2,0.02,50,0,0,0,1,1,0,1,2,3,1.7150268166088036
5990,94.12,49,130,240.9,0.02,51,0,0,0,0,0,1,1,0,0,1.5312778491135544
5991,94.14,49,156,238.3,0.02,51,0,0,0,0,0,1,1,2,0,1.742433183982613
5992,94.15,11,28,44.1,0.02,11,0,0,0,1,1,0,3,1,1,2.4877876117598032
5993,94.18,49,166,236.1,0.02,51,0,0,0,0,0,1,2,1,2,1.722671176963006
5994,94.2,49,146,240.2,0.02,51,0,0,0,0,0,1,0,0,1,1.6643134277254321
5995,94.22,49,137,240.9,0.02,51,0,0,0,0,0,1,0,1,3,1.6239030143749353
5996,94.24,49,160,237.8,0.02,51,0,0,0,0,0,1,1,0,1,1.7363361117518623
5997,94.27,49,149,239.0,0.02,51,0,0,0,0,0,1,1,1,0,1.795106952822695
5998,94.29,49,147,240.0,0.02,51,0,0,0,0,0,1,0,1,2,1.8702716316335548
5999,94.31,40,96,185.4,0.02,40,0,0,0,1,1,0,0,1,0,1.5943159390061952
6000,94.33,49,146,240.2,0.02,51,0,0,0,0,0,1,0,0,1,1.7061697494118873
6001,94.35,49,149,240.0,0.02,51,0,0,0,0,0,1,0,1,0,1.5424834869016069
6002,94.37,49,151,237.8,0.02,51,0,0,0,0,0,1,2,0,0,1.4337674626357038
6003,94.4,49,132,240.7,0.02,51,0,0,0,0,0,1,1,0,0,1.5243179180377582
6004,94.42,49,141,240.7,0.02,51,0,0,0,0,0,1,0,1,1,1.8168853186723661
6005,94.44,49,142,239.7,0.02,51,0,0,0,0,0,1,1,0,0,1.7691058770028536
6006,94.46,49,122,242.5,0.02,51,0,0,0,0,0,1,0,1,2,1.620882682556318
6007,94.48,49,139,241.0,0.02,51,0,0,0,0,0,1,0,1,0,1.4164348107893612
6008,94.5,50,120,237.9,0.02,50,0,0,0,0,0,1,0,1,0,1.5640954700880612
6009,94.52,49,150,239.9,0.02,51,0,0,0,0,0,1,0,1,0,1.673341147915247
6010,94.54,49,110,241.9,0.02,51,0,0,0,0,0,1,2,1,0,1.811732832676424
6011,94.56,49,139,241.0,0.02,51,0,0,0,0,0,1,0,0,0,1.5348638890259358
6012,94.58,49,117,243.1,0.02,51,0,0,0,0,0,1,0,0,1,1.9418269225974956
6013,94.6,49,138,241.0,0.02,51,0,0,0,0,0,1,0,0,1,1.8126266880397224
6014,94.62,49,131,240.8,0.02,51,0,0,0,0,0,1,1,1,0,1.7583986430260012
6015,94.64,49,147,240.2,0.02,51,0,0,0,0,0,1,0,0,0,1.5641524779176001
6016,94.66,49,133,241.6,0.02,51,0,0,0,0,0,1,0,0,0,1.6858112726109384
6017,94.68,49,125,241.3,0.02,51,0,0,0,0,0,1,1,1,1,1.6624729631445807
6018,94.71,49,133,241.6,0.02,51,0,0,0,0,0,1,0,0,0,1.5131636782463378
6019,94.73,49,143,240.6,0.02,51,0,0,0,0,0,1,0,0,0,1.6000539506234963
6020,94.75,49,123,240.6,0.02,51,0,0,0,0,0,1,2,0,0,1.8009012014287744
6021,94.77,47,114,217.6,0.02,47,0,0,0,1,1,0,1,1,0,1.5997735575430665
6022,94.79,49,139,241.0,0.02,51,0,0,0,0,0,1,0,0,0,1.7685058505886038
6023,94.81,49,129,242.0,0.02,51,0,0,0,0,0,1,0,0,0,1.5463793130793253
6024,94.83,49,129,240.9,0.02,51,0,0,0,0,0,1,1,0,1,1.6763625667549467
6025,94.85,49,131,239.8,0.02,51,0,0,0,0,0,1,2,1,0,1.7469934532682139
6026,94.87,49,123,242.4,0.02,51,0,0,0,0,0,1,0,0,2,1.707545950368573
6027,94.89,49,145,240.4,0.02,51,0,0,0,0,0,1,0,0,0,1.62988083689421
6028,94.92,49,160,238.9,0.02,51,0,0,0,0,0,1,0,1,0,1.5113318377793061
6029,94.94,49,131,241.8,0.02,51,0,0,0,0,0,1,0,1,0,1.7190765122841654
6030,94.96,49,132,241.6,0.02,51,0,0,0,0,0,1,0,0,1,1.761300057259864
6031,94.98,49,141,239.7,0.02,51,0,0,0,0,0,1,1,2,1,1.8296100061915597
6032,94.99,9,25,37.5,0.02,9,0,0,0,1,1,0,0,1,0,1.6610967279456543
6033,95.01,49,140,240.8,0.02,51,0,0,0,0,0,1,0,0,1,1.5179306824555006
6034,95.03,49,135,241.2,0.02,51,0,0,0,0,0,1,0,0,2,1.4883524705223294
6035,95.03,4,17,9.8,0.02,4,0,0,0,1,1,0,3,1,5,2.7628530543659795
6036,95.06,49,153,238.3,0.02,51,0,0,0,0,0,1,1,0,3,1.6996985121477286
6037,95.08,49,161,236.6,0.02,51,0,0,0,0,0,1,2,0,2,1.6477369100728614
6038,95.1,49,129,242.0,0.02,51,0,0,0,0,0,1,0,0,0,1.7763028705868968
6039,95.12,49,137,239.2,0.02,51,0,0,0,0,0,1,2,0,0,1.5050772121357252
6040,95.15,49,156,238.3,0.02,51,0,0,0,0,0,1,1,0,0,1.5838513930708025
6041,95.17,49,128,242.0,0.02,51,0,0,0,0,0,1,0,0,1,1.655129122140853
6042,95.19,49,137,241.0,0.02,51,0,0,0,0,0,1,0,0,2,1.4948016861951956
6043,95.19,10,22,46.5,0.02,11,0,0,0,1,1,0,1,1,3,1.979125127888495
6044,95.2,4,17,11.2,0.02,4,0,0,0,1,1,0,2,1,1,2.8240104345394776
6045,95.2,8,25,29.5,0.02,8,0,0,0,1,1,0,3,1,0,2.452791459130077
6046,95.21,7,18,28.1,0.02,7,0,0,0,1,1,0,0,1,1,2.443951452927491
6047,95.21,3,22,4.7,0.02,3,0,0,0,1,1,0,3,1,1,2.258895185395173
6048,95.22,8,27,28.2,0.02,8,0,0,0,1,1,0,4,1,1,2.582704209435861
6049,95.24,40,140,177.8,0.02,40,0,0,0,1,1,0,3,1,2,1.6142164489090725
6050,95.24,9,27,35.1,0.02,9,0,0,0,1,1,0,2,1,2,2.314926972667912
6051,95.26,16,90,65.9,0.02,16,0,0,0,1,1,0,0,1,1,1.6183211615216222
6052,95.28,49,136,241.3,0.02,51,0,0,0,0,0,1,0,1,0,1.7048434396978063
6053,95.3,49,135,241.4,0.02,51,0,0,0,0,0,1,0,2,0,1.7294033510895057
6054,95.32,49,137,241.2,0.02,51,0,0,0,0,0,1,0,0,0,1.5117451444015237
6055,95.34,49,145,235.4,0.02,51,0,0,0,0,0,1,5,1,0,1.7774812271836373
6056,95.37,49,151,238.7,0.02,51,0,0,0,0,0,1,1,0,1,1.3878390108515855
6057,95.39,49,117,242.2,0.02,51,0,0,0,0,0,1,1,0,0,1.7304430696391162
6058,95.39,15,33,63.6,0.02,15,0,0,0,1,1,0,3,1,1,2.1040871693874026
6059,95.41,49,140,237.8,0.02,51,0,0,0,0,0,1,3,1,1,1.6591333357917215
6060,95.44,49,141,239.7,0.02,51,0,0,0,0,0,1,1,0,1,1.4085758355341818
6061,95.46,49,137,240.2,0.02,51,0,0,0,0,0,1,1,0,0,1.7050318175709864
6062,95.48,49,131,241.8,0.02,51,0,0,0,0,0,1,0,0,0,1.657974506497014
6063,95.5,49,132,240.7,0.02,51,0,0,0,0,0,1,1,0,0,1.6442799693361634
6064,95.52,49,136,241.2,0.02,51,0,0,0,0,0,1,0,1,1,1.3975063060391322
6065,95.54,49,125,240.4,0.02,51,0,0,0,0,0,1,2,0,0,1.6504463165355567
6066,95.56,49,134,240.4,0.02,51,0,0,0,0,0,1,1,0,1,1.7177966257244808
6067,95.57,16,53,63.4,0.02,16,0,0,0,1,1,0,6,1,3,1.6134219235441558
6068,95.59,49,126,242.3,0.02,51,0,0,0,0,0,1,0,0,0,1.3935205049472241
6069,95.6,18,36,76.3,0.02,18,0,0,0,1,1,0,5,1,1,2.170277459140478
6070,95.62,49,143,240.6,0.02,51,0,0,0,0,0,1,0,0,0,1.7302393908117317
6071,95.63,32,78,146.1,0.02,32,0,0,0,1,1,0,1,3,1,1.8592748186285217
6072,95.65,49,139,240.0,0.02,51,0,0,0,0,0,1,1,0,0,1.553276835692202
6073,95.67,49,130,241.9,0.02,51,0,0,0,0,0,1,0,0,0,1.7097992268817492
6074,95.69,49,128,242.0,0.02,51,0,0,0,0,0,1,0,1,1,1.6311413618735995
6075,95.72,49,144,240.3,0.02,51,0,0,0,0,0,1,0,0,2,1.6864899241105609
6076,95.74,49,155,236.1,0.02,51,0,0,0,0,0,1,3,0,3,1.795761706145053
6077,95.76,49,145,239.3,0.02,51,0,0,0,0,0,1,1,0,1,1.8601160220734263
6078,95.79,49,154,238.4,0.02,51,0,0,0,0,0,1,1,1,1,1.5555682515030314
6079,95.81,49,132,241.7,0.02,51,0,0,0,0,0,1,0,0,0,1.6214268100197926
6080,95.82,22,48,96.2,0.02,22,0,0,0,1,1,0,4,1,0,1.8543550435399005
6081,95.84,49,137,240.1,0.02,51,0,0,0,0,0,1,1,0,1,1.5241422438975338
6082,95.86,49,135,241.4,0.02,51,0,0,0,0,0,1,0,0,0,1.6144938626998728
6083,95.88,49,135,239.4,0.02,51,0,0,0,0,0,1,2,2,0,1.7403279557622966
6084,95.9,49,127,242.2,0.02,51,0,0,0,0,0,1,0,0,0,1.7419895960221257
6085,95.91,19,49,83.9,0.02,19,0,0,0,1,1,0,1,1,2,1.806170777870637
6086,95.92,18,41,77.9,0.02,18,0,0,0,1,1,0,3,1,0,1.8197276597559593
6087,95.93,23,68,100.1,0.02,23,0,0,0,1,1,0,3,1,1,1.6848134169738516
6088,95.93,7,20,26.9,0.02,7,0,0,0,1,1,0,1,1,1,2.600749261234925
6089,95.96,49,150,238.7,0.02,51,0,0,0,0,0,1,1,2,2,1.7777113678086516
6090,95.98,49,138,241.0,0.02,51,0,0,0,0,0,1,0,0,1,1.632227038150163
6091,96.0,49,125,241.4,0.02,51,0,0,0,0,0,1,1,0,0,1.6091371684918472
6092,96.02,49,132,240.7,0.02,51,0,0,0,0,0,1,1,1,0,1.4922187136734648
6093,96.04,49,137,240.2,0.02,51,0,0,0,0,0,1,1,1,0,1.741060869508763
6094,96.06,49,124,240.5,0.02,51,0,0,0,0,0,1,2,0,0,1.7478079488485292
6095,96.08,49,131,240.8,0.02,51,0,0,0,0,0,1,1,0,0,1.8572388967998759
6096,96.1,49,130,241.9,0.02,51,0,0,0,0,0,1,0,0,0,1.6088522204299867
6097,96.12,49,126,241.2,0.02,51,0,0,0,0,0,1,1,2,1,1.6671246207054804
6098,96.14,49,140,239.6,0.02,51,0,0,0,0,0,1,1,1,3,1.64442238856045
6099,96.16,49,127,241.2,0.02,51,0,0,0,0,0,1,1,0,0,1.6549585985423452
6100,96.19,49,140,240.9,0.02,51,0,0,0,0,0,1,0,1,0,1.7656043174845675
6101,96.21,49,143,239.5,0.02,51,0,0,0,0,0,1,1,0,1,1.5083087083146367
6102,96.23,49,149,240.0,0.02,51,0,0,0,0,0,1,0,1,0,1.657491999908087
6103,96.25,49,123,242.6,0.02,51,0,0,0,0,0,1,0,0,0,1.8526085462833206
6104,96.27,49,128,242.0,0.02,51,0,0,0,0,0,1,0,0,1,1.713806224460123
6105,96.29,49,125,242.3,0.02,51,0,0,0,0,0,1,0,0,1,1.7554002173000303
6106,96.31,49,134,241.3,0.02,51,0,0,0,0,0,1,0,1,2,1.5532934336969715
6107,96.33,49,115,243.4,0.02,51,0,0,0,0,0,1,0,1,0,1.7592876059078302
6108,96.35,49,120,242.8,0.02,51,0,0,0,0,0,1,0,0,1,1.7337137392309567
6109,96.37,49,135,241.3,0.02,51,0,0,0,0,0,1,0,1,1,1.545806255149905
6110,96.39,49,134,240.5,0.02,51,0,0,0,0,0,1,1,0,0,1.8445021090219336
6111,96.41,49,122,241.7,0.02,51,0,0,0,0,0,1,1,0,0,1.606191584596667
6112,96.42,19,45,82.5,0.02,19,0,0,0,1,1,0,3,1,0,1.9075118679535403
6113,96.44,49,126,241.3,0.02,51,0,0,0,0,0,1,1,0,0,1.7080484429399847
6114,96.46,49,132,240.7,0.02,51,0,0,0,0,0,1,1,0,0,1.5871996756104911
6115,96.48,49,146,239.3,0.02,51,0,0,0,0,0,1,1,0,0,1.5347030092221732
6116,96.51,49,143,239.6,0.02,51,0,0,0,0,0,1,1,0,0,1.6842035824932124
6117,96.53,50,133,236.6,0.02,50,0,0,0,0,0,1,0,1,0,1.627497418794693
6118,96.55,49,148,238.0,0.02,51,0,0,0,0,0,1,2,0,1,1.530672685658689
6119,96.57,49,124,241.5,0.02,51,0,0,0,0,0,1,1,0,0,1.6528205809808894
6120,96.59,49,134,240.5,0.02,51,0,0,0,0,0,1,1,0,0,1.7831435285070762
6121,96.61,49,130,240.8,0.02,51,0,0,0,0,0,1,1,1,1,1.570264783284364
6122,96.62,15,39,63.1,0.02,15,0,0,0,1,1,0,3,1,0,1.997653389317472
6123,96.64,49,122,242.7,0.02,51,0,0,0,0,0,1,0,0,0,1.582233248390438
6124,96.66,49,117,226.3,0.02,49,0,0,0,1,1,0,2,1,0,1.722040037661434
6125,96.68,49,136,241.3,0.02,51,0,0,0,0,0,1,0,1,0,1.709151634478133
6126,96.7,49,127,242.1,0.02,51,0,0,0,0,0,1,0,0,1,1.7112958903307312
6127,96.72,49,121,242.8,0.02,51,0,0,0,0,0,1,0,1,0,1.8097346629616475
6128,96.74,49,133,240.5,0.02,51,0,0,0,0,0,1,1,2,1,1.717044260049902
6129,96.76,49,152,237.7,0.02,51,0,0,0,0,0,1,2,0,0,1.5230830282007717
6130,96.78,49,135,239.4,0.02,51,0,0,0,0,0,1,2,0,0,1.8005036711289364
6131,96.8,49,138,239.1,0.02,51,0,0,0,0,0,1,2,0,0,1.6197808897519892
6132,96.82,49,128,241.0,0.02,51,0,0,0,0,0,1,1,1,1,1.541379561829596
6133,96.84,49,126,241.3,0.02,51,0,0,0,0,0,1,1,0,0,1.6005831078610475
6134,96.87,49,141,240.8,0.02,51,0,0,0,0,0,1,0,2,0,1.6260950457367471
6135,96.89,49,158,239.0,0.02,51,0,0,0,0,0,1,0,0,1,1.5468846017571514
6136,96.91,49,148,240.1,0.02,51,0,0,0,0,0,1,0,1,0,1.5688040651672557
6137,96.92,23,51,101.9,0.02,23,0,0,0,1,1,0,3,1,0,2.133254565057207
6138,96.95,49,146,240.2,0.02,51,0,0,0,0,0,1,0,0,1,1.5266904132615764
6139,96.97,49,141,239.7,0.02,51,0,0,0,0,0,1,1,2,1,1.7730481347917395
6140,96.99,49,138,241.0,0.02,51,0,0,0,0,0,1,0,0,1,1.6244313559311612
6141,97.01,49,140,240.9,0.02,51,0,0,0,0,0,1,0,1,0,1.4643883865264857
6142,97.03,49,119,243.0,0.02,51,0,0,0,0,0,1,0,0,0,1.6300630351864391
6143,97.06,49,155,237.4,0.02,51,0,0,0,0,0,1,2,0,0,1.583282688547146
6144,97.06,8,20,29.0,0.02,8,0,0,0,1,1,0,4,1,0,2.8471943042568744
6145,97.08,49,136,239.2,0.02,51,0,0,0,0,0,1,2,1,1,1.7388480514109954
6146,97.09,9,23,34.7,0.02,9,0,0,0,1,1,0,3,1,0,1.9549004287348304
6147,97.11,49,149,239.0,0.02,51,0,0,0,0,0,1,1,0,0,1.450559238565229
6148,97.13,49,132,240.7,0.02,51,0,0,0,0,0,1,1,0,0,1.604067866274485
6149,97.16,49,146,238.3,0.02,51,0,0,0,0,0,1,2,0,0,1.7026448182020693
6150,97.18,49,135,241.4,0.02,51,0,0,0,0,0,1,0,0,0,1.5883674911850167
6151,97.2,49,129,240.9,0.02,51,0,0,0,0,0,1,1,0,1,1.6776608254361567
6152,97.22,49,131,241.8,0.02,51,0,0,0,0,0,1,0,0,0,1.6112554421320258
6153,97.24,49,164,238.3,0.02,51,0,0,0,0,0,1,0,0,2,1.69088918382675
6154,97.26,49,129,241.8,0.02,51,0,0,0,0,0,1,0,0,2,1.6178681222117879
6155,97.28,42,95,192.5,0.02,42,0,0,0,1,1,0,3,1,0,1.5260684283212569
6156,97.3,49,142,239.5,0.02,51,0,0,0,0,0,1,1,0,2,1.6269663126902993
6157,97.32,31,79,140.1,0.02,31,0,0,0,1,1,0,2,1,0,1.619929663541699
6158,97.33,24,58,105.2,0.02,24,0,0,0,1,1,0,4,1,0,1.904290728255054
6159,97.34,49,121,241.8,0.02,51,0,0,0,0,0,1,1,0,0,1.6792270346727403
6160,97.36,49,128,241.1,0.02,51,0,0,0,0,0,1,1,2,0,1.9465631751202963
6161,97.39,49,136,240.1,0.02,51,0,0,0,0,0,1,1,0,2,1.7635903773557162
6162,97.41,49,145,239.4,0.02,51,0,0,0,0,0,1,1,1,0,1.7811781824137614
6163,97.43,49,135,240.4,0.02,51,0,0,0,0,0,1,1,0,0,1.5637062788806497
6164,97.45,49,139,241.0,0.02,51,0,0,0,0,0,1,0,1,0,1.6883319582074994
6165,97.47,49,131,241.8,0.02,51,0,0,0,0,0,1,0,1,0,1.713842591874343
6166,97.49,49,134,240.5,0.02,51,0,0,0,0,0,1,1,0,0,1.6204561971634865
6167,97.51,31,97,138.0,0.02,31,0,0,0,1,1,0,2,1,3,1.7097458928757345
6168,97.51,2,7,1.3,0.02,2,0,0,0,1,1,0,3,1,0,5.1660176928035915
6169,97.53,49,145,238.4,0.02,51,0,0,0,0,0,1,2,0,0,1.6220780179021144
6170,97.56,49,144,239.5,0.02,51,0,0,0,0,0,1,1,2,0,1.677619202385028
6171,97.58,49,130,240.9,0.02,51,0,0,0,0,0,1,1,1,0,1.6767680306717576
6172,97.6,49,150,239.9,0.02,51,0,0,0,0,0,1,0,0,0,1.570766212765416
6173,97.62,49,142,240.7,0.02,51,0,0,0,0,0,1,0,1,0,1.5616433054211432
6174,97.65,49,146,240.3,0.02,51,0,0,0,0,0,1,0,1,0,1.7445524852815197
6175,97.67,49,144,240.5,0.02,51,0,0,0,0,0,1,0,1,0,1.5825252626997044
6176,97.69,49,126,242.2,0.02,51,0,0,0,0,0,1,0,0,1,1.8584958444390152
6177,97.71,49,142,239.7,0.02,51,0,0,0,0,0,1,1,0,0,1.5890468116117045
6178,97.73,49,136,240.2,0.02,51,0,0,0,0,0,1,1,1,1,1.8047283306944732
6179,97.75,49,126,240.2,0.02,51,0,0,0,0,0,1,2,0,1,1.8252193531927727
6180,97.77,49,129,240.9,0.02,51,0,0,0,0,0,1,1,0,1,1.8231766364509492
6181,97.8,49,145,240.2,0.02,51,0,0,0,0,0,1,0,0,2,1.5577503697788795
6182,97.82,49,151,237.6,0.02,51,0,0,0,0,0,1,2,1,2,1.510095063100542
6183,97.84,49,139,239.0,0.02,51,0,0,0,0,0,1,2,0,0,1.6804056248758787
6184,97.86,49,127,239.1,0.02,51,0,0,0,0,0,1,3,0,1,2.0220727123369917
6185,97.88,49,127,240.1,0.02,51,0,0,0,0,0,1,2,1,1,2.0197864483923325
6186,97.9,49,134,240.3,0.02,51,0,0,0,0,0,1,1,0,2,1.7149685542495894
6187,97.92,49,134,241.4,0.02,51,0,0,0,0,0,1,0,0,1,1.6732736890261044
6188,97.94,49,128,242.0,0.02,51,0,0,0,0,0,1,0,0,1,1.8206744303057603
6189,97.96,49,121,242.8,0.02,51,0,0,0,0,0,1,0,0,0,1.8170766543324932
6190,97.99,49,150,237.8,0.02,51,0,0,0,0,0,1,2,0,1,1.8721842965247923
6191,98.01,49,114,243.3,0.02,51,0,0,0,0,0,1,0,0,2,1.8692287538275283
6192,98.03,49,147,240.2,0.02,51,0,0,0,0,0,1,0,0,0,1.6295321410725496
6193,98.05,49,113,243.6,0.02,51,0,0,0,0,0,1,0,0,0,1.7914247469187785
6194,98.06,28,68,124.1,0.02,28,0,0,0,1,1,0,4,1,1,1.6795441451175708
6195,98.08,49,134,241.4,0.02,51,0,0,0,0,0,1,0,0,1,1.729843166494703
6196,98.1,49,131,238.8,0.02,51,0,0,0,0,0,1,3,0,0,1.926030036228266
6197,98.12,49,129,241.8,0.02,51,0,0,0,0,0,1,0,0,2,1.6657447162712422
6198,98.14,49,141,239.8,0.02,51,0,0,0,0,0,1,1,0,0,1.651533694187665
6199,98.16,42,120,189.9,0.02,42,0,0,0,1,1,0,3,1,1,1.5588648772245246
6200,98.18,49,139,240.0,0.02,51,0,0,0,0,0,1,1,1,0,1.597068581541503
6201,98.2,49,127,240.2,0.02,51,0,0,0,0,0,1,2,2,0,1.6217940830776696
6202,98.22,49,125,242.2,0.02,51,0,0,0,0,0,1,0,0,2,1.6873760076238205
6203,98.24,49,133,241.6,0.02,51,0,0,0,0,0,1,0,0,0,1.6317459848100855
6204,98.26,30,65,136.5,0.02,30,0,0,0,1,1,0,2,1,0,1.965060010019661
6205,98.28,49,123,240.6,0.02,51,0,0,0,0,0,1,2,0,0,1.7038037214693937
6206,98.3,49,124,242.4,0.02,51,0,0,0,0,0,1,0,0,1,1.6485986403797304
6207,98.32,49,146,239.3,0.02,51,0,0,0,0,0,1,1,1,0,1.5998545462514575
6208,98.34,49,141,239.7,0.02,51,0,0,0,0,0,1,1,0,1,1.6100696569153137
6209,98.36,49,148,237.9,0.02,51,0,0,0,0,0,1,2,0,2,1.8180781584879946
6210,98.38,49,120,241.9,0.02,51,0,0,0,0,0,1,1,1,0,1.6787502113495723
6211,98.4,49,147,239.2,0.02,51,0,0,0,0,0,1,1,0,0,1.4079907845185908
6212,98.43,49,137,238.8,0.02,51,0,0,0,0,0,1,2,0,4,1.776044130828869
6213,98.45,49,151,239.8,0.02,51,0,0,0,0,0,1,0,0,0,1.5625143672900024
6214,98.48,49,163,237.5,0.02,51,0,0,0,0,0,1,1,0,1,1.537671192336238
6215,98.49,49,115,243.2,0.02,51,0,0,0,0,0,1,0,0,2,1.7031217305421409
6216,98.51,49,135,241.4,0.02,51,0,0,0,0,0,1,0,0,0,1.515811881869125
6217,98.54,49,131,241.8,0.02,51,0,0,0,0,0,1,0,0,0,1.5744892745651962
6218,98.56,49,132,241.7,0.02,51,0,0,0,0,0,1,0,0,0,1.6026247345874602
6219,98.58,49,140,240.8,0.02,51,0,0,0,0,0,1,0,1,1,1.5933561422048692
6220,98.6,49,130,240.8,0.02,51,0,0,0,0,0,1,1,1,1,1.6569435440988847
6221,98.62,49,125,242.4,0.02,51,0,0,0,0,0,1,0,0,0,1.6914792243992502
6222,98.64,49,140,240.8,0.02,51,0,0,0,0,0,1,0,0,1,1.6155863174685703
6223,98.66,49,147,240.2,0.02,51,0,0,0,0,0,1,0,1,0,1.5840139147101218
6224,98.69,49,136,241.3,0.02,51,0,0,0,0,0,1,0,0,0,1.6305987909362036
6225,98.7,49,120,242.8,0.02,51,0,0,0,0,0,1,0,1,1,1.7384162900571716
6226,98.72,49,119,242.0,0.02,51,0,0,0,0,0,1,1,0,0,1.6917059208958065
6227,98.75,49,135,240.4,0.02,51,0,0,0,0,0,1,1,0,0,1.6988226890701679
6228,98.77,49,151,239.8,0.02,51,0,0,0,0,0,1,0,1,0,1.5678434440223146
6229,98.79,49,136,240.3,0.02,51,0,0,0,0,0,1,1,0,0,1.701224469048602
6230,98.81,49,142,239.7,0.02,51,0,0,0,0,0,1,1,0,0,1.5875675542234353
6231,98.83,50,142,229.7,0.02,50,0,0,0,1,1,0,1,1,1,1.5369310404758998
6232,98.86,49,134,240.5,0.02,51,0,0,0,0,0,1,1,0,0,1.5404533350548182
6233,98.88,49,139,241.0,0.02,51,0,0,0,0,0,1,0,0,0,1.6074417047250513
6234,98.9,49,141,240.8,0.02,51,0,0,0,0,0,1,0,1,0,1.572237751072071
6235,98.91,19,37,86.3,0.02,19,0,0,0,1,1,0,0,1,0,2.13399200483296
6236,98.93,49,132,241.7,0.02,51,0,0,0,0,0,1,0,0,0,1.4845406973856192
6237,98.95,49,149,238.9,0.02,51,0,0,0,0,0,1,1,0,1,1.4718396898067432
6238,98.97,49,135,241.4,0.02,51,0,0,0,0,0,1,0,0,0,1.555505496645342
6239,98.99,49,121,242.8,0.02,51,0,0,0,0,0,1,0,0,0,1.7078107001613894
6240,99.02,49,128,240.9,0.02,51,0,0,0,0,0,1,1,2,2,1.6176166447403546
6241,99.05,49,139,239.9,0.02,51,0,0,0,0,0,1,1,0,1,1.5144872305138501
6242,99.07,50,133,235.3,0.02,50,0,0,0,0,0,1,1,2,3,1.4970862635761704
6243,99.09,49,141,240.7,0.02,51,0,0,0,0,0,1,0,0,1,1.4721382699325152
6244,99.11,49,131,240.8,0.02,51,0,0,0,0,0,1,1,1,0,1.4337701571016954
6245,99.13,49,140,240.9,0.02,51,0,0,0,0,0,1,0,1,0,1.7485845726473515
6246,99.15,49,136,241.1,0.02,51,0,0,0,0,0,1,0,0,2,1.5116628332942388
6247,99.17,44,109,199.1,0.02,44,0,0,0,1,1,0,5,1,0,1.7345009044427468
6248,99.19,49,141,238.6,0.02,51,0,0,0,0,0,1,2,1,2,1.923896748804297
6249,99.21,49,116,243.2,0.02,51,0,0,0,0,0,1,0,0,1,1.6586443843963221
6250,99.24,49,154,238.5,0.02,51,0,0,0,0,0,1,1,0,0,1.5269031216947946
6251,99.24,15,32,70.3,0.02,16,0,0,0,1,1,0,1,1,5,2.163195075760174
6252,99.26,39,95,178.4,0.02,39,0,0,0,1,1,0,2,1,1,1.995559106969286
6253,99.26,8,30,28.9,0.02,8,0,0,0,1,1,0,3,1,1,1.869799627397921
6254,99.27,17,51,71.8,0.02,17,0,0,0,1,1,0,3,2,1,1.861704451417839
6255,99.28,12,36,48.3,0.02,12,0,0,0,1,1,0,3,1,1,2.2522234428606374
6256,99.3,49,168,236.1,0.02,51,0,0,0,0,0,1,2,1,0,1.9120249413159862
6257,99.32,49,126,242.3,0.02,51,0,0,0,0,0,1,0,1,0,1.7520058452113678
6258,99.35,49,139,240.8,0.02,51,0,0,0,0,0,1,0,0,2,1.6391314196060252
6259,99.37,50,138,236.0,0.02,50,0,0,0,0,0,1,0,2,1,1.8174307562587442
6260,99.39,49,127,242.2,0.02,51,0,0,0,0,0,1,0,0,0,1.771382093576085
6261,99.41,49,120,241.9,0.02,51,0,0,0,0,0,1,1,1,0,1.7798620862911196
6262,99.43,49,127,241.2,0.02,51,0,0,0,0,0,1,1,1,0,1.5956130530083663
6263,99.43,12,27,50.3,0.02,12,0,0,0,1,1,0,2,1,0,2.056851565246526
6264,99.45,49,151,239.8,0.02,51,0,0,0,0,0,1,0,0,0,1.6094615200784692
6265,99.48,49,143,239.6,0.02,51,0,0,0,0,0,1,1,0,0,1.6801683407855033
6266,99.5,49,143,240.6,0.02,51,0,0,0,0,0,1,0,2,0,1.5309253754865155
6267,99.52,49,133,240.4,0.02,51,0,0,0,0,0,1,1,0,2,1.7004554662325566
6268,99.54,42,101,194.9,0.02,42,0,0,0,1,1,0,0,1,0,1.6546048010344903
6269,99.56,49,141,239.7,0.02,51,0,0,0,0,0,1,1,0,1,1.722668685650237
6270,99.58,49,136,239.3,0.02,51,0,0,0,0,0,1,2,1,0,1.385317683924249
6271,99.6,49,136,240.3,0.02,51,0,0,0,0,0,1,1,0,0,1.6345453795158875
6272,99.62,49,141,240.7,0.02,51,0,0,0,0,0,1,0,0,1,1.7268027970228874
6273,99.64,49,121,242.8,0.02,51,0,0,0,0,0,1,0,0,0,1.5760955966356687
6274,99.66,49,116,243.3,0.02,51,0,0,0,0,0,1,0,0,0,1.8329911323672026
6275,99.68,49,132,241.7,0.02,51,0,0,0,0,0,1,0,0,0,1.6305404778042052
6276,99.71,49,150,239.9,0.02,51,0,0,0,0,0,1,0,0,0,1.5239611236268062
6277,99.73,49,124,242.4,0.02,51,0,0,0,0,0,1,0,0,1,1.5468717016437332
6278,99.74,49,125,242.4,0.02,51,0,0,0,0,0,1,0,0,0,1.5766190089142256
6279,99.77,49,144,238.4,0.02,51,0,0,0,0,0,1,2,0,1,1.7316603317162804
6280,99.79,49,140,239.9,0.02,51,0,0,0,0,0,1,1,0,0,1.6410017410856683
6281,99.81,49,139,241.0,0.02,51,0,0,0,0,0,1,0,0,0,1.6643614274063785
6282,99.83,49,133,241.5,0.02,51,0,0,0,0,0,1,0,1,1,1.5253319404105645
6283,99.85,49,142,239.7,0.02,51,0,0,0,0,0,1,1,2,0,1.7350161124615144
6284,99.87,49,120,240.9,0.02,51,0,0,0,0,0,1,2,0,0,1.6037272065323664
6285,99.89,49,127,242.2,0.02,51,0,0,0,0,0,1,0,0,0,1.7277270243607281
6286,99.91,49,131,240.7,0.02,51,0,0,0,0,0,1,1,0,1,1.5133393040954224
6287,99.94,49,151,238.6,0.02,51,0,0,0,0,0,1,1,1,2,1.5470552358168772
6288,99.96,49,145,238.2,0.02,51,0,0,0,0,0,1,2,0,2,1.66125574068452
6289,99.98,49,116,241.3,0.02,51,0,0,0,0,0,1,2,0,0,1.7730225306276173
6290,100.0,49,127,241.2,0.02,51,0,0,0,0,0,1,1,2,0,1.7987342474881267
6291,100.02,49,131,240.8,0.02,51,0,0,0,0,0,1,1,0,0,1.689599253202249
6292,100.04,49,128,242.0,0.02,51,0,0,0,0,0,1,0,0,1,1.7516666402701437
6293,100.06,49,143,238.5,0.02,51,0,0,0,0,0,1,2,1,1,1.5326641756919244
6294,100.08,49,120,240.9,0.02,51,0,0,0,0,0,1,2,0,0,1.7049317384410358
6295,100.11,49,141,238.8,0.02,51,0,0,0,0,0,1,2,0,0,1.715642253096332
6296,100.13,49,123,242.6,0.02,51,0,0,0,0,0,1,0,0,0,1.6434623146418332
6297,100.15,49,132,239.7,0.02,51,0,0,0,0,0,1,2,1,0,1.6300788718178159
6298,100.17,49,133,241.6,0.02,51,0,0,0,0,0,1,0,0,0,1.4826544763407448
6299,100.17,12,40,47.5,0.02,12,0,0,0,1,1,0,3,1,5,1.9076397497170667
6300,100.2,49,163,238.4,0.02,51,0,0,0,0,0,1,0,0,2,1.6453242833449968
6301,100.22,49,134,240.5,0.02,51,0,0,0,0,0,1,1,0,0,1.894013611421667
6302,100.24,49,142,237.6,0.02,51,0,0,0,0,0,1,3,0,1,1.540885483999791
6303,100.26,34,73,161.7,0.02,35,0,0,0,1,1,0,1,1,0,1.9187282162889367
6304,100.28,49,137,241.2,0.02,51,0,0,0,0,0,1,0,1,0,1.7598719068142972
6305,100.28,2,10,1.0,0.02,2,0,0,0,1,1,0,3,1,0,3.625079178082592
6306,100.29,24,61,105.9,0.02,24,0,0,0,1,1,0,3,1,0,1.9535926963753725
6307,100.31,49,137,239.9,0.02,51,0,0,0,0,0,1,1,0,3,1.7362863378831344
6308,100.33,49,138,240.1,0.02,51,0,0,0,0,0,1,1,0,0,1.6459843362197955
6309,100.36,49,136,240.3,0.02,51,0,0,0,0,0,1,1,2,0,1.6574419153241682
6310,100.38,49,124,242.5,0.02,51,0,0,0,0,0,1,0,0,0,1.59025419447374
6311,100.4,49,145,240.2,0.02,51,0,0,0,0,0,1,0,0,2,1.708028586967375
6312,100.42,49,150,238.9,0.02,51,0,0,0,0,0,1,1,0,0,1.4668914819765566
6313,100.44,49,134,240.5,0.02,51,0,0,0,0,0,1,1,0,0,1.506793158188281
6314,100.45,10,70,35.6,0.02,10,0,0,0,1,1,0,2,1,4,1.8270812800971699
6315,100.47,34,98,152.1,0.02,34,0,0,0,1,1,0,3,3,1,1.7331257023524067
6316,100.49,49,138,239.7,0.02,51,0,0,0,0,0,1,1,1,4,1.8294372826894985
6317,100.51,49,143,240.5,0.02,51,0,0,0,0,0,1,0,0,1,1.5719523120099212
6318,100.54,49,143,238.6,0.02,51,0,0,0,0,0,1,2,0,0,1.6769938749145747
6319,100.56,49,140,240.9,0.02,51,0,0,0,0,0,1,0,0,0,1.6516834880639513
6320,100.56,7,13,28.7,0.02,7,0,0,0,1,1,0,0,1,0,3.0348172370464264
6321,100.58,49,127,241.2,0.02,51,0,0,0,0,0,1,1,0,0,1.6961622275573243
6322,100.6,49,133,240.6,0.02,51,0,0,0,0,0,1,1,0,0,1.6111566994342392
6323,100.62,49,137,241.0,0.02,51,0,0,0,0,0,1,0,1,2,1.5760762814197897
6324,100.65,49,134,241.5,0.02,51,0,0,0,0,0,1,0,1,0,1.8559920799242238
6325,100.67,49,129,241.0,0.02,51,0,0,0,0,0,1,1,1,0,1.5500439989656347
6326,100.68,18,54,81.4,0.02,19,0,0,0,1,1,0,3,2,2,1.6297228049765957
6327,100.68,11,21,47.7,0.02,11,0,0,0,1,1,0,0,1,2,2.9944546109330097
6328,100.7,49,126,242.3,0.02,51,0,0,0,0,0,1,0,0,0,1.7579651478340867
6329,100.72,49,123,242.6,0.02,51,0,0,0,0,0,1,0,0,0,1.5029575170434246
6330,100.74,49,127,242.2,0.02,51,0,0,0,0,0,1,0,0,0,1.5626280669792934
6331,100.76,49,117,243.2,0.02,51,0,0,0,0,0,1,0,0,0,1.6206085484744404
6332,100.78,49,132,241.6,0.02,51,0,0,0,0,0,1,0,0,1,1.6415762367485127
6333,100.8,49,123,242.5,0.02,51,0,0,0,0,0,1,0,0,1,1.4946642187327344
6334,100.82,49,123,242.6,0.02,51,0,0,0,0,0,1,0,1,0,1.3372724303601506
6335,100.84,49,138,241.1,0.02,51,0,0,0,0,0,1,0,0,0,1.5949990424852267
6336,100.86,49,123,242.6,0.02,51,0,0,0,0,0,1,0,0,0,1.6600198254721101
6337,100.88,49,138,241.0,0.02,51,0,0,0,0,0,1,0,0,1,1.6235065429103157
6338,100.9,49,128,242.0,0.02,51,0,0,0,0,0,1,0,0,1,1.7037177124974654
6339,100.92,49,141,240.8,0.02,51,0,0,0,0,0,1,0,0,0,1.5797260115026543
6340,100.94,49,131,241.8,0.02,51,0,0,0,0,0,1,0,0,0,1.78665202415297
6341,100.97,49,162,237.3,0.02,51,0,0,0,0,0,1,1,0,4,1.5792481707688188
6342,100.98,25,47,115.3,0.02,25,0,0,0,1,1,0,0,1,0,2.014298931057504
6343,101.0,49,144,239.5,0.02,51,0,0,0,0,0,1,1,1,0,1.536993670384536
6344,101.02,49,131,241.8,0.02,51,0,0,0,0,0,1,0,0,0,1.6075577221613067
6345,101.03,30,62,137.8,0.02,30,0,0,0,1,1,0,1,1,0,1.8919789571403525
6346,101.05,49,129,241.9,0.02,51,0,0,0,0,0,1,0,1,1,1.680596583731454
6347,101.07,49,123,242.6,0.02,51,0,0,0,0,0,1,0,0,0,1.787948970692664
6348,101.09,49,143,239.6,0.02,51,0,0,0,0,0,1,1,0,0,1.7593577613642646
6349,101.12,49,139,241.0,0.02,51,0,0,0,0,0,1,0,0,0,1.6279069902135037
6350,101.14,49,151,239.8,0.02,51,0,0,0,0,0,1,0,0,0,1.5979186349935917
6351,101.16,50,141,235.8,0.02,50,0,0,0,0,0,1,0,1,0,1.3813371487333954
6352,101.18,49,133,241.4,0.02,51,0,0,0,0,0,1,0,0,2,1.6244653751148184
6353,101.2,49,133,240.5,0.02,51,0,0,0,0,0,1,1,0,1,1.7201172532158473
6354,101.22,49,139,239.0,0.02,51,0,0,0,0,0,1,2,0,0,1.7383677371936284
6355,101.25,49,139,239.0,0.02,51,0,0,0,0,0,1,2,0,0,1.424029774386258
6356,101.27,49,139,239.9,0.02,51,0,0,0,0,0,1,1,1,1,1.5922678314065786
6357,101.29,49,135,240.4,0.02,51,0,0,0,0,0,1,1,0,0,1.7233395188283211
6358,101.31,49,141,240.8,0.02,51,0,0,0,0,0,1,0,0,0,1.595467062841096
6359,101.33,49,129,240.8,0.02,51,0,0,0,0,0,1,1,0,2,1.4415207700514276
6360,101.36,49,160,237.7,0.02,51,0,0,0,0,0,1,1,0,2,1.5015395796393107
6361,101.38,49,136,241.2,0.02,51,0,0,0,0,0,1,0,0,1,1.5586744138527309
6362,101.4,49,138,241.1,0.02,51,0,0,0,0,0,1,0,1,0,1.6807713561375817
6363,101.43,49,153,239.6,0.02,51,0,0,0,0,0,1,0,0,0,1.5399765522048259
6364,101.43,16,35,67.5,0.02,16,0,0,0,1,1,0,4,2,0,2.2156970143496615
6365,101.45,49,132,241.6,0.02,51,0,0,0,0,0,1,0,0,1,1.6617063515936712
6366,101.47,49,139,240.7,0.02,51,0,0,0,0,0,1,0,1,3,1.6692999718659591
6367,101.49,49,121,242.8,0.02,51,0,0,0,0,0,1,0,0,0,1.484987470699709
6368,101.52,49,145,239.2,0.02,51,0,0,0,0,0,1,1,0,2,1.8276282599367206
6369,101.54,49,132,240.7,0.02,51,0,0,0,0,0,1,1,0,0,1.7647200861851684
6370,101.54,13,25,54.5,0.02,13,0,0,0,1,1,0,3,1,0,2.4183179941267254
6371,101.56,37,89,171.1,0.02,37,0,0,0,1,1,0,0,1,0,1.8019691965805802
6372,101.58,49,126,241.3,0.02,51,0,0,0,0,0,1,1,0,0,1.6373091334118202
6373,101.6,49,120,241.7,0.02,51,0,0,0,0,0,1,1,0,2,1.4050764060869658
6374,101.62,49,137,241.2,0.02,51,0,0,0,0,0,1,0,0,0,1.5682277844276187
6375,101.64,49,166,235.2,0.02,51,0,0,0,0,0,1,3,0,1,1.5901412204752432
6376,101.66,49,129,240.9,0.02,51,0,0,0,0,0,1,1,1,1,1.6933076590036906
6377,101.68,49,133,241.3,0.02,51,0,0,0,0,0,1,0,0,3,1.5422877879070012
6378,101.71,49,138,240.1,0.02,51,0,0,0,0,0,1,1,0,0,1.631999918224567
6379,101.73,49,132,241.6,0.02,51,0,0,0,0,0,1,0,0,1,1.6401639495721811
6380,101.75,49,142,237.7,0.02,51,0,0,0,0,0,1,3,0,0,1.831417153236192
6381,101.77,49,146,240.1,0.02,51,0,0,0,0,0,1,0,1,2,1.5425331515197829
6382,101.79,49,117,243.2,0.02,51,0,0,0,0,0,1,0,0,0,1.5511309362584065
6383,101.81,49,126,240.3,0.02,51,0,0,0,0,0,1,2,0,0,1.7019023897331838
6384,101.83,49,121,241.8,0.02,51,0,0,0,0,0,1,1,0,0,1.5895805142104102
6385,101.85,49,138,241.0,0.02,51,0,0,0,0,0,1,0,0,1,1.4884820417108617
6386,101.87,49,124,242.5,0.02,51,0,0,0,0,0,1,0,1,0,1.4629220114229893
6387,101.89,49,120,242.9,0.02,51,0,0,0,0,0,1,0,1,0,1.610374273258408
6388,101.91,49,137,240.1,0.02,51,0,0,0,0,0,1,1,1,1,1.6955140689530288
6389,101.93,49,128,241.1,0.02,51,0,0,0,0,0,1,1,1,0,1.4238344523437025
6390,101.95,49,129,240.9,0.02,51,0,0,0,0,0,1,1,0,1,1.7121973904784213
6391,101.98,49,138,239.0,0.02,51,0,0,0,0,0,1,2,0,1,1.4099213544941926
6392,102.0,49,129,240.0,0.02,51,0,0,0,0,0,1,2,0,0,1.559615698273255
6393,102.02,49,136,241.2,0.02,51,0,0,0,0,0,1,0,0,1,1.6239303593615202
6394,102.04,49,154,239.4,0.02,51,0,0,0,0,0,1,0,0,1,1.6877448009018547
6395,102.06,39,91,179.9,0.02,39,0,0,0,1,1,0,1,1,0,1.6846063998154956
6396,102.08,49,131,241.7,0.02,51,0,0,0,0,0,1,0,1,1,1.8235205858013663
6397,102.1,49,145,240.3,0.02,51,0,0,0,0,0,1,0,0,1,1.515611612157878
6398,102.12,49,134,240.5,0.02,51,0,0,0,0,0,1,1,0,0,1.7684398166709614
6399,102.14,49,140,238.9,0.02,51,0,0,0,0,0,1,2,0,0,1.532500506671771
6400,102.17,50,145,233.9,0.02,50,0,0,0,0,0,1,1,2,5,1.8206634141909934
6401,102.19,50,130,236.8,0.02,50,0,0,0,0,0,1,0,1,1,1.6377897984148377
6402,102.21,49,138,241.0,0.02,51,0,0,0,0,0,1,0,0,1,1.502614002950516
6403,102.23,49,127,242.2,0.02,51,0,0,0,0,0,1,0,0,0,1.5420770531715902
6404,102.25,49,143,239.6,0.02,51,0,0,0,0,0,1,1,0,0,1.4773174824245163
6405,102.27,49,126,242.0,0.02,51,0,0,0,0,0,1,0,0,3,1.56981240659624
6406,102.29,49,125,241.3,0.02,51,0,0,0,0,0,1,1,0,1,1.7437341866935263
6407,102.32,49,162,237.7,0.02,51,0,0,0,0,0,1,1,2,0,1.6616036219684351
6408,102.34,49,126,242.2,0.02,51,0,0,0,0,0,1,0,0,1,1.9412105988838488
6409,102.36,49,125,242.2,0.02,51,0,0,0,0,0,1,0,0,2,1.6876777483912864
6410,102.38,49,117,243.2,0.02,51,0,0,0,0,0,1,0,0,0,1.7105082044961621
6411,102.4,49,126,242.3,0.02,51,0,0,0,0,0,1,0,0,0,1.5996081008787189
6412,102.42,49,146,238.1,0.02,51,0,0,0,0,0,1,2,2,2,1.7327267796772667
6413,102.44,49,154,237.5,0.02,51,0,0,0,0,0,1,2,1,0,1.6174969160523414
6414,102.46,49,127,242.2,0.02,51,0,0,0,0,0,1,0,0,0,1.6366821969367273
6415,102.48,39,95,180.4,0.02,39,0,0,0,1,1,0,0,2,1,1.5306141202187566
6416,102.5,49,151,238.8,0.02,51,0,0,0,0,0,1,1,0,0,1.5025388955271928
6417,102.52,49,120,242.8,0.02,51,0,0,0,0,0,1,0,0,1,1.490312268722827
6418,102.54,49,137,239.0,0.02,51,0,0,0,0,0,1,2,0,2,1.571248018000933
6419,102.56,49,141,240.8,0.02,51,0,0,0,0,0,1,0,0,0,1.345387031227801
6420,102.58,37,107,172.2,0.02,38,0,0,0,1,1,0,2,1,1,1.3449569237501897
6421,102.59,30,70,136.7,0.02,30,0,0,0,1,1,0,1,1,3,1.692679081780992
6422,102.61,48,127,219.1,0.02,48,0,0,0,1,1,0,3,1,2,1.5982418232600843
6423,102.64,49,157,237.2,0.02,51,0,0,0,0,0,1,2,1,0,1.5031938519123103
6424,102.66,32,106,140.4,0.02,32,0,0,0,1,1,0,4,1,0,1.7169916938881664
6425,102.68,49,156,229.1,0.02,51,0,0,0,0,0,1,9,0,12,1.7356065797185638
6426,102.7,49,136,241.3,0.02,51,0,0,0,0,0,1,0,0,0,1.7702370722760632
6427,102.71,21,41,95.8,0.02,21,0,0,0,1,1,0,0,1,1,1.8086769349154368
6428,102.72,26,60,116.8,0.02,26,0,0,0,1,1,0,2,1,2,1.6708670335680271
6429,102.73,37,90,167.8,0.02,37,0,0,0,1,1,0,3,1,2,1.942866287929175
6430,102.76,49,137,241.1,0.02,51,0,0,0,0,0,1,0,0,1,1.5871793002869712
6431,102.78,49,154,238.4,0.02,51,0,0,0,0,0,1,1,1,1,1.6530747782873776
6432,102.8,49,132,240.5,0.02,51,0,0,0,0,0,1,1,1,2,1.6405653199638368
6433,102.82,49,118,242.0,0.02,51,0,0,0,0,0,1,1,1,1,1.8089404785303662
6434,102.84,49,142,240.6,0.02,51,0,0,0,0,0,1,0,1,1,1.6231713806332282
6435,102.87,49,144,239.5,0.02,51,0,0,0,0,0,1,1,2,0,1.4992634000075489
6436,102.88,24,58,106.1,0.02,24,0,0,0,1,1,0,3,1,1,2.014760582113173
6437,102.9,49,130,241.8,0.02,51,0,0,0,0,0,1,0,0,1,1.6919019825711739
6438,102.92,49,128,242.0,0.02,51,0,0,0,0,0,1,0,1,1,1.7496730293980054
6439,102.94,49,141,239.8,0.02,51,0,0,0,0,0,1,1,0,0,1.7924404432717238
6440,102.96,49,137,240.2,0.02,51,0,0,0,0,0,1,1,0,0,1.6479760499564045
6441,102.98,49,124,240.5,0.02,51,0,0,0,0,0,1,2,1,0,1.7089018099571844
6442,103.0,49,148,239.1,0.02,51,0,0,0,0,0,1,1,2,0,1.6704452751114798
6443,103.03,49,162,235.7,0.02,51,0,0,0,0,0,1,3,2,0,1.8520125120660977
6444,103.05,49,144,238.5,0.02,51,0,0,0,0,0,1,2,1,0,1.6609095561456662
6445,103.08,49,154,224.6,0.02,49,0,0,0,1,1,0,0,1,0,1.6136362938675863
6446,103.1,49,135,241.3,0.02,51,0,0,0,0,0,1,0,0,1,1.725378191038692
6447,103.12,49,156,238.3,0.02,51,0,0,0,0,0,1,1,0,0,1.5512323464026219
6448,103.13,8,24,29.5,0.02,8,0,0,0,1,1,0,3,1,1,2.1059471579277
6449,103.15,49,144,240.2,0.02,51,0,0,0,0,0,1,0,0,3,1.59055934773308
6450,103.17,49,131,241.7,0.02,51,0,0,0,0,0,1,0,0,1,1.7315019841281247
6451,103.19,49,146,239.1,0.02,51,0,0,0,0,0,1,1,0,2,1.6604674700708337
6452,103.22,49,140,239.8,0.02,51,0,0,0,0,0,1,1,0,1,1.631174729001755
6453,103.24,49,148,240.0,0.02,51,0,0,0,0,0,1,0,0,1,1.690655706624202
6454,103.24,9,31,33.9,0.02,9,0,0,0,1,1,0,3,1,0,1.9272398234576769
6455,103.27,49,152,236.7,0.02,51,0,0,0,0,0,1,3,0,0,1.5021009253552635
6456,103.29,49,155,238.1,0.02,51,0,0,0,0,0,1,1,0,3,1.3855262449908927
6457,103.31,49,125,240.4,0.02,51,0,0,0,0,0,1,2,0,0,1.6599968333502892
6458,103.32,16,35,71.5,0.02,16,0,0,0,1,1,0,0,1,0,1.7947884672632484
6459,103.34,49,146,240.3,0.02,51,0,0,0,0,0,1,0,0,0,1.748909976207969
6460,103.37,49,141,240.4,0.02,51,0,0,0,0,0,1,0,0,4,1.6253364329542386
6461,103.38,37,85,171.5,0.02,37,0,0,0,1,1,0,0,1,0,1.7480019412216894
6462,103.4,49,130,240.6,0.02,51,0,0,0,0,0,1,1,1,3,1.5295856544249191
6463,103.42,49,130,241.9,0.02,51,0,0,0,0,0,1,0,0,0,1.472183885217185
6464,103.44,49,144,240.5,0.02,51,0,0,0,0,0,1,0,0,0,1.4436679242263895
6465,103.45,0,6,-9.6,0.02,0,0,0,0,1,1,0,4,1,0,5.698225295366879
6466,103.45,1,8,-3.9,0.02,1,0,0,0,1,1,0,3,1,1,5.596756962023056
6467,103.47,49,174,235.5,0.02,51,0,0,0,0,0,1,2,1,0,1.6343586812360498
6468,103.5,49,135,239.3,0.02,51,0,0,0,0,0,1,2,1,1,1.6892529506739682
6469,103.52,49,126,241.3,0.02,51,0,0,0,0,0,1,1,0,0,1.8265925612824505
6470,103.54,49,151,239.8,0.02,51,0,0,0,0,0,1,0,1,0,1.6773095201959811
6471,103.56,49,123,240.6,0.02,51,0,0,0,0,0,1,2,0,0,1.578463584622098
6472,103.58,49,121,242.8,0.02,51,0,0,0,0,0,1,0,0,0,1.6894824173167724
6473,103.6,49,148,239.0,0.02,51,0,0,0,0,0,1,1,1,1,1.5309135523302724
6474,103.62,49,129,242.0,0.02,51,0,0,0,0,0,1,0,0,0,1.3859996325068478
6475,103.65,49,147,240.2,0.02,51,0,0,0,0,0,1,0,0,0,1.4867220885607875
6476,103.67,49,138,238.1,0.02,51,0,0,0,0,0,1,3,0,0,1.5014697274959468
6477,103.68,22,49,100.1,0.02,22,0,0,0,1,1,0,0,1,0,1.935985802307234
6478,103.7,49,125,242.4,0.02,51,0,0,0,0,0,1,0,0,0,1.5379811552579532
6479,103.72,49,126,242.3,0.02,51,0,0,0,0,0,1,0,1,0,1.5925737503422273
6480,103.74,49,141,240.8,0.02,51,0,0,0,0,0,1,0,1,0,1.4482753042491434
6481,103.76,49,152,239.7,0.02,51,0,0,0,0,0,1,0,0,0,1.4354149359902095
6482,103.78,49,131,241.7,0.02,51,0,0,0,0,0,1,0,1,1,1.495825177315282
6483,103.8,49,134,241.5,0.02,51,0,0,0,0,0,1,0,0,0,1.4899471273754044
6484,103.82,26,63,114.6,0.02,26,0,0,0,1,1,0,4,1,1,1.745172262509015
6485,103.82,22,46,98.4,0.02,22,0,0,0,1,1,0,2,1,0,1.8470779893639395
6486,103.85,49,138,241.1,0.02,51,0,0,0,0,0,1,0,0,0,1.4302291904975195
6487,103.87,49,142,239.7,0.02,51,0,0,0,0,0,1,1,0,0,1.4445533898130356
6488,103.89,50,139,234.0,0.02,50,0,0,0,0,0,1,2,1,0,1.4808113492089656
6489,103.91,49,134,241.5,0.02,51,0,0,0,0,0,1,0,0,0,1.7960526366775922
6490,103.93,49,129,239.8,0.02,51,0,0,0,0,0,1,2,0,2,1.4554530271518558
6491,103.95,49,128,242.0,0.02,51,0,0,0,0,0,1,0,1,1,1.5105665195985698
6492,103.97,49,132,241.7,0.02,51,0,0,0,0,0,1,0,0,0,1.556251536070807
6493,103.99,49,117,243.1,0.02,51,0,0,0,0,0,1,0,0,1,1.749976620185324
6494,104.01,49,141,238.8,0.02,51,0,0,0,0,0,1,2,0,0,1.5898204473353346
6495,104.04,49,163,237.5,0.02,51,0,0,0,0,0,1,1,2,1,1.5950668630286664
6496,104.06,49,142,239.7,0.02,51,0,0,0,0,0,1,1,0,0,1.4843467199915694
6497,104.08,49,131,240.8,0.02,51,0,0,0,0,0,1,1,1,0,1.7146233972579825
6498,104.1,49,144,238.5,0.02,51,0,0,0,0,0,1,2,0,0,1.7625011134051922
6499,104.13,49,151,238.7,0.02,51,0,0,0,0,0,1,1,0,1,1.5384166774863568
6500,104.15,49,132,240.7,0.02,51,0,0,0,0,0,1,1,0,0,1.6161127525636692
6501,104.17,49,134,239.4,0.02,51,0,0,0,0,0,1,2,0,1,1.6143627361469017
6502,104.17,9,20,34.9,0.02,9,0,0,0,1,1,0,3,1,1,3.5740473584780887
6503,104.2,49,155,239.4,0.02,51,0,0,0,0,0,1,0,0,0,1.4118711068783685
6504,104.22,50,134,227.6,0.02,50,0,0,0,1,1,0,4,1,0,1.4570662756401223
6505,104.24,49,156,238.3,0.02,51,0,0,0,0,0,1,1,2,0,1.5364537908019198
6506,104.25,16,33,71.7,0.02,16,0,0,0,1,1,0,0,1,0,1.8802283472204475
6507,104.27,49,140,238.8,0.02,51,0,0,0,0,0,1,2,0,1,1.512834810586368
6508,104.29,49,136,241.2,0.02,51,0,0,0,0,0,1,0,0,1,1.6570271215386896
6509,104.31,49,141,240.7,0.02,51,0,0,0,0,0,1,0,0,1,1.6394399651170246
6510,104.34,49,143,240.6,0.02,51,0,0,0,0,0,1,0,1,0,1.61203043747895
6511,104.36,49,155,237.4,0.02,51,0,0,0,0,0,1,2,0,0,1.6419218911209263
6512,104.37,14,31,61.9,0.02,14,0,0,0,1,1,0,0,1,0,2.111674285591987
6513,104.39,49,139,238.8,0.02,51,0,0,0,0,0,1,2,0,2,1.4755802969522496
6514,104.41,49,143,238.6,0.02,51,0,0,0,0,0,1,2,1,0,1.7167633064391679
6515,104.43,49,132,240.6,0.02,51,0,0,0,0,0,1,1,0,1,1.5741650207334092
6516,104.45,49,129,242.0,0.02,51,0,0,0,0,0,1,0,0,0,1.6010877282553608
6517,104.47,49,127,240.2,0.02,51,0,0,0,0,0,1,2,1,0,1.7789408210784508
6518,104.49,49,129,240.9,0.02,51,0,0,0,0,0,1,1,0,1,1.5178973749122768
6519,104.51,44,120,200.0,0.02,44,0,0,0,1,1,0,3,1,0,1.604382123652736
6520,104.53,49,154,237.5,0.02,51,0,0,0,0,0,1,2,0,0,1.399254624129851
6521,104.56,49,136,240.3,0.02,51,0,0,0,0,0,1,1,0,0,1.58283812743327
6522,104.58,49,132,241.7,0.02,51,0,0,0,0,0,1,0,2,0,1.525860823697482
6523,104.6,49,137,237.2,0.02,51,0,0,0,0,0,1,4,1,0,1.4671813361110253
6524,104.62,49,136,240.3,0.02,51,0,0,0,0,0,1,1,0,0,1.6328873379602091
6525,104.64,49,110,242.9,0.02,51,0,0,0,0,0,1,1,0,0,1.365236057562355
6526,104.66,49,139,238.9,0.02,51,0,0,0,0,0,1,2,0,1,1.5607081639455156
6527,104.68,49,136,239.2,0.02,51,0,0,0,0,0,1,2,0,1,1.438324397244263
6528,104.7,49,137,241.1,0.02,51,0,0,0,0,0,1,0,1,1,1.6308620093610078
6529,104.72,49,136,240.2,0.02,51,0,0,0,0,0,1,1,0,1,1.5242606755608854
6530,104.75,49,130,240.9,0.02,51,0,0,0,0,0,1,1,0,0,1.6004327621433145
6531,104.77,49,129,239.8,0.02,51,0,0,0,0,0,1,2,0,2,1.6967252845108585
6532,104.79,49,145,240.2,0.02,51,0,0,0,0,0,1,0,2,2,1.6980432827270693
6533,104.81,49,123,240.6,0.02,51,0,0,0,0,0,1,2,0,0,1.6262374824721006
6534,104.83,49,140,240.9,0.02,51,0,0,0,0,0,1,0,1,0,1.4311865558040766
6535,104.85,49,150,239.9,0.02,51,0,0,0,0,0,1,0,0,0,1.621028598804442
6536,104.88,49,144,237.3,0.02,51,0,0,0,0,0,1,3,0,2,1.5450553747670346
6537,104.9,49,151,238.8,0.02,51,0,0,0,0,0,1,1,0,0,1.6755000617660487
6538,104.92,49,134,239.5,0.02,51,0,0,0,0,0,1,2,0,0,1.508521540400858
6539,104.94,49,137,241.2,0.02,51,0,0,0,0,0,1,0,0,0,1.498948558858564
6540,104.96,49,145,238.3,0.02,51,0,0,0,0,0,1,2,0,1,1.6463508293233007
6541,104.98,49,129,241.9,0.02,51,0,0,0,0,0,1,0,1,1,1.794306186825246
6542,105.01,49,137,241.2,0.02,51,0,0,0,0,0,1,0,1,0,1.4865481127398856
6543,105.03,49,131,241.8,0.02,51,0,0,0,0,0,1,0,0,0,1.6598129994961217
6544,105.05,49,129,240.9,0.02,51,0,0,0,0,0,1,1,0,1,1.5980925061873152
6545,105.07,49,136,241.3,0.02,51,0,0,0,0,0,1,0,0,0,1.4779661378596227
6546,105.09,49,126,242.2,0.02,51,0,0,0,0,0,1,0,0,1,1.8263238955703276
6547,105.11,49,144,239.5,0.02,51,0,0,0,0,0,1,1,0,0,1.5274375246539074
6548,105.13,49,140,237.9,0.02,51,0,0,0,0,0,1,3,0,0,1.6628694862657944
6549,105.16,49,154,238.5,0.02,51,0,0,0,0,0,1,1,0,0,1.539010788890353
6550,105.18,49,144,239.4,0.02,51,0,0,0,0,0,1,1,0,1,1.5411069034329439
6551,105.2,49,152,239.7,0.02,51,0,0,0,0,0,1,0,1,0,1.5983849180381278
6552,105.23,49,139,239.9,0.02,51,0,0,0,0,0,1,1,0,1,1.5570874939025938
6553,105.25,49,138,241.0,0.02,51,0,0,0,0,0,1,0,0,1,1.737551335552423
6554,105.27,49,130,239.9,0.02,51,0,0,0,0,0,1,2,0,0,1.541997069856686
6555,105.29,49,134,241.4,0.02,51,0,0,0,0,0,1,0,0,1,1.7522777376029406
6556,105.31,50,143,225.7,0.02,50,0,0,0,1,1,0,5,1,0,1.4322087961003496
6557,105.34,49,143,239.5,0.02,51,0,0,0,0,0,1,1,0,1,1.5830746673443212
6558,105.36,49,165,238.4,0.02,51,0,0,0,0,0,1,0,0,0,1.4010767742423564
6559,105.38,49,123,242.6,0.02,51,0,0,0,0,0,1,0,2,0,1.8174653154793838
6560,105.4,49,125,242.3,0.02,51,0,0,0,0,0,1,0,0,1,1.6798707046833836
6561,105.4,6,16,19.4,0.02,6,0,0,0,1,1,0,4,1,0,2.4818454610638803
6562,105.43,49,138,240.1,0.02,51,0,0,0,0,0,1,1,0,0,1.531351099259343
6563,105.43,11,31,41.9,0.02,11,0,0,0,1,1,0,5,1,0,2.33578996681842
6564,105.44,20,56,85.4,0.02,20,0,0,0,1,1,0,4,1,0,1.7863366916412562
6565,105.46,49,141,224.8,0.02,49,0,0,0,1,1,0,1,2,1,1.5502925772924754
6566,105.49,49,141,238.7,0.02,51,0,0,0,0,0,1,2,1,1,1.5656229807245985
6567,105.51,49,139,238.9,0.02,51,0,0,0,0,0,1,2,1,1,1.7623814717950979
6568,105.52,11,31,43.9,0.02,11,0,0,0,1,1,0,3,1,0,2.0452651095959626
6569,105.53,24,62,108.7,0.02,24,0,0,0,1,1,0,0,1,1,1.6625833697212475
6570,105.55,49,136,241.3,0.02,51,0,0,0,0,0,1,0,1,0,1.7992584433388923
6571,105.57,49,143,238.6,0.02,51,0,0,0,0,0,1,2,0,0,1.7017162178608782
6572,105.59,49,140,238.9,0.02,51,0,0,0,0,0,1,2,0,0,1.6078061713916638
6573,105.62,49,151,238.7,0.02,51,0,0,0,0,0,1,1,3,1,1.5179461028726533
6574,105.64,49,145,239.3,0.02,51,0,0,0,0,0,1,1,0,1,1.5455476511474437
6575,105.66,49,138,240.8,0.02,51,0,0,0,0,0,1,0,1,3,1.6702729701898433
6576,105.68,49,132,240.7,0.02,51,0,0,0,0,0,1,1,0,0,1.6201214804995934
6577,105.7,49,142,240.6,0.02,51,0,0,0,0,0,1,0,0,1,1.666598719056616
6578,105.72,41,105,189.4,0.02,41,0,0,0,1,1,0,0,2,1,1.6657766168940513
6579,105.73,15,46,61.4,0.02,15,0,0,0,1,1,0,4,1,0,2.1227639578317117
6580,105.75,49,143,240.6,0.02,51,0,0,0,0,0,1,0,0,0,1.5619071119507615
6581,105.77,49,142,239.6,0.02,51,0,0,0,0,0,1,1,0,1,1.6266486069603905
6582,105.8,49,146,239.3,0.02,51,0,0,0,0,0,1,1,1,0,1.5569411783193383
6583,105.82,49,122,241.7,0.02,51,0,0,0,0,0,1,1,0,0,1.6884531370265172
6584,105.84,49,147,239.2,0.02,51,0,0,0,0,0,1,1,1,0,1.5516577204940742
6585,105.86,49,132,238.6,0.02,51,0,0,0,0,0,1,3,0,1,1.4816428008171258
6586,105.88,49,130,239.8,0.02,51,0,0,0,0,0,1,2,0,1,1.6687868352539952
6587,105.9,43,104,195.5,0.02,43,0,0,0,1,1,0,4,2,1,1.735421324110625
6588,105.91,49,118,243.1,0.02,51,0,0,0,0,0,1,0,0,0,1.6813780456764487
6589,105.94,49,132,241.7,0.02,51,0,0,0,0,0,1,0,1,0,1.6962213627896068
6590,105.96,49,128,241.9,0.02,51,0,0,0,0,0,1,0,1,2,1.7033833027241638
6591,105.98,49,133,241.6,0.02,51,0,0,0,0,0,1,0,0,0,1.6510535269628999
6592,106.0,49,136,240.3,0.02,51,0,0,0,0,0,1,1,0,0,1.656081999740493
6593,106.02,49,145,239.3,0.02,51,0,0,0,0,0,1,1,0,1,1.77814994069568
6594,106.04,49,138,240.1,0.02,51,0,0,0,0,0,1,1,1,0,1.591850836863462
6595,106.06,49,140,240.8,0.02,51,0,0,0,0,0,1,0,2,1,1.5993693586212139
6596,106.08,49,129,241.8,0.02,51,0,0,0,0,0,1,0,0,2,1.6693109809556343
6597,106.11,49,139,238.0,0.02,51,0,0,0,0,0,1,3,1,0,1.587643162661861
6598,106.12,49,121,241.7,0.02,51,0,0,0,0,0,1,1,2,1,1.5872415745211808
6599,106.13,18,47,76.2,0.02,18,0,0,0,1,1,0,4,1,1,2.5129990255656662
6600,106.14,22,49,97.8,0.02,22,0,0,0,1,1,0,2,1,3,1.839914902640099
6601,106.15,6,28,18.0,0.02,6,0,0,0,1,1,0,4,1,2,2.206009180243065
6602,106.15,4,11,11.8,0.02,4,0,0,0,1,1,0,2,1,1,3.2608681160477526
6603,106.16,12,37,55.2,0.02,13,0,0,0,1,1,0,1,1,1,1.9338550877121867
6604,106.17,48,117,219.3,0.02,48,0,0,0,1,1,0,4,2,0,2.005325702130323
6605,106.2,49,136,241.3,0.02,51,0,0,0,0,0,1,0,1,0,1.7273897390785065
6606,106.22,49,138,240.1,0.02,51,0,0,0,0,0,1,1,0,0,1.6078844610727425
6607,106.24,49,149,239.0,0.02,51,0,0,0,0,0,1,1,0,0,1.648211052546669
6608,106.26,49,146,237.2,0.02,51,0,0,0,0,0,1,3,1,1,1.428599561284824
6609,106.29,49,160,235.7,0.02,51,0,0,0,0,0,1,3,0,2,1.6075668110481922
6610,106.31,49,114,242.5,0.02,51,0,0,0,0,0,1,1,0,0,1.6545507642794426
6611,106.31,0,9,-8.9,0.02,0,0,0,0,1,1,0,3,1,0,3.879053422820038
6612,106.32,18,49,78.0,0.02,18,0,0,0,1,1,0,2,1,1,1.9846839776350964
6613,106.32,10,39,38.1,0.02,10,0,0,0,1,1,0,3,1,0,2.0825305086667902
6614,106.33,16,34,70.3,0.02,16,0,0,0,1,1,0,1,1,3,2.2581059825713967
6615,106.34,20,52,85.8,0.02,20,0,0,0,1,1,0,4,1,0,1.8343755102806019
6616,106.35,18,52,76.7,0.02,18,0,0,0,1,1,0,3,1,1,1.9958512100611843
6617,106.37,49,161,238.8,0.02,51,0,0,0,0,0,1,0,0,0,1.7609234735728612
6618,106.4,49,141,240.8,0.02,51,0,0,0,0,0,1,0,0,0,1.616361825770262
6619,106.42,49,141,240.8,0.02,51,0,0,0,0,0,1,0,0,0,1.584367894031959
6620,106.44,49,128,242.0,0.02,51,0,0,0,0,0,1,0,0,1,1.831258209429114
6621,106.46,49,137,239.1,0.02,51,0,0,0,0,0,1,2,1,1,1.6958572654532575
6622,106.48,49,119,242.9,0.02,51,0,0,0,0,0,1,0,0,1,1.4969818635779168
6623,106.5,49,114,243.5,0.02,51,0,0,0,0,0,1,0,1,0,1.9943988019044576
6624,106.52,49,140,238.9,0.02,51,0,0,0,0,0,1,2,0,0,1.77860668024511
6625,106.54,49,133,240.6,0.02,51,0,0,0,0,0,1,1,1,0,1.793828858166575
6626,106.56,49,112,242.7,0.02,51,0,0,0,0,0,1,1,0,0,1.7796534135359745
6627,106.58,49,142,240.7,0.02,51,0,0,0,0,0,1,0,1,0,1.6587946614464086
6628,106.6,49,129,242.0,0.02,51,0,0,0,0,0,1,0,0,0,1.5846538930575351
6629,106.63,32,184,121.4,0.02,32,0,0,0,1,1,0,15,1,2,1.331970524658427
6630,106.65,49,128,240.1,0.02,51,0,0,0,0,0,1,2,1,0,1.5629115106160563
6631,106.67,49,131,241.8,0.02,51,0,0,0,0,0,1,0,0,0,1.4334200104925163
6632,106.68,25,72,111.8,0.02,25,0,0,0,1,1,0,1,1,0,1.9313757744298274
6633,106.71,49,134,240.2,0.02,51,0,0,0,0,0,1,1,0,3,1.6041642009562627
6634,106.72,44,97,202.3,0.02,44,0,0,0,1,1,0,3,2,0,1.8214116458712117
6635,106.74,49,131,241.8,0.02,51,0,0,0,0,0,1,0,0,0,1.5765462427793207
6636,106.77,49,148,240.1,0.02,51,0,0,0,0,0,1,0,1,0,1.6181927068612363
6637,106.78,35,73,162.7,0.02,35,0,0,0,1,1,0,0,1,0,1.6802333239357892
6638,106.8,49,126,241.3,0.02,51,0,0,0,0,0,1,1,0,0,1.6870968510322182
6639,106.82,49,142,240.7,0.02,51,0,0,0,0,0,1,0,1,0,1.6769808484477966
6640,106.84,49,130,241.7,0.02,51,0,0,0,0,0,1,0,1,2,1.5611323153611885
6641,106.86,49,114,242.3,0.02,51,0,0,0,0,0,1,1,0,2,1.7344762594404968
6642,106.88,49,125,241.4,0.02,51,0,0,0,0,0,1,1,1,0,1.710721225476817
6643,106.91,49,217,231.1,0.02,51,0,0,0,0,0,1,2,0,1,1.5056049613803701
6644,106.92,26,54,119.6,0.02,26,0,0,0,1,1,0,0,1,0,2.204500364017278
6645,106.94,49,136,240.2,0.02,51,0,0,0,0,0,1,1,1,1,1.7155260402450028
6646,106.96,49,133,240.5,0.02,51,0,0,0,0,0,1,1,0,1,1.8853247920592027
6647,106.98,49,123,242.6,0.02,51,0,0,0,0,0,1,0,0,0,1.7747090257179252
6648,107.01,49,137,241.1,0.02,51,0,0,0,0,0,1,0,0,1,1.6661088139450813
6649,107.03,49,138,241.1,0.02,51,0,0,0,0,0,1,0,0,0,1.7027805378358196
6650,107.05,49,128,240.1,0.02,51,0,0,0,0,0,1,2,0,0,1.5726803462324526
6651,107.06,40,99,190.0,0.02,41,0,0,0,1,1,0,0,1,1,1.6737443174450617
6652,107.09,49,155,237.4,0.02,51,0,0,0,0,0,1,2,0,0,1.593233297605918
6653,107.11,49,132,241.6,0.02,51,0,0,0,0,0,1,0,0,1,1.8281273997974297
6654,107.13,49,132,240.7,0.02,51,0,0,0,0,0,1,1,0,0,1.6244782478285753
6655,107.15,49,126,242.2,0.02,51,0,0,0,0,0,1,0,0,1,1.609915501585103
6656,107.17,49,141,237.8,0.02,51,0,0,0,0,0,1,3,0,0,1.4457026501324595
6657,107.19,49,147,240.2,0.02,51,0,0,0,0,0,1,0,0,0,1.6209511449118923
6658,107.21,49,122,242.6,0.02,51,0,0,0,0,0,1,0,0,1,1.6721962009102358
6659,107.24,49,144,239.5,0.02,51,0,0,0,0,0,1,1,0,0,1.5871242912037369
6660,107.26,49,151,239.6,0.02,51,0,0,0,0,0,1,0,0,2,1.5600193785935725
6661,107.28,49,148,239.0,0.02,51,0,0,0,0,0,1,1,1,1,1.4498730129351765
6662,107.3,49,133,241.6,0.02,51,0,0,0,0,0,1,0,0,0,1.6833517845606791
6663,107.32,49,124,241.4,0.02,51,0,0,0,0,0,1,1,0,1,1.9063499799113153
6664,107.34,49,129,241.0,0.02,51,0,0,0,0,0,1,1,1,0,1.76046962428225
6665,107.36,49,109,244.0,0.02,51,0,0,0,0,0,1,0,0,0,1.7510657783823884
6666,107.39,49,147,238.2,0.02,51,0,0,0,0,0,1,2,0,0,1.6034758179422652
6667,107.4,49,123,242.6,0.02,51,0,0,0,0,0,1,0,0,0,1.6331224910120143
6668,107.42,49,121,240.7,0.02,51,0,0,0,0,0,1,2,0,1,1.8531526842596704
6669,107.44,49,126,241.3,0.02,51,0,0,0,0,0,1,1,0,0,1.73002810826313
6670,107.46,49,130,240.9,0.02,51,0,0,0,0,0,1,1,1,0,1.848046643128177
6671,107.48,49,126,242.2,0.02,51,0,0,0,0,0,1,0,0,1,1.7752338393049463
6672,107.5,49,132,241.6,0.02,51,0,0,0,0,0,1,0,0,1,1.5499708816997053
6673,107.53,49,142,240.6,0.02,51,0,0,0,0,0,1,0,1,1,1.4938310089729858
6674,107.55,49,135,240.3,0.02,51,0,0,0,0,0,1,1,0,1,1.674969248771335
6675,107.57,49,130,239.9,0.02,51,0,0,0,0,0,1,2,1,0,1.6563888697384104
6676,107.59,49,131,241.8,0.02,51,0,0,0,0,0,1,0,0,0,1.6235265276079305
6677,107.61,49,133,240.5,0.02,51,0,0,0,0,0,1,1,0,1,1.6631786982330308
6678,107.63,49,130,240.9,0.02,51,0,0,0,0,0,1,1,0,0,1.7311863933525709
6679,107.65,49,128,241.0,0.02,51,0,0,0,0,0,1,1,0,1,1.5142475643027276
6680,107.67,49,127,239.1,0.02,51,0,0,0,0,0,1,3,0,1,1.4341757841185805
6681,107.69,49,133,240.5,0.02,51,0,0,0,0,0,1,1,0,1,1.8794601812823688
6682,107.71,49,138,239.1,0.02,51,0,0,0,0,0,1,2,0,0,1.4889364898606492
6683,107.74,49,132,240.6,0.02,51,0,0,0,0,0,1,1,2,1,1.7722627953723127
6684,107.74,11,28,43.2,0.02,11,0,0,0,1,1,0,4,1,0,2.3273778824310503
6685,107.75,13,30,52.9,0.02,13,0,0,0,1,1,0,4,1,1,1.8382522388811446
6686,107.77,49,146,239.2,0.02,51,0,0,0,0,0,1,1,1,1,1.7039259062583105
6687,107.78,15,33,65.7,0.02,15,0,0,0,1,1,0,1,1,0,1.9679017873990126
6688,107.8,49,133,241.6,0.02,51,0,0,0,0,0,1,0,0,0,1.374774542255997
6689,107.82,49,130,238.7,0.02,51,0,0,0,0,0,1,3,1,2,1.5037965588832762
6690,107.83,45,107,209.3,0.02,45,0,0,0,1,1,0,0,1,0,1.7492684014092026
6691,107.86,49,133,240.5,0.02,51,0,0,0,0,0,1,1,0,1,1.7332617355693194
6692,107.88,49,144,240.3,0.02,51,0,0,0,0,0,1,0,1,2,1.480737950729006
6693,107.88,8,30,29.8,0.02,8,0,0,0,1,1,0,2,1,2,2.1059178955509
6694,107.89,13,46,52.3,0.02,13,0,0,0,1,1,0,3,1,1,1.9319878104881958
6695,107.9,14,26,62.3,0.02,14,0,0,0,1,1,0,0,1,1,2.5483910814908706
6696,107.92,49,140,240.8,0.02,51,0,0,0,0,0,1,0,0,1,1.826337011837809
6697,107.93,28,63,125.5,0.02,28,0,0,0,1,1,0,3,1,2,1.886446400983666
6698,107.95,49,152,236.7,0.02,51,0,0,0,0,0,1,3,0,0,1.5626377506633677
6699,107.97,49,142,239.6,0.02,51,0,0,0,0,0,1,1,1,1,1.6885240611043677
6700,107.99,48,119,219.1,0.02,48,0,0,0,1,1,0,4,1,0,1.6844420617022
6701,108.01,44,113,200.7,0.02,44,0,0,0,1,1,0,3,2,0,1.701599167371696
6702,108.03,49,137,240.1,0.02,51,0,0,0,0,0,1,1,0,1,1.7040542016005338
6703,108.06,49,150,238.9,0.02,51,0,0,0,0,0,1,1,0,0,1.4458962695072362
6704,108.08,49,132,239.7,0.02,51,0,0,0,0,0,1,2,1,0,1.6612163864410006
6705,108.1,49,148,239.0,0.02,51,0,0,0,0,0,1,1,3,1,1.622934542645949
6706,108.13,49,161,236.7,0.02,51,0,0,0,0,0,1,2,2,1,1.3418584290546731
6707,108.15,49,135,241.4,0.02,51,0,0,0,0,0,1,0,0,0,1.6798963958919397
6708,108.17,49,124,241.5,0.02,51,0,0,0,0,0,1,1,0,0,1.6183029492630576
6709,108.19,49,123,240.5,0.02,51,0,0,0,0,0,1,2,1,1,1.8340909839332666
6710,108.21,49,119,243.0,0.02,51,0,0,0,0,0,1,0,1,0,1.708720939743194
6711,108.23,43,113,197.5,0.02,43,0,0,0,1,1,0,1,1,2,1.6387461624256263
6712,108.25,49,117,243.2,0.02,51,0,0,0,0,0,1,0,0,0,1.7069794989055151
6713,108.27,49,138,225.2,0.02,49,0,0,0,1,1,0,1,1,0,1.5549491339501698
6714,108.29,49,133,241.5,0.02,51,0,0,0,0,0,1,0,1,1,1.6197791008408104
6715,108.31,49,156,237.1,0.02,51,0,0,0,0,0,1,2,1,2,1.823252091197456
6716,108.33,34,72,153.8,0.02,34,0,0,0,1,1,0,4,2,0,1.835464864115335
6717,108.35,49,129,241.0,0.02,51,0,0,0,0,0,1,1,0,0,1.6261344351507834
6718,108.37,49,115,242.4,0.02,51,0,0,0,0,0,1,1,0,0,1.7134819752378396
6719,108.39,49,145,240.3,0.02,51,0,0,0,0,0,1,0,0,1,1.64461318827282
6720,108.41,49,131,240.8,0.02,51,0,0,0,0,0,1,1,0,0,1.6209117121145291
6721,108.43,49,152,239.6,0.02,51,0,0,0,0,0,1,0,0,1,1.624843954318572
6722,108.45,49,129,242.0,0.02,51,0,0,0,0,0,1,0,2,0,1.8807310297331692
6723,108.48,48,151,216.8,0.02,48,0,0,0,1,1,0,3,3,1,1.442163193458747
6724,108.5,49,130,241.9,0.02,51,0,0,0,0,0,1,0,1,0,1.513774719001986
6725,108.52,49,118,243.1,0.02,51,0,0,0,0,0,1,0,0,0,1.5616477890258658
6726,108.54,45,114,205.5,0.02,45,0,0,0,1,1,0,3,1,1,1.5896732268139762
6727,108.55,49,121,241.8,0.02,51,0,0,0,0,0,1,1,0,0,1.6154107573717535
6728,108.58,49,137,241.2,0.02,51,0,0,0,0,0,1,0,0,0,1.5087633318280589
6729,108.59,43,104,198.4,0.02,43,0,0,0,1,1,0,1,1,2,1.4354764988241853
6730,108.61,49,122,242.7,0.02,51,0,0,0,0,0,1,0,0,0,1.5723569419371994
6731,108.64,49,156,235.3,0.02,51,0,0,0,0,0,1,4,2,0,1.67631463469145
6732,108.66,49,167,227.3,0.02,51,0,0,0,0,0,1,10,0,9,1.7544279937703269
6733,108.67,18,45,77.5,0.02,18,0,0,0,1,1,0,3,1,0,1.6364937161528272
6734,108.69,49,143,239.5,0.02,51,0,0,0,0,0,1,1,0,1,1.8071843131208685
6735,108.71,49,115,241.4,0.02,51,0,0,0,0,0,1,2,0,0,1.86386214172054
6736,108.74,48,159,215.0,0.02,48,0,0,0,1,1,0,4,1,1,1.4302930529527353
6737,108.75,26,63,115.7,0.02,26,0,0,0,1,1,0,3,1,0,1.993468243026616
6738,108.77,49,122,241.7,0.02,51,0,0,0,0,0,1,1,0,0,1.6634438209758966
6739,108.79,50,159,229.8,0.02,50,0,0,0,0,0,1,4,1,2,1.7759955711045101
6740,108.81,37,106,167.3,0.02,37,0,0,0,1,1,0,2,1,1,1.7756276230950063
6741,108.83,49,132,238.1,0.02,51,0,0,0,0,0,1,3,0,6,1.6853661582534425
6742,108.85,48,119,220.1,0.02,48,0,0,0,1,1,0,3,1,0,1.8670431579987283
6743,108.87,49,138,240.1,0.02,51,0,0,0,0,0,1,1,1,0,1.5876740287323707
6744,108.89,49,135,239.3,0.02,51,0,0,0,0,0,1,2,0,1,1.6881581947214084
6745,108.91,49,120,241.9,0.02,51,0,0,0,0,0,1,1,1,0,1.6261457087469584
6746,108.93,49,138,241.1,0.02,51,0,0,0,0,0,1,0,1,0,1.7277086610785901
6747,108.95,49,144,240.3,0.02,51,0,0,0,0,0,1,0,1,2,1.6968594340796974
6748,108.97,49,127,242.2,0.02,51,0,0,0,0,0,1,0,0,0,1.7892476573659069
6749,109.0,49,145,240.3,0.02,51,0,0,0,0,0,1,0,0,1,1.5656104694648505
6750,109.02,49,139,240.0,0.02,51,0,0,0,0,0,1,1,0,0,1.6020938311026527
6751,109.04,49,142,240.6,0.02,51,0,0,0,0,0,1,0,0,1,1.6816133315713053
6752,109.05,37,83,168.7,0.02,37,0,0,0,1,1,0,3,1,0,1.7763513127273813
6753,109.07,49,122,241.6,0.02,51,0,0,0,0,0,1,1,1,1,1.8442165870995724
6754,109.09,49,123,242.5,0.02,51,0,0,0,0,0,1,0,0,1,1.5711873058248247
6755,109.11,49,119,241.9,0.02,51,0,0,0,0,0,1,1,1,1,1.8337762955693921
6756,109.13,26,81,116.9,0.02,26,0,0,0,1,1,0,0,1,0,1.5745997393435018
6757,109.15,49,152,239.7,0.02,51,0,0,0,0,0,1,0,1,0,1.5524420674469708
6758,109.17,49,149,238.8,0.02,51,0,0,0,0,0,1,1,0,2,1.8462158762656975
6759,109.19,49,126,241.3,0.02,51,0,0,0,0,0,1,1,0,0,1.6363852295830894
6760,109.2,12,27,49.3,0.02,12,0,0,0,1,1,0,3,1,0,1.9751649178208202
6761,109.22,49,147,238.1,0.02,51,0,0,0,0,0,1,2,1,1,1.8058565130587483
6762,109.22,5,19,14.9,0.02,5,0,0,0,1,1,0,3,1,2,3.977078051675734
6763,109.23,17,45,73.4,0.02,17,0,0,0,1,1,0,2,1,1,2.0256480325258224
6764,109.26,49,163,230.5,0.02,51,0,0,0,0,0,1,8,0,1,1.5872802816501734
6765,109.28,49,135,241.4,0.02,51,0,0,0,0,0,1,0,0,0,1.5392186481380075
6766,109.28,11,31,45.5,0.02,11,0,0,0,1,1,0,1,1,4,2.0005372644757786
6767,109.29,4,19,10.1,0.02,4,0,0,0,1,1,0,3,1,0,2.668185317966244
6768,109.31,47,131,212.8,0.02,47,0,0,0,1,1,0,4,1,1,1.8487243862553884
6769,109.31,5,20,12.7,0.02,5,0,0,0,1,1,0,5,1,3,2.82052842020536
6770,109.32,9,30,32.9,0.02,9,0,0,0,1,1,0,4,1,1,2.0113927289578464
6771,109.33,4,35,7.5,0.02,4,0,0,0,1,1,0,4,1,0,2.1327096087042516
6772,109.35,49,139,222.1,0.02,49,0,0,0,1,1,0,4,1,0,1.6667276461500973
6773,109.36,18,42,78.7,0.02,18,0,0,0,1,1,0,2,1,1,1.5826534610685226
6774,109.37,47,121,214.7,0.02,47,0,0,0,1,1,0,3,1,2,1.433625425422943
6775,109.4,49,134,240.5,0.02,51,0,0,0,0,0,1,1,0,0,1.7002757567028601
6776,109.42,49,140,240.8,0.02,51,0,0,0,0,0,1,0,0,1,1.5666476405491179
6777,109.44,49,140,239.8,0.02,51,0,0,0,0,0,1,1,0,1,1.729694222489112
6778,109.46,49,135,241.2,0.02,51,0,0,0,0,0,1,0,0,2,1.6015103809796467
6779,109.49,49,163,237.6,0.02,51,0,0,0,0,0,1,1,1,0,1.8161747701527586
6780,109.51,49,157,238.1,0.02,51,0,0,0,0,0,1,1,0,1,1.6565944024454866
6781,109.53,49,139,240.9,0.02,51,0,0,0,0,0,1,0,0,1,1.50610677960509
6782,109.55,49,139,240.8,0.02,51,0,0,0,0,0,1,0,0,2,1.6149140323937878
6783,109.57,48,132,218.7,0.02,48,0,0,0,1,1,0,3,1,1,1.5987230565598385
6784,109.6,49,143,240.5,0.02,51,0,0,0,0,0,1,0,1,1,1.6601334626034545
6785,109.62,49,143,240.5,0.02,51,0,0,0,0,0,1,0,1,1,1.7205133605693577
6786,109.64,49,145,239.4,0.02,51,0,0,0,0,0,1,1,0,0,1.702717722032564
6787,109.66,49,135,240.3,0.02,51,0,0,0,0,0,1,1,0,1,1.5374169202089552
6788,109.68,49,134,241.3,0.02,51,0,0,0,0,0,1,0,1,2,1.6355063869856288
6789,109.71,49,134,239.5,0.02,51,0,0,0,0,0,1,2,1,0,1.7542702891949393
6790,109.73,49,131,238.7,0.02,51,0,0,0,0,0,1,3,0,1,1.8356903401096407
6791,109.75,49,128,241.9,0.02,51,0,0,0,0,0,1,0,0,2,1.6230170035897322
6792,109.77,49,145,238.4,0.02,51,0,0,0,0,0,1,2,0,0,1.3967231161473388
6793,109.79,49,114,243.4,0.02,51,0,0,0,0,0,1,0,1,1,1.6430562932195019
6794,109.79,7,21,26.8,0.02,7,0,0,0,1,1,0,1,1,1,2.7305183254389087
6795,109.81,49,136,240.3,0.02,51,0,0,0,0,0,1,1,0,0,1.8082834649724062
6796,109.82,26,60,115.0,0.02,26,0,0,0,1,1,0,4,1,0,1.9679965808339737
6797,109.84,49,121,242.8,0.02,51,0,0,0,0,0,1,0,0,0,1.9348319357353603
6798,109.87,49,157,236.1,0.02,51,0,0,0,0,0,1,3,0,1,1.609033653459879
6799,109.89,49,150,238.7,0.02,51,0,0,0,0,0,1,1,0,2,1.672117264557875
6800,109.91,49,133,241.6,0.02,51,0,0,0,0,0,1,0,0,0,1.6375198725531719
6801,109.93,31,82,140.8,0.02,31,0,0,0,1,1,0,1,2,0,1.4647871157566452
6802,109.95,49,142,238.7,0.02,51,0,0,0,0,0,1,2,1,0,1.4629024930973702
6803,109.97,49,151,239.7,0.02,51,0,0,0,0,0,1,0,1,1,1.8931544454798386
6804,109.99,49,131,240.7,0.02,51,0,0,0,0,0,1,1,0,1,1.6080621289736827
6805,110.01,49,128,241.1,0.02,51,0,0,0,0,0,1,1,1,0,1.602568282044157
6806,110.03,49,131,241.8,0.02,51,0,0,0,0,0,1,0,0,0,1.6692196444755505
6807,110.05,49,140,236.7,0.02,51,0,0,0,0,0,1,4,0,2,1.7536865029874
6808,110.08,50,157,229.2,0.02,50,0,0,0,0,0,1,5,1,0,1.603394907608458
6809,110.1,49,140,240.9,0.02,51,0,0,0,0,0,1,0,1,0,1.5488473525051498
6810,110.12,39,101,179.9,0.02,39,0,0,0,1,1,0,0,1,0,1.7768140448183534
6811,110.12,11,24,47.6,0.02,11,0,0,0,1,1,0,0,2,0,2.646245988049121
6812,110.15,49,146,240.1,0.02,51,0,0,0,0,0,1,0,0,2,1.5594128005116328
6813,110.17,49,132,240.7,0.02,51,0,0,0,0,0,1,1,0,0,1.734745871050754
6814,110.17,3,11,8.9,0.02,3,0,0,0,1,1,0,0,1,0,3.237091793358737
6815,110.19,49,132,241.7,0.02,51,0,0,0,0,0,1,0,0,0,1.8561918630442364
6816,110.21,49,122,241.7,0.02,51,0,0,0,0,0,1,1,0,0,1.4882878643282278
6817,110.23,49,130,241.9,0.02,51,0,0,0,0,0,1,0,1,0,1.4464933435939689
6818,110.25,49,130,241.9,0.02,51,0,0,0,0,0,1,0,0,0,1.7029824974363992
6819,110.27,49,148,238.0,0.02,51,0,0,0,0,0,1,2,0,1,1.6081614530823234
6820,110.29,49,132,240.7,0.02,51,0,0,0,0,0,1,1,0,0,1.645629037474883
6821,110.31,49,114,243.5,0.02,51,0,0,0,0,0,1,0,0,0,1.8597901916417863
6822,110.33,49,124,242.3,0.02,51,0,0,0,0,0,1,0,0,2,1.7450419009044498
6823,110.34,19,31,86.9,0.02,19,0,0,0,1,1,0,0,1,0,2.2198465414728297
6824,110.36,49,128,242.0,0.02,51,0,0,0,0,0,1,0,0,1,1.9464174779655479
6825,110.36,7,15,28.5,0.02,7,0,0,0,1,1,0,0,1,0,2.5139518878570186
6826,110.38,49,136,241.0,0.02,51,0,0,0,0,0,1,0,0,3,1.6558395572743807
6827,110.4,49,127,242.2,0.02,51,0,0,0,0,0,1,0,0,0,1.6164304704699308
6828,110.42,49,134,241.4,0.02,51,0,0,0,0,0,1,0,0,1,1.7298837742666648
6829,110.44,49,143,240.6,0.02,51,0,0,0,0,0,1,0,0,0,1.5674554307515
6830,110.47,49,136,241.3,0.02,51,0,0,0,0,0,1,0,0,0,1.527422439562956
6831,110.49,49,133,241.5,0.02,51,0,0,0,0,0,1,0,0,1,1.911337412716033
6832,110.51,49,145,238.4,0.02,51,0,0,0,0,0,1,2,2,0,1.6376979479517462
6833,110.51,12,30,51.9,0.02,12,0,0,0,1,1,0,0,1,1,1.7581501245816786
6834,110.54,49,137,241.2,0.02,51,0,0,0,0,0,1,0,0,0,1.6233292560988644
6835,110.56,49,140,239.9,0.02,51,0,0,0,0,0,1,1,0,0,1.5813043133683362
6836,110.58,49,148,239.1,0.02,51,0,0,0,0,0,1,1,0,0,1.6750848700480152
6837,110.6,49,126,241.3,0.02,51,0,0,0,0,0,1,1,0,0,1.6132297821610035
6838,110.62,49,145,239.4,0.02,51,0,0,0,0,0,1,0,0,10,1.6944544870415248
6839,110.64,49,123,241.5,0.02,51,0,0,0,0,0,1,1,0,1,1.76826206049966
6840,110.66,49,138,241.1,0.02,51,0,0,0,0,0,1,0,0,0,1.6918175506978481
6841,110.68,49,132,240.7,0.02,51,0,0,0,0,0,1,1,0,0,1.888293438025115
6842,110.7,49,132,241.6,0.02,51,0,0,0,0,0,1,0,0,1,1.5505476982307493
6843,110.73,49,135,240.3,0.02,51,0,0,0,0,0,1,1,0,1,1.7511325100587058
6844,110.75,49,153,239.6,0.02,51,0,0,0,0,0,1,0,2,0,1.5662227002438938
6845,110.77,50,120,237.8,0.02,50,0,0,0,0,0,1,0,1,1,1.5875816186051566
6846,110.79,49,131,239.6,0.02,51,0,0,0,0,0,1,2,1,2,1.7044376187131975
6847,110.81,49,120,240.8,0.02,51,0,0,0,0,0,1,2,0,1,1.564281958214954
6848,110.83,49,131,241.8,0.02,51,0,0,0,0,0,1,0,0,0,1.6318961796882827
6849,110.85,49,137,241.2,0.02,51,0,0,0,0,0,1,0,0,0,1.4924856260990482
6850,110.87,49,139,240.0,0.02,51,0,0,0,0,0,1,1,1,0,1.478486997264153
6851,110.89,49,137,241.2,0.02,51,0,0,0,0,0,1,0,0,0,1.4771467352033503
6852,110.91,49,126,241.3,0.02,51,0,0,0,0,0,1,1,0,0,1.7159889117836167
6853,110.93,49,138,239.9,0.02,51,0,0,0,0,0,1,1,0,2,1.6902955866930212
6854,110.96,49,154,239.5,0.02,51,0,0,0,0,0,1,0,2,0,1.503786162937846
6855,110.98,49,118,242.1,0.02,51,0,0,0,0,0,1,1,0,0,1.6424214157162222
6856,111.0,49,133,241.6,0.02,51,0,0,0,0,0,1,0,0,0,1.4662622662595752
6857,111.02,49,125,242.4,0.02,51,0,0,0,0,0,1,0,0,0,1.6813648622191748
6858,111.04,49,132,241.6,0.02,51,0,0,0,0,0,1,0,0,1,1.6450120274056212
6859,111.06,49,132,240.7,0.02,51,0,0,0,0,0,1,1,0,0,1.672620933788164
6860,111.08,49,134,237.3,0.02,51,0,0,0,0,0,1,4,2,2,1.5620260175842422
6861,111.1,49,140,239.9,0.02,51,0,0,0,0,0,1,1,0,0,1.5219821772060813
6862,111.12,47,122,216.7,0.02,47,0,0,0,1,1,0,1,1,1,1.6773953566813435
6863,111.14,49,120,242.7,0.02,51,0,0,0,0,0,1,0,0,2,1.5587593508128155
6864,111.16,49,144,239.5,0.02,51,0,0,0,0,0,1,1,0,0,1.6062824934548767
6865,111.18,49,122,242.6,0.02,51,0,0,0,0,0,1,0,0,1,1.5879373889704254
6866,111.21,49,118,243.0,0.02,51,0,0,0,0,0,1,0,0,1,1.756072811122106
6867,111.23,50,143,232.6,0.02,50,0,0,0,0,0,1,3,1,0,1.4240382332478285
6868,111.25,49,139,239.9,0.02,51,0,0,0,0,0,1,1,0,1,1.517966922948197
6869,111.27,49,118,243.0,0.02,51,0,0,0,0,0,1,0,0,1,1.5885445792700423
6870,111.29,49,137,241.0,0.02,51,0,0,0,0,0,1,0,0,2,1.6312683302630224
6871,111.31,49,136,241.2,0.02,51,0,0,0,0,0,1,0,0,1,1.7965206782081466
6872,111.33,49,126,242.2,0.02,51,0,0,0,0,0,1,0,0,1,1.5148693831879225
6873,111.35,49,136,240.2,0.02,51,0,0,0,0,0,1,1,0,1,1.686391584101391
6874,111.37,43,98,199.2,0.02,43,0,0,0,1,1,0,1,1,0,1.664743141796924
6875,111.39,49,136,241.3,0.02,51,0,0,0,0,0,1,0,0,0,1.782048417535115
6876,111.41,49,130,241.8,0.02,51,0,0,0,0,0,1,0,0,1,1.476084894453939
6877,111.43,49,134,241.5,0.02,51,0,0,0,0,0,1,0,0,0,1.6053780746248654
6878,111.46,49,152,239.7,0.02,51,0,0,0,0,0,1,0,1,0,1.6461897596052502
6879,111.48,49,128,240.9,0.02,51,0,0,0,0,0,1,1,0,2,1.5998057389525357
6880,111.5,49,146,238.2,0.02,51,0,0,0,0,0,1,2,0,1,1.5802247964368137
6881,111.51,37,82,167.8,0.02,37,0,0,0,1,1,0,4,1,0,1.8701661145097432
6882,111.53,49,130,239.9,0.02,51,0,0,0,0,0,1,2,0,0,1.7275303759708804
6883,111.55,49,122,239.7,0.02,51,0,0,0,0,0,1,3,0,0,1.7443363794619313
6884,111.58,49,152,238.7,0.02,51,0,0,0,0,0,1,1,0,0,1.5633858066008064
6885,111.6,49,144,238.4,0.02,51,0,0,0,0,0,1,2,0,1,1.6780686993588876
6886,111.61,24,39,108.1,0.02,24,0,0,0,1,1,0,3,1,0,2.491066486883267
6887,111.63,49,137,241.2,0.02,51,0,0,0,0,0,1,0,0,0,1.6843626109468015
6888,111.65,49,129,240.9,0.02,51,0,0,0,0,0,1,1,0,1,1.6074704702838272
6889,111.67,49,155,239.3,0.02,51,0,0,0,0,0,1,0,1,1,1.544153056729778
6890,111.68,33,76,149.4,0.02,33,0,0,0,1,1,0,3,2,0,1.631605194369896
6891,111.71,49,147,239.1,0.02,51,0,0,0,0,0,1,1,1,1,1.8440526405887092
6892,111.73,49,134,241.1,0.02,51,0,0,0,0,0,1,0,0,4,1.6722894263278507
6893,111.75,49,143,239.5,0.02,51,0,0,0,0,0,1,1,1,1,1.4524447147261637
6894,111.77,49,143,239.2,0.02,51,0,0,0,0,0,1,1,0,4,1.6843942229666677
6895,111.8,49,147,238.8,0.02,51,0,0,0,0,0,1,1,0,4,1.5893427926500137
6896,111.82,49,138,241.0,0.02,51,0,0,0,0,0,1,0,1,1,1.7902742230195359
6897,111.83,33,95,146.1,0.02,33,0,0,0,1,1,0,4,1,4,1.761608087467495
6898,111.86,49,140,239.7,0.02,51,0,0,0,0,0,1,1,0,2,1.7494136537430038
6899,111.88,49,130,241.8,0.02,51,0,0,0,0,0,1,0,0,1,1.7822023328062824
6900,111.9,49,132,241.6,0.02,51,0,0,0,0,0,1,0,2,1,1.8088484466476593
6901,111.92,49,148,239.0,0.02,51,0,0,0,0,0,1,1,1,1,1.613265298303718
6902,111.94,49,149,238.9,0.02,51,0,0,0,0,0,1,1,1,1,1.8581146213617286
6903,111.97,49,141,238.8,0.02,51,0,0,0,0,0,1,2,0,0,1.5663439311775633
6904,111.99,49,127,242.2,0.02,51,0,0,0,0,0,1,0,0,0,1.821347491011836
6905,112.0,33,75,148.5,0.02,33,0,0,0,1,1,0,4,2,0,1.8427906671752552
6906,112.02,49,148,240.1,0.02,51,0,0,0,0,0,1,0,0,0,1.5985108793610014
6907,112.05,49,149,240.0,0.02,51,0,0,0,0,0,1,0,0,0,1.5040737706624894
6908,112.07,49,127,242.2,0.02,51,0,0,0,0,0,1,0,0,0,1.7385474602735496
6909,112.09,49,136,241.3,0.02,51,0,0,0,0,0,1,0,0,0,1.5886683001990758
6910,112.11,49,141,240.6,0.02,51,0,0,0,0,0,1,0,0,2,1.5816429727150692
6911,112.13,49,123,241.5,0.02,51,0,0,0,0,0,1,1,0,1,1.7952677407826934
6912,112.14,28,63,128.7,0.02,28,0,0,0,1,1,0,0,1,0,2.0758666841070768
6913,112.16,49,140,240.9,0.02,51,0,0,0,0,0,1,0,1,0,1.6344922453633135
6914,112.18,49,113,240.5,0.02,51,0,0,0,0,0,1,3,0,1,1.9862620111424738
6915,112.2,49,146,240.3,0.02,51,0,0,0,0,0,1,0,0,0,1.4782033841800406
6916,112.22,49,138,241.1,0.02,51,0,0,0,0,0,1,0,1,0,1.6417034427002513
6917,112.24,34,80,154.0,0.02,34,0,0,0,1,1,0,3,2,0,1.51744492426625
6918,112.26,49,115,241.4,0.02,51,0,0,0,0,0,1,2,0,0,1.9125536677381203
6919,112.28,49,141,238.6,0.02,51,0,0,0,0,0,1,2,0,2,1.6481495905479822
6920,112.3,49,130,239.9,0.02,51,0,0,0,0,0,1,2,1,0,1.6340402744214526
6921,112.32,49,120,241.9,0.02,51,0,0,0,0,0,1,1,0,0,1.6745994484023214
6922,112.34,49,130,241.8,0.02,51,0,0,0,0,0,1,0,0,1,1.4666243283956615
6923,112.34,9,21,34.9,0.02,9,0,0,0,1,1,0,3,1,0,2.762229732890449
6924,112.36,49,134,239.5,0.02,51,0,0,0,0,0,1,2,1,0,1.7025823680995071
6925,112.39,49,140,239.9,0.02,51,0,0,0,0,0,1,1,0,0,1.7538360945149922
6926,112.41,49,140,240.9,0.02,51,0,0,0,0,0,1,0,0,0,1.6441153539182873
6927,112.43,49,131,241.8,0.02,51,0,0,0,0,0,1,0,0,0,1.736969295594065
6928,112.43,2,8,8.2,0.02,3,0,0,0,1,1,0,1,1,0,4.989904022351309
6929,112.45,49,139,240.0,0.02,51,0,0,0,0,0,1,1,1,0,1.625353430608915
6930,112.47,49,129,241.8,0.02,51,0,0,0,0,0,1,0,0,2,1.4995162415582717
6931,112.49,31,74,139.5,0.02,31,0,0,0,1,1,0,3,1,1,1.695020624000072
6932,112.51,49,154,238.3,0.02,51,0,0,0,0,0,1,1,0,2,1.7064451525231983
6933,112.53,49,124,242.4,0.02,51,0,0,0,0,0,1,0,2,1,1.7468628500777197
6934,112.55,37,94,168.6,0.02,37,0,0,0,1,1,0,2,2,0,1.64124734398964
6935,112.55,2,18,-2.1,0.02,2,0,0,0,1,1,0,5,1,3,2.8616288550184255
6936,112.57,44,112,199.8,0.02,44,0,0,0,1,1,0,4,1,0,1.5472210324503242
6937,112.59,49,125,242.4,0.02,51,0,0,0,0,0,1,0,0,0,1.590553432795157
6938,112.61,49,131,241.8,0.02,51,0,0,0,0,0,1,0,0,0,1.6554017577768032
6939,112.63,49,130,238.9,0.02,51,0,0,0,0,0,1,3,0,0,1.9778791113128231
6940,112.65,41,117,185.1,0.02,41,0,0,0,1,1,0,3,3,2,1.8278390348164382
6941,112.67,49,154,239.4,0.02,51,0,0,0,0,0,1,0,0,1,1.559183702300616
6942,112.69,42,96,194.3,0.02,42,0,0,0,1,1,0,1,2,1,1.746073606490998
6943,112.71,49,136,241.3,0.02,51,0,0,0,0,0,1,0,0,0,1.5585941595097594
6944,112.73,49,120,242.8,0.02,51,0,0,0,0,0,1,0,0,1,1.8537938457888092
6945,112.75,50,140,230.5,0.02,50,0,0,0,1,1,0,0,1,5,1.7237710911019206
6946,112.77,49,145,240.2,0.02,51,0,0,0,0,0,1,0,0,2,1.6289720812596953
6947,112.79,49,121,241.7,0.02,51,0,0,0,0,0,1,1,0,1,1.7081488924975645
6948,112.81,49,147,239.2,0.02,51,0,0,0,0,0,1,1,1,0,1.6925680552022446
6949,112.83,42,115,189.4,0.02,42,0,0,0,1,1,0,4,1,1,1.71708709999243
6950,112.84,12,44,47.6,0.02,12,0,0,0,1,1,0,3,1,0,1.8356712602950096
6951,112.87,49,160,238.8,0.02,51,0,0,0,0,0,1,0,0,1,1.5944243926580126
6952,112.88,28,78,124.2,0.02,28,0,0,0,1,1,0,3,2,0,1.8477907268788043
6953,112.9,38,110,171.0,0.02,38,0,0,0,1,1,0,3,2,0,1.9211251105394382
6954,112.91,35,88,158.2,0.02,35,0,0,0,1,1,0,3,2,0,1.9222075188512378
6955,112.92,21,42,91.8,0.02,21,0,0,0,1,1,0,4,1,0,2.383358711660356
6956,112.94,45,127,205.2,0.02,45,0,0,0,1,1,0,2,1,1,1.7906811405719685
6957,112.95,21,67,89.2,0.02,21,0,0,0,1,1,0,4,1,1,2.1365576209235484
6958,112.95,10,23,39.7,0.02,10,0,0,0,1,1,0,3,1,0,2.6023105384191574
6959,112.96,16,58,66.2,0.02,16,0,0,0,1,1,0,3,1,0,2.0883029030129108
6960,112.98,34,93,154.4,0.02,34,0,0,0,1,1,0,1,1,3,1.780814762653635
6961,112.98,6,25,19.3,0.02,6,0,0,0,1,1,0,3,1,2,2.485952291983844
6962,113.01,47,164,196.2,0.02,47,0,0,0,1,1,0,16,1,14,2.0746203536279904
6963,113.02,17,46,73.3,0.02,17,0,0,0,1,1,0,2,2,1,2.302619048909419
6964,113.03,16,47,67.3,0.02,16,0,0,0,1,1,0,3,1,0,2.129018234921192
6965,113.04,38,85,173.5,0.02,38,0,0,0,1,1,0,3,1,0,1.5438979098640506
6966,113.06,49,143,239.5,0.02,51,0,0,0,0,0,1,1,0,1,1.8820830966037994
6967,113.08,49,130,241.8,0.02,51,0,0,0,0,0,1,0,0,1,2.032887373468253
6968,113.11,47,141,212.8,0.02,47,0,0,0,1,1,0,3,2,1,1.7703789548278006
6969,113.12,32,83,142.6,0.02,32,0,0,0,1,1,0,4,1,1,1.9885719262228398
6970,113.14,40,94,182.5,0.02,40,0,0,0,1,1,0,3,1,1,1.9283299377053298
6971,113.15,43,117,194.0,0.02,43,0,0,0,1,1,0,4,2,3,2.1079194154102208
6972,113.16,16,37,68.3,0.02,16,0,0,0,1,1,0,3,1,0,2.85929056602146
6973,113.18,49,139,238.8,0.02,51,0,0,0,0,0,1,2,1,2,1.844507864071157
6974,113.2,49,132,240.7,0.02,51,0,0,0,0,0,1,1,0,0,1.7917392511510266
6975,113.23,49,155,238.1,0.02,51,0,0,0,0,0,1,1,0,3,1.8737823866939498
6976,113.23,7,20,24.9,0.02,7,0,0,0,1,1,0,3,1,1,2.942788490625712
6977,113.24,5,23,13.6,0.02,5,0,0,0,1,1,0,4,1,1,2.642990720635468
6978,113.24,9,24,37.5,0.02,9,0,0,0,1,1,0,0,1,1,2.1206296397829267
6979,113.25,12,31,48.8,0.02,12,0,0,0,1,1,0,3,1,1,2.0816230757779186
6980,113.25,8,32,28.7,0.02,8,0,0,0,1,1,0,3,1,1,2.271250414988932
6981,113.27,49,135,236.9,0.02,51,0,0,0,0,0,1,4,1,5,1.8489195181190885
6982,113.29,49,131,241.7,0.02,51,0,0,0,0,0,1,0,0,1,1.6099260646214986
6983,113.3,13,36,55.4,0.02,13,0,0,0,1,1,0,1,1,0,2.015917351219045
6984,113.32,49,130,241.7,0.02,51,0,0,0,0,0,1,0,1,2,1.8831013657205686
6985,113.34,49,144,239.5,0.02,51,0,0,0,0,0,1,1,0,0,1.7878127060464388
6986,113.37,49,153,238.4,0.02,51,0,0,0,0,0,1,1,1,2,1.8252597573031242
6987,113.38,49,112,242.7,0.02,51,0,0,0,0,0,1,1,0,0,1.5333008704091937
6988,113.41,49,144,239.5,0.02,51,0,0,0,0,0,1,1,1,0,1.6398875303629579
6989,113.43,49,135,241.2,0.02,51,0,0,0,0,0,1,0,0,2,1.7176844410188696
6990,113.45,49,128,241.1,0.02,51,0,0,0,0,0,1,1,0,0,1.7619663264313477
6991,113.47,49,152,239.6,0.02,51,0,0,0,0,0,1,0,0,1,1.7151592616455464
6992,113.49,49,144,240.5,0.02,51,0,0,0,0,0,1,0,1,0,1.6688865873839103
6993,113.5,6,32,17.8,0.02,6,0,0,0,1,1,0,4,1,0,2.2575611845113466
6994,113.51,31,72,140.4,0.02,31,0,0,0,1,1,0,2,1,4,1.9804855756369397
6995,113.52,7,38,21.8,0.02,7,0,0,0,1,1,0,4,1,4,2.166170358231313
6996,113.54,49,145,239.4,0.02,51,0,0,0,0,0,1,1,1,0,1.8148081098161133
6997,113.56,49,141,239.7,0.02,51,0,0,0,0,0,1,1,0,1,1.8282655790734408
6998,113.58,49,126,241.3,0.02,51,0,0,0,0,0,1,1,0,0,1.6448893818229737
6999,113.59,19,49,88.1,0.02,20,0,0,0,1,1,0,2,1,0,1.9059372686827487
7000,113.61,49,128,239.9,0.02,51,0,0,0,0,0,1,2,1,2,1.6467064087874628
7001,113.62,9,31,34.7,0.02,9,0,0,0,1,1,0,2,2,2,2.4502219126332845
7002,113.62,4,18,10.1,0.02,4,0,0,0,1,1,0,3,1,1,2.487006285215723
7003,113.63,6,21,21.7,0.02,6,0,0,0,1,1,0,1,1,2,2.554534968897416
7004,113.63,14,35,58.5,0.02,14,0,0,0,1,1,0,3,1,0,2.298594291193242
7005,113.65,49,121,241.8,0.02,51,0,0,0,0,0,1,1,0,0,2.0223988698217163
7006,113.67,49,137,241.2,0.02,51,0,0,0,0,0,1,0,0,0,1.8947724592293882
7007,113.69,49,129,241.0,0.02,51,0,0,0,0,0,1,1,0,0,1.7247358145344929
7008,113.71,49,133,240.4,0.02,51,0,0,0,0,0,1,1,3,2,1.9156798301566365
7009,113.74,48,163,214.6,0.02,48,0,0,0,1,1,0,4,1,1,1.617220876609628
7010,113.76,42,116,189.4,0.02,42,0,0,0,1,1,0,4,1,0,1.4295818925881514
7011,113.76,7,19,23.8,0.02,7,0,0,0,1,1,0,4,2,3,2.904429060558981
7012,113.76,4,14,11.2,0.02,4,0,0,0,1,1,0,2,1,4,2.7172146673405257
7013,113.79,49,137,240.1,0.02,51,0,0,0,0,0,1,1,0,1,1.4647597237007417
7014,113.81,49,137,240.0,0.02,51,0,0,0,0,0,1,1,0,2,1.6075447255142543
7015,113.83,49,163,237.3,0.02,51,0,0,0,0,0,1,1,2,3,1.6535516861800423
7016,113.85,49,130,241.8,0.02,51,0,0,0,0,0,1,0,3,1,1.6510316872547104
7017,113.88,49,163,236.5,0.02,51,0,0,0,0,0,1,2,1,1,1.6049197249347305
7018,113.9,49,132,240.7,0.02,51,0,0,0,0,0,1,1,0,0,1.6682967621657492
7019,113.93,49,224,221.6,0.02,51,0,0,0,0,0,1,10,0,9,1.5002276801140246
7020,113.95,49,127,242.2,0.02,51,0,0,0,0,0,1,0,0,0,1.8225603062052067
7021,113.97,49,136,240.2,0.02,51,0,0,0,0,0,1,1,1,1,1.924297938052198
7022,114.0,49,132,241.7,0.02,51,0,0,0,0,0,1,0,0,0,1.7334636742694285
7023,114.02,49,146,240.2,0.02,51,0,0,0,0,0,1,0,0,1,1.5004128215292856
7024,114.04,49,131,240.8,0.02,51,0,0,0,0,0,1,1,0,0,1.5616678234323167
7025,114.06,49,127,242.2,0.02,51,0,0,0,0,0,1,0,0,0,1.717594425685588
7026,114.08,49,120,242.9,0.02,51,0,0,0,0,0,1,0,0,0,1.7999855277795638
7027,114.1,49,125,241.4,0.02,51,0,0,0,0,0,1,1,0,0,1.7407105958297386
7028,114.12,49,121,242.8,0.02,51,0,0,0,0,0,1,0,0,0,1.8208624851854627
7029,114.14,49,133,241.6,0.02,51,0,0,0,0,0,1,0,1,0,1.7422758583202094
7030,114.16,49,118,241.0,0.02,51,0,0,0,0,0,1,2,0,1,1.879343489602548
7031,114.18,49,138,239.1,0.02,51,0,0,0,0,0,1,2,1,0,1.7121872770595223
7032,114.2,49,124,242.4,0.02,51,0,0,0,0,0,1,0,0,1,1.631532542605745
7033,114.22,49,123,242.5,0.02,51,0,0,0,0,0,1,0,0,1,1.6672540450296207
7034,114.23,32,61,145.9,0.02,32,0,0,0,1,1,0,3,1,0,1.8686658486200303
7035,114.25,49,137,241.2,0.02,51,0,0,0,0,0,1,0,0,0,1.758200807828898
7036,114.27,49,132,240.7,0.02,51,0,0,0,0,0,1,1,0,0,1.791471941548644
7037,114.28,16,44,68.6,0.02,16,0,0,0,1,1,0,2,2,0,1.952850352141307
7038,114.3,49,149,237.9,0.02,51,0,0,0,0,0,1,2,0,1,1.4395548328111583
7039,114.32,49,132,238.7,0.02,51,0,0,0,0,0,1,3,0,0,1.5967180800768435
7040,114.34,49,134,225.5,0.02,49,0,0,0,1,1,0,1,1,1,1.5014956071394339
7041,114.36,49,124,242.4,0.02,51,0,0,0,0,0,1,0,0,1,1.655406974400958
7042,114.38,49,138,238.9,0.02,51,0,0,0,0,0,1,2,2,2,1.5536036950238046
7043,114.41,49,135,240.4,0.02,51,0,0,0,0,0,1,1,1,0,1.6195581873867848
7044,114.42,49,109,244.0,0.02,51,0,0,0,0,0,1,0,0,0,1.6455977895053377
7045,114.44,49,131,241.8,0.02,51,0,0,0,0,0,1,0,0,0,1.4239673933140864
7046,114.45,8,14,31.6,0.02,8,0,0,0,1,1,0,2,1,0,3.292166156047844
7047,114.45,13,33,56.7,0.02,13,0,0,0,1,1,0,0,1,0,2.1587111458048045
7048,114.47,49,136,241.2,0.02,51,0,0,0,0,0,1,0,0,1,1.3369670197881183
7049,114.48,4,16,17.2,0.02,5,0,0,0,1,1,0,1,1,2,3.1578910998685883
7050,114.5,49,127,241.1,0.02,51,0,0,0,0,0,1,1,1,1,1.7177652855230687
7051,114.52,49,128,241.1,0.02,51,0,0,0,0,0,1,1,0,0,1.5362073875862605
7052,114.54,49,137,241.2,0.02,51,0,0,0,0,0,1,0,0,0,1.8023523817917382
7053,114.56,49,136,239.2,0.02,51,0,0,0,0,0,1,2,0,1,1.5462649270623627
7054,114.58,49,137,240.0,0.02,51,0,0,0,0,0,1,1,0,2,1.555699566062323
7055,114.6,49,131,240.7,0.02,51,0,0,0,0,0,1,1,0,1,1.4214468820162773
7056,114.62,49,128,242.0,0.02,51,0,0,0,0,0,1,0,0,1,1.751500783717205
7057,114.64,49,126,240.2,0.02,51,0,0,0,0,0,1,2,0,1,1.690212108730325
7058,114.66,49,131,241.8,0.02,51,0,0,0,0,0,1,0,0,0,1.6911699294229734
7059,114.68,49,127,242.2,0.02,51,0,0,0,0,0,1,0,0,0,1.4424422876544558
7060,114.7,49,135,236.4,0.02,51,0,0,0,0,0,1,5,0,0,1.7059701177962083
7061,114.72,49,123,240.6,0.02,51,0,0,0,0,0,1,2,0,0,1.755427884751815
7062,114.75,49,141,239.8,0.02,51,0,0,0,0,0,1,1,0,0,1.662579689759572
7063,114.76,32,69,145.1,0.02,32,0,0,0,1,1,0,3,1,0,1.7437354678293857
7064,114.78,49,140,240.9,0.02,51,0,0,0,0,0,1,0,2,0,1.5965531507851756
7065,114.8,49,144,240.5,0.02,51,0,0,0,0,0,1,0,1,0,1.453622536298233
7066,114.82,49,138,241.1,0.02,51,0,0,0,0,0,1,0,1,0,1.7161266108658613
7067,114.84,49,122,242.7,0.02,51,0,0,0,0,0,1,0,0,0,1.3834443718496083
7068,114.86,49,123,242.6,0.02,51,0,0,0,0,0,1,0,0,0,1.4313919747434791
7069,114.88,49,140,240.7,0.02,51,0,0,0,0,0,1,0,0,2,1.7416724856889434
7070,114.91,49,155,238.3,0.02,51,0,0,0,0,0,1,1,0,1,1.526507648442353
7071,114.93,49,128,241.1,0.02,51,0,0,0,0,0,1,1,0,0,1.7301152932846706
7072,114.95,49,137,240.2,0.02,51,0,0,0,0,0,1,1,1,0,1.8267514056094285
7073,114.97,49,127,242.2,0.02,51,0,0,0,0,0,1,0,0,0,1.5773649940727703
7074,114.99,49,127,239.2,0.02,51,0,0,0,0,0,1,3,1,0,1.837836976908586
7075,115.01,49,128,242.0,0.02,51,0,0,0,0,0,1,0,0,1,1.6960536216887174
7076,115.03,49,139,240.9,0.02,51,0,0,0,0,0,1,0,1,1,1.6315044974026371
7077,115.04,29,83,127.6,0.02,29,0,0,0,1,1,0,4,1,1,1.728100646672771
7078,115.05,27,60,123.0,0.02,27,0,0,0,1,1,0,1,1,0,1.7037322958129826
7079,115.07,49,129,241.0,0.02,51,0,0,0,0,0,1,1,1,0,1.989910428770535
7080,115.08,13,34,53.5,0.02,13,0,0,0,1,1,0,3,1,1,2.4583874423522096
7081,115.11,49,202,215.4,0.02,49,0,0,0,1,1,0,4,1,4,1.590716804127495
7082,115.14,44,172,189.8,0.02,44,0,0,0,1,1,0,7,1,10,1.7204347991554454
7083,115.15,30,72,135.7,0.02,30,0,0,0,1,1,0,2,1,1,1.661095033540839
7084,115.18,49,203,234.3,0.02,51,0,0,0,0,0,1,0,4,3,1.7283103278470726
7085,115.2,49,123,242.6,0.02,51,0,0,0,0,0,1,0,1,0,1.6893448540973373
7086,115.22,49,138,237.8,0.02,51,0,0,0,0,0,1,3,1,3,1.6769725370780848
7087,115.25,49,171,237.7,0.02,51,0,0,0,0,0,1,0,0,1,1.6517934778192833
7088,115.27,49,133,226.7,0.02,49,0,0,0,1,1,0,0,1,0,1.4868022903401428
7089,115.29,49,111,242.8,0.02,51,0,0,0,0,0,1,1,0,0,1.664181656697723
7090,115.31,49,135,241.2,0.02,51,0,0,0,0,0,1,0,0,2,1.5751782161239731
7091,115.33,49,128,241.0,0.02,51,0,0,0,0,0,1,1,0,1,1.8077883820889165
7092,115.35,49,126,242.3,0.02,51,0,0,0,0,0,1,0,0,0,1.48376047885513
7093,115.36,13,37,57.3,0.02,14,0,0,0,1,1,0,4,1,0,1.9756171225753427
7094,115.36,7,32,22.6,0.02,7,0,0,0,1,1,0,4,2,2,2.3252976359375706
7095,115.37,9,27,34.9,0.02,9,0,0,0,1,1,0,2,1,4,2.1060129780563366
7096,115.38,24,64,104.5,0.02,24,0,0,0,1,1,0,4,3,1,1.7916404019138448
7097,115.38,8,31,28.9,0.02,8,0,0,0,1,1,0,3,1,0,2.089094229769865
7098,115.39,14,38,58.2,0.02,14,0,0,0,1,1,0,3,1,0,2.038585069023975
7099,115.41,38,110,170.7,0.02,38,0,0,0,1,1,0,3,1,3,1.4566901045104632
7100,115.42,17,45,68.5,0.02,17,0,0,0,1,1,0,7,1,0,1.8565165315526704
7101,115.44,49,137,240.2,0.02,51,0,0,0,0,0,1,1,1,0,1.7180790277689781
7102,115.46,49,145,239.4,0.02,51,0,0,0,0,0,1,1,1,0,1.671140159697737
7103,115.48,49,137,240.1,0.02,51,0,0,0,0,0,1,1,0,1,1.5329023910452653
7104,115.5,49,144,240.4,0.02,51,0,0,0,0,0,1,0,0,1,1.618401221577785
7105,115.53,49,143,239.5,0.02,51,0,0,0,0,0,1,1,0,1,1.5692529161049436
7106,115.55,49,139,240.9,0.02,51,0,0,0,0,0,1,0,1,1,1.7744753046970538
7107,115.57,49,130,240.9,0.02,51,0,0,0,0,0,1,1,0,0,1.5848092086104564
7108,115.59,49,129,241.7,0.02,51,0,0,0,0,0,1,0,0,3,1.7136905542708865
7109,115.61,49,132,239.6,0.02,51,0,0,0,0,0,1,2,0,1,1.7301153505971012
7110,115.62,44,88,205.2,0.02,44,0,0,0,1,1,0,1,1,0,1.987506111492178
7111,115.64,49,126,242.3,0.02,51,0,0,0,0,0,1,0,1,0,1.5018817612101063
7112,115.65,19,45,85.5,0.02,19,0,0,0,1,1,0,0,1,0,1.794401942354361
7113,115.65,2,22,-0.2,0.02,2,0,0,0,1,1,0,3,1,0,3.0991104437874113
7114,115.68,49,141,240.8,0.02,51,0,0,0,0,0,1,0,0,0,1.8717863630884015
7115,115.7,49,143,240.6,0.02,51,0,0,0,0,0,1,0,0,0,1.85401822990293
7116,115.72,49,160,238.8,0.02,51,0,0,0,0,0,1,0,0,1,1.4592280103120072
7117,115.74,49,132,241.7,0.02,51,0,0,0,0,0,1,0,0,0,1.723553485775792
7118,115.76,49,125,241.4,0.02,51,0,0,0,0,0,1,1,1,0,1.3923309334006464
7119,115.78,49,125,241.4,0.02,51,0,0,0,0,0,1,1,1,0,1.7533516190094216
7120,115.8,49,120,241.8,0.02,51,0,0,0,0,0,1,1,0,1,1.5771706039770903
7121,115.82,49,133,239.5,0.02,51,0,0,0,0,0,1,2,1,1,1.6325640276266582
7122,115.84,49,120,242.8,0.02,51,0,0,0,0,0,1,0,0,1,1.7116063186939001
7123,115.87,49,168,237.1,0.02,51,0,0,0,0,0,1,1,0,0,1.7961015959347884
7124,115.88,18,37,85.3,0.02,19,0,0,0,1,1,0,1,1,0,2.2250979293527005
7125,115.88,10,23,39.7,0.02,10,0,0,0,1,1,0,3,1,0,2.521405908907571
7126,115.9,39,98,179.2,0.02,39,0,0,0,1,1,0,1,1,0,1.8544111288107603
7127,115.92,49,160,237.8,0.02,51,0,0,0,0,0,1,1,1,1,1.610489355932375
7128,115.95,49,139,240.9,0.02,51,0,0,0,0,0,1,0,0,1,1.6464249221239222
7129,115.97,49,154,239.5,0.02,51,0,0,0,0,0,1,0,1,0,1.5341028068032503
7130,115.99,49,118,243.1,0.02,51,0,0,0,0,0,1,0,0,0,1.5284004306411176
7131,116.01,49,138,241.0,0.02,51,0,0,0,0,0,1,0,0,1,1.5867290784461436
7132,116.03,49,147,238.1,0.02,51,0,0,0,0,0,1,2,1,1,1.4342566827689494
7133,116.05,49,131,241.8,0.02,51,0,0,0,0,0,1,0,0,0,1.8231724647822427
7134,116.07,49,124,241.5,0.02,51,0,0,0,0,0,1,1,0,0,1.820942860833849
7135,116.09,49,135,241.4,0.02,51,0,0,0,0,0,1,0,0,0,1.670115741261689
7136,116.12,49,170,237.7,0.02,51,0,0,0,0,0,1,0,1,2,1.7042025951196287
7137,116.14,49,146,238.3,0.02,51,0,0,0,0,0,1,2,1,0,1.6634391872989311
7138,116.17,49,145,240.4,0.02,51,0,0,0,0,0,1,0,2,0,1.5189620403176765
7139,116.18,25,53,113.7,0.02,25,0,0,0,1,1,0,1,2,0,1.9658074595480532
7140,116.2,49,129,242.0,0.02,51,0,0,0,0,0,1,0,0,0,1.4967920128730814
7141,116.22,49,133,241.4,0.02,51,0,0,0,0,0,1,0,0,2,1.80287082867842
7142,116.22,16,39,69.0,0.02,16,0,0,0,1,1,0,2,1,1,1.9560936563830256
7143,116.23,5,13,16.6,0.02,5,0,0,0,1,1,0,2,1,1,3.0951932237113473
7144,116.23,8,29,29.1,0.02,8,0,0,0,1,1,0,3,1,0,2.0566940493015013
7145,116.24,5,22,14.7,0.02,5,0,0,0,1,1,0,3,1,1,2.713663956203275
7146,116.26,49,160,236.7,0.02,51,0,0,0,0,0,1,2,1,2,1.6256572401483946
7147,116.27,15,47,62.2,0.02,15,0,0,0,1,1,0,3,2,1,1.8778450518795666
7148,116.28,2,55,-8.3,0.02,2,0,0,0,1,1,0,7,1,8,1.7588909900529723
7149,116.28,5,18,14.2,0.02,5,0,0,0,1,1,0,4,1,0,3.1288514907407183
7150,116.31,49,172,235.5,0.02,51,0,0,0,0,0,1,2,1,2,1.8639343007765554
7151,116.31,6,15,20.5,0.02,6,0,0,0,1,1,0,3,1,0,2.860169582699552
7152,116.32,21,48,92.5,0.02,21,0,0,0,1,1,0,2,1,7,2.022903306421033
7153,116.33,10,49,35.6,0.02,10,0,0,0,1,1,0,4,2,5,2.002815255721704
7154,116.33,7,18,25.2,0.02,7,0,0,0,1,1,0,3,1,0,2.8438632568200637
7155,116.34,2,12,0.6,0.02,2,0,0,0,1,1,0,3,1,2,3.259829435221029
7156,116.34,16,44,66.2,0.02,16,0,0,0,1,1,0,4,1,4,1.5914462688537396
7157,116.35,10,48,37.0,0.02,10,0,0,0,1,1,0,3,1,2,2.2514289014544207
7158,116.36,29,66,130.9,0.02,29,0,0,0,1,1,0,2,1,5,1.8784348906766068
7159,116.38,15,96,51.8,0.02,15,0,0,0,1,1,0,8,1,6,1.9043868964753876
7160,116.41,49,177,237.0,0.02,51,0,0,0,0,0,1,0,0,2,1.5803384739414263
7161,116.42,25,85,109.1,0.02,25,0,0,0,1,1,0,2,1,4,1.4042583330538592
7162,116.43,6,65,14.5,0.02,6,0,0,0,1,1,0,4,1,0,1.8253525613248145
7163,116.44,4,9,13.1,0.02,4,0,0,0,1,1,0,1,1,0,3.5106255098046293
7164,116.45,49,116,243.3,0.02,51,0,0,0,0,0,1,0,1,0,1.8999730722901005
7165,116.46,14,48,56.1,0.02,14,0,0,0,1,1,0,4,1,1,2.3001800106586643
7166,116.49,49,143,240.4,0.02,51,0,0,0,0,0,1,0,0,2,1.7483724061966675
7167,116.5,41,105,184.5,0.02,41,0,0,0,1,1,0,5,2,0,1.943538909556809
7168,116.52,49,135,239.2,0.02,51,0,0,0,0,0,1,2,0,2,1.6422830547588663
7169,116.55,49,138,240.1,0.02,51,0,0,0,0,0,1,1,0,0,1.6790700151837816
7170,116.57,47,124,216.6,0.02,47,0,0,0,1,1,0,1,1,0,1.908783653678923
7171,116.58,49,115,243.2,0.02,51,0,0,0,0,0,1,0,0,2,1.807398994817397
7172,116.6,49,131,241.8,0.02,51,0,0,0,0,0,1,0,0,0,1.7988045017952348
7173,116.63,49,139,238.9,0.02,51,0,0,0,0,0,1,2,0,1,1.7275874271088465
7174,116.63,11,29,45.6,0.02,11,0,0,0,1,1,0,1,2,5,2.171588105016444
7175,116.64,16,39,68.0,0.02,16,0,0,0,1,1,0,3,1,1,2.2737154509198905
7176,116.64,6,22,19.6,0.02,6,0,0,0,1,1,0,3,1,2,1.9652357666564078
7177,116.66,49,142,240.2,0.02,51,0,0,0,0,0,1,0,0,5,1.6224913834055736
7178,116.68,49,130,241.8,0.02,51,0,0,0,0,0,1,0,0,1,1.5679526625134794
7179,116.71,49,145,240.3,0.02,51,0,0,0,0,0,1,0,1,1,1.6300129579271754
7180,116.73,49,136,241.3,0.02,51,0,0,0,0,0,1,0,0,0,1.7405408293169222
7181,116.75,49,147,240.1,0.02,51,0,0,0,0,0,1,0,0,1,1.7498719634490132
7182,116.78,49,150,239.8,0.02,51,0,0,0,0,0,1,0,0,1,1.688580253760122
7183,116.8,49,151,238.8,0.02,51,0,0,0,0,0,1,1,1,0,1.850469846731559
7184,116.82,49,126,241.2,0.02,51,0,0,0,0,0,1,1,0,1,1.7088215479472388
7185,116.84,49,141,238.7,0.02,51,0,0,0,0,0,1,2,0,1,1.6990047377494326
7186,116.86,49,131,241.8,0.02,51,0,0,0,0,0,1,0,0,0,1.5852308270967737
7187,116.87,34,81,155.8,0.02,34,0,0,0,1,1,0,1,1,1,1.5157463435328575
7188,116.89,49,124,241.5,0.02,51,0,0,0,0,0,1,1,1,0,1.7343194352163596
7189,116.91,49,124,241.5,0.02,51,0,0,0,0,0,1,1,0,0,1.9056922579932656
7190,116.94,49,139,240.0,0.02,51,0,0,0,0,0,1,1,1,0,1.504886929595334
7191,116.96,49,124,242.4,0.02,51,0,0,0,0,0,1,0,0,1,1.5623828657053824
7192,116.97,42,88,193.1,0.02,42,0,0,0,1,1,0,3,1,1,1.7012823492370008
7193,116.99,49,149,236.9,0.02,51,0,0,0,0,0,1,3,0,1,1.872097795158727
7194,117.02,49,142,240.6,0.02,51,0,0,0,0,0,1,0,1,1,1.6267034187114766
7195,117.04,49,155,238.3,0.02,51,0,0,0,0,0,1,1,0,1,1.5106342918132472
7196,117.06,49,120,242.8,0.02,51,0,0,0,0,0,1,0,0,1,1.7549050843876122
7197,117.08,49,135,241.4,0.02,51,0,0,0,0,0,1,0,0,0,1.713727404696857
7198,117.1,49,124,241.5,0.02,51,0,0,0,0,0,1,1,0,0,1.7271680224818338
7199,117.12,49,151,238.8,0.02,51,0,0,0,0,0,1,1,1,0,1.822613730545493
7200,117.14,49,137,240.1,0.02,51,0,0,0,0,0,1,1,0,1,1.6524095816368058
7201,117.17,50,157,231.2,0.02,50,0,0,0,0,0,1,3,1,0,1.5592087875063747
7202,117.19,49,143,240.6,0.02,51,0,0,0,0,0,1,0,1,0,1.5333038976034894
7203,117.21,49,118,242.1,0.02,51,0,0,0,0,0,1,1,0,0,1.7493218627706064
7204,117.23,49,117,243.2,0.02,51,0,0,0,0,0,1,0,0,0,1.831831685259363
7205,117.25,49,132,240.6,0.02,51,0,0,0,0,0,1,1,1,1,1.7015857681680406
7206,117.27,49,139,241.0,0.02,51,0,0,0,0,0,1,0,0,0,1.5216090864407725
7207,117.29,49,120,242.9,0.02,51,0,0,0,0,0,1,0,0,0,1.6566527411388308
7208,117.31,49,131,240.7,0.02,51,0,0,0,0,0,1,1,0,1,1.846504463083271
7209,117.33,49,128,242.0,0.02,51,0,0,0,0,0,1,0,0,1,1.7669131017218163
7210,117.35,49,127,240.2,0.02,51,0,0,0,0,0,1,2,0,0,1.4452237292474068
7211,117.38,49,139,237.8,0.02,51,0,0,0,0,0,1,3,2,2,1.7785514676007674
7212,117.4,49,130,241.9,0.02,51,0,0,0,0,0,1,0,0,0,1.7210458683024412
7213,117.42,49,139,241.0,0.02,51,0,0,0,0,0,1,0,2,0,1.54032858460121
7214,117.44,49,156,238.0,0.02,51,0,0,0,0,0,1,1,1,3,1.6575220593559077
7215,117.46,42,90,192.9,0.02,42,0,0,0,1,1,0,3,1,1,1.7438815514082926
7216,117.48,49,133,241.6,0.02,51,0,0,0,0,0,1,0,0,0,1.605205904643883
7217,117.5,49,136,241.2,0.02,51,0,0,0,0,0,1,0,1,1,1.5658583117449316
7218,117.51,39,87,177.1,0.02,39,0,0,0,1,1,0,4,2,2,2.0356440826614266
7219,117.54,49,156,239.2,0.02,51,0,0,0,0,0,1,0,2,1,1.7717458559132129
7220,117.56,49,116,242.3,0.02,51,0,0,0,0,0,1,1,0,0,2.0069878839278745
7221,117.58,49,126,242.2,0.02,51,0,0,0,0,0,1,0,0,1,1.8166776953300408
7222,117.6,49,127,242.2,0.02,51,0,0,0,0,0,1,0,0,0,1.7544029079425607
7223,117.62,49,134,240.5,0.02,51,0,0,0,0,0,1,1,0,0,1.690638690353185
7224,117.64,49,161,237.7,0.02,51,0,0,0,0,0,1,1,0,1,1.5539287308818588
7225,117.65,22,47,104.3,0.02,23,0,0,0,1,1,0,1,1,0,2.0207663692171485
7226,117.67,49,117,243.2,0.02,51,0,0,0,0,0,1,0,0,0,1.8165712134306662
7227,117.69,49,143,240.4,0.02,51,0,0,0,0,0,1,0,0,2,1.5499411692964051
7228,117.71,49,122,241.7,0.02,51,0,0,0,0,0,1,1,1,0,1.587370404410651
7229,117.73,49,122,242.7,0.02,51,0,0,0,0,0,1,0,0,0,1.5270505757774533
7230,117.75,48,111,227.7,0.02,49,0,0,0,1,1,0,1,1,2,1.6982082432334342
7231,117.77,49,142,239.6,0.02,51,0,0,0,0,0,1,1,0,1,1.6571358924972515
7232,117.79,49,122,239.7,0.02,51,0,0,0,0,0,1,3,1,0,1.9068267161128036
7233,117.81,49,123,242.6,0.02,51,0,0,0,0,0,1,0,0,0,1.547924249120388
7234,117.83,49,134,240.4,0.02,51,0,0,0,0,0,1,1,0,1,1.7223895772177638
7235,117.85,49,134,239.5,0.02,51,0,0,0,0,0,1,2,2,0,1.8868813575539987
7236,117.87,49,137,240.8,0.02,51,0,0,0,0,0,1,0,0,4,1.7960757299048138
7237,117.9,49,143,238.4,0.02,51,0,0,0,0,0,1,2,0,2,1.641456923267138
7238,117.92,49,129,241.0,0.02,51,0,0,0,0,0,1,1,1,0,1.6770972644930604
7239,117.94,49,128,242.1,0.02,51,0,0,0,0,0,1,0,0,0,1.8546899244775397
7240,117.96,50,148,235.0,0.02,50,0,0,0,0,0,1,0,1,1,1.4720253347605254
7241,117.98,49,137,240.1,0.02,51,0,0,0,0,0,1,1,0,1,1.6408452964407116
7242,118.0,49,142,240.6,0.02,51,0,0,0,0,0,1,0,0,1,1.5379196432441196
7243,118.03,49,138,241.0,0.02,51,0,0,0,0,0,1,0,0,1,1.5945380133463138
7244,118.05,49,129,242.0,0.02,51,0,0,0,0,0,1,0,0,0,1.625557826886886
7245,118.07,49,150,239.4,0.02,51,0,0,0,0,0,1,0,0,5,1.739826867047907
7246,118.09,49,122,241.6,0.02,51,0,0,0,0,0,1,1,0,1,1.6176024399547666
7247,118.12,49,147,240.2,0.02,51,0,0,0,0,0,1,0,0,0,1.6169261537240145
7248,118.14,49,138,240.1,0.02,51,0,0,0,0,0,1,1,0,0,1.7354092792806644
7249,118.14,1,6,-3.6,0.02,1,0,0,0,1,1,0,3,1,0,5.612653261403771
7250,118.16,49,134,241.4,0.02,51,0,0,0,0,0,1,0,0,1,1.832732085760428
7251,118.19,49,151,238.8,0.02,51,0,0,0,0,0,1,1,0,0,1.4958422583166984
7252,118.2,31,73,142.7,0.02,31,0,0,0,1,1,0,0,1,0,1.620416586629118
7253,118.22,49,129,242.0,0.02,51,0,0,0,0,0,1,0,0,0,1.5490802030087052
7254,118.24,49,142,239.7,0.02,51,0,0,0,0,0,1,1,0,0,1.6439792371719226
7255,118.25,13,34,52.6,0.02,13,0,0,0,1,1,0,4,1,0,1.8319489396518858
7256,118.27,49,140,240.8,0.02,51,0,0,0,0,0,1,0,0,1,1.7156835289606982
7257,118.29,49,121,242.7,0.02,51,0,0,0,0,0,1,0,1,1,1.7555568011553777
7258,118.3,18,45,77.5,0.02,18,0,0,0,1,1,0,3,1,0,2.101763793076984
7259,118.32,49,127,242.2,0.02,51,0,0,0,0,0,1,0,0,0,1.9162700254480947
7260,118.35,49,145,240.3,0.02,51,0,0,0,0,0,1,0,1,1,1.6394279118827928
7261,118.37,49,144,239.5,0.02,51,0,0,0,0,0,1,1,0,0,1.6727819325327933
7262,118.39,49,144,240.4,0.02,51,0,0,0,0,0,1,0,2,1,1.664292754282926
7263,118.42,49,150,239.8,0.02,51,0,0,0,0,0,1,0,1,1,1.7370446616072008
7264,118.43,49,117,242.1,0.02,51,0,0,0,0,0,1,1,1,1,1.7134624076138496
7265,118.44,15,38,66.2,0.02,15,0,0,0,1,1,0,0,2,0,1.86089197954113
7266,118.46,49,116,242.3,0.02,51,0,0,0,0,0,1,1,0,0,1.765384825336241
7267,118.48,49,129,240.9,0.02,51,0,0,0,0,0,1,1,0,1,1.8242472352126946
7268,118.51,49,154,237.4,0.02,51,0,0,0,0,0,1,2,0,1,1.5243577298551783
7269,118.52,49,124,241.5,0.02,51,0,0,0,0,0,1,1,0,0,1.7456441634861564
7270,118.55,49,131,241.8,0.02,51,0,0,0,0,0,1,0,0,0,1.6355743081781804
7271,118.57,49,144,239.5,0.02,51,0,0,0,0,0,1,1,0,0,1.8150890148939751
7272,118.58,20,45,87.5,0.02,20,0,0,0,1,1,0,3,1,0,1.8685328055044466
7273,118.6,49,153,237.6,0.02,51,0,0,0,0,0,1,2,0,0,1.486375991092257
7274,118.61,33,71,152.9,0.02,33,0,0,0,1,1,0,0,1,0,1.656243323835052
7275,118.63,31,79,140.7,0.02,31,0,0,0,1,1,0,1,1,4,1.6433930021585432
7276,118.64,28,68,127.1,0.02,28,0,0,0,1,1,0,1,2,1,2.0375484907250736
7277,118.66,49,135,240.4,0.02,51,0,0,0,0,0,1,1,0,0,1.6490270092726778
7278,118.68,49,128,241.1,0.02,51,0,0,0,0,0,1,1,0,0,1.7024959356998743
7279,118.71,49,147,240.1,0.02,51,0,0,0,0,0,1,0,1,1,1.5072661444318043
7280,118.73,49,129,242.0,0.02,51,0,0,0,0,0,1,0,0,0,1.5724697548445752
7281,118.75,49,148,240.1,0.02,51,0,0,0,0,0,1,0,1,0,1.5921234084071232
7282,118.76,33,76,147.3,0.02,33,0,0,0,1,1,0,5,1,1,1.94337409815464
7283,118.79,49,134,218.5,0.02,49,0,0,0,1,1,0,8,2,1,1.6528128445405275
7284,118.81,49,141,239.6,0.02,51,0,0,0,0,0,1,1,1,2,1.7940148145741843
7285,118.83,49,134,241.4,0.02,51,0,0,0,0,0,1,0,1,1,1.762736607141451
7286,118.85,49,136,241.2,0.02,51,0,0,0,0,0,1,0,0,1,1.6995503242645047
7287,118.87,49,124,240.5,0.02,51,0,0,0,0,0,1,2,1,0,1.8157591451867032
7288,118.89,49,145,239.4,0.02,51,0,0,0,0,0,1,1,0,0,1.6299398585811147
7289,118.91,49,129,241.9,0.02,51,0,0,0,0,0,1,0,1,1,1.769417308294408
7290,118.94,49,151,239.8,0.02,51,0,0,0,0,0,1,0,0,0,1.6512248741825624
7291,118.96,49,134,240.5,0.02,51,0,0,0,0,0,1,1,0,0,1.7149536362628686
7292,118.98,49,136,241.2,0.02,51,0,0,0,0,0,1,0,0,1,1.863849735160064
7293,119.0,49,138,240.1,0.02,51,0,0,0,0,0,1,1,0,0,1.568036304423754
7294,119.02,49,133,241.6,0.02,51,0,0,0,0,0,1,0,0,0,1.479803425715803
7295,119.04,49,120,241.7,0.02,51,0,0,0,0,0,1,1,0,2,1.821715869606412
7296,119.06,49,127,240.2,0.02,51,0,0,0,0,0,1,2,0,0,1.8351964231713773
7297,119.08,49,121,242.8,0.02,51,0,0,0,0,0,1,0,0,0,1.4634400520726962
7298,119.1,49,126,241.2,0.02,51,0,0,0,0,0,1,1,0,1,1.672313415048445
7299,119.12,49,129,241.0,0.02,51,0,0,0,0,0,1,1,0,0,1.8428552867720687
7300,119.13,23,49,105.1,0.02,23,0,0,0,1,1,0,0,1,0,1.8104683307664229
7301,119.15,49,137,240.2,0.02,51,0,0,0,0,0,1,1,0,0,1.5351367691978557
7302,119.17,49,132,240.7,0.02,51,0,0,0,0,0,1,1,0,0,1.515899002048003
7303,119.2,49,164,238.4,0.02,51,0,0,0,0,0,1,0,0,1,1.5862962138853376
7304,119.22,49,135,241.4,0.02,51,0,0,0,0,0,1,0,0,0,1.488208192980789
7305,119.24,49,132,240.7,0.02,51,0,0,0,0,0,1,1,0,0,1.5164198671589777
7306,119.26,49,145,240.3,0.02,51,0,0,0,0,0,1,0,0,1,1.4340227381965234
7307,119.28,49,117,242.1,0.02,51,0,0,0,0,0,1,1,0,1,1.6478026856478574
7308,119.3,49,138,241.1,0.02,51,0,0,0,0,0,1,0,0,0,1.5769698496459994
7309,119.33,49,141,237.8,0.02,51,0,0,0,0,0,1,3,0,0,1.6598149640819777
7310,119.35,49,140,240.9,0.02,51,0,0,0,0,0,1,0,2,0,1.7981610815799978
7311,119.37,49,124,240.4,0.02,51,0,0,0,0,0,1,2,0,1,1.7039157427003553
7312,119.38,29,71,132.9,0.02,29,0,0,0,1,1,0,0,1,0,1.6531869957034808
7313,119.4,49,121,240.6,0.02,51,0,0,0,0,0,1,2,0,2,1.7552356805226994
7314,119.42,49,122,242.7,0.02,51,0,0,0,0,0,1,0,1,0,1.6544437120892368
7315,119.44,49,128,241.1,0.02,51,0,0,0,0,0,1,1,0,0,1.5352221374467747
7316,119.46,40,102,180.7,0.02,40,0,0,0,1,1,0,4,1,1,1.7039439550699802
7317,119.48,49,127,241.2,0.02,51,0,0,0,0,0,1,1,1,0,1.6286563351879002
7318,119.5,48,163,215.7,0.02,48,0,0,0,1,1,0,3,1,0,1.5855854022236444
7319,119.52,33,82,148.8,0.02,33,0,0,0,1,1,0,3,2,0,1.7088165993455502
7320,119.53,34,73,156.6,0.02,34,0,0,0,1,1,0,1,1,1,1.9330847754588005
7321,119.53,1,11,-4.1,0.02,1,0,0,0,1,1,0,3,1,0,3.3150774693319005
7322,119.56,46,144,206.4,0.02,46,0,0,0,1,1,0,4,1,2,1.6506838432066373
7323,119.57,20,57,84.3,0.02,20,0,0,0,1,1,0,5,1,0,1.9228224394124687
7324,119.57,9,36,33.0,0.02,9,0,0,0,1,1,0,3,1,4,2.352040729476271
7325,119.58,21,53,89.7,0.02,21,0,0,0,1,1,0,5,1,0,1.5858020792528476
7326,119.59,28,76,123.1,0.02,28,0,0,0,1,1,0,4,1,3,1.6069520665229504
7327,119.62,49,128,242.1,0.02,51,0,0,0,0,0,1,0,0,0,1.7656347188091284
7328,119.63,31,79,138.1,0.02,31,0,0,0,1,1,0,4,1,0,1.6225208175376304
7329,119.64,29,63,131.7,0.02,29,0,0,0,1,1,0,2,1,0,1.8093153769976063
7330,119.65,15,39,62.1,0.02,15,0,0,0,1,1,0,4,1,0,2.0857131621796086
7331,119.67,49,129,240.0,0.02,51,0,0,0,0,0,1,2,0,0,1.805208684130164
7332,119.69,49,132,241.7,0.02,51,0,0,0,0,0,1,0,0,0,1.7537211175534282
7333,119.71,49,142,240.6,0.02,51,0,0,0,0,0,1,0,0,1,1.661227183180621
7334,119.73,49,120,241.9,0.02,51,0,0,0,0,0,1,1,0,0,1.7958958972337602
7335,119.75,49,146,240.3,0.02,51,0,0,0,0,0,1,0,2,0,1.7769899164294352
7336,119.78,49,153,239.6,0.02,51,0,0,0,0,0,1,0,0,0,1.652467515035482
7337,119.8,49,126,242.2,0.02,51,0,0,0,0,0,1,0,0,1,1.5523691518927432
7338,119.82,49,137,240.0,0.02,51,0,0,0,0,0,1,1,0,2,1.4645816922980621
7339,119.84,49,128,242.1,0.02,51,0,0,0,0,0,1,0,1,0,1.6935630445614316
7340,119.86,49,151,238.8,0.02,51,0,0,0,0,0,1,1,1,0,1.6093200117036872
7341,119.88,49,137,240.2,0.02,51,0,0,0,0,0,1,1,1,0,1.4765476673377707
7342,119.91,49,150,239.9,0.02,51,0,0,0,0,0,1,0,0,0,1.6041497207806892
7343,119.93,49,165,237.3,0.02,51,0,0,0,0,0,1,1,1,1,1.3871761869250736
7344,119.96,49,136,241.3,0.02,51,0,0,0,0,0,1,0,0,0,1.6362685472471161
7345,119.98,49,140,240.5,0.02,51,0,0,0,0,0,1,0,1,4,1.6743187664508996
7346,120.0,50,149,234.7,0.02,50,0,0,0,0,0,1,0,1,3,1.8346976555815444
7347,120.02,49,139,239.9,0.02,51,0,0,0,0,0,1,1,0,1,1.5504412116904909
7348,120.03,26,62,117.8,0.02,26,0,0,0,1,1,0,1,1,0,1.6709814997166093
7349,120.05,49,138,239.0,0.02,51,0,0,0,0,0,1,2,0,1,1.6449027850328573
7350,120.07,49,126,242.2,0.02,51,0,0,0,0,0,1,0,0,1,1.5838012378519866
7351,120.09,49,127,242.1,0.02,51,0,0,0,0,0,1,0,0,1,1.516045284511761
7352,120.12,49,139,239.9,0.02,51,0,0,0,0,0,1,1,0,1,1.747269864679372
7353,120.14,49,148,240.0,0.02,51,0,0,0,0,0,1,0,0,1,1.4497567970474454
7354,120.16,49,135,225.4,0.02,49,0,0,0,1,1,0,1,1,1,1.5873369724313118
7355,120.18,49,134,240.5,0.02,51,0,0,0,0,0,1,1,0,0,1.5183966975197438
7356,120.2,49,138,240.9,0.02,51,0,0,0,0,0,1,0,0,2,1.4734156754273549
7357,120.22,49,142,238.6,0.02,51,0,0,0,0,0,1,2,0,1,1.5020783344875168
7358,120.25,49,131,241.8,0.02,51,0,0,0,0,0,1,0,1,0,1.6646258634100062
7359,120.27,49,129,240.0,0.02,51,0,0,0,0,0,1,2,0,0,1.521085860609444
7360,120.29,49,137,239.7,0.02,51,0,0,0,0,0,1,1,0,5,1.5509324799223883
7361,120.3,33,97,152.3,0.02,34,0,0,0,1,1,0,3,1,0,1.7038762722798724
7362,120.33,49,139,240.0,0.02,51,0,0,0,0,0,1,1,1,0,1.6214951215097468
7363,120.34,49,121,242.8,0.02,51,0,0,0,0,0,1,0,0,0,1.8030321693786853
7364,120.35,11,32,42.8,0.02,11,0,0,0,1,1,0,4,1,0,2.043919450841387
7365,120.37,49,117,243.1,0.02,51,0,0,0,0,0,1,0,0,1,1.5234710891949175
7366,120.39,38,119,170.0,0.02,38,0,0,0,1,1,0,3,1,1,1.6574272521880313
7367,120.41,46,133,209.3,0.02,46,0,0,0,1,1,0,2,1,4,1.6090859239944786
7368,120.43,49,123,242.6,0.02,51,0,0,0,0,0,1,0,0,0,1.6164037746028088
7369,120.45,49,133,237.5,0.02,51,0,0,0,0,0,1,4,1,1,1.7939255528729585
7370,120.46,31,81,141.9,0.02,31,0,0,0,1,1,0,0,1,0,1.6760182653036106
7371,120.47,0,7,-9.7,0.02,0,0,0,0,1,1,0,4,1,0,4.2690746754704
7372,120.49,49,127,242.2,0.02,51,0,0,0,0,0,1,0,0,0,1.5640818829893142
7373,120.51,49,132,241.7,0.02,51,0,0,0,0,0,1,0,0,0,1.830214901252016
7374,120.52,48,109,220.0,0.02,48,0,0,0,1,1,0,4,1,1,1.9405350759259608
7375,120.55,47,171,209.2,0.02,47,0,0,0,1,1,0,3,1,7,1.7326691784297543
7376,120.57,35,121,146.8,0.02,35,0,0,0,1,1,0,11,1,1,1.7765488411584835
7377,120.58,22,53,97.5,0.02,22,0,0,0,1,1,0,2,1,2,1.8086595730778836
7378,120.59,34,74,157.6,0.02,34,0,0,0,1,1,0,0,2,0,1.7728989091520713
7379,120.6,27,52,123.8,0.02,27,0,0,0,1,1,0,1,1,0,2.166405644835078
7380,120.62,47,164,209.4,0.02,47,0,0,0,1,1,0,4,2,2,1.8591396576688461
7381,120.62,0,7,-8.8,0.02,0,0,0,0,1,1,0,3,1,1,3.5127484369983195
7382,120.64,49,119,242.9,0.02,51,0,0,0,0,0,1,0,0,1,2.1418931413994016
7383,120.65,14,36,66.0,0.02,15,0,0,0,1,1,0,0,1,4,2.4765211742032545
7384,120.67,49,141,240.7,0.02,51,0,0,0,0,0,1,0,0,1,1.7089951884927648
7385,120.7,49,147,240.2,0.02,51,0,0,0,0,0,1,0,1,0,1.7517806834766279
7386,120.72,49,139,238.9,0.02,51,0,0,0,0,0,1,2,1,1,1.5880531519873864
7387,120.74,49,136,240.2,0.02,51,0,0,0,0,0,1,1,1,1,1.842273545065524
7388,120.76,49,114,241.5,0.02,51,0,0,0,0,0,1,2,0,0,1.5960364712183244
7389,120.78,49,158,237.0,0.02,51,0,0,0,0,0,1,2,1,1,1.5405603914715946
7390,120.8,33,83,151.6,0.02,33,0,0,0,1,1,0,0,2,1,1.8756269690278693
7391,120.83,49,133,241.6,0.02,51,0,0,0,0,0,1,0,0,0,1.5821520478361684
7392,120.85,49,132,240.6,0.02,51,0,0,0,0,0,1,1,0,1,1.67103017472997
7393,120.87,49,138,239.1,0.02,51,0,0,0,0,0,1,2,2,0,1.7546050401551807
7394,120.9,49,140,240.8,0.02,51,0,0,0,0,0,1,0,0,1,1.6760310261280646
7395,120.92,49,150,239.7,0.02,51,0,0,0,0,0,1,0,1,2,1.520861101378707
7396,120.94,49,135,238.4,0.02,51,0,0,0,0,0,1,3,0,0,1.5782417843651482
7397,120.96,49,150,238.8,0.02,51,0,0,0,0,0,1,1,1,1,1.6269920297489826
7398,120.98,49,120,241.9,0.02,51,0,0,0,0,0,1,1,0,0,1.7569185658004103
7399,121.0,49,128,241.1,0.02,51,0,0,0,0,0,1,1,0,0,1.5833765577549934
7400,121.02,49,128,242.1,0.02,51,0,0,0,0,0,1,0,0,0,1.355130787941799
7401,121.04,49,133,241.6,0.02,51,0,0,0,0,0,1,0,0,0,1.5782487704197992
7402,121.07,49,140,239.8,0.02,51,0,0,0,0,0,1,1,0,1,1.473740886458279
7403,121.09,49,141,239.7,0.02,51,0,0,0,0,0,1,1,0,1,1.5226218307520787
7404,121.11,49,122,241.7,0.02,51,0,0,0,0,0,1,1,0,0,1.537517998744254
7405,121.13,49,160,235.9,0.02,51,0,0,0,0,0,1,3,0,0,1.5390592814228259
7406,121.15,49,129,242.0,0.02,51,0,0,0,0,0,1,0,1,0,1.722564105604966
7407,121.17,49,139,240.0,0.02,51,0,0,0,0,0,1,1,0,0,1.4890885546736465
7408,121.19,49,128,241.1,0.02,51,0,0,0,0,0,1,1,2,0,1.7199418861424254
7409,121.22,49,138,238.1,0.02,51,0,0,0,0,0,1,3,0,0,1.7664842844627444
7410,121.24,49,142,240.6,0.02,51,0,0,0,0,0,1,0,0,1,1.5448221899395131
7411,121.26,49,132,241.6,0.02,51,0,0,0,0,0,1,0,0,1,1.5847561167506923
7412,121.28,49,135,241.4,0.02,51,0,0,0,0,0,1,0,0,0,1.7167616537637502
7413,121.3,49,137,240.1,0.02,51,0,0,0,0,0,1,1,2,1,1.7303444962790289
7414,121.32,49,129,241.8,0.02,51,0,0,0,0,0,1,0,0,2,1.7344882777879504
7415,121.34,49,138,240.1,0.02,51,0,0,0,0,0,1,1,0,0,1.6609173399995794
7416,121.37,49,147,239.2,0.02,51,0,0,0,0,0,1,1,1,0,1.5579707745710634
7417,121.39,49,125,241.3,0.02,51,0,0,0,0,0,1,1,2,1,1.585905091285154
7418,121.39,2,20,-1.0,0.02,2,0,0,0,1,1,0,4,1,0,2.5889342757674743
7419,121.4,15,33,64.6,0.02,15,0,0,0,1,1,0,2,1,1,1.9675366140591883
7420,121.41,39,97,180.3,0.02,39,0,0,0,1,1,0,0,1,0,1.5391772749672286
7421,121.43,34,81,153.9,0.02,34,0,0,0,1,1,0,3,1,0,1.8671202478455355
7422,121.45,49,151,215.8,0.02,49,0,0,0,1,1,0,9,2,1,1.709640208249343
7423,121.47,49,137,237.1,0.02,51,0,0,0,0,0,1,4,1,1,1.9342531993182586
7424,121.49,49,138,241.1,0.02,51,0,0,0,0,0,1,0,1,0,1.7583474935945855
7425,121.52,49,159,236.9,0.02,51,0,0,0,0,0,1,2,1,1,1.8013087735573567
7426,121.54,49,123,242.6,0.02,51,0,0,0,0,0,1,0,0,0,1.8588959339037048
7427,121.56,49,143,240.5,0.02,51,0,0,0,0,0,1,0,1,1,1.596065762860446
7428,121.58,49,138,239.9,0.02,51,0,0,0,0,0,1,1,0,2,1.770066936631744
7429,121.6,49,125,242.4,0.02,51,0,0,0,0,0,1,0,0,0,1.6583481470572248
7430,121.62,49,139,241.0,0.02,51,0,0,0,0,0,1,0,0,0,1.582495261892456
7431,121.64,38,97,172.3,0.02,38,0,0,0,1,1,0,3,1,0,1.8746641139213218
7432,121.65,30,70,134.9,0.02,30,0,0,0,1,1,0,3,1,1,1.8085816022918486
7433,121.67,49,146,235.6,0.02,51,0,0,0,0,0,1,4,1,7,1.802373131261341
7434,121.69,49,131,240.8,0.02,51,0,0,0,0,0,1,1,1,0,1.5325025513430879
7435,121.7,28,57,129.3,0.02,28,0,0,0,1,1,0,0,1,0,1.9112328337374251
7436,121.72,49,134,241.5,0.02,51,0,0,0,0,0,1,0,1,0,1.5477382462229836
7437,121.73,6,15,21.4,0.02,6,0,0,0,1,1,0,2,1,1,2.668739676040045
7438,121.74,17,51,71.9,0.02,17,0,0,0,1,1,0,3,1,0,1.7590146128136679
7439,121.76,49,119,243.0,0.02,51,0,0,0,0,0,1,0,0,0,1.7979613669920413
7440,121.78,49,138,239.9,0.02,51,0,0,0,0,0,1,1,1,2,1.7046756487512251
7441,121.8,49,128,242.1,0.02,51,0,0,0,0,0,1,0,1,0,1.7291562702876242
7442,121.82,49,141,240.7,0.02,51,0,0,0,0,0,1,0,0,1,1.7142249026601535
7443,121.84,49,128,242.1,0.02,51,0,0,0,0,0,1,0,0,0,1.775066419356656
7444,121.86,49,144,239.4,0.02,51,0,0,0,0,0,1,1,0,1,1.5422424170265383
7445,121.87,6,14,22.5,0.02,6,0,0,0,1,1,0,1,1,1,2.5521658717986058
7446,121.89,49,138,239.1,0.02,51,0,0,0,0,0,1,2,1,0,1.6695063605245932
7447,121.91,49,129,241.9,0.02,51,0,0,0,0,0,1,0,1,1,1.842962289609405
7448,121.93,49,114,243.4,0.02,51,0,0,0,0,0,1,0,0,1,1.7198209185373239
7449,121.95,49,151,239.8,0.02,51,0,0,0,0,0,1,0,0,0,1.4848243010477766
7450,121.97,49,139,240.0,0.02,51,0,0,0,0,0,1,1,0,0,1.5089424069660005
7451,121.98,35,72,159.7,0.02,35,0,0,0,1,1,0,3,1,1,1.8723106564744012
7452,122.01,49,158,239.0,0.02,51,0,0,0,0,0,1,0,0,1,1.564170711641012
7453,122.03,49,134,239.4,0.02,51,0,0,0,0,0,1,2,0,1,1.6541653111119043
7454,122.05,49,142,240.7,0.02,51,0,0,0,0,0,1,0,0,0,1.6576805636224576
7455,122.06,30,70,132.9,0.02,30,0,0,0,1,1,0,5,1,1,1.9292233287647373
7456,122.08,49,130,241.9,0.02,51,0,0,0,0,0,1,0,1,0,1.6798659768475703
7457,122.11,49,131,241.8,0.02,51,0,0,0,0,0,1,0,0,0,1.534559833121591
7458,122.13,49,131,241.8,0.02,51,0,0,0,0,0,1,0,0,0,1.5563460786619863
7459,122.13,3,10,7.0,0.02,3,0,0,0,1,1,0,2,1,0,3.7017573166459967
7460,122.15,49,128,241.1,0.02,51,0,0,0,0,0,1,1,0,0,1.8092203834586775
7461,122.17,49,130,241.8,0.02,51,0,0,0,0,0,1,0,1,1,1.5411929185226914
7462,122.19,49,147,240.2,0.02,51,0,0,0,0,0,1,0,0,0,1.6171570404758386
7463,122.21,49,130,241.9,0.02,51,0,0,0,0,0,1,0,0,0,1.5320364709383065
7464,122.23,49,127,242.2,0.02,51,0,0,0,0,0,1,0,0,0,1.5368792288558017
7465,122.25,49,128,242.0,0.02,51,0,0,0,0,0,1,0,0,1,1.7395194789466917
7466,122.27,49,133,241.6,0.02,51,0,0,0,0,0,1,0,1,0,1.5863527953841352
7467,122.29,49,126,241.3,0.02,51,0,0,0,0,0,1,1,0,0,1.753502669185494
7468,122.32,49,145,240.4,0.02,51,0,0,0,0,0,1,0,0,0,1.4556822636245164
7469,122.34,49,130,240.9,0.02,51,0,0,0,0,0,1,1,0,0,1.5434149749889476
7470,122.36,49,172,237.6,0.02,51,0,0,0,0,0,1,0,0,1,1.5137808687683711
7471,122.38,49,127,241.1,0.02,51,0,0,0,0,0,1,1,0,1,1.7283890339323535
7472,122.4,49,127,242.2,0.02,51,0,0,0,0,0,1,0,0,0,1.5463913016636859
7473,122.43,49,146,240.3,0.02,51,0,0,0,0,0,1,0,1,0,1.5768785579030407
7474,122.45,49,140,240.9,0.02,51,0,0,0,0,0,1,0,1,0,1.6583893450976257
7475,122.47,49,133,240.6,0.02,51,0,0,0,0,0,1,1,1,0,1.5749035880627422
7476,122.49,49,142,238.6,0.02,51,0,0,0,0,0,1,2,0,1,1.5672701846459973
7477,122.51,49,150,238.9,0.02,51,0,0,0,0,0,1,1,0,0,1.4598927441121268
7478,122.54,49,136,241.2,0.02,51,0,0,0,0,0,1,0,0,1,1.5930245352086463
7479,122.55,42,99,194.1,0.02,42,0,0,0,1,1,0,1,1,0,2.00919015470452
7480,122.57,49,140,240.8,0.02,51,0,0,0,0,0,1,0,0,1,1.6599569543816584
7481,122.6,49,147,240.2,0.02,51,0,0,0,0,0,1,0,0,0,1.8139341184618345
7482,122.62,49,139,241.0,0.02,51,0,0,0,0,0,1,0,0,0,1.6871977636676396
7483,122.64,49,133,241.5,0.02,51,0,0,0,0,0,1,0,0,1,1.4912865115258727
7484,122.66,49,145,240.4,0.02,51,0,0,0,0,0,1,0,1,0,1.5563077548855553
7485,122.67,7,25,24.4,0.02,7,0,0,0,1,1,0,3,1,1,2.556800046706824
7486,122.67,12,31,48.8,0.02,12,0,0,0,1,1,0,3,1,1,1.9942919662151
7487,122.69,38,96,172.4,0.02,38,0,0,0,1,1,0,3,1,0,1.5912752276299702
7488,122.69,19,37,86.3,0.02,19,0,0,0,1,1,0,0,1,0,2.191191446555912
7489,122.71,49,128,242.1,0.02,51,0,0,0,0,0,1,0,0,0,1.6539130393264325
7490,122.73,33,65,152.4,0.02,33,0,0,0,1,1,0,1,1,1,1.827640464191345
7491,122.75,49,148,240.1,0.02,51,0,0,0,0,0,1,0,0,0,1.6219375279191826
7492,122.77,49,138,241.0,0.02,51,0,0,0,0,0,1,0,0,1,1.930168596486614
7493,122.79,49,133,240.6,0.02,51,0,0,0,0,0,1,1,2,0,1.4889840510259114
7494,122.81,49,146,238.3,0.02,51,0,0,0,0,0,1,2,0,0,1.495454005530219
7495,122.84,49,149,239.9,0.02,51,0,0,0,0,0,1,0,1,1,1.647119569991956
7496,122.84,12,28,57.2,0.02,13,0,0,0,1,1,0,0,1,0,1.978183874340411
7497,122.85,18,37,81.3,0.02,18,0,0,0,1,1,0,0,1,0,2.128982672021344
7498,122.87,49,129,242.0,0.02,51,0,0,0,0,0,1,0,1,0,1.5744697014668672
7499,122.87,9,26,34.3,0.02,9,0,0,0,1,1,0,3,1,1,2.058681641893983
7500,122.9,49,147,240.1,0.02,51,0,0,0,0,0,1,0,0,1,1.3632194875029686
7501,122.91,19,58,82.0,0.02,19,0,0,0,1,1,0,2,1,2,1.540500786399715
7502,122.91,3,14,2.6,0.02,3,0,0,0,1,1,0,6,1,0,3.5507758990657456
7503,122.93,50,149,233.4,0.02,50,0,0,0,0,0,1,1,3,6,1.8916294856986344
7504,122.96,49,141,239.7,0.02,51,0,0,0,0,0,1,1,2,1,1.6758997183188227
7505,122.98,49,138,239.1,0.02,51,0,0,0,0,0,1,2,1,0,1.797986974523238
7506,123.0,49,131,241.8,0.02,51,0,0,0,0,0,1,0,0,0,1.6107790874716497
7507,123.02,49,141,239.8,0.02,51,0,0,0,0,0,1,1,1,0,1.550768105690988
7508,123.04,49,148,239.0,0.02,51,0,0,0,0,0,1,1,0,1,1.7505484224437198
7509,123.06,49,126,242.3,0.02,51,0,0,0,0,0,1,0,1,0,1.6987671860010327
7510,123.08,49,137,240.2,0.02,51,0,0,0,0,0,1,1,1,0,1.4123245892219844
7511,123.11,49,133,240.6,0.02,51,0,0,0,0,0,1,1,0,0,1.5536088525963034
7512,123.13,49,129,241.6,0.02,51,0,0,0,0,0,1,0,0,4,1.6503988706064603
7513,123.15,49,153,239.6,0.02,51,0,0,0,0,0,1,0,1,0,1.3548572632640106
7514,123.17,49,120,242.9,0.02,51,0,0,0,0,0,1,0,1,0,1.4850397625559852
7515,123.19,49,119,241.9,0.02,51,0,0,0,0,0,1,1,0,1,1.5524929051939014
7516,123.21,49,122,242.7,0.02,51,0,0,0,0,0,1,0,0,0,1.4759206243916714
7517,123.22,49,120,242.9,0.02,51,0,0,0,0,0,1,0,0,0,1.7915218988749264
7518,123.25,48,134,216.6,0.02,48,0,0,0,1,1,0,5,2,0,1.7112630388533323
7519,123.27,49,145,240.3,0.02,51,0,0,0,0,0,1,0,1,1,1.5645821728138047
7520,123.29,49,133,241.6,0.02,51,0,0,0,0,0,1,0,0,0,1.5565830629366357
7521,123.31,49,137,240.1,0.02,51,0,0,0,0,0,1,1,0,1,1.5238713714319445
7522,123.33,49,131,241.8,0.02,51,0,0,0,0,0,1,0,1,0,1.6308404304577384
7523,123.35,49,134,241.5,0.02,51,0,0,0,0,0,1,0,0,0,1.5142573852860066
7524,123.37,49,132,239.5,0.02,51,0,0,0,0,0,1,2,1,2,1.552721817173619
7525,123.39,41,97,189.3,0.02,41,0,0,0,1,1,0,1,2,0,1.658964740096373
7526,123.41,49,119,243.0,0.02,51,0,0,0,0,0,1,0,1,0,1.7263412516189989
7527,123.43,49,142,239.7,0.02,51,0,0,0,0,0,1,1,1,0,1.5677907584654314
7528,123.45,49,134,241.2,0.02,51,0,0,0,0,0,1,0,0,3,1.5628969103653634
7529,123.47,49,143,239.6,0.02,51,0,0,0,0,0,1,1,0,0,1.3735869098272953
7530,123.5,49,145,240.3,0.02,51,0,0,0,0,0,1,0,1,1,1.5785322849907542
7531,123.52,49,141,239.7,0.02,51,0,0,0,0,0,1,1,2,1,1.4731627129214095
7532,123.54,49,117,242.2,0.02,51,0,0,0,0,0,1,1,0,0,1.7844090408987194
7533,123.56,49,164,238.5,0.02,51,0,0,0,0,0,1,0,0,0,1.6970251436440107
7534,123.58,49,137,240.0,0.02,51,0,0,0,0,0,1,1,0,2,1.6591951072050057
7535,123.61,49,140,240.8,0.02,51,0,0,0,0,0,1,0,2,1,1.6412051549982316
7536,123.63,49,151,238.8,0.02,51,0,0,0,0,0,1,1,1,0,1.6188513116484844
7537,123.65,49,139,240.9,0.02,51,0,0,0,0,0,1,0,0,1,1.6071873818013753
7538,123.67,49,134,241.5,0.02,51,0,0,0,0,0,1,0,0,0,1.5759481079941304
7539,123.68,23,53,102.4,0.02,23,0,0,0,1,1,0,2,1,3,1.7682455018923198
7540,123.69,9,26,33.3,0.02,9,0,0,0,1,1,0,4,1,1,2.3400581595410994
7541,123.69,15,39,63.0,0.02,15,0,0,0,1,1,0,3,1,1,2.3836350931252084
7542,123.7,0,19,-10.0,0.02,0,0,0,0,1,1,0,3,1,1,2.9148374130652033
7543,123.7,10,25,39.5,0.02,10,0,0,0,1,1,0,3,1,0,2.3969845112458668
7544,123.72,47,140,213.0,0.02,47,0,0,0,1,1,0,3,2,0,1.814536503998935
7545,123.75,49,140,237.8,0.02,51,0,0,0,0,0,1,3,1,1,1.5273109442042612
7546,123.76,32,84,143.5,0.02,32,0,0,0,1,1,0,3,1,1,1.6611714300347487
7547,123.78,49,125,241.2,0.02,51,0,0,0,0,0,1,1,1,2,1.898053025121547
7548,123.8,49,139,240.0,0.02,51,0,0,0,0,0,1,1,0,0,1.6608095405207304
7549,123.82,36,79,166.0,0.02,36,0,0,0,1,1,0,1,1,1,1.730955526310816
7550,123.82,15,27,67.3,0.02,15,0,0,0,1,1,0,0,1,0,2.2547040660801034
7551,123.84,50,145,227.5,0.02,50,0,0,0,1,1,0,3,1,0,1.5940790720277034
7552,123.86,49,135,241.3,0.02,51,0,0,0,0,0,1,0,0,1,1.8208753226981453
7553,123.88,49,127,242.2,0.02,51,0,0,0,0,0,1,0,0,0,1.903218208028502
7554,123.9,49,131,241.6,0.02,51,0,0,0,0,0,1,0,0,2,1.9814092100788265
7555,123.93,49,126,241.4,0.02,51,0,0,0,0,0,1,0,0,9,1.769360484171012
7556,123.95,49,143,239.6,0.02,51,0,0,0,0,0,1,1,0,0,1.7983432083115707
7557,123.95,8,19,32.0,0.02,8,0,0,0,1,1,0,1,1,1,3.124325269541512
7558,123.97,49,129,242.0,0.02,51,0,0,0,0,0,1,0,0,0,1.490009108933883
7559,124.0,49,157,238.0,0.02,51,0,0,0,0,0,1,1,1,2,1.5928897465372034
7560,124.02,47,127,214.3,0.02,47,0,0,0,1,1,0,3,1,0,1.6201381963851988
7561,124.04,49,137,241.0,0.02,51,0,0,0,0,0,1,0,0,2,1.7111896198735248
7562,124.06,49,142,240.6,0.02,51,0,0,0,0,0,1,0,0,1,1.5994816485297898
7563,124.08,49,149,240.0,0.02,51,0,0,0,0,0,1,0,0,0,1.5229546449932958
7564,124.11,50,141,234.8,0.02,50,0,0,0,0,0,1,1,1,0,1.3979612558363066
7565,124.13,49,132,241.6,0.02,51,0,0,0,0,0,1,0,0,1,1.5964690115582851
7566,124.15,49,145,239.3,0.02,51,0,0,0,0,0,1,1,2,1,1.4354718365639538
7567,124.17,49,141,240.7,0.02,51,0,0,0,0,0,1,0,0,1,1.655949801617241
7568,124.18,31,76,141.4,0.02,31,0,0,0,1,1,0,1,1,0,1.6227091452936506
7569,124.2,49,123,242.6,0.02,51,0,0,0,0,0,1,0,0,0,1.9399112838028796
7570,124.22,49,134,240.4,0.02,51,0,0,0,0,0,1,1,0,1,1.534102227131386
7571,124.24,49,124,241.5,0.02,51,0,0,0,0,0,1,1,0,0,1.7404353967751993
7572,124.27,49,137,241.2,0.02,51,0,0,0,0,0,1,0,0,0,1.7786319576126721
7573,124.28,42,104,193.6,0.02,42,0,0,0,1,1,0,1,1,0,1.6115214790652066
7574,124.3,49,140,239.7,0.02,51,0,0,0,0,0,1,1,0,2,1.814270659024438
7575,124.34,49,222,230.6,0.02,51,0,0,0,0,0,1,2,1,1,1.5215610078315798
7576,124.36,49,126,242.2,0.02,51,0,0,0,0,0,1,0,0,1,1.4077329929514186
7577,124.38,49,124,242.5,0.02,51,0,0,0,0,0,1,0,1,0,1.6971252032428805
7578,124.4,49,135,240.4,0.02,51,0,0,0,0,0,1,1,2,0,1.6760773190705913
7579,124.43,49,202,231.7,0.02,51,0,0,0,0,0,1,3,0,0,1.3422950692563747
7580,124.45,49,133,240.5,0.02,51,0,0,0,0,0,1,1,1,1,1.941193220490904
7581,124.46,21,38,96.1,0.02,21,0,0,0,1,1,0,0,1,1,2.298146211839751
7582,124.48,49,128,241.1,0.02,51,0,0,0,0,0,1,1,0,0,1.4067890828183305
7583,124.5,49,135,240.4,0.02,51,0,0,0,0,0,1,1,1,0,1.8729079096770143
7584,124.52,49,132,240.7,0.02,51,0,0,0,0,0,1,1,0,0,1.6020666529940626
7585,124.54,49,127,242.2,0.02,51,0,0,0,0,0,1,0,0,0,1.568517900588533
7586,124.56,49,138,239.1,0.02,51,0,0,0,0,0,1,2,1,0,1.6179427938990831
7587,124.58,50,129,236.8,0.02,50,0,0,0,0,0,1,0,1,2,1.6056909380938567
7588,124.6,49,145,239.3,0.02,51,0,0,0,0,0,1,1,0,1,1.6383093786376797
7589,124.62,49,135,240.4,0.02,51,0,0,0,0,0,1,1,0,0,1.5568423582260895
7590,124.65,49,141,240.8,0.02,51,0,0,0,0,0,1,0,0,0,1.5702863935291604
7591,124.67,49,138,240.1,0.02,51,0,0,0,0,0,1,1,0,0,1.6548198230377233
7592,124.67,12,33,47.6,0.02,12,0,0,0,1,1,0,4,1,1,2.1594982975353365
7593,124.7,49,146,239.3,0.02,51,0,0,0,0,0,1,1,0,0,1.7265085559781104
7594,124.7,26,54,118.6,0.02,26,0,0,0,1,1,0,1,1,0,1.87952103978201
7595,124.73,49,135,241.4,0.02,51,0,0,0,0,0,1,0,0,0,1.4621964388634074
7596,124.75,49,146,240.3,0.02,51,0,0,0,0,0,1,0,0,0,1.4891276700883713
7597,124.77,49,124,242.5,0.02,51,0,0,0,0,0,1,0,0,0,1.6901223128521614
7598,124.79,49,132,241.7,0.02,51,0,0,0,0,0,1,0,1,0,1.5818833468965536
7599,124.81,49,130,241.8,0.02,51,0,0,0,0,0,1,0,1,1,1.659175677645633
7600,124.81,3,6,8.4,0.02,3,0,0,0,1,1,0,1,1,0,4.9488212774936295
7601,124.83,49,146,240.3,0.02,51,0,0,0,0,0,1,0,0,0,1.406153732344375
7602,124.86,49,174,235.4,0.02,51,0,0,0,0,0,1,2,0,1,1.493382441706842
7603,124.88,49,156,235.3,0.02,51,0,0,0,0,0,1,4,0,0,1.4771963074094672
7604,124.91,50,139,235.0,0.02,50,0,0,0,0,0,1,1,1,0,1.4280179488860831
7605,124.93,49,132,241.7,0.02,51,0,0,0,0,0,1,0,1,0,1.825166782004345
7606,124.95,49,121,242.8,0.02,51,0,0,0,0,0,1,0,1,0,1.5439623455797173
7607,124.96,49,119,243.0,0.02,51,0,0,0,0,0,1,0,1,0,1.743423518882459
7608,124.99,49,150,239.9,0.02,51,0,0,0,0,0,1,0,1,0,1.584771606595674
7609,125.01,49,142,222.7,0.02,49,0,0,0,1,1,0,3,1,1,1.4408350182487317
7610,125.02,3,50,0.5,0.02,3,0,0,0,1,1,0,4,1,5,1.611005239641179
7611,125.04,49,125,241.3,0.02,51,0,0,0,0,0,1,1,0,1,1.5722343375375314
7612,125.06,49,139,221.0,0.02,49,0,0,0,1,1,0,5,3,1,1.7047511127503139
7613,125.08,49,130,240.9,0.02,51,0,0,0,0,0,1,1,0,0,1.560953866875528
7614,125.1,49,132,241.7,0.02,51,0,0,0,0,0,1,0,1,0,1.9243671732931193
7615,125.12,49,127,242.1,0.02,51,0,0,0,0,0,1,0,0,1,1.723294086211058
7616,125.15,48,199,210.6,0.02,48,0,0,0,1,1,0,4,2,5,1.678283766578909
7617,125.16,11,58,40.1,0.02,11,0,0,0,1,1,0,4,1,1,1.803425825645699
7618,125.18,49,117,240.1,0.02,51,0,0,0,0,0,1,3,0,1,1.5945840373515303
7619,125.2,49,127,242.2,0.02,51,0,0,0,0,0,1,0,2,0,1.7274308923239006
7620,125.22,49,147,240.1,0.02,51,0,0,0,0,0,1,0,1,1,1.602509999326574
7621,125.24,49,121,240.6,0.02,51,0,0,0,0,0,1,2,0,2,1.5118028472921587
7622,125.27,49,145,240.4,0.02,51,0,0,0,0,0,1,0,0,0,1.443460810926212
7623,125.28,32,113,140.4,0.02,32,0,0,0,1,1,0,3,1,3,1.5372426837952082
7624,125.3,46,112,210.6,0.02,46,0,0,0,1,1,0,3,1,2,1.5064106833008561
7625,125.32,49,131,240.7,0.02,51,0,0,0,0,0,1,1,0,1,1.5732905670938337
7626,125.34,49,126,238.3,0.02,51,0,0,0,0,0,1,4,1,0,1.758907520809895
7627,125.35,9,22,34.7,0.02,9,0,0,0,1,1,0,3,1,1,2.0307503560927076
7628,125.37,49,136,240.1,0.02,51,0,0,0,0,0,1,1,0,2,1.6376856905433297
7629,125.39,49,133,241.4,0.02,51,0,0,0,0,0,1,0,0,2,1.5729718422123888
7630,125.41,49,135,241.3,0.02,51,0,0,0,0,0,1,0,1,1,2.0670623909379535
7631,125.43,40,94,185.6,0.02,40,0,0,0,1,1,0,0,1,0,1.5587740252468052
7632,125.44,49,113,243.6,0.02,51,0,0,0,0,0,1,0,0,0,1.9038186904797307
7633,125.47,49,142,240.7,0.02,51,0,0,0,0,0,1,0,0,0,1.8903132784732055
7634,125.49,49,138,240.0,0.02,51,0,0,0,0,0,1,1,0,1,1.8634305133100142
7635,125.51,49,125,241.4,0.02,51,0,0,0,0,0,1,1,0,0,1.578037784659217
7636,125.53,49,141,238.8,0.02,51,0,0,0,0,0,1,2,0,0,1.776619867233871
7637,125.55,49,161,238.8,0.02,51,0,0,0,0,0,1,0,1,0,1.6317347572869259
7638,125.57,49,135,241.3,0.02,51,0,0,0,0,0,1,0,1,1,1.9907927344904035
7639,125.6,49,140,238.9,0.02,51,0,0,0,0,0,1,2,1,0,1.6367094177078192
7640,125.62,49,151,238.7,0.02,51,0,0,0,0,0,1,1,0,1,1.617391072481475
7641,125.64,49,139,241.0,0.02,51,0,0,0,0,0,1,0,0,0,1.6482983350010367
7642,125.67,49,157,238.2,0.02,51,0,0,0,0,0,1,1,0,0,1.5870778625507271
7643,125.69,49,138,240.1,0.02,51,0,0,0,0,0,1,1,0,0,1.594827560981607
7644,125.71,49,119,242.9,0.02,51,0,0,0,0,0,1,0,1,1,1.6953906974161277
7645,125.73,49,146,239.0,0.02,51,0,0,0,0,0,1,1,1,3,1.6140254956441293
7646,125.75,39,134,173.0,0.02,39,0,0,0,1,1,0,3,1,6,1.4786764457601032
7647,125.77,49,134,240.3,0.02,51,0,0,0,0,0,1,1,1,2,1.7297462680869011
7648,125.77,3,10,9.0,0.02,3,0,0,0,1,1,0,0,1,0,4.083805606503346
7649,125.79,49,124,242.3,0.02,51,0,0,0,0,0,1,0,1,2,1.7138890234942132
7650,125.81,49,127,241.1,0.02,51,0,0,0,0,0,1,1,0,1,1.7343174389507017
7651,125.83,49,135,240.1,0.02,51,0,0,0,0,0,1,1,0,3,1.7246354875693943
7652,125.85,49,126,242.2,0.02,51,0,0,0,0,0,1,0,2,1,1.6077228837134472
7653,125.87,49,139,241.0,0.02,51,0,0,0,0,0,1,0,0,0,1.6957574310920993
7654,125.89,49,130,240.9,0.02,51,0,0,0,0,0,1,1,0,0,1.4376161549386415
7655,125.92,49,153,238.5,0.02,51,0,0,0,0,0,1,1,0,1,1.488928571405665
7656,125.94,49,160,238.8,0.02,51,0,0,0,0,0,1,0,0,1,1.3783003451721183
7657,125.96,49,154,236.0,0.02,51,0,0,0,0,0,1,3,2,5,1.7044763611143863
7658,125.98,49,128,240.1,0.02,51,0,0,0,0,0,1,2,0,0,1.8119957384286087
7659,126.01,49,137,240.2,0.02,51,0,0,0,0,0,1,1,0,0,1.5316144749306824
7660,126.03,49,152,237.7,0.02,51,0,0,0,0,0,1,2,1,0,1.6171192758115571
7661,126.05,49,139,240.0,0.02,51,0,0,0,0,0,1,1,2,0,1.6470019298764673
7662,126.07,49,131,241.8,0.02,51,0,0,0,0,0,1,0,1,0,1.5277789969482412
7663,126.08,16,46,65.1,0.02,16,0,0,0,1,1,0,5,1,3,2.210231063301157
7664,126.1,49,153,239.6,0.02,51,0,0,0,0,0,1,0,0,0,1.596627379245521
7665,126.12,49,146,239.3,0.02,51,0,0,0,0,0,1,1,1,0,1.4640346930394241
7666,126.12,1,7,-2.9,0.02,1,0,0,0,1,1,0,2,1,2,4.5861299353095015
7667,126.13,1,9,-4.3,0.02,1,0,0,0,1,1,0,3,1,4,3.9155093622488
7668,126.15,49,135,238.4,0.02,51,0,0,0,0,0,1,3,2,0,1.5910539850105716
7669,126.17,49,123,242.6,0.02,51,0,0,0,0,0,1,0,0,0,1.8212714229071751
7670,126.19,49,128,241.1,0.02,51,0,0,0,0,0,1,1,0,0,1.6252928081282185
7671,126.2,28,102,121.7,0.02,28,0,0,0,1,1,0,3,1,1,1.7054739864723196
7672,126.22,49,126,241.2,0.02,51,0,0,0,0,0,1,1,0,1,1.6770468186315217
7673,126.24,45,121,203.8,0.02,45,0,0,0,1,1,0,4,2,1,1.5691428370073992
7674,126.26,48,123,220.7,0.02,48,0,0,0,1,1,0,2,4,0,1.6865034138856008
7675,126.28,49,126,242.3,0.02,51,0,0,0,0,0,1,0,1,0,1.592420478744508
7676,126.3,49,121,242.8,0.02,51,0,0,0,0,0,1,0,0,0,1.4838344723736305
7677,126.32,49,136,241.3,0.02,51,0,0,0,0,0,1,0,0,0,1.5597023052102124
7678,126.34,49,159,238.0,0.02,51,0,0,0,0,0,1,1,1,0,1.5142913731084673
7679,126.36,49,136,241.2,0.02,51,0,0,0,0,0,1,0,0,1,1.5386006716905438
7680,126.38,49,136,241.2,0.02,51,0,0,0,0,0,1,0,0,1,1.7182190429978181
7681,126.4,49,134,240.5,0.02,51,0,0,0,0,0,1,1,0,0,1.6077623490656017
7682,126.43,49,189,235.0,0.02,51,0,0,0,0,0,1,1,2,0,1.4428584229991017
7683,126.45,49,146,240.2,0.02,51,0,0,0,0,0,1,0,0,1,1.627105142407271
7684,126.47,49,124,241.5,0.02,51,0,0,0,0,0,1,1,0,0,1.7714342181757785
7685,126.49,49,133,239.6,0.02,51,0,0,0,0,0,1,2,1,0,1.8002562786652232
7686,126.51,49,125,240.3,0.02,51,0,0,0,0,0,1,2,1,1,1.8355309744948178
7687,126.53,49,126,242.3,0.02,51,0,0,0,0,0,1,0,0,0,1.6318474319004703
7688,126.55,49,137,240.2,0.02,51,0,0,0,0,0,1,1,0,0,1.5925654153966962
7689,126.57,49,131,241.8,0.02,51,0,0,0,0,0,1,0,0,0,1.5222145694273694
7690,126.59,49,131,241.8,0.02,51,0,0,0,0,0,1,0,0,0,1.6706721774013344
7691,126.62,49,152,238.6,0.02,51,0,0,0,0,0,1,1,1,1,1.5158314910822308
7692,126.64,49,137,241.1,0.02,51,0,0,0,0,0,1,0,1,1,1.416058020370291
7693,126.66,49,128,242.1,0.02,51,0,0,0,0,0,1,0,0,0,1.7399699246700802
7694,126.68,50,130,235.9,0.02,50,0,0,0,0,0,1,1,1,0,1.5291750626841671
7695,126.7,49,150,239.8,0.02,51,0,0,0,0,0,1,0,0,1,1.4186991748283828
7696,126.72,49,128,241.1,0.02,51,0,0,0,0,0,1,1,1,0,1.6061896877351034
7697,126.74,49,138,240.1,0.02,51,0,0,0,0,0,1,1,0,0,1.7440101401295978
7698,126.76,49,122,241.6,0.02,51,0,0,0,0,0,1,1,1,1,1.817845509102548
7699,126.78,49,134,241.4,0.02,51,0,0,0,0,0,1,0,0,1,1.733316158559848
7700,126.8,49,127,240.1,0.02,51,0,0,0,0,0,1,2,0,1,1.6916285369521937
7701,126.82,49,135,241.3,0.02,51,0,0,0,0,0,1,0,0,1,1.55134926776432
7702,126.84,49,132,240.7,0.02,51,0,0,0,0,0,1,1,0,0,1.6148424135455814
7703,126.86,49,148,237.1,0.02,51,0,0,0,0,0,1,3,0,0,1.6328188500367238
7704,126.88,49,118,243.1,0.02,51,0,0,0,0,0,1,0,0,0,1.5289188695067972
7705,126.9,50,146,235.1,0.02,50,0,0,0,0,0,1,0,1,2,1.4257323268793793
7706,126.92,49,128,242.0,0.02,51,0,0,0,0,0,1,0,1,1,1.5462463353289917
7707,126.94,49,131,241.8,0.02,51,0,0,0,0,0,1,0,0,0,1.6242665626754675
7708,126.96,49,127,242.2,0.02,51,0,0,0,0,0,1,0,0,0,1.498113331395691
7709,126.98,49,132,240.5,0.02,51,0,0,0,0,0,1,1,0,2,1.563684006690699
7710,127.0,49,122,241.7,0.02,51,0,0,0,0,0,1,1,0,0,1.7591291495831956
7711,127.02,49,133,240.5,0.02,51,0,0,0,0,0,1,1,0,1,1.9071700575533268
7712,127.05,49,134,239.4,0.02,51,0,0,0,0,0,1,2,0,1,1.6768655596961572
7713,127.06,49,107,244.1,0.02,51,0,0,0,0,0,1,0,0,1,1.9260767432254355
7714,127.08,49,118,242.1,0.02,51,0,0,0,0,0,1,1,1,0,1.5266661420830039
7715,127.1,49,148,239.1,0.02,51,0,0,0,0,0,1,1,0,0,1.606158966057449
7716,127.13,49,142,240.7,0.02,51,0,0,0,0,0,1,0,2,0,1.9145091429957068
7717,127.15,49,133,241.5,0.02,51,0,0,0,0,0,1,0,1,1,1.6714405644918269
7718,127.17,49,145,239.4,0.02,51,0,0,0,0,0,1,1,1,0,1.4949693848922667
7719,127.18,32,87,144.2,0.02,32,0,0,0,1,1,0,2,2,1,1.5241808033501953
7720,127.21,49,154,239.3,0.02,51,0,0,0,0,0,1,0,1,2,1.5862449022574254
7721,127.23,49,126,242.1,0.02,51,0,0,0,0,0,1,0,1,2,1.527764045764585
7722,127.25,49,127,242.2,0.02,51,0,0,0,0,0,1,0,0,0,1.797661967026965
7723,127.27,49,127,241.2,0.02,51,0,0,0,0,0,1,1,0,0,1.520590651375241
7724,127.29,49,121,242.6,0.02,51,0,0,0,0,0,1,0,0,2,1.8096019067420566
7725,127.3,38,81,181.8,0.02,39,0,0,0,1,1,0,0,1,1,1.696495197994381
7726,127.32,49,141,240.8,0.02,51,0,0,0,0,0,1,0,2,0,1.6048870861443154
7727,127.34,49,126,242.1,0.02,51,0,0,0,0,0,1,0,1,2,1.7639326984606691
7728,127.36,49,141,240.7,0.02,51,0,0,0,0,0,1,0,0,1,1.7701858018015872
7729,127.38,49,148,237.8,0.02,51,0,0,0,0,0,1,2,0,3,1.8032054990962927
7730,127.41,49,139,239.9,0.02,51,0,0,0,0,0,1,1,0,1,1.8870416909351995
7731,127.43,49,138,240.1,0.02,51,0,0,0,0,0,1,1,0,0,1.541557938058545
7732,127.43,22,50,98.0,0.02,22,0,0,0,1,1,0,2,1,0,1.6738684197663263
7733,127.46,49,135,240.4,0.02,51,0,0,0,0,0,1,1,1,0,1.8667553228739835
7734,127.48,50,140,233.9,0.02,50,0,0,0,0,0,1,2,1,0,1.6383497155517206
7735,127.5,49,132,240.7,0.02,51,0,0,0,0,0,1,1,1,0,1.753730862786831
7736,127.52,49,122,241.7,0.02,51,0,0,0,0,0,1,1,0,0,1.8082539720258402
7737,127.54,49,146,240.1,0.02,51,0,0,0,0,0,1,0,0,2,1.68883989502214
7738,127.56,49,141,239.8,0.02,51,0,0,0,0,0,1,1,0,0,1.730395966699373
7739,127.58,49,144,239.5,0.02,51,0,0,0,0,0,1,1,0,0,1.7312254868217858
7740,127.6,49,118,242.0,0.02,51,0,0,0,0,0,1,1,0,1,1.8784399382837202
7741,127.62,50,140,229.9,0.02,50,0,0,0,1,1,0,1,2,1,1.403742218034753
7742,127.64,49,135,241.4,0.02,51,0,0,0,0,0,1,0,0,0,1.7568075588976086
7743,127.66,49,138,240.1,0.02,51,0,0,0,0,0,1,1,0,0,1.4551880055866908
7744,127.68,49,114,241.5,0.02,51,0,0,0,0,0,1,2,1,0,1.9105400283712095
7745,127.7,49,146,237.1,0.02,51,0,0,0,0,0,1,3,1,2,1.6888501262331606
7746,127.72,49,123,241.5,0.02,51,0,0,0,0,0,1,1,0,1,1.5659796176321068
7747,127.74,49,145,240.2,0.02,51,0,0,0,0,0,1,0,0,2,1.6418700707137779
7748,127.76,50,135,236.3,0.02,50,0,0,0,0,0,1,0,1,1,1.691640521202391
7749,127.79,49,149,236.9,0.02,51,0,0,0,0,0,1,3,0,1,1.629633912356579
7750,127.81,49,131,241.8,0.02,51,0,0,0,0,0,1,0,0,0,1.858281768789746
7751,127.81,18,40,86.0,0.02,19,0,0,0,1,1,0,0,1,0,1.6137368075391776
7752,127.82,7,31,24.4,0.02,7,0,0,0,1,1,0,2,1,5,2.311573714908012
7753,127.83,27,79,118.1,0.02,27,0,0,0,1,1,0,4,1,0,1.5546441025190452
7754,127.85,45,144,199.0,0.02,45,0,0,0,1,1,0,6,1,6,1.857109814448676
7755,127.88,49,146,240.2,0.02,51,0,0,0,0,0,1,0,0,1,1.70555990117537
7756,127.9,49,138,241.0,0.02,51,0,0,0,0,0,1,0,0,1,1.7717783414855899
7757,127.92,49,145,239.4,0.02,51,0,0,0,0,0,1,1,1,0,1.5571571822417214
7758,127.94,49,138,241.1,0.02,51,0,0,0,0,0,1,0,1,0,1.617092107586354
7759,127.96,49,136,241.3,0.02,51,0,0,0,0,0,1,0,0,0,1.6479690376035578
7760,127.98,49,133,241.5,0.02,51,0,0,0,0,0,1,0,1,1,1.6304741687629112
7761,128.0,49,133,241.6,0.02,51,0,0,0,0,0,1,0,0,0,1.6053215526659868
7762,128.02,37,87,168.1,0.02,37,0,0,0,1,1,0,3,1,2,1.823508614012005
7763,128.04,47,125,220.5,0.02,48,0,0,0,1,1,0,2,2,0,1.538731955468795
7764,128.06,49,141,237.8,0.02,51,0,0,0,0,0,1,3,1,0,1.6729687110606284
7765,128.08,49,138,238.9,0.02,51,0,0,0,0,0,1,2,1,2,1.6097652844193946
7766,128.1,49,130,239.8,0.02,51,0,0,0,0,0,1,2,0,1,1.8002238491265001
7767,128.12,49,134,241.5,0.02,51,0,0,0,0,0,1,0,2,0,1.5917696602780589
7768,128.14,49,127,241.1,0.02,51,0,0,0,0,0,1,1,0,1,1.650478620595611
7769,128.16,49,131,241.8,0.02,51,0,0,0,0,0,1,0,0,0,1.7810397092884251
7770,128.18,49,125,242.4,0.02,51,0,0,0,0,0,1,0,0,0,1.4580452688259926
7771,128.2,49,142,240.7,0.02,51,0,0,0,0,0,1,0,1,0,1.7278887608253712
7772,128.2,13,33,59.4,0.02,14,0,0,0,1,1,0,2,1,3,1.8831037390623975
7773,128.22,25,63,109.4,0.02,25,0,0,0,1,1,0,4,2,3,1.8019377037732982
7774,128.24,49,138,239.1,0.02,51,0,0,0,0,0,1,2,1,0,1.6449933341750267
7775,128.26,49,125,242.4,0.02,51,0,0,0,0,0,1,0,0,0,1.5806537852295972
7776,128.28,49,129,241.0,0.02,51,0,0,0,0,0,1,1,0,0,1.6660525111036584
7777,128.29,49,125,237.8,0.02,51,0,0,0,0,0,1,4,1,6,1.96080945150766
7778,128.32,49,141,240.8,0.02,51,0,0,0,0,0,1,0,0,0,1.5568224559806778
7779,128.34,49,124,241.5,0.02,51,0,0,0,0,0,1,1,0,0,1.8025720828977272
7780,128.36,49,130,241.8,0.02,51,0,0,0,0,0,1,0,0,1,1.548608456263687
7781,128.38,49,143,238.6,0.02,51,0,0,0,0,0,1,2,1,0,1.7108062588314756
7782,128.4,49,148,239.0,0.02,51,0,0,0,0,0,1,1,1,1,1.5554142528623498
7783,128.42,49,140,240.8,0.02,51,0,0,0,0,0,1,0,0,1,1.4254818482671927
7784,128.44,49,127,240.2,0.02,51,0,0,0,0,0,1,2,0,0,1.859512450285953
7785,128.46,49,115,243.3,0.02,51,0,0,0,0,0,1,0,0,1,1.7570160903055203
7786,128.48,49,120,240.7,0.02,51,0,0,0,0,0,1,2,0,2,1.7502691588213324
7787,128.5,49,131,241.6,0.02,51,0,0,0,0,0,1,0,0,2,1.7382757996704148
7788,128.52,49,132,240.7,0.02,51,0,0,0,0,0,1,1,0,0,1.79276992139391
7789,128.54,49,125,242.4,0.02,51,0,0,0,0,0,1,0,0,0,1.7327113435215458
7790,128.56,49,156,235.2,0.02,51,0,0,0,0,0,1,4,1,1,1.5946795281583075
7791,128.58,49,134,239.5,0.02,51,0,0,0,0,0,1,2,1,0,1.565113563419023
7792,128.61,49,129,241.0,0.02,51,0,0,0,0,0,1,1,0,0,1.422313685474529
7793,128.63,49,131,239.7,0.02,51,0,0,0,0,0,1,2,0,1,1.7935014139080268
7794,128.64,49,113,243.6,0.02,51,0,0,0,0,0,1,0,1,0,1.8495199335414163
7795,128.66,49,136,241.2,0.02,51,0,0,0,0,0,1,0,0,1,1.481326345219928
7796,128.67,22,52,96.8,0.02,22,0,0,0,1,1,0,3,2,0,1.8038380977429174
7797,128.69,42,107,194.2,0.02,43,0,0,0,1,1,0,5,2,1,1.7158415297338945
7798,128.71,49,126,241.3,0.02,51,0,0,0,0,0,1,1,0,0,1.652467021542711
7799,128.73,49,143,239.6,0.02,51,0,0,0,0,0,1,1,1,0,1.6423332357936522
7800,128.74,17,46,72.4,0.02,17,0,0,0,1,1,0,3,1,0,2.25113377612501
7801,128.76,44,111,201.6,0.02,44,0,0,0,1,1,0,2,1,3,1.5879983516679255
7802,128.77,33,90,145.9,0.02,33,0,0,0,1,1,0,5,1,1,1.715799242539723
7803,128.78,17,38,71.1,0.02,17,0,0,0,1,1,0,5,1,1,2.3933435223696695
7804,128.8,49,128,240.0,0.02,51,0,0,0,0,0,1,2,1,1,1.9423910009921326
7805,128.81,18,42,77.7,0.02,18,0,0,0,1,1,0,3,1,1,2.4042876396133104
7806,128.83,34,95,152.3,0.02,34,0,0,0,1,1,0,3,2,2,1.909522964267503
7807,128.85,49,148,239.0,0.02,51,0,0,0,0,0,1,1,0,1,1.6795511803769423
7808,128.86,37,87,168.2,0.02,37,0,0,0,1,1,0,3,2,1,2.0722372739878856
7809,128.89,49,146,239.0,0.02,51,0,0,0,0,0,1,1,2,3,1.876863133740807
7810,128.91,49,118,242.1,0.02,51,0,0,0,0,0,1,1,0,0,1.8474878126890193
7811,128.93,49,135,239.4,0.02,51,0,0,0,0,0,1,2,0,0,1.6054652586882145
7812,128.95,49,160,238.9,0.02,51,0,0,0,0,0,1,0,1,0,1.5518061683049265
7813,128.97,42,117,188.2,0.02,42,0,0,0,1,1,0,5,2,1,1.807000114385569
7814,128.99,49,126,241.3,0.02,51,0,0,0,0,0,1,1,0,0,1.7963860253727535
7815,129.01,49,131,241.8,0.02,51,0,0,0,0,0,1,0,0,0,1.597500333311652
7816,129.03,49,135,239.3,0.02,51,0,0,0,0,0,1,2,0,1,1.7828587153957594
7817,129.05,49,127,241.2,0.02,51,0,0,0,0,0,1,1,0,0,1.885941095454939
7818,129.06,22,50,99.0,0.02,22,0,0,0,1,1,0,1,1,0,1.6096848825558459
7819,129.08,49,124,241.5,0.02,51,0,0,0,0,0,1,1,0,0,1.751296686447478
7820,129.1,49,121,242.7,0.02,51,0,0,0,0,0,1,0,0,1,1.6820554683414084
7821,129.12,49,134,241.5,0.02,51,0,0,0,0,0,1,0,0,0,1.7211979693104265
7822,129.14,49,132,239.7,0.02,51,0,0,0,0,0,1,2,0,0,1.5641016881551246
7823,129.16,15,79,58.1,0.02,15,0,0,0,1,1,0,4,1,0,1.707993022905921
7824,129.18,49,139,240.0,0.02,51,0,0,0,0,0,1,1,0,0,1.5452123724119742
7825,129.2,49,121,242.8,0.02,51,0,0,0,0,0,1,0,1,0,1.5216694361927845
7826,129.22,49,127,241.1,0.02,51,0,0,0,0,0,1,1,0,1,1.5749240367623885
7827,129.24,49,139,238.9,0.02,51,0,0,0,0,0,1,2,0,1,1.5972307232012295
7828,129.26,49,115,242.4,0.02,51,0,0,0,0,0,1,1,0,0,1.6681764986033591
7829,129.28,49,146,240.3,0.02,51,0,0,0,0,0,1,0,0,0,1.4159160904632244
7830,129.3,49,134,240.4,0.02,51,0,0,0,0,0,1,1,0,1,1.7336378354419713
7831,129.32,49,134,238.5,0.02,51,0,0,0,0,0,1,3,0,0,1.431167600782094
7832,129.34,49,117,243.0,0.02,51,0,0,0,0,0,1,0,0,2,1.7276339724259677
7833,129.36,49,140,239.9,0.02,51,0,0,0,0,0,1,1,0,0,1.3752506680174639
7834,129.38,49,138,239.1,0.02,51,0,0,0,0,0,1,2,0,0,1.5071965314970326
7835,129.4,49,135,241.4,0.02,51,0,0,0,0,0,1,0,0,0,1.554140391361095
7836,129.42,49,122,240.7,0.02,51,0,0,0,0,0,1,2,1,0,1.4386444710357504
7837,129.44,49,133,241.4,0.02,51,0,0,0,0,0,1,0,1,2,1.500581567076812
7838,129.47,49,146,240.3,0.02,51,0,0,0,0,0,1,0,1,0,1.5238940061770883
7839,129.48,28,65,125.4,0.02,28,0,0,0,1,1,0,3,1,1,1.4439578885800817
7840,129.5,49,130,241.9,0.02,51,0,0,0,0,0,1,0,1,0,1.6337068117666156
7841,129.52,49,135,240.3,0.02,51,0,0,0,0,0,1,1,0,1,1.80356305444766
7842,129.54,49,152,236.7,0.02,51,0,0,0,0,0,1,3,0,0,1.5262169300693795
7843,129.56,49,131,241.8,0.02,51,0,0,0,0,0,1,0,0,0,1.679202899877224
7844,129.58,49,131,241.8,0.02,51,0,0,0,0,0,1,0,0,0,1.7325293105357027
7845,129.61,49,146,239.3,0.02,51,0,0,0,0,0,1,1,0,0,1.4883359893540729
7846,129.63,49,140,240.9,0.02,51,0,0,0,0,0,1,0,1,0,1.5318606532790668
7847,129.64,22,55,97.3,0.02,22,0,0,0,1,1,0,2,1,2,1.8755959874154087
7848,129.66,49,124,240.2,0.02,51,0,0,0,0,0,1,2,0,3,1.7264157927042147
7849,129.68,49,143,240.6,0.02,51,0,0,0,0,0,1,0,0,0,1.7047670157388701
7850,129.7,49,159,238.8,0.02,51,0,0,0,0,0,1,0,0,2,1.5605295056888844
7851,129.73,46,141,208.9,0.02,46,0,0,0,1,1,0,2,1,0,1.373572891815661
7852,129.75,49,131,238.8,0.02,51,0,0,0,0,0,1,3,0,0,1.6931202122136997
7853,129.77,49,136,240.3,0.02,51,0,0,0,0,0,1,1,0,0,1.712612263191078
7854,129.79,49,151,236.7,0.02,51,0,0,0,0,0,1,3,0,1,1.712771136292819
7855,129.81,49,135,241.4,0.02,51,0,0,0,0,0,1,0,0,0,1.5271540108616357
7856,129.84,49,151,237.5,0.02,51,0,0,0,0,0,1,2,0,3,1.6320503716797843
7857,129.86,49,137,239.2,0.02,51,0,0,0,0,0,1,2,2,0,1.6336478158907342
7858,129.88,49,124,242.4,0.02,51,0,0,0,0,0,1,0,0,1,1.6753809121902272
7859,129.9,49,127,240.2,0.02,51,0,0,0,0,0,1,2,0,0,1.5985104306568259
7860,129.92,49,131,241.7,0.02,51,0,0,0,0,0,1,0,0,1,1.6504053033171895
7861,129.94,49,124,242.4,0.02,51,0,0,0,0,0,1,0,0,1,1.5291459969144954
7862,129.96,49,150,239.6,0.02,51,0,0,0,0,0,1,0,0,3,1.5995691724883907
7863,129.98,49,148,238.1,0.02,51,0,0,0,0,0,1,2,1,0,1.4426536288026843
7864,129.99,5,17,22.1,0.02,6,0,0,0,1,1,0,1,1,2,1.913516928800675
7865,129.99,5,20,15.7,0.02,5,0,0,0,1,1,0,2,1,3,2.197928356246607
7866,130.02,49,198,232.5,0.02,51,0,0,0,0,0,1,2,1,6,1.7605563256890975
7867,130.04,49,131,240.8,0.02,51,0,0,0,0,0,1,1,1,0,1.558004847548654
7868,130.06,49,140,240.9,0.02,51,0,0,0,0,0,1,0,0,0,1.5507116191448198
7869,130.08,49,114,243.5,0.02,51,0,0,0,0,0,1,0,0,0,1.6244276898852799
7870,130.09,25,53,111.7,0.02,25,0,0,0,1,1,0,3,1,0,1.7739757883611507
7871,130.11,49,136,241.2,0.02,51,0,0,0,0,0,1,0,0,1,1.6680665994626263
7872,130.14,49,138,240.1,0.02,51,0,0,0,0,0,1,1,0,0,1.5684859428769056
7873,130.15,49,119,243.0,0.02,51,0,0,0,0,0,1,0,0,0,1.6465289232650233
7874,130.18,49,136,239.3,0.02,51,0,0,0,0,0,1,2,0,0,1.6327247072023034
7875,130.2,46,152,205.6,0.02,46,0,0,0,1,1,0,4,1,2,1.7802707645685603
7876,130.21,13,43,47.7,0.02,13,0,0,0,1,1,0,8,2,0,1.768253133634159
7877,130.23,49,130,240.9,0.02,51,0,0,0,0,0,1,1,0,0,1.6928853759816305
7878,130.24,36,105,159.3,0.02,36,0,0,0,1,1,0,5,1,2,1.9286481884682998
7879,130.25,14,33,55.6,0.02,14,0,0,0,1,1,0,6,1,1,2.243087739869159
7880,130.27,41,107,181.0,0.02,41,0,0,0,1,1,0,8,1,3,1.929803649577722
7881,130.28,24,58,105.0,0.02,24,0,0,0,1,1,0,4,1,2,2.0928399978103185
7882,130.28,10,32,37.2,0.02,10,0,0,0,1,1,0,4,1,6,2.2441922641131296
7883,130.3,39,100,179.0,0.02,39,0,0,0,1,1,0,1,1,0,1.8103907627258338
7884,130.32,40,110,180.8,0.02,40,0,0,0,1,1,0,3,2,2,1.545677417727006
7885,130.34,41,113,185.5,0.02,41,0,0,0,1,1,0,3,1,2,1.9045018617159422
7886,130.35,37,85,166.4,0.02,37,0,0,0,1,1,0,5,2,1,1.9350296504516844
7887,130.37,49,136,241.2,0.02,51,0,0,0,0,0,1,0,0,1,1.9205205742635347
7888,130.39,49,133,241.6,0.02,51,0,0,0,0,0,1,0,1,0,1.8439464793174882
7889,130.41,42,103,192.6,0.02,42,0,0,0,1,1,0,2,1,1,1.631411596930046
7890,130.43,45,153,200.6,0.02,45,0,0,0,1,1,0,4,1,1,1.7195446239640695
7891,130.45,49,135,239.2,0.02,51,0,0,0,0,0,1,2,0,2,2.0049720642145843
7892,130.48,49,147,240.2,0.02,51,0,0,0,0,0,1,0,0,0,1.5912343391409294
7893,130.5,49,143,240.4,0.02,51,0,0,0,0,0,1,0,0,2,1.9078996275950137
7894,130.53,41,198,177.0,0.02,41,0,0,0,1,1,0,3,1,2,1.4150904808806963
7895,130.55,49,112,243.7,0.02,51,0,0,0,0,0,1,0,1,0,1.662949732928825
7896,130.56,49,120,240.9,0.02,51,0,0,0,0,0,1,2,2,0,1.9211988966763425
7897,130.59,49,137,240.2,0.02,51,0,0,0,0,0,1,1,2,0,1.7275979167645732
7898,130.61,49,131,240.8,0.02,51,0,0,0,0,0,1,1,1,0,1.6675176233271483
7899,130.63,49,139,239.0,0.02,51,0,0,0,0,0,1,2,0,0,1.4718670888682654
7900,130.65,49,145,239.4,0.02,51,0,0,0,0,0,1,1,0,0,1.5795282641726045
7901,130.67,49,123,241.3,0.02,51,0,0,0,0,0,1,1,0,3,1.6130606570912183
7902,130.69,45,103,209.7,0.02,45,0,0,0,1,1,0,0,1,0,1.5919691654302066
7903,130.71,49,137,240.0,0.02,51,0,0,0,0,0,1,1,0,2,1.7616806674400212
7904,130.73,49,127,241.2,0.02,51,0,0,0,0,0,1,1,0,0,1.7122873295979864
7905,130.75,49,129,240.0,0.02,51,0,0,0,0,0,1,2,2,0,1.6808754028271182
7906,130.77,49,135,240.3,0.02,51,0,0,0,0,0,1,1,0,1,1.59036531747413
7907,130.79,49,138,241.1,0.02,51,0,0,0,0,0,1,0,0,0,1.3955458223039416
7908,130.81,49,147,239.2,0.02,51,0,0,0,0,0,1,1,1,0,1.600207753397986
7909,130.83,49,115,243.2,0.02,51,0,0,0,0,0,1,0,0,2,1.5801423183084087
7910,130.85,49,130,239.8,0.02,51,0,0,0,0,0,1,2,0,1,1.6594404471803386
7911,130.87,49,133,241.5,0.02,51,0,0,0,0,0,1,0,0,1,1.7641279885703711
7912,130.89,49,127,242.0,0.02,51,0,0,0,0,0,1,0,1,2,1.6446207498328702
7913,130.92,49,131,238.8,0.02,51,0,0,0,0,0,1,3,1,0,1.776639319589816
7914,130.94,47,133,214.7,0.02,47,0,0,0,1,1,0,2,1,0,1.6127187455150893
7915,130.96,49,163,238.4,0.02,51,0,0,0,0,0,1,0,0,2,1.484360165185034
7916,130.98,49,131,241.8,0.02,51,0,0,0,0,0,1,0,0,0,1.6104140604723516
7917,131.0,49,117,242.1,0.02,51,0,0,0,0,0,1,1,1,1,1.6527511804935424
7918,131.01,13,34,56.5,0.02,13,0,0,0,1,1,0,0,1,1,1.5204613709890427
7919,131.03,43,153,193.3,0.02,43,0,0,0,1,1,0,1,2,4,1.4344829673445543
7920,131.03,11,26,45.1,0.02,11,0,0,0,1,1,0,2,1,3,2.2663143573783673
7921,131.04,17,45,75.2,0.02,17,0,0,0,1,1,0,0,2,3,1.8864434774986205
7922,131.05,5,16,16.3,0.02,5,0,0,0,1,1,0,2,1,1,2.8361684135770306
7923,131.07,47,159,211.9,0.02,47,0,0,0,1,1,0,2,1,2,1.5317952385113338
7924,131.08,36,86,165.4,0.02,36,0,0,0,1,1,0,1,1,0,1.4990838641204502
7925,131.09,14,31,61.9,0.02,14,0,0,0,1,1,0,0,1,0,2.3470305962890543
7926,131.11,46,103,212.7,0.02,46,0,0,0,1,1,0,2,1,0,1.7610869291286313
7927,131.13,41,120,181.8,0.02,41,0,0,0,1,1,0,6,2,2,1.9317455236140477
7928,131.14,33,74,148.4,0.02,33,0,0,0,1,1,0,4,1,2,1.9302346051753212
7929,131.16,38,142,164.8,0.02,38,0,0,0,1,1,0,6,2,0,1.5669475861316242
7930,131.18,49,136,239.2,0.02,51,0,0,0,0,0,1,2,0,1,1.8468689168662493
7931,131.2,27,134,110.0,0.02,27,0,0,0,1,1,0,6,2,6,1.6273881611762007
7932,131.23,49,139,239.8,0.02,51,0,0,0,0,0,1,1,1,2,1.9728507475628982
7933,131.25,49,163,218.5,0.02,49,0,0,0,1,1,0,5,1,2,1.5962750306184663
7934,131.26,10,28,40.0,0.02,10,0,0,0,1,1,0,2,1,2,1.8034066868229206
7935,131.28,49,155,238.4,0.02,51,0,0,0,0,0,1,1,1,0,1.5622471988005826
7936,131.29,5,22,12.8,0.02,5,0,0,0,1,1,0,5,1,0,2.037919415148304
7937,131.31,49,122,242.6,0.02,51,0,0,0,0,0,1,0,0,1,1.952443286406575
7938,131.33,46,130,206.0,0.02,46,0,0,0,1,1,0,6,2,0,1.6728753958067737
7939,131.34,29,70,127.9,0.02,29,0,0,0,1,1,0,5,1,1,1.777135006352862
7940,131.34,11,30,44.0,0.02,11,0,0,0,1,1,0,3,1,0,2.2376646238730133
7941,131.36,39,95,175.5,0.02,39,0,0,0,1,1,0,5,1,0,1.6661309784292464
7942,131.38,43,111,193.9,0.02,43,0,0,0,1,1,0,5,1,0,1.684290733152069
7943,131.4,49,140,240.9,0.02,51,0,0,0,0,0,1,0,0,0,1.7565554843338518
7944,131.42,49,136,241.2,0.02,51,0,0,0,0,0,1,0,0,1,1.6789313152977825
7945,131.44,21,129,78.8,0.02,21,0,0,0,1,1,0,8,1,3,1.712391673817945
7946,131.46,36,88,163.1,0.02,36,0,0,0,1,1,0,3,1,1,1.561217928350233
7947,131.46,16,26,71.4,0.02,16,0,0,0,1,1,0,1,1,0,2.32879455578717
7948,131.48,35,86,161.2,0.02,35,0,0,0,1,1,0,0,1,2,1.9739346765650225
7949,131.5,49,155,239.2,0.02,51,0,0,0,0,0,1,0,0,2,1.8994605745203141
7950,131.52,47,107,215.2,0.02,47,0,0,0,1,1,0,4,1,1,1.8145891659895361
7951,131.53,18,65,74.4,0.02,18,0,0,0,1,1,0,4,1,1,1.7817214884118073
7952,131.54,25,58,111.1,0.02,25,0,0,0,1,1,0,3,1,1,1.5121086762454663
7953,131.55,28,66,123.3,0.02,28,0,0,0,1,1,0,5,1,1,1.7975493598814036
7954,131.57,33,80,148.9,0.02,33,0,0,0,1,1,0,3,1,1,1.6408676173293428
7955,131.58,36,81,163.4,0.02,36,0,0,0,1,1,0,3,1,5,1.705497149077535
7956,131.6,49,146,240.2,0.02,51,0,0,0,0,0,1,0,0,1,1.826337167077783
7957,131.62,49,136,241.3,0.02,51,0,0,0,0,0,1,0,0,0,1.5922372626303425
7958,131.65,46,136,210.1,0.02,46,0,0,0,1,1,0,1,1,3,1.792133441853364
7959,131.67,50,156,231.9,0.02,50,0,0,0,0,0,1,2,1,4,1.632911646376247
7960,131.69,49,137,240.1,0.02,51,0,0,0,0,0,1,1,0,1,1.58637469316346
7961,131.71,49,110,243.9,0.02,51,0,0,0,0,0,1,0,0,0,1.9384635463734015
7962,131.73,49,137,241.1,0.02,51,0,0,0,0,0,1,0,1,1,1.8044048530184564
7963,131.75,49,124,241.5,0.02,51,0,0,0,0,0,1,1,0,0,1.7495409435506908
7964,131.77,49,139,241.0,0.02,51,0,0,0,0,0,1,0,0,0,1.8771338238320432
7965,131.79,49,126,241.2,0.02,51,0,0,0,0,0,1,1,1,1,1.8446640111399881
7966,131.81,49,137,240.2,0.02,51,0,0,0,0,0,1,1,1,0,1.6282183023229624
7967,131.83,49,132,241.7,0.02,51,0,0,0,0,0,1,0,0,0,1.8553913019870496
7968,131.86,49,144,240.4,0.02,51,0,0,0,0,0,1,0,0,1,1.4134093878217464
7969,131.88,49,120,241.9,0.02,51,0,0,0,0,0,1,1,0,0,1.7845810865730376
7970,131.9,49,136,240.3,0.02,51,0,0,0,0,0,1,1,0,0,1.856679144458762
7971,131.92,49,130,240.7,0.02,51,0,0,0,0,0,1,1,0,2,1.8247051558407799
7972,131.94,49,158,239.0,0.02,51,0,0,0,0,0,1,0,0,1,1.6475908566563815
7973,131.96,49,134,241.2,0.02,51,0,0,0,0,0,1,0,0,3,1.661694475631711
7974,131.99,49,141,239.7,0.02,51,0,0,0,0,0,1,1,0,1,1.574976905416857
7975,132.0,49,120,242.9,0.02,51,0,0,0,0,0,1,0,0,0,1.6801568768074742
7976,132.03,49,147,240.1,0.02,51,0,0,0,0,0,1,0,1,1,1.8661882252782136
7977,132.05,49,161,235.8,0.02,51,0,0,0,0,0,1,3,1,0,1.661740720037446
7978,132.08,49,142,240.6,0.02,51,0,0,0,0,0,1,0,1,1,1.733680153398515
7979,132.1,49,136,241.2,0.02,51,0,0,0,0,0,1,0,0,1,1.7112911210425588
7980,132.12,49,135,241.2,0.02,51,0,0,0,0,0,1,0,1,2,1.5318270823331421
7981,132.14,49,148,238.0,0.02,51,0,0,0,0,0,1,2,0,1,1.513045664139765
7982,132.16,49,132,241.6,0.02,51,0,0,0,0,0,1,0,0,1,1.6630618279352376
7983,132.18,49,137,241.2,0.02,51,0,0,0,0,0,1,0,0,0,1.7234932879623601
7984,132.21,49,139,239.9,0.02,51,0,0,0,0,0,1,1,0,1,1.5788713657603788
7985,132.23,49,127,241.2,0.02,51,0,0,0,0,0,1,1,0,0,1.4588773017229695
7986,132.24,49,118,242.1,0.02,51,0,0,0,0,0,1,1,1,0,1.7233739011295142
7987,132.25,2,9,6.0,0.02,3,0,0,0,1,1,0,3,1,1,3.1507960721617434
7988,132.25,5,21,13.8,0.02,5,0,0,0,1,1,0,4,1,1,2.6128998131343857
7989,132.25,2,13,0.3,0.02,2,0,0,0,1,1,0,3,1,4,3.1614219524670824
7990,132.26,3,13,4.6,0.02,3,0,0,0,1,1,0,4,1,1,3.0504310515615773
7991,132.28,49,143,239.6,0.02,51,0,0,0,0,0,1,1,1,0,1.6477606670910552
7992,132.3,49,130,241.7,0.02,51,0,0,0,0,0,1,0,0,2,1.5831757413258305
7993,132.32,49,131,240.7,0.02,51,0,0,0,0,0,1,1,0,1,1.809373003914558
7994,132.34,49,132,241.5,0.02,51,0,0,0,0,0,1,0,1,2,1.8399990563622788
7995,132.36,49,145,240.3,0.02,51,0,0,0,0,0,1,0,1,1,1.641941315091967
7996,132.38,49,127,242.1,0.02,51,0,0,0,0,0,1,0,0,1,1.6401061737732103
7997,132.41,49,143,239.5,0.02,51,0,0,0,0,0,1,1,0,1,1.48305361117606
7998,132.43,49,137,241.2,0.02,51,0,0,0,0,0,1,0,0,0,1.816929033121826
7999,132.45,49,124,242.5,0.02,51,0,0,0,0,0,1,0,0,0,1.8032816691297207
8000,132.47,49,132,241.7,0.02,51,0,0,0,0,0,1,0,0,0,1.7316864170066135
8001,132.49,49,144,239.3,0.02,51,0,0,0,0,0,1,1,0,2,1.5982875151418339
8002,132.51,49,140,240.9,0.02,51,0,0,0,0,0,1,0,0,0,1.5633917181565313
8003,132.54,49,155,237.4,0.02,51,0,0,0,0,0,1,2,0,0,1.5329534120491384
8004,132.56,49,143,240.6,0.02,51,0,0,0,0,0,1,0,0,0,1.5949273718369164
8005,132.58,49,132,240.7,0.02,51,0,0,0,0,0,1,1,0,0,1.3800271419393124
8006,132.6,49,135,241.2,0.02,51,0,0,0,0,0,1,0,0,2,1.6343711179203009
8007,132.62,49,150,238.7,0.02,51,0,0,0,0,0,1,1,0,2,1.545295115821325
8008,132.64,49,128,241.1,0.02,51,0,0,0,0,0,1,1,0,0,1.632195111241467
8009,132.67,49,157,238.1,0.02,51,0,0,0,0,0,1,1,0,1,1.4559392055662903
8010,132.67,3,17,4.5,0.02,3,0,0,0,1,1,0,3,1,8,3.139449020148787
8011,132.69,38,111,173.7,0.02,38,0,0,0,1,1,0,0,1,2,1.6886199342208275
8012,132.71,50,152,232.6,0.02,50,0,0,0,0,0,1,2,1,1,1.4089497997588574
8013,132.74,49,156,238.3,0.02,51,0,0,0,0,0,1,1,0,0,1.5993160494550025
8014,132.74,16,45,69.5,0.02,16,0,0,0,1,1,0,1,2,0,2.011521210270798
8015,132.76,49,123,242.6,0.02,51,0,0,0,0,0,1,0,0,0,1.687579380459249
8016,132.78,49,130,240.9,0.02,51,0,0,0,0,0,1,1,2,0,1.7681378836411727
8017,132.81,49,149,236.9,0.02,51,0,0,0,0,0,1,3,0,1,1.4824547371697843
8018,132.83,49,141,240.8,0.02,51,0,0,0,0,0,1,0,0,0,1.512582211990162
8019,132.85,49,129,242.0,0.02,51,0,0,0,0,0,1,0,0,0,1.5941818432240402
8020,132.87,49,128,241.0,0.02,51,0,0,0,0,0,1,1,1,1,1.6132051071861433
8021,132.89,49,127,241.2,0.02,51,0,0,0,0,0,1,1,0,0,1.7145521852492696
8022,132.91,49,125,242.4,0.02,51,0,0,0,0,0,1,0,0,0,1.7591838531451074
8023,132.91,5,17,16.1,0.02,5,0,0,0,1,1,0,2,1,2,2.5217742194787482
8024,132.94,49,157,237.9,0.02,51,0,0,0,0,0,1,1,0,3,1.6707744457837628
8025,132.96,49,136,240.1,0.02,51,0,0,0,0,0,1,1,0,2,1.5702727955323177
8026,132.98,49,127,240.2,0.02,51,0,0,0,0,0,1,2,0,0,1.5236716606900917
8027,133.0,49,140,238.9,0.02,51,0,0,0,0,0,1,2,1,0,1.5901670894176319
8028,133.02,49,133,240.5,0.02,51,0,0,0,0,0,1,1,0,1,1.7491953790372174
8029,133.05,49,149,238.9,0.02,51,0,0,0,0,0,1,1,0,1,1.4860510741860997
8030,133.07,49,151,238.5,0.02,51,0,0,0,0,0,1,1,0,3,1.6024373989469625
8031,133.09,49,151,238.7,0.02,51,0,0,0,0,0,1,1,0,1,1.59202016993352
8032,133.11,49,116,243.3,0.02,51,0,0,0,0,0,1,0,0,0,1.7751978240724802
8033,133.13,49,135,240.4,0.02,51,0,0,0,0,0,1,1,0,0,1.7862379148229675
8034,133.13,1,5,-0.5,0.02,1,0,0,0,1,1,0,0,1,0,6.815936402777628
8035,133.16,49,147,239.2,0.02,51,0,0,0,0,0,1,1,0,0,1.6664930672288725
8036,133.17,25,54,111.5,0.02,25,0,0,0,1,1,0,3,1,1,1.8935522185120437
8037,133.19,49,135,239.3,0.02,51,0,0,0,0,0,1,2,0,1,1.597823280179586
8038,133.19,1,8,-3.8,0.02,1,0,0,0,1,1,0,3,1,0,4.543752203404974
8039,133.21,49,125,240.3,0.02,51,0,0,0,0,0,1,2,1,1,1.705251077944413
8040,133.23,49,146,239.3,0.02,51,0,0,0,0,0,1,1,0,0,1.4953751778837914
8041,133.26,49,143,239.4,0.02,51,0,0,0,0,0,1,1,1,2,1.578739772347439
8042,133.28,49,131,241.7,0.02,51,0,0,0,0,0,1,0,0,1,1.5827220229512944
8043,133.3,49,134,241.4,0.02,51,0,0,0,0,0,1,0,0,1,1.6004983157152222
8044,133.32,49,138,240.0,0.02,51,0,0,0,0,0,1,1,0,1,1.7381644996916867
8045,133.33,35,84,161.6,0.02,35,0,0,0,1,1,0,0,1,0,1.5469988160795767
8046,133.36,49,153,239.6,0.02,51,0,0,0,0,0,1,0,0,0,1.5473716031726732
8047,133.38,49,141,238.7,0.02,51,0,0,0,0,0,1,2,1,1,1.4190987624107958
8048,133.4,49,141,239.7,0.02,51,0,0,0,0,0,1,1,0,1,1.4181996032655682
8049,133.42,49,126,242.3,0.02,51,0,0,0,0,0,1,0,0,0,1.6869402987268785
8050,133.44,49,144,240.4,0.02,51,0,0,0,0,0,1,0,0,1,1.4161915978587987
8051,133.47,49,144,239.3,0.02,51,0,0,0,0,0,1,1,0,2,1.4198292782598319
8052,133.49,49,123,242.6,0.02,51,0,0,0,0,0,1,0,0,0,1.72170741185286
8053,133.51,49,134,240.4,0.02,51,0,0,0,0,0,1,1,1,1,1.6352333172793971
8054,133.53,49,129,241.9,0.02,51,0,0,0,0,0,1,0,1,1,1.6139356781995036
8055,133.55,49,152,238.6,0.02,51,0,0,0,0,0,1,1,1,1,1.6404955399218342
8056,133.57,49,116,243.2,0.02,51,0,0,0,0,0,1,0,0,1,1.4451109046486579
8057,133.59,49,134,241.4,0.02,51,0,0,0,0,0,1,0,0,1,1.4011012976660557
8058,133.61,49,131,241.7,0.02,51,0,0,0,0,0,1,0,1,1,1.657737437267513
8059,133.63,49,143,240.5,0.02,51,0,0,0,0,0,1,0,1,1,1.5414356236085942
8060,133.66,49,136,240.3,0.02,51,0,0,0,0,0,1,1,0,0,1.4396129170004526
8061,133.68,49,138,240.1,0.02,51,0,0,0,0,0,1,1,0,0,1.5174784200475078
8062,133.7,49,146,240.1,0.02,51,0,0,0,0,0,1,0,0,2,1.43972779132801
8063,133.72,49,151,239.8,0.02,51,0,0,0,0,0,1,0,0,0,1.5631478602865412
8064,133.74,49,130,240.9,0.02,51,0,0,0,0,0,1,1,0,0,1.7317587340412965
8065,133.76,49,122,242.6,0.02,51,0,0,0,0,0,1,0,0,1,1.5966398229551146
8066,133.79,49,146,240.3,0.02,51,0,0,0,0,0,1,0,1,0,1.4969493592673777
8067,133.8,36,74,167.5,0.02,36,0,0,0,1,1,0,0,1,1,1.7436751503660852
8068,133.82,49,138,241.1,0.02,51,0,0,0,0,0,1,0,0,0,1.82360548704151
8069,133.84,49,124,242.4,0.02,51,0,0,0,0,0,1,0,0,1,1.574825834424971
8070,133.86,49,130,239.8,0.02,51,0,0,0,0,0,1,2,2,1,2.0050466179235014
8071,133.88,49,139,241.0,0.02,51,0,0,0,0,0,1,0,2,0,1.529722643029148
8072,133.9,49,135,241.4,0.02,51,0,0,0,0,0,1,0,2,0,1.5461982924750326
8073,133.92,49,132,240.7,0.02,51,0,0,0,0,0,1,1,0,0,1.549741114955338
8074,133.94,49,118,241.0,0.02,51,0,0,0,0,0,1,2,0,1,1.6086895043296485
8075,133.96,49,124,241.4,0.02,51,0,0,0,0,0,1,1,0,1,1.4724132794279843
8076,133.98,49,128,242.0,0.02,51,0,0,0,0,0,1,0,0,1,1.7491150595070808
8077,134.0,49,147,239.1,0.02,51,0,0,0,0,0,1,1,0,1,1.5974463196127107
8078,134.02,49,133,240.5,0.02,51,0,0,0,0,0,1,1,0,1,1.6935068873768895
8079,134.05,49,146,240.2,0.02,51,0,0,0,0,0,1,0,0,1,1.72280424867844
8080,134.07,49,129,240.8,0.02,51,0,0,0,0,0,1,1,0,2,1.711103931833361
8081,134.09,49,137,240.1,0.02,51,0,0,0,0,0,1,1,0,1,1.5890744548757878
8082,134.11,45,111,207.9,0.02,45,0,0,0,1,1,0,1,2,0,1.8108004504489852
8083,134.13,49,134,240.5,0.02,51,0,0,0,0,0,1,1,0,0,1.4138407682782037
8084,134.15,49,130,241.8,0.02,51,0,0,0,0,0,1,0,0,1,1.7044042533574826
8085,134.17,49,129,240.0,0.02,51,0,0,0,0,0,1,2,0,0,1.5285599630912639
8086,134.19,49,139,241.0,0.02,51,0,0,0,0,0,1,0,0,0,1.565906344141992
8087,134.2,17,41,73.8,0.02,17,0,0,0,1,1,0,2,1,1,1.5993113441721412
8088,134.22,50,165,226.2,0.02,50,0,0,0,1,1,0,2,1,3,1.7423299141258974
8089,134.24,49,137,241.2,0.02,51,0,0,0,0,0,1,0,0,0,1.622757423257168
8090,134.26,49,138,240.0,0.02,51,0,0,0,0,0,1,1,1,1,1.639213256381707
8091,134.28,29,87,127.2,0.02,29,0,0,0,1,1,0,4,1,1,1.8047885969551134
8092,134.29,9,46,30.4,0.02,9,0,0,0,1,1,0,5,1,0,1.9028493143455585
8093,134.31,49,125,242.4,0.02,51,0,0,0,0,0,1,0,0,0,1.709458308235168
8094,134.33,46,166,206.4,0.02,46,0,0,0,1,1,0,2,2,0,1.652053626109804
8095,134.35,42,145,184.4,0.02,42,0,0,0,1,1,0,6,1,1,1.6964881229774236
8096,134.37,37,110,162.0,0.02,37,0,0,0,1,1,0,7,1,0,1.4997799661744953
8097,134.38,22,53,94.7,0.02,22,0,0,0,1,1,0,5,1,0,1.9405290832665596
8098,134.38,3,12,11.8,0.02,4,0,0,0,1,1,0,2,1,0,3.5866350592753378
8099,134.41,49,201,234.8,0.02,51,0,0,0,0,0,1,0,0,0,1.7571303825916569
8100,134.44,49,151,236.8,0.02,51,0,0,0,0,0,1,3,1,0,1.609749377318654
8101,134.45,26,102,111.8,0.02,26,0,0,0,1,1,0,3,1,0,1.8157621786818314
8102,134.46,16,40,68.7,0.02,16,0,0,0,1,1,0,2,1,3,1.861035546579295
8103,134.48,49,140,240.9,0.02,51,0,0,0,0,0,1,0,0,0,1.67467390463241
8104,134.5,49,136,240.3,0.02,51,0,0,0,0,0,1,1,0,0,1.8183373521451336
8105,134.52,49,120,242.7,0.02,51,0,0,0,0,0,1,0,0,2,1.766292228003171
8106,134.55,47,193,204.6,0.02,47,0,0,0,1,1,0,6,1,1,1.6379967366606205
8107,134.58,49,155,236.4,0.02,51,0,0,0,0,0,1,3,1,0,1.992364810081526
8108,134.6,50,134,234.3,0.02,50,0,0,0,0,0,1,2,1,2,1.6059150074384365
8109,134.62,49,179,237.0,0.02,51,0,0,0,0,0,1,0,2,0,1.6319640582495043
8110,134.65,49,135,240.4,0.02,51,0,0,0,0,0,1,1,1,0,1.682262160517558
8111,134.67,49,145,240.4,0.02,51,0,0,0,0,0,1,0,0,0,1.4739253723929702
8112,134.69,49,140,240.9,0.02,51,0,0,0,0,0,1,0,1,0,1.7817824067339918
8113,134.71,49,128,241.0,0.02,51,0,0,0,0,0,1,1,0,1,1.6013921657957917
8114,134.72,35,76,158.4,0.02,35,0,0,0,1,1,0,4,1,0,1.6750143091148866
8115,134.74,49,132,239.7,0.02,51,0,0,0,0,0,1,2,0,0,1.6040652053068312
8116,134.76,49,133,241.5,0.02,51,0,0,0,0,0,1,0,2,1,1.5816779383233297
8117,134.78,49,128,242.1,0.02,51,0,0,0,0,0,1,0,0,0,1.806256539069342
8118,134.81,49,149,238.9,0.02,51,0,0,0,0,0,1,1,0,1,1.4331966278246329
8119,134.82,21,50,94.9,0.02,21,0,0,0,1,1,0,0,1,1,1.8041972396543864
8120,134.84,49,126,240.0,0.02,51,0,0,0,0,0,1,2,0,3,1.770770006634275
8121,134.86,50,161,224.5,0.02,50,0,0,0,1,1,0,4,1,4,1.6119003204042381
8122,134.88,49,131,241.7,0.02,51,0,0,0,0,0,1,0,0,1,1.6239236462612445
8123,134.9,49,140,239.9,0.02,51,0,0,0,0,0,1,1,0,0,1.591927643486344
8124,134.92,49,151,239.7,0.02,51,0,0,0,0,0,1,0,0,1,1.5614034214268202
8125,134.95,49,147,239.2,0.02,51,0,0,0,0,0,1,1,1,0,1.5517547591666738
8126,134.97,49,149,237.9,0.02,51,0,0,0,0,0,1,2,0,1,1.655848188567511
8127,134.99,49,140,237.5,0.02,51,0,0,0,0,0,1,3,0,4,1.7650916137529238
8128,135.01,49,132,239.6,0.02,51,0,0,0,0,0,1,2,1,1,1.6133873370376808
8129,135.03,47,149,208.7,0.02,47,0,0,0,1,1,0,6,1,4,1.5070322623034387
8130,135.06,49,142,239.5,0.02,51,0,0,0,0,0,1,1,1,2,1.712674127047345
8131,135.08,49,126,239.3,0.02,51,0,0,0,0,0,1,3,0,0,1.63469860370611
8132,135.1,49,130,240.9,0.02,51,0,0,0,0,0,1,1,0,0,1.900692351701819
8133,135.12,49,131,241.8,0.02,51,0,0,0,0,0,1,0,2,0,1.60822404298313
8134,135.14,49,149,236.8,0.02,51,0,0,0,0,0,1,3,0,2,1.4595256572436386
8135,135.16,49,127,240.2,0.02,51,0,0,0,0,0,1,2,0,0,1.513206878636752
8136,135.18,43,111,197.8,0.02,43,0,0,0,1,1,0,1,1,1,1.4414419232712425
8137,135.2,49,135,241.4,0.02,51,0,0,0,0,0,1,0,0,0,1.463142215336128
8138,135.22,49,123,241.6,0.02,51,0,0,0,0,0,1,1,2,0,1.4196810201646513
8139,135.24,49,127,224.2,0.02,49,0,0,0,1,1,0,3,1,1,1.7917218577160732
8140,135.26,49,136,240.2,0.02,51,0,0,0,0,0,1,1,1,1,1.6443945430179951
8141,135.28,49,135,241.3,0.02,51,0,0,0,0,0,1,0,2,1,1.5344430732963532
8142,135.3,49,139,239.9,0.02,51,0,0,0,0,0,1,1,1,1,1.5262992891752862
8143,135.32,49,136,241.2,0.02,51,0,0,0,0,0,1,0,0,1,1.4834162763367928
8144,135.35,49,149,238.0,0.02,51,0,0,0,0,0,1,2,0,0,1.6754567138425274
8145,135.35,11,30,50.8,0.02,12,0,0,0,1,1,0,1,1,2,1.9862500097807798
8146,135.37,49,138,240.0,0.02,51,0,0,0,0,0,1,1,0,1,1.4597608552223085
8147,135.39,49,111,242.8,0.02,51,0,0,0,0,0,1,1,0,0,1.8284954148102346
8148,135.41,49,108,243.1,0.02,51,0,0,0,0,0,1,1,0,0,1.3687304417205917
8149,135.43,49,142,239.7,0.02,51,0,0,0,0,0,1,1,0,0,1.724817768888016
8150,135.45,49,139,240.0,0.02,51,0,0,0,0,0,1,1,1,0,1.8368110725156357
8151,135.47,49,127,240.2,0.02,51,0,0,0,0,0,1,2,1,0,1.6772762250737783
8152,135.49,49,116,242.3,0.02,51,0,0,0,0,0,1,1,0,0,1.6750928853058988
8153,135.51,49,134,241.5,0.02,51,0,0,0,0,0,1,0,0,0,1.7123139270653016
8154,135.53,49,131,240.7,0.02,51,0,0,0,0,0,1,1,2,1,1.543642502104288
8155,135.55,49,138,239.1,0.02,51,0,0,0,0,0,1,2,0,0,1.4733582942208834
8156,135.57,49,126,241.3,0.02,51,0,0,0,0,0,1,1,0,0,1.7487174114037984
8157,135.59,49,151,239.7,0.02,51,0,0,0,0,0,1,0,1,1,1.6031163128724122
8158,135.61,49,130,240.9,0.02,51,0,0,0,0,0,1,1,0,0,1.6810290550051867
8159,135.61,5,11,15.9,0.02,5,0,0,0,1,1,0,3,1,0,3.9540150424596594
8160,135.63,49,138,240.1,0.02,51,0,0,0,0,0,1,1,0,0,1.7601029965969268
8161,135.66,49,141,238.8,0.02,51,0,0,0,0,0,1,2,0,0,1.5598726391737552
8162,135.67,49,119,242.9,0.02,51,0,0,0,0,0,1,0,1,1,1.6404008371854075
8163,135.7,50,148,235.0,0.02,50,0,0,0,0,0,1,0,1,1,1.6217426799188535
8164,135.72,49,140,240.9,0.02,51,0,0,0,0,0,1,0,1,0,1.385522143235618
8165,135.74,49,138,241.1,0.02,51,0,0,0,0,0,1,0,0,0,1.682650649436368
8166,135.76,49,150,239.8,0.02,51,0,0,0,0,0,1,0,0,1,1.4587915392388913
8167,135.79,49,166,238.1,0.02,51,0,0,0,0,0,1,0,0,2,1.6042400270468835
8168,135.81,49,125,241.1,0.02,51,0,0,0,0,0,1,1,0,3,1.7094490509984017
8169,135.83,49,152,238.7,0.02,51,0,0,0,0,0,1,1,1,0,1.6748601402744308
8170,135.83,0,7,-8.0,0.02,0,0,0,0,1,1,0,2,1,3,4.859936986418766
8171,135.84,7,25,23.5,0.02,7,0,0,0,1,1,0,4,1,0,2.538466847524516
8172,135.85,26,79,121.0,0.02,27,0,0,0,1,1,0,1,1,1,1.7334545479467676
8173,135.87,48,110,223.9,0.02,48,0,0,0,1,1,0,0,1,1,1.589330871583392
8174,135.89,49,149,240.0,0.02,51,0,0,0,0,0,1,0,0,0,1.6370973139282237
8175,135.91,49,131,239.8,0.02,51,0,0,0,0,0,1,2,0,0,1.7090721700514748
8176,135.93,50,144,235.5,0.02,50,0,0,0,0,0,1,0,2,0,1.723788913318142
8177,135.95,49,131,239.7,0.02,51,0,0,0,0,0,1,2,0,1,1.4566477321068283
8178,135.97,49,145,238.4,0.02,51,0,0,0,0,0,1,2,0,0,1.490104016351701
8179,136.0,49,146,240.2,0.02,51,0,0,0,0,0,1,0,0,1,1.7065749446672354
8180,136.02,49,149,240.0,0.02,51,0,0,0,0,0,1,0,0,0,1.6091157546273154
8181,136.04,49,135,241.4,0.02,51,0,0,0,0,0,1,0,0,0,1.556292597914969
8182,136.06,49,126,226.3,0.02,49,0,0,0,1,1,0,1,1,1,1.4657867143418832
8183,136.08,49,128,242.0,0.02,51,0,0,0,0,0,1,0,2,1,1.5550134060842309
8184,136.1,49,142,240.5,0.02,51,0,0,0,0,0,1,0,1,2,1.74934117964412
8185,136.13,49,139,239.9,0.02,51,0,0,0,0,0,1,1,0,1,1.471645763918672
8186,136.15,49,138,241.1,0.02,51,0,0,0,0,0,1,0,1,0,1.514021349004096
8187,136.18,44,185,193.4,0.02,44,0,0,0,1,1,0,3,1,1,1.2681175978902572
8188,136.2,49,133,240.6,0.02,51,0,0,0,0,0,1,1,0,0,1.5107843773183072
8189,136.22,49,147,240.2,0.02,51,0,0,0,0,0,1,0,0,0,1.50056221983578
8190,136.23,31,68,142.2,0.02,31,0,0,0,1,1,0,1,1,0,1.912993494004876
8191,136.25,49,132,240.6,0.02,51,0,0,0,0,0,1,1,0,1,1.581899050425129
8192,136.29,49,203,231.5,0.02,51,0,0,0,0,0,1,3,0,1,1.5304269513123532
8193,136.3,43,91,200.9,0.02,43,0,0,0,1,1,0,0,1,0,1.6482559217859334
8194,136.3,8,17,33.3,0.02,8,0,0,0,1,1,0,0,1,0,2.594073850752458
8195,136.33,49,131,238.8,0.02,51,0,0,0,0,0,1,3,0,0,1.6519721629662811
8196,136.35,49,156,238.3,0.02,51,0,0,0,0,0,1,1,0,0,1.4142063648790175
8197,136.37,38,96,172.3,0.02,38,0,0,0,1,1,0,3,1,1,1.68492591036208
8198,136.39,49,119,227.0,0.02,49,0,0,0,1,1,0,1,2,1,1.5717550727459435
8199,136.41,49,147,240.1,0.02,51,0,0,0,0,0,1,0,1,1,1.7807260344698748
8200,136.43,49,140,239.9,0.02,51,0,0,0,0,0,1,1,0,0,1.5618851314530022
8201,136.45,49,126,242.3,0.02,51,0,0,0,0,0,1,0,1,0,1.7149549031975135
8202,136.47,49,147,239.2,0.02,51,0,0,0,0,0,1,1,1,0,1.5499036616677737
8203,136.49,49,124,241.5,0.02,51,0,0,0,0,0,1,1,0,0,1.5475655511298236
8204,136.52,49,143,240.2,0.02,51,0,0,0,0,0,1,0,0,4,1.8389268996593786
8205,136.54,49,126,242.1,0.02,51,0,0,0,0,0,1,0,1,2,1.7854178809088808
8206,136.56,49,140,240.7,0.02,51,0,0,0,0,0,1,0,1,2,1.7123896776480374
8207,136.58,49,133,240.6,0.02,51,0,0,0,0,0,1,1,0,0,1.819198960987684
8208,136.6,49,133,241.6,0.02,51,0,0,0,0,0,1,0,0,0,1.8433570539852295
8209,136.62,49,131,241.8,0.02,51,0,0,0,0,0,1,0,2,0,1.6214479221709774
8210,136.64,41,100,186.9,0.02,41,0,0,0,1,1,0,3,3,1,1.4976433796243864
8211,136.66,49,127,242.0,0.02,51,0,0,0,0,0,1,0,0,2,1.5788164579022865
8212,136.68,49,146,239.3,0.02,51,0,0,0,0,0,1,1,0,0,1.6444217680601958
8213,136.71,49,157,238.2,0.02,51,0,0,0,0,0,1,1,0,0,1.5799482434241687
8214,136.73,49,138,239.0,0.02,51,0,0,0,0,0,1,2,0,1,1.7624229471451311
8215,136.75,49,152,239.7,0.02,51,0,0,0,0,0,1,0,2,0,1.6700068705172162
8216,136.78,49,147,239.1,0.02,51,0,0,0,0,0,1,1,0,1,1.6499475875731593
8217,136.79,41,87,191.3,0.02,41,0,0,0,1,1,0,0,1,0,1.7694992351650978
8218,136.81,49,147,240.2,0.02,51,0,0,0,0,0,1,0,0,0,1.4848100120098688
8219,136.84,49,149,238.9,0.02,51,0,0,0,0,0,1,1,1,1,1.5010729359658312
8220,136.86,49,131,240.8,0.02,51,0,0,0,0,0,1,1,0,0,1.7395119743393543
8221,136.88,49,144,239.5,0.02,51,0,0,0,0,0,1,1,0,0,1.6763938887253644
8222,136.9,49,123,242.6,0.02,51,0,0,0,0,0,1,0,0,0,1.6383497106172076
8223,136.92,49,124,242.5,0.02,51,0,0,0,0,0,1,0,0,0,1.5622024102474463
8224,136.94,49,132,241.6,0.02,51,0,0,0,0,0,1,0,0,1,1.7225418747322268
8225,136.96,49,134,241.4,0.02,51,0,0,0,0,0,1,0,0,1,1.9366729468574033
8226,136.98,49,140,239.6,0.02,51,0,0,0,0,0,1,1,0,3,1.6884637493704655
8227,137.01,49,145,238.4,0.02,51,0,0,0,0,0,1,2,0,0,1.6300903285742039
8228,137.03,49,141,240.8,0.02,51,0,0,0,0,0,1,0,0,0,1.6758332439587023
8229,137.05,49,137,240.1,0.02,51,0,0,0,0,0,1,1,0,1,1.6065691333929757
8230,137.06,27,63,122.7,0.02,27,0,0,0,1,1,0,1,1,0,1.845066461946176
8231,137.08,49,116,242.3,0.02,51,0,0,0,0,0,1,1,0,0,1.7484645147235127
8232,137.1,22,89,92.6,0.02,22,0,0,0,1,1,0,3,2,5,1.612224500956104
8233,137.1,2,20,-0.1,0.02,2,0,0,0,1,1,0,3,1,1,2.31623495751445
8234,137.11,30,70,132.9,0.02,30,0,0,0,1,1,0,5,1,1,2.0189812314495605
8235,137.13,18,81,72.8,0.02,18,0,0,0,1,1,0,4,1,1,2.017746536603061
8236,137.13,11,30,43.9,0.02,11,0,0,0,1,1,0,3,1,1,1.9012505207483297
8237,137.16,49,134,239.4,0.02,51,0,0,0,0,0,1,2,0,1,1.9815069665701757
8238,137.16,2,11,0.9,0.02,2,0,0,0,1,1,0,3,1,0,3.275610487817363
8239,137.16,3,10,5.0,0.02,3,0,0,0,1,1,0,4,1,0,3.347323359466465
8240,137.17,20,65,72.9,0.02,20,0,0,0,1,1,0,15,1,6,1.8077938383701333
8241,137.2,49,200,231.9,0.02,51,0,0,0,0,0,1,3,2,0,1.8947062823647642
8242,137.21,29,69,129.9,0.02,29,0,0,0,1,1,0,3,1,2,2.066182124136398
8243,137.23,30,78,132.2,0.02,30,0,0,0,1,1,0,5,1,0,1.8403347169627513
8244,137.23,12,31,50.8,0.02,12,0,0,0,1,1,0,1,1,1,2.236967235187959
8245,137.24,2,11,0.9,0.02,2,0,0,0,1,1,0,3,1,0,3.456312484309437
8246,137.26,30,117,129.5,0.02,30,0,0,0,1,1,0,3,2,8,1.6764072828824146
8247,137.28,49,143,238.4,0.02,51,0,0,0,0,0,1,2,3,2,1.9529518165545052
8248,137.3,49,129,242.0,0.02,51,0,0,0,0,0,1,0,0,0,1.849429734846491
8249,137.32,37,120,163.8,0.02,37,0,0,0,1,1,0,4,1,2,1.8799880806046592
8250,137.35,40,177,172.5,0.02,40,0,0,0,1,1,0,4,1,8,1.7663859324591678
8251,137.36,26,53,119.5,0.02,26,0,0,0,1,1,0,0,1,2,1.9949432890421004
8252,137.38,49,140,240.9,0.02,51,0,0,0,0,0,1,0,0,0,1.8774357237280697
8253,137.4,45,121,203.9,0.02,45,0,0,0,1,1,0,4,1,0,1.6838089029058345
8254,137.42,40,106,180.0,0.02,40,0,0,0,1,1,0,4,1,4,1.7069193290639797
8255,137.44,49,139,240.9,0.02,51,0,0,0,0,0,1,0,1,1,1.5318281641132845
8256,137.46,49,139,240.0,0.02,51,0,0,0,0,0,1,1,0,0,1.7036649364230276
8257,137.48,49,152,238.6,0.02,51,0,0,0,0,0,1,1,1,1,1.9126464670044003
8258,137.5,31,77,139.1,0.02,31,0,0,0,1,1,0,3,1,2,1.6839686706316084
8259,137.52,49,124,241.5,0.02,51,0,0,0,0,0,1,1,0,0,1.7499413992664403
8260,137.53,40,101,181.7,0.02,40,0,0,0,1,1,0,3,1,2,1.6542161813304466
8261,137.56,49,136,240.1,0.02,51,0,0,0,0,0,1,1,2,2,1.5999151318203368
8262,137.58,40,120,175.8,0.02,40,0,0,0,1,1,0,7,2,2,1.8192528618716168
8263,137.58,6,19,19.7,0.02,6,0,0,0,1,1,0,3,1,4,1.9090239721278994
8264,137.58,8,22,27.7,0.02,8,0,0,0,1,1,0,5,1,1,2.245782347245483
8265,137.6,40,97,181.1,0.02,40,0,0,0,1,1,0,4,2,2,1.7579007196724379
8266,137.62,49,146,239.1,0.02,51,0,0,0,0,0,1,1,1,2,1.538813778694734
8267,137.65,49,146,237.3,0.02,51,0,0,0,0,0,1,3,2,0,1.6081875918846937
8268,137.67,49,132,239.7,0.02,51,0,0,0,0,0,1,2,0,0,1.4194718982812993
8269,137.69,49,120,242.8,0.02,51,0,0,0,0,0,1,0,0,1,1.7524847551776241
8270,137.71,49,148,239.1,0.02,51,0,0,0,0,0,1,1,0,0,1.638491791057265
8271,137.73,49,125,242.4,0.02,51,0,0,0,0,0,1,0,0,0,1.5176165997366209
8272,137.75,49,138,238.1,0.02,51,0,0,0,0,0,1,3,0,0,1.8075392791603178
8273,137.78,49,132,240.7,0.02,51,0,0,0,0,0,1,1,0,0,1.5549144616829709
8274,137.8,49,139,240.0,0.02,51,0,0,0,0,0,1,1,0,0,1.5394076542077417
8275,137.82,49,132,241.7,0.02,51,0,0,0,0,0,1,0,0,0,1.6666781600358445
8276,137.84,49,145,240.4,0.02,51,0,0,0,0,0,1,0,0,0,1.6368910587697127
8277,137.87,49,145,240.2,0.02,51,0,0,0,0,0,1,0,1,2,1.9005534407609797
8278,137.89,49,128,240.0,0.02,51,0,0,0,0,0,1,2,0,1,1.6614809631094187
8279,137.91,49,122,241.6,0.02,51,0,0,0,0,0,1,1,0,1,1.8437156107665733
8280,137.93,49,138,241.0,0.02,51,0,0,0,0,0,1,0,1,1,1.801749270582649
8281,137.95,49,138,240.0,0.02,51,0,0,0,0,0,1,1,0,1,1.6451143033734077
8282,137.96,6,24,19.6,0.02,6,0,0,0,1,1,0,3,1,0,2.279772745630084
8283,137.96,5,18,16.9,0.02,5,0,0,0,1,1,0,1,1,3,2.427449921014974
8284,137.98,49,127,241.1,0.02,51,0,0,0,0,0,1,1,0,1,1.7515630454652324
8285,138.0,49,118,243.1,0.02,51,0,0,0,0,0,1,0,0,0,1.7138506266801914
8286,138.02,49,164,237.3,0.02,51,0,0,0,0,0,1,1,0,2,1.5428499949132533
8287,138.05,49,150,238.9,0.02,51,0,0,0,0,0,1,1,0,0,1.3743863678554027
8288,138.07,49,139,240.8,0.02,51,0,0,0,0,0,1,0,1,2,1.5208783628746256
8289,138.09,49,157,239.1,0.02,51,0,0,0,0,0,1,0,2,1,1.5457243911741072
8290,138.11,49,145,237.4,0.02,51,0,0,0,0,0,1,3,1,0,1.7535150980586618
8291,138.14,49,131,239.8,0.02,51,0,0,0,0,0,1,2,0,0,1.5908657742287942
8292,138.15,49,118,242.1,0.02,51,0,0,0,0,0,1,1,0,0,1.4299523375900665
8293,138.16,23,56,103.4,0.02,23,0,0,0,1,1,0,1,1,0,1.844599907518624
8294,138.19,49,128,242.0,0.02,51,0,0,0,0,0,1,0,0,1,1.4700496855267673
8295,138.21,49,140,239.9,0.02,51,0,0,0,0,0,1,1,0,0,1.5747687948677198
8296,138.23,49,136,241.3,0.02,51,0,0,0,0,0,1,0,1,0,1.709543492217444
8297,138.25,49,141,236.8,0.02,51,0,0,0,0,0,1,4,0,0,1.439961916967987
8298,138.27,48,127,222.3,0.02,48,0,0,0,1,1,0,0,1,0,1.5327089584428792
8299,138.29,49,129,242.0,0.02,51,0,0,0,0,0,1,0,0,0,1.4991959334498042
8300,138.33,49,217,231.9,0.02,51,0,0,0,0,0,1,1,2,3,1.529002369955354
8301,138.35,49,141,240.8,0.02,51,0,0,0,0,0,1,0,0,0,1.4636429104940423
8302,138.37,49,143,239.5,0.02,51,0,0,0,0,0,1,1,0,1,1.5921392845733193
8303,138.39,49,154,238.4,0.02,51,0,0,0,0,0,1,1,0,1,1.466332900051138
8304,138.42,49,150,239.9,0.02,51,0,0,0,0,0,1,0,0,0,1.2714547585491551
8305,138.44,49,134,239.4,0.02,51,0,0,0,0,0,1,2,2,1,1.551826353299128
8306,138.46,49,141,240.8,0.02,51,0,0,0,0,0,1,0,2,0,1.6297325803734413
8307,138.48,49,117,242.2,0.02,51,0,0,0,0,0,1,1,1,0,1.742801077397617
8308,138.5,49,120,242.8,0.02,51,0,0,0,0,0,1,0,0,1,1.8152231865400519
8309,138.52,49,142,240.7,0.02,51,0,0,0,0,0,1,0,0,0,1.599342405802403
8310,138.54,49,146,240.3,0.02,51,0,0,0,0,0,1,0,2,0,1.5997789741796724
8311,138.57,49,136,240.3,0.02,51,0,0,0,0,0,1,1,2,0,1.6924051087579657
8312,138.59,49,137,239.9,0.02,51,0,0,0,0,0,1,1,0,3,1.65794590616993
8313,138.61,49,131,241.6,0.02,51,0,0,0,0,0,1,0,0,2,1.5342692041383397
8314,138.63,49,130,241.9,0.02,51,0,0,0,0,0,1,0,0,0,1.6256802549590201
8315,138.65,49,144,240.4,0.02,51,0,0,0,0,0,1,0,0,1,1.5779723163902912
8316,138.67,49,144,237.5,0.02,51,0,0,0,0,0,1,3,0,0,1.7599414862056266
8317,138.69,49,127,241.1,0.02,51,0,0,0,0,0,1,1,0,1,1.5069964799555517
8318,138.72,49,152,238.7,0.02,51,0,0,0,0,0,1,1,0,0,1.5455801933514928
8319,138.74,49,140,240.6,0.02,51,0,0,0,0,0,1,0,1,3,1.6692084496384856
8320,138.76,49,153,239.6,0.02,51,0,0,0,0,0,1,0,0,0,1.4728696393606773
8321,138.78,49,128,241.1,0.02,51,0,0,0,0,0,1,1,0,0,1.534821012295625
8322,138.8,49,135,240.3,0.02,51,0,0,0,0,0,1,1,0,1,1.6689309692846233
8323,138.81,16,41,67.9,0.02,16,0,0,0,1,1,0,3,1,0,1.764772877617281
8324,138.82,10,35,38.5,0.02,10,0,0,0,1,1,0,3,1,0,2.2553060400028224
8325,138.83,24,61,105.8,0.02,24,0,0,0,1,1,0,3,1,1,1.7870352725906375
8326,138.83,5,18,16.0,0.02,5,0,0,0,1,1,0,2,1,2,2.2203715668585318
8327,138.83,3,7,9.2,0.02,3,0,0,0,1,1,0,0,1,1,4.9143676459624555
8328,138.84,9,25,32.5,0.02,9,0,0,0,1,1,0,5,1,0,2.3638035589211586
8329,138.86,49,141,238.8,0.02,51,0,0,0,0,0,1,2,0,0,1.929005886052619
8330,138.88,47,124,212.6,0.02,47,0,0,0,1,1,0,5,2,0,1.8131789132886937
8331,138.9,49,135,241.3,0.02,51,0,0,0,0,0,1,0,0,1,1.7905749518865075
8332,138.92,49,137,240.2,0.02,51,0,0,0,0,0,1,1,0,0,1.6482474752395448
8333,138.95,49,152,239.7,0.02,51,0,0,0,0,0,1,0,1,0,1.719338488180342
8334,138.97,49,135,241.3,0.02,51,0,0,0,0,0,1,0,1,1,1.4203572128169542
8335,138.97,4,14,10.5,0.02,4,0,0,0,1,1,0,3,1,1,3.092878080572023
8336,138.98,1,14,-3.6,0.02,1,0,0,0,1,1,0,2,1,2,3.1490495801473104
8337,138.98,10,24,39.6,0.02,10,0,0,0,1,1,0,3,1,0,2.554171507426
8338,139.0,49,156,236.3,0.02,51,0,0,0,0,0,1,3,0,0,1.5968380978891197
8339,139.03,49,140,239.8,0.02,51,0,0,0,0,0,1,1,0,1,1.5426031102028304
8340,139.05,49,131,241.6,0.02,51,0,0,0,0,0,1,0,0,2,1.6379203758273881
8341,139.07,46,134,209.5,0.02,46,0,0,0,1,1,0,2,2,1,1.7611310872361707
8342,139.07,3,9,6.1,0.02,3,0,0,0,1,1,0,3,1,0,3.788600607428128
8343,139.09,49,135,241.3,0.02,51,0,0,0,0,0,1,0,1,1,1.5851559982102168
8344,139.12,49,146,240.2,0.02,51,0,0,0,0,0,1,0,0,1,1.5505341121255465
8345,139.13,49,118,243.0,0.02,51,0,0,0,0,0,1,0,0,1,1.6169192461650599
8346,139.16,50,145,235.4,0.02,50,0,0,0,0,0,1,0,2,0,1.63751203511596
8347,139.18,49,129,241.0,0.02,51,0,0,0,0,0,1,1,0,0,1.6018104439903194
8348,139.2,49,138,238.1,0.02,51,0,0,0,0,0,1,3,0,0,1.6327742860787233
8349,139.24,49,140,240.8,0.02,51,0,0,0,0,0,1,0,0,1,1.3717219150586837
8350,139.26,49,134,241.4,0.02,51,0,0,0,0,0,1,0,0,1,1.4606302838931637
8351,139.28,49,134,240.5,0.02,51,0,0,0,0,0,1,1,0,0,1.6323691297928984
8352,139.3,49,131,240.8,0.02,51,0,0,0,0,0,1,1,1,0,1.706883124301282
8353,139.32,49,121,242.8,0.02,51,0,0,0,0,0,1,0,0,0,1.6745266195513056
8354,139.34,49,128,241.1,0.02,51,0,0,0,0,0,1,1,0,0,1.5959451032497918
8355,139.36,49,122,241.7,0.02,51,0,0,0,0,0,1,1,0,0,1.7652635457890473
8356,139.38,49,150,238.9,0.02,51,0,0,0,0,0,1,1,0,0,1.6830879552498736
8357,139.41,49,134,239.3,0.02,51,0,0,0,0,0,1,2,1,2,1.7571228384232027
8358,139.43,49,128,242.1,0.02,51,0,0,0,0,0,1,0,1,0,1.4569370561163715
8359,139.43,4,9,11.1,0.02,4,0,0,0,1,1,0,3,1,0,4.617510772764666
8360,139.45,49,132,241.4,0.02,51,0,0,0,0,0,1,0,0,3,1.8066143175657525
8361,139.47,49,139,240.9,0.02,51,0,0,0,0,0,1,0,0,1,1.6722576846532862
8362,139.49,49,142,240.6,0.02,51,0,0,0,0,0,1,0,1,1,1.430027136983408
8363,139.51,49,117,243.1,0.02,51,0,0,0,0,0,1,0,0,1,1.6921893003724002
8364,139.52,23,51,104.9,0.02,23,0,0,0,1,1,0,0,1,0,2.1522619908270206
8365,139.54,49,134,240.5,0.02,51,0,0,0,0,0,1,1,0,0,1.5453999748498521
8366,139.56,49,123,242.6,0.02,51,0,0,0,0,0,1,0,0,0,1.6486624554937785
8367,139.58,48,132,219.4,0.02,48,0,0,0,1,1,0,2,1,4,1.885336619456377
8368,139.6,49,136,239.2,0.02,51,0,0,0,0,0,1,2,0,1,1.7316492508548609
8369,139.61,10,52,34.7,0.02,10,0,0,0,1,1,0,5,1,1,1.7946212498551182
8370,139.62,24,59,105.9,0.02,24,0,0,0,1,1,0,3,1,2,1.9893138477817465
8371,139.63,17,51,67.9,0.02,17,0,0,0,1,1,0,7,1,0,2.128978454654932
8372,139.63,1,6,-4.6,0.02,1,0,0,0,1,1,0,4,1,0,4.689470260204071
8373,139.66,49,182,231.1,0.02,51,0,0,0,0,0,1,5,2,6,1.614020306661821
8374,139.67,9,19,38.1,0.02,9,0,0,0,1,1,0,0,1,0,2.7304344577747934
8375,139.68,32,75,144.5,0.02,32,0,0,0,1,1,0,3,1,0,1.8351085217847967
8376,139.69,20,69,79.4,0.02,20,0,0,0,1,1,0,8,1,7,2.1063112631780436
8377,139.71,28,97,121.2,0.02,28,0,0,0,1,1,0,4,2,1,1.545381852468986
8378,139.73,45,115,204.3,0.02,45,0,0,0,1,1,0,4,2,2,1.9312871051219946
8379,139.73,7,28,22.2,0.02,7,0,0,0,1,1,0,5,1,0,2.0977502844971787
8380,139.75,31,85,138.4,0.02,31,0,0,0,1,1,0,3,1,1,1.783510982180352
8381,139.76,31,109,136.6,0.02,31,0,0,0,1,1,0,2,1,5,1.7307473997524745
8382,139.78,40,106,180.0,0.02,40,0,0,0,1,1,0,4,1,4,1.8066917559360398
8383,139.8,49,131,240.6,0.02,51,0,0,0,0,0,1,1,1,2,1.9686900009933697
8384,139.83,49,133,241.6,0.02,51,0,0,0,0,0,1,0,0,0,1.8608461043237274
8385,139.85,49,147,220.1,0.02,49,0,0,0,1,1,0,5,4,2,1.7035032366249505
8386,139.87,49,127,242.2,0.02,51,0,0,0,0,0,1,0,0,0,1.522662337938861
8387,139.89,49,118,242.1,0.02,51,0,0,0,0,0,1,1,0,0,1.7617945888230295
8388,139.91,49,134,241.4,0.02,51,0,0,0,0,0,1,0,0,1,1.6335488468764936
8389,139.93,49,132,241.7,0.02,51,0,0,0,0,0,1,0,1,0,1.7946140288077275
8390,139.95,49,135,240.4,0.02,51,0,0,0,0,0,1,1,0,0,1.75606684749112
8391,139.97,49,120,242.7,0.02,51,0,0,0,0,0,1,0,0,2,1.9207830005927566
8392,139.99,50,133,236.5,0.02,50,0,0,0,0,0,1,0,1,1,1.6562913259555994
8393,140.02,49,160,236.9,0.02,51,0,0,0,0,0,1,2,1,0,1.709335281476526
8394,140.04,49,130,240.8,0.02,51,0,0,0,0,0,1,1,1,1,1.5402802329130094
8395,140.06,49,135,239.3,0.02,51,0,0,0,0,0,1,2,1,1,1.5652752115423572
8396,140.08,49,126,240.3,0.02,51,0,0,0,0,0,1,2,0,0,1.613582625985569
8397,140.1,49,134,241.5,0.02,51,0,0,0,0,0,1,0,0,0,1.7815110889148238
8398,140.12,49,133,240.5,0.02,51,0,0,0,0,0,1,1,0,1,1.6583833081780028
8399,140.14,49,140,240.9,0.02,51,0,0,0,0,0,1,0,0,0,1.6231287047095728
8400,140.16,49,131,239.8,0.02,51,0,0,0,0,0,1,2,1,0,1.8211936078636937
8401,140.19,49,130,240.9,0.02,51,0,0,0,0,0,1,1,0,0,1.6996186863033773
8402,140.21,49,135,240.3,0.02,51,0,0,0,0,0,1,1,0,1,1.7120267040598798
8403,140.23,49,136,241.2,0.02,51,0,0,0,0,0,1,0,0,1,1.7338216189877445
8404,140.25,49,120,241.8,0.02,51,0,0,0,0,0,1,1,0,1,1.6739926636549702
8405,140.27,49,129,238.9,0.02,51,0,0,0,0,0,1,3,0,1,1.866309501719506
8406,140.29,49,138,239.9,0.02,51,0,0,0,0,0,1,1,0,2,1.5461371718286065
8407,140.31,49,123,242.6,0.02,51,0,0,0,0,0,1,0,0,0,1.681086414661943
8408,140.33,49,116,242.3,0.02,51,0,0,0,0,0,1,1,1,0,1.5313826780424695
8409,140.35,49,140,239.9,0.02,51,0,0,0,0,0,1,1,0,0,1.6309693845757456
8410,140.37,49,132,241.6,0.02,51,0,0,0,0,0,1,0,0,1,1.6260673163691743
8411,140.39,49,128,242.0,0.02,51,0,0,0,0,0,1,0,0,1,1.6793229173914177
8412,140.42,49,149,239.0,0.02,51,0,0,0,0,0,1,1,1,0,1.7456344898517584
8413,140.43,32,79,147.1,0.02,32,0,0,0,1,1,0,0,1,0,1.6696585955797714
8414,140.45,49,132,241.6,0.02,51,0,0,0,0,0,1,0,1,1,1.799407478627807
8415,140.47,49,141,239.7,0.02,51,0,0,0,0,0,1,1,1,1,1.76016345337336
8416,140.49,37,79,176.1,0.02,38,0,0,0,1,1,0,1,1,0,1.9038206450850623
8417,140.51,49,130,239.7,0.02,51,0,0,0,0,0,1,2,0,2,1.801507826563587
8418,140.53,49,132,241.7,0.02,51,0,0,0,0,0,1,0,0,0,1.6784416518741625
8419,140.55,49,127,242.2,0.02,51,0,0,0,0,0,1,0,1,0,1.7433176519630291
8420,140.57,49,125,242.2,0.02,51,0,0,0,0,0,1,0,0,2,1.3132032804838598
8421,140.59,49,133,241.6,0.02,51,0,0,0,0,0,1,0,2,0,1.6365074848673098
8422,140.61,49,129,241.0,0.02,51,0,0,0,0,0,1,1,0,0,1.4223593807743438
8423,140.63,49,122,241.6,0.02,51,0,0,0,0,0,1,1,0,1,1.7388200579544932
8424,140.65,49,143,239.6,0.02,51,0,0,0,0,0,1,1,0,0,1.5320409222752787
8425,140.67,49,126,242.3,0.02,51,0,0,0,0,0,1,0,0,0,1.7454484695391952
8426,140.7,49,144,240.3,0.02,51,0,0,0,0,0,1,0,0,2,1.5908300018241945
8427,140.7,3,12,3.8,0.02,3,0,0,0,1,1,0,5,1,0,4.171746883050427
8428,140.71,23,52,101.8,0.02,23,0,0,0,1,1,0,3,1,0,1.8905573750673548
8429,140.73,49,118,242.9,0.02,51,0,0,0,0,0,1,0,0,2,1.6712497895040221
8430,140.75,49,135,240.3,0.02,51,0,0,0,0,0,1,1,0,1,1.7239231315669827
8431,140.77,49,116,242.3,0.02,51,0,0,0,0,0,1,1,0,0,1.6276986906794502
8432,140.77,17,43,72.7,0.02,17,0,0,0,1,1,0,3,1,0,1.9483446522061925
8433,140.8,49,158,239.0,0.02,51,0,0,0,0,0,1,0,0,1,1.6063588671616518
8434,140.82,49,141,238.7,0.02,51,0,0,0,0,0,1,2,1,1,1.714141386308076
8435,140.84,49,127,242.2,0.02,51,0,0,0,0,0,1,0,0,0,1.7310818962323289
8436,140.86,49,132,239.4,0.02,51,0,0,0,0,0,1,2,0,3,1.5765554541446776
8437,140.88,49,128,241.8,0.02,51,0,0,0,0,0,1,0,0,3,1.7025906693731947
8438,140.9,49,135,241.3,0.02,51,0,0,0,0,0,1,0,0,1,1.673316577812012
8439,140.93,49,136,241.2,0.02,51,0,0,0,0,0,1,0,0,1,1.5140427579084723
8440,140.95,49,143,239.6,0.02,51,0,0,0,0,0,1,1,0,0,1.3866477278961402
8441,140.97,49,122,242.7,0.02,51,0,0,0,0,0,1,0,1,0,1.470229007114785
8442,140.99,49,147,240.2,0.02,51,0,0,0,0,0,1,0,1,0,1.4987941859136902
8443,141.01,49,134,238.4,0.02,51,0,0,0,0,0,1,3,0,1,1.5855445455723094
8444,141.02,12,33,47.3,0.02,12,0,0,0,1,1,0,4,1,4,2.2939614348713815
8445,141.04,49,128,242.1,0.02,51,0,0,0,0,0,1,0,1,0,1.6739289397353143
8446,141.06,49,122,242.7,0.02,51,0,0,0,0,0,1,0,0,0,1.7482727743685846
8447,141.08,49,139,241.0,0.02,51,0,0,0,0,0,1,0,0,0,1.5068826948556413
8448,141.11,49,148,240.1,0.02,51,0,0,0,0,0,1,0,1,0,1.5694534401972742
8449,141.13,49,126,241.2,0.02,51,0,0,0,0,0,1,1,0,1,1.541658392849004
8450,141.15,49,137,241.2,0.02,51,0,0,0,0,0,1,0,1,0,1.569543110097236
8451,141.17,49,145,239.4,0.02,51,0,0,0,0,0,1,1,1,0,1.4247159957094315
8452,141.18,9,23,33.6,0.02,9,0,0,0,1,1,0,4,1,1,3.0768584398830496
8453,141.18,3,11,5.7,0.02,3,0,0,0,1,1,0,3,1,2,3.21078301569072
8454,141.21,49,213,233.4,0.02,51,0,0,0,0,0,1,0,0,2,1.5519872032412934
8455,141.22,18,36,81.3,0.02,18,0,0,0,1,1,0,0,1,1,2.0688827111697723
8456,141.22,12,34,47.6,0.02,12,0,0,0,1,1,0,4,1,0,1.7418269378244513
8457,141.25,49,165,228.2,0.02,51,0,0,0,0,0,1,10,0,2,1.7200485320090044
8458,141.27,49,125,242.4,0.02,51,0,0,0,0,0,1,0,0,0,1.7509395580606795
8459,141.28,40,100,180.9,0.02,40,0,0,0,1,1,0,4,2,1,1.5608226483001457
8460,141.29,19,41,83.9,0.02,19,0,0,0,1,1,0,2,1,0,2.029064182241275
8461,141.31,49,138,241.1,0.02,51,0,0,0,0,0,1,0,2,0,1.6486224034286268
8462,141.33,49,116,243.2,0.02,51,0,0,0,0,0,1,0,0,1,1.7531746516573374
8463,141.36,49,138,241.1,0.02,51,0,0,0,0,0,1,0,1,0,1.6644924533540426
8464,141.37,49,116,242.3,0.02,51,0,0,0,0,0,1,1,0,0,1.4404356201888036
8465,141.39,49,129,240.8,0.02,51,0,0,0,0,0,1,1,0,2,1.9901352332974371
8466,141.42,49,140,239.8,0.02,51,0,0,0,0,0,1,1,1,1,1.5502016462459027
8467,141.44,49,138,241.1,0.02,51,0,0,0,0,0,1,0,2,0,1.5417507799794499
8468,141.46,49,134,240.4,0.02,51,0,0,0,0,0,1,1,0,1,1.624836205150577
8469,141.48,49,125,240.4,0.02,51,0,0,0,0,0,1,2,0,0,1.6067108243157717
8470,141.5,49,138,240.0,0.02,51,0,0,0,0,0,1,1,0,1,1.682241703863294
8471,141.52,49,133,241.5,0.02,51,0,0,0,0,0,1,0,1,1,1.7184562985548766
8472,141.53,24,58,108.2,0.02,24,0,0,0,1,1,0,1,1,0,1.795447874684697
8473,141.55,49,145,240.3,0.02,51,0,0,0,0,0,1,0,1,1,1.6152021451532117
8474,141.57,49,126,242.3,0.02,51,0,0,0,0,0,1,0,1,0,1.7139167651945568
8475,141.59,49,148,238.9,0.02,51,0,0,0,0,0,1,1,0,2,1.6995262905978006
8476,141.61,49,128,241.1,0.02,51,0,0,0,0,0,1,1,0,0,1.6393059464364963
8477,141.64,49,138,241.0,0.02,51,0,0,0,0,0,1,0,0,1,1.7588613174592065
8478,141.66,49,147,237.2,0.02,51,0,0,0,0,0,1,3,1,0,1.5938972785137973
8479,141.68,49,139,238.0,0.02,51,0,0,0,0,0,1,3,0,0,1.8112239857863892
8480,141.7,49,141,240.8,0.02,51,0,0,0,0,0,1,0,3,0,1.5959941458749092
8481,141.71,26,51,117.9,0.02,26,0,0,0,1,1,0,2,1,0,2.0203902752241856
8482,141.73,49,123,242.5,0.02,51,0,0,0,0,0,1,0,1,1,1.7994627939332684
8483,141.75,49,115,243.3,0.02,51,0,0,0,0,0,1,0,1,1,1.7519781478229652
8484,141.77,49,138,240.0,0.02,51,0,0,0,0,0,1,1,1,1,1.7416015036558896
8485,141.79,49,136,240.2,0.02,51,0,0,0,0,0,1,1,1,1,1.7868029910794567
8486,141.81,49,146,240.3,0.02,51,0,0,0,0,0,1,0,2,0,1.6925857262511734
8487,141.83,49,136,240.3,0.02,51,0,0,0,0,0,1,1,0,0,1.6056573142828297
8488,141.85,49,136,241.3,0.02,51,0,0,0,0,0,1,0,3,0,1.6731541466354096
8489,141.88,49,142,240.7,0.02,51,0,0,0,0,0,1,0,1,0,1.7719055803905308
8490,141.88,3,13,12.5,0.02,4,0,0,0,1,1,0,1,1,2,2.2132067167852236
8491,141.88,15,33,63.4,0.02,15,0,0,0,1,1,0,3,1,3,1.9434808211878365
8492,141.91,49,189,235.3,0.02,51,0,0,0,0,0,1,0,1,7,1.7157494472014805
8493,141.94,49,139,240.9,0.02,51,0,0,0,0,0,1,0,1,1,1.7083192287809685
8494,141.96,49,127,242.2,0.02,51,0,0,0,0,0,1,0,0,0,1.6418835287570184
8495,141.98,49,141,240.7,0.02,51,0,0,0,0,0,1,0,0,1,1.4858352280801042
8496,142.0,49,145,238.3,0.02,51,0,0,0,0,0,1,2,0,1,1.6427265189337286
8497,142.02,48,111,223.9,0.02,48,0,0,0,1,1,0,0,1,0,1.679922615848426
8498,142.04,49,132,241.7,0.02,51,0,0,0,0,0,1,0,0,0,1.5513633615798625
8499,142.06,49,146,239.3,0.02,51,0,0,0,0,0,1,1,0,0,1.4969122500805339
8500,142.08,49,129,242.0,0.02,51,0,0,0,0,0,1,0,0,0,1.6653956607406988
8501,142.1,49,137,241.2,0.02,51,0,0,0,0,0,1,0,0,0,1.6382544012829767
8502,142.12,49,130,240.7,0.02,51,0,0,0,0,0,1,1,0,2,1.6451433400157334
8503,142.14,49,148,239.1,0.02,51,0,0,0,0,0,1,1,0,0,1.4918513241404365
8504,142.16,49,127,242.2,0.02,51,0,0,0,0,0,1,0,0,0,1.535871345571942
8505,142.18,49,122,241.7,0.02,51,0,0,0,0,0,1,1,0,0,1.5894199281232868
8506,142.2,49,138,241.0,0.02,51,0,0,0,0,0,1,0,1,1,1.6633441504774549
8507,142.23,49,140,239.9,0.02,51,0,0,0,0,0,1,1,1,0,1.533198638141564
8508,142.25,49,141,237.7,0.02,51,0,0,0,0,0,1,3,1,1,1.479128304898038
8509,142.27,49,156,238.3,0.02,51,0,0,0,0,0,1,1,0,0,1.394505302140362
8510,142.29,49,136,241.2,0.02,51,0,0,0,0,0,1,0,2,1,1.5638108460401674
8511,142.31,49,129,242.0,0.02,51,0,0,0,0,0,1,0,0,0,1.3946915344839625
8512,142.33,40,92,182.8,0.02,40,0,0,0,1,1,0,3,1,0,1.2466065926696905
8513,142.35,49,142,239.7,0.02,51,0,0,0,0,0,1,1,0,0,1.4658587361247175
8514,142.37,49,141,238.7,0.02,51,0,0,0,0,0,1,2,0,1,1.574207187124952
8515,142.39,49,118,243.1,0.02,51,0,0,0,0,0,1,0,1,0,1.6694590674861294
8516,142.41,49,136,241.2,0.02,51,0,0,0,0,0,1,0,0,1,1.435787258533633
8517,142.43,49,129,242.0,0.02,51,0,0,0,0,0,1,0,3,0,1.7721075719077122
8518,142.45,49,130,241.9,0.02,51,0,0,0,0,0,1,0,0,0,1.743004867332791
8519,142.47,49,126,242.3,0.02,51,0,0,0,0,0,1,0,0,0,1.622103759634338
8520,142.49,49,143,239.5,0.02,51,0,0,0,0,0,1,1,0,1,1.7007066145029173
8521,142.51,49,135,241.2,0.02,51,0,0,0,0,0,1,0,0,2,1.7394631140956258
8522,142.53,49,145,238.4,0.02,51,0,0,0,0,0,1,2,0,0,1.4463796811615128
8523,142.55,49,130,240.8,0.02,51,0,0,0,0,0,1,1,1,1,1.6894975553498484
8524,142.57,49,115,243.3,0.02,51,0,0,0,0,0,1,0,1,1,1.6212742069866706
8525,142.59,49,133,241.4,0.02,51,0,0,0,0,0,1,0,0,2,1.4448124109069294
8526,142.61,49,139,241.0,0.02,51,0,0,0,0,0,1,0,0,0,1.6686020354336577
8527,142.63,49,112,241.7,0.02,51,0,0,0,0,0,1,2,0,0,1.7834011826459613
8528,142.64,15,38,65.2,0.02,15,0,0,0,1,1,0,1,1,0,1.8401159973837846
8529,142.66,49,141,240.7,0.02,51,0,0,0,0,0,1,0,1,1,1.64335965801985
8530,142.68,49,139,240.6,0.02,51,0,0,0,0,0,1,0,0,4,1.3571973295565114
8531,142.7,49,149,240.0,0.02,51,0,0,0,0,0,1,0,0,0,1.46692170774303
8532,142.72,49,124,242.5,0.02,51,0,0,0,0,0,1,0,0,0,1.789860908646435
8533,142.74,50,147,235.2,0.02,50,0,0,0,0,0,1,0,1,0,1.5636208815509198
8534,142.76,49,131,238.8,0.02,51,0,0,0,0,0,1,3,0,0,1.5669076858588065
8535,142.79,49,140,239.9,0.02,51,0,0,0,0,0,1,1,0,0,1.4938366727405454
8536,142.81,49,128,241.0,0.02,51,0,0,0,0,0,1,1,1,1,1.8863897712496507
8537,142.83,49,127,241.1,0.02,51,0,0,0,0,0,1,1,0,1,1.6773412286371743
8538,142.84,49,124,241.5,0.02,51,0,0,0,0,0,1,1,0,0,1.4585456202086056
8539,142.87,49,137,239.2,0.02,51,0,0,0,0,0,1,2,0,0,1.266546528586682
8540,142.87,2,12,0.4,0.02,2,0,0,0,1,1,0,3,1,4,3.83163985733502
8541,142.87,1,8,-4.8,0.02,1,0,0,0,1,1,0,4,1,0,4.194195668793907
8542,142.89,49,149,238.9,0.02,51,0,0,0,0,0,1,1,0,1,1.678552951484744
8543,142.92,49,134,240.5,0.02,51,0,0,0,0,0,1,1,2,0,1.85606364097505
8544,142.94,49,143,238.5,0.02,51,0,0,0,0,0,1,2,0,1,1.716011960298586
8545,142.96,49,138,238.9,0.02,51,0,0,0,0,0,1,2,1,2,1.6227425001468958
8546,142.98,49,145,240.3,0.02,51,0,0,0,0,0,1,0,0,1,1.558406512429501
8547,143.0,49,145,239.4,0.02,51,0,0,0,0,0,1,1,1,0,1.5261338420078598
8548,143.02,49,129,241.0,0.02,51,0,0,0,0,0,1,1,0,0,1.6322652141185001
8549,143.05,49,179,235.8,0.02,51,0,0,0,0,0,1,1,1,2,1.5791297870217862
8550,143.07,49,117,243.2,0.02,51,0,0,0,0,0,1,0,2,0,1.858434499134629
8551,143.09,49,134,240.5,0.02,51,0,0,0,0,0,1,1,1,0,1.578809829194814
8552,143.11,49,132,238.7,0.02,51,0,0,0,0,0,1,3,0,0,1.6172223196306983
8553,143.12,39,91,177.9,0.02,39,0,0,0,1,1,0,3,1,0,1.6021223960752284
8554,143.15,49,151,239.5,0.02,51,0,0,0,0,0,1,0,0,3,1.6346301864044332
8555,143.17,49,120,242.9,0.02,51,0,0,0,0,0,1,0,0,0,1.8557706460351562
8556,143.19,50,148,234.1,0.02,50,0,0,0,0,0,1,1,1,0,1.546290155606323
8557,143.21,49,128,241.1,0.02,51,0,0,0,0,0,1,1,0,0,1.6014122741572907
8558,143.23,49,127,240.9,0.02,51,0,0,0,0,0,1,1,1,3,1.6855330293820088
8559,143.25,49,129,242.0,0.02,51,0,0,0,0,0,1,0,1,0,1.7290635847945037
8560,143.26,31,69,143.1,0.02,31,0,0,0,1,1,0,0,1,0,1.7277595527886225
8561,143.28,49,137,241.2,0.02,51,0,0,0,0,0,1,0,0,0,1.3890168750090637
8562,143.3,49,141,239.7,0.02,51,0,0,0,0,0,1,1,1,1,1.6117832201119773
8563,143.32,49,143,240.5,0.02,51,0,0,0,0,0,1,0,1,1,1.8155249769802912
8564,143.34,44,111,203.9,0.02,44,0,0,0,1,1,0,0,1,0,1.6768083617247185
8565,143.36,49,109,243.9,0.02,51,0,0,0,0,0,1,0,0,1,1.6622021642054965
8566,143.38,49,130,240.7,0.02,51,0,0,0,0,0,1,1,1,2,1.4320754863470662
8567,143.41,49,141,240.8,0.02,51,0,0,0,0,0,1,0,0,0,1.7042182336821645
8568,143.44,49,142,240.6,0.02,51,0,0,0,0,0,1,0,0,1,1.6276262755790296
8569,143.46,49,134,241.5,0.02,51,0,0,0,0,0,1,0,0,0,1.5813463962270993
8570,143.48,49,142,239.7,0.02,51,0,0,0,0,0,1,1,0,0,1.6980050164297118
8571,143.5,49,134,240.4,0.02,51,0,0,0,0,0,1,1,0,1,1.6612958799407234
8572,143.52,49,116,242.3,0.02,51,0,0,0,0,0,1,1,0,0,1.6649843080408622
8573,143.54,49,123,240.6,0.02,51,0,0,0,0,0,1,2,1,0,1.542467608366496
8574,143.56,49,132,240.7,0.02,51,0,0,0,0,0,1,1,0,0,1.7541448525277759
8575,143.58,49,127,242.2,0.02,51,0,0,0,0,0,1,0,0,0,1.7081418444829513
8576,143.59,49,121,241.8,0.02,51,0,0,0,0,0,1,1,0,0,1.6520685359684233
8577,143.62,50,151,226.8,0.02,50,0,0,0,1,1,0,3,2,1,1.552697723179955
8578,143.64,49,125,242.4,0.02,51,0,0,0,0,0,1,0,0,0,1.6150302024625405
8579,143.66,50,142,235.6,0.02,50,0,0,0,0,0,1,0,1,1,1.5087481731318537
8580,143.68,49,122,242.7,0.02,51,0,0,0,0,0,1,0,0,0,1.5065682792170205
8581,143.71,49,153,235.5,0.02,51,0,0,0,0,0,1,4,1,1,1.6953434385966848
8582,143.73,49,131,240.8,0.02,51,0,0,0,0,0,1,1,2,0,1.57730559326063
8583,143.75,49,130,240.9,0.02,51,0,0,0,0,0,1,1,0,0,1.7045376610070075
8584,143.77,50,145,235.1,0.02,50,0,0,0,0,0,1,0,1,3,1.8016581293640859
8585,143.79,49,128,241.1,0.02,51,0,0,0,0,0,1,1,0,0,1.5013123103073118
8586,143.81,49,122,241.5,0.02,51,0,0,0,0,0,1,1,0,2,1.8489413223124014
8587,143.83,49,132,240.6,0.02,51,0,0,0,0,0,1,1,1,1,1.636104537816458
8588,143.85,49,134,239.4,0.02,51,0,0,0,0,0,1,2,0,1,1.6861417354276695
8589,143.87,49,152,237.5,0.02,51,0,0,0,0,0,1,2,1,2,1.5886012717119498
8590,143.89,49,124,241.4,0.02,51,0,0,0,0,0,1,1,1,1,1.6276869551541138
8591,143.91,49,137,241.2,0.02,51,0,0,0,0,0,1,0,0,0,1.5344604462870064
8592,143.93,49,148,238.1,0.02,51,0,0,0,0,0,1,2,1,0,1.540700096365896
8593,143.95,49,130,241.9,0.02,51,0,0,0,0,0,1,0,0,0,1.6436071205030707
8594,143.97,49,122,242.6,0.02,51,0,0,0,0,0,1,0,0,1,1.5078994288162446
8595,143.99,49,133,240.6,0.02,51,0,0,0,0,0,1,1,0,0,1.529412881043539
8596,144.01,49,136,240.3,0.02,51,0,0,0,0,0,1,1,0,0,1.557288110426149
8597,144.03,49,125,240.4,0.02,51,0,0,0,0,0,1,2,0,0,1.5594852902493208
8598,144.06,49,139,240.9,0.02,51,0,0,0,0,0,1,0,0,1,1.5084098678359423
8599,144.08,49,133,240.5,0.02,51,0,0,0,0,0,1,1,0,1,1.6863561863891512
8600,144.1,49,117,242.1,0.02,51,0,0,0,0,0,1,1,0,1,1.7737901978363706
8601,144.13,49,165,238.2,0.02,51,0,0,0,0,0,1,0,0,2,1.5685309645298662
8602,144.15,49,133,241.6,0.02,51,0,0,0,0,0,1,0,0,0,1.5747699872759333
8603,144.17,49,131,241.7,0.02,51,0,0,0,0,0,1,0,0,1,1.4533074450726415
8604,144.2,49,141,239.8,0.02,51,0,0,0,0,0,1,1,0,0,1.6160406824893938
8605,144.22,49,124,242.3,0.02,51,0,0,0,0,0,1,0,1,2,1.584902053609083
8606,144.23,32,76,147.3,0.02,32,0,0,0,1,1,0,0,1,1,1.8738393040177974
8607,144.25,38,104,170.6,0.02,38,0,0,0,1,1,0,4,1,0,1.7703802017052455
8608,144.25,13,25,54.5,0.02,13,0,0,0,1,1,0,3,1,0,2.3717623138508737
8609,144.27,49,133,240.5,0.02,51,0,0,0,0,0,1,1,0,1,1.6240648252883298
8610,144.29,49,129,241.0,0.02,51,0,0,0,0,0,1,1,0,0,1.879464117881577
8611,144.31,49,109,242.0,0.02,51,0,0,0,0,0,1,2,0,0,1.8037632699948503
8612,144.33,49,137,241.2,0.02,51,0,0,0,0,0,1,0,0,0,1.6908263536176469
8613,144.35,49,130,239.8,0.02,51,0,0,0,0,0,1,2,0,1,1.784231047956091
8614,144.37,49,128,242.1,0.02,51,0,0,0,0,0,1,0,0,0,1.6920255191918916
8615,144.39,49,140,237.9,0.02,51,0,0,0,0,0,1,3,0,0,1.7296938271066744
8616,144.41,49,132,240.6,0.02,51,0,0,0,0,0,1,1,0,1,1.7306437714733813
8617,144.44,49,142,239.5,0.02,51,0,0,0,0,0,1,1,0,2,1.6632298957952936
8618,144.46,49,126,239.3,0.02,51,0,0,0,0,0,1,3,0,0,1.7574518520817208
8619,144.49,49,130,241.9,0.02,51,0,0,0,0,0,1,0,1,0,1.507995318227481
8620,144.51,49,139,241.0,0.02,51,0,0,0,0,0,1,0,1,0,1.5753804286700508
8621,144.53,49,130,241.8,0.02,51,0,0,0,0,0,1,0,0,1,1.5360729903564434
8622,144.55,49,124,242.4,0.02,51,0,0,0,0,0,1,0,0,1,1.7645790073350327
8623,144.57,49,131,239.7,0.02,51,0,0,0,0,0,1,2,0,1,1.5596600638868385
8624,144.59,49,137,240.2,0.02,51,0,0,0,0,0,1,1,0,0,1.4572304710063615
8625,144.61,49,132,239.6,0.02,51,0,0,0,0,0,1,2,0,1,1.5397928287145672
8626,144.62,1,11,-4.1,0.02,1,0,0,0,1,1,0,3,1,0,3.7512021877287793
8627,144.64,49,127,242.0,0.02,51,0,0,0,0,0,1,0,0,2,1.726595783309599
8628,144.65,5,13,16.6,0.02,5,0,0,0,1,1,0,2,1,1,3.1910005343275354
8629,144.67,49,125,240.3,0.02,51,0,0,0,0,0,1,2,1,1,1.8976827577017823
8630,144.69,49,136,239.1,0.02,51,0,0,0,0,0,1,2,1,2,1.7030126846322802
8631,144.71,49,127,240.1,0.02,51,0,0,0,0,0,1,2,1,1,1.5676976432369119
8632,144.73,49,127,242.2,0.02,51,0,0,0,0,0,1,0,0,0,1.6417689864718696
8633,144.75,49,119,242.8,0.02,51,0,0,0,0,0,1,0,0,2,1.7358973681549386
8634,144.75,13,35,53.5,0.02,13,0,0,0,1,1,0,3,1,0,1.8550093497817612
8635,144.77,49,129,240.9,0.02,51,0,0,0,0,0,1,1,0,1,1.8056431152735664
8636,144.79,49,128,241.1,0.02,51,0,0,0,0,0,1,1,0,0,1.6869364639195876
8637,144.81,42,91,194.9,0.02,42,0,0,0,1,1,0,1,1,0,1.4337569715365661
8638,144.83,49,129,240.9,0.02,51,0,0,0,0,0,1,1,0,1,1.5096176331447755
8639,144.85,49,120,241.9,0.02,51,0,0,0,0,0,1,1,0,0,1.4445628457650095
8640,144.87,49,154,237.5,0.02,51,0,0,0,0,0,1,2,1,0,1.6332466577779043
8641,144.89,49,134,239.4,0.02,51,0,0,0,0,0,1,2,0,1,1.6444474882671438
8642,144.92,49,149,238.8,0.02,51,0,0,0,0,0,1,1,0,2,1.5349562080944756
8643,144.94,50,142,233.4,0.02,50,0,0,0,0,0,1,2,1,3,1.5145865070803037
8644,144.96,49,134,240.5,0.02,51,0,0,0,0,0,1,1,0,0,1.5750136067490066
8645,144.98,49,129,242.0,0.02,51,0,0,0,0,0,1,0,0,0,1.456303719119126
8646,144.98,1,6,-0.7,0.02,1,0,0,0,1,1,0,0,1,1,5.229018930514787
8647,145.0,49,133,241.6,0.02,51,0,0,0,0,0,1,0,0,0,1.5587527689609735
8648,145.03,49,135,239.4,0.02,51,0,0,0,0,0,1,2,0,0,1.678716246489638
8649,145.05,49,133,241.6,0.02,51,0,0,0,0,0,1,0,0,0,1.6949371473954802
8650,145.07,49,139,240.0,0.02,51,0,0,0,0,0,1,1,0,0,1.581003053728581
8651,145.09,49,128,242.0,0.02,51,0,0,0,0,0,1,0,0,1,1.6555149794046407
8652,145.12,49,148,239.9,0.02,51,0,0,0,0,0,1,0,0,2,1.543550125119397
8653,145.14,49,128,240.0,0.02,51,0,0,0,0,0,1,2,0,1,1.9542654567958349
8654,145.16,50,131,236.7,0.02,50,0,0,0,0,0,1,0,1,1,1.701530644903697
8655,145.18,49,142,240.7,0.02,51,0,0,0,0,0,1,0,1,0,1.5648854615160281
8656,145.21,49,150,237.9,0.02,51,0,0,0,0,0,1,2,1,0,1.6082173993983735
8657,145.23,43,119,194.0,0.02,43,0,0,0,1,1,0,4,1,1,1.5226914598332824
8658,145.25,49,138,241.1,0.02,51,0,0,0,0,0,1,0,1,0,1.7266606271581841
8659,145.28,49,137,241.1,0.02,51,0,0,0,0,0,1,0,0,1,1.6885880045286388
8660,145.29,49,118,243.1,0.02,51,0,0,0,0,0,1,0,0,0,1.5849573775912937
8661,145.31,49,120,242.7,0.02,51,0,0,0,0,0,1,0,0,2,1.844665128826105
8662,145.34,49,140,240.8,0.02,51,0,0,0,0,0,1,0,0,1,1.511026302621024
8663,145.36,49,131,241.8,0.02,51,0,0,0,0,0,1,0,0,0,1.5998280759551622
8664,145.38,49,140,239.9,0.02,51,0,0,0,0,0,1,1,0,0,1.7381183402181992
8665,145.4,49,146,239.3,0.02,51,0,0,0,0,0,1,1,0,0,1.6554624427700266
8666,145.42,49,135,241.3,0.02,51,0,0,0,0,0,1,0,0,1,1.7174234805297846
8667,145.43,27,76,118.4,0.02,27,0,0,0,1,1,0,4,1,0,1.8459289451193477
8668,145.45,49,121,242.8,0.02,51,0,0,0,0,0,1,0,0,0,1.4395907497847447
8669,145.47,49,123,241.5,0.02,51,0,0,0,0,0,1,1,0,1,1.682072983473948
8670,145.49,49,131,241.5,0.02,51,0,0,0,0,0,1,0,0,3,1.5155423793558265
8671,145.52,49,190,229.7,0.02,51,0,0,0,0,0,1,6,1,2,1.5659734185213166
8672,145.54,49,123,239.6,0.02,51,0,0,0,0,0,1,3,0,0,2.0018143003032285
8673,145.56,49,127,241.2,0.02,51,0,0,0,0,0,1,1,0,0,1.6503644967984576
8674,145.58,49,123,242.6,0.02,51,0,0,0,0,0,1,0,0,0,1.941137400827226
8675,145.6,50,140,230.8,0.02,50,0,0,0,1,1,0,0,2,2,1.6184452229927482
8676,145.62,49,138,239.0,0.02,51,0,0,0,0,0,1,2,0,1,1.6201644188873614
8677,145.65,49,146,239.2,0.02,51,0,0,0,0,0,1,1,1,1,1.5873812977377884
8678,145.66,28,67,126.3,0.02,28,0,0,0,1,1,0,2,1,0,1.8358428939260594
8679,145.68,49,136,241.2,0.02,51,0,0,0,0,0,1,0,0,1,1.4700447365856228
8680,145.69,11,26,45.4,0.02,11,0,0,0,1,1,0,2,1,0,2.35442061728053
8681,145.71,49,180,235.8,0.02,51,0,0,0,0,0,1,1,0,1,1.6712598516901116
8682,145.73,49,124,242.4,0.02,51,0,0,0,0,0,1,0,0,1,1.6557910995707268
8683,145.76,49,118,242.0,0.02,51,0,0,0,0,0,1,1,0,1,1.7971579911620057
8684,145.78,49,140,240.8,0.02,51,0,0,0,0,0,1,0,0,1,1.6573976832552035
8685,145.8,49,130,241.8,0.02,51,0,0,0,0,0,1,0,0,1,1.751072701778417
8686,145.82,49,134,239.5,0.02,51,0,0,0,0,0,1,2,0,0,1.6533318592403132
8687,145.84,49,141,239.8,0.02,51,0,0,0,0,0,1,1,1,0,1.621577100599915
8688,145.86,49,115,243.4,0.02,51,0,0,0,0,0,1,0,0,0,1.293335124776094
8689,145.88,42,108,191.2,0.02,42,0,0,0,1,1,0,3,2,0,1.622496399594704
8690,145.9,49,153,239.5,0.02,51,0,0,0,0,0,1,0,1,1,1.5486198967362326
8691,145.93,49,140,239.7,0.02,51,0,0,0,0,0,1,1,2,2,1.8112869833079595
8692,145.95,49,140,240.8,0.02,51,0,0,0,0,0,1,0,0,1,1.5630252458661869
8693,145.97,40,107,182.3,0.02,40,0,0,0,1,1,0,2,3,0,1.7498649291118453
8694,145.99,49,145,239.3,0.02,51,0,0,0,0,0,1,1,1,1,1.5644694502278973
8695,146.01,44,113,200.5,0.02,44,0,0,0,1,1,0,3,1,2,1.3933365679906125
8696,146.03,50,145,234.3,0.02,50,0,0,0,0,0,1,1,1,1,1.4973022926659143
8697,146.04,18,47,77.3,0.02,18,0,0,0,1,1,0,3,1,0,1.6516504610885465
8698,146.06,49,121,242.8,0.02,51,0,0,0,0,0,1,0,0,0,1.799029889956534
8699,146.08,49,122,240.7,0.02,51,0,0,0,0,0,1,2,0,0,1.5000648771053433
8700,146.1,49,120,242.7,0.02,51,0,0,0,0,0,1,0,1,2,1.5353393014474808
8701,146.12,49,123,242.5,0.02,51,0,0,0,0,0,1,0,0,1,1.6403672473976036
8702,146.14,49,116,242.3,0.02,51,0,0,0,0,0,1,1,0,0,1.5298131456209836
8703,146.16,49,126,241.0,0.02,51,0,0,0,0,0,1,1,1,3,1.6806507197382958
8704,146.18,49,123,242.6,0.02,51,0,0,0,0,0,1,0,0,0,1.7382424483021095
8705,146.2,49,122,241.6,0.02,51,0,0,0,0,0,1,1,0,1,1.7483761907771256
8706,146.23,49,129,241.9,0.02,51,0,0,0,0,0,1,0,0,1,1.6439534937739468
8707,146.25,49,132,240.7,0.02,51,0,0,0,0,0,1,1,0,0,1.5212832267448875
8708,146.27,49,128,242.1,0.02,51,0,0,0,0,0,1,0,0,0,1.6023318005127956
8709,146.29,49,129,240.0,0.02,51,0,0,0,0,0,1,2,0,0,1.8129725066958682
8710,146.31,49,124,242.5,0.02,51,0,0,0,0,0,1,0,0,0,1.7223628768950634
8711,146.33,49,129,242.0,0.02,51,0,0,0,0,0,1,0,0,0,1.5747022659947216
8712,146.35,49,129,241.9,0.02,51,0,0,0,0,0,1,0,1,1,1.628200862935612
8713,146.37,49,134,238.5,0.02,51,0,0,0,0,0,1,3,0,0,1.7103744672939696
8714,146.39,37,86,169.3,0.02,37,0,0,0,1,1,0,2,1,1,1.6123652183801562
8715,146.41,49,141,240.7,0.02,51,0,0,0,0,0,1,0,0,1,1.641465639444013
8716,146.43,49,123,242.5,0.02,51,0,0,0,0,0,1,0,0,1,1.7431534186328355
8717,146.45,49,122,241.7,0.02,51,0,0,0,0,0,1,1,0,0,1.5560816295808637
8718,146.47,49,133,241.6,0.02,51,0,0,0,0,0,1,0,2,0,1.5928070742890008
8719,146.48,23,56,101.3,0.02,23,0,0,0,1,1,0,3,1,1,1.6355826108219458
8720,146.5,50,153,233.4,0.02,50,0,0,0,0,0,1,1,3,2,1.6812231470666137
8721,146.51,9,21,37.9,0.02,9,0,0,0,1,1,0,0,1,0,2.440415453813219
8722,146.53,47,110,215.0,0.02,47,0,0,0,1,1,0,4,1,0,1.7179064481860566
8723,146.56,49,148,240.0,0.02,51,0,0,0,0,0,1,0,0,1,1.4507671330342387
8724,146.58,49,120,242.8,0.02,51,0,0,0,0,0,1,0,0,1,1.6373953595446116
8725,146.58,7,15,28.5,0.02,7,0,0,0,1,1,0,0,1,0,3.0580307661079558
8726,146.6,49,133,239.6,0.02,51,0,0,0,0,0,1,2,0,0,1.4161877542489798
8727,146.62,49,138,241.0,0.02,51,0,0,0,0,0,1,0,1,1,1.3879501233118694
8728,146.65,49,147,238.1,0.02,51,0,0,0,0,0,1,2,1,1,1.736805852354789
8729,146.67,49,143,239.6,0.02,51,0,0,0,0,0,1,1,0,0,1.4926505528569831
8730,146.69,49,125,242.4,0.02,51,0,0,0,0,0,1,0,0,0,1.5605299881444592
8731,146.69,3,11,7.8,0.02,3,0,0,0,1,1,0,1,1,1,2.510503959727908
8732,146.71,49,139,240.0,0.02,51,0,0,0,0,0,1,1,0,0,1.5345563112062401
8733,146.72,29,55,134.4,0.02,29,0,0,0,1,1,0,0,1,1,1.734811912248607
8734,146.74,49,138,238.1,0.02,51,0,0,0,0,0,1,3,0,0,1.624219613203089
8735,146.77,49,134,240.5,0.02,51,0,0,0,0,0,1,1,0,0,1.6888595645051774
8736,146.79,49,132,240.6,0.02,51,0,0,0,0,0,1,1,0,1,1.6183576520142977
8737,146.81,49,141,240.8,0.02,51,0,0,0,0,0,1,0,0,0,1.5084542158828265
8738,146.84,49,128,242.0,0.02,51,0,0,0,0,0,1,0,0,1,1.7279540074295063
8739,146.85,49,120,241.9,0.02,51,0,0,0,0,0,1,1,0,0,1.4170674549197342
8740,146.87,26,68,115.1,0.02,26,0,0,0,1,1,0,3,1,1,1.9045281420638773
8741,146.89,49,145,239.3,0.02,51,0,0,0,0,0,1,1,0,1,1.5457963115137683
8742,146.89,11,28,44.1,0.02,11,0,0,0,1,1,0,3,1,1,2.415000676012935
8743,146.92,49,141,239.6,0.02,51,0,0,0,0,0,1,1,1,2,1.754864855994539
8744,146.94,49,127,242.2,0.02,51,0,0,0,0,0,1,0,0,0,1.6946428721818454
8745,146.96,49,120,242.8,0.02,51,0,0,0,0,0,1,0,0,1,1.7434387764923496
8746,146.98,49,128,242.1,0.02,51,0,0,0,0,0,1,0,0,0,1.925298765123943
8747,147.0,49,129,242.0,0.02,51,0,0,0,0,0,1,0,1,0,1.6861952391772743
8748,147.0,1,9,0.1,0.02,2,0,0,0,1,1,0,4,1,0,3.534691663913019
8749,147.01,29,74,129.6,0.02,29,0,0,0,1,1,0,3,1,0,1.9145473473451942
8750,147.02,9,31,32.9,0.02,9,0,0,0,1,1,0,4,1,0,1.921251311961181
8751,147.03,28,68,123.1,0.02,28,0,0,0,1,1,0,5,2,1,1.8341221729072312
8752,147.03,0,10,-11.3,0.02,0,0,0,0,1,1,0,5,1,3,4.093852307043795
8753,147.04,3,14,8.6,0.02,4,0,0,0,1,1,0,5,1,0,2.457573398562304
8754,147.04,1,9,-5.9,0.02,1,0,0,0,1,1,0,5,1,0,4.027779395653575
8755,147.04,13,35,55.2,0.02,13,0,0,0,1,1,0,1,1,3,1.6306062481452166
8756,147.05,3,11,12.9,0.02,4,0,0,0,1,1,0,1,1,0,3.041031439423271
8757,147.05,0,6,-9.6,0.02,0,0,0,0,1,1,0,4,1,0,5.391216601689163
8758,147.06,40,101,180.9,0.02,40,0,0,0,1,1,0,4,1,0,1.6902800640526938
8759,147.07,4,34,7.6,0.02,4,0,0,0,1,1,0,4,1,0,2.625457196752082
8760,147.08,8,28,28.2,0.02,8,0,0,0,1,1,0,4,1,0,2.148466940715778
8761,147.1,50,186,229.1,0.02,50,0,0,0,0,0,1,2,2,2,1.5896061882511308
8762,147.13,49,175,235.0,0.02,51,0,0,0,0,0,1,2,0,4,1.8331326726855972
8763,147.16,49,167,237.2,0.02,51,0,0,0,0,0,1,1,1,0,1.683228791160209
8764,147.16,4,14,9.6,0.02,4,0,0,0,1,1,0,4,1,0,3.3131041156212446
8765,147.19,49,135,241.4,0.02,51,0,0,0,0,0,1,0,0,0,1.7886194996731763
8766,147.21,49,152,238.5,0.02,51,0,0,0,0,0,1,1,0,2,1.608322537822423
8767,147.23,49,124,242.5,0.02,51,0,0,0,0,0,1,0,1,0,1.6949793965460607
8768,147.25,49,123,242.6,0.02,51,0,0,0,0,0,1,0,0,0,1.693941778061523
8769,147.28,49,137,240.1,0.02,51,0,0,0,0,0,1,1,0,1,1.8256594435534406
8770,147.3,49,146,238.3,0.02,51,0,0,0,0,0,1,2,0,0,1.8576744006058203
8771,147.32,49,132,240.7,0.02,51,0,0,0,0,0,1,1,1,0,1.6447316000825525
8772,147.34,49,142,239.7,0.02,51,0,0,0,0,0,1,1,0,0,1.3747165303734432
8773,147.35,27,62,117.8,0.02,27,0,0,0,1,1,0,6,2,0,1.7316609177161693
8774,147.37,49,133,240.6,0.02,51,0,0,0,0,0,1,1,0,0,1.6135584781557373
8775,147.4,49,137,241.2,0.02,51,0,0,0,0,0,1,0,0,0,1.390621274455636
8776,147.41,49,125,242.4,0.02,51,0,0,0,0,0,1,0,0,0,1.905312652118482
8777,147.44,49,138,241.0,0.02,51,0,0,0,0,0,1,0,1,1,1.6352104036676602
8778,147.44,8,17,33.3,0.02,8,0,0,0,1,1,0,0,1,0,2.4825694381775376
8779,147.46,49,147,238.1,0.02,51,0,0,0,0,0,1,2,0,1,1.6239045099299079
8780,147.48,49,135,241.4,0.02,51,0,0,0,0,0,1,0,0,0,1.7854191103415085
8781,147.51,49,141,240.6,0.02,51,0,0,0,0,0,1,0,0,2,1.7837097765498655
8782,147.53,49,122,241.7,0.02,51,0,0,0,0,0,1,1,0,0,1.604756832074114
8783,147.53,4,11,10.9,0.02,4,0,0,0,1,1,0,3,1,0,2.9906102066284217
8784,147.56,47,183,208.4,0.02,47,0,0,0,1,1,0,3,1,3,1.377264073112293
8785,147.58,49,120,242.9,0.02,51,0,0,0,0,0,1,0,1,0,1.6761411142890852
8786,147.59,23,67,100.4,0.02,23,0,0,0,1,1,0,2,1,9,1.5147862982681357
8787,147.6,28,67,126.1,0.02,28,0,0,0,1,1,0,2,1,2,1.662384892457093
8788,147.63,49,137,240.0,0.02,51,0,0,0,0,0,1,1,0,2,1.9189317324069883
8789,147.65,49,144,238.2,0.02,51,0,0,0,0,0,1,2,2,3,1.5084342163860949
8790,147.67,46,112,212.4,0.02,46,0,0,0,1,1,0,1,1,4,1.5645366638165474
8791,147.69,49,136,238.2,0.02,51,0,0,0,0,0,1,3,0,1,1.6243723631337383
8792,147.7,19,46,82.3,0.02,19,0,0,0,1,1,0,3,1,1,1.7861731492909259
8793,147.72,49,143,239.4,0.02,51,0,0,0,0,0,1,1,0,2,1.6498305155401332
8794,147.73,14,35,58.5,0.02,14,0,0,0,1,1,0,3,1,0,2.426166417593794
8795,147.75,49,152,238.4,0.02,51,0,0,0,0,0,1,1,1,3,1.694331500843827
8796,147.77,49,155,239.3,0.02,51,0,0,0,0,0,1,0,1,1,1.6439478623707096
8797,147.8,49,139,241.0,0.02,51,0,0,0,0,0,1,0,0,0,1.4629156487356445
8798,147.83,49,144,240.3,0.02,51,0,0,0,0,0,1,0,0,2,1.5297373490745034
8799,147.83,9,25,35.4,0.02,9,0,0,0,1,1,0,2,1,1,1.549358117303072
8800,147.85,50,136,235.2,0.02,50,0,0,0,0,0,1,1,1,1,1.5727113846793477
8801,147.87,49,135,241.4,0.02,51,0,0,0,0,0,1,0,0,0,1.6310429411729241
8802,147.89,49,134,239.5,0.02,51,0,0,0,0,0,1,2,1,0,1.7205862504984057
8803,147.91,36,82,165.7,0.02,36,0,0,0,1,1,0,1,2,1,1.6300900408703327
8804,147.93,48,162,216.6,0.02,48,0,0,0,1,1,0,2,1,2,1.5385014556952041
8805,147.95,49,130,241.9,0.02,51,0,0,0,0,0,1,0,1,0,1.7419212879796997
8806,147.98,49,152,239.7,0.02,51,0,0,0,0,0,1,0,1,0,1.6188559387641788
8807,147.99,38,111,170.8,0.02,38,0,0,0,1,1,0,3,1,1,1.5454567849213623
8808,148.02,49,135,239.4,0.02,51,0,0,0,0,0,1,2,1,0,1.557693531707807
8809,148.03,49,117,243.1,0.02,51,0,0,0,0,0,1,0,0,1,1.8433395423340408
8810,148.04,28,63,124.6,0.02,28,0,0,0,1,1,0,4,1,1,2.0547702700678268
8811,148.07,49,148,239.5,0.02,51,0,0,0,0,0,1,0,0,6,1.6282043302820732
8812,148.07,15,31,66.9,0.02,15,0,0,0,1,1,0,0,1,0,2.26964496139858
8813,148.1,49,138,240.1,0.02,51,0,0,0,0,0,1,1,0,0,1.7594415995454722
8814,148.12,49,150,239.9,0.02,51,0,0,0,0,0,1,0,0,0,1.646643885543196
8815,148.14,49,152,238.7,0.02,51,0,0,0,0,0,1,1,0,0,1.4904066815346408
8816,148.16,49,117,243.2,0.02,51,0,0,0,0,0,1,0,0,0,1.5470434148075547
8817,148.18,49,129,239.0,0.02,51,0,0,0,0,0,1,3,1,0,1.711974753600389
8818,148.21,49,127,241.1,0.02,51,0,0,0,0,0,1,1,0,1,1.7671280316096905
8819,148.23,49,131,241.8,0.02,51,0,0,0,0,0,1,0,1,0,1.5955672830680456
8820,148.25,45,109,205.1,0.02,45,0,0,0,1,1,0,4,2,0,1.7886221788448005
8821,148.27,49,142,239.6,0.02,51,0,0,0,0,0,1,1,1,1,1.7334078989855422
8822,148.29,49,113,243.6,0.02,51,0,0,0,0,0,1,0,0,0,1.6080687642763187
8823,148.31,49,140,239.9,0.02,51,0,0,0,0,0,1,1,0,0,1.7813253086542136
8824,148.34,49,151,238.8,0.02,51,0,0,0,0,0,1,1,0,0,1.7387956135553806
8825,148.35,49,109,243.9,0.02,51,0,0,0,0,0,1,0,0,1,1.7271176558857193
8826,148.37,49,127,240.2,0.02,51,0,0,0,0,0,1,2,0,0,1.8101128989621809
8827,148.39,45,114,207.6,0.02,45,0,0,0,1,1,0,1,1,0,1.555908940548037
8828,148.42,49,149,239.8,0.02,51,0,0,0,0,0,1,0,0,2,1.5412653939698975
8829,148.42,0,44,-12.1,0.02,0,0,0,0,1,1,0,2,1,7,1.3061398958440917
8830,148.45,49,131,241.7,0.02,51,0,0,0,0,0,1,0,2,1,1.524376587448767
8831,148.47,49,129,241.0,0.02,51,0,0,0,0,0,1,1,2,0,1.671554852606438
8832,148.49,49,152,237.7,0.02,51,0,0,0,0,0,1,2,0,0,1.6402062924642553
8833,148.51,48,112,219.7,0.02,48,0,0,0,1,1,0,4,1,1,1.3975893242728386
8834,148.53,49,144,239.5,0.02,51,0,0,0,0,0,1,1,0,0,1.538757978332095
8835,148.55,49,121,240.8,0.02,51,0,0,0,0,0,1,2,0,0,1.5406803224183503
8836,148.57,49,131,238.7,0.02,51,0,0,0,0,0,1,3,0,1,1.8834716515948122
8837,148.6,49,129,242.0,0.02,51,0,0,0,0,0,1,0,0,0,1.6763797411037693
8838,148.62,49,135,241.4,0.02,51,0,0,0,0,0,1,0,0,0,1.5234448445780666
8839,148.64,49,138,239.1,0.02,51,0,0,0,0,0,1,2,0,0,1.5874570711832714
8840,148.64,2,8,1.1,0.02,2,0,0,0,1,1,0,3,1,1,4.012431669680881
8841,148.67,49,165,230.9,0.02,51,0,0,0,0,0,1,7,2,5,1.627568408884331
8842,148.69,49,135,239.4,0.02,51,0,0,0,0,0,1,2,1,0,1.544104234433887
8843,148.71,49,130,241.8,0.02,51,0,0,0,0,0,1,0,0,1,1.7064731964040867
8844,148.73,49,120,242.8,0.02,51,0,0,0,0,0,1,0,0,1,1.5273033694376956
8845,148.75,49,134,240.4,0.02,51,0,0,0,0,0,1,1,0,1,1.7000883523031756
8846,148.76,15,39,63.1,0.02,15,0,0,0,1,1,0,3,1,0,2.0275228069608953
8847,148.78,49,127,242.2,0.02,51,0,0,0,0,0,1,0,0,0,1.62538483002567
8848,148.8,47,113,215.7,0.02,47,0,0,0,1,1,0,3,1,0,1.6112751032379775
8849,148.82,49,142,240.7,0.02,51,0,0,0,0,0,1,0,1,0,1.5601284201497518
8850,148.85,49,144,239.4,0.02,51,0,0,0,0,0,1,1,1,1,1.5815246545336539
8851,148.87,49,136,241.3,0.02,51,0,0,0,0,0,1,0,0,0,1.6664487114243105
8852,148.89,49,138,239.9,0.02,51,0,0,0,0,0,1,1,1,2,1.5290863416890461
8853,148.91,50,138,234.0,0.02,50,0,0,0,0,0,1,2,1,1,1.5509696359703724
8854,148.93,49,132,241.7,0.02,51,0,0,0,0,0,1,0,0,0,1.6121214823252035
8855,148.95,49,123,242.6,0.02,51,0,0,0,0,0,1,0,0,0,1.5636733947117085
8856,148.97,49,130,240.8,0.02,51,0,0,0,0,0,1,1,1,1,1.5404638837574325
8857,148.99,49,133,241.5,0.02,51,0,0,0,0,0,1,0,0,1,1.5321177095258074
8858,149.01,50,124,237.4,0.02,50,0,0,0,0,0,1,0,2,1,1.8262130812229804
8859,149.03,49,118,243.0,0.02,51,0,0,0,0,0,1,0,0,1,1.6577850867772421
8860,149.05,49,127,242.2,0.02,51,0,0,0,0,0,1,0,0,0,1.452054030927295
8861,149.07,49,139,240.9,0.02,51,0,0,0,0,0,1,0,0,1,1.740321973900207
8862,149.1,49,137,240.1,0.02,51,0,0,0,0,0,1,1,1,1,1.745385319755943
8863,149.12,49,131,240.6,0.02,51,0,0,0,0,0,1,1,0,2,1.488111184632653
8864,149.14,49,119,243.0,0.02,51,0,0,0,0,0,1,0,0,0,1.6035719924596825
8865,149.16,49,126,242.3,0.02,51,0,0,0,0,0,1,0,0,0,1.6224097254156673
8866,149.18,49,136,240.3,0.02,51,0,0,0,0,0,1,1,0,0,1.894435503970975
8867,149.2,49,134,241.5,0.02,51,0,0,0,0,0,1,0,1,0,1.6155036684284123
8868,149.23,49,136,241.2,0.02,51,0,0,0,0,0,1,0,2,1,1.6329138943938313
8869,149.25,49,132,239.7,0.02,51,0,0,0,0,0,1,2,0,0,1.6633075180836452
8870,149.27,49,115,243.3,0.02,51,0,0,0,0,0,1,0,0,1,1.7720325635131458
8871,149.28,29,60,132.9,0.02,29,0,0,0,1,1,0,1,2,1,1.9163990785373373
8872,149.3,49,135,240.4,0.02,51,0,0,0,0,0,1,1,1,0,1.7843582920082393
8873,149.32,49,116,243.2,0.02,51,0,0,0,0,0,1,0,0,1,1.7135063043220202
8874,149.33,38,87,176.3,0.02,38,0,0,0,1,1,0,0,1,0,1.6194868536346634
8875,149.35,49,127,242.2,0.02,51,0,0,0,0,0,1,0,0,0,1.5109505410674733
8876,149.37,49,130,241.8,0.02,51,0,0,0,0,0,1,0,0,1,1.594933672502275
8877,149.39,49,132,241.6,0.02,51,0,0,0,0,0,1,0,1,1,1.587962389994477
8878,149.41,49,119,243.0,0.02,51,0,0,0,0,0,1,0,0,0,1.801136105516071
8879,149.43,43,102,199.8,0.02,43,0,0,0,1,1,0,0,3,0,1.7648126789038994
8880,149.46,49,141,239.8,0.02,51,0,0,0,0,0,1,1,0,0,1.543609337712336
8881,149.48,49,121,241.7,0.02,51,0,0,0,0,0,1,1,0,1,1.8561731071961878
8882,149.5,49,142,239.7,0.02,51,0,0,0,0,0,1,1,1,0,1.7200271224740409
8883,149.51,23,57,101.3,0.02,23,0,0,0,1,1,0,3,1,0,1.5019123771548584
8884,149.53,49,131,241.8,0.02,51,0,0,0,0,0,1,0,0,0,1.553147593688859
8885,149.55,49,140,240.8,0.02,51,0,0,0,0,0,1,0,0,1,1.5662796228731133
8886,149.57,49,142,239.6,0.02,51,0,0,0,0,0,1,1,1,1,1.8672687941488628
8887,149.59,49,140,239.9,0.02,51,0,0,0,0,0,1,1,0,0,1.7484429008172118
8888,149.61,49,141,240.8,0.02,51,0,0,0,0,0,1,0,0,0,1.5854533883806092
8889,149.63,49,130,240.9,0.02,51,0,0,0,0,0,1,1,0,0,1.6469887007017618
8890,149.66,49,143,237.6,0.02,51,0,0,0,0,0,1,3,1,0,1.5841260553481584
8891,149.68,49,145,240.4,0.02,51,0,0,0,0,0,1,0,1,0,1.4635338250262484
8892,149.68,2,5,1.5,0.02,2,0,0,0,1,1,0,3,1,0,7.861870368758675
8893,149.7,49,122,242.7,0.02,51,0,0,0,0,0,1,0,1,0,1.7411325929425432
8894,149.72,49,134,241.5,0.02,51,0,0,0,0,0,1,0,1,0,1.5175421484204175
8895,149.74,49,143,240.5,0.02,51,0,0,0,0,0,1,0,1,1,1.652211494041421
8896,149.77,49,153,239.4,0.02,51,0,0,0,0,0,1,0,0,2,1.7424716339249509
8897,149.77,2,9,1.1,0.02,2,0,0,0,1,1,0,3,1,0,4.278338125553825
8898,149.79,49,141,240.8,0.02,51,0,0,0,0,0,1,0,0,0,1.4959747354850683
8899,149.81,49,115,243.3,0.02,51,0,0,0,0,0,1,0,1,1,1.5925367602368214
8900,149.83,49,127,242.2,0.02,51,0,0,0,0,0,1,0,0,0,1.578454948912507
8901,149.85,49,134,240.5,0.02,51,0,0,0,0,0,1,1,0,0,1.5616292018325606
8902,149.88,49,143,237.5,0.02,51,0,0,0,0,0,1,3,1,1,1.5423500568621047
8903,149.9,49,162,236.7,0.02,51,0,0,0,0,0,1,2,1,0,1.5320929162073749
8904,149.92,49,133,241.6,0.02,51,0,0,0,0,0,1,0,0,0,1.5579053789047232
8905,149.94,49,121,242.8,0.02,51,0,0,0,0,0,1,0,0,0,1.8119515525682632
8906,149.96,49,134,240.4,0.02,51,0,0,0,0,0,1,1,2,1,1.7420498359162824
8907,149.98,49,136,241.3,0.02,51,0,0,0,0,0,1,0,0,0,1.7502317881422251
8908,150.0,49,130,241.8,0.02,51,0,0,0,0,0,1,0,1,1,1.8531953691419787
8909,150.02,49,127,242.1,0.02,51,0,0,0,0,0,1,0,0,1,1.598821422882025
8910,150.04,49,136,241.3,0.02,51,0,0,0,0,0,1,0,1,0,1.449830669860706
8911,150.06,49,135,241.4,0.02,51,0,0,0,0,0,1,0,0,0,1.6050125269880673
8912,150.09,49,138,240.0,0.02,51,0,0,0,0,0,1,1,0,1,1.586374832576379
8913,150.11,49,128,241.1,0.02,51,0,0,0,0,0,1,1,0,0,1.6729297256775986
8914,150.12,49,123,242.6,0.02,51,0,0,0,0,0,1,0,0,0,1.6455897018027834
8915,150.13,17,55,72.2,0.02,17,0,0,0,1,1,0,2,1,3,2.0115960740698124
8916,150.15,20,69,86.0,0.02,20,0,0,0,1,1,0,2,1,1,1.7018038857943862
8917,150.17,49,158,235.5,0.02,51,0,0,0,0,0,1,3,0,6,1.660607998373871
8918,150.2,49,136,241.3,0.02,51,0,0,0,0,0,1,0,0,0,1.6385288091874022
8919,150.22,49,135,241.3,0.02,51,0,0,0,0,0,1,0,0,1,1.5886219378796251
8920,150.24,49,148,238.0,0.02,51,0,0,0,0,0,1,2,0,1,1.6724046309390035
8921,150.26,49,132,240.7,0.02,51,0,0,0,0,0,1,1,0,0,1.785694771386506
8922,150.28,49,133,238.3,0.02,51,0,0,0,0,0,1,3,0,3,1.7034057392336885
8923,150.3,49,128,242.0,0.02,51,0,0,0,0,0,1,0,0,1,1.5102626811158069
8924,150.32,49,133,241.6,0.02,51,0,0,0,0,0,1,0,0,0,1.6959985447814419
8925,150.34,49,114,243.4,0.02,51,0,0,0,0,0,1,0,0,1,1.849768729803519
8926,150.36,49,130,240.9,0.02,51,0,0,0,0,0,1,1,1,0,1.6521138747962085
8927,150.38,49,132,241.7,0.02,51,0,0,0,0,0,1,0,1,0,1.6037831146438206
8928,150.4,49,128,242.0,0.02,51,0,0,0,0,0,1,0,1,1,1.8582573755638707
8929,150.43,49,126,242.2,0.02,51,0,0,0,0,0,1,0,0,1,1.7484184151520519
8930,150.45,49,119,241.0,0.02,51,0,0,0,0,0,1,2,0,0,1.7583462908966738
8931,150.47,49,130,241.9,0.02,51,0,0,0,0,0,1,0,0,0,1.5492599744523308
8932,150.49,50,150,233.7,0.02,50,0,0,0,0,0,1,1,1,2,1.455831682009848
8933,150.51,49,136,241.3,0.02,51,0,0,0,0,0,1,0,0,0,1.5035702493338123
8934,150.53,49,125,242.4,0.02,51,0,0,0,0,0,1,0,0,0,1.5159901245005498
8935,150.55,46,116,212.3,0.02,46,0,0,0,1,1,0,1,1,1,1.754489320010624
8936,150.57,49,120,242.8,0.02,51,0,0,0,0,0,1,0,1,1,1.602118945969626
8937,150.58,49,123,241.6,0.02,51,0,0,0,0,0,1,1,0,0,1.657557164587531
8938,150.61,49,163,238.4,0.02,51,0,0,0,0,0,1,0,1,2,1.4456947984941495
8939,150.63,49,146,236.9,0.02,51,0,0,0,0,0,1,3,0,4,1.6319529350326198
8940,150.65,49,143,240.5,0.02,51,0,0,0,0,0,1,0,1,1,1.4978126568807033
8941,150.67,49,126,242.2,0.02,51,0,0,0,0,0,1,0,0,1,1.5834768026678834
8942,150.7,49,134,240.5,0.02,51,0,0,0,0,0,1,1,0,0,1.5627432656829103
8943,150.72,49,129,242.0,0.02,51,0,0,0,0,0,1,0,0,0,1.7001043649364005
8944,150.74,49,155,235.3,0.02,51,0,0,0,0,0,1,4,0,1,1.6287780094299313
8945,150.76,49,138,239.1,0.02,51,0,0,0,0,0,1,2,0,0,1.5425823270889927
8946,150.78,49,130,241.9,0.02,51,0,0,0,0,0,1,0,0,0,1.5433793237684754
8947,150.8,15,39,68.9,0.02,16,0,0,0,1,1,0,2,1,2,1.7624909571052183
8948,150.8,1,11,-5.4,0.02,1,0,0,0,1,1,0,4,1,3,3.9881258519665836
8949,150.8,3,7,6.3,0.02,3,0,0,0,1,1,0,3,1,0,5.617146982605527
8950,150.81,12,40,46.0,0.02,12,0,0,0,1,1,0,5,1,0,2.1064556450372462
8951,150.82,25,69,108.0,0.02,25,0,0,0,1,1,0,5,1,1,1.8374850370479139
8952,150.84,23,85,95.6,0.02,23,0,0,0,1,1,0,5,1,9,1.8270751490989607
8953,150.85,6,21,23.9,0.02,7,0,0,0,1,1,0,4,1,0,1.671647842522207
8954,150.85,2,10,-1.1,0.02,2,0,0,0,1,1,0,5,1,1,3.472036170846535
8955,150.85,2,11,-0.2,0.02,2,0,0,0,1,1,0,4,1,1,4.174243242617993
8956,150.86,12,28,49.2,0.02,12,0,0,0,1,1,0,3,1,0,2.352605156045697
8957,150.88,49,146,238.1,0.02,51,0,0,0,0,0,1,2,0,2,1.7224148745997705
8958,150.9,49,122,240.7,0.02,51,0,0,0,0,0,1,2,0,0,1.8479379749427294
8959,150.92,49,150,238.7,0.02,51,0,0,0,0,0,1,1,1,2,1.7316041032112817
8960,150.94,49,138,241.0,0.02,51,0,0,0,0,0,1,0,1,1,1.746605374311753
8961,150.97,49,151,238.8,0.02,51,0,0,0,0,0,1,1,1,0,1.6829964154633352
8962,150.99,49,124,241.5,0.02,51,0,0,0,0,0,1,1,0,0,1.7369583336553727
8963,151.01,49,131,241.3,0.02,51,0,0,0,0,0,1,0,0,5,1.5538333326709033
8964,151.03,49,127,241.2,0.02,51,0,0,0,0,0,1,1,1,0,1.5974470027604577
8965,151.06,49,143,240.6,0.02,51,0,0,0,0,0,1,0,1,0,1.6262287375887494
8966,151.08,50,131,236.6,0.02,50,0,0,0,0,0,1,0,1,2,1.686515986648254
8967,151.1,49,145,240.3,0.02,51,0,0,0,0,0,1,0,0,1,1.4811697945959477
8968,151.12,49,134,239.5,0.02,51,0,0,0,0,0,1,2,0,0,1.5726562779800457
8969,151.14,49,140,240.8,0.02,51,0,0,0,0,0,1,0,0,1,1.6880552949141838
8970,151.17,49,150,238.9,0.02,51,0,0,0,0,0,1,1,0,0,1.5522936614328253
8971,151.19,49,142,240.7,0.02,51,0,0,0,0,0,1,0,0,0,1.4654391910933875
8972,151.21,49,136,239.2,0.02,51,0,0,0,0,0,1,2,0,1,1.4910517274907884
8973,151.23,49,144,239.5,0.02,51,0,0,0,0,0,1,1,0,0,1.432113440555448
8974,151.25,49,126,242.2,0.02,51,0,0,0,0,0,1,0,0,1,1.688637609241867
8975,151.27,49,127,241.2,0.02,51,0,0,0,0,0,1,1,0,0,1.612202963637983
8976,151.3,49,141,238.8,0.02,51,0,0,0,0,0,1,2,0,0,1.4920057291229039
8977,151.32,49,149,240.0,0.02,51,0,0,0,0,0,1,0,0,0,1.6423568708613345
8978,151.34,49,132,241.6,0.02,51,0,0,0,0,0,1,0,0,1,1.639693465786263
8979,151.36,49,132,240.5,0.02,51,0,0,0,0,0,1,1,0,2,1.6210577202571659
8980,151.38,49,124,241.5,0.02,51,0,0,0,0,0,1,1,2,0,1.7233125556655207
8981,151.41,49,155,237.4,0.02,51,0,0,0,0,0,1,2,0,0,1.4204860719158967
8982,151.43,49,133,240.5,0.02,51,0,0,0,0,0,1,1,0,1,1.647895247175266
8983,151.46,49,137,240.2,0.02,51,0,0,0,0,0,1,1,0,0,1.8111250310691491
8984,151.48,49,134,239.4,0.02,51,0,0,0,0,0,1,2,0,1,1.6783807643853725
8985,151.48,11,31,50.9,0.02,12,0,0,0,1,1,0,1,1,0,1.5588623861848592
8986,151.51,49,148,240.1,0.02,51,0,0,0,0,0,1,0,1,0,1.5748739531309752
8987,151.53,49,131,241.7,0.02,51,0,0,0,0,0,1,0,1,1,1.576259232605086
8988,151.54,39,93,180.6,0.02,39,0,0,0,1,1,0,0,1,1,1.9138965512882085
8989,151.56,49,129,240.0,0.02,51,0,0,0,0,0,1,2,0,0,1.6922864672217275
8990,151.58,49,128,241.1,0.02,51,0,0,0,0,0,1,1,0,0,1.802488648893602
8991,151.61,49,143,240.6,0.02,51,0,0,0,0,0,1,0,1,0,1.499745395137899
8992,151.63,49,125,240.3,0.02,51,0,0,0,0,0,1,2,1,1,1.6077917666032384
8993,151.65,49,144,239.4,0.02,51,0,0,0,0,0,1,1,0,1,1.6584371294328588
8994,151.67,49,136,241.2,0.02,51,0,0,0,0,0,1,0,0,1,1.403058686776248
8995,151.69,49,135,239.4,0.02,51,0,0,0,0,0,1,2,0,0,1.547400462547023
8996,151.71,49,131,241.8,0.02,51,0,0,0,0,0,1,0,0,0,1.6865797233261983
8997,151.73,49,143,240.6,0.02,51,0,0,0,0,0,1,0,1,0,1.6372063354383277
8998,151.74,25,54,109.5,0.02,25,0,0,0,1,1,0,5,1,1,2.000484466141039
8999,151.76,39,80,178.9,0.02,39,0,0,0,1,1,0,3,1,1,1.5764053473070176
9000,151.78,49,127,241.1,0.02,51,0,0,0,0,0,1,1,0,1,1.5394999448263262
9001,151.8,49,126,242.3,0.02,51,0,0,0,0,0,1,0,0,0,1.6203342123836415
9002,151.83,49,143,240.6,0.02,51,0,0,0,0,0,1,0,0,0,1.452574682147001
9003,151.83,9,21,37.9,0.02,9,0,0,0,1,1,0,0,1,0,2.388546009384739
9004,151.85,49,126,242.3,0.02,51,0,0,0,0,0,1,0,1,0,1.650147736719813
9005,151.88,49,136,240.3,0.02,51,0,0,0,0,0,1,1,0,0,1.772287321046358
9006,151.9,49,135,241.3,0.02,51,0,0,0,0,0,1,0,0,1,1.5528111547493575
9007,151.92,49,139,239.8,0.02,51,0,0,0,0,0,1,1,1,2,1.8851169863649464
9008,151.92,1,9,-3.1,0.02,1,0,0,0,1,1,0,2,1,2,3.900989020354104
9009,151.95,49,146,239.1,0.02,51,0,0,0,0,0,1,1,0,2,1.4729337532062492
9010,151.97,49,127,242.2,0.02,51,0,0,0,0,0,1,0,0,0,1.760097656910137
9011,151.99,49,140,239.8,0.02,51,0,0,0,0,0,1,1,0,1,1.6812468552739994
9012,152.01,49,134,240.2,0.02,51,0,0,0,0,0,1,1,1,3,1.699771235495221
9013,152.04,49,138,239.1,0.02,51,0,0,0,0,0,1,2,0,0,1.5511102111955484
9014,152.06,49,133,241.4,0.02,51,0,0,0,0,0,1,0,0,2,1.8549636101820792
9015,152.08,49,131,239.7,0.02,51,0,0,0,0,0,1,2,1,1,1.6729162672389926
9016,152.1,49,124,242.5,0.02,51,0,0,0,0,0,1,0,1,0,1.6855374882344059
9017,152.11,9,20,37.0,0.02,9,0,0,0,1,1,0,1,1,0,2.102297177167189
9018,152.13,49,145,240.2,0.02,51,0,0,0,0,0,1,0,0,2,1.4646923871928905
9019,152.15,49,148,240.0,0.02,51,0,0,0,0,0,1,0,0,1,1.5635417947463062
9020,152.17,49,122,241.6,0.02,51,0,0,0,0,0,1,1,0,1,1.6845099405761956
9021,152.19,50,126,236.1,0.02,50,0,0,0,0,0,1,1,2,2,1.6362395024555225
9022,152.21,49,115,242.4,0.02,51,0,0,0,0,0,1,1,1,0,1.755201754942186
9023,152.23,49,119,242.9,0.02,51,0,0,0,0,0,1,0,0,1,1.6620031227954448
9024,152.25,49,124,242.4,0.02,51,0,0,0,0,0,1,0,0,1,1.6171569251699374
9025,152.27,49,130,241.9,0.02,51,0,0,0,0,0,1,0,0,0,1.6491683800188621
9026,152.27,3,11,5.9,0.02,3,0,0,0,1,1,0,3,1,0,3.6535850619184034
9027,152.29,49,138,239.1,0.02,51,0,0,0,0,0,1,2,1,0,1.7650512031181138
9028,152.31,49,135,241.2,0.02,51,0,0,0,0,0,1,0,0,2,1.7081237849338746
9029,152.33,49,122,242.6,0.02,51,0,0,0,0,0,1,0,0,1,1.5211356698053373
9030,152.36,49,154,239.3,0.02,51,0,0,0,0,0,1,0,0,2,1.4068362759239446
9031,152.38,45,109,205.9,0.02,45,0,0,0,1,1,0,3,1,2,1.712177981391315
9032,152.4,49,136,239.2,0.02,51,0,0,0,0,0,1,2,0,1,1.5209958988785128
9033,152.42,49,133,240.5,0.02,51,0,0,0,0,0,1,1,0,1,1.5606766884749512
9034,152.44,49,113,242.6,0.02,51,0,0,0,0,0,1,1,0,0,1.4874414011314816
9035,152.46,49,137,240.2,0.02,51,0,0,0,0,0,1,1,0,0,1.7886026871342586
9036,152.49,49,133,241.6,0.02,51,0,0,0,0,0,1,0,0,0,1.5197091990412106
9037,152.51,49,137,240.2,0.02,51,0,0,0,0,0,1,1,0,0,1.5625043674312324
9038,152.52,32,66,145.3,0.02,32,0,0,0,1,1,0,3,1,1,1.6610537783479569
9039,152.54,49,134,240.4,0.02,51,0,0,0,0,0,1,1,0,1,1.8983470915914589
9040,152.56,49,128,241.1,0.02,51,0,0,0,0,0,1,1,0,0,1.5797939093120164
9041,152.58,49,123,242.6,0.02,51,0,0,0,0,0,1,0,1,0,1.5257269049458404
9042,152.6,49,117,241.2,0.02,51,0,0,0,0,0,1,2,0,0,1.985012239167103
9043,152.63,49,150,238.9,0.02,51,0,0,0,0,0,1,1,0,0,1.5762648291621157
9044,152.65,49,130,240.9,0.02,51,0,0,0,0,0,1,1,1,0,1.6774315170437637
9045,152.66,17,39,73.1,0.02,17,0,0,0,1,1,0,3,1,0,1.9784111410228582
9046,152.66,10,24,42.6,0.02,10,0,0,0,1,1,0,0,1,0,1.810958726077229
9047,152.68,49,111,243.7,0.02,51,0,0,0,0,0,1,0,0,1,1.8425322335238872
9048,152.7,49,124,241.4,0.02,51,0,0,0,0,0,1,1,0,1,1.6923810140637612
9049,152.72,49,127,242.1,0.02,51,0,0,0,0,0,1,0,1,1,1.4549390677597456
9050,152.72,9,21,37.9,0.02,9,0,0,0,1,1,0,0,1,0,1.73740509600109
9051,152.75,49,141,240.7,0.02,51,0,0,0,0,0,1,0,1,1,1.6687832906919131
9052,152.77,49,134,239.4,0.02,51,0,0,0,0,0,1,2,0,1,1.7168944182083752
9053,152.79,46,111,213.9,0.02,46,0,0,0,1,1,0,0,1,0,1.6418908031387083
9054,152.81,49,131,241.8,0.02,51,0,0,0,0,0,1,0,0,0,1.674080959928698
9055,152.83,49,118,243.1,0.02,51,0,0,0,0,0,1,0,0,0,1.7423772707908567
9056,152.85,49,126,241.2,0.02,51,0,0,0,0,0,1,1,2,1,1.4157695177625333
9057,152.87,49,132,239.7,0.02,51,0,0,0,0,0,1,2,0,0,1.5809782004093198
9058,152.89,49,142,240.7,0.02,51,0,0,0,0,0,1,0,1,0,1.6681971436349825
9059,152.91,49,144,240.4,0.02,51,0,0,0,0,0,1,0,0,1,1.5383924487732303
9060,152.93,49,133,241.6,0.02,51,0,0,0,0,0,1,0,1,0,1.7601351845763262
9061,152.95,49,126,242.3,0.02,51,0,0,0,0,0,1,0,0,0,1.731392968609929
9062,152.97,49,125,239.4,0.02,51,0,0,0,0,0,1,3,0,0,1.5715976780597514
9063,153.0,49,108,244.1,0.02,51,0,0,0,0,0,1,0,0,0,1.6763139541444358
9064,153.02,49,144,239.3,0.02,51,0,0,0,0,0,1,1,0,2,1.8385461217820547
9065,153.04,49,126,242.1,0.02,51,0,0,0,0,0,1,0,2,2,1.6866784950951499
9066,153.06,49,119,242.0,0.02,51,0,0,0,0,0,1,1,0,0,1.5925269213497897
9067,153.07,19,44,84.5,0.02,19,0,0,0,1,1,0,1,2,1,1.8321827184335562
9068,153.07,3,13,4.3,0.02,3,0,0,0,1,1,0,4,1,4,3.41261378015201
9069,153.07,0,6,-1.6,0.02,1,0,0,0,1,1,0,1,1,0,5.127439001456193
9070,153.08,7,19,25.8,0.02,7,0,0,0,1,1,0,2,1,3,2.4440138908116382
9071,153.1,49,128,241.1,0.02,51,0,0,0,0,0,1,1,1,0,1.7444241166774717
9072,153.12,49,127,242.2,0.02,51,0,0,0,0,0,1,0,0,0,1.7240957490862852
9073,153.14,49,135,241.2,0.02,51,0,0,0,0,0,1,0,0,2,1.6663082238617342
9074,153.16,49,138,239.1,0.02,51,0,0,0,0,0,1,2,0,0,1.7558586031108643
9075,153.18,49,137,241.1,0.02,51,0,0,0,0,0,1,0,0,1,1.4900745754365718
9076,153.2,49,122,241.7,0.02,51,0,0,0,0,0,1,1,0,0,1.4024218018983108
9077,153.22,49,133,241.6,0.02,51,0,0,0,0,0,1,0,0,0,1.651021740536573
9078,153.24,49,162,238.7,0.02,51,0,0,0,0,0,1,0,0,0,1.5367779463143525
9079,153.26,44,111,200.9,0.02,44,0,0,0,1,1,0,3,1,0,1.6436879950836614
9080,153.28,49,134,241.3,0.02,51,0,0,0,0,0,1,0,0,2,1.4150209920603163
9081,153.3,49,128,241.1,0.02,51,0,0,0,0,0,1,1,0,0,1.4991698495273662
9082,153.33,49,136,238.2,0.02,51,0,0,0,0,0,1,3,1,1,1.7557198842530422
9083,153.35,49,140,240.9,0.02,51,0,0,0,0,0,1,0,1,0,1.7185096122769852
9084,153.37,49,137,240.1,0.02,51,0,0,0,0,0,1,1,0,1,1.6640822503442658
9085,153.39,49,146,239.2,0.02,51,0,0,0,0,0,1,1,1,1,1.6410636944182533
9086,153.41,49,135,241.4,0.02,51,0,0,0,0,0,1,0,0,0,1.5032180332105611
9087,153.44,49,139,241.0,0.02,51,0,0,0,0,0,1,0,2,0,1.621998637498952
9088,153.46,29,141,122.8,0.02,29,0,0,0,1,1,0,3,1,1,1.3760684021093568
9089,153.48,49,131,241.7,0.02,51,0,0,0,0,0,1,0,1,1,1.5496839693098
9090,153.5,36,83,166.7,0.02,36,0,0,0,1,1,0,0,1,0,1.4756989140286312
9091,153.52,49,127,241.2,0.02,51,0,0,0,0,0,1,1,0,0,1.678522042646156
9092,153.54,49,141,240.8,0.02,51,0,0,0,0,0,1,0,0,0,1.628345574153015
9093,153.56,42,96,195.3,0.02,42,0,0,0,1,1,0,0,1,1,1.7367471072249892
9094,153.58,49,132,241.6,0.02,51,0,0,0,0,0,1,0,0,1,1.7096654817997734
9095,153.6,49,119,242.0,0.02,51,0,0,0,0,0,1,1,0,0,1.6249986122748519
9096,153.62,49,144,240.5,0.02,51,0,0,0,0,0,1,0,0,0,1.5507241636010576
9097,153.64,49,123,240.6,0.02,51,0,0,0,0,0,1,2,1,0,1.6235985815056015
9098,153.66,49,130,240.9,0.02,51,0,0,0,0,0,1,1,0,0,1.7940904763630527
9099,153.68,49,142,239.5,0.02,51,0,0,0,0,0,1,1,0,2,1.466437305022955
9100,153.7,49,127,242.2,0.02,51,0,0,0,0,0,1,0,0,0,1.6204889533639764
9101,153.7,5,16,17.4,0.02,5,0,0,0,1,1,0,1,2,0,3.403442485303509
9102,153.73,49,130,241.9,0.02,51,0,0,0,0,0,1,0,1,0,1.686777583830827
9103,153.75,49,142,238.7,0.02,51,0,0,0,0,0,1,2,0,0,1.6079631429065528
9104,153.77,49,122,242.7,0.02,51,0,0,0,0,0,1,0,1,0,1.7987202185428612
9105,153.78,34,81,160.9,0.02,35,0,0,0,1,1,0,1,1,0,1.574476519449346
9106,153.8,38,105,169.5,0.02,38,0,0,0,1,1,0,5,1,0,1.8668109557605568
9107,153.82,49,140,240.9,0.02,51,0,0,0,0,0,1,0,0,0,1.6665805667196236
9108,153.84,49,142,240.7,0.02,51,0,0,0,0,0,1,0,0,0,1.8674280596676056
9109,153.85,10,25,39.5,0.02,10,0,0,0,1,1,0,3,1,0,2.344595331645768
9110,153.87,49,126,242.3,0.02,51,0,0,0,0,0,1,0,1,0,1.7006693306760905
9111,153.88,13,40,53.0,0.02,13,0,0,0,1,1,0,3,1,0,1.8389374921305106
9112,153.9,49,136,240.2,0.02,51,0,0,0,0,0,1,1,0,1,1.5052379928987358
9113,153.93,49,141,239.8,0.02,51,0,0,0,0,0,1,1,0,0,1.6560125748063916
9114,153.95,49,132,241.6,0.02,51,0,0,0,0,0,1,0,0,1,1.793925957280952
9115,153.97,49,132,240.7,0.02,51,0,0,0,0,0,1,1,0,0,1.4589251530235847
9116,153.99,49,121,241.7,0.02,51,0,0,0,0,0,1,1,0,1,1.6111435036196613
9117,154.01,49,128,240.9,0.02,51,0,0,0,0,0,1,1,0,2,1.6737149991595677
9118,154.03,49,151,238.8,0.02,51,0,0,0,0,0,1,1,0,0,1.5993123694051719
9119,154.05,49,129,241.0,0.02,51,0,0,0,0,0,1,1,0,0,1.5937400838252536
9120,154.08,49,133,241.3,0.02,51,0,0,0,0,0,1,0,0,3,1.6392149067167767
9121,154.1,49,129,241.0,0.02,51,0,0,0,0,0,1,1,0,0,1.7689963553772112
9122,154.12,49,141,240.8,0.02,51,0,0,0,0,0,1,0,1,0,1.739711399953531
9123,154.14,49,141,239.6,0.02,51,0,0,0,0,0,1,1,0,2,1.6735699330257872
9124,154.17,49,137,241.2,0.02,51,0,0,0,0,0,1,0,1,0,1.5464768654796175
9125,154.19,49,118,243.0,0.02,51,0,0,0,0,0,1,0,0,1,1.6536721503137757
9126,154.21,49,126,242.2,0.02,51,0,0,0,0,0,1,0,0,1,1.508933680090071
9127,154.22,36,75,166.4,0.02,36,0,0,0,1,1,0,1,1,1,1.741949067238132
9128,154.24,49,165,234.4,0.02,51,0,0,0,0,0,1,4,0,0,1.7468426839113729
9129,154.26,49,133,237.6,0.02,51,0,0,0,0,0,1,4,0,0,1.653306309137662
9130,154.29,49,140,240.9,0.02,51,0,0,0,0,0,1,0,1,0,1.6425172950302194
9131,154.31,49,133,241.4,0.02,51,0,0,0,0,0,1,0,1,2,1.6790794210272848
9132,154.31,19,43,82.7,0.02,19,0,0,0,1,1,0,3,1,0,1.8914814522363512
9133,154.33,49,116,242.3,0.02,51,0,0,0,0,0,1,1,0,0,1.8588130091024635
9134,154.35,49,136,240.3,0.02,51,0,0,0,0,0,1,1,0,0,1.6335345786537758
9135,154.37,49,117,243.2,0.02,51,0,0,0,0,0,1,0,0,0,1.5511859298688284
9136,154.4,49,155,239.3,0.02,51,0,0,0,0,0,1,0,0,1,1.5087744115498538
9137,154.42,49,120,241.9,0.02,51,0,0,0,0,0,1,1,0,0,1.8299973369260825
9138,154.44,49,140,239.9,0.02,51,0,0,0,0,0,1,1,0,0,1.6451915482422579
9139,154.45,37,83,171.5,0.02,37,0,0,0,1,1,0,0,1,2,1.5781310102350496
9140,154.47,46,106,213.4,0.02,46,0,0,0,1,1,0,1,1,0,1.6148380263231537
9141,154.49,49,139,241.0,0.02,51,0,0,0,0,0,1,0,0,0,1.6198276248732588
9142,154.51,49,114,241.4,0.02,51,0,0,0,0,0,1,2,0,1,1.9115244037692511
9143,154.54,49,132,240.7,0.02,51,0,0,0,0,0,1,1,0,0,1.7780564208422533
9144,154.56,49,131,240.7,0.02,51,0,0,0,0,0,1,1,2,1,1.8421696200752686
9145,154.58,49,123,242.6,0.02,51,0,0,0,0,0,1,0,0,0,1.513754969181352
9146,154.61,49,159,238.9,0.02,51,0,0,0,0,0,1,0,0,1,1.437911771472352
9147,154.63,49,148,235.9,0.02,51,0,0,0,0,0,1,4,0,2,1.4827400799940946
9148,154.65,49,142,239.5,0.02,51,0,0,0,0,0,1,1,0,2,1.6581279750160691
9149,154.67,49,130,241.8,0.02,51,0,0,0,0,0,1,0,0,1,1.649641588036929
9150,154.68,8,20,31.6,0.02,8,0,0,0,1,1,0,1,1,4,2.3122577264951287
9151,154.68,15,36,62.4,0.02,15,0,0,0,1,1,0,4,1,0,2.426736395716901
9152,154.71,49,140,240.8,0.02,51,0,0,0,0,0,1,0,0,1,1.5995523219144303
9153,154.73,49,138,241.0,0.02,51,0,0,0,0,0,1,0,0,1,1.5885896093727565
9154,154.75,49,131,240.8,0.02,51,0,0,0,0,0,1,1,2,0,1.6307335425982181
9155,154.76,35,75,157.5,0.02,35,0,0,0,1,1,0,5,2,0,1.891809039045918
9156,154.78,49,150,238.8,0.02,51,0,0,0,0,0,1,1,1,1,1.6122375791157157
9157,154.81,49,152,238.7,0.02,51,0,0,0,0,0,1,1,2,0,1.6496539310485683
9158,154.83,49,129,241.0,0.02,51,0,0,0,0,0,1,1,0,0,1.7564040543630524
9159,154.85,49,130,240.8,0.02,51,0,0,0,0,0,1,1,0,1,1.6292324488914072
9160,154.87,49,144,239.5,0.02,51,0,0,0,0,0,1,1,0,0,1.5826090115486051
9161,154.9,49,135,240.4,0.02,51,0,0,0,0,0,1,1,0,0,1.4814107802212841
9162,154.92,49,137,241.2,0.02,51,0,0,0,0,0,1,0,1,0,1.7124363741677062
9163,154.95,49,145,239.3,0.02,51,0,0,0,0,0,1,1,0,1,1.6306258656422408
9164,154.97,49,138,240.0,0.02,51,0,0,0,0,0,1,1,0,1,1.7389647229332235
9165,154.99,49,131,241.8,0.02,51,0,0,0,0,0,1,0,0,0,1.7353347304585394
9166,155.01,49,132,240.7,0.02,51,0,0,0,0,0,1,1,0,0,1.483619182127618
9167,155.03,49,112,241.7,0.02,51,0,0,0,0,0,1,2,0,0,1.8674177591868772
9168,155.04,10,32,38.7,0.02,10,0,0,0,1,1,0,3,1,1,1.94872292709486
9169,155.04,2,6,3.4,0.02,2,0,0,0,1,1,0,1,1,0,4.993721191242524
9170,155.06,49,127,242.0,0.02,51,0,0,0,0,0,1,0,0,2,1.776294452749453
9171,155.08,49,134,240.5,0.02,51,0,0,0,0,0,1,1,0,0,1.7733257506541438
9172,155.1,49,146,240.3,0.02,51,0,0,0,0,0,1,0,0,0,1.4053620263501005
9173,155.11,25,50,110.9,0.02,25,0,0,0,1,1,0,4,1,1,1.970684280110432
9174,155.12,9,27,31.3,0.02,9,0,0,0,1,1,0,6,1,0,2.20631554398605
9175,155.12,2,13,0.7,0.02,2,0,0,0,1,1,0,3,1,0,3.1749223341131976
9176,155.13,25,58,117.1,0.02,26,0,0,0,1,1,0,2,1,1,1.6217744996493602
9177,155.14,12,32,48.8,0.02,12,0,0,0,1,1,0,3,1,0,1.998664897791438
9178,155.14,3,12,5.8,0.02,3,0,0,0,1,1,0,3,1,0,3.244932669534029
9179,155.14,0,7,-10.7,0.02,0,0,0,0,1,1,0,5,1,0,4.852524711716078
9180,155.15,8,22,28.8,0.02,8,0,0,0,1,1,0,4,1,0,2.3349993116241365
9181,155.16,16,34,68.5,0.02,16,0,0,0,1,1,0,3,1,1,2.1231403460456733
9182,155.18,49,138,240.0,0.02,51,0,0,0,0,0,1,1,1,1,1.8760089206048092
9183,155.2,49,124,241.4,0.02,51,0,0,0,0,0,1,1,0,1,1.8245072112553302
9184,155.22,49,127,240.2,0.02,51,0,0,0,0,0,1,2,0,0,1.765929794232688
9185,155.24,49,151,238.8,0.02,51,0,0,0,0,0,1,1,0,0,1.5144778753644328
9186,155.26,49,127,242.1,0.02,51,0,0,0,0,0,1,0,0,1,1.9097905386023166
9187,155.28,49,125,242.3,0.02,51,0,0,0,0,0,1,0,1,1,1.6631413368646684
9188,155.29,17,37,73.1,0.02,17,0,0,0,1,1,0,3,1,2,2.1825136256236273
9189,155.3,21,56,94.3,0.02,21,0,0,0,1,1,0,0,1,1,1.952346546217649
9190,155.3,2,27,-0.7,0.02,2,0,0,0,1,1,0,3,1,0,2.582378324259458
9191,155.33,49,149,239.9,0.02,51,0,0,0,0,0,1,0,0,1,1.76871420387475
9192,155.35,49,127,242.2,0.02,51,0,0,0,0,0,1,0,0,0,1.8805253078882957
9193,155.37,49,144,240.5,0.02,51,0,0,0,0,0,1,0,0,0,1.6888506737834557
9194,155.39,49,129,241.9,0.02,51,0,0,0,0,0,1,0,0,1,1.5665587854961027
9195,155.42,49,158,239.1,0.02,51,0,0,0,0,0,1,0,0,0,1.6273272811994017
9196,155.44,49,123,241.6,0.02,51,0,0,0,0,0,1,1,0,0,1.5740886914374392
9197,155.46,49,140,240.7,0.02,51,0,0,0,0,0,1,0,0,2,1.7630324582441765
9198,155.48,49,116,242.3,0.02,51,0,0,0,0,0,1,1,0,0,1.7715766486819917
9199,155.5,49,115,243.4,0.02,51,0,0,0,0,0,1,0,0,0,1.5147869393352023
9200,155.52,49,122,240.7,0.02,51,0,0,0,0,0,1,2,1,0,1.5108563505401615
9201,155.54,49,135,241.4,0.02,51,0,0,0,0,0,1,0,0,0,1.7863798343161652
9202,155.56,49,137,240.2,0.02,51,0,0,0,0,0,1,1,1,0,1.85461345540149
9203,155.59,49,150,239.9,0.02,51,0,0,0,0,0,1,0,0,0,1.6176582869302212
9204,155.61,49,114,242.5,0.02,51,0,0,0,0,0,1,1,0,0,1.5812269594616046
9205,155.63,49,147,240.2,0.02,51,0,0,0,0,0,1,0,0,0,1.6745050439161773
9206,155.65,49,123,240.5,0.02,51,0,0,0,0,0,1,2,0,1,1.9302085139549068
9207,155.67,49,133,240.6,0.02,51,0,0,0,0,0,1,1,0,0,1.8685986600335283
9208,155.69,49,141,237.8,0.02,51,0,0,0,0,0,1,3,1,0,1.6912958345777511
9209,155.72,49,177,235.2,0.02,51,0,0,0,0,0,1,2,0,0,1.6777088705735057
9210,155.74,43,104,198.6,0.02,43,0,0,0,1,1,0,1,1,0,1.5063853412504515
9211,155.76,49,115,243.4,0.02,51,0,0,0,0,0,1,0,0,0,1.6270231702364262
9212,155.76,3,9,6.1,0.02,3,0,0,0,1,1,0,3,1,0,3.7412145109945
9213,155.78,35,89,161.1,0.02,35,0,0,0,1,1,0,0,1,0,1.7950950426829846
9214,155.79,33,70,157.0,0.02,34,0,0,0,1,1,0,1,2,0,2.0321112303076663
9215,155.81,49,143,240.4,0.02,51,0,0,0,0,0,1,0,0,2,1.5700364929122577
9216,155.84,49,154,237.4,0.02,51,0,0,0,0,0,1,2,0,1,1.7239235884056967
9217,155.86,49,133,240.6,0.02,51,0,0,0,0,0,1,1,0,0,1.5902741766965958
9218,155.88,49,142,238.7,0.02,51,0,0,0,0,0,1,2,1,0,1.6021389265735335
9219,155.9,49,136,239.9,0.02,51,0,0,0,0,0,1,1,0,4,1.6302616571728632
9220,155.92,49,127,241.2,0.02,51,0,0,0,0,0,1,1,0,0,1.5270530154331317
9221,155.94,49,128,241.1,0.02,51,0,0,0,0,0,1,1,0,0,1.595406270981989
9222,155.96,49,133,240.5,0.02,51,0,0,0,0,0,1,1,0,1,1.794496917439715
9223,155.99,49,141,240.8,0.02,51,0,0,0,0,0,1,0,1,0,1.7409742908916148
9224,156.0,26,72,113.8,0.02,26,0,0,0,1,1,0,4,1,0,1.9717470335845515
9225,156.02,49,127,242.0,0.02,51,0,0,0,0,0,1,0,0,2,1.7700971085853587
9226,156.04,49,133,241.5,0.02,51,0,0,0,0,0,1,0,1,1,1.6620540230486274
9227,156.06,49,142,239.4,0.02,51,0,0,0,0,0,1,1,1,3,1.8070016007594525
9228,156.09,49,155,239.4,0.02,51,0,0,0,0,0,1,0,0,0,1.4951155796566875
9229,156.11,49,131,241.8,0.02,51,0,0,0,0,0,1,0,0,0,1.4910904343434972
9230,156.14,49,140,240.8,0.02,51,0,0,0,0,0,1,0,2,1,1.6138698060481538
9231,156.15,49,117,242.2,0.02,51,0,0,0,0,0,1,1,0,0,1.525975408595887
9232,156.18,49,135,241.4,0.02,51,0,0,0,0,0,1,0,0,0,1.5553895955771475
9233,156.2,49,139,237.0,0.02,51,0,0,0,0,0,1,4,0,0,1.5904557758287268
9234,156.2,12,32,48.7,0.02,12,0,0,0,1,1,0,3,1,1,1.9290550027384838
9235,156.21,4,15,10.5,0.02,4,0,0,0,1,1,0,3,1,0,3.9391594944953843
9236,156.23,49,123,242.6,0.02,51,0,0,0,0,0,1,0,0,0,1.8025329373799468
9237,156.23,18,41,77.8,0.02,18,0,0,0,1,1,0,3,2,1,1.7587969872818159
9238,156.24,7,33,23.3,0.02,7,0,0,0,1,1,0,3,2,4,2.269326598511072
9239,156.25,20,54,84.3,0.02,20,0,0,0,1,1,0,5,1,3,2.0633988928738543
9240,156.27,49,128,242.1,0.02,51,0,0,0,0,0,1,0,0,0,1.957085328792132
9241,156.3,49,142,240.7,0.02,51,0,0,0,0,0,1,0,0,0,1.7795801666672002
9242,156.32,49,127,239.1,0.02,51,0,0,0,0,0,1,3,0,1,1.76049789129627
9243,156.34,49,123,231.6,0.02,50,0,0,0,1,1,0,1,1,1,1.8811984797325112
9244,156.36,49,136,239.3,0.02,51,0,0,0,0,0,1,2,0,0,1.5413928827735652
9245,156.38,49,127,241.0,0.02,51,0,0,0,0,0,1,1,0,2,1.8138822729374393
9246,156.4,49,125,242.3,0.02,51,0,0,0,0,0,1,0,1,1,1.7142953263919578
9247,156.42,49,116,243.2,0.02,51,0,0,0,0,0,1,0,0,1,1.6177694008599055
9248,156.44,49,129,241.7,0.02,51,0,0,0,0,0,1,0,1,3,1.5651604443594176
9249,156.46,49,138,240.1,0.02,51,0,0,0,0,0,1,1,0,0,1.6003843758324698
9250,156.49,49,170,237.9,0.02,51,0,0,0,0,0,1,0,0,0,1.4785630919470873
9251,156.49,1,9,1.1,0.02,2,0,0,0,1,1,0,3,1,0,3.0807078973223923
9252,156.5,18,52,76.5,0.02,18,0,0,0,1,1,0,3,1,3,1.6368053874955706
9253,156.52,45,125,204.2,0.02,45,0,0,0,1,1,0,3,2,3,1.7033994978739029
9254,156.53,21,57,90.8,0.02,21,0,0,0,1,1,0,3,1,5,1.7864830937496359
9255,156.53,8,22,28.7,0.02,8,0,0,0,1,1,0,4,1,1,2.6654619378141855
9256,156.54,11,31,44.7,0.02,11,0,0,0,1,1,0,2,1,2,1.901380185402255
9257,156.55,24,55,106.3,0.02,24,0,0,0,1,1,0,3,2,2,1.8291423357253418
9258,156.57,42,124,186.4,0.02,42,0,0,0,1,1,0,6,1,2,1.6641410044915586
9259,156.58,20,58,87.0,0.02,20,0,0,0,1,1,0,2,1,2,1.7872356935022111
9260,156.59,16,53,65.7,0.02,16,0,0,0,1,1,0,4,1,0,1.9131246104962918
9261,156.6,26,52,118.8,0.02,26,0,0,0,1,1,0,1,1,0,1.8641786468888575
9262,156.6,1,13,-3.5,0.02,1,0,0,0,1,1,0,2,1,2,2.9674979547633242
9263,156.6,7,21,24.9,0.02,7,0,0,0,1,1,0,3,1,0,2.209157592314836
9264,156.61,20,49,87.0,0.02,20,0,0,0,1,1,0,3,1,1,1.8198446891564977
9265,156.62,18,50,77.0,0.02,18,0,0,0,1,1,0,3,1,0,1.7462022417654481
9266,156.64,28,74,121.6,0.02,28,0,0,0,1,1,0,6,2,0,1.9945342763987826
9267,156.66,49,142,239.6,0.02,51,0,0,0,0,0,1,1,2,1,1.8621589054037055
9268,156.68,49,132,241.6,0.02,51,0,0,0,0,0,1,0,0,1,1.9321054205656418
9269,156.69,18,41,76.9,0.02,18,0,0,0,1,1,0,4,1,0,2.4326135457114058
9270,156.7,24,64,103.5,0.02,24,0,0,0,1,1,0,5,1,1,2.024683919995885
9271,156.72,49,114,243.4,0.02,51,0,0,0,0,0,1,0,0,1,1.8720253218867102
9272,156.74,49,131,241.7,0.02,51,0,0,0,0,0,1,0,0,1,1.724638861024208
9273,156.77,49,176,237.3,0.02,51,0,0,0,0,0,1,0,1,0,1.8239744921925505
9274,156.79,49,122,240.7,0.02,51,0,0,0,0,0,1,2,0,0,1.8002995153312331
9275,156.81,49,131,241.7,0.02,51,0,0,0,0,0,1,0,0,1,1.6307143949966634
9276,156.83,49,144,240.4,0.02,51,0,0,0,0,0,1,0,0,1,1.6921614085186558
9277,156.86,49,139,239.7,0.02,51,0,0,0,0,0,1,1,0,3,1.6360687569487948
9278,156.88,49,128,241.1,0.02,51,0,0,0,0,0,1,1,2,0,1.705804950259405
9279,156.9,49,127,242.2,0.02,51,0,0,0,0,0,1,0,0,0,1.8169890352631444
9280,156.9,6,15,20.5,0.02,6,0,0,0,1,1,0,3,1,0,3.0015379052292377
9281,156.92,49,135,241.4,0.02,51,0,0,0,0,0,1,0,0,0,1.4991505021162215
9282,156.94,49,124,242.4,0.02,51,0,0,0,0,0,1,0,0,1,1.7407573026034544
9283,156.96,49,122,241.7,0.02,51,0,0,0,0,0,1,1,0,0,1.7045265868740396
9284,156.98,49,126,241.3,0.02,51,0,0,0,0,0,1,1,1,0,1.646509531386067
9285,157.0,49,136,240.3,0.02,51,0,0,0,0,0,1,1,0,0,1.6739031294113143
9286,157.03,49,158,239.0,0.02,51,0,0,0,0,0,1,0,0,1,1.5860836712884225
9287,157.06,49,134,240.5,0.02,51,0,0,0,0,0,1,1,0,0,1.5454510914477653
9288,157.08,49,144,240.5,0.02,51,0,0,0,0,0,1,0,1,0,1.5175535929972814
9289,157.11,50,188,230.8,0.02,50,0,0,0,0,0,1,0,1,3,1.6503260271760505
9290,157.13,49,134,240.5,0.02,51,0,0,0,0,0,1,1,0,0,1.7372966805890881
9291,157.15,49,136,240.3,0.02,51,0,0,0,0,0,1,1,0,0,1.7712525852112062
9292,157.17,49,132,240.5,0.02,51,0,0,0,0,0,1,1,1,2,1.5872079845522908
9293,157.19,49,129,240.0,0.02,51,0,0,0,0,0,1,2,0,0,1.5530902758486451
9294,157.21,49,129,240.0,0.02,51,0,0,0,0,0,1,2,0,0,1.47184000057724
9295,157.23,49,136,241.3,0.02,51,0,0,0,0,0,1,0,0,0,1.5360154763089442
9296,157.26,49,136,240.3,0.02,51,0,0,0,0,0,1,1,0,0,1.7769382551315578
9297,157.28,49,121,242.7,0.02,51,0,0,0,0,0,1,0,0,1,1.6869285130022116
9298,157.3,49,130,241.8,0.02,51,0,0,0,0,0,1,0,1,1,1.6876950967036368
9299,157.32,37,78,169.2,0.02,37,0,0,0,1,1,0,3,1,0,1.8740918394612596
9300,157.34,49,149,238.0,0.02,51,0,0,0,0,0,1,2,0,0,1.679486384850273
9301,157.36,49,149,238.0,0.02,51,0,0,0,0,0,1,2,0,0,1.4675026262835984
9302,157.38,49,125,242.4,0.02,51,0,0,0,0,0,1,0,0,0,1.6539981139859006
9303,157.4,49,125,241.3,0.02,51,0,0,0,0,0,1,1,0,1,1.9229044465522618
9304,157.43,49,147,239.0,0.02,51,0,0,0,0,0,1,1,1,2,1.896772896061711
9305,157.44,49,120,241.9,0.02,51,0,0,0,0,0,1,1,0,0,1.9276317198552841
9306,157.46,49,119,240.9,0.02,51,0,0,0,0,0,1,2,0,1,1.6924643973722586
9307,157.48,49,140,239.9,0.02,51,0,0,0,0,0,1,1,0,0,1.5946411866899253
9308,157.51,49,150,239.9,0.02,51,0,0,0,0,0,1,0,1,0,1.476243528203466
9309,157.51,5,15,18.5,0.02,5,0,0,0,1,1,0,0,1,0,2.579748357474046
9310,157.53,49,143,240.6,0.02,51,0,0,0,0,0,1,0,0,0,1.4373740386862055
9311,157.55,49,123,242.6,0.02,51,0,0,0,0,0,1,0,0,0,1.5950586745931348
9312,157.57,49,128,240.1,0.02,51,0,0,0,0,0,1,2,0,0,1.557454861759276
9313,157.59,49,129,242.0,0.02,51,0,0,0,0,0,1,0,0,0,1.488861381465433
9314,157.62,49,140,240.9,0.02,51,0,0,0,0,0,1,0,1,0,1.5419363762300196
9315,157.64,45,107,208.3,0.02,45,0,0,0,1,1,0,1,1,0,1.7178617170737163
9316,157.66,50,140,229.0,0.02,50,0,0,0,1,1,0,2,2,0,1.6573285700777103
9317,157.68,49,139,240.0,0.02,51,0,0,0,0,0,1,1,0,0,1.5848751402863899
9318,157.7,49,133,241.6,0.02,51,0,0,0,0,0,1,0,0,0,1.757150578070173
9319,157.72,49,124,241.5,0.02,51,0,0,0,0,0,1,1,0,0,1.6587948110356108
9320,157.74,49,141,237.8,0.02,51,0,0,0,0,0,1,3,0,0,1.5103899041127722
9321,157.76,39,83,180.7,0.02,39,0,0,0,1,1,0,1,1,0,1.6860443929154914
9322,157.78,49,146,239.9,0.02,51,0,0,0,0,0,1,0,1,4,1.5682279828060186
9323,157.8,49,153,237.4,0.02,51,0,0,0,0,0,1,2,0,2,1.684511674988409
9324,157.83,49,150,239.9,0.02,51,0,0,0,0,0,1,0,2,0,1.659869163798185
9325,157.85,49,146,240.2,0.02,51,0,0,0,0,0,1,0,0,1,1.633466885095072
9326,157.88,49,157,237.1,0.02,51,0,0,0,0,0,1,2,0,1,1.4407449129261902
9327,157.9,49,144,240.5,0.02,51,0,0,0,0,0,1,0,1,0,1.5600205631678392
9328,157.92,50,156,231.3,0.02,50,0,0,0,0,0,1,3,2,0,1.6428504387891467
9329,157.94,49,142,240.7,0.02,51,0,0,0,0,0,1,0,1,0,1.589761018859986
9330,157.97,49,136,240.0,0.02,51,0,0,0,0,0,1,1,1,3,1.7386479777519837
9331,157.98,49,130,241.9,0.02,51,0,0,0,0,0,1,0,1,0,1.5211555942083799
9332,158.0,49,128,242.0,0.02,51,0,0,0,0,0,1,0,1,1,1.8208649105164698
9333,158.03,49,136,240.1,0.02,51,0,0,0,0,0,1,1,1,2,1.4931786345147107
9334,158.03,14,32,60.8,0.02,14,0,0,0,1,1,0,1,1,0,2.235631438318342
9335,158.05,49,152,238.7,0.02,51,0,0,0,0,0,1,1,0,0,1.64360109212496
9336,158.07,49,115,243.4,0.02,51,0,0,0,0,0,1,0,0,0,1.7575563145700472
9337,158.08,10,17,41.3,0.02,10,0,0,0,1,1,0,2,1,0,2.68385673524465
9338,158.1,49,145,240.4,0.02,51,0,0,0,0,0,1,0,1,0,1.707331923370544
9339,158.11,49,115,242.4,0.02,51,0,0,0,0,0,1,1,0,0,1.69323451722965
9340,158.14,49,139,240.0,0.02,51,0,0,0,0,0,1,1,0,0,1.755830259791179
9341,158.16,49,128,241.9,0.02,51,0,0,0,0,0,1,0,0,2,1.6708874404790253
9342,158.17,28,64,121.6,0.02,28,0,0,0,1,1,0,7,1,0,1.7281229833171041
9343,158.18,23,59,98.0,0.02,23,0,0,0,1,1,0,6,1,1,1.8026973528040762
9344,158.19,24,58,106.9,0.02,24,0,0,0,1,1,0,2,1,3,1.6650765839552575
9345,158.2,49,118,243.1,0.02,51,0,0,0,0,0,1,0,0,0,1.897474358637229
9346,158.22,49,131,241.8,0.02,51,0,0,0,0,0,1,0,1,0,1.8282144339195596
9347,158.25,49,144,239.4,0.02,51,0,0,0,0,0,1,1,0,1,1.8599145394935304
9348,158.26,49,125,242.3,0.02,51,0,0,0,0,0,1,0,1,1,1.7590554889792123
9349,158.28,49,131,241.5,0.02,51,0,0,0,0,0,1,0,0,3,1.5669261294275667
9350,158.31,49,133,241.5,0.02,51,0,0,0,0,0,1,0,0,1,1.6432574220981562
9351,158.33,49,142,240.6,0.02,51,0,0,0,0,0,1,0,0,1,1.758157182854917
9352,158.35,49,132,237.7,0.02,51,0,0,0,0,0,1,4,1,0,1.7975215439401628
9353,158.37,49,156,239.2,0.02,51,0,0,0,0,0,1,0,1,1,1.6256052808553647
9354,158.39,49,123,242.6,0.02,51,0,0,0,0,0,1,0,0,0,1.3202635528728281
9355,158.41,49,148,240.0,0.02,51,0,0,0,0,0,1,0,1,1,1.5162385491267898
9356,158.43,49,159,237.9,0.02,51,0,0,0,0,0,1,1,0,1,1.7013361586135853
9357,158.46,49,150,239.8,0.02,51,0,0,0,0,0,1,0,0,1,1.7024910043273247
9358,158.48,49,144,239.5,0.02,51,0,0,0,0,0,1,1,0,0,1.681940416311038
9359,158.5,49,140,240.8,0.02,51,0,0,0,0,0,1,0,0,1,1.5372433507755872
9360,158.52,49,128,242.0,0.02,51,0,0,0,0,0,1,0,0,1,1.6324899604222356
9361,158.54,49,133,241.4,0.02,51,0,0,0,0,0,1,0,0,2,1.5955376216049013
9362,158.56,49,141,240.7,0.02,51,0,0,0,0,0,1,0,0,1,1.6265563915786792
9363,158.57,22,51,96.9,0.02,22,0,0,0,1,1,0,3,1,0,1.9387148127183822
9364,158.59,49,146,239.3,0.02,51,0,0,0,0,0,1,1,0,0,1.553377779769625
9365,158.61,50,138,235.1,0.02,50,0,0,0,0,0,1,1,1,0,1.5792406982501914
9366,158.63,49,129,240.7,0.02,51,0,0,0,0,0,1,1,0,3,1.7977428240199615
9367,158.65,49,131,240.8,0.02,51,0,0,0,0,0,1,1,0,0,1.8078726921421897
9368,158.67,49,130,240.9,0.02,51,0,0,0,0,0,1,1,0,0,1.640898965932608
9369,158.69,49,135,241.3,0.02,51,0,0,0,0,0,1,0,0,1,1.6103728878870602
9370,158.71,49,115,243.4,0.02,51,0,0,0,0,0,1,0,0,0,1.8145989325942302
9371,158.74,49,158,239.0,0.02,51,0,0,0,0,0,1,0,0,1,1.4862170524318568
9372,158.76,49,130,240.9,0.02,51,0,0,0,0,0,1,1,1,0,1.3745823534574166
9373,158.78,49,117,243.0,0.02,51,0,0,0,0,0,1,0,0,2,1.8640315261774896
9374,158.8,49,138,241.1,0.02,51,0,0,0,0,0,1,0,1,0,1.5499247931536877
9375,158.82,49,125,240.4,0.02,51,0,0,0,0,0,1,2,0,0,1.7825652079891499
9376,158.84,49,146,240.3,0.02,51,0,0,0,0,0,1,0,0,0,1.5051164794991494
9377,158.86,49,122,242.6,0.02,51,0,0,0,0,0,1,0,1,1,1.7112857596346822
9378,158.88,49,129,240.9,0.02,51,0,0,0,0,0,1,1,0,1,1.6140571360502827
9379,158.9,49,110,243.8,0.02,51,0,0,0,0,0,1,0,0,1,1.857066033669366
9380,158.92,49,126,241.0,0.02,51,0,0,0,0,0,1,1,0,3,1.8505629794860374
9381,158.94,49,124,242.5,0.02,51,0,0,0,0,0,1,0,0,0,1.574358907689882
9382,158.96,49,124,241.5,0.02,51,0,0,0,0,0,1,1,0,0,1.7640932005979955
9383,158.98,49,134,241.5,0.02,51,0,0,0,0,0,1,0,1,0,1.6529586214541403
9384,159.0,49,131,241.6,0.02,51,0,0,0,0,0,1,0,1,2,1.6422299524534631
9385,159.03,49,130,240.9,0.02,51,0,0,0,0,0,1,1,0,0,1.6536782691350917
9386,159.05,49,135,241.4,0.02,51,0,0,0,0,0,1,0,2,0,1.6291692772746407
9387,159.07,49,144,240.5,0.02,51,0,0,0,0,0,1,0,0,0,1.5404982251806458
9388,159.09,41,94,189.6,0.02,41,0,0,0,1,1,0,1,1,0,1.5377626827624196
9389,159.11,49,142,236.7,0.02,51,0,0,0,0,0,1,4,1,0,1.65346180580713
9390,159.13,49,129,242.0,0.02,51,0,0,0,0,0,1,0,0,0,1.594830847298801
9391,159.15,49,114,243.4,0.02,51,0,0,0,0,0,1,0,0,1,1.8687797549459815
9392,159.17,49,132,240.7,0.02,51,0,0,0,0,0,1,1,0,0,1.6591168794636983
9393,159.19,49,132,240.7,0.02,51,0,0,0,0,0,1,1,1,0,1.6194944083214948
9394,159.21,49,131,240.7,0.02,51,0,0,0,0,0,1,1,0,1,1.771130538416829
9395,159.23,49,128,241.0,0.02,51,0,0,0,0,0,1,1,0,1,1.4566552394596086
9396,159.24,28,59,126.1,0.02,28,0,0,0,1,1,0,3,1,0,2.2925904465446867
9397,159.26,49,116,242.3,0.02,51,0,0,0,0,0,1,1,0,0,1.839196493521953
9398,159.28,49,111,241.8,0.02,51,0,0,0,0,0,1,2,0,0,1.6987344663413997
9399,159.3,49,141,240.7,0.02,51,0,0,0,0,0,1,0,1,1,1.6457018861212138
9400,159.31,8,21,30.7,0.02,8,0,0,0,1,1,0,2,1,2,3.115845416822753
9401,159.33,49,137,240.2,0.02,51,0,0,0,0,0,1,1,0,0,1.7094510108401986
9402,159.35,49,125,241.3,0.02,51,0,0,0,0,0,1,1,0,1,1.5112222830275208
9403,159.37,49,112,242.7,0.02,51,0,0,0,0,0,1,1,0,0,1.6276191857179032
9404,159.39,49,135,241.4,0.02,51,0,0,0,0,0,1,0,0,0,1.488625668392083
9405,159.41,49,115,243.4,0.02,51,0,0,0,0,0,1,0,0,0,1.4697461211782683
9406,159.43,49,145,240.4,0.02,51,0,0,0,0,0,1,0,0,0,1.7062474366022282
9407,159.45,49,125,241.3,0.02,51,0,0,0,0,0,1,1,0,1,1.6883810048992303
9408,159.47,49,129,241.0,0.02,51,0,0,0,0,0,1,1,1,0,1.5430775073954963
9409,159.48,30,70,133.0,0.02,30,0,0,0,1,1,0,5,1,0,1.736535921094162
9410,159.5,49,116,243.2,0.02,51,0,0,0,0,0,1,0,0,1,1.7180835655008067
9411,159.52,49,137,240.1,0.02,51,0,0,0,0,0,1,1,0,1,1.7323348846079285
9412,159.54,49,142,240.5,0.02,51,0,0,0,0,0,1,0,0,2,1.667180621871371
9413,159.57,49,145,240.4,0.02,51,0,0,0,0,0,1,0,0,0,1.5971972174963451
9414,159.59,49,127,242.2,0.02,51,0,0,0,0,0,1,0,0,0,1.7244862572766542
9415,159.6,49,118,241.0,0.02,51,0,0,0,0,0,1,2,2,1,1.670941498000127
9416,159.62,49,131,239.6,0.02,51,0,0,0,0,0,1,2,0,2,1.5402542784663271
9417,159.65,49,166,237.3,0.02,51,0,0,0,0,0,1,1,0,0,1.469975050858478
9418,159.67,49,138,241.1,0.02,51,0,0,0,0,0,1,0,0,0,1.3154881786382553
9419,159.69,49,126,241.1,0.02,51,0,0,0,0,0,1,1,0,2,1.6656647051598414
9420,159.71,49,147,238.2,0.02,51,0,0,0,0,0,1,2,0,0,1.53336881789494
9421,159.74,49,137,241.2,0.02,51,0,0,0,0,0,1,0,0,0,1.5137433768216382
9422,159.76,49,135,241.4,0.02,51,0,0,0,0,0,1,0,0,0,1.6326224503890245
9423,159.78,49,130,241.9,0.02,51,0,0,0,0,0,1,0,1,0,1.385969262312969
9424,159.8,49,125,240.4,0.02,51,0,0,0,0,0,1,2,0,0,1.6383155347033274
9425,159.8,9,19,36.1,0.02,9,0,0,0,1,1,0,2,1,0,2.9486635885291257
9426,159.82,49,128,241.1,0.02,51,0,0,0,0,0,1,1,0,0,1.6716410047901198
9427,159.84,49,137,222.3,0.02,49,0,0,0,1,1,0,4,2,0,1.7630009595695415
9428,159.86,49,122,241.7,0.02,51,0,0,0,0,0,1,1,0,0,1.6864408972031923
9429,159.88,49,131,241.8,0.02,51,0,0,0,0,0,1,0,1,0,1.7705959148574426
9430,159.91,49,130,241.9,0.02,51,0,0,0,0,0,1,0,0,0,1.6978629120337476
9431,159.91,7,14,28.5,0.02,7,0,0,0,1,1,0,0,1,1,3.6645683049874487
9432,159.93,49,134,240.5,0.02,51,0,0,0,0,0,1,1,0,0,1.6924472151167238
9433,159.95,49,134,239.4,0.02,51,0,0,0,0,0,1,2,0,1,1.722101377501271
9434,159.97,49,134,240.5,0.02,51,0,0,0,0,0,1,1,0,0,1.581806284344706
9435,159.99,49,123,221.7,0.02,49,0,0,0,1,1,0,6,1,0,1.620466651845816
9436,160.01,49,135,240.3,0.02,51,0,0,0,0,0,1,1,0,1,1.696260307047706
9437,160.03,49,122,242.7,0.02,51,0,0,0,0,0,1,0,0,0,1.73766211257479
9438,160.04,27,54,121.5,0.02,27,0,0,0,1,1,0,3,1,1,1.7390066940665325
9439,160.05,18,64,75.5,0.02,18,0,0,0,1,1,0,3,1,1,1.930723063752285
9440,160.07,49,133,240.6,0.02,51,0,0,0,0,0,1,1,0,0,1.7171436780384894
9441,160.1,49,141,240.6,0.02,51,0,0,0,0,0,1,0,0,2,1.795021858495819
9442,160.12,49,178,233.8,0.02,51,0,0,0,0,0,1,3,1,3,1.6784150492428203
9443,160.15,49,140,240.6,0.02,51,0,0,0,0,0,1,0,0,3,1.7997824024015854
9444,160.17,49,126,241.1,0.02,51,0,0,0,0,0,1,1,2,2,1.8153592967590089
9445,160.19,49,128,240.0,0.02,51,0,0,0,0,0,1,2,2,1,1.7090181869808747
9446,160.19,5,15,16.3,0.02,5,0,0,0,1,1,0,2,1,2,2.7455346400657494
9447,160.21,49,121,242.8,0.02,51,0,0,0,0,0,1,0,2,0,1.8474221684011876
9448,160.23,49,133,240.5,0.02,51,0,0,0,0,0,1,1,0,1,1.8807684066282109
9449,160.25,49,134,240.5,0.02,51,0,0,0,0,0,1,1,2,0,1.7545110663231303
9450,160.27,49,113,241.6,0.02,51,0,0,0,0,0,1,2,0,0,1.7181193370292376
9451,160.29,49,119,241.0,0.02,51,0,0,0,0,0,1,2,0,0,1.7133615056468083
9452,160.31,49,116,243.3,0.02,51,0,0,0,0,0,1,0,0,0,1.6402758848889227
9453,160.34,49,181,234.6,0.02,51,0,0,0,0,0,1,2,0,2,1.5506011344268087
9454,160.36,49,149,237.6,0.02,51,0,0,0,0,0,1,2,0,4,1.9329342484866099
9455,160.38,49,118,243.0,0.02,51,0,0,0,0,0,1,0,0,1,1.7048896152302488
9456,160.4,49,144,239.5,0.02,51,0,0,0,0,0,1,1,0,0,1.6268179195974093
9457,160.4,6,24,25.2,0.02,7,0,0,0,1,1,0,2,1,4,2.6290217619993146
9458,160.41,10,27,41.0,0.02,10,0,0,0,1,1,0,1,1,3,1.8557604127269318
9459,160.42,19,50,81.0,0.02,19,0,0,0,1,1,0,4,1,0,2.3449760608429266
9460,160.43,20,44,93.6,0.02,21,0,0,0,1,1,0,2,1,0,2.013056012627637
9461,160.44,25,109,102.6,0.02,25,0,0,0,1,1,0,6,1,5,1.8202227409915046
9462,160.45,6,21,18.8,0.02,6,0,0,0,1,1,0,4,1,1,2.7518397306629523
9463,160.46,19,42,82.7,0.02,19,0,0,0,1,1,0,3,1,1,2.146018320222378
9464,160.47,19,65,80.5,0.02,19,0,0,0,1,1,0,3,1,0,1.936537604315184
9465,160.47,2,10,-2.0,0.02,2,0,0,0,1,1,0,6,1,0,3.6345519932343158
9466,160.48,12,31,48.9,0.02,12,0,0,0,1,1,0,3,1,0,2.862250735300923
9467,160.49,15,55,60.5,0.02,15,0,0,0,1,1,0,4,1,0,2.0538844298337176
9468,160.49,5,15,15.5,0.02,5,0,0,0,1,1,0,3,1,0,2.6461432906961453
9469,160.5,3,43,-2.3,0.02,3,0,0,0,1,1,0,8,1,0,1.9976547043511466
9470,160.5,10,27,39.2,0.02,10,0,0,0,1,1,0,3,1,1,2.4004461649173012
9471,160.51,1,7,-3.8,0.02,1,0,0,0,1,1,0,3,1,1,4.908339712282517
9472,160.51,3,13,6.2,0.02,3,0,0,0,1,1,0,2,1,5,2.4985530951821855
9473,160.53,15,104,55.1,0.02,15,0,0,0,1,1,0,4,1,5,1.7186390084166314
9474,160.53,7,15,28.5,0.02,7,0,0,0,1,1,0,0,1,0,3.66591896422218
9475,160.53,1,24,-4.7,0.02,1,0,0,0,1,1,0,2,1,3,2.664525265375369
9476,160.54,11,31,45.8,0.02,11,0,0,0,1,1,0,1,2,1,2.5174509257419033
9477,160.56,39,115,175.3,0.02,39,0,0,0,1,1,0,3,1,2,1.6106859031426508
9478,160.58,49,115,243.4,0.02,51,0,0,0,0,0,1,0,0,0,1.8324222063259
9479,160.6,36,103,167.6,0.02,37,0,0,0,1,1,0,2,3,1,1.8078839356444396
9480,160.61,27,70,120.0,0.02,27,0,0,0,1,1,0,3,2,0,2.0824848253329384
9481,160.65,49,208,228.9,0.02,51,0,0,0,0,0,1,4,0,12,1.6828609969220183
9482,160.67,49,172,236.5,0.02,51,0,0,0,0,0,1,1,2,2,1.8691308960340896
9483,160.69,49,130,240.7,0.02,51,0,0,0,0,0,1,1,0,2,2.1173862916272945
9484,160.72,49,154,239.5,0.02,51,0,0,0,0,0,1,0,2,0,1.7112659973022668
9485,160.74,49,116,242.2,0.02,51,0,0,0,0,0,1,1,0,1,1.8254134737378753
9486,160.74,2,9,0.9,0.02,2,0,0,0,1,1,0,3,1,2,4.065867320026991
9487,160.77,49,148,238.9,0.02,51,0,0,0,0,0,1,1,1,2,1.8899625798136555
9488,160.77,4,15,10.3,0.02,4,0,0,0,1,1,0,3,1,2,2.978661330043553
9489,160.78,35,81,160.5,0.02,35,0,0,0,1,1,0,1,1,4,1.853947135393101
9490,160.81,49,137,239.1,0.02,51,0,0,0,0,0,1,2,1,1,1.7707900116455044
9491,160.83,49,148,240.1,0.02,51,0,0,0,0,0,1,0,1,0,1.6072590057355305
9492,160.85,49,137,241.2,0.02,51,0,0,0,0,0,1,0,0,0,1.8306210400521012
9493,160.87,49,112,243.6,0.02,51,0,0,0,0,0,1,0,0,1,1.8777771240544696
9494,160.89,49,141,239.7,0.02,51,0,0,0,0,0,1,1,0,1,1.5335887969123083
9495,160.91,44,115,200.3,0.02,44,0,0,0,1,1,0,3,1,2,1.5269289287972676
9496,160.94,49,139,241.0,0.02,51,0,0,0,0,0,1,0,0,0,1.6747629593783975
9497,160.96,49,126,241.3,0.02,51,0,0,0,0,0,1,1,0,0,1.6077901108509547
9498,160.98,49,129,240.8,0.02,51,0,0,0,0,0,1,1,0,2,1.699204437601667
9499,160.98,5,13,18.7,0.02,5,0,0,0,1,1,0,0,1,0,2.3267247852139046
9500,161.0,49,140,237.9,0.02,51,0,0,0,0,0,1,3,0,0,1.4989912526767335
9501,161.03,49,142,240.6,0.02,51,0,0,0,0,0,1,0,1,1,1.688280381031185
9502,161.05,49,130,241.9,0.02,51,0,0,0,0,0,1,0,1,0,1.650456608319865
9503,161.07,49,112,242.7,0.02,51,0,0,0,0,0,1,1,0,0,1.5719401715069512
9504,161.09,49,136,240.3,0.02,51,0,0,0,0,0,1,1,0,0,1.660108373591923
9505,161.11,49,139,240.9,0.02,51,0,0,0,0,0,1,0,1,1,1.5089561742540216
9506,161.14,49,141,240.7,0.02,51,0,0,0,0,0,1,0,0,1,1.5806584847078866
9507,161.16,49,136,241.2,0.02,51,0,0,0,0,0,1,0,0,1,1.544787608776954
9508,161.18,49,127,242.2,0.02,51,0,0,0,0,0,1,0,1,0,1.651090286466276
9509,161.2,49,120,241.8,0.02,51,0,0,0,0,0,1,1,0,1,1.5633200880640625
9510,161.22,49,144,237.5,0.02,51,0,0,0,0,0,1,3,0,0,1.5932689779359097
9511,161.25,49,145,239.4,0.02,51,0,0,0,0,0,1,1,0,0,1.3685815351783028
9512,161.27,49,131,238.8,0.02,51,0,0,0,0,0,1,3,0,0,1.761831711826981
9513,161.29,49,140,240.7,0.02,51,0,0,0,0,0,1,0,1,2,1.8527003308065104
9514,161.31,49,134,240.5,0.02,51,0,0,0,0,0,1,1,0,0,1.6511701168358202
9515,161.33,49,127,242.2,0.02,51,0,0,0,0,0,1,0,0,0,1.651459020614829
9516,161.35,49,132,240.6,0.02,51,0,0,0,0,0,1,1,1,1,1.6665876685079912
9517,161.37,49,126,242.2,0.02,51,0,0,0,0,0,1,0,0,1,1.8687553008761735
9518,161.39,49,144,240.2,0.02,51,0,0,0,0,0,1,0,0,3,1.5259887270784878
9519,161.41,49,128,241.1,0.02,51,0,0,0,0,0,1,1,0,0,1.8117838370111383
9520,161.43,49,136,241.3,0.02,51,0,0,0,0,0,1,0,1,0,1.764562457623014
9521,161.46,49,141,239.8,0.02,51,0,0,0,0,0,1,1,1,0,1.4795145007724595
9522,161.48,49,122,242.6,0.02,51,0,0,0,0,0,1,0,0,1,1.7638418180447204
9523,161.5,49,131,241.8,0.02,51,0,0,0,0,0,1,0,0,0,1.5188535653168413
9524,161.52,49,129,241.0,0.02,51,0,0,0,0,0,1,1,0,0,1.7450809113731678
9525,161.54,49,153,236.5,0.02,51,0,0,0,0,0,1,3,0,1,1.6974479987513085
9526,161.56,49,126,241.3,0.02,51,0,0,0,0,0,1,1,0,0,1.8241240150375917
9527,161.58,49,130,240.8,0.02,51,0,0,0,0,0,1,1,0,1,1.4916697535633385
9528,161.61,49,151,237.7,0.02,51,0,0,0,0,0,1,2,1,1,1.4966841169148104
9529,161.63,49,124,241.5,0.02,51,0,0,0,0,0,1,1,0,0,1.6719485310961153
9530,161.65,49,133,240.5,0.02,51,0,0,0,0,0,1,1,0,1,1.5596590661334198
9531,161.67,49,131,238.8,0.02,51,0,0,0,0,0,1,3,0,0,1.6223061272596115
9532,161.69,49,139,240.0,0.02,51,0,0,0,0,0,1,1,0,0,1.4919188225914581
9533,161.71,49,132,240.7,0.02,51,0,0,0,0,0,1,1,0,0,1.4761090519562414
9534,161.73,49,140,239.8,0.02,51,0,0,0,0,0,1,1,1,1,1.85248967239872
9535,161.75,49,151,239.5,0.02,51,0,0,0,0,0,1,0,1,3,1.5914569218656258
9536,161.77,49,129,241.0,0.02,51,0,0,0,0,0,1,1,1,0,1.677857394930368
9537,161.8,49,141,240.8,0.02,51,0,0,0,0,0,1,0,0,0,1.59613787104069
9538,161.82,49,140,239.7,0.02,51,0,0,0,0,0,1,1,0,2,1.7049971445546075
9539,161.84,49,115,243.3,0.02,51,0,0,0,0,0,1,0,1,1,1.6411938616679254
9540,161.86,49,134,240.5,0.02,51,0,0,0,0,0,1,1,0,0,1.6059955924472795
9541,161.88,49,120,241.8,0.02,51,0,0,0,0,0,1,1,1,1,1.441351900519405
9542,161.9,49,138,241.1,0.02,51,0,0,0,0,0,1,0,0,0,1.4950042871469322
9543,161.92,49,118,241.0,0.02,51,0,0,0,0,0,1,2,1,1,1.674162383968526
9544,161.94,49,126,242.3,0.02,51,0,0,0,0,0,1,0,2,0,1.660555236546728
9545,161.96,49,133,240.3,0.02,51,0,0,0,0,0,1,1,0,3,1.7302433033911824
9546,161.99,49,143,239.5,0.02,51,0,0,0,0,0,1,1,1,1,1.5263671957419866
9547,162.01,49,128,238.1,0.02,51,0,0,0,0,0,1,4,1,0,1.5808517267303237
9548,162.03,49,123,239.4,0.02,51,0,0,0,0,0,1,3,0,2,1.747867941678367
9549,162.05,49,160,235.8,0.02,51,0,0,0,0,0,1,3,0,1,1.5803926099843737
9550,162.07,49,132,241.6,0.02,51,0,0,0,0,0,1,0,0,1,1.6759596508810126
9551,162.09,40,81,184.9,0.02,40,0,0,0,1,1,0,2,1,0,1.566192315594804
9552,162.11,49,133,241.2,0.02,51,0,0,0,0,0,1,0,0,4,1.6083366969687485
9553,162.13,49,132,240.7,0.02,51,0,0,0,0,0,1,1,0,0,1.510201097402479
9554,162.15,49,139,239.8,0.02,51,0,0,0,0,0,1,1,0,2,1.6721236667679371
9555,162.17,49,144,240.3,0.02,51,0,0,0,0,0,1,0,0,2,1.6468426468441697
9556,162.19,49,127,240.2,0.02,51,0,0,0,0,0,1,2,0,0,1.5984055682518434
9557,162.22,49,137,240.1,0.02,51,0,0,0,0,0,1,1,0,1,1.4892201453809162
9558,162.24,49,135,241.4,0.02,51,0,0,0,0,0,1,0,0,0,1.604642247661917
9559,162.26,49,129,242.0,0.02,51,0,0,0,0,0,1,0,1,0,1.4987559131859716
9560,162.28,49,147,239.2,0.02,51,0,0,0,0,0,1,1,0,0,1.5070824213261946
9561,162.3,49,136,241.3,0.02,51,0,0,0,0,0,1,0,0,0,1.6689354221999664
9562,162.32,49,125,242.4,0.02,51,0,0,0,0,0,1,0,1,0,1.6964444279734778
9563,162.34,49,129,239.0,0.02,51,0,0,0,0,0,1,3,0,0,1.7325194944756657
9564,162.36,50,123,232.7,0.02,50,0,0,0,1,1,0,0,1,0,1.8772334649575602
9565,162.38,49,125,242.4,0.02,51,0,0,0,0,0,1,0,0,0,1.7444192939306875
9566,162.4,49,143,240.6,0.02,51,0,0,0,0,0,1,0,0,0,1.7840475708691912
9567,162.43,45,162,198.1,0.02,45,0,0,0,1,1,0,5,1,7,1.7973278496914422
9568,162.44,6,53,9.7,0.02,6,0,0,0,1,1,0,9,1,10,1.8893607085689508
9569,162.46,39,168,168.0,0.02,39,0,0,0,1,1,0,5,1,2,1.4465140820287243
9570,162.47,29,68,128.1,0.02,29,0,0,0,1,1,0,5,1,1,1.8815982876763508
9571,162.5,41,133,183.4,0.02,41,0,0,0,1,1,0,3,1,3,1.6244074243085804
9572,162.5,2,10,1.0,0.02,2,0,0,0,1,1,0,3,1,0,3.450966918692008
9573,162.52,49,165,221.2,0.02,49,0,0,0,1,1,0,2,2,3,1.6668262818351334
9574,162.54,49,142,240.6,0.02,51,0,0,0,0,0,1,0,1,1,1.7546936360162186
9575,162.57,49,130,241.7,0.02,51,0,0,0,0,0,1,0,1,2,1.8666547862063703
9576,162.59,49,130,241.8,0.02,51,0,0,0,0,0,1,0,0,1,1.8110583570714753
9577,162.61,49,124,242.4,0.02,51,0,0,0,0,0,1,0,1,1,1.8089196433563275
9578,162.63,49,135,240.4,0.02,51,0,0,0,0,0,1,1,0,0,1.5702586991231167
9579,162.65,49,125,242.4,0.02,51,0,0,0,0,0,1,0,0,0,1.7076483938892122
9580,162.67,49,146,239.1,0.02,51,0,0,0,0,0,1,1,0,2,1.5359719489760104
9581,162.68,22,86,93.3,0.02,22,0,0,0,1,1,0,3,1,1,1.6077208417253035
9582,162.7,49,111,243.8,0.02,51,0,0,0,0,0,1,0,1,0,1.5211141124624004
9583,162.72,49,144,239.5,0.02,51,0,0,0,0,0,1,1,0,0,1.6896334522057346
9584,162.74,44,128,199.1,0.02,44,0,0,0,1,1,0,3,1,1,1.5549213312982584
9585,162.75,24,53,105.6,0.02,24,0,0,0,1,1,0,4,1,1,1.7253113276059946
9586,162.78,49,143,238.5,0.02,51,0,0,0,0,0,1,2,1,1,1.7840650774423996
9587,162.79,11,51,40.8,0.02,11,0,0,0,1,1,0,4,1,1,1.8160416603378786
9588,162.8,22,59,95.8,0.02,22,0,0,0,1,1,0,3,1,3,1.7969761522392151
9589,162.81,20,61,85.9,0.02,20,0,0,0,1,1,0,3,1,0,1.7377824013786245
9590,162.82,42,112,187.5,0.02,42,0,0,0,1,1,0,6,2,3,1.740491306702667
9591,162.84,37,102,166.6,0.02,37,0,0,0,1,1,0,3,1,2,1.4650995362713894
9592,162.84,2,9,2.0,0.02,2,0,0,0,1,1,0,2,1,1,4.393347084776185
9593,162.86,42,132,185.8,0.02,42,0,0,0,1,1,0,6,2,0,1.6106770568056823
9594,162.87,9,21,35.8,0.02,9,0,0,0,1,1,0,2,1,1,2.284424334267316
9595,162.88,10,40,37.9,0.02,10,0,0,0,1,1,0,3,1,1,2.0533715425832026
9596,162.88,22,48,97.2,0.02,22,0,0,0,1,1,0,3,1,0,2.241154236246253
9597,162.89,21,61,89.9,0.02,21,0,0,0,1,1,0,4,1,0,1.932577347433418
9598,162.92,45,145,204.0,0.02,45,0,0,0,1,1,0,1,1,5,1.5967706318467056
9599,162.93,30,91,131.8,0.02,30,0,0,0,1,1,0,4,2,1,1.6619910863805396
9600,162.95,36,85,163.2,0.02,36,0,0,0,1,1,0,3,2,3,1.8835952812798136
9601,162.96,26,63,122.6,0.02,27,0,0,0,1,1,0,1,1,1,1.7057689481610847
9602,162.96,3,23,3.7,0.02,3,0,0,0,1,1,0,4,1,0,2.0306295263256278
9603,162.97,25,56,111.3,0.02,25,0,0,0,1,1,0,3,1,1,2.0250156958675385
9604,162.99,47,126,213.3,0.02,47,0,0,0,1,1,0,4,1,1,1.743338643405409
9605,163.0,8,26,29.3,0.02,8,0,0,0,1,1,0,3,1,1,2.6279882227850657
9606,163.0,4,10,11.9,0.02,4,0,0,0,1,1,0,2,1,1,3.6734282742078483
9607,163.01,32,86,140.4,0.02,32,0,0,0,1,1,0,6,1,0,1.7295767037938659
9608,163.02,15,32,65.7,0.02,15,0,0,0,1,1,0,1,1,1,1.829064250800657
9609,163.03,24,61,107.6,0.02,24,0,0,0,1,1,0,1,1,3,1.7784900525971592
9610,163.04,30,75,136.5,0.02,30,0,0,0,1,1,0,1,2,0,1.8862444525182684
9611,163.05,9,38,34.9,0.02,9,0,0,0,1,1,0,1,1,3,2.2079191437525645
9612,163.06,36,93,169.6,0.02,37,0,0,0,1,1,0,1,1,1,1.662934869333974
9613,163.07,15,56,61.8,0.02,15,0,0,0,1,1,0,2,1,6,2.1414615594423103
9614,163.08,9,31,33.8,0.02,9,0,0,0,1,1,0,3,2,1,1.9951793174146915
9615,163.09,27,63,120.5,0.02,27,0,0,0,1,1,0,3,1,2,1.6378150848405382
9616,163.1,13,39,52.9,0.02,13,0,0,0,1,1,0,3,1,2,2.1708141502471676
9617,163.1,9,25,35.2,0.02,9,0,0,0,1,1,0,2,1,3,1.996478591720159
9618,163.1,2,9,2.7,0.02,2,0,0,0,1,1,0,1,1,4,2.781267178579045
9619,163.12,46,114,205.3,0.02,46,0,0,0,1,1,0,8,1,3,1.7007770207638846
9620,163.13,25,59,116.1,0.02,26,0,0,0,1,1,0,3,1,0,2.0721789722141466
9621,163.15,37,98,166.1,0.02,37,0,0,0,1,1,0,4,2,1,1.55427737414869
9622,163.17,47,136,212.4,0.02,47,0,0,0,1,1,0,4,2,0,1.8002107036368398
9623,163.19,46,145,203.1,0.02,46,0,0,0,1,1,0,7,1,4,1.7300368704174427
9624,163.2,21,43,93.5,0.02,21,0,0,0,1,1,0,2,1,2,2.3308675586703416
9625,163.22,49,130,241.9,0.02,51,0,0,0,0,0,1,0,1,0,1.6277876539740206
9626,163.24,49,128,241.0,0.02,51,0,0,0,0,0,1,1,0,1,2.1434356364477707
9627,163.27,49,153,237.4,0.02,51,0,0,0,0,0,1,2,0,2,1.7630710812043842
9628,163.27,15,39,63.1,0.02,15,0,0,0,1,1,0,3,1,0,1.9214480161502097
9629,163.29,45,136,200.4,0.02,45,0,0,0,1,1,0,6,1,0,1.8717160478306236
9630,163.32,49,137,241.2,0.02,51,0,0,0,0,0,1,0,0,0,1.7564875497574812
9631,163.34,49,141,237.7,0.02,51,0,0,0,0,0,1,3,0,1,1.7669340276035714
9632,163.36,49,161,220.7,0.02,49,0,0,0,1,1,0,3,1,2,1.6774865314990848
9633,163.37,5,18,15.2,0.02,5,0,0,0,1,1,0,3,2,0,2.959163148087175
9634,163.38,32,90,142.0,0.02,32,0,0,0,1,1,0,4,1,0,1.4993667046958636
9635,163.4,37,106,163.3,0.02,37,0,0,0,1,1,0,6,2,1,1.7283560479939457
9636,163.41,27,63,120.5,0.02,27,0,0,0,1,1,0,3,1,2,1.7240413992890293
9637,163.42,26,81,113.8,0.02,26,0,0,0,1,1,0,3,1,1,1.6500401059114944
9638,163.44,36,102,159.4,0.02,36,0,0,0,1,1,0,5,2,4,1.4955319752326233
9639,163.44,0,8,-8.8,0.02,0,0,0,0,1,1,0,3,1,0,2.99994078824285
9640,163.46,49,140,240.7,0.02,51,0,0,0,0,0,1,0,1,2,1.9359228081394424
9641,163.48,41,98,187.2,0.02,41,0,0,0,1,1,0,3,1,0,1.8558206304771598
9642,163.49,24,58,105.1,0.02,24,0,0,0,1,1,0,4,1,1,1.7338156592367608
9643,163.51,49,129,241.0,0.02,51,0,0,0,0,0,1,1,1,0,1.6713047582758078
9644,163.51,3,11,4.9,0.02,3,0,0,0,1,1,0,4,1,0,2.92038207142439
9645,163.52,24,63,103.6,0.02,24,0,0,0,1,1,0,5,1,1,1.850573796025555
9646,163.53,5,14,13.5,0.02,5,0,0,0,1,1,0,5,1,1,2.7108181307049897
9647,163.54,36,85,163.1,0.02,36,0,0,0,1,1,0,3,1,4,1.6153518514621603
9648,163.55,17,41,74.8,0.02,17,0,0,0,1,1,0,1,1,1,2.382274561569046
9649,163.57,49,137,241.2,0.02,51,0,0,0,0,0,1,0,0,0,1.6979521403400184
9650,163.59,39,99,177.1,0.02,39,0,0,0,1,1,0,3,1,0,1.5608144005744227
9651,163.61,49,129,242.0,0.02,51,0,0,0,0,0,1,0,0,0,1.8815374371279951
9652,163.63,49,135,237.3,0.02,51,0,0,0,0,0,1,4,2,1,2.01400392974876
9653,163.65,49,119,242.9,0.02,51,0,0,0,0,0,1,0,0,1,1.8301305659404292
9654,163.67,49,123,241.6,0.02,51,0,0,0,0,0,1,1,1,0,1.7592683862819418
9655,163.69,43,119,194.8,0.02,43,0,0,0,1,1,0,3,1,3,1.607338713407208
9656,163.69,13,33,53.3,0.02,13,0,0,0,1,1,0,3,1,4,1.9442072494370228
9657,163.71,41,98,187.1,0.02,41,0,0,0,1,1,0,3,1,1,1.698291042883004
9658,163.73,45,123,207.7,0.02,45,0,0,0,1,1,0,0,1,0,1.615952707124189
9659,163.74,35,86,159.3,0.02,35,0,0,0,1,1,0,2,1,1,1.7171335045800484
9660,163.77,49,153,239.6,0.02,51,0,0,0,0,0,1,0,0,0,1.4182665008904387
9661,163.78,40,87,185.3,0.02,40,0,0,0,1,1,0,1,2,0,1.7167882536873307
9662,163.8,49,128,241.0,0.02,51,0,0,0,0,0,1,1,2,1,1.7992041961216518
9663,163.82,31,82,137.8,0.02,31,0,0,0,1,1,0,4,1,0,1.2856042619655288
9664,163.84,49,157,235.1,0.02,51,0,0,0,0,0,1,4,1,1,1.8267654623650134
9665,163.86,49,158,238.9,0.02,51,0,0,0,0,0,1,0,1,2,1.6851322472111632
9666,163.88,49,131,241.6,0.02,51,0,0,0,0,0,1,0,1,2,1.6100857784047498
9667,163.91,49,139,240.9,0.02,51,0,0,0,0,0,1,0,0,1,1.7175769174694508
9668,163.93,49,133,240.6,0.02,51,0,0,0,0,0,1,1,1,0,1.654250968018084
9669,163.95,49,126,226.4,0.02,49,0,0,0,1,1,0,1,1,0,1.9039455695592138
9670,163.97,49,135,241.4,0.02,51,0,0,0,0,0,1,0,0,0,1.6487361570903696
9671,163.99,49,135,239.3,0.02,51,0,0,0,0,0,1,2,0,1,1.7807157426096372
9672,164.01,49,130,240.8,0.02,51,0,0,0,0,0,1,1,0,1,1.9298991857427077
9673,164.03,48,136,216.3,0.02,48,0,0,0,1,1,0,5,1,1,1.7710528300132855
9674,164.05,49,136,240.3,0.02,51,0,0,0,0,0,1,1,0,0,1.7027755581987265
9675,164.07,46,109,214.1,0.02,46,0,0,0,1,1,0,0,1,0,1.7418858640830328
9676,164.09,43,119,194.9,0.02,43,0,0,0,1,1,0,3,1,2,1.5730095438156335
9677,164.1,20,49,86.0,0.02,20,0,0,0,1,1,0,4,1,1,1.776837931309557
9678,164.12,49,143,222.5,0.02,49,0,0,0,1,1,0,3,1,2,1.4976258241292892
9679,164.14,42,115,178.8,0.02,42,0,0,0,1,1,0,14,1,7,1.532444687760879
9680,164.16,49,141,238.6,0.02,51,0,0,0,0,0,1,2,0,2,1.618616596284788
9681,164.18,50,140,230.0,0.02,50,0,0,0,1,1,0,1,1,0,1.513478677241669
9682,164.19,21,52,93.7,0.02,21,0,0,0,1,1,0,1,1,1,2.1234833976623646
9683,164.21,49,135,241.4,0.02,51,0,0,0,0,0,1,0,0,0,1.4764492786262844
9684,164.23,44,99,202.1,0.02,44,0,0,0,1,1,0,3,1,0,1.773821425436814
9685,164.25,42,111,188.9,0.02,42,0,0,0,1,1,0,5,1,0,1.7017560982415323
9686,164.27,49,136,241.2,0.02,51,0,0,0,0,0,1,0,0,1,1.591437087842123
9687,164.29,49,120,240.9,0.02,51,0,0,0,0,0,1,2,0,0,1.675892000033686
9688,164.31,49,148,238.0,0.02,51,0,0,0,0,0,1,2,0,1,1.7091842378685427
9689,164.32,11,23,47.6,0.02,11,0,0,0,1,1,0,0,1,1,2.480075340053208
9690,164.33,31,71,140.9,0.02,31,0,0,0,1,1,0,2,1,0,1.7634698827677557
9691,164.35,49,139,240.9,0.02,51,0,0,0,0,0,1,0,0,1,1.692597370564377
9692,164.38,48,208,200.5,0.02,48,0,0,0,1,1,0,13,2,7,1.3441114892914034
9693,164.4,49,130,239.8,0.02,51,0,0,0,0,0,1,2,0,1,1.8446479869281438
9694,164.41,25,60,111.0,0.02,25,0,0,0,1,1,0,3,1,0,1.7000841851742365
9695,164.43,49,123,242.6,0.02,51,0,0,0,0,0,1,0,1,0,1.484450535358435
9696,164.45,49,140,240.8,0.02,51,0,0,0,0,0,1,0,0,1,1.4920041858630284
9697,164.47,49,136,240.2,0.02,51,0,0,0,0,0,1,1,1,1,1.3977244557118373
9698,164.49,49,131,240.7,0.02,51,0,0,0,0,0,1,1,0,1,1.8670184364224487
9699,164.51,49,134,239.5,0.02,51,0,0,0,0,0,1,2,0,0,1.570344750771423
9700,164.54,49,133,241.6,0.02,51,0,0,0,0,0,1,0,0,0,1.808703793855622
9701,164.56,49,143,240.6,0.02,51,0,0,0,0,0,1,0,0,0,1.855938198121538
9702,164.58,49,128,241.1,0.02,51,0,0,0,0,0,1,1,0,0,1.5208576542797017
9703,164.6,41,117,186.2,0.02,41,0,0,0,1,1,0,2,1,1,1.6090920974988927
9704,164.62,49,132,223.6,0.02,49,0,0,0,1,1,0,3,1,2,1.525453624549929
9705,164.64,49,125,241.3,0.02,51,0,0,0,0,0,1,1,0,1,1.9733718703434733
9706,164.66,50,152,231.3,0.02,50,0,0,0,0,0,1,3,2,4,1.9409629920657798
9707,164.68,49,133,239.6,0.02,51,0,0,0,0,0,1,2,0,0,1.9843171352489082
9708,164.7,49,126,242.2,0.02,51,0,0,0,0,0,1,0,0,1,1.8084694359888043
9709,164.73,49,155,238.4,0.02,51,0,0,0,0,0,1,1,1,0,1.5842975774617487
9710,164.74,49,119,243.0,0.02,51,0,0,0,0,0,1,0,0,0,1.781342377915051
9711,164.77,49,141,238.5,0.02,51,0,0,0,0,0,1,2,1,3,1.818160521738224
9712,164.79,49,131,240.8,0.02,51,0,0,0,0,0,1,1,0,0,1.5378372617059086
9713,164.79,18,41,77.9,0.02,18,0,0,0,1,1,0,3,1,0,2.3677725267579195
9714,164.82,49,132,240.7,0.02,51,0,0,0,0,0,1,1,1,0,1.7858378866464675
9715,164.84,49,137,241.2,0.02,51,0,0,0,0,0,1,0,1,0,1.8492700725641236
9716,164.86,49,125,241.3,0.02,51,0,0,0,0,0,1,1,0,1,1.8393592141764405
9717,164.88,49,136,241.3,0.02,51,0,0,0,0,0,1,0,0,0,1.7697741766231916
9718,164.9,49,142,239.5,0.02,51,0,0,0,0,0,1,1,0,2,1.6164947461203745
9719,164.9,5,17,16.1,0.02,5,0,0,0,1,1,0,2,1,2,2.5492166417908364
9720,164.92,50,134,235.1,0.02,50,0,0,0,0,0,1,1,1,4,1.595144790974138
9721,164.95,50,142,235.6,0.02,50,0,0,0,0,0,1,0,1,1,1.7299531566168385
9722,164.97,49,150,238.9,0.02,51,0,0,0,0,0,1,1,0,0,1.7342276108475754
9723,164.98,31,66,140.3,0.02,31,0,0,0,1,1,0,3,1,1,1.715590477056523
9724,165.0,49,134,239.5,0.02,51,0,0,0,0,0,1,2,0,0,1.636526763206488
9725,165.02,49,134,241.4,0.02,51,0,0,0,0,0,1,0,2,1,1.7217728816249291
9726,165.04,49,117,243.1,0.02,51,0,0,0,0,0,1,0,0,1,1.4771123045072505
9727,165.06,49,132,240.7,0.02,51,0,0,0,0,0,1,1,2,0,1.891641046113169
9728,165.08,49,139,239.9,0.02,51,0,0,0,0,0,1,1,0,1,1.6345657242967357
9729,165.11,49,137,240.2,0.02,51,0,0,0,0,0,1,1,0,0,1.605324438465051
9730,165.13,49,133,239.5,0.02,51,0,0,0,0,0,1,2,0,1,1.7832066153491808
9731,165.15,49,128,242.0,0.02,51,0,0,0,0,0,1,0,0,1,1.580780743886639
9732,165.17,49,125,242.4,0.02,51,0,0,0,0,0,1,0,0,0,1.406743107236609
9733,165.19,49,124,241.5,0.02,51,0,0,0,0,0,1,1,0,0,1.4803249840120447
9734,165.21,49,140,238.7,0.02,51,0,0,0,0,0,1,2,0,2,1.617153002523495
9735,165.23,49,114,243.5,0.02,51,0,0,0,0,0,1,0,0,0,1.599042432569438
9736,165.25,49,135,240.4,0.02,51,0,0,0,0,0,1,1,1,0,1.6575641091105193
9737,165.27,49,107,243.2,0.02,51,0,0,0,0,0,1,1,0,0,1.6283934991581217
9738,165.29,49,127,241.2,0.02,51,0,0,0,0,0,1,1,1,0,1.492632436220489
9739,165.3,49,125,239.4,0.02,51,0,0,0,0,0,1,3,1,0,1.5597184870826426
9740,165.33,49,128,242.1,0.02,51,0,0,0,0,0,1,0,2,0,1.5585916306152894
9741,165.35,49,144,239.3,0.02,51,0,0,0,0,0,1,1,1,2,1.5210003442406843
9742,165.37,49,135,240.4,0.02,51,0,0,0,0,0,1,1,0,0,1.6820008420407309
9743,165.39,49,134,239.4,0.02,51,0,0,0,0,0,1,2,0,1,1.543049439383038
9744,165.4,21,57,91.1,0.02,21,0,0,0,1,1,0,3,1,2,1.5965352127739907
9745,165.42,49,134,241.4,0.02,51,0,0,0,0,0,1,0,0,1,1.558612642830434
9746,165.44,49,138,240.1,0.02,51,0,0,0,0,0,1,1,1,0,1.8175310996217118
9747,165.45,42,97,198.3,0.02,43,0,0,0,1,1,0,2,2,0,1.6000785622235243
9748,165.47,49,119,242.8,0.02,51,0,0,0,0,0,1,0,0,2,1.700306990126702
9749,165.49,49,144,238.5,0.02,51,0,0,0,0,0,1,2,1,0,1.548837772490627
9750,165.5,19,43,82.7,0.02,19,0,0,0,1,1,0,3,1,0,1.9237486696041866
9751,165.52,49,142,239.7,0.02,51,0,0,0,0,0,1,1,0,0,1.6373539344183883
9752,165.55,49,150,239.9,0.02,51,0,0,0,0,0,1,0,0,0,1.764805769077314
9753,165.55,16,38,76.2,0.02,17,0,0,0,1,1,0,0,1,0,1.8174028724690452
9754,165.57,49,129,241.0,0.02,51,0,0,0,0,0,1,1,0,0,1.7726351043698907
9755,165.59,49,138,240.0,0.02,51,0,0,0,0,0,1,1,1,1,1.668950041316604
9756,165.62,49,149,239.0,0.02,51,0,0,0,0,0,1,1,1,0,1.6634606553567957
9757,165.63,49,129,242.0,0.02,51,0,0,0,0,0,1,0,0,0,1.6913601407619683
9758,165.65,49,121,242.6,0.02,51,0,0,0,0,0,1,0,0,2,1.6536443913885506
9759,165.67,49,125,242.4,0.02,51,0,0,0,0,0,1,0,2,0,1.5093386862311515
9760,165.7,49,147,240.2,0.02,51,0,0,0,0,0,1,0,0,0,1.5684931711891834
9761,165.71,49,125,242.4,0.02,51,0,0,0,0,0,1,0,0,0,1.5833774226842747
9762,165.74,49,135,239.3,0.02,51,0,0,0,0,0,1,2,1,1,1.6834450184289522
9763,165.76,49,151,239.8,0.02,51,0,0,0,0,0,1,0,0,0,1.555711792556929
9764,165.78,49,137,237.2,0.02,51,0,0,0,0,0,1,4,0,0,1.7182059172924882
9765,165.8,49,130,241.9,0.02,51,0,0,0,0,0,1,0,0,0,1.535531125954422
9766,165.82,49,137,240.2,0.02,51,0,0,0,0,0,1,1,0,0,1.6807045600663437
9767,165.84,49,149,239.8,0.02,51,0,0,0,0,0,1,0,1,2,1.5789211918288093
9768,165.86,49,125,241.3,0.02,51,0,0,0,0,0,1,1,0,1,1.6282317755503082
9769,165.88,49,136,241.2,0.02,51,0,0,0,0,0,1,0,0,1,1.602962732891351
9770,165.9,49,135,240.3,0.02,51,0,0,0,0,0,1,1,0,1,1.6024993636846185
9771,165.92,49,137,239.2,0.02,51,0,0,0,0,0,1,2,0,0,1.7160897112724347
9772,165.95,49,140,238.7,0.02,51,0,0,0,0,0,1,2,0,2,1.5244802357844787
9773,165.96,49,128,242.0,0.02,51,0,0,0,0,0,1,0,1,1,1.5784728007846984
9774,165.99,49,136,240.3,0.02,51,0,0,0,0,0,1,1,0,0,1.6370754078099305
9775,166.01,49,136,240.0,0.02,51,0,0,0,0,0,1,1,1,3,1.621842410361126
9776,166.03,49,152,237.6,0.02,51,0,0,0,0,0,1,2,1,1,1.5413841346463848
9777,166.05,49,124,240.5,0.02,51,0,0,0,0,0,1,2,0,0,1.7784080049823294
9778,166.07,49,123,242.6,0.02,51,0,0,0,0,0,1,0,0,0,1.8447188003185624
9779,166.09,49,130,240.7,0.02,51,0,0,0,0,0,1,1,0,2,1.490585733443826
9780,166.11,49,157,237.2,0.02,51,0,0,0,0,0,1,2,0,0,1.6773301052082488
9781,166.13,49,138,241.0,0.02,51,0,0,0,0,0,1,0,1,1,1.6082237567800926
9782,166.15,50,141,232.8,0.02,50,0,0,0,0,0,1,3,3,0,1.7351392835389736
9783,166.17,49,117,242.2,0.02,51,0,0,0,0,0,1,1,1,0,1.7135248908212364
9784,166.19,49,136,241.3,0.02,51,0,0,0,0,0,1,0,0,0,1.5966691482684419
9785,166.21,45,116,204.4,0.02,45,0,0,0,1,1,0,4,1,0,1.570116145765714
9786,166.23,49,125,241.4,0.02,51,0,0,0,0,0,1,1,1,0,1.6652823068190163
9787,166.25,49,138,238.0,0.02,51,0,0,0,0,0,1,3,0,1,1.6161132942408376
9788,166.27,49,141,238.7,0.02,51,0,0,0,0,0,1,2,0,1,1.6635988622915259
9789,166.29,49,129,242.0,0.02,51,0,0,0,0,0,1,0,0,0,1.820547049555593
9790,166.31,49,138,240.1,0.02,51,0,0,0,0,0,1,1,0,0,1.5415904767418582
9791,166.33,49,121,241.7,0.02,51,0,0,0,0,0,1,1,0,1,1.8380234281748824
9792,166.35,49,127,241.2,0.02,51,0,0,0,0,0,1,1,0,0,1.7168402905366027
9793,166.37,49,130,241.8,0.02,51,0,0,0,0,0,1,0,0,1,1.7141420705528827
9794,166.39,49,131,241.8,0.02,51,0,0,0,0,0,1,0,0,0,1.7243374647908885
9795,166.41,49,130,241.9,0.02,51,0,0,0,0,0,1,0,0,0,1.6796400071163136
9796,166.42,5,12,14.7,0.02,5,0,0,0,1,1,0,4,1,1,3.0285663586990417
9797,166.42,4,9,11.1,0.02,4,0,0,0,1,1,0,3,1,0,3.917578484119119
9798,166.44,49,145,240.4,0.02,51,0,0,0,0,0,1,0,0,0,1.6818106601667404
9799,166.45,15,34,65.6,0.02,15,0,0,0,1,1,0,1,1,0,1.572548640179495
9800,166.47,49,126,242.2,0.02,51,0,0,0,0,0,1,0,1,1,1.637066539667548
9801,166.49,49,135,240.4,0.02,51,0,0,0,0,0,1,1,0,0,1.648313611853678
9802,166.51,49,145,238.9,0.02,51,0,0,0,0,0,1,1,0,5,1.79086469001311
9803,166.53,49,118,243.1,0.02,51,0,0,0,0,0,1,0,1,0,1.4986659005004135
9804,166.55,49,149,239.0,0.02,51,0,0,0,0,0,1,1,1,0,1.4460990036887074
9805,166.56,34,75,154.5,0.02,34,0,0,0,1,1,0,3,1,0,1.7203805437292745
9806,166.58,49,131,241.8,0.02,51,0,0,0,0,0,1,0,1,0,1.4538319195690323
9807,166.61,49,140,240.9,0.02,51,0,0,0,0,0,1,0,0,0,1.5868658365814676
9808,166.63,49,142,239.6,0.02,51,0,0,0,0,0,1,1,1,1,1.6303230235651938
9809,166.65,49,126,242.2,0.02,51,0,0,0,0,0,1,0,0,1,1.56499937958343
9810,166.67,49,154,239.4,0.02,51,0,0,0,0,0,1,0,0,1,1.719882571684859
9811,166.69,49,124,241.5,0.02,51,0,0,0,0,0,1,1,0,0,1.6609795482993606
9812,166.71,49,133,241.6,0.02,51,0,0,0,0,0,1,0,0,0,1.5183193027563826
9813,166.73,49,131,240.6,0.02,51,0,0,0,0,0,1,1,0,2,1.5821835743916743
9814,166.76,49,144,239.5,0.02,51,0,0,0,0,0,1,1,0,0,1.5169019957315566
9815,166.78,49,146,240.3,0.02,51,0,0,0,0,0,1,0,1,0,1.724032524294404
9816,166.8,49,138,239.1,0.02,51,0,0,0,0,0,1,2,1,0,1.782958637409074
9817,166.82,49,132,240.5,0.02,51,0,0,0,0,0,1,1,1,2,1.769641666937772
9818,166.84,49,131,240.8,0.02,51,0,0,0,0,0,1,1,1,0,1.7122930240202359
9819,166.86,49,122,241.6,0.02,51,0,0,0,0,0,1,1,0,1,1.5378583947719464
9820,166.88,49,131,238.7,0.02,51,0,0,0,0,0,1,3,0,1,1.7782147843814158
9821,166.9,49,132,239.7,0.02,51,0,0,0,0,0,1,2,1,0,1.6186812294264976
9822,166.92,49,134,240.4,0.02,51,0,0,0,0,0,1,1,1,1,1.798401513547809
9823,166.95,49,135,241.4,0.02,51,0,0,0,0,0,1,0,0,0,1.5398861262817505
9824,166.97,49,149,239.0,0.02,51,0,0,0,0,0,1,1,1,0,1.607853376074152
9825,166.99,49,135,241.4,0.02,51,0,0,0,0,0,1,0,0,0,1.6612597844201342
9826,167.0,17,33,76.7,0.02,17,0,0,0,1,1,0,0,1,0,2.349940172128399
9827,167.02,49,130,239.8,0.02,51,0,0,0,0,0,1,2,0,1,1.77815648556405
9828,167.04,49,158,239.0,0.02,51,0,0,0,0,0,1,0,2,1,1.6002160705867314
9829,167.06,49,129,242.0,0.02,51,0,0,0,0,0,1,0,1,0,1.6643634832198742
9830,167.08,49,124,241.5,0.02,51,0,0,0,0,0,1,1,0,0,1.4941331285196962
9831,167.1,49,145,238.4,0.02,51,0,0,0,0,0,1,2,0,0,1.544281238717979
9832,167.12,49,129,242.0,0.02,51,0,0,0,0,0,1,0,0,0,1.61327124241777
9833,167.15,49,133,240.5,0.02,51,0,0,0,0,0,1,1,0,1,1.7139564388817985
9834,167.17,49,144,239.4,0.02,51,0,0,0,0,0,1,1,1,1,1.6123865323844848
9835,167.19,49,126,241.3,0.02,51,0,0,0,0,0,1,1,0,0,1.691045108594065
9836,167.21,49,144,239.3,0.02,51,0,0,0,0,0,1,1,0,2,1.6015003698689931
9837,167.23,49,116,243.3,0.02,51,0,0,0,0,0,1,0,1,0,1.6364800927116465
9838,167.25,49,114,242.5,0.02,51,0,0,0,0,0,1,1,0,0,1.683251740809315
9839,167.27,49,132,240.5,0.02,51,0,0,0,0,0,1,1,0,2,1.7519513705071674
9840,167.29,49,152,235.6,0.02,51,0,0,0,0,0,1,4,2,1,1.4677310928586929
9841,167.31,49,125,227.5,0.02,49,0,0,0,1,1,0,0,2,0,1.5927485140737372
9842,167.33,49,136,241.3,0.02,51,0,0,0,0,0,1,0,2,0,1.3189359216065382
9843,167.36,49,132,240.6,0.02,51,0,0,0,0,0,1,1,0,1,1.417726279724386
9844,167.38,49,165,236.2,0.02,51,0,0,0,0,0,1,2,0,2,1.5512080708716454
9845,167.4,49,140,240.8,0.02,51,0,0,0,0,0,1,0,0,1,1.8336357736124904
9846,167.43,49,142,240.5,0.02,51,0,0,0,0,0,1,0,1,2,1.6570958213116271
9847,167.45,49,131,239.7,0.02,51,0,0,0,0,0,1,2,0,1,1.6588955656631554
9848,167.47,49,133,240.6,0.02,51,0,0,0,0,0,1,1,0,0,1.6807432701412401
9849,167.47,10,23,38.6,0.02,10,0,0,0,1,1,0,4,1,1,1.99497410318239
9850,167.48,5,23,14.5,0.02,5,0,0,0,1,1,0,3,1,2,2.364480666203023
9851,167.48,1,21,-5.2,0.02,1,0,0,0,1,1,0,3,1,1,2.661868122547263
9852,167.49,28,88,121.6,0.02,28,0,0,0,1,1,0,4,1,6,1.9016829202642214
9853,167.51,49,134,241.5,0.02,51,0,0,0,0,0,1,0,1,0,1.503044342790292
9854,167.53,49,122,241.7,0.02,51,0,0,0,0,0,1,1,0,0,1.7250682567080688
9855,167.56,49,141,240.6,0.02,51,0,0,0,0,0,1,0,2,2,1.7084208967033219
9856,167.58,49,143,240.4,0.02,51,0,0,0,0,0,1,0,0,2,1.5864112543266335
9857,167.6,49,134,241.5,0.02,51,0,0,0,0,0,1,0,0,0,1.4612604409006016
9858,167.62,49,137,238.2,0.02,51,0,0,0,0,0,1,3,0,0,1.5367135655801922
9859,167.64,50,140,227.0,0.02,50,0,0,0,1,1,0,4,1,0,1.5012059238213589
9860,167.66,49,134,238.5,0.02,51,0,0,0,0,0,1,3,0,0,1.698532560631696
9861,167.69,49,127,241.2,0.02,51,0,0,0,0,0,1,1,1,0,1.7152270060338615
9862,167.71,49,130,239.9,0.02,51,0,0,0,0,0,1,2,1,0,1.5464004049852487
9863,167.73,50,149,233.0,0.02,50,0,0,0,0,0,1,2,2,0,1.5459700805776522
9864,167.75,49,149,240.0,0.02,51,0,0,0,0,0,1,0,0,0,1.4776364858082751
9865,167.77,49,115,243.4,0.02,51,0,0,0,0,0,1,0,0,0,1.5674697178057146
9866,167.79,49,149,239.8,0.02,51,0,0,0,0,0,1,0,0,2,1.5787964852074003
9867,167.81,49,122,242.7,0.02,51,0,0,0,0,0,1,0,1,0,1.7023504176863682
9868,167.82,5,16,15.2,0.02,5,0,0,0,1,1,0,3,1,2,2.7534117130470026
9869,167.84,49,175,237.3,0.02,51,0,0,0,0,0,1,0,1,1,1.7348776447125873
9870,167.86,40,90,182.9,0.02,40,0,0,0,1,1,0,3,1,1,1.6654761840529018
9871,167.88,49,116,243.3,0.02,51,0,0,0,0,0,1,0,0,0,1.805835581563971
9872,167.9,49,132,240.7,0.02,51,0,0,0,0,0,1,1,0,0,1.7807513063486358
9873,167.92,49,122,240.6,0.02,51,0,0,0,0,0,1,2,0,1,1.8386932806158847
9874,167.94,49,137,239.2,0.02,51,0,0,0,0,0,1,2,0,0,1.5906226385037694
9875,167.96,49,138,240.1,0.02,51,0,0,0,0,0,1,1,0,0,1.5022044696184578
9876,167.98,49,120,242.8,0.02,51,0,0,0,0,0,1,0,0,1,1.7139681271035316
9877,168.0,49,129,242.0,0.02,51,0,0,0,0,0,1,0,0,0,1.6390382946534074
9878,168.02,49,137,240.1,0.02,51,0,0,0,0,0,1,1,0,1,1.6881365967117474
9879,168.04,49,150,237.4,0.02,51,0,0,0,0,0,1,2,0,5,1.7578058461896917
9880,168.06,49,128,242.1,0.02,51,0,0,0,0,0,1,0,0,0,1.6171872734221218
9881,168.09,49,148,238.0,0.02,51,0,0,0,0,0,1,2,2,1,1.4581898461881242
9882,168.09,7,24,24.5,0.02,7,0,0,0,1,1,0,3,1,1,2.7306781007172867
9883,168.1,1,11,-3.4,0.02,1,0,0,0,1,1,0,2,1,3,3.208806115437665
9884,168.11,26,58,122.2,0.02,27,0,0,0,1,1,0,2,1,0,1.7353615994269183
9885,168.11,9,25,36.4,0.02,9,0,0,0,1,1,0,1,2,1,2.617219736907604
9886,168.11,4,15,8.5,0.02,4,0,0,0,1,1,0,5,1,0,3.0274638920777384
9887,168.12,9,27,32.3,0.02,9,0,0,0,1,1,0,5,1,0,2.5312539935425753
9888,168.12,12,31,47.9,0.02,12,0,0,0,1,1,0,4,1,0,2.3027139179743257
9889,168.13,10,33,38.7,0.02,10,0,0,0,1,1,0,3,2,0,1.9368563779769665
9890,168.14,23,66,99.4,0.02,23,0,0,0,1,1,0,4,1,0,1.9073629453637795
9891,168.15,21,62,90.7,0.02,21,0,0,0,1,1,0,3,1,1,1.9205750819951632
9892,168.16,26,78,113.8,0.02,26,0,0,0,1,1,0,3,1,4,1.719473125673406
9893,168.17,12,31,50.8,0.02,12,0,0,0,1,1,0,1,1,1,2.2411274707012607
9894,168.19,43,127,194.0,0.02,43,0,0,0,1,1,0,3,4,3,1.8096024284412973
9895,168.22,49,181,236.2,0.02,51,0,0,0,0,0,1,0,4,6,1.738267373848205
9896,168.24,49,133,240.6,0.02,51,0,0,0,0,0,1,1,1,0,1.7687030420270242
9897,168.26,49,132,241.7,0.02,51,0,0,0,0,0,1,0,1,0,1.737858072419416
9898,168.28,49,137,240.1,0.02,51,0,0,0,0,0,1,1,1,1,1.7058495551747679
9899,168.3,49,133,240.5,0.02,51,0,0,0,0,0,1,1,0,1,1.8792886954261097
9900,168.32,49,131,240.5,0.02,51,0,0,0,0,0,1,1,0,3,1.7582912858962303
9901,168.34,49,127,242.2,0.02,51,0,0,0,0,0,1,0,2,0,1.916367081550125
9902,168.34,2,9,1.1,0.02,2,0,0,0,1,1,0,3,1,0,3.7104515390280586
9903,168.36,49,129,240.9,0.02,51,0,0,0,0,0,1,1,0,1,1.5930903040158952
9904,168.39,49,144,240.4,0.02,51,0,0,0,0,0,1,0,0,1,1.425820638399001
9905,168.41,49,175,236.3,0.02,51,0,0,0,0,0,1,1,0,1,1.7545783182567085
9906,168.43,49,133,240.6,0.02,51,0,0,0,0,0,1,1,1,0,1.5930144308745304
9907,168.45,49,134,240.5,0.02,51,0,0,0,0,0,1,1,0,0,1.5560901717457856
9908,168.47,49,113,242.6,0.02,51,0,0,0,0,0,1,1,0,0,1.60170760668242
9909,168.49,49,138,241.0,0.02,51,0,0,0,0,0,1,0,0,1,1.7355764477320361
9910,168.52,49,152,238.7,0.02,51,0,0,0,0,0,1,1,0,0,1.6619613489868441
9911,168.54,49,159,236.8,0.02,51,0,0,0,0,0,1,2,0,2,1.6071222907980427
9912,168.55,15,40,62.9,0.02,15,0,0,0,1,1,0,3,1,1,2.057686353258434
9913,168.57,49,131,241.6,0.02,51,0,0,0,0,0,1,0,0,2,1.5807801718803531
9914,168.59,50,139,231.1,0.02,50,0,0,0,1,1,0,0,1,0,1.6029454685175974
9915,168.61,49,135,241.4,0.02,51,0,0,0,0,0,1,0,0,0,1.6286152173043376
9916,168.63,49,124,241.4,0.02,51,0,0,0,0,0,1,1,0,1,2.093550573577503
9917,168.65,49,129,241.9,0.02,51,0,0,0,0,0,1,0,1,1,1.5894199212237559
9918,168.67,49,118,243.1,0.02,51,0,0,0,0,0,1,0,0,0,1.8589296024050908
9919,168.69,49,143,240.5,0.02,51,0,0,0,0,0,1,0,1,1,1.7688139028493912
9920,168.71,49,131,240.7,0.02,51,0,0,0,0,0,1,1,0,1,1.9239870056873423
9921,168.74,49,154,237.5,0.02,51,0,0,0,0,0,1,2,0,0,1.5344995918484772
9922,168.76,49,131,239.8,0.02,51,0,0,0,0,0,1,2,2,0,1.8432616140524474
9923,168.78,49,118,243.1,0.02,51,0,0,0,0,0,1,0,0,0,1.7554867177202897
9924,168.8,49,128,242.1,0.02,51,0,0,0,0,0,1,0,1,0,1.6877705401022067
9925,168.82,49,131,241.8,0.02,51,0,0,0,0,0,1,0,1,0,1.6219252495535053
9926,168.83,31,67,140.3,0.02,31,0,0,0,1,1,0,3,1,0,1.7691002984400646
9927,168.85,49,140,239.6,0.02,51,0,0,0,0,0,1,1,0,3,1.5308175561564683
9928,168.88,49,158,235.0,0.02,51,0,0,0,0,0,1,4,2,1,1.797395732714823
9929,168.89,34,78,153.1,0.02,34,0,0,0,1,1,0,4,2,1,1.798159590086185
9930,168.91,49,131,241.6,0.02,51,0,0,0,0,0,1,0,0,2,1.56216849781857
9931,168.93,49,128,240.7,0.02,51,0,0,0,0,0,1,1,0,4,1.6576988498825722
9932,168.95,49,141,240.8,0.02,51,0,0,0,0,0,1,0,0,0,1.6144561636984458
9933,168.98,49,141,238.8,0.02,51,0,0,0,0,0,1,2,0,0,1.6804768111178399
9934,169.0,49,145,240.1,0.02,51,0,0,0,0,0,1,0,0,3,1.73134857036677
9935,169.02,49,141,239.7,0.02,51,0,0,0,0,0,1,1,1,1,1.5464219959199452
9936,169.02,5,18,15.9,0.02,5,0,0,0,1,1,0,2,1,3,2.585349668279675
9937,169.05,49,132,241.6,0.02,51,0,0,0,0,0,1,0,0,1,1.727777204443446
9938,169.07,49,139,241.0,0.02,51,0,0,0,0,0,1,0,0,0,1.5913501595734538
9939,169.09,49,139,241.0,0.02,51,0,0,0,0,0,1,0,0,0,1.5597782975743182
9940,169.11,49,139,239.9,0.02,51,0,0,0,0,0,1,1,0,1,1.6849726164829104
9941,169.13,49,129,240.9,0.02,51,0,0,0,0,0,1,1,0,1,1.5726518755493504
9942,169.15,49,137,241.2,0.02,51,0,0,0,0,0,1,0,0,0,1.538117513132155
9943,169.17,49,115,242.3,0.02,51,0,0,0,0,0,1,1,0,1,1.4949578471187952
9944,169.19,49,140,240.8,0.02,51,0,0,0,0,0,1,0,0,1,1.6825124924581283
9945,169.22,49,153,239.5,0.02,51,0,0,0,0,0,1,0,0,1,1.4636036469642384
9946,169.24,49,144,240.4,0.02,51,0,0,0,0,0,1,0,0,1,1.7104784871883714
9947,169.24,8,16,33.3,0.02,8,0,0,0,1,1,0,0,1,1,3.1976325848919047
9948,169.26,49,125,242.4,0.02,51,0,0,0,0,0,1,0,0,0,1.684186132715776
9949,169.28,44,112,200.5,0.02,44,0,0,0,1,1,0,3,1,3,1.4844178127494583
9950,169.3,49,124,242.5,0.02,51,0,0,0,0,0,1,0,1,0,1.7043859775112644
9951,169.32,49,124,242.5,0.02,51,0,0,0,0,0,1,0,1,0,1.6285389532017165
9952,169.34,49,125,241.3,0.02,51,0,0,0,0,0,1,1,0,1,1.614344047599415
9953,169.36,49,129,241.9,0.02,51,0,0,0,0,0,1,0,0,1,1.4716347664730882
9954,169.38,50,131,235.8,0.02,50,0,0,0,0,0,1,1,1,0,1.7246311734418132
9955,169.4,49,148,239.8,0.02,51,0,0,0,0,0,1,0,1,3,1.7058658884300222
9956,169.42,49,138,240.1,0.02,51,0,0,0,0,0,1,1,2,0,1.6410398452254522
9957,169.44,49,118,243.0,0.02,51,0,0,0,0,0,1,0,0,1,1.3970329602972296
9958,169.47,49,139,241.0,0.02,51,0,0,0,0,0,1,0,1,0,1.7013376446476973
9959,169.49,41,158,181.0,0.02,41,0,0,0,1,1,0,3,1,2,1.4355606084867225
9960,169.51,49,132,239.6,0.02,51,0,0,0,0,0,1,2,0,1,1.581616358041875
9961,169.53,49,131,241.7,0.02,51,0,0,0,0,0,1,0,0,1,1.752275494399083
9962,169.54,22,60,96.0,0.02,22,0,0,0,1,1,0,3,1,0,1.8533455359485127
9963,169.55,25,53,110.7,0.02,25,0,0,0,1,1,0,4,1,0,2.028919731787969
9964,169.57,49,136,240.2,0.02,51,0,0,0,0,0,1,1,0,1,1.5602000801658527
9965,169.58,15,33,66.7,0.02,15,0,0,0,1,1,0,0,1,0,2.1533371615565597
9966,169.61,49,160,238.9,0.02,51,0,0,0,0,0,1,0,1,0,1.4964031242821976
9967,169.63,50,138,230.1,0.02,50,0,0,0,1,1,0,1,2,1,1.73978723143189
9968,169.65,49,165,235.3,0.02,51,0,0,0,0,0,1,3,0,1,1.6332823552182227
9969,169.67,49,127,242.2,0.02,51,0,0,0,0,0,1,0,0,0,1.6133548794698747
9970,169.69,49,125,241.3,0.02,51,0,0,0,0,0,1,1,0,1,1.8523939894025048
9971,169.71,49,113,242.6,0.02,51,0,0,0,0,0,1,1,1,0,1.6811471522040882
9972,169.73,49,130,240.9,0.02,51,0,0,0,0,0,1,1,0,0,1.523222123637925
9973,169.73,2,12,0.7,0.02,2,0,0,0,1,1,0,3,1,1,3.52137371864821
9974,169.76,49,186,234.2,0.02,51,0,0,0,0,0,1,2,3,1,1.6714635492196215
9975,169.78,49,129,241.9,0.02,51,0,0,0,0,0,1,0,0,1,1.661693539143846
9976,169.81,49,145,238.4,0.02,51,0,0,0,0,0,1,2,1,0,1.5894707226567157
9977,169.81,5,16,15.2,0.02,5,0,0,0,1,1,0,3,1,2,2.8215721760846715
9978,169.81,6,22,18.7,0.02,6,0,0,0,1,1,0,4,1,1,2.2333494908541045
9979,169.82,21,54,92.5,0.02,21,0,0,0,1,1,0,2,1,1,1.6306580836283362
9980,169.83,0,23,-11.5,0.02,0,0,0,0,1,1,0,4,1,2,2.643442464608911
9981,169.84,27,98,117.1,0.02,27,0,0,0,1,1,0,3,1,1,1.7433231638190987
9982,169.85,18,46,78.2,0.02,18,0,0,0,1,1,0,2,1,2,1.7090658852628808
9983,169.87,49,127,242.2,0.02,51,0,0,0,0,0,1,0,0,0,1.749403296264576
9984,169.88,14,40,57.9,0.02,14,0,0,0,1,1,0,3,1,1,1.9257212756121096
9985,169.89,25,69,110.1,0.02,25,0,0,0,1,1,0,3,1,0,1.7246594823239447
9986,169.89,1,6,-3.7,0.02,1,0,0,0,1,1,0,3,1,1,4.657938864014096
9987,169.91,49,125,239.3,0.02,51,0,0,0,0,0,1,3,0,1,1.8937543856763523
9988,169.93,48,126,220.2,0.02,48,0,0,0,1,1,0,2,3,2,1.7524905501563997
9989,169.95,49,134,240.4,0.02,51,0,0,0,0,0,1,1,1,1,1.7401573271010917
9990,169.98,49,150,235.9,0.02,51,0,0,0,0,0,1,4,1,0,1.6619930772507836
9991,169.98,2,13,0.7,0.02,2,0,0,0,1,1,0,3,1,0,2.812231394179447
9992,169.98,8,29,28.0,0.02,8,0,0,0,1,1,0,4,1,1,2.1990078916596323
9993,170.0,26,68,115.1,0.02,26,0,0,0,1,1,0,3,1,1,1.9077382237937621
9994,170.02,49,147,240.0,0.02,51,0,0,0,0,0,1,0,2,2,1.8436634463074897
9995,170.04,44,155,198.8,0.02,44,0,0,0,1,1,0,0,1,7,1.7782275278806838
9996,170.07,49,177,230.1,0.02,51,0,0,0,0,0,1,7,1,1,1.798055926997447
9997,170.09,49,141,239.7,0.02,51,0,0,0,0,0,1,1,2,1,1.6661951276810436
9998,170.11,42,108,191.0,0.02,42,0,0,0,1,1,0,3,2,2,1.7585627080541488
9999,170.13,43,116,197.4,0.02,43,0,0,0,1,1,0,1,2,0,1.6431367924563056
10000,170.14,21,48,94.1,0.02,21,0,0,0,1,1,0,1,1,1,1.9534319624798542
