episode,wall_clock_s,score,steps,reward,epsilon,COIN_COLLECTED,CRATE_DESTROYED,COIN_FOUND,KILLED_OPPONENT,KILLED_SELF,GOT_KILLED,SURVIVED_ROUND,INVALID_ACTION,BOMB_DROPPED,WAITED,mean_loss,buffer_size
1,0.03,0,9,-5.002,0.999915,0,5,0,0,1,1,0,0,1,4,nan,9
2,0.03,0,15,-6.262,0.999772,0,2,0,0,1,1,0,0,1,6,nan,24
3,0.04,0,9,-6.212,0.999687,0,1,0,0,1,1,0,0,1,2,nan,33
4,0.04,0,18,-6.142,0.999516,0,3,0,0,1,1,0,0,1,8,nan,51
5,0.05,0,5,-5.062,0.999468,0,4,1,0,1,1,0,0,1,3,nan,56
6,0.05,0,5,-5.362,0.999421,0,3,0,0,1,1,0,0,1,3,nan,61
7,0.05,0,17,-5.782,0.999259,0,4,0,0,1,1,0,0,1,5,nan,78
8,0.06,0,5,-5.062,0.999212,0,4,0,0,1,1,0,0,1,3,nan,83
9,0.06,0,8,-5.242,0.999135,0,4,0,0,1,1,0,0,1,4,nan,91
10,0.07,0,14,-6.202,0.999003,0,2,0,0,1,1,0,0,1,7,nan,105
11,0.07,0,15,-4.444,0.99886,0,8,0,0,1,1,0,0,2,4,nan,120
12,0.07,0,7,-5.482,0.998794,0,3,0,0,1,1,0,0,1,3,nan,127
13,0.08,0,10,-5.672,0.998699,0,3,0,0,1,1,0,0,1,5,nan,137
14,0.08,0,10,-6.28,0.998603,0,1,0,0,1,1,0,0,1,3,nan,147
15,0.09,0,7,-5.792,0.998537,0,2,1,0,1,1,0,0,1,2,nan,154
16,0.09,0,6,-5.122,0.99848,0,4,0,0,1,1,0,0,1,4,nan,160
17,0.09,0,5,-5.362,0.998432,0,3,0,0,1,1,0,0,1,3,nan,165
18,0.1,0,10,-5.962,0.998337,0,2,0,0,1,1,0,0,1,7,nan,175
19,0.1,0,7,-5.182,0.998271,0,4,1,0,1,1,0,0,1,3,nan,182
20,0.1,0,9,-5.602,0.998185,0,3,1,0,1,1,0,0,1,6,nan,191
21,0.11,0,12,-4.882,0.998072,0,6,0,0,1,1,0,0,1,6,nan,203
22,0.11,0,10,-5.972,0.997977,0,2,0,0,1,1,0,0,1,3,nan,213
23,0.12,0,6,-6.022,0.997919,0,1,0,0,1,1,0,0,1,3,nan,219
24,0.12,0,5,-5.062,0.997872,0,4,0,0,1,1,0,0,1,3,nan,224
25,0.12,0,16,-6.922,0.99772,0,0,0,0,1,1,0,0,1,7,nan,240
26,0.13,0,5,-5.062,0.997672,0,4,0,0,1,1,0,0,1,3,nan,245
27,0.13,0,17,-5.164,0.997511,0,6,1,0,1,1,0,0,2,7,nan,262
28,0.14,0,16,-5.722,0.997359,0,4,0,0,1,1,0,0,1,8,nan,278
29,0.14,0,11,-6.022,0.997255,0,2,0,0,1,1,0,0,1,4,nan,289
30,0.15,0,8,-5.552,0.997178,0,3,0,0,1,1,0,0,1,3,nan,297
31,0.15,0,13,-5.86,0.997055,0,3,0,0,1,1,0,0,1,4,nan,310
32,0.15,0,7,-5.482,0.996989,0,3,1,0,1,1,0,0,1,1,nan,317
33,0.16,0,9,-5.602,0.996903,0,3,0,0,1,1,0,0,1,5,nan,326
34,0.16,0,5,-5.962,0.996856,0,1,0,0,1,1,0,0,1,3,nan,331
35,0.17,0,9,-6.202,0.99677,0,1,0,0,1,1,0,0,1,5,nan,340
36,0.17,0,7,-5.482,0.996703,0,3,0,0,1,1,0,0,1,2,nan,347
37,0.18,0,6,-5.422,0.996646,0,3,0,0,1,1,0,0,1,4,nan,353
38,0.18,0,5,-5.662,0.996599,0,2,0,0,1,1,0,0,1,3,nan,358
39,0.18,0,7,-5.782,0.996533,0,2,1,0,1,1,0,0,1,4,nan,365
40,0.18,0,5,-5.062,0.996485,0,4,0,0,1,1,0,0,1,3,nan,370
41,0.19,0,5,-5.662,0.996437,0,2,1,0,1,1,0,0,1,2,nan,375
42,0.19,0,8,-5.542,0.996362,0,3,0,0,1,1,0,0,1,5,nan,383
43,0.2,0,15,-5.062,0.996219,0,6,0,0,1,1,0,0,1,7,nan,398
44,0.2,0,15,-5.344,0.996077,0,5,0,0,1,1,0,0,2,5,nan,413
45,0.21,0,16,-5.704,0.995924,0,4,0,0,1,1,0,0,2,6,nan,429
46,0.21,0,10,-5.662,0.99583,0,3,0,0,1,1,0,0,1,3,nan,439
47,0.28,0,6,-5.722,0.995772,0,2,0,0,1,1,0,0,1,3,nan,445
48,0.29,0,16,-6.032,0.995621,0,3,0,0,1,1,0,0,1,3,nan,461
49,0.29,0,5,-5.362,0.995573,0,3,1,0,1,1,0,0,1,3,nan,466
50,0.3,0,6,-5.732,0.995516,0,2,1,0,1,1,0,0,1,1,nan,472
51,0.3,0,31,-6.602,0.995221,0,4,0,0,1,1,0,0,3,11,nan,503
52,0.31,0,6,-5.732,0.995165,0,2,0,0,1,1,0,0,1,1,nan,509
53,0.31,0,5,-5.362,0.995117,0,3,0,0,1,1,0,0,1,1,nan,514
54,0.31,0,7,-5.492,0.99505,0,3,0,0,1,1,0,0,1,2,nan,521
55,0.32,0,7,-5.182,0.994984,0,4,0,0,1,1,0,0,1,3,nan,528
56,0.32,0,16,-6.322,0.994832,0,2,0,0,1,1,0,0,1,11,nan,544
57,0.33,0,9,-5.602,0.994746,0,3,0,0,1,1,0,0,1,5,nan,553
58,0.33,0,14,-5.902,0.994614,0,3,0,0,1,1,0,0,1,5,nan,567
59,0.34,0,20,-5.924,0.994424,0,4,1,0,1,1,0,0,3,4,nan,587
60,0.34,0,14,-5.582,0.99429,0,4,0,0,1,1,0,0,2,4,nan,601
61,0.35,0,7,-5.792,0.994224,0,2,0,0,1,1,0,0,1,2,nan,608
62,0.35,0,7,-6.082,0.994158,0,1,0,0,1,1,0,0,1,4,nan,615
63,0.35,0,16,-6.004,0.994005,0,3,2,0,1,1,0,0,2,6,nan,631
64,0.36,0,14,-5.912,0.993873,0,3,0,0,1,1,0,0,1,5,nan,645
65,0.36,0,9,-5.902,0.993787,0,2,0,0,1,1,0,0,1,1,nan,654
66,0.37,0,8,-5.242,0.993711,0,4,0,0,1,1,0,0,1,4,nan,662
67,0.37,0,8,-4.942,0.993635,0,5,0,0,1,1,0,0,1,4,nan,670
68,0.37,0,14,-4.684,0.993502,0,7,0,0,1,1,0,0,2,5,nan,684
69,0.38,0,9,-5.602,0.993417,0,3,0,0,1,1,0,0,1,6,nan,693
70,0.38,0,5,-5.662,0.993369,0,2,0,0,1,1,0,0,1,3,nan,698
71,0.39,0,7,-5.482,0.993302,0,3,1,0,1,1,0,0,1,3,nan,705
72,0.39,0,6,-5.122,0.993246,0,4,0,0,1,1,0,0,1,4,nan,711
73,0.39,0,5,-5.062,0.993198,0,4,0,0,1,1,0,0,1,3,nan,716
74,0.4,0,7,-5.182,0.993132,0,4,0,0,1,1,0,0,1,3,nan,723
75,0.4,0,5,-5.362,0.993084,0,3,0,0,1,1,0,0,1,3,nan,728
76,0.4,0,5,-5.362,0.993036,0,3,1,0,1,1,0,0,1,2,nan,733
77,0.41,0,10,-5.972,0.992942,0,2,0,0,1,1,0,0,1,5,nan,743
78,0.41,0,10,-5.972,0.992846,0,2,1,0,1,1,0,0,1,5,nan,753
79,0.41,0,7,-5.782,0.99278,0,2,0,0,1,1,0,0,1,4,nan,760
80,0.42,0,7,-6.082,0.992714,0,1,0,0,1,1,0,0,1,2,nan,767
81,0.42,0,7,-5.482,0.992647,0,3,0,0,1,1,0,0,1,5,nan,774
82,0.42,0,7,-6.082,0.99258,0,1,0,0,1,1,0,0,1,3,nan,781
83,0.43,0,6,-5.432,0.992524,0,3,0,0,1,1,0,0,1,1,nan,787
84,0.43,0,11,-5.722,0.992419,0,3,0,0,1,1,0,0,1,4,nan,798
85,0.44,0,5,-5.662,0.992371,0,2,1,0,1,1,0,0,1,3,nan,803
86,0.44,0,8,-5.542,0.992295,0,3,0,0,1,1,0,0,1,2,nan,811
87,0.44,0,6,-5.422,0.992239,0,3,1,0,1,1,0,0,1,3,nan,817
88,0.45,0,5,-5.662,0.992191,0,2,1,0,1,1,0,0,1,0,nan,822
89,0.45,0,5,-5.062,0.992143,0,4,0,0,1,1,0,0,1,3,nan,827
90,0.45,0,5,-5.362,0.992096,0,3,0,0,1,1,0,0,1,3,nan,832
91,0.46,0,9,-5.302,0.992011,0,4,1,0,1,1,0,0,1,5,nan,841
92,0.46,0,5,-5.062,0.991963,0,4,1,0,1,1,0,0,1,3,nan,846
93,0.46,0,6,-5.44,0.991906,0,3,0,0,1,1,0,0,1,1,nan,852
94,0.47,0,7,-5.79,0.991839,0,2,0,0,1,1,0,0,1,2,nan,859
95,0.47,0,5,-5.062,0.991792,0,4,0,0,1,1,0,0,1,3,nan,864
96,0.47,0,8,-5.542,0.991716,0,3,1,0,1,1,0,0,1,5,nan,872
97,0.48,0,6,-5.722,0.991659,0,2,0,0,1,1,0,0,1,3,nan,878
98,0.48,0,5,-5.062,0.991611,0,4,1,0,1,1,0,0,1,3,nan,883
99,0.48,0,10,-5.662,0.991517,0,3,0,0,1,1,0,0,1,3,nan,893
100,0.49,0,8,-5.55,0.99144,0,3,0,0,1,1,0,0,1,1,nan,901
101,0.49,0,10,-5.972,0.991345,0,2,0,0,1,1,0,0,1,3,nan,911
102,0.5,0,5,-5.062,0.991298,0,4,1,0,1,1,0,0,1,3,nan,916
103,0.5,0,6,-5.422,0.991241,0,3,1,0,1,1,0,0,1,4,nan,922
104,0.5,0,5,-5.362,0.991193,0,3,1,0,1,1,0,0,1,3,nan,927
105,0.51,0,9,-5.602,0.991108,0,3,0,0,1,1,0,0,1,4,nan,936
106,0.51,0,6,-5.422,0.991051,0,3,0,0,1,1,0,0,1,2,nan,942
107,0.52,0,5,-5.062,0.991004,0,4,0,0,1,1,0,0,1,3,nan,947
108,0.52,0,6,-5.432,0.990946,0,3,0,0,1,1,0,0,1,1,nan,953
109,0.52,0,5,-5.062,0.990899,0,4,0,0,1,1,0,0,1,3,nan,958
110,0.53,0,5,-5.062,0.990851,0,4,0,0,1,1,0,0,1,3,nan,963
111,0.53,0,7,-5.782,0.990785,0,2,0,0,1,1,0,0,1,4,nan,970
112,0.53,0,7,-5.482,0.990719,0,3,0,0,1,1,0,0,1,3,nan,977
113,0.54,0,8,-5.552,0.990642,0,3,0,0,1,1,0,0,1,1,nan,985
114,0.54,0,11,-6.04,0.990538,0,2,0,0,1,1,0,0,1,4,nan,996
115,0.55,0,6,-5.722,0.990481,0,2,0,0,1,1,0,0,1,3,nan,1002
116,0.55,0,9,-5.302,0.990395,0,4,0,0,1,1,0,0,1,5,nan,1011
117,0.55,0,14,-4.074,0.990263,0,9,1,0,1,1,0,0,2,5,nan,1025
118,0.56,0,8,-5.542,0.990186,0,3,1,0,1,1,0,0,1,4,nan,1033
119,0.56,0,5,-5.362,0.990139,0,3,0,0,1,1,0,0,1,3,nan,1038
120,0.57,0,5,-5.362,0.990092,0,3,0,0,1,1,0,0,1,3,nan,1043
121,0.57,0,9,-5.61,0.990006,0,3,0,0,1,1,0,0,1,4,nan,1052
122,0.57,0,9,-5.302,0.98992,0,4,0,0,1,1,0,0,1,3,nan,1061
123,0.58,0,5,-5.362,0.989873,0,3,0,0,1,1,0,0,1,3,nan,1066
124,0.58,0,7,-5.782,0.989807,0,2,0,0,1,1,0,0,1,5,nan,1073
125,0.58,0,8,-5.842,0.98973,0,2,0,0,1,1,0,0,1,5,nan,1081
126,0.59,0,14,-6.184,0.989598,0,2,0,0,1,1,0,0,2,3,nan,1095
127,0.59,0,9,-5.602,0.989512,0,3,0,0,1,1,0,0,1,5,nan,1104
128,0.6,0,5,-5.962,0.989464,0,1,0,0,1,1,0,0,1,3,nan,1109
129,0.6,0,10,-5.662,0.98937,0,3,1,0,1,1,0,0,1,4,nan,1119
130,0.61,0,11,-5.74,0.989265,0,3,0,0,1,1,0,0,1,4,nan,1130
131,0.61,0,6,-5.44,0.989208,0,3,0,0,1,1,0,0,1,1,nan,1136
132,0.61,0,7,-5.782,0.989142,0,2,0,0,1,1,0,0,1,2,nan,1143
133,0.62,0,7,-5.482,0.989075,0,3,0,0,1,1,0,0,1,1,nan,1150
134,0.62,0,11,-5.122,0.98897,0,5,1,0,1,1,0,0,1,3,nan,1161
135,0.62,0,5,-5.362,0.988923,0,3,0,0,1,1,0,0,1,3,nan,1166
136,0.63,0,5,-5.362,0.988876,0,3,0,0,1,1,0,0,1,3,nan,1171
137,0.63,0,7,-5.79,0.988809,0,2,0,0,1,1,0,0,1,0,nan,1178
138,0.64,0,7,-5.79,0.988742,0,2,0,0,1,1,0,0,1,0,nan,1185
139,0.64,0,5,-5.362,0.988695,0,3,1,0,1,1,0,0,1,3,nan,1190
140,0.64,0,8,-5.242,0.988619,0,4,0,0,1,1,0,0,1,4,nan,1198
141,0.65,0,11,-5.722,0.988514,0,3,0,0,1,1,0,0,1,5,nan,1209
142,0.65,0,16,-6.304,0.988363,0,2,0,0,1,1,0,0,2,6,nan,1225
143,0.66,0,9,-5.602,0.988277,0,3,0,0,1,1,0,0,1,3,nan,1234
144,0.66,0,8,-5.842,0.988201,0,2,0,0,1,1,0,0,1,5,nan,1242
145,0.66,0,11,-4.822,0.988097,0,6,1,0,1,1,0,0,1,8,nan,1253
146,0.67,0,7,-5.8,0.98803,0,2,0,0,1,1,0,0,1,2,nan,1260
147,0.67,0,23,-5.506,0.987811,0,6,0,0,1,1,0,0,3,8,nan,1283
148,0.68,0,8,-5.542,0.987735,0,3,1,0,1,1,0,0,1,3,nan,1291
149,0.68,0,6,-5.422,0.987679,0,3,0,0,1,1,0,0,1,4,nan,1297
150,0.68,0,5,-5.062,0.987631,0,4,0,0,1,1,0,0,1,3,nan,1302
151,0.69,0,7,-5.482,0.987564,0,3,0,0,1,1,0,0,1,5,nan,1309
152,0.69,0,10,-6.262,0.98747,0,1,0,0,1,1,0,0,1,3,nan,1319
153,0.7,0,6,-5.722,0.987413,0,2,0,0,1,1,0,0,1,3,nan,1325
154,0.7,0,22,-6.082,0.987204,0,4,0,0,1,1,0,0,1,10,nan,1347
155,0.7,0,6,-6.022,0.987147,0,1,0,0,1,1,0,0,1,3,nan,1353
156,0.71,0,10,-5.362,0.987051,0,4,0,0,1,1,0,0,1,6,nan,1363
157,0.71,0,11,-6.022,0.986947,0,2,0,0,1,1,0,0,1,8,nan,1374
158,0.72,0,10,-5.962,0.986852,0,2,0,0,1,1,0,0,1,6,nan,1384
159,0.72,0,6,-5.722,0.986795,0,2,0,0,1,1,0,0,1,3,nan,1390
160,0.72,0,7,-5.482,0.986729,0,3,0,0,1,1,0,0,1,3,nan,1397
161,0.73,0,9,-5.012,0.986643,0,5,1,0,1,1,0,0,1,0,nan,1406
162,0.73,0,5,-5.362,0.986595,0,3,0,0,1,1,0,0,1,3,nan,1411
163,0.74,0,5,-5.362,0.986548,0,3,0,0,1,1,0,0,1,3,nan,1416
164,0.74,0,8,-5.542,0.986472,0,3,0,0,1,1,0,0,1,3,nan,1424
165,0.74,0,8,-6.142,0.986396,0,1,0,0,1,1,0,0,1,5,nan,1432
166,0.75,0,7,-5.182,0.986329,0,4,0,0,1,1,0,0,1,3,nan,1439
167,0.75,0,14,-4.982,0.986197,0,6,0,0,1,1,0,0,2,4,nan,1453
168,0.76,0,6,-5.422,0.986139,0,3,0,0,1,1,0,0,1,3,nan,1459
169,0.76,0,7,-5.482,0.986073,0,3,0,0,1,1,0,0,1,3,nan,1466
170,0.77,0,27,-6.352,0.985816,0,4,0,0,1,1,0,0,3,5,nan,1493
171,0.77,0,5,-5.062,0.985769,0,4,0,0,1,1,0,0,1,3,nan,1498
172,0.78,0,6,-5.722,0.985712,0,2,1,0,1,1,0,0,1,1,nan,1504
173,0.78,0,6,-5.122,0.985655,0,4,0,0,1,1,0,0,1,4,nan,1510
174,0.79,0,5,-5.362,0.985607,0,3,0,0,1,1,0,0,1,3,nan,1515
175,0.79,0,12,-6.09,0.985494,0,2,0,0,1,1,0,0,1,5,nan,1527
176,0.8,0,6,-5.43,0.985437,0,3,0,0,1,1,0,0,1,1,nan,1533
177,0.8,0,11,-5.722,0.985332,0,3,0,0,1,1,0,0,1,6,nan,1544
178,0.8,0,5,-5.362,0.985285,0,3,0,0,1,1,0,0,1,3,nan,1549
179,0.81,0,13,-5.532,0.985161,0,4,1,0,1,1,0,0,2,6,nan,1562
180,0.81,0,13,-5.842,0.985038,0,3,0,0,1,1,0,0,1,6,nan,1575
181,0.82,0,5,-5.062,0.98499,0,4,2,0,1,1,0,0,1,3,nan,1580
182,0.82,0,13,-5.86,0.984866,0,3,0,0,1,1,0,0,1,6,nan,1593
183,0.83,0,8,-5.852,0.984791,0,2,0,0,1,1,0,0,1,3,nan,1601
184,0.83,0,9,-5.602,0.984705,0,3,0,0,1,1,0,0,1,4,nan,1610
185,0.83,0,5,-5.662,0.984657,0,2,0,0,1,1,0,0,1,2,nan,1615
186,0.84,0,14,-4.992,0.984525,0,6,0,0,1,1,0,0,2,6,nan,1629
187,0.84,0,14,-4.084,0.984391,0,9,2,0,1,1,0,0,2,2,nan,1643
188,0.85,0,7,-5.8,0.984325,0,2,1,0,1,1,0,0,1,2,nan,1650
189,0.85,0,10,-6.262,0.98423,0,1,0,0,1,1,0,0,1,4,nan,1660
190,0.86,0,16,-5.694,0.984078,0,4,1,0,1,1,0,0,2,8,nan,1676
191,0.86,0,17,-5.764,0.983916,0,4,0,0,1,1,0,0,2,6,nan,1693
192,0.87,0,8,-5.542,0.983841,0,3,0,0,1,1,0,0,1,4,nan,1701
193,0.87,0,9,-5.902,0.983755,0,2,0,0,1,1,0,0,1,5,nan,1710
194,0.88,0,7,-5.492,0.983688,0,3,0,0,1,1,0,0,1,2,nan,1717
195,0.88,0,5,-5.362,0.983641,0,3,0,0,1,1,0,0,1,3,nan,1722
196,0.88,0,20,-6.56,0.983451,0,2,0,0,1,1,0,0,2,8,nan,1742
197,0.89,0,5,-5.062,0.983403,0,4,0,0,1,1,0,0,1,3,nan,1747
198,0.89,0,5,-5.062,0.983356,0,4,0,0,1,1,0,0,1,3,nan,1752
199,0.9,0,8,-5.852,0.98328,0,2,0,0,1,1,0,0,1,1,nan,1760
200,0.9,0,9,-5.602,0.983194,0,3,0,0,1,1,0,0,1,4,nan,1769
201,0.9,0,6,-5.422,0.983137,0,3,0,0,1,1,0,0,1,1,nan,1775
202,0.91,0,5,-5.062,0.98309,0,4,0,0,1,1,0,0,1,3,nan,1780
203,0.91,0,13,-5.514,0.982966,0,4,0,0,1,1,0,0,2,4,nan,1793
204,0.92,0,5,-5.662,0.982919,0,2,0,0,1,1,0,0,1,3,nan,1798
205,0.92,0,19,-5.582,0.982738,0,5,0,0,1,1,0,0,2,9,nan,1817
206,0.93,0,14,-6.212,0.982606,0,2,0,0,1,1,0,0,1,3,nan,1831
207,0.93,0,9,-5.61,0.98252,0,3,0,0,1,1,0,0,1,2,nan,1840
208,0.94,0,6,-5.422,0.982463,0,3,0,0,1,1,0,0,1,4,nan,1846
209,0.94,0,5,-5.062,0.982415,0,4,1,0,1,1,0,0,1,3,nan,1851
210,0.94,0,5,-5.362,0.982368,0,3,1,0,1,1,0,0,1,3,nan,1856
211,0.95,0,32,-7.282,0.982064,0,2,0,0,1,1,0,0,1,14,nan,1888
212,0.96,0,5,-5.062,0.982016,0,4,0,0,1,1,0,0,1,3,nan,1893
213,0.96,0,8,-5.55,0.98194,0,3,0,0,1,1,0,0,1,1,nan,1901
214,0.96,0,5,-5.362,0.981893,0,3,0,0,1,1,0,0,1,3,nan,1906
215,0.97,0,19,-4.992,0.981712,0,7,0,0,1,1,0,0,2,8,nan,1925
216,0.98,0,11,-5.722,0.981608,0,3,0,0,1,1,0,0,1,5,nan,1936
217,0.98,0,5,-5.062,0.98156,0,4,0,0,1,1,0,0,1,3,nan,1941
218,0.98,0,11,-6.04,0.981456,0,2,0,0,1,1,0,0,1,2,nan,1952
219,0.99,0,5,-5.062,0.981409,0,4,0,0,1,1,0,0,1,3,nan,1957
220,0.99,0,12,-4.882,0.981294,0,6,0,0,1,1,0,0,1,4,nan,1969
221,1.0,0,8,-5.542,0.981218,0,3,0,0,1,1,0,0,1,4,nan,1977
222,1.0,0,8,-5.552,0.981143,0,3,0,0,1,1,0,0,1,3,nan,1985
223,1.01,0,7,-5.182,0.981076,0,4,0,0,1,1,0,0,1,5,nan,1992
224,1.01,0,8,-5.542,0.981,0,3,1,0,1,1,0,0,1,3,nan,2000
225,1.02,0,13,-6.142,0.980877,0,2,0,0,1,1,0,0,1,4,nan,2013
226,1.02,0,10,-5.98,0.980781,0,2,0,0,1,1,0,0,1,3,nan,2023
227,1.02,0,16,-6.032,0.98063,0,3,0,0,1,1,0,0,1,5,nan,2039
228,1.03,0,21,-5.394,0.98043,0,6,0,0,1,1,0,0,3,6,nan,2060
229,1.03,0,8,-5.842,0.980354,0,2,0,0,1,1,0,0,1,2,nan,2068
230,1.04,0,6,-5.122,0.980297,0,4,1,0,1,1,0,0,1,4,nan,2074
231,1.04,0,7,-5.792,0.980231,0,2,0,0,1,1,0,0,1,2,nan,2081
232,1.05,0,10,-5.67,0.980136,0,3,0,0,1,1,0,0,1,1,nan,2091
233,1.05,0,8,-5.242,0.980059,0,4,1,0,1,1,0,0,1,4,nan,2099
234,1.05,0,6,-5.422,0.980002,0,3,0,0,1,1,0,0,1,4,nan,2105
235,1.06,0,7,-5.182,0.979936,0,4,0,0,1,1,0,0,1,5,nan,2112
236,1.06,0,5,-5.062,0.979889,0,4,0,0,1,1,0,0,1,3,nan,2117
237,1.07,0,5,-5.662,0.979841,0,2,0,0,1,1,0,0,1,3,nan,2122
238,1.07,0,6,-5.422,0.979784,0,3,0,0,1,1,0,0,1,4,nan,2128
239,1.07,0,7,-5.182,0.979718,0,4,1,0,1,1,0,0,1,5,nan,2135
240,1.08,0,7,-5.182,0.979651,0,4,0,0,1,1,0,0,1,5,nan,2142
241,1.08,0,9,-5.302,0.979565,0,4,0,0,1,1,0,0,1,3,nan,2151
242,1.08,0,6,-5.73,0.979509,0,2,0,0,1,1,0,0,1,1,nan,2157
243,1.09,0,6,-5.732,0.979452,0,2,0,0,1,1,0,0,1,1,nan,2163
244,1.09,0,5,-5.662,0.979404,0,2,0,0,1,1,0,0,1,2,nan,2168
245,1.09,1,20,-4.034,0.979214,1,7,1,0,1,1,0,0,2,6,nan,2188
246,1.1,0,7,-5.482,0.979147,0,3,0,0,1,1,0,0,1,2,nan,2195
247,1.1,0,7,-5.782,0.979081,0,2,1,0,1,1,0,0,1,5,nan,2202
248,1.11,0,8,-5.842,0.979005,0,2,1,0,1,1,0,0,1,3,nan,2210
249,1.11,0,5,-5.362,0.978958,0,3,0,0,1,1,0,0,1,3,nan,2215
250,1.11,0,12,-5.782,0.978843,0,3,0,0,1,1,0,0,1,6,nan,2227
251,1.12,0,9,-5.302,0.978758,0,4,0,0,1,1,0,0,1,5,nan,2236
252,1.12,0,6,-5.722,0.978701,0,2,0,0,1,1,0,0,1,3,nan,2242
253,1.12,0,5,-5.362,0.978653,0,3,0,0,1,1,0,0,1,2,nan,2247
254,1.13,0,7,-5.182,0.978587,0,4,0,0,1,1,0,0,1,3,nan,2254
255,1.13,0,7,-5.182,0.978521,0,4,1,0,1,1,0,0,1,3,nan,2261
256,1.14,0,27,-5.442,0.978264,0,7,1,0,1,1,0,0,3,12,nan,2288
257,1.14,0,7,-5.482,0.978198,0,3,0,0,1,1,0,0,1,3,nan,2295
258,1.15,0,7,-6.082,0.978131,0,1,0,0,1,1,0,0,1,5,nan,2302
259,1.15,0,7,-5.782,0.978065,0,2,0,0,1,1,0,0,1,3,nan,2309
260,1.16,0,15,-5.634,0.977922,0,4,0,0,1,1,0,0,2,5,nan,2324
261,1.16,0,7,-5.182,0.977855,0,4,0,0,1,1,0,0,1,5,nan,2331
262,1.17,0,6,-5.422,0.977799,0,3,0,0,1,1,0,0,1,4,nan,2337
263,1.17,0,7,-5.482,0.977732,0,3,0,0,1,1,0,0,1,5,nan,2344
264,1.17,0,16,-5.704,0.97758,0,4,0,0,1,1,0,0,2,7,nan,2360
265,1.18,0,15,-5.97,0.977437,0,3,0,0,1,1,0,0,1,6,nan,2375
266,1.18,0,21,-4.494,0.977238,0,9,1,0,1,1,0,0,2,7,nan,2396
267,1.19,0,6,-5.432,0.977181,0,3,1,0,1,1,0,0,1,1,nan,2402
268,1.19,0,14,-5.274,0.977048,0,5,0,0,1,1,0,0,2,6,nan,2416
269,1.2,0,5,-5.062,0.977001,0,4,0,0,1,1,0,0,1,3,nan,2421
270,1.2,0,8,-5.56,0.976924,0,3,1,0,1,1,0,0,1,3,nan,2429
271,1.2,0,5,-5.362,0.976877,0,3,0,0,1,1,0,0,1,3,nan,2434
272,1.21,0,15,-5.034,0.976734,0,6,0,0,1,1,0,0,2,9,nan,2449
273,1.21,0,5,-5.362,0.976687,0,3,0,0,1,1,0,0,1,3,nan,2454
274,1.22,0,5,-5.362,0.976639,0,3,0,0,1,1,0,0,1,3,nan,2459
275,1.22,0,16,-6.012,0.976487,0,3,0,0,1,1,0,0,2,4,nan,2475
276,1.23,0,7,-5.182,0.976421,0,4,0,0,1,1,0,0,1,3,nan,2482
277,1.23,0,8,-5.842,0.976345,0,2,1,0,1,1,0,0,1,5,nan,2490
278,1.23,0,10,-5.672,0.97625,0,3,0,0,1,1,0,0,1,3,nan,2500
279,1.24,0,17,-5.764,0.976089,0,4,0,0,1,1,0,0,2,7,nan,2517
280,1.24,0,14,-5.292,0.975955,0,5,1,0,1,1,0,0,2,7,nan,2531
281,1.25,0,8,-5.552,0.97588,0,3,0,0,1,1,0,0,1,3,nan,2539
282,1.25,0,7,-5.492,0.975813,0,3,1,0,1,1,0,0,1,2,nan,2546
283,1.26,0,14,-5.284,0.97568,0,5,1,0,1,1,0,0,2,5,nan,2560
284,1.26,0,5,-5.662,0.975633,0,2,0,0,1,1,0,0,1,2,nan,2565
285,1.27,0,7,-5.49,0.975566,0,3,1,0,1,1,0,0,1,0,nan,2572
286,1.27,0,15,-5.972,0.975423,0,3,0,0,1,1,0,0,1,4,nan,2587
287,1.28,0,6,-5.722,0.975367,0,2,0,0,1,1,0,0,1,3,nan,2593
288,1.28,0,6,-5.122,0.97531,0,4,0,0,1,1,0,0,1,4,nan,2599
289,1.28,0,8,-5.542,0.975233,0,3,0,0,1,1,0,0,1,5,nan,2607
290,1.29,0,5,-5.062,0.975186,0,4,0,0,1,1,0,0,1,3,nan,2612
291,1.29,0,21,-5.994,0.974986,0,4,0,0,1,1,0,0,2,8,nan,2633
292,1.3,0,8,-5.842,0.974911,0,2,0,0,1,1,0,0,1,3,nan,2641
293,1.3,0,7,-5.482,0.974844,0,3,0,0,1,1,0,0,1,3,nan,2648
294,1.31,0,5,-5.362,0.974796,0,3,0,0,1,1,0,0,1,3,nan,2653
295,1.31,0,6,-6.022,0.974739,0,1,0,0,1,1,0,0,1,3,nan,2659
296,1.31,0,7,-5.482,0.974673,0,3,0,0,1,1,0,0,1,4,nan,2666
297,1.32,0,7,-5.8,0.974607,0,2,0,0,1,1,0,0,1,2,nan,2673
298,1.32,0,7,-5.182,0.97454,0,4,0,0,1,1,0,0,1,5,nan,2680
299,1.32,0,5,-5.962,0.974492,0,1,0,0,1,1,0,0,1,2,nan,2685
300,1.33,0,7,-4.882,0.974426,0,5,0,0,1,1,0,0,1,3,nan,2692
301,1.33,0,9,-5.902,0.974341,0,2,0,0,1,1,0,0,1,3,nan,2701
302,1.33,0,5,-5.362,0.974293,0,3,0,0,1,1,0,0,1,3,nan,2706
303,1.34,0,6,-5.722,0.974236,0,2,1,0,1,1,0,0,1,3,nan,2712
304,1.34,0,6,-5.722,0.974179,0,2,0,0,1,1,0,0,1,4,nan,2718
305,1.35,0,5,-5.662,0.974132,0,2,0,0,1,1,0,0,1,3,nan,2723
306,1.35,0,7,-4.882,0.974065,0,5,0,0,1,1,0,0,1,3,nan,2730
307,1.35,0,7,-5.482,0.973998,0,3,0,0,1,1,0,0,1,4,nan,2737
308,1.36,0,5,-5.362,0.973951,0,3,0,0,1,1,0,0,1,1,nan,2742
309,1.36,0,6,-5.422,0.973894,0,3,1,0,1,1,0,0,1,4,nan,2748
310,1.36,0,8,-5.542,0.973818,0,3,0,0,1,1,0,0,1,4,nan,2756
311,1.37,0,29,-4.064,0.973542,0,12,1,0,1,1,0,0,3,8,nan,2785
312,1.38,0,13,-6.45,0.973419,0,1,0,0,1,1,0,0,1,4,nan,2798
313,1.38,0,8,-5.542,0.973343,0,3,0,0,1,1,0,0,1,3,nan,2806
314,1.38,0,5,-5.662,0.973295,0,2,0,0,1,1,0,0,1,1,nan,2811
315,1.39,0,7,-5.482,0.973229,0,3,0,0,1,1,0,0,1,5,nan,2818
316,1.39,0,7,-6.082,0.973163,0,1,0,0,1,1,0,0,1,4,nan,2825
317,1.4,0,7,-5.482,0.973096,0,3,0,0,1,1,0,0,1,5,nan,2832
318,1.4,0,17,-6.082,0.972935,0,3,0,0,1,1,0,0,1,12,nan,2849
319,1.4,0,7,-5.482,0.972868,0,3,0,0,1,1,0,0,1,2,nan,2856
320,1.41,0,5,-5.062,0.97282,0,4,0,0,1,1,0,0,1,3,nan,2861
321,1.41,0,6,-5.722,0.972764,0,2,0,0,1,1,0,0,1,2,nan,2867
322,1.41,0,5,-5.062,0.972716,0,4,0,0,1,1,0,0,1,3,nan,2872
323,1.42,0,13,-6.142,0.972592,0,2,0,0,1,1,0,0,1,6,nan,2885
324,1.42,0,7,-5.482,0.972526,0,3,0,0,1,1,0,0,1,2,nan,2892
325,1.43,0,20,-5.952,0.972336,0,4,1,0,1,1,0,0,2,6,nan,2912
326,1.43,0,7,-6.09,0.97227,0,1,0,0,1,1,0,0,1,2,nan,2919
327,1.43,0,7,-5.482,0.972203,0,3,0,0,1,1,0,0,1,3,nan,2926
328,1.44,0,7,-5.782,0.972136,0,2,0,0,1,1,0,0,1,2,nan,2933
329,1.44,0,5,-5.362,0.972089,0,3,0,0,1,1,0,0,1,3,nan,2938
330,1.44,0,6,-6.022,0.972032,0,1,0,0,1,1,0,0,1,3,nan,2944
331,1.45,0,6,-5.732,0.971975,0,2,0,0,1,1,0,0,1,1,nan,2950
332,1.45,0,6,-5.422,0.971918,0,3,0,0,1,1,0,0,1,3,nan,2956
333,1.45,0,7,-5.482,0.971851,0,3,0,0,1,1,0,0,1,2,nan,2963
334,1.46,0,9,-5.902,0.971766,0,2,1,0,1,1,0,0,1,5,nan,2972
335,1.46,0,8,-5.842,0.97169,0,2,0,0,1,1,0,0,1,5,nan,2980
336,1.47,0,16,-6.012,0.971538,0,3,1,0,1,1,0,0,2,7,nan,2996
337,1.47,0,18,-4.632,0.971367,0,8,0,0,1,1,0,0,2,6,nan,3014
338,1.47,0,5,-5.062,0.97132,0,4,0,0,1,1,0,0,1,3,nan,3019
339,1.48,0,13,-5.86,0.971196,0,3,0,0,1,1,0,0,1,4,nan,3032
340,1.48,0,7,-5.182,0.971129,0,4,0,0,1,1,0,0,1,5,nan,3039
341,1.49,0,7,-5.482,0.971063,0,3,0,0,1,1,0,0,1,5,nan,3046
342,1.49,0,5,-5.362,0.971016,0,3,0,0,1,1,0,0,1,3,nan,3051
343,1.49,0,5,-5.662,0.970968,0,2,1,0,1,1,0,0,1,2,nan,3056
344,1.5,0,7,-5.182,0.970901,0,4,2,0,1,1,0,0,1,5,nan,3063
345,1.5,0,5,-5.362,0.970854,0,3,0,0,1,1,0,0,1,1,nan,3068
346,1.51,0,29,-6.756,0.970579,0,3,0,0,1,1,0,0,3,13,nan,3097
347,1.51,0,5,-5.662,0.970531,0,2,0,0,1,1,0,0,1,3,nan,3102
348,1.51,0,19,-5.874,0.970351,0,4,0,0,1,1,0,0,2,10,nan,3121
349,1.52,0,26,-4.484,0.970104,0,10,0,0,1,1,0,0,3,9,nan,3147
350,1.53,0,18,-5.524,0.969932,0,5,0,0,1,1,0,0,2,9,nan,3165
351,1.53,0,6,-6.022,0.969876,0,1,0,0,1,1,0,0,1,3,nan,3171
352,1.53,0,5,-5.362,0.969828,0,3,0,0,1,1,0,0,1,3,nan,3176
353,1.54,0,9,-5.902,0.969742,0,2,0,0,1,1,0,0,1,4,nan,3185
354,1.55,0,25,-6.834,0.969505,0,2,0,0,1,1,0,0,2,9,nan,3210
355,1.55,0,13,-5.842,0.969382,0,3,0,0,1,1,0,0,1,7,nan,3223
356,1.55,0,5,-5.062,0.969334,0,4,0,0,1,1,0,0,1,3,nan,3228
357,1.56,0,7,-5.182,0.969267,0,4,0,0,1,1,0,0,1,3,nan,3235
358,1.57,0,21,-5.394,0.969068,0,6,0,0,1,1,0,0,3,6,nan,3256
359,1.57,0,8,-5.252,0.968992,0,4,1,0,1,1,0,0,1,1,nan,3264
360,1.57,0,5,-5.662,0.968944,0,2,0,0,1,1,0,0,1,2,nan,3269
361,1.58,0,23,-6.722,0.968726,0,2,0,0,1,1,0,0,2,8,nan,3292
362,1.58,0,5,-5.062,0.968678,0,4,1,0,1,1,0,0,1,3,nan,3297
363,1.59,0,5,-5.062,0.968631,0,4,1,0,1,1,0,0,1,3,nan,3302
364,1.59,0,5,-5.062,0.968584,0,4,0,0,1,1,0,0,1,3,nan,3307
365,1.6,0,14,-5.902,0.96845,0,3,0,0,1,1,0,0,1,5,nan,3321
366,1.6,0,12,-5.482,0.968337,0,4,1,0,1,1,0,0,1,4,nan,3333
367,1.61,0,8,-5.542,0.96826,0,3,0,0,1,1,0,0,1,4,nan,3341
368,1.61,0,7,-5.482,0.968194,0,3,0,0,1,1,0,0,1,3,nan,3348
369,1.62,0,17,-5.764,0.968032,0,4,0,0,1,1,0,0,2,7,nan,3365
370,1.62,0,5,-5.362,0.967985,0,3,0,0,1,1,0,0,1,3,nan,3370
371,1.62,0,5,-5.362,0.967938,0,3,0,0,1,1,0,0,1,3,nan,3375
372,1.63,0,9,-5.302,0.967852,0,4,1,0,1,1,0,0,1,5,nan,3384
373,1.63,0,15,-6.262,0.96771,0,2,0,0,1,1,0,0,1,7,nan,3399
374,1.63,0,8,-5.55,0.967634,0,3,0,0,1,1,0,0,1,3,nan,3407
375,1.64,0,5,-5.062,0.967586,0,4,0,0,1,1,0,0,1,3,nan,3412
376,1.64,0,5,-5.062,0.967538,0,4,0,0,1,1,0,0,1,3,nan,3417
377,1.65,0,6,-5.732,0.967481,0,2,1,0,1,1,0,0,1,1,nan,3423
378,1.65,0,5,-5.662,0.967434,0,2,0,0,1,1,0,0,1,2,nan,3428
379,1.65,0,11,-6.032,0.967329,0,2,0,0,1,1,0,0,1,2,nan,3439
380,1.66,0,5,-5.362,0.967282,0,3,1,0,1,1,0,0,1,1,nan,3444
381,1.66,0,7,-5.482,0.967216,0,3,1,0,1,1,0,0,1,3,nan,3451
382,1.67,0,10,-5.662,0.967121,0,3,0,0,1,1,0,0,1,7,nan,3461
383,1.67,0,5,-5.362,0.967073,0,3,0,0,1,1,0,0,1,3,nan,3466
384,1.67,0,8,-5.842,0.966997,0,2,0,0,1,1,0,0,1,3,nan,3474
385,1.68,0,11,-5.722,0.966893,0,3,0,0,1,1,0,0,1,6,nan,3485
386,1.68,0,5,-5.362,0.966845,0,3,0,0,1,1,0,0,1,3,nan,3490
387,1.68,0,5,-5.662,0.966797,0,2,0,0,1,1,0,0,1,3,nan,3495
388,1.69,0,5,-5.662,0.96675,0,2,0,0,1,1,0,0,1,1,nan,3500
389,1.69,0,8,-5.55,0.966674,0,3,0,0,1,1,0,0,1,1,nan,3508
390,1.7,0,12,-6.1,0.96656,0,2,0,0,1,1,0,0,1,5,nan,3520
391,1.7,0,13,-6.442,0.966437,0,1,0,0,1,1,0,0,1,6,nan,3533
392,1.7,0,5,-5.362,0.966389,0,3,0,0,1,1,0,0,1,3,nan,3538
393,1.71,0,6,-5.722,0.966332,0,2,0,0,1,1,0,0,1,3,nan,3544
394,1.71,0,9,-5.602,0.966247,0,3,0,0,1,1,0,0,1,5,nan,3553
395,1.72,0,6,-5.422,0.96619,0,3,0,0,1,1,0,0,1,3,nan,3559
396,1.72,0,7,-5.482,0.966123,0,3,0,0,1,1,0,0,1,1,nan,3566
397,1.72,0,5,-5.062,0.966075,0,4,0,0,1,1,0,0,1,3,nan,3571
398,1.73,0,5,-5.062,0.966028,0,4,0,0,1,1,0,0,1,3,nan,3576
399,1.73,0,7,-5.482,0.965962,0,3,0,0,1,1,0,0,1,3,nan,3583
400,1.74,0,10,-5.362,0.965866,0,4,0,0,1,1,0,0,1,5,nan,3593
401,1.74,0,11,-5.74,0.965762,0,3,1,0,1,1,0,0,1,6,nan,3604
402,1.74,0,11,-6.022,0.965658,0,2,0,0,1,1,0,0,1,2,nan,3615
403,1.75,0,11,-6.022,0.965553,0,2,1,0,1,1,0,0,1,5,nan,3626
404,1.75,0,8,-5.542,0.965477,0,3,0,0,1,1,0,0,1,5,nan,3634
405,1.76,0,19,-5.574,0.965297,0,5,0,0,1,1,0,0,2,9,nan,3653
406,1.76,0,5,-5.362,0.965249,0,3,1,0,1,1,0,0,1,3,nan,3658
407,1.77,0,13,-4.314,0.965125,0,8,1,0,1,1,0,0,2,5,nan,3671
408,1.77,0,6,-5.122,0.965068,0,4,0,0,1,1,0,0,1,4,nan,3677
409,1.77,0,6,-5.722,0.965012,0,2,0,0,1,1,0,0,1,3,nan,3683
410,1.78,0,9,-5.902,0.964926,0,2,0,0,1,1,0,0,1,4,nan,3692
411,1.78,0,10,-6.262,0.964831,0,1,0,0,1,1,0,0,1,4,nan,3702
412,1.78,0,5,-5.662,0.964784,0,2,0,0,1,1,0,0,1,3,nan,3707
413,1.79,0,5,-5.062,0.964736,0,4,0,0,1,1,0,0,1,3,nan,3712
414,1.79,0,12,-5.782,0.964622,0,3,0,0,1,1,0,0,1,6,nan,3724
415,1.8,0,5,-5.662,0.964575,0,2,0,0,1,1,0,0,1,2,nan,3729
416,1.8,0,7,-6.082,0.964508,0,1,1,0,1,1,0,0,1,4,nan,3736
417,1.81,0,6,-5.722,0.964451,0,2,0,0,1,1,0,0,1,4,nan,3742
418,1.81,0,7,-5.782,0.964384,0,2,0,0,1,1,0,0,1,4,nan,3749
419,1.81,0,7,-5.482,0.964318,0,3,1,0,1,1,0,0,1,4,nan,3756
420,1.81,0,6,-5.422,0.964261,0,3,1,0,1,1,0,0,1,3,nan,3762
421,1.82,0,8,-5.242,0.964185,0,4,0,0,1,1,0,0,1,4,nan,3770
422,1.82,0,14,-4.974,0.964052,0,6,0,0,1,1,0,0,2,8,nan,3784
423,1.83,0,7,-5.482,0.963986,0,3,0,0,1,1,0,0,1,4,nan,3791
424,1.83,0,5,-5.362,0.963938,0,3,0,0,1,1,0,0,1,3,nan,3796
425,1.83,0,6,-5.422,0.963881,0,3,1,0,1,1,0,0,1,3,nan,3802
426,1.84,0,8,-5.242,0.963805,0,4,0,0,1,1,0,0,1,4,nan,3810
427,1.84,0,7,-5.482,0.963739,0,3,1,0,1,1,0,0,1,3,nan,3817
428,1.84,0,5,-5.362,0.963691,0,3,0,0,1,1,0,0,1,3,nan,3822
429,1.85,0,10,-5.962,0.963596,0,2,0,0,1,1,0,0,1,5,nan,3832
430,1.85,0,6,-5.422,0.963539,0,3,0,0,1,1,0,0,1,3,nan,3838
431,1.85,0,8,-4.942,0.963463,0,5,0,0,1,1,0,0,1,4,nan,3846
432,1.86,0,7,-5.482,0.963396,0,3,0,0,1,1,0,0,1,1,nan,3853
433,1.86,0,10,-5.97,0.963302,0,2,0,0,1,1,0,0,1,1,nan,3863
434,1.87,0,13,-5.232,0.963178,0,5,0,0,1,1,0,0,2,3,nan,3876
435,1.87,0,5,-5.362,0.963131,0,3,0,0,1,1,0,0,1,3,nan,3881
436,1.88,0,5,-5.062,0.963083,0,4,0,0,1,1,0,0,1,3,nan,3886
437,1.89,0,6,-5.122,0.963026,0,4,0,0,1,1,0,0,1,4,nan,3892
438,1.89,0,7,-5.482,0.962959,0,3,0,0,1,1,0,0,1,2,nan,3899
439,1.9,0,5,-5.962,0.962912,0,1,0,0,1,1,0,0,1,3,nan,3904
440,1.9,0,6,-5.44,0.962855,0,3,2,0,1,1,0,0,1,1,nan,3910
441,1.91,0,13,-5.214,0.962731,0,5,0,0,1,1,0,0,2,4,nan,3923
442,1.92,0,5,-5.062,0.962684,0,4,1,0,1,1,0,0,1,3,nan,3928
443,1.92,0,6,-5.732,0.962627,0,2,0,0,1,1,0,0,1,1,nan,3934
444,1.93,0,5,-5.062,0.96258,0,4,0,0,1,1,0,0,1,3,nan,3939
445,1.93,0,5,-5.662,0.962532,0,2,0,0,1,1,0,0,1,3,nan,3944
446,1.94,0,10,-5.68,0.962437,0,3,1,0,1,1,0,0,1,5,nan,3954
447,1.94,0,5,-5.362,0.96239,0,3,0,0,1,1,0,0,1,3,nan,3959
448,1.94,0,7,-5.5,0.962323,0,3,0,0,1,1,0,0,1,2,nan,3966
449,1.95,0,5,-5.362,0.962275,0,3,0,0,1,1,0,0,1,3,nan,3971
450,1.95,0,22,-6.344,0.962067,0,3,0,0,1,1,0,0,3,9,nan,3993
451,1.96,0,7,-5.482,0.962,0,3,1,0,1,1,0,0,1,2,nan,4000
452,1.96,0,13,-6.16,0.961877,0,2,0,0,1,1,0,0,1,4,nan,4013
453,1.97,0,6,-5.43,0.96182,0,3,1,0,1,1,0,0,1,1,nan,4019
454,1.97,0,13,-5.542,0.961696,0,4,1,0,1,1,0,0,1,5,nan,4032
455,1.97,0,5,-5.062,0.961649,0,4,0,0,1,1,0,0,1,3,nan,4037
456,1.98,0,6,-5.722,0.961592,0,2,1,0,1,1,0,0,1,3,nan,4043
457,1.98,0,6,-5.122,0.961534,0,4,0,0,1,1,0,0,1,5,nan,4049
458,1.99,0,5,-5.062,0.961487,0,4,0,0,1,1,0,0,1,3,nan,4054
459,1.99,0,5,-5.662,0.96144,0,2,0,0,1,1,0,0,1,3,nan,4059
460,1.99,0,18,-5.842,0.961268,0,4,0,0,1,1,0,0,1,8,nan,4077
461,2.0,0,5,-5.662,0.961221,0,2,1,0,1,1,0,0,1,3,nan,4082
462,2.0,0,8,-6.152,0.961145,0,1,0,0,1,1,0,0,1,3,nan,4090
463,2.0,0,6,-5.732,0.961088,0,2,0,0,1,1,0,0,1,1,nan,4096
464,2.01,0,7,-5.182,0.961021,0,4,0,0,1,1,0,0,1,5,nan,4103
465,2.01,0,5,-5.062,0.960974,0,4,0,0,1,1,0,0,1,3,nan,4108
466,2.02,0,21,-5.402,0.960774,0,6,1,0,1,1,0,0,2,8,nan,4129
467,2.02,0,9,-5.92,0.960689,0,2,0,0,1,1,0,0,1,2,nan,4138
468,2.03,0,7,-5.182,0.960623,0,4,0,0,1,1,0,0,1,3,nan,4145
469,2.03,0,5,-5.962,0.960575,0,1,0,0,1,1,0,0,1,3,nan,4150
470,2.03,0,5,-5.362,0.960527,0,3,0,0,1,1,0,0,1,3,nan,4155
471,2.04,0,6,-5.432,0.960471,0,3,0,0,1,1,0,0,1,1,nan,4161
472,2.04,0,9,-5.62,0.960385,0,3,0,0,1,1,0,0,1,2,nan,4170
473,2.05,0,6,-5.122,0.960328,0,4,0,0,1,1,0,0,1,4,nan,4176
474,2.05,0,7,-5.792,0.960261,0,2,0,0,1,1,0,0,1,2,nan,4183
475,2.05,0,9,-6.502,0.960176,0,0,0,0,1,1,0,0,1,2,nan,4192
476,2.06,0,7,-5.482,0.960109,0,3,0,0,1,1,0,0,1,3,nan,4199
477,2.06,0,13,-4.914,0.959986,0,6,1,0,1,1,0,0,2,6,nan,4212
478,2.07,0,13,-4.314,0.959862,0,8,1,0,1,1,0,0,2,6,nan,4225
479,2.07,0,8,-5.842,0.959786,0,2,0,0,1,1,0,0,1,5,nan,4233
480,2.07,0,5,-5.662,0.959739,0,2,0,0,1,1,0,0,1,1,nan,4238
481,2.08,0,26,-5.704,0.959492,0,6,0,0,1,1,0,0,2,8,nan,4264
482,2.08,0,12,-5.782,0.959378,0,3,1,0,1,1,0,0,1,4,nan,4276
483,2.09,0,11,-5.422,0.959274,0,4,0,0,1,1,0,0,1,7,nan,4287
484,2.09,0,5,-5.662,0.959226,0,2,0,0,1,1,0,0,1,1,nan,4292
485,2.1,0,22,-6.364,0.959017,0,3,0,0,1,1,0,0,2,8,nan,4314
486,2.1,0,17,-5.454,0.958855,0,5,1,0,1,1,0,0,2,7,nan,4331
487,2.11,0,15,-5.944,0.958713,0,3,0,0,1,1,0,0,2,5,nan,4346
488,2.11,0,8,-5.542,0.958637,0,3,0,0,1,1,0,0,1,3,nan,4354
489,2.12,0,7,-5.5,0.95857,0,3,0,0,1,1,0,0,1,2,nan,4361
490,2.12,0,5,-5.062,0.958523,0,4,0,0,1,1,0,0,1,3,nan,4366
491,2.12,0,8,-5.852,0.958447,0,2,0,0,1,1,0,0,1,3,nan,4374
492,2.13,0,6,-5.722,0.95839,0,2,0,0,1,1,0,0,1,4,nan,4380
493,2.13,0,6,-5.422,0.958333,0,3,0,0,1,1,0,0,1,3,nan,4386
494,2.13,0,5,-5.062,0.958286,0,4,0,0,1,1,0,0,1,3,nan,4391
495,2.14,0,8,-5.542,0.95821,0,3,0,0,1,1,0,0,1,4,nan,4399
496,2.14,0,8,-5.542,0.958133,0,3,1,0,1,1,0,0,1,5,nan,4407
497,2.14,0,9,-6.202,0.958048,0,1,0,0,1,1,0,0,1,3,nan,4416
498,2.15,0,11,-6.032,0.957944,0,2,1,0,1,1,0,0,1,2,nan,4427
499,2.15,0,15,-5.052,0.957801,0,6,0,0,1,1,0,0,2,5,nan,4442
500,2.16,0,24,-4.974,0.957573,0,8,0,0,1,1,0,0,3,11,nan,4466
501,2.17,0,6,-5.732,0.957516,0,2,0,0,1,1,0,0,1,1,nan,4472
502,2.17,0,16,-5.404,0.957364,0,5,0,0,1,1,0,0,2,6,nan,4488
503,2.18,0,5,-5.362,0.957317,0,3,0,0,1,1,0,0,1,3,nan,4493
504,2.18,0,7,-5.782,0.95725,0,2,0,0,1,1,0,0,1,2,nan,4500
505,2.18,0,5,-5.662,0.957202,0,2,0,0,1,1,0,0,1,1,nan,4505
506,2.19,0,7,-6.082,0.957136,0,1,0,0,1,1,0,0,1,2,nan,4512
507,2.19,0,26,-6.284,0.956889,0,4,0,0,1,1,0,0,3,5,nan,4538
508,2.2,0,8,-5.542,0.956813,0,3,0,0,1,1,0,0,1,3,nan,4546
509,2.2,0,5,-5.062,0.956766,0,4,0,0,1,1,0,0,1,3,nan,4551
510,2.21,0,5,-5.362,0.956718,0,3,0,0,1,1,0,0,1,2,nan,4556
511,2.21,0,11,-6.33,0.956614,0,1,0,0,1,1,0,0,1,4,nan,4567
512,2.21,0,5,-5.362,0.956566,0,3,0,0,1,1,0,0,1,3,nan,4572
513,2.22,0,20,-5.952,0.956376,0,4,0,0,1,1,0,0,2,8,nan,4592
514,2.22,0,5,-5.662,0.956329,0,2,0,0,1,1,0,0,1,3,nan,4597
515,2.23,0,12,-5.782,0.956214,0,3,0,0,1,1,0,0,1,5,nan,4609
516,2.23,0,24,-6.792,0.955986,0,2,0,0,1,1,0,0,2,8,nan,4633
517,2.24,0,5,-5.362,0.955939,0,3,0,0,1,1,0,0,1,3,nan,4638
518,2.24,0,5,-5.662,0.955892,0,2,0,0,1,1,0,0,1,3,nan,4643
519,2.25,0,21,-5.086,0.955692,0,7,0,0,1,1,0,0,3,10,nan,4664
520,2.25,0,7,-5.482,0.955626,0,3,0,0,1,1,0,0,1,3,nan,4671
521,2.26,0,5,-5.662,0.955578,0,2,0,0,1,1,0,0,1,1,nan,4676
522,2.26,0,7,-6.082,0.955511,0,1,0,0,1,1,0,0,1,4,nan,4683
523,2.26,0,14,-6.202,0.955379,0,2,0,0,1,1,0,0,1,9,nan,4697
524,2.27,0,6,-5.422,0.955322,0,3,0,0,1,1,0,0,1,3,nan,4703
525,2.27,0,5,-5.062,0.955274,0,4,0,0,1,1,0,0,1,3,nan,4708
526,2.28,0,17,-5.472,0.955113,0,5,0,0,1,1,0,0,2,5,nan,4725
527,2.28,0,5,-5.362,0.955065,0,3,0,0,1,1,0,0,1,3,nan,4730
528,2.29,0,6,-5.422,0.955008,0,3,1,0,1,1,0,0,1,3,nan,4736
529,2.29,0,5,-5.362,0.95496,0,3,0,0,1,1,0,0,1,3,nan,4741
530,2.3,0,8,-5.252,0.954885,0,4,1,0,1,1,0,0,1,1,nan,4749
531,2.3,0,16,-5.722,0.954732,0,4,1,0,1,1,0,0,1,6,nan,4765
532,2.31,0,5,-5.362,0.954685,0,3,0,0,1,1,0,0,1,3,nan,4770
533,2.31,0,5,-5.062,0.954638,0,4,0,0,1,1,0,0,1,3,nan,4775
534,2.32,0,8,-5.542,0.954562,0,3,1,0,1,1,0,0,1,4,nan,4783
535,2.32,0,7,-5.182,0.954495,0,4,1,0,1,1,0,0,1,3,nan,4790
536,2.33,0,9,-5.602,0.95441,0,3,0,0,1,1,0,0,1,5,nan,4799
537,2.33,0,7,-5.182,0.954343,0,4,0,0,1,1,0,0,1,3,nan,4806
538,2.33,0,6,-5.44,0.954286,0,3,0,0,1,1,0,0,1,1,nan,4812
539,2.34,0,16,-5.702,0.954134,0,4,1,0,1,1,0,0,2,3,nan,4828
540,2.34,0,6,-5.432,0.954077,0,3,0,0,1,1,0,0,1,1,nan,4834
541,2.34,0,7,-6.1,0.95401,0,1,0,0,1,1,0,0,1,0,nan,4841
542,2.35,0,12,-5.782,0.953897,0,3,0,0,1,1,0,0,1,7,nan,4853
543,2.35,0,9,-5.302,0.953811,0,4,0,0,1,1,0,0,1,3,nan,4862
544,2.35,0,9,-5.61,0.953726,0,3,0,0,1,1,0,0,1,2,nan,4871
545,2.36,0,5,-5.362,0.953678,0,3,0,0,1,1,0,0,1,3,nan,4876
546,2.36,0,15,-5.942,0.953535,0,3,0,0,1,1,0,0,2,5,nan,4891
547,2.37,0,9,-5.602,0.95345,0,3,0,0,1,1,0,0,1,3,nan,4900
548,2.37,0,11,-5.722,0.953345,0,3,0,0,1,1,0,0,1,6,nan,4911
549,2.37,0,6,-5.722,0.953288,0,2,0,0,1,1,0,0,1,4,nan,4917
550,2.38,0,6,-5.722,0.953232,0,2,0,0,1,1,0,0,1,3,nan,4923
551,2.38,0,14,-6.212,0.953098,0,2,0,0,1,1,0,0,1,5,nan,4937
552,2.39,0,8,-5.542,0.953022,0,3,0,0,1,1,0,0,1,4,nan,4945
553,2.39,0,20,-5.034,0.952832,0,7,1,0,1,1,0,0,2,9,nan,4965
554,2.4,0,6,-5.73,0.952775,0,2,0,0,1,1,0,0,1,1,nan,4971
555,2.4,0,19,-5.592,0.952595,0,5,0,0,1,1,0,0,2,8,nan,4990
556,2.61,0,22,-6.064,0.952386,0,4,0,0,1,1,0,0,2,9,0.5359211609913752,5012
557,2.64,0,5,-5.062,0.952338,0,4,0,0,1,1,0,0,1,4,0.4661318361759186,5017
558,2.7,0,8,-5.242,0.952263,0,4,0,0,1,1,0,0,1,4,0.467351958155632,5025
559,2.75,0,5,-5.362,0.952215,0,3,0,0,1,1,0,0,1,1,0.44787479043006895,5030
560,2.83,0,6,-5.422,0.952158,0,3,1,0,1,1,0,0,1,4,0.3775668516755104,5036
561,2.88,0,5,-5.362,0.95211,0,3,1,0,1,1,0,0,1,3,0.42529999017715453,5041
562,2.97,0,8,-5.242,0.952035,0,4,0,0,1,1,0,0,1,4,0.4816013388335705,5049
563,3.05,0,8,-5.242,0.951959,0,4,0,0,1,1,0,0,1,6,0.43698782101273537,5057
564,3.16,0,10,-5.362,0.951863,0,4,0,0,1,1,0,0,1,5,0.49008569419384,5067
565,3.22,0,5,-5.062,0.951816,0,4,1,0,1,1,0,0,1,3,0.4119845777750015,5072
566,3.37,0,13,-5.524,0.951693,0,4,0,0,1,1,0,0,2,3,0.5231183280165379,5085
567,3.44,0,5,-5.662,0.951645,0,2,1,0,1,1,0,0,1,3,0.46171596348285676,5090
568,3.49,0,5,-5.662,0.951597,0,2,0,0,1,1,0,0,1,3,0.44777595400810244,5095
569,3.58,0,8,-5.542,0.951522,0,3,1,0,1,1,0,0,1,3,0.4213992767035961,5103
570,3.66,0,7,-5.5,0.951455,0,3,0,0,1,1,0,0,1,2,0.38271557859012056,5110
571,3.74,0,7,-5.482,0.951388,0,3,2,0,1,1,0,0,1,5,0.48005966203553335,5117
572,3.86,0,11,-5.722,0.951284,0,3,0,0,1,1,0,0,1,9,0.4982940581711856,5128
573,3.93,0,6,-5.73,0.951227,0,2,1,0,1,1,0,0,1,1,0.455046425263087,5134
574,4.01,0,7,-5.482,0.95116,0,3,0,0,1,1,0,0,1,4,0.5117359970297132,5141
575,4.23,0,20,-6.562,0.95097,0,2,0,0,1,1,0,0,1,7,0.47804674282670023,5161
576,4.3,0,6,-5.432,0.950913,0,3,0,0,1,1,0,0,1,1,0.5164707551399866,5167
577,4.4,0,8,-5.542,0.950838,0,3,0,0,1,1,0,0,1,3,0.47385717555880547,5175
578,4.46,0,5,-5.062,0.95079,0,4,0,0,1,1,0,0,1,3,0.49597371816635133,5180
579,4.74,0,26,-5.712,0.950543,0,6,0,0,1,1,0,0,2,11,0.44926008811363805,5206
580,4.95,0,19,-5.91,0.950362,0,4,0,0,1,1,0,0,2,9,0.45587720996455144,5225
581,5.04,0,8,-6.142,0.950287,0,1,0,0,1,1,0,0,1,5,0.37744850665330887,5233
582,5.14,0,8,-5.242,0.95021,0,4,0,0,1,1,0,0,1,4,0.4221038818359375,5241
583,5.21,0,6,-5.122,0.950153,0,4,0,0,1,1,0,0,1,4,0.4287083148956299,5247
584,5.27,0,5,-5.062,0.950106,0,4,0,0,1,1,0,0,1,3,0.551558768749237,5252
585,5.41,0,13,-5.222,0.949982,0,5,0,0,1,1,0,0,2,4,0.4558578305519544,5265
586,5.5,0,7,-5.482,0.949916,0,3,0,0,1,1,0,0,1,2,0.49501153400966097,5272
587,5.55,0,5,-5.362,0.949869,0,3,0,0,1,1,0,0,1,3,0.5250103831291199,5277
588,5.65,0,8,-6.142,0.949793,0,1,0,0,1,1,0,0,1,3,0.396900680847466,5285
589,5.72,0,6,-5.722,0.949735,0,2,0,0,1,1,0,0,1,4,0.5989569475253423,5291
590,5.86,0,12,-6.382,0.949622,0,1,0,0,1,1,0,0,1,9,0.4597847908735275,5303
591,6.08,0,20,-5.944,0.949431,0,4,1,0,1,1,0,0,2,6,0.4707521617412567,5323
592,6.14,0,5,-5.362,0.949384,0,3,0,0,1,1,0,0,1,3,0.44202043414115905,5328
593,6.21,0,5,-5.062,0.949337,0,4,0,0,1,1,0,0,1,3,0.43631126880645754,5333
594,6.29,0,7,-5.792,0.94927,0,2,0,0,1,1,0,0,1,2,0.4295764182295118,5340
595,6.37,0,7,-5.5,0.949203,0,3,0,0,1,1,0,0,1,2,0.421549243586404,5347
596,6.5,0,12,-5.792,0.94909,0,3,0,0,1,1,0,0,1,5,0.5069998949766159,5359
597,6.62,0,10,-5.662,0.948994,0,3,0,0,1,1,0,0,1,4,0.5257391393184662,5369
598,6.68,0,5,-5.962,0.948947,0,1,0,0,1,1,0,0,1,1,0.5225062966346741,5374
599,6.75,0,6,-5.422,0.94889,0,3,0,0,1,1,0,0,1,3,0.3533745805422465,5380
600,6.84,0,8,-5.542,0.948814,0,3,0,0,1,1,0,0,1,4,0.5719605647027493,5388
601,6.92,0,7,-4.582,0.948747,0,6,1,0,1,1,0,0,1,2,0.48097203033311026,5395
602,6.99,0,6,-5.422,0.94869,0,3,0,0,1,1,0,0,1,1,0.5259023755788803,5401
603,7.11,0,11,-5.422,0.948586,0,4,0,0,1,1,0,0,1,5,0.42257649248296564,5412
604,7.17,0,5,-5.062,0.948538,0,4,1,0,1,1,0,0,1,3,0.49919947385787966,5417
605,7.39,0,20,-5.634,0.948349,0,5,1,0,1,1,0,0,2,8,0.4553177937865257,5437
606,7.48,0,8,-6.142,0.948272,0,1,0,0,1,1,0,0,1,3,0.5065410323441029,5445
607,7.6,0,10,-5.972,0.948178,0,2,1,0,1,1,0,0,1,5,0.4758197903633118,5455
608,7.7,0,8,-5.542,0.948102,0,3,0,0,1,1,0,0,1,4,0.4426298812031746,5463
609,7.84,0,13,-4.934,0.947978,0,6,0,0,1,1,0,0,2,5,0.41236777718250567,5476
610,7.96,0,10,-6.262,0.947883,0,1,0,0,1,1,0,0,1,1,0.49507146775722505,5486
611,8.17,0,19,-5.284,0.947703,0,6,1,0,1,1,0,0,2,10,0.3992590010166168,5505
612,8.25,0,7,-5.482,0.947636,0,3,0,0,1,1,0,0,1,3,0.41149295014994486,5512
613,8.31,0,5,-5.662,0.947589,0,2,0,0,1,1,0,0,1,2,0.5288577675819397,5517
614,8.42,0,10,-5.662,0.947493,0,3,0,0,1,1,0,0,1,6,0.44779713451862335,5527
615,8.57,0,13,-5.842,0.94737,0,3,1,0,1,1,0,0,1,8,0.42137781473306507,5540
616,8.63,0,5,-5.362,0.947322,0,3,0,0,1,1,0,0,1,3,0.3946639120578766,5545
617,8.7,0,6,-5.122,0.947265,0,4,0,0,1,1,0,0,1,4,0.3790841946999232,5551
618,8.79,0,8,-5.852,0.94719,0,2,0,0,1,1,0,0,1,3,0.456533158197999,5559
619,8.86,0,6,-6.322,0.947133,0,0,0,0,1,1,0,0,1,2,0.4232786347468694,5565
620,8.95,0,8,-5.542,0.947056,0,3,0,0,1,1,0,0,1,5,0.453335702419281,5573
621,9.01,0,5,-5.362,0.947009,0,3,0,0,1,1,0,0,1,2,0.482603120803833,5578
622,9.07,0,5,-5.062,0.946962,0,4,1,0,1,1,0,0,1,3,0.42684499025344846,5583
623,9.13,0,5,-5.062,0.946914,0,4,0,0,1,1,0,0,1,3,0.33070493638515475,5588
624,9.19,0,5,-5.362,0.946867,0,3,1,0,1,1,0,0,1,3,0.34229661226272584,5593
625,9.27,0,8,-5.542,0.94679,0,3,0,0,1,1,0,0,1,4,0.4280237630009651,5601
626,9.37,0,9,-5.602,0.946705,0,3,0,0,1,1,0,0,1,2,0.38683102197117275,5610
627,9.44,0,7,-5.482,0.946639,0,3,0,0,1,1,0,0,1,4,0.42512102850845884,5617
628,9.51,0,6,-5.422,0.946581,0,3,0,0,1,1,0,0,1,3,0.4142334262530009,5623
629,9.57,0,5,-5.362,0.946534,0,3,0,0,1,1,0,0,1,2,0.34454016089439393,5628
630,9.65,0,7,-5.182,0.946468,0,4,0,0,1,1,0,0,1,5,0.46282897676740375,5635
631,9.81,0,15,-5.662,0.946325,0,4,1,0,1,1,0,0,1,7,0.38675723572572074,5650
632,9.89,0,7,-5.782,0.946259,0,2,1,0,1,1,0,0,1,3,0.3523594247443335,5657
633,10.01,0,10,-5.662,0.946164,0,3,0,0,1,1,0,0,1,5,0.4365684688091278,5667
634,10.08,0,6,-5.722,0.946106,0,2,0,0,1,1,0,0,1,3,0.41238516569137573,5673
635,10.15,0,6,-5.422,0.946049,0,3,0,0,1,1,0,0,1,4,0.4256942520538966,5679
636,10.21,0,5,-5.062,0.946002,0,4,0,0,1,1,0,0,1,4,0.3253445208072662,5684
637,10.32,0,10,-5.662,0.945907,0,3,0,0,1,1,0,0,1,4,0.37359850108623505,5694
638,10.4,0,6,-5.122,0.94585,0,4,1,0,1,1,0,0,1,4,0.34316162019968033,5700
639,10.57,0,15,-5.344,0.945708,0,5,1,0,1,1,0,0,2,9,0.34066340525945027,5715
640,10.63,0,5,-5.662,0.94566,0,2,0,0,1,1,0,0,1,0,0.39264965057373047,5720
641,10.71,0,7,-5.182,0.945593,0,4,2,0,1,1,0,0,1,3,0.2727263569831848,5727
642,10.77,0,6,-5.432,0.945537,0,3,1,0,1,1,0,0,1,1,0.33351122339566547,5733
643,10.83,0,5,-5.362,0.945489,0,3,0,0,1,1,0,0,1,3,0.3761881172657013,5738
644,11.0,0,15,-5.352,0.945346,0,5,1,0,1,1,0,0,2,6,0.32257671157519024,5753
645,11.06,0,5,-5.362,0.945299,0,3,0,0,1,1,0,0,1,3,0.3652510941028595,5758
646,11.24,0,17,-6.054,0.945137,0,3,0,0,1,1,0,0,2,3,0.3464405755786335,5775
647,11.31,0,6,-5.422,0.94508,0,3,1,0,1,1,0,0,1,4,0.347645362218221,5781
648,11.37,0,5,-5.362,0.945033,0,3,1,0,1,1,0,0,1,2,0.38515042662620547,5786
649,11.48,0,10,-5.062,0.944938,0,5,0,0,1,1,0,0,1,5,0.28289842903614043,5796
650,11.55,0,6,-5.722,0.944881,0,2,0,0,1,1,0,0,1,4,0.3015742028752963,5802
651,11.61,0,5,-5.662,0.944833,0,2,0,0,1,1,0,0,1,1,0.353314134478569,5807
652,11.67,0,5,-5.662,0.944786,0,2,0,0,1,1,0,0,1,3,0.32477531433105467,5812
653,11.84,0,15,-5.944,0.944643,0,3,0,0,1,1,0,0,2,6,0.28574165503184,5827
654,11.9,0,5,-5.062,0.944596,0,4,0,0,1,1,0,0,1,3,0.28584123849868776,5832
655,11.96,0,5,-5.062,0.944549,0,4,0,0,1,1,0,0,1,3,0.34987735450267793,5837
656,12.05,0,8,-6.142,0.944473,0,1,0,0,1,1,0,0,1,4,0.3304852992296219,5845
657,12.11,0,5,-5.662,0.944425,0,2,2,0,1,1,0,0,1,0,0.36488658785820005,5850
658,12.18,0,6,-5.722,0.944368,0,2,0,0,1,1,0,0,1,3,0.28133367995421094,5856
659,12.25,0,6,-5.722,0.944311,0,2,0,0,1,1,0,0,1,3,0.237461951871713,5862
660,12.32,0,7,-5.182,0.944245,0,4,0,0,1,1,0,0,1,1,0.27609868347644806,5869
661,12.4,0,7,-5.482,0.944178,0,3,1,0,1,1,0,0,1,2,0.29234554512160166,5876
662,12.47,0,6,-5.732,0.944121,0,2,0,0,1,1,0,0,1,1,0.312644898891449,5882
663,12.53,0,5,-5.662,0.944074,0,2,0,0,1,1,0,0,1,3,0.26239370703697207,5887
664,12.68,0,14,-5.284,0.94394,0,5,0,0,1,1,0,0,2,6,0.2845019953591483,5901
665,12.83,0,13,-4.932,0.943817,0,6,1,0,1,1,0,0,2,5,0.3099214732646942,5914
666,12.91,0,7,-5.482,0.943751,0,3,1,0,1,1,0,0,1,4,0.27250984949725016,5921
667,12.97,0,5,-5.362,0.943703,0,3,1,0,1,1,0,0,1,3,0.30578102469444274,5926
668,13.07,0,9,-5.902,0.943617,0,2,0,0,1,1,0,0,1,4,0.25220297442542183,5935
669,13.33,0,23,-5.832,0.943399,0,5,0,0,1,1,0,0,2,7,0.2821850679490877,5958
670,13.42,0,8,-5.842,0.943323,0,2,0,0,1,1,0,0,1,3,0.25649561919271946,5966
671,13.53,0,10,-5.68,0.943228,0,3,0,0,1,1,0,0,1,3,0.3084023743867874,5976
672,13.61,0,6,-5.732,0.943171,0,2,0,0,1,1,0,0,1,1,0.2566000570853551,5982
673,13.69,0,8,-5.552,0.943095,0,3,0,0,1,1,0,0,1,3,0.2626697067171335,5990
674,13.81,0,11,-5.422,0.94299,0,4,2,0,1,1,0,0,1,7,0.2348980253393,6001
675,13.87,0,5,-5.662,0.942943,0,2,0,0,1,1,0,0,1,3,0.2789051294326782,6006
676,13.92,0,5,-5.362,0.942895,0,3,0,0,1,1,0,0,1,1,0.2507485538721085,6011
677,13.99,0,6,-5.422,0.942839,0,3,0,0,1,1,0,0,1,3,0.28043834616740543,6017
678,14.11,0,11,-6.322,0.942734,0,1,0,0,1,1,0,0,1,3,0.25206316194751044,6028
679,14.29,0,16,-5.704,0.942582,0,4,0,0,1,1,0,0,2,6,0.21114774513989687,6044
680,14.73,0,41,-5.374,0.942192,0,10,0,0,1,1,0,0,4,7,0.26064134861637905,6085
681,14.89,0,14,-5.002,0.94206,0,6,0,0,1,1,0,0,1,5,0.27351175621151924,6099
682,14.96,0,5,-5.962,0.942012,0,1,0,0,1,1,0,0,1,3,0.27830305993556975,6104
683,15.39,0,36,-5.686,0.94167,0,8,1,0,1,1,0,0,3,11,0.2229371534453498,6140
684,15.48,0,6,-5.732,0.941613,0,2,0,0,1,1,0,0,1,1,0.18493127388258776,6146
685,15.57,0,7,-5.482,0.941546,0,3,0,0,1,1,0,0,1,2,0.2402315459081105,6153
686,15.68,0,9,-5.902,0.941461,0,2,1,0,1,1,0,0,1,6,0.25979017217954,6162
687,15.77,0,8,-4.942,0.941385,0,5,1,0,1,1,0,0,1,3,0.2039175359532237,6170
688,15.98,0,19,-6.192,0.941204,0,3,0,0,1,1,0,0,2,7,0.2065092058558213,6189
689,16.22,0,21,-7.204,0.941005,0,0,0,0,1,1,0,0,2,8,0.2074424344159308,6210
690,16.39,0,15,-5.942,0.940863,0,3,0,0,1,1,0,0,2,3,0.2092449461420377,6225
691,16.49,0,9,-5.612,0.940777,0,3,0,0,1,1,0,0,1,4,0.20868179202079773,6234
692,16.57,0,7,-5.792,0.940711,0,2,0,0,1,1,0,0,1,2,0.21676380932331085,6241
693,16.72,0,14,-5.902,0.940578,0,3,0,0,1,1,0,0,1,5,0.20566018005566938,6255
694,16.78,0,5,-5.062,0.94053,0,4,1,0,1,1,0,0,1,3,0.2381812483072281,6260
695,16.84,0,5,-5.662,0.940482,0,2,0,0,1,1,0,0,1,3,0.20059922188520432,6265
696,16.9,0,5,-5.362,0.940435,0,3,1,0,1,1,0,0,1,3,0.22194837033748627,6270
697,16.96,0,5,-5.362,0.940388,0,3,0,0,1,1,0,0,1,1,0.19955337643623353,6275
698,17.06,0,9,-5.602,0.940302,0,3,0,0,1,1,0,0,1,3,0.1707678967052036,6284
699,17.15,0,7,-5.482,0.940236,0,3,0,0,1,1,0,0,1,5,0.19619602816445486,6291
700,17.24,0,8,-5.842,0.94016,0,2,1,0,1,1,0,0,1,4,0.22219658643007278,6299
701,17.48,0,22,-6.082,0.939951,0,4,0,0,1,1,0,0,1,10,0.2297955917363817,6321
702,17.55,0,6,-5.74,0.939894,0,2,0,0,1,1,0,0,1,1,0.18643266707658768,6327
703,17.62,0,6,-5.43,0.939836,0,3,0,0,1,1,0,0,1,1,0.18786671633521715,6333
704,17.87,0,22,-5.764,0.939628,0,5,1,0,1,1,0,0,2,12,0.19285851209001106,6355
705,17.96,0,9,-5.602,0.939542,0,3,0,0,1,1,0,0,1,6,0.19202587008476257,6364
706,18.06,0,9,-5.912,0.939457,0,2,0,0,1,1,0,0,1,2,0.1664954481853379,6373
707,18.23,0,15,-5.062,0.939314,0,6,1,0,1,1,0,0,2,7,0.19096274375915528,6388
708,18.46,0,20,-5.944,0.939124,0,4,0,0,1,1,0,0,2,9,0.16094196503981947,6408
709,18.56,0,9,-5.602,0.939038,0,3,0,0,1,1,0,0,1,4,0.20485320687294006,6417
710,18.65,0,7,-5.8,0.938972,0,2,0,0,1,1,0,0,1,2,0.2387115125145231,6424
711,18.72,0,6,-5.722,0.938915,0,2,0,0,1,1,0,0,1,4,0.21521325906117758,6430
712,18.85,0,12,-5.782,0.938801,0,3,0,0,1,1,0,0,1,7,0.16153010353446007,6442
713,19.01,0,14,-5.274,0.938668,0,5,1,0,1,1,0,0,2,7,0.188763540238142,6456
714,19.15,0,13,-6.152,0.938545,0,2,0,0,1,1,0,0,1,6,0.17306594521953508,6469
715,19.26,0,10,-5.662,0.93845,0,3,0,0,1,1,0,0,1,5,0.176672450825572,6479
716,19.32,0,5,-5.062,0.938402,0,4,2,0,1,1,0,0,1,3,0.21542302370071412,6484
717,19.38,0,5,-5.362,0.938354,0,3,1,0,1,1,0,0,1,3,0.10847479104995728,6489
718,19.44,0,6,-5.422,0.938298,0,3,0,0,1,1,0,0,1,4,0.1011717648555835,6495
719,19.58,0,13,-5.514,0.938174,0,4,0,0,1,1,0,0,2,5,0.21730719564052728,6508
720,19.77,0,17,-6.082,0.938013,0,3,0,0,1,1,0,0,1,9,0.15513970089309356,6525
721,19.83,0,5,-5.362,0.937965,0,3,0,0,1,1,0,0,1,2,0.12290765345096588,6530
722,19.89,0,5,-5.662,0.937917,0,2,1,0,1,1,0,0,1,3,0.20903727412223816,6535
723,20.12,0,21,-5.994,0.937718,0,4,0,0,1,1,0,0,2,10,0.1481866075524262,6556
724,20.19,0,5,-5.062,0.93767,0,4,0,0,1,1,0,0,1,3,0.10856996029615402,6561
725,20.31,0,11,-5.422,0.937566,0,4,0,0,1,1,0,0,1,4,0.18076296455480836,6572
726,20.44,0,11,-5.722,0.937461,0,3,0,0,1,1,0,0,1,3,0.1374398876320232,6583
727,20.58,0,12,-5.482,0.937348,0,4,0,0,1,1,0,0,1,6,0.1670662835240364,6595
728,20.66,0,7,-5.182,0.937281,0,4,0,0,1,1,0,0,1,3,0.15773427060672215,6602
729,20.76,0,8,-5.542,0.937205,0,3,0,0,1,1,0,0,1,4,0.1694699376821518,6610
730,20.82,0,5,-5.662,0.937157,0,2,0,0,1,1,0,0,1,2,0.17956920713186264,6615
731,20.92,0,9,-5.602,0.937072,0,3,0,0,1,1,0,0,1,5,0.1296378324429194,6624
732,20.99,0,6,-5.122,0.937015,0,4,0,0,1,1,0,0,1,4,0.1523007700840632,6630
733,21.2,0,18,-5.842,0.936844,0,4,0,0,1,1,0,0,1,6,0.18921174026197857,6648
734,21.28,0,7,-5.8,0.936778,0,2,0,0,1,1,0,0,1,2,0.15178597399166652,6655
735,21.35,0,6,-5.122,0.93672,0,4,1,0,1,1,0,0,1,4,0.16428380024929842,6661
736,21.45,0,8,-5.842,0.936644,0,2,0,0,1,1,0,0,1,2,0.10574069619178772,6669
737,21.5,0,5,-5.662,0.936597,0,2,1,0,1,1,0,0,1,3,0.18506658226251602,6674
738,21.61,0,9,-5.302,0.936511,0,4,1,0,1,1,0,0,1,3,0.19630300005277,6683
739,21.69,0,7,-5.482,0.936445,0,3,0,0,1,1,0,0,1,3,0.22156392463615962,6690
740,21.78,0,8,-5.242,0.936369,0,4,0,0,1,1,0,0,1,4,0.16428895853459835,6698
741,21.85,0,6,-6.022,0.936312,0,1,0,0,1,1,0,0,1,3,0.14604885503649712,6704
742,21.95,0,9,-5.902,0.936226,0,2,0,0,1,1,0,0,1,1,0.1753208322657479,6713
743,22.06,0,9,-6.22,0.936141,0,1,0,0,1,1,0,0,1,2,0.16241171542141172,6722
744,22.29,0,20,-5.944,0.935951,0,4,0,0,1,1,0,0,2,9,0.20283796787261962,6742
745,22.37,0,7,-6.082,0.935885,0,1,0,0,1,1,0,0,1,4,0.16680044175258704,6749
746,22.51,0,12,-6.1,0.935771,0,2,2,0,1,1,0,0,1,5,0.1438762005418539,6761
747,22.84,1,29,-5.446,0.935495,1,4,2,0,1,1,0,0,3,11,0.17500302157011524,6790
748,23.03,0,16,-6.04,0.935343,0,3,0,0,1,1,0,0,1,9,0.18045755266211927,6806
749,23.09,0,5,-5.362,0.935296,0,3,0,0,1,1,0,0,1,3,0.1293102338910103,6811
750,23.15,0,5,-5.362,0.935248,0,3,0,0,1,1,0,0,1,3,0.0969932273030281,6816
751,23.21,0,5,-5.062,0.9352,0,4,0,0,1,1,0,0,1,3,0.12863944433629512,6821
752,23.28,0,6,-5.722,0.935144,0,2,0,0,1,1,0,0,1,3,0.16863788415988287,6827
753,23.34,0,5,-5.362,0.935096,0,3,0,0,1,1,0,0,1,2,0.15610912889242173,6832
754,23.41,0,6,-5.722,0.935039,0,2,0,0,1,1,0,0,1,3,0.2009464552005132,6838
755,23.47,0,5,-5.962,0.934991,0,1,0,0,1,1,0,0,1,0,0.15757934451103212,6843
756,23.57,0,9,-5.302,0.934906,0,4,0,0,1,1,0,0,1,3,0.14826423592037624,6852
757,23.71,0,13,-5.542,0.934782,0,4,0,0,1,1,0,0,1,5,0.16308573977305338,6865
758,23.81,0,8,-5.842,0.934706,0,2,0,0,1,1,0,0,1,3,0.14782871399074793,6873
759,23.87,0,5,-5.662,0.934659,0,2,0,0,1,1,0,0,1,1,0.16969032287597657,6878
760,23.92,0,5,-5.362,0.934612,0,3,0,0,1,1,0,0,1,3,0.15302764773368835,6883
761,23.99,0,5,-5.362,0.934564,0,3,0,0,1,1,0,0,1,1,0.14688723161816597,6888
762,24.07,0,7,-5.482,0.934497,0,3,0,0,1,1,0,0,1,2,0.1207799996648516,6895
763,24.21,0,12,-5.782,0.934384,0,3,0,0,1,1,0,0,1,6,0.14288547883431116,6907
764,24.32,0,10,-5.962,0.934288,0,2,0,0,1,1,0,0,1,5,0.2080257162451744,6917
765,24.37,0,5,-5.662,0.934241,0,2,0,0,1,1,0,0,1,3,0.1266592688858509,6922
766,24.44,0,6,-6.022,0.934184,0,1,0,0,1,1,0,0,1,2,0.1931153858701388,6928
767,24.6,0,15,-6.272,0.934041,0,2,0,0,1,1,0,0,1,4,0.174557888507843,6943
768,24.68,0,7,-5.49,0.933975,0,3,1,0,1,1,0,0,1,0,0.1657660443867956,6950
769,24.84,0,14,-6.492,0.933842,0,1,1,0,1,1,0,0,2,2,0.17787774599024228,6964
770,24.9,0,5,-5.062,0.933794,0,4,0,0,1,1,0,0,1,3,0.1708928346633911,6969
771,24.96,0,5,-5.362,0.933747,0,3,0,0,1,1,0,0,1,2,0.19225035309791566,6974
772,25.1,0,12,-4.882,0.933633,0,6,1,0,1,1,0,0,1,2,0.2038629169886311,6986
773,25.17,0,6,-5.122,0.933576,0,4,0,0,1,1,0,0,1,4,0.10397362771133582,6992
774,25.38,0,19,-5.892,0.933396,0,4,0,0,1,1,0,0,2,7,0.1815735795780232,7011
775,25.44,0,5,-5.062,0.933348,0,4,1,0,1,1,0,0,1,3,0.11274520978331566,7016
776,25.5,0,5,-5.362,0.9333,0,3,0,0,1,1,0,0,1,3,0.20619286596775055,7021
777,25.63,0,11,-5.722,0.933196,0,3,1,0,1,1,0,0,1,5,0.1581372178413651,7032
778,25.7,0,6,-5.122,0.933139,0,4,0,0,1,1,0,0,1,4,0.13474607157210508,7038
779,26.03,0,29,-4.956,0.932864,0,9,0,0,1,1,0,0,3,15,0.15774263441562653,7067
780,26.25,0,20,-5.344,0.932674,0,6,2,0,1,1,0,0,2,10,0.13481184812262653,7087
781,26.35,0,8,-5.542,0.932597,0,3,0,0,1,1,0,0,1,4,0.16193804237991571,7095
782,26.41,0,5,-5.662,0.93255,0,2,0,0,1,1,0,0,1,1,0.16283385306596757,7100
783,26.51,0,9,-5.902,0.932465,0,2,0,0,1,1,0,0,1,4,0.19740399883853066,7109
784,26.69,0,16,-6.34,0.932312,0,2,1,0,1,1,0,0,1,7,0.1468974151648581,7125
785,26.79,0,8,-5.842,0.932237,0,2,0,0,1,1,0,0,1,4,0.1293442128226161,7133
786,26.91,0,10,-5.97,0.932141,0,2,0,0,1,1,0,0,1,1,0.15406855419278145,7143
787,26.98,0,6,-6.022,0.932084,0,1,0,0,1,1,0,0,1,3,0.16615158940354982,7149
788,27.14,0,14,-6.21,0.931952,0,2,0,0,1,1,0,0,1,1,0.15742142551711627,7163
789,27.22,0,6,-5.432,0.931894,0,3,0,0,1,1,0,0,1,1,0.14658302875856558,7169
790,27.49,0,23,-5.242,0.931676,0,7,0,0,1,1,0,0,1,7,0.17389286455252898,7192
791,27.6,0,9,-5.002,0.93159,0,5,1,0,1,1,0,0,1,5,0.14963774838381344,7201
792,27.69,0,7,-5.8,0.931524,0,2,0,0,1,1,0,0,1,2,0.13302199648959295,7208
793,27.77,0,7,-5.492,0.931458,0,3,0,0,1,1,0,0,1,2,0.15553081993545806,7215
794,27.83,0,5,-5.662,0.93141,0,2,1,0,1,1,0,0,1,3,0.2016339361667633,7220
795,27.91,0,7,-5.182,0.931343,0,4,0,0,1,1,0,0,1,3,0.1736145998750414,7227
796,27.98,0,6,-5.422,0.931287,0,3,0,0,1,1,0,0,1,3,0.14439180182913938,7233
797,28.07,0,8,-5.842,0.93121,0,2,0,0,1,1,0,0,1,4,0.17447002232074738,7241
798,28.14,0,6,-5.422,0.931153,0,3,0,0,1,1,0,0,1,4,0.18535563225547472,7247
799,28.24,0,9,-5.602,0.931068,0,3,0,0,1,1,0,0,1,5,0.14823071658611298,7256
800,28.37,0,11,-5.722,0.930964,0,3,1,0,1,1,0,0,1,7,0.1379439593716101,7267
801,28.55,0,16,-6.022,0.930812,0,3,0,0,1,1,0,0,1,8,0.16503454884514213,7283
802,28.69,0,12,-5.782,0.930697,0,3,0,0,1,1,0,0,1,5,0.178404299231867,7295
803,28.78,0,6,-5.722,0.93064,0,2,0,0,1,1,0,0,1,3,0.20150638868411383,7301
804,28.95,0,16,-5.122,0.930489,0,6,0,0,1,1,0,0,1,8,0.13250408717431128,7317
805,29.04,0,8,-5.542,0.930412,0,3,1,0,1,1,0,0,1,5,0.16103503201156855,7325
806,29.1,0,5,-5.962,0.930365,0,1,0,0,1,1,0,0,1,0,0.15273229479789735,7330
807,29.24,0,12,-5.482,0.930251,0,4,0,0,1,1,0,0,1,6,0.1341052089507381,7342
808,29.32,0,7,-5.182,0.930184,0,4,0,0,1,1,0,0,1,3,0.15725199771778925,7349
809,29.38,0,6,-5.422,0.930127,0,3,1,0,1,1,0,0,1,3,0.1650114506483078,7355
810,29.47,0,8,-5.542,0.930052,0,3,0,0,1,1,0,0,1,1,0.1518470225855708,7363
811,29.57,0,9,-5.602,0.929966,0,3,0,0,1,1,0,0,1,5,0.19438102593024573,7372
812,29.65,0,7,-5.49,0.929899,0,3,0,0,1,1,0,0,1,2,0.17384407775742666,7379
813,29.73,0,7,-5.482,0.929833,0,3,0,0,1,1,0,0,1,4,0.17690221113818033,7386
814,29.89,0,14,-6.212,0.9297,0,2,0,0,1,1,0,0,1,5,0.13528637800897872,7400
815,30.08,0,17,-5.782,0.929539,0,4,0,0,1,1,0,0,2,7,0.16817904439042597,7417
816,30.2,0,11,-5.422,0.929434,0,4,1,0,1,1,0,0,1,5,0.1266475562006235,7428
817,30.31,0,9,-5.302,0.929349,0,4,0,0,1,1,0,0,1,3,0.15006745027171242,7437
818,30.37,0,5,-5.362,0.929301,0,3,0,0,1,1,0,0,1,2,0.1961490422487259,7442
819,30.44,0,6,-5.422,0.929244,0,3,1,0,1,1,0,0,1,4,0.1549243393043677,7448
820,30.54,0,8,-5.842,0.929168,0,2,0,0,1,1,0,0,1,3,0.17671094927936792,7456
821,30.79,0,23,-6.116,0.928949,0,4,1,0,1,1,0,0,3,10,0.16009695925142453,7479
822,31.03,0,20,-6.862,0.928759,0,1,0,0,1,1,0,0,1,9,0.1434076538309455,7499
823,31.11,0,7,-5.782,0.928693,0,2,0,0,1,1,0,0,1,4,0.13549699102129256,7506
824,31.17,0,5,-5.362,0.928646,0,3,0,0,1,1,0,0,1,3,0.17478160709142684,7511
825,31.23,0,5,-6.262,0.928598,0,0,0,0,1,1,0,0,1,1,0.11109773963689804,7516
826,31.44,0,18,-5.824,0.928427,0,4,0,0,1,1,0,0,2,11,0.13701107559932602,7534
827,31.55,0,8,-5.542,0.928351,0,3,0,0,1,1,0,0,1,6,0.17265773750841618,7542
828,31.69,0,12,-5.482,0.928237,0,4,1,0,1,1,0,0,1,6,0.1729994360357523,7554
829,31.75,0,5,-5.062,0.92819,0,4,0,0,1,1,0,0,1,3,0.10359554141759872,7559
830,32.08,0,29,-6.174,0.927914,0,5,0,0,1,1,0,0,3,10,0.14720906590207897,7588
831,32.25,0,15,-5.962,0.927771,0,3,0,0,1,1,0,0,1,7,0.11864210392038027,7603
832,32.36,0,9,-5.902,0.927686,0,2,0,0,1,1,0,0,1,4,0.12616345079408753,7612
833,32.46,0,9,-5.902,0.927601,0,2,1,0,1,1,0,0,1,4,0.17281557454003227,7621
834,32.83,0,30,-6.214,0.927315,0,5,0,0,1,1,0,0,4,10,0.15866929988066356,7651
835,33.01,0,13,-4.914,0.927192,0,6,1,0,1,1,0,0,2,5,0.16645343544391486,7664
836,33.09,0,7,-6.082,0.927126,0,1,1,0,1,1,0,0,1,4,0.15263101352112635,7671
837,33.21,0,10,-5.962,0.92703,0,2,0,0,1,1,0,0,1,3,0.13272253051400185,7681
838,33.35,0,12,-6.082,0.926917,0,2,0,0,1,1,0,0,1,5,0.1527271814023455,7693
839,33.43,0,7,-5.79,0.92685,0,2,0,0,1,1,0,0,1,2,0.12131285348108836,7700
840,33.49,0,5,-5.062,0.926802,0,4,1,0,1,1,0,0,1,3,0.14984323233366012,7705
841,33.65,0,14,-5.902,0.92667,0,3,0,0,1,1,0,0,1,6,0.12336636946669646,7719
842,33.8,0,13,-6.142,0.926546,0,2,0,0,1,1,0,0,1,2,0.14283241102328667,7732
843,33.89,0,8,-5.86,0.92647,0,2,1,0,1,1,0,0,1,3,0.11036123661324382,7740
844,34.12,0,19,-5.602,0.926289,0,5,0,0,1,1,0,0,1,9,0.11202811998756308,7759
845,34.25,0,11,-5.722,0.926185,0,3,1,0,1,1,0,0,1,3,0.13686071641065858,7770
846,34.32,0,6,-5.422,0.926128,0,3,1,0,1,1,0,0,1,4,0.10927500389516354,7776
847,34.48,0,15,-6.562,0.925986,0,1,0,0,1,1,0,0,1,9,0.1202689749499162,7791
848,34.54,0,5,-5.062,0.925938,0,4,0,0,1,1,0,0,1,3,0.15886810272932053,7796
849,34.84,0,26,-6.304,0.925691,0,4,0,0,1,1,0,0,2,5,0.16124187495846015,7822
850,34.92,0,7,-5.182,0.925624,0,4,0,0,1,1,0,0,1,3,0.17998397563185012,7829
851,34.98,0,5,-5.062,0.925577,0,4,0,0,1,1,0,0,1,3,0.15138231813907624,7834
852,35.06,0,7,-5.782,0.925511,0,2,0,0,1,1,0,0,1,4,0.1477288997599057,7841
853,35.28,0,19,-5.874,0.92533,0,4,1,0,1,1,0,0,2,6,0.12765734231001452,7860
854,35.46,0,16,-6.322,0.925178,0,2,0,0,1,1,0,0,1,5,0.14582293038256466,7876
855,35.61,0,13,-5.842,0.925055,0,3,0,0,1,1,0,0,1,3,0.1699118081193704,7889
856,35.84,0,19,-5.584,0.924874,0,5,1,0,1,1,0,0,2,10,0.13512197901543818,7908
857,35.95,0,10,-5.972,0.924779,0,2,0,0,1,1,0,0,1,3,0.18048757761716844,7918
858,36.04,0,8,-5.542,0.924703,0,3,0,0,1,1,0,0,1,4,0.15984278172254562,7926
859,36.14,0,9,-6.202,0.924617,0,1,0,0,1,1,0,0,1,4,0.13258445842398536,7935
860,36.2,0,5,-5.662,0.92457,0,2,0,0,1,1,0,0,1,3,0.15648173689842224,7940
861,36.3,0,9,-6.202,0.924485,0,1,0,0,1,1,0,0,1,5,0.12178336249457465,7949
862,36.57,0,24,-6.184,0.924257,0,4,0,0,1,1,0,0,2,11,0.15484233371292552,7973
863,36.75,0,15,-6.234,0.924114,0,2,0,0,1,1,0,0,2,5,0.1747632143398126,7988
864,37.14,0,34,-7.056,0.923791,0,3,0,0,1,1,0,0,3,13,0.12729860929881825,8022
865,37.22,0,6,-6.322,0.923734,0,0,0,0,1,1,0,0,1,2,0.18301488707462946,8028
866,37.27,0,5,-5.062,0.923686,0,4,0,0,1,1,0,0,1,3,0.06914405077695847,8033
867,37.42,0,13,-5.542,0.923563,0,4,0,0,1,1,0,0,1,5,0.15656152625496572,8046
868,37.49,0,6,-5.732,0.923506,0,2,0,0,1,1,0,0,1,1,0.10881938971579075,8052
869,37.58,0,7,-5.482,0.923439,0,3,0,0,1,1,0,0,1,3,0.11400487540023667,8059
870,37.74,0,14,-6.512,0.923307,0,1,1,0,1,1,0,0,1,5,0.135211638041905,8073
871,37.81,0,6,-5.732,0.92325,0,2,0,0,1,1,0,0,1,1,0.11663702378670375,8079
872,37.88,0,6,-6.022,0.923192,0,1,0,0,1,1,0,0,1,3,0.11290024779736996,8085
873,38.02,0,12,-5.482,0.923079,0,4,0,0,1,1,0,0,1,8,0.12058513735731442,8097
874,38.46,0,35,-7.142,0.922746,0,3,0,0,1,1,0,0,2,8,0.14967032234583583,8132
875,38.75,0,25,-5.324,0.922508,0,7,1,0,1,1,0,0,3,10,0.11549749903380871,8157
876,38.86,0,9,-5.92,0.922423,0,2,1,0,1,1,0,0,1,2,0.13268467535575232,8166
877,38.97,0,9,-5.602,0.922338,0,3,0,0,1,1,0,0,1,2,0.1381557277507252,8175
878,39.03,0,5,-5.362,0.92229,0,3,0,0,1,1,0,0,1,3,0.156355682015419,8180
879,39.11,0,7,-5.482,0.922223,0,3,0,0,1,1,0,0,1,2,0.1332532845969711,8187
880,39.36,0,23,-5.514,0.922005,0,6,0,0,1,1,0,0,2,12,0.1280471112417138,8210
881,39.42,0,5,-5.362,0.921957,0,3,1,0,1,1,0,0,1,2,0.07731626518070697,8215
882,39.5,0,7,-5.782,0.921891,0,2,0,0,1,1,0,0,1,4,0.1554644757083484,8222
883,39.57,0,6,-6.03,0.921834,0,1,1,0,1,1,0,0,1,1,0.12164946645498276,8228
884,39.68,0,10,-5.662,0.921739,0,3,0,0,1,1,0,0,1,3,0.12620234563946725,8238
885,39.76,0,7,-5.782,0.921673,0,2,0,0,1,1,0,0,1,2,0.1469050028494426,8245
886,39.86,0,8,-5.842,0.921597,0,2,0,0,1,1,0,0,1,3,0.11797201004810631,8253
887,39.95,0,8,-5.852,0.92152,0,2,0,0,1,1,0,0,1,3,0.1242073206230998,8261
888,40.02,0,6,-5.432,0.921463,0,3,0,0,1,1,0,0,1,1,0.12223024666309357,8267
889,40.13,0,9,-5.302,0.921378,0,4,1,0,1,1,0,0,1,5,0.141919468012121,8276
890,40.24,0,10,-5.362,0.921283,0,4,1,0,1,1,0,0,1,6,0.1260899281129241,8286
891,40.45,0,18,-5.824,0.921112,0,4,0,0,1,1,0,0,2,7,0.13574905238217777,8304
892,40.51,0,5,-5.362,0.921064,0,3,1,0,1,1,0,0,1,3,0.14038731828331946,8309
893,40.64,0,11,-6.022,0.92096,0,2,1,0,1,1,0,0,1,3,0.1391789662567052,8320
894,40.82,0,15,-5.944,0.920818,0,3,0,0,1,1,0,0,2,4,0.146278544763724,8335
895,41.15,0,29,-5.246,0.920542,0,8,0,0,1,1,0,0,3,17,0.11935326379948649,8364
896,41.21,0,5,-5.362,0.920494,0,3,0,0,1,1,0,0,1,3,0.12198920249938965,8369
897,41.27,0,5,-5.362,0.920447,0,3,1,0,1,1,0,0,1,3,0.10499945729970932,8374
898,41.33,0,5,-5.362,0.9204,0,3,1,0,1,1,0,0,1,3,0.10781019181013107,8379
899,41.38,0,5,-5.662,0.920352,0,2,0,0,1,1,0,0,1,3,0.11459826305508614,8384
900,41.45,0,5,-5.362,0.920304,0,3,0,0,1,1,0,0,1,2,0.17198007106781005,8389
901,41.63,0,16,-5.722,0.920153,0,4,0,0,1,1,0,0,1,10,0.14210806414484978,8405
902,41.68,0,5,-5.362,0.920105,0,3,0,0,1,1,0,0,1,3,0.15924965143203734,8410
903,41.86,0,15,-6.27,0.919963,0,2,0,0,1,1,0,0,1,4,0.10622019072373708,8425
904,42.08,0,20,-5.652,0.919772,0,5,0,0,1,1,0,0,2,13,0.15118118301033973,8445
905,42.15,0,6,-5.122,0.919716,0,4,0,0,1,1,0,0,1,4,0.1306096762418747,8451
906,42.22,0,6,-5.122,0.919659,0,4,0,0,1,1,0,0,1,4,0.11058771548171838,8457
907,42.29,0,6,-5.722,0.919601,0,2,0,0,1,1,0,0,1,3,0.15106763442357382,8463
908,42.4,0,9,-5.902,0.919516,0,2,0,0,1,1,0,0,1,5,0.13649066620402867,8472
909,42.46,0,5,-5.362,0.919469,0,3,0,0,1,1,0,0,1,3,0.13546164482831954,8477
910,42.54,0,7,-5.782,0.919402,0,2,0,0,1,1,0,0,1,4,0.1338075968836035,8484
911,42.87,0,29,-5.872,0.919126,0,6,0,0,1,1,0,0,3,10,0.11837637257473223,8513
912,42.95,0,7,-5.482,0.91906,0,3,0,0,1,1,0,0,1,2,0.12728516491396086,8520
913,43.02,0,6,-5.122,0.919003,0,4,0,0,1,1,0,0,1,4,0.12493635341525078,8526
914,43.11,0,8,-5.542,0.918927,0,3,0,0,1,1,0,0,1,6,0.09750114567577839,8534
915,43.21,0,9,-5.902,0.918841,0,2,1,0,1,1,0,0,1,4,0.13329651744829285,8543
916,43.68,0,42,-6.656,0.918443,0,6,0,0,1,1,0,0,3,17,0.12475837155112199,8585
917,43.78,0,8,-5.852,0.918366,0,2,1,0,1,1,0,0,1,1,0.09952612221240997,8593
918,43.86,0,7,-5.782,0.9183,0,2,0,0,1,1,0,0,1,4,0.1304266851927553,8600
919,44.07,0,18,-5.824,0.918129,0,4,0,0,1,1,0,0,2,8,0.1469811209374004,8618
920,44.16,0,8,-5.842,0.918053,0,2,0,0,1,1,0,0,1,5,0.09684375254437327,8626
921,44.26,0,9,-5.902,0.917968,0,2,0,0,1,1,0,0,1,5,0.112606228225761,8635
922,44.32,0,5,-5.362,0.91792,0,3,0,0,1,1,0,0,1,2,0.12196955233812332,8640
923,44.37,0,5,-5.362,0.917872,0,3,1,0,1,1,0,0,1,3,0.14791653752326966,8645
924,44.43,0,5,-5.062,0.917825,0,4,0,0,1,1,0,0,1,3,0.09399633780121804,8650
925,44.67,0,22,-5.444,0.917616,0,6,0,0,1,1,0,0,3,7,0.12829192677004772,8672
926,44.73,0,5,-5.362,0.917569,0,3,1,0,1,1,0,0,1,3,0.17489033937454224,8677
927,44.81,0,7,-5.782,0.917502,0,2,0,0,1,1,0,0,1,1,0.16606076753565244,8684
928,44.94,0,11,-5.722,0.917397,0,3,1,0,1,1,0,0,1,7,0.10472352633422072,8695
929,45.02,0,7,-6.4,0.917331,0,0,0,0,1,1,0,0,1,2,0.11813501375062126,8702
930,45.15,0,11,-5.74,0.917226,0,3,0,0,1,1,0,0,1,2,0.11491859924386848,8713
931,45.25,0,8,-5.842,0.91715,0,2,0,0,1,1,0,0,1,4,0.10808883886784315,8721
932,45.32,0,6,-5.432,0.917094,0,3,0,0,1,1,0,0,1,1,0.15838565304875374,8727
933,45.47,0,13,-6.16,0.91697,0,2,0,0,1,1,0,0,1,6,0.1254175050327411,8740
934,45.55,0,7,-5.482,0.916903,0,3,0,0,1,1,0,0,1,3,0.10547470248171262,8747
935,45.79,0,21,-6.012,0.916704,0,4,1,0,1,1,0,0,2,11,0.11823306197211855,8768
936,45.9,0,8,-5.85,0.916628,0,2,0,0,1,1,0,0,1,1,0.1565371509641409,8776
937,46.02,0,9,-5.602,0.916543,0,3,0,0,1,1,0,0,1,3,0.12499789065784878,8785
938,46.27,0,22,-6.082,0.916334,0,4,0,0,1,1,0,0,1,14,0.10891039991243319,8807
939,46.42,0,13,-4.922,0.91621,0,6,0,0,1,1,0,0,2,5,0.11412195775371331,8820
940,46.68,0,23,-6.43,0.915992,0,3,0,0,1,1,0,0,2,3,0.12989128186650897,8843
941,46.75,0,6,-5.122,0.915934,0,4,0,0,1,1,0,0,1,4,0.08331953485806783,8849
942,46.81,0,5,-5.062,0.915887,0,4,0,0,1,1,0,0,1,3,0.08660543411970138,8854
943,47.05,0,21,-5.694,0.915687,0,5,1,0,1,1,0,0,2,7,0.14391439603198142,8875
944,47.16,0,9,-5.002,0.915602,0,5,0,0,1,1,0,0,1,5,0.1004423846801122,8884
945,47.22,0,5,-5.362,0.915555,0,3,0,0,1,1,0,0,1,3,0.09661318585276604,8889
946,47.28,0,5,-5.662,0.915507,0,2,0,0,1,1,0,0,1,3,0.09863077700138093,8894
947,47.38,0,8,-5.542,0.915431,0,3,0,0,1,1,0,0,1,4,0.12860201066359878,8902
948,47.47,0,8,-5.542,0.915355,0,3,0,0,1,1,0,0,1,3,0.12300169444642961,8910
949,47.57,0,8,-5.842,0.915279,0,2,0,0,1,1,0,0,1,4,0.11907161772251129,8918
950,47.66,0,8,-4.942,0.915203,0,5,1,0,1,1,0,0,1,4,0.12318745627999306,8926
951,47.73,0,5,-5.362,0.915156,0,3,1,0,1,1,0,0,1,3,0.10506004691123963,8931
952,47.83,0,8,-5.542,0.91508,0,3,0,0,1,1,0,0,1,6,0.15139019954949617,8939
953,47.93,0,9,-5.912,0.914994,0,2,0,0,1,1,0,0,1,2,0.12762929581933552,8948
954,48.02,0,7,-5.482,0.914928,0,3,0,0,1,1,0,0,1,2,0.0777735992201737,8955
955,48.07,0,5,-5.062,0.91488,0,4,0,0,1,1,0,0,1,3,0.08920539617538452,8960
956,48.13,0,5,-5.062,0.914833,0,4,0,0,1,1,0,0,1,3,0.07957610264420509,8965
957,48.2,0,6,-5.422,0.914775,0,3,1,0,1,1,0,0,1,4,0.1003843837728103,8971
958,48.3,0,9,-5.612,0.91469,0,3,1,0,1,1,0,0,1,2,0.10189577233460215,8980
959,48.36,0,5,-5.362,0.914643,0,3,0,0,1,1,0,0,1,3,0.09312640577554702,8985
960,48.45,0,8,-5.242,0.914567,0,4,0,0,1,1,0,0,1,4,0.10728376405313611,8993
961,48.68,0,20,-5.042,0.914377,0,7,0,0,1,1,0,0,3,7,0.12668137354776263,9013
962,48.74,0,5,-5.362,0.914329,0,3,0,0,1,1,0,0,1,3,0.11408695727586746,9018
963,48.82,0,7,-5.782,0.914262,0,2,0,0,1,1,0,0,1,5,0.14500181376934052,9025
964,48.89,0,6,-5.722,0.914206,0,2,0,0,1,1,0,0,1,3,0.07737413079788287,9031
965,48.98,0,8,-5.542,0.91413,0,3,0,0,1,1,0,0,1,5,0.10080036520957947,9039
966,49.06,0,7,-5.482,0.914063,0,3,0,0,1,1,0,0,1,3,0.12177362825189318,9046
967,49.13,0,6,-5.422,0.914006,0,3,0,0,1,1,0,0,1,3,0.1038186742613713,9052
968,49.21,0,7,-5.182,0.91394,0,4,0,0,1,1,0,0,1,3,0.09630684674318347,9059
969,49.43,0,20,-6.534,0.913749,0,2,0,0,1,1,0,0,2,9,0.09960559424944222,9079
970,49.49,0,5,-5.662,0.913702,0,2,0,0,1,1,0,0,1,3,0.13692534863948821,9084
971,49.6,0,10,-5.97,0.913607,0,2,1,0,1,1,0,0,1,5,0.09298595115542412,9094
972,49.88,0,25,-6.242,0.91337,0,4,0,0,1,1,0,0,2,7,0.10527728274464607,9119
973,50.01,0,11,-5.422,0.913265,0,4,0,0,1,1,0,0,1,4,0.116796786473556,9130
974,50.08,0,6,-5.44,0.913208,0,3,1,0,1,1,0,0,1,1,0.087230758741498,9136
975,50.22,0,12,-5.482,0.913094,0,4,1,0,1,1,0,0,1,4,0.07165753724984825,9148
976,50.36,0,13,-6.142,0.912971,0,2,1,0,1,1,0,0,1,4,0.1197667485819413,9161
977,50.51,0,13,-5.542,0.912847,0,4,0,0,1,1,0,0,1,3,0.0841806189945111,9174
978,50.58,0,5,-5.362,0.912799,0,3,0,0,1,1,0,0,1,3,0.1288912460207939,9179
979,50.68,0,9,-5.912,0.912714,0,2,1,0,1,1,0,0,1,2,0.09259218287964661,9188
980,50.79,0,10,-5.972,0.912619,0,2,0,0,1,1,0,0,1,3,0.12947045378386973,9198
981,50.86,0,5,-5.662,0.912571,0,2,0,0,1,1,0,0,1,3,0.1475353643298149,9203
982,50.94,0,7,-5.782,0.912505,0,2,0,0,1,1,0,0,1,4,0.13389083530221665,9210
983,51.05,0,10,-5.962,0.91241,0,2,0,0,1,1,0,0,1,5,0.09922877848148345,9220
984,51.13,0,7,-5.782,0.912343,0,2,0,0,1,1,0,0,1,1,0.0954848054264273,9227
985,51.33,0,17,-5.754,0.912182,0,4,0,0,1,1,0,0,2,10,0.10658455190851408,9244
986,51.43,0,9,-5.602,0.912096,0,3,0,0,1,1,0,0,1,5,0.07081317487690184,9253
987,51.55,0,10,-5.362,0.912002,0,4,1,0,1,1,0,0,1,6,0.11403452232480049,9263
988,51.7,0,13,-5.214,0.911878,0,5,0,0,1,1,0,0,2,4,0.09330350848344657,9276
989,51.8,0,9,-5.602,0.911793,0,3,0,0,1,1,0,0,1,5,0.0972211034451094,9285
990,51.9,0,8,-5.542,0.911717,0,3,0,0,1,1,0,0,1,5,0.11084225820377469,9293
991,51.99,0,7,-5.182,0.91165,0,4,1,0,1,1,0,0,1,3,0.11950961340750967,9300
992,52.05,0,5,-5.062,0.911602,0,4,1,0,1,1,0,0,1,3,0.13185740560293197,9305
993,52.14,0,8,-5.552,0.911527,0,3,0,0,1,1,0,0,1,3,0.10622522654011846,9313
994,52.27,0,11,-5.122,0.911422,0,5,0,0,1,1,0,0,1,3,0.10634632103822449,9324
995,52.37,0,9,-5.302,0.911336,0,4,0,0,1,1,0,0,1,3,0.1029641442000866,9333
996,52.45,0,7,-5.49,0.91127,0,3,1,0,1,1,0,0,1,0,0.09802767634391785,9340
997,52.52,0,6,-5.722,0.911213,0,2,0,0,1,1,0,0,1,4,0.12356242847939332,9346
998,52.63,0,9,-5.612,0.911127,0,3,0,0,1,1,0,0,1,2,0.08236865476808614,9355
999,52.71,0,7,-5.482,0.911061,0,3,1,0,1,1,0,0,1,4,0.08085843654615539,9362
1000,52.79,0,7,-5.8,0.910995,0,2,0,0,1,1,0,0,1,2,0.10253485984035901,9369
1001,52.89,0,9,-5.612,0.910909,0,3,1,0,1,1,0,0,1,4,0.11473727764354812,9378
1002,52.99,0,8,-5.542,0.910833,0,3,0,0,1,1,0,0,1,6,0.10272856941446662,9386
1003,53.06,0,6,-5.422,0.910776,0,3,0,0,1,1,0,0,1,3,0.08798889225969712,9392
1004,53.13,0,6,-5.422,0.910719,0,3,1,0,1,1,0,0,1,4,0.08088831479350726,9398
1005,53.24,0,10,-5.962,0.910624,0,2,1,0,1,1,0,0,1,5,0.06595589891076088,9408
1006,53.32,0,6,-5.422,0.910567,0,3,2,0,1,1,0,0,1,4,0.08144196060796578,9414
1007,53.42,0,9,-5.302,0.910482,0,4,0,0,1,1,0,0,1,3,0.0869720648560259,9423
1008,53.56,0,13,-5.542,0.910358,0,4,0,0,1,1,0,0,1,7,0.10952548109568082,9436
1009,53.65,0,8,-5.542,0.910282,0,3,0,0,1,1,0,0,1,4,0.11416413460392505,9444
1010,53.72,0,6,-5.422,0.910225,0,3,0,0,1,1,0,0,1,3,0.07662971566120784,9450
1011,53.79,0,6,-5.722,0.910168,0,2,0,0,1,1,0,0,1,4,0.09711063901583354,9456
1012,53.87,0,7,-5.482,0.910102,0,3,0,0,1,1,0,0,1,5,0.09453387851161617,9463
1013,53.93,0,5,-5.662,0.910054,0,2,1,0,1,1,0,0,1,2,0.1280725583434105,9468
1014,53.99,0,5,-5.662,0.910007,0,2,1,0,1,1,0,0,1,1,0.11759028211236,9473
1015,54.35,0,32,-6.364,0.909702,0,5,0,0,1,1,0,0,3,11,0.12124537152703851,9505
1016,54.52,0,16,-6.022,0.909551,0,3,0,0,1,1,0,0,1,5,0.08966353081632406,9521
1017,54.7,0,16,-6.322,0.909398,0,2,0,0,1,1,0,0,1,8,0.08410274283960462,9537
1018,55.08,0,34,-7.084,0.909076,0,3,1,0,1,1,0,0,2,20,0.09117198658778387,9571
1019,55.17,0,7,-5.492,0.909009,0,3,0,0,1,1,0,0,1,2,0.0860638323106936,9578
1020,55.25,0,6,-5.122,0.908952,0,4,0,0,1,1,0,0,1,4,0.09694232977926731,9584
1021,55.62,1,30,-4.952,0.908667,1,6,1,0,1,1,0,0,2,12,0.07995524207750956,9614
1022,55.72,0,7,-5.182,0.908601,0,4,0,0,1,1,0,0,1,3,0.09516198560595512,9621
1023,55.8,0,7,-5.482,0.908534,0,3,0,0,1,1,0,0,1,2,0.1038055345416069,9628
1024,55.91,0,9,-5.302,0.908448,0,4,1,0,1,1,0,0,1,5,0.06651841145422724,9637
1025,56.0,0,8,-5.542,0.908373,0,3,0,0,1,1,0,0,1,3,0.07191744958981872,9645
1026,56.41,0,36,-6.904,0.90803,0,4,0,0,1,1,0,0,2,15,0.09270654755851461,9681
1027,56.52,0,9,-5.602,0.907945,0,3,0,0,1,1,0,0,1,5,0.11789364533291923,9690
1028,56.74,0,20,-6.262,0.907755,0,3,0,0,1,1,0,0,1,9,0.08816457442007959,9710
1029,56.93,0,16,-4.804,0.907603,0,7,1,0,1,1,0,0,2,4,0.08839268400333822,9726
1030,57.04,0,9,-6.202,0.907517,0,1,0,0,1,1,0,0,1,5,0.08828542547093497,9735
1031,57.13,0,7,-5.5,0.907451,0,3,0,0,1,1,0,0,1,2,0.11414212520633425,9742
1032,57.44,0,27,-5.734,0.907195,0,6,1,0,1,1,0,0,3,5,0.08813569577479805,9769
1033,57.51,0,6,-5.122,0.907138,0,4,0,0,1,1,0,0,1,4,0.10206439283986886,9775
1034,57.6,0,8,-5.242,0.907061,0,4,1,0,1,1,0,0,1,4,0.11658100900240242,9783
1035,57.68,0,6,-5.722,0.907004,0,2,0,0,1,1,0,0,1,3,0.0982680410767595,9789
1036,57.75,0,6,-5.422,0.906948,0,3,0,0,1,1,0,0,1,4,0.08300698393334945,9795
1037,57.83,0,7,-5.182,0.906881,0,4,0,0,1,1,0,0,1,3,0.08396542285169874,9802
1038,57.89,0,5,-5.362,0.906833,0,3,2,0,1,1,0,0,1,2,0.08843520060181617,9807
1039,57.96,0,6,-5.732,0.906776,0,2,0,0,1,1,0,0,1,1,0.09101273554066817,9813
1040,58.02,0,5,-5.062,0.906729,0,4,0,0,1,1,0,0,1,3,0.08362657874822617,9818
1041,58.27,0,22,-5.464,0.90652,0,6,1,0,1,1,0,0,2,7,0.07865950516001745,9840
1042,58.34,0,6,-5.732,0.906463,0,2,0,0,1,1,0,0,1,1,0.12244312092661858,9846
1043,58.58,0,21,-4.822,0.906263,0,8,1,0,1,1,0,0,2,5,0.09430475284655888,9867
1044,58.74,0,14,-4.992,0.90613,0,6,0,0,1,1,0,0,2,5,0.082383279156472,9881
1045,58.81,0,5,-5.362,0.906083,0,3,0,0,1,1,0,0,1,4,0.11269300431013107,9886
1046,58.94,0,11,-5.74,0.905979,0,3,0,0,1,1,0,0,1,4,0.12396993894468654,9897
1047,59.02,0,7,-5.182,0.905912,0,4,0,0,1,1,0,0,1,3,0.08523911131279809,9904
1048,59.1,0,6,-5.122,0.905855,0,4,0,0,1,1,0,0,1,4,0.0850249162564675,9910
1049,59.29,0,17,-5.482,0.905694,0,5,1,0,1,1,0,0,2,5,0.09885915796108105,9927
1050,59.37,0,7,-5.782,0.905627,0,2,0,0,1,1,0,0,1,0,0.10422311829669136,9934
1051,59.43,0,6,-5.422,0.90557,0,3,1,0,1,1,0,0,1,5,0.10228445008397102,9940
1052,59.68,0,22,-5.782,0.905361,0,5,1,0,1,1,0,0,2,6,0.09451727323572744,9962
1053,59.74,0,5,-5.662,0.905313,0,2,1,0,1,1,0,0,1,3,0.07225657477974892,9967
1054,59.81,0,6,-5.432,0.905257,0,3,0,0,1,1,0,0,1,1,0.09019850939512253,9973
1055,59.99,0,16,-5.404,0.905104,0,5,0,0,1,1,0,0,2,10,0.09289130056276917,9989
1056,60.12,0,11,-6.022,0.905,0,2,0,0,1,1,0,0,1,4,0.07407335039566863,10000
1057,60.29,0,15,-6.262,0.904857,0,2,1,0,1,1,0,0,1,9,0.09555715856452783,10015
1058,60.36,0,6,-5.422,0.904801,0,3,1,0,1,1,0,0,1,4,0.0785181721051534,10021
1059,60.43,0,6,-5.722,0.904744,0,2,0,0,1,1,0,0,1,4,0.09071916962663333,10027
1060,60.5,0,5,-5.362,0.904696,0,3,0,0,1,1,0,0,1,3,0.11389569342136383,10032
1061,60.56,0,5,-5.062,0.904648,0,4,0,0,1,1,0,0,1,3,0.10935771614313125,10037
1062,60.66,0,9,-5.602,0.904563,0,3,0,0,1,1,0,0,1,3,0.06407253361410564,10046
1063,60.72,0,6,-5.722,0.904506,0,2,0,0,1,1,0,0,1,3,0.0804545134305954,10052
1064,60.78,0,5,-5.062,0.904459,0,4,0,0,1,1,0,0,1,3,0.06935228388756513,10057
1065,60.88,0,9,-5.902,0.904373,0,2,0,0,1,1,0,0,1,6,0.09011923480365011,10066
1066,60.98,0,8,-5.56,0.904297,0,3,0,0,1,1,0,0,1,3,0.08436908945441246,10074
1067,61.06,0,7,-5.782,0.904231,0,2,0,0,1,1,0,0,1,2,0.07942514919808932,10081
1068,61.22,0,14,-5.902,0.904097,0,3,0,0,1,1,0,0,1,8,0.1035185054476772,10095
1069,61.28,0,5,-5.362,0.90405,0,3,0,0,1,1,0,0,1,3,0.11695625633001328,10100
1070,61.34,0,5,-5.662,0.904003,0,2,0,0,1,1,0,0,1,3,0.1011712372303009,10105
1071,61.47,0,11,-6.022,0.903898,0,2,1,0,1,1,0,0,1,4,0.0757089304653081,10116
1072,61.6,0,11,-5.422,0.903794,0,4,0,0,1,1,0,0,1,7,0.08164037357677113,10127
1073,61.77,0,14,-5.902,0.90366,0,3,1,0,1,1,0,0,1,6,0.10689946290637765,10141
1074,61.96,0,15,-5.662,0.903518,0,4,0,0,1,1,0,0,1,7,0.09740245342254639,10156
1075,62.13,0,12,-6.1,0.903404,0,2,0,0,1,1,0,0,1,5,0.0756734396951894,10168
1076,62.37,0,19,-5.902,0.903223,0,4,0,0,1,1,0,0,2,5,0.07572460625516741,10187
1077,62.45,0,6,-5.44,0.903166,0,3,0,0,1,1,0,0,1,1,0.11382613827784856,10193
1078,62.55,0,9,-5.602,0.903081,0,3,0,0,1,1,0,0,1,2,0.0797028856145011,10202
1079,62.79,0,21,-4.504,0.902882,0,9,1,0,1,1,0,0,2,5,0.07330994738177174,10223
1080,63.0,0,18,-6.442,0.90271,0,2,0,0,1,1,0,0,1,7,0.09756031456506914,10241
1081,63.16,0,14,-5.292,0.902578,0,5,1,0,1,1,0,0,2,6,0.09165755326726607,10255
1082,63.23,0,5,-5.062,0.90253,0,4,0,0,1,1,0,0,1,3,0.11299697905778885,10260
1083,63.32,0,8,-5.542,0.902454,0,3,0,0,1,1,0,0,1,3,0.09780076472088695,10268
1084,63.55,0,20,-5.634,0.902264,0,5,0,0,1,1,0,0,2,9,0.07091799741610885,10288
1085,63.8,0,19,-5.892,0.902084,0,4,1,0,1,1,0,0,2,11,0.09634945522013463,10307
1086,63.99,0,16,-5.112,0.901931,0,6,1,0,1,1,0,0,2,3,0.09521932387724519,10323
1087,64.05,0,5,-5.062,0.901884,0,4,1,0,1,1,0,0,1,3,0.10362452417612075,10328
1088,64.22,0,15,-5.972,0.901741,0,3,0,0,1,1,0,0,1,8,0.07498951392869155,10343
1089,64.31,0,8,-6.152,0.901666,0,1,0,0,1,1,0,0,1,3,0.11187678575515747,10351
1090,64.45,0,13,-5.542,0.901542,0,4,1,0,1,1,0,0,1,6,0.11139419331000401,10364
1091,64.54,0,8,-5.542,0.901466,0,3,0,0,1,1,0,0,1,4,0.10273150727152824,10372
1092,64.62,0,7,-5.792,0.9014,0,2,0,0,1,1,0,0,1,2,0.07087092021746295,10379
1093,64.83,0,18,-5.842,0.901228,0,4,0,0,1,1,0,0,1,6,0.061717038249803916,10397
1094,64.93,0,9,-5.902,0.901143,0,2,0,0,1,1,0,0,1,5,0.08239041527526246,10406
1095,65.03,0,8,-4.942,0.901067,0,5,0,0,1,1,0,0,1,4,0.08529216889292002,10414
1096,65.25,0,20,-5.952,0.900877,0,4,0,0,1,1,0,0,2,8,0.07611678335815668,10434
1097,65.76,0,41,-5.084,0.900487,0,11,0,0,1,1,0,0,3,13,0.08302362703877252,10475
1098,65.84,0,6,-5.732,0.900431,0,2,0,0,1,1,0,0,1,1,0.11014388129115105,10481
1099,65.9,0,5,-5.362,0.900383,0,3,0,0,1,1,0,0,1,3,0.07453853636980057,10486
1100,65.99,0,8,-5.542,0.900307,0,3,1,0,1,1,0,0,1,1,0.06497925240546465,10494
1101,66.19,0,17,-5.172,0.900146,0,6,0,0,1,1,0,0,2,9,0.09950302650823313,10511
1102,66.27,0,7,-5.182,0.900079,0,4,0,0,1,1,0,0,1,3,0.0922071925763573,10518
1103,66.43,0,14,-5.874,0.899946,0,3,0,0,1,1,0,0,2,6,0.08919975647170629,10532
1104,66.52,0,7,-5.5,0.89988,0,3,0,0,1,1,0,0,1,2,0.0792263921882425,10539
1105,66.59,0,6,-5.732,0.899822,0,2,0,0,1,1,0,0,1,1,0.07496875741829474,10545
1106,66.66,0,7,-5.792,0.899756,0,2,1,0,1,1,0,0,1,2,0.07855636812746525,10552
1107,66.82,0,14,-6.202,0.899623,0,2,0,0,1,1,0,0,1,5,0.08621954478855644,10566
1108,66.95,0,11,-5.122,0.899518,0,5,2,0,1,1,0,0,1,5,0.09685219553383914,10577
1109,67.28,0,29,-6.764,0.899243,0,3,0,0,1,1,0,0,3,10,0.10908210354632344,10606
1110,67.35,0,6,-5.122,0.899186,0,4,0,0,1,1,0,0,1,4,0.06293504188458125,10612
1111,67.47,0,10,-5.972,0.899091,0,2,0,0,1,1,0,0,1,5,0.09101423621177673,10622
1112,67.56,0,8,-5.242,0.899015,0,4,0,0,1,1,0,0,1,4,0.07130346563644707,10630
1113,67.62,0,5,-5.362,0.898968,0,3,0,0,1,1,0,0,1,3,0.07637814804911613,10635
1114,67.77,0,13,-6.152,0.898844,0,2,1,0,1,1,0,0,1,4,0.0844043678102585,10648
1115,67.86,0,8,-5.542,0.898768,0,3,0,0,1,1,0,0,1,4,0.11275051371194422,10656
1116,67.95,0,8,-5.242,0.898692,0,4,0,0,1,1,0,0,1,6,0.11327626253478229,10664
1117,68.03,0,6,-5.722,0.898635,0,2,1,0,1,1,0,0,1,3,0.06912909680977464,10670
1118,68.12,0,8,-5.242,0.898559,0,4,1,0,1,1,0,0,1,4,0.06322427280247211,10678
1119,68.24,0,10,-5.662,0.898464,0,3,0,0,1,1,0,0,1,4,0.08147080056369305,10688
1120,68.38,0,13,-5.224,0.89834,0,5,1,0,1,1,0,0,2,6,0.1118715529401715,10701
1121,68.6,0,19,-5.584,0.89816,0,5,0,0,1,1,0,0,2,8,0.07178657472525772,10720
1122,68.68,0,7,-5.8,0.898093,0,2,0,0,1,1,0,0,1,2,0.050473270405616076,10727
1123,68.85,0,14,-5.284,0.89796,0,5,0,0,1,1,0,0,2,5,0.08348795545420476,10741
1124,68.94,0,8,-5.242,0.897884,0,4,0,0,1,1,0,0,1,4,0.07986254431307316,10749
1125,69.03,0,7,-5.782,0.897818,0,2,0,0,1,1,0,0,1,3,0.0881757028400898,10756
1126,69.12,0,8,-5.542,0.897742,0,3,0,0,1,1,0,0,1,6,0.08232501149177551,10764
1127,69.27,0,13,-5.242,0.897618,0,5,0,0,1,1,0,0,1,7,0.07344510248647286,10777
1128,69.33,0,6,-5.422,0.897562,0,3,0,0,1,1,0,0,1,4,0.0867324670155843,10783
1129,69.41,0,7,-5.482,0.897495,0,3,0,0,1,1,0,0,1,2,0.07547697531325477,10790
1130,69.49,0,7,-4.882,0.897428,0,5,1,0,1,1,0,0,1,0,0.07684340540851865,10797
1131,69.56,0,6,-5.44,0.897371,0,3,0,0,1,1,0,0,1,1,0.08729638966421287,10803
1132,69.63,0,6,-5.422,0.897315,0,3,0,0,1,1,0,0,1,3,0.13567344471812248,10809
1133,69.71,0,7,-5.492,0.897248,0,3,2,0,1,1,0,0,1,2,0.10754135650183473,10816
1134,69.92,0,18,-4.924,0.897077,0,7,0,0,1,1,0,0,2,8,0.09562992449435923,10834
1135,70.02,0,8,-5.542,0.897001,0,3,0,0,1,1,0,0,1,5,0.06221051001921296,10842
1136,70.08,0,5,-5.062,0.896953,0,4,1,0,1,1,0,0,1,3,0.060250581800937654,10847
1137,70.17,0,8,-5.542,0.896877,0,3,0,0,1,1,0,0,1,4,0.11110180243849754,10855
1138,70.23,0,5,-5.362,0.89683,0,3,0,0,1,1,0,0,1,3,0.0777836062014103,10860
1139,70.43,0,18,-6.132,0.896659,0,3,0,0,1,1,0,0,2,6,0.09234254238092238,10878
1140,70.67,0,21,-5.722,0.896459,0,5,1,0,1,1,0,0,1,8,0.08017886048626333,10899
1141,70.78,0,9,-5.902,0.896374,0,2,0,0,1,1,0,0,1,5,0.08999710281689961,10908
1142,70.84,0,5,-5.062,0.896327,0,4,0,0,1,1,0,0,1,3,0.06701336912810803,10913
1143,70.9,0,5,-5.062,0.896279,0,4,0,0,1,1,0,0,1,3,0.07358654886484146,10918
1144,71.05,0,13,-5.842,0.896155,0,3,0,0,1,1,0,0,1,3,0.08472628776843731,10931
1145,71.13,0,7,-5.182,0.896089,0,4,0,0,1,1,0,0,1,4,0.12291847674974374,10938
1146,71.21,0,7,-5.482,0.896022,0,3,0,0,1,1,0,0,1,3,0.12791444041899272,10945
1147,71.27,0,5,-5.362,0.895975,0,3,0,0,1,1,0,0,1,3,0.08330615907907486,10950
1148,71.35,0,7,-5.482,0.895908,0,3,0,0,1,1,0,0,1,4,0.10869131982326508,10957
1149,71.44,0,7,-5.182,0.895842,0,4,0,0,1,1,0,0,1,3,0.0852919231568064,10964
1150,71.54,0,9,-5.902,0.895757,0,2,0,0,1,1,0,0,1,4,0.07475730528434117,10973
1151,71.6,0,5,-5.362,0.895709,0,3,0,0,1,1,0,0,1,3,0.09470623508095741,10978
1152,71.66,0,5,-5.662,0.895661,0,2,0,0,1,1,0,0,1,2,0.06260835230350495,10983
1153,71.78,0,11,-5.722,0.895557,0,3,0,0,1,1,0,0,1,5,0.10111659291115674,10994
1154,71.85,0,6,-5.722,0.8955,0,2,0,0,1,1,0,0,1,3,0.11627718433737755,11000
1155,71.93,0,6,-5.43,0.895443,0,3,0,0,1,1,0,0,1,1,0.0834534578025341,11006
1156,72.06,0,11,-5.422,0.895339,0,4,1,0,1,1,0,0,1,5,0.05553296580910683,11017
1157,72.14,0,7,-5.182,0.895272,0,4,0,0,1,1,0,0,1,3,0.092913384948458,11024
1158,72.24,0,8,-5.86,0.895196,0,2,0,0,1,1,0,0,1,3,0.06656951527111232,11032
1159,72.39,0,13,-6.142,0.895072,0,2,1,0,1,1,0,0,1,5,0.06786173553420947,11045
1160,72.55,0,14,-5.902,0.894939,0,3,0,0,1,1,0,0,1,5,0.05506918100374086,11059
1161,72.63,0,6,-5.43,0.894883,0,3,0,0,1,1,0,0,1,1,0.06687221582978964,11065
1162,72.69,0,5,-5.062,0.894835,0,4,0,0,1,1,0,0,1,3,0.1294290006160736,11070
1163,72.76,0,6,-5.722,0.894778,0,2,0,0,1,1,0,0,1,3,0.13281485438346863,11076
1164,72.91,0,12,-5.482,0.894664,0,4,0,0,1,1,0,0,1,4,0.10305336055656274,11088
1165,73.2,0,26,-5.084,0.894417,0,8,1,0,1,1,0,0,3,8,0.08616188430012418,11114
1166,73.27,0,6,-5.122,0.89436,0,4,0,0,1,1,0,0,1,4,0.06605036890444656,11120
1167,73.33,0,5,-5.662,0.894313,0,2,1,0,1,1,0,0,1,3,0.07159561663866043,11125
1168,73.4,0,6,-5.74,0.894255,0,2,0,0,1,1,0,0,1,1,0.06061772257089615,11131
1169,73.46,0,5,-5.662,0.894208,0,2,0,0,1,1,0,0,1,1,0.08346128985285758,11136
1170,73.52,0,5,-5.362,0.894161,0,3,0,0,1,1,0,0,1,3,0.0666808843612671,11141
1171,73.59,0,6,-5.422,0.894104,0,3,1,0,1,1,0,0,1,4,0.07383247061322133,11147
1172,73.69,0,9,-5.902,0.894018,0,2,0,0,1,1,0,0,1,2,0.08398892813258702,11156
1173,73.78,0,7,-5.482,0.893952,0,3,0,0,1,1,0,0,1,5,0.05622252422784056,11163
1174,73.94,0,14,-5.602,0.893819,0,4,0,0,1,1,0,0,1,8,0.09210944528292332,11177
1175,74.1,0,14,-6.502,0.893686,0,1,0,0,1,1,0,0,1,7,0.07951950498058327,11191
1176,74.19,0,8,-5.542,0.893609,0,3,0,0,1,1,0,0,1,4,0.07615098124369979,11199
1177,74.42,0,21,-5.732,0.89341,0,5,0,0,1,1,0,0,1,8,0.06750785155842702,11220
1178,74.75,0,29,-5.874,0.893134,0,6,0,0,1,1,0,0,3,10,0.07872257240373513,11249
1179,74.85,0,8,-6.16,0.893058,0,1,0,0,1,1,0,0,1,3,0.07128360983915627,11257
1180,74.91,0,5,-5.362,0.893011,0,3,0,0,1,1,0,0,1,3,0.0878437727689743,11262
1181,75.23,0,28,-6.414,0.892745,0,4,0,0,1,1,0,0,2,9,0.06275967142677732,11290
1182,75.43,0,15,-5.344,0.892602,0,5,0,0,1,1,0,0,2,3,0.08212068316837152,11305
1183,75.51,0,7,-5.482,0.892536,0,3,0,0,1,1,0,0,1,5,0.0914317752633776,11312
1184,75.65,0,12,-6.1,0.892422,0,2,0,0,1,1,0,0,1,3,0.08164907541746895,11324
1185,75.74,0,7,-5.482,0.892355,0,3,1,0,1,1,0,0,1,4,0.09149901089923722,11331
1186,75.8,0,5,-5.962,0.892308,0,1,0,0,1,1,0,0,1,2,0.06118589919060469,11336
1187,75.93,0,11,-5.722,0.892204,0,3,0,0,1,1,0,0,1,7,0.057782337577505546,11347
1188,75.99,0,5,-5.062,0.892156,0,4,0,0,1,1,0,0,1,3,0.0801694631576538,11352
1189,76.08,0,8,-5.542,0.89208,0,3,0,0,1,1,0,0,1,4,0.07995042693801224,11360
1190,76.19,0,9,-5.902,0.891995,0,2,0,0,1,1,0,0,1,4,0.08305948165555795,11369
1191,76.27,0,7,-5.482,0.891928,0,3,1,0,1,1,0,0,1,4,0.12916053299392974,11376
1192,76.41,0,12,-5.8,0.891814,0,3,0,0,1,1,0,0,1,5,0.064158720895648,11388
1193,76.48,0,6,-5.122,0.891757,0,4,1,0,1,1,0,0,1,4,0.09586315415799618,11394
1194,76.62,0,12,-6.382,0.891643,0,1,0,0,1,1,0,0,1,3,0.06290697834144036,11406
1195,76.81,0,17,-6.064,0.891482,0,3,0,0,1,1,0,0,2,6,0.06324783734538976,11423
1196,76.89,0,7,-5.182,0.891415,0,4,0,0,1,1,0,0,1,5,0.08052995667925902,11430
1197,76.98,0,7,-5.482,0.891348,0,3,0,0,1,1,0,0,1,5,0.09058613862310137,11437
1198,77.04,0,5,-5.662,0.891301,0,2,0,0,1,1,0,0,1,2,0.07206292077898979,11442
1199,77.27,0,20,-6.262,0.891111,0,3,0,0,1,1,0,0,1,6,0.08054392277263105,11462
1200,77.39,0,10,-5.962,0.891016,0,2,1,0,1,1,0,0,1,5,0.07014419808983803,11472
1201,77.5,0,9,-5.602,0.890931,0,3,0,0,1,1,0,0,1,5,0.055906429058975644,11481
1202,77.63,0,12,-5.782,0.890817,0,3,0,0,1,1,0,0,1,6,0.07626505009829998,11493
1203,77.74,0,9,-5.92,0.890731,0,2,0,0,1,1,0,0,1,2,0.058570718910131186,11502
1204,77.94,0,17,-6.4,0.89057,0,2,0,0,1,1,0,0,1,8,0.08776414646383594,11519
1205,77.99,0,5,-5.362,0.890522,0,3,0,0,1,1,0,0,1,3,0.05707895085215568,11524
1206,78.07,0,7,-6.082,0.890456,0,1,0,0,1,1,0,0,1,4,0.059295387140342166,11531
1207,78.17,0,7,-5.482,0.890389,0,3,0,0,1,1,0,0,1,2,0.04445508548191616,11538
1208,78.24,0,7,-5.792,0.890323,0,2,1,0,1,1,0,0,1,2,0.07452154851385526,11545
1209,78.45,0,19,-5.292,0.890142,0,6,1,0,1,1,0,0,2,5,0.08481862023472786,11564
1210,78.69,0,21,-5.086,0.889942,0,7,1,0,1,1,0,0,3,10,0.10629267440665335,11585
1211,78.76,0,5,-5.962,0.889895,0,1,0,0,1,1,0,0,1,3,0.05784420594573021,11590
1212,79.1,0,30,-5.642,0.88961,0,7,0,0,1,1,0,0,3,14,0.0885475958387057,11620
1213,79.16,0,5,-5.662,0.889563,0,2,0,0,1,1,0,0,1,2,0.05216456353664398,11625
1214,79.35,0,17,-6.362,0.889401,0,2,0,0,1,1,0,0,2,3,0.07455367792178602,11642
1215,79.41,0,5,-5.062,0.889354,0,4,0,0,1,1,0,0,1,3,0.12142603546380996,11647
1216,79.47,0,5,-5.362,0.889306,0,3,0,0,1,1,0,0,1,3,0.10532182827591896,11652
1217,79.59,0,11,-6.322,0.889201,0,1,0,0,1,1,0,0,1,5,0.08817279474301772,11663
1218,79.7,0,9,-5.602,0.889116,0,3,0,0,1,1,0,0,1,6,0.07277343546350797,11672
1219,79.92,0,19,-5.274,0.888935,0,6,1,0,1,1,0,0,2,7,0.06536506493820955,11691
1220,80.02,0,8,-5.552,0.88886,0,3,1,0,1,1,0,0,1,3,0.0984077388420701,11699
1221,80.08,0,5,-5.362,0.888812,0,3,0,0,1,1,0,0,1,3,0.10798024982213975,11704
1222,80.28,0,18,-5.224,0.888641,0,6,0,0,1,1,0,0,2,7,0.06604471368094285,11722
1223,80.36,0,6,-5.422,0.888584,0,3,1,0,1,1,0,0,1,3,0.09019531589001417,11728
1224,80.44,0,7,-5.482,0.888518,0,3,0,0,1,1,0,0,1,3,0.07116966774421078,11735
1225,80.59,0,13,-5.842,0.888394,0,3,1,0,1,1,0,0,1,7,0.06557186220127803,11748
1226,80.71,0,11,-5.732,0.888289,0,3,0,0,1,1,0,0,1,4,0.06861744059080427,11759
1227,80.81,0,8,-5.852,0.888213,0,2,0,0,1,1,0,0,1,3,0.05420756689272821,11767
1228,80.92,0,9,-5.902,0.888128,0,2,0,0,1,1,0,0,1,4,0.06339840673738056,11776
1229,80.99,0,6,-5.422,0.888071,0,3,0,0,1,1,0,0,1,3,0.07532859904070695,11782
1230,81.08,0,8,-5.842,0.887995,0,2,0,0,1,1,0,0,1,2,0.060234472155570984,11790
1231,81.14,0,5,-5.362,0.887948,0,3,0,0,1,1,0,0,1,3,0.0581965422257781,11795
1232,81.33,0,16,-5.722,0.887795,0,4,1,0,1,1,0,0,1,7,0.0850262027233839,11811
1233,81.49,0,13,-6.142,0.887672,0,2,1,0,1,1,0,0,1,6,0.09142656925206001,11824
1234,81.58,0,7,-6.382,0.887606,0,0,0,0,1,1,0,0,1,2,0.07016483747533389,11831
1235,81.65,0,6,-5.422,0.887548,0,3,0,0,1,1,0,0,1,4,0.06570823304355145,11837
1236,81.86,0,18,-6.142,0.887378,0,3,0,0,1,1,0,0,1,9,0.06540391138858265,11855
1237,81.96,0,9,-5.302,0.887292,0,4,0,0,1,1,0,0,1,5,0.06554634082648489,11864
1238,82.04,0,6,-5.422,0.887235,0,3,0,0,1,1,0,0,1,3,0.08138132343689601,11870
1239,82.11,0,6,-5.432,0.887178,0,3,0,0,1,1,0,0,1,1,0.05631247845788797,11876
1240,82.18,0,6,-5.422,0.887121,0,3,0,0,1,1,0,0,1,4,0.09750994232793649,11882
1241,82.38,0,18,-6.742,0.88695,0,1,0,0,1,1,0,0,1,7,0.06364295321206252,11900
1242,82.48,0,8,-5.852,0.886874,0,2,0,0,1,1,0,0,1,3,0.06151789356954396,11908
1243,82.87,0,34,-5.254,0.886551,0,9,0,0,1,1,0,0,4,14,0.06454581370138947,11942
1244,82.95,0,6,-5.732,0.886494,0,2,0,0,1,1,0,0,1,1,0.06152298767119646,11948
1245,83.03,0,7,-6.082,0.886428,0,1,0,0,1,1,0,0,1,3,0.12431300537926811,11955
1246,83.09,0,5,-5.662,0.88638,0,2,1,0,1,1,0,0,1,3,0.06704058237373829,11960
1247,83.17,0,7,-5.782,0.886313,0,2,2,0,1,1,0,0,1,4,0.09361227176019124,11967
1248,83.28,0,9,-5.302,0.886228,0,4,0,0,1,1,0,0,1,7,0.03917416599061754,11976
1249,83.33,0,5,-5.362,0.886181,0,3,0,0,1,1,0,0,1,3,0.07059232816100121,11981
1250,83.39,0,5,-5.662,0.886133,0,2,0,0,1,1,0,0,1,3,0.059599490091204646,11986
1251,83.5,0,9,-6.512,0.886047,0,0,0,0,1,1,0,0,1,4,0.03393502771440479,11995
1252,83.57,0,6,-6.022,0.885991,0,1,0,0,1,1,0,0,1,3,0.05138538343211015,12001
1253,83.66,0,8,-5.542,0.885915,0,3,0,0,1,1,0,0,1,6,0.06752414256334305,12009
1254,83.77,0,9,-5.002,0.885829,0,5,0,0,1,1,0,0,1,1,0.058093378889477916,12018
1255,83.85,0,7,-5.79,0.885763,0,2,0,0,1,1,0,0,1,0,0.06750577528561864,12025
1256,84.05,0,18,-5.514,0.885591,0,5,1,0,1,1,0,0,2,8,0.08062063333474928,12043
1257,84.2,0,13,-6.142,0.885468,0,2,0,0,1,1,0,0,1,2,0.06503967152765164,12056
1258,84.26,0,5,-5.062,0.885421,0,4,0,0,1,1,0,0,1,3,0.08354123160243035,12061
1259,84.36,0,9,-5.302,0.885335,0,4,0,0,1,1,0,0,1,3,0.08252213605576092,12070
1260,84.41,0,5,-5.062,0.885288,0,4,1,0,1,1,0,0,1,3,0.06334556862711907,12075
1261,84.47,0,5,-5.962,0.88524,0,1,0,0,1,1,0,0,1,2,0.07376850619912148,12080
1262,84.53,0,5,-5.962,0.885193,0,1,1,0,1,1,0,0,1,3,0.05227190442383289,12085
1263,84.61,0,7,-5.482,0.885126,0,3,0,0,1,1,0,0,1,3,0.04338468850723335,12092
1264,84.68,0,6,-5.44,0.885069,0,3,0,0,1,1,0,0,1,1,0.0650767710370322,12098
1265,84.74,0,5,-5.662,0.885022,0,2,0,0,1,1,0,0,1,2,0.08956500142812729,12103
1266,84.83,0,7,-5.482,0.884955,0,3,1,0,1,1,0,0,1,5,0.0865210262792451,12110
1267,84.91,0,7,-5.482,0.884888,0,3,0,0,1,1,0,0,1,4,0.07190659855093275,12117
1268,85.12,0,19,-6.512,0.884708,0,2,0,0,1,1,0,0,1,8,0.07400287677975077,12136
1269,85.24,0,10,-5.662,0.884613,0,3,0,0,1,1,0,0,1,5,0.04769636048004031,12146
1270,85.44,0,17,-6.064,0.884451,0,3,0,0,1,1,0,0,2,7,0.07513460703194141,12163
1271,85.56,0,11,-6.022,0.884347,0,2,1,0,1,1,0,0,1,5,0.07171440734104677,12174
1272,85.66,0,8,-5.542,0.884271,0,3,1,0,1,1,0,0,1,6,0.08746508019976318,12182
1273,85.86,0,16,-6.622,0.884119,0,1,0,0,1,1,0,0,1,8,0.06606961312354542,12198
1274,86.0,0,12,-6.382,0.884005,0,1,0,0,1,1,0,0,1,5,0.06872984099512298,12210
1275,86.14,0,12,-6.09,0.883891,0,2,0,0,1,1,0,0,1,5,0.08942187127346794,12222
1276,86.2,0,5,-5.062,0.883844,0,4,0,0,1,1,0,0,1,3,0.05774399489164352,12227
1277,86.32,0,11,-6.022,0.883739,0,2,0,0,1,1,0,0,1,5,0.05502577092159878,12238
1278,86.61,0,26,-6.304,0.883492,0,4,0,0,1,1,0,0,2,12,0.0655057615815447,12264
1279,86.67,0,5,-5.662,0.883444,0,2,0,0,1,1,0,0,1,2,0.10036168172955513,12269
1280,86.91,0,21,-4.804,0.883245,0,8,0,0,1,1,0,0,2,8,0.04524115747993901,12290
1281,87.02,0,9,-6.21,0.883159,0,1,1,0,1,1,0,0,1,2,0.08544764357308547,12299
1282,87.1,0,7,-5.182,0.883093,0,4,2,0,1,1,0,0,1,3,0.08220161657248225,12306
1283,87.18,0,7,-5.482,0.883027,0,3,0,0,1,1,0,0,1,2,0.05673289631626436,12313
1284,87.32,0,13,-5.814,0.882903,0,3,1,0,1,1,0,0,2,3,0.05721968756272243,12326
1285,87.42,0,8,-5.542,0.882827,0,3,0,0,1,1,0,0,1,2,0.08537567779421806,12334
1286,87.51,0,8,-5.842,0.882751,0,2,1,0,1,1,0,0,1,5,0.036552390665747225,12342
1287,87.68,0,15,-6.572,0.882609,0,1,0,0,1,1,0,0,1,4,0.07332910783588886,12357
1288,87.74,0,5,-5.062,0.882561,0,4,1,0,1,1,0,0,1,3,0.11808910183608531,12362
1289,88.07,0,29,-6.746,0.882286,0,3,0,0,1,1,0,0,3,10,0.07998248507621987,12391
1290,88.2,0,11,-5.422,0.882181,0,4,0,0,1,1,0,0,1,7,0.07058437795124271,12402
1291,88.27,0,6,-5.422,0.882124,0,3,0,0,1,1,0,0,1,3,0.09486024764676888,12408
1292,88.36,0,8,-4.642,0.882048,0,6,0,0,1,1,0,0,1,4,0.07401968271005899,12416
1293,88.45,0,8,-5.842,0.881972,0,2,1,0,1,1,0,0,1,6,0.07538563781417906,12424
1294,88.53,0,7,-5.782,0.881906,0,2,0,0,1,1,0,0,1,1,0.06816622082676206,12431
1295,88.59,0,5,-5.062,0.881858,0,4,0,0,1,1,0,0,1,3,0.0808011457324028,12436
1296,88.66,0,6,-5.432,0.881801,0,3,0,0,1,1,0,0,1,1,0.05130139800409476,12442
1297,88.72,0,5,-5.362,0.881753,0,3,1,0,1,1,0,0,1,2,0.05372635722160339,12447
1298,88.81,0,8,-5.85,0.881678,0,2,0,0,1,1,0,0,1,1,0.061023723566904664,12455
1299,88.87,0,5,-5.362,0.88163,0,3,1,0,1,1,0,0,1,3,0.05022882074117661,12460
1300,89.02,0,13,-6.16,0.881506,0,2,0,0,1,1,0,0,1,6,0.08075663690956739,12473
1301,89.1,0,7,-5.482,0.88144,0,3,0,0,1,1,0,0,1,3,0.054363936584975035,12480
1302,89.24,0,12,-6.382,0.881326,0,1,0,0,1,1,0,0,1,4,0.06451319763436913,12492
1303,89.33,0,8,-5.842,0.88125,0,2,0,0,1,1,0,0,1,3,0.05897525942418724,12500
1304,89.44,0,10,-4.762,0.881155,0,6,0,0,1,1,0,0,1,4,0.06863894443958998,12510
1305,89.6,0,15,-5.962,0.881012,0,3,0,0,1,1,0,0,1,6,0.05278402622789145,12525
1306,89.68,0,7,-5.482,0.880946,0,3,1,0,1,1,0,0,1,4,0.08528419584035873,12532
1307,89.82,0,12,-5.482,0.880832,0,4,0,0,1,1,0,0,1,7,0.0599760051506261,12544
1308,89.89,0,6,-6.022,0.880775,0,1,0,0,1,1,0,0,1,3,0.07178427185863256,12550
1309,90.13,0,21,-5.702,0.880575,0,5,1,0,1,1,0,0,2,5,0.06972042568737552,12571
1310,90.19,0,5,-5.062,0.880528,0,4,1,0,1,1,0,0,1,3,0.05801964476704598,12576
1311,90.34,0,13,-5.524,0.880405,0,4,0,0,1,1,0,0,2,6,0.054952952795876905,12589
1312,90.45,0,10,-5.062,0.880309,0,5,0,0,1,1,0,0,1,4,0.07423195508308708,12599
1313,90.6,0,13,-6.16,0.880186,0,2,0,0,1,1,0,0,1,6,0.06119464022608904,12612
1314,90.67,0,6,-5.722,0.880129,0,2,0,0,1,1,0,0,1,4,0.05047873097161452,12618
1315,90.76,0,8,-5.86,0.880053,0,2,0,0,1,1,0,0,1,3,0.11409441055729985,12626
1316,90.88,0,10,-5.98,0.879958,0,2,0,0,1,1,0,0,1,3,0.07191126421093941,12636
1317,91.03,0,13,-5.852,0.879835,0,3,0,0,1,1,0,0,1,4,0.04763675939578276,12649
1318,91.24,0,18,-5.814,0.879664,0,4,0,0,1,1,0,0,2,6,0.07195090192059676,12667
1319,91.32,0,7,-5.182,0.879597,0,4,0,0,1,1,0,0,1,3,0.04307434495006289,12674
1320,91.4,0,7,-5.482,0.87953,0,3,1,0,1,1,0,0,1,2,0.04857351923627513,12681
1321,91.52,0,10,-6.262,0.879436,0,1,0,0,1,1,0,0,1,5,0.07975119333714246,12691
1322,91.62,0,9,-5.602,0.87935,0,3,0,0,1,1,0,0,1,2,0.09492446689142121,12700
1323,91.71,0,7,-5.792,0.879283,0,2,0,0,1,1,0,0,1,2,0.07957952469587326,12707
1324,91.94,0,20,-5.952,0.879093,0,4,0,0,1,1,0,0,2,9,0.06286583200562745,12727
1325,92.02,0,7,-5.182,0.879027,0,4,0,0,1,1,0,0,1,3,0.07608683380697455,12734
1326,92.08,0,5,-5.362,0.87898,0,3,0,0,1,1,0,0,1,3,0.08907864652574063,12739
1327,92.19,0,10,-5.962,0.878885,0,2,0,0,1,1,0,0,1,8,0.053827930707484484,12749
1328,92.32,0,11,-6.03,0.87878,0,2,0,0,1,1,0,0,1,4,0.08142834190617908,12760
1329,92.43,0,9,-5.302,0.878695,0,4,0,0,1,1,0,0,1,5,0.06945165702038342,12769
1330,92.55,0,11,-5.722,0.87859,0,3,0,0,1,1,0,0,1,7,0.049710463055155495,12780
1331,92.62,0,6,-5.44,0.878533,0,3,0,0,1,1,0,0,1,1,0.07439041665444772,12786
1332,93.0,0,33,-6.096,0.87822,0,6,1,0,1,1,0,0,3,16,0.08081544650662126,12819
1333,93.07,0,6,-6.022,0.878162,0,1,0,0,1,1,0,0,1,3,0.08281785435974598,12825
1334,93.15,0,7,-5.792,0.878096,0,2,0,0,1,1,0,0,1,2,0.10620430910161563,12832
1335,93.37,0,19,-5.574,0.877915,0,5,1,0,1,1,0,0,2,8,0.05652969144284725,12851
1336,93.43,0,5,-5.062,0.877868,0,4,0,0,1,1,0,0,1,3,0.0503294363617897,12856
1337,93.52,0,7,-5.782,0.877802,0,2,0,0,1,1,0,0,1,5,0.05992388246314866,12863
1338,93.71,0,16,-5.712,0.877649,0,4,0,0,1,1,0,0,2,5,0.07231758418492973,12879
1339,93.83,0,10,-5.98,0.877555,0,2,0,0,1,1,0,0,1,3,0.09607745744287968,12889
1340,93.95,0,10,-5.662,0.87746,0,3,1,0,1,1,0,0,1,4,0.10031281355768443,12899
1341,94.11,0,14,-4.984,0.877327,0,6,1,0,1,1,0,0,2,5,0.06253828507448946,12913
1342,94.18,0,6,-5.122,0.87727,0,4,0,0,1,1,0,0,1,4,0.09723430499434471,12919
1343,94.31,0,11,-6.022,0.877165,0,2,0,0,1,1,0,0,1,8,0.06455992196093906,12930
1344,94.4,0,9,-5.602,0.87708,0,3,0,0,1,1,0,0,1,7,0.06747851603560978,12939
1345,94.48,0,7,-5.182,0.877013,0,4,0,0,1,1,0,0,1,3,0.0245659046673349,12946
1346,94.74,0,23,-6.086,0.876795,0,4,0,0,1,1,0,0,3,8,0.07445642198233501,12969
1347,94.8,0,5,-5.662,0.876747,0,2,0,0,1,1,0,0,1,3,0.06271064020693302,12974
1348,94.99,0,17,-5.154,0.876586,0,6,1,0,1,1,0,0,2,9,0.06684976191643406,12991
1349,95.05,0,5,-5.362,0.876538,0,3,1,0,1,1,0,0,1,3,0.09587102076038719,12996
1350,95.14,0,7,-5.182,0.876471,0,4,0,0,1,1,0,0,1,5,0.09256825170346669,13003
1351,95.25,0,10,-5.362,0.876377,0,4,0,0,1,1,0,0,1,6,0.06956746131181717,13013
1352,95.46,0,18,-5.542,0.876205,0,5,0,0,1,1,0,0,1,8,0.056770486653678946,13031
1353,95.51,0,5,-5.662,0.876158,0,2,0,0,1,1,0,0,1,3,0.11674596965312958,13036
1354,95.65,0,12,-6.082,0.876044,0,2,0,0,1,1,0,0,1,5,0.0665618476147453,13048
1355,95.78,0,11,-5.722,0.875939,0,3,0,0,1,1,0,0,1,4,0.04336184813556346,13059
1356,95.94,0,14,-6.202,0.875806,0,2,0,0,1,1,0,0,1,5,0.05204836917775018,13073
1357,96.04,0,8,-4.642,0.87573,0,6,1,0,1,1,0,0,1,4,0.075063620461151,13081
1358,96.29,0,22,-5.162,0.875521,0,7,1,0,1,1,0,0,3,5,0.07271006000651555,13103
1359,96.37,0,7,-5.182,0.875455,0,4,0,0,1,1,0,0,1,3,0.03766130868877683,13110
1360,96.46,0,7,-5.182,0.875389,0,4,0,0,1,1,0,0,1,3,0.06345817872456141,13117
1361,96.55,0,8,-5.86,0.875313,0,2,0,0,1,1,0,0,1,3,0.07362517225556076,13125
1362,96.61,0,5,-5.362,0.875265,0,3,0,0,1,1,0,0,1,3,0.07167600728571415,13130
1363,96.8,0,17,-5.772,0.875104,0,4,0,0,1,1,0,0,2,9,0.04669137551065754,13147
1364,96.86,0,5,-5.062,0.875056,0,4,0,0,1,1,0,0,1,3,0.05360873229801655,13152
1365,96.92,0,5,-5.362,0.875008,0,3,0,0,1,1,0,0,1,2,0.0472191508859396,13157
1366,97.01,0,8,-5.55,0.874933,0,3,0,0,1,1,0,0,1,3,0.05977074569091201,13165
1367,97.09,0,6,-5.122,0.874876,0,4,0,0,1,1,0,0,1,4,0.0615803183366855,13171
1368,97.17,0,7,-5.8,0.874809,0,2,0,0,1,1,0,0,1,2,0.05479662373129811,13178
1369,97.29,0,10,-5.662,0.874714,0,3,0,0,1,1,0,0,1,6,0.06902780048549176,13188
1370,97.35,0,5,-5.362,0.874667,0,3,0,0,1,1,0,0,1,3,0.09447036013007164,13193
1371,97.51,0,14,-5.574,0.874534,0,4,0,0,1,1,0,0,2,4,0.05270615106980715,13207
1372,97.66,0,13,-6.46,0.87441,0,1,0,0,1,1,0,0,1,2,0.06809757871983144,13220
1373,97.73,0,5,-5.362,0.874362,0,3,0,0,1,1,0,0,1,3,0.06232157722115517,13225
1374,97.79,0,5,-5.362,0.874315,0,3,0,0,1,1,0,0,1,3,0.042691237106919286,13230
1375,97.85,0,5,-5.062,0.874267,0,4,0,0,1,1,0,0,1,3,0.06106478311121464,13235
1376,98.12,1,23,-3.606,0.874049,1,9,2,0,1,1,0,0,3,8,0.05754465708994995,13258
1377,98.21,0,8,-5.542,0.873973,0,3,0,0,1,1,0,0,1,2,0.03524912451393902,13266
1378,98.29,0,7,-5.482,0.873907,0,3,0,0,1,1,0,0,1,5,0.0912369027999895,13273
1379,98.36,0,6,-6.322,0.873849,0,0,0,0,1,1,0,0,1,2,0.04845117265358567,13279
1380,98.43,0,6,-5.722,0.873792,0,2,0,0,1,1,0,0,1,3,0.061388829723000526,13285
1381,98.49,0,5,-5.362,0.873745,0,3,1,0,1,1,0,0,1,3,0.0573214691132307,13290
1382,98.55,0,5,-5.062,0.873698,0,4,0,0,1,1,0,0,1,3,0.05710627771914005,13295
1383,98.63,0,7,-5.482,0.873631,0,3,0,0,1,1,0,0,1,5,0.06718908489814826,13302
1384,98.85,0,19,-5.592,0.873451,0,5,0,0,1,1,0,0,2,6,0.07432823745827925,13321
1385,98.94,0,8,-5.542,0.873375,0,3,0,0,1,1,0,0,1,4,0.08322397153824568,13329
1386,99.02,0,6,-5.732,0.873317,0,2,0,0,1,1,0,0,1,1,0.05345004051923752,13335
1387,99.18,0,13,-6.152,0.873194,0,2,0,0,1,1,0,0,1,8,0.06345854556331268,13348
1388,99.28,0,8,-5.542,0.873118,0,3,0,0,1,1,0,0,1,4,0.06211203336715698,13356
1389,99.39,0,11,-5.722,0.873013,0,3,0,0,1,1,0,0,1,5,0.05802027034488591,13367
1390,99.46,0,5,-5.062,0.872966,0,4,1,0,1,1,0,0,1,3,0.05787347126752138,13372
1391,99.65,0,17,-5.762,0.872804,0,4,0,0,1,1,0,0,2,4,0.056061099338180875,13389
1392,99.71,0,5,-5.062,0.872757,0,4,0,0,1,1,0,0,1,3,0.05410869717597962,13394
1393,99.86,0,13,-4.932,0.872634,0,6,0,0,1,1,0,0,2,7,0.05134826540373839,13407
1394,99.95,0,8,-5.542,0.872557,0,3,0,0,1,1,0,0,1,3,0.045672517851926386,13415
1395,100.03,0,7,-4.892,0.872491,0,5,1,0,1,1,0,0,1,0,0.04232231234865529,13422
1396,100.15,0,10,-5.362,0.872396,0,4,0,0,1,1,0,0,1,6,0.07769424971193076,13432
1397,100.22,0,5,-5.362,0.872348,0,3,1,0,1,1,0,0,1,3,0.050221214443445204,13437
1398,100.3,0,7,-5.792,0.872282,0,2,0,0,1,1,0,0,1,2,0.09458111918398313,13444
1399,100.42,0,10,-5.972,0.872187,0,2,0,0,1,1,0,0,1,5,0.07264359444379806,13454
1400,100.55,0,11,-6.332,0.872082,0,1,0,0,1,1,0,0,1,6,0.03529398278756575,13465
1401,100.63,0,7,-5.792,0.872016,0,2,0,0,1,1,0,0,1,2,0.05352429406983512,13472
1402,100.69,0,5,-5.062,0.871969,0,4,0,0,1,1,0,0,1,3,0.04721346460282803,13477
1403,100.83,0,12,-5.782,0.871854,0,3,0,0,1,1,0,0,1,6,0.04968695769396921,13489
1404,101.16,1,27,-5.954,0.871598,1,2,1,0,1,1,0,0,2,6,0.07289579296829524,13516
1405,101.35,0,18,-5.532,0.871427,0,5,1,0,1,1,0,0,2,6,0.05370713666909271,13534
1406,101.5,0,13,-5.822,0.871304,0,3,1,0,1,1,0,0,2,5,0.04820043034851551,13547
1407,101.71,0,18,-6.142,0.871132,0,3,0,0,1,1,0,0,1,5,0.05944273532885644,13565
1408,101.92,0,18,-6.442,0.870961,0,2,0,0,1,1,0,0,2,6,0.05967405314246813,13583
1409,102.19,0,24,-5.884,0.870734,0,5,0,0,1,1,0,0,2,10,0.06283057116282482,13607
1410,102.31,0,10,-5.362,0.870638,0,4,0,0,1,1,0,0,1,4,0.06409739181399346,13617
1411,102.57,0,23,-5.522,0.87042,0,6,1,0,1,1,0,0,2,10,0.06354697299716265,13640
1412,102.82,0,20,-6.244,0.87023,0,3,0,0,1,1,0,0,2,7,0.05183672336861491,13660
1413,102.89,0,5,-5.062,0.870183,0,4,0,0,1,1,0,0,1,3,0.07316049374639988,13665
1414,102.95,0,5,-5.362,0.870135,0,3,0,0,1,1,0,0,1,1,0.08795037791132927,13670
1415,103.0,0,5,-5.362,0.870088,0,3,0,0,1,1,0,0,1,3,0.050330244656652215,13675
1416,103.06,0,5,-5.962,0.87004,0,1,0,0,1,1,0,0,1,2,0.07124727442860604,13680
1417,103.21,0,13,-5.822,0.869916,0,3,1,0,1,1,0,0,2,3,0.05660719947459606,13693
1418,103.48,0,23,-4.896,0.869698,0,8,0,0,1,1,0,0,3,6,0.051081106876549515,13716
1419,103.59,0,9,-5.902,0.869613,0,2,0,0,1,1,0,0,1,4,0.033900788985192776,13725
1420,103.77,0,16,-6.022,0.86946,0,3,0,0,1,1,0,0,1,8,0.0612714184098877,13741
1421,103.83,0,5,-5.362,0.869413,0,3,1,0,1,1,0,0,1,2,0.06989406049251556,13746
1422,103.91,0,7,-6.092,0.869347,0,1,1,0,1,1,0,0,1,2,0.057792761230043004,13753
1423,103.97,0,5,-5.062,0.869299,0,4,0,0,1,1,0,0,1,3,0.0339429184794426,13758
1424,104.06,0,7,-5.782,0.869233,0,2,0,0,1,1,0,0,1,5,0.06888717918523721,13765
1425,104.14,0,7,-5.782,0.869166,0,2,0,0,1,1,0,0,1,2,0.03465995165918555,13772
1426,104.2,0,5,-5.362,0.869119,0,3,0,0,1,1,0,0,1,3,0.07297973446547985,13777
1427,104.39,0,17,-6.982,0.868957,0,0,0,0,1,1,0,0,1,5,0.06536991105360143,13794
1428,104.48,0,8,-5.542,0.868881,0,3,0,0,1,1,0,0,1,3,0.06091048929374665,13802
1429,104.54,0,5,-5.062,0.868834,0,4,0,0,1,1,0,0,1,3,0.06831981241703033,13807
1430,104.71,0,15,-5.652,0.868691,0,4,0,0,1,1,0,0,2,6,0.0486536988367637,13822
1431,104.77,0,5,-5.362,0.868644,0,3,0,0,1,1,0,0,1,3,0.07604469545185566,13827
1432,104.82,0,5,-5.662,0.868596,0,2,1,0,1,1,0,0,1,1,0.1061699628829956,13832
1433,104.94,0,10,-5.662,0.868501,0,3,1,0,1,1,0,0,1,4,0.061655860766768454,13842
1434,105.0,0,5,-5.662,0.868453,0,2,0,0,1,1,0,0,1,2,0.054267806746065614,13847
1435,105.09,0,8,-5.542,0.868378,0,3,0,0,1,1,0,0,1,5,0.053607706213369966,13855
1436,105.16,0,6,-5.722,0.868321,0,2,0,0,1,1,0,0,1,3,0.07662025870134433,13861
1437,105.25,0,8,-5.542,0.868244,0,3,0,0,1,1,0,0,1,5,0.04854800458997488,13869
1438,105.31,0,5,-5.362,0.868197,0,3,0,0,1,1,0,0,1,3,0.040741974487900734,13874
1439,105.37,0,5,-5.362,0.86815,0,3,2,0,1,1,0,0,1,3,0.08260897658765316,13879
1440,105.43,0,5,-5.662,0.868102,0,2,0,0,1,1,0,0,1,3,0.059454863891005516,13884
1441,105.57,0,12,-5.782,0.867988,0,3,1,0,1,1,0,0,1,5,0.05049434506023923,13896
1442,105.64,0,5,-5.662,0.867941,0,2,0,0,1,1,0,0,1,3,0.03780642710626125,13901
1443,105.71,0,6,-5.122,0.867884,0,4,1,0,1,1,0,0,1,4,0.07153658165285985,13907
1444,105.78,0,6,-5.422,0.867827,0,3,0,0,1,1,0,0,1,4,0.0727072370549043,13913
1445,105.86,0,6,-5.722,0.867769,0,2,0,0,1,1,0,0,1,4,0.052531578888495765,13919
1446,105.97,0,10,-5.962,0.867675,0,2,0,0,1,1,0,0,1,3,0.07816796153783798,13929
1447,106.03,0,5,-5.662,0.867627,0,2,0,0,1,1,0,0,1,3,0.055302844196557996,13934
1448,106.13,0,8,-5.86,0.867551,0,2,0,0,1,1,0,0,1,3,0.03389751515351236,13942
1449,106.19,0,5,-5.062,0.867503,0,4,0,0,1,1,0,0,1,3,0.04870552271604538,13947
1450,106.31,0,10,-5.362,0.867409,0,4,0,0,1,1,0,0,1,6,0.07366273906081915,13957
1451,106.39,0,7,-5.782,0.867342,0,2,0,0,1,1,0,0,1,2,0.05964752193540335,13964
1452,106.46,0,6,-5.422,0.867285,0,3,0,0,1,1,0,0,1,3,0.049814921182890735,13970
1453,106.53,0,6,-5.422,0.867228,0,3,0,0,1,1,0,0,1,3,0.0945593590537707,13976
1454,106.68,0,11,-5.73,0.867124,0,3,0,0,1,1,0,0,1,2,0.04970512852411379,13987
1455,106.78,0,7,-5.482,0.867057,0,3,0,0,1,1,0,0,1,1,0.05522484372236899,13994
1456,106.85,0,5,-5.362,0.867009,0,3,0,0,1,1,0,0,1,3,0.08934844732284546,13999
1457,106.95,0,7,-6.382,0.866943,0,0,0,0,1,1,0,0,1,1,0.04896626328783376,14006
1458,107.06,0,8,-5.842,0.866867,0,2,0,0,1,1,0,0,1,2,0.06233373284339905,14014
1459,107.17,0,9,-5.612,0.866781,0,3,0,0,1,1,0,0,1,2,0.04231389798223972,14023
1460,107.23,0,5,-5.362,0.866734,0,3,0,0,1,1,0,0,1,1,0.08863311558961869,14028
1461,107.47,0,21,-4.502,0.866534,0,9,0,0,1,1,0,0,3,8,0.05086464678779954,14049
1462,107.6,0,10,-5.362,0.86644,0,4,0,0,1,1,0,0,1,4,0.05129973366856575,14059
1463,107.79,0,16,-5.404,0.866287,0,5,0,0,1,1,0,0,2,9,0.03611293638823554,14075
1464,107.85,0,5,-5.362,0.86624,0,3,0,0,1,1,0,0,1,3,0.06450990624725819,14080
1465,107.91,0,5,-5.662,0.866193,0,2,0,0,1,1,0,0,1,0,0.03482876364141703,14085
1466,108.01,0,8,-5.542,0.866116,0,3,0,0,1,1,0,0,1,3,0.043464957212563604,14093
1467,108.08,0,6,-5.422,0.866059,0,3,0,0,1,1,0,0,1,3,0.053311063908040524,14099
1468,108.24,0,13,-5.842,0.865936,0,3,0,0,1,1,0,0,1,6,0.06430757203354286,14112
1469,108.34,0,9,-5.62,0.86585,0,3,0,0,1,1,0,0,1,2,0.06625759746465418,14121
1470,108.43,0,8,-5.842,0.865775,0,2,0,0,1,1,0,0,1,4,0.06497583072632551,14129
1471,108.54,0,10,-5.962,0.86568,0,2,2,0,1,1,0,0,1,3,0.054911147058010104,14139
1472,108.69,0,12,-5.8,0.865565,0,3,0,0,1,1,0,0,1,3,0.04999836580827832,14151
1473,108.89,0,18,-4.932,0.865394,0,7,0,0,1,1,0,0,2,4,0.0483912592753768,14169
1474,109.02,0,10,-6.262,0.865299,0,1,0,0,1,1,0,0,1,5,0.04652284737676382,14179
1475,109.25,0,18,-5.84,0.865128,0,4,0,0,1,1,0,0,2,8,0.06030834016079704,14197
1476,109.47,0,20,-5.67,0.864939,0,5,1,0,1,1,0,0,2,8,0.04610946951434016,14217
1477,109.65,0,16,-5.394,0.864787,0,5,1,0,1,1,0,0,2,8,0.03471976859145798,14233
1478,109.83,0,15,-5.944,0.864644,0,3,1,0,1,1,0,0,2,4,0.04544498712445299,14248
1479,109.92,0,8,-5.542,0.864568,0,3,0,0,1,1,0,0,1,5,0.04961393726989627,14256
1480,110.15,0,20,-5.644,0.864378,0,5,0,0,1,1,0,0,2,4,0.05218466972000897,14276
1481,110.22,0,6,-5.422,0.864321,0,3,0,0,1,1,0,0,1,4,0.041755263383189835,14282
1482,110.36,0,12,-5.792,0.864207,0,3,0,0,1,1,0,0,1,5,0.04809118310610453,14294
1483,110.43,0,5,-5.662,0.864159,0,2,1,0,1,1,0,0,1,3,0.05274698920547962,14299
1484,110.57,0,11,-5.422,0.864055,0,4,0,0,1,1,0,0,1,5,0.03187881647185846,14310
1485,110.66,0,7,-5.482,0.863989,0,3,1,0,1,1,0,0,1,3,0.04714883358350822,14317
1486,110.75,0,7,-5.482,0.863922,0,3,0,0,1,1,0,0,1,5,0.02516977222902434,14324
1487,110.85,0,8,-5.852,0.863846,0,2,0,0,1,1,0,0,1,3,0.03314750629942864,14332
1488,110.91,0,5,-5.062,0.863799,0,4,0,0,1,1,0,0,1,3,0.07196489293128253,14337
1489,111.04,0,11,-5.74,0.863694,0,3,0,0,1,1,0,0,1,4,0.05687284588136456,14348
1490,111.16,0,10,-6.28,0.863599,0,1,0,0,1,1,0,0,1,5,0.06358495336025953,14358
1491,111.23,0,5,-5.362,0.863552,0,3,0,0,1,1,0,0,1,3,0.050020091235637665,14363
1492,111.36,0,11,-5.722,0.863447,0,3,0,0,1,1,0,0,1,7,0.06554631744934754,14374
1493,111.52,0,14,-4.374,0.863314,0,8,0,0,1,1,0,0,2,7,0.061332012460167916,14388
1494,111.61,0,8,-5.542,0.863238,0,3,0,0,1,1,0,0,1,1,0.04000249202363193,14396
1495,111.72,0,9,-5.902,0.863152,0,2,0,0,1,1,0,0,1,5,0.058305919687781066,14405
1496,111.86,0,13,-5.842,0.863029,0,3,0,0,1,1,0,0,2,5,0.05198710827300182,14418
1497,111.99,0,11,-6.022,0.862924,0,2,0,0,1,1,0,0,1,7,0.06687843672592532,14429
1498,112.24,0,21,-4.794,0.862725,0,8,1,0,1,1,0,0,2,11,0.048121237329074314,14450
1499,112.37,0,11,-6.34,0.862621,0,1,0,0,1,1,0,0,1,4,0.08149246871471405,14461
1500,112.5,0,11,-5.422,0.862516,0,4,0,0,1,1,0,0,1,5,0.056026522239500824,14472
1501,112.84,0,29,-6.492,0.86224,0,4,0,0,1,1,0,0,2,11,0.04173347353935242,14501
1502,112.92,0,7,-6.09,0.862174,0,1,0,0,1,1,0,0,1,0,0.0461261227194752,14508
1503,113.08,0,14,-6.502,0.862041,0,1,0,0,1,1,0,0,1,7,0.050937794015875885,14522
1504,113.23,0,14,-5.902,0.861908,0,3,0,0,1,1,0,0,1,6,0.05411911216963615,14536
1505,113.38,0,13,-6.142,0.861784,0,2,0,0,1,1,0,0,1,4,0.0650324567149465,14549
1506,113.46,0,6,-5.422,0.861727,0,3,1,0,1,1,0,0,1,4,0.05467278851817051,14555
1507,113.54,0,7,-5.482,0.861661,0,3,0,0,1,1,0,0,1,2,0.04159682244062424,14562
1508,113.62,0,7,-5.792,0.861595,0,2,0,0,1,1,0,0,1,2,0.0354803553117173,14569
1509,113.71,0,8,-5.242,0.861518,0,4,0,0,1,1,0,0,1,6,0.03828889242140576,14577
1510,113.78,0,6,-5.43,0.861461,0,3,0,0,1,1,0,0,1,1,0.033905632328242064,14583
1511,113.85,0,6,-6.04,0.861405,0,1,0,0,1,1,0,0,1,1,0.045213955376918115,14589
1512,113.94,0,7,-5.79,0.861338,0,2,0,0,1,1,0,0,1,2,0.054528245835431984,14596
1513,114.02,0,7,-5.79,0.861271,0,2,0,0,1,1,0,0,1,0,0.055579827566232,14603
1514,114.17,0,13,-5.834,0.861148,0,3,0,0,1,1,0,0,2,3,0.05066653978652679,14616
1515,114.23,0,5,-5.362,0.861101,0,3,0,0,1,1,0,0,1,3,0.07001751773059368,14621
1516,114.33,0,9,-5.62,0.861015,0,3,0,0,1,1,0,0,1,4,0.05945624431802167,14630
1517,114.49,0,15,-5.98,0.860873,0,3,0,0,1,1,0,0,1,4,0.038127805168430014,14645
1518,114.61,0,11,-5.422,0.860768,0,4,1,0,1,1,0,0,1,2,0.05973543209785765,14656
1519,114.75,0,11,-5.74,0.860664,0,3,0,0,1,1,0,0,1,2,0.038499740883708,14667
1520,115.04,0,26,-6.604,0.860417,0,3,0,0,1,1,0,0,2,10,0.053032523880784325,14693
1521,115.1,0,5,-5.362,0.860369,0,3,0,0,1,1,0,0,1,3,0.10224876403808594,14698
1522,115.18,0,7,-5.782,0.860302,0,2,0,0,1,1,0,0,1,5,0.04513122593717916,14705
1523,115.39,0,18,-6.114,0.860132,0,3,0,0,1,1,0,0,2,4,0.07336929652632938,14723
1524,115.45,0,5,-5.062,0.860084,0,4,0,0,1,1,0,0,1,3,0.07294130325317383,14728
1525,115.54,0,7,-5.492,0.860017,0,3,1,0,1,1,0,0,1,2,0.059681930978383334,14735
1526,115.68,0,12,-6.1,0.859904,0,2,1,0,1,1,0,0,1,5,0.06002217282851537,14747
1527,115.74,0,5,-5.362,0.859856,0,3,1,0,1,1,0,0,1,2,0.047250029444694516,14752
1528,115.84,0,8,-5.242,0.85978,0,4,1,0,1,1,0,0,1,4,0.05151335126720369,14760
1529,115.9,0,5,-5.062,0.859733,0,4,0,0,1,1,0,0,1,3,0.05506900735199451,14765
1530,115.98,0,6,-5.122,0.859676,0,4,0,0,1,1,0,0,1,4,0.026403282148142655,14771
1531,116.3,0,27,-4.826,0.859419,0,9,0,0,1,1,0,0,3,8,0.054871751064503635,14798
1532,116.39,0,6,-5.43,0.859362,0,3,0,0,1,1,0,0,1,1,0.0762710611646374,14804
1533,116.45,0,5,-5.062,0.859314,0,4,0,0,1,1,0,0,1,3,0.028479198925197124,14809
1534,116.56,0,9,-5.92,0.859229,0,2,0,0,1,1,0,0,1,4,0.04349497198644611,14818
1535,116.66,0,8,-5.842,0.859153,0,2,0,0,1,1,0,0,1,4,0.08710245741531253,14826
1536,116.74,0,7,-5.482,0.859086,0,3,1,0,1,1,0,0,1,3,0.04468196776828596,14833
1537,116.8,0,5,-5.062,0.859039,0,4,0,0,1,1,0,0,1,3,0.03851647861301899,14838
1538,116.86,0,5,-5.362,0.858992,0,3,0,0,1,1,0,0,1,3,0.06768824998289347,14843
1539,117.12,0,22,-6.664,0.858783,0,2,0,0,1,1,0,0,2,6,0.054158582775430245,14865
1540,117.22,0,9,-6.202,0.858697,0,1,0,0,1,1,0,0,1,5,0.041362059509588614,14874
1541,117.28,0,5,-5.662,0.85865,0,2,0,0,1,1,0,0,1,3,0.03941958174109459,14879
1542,117.34,0,5,-5.362,0.858602,0,3,0,0,1,1,0,0,1,3,0.06113507859408855,14884
1543,117.44,0,8,-5.55,0.858526,0,3,0,0,1,1,0,0,1,3,0.03952804009895772,14892
1544,117.56,0,10,-5.962,0.858431,0,2,0,0,1,1,0,0,1,4,0.044687718898057935,14902
1545,117.64,0,6,-5.422,0.858374,0,3,0,0,1,1,0,0,1,4,0.053864274794856705,14908
1546,117.73,0,8,-5.552,0.858298,0,3,0,0,1,1,0,0,1,3,0.05531227751635015,14916
1547,117.79,0,5,-5.362,0.858251,0,3,0,0,1,1,0,0,1,3,0.06614014804363251,14921
1548,117.88,0,7,-5.792,0.858184,0,2,0,0,1,1,0,0,1,2,0.05724350336406912,14928
1549,117.95,0,6,-5.122,0.858127,0,4,1,0,1,1,0,0,1,4,0.058640269873042904,14934
1550,118.01,0,5,-5.362,0.858079,0,3,0,0,1,1,0,0,1,3,0.05177817530930042,14939
1551,118.08,0,6,-5.722,0.858023,0,2,0,0,1,1,0,0,1,3,0.06902794198443492,14945
1552,118.18,0,9,-5.912,0.857937,0,2,1,0,1,1,0,0,1,2,0.04379110545333889,14954
1553,118.29,0,9,-5.902,0.857851,0,2,0,0,1,1,0,0,1,5,0.048904982291989856,14963
1554,118.35,0,5,-5.362,0.857804,0,3,0,0,1,1,0,0,1,3,0.04386355616152286,14968
1555,118.46,0,9,-6.202,0.857719,0,1,0,0,1,1,0,0,1,4,0.04040785299407111,14977
1556,118.65,0,17,-6.082,0.857557,0,3,0,0,1,1,0,0,1,3,0.046219022122814375,14994
1557,118.71,0,5,-5.062,0.85751,0,4,1,0,1,1,0,0,1,3,0.05008362829685211,14999
1558,118.82,0,9,-5.002,0.857424,0,5,1,0,1,1,0,0,1,1,0.024431536284585793,15008
1559,118.92,0,9,-5.602,0.857339,0,3,0,0,1,1,0,0,1,3,0.032188970492117934,15017
1560,119.0,0,7,-4.882,0.857272,0,5,0,0,1,1,0,0,1,2,0.07132561105702605,15024
1561,119.08,0,7,-5.782,0.857206,0,2,1,0,1,1,0,0,1,4,0.030312136081712588,15031
1562,119.34,0,24,-6.166,0.856977,0,4,0,0,1,1,0,0,3,7,0.04587808534658203,15055
1563,119.45,0,9,-5.602,0.856892,0,3,1,0,1,1,0,0,1,5,0.039521736920707755,15064
1564,119.57,0,11,-6.022,0.856788,0,2,0,0,1,1,0,0,1,5,0.046073095365004105,15075
1565,119.62,0,5,-5.962,0.85674,0,1,0,0,1,1,0,0,1,1,0.03176562152802944,15080
1566,119.71,0,5,-5.062,0.856692,0,4,0,0,1,1,0,0,1,3,0.06928760185837746,15085
1567,119.76,0,6,-5.432,0.856635,0,3,0,0,1,1,0,0,1,1,0.053752959705889225,15091
1568,119.8,0,5,-5.062,0.856588,0,4,1,0,1,1,0,0,1,3,0.05111061111092567,15096
1569,119.93,0,12,-6.082,0.856474,0,2,0,0,1,1,0,0,1,5,0.03847347743188342,15108
1570,120.03,0,9,-5.602,0.856388,0,3,0,0,1,1,0,0,1,7,0.044601325359609395,15117
1571,120.18,0,13,-4.924,0.856265,0,6,0,0,1,1,0,0,2,5,0.031617087741883904,15130
1572,120.24,0,5,-5.662,0.856217,0,2,0,0,1,1,0,0,1,3,0.03293392434716225,15135
1573,120.33,0,7,-6.082,0.856151,0,1,0,0,1,1,0,0,1,4,0.04941492368068014,15142
1574,120.43,0,9,-5.002,0.856066,0,5,0,0,1,1,0,0,1,5,0.02825111150741577,15151
1575,120.5,0,6,-5.722,0.856008,0,2,0,0,1,1,0,0,1,4,0.039846127231915794,15157
1576,120.6,0,8,-4.942,0.855932,0,5,0,0,1,1,0,0,1,3,0.04311174910981208,15165
1577,120.91,0,29,-5.584,0.855657,0,7,1,0,1,1,0,0,2,13,0.04158099291139636,15194
1578,120.99,0,7,-5.5,0.855591,0,3,0,0,1,1,0,0,1,0,0.06426800308482987,15201
1579,121.08,0,8,-5.542,0.855514,0,3,1,0,1,1,0,0,1,4,0.04312462662346661,15209
1580,121.27,0,17,-5.782,0.855353,0,4,0,0,1,1,0,0,1,7,0.05360824055969715,15226
1581,121.44,0,15,-5.334,0.85521,0,5,0,0,1,1,0,0,2,8,0.03363761641085148,15241
1582,121.54,0,9,-5.902,0.855125,0,2,0,0,1,1,0,0,1,3,0.05928902452190717,15250
1583,121.6,0,5,-5.662,0.855078,0,2,1,0,1,1,0,0,1,1,0.04408084638416767,15255
1584,121.84,0,20,-6.562,0.854888,0,2,1,0,1,1,0,0,1,7,0.050520655885338786,15275
1585,121.92,0,7,-5.782,0.854821,0,2,0,0,1,1,0,0,1,4,0.06652741666351046,15282
1586,122.01,0,8,-4.642,0.854745,0,6,0,0,1,1,0,0,1,2,0.031134409829974174,15290
1587,122.21,0,17,-5.472,0.854583,0,5,1,0,1,1,0,0,2,9,0.05388721823692322,15307
1588,122.58,0,29,-6.474,0.854308,0,4,0,0,1,1,0,0,3,12,0.050886485147578965,15336
1589,122.65,0,6,-5.422,0.854251,0,3,0,0,1,1,0,0,1,3,0.0764801570524772,15342
1590,122.85,0,17,-6.382,0.854089,0,2,0,0,1,1,0,0,1,10,0.054486250176149255,15359
1591,122.98,0,11,-5.722,0.853985,0,3,0,0,1,1,0,0,1,6,0.050051848658106544,15370
1592,123.07,0,7,-5.482,0.853919,0,3,1,0,1,1,0,0,1,5,0.04246848236237254,15377
1593,123.16,0,8,-4.942,0.853843,0,5,0,0,1,1,0,0,1,4,0.04033169895410538,15385
1594,123.33,0,14,-5.912,0.85371,0,3,0,0,1,1,0,0,1,3,0.05934189539402723,15399
1595,123.51,0,16,-5.712,0.853557,0,4,1,0,1,1,0,0,2,10,0.06096323416568339,15415
1596,123.69,0,15,-5.934,0.853415,0,3,1,0,1,1,0,0,2,6,0.04676093546052774,15430
1597,123.75,0,5,-5.362,0.853368,0,3,0,0,1,1,0,0,1,3,0.03536890484392643,15435
1598,123.82,0,6,-5.422,0.853311,0,3,0,0,1,1,0,0,1,3,0.049486349957684674,15441
1599,123.95,0,11,-5.422,0.853206,0,4,1,0,1,1,0,0,1,7,0.05233067832887173,15452
1600,124.03,0,6,-5.422,0.853149,0,3,0,0,1,1,0,0,1,3,0.048593777852753796,15458
1601,124.11,0,7,-5.482,0.853082,0,3,0,0,1,1,0,0,1,4,0.043597291223704815,15465
1602,124.23,0,10,-5.662,0.852988,0,3,0,0,1,1,0,0,1,4,0.058478101156651974,15475
1603,124.34,0,10,-5.962,0.852893,0,2,0,0,1,1,0,0,1,5,0.04087368976324797,15485
1604,124.41,0,6,-5.722,0.852836,0,2,0,0,1,1,0,0,1,4,0.06460926774889231,15491
1605,124.61,0,18,-6.142,0.852664,0,3,2,0,1,1,0,0,1,7,0.033385729882866144,15509
1606,124.68,0,6,-5.722,0.852607,0,2,0,0,1,1,0,0,1,3,0.04643738145629565,15515
1607,124.78,0,9,-6.202,0.852522,0,1,0,0,1,1,0,0,1,4,0.04285899270325899,15524
1608,125.02,0,21,-6.312,0.852322,0,3,0,0,1,1,0,0,2,8,0.03353016865661457,15545
1609,125.12,0,8,-5.842,0.852247,0,2,1,0,1,1,0,0,1,3,0.0616208678111434,15553
1610,125.19,0,6,-5.122,0.852189,0,4,0,0,1,1,0,0,1,4,0.02965520570675532,15559
1611,125.28,0,7,-5.482,0.852123,0,3,0,0,1,1,0,0,1,3,0.04759893726025309,15566
1612,125.39,0,10,-5.362,0.852028,0,4,0,0,1,1,0,0,1,4,0.04863086938858032,15576
1613,125.46,0,6,-5.422,0.851971,0,3,1,0,1,1,0,0,1,4,0.044377242447808385,15582
1614,125.64,0,15,-6.552,0.851828,0,1,0,0,1,1,0,0,2,5,0.04873047322034836,15597
1615,125.7,0,5,-5.062,0.851781,0,4,0,0,1,1,0,0,1,3,0.03567082844674587,15602
1616,125.99,0,26,-6.004,0.851534,0,5,0,0,1,1,0,0,2,12,0.05603053062581099,15628
1617,126.07,0,6,-5.722,0.851477,0,2,0,0,1,1,0,0,1,4,0.04873019798348347,15634
1618,126.26,0,17,-5.754,0.851316,0,4,0,0,1,1,0,0,2,7,0.034130064496660936,15651
1619,126.38,0,10,-5.962,0.851221,0,2,0,0,1,1,0,0,1,3,0.03719008611515164,15661
1620,126.47,0,8,-5.552,0.851144,0,3,0,0,1,1,0,0,1,1,0.06332849129103124,15669
1621,126.57,0,8,-5.56,0.851069,0,3,0,0,1,1,0,0,1,3,0.07273461343720555,15677
1622,126.65,0,7,-5.482,0.851002,0,3,0,0,1,1,0,0,1,2,0.030443147090928897,15684
1623,126.75,0,9,-5.302,0.850917,0,4,0,0,1,1,0,0,1,5,0.05352594434387154,15693
1624,126.86,0,9,-5.912,0.850831,0,2,0,0,1,1,0,0,1,4,0.06925185045434369,15702
1625,126.92,0,5,-5.662,0.850784,0,2,0,0,1,1,0,0,1,3,0.04808295592665672,15707
1626,127.01,0,8,-5.552,0.850707,0,3,0,0,1,1,0,0,1,1,0.042925556655973196,15715
1627,127.15,0,12,-6.082,0.850594,0,2,1,0,1,1,0,0,1,5,0.06158532900735736,15727
1628,127.21,0,5,-5.662,0.850546,0,2,0,0,1,1,0,0,1,3,0.03299769815057516,15732
1629,127.39,0,15,-6.262,0.850403,0,2,0,0,1,1,0,0,1,4,0.04945905866722266,15747
1630,127.45,0,5,-5.362,0.850356,0,3,0,0,1,1,0,0,1,3,0.05082382010295987,15752
1631,127.51,0,5,-5.062,0.850309,0,4,1,0,1,1,0,0,1,3,0.05962608717381954,15757
1632,127.6,0,8,-5.55,0.850232,0,3,0,0,1,1,0,0,1,1,0.027149810222908854,15765
1633,127.79,0,16,-5.394,0.850081,0,5,0,0,1,1,0,0,2,7,0.030490443983580917,15781
1634,127.85,0,5,-5.362,0.850033,0,3,1,0,1,1,0,0,1,3,0.04738381383940578,15786
1635,128.01,0,14,-5.574,0.8499,0,4,1,0,1,1,0,0,2,6,0.05383631919643709,15800
1636,128.13,0,9,-5.602,0.849815,0,3,0,0,1,1,0,0,1,5,0.0504960540889038,15809
1637,128.22,0,8,-5.542,0.849738,0,3,0,0,1,1,0,0,1,4,0.04115086584351957,15817
1638,128.28,0,5,-5.362,0.849691,0,3,0,0,1,1,0,0,1,3,0.06656033210456372,15822
1639,128.34,0,5,-5.362,0.849643,0,3,0,0,1,1,0,0,1,3,0.028538309782743455,15827
1640,128.42,0,7,-5.8,0.849577,0,2,0,0,1,1,0,0,1,2,0.02175448209579502,15834
1641,128.48,0,5,-5.362,0.84953,0,3,0,0,1,1,0,0,1,3,0.04796633943915367,15839
1642,128.55,0,6,-5.422,0.849472,0,3,0,0,1,1,0,0,1,4,0.048399422938625015,15845
1643,128.82,0,24,-6.492,0.849244,0,3,0,0,1,1,0,0,2,9,0.0419149660350134,15869
1644,128.92,0,8,-5.842,0.849168,0,2,1,0,1,1,0,0,1,5,0.04091378673911095,15877
1645,129.0,0,7,-5.49,0.849102,0,3,0,0,1,1,0,0,1,2,0.03350946865975857,15884
1646,129.07,0,5,-5.962,0.849055,0,1,0,0,1,1,0,0,1,2,0.03432134799659252,15889
1647,129.13,0,5,-5.062,0.849007,0,4,0,0,1,1,0,0,1,3,0.06505943983793258,15894
1648,129.21,0,7,-5.482,0.84894,0,3,0,0,1,1,0,0,1,2,0.0318360472364085,15901
1649,129.27,0,5,-5.362,0.848893,0,3,0,0,1,1,0,0,1,1,0.061808840930461885,15906
1650,129.33,0,5,-5.362,0.848846,0,3,0,0,1,1,0,0,1,3,0.05643994454294443,15911
1651,129.39,0,5,-5.362,0.848798,0,3,0,0,1,1,0,0,1,3,0.05785951614379883,15916
1652,129.45,0,6,-5.722,0.848741,0,2,0,0,1,1,0,0,1,2,0.066072936480244,15922
1653,129.58,0,11,-5.722,0.848637,0,3,0,0,1,1,0,0,1,4,0.03697096988220106,15933
1654,129.65,0,6,-5.422,0.84858,0,3,0,0,1,1,0,0,1,3,0.022550147026777267,15939
1655,129.71,0,5,-5.362,0.848532,0,3,0,0,1,1,0,0,1,0,0.05440825447440147,15944
1656,129.85,0,12,-5.782,0.848418,0,3,0,0,1,1,0,0,1,4,0.054028205651169024,15956
1657,130.01,0,14,-5.91,0.848285,0,3,0,0,1,1,0,0,1,3,0.04115675110369921,15970
1658,130.09,0,7,-5.5,0.848218,0,3,0,0,1,1,0,0,1,2,0.044559979545218606,15977
1659,130.21,0,10,-5.662,0.848124,0,3,0,0,1,1,0,0,1,5,0.04925231318920851,15987
1660,130.32,0,10,-6.262,0.848029,0,1,0,0,1,1,0,0,1,1,0.03279374148696661,15997
1661,130.43,0,9,-5.91,0.847943,0,2,0,0,1,1,0,0,1,2,0.042588355847530894,16006
1662,130.5,0,6,-5.122,0.847886,0,4,0,0,1,1,0,0,1,4,0.06698319921270013,16012
1663,130.56,0,5,-5.962,0.847838,0,1,0,0,1,1,0,0,1,2,0.02234709486365318,16017
1664,130.62,0,5,-5.362,0.847791,0,3,1,0,1,1,0,0,1,3,0.03524559363722801,16022
1665,130.75,0,11,-6.322,0.847687,0,1,0,0,1,1,0,0,1,4,0.053153390318832615,16033
1666,130.82,0,6,-5.422,0.84763,0,3,0,0,1,1,0,0,1,4,0.03385202602172891,16039
1667,130.88,0,5,-5.062,0.847582,0,4,0,0,1,1,0,0,1,3,0.06661948934197426,16044
1668,131.1,0,19,-5.874,0.847402,0,4,0,0,1,1,0,0,2,9,0.06949323856909025,16063
1669,131.43,0,28,-6.114,0.847136,0,5,0,0,1,1,0,0,3,15,0.048020018879989426,16091
1670,131.6,0,14,-5.902,0.847002,0,3,1,0,1,1,0,0,1,8,0.03368957038037479,16105
1671,131.72,0,10,-5.972,0.846908,0,2,0,0,1,1,0,0,1,3,0.02939780047163367,16115
1672,131.86,0,12,-4.882,0.846793,0,6,1,0,1,1,0,0,1,5,0.05996839220946034,16127
1673,131.92,0,5,-5.662,0.846746,0,2,0,0,1,1,0,0,1,3,0.037724900990724564,16132
1674,132.0,0,6,-5.422,0.846689,0,3,0,0,1,1,0,0,1,4,0.06330630710969369,16138
1675,132.16,0,13,-5.86,0.846566,0,3,0,0,1,1,0,0,1,2,0.04948694824885864,16151
1676,132.39,0,19,-5.892,0.846385,0,4,2,0,1,1,0,0,2,5,0.045046403464910234,16170
1677,132.46,0,5,-5.362,0.846337,0,3,0,0,1,1,0,0,1,3,0.04718244690448046,16175
1678,132.65,0,16,-6.022,0.846186,0,3,0,0,1,1,0,0,1,12,0.05228040664223954,16191
1679,132.88,0,20,-5.942,0.845996,0,4,0,0,1,1,0,0,2,4,0.046547879464924335,16211
1680,132.97,0,7,-5.182,0.845929,0,4,0,0,1,1,0,0,1,3,0.039080851312194555,16218
1681,133.07,0,9,-5.61,0.845843,0,3,0,0,1,1,0,0,1,2,0.029756049832536116,16227
1682,133.17,0,8,-5.542,0.845768,0,3,0,0,1,1,0,0,1,4,0.029456814751029015,16235
1683,133.34,0,15,-5.662,0.845625,0,4,1,0,1,1,0,0,1,5,0.06041767653077841,16250
1684,133.41,0,5,-5.062,0.845577,0,4,2,0,1,1,0,0,1,3,0.03706648498773575,16255
1685,133.49,0,7,-5.182,0.845511,0,4,0,0,1,1,0,0,1,3,0.05896867758461407,16262
1686,133.63,0,12,-5.782,0.845397,0,3,0,0,1,1,0,0,1,6,0.05135999402652184,16274
1687,133.73,0,8,-5.242,0.845321,0,4,1,0,1,1,0,0,1,4,0.035906440345570445,16282
1688,133.8,0,6,-5.732,0.845264,0,2,0,0,1,1,0,0,1,1,0.05303733671704928,16288
1689,133.86,0,5,-5.662,0.845217,0,2,0,0,1,1,0,0,1,3,0.026775539480149747,16293
1690,134.06,0,17,-5.782,0.845055,0,4,0,0,1,1,0,0,1,5,0.04268665622700663,16310
1691,134.14,0,7,-5.482,0.844989,0,3,0,0,1,1,0,0,1,4,0.043519086337515285,16317
1692,134.24,0,8,-5.542,0.844912,0,3,0,0,1,1,0,0,1,4,0.06849813787266612,16325
1693,134.32,0,7,-5.482,0.844846,0,3,0,0,1,1,0,0,1,5,0.04606837646237442,16332
1694,134.37,0,5,-5.662,0.844799,0,2,0,0,1,1,0,0,1,3,0.04390954598784447,16337
1695,134.44,0,6,-5.122,0.844742,0,4,0,0,1,1,0,0,1,4,0.032266040022174515,16343
1696,134.58,0,12,-5.782,0.844627,0,3,0,0,1,1,0,0,1,6,0.04225437855347991,16355
1697,134.66,0,7,-5.482,0.844561,0,3,0,0,1,1,0,0,1,3,0.03676390714411225,16362
1698,134.74,0,7,-5.49,0.844495,0,3,0,0,1,1,0,0,1,2,0.04327931654240404,16369
1699,135.02,0,24,-6.484,0.844267,0,3,0,0,1,1,0,0,2,12,0.034406659891828895,16393
1700,135.22,0,17,-5.782,0.844105,0,4,1,0,1,1,0,0,1,7,0.04761867247083608,16410
1701,135.32,0,9,-5.602,0.84402,0,3,0,0,1,1,0,0,1,4,0.04094524929920832,16419
1702,135.39,0,6,-5.722,0.843962,0,2,0,0,1,1,0,0,1,3,0.04474859591573477,16425
1703,135.8,0,34,-6.464,0.843639,0,5,0,0,1,1,0,0,3,17,0.042124011444256586,16459
1704,135.9,0,8,-5.242,0.843564,0,4,0,0,1,1,0,0,1,4,0.054860267671756446,16467
1705,136.01,0,8,-4.642,0.843487,0,6,1,0,1,1,0,0,1,3,0.042149673448875546,16475
1706,136.11,0,9,-4.702,0.843402,0,6,0,0,1,1,0,0,1,5,0.03808010943854848,16484
1707,136.26,0,13,-5.542,0.843279,0,4,0,0,1,1,0,0,1,9,0.02813293054126776,16497
1708,136.37,0,9,-5.902,0.843193,0,2,1,0,1,1,0,0,1,7,0.039766155700716704,16506
1709,136.59,0,19,-4.684,0.843012,0,8,2,0,1,1,0,0,2,6,0.04206853953043097,16525
1710,136.69,0,8,-5.852,0.842936,0,2,0,0,1,1,0,0,1,3,0.038660850026644766,16533
1711,136.77,0,7,-5.5,0.84287,0,3,0,0,1,1,0,0,1,2,0.06274494375767452,16540
1712,136.9,0,11,-5.422,0.842766,0,4,0,0,1,1,0,0,1,7,0.04971319987353953,16551
1713,137.08,0,15,-5.334,0.842623,0,5,0,0,1,1,0,0,2,8,0.04219372160732746,16566
1714,137.28,0,18,-5.832,0.842452,0,4,1,0,1,1,0,0,2,6,0.04404894728213549,16584
1715,137.36,0,6,-5.722,0.842395,0,2,0,0,1,1,0,0,1,4,0.056505252762387194,16590
1716,137.42,0,6,-5.732,0.842338,0,2,0,0,1,1,0,0,1,1,0.04224121725807587,16596
1717,137.49,0,6,-5.722,0.842281,0,2,0,0,1,1,0,0,1,4,0.04260468358794848,16602
1718,137.63,0,11,-6.04,0.842176,0,2,0,0,1,1,0,0,1,2,0.036551786671307956,16613
1719,137.7,0,6,-6.022,0.84212,0,1,0,0,1,1,0,0,1,3,0.05986342082420985,16619
1720,137.79,0,8,-5.242,0.842043,0,4,0,0,1,1,0,0,1,3,0.05494756484404206,16627
1721,137.92,0,11,-6.022,0.841939,0,2,0,0,1,1,0,0,1,7,0.04880125481973995,16638
1722,138.02,0,8,-5.842,0.841863,0,2,0,0,1,1,0,0,1,4,0.04851968807633966,16646
1723,138.25,0,20,-6.272,0.841673,0,3,1,0,1,1,0,0,1,7,0.031832636799663305,16666
1724,138.37,0,10,-5.962,0.841578,0,2,0,0,1,1,0,0,1,6,0.04763497505337,16676
1725,138.45,0,7,-6.092,0.841511,0,1,0,0,1,1,0,0,1,2,0.052690938381212096,16683
1726,138.66,0,18,-5.824,0.841341,0,4,0,0,1,1,0,0,2,10,0.036288825122432575,16701
1727,139.0,0,28,-4.606,0.841074,0,10,1,0,1,1,0,0,3,10,0.04024269840946155,16729
1728,139.07,0,5,-5.062,0.841027,0,4,0,0,1,1,0,0,1,3,0.04408458899706602,16734
1729,139.13,0,5,-5.062,0.840979,0,4,0,0,1,1,0,0,1,3,0.045453638210892676,16739
1730,139.2,0,6,-5.722,0.840923,0,2,0,0,1,1,0,0,1,3,0.027187727236499388,16745
1731,139.33,0,11,-6.022,0.840818,0,2,1,0,1,1,0,0,1,6,0.040095789527351204,16756
1732,139.42,0,8,-5.542,0.840742,0,3,1,0,1,1,0,0,1,5,0.0391670202370733,16764
1733,139.48,0,5,-5.062,0.840695,0,4,0,0,1,1,0,0,1,3,0.07790860384702683,16769
1734,139.58,0,9,-5.612,0.840609,0,3,1,0,1,1,0,0,1,2,0.030662593949172232,16778
1735,139.66,0,7,-5.482,0.840542,0,3,0,0,1,1,0,0,1,3,0.048441615753940175,16785
1736,139.77,0,9,-5.92,0.840457,0,2,0,0,1,1,0,0,1,4,0.018785985704097483,16794
1737,139.84,0,6,-5.422,0.8404,0,3,0,0,1,1,0,0,1,4,0.033101326785981655,16800
1738,139.92,0,7,-5.492,0.840334,0,3,1,0,1,1,0,0,1,2,0.06449113812829767,16807
1739,140.15,0,20,-5.962,0.840144,0,4,0,0,1,1,0,0,1,7,0.03932947153225541,16827
1740,140.28,0,10,-5.662,0.840048,0,3,0,0,1,1,0,0,1,3,0.04338650652207434,16837
1741,140.38,0,9,-5.612,0.839963,0,3,0,0,1,1,0,0,1,4,0.040837803234656654,16846
1742,140.44,0,5,-5.662,0.839916,0,2,0,0,1,1,0,0,1,1,0.02614304833114147,16851
1743,140.63,0,16,-6.33,0.839763,0,2,0,0,1,1,0,0,1,5,0.060295322036836296,16867
1744,140.74,0,9,-5.91,0.839678,0,2,1,0,1,1,0,0,1,2,0.05208001875629028,16876
1745,140.83,0,8,-5.542,0.839602,0,3,1,0,1,1,0,0,1,4,0.0487660167273134,16884
1746,140.89,0,5,-5.062,0.839554,0,4,0,0,1,1,0,0,1,3,0.029102090932428836,16889
1747,141.12,0,20,-5.962,0.839365,0,4,0,0,1,1,0,0,1,8,0.038640533573925495,16909
1748,141.31,0,16,-5.122,0.839213,0,6,0,0,1,1,0,0,2,8,0.03880459762876853,16925
1749,141.48,0,14,-5.282,0.839079,0,5,1,0,1,1,0,0,2,4,0.0386807803463723,16939
1750,141.64,0,14,-5.902,0.838947,0,3,0,0,1,1,0,0,1,7,0.05632760192799781,16953
1751,141.7,0,5,-5.062,0.838899,0,4,1,0,1,1,0,0,1,3,0.046897183358669284,16958
1752,141.76,0,5,-5.662,0.838851,0,2,0,0,1,1,0,0,1,1,0.03514852784574032,16963
1753,141.84,0,7,-5.492,0.838785,0,3,0,0,1,1,0,0,1,2,0.035413576023919244,16970
1754,141.92,0,6,-5.422,0.838728,0,3,0,0,1,1,0,0,1,4,0.06658394634723663,16976
1755,142.04,0,11,-6.322,0.838623,0,1,0,0,1,1,0,0,1,4,0.041672865098172966,16987
1756,142.36,0,27,-6.382,0.838367,0,4,1,0,1,1,0,0,1,17,0.04615103929407067,17014
1757,142.43,0,6,-5.422,0.83831,0,3,1,0,1,1,0,0,1,3,0.031574995101739965,17020
1758,142.62,0,15,-6.262,0.838167,0,2,0,0,1,1,0,0,1,6,0.04569819290190935,17035
1759,142.8,0,16,-6.622,0.838016,0,1,0,0,1,1,0,0,1,4,0.06457946653245017,17051
1760,142.86,0,5,-5.062,0.837968,0,4,1,0,1,1,0,0,1,3,0.02876547910273075,17056
1761,142.94,0,7,-5.482,0.837901,0,3,0,0,1,1,0,0,1,2,0.037339831569365094,17063
1762,143.01,0,6,-5.722,0.837844,0,2,0,0,1,1,0,0,1,4,0.04180746618658304,17069
1763,143.09,0,7,-5.182,0.837778,0,4,0,0,1,1,0,0,1,3,0.03737856461001294,17076
1764,143.21,0,10,-5.662,0.837683,0,3,0,0,1,1,0,0,1,7,0.051474598981440065,17086
1765,143.27,0,5,-5.962,0.837635,0,1,0,0,1,1,0,0,1,2,0.0682760875672102,17091
1766,143.34,0,6,-6.022,0.837579,0,1,1,0,1,1,0,0,1,3,0.08301490948845942,17097
1767,143.45,0,9,-5.61,0.837493,0,3,0,0,1,1,0,0,1,2,0.03573505342420605,17106
1768,143.57,0,10,-5.362,0.837398,0,4,1,0,1,1,0,0,1,4,0.049541108682751654,17116
1769,143.73,0,14,-4.684,0.837265,0,7,0,0,1,1,0,0,2,5,0.04243232090292232,17130
1770,143.85,0,10,-5.962,0.83717,0,2,0,0,1,1,0,0,1,6,0.031673762015998363,17140
1771,143.97,0,10,-5.67,0.837075,0,3,0,0,1,1,0,0,1,1,0.0405218156054616,17150
1772,144.05,0,7,-5.482,0.837009,0,3,0,0,1,1,0,0,1,5,0.03027748130261898,17157
1773,144.12,0,6,-6.022,0.836952,0,1,0,0,1,1,0,0,1,4,0.04529697199662527,17163
1774,144.25,0,11,-5.732,0.836847,0,3,0,0,1,1,0,0,1,4,0.04177447298372334,17174
1775,144.32,0,6,-6.34,0.83679,0,0,0,0,1,1,0,0,1,1,0.04778958732883135,17180
1776,144.39,0,6,-5.422,0.836733,0,3,1,0,1,1,0,0,1,2,0.03637452283874154,17186
1777,144.44,0,5,-5.362,0.836685,0,3,0,0,1,1,0,0,1,3,0.03039249498397112,17191
1778,144.52,0,7,-5.782,0.836619,0,2,0,0,1,1,0,0,1,3,0.030869348905980587,17198
1779,144.61,0,8,-5.242,0.836543,0,4,1,0,1,1,0,0,1,4,0.0346767253940925,17206
1780,144.74,0,11,-5.422,0.836439,0,4,0,0,1,1,0,0,1,3,0.04120425943454558,17217
1781,144.97,0,20,-6.262,0.836248,0,3,0,0,1,1,0,0,1,8,0.05196096426807344,17237
1782,145.03,0,5,-5.362,0.836201,0,3,0,0,1,1,0,0,1,3,0.0309414679184556,17242
1783,145.13,0,8,-6.142,0.836125,0,1,0,0,1,1,0,0,1,2,0.031044011237099767,17250
1784,145.34,0,19,-6.22,0.835944,0,3,0,0,1,1,0,0,1,8,0.051660261558074703,17269
1785,145.49,0,13,-5.242,0.835821,0,5,2,0,1,1,0,0,1,4,0.03672353160352661,17282
1786,145.6,0,9,-5.612,0.835735,0,3,0,0,1,1,0,0,1,4,0.034578385659390025,17291
1787,145.79,0,17,-4.872,0.835574,0,7,0,0,1,1,0,0,2,8,0.043697234243154526,17308
1788,145.95,0,13,-5.852,0.83545,0,3,0,0,1,1,0,0,1,2,0.048885135839764886,17321
1789,146.03,0,7,-5.792,0.835384,0,2,0,0,1,1,0,0,1,2,0.03013261434222971,17328
1790,146.14,0,9,-5.602,0.835298,0,3,1,0,1,1,0,0,1,5,0.048598903541763626,17337
1791,146.26,0,10,-5.662,0.835203,0,3,0,0,1,1,0,0,1,7,0.03511586785316467,17347
1792,146.35,0,8,-6.142,0.835128,0,1,0,0,1,1,0,0,1,2,0.03796064050402492,17355
1793,146.53,0,15,-5.962,0.834985,0,3,0,0,1,1,0,0,1,7,0.03956238143146038,17370
1794,146.61,0,7,-5.182,0.834919,0,4,1,0,1,1,0,0,1,5,0.032076707908085415,17377
1795,146.67,0,5,-5.962,0.834871,0,1,0,0,1,1,0,0,1,3,0.048918148688972,17382
1796,146.73,0,5,-5.062,0.834824,0,4,0,0,1,1,0,0,1,3,0.03444756381213665,17387
1797,146.82,0,8,-5.542,0.834747,0,3,0,0,1,1,0,0,1,4,0.05484462238382548,17395
1798,147.03,0,18,-5.842,0.834577,0,4,0,0,1,1,0,0,1,6,0.0348986109925641,17413
1799,147.12,0,8,-5.542,0.8345,0,3,0,0,1,1,0,0,1,6,0.0338590438477695,17421
1800,147.21,0,7,-5.482,0.834434,0,3,0,0,1,1,0,0,1,3,0.048245923327548165,17428
1801,147.27,0,5,-5.362,0.834387,0,3,0,0,1,1,0,0,1,3,0.054858893156051636,17433
1802,147.37,0,9,-5.902,0.834301,0,2,0,0,1,1,0,0,1,4,0.03170835723479589,17442
1803,147.47,0,8,-5.542,0.834225,0,3,0,0,1,1,0,0,1,5,0.03934167930856347,17450
1804,147.61,0,12,-5.782,0.834111,0,3,0,0,1,1,0,0,1,8,0.038803988602012396,17462
1805,147.69,0,7,-5.79,0.834044,0,2,0,0,1,1,0,0,1,0,0.042024970054626465,17469
1806,147.78,0,8,-5.552,0.833969,0,3,0,0,1,1,0,0,1,3,0.050083260983228683,17477
1807,147.88,0,7,-5.8,0.833902,0,2,0,0,1,1,0,0,1,2,0.04112108051776886,17484
1808,147.98,0,9,-6.202,0.833816,0,1,0,0,1,1,0,0,1,4,0.053731203286184206,17493
1809,148.05,0,6,-6.022,0.833759,0,1,0,0,1,1,0,0,1,3,0.05787926524256667,17499
1810,148.13,0,7,-5.482,0.833693,0,3,0,0,1,1,0,0,1,5,0.039580506538706164,17506
1811,148.3,0,15,-6.252,0.83355,0,2,0,0,1,1,0,0,2,3,0.036036467117567854,17521
1812,148.37,0,6,-5.43,0.833493,0,3,0,0,1,1,0,0,1,1,0.035478348300481834,17527
1813,148.43,0,5,-5.062,0.833446,0,4,0,0,1,1,0,0,1,3,0.02875664923340082,17532
1814,148.55,0,10,-6.262,0.833351,0,1,0,0,1,1,0,0,1,7,0.043552358821034434,17542
1815,148.63,0,7,-5.782,0.833284,0,2,0,0,1,1,0,0,1,3,0.05956645655844893,17549
1816,148.81,0,15,-6.272,0.833142,0,2,0,0,1,1,0,0,1,6,0.03878316873063644,17564
1817,148.89,0,7,-4.882,0.833075,0,5,1,0,1,1,0,0,1,2,0.02548916744334357,17571
1818,149.04,0,13,-5.85,0.832952,0,3,0,0,1,1,0,0,1,4,0.04744486138224602,17584
1819,149.15,0,9,-5.902,0.832866,0,2,0,0,1,1,0,0,1,3,0.034079662420683436,17593
1820,149.23,0,7,-5.482,0.8328,0,3,0,0,1,1,0,0,1,4,0.04573566972145012,17600
1821,149.41,0,16,-4.212,0.832648,0,9,1,0,1,1,0,0,2,6,0.030833368335152045,17616
1822,149.52,0,10,-5.662,0.832553,0,3,0,0,1,1,0,0,1,5,0.04448803947307169,17626
1823,149.58,0,5,-5.062,0.832506,0,4,1,0,1,1,0,0,1,3,0.040041844360530376,17631
1824,149.68,0,9,-5.912,0.83242,0,2,0,0,1,1,0,0,1,2,0.03602205103056298,17640
1825,149.75,0,5,-5.362,0.832372,0,3,1,0,1,1,0,0,1,3,0.02241938132792711,17645
1826,149.94,0,16,-6.94,0.832221,0,0,0,0,1,1,0,0,1,1,0.04963576921727508,17661
1827,150.0,0,5,-5.062,0.832173,0,4,0,0,1,1,0,0,1,3,0.04260657578706741,17666
1828,150.1,0,9,-5.902,0.832087,0,2,0,0,1,1,0,0,1,6,0.031224274076521397,17675
1829,150.17,0,5,-5.062,0.83204,0,4,0,0,1,1,0,0,1,3,0.04496077820658684,17680
1830,150.23,0,5,-5.962,0.831993,0,1,0,0,1,1,0,0,1,3,0.06915669217705726,17685
1831,150.33,0,8,-5.842,0.831916,0,2,1,0,1,1,0,0,1,5,0.04942966951057315,17693
1832,150.42,0,8,-5.852,0.83184,0,2,0,0,1,1,0,0,1,1,0.05048597790300846,17701
1833,150.49,0,6,-5.122,0.831784,0,4,0,0,1,1,0,0,1,4,0.05546173468853036,17707
1834,150.62,0,11,-5.422,0.831679,0,4,0,0,1,1,0,0,1,5,0.03927827101539482,17718
1835,150.8,0,15,-5.054,0.831537,0,6,0,0,1,1,0,0,2,3,0.030610787123441695,17733
1836,151.02,0,19,-6.52,0.831356,0,2,0,0,1,1,0,0,1,8,0.04225137457251549,17752
1837,151.19,0,15,-4.744,0.831214,0,7,1,0,1,1,0,0,2,5,0.049968469267090164,17767
1838,151.52,0,28,-6.104,0.830947,0,5,0,0,1,1,0,0,3,11,0.0501104088367096,17795
1839,151.68,0,13,-5.542,0.830824,0,4,1,0,1,1,0,0,2,5,0.038238504758247964,17808
1840,151.8,0,11,-4.822,0.83072,0,6,0,0,1,1,0,0,1,4,0.049756468273699284,17819
1841,151.87,0,6,-5.722,0.830663,0,2,0,0,1,1,0,0,1,3,0.06825219746679068,17825
1842,151.93,0,5,-5.662,0.830615,0,2,0,0,1,1,0,0,1,2,0.01742361281067133,17830
1843,152.01,0,7,-5.492,0.830549,0,3,0,0,1,1,0,0,1,2,0.03706210878278528,17837
1844,152.18,0,15,-5.35,0.830406,0,5,1,0,1,1,0,0,2,3,0.05202991577486197,17852
1845,152.25,0,6,-5.722,0.830349,0,2,1,0,1,1,0,0,1,4,0.046028177719563246,17858
1846,152.35,0,9,-5.612,0.830264,0,3,0,0,1,1,0,0,1,4,0.031488234694633216,17867
1847,152.53,0,15,-5.962,0.830121,0,3,0,0,1,1,0,0,1,7,0.042936833761632445,17882
1848,152.59,0,5,-5.362,0.830074,0,3,0,0,1,1,0,0,1,3,0.03709474559873342,17887
1849,152.79,0,14,-6.21,0.82994,0,2,0,0,1,1,0,0,1,5,0.03273051491539393,17901
1850,152.85,0,5,-5.662,0.829893,0,2,0,0,1,1,0,0,1,3,0.03722820021212101,17906
1851,153.09,0,20,-6.262,0.829703,0,3,0,0,1,1,0,0,1,10,0.04737090670969337,17926
1852,153.26,0,15,-5.344,0.829561,0,5,0,0,1,1,0,0,2,5,0.03902085317919652,17941
1853,153.35,0,7,-5.792,0.829494,0,2,0,0,1,1,0,0,1,2,0.03887915172215019,17948
1854,153.42,0,6,-5.722,0.829437,0,2,0,0,1,1,0,0,1,3,0.03935313907762369,17954
1855,153.5,0,7,-5.482,0.829371,0,3,0,0,1,1,0,0,1,3,0.030918393417128494,17961
1856,153.61,0,10,-5.662,0.829276,0,3,0,0,1,1,0,0,1,6,0.03283354537561536,17971
1857,153.69,0,6,-5.722,0.829218,0,2,0,0,1,1,0,0,1,3,0.026653459916512173,17977
1858,153.75,0,5,-5.062,0.829171,0,4,1,0,1,1,0,0,1,3,0.028862441703677178,17982
1859,153.81,0,5,-5.662,0.829124,0,2,0,0,1,1,0,0,1,3,0.035617227852344516,17987
1860,153.98,0,15,-6.562,0.828981,0,1,0,0,1,1,0,0,1,8,0.0361242533971866,18002
1861,154.3,0,25,-6.242,0.828743,0,4,0,0,1,1,0,0,3,8,0.041517215799540284,18027
1862,154.37,0,6,-5.722,0.828686,0,2,0,0,1,1,0,0,1,4,0.035580369333426155,18033
1863,154.43,0,6,-5.722,0.82863,0,2,0,0,1,1,0,0,1,3,0.056180706868569054,18039
1864,154.5,0,6,-5.722,0.828573,0,2,0,0,1,1,0,0,1,3,0.06880762117604415,18045
1865,154.58,0,7,-5.482,0.828506,0,3,0,0,1,1,0,0,1,2,0.03855387034959027,18052
1866,154.64,0,5,-5.362,0.828458,0,3,0,0,1,1,0,0,1,3,0.052650154940783976,18057
1867,154.79,0,13,-6.142,0.828335,0,2,1,0,1,1,0,0,1,5,0.034818073018239096,18070
1868,154.91,0,10,-5.962,0.82824,0,2,0,0,1,1,0,0,1,8,0.032782798260450365,18080
1869,154.98,0,6,-5.43,0.828183,0,3,0,0,1,1,0,0,1,1,0.04157414985820651,18086
1870,155.05,0,6,-5.73,0.828126,0,2,0,0,1,1,0,0,1,1,0.05667842164014777,18092
1871,155.33,0,24,-5.874,0.827898,0,5,1,0,1,1,0,0,3,7,0.050631995972556375,18116
1872,155.75,0,33,-6.422,0.827584,0,5,1,0,1,1,0,0,3,13,0.049830314900838966,18149
1873,155.82,0,5,-5.062,0.827537,0,4,0,0,1,1,0,0,1,3,0.0356184832751751,18154
1874,156.35,1,42,-4.754,0.827138,1,9,1,0,1,1,0,0,3,14,0.033642005463618604,18196
1875,156.42,0,5,-5.662,0.82709,0,2,0,0,1,1,0,0,1,3,0.0533751193434,18201
1876,156.53,0,9,-4.712,0.827005,0,6,1,0,1,1,0,0,1,0,0.0293855182826519,18210
1877,156.88,0,30,-6.234,0.82672,0,5,0,0,1,1,0,0,3,15,0.03882378426690896,18240
1878,157.01,0,11,-5.722,0.826615,0,3,0,0,1,1,0,0,1,4,0.051888791166923263,18251
1879,157.1,0,8,-5.542,0.826539,0,3,0,0,1,1,0,0,1,6,0.037880666204728186,18259
1880,157.2,0,8,-5.242,0.826464,0,4,0,0,1,1,0,0,1,4,0.06117030023597181,18267
1881,157.28,0,7,-5.182,0.826397,0,4,0,0,1,1,0,0,1,3,0.022283845581114292,18274
1882,157.34,0,5,-5.062,0.826349,0,4,0,0,1,1,0,0,1,3,0.03685115557163954,18279
1883,157.42,0,6,-5.722,0.826292,0,2,0,0,1,1,0,0,1,3,0.052222788954774536,18285
1884,157.51,0,8,-4.942,0.826217,0,5,0,0,1,1,0,0,1,4,0.05915349558927119,18293
1885,157.57,0,5,-5.362,0.826169,0,3,1,0,1,1,0,0,1,1,0.039545694924890996,18298
1886,157.72,0,13,-6.442,0.826045,0,1,0,0,1,1,0,0,1,4,0.032747986153341256,18311
1887,157.84,0,10,-5.362,0.825951,0,4,0,0,1,1,0,0,1,6,0.04250444788485765,18321
1888,157.93,0,7,-5.8,0.825884,0,2,0,0,1,1,0,0,1,0,0.017819086888006756,18328
1889,157.99,0,5,-5.662,0.825836,0,2,0,0,1,1,0,0,1,3,0.0385968959890306,18333
1890,158.26,0,24,-5.874,0.825608,0,5,0,0,1,1,0,0,3,11,0.037972243735566735,18357
1891,158.35,0,7,-5.5,0.825542,0,3,0,0,1,1,0,0,1,2,0.05042378431452172,18364
1892,158.43,0,7,-6.082,0.825476,0,1,0,0,1,1,0,0,1,4,0.02691127426390137,18371
1893,158.53,0,8,-5.242,0.8254,0,4,0,0,1,1,0,0,1,4,0.04617759643588215,18379
1894,158.64,0,10,-5.962,0.825304,0,2,0,0,1,1,0,0,1,5,0.040138018503785136,18389
1895,158.84,0,17,-6.382,0.825143,0,2,0,0,1,1,0,0,1,0,0.05323348177925629,18406
1896,158.96,0,10,-5.972,0.825048,0,2,0,0,1,1,0,0,1,3,0.023606997355818747,18416
1897,159.13,0,14,-5.912,0.824915,0,3,0,0,1,1,0,0,1,7,0.053861419670283794,18430
1898,159.51,1,34,-3.966,0.824592,1,10,1,0,1,1,0,0,3,8,0.0483124816981966,18464
1899,159.58,0,5,-5.362,0.824545,0,3,0,0,1,1,0,0,1,1,0.05387681052088737,18469
1900,159.71,0,12,-6.39,0.824431,0,1,0,0,1,1,0,0,1,1,0.031691736774519086,18481
1901,159.86,0,13,-4.332,0.824307,0,8,0,0,1,1,0,0,2,6,0.04508482106029987,18494
1902,159.92,0,5,-5.662,0.82426,0,2,0,0,1,1,0,0,1,3,0.038964948058128356,18499
1903,159.98,0,5,-5.362,0.824212,0,3,0,0,1,1,0,0,1,3,0.0582736324518919,18504
1904,160.04,0,5,-5.362,0.824164,0,3,0,0,1,1,0,0,1,3,0.037345233000814916,18509
1905,160.1,0,5,-5.062,0.824117,0,4,0,0,1,1,0,0,1,3,0.03639389844611287,18514
1906,160.23,0,10,-5.362,0.824022,0,4,0,0,1,1,0,0,1,8,0.037552690505981444,18524
1907,160.29,0,5,-5.062,0.823975,0,4,0,0,1,1,0,0,1,3,0.05670550018548966,18529
1908,160.39,0,9,-5.302,0.823889,0,4,0,0,1,1,0,0,1,5,0.05014324550413423,18538
1909,160.48,0,8,-5.242,0.823813,0,4,0,0,1,1,0,0,1,4,0.0390496829058975,18546
1910,160.58,0,9,-5.602,0.823727,0,3,1,0,1,1,0,0,1,3,0.03295958352585634,18555
1911,160.7,0,10,-5.962,0.823632,0,2,1,0,1,1,0,0,1,7,0.03126754509285092,18565
1912,160.77,0,6,-5.732,0.823576,0,2,0,0,1,1,0,0,1,1,0.029364359409858782,18571
1913,160.83,0,5,-5.362,0.823528,0,3,1,0,1,1,0,0,1,3,0.03781920410692692,18576
1914,160.93,0,8,-5.242,0.823452,0,4,0,0,1,1,0,0,1,4,0.03441932308487594,18584
1915,161.04,0,9,-5.91,0.823367,0,2,0,0,1,1,0,0,1,0,0.03844966656631894,18593
1916,161.18,0,12,-5.482,0.823253,0,4,0,0,1,1,0,0,1,3,0.03519152411414931,18605
1917,161.25,0,6,-5.432,0.823195,0,3,0,0,1,1,0,0,1,1,0.020124023004124563,18611
1918,161.32,0,6,-5.122,0.823138,0,4,0,0,1,1,0,0,1,4,0.028361276257783175,18617
1919,161.44,0,11,-5.422,0.823034,0,4,0,0,1,1,0,0,1,5,0.03209088336337696,18628
1920,161.71,0,23,-5.824,0.822816,0,5,1,0,1,1,0,0,2,9,0.036026153430018734,18651
1921,161.92,0,18,-6.752,0.822645,0,1,0,0,1,1,0,0,1,7,0.030204825724164646,18669
1922,162.01,0,7,-6.09,0.822578,0,1,0,0,1,1,0,0,1,0,0.050006497119154246,18676
1923,162.08,0,6,-5.432,0.822521,0,3,0,0,1,1,0,0,1,1,0.039615242121120296,18682
1924,162.19,0,9,-5.302,0.822435,0,4,1,0,1,1,0,0,1,3,0.053755518359442554,18691
1925,162.28,0,8,-5.852,0.82236,0,2,0,0,1,1,0,0,1,3,0.0334846458863467,18699
1926,162.36,0,7,-5.782,0.822293,0,2,1,0,1,1,0,0,1,5,0.04419940004923514,18706
1927,162.42,0,5,-5.662,0.822245,0,2,1,0,1,1,0,0,1,3,0.02606453262269497,18711
1928,162.63,0,18,-6.722,0.822075,0,1,0,0,1,1,0,0,2,8,0.029878400317910645,18729
1929,162.73,0,9,-5.002,0.821989,0,5,2,0,1,1,0,0,1,5,0.05311794661813312,18738
1930,162.8,0,6,-5.732,0.821932,0,2,1,0,1,1,0,0,1,1,0.036635032234092556,18744
1931,163.01,0,18,-6.742,0.821761,0,1,0,0,1,1,0,0,1,4,0.04825935937050316,18762
1932,163.11,0,8,-5.542,0.821685,0,3,0,0,1,1,0,0,1,6,0.04333162191323936,18770
1933,163.21,0,8,-5.55,0.821609,0,3,1,0,1,1,0,0,1,3,0.04610369983129203,18778
1934,163.31,0,9,-5.302,0.821523,0,4,1,0,1,1,0,0,1,3,0.041271633468568325,18787
1935,163.38,0,5,-5.362,0.821476,0,3,0,0,1,1,0,0,1,3,0.025752171128988265,18792
1936,163.46,0,7,-5.482,0.82141,0,3,1,0,1,1,0,0,1,4,0.03500884558473315,18799
1937,163.69,0,19,-5.902,0.821229,0,4,0,0,1,1,0,0,1,9,0.050730042551693166,18818
1938,164.07,0,28,-6.714,0.820963,0,3,0,0,1,1,0,0,2,12,0.03860842032424573,18846
1939,164.22,0,12,-5.782,0.820849,0,3,0,0,1,1,0,0,1,5,0.03602737056401869,18858
1940,164.28,0,5,-5.362,0.820801,0,3,0,0,1,1,0,0,1,3,0.0211348220705986,18863
1941,164.38,0,9,-5.302,0.820716,0,4,0,0,1,1,0,0,1,5,0.05000353594207101,18872
1942,164.49,0,10,-5.662,0.820621,0,3,0,0,1,1,0,0,1,5,0.04298769920133054,18882
1943,165.05,0,49,-7.666,0.820156,0,4,0,0,1,1,0,0,3,12,0.03932094129220563,18931
1944,165.37,0,25,-6.244,0.819918,0,4,0,0,1,1,0,0,2,13,0.03986592706292868,18956
1945,165.45,0,6,-5.74,0.819861,0,2,0,0,1,1,0,0,1,1,0.08139581543703873,18962
1946,165.67,0,16,-6.33,0.819709,0,2,0,0,1,1,0,0,1,5,0.037538327218499035,18978
1947,165.76,0,7,-5.482,0.819643,0,3,1,0,1,1,0,0,1,5,0.034985094730343134,18985
1948,165.82,0,5,-5.062,0.819595,0,4,1,0,1,1,0,0,1,3,0.03661097586154938,18990
1949,165.93,0,8,-5.242,0.819519,0,4,0,0,1,1,0,0,1,4,0.03335578087717295,18998
1950,166.28,0,27,-4.826,0.819263,0,9,1,0,1,1,0,0,3,10,0.038781133756317476,19025
1951,166.42,0,12,-5.782,0.819149,0,3,2,0,1,1,0,0,1,8,0.0640561996648709,19037
1952,166.82,0,33,-6.424,0.818835,0,5,0,0,1,1,0,0,2,15,0.033772293365362915,19070
1953,166.91,0,7,-5.182,0.818769,0,4,0,0,1,1,0,0,1,3,0.06339703713144575,19077
1954,167.03,0,11,-4.822,0.818664,0,6,0,0,1,1,0,0,1,7,0.04708845422349193,19088
1955,167.32,0,25,-6.234,0.818426,0,4,1,0,1,1,0,0,2,9,0.044311371725052597,19113
1956,167.38,0,5,-5.962,0.818379,0,1,0,0,1,1,0,0,1,3,0.04892569035291672,19118
1957,167.49,0,8,-6.15,0.818303,0,1,0,0,1,1,0,0,1,0,0.03610643045976758,19126
1958,167.73,1,22,-3.236,0.818094,1,10,2,0,1,1,0,0,3,9,0.05551421959799799,19148
1959,167.82,0,8,-5.56,0.818018,0,3,2,0,1,1,0,0,1,3,0.03479341696947813,19156
1960,168.47,0,54,-5.536,0.817505,0,12,2,0,1,1,0,0,5,21,0.034916249879946314,19210
1961,168.73,0,18,-5.524,0.817334,0,5,0,0,1,1,0,0,2,8,0.034863991766340204,19228
1962,168.85,0,8,-5.842,0.817258,0,2,0,0,1,1,0,0,1,4,0.046691787196323276,19236
1963,169.11,0,23,-5.814,0.81704,0,5,0,0,1,1,0,0,2,10,0.04242102374606158,19259
1964,169.19,0,6,-5.432,0.816983,0,3,0,0,1,1,0,0,1,1,0.0400960703069965,19265
1965,169.25,0,5,-5.362,0.816935,0,3,0,0,1,1,0,0,1,3,0.023816967010498048,19270
1966,169.3,0,5,-6.262,0.816887,0,0,0,0,1,1,0,0,1,1,0.059402868151664734,19275
1967,169.92,1,54,-4.508,0.816375,1,12,1,0,1,1,0,0,5,23,0.03986970247286889,19329
1968,169.98,0,5,-5.062,0.816327,0,4,0,0,1,1,0,0,1,3,0.024562590941786765,19334
1969,170.09,0,9,-5.302,0.816242,0,4,0,0,1,1,0,0,1,1,0.05472174700763491,19343
1970,170.16,0,5,-5.062,0.816194,0,4,2,0,1,1,0,0,1,3,0.024779836647212505,19348
1971,170.23,0,6,-5.422,0.816137,0,3,0,0,1,1,0,0,1,3,0.041918917559087276,19354
1972,170.44,0,18,-6.424,0.815966,0,2,0,0,1,1,0,0,2,11,0.03438408196800285,19372
1973,170.53,0,8,-5.552,0.81589,0,3,0,0,1,1,0,0,1,1,0.043163481168448925,19380
1974,170.59,0,5,-5.062,0.815843,0,4,0,0,1,1,0,0,1,3,0.019251444004476072,19385
1975,170.69,0,8,-5.86,0.815767,0,2,0,0,1,1,0,0,1,3,0.04178357229102403,19393
1976,170.75,0,5,-5.362,0.815719,0,3,1,0,1,1,0,0,1,3,0.021537641435861586,19398
1977,170.84,0,8,-5.85,0.815643,0,2,0,0,1,1,0,0,1,1,0.060315477079711854,19406
1978,171.01,0,14,-6.202,0.81551,0,2,0,0,1,1,0,0,1,3,0.058123618963041475,19420
1979,171.09,0,6,-5.722,0.815453,0,2,0,0,1,1,0,0,1,4,0.028366732721527416,19426
1980,171.17,0,7,-5.182,0.815387,0,4,0,0,1,1,0,0,1,3,0.02888954776738371,19433
1981,171.24,0,6,-5.432,0.81533,0,3,1,0,1,1,0,0,1,1,0.048868336249142885,19439
1982,171.52,0,24,-4.956,0.815102,0,8,1,0,1,1,0,0,3,9,0.04185832280199975,19463
1983,171.59,0,6,-5.422,0.815044,0,3,0,0,1,1,0,0,1,4,0.07242898286009829,19469
1984,171.7,0,9,-6.502,0.814959,0,0,0,0,1,1,0,0,1,4,0.03862888148675362,19478
1985,171.76,0,5,-5.062,0.814912,0,4,0,0,1,1,0,0,1,3,0.03867406025528908,19483
1986,171.88,0,10,-5.672,0.814817,0,3,0,0,1,1,0,0,1,3,0.04332210766151547,19493
1987,171.94,0,5,-5.662,0.814769,0,2,0,0,1,1,0,0,1,2,0.019424269255250693,19498
1988,172.11,0,15,-4.442,0.814627,0,8,1,0,1,1,0,0,2,5,0.027837684005498887,19513
1989,172.21,0,7,-5.482,0.81456,0,3,0,0,1,1,0,0,1,3,0.059367802260177474,19520
1990,172.28,0,6,-5.722,0.814503,0,2,0,0,1,1,0,0,1,3,0.033570655000706516,19526
1991,172.34,0,5,-5.362,0.814455,0,3,0,0,1,1,0,0,1,1,0.030393825471401216,19531
1992,172.53,0,16,-6.022,0.814304,0,3,0,0,1,1,0,0,1,6,0.04547076747985557,19547
1993,172.69,0,14,-5.912,0.814171,0,3,0,0,1,1,0,0,1,3,0.0376459840419037,19561
1994,172.95,0,22,-6.682,0.813962,0,2,0,0,1,1,0,0,1,7,0.031687227204780684,19583
1995,173.02,0,5,-5.062,0.813914,0,4,0,0,1,1,0,0,1,3,0.052053815126419066,19588
1996,173.35,0,25,-5.952,0.813677,0,5,0,0,1,1,0,0,2,11,0.050510958023369315,19613
1997,173.45,0,7,-6.382,0.81361,0,0,0,0,1,1,0,0,1,2,0.049608497082122734,19620
1998,173.54,0,6,-5.122,0.813553,0,4,1,0,1,1,0,0,1,4,0.029045100634296734,19626
1999,173.6,0,5,-5.362,0.813505,0,3,0,0,1,1,0,0,1,3,0.037044341675937176,19631
2000,173.68,0,7,-5.182,0.813439,0,4,1,0,1,1,0,0,1,3,0.03279791346618107,19638
2001,173.87,0,16,-6.322,0.813287,0,2,0,0,1,1,0,0,1,8,0.0538604655303061,19654
2002,173.94,0,6,-5.422,0.81323,0,3,1,0,1,1,0,0,1,4,0.0693809911608696,19660
2003,174.1,0,13,-5.514,0.813106,0,4,1,0,1,1,0,0,2,4,0.031440892758277744,19673
2004,174.17,0,6,-5.422,0.813049,0,3,2,0,1,1,0,0,1,3,0.0706473874549071,19679
2005,174.77,2,55,-3.268,0.812527,2,13,2,0,1,1,0,0,6,16,0.048253091729500076,19734
2006,174.84,0,5,-5.662,0.81248,0,2,0,0,1,1,0,0,1,3,0.05651047267019749,19739
2007,174.96,0,11,-6.04,0.812375,0,2,0,0,1,1,0,0,1,2,0.044259275987067005,19750
2008,175.03,0,5,-5.362,0.812327,0,3,0,0,1,1,0,0,1,3,0.0918270368129015,19755
2009,175.11,0,7,-5.782,0.812261,0,2,0,0,1,1,0,0,1,3,0.03531281277537346,19762
2010,175.21,0,8,-5.242,0.812185,0,4,0,0,1,1,0,0,1,4,0.0786337903700769,19770
2011,175.3,0,7,-5.492,0.812118,0,3,0,0,1,1,0,0,1,2,0.03270137941996966,19777
2012,175.39,0,8,-5.242,0.812043,0,4,1,0,1,1,0,0,1,4,0.02688923222012818,19785
2013,175.51,0,10,-5.662,0.811948,0,3,1,0,1,1,0,0,1,6,0.041249376349151136,19795
2014,175.72,0,18,-5.514,0.811777,0,5,0,0,1,1,0,0,2,8,0.05439374970996545,19813
2015,175.78,0,5,-5.362,0.811729,0,3,0,0,1,1,0,0,1,3,0.029449900984764098,19818
2016,175.83,0,5,-5.662,0.811682,0,2,0,0,1,1,0,0,1,3,0.059540190175175665,19823
2017,175.97,0,12,-6.092,0.811567,0,2,1,0,1,1,0,0,1,3,0.042449481319636106,19835
2018,176.05,0,7,-6.092,0.811501,0,1,0,0,1,1,0,0,1,2,0.04694030540330069,19842
2019,176.21,0,13,-4.622,0.811377,0,7,1,0,1,1,0,0,2,1,0.029931337787554815,19855
2020,176.28,0,6,-5.43,0.811321,0,3,0,0,1,1,0,0,1,1,0.04977685275177161,19861
2021,176.35,0,6,-5.422,0.811264,0,3,1,0,1,1,0,0,1,3,0.03064907652636369,19867
2022,176.43,0,7,-5.782,0.811197,0,2,0,0,1,1,0,0,1,2,0.03902009369007179,19874
2023,176.49,0,5,-5.662,0.811149,0,2,0,0,1,1,0,0,1,3,0.035741037130355834,19879
2024,176.64,0,12,-5.782,0.811036,0,3,0,0,1,1,0,0,1,4,0.059868431029220424,19891
2025,176.72,0,7,-5.782,0.810969,0,2,0,0,1,1,0,0,1,2,0.06920491318617548,19898
2026,176.81,0,8,-5.542,0.810893,0,3,0,0,1,1,0,0,1,6,0.03653418063186109,19906
2027,176.89,0,7,-6.09,0.810827,0,1,0,0,1,1,0,0,1,2,0.042549069704754014,19913
2028,176.99,0,8,-5.842,0.810751,0,2,0,0,1,1,0,0,1,5,0.04002451221458614,19921
2029,177.14,0,13,-5.542,0.810627,0,4,1,0,1,1,0,0,1,6,0.0291124451189087,19934
2030,177.24,0,9,-4.712,0.810542,0,6,1,0,1,1,0,0,1,2,0.03815580149077707,19943
2031,177.36,0,10,-5.362,0.810446,0,4,0,0,1,1,0,0,1,6,0.04029891472309828,19953
2032,177.45,0,8,-5.842,0.81037,0,2,0,0,1,1,0,0,1,3,0.03787765291053802,19961
2033,177.73,0,24,-6.184,0.810142,0,4,0,0,1,1,0,0,2,7,0.04684643924701959,19985
2034,177.79,0,5,-5.662,0.810095,0,2,0,0,1,1,0,0,1,3,0.02529401071369648,19990
2035,177.86,0,6,-5.122,0.810038,0,4,1,0,1,1,0,0,1,4,0.051773352548480034,19996
2036,178.02,0,13,-6.16,0.809914,0,2,0,0,1,1,0,0,1,4,0.05001426194436275,20009
2037,178.08,0,5,-5.062,0.809867,0,4,0,0,1,1,0,0,1,3,0.05329782497137785,20014
2038,178.25,0,15,-5.962,0.809724,0,3,0,0,1,1,0,0,1,5,0.05819025846819083,20029
2039,178.4,0,13,-5.842,0.809601,0,3,0,0,1,1,0,0,1,6,0.04387805044937592,20042
2040,178.47,0,5,-5.662,0.809554,0,2,0,0,1,1,0,0,1,3,0.03392454441636801,20047
2041,178.59,0,11,-6.322,0.809449,0,1,0,0,1,1,0,0,1,2,0.049591798673976555,20058
2042,178.69,0,8,-5.842,0.809373,0,2,0,0,1,1,0,0,1,4,0.04166721412912011,20066
2043,178.77,0,7,-5.8,0.809307,0,2,0,0,1,1,0,0,1,2,0.03554920479655266,20073
2044,178.88,0,9,-5.91,0.809221,0,2,0,0,1,1,0,0,1,2,0.06410582839614815,20082
2045,178.97,0,7,-5.492,0.809154,0,3,1,0,1,1,0,0,1,2,0.035435380680220466,20089
2046,179.03,0,5,-5.062,0.809107,0,4,1,0,1,1,0,0,1,3,0.04497766997665167,20094
2047,179.09,0,5,-5.362,0.80906,0,3,1,0,1,1,0,0,1,3,0.05608307868242264,20099
2048,179.31,0,19,-6.502,0.808879,0,2,0,0,1,1,0,0,1,8,0.05258776012219881,20118
2049,179.45,0,13,-5.514,0.808755,0,4,3,0,1,1,0,0,2,6,0.03202825354842039,20131
2050,179.53,0,7,-5.782,0.808689,0,2,0,0,1,1,0,0,1,4,0.043572358055306334,20138
2051,179.7,0,14,-5.902,0.808556,0,3,0,0,1,1,0,0,1,9,0.048765619950635095,20152
2052,179.78,0,7,-5.49,0.80849,0,3,0,0,1,1,0,0,1,2,0.024173305170344456,20159
2053,179.99,0,18,-6.424,0.808318,0,2,0,0,1,1,0,0,2,6,0.03034034342918959,20177
2054,180.06,0,6,-5.722,0.808261,0,2,0,0,1,1,0,0,1,3,0.028800202766433358,20183
2055,180.16,0,8,-5.852,0.808186,0,2,0,0,1,1,0,0,1,3,0.029554331849794835,20191
2056,180.27,0,9,-5.602,0.8081,0,3,0,0,1,1,0,0,1,4,0.033619659228457346,20200
2057,180.36,0,8,-5.56,0.808024,0,3,0,0,1,1,0,0,1,3,0.03511478519067168,20208
2058,180.51,0,13,-4.942,0.807901,0,6,0,0,1,1,0,0,1,6,0.03187466111893837,20221
2059,180.6,0,8,-4.942,0.807824,0,5,0,0,1,1,0,0,1,4,0.04042944870889187,20229
2060,180.73,0,12,-6.082,0.80771,0,2,0,0,1,1,0,0,1,5,0.0605480398517102,20241
2061,180.86,0,11,-5.722,0.807606,0,3,1,0,1,1,0,0,1,4,0.06436945260925726,20252
2062,180.92,0,5,-5.062,0.807559,0,4,0,0,1,1,0,0,1,3,0.025143533013761044,20257
2063,181.1,0,15,-5.044,0.807416,0,6,1,0,1,1,0,0,2,9,0.04656559284776449,20272
2064,181.22,0,10,-5.98,0.807321,0,2,1,0,1,1,0,0,1,3,0.03363806242123246,20282
2065,181.34,0,10,-5.98,0.807226,0,2,0,0,1,1,0,0,1,1,0.024914974067360162,20292
2066,181.4,0,5,-5.062,0.807179,0,4,0,0,1,1,0,0,1,3,0.04132668673992157,20297
2067,181.52,0,10,-5.972,0.807084,0,2,0,0,1,1,0,0,1,5,0.05955049283802509,20307
2068,181.58,0,5,-5.362,0.807036,0,3,0,0,1,1,0,0,1,3,0.04291510377079248,20312
2069,181.81,0,20,-5.052,0.806846,0,7,0,0,1,1,0,0,2,6,0.039790049917064606,20332
2070,181.89,0,6,-5.722,0.806789,0,2,0,0,1,1,0,0,1,4,0.0318303108215332,20338
2071,182.01,0,10,-5.972,0.806694,0,2,0,0,1,1,0,0,1,3,0.07280729152262211,20348
2072,182.11,0,9,-5.302,0.806609,0,4,0,0,1,1,0,0,1,5,0.024859987613227632,20357
2073,182.19,0,6,-5.732,0.806551,0,2,0,0,1,1,0,0,1,1,0.024999393460651238,20363
2074,182.37,0,16,-5.114,0.8064,0,6,0,0,1,1,0,0,2,4,0.024491231539286673,20379
2075,182.5,0,11,-5.722,0.806295,0,3,0,0,1,1,0,0,1,7,0.054831367832693184,20390
2076,182.56,0,5,-5.362,0.806248,0,3,1,0,1,1,0,0,1,3,0.01999352276325226,20395
2077,182.66,0,8,-5.542,0.806172,0,3,0,0,1,1,0,0,1,3,0.05428513418883085,20403
2078,182.86,1,17,-5.072,0.80601,1,3,1,0,1,1,0,0,2,7,0.05144276579513269,20420
2079,182.92,0,5,-5.362,0.805963,0,3,0,0,1,1,0,0,1,2,0.04503674507141113,20425
2080,183.07,0,13,-5.842,0.805839,0,3,1,0,1,1,0,0,1,6,0.037273967352051005,20438
2081,183.16,0,7,-5.482,0.805773,0,3,0,0,1,1,0,0,1,4,0.05369523686489889,20445
2082,183.25,0,8,-5.542,0.805697,0,3,0,0,1,1,0,0,1,1,0.05514916172251105,20453
2083,183.33,0,7,-5.492,0.80563,0,3,0,0,1,1,0,0,1,2,0.02377440274826118,20460
2084,183.52,0,16,-6.022,0.805478,0,3,0,0,1,1,0,0,1,6,0.0491281200083904,20476
2085,183.65,0,11,-4.832,0.805373,0,6,1,0,1,1,0,0,1,4,0.029880145226012577,20487
2086,183.88,0,20,-6.844,0.805184,0,1,0,0,1,1,0,0,2,7,0.048918510461226104,20507
2087,183.95,0,5,-5.362,0.805136,0,3,1,0,1,1,0,0,1,3,0.037854577973484994,20512
2088,184.03,0,7,-5.182,0.805069,0,4,0,0,1,1,0,0,1,3,0.04019663908651897,20519
2089,184.11,0,7,-5.182,0.805003,0,4,0,0,1,1,0,0,1,3,0.043930185426558764,20526
2090,184.21,0,8,-5.542,0.804927,0,3,0,0,1,1,0,0,1,6,0.050203469465486705,20534
2091,184.31,0,9,-5.302,0.804841,0,4,0,0,1,1,0,0,1,5,0.03664653862102164,20543
2092,184.44,0,12,-5.482,0.804728,0,4,0,0,1,1,0,0,1,4,0.04543310085621973,20555
2093,184.56,0,11,-5.73,0.804623,0,3,1,0,1,1,0,0,1,2,0.051047553731636566,20566
2094,184.63,0,5,-5.662,0.804575,0,2,0,0,1,1,0,0,1,3,0.02550290562212467,20571
2095,184.71,0,7,-5.782,0.804509,0,2,0,0,1,1,0,0,1,4,0.03732877690345049,20578
2096,184.89,0,16,-5.402,0.804357,0,5,0,0,1,1,0,0,2,9,0.050769751134794205,20594
2097,184.97,0,7,-5.782,0.804291,0,2,0,0,1,1,0,0,1,4,0.05748404482645648,20601
2098,185.05,0,6,-5.422,0.804234,0,3,0,0,1,1,0,0,1,3,0.050341522631545864,20607
2099,185.2,0,13,-5.842,0.80411,0,3,1,0,1,1,0,0,1,2,0.031600769251011886,20620
2100,185.28,0,7,-5.182,0.804044,0,4,0,0,1,1,0,0,1,3,0.06349798930542809,20627
2101,185.38,0,8,-5.56,0.803967,0,3,1,0,1,1,0,0,1,3,0.044170228531584144,20635
2102,185.47,0,8,-5.842,0.803891,0,2,1,0,1,1,0,0,1,3,0.08011103689204901,20643
2103,185.59,0,11,-6.022,0.803787,0,2,0,0,1,1,0,0,1,7,0.03776353885504333,20654
2104,185.69,0,8,-5.86,0.803711,0,2,0,0,1,1,0,0,1,1,0.05443530739285052,20662
2105,185.75,0,5,-5.362,0.803663,0,3,0,0,1,1,0,0,1,3,0.05644371062517166,20667
2106,185.87,0,11,-5.432,0.803559,0,4,1,0,1,1,0,0,1,2,0.03132510168308562,20678
2107,185.98,0,10,-5.962,0.803464,0,2,0,0,1,1,0,0,1,4,0.06926076225936413,20688
2108,186.04,0,5,-5.662,0.803416,0,2,0,0,1,1,0,0,1,3,0.0454689372330904,20693
2109,186.14,0,9,-5.912,0.803331,0,2,0,0,1,1,0,0,1,4,0.045894664608769946,20702
2110,186.2,0,5,-5.662,0.803284,0,2,1,0,1,1,0,0,1,3,0.03191637583076954,20707
2111,186.26,0,5,-5.062,0.803236,0,4,0,0,1,1,0,0,1,3,0.03252852857112885,20712
2112,186.38,0,10,-5.662,0.803141,0,3,0,0,1,1,0,0,1,4,0.03800063161179423,20722
2113,186.74,0,32,-6.644,0.802837,0,4,0,0,1,1,0,0,4,11,0.05485353956464678,20754
2114,186.86,0,10,-5.662,0.802742,0,3,1,0,1,1,0,0,1,4,0.044874629192054274,20764
2115,186.93,0,5,-5.662,0.802694,0,2,0,0,1,1,0,0,1,3,0.053820212930440904,20769
2116,186.99,0,5,-5.062,0.802647,0,4,0,0,1,1,0,0,1,3,0.09241325184702873,20774
2117,187.46,0,41,-6.284,0.802258,0,7,0,0,1,1,0,0,3,16,0.046555670046406546,20815
2118,187.6,0,11,-5.74,0.802153,0,3,1,0,1,1,0,0,1,4,0.029630025594749233,20826
2119,187.73,0,11,-6.022,0.802048,0,2,0,0,1,1,0,0,1,6,0.03900677465241064,20837
2120,187.84,0,9,-5.612,0.801963,0,3,0,0,1,1,0,0,1,4,0.03490492846402857,20846
2121,188.26,0,37,-6.962,0.801612,0,4,0,0,1,1,0,0,3,12,0.03435665788128972,20883
2122,188.41,0,12,-5.782,0.801497,0,3,0,0,1,1,0,0,1,5,0.05908375264455875,20895
2123,188.52,0,9,-5.602,0.801412,0,3,0,0,1,1,0,0,1,4,0.045220761042502194,20904
2124,188.65,0,11,-6.022,0.801308,0,2,0,0,1,1,0,0,1,4,0.048096558756449005,20915
2125,188.75,0,8,-6.142,0.801231,0,1,0,0,1,1,0,0,1,0,0.042531289625912905,20923
2126,188.83,0,7,-5.5,0.801165,0,3,0,0,1,1,0,0,1,2,0.039754681289196014,20930
2127,189.06,0,20,-5.952,0.800975,0,4,0,0,1,1,0,0,2,5,0.05070120892487466,20950
2128,189.31,0,22,-6.382,0.800766,0,3,0,0,1,1,0,0,1,14,0.04342425407164476,20972
2129,189.45,0,12,-6.082,0.800652,0,2,0,0,1,1,0,0,1,4,0.052603331937765084,20984
2130,189.54,0,8,-5.542,0.800576,0,3,0,0,1,1,0,0,1,4,0.07253818213939667,20992
2131,189.6,0,5,-5.062,0.800528,0,4,0,0,1,1,0,0,1,3,0.07238465324044227,20997
2132,189.88,0,24,-6.794,0.8003,0,2,1,0,1,1,0,0,2,10,0.0489007750681291,21021
2133,189.99,0,9,-5.602,0.800215,0,3,0,0,1,1,0,0,1,4,0.04910351077301635,21030
2134,190.43,0,37,-6.664,0.799864,0,5,1,0,1,1,0,0,2,12,0.03947567915845964,21067
2135,190.52,0,6,-5.44,0.799806,0,3,1,0,1,1,0,0,1,1,0.07011811559398969,21073
2136,190.68,0,12,-4.882,0.799693,0,6,0,0,1,1,0,0,1,3,0.07704312618200977,21085
2137,190.78,0,7,-5.782,0.799626,0,2,0,0,1,1,0,0,1,4,0.04736649032149996,21092
2138,190.88,0,7,-5.79,0.799559,0,2,0,0,1,1,0,0,1,0,0.02689228586054274,21099
2139,190.97,0,7,-5.492,0.799493,0,3,2,0,1,1,0,0,1,2,0.024184708882655417,21106
2140,191.07,0,9,-5.602,0.799408,0,3,0,0,1,1,0,0,1,6,0.028064073166913457,21115
2141,191.14,0,5,-5.362,0.79936,0,3,0,0,1,1,0,0,1,3,0.06814832426607609,21120
2142,191.21,0,6,-5.422,0.799303,0,3,0,0,1,1,0,0,1,4,0.027762748766690493,21126
2143,191.56,0,30,-6.252,0.799018,0,5,0,0,1,1,0,0,2,8,0.039017899458607036,21156
2144,191.62,0,5,-5.662,0.798971,0,2,0,0,1,1,0,0,1,3,0.06309764012694359,21161
2145,191.72,0,8,-5.542,0.798895,0,3,0,0,1,1,0,0,1,4,0.04592420987319201,21169
2146,191.89,0,15,-5.044,0.798752,0,6,0,0,1,1,0,0,2,9,0.04805340183277925,21184
2147,191.96,0,5,-5.662,0.798705,0,2,1,0,1,1,0,0,1,3,0.0419143920764327,21189
2148,192.02,0,5,-5.362,0.798657,0,3,0,0,1,1,0,0,1,3,0.07087934873998165,21194
2149,192.11,0,7,-5.482,0.79859,0,3,0,0,1,1,0,0,1,4,0.061534324128712924,21201
2150,192.34,0,20,-6.234,0.798401,0,3,0,0,1,1,0,0,2,10,0.06020695390179753,21221
2151,192.41,0,6,-5.732,0.798343,0,2,0,0,1,1,0,0,1,1,0.06616358707348506,21227
2152,192.65,0,20,-5.962,0.798153,0,4,0,0,1,1,0,0,1,6,0.039049341017380355,21247
2153,192.86,0,18,-6.142,0.797983,0,3,0,0,1,1,0,0,1,10,0.03194180462095472,21265
2154,192.95,0,7,-5.482,0.797916,0,3,0,0,1,1,0,0,1,4,0.03554801656199353,21272
2155,193.01,0,5,-5.662,0.797868,0,2,0,0,1,1,0,0,1,3,0.05127968639135361,21277
2156,193.11,0,7,-5.482,0.797802,0,3,1,0,1,1,0,0,1,4,0.034532634408346245,21284
2157,193.18,0,6,-5.722,0.797745,0,2,0,0,1,1,0,0,1,3,0.04800671711564064,21290
2158,193.76,0,48,-5.766,0.797289,0,10,0,0,1,1,0,0,5,17,0.041480951476842165,21338
2159,193.92,0,11,-4.822,0.797184,0,6,0,0,1,1,0,0,1,3,0.06455300172621553,21349
2160,194.16,0,17,-6.092,0.797023,0,3,0,0,1,1,0,0,1,6,0.030395960599622306,21366
2161,194.27,0,9,-5.612,0.796938,0,3,0,0,1,1,0,0,1,4,0.0698018189933565,21375
2162,194.46,0,17,-6.682,0.796776,0,1,0,0,1,1,0,0,1,4,0.0563914551783134,21392
2163,194.61,0,12,-5.782,0.796662,0,3,0,0,1,1,0,0,1,6,0.04213970682273308,21404
2164,194.67,0,5,-5.962,0.796615,0,1,0,0,1,1,0,0,1,1,0.0427355095744133,21409
2165,194.76,0,8,-5.242,0.796539,0,4,0,0,1,1,0,0,1,4,0.03190324688330293,21417
2166,194.86,0,8,-6.142,0.796463,0,1,0,0,1,1,0,0,1,5,0.04088780959136784,21425
2167,194.92,0,5,-5.962,0.796415,0,1,0,0,1,1,0,0,1,2,0.06800418086349964,21430
2168,194.98,0,5,-5.362,0.796368,0,3,0,0,1,1,0,0,1,3,0.03946402855217457,21435
2169,195.05,0,6,-5.122,0.796311,0,4,0,0,1,1,0,0,1,4,0.03204106198002895,21441
2170,195.11,0,5,-5.662,0.796263,0,2,0,0,1,1,0,0,1,1,0.07814966663718223,21446
2171,195.8,1,52,-6.524,0.795769,1,5,2,0,1,1,0,0,4,15,0.03375464615125496,21498
2172,196.01,0,14,-4.984,0.795636,0,6,0,0,1,1,0,0,2,9,0.05032608870949064,21512
2173,196.08,0,5,-5.062,0.795589,0,4,0,0,1,1,0,0,1,3,0.059604217484593394,21517
2174,196.17,0,8,-5.542,0.795513,0,3,0,0,1,1,0,0,1,6,0.04773036646656692,21525
2175,196.26,0,7,-6.082,0.795446,0,1,0,0,1,1,0,0,1,4,0.06768473982810974,21532
2176,196.34,0,7,-5.182,0.79538,0,4,0,0,1,1,0,0,1,3,0.049382109993270466,21539
2177,196.48,0,12,-5.782,0.795265,0,3,0,0,1,1,0,0,1,8,0.03878619552900394,21551
2178,196.58,0,8,-5.852,0.795189,0,2,0,0,1,1,0,0,1,3,0.041993288905359805,21559
2179,196.67,0,8,-5.852,0.795114,0,2,0,0,1,1,0,0,1,3,0.03791430057026446,21567
2180,196.89,0,18,-5.814,0.794942,0,4,0,0,1,1,0,0,2,7,0.05263841778246893,21585
2181,197.37,0,38,-5.786,0.794582,0,8,1,0,1,1,0,0,4,16,0.03720717364922166,21623
2182,197.66,0,23,-5.804,0.794363,0,5,0,0,1,1,0,0,3,9,0.05774705067438924,21646
2183,198.04,0,29,-5.884,0.794088,0,6,1,0,1,1,0,0,2,12,0.03841814530435307,21675
2184,198.24,0,14,-5.602,0.793955,0,4,0,0,1,1,0,0,1,3,0.028436940429466113,21689
2185,198.3,0,5,-5.362,0.793907,0,3,0,0,1,1,0,0,1,3,0.02738191932439804,21694
2186,198.64,0,30,-6.216,0.793622,0,5,1,0,1,1,0,0,4,8,0.03703303641329209,21724
2187,198.74,0,8,-5.242,0.793546,0,4,0,0,1,1,0,0,1,4,0.052693984122015536,21732
2188,198.85,0,9,-5.302,0.793461,0,4,0,0,1,1,0,0,1,5,0.04754700822134813,21741
2189,198.91,0,5,-5.362,0.793413,0,3,0,0,1,1,0,0,1,3,0.0270844466984272,21746
2190,199.0,0,7,-5.182,0.793346,0,4,0,0,1,1,0,0,1,3,0.061269356070884635,21753
2191,199.1,0,8,-5.842,0.79327,0,2,0,0,1,1,0,0,1,3,0.04859261563979089,21761
2192,199.26,0,14,-5.602,0.793138,0,4,0,0,1,1,0,0,1,8,0.02919360948726535,21775
2193,199.35,0,8,-5.56,0.793061,0,3,0,0,1,1,0,0,1,3,0.06238311040215194,21783
2194,199.48,0,12,-5.482,0.792948,0,4,1,0,1,1,0,0,1,6,0.041712856851518154,21795
2195,199.63,0,13,-6.152,0.792824,0,2,0,0,1,1,0,0,1,4,0.036081295603742965,21808
2196,199.83,0,17,-6.682,0.792663,0,1,0,0,1,1,0,0,1,6,0.043965485604370344,21825
2197,200.13,0,25,-6.862,0.792425,0,2,1,0,1,1,0,0,1,7,0.04234453339129687,21850
2198,200.22,0,7,-5.482,0.792358,0,3,0,0,1,1,0,0,1,3,0.05915206590933459,21857
2199,200.31,0,8,-5.852,0.792283,0,2,1,0,1,1,0,0,1,3,0.027725886553525925,21865
2200,200.51,0,17,-5.782,0.792121,0,4,0,0,1,1,0,0,1,13,0.033372315797297394,21882
2201,200.6,0,8,-5.842,0.792045,0,2,0,0,1,1,0,0,1,4,0.0481110320542939,21890
2202,200.69,0,8,-5.56,0.791969,0,3,0,0,1,1,0,0,1,3,0.05094038345851004,21898
2203,200.76,0,6,-5.722,0.791912,0,2,0,0,1,1,0,0,1,3,0.06047047550479571,21904
2204,200.86,0,8,-5.542,0.791836,0,3,0,0,1,1,0,0,1,3,0.05068499594926834,21912
2205,201.17,0,26,-5.994,0.791589,0,5,1,0,1,1,0,0,2,13,0.04542661701830534,21938
2206,201.35,0,16,-5.422,0.791437,0,5,0,0,1,1,0,0,2,2,0.050534964189864695,21954
2207,201.43,0,6,-5.732,0.79138,0,2,0,0,1,1,0,0,1,1,0.026621179655194283,21960
2208,201.51,0,7,-5.482,0.791314,0,3,0,0,1,1,0,0,1,4,0.060922350734472275,21967
2209,201.6,0,8,-5.552,0.791238,0,3,0,0,1,1,0,0,1,3,0.06923692836426198,21975
2210,201.77,0,14,-5.902,0.791104,0,3,0,0,1,1,0,0,1,2,0.04373771999962628,21989
2211,201.83,0,5,-5.662,0.791057,0,2,1,0,1,1,0,0,1,2,0.04221785254776478,21994
2212,201.96,0,11,-6.022,0.790952,0,2,0,0,1,1,0,0,1,2,0.052381855943663555,22005
2213,202.06,0,9,-5.602,0.790867,0,3,0,0,1,1,0,0,1,3,0.04507828069229921,22014
2214,202.24,0,15,-5.052,0.790725,0,6,0,0,1,1,0,0,2,10,0.035991783688465756,22029
2215,202.3,0,5,-5.062,0.790677,0,4,0,0,1,1,0,0,1,3,0.04809911521151662,22034
2216,202.38,0,7,-5.782,0.79061,0,2,1,0,1,1,0,0,1,5,0.046582670350159915,22041
2217,202.47,0,7,-5.482,0.790544,0,3,0,0,1,1,0,0,1,3,0.03512730396219662,22048
2218,202.53,0,5,-5.362,0.790497,0,3,1,0,1,1,0,0,1,1,0.04555037058889866,22053
2219,202.66,0,11,-5.122,0.790392,0,5,0,0,1,1,0,0,1,5,0.041164586659182205,22064
2220,202.75,0,8,-5.852,0.790316,0,2,0,0,1,1,0,0,1,3,0.040072773816064,22072
2221,202.86,0,9,-6.52,0.790231,0,0,0,0,1,1,0,0,1,2,0.0489400757683648,22081
2222,202.94,0,7,-5.782,0.790164,0,2,0,0,1,1,0,0,1,1,0.02518463267811707,22088
2223,203.26,0,27,-4.554,0.789907,0,10,1,0,1,1,0,0,3,9,0.03573932512490838,22115
2224,203.35,0,7,-5.482,0.789841,0,3,0,0,1,1,0,0,1,3,0.048538186720439365,22122
2225,203.42,0,6,-5.122,0.789784,0,4,0,0,1,1,0,0,1,4,0.04945071724553903,22128
2226,203.48,0,5,-5.662,0.789737,0,2,0,0,1,1,0,0,1,3,0.031275059282779696,22133
2227,203.59,0,8,-5.242,0.78966,0,4,0,0,1,1,0,0,1,4,0.06358220032416284,22141
2228,203.64,0,5,-5.362,0.789613,0,3,0,0,1,1,0,0,1,3,0.03671946637332439,22146
2229,203.75,0,9,-5.002,0.789528,0,5,1,0,1,1,0,0,1,5,0.05285946434984604,22155
2230,203.81,0,5,-5.362,0.78948,0,3,0,0,1,1,0,0,1,3,0.03476772196590901,22160
2231,203.87,0,5,-5.062,0.789432,0,4,0,0,1,1,0,0,1,3,0.05221172422170639,22165
2232,204.17,0,26,-5.986,0.789185,0,5,1,0,1,1,0,0,3,12,0.05349953959767635,22191
2233,204.23,0,5,-5.362,0.789138,0,3,0,0,1,1,0,0,1,3,0.05175871029496193,22196
2234,204.44,0,19,-5.574,0.788957,0,5,0,0,1,1,0,0,2,10,0.048684201007218736,22215
2235,204.56,0,10,-5.362,0.788863,0,4,0,0,1,1,0,0,1,6,0.04519952200353146,22225
2236,204.71,0,13,-5.252,0.788739,0,5,0,0,1,1,0,0,1,4,0.05648177117109299,22238
2237,204.8,0,7,-5.782,0.788672,0,2,0,0,1,1,0,0,1,3,0.05948147337351527,22245
2238,204.87,0,6,-5.432,0.788616,0,3,0,0,1,1,0,0,1,1,0.03720545209944248,22251
2239,204.94,0,5,-5.362,0.788568,0,3,0,0,1,1,0,0,1,3,0.04904953613877296,22256
2240,205.0,0,5,-5.362,0.78852,0,3,0,0,1,1,0,0,1,3,0.04745962470769882,22261
2241,205.1,0,8,-5.552,0.788444,0,3,0,0,1,1,0,0,1,3,0.05906746885739267,22269
2242,205.16,0,5,-5.962,0.788397,0,1,0,0,1,1,0,0,1,2,0.07149019222706557,22274
2243,205.41,0,20,-5.952,0.788207,0,4,0,0,1,1,0,0,2,8,0.05158464414998889,22294
2244,205.69,0,24,-5.274,0.787979,0,7,0,0,1,1,0,0,2,9,0.04387957571695248,22318
2245,205.78,0,7,-5.482,0.787913,0,3,0,0,1,1,0,0,1,3,0.049667149782180786,22325
2246,205.84,0,5,-5.362,0.787865,0,3,0,0,1,1,0,0,1,2,0.05822483450174332,22330
2247,205.94,0,8,-5.242,0.787789,0,4,0,0,1,1,0,0,1,4,0.029376857914030552,22338
2248,206.0,0,5,-5.362,0.787741,0,3,0,0,1,1,0,0,1,2,0.029946529865264894,22343
2249,206.07,0,6,-5.422,0.787685,0,3,0,0,1,1,0,0,1,4,0.07013696013018489,22349
2250,206.17,0,8,-6.15,0.787609,0,1,0,0,1,1,0,0,1,1,0.07739670516457409,22357
2251,206.35,0,16,-6.622,0.787457,0,1,0,0,1,1,0,0,1,7,0.057169872568920255,22373
2252,206.41,0,5,-5.362,0.787409,0,3,0,0,1,1,0,0,1,3,0.03996395133435726,22378
2253,206.47,0,5,-5.062,0.787362,0,4,0,0,1,1,0,0,1,3,0.036173687502741816,22383
2254,206.55,0,6,-5.722,0.787305,0,2,1,0,1,1,0,0,1,3,0.0395214119926095,22389
2255,206.76,0,18,-6.114,0.787134,0,3,0,0,1,1,0,0,2,3,0.043588069474531546,22407
2256,206.82,0,5,-5.662,0.787086,0,2,0,0,1,1,0,0,1,3,0.04319824948906899,22412
2257,207.0,0,16,-5.722,0.786934,0,4,0,0,1,1,0,0,1,10,0.059282941452693194,22428
2258,207.18,0,15,-5.034,0.786792,0,6,0,0,1,1,0,0,2,5,0.05307039494315783,22443
2259,207.25,0,6,-5.422,0.786735,0,3,0,0,1,1,0,0,1,4,0.024052232814331848,22449
2260,207.33,0,7,-5.782,0.786668,0,2,0,0,1,1,0,0,1,4,0.046065661790115495,22456
2261,207.39,0,5,-5.062,0.78662,0,4,1,0,1,1,0,0,1,3,0.03471699468791485,22461
2262,207.51,0,10,-5.662,0.786525,0,3,1,0,1,1,0,0,1,4,0.04536001207306981,22471
2263,207.66,0,13,-5.842,0.786402,0,3,1,0,1,1,0,0,1,9,0.04583946393372921,22484
2264,207.74,0,7,-5.782,0.786336,0,2,0,0,1,1,0,0,1,2,0.042142179661563466,22491
2265,207.85,0,9,-5.62,0.78625,0,3,1,0,1,1,0,0,1,2,0.040532593408392534,22500
2266,207.96,0,9,-5.602,0.786164,0,3,0,0,1,1,0,0,1,4,0.03223753213468525,22509
2267,208.12,0,14,-5.92,0.786031,0,3,0,0,1,1,0,0,1,7,0.038523403595068624,22523
2268,208.24,0,10,-5.062,0.785937,0,5,0,0,1,1,0,0,1,3,0.04129534773528576,22533
2269,208.36,0,10,-5.662,0.785842,0,3,1,0,1,1,0,0,1,6,0.06300657037645578,22543
2270,208.42,0,5,-5.062,0.785794,0,4,0,0,1,1,0,0,1,3,0.035926338471472266,22548
2271,208.49,0,5,-5.062,0.785747,0,4,2,0,1,1,0,0,1,3,0.04639570489525795,22553
2272,208.59,0,9,-5.912,0.785661,0,2,0,0,1,1,0,0,1,4,0.060457430572973356,22562
2273,208.74,0,13,-6.152,0.785537,0,2,0,0,1,1,0,0,1,4,0.04982175785475052,22575
2274,208.84,0,8,-5.542,0.785462,0,3,0,0,1,1,0,0,1,4,0.040124675491824746,22583
2275,208.91,0,6,-5.732,0.785405,0,2,0,0,1,1,0,0,1,1,0.038444055089106165,22589
2276,209.02,0,9,-4.702,0.785319,0,6,1,0,1,1,0,0,1,1,0.04153353886471854,22598
2277,209.08,0,5,-5.062,0.785272,0,4,0,0,1,1,0,0,1,3,0.025137880444526674,22603
2278,209.43,0,32,-5.454,0.784968,0,8,1,0,1,1,0,0,2,12,0.051374147878959775,22635
2279,209.5,0,6,-5.73,0.784911,0,2,0,0,1,1,0,0,1,1,0.03929417207837105,22641
2280,209.56,0,5,-5.362,0.784863,0,3,0,0,1,1,0,0,1,3,0.07415451817214488,22646
2281,209.78,0,19,-6.202,0.784683,0,3,0,0,1,1,0,0,1,10,0.04324935337430552,22665
2282,209.86,0,7,-4.582,0.784616,0,6,1,0,1,1,0,0,1,1,0.036253011652401516,22672
2283,209.92,0,5,-5.362,0.784569,0,3,0,0,1,1,0,0,1,2,0.041230964474380016,22677
2284,210.09,0,14,-5.584,0.784436,0,4,0,0,1,1,0,0,2,5,0.046176926765058725,22691
2285,210.16,0,6,-5.422,0.784378,0,3,0,0,1,1,0,0,1,4,0.04675516113638878,22697
2286,210.36,0,18,-5.824,0.784208,0,4,0,0,1,1,0,0,2,9,0.03841895522135827,22715
2287,210.5,0,11,-5.722,0.784103,0,3,1,0,1,1,0,0,1,6,0.0635762129148299,22726
2288,210.67,0,14,-5.602,0.78397,0,4,0,0,1,1,0,0,1,5,0.04899146567497935,22740
2289,210.78,0,9,-5.602,0.783884,0,3,0,0,1,1,0,0,1,5,0.07750356673366493,22749
2290,210.84,0,5,-5.362,0.783837,0,3,0,0,1,1,0,0,1,3,0.049505218863487244,22754
2291,210.9,0,5,-5.962,0.78379,0,1,0,0,1,1,0,0,1,1,0.05933109149336815,22759
2292,210.96,0,5,-5.062,0.783742,0,4,1,0,1,1,0,0,1,3,0.04451554249972105,22764
2293,211.05,0,7,-5.482,0.783675,0,3,0,0,1,1,0,0,1,3,0.033835377278072495,22771
2294,211.11,0,5,-5.062,0.783628,0,4,1,0,1,1,0,0,1,3,0.045355341583490374,22776
2295,211.2,0,7,-4.582,0.783562,0,6,1,0,1,1,0,0,1,2,0.038632408316646306,22783
2296,211.6,0,33,-6.424,0.783248,0,5,1,0,1,1,0,0,2,12,0.05060216022486037,22816
2297,211.67,0,5,-5.362,0.7832,0,3,0,0,1,1,0,0,1,3,0.06811752766370774,22821
2298,211.83,0,13,-6.142,0.783077,0,2,0,0,1,1,0,0,1,8,0.04936796584381507,22834
2299,212.23,1,32,-5.036,0.782773,1,6,1,0,1,1,0,0,3,9,0.04181022943521384,22866
2300,212.3,0,5,-5.362,0.782725,0,3,1,0,1,1,0,0,1,3,0.030894625186920165,22871
2301,212.41,0,9,-5.902,0.78264,0,2,0,0,1,1,0,0,1,5,0.04302931804623869,22880
2302,212.51,0,8,-5.842,0.782564,0,2,0,0,1,1,0,0,1,3,0.04664064780808985,22888
2303,212.58,0,6,-5.722,0.782507,0,2,0,0,1,1,0,0,1,3,0.05265354240934054,22894
2304,212.66,0,7,-5.792,0.78244,0,2,1,0,1,1,0,0,1,2,0.04841559726212706,22901
2305,212.78,0,10,-5.662,0.782346,0,3,0,0,1,1,0,0,1,6,0.03604619293473661,22911
2306,212.84,0,5,-5.662,0.782298,0,2,0,0,1,1,0,0,1,1,0.02721531391143799,22916
2307,212.93,0,8,-5.542,0.782222,0,3,0,0,1,1,0,0,1,1,0.058266039937734604,22924
2308,212.99,0,5,-5.362,0.782174,0,3,0,0,1,1,0,0,1,1,0.034099818021059033,22929
2309,213.07,0,6,-5.722,0.782118,0,2,0,0,1,1,0,0,1,4,0.03973888559266925,22935
2310,213.17,0,9,-5.91,0.782032,0,2,0,0,1,1,0,0,1,2,0.024396145302388404,22944
2311,213.44,0,23,-6.442,0.781813,0,3,1,0,1,1,0,0,1,9,0.05086648699058139,22967
2312,213.52,0,7,-5.182,0.781747,0,4,0,0,1,1,0,0,1,3,0.0799213775566646,22974
2313,213.75,0,19,-5.892,0.781567,0,4,0,0,1,1,0,0,2,10,0.03391221778369263,22993
2314,213.81,0,5,-5.062,0.781519,0,4,0,0,1,1,0,0,1,3,0.04579401127994061,22998
2315,213.89,0,7,-5.8,0.781452,0,2,0,0,1,1,0,0,1,2,0.04375613361064877,23005
2316,214.04,0,13,-5.852,0.781329,0,3,0,0,1,1,0,0,1,2,0.056462942192760796,23018
2317,214.17,0,10,-5.362,0.781234,0,4,0,0,1,1,0,0,1,3,0.030632094573229553,23028
2318,214.24,0,6,-5.73,0.781177,0,2,0,0,1,1,0,0,1,1,0.03969497916599115,23034
2319,214.32,0,7,-5.79,0.781111,0,2,0,0,1,1,0,0,1,2,0.02245943421231849,23041
2320,214.37,0,5,-5.662,0.781063,0,2,0,0,1,1,0,0,1,3,0.07203659787774086,23046
2321,214.71,0,30,-5.326,0.780778,0,8,1,0,1,1,0,0,3,10,0.038489568419754504,23076
2322,214.81,0,8,-5.542,0.780702,0,3,0,0,1,1,0,0,1,4,0.05143105541355908,23084
2323,214.87,0,5,-5.062,0.780655,0,4,0,0,1,1,0,0,1,3,0.065397166647017,23089
2324,214.94,0,5,-5.062,0.780607,0,4,0,0,1,1,0,0,1,3,0.03858073391020298,23094
2325,215.03,0,8,-5.542,0.780531,0,3,0,0,1,1,0,0,1,3,0.03651616396382451,23102
2326,215.12,0,7,-5.482,0.780465,0,3,0,0,1,1,0,0,1,4,0.054599255323410034,23109
2327,215.3,0,16,-6.022,0.780312,0,3,0,0,1,1,0,0,1,9,0.06126196577679366,23125
2328,215.57,0,23,-6.442,0.780094,0,3,0,0,1,1,0,0,1,9,0.040074357317517635,23148
2329,215.65,0,6,-5.422,0.780037,0,3,0,0,1,1,0,0,1,4,0.024525031292190153,23154
2330,215.83,0,15,-5.962,0.779894,0,3,1,0,1,1,0,0,1,5,0.036658297603329025,23169
2331,216.07,0,20,-6.852,0.779705,0,1,1,0,1,1,0,0,2,5,0.059406318701803684,23189
2332,216.15,0,7,-5.482,0.779638,0,3,0,0,1,1,0,0,1,5,0.06419170222112111,23196
2333,216.25,0,8,-5.842,0.779562,0,2,0,0,1,1,0,0,1,5,0.03552782256156206,23204
2334,216.36,0,9,-5.602,0.779477,0,3,0,0,1,1,0,0,1,6,0.02929688100185659,23213
2335,216.43,0,6,-5.722,0.77942,0,2,0,0,1,1,0,0,1,1,0.04235523473471403,23219
2336,216.62,0,16,-5.722,0.779268,0,4,0,0,1,1,0,0,1,6,0.05655571521492675,23235
2337,217.0,0,33,-7.006,0.778954,0,3,0,0,1,1,0,0,3,9,0.045621312759590874,23268
2338,217.11,0,10,-5.662,0.778859,0,3,0,0,1,1,0,0,1,4,0.04029955808073282,23278
2339,217.26,0,12,-5.792,0.778745,0,3,0,0,1,1,0,0,1,3,0.056539273665597044,23290
2340,217.33,0,6,-5.432,0.778688,0,3,0,0,1,1,0,0,1,1,0.039015294363101326,23296
2341,217.64,0,27,-6.372,0.778432,0,4,0,0,1,1,0,0,2,13,0.04201832799999802,23323
2342,217.73,0,7,-6.082,0.778365,0,1,0,0,1,1,0,0,1,4,0.07093967497348785,23330
2343,217.79,0,5,-5.062,0.778317,0,4,1,0,1,1,0,0,1,3,0.04685441050678492,23335
2344,217.87,0,7,-5.5,0.778251,0,3,0,0,1,1,0,0,1,2,0.0277039214436497,23342
2345,217.93,0,5,-5.062,0.778204,0,4,0,0,1,1,0,0,1,3,0.028799431025981904,23347
2346,218.09,0,13,-5.542,0.77808,0,4,0,0,1,1,0,0,1,5,0.04398591107187363,23360
2347,218.26,0,14,-5.602,0.777947,0,4,0,0,1,1,0,0,1,6,0.043661653330283504,23374
2348,218.37,0,8,-5.542,0.777871,0,3,0,0,1,1,0,0,1,4,0.06191448774188757,23382
2349,218.46,0,7,-5.482,0.777805,0,3,0,0,1,1,0,0,1,3,0.047787160612642765,23389
2350,218.58,0,8,-5.85,0.777729,0,2,0,0,1,1,0,0,1,1,0.04512689239345491,23397
2351,218.67,0,8,-5.842,0.777652,0,2,0,0,1,1,0,0,1,6,0.04537346283905208,23405
2352,218.91,0,19,-5.312,0.777472,0,6,0,0,1,1,0,0,1,6,0.05696314671321919,23424
2353,219.07,0,14,-6.21,0.777339,0,2,0,0,1,1,0,0,1,3,0.03856751422530839,23438
2354,219.15,0,6,-5.422,0.777282,0,3,0,0,1,1,0,0,1,4,0.031073225662112236,23444
2355,219.26,0,9,-5.602,0.777197,0,3,1,0,1,1,0,0,1,4,0.03735032801826795,23453
2356,219.37,0,10,-5.962,0.777102,0,2,0,0,1,1,0,0,1,8,0.06522288471460343,23463
2357,219.43,0,5,-5.062,0.777054,0,4,0,0,1,1,0,0,1,3,0.03487915359437466,23468
2358,219.53,0,9,-5.912,0.776968,0,2,0,0,1,1,0,0,1,2,0.0443233922123909,23477
2359,219.6,0,6,-5.722,0.776911,0,2,0,0,1,1,0,0,1,3,0.05856535490602255,23483
2360,219.72,0,10,-5.362,0.776817,0,4,0,0,1,1,0,0,1,3,0.03326995419338345,23493
2361,219.79,0,6,-5.722,0.77676,0,2,0,0,1,1,0,0,1,3,0.0570674774547418,23499
2362,219.97,0,15,-6.28,0.776617,0,2,0,0,1,1,0,0,1,8,0.047678802907466886,23514
2363,220.11,0,12,-5.182,0.776503,0,5,0,0,1,1,0,0,1,6,0.06131467890615264,23526
2364,220.34,0,20,-6.562,0.776313,0,2,0,0,1,1,0,0,1,3,0.03810289204120636,23546
2365,220.41,0,6,-5.74,0.776256,0,2,0,0,1,1,0,0,1,1,0.047514114528894424,23552
2366,220.49,0,7,-5.482,0.776189,0,3,1,0,1,1,0,0,1,5,0.037022638001612256,23559
2367,220.8,0,27,-6.072,0.775933,0,5,0,0,1,1,0,0,2,11,0.041612943461923686,23586
2368,221.02,0,18,-4.632,0.775762,0,8,1,0,1,1,0,0,2,3,0.04921186974065171,23604
2369,221.11,0,8,-5.242,0.775686,0,4,0,0,1,1,0,0,1,6,0.040193232940509915,23612
2370,221.3,0,16,-5.102,0.775534,0,6,0,0,1,1,0,0,2,6,0.050558496033772826,23628
2371,221.36,0,5,-5.362,0.775486,0,3,0,0,1,1,0,0,1,3,0.034624045342206956,23633
2372,221.57,0,18,-6.152,0.775316,0,3,0,0,1,1,0,0,1,5,0.04557966011472874,23651
2373,221.63,0,5,-5.362,0.775268,0,3,0,0,1,1,0,0,1,3,0.036637593433260916,23656
2374,221.78,0,13,-5.842,0.775145,0,3,0,0,1,1,0,0,1,5,0.05622940123654329,23669
2375,222.05,0,23,-5.196,0.774926,0,7,1,0,1,1,0,0,3,9,0.04857572309834802,23692
2376,222.13,0,7,-5.482,0.77486,0,3,0,0,1,1,0,0,1,3,0.0370061919093132,23699
2377,222.19,0,5,-5.662,0.774812,0,2,0,0,1,1,0,0,1,3,0.07125637009739876,23704
2378,222.3,0,9,-5.62,0.774726,0,3,0,0,1,1,0,0,1,0,0.026667804767688114,23713
2379,222.39,0,7,-5.182,0.77466,0,4,1,0,1,1,0,0,1,3,0.04243753398103373,23720
2380,222.46,0,6,-5.732,0.774603,0,2,0,0,1,1,0,0,1,1,0.05344514362514019,23726
2381,222.52,0,5,-5.062,0.774555,0,4,0,0,1,1,0,0,1,3,0.062491890788078305,23731
2382,222.59,0,5,-5.362,0.774508,0,3,0,0,1,1,0,0,1,3,0.034057625383138654,23736
2383,222.74,0,13,-6.442,0.774385,0,1,0,0,1,1,0,0,1,7,0.04345041348670538,23749
2384,222.96,0,20,-4.134,0.774195,0,10,0,0,1,1,0,0,2,11,0.031092251744121314,23769
2385,223.04,0,6,-5.44,0.774138,0,3,0,0,1,1,0,0,1,1,0.04187674603114525,23775
2386,223.11,0,6,-5.722,0.77408,0,2,0,0,1,1,0,0,1,3,0.05286539097627004,23781
2387,223.18,0,5,-5.362,0.774033,0,3,0,0,1,1,0,0,1,3,0.048129750043153764,23786
2388,223.28,0,8,-6.142,0.773957,0,1,0,0,1,1,0,0,1,3,0.041731074335984886,23794
2389,223.36,0,7,-5.782,0.773891,0,2,0,0,1,1,0,0,1,1,0.05973083472677639,23801
2390,223.72,0,30,-6.234,0.773606,0,5,0,0,1,1,0,0,2,13,0.05497622275725007,23831
2391,223.78,0,5,-5.062,0.773558,0,4,0,0,1,1,0,0,1,3,0.05540552586317062,23836
2392,223.85,0,6,-5.422,0.773501,0,3,0,0,1,1,0,0,1,4,0.026506771023074787,23842
2393,224.01,0,13,-5.542,0.773378,0,4,1,0,1,1,0,0,1,11,0.0353405037178443,23855
2394,224.11,0,7,-4.882,0.773311,0,5,0,0,1,1,0,0,1,2,0.04089378153106996,23862
2395,224.21,0,7,-5.782,0.773245,0,2,0,0,1,1,0,0,1,4,0.04074035185788359,23869
2396,224.28,0,5,-5.062,0.773197,0,4,0,0,1,1,0,0,1,3,0.033757468312978746,23874
2397,224.4,0,10,-5.962,0.773102,0,2,0,0,1,1,0,0,1,3,0.04092022441327572,23884
2398,224.47,0,6,-5.422,0.773045,0,3,1,0,1,1,0,0,1,4,0.040077131862441696,23890
2399,224.58,0,9,-6.22,0.77296,0,1,0,0,1,1,0,0,1,4,0.037854213267564774,23899
2400,224.67,0,8,-5.242,0.772884,0,4,0,0,1,1,0,0,1,4,0.038878273975569755,23907
2401,224.88,0,18,-6.15,0.772713,0,3,0,0,1,1,0,0,1,9,0.05477143099738492,23925
2402,224.94,0,5,-5.362,0.772665,0,3,0,0,1,1,0,0,1,3,0.07142604663968086,23930
2403,225.29,0,31,-5.984,0.772371,0,6,1,0,1,1,0,0,3,8,0.03892815263280945,23961
2404,225.38,0,8,-5.542,0.772294,0,3,1,0,1,1,0,0,1,4,0.05624529381748289,23969
2405,225.47,0,8,-5.542,0.772219,0,3,0,0,1,1,0,0,1,3,0.052619878901168704,23977
2406,225.58,0,9,-5.302,0.772133,0,4,0,0,1,1,0,0,1,5,0.05017963300148646,23986
2407,225.69,0,9,-5.91,0.772047,0,2,0,0,1,1,0,0,1,2,0.026952255206803482,23995
2408,225.91,0,19,-6.492,0.771867,0,2,0,0,1,1,0,0,2,7,0.05735086384964617,24014
2409,225.97,0,5,-5.062,0.771819,0,4,1,0,1,1,0,0,1,3,0.043056313320994376,24019
2410,226.07,0,8,-5.86,0.771744,0,2,0,0,1,1,0,0,1,1,0.048790219239890575,24027
2411,226.3,0,20,-6.252,0.771554,0,3,0,0,1,1,0,0,2,8,0.06656905366107821,24047
2412,226.37,0,6,-5.722,0.771497,0,2,0,0,1,1,0,0,1,3,0.02928897753978769,24053
2413,226.62,0,22,-5.754,0.771288,0,5,1,0,1,1,0,0,3,10,0.05191669583489949,24075
2414,226.82,0,16,-6.004,0.771135,0,3,0,0,1,1,0,0,2,7,0.05732875713147223,24091
2415,226.94,0,10,-5.962,0.771041,0,2,0,0,1,1,0,0,1,4,0.03786943089216947,24101
2416,227.06,0,10,-5.98,0.770946,0,2,0,0,1,1,0,0,1,3,0.0357389260083437,24111
2417,227.56,0,40,-7.134,0.770566,0,4,0,0,1,1,0,0,2,23,0.04944542068988085,24151
2418,228.05,0,34,-5.874,0.770242,0,7,1,0,1,1,0,0,3,15,0.04693353669170071,24185
2419,228.18,0,9,-5.902,0.770157,0,2,0,0,1,1,0,0,1,4,0.054965067447887525,24194
2420,228.3,0,10,-5.962,0.770062,0,2,0,0,1,1,0,0,1,7,0.05983524564653635,24204
2421,228.49,0,16,-3.894,0.76991,0,10,0,0,1,1,0,0,2,4,0.04637375310994685,24220
2422,228.56,0,6,-5.722,0.769853,0,2,0,0,1,1,0,0,1,3,0.031492069674034916,24226
2423,228.62,0,5,-5.362,0.769806,0,3,0,0,1,1,0,0,1,3,0.0910950630903244,24231
2424,228.69,0,5,-5.662,0.769758,0,2,0,0,1,1,0,0,1,3,0.046922831982374194,24236
2425,228.78,0,8,-6.142,0.769682,0,1,0,0,1,1,0,0,1,4,0.07149129267781973,24244
2426,228.87,0,7,-5.8,0.769616,0,2,0,0,1,1,0,0,1,2,0.03688633841063295,24251
2427,229.13,0,22,-5.152,0.769406,0,7,2,0,1,1,0,0,3,7,0.055985868612135,24273
2428,229.26,0,11,-5.722,0.769302,0,3,0,0,1,1,0,0,1,7,0.06915358995849435,24284
2429,229.32,0,5,-5.362,0.769254,0,3,0,0,1,1,0,0,1,3,0.041480667889118195,24289
2430,229.38,0,6,-5.122,0.769197,0,4,0,0,1,1,0,0,1,4,0.0648082805176576,24295
2431,229.46,0,7,-5.5,0.769131,0,3,0,0,1,1,0,0,1,2,0.048479773104190826,24302
2432,229.55,0,8,-5.242,0.769055,0,4,1,0,1,1,0,0,1,4,0.03870580915827304,24310
2433,229.61,0,5,-5.062,0.769008,0,4,0,0,1,1,0,0,1,3,0.05146624427288771,24315
2434,229.72,0,9,-5.612,0.768922,0,3,1,0,1,1,0,0,1,2,0.04962721218665441,24324
2435,229.81,0,8,-5.242,0.768846,0,4,0,0,1,1,0,0,1,4,0.04387692175805569,24332
2436,230.22,0,34,-5.846,0.768523,0,7,1,0,1,1,0,0,3,8,0.04051173960461336,24366
2437,230.32,0,8,-4.642,0.768447,0,6,1,0,1,1,0,0,1,3,0.05171443312428892,24374
2438,230.38,0,5,-5.062,0.7684,0,4,0,0,1,1,0,0,1,3,0.052355774119496344,24379
2439,230.51,0,11,-5.722,0.768295,0,3,0,0,1,1,0,0,1,7,0.0489688210866668,24390
2440,230.6,0,7,-5.182,0.768228,0,4,0,0,1,1,0,0,1,3,0.05138974264264107,24397
2441,230.66,0,5,-5.062,0.768181,0,4,0,0,1,1,0,0,1,3,0.04491504281759262,24402
2442,230.73,0,6,-6.022,0.768124,0,1,0,0,1,1,0,0,1,3,0.03811317045862476,24408
2443,231.25,0,41,-7.812,0.767734,0,2,0,0,1,1,0,0,2,15,0.049866518800760186,24449
2444,231.34,0,6,-5.74,0.767678,0,2,0,0,1,1,0,0,1,1,0.07581437099725008,24455
2445,231.4,0,5,-5.062,0.76763,0,4,0,0,1,1,0,0,1,3,0.06392314285039902,24460
2446,231.46,0,5,-5.062,0.767583,0,4,0,0,1,1,0,0,1,3,0.05282871425151825,24465
2447,231.57,0,9,-5.912,0.767497,0,2,0,0,1,1,0,0,1,2,0.04656031603614489,24474
2448,231.83,0,23,-6.424,0.767278,0,3,0,0,1,1,0,0,2,7,0.057963381642880646,24497
2449,231.89,0,5,-5.062,0.767231,0,4,0,0,1,1,0,0,1,3,0.05776401609182358,24502
2450,231.97,0,6,-5.422,0.767174,0,3,0,0,1,1,0,0,1,3,0.06292666836331288,24508
2451,232.06,0,8,-6.142,0.767098,0,1,0,0,1,1,0,0,1,3,0.04677548864856362,24516
2452,232.16,0,8,-5.542,0.767022,0,3,0,0,1,1,0,0,1,4,0.056576819624751806,24524
2453,232.25,0,8,-5.842,0.766946,0,2,0,0,1,1,0,0,1,3,0.04965073266066611,24532
2454,232.36,0,9,-5.302,0.766861,0,4,1,0,1,1,0,0,1,5,0.049190123255054154,24541
2455,232.42,0,5,-5.362,0.766813,0,3,0,0,1,1,0,0,1,3,0.06646309942007064,24546
2456,232.48,0,5,-5.362,0.766765,0,3,0,0,1,1,0,0,1,2,0.06663656607270241,24551
2457,232.7,0,18,-6.134,0.766595,0,3,0,0,1,1,0,0,2,6,0.040515918698575765,24569
2458,232.8,0,9,-5.92,0.766509,0,2,0,0,1,1,0,0,1,4,0.050380994048383504,24578
2459,232.9,0,8,-5.542,0.766433,0,3,0,0,1,1,0,0,1,4,0.04125994897913188,24586
2460,233.25,0,30,-6.216,0.766148,0,5,0,0,1,1,0,0,3,13,0.05187394702807069,24616
2461,233.4,0,12,-6.082,0.766034,0,2,0,0,1,1,0,0,1,4,0.04574168333783746,24628
2462,233.78,0,32,-6.054,0.76573,0,6,0,0,1,1,0,0,2,12,0.050739441969199106,24660
2463,233.85,0,6,-5.422,0.765673,0,3,0,0,1,1,0,0,1,4,0.05191318007806937,24666
2464,234.02,0,14,-5.892,0.76554,0,3,1,0,1,1,0,0,2,2,0.04810623066233737,24680
2465,234.15,0,11,-6.03,0.765436,0,2,0,0,1,1,0,0,1,4,0.06880049441348422,24691
2466,234.22,0,6,-6.022,0.765378,0,1,0,0,1,1,0,0,1,3,0.04685503399620453,24697
2467,234.45,0,21,-5.42,0.765179,0,6,0,0,1,1,0,0,2,7,0.04614028095134667,24718
2468,234.52,0,6,-5.722,0.765122,0,2,2,0,1,1,0,0,1,3,0.038742058289547764,24724
2469,234.65,0,11,-6.322,0.765018,0,1,0,0,1,1,0,0,1,8,0.05671729435297576,24735
2470,234.75,0,9,-5.902,0.764932,0,2,0,0,1,1,0,0,1,4,0.0803524191594786,24744
2471,234.82,0,6,-5.722,0.764875,0,2,0,0,1,1,0,0,1,3,0.05212109846373399,24750
2472,234.92,0,9,-5.612,0.76479,0,3,1,0,1,1,0,0,1,4,0.041426839720871717,24759
2473,235.03,0,9,-5.602,0.764704,0,3,1,0,1,1,0,0,1,7,0.047100012915001974,24768
2474,235.21,0,15,-5.962,0.764562,0,3,0,0,1,1,0,0,1,7,0.06203204741080602,24783
2475,235.27,0,5,-5.662,0.764514,0,2,0,0,1,1,0,0,1,3,0.05005375295877457,24788
2476,235.35,0,7,-5.482,0.764447,0,3,0,0,1,1,0,0,1,4,0.044692280303154676,24795
2477,235.52,0,14,-5.584,0.764315,0,4,0,0,1,1,0,0,2,7,0.04494518108133759,24809
2478,235.79,0,23,-5.542,0.764096,0,6,0,0,1,1,0,0,1,8,0.058082913817918816,24832
2479,235.91,0,10,-5.972,0.764001,0,2,1,0,1,1,0,0,1,1,0.059466004464775325,24842
2480,236.12,0,18,-5.824,0.76383,0,4,0,0,1,1,0,0,2,7,0.05284149287682441,24860
2481,236.25,0,11,-5.722,0.763726,0,3,0,0,1,1,0,0,1,2,0.056583805263719776,24871
2482,236.31,0,5,-5.362,0.763678,0,3,0,0,1,1,0,0,1,3,0.056438357755541804,24876
2483,236.4,0,7,-5.782,0.763611,0,2,0,0,1,1,0,0,1,5,0.05641828051635197,24883
2484,236.47,0,6,-5.722,0.763555,0,2,0,0,1,1,0,0,1,4,0.053907394564400114,24889
2485,236.53,0,5,-5.062,0.763507,0,4,0,0,1,1,0,0,1,3,0.03620942607522011,24894
2486,236.59,0,5,-5.062,0.763459,0,4,0,0,1,1,0,0,1,3,0.038437207043170926,24899
2487,236.66,0,5,-5.362,0.763412,0,3,0,0,1,1,0,0,1,3,0.035585705563426016,24904
2488,237.08,0,33,-6.432,0.763099,0,5,0,0,1,1,0,0,2,13,0.049964939074760135,24937
2489,237.2,0,8,-5.842,0.763022,0,2,0,0,1,1,0,0,1,5,0.03962725680321455,24945
2490,237.39,0,16,-6.04,0.762871,0,3,0,0,1,1,0,0,1,3,0.0482815345749259,24961
2491,237.57,0,15,-5.662,0.762728,0,4,0,0,1,1,0,0,1,3,0.04798583419372638,24976
2492,237.72,0,13,-6.142,0.762605,0,2,0,0,1,1,0,0,1,5,0.061470394380963765,24989
2493,237.82,0,8,-5.542,0.762529,0,3,0,0,1,1,0,0,1,4,0.04450807650573552,24997
2494,237.92,0,8,-5.852,0.762452,0,2,0,0,1,1,0,0,1,1,0.049445811891928315,25005
2495,238.08,0,14,-5.902,0.76232,0,3,0,0,1,1,0,0,1,7,0.04595526061686022,25019
2496,238.21,0,11,-5.732,0.762215,0,3,1,0,1,1,0,0,1,2,0.04846103472465819,25030
2497,238.51,0,25,-4.752,0.761977,0,9,1,0,1,1,0,0,2,8,0.05842391397804022,25055
2498,238.69,0,14,-5.602,0.761845,0,4,0,0,1,1,0,0,1,8,0.05730169918388128,25069
2499,238.99,0,24,-4.992,0.761617,0,8,1,0,1,1,0,0,2,9,0.05465042272893091,25093
2500,239.07,0,6,-5.432,0.76156,0,3,0,0,1,1,0,0,1,1,0.06103680655360222,25099
2501,239.14,0,6,-5.43,0.761502,0,3,1,0,1,1,0,0,1,1,0.043318698182702065,25105
2502,239.27,0,11,-6.032,0.761398,0,2,0,0,1,1,0,0,1,2,0.045621540566737,25116
2503,239.34,0,6,-6.022,0.761341,0,1,1,0,1,1,0,0,1,3,0.047297314973548055,25122
2504,239.55,0,19,-5.892,0.761161,0,4,1,0,1,1,0,0,2,9,0.052864934170716686,25141
2505,239.62,0,6,-5.422,0.761103,0,3,0,0,1,1,0,0,1,3,0.03013899518797795,25147
2506,239.68,0,5,-5.062,0.761056,0,4,0,0,1,1,0,0,1,3,0.03867405690252781,25152
2507,239.86,0,15,-5.952,0.760914,0,3,0,0,1,1,0,0,2,5,0.05362273224939903,25167
2508,239.91,0,5,-5.362,0.760866,0,3,1,0,1,1,0,0,1,3,0.060132730007171634,25172
2509,240.06,0,13,-5.542,0.760742,0,4,1,0,1,1,0,0,1,9,0.057386246868051015,25185
2510,240.21,0,13,-5.842,0.760619,0,3,1,0,1,1,0,0,1,6,0.048656730411144405,25198
2511,240.29,0,6,-5.722,0.760562,0,2,0,0,1,1,0,0,1,3,0.05910766621430715,25204
2512,240.38,0,8,-6.142,0.760486,0,1,0,0,1,1,0,0,1,3,0.07205846812576056,25212
2513,240.54,0,13,-6.142,0.760363,0,2,0,0,1,1,0,0,1,6,0.05215433626793898,25225
2514,240.63,0,7,-5.49,0.760296,0,3,0,0,1,1,0,0,1,2,0.054409325921109745,25232
2515,240.8,0,15,-5.652,0.760153,0,4,0,0,1,1,0,0,2,2,0.03338873206327359,25247
2516,241.07,0,23,-6.732,0.759935,0,2,0,0,1,1,0,0,2,11,0.054038174936304924,25270
2517,241.15,0,7,-5.492,0.759869,0,3,1,0,1,1,0,0,1,2,0.03227852178471429,25277
2518,241.24,0,7,-5.49,0.759802,0,3,0,0,1,1,0,0,1,0,0.033382022620311806,25284
2519,241.42,0,16,-5.994,0.75965,0,3,0,0,1,1,0,0,2,7,0.04122829687548801,25300
2520,241.52,0,8,-5.542,0.759574,0,3,0,0,1,1,0,0,1,4,0.05994352465495467,25308
2521,241.59,0,6,-5.422,0.759517,0,3,0,0,1,1,0,0,1,3,0.060419732704758644,25314
2522,241.85,0,22,-6.064,0.759308,0,4,0,0,1,1,0,0,2,7,0.035996242257004436,25336
2523,241.96,0,7,-5.49,0.759242,0,3,1,0,1,1,0,0,1,0,0.07637908150042806,25343
2524,242.05,0,7,-5.182,0.759175,0,4,0,0,1,1,0,0,1,5,0.047895674859838824,25350
2525,242.3,0,21,-6.64,0.758976,0,2,0,0,1,1,0,0,1,8,0.0507971950851026,25371
2526,242.42,0,9,-5.902,0.75889,0,2,0,0,1,1,0,0,1,5,0.02948217114640607,25380
2527,242.5,0,7,-5.482,0.758824,0,3,0,0,1,1,0,0,1,3,0.05861685930618218,25387
2528,242.59,0,7,-5.482,0.758757,0,3,1,0,1,1,0,0,1,2,0.04989149581108775,25394
2529,242.81,0,18,-6.732,0.758586,0,1,0,0,1,1,0,0,2,4,0.05204722419795063,25412
2530,242.93,0,10,-5.662,0.758491,0,3,0,0,1,1,0,0,1,6,0.04434739630669356,25422
2531,243.15,0,17,-5.164,0.758329,0,6,0,0,1,1,0,0,2,7,0.038654222865315044,25439
2532,243.26,0,8,-5.242,0.758254,0,4,1,0,1,1,0,0,1,4,0.05775347293820232,25447
2533,243.44,0,13,-5.842,0.75813,0,3,1,0,1,1,0,0,1,5,0.05323057886786186,25460
2534,243.77,0,27,-6.654,0.757874,0,3,0,0,1,1,0,0,2,14,0.05089094864066552,25487
2535,243.98,0,18,-4.924,0.757702,0,7,1,0,1,1,0,0,2,6,0.043567924139400326,25505
2536,244.21,0,20,-4.724,0.757513,0,8,0,0,1,1,0,0,3,5,0.04158624531701207,25525
2537,244.27,0,5,-5.062,0.757465,0,4,0,0,1,1,0,0,1,3,0.041185387223958966,25530
2538,244.34,0,6,-5.732,0.757408,0,2,1,0,1,1,0,0,1,1,0.04744212841615081,25536
2539,244.43,0,8,-5.242,0.757332,0,4,0,0,1,1,0,0,1,4,0.035086207557469606,25544
2540,244.5,0,6,-5.432,0.757275,0,3,0,0,1,1,0,0,1,1,0.0435461305702726,25550
2541,244.58,0,7,-5.8,0.757208,0,2,0,0,1,1,0,0,1,2,0.03802140269960676,25557
2542,244.65,0,6,-5.422,0.757151,0,3,1,0,1,1,0,0,1,4,0.07388875260949135,25563
2543,244.72,0,6,-5.122,0.757095,0,4,1,0,1,1,0,0,1,4,0.03452678769826889,25569
2544,244.85,0,11,-4.822,0.75699,0,6,0,0,1,1,0,0,1,5,0.04070294394411824,25580
2545,245.17,0,28,-6.442,0.756724,0,4,0,0,1,1,0,0,2,10,0.052525310910173824,25608
2546,245.32,0,12,-5.782,0.75661,0,3,0,0,1,1,0,0,1,6,0.04283507944395145,25620
2547,245.4,0,7,-5.5,0.756544,0,3,0,0,1,1,0,0,1,0,0.07312362188739437,25627
2548,245.72,0,27,-6.682,0.756287,0,3,1,0,1,1,0,0,1,12,0.04017898571436052,25654
2549,245.82,0,8,-5.852,0.756211,0,2,0,0,1,1,0,0,1,3,0.055859401589259505,25662
2550,246.04,0,17,-5.464,0.75605,0,5,0,0,1,1,0,0,2,6,0.05664587327662636,25679
2551,246.12,0,7,-5.782,0.755983,0,2,0,0,1,1,0,0,1,3,0.04824309343738215,25686
2552,246.23,0,9,-5.002,0.755897,0,5,0,0,1,1,0,0,1,2,0.06447700411081314,25695
2553,246.41,0,16,-6.03,0.755745,0,3,1,0,1,1,0,0,1,7,0.05218730354681611,25711
2554,246.49,0,7,-5.49,0.755679,0,3,0,0,1,1,0,0,1,2,0.03836608438619545,25718
2555,246.56,0,6,-5.74,0.755622,0,2,0,0,1,1,0,0,1,1,0.036368709057569504,25724
2556,246.62,0,5,-5.062,0.755575,0,4,0,0,1,1,0,0,1,3,0.04763983376324177,25729
2557,246.89,0,22,-5.772,0.755366,0,5,0,0,1,1,0,0,2,8,0.051907511174001476,25751
2558,246.94,0,5,-5.362,0.755318,0,3,0,0,1,1,0,0,1,3,0.04121548719704151,25756
2559,247.03,0,7,-5.49,0.755251,0,3,0,0,1,1,0,0,1,2,0.025527589821389744,25763
2560,247.19,0,14,-5.602,0.755119,0,4,0,0,1,1,0,0,1,6,0.06477382685989141,25777
2561,247.37,0,15,-5.962,0.754976,0,3,0,0,1,1,0,0,1,7,0.04768166684856017,25792
2562,247.43,0,5,-5.362,0.754929,0,3,0,0,1,1,0,0,1,2,0.06308637857437134,25797
2563,247.51,0,7,-5.782,0.754862,0,2,0,0,1,1,0,0,1,2,0.07011051316346441,25804
2564,247.63,0,10,-5.362,0.754767,0,4,0,0,1,1,0,0,1,6,0.05175809226930141,25814
2565,247.71,0,6,-5.422,0.75471,0,3,0,0,1,1,0,0,1,4,0.08963229445119698,25820
2566,247.83,0,10,-5.062,0.754615,0,5,0,0,1,1,0,0,1,3,0.04376979717053473,25830
2567,247.9,0,5,-5.062,0.754568,0,4,0,0,1,1,0,0,1,3,0.06466458290815354,25835
2568,247.96,0,5,-5.062,0.75452,0,4,0,0,1,1,0,0,1,3,0.04348959811031818,25840
2569,248.03,0,6,-5.122,0.754463,0,4,0,0,1,1,0,0,1,4,0.06796347737933199,25846
2570,248.12,0,7,-6.082,0.754397,0,1,0,0,1,1,0,0,1,4,0.05359487182327679,25853
2571,248.21,0,8,-5.242,0.75432,0,4,0,0,1,1,0,0,1,4,0.036605154164135456,25861
2572,248.33,0,10,-5.962,0.754225,0,2,0,0,1,1,0,0,1,5,0.037853965815156695,25871
2573,248.59,0,22,-6.992,0.754016,0,1,0,0,1,1,0,0,1,5,0.049896767024289475,25893
2574,248.69,0,9,-5.302,0.753931,0,4,1,0,1,1,0,0,1,4,0.04858742105878062,25902
2575,248.99,0,26,-5.976,0.753684,0,5,0,0,1,1,0,0,3,7,0.041771429375960276,25928
2576,249.11,0,10,-5.662,0.753589,0,3,0,0,1,1,0,0,1,4,0.0585877469740808,25938
2577,249.22,0,9,-5.302,0.753503,0,4,0,0,1,1,0,0,1,3,0.07491961783832973,25947
2578,249.31,0,8,-5.542,0.753428,0,3,0,0,1,1,0,0,1,4,0.03570815606508404,25955
2579,249.47,0,14,-6.202,0.753294,0,2,1,0,1,1,0,0,1,4,0.06343777105212212,25969
2580,249.56,0,8,-5.542,0.753219,0,3,1,0,1,1,0,0,1,5,0.07217740803025663,25977
2581,249.66,0,9,-5.602,0.753133,0,3,0,0,1,1,0,0,1,3,0.06560500297281477,25986
2582,249.75,0,7,-5.182,0.753067,0,4,1,0,1,1,0,0,1,3,0.04101389839446971,25993
2583,249.84,0,8,-5.542,0.752991,0,3,1,0,1,1,0,0,1,3,0.049678090028464794,26001
2584,249.9,0,5,-5.362,0.752943,0,3,0,0,1,1,0,0,1,3,0.04588979780673981,26006
2585,250.05,0,13,-5.242,0.752819,0,5,1,0,1,1,0,0,1,5,0.043277723069947496,26019
2586,250.14,0,7,-6.09,0.752753,0,1,0,0,1,1,0,0,1,2,0.03481093421578407,26026
2587,250.27,0,11,-6.022,0.752649,0,2,0,0,1,1,0,0,1,4,0.0627719470384446,26037
2588,250.46,0,17,-5.472,0.752487,0,5,0,0,1,1,0,0,2,8,0.04640403389930725,26054
2589,250.56,0,8,-5.242,0.752411,0,4,1,0,1,1,0,0,1,6,0.047177013009786606,26062
2590,250.73,0,14,-5.602,0.752278,0,4,0,0,1,1,0,0,1,6,0.04378233670390078,26076
2591,250.79,0,5,-5.962,0.752231,0,1,0,0,1,1,0,0,1,3,0.04722002446651459,26081
2592,251.22,0,37,-6.354,0.751879,0,6,0,0,1,1,0,0,3,10,0.049319112421693026,26118
2593,251.32,0,8,-5.842,0.751803,0,2,0,0,1,1,0,0,1,3,0.04635526239871979,26126
2594,251.54,0,19,-5.902,0.751622,0,4,1,0,1,1,0,0,1,7,0.046800368808602034,26145
2595,251.63,0,7,-5.792,0.751556,0,2,0,0,1,1,0,0,1,2,0.040209969239575524,26152
2596,251.69,0,5,-5.962,0.751509,0,1,0,0,1,1,0,0,1,2,0.06970484778285027,26157
2597,251.75,0,5,-5.362,0.751461,0,3,1,0,1,1,0,0,1,3,0.08554422277957201,26162
2598,252.21,1,39,-5.784,0.75109,1,5,1,0,1,1,0,0,3,16,0.05404807524516796,26201
2599,252.93,0,51,-5.366,0.750606,0,12,0,0,1,1,0,0,4,11,0.047469279272299186,26252
2600,253.31,0,28,-6.142,0.75034,0,5,1,0,1,1,0,0,1,16,0.04707552905061415,26280
2601,253.41,0,7,-5.782,0.750274,0,2,0,0,1,1,0,0,1,2,0.051928919340882986,26287
2602,253.47,0,5,-5.362,0.750226,0,3,0,0,1,1,0,0,1,2,0.07198355719447136,26292
2603,253.52,0,5,-5.362,0.750179,0,3,0,0,1,1,0,0,1,3,0.04664862230420112,26297
2604,253.58,0,5,-5.962,0.750131,0,1,0,0,1,1,0,0,1,2,0.035741230472922325,26302
2605,253.65,0,6,-5.422,0.750074,0,3,0,0,1,1,0,0,1,3,0.029424211320777733,26308
2606,253.71,0,6,-6.03,0.750017,0,1,0,0,1,1,0,0,1,1,0.05402959634860357,26314
2607,253.8,0,7,-5.482,0.74995,0,3,0,0,1,1,0,0,1,5,0.0594588073768786,26321
2608,253.89,0,8,-5.242,0.749874,0,4,1,0,1,1,0,0,1,4,0.0319646461866796,26329
2609,254.33,0,39,-5.246,0.749504,0,10,0,0,1,1,0,0,4,17,0.05035030796455267,26368
2610,254.42,0,8,-5.242,0.749428,0,4,0,0,1,1,0,0,1,4,0.060140104265883565,26376
2611,254.47,0,5,-5.062,0.749381,0,4,0,0,1,1,0,0,1,3,0.0540715329349041,26381
2612,254.55,0,7,-5.182,0.749314,0,4,1,0,1,1,0,0,1,5,0.05760792429958071,26388
2613,254.61,0,5,-5.962,0.749267,0,1,0,0,1,1,0,0,1,3,0.05591592788696289,26393
2614,254.79,0,16,-4.802,0.749115,0,7,0,0,1,1,0,0,2,5,0.04001719818916172,26409
2615,254.88,0,7,-5.782,0.749048,0,2,0,0,1,1,0,0,1,2,0.04540860519877502,26416
2616,254.96,0,7,-4.882,0.748981,0,5,0,0,1,1,0,0,1,3,0.04679814539849758,26423
2617,255.04,0,7,-5.792,0.748915,0,2,0,0,1,1,0,0,1,2,0.04018751425402505,26430
2618,255.1,0,5,-5.362,0.748868,0,3,1,0,1,1,0,0,1,3,0.05708498628810048,26435
2619,255.17,0,5,-5.362,0.74882,0,3,0,0,1,1,0,0,1,3,0.0576185368001461,26440
2620,255.23,0,5,-5.062,0.748773,0,4,1,0,1,1,0,0,1,3,0.05364818647503853,26445
2621,255.41,0,15,-5.652,0.74863,0,4,0,0,1,1,0,0,2,7,0.04198623125751813,26460
2622,255.51,0,8,-5.842,0.748554,0,2,0,0,1,1,0,0,1,3,0.056809152476489544,26468
2623,255.59,0,7,-5.482,0.748487,0,3,0,0,1,1,0,0,1,3,0.0454217903316021,26475
2624,255.74,0,13,-6.152,0.748364,0,2,0,0,1,1,0,0,1,2,0.04845047211990906,26488
2625,255.81,0,5,-5.062,0.748317,0,4,0,0,1,1,0,0,1,3,0.059722169488668445,26493
2626,255.93,0,10,-4.762,0.748222,0,6,0,0,1,1,0,0,1,4,0.04161561969667673,26503
2627,255.99,0,5,-5.362,0.748174,0,3,1,0,1,1,0,0,1,3,0.034752266854047774,26508
2628,256.14,0,13,-5.534,0.74805,0,4,1,0,1,1,0,0,2,3,0.061622118863921896,26521
2629,256.29,0,12,-6.082,0.747937,0,2,0,0,1,1,0,0,1,6,0.048428758746013045,26533
2630,256.35,0,5,-5.662,0.747889,0,2,0,0,1,1,0,0,1,1,0.05649011917412281,26538
2631,256.42,0,6,-5.422,0.747832,0,3,0,0,1,1,0,0,1,4,0.043979692893723644,26544
2632,256.5,0,7,-5.79,0.747765,0,2,0,0,1,1,0,0,1,2,0.03228830838842051,26551
2633,256.73,0,20,-5.342,0.747575,0,6,0,0,1,1,0,0,2,8,0.05311247548088431,26571
2634,257.02,0,24,-6.502,0.747348,0,3,0,0,1,1,0,0,1,12,0.04261658429944267,26595
2635,257.08,0,5,-5.362,0.7473,0,3,0,0,1,1,0,0,1,4,0.03649203255772591,26600
2636,257.51,0,34,-6.784,0.746977,0,4,1,0,1,1,0,0,2,16,0.046363837770460284,26634
2637,257.66,0,12,-6.39,0.746863,0,1,0,0,1,1,0,0,1,5,0.03956175999095043,26646
2638,257.77,0,9,-5.602,0.746777,0,3,0,0,1,1,0,0,1,3,0.061791953216824264,26655
2639,257.96,0,16,-5.412,0.746625,0,5,0,0,1,1,0,0,2,7,0.05765901738777757,26671
2640,258.04,0,6,-5.422,0.746568,0,3,0,0,1,1,0,0,1,3,0.05829187327375015,26677
2641,258.12,0,7,-5.482,0.746502,0,3,0,0,1,1,0,0,1,5,0.06654946905161653,26684
2642,258.23,0,9,-5.602,0.746417,0,3,0,0,1,1,0,0,1,4,0.07062438709868325,26693
2643,258.32,0,8,-5.55,0.74634,0,3,1,0,1,1,0,0,1,3,0.05625259596854448,26701
2644,258.38,0,5,-5.362,0.746293,0,3,0,0,1,1,0,0,1,3,0.029281954653561114,26706
2645,258.56,0,15,-5.662,0.74615,0,4,0,0,1,1,0,0,1,7,0.04431049997607867,26721
2646,258.84,0,23,-6.724,0.745932,0,2,0,0,1,1,0,0,2,11,0.053086510575983833,26744
2647,259.22,0,31,-6.922,0.745637,0,3,0,0,1,1,0,0,1,17,0.05055358014520137,26775
2648,259.29,0,6,-6.022,0.74558,0,1,0,0,1,1,0,0,1,3,0.0415155046309034,26781
2649,259.36,0,7,-5.482,0.745514,0,3,0,0,1,1,0,0,1,1,0.03888715537531035,26788
2650,259.44,0,7,-5.792,0.745448,0,2,1,0,1,1,0,0,1,2,0.052436067323599546,26795
2651,259.72,0,23,-6.742,0.745229,0,2,0,0,1,1,0,0,1,4,0.04507618300292803,26818
2652,259.82,0,9,-5.612,0.745143,0,3,0,0,1,1,0,0,1,2,0.06026558019220829,26827
2653,259.95,0,10,-5.962,0.745049,0,2,0,0,1,1,0,0,1,4,0.042715514451265334,26837
2654,260.44,1,41,-5.586,0.744659,1,6,1,0,1,1,0,0,3,13,0.04971180529129214,26878
2655,260.54,0,8,-6.142,0.744583,0,1,1,0,1,1,0,0,1,4,0.06228059949353337,26886
2656,260.73,0,17,-5.764,0.744422,0,4,0,0,1,1,0,0,2,6,0.06384367572472376,26903
2657,260.98,0,21,-6.612,0.744222,0,2,0,0,1,1,0,0,2,7,0.051749331122707756,26924
2658,261.19,0,17,-6.39,0.744061,0,2,0,0,1,1,0,0,1,6,0.0637910685447209,26941
2659,261.25,0,5,-5.062,0.744013,0,4,2,0,1,1,0,0,1,4,0.05966754723340273,26946
2660,261.33,0,6,-5.122,0.743956,0,4,0,0,1,1,0,0,1,4,0.03279281811167797,26952
2661,261.39,0,5,-5.362,0.743909,0,3,0,0,1,1,0,0,1,3,0.05567457154393196,26957
2662,261.51,0,11,-6.022,0.743804,0,2,0,0,1,1,0,0,1,5,0.0730437675321644,26968
2663,261.94,0,36,-6.884,0.743462,0,4,0,0,1,1,0,0,3,15,0.054881073974279895,27004
2664,262.02,0,6,-5.722,0.743405,0,2,0,0,1,1,0,0,1,4,0.053407715943952404,27010
2665,262.13,0,8,-5.242,0.743329,0,4,1,0,1,1,0,0,1,4,0.02837291080504656,27018
2666,262.25,0,8,-6.142,0.743253,0,1,0,0,1,1,0,0,1,3,0.05343417567200959,27026
2667,262.34,0,7,-5.482,0.743186,0,3,0,0,1,1,0,0,1,2,0.04072281212678978,27033
2668,262.45,0,9,-5.902,0.743101,0,2,1,0,1,1,0,0,1,5,0.05909430546065172,27042
2669,262.56,0,9,-5.612,0.743016,0,3,1,0,1,1,0,0,1,2,0.06435002862579292,27051
2670,262.66,0,9,-5.602,0.74293,0,3,0,0,1,1,0,0,1,5,0.04341349223007759,27060
2671,262.75,0,7,-5.482,0.742864,0,3,0,0,1,1,0,0,1,2,0.051189529576471875,27067
2672,262.94,0,16,-5.694,0.742711,0,4,0,0,1,1,0,0,2,7,0.06752937484998256,27083
2673,263.0,0,5,-5.662,0.742664,0,2,0,0,1,1,0,0,1,3,0.06031329482793808,27088
2674,263.09,0,7,-5.782,0.742598,0,2,0,0,1,1,0,0,1,1,0.04006668712411608,27095
2675,263.17,0,6,-5.732,0.742541,0,2,0,0,1,1,0,0,1,1,0.05677584341416756,27101
2676,263.57,0,35,-5.624,0.742208,0,8,3,0,1,1,0,0,3,14,0.04542124830186367,27136
2677,263.69,0,10,-5.962,0.742113,0,2,0,0,1,1,0,0,1,4,0.04838126823306084,27146
2678,263.9,0,18,-5.524,0.741942,0,5,0,0,1,1,0,0,2,7,0.05092697259452608,27164
2679,264.0,0,8,-5.842,0.741866,0,2,0,0,1,1,0,0,1,4,0.0478362743742764,27172
2680,264.1,0,8,-5.55,0.74179,0,3,1,0,1,1,0,0,1,1,0.04131666058674455,27180
2681,264.2,0,8,-5.542,0.741714,0,3,0,0,1,1,0,0,1,6,0.04899342590942979,27188
2682,264.31,0,9,-5.602,0.741629,0,3,0,0,1,1,0,0,1,4,0.05389218942986594,27197
2683,264.56,0,23,-5.514,0.74141,0,6,0,0,1,1,0,0,2,11,0.0502254884366108,27220
2684,264.8,0,20,-5.944,0.74122,0,4,1,0,1,1,0,0,2,7,0.037644684733822945,27240
2685,264.88,0,6,-5.422,0.741163,0,3,0,0,1,1,0,0,1,3,0.04370665286357204,27246
2686,264.94,0,5,-5.362,0.741116,0,3,0,0,1,1,0,0,1,3,0.06038638949394226,27251
2687,265.09,0,13,-5.542,0.740992,0,4,0,0,1,1,0,0,1,3,0.04732484585390641,27264
2688,265.21,0,10,-5.962,0.740897,0,2,0,0,1,1,0,0,1,4,0.068884445913136,27274
2689,265.31,0,8,-5.542,0.740821,0,3,0,0,1,1,0,0,1,3,0.03515439806506038,27282
2690,265.58,0,23,-5.514,0.740603,0,6,0,0,1,1,0,0,2,7,0.04528331137059823,27305
2691,265.69,0,9,-5.602,0.740517,0,3,0,0,1,1,0,0,1,4,0.0408569805117117,27314
2692,265.84,0,13,-6.152,0.740393,0,2,1,0,1,1,0,0,1,4,0.05916227887456234,27327
2693,265.9,0,5,-5.362,0.740346,0,3,0,0,1,1,0,0,1,4,0.03453150764107704,27332
2694,266.02,0,10,-5.672,0.740251,0,3,0,0,1,1,0,0,1,3,0.04892956223338842,27342
2695,266.13,0,9,-5.602,0.740166,0,3,0,0,1,1,0,0,1,5,0.04995021368894312,27351
2696,266.2,0,6,-5.122,0.740109,0,4,0,0,1,1,0,0,1,4,0.04715336921314398,27357
2697,266.35,0,13,-5.852,0.739985,0,3,0,0,1,1,0,0,1,4,0.04314447609850994,27370
2698,266.43,0,6,-5.432,0.739928,0,3,0,0,1,1,0,0,1,1,0.04618602773795525,27376
2699,266.6,0,15,-5.962,0.739785,0,3,0,0,1,1,0,0,1,5,0.05691676971813043,27391
2700,266.71,0,9,-5.902,0.7397,0,2,0,0,1,1,0,0,1,4,0.04731798668702444,27400
2701,266.9,0,16,-6.014,0.739548,0,3,0,0,1,1,0,0,2,8,0.05567510868422687,27416
2702,267.02,0,10,-5.962,0.739453,0,2,0,0,1,1,0,0,1,5,0.0560733450576663,27426
2703,267.19,0,15,-5.652,0.73931,0,4,1,0,1,1,0,0,2,5,0.07176439252992471,27441
2704,267.43,0,19,-6.202,0.73913,0,3,0,0,1,1,0,0,1,9,0.05730861881257672,27460
2705,267.55,0,10,-5.372,0.739035,0,4,1,0,1,1,0,0,1,1,0.0934193603694439,27470
2706,267.82,0,24,-5.854,0.738807,0,5,1,0,1,1,0,0,3,9,0.04742675550126781,27494
2707,267.88,0,5,-5.062,0.73876,0,4,0,0,1,1,0,0,1,3,0.047320997714996337,27499
2708,267.94,0,5,-5.962,0.738712,0,1,0,0,1,1,0,0,1,1,0.044361263141036035,27504
2709,268.0,0,5,-5.062,0.738665,0,4,0,0,1,1,0,0,1,3,0.08131971322000027,27509
2710,268.08,0,7,-6.09,0.738598,0,1,0,0,1,1,0,0,1,0,0.053679038903542926,27516
2711,268.29,0,17,-5.462,0.738436,0,5,0,0,1,1,0,0,2,8,0.08559365729417871,27533
2712,268.37,0,7,-5.182,0.73837,0,4,0,0,1,1,0,0,1,3,0.054121253213712146,27540
2713,268.49,0,10,-5.662,0.738275,0,3,0,0,1,1,0,0,1,7,0.051820377446711065,27550
2714,268.81,0,28,-4.604,0.738009,0,10,0,0,1,1,0,0,3,9,0.04048957605846226,27578
2715,268.92,0,8,-5.85,0.737933,0,2,1,0,1,1,0,0,1,1,0.040400351863354445,27586
2716,269.06,0,12,-5.782,0.737819,0,3,0,0,1,1,0,0,1,6,0.0658881429117173,27598
2717,269.13,0,6,-5.732,0.737762,0,2,0,0,1,1,0,0,1,1,0.06940923010309537,27604
2718,269.27,0,12,-5.782,0.737648,0,3,1,0,1,1,0,0,1,4,0.051285054767504334,27616
2719,269.35,0,7,-5.792,0.737582,0,2,0,0,1,1,0,0,1,2,0.0528235850589616,27623
2720,269.4,0,5,-5.662,0.737534,0,2,0,0,1,1,0,0,1,3,0.04720377959311008,27628
2721,269.61,0,18,-5.834,0.737363,0,4,0,0,1,1,0,0,2,4,0.05207793999256359,27646
2722,269.73,0,11,-6.022,0.737259,0,2,0,0,1,1,0,0,1,3,0.05052581802010536,27657
2723,269.85,0,9,-5.902,0.737173,0,2,0,0,1,1,0,0,1,7,0.044228207113014326,27666
2724,269.98,0,11,-5.722,0.737069,0,3,0,0,1,1,0,0,1,5,0.03820932588794015,27677
2725,270.38,0,34,-6.492,0.736746,0,5,0,0,1,1,0,0,3,5,0.0651842814815395,27711
2726,270.64,0,21,-6.614,0.736546,0,2,0,0,1,1,0,0,2,9,0.05055326751122872,27732
2727,270.71,0,6,-5.422,0.736489,0,3,0,0,1,1,0,0,1,4,0.06073840024570624,27738
2728,270.82,0,9,-5.602,0.736403,0,3,0,0,1,1,0,0,1,5,0.054472528811958104,27747
2729,270.88,0,5,-5.362,0.736356,0,3,0,0,1,1,0,0,1,3,0.07765939384698868,27752
2730,270.98,0,9,-5.602,0.736271,0,3,0,0,1,1,0,0,1,4,0.08015785914742285,27761
2731,271.09,0,9,-5.612,0.736185,0,3,0,0,1,1,0,0,1,2,0.06559100685020287,27770
2732,271.27,0,15,-5.634,0.736043,0,4,0,0,1,1,0,0,2,4,0.06093460284173489,27785
2733,271.42,0,12,-5.482,0.735928,0,4,0,0,1,1,0,0,1,8,0.06508824632813533,27797
2734,271.51,0,8,-5.852,0.735853,0,2,0,0,1,1,0,0,1,3,0.05906130780931562,27805
2735,271.6,0,7,-5.482,0.735786,0,3,0,0,1,1,0,0,1,2,0.033939892160040994,27812
2736,271.67,0,6,-5.722,0.735729,0,2,0,0,1,1,0,0,1,3,0.07920537702739239,27818
2737,271.93,0,22,-6.082,0.73552,0,4,1,0,1,1,0,0,1,7,0.05203020741993731,27840
2738,272.04,0,8,-4.942,0.735444,0,5,0,0,1,1,0,0,1,4,0.03336461097933352,27848
2739,272.23,0,17,-6.082,0.735283,0,3,1,0,1,1,0,0,1,9,0.05519637859919492,27865
2740,272.42,0,16,-4.494,0.735131,0,8,0,0,1,1,0,0,2,5,0.042904242407530546,27881
2741,272.6,0,15,-5.962,0.734988,0,3,0,0,1,1,0,0,1,9,0.05013415726522605,27896
2742,272.67,0,5,-5.362,0.73494,0,3,0,0,1,1,0,0,1,3,0.06320566572248935,27901
2743,272.96,1,25,-4.934,0.734703,1,5,1,0,1,1,0,0,2,6,0.04621517449617386,27926
2744,273.03,0,5,-5.362,0.734656,0,3,0,0,1,1,0,0,1,3,0.03948243372142315,27931
2745,273.09,0,5,-5.062,0.734608,0,4,0,0,1,1,0,0,1,4,0.03454079292714596,27936
2746,273.26,0,15,-5.662,0.734465,0,4,1,0,1,1,0,0,1,3,0.05252075313280026,27951
2747,273.38,0,10,-5.68,0.734371,0,3,1,0,1,1,0,0,1,3,0.05382128460332751,27961
2748,273.65,0,23,-6.124,0.734152,0,4,0,0,1,1,0,0,2,11,0.04591346540204857,27984
2749,273.75,0,8,-5.542,0.734076,0,3,0,0,1,1,0,0,1,6,0.03230178670492023,27992
2750,273.97,0,19,-6.192,0.733896,0,3,0,0,1,1,0,0,2,5,0.0605091428090083,28011
2751,274.13,0,13,-4.932,0.733772,0,6,0,0,1,1,0,0,2,4,0.06146603965988526,28024
2752,274.28,0,13,-5.214,0.733648,0,5,0,0,1,1,0,0,2,5,0.060085198698708646,28037
2753,274.37,0,8,-6.142,0.733572,0,1,0,0,1,1,0,0,1,5,0.04786872607655823,28045
2754,274.56,0,17,-5.782,0.733411,0,4,0,0,1,1,0,0,2,5,0.04693285479922505,28062
2755,274.66,0,7,-5.492,0.733345,0,3,0,0,1,1,0,0,1,2,0.048516589616026194,28069
2756,275.11,0,39,-6.466,0.732974,0,6,0,0,1,1,0,0,3,20,0.04307011111328999,28108
2757,275.17,0,5,-5.362,0.732927,0,3,0,0,1,1,0,0,1,3,0.06527095213532448,28113
2758,275.24,0,6,-5.122,0.73287,0,4,0,0,1,1,0,0,1,4,0.058414725897212826,28119
2759,275.54,0,25,-5.652,0.732632,0,6,2,0,1,1,0,0,2,5,0.04659777846187353,28144
2760,275.64,0,8,-4.942,0.732556,0,5,0,0,1,1,0,0,1,4,0.08279074484016746,28152
2761,275.75,0,9,-5.612,0.732471,0,3,0,0,1,1,0,0,1,4,0.04511046844224135,28161
2762,275.85,0,9,-5.902,0.732385,0,2,1,0,1,1,0,0,1,5,0.06514698867168692,28170
2763,275.99,0,12,-5.792,0.732271,0,3,0,0,1,1,0,0,1,3,0.05343271947155396,28182
2764,276.05,0,5,-5.662,0.732224,0,2,1,0,1,1,0,0,1,1,0.04998852983117104,28187
2765,276.11,0,5,-5.662,0.732176,0,2,0,0,1,1,0,0,1,3,0.06956039667129517,28192
2766,276.18,0,5,-5.362,0.732128,0,3,0,0,1,1,0,0,1,3,0.042116912081837654,28197
2767,276.24,0,5,-5.062,0.732081,0,4,0,0,1,1,0,0,1,3,0.05116747803986073,28202
2768,277.09,0,68,-6.068,0.731435,0,13,0,0,1,1,0,0,5,22,0.05344989987583283,28270
2769,277.25,0,10,-5.972,0.73134,0,2,0,0,1,1,0,0,1,5,0.06546244472265243,28280
2770,277.47,0,18,-6.452,0.731169,0,2,0,0,1,1,0,0,1,7,0.05479393547607793,28298
2771,277.65,0,15,-5.662,0.731027,0,4,0,0,1,1,0,0,1,9,0.06654247126231591,28313
2772,277.76,0,9,-5.602,0.730941,0,3,0,0,1,1,0,0,1,3,0.05411215499043465,28322
2773,277.82,0,5,-5.362,0.730893,0,3,0,0,1,1,0,0,1,3,0.030837609991431238,28327
2774,277.88,0,5,-5.662,0.730846,0,2,0,0,1,1,0,0,1,3,0.06846139803528786,28332
2775,277.95,0,5,-5.362,0.730799,0,3,1,0,1,1,0,0,1,3,0.07588228695094586,28337
2776,278.31,0,29,-5.882,0.730523,0,6,0,0,1,1,0,0,3,14,0.05864200098761197,28366
2777,278.57,0,20,-6.542,0.730333,0,2,0,0,1,1,0,0,2,6,0.04917435799725354,28386
2778,278.65,0,7,-5.49,0.730266,0,3,0,0,1,1,0,0,1,0,0.06848446439419474,28393
2779,278.74,0,7,-5.482,0.7302,0,3,0,0,1,1,0,0,1,3,0.052484159490891864,28400
2780,278.86,0,10,-5.962,0.730105,0,2,1,0,1,1,0,0,1,5,0.051961575634777546,28410
2781,278.94,0,7,-5.482,0.730039,0,3,1,0,1,1,0,0,1,6,0.04426046088337898,28417
2782,279.0,0,5,-5.362,0.729991,0,3,1,0,1,1,0,0,1,3,0.026261889189481736,28422
2783,279.06,0,5,-5.362,0.729943,0,3,0,0,1,1,0,0,1,0,0.04765728190541267,28427
2784,279.17,0,9,-6.202,0.729858,0,1,0,0,1,1,0,0,1,3,0.06118842918011877,28436
2785,279.25,0,7,-5.492,0.729791,0,3,0,0,1,1,0,0,1,2,0.05761885270476341,28443
2786,279.34,0,7,-5.8,0.729725,0,2,0,0,1,1,0,0,1,2,0.06417048642677921,28450
2787,279.42,0,8,-5.542,0.729649,0,3,0,0,1,1,0,0,1,5,0.06106143305078149,28458
2788,279.71,1,25,-4.616,0.729411,1,6,1,0,1,1,0,0,3,12,0.06144767664372921,28483
2789,279.82,0,9,-5.91,0.729326,0,2,0,0,1,1,0,0,1,2,0.051936394017603665,28492
2790,279.98,0,14,-5.902,0.729193,0,3,0,0,1,1,0,0,1,4,0.06711105563278709,28506
2791,280.14,0,14,-5.884,0.72906,0,3,0,0,1,1,0,0,2,4,0.04949229995587042,28520
2792,280.56,0,36,-7.194,0.728718,0,3,1,0,1,1,0,0,3,17,0.05164804211300281,28556
2793,280.8,0,20,-6.252,0.728528,0,3,1,0,1,1,0,0,2,7,0.05563400546088815,28576
2794,280.99,0,15,-6.262,0.728386,0,2,0,0,1,1,0,0,1,5,0.05777853764593601,28591
2795,281.05,0,5,-5.662,0.728338,0,2,0,0,1,1,0,0,1,3,0.07886915504932404,28596
2796,281.18,0,11,-5.74,0.728233,0,3,0,0,1,1,0,0,1,2,0.0681264338676225,28607
2797,281.3,0,10,-5.062,0.728139,0,5,1,0,1,1,0,0,1,3,0.060186924412846565,28617
2798,281.51,0,18,-5.542,0.727968,0,5,0,0,1,1,0,0,1,5,0.04365859646350145,28635
2799,281.73,0,18,-6.114,0.727796,0,3,0,0,1,1,0,0,2,6,0.05191782054801782,28653
2800,281.83,0,9,-5.002,0.727711,0,5,2,0,1,1,0,0,1,3,0.02737643787016471,28662
2801,281.9,0,5,-5.362,0.727664,0,3,0,0,1,1,0,0,1,3,0.04036117158830166,28667
2802,281.98,0,7,-5.182,0.727597,0,4,1,0,1,1,0,0,1,3,0.04163502848574093,28674
2803,282.05,0,6,-5.432,0.72754,0,3,0,0,1,1,0,0,1,1,0.04392819758504629,28680
2804,282.14,0,8,-5.55,0.727464,0,3,0,0,1,1,0,0,1,1,0.055111068300902843,28688
2805,282.21,0,5,-5.062,0.727417,0,4,1,0,1,1,0,0,1,3,0.040238302946090695,28693
2806,282.34,0,11,-6.032,0.727312,0,2,0,0,1,1,0,0,1,6,0.051523357629776,28704
2807,282.51,0,14,-5.602,0.727179,0,4,1,0,1,1,0,0,1,4,0.04998769983649254,28718
2808,282.6,0,8,-5.552,0.727103,0,3,0,0,1,1,0,0,1,1,0.04408705170499161,28726
2809,282.76,0,14,-5.912,0.72697,0,3,0,0,1,1,0,0,1,3,0.05733731189476592,28740
2810,282.93,0,14,-5.902,0.726837,0,3,0,0,1,1,0,0,1,4,0.043153711395072084,28754
2811,283.26,0,28,-6.132,0.726571,0,5,0,0,1,1,0,0,2,16,0.05374407212782119,28782
2812,283.43,0,14,-5.274,0.726438,0,5,0,0,1,1,0,0,2,7,0.04982873757502863,28796
2813,283.51,0,6,-5.122,0.726381,0,4,0,0,1,1,0,0,1,4,0.060885909323891006,28802
2814,283.6,0,8,-4.952,0.726305,0,5,0,0,1,1,0,0,1,1,0.05603953800164163,28810
2815,283.71,0,9,-6.202,0.72622,0,1,0,0,1,1,0,0,1,3,0.0574727493027846,28819
2816,283.87,0,14,-5.602,0.726087,0,4,0,0,1,1,0,0,1,8,0.06077552999236754,28833
2817,284.05,0,15,-5.972,0.725944,0,3,0,0,1,1,0,0,1,4,0.059939928166568276,28848
2818,284.51,0,41,-6.578,0.725555,0,6,0,0,1,1,0,0,4,17,0.0545070721063672,28889
2819,284.67,0,13,-5.542,0.725431,0,4,0,0,1,1,0,0,1,3,0.05688646679314283,28902
2820,284.93,0,22,-6.044,0.725222,0,4,1,0,1,1,0,0,3,8,0.061034065755930816,28924
2821,285.01,0,6,-5.722,0.725165,0,2,0,0,1,1,0,0,1,3,0.07294880536695321,28930
2822,285.07,0,5,-5.662,0.725118,0,2,1,0,1,1,0,0,1,3,0.033899630419909954,28935
2823,285.42,0,30,-6.224,0.724832,0,5,1,0,1,1,0,0,3,9,0.059717530260483424,28965
2824,285.57,0,13,-6.152,0.724709,0,2,0,0,1,1,0,0,1,8,0.05796125824921406,28978
2825,285.94,0,30,-7.162,0.724424,0,2,0,0,1,1,0,0,1,14,0.06175379060829679,29008
2826,286.01,0,5,-5.062,0.724376,0,4,1,0,1,1,0,0,1,3,0.04627895057201385,29013
2827,286.1,0,7,-5.182,0.72431,0,4,0,0,1,1,0,0,1,3,0.04931307424392019,29020
2828,286.19,0,7,-5.782,0.724244,0,2,0,0,1,1,0,0,1,2,0.04949877517563956,29027
2829,286.27,0,7,-6.082,0.724177,0,1,0,0,1,1,0,0,1,2,0.05543803742953709,29034
2830,286.45,0,15,-5.962,0.724034,0,3,0,0,1,1,0,0,1,6,0.04538793141643206,29049
2831,286.69,0,20,-5.642,0.723845,0,5,1,0,1,1,0,0,2,5,0.06761255646124482,29069
2832,286.91,0,19,-6.174,0.723664,0,3,1,0,1,1,0,0,2,8,0.05102864319556638,29088
2833,286.99,0,6,-5.422,0.723607,0,3,0,0,1,1,0,0,1,4,0.05509820176909367,29094
2834,287.1,0,9,-4.702,0.723521,0,6,0,0,1,1,0,0,1,2,0.0637531377789047,29103
2835,287.16,0,5,-5.362,0.723474,0,3,0,0,1,1,0,0,1,1,0.09129200428724289,29108
2836,287.29,0,11,-5.422,0.723369,0,4,0,0,1,1,0,0,1,5,0.05971358741887591,29119
2837,287.39,0,8,-5.542,0.723294,0,3,0,0,1,1,0,0,1,5,0.05795289995148778,29127
2838,287.59,0,17,-6.392,0.723132,0,2,0,0,1,1,0,0,1,4,0.05720380277318113,29144
2839,287.74,0,12,-5.782,0.723018,0,3,0,0,1,1,0,0,1,8,0.050508222387482725,29156
2840,287.85,0,8,-5.842,0.722942,0,2,2,0,1,1,0,0,1,4,0.06304979673586786,29164
2841,288.0,0,13,-5.842,0.722819,0,3,0,0,1,1,0,0,1,5,0.05712490371213509,29177
2842,288.1,0,8,-5.542,0.722743,0,3,0,0,1,1,0,0,1,7,0.060324748628772795,29185
2843,288.28,0,15,-5.962,0.7226,0,3,1,0,1,1,0,0,1,5,0.05833066888153553,29200
2844,288.36,0,6,-6.032,0.722543,0,1,0,0,1,1,0,0,1,1,0.042312298280497394,29206
2845,288.48,0,10,-5.662,0.722448,0,3,0,0,1,1,0,0,1,4,0.07595171313732862,29216
2846,288.81,0,28,-5.822,0.722182,0,6,0,0,1,1,0,0,3,10,0.05409015701817615,29244
2847,288.88,0,6,-5.43,0.722125,0,3,2,0,1,1,0,0,1,1,0.06473393117388089,29250
2848,288.98,0,8,-5.242,0.722049,0,4,0,0,1,1,0,0,1,4,0.06677550310268998,29258
2849,289.26,0,23,-5.814,0.721831,0,5,0,0,1,1,0,0,2,8,0.0660639297541069,29281
2850,289.36,0,9,-5.92,0.721745,0,2,0,0,1,1,0,0,1,0,0.04816035533116923,29290
2851,289.42,0,5,-5.062,0.721698,0,4,0,0,1,1,0,0,1,3,0.045671242475509646,29295
2852,289.55,0,11,-5.722,0.721593,0,3,0,0,1,1,0,0,1,8,0.04183767278763381,29306
2853,289.78,0,20,-6.862,0.721403,0,1,0,0,1,1,0,0,1,9,0.06879903897643089,29326
2854,289.87,0,7,-5.182,0.721337,0,4,1,0,1,1,0,0,1,5,0.06539702921041421,29333
2855,290.01,0,12,-6.082,0.721223,0,2,1,0,1,1,0,0,1,6,0.05240697041153908,29345
2856,290.14,0,11,-5.722,0.721118,0,3,0,0,1,1,0,0,1,7,0.06609070876782591,29356
2857,290.2,0,5,-5.662,0.72107,0,2,0,0,1,1,0,0,1,3,0.041373410820961,29361
2858,290.57,0,29,-6.146,0.720795,0,5,0,0,1,1,0,0,3,7,0.05726667410083886,29390
2859,290.72,0,12,-6.09,0.720681,0,2,1,0,1,1,0,0,1,3,0.05926208298963805,29402
2860,290.94,0,19,-5.592,0.7205,0,5,1,0,1,1,0,0,2,5,0.05119804439968184,29421
2861,291.13,0,16,-6.63,0.720349,0,1,0,0,1,1,0,0,1,7,0.04182491370011121,29437
2862,291.2,0,5,-5.362,0.720301,0,3,0,0,1,1,0,0,1,3,0.08956429455429316,29442
2863,291.25,0,5,-5.062,0.720253,0,4,0,0,1,1,0,0,1,3,0.05252414233982563,29447
2864,291.39,0,12,-6.082,0.720139,0,2,0,0,1,1,0,0,1,5,0.052124591233829655,29459
2865,291.75,0,29,-6.456,0.719864,0,4,0,0,1,1,0,0,3,10,0.05266632537903457,29488
2866,291.87,0,8,-5.542,0.719788,0,3,1,0,1,1,0,0,1,4,0.05196878360584378,29496
2867,292.16,0,25,-6.562,0.71955,0,3,0,0,1,1,0,0,1,9,0.06856028534471989,29521
2868,292.25,0,7,-5.482,0.719484,0,3,0,0,1,1,0,0,1,5,0.05416251639170306,29528
2869,292.74,0,33,-6.424,0.719171,0,5,0,0,1,1,0,0,2,11,0.057153374210677364,29561
2870,292.95,0,18,-5.824,0.719,0,4,0,0,1,1,0,0,2,8,0.062453493320693575,29579
2871,293.02,0,5,-5.362,0.718952,0,3,0,0,1,1,0,0,1,4,0.03888432271778584,29584
2872,293.12,0,9,-5.612,0.718866,0,3,0,0,1,1,0,0,1,2,0.05563165330224567,29593
2873,293.25,0,10,-5.072,0.718772,0,5,0,0,1,1,0,0,1,1,0.05329012051224709,29603
2874,293.38,0,11,-5.422,0.718667,0,4,0,0,1,1,0,0,1,3,0.06513800556686791,29614
2875,293.58,0,17,-5.762,0.718506,0,4,0,0,1,1,0,0,2,3,0.045124223455786705,29631
2876,293.65,0,5,-5.362,0.718458,0,3,1,0,1,1,0,0,1,3,0.07492676451802253,29636
2877,293.84,0,16,-6.022,0.718306,0,3,1,0,1,1,0,0,1,6,0.05783160508144647,29652
2878,293.94,0,8,-5.552,0.71823,0,3,0,0,1,1,0,0,1,1,0.06771773705258965,29660
2879,294.01,0,6,-5.722,0.718173,0,2,0,0,1,1,0,0,1,4,0.04761812277138233,29666
2880,294.1,0,7,-5.182,0.718106,0,4,0,0,1,1,0,0,1,5,0.04400050773152283,29673
2881,294.16,0,5,-5.362,0.718059,0,3,0,0,1,1,0,0,1,3,0.05867677181959152,29678
2882,294.22,0,5,-5.662,0.718012,0,2,1,0,1,1,0,0,1,3,0.06483226083219051,29683
2883,294.36,0,12,-6.692,0.717898,0,0,0,0,1,1,0,0,1,3,0.06825143005698919,29695
2884,294.44,0,7,-5.482,0.717831,0,3,1,0,1,1,0,0,1,4,0.045794284769466946,29702
2885,294.61,0,15,-5.98,0.717688,0,3,0,0,1,1,0,0,1,8,0.06201218739151955,29717
2886,294.67,0,5,-5.062,0.717641,0,4,0,0,1,1,0,0,1,3,0.02873222678899765,29722
2887,294.73,0,5,-5.062,0.717593,0,4,0,0,1,1,0,0,1,3,0.05703767724335194,29727
2888,294.84,0,9,-5.302,0.717508,0,4,0,0,1,1,0,0,1,5,0.060897013172507286,29736
2889,294.94,0,8,-5.542,0.717432,0,3,0,0,1,1,0,0,1,5,0.058243431616574526,29744
2890,295.09,0,12,-5.792,0.717318,0,3,1,0,1,1,0,0,1,1,0.04282109043560922,29756
2891,295.44,0,30,-5.626,0.717033,0,7,2,0,1,1,0,0,3,19,0.05118931358059247,29786
2892,295.53,0,7,-5.782,0.716967,0,2,0,0,1,1,0,0,1,2,0.058102542268378396,29793
2893,295.79,0,22,-6.382,0.716757,0,3,0,0,1,1,0,0,1,7,0.059349688616665924,29815
2894,295.93,0,12,-6.082,0.716643,0,2,0,0,1,1,0,0,1,6,0.05234928033314645,29827
2895,296.02,0,7,-5.782,0.716577,0,2,0,0,1,1,0,0,1,5,0.06775322317012719,29834
2896,296.33,0,27,-6.054,0.716321,0,5,0,0,1,1,0,0,2,9,0.059354243662070344,29861
2897,296.43,0,8,-5.842,0.716244,0,2,0,0,1,1,0,0,1,6,0.06971701560541987,29869
2898,296.75,0,27,-6.69,0.715988,0,3,0,0,1,1,0,0,2,5,0.05276232057561477,29896
2899,296.83,0,6,-5.422,0.715931,0,3,0,0,1,1,0,0,1,4,0.03724529407918453,29902
2900,296.93,0,8,-5.552,0.715855,0,3,0,0,1,1,0,0,1,3,0.0477667807135731,29910
2901,297.03,0,8,-5.542,0.715779,0,3,0,0,1,1,0,0,1,4,0.05971504212357104,29918
2902,297.22,0,15,-5.344,0.715637,0,5,0,0,1,1,0,0,2,9,0.07622238819797834,29933
2903,297.36,0,11,-6.322,0.715532,0,1,0,0,1,1,0,0,1,6,0.050351456315679985,29944
2904,297.42,0,5,-5.662,0.715485,0,2,0,0,1,1,0,0,1,3,0.05393240135163069,29949
2905,297.67,0,21,-6.012,0.715285,0,4,0,0,1,1,0,0,2,5,0.048975356810149695,29970
2906,297.73,0,5,-5.062,0.715237,0,4,0,0,1,1,0,0,1,3,0.07836310304701329,29975
2907,297.87,0,13,-5.842,0.715114,0,3,0,0,1,1,0,0,1,8,0.05503625494356339,29988
2908,297.96,0,7,-6.082,0.715048,0,1,0,0,1,1,0,0,1,3,0.04201278782316616,29995
2909,298.09,0,11,-5.722,0.714943,0,3,0,0,1,1,0,0,1,3,0.04440914500843395,30006
2910,298.25,0,13,-5.542,0.714819,0,4,0,0,1,1,0,0,1,5,0.05523291072593285,30019
2911,298.31,0,5,-5.062,0.714772,0,4,1,0,1,1,0,0,1,3,0.055486363172531125,30024
2912,298.37,0,5,-5.062,0.714724,0,4,0,0,1,1,0,0,1,3,0.048621752113103864,30029
2913,298.43,0,5,-5.062,0.714677,0,4,2,0,1,1,0,0,1,3,0.05837857499718666,30034
2914,298.5,0,6,-5.722,0.71462,0,2,1,0,1,1,0,0,1,3,0.07301559019833803,30040
2915,298.56,0,5,-5.662,0.714573,0,2,1,0,1,1,0,0,1,1,0.07487092763185502,30045
2916,298.74,0,15,-5.042,0.71443,0,6,0,0,1,1,0,0,2,3,0.06749894234041373,30060
2917,298.82,0,7,-5.482,0.714364,0,3,0,0,1,1,0,0,1,1,0.03317719724561487,30067
2918,298.98,0,13,-5.542,0.71424,0,4,0,0,1,1,0,0,1,5,0.05553118497706377,30080
2919,299.04,0,5,-5.062,0.714193,0,4,0,0,1,1,0,0,1,3,0.12452411949634552,30085
2920,299.18,0,11,-6.04,0.714088,0,2,0,0,1,1,0,0,1,6,0.06543796915899623,30096
2921,299.28,0,8,-5.242,0.714012,0,4,0,0,1,1,0,0,1,4,0.06025076936930418,30104
2922,299.51,0,21,-6.322,0.713812,0,3,0,0,1,1,0,0,1,6,0.06599462524588619,30125
2923,299.58,0,6,-5.722,0.713755,0,2,1,0,1,1,0,0,1,3,0.06704656593501568,30131
2924,299.68,0,8,-5.852,0.71368,0,2,0,0,1,1,0,0,1,3,0.033744985004886985,30139
2925,299.79,0,9,-5.902,0.713594,0,2,0,0,1,1,0,0,1,4,0.052682462976210646,30148
2926,299.87,0,7,-5.482,0.713528,0,3,0,0,1,1,0,0,1,1,0.06755105831793376,30155
2927,299.93,0,5,-5.362,0.71348,0,3,0,0,1,1,0,0,1,3,0.025546015426516532,30160
2928,300.12,0,16,-5.694,0.713328,0,4,0,0,1,1,0,0,2,9,0.05570788378827274,30176
2929,300.33,0,17,-5.754,0.713167,0,4,2,0,1,1,0,0,2,5,0.0476293917197515,30193
2930,300.4,0,6,-5.73,0.71311,0,2,0,0,1,1,0,0,1,1,0.05497262440621853,30199
2931,300.49,0,7,-5.5,0.713043,0,3,0,0,1,1,0,0,1,2,0.07709086553326674,30206
2932,300.76,0,24,-6.792,0.712815,0,2,0,0,1,1,0,0,2,7,0.05697530030738562,30230
2933,300.88,0,10,-5.962,0.71272,0,2,0,0,1,1,0,0,1,4,0.052651300095021725,30240
2934,301.14,0,22,-5.164,0.712511,0,7,0,0,1,1,0,0,2,7,0.05164673767814582,30262
2935,301.43,0,25,-5.314,0.712274,0,7,1,0,1,1,0,0,3,6,0.06440373063087464,30287
2936,301.54,0,9,-5.602,0.712188,0,3,1,0,1,1,0,0,1,3,0.052907793058289423,30296
2937,301.84,0,24,-6.52,0.71196,0,3,0,0,1,1,0,0,1,7,0.05925505301759889,30320
2938,301.93,0,7,-6.1,0.711893,0,1,0,0,1,1,0,0,1,2,0.06344623038811344,30327
2939,302.07,0,12,-6.082,0.71178,0,2,0,0,1,1,0,0,1,5,0.05123240097115437,30339
2940,302.23,0,14,-5.902,0.711647,0,3,0,0,1,1,0,0,1,5,0.06483677575098616,30353
2941,302.35,0,10,-5.962,0.711552,0,2,0,0,1,1,0,0,1,3,0.03405610080808401,30363
2942,302.41,0,5,-5.962,0.711504,0,1,0,0,1,1,0,0,1,3,0.030298704653978346,30368
2943,302.51,0,9,-5.002,0.711418,0,5,0,0,1,1,0,0,1,5,0.04502089673446284,30377
2944,302.6,0,8,-5.86,0.711342,0,2,0,0,1,1,0,0,1,1,0.0312840947881341,30385
2945,302.68,0,7,-5.482,0.711276,0,3,0,0,1,1,0,0,1,3,0.04466751350888184,30392
2946,303.1,0,37,-6.052,0.710924,0,7,0,0,1,1,0,0,3,13,0.056145671956442496,30429
2947,303.27,0,14,-5.574,0.710792,0,4,1,0,1,1,0,0,2,5,0.05666590428778103,30443
2948,303.44,0,14,-5.912,0.710659,0,3,0,0,1,1,0,0,1,3,0.06713398758854185,30457
2949,303.75,1,27,-3.836,0.710402,1,9,1,0,1,1,0,0,3,8,0.055190536159056204,30484
2950,303.91,0,13,-6.142,0.710279,0,2,0,0,1,1,0,0,1,4,0.06732902561242764,30497
2951,304.15,0,20,-5.634,0.710089,0,5,0,0,1,1,0,0,2,8,0.055887445667758585,30517
2952,304.21,0,5,-5.362,0.710041,0,3,1,0,1,1,0,0,1,3,0.05071318075060845,30522
2953,304.45,0,21,-6.894,0.709842,0,1,0,0,1,1,0,0,2,6,0.06178585528617814,30543
2954,304.66,0,18,-6.15,0.709671,0,3,0,0,1,1,0,0,2,4,0.04967779717925522,30561
2955,304.72,0,5,-5.962,0.709623,0,1,0,0,1,1,0,0,1,1,0.06479530930519103,30566
2956,304.81,0,7,-5.482,0.709557,0,3,0,0,1,1,0,0,1,3,0.036645415904266496,30573
2957,304.91,0,8,-6.142,0.70948,0,1,0,0,1,1,0,0,1,4,0.06551624252460897,30581
2958,304.97,0,5,-5.962,0.709433,0,1,0,0,1,1,0,0,1,2,0.03715501017868519,30586
2959,305.11,0,12,-6.092,0.709319,0,2,1,0,1,1,0,0,1,7,0.0555722980449597,30598
2960,305.21,0,8,-5.842,0.709243,0,2,0,0,1,1,0,0,1,4,0.05617449793498963,30606
2961,305.37,0,13,-5.542,0.70912,0,4,0,0,1,1,0,0,1,7,0.06740646393826374,30619
2962,305.48,0,9,-5.602,0.709034,0,3,1,0,1,1,0,0,1,4,0.0508871508969201,30628
2963,306.08,0,49,-7.064,0.708569,0,6,0,0,1,1,0,0,3,18,0.05750564025829033,30677
2964,306.46,0,26,-5.994,0.708322,0,5,0,0,1,1,0,0,2,13,0.06981799894800553,30703
2965,306.59,0,8,-5.542,0.708246,0,3,0,0,1,1,0,0,1,4,0.05858446937054396,30711
2966,306.66,0,5,-5.962,0.708198,0,1,1,0,1,1,0,0,1,2,0.06414886936545372,30716
2967,306.73,0,5,-5.062,0.708151,0,4,0,0,1,1,0,0,1,3,0.055200114101171496,30721
2968,306.89,0,13,-5.842,0.708027,0,3,0,0,1,1,0,0,1,9,0.06337458282136,30734
2969,306.96,0,5,-5.362,0.707979,0,3,0,0,1,1,0,0,1,3,0.040502121299505235,30739
2970,307.04,0,5,-5.062,0.707932,0,4,0,0,1,1,0,0,1,4,0.04826338328421116,30744
2971,307.18,0,10,-5.662,0.707837,0,3,1,0,1,1,0,0,1,3,0.0530740181915462,30754
2972,307.35,0,13,-5.214,0.707713,0,5,1,0,1,1,0,0,2,6,0.06644394907813805,30767
2973,307.53,0,14,-5.602,0.707581,0,4,0,0,1,1,0,0,1,8,0.05583245633170009,30781
2974,307.79,0,20,-6.262,0.707391,0,3,0,0,1,1,0,0,1,7,0.0610989972949028,30801
2975,308.22,0,29,-7.102,0.707115,0,2,0,0,1,1,0,0,1,14,0.06813340717605476,30830
2976,308.35,0,9,-5.602,0.707029,0,3,0,0,1,1,0,0,1,2,0.06490090965396828,30839
2977,308.55,0,16,-5.404,0.706878,0,5,0,0,1,1,0,0,2,9,0.06368742301128805,30855
2978,308.82,0,22,-6.374,0.706669,0,3,0,0,1,1,0,0,2,4,0.054173898248171266,30877
2979,308.9,0,7,-6.082,0.706602,0,1,1,0,1,1,0,0,1,0,0.046857837587594986,30884
2980,308.99,0,7,-5.782,0.706535,0,2,0,0,1,1,0,0,1,5,0.04010037385991642,30891
2981,309.06,0,6,-6.03,0.706479,0,1,0,0,1,1,0,0,1,1,0.040545269226034485,30897
2982,309.18,0,10,-5.662,0.706384,0,3,0,0,1,1,0,0,1,6,0.055304419808089735,30907
2983,309.28,0,8,-5.842,0.706308,0,2,0,0,1,1,0,0,1,3,0.055758437840268016,30915
2984,309.34,0,6,-5.722,0.706251,0,2,0,0,1,1,0,0,1,3,0.044500695541501045,30921
2985,309.61,0,22,-6.982,0.706041,0,1,0,0,1,1,0,0,1,13,0.04566410920498046,30943
2986,309.84,0,19,-6.174,0.705861,0,3,0,0,1,1,0,0,2,8,0.07244427639402841,30962
2987,310.0,0,14,-5.902,0.705728,0,3,0,0,1,1,0,0,1,8,0.06429038622549602,30976
2988,310.1,0,8,-5.842,0.705652,0,2,0,0,1,1,0,0,1,4,0.04569218750111759,30984
2989,310.16,0,5,-5.062,0.705604,0,4,1,0,1,1,0,0,1,3,0.08413356095552445,30989
2990,310.24,0,7,-5.782,0.705538,0,2,0,0,1,1,0,0,1,2,0.048723685422113965,30996
2991,310.34,0,8,-5.242,0.705462,0,4,1,0,1,1,0,0,1,4,0.06811652053147554,31004
2992,310.46,0,10,-5.662,0.705367,0,3,1,0,1,1,0,0,1,4,0.05788641069084406,31014
2993,310.52,0,5,-5.062,0.705319,0,4,1,0,1,1,0,0,1,3,0.05607214868068695,31019
2994,310.58,0,5,-5.062,0.705272,0,4,1,0,1,1,0,0,1,3,0.05262769013643265,31024
2995,310.65,0,5,-5.362,0.705224,0,3,0,0,1,1,0,0,1,2,0.04863101243972778,31029
2996,310.77,0,10,-6.262,0.705129,0,1,0,0,1,1,0,0,1,4,0.054749280028045175,31039
2997,310.86,0,8,-5.242,0.705053,0,4,0,0,1,1,0,0,1,4,0.038196993293240666,31047
2998,310.99,0,9,-5.602,0.704968,0,3,0,0,1,1,0,0,1,6,0.06870248127314779,31056
2999,311.06,0,6,-5.722,0.704911,0,2,0,0,1,1,0,0,1,3,0.03620119012581805,31062
3000,311.13,0,6,-5.422,0.704854,0,3,0,0,1,1,0,0,1,2,0.06171437787512938,31068
3001,311.68,0,47,-6.626,0.704408,0,7,0,0,1,1,0,0,4,11,0.053834692456145236,31115
3002,311.73,0,5,-5.062,0.70436,0,4,0,0,1,1,0,0,1,3,0.052534618973731996,31120
3003,311.81,0,6,-5.122,0.704303,0,4,2,0,1,1,0,0,1,4,0.035151119654377304,31126
3004,311.87,0,5,-5.062,0.704256,0,4,0,0,1,1,0,0,1,3,0.06919636987149716,31131
3005,311.99,0,11,-6.022,0.704151,0,2,0,0,1,1,0,0,1,4,0.06402481262656776,31142
3006,312.19,0,17,-5.764,0.70399,0,4,0,0,1,1,0,0,2,6,0.04973916413591189,31159
3007,312.26,0,5,-5.362,0.703942,0,3,1,0,1,1,0,0,1,1,0.044351703487336636,31164
3008,312.33,0,6,-5.422,0.703885,0,3,0,0,1,1,0,0,1,4,0.06482589989900589,31170
3009,312.55,0,18,-6.742,0.703714,0,1,0,0,1,1,0,0,1,9,0.057587252050224275,31188
3010,312.62,0,6,-6.032,0.703657,0,1,0,0,1,1,0,0,1,1,0.05728537247826656,31194
3011,312.68,0,5,-5.062,0.703609,0,4,0,0,1,1,0,0,1,3,0.07424779608845711,31199
3012,312.74,0,5,-5.362,0.703562,0,3,1,0,1,1,0,0,1,2,0.0409280814230442,31204
3013,312.86,0,10,-5.972,0.703467,0,2,0,0,1,1,0,0,1,3,0.059396620560437444,31214
3014,313.16,0,25,-6.544,0.703229,0,3,1,0,1,1,0,0,2,11,0.06204398643225431,31239
3015,313.26,0,8,-5.552,0.703153,0,3,0,0,1,1,0,0,1,3,0.06241872347891331,31247
3016,313.36,0,8,-5.842,0.703078,0,2,0,0,1,1,0,0,1,4,0.04526923899538815,31255
3017,313.89,1,42,-5.016,0.702678,1,8,3,0,1,1,0,0,4,17,0.06009435130371934,31297
3018,313.97,0,5,-5.062,0.702631,0,4,1,0,1,1,0,0,1,3,0.05156333856284619,31302
3019,314.06,0,6,-5.422,0.702574,0,3,0,0,1,1,0,0,1,3,0.051038516064484916,31308
3020,314.16,0,7,-5.782,0.702508,0,2,0,0,1,1,0,0,1,4,0.06928231354270663,31315
3021,314.3,0,11,-5.122,0.702403,0,5,0,0,1,1,0,0,1,5,0.07215383039279417,31326
3022,314.41,0,10,-5.672,0.702308,0,3,0,0,1,1,0,0,1,5,0.0628294799476862,31336
3023,314.63,0,17,-5.782,0.702147,0,4,0,0,1,1,0,0,1,5,0.054797600352150554,31353
3024,314.69,0,5,-5.362,0.702099,0,3,0,0,1,1,0,0,1,3,0.05355471968650818,31358
3025,314.75,0,5,-5.362,0.702052,0,3,1,0,1,1,0,0,1,3,0.05697576012462378,31363
3026,314.93,0,15,-5.644,0.701909,0,4,0,0,1,1,0,0,2,7,0.05516988808910052,31378
3027,315.05,0,10,-5.972,0.701814,0,2,0,0,1,1,0,0,1,3,0.054351331666111946,31388
3028,315.18,0,11,-5.122,0.701709,0,5,1,0,1,1,0,0,1,5,0.04080621440979568,31399
3029,315.26,0,6,-5.432,0.701653,0,3,0,0,1,1,0,0,1,1,0.06043785251677036,31405
3030,315.36,0,9,-5.91,0.701567,0,2,0,0,1,1,0,0,1,2,0.07016191259026527,31414
3031,315.75,1,32,-4.436,0.701263,1,8,1,0,1,1,0,0,3,17,0.05295942415250465,31446
3032,315.81,0,5,-5.362,0.701215,0,3,0,0,1,1,0,0,1,3,0.04960984513163567,31451
3033,315.91,0,8,-5.852,0.70114,0,2,0,0,1,1,0,0,1,1,0.07453051768243313,31459
3034,315.98,0,5,-5.662,0.701092,0,2,0,0,1,1,0,0,1,3,0.05488235540688038,31464
3035,316.26,1,21,-4.994,0.700892,1,4,2,0,1,1,0,0,2,6,0.05611536124100288,31485
3036,316.54,0,22,-5.444,0.700684,0,6,0,0,1,1,0,0,3,5,0.0624396912753582,31507
3037,316.71,0,13,-6.142,0.70056,0,2,0,0,1,1,0,0,1,6,0.0439915402004352,31520
3038,316.98,0,21,-6.304,0.70036,0,3,0,0,1,1,0,0,2,9,0.050284289355788915,31541
3039,317.06,0,5,-5.662,0.700313,0,2,0,0,1,1,0,0,1,3,0.04006916955113411,31546
3040,317.21,0,11,-5.722,0.700209,0,3,0,0,1,1,0,0,1,7,0.048715718259865586,31557
3041,317.58,0,29,-6.166,0.699933,0,5,0,0,1,1,0,0,3,15,0.052919690722021566,31586
3042,317.66,0,6,-5.432,0.699876,0,3,0,0,1,1,0,0,1,1,0.05817040987312794,31592
3043,317.8,0,11,-5.722,0.699771,0,3,1,0,1,1,0,0,1,7,0.036610540679909966,31603
3044,317.86,0,5,-5.062,0.699724,0,4,0,0,1,1,0,0,1,3,0.027853288128972052,31608
3045,318.0,0,12,-5.8,0.69961,0,3,0,0,1,1,0,0,1,3,0.05110599659383297,31620
3046,318.14,0,11,-5.722,0.699506,0,3,0,0,1,1,0,0,1,3,0.056557166051458226,31631
3047,318.28,0,11,-4.822,0.699401,0,6,1,0,1,1,0,0,1,4,0.06017591126940467,31642
3048,318.35,0,5,-5.062,0.699353,0,4,0,0,1,1,0,0,1,3,0.059555032104253766,31647
3049,318.48,0,11,-5.422,0.699249,0,4,0,0,1,1,0,0,1,9,0.05773166617886587,31658
3050,318.58,0,8,-5.842,0.699173,0,2,0,0,1,1,0,0,1,4,0.06021981709636748,31666
3051,318.78,0,16,-6.304,0.699021,0,2,0,0,1,1,0,0,2,6,0.05270229349844158,31682
3052,318.88,0,7,-5.782,0.698955,0,2,0,0,1,1,0,0,1,2,0.09260853326746396,31689
3053,319.02,0,10,-6.262,0.698859,0,1,1,0,1,1,0,0,1,4,0.06573553569614887,31699
3054,319.48,0,40,-6.542,0.69848,0,6,0,0,1,1,0,0,4,14,0.05594757436774671,31739
3055,319.67,1,17,-4.454,0.698318,1,5,1,0,1,1,0,0,2,4,0.05594162484083105,31756
3056,319.75,0,6,-5.422,0.698261,0,3,1,0,1,1,0,0,1,4,0.03586430801078677,31762
3057,319.81,0,5,-5.662,0.698214,0,2,1,0,1,1,0,0,1,3,0.0632745660841465,31767
3058,319.93,0,10,-5.662,0.698119,0,3,0,0,1,1,0,0,1,4,0.0391225652769208,31777
3059,320.02,0,7,-5.782,0.698052,0,2,0,0,1,1,0,0,1,5,0.05520802177488804,31784
3060,320.59,2,43,-4.668,0.697644,2,6,2,0,1,1,0,0,4,14,0.06422781166728846,31827
3061,320.67,0,5,-5.062,0.697596,0,4,0,0,1,1,0,0,1,3,0.09342478811740876,31832
3062,320.77,0,7,-4.892,0.69753,0,5,0,0,1,1,0,0,1,0,0.0534596536308527,31839
3063,320.85,0,5,-5.362,0.697482,0,3,0,0,1,1,0,0,1,3,0.04828837364912033,31844
3064,321.1,0,17,-5.182,0.697321,0,6,1,0,1,1,0,0,1,10,0.03808779455721378,31861
3065,321.29,0,14,-5.902,0.697188,0,3,0,0,1,1,0,0,1,5,0.06618930332894836,31875
3066,321.41,0,9,-5.302,0.697102,0,4,1,0,1,1,0,0,1,3,0.06417208972076575,31884
3067,321.73,0,24,-6.184,0.696874,0,4,0,0,1,1,0,0,2,12,0.05154833011329174,31908
3068,321.88,0,10,-5.972,0.696779,0,2,1,0,1,1,0,0,1,3,0.06723448317497968,31918
3069,322.3,0,32,-6.354,0.696475,0,5,0,0,1,1,0,0,2,10,0.06056537284166552,31950
3070,322.47,0,12,-5.792,0.696361,0,3,0,0,1,1,0,0,1,5,0.07201829164599378,31962
3071,322.76,0,25,-6.214,0.696124,0,4,0,0,1,1,0,0,3,11,0.06220556035637856,31987
3072,323.09,0,27,-6.636,0.695867,0,3,0,0,1,1,0,0,3,13,0.06751864962279797,32014
3073,323.16,0,5,-5.362,0.69582,0,3,0,0,1,1,0,0,1,3,0.05228921175003052,32019
3074,323.22,0,5,-5.062,0.695772,0,4,0,0,1,1,0,0,1,3,0.05830556787550449,32024
3075,323.29,0,6,-5.422,0.695715,0,3,0,0,1,1,0,0,1,4,0.050462162432571255,32030
3076,324.11,0,61,-6.548,0.695136,0,10,1,0,1,1,0,0,4,20,0.05969198274075008,32091
3077,324.64,0,41,-8.094,0.694746,0,1,0,0,1,1,0,0,2,9,0.06052232395130687,32132
3078,324.7,0,5,-5.372,0.694699,0,3,1,0,1,1,0,0,1,0,0.06498207822442055,32137
3079,324.86,0,13,-5.542,0.694575,0,4,0,0,1,1,0,0,1,9,0.07083998498721765,32150
3080,325.06,0,17,-5.182,0.694414,0,6,2,0,1,1,0,0,1,6,0.05916452353053233,32167
3081,325.14,0,6,-5.432,0.694357,0,3,0,0,1,1,0,0,1,1,0.06673295795917511,32173
3082,325.21,0,5,-5.362,0.694309,0,3,0,0,1,1,0,0,1,4,0.05047578364610672,32178
3083,325.59,0,29,-4.664,0.694033,0,10,1,0,1,1,0,0,3,5,0.06076047489226892,32207
3084,325.73,0,9,-5.612,0.693948,0,3,0,0,1,1,0,0,1,2,0.05078288892077075,32216
3085,325.84,0,8,-5.542,0.693872,0,3,0,0,1,1,0,0,1,4,0.049513356294482946,32224
3086,325.92,0,7,-6.082,0.693806,0,1,0,0,1,1,0,0,1,5,0.048666373427425115,32231
3087,326.4,1,34,-4.574,0.693483,1,8,1,0,1,1,0,0,3,17,0.06425950216019854,32265
3088,326.51,0,7,-5.792,0.693416,0,2,0,0,1,1,0,0,1,2,0.06469565576740674,32272
3089,326.65,0,9,-5.902,0.693331,0,2,0,0,1,1,0,0,1,7,0.05087925824854109,32281
3090,326.79,0,12,-6.082,0.693217,0,2,0,0,1,1,0,0,1,5,0.051519143084685005,32293
3091,326.86,0,5,-5.062,0.693169,0,4,0,0,1,1,0,0,1,3,0.07213845103979111,32298
3092,326.92,0,5,-5.062,0.693122,0,4,0,0,1,1,0,0,1,3,0.04273594319820404,32303
3093,327.15,0,19,-6.192,0.692941,0,3,0,0,1,1,0,0,2,3,0.04895776520042043,32322
3094,327.27,0,10,-5.972,0.692846,0,2,1,0,1,1,0,0,1,3,0.08005112716928124,32332
3095,327.33,0,5,-5.362,0.692799,0,3,0,0,1,1,0,0,1,3,0.048733558505773544,32337
3096,327.49,0,12,-6.4,0.692685,0,1,0,0,1,1,0,0,1,1,0.06242815653483073,32349
3097,327.62,0,9,-5.602,0.692599,0,3,0,0,1,1,0,0,1,7,0.04607260496252113,32358
3098,327.76,0,11,-6.34,0.692495,0,1,0,0,1,1,0,0,1,2,0.053807437335225666,32369
3099,328.05,0,21,-5.704,0.692295,0,5,1,0,1,1,0,0,2,10,0.06266587218713193,32390
3100,328.17,0,8,-5.842,0.692219,0,2,0,0,1,1,0,0,1,5,0.052261041942983866,32398
3101,328.37,0,17,-6.354,0.692057,0,2,0,0,1,1,0,0,2,7,0.052325982490883154,32415
3102,328.44,0,5,-5.062,0.69201,0,4,0,0,1,1,0,0,1,3,0.07306645959615707,32420
3103,328.58,0,12,-5.782,0.691896,0,3,0,0,1,1,0,0,1,6,0.06194017129018903,32432
3104,328.67,0,7,-5.782,0.691829,0,2,0,0,1,1,0,0,1,3,0.048427117456282885,32439
3105,329.14,0,39,-6.784,0.691459,0,5,0,0,1,1,0,0,2,17,0.05142040282058028,32478
3106,329.2,0,5,-5.362,0.691412,0,3,1,0,1,1,0,0,1,3,0.0516847737133503,32483
3107,329.26,0,5,-5.362,0.691364,0,3,0,0,1,1,0,0,1,3,0.0867587074637413,32488
3108,329.48,0,19,-5.902,0.691183,0,4,0,0,1,1,0,0,1,11,0.04541293904185295,32507
3109,329.54,0,5,-5.662,0.691136,0,2,0,0,1,1,0,0,1,3,0.07424693070352077,32512
3110,329.71,0,14,-5.902,0.691003,0,3,0,0,1,1,0,0,1,7,0.06357451887535197,32526
3111,329.78,0,6,-6.022,0.690946,0,1,0,0,1,1,0,0,1,4,0.04388848630090555,32532
3112,330.01,0,19,-6.81,0.690765,0,1,0,0,1,1,0,0,1,8,0.05723997381956954,32551
3113,330.14,0,9,-5.302,0.69068,0,4,0,0,1,1,0,0,1,5,0.05451433526145087,32560
3114,330.21,0,5,-5.062,0.690632,0,4,2,0,1,1,0,0,1,3,0.04006388038396835,32565
3115,330.27,0,5,-5.062,0.690585,0,4,0,0,1,1,0,0,1,3,0.0639751486480236,32570
3116,330.44,0,14,-5.284,0.690452,0,5,1,0,1,1,0,0,2,4,0.06738793889858893,32584
3117,330.51,0,5,-5.662,0.690404,0,2,1,0,1,1,0,0,1,3,0.056842222809791565,32589
3118,330.6,0,8,-5.542,0.690329,0,3,0,0,1,1,0,0,1,4,0.04543366748839617,32597
3119,330.67,0,5,-5.062,0.690281,0,4,0,0,1,1,0,0,1,3,0.044492094218730925,32602
3120,330.79,0,10,-5.67,0.690186,0,3,0,0,1,1,0,0,1,1,0.06995291002094746,32612
3121,330.96,0,14,-5.582,0.690053,0,4,0,0,1,1,0,0,2,2,0.0603188688733748,32626
3122,331.03,0,6,-5.422,0.689996,0,3,0,0,1,1,0,0,1,4,0.03786660358309746,32632
3123,331.13,0,8,-5.542,0.68992,0,3,0,0,1,1,0,0,1,5,0.06533890287391841,32640
3124,331.23,0,8,-5.542,0.689844,0,3,0,0,1,1,0,0,1,4,0.044896029867231846,32648
3125,331.32,0,7,-5.782,0.689777,0,2,0,0,1,1,0,0,1,3,0.0457368739215391,32655
3126,331.4,0,7,-5.482,0.689711,0,3,0,0,1,1,0,0,1,2,0.045024950456406386,32662
3127,331.5,0,8,-5.542,0.689635,0,3,0,0,1,1,0,0,1,5,0.055081398924812675,32670
3128,331.61,0,9,-5.602,0.68955,0,3,0,0,1,1,0,0,1,5,0.06857477149201764,32679
3129,331.7,0,7,-5.492,0.689483,0,3,1,0,1,1,0,0,1,2,0.06386249379387923,32686
3130,331.93,0,18,-6.114,0.689312,0,3,0,0,1,1,0,0,2,4,0.05861298843390412,32704
3131,332.0,0,5,-5.662,0.689264,0,2,1,0,1,1,0,0,1,3,0.05363285019993782,32709
3132,332.17,0,14,-5.574,0.689132,0,4,0,0,1,1,0,0,2,8,0.06568115197920374,32723
3133,332.28,0,8,-6.152,0.689056,0,1,0,0,1,1,0,0,1,1,0.06834189826622605,32731
3134,332.58,0,22,-5.754,0.688847,0,5,0,0,1,1,0,0,2,9,0.07083843504502015,32753
3135,332.92,0,27,-5.444,0.68859,0,7,1,0,1,1,0,0,3,8,0.04658707148498959,32780
3136,332.99,0,5,-5.062,0.688543,0,4,0,0,1,1,0,0,1,3,0.07202330902218819,32785
3137,333.4,0,29,-5.566,0.688267,0,7,1,0,1,1,0,0,3,10,0.06452372509600787,32814
3138,333.65,0,18,-5.532,0.688096,0,5,0,0,1,1,0,0,2,8,0.052673480111277766,32832
3139,333.84,0,13,-5.242,0.687972,0,5,0,0,1,1,0,0,1,4,0.0559160912839266,32845
3140,333.93,0,7,-5.482,0.687906,0,3,0,0,1,1,0,0,1,3,0.06305919481175286,32852
3141,334.15,0,18,-6.442,0.687735,0,2,2,0,1,1,0,0,1,12,0.047651210696332984,32870
3142,334.25,0,7,-6.082,0.687669,0,1,0,0,1,1,0,0,1,1,0.07950071431696415,32877
3143,334.33,0,6,-5.732,0.687612,0,2,0,0,1,1,0,0,1,1,0.03956075586999456,32883
3144,334.39,0,5,-5.962,0.687564,0,1,0,0,1,1,0,0,1,1,0.06123692914843559,32888
3145,334.55,0,15,-5.934,0.687422,0,3,0,0,1,1,0,0,2,7,0.04401994893948237,32903
3146,334.64,0,7,-5.482,0.687355,0,3,1,0,1,1,0,0,1,3,0.05356917317424502,32910
3147,334.77,0,11,-5.74,0.68725,0,3,0,0,1,1,0,0,1,4,0.055664869787340816,32921
3148,334.92,0,10,-5.062,0.687156,0,5,0,0,1,1,0,0,1,2,0.060078249871730806,32931
3149,335.25,0,23,-6.424,0.686937,0,3,2,0,1,1,0,0,2,9,0.06070656082390443,32954
3150,335.44,0,15,-5.962,0.686794,0,3,0,0,1,1,0,0,1,6,0.05671645303567251,32969
3151,335.52,0,6,-5.74,0.686738,0,2,0,0,1,1,0,0,1,1,0.06383991738160451,32975
3152,335.64,0,10,-6.272,0.686643,0,1,0,0,1,1,0,0,1,5,0.06151339719071984,32985
3153,335.75,0,8,-5.542,0.686567,0,3,0,0,1,1,0,0,1,4,0.08472895971499383,32993
3154,335.94,0,15,-5.962,0.686424,0,3,0,0,1,1,0,0,1,8,0.065897378201286,33008
3155,336.19,0,22,-6.682,0.686215,0,2,0,0,1,1,0,0,1,8,0.06505633137104186,33030
3156,336.35,0,13,-6.142,0.686092,0,2,0,0,1,1,0,0,1,6,0.06967681932907838,33043
3157,336.6,0,21,-6.622,0.685892,0,2,1,0,1,1,0,0,1,10,0.06373925990469399,33064
3158,336.92,0,24,-6.184,0.685664,0,4,0,0,1,1,0,0,2,6,0.0604432433222731,33088
3159,337.0,0,5,-5.362,0.685617,0,3,0,0,1,1,0,0,1,3,0.05106434673070907,33093
3160,337.38,0,26,-5.382,0.685369,0,7,0,0,1,1,0,0,3,4,0.054511505394027784,33119
3161,337.5,0,8,-5.842,0.685293,0,2,1,0,1,1,0,0,1,3,0.04916751245036721,33127
3162,337.72,0,17,-6.082,0.685132,0,3,1,0,1,1,0,0,1,9,0.057501638636869544,33144
3163,337.79,0,5,-5.062,0.685084,0,4,0,0,1,1,0,0,1,3,0.036032960191369055,33149
3164,338.05,0,19,-6.482,0.684904,0,2,0,0,1,1,0,0,2,7,0.05284798552135104,33168
3165,338.16,0,7,-5.49,0.684837,0,3,0,0,1,1,0,0,1,0,0.06993837814245905,33175
3166,338.23,0,5,-5.662,0.68479,0,2,0,0,1,1,0,0,1,0,0.06353772431612015,33180
3167,338.31,0,5,-5.062,0.684743,0,4,1,0,1,1,0,0,1,3,0.05029776096343994,33185
3168,338.37,0,5,-5.362,0.684695,0,3,0,0,1,1,0,0,1,3,0.06463681533932686,33190
3169,338.64,0,20,-6.562,0.684505,0,2,0,0,1,1,0,0,1,11,0.07246319334954024,33210
3170,338.71,0,5,-5.362,0.684457,0,3,0,0,1,1,0,0,1,3,0.08180593773722648,33215
3171,339.11,0,33,-6.714,0.684144,0,4,1,0,1,1,0,0,2,14,0.061900255580743156,33248
3172,339.2,0,7,-5.782,0.684078,0,2,0,0,1,1,0,0,1,4,0.0550448229270322,33255
3173,339.36,0,13,-6.442,0.683954,0,1,0,0,1,1,0,0,1,3,0.06877155508846045,33268
3174,339.85,0,40,-6.216,0.683574,0,7,1,0,1,1,0,0,3,19,0.06863991292193532,33308
3175,340.55,0,50,-7.134,0.683099,0,6,1,0,1,1,0,0,2,16,0.04951639732345939,33358
3176,340.86,0,22,-6.362,0.68289,0,3,1,0,1,1,0,0,2,11,0.0724882296371189,33380
3177,340.96,0,7,-6.09,0.682824,0,1,0,0,1,1,0,0,1,0,0.05250332344855581,33387
3178,341.05,0,6,-5.722,0.682767,0,2,0,0,1,1,0,0,1,4,0.0938029612104098,33393
3179,341.2,0,12,-5.782,0.682652,0,3,0,0,1,1,0,0,1,3,0.09192130481824279,33405
3180,341.27,0,6,-5.122,0.682596,0,4,0,0,1,1,0,0,1,4,0.05691676400601864,33411
3181,341.44,0,14,-5.602,0.682462,0,4,2,0,1,1,0,0,1,8,0.07137187796511821,33425
3182,341.55,0,9,-5.612,0.682377,0,3,1,0,1,1,0,0,1,2,0.06575560569763184,33434
3183,341.64,0,7,-5.182,0.682311,0,4,0,0,1,1,0,0,1,3,0.06101876018302781,33441
3184,341.73,0,7,-5.482,0.682244,0,3,0,0,1,1,0,0,1,3,0.055877297318407466,33448
3185,341.82,0,7,-5.482,0.682177,0,3,0,0,1,1,0,0,1,3,0.06082685983606747,33455
3186,342.27,0,34,-5.864,0.681855,0,7,0,0,1,1,0,0,3,9,0.05850280528230702,33489
3187,342.38,0,7,-5.482,0.681788,0,3,0,0,1,1,0,0,1,1,0.043618400182042806,33496
3188,342.58,0,14,-5.91,0.681655,0,3,0,0,1,1,0,0,1,5,0.056465186710868566,33510
3189,342.65,0,5,-5.362,0.681608,0,3,0,0,1,1,0,0,1,3,0.07292174994945526,33515
3190,343.04,0,29,-6.784,0.681332,0,3,1,0,1,1,0,0,2,12,0.07140717655420303,33544
3191,343.3,0,17,-6.082,0.681171,0,3,0,0,1,1,0,0,1,9,0.06697232533684548,33561
3192,344.01,1,50,-6.416,0.680696,1,5,1,0,1,1,0,0,3,18,0.05869089309126139,33611
3193,344.21,0,16,-6.022,0.680543,0,3,0,0,1,1,0,0,1,6,0.04812089295592159,33627
3194,344.37,0,14,-5.884,0.680411,0,3,0,0,1,1,0,0,2,4,0.05621670399393354,33641
3195,344.5,0,11,-5.422,0.680306,0,4,0,0,1,1,0,0,1,5,0.05345946872098879,33652
3196,344.72,0,19,-6.202,0.680125,0,3,0,0,1,1,0,0,1,9,0.052333164568010127,33671
3197,344.79,0,6,-5.722,0.680068,0,2,2,0,1,1,0,0,1,3,0.047924537832538285,33677
3198,344.9,0,9,-5.902,0.679983,0,2,0,0,1,1,0,0,1,5,0.07860209151274627,33686
3199,345.03,0,10,-5.662,0.679888,0,3,1,0,1,1,0,0,1,4,0.0646010035648942,33696
3200,345.1,0,6,-5.422,0.679831,0,3,1,0,1,1,0,0,1,3,0.05008214587966601,33702
3201,345.33,0,18,-5.514,0.67966,0,5,0,0,1,1,0,0,2,6,0.06486472239096959,33720
3202,345.5,0,12,-5.782,0.679546,0,3,1,0,1,1,0,0,1,7,0.0499952690054973,33732
3203,345.9,0,33,-7.624,0.679233,0,1,0,0,1,1,0,0,2,9,0.06439488155372215,33765
3204,345.96,0,5,-5.062,0.679185,0,4,0,0,1,1,0,0,1,3,0.06914296336472034,33770
3205,346.29,0,25,-5.944,0.678948,0,5,0,0,1,1,0,0,2,13,0.07440537922084331,33795
3206,346.38,0,6,-5.422,0.678891,0,3,0,0,1,1,0,0,1,2,0.05047785739103953,33801
3207,346.51,0,9,-5.902,0.678805,0,2,0,0,1,1,0,0,1,4,0.05373674051629172,33810
3208,346.58,0,5,-5.362,0.678758,0,3,0,0,1,1,0,0,1,3,0.04764175526797772,33815
3209,346.8,0,18,-5.522,0.678586,0,5,1,0,1,1,0,0,2,7,0.07095751435392433,33833
3210,346.97,0,14,-6.502,0.678454,0,1,0,0,1,1,0,0,1,3,0.07041463096226964,33847
3211,347.17,0,16,-6.022,0.678302,0,3,1,0,1,1,0,0,1,10,0.04951128055108711,33863
3212,347.3,0,11,-5.722,0.678197,0,3,0,0,1,1,0,0,1,6,0.07313587889075279,33874
3213,347.39,0,7,-5.482,0.67813,0,3,0,0,1,1,0,0,1,4,0.05392856975751264,33881
3214,347.54,0,13,-6.442,0.678007,0,1,0,0,1,1,0,0,1,6,0.06296840897546364,33894
3215,347.76,0,18,-4.314,0.677836,0,9,1,0,1,1,0,0,2,6,0.058524007339858346,33912
3216,347.93,0,14,-4.392,0.677703,0,8,1,0,1,1,0,0,2,4,0.05830602613942964,33926
3217,348.05,0,9,-6.202,0.677617,0,1,0,0,1,1,0,0,1,6,0.04848751291218731,33935
3218,348.26,0,17,-6.382,0.677456,0,2,0,0,1,1,0,0,1,11,0.05812837988795603,33952
3219,348.33,0,5,-5.062,0.677409,0,4,0,0,1,1,0,0,1,3,0.07080763317644596,33957
3220,348.44,0,9,-5.902,0.677323,0,2,0,0,1,1,0,0,1,3,0.06707745314472252,33966
3221,348.63,0,15,-6.262,0.67718,0,2,1,0,1,1,0,0,1,6,0.06274597086012364,33981
3222,348.7,0,5,-5.062,0.677133,0,4,1,0,1,1,0,0,1,3,0.053974973037838936,33986
3223,348.77,0,5,-5.662,0.677086,0,2,0,0,1,1,0,0,1,2,0.07460381910204887,33991
3224,348.89,0,10,-5.972,0.676991,0,2,0,0,1,1,0,0,1,3,0.056889533251523974,34001
3225,349.0,0,9,-6.202,0.676905,0,1,0,0,1,1,0,0,1,4,0.06482991679675049,34010
3226,349.17,1,14,-4.302,0.676772,1,5,1,0,1,1,0,0,2,2,0.043297085245805125,34024
3227,349.33,1,14,-4.274,0.676639,1,5,1,0,1,1,0,0,2,5,0.05013649817556143,34038
3228,349.51,0,16,-5.722,0.676487,0,4,0,0,1,1,0,0,1,8,0.05635022831847891,34054
3229,349.84,0,27,-6.034,0.67623,0,5,0,0,1,1,0,0,3,10,0.08203846409364983,34081
3230,350.43,1,42,-4.736,0.675832,1,9,2,0,1,1,0,0,3,18,0.06085062847428378,34123
3231,350.54,0,8,-5.542,0.675755,0,3,0,0,1,1,0,0,1,4,0.059155710972845554,34131
3232,350.64,0,8,-5.542,0.675679,0,3,0,0,1,1,0,0,1,4,0.050389364594593644,34139
3233,350.77,0,9,-5.002,0.675594,0,5,0,0,1,1,0,0,1,4,0.06118293520477083,34148
3234,350.87,0,7,-5.782,0.675528,0,2,0,0,1,1,0,0,1,2,0.0864306390285492,34155
3235,350.99,0,9,-5.602,0.675442,0,3,0,0,1,1,0,0,1,5,0.05167141039338377,34164
3236,351.07,0,7,-5.782,0.675376,0,2,0,0,1,1,0,0,1,4,0.0688266030379704,34171
3237,351.13,0,5,-5.362,0.675328,0,3,0,0,1,1,0,0,1,3,0.06339957304298878,34176
3238,351.25,0,11,-6.022,0.675223,0,2,0,0,1,1,0,0,1,4,0.06545272401788017,34187
3239,351.43,0,15,-5.342,0.675081,0,5,0,0,1,1,0,0,2,4,0.06523059805234273,34202
3240,351.6,0,14,-6.202,0.674948,0,2,0,0,1,1,0,0,1,5,0.06498091707804374,34216
3241,351.69,0,7,-5.792,0.674882,0,2,0,0,1,1,0,0,1,2,0.06251281712736402,34223
3242,352.11,0,30,-7.162,0.674597,0,2,0,0,1,1,0,0,1,11,0.059950182152291136,34253
3243,352.19,0,5,-5.062,0.674549,0,4,0,0,1,1,0,0,1,3,0.07623437866568565,34258
3244,352.3,0,8,-5.842,0.674473,0,2,0,0,1,1,0,0,1,5,0.06064284313470125,34266
3245,352.48,0,14,-5.602,0.67434,0,4,1,0,1,1,0,0,1,10,0.0761486953124404,34280
3246,352.57,0,6,-5.73,0.674283,0,2,1,0,1,1,0,0,1,1,0.0828530564904213,34286
3247,352.71,0,11,-5.722,0.674179,0,3,0,0,1,1,0,0,1,5,0.038487291810187424,34297
3248,352.83,0,9,-5.602,0.674093,0,3,0,0,1,1,0,0,1,5,0.04309683841549688,34306
3249,353.07,0,19,-5.574,0.673913,0,5,0,0,1,1,0,0,2,10,0.04928841559510482,34325
3250,353.37,0,22,-6.364,0.673704,0,3,0,0,1,1,0,0,2,6,0.05562054552137852,34347
3251,353.44,0,5,-5.362,0.673656,0,3,0,0,1,1,0,0,1,3,0.046404586732387544,34352
3252,353.79,0,28,-5.196,0.67339,0,8,0,0,1,1,0,0,3,13,0.058201974956318736,34380
3253,353.89,0,7,-5.482,0.673323,0,3,0,0,1,1,0,0,1,3,0.04580749225403581,34387
3254,353.97,0,7,-5.482,0.673257,0,3,0,0,1,1,0,0,1,2,0.055190545107637136,34394
3255,354.07,0,8,-4.642,0.673181,0,6,1,0,1,1,0,0,1,2,0.05746280075982213,34402
3256,354.29,0,19,-5.884,0.673001,0,4,1,0,1,1,0,0,2,7,0.06093148024458634,34421
3257,354.36,0,6,-5.722,0.672943,0,2,0,0,1,1,0,0,1,3,0.07032841568191846,34427
3258,354.53,0,15,-5.962,0.672801,0,3,0,0,1,1,0,0,1,6,0.05671386656661828,34442
3259,354.6,0,6,-5.732,0.672744,0,2,0,0,1,1,0,0,1,1,0.061366911977529526,34448
3260,354.9,0,24,-4.974,0.672516,0,8,1,0,1,1,0,0,3,6,0.05770341920045515,34472
3261,355.21,0,23,-7.042,0.672297,0,1,0,0,1,1,0,0,1,8,0.06056541714655316,34495
3262,355.39,0,13,-6.15,0.672174,0,2,0,0,1,1,0,0,1,2,0.06107993767811702,34508
3263,355.49,0,8,-6.142,0.672098,0,1,0,0,1,1,0,0,1,3,0.06561706634238362,34516
3264,355.57,0,6,-5.73,0.672041,0,2,1,0,1,1,0,0,1,1,0.07986768428236246,34522
3265,355.64,0,6,-5.122,0.671984,0,4,0,0,1,1,0,0,1,4,0.06768246740102768,34528
3266,355.75,0,9,-5.302,0.671898,0,4,0,0,1,1,0,0,1,3,0.05653448258009222,34537
3267,355.82,0,5,-5.662,0.671851,0,2,0,0,1,1,0,0,1,3,0.0472093366086483,34542
3268,355.88,0,5,-5.362,0.671803,0,3,0,0,1,1,0,0,1,3,0.08458147794008256,34547
3269,356.05,0,14,-5.902,0.671671,0,3,0,0,1,1,0,0,1,8,0.05962491713996444,34561
3270,356.38,0,24,-6.182,0.671442,0,4,1,0,1,1,0,0,2,8,0.05873628876482447,34585
3271,356.46,0,6,-5.73,0.671385,0,2,0,0,1,1,0,0,1,1,0.07812596981724103,34591
3272,356.63,0,14,-4.992,0.671253,0,6,0,0,1,1,0,0,2,4,0.06812232646292873,34605
3273,356.84,0,17,-5.464,0.671091,0,5,0,0,1,1,0,0,2,9,0.051551967640133464,34622
3274,356.95,0,9,-5.902,0.671006,0,2,0,0,1,1,0,0,1,4,0.04054353179203139,34631
3275,357.2,0,21,-6.622,0.670806,0,2,0,0,1,1,0,0,1,5,0.06212465003842399,34652
3276,357.46,0,20,-6.562,0.670616,0,2,0,0,1,1,0,0,1,8,0.07221808768808842,34672
3277,357.92,0,38,-6.404,0.670255,0,6,0,0,1,1,0,0,3,14,0.0605642535282593,34710
3278,358.0,0,7,-5.782,0.670189,0,2,0,0,1,1,0,0,1,1,0.07111482109342303,34717
3279,358.15,0,12,-6.1,0.670075,0,2,0,0,1,1,0,0,1,1,0.058862773391107716,34729
3280,358.53,0,30,-5.334,0.66979,0,8,0,0,1,1,0,0,3,10,0.059722407658894854,34759
3281,358.62,0,6,-5.722,0.669733,0,2,0,0,1,1,0,0,1,5,0.07056558380524318,34765
3282,358.69,0,5,-5.662,0.669685,0,2,0,0,1,1,0,0,1,4,0.0677056610584259,34770
3283,358.86,0,13,-6.142,0.669562,0,2,0,0,1,1,0,0,1,8,0.05837847650624239,34783
3284,358.93,0,6,-5.73,0.669505,0,2,0,0,1,1,0,0,1,1,0.06481168915828069,34789
3285,359.03,0,8,-4.942,0.669428,0,5,0,0,1,1,0,0,1,4,0.05512635596096516,34797
3286,359.16,0,11,-5.722,0.669324,0,3,1,0,1,1,0,0,1,5,0.06642967327074571,34808
3287,359.24,0,6,-5.122,0.669267,0,4,0,0,1,1,0,0,1,4,0.04903111606836319,34814
3288,359.38,0,12,-6.382,0.669153,0,1,0,0,1,1,0,0,1,3,0.060003004812945925,34826
3289,359.52,0,13,-5.542,0.66903,0,4,0,0,1,1,0,0,1,5,0.05190183394230329,34839
3290,359.58,0,5,-5.662,0.668982,0,2,0,0,1,1,0,0,1,2,0.08828848302364349,34844
3291,359.68,0,8,-5.842,0.668906,0,2,1,0,1,1,0,0,1,4,0.04072715458460152,34852
3292,359.81,0,11,-5.722,0.668802,0,3,0,0,1,1,0,0,1,7,0.03638266382569617,34863
3293,359.87,0,5,-5.362,0.668754,0,3,0,0,1,1,0,0,1,3,0.032351909950375554,34868
3294,359.97,0,8,-5.852,0.668678,0,2,1,0,1,1,0,0,1,1,0.05083954427391291,34876
3295,360.05,0,7,-5.792,0.668612,0,2,1,0,1,1,0,0,1,2,0.05290964724762099,34883
3296,360.14,0,7,-5.482,0.668545,0,3,0,0,1,1,0,0,1,4,0.061758214607834816,34890
3297,360.34,0,17,-5.762,0.668384,0,4,0,0,1,1,0,0,2,6,0.04579891390441095,34907
3298,360.5,0,14,-6.202,0.66825,0,2,0,0,1,1,0,0,1,6,0.058797668399555345,34921
3299,360.58,0,6,-5.722,0.668193,0,2,0,0,1,1,0,0,1,4,0.07375543937087059,34927
3300,360.85,0,20,-5.944,0.668003,0,4,0,0,1,1,0,0,2,13,0.05413550287485123,34947
3301,360.97,0,8,-6.142,0.667928,0,1,0,0,1,1,0,0,1,3,0.07162337773479521,34955
3302,361.03,0,5,-5.662,0.66788,0,2,0,0,1,1,0,0,1,3,0.04600698687136173,34960
3303,361.11,0,6,-5.722,0.667823,0,2,0,0,1,1,0,0,1,4,0.07319734493891399,34966
3304,361.17,0,5,-5.362,0.667776,0,3,0,0,1,1,0,0,1,3,0.08038855865597724,34971
3305,361.31,0,10,-5.662,0.667681,0,3,0,0,1,1,0,0,1,4,0.05145073458552361,34981
3306,361.43,0,9,-5.602,0.667595,0,3,0,0,1,1,0,0,1,5,0.06400601172612773,34990
3307,361.68,0,22,-5.154,0.667386,0,7,0,0,1,1,0,0,2,6,0.05752128129824996,35012
3308,362.01,1,28,-5.714,0.66712,1,3,1,0,1,1,0,0,2,12,0.05619332696577268,35040
3309,362.07,0,5,-5.662,0.667072,0,2,0,0,1,1,0,0,1,0,0.05783865675330162,35045
3310,362.26,0,16,-6.022,0.666921,0,3,1,0,1,1,0,0,1,10,0.07086150103714317,35061
3311,362.35,0,7,-5.482,0.666854,0,3,0,0,1,1,0,0,1,4,0.04810669565839427,35068
3312,362.46,0,9,-5.902,0.666768,0,2,1,0,1,1,0,0,1,4,0.07375774077243274,35077
3313,362.61,0,13,-5.542,0.666645,0,4,0,0,1,1,0,0,1,7,0.052817049651191786,35090
3314,362.67,0,5,-5.662,0.666597,0,2,1,0,1,1,0,0,1,2,0.06182358041405678,35095
3315,362.76,0,7,-5.49,0.666531,0,3,0,0,1,1,0,0,1,2,0.039661839338285584,35102
3316,362.86,0,8,-5.242,0.666455,0,4,0,0,1,1,0,0,1,2,0.055557094514369965,35110
3317,362.98,0,10,-5.962,0.66636,0,2,0,0,1,1,0,0,1,5,0.0609483839944005,35120
3318,363.43,0,33,-6.404,0.666046,0,5,0,0,1,1,0,0,3,14,0.08026746124254935,35153
3319,363.65,0,15,-6.252,0.665904,0,2,0,0,1,1,0,0,2,5,0.06448528052618106,35168
3320,364.23,1,44,-6.672,0.665486,1,3,1,0,1,1,0,0,3,17,0.05490195423110642,35212
3321,364.73,0,42,-5.134,0.665087,0,11,2,0,1,1,0,0,4,10,0.05858097881788299,35254
3322,364.82,0,7,-5.482,0.665021,0,3,0,0,1,1,0,0,1,3,0.03273786644318274,35261
3323,364.89,0,6,-5.722,0.664964,0,2,0,0,1,1,0,0,1,3,0.05143593562146028,35267
3324,364.98,0,7,-5.782,0.664897,0,2,1,0,1,1,0,0,1,4,0.07020691782236099,35274
3325,365.16,0,15,-5.962,0.664755,0,3,1,0,1,1,0,0,1,4,0.06923040474454561,35289
3326,365.28,0,9,-5.302,0.664669,0,4,0,0,1,1,0,0,1,5,0.04839949687528941,35298
3327,365.34,0,5,-5.362,0.664621,0,3,0,0,1,1,0,0,1,3,0.04662306718528271,35303
3328,365.55,0,18,-5.832,0.664451,0,4,0,0,1,1,0,0,2,6,0.07215594443389112,35321
3329,365.64,0,8,-5.852,0.664375,0,2,0,0,1,1,0,0,1,3,0.03723979683127254,35329
3330,365.78,0,11,-5.722,0.66427,0,3,0,0,1,1,0,0,1,4,0.0576912620189515,35340
3331,366.5,0,53,-6.096,0.663766,0,10,1,0,1,1,0,0,3,27,0.06831302950685879,35393
3332,366.86,0,25,-6.862,0.663529,0,2,0,0,1,1,0,0,1,14,0.07099137730896472,35418
3333,367.0,0,10,-5.662,0.663434,0,3,0,0,1,1,0,0,1,4,0.08431421108543873,35428
3334,367.07,0,5,-5.362,0.663387,0,3,0,0,1,1,0,0,1,3,0.05408641248941422,35433
3335,367.18,0,9,-5.902,0.663301,0,2,0,0,1,1,0,0,1,3,0.0751808811393049,35442
3336,367.29,0,9,-5.302,0.663215,0,4,1,0,1,1,0,0,1,5,0.07131503481003973,35451
3337,367.55,0,21,-5.994,0.663016,0,4,2,0,1,1,0,0,2,10,0.06380925336409182,35472
3338,367.65,0,6,-5.722,0.662959,0,2,0,0,1,1,0,0,1,2,0.046619229950010777,35478
3339,367.77,0,8,-5.842,0.662883,0,2,0,0,1,1,0,0,1,4,0.0848131338134408,35486
3340,367.85,0,6,-5.422,0.662826,0,3,0,0,1,1,0,0,1,4,0.0777575708925724,35492
3341,367.92,0,5,-5.062,0.662778,0,4,0,0,1,1,0,0,1,3,0.05608735680580139,35497
3342,367.99,0,5,-5.662,0.662731,0,2,0,0,1,1,0,0,1,3,0.055487816035747525,35502
3343,368.05,0,5,-5.062,0.662683,0,4,0,0,1,1,0,0,1,3,0.0635511189699173,35507
3344,368.13,0,6,-5.43,0.662627,0,3,0,0,1,1,0,0,1,1,0.06684594539304574,35513
3345,368.19,0,5,-5.362,0.662579,0,3,0,0,1,1,0,0,1,3,0.05982156209647656,35518
3346,368.92,0,59,-7.326,0.662019,0,7,1,0,1,1,0,0,5,20,0.06074587833452023,35577
3347,369.07,0,12,-5.482,0.661905,0,4,1,0,1,1,0,0,1,4,0.07038539260004957,35589
3348,369.23,0,13,-6.442,0.661781,0,1,0,0,1,1,0,0,1,4,0.05913982977374242,35602
3349,369.35,0,10,-5.362,0.661686,0,4,0,0,1,1,0,0,1,4,0.04596908893436193,35612
3350,369.71,0,31,-4.774,0.661391,0,10,0,0,1,1,0,0,3,13,0.06185752210477667,35643
3351,369.77,0,5,-5.362,0.661344,0,3,0,0,1,1,0,0,1,3,0.06918553337454796,35648
3352,369.84,0,5,-5.362,0.661296,0,3,0,0,1,1,0,0,1,4,0.0707259876653552,35653
3353,370.25,2,34,-3.256,0.660973,2,9,2,0,1,1,0,0,3,10,0.0655148388708339,35687
3354,370.49,1,20,-4.942,0.660783,1,4,2,0,1,1,0,0,2,6,0.05879438589327037,35707
3355,370.76,0,22,-6.682,0.660575,0,2,0,0,1,1,0,0,1,15,0.057231948541646656,35729
3356,370.83,0,5,-5.362,0.660527,0,3,0,0,1,1,0,0,1,3,0.08859919011592865,35734
3357,371.08,0,20,-5.944,0.660337,0,4,0,0,1,1,0,0,2,9,0.059311308059841396,35754
3358,371.3,0,17,-6.382,0.660176,0,2,0,0,1,1,0,0,1,4,0.06154935620725155,35771
3359,371.55,0,18,-4.614,0.660005,0,8,0,0,1,1,0,0,2,8,0.05459458391285605,35789
3360,371.71,0,12,-5.782,0.659891,0,3,0,0,1,1,0,0,1,2,0.05351592367514968,35801
3361,371.77,0,5,-5.962,0.659843,0,1,0,0,1,1,0,0,1,1,0.03664991669356823,35806
3362,372.09,0,26,-6.294,0.659596,0,4,1,0,1,1,0,0,2,11,0.07508543878793716,35832
3363,372.49,0,27,-6.064,0.659339,0,5,0,0,1,1,0,0,2,14,0.06017112718136222,35859
3364,372.58,0,7,-6.092,0.659273,0,1,0,0,1,1,0,0,1,2,0.09015638540898051,35866
3365,372.65,0,5,-5.362,0.659226,0,3,0,0,1,1,0,0,1,1,0.0514367550611496,35871
3366,372.74,0,7,-5.482,0.659159,0,3,0,0,1,1,0,0,1,3,0.0543791867260422,35878
3367,373.0,0,22,-5.134,0.65895,0,7,1,0,1,1,0,0,3,5,0.06953254811973734,35900
3368,373.11,0,8,-5.242,0.658874,0,4,0,0,1,1,0,0,1,4,0.05934003088623285,35908
3369,373.22,0,9,-4.712,0.658788,0,6,0,0,1,1,0,0,1,2,0.04345319285574886,35917
3370,373.33,0,9,-5.602,0.658703,0,3,0,0,1,1,0,0,1,5,0.047612977110677294,35926
3371,373.44,0,9,-5.912,0.658618,0,2,0,0,1,1,0,0,1,2,0.06422546381751697,35935
3372,373.67,0,19,-6.202,0.658437,0,3,1,0,1,1,0,0,1,11,0.06611987487658073,35954
3373,373.77,0,8,-5.552,0.658361,0,3,0,0,1,1,0,0,1,3,0.09689584653824568,35962
3374,374.14,0,28,-6.714,0.658095,0,3,0,0,1,1,0,0,2,5,0.06654207661215748,35990
3375,374.23,0,6,-5.122,0.658038,0,4,0,0,1,1,0,0,1,4,0.06481459519515435,35996
3376,374.34,0,8,-5.242,0.657962,0,4,0,0,1,1,0,0,1,4,0.06130096549168229,36004
3377,374.44,0,9,-5.602,0.657876,0,3,0,0,1,1,0,0,1,5,0.04285129656394323,36013
3378,374.57,0,11,-5.722,0.657772,0,3,1,0,1,1,0,0,1,5,0.051146932115608994,36024
3379,374.69,0,10,-5.672,0.657677,0,3,0,0,1,1,0,0,1,3,0.07211225554347038,36034
3380,374.79,0,8,-5.552,0.657601,0,3,0,0,1,1,0,0,1,3,0.07054734928533435,36042
3381,374.87,0,7,-5.792,0.657535,0,2,0,0,1,1,0,0,1,2,0.06028804715190615,36049
3382,375.22,0,26,-5.984,0.657288,0,5,1,0,1,1,0,0,3,9,0.06594694312661886,36075
3383,375.41,0,12,-5.482,0.657173,0,4,0,0,1,1,0,0,1,8,0.06272454202796023,36087
3384,375.56,0,10,-5.962,0.657079,0,2,2,0,1,1,0,0,1,6,0.06488306913524866,36097
3385,375.63,0,5,-5.362,0.657031,0,3,1,0,1,1,0,0,1,3,0.05321508049964905,36102
3386,375.75,0,8,-5.542,0.656955,0,3,0,0,1,1,0,0,1,3,0.060910583240911365,36110
3387,375.88,0,9,-5.602,0.656869,0,3,0,0,1,1,0,0,1,8,0.061271858815517694,36119
3388,376.1,0,16,-6.622,0.656718,0,1,0,0,1,1,0,0,1,5,0.08848851185757667,36135
3389,376.16,0,5,-5.362,0.65667,0,3,0,0,1,1,0,0,1,3,0.034296504221856594,36140
3390,376.36,0,17,-5.764,0.656508,0,4,0,0,1,1,0,0,2,8,0.047075774520635605,36157
3391,376.42,0,5,-5.362,0.656461,0,3,0,0,1,1,0,0,1,3,0.03505843728780746,36162
3392,377.03,1,42,-5.934,0.656062,1,5,1,0,1,1,0,0,4,16,0.05961981814886842,36204
3393,377.11,0,5,-5.062,0.656014,0,4,0,0,1,1,0,0,1,3,0.08163238316774368,36209
3394,377.31,0,14,-5.902,0.655882,0,3,1,0,1,1,0,0,1,4,0.0461889100926263,36223
3395,377.39,0,5,-5.362,0.655834,0,3,0,0,1,1,0,0,1,3,0.06958951950073242,36228
3396,377.56,0,11,-5.73,0.65573,0,3,0,0,1,1,0,0,1,0,0.04602724897929213,36239
3397,377.65,0,7,-5.482,0.655663,0,3,0,0,1,1,0,0,1,3,0.04582254109638078,36246
3398,377.71,0,5,-5.062,0.655616,0,4,2,0,1,1,0,0,1,3,0.05053945928812027,36251
3399,377.79,0,6,-5.722,0.655558,0,2,0,0,1,1,0,0,1,3,0.05458755325525999,36257
3400,377.95,1,13,-4.524,0.655435,1,4,1,0,1,1,0,0,2,4,0.06784874917222904,36270
3401,378.2,0,21,-6.312,0.655236,0,3,0,0,1,1,0,0,2,10,0.05421372228080318,36291
3402,378.3,0,8,-5.852,0.65516,0,2,0,0,1,1,0,0,1,3,0.05706121423281729,36299
3403,378.45,0,13,-5.542,0.655036,0,4,0,0,1,1,0,0,1,5,0.0594063804556544,36312
3404,378.53,0,7,-5.782,0.654969,0,2,0,0,1,1,0,0,1,4,0.03574136192245143,36319
3405,378.63,0,8,-5.542,0.654894,0,3,0,0,1,1,0,0,1,4,0.03544897411484271,36327
3406,378.69,0,5,-5.662,0.654846,0,2,0,0,1,1,0,0,1,3,0.03020656146109104,36332
3407,378.76,0,6,-5.73,0.654789,0,2,0,0,1,1,0,0,1,1,0.059190704487264156,36338
3408,378.89,0,11,-5.722,0.654685,0,3,0,0,1,1,0,0,1,6,0.03959784944626418,36349
3409,379.23,0,28,-6.132,0.654419,0,5,0,0,1,1,0,0,2,16,0.06715289157416139,36377
3410,379.29,0,5,-5.662,0.654371,0,2,0,0,1,1,0,0,1,3,0.06553963422775269,36382
3411,379.36,0,6,-5.422,0.654314,0,3,0,0,1,1,0,0,1,4,0.05562417240192493,36388
3412,379.58,0,20,-6.234,0.654124,0,3,2,0,1,1,0,0,2,13,0.06485044518485665,36408
3413,379.69,0,9,-5.91,0.654038,0,2,0,0,1,1,0,0,1,2,0.08302067675524288,36417
3414,379.81,0,10,-5.962,0.653944,0,2,0,0,1,1,0,0,1,3,0.07692116294056177,36427
3415,379.93,0,9,-5.902,0.653858,0,2,0,0,1,1,0,0,1,3,0.04143859673705366,36436
3416,380.05,0,10,-6.262,0.653763,0,1,0,0,1,1,0,0,1,5,0.05791110815480351,36446
3417,380.12,0,5,-5.062,0.653716,0,4,1,0,1,1,0,0,1,3,0.05110570825636387,36451
3418,380.25,0,11,-6.032,0.653611,0,2,0,0,1,1,0,0,1,2,0.06349574503573505,36462
3419,380.32,0,5,-5.062,0.653563,0,4,0,0,1,1,0,0,1,3,0.07310450654476881,36467
3420,380.39,0,6,-6.022,0.653506,0,1,0,0,1,1,0,0,1,2,0.09694577070573966,36473
3421,380.76,0,30,-5.024,0.653222,0,9,0,0,1,1,0,0,3,10,0.06354116518050432,36503
3422,380.98,0,15,-6.262,0.653079,0,2,0,0,1,1,0,0,1,5,0.049078098374108474,36518
3423,381.12,0,10,-5.672,0.652984,0,3,1,0,1,1,0,0,1,3,0.06930761374533176,36528
3424,381.65,0,36,-5.974,0.652642,0,7,0,0,1,1,0,0,4,10,0.05977386450912389,36564
3425,381.77,0,8,-5.542,0.652566,0,3,0,0,1,1,0,0,1,4,0.058001458179205656,36572
3426,381.9,0,9,-5.302,0.652481,0,4,2,0,1,1,0,0,1,5,0.043574695164958634,36581
3427,381.97,0,5,-5.362,0.652433,0,3,0,0,1,1,0,0,1,1,0.033582772873342034,36586
3428,382.14,0,14,-4.974,0.6523,0,6,0,0,1,1,0,0,2,6,0.06289768458477088,36600
3429,382.25,0,9,-5.602,0.652214,0,3,0,0,1,1,0,0,1,5,0.06670427094731066,36609
3430,382.34,0,7,-5.782,0.652148,0,2,0,0,1,1,0,0,1,4,0.05948767252266407,36616
3431,382.42,0,7,-5.792,0.652081,0,2,0,0,1,1,0,0,1,2,0.08229214964168412,36623
3432,382.61,0,16,-5.722,0.65193,0,4,1,0,1,1,0,0,1,6,0.06600449315737933,36639
3433,382.94,0,26,-5.094,0.651683,0,8,0,0,1,1,0,0,2,16,0.05955963091065104,36665
3434,383.03,0,8,-5.842,0.651606,0,2,0,0,1,1,0,0,1,5,0.06358470604754984,36673
3435,383.12,0,7,-5.482,0.65154,0,3,0,0,1,1,0,0,1,3,0.05512304337961333,36680
3436,383.26,0,11,-5.422,0.651436,0,4,1,0,1,1,0,0,1,7,0.052359649996188556,36691
3437,383.34,0,6,-5.722,0.651378,0,2,0,0,1,1,0,0,1,3,0.07583004919191201,36697
3438,383.42,0,7,-5.782,0.651312,0,2,0,0,1,1,0,0,1,4,0.07716480482901845,36704
3439,383.52,0,8,-5.242,0.651236,0,4,1,0,1,1,0,0,1,4,0.041102469665929675,36712
3440,383.63,0,9,-5.602,0.65115,0,3,0,0,1,1,0,0,1,2,0.05134453479614523,36721
3441,383.75,0,10,-5.662,0.651056,0,3,0,0,1,1,0,0,1,6,0.07145842276513577,36731
3442,383.85,0,8,-6.142,0.65098,0,1,0,0,1,1,0,0,1,3,0.0708354664966464,36739
3443,384.04,0,16,-4.512,0.650828,0,8,0,0,1,1,0,0,2,7,0.05530149664264172,36755
3444,384.17,0,10,-4.762,0.650733,0,6,0,0,1,1,0,0,1,6,0.05893152169883251,36765
3445,384.28,0,9,-5.602,0.650647,0,3,0,0,1,1,0,0,1,5,0.07439593950079547,36774
3446,384.41,0,12,-5.782,0.650533,0,3,1,0,1,1,0,0,1,6,0.054588340843717255,36786
3447,384.49,0,7,-5.482,0.650467,0,3,1,0,1,1,0,0,1,3,0.055709444518600194,36793
3448,384.58,0,8,-5.842,0.650391,0,2,0,0,1,1,0,0,1,3,0.047892015427351,36801
3449,384.72,0,12,-6.082,0.650276,0,2,0,0,1,1,0,0,1,6,0.056543230544775724,36813
3450,384.83,0,9,-5.602,0.650191,0,3,0,0,1,1,0,0,1,2,0.07062820779780547,36822
3451,385.01,0,15,-4.434,0.650049,0,8,0,0,1,1,0,0,2,5,0.04998942278325558,36837
3452,385.16,0,12,-6.082,0.649935,0,2,1,0,1,1,0,0,1,2,0.06105877901427448,36849
3453,385.39,0,18,-5.824,0.649763,0,4,1,0,1,1,0,0,2,5,0.05526449179483785,36867
3454,385.46,0,6,-5.122,0.649706,0,4,1,0,1,1,0,0,1,4,0.07455680208901565,36873
3455,385.62,0,13,-6.142,0.649583,0,2,0,0,1,1,0,0,1,8,0.039168292799821265,36886
3456,385.72,0,7,-5.482,0.649517,0,3,1,0,1,1,0,0,1,3,0.07759328186511993,36893
3457,385.89,0,15,-5.97,0.649374,0,3,0,0,1,1,0,0,1,6,0.06089754564066728,36908
3458,385.95,0,5,-5.062,0.649327,0,4,1,0,1,1,0,0,1,3,0.07569506317377091,36913
3459,386.01,0,5,-5.062,0.649279,0,4,1,0,1,1,0,0,1,3,0.0758944671601057,36918
3460,386.35,0,27,-6.036,0.649023,0,5,1,0,1,1,0,0,3,10,0.061061070680066394,36945
3461,386.56,0,16,-6.322,0.648871,0,2,0,0,1,1,0,0,1,6,0.07845048949820921,36961
3462,386.67,0,7,-5.482,0.648804,0,3,0,0,1,1,0,0,1,2,0.07052415449704443,36968
3463,386.81,0,11,-5.73,0.648699,0,3,0,0,1,1,0,0,1,0,0.04561747153374282,36979
3464,386.94,0,10,-6.572,0.648605,0,0,0,0,1,1,0,0,1,5,0.07109598573297263,36989
3465,387.07,0,11,-5.422,0.6485,0,4,0,0,1,1,0,0,1,5,0.06476903926919807,37000
3466,387.17,0,8,-5.842,0.648424,0,2,1,0,1,1,0,0,1,5,0.07121716812252998,37008
3467,387.27,0,8,-5.842,0.648348,0,2,0,0,1,1,0,0,1,4,0.057398050324991345,37016
3468,387.39,0,10,-5.062,0.648253,0,5,0,0,1,1,0,0,1,3,0.08373817764222621,37026
3469,387.45,0,5,-5.062,0.648205,0,4,1,0,1,1,0,0,1,3,0.07833897322416306,37031
3470,387.61,0,13,-5.842,0.648082,0,3,0,0,1,1,0,0,1,8,0.06275069212111142,37044
3471,387.73,0,9,-5.902,0.647996,0,2,1,0,1,1,0,0,1,2,0.06268335547712114,37053
3472,387.82,0,7,-5.782,0.64793,0,2,0,0,1,1,0,0,1,3,0.07785203973097461,37060
3473,387.96,0,12,-5.782,0.647816,0,3,0,0,1,1,0,0,1,6,0.06755594350397587,37072
3474,388.13,0,14,-5.92,0.647683,0,3,0,0,1,1,0,0,1,3,0.04696438940508025,37086
3475,388.28,0,12,-6.092,0.647569,0,2,0,0,1,1,0,0,1,5,0.0609625739355882,37098
3476,388.35,0,6,-5.732,0.647512,0,2,0,0,1,1,0,0,1,1,0.0553833432495594,37104
3477,388.47,0,10,-5.362,0.647417,0,4,0,0,1,1,0,0,1,4,0.06935981325805188,37114
3478,388.76,1,22,-3.834,0.647208,1,8,1,0,1,1,0,0,3,7,0.06612717728553848,37136
3479,388.96,0,16,-6.022,0.647056,0,3,1,0,1,1,0,0,1,5,0.06125303532462567,37152
3480,389.12,0,14,-5.902,0.646923,0,3,0,0,1,1,0,0,1,8,0.05250179701085601,37166
3481,389.31,0,16,-5.094,0.646771,0,6,0,0,1,1,0,0,2,7,0.05501030862797052,37182
3482,389.36,0,5,-5.662,0.646724,0,2,0,0,1,1,0,0,1,2,0.0481782240793109,37187
3483,389.42,0,5,-5.662,0.646676,0,2,0,0,1,1,0,0,1,3,0.07252238690853119,37192
3484,389.53,0,9,-5.602,0.646591,0,3,0,0,1,1,0,0,1,2,0.07618900802400377,37201
3485,389.63,0,9,-5.012,0.646505,0,5,1,0,1,1,0,0,1,0,0.06372505964504348,37210
3486,389.7,0,5,-5.662,0.646458,0,2,0,0,1,1,0,0,1,3,0.07090349420905113,37215
3487,390.38,1,51,-6.758,0.645973,1,4,1,0,1,1,0,0,4,15,0.06829550975531924,37266
3488,390.7,0,25,-6.534,0.645736,0,3,0,0,1,1,0,0,2,8,0.051906561627984044,37291
3489,391.02,0,26,-6.594,0.645489,0,3,0,0,1,1,0,0,2,12,0.06509275666366403,37317
3490,391.1,0,6,-5.422,0.645431,0,3,1,0,1,1,0,0,1,4,0.053951531648635864,37323
3491,391.24,0,11,-5.722,0.645327,0,3,0,0,1,1,0,0,1,3,0.057653768326748504,37334
3492,391.3,0,5,-5.062,0.64528,0,4,0,0,1,1,0,0,1,3,0.02433951199054718,37339
3493,391.55,0,20,-6.544,0.64509,0,2,0,0,1,1,0,0,2,5,0.061297320574522016,37359
3494,391.77,0,16,-5.722,0.644937,0,4,0,0,1,1,0,0,1,8,0.035622292663902044,37375
3495,391.99,0,15,-4.134,0.644795,0,9,1,0,1,1,0,0,2,7,0.07879505207141241,37390
3496,392.2,0,17,-6.082,0.644634,0,3,0,0,1,1,0,0,1,9,0.07193252290872966,37407
3497,392.32,0,10,-5.962,0.644539,0,2,1,0,1,1,0,0,1,5,0.06927412450313568,37417
3498,392.39,0,5,-5.062,0.644491,0,4,0,0,1,1,0,0,1,3,0.04719777293503284,37422
3499,392.48,0,7,-5.482,0.644424,0,3,0,0,1,1,0,0,1,5,0.038444716217262406,37429
3500,392.85,0,30,-5.644,0.64414,0,7,1,0,1,1,0,0,2,13,0.0569054229495426,37459
3501,392.95,0,8,-5.842,0.644064,0,2,1,0,1,1,0,0,1,4,0.05202578427270055,37467
3502,393.01,0,5,-5.362,0.644016,0,3,0,0,1,1,0,0,1,3,0.07169907614588737,37472
3503,393.18,0,13,-6.152,0.643892,0,2,0,0,1,1,0,0,1,4,0.05782534683553072,37485
3504,393.26,0,7,-5.482,0.643826,0,3,0,0,1,1,0,0,1,2,0.0666810448414513,37492
3505,393.35,0,7,-5.182,0.64376,0,4,0,0,1,1,0,0,1,3,0.060276965610682964,37499
3506,393.61,0,22,-6.672,0.643551,0,2,0,0,1,1,0,0,2,5,0.06054097922010855,37521
3507,393.86,0,22,-5.474,0.643342,0,6,1,0,1,1,0,0,2,4,0.059963520277630196,37543
3508,393.98,0,9,-5.602,0.643256,0,3,0,0,1,1,0,0,1,7,0.07664133918782075,37552
3509,394.1,0,10,-5.362,0.643161,0,4,0,0,1,1,0,0,1,4,0.07700057290494441,37562
3510,394.2,0,8,-5.242,0.643085,0,4,0,0,1,1,0,0,1,4,0.054140868596732616,37570
3511,394.36,0,13,-6.142,0.642961,0,2,0,0,1,1,0,0,1,5,0.06449188764851826,37583
3512,394.47,0,10,-6.262,0.642867,0,1,0,0,1,1,0,0,1,5,0.06847151592373849,37593
3513,394.57,0,8,-5.842,0.642791,0,2,1,0,1,1,0,0,1,2,0.05669610877521336,37601
3514,394.71,0,12,-5.782,0.642676,0,3,0,0,1,1,0,0,1,6,0.054832048869381346,37613
3515,395.11,0,33,-5.786,0.642363,0,7,1,0,1,1,0,0,3,14,0.06118495903457656,37646
3516,395.33,0,18,-6.452,0.642192,0,2,0,0,1,1,0,0,1,5,0.060219161264184445,37664
3517,395.43,0,8,-5.242,0.642116,0,4,0,0,1,1,0,0,1,4,0.05215941811911762,37672
3518,395.55,0,10,-5.662,0.642021,0,3,0,0,1,1,0,0,1,2,0.06623175423592328,37682
3519,395.63,0,6,-5.122,0.641964,0,4,0,0,1,1,0,0,1,4,0.05429039864490429,37688
3520,395.81,0,15,-5.962,0.641822,0,3,1,0,1,1,0,0,1,10,0.04758998540540536,37703
3521,395.89,0,6,-5.422,0.641765,0,3,0,0,1,1,0,0,1,4,0.0613406157741944,37709
3522,395.95,0,5,-5.362,0.641717,0,3,0,0,1,1,0,0,1,2,0.08689108714461327,37714
3523,396.12,0,14,-5.902,0.641584,0,3,0,0,1,1,0,0,1,5,0.07098873984068632,37728
3524,396.32,0,15,-5.662,0.641441,0,4,0,0,1,1,0,0,1,2,0.054653030013044675,37743
3525,396.38,0,5,-5.662,0.641394,0,2,0,0,1,1,0,0,1,2,0.10049275755882263,37748
3526,396.46,0,7,-5.782,0.641328,0,2,0,0,1,1,0,0,1,3,0.055483728647232056,37755
3527,396.61,0,13,-6.452,0.641204,0,1,0,0,1,1,0,0,1,2,0.06324837371133842,37768
3528,396.75,0,12,-6.082,0.64109,0,2,1,0,1,1,0,0,1,5,0.06821682676672935,37780
3529,397.19,0,34,-6.148,0.640767,0,6,1,0,1,1,0,0,4,14,0.05034228767651845,37814
3530,397.28,0,7,-5.782,0.640701,0,2,0,0,1,1,0,0,1,0,0.07134298980236053,37821
3531,397.45,0,14,-5.002,0.640567,0,6,0,0,1,1,0,0,1,5,0.06488397584429809,37835
3532,397.8,0,25,-6.562,0.64033,0,3,0,0,1,1,0,0,1,11,0.06857410192489624,37860
3533,397.98,0,14,-5.902,0.640197,0,3,0,0,1,1,0,0,1,6,0.07206346653401852,37874
3534,398.08,0,8,-5.842,0.640121,0,2,0,0,1,1,0,0,1,4,0.08476507337763906,37882
3535,398.14,0,5,-5.062,0.640073,0,4,0,0,1,1,0,0,1,3,0.04083491563796997,37887
3536,398.23,0,7,-5.182,0.640007,0,4,0,0,1,1,0,0,1,2,0.0792335035013301,37894
3537,398.41,0,14,-6.21,0.639874,0,2,0,0,1,1,0,0,1,3,0.05702856748497912,37908
3538,398.51,0,8,-5.842,0.639798,0,2,0,0,1,1,0,0,1,3,0.059224736876785755,37916
3539,398.64,0,9,-5.602,0.639713,0,3,0,0,1,1,0,0,1,5,0.06085182291766008,37925
3540,398.71,0,5,-5.362,0.639665,0,3,0,0,1,1,0,0,1,1,0.03390742763876915,37930
3541,399.65,2,73,-4.35,0.638972,2,13,3,0,1,1,0,0,5,22,0.06235604998591828,38003
3542,399.76,0,8,-5.542,0.638896,0,3,0,0,1,1,0,0,1,1,0.06122548435814679,38011
3543,399.96,0,15,-5.962,0.638753,0,3,1,0,1,1,0,0,1,5,0.05571090566615264,38026
3544,400.03,0,5,-5.372,0.638706,0,3,0,0,1,1,0,0,1,0,0.07592090219259262,38031
3545,400.21,0,13,-5.842,0.638582,0,3,1,0,1,1,0,0,1,8,0.0684675660270911,38044
3546,400.28,0,5,-5.062,0.638535,0,4,0,0,1,1,0,0,1,3,0.05769704934209585,38049
3547,400.42,0,12,-6.082,0.638421,0,2,0,0,1,1,0,0,1,3,0.07907149661332369,38061
3548,400.52,0,8,-5.242,0.638345,0,4,0,0,1,1,0,0,1,4,0.0606346681015566,38069
3549,400.68,0,12,-5.782,0.638231,0,3,1,0,1,1,0,0,1,5,0.04044058367920419,38081
3550,401.02,0,28,-7.014,0.637965,0,2,0,0,1,1,0,0,2,8,0.05881293736664312,38109
3551,401.15,0,9,-5.602,0.637879,0,3,0,0,1,1,0,0,1,4,0.05100904777646065,38118
3552,401.28,0,9,-5.002,0.637794,0,5,0,0,1,1,0,0,1,1,0.0534297465864155,38127
3553,401.56,0,21,-6.004,0.637594,0,4,0,0,1,1,0,0,2,4,0.05683296342335996,38148
3554,401.71,0,10,-5.962,0.637499,0,2,0,0,1,1,0,0,1,6,0.06323580201715231,38158
3555,401.79,0,6,-5.432,0.637442,0,3,0,0,1,1,0,0,1,1,0.058676774613559246,38164
3556,401.9,0,8,-5.542,0.637366,0,3,0,0,1,1,0,0,1,5,0.05923000362236053,38172
3557,402.5,0,40,-6.254,0.636986,0,7,1,0,1,1,0,0,2,22,0.050867820775602014,38212
3558,402.7,0,15,-5.934,0.636844,0,3,0,0,1,1,0,0,2,8,0.06187263280153275,38227
3559,402.81,0,7,-5.182,0.636777,0,4,0,0,1,1,0,0,1,3,0.06330612834010806,38234
3560,403.13,0,24,-6.164,0.636549,0,4,0,0,1,1,0,0,3,7,0.052160928452697895,38258
3561,403.38,0,17,-6.382,0.636388,0,2,1,0,1,1,0,0,1,0,0.06764315035851563,38275
3562,403.5,0,8,-5.542,0.636312,0,3,0,0,1,1,0,0,1,4,0.06615185784175992,38283
3563,403.58,0,5,-5.662,0.636264,0,2,0,0,1,1,0,0,1,3,0.047181906178593636,38288
3564,403.66,0,5,-5.362,0.636216,0,3,0,0,1,1,0,0,1,3,0.10169996917247773,38293
3565,403.77,0,9,-5.602,0.636131,0,3,0,0,1,1,0,0,1,5,0.06557747142182456,38302
3566,403.84,0,5,-5.362,0.636084,0,3,0,0,1,1,0,0,1,3,0.06324315778911113,38307
3567,403.95,0,9,-5.912,0.635998,0,2,0,0,1,1,0,0,1,2,0.05974751152098179,38316
3568,404.01,0,5,-5.962,0.635951,0,1,0,0,1,1,0,0,1,2,0.07570200189948081,38321
3569,404.21,0,15,-6.58,0.635808,0,1,0,0,1,1,0,0,1,2,0.059634503349661826,38336
3570,404.46,0,20,-5.654,0.635618,0,5,0,0,1,1,0,0,2,8,0.05716897444799542,38356
3571,404.58,0,9,-5.602,0.635533,0,3,0,0,1,1,0,0,1,5,0.05966204322046704,38365
3572,404.66,0,7,-6.082,0.635466,0,1,1,0,1,1,0,0,1,2,0.058306818295802386,38372
3573,404.99,0,28,-6.752,0.6352,0,3,1,0,1,1,0,0,1,9,0.060486947651952505,38400
3574,405.12,0,10,-6.262,0.635105,0,1,1,0,1,1,0,0,1,4,0.059783230908215045,38410
3575,405.18,0,5,-5.362,0.635058,0,3,0,0,1,1,0,0,1,3,0.06581860072910786,38415
3576,405.34,0,13,-5.842,0.634934,0,3,0,0,1,1,0,0,1,5,0.05499661642198379,38428
3577,405.4,0,5,-5.662,0.634887,0,2,0,0,1,1,0,0,1,3,0.04139184392988682,38433
3578,406.22,0,57,-7.208,0.634345,0,7,1,0,1,1,0,0,4,25,0.05994341042088835,38490
3579,406.32,0,7,-5.182,0.634278,0,4,0,0,1,1,0,0,1,3,0.07076338944690568,38497
3580,406.4,0,5,-5.362,0.634231,0,3,2,0,1,1,0,0,1,3,0.06998968049883843,38502
3581,406.58,0,15,-5.642,0.634089,0,4,0,0,1,1,0,0,2,6,0.06709359586238861,38517
3582,406.72,0,11,-5.722,0.633984,0,3,0,0,1,1,0,0,1,5,0.09614965658296239,38528
3583,406.84,0,10,-5.662,0.633889,0,3,0,0,1,1,0,0,1,4,0.07803171817213297,38538
3584,406.92,0,6,-5.722,0.633832,0,2,1,0,1,1,0,0,1,4,0.055463367995495595,38544
3585,407.08,0,13,-5.814,0.633709,0,3,0,0,1,1,0,0,2,5,0.05551290999238308,38557
3586,407.14,0,5,-5.362,0.633661,0,3,0,0,1,1,0,0,1,3,0.034610173851251605,38562
3587,407.2,0,5,-5.062,0.633614,0,4,0,0,1,1,0,0,1,3,0.0552142795175314,38567
3588,407.27,0,5,-5.662,0.633566,0,2,0,0,1,1,0,0,1,3,0.057379234582185745,38572
3589,407.4,0,10,-5.97,0.633471,0,2,0,0,1,1,0,0,1,1,0.046416097227483986,38582
3590,407.5,0,8,-5.242,0.633395,0,4,1,0,1,1,0,0,1,4,0.07348930928856134,38590
3591,407.82,0,25,-5.006,0.633158,0,8,1,0,1,1,0,0,3,12,0.04723311297595501,38615
3592,407.93,0,8,-5.852,0.633082,0,2,0,0,1,1,0,0,1,1,0.04687426332384348,38623
3593,408.19,0,19,-5.894,0.632901,0,4,0,0,1,1,0,0,2,9,0.0589166999255356,38642
3594,408.36,0,14,-6.212,0.632768,0,2,1,0,1,1,0,0,1,3,0.055730044575674195,38656
3595,408.64,0,23,-7.042,0.632549,0,1,0,0,1,1,0,0,1,8,0.06179354858139287,38679
3596,408.72,0,5,-5.662,0.632502,0,2,0,0,1,1,0,0,1,3,0.05059068463742733,38684
3597,408.9,0,16,-6.04,0.63235,0,3,0,0,1,1,0,0,1,7,0.06875182938529179,38700
3598,409.29,0,32,-6.036,0.632046,0,6,0,0,1,1,0,0,3,18,0.05810227140318602,38732
3599,409.37,0,7,-5.782,0.63198,0,2,0,0,1,1,0,0,1,5,0.08452444417136055,38739
3600,409.43,0,5,-5.662,0.631932,0,2,0,0,1,1,0,0,1,3,0.0703466571867466,38744
3601,409.55,0,10,-5.662,0.631837,0,3,2,0,1,1,0,0,1,2,0.060649776458740236,38754
3602,409.63,0,7,-5.782,0.631771,0,2,0,0,1,1,0,0,1,2,0.06639411566512925,38761
3603,409.8,0,14,-5.92,0.631638,0,3,0,0,1,1,0,0,1,7,0.06517871216471706,38775
3604,409.96,0,13,-5.842,0.631514,0,3,0,0,1,1,0,0,1,5,0.06750562973320484,38788
3605,410.08,0,11,-5.722,0.631409,0,3,0,0,1,1,0,0,1,8,0.04059277796609835,38799
3606,410.16,0,6,-5.722,0.631352,0,2,0,0,1,1,0,0,1,4,0.057808694119254746,38805
3607,410.27,0,9,-6.212,0.631267,0,1,0,0,1,1,0,0,1,2,0.060081051041682564,38814
3608,410.34,0,6,-5.422,0.63121,0,3,1,0,1,1,0,0,1,4,0.06908769626170397,38820
3609,410.51,0,14,-5.602,0.631077,0,4,1,0,1,1,0,0,1,7,0.06271586354289736,38834
3610,410.68,0,13,-5.214,0.630954,0,5,1,0,1,1,0,0,2,6,0.05612269158546741,38847
3611,411.12,0,37,-6.626,0.630602,0,5,0,0,1,1,0,0,3,15,0.06064153457614216,38884
3612,411.35,0,19,-6.174,0.630421,0,3,0,0,1,1,0,0,2,8,0.051026815450505206,38903
3613,411.47,0,10,-6.262,0.630327,0,1,0,0,1,1,0,0,1,2,0.07181254215538502,38913
3614,411.63,0,14,-6.202,0.630194,0,2,0,0,1,1,0,0,1,7,0.051114527841231654,38927
3615,411.72,0,7,-5.482,0.630127,0,3,0,0,1,1,0,0,1,5,0.06571230877723012,38934
3616,411.9,0,15,-5.342,0.629984,0,5,0,0,1,1,0,0,2,5,0.0518913426126043,38949
3617,411.98,0,6,-5.422,0.629927,0,3,1,0,1,1,0,0,1,4,0.059589119317630924,38955
3618,412.23,0,21,-6.322,0.629728,0,3,0,0,1,1,0,0,1,3,0.05672836818155788,38976
3619,412.3,0,5,-5.362,0.629681,0,3,0,0,1,1,0,0,1,3,0.06759813874959945,38981
3620,412.52,0,19,-5.584,0.6295,0,5,0,0,1,1,0,0,2,10,0.05519277734779998,39000
3621,412.61,0,7,-5.182,0.629433,0,4,0,0,1,1,0,0,1,3,0.07959085649677686,39007
3622,412.96,0,27,-6.064,0.629177,0,5,1,0,1,1,0,0,2,16,0.06627900639755858,39034
3623,413.07,0,8,-5.55,0.629101,0,3,0,0,1,1,0,0,1,1,0.08730225777253509,39042
3624,413.18,0,9,-5.302,0.629015,0,4,0,0,1,1,0,0,1,4,0.035713727896412216,39051
3625,413.26,0,6,-5.422,0.628958,0,3,0,0,1,1,0,0,1,4,0.04542557833095392,39057
3626,413.33,0,5,-5.062,0.628911,0,4,0,0,1,1,0,0,1,3,0.058415211737155914,39062
3627,413.59,1,21,-4.694,0.628712,1,5,1,0,1,1,0,0,2,10,0.0511871027272372,39083
3628,413.82,0,18,-6.142,0.62854,0,3,1,0,1,1,0,0,1,8,0.05724826449942258,39101
3629,413.89,0,5,-5.362,0.628493,0,3,1,0,1,1,0,0,1,4,0.06948713958263397,39106
3630,414.0,0,9,-5.902,0.628408,0,2,0,0,1,1,0,0,1,5,0.03899385097126166,39115
3631,414.16,0,13,-5.242,0.628284,0,5,1,0,1,1,0,0,1,5,0.0689729223600947,39128
3632,414.24,0,6,-5.722,0.628227,0,2,0,0,1,1,0,0,1,3,0.07577307522296906,39134
3633,414.34,0,8,-5.542,0.628151,0,3,0,0,1,1,0,0,1,6,0.07518449751660228,39142
3634,414.43,0,7,-5.482,0.628084,0,3,1,0,1,1,0,0,1,5,0.0687311701476574,39149
3635,414.72,0,25,-4.734,0.627847,0,9,1,0,1,1,0,0,2,8,0.049334233105182645,39174
3636,414.85,0,11,-5.722,0.627743,0,3,0,0,1,1,0,0,1,5,0.054603221572258255,39185
3637,414.92,0,5,-5.062,0.627695,0,4,0,0,1,1,0,0,1,3,0.07375404834747315,39190
3638,414.98,0,5,-5.362,0.627648,0,3,0,0,1,1,0,0,1,3,0.03850561007857323,39195
3639,415.13,0,13,-5.842,0.627524,0,3,0,0,1,1,0,0,1,5,0.056702824166187875,39208
3640,415.27,0,11,-5.722,0.62742,0,3,0,0,1,1,0,0,1,7,0.04869175575334917,39219
3641,415.34,0,6,-5.722,0.627363,0,2,0,0,1,1,0,0,1,4,0.05807315371930599,39225
3642,415.42,0,6,-6.022,0.627306,0,1,0,0,1,1,0,0,1,2,0.07758652977645397,39231
3643,415.5,0,7,-4.582,0.627239,0,6,1,0,1,1,0,0,1,3,0.03170383535325527,39238
3644,415.63,0,10,-5.962,0.627144,0,2,0,0,1,1,0,0,1,6,0.04957427978515625,39248
3645,415.73,0,7,-5.8,0.627077,0,2,1,0,1,1,0,0,1,2,0.05321822821029595,39255
3646,415.92,0,16,-6.022,0.626926,0,3,0,0,1,1,0,0,1,8,0.06019983219448477,39271
3647,416.02,0,8,-5.242,0.62685,0,4,1,0,1,1,0,0,1,4,0.0717962688067928,39279
3648,416.09,0,6,-5.422,0.626793,0,3,0,0,1,1,0,0,1,4,0.08800285619994004,39285
3649,416.51,0,31,-6.894,0.626498,0,3,0,0,1,1,0,0,2,12,0.05638740908715033,39316
3650,416.75,0,18,-5.842,0.626327,0,4,1,0,1,1,0,0,1,12,0.0656829010695219,39334
3651,416.82,0,5,-5.362,0.626279,0,3,0,0,1,1,0,0,1,2,0.06515061873942614,39339
3652,417.0,0,15,-5.962,0.626137,0,3,0,0,1,1,0,0,1,7,0.06172089017927647,39354
3653,417.14,0,11,-5.722,0.626032,0,3,0,0,1,1,0,0,1,3,0.07285864448005502,39365
3654,417.51,0,29,-4.356,0.625757,0,11,1,0,1,1,0,0,3,10,0.044229522186877396,39394
3655,417.6,0,7,-5.782,0.62569,0,2,0,0,1,1,0,0,1,3,0.04127058972205434,39401
3656,417.8,0,17,-5.464,0.625529,0,5,1,0,1,1,0,0,2,9,0.06723444382934009,39418
3657,417.94,0,11,-6.032,0.625425,0,2,0,0,1,1,0,0,1,2,0.050976169210943306,39429
3658,418.13,0,15,-5.034,0.625282,0,6,1,0,1,1,0,0,2,7,0.04844223267088334,39444
3659,418.19,0,5,-5.062,0.625235,0,4,0,0,1,1,0,0,1,3,0.05102305561304092,39449
3660,418.48,0,22,-6.682,0.625026,0,2,0,0,1,1,0,0,1,9,0.056521873751824554,39471
3661,418.58,0,8,-5.86,0.62495,0,2,0,0,1,1,0,0,1,1,0.05434676515869796,39479
3662,418.74,0,12,-5.782,0.624836,0,3,0,0,1,1,0,0,1,7,0.05258732521906495,39491
3663,418.99,0,20,-5.362,0.624645,0,6,1,0,1,1,0,0,1,15,0.05465635727159679,39511
3664,419.29,0,24,-5.892,0.624418,0,5,0,0,1,1,0,0,2,6,0.06503427284769714,39535
3665,419.67,0,32,-7.264,0.624113,0,2,0,0,1,1,0,0,2,17,0.05158535754890181,39567
3666,419.74,0,5,-5.962,0.624066,0,1,0,0,1,1,0,0,1,1,0.0310635881498456,39572
3667,419.96,0,15,-5.962,0.623924,0,3,0,0,1,1,0,0,1,10,0.0742070909589529,39587
3668,420.04,0,5,-5.062,0.623876,0,4,0,0,1,1,0,0,1,3,0.05853643864393234,39592
3669,420.26,0,19,-6.502,0.623695,0,2,0,0,1,1,0,0,1,6,0.06730422656983137,39611
3670,420.43,0,14,-5.902,0.623563,0,3,1,0,1,1,0,0,1,8,0.07249504035072667,39625
3671,420.55,0,10,-5.672,0.623468,0,3,0,0,1,1,0,0,1,5,0.041182560846209526,39635
3672,420.61,0,5,-5.362,0.62342,0,3,0,0,1,1,0,0,1,2,0.07943910658359528,39640
3673,420.92,0,24,-7.084,0.623192,0,1,0,0,1,1,0,0,2,9,0.06477927369996905,39664
3674,421.01,0,7,-5.182,0.623125,0,4,0,0,1,1,0,0,1,6,0.05160181038081646,39671
3675,421.09,0,6,-5.422,0.623069,0,3,0,0,1,1,0,0,1,4,0.05578895720342795,39677
3676,421.27,0,14,-5.274,0.622936,0,5,1,0,1,1,0,0,2,6,0.060628893984747786,39691
3677,421.35,0,6,-5.122,0.622879,0,4,0,0,1,1,0,0,1,4,0.03846937666336695,39697
3678,421.65,0,24,-6.812,0.62265,0,2,0,0,1,1,0,0,1,9,0.061360831061999,39721
3679,421.87,0,16,-6.022,0.622499,0,3,1,0,1,1,0,0,1,6,0.05270392179954797,39737
3680,421.97,0,7,-5.482,0.622432,0,3,0,0,1,1,0,0,1,5,0.05200457679373877,39744
3681,422.08,0,9,-5.602,0.622347,0,3,0,0,1,1,0,0,1,4,0.06232117520024379,39753
3682,422.39,0,23,-6.742,0.622128,0,2,0,0,1,1,0,0,1,8,0.053323534519776054,39776
3683,422.53,0,9,-5.902,0.622043,0,2,0,0,1,1,0,0,1,3,0.05180531326267454,39785
3684,422.82,0,21,-6.012,0.621843,0,4,0,0,1,1,0,0,2,5,0.05601867470180705,39806
3685,422.91,0,7,-5.182,0.621776,0,4,1,0,1,1,0,0,1,3,0.05587941088846752,39813
3686,422.98,0,6,-5.722,0.621719,0,2,0,0,1,1,0,0,1,3,0.05017780869578322,39819
3687,423.2,0,18,-7.052,0.621549,0,0,0,0,1,1,0,0,1,3,0.06398743773914045,39837
3688,423.34,0,11,-6.022,0.621444,0,2,0,0,1,1,0,0,1,8,0.046443658457560974,39848
3689,423.54,0,16,-5.394,0.621292,0,5,0,0,1,1,0,0,2,6,0.05657571123447269,39864
3690,423.63,0,7,-5.482,0.621225,0,3,1,0,1,1,0,0,1,3,0.05063966528645584,39871
3691,423.69,0,5,-5.062,0.621178,0,4,0,0,1,1,0,0,1,3,0.05261032208800316,39876
3692,424.05,0,30,-6.844,0.620893,0,3,0,0,1,1,0,0,2,12,0.04943783370157083,39906
3693,424.44,0,30,-7.144,0.620608,0,2,0,0,1,1,0,0,2,9,0.05520348446443677,39936
3694,424.5,0,5,-5.362,0.620561,0,3,0,0,1,1,0,0,1,3,0.04743123613297939,39941
3695,424.59,0,7,-5.782,0.620494,0,2,1,0,1,1,0,0,1,3,0.07181450884257044,39948
3696,424.95,0,29,-6.792,0.620219,0,3,0,0,1,1,0,0,2,7,0.04814781903706748,39977
3697,425.11,0,11,-5.73,0.620114,0,3,0,0,1,1,0,0,1,2,0.06002683107825843,39988
3698,425.62,0,39,-7.374,0.619744,0,3,0,0,1,1,0,0,2,17,0.056242563833410926,40027
3699,425.91,0,20,-5.934,0.619554,0,4,0,0,1,1,0,0,2,8,0.06038216361775994,40047
3700,426.02,0,8,-5.842,0.619478,0,2,0,0,1,1,0,0,1,4,0.057591685093939304,40055
3701,426.09,0,5,-5.062,0.61943,0,4,0,0,1,1,0,0,1,3,0.09831322655081749,40060
3702,426.29,0,17,-5.782,0.619268,0,4,0,0,1,1,0,0,1,7,0.0656660257236046,40077
3703,426.39,0,9,-5.302,0.619183,0,4,0,0,1,1,0,0,1,5,0.06685383183260758,40086
3704,426.55,0,13,-5.542,0.619059,0,4,1,0,1,1,0,0,1,5,0.06073613464832306,40099
3705,426.61,0,5,-5.062,0.619012,0,4,0,0,1,1,0,0,1,3,0.07706425562500954,40104
3706,426.67,0,5,-5.362,0.618965,0,3,1,0,1,1,0,0,1,3,0.039956556633114815,40109
3707,426.78,0,9,-5.602,0.618879,0,3,0,0,1,1,0,0,1,4,0.056226024921569556,40118
3708,426.86,0,6,-6.022,0.618822,0,1,0,0,1,1,0,0,1,3,0.07111262530088425,40124
3709,427.28,0,36,-7.822,0.61848,0,1,0,0,1,1,0,0,1,14,0.05936509831291106,40160
3710,427.55,0,22,-4.854,0.618271,0,8,2,0,1,1,0,0,2,10,0.05751608595760031,40182
3711,427.88,0,23,-6.424,0.618053,0,3,0,0,1,1,0,0,2,7,0.04926092222170985,40205
3712,428.01,0,10,-5.662,0.617957,0,3,0,0,1,1,0,0,1,7,0.04778581280261278,40215
3713,428.15,0,11,-6.022,0.617853,0,2,0,0,1,1,0,0,1,2,0.049156424843452194,40226
3714,428.27,0,9,-6.502,0.617768,0,0,0,0,1,1,0,0,1,2,0.043339847690529294,40235
3715,428.74,0,38,-7.65,0.617406,0,2,0,0,1,1,0,0,1,17,0.05312236089651522,40273
3716,429.09,0,27,-6.954,0.61715,0,2,0,0,1,1,0,0,2,9,0.06683072420182051,40300
3717,429.28,0,15,-5.934,0.617007,0,3,0,0,1,1,0,0,2,7,0.053372446758051716,40315
3718,429.43,0,13,-5.852,0.616884,0,3,0,0,1,1,0,0,1,2,0.06985504251833145,40328
3719,429.83,0,33,-7.314,0.616571,0,2,0,0,1,1,0,0,2,15,0.06921689150234063,40361
3720,429.92,0,7,-5.782,0.616504,0,2,0,0,1,1,0,0,1,2,0.047835834324359894,40368
3721,430.28,0,26,-6.304,0.616257,0,4,1,0,1,1,0,0,2,11,0.05362512905580493,40394
3722,430.51,0,17,-5.492,0.616096,0,5,0,0,1,1,0,0,1,4,0.059579869567909664,40411
3723,430.7,0,16,-6.022,0.615943,0,3,0,0,1,1,0,0,1,10,0.05589994619367644,40427
3724,430.79,0,7,-6.082,0.615877,0,1,0,0,1,1,0,0,1,5,0.06703948548861913,40434
3725,430.93,0,11,-6.022,0.615773,0,2,0,0,1,1,0,0,1,6,0.04768254997378046,40445
3726,430.99,0,5,-5.062,0.615725,0,4,0,0,1,1,0,0,1,3,0.0494807668030262,40450
3727,431.4,0,29,-7.374,0.615449,0,1,0,0,1,1,0,0,2,16,0.06335192610477579,40479
3728,431.55,0,11,-5.722,0.615345,0,3,0,0,1,1,0,0,1,7,0.05556959235532717,40490
3729,431.89,0,23,-5.832,0.615127,0,5,1,0,1,1,0,0,2,10,0.062160134153521576,40513
3730,432.2,0,25,-5.934,0.614889,0,5,0,0,1,1,0,0,2,10,0.0683790123462677,40538
3731,432.28,0,5,-5.062,0.614842,0,4,0,0,1,1,0,0,1,3,0.04154671560972929,40543
3732,432.45,0,11,-6.022,0.614737,0,2,0,0,1,1,0,0,1,5,0.050885492766445335,40554
3733,432.83,0,27,-6.962,0.61448,0,2,0,0,1,1,0,0,2,7,0.04719228987340574,40581
3734,432.9,0,5,-5.362,0.614433,0,3,0,0,1,1,0,0,1,1,0.04826684258878231,40586
3735,433.02,0,9,-5.302,0.614348,0,4,0,0,1,1,0,0,1,3,0.05306167321072684,40595
3736,433.09,0,6,-5.422,0.614291,0,3,0,0,1,1,0,0,1,4,0.02387112316985925,40601
3737,433.33,0,19,-6.502,0.61411,0,2,0,0,1,1,0,0,1,10,0.060298092957389984,40620
3738,433.4,0,5,-5.062,0.614062,0,4,0,0,1,1,0,0,1,3,0.052006637677550316,40625
3739,433.66,0,21,-5.712,0.613863,0,5,1,0,1,1,0,0,2,11,0.051502463851301444,40646
3740,433.75,0,7,-5.482,0.613797,0,3,0,0,1,1,0,0,1,2,0.08428053611091205,40653
3741,433.83,0,6,-5.122,0.613739,0,4,1,0,1,1,0,0,1,4,0.09352193896969159,40659
3742,433.95,0,10,-5.662,0.613645,0,3,0,0,1,1,0,0,1,3,0.061277206242084506,40669
3743,434.56,1,50,-6.394,0.61317,1,5,1,0,1,1,0,0,4,12,0.05645971298217774,40719
3744,434.63,0,5,-5.062,0.613122,0,4,0,0,1,1,0,0,1,3,0.1108059749007225,40724
3745,434.79,0,13,-5.85,0.612999,0,3,1,0,1,1,0,0,1,4,0.04384164590961658,40737
3746,434.92,0,11,-5.722,0.612894,0,3,0,0,1,1,0,0,1,5,0.04694713702933355,40748
3747,435.06,0,11,-6.022,0.612789,0,2,0,0,1,1,0,0,1,5,0.06516736441037872,40759
3748,435.33,0,21,-5.704,0.61259,0,5,0,0,1,1,0,0,2,4,0.0677036592470748,40780
3749,435.48,0,10,-5.662,0.612495,0,3,0,0,1,1,0,0,1,6,0.048224660102277994,40790
3750,435.94,0,30,-6.842,0.61221,0,3,0,0,1,1,0,0,2,11,0.05166810785109798,40820
3751,436.02,0,5,-5.362,0.612162,0,3,0,0,1,1,0,0,1,3,0.05599321946501732,40825
3752,436.09,0,5,-5.362,0.612115,0,3,0,0,1,1,0,0,1,3,0.08370876386761665,40830
3753,436.55,0,34,-5.874,0.611792,0,7,0,0,1,1,0,0,2,9,0.0543449338635101,40864
3754,437.02,0,32,-7.264,0.611488,0,2,0,0,1,1,0,0,2,12,0.06873801304027438,40896
3755,437.1,0,5,-5.362,0.611441,0,3,0,0,1,1,0,0,1,3,0.07638797983527183,40901
3756,437.24,0,10,-5.362,0.611346,0,4,0,0,1,1,0,0,1,6,0.0646161537617445,40911
3757,437.44,0,16,-6.022,0.611193,0,3,0,0,1,1,0,0,1,10,0.05641326861223206,40927
3758,437.59,0,13,-5.542,0.61107,0,4,0,0,1,1,0,0,1,5,0.05419544159219815,40940
3759,437.66,0,5,-5.662,0.611023,0,2,0,0,1,1,0,0,1,1,0.05779894441366196,40945
3760,437.79,0,11,-6.322,0.610918,0,1,0,0,1,1,0,0,1,3,0.056814609434116974,40956
3761,438.11,0,24,-4.664,0.61069,0,9,0,0,1,1,0,0,3,6,0.07419218736079831,40980
3762,438.22,0,8,-5.542,0.610614,0,3,0,0,1,1,0,0,1,4,0.04686530074104667,40988
3763,438.44,0,19,-6.474,0.610434,0,2,0,0,1,1,0,0,2,10,0.055591202390037085,41007
3764,438.54,0,8,-5.542,0.610357,0,3,0,0,1,1,0,0,1,4,0.08774136705324054,41015
3765,438.7,0,13,-5.842,0.610234,0,3,0,0,1,1,0,0,1,3,0.05352505618849626,41028
3766,439.02,0,24,-7.102,0.610006,0,1,0,0,1,1,0,0,1,9,0.05851489515043795,41052
3767,439.21,0,15,-6.262,0.609864,0,2,0,0,1,1,0,0,1,9,0.053862561285495755,41067
3768,439.39,0,15,-6.262,0.609721,0,2,0,0,1,1,0,0,1,10,0.057269104694326715,41082
3769,439.81,0,35,-6.862,0.609389,0,4,0,0,1,1,0,0,1,23,0.06245251430996827,41117
3770,440.0,0,15,-5.662,0.609246,0,4,0,0,1,1,0,0,1,7,0.055702580014864604,41132
3771,440.09,0,7,-5.782,0.609179,0,2,1,0,1,1,0,0,1,3,0.059571322585855215,41139
3772,440.19,0,7,-5.182,0.609113,0,4,1,0,1,1,0,0,1,3,0.06077240753386702,41146
3773,440.36,0,13,-5.542,0.60899,0,4,0,0,1,1,0,0,1,7,0.05562392235375368,41159
3774,440.45,0,7,-5.482,0.608923,0,3,0,0,1,1,0,0,1,5,0.05263097690684455,41166
3775,440.79,0,25,-6.226,0.608685,0,4,0,0,1,1,0,0,3,9,0.0639923106878996,41191
3776,440.98,0,13,-5.542,0.608562,0,4,0,0,1,1,0,0,1,11,0.05791355296969414,41204
3777,441.43,0,32,-5.454,0.608258,0,8,0,0,1,1,0,0,2,15,0.07280359053402208,41236
3778,441.62,0,14,-4.374,0.608125,0,8,0,0,1,1,0,0,2,6,0.049858527657176764,41250
3779,441.7,0,6,-5.422,0.608068,0,3,1,0,1,1,0,0,1,4,0.04781219859917959,41256
3780,441.83,0,11,-5.422,0.607964,0,4,0,0,1,1,0,0,1,7,0.04971893715926192,41267
3781,441.95,0,9,-5.602,0.607878,0,3,0,0,1,1,0,0,1,3,0.07314890364391936,41276
3782,442.03,0,5,-5.662,0.60783,0,2,0,0,1,1,0,0,1,2,0.059831937029957774,41281
3783,442.65,0,49,-6.756,0.607365,0,7,1,0,1,1,0,0,3,19,0.04793265431511159,41330
3784,442.72,0,5,-5.362,0.607317,0,3,0,0,1,1,0,0,1,3,0.055805173516273496,41335
3785,443.26,0,41,-6.21,0.606928,0,7,0,0,1,1,0,0,5,12,0.05847470784877858,41376
3786,443.35,0,8,-5.542,0.606852,0,3,0,0,1,1,0,0,1,2,0.04025962413288653,41384
3787,443.73,0,26,-5.366,0.606605,0,7,0,0,1,1,0,0,3,10,0.055524361678040944,41410
3788,443.85,0,9,-5.602,0.606519,0,3,0,0,1,1,0,0,1,5,0.07137893119619952,41419
3789,443.96,0,8,-5.542,0.606443,0,3,0,0,1,1,0,0,1,5,0.07107372325845063,41427
3790,444.45,0,41,-6.876,0.606054,0,5,0,0,1,1,0,0,3,19,0.06401211470819829,41468
3791,444.57,0,10,-5.362,0.605959,0,4,0,0,1,1,0,0,1,6,0.06466825772076845,41478
3792,444.65,0,7,-5.482,0.605892,0,3,0,0,1,1,0,0,1,5,0.08740516831832272,41485
3793,444.72,0,5,-5.362,0.605845,0,3,0,0,1,1,0,0,1,1,0.06987648084759712,41490
3794,444.99,0,23,-6.442,0.605627,0,3,0,0,1,1,0,0,1,5,0.06725150913647983,41513
3795,445.1,0,9,-5.302,0.605541,0,4,0,0,1,1,0,0,1,5,0.04949851334095001,41522
3796,445.21,0,9,-5.602,0.605455,0,3,0,0,1,1,0,0,1,5,0.054700511404209666,41531
3797,445.29,0,7,-5.782,0.605389,0,2,0,0,1,1,0,0,1,4,0.03628555419189589,41538
3798,445.36,0,5,-5.062,0.605341,0,4,1,0,1,1,0,0,1,3,0.04035303071141243,41543
3799,445.42,0,5,-5.662,0.605294,0,2,0,0,1,1,0,0,1,1,0.053883517533540724,41548
3800,445.55,0,11,-5.732,0.60519,0,3,0,0,1,1,0,0,1,6,0.050449641082774506,41559
3801,445.64,0,7,-5.79,0.605123,0,2,0,0,1,1,0,0,1,0,0.0622520236564534,41566
3802,445.93,0,22,-6.072,0.604914,0,4,0,0,1,1,0,0,2,8,0.061393211045387114,41588
3803,446.02,0,6,-5.432,0.604857,0,3,0,0,1,1,0,0,1,1,0.04025356952721874,41594
3804,446.14,0,8,-6.142,0.604781,0,1,0,0,1,1,0,0,1,5,0.04815852199681103,41602
3805,446.24,0,7,-5.182,0.604715,0,4,1,0,1,1,0,0,1,5,0.035707926377654076,41609
3806,446.31,0,5,-5.662,0.604667,0,2,0,0,1,1,0,0,1,1,0.05883240289986134,41614
3807,446.39,0,7,-6.1,0.6046,0,1,0,0,1,1,0,0,1,2,0.05186402957354273,41621
3808,446.46,0,6,-5.422,0.604544,0,3,0,0,1,1,0,0,1,4,0.044647407407561936,41627
3809,446.62,0,14,-5.902,0.60441,0,3,0,0,1,1,0,0,1,6,0.05817855309162821,41641
3810,446.88,0,22,-5.764,0.604202,0,5,0,0,1,1,0,0,2,4,0.06640718352388252,41663
3811,447.18,0,25,-6.244,0.603964,0,4,0,0,1,1,0,0,2,9,0.05619497772306204,41688
3812,447.41,0,19,-5.294,0.603784,0,6,0,0,1,1,0,0,2,7,0.0537050040928941,41707
3813,447.94,1,41,-4.076,0.603394,1,11,3,0,1,1,0,0,3,5,0.056213893359754144,41748
3814,448.21,0,19,-6.174,0.603214,0,3,0,0,1,1,0,0,2,5,0.05940418974741509,41767
3815,448.41,0,14,-4.092,0.603081,0,9,1,0,1,1,0,0,2,4,0.07350387357707534,41781
3816,448.5,0,5,-5.362,0.603033,0,3,0,0,1,1,0,0,1,3,0.07605376224964858,41786
3817,448.79,0,20,-6.562,0.602843,0,2,0,0,1,1,0,0,1,14,0.04940542662516236,41806
3818,448.87,0,5,-5.362,0.602796,0,3,1,0,1,1,0,0,1,2,0.07546683922410011,41811
3819,449.07,0,14,-6.512,0.602662,0,1,0,0,1,1,0,0,1,3,0.06416989543608256,41825
3820,449.16,0,6,-5.422,0.602606,0,3,0,0,1,1,0,0,1,4,0.04677236080169678,41831
3821,449.32,0,12,-6.082,0.602491,0,2,0,0,1,1,0,0,1,3,0.048456664895638824,41843
3822,449.42,0,9,-5.302,0.602406,0,4,0,0,1,1,0,0,1,5,0.07295379125409657,41852
3823,449.51,0,8,-5.542,0.60233,0,3,0,0,1,1,0,0,1,5,0.05379726109094918,41860
3824,449.61,0,8,-5.542,0.602254,0,3,0,0,1,1,0,0,1,4,0.04050522414036095,41868
3825,449.69,0,7,-5.182,0.602187,0,4,0,0,1,1,0,0,1,5,0.05272428531731878,41875
3826,449.77,0,6,-5.122,0.602131,0,4,0,0,1,1,0,0,1,4,0.06983061786741018,41881
3827,449.97,0,16,-5.704,0.601978,0,4,0,0,1,1,0,0,2,4,0.06463262310717255,41897
3828,450.06,0,6,-6.022,0.601921,0,1,0,0,1,1,0,0,1,2,0.057462155198057495,41903
3829,450.21,0,10,-5.062,0.601827,0,5,0,0,1,1,0,0,1,1,0.05182782020419836,41913
3830,450.42,0,15,-6.262,0.601684,0,2,0,0,1,1,0,0,1,10,0.04685235408445199,41928
3831,450.5,0,7,-5.482,0.601618,0,3,0,0,1,1,0,0,1,1,0.06192882891212191,41935
3832,450.62,0,10,-5.962,0.601522,0,2,0,0,1,1,0,0,1,5,0.05814186707139015,41945
3833,450.81,0,15,-5.662,0.60138,0,4,0,0,1,1,0,0,1,7,0.05792406337956588,41960
3834,451.04,0,18,-4.614,0.601209,0,8,2,0,1,1,0,0,2,8,0.053915043671925865,41978
3835,451.16,0,8,-5.542,0.601133,0,3,0,0,1,1,0,0,1,4,0.03814428404439241,41986
3836,451.69,0,36,-6.904,0.600791,0,4,0,0,1,1,0,0,2,14,0.06628393821625246,42022
3837,451.77,0,5,-5.362,0.600744,0,3,0,0,1,1,0,0,1,3,0.06174909695982933,42027
3838,451.89,0,8,-5.542,0.600668,0,3,1,0,1,1,0,0,1,3,0.049238873180001974,42035
3839,452.0,0,7,-5.482,0.600601,0,3,1,0,1,1,0,0,1,2,0.060482390491025786,42042
3840,452.1,0,8,-5.542,0.600525,0,3,1,0,1,1,0,0,1,4,0.06491441954858601,42050
3841,452.29,0,15,-5.634,0.600383,0,4,1,0,1,1,0,0,2,8,0.06918881324430307,42065
3842,452.49,0,16,-5.722,0.600231,0,4,1,0,1,1,0,0,1,6,0.05167404282838106,42081
3843,452.65,0,13,-5.542,0.600107,0,4,0,0,1,1,0,0,1,5,0.06023129133077768,42094
3844,452.81,0,13,-5.842,0.599984,0,3,0,0,1,1,0,0,1,5,0.05050419013087566,42107
3845,452.89,0,7,-5.482,0.599917,0,3,1,0,1,1,0,0,1,2,0.07013281248509884,42114
3846,452.98,0,7,-5.482,0.599851,0,3,0,0,1,1,0,0,1,5,0.06359928606876306,42121
3847,453.07,0,7,-5.482,0.599784,0,3,0,0,1,1,0,0,1,5,0.07227119510727269,42128
3848,453.18,0,9,-4.702,0.599699,0,6,0,0,1,1,0,0,1,3,0.08766510047846371,42137
3849,453.61,0,35,-5.634,0.599366,0,8,1,0,1,1,0,0,2,14,0.05018971306937081,42172
3850,453.75,0,11,-6.33,0.599262,0,1,1,0,1,1,0,0,1,4,0.05034162849187851,42183
3851,453.93,0,14,-5.902,0.599128,0,3,0,0,1,1,0,0,1,8,0.05811279233811157,42197
3852,454.13,0,15,-5.962,0.598986,0,3,0,0,1,1,0,0,1,9,0.06503514808913072,42212
3853,454.2,0,5,-5.062,0.598939,0,4,0,0,1,1,0,0,1,3,0.05649062804877758,42217
3854,454.29,0,7,-5.782,0.598872,0,2,0,0,1,1,0,0,1,3,0.08492939759578023,42224
3855,454.38,0,7,-5.482,0.598805,0,3,1,0,1,1,0,0,1,5,0.03980693394052131,42231
3856,454.43,0,5,-5.062,0.598758,0,4,1,0,1,1,0,0,1,3,0.07967985346913338,42236
3857,454.69,0,23,-5.796,0.59854,0,5,1,0,1,1,0,0,3,11,0.06216135382166375,42259
3858,454.77,0,6,-5.722,0.598483,0,2,0,0,1,1,0,0,1,3,0.05591166205704212,42265
3859,455.01,0,19,-5.902,0.598302,0,4,0,0,1,1,0,0,1,11,0.05175583319444405,42284
3860,455.12,0,8,-5.842,0.598226,0,2,0,0,1,1,0,0,1,4,0.06901954859495163,42292
3861,455.21,0,7,-5.782,0.59816,0,2,0,0,1,1,0,0,1,3,0.05382097751966545,42299
3862,455.44,0,18,-5.842,0.597989,0,4,0,0,1,1,0,0,1,10,0.05216777107367913,42317
3863,455.57,0,8,-5.842,0.597913,0,2,0,0,1,1,0,0,1,3,0.05079343728721142,42325
3864,455.67,0,7,-5.482,0.597846,0,3,1,0,1,1,0,0,1,5,0.07899742892810277,42332
3865,455.84,0,14,-5.602,0.597713,0,4,0,0,1,1,0,0,1,8,0.04905528874535646,42346
3866,455.92,0,6,-5.122,0.597656,0,4,0,0,1,1,0,0,1,4,0.0461667717124025,42352
3867,456.06,0,11,-5.722,0.597552,0,3,0,0,1,1,0,0,1,7,0.05834053202786229,42363
3868,456.34,0,18,-6.142,0.59738,0,3,0,0,1,1,0,0,1,3,0.06030848684410254,42381
3869,456.54,0,13,-5.542,0.597257,0,4,1,0,1,1,0,0,1,5,0.04146603502046604,42394
3870,456.63,0,7,-5.482,0.59719,0,3,0,0,1,1,0,0,1,3,0.04554297349282673,42401
3871,456.84,0,17,-5.454,0.597029,0,5,1,0,1,1,0,0,2,11,0.05685202218592167,42418
3872,456.93,0,6,-5.422,0.596972,0,3,0,0,1,1,0,0,1,3,0.062161910347640514,42424
3873,457.16,0,16,-6.294,0.59682,0,2,0,0,1,1,0,0,2,6,0.0729258629726246,42440
3874,457.62,0,35,-7.162,0.596488,0,3,1,0,1,1,0,0,1,17,0.04909348570342575,42475
3875,457.82,0,15,-5.662,0.596345,0,4,0,0,1,1,0,0,1,5,0.050926569104194644,42490
3876,458.03,0,17,-6.064,0.596183,0,3,0,0,1,1,0,0,2,8,0.06313104719361838,42507
3877,458.18,0,12,-5.482,0.59607,0,4,0,0,1,1,0,0,1,6,0.06931460648775101,42519
3878,458.31,0,10,-5.662,0.595975,0,3,0,0,1,1,0,0,1,8,0.05148216020315886,42529
3879,458.57,0,21,-6.322,0.595775,0,3,0,0,1,1,0,0,1,10,0.06732567044950667,42550
3880,458.68,0,9,-5.302,0.595689,0,4,0,0,1,1,0,0,1,5,0.05860528246396118,42559
3881,459.23,0,43,-6.406,0.595281,0,7,0,0,1,1,0,0,3,10,0.047274115560359736,42602
3882,459.33,0,8,-5.56,0.595205,0,3,0,0,1,1,0,0,1,1,0.06322861649096012,42610
3883,459.57,0,21,-5.704,0.595006,0,5,1,0,1,1,0,0,2,11,0.06140898460788386,42631
3884,459.63,0,5,-5.362,0.594958,0,3,0,0,1,1,0,0,1,3,0.07291736006736756,42636
3885,459.7,0,5,-5.362,0.594911,0,3,0,0,1,1,0,0,1,3,0.08933480829000473,42641
3886,459.77,0,6,-5.122,0.594853,0,4,0,0,1,1,0,0,1,4,0.05647761064271132,42647
3887,459.85,0,7,-5.182,0.594787,0,4,2,0,1,1,0,0,1,3,0.07313632459512778,42654
3888,460.05,0,16,-6.022,0.594635,0,3,0,0,1,1,0,0,1,6,0.08339530881494284,42670
3889,460.44,0,28,-5.496,0.594369,0,7,1,0,1,1,0,0,3,9,0.05974040992025818,42698
3890,460.54,0,6,-5.422,0.594312,0,3,0,0,1,1,0,0,1,4,0.05965123325586319,42704
3891,460.64,0,7,-5.482,0.594245,0,3,1,0,1,1,0,0,1,1,0.05367218756249973,42711
3892,461.14,0,37,-5.436,0.593894,0,9,1,0,1,1,0,0,3,11,0.05519766088675808,42748
3893,461.27,0,10,-5.362,0.593799,0,4,1,0,1,1,0,0,1,8,0.0691790597513318,42758
3894,461.36,0,7,-5.482,0.593732,0,3,0,0,1,1,0,0,1,4,0.0950508506170341,42765
3895,461.5,0,11,-5.722,0.593628,0,3,1,0,1,1,0,0,1,7,0.07055253704840486,42776
3896,461.62,0,10,-5.662,0.593533,0,3,0,0,1,1,0,0,1,2,0.07171397414058447,42786
3897,461.7,0,6,-5.122,0.593476,0,4,0,0,1,1,0,0,1,4,0.06918782616655032,42792
3898,462.28,1,46,-6.148,0.593039,1,5,2,0,1,1,0,0,4,18,0.05209023517596981,42838
3899,462.51,0,15,-5.662,0.592896,0,4,0,0,1,1,0,0,1,7,0.04518046490848064,42853
3900,462.67,0,11,-5.722,0.592792,0,3,0,0,1,1,0,0,1,3,0.05746528286148201,42864
3901,462.8,0,10,-5.362,0.592697,0,4,0,0,1,1,0,0,1,6,0.047515048272907735,42874
3902,462.95,0,12,-6.392,0.592583,0,1,0,0,1,1,0,0,1,3,0.0518505492558082,42886
3903,463.02,0,7,-5.492,0.592517,0,3,1,0,1,1,0,0,1,2,0.04427975841930935,42893
3904,463.1,0,7,-5.782,0.59245,0,2,0,0,1,1,0,0,1,5,0.03940649916018758,42900
3905,463.2,0,8,-5.842,0.592374,0,2,0,0,1,1,0,0,1,4,0.04458793648518622,42908
3906,463.48,1,23,-5.414,0.592156,1,3,1,0,1,1,0,0,2,7,0.06146173098165056,42931
3907,463.7,0,18,-6.142,0.591985,0,3,0,0,1,1,0,0,1,6,0.06228589535587364,42949
3908,463.76,0,5,-5.362,0.591937,0,3,0,0,1,1,0,0,1,3,0.053860883414745334,42954
3909,463.98,0,18,-6.142,0.591766,0,3,0,0,1,1,0,0,1,5,0.054991806443366736,42972
3910,464.16,0,15,-5.662,0.591624,0,4,0,0,1,1,0,0,1,9,0.043672880778710045,42987
3911,464.34,0,14,-6.502,0.591491,0,1,0,0,1,1,0,0,1,5,0.036989748544458835,43001
3912,464.59,0,22,-6.354,0.591282,0,3,0,0,1,1,0,0,2,11,0.057210182855752384,43023
3913,464.68,0,7,-6.382,0.591215,0,0,0,0,1,1,0,0,1,4,0.054614195334059853,43030
3914,464.81,0,11,-5.422,0.59111,0,4,0,0,1,1,0,0,1,5,0.05636345374990593,43041
3915,465.2,0,32,-6.654,0.590807,0,4,0,0,1,1,0,0,2,14,0.05558482446940616,43073
3916,465.3,0,8,-5.542,0.590731,0,3,0,0,1,1,0,0,1,4,0.06539065297693014,43081
3917,465.38,0,6,-5.722,0.590674,0,2,2,0,1,1,0,0,1,3,0.0675325058400631,43087
3918,465.46,0,7,-5.492,0.590607,0,3,0,0,1,1,0,0,1,2,0.05373725667595863,43094
3919,465.64,0,15,-5.334,0.590465,0,5,0,0,1,1,0,0,2,8,0.07782081688443819,43109
3920,465.98,0,28,-7.342,0.590199,0,1,0,0,1,1,0,0,1,9,0.05115904466116002,43137
3921,466.07,0,6,-5.422,0.590142,0,3,0,0,1,1,0,0,1,3,0.07676032247642676,43143
3922,466.41,0,29,-5.556,0.589866,0,7,1,0,1,1,0,0,3,11,0.05654749267830931,43172
3923,466.54,0,10,-5.662,0.589771,0,3,0,0,1,1,0,0,1,7,0.0714233573526144,43182
3924,466.65,0,9,-5.912,0.589686,0,2,1,0,1,1,0,0,1,2,0.06201868380109469,43191
3925,466.73,0,6,-5.422,0.589628,0,3,1,0,1,1,0,0,1,2,0.0590299591422081,43197
3926,466.92,0,13,-5.842,0.589505,0,3,0,0,1,1,0,0,1,7,0.06685210764408112,43210
3927,467.23,0,21,-6.322,0.589306,0,3,2,0,1,1,0,0,1,5,0.06037711768987633,43231
3928,467.3,0,6,-5.422,0.589249,0,3,1,0,1,1,0,0,1,3,0.06236608140170574,43237
3929,467.6,0,23,-6.452,0.58903,0,3,0,0,1,1,0,0,1,6,0.055234314306922584,43260
3930,467.74,0,9,-5.902,0.588944,0,2,1,0,1,1,0,0,1,3,0.0898585749997033,43269
3931,467.81,0,5,-5.062,0.588897,0,4,0,0,1,1,0,0,1,3,0.04039251245558262,43274
3932,468.04,0,16,-6.022,0.588745,0,3,0,0,1,1,0,0,1,7,0.051501973532140255,43290
3933,468.11,0,5,-5.362,0.588698,0,3,0,0,1,1,0,0,1,3,0.04390683025121689,43295
3934,468.3,0,14,-6.202,0.588565,0,2,0,0,1,1,0,0,1,6,0.05883213199142899,43309
3935,468.37,0,5,-5.062,0.588517,0,4,0,0,1,1,0,0,1,3,0.05656254980713129,43314
3936,468.47,0,8,-5.542,0.588441,0,3,0,0,1,1,0,0,1,4,0.05546304292511195,43322
3937,468.74,0,19,-6.512,0.588261,0,2,1,0,1,1,0,0,1,4,0.0527946381878696,43341
3938,468.81,0,5,-5.962,0.588213,0,1,0,0,1,1,0,0,1,3,0.060620253533124925,43346
3939,469.62,0,60,-7.742,0.587643,0,6,0,0,1,1,0,0,2,18,0.06396594215184451,43406
3940,469.77,0,12,-4.882,0.587529,0,6,0,0,1,1,0,0,1,4,0.059144734404981136,43418
3941,469.86,0,7,-5.182,0.587462,0,4,0,0,1,1,0,0,1,5,0.05006050770836217,43425
3942,469.92,0,5,-5.062,0.587415,0,4,0,0,1,1,0,0,1,3,0.057359232753515246,43430
3943,470.14,0,18,-5.842,0.587244,0,4,0,0,1,1,0,0,1,12,0.05118189690013727,43448
3944,470.26,0,10,-5.68,0.587149,0,3,1,0,1,1,0,0,1,5,0.07962898928672076,43458
3945,470.34,0,6,-5.422,0.587092,0,3,0,0,1,1,0,0,1,3,0.027497611939907074,43464
3946,470.5,0,13,-5.542,0.586969,0,4,0,0,1,1,0,0,1,5,0.06638399225014907,43477
3947,470.79,0,25,-5.334,0.586731,0,7,0,0,1,1,0,0,2,7,0.05296128444373607,43502
3948,470.91,0,10,-5.662,0.586636,0,3,0,0,1,1,0,0,1,3,0.09054571427404881,43512
3949,471.05,0,11,-5.722,0.586531,0,3,1,0,1,1,0,0,1,7,0.03990015150471167,43523
3950,471.14,0,7,-5.482,0.586465,0,3,1,0,1,1,0,0,1,3,0.059198928464736254,43530
3951,471.24,0,8,-6.142,0.586389,0,1,0,0,1,1,0,0,1,3,0.07120385533198714,43538
3952,471.3,0,5,-5.062,0.586342,0,4,1,0,1,1,0,0,1,3,0.07332588359713554,43543
3953,471.41,0,8,-5.542,0.586265,0,3,0,0,1,1,0,0,1,3,0.0749759329482913,43551
3954,471.55,0,12,-5.482,0.586151,0,4,1,0,1,1,0,0,1,4,0.07310454687103629,43563
3955,471.89,0,26,-5.994,0.585905,0,5,0,0,1,1,0,0,2,14,0.051019621189110555,43589
3956,472.18,0,20,-4.734,0.585715,0,8,0,0,1,1,0,0,2,8,0.061910537909716366,43609
3957,472.35,0,12,-5.782,0.5856,0,3,0,0,1,1,0,0,1,6,0.06863712069268028,43621
3958,472.43,0,6,-5.422,0.585543,0,3,0,0,1,1,0,0,1,4,0.04100779568155607,43627
3959,472.53,0,6,-6.022,0.585487,0,1,0,0,1,1,0,0,1,3,0.03958452151467403,43633
3960,472.59,0,5,-5.362,0.585439,0,3,0,0,1,1,0,0,1,2,0.05440557524561882,43638
3961,472.79,0,16,-6.322,0.585287,0,2,0,0,1,1,0,0,1,3,0.060070030274800956,43654
3962,473.13,0,25,-6.234,0.58505,0,4,0,0,1,1,0,0,2,8,0.062379163280129435,43679
3963,473.55,0,28,-6.096,0.584784,0,5,1,0,1,1,0,0,3,10,0.045936960860022476,43707
3964,473.74,0,15,-6.562,0.584641,0,1,0,0,1,1,0,0,1,11,0.07933941607673962,43722
3965,473.86,0,9,-5.902,0.584556,0,2,0,0,1,1,0,0,1,6,0.053113939757976264,43731
3966,473.93,0,6,-6.322,0.584499,0,0,0,0,1,1,0,0,1,4,0.05715237185359001,43737
3967,474.0,0,5,-5.962,0.584451,0,1,1,0,1,1,0,0,1,2,0.05369219668209553,43742
3968,474.1,0,9,-5.602,0.584366,0,3,1,0,1,1,0,0,1,7,0.0582534900556008,43751
3969,474.2,0,8,-5.542,0.58429,0,3,0,0,1,1,0,0,1,4,0.062242108630016446,43759
3970,474.29,0,6,-5.722,0.584233,0,2,0,0,1,1,0,0,1,3,0.044867596589028835,43765
3971,474.48,0,17,-6.064,0.584071,0,3,0,0,1,1,0,0,2,5,0.04460512331741698,43782
3972,474.68,0,17,-6.382,0.58391,0,2,1,0,1,1,0,0,1,3,0.05900133686030612,43799
3973,474.81,0,10,-5.962,0.583815,0,2,1,0,1,1,0,0,1,6,0.06908159404993057,43809
3974,475.07,0,20,-5.962,0.583624,0,4,0,0,1,1,0,0,1,10,0.05412493254989385,43829
3975,475.31,0,20,-6.234,0.583435,0,3,0,0,1,1,0,0,2,7,0.04845697581768036,43849
3976,475.52,0,17,-6.382,0.583273,0,2,0,0,1,1,0,0,1,7,0.046440606443759275,43866
3977,475.73,0,14,-5.902,0.58314,0,3,0,0,1,1,0,0,1,5,0.044744063168764114,43880
3978,475.9,0,11,-6.022,0.583036,0,2,0,0,1,1,0,0,1,5,0.061395059593699196,43891
3979,476.02,0,8,-5.842,0.58296,0,2,0,0,1,1,0,0,1,3,0.09347166772931814,43899
3980,476.09,0,6,-5.422,0.582903,0,3,0,0,1,1,0,0,1,3,0.02967013915379842,43905
3981,476.15,0,5,-5.362,0.582855,0,3,1,0,1,1,0,0,1,2,0.07175437547266483,43910
3982,476.24,0,7,-5.182,0.582789,0,4,2,0,1,1,0,0,1,3,0.08045886031218938,43917
3983,476.36,0,10,-6.262,0.582693,0,1,0,0,1,1,0,0,1,5,0.06351705864071847,43927
3984,476.44,0,6,-5.422,0.582637,0,3,0,0,1,1,0,0,1,4,0.04299635005493959,43933
3985,476.5,0,5,-5.062,0.582589,0,4,0,0,1,1,0,0,1,3,0.04442880656570196,43938
3986,476.7,0,16,-6.022,0.582437,0,3,1,0,1,1,0,0,1,10,0.06021749315550551,43954
3987,476.76,0,5,-5.362,0.58239,0,3,0,0,1,1,0,0,1,3,0.07208814211189747,43959
3988,477.31,0,43,-7.286,0.581981,0,4,0,0,1,1,0,0,3,19,0.0529612356710226,44002
3989,477.8,0,33,-5.514,0.581668,0,8,0,0,1,1,0,0,2,16,0.05183971264032704,44035
3990,478.28,0,31,-6.94,0.581373,0,3,0,0,1,1,0,0,1,8,0.05146421918705586,44066
3991,478.57,0,19,-5.902,0.581193,0,4,0,0,1,1,0,0,1,11,0.06293224729597569,44085
3992,478.7,0,9,-5.92,0.581107,0,2,0,0,1,1,0,0,1,2,0.06089139978090922,44094
3993,478.85,0,13,-5.542,0.580983,0,4,0,0,1,1,0,0,1,2,0.05608344909090262,44107
3994,478.97,0,10,-5.662,0.580889,0,3,1,0,1,1,0,0,1,6,0.04687806610018015,44117
3995,479.09,0,9,-5.302,0.580803,0,4,0,0,1,1,0,0,1,5,0.03764745613767041,44126
3996,479.27,0,14,-6.202,0.58067,0,2,0,0,1,1,0,0,1,8,0.0486904241011611,44140
3997,479.39,0,9,-5.302,0.580585,0,4,0,0,1,1,0,0,1,5,0.08362796281774838,44149
3998,479.75,0,30,-6.834,0.580299,0,3,0,0,1,1,0,0,2,13,0.05124294251824419,44179
3999,479.83,0,6,-5.722,0.580242,0,2,0,0,1,1,0,0,1,3,0.04265449972202381,44185
4000,480.39,0,44,-6.146,0.579824,0,8,1,0,1,1,0,0,3,24,0.06241809978911823,44229
4001,480.87,0,32,-7.282,0.57952,0,2,1,0,1,1,0,0,1,6,0.04457501828437671,44261
4002,481.17,0,23,-6.414,0.579302,0,3,0,0,1,1,0,0,2,9,0.051536081520759544,44284
4003,481.27,0,9,-5.902,0.579217,0,2,0,0,1,1,0,0,1,5,0.04902724249081479,44293
4004,481.39,0,10,-5.662,0.579122,0,3,0,0,1,1,0,0,1,6,0.054323792457580566,44303
4005,481.48,0,7,-4.882,0.579055,0,5,0,0,1,1,0,0,1,2,0.05554310046136379,44310
4006,481.54,0,5,-5.362,0.579008,0,3,0,0,1,1,0,0,1,3,0.09715846925973892,44315
4007,482.1,0,46,-6.528,0.578571,0,7,1,0,1,1,0,0,5,18,0.06588716229990772,44361
4008,482.27,0,14,-5.602,0.578438,0,4,0,0,1,1,0,0,1,10,0.06429315983716931,44375
4009,482.41,0,12,-5.782,0.578323,0,3,0,0,1,1,0,0,1,4,0.0484249807583789,44387
4010,482.62,0,16,-6.322,0.578172,0,2,0,0,1,1,0,0,2,4,0.061399976490065455,44403
4011,482.79,0,14,-5.902,0.578039,0,3,0,0,1,1,0,0,1,6,0.05544433104140418,44417
4012,483.11,0,26,-6.622,0.577792,0,3,0,0,1,1,0,0,1,10,0.05452552484348416,44443
4013,483.26,0,12,-5.792,0.577678,0,3,0,0,1,1,0,0,1,5,0.0651190026352803,44455
4014,483.37,0,8,-5.842,0.577601,0,2,0,0,1,1,0,0,1,1,0.0327422070549801,44463
4015,483.69,0,26,-6.622,0.577354,0,3,0,0,1,1,0,0,1,13,0.03766265239280004,44489
4016,483.94,0,20,-5.962,0.577165,0,4,0,0,1,1,0,0,1,12,0.05442235972732305,44509
4017,484.22,0,23,-6.442,0.576946,0,3,0,0,1,1,0,0,1,13,0.06363485850717711,44532
4018,484.51,0,26,-5.066,0.576699,0,8,0,0,1,1,0,0,3,10,0.070244479422959,44558
4019,484.57,0,5,-5.062,0.576651,0,4,1,0,1,1,0,0,1,3,0.08564578145742416,44563
4020,484.65,0,7,-5.182,0.576585,0,4,0,0,1,1,0,0,1,3,0.05146317104143756,44570
4021,484.75,0,8,-5.242,0.576509,0,4,0,0,1,1,0,0,1,4,0.08631896832957864,44578
4022,484.92,0,15,-5.644,0.576367,0,4,0,0,1,1,0,0,2,7,0.055935668448607125,44593
4023,485.02,0,8,-5.542,0.576291,0,3,0,0,1,1,0,0,1,4,0.06908508879132569,44601
4024,485.39,0,30,-6.254,0.576006,0,5,1,0,1,1,0,0,2,8,0.05907252871741851,44631
4025,485.48,0,8,-5.542,0.575929,0,3,0,0,1,1,0,0,1,5,0.06374749005772173,44639
4026,485.54,0,5,-5.662,0.575882,0,2,1,0,1,1,0,0,1,2,0.03118079751729965,44644
4027,485.61,0,5,-5.062,0.575835,0,4,1,0,1,1,0,0,1,3,0.060589566826820374,44649
4028,485.67,0,5,-5.362,0.575787,0,3,0,0,1,1,0,0,1,3,0.05843303799629211,44654
4029,486.15,0,36,-6.922,0.575445,0,4,0,0,1,1,0,0,1,16,0.05808765071237253,44690
4030,486.26,0,7,-5.482,0.575379,0,3,0,0,1,1,0,0,1,2,0.039667033457330296,44697
4031,486.37,0,9,-5.902,0.575293,0,2,0,0,1,1,0,0,1,7,0.07088209895624055,44706
4032,486.49,0,10,-5.962,0.575198,0,2,1,0,1,1,0,0,1,1,0.053984242491424084,44716
4033,486.74,0,20,-5.962,0.575008,0,4,0,0,1,1,0,0,1,12,0.061178531218320134,44736
4034,486.81,0,5,-5.362,0.57496,0,3,0,0,1,1,0,0,1,3,0.07617883048951626,44741
4035,486.88,0,6,-6.022,0.574904,0,1,0,0,1,1,0,0,1,4,0.06678376657267411,44747
4036,486.98,0,7,-5.182,0.574837,0,4,0,0,1,1,0,0,1,5,0.04768755100667477,44754
4037,487.18,0,16,-5.694,0.574685,0,4,0,0,1,1,0,0,2,7,0.05992535932455212,44770
4038,487.54,0,24,-6.184,0.574457,0,4,0,0,1,1,0,0,2,11,0.07087871226637314,44794
4039,487.66,0,8,-5.542,0.574381,0,3,0,0,1,1,0,0,1,5,0.07071240479126573,44802
4040,487.74,0,5,-5.662,0.574334,0,2,0,0,1,1,0,0,1,1,0.05779967717826366,44807
4041,487.94,0,14,-5.602,0.574201,0,4,1,0,1,1,0,0,1,6,0.04651893356016704,44821
4042,488.16,0,15,-5.934,0.574058,0,3,1,0,1,1,0,0,2,6,0.047029090424378715,44836
4043,488.25,0,7,-5.482,0.573991,0,3,0,0,1,1,0,0,1,3,0.047118350863456726,44843
4044,488.36,0,9,-5.902,0.573906,0,2,0,0,1,1,0,0,1,3,0.05880130103064908,44852
4045,488.44,0,5,-5.062,0.573859,0,4,0,0,1,1,0,0,1,3,0.07490279152989388,44857
4046,488.54,0,7,-5.482,0.573792,0,3,0,0,1,1,0,0,1,4,0.05126485867159707,44864
4047,488.64,0,8,-5.542,0.573716,0,3,0,0,1,1,0,0,1,4,0.06511071603745222,44872
4048,488.77,0,9,-5.92,0.573631,0,2,1,0,1,1,0,0,1,4,0.054197299397654004,44881
4049,488.84,0,5,-5.362,0.573583,0,3,0,0,1,1,0,0,1,1,0.04785044007003307,44886
4050,488.92,0,7,-5.482,0.573516,0,3,0,0,1,1,0,0,1,5,0.05774754511990717,44893
4051,489.12,0,15,-5.962,0.573374,0,3,1,0,1,1,0,0,1,3,0.052543766175707184,44908
4052,489.24,0,11,-5.722,0.57327,0,3,0,0,1,1,0,0,1,3,0.04078251614489339,44919
4053,489.34,0,8,-5.542,0.573194,0,3,0,0,1,1,0,0,1,3,0.045121600618585944,44927
4054,489.41,0,6,-5.122,0.573136,0,4,0,0,1,1,0,0,1,4,0.037181523628532887,44933
4055,489.51,0,9,-5.602,0.573051,0,3,0,0,1,1,0,0,1,3,0.05988048306769795,44942
4056,489.9,0,32,-6.354,0.572747,0,5,0,0,1,1,0,0,2,13,0.06630433112150058,44974
4057,490.02,0,10,-5.672,0.572652,0,3,1,0,1,1,0,0,1,5,0.07697015330195427,44984
4058,490.12,0,8,-5.542,0.572576,0,3,0,0,1,1,0,0,1,6,0.048434252152219415,44992
4059,490.41,0,24,-6.492,0.572348,0,3,1,0,1,1,0,0,2,8,0.06009652131857971,45016
4060,490.58,0,14,-5.902,0.572215,0,3,0,0,1,1,0,0,1,10,0.06314343959093094,45030
4061,490.64,0,5,-5.662,0.572168,0,2,0,0,1,1,0,0,1,3,0.04261373542249203,45035
4062,490.72,0,6,-5.422,0.57211,0,3,0,0,1,1,0,0,1,4,0.06633641167233388,45041
4063,490.79,0,5,-5.062,0.572063,0,4,1,0,1,1,0,0,1,3,0.05703427717089653,45046
4064,490.99,0,15,-5.662,0.571921,0,4,0,0,1,1,0,0,1,11,0.05100109751025836,45061
4065,491.08,0,6,-5.422,0.571864,0,3,0,0,1,1,0,0,1,2,0.05025257480641206,45067
4066,491.19,0,9,-5.602,0.571778,0,3,0,0,1,1,0,0,1,5,0.06552050883571307,45076
4067,491.32,0,11,-5.722,0.571673,0,3,0,0,1,1,0,0,1,9,0.04202902054583484,45087
4068,491.4,0,6,-5.422,0.571616,0,3,0,0,1,1,0,0,1,4,0.0533486558124423,45093
4069,491.55,0,12,-6.082,0.571503,0,2,0,0,1,1,0,0,1,9,0.07852916233241558,45105
4070,491.66,0,9,-5.902,0.571417,0,2,1,0,1,1,0,0,1,2,0.05377665451831288,45114
4071,492.01,0,29,-6.812,0.571141,0,3,1,0,1,1,0,0,1,12,0.04413668249316256,45143
4072,492.2,0,15,-5.662,0.570999,0,4,0,0,1,1,0,0,1,11,0.05862355021138986,45158
4073,492.27,0,5,-5.362,0.570952,0,3,0,0,1,1,0,0,1,1,0.07994065545499325,45163
4074,492.39,0,9,-6.21,0.570866,0,1,0,0,1,1,0,0,1,0,0.038537964638736516,45172
4075,492.45,0,5,-5.362,0.570819,0,3,0,0,1,1,0,0,1,3,0.052306417003273965,45177
4076,492.68,0,20,-5.934,0.570628,0,4,0,0,1,1,0,0,2,9,0.05975959626957774,45197
4077,492.75,0,5,-5.062,0.570581,0,4,0,0,1,1,0,0,1,3,0.028990088030695915,45202
4078,492.83,0,7,-5.782,0.570515,0,2,0,0,1,1,0,0,1,4,0.05074174542512212,45209
4079,492.92,0,7,-5.782,0.570448,0,2,0,0,1,1,0,0,1,4,0.05927614002887692,45216
4080,492.98,0,5,-5.062,0.570401,0,4,0,0,1,1,0,0,1,3,0.07397640906274319,45221
4081,493.11,0,10,-5.662,0.570306,0,3,0,0,1,1,0,0,1,4,0.0566245598718524,45231
4082,493.17,0,5,-5.962,0.570258,0,1,0,0,1,1,0,0,1,2,0.04928639009594917,45236
4083,493.26,0,7,-5.482,0.570191,0,3,0,0,1,1,0,0,1,5,0.07542408577033452,45243
4084,493.37,0,9,-5.602,0.570106,0,3,0,0,1,1,0,0,1,7,0.05528448294434282,45252
4085,493.72,0,27,-6.634,0.56985,0,3,0,0,1,1,0,0,3,8,0.06305800088577801,45279
4086,493.98,0,17,-6.382,0.569688,0,2,0,0,1,1,0,0,1,8,0.0650235162500073,45296
4087,494.05,0,5,-5.062,0.56964,0,4,0,0,1,1,0,0,1,3,0.058102302812039854,45301
4088,494.22,0,12,-5.482,0.569527,0,4,0,0,1,1,0,0,1,8,0.04203295878445109,45313
4089,494.4,0,13,-5.852,0.569403,0,3,0,0,1,1,0,0,1,4,0.061482764637241,45326
4090,494.52,0,10,-6.562,0.569308,0,0,0,0,1,1,0,0,1,1,0.057197332940995695,45336
4091,494.58,0,5,-5.662,0.569261,0,2,0,0,1,1,0,0,1,3,0.06260839849710464,45341
4092,494.68,0,8,-5.542,0.569184,0,3,0,0,1,1,0,0,1,4,0.063753581373021,45349
4093,494.75,0,5,-5.062,0.569137,0,4,0,0,1,1,0,0,1,3,0.05119756832718849,45354
4094,494.85,0,9,-5.602,0.569052,0,3,0,0,1,1,0,0,1,7,0.06289836391806602,45363
4095,494.93,0,6,-6.022,0.568995,0,1,1,0,1,1,0,0,1,1,0.07765753008425236,45369
4096,495.04,0,9,-5.302,0.568909,0,4,1,0,1,1,0,0,1,5,0.049480500320593514,45378
4097,495.11,0,6,-5.422,0.568852,0,3,0,0,1,1,0,0,1,4,0.032472217145065464,45384
4098,495.2,0,7,-5.482,0.568786,0,3,0,0,1,1,0,0,1,5,0.06469105317124299,45391
4099,495.28,0,6,-5.422,0.568728,0,3,0,0,1,1,0,0,1,3,0.04669701618452867,45397
4100,495.39,0,9,-5.302,0.568643,0,4,1,0,1,1,0,0,1,7,0.05556918204658561,45406
4101,495.92,0,45,-6.814,0.568215,0,6,1,0,1,1,0,0,3,11,0.06150624683747689,45451
4102,496.06,0,12,-6.092,0.568102,0,2,0,0,1,1,0,0,1,3,0.07039852331702907,45463
4103,496.13,0,5,-5.062,0.568054,0,4,0,0,1,1,0,0,1,3,0.073953927308321,45468
4104,496.43,0,24,-6.502,0.567826,0,3,0,0,1,1,0,0,1,17,0.06083157922451695,45492
4105,496.68,0,20,-5.644,0.567636,0,5,0,0,1,1,0,0,2,7,0.05564959766343236,45512
4106,496.76,0,6,-5.722,0.567579,0,2,0,0,1,1,0,0,1,4,0.058122739816705384,45518
4107,497.1,0,23,-5.814,0.567361,0,5,0,0,1,1,0,0,2,8,0.05819974734407404,45541
4108,497.34,0,19,-4.674,0.56718,0,8,1,0,1,1,0,0,2,10,0.06563002184817665,45560
4109,497.49,0,12,-6.382,0.567066,0,1,0,0,1,1,0,0,1,3,0.06886790553107858,45572
4110,497.57,0,7,-5.482,0.567,0,3,1,0,1,1,0,0,1,3,0.05700003355741501,45579
4111,497.66,0,7,-5.182,0.566933,0,4,0,0,1,1,0,0,1,3,0.030383776341165816,45586
4112,497.78,0,10,-5.962,0.566838,0,2,0,0,1,1,0,0,1,4,0.06050179339945316,45596
4113,497.87,0,7,-5.782,0.566771,0,2,0,0,1,1,0,0,1,3,0.0880017772849117,45603
4114,498.0,0,9,-5.302,0.566686,0,4,0,0,1,1,0,0,1,5,0.05042575216955609,45612
4115,498.09,0,7,-5.49,0.56662,0,3,0,0,1,1,0,0,1,2,0.0367802655590432,45619
4116,498.2,0,8,-5.542,0.566544,0,3,0,0,1,1,0,0,1,4,0.051110122818499804,45627
4117,498.28,0,5,-5.062,0.566496,0,4,0,0,1,1,0,0,1,3,0.052536904066801074,45632
4118,498.44,0,11,-6.022,0.566391,0,2,0,0,1,1,0,0,1,7,0.060791514898565685,45643
4119,498.51,0,5,-5.062,0.566344,0,4,0,0,1,1,0,0,1,3,0.07257318608462811,45648
4120,498.67,0,13,-5.842,0.566221,0,3,0,0,1,1,0,0,1,5,0.04896864008445006,45661
4121,498.79,0,9,-5.912,0.566135,0,2,0,0,1,1,0,0,1,2,0.04132790325416459,45670
4122,498.87,0,7,-6.082,0.566069,0,1,0,0,1,1,0,0,1,2,0.07049326066459928,45677
4123,498.97,0,8,-5.242,0.565993,0,4,1,0,1,1,0,0,1,4,0.029314405983313918,45685
4124,499.15,0,14,-5.902,0.565859,0,3,0,0,1,1,0,0,1,5,0.07493129133113793,45699
4125,499.21,0,5,-5.962,0.565812,0,1,0,0,1,1,0,0,1,1,0.07056287378072738,45704
4126,499.27,0,5,-5.062,0.565765,0,4,0,0,1,1,0,0,1,3,0.05317785739898682,45709
4127,499.55,0,24,-5.874,0.565536,0,5,0,0,1,1,0,0,2,8,0.06729900642919044,45733
4128,499.61,0,5,-5.062,0.565489,0,4,0,0,1,1,0,0,1,3,0.05258368253707886,45738
4129,499.71,0,8,-5.242,0.565413,0,4,0,0,1,1,0,0,1,6,0.05454524466767907,45746
4130,499.99,0,23,-6.114,0.565195,0,4,0,0,1,1,0,0,2,9,0.05329906972854034,45769
4131,500.1,0,8,-5.242,0.565119,0,4,0,0,1,1,0,0,1,4,0.05160910857375711,45777
4132,500.25,0,12,-5.782,0.565005,0,3,0,0,1,1,0,0,1,6,0.06266538263298571,45789
4133,500.39,0,12,-5.782,0.564891,0,3,1,0,1,1,0,0,1,6,0.045337053248658776,45801
4134,500.71,0,24,-5.874,0.564663,0,5,0,0,1,1,0,0,2,7,0.06972076992193858,45825
4135,500.78,0,5,-5.062,0.564615,0,4,2,0,1,1,0,0,1,3,0.04672907143831253,45830
4136,500.88,0,8,-5.85,0.564539,0,2,0,0,1,1,0,0,1,3,0.0596851414302364,45838
4137,501.17,0,23,-7.042,0.564321,0,1,0,0,1,1,0,0,1,6,0.043841484650645565,45861
4138,501.38,0,14,-5.902,0.564188,0,3,0,0,1,1,0,0,1,4,0.042614417017570565,45875
4139,501.66,0,22,-5.762,0.563979,0,5,1,0,1,1,0,0,2,8,0.06715592860498211,45897
4140,502.85,1,88,-7.438,0.563143,1,9,2,0,1,1,0,0,5,25,0.053272649137811226,45985
4141,502.95,0,8,-5.242,0.563067,0,4,0,0,1,1,0,0,1,4,0.048131063580513,45993
4142,503.02,0,6,-5.722,0.563009,0,2,0,0,1,1,0,0,1,4,0.06342988274991512,45999
4143,503.1,0,7,-5.482,0.562943,0,3,0,0,1,1,0,0,1,3,0.05511141887732914,46006
4144,503.2,0,8,-5.842,0.562867,0,2,0,0,1,1,0,0,1,3,0.06414129259064794,46014
4145,503.29,0,8,-5.542,0.562791,0,3,0,0,1,1,0,0,1,6,0.03259283443912864,46022
4146,503.42,0,10,-5.362,0.562696,0,4,0,0,1,1,0,0,1,4,0.05284156836569309,46032
4147,503.56,0,11,-6.022,0.562592,0,2,0,0,1,1,0,0,1,3,0.06327083880420435,46043
4148,503.88,0,26,-6.594,0.562345,0,3,0,0,1,1,0,0,2,6,0.06931459266119279,46069
4149,504.01,0,10,-5.962,0.56225,0,2,0,0,1,1,0,0,1,2,0.0636907011270523,46079
4150,504.08,0,6,-5.422,0.562193,0,3,0,0,1,1,0,0,1,2,0.04020276200026274,46085
4151,504.35,0,19,-5.902,0.562012,0,4,0,0,1,1,0,0,1,9,0.0654896779083892,46104
4152,504.48,0,11,-6.022,0.561908,0,2,0,0,1,1,0,0,1,4,0.07724438997154887,46115
4153,504.69,0,17,-5.454,0.561746,0,5,0,0,1,1,0,0,2,8,0.07451575293260462,46132
4154,504.75,0,5,-5.062,0.561699,0,4,0,0,1,1,0,0,1,3,0.07887890115380287,46137
4155,504.99,0,20,-6.262,0.561508,0,3,0,0,1,1,0,0,1,10,0.054080891283228995,46157
4156,505.06,0,5,-5.062,0.561461,0,4,0,0,1,1,0,0,1,3,0.03955680336803198,46162
4157,505.25,0,15,-6.262,0.561319,0,2,0,0,1,1,0,0,1,6,0.04629630123575528,46177
4158,505.4,0,12,-5.782,0.561204,0,3,0,0,1,1,0,0,1,9,0.06862098242466648,46189
4159,505.63,0,18,-6.142,0.561033,0,3,0,0,1,1,0,0,1,8,0.05708337864942021,46207
4160,506.0,0,26,-6.302,0.560787,0,4,0,0,1,1,0,0,2,10,0.06319198950838584,46233
4161,506.1,0,6,-5.722,0.560729,0,2,0,0,1,1,0,0,1,4,0.050853755325078964,46239
4162,506.2,0,7,-5.482,0.560663,0,3,0,0,1,1,0,0,1,5,0.04254220851830074,46246
4163,506.31,0,7,-5.482,0.560596,0,3,1,0,1,1,0,0,1,5,0.0551072782171624,46253
4164,506.44,0,11,-5.422,0.560492,0,4,0,0,1,1,0,0,1,5,0.04305408133024519,46264
4165,506.51,0,5,-5.062,0.560445,0,4,0,0,1,1,0,0,1,3,0.04308742806315422,46269
4166,506.74,0,19,-5.874,0.560264,0,4,0,0,1,1,0,0,2,10,0.0690468106614916,46288
4167,507.01,0,21,-6.594,0.560064,0,2,0,0,1,1,0,0,2,8,0.05699272116734868,46309
4168,507.35,0,26,-6.604,0.559818,0,3,1,0,1,1,0,0,2,10,0.06034282301194393,46335
4169,507.53,0,13,-6.142,0.559694,0,2,0,0,1,1,0,0,1,8,0.07017838181211399,46348
4170,507.72,0,15,-6.262,0.559551,0,2,0,0,1,1,0,0,1,9,0.050275003723800185,46363
4171,507.89,0,14,-5.274,0.559419,0,5,1,0,1,1,0,0,2,6,0.06980475783348083,46377
4172,507.98,0,7,-5.79,0.559352,0,2,0,0,1,1,0,0,1,2,0.04058813716151884,46384
4173,508.08,0,8,-5.242,0.559276,0,4,0,0,1,1,0,0,1,4,0.0721264723688364,46392
4174,508.21,0,10,-5.962,0.559181,0,2,0,0,1,1,0,0,1,7,0.05841690171509981,46402
4175,508.42,0,14,-5.902,0.559048,0,3,0,0,1,1,0,0,1,2,0.05092346881117139,46416
4176,508.9,0,37,-5.146,0.558697,0,10,0,0,1,1,0,0,3,15,0.07331044367841773,46453
4177,509.26,0,28,-6.442,0.558431,0,4,0,0,1,1,0,0,1,12,0.054795465764722655,46481
4178,509.33,0,5,-5.062,0.558383,0,4,0,0,1,1,0,0,1,3,0.04775281623005867,46486
4179,509.4,0,6,-5.43,0.558326,0,3,0,0,1,1,0,0,1,1,0.05650633480399847,46492
4180,509.9,0,41,-5.666,0.557937,0,9,1,0,1,1,0,0,4,14,0.05826261389728,46533
4181,510.01,0,8,-6.142,0.557861,0,1,0,0,1,1,0,0,1,1,0.05870654061436653,46541
4182,510.25,0,18,-6.142,0.557689,0,3,0,0,1,1,0,0,1,4,0.05708722739169995,46559
4183,510.55,0,20,-5.934,0.5575,0,4,0,0,1,1,0,0,2,13,0.05670757200568914,46579
4184,511.54,0,71,-7.12,0.556825,0,10,1,0,1,1,0,0,5,21,0.06279032548863284,46650
4185,511.78,0,20,-5.334,0.556635,0,6,1,0,1,1,0,0,2,3,0.06428150106221438,46670
4186,511.93,0,11,-5.422,0.556531,0,4,0,0,1,1,0,0,1,9,0.03461796333166686,46681
4187,512.05,0,9,-6.202,0.556445,0,1,0,0,1,1,0,0,1,6,0.052857050051291786,46690
4188,512.17,0,9,-5.902,0.55636,0,2,0,0,1,1,0,0,1,6,0.05691873530546824,46699
4189,512.24,0,6,-5.122,0.556302,0,4,0,0,1,1,0,0,1,4,0.05383939823756615,46705
4190,512.59,0,25,-5.934,0.556065,0,5,0,0,1,1,0,0,2,7,0.0694896563142538,46730
4191,512.89,0,23,-6.414,0.555847,0,3,1,0,1,1,0,0,2,10,0.05229630442741125,46753
4192,513.28,0,31,-6.274,0.555552,0,5,0,0,1,1,0,0,3,15,0.05332481410474547,46784
4193,513.51,0,18,-6.15,0.555381,0,3,1,0,1,1,0,0,1,5,0.05893053538683388,46802
4194,513.62,0,9,-5.602,0.555295,0,3,1,0,1,1,0,0,1,5,0.05126860458403826,46811
4195,513.74,0,8,-5.542,0.555219,0,3,0,0,1,1,0,0,1,4,0.05408269399777055,46819
4196,513.84,0,6,-5.422,0.555163,0,3,1,0,1,1,0,0,1,4,0.048700002022087574,46825
4197,513.91,0,6,-5.43,0.555106,0,3,0,0,1,1,0,0,1,1,0.07614265258113544,46831
4198,514.57,0,50,-5.906,0.554631,0,10,1,0,1,1,0,0,4,17,0.05572530601173639,46881
4199,514.63,0,5,-5.062,0.554583,0,4,0,0,1,1,0,0,1,3,0.056767281331121924,46886
4200,514.98,0,28,-6.124,0.554317,0,5,0,0,1,1,0,0,2,6,0.06499221189213651,46914
4201,515.13,0,11,-5.422,0.554212,0,4,0,0,1,1,0,0,1,7,0.04723693650554527,46925
4202,515.25,0,9,-5.602,0.554127,0,3,0,0,1,1,0,0,1,7,0.051998204137716025,46934
4203,515.47,0,19,-5.902,0.553947,0,4,0,0,1,1,0,0,1,15,0.053778378292918205,46953
4204,515.79,0,26,-5.966,0.5537,0,5,1,0,1,1,0,0,3,9,0.07132056591889033,46979
4205,515.9,0,8,-5.242,0.553624,0,4,0,0,1,1,0,0,1,4,0.06945838092360646,46987
4206,516.03,0,11,-5.122,0.553519,0,5,1,0,1,1,0,0,1,5,0.053711159324104134,46998
4207,516.2,0,13,-5.842,0.553396,0,3,0,0,1,1,0,0,1,0,0.056088206000052966,47011
4208,516.3,0,8,-5.852,0.553319,0,2,0,0,1,1,0,0,1,3,0.05554740992374718,47019
4209,516.36,0,5,-5.362,0.553272,0,3,0,0,1,1,0,0,1,1,0.05734245553612709,47024
4210,516.84,0,37,-7.292,0.552921,0,3,1,0,1,1,0,0,1,10,0.057686433095384286,47061
4211,516.95,0,9,-4.702,0.552835,0,6,0,0,1,1,0,0,1,6,0.03974997790323363,47070
4212,517.39,0,32,-6.072,0.552531,0,6,0,0,1,1,0,0,2,12,0.05196184723172337,47102
4213,517.47,0,5,-5.362,0.552484,0,3,0,0,1,1,0,0,1,3,0.0525230597704649,47107
4214,517.53,0,5,-5.362,0.552436,0,3,0,0,1,1,0,0,1,2,0.0709464393556118,47112
4215,517.67,0,11,-5.722,0.552331,0,3,0,0,1,1,0,0,1,7,0.05352884158492088,47123
4216,518.32,0,43,-7.306,0.551923,0,4,1,0,1,1,0,0,3,16,0.0688690677241877,47166
4217,518.72,0,26,-6.304,0.551676,0,4,0,0,1,1,0,0,2,8,0.06836272518222149,47192
4218,518.85,0,10,-5.662,0.551581,0,3,0,0,1,1,0,0,1,4,0.04175484571605921,47202
4219,518.92,0,6,-6.022,0.551524,0,1,0,0,1,1,0,0,1,4,0.0427816075583299,47208
4220,519.06,0,11,-5.722,0.551419,0,3,0,0,1,1,0,0,1,7,0.031936049461364746,47219
4221,519.45,0,31,-6.622,0.551125,0,4,0,0,1,1,0,0,1,19,0.04941053129732609,47250
4222,519.57,0,10,-6.262,0.55103,0,1,0,0,1,1,0,0,1,4,0.054507282003760336,47260
4223,519.65,0,7,-6.082,0.550964,0,1,0,0,1,1,0,0,1,3,0.04052840173244476,47267
4224,519.77,0,10,-5.362,0.550868,0,4,0,0,1,1,0,0,1,6,0.05646471958607435,47277
4225,519.85,0,6,-5.722,0.550812,0,2,0,0,1,1,0,0,1,4,0.06389426440000534,47283
4226,520.03,0,14,-5.602,0.550679,0,4,1,0,1,1,0,0,1,10,0.044738082880420346,47297
4227,520.23,0,17,-6.082,0.550517,0,3,0,0,1,1,0,0,1,9,0.0656380950308898,47314
4228,520.49,0,21,-6.312,0.550318,0,3,1,0,1,1,0,0,2,7,0.05427786592571508,47335
4229,520.75,0,21,-6.322,0.550118,0,3,0,0,1,1,0,0,1,14,0.04914023017599469,47356
4230,520.81,0,5,-5.662,0.550071,0,2,1,0,1,1,0,0,1,1,0.053625553101301196,47361
4231,520.98,0,12,-5.482,0.549956,0,4,0,0,1,1,0,0,1,4,0.047525801695883274,47373
4232,521.28,0,22,-6.054,0.549748,0,4,0,0,1,1,0,0,2,7,0.04899808726358143,47395
4233,521.36,0,5,-5.362,0.5497,0,3,0,0,1,1,0,0,1,3,0.0779339250177145,47400
4234,521.73,0,27,-4.526,0.549443,0,10,1,0,1,1,0,0,3,10,0.052306546036292006,47427
4235,521.8,0,5,-5.062,0.549396,0,4,0,0,1,1,0,0,1,3,0.06876067444682121,47432
4236,522.08,0,22,-5.754,0.549187,0,5,0,0,1,1,0,0,2,10,0.07111556836488572,47454
4237,522.24,0,10,-6.562,0.549092,0,0,0,0,1,1,0,0,1,4,0.06665071621537208,47464
4238,522.34,0,8,-6.142,0.549016,0,1,0,0,1,1,0,0,1,4,0.07344759092666209,47472
4239,522.6,0,21,-5.104,0.548817,0,7,0,0,1,1,0,0,2,6,0.05079415986048324,47493
4240,522.73,0,10,-5.362,0.548722,0,4,1,0,1,1,0,0,1,6,0.043609235994517805,47503
4241,523.07,0,26,-6.594,0.548474,0,3,0,0,1,1,0,0,2,13,0.07001761955997118,47529
4242,523.14,0,5,-5.062,0.548427,0,4,0,0,1,1,0,0,1,3,0.03574845045804977,47534
4243,523.23,0,8,-5.852,0.548351,0,2,0,0,1,1,0,0,1,3,0.0536133972927928,47542
4244,523.37,0,11,-5.722,0.548247,0,3,1,0,1,1,0,0,1,8,0.0607622428373857,47553
4245,523.43,0,5,-5.362,0.548199,0,3,0,0,1,1,0,0,1,2,0.05636060684919357,47558
4246,523.54,0,9,-5.302,0.548114,0,4,0,0,1,1,0,0,1,5,0.07524047729869683,47567
4247,523.9,0,28,-7.042,0.547848,0,2,2,0,1,1,0,0,1,18,0.04890311492740044,47595
4248,524.1,0,15,-5.962,0.547705,0,3,1,0,1,1,0,0,1,7,0.07281201730171839,47610
4249,524.47,0,27,-5.754,0.547449,0,6,0,0,1,1,0,0,2,11,0.06378334657185608,47637
4250,524.61,0,12,-5.782,0.547335,0,3,0,0,1,1,0,0,1,8,0.0625729626044631,47649
4251,524.75,0,11,-5.722,0.54723,0,3,0,0,1,1,0,0,1,7,0.05276354554701935,47660
4252,524.85,0,9,-6.202,0.547145,0,1,0,0,1,1,0,0,1,2,0.040085928307639226,47669
4253,524.93,0,6,-5.422,0.547087,0,3,0,0,1,1,0,0,1,4,0.038555833200613655,47675
4254,525.03,0,8,-5.542,0.547011,0,3,0,0,1,1,0,0,1,4,0.07381818443536758,47683
4255,525.33,0,24,-4.956,0.546784,0,8,0,0,1,1,0,0,3,9,0.05739252537023276,47707
4256,525.44,0,9,-5.902,0.546698,0,2,0,0,1,1,0,0,1,7,0.07188913805617227,47716
4257,525.52,0,6,-6.022,0.546641,0,1,0,0,1,1,0,0,1,1,0.06971519875029723,47722
4258,525.59,0,6,-6.022,0.546584,0,1,0,0,1,1,0,0,1,3,0.042155062003682055,47728
4259,525.67,0,6,-5.122,0.546527,0,4,0,0,1,1,0,0,1,4,0.06965474815418322,47734
4260,525.81,0,11,-5.722,0.546423,0,3,0,0,1,1,0,0,1,5,0.05668211432004517,47745
4261,526.0,0,15,-5.634,0.54628,0,4,0,0,1,1,0,0,2,7,0.05692010521888733,47760
4262,526.08,0,6,-5.422,0.546223,0,3,0,0,1,1,0,0,1,4,0.10467158754666646,47766
4263,526.21,0,10,-5.962,0.546128,0,2,0,0,1,1,0,0,1,5,0.04895130209624767,47776
4264,526.28,0,5,-5.662,0.54608,0,2,1,0,1,1,0,0,1,3,0.09075207263231277,47781
4265,526.39,0,9,-5.602,0.545995,0,3,1,0,1,1,0,0,1,5,0.053315280419256955,47790
4266,526.53,0,11,-6.022,0.545891,0,2,0,0,1,1,0,0,1,7,0.056153649294918236,47801
4267,526.63,0,8,-5.842,0.545814,0,2,0,0,1,1,0,0,1,4,0.0629015532322228,47809
4268,526.85,0,16,-6.322,0.545662,0,2,1,0,1,1,0,0,1,14,0.06908302800729871,47825
4269,527.04,0,15,-5.662,0.54552,0,4,1,0,1,1,0,0,1,9,0.04020314949254195,47840
4270,527.63,0,40,-5.006,0.54514,0,11,0,0,1,1,0,0,3,14,0.05390886494424194,47880
4271,527.87,0,16,-5.404,0.544988,0,5,0,0,1,1,0,0,2,7,0.07042603404261172,47896
4272,528.22,0,23,-6.124,0.54477,0,4,0,0,1,1,0,0,2,12,0.05399580121688221,47919
4273,528.34,0,9,-5.302,0.544684,0,4,2,0,1,1,0,0,1,7,0.08123594108555052,47928
4274,528.44,0,8,-5.542,0.544608,0,3,0,0,1,1,0,0,1,4,0.056454410078004,47936
4275,528.54,0,7,-6.09,0.544542,0,1,0,0,1,1,0,0,1,1,0.05997989805681365,47943
4276,528.65,0,8,-5.242,0.544466,0,4,0,0,1,1,0,0,1,6,0.049575418466702104,47951
4277,528.86,0,17,-6.082,0.544304,0,3,0,0,1,1,0,0,1,9,0.06194659837466829,47968
4278,528.96,0,8,-5.542,0.544228,0,3,0,0,1,1,0,0,1,3,0.05654019257053733,47976
4279,529.06,0,8,-5.842,0.544152,0,2,0,0,1,1,0,0,1,5,0.06457575410604477,47984
4280,529.13,0,5,-5.362,0.544104,0,3,0,0,1,1,0,0,1,3,0.04121795222163201,47989
4281,529.19,0,5,-5.362,0.544057,0,3,0,0,1,1,0,0,1,2,0.02797610852867365,47994
4282,529.34,0,11,-5.422,0.543953,0,4,0,0,1,1,0,0,1,7,0.043459704484451904,48005
4283,529.42,0,7,-5.482,0.543886,0,3,0,0,1,1,0,0,1,3,0.06336517685226031,48012
4284,529.5,0,7,-5.492,0.54382,0,3,0,0,1,1,0,0,1,2,0.048234524205327034,48019
4285,529.89,0,33,-5.822,0.543506,0,7,0,0,1,1,0,0,2,10,0.05592301008150433,48052
4286,529.98,0,7,-6.082,0.54344,0,1,0,0,1,1,0,0,1,5,0.05148927814194134,48059
4287,530.08,0,8,-5.542,0.543364,0,3,0,0,1,1,0,0,1,2,0.03992768586613238,48067
4288,530.5,0,33,-7.042,0.54305,0,3,1,0,1,1,0,0,1,12,0.04823529522753123,48100
4289,530.63,0,10,-5.662,0.542955,0,3,0,0,1,1,0,0,1,8,0.06365458071231841,48110
4290,531.06,0,35,-6.516,0.542623,0,5,0,0,1,1,0,0,3,18,0.07688118118260588,48145
4291,531.37,0,23,-6.442,0.542404,0,3,1,0,1,1,0,0,1,13,0.054580366481905396,48168
4292,531.68,0,20,-6.262,0.542214,0,3,0,0,1,1,0,0,1,12,0.06642341781407594,48188
4293,531.79,0,8,-5.542,0.542138,0,3,0,0,1,1,0,0,1,4,0.07155957026407123,48196
4294,531.85,0,5,-5.362,0.542091,0,3,0,0,1,1,0,0,1,3,0.053560181707143786,48201
4295,532.08,0,19,-6.202,0.54191,0,3,0,0,1,1,0,0,1,7,0.05986860095474281,48220
4296,532.25,0,13,-5.842,0.541787,0,3,0,0,1,1,0,0,1,9,0.07706802094785067,48233
4297,532.78,0,38,-7.014,0.541426,0,4,1,0,1,1,0,0,2,7,0.0564539305081493,48271
4298,533.07,0,20,-6.562,0.541235,0,2,0,0,1,1,0,0,1,7,0.056562671530991794,48291
4299,533.27,0,16,-6.622,0.541084,0,1,0,0,1,1,0,0,1,9,0.049941688834223896,48307
4300,533.38,0,8,-5.542,0.541007,0,3,0,0,1,1,0,0,1,4,0.08007269259542227,48315
4301,533.49,0,9,-5.602,0.540922,0,3,1,0,1,1,0,0,1,2,0.06156688597467211,48324
4302,533.57,0,6,-5.422,0.540865,0,3,0,0,1,1,0,0,1,4,0.04746586115409931,48330
4303,533.68,0,9,-5.602,0.540779,0,3,0,0,1,1,0,0,1,5,0.04707715432677004,48339
4304,533.74,0,5,-5.662,0.540732,0,2,0,0,1,1,0,0,1,1,0.06309080701321364,48344
4305,533.84,0,8,-5.542,0.540656,0,3,0,0,1,1,0,0,1,5,0.05000183905940503,48352
4306,534.2,0,29,-6.802,0.54038,0,3,1,0,1,1,0,0,1,11,0.059920458990181315,48381
4307,534.64,0,38,-6.714,0.540019,0,5,0,0,1,1,0,0,2,15,0.057093122716698995,48419
4308,534.99,0,29,-6.174,0.539744,0,5,0,0,1,1,0,0,2,12,0.0720013561819134,48448
4309,535.18,0,15,-5.942,0.539602,0,3,0,0,1,1,0,0,2,4,0.057403118908405305,48463
4310,535.28,0,7,-5.482,0.539535,0,3,0,0,1,1,0,0,1,3,0.056203187709408145,48470
4311,535.45,0,15,-6.262,0.539392,0,2,0,0,1,1,0,0,1,4,0.06427686338623365,48485
4312,535.53,0,6,-5.122,0.539335,0,4,1,0,1,1,0,0,1,4,0.07808602259804805,48491
4313,535.69,0,14,-6.202,0.539203,0,2,0,0,1,1,0,0,1,5,0.07169875582414013,48505
4314,535.76,0,5,-5.362,0.539155,0,3,1,0,1,1,0,0,1,3,0.05940329805016518,48510
4315,536.17,0,30,-6.834,0.53887,0,3,0,0,1,1,0,0,2,13,0.059111735721429186,48540
4316,536.45,0,19,-6.202,0.53869,0,3,0,0,1,1,0,0,1,7,0.05808530836121032,48559
4317,536.59,0,10,-6.262,0.538595,0,1,0,0,1,1,0,0,1,6,0.06692993696779012,48569
4318,536.67,0,6,-6.022,0.538538,0,1,0,0,1,1,0,0,1,4,0.0459142749508222,48575
4319,536.75,0,6,-5.422,0.538481,0,3,0,0,1,1,0,0,1,4,0.061601287219673395,48581
4320,537.02,0,20,-5.942,0.538291,0,4,0,0,1,1,0,0,2,10,0.04928125832229853,48601
4321,537.48,0,33,-7.324,0.537977,0,2,0,0,1,1,0,0,2,15,0.050017731151346,48634
4322,538.24,0,49,-6.446,0.537512,0,8,1,0,1,1,0,0,3,22,0.05825622728550617,48683
4323,538.73,0,36,-7.202,0.53717,0,3,0,0,1,1,0,0,2,11,0.06703663105145097,48719
4324,539.12,0,29,-6.182,0.536894,0,5,0,0,1,1,0,0,2,11,0.06086394017369583,48748
4325,539.42,0,24,-6.802,0.536666,0,2,0,0,1,1,0,0,1,12,0.06055315521856149,48772
4326,539.49,0,6,-6.032,0.536609,0,1,0,0,1,1,0,0,1,1,0.06633638714750607,48778
4327,539.78,0,24,-4.956,0.536381,0,8,0,0,1,1,0,0,3,7,0.06875458188975851,48802
4328,539.92,0,11,-6.322,0.536277,0,1,0,0,1,1,0,0,1,6,0.08473929864439098,48813
4329,539.99,0,6,-5.422,0.53622,0,3,0,0,1,1,0,0,1,2,0.052062525413930416,48819
4330,540.12,0,10,-6.272,0.536125,0,1,0,0,1,1,0,0,1,3,0.04190590437501669,48829
4331,540.22,0,8,-5.542,0.536048,0,3,0,0,1,1,0,0,1,6,0.05796337500214577,48837
4332,540.3,0,6,-5.722,0.535992,0,2,1,0,1,1,0,0,1,4,0.04495207049573461,48843
4333,540.62,0,25,-6.572,0.535754,0,3,1,0,1,1,0,0,1,16,0.04752544544637203,48868
4334,540.75,0,10,-5.362,0.535659,0,4,0,0,1,1,0,0,1,4,0.06508662756532431,48878
4335,540.94,0,14,-5.602,0.535526,0,4,0,0,1,1,0,0,1,6,0.054467371199280024,48892
4336,541.03,0,6,-5.122,0.535469,0,4,1,0,1,1,0,0,1,4,0.0735380941381057,48898
4337,541.3,0,20,-5.962,0.535279,0,4,0,0,1,1,0,0,1,10,0.059141895920038226,48918
4338,541.46,0,13,-6.142,0.535156,0,2,0,0,1,1,0,0,1,7,0.06119640959570041,48931
4339,541.56,0,8,-5.842,0.53508,0,2,1,0,1,1,0,0,1,3,0.05864813597872853,48939
4340,541.65,0,7,-5.182,0.535013,0,4,1,0,1,1,0,0,1,5,0.082992606397186,48946
4341,541.72,0,6,-5.722,0.534956,0,2,0,0,1,1,0,0,1,4,0.04317281022667885,48952
4342,541.91,0,15,-5.662,0.534814,0,4,0,0,1,1,0,0,1,2,0.05570739271740119,48967
4343,541.98,0,5,-5.662,0.534766,0,2,0,0,1,1,0,0,1,0,0.0452509194612503,48972
4344,542.15,0,14,-5.902,0.534633,0,3,0,0,1,1,0,0,1,6,0.05009846069983074,48986
4345,542.32,0,13,-6.152,0.534509,0,2,0,0,1,1,0,0,1,8,0.06875610036345628,48999
4346,542.47,0,12,-6.082,0.534396,0,2,0,0,1,1,0,0,1,7,0.0546741709113121,49011
4347,542.74,0,22,-5.454,0.534187,0,6,1,0,1,1,0,0,2,10,0.046314307784830984,49033
4348,543.26,0,39,-5.846,0.533816,0,8,0,0,1,1,0,0,4,11,0.06725512595417407,49072
4349,543.37,0,7,-5.782,0.53375,0,2,0,0,1,1,0,0,1,1,0.09435426177723068,49079
4350,543.47,0,9,-5.602,0.533664,0,3,1,0,1,1,0,0,1,3,0.0964821730222967,49088
4351,543.6,0,11,-5.422,0.533559,0,4,0,0,1,1,0,0,1,7,0.06055058284916661,49099
4352,543.71,0,9,-5.902,0.533474,0,2,0,0,1,1,0,0,1,4,0.07572006289329794,49108
4353,543.78,0,5,-5.362,0.533427,0,3,0,0,1,1,0,0,1,1,0.06931538665667177,49113
4354,543.86,0,7,-5.182,0.53336,0,4,1,0,1,1,0,0,1,5,0.05962206090667418,49120
4355,543.93,0,5,-5.362,0.533313,0,3,0,0,1,1,0,0,1,3,0.06927885040640831,49125
4356,544.2,0,23,-5.822,0.533094,0,5,0,0,1,1,0,0,2,8,0.06178215737252132,49148
4357,544.28,0,6,-5.422,0.533037,0,3,0,0,1,1,0,0,1,4,0.0735090874756376,49154
4358,544.52,0,20,-6.862,0.532847,0,1,0,0,1,1,0,0,1,11,0.06573347868397832,49174
4359,545.04,0,41,-7.222,0.532458,0,4,1,0,1,1,0,0,1,19,0.06550410158205323,49215
4360,545.23,0,13,-5.842,0.532334,0,3,0,0,1,1,0,0,1,9,0.06097501931855312,49228
4361,545.33,0,7,-5.182,0.532268,0,4,0,0,1,1,0,0,1,5,0.0664228198251554,49235
4362,545.42,0,7,-6.082,0.532201,0,1,1,0,1,1,0,0,1,4,0.05494657810777426,49242
4363,545.54,0,10,-5.062,0.532106,0,5,2,0,1,1,0,0,1,4,0.08005067519843578,49252
4364,545.63,0,7,-5.182,0.532039,0,4,1,0,1,1,0,0,1,5,0.06000679465276854,49259
4365,545.69,0,5,-5.362,0.531992,0,3,1,0,1,1,0,0,1,3,0.06729028224945069,49264
4366,545.98,0,22,-5.764,0.531783,0,5,0,0,1,1,0,0,2,12,0.061049865050749344,49286
4367,546.08,0,6,-5.722,0.531726,0,2,0,0,1,1,0,0,1,2,0.05860530833403269,49292
4368,546.33,0,19,-6.202,0.531546,0,3,0,0,1,1,0,0,1,11,0.05697912193442646,49311
4369,546.4,0,5,-5.062,0.531498,0,4,1,0,1,1,0,0,1,3,0.05515170805156231,49316
4370,546.46,0,5,-5.662,0.531451,0,2,0,0,1,1,0,0,1,3,0.05090219080448151,49321
4371,546.65,0,14,-5.602,0.531317,0,4,0,0,1,1,0,0,1,8,0.06847438162990979,49335
4372,546.75,0,7,-5.482,0.531251,0,3,0,0,1,1,0,0,1,5,0.05009818183524268,49342
4373,547.13,0,31,-6.294,0.530957,0,5,0,0,1,1,0,0,2,14,0.057362060242843245,49373
4374,547.27,0,10,-5.962,0.530862,0,2,1,0,1,1,0,0,1,5,0.05916847605258226,49383
4375,547.35,0,6,-5.122,0.530805,0,4,0,0,1,1,0,0,1,4,0.04082433072229227,49389
4376,547.52,0,14,-5.902,0.530671,0,3,1,0,1,1,0,0,1,8,0.06661257493708815,49403
4377,547.69,0,13,-6.142,0.530548,0,2,0,0,1,1,0,0,1,9,0.06203368721673122,49416
4378,547.85,0,13,-5.842,0.530425,0,3,0,0,1,1,0,0,1,7,0.0720529738956919,49429
4379,547.91,0,5,-5.362,0.530377,0,3,0,0,1,1,0,0,1,1,0.04465898461639881,49434
4380,548.08,0,13,-5.842,0.530253,0,3,0,0,1,1,0,0,1,6,0.05501026832140409,49447
4381,548.18,0,8,-5.242,0.530177,0,4,0,0,1,1,0,0,1,6,0.04655135190114379,49455
4382,548.48,0,25,-6.234,0.52994,0,4,0,0,1,1,0,0,2,12,0.052403474748134615,49480
4383,548.56,0,6,-5.122,0.529883,0,4,0,0,1,1,0,0,1,4,0.059624855096141495,49486
4384,548.74,0,14,-5.902,0.52975,0,3,0,0,1,1,0,0,1,6,0.0651519965114338,49500
4385,548.95,0,16,-6.622,0.529598,0,1,0,0,1,1,0,0,1,5,0.07625862711574882,49516
4386,549.42,0,38,-7.322,0.529237,0,3,0,0,1,1,0,0,2,8,0.06430472938441917,49554
4387,550.11,1,53,-4.506,0.528733,1,12,2,0,1,1,0,0,3,27,0.052734265736532664,49607
4388,550.93,0,54,-7.956,0.52822,0,4,0,0,1,1,0,0,3,19,0.05594452234261014,49661
4389,551.12,0,12,-5.482,0.528107,0,4,0,0,1,1,0,0,1,6,0.06410977880780895,49673
4390,551.23,0,8,-5.242,0.528031,0,4,0,0,1,1,0,0,1,6,0.05321832909248769,49681
4391,551.31,0,6,-5.122,0.527974,0,4,0,0,1,1,0,0,1,4,0.058328830947478615,49687
4392,551.46,0,12,-5.782,0.52786,0,3,0,0,1,1,0,0,1,4,0.052264234671990074,49699
4393,551.54,0,7,-5.782,0.527793,0,2,0,0,1,1,0,0,1,4,0.07646343963486808,49706
4394,551.61,0,5,-5.062,0.527745,0,4,1,0,1,1,0,0,1,3,0.05603649988770485,49711
4395,551.71,0,7,-5.482,0.527679,0,3,0,0,1,1,0,0,1,5,0.07205884877060141,49718
4396,552.04,1,28,-5.424,0.527413,1,4,2,0,1,1,0,0,2,7,0.05492365929032011,49746
4397,552.27,0,18,-5.842,0.527242,0,4,0,0,1,1,0,0,1,10,0.06141953341042002,49764
4398,552.34,0,5,-5.062,0.527195,0,4,0,0,1,1,0,0,1,3,0.10512136146426201,49769
4399,552.56,0,16,-5.722,0.527043,0,4,1,0,1,1,0,0,1,10,0.0514481085119769,49785
4400,552.84,0,19,-6.202,0.526862,0,3,1,0,1,1,0,0,1,13,0.0664372454936567,49804
4401,553.16,0,23,-6.122,0.526644,0,4,0,0,1,1,0,0,2,3,0.0609327659982702,49827
4402,553.32,0,13,-6.142,0.52652,0,2,0,0,1,1,0,0,1,11,0.06308481147369513,49840
4403,553.46,0,11,-5.722,0.526416,0,3,0,0,1,1,0,0,1,7,0.06305292401124131,49851
4404,554.32,0,65,-5.886,0.525798,0,13,1,0,1,1,0,0,4,14,0.05804343194915698,49916
4405,554.62,0,24,-6.512,0.52557,0,3,0,0,1,1,0,0,1,15,0.05081504203068713,49940
4406,554.82,0,16,-5.422,0.525418,0,5,0,0,1,1,0,0,1,3,0.06315042334608734,49956
4407,555.11,0,24,-5.574,0.52519,0,6,0,0,1,1,0,0,2,11,0.06938400375656784,49980
4408,555.22,0,8,-5.842,0.525114,0,2,0,0,1,1,0,0,1,5,0.05425758194178343,49988
4409,555.49,0,22,-5.154,0.524905,0,7,0,0,1,1,0,0,2,6,0.06939866156740622,50010
4410,555.55,0,5,-5.362,0.524857,0,3,0,0,1,1,0,0,1,3,0.03741058874875307,50015
4411,555.67,0,9,-4.702,0.524772,0,6,1,0,1,1,0,0,1,1,0.08165406621992588,50024
4412,555.81,0,11,-6.022,0.524668,0,2,0,0,1,1,0,0,1,5,0.06787494536150586,50035
4413,555.88,0,5,-5.372,0.52462,0,3,0,0,1,1,0,0,1,0,0.0636217437684536,50040
4414,556.07,0,16,-6.33,0.524468,0,2,1,0,1,1,0,0,1,7,0.06033038441091776,50056
4415,556.16,0,7,-5.182,0.524401,0,4,0,0,1,1,0,0,1,5,0.052744398159640174,50063
4416,556.36,0,17,-5.764,0.52424,0,4,0,0,1,1,0,0,2,6,0.05374839096604025,50080
4417,556.43,0,5,-5.362,0.524193,0,3,0,0,1,1,0,0,1,3,0.05162603929638863,50085
4418,556.67,0,20,-6.562,0.524003,0,2,0,0,1,1,0,0,1,10,0.06649224972352386,50105
4419,556.97,0,21,-5.994,0.523803,0,4,0,0,1,1,0,0,2,12,0.06096834041887805,50126
4420,557.13,0,11,-5.422,0.523699,0,4,0,0,1,1,0,0,1,7,0.05007953637025573,50137
4421,557.26,0,8,-5.552,0.523623,0,3,0,0,1,1,0,0,1,1,0.05713267810642719,50145
4422,557.63,0,29,-4.356,0.523347,0,11,0,0,1,1,0,0,3,12,0.05737142088212844,50174
4423,557.92,0,24,-6.174,0.523119,0,4,0,0,1,1,0,0,2,9,0.07356868521310389,50198
4424,558.06,0,11,-5.722,0.523014,0,3,0,0,1,1,0,0,1,8,0.05614919401705265,50209
4425,558.21,0,12,-5.482,0.5229,0,4,1,0,1,1,0,0,1,4,0.061617895029485226,50221
4426,558.3,0,6,-5.422,0.522844,0,3,0,0,1,1,0,0,1,4,0.05880371822665135,50227
4427,558.69,0,32,-5.726,0.52254,0,7,0,0,1,1,0,0,3,10,0.0589159177034162,50259
4428,558.79,0,8,-5.542,0.522464,0,3,0,0,1,1,0,0,1,6,0.041457925690338016,50267
4429,559.01,0,16,-6.022,0.522312,0,3,0,0,1,1,0,0,1,6,0.06513465219177306,50283
4430,559.27,0,17,-6.082,0.52215,0,3,0,0,1,1,0,0,1,7,0.06381167822024401,50300
4431,559.51,0,19,-6.81,0.521969,0,1,1,0,1,1,0,0,1,6,0.07630997842275783,50319
4432,559.57,0,5,-5.362,0.521922,0,3,0,0,1,1,0,0,1,3,0.0550927571952343,50324
4433,560.22,0,48,-4.876,0.521466,0,13,1,0,1,1,0,0,4,10,0.05939408791406701,50372
4434,560.42,0,15,-5.662,0.521324,0,4,1,0,1,1,0,0,1,9,0.05965699056784312,50387
4435,560.48,0,5,-5.062,0.521276,0,4,1,0,1,1,0,0,1,3,0.10668490380048752,50392
4436,560.54,0,5,-5.062,0.521228,0,4,0,0,1,1,0,0,1,3,0.0604439452290535,50397
4437,560.6,0,5,-5.662,0.521181,0,2,0,0,1,1,0,0,1,1,0.06567311100661755,50402
4438,560.91,0,23,-5.786,0.520962,0,5,0,0,1,1,0,0,3,12,0.05238226209969624,50425
4439,560.98,0,5,-5.962,0.520915,0,1,0,0,1,1,0,0,1,1,0.0781082570552826,50430
4440,561.04,0,5,-5.362,0.520868,0,3,0,0,1,1,0,0,1,3,0.05716759338974953,50435
4441,561.17,0,10,-5.662,0.520773,0,3,0,0,1,1,0,0,1,4,0.06310437181964516,50445
4442,561.36,0,15,-6.262,0.52063,0,2,0,0,1,1,0,0,1,8,0.055576917218665284,50460
4443,561.85,0,37,-6.354,0.520278,0,6,1,0,1,1,0,0,2,13,0.04637873718968114,50497
4444,562.01,0,10,-5.662,0.520184,0,3,1,0,1,1,0,0,1,8,0.06402514539659024,50507
4445,562.19,0,14,-5.902,0.52005,0,3,0,0,1,1,0,0,1,8,0.06356615706213883,50521
4446,562.28,0,7,-5.182,0.519984,0,4,0,0,1,1,0,0,1,3,0.03105818826173033,50528
4447,562.42,0,10,-5.662,0.519889,0,3,1,0,1,1,0,0,1,7,0.07208555582910776,50538
4448,562.5,0,6,-5.732,0.519832,0,2,0,0,1,1,0,0,1,1,0.05557615806659063,50544
4449,562.6,0,8,-5.542,0.519756,0,3,0,0,1,1,0,0,1,4,0.05507903406396508,50552
4450,562.83,0,17,-6.382,0.519595,0,2,1,0,1,1,0,0,1,8,0.07717625873492044,50569
4451,563.03,0,16,-5.722,0.519443,0,4,0,0,1,1,0,0,1,10,0.05618754762690514,50585
4452,563.78,0,54,-6.784,0.51893,0,8,1,0,1,1,0,0,2,11,0.05502788807024007,50639
4453,563.86,0,5,-5.062,0.518882,0,4,0,0,1,1,0,0,1,3,0.053926277160644534,50644
4454,563.99,0,8,-5.842,0.518806,0,2,1,0,1,1,0,0,1,4,0.03786421054974198,50652
4455,564.15,0,11,-5.422,0.518701,0,4,1,0,1,1,0,0,1,7,0.046487866308201446,50663
4456,564.23,0,6,-5.722,0.518645,0,2,0,0,1,1,0,0,1,2,0.044448125486572586,50669
4457,564.31,0,6,-5.422,0.518587,0,3,0,0,1,1,0,0,1,1,0.05270333215594292,50675
4458,564.61,0,25,-7.162,0.51835,0,1,0,0,1,1,0,0,1,10,0.06424587346613407,50700
4459,564.74,0,11,-5.722,0.518246,0,3,0,0,1,1,0,0,1,5,0.059639027511531655,50711
4460,564.96,0,18,-6.142,0.518074,0,3,0,0,1,1,0,0,1,8,0.05884284826202525,50729
4461,565.04,0,6,-5.722,0.518018,0,2,0,0,1,1,0,0,1,3,0.06141324838002523,50735
4462,565.2,0,13,-5.542,0.517894,0,4,0,0,1,1,0,0,1,5,0.06518266206750503,50748
4463,565.28,0,6,-5.722,0.517837,0,2,0,0,1,1,0,0,1,3,0.07756863969067733,50754
4464,565.64,0,26,-6.566,0.51759,0,3,0,0,1,1,0,0,3,12,0.05569396031877169,50780
4465,565.8,0,13,-6.45,0.517467,0,1,0,0,1,1,0,0,1,4,0.04844645854945366,50793
4466,566.06,0,21,-6.34,0.517267,0,3,0,0,1,1,0,0,1,12,0.04827324899711779,50814
4467,566.14,0,6,-5.422,0.51721,0,3,1,0,1,1,0,0,1,2,0.06012664921581745,50820
4468,566.21,0,6,-5.722,0.517153,0,2,0,0,1,1,0,0,1,3,0.09307932356993358,50826
4469,566.3,0,7,-5.782,0.517087,0,2,0,0,1,1,0,0,1,3,0.07169844556067671,50833
4470,567.19,0,63,-8.842,0.516488,0,3,0,0,1,1,0,0,1,19,0.06460178250239955,50896
4471,567.33,0,11,-5.422,0.516383,0,4,0,0,1,1,0,0,1,5,0.04916327700696208,50907
4472,567.71,0,25,-6.862,0.516146,0,2,0,0,1,1,0,0,1,17,0.061774282082915306,50932
4473,567.89,0,13,-6.442,0.516023,0,1,0,0,1,1,0,0,1,4,0.05584178291834318,50945
4474,568.81,0,61,-8.994,0.515443,0,2,0,0,1,1,0,0,2,28,0.06993440645517873,51006
4475,568.92,0,7,-5.782,0.515377,0,2,0,0,1,1,0,0,1,2,0.07186776559267725,51013
4476,569.08,0,11,-6.022,0.515272,0,2,0,0,1,1,0,0,1,5,0.07342526655305516,51024
4477,569.16,0,6,-6.022,0.515215,0,1,0,0,1,1,0,0,1,4,0.03534842127313217,51030
4478,569.45,0,22,-6.382,0.515006,0,3,1,0,1,1,0,0,1,10,0.05829438397830183,51052
4479,569.53,0,7,-5.482,0.51494,0,3,0,0,1,1,0,0,1,2,0.085810337215662,51059
4480,569.6,0,6,-5.422,0.514882,0,3,0,0,1,1,0,0,1,4,0.06317624356597662,51065
4481,569.73,0,9,-5.302,0.514797,0,4,0,0,1,1,0,0,1,3,0.037484734422630735,51074
4482,569.95,0,18,-5.842,0.514626,0,4,0,0,1,1,0,0,1,10,0.052619664567626186,51092
4483,570.02,0,6,-5.722,0.514569,0,2,0,0,1,1,0,0,1,4,0.07746200170367956,51098
4484,570.32,0,24,-5.874,0.514341,0,5,0,0,1,1,0,0,2,13,0.048809255744951464,51122
4485,570.41,0,6,-5.122,0.514284,0,4,0,0,1,1,0,0,1,4,0.05330926117797693,51128
4486,570.54,0,9,-5.902,0.514199,0,2,0,0,1,1,0,0,1,4,0.06857369188219309,51137
4487,570.61,0,5,-5.062,0.514151,0,4,0,0,1,1,0,0,1,3,0.06702246032655239,51142
4488,570.67,0,5,-5.062,0.514104,0,4,1,0,1,1,0,0,1,3,0.041826656088232994,51147
4489,570.8,0,10,-5.362,0.514009,0,4,0,0,1,1,0,0,1,6,0.050582288578152654,51157
4490,571.23,0,33,-7.022,0.513695,0,3,0,0,1,1,0,0,2,11,0.06719052791595459,51190
4491,571.3,0,5,-5.662,0.513648,0,2,0,0,1,1,0,0,1,1,0.046310468763113025,51195
4492,571.38,0,5,-5.362,0.5136,0,3,0,0,1,1,0,0,1,3,0.04788985401391983,51200
4493,571.54,0,10,-5.962,0.513505,0,2,0,0,1,1,0,0,1,8,0.0457121092826128,51210
4494,571.64,0,8,-5.242,0.513429,0,4,0,0,1,1,0,0,1,4,0.06471398239955306,51218
4495,571.88,0,18,-6.442,0.513258,0,2,0,0,1,1,0,0,1,8,0.04942300284488334,51236
4496,571.97,0,7,-5.782,0.513192,0,2,1,0,1,1,0,0,1,3,0.062463462219706604,51243
4497,572.05,0,7,-5.782,0.513125,0,2,0,0,1,1,0,0,1,3,0.041025961084025245,51250
4498,572.22,0,13,-5.542,0.513001,0,4,1,0,1,1,0,0,1,7,0.05036452957070791,51263
4499,572.93,0,55,-6.534,0.512479,0,9,0,0,1,1,0,0,3,10,0.05422556258060716,51318
4500,573.13,0,15,-5.962,0.512337,0,3,0,0,1,1,0,0,1,11,0.0443152591586113,51333
4501,573.23,0,7,-6.382,0.51227,0,0,0,0,1,1,0,0,1,2,0.055682238191366196,51340
4502,573.32,0,8,-5.242,0.512194,0,4,1,0,1,1,0,0,1,4,0.043692023027688265,51348
4503,573.64,0,25,-6.262,0.511956,0,4,0,0,1,1,0,0,1,9,0.05639725685119629,51373
4504,573.88,0,21,-6.294,0.511757,0,3,0,0,1,1,0,0,2,7,0.05397137556047667,51394
4505,574.15,0,22,-6.382,0.511548,0,3,1,0,1,1,0,0,1,12,0.07024966806850651,51416
4506,574.22,0,5,-5.362,0.511501,0,3,0,0,1,1,0,0,1,3,0.056476591154932976,51421
4507,574.29,0,6,-5.422,0.511443,0,3,0,0,1,1,0,0,1,4,0.08301305895050366,51427
4508,574.49,0,17,-6.082,0.511282,0,3,0,0,1,1,0,0,1,7,0.06191536356859347,51444
4509,574.61,0,10,-5.362,0.511187,0,4,0,0,1,1,0,0,1,4,0.05788503158837557,51454
4510,574.67,0,5,-5.362,0.51114,0,3,1,0,1,1,0,0,1,3,0.06004650145769119,51459
4511,574.74,0,6,-5.122,0.511082,0,4,0,0,1,1,0,0,1,4,0.05517662471781174,51465
4512,575.42,0,52,-8.134,0.510589,0,3,0,0,1,1,0,0,3,11,0.06028325015750642,51517
4513,575.62,0,15,-5.334,0.510446,0,5,0,0,1,1,0,0,2,7,0.057216666949292026,51532
4514,575.84,0,17,-6.082,0.510285,0,3,0,0,1,1,0,0,1,13,0.05350050352075521,51549
4515,575.92,0,6,-5.422,0.510228,0,3,0,0,1,1,0,0,1,4,0.0636475421488285,51555
4516,576.0,0,7,-5.782,0.510161,0,2,0,0,1,1,0,0,1,5,0.08610137392367635,51562
4517,576.12,0,9,-5.302,0.510076,0,4,0,0,1,1,0,0,1,5,0.055329705898960434,51571
4518,576.24,0,10,-5.962,0.509981,0,2,0,0,1,1,0,0,1,3,0.08211064226925373,51581
4519,576.32,0,6,-5.122,0.509923,0,4,0,0,1,1,0,0,1,4,0.07992453873157501,51587
4520,576.9,0,44,-5.882,0.509505,0,9,0,0,1,1,0,0,3,10,0.059071837162429634,51631
4521,576.99,0,6,-6.022,0.509448,0,1,0,0,1,1,0,0,1,1,0.05415270415445169,51637
4522,577.19,0,13,-6.142,0.509325,0,2,0,0,1,1,0,0,1,4,0.05455071722658781,51650
4523,577.49,0,25,-5.954,0.509087,0,5,1,0,1,1,0,0,2,9,0.04837023925036192,51675
4524,577.63,0,11,-5.422,0.508983,0,4,1,0,1,1,0,0,1,7,0.06502270376817747,51686
4525,577.71,0,7,-5.782,0.508916,0,2,0,0,1,1,0,0,1,0,0.04184026084840298,51693
4526,577.77,0,5,-5.062,0.508869,0,4,0,0,1,1,0,0,1,3,0.06768213100731373,51698
4527,577.92,0,12,-5.782,0.508755,0,3,0,0,1,1,0,0,1,6,0.06685441041675706,51710
4528,578.06,0,11,-5.722,0.508651,0,3,0,0,1,1,0,0,1,7,0.0705801196057688,51721
4529,578.18,0,9,-5.302,0.508565,0,4,1,0,1,1,0,0,1,7,0.06901302706036302,51730
4530,578.46,0,22,-5.772,0.508356,0,5,0,0,1,1,0,0,2,5,0.04915749810805375,51752
4531,578.54,0,5,-5.062,0.508309,0,4,0,0,1,1,0,0,1,3,0.04364602826535702,51757
4532,578.78,0,16,-5.394,0.508157,0,5,1,0,1,1,0,0,2,7,0.055368301866110414,51773
4533,578.85,0,6,-5.422,0.5081,0,3,0,0,1,1,0,0,1,3,0.03135722394411763,51779
4534,579.09,0,19,-5.902,0.507919,0,4,0,0,1,1,0,0,1,9,0.06434844559254616,51798
4535,579.29,0,13,-6.142,0.507796,0,2,0,0,1,1,0,0,1,3,0.050191934721974224,51811
4536,579.4,0,8,-5.542,0.507719,0,3,0,0,1,1,0,0,1,3,0.05741537152789533,51819
4537,579.71,0,27,-6.054,0.507463,0,5,0,0,1,1,0,0,2,7,0.06351753579521621,51846
4538,579.83,0,9,-5.612,0.507378,0,3,0,0,1,1,0,0,1,2,0.055326827284362584,51855
4539,579.94,0,9,-5.902,0.507292,0,2,0,0,1,1,0,0,1,5,0.05372018884453508,51864
4540,580.14,0,16,-6.322,0.50714,0,2,0,0,1,1,0,0,1,10,0.06327441649045795,51880
4541,580.21,0,5,-5.962,0.507092,0,1,0,0,1,1,0,0,1,3,0.04152609370648861,51885
4542,580.37,0,11,-5.422,0.506988,0,4,0,0,1,1,0,0,1,7,0.05257836128161712,51896
4543,580.45,0,6,-5.422,0.506931,0,3,0,0,1,1,0,0,1,4,0.04951638728380203,51902
4544,580.86,0,31,-5.694,0.506637,0,7,0,0,1,1,0,0,2,9,0.05590897435021977,51933
4545,580.97,0,7,-5.182,0.50657,0,4,0,0,1,1,0,0,1,5,0.04250808299652168,51940
4546,581.19,0,16,-5.722,0.506418,0,4,1,0,1,1,0,0,1,8,0.060970107675530016,51956
4547,581.61,0,32,-7.282,0.506114,0,2,1,0,1,1,0,0,1,16,0.06102563644526526,51988
4548,581.7,0,7,-5.482,0.506047,0,3,0,0,1,1,0,0,1,5,0.06139153109065124,51995
4549,581.8,0,8,-5.242,0.505972,0,4,1,0,1,1,0,0,1,6,0.07704145996831357,52003
4550,581.89,0,7,-5.782,0.505905,0,2,0,0,1,1,0,0,1,2,0.05542707283582006,52010
4551,582.11,0,18,-6.442,0.505734,0,2,0,0,1,1,0,0,1,5,0.05083577438361115,52028
4552,582.19,0,6,-5.122,0.505677,0,4,1,0,1,1,0,0,1,4,0.03976936545222998,52034
4553,582.27,0,6,-5.422,0.50562,0,3,0,0,1,1,0,0,1,4,0.0513315312564373,52040
4554,582.45,0,16,-5.722,0.505468,0,4,0,0,1,1,0,0,1,10,0.03557142202043906,52056
4555,582.55,0,8,-5.542,0.505392,0,3,0,0,1,1,0,0,1,3,0.05969275813549757,52064
4556,582.8,0,20,-6.262,0.505202,0,3,0,0,1,1,0,0,1,10,0.06665206514298916,52084
4557,582.9,0,8,-5.242,0.505126,0,4,0,0,1,1,0,0,1,4,0.05437471531331539,52092
4558,583.14,0,19,-6.202,0.504946,0,3,0,0,1,1,0,0,1,13,0.06471306114996735,52111
4559,583.48,0,23,-5.814,0.504727,0,5,0,0,1,1,0,0,2,11,0.05798989105159822,52134
4560,583.84,0,27,-6.682,0.504471,0,3,0,0,1,1,0,0,1,10,0.05967502171794573,52161
4561,584.06,0,14,-5.602,0.504337,0,4,0,0,1,1,0,0,1,8,0.07068013506276268,52175
4562,584.29,0,18,-6.142,0.504166,0,3,0,0,1,1,0,0,1,11,0.044396362422655024,52193
4563,584.38,0,7,-5.782,0.5041,0,2,0,0,1,1,0,0,1,2,0.04809938317963055,52200
4564,584.46,0,7,-5.182,0.504034,0,4,0,0,1,1,0,0,1,3,0.059556895068713596,52207
4565,584.93,0,39,-5.274,0.503663,0,10,0,0,1,1,0,0,2,12,0.059804667050066665,52246
4566,585.02,0,7,-5.782,0.503597,0,2,0,0,1,1,0,0,1,3,0.03858870400914124,52253
4567,585.13,0,9,-6.502,0.503511,0,0,0,0,1,1,0,0,1,5,0.06572395107812351,52262
4568,585.46,0,23,-6.742,0.503292,0,2,0,0,1,1,0,0,1,8,0.05253359221893808,52285
4569,585.53,0,5,-5.662,0.503245,0,2,0,0,1,1,0,0,1,2,0.076194491609931,52290
4570,585.61,0,6,-5.43,0.503188,0,3,0,0,1,1,0,0,1,1,0.0590920535226663,52296
4571,585.74,0,11,-6.322,0.503084,0,1,0,0,1,1,0,0,1,4,0.059109860015186394,52307
4572,585.84,0,7,-5.482,0.503017,0,3,0,0,1,1,0,0,1,5,0.07021988475961345,52314
4573,586.13,0,21,-6.94,0.502818,0,1,0,0,1,1,0,0,1,8,0.062059999842728884,52335
4574,586.39,0,21,-6.33,0.502618,0,3,0,0,1,1,0,0,1,6,0.07108252584224656,52356
4575,586.5,0,9,-5.302,0.502533,0,4,0,0,1,1,0,0,1,7,0.051496012395040855,52365
4576,586.69,0,15,-5.962,0.50239,0,3,0,0,1,1,0,0,1,6,0.04420433913667997,52380
4577,586.95,0,21,-6.022,0.50219,0,4,0,0,1,1,0,0,1,7,0.061610439171393715,52401
4578,587.04,0,6,-5.122,0.502134,0,4,0,0,1,1,0,0,1,4,0.05510374344885349,52407
4579,587.27,0,15,-5.662,0.501991,0,4,1,0,1,1,0,0,1,7,0.06429191567003727,52422
4580,587.36,0,6,-5.422,0.501934,0,3,0,0,1,1,0,0,1,4,0.045130000139276184,52428
4581,587.87,0,37,-6.646,0.501583,0,5,0,0,1,1,0,0,3,16,0.06097811971463867,52465
4582,588.46,0,39,-7.674,0.501212,0,2,0,0,1,1,0,0,2,15,0.06383027804967685,52504
4583,588.6,0,9,-5.602,0.501127,0,3,1,0,1,1,0,0,1,5,0.053069505012697644,52513
4584,588.99,0,26,-6.922,0.500879,0,2,0,0,1,1,0,0,1,5,0.054641715644930415,52539
4585,589.15,0,12,-5.482,0.500765,0,4,1,0,1,1,0,0,1,4,0.05282141144076983,52551
4586,589.34,0,15,-5.962,0.500623,0,3,0,0,1,1,0,0,1,9,0.05683072842657566,52566
4587,589.58,0,21,-5.694,0.500424,0,5,0,0,1,1,0,0,2,11,0.06928356213583833,52587
4588,589.64,0,5,-5.362,0.500376,0,3,0,0,1,1,0,0,1,3,0.04785546772181988,52592
4589,589.79,0,12,-5.782,0.500262,0,3,0,0,1,1,0,0,1,8,0.0747516630217433,52604
4590,589.97,0,14,-6.502,0.500129,0,1,0,0,1,1,0,0,1,4,0.05361425843355911,52618
4591,590.14,0,13,-6.142,0.500006,0,2,0,0,1,1,0,0,1,7,0.06898485611264522,52631
4592,590.25,0,9,-5.902,0.49992,0,2,1,0,1,1,0,0,1,5,0.043638376933005124,52640
4593,591.15,0,64,-8.228,0.499312,0,5,0,0,1,1,0,0,5,16,0.06081811412877869,52704
4594,591.23,0,5,-5.662,0.499265,0,2,1,0,1,1,0,0,1,0,0.08663359433412551,52709
4595,591.41,0,13,-6.142,0.499141,0,2,0,0,1,1,0,0,1,4,0.05678732621555145,52722
4596,591.65,0,20,-5.962,0.498951,0,4,1,0,1,1,0,0,1,12,0.06002261955291033,52742
4597,593.15,0,111,-10.11,0.497896,0,8,1,0,1,1,0,0,6,24,0.05442226160451904,52853
4598,593.23,0,7,-5.782,0.49783,0,2,0,0,1,1,0,0,1,2,0.03516853228211403,52860
4599,593.33,0,8,-5.542,0.497754,0,3,1,0,1,1,0,0,1,4,0.06493601016700268,52868
4600,594.19,0,63,-8.522,0.497156,0,4,0,0,1,1,0,0,2,21,0.06323501328745532,52931
4601,594.29,0,7,-6.082,0.497089,0,1,0,0,1,1,0,0,1,4,0.05957412347197533,52938
4602,594.38,0,7,-5.482,0.497023,0,3,0,0,1,1,0,0,1,1,0.0857533279008099,52945
4603,594.47,0,7,-5.482,0.496956,0,3,1,0,1,1,0,0,1,5,0.040441370968307765,52952
4604,594.59,0,10,-5.662,0.496861,0,3,0,0,1,1,0,0,1,6,0.06565732061862946,52962
4605,594.66,0,6,-5.732,0.496804,0,2,1,0,1,1,0,0,1,1,0.05518981038282315,52968
4606,594.74,0,7,-5.482,0.496737,0,3,0,0,1,1,0,0,1,5,0.057446728593536785,52975
4607,594.9,0,12,-5.782,0.496624,0,3,0,0,1,1,0,0,1,4,0.06278710206970572,52987
4608,595.12,0,19,-5.874,0.496443,0,4,1,0,1,1,0,0,2,9,0.05397561623861915,53006
4609,595.22,0,8,-5.242,0.496367,0,4,0,0,1,1,0,0,1,4,0.06133231706917286,53014
4610,595.37,0,12,-6.082,0.496253,0,2,0,0,1,1,0,0,1,8,0.07488584673653047,53026
4611,596.52,0,83,-7.858,0.495465,0,10,2,0,1,1,0,0,5,17,0.06699848015714123,53109
4612,596.8,0,23,-6.114,0.495246,0,4,1,0,1,1,0,0,2,11,0.0793172572132038,53132
4613,597.54,0,58,-6.986,0.494695,0,8,0,0,1,1,0,0,3,13,0.06486722375747972,53190
4614,597.61,0,5,-5.662,0.494648,0,2,1,0,1,1,0,0,1,1,0.047913610376417635,53195
4615,597.7,0,7,-5.782,0.494581,0,2,1,0,1,1,0,0,1,4,0.04580764299524682,53202
4616,597.76,0,5,-5.062,0.494533,0,4,0,0,1,1,0,0,1,3,0.053210098296403885,53207
4617,597.9,0,11,-5.422,0.494429,0,4,0,0,1,1,0,0,1,3,0.0595427474684336,53218
4618,597.98,0,7,-5.182,0.494363,0,4,0,0,1,1,0,0,1,3,0.07703716680407524,53225
4619,598.16,0,16,-5.722,0.49421,0,4,0,0,1,1,0,0,1,8,0.07668568100780249,53241
4620,598.47,0,25,-6.262,0.493973,0,4,1,0,1,1,0,0,1,7,0.060455377101898196,53266
4621,598.93,0,37,-6.636,0.493622,0,5,0,0,1,1,0,0,3,12,0.05657278698541828,53303
4622,599.79,1,63,-5.686,0.493023,1,10,1,0,1,1,0,0,4,13,0.06432167622482493,53366
4623,599.89,0,8,-5.242,0.492947,0,4,0,0,1,1,0,0,1,4,0.05748977838084102,53374
4624,599.98,0,7,-5.782,0.492881,0,2,0,0,1,1,0,0,1,1,0.06058983225375414,53381
4625,600.27,0,23,-5.214,0.492662,0,7,0,0,1,1,0,0,2,5,0.06311870058593542,53404
4626,600.37,0,7,-5.482,0.492596,0,3,0,0,1,1,0,0,1,5,0.06579654956502574,53411
4627,600.43,0,5,-5.362,0.492548,0,3,0,0,1,1,0,0,1,3,0.051709843799471855,53416
4628,600.71,0,22,-6.354,0.492339,0,3,0,0,1,1,0,0,2,5,0.06371616876938126,53438
4629,601.01,0,24,-6.51,0.492111,0,3,0,0,1,1,0,0,1,6,0.04834875433395306,53462
4630,601.12,0,9,-5.902,0.492026,0,2,0,0,1,1,0,0,1,5,0.042743310125337705,53471
4631,601.19,0,5,-5.362,0.491978,0,3,1,0,1,1,0,0,1,3,0.06972656473517418,53476
4632,601.5,0,21,-6.322,0.491779,0,3,0,0,1,1,0,0,1,17,0.04870832693718728,53497
4633,601.66,0,10,-5.362,0.491683,0,4,0,0,1,1,0,0,1,6,0.05423010881058872,53507
4634,601.85,0,15,-5.962,0.491541,0,3,1,0,1,1,0,0,1,2,0.0601059431831042,53522
4635,602.33,0,34,-7.402,0.491218,0,2,0,0,1,1,0,0,1,16,0.06808569205596167,53556
4636,602.4,0,5,-5.062,0.49117,0,4,1,0,1,1,0,0,1,4,0.08638731092214584,53561
4637,602.53,0,11,-4.822,0.491066,0,6,1,0,1,1,0,0,1,3,0.06186745451255278,53572
4638,602.63,0,8,-6.142,0.49099,0,1,0,0,1,1,0,0,1,2,0.0579589712433517,53580
4639,602.82,0,14,-6.202,0.490857,0,2,0,0,1,1,0,0,1,3,0.06550540495663881,53594
4640,603.22,0,30,-7.134,0.490572,0,2,0,0,1,1,0,0,2,8,0.04730794755741954,53624
4641,603.29,0,5,-5.362,0.490525,0,3,0,0,1,1,0,0,1,2,0.05888663120567798,53629
4642,603.55,0,19,-6.802,0.490344,0,1,0,0,1,1,0,0,1,7,0.05632051943164123,53648
4643,603.87,0,22,-6.082,0.490135,0,4,1,0,1,1,0,0,1,6,0.058986590413207356,53670
4644,604.11,0,16,-6.022,0.489983,0,3,0,0,1,1,0,0,1,8,0.05276360455900431,53686
4645,604.29,0,12,-5.482,0.489869,0,4,0,0,1,1,0,0,1,8,0.05697131195726494,53698
4646,604.52,0,18,-5.514,0.489698,0,5,0,0,1,1,0,0,2,7,0.04973745718598366,53716
4647,604.65,0,11,-6.322,0.489594,0,1,0,0,1,1,0,0,1,8,0.0680723637342453,53727
4648,604.78,0,11,-5.722,0.489489,0,3,0,0,1,1,0,0,1,6,0.054061206480996174,53738
4649,605.0,0,17,-5.782,0.489328,0,4,1,0,1,1,0,0,1,9,0.06180744289475329,53755
4650,605.1,0,8,-5.542,0.489251,0,3,0,0,1,1,0,0,1,4,0.05411375523544848,53763
4651,605.33,0,19,-5.902,0.489071,0,4,0,0,1,1,0,0,1,11,0.05195137034905584,53782
4652,605.49,0,13,-5.542,0.488947,0,4,0,0,1,1,0,0,1,9,0.049422648950265005,53795
4653,605.59,0,8,-5.542,0.488872,0,3,1,0,1,1,0,0,1,4,0.03679476154502481,53803
4654,605.69,0,9,-5.902,0.488786,0,2,0,0,1,1,0,0,1,4,0.05945687461644411,53812
4655,605.77,0,6,-5.432,0.488729,0,3,1,0,1,1,0,0,1,1,0.06669628558059533,53818
4656,605.89,0,10,-5.662,0.488634,0,3,0,0,1,1,0,0,1,4,0.0782089538872242,53828
4657,606.08,0,15,-5.962,0.488492,0,3,0,0,1,1,0,0,1,5,0.05296648393074672,53843
4658,606.21,0,11,-5.422,0.488387,0,4,0,0,1,1,0,0,1,5,0.07515282395549795,53854
4659,606.35,0,11,-6.022,0.488283,0,2,0,0,1,1,0,0,1,4,0.05120982915501703,53865
4660,606.68,0,24,-6.202,0.488055,0,4,1,0,1,1,0,0,1,16,0.0490371398239707,53889
4661,606.78,0,8,-5.542,0.487979,0,3,0,0,1,1,0,0,1,3,0.0680362032726407,53897
4662,607.13,0,27,-6.054,0.487722,0,5,1,0,1,1,0,0,2,14,0.06670917039392171,53924
4663,607.3,0,14,-5.574,0.487589,0,4,0,0,1,1,0,0,2,4,0.04953878093510866,53938
4664,607.56,0,21,-6.294,0.48739,0,3,0,0,1,1,0,0,2,9,0.058287334184916245,53959
4665,607.7,0,11,-5.722,0.487285,0,3,1,0,1,1,0,0,1,1,0.04829032583670183,53970
4666,607.87,0,12,-6.382,0.487171,0,1,0,0,1,1,0,0,1,7,0.050873732659965754,53982
4667,608.18,0,25,-5.916,0.486934,0,5,0,0,1,1,0,0,3,8,0.06397659696638584,54007
4668,608.26,0,7,-5.182,0.486867,0,4,0,0,1,1,0,0,1,3,0.0726699201124055,54014
4669,608.43,0,13,-5.524,0.486743,0,4,0,0,1,1,0,0,2,6,0.05891625081690458,54027
4670,608.59,0,13,-5.842,0.48662,0,3,0,0,1,1,0,0,1,11,0.06495161110965106,54040
4671,608.78,0,15,-5.962,0.486478,0,3,0,0,1,1,0,0,1,11,0.057384733607371646,54055
4672,608.87,0,7,-5.482,0.486411,0,3,0,0,1,1,0,0,1,3,0.06583135867757457,54062
4673,608.98,0,9,-5.302,0.486325,0,4,0,0,1,1,0,0,1,5,0.08021840225491259,54071
4674,609.08,0,8,-5.542,0.48625,0,3,0,0,1,1,0,0,1,6,0.05472841951996088,54079
4675,609.17,0,8,-5.842,0.486174,0,2,0,0,1,1,0,0,1,2,0.06763786636292934,54087
4676,609.46,0,23,-6.394,0.485955,0,3,2,0,1,1,0,0,3,8,0.056385425850749016,54110
4677,609.52,0,5,-5.362,0.485908,0,3,0,0,1,1,0,0,1,1,0.0695208877325058,54115
4678,610.26,0,54,-8.302,0.485395,0,3,0,0,1,1,0,0,1,17,0.05515037537379949,54169
4679,610.48,0,14,-6.202,0.485262,0,2,0,0,1,1,0,0,1,3,0.059969230954136164,54183
4680,610.65,0,11,-5.722,0.485157,0,3,0,0,1,1,0,0,1,6,0.07887205616994337,54194
4681,610.73,0,6,-5.122,0.4851,0,4,1,0,1,1,0,0,1,4,0.06142138130962849,54200
4682,610.8,0,5,-5.362,0.485052,0,3,0,0,1,1,0,0,1,3,0.043669591471552846,54205
4683,610.87,0,5,-5.062,0.485005,0,4,0,0,1,1,0,0,1,3,0.04949773736298084,54210
4684,610.95,0,7,-5.482,0.484938,0,3,1,0,1,1,0,0,1,2,0.051250479583229334,54217
4685,611.04,0,6,-5.122,0.484882,0,4,0,0,1,1,0,0,1,4,0.078204861531655,54223
4686,611.17,0,10,-5.662,0.484787,0,3,0,0,1,1,0,0,1,4,0.06745157334953547,54233
4687,611.53,0,26,-6.294,0.48454,0,4,0,0,1,1,0,0,2,11,0.06832913513510273,54259
4688,611.63,0,7,-5.182,0.484473,0,4,1,0,1,1,0,0,1,3,0.07524033529417855,54266
4689,611.71,0,5,-5.062,0.484425,0,4,1,0,1,1,0,0,1,3,0.07208632901310921,54271
4690,611.79,0,5,-5.362,0.484378,0,3,0,0,1,1,0,0,1,3,0.06862024292349815,54276
4691,611.87,0,6,-5.722,0.484321,0,2,0,0,1,1,0,0,1,2,0.055132005053261914,54282
4692,611.94,0,6,-5.422,0.484264,0,3,0,0,1,1,0,0,1,3,0.057166258338838816,54288
4693,612.17,0,17,-5.782,0.484102,0,4,0,0,1,1,0,0,1,5,0.06554374389131279,54305
4694,612.71,0,36,-7.204,0.483761,0,3,0,0,1,1,0,0,2,6,0.0605758765919341,54341
4695,612.79,0,5,-5.062,0.483713,0,4,1,0,1,1,0,0,1,3,0.04058341346681118,54346
4696,612.99,0,13,-5.842,0.48359,0,3,0,0,1,1,0,0,1,7,0.07041334310689798,54359
4697,613.21,0,14,-5.602,0.483456,0,4,0,0,1,1,0,0,1,8,0.06667823677084275,54373
4698,613.35,0,11,-5.422,0.483352,0,4,0,0,1,1,0,0,1,5,0.0483091724189845,54384
4699,613.68,0,28,-6.114,0.483086,0,5,0,0,1,1,0,0,2,12,0.0642761061899364,54412
4700,613.76,0,6,-5.122,0.483029,0,4,0,0,1,1,0,0,1,4,0.06283766962587833,54418
4701,613.91,0,12,-5.482,0.482915,0,4,0,0,1,1,0,0,1,10,0.045919226948171854,54430
4702,614.09,0,14,-6.202,0.482782,0,2,0,0,1,1,0,0,1,7,0.06913127829985959,54444
4703,614.15,0,5,-5.362,0.482734,0,3,1,0,1,1,0,0,1,3,0.10087213814258575,54449
4704,614.37,0,19,-6.174,0.482554,0,3,1,0,1,1,0,0,2,8,0.07365673687309027,54468
4705,614.57,0,17,-6.382,0.482393,0,2,0,0,1,1,0,0,1,7,0.05304895763230674,54485
4706,614.67,0,8,-5.852,0.482317,0,2,0,0,1,1,0,0,1,3,0.04561144486069679,54493
4707,615.3,0,51,-5.338,0.481832,0,12,2,0,1,1,0,0,4,18,0.05838132452438859,54544
4708,615.37,0,6,-5.722,0.481775,0,2,0,0,1,1,0,0,1,4,0.0623990660533309,54550
4709,615.46,0,7,-5.782,0.481708,0,2,1,0,1,1,0,0,1,3,0.041504292615822384,54557
4710,615.69,0,18,-6.142,0.481538,0,3,0,0,1,1,0,0,1,7,0.05418743100017309,54575
4711,615.77,0,6,-5.122,0.48148,0,4,0,0,1,1,0,0,1,4,0.05725149189432462,54581
4712,615.94,0,14,-6.202,0.481347,0,2,1,0,1,1,0,0,1,9,0.07266022038779088,54595
4713,616.14,0,16,-6.032,0.481195,0,3,0,0,1,1,0,0,1,5,0.052887213649228215,54611
4714,617.42,0,94,-9.736,0.480302,0,6,0,0,1,1,0,0,4,14,0.05497390506392781,54705
4715,617.59,0,14,-5.902,0.48017,0,3,0,0,1,1,0,0,1,5,0.05744928161480597,54719
4716,617.65,0,5,-5.662,0.480122,0,2,1,0,1,1,0,0,1,1,0.031523029506206515,54724
4717,617.87,0,18,-5.822,0.479951,0,4,1,0,1,1,0,0,2,6,0.07275050226598978,54742
4718,617.93,0,5,-5.662,0.479904,0,2,0,0,1,1,0,0,1,3,0.058127864450216296,54747
4719,618.47,0,39,-6.774,0.479533,0,5,1,0,1,1,0,0,2,14,0.05258998590020033,54786
4720,619.09,0,43,-7.324,0.479124,0,4,0,0,1,1,0,0,2,17,0.06961271595643011,54829
4721,619.16,0,5,-5.362,0.479077,0,3,0,0,1,1,0,0,1,3,0.06770963445305825,54834
4722,619.38,0,16,-6.022,0.478925,0,3,0,0,1,1,0,0,1,10,0.03920666890917346,54850
4723,619.44,0,5,-5.062,0.478878,0,4,0,0,1,1,0,0,1,3,0.09361639432609081,54855
4724,619.63,0,16,-6.322,0.478726,0,2,0,0,1,1,0,0,1,5,0.046796034497674555,54871
4725,619.79,0,13,-6.142,0.478602,0,2,0,0,1,1,0,0,1,9,0.07759440876543522,54884
4726,619.98,0,15,-5.962,0.47846,0,3,1,0,1,1,0,0,1,9,0.054803801452120146,54899
4727,620.58,0,45,-7.144,0.478032,0,5,0,0,1,1,0,0,2,21,0.05825781331708034,54944
4728,620.83,0,16,-6.022,0.47788,0,3,1,0,1,1,0,0,1,6,0.05452507233712822,54960
4729,620.91,0,6,-5.422,0.477823,0,3,0,0,1,1,0,0,1,4,0.06092962001760801,54966
4730,621.11,0,15,-6.27,0.47768,0,2,0,0,1,1,0,0,1,0,0.07171274535357952,54981
4731,621.54,0,35,-6.806,0.477348,0,4,0,0,1,1,0,0,3,14,0.06889974474906921,55016
4732,621.95,0,32,-7.282,0.477044,0,2,0,0,1,1,0,0,1,22,0.058476814738241956,55048
4733,622.04,0,5,-5.662,0.476997,0,2,0,0,1,1,0,0,1,2,0.08207007795572281,55053
4734,622.34,0,20,-6.262,0.476807,0,3,0,0,1,1,0,0,1,14,0.0452784338966012,55073
4735,622.65,0,20,-5.962,0.476616,0,4,1,0,1,1,0,0,1,10,0.06897086766548455,55093
4736,622.72,0,5,-5.362,0.476569,0,3,0,0,1,1,0,0,1,3,0.06210000589489937,55098
4737,623.33,0,42,-6.964,0.47617,0,5,0,0,1,1,0,0,2,15,0.06817951731915985,55140
4738,623.52,0,15,-5.034,0.476028,0,6,0,0,1,1,0,0,2,3,0.05331156092385451,55155
4739,623.58,0,5,-5.362,0.47598,0,3,0,0,1,1,0,0,1,3,0.05380231738090515,55160
4740,623.73,0,11,-6.022,0.475876,0,2,0,0,1,1,0,0,1,7,0.07361552085388791,55171
4741,623.85,0,10,-5.662,0.475781,0,3,0,0,1,1,0,0,1,5,0.06027370952069759,55181
4742,623.93,0,7,-5.792,0.475714,0,2,1,0,1,1,0,0,1,2,0.05908542924693653,55188
4743,624.39,0,34,-7.374,0.475391,0,2,0,0,1,1,0,0,2,17,0.059956625870922035,55222
4744,624.52,0,11,-6.022,0.475287,0,2,0,0,1,1,0,0,1,3,0.0673732693222436,55233
4745,624.75,0,19,-6.502,0.475106,0,2,0,0,1,1,0,0,1,6,0.055391760837090645,55252
4746,624.84,0,7,-5.79,0.475039,0,2,0,0,1,1,0,0,1,0,0.06899382174015045,55259
4747,625.06,0,18,-6.442,0.474869,0,2,1,0,1,1,0,0,1,4,0.06666071516358191,55277
4748,625.2,0,11,-5.722,0.474764,0,3,0,0,1,1,0,0,1,5,0.08525260360064832,55288
4749,625.26,0,5,-5.362,0.474716,0,3,0,0,1,1,0,0,1,3,0.06018713042140007,55293
4750,625.48,0,17,-6.382,0.474555,0,2,0,0,1,1,0,0,1,4,0.0775940856512855,55310
4751,625.67,0,15,-6.262,0.474413,0,2,0,0,1,1,0,0,1,11,0.07684238205353419,55325
4752,625.85,0,15,-6.262,0.47427,0,2,0,0,1,1,0,0,1,5,0.06621312648057938,55340
4753,625.94,0,7,-5.482,0.474204,0,3,0,0,1,1,0,0,1,2,0.07215569274766105,55347
4754,626.13,0,14,-5.602,0.47407,0,4,0,0,1,1,0,0,1,6,0.059095892389970164,55361
4755,626.62,0,33,-6.122,0.473757,0,6,1,0,1,1,0,0,2,17,0.05823918759371295,55394
4756,626.77,0,10,-5.962,0.473662,0,2,0,0,1,1,0,0,1,6,0.04952434208244085,55404
4757,626.85,0,6,-5.422,0.473605,0,3,1,0,1,1,0,0,1,3,0.0879161199554801,55410
4758,627.43,0,40,-7.44,0.473225,0,3,1,0,1,1,0,0,3,15,0.06091646011918783,55450
4759,627.56,0,9,-5.302,0.47314,0,4,1,0,1,1,0,0,1,3,0.04825802023212115,55459
4760,627.87,0,23,-6.724,0.472921,0,2,0,0,1,1,0,0,2,14,0.04421572646369105,55482
4761,628.01,0,11,-6.022,0.472816,0,2,0,0,1,1,0,0,1,4,0.04579526346854188,55493
4762,628.52,0,39,-5.874,0.472446,0,8,1,0,1,1,0,0,2,28,0.05666511959563463,55532
4763,628.66,0,9,-5.602,0.472361,0,3,0,0,1,1,0,0,1,2,0.05595744960010052,55541
4764,628.74,0,6,-5.422,0.472303,0,3,0,0,1,1,0,0,1,3,0.07947466770807902,55547
4765,628.9,0,13,-5.542,0.47218,0,4,0,0,1,1,0,0,1,9,0.06169833730046566,55560
4766,629.13,0,18,-6.742,0.472009,0,1,0,0,1,1,0,0,1,9,0.05809318905489312,55578
4767,629.23,0,7,-5.782,0.471943,0,2,0,0,1,1,0,0,1,2,0.05046023641313825,55585
4768,629.29,0,5,-5.362,0.471895,0,3,0,0,1,1,0,0,1,1,0.048125062882900235,55590
4769,629.55,0,22,-6.382,0.471686,0,3,0,0,1,1,0,0,1,5,0.0666566109708087,55612
4770,629.98,0,35,-6.834,0.471353,0,4,0,0,1,1,0,0,2,10,0.06369551909821373,55647
4771,630.28,0,22,-6.654,0.471144,0,2,0,0,1,1,0,0,2,9,0.07214368067004463,55669
4772,630.54,0,18,-5.514,0.470974,0,5,0,0,1,1,0,0,2,9,0.06832399089924163,55687
4773,630.8,0,17,-6.092,0.470812,0,3,0,0,1,1,0,0,1,8,0.05788582464789643,55704
4774,631.27,0,36,-6.004,0.47047,0,7,1,0,1,1,0,0,2,11,0.060219403356313705,55740
4775,631.47,0,13,-5.842,0.470347,0,3,1,0,1,1,0,0,1,5,0.06903030959746012,55753
4776,631.56,0,7,-5.782,0.47028,0,2,0,0,1,1,0,0,1,4,0.07200781548661846,55760
4777,631.68,0,9,-5.602,0.470194,0,3,0,0,1,1,0,0,1,5,0.08517511437336604,55769
4778,631.96,0,20,-6.562,0.470005,0,2,0,0,1,1,0,0,1,7,0.05542855318635702,55789
4779,632.29,0,26,-5.976,0.469757,0,5,0,0,1,1,0,0,3,10,0.06573684033579551,55815
4780,632.39,0,7,-5.482,0.469691,0,3,0,0,1,1,0,0,1,2,0.05014130952102797,55822
4781,632.49,0,8,-6.142,0.469615,0,1,0,0,1,1,0,0,1,3,0.05596093414351344,55830
4782,632.73,0,19,-6.174,0.469434,0,3,0,0,1,1,0,0,2,4,0.05856118841390861,55849
4783,632.86,0,10,-6.262,0.46934,0,1,0,0,1,1,0,0,1,4,0.05726025179028511,55859
4784,633.07,0,17,-5.782,0.469178,0,4,0,0,1,1,0,0,1,5,0.07622779609964174,55876
4785,633.45,0,28,-6.442,0.468912,0,4,0,0,1,1,0,0,1,16,0.06758303467982582,55904
4786,633.52,0,5,-5.362,0.468865,0,3,0,0,1,1,0,0,1,1,0.04323104806244373,55909
4787,633.61,0,7,-5.182,0.468798,0,4,1,0,1,1,0,0,1,3,0.03555141043450151,55916
4788,633.74,0,10,-5.962,0.468703,0,2,0,0,1,1,0,0,1,5,0.05807089172303677,55926
4789,634.01,0,22,-6.354,0.468494,0,3,1,0,1,1,0,0,2,8,0.06219500836662271,55948
4790,634.08,0,5,-5.662,0.468447,0,2,0,0,1,1,0,0,1,3,0.0728448562324047,55953
4791,634.38,0,23,-5.486,0.468228,0,6,0,0,1,1,0,0,3,9,0.057715882749661156,55976
4792,634.49,0,9,-5.612,0.468143,0,3,0,0,1,1,0,0,1,0,0.06534570559031433,55985
4793,634.63,0,12,-5.482,0.468029,0,4,0,0,1,1,0,0,1,6,0.04743336311851939,55997
4794,634.79,0,13,-5.842,0.467905,0,3,0,0,1,1,0,0,1,4,0.06133382480878096,56010
4795,634.87,0,6,-5.422,0.467848,0,3,0,0,1,1,0,0,1,3,0.09204618198176225,56016
4796,635.3,0,35,-6.834,0.467516,0,4,0,0,1,1,0,0,2,9,0.05747129230626992,56051
4797,635.97,0,47,-4.808,0.467069,0,13,2,0,1,1,0,0,4,24,0.07083961645022352,56098
4798,636.24,0,20,-5.634,0.466879,0,5,0,0,1,1,0,0,2,11,0.059900627844035624,56118
4799,637.46,1,81,-4.948,0.46611,1,16,1,0,1,1,0,0,5,13,0.0702095722756636,56199
4800,638.74,0,97,-10.76,0.465188,0,3,0,0,1,1,0,0,6,28,0.059338294910555034,56296
4801,638.85,0,7,-4.882,0.465121,0,5,0,0,1,1,0,0,1,2,0.07979859464934894,56303
4802,638.94,0,6,-5.722,0.465064,0,2,0,0,1,1,0,0,1,3,0.05526984669268131,56309
4803,639.1,0,10,-5.662,0.46497,0,3,0,0,1,1,0,0,1,8,0.056886624358594415,56319
4804,639.2,0,6,-6.022,0.464912,0,1,0,0,1,1,0,0,1,1,0.06231414837141832,56325
4805,639.6,0,32,-6.354,0.464608,0,5,0,0,1,1,0,0,2,15,0.045558258367236704,56357
4806,639.85,0,20,-6.562,0.464419,0,2,0,0,1,1,0,0,1,16,0.05652132565155625,56377
4807,640.01,0,12,-6.082,0.464305,0,2,1,0,1,1,0,0,1,7,0.04725032470499476,56389
4808,640.25,0,19,-5.874,0.464124,0,4,0,0,1,1,0,0,2,10,0.06693882421639405,56408
4809,640.71,0,38,-6.424,0.463763,0,6,0,0,1,1,0,0,2,10,0.06834235213893025,56446
4810,640.83,0,9,-5.302,0.463678,0,4,0,0,1,1,0,0,1,5,0.044344832085900836,56455
4811,641.24,0,30,-6.862,0.463393,0,3,1,0,1,1,0,0,1,10,0.056852661756177744,56485
4812,641.34,0,7,-5.182,0.463326,0,4,0,0,1,1,0,0,1,3,0.07320961994784218,56492
4813,641.4,0,5,-5.662,0.463279,0,2,1,0,1,1,0,0,1,3,0.04976691752672195,56497
4814,641.5,0,8,-5.842,0.463202,0,2,0,0,1,1,0,0,1,7,0.05749536631628871,56505
4815,641.8,0,22,-6.082,0.462993,0,4,0,0,1,1,0,0,1,6,0.060334472663023254,56527
4816,641.89,0,8,-5.842,0.462917,0,2,0,0,1,1,0,0,1,4,0.06691003288142383,56535
4817,642.42,0,44,-7.066,0.4625,0,5,0,0,1,1,0,0,3,13,0.05422075850550424,56579
4818,642.54,0,9,-5.602,0.462414,0,3,0,0,1,1,0,0,1,5,0.04916074209743076,56588
4819,642.62,0,7,-5.182,0.462348,0,4,0,0,1,1,0,0,1,5,0.05283339507877827,56595
4820,642.71,0,8,-5.542,0.462271,0,3,0,0,1,1,0,0,1,4,0.051710874773561954,56603
4821,643.29,0,47,-7.264,0.461825,0,5,0,0,1,1,0,0,2,19,0.05852876956317019,56650
4822,643.38,0,7,-5.182,0.461758,0,4,0,0,1,1,0,0,1,3,0.06879545907889094,56657
4823,643.51,0,9,-5.602,0.461673,0,3,0,0,1,1,0,0,1,3,0.09761376099454032,56666
4824,644.12,0,48,-8.214,0.461217,0,2,0,0,1,1,0,0,2,22,0.054634611413348466,56714
4825,644.26,0,9,-5.302,0.461132,0,4,0,0,1,1,0,0,1,5,0.030502150042189494,56723
4826,644.52,0,19,-6.202,0.460951,0,3,0,0,1,1,0,0,1,13,0.054699220155414785,56742
4827,644.73,0,18,-6.142,0.46078,0,3,0,0,1,1,0,0,1,8,0.04574900989731153,56760
4828,644.83,0,8,-5.242,0.460704,0,4,1,0,1,1,0,0,1,6,0.07321294792927802,56768
4829,645.05,0,17,-6.382,0.460543,0,2,0,0,1,1,0,0,1,4,0.06700728680281078,56785
4830,645.21,0,13,-5.842,0.460419,0,3,0,0,1,1,0,0,1,4,0.07035113226335782,56798
4831,645.35,0,11,-5.722,0.460315,0,3,0,0,1,1,0,0,1,3,0.05764531615105542,56809
4832,645.48,0,10,-5.362,0.46022,0,4,0,0,1,1,0,0,1,8,0.067978485673666,56819
4833,645.57,0,7,-5.182,0.460153,0,4,0,0,1,1,0,0,1,5,0.05791548054133143,56826
4834,646.09,0,41,-6.848,0.459763,0,5,0,0,1,1,0,0,4,11,0.06457628636825376,56867
4835,646.18,0,6,-5.422,0.459707,0,3,0,0,1,1,0,0,1,3,0.05594271173079809,56873
4836,646.59,0,32,-6.954,0.459403,0,3,0,0,1,1,0,0,2,10,0.061338098836131394,56905
4837,647.13,0,35,-7.134,0.45907,0,3,0,0,1,1,0,0,2,9,0.05253997487681253,56940
4838,647.24,0,7,-5.182,0.459004,0,4,0,0,1,1,0,0,1,5,0.053145776236695905,56947
4839,647.36,0,8,-5.542,0.458928,0,3,0,0,1,1,0,0,1,4,0.06993313319981098,56955
4840,647.51,0,12,-5.782,0.458813,0,3,0,0,1,1,0,0,1,3,0.04605291364714503,56967
4841,648.1,0,42,-7.882,0.458415,0,2,0,0,1,1,0,0,1,26,0.06708961326096739,57009
4842,648.25,0,10,-5.662,0.45832,0,3,0,0,1,1,0,0,1,2,0.0646680597215891,57019
4843,648.33,0,6,-5.122,0.458263,0,4,0,0,1,1,0,0,1,4,0.07136034158368905,57025
4844,648.73,0,28,-6.742,0.457997,0,3,0,0,1,1,0,0,1,5,0.06552127349589552,57053
4845,648.86,0,8,-5.542,0.457921,0,3,0,0,1,1,0,0,1,6,0.05822008103132248,57061
4846,649.77,0,66,-6.594,0.457294,0,11,0,0,1,1,0,0,3,11,0.05722735912510843,57127
4847,650.03,0,19,-5.874,0.457113,0,4,0,0,1,1,0,0,2,5,0.04339228041077915,57146
4848,650.15,0,9,-5.602,0.457028,0,3,0,0,1,1,0,0,1,7,0.060398712547289,57155
4849,650.21,0,5,-5.062,0.45698,0,4,0,0,1,1,0,0,1,3,0.05636111125349998,57160
4850,650.79,0,42,-7.236,0.456581,0,4,0,0,1,1,0,0,3,16,0.06571852637543565,57202
4851,651.05,0,17,-5.462,0.45642,0,5,0,0,1,1,0,0,2,4,0.07088299665380926,57219
4852,651.3,0,16,-5.994,0.456268,0,3,1,0,1,1,0,0,2,6,0.06080297415610403,57235
4853,652.69,0,96,-9.51,0.455356,0,7,0,0,1,1,0,0,5,21,0.058835621137404814,57331
4854,653.41,0,59,-7.356,0.454795,0,7,1,0,1,1,0,0,3,14,0.04842271346409442,57390
4855,653.5,0,7,-5.482,0.454729,0,3,0,0,1,1,0,0,1,4,0.06431945094040462,57397
4856,653.63,0,10,-5.362,0.454634,0,4,0,0,1,1,0,0,1,6,0.06037368513643741,57407
4857,653.77,0,9,-5.302,0.454548,0,4,1,0,1,1,0,0,1,7,0.058161613220969834,57416
4858,654.03,0,22,-5.772,0.454339,0,5,0,0,1,1,0,0,2,4,0.07368308517404577,57438
4859,654.46,0,32,-6.654,0.454035,0,4,0,0,1,1,0,0,2,9,0.04758008028147742,57470
4860,654.55,0,8,-5.242,0.453959,0,4,1,0,1,1,0,0,1,6,0.08488972182385623,57478
4861,654.61,0,5,-5.662,0.453912,0,2,0,0,1,1,0,0,1,2,0.06792478635907173,57483
4862,654.9,0,23,-5.814,0.453693,0,5,2,0,1,1,0,0,2,6,0.06664484609728275,57506
4863,654.98,0,6,-5.722,0.453636,0,2,0,0,1,1,0,0,1,2,0.0455847562601169,57512
4864,655.06,0,7,-5.182,0.45357,0,4,0,0,1,1,0,0,1,5,0.04633265268057585,57519
4865,655.27,0,17,-5.454,0.453408,0,5,1,0,1,1,0,0,2,6,0.06655528253930457,57536
4866,655.34,0,5,-5.062,0.453361,0,4,2,0,1,1,0,0,1,3,0.056999446824193,57541
4867,656.58,0,86,-9.518,0.452544,0,5,0,0,1,1,0,0,6,25,0.06361350938028028,57627
4868,656.81,0,17,-6.382,0.452382,0,2,0,0,1,1,0,0,1,6,0.06768868786885458,57644
4869,657.98,0,90,-7.658,0.451527,0,12,0,0,1,1,0,0,7,13,0.05334116793755028,57734
4870,658.08,0,8,-5.842,0.451451,0,2,0,0,1,1,0,0,1,6,0.051674921065568924,57742
4871,658.76,0,51,-8.122,0.450966,0,3,0,0,1,1,0,0,1,13,0.054130802533644086,57793
4872,658.93,0,12,-5.482,0.450853,0,4,1,0,1,1,0,0,1,8,0.07975774025544524,57805
4873,659.19,0,20,-6.562,0.450662,0,2,1,0,1,1,0,0,1,10,0.0736301064491272,57825
4874,659.39,0,15,-5.962,0.45052,0,3,0,0,1,1,0,0,1,3,0.05619854641457399,57840
4875,660.12,0,55,-8.372,0.449998,0,3,0,0,1,1,0,0,1,12,0.06341288894076239,57895
4876,660.2,0,5,-5.062,0.44995,0,4,1,0,1,1,0,0,1,3,0.047464657574892044,57900
4877,660.44,0,16,-6.322,0.449798,0,2,0,0,1,1,0,0,1,5,0.07268442399799824,57916
4878,660.76,0,25,-6.862,0.449561,0,2,0,0,1,1,0,0,1,15,0.058184089884161946,57941
4879,661.02,0,22,-5.454,0.449352,0,6,0,0,1,1,0,0,2,7,0.062060534827072515,57963
4880,661.15,0,10,-5.662,0.449257,0,3,0,0,1,1,0,0,1,1,0.05046639759093523,57973
4881,661.22,0,5,-5.362,0.449209,0,3,0,0,1,1,0,0,1,2,0.058918992429971694,57978
4882,661.34,0,10,-5.662,0.449114,0,3,0,0,1,1,0,0,1,6,0.049582133814692494,57988
4883,661.46,0,9,-5.302,0.449029,0,4,1,0,1,1,0,0,1,7,0.03450087188846535,57997
4884,661.62,0,13,-5.842,0.448905,0,3,0,0,1,1,0,0,1,9,0.06155477406886908,58010
4885,661.73,0,9,-5.602,0.44882,0,3,0,0,1,1,0,0,1,5,0.08042215411033896,58019
4886,661.79,0,5,-5.062,0.448772,0,4,1,0,1,1,0,0,1,3,0.06074374318122864,58024
4887,661.93,0,11,-5.722,0.448667,0,3,0,0,1,1,0,0,1,5,0.07373850420117378,58035
4888,662.52,0,45,-7.452,0.44824,0,4,0,0,1,1,0,0,2,5,0.06156699212474955,58080
4889,662.62,0,6,-5.422,0.448183,0,3,0,0,1,1,0,0,1,4,0.07384927415599425,58086
4890,662.8,0,16,-6.022,0.448031,0,3,0,0,1,1,0,0,1,8,0.0660956489155069,58102
4891,662.87,0,6,-5.122,0.447974,0,4,0,0,1,1,0,0,1,4,0.05903344446172317,58108
4892,662.99,0,10,-5.662,0.447879,0,3,0,0,1,1,0,0,1,6,0.07461026255041361,58118
4893,663.07,0,6,-5.122,0.447822,0,4,2,0,1,1,0,0,1,4,0.050048034017284714,58124
4894,663.29,0,18,-5.842,0.447651,0,4,1,0,1,1,0,0,1,10,0.06123518607475691,58142
4895,663.36,0,5,-5.362,0.447603,0,3,0,0,1,1,0,0,1,3,0.04358704015612602,58147
4896,663.67,0,25,-6.562,0.447366,0,3,0,0,1,1,0,0,1,8,0.058620917350053786,58172
4897,663.82,0,12,-5.482,0.447252,0,4,0,0,1,1,0,0,1,6,0.08685657164702813,58184
4898,664.26,0,33,-6.714,0.446939,0,4,1,0,1,1,0,0,2,7,0.05759207946671681,58217
4899,664.6,0,30,-6.842,0.446654,0,3,0,0,1,1,0,0,2,6,0.05817814469337464,58247
4900,664.93,0,26,-6.304,0.446407,0,4,0,0,1,1,0,0,2,14,0.05576652381569147,58273
4901,665.06,0,11,-6.03,0.446302,0,2,0,0,1,1,0,0,1,4,0.07353731481866403,58284
4902,665.19,0,10,-5.962,0.446207,0,2,0,0,1,1,0,0,1,5,0.07190816644579172,58294
4903,665.33,0,11,-5.722,0.446103,0,3,0,0,1,1,0,0,1,7,0.06279330141842365,58305
4904,665.52,0,15,-6.262,0.44596,0,2,0,0,1,1,0,0,1,11,0.04864733877281348,58320
4905,665.68,0,14,-6.202,0.445827,0,2,0,0,1,1,0,0,1,4,0.06324253776775939,58334
4906,667.38,0,133,-11.794,0.444564,0,7,1,0,1,1,0,0,3,25,0.0560241677357178,58467
4907,667.55,0,11,-4.822,0.444459,0,6,0,0,1,1,0,0,1,1,0.0497582463378256,58478
4908,669.09,1,114,-6.242,0.443376,1,18,2,0,1,1,0,0,8,30,0.05935703979380298,58592
4909,669.48,1,29,-4.574,0.443101,1,7,1,0,1,1,0,0,2,7,0.06797831293580861,58621
4910,669.7,0,18,-6.124,0.44293,0,3,0,0,1,1,0,0,2,5,0.08083117629090945,58639
4911,670.17,1,36,-5.912,0.442588,1,4,1,0,1,1,0,0,2,6,0.05659382342774835,58675
4912,671.02,0,58,-8.242,0.442037,0,4,0,0,1,1,0,0,1,14,0.060413478295607816,58733
4913,672.52,0,100,-8.288,0.441087,0,12,0,0,1,1,0,0,4,24,0.0602546641882509,58833
4914,672.61,0,5,-5.362,0.441039,0,3,1,0,1,1,0,0,1,3,0.06978579610586166,58838
4915,672.99,0,32,-6.364,0.440735,0,5,0,0,1,1,0,0,2,14,0.05579928794759326,58870
4916,673.33,0,28,-6.734,0.440469,0,3,0,0,1,1,0,0,2,8,0.05470071470231882,58898
4917,673.8,0,37,-6.982,0.440117,0,4,0,0,1,1,0,0,1,23,0.06255978406281085,58935
4918,674.9,0,83,-10.004,0.439329,0,3,0,0,1,1,0,0,3,13,0.06149727661521679,59018
4919,675.0,0,7,-5.182,0.439263,0,4,0,0,1,1,0,0,1,3,0.06737260626895088,59025
4920,676.02,0,71,-8.376,0.438588,0,6,0,0,1,1,0,0,3,39,0.05934639896830203,59096
4921,676.31,0,19,-6.512,0.438408,0,2,0,0,1,1,0,0,1,2,0.06580284296682007,59115
4922,676.54,0,17,-6.39,0.438246,0,2,0,0,1,1,0,0,1,2,0.07637459258822833,59132
4923,677.12,1,40,-5.534,0.437866,1,6,2,0,1,1,0,0,2,21,0.057338427379727365,59172
4924,677.22,0,8,-5.242,0.43779,0,4,0,0,1,1,0,0,1,4,0.05979171232320368,59180
4925,677.55,0,25,-6.572,0.437553,0,3,0,0,1,1,0,0,1,12,0.0685459154844284,59205
4926,677.7,0,10,-5.662,0.437458,0,3,0,0,1,1,0,0,1,4,0.07141314372420311,59215
4927,677.87,0,14,-5.602,0.437325,0,4,0,0,1,1,0,0,1,8,0.06200148444622755,59229
4928,677.95,0,7,-5.782,0.437258,0,2,0,0,1,1,0,0,1,2,0.06286063577447619,59236
4929,678.2,0,21,-6.314,0.437059,0,3,0,0,1,1,0,0,2,9,0.06813741697087175,59257
4930,678.78,0,48,-5.768,0.436603,0,10,0,0,1,1,0,0,4,11,0.059825417682683714,59305
4931,678.98,0,15,-6.272,0.43646,0,2,1,0,1,1,0,0,1,2,0.0651787440602978,59320
4932,679.35,0,30,-7.162,0.436175,0,2,0,0,1,1,0,0,1,11,0.06370282291124264,59350
4933,679.68,0,28,-6.414,0.435909,0,4,0,0,1,1,0,0,2,5,0.051987348922661374,59378
4934,679.79,0,9,-5.602,0.435824,0,3,1,0,1,1,0,0,1,3,0.03529389678604073,59387
4935,679.93,0,11,-5.422,0.435719,0,4,1,0,1,1,0,0,1,7,0.06187629885971546,59398
4936,680.43,0,39,-7.084,0.435349,0,4,0,0,1,1,0,0,2,6,0.05317824493902616,59437
4937,680.81,0,25,-6.552,0.435111,0,3,0,0,1,1,0,0,2,5,0.05404699645936489,59462
4938,681.14,0,25,-5.944,0.434874,0,5,1,0,1,1,0,0,2,6,0.05189447928220034,59487
4939,681.32,0,14,-5.902,0.43474,0,3,0,0,1,1,0,0,1,7,0.06681276924375977,59501
4940,681.58,0,20,-6.262,0.434551,0,3,0,0,1,1,0,0,1,6,0.05591269843280315,59521
4941,682.16,0,39,-7.054,0.43418,0,4,0,0,1,1,0,0,3,12,0.05744996848396766,59560
4942,682.38,0,17,-6.682,0.434018,0,1,0,0,1,1,0,0,1,4,0.04819860331275884,59577
4943,682.99,0,42,-7.882,0.43362,0,2,0,0,1,1,0,0,1,11,0.058044341836302055,59619
4944,683.47,0,32,-7.282,0.433316,0,2,0,0,1,1,0,0,1,8,0.06872730160830542,59651
4945,683.68,0,14,-5.902,0.433183,0,3,1,0,1,1,0,0,1,6,0.06305412342771888,59665
4946,683.81,0,8,-5.542,0.433107,0,3,0,0,1,1,0,0,1,4,0.05483119748532772,59673
4947,685.06,0,91,-9.276,0.432242,0,7,0,0,1,1,0,0,3,25,0.06344393410484542,59764
4948,685.29,0,20,-5.362,0.432052,0,6,1,0,1,1,0,0,1,7,0.06399369812570513,59784
4949,685.6,0,26,-6.922,0.431805,0,2,1,0,1,1,0,0,1,14,0.06465214376266186,59810
4950,685.78,0,14,-6.502,0.431672,0,1,0,0,1,1,0,0,1,7,0.05744059703179768,59824
4951,686.08,0,22,-6.382,0.431463,0,3,0,0,1,1,0,0,1,4,0.04703331971541047,59846
4952,686.22,0,9,-5.602,0.431377,0,3,0,0,1,1,0,0,1,5,0.07967555502222644,59855
4953,686.47,0,18,-6.442,0.431207,0,2,0,0,1,1,0,0,1,5,0.07486891932785511,59873
4954,687.08,0,45,-7.144,0.430779,0,5,0,0,1,1,0,0,2,11,0.059767401901384194,59918
4955,687.55,0,33,-7.014,0.430466,0,3,1,0,1,1,0,0,2,6,0.0700647725413243,59951
4956,687.7,0,10,-6.262,0.430371,0,1,0,0,1,1,0,0,1,1,0.07228095568716526,59961
4957,687.79,0,5,-5.662,0.430323,0,2,0,0,1,1,0,0,1,0,0.06267952546477318,59966
4958,687.91,0,8,-5.842,0.430247,0,2,0,0,1,1,0,0,1,3,0.04416757868602872,59974
4959,688.15,0,18,-5.524,0.430076,0,5,0,0,1,1,0,0,2,8,0.05977603834536341,59992
4960,688.39,0,19,-6.502,0.429895,0,2,0,0,1,1,0,0,1,6,0.06189987004587525,60011
4961,688.46,0,5,-5.062,0.429848,0,4,0,0,1,1,0,0,1,3,0.05529480203986168,60016
4962,688.87,0,33,-7.642,0.429535,0,1,0,0,1,1,0,0,1,4,0.0677998082317186,60049
4963,689.18,0,23,-6.442,0.429316,0,3,0,0,1,1,0,0,1,18,0.05328948156017324,60072
4964,689.49,0,24,-6.502,0.429088,0,3,0,0,1,1,0,0,1,6,0.051665087696164846,60096
4965,690.12,0,47,-7.554,0.428642,0,4,0,0,1,1,0,0,2,4,0.07029776627871584,60143
4966,690.86,0,52,-8.482,0.428148,0,2,0,0,1,1,0,0,1,9,0.05135996888678234,60195
4967,691.12,0,22,-6.382,0.427938,0,3,1,0,1,1,0,0,1,12,0.07125926652753894,60217
4968,691.28,0,13,-6.142,0.427815,0,2,0,0,1,1,0,0,1,3,0.05713446495624689,60230
4969,692.15,0,74,-9.39,0.427112,0,3,0,0,1,1,0,0,5,18,0.06174121040699852,60304
4970,692.26,0,9,-5.602,0.427026,0,3,0,0,1,1,0,0,1,7,0.07425114615923828,60313
4971,692.39,0,11,-5.422,0.426922,0,4,1,0,1,1,0,0,1,7,0.06688483093272556,60324
4972,692.67,0,23,-6.142,0.426704,0,4,1,0,1,1,0,0,1,9,0.0641803959303576,60347
4973,692.97,0,26,-6.022,0.426457,0,5,1,0,1,1,0,0,1,2,0.06299677569992267,60373
4974,693.22,0,21,-5.694,0.426257,0,5,0,0,1,1,0,0,2,12,0.05193638358087767,60394
4975,693.29,0,6,-5.122,0.4262,0,4,0,0,1,1,0,0,1,4,0.04435046762228012,60400
4976,694.66,0,105,-8.56,0.425203,0,12,0,0,1,1,0,0,6,33,0.05846360881058943,60505
4977,694.73,0,6,-6.022,0.425145,0,1,0,0,1,1,0,0,1,3,0.043892357498407364,60511
4978,694.82,0,7,-5.482,0.425079,0,3,1,0,1,1,0,0,1,4,0.0759435004687735,60518
4979,694.92,0,8,-5.542,0.425003,0,3,0,0,1,1,0,0,1,6,0.09168202336877584,60526
4980,695.05,0,11,-5.422,0.424899,0,4,1,0,1,1,0,0,1,5,0.06517443382604556,60537
4981,695.22,0,13,-5.542,0.424775,0,4,1,0,1,1,0,0,1,5,0.06670765492778558,60550
4982,695.28,0,5,-5.062,0.424728,0,4,0,0,1,1,0,0,1,3,0.050276239216327664,60555
4983,695.61,0,25,-6.262,0.42449,0,4,0,0,1,1,0,0,1,19,0.057217701151967046,60580
4984,696.35,0,48,-7.622,0.424034,0,4,0,0,1,1,0,0,2,29,0.05066028503157819,60628
4985,696.48,0,8,-5.542,0.423958,0,3,0,0,1,1,0,0,1,4,0.07994918734766543,60636
4986,696.56,0,5,-5.362,0.42391,0,3,0,0,1,1,0,0,1,3,0.0551735982298851,60641
4987,696.65,0,6,-5.422,0.423854,0,3,1,0,1,1,0,0,1,2,0.0899214893579483,60647
4988,696.84,0,13,-5.852,0.42373,0,3,0,0,1,1,0,0,1,6,0.058383896660346254,60660
4989,696.96,0,10,-5.362,0.423635,0,4,0,0,1,1,0,0,1,4,0.06029193475842476,60670
4990,697.04,0,6,-5.722,0.423578,0,2,1,0,1,1,0,0,1,5,0.05448333794871966,60676
4991,697.27,0,19,-5.892,0.423397,0,4,0,0,1,1,0,0,2,10,0.08811430525230735,60695
4992,697.42,0,13,-5.242,0.423274,0,5,2,0,1,1,0,0,1,4,0.08168418075029667,60708
4993,697.93,0,44,-7.092,0.422856,0,5,0,0,1,1,0,0,2,26,0.06260053275830367,60752
4994,698.09,0,13,-5.842,0.422732,0,3,1,0,1,1,0,0,1,7,0.0661265365062998,60765
4995,698.17,0,7,-6.09,0.422666,0,1,0,0,1,1,0,0,1,0,0.05592316362474646,60772
4996,698.53,0,31,-4.156,0.422372,0,12,2,0,1,1,0,0,4,9,0.06562952420884563,60803
4997,698.61,0,6,-5.722,0.422315,0,2,0,0,1,1,0,0,1,4,0.06352995273967584,60809
4998,698.69,0,7,-5.182,0.422248,0,4,1,0,1,1,0,0,1,5,0.0716538280248642,60816
4999,698.76,0,6,-5.422,0.422191,0,3,0,0,1,1,0,0,1,4,0.06179558547834555,60822
5000,699.11,0,30,-6.262,0.421906,0,5,0,0,1,1,0,0,1,15,0.054700043176611264,60852
5001,699.77,0,57,-6.646,0.421365,0,9,1,0,1,1,0,0,3,19,0.056746338592155984,60909
5002,700.01,0,20,-5.662,0.421175,0,5,1,0,1,1,0,0,1,3,0.06401108531281352,60929
5003,700.87,0,65,-8.324,0.420557,0,5,1,0,1,1,0,0,3,24,0.05638584758226688,60994
5004,700.94,0,6,-5.422,0.4205,0,3,0,0,1,1,0,0,1,4,0.08566191544135411,61000
5005,701.12,0,14,-5.902,0.420367,0,3,0,0,1,1,0,0,1,4,0.05756734245057617,61014
5006,701.48,1,28,-4.222,0.420101,1,8,2,0,1,1,0,0,2,8,0.0490655368193984,61042
5007,701.93,0,34,-5.866,0.419778,0,7,0,0,1,1,0,0,3,12,0.05112377940403188,61076
5008,702.03,0,7,-5.782,0.419712,0,2,0,0,1,1,0,0,1,2,0.06667618719594819,61083
5009,702.2,0,13,-5.542,0.419588,0,4,0,0,1,1,0,0,1,7,0.0519697992131114,61096
5010,702.61,1,33,-6.024,0.419274,1,3,2,0,1,1,0,0,2,5,0.05999592172377037,61129
5011,702.73,0,10,-6.262,0.41918,0,1,0,0,1,1,0,0,1,3,0.06589506193995476,61139
5012,702.85,0,9,-6.502,0.419094,0,0,0,0,1,1,0,0,1,2,0.05874294332332081,61148
5013,703.02,0,14,-5.602,0.418961,0,4,0,0,1,1,0,0,1,4,0.07022478577813931,61162
5014,703.08,0,5,-5.062,0.418913,0,4,0,0,1,1,0,0,1,3,0.06752786040306091,61167
5015,703.41,0,28,-7.052,0.418648,0,2,0,0,1,1,0,0,1,7,0.05323489635650601,61195
5016,703.53,0,10,-6.262,0.418552,0,1,0,0,1,1,0,0,1,4,0.07706298008561134,61205
5017,703.85,1,27,-5.064,0.418296,1,5,2,0,1,1,0,0,2,7,0.0684017885338377,61232
5018,703.94,0,8,-5.552,0.41822,0,3,0,0,1,1,0,0,1,1,0.0535700423642993,61240
5019,704.01,0,5,-5.062,0.418172,0,4,1,0,1,1,0,0,1,4,0.05405271798372269,61245
5020,704.22,0,18,-5.514,0.418002,0,5,0,0,1,1,0,0,2,7,0.06169703913231691,61263
5021,704.68,0,41,-6.622,0.417612,0,6,1,0,1,1,0,0,1,11,0.052252055622818996,61304
5022,704.86,0,15,-5.634,0.41747,0,4,0,0,1,1,0,0,2,6,0.0632615855584542,61319
5023,704.92,0,5,-5.962,0.417422,0,1,0,0,1,1,0,0,1,0,0.0871733270585537,61324
5024,705.01,0,7,-5.182,0.417355,0,4,0,0,1,1,0,0,1,3,0.06883181684783526,61331
5025,705.22,0,18,-5.842,0.417185,0,4,0,0,1,1,0,0,1,4,0.08343409617534941,61349
5026,705.6,0,31,-6.004,0.41689,0,6,0,0,1,1,0,0,2,14,0.05977741106142921,61380
5027,705.99,0,31,-6.622,0.416596,0,4,0,0,1,1,0,0,1,11,0.052023575460958864,61411
5028,706.22,0,18,-6.142,0.416424,0,3,0,0,1,1,0,0,1,11,0.06951655281914605,61429
5029,706.37,0,12,-6.082,0.416311,0,2,1,0,1,1,0,0,1,3,0.05025596218183637,61441
5030,706.45,0,6,-5.732,0.416254,0,2,0,0,1,1,0,0,1,1,0.08030602460106213,61447
5031,706.68,0,18,-6.442,0.416083,0,2,0,0,1,1,0,0,1,8,0.07143640011135075,61465
5032,707.25,0,40,-5.952,0.415703,0,8,1,0,1,1,0,0,2,7,0.06966519593261182,61505
5033,707.77,0,35,-6.834,0.41537,0,4,0,0,1,1,0,0,2,10,0.05393811176930155,61540
5034,707.91,0,9,-5.302,0.415285,0,4,0,0,1,1,0,0,1,3,0.07548542279336187,61549
5035,707.97,0,5,-5.062,0.415237,0,4,0,0,1,1,0,0,1,3,0.029920359142124653,61554
5036,708.11,0,11,-5.722,0.415133,0,3,0,0,1,1,0,0,1,1,0.05676512132314118,61565
5037,708.23,0,9,-5.602,0.415047,0,3,0,0,1,1,0,0,1,4,0.08418028304974239,61574
5038,708.32,0,7,-5.182,0.414981,0,4,0,0,1,1,0,0,1,3,0.06980069779923984,61581
5039,708.9,0,49,-7.946,0.414515,0,3,1,0,1,1,0,0,3,19,0.06312438284940257,61630
5040,709.37,0,39,-6.774,0.414145,0,5,1,0,1,1,0,0,2,9,0.04469023192396913,61669
5041,709.48,0,8,-5.542,0.414068,0,3,0,0,1,1,0,0,1,3,0.08188087865710258,61677
5042,709.64,0,14,-5.902,0.413936,0,3,1,0,1,1,0,0,1,8,0.051446271261998584,61691
5043,709.91,0,23,-5.486,0.413717,0,6,1,0,1,1,0,0,3,10,0.06798019899946192,61714
5044,710.48,0,49,-6.42,0.413251,0,8,0,0,1,1,0,0,5,12,0.06415439589063124,61763
5045,710.6,0,10,-5.362,0.413157,0,4,1,0,1,1,0,0,1,4,0.04940113574266434,61773
5046,710.7,0,8,-5.842,0.413081,0,2,0,0,1,1,0,0,1,3,0.05514451046474278,61781
5047,710.8,0,8,-5.842,0.413004,0,2,0,0,1,1,0,0,1,2,0.05987753486260772,61789
5048,710.87,0,6,-6.022,0.412948,0,1,0,0,1,1,0,0,1,3,0.045137219751874604,61795
5049,711.8,0,75,-6.478,0.412235,0,13,3,0,1,1,0,0,5,14,0.06731374887128672,61870
5050,711.94,0,9,-5.602,0.41215,0,3,0,0,1,1,0,0,1,3,0.05979187310569816,61879
5051,712.14,0,16,-6.332,0.411998,0,2,0,0,1,1,0,0,1,3,0.06973986676894128,61895
5052,712.33,0,14,-6.202,0.411864,0,2,0,0,1,1,0,0,1,6,0.07098248760615077,61909
5053,712.91,0,38,-4.906,0.411504,0,11,1,0,1,1,0,0,3,12,0.054686500543826504,61947
5054,713.15,0,18,-6.142,0.411332,0,3,0,0,1,1,0,0,1,9,0.0658012965383629,61965
5055,713.21,0,5,-5.062,0.411285,0,4,0,0,1,1,0,0,1,3,0.0472430981695652,61970
5056,713.47,0,20,-5.934,0.411095,0,4,0,0,1,1,0,0,2,9,0.07023071963340044,61990
5057,713.56,0,7,-5.79,0.411029,0,2,0,0,1,1,0,0,1,0,0.07646850656185832,61997
5058,713.76,0,15,-6.244,0.410886,0,2,0,0,1,1,0,0,2,5,0.05368482706447442,62012
5059,714.21,0,33,-7.042,0.410573,0,3,0,0,1,1,0,0,1,3,0.06950694887023984,62045
5060,714.58,0,31,-6.566,0.410278,0,4,0,0,1,1,0,0,3,9,0.05690623669614715,62076
5061,714.75,0,15,-5.334,0.410136,0,5,0,0,1,1,0,0,2,5,0.06231224524478118,62091
5062,715.05,0,26,-6.622,0.409888,0,3,0,0,1,1,0,0,1,10,0.07097458080030404,62117
5063,715.14,0,7,-5.482,0.409822,0,3,0,0,1,1,0,0,1,5,0.06394373998045921,62124
5064,715.69,0,48,-6.676,0.409366,0,7,0,0,1,1,0,0,4,18,0.06042589656620597,62172
5065,715.87,0,15,-5.662,0.409223,0,4,1,0,1,1,0,0,1,3,0.07082898722340664,62187
5066,715.93,0,5,-5.062,0.409176,0,4,1,0,1,1,0,0,1,3,0.06106871291995049,62192
5067,716.02,0,7,-5.482,0.40911,0,3,0,0,1,1,0,0,1,3,0.06492171463157449,62199
5068,716.18,0,13,-5.842,0.408986,0,3,1,0,1,1,0,0,1,2,0.06458425134993516,62212
5069,716.71,0,45,-5.568,0.408559,0,10,0,0,1,1,0,0,5,20,0.07758563914232784,62257
5070,716.92,0,18,-6.142,0.408388,0,3,0,0,1,1,0,0,1,3,0.055003217628432646,62275
5071,717.07,0,12,-5.482,0.408273,0,4,0,0,1,1,0,0,1,4,0.06742160379265745,62287
5072,717.17,0,8,-5.242,0.408197,0,4,1,0,1,1,0,0,1,4,0.07262509758584201,62295
5073,717.24,0,5,-5.362,0.40815,0,3,2,0,1,1,0,0,1,3,0.05573723465204239,62300
5074,717.41,0,14,-5.902,0.408017,0,3,0,0,1,1,0,0,1,6,0.0560982160137168,62314
5075,717.51,0,7,-5.482,0.40795,0,3,0,0,1,1,0,0,1,5,0.09871605171688966,62321
5076,717.64,0,10,-5.962,0.407856,0,2,0,0,1,1,0,0,1,4,0.054071090556681155,62331
5077,717.75,0,8,-5.242,0.40778,0,4,0,0,1,1,0,0,1,6,0.05429689190350473,62339
5078,717.93,0,14,-5.902,0.407647,0,3,0,0,1,1,0,0,1,5,0.05998138604419572,62353
5079,718.0,0,6,-5.122,0.40759,0,4,0,0,1,1,0,0,1,4,0.05620199876526991,62359
5080,718.15,0,12,-6.082,0.407475,0,2,0,0,1,1,0,0,1,3,0.05456880511095127,62371
5081,718.92,0,54,-6.398,0.406963,0,9,2,0,1,1,0,0,5,17,0.05250011208570666,62425
5082,719.09,0,11,-6.022,0.406858,0,2,1,0,1,1,0,0,1,3,0.07883249003101479,62436
5083,719.63,0,39,-7.084,0.406488,0,4,0,0,1,1,0,0,2,7,0.0693366528990177,62475
5084,719.7,0,6,-5.422,0.406431,0,3,0,0,1,1,0,0,1,4,0.04368347985049089,62481
5085,719.92,0,18,-5.514,0.406259,0,5,0,0,1,1,0,0,2,10,0.06823596627348,62499
5086,720.0,0,7,-5.482,0.406193,0,3,0,0,1,1,0,0,1,3,0.029149290041199753,62506
5087,720.32,0,28,-5.786,0.405927,0,6,0,0,1,1,0,0,3,9,0.07144490416560854,62534
5088,720.51,0,15,-5.662,0.405784,0,4,0,0,1,1,0,0,1,5,0.04619006961584091,62549
5089,720.87,0,30,-6.852,0.4055,0,3,0,0,1,1,0,0,2,2,0.06759684756398202,62579
5090,721.1,0,19,-6.202,0.405319,0,3,0,0,1,1,0,0,1,14,0.05469658588500399,62598
5091,721.21,0,9,-5.302,0.405234,0,4,0,0,1,1,0,0,1,5,0.06501518396867646,62607
5092,721.33,0,10,-4.762,0.405139,0,6,1,0,1,1,0,0,1,5,0.06222753161564469,62617
5093,721.43,0,8,-5.842,0.405063,0,2,0,0,1,1,0,0,1,4,0.06516186147928238,62625
5094,721.51,0,7,-5.482,0.404996,0,3,0,0,1,1,0,0,1,3,0.06401328476411956,62632
5095,721.73,0,19,-6.202,0.404815,0,3,1,0,1,1,0,0,1,5,0.06061933150416926,62651
5096,721.8,0,5,-5.062,0.404768,0,4,0,0,1,1,0,0,1,3,0.08628319352865219,62656
5097,722.26,1,40,-6.414,0.404388,1,3,1,0,1,1,0,0,3,9,0.05693505953531712,62696
5098,722.74,0,40,-6.844,0.404008,0,5,0,0,1,1,0,0,2,10,0.055924937780946496,62736
5099,722.84,0,8,-5.242,0.403932,0,4,1,0,1,1,0,0,1,4,0.05302588455379009,62744
5100,722.95,0,9,-5.602,0.403846,0,3,0,0,1,1,0,0,1,3,0.06063616689708498,62753
5101,723.95,0,79,-9.746,0.403096,0,3,0,0,1,1,0,0,3,32,0.060564911606002456,62832
5102,724.2,0,18,-6.142,0.402925,0,3,0,0,1,1,0,0,1,2,0.05393479402280516,62850
5103,724.3,0,8,-6.15,0.402849,0,1,0,0,1,1,0,0,1,3,0.04969760833773762,62858
5104,724.89,0,49,-7.346,0.402384,0,5,0,0,1,1,0,0,3,16,0.05704893143277387,62907
5105,725.04,0,11,-6.022,0.402279,0,2,0,0,1,1,0,0,1,5,0.06720672818747433,62918
5106,725.15,0,9,-5.902,0.402193,0,2,0,0,1,1,0,0,1,3,0.045289433664745755,62927
5107,725.22,0,5,-5.662,0.402146,0,2,0,0,1,1,0,0,1,0,0.04473425820469856,62932
5108,725.97,0,56,-5.938,0.401614,0,11,2,0,1,1,0,0,5,14,0.06287756036700946,62988
5109,726.34,0,27,-6.354,0.401358,0,4,0,0,1,1,0,0,2,9,0.059899966060011474,63015
5110,727.01,0,46,-6.566,0.400921,0,7,0,0,1,1,0,0,3,13,0.060484264784937965,63061
5111,727.32,0,20,-4.744,0.400731,0,8,0,0,1,1,0,0,2,4,0.0714021535590291,63081
5112,727.41,0,6,-5.722,0.400674,0,2,1,0,1,1,0,0,1,4,0.05301031656563282,63087
5113,728.1,0,52,-6.908,0.40018,0,7,1,0,1,1,0,0,5,11,0.06492011317123587,63139
5114,728.44,1,22,-3.846,0.399971,1,8,2,0,1,1,0,0,3,8,0.05306065988472917,63161
5115,728.55,0,7,-6.082,0.399904,0,1,0,0,1,1,0,0,1,1,0.042552029713988304,63168
5116,728.73,0,13,-5.842,0.399781,0,3,0,0,1,1,0,0,1,3,0.04775029062651671,63181
5117,728.8,0,5,-5.362,0.399733,0,3,0,0,1,1,0,0,1,3,0.05297307297587395,63186
5118,728.89,0,7,-5.182,0.399667,0,4,0,0,1,1,0,0,1,3,0.08545805939606257,63193
5119,729.15,0,20,-6.562,0.399477,0,2,0,0,1,1,0,0,1,11,0.06871648915112019,63213
5120,729.24,0,7,-5.782,0.39941,0,2,0,0,1,1,0,0,1,1,0.0597841992442097,63220
5121,729.49,0,19,-6.502,0.39923,0,2,0,0,1,1,0,0,1,13,0.05009962941863035,63239
5122,729.61,0,10,-5.362,0.399135,0,4,0,0,1,1,0,0,1,6,0.05161081794649362,63249
5123,729.68,0,6,-5.73,0.399078,0,2,0,0,1,1,0,0,1,1,0.05744289265324672,63255
5124,729.79,0,9,-5.602,0.398992,0,3,0,0,1,1,0,0,1,2,0.07879728782508108,63264
5125,729.98,0,16,-6.022,0.39884,0,3,0,0,1,1,0,0,1,6,0.06509039655793458,63280
5126,730.35,0,29,-6.484,0.398564,0,4,0,0,1,1,0,0,2,4,0.052575286285116755,63309
5127,730.47,0,8,-5.542,0.398489,0,3,0,0,1,1,0,0,1,6,0.08452391135506332,63317
5128,730.6,0,11,-5.722,0.398384,0,3,2,0,1,1,0,0,1,9,0.05985710532827811,63328
5129,730.77,0,14,-6.502,0.398251,0,1,0,0,1,1,0,0,1,5,0.059387722850910256,63342
5130,730.96,0,16,-5.402,0.398099,0,5,1,0,1,1,0,0,2,3,0.05456813098862767,63358
5131,731.11,0,12,-5.492,0.397985,0,4,0,0,1,1,0,0,1,1,0.06212281575426459,63370
5132,731.47,0,26,-6.612,0.397738,0,3,0,0,1,1,0,0,2,8,0.057110396679490805,63396
5133,731.66,1,13,-4.214,0.397614,1,5,3,0,1,1,0,0,2,4,0.059932163128486045,63409
5134,732.28,0,44,-7.654,0.397196,0,3,0,0,1,1,0,0,3,17,0.06226236919279803,63453
5135,732.56,0,17,-5.782,0.397035,0,4,0,0,1,1,0,0,1,5,0.056635565836639964,63470
5136,732.87,0,20,-6.262,0.396845,0,3,0,0,1,1,0,0,1,15,0.06286200173199177,63490
5137,732.97,0,7,-5.782,0.396779,0,2,0,0,1,1,0,0,1,3,0.07922860554286412,63497
5138,733.61,0,42,-5.736,0.396379,0,9,1,0,1,1,0,0,4,8,0.07096398400054091,63539
5139,733.69,0,5,-5.662,0.396332,0,2,0,0,1,1,0,0,1,3,0.06168651357293129,63544
5140,734.05,0,23,-6.442,0.396114,0,3,1,0,1,1,0,0,1,7,0.06539569612916397,63567
5141,734.27,0,15,-6.262,0.395971,0,2,0,0,1,1,0,0,1,10,0.05725118281940619,63582
5142,734.34,0,5,-5.362,0.395923,0,3,0,0,1,1,0,0,1,1,0.07672930359840394,63587
5143,734.56,0,17,-6.654,0.395762,0,1,0,0,1,1,0,0,2,7,0.040915808530853075,63604
5144,734.66,0,8,-5.842,0.395686,0,2,0,0,1,1,0,0,1,6,0.05879636527970433,63612
5145,735.02,0,29,-5.854,0.39541,0,6,0,0,1,1,0,0,3,6,0.04664340743730808,63641
5146,735.39,0,27,-6.044,0.395154,0,5,1,0,1,1,0,0,3,13,0.04902550343562056,63668
5147,735.52,0,9,-5.602,0.395069,0,3,0,0,1,1,0,0,1,7,0.0764054809179571,63677
5148,735.59,0,6,-5.722,0.395012,0,2,0,0,1,1,0,0,1,5,0.06205744824061791,63683
5149,735.67,0,7,-5.182,0.394945,0,4,0,0,1,1,0,0,1,5,0.06808454756225858,63690
5150,735.94,0,21,-6.022,0.394746,0,4,1,0,1,1,0,0,1,5,0.051184218642967086,63711
5151,736.1,0,12,-5.782,0.394632,0,3,1,0,1,1,0,0,1,3,0.064652469009161,63723
5152,736.81,1,51,-6.41,0.394147,1,5,1,0,1,1,0,0,5,17,0.06356270852334359,63774
5153,736.9,0,5,-5.362,0.3941,0,3,0,0,1,1,0,0,1,3,0.047922408767044546,63779
5154,737.01,0,7,-5.182,0.394033,0,4,0,0,1,1,0,0,1,3,0.051851825921663215,63786
5155,737.37,0,24,-5.602,0.393805,0,6,1,0,1,1,0,0,1,7,0.062502743016618,63810
5156,737.57,0,15,-6.262,0.393663,0,2,0,0,1,1,0,0,1,4,0.04612982477992773,63825
5157,737.92,0,26,-7.222,0.393416,0,1,0,0,1,1,0,0,2,10,0.06140034187298555,63851
5158,738.27,0,26,-6.614,0.393169,0,3,0,0,1,1,0,0,2,8,0.06475174971497975,63877
5159,739.09,0,57,-5.698,0.392627,0,12,1,0,1,1,0,0,5,18,0.054559022907102316,63934
5160,739.77,0,51,-6.494,0.392142,0,8,0,0,1,1,0,0,7,14,0.06480386429557614,63985
5161,739.84,0,5,-5.362,0.392095,0,3,0,0,1,1,0,0,1,1,0.09484168589115143,63990
5162,739.93,0,7,-5.782,0.392029,0,2,0,0,1,1,0,0,1,5,0.0782600005290338,63997
5163,740.04,0,9,-5.602,0.391943,0,3,0,0,1,1,0,0,1,0,0.05935480756064256,64006
5164,741.45,0,105,-8.832,0.390946,0,11,0,0,1,1,0,0,7,28,0.05899775892141319,64111
5165,741.65,0,16,-6.022,0.390794,0,3,0,0,1,1,0,0,1,8,0.06645918497815728,64127
5166,742.14,0,36,-6.884,0.390451,0,4,0,0,1,1,0,0,3,11,0.06037983613916569,64163
5167,742.31,0,13,-5.842,0.390328,0,3,0,0,1,1,0,0,1,3,0.06445978467281048,64176
5168,742.38,0,5,-5.362,0.390281,0,3,0,0,1,1,0,0,1,3,0.07632694840431213,64181
5169,742.61,0,18,-6.434,0.39011,0,2,0,0,1,1,0,0,2,6,0.06862583073476951,64199
5170,742.74,0,9,-5.602,0.390024,0,3,1,0,1,1,0,0,1,3,0.05315921445273691,64208
5171,743.14,0,30,-6.186,0.389739,0,5,0,0,1,1,0,0,4,10,0.06499195005744696,64238
5172,743.33,0,12,-5.782,0.389625,0,3,0,0,1,1,0,0,1,6,0.05007553628335396,64250
5173,743.54,0,15,-5.042,0.389482,0,6,1,0,1,1,0,0,2,5,0.05927661334474881,64265
5174,744.15,0,44,-6.474,0.389065,0,7,1,0,1,1,0,0,2,10,0.05608400524678556,64309
5175,744.75,1,46,-4.92,0.388628,1,9,3,0,1,1,0,0,5,14,0.06664479349780342,64355
5176,745.04,0,22,-6.654,0.388419,0,2,0,0,1,1,0,0,2,7,0.07656452711671591,64377
5177,745.51,0,34,-7.374,0.388096,0,2,0,0,1,1,0,0,2,8,0.07239467234295957,64411
5178,745.67,0,10,-5.962,0.388001,0,2,0,0,1,1,0,0,1,3,0.04641540590673685,64421
5179,745.91,0,18,-6.142,0.38783,0,3,1,0,1,1,0,0,1,8,0.059956653147108026,64439
5180,746.12,0,15,-6.262,0.387687,0,2,1,0,1,1,0,0,1,4,0.05675013524790605,64454
5181,746.73,0,48,-7.004,0.387231,0,6,0,0,1,1,0,0,5,11,0.05555190749388809,64502
5182,746.9,0,13,-5.852,0.387108,0,3,0,0,1,1,0,0,1,2,0.056062330635121234,64515
5183,747.12,0,17,-6.382,0.386946,0,2,0,0,1,1,0,0,1,6,0.061414484044208247,64532
5184,747.32,0,12,-6.082,0.386832,0,2,0,0,1,1,0,0,1,7,0.045916346833109856,64544
5185,747.49,0,13,-5.842,0.386709,0,3,0,0,1,1,0,0,1,4,0.06776130958818473,64557
5186,747.58,0,7,-5.782,0.386642,0,2,0,0,1,1,0,0,1,1,0.051156441548040936,64564
5187,747.65,0,6,-5.122,0.386585,0,4,0,0,1,1,0,0,1,4,0.06503981382896502,64570
5188,748.18,0,42,-6.326,0.386186,0,7,1,0,1,1,0,0,4,12,0.06438038249810536,64612
5189,748.99,0,55,-7.368,0.385664,0,6,1,0,1,1,0,0,5,10,0.06654679384082555,64667
5190,749.2,0,16,-6.322,0.385512,0,2,1,0,1,1,0,0,1,3,0.06343525371630676,64683
5191,749.35,0,12,-6.082,0.385398,0,2,0,0,1,1,0,0,1,5,0.07574528486778338,64695
5192,750.19,0,64,-4.834,0.38479,0,16,1,0,1,1,0,0,7,23,0.058393470622831956,64759
5193,750.42,0,15,-5.644,0.384647,0,4,0,0,1,1,0,0,2,7,0.06666167608151834,64774
5194,750.82,0,26,-5.974,0.3844,0,5,0,0,1,1,0,0,3,11,0.07007227171785556,64800
5195,750.91,0,6,-6.022,0.384343,0,1,0,0,1,1,0,0,1,3,0.045438772377868496,64806
5196,751.41,0,33,-4.596,0.38403,0,11,0,0,1,1,0,0,4,7,0.06309838889336045,64839
5197,752.27,0,58,-6.308,0.383478,0,10,0,0,1,1,0,0,7,15,0.06798664657077913,64897
5198,752.41,0,10,-5.662,0.383383,0,3,1,0,1,1,0,0,1,3,0.08276438787579536,64907
5199,752.52,0,9,-5.902,0.383298,0,2,0,0,1,1,0,0,1,4,0.071877787510554,64916
5200,752.59,0,5,-5.062,0.383251,0,4,0,0,1,1,0,0,1,3,0.05684007816016674,64921
5201,752.67,0,6,-5.422,0.383193,0,3,0,0,1,1,0,0,1,2,0.03101301829641064,64927
5202,753.09,0,37,-4.808,0.382842,0,11,0,0,1,1,0,0,4,13,0.06838369850270651,64964
5203,753.19,0,8,-5.842,0.382766,0,2,1,0,1,1,0,0,1,3,0.0625388368498534,64972
5204,753.74,0,43,-7.95,0.382358,0,2,1,0,1,1,0,0,1,10,0.062479742651068884,65015
5205,754.14,0,30,-6.534,0.382073,0,4,0,0,1,1,0,0,2,8,0.06469139841695627,65045
5206,754.24,0,8,-6.152,0.381996,0,1,0,0,1,1,0,0,1,3,0.047644275706261396,65053
5207,755.03,0,63,-8.484,0.381398,0,4,0,0,1,1,0,0,4,19,0.05705527838556066,65116
5208,755.17,0,9,-5.91,0.381313,0,2,0,0,1,1,0,0,1,4,0.05653603043821123,65125
5209,755.51,0,27,-6.382,0.381056,0,4,1,0,1,1,0,0,1,11,0.05780700413096282,65152
5210,755.62,0,9,-5.602,0.38097,0,3,1,0,1,1,0,0,1,2,0.046794451773166656,65161
5211,755.96,0,25,-6.562,0.380733,0,3,0,0,1,1,0,0,1,3,0.05992216069251299,65186
5212,756.04,0,6,-5.122,0.380676,0,4,1,0,1,1,0,0,1,4,0.10878379394610722,65192
5213,756.59,1,38,-4.458,0.380315,1,9,1,0,1,1,0,0,5,16,0.05468024543829655,65230
5214,756.82,0,18,-5.214,0.380144,0,6,0,0,1,1,0,0,2,6,0.06817279083447324,65248
5215,757.35,0,42,-6.598,0.379745,0,6,1,0,1,1,0,0,4,14,0.05546441057785636,65290
5216,757.42,0,5,-5.062,0.379698,0,4,0,0,1,1,0,0,1,3,0.036802079528570175,65295
5217,757.53,0,7,-5.79,0.379631,0,2,0,0,1,1,0,0,1,0,0.06373790598341397,65302
5218,758.1,0,38,-6.078,0.37927,0,7,0,0,1,1,0,0,4,10,0.0630909445891647,65340
5219,758.27,0,11,-6.022,0.379166,0,2,0,0,1,1,0,0,1,3,0.06193196299401196,65351
5220,758.36,0,6,-5.122,0.379109,0,4,0,0,1,1,0,0,1,4,0.05233771943797668,65357
5221,758.47,0,7,-5.482,0.379042,0,3,0,0,1,1,0,0,1,3,0.0870688334107399,65364
5222,758.66,0,14,-6.174,0.378909,0,2,0,0,1,1,0,0,2,6,0.061283791969929426,65378
5223,758.9,0,18,-6.114,0.378738,0,3,0,0,1,1,0,0,2,8,0.07631054184296066,65396
5224,759.24,0,26,-7.182,0.378491,0,1,0,0,1,1,0,0,3,6,0.06885288788292271,65422
5225,759.32,0,6,-5.422,0.378434,0,3,0,0,1,1,0,0,1,4,0.03260559790457288,65428
5226,759.55,0,19,-5.584,0.378254,0,5,0,0,1,1,0,0,2,6,0.06251471411240728,65447
5227,759.64,0,7,-5.482,0.378187,0,3,1,0,1,1,0,0,1,4,0.07997228045548711,65454
5228,759.88,0,20,-6.862,0.377997,0,1,0,0,1,1,0,0,1,5,0.06487404759973288,65474
5229,760.03,0,12,-6.382,0.377883,0,1,1,0,1,1,0,0,1,5,0.056601469249775015,65486
5230,760.09,0,5,-5.062,0.377835,0,4,0,0,1,1,0,0,1,3,0.04988392312079668,65491
5231,760.26,0,13,-5.214,0.377712,0,5,2,0,1,1,0,0,2,7,0.04418213164003996,65504
5232,760.33,0,6,-5.722,0.377655,0,2,0,0,1,1,0,0,1,1,0.08689008156458537,65510
5233,761.02,0,50,-6.786,0.37718,0,7,2,0,1,1,0,0,5,11,0.07030151039361954,65560
5234,761.37,0,24,-4.964,0.376952,0,8,1,0,1,1,0,0,3,8,0.0675485363850991,65584
5235,761.8,0,33,-6.396,0.376638,0,5,0,0,1,1,0,0,3,14,0.06261115289773002,65617
5236,761.93,0,10,-5.962,0.376544,0,2,0,0,1,1,0,0,1,7,0.05168793853372335,65627
5237,762.13,0,15,-5.942,0.376401,0,3,0,0,1,1,0,0,2,2,0.07730723197261492,65642
5238,762.22,0,7,-6.1,0.376335,0,1,0,0,1,1,0,0,1,2,0.06680214937244143,65649
5239,762.32,0,8,-6.142,0.376259,0,1,0,0,1,1,0,0,1,2,0.03962081437930465,65657
5240,762.4,0,6,-6.03,0.376201,0,1,0,0,1,1,0,0,1,1,0.04968080607553323,65663
5241,762.76,0,28,-7.286,0.375936,0,1,0,0,1,1,0,0,3,10,0.05977466512870576,65691
5242,763.87,0,79,-6.918,0.375185,0,12,1,0,1,1,0,0,9,24,0.06592017400396775,65770
5243,764.13,1,21,-4.374,0.374986,1,6,1,0,1,1,0,0,3,6,0.06920484568746317,65791
5244,764.19,0,5,-5.362,0.374938,0,3,0,0,1,1,0,0,1,0,0.05154390633106232,65796
5245,764.26,0,6,-5.422,0.374881,0,3,0,0,1,1,0,0,1,4,0.08707681484520435,65802
5246,764.7,0,36,-6.602,0.374539,0,5,0,0,1,1,0,0,2,8,0.06332552572712302,65838
5247,765.08,0,30,-6.514,0.374254,0,4,0,0,1,1,0,0,3,9,0.06565098070229093,65868
5248,765.28,0,15,-5.334,0.374112,0,5,0,0,1,1,0,0,2,5,0.08604964762926101,65883
5249,765.57,0,23,-6.694,0.373893,0,2,0,0,1,1,0,0,3,7,0.06827518368220847,65906
5250,765.76,0,15,-6.552,0.373751,0,1,0,0,1,1,0,0,2,5,0.061997120082378385,65921
5251,765.96,0,15,-5.644,0.373608,0,4,0,0,1,1,0,0,2,3,0.060807101304332416,65936
5252,766.26,0,24,-5.884,0.37338,0,5,0,0,1,1,0,0,2,6,0.061342471783670284,65960
5253,766.36,0,8,-5.542,0.373304,0,3,0,0,1,1,0,0,1,4,0.038733738590963185,65968
5254,767.49,0,80,-7.602,0.372544,0,10,0,0,1,1,0,0,9,25,0.0715063490322791,66048
5255,768.82,0,85,-7.05,0.371737,0,13,1,0,1,1,0,0,6,30,0.061963956079938834,66133
5256,769.28,0,37,-5.696,0.371385,0,8,1,0,1,1,0,0,5,11,0.06303323412666449,66170
5257,769.36,0,7,-5.182,0.371319,0,4,0,0,1,1,0,0,1,3,0.07442292171929564,66177
5258,769.46,0,8,-6.442,0.371243,0,0,0,0,1,1,0,0,1,1,0.057204700889997184,66185
5259,769.7,0,20,-5.644,0.371053,0,5,0,0,1,1,0,0,2,12,0.06648459304124117,66205
5260,770.19,0,38,-6.704,0.370692,0,5,0,0,1,1,0,0,3,15,0.052689719994209315,66243
5261,770.38,0,15,-5.354,0.370549,0,5,0,0,1,1,0,0,2,5,0.055237033714850746,66258
5262,770.49,0,8,-5.842,0.370473,0,2,0,0,1,1,0,0,1,3,0.06593762780539691,66266
5263,770.81,0,25,-6.242,0.370236,0,4,0,0,1,1,0,0,2,10,0.05704349625855684,66291
5264,771.64,0,60,-7.038,0.369665,0,8,0,0,1,1,0,0,6,15,0.06837433770609398,66351
5265,771.93,0,23,-4.014,0.369447,0,11,1,0,1,1,0,0,2,6,0.07339955068638791,66374
5266,772.02,0,7,-5.792,0.369381,0,2,0,0,1,1,0,0,1,2,0.0775990943823542,66381
5267,772.25,0,18,-4.932,0.36921,0,7,1,0,1,1,0,0,2,7,0.05427333153784275,66399
5268,772.33,0,6,-6.03,0.369152,0,1,0,0,1,1,0,0,1,1,0.07076709158718586,66405
5269,772.4,0,6,-6.022,0.369096,0,1,0,0,1,1,0,0,1,3,0.05095530239244302,66411
5270,772.52,0,9,-5.602,0.36901,0,3,0,0,1,1,0,0,1,7,0.039130391656524606,66420
5271,772.84,0,23,-5.84,0.368792,0,5,0,0,1,1,0,0,2,5,0.06327107937439629,66443
5272,773.04,0,14,-5.274,0.368659,0,5,0,0,1,1,0,0,2,6,0.0775538099530552,66457
5273,773.19,0,12,-5.782,0.368545,0,3,0,0,1,1,0,0,1,5,0.06975806939105193,66469
5274,773.72,0,37,-6.344,0.368193,0,6,0,0,1,1,0,0,3,5,0.07238805042328061,66506
5275,773.82,0,6,-5.422,0.368136,0,3,0,0,1,1,0,0,1,4,0.09354208999623854,66512
5276,773.96,0,9,-5.602,0.368051,0,3,0,0,1,1,0,0,1,2,0.06922866590321064,66521
5277,774.08,0,9,-5.602,0.367965,0,3,0,0,1,1,0,0,1,2,0.051247971339358225,66530
5278,774.14,0,5,-5.662,0.367918,0,2,0,0,1,1,0,0,1,3,0.04540258627384901,66535
5279,775.1,0,77,-6.45,0.367186,0,13,2,0,1,1,0,0,10,31,0.0633284504972882,66612
5280,776.1,0,67,-8.052,0.36655,0,6,0,0,1,1,0,0,6,26,0.06073987821756459,66679
5281,776.58,0,31,-6.922,0.366255,0,3,0,0,1,1,0,0,1,3,0.07727979231745966,66710
5282,776.87,0,18,-5.214,0.366084,0,6,0,0,1,1,0,0,2,11,0.06783583843045765,66728
5283,776.96,0,6,-5.422,0.366027,0,3,0,0,1,1,0,0,1,3,0.06777904679377873,66734
5284,777.44,0,31,-5.058,0.365733,0,9,1,0,1,1,0,0,4,7,0.05920789547024235,66765
5285,777.61,0,11,-6.03,0.365628,0,2,1,0,1,1,0,0,1,0,0.05918046120892872,66776
5286,778.32,0,46,-6.846,0.365191,0,6,0,0,1,1,0,0,5,13,0.05301823659354578,66822
5287,778.44,0,7,-5.482,0.365124,0,3,0,0,1,1,0,0,1,4,0.06854976394346782,66829
5288,778.74,0,22,-6.044,0.364915,0,4,0,0,1,1,0,0,3,6,0.05878815021027218,66851
5289,778.92,0,14,-5.574,0.364783,0,4,0,0,1,1,0,0,2,7,0.04546951076814106,66865
5290,779.82,1,72,-4.304,0.364098,1,16,1,0,1,1,0,0,9,17,0.058920812870686255,66937
5291,779.88,0,5,-5.062,0.364051,0,4,0,0,1,1,0,0,1,3,0.07881492376327515,66942
5292,780.33,0,32,-7.226,0.363747,0,2,0,0,1,1,0,0,4,14,0.0561646030691918,66974
5293,780.42,0,6,-6.022,0.36369,0,1,0,0,1,1,0,0,1,3,0.04889454320073128,66980
5294,780.5,0,6,-5.43,0.363633,0,3,0,0,1,1,0,0,1,1,0.07863362630208333,66986
5295,780.92,0,31,-5.358,0.363339,0,8,0,0,1,1,0,0,4,7,0.06776844933929463,67017
5296,781.04,0,7,-5.482,0.363272,0,3,0,0,1,1,0,0,1,2,0.06833451148122549,67024
5297,781.12,0,6,-6.322,0.363215,0,0,0,0,1,1,0,0,1,3,0.06211602066953977,67030
5298,781.2,0,6,-5.43,0.363158,0,3,0,0,1,1,0,0,1,1,0.06930724003662665,67036
5299,781.38,0,14,-5.874,0.363025,0,3,0,0,1,1,0,0,2,6,0.052723257270242484,67050
5300,781.52,0,11,-6.322,0.36292,0,1,0,0,1,1,0,0,1,8,0.05630584569139914,67061
5301,781.9,0,31,-5.704,0.362626,0,7,1,0,1,1,0,0,2,8,0.05606256749841475,67092
5302,782.38,0,38,-5.738,0.362265,0,8,0,0,1,1,0,0,5,9,0.062128144904578984,67130
5303,782.5,0,10,-5.062,0.36217,0,5,0,0,1,1,0,0,1,5,0.05467926478013396,67140
5304,782.7,0,16,-5.994,0.362018,0,3,0,0,1,1,0,0,2,6,0.056616960908286273,67156
5305,783.28,0,44,-4.598,0.3616,0,13,1,0,1,1,0,0,5,17,0.0725144373506985,67200
5306,783.36,0,5,-5.662,0.361552,0,2,0,0,1,1,0,0,1,3,0.09822917729616165,67205
5307,783.48,0,8,-5.542,0.361476,0,3,0,0,1,1,0,0,1,6,0.05359682301059365,67213
5308,783.62,0,9,-5.902,0.361391,0,2,0,0,1,1,0,0,1,4,0.05953933091627227,67222
5309,784.09,0,35,-7.162,0.361059,0,3,0,0,1,1,0,0,1,10,0.07162790724209377,67257
5310,784.18,0,6,-5.722,0.361002,0,2,0,0,1,1,0,0,1,3,0.048435757557551064,67263
5311,784.29,0,7,-4.882,0.360935,0,5,0,0,1,1,0,0,1,0,0.05249198978500707,67270
5312,784.39,0,6,-5.722,0.360878,0,2,0,0,1,1,0,0,1,3,0.056195905432105064,67276
5313,784.73,0,27,-5.426,0.360622,0,7,1,0,1,1,0,0,3,9,0.0656740650948551,67303
5314,784.91,0,14,-5.902,0.360488,0,3,0,0,1,1,0,0,1,3,0.05304567914988313,67317
5315,784.99,0,6,-5.43,0.360432,0,3,1,0,1,1,0,0,1,1,0.07177776594956715,67323
5316,785.26,0,21,-5.666,0.360232,0,5,0,0,1,1,0,0,3,9,0.06976857071831113,67344
5317,785.37,0,9,-5.902,0.360147,0,2,0,0,1,1,0,0,1,4,0.047476665013366275,67353
5318,785.69,0,26,-6.904,0.3599,0,2,0,0,1,1,0,0,2,8,0.049979065294162586,67379
5319,785.76,0,5,-5.062,0.359852,0,4,0,0,1,1,0,0,1,3,0.06643681935966014,67384
5320,786.07,0,24,-4.646,0.359624,0,9,0,0,1,1,0,0,3,9,0.054681561421602964,67408
5321,786.68,0,39,-6.99,0.359254,0,4,0,0,1,1,0,0,5,12,0.05471446283925802,67447
5322,786.82,0,9,-6.502,0.359168,0,0,0,0,1,1,0,0,1,2,0.040235634272297226,67456
5323,787.57,0,50,-5.848,0.358693,0,10,0,0,1,1,0,0,6,14,0.06246977921575308,67506
5324,787.75,0,14,-4.974,0.35856,0,6,2,0,1,1,0,0,2,8,0.06267402520669359,67520
5325,787.85,0,8,-6.142,0.358484,0,1,0,0,1,1,0,0,1,4,0.0692014186643064,67528
5326,787.97,0,9,-5.302,0.358398,0,4,0,0,1,1,0,0,1,3,0.05832116212695837,67537
5327,789.28,0,89,-8.712,0.357553,0,8,0,0,1,1,0,0,11,24,0.06136543748460794,67626
5328,789.39,0,9,-5.902,0.357468,0,2,0,0,1,1,0,0,1,2,0.044585247420602374,67635
5329,789.51,0,10,-5.662,0.357372,0,3,1,0,1,1,0,0,1,5,0.0687423948198557,67645
5330,789.61,0,7,-5.782,0.357306,0,2,1,0,1,1,0,0,1,2,0.06520482738103185,67652
5331,789.87,0,22,-5.736,0.357097,0,5,0,0,1,1,0,0,3,9,0.05571007313714786,67674
5332,790.02,0,12,-5.482,0.356983,0,4,1,0,1,1,0,0,1,8,0.07350483785072963,67686
5333,790.24,0,17,-6.362,0.356822,0,2,0,0,1,1,0,0,2,3,0.06965999370988678,67703
5334,790.82,0,46,-6.238,0.356384,0,8,3,0,1,1,0,0,5,19,0.06455030442094026,67749
5335,791.0,0,14,-6.202,0.356252,0,2,0,0,1,1,0,0,1,1,0.07775746818099703,67763
5336,791.23,1,18,-5.124,0.356081,1,3,2,0,1,1,0,0,2,8,0.05591148458835152,67781
5337,791.51,0,21,-5.684,0.355881,0,5,0,0,1,1,0,0,3,8,0.06400196697740328,67802
5338,791.6,0,6,-5.422,0.355824,0,3,1,0,1,1,0,0,1,2,0.042632616978759565,67808
5339,791.9,1,20,-4.322,0.355634,1,6,2,0,1,1,0,0,3,3,0.07282659662887454,67828
5340,792.19,0,23,-6.112,0.355416,0,4,0,0,1,1,0,0,3,8,0.077646737391858,67851
5341,792.5,0,22,-6.346,0.355206,0,3,0,0,1,1,0,0,3,9,0.07361500058323145,67873
5342,792.63,0,9,-5.61,0.355121,0,3,1,0,1,1,0,0,1,4,0.04867635129226579,67882
5343,793.32,2,55,-4.176,0.354599,2,10,3,0,1,1,0,0,6,15,0.06113804629580541,67937
5344,793.54,0,16,-6.594,0.354447,0,1,0,0,1,1,0,0,2,6,0.06997587508521974,67953
5345,793.73,0,15,-6.242,0.354304,0,2,0,0,1,1,0,0,2,5,0.058971651022632916,67968
5346,794.0,0,21,-6.322,0.354105,0,3,0,0,1,1,0,0,1,16,0.06769159196742944,67989
5347,794.95,0,72,-7.448,0.353421,0,9,1,0,1,1,0,0,8,18,0.06823273631744087,68061
5348,795.06,0,7,-5.782,0.353354,0,2,0,0,1,1,0,0,1,4,0.06312672368117742,68068
5349,795.13,0,6,-6.022,0.353297,0,1,1,0,1,1,0,0,1,3,0.06412641890347004,68074
5350,795.22,0,7,-5.782,0.353231,0,2,0,0,1,1,0,0,1,4,0.06906606044088091,68081
5351,795.29,0,6,-5.722,0.353174,0,2,0,0,1,1,0,0,1,1,0.05756356194615364,68087
5352,795.37,0,6,-5.722,0.353116,0,2,0,0,1,1,0,0,1,3,0.07018302536259095,68093
5353,795.69,0,25,-4.416,0.352879,0,10,0,0,1,1,0,0,3,8,0.05775732301175594,68118
5354,795.79,0,8,-6.442,0.352803,0,0,0,0,1,1,0,0,1,2,0.03651919646654278,68126
5355,796.35,0,39,-4.29,0.352433,0,13,0,0,1,1,0,0,5,19,0.06316235181517325,68165
5356,796.46,0,7,-6.392,0.352366,0,0,0,0,1,1,0,0,1,2,0.06658623686858586,68172
5357,796.53,0,5,-5.062,0.352319,0,4,0,0,1,1,0,0,1,3,0.06390139386057854,68177
5358,796.62,0,7,-5.49,0.352252,0,3,0,0,1,1,0,0,1,0,0.06989795075995582,68184
5359,796.73,0,9,-5.902,0.352167,0,2,0,0,1,1,0,0,1,1,0.06642861167589824,68193
5360,796.8,0,5,-5.062,0.352119,0,4,0,0,1,1,0,0,1,3,0.07955446988344192,68198
5361,796.88,0,6,-5.722,0.352062,0,2,0,0,1,1,0,0,1,3,0.08343051311870416,68204
5362,798.56,0,124,-10.096,0.350884,0,10,2,0,1,1,0,0,16,28,0.06672326265083205,68328
5363,799.29,0,54,-6.354,0.350371,0,9,1,0,1,1,0,0,7,19,0.04952512560757222,68382
5364,799.36,0,5,-5.362,0.350324,0,3,1,0,1,1,0,0,1,3,0.07339719235897064,68387
5365,799.51,0,11,-5.73,0.350219,0,3,0,0,1,1,0,0,1,2,0.061480554498054764,68398
5366,799.58,0,6,-5.122,0.350162,0,4,0,0,1,1,0,0,1,4,0.09739438630640507,68404
5367,799.65,0,6,-5.422,0.350105,0,3,0,0,1,1,0,0,1,4,0.05139811150729656,68410
5368,799.88,0,18,-5.224,0.349934,0,6,0,0,1,1,0,0,2,12,0.05679867758105198,68428
5369,799.97,0,7,-5.482,0.349867,0,3,0,0,1,1,0,0,1,2,0.07422544328229767,68435
5370,800.19,0,17,-6.354,0.349706,0,2,0,0,1,1,0,0,2,5,0.06722525025115293,68452
5371,800.71,0,36,-6.586,0.349364,0,5,0,0,1,1,0,0,3,11,0.07643055802004205,68488
5372,800.97,0,20,-6.844,0.349174,0,1,0,0,1,1,0,0,2,12,0.06139018023386598,68508
5373,801.3,1,25,-4.634,0.348936,1,6,1,0,1,1,0,0,2,8,0.07512305930256843,68533
5374,801.52,0,17,-5.762,0.348775,0,4,0,0,1,1,0,0,2,2,0.06989062117303119,68550
5375,801.61,0,7,-5.482,0.348708,0,3,1,0,1,1,0,0,1,3,0.06354669108986855,68557
5376,801.74,0,10,-5.662,0.348614,0,3,0,0,1,1,0,0,1,3,0.085732127353549,68567
5377,801.98,0,19,-6.482,0.348433,0,2,0,0,1,1,0,0,2,7,0.0559143675001044,68586
5378,802.29,0,23,-6.422,0.348215,0,3,0,0,1,1,0,0,2,11,0.06281405565855296,68609
5379,802.39,0,7,-5.782,0.348148,0,2,1,0,1,1,0,0,1,4,0.06698659488133021,68616
5380,802.52,0,8,-5.542,0.348072,0,3,0,0,1,1,0,0,1,6,0.06345864827744663,68624
5381,802.88,0,23,-6.714,0.347854,0,2,0,0,1,1,0,0,2,11,0.06167446182149908,68647
5382,803.03,0,10,-5.962,0.347758,0,2,0,0,1,1,0,0,1,3,0.07251873463392258,68657
5383,803.24,1,16,-4.704,0.347607,1,4,1,0,1,1,0,0,2,6,0.06289547437336296,68673
5384,803.42,0,13,-4.614,0.347483,0,7,0,0,1,1,0,0,2,3,0.06570099150905243,68686
5385,803.62,0,16,-6.294,0.347331,0,2,0,0,1,1,0,0,2,6,0.06427024211734533,68702
5386,803.76,0,11,-5.722,0.347226,0,3,0,0,1,1,0,0,1,4,0.051417415792291817,68713
5387,804.15,0,29,-6.456,0.346951,0,4,0,0,1,1,0,0,3,17,0.06873086451328006,68742
5388,804.25,0,7,-5.79,0.346885,0,2,0,0,1,1,0,0,1,2,0.07137412364993777,68749
5389,804.32,0,5,-5.062,0.346837,0,4,1,0,1,1,0,0,1,3,0.06369436252862215,68754
5390,804.41,0,7,-5.49,0.34677,0,3,0,0,1,1,0,0,1,0,0.07606564914541585,68761
5391,804.51,0,8,-5.242,0.346695,0,4,1,0,1,1,0,0,1,4,0.0579996514134109,68769
5392,805.08,0,48,-6.03,0.346239,0,9,2,0,1,1,0,0,6,13,0.06354685878613964,68817
5393,805.2,0,7,-6.09,0.346172,0,1,0,0,1,1,0,0,1,0,0.06862000695296697,68824
5394,805.41,0,14,-5.874,0.346039,0,3,0,0,1,1,0,0,2,6,0.045201843205307214,68838
5395,805.49,0,5,-5.362,0.345992,0,3,0,0,1,1,0,0,1,3,0.057778187841176984,68843
5396,805.7,0,13,-5.534,0.345868,0,4,0,0,1,1,0,0,2,5,0.06255081467903577,68856
5397,805.93,0,17,-6.09,0.345707,0,3,1,0,1,1,0,0,1,4,0.05148655417210916,68873
5398,806.03,0,7,-5.782,0.34564,0,2,0,0,1,1,0,0,1,2,0.05403687059879303,68880
5399,806.12,0,6,-5.722,0.345583,0,2,0,0,1,1,0,0,1,3,0.0677725908656915,68886
5400,806.84,0,46,-5.946,0.345146,0,9,1,0,1,1,0,0,5,11,0.05921589820038365,68932
5401,807.01,0,11,-6.022,0.345042,0,2,0,0,1,1,0,0,1,0,0.09287754353135824,68943
5402,807.63,0,49,-6.716,0.344576,0,7,0,0,1,1,0,0,6,14,0.058707130521687925,68992
5403,807.8,0,13,-6.442,0.344452,0,1,0,0,1,1,0,0,1,1,0.0682555055962159,69005
5404,808.15,0,28,-6.078,0.344187,0,5,0,0,1,1,0,0,4,10,0.0527721220361335,69033
5405,808.36,0,17,-6.064,0.344025,0,3,0,0,1,1,0,0,2,5,0.05425695631214801,69050
5406,808.44,0,6,-6.03,0.343968,0,1,0,0,1,1,0,0,1,1,0.0660083827873071,69056
5407,808.56,0,9,-5.302,0.343883,0,4,0,0,1,1,0,0,1,7,0.06053162319585681,69065
5408,809.14,0,44,-6.996,0.343465,0,5,0,0,1,1,0,0,6,11,0.05320590709082105,69109
5409,809.29,0,9,-5.302,0.343379,0,4,0,0,1,1,0,0,1,7,0.08754340310891469,69118
5410,809.49,0,13,-4.922,0.343256,0,6,2,0,1,1,0,0,2,3,0.06661118108492631,69131
5411,809.61,0,10,-5.662,0.343161,0,3,0,0,1,1,0,0,1,5,0.0782144183292985,69141
5412,809.67,0,5,-5.362,0.343113,0,3,0,0,1,1,0,0,1,3,0.07844759076833725,69146
5413,809.73,0,5,-5.662,0.343066,0,2,1,0,1,1,0,0,1,2,0.0628883995115757,69151
5414,809.9,0,14,-6.484,0.342933,0,1,0,0,1,1,0,0,2,4,0.05286162306687662,69165
5415,810.71,0,60,-7.004,0.342363,0,8,0,0,1,1,0,0,8,18,0.060820169855530064,69225
5416,811.04,0,21,-4.476,0.342163,0,9,1,0,1,1,0,0,3,4,0.05895532627723047,69246
5417,811.15,0,7,-5.482,0.342097,0,3,0,0,1,1,0,0,1,5,0.04662462643214634,69253
5418,811.22,0,5,-5.962,0.342049,0,1,0,0,1,1,0,0,1,2,0.06352375596761703,69258
5419,811.45,0,18,-6.114,0.341878,0,3,0,0,1,1,0,0,2,8,0.0525449062180188,69276
5420,811.54,0,7,-5.482,0.341812,0,3,0,0,1,1,0,0,1,2,0.06397598689155919,69283
5421,811.74,0,14,-5.884,0.341679,0,3,0,0,1,1,0,0,2,6,0.05196641531905958,69297
5422,811.93,0,15,-5.044,0.341536,0,6,1,0,1,1,0,0,2,3,0.057976509009798366,69312
5423,812.19,0,20,-6.234,0.341346,0,3,0,0,1,1,0,0,2,12,0.059796465747058394,69332
5424,812.71,0,38,-5.768,0.340985,0,8,0,0,1,1,0,0,5,14,0.06470731908063355,69370
5425,813.16,0,29,-6.454,0.340709,0,4,0,0,1,1,0,0,3,8,0.06044828930291636,69399
5426,813.41,0,19,-6.174,0.340529,0,3,0,0,1,1,0,0,2,9,0.04714869227456419,69418
5427,813.61,0,16,-4.504,0.340377,0,8,1,0,1,1,0,0,2,9,0.061352360353339463,69434
5428,813.71,0,7,-5.49,0.340311,0,3,0,0,1,1,0,0,1,0,0.07432305227432932,69441
5429,814.26,0,40,-7.102,0.339931,0,4,1,0,1,1,0,0,5,9,0.05778325046412647,69481
5430,814.59,1,25,-5.524,0.339693,1,3,1,0,1,1,0,0,3,8,0.07125749319791794,69506
5431,814.69,0,8,-4.642,0.339617,0,6,0,0,1,1,0,0,1,1,0.056189443450421095,69514
5432,815.06,0,30,-6.188,0.339332,0,5,0,0,1,1,0,0,4,14,0.06949868506441513,69544
5433,816.0,0,63,-7.238,0.338734,0,8,0,0,1,1,0,0,7,18,0.054349816729506804,69607
5434,816.18,0,12,-5.482,0.33862,0,4,0,0,1,1,0,0,1,4,0.06365868014593919,69619
5435,816.46,0,20,-5.034,0.33843,0,7,2,0,1,1,0,0,2,12,0.06318527963012457,69639
5436,817.59,0,75,-5.802,0.337717,0,15,2,0,1,1,0,0,9,24,0.06323787571241458,69714
5437,818.45,0,68,-7.218,0.337071,0,9,1,0,1,1,0,0,8,24,0.059319461531498856,69782
5438,819.14,0,45,-5.56,0.336644,0,10,0,0,1,1,0,0,6,17,0.051325525529682635,69827
5439,820.02,0,70,-6.696,0.335979,0,11,0,0,1,1,0,0,9,22,0.07248368219339422,69897
5440,820.15,0,9,-5.602,0.335893,0,3,0,0,1,1,0,0,1,4,0.09677505865693092,69906
5441,820.35,0,16,-4.804,0.335741,0,7,1,0,1,1,0,0,2,4,0.05191263265442103,69922
5442,820.52,0,13,-5.514,0.335618,0,4,0,0,1,1,0,0,2,4,0.06821898686198088,69935
5443,821.37,0,59,-6.324,0.335057,0,10,0,0,1,1,0,0,8,21,0.06173087454448312,69994
5444,821.86,0,32,-6.324,0.334753,0,5,0,0,1,1,0,0,4,6,0.06591074861353263,70026
5445,821.98,0,7,-6.09,0.334686,0,1,1,0,1,1,0,0,1,0,0.05187012281801019,70033
5446,822.06,0,7,-5.49,0.33462,0,3,0,0,1,1,0,0,1,2,0.05164964922836849,70040
5447,822.38,0,25,-5.934,0.334383,0,5,0,0,1,1,0,0,3,9,0.06900642484426499,70065
5448,822.47,0,7,-5.482,0.334316,0,3,0,0,1,1,0,0,1,2,0.07635808869131974,70072
5449,823.39,0,63,-5.354,0.333718,0,14,1,0,1,1,0,0,8,17,0.05736852234732064,70135
5450,823.73,0,22,-5.126,0.333508,0,7,0,0,1,1,0,0,3,10,0.05645892447368665,70157
5451,824.56,0,54,-5.782,0.332995,0,11,1,0,1,1,0,0,7,19,0.05266631983600005,70211
5452,824.86,0,25,-6.534,0.332758,0,3,1,0,1,1,0,0,2,11,0.06828224584460259,70236
5453,824.96,0,7,-5.482,0.332692,0,3,1,0,1,1,0,0,1,5,0.06598601809569768,70243
5454,825.47,0,38,-5.148,0.33233,0,10,0,0,1,1,0,0,5,11,0.06606545975725901,70281
5455,825.82,0,24,-5.574,0.332103,0,6,1,0,1,1,0,0,2,9,0.05725818080827594,70305
5456,826.01,0,12,-6.092,0.331989,0,2,1,0,1,1,0,0,1,7,0.07318669743835926,70317
5457,826.1,0,6,-5.44,0.331932,0,3,1,0,1,1,0,0,1,1,0.03902203248192867,70323
5458,826.18,0,7,-5.182,0.331865,0,4,1,0,1,1,0,0,1,3,0.0643141083419323,70330
5459,826.26,0,5,-5.662,0.331817,0,2,0,0,1,1,0,0,1,1,0.04565846659243107,70335
5460,826.42,0,13,-4.942,0.331694,0,6,0,0,1,1,0,0,1,6,0.05456681377612627,70348
5461,826.97,0,44,-5.782,0.331276,0,9,0,0,1,1,0,0,6,16,0.0673065241849558,70392
5462,827.04,0,5,-5.362,0.331229,0,3,0,0,1,1,0,0,1,3,0.07167745791375638,70397
5463,827.11,0,6,-6.322,0.331171,0,0,0,0,1,1,0,0,1,2,0.046415046167870365,70403
5464,827.2,0,7,-5.792,0.331105,0,2,1,0,1,1,0,0,1,2,0.05376535893550941,70410
5465,827.29,0,7,-5.482,0.331039,0,3,1,0,1,1,0,0,1,4,0.05833130782204015,70417
5466,827.59,0,21,-5.102,0.330839,0,7,1,0,1,1,0,0,3,6,0.06825131133553528,70438
5467,828.13,0,34,-7.326,0.330516,0,2,1,0,1,1,0,0,4,14,0.0613759967553265,70472
5468,828.33,0,14,-6.202,0.330383,0,2,0,0,1,1,0,0,1,11,0.09171145961486868,70486
5469,828.41,0,6,-5.722,0.330326,0,2,0,0,1,1,0,0,1,3,0.08524488906065623,70492
5470,828.49,0,6,-5.422,0.330269,0,3,0,0,1,1,0,0,1,3,0.09161248958359162,70498
5471,828.97,0,36,-5.358,0.329927,0,9,2,0,1,1,0,0,4,16,0.05785466006232633,70534
5472,829.45,0,31,-5.664,0.329632,0,7,0,0,1,1,0,0,4,9,0.058924432062814315,70565
5473,829.52,0,5,-5.662,0.329585,0,2,0,0,1,1,0,0,1,3,0.05625362545251846,70570
5474,830.04,0,42,-4.47,0.329186,0,13,1,0,1,1,0,0,6,13,0.06670145244736757,70612
5475,830.18,0,11,-6.022,0.329082,0,2,0,0,1,1,0,0,1,4,0.06358253346248106,70623
5476,830.48,0,24,-5.856,0.328854,0,5,0,0,1,1,0,0,3,9,0.07610978349111974,70647
5477,830.97,0,36,-5.958,0.328512,0,7,0,0,1,1,0,0,4,19,0.06835454852423734,70683
5478,831.14,0,13,-5.532,0.328388,0,4,0,0,1,1,0,0,2,3,0.06127621777928793,70696
5479,831.22,0,6,-6.022,0.328331,0,1,0,0,1,1,0,0,1,3,0.05370145787795385,70702
5480,831.41,0,13,-5.214,0.328208,0,5,0,0,1,1,0,0,2,7,0.07195613877131389,70715
5481,831.67,0,18,-6.422,0.328037,0,2,0,0,1,1,0,0,2,4,0.05106316113637553,70733
5482,832.1,0,33,-6.368,0.327723,0,5,0,0,1,1,0,0,4,13,0.06731678271722613,70766
5483,832.38,0,22,-5.762,0.327514,0,5,0,0,1,1,0,0,2,4,0.06177427797493609,70788
5484,832.58,0,16,-5.994,0.327362,0,3,0,0,1,1,0,0,2,4,0.07794106320943683,70804
5485,833.16,0,42,-7.188,0.326963,0,4,0,0,1,1,0,0,5,15,0.06854900935043891,70846
5486,833.38,0,14,-6.782,0.32683,0,0,0,0,1,1,0,0,2,4,0.0575846039157893,70860
5487,833.48,0,8,-5.542,0.326754,0,3,1,0,1,1,0,0,1,3,0.05616342683788389,70868
5488,833.67,0,14,-5.884,0.326621,0,3,0,0,1,1,0,0,2,4,0.07836165651679039,70882
5489,834.56,0,70,-5.212,0.325956,0,16,2,0,1,1,0,0,9,21,0.06685218808374234,70952
5490,835.16,0,46,-7.128,0.325519,0,5,0,0,1,1,0,0,5,12,0.054684687446316944,70998
5491,835.85,0,49,-6.99,0.325053,0,6,0,0,1,1,0,0,6,25,0.06312128867269778,71047
5492,836.01,0,10,-5.97,0.324959,0,2,0,0,1,1,0,0,1,1,0.06810801764950156,71057
5493,836.11,0,6,-5.422,0.324902,0,3,1,0,1,1,0,0,1,3,0.055154536850750446,71063
5494,836.2,0,6,-5.122,0.324844,0,4,0,0,1,1,0,0,1,4,0.03461688198149204,71069
5495,837.0,0,58,-5.966,0.324294,0,11,2,0,1,1,0,0,8,13,0.05725805920645081,71127
5496,837.21,0,16,-5.694,0.324141,0,4,1,0,1,1,0,0,2,5,0.06256015307735652,71143
5497,837.29,0,6,-5.722,0.324085,0,2,0,0,1,1,0,0,1,3,0.06857000415523846,71149
5498,837.67,0,29,-5.228,0.323809,0,8,1,0,1,1,0,0,4,9,0.05995791906426693,71178
5499,838.5,1,56,-5.196,0.323277,1,10,1,0,1,1,0,0,8,13,0.05850515196964677,71234
5500,838.69,0,12,-5.482,0.323163,0,4,1,0,1,1,0,0,2,2,0.05487014710282286,71246
5501,838.76,0,5,-5.662,0.323115,0,2,0,0,1,1,0,0,1,3,0.09464609101414681,71251
5502,839.14,0,26,-5.376,0.322869,0,7,1,0,1,1,0,0,3,11,0.06722405445403777,71277
5503,839.33,0,15,-5.942,0.322726,0,3,0,0,1,1,0,0,2,3,0.06640392001718283,71292
5504,839.41,0,7,-5.482,0.322659,0,3,0,0,1,1,0,0,1,4,0.06362864375114441,71299
5505,839.54,0,11,-6.022,0.322555,0,2,1,0,1,1,0,0,1,6,0.0678861720318144,71310
5506,839.81,0,22,-6.344,0.322346,0,3,0,0,1,1,0,0,3,7,0.06552265178073537,71332
5507,839.9,0,7,-5.5,0.32228,0,3,0,0,1,1,0,0,1,2,0.04996600454407079,71339
5508,840.26,0,29,-5.228,0.322004,0,8,1,0,1,1,0,0,4,6,0.05516406617544849,71368
5509,840.34,0,6,-5.432,0.321947,0,3,0,0,1,1,0,0,1,1,0.07426687702536583,71374
5510,840.54,0,16,-5.704,0.321795,0,4,0,0,1,1,0,0,2,10,0.05096873175352812,71390
5511,840.62,0,6,-5.422,0.321738,0,3,0,0,1,1,0,0,1,3,0.03894374488542477,71396
5512,840.9,0,22,-6.336,0.321529,0,3,1,0,1,1,0,0,3,11,0.057927415960214355,71418
5513,841.3,0,28,-5.166,0.321263,0,8,0,0,1,1,0,0,4,7,0.057684651077059765,71446
5514,841.41,0,7,-5.782,0.321196,0,2,0,0,1,1,0,0,1,4,0.054208302072116306,71453
5515,841.71,0,23,-4.622,0.320978,0,9,2,0,1,1,0,0,3,6,0.06408917737881774,71476
5516,842.32,0,42,-6.596,0.320579,0,6,0,0,1,1,0,0,5,15,0.059621945001362336,71518
5517,842.4,0,5,-5.362,0.320531,0,3,0,0,1,1,0,0,1,1,0.0729793056845665,71523
5518,842.73,0,21,-5.382,0.320332,0,6,1,0,1,1,0,0,3,3,0.061972658194246744,71544
5519,843.17,0,31,-7.148,0.320038,0,2,0,0,1,1,0,0,4,11,0.06648560910816154,71575
5520,843.25,0,6,-6.022,0.319981,0,1,0,0,1,1,0,0,1,3,0.08341859591503938,71581
5521,843.32,0,5,-5.662,0.319933,0,2,0,0,1,1,0,0,1,2,0.05637918449938297,71586
5522,843.4,0,6,-5.722,0.319876,0,2,0,0,1,1,0,0,1,3,0.05742465611547232,71592
5523,843.58,0,14,-5.274,0.319743,0,5,1,0,1,1,0,0,2,3,0.07365308063370841,71606
5524,844.12,0,42,-6.95,0.319344,0,5,1,0,1,1,0,0,5,11,0.06547533459074441,71648
5525,844.19,0,5,-5.062,0.319296,0,4,0,0,1,1,0,0,1,3,0.07425531148910522,71653
5526,844.48,0,21,-5.684,0.319097,0,5,0,0,1,1,0,0,3,8,0.066458934918046,71674
5527,844.64,0,13,-4.934,0.318974,0,6,0,0,1,1,0,0,2,5,0.05640513729304075,71687
5528,844.72,0,6,-5.722,0.318917,0,2,0,0,1,1,0,0,1,3,0.08505571944018205,71693
5529,844.91,0,15,-6.242,0.318774,0,2,0,0,1,1,0,0,2,5,0.07364674136042595,71708
5530,845.0,0,7,-5.182,0.318708,0,4,1,0,1,1,0,0,1,3,0.05812909134796688,71715
5531,845.07,0,6,-6.022,0.318651,0,1,0,0,1,1,0,0,1,1,0.064209654306372,71721
5532,845.75,1,48,-6.23,0.318194,1,5,1,0,1,1,0,0,6,19,0.06202314828988165,71769
5533,845.95,0,13,-5.532,0.318071,0,4,0,0,1,1,0,0,2,3,0.06753945981080715,71782
5534,846.28,0,23,-6.704,0.317853,0,2,0,0,1,1,0,0,3,6,0.0740024874229794,71805
5535,846.64,0,28,-5.768,0.317586,0,6,1,0,1,1,0,0,4,12,0.0580615617800504,71833
5536,847.12,0,36,-5.064,0.317244,0,10,0,0,1,1,0,0,5,10,0.06043735156870551,71869
5537,847.39,1,21,-5.284,0.317045,1,3,1,0,1,1,0,0,3,4,0.06593301537491027,71890
5538,847.91,1,38,-4.756,0.316684,1,8,1,0,1,1,0,0,5,9,0.07220448960403078,71928
5539,848.01,0,8,-5.842,0.316608,0,2,0,0,1,1,0,0,1,3,0.040907687158323824,71936
5540,848.07,0,5,-5.062,0.316561,0,4,1,0,1,1,0,0,1,3,0.060365854576230046,71941
5541,848.48,0,34,-5.536,0.316238,0,8,1,0,1,1,0,0,4,8,0.07389114528675289,71975
5542,849.15,0,49,-5.198,0.315772,0,12,0,0,1,1,0,0,6,15,0.06423640277768884,72024
5543,849.46,1,20,-3.116,0.315582,1,10,1,0,1,1,0,0,3,5,0.06920832851901651,72044
5544,849.64,0,14,-6.19,0.315449,0,2,0,0,1,1,0,0,2,2,0.06045836290078504,72058
5545,849.75,0,9,-5.602,0.315364,0,3,0,0,1,1,0,0,1,2,0.07069444304539098,72067
5546,849.93,0,14,-6.182,0.315231,0,2,0,0,1,1,0,0,2,4,0.058203473554125855,72081
5547,850.01,0,6,-5.422,0.315173,0,3,0,0,1,1,0,0,1,3,0.07367799679438274,72087
5548,850.23,0,15,-5.942,0.315031,0,3,0,0,1,1,0,0,2,3,0.06313444450497627,72102
5549,850.33,0,6,-5.422,0.314974,0,3,0,0,1,1,0,0,1,3,0.0667979900414745,72108
5550,850.42,0,6,-5.422,0.314917,0,3,0,0,1,1,0,0,1,3,0.07284861709922552,72114
5551,850.52,0,7,-4.882,0.314851,0,5,0,0,1,1,0,0,1,3,0.0646476468869618,72121
5552,851.0,0,37,-5.396,0.314499,0,9,0,0,1,1,0,0,5,10,0.07074082229991217,72158
5553,851.44,0,31,-6.248,0.314204,0,5,0,0,1,1,0,0,4,13,0.05805992184867782,72189
5554,851.97,0,39,-5.844,0.313834,0,8,1,0,1,1,0,0,4,17,0.06049009804160167,72228
5555,852.04,0,5,-5.662,0.313786,0,2,0,0,1,1,0,0,1,3,0.04662349671125412,72233
5556,852.5,0,36,-5.32,0.313445,0,9,1,0,1,1,0,0,5,6,0.06882707026994063,72269
5557,852.91,0,31,-5.946,0.31315,0,6,1,0,1,1,0,0,4,9,0.056602460212044174,72300
5558,852.99,0,6,-5.122,0.313093,0,4,0,0,1,1,0,0,1,4,0.03676386550068855,72306
5559,853.08,0,7,-5.782,0.313026,0,2,0,0,1,1,0,0,1,2,0.057056126317807605,72313
5560,853.29,0,17,-6.672,0.312865,0,1,0,0,1,1,0,0,2,5,0.05366439974921591,72330
5561,853.39,0,7,-5.782,0.312799,0,2,1,0,1,1,0,0,1,2,0.07173036198530879,72337
5562,853.45,0,5,-5.062,0.312751,0,4,0,0,1,1,0,0,1,3,0.06380728632211685,72342
5563,854.0,0,37,-5.99,0.312399,0,7,0,0,1,1,0,0,5,14,0.05781079179330452,72379
5564,854.1,0,6,-5.722,0.312343,0,2,0,0,1,1,0,0,1,3,0.05711973085999489,72385
5565,854.52,0,28,-6.696,0.312076,0,3,0,0,1,1,0,0,3,9,0.06344179649438177,72413
5566,854.6,0,6,-5.722,0.31202,0,2,0,0,1,1,0,0,1,3,0.06405432273944218,72419
5567,854.86,0,21,-5.094,0.31182,0,7,0,0,1,1,0,0,3,8,0.05808287513043199,72440
5568,855.37,0,40,-5.88,0.31144,0,8,0,0,1,1,0,0,5,7,0.07222881626803428,72480
5569,855.7,0,21,-5.974,0.311241,0,4,0,0,1,1,0,0,3,8,0.06763057490544659,72501
5570,856.6,0,57,-7.476,0.310699,0,6,1,0,1,1,0,0,7,12,0.06534560831884544,72558
5571,856.71,0,7,-5.782,0.310632,0,2,1,0,1,1,0,0,1,2,0.05810239538550377,72565
5572,856.81,0,7,-5.792,0.310566,0,2,0,0,1,1,0,0,1,2,0.04833226105464356,72572
5573,857.18,0,29,-4.944,0.310291,0,9,1,0,1,1,0,0,4,6,0.06683600398487058,72601
5574,857.26,0,6,-6.34,0.310234,0,0,0,0,1,1,0,0,1,1,0.12014617895086606,72607
5575,857.55,0,22,-4.554,0.310025,0,9,0,0,1,1,0,0,3,7,0.06509298721159046,72629
5576,857.62,0,5,-5.662,0.309977,0,2,0,0,1,1,0,0,1,3,0.06343887522816657,72634
5577,857.69,0,5,-5.362,0.30993,0,3,0,0,1,1,0,0,1,3,0.046579832769930364,72639
5578,857.76,0,6,-6.022,0.309872,0,1,0,0,1,1,0,0,1,3,0.04389285854995251,72645
5579,858.12,1,28,-5.386,0.309607,1,4,1,0,1,1,0,0,4,8,0.06842973402568273,72673
5580,858.22,0,8,-5.852,0.309531,0,2,0,0,1,1,0,0,1,1,0.06293599493801594,72681
5581,858.29,0,6,-5.722,0.309474,0,2,0,0,1,1,0,0,1,3,0.06361667811870575,72687
5582,858.39,0,7,-5.79,0.309407,0,2,0,0,1,1,0,0,1,2,0.04454342249248709,72694
5583,858.6,0,17,-6.062,0.309245,0,3,0,0,1,1,0,0,2,5,0.06762429074767758,72711
5584,858.77,0,14,-6.184,0.309113,0,2,0,0,1,1,0,0,2,6,0.046624383623046536,72725
5585,859.19,1,31,-5.248,0.308818,1,5,1,0,1,1,0,0,4,12,0.06920475650939249,72756
5586,859.34,0,10,-5.962,0.308723,0,2,0,0,1,1,0,0,1,5,0.0734158206731081,72766
5587,859.67,0,24,-6.782,0.308495,0,2,0,0,1,1,0,0,3,7,0.05772029717142383,72790
5588,859.73,0,5,-5.662,0.308448,0,2,0,0,1,1,0,0,1,1,0.07636588662862778,72795
5589,860.03,0,22,-5.434,0.308239,0,6,0,0,1,1,0,0,3,7,0.05470213370228356,72817
5590,860.22,0,15,-5.944,0.308096,0,3,0,0,1,1,0,0,2,7,0.0647423155605793,72832
5591,860.5,0,21,-4.166,0.307897,0,10,0,0,1,1,0,0,3,8,0.060785314733428616,72853
5592,860.72,0,15,-5.934,0.307754,0,3,0,0,1,1,0,0,2,6,0.06895600979526838,72868
5593,860.8,0,6,-5.422,0.307697,0,3,0,0,1,1,0,0,1,3,0.07723055655757587,72874
5594,861.31,0,40,-7.122,0.307317,0,4,0,0,1,1,0,0,5,15,0.07615582486614585,72914
5595,862.33,0,69,-6.634,0.306662,0,11,0,0,1,1,0,0,9,23,0.054211504581937756,72983
5596,862.41,0,6,-5.422,0.306604,0,3,0,0,1,1,0,0,1,3,0.06174352299422026,72989
5597,862.59,0,13,-5.242,0.306481,0,5,1,0,1,1,0,0,2,3,0.041725631516713366,73002
5598,863.19,0,43,-6.646,0.306072,0,6,0,0,1,1,0,0,6,13,0.06464194025584431,73045
5599,863.39,0,13,-5.222,0.305949,0,5,1,0,1,1,0,0,2,4,0.049268483542479,73058
5600,863.74,0,21,-5.682,0.30575,0,5,0,0,1,1,0,0,3,4,0.06294252998417332,73079
5601,863.84,0,7,-5.49,0.305683,0,3,0,0,1,1,0,0,1,0,0.06459731448973928,73086
5602,863.93,0,7,-5.482,0.305617,0,3,0,0,1,1,0,0,1,4,0.04774023512644427,73093
5603,864.01,0,6,-5.422,0.305559,0,3,0,0,1,1,0,0,1,3,0.06936479297777016,73099
5604,865.18,0,94,-7.186,0.304667,0,14,2,0,1,1,0,0,12,20,0.06510764505080086,73193
5605,865.28,0,9,-5.902,0.304581,0,2,0,0,1,1,0,0,1,4,0.06457643045319451,73202
5606,865.34,0,5,-5.062,0.304534,0,4,0,0,1,1,0,0,1,3,0.06724950969219208,73207
5607,865.41,0,6,-6.022,0.304477,0,1,0,0,1,1,0,0,1,3,0.09703905694186687,73213
5608,865.5,0,7,-5.482,0.30441,0,3,0,0,1,1,0,0,1,2,0.05890060748372759,73220
5609,865.6,0,8,-5.85,0.304334,0,2,0,0,1,1,0,0,1,1,0.06254828465171158,73228
5610,865.99,0,32,-5.434,0.30403,0,8,0,0,1,1,0,0,4,6,0.06070607193396427,73260
5611,866.35,0,27,-6.036,0.303774,0,5,0,0,1,1,0,0,3,10,0.05864137066183267,73287
5612,866.44,0,7,-6.09,0.303707,0,1,0,0,1,1,0,0,1,0,0.05062786862254143,73294
5613,868.06,0,104,-10.164,0.302719,0,6,0,0,1,1,0,0,13,29,0.0651511285865966,73398
5614,868.23,0,13,-5.814,0.302596,0,3,1,0,1,1,0,0,2,5,0.05955086204294975,73411
5615,868.35,0,9,-5.92,0.30251,0,2,0,0,1,1,0,0,1,2,0.05564350293328365,73420
5616,869.04,0,53,-6.61,0.302007,0,8,0,0,1,1,0,0,7,17,0.06100780864790926,73473
5617,869.5,0,29,-5.828,0.301731,0,6,0,0,1,1,0,0,4,8,0.06539475648053761,73502
5618,869.87,0,29,-6.144,0.301455,0,5,0,0,1,1,0,0,4,9,0.05765937737606723,73531
5619,869.98,0,9,-6.21,0.30137,0,1,0,0,1,1,0,0,1,0,0.06468239136868054,73540
5620,870.5,0,43,-6.05,0.300961,0,8,1,0,1,1,0,0,5,16,0.0726737474026375,73583
5621,870.77,0,22,-6.054,0.300753,0,4,1,0,1,1,0,0,3,7,0.05922719819301909,73605
5622,871.5,0,51,-7.128,0.300268,0,6,1,0,1,1,0,0,7,15,0.07118506389943992,73656
5623,871.58,0,5,-5.362,0.300221,0,3,0,0,1,1,0,0,1,3,0.06458864621818065,73661
5624,872.27,0,47,-5.68,0.299774,0,10,0,0,1,1,0,0,6,19,0.06419014324374656,73708
5625,872.56,0,22,-5.126,0.299565,0,7,2,0,1,1,0,0,3,7,0.0762245472181927,73730
5626,872.65,0,7,-6.092,0.299499,0,1,0,0,1,1,0,0,1,2,0.08430661367518562,73737
5627,872.73,0,6,-6.022,0.299442,0,1,0,0,1,1,0,0,1,3,0.0794173243145148,73743
5628,873.17,0,32,-7.53,0.299138,0,1,0,0,1,1,0,0,4,4,0.06016861769603565,73775
5629,873.25,0,5,-5.062,0.29909,0,4,0,0,1,1,0,0,1,3,0.08588089644908906,73780
5630,873.31,0,5,-5.662,0.299042,0,2,0,0,1,1,0,0,1,3,0.04650314375758171,73785
5631,873.47,0,13,-6.114,0.298919,0,2,0,0,1,1,0,0,2,3,0.06998519355861041,73798
5632,874.69,0,91,-8.842,0.298054,0,8,0,0,1,1,0,0,12,23,0.06313427384164962,73889
5633,874.98,0,23,-4.604,0.297836,0,9,1,0,1,1,0,0,3,9,0.05284586305851522,73912
5634,875.49,0,42,-6.27,0.297437,0,7,0,0,1,1,0,0,5,11,0.06945174276119187,73954
5635,875.57,0,7,-6.09,0.297371,0,1,0,0,1,1,0,0,1,0,0.051385458026613505,73961
5636,875.75,0,14,-6.502,0.297238,0,1,0,0,1,1,0,0,1,8,0.07790206093341112,73975
5637,875.82,0,5,-5.062,0.29719,0,4,0,0,1,1,0,0,1,3,0.046735835075378415,73980
5638,876.62,0,53,-7.228,0.296686,0,6,0,0,1,1,0,0,7,14,0.06780027222099169,74033
5639,876.74,0,7,-6.092,0.29662,0,1,1,0,1,1,0,0,1,2,0.06159552133509091,74040
5640,876.82,0,5,-5.062,0.296573,0,4,1,0,1,1,0,0,1,3,0.07345070540905,74045
5641,877.41,0,37,-7.19,0.296221,0,3,0,0,1,1,0,0,5,13,0.06452188059385564,74082
5642,877.77,0,23,-5.196,0.296003,0,7,0,0,1,1,0,0,3,10,0.058163579310411995,74105
5643,878.09,0,24,-5.864,0.295775,0,5,0,0,1,1,0,0,3,9,0.05681100053091844,74129
5644,878.28,0,14,-5.294,0.295642,0,5,0,0,1,1,0,0,2,6,0.07003748949084963,74143
5645,878.51,0,19,-6.492,0.295461,0,2,0,0,1,1,0,0,2,7,0.07574482428792276,74162
5646,878.61,0,7,-6.09,0.295395,0,1,0,0,1,1,0,0,1,0,0.06211661600640842,74169
5647,878.69,0,6,-5.422,0.295338,0,3,0,0,1,1,0,0,1,3,0.04334094747900963,74175
5648,879.28,0,41,-5.638,0.294948,0,9,0,0,1,1,0,0,5,16,0.055248201961015785,74216
5649,879.4,0,7,-5.792,0.294882,0,2,1,0,1,1,0,0,1,2,0.08483520948461123,74223
5650,879.85,1,35,-4.876,0.294549,1,7,1,0,1,1,0,0,5,6,0.06610518049980912,74258
5651,880.09,0,18,-5.524,0.294378,0,5,0,0,1,1,0,0,2,8,0.0568140491636263,74276
5652,880.17,0,6,-5.732,0.294321,0,2,1,0,1,1,0,0,1,1,0.046832056095202766,74282
5653,880.59,0,30,-6.478,0.294036,0,4,0,0,1,1,0,0,4,13,0.057347527053207156,74312
5654,881.04,0,34,-6.774,0.293713,0,4,2,0,1,1,0,0,3,19,0.07143346362692468,74346
5655,881.11,0,5,-5.062,0.293666,0,4,1,0,1,1,0,0,1,3,0.05619909763336182,74351
5656,881.4,0,23,-5.786,0.293447,0,5,0,0,1,1,0,0,3,8,0.06335271749159564,74374
5657,881.48,0,6,-5.73,0.29339,0,2,0,0,1,1,0,0,1,1,0.06362017802894115,74380
5658,882.13,0,46,-6.846,0.292953,0,6,0,0,1,1,0,0,6,16,0.06009088148889334,74426
5659,882.24,0,7,-5.782,0.292886,0,2,0,0,1,1,0,0,1,2,0.05925808181720121,74433
5660,883.27,1,68,-5.616,0.292241,1,11,2,0,1,1,0,0,9,17,0.0627132704043213,74501
5661,883.37,0,7,-5.782,0.292174,0,2,0,0,1,1,0,0,1,4,0.07763917158756937,74508
5662,883.46,0,7,-5.782,0.292108,0,2,0,0,1,1,0,0,1,4,0.07426169328391552,74515
5663,883.88,0,28,-5.168,0.291841,0,8,0,0,1,1,0,0,4,8,0.06545289945123452,74543
5664,884.21,0,21,-6.274,0.291642,0,3,0,0,1,1,0,0,3,7,0.06351771037138644,74564
5665,884.84,0,50,-4.622,0.291167,0,14,2,0,1,1,0,0,7,13,0.06899231996387244,74614
5666,884.92,0,6,-5.73,0.29111,0,2,0,0,1,1,0,0,1,1,0.03560214458654324,74620
5667,885.07,0,12,-6.082,0.290996,0,2,0,0,1,1,0,0,1,7,0.07322896442686518,74632
5668,885.28,0,16,-6.012,0.290844,0,3,1,0,1,1,0,0,2,4,0.05799884954467416,74648
5669,887.43,1,155,-8.864,0.289372,1,17,3,0,1,1,0,0,20,31,0.05902200457189352,74803
5670,887.55,0,8,-5.542,0.289295,0,3,0,0,1,1,0,0,1,3,0.05542835174128413,74811
5671,888.55,0,67,-7.746,0.288659,0,7,0,0,1,1,0,0,9,16,0.07428055281625755,74878
5672,889.83,0,92,-8.3,0.287785,0,10,1,0,1,1,0,0,11,25,0.0656469671825028,74970
5673,889.92,0,6,-5.422,0.287728,0,3,0,0,1,1,0,0,1,3,0.07824176611999671,74976
5674,890.22,0,23,-4.586,0.287509,0,9,0,0,1,1,0,0,3,10,0.05462142007182474,74999
5675,890.78,0,43,-6.974,0.287101,0,5,0,0,1,1,0,0,4,13,0.06718052494837794,75042
5676,890.86,0,6,-5.422,0.287044,0,3,0,0,1,1,0,0,1,4,0.05984174987922112,75048
5677,890.95,0,7,-5.8,0.286977,0,2,1,0,1,1,0,0,1,2,0.0651983166379588,75055
5678,891.04,0,7,-6.09,0.286911,0,1,0,0,1,1,0,0,1,0,0.07315604468541485,75062
5679,891.34,0,24,-5.582,0.286683,0,6,1,0,1,1,0,0,3,5,0.06929297869404157,75086
5680,891.4,0,5,-5.362,0.286636,0,3,0,0,1,1,0,0,1,3,0.05115158967673779,75091
5681,891.7,0,25,-5.916,0.286398,0,5,0,0,1,1,0,0,3,9,0.06921107724308967,75116
5682,891.99,0,24,-5.556,0.28617,0,6,0,0,1,1,0,0,3,9,0.055630809860304,75140
5683,892.18,0,15,-6.244,0.286027,0,2,0,0,1,1,0,0,2,5,0.05346924724678199,75155
5684,892.85,0,48,-5.72,0.285572,0,10,0,0,1,1,0,0,6,14,0.07607023778837174,75203
5685,893.43,0,37,-7.55,0.28522,0,2,0,0,1,1,0,0,4,11,0.04687669442815555,75240
5686,893.56,0,9,-5.91,0.285135,0,2,0,0,1,1,0,0,1,2,0.04653749325209194,75249
5687,893.67,0,7,-5.482,0.285068,0,3,0,0,1,1,0,0,1,2,0.08591656333633832,75256
5688,893.75,0,5,-5.062,0.285021,0,4,0,0,1,1,0,0,1,3,0.10893372148275375,75261
5689,894.11,0,26,-7.174,0.284774,0,1,0,0,1,1,0,0,3,10,0.08613706709673771,75287
5690,894.64,0,39,-4.29,0.284403,0,13,0,0,1,1,0,0,5,13,0.0569658387834445,75326
5691,895.47,1,58,-5.01,0.283852,1,11,1,0,1,1,0,0,7,13,0.06860886562358716,75384
5692,895.55,0,5,-5.362,0.283805,0,3,1,0,1,1,0,0,1,2,0.06751077920198441,75389
5693,895.85,0,23,-6.696,0.283586,0,2,0,0,1,1,0,0,3,8,0.07610158452197262,75412
5694,896.4,0,36,-6.558,0.283244,0,5,0,0,1,1,0,0,5,9,0.07303529548355275,75448
5695,896.58,0,13,-4.314,0.28312,0,8,1,0,1,1,0,0,2,5,0.06487428375448172,75461
5696,896.97,0,30,-4.716,0.282836,0,10,0,0,1,1,0,0,3,12,0.06596731090297302,75491
5697,897.14,0,13,-5.822,0.282712,0,3,0,0,1,1,0,0,2,1,0.055478719278023794,75504
5698,897.35,1,14,-4.874,0.282579,1,3,1,0,1,1,0,0,2,4,0.05994477495551109,75518
5699,897.74,0,27,-6.334,0.282323,0,4,1,0,1,1,0,0,3,7,0.05791593149856285,75545
5700,898.2,0,31,-5.958,0.282028,0,6,1,0,1,1,0,0,4,9,0.06668433084362937,75576
5701,898.97,0,60,-5.21,0.281458,0,14,0,0,1,1,0,0,8,20,0.06914771531398098,75636
5702,899.52,0,42,-6.908,0.281059,0,5,0,0,1,1,0,0,4,18,0.06764424873870753,75678
5703,899.84,0,26,-5.066,0.280812,0,8,0,0,1,1,0,0,3,13,0.07638530282733533,75704
5704,899.9,0,5,-5.662,0.280764,0,2,0,0,1,1,0,0,1,3,0.029326339811086656,75709
5705,900.17,0,22,-6.026,0.280555,0,4,1,0,1,1,0,0,3,10,0.07195989008654248,75731
5706,900.28,0,8,-4.642,0.280479,0,6,0,0,1,1,0,0,1,1,0.07895653694868088,75739
5707,902.06,0,136,-10.834,0.279188,0,10,0,0,1,1,0,0,16,40,0.06675055319005076,75875
5708,902.5,0,30,-5.014,0.278903,0,9,0,0,1,1,0,0,4,10,0.07409585614999135,75905
5709,903.23,0,51,-6.474,0.278418,0,8,0,0,1,1,0,0,7,17,0.06727722404049892,75956
5710,903.4,0,13,-5.214,0.278295,0,5,0,0,1,1,0,0,2,5,0.061491675388354525,75969
5711,904.33,0,66,-4.946,0.277668,0,16,1,0,1,1,0,0,9,19,0.07036376542722185,76035
5712,904.71,0,30,-6.214,0.277382,0,5,0,0,1,1,0,0,4,12,0.06023114913453658,76065
5713,904.78,0,6,-5.122,0.277326,0,4,0,0,1,1,0,0,1,4,0.0785756070787708,76071
5714,904.89,0,8,-6.142,0.27725,0,1,0,0,1,1,0,0,1,3,0.041017028503119946,76079
5715,904.98,0,7,-5.782,0.277183,0,2,0,0,1,1,0,0,1,2,0.07680377310940198,76086
5716,905.67,0,54,-6.678,0.27667,0,8,0,0,1,1,0,0,7,16,0.06805312078170202,76140
5717,906.19,0,32,-6.314,0.276366,0,5,0,0,1,1,0,0,4,6,0.05974019697168842,76172
5718,906.39,1,14,-4.874,0.276233,1,3,1,0,1,1,0,0,2,5,0.06955024826207332,76186
5719,907.22,0,57,-8.092,0.275691,0,4,0,0,1,1,0,0,7,14,0.06536848161761698,76243
5720,907.41,0,14,-6.19,0.275559,0,2,0,0,1,1,0,0,2,2,0.07588112221232482,76257
5721,907.58,0,13,-4.622,0.275435,0,7,0,0,1,1,0,0,2,2,0.07624387913025342,76270
5722,907.67,0,7,-5.482,0.275369,0,3,1,0,1,1,0,0,1,2,0.0646587046129363,76277
5723,909.41,1,126,-8.894,0.274172,1,11,3,0,1,1,0,0,16,37,0.06248778424831846,76403
5724,909.49,0,6,-5.422,0.274115,0,3,0,0,1,1,0,0,1,3,0.0563627773274978,76409
5725,910.47,0,74,-6.912,0.273412,0,11,0,0,1,1,0,0,10,18,0.06275554844555822,76483
5726,910.57,0,6,-5.422,0.273355,0,3,0,0,1,1,0,0,1,3,0.04466370353475213,76489
5727,911.21,0,40,-7.084,0.272975,0,4,1,0,1,1,0,0,5,11,0.06627548071555793,76529
5728,911.4,0,14,-6.194,0.272841,0,2,0,0,1,1,0,0,2,4,0.06777757206665617,76543
5729,911.5,0,6,-5.422,0.272784,0,3,0,0,1,1,0,0,1,3,0.08372881946464379,76549
5730,912.33,0,55,-8.274,0.272262,0,3,2,0,1,1,0,0,6,19,0.06452965846454556,76604
5731,913.06,0,48,-6.048,0.271806,0,9,0,0,1,1,0,0,5,18,0.06052130518946797,76652
5732,913.14,0,6,-5.422,0.271749,0,3,0,0,1,1,0,0,1,3,0.0742275317509969,76658
5733,913.56,0,34,-4.92,0.271426,0,10,0,0,1,1,0,0,5,7,0.06097525303416392,76692
5734,913.64,0,6,-5.422,0.271369,0,3,0,0,1,1,0,0,1,3,0.07734002297123273,76698
5735,913.73,0,7,-6.082,0.271303,0,1,0,0,1,1,0,0,1,3,0.05474812297948769,76705
5736,914.28,0,41,-5.626,0.270913,0,9,1,0,1,1,0,0,5,15,0.07300799596691276,76746
5737,914.58,0,23,-5.524,0.270695,0,6,0,0,1,1,0,0,3,8,0.06923728027259526,76769
5738,914.66,0,6,-5.44,0.270637,0,3,0,0,1,1,0,0,1,1,0.06176757998764515,76775
5739,915.06,0,32,-3.906,0.270334,0,13,1,0,1,1,0,0,4,9,0.059315107617294416,76807
5740,915.14,0,6,-5.422,0.270277,0,3,0,0,1,1,0,0,1,4,0.08234936123092969,76813
5741,915.54,0,29,-6.128,0.270001,0,5,2,0,1,1,0,0,4,13,0.06632259224766288,76842
5742,915.65,0,7,-5.182,0.269935,0,4,0,0,1,1,0,0,1,5,0.06106550219867911,76849
5743,916.01,0,28,-5.206,0.269669,0,8,0,0,1,1,0,0,3,14,0.07164701307192445,76877
5744,916.18,0,13,-5.214,0.269545,0,5,0,0,1,1,0,0,2,5,0.07887444731134635,76890
5745,916.55,0,28,-5.176,0.269279,0,8,0,0,1,1,0,0,4,10,0.06808856349172336,76918
5746,916.86,0,22,-6.634,0.26907,0,2,0,0,1,1,0,0,3,7,0.05440239980816841,76940
5747,916.96,0,7,-5.792,0.269004,0,2,0,0,1,1,0,0,1,2,0.06309773666518075,76947
5748,917.05,0,7,-6.082,0.268937,0,1,0,0,1,1,0,0,1,2,0.04306058618905289,76954
5749,917.13,0,6,-5.422,0.26888,0,3,0,0,1,1,0,0,1,3,0.047260649812718235,76960
5750,917.89,0,53,-6.32,0.268377,0,9,1,0,1,1,0,0,7,16,0.061812414752565464,77013
5751,918.22,0,21,-5.984,0.268177,0,4,0,0,1,1,0,0,3,8,0.07099056235026746,77034
5752,918.31,0,7,-5.482,0.268111,0,3,0,0,1,1,0,0,1,2,0.056675395529185026,77041
5753,918.52,0,16,-6.322,0.267959,0,2,0,0,1,1,0,0,2,6,0.056033581495285034,77057
5754,919.28,0,54,-6.08,0.267446,0,10,1,0,1,1,0,0,7,16,0.06737598713004479,77111
5755,920.09,1,61,-5.46,0.266866,1,10,1,0,1,1,0,0,8,17,0.06267420410132798,77172
5756,920.85,1,53,-4.992,0.266363,1,10,1,0,1,1,0,0,7,14,0.05756065569255712,77225
5757,921.11,0,16,-6.002,0.266211,0,3,0,0,1,1,0,0,2,1,0.07436571456491947,77241
5758,923.08,1,140,-10.772,0.264881,1,8,1,0,1,1,0,0,12,68,0.05700499767304531,77381
5759,923.58,0,32,-4.516,0.264577,0,11,1,0,1,1,0,0,4,13,0.05898842460010201,77413
5760,923.76,0,14,-5.59,0.264444,0,4,0,0,1,1,0,0,2,4,0.08229577687702008,77427
5761,923.83,0,5,-5.362,0.264396,0,3,0,0,1,1,0,0,1,3,0.07003457583487034,77432
5762,924.03,0,15,-5.934,0.264254,0,3,0,0,1,1,0,0,2,5,0.06601318990190824,77447
5763,924.25,0,16,-6.594,0.264101,0,1,0,0,1,1,0,0,2,6,0.059454072383232415,77463
5764,924.84,0,48,-5.738,0.263646,0,10,1,0,1,1,0,0,6,11,0.057459887951457254,77511
5765,925.23,1,28,-3.274,0.263379,1,11,1,0,1,1,0,0,4,7,0.0643306593743286,77539
5766,925.62,0,27,-5.134,0.263123,0,8,1,0,1,1,0,0,4,4,0.06282002899657797,77566
5767,925.72,0,7,-6.09,0.263057,0,1,0,0,1,1,0,0,1,0,0.046644464667354314,77573
5768,926.27,0,36,-5.63,0.262715,0,8,0,0,1,1,0,0,5,13,0.06619559901042117,77609
5769,926.7,0,30,-6.206,0.262429,0,5,1,0,1,1,0,0,4,12,0.06476562526077032,77639
5770,926.9,0,15,-6.234,0.262287,0,2,0,0,1,1,0,0,2,7,0.0689026027917862,77654
5771,927.09,0,15,-6.242,0.262145,0,2,0,0,1,1,0,0,2,3,0.06992856326202551,77669
5772,927.17,0,6,-5.422,0.262088,0,3,0,0,1,1,0,0,1,3,0.06227037621041139,77675
5773,927.26,0,7,-5.49,0.262021,0,3,0,0,1,1,0,0,1,0,0.04417472492371287,77682
5774,927.33,0,5,-5.662,0.261974,0,2,0,0,1,1,0,0,1,0,0.06817742884159088,77687
5775,927.54,0,16,-6.594,0.261822,0,1,0,0,1,1,0,0,2,6,0.07484703441150486,77703
5776,927.91,0,28,-3.368,0.261556,0,14,1,0,1,1,0,0,4,11,0.06715120112390391,77731
5777,928.0,0,6,-5.722,0.261499,0,2,0,0,1,1,0,0,1,3,0.10196689888834953,77737
5778,928.4,0,29,-4.944,0.261223,0,9,1,0,1,1,0,0,4,5,0.061617504676868176,77766
5779,929.05,0,44,-5.808,0.260805,0,9,0,0,1,1,0,0,5,15,0.0640147510831329,77810
5780,929.24,0,14,-6.492,0.260672,0,1,0,0,1,1,0,0,2,6,0.053812824854893346,77824
5781,929.45,0,15,-6.234,0.260529,0,2,0,0,1,1,0,0,2,5,0.05976569230357806,77839
5782,929.63,0,14,-4.992,0.260397,0,6,1,0,1,1,0,0,2,4,0.08722480665892363,77853
5783,929.91,0,22,-6.046,0.260188,0,4,1,0,1,1,0,0,3,9,0.086484572511505,77875
5784,930.2,0,23,-6.404,0.259969,0,3,0,0,1,1,0,0,3,8,0.06854796101865561,77898
5785,930.47,0,20,-4.706,0.259779,0,8,0,0,1,1,0,0,3,8,0.06654252922162414,77918
5786,931.1,0,45,-6.192,0.259351,0,8,0,0,1,1,0,0,5,16,0.06125955618917942,77963
5787,931.17,0,5,-5.062,0.259304,0,4,0,0,1,1,0,0,1,3,0.05066390112042427,77968
5788,931.23,0,5,-5.362,0.259257,0,3,0,0,1,1,0,0,1,3,0.06932681538164616,77973
5789,931.4,0,13,-5.214,0.259133,0,5,0,0,1,1,0,0,2,4,0.06148450807310068,77986
5790,931.66,0,20,-5.306,0.258943,0,6,0,0,1,1,0,0,3,10,0.06348672932945192,78006
5791,932.64,0,67,-7.756,0.258306,0,7,0,0,1,1,0,0,8,21,0.06646171131574397,78073
5792,933.27,0,41,-6.246,0.257917,0,7,1,0,1,1,0,0,5,10,0.06203558888831517,78114
5793,933.56,0,20,-6.216,0.257727,0,3,0,0,1,1,0,0,3,7,0.048702316964045166,78134
5794,933.64,0,5,-5.062,0.25768,0,4,1,0,1,1,0,0,1,3,0.050726234540343286,78139
5795,934.28,0,41,-5.626,0.25729,0,9,0,0,1,1,0,0,5,11,0.05700206256857732,78180
5796,934.64,0,27,-6.96,0.257034,0,2,0,0,1,1,0,0,3,10,0.07052790787484911,78207
5797,935.26,0,46,-5.63,0.256597,0,10,0,0,1,1,0,0,6,11,0.07192069397348425,78253
5798,935.7,0,28,-4.874,0.256331,0,9,1,0,1,1,0,0,4,8,0.06882441053832215,78281
5799,936.03,0,23,-6.404,0.256112,0,3,0,0,1,1,0,0,3,7,0.06867437955477963,78304
5800,936.21,0,13,-6.122,0.255988,0,2,0,0,1,1,0,0,2,4,0.06521181776546515,78317
5801,936.72,0,38,-8.146,0.255628,0,0,0,0,1,1,0,0,5,11,0.06545294424224841,78355
5802,937.35,0,50,-7.978,0.255153,0,3,1,0,1,1,0,0,5,19,0.06987669572234154,78405
5803,938.17,0,64,-6.634,0.254545,0,10,0,0,1,1,0,0,8,17,0.06758010936027858,78469
5804,938.37,0,14,-5.274,0.254412,0,5,0,0,1,1,0,0,2,6,0.05321604319448982,78483
5805,938.61,0,15,-5.954,0.254269,0,3,1,0,1,1,0,0,2,5,0.0757911724348863,78498
5806,938.69,0,6,-5.73,0.254212,0,2,0,0,1,1,0,0,1,1,0.0817093588411808,78504
5807,939.13,0,31,-6.864,0.253918,0,3,0,0,1,1,0,0,4,9,0.06742995076121823,78535
5808,939.44,0,23,-6.424,0.253699,0,3,0,0,1,1,0,0,3,6,0.056533769744893776,78558
5809,939.73,0,23,-6.71,0.25348,0,2,0,0,1,1,0,0,3,2,0.05669709894320239,78581
5810,939.95,0,18,-6.422,0.25331,0,2,0,0,1,1,0,0,2,4,0.06678127181819743,78599
5811,940.25,0,22,-6.934,0.253101,0,1,0,0,1,1,0,0,3,5,0.06549815156243065,78621
5812,940.36,0,8,-5.842,0.253024,0,2,0,0,1,1,0,0,1,3,0.0671592066064477,78629
5813,940.71,0,24,-5.246,0.252797,0,7,0,0,1,1,0,0,3,5,0.06667537824250758,78653
5814,941.75,0,65,-7.328,0.252179,0,8,0,0,1,1,0,0,9,16,0.06362023605750157,78718
5815,942.23,0,32,-6.952,0.251875,0,3,0,0,1,1,0,0,3,11,0.050225384591612965,78750
5816,942.6,0,23,-6.702,0.251656,0,2,0,0,1,1,0,0,3,4,0.05211651365718116,78773
5817,943.05,1,30,-3.988,0.251372,1,9,2,0,1,1,0,0,4,8,0.04970858804881573,78803
5818,943.5,0,31,-6.866,0.251077,0,3,1,0,1,1,0,0,4,11,0.06472768898933165,78834
5819,943.68,0,14,-5.584,0.250944,0,4,2,0,1,1,0,0,2,4,0.09052733025912728,78848
5820,944.39,0,47,-5.398,0.250498,0,11,1,0,1,1,0,0,6,15,0.06431718519393434,78895
5821,944.61,0,15,-5.944,0.250355,0,3,0,0,1,1,0,0,2,5,0.07308735139667988,78910
5822,944.94,0,27,-6.952,0.250099,0,2,0,0,1,1,0,0,3,6,0.06944951187405321,78937
5823,945.88,0,70,-7.288,0.249433,0,9,2,0,1,1,0,0,9,18,0.06291831584115114,79007
5824,945.96,0,6,-5.432,0.249377,0,3,0,0,1,1,0,0,1,1,0.05134967528283596,79013
5825,946.04,0,6,-5.422,0.24932,0,3,0,0,1,1,0,0,1,3,0.07450110713640849,79019
5826,946.48,0,34,-7.014,0.248997,0,3,0,0,1,1,0,0,5,11,0.07025328990729417,79053
5827,947.84,0,94,-7.496,0.248104,0,13,0,0,1,1,0,0,12,33,0.06740136064113454,79147
5828,948.23,0,31,-6.846,0.247809,0,3,0,0,1,1,0,0,4,9,0.05590586066846886,79178
5829,948.33,0,7,-5.49,0.247742,0,3,0,0,1,1,0,0,1,0,0.04874797857233456,79185
5830,948.7,0,29,-6.166,0.247467,0,5,1,0,1,1,0,0,3,8,0.06122839412298696,79214
5831,948.8,0,7,-5.492,0.247401,0,3,0,0,1,1,0,0,1,2,0.04683682867991073,79221
5832,949.6,0,57,-7.748,0.246859,0,5,0,0,1,1,0,0,7,15,0.06426955050413023,79278
5833,949.78,1,15,-5.252,0.246717,1,2,1,0,1,1,0,0,2,5,0.06834513867894808,79293
5834,949.86,0,6,-5.73,0.24666,0,2,0,0,1,1,0,0,1,1,0.04787559621036053,79299
5835,951.4,0,102,-8.23,0.245691,0,12,0,0,1,1,0,0,13,28,0.06385008074051025,79401
5836,951.75,0,27,-4.518,0.245434,0,10,0,0,1,1,0,0,4,11,0.05251321803640436,79428
5837,951.85,0,7,-5.79,0.245368,0,2,0,0,1,1,0,0,1,0,0.0533349056329046,79435
5838,951.94,0,7,-5.79,0.245301,0,2,1,0,1,1,0,0,1,2,0.08206529862114362,79442
5839,952.23,0,23,-6.396,0.245083,0,3,1,0,1,1,0,0,3,8,0.046074032054647156,79465
5840,952.33,0,7,-5.482,0.245016,0,3,0,0,1,1,0,0,1,1,0.05133203310625894,79472
5841,953.19,0,68,-7.834,0.24437,0,7,0,0,1,1,0,0,8,24,0.06830260254826177,79540
5842,953.71,0,37,-5.996,0.244019,0,7,0,0,1,1,0,0,5,12,0.0691775726909573,79577
5843,954.36,0,45,-7.658,0.243591,0,3,0,0,1,1,0,0,6,15,0.06653752246250709,79622
5844,954.45,0,7,-5.782,0.243525,0,2,1,0,1,1,0,0,1,4,0.051672665402293205,79629
5845,954.54,0,7,-5.79,0.243458,0,2,1,0,1,1,0,0,1,0,0.06623969067420278,79636
5846,954.67,0,11,-6.622,0.243354,0,0,0,0,1,1,0,0,1,2,0.08759444410150702,79647
5847,954.83,0,13,-6.142,0.24323,0,2,0,0,1,1,0,0,2,3,0.06020730963120094,79660
5848,955.38,0,43,-5.44,0.242822,0,10,2,0,1,1,0,0,6,11,0.05528945902492418,79703
5849,957.0,0,108,-6.506,0.241796,0,19,2,0,1,1,0,0,15,25,0.059721237884972384,79811
5850,957.31,0,22,-5.136,0.241587,0,7,1,0,1,1,0,0,3,7,0.060592027973722325,79833
5851,958.42,0,87,-8.022,0.24076,0,10,1,0,1,1,0,0,10,31,0.058428971118283,79920
5852,958.92,0,36,-5.338,0.240418,0,9,1,0,1,1,0,0,5,13,0.06695009959447715,79956
5853,959.12,0,13,-5.514,0.240295,0,4,0,0,1,1,0,0,2,5,0.05869517231789919,79969
5854,959.77,0,49,-6.414,0.239829,0,8,0,0,1,1,0,0,6,15,0.0661556393060149,80018
5855,959.86,0,7,-5.79,0.239762,0,2,0,0,1,1,0,0,1,0,0.055107294980968745,80025
5856,961.98,1,147,-9.93,0.238366,1,12,3,0,1,1,0,0,15,52,0.06304465897609385,80172
5857,962.29,0,23,-6.394,0.238147,0,3,0,0,1,1,0,0,3,6,0.06629812733634659,80195
5858,962.62,0,22,-6.926,0.237938,0,1,0,0,1,1,0,0,3,7,0.07347057827494362,80217
5859,963.1,0,37,-5.97,0.237587,0,7,1,0,1,1,0,0,5,11,0.05879691706315891,80254
5860,963.18,0,7,-5.482,0.237521,0,3,0,0,1,1,0,0,1,2,0.07120566415999617,80261
5861,963.61,0,32,-6.898,0.237217,0,3,1,0,1,1,0,0,4,11,0.060386559984181076,80293
5862,963.89,0,18,-5.222,0.237046,0,6,1,0,1,1,0,0,2,5,0.06579040865310365,80311
5863,964.12,0,17,-6.67,0.236884,0,1,0,0,1,1,0,0,2,2,0.060679257025613505,80328
5864,964.41,0,21,-5.676,0.236684,0,5,0,0,1,1,0,0,3,8,0.05405972871397223,80349
5865,964.51,0,7,-6.09,0.236618,0,1,0,0,1,1,0,0,1,0,0.06304970809391566,80356
5866,964.72,0,17,-5.472,0.236456,0,5,0,0,1,1,0,0,2,3,0.06036963412428603,80373
5867,964.78,0,5,-5.662,0.236409,0,2,1,0,1,1,0,0,1,3,0.06700280830264091,80378
5868,964.86,0,6,-5.732,0.236352,0,2,0,0,1,1,0,0,1,1,0.06301279738545418,80384
5869,965.47,2,44,-4.108,0.235934,2,8,3,0,1,1,0,0,6,11,0.06623332005586814,80428
5870,965.76,0,22,-5.134,0.235725,0,7,0,0,1,1,0,0,3,4,0.0527134882286191,80450
5871,966.0,0,19,-5.284,0.235545,0,6,0,0,1,1,0,0,2,5,0.0693220273640595,80469
5872,966.19,0,15,-6.55,0.235402,0,1,0,0,1,1,0,0,2,1,0.06350938702623049,80484
5873,966.75,0,43,-5.484,0.234993,0,10,0,0,1,1,0,0,4,17,0.05705705096641945,80527
5874,966.82,0,5,-5.662,0.234946,0,2,0,0,1,1,0,0,1,3,0.0792100690305233,80532
5875,966.9,0,6,-5.722,0.234889,0,2,0,0,1,1,0,0,1,3,0.06406621712570389,80538
5876,968.04,0,75,-6.968,0.234177,0,11,0,0,1,1,0,0,10,21,0.06356763982524474,80613
5877,968.2,0,13,-5.224,0.234053,0,5,0,0,1,1,0,0,2,4,0.06509126586696276,80626
5878,968.28,0,7,-5.482,0.233987,0,3,1,0,1,1,0,0,1,2,0.054543317162564824,80633
5879,968.63,0,28,-6.404,0.23372,0,4,1,0,1,1,0,0,3,5,0.05514977197162807,80661
5880,969.08,0,30,-6.808,0.233436,0,3,1,0,1,1,0,0,4,10,0.0552553890272975,80691
5881,969.39,0,21,-4.476,0.233236,0,9,1,0,1,1,0,0,3,7,0.05188669335274469,80712
5882,969.46,0,5,-5.062,0.233189,0,4,3,0,1,1,0,0,1,3,0.07016027346253395,80717
5883,970.15,1,56,-4.938,0.232657,1,11,2,0,1,1,0,0,7,19,0.056335956673137844,80773
5884,970.43,0,22,-6.344,0.232448,0,3,0,0,1,1,0,0,3,7,0.06101030754772099,80795
5885,970.63,0,15,-4.734,0.232305,0,7,2,0,1,1,0,0,2,6,0.05223503646751245,80810
5886,972.9,0,154,-9.832,0.230842,0,17,0,0,1,1,0,0,15,67,0.061381279430412626,80964
5887,972.98,0,5,-5.062,0.230795,0,4,0,0,1,1,0,0,1,3,0.08296068236231804,80969
5888,973.07,0,6,-5.722,0.230738,0,2,1,0,1,1,0,0,1,3,0.0920205358415842,80975
5889,973.14,0,6,-5.722,0.23068,0,2,0,0,1,1,0,0,1,3,0.049454775328437485,80981
5890,973.32,0,15,-5.634,0.230538,0,4,2,0,1,1,0,0,2,5,0.05982435544331868,80996
5891,973.58,0,21,-5.686,0.230339,0,5,0,0,1,1,0,0,3,9,0.05635055527091026,81017
5892,973.68,0,7,-5.482,0.230272,0,3,0,0,1,1,0,0,1,2,0.046794645222170014,81024
5893,974.32,0,45,-5.578,0.229845,0,10,0,0,1,1,0,0,5,20,0.06678581254349815,81069
5894,974.84,0,40,-5.006,0.229465,0,11,1,0,1,1,0,0,4,21,0.054418296786025167,81109
5895,975.04,0,15,-6.252,0.229322,0,2,0,0,1,1,0,0,2,3,0.08451273230214913,81124
5896,975.12,0,6,-5.722,0.229265,0,2,0,0,1,1,0,0,1,3,0.05516797614594301,81130
5897,975.29,0,13,-4.942,0.229141,0,6,0,0,1,1,0,0,2,5,0.06740621706614128,81143
5898,975.37,0,7,-5.182,0.229075,0,4,0,0,1,1,0,0,1,3,0.0685646619115557,81150
5899,975.57,0,15,-6.244,0.228933,0,2,0,0,1,1,0,0,2,5,0.05872969329357147,81165
5900,975.65,0,6,-5.422,0.228876,0,3,0,0,1,1,0,0,1,3,0.060956850027044616,81171
5901,977.35,0,130,-8.634,0.227641,0,16,1,0,1,1,0,0,18,29,0.06825248875583594,81301
5902,980.86,0,247,-16.702,0.225294,0,12,2,0,1,1,0,0,28,73,0.06210130654456403,81548
5903,981.82,0,61,-7.064,0.224715,0,8,0,0,1,1,0,0,8,16,0.060405144925977365,81609
5904,981.92,0,7,-5.782,0.224648,0,2,1,0,1,1,0,0,1,2,0.06433613811220441,81616
5905,982.34,0,32,-6.016,0.224344,0,6,0,0,1,1,0,0,4,11,0.05778771816403605,81648
5906,982.75,0,27,-4.216,0.224088,0,11,1,0,1,1,0,0,4,8,0.061514895478332485,81675
5907,982.85,0,7,-5.482,0.224021,0,3,0,0,1,1,0,0,1,2,0.07712645030447415,81682
5908,982.93,0,6,-6.322,0.223964,0,0,0,0,1,1,0,0,1,3,0.06041664940615495,81688
5909,983.01,0,6,-6.032,0.223907,0,1,0,0,1,1,0,0,1,1,0.0520194328079621,81694
5910,983.22,0,16,-6.312,0.223755,0,2,0,0,1,1,0,0,2,4,0.060399879002943635,81710
5911,984.78,0,125,-9.956,0.222568,0,11,0,0,1,1,0,0,15,34,0.0724476468861103,81835
5912,985.52,0,52,-6.568,0.222074,0,8,1,0,1,1,0,0,7,15,0.06553953538577144,81887
5913,986.94,0,90,-8.806,0.221218,0,8,0,0,1,1,0,0,12,22,0.06464020169029633,81977
5914,987.15,0,14,-5.284,0.221086,0,5,0,0,1,1,0,0,2,6,0.06313936438943658,81991
5915,987.43,0,21,-4.776,0.220886,0,8,0,0,1,1,0,0,3,8,0.06631966591590926,82012
5916,987.51,0,6,-5.732,0.220829,0,2,0,0,1,1,0,0,1,1,0.05960384476929903,82018
5917,987.58,0,5,-5.062,0.220782,0,4,1,0,1,1,0,0,1,3,0.04319408982992172,82023
5918,987.9,0,22,-6.634,0.220573,0,2,0,0,1,1,0,0,3,7,0.06687012636526064,82045
5919,988.74,0,64,-9.336,0.219965,0,1,0,0,1,1,0,0,8,24,0.056430045209708624,82109
5920,988.81,0,5,-5.062,0.219917,0,4,1,0,1,1,0,0,1,3,0.07343464866280555,82114
5921,988.99,0,14,-5.292,0.219784,0,5,0,0,1,1,0,0,2,6,0.06368355439709765,82128
5922,989.56,0,44,-5.198,0.219366,0,11,0,0,1,1,0,0,6,10,0.06392301314256409,82172
5923,989.64,0,7,-6.082,0.219299,0,1,0,0,1,1,0,0,1,2,0.05583332073209541,82179
5924,991.34,0,115,-9.892,0.218207,0,9,0,0,1,1,0,0,15,34,0.06314289250775523,82294
5925,993.93,0,176,-12.814,0.216535,0,11,0,0,1,1,0,0,24,36,0.06551243205533618,82470
5926,994.27,0,25,-5.316,0.216298,0,7,1,0,1,1,0,0,3,8,0.05545112639665604,82495
5927,994.6,0,22,-6.346,0.216089,0,3,1,0,1,1,0,0,3,11,0.05772938257591291,82517
5928,995.07,0,36,-6.254,0.215747,0,6,0,0,1,1,0,0,5,8,0.06560738433876799,82553
5929,995.36,0,20,-5.616,0.215557,0,5,0,0,1,1,0,0,3,7,0.06773206717334687,82573
5930,995.55,0,14,-4.984,0.215423,0,6,0,0,1,1,0,0,2,4,0.05788109345095498,82587
5931,996.21,0,44,-4.3,0.215006,0,14,1,0,1,1,0,0,6,10,0.059088228778405624,82631
5932,996.86,0,45,-7.06,0.214578,0,5,0,0,1,1,0,0,6,17,0.055563220443824925,82676
5933,997.66,0,62,-6.234,0.213989,0,11,1,0,1,1,0,0,8,20,0.06348967658836514,82738
5934,997.95,0,22,-6.934,0.21378,0,1,0,0,1,1,0,0,3,5,0.05147580446844751,82760
5935,998.17,0,16,-6.014,0.213628,0,3,0,0,1,1,0,0,2,6,0.046503677614964545,82776
5936,998.25,0,6,-5.732,0.213571,0,2,0,0,1,1,0,0,1,1,0.04743597749620676,82782
5937,998.93,0,45,-5.84,0.213144,0,9,0,0,1,1,0,0,6,17,0.0611302643807398,82827
5938,999.02,0,7,-5.492,0.213077,0,3,0,0,1,1,0,0,1,2,0.07149169833532401,82834
5939,999.09,0,5,-5.662,0.21303,0,2,1,0,1,1,0,0,1,3,0.05313619188964367,82839
5940,999.27,0,13,-5.224,0.212906,0,5,1,0,1,1,0,0,2,5,0.06850977492733644,82852
5941,999.56,0,22,-5.136,0.212697,0,7,0,0,1,1,0,0,3,8,0.06514767489650032,82874
5942,999.76,0,17,-6.062,0.212535,0,3,0,0,1,1,0,0,2,5,0.054268263992579543,82891
5943,999.89,0,10,-5.662,0.212441,0,3,0,0,1,1,0,0,1,3,0.06797477081418038,82901
5944,1000.32,0,33,-6.958,0.212127,0,3,0,0,1,1,0,0,4,11,0.07241423809054223,82934
5945,1000.41,0,7,-5.8,0.212061,0,2,0,0,1,1,0,0,1,2,0.044238707582865446,82941
5946,1002.56,1,158,-9.528,0.21056,1,15,2,0,1,1,0,0,21,33,0.06470650586570743,83099
5947,1002.64,0,5,-5.362,0.210512,0,3,1,0,1,1,0,0,1,3,0.059235294535756114,83104
5948,1003.03,0,24,-6.156,0.210284,0,4,0,0,1,1,0,0,3,9,0.06082658042820791,83128
5949,1003.11,0,6,-5.422,0.210227,0,3,0,0,1,1,0,0,1,3,0.10109734162688255,83134
5950,1003.3,0,14,-6.182,0.210094,0,2,1,0,1,1,0,0,2,4,0.06508330521839005,83148
5951,1005.28,0,139,-9.802,0.208774,0,14,0,0,1,1,0,0,18,37,0.05992272954514558,83287
5952,1005.38,0,7,-5.782,0.208707,0,2,0,0,1,1,0,0,1,2,0.05497917426483972,83294
5953,1005.8,0,31,-6.568,0.208413,0,4,1,0,1,1,0,0,4,13,0.06766093480250528,83325
5954,1006.16,0,23,-6.704,0.208194,0,2,0,0,1,1,0,0,3,6,0.06173741453043793,83348
5955,1007.25,0,81,-7.324,0.207425,0,11,1,0,1,1,0,0,10,19,0.0666218829444713,83429
5956,1007.33,0,5,-5.062,0.207377,0,4,0,0,1,1,0,0,1,3,0.06787177994847297,83434
5957,1008.25,0,60,-6.41,0.206807,0,10,2,0,1,1,0,0,8,22,0.06580151796030502,83494
5958,1008.32,0,5,-5.362,0.206759,0,3,0,0,1,1,0,0,1,3,0.06321512684226036,83499
5959,1008.51,0,14,-6.782,0.206627,0,0,0,0,1,1,0,0,2,4,0.06231751186507089,83513
5960,1008.69,0,14,-5.284,0.206494,0,5,1,0,1,1,0,0,2,4,0.05487249419093132,83527
5961,1009.56,1,64,-5.636,0.205885,1,10,1,0,1,1,0,0,8,22,0.06923479051329195,83591
5962,1009.65,0,7,-5.782,0.205819,0,2,0,0,1,1,0,0,1,2,0.07596231624484062,83598
5963,1010.5,0,63,-8.68,0.205221,0,3,0,0,1,1,0,0,8,19,0.06667686723882243,83661
5964,1010.69,0,14,-6.174,0.205088,0,2,0,0,1,1,0,0,2,5,0.045060424134135246,83675
5965,1010.88,0,12,-5.164,0.204974,0,5,0,0,1,1,0,0,2,5,0.06922314859305818,83687
5966,1012.77,2,141,-8.678,0.203634,2,12,3,0,1,1,0,0,10,80,0.06806338240280219,83828
5967,1013.26,0,35,-6.168,0.203302,0,6,0,0,1,1,0,0,5,14,0.05722551148916994,83863
5968,1013.32,0,5,-5.662,0.203254,0,2,0,0,1,1,0,0,1,3,0.040921683236956594,83868
5969,1013.42,0,6,-5.432,0.203197,0,3,0,0,1,1,0,0,1,1,0.06386113011588652,83874
5970,1013.66,1,20,-4.024,0.203007,1,7,1,0,1,1,0,0,3,5,0.058447645790874955,83894
5971,1014.22,0,40,-6.778,0.202627,0,5,0,0,1,1,0,0,5,13,0.06518157278187572,83934
5972,1014.53,0,23,-4.286,0.202408,0,10,0,0,1,1,0,0,3,10,0.06081202192960874,83957
5973,1015.16,0,49,-6.052,0.201943,0,9,0,0,1,1,0,0,7,18,0.0673535698454599,84006
5974,1015.4,0,15,-6.254,0.201801,0,2,1,0,1,1,0,0,2,5,0.04915704814096292,84021
5975,1015.72,0,21,-5.384,0.201601,0,6,0,0,1,1,0,0,3,8,0.05864347340095611,84042
5976,1016.28,0,36,-5.64,0.201259,0,8,0,0,1,1,0,0,5,13,0.06850234388063352,84078
5977,1016.84,0,44,-5.798,0.200841,0,9,0,0,1,1,0,0,6,10,0.06993688706477935,84122
5978,1017.02,0,14,-5.894,0.200708,0,3,0,0,1,1,0,0,2,4,0.06543016127709832,84136
5979,1017.31,0,23,-5.786,0.20049,0,5,0,0,1,1,0,0,3,6,0.06280468023665574,84159
5980,1018.63,0,93,-7.108,0.199606,0,14,2,0,1,1,0,0,12,21,0.06173882268929994,84252
5981,1018.84,0,14,-6.174,0.199473,0,2,0,0,1,1,0,0,2,3,0.06911704103861536,84266
5982,1019.36,0,33,-7.874,0.19916,0,0,0,0,1,1,0,0,4,7,0.07012304934588345,84299
5983,1019.78,0,31,-6.566,0.198865,0,4,1,0,1,1,0,0,4,11,0.05569910606549632,84330
5984,1019.87,0,7,-6.1,0.198799,0,1,0,0,1,1,0,0,1,0,0.0647704399057797,84337
5985,1020.25,0,29,-4.054,0.198523,0,12,0,0,1,1,0,0,4,6,0.06415810692926933,84366
5986,1020.43,0,13,-5.214,0.198399,0,5,0,0,1,1,0,0,2,7,0.07770036203930011,84379
5987,1020.62,0,15,-5.644,0.198257,0,4,0,0,1,1,0,0,2,7,0.06257562624911467,84394
5988,1021.47,0,57,-6.552,0.197716,0,9,0,0,1,1,0,0,8,15,0.06252883711274256,84451
5989,1024.15,0,188,-12.462,0.19593,0,15,1,0,1,1,0,0,15,93,0.06360040916664962,84639
5990,1024.49,0,21,-5.984,0.19573,0,4,0,0,1,1,0,0,3,10,0.05571557519336542,84660
5991,1024.58,0,6,-5.432,0.195673,0,3,0,0,1,1,0,0,1,1,0.047981555884083114,84666
5992,1024.66,0,6,-5.422,0.195616,0,3,1,0,1,1,0,0,1,3,0.0798160961518685,84672
5993,1024.83,0,14,-6.482,0.195483,0,1,0,0,1,1,0,0,2,4,0.055830519779452255,84686
5994,1024.92,0,6,-5.722,0.195426,0,2,0,0,1,1,0,0,1,3,0.057387758046388626,84692
5995,1024.99,0,6,-6.022,0.195369,0,1,0,0,1,1,0,0,1,3,0.055875737220048904,84698
5996,1025.29,0,24,-6.754,0.195141,0,2,0,0,1,1,0,0,3,9,0.07808122419131298,84722
5997,1025.47,0,14,-4.374,0.195008,0,8,0,0,1,1,0,0,2,4,0.05125798311616693,84736
5998,1025.78,0,24,-5.862,0.19478,0,5,0,0,1,1,0,0,3,3,0.05760588822886348,84760
5999,1025.88,0,7,-5.782,0.194713,0,2,0,0,1,1,0,0,1,2,0.06745749113282987,84767
6000,1027.61,0,127,-11.52,0.193507,0,6,0,0,1,1,0,0,17,34,0.06420615279504399,84894
6001,1027.7,0,7,-5.5,0.193441,0,3,0,0,1,1,0,0,1,2,0.0705607355173145,84901
6002,1027.91,0,16,-6.022,0.193289,0,3,0,0,1,1,0,0,2,6,0.0638872985728085,84917
6003,1027.98,0,5,-5.362,0.193241,0,3,0,0,1,1,0,0,1,3,0.057242026552557945,84922
6004,1028.04,0,5,-5.062,0.193194,0,4,1,0,1,1,0,0,1,3,0.035962389595806596,84927
6005,1030.19,0,171,-13.856,0.191569,0,7,0,0,1,1,0,0,18,65,0.062372059359797956,85098
6006,1031.04,0,66,-6.754,0.190942,0,10,2,0,1,1,0,0,9,21,0.06895081120345628,85164
6007,1031.52,0,37,-5.388,0.19059,0,9,1,0,1,1,0,0,5,12,0.07910290652432957,85201
6008,1032.03,0,39,-5.516,0.19022,0,9,1,0,1,1,0,0,5,8,0.07039366557429998,85240
6009,1032.21,0,15,-5.634,0.190078,0,4,0,0,1,1,0,0,2,7,0.0711634905387958,85255
6010,1032.61,0,31,-7.182,0.189783,0,2,0,0,1,1,0,0,4,7,0.06123027677137044,85286
6011,1033.14,1,36,-4.338,0.189441,1,9,1,0,1,1,0,0,5,11,0.06251172943868571,85322
6012,1033.24,0,7,-5.5,0.189375,0,3,1,0,1,1,0,0,1,2,0.07753616624644824,85329
6013,1033.32,0,6,-5.432,0.189318,0,3,0,0,1,1,0,0,1,1,0.07098564008871715,85335
6014,1036.96,0,245,-16.834,0.18699,0,12,1,0,1,1,0,0,16,137,0.06466027942239022,85580
6015,1037.51,0,44,-6.382,0.186572,0,7,0,0,1,1,0,0,6,15,0.07073471244339916,85624
6016,1037.6,0,7,-5.5,0.186505,0,3,0,0,1,1,0,0,1,2,0.1171281146151679,85631
6017,1037.82,0,15,-5.944,0.186363,0,3,0,0,1,1,0,0,2,7,0.06203433349728584,85646
6018,1037.9,0,7,-5.782,0.186296,0,2,0,0,1,1,0,0,1,4,0.05591857513146741,85653
6019,1038.17,0,21,-4.476,0.186097,0,9,1,0,1,1,0,0,3,8,0.061034824433071275,85674
6020,1038.25,0,6,-5.122,0.18604,0,4,0,0,1,1,0,0,1,4,0.06327652620772521,85680
6021,1038.54,0,22,-5.154,0.185831,0,7,1,0,1,1,0,0,3,7,0.06886178538711234,85702
6022,1038.81,0,20,-5.324,0.185641,0,6,0,0,1,1,0,0,3,5,0.07116891867481172,85722
6023,1039.1,0,22,-6.046,0.185432,0,4,0,0,1,1,0,0,3,7,0.0642502499236302,85744
6024,1039.53,0,29,-6.446,0.185157,0,4,0,0,1,1,0,0,4,8,0.07757269896181493,85773
6025,1039.6,0,5,-5.362,0.185109,0,3,0,0,1,1,0,0,1,3,0.0660674162209034,85778
6026,1039.93,0,27,-4.508,0.184853,0,10,2,0,1,1,0,0,4,11,0.05901329088266249,85805
6027,1040.31,0,29,-5.228,0.184577,0,8,0,0,1,1,0,0,4,14,0.05435280482573756,85834
6028,1040.38,0,5,-5.362,0.18453,0,3,0,0,1,1,0,0,1,3,0.06028015613555908,85839
6029,1040.59,0,17,-5.764,0.184368,0,4,0,0,1,1,0,0,2,7,0.06689551878063117,85856
6030,1040.68,0,7,-5.182,0.184302,0,4,0,0,1,1,0,0,1,3,0.09854086169174739,85863
6031,1040.74,0,5,-5.062,0.184254,0,4,0,0,1,1,0,0,1,3,0.0766920804977417,85868
6032,1040.86,0,9,-5.912,0.184168,0,2,0,0,1,1,0,0,1,2,0.04865925759077072,85877
6033,1042.54,0,122,-10.928,0.18301,0,7,0,0,1,1,0,0,14,44,0.07000050569319578,85999
6034,1043.17,0,43,-6.028,0.182601,0,8,0,0,1,1,0,0,6,15,0.06527392208836107,86042
6035,1044.92,0,116,-9.392,0.181499,0,11,1,0,1,1,0,0,15,33,0.06359897315470052,86158
6036,1045.27,0,27,-6.944,0.181243,0,2,0,0,1,1,0,0,3,6,0.061853039975243586,86185
6037,1046.75,0,97,-8.538,0.180321,0,10,0,0,1,1,0,0,13,24,0.06356621280158918,86282
6038,1046.92,0,13,-4.914,0.180198,0,6,0,0,1,1,0,0,2,7,0.05541742435441567,86295
6039,1047.28,0,28,-4.868,0.179932,0,9,1,0,1,1,0,0,4,12,0.0720621024790619,86323
6040,1047.43,0,13,-4.924,0.179808,0,6,0,0,1,1,0,0,2,5,0.07754173445013854,86336
6041,1048.35,0,70,-5.834,0.179143,0,14,1,0,1,1,0,0,7,36,0.06537176266844784,86406
6042,1048.55,0,15,-5.942,0.179001,0,3,0,0,1,1,0,0,2,3,0.07259212583303451,86421
6043,1049.97,1,97,-6.77,0.178079,1,13,2,0,1,1,0,0,6,65,0.07105161085455995,86518
6044,1051.81,0,123,-8.858,0.17691,0,14,1,0,1,1,0,0,15,38,0.059210703473507875,86641
6045,1052.08,0,20,-5.626,0.176721,0,5,0,0,1,1,0,0,3,7,0.05601312890648842,86661
6046,1052.63,0,45,-6.468,0.176293,0,7,0,0,1,1,0,0,6,12,0.0639889109465811,86706
6047,1053.8,0,81,-7.108,0.175524,0,12,2,0,1,1,0,0,6,43,0.07046728673172586,86787
6048,1053.91,0,6,-6.022,0.175467,0,1,0,0,1,1,0,0,1,3,0.05415118889262279,86793
6049,1054.65,0,51,-5.592,0.174982,0,11,1,0,1,1,0,0,7,18,0.06393196084993143,86844
6050,1054.92,0,22,-6.342,0.174773,0,3,0,0,1,1,0,0,3,4,0.06574525819583373,86866
6051,1055.12,0,15,-5.952,0.174631,0,3,0,0,1,1,0,0,2,3,0.06940614320337772,86881
6052,1055.31,0,14,-5.292,0.174498,0,5,0,0,1,1,0,0,2,6,0.0398481779598764,86895
6053,1055.37,0,5,-5.062,0.17445,0,4,0,0,1,1,0,0,1,3,0.10402168817818165,86900
6054,1056.52,0,78,-7.818,0.173709,0,9,0,0,1,1,0,0,8,36,0.06197179882572247,86978
6055,1056.6,0,6,-6.03,0.173652,0,1,0,0,1,1,0,0,1,1,0.055983616349597774,86984
6056,1056.87,1,21,-3.494,0.173453,1,9,1,0,1,1,0,0,3,8,0.050992045019354136,87005
6057,1058.23,0,104,-8.154,0.172465,0,13,0,0,1,1,0,0,9,55,0.06264215829567267,87109
6058,1059.74,0,101,-8.182,0.171505,0,12,0,0,1,1,0,0,13,30,0.07040928453575857,87210
6059,1059.94,0,16,-5.112,0.171353,0,6,0,0,1,1,0,0,2,4,0.07427328848280013,87226
6060,1063.02,1,208,-12.796,0.169377,1,14,1,0,1,1,0,0,25,61,0.061056516733235464,87434
6061,1065.11,1,141,-9.156,0.168038,1,13,1,0,1,1,0,0,19,38,0.06302939266864713,87575
6062,1066.25,0,86,-7.326,0.16722,0,12,2,0,1,1,0,0,12,21,0.0649597279207651,87661
6063,1066.53,0,22,-6.654,0.167012,0,2,0,0,1,1,0,0,3,5,0.05168848086825826,87683
6064,1067.13,0,42,-5.042,0.166613,0,11,0,0,1,1,0,0,6,18,0.06718473382560271,87725
6065,1067.23,0,6,-5.722,0.166555,0,2,0,0,1,1,0,0,1,3,0.07717482621471088,87731
6066,1067.33,0,7,-5.782,0.166489,0,2,0,0,1,1,0,0,1,2,0.039596792576568465,87738
6067,1067.5,0,14,-5.884,0.166356,0,3,0,0,1,1,0,0,2,4,0.058085592463612556,87752
6068,1069.29,0,121,-9.658,0.165207,0,11,2,0,1,1,0,0,16,23,0.06624431127666934,87873
6069,1069.47,0,13,-6.432,0.165083,0,1,0,0,1,1,0,0,2,3,0.09601292272026722,87886
6070,1069.72,0,20,-5.324,0.164893,0,6,0,0,1,1,0,0,3,6,0.06983483349904418,87906
6071,1070.81,0,75,-8.496,0.164181,0,6,0,0,1,1,0,0,10,28,0.0627705899377664,87981
6072,1071.57,1,49,-3.57,0.163715,1,14,2,0,1,1,0,0,7,14,0.05698127388878136,88030
6073,1071.67,0,6,-5.722,0.163658,0,2,1,0,1,1,0,0,1,3,0.08130565906564395,88036
6074,1071.87,0,15,-4.434,0.163516,0,8,0,0,1,1,0,0,2,5,0.046004186198115346,88051
6075,1072.35,0,36,-6.558,0.163173,0,5,0,0,1,1,0,0,4,16,0.05498287593945861,88087
6076,1072.78,0,35,-4.67,0.162841,0,11,1,0,1,1,0,0,5,14,0.05993868926806109,88122
6077,1074.27,1,103,-7.262,0.161863,1,12,1,0,1,1,0,0,14,33,0.06331468258704086,88225
6078,1074.46,0,13,-5.534,0.161739,0,4,0,0,1,1,0,0,2,5,0.04954673106280657,88238
6079,1078.91,0,312,-19.262,0.158775,0,17,2,0,1,1,0,0,18,198,0.060983175614800975,88550
6080,1079.26,0,22,-5.734,0.158566,0,5,1,0,1,1,0,0,3,7,0.07578866666352208,88572
6081,1079.35,0,6,-5.732,0.158509,0,2,0,0,1,1,0,0,1,1,0.06902578162650268,88578
6082,1079.44,0,7,-5.492,0.158443,0,3,0,0,1,1,0,0,1,2,0.04946109226771763,88585
6083,1079.81,0,29,-5.818,0.158167,0,6,0,0,1,1,0,0,4,9,0.057481893498835895,88614
6084,1079.88,0,5,-5.062,0.158119,0,4,0,0,1,1,0,0,1,3,0.055801331996917725,88619
6085,1081.27,0,95,-8.156,0.157217,0,11,0,0,1,1,0,0,10,38,0.06550516837129468,88714
6086,1081.75,0,35,-6.796,0.156885,0,4,0,0,1,1,0,0,4,10,0.05330221328352179,88749
6087,1083.54,1,139,-10.27,0.155564,1,9,1,0,1,1,0,0,19,28,0.0643390430298319,88888
6088,1084.22,1,49,-4.806,0.155099,1,10,1,0,1,1,0,0,7,12,0.06806713863447005,88937
6089,1084.31,0,6,-6.022,0.155041,0,1,0,0,1,1,0,0,1,3,0.05539971403777599,88943
6090,1084.82,0,37,-6.894,0.15469,0,4,0,0,1,1,0,0,5,6,0.05433837384790988,88980
6091,1085.11,0,22,-5.744,0.154481,0,5,0,0,1,1,0,0,3,11,0.06833378081633286,89002
6092,1085.19,0,6,-5.422,0.154424,0,3,1,0,1,1,0,0,1,4,0.05356062389910221,89008
6093,1087.85,0,181,-13.33,0.152705,0,11,1,0,1,1,0,0,14,93,0.06355980155958656,89189
6094,1088.23,0,29,-5.556,0.152429,0,7,1,0,1,1,0,0,4,9,0.06542229344104898,89218
6095,1088.3,0,5,-5.962,0.152382,0,1,0,0,1,1,0,0,1,1,0.05952218398451805,89223
6096,1088.67,1,28,-4.176,0.152116,1,8,1,0,1,1,0,0,4,7,0.06451073688055788,89251
6097,1089.07,0,30,-6.506,0.151831,0,4,1,0,1,1,0,0,4,10,0.06559454230591655,89281
6098,1089.52,0,34,-4.038,0.151508,0,13,2,0,1,1,0,0,5,9,0.0548075990860953,89315
6099,1090.44,0,71,-7.616,0.150833,0,8,2,0,1,1,0,0,9,26,0.06251454063441972,89386
6100,1091.64,0,81,-7.57,0.150064,0,10,2,0,1,1,0,0,11,22,0.051887675245970856,89467
6101,1092.39,1,57,-4.944,0.149522,1,11,1,0,1,1,0,0,8,19,0.06632694958202671,89524
6102,1096.96,1,317,-18.3,0.14651,1,18,3,0,1,1,0,0,16,209,0.06426347687852213,89841
6103,1097.14,0,14,-5.292,0.146378,0,5,2,0,1,1,0,0,2,6,0.06085476851356881,89855
6104,1097.58,0,34,-6.762,0.146055,0,4,0,0,1,1,0,0,3,17,0.06336465461508316,89889
6105,1098.03,0,36,-5.026,0.145713,0,10,1,0,1,1,0,0,5,9,0.058782647726022534,89925
6106,1098.31,0,22,-5.436,0.145504,0,6,1,0,1,1,0,0,3,9,0.049731018021702766,89947
6107,1098.77,0,31,-7.148,0.145209,0,2,0,0,1,1,0,0,4,11,0.07169522417168464,89978
6108,1099.24,0,32,-7.206,0.144905,0,2,0,0,1,1,0,0,4,10,0.07224706400302239,90010
6109,1099.99,0,56,-6.544,0.144373,0,9,1,0,1,1,0,0,8,15,0.0668437248927408,90066
6110,1101.65,0,109,-10.146,0.143338,0,7,0,0,1,1,0,0,14,28,0.06988933626049702,90175
6111,1103.15,0,103,-8.72,0.142359,0,11,0,0,1,1,0,0,9,48,0.06456627543039113,90278
6112,1103.22,0,5,-5.362,0.142312,0,3,1,0,1,1,0,0,1,3,0.0734458476305008,90283
6113,1103.5,0,22,-6.036,0.142103,0,4,0,0,1,1,0,0,3,7,0.05642152429473671,90305
6114,1104.19,1,48,-2.922,0.141647,1,16,2,0,1,1,0,0,7,17,0.060843902077370636,90353
6115,1104.49,0,21,-5.966,0.141447,0,4,0,0,1,1,0,0,3,10,0.06048201663153512,90374
6116,1105.28,0,61,-5.574,0.140868,0,13,1,0,1,1,0,0,8,17,0.06159637445492334,90435
6117,1105.6,0,20,-5.326,0.140678,0,6,0,0,1,1,0,0,3,9,0.055462915496900675,90455
6118,1106.51,1,65,-5.422,0.14006,1,11,2,0,1,1,0,0,9,20,0.05618366968746369,90520
6119,1106.96,0,28,-6.094,0.139794,0,5,0,0,1,1,0,0,4,8,0.06565763954339283,90548
6120,1107.75,1,57,-4.968,0.139253,1,11,1,0,1,1,0,0,6,21,0.05945863509387301,90605
6121,1108.04,0,24,-5.874,0.139024,0,5,1,0,1,1,0,0,3,9,0.05732072544439385,90629
6122,1109.14,1,77,-6.77,0.138293,1,9,1,0,1,1,0,0,6,43,0.06186423084226909,90706
6123,1112.38,0,223,-15.74,0.136174,0,11,0,0,1,1,0,0,20,97,0.06266459042097822,90929
6124,1113.1,0,56,-6.174,0.135642,0,10,0,0,1,1,0,0,8,20,0.06154227517877838,90985
6125,1115.56,0,172,-11.722,0.134009,0,14,0,0,1,1,0,0,22,42,0.06142421180469006,91157
6126,1116.49,0,58,-6.602,0.133458,0,9,0,0,1,1,0,0,8,18,0.06234430672665094,91215
6127,1116.6,0,7,-5.792,0.133391,0,2,0,0,1,1,0,0,1,2,0.07660371544105667,91222
6128,1116.69,0,6,-5.732,0.133334,0,2,0,0,1,1,0,0,1,1,0.04480294014016787,91228
6129,1116.79,0,8,-6.15,0.133258,0,1,0,0,1,1,0,0,1,1,0.06833035871386528,91236
6130,1116.87,0,6,-5.422,0.133201,0,3,0,0,1,1,0,0,1,3,0.04076666043450435,91242
6131,1116.96,0,7,-5.482,0.133135,0,3,1,0,1,1,0,0,1,2,0.06927704545004028,91249
6132,1117.32,0,28,-4.896,0.132869,0,9,0,0,1,1,0,0,4,11,0.05756238714924881,91277
6133,1117.63,0,23,-5.486,0.13265,0,6,1,0,1,1,0,0,3,12,0.059685652832622116,91300
6134,1117.72,0,7,-5.792,0.132583,0,2,0,0,1,1,0,0,1,2,0.08266639443380493,91307
6135,1118.17,1,37,-3.236,0.132232,1,13,2,0,1,1,0,0,4,15,0.06171807717229869,91344
6136,1119.18,0,75,-9.09,0.13152,0,4,0,0,1,1,0,0,10,21,0.060232567749917504,91419
6137,1119.9,0,51,-6.482,0.131035,0,8,0,0,1,1,0,0,7,20,0.06646518120724781,91470
6138,1120.26,0,27,-5.718,0.130779,0,6,0,0,1,1,0,0,4,13,0.049373045874138675,91497
6139,1121.47,0,81,-8.596,0.130009,0,7,0,0,1,1,0,0,7,42,0.06654619165684705,91578
6140,1122.65,0,80,-8.196,0.129249,0,8,0,0,1,1,0,0,11,17,0.057860941346734765,91658
6141,1123.6,0,72,-6.176,0.128565,0,13,0,0,1,1,0,0,10,18,0.0665271216744764,91730
6142,1124.02,0,30,-5.296,0.12828,0,8,1,0,1,1,0,0,4,10,0.06556276778380075,91760
6143,1125.68,0,118,-8.836,0.127159,0,13,0,0,1,1,0,0,16,31,0.06983175153954554,91878
6144,1125.97,0,21,-4.766,0.12696,0,8,0,0,1,1,0,0,3,10,0.08052431614626021,91899
6145,1126.16,0,14,-6.784,0.126827,0,0,0,0,1,1,0,0,2,4,0.060230368482215066,91913
6146,1131.85,0,400,-19.186,0.123027,0,15,0,0,0,0,1,0,19,269,0.06439787914976478,92313
6147,1132.27,0,29,-5.218,0.122751,0,8,0,0,1,1,0,0,4,11,0.061630867421627045,92342
6148,1132.95,0,45,-6.158,0.122324,0,8,2,0,1,1,0,0,6,11,0.051748528331518176,92387
6149,1133.49,0,36,-5.046,0.121982,0,10,1,0,1,1,0,0,5,14,0.062002398228893675,92423
6150,1133.92,0,27,-5.408,0.121725,0,7,2,0,1,1,0,0,4,8,0.051400719969360915,92450
6151,1134.43,1,34,-4.8,0.121402,1,7,1,0,1,1,0,0,5,10,0.0614102728500524,92484
6152,1134.86,0,34,-4.92,0.121079,0,10,0,0,1,1,0,0,5,11,0.06005418574547067,92518
6153,1135.5,0,49,-5.79,0.120614,0,10,0,0,1,1,0,0,6,21,0.06638345131840633,92567
6154,1135.77,0,20,-4.714,0.120424,0,8,1,0,1,1,0,0,3,6,0.0544631945900619,92587
6155,1135.86,0,6,-5.73,0.120367,0,2,0,0,1,1,0,0,1,1,0.055185978611310325,92593
6156,1136.26,0,27,-6.344,0.12011,0,4,0,0,1,1,0,0,4,11,0.06870467905645017,92620
6157,1136.38,0,7,-5.792,0.120043,0,2,0,0,1,1,0,0,1,2,0.07262263580092362,92627
6158,1136.6,0,14,-6.184,0.119911,0,2,0,0,1,1,0,0,2,4,0.07009698051427092,92641
6159,1136.7,0,7,-5.482,0.119844,0,3,0,0,1,1,0,0,1,2,0.07301962508686952,92648
6160,1138.01,0,87,-8.908,0.119017,0,7,2,0,1,1,0,0,10,29,0.06575147968170972,92735
6161,1138.87,1,65,-5.73,0.1184,1,10,1,0,1,1,0,0,7,30,0.06776261548869884,92800
6162,1139.09,0,14,-5.284,0.118267,0,5,0,0,1,1,0,0,2,6,0.06109310806329761,92814
6163,1140.35,0,88,-7.972,0.117431,0,10,0,0,1,1,0,0,12,32,0.07123962345279077,92902
6164,1141.13,0,60,-7.914,0.116861,0,5,0,0,1,1,0,0,8,18,0.06279656548673908,92962
6165,1142.33,1,86,-7.544,0.116044,1,8,2,0,1,1,0,0,10,29,0.05624772267156215,93048
6166,1142.51,0,13,-4.934,0.11592,0,6,1,0,1,1,0,0,2,5,0.0543665225402667,93061
6167,1142.94,0,31,-5.366,0.115626,0,8,1,0,1,1,0,0,4,11,0.07141794732982112,93092
6168,1143.74,0,63,-6.298,0.115028,0,11,0,0,1,1,0,0,9,14,0.059040240352115934,93155
6169,1145.26,0,113,-8.98,0.113954,0,12,2,0,1,1,0,0,10,53,0.06218205449229057,93268
6170,1149.98,0,316,-21.518,0.110952,0,9,0,0,1,1,0,0,40,86,0.061403863759758544,93584
6171,1151.9,0,130,-9.608,0.109717,0,13,2,0,1,1,0,0,14,56,0.06084080693097069,93714
6172,1151.99,0,6,-6.022,0.10966,0,1,0,0,1,1,0,0,1,3,0.0565414410084486,93720
6173,1155.56,0,247,-17.196,0.107314,0,11,1,0,1,1,0,0,18,134,0.0628713912703851,93967
6174,1156.39,0,57,-5.958,0.106772,0,11,0,0,1,1,0,0,8,15,0.06622922139471038,94024
6175,1156.82,0,30,-6.478,0.106487,0,4,0,0,1,1,0,0,4,12,0.05142364377776782,94054
6176,1157.52,0,53,-6.632,0.105984,0,8,1,0,1,1,0,0,7,16,0.05896033873816706,94107
6177,1158.43,0,66,-6.806,0.105357,0,10,0,0,1,1,0,0,9,15,0.06555341392275736,94173
6178,1159.65,0,87,-7.76,0.10453,0,11,0,0,1,1,0,0,7,48,0.06317143287809415,94260
6179,1161.48,1,133,-9.474,0.103267,1,11,1,0,1,1,0,0,10,81,0.058699705806049635,94393
6180,1162.48,0,62,-6.788,0.102678,0,9,1,0,1,1,0,0,9,23,0.06575605585690468,94455
6181,1168.39,1,400,-17.212,0.098878,1,18,2,0,0,0,1,0,23,257,0.06278563696192578,94855
6182,1168.55,0,13,-5.214,0.098754,0,5,1,0,1,1,0,0,2,7,0.0717875582094376,94868
6183,1168.83,0,22,-6.046,0.098545,0,4,0,0,1,1,0,0,3,9,0.06897731066088784,94890
6184,1169.0,0,13,-5.524,0.098422,0,4,0,0,1,1,0,0,2,7,0.06267324892374185,94903
6185,1172.6,0,236,-15.764,0.09618,0,12,0,0,1,1,0,0,33,67,0.056744731599622865,95139
6186,1173.87,0,92,-9.578,0.095306,0,6,0,0,1,1,0,0,7,56,0.05847452390615059,95231
6187,1174.05,0,13,-5.524,0.095182,0,4,0,0,1,1,0,0,2,7,0.054706805457289405,95244
6188,1174.4,0,27,-5.128,0.094926,0,8,0,0,1,1,0,0,4,11,0.06107003107253048,95271
6189,1174.75,0,27,-5.736,0.094669,0,6,0,0,1,1,0,0,4,8,0.05604453205510422,95298
6190,1175.82,0,75,-7.31,0.093957,0,10,0,0,1,1,0,0,10,28,0.05688938866058985,95373
6191,1176.01,0,14,-5.874,0.093824,0,3,0,0,1,1,0,0,2,4,0.05630958306470087,95387
6192,1181.98,1,400,-18.96,0.090024,1,11,2,0,0,0,1,0,46,121,0.06315101620974019,95787
6193,1183.22,0,93,-9.244,0.08914,0,7,0,0,1,1,0,0,13,30,0.06026944875596992,95880
6194,1183.33,0,7,-5.792,0.089074,0,2,1,0,1,1,0,0,1,2,0.05350288110119956,95887
6195,1186.28,0,213,-14.728,0.08705,0,12,2,0,1,1,0,0,25,70,0.0646604523062706,96100
6196,1186.9,0,42,-6.606,0.086651,0,6,0,0,1,1,0,0,6,15,0.06574828585698492,96142
6197,1188.73,1,131,-8.322,0.085407,1,14,1,0,1,1,0,0,17,34,0.05822876894149844,96273
6198,1190.31,0,114,-9.746,0.084323,0,9,1,0,1,1,0,0,16,35,0.06217953777594263,96387
6199,1190.51,0,14,-5.594,0.084191,0,4,0,0,1,1,0,0,2,6,0.05055299015449626,96401
6200,1196.46,0,400,-18.88,0.080391,0,16,0,0,0,0,1,0,18,280,0.0624580559367314,96801
6201,1196.84,0,28,-5.484,0.080125,0,7,1,0,1,1,0,0,4,10,0.05434434674680233,96829
6202,1197.16,0,23,-5.514,0.079906,0,6,1,0,1,1,0,0,3,10,0.049279300131551594,96852
6203,1203.0,0,400,-20.788,0.076106,0,10,0,0,0,0,1,0,14,306,0.06098459860542789,97252
6204,1203.78,0,49,-6.08,0.07564,0,9,1,0,1,1,0,0,6,27,0.05397847946733236,97301
6205,1206.3,0,177,-12.878,0.073959,0,11,1,0,1,1,0,0,22,49,0.05662844496342422,97478
6206,1208.57,1,156,-9.852,0.072477,1,14,1,0,1,1,0,0,16,59,0.06251055344891472,97634
6207,1214.39,1,400,-20.102,0.068677,1,9,1,0,0,0,1,0,13,259,0.05892843934008852,98034
6208,1215.07,0,44,-6.728,0.068259,0,6,0,0,1,1,0,0,5,19,0.06623835887082598,98078
6209,1217.41,1,167,-11.154,0.066673,1,11,2,0,1,1,0,0,23,60,0.057474696506818614,98245
6210,1218.25,0,55,-8.832,0.06615,0,1,0,0,1,1,0,0,7,20,0.06420749153264545,98300
6211,1219.25,0,73,-8.45,0.065457,0,6,0,0,1,1,0,0,7,31,0.06153583675878097,98373
6212,1221.77,0,175,-13.552,0.063794,0,9,1,0,1,1,0,0,13,106,0.061904109216162136,98548
6213,1222.37,0,47,-8.042,0.063348,0,2,0,0,1,1,0,0,6,19,0.06164375082292455,98595
6214,1223.59,0,77,-7.968,0.062616,0,8,0,0,1,1,0,0,11,24,0.05632754070563363,98672
6215,1228.29,1,327,-21.212,0.059509,1,10,2,0,1,1,0,0,20,215,0.06047863132442812,98999
6216,1232.53,0,299,-20.682,0.056669,0,10,1,0,1,1,0,0,15,210,0.06050131198978145,99298
6217,1238.42,0,400,-19.54,0.052869,0,14,0,0,0,0,1,0,52,130,0.06014500460121781,99698
6218,1238.99,0,38,-4.578,0.052508,0,12,2,0,1,1,0,0,4,21,0.06501150084659457,99736
6219,1239.08,0,6,-6.332,0.052451,0,0,0,0,1,1,0,0,1,1,0.05307550666232904,99742
6220,1239.63,0,41,-6.828,0.052062,0,5,0,0,1,1,0,0,6,13,0.05659034089526025,99783
6221,1241.86,0,153,-11.638,0.050608,0,11,1,0,1,1,0,0,17,38,0.06294156847144264,99936
6222,1247.77,1,400,-17.99,0.05,1,15,1,0,0,0,1,0,28,226,0.05995948811993003,100336
6223,1249.92,0,140,-10.558,0.05,0,12,0,0,1,1,0,0,12,78,0.06350462058159922,100476
6224,1250.66,0,53,-6.03,0.05,0,10,1,0,1,1,0,0,7,18,0.06148928407368795,100529
6225,1252.34,1,119,-8.45,0.05,1,11,1,0,1,1,0,0,17,28,0.05952620921859972,100648
6226,1255.09,0,189,-13.62,0.05,0,11,1,0,1,1,0,0,22,76,0.057181755509523174,100837
6227,1255.8,0,55,-5.538,0.05,0,12,2,0,1,1,0,0,8,15,0.06842003994706002,100892
6228,1261.78,0,400,-19.062,0.05,0,15,1,0,0,0,1,0,20,287,0.05754014622652903,101292
6229,1262.73,1,72,-5.558,0.05,1,12,3,0,1,1,0,0,6,36,0.053593440550482936,101364
6230,1268.4,1,400,-19.772,0.05,1,10,1,0,0,0,1,0,14,309,0.057851544020231814,101764
6231,1270.7,0,163,-11.972,0.05,0,11,2,0,1,1,0,0,22,45,0.05821222264571058,101927
6232,1271.57,0,58,-7.494,0.05,0,6,0,0,1,1,0,0,8,20,0.05717313718371864,101985
6233,1277.5,0,400,-20.242,0.05,0,12,1,0,0,0,1,0,8,343,0.06145421612076461,102385
6234,1278.5,0,65,-7.32,0.05,0,8,1,0,1,1,0,0,9,20,0.05672315476605525,102450
6235,1284.48,0,400,-19.488,0.05,0,14,1,0,0,0,1,0,52,68,0.057765006525442,102850
6236,1290.45,1,400,-19.176,0.05,1,12,1,0,0,0,1,0,11,322,0.056735951318405566,103250
6237,1291.13,1,47,-5.6,0.05,1,7,1,0,1,1,0,0,5,22,0.055282395907697526,103297
6238,1291.85,0,56,-7.084,0.05,0,7,0,0,1,1,0,0,8,13,0.05173483045239534,103353
6239,1292.93,0,75,-7.662,0.05,0,9,0,0,1,1,0,0,6,47,0.05557002443199356,103428
6240,1294.49,2,111,-6.462,0.05,2,13,3,0,1,1,0,0,15,26,0.061416808142419066,103539
6241,1296.03,0,102,-9.448,0.05,0,8,2,0,1,1,0,0,13,35,0.06419614842161536,103641
6242,1297.2,1,79,-5.576,0.05,1,13,1,0,1,1,0,0,11,19,0.05874446219517083,103720
6243,1302.75,0,364,-20.816,0.05,0,22,0,0,1,1,0,0,20,209,0.05335402922131694,104084
6244,1305.39,0,183,-13.804,0.05,0,9,0,0,1,1,0,0,25,52,0.06539710764798636,104267
6245,1307.49,1,145,-10.864,0.05,1,8,2,0,1,1,0,0,20,51,0.05592013430492632,104412
6246,1308.22,0,52,-7.226,0.05,0,6,0,0,1,1,0,0,5,27,0.06916254450781988,104464
6247,1309.52,0,92,-7.702,0.05,0,12,1,0,1,1,0,0,11,33,0.06190443549143231,104556
6248,1312.34,0,179,-13.732,0.05,0,9,1,0,1,1,0,0,17,86,0.05822157158969001,104735
6249,1318.33,1,400,-19.85,0.05,1,10,1,0,0,0,1,0,10,331,0.05570458705537021,105135
6250,1324.06,1,400,-19.036,0.05,1,12,1,0,0,0,1,0,21,258,0.05791201690910384,105535
6251,1324.24,0,13,-4.924,0.05,0,6,2,0,1,1,0,0,2,7,0.052512629387470394,105548
6252,1326.23,1,133,-9.898,0.05,1,9,1,0,1,1,0,0,19,40,0.05176675919779485,105681
6253,1328.19,0,128,-11.012,0.05,0,8,2,0,1,1,0,0,14,44,0.06336814394308021,105809
6254,1330.52,0,167,-11.914,0.05,0,12,0,0,1,1,0,0,23,50,0.05510273512207462,105976
6255,1331.55,1,70,-7.23,0.05,1,6,1,0,1,1,0,0,7,35,0.0590563452004322,106046
6256,1337.22,0,400,-20.554,0.05,0,10,2,0,0,0,1,0,25,248,0.05386502835201099,106446
6257,1340.73,3,243,-13.788,0.05,3,11,3,0,1,1,0,0,23,113,0.060263332082993455,106689
6258,1343.24,0,176,-13.738,0.05,0,8,1,0,1,1,0,0,21,63,0.05486592903352258,106865
6259,1344.36,0,86,-7.898,0.05,0,10,0,0,1,1,0,0,12,22,0.04768830508556823,106951
6260,1344.44,0,6,-5.722,0.05,0,2,1,0,1,1,0,0,1,3,0.06787304983784755,106957
6261,1346.31,0,126,-10.032,0.05,0,11,2,0,1,1,0,0,10,72,0.05974178667372418,107083
6262,1348.67,0,163,-10.808,0.05,0,15,0,0,1,1,0,0,23,39,0.05576691835935862,107246
6263,1349.03,0,28,-6.686,0.05,0,3,0,0,1,1,0,0,4,10,0.0530712701646345,107274
6264,1354.98,1,400,-19.492,0.05,1,10,2,0,0,0,1,0,35,156,0.057575109002646056,107674
6265,1356.54,0,96,-9.096,0.05,0,8,1,0,1,1,0,0,13,27,0.055972361587919295,107770
6266,1362.37,1,400,-19.674,0.05,1,10,2,0,0,0,1,0,25,217,0.060106986145256086,108170
6267,1362.74,0,28,-4.584,0.05,0,10,0,0,1,1,0,0,4,8,0.04834756344955947,108198
6268,1366.61,0,274,-18.572,0.05,0,12,0,0,1,1,0,0,15,165,0.059236921580766676,108472
6269,1367.18,0,43,-6.63,0.05,0,6,0,0,1,1,0,0,6,13,0.06226797070527493,108515
6270,1370.82,1,245,-14.412,0.05,1,17,2,0,1,1,0,0,8,44,0.05089670532592097,108760
6271,1372.47,0,116,-10.74,0.05,0,7,0,0,1,1,0,0,7,63,0.052939574659705675,108876
6272,1378.43,1,400,-19.85,0.05,1,9,1,0,0,0,1,0,48,93,0.0589773785835132,109276
6273,1380.95,0,171,-13.398,0.05,0,8,1,0,1,1,0,0,21,64,0.05657145290020091,109447
6274,1381.15,0,13,-5.214,0.05,0,5,0,0,1,1,0,0,2,7,0.05316772125661373,109460
6275,1383.52,1,161,-8.232,0.05,1,20,1,0,1,1,0,0,21,29,0.05771087540996186,109621
6276,1385.74,0,159,-12.058,0.05,0,10,0,0,1,1,0,0,22,43,0.053998534418291076,109780
6277,1388.15,0,169,-13.12,0.05,0,9,1,0,1,1,0,0,18,65,0.05773816640439206,109949
6278,1389.07,1,57,-6.442,0.05,1,6,1,0,1,1,0,0,8,11,0.050697837907232736,110006
6279,1389.28,0,13,-4.914,0.05,0,6,0,0,1,1,0,0,2,7,0.05411971374773062,110019
6280,1392.63,1,249,-16.616,0.05,1,9,1,0,1,1,0,0,27,98,0.05534792825744214,110268
6281,1393.18,0,43,-5.722,0.05,0,9,0,0,1,1,0,0,6,9,0.057324879326272844,110311
6282,1394.63,1,112,-8.4,0.05,1,10,3,0,1,1,0,0,15,24,0.0588252699318608,110423
6283,1398.93,1,292,-19.122,0.05,1,9,1,0,1,1,0,0,40,42,0.05498295437786983,110715
6284,1399.03,0,7,-5.492,0.05,0,3,1,0,1,1,0,0,1,2,0.06516633395637784,110722
6285,1400.47,0,99,-7.424,0.05,0,14,0,0,1,1,0,0,13,31,0.05443556806204295,110821
6286,1405.66,2,355,-19.53,0.05,2,17,2,0,1,1,0,0,29,96,0.05712194660101348,111176
6287,1406.35,0,49,-6.044,0.05,0,9,0,0,1,1,0,0,7,20,0.05136311369739017,111225
6288,1407.35,0,72,-8.324,0.05,0,6,1,0,1,1,0,0,10,32,0.048956439015455544,111297
6289,1410.17,1,178,-10.808,0.05,1,15,1,0,1,1,0,0,17,54,0.056346744550078105,111475
6290,1411.97,0,135,-8.894,0.05,0,16,0,0,1,1,0,0,18,35,0.05136131201353338,111610
6291,1414.39,0,155,-11.816,0.05,0,10,1,0,1,1,0,0,22,38,0.06628112153060013,111765
6292,1417.65,0,228,-14.562,0.05,0,16,0,0,1,1,0,0,12,151,0.052724993877570354,111993
6293,1419.36,0,105,-9.89,0.05,0,7,0,0,1,1,0,0,15,30,0.053360651446772475,112098
6294,1420.4,0,77,-8.918,0.05,0,5,0,0,1,1,0,0,11,16,0.053596477762058184,112175
6295,1426.02,2,377,-21.222,0.05,2,17,2,0,1,1,0,0,15,167,0.05423111211389935,112552
6296,1431.41,0,365,-22.782,0.05,0,15,2,0,1,1,0,0,30,93,0.052789910767890816,112917
6297,1431.59,0,13,-6.124,0.05,0,2,0,0,1,1,0,0,2,3,0.05947949078220587,112930
6298,1431.66,0,5,-5.062,0.05,0,4,0,0,1,1,0,0,1,3,0.042158469930291174,112935
6299,1434.85,1,216,-14.7,0.05,1,9,1,0,1,1,0,0,28,56,0.05788499454502016,113151
6300,1434.96,0,7,-5.782,0.05,0,2,0,0,1,1,0,0,1,2,0.05226804981274264,113158
6301,1436.66,2,131,-7.07,0.05,2,15,3,0,1,1,0,0,13,35,0.059142591289550295,113289
6302,1442.56,1,400,-19.92,0.05,1,9,1,0,0,0,1,0,21,139,0.05360841467045248,113689
6303,1442.94,0,28,-5.484,0.05,0,7,1,0,1,1,0,0,4,8,0.05865553124541683,113717
6304,1443.71,1,54,-4.52,0.05,1,12,1,0,1,1,0,0,5,13,0.05198325339221844,113771
6305,1449.54,0,400,-20.68,0.05,0,9,1,0,0,0,1,0,38,138,0.056180881465552376,114171
6306,1451.2,0,114,-9.616,0.05,0,10,1,0,1,1,0,0,8,58,0.0544123610056806,114285
6307,1457.25,1,400,-17.742,0.05,1,16,1,0,0,0,1,0,29,200,0.052948136078193785,114685
6308,1458.04,0,51,-4.102,0.05,0,16,0,0,1,1,0,0,7,12,0.059552361312157964,114736
6309,1460.5,1,175,-11.674,0.05,1,12,2,0,1,1,0,0,12,33,0.052402125783264634,114911
6310,1466.29,0,400,-20.934,0.05,0,9,0,0,0,0,1,0,17,276,0.056228490001522004,115311
6311,1472.17,0,400,-21.408,0.05,0,7,0,0,0,0,1,0,25,243,0.05466102920239791,115711
6312,1477.85,0,395,-25.776,0.05,0,11,2,0,1,1,0,0,28,165,0.05243882319500929,116106
6313,1478.49,0,48,-7.494,0.05,0,4,3,0,1,1,0,0,7,18,0.04835497403594976,116154
6314,1482.01,0,246,-16.732,0.05,0,11,2,0,1,1,0,0,32,42,0.0579272837537091,116400
6315,1482.09,0,6,-5.722,0.05,0,2,0,0,1,1,0,0,1,3,0.07258360087871552,116406
6316,1482.37,0,21,-5.692,0.05,0,5,1,0,1,1,0,0,3,8,0.058733743659797166,116427
6317,1484.51,0,152,-9.366,0.05,0,18,0,0,1,1,0,0,17,33,0.05406084755974773,116579
6318,1484.91,0,29,-6.154,0.05,0,5,0,0,1,1,0,0,4,3,0.052686523485543396,116608
6319,1485.39,0,35,-5.596,0.05,0,8,1,0,1,1,0,0,5,8,0.05090391995119197,116643
6320,1485.56,0,13,-5.532,0.05,0,4,0,0,1,1,0,0,2,7,0.05694429067751536,116656
6321,1485.64,0,6,-5.422,0.05,0,3,1,0,1,1,0,0,1,4,0.08874042083819707,116662
6322,1487.75,2,155,-9.41,0.05,2,12,2,0,1,1,0,0,12,29,0.05616362866374754,116817
6323,1493.51,2,400,-16.046,0.05,2,19,2,0,0,0,1,0,14,63,0.05391408914001659,117217
6324,1493.99,0,35,-5.594,0.05,0,8,0,0,1,1,0,0,5,10,0.05856863736574139,117252
6325,1495.81,1,123,-7.674,0.05,1,15,1,0,1,1,0,0,11,24,0.0567601601994498,117375
6326,1496.43,0,48,-7.238,0.05,0,5,0,0,1,1,0,0,7,13,0.06494410303033267,117423
6327,1500.81,0,302,-18.348,0.05,0,18,0,0,1,1,0,0,19,35,0.052660053585107065,117725
6328,1505.44,0,322,-20.772,0.05,0,14,1,0,1,1,0,0,18,207,0.053441240698076,118047
6329,1507.37,0,139,-10.994,0.05,0,10,1,0,1,1,0,0,19,38,0.05631802510470152,118186
6330,1509.42,0,125,-8.714,0.05,0,15,1,0,1,1,0,0,14,17,0.05450669550150633,118311
6331,1509.89,0,36,-6.838,0.05,0,4,0,0,1,1,0,0,5,11,0.051938490502329335,118347
6332,1515.69,0,400,-17.786,0.05,0,19,0,0,0,0,1,0,28,68,0.053085662096273155,118747
6333,1516.56,1,56,-6.408,0.05,1,6,2,0,1,1,0,0,8,12,0.047198882742252736,118803
6334,1522.47,0,400,-18.796,0.05,0,16,2,0,0,0,1,0,22,31,0.054149254350923,119203
6335,1528.55,2,400,-18.734,0.05,2,10,2,0,0,0,1,0,16,28,0.05089322585845366,119603
6336,1531.86,0,232,-14.456,0.05,0,17,0,0,1,1,0,0,16,36,0.05342135904356837,119835
6337,1533.71,0,135,-11.264,0.05,0,8,0,0,1,1,0,0,17,32,0.05666572852405133,119970
6338,1534.09,0,28,-5.802,0.05,0,6,0,0,1,1,0,0,4,6,0.04547732290146606,119998
6339,1536.66,0,185,-12.318,0.05,0,15,2,0,1,1,0,0,13,79,0.054703163144153515,120183
6340,1542.54,1,400,-19.184,0.05,1,12,2,0,0,0,1,0,11,32,0.05499561401549727,120583
6341,1543.55,0,63,-5.092,0.05,0,15,1,0,1,1,0,0,8,18,0.05764182387954659,120646
6342,1544.01,0,33,-6.382,0.05,0,5,1,0,1,1,0,0,4,11,0.06871524557584163,120679
6343,1550.04,0,400,-20.31,0.05,0,11,0,0,0,0,1,0,21,26,0.05345315936836414,121079
6344,1550.5,0,36,-5.664,0.05,0,8,1,0,1,1,0,0,5,8,0.06184335213361515,121115
6345,1551.0,0,36,-5.966,0.05,0,7,1,0,1,1,0,0,4,16,0.051558910196440086,121151
6346,1551.1,0,7,-5.782,0.05,0,2,0,0,1,1,0,0,1,2,0.043895164504647255,121158
6347,1556.99,0,400,-18.956,0.05,0,15,0,0,0,0,1,0,28,57,0.05325656307162717,121558
6348,1557.72,0,50,-8.02,0.05,0,3,0,0,1,1,0,0,6,12,0.05339944485574961,121608
6349,1559.18,0,96,-8.79,0.05,0,9,0,0,1,1,0,0,13,27,0.047087568813973725,121704
6350,1562.58,1,241,-13.04,0.05,1,20,2,0,1,1,0,0,24,66,0.054936183848383516,121945
6351,1568.41,1,400,-18.882,0.05,1,13,2,0,0,0,1,0,12,270,0.05351509978063405,122345
6352,1570.75,1,168,-9.558,0.05,1,17,1,0,1,1,0,0,19,43,0.053465037645461656,122513
6353,1571.23,1,36,-4.038,0.05,1,10,1,0,1,1,0,0,5,13,0.04859590675267908,122549
6354,1571.85,0,43,-6.63,0.05,0,6,1,0,1,1,0,0,6,16,0.05569721788687761,122592
6355,1577.4,2,400,-18.342,0.05,2,11,2,0,0,0,1,0,22,26,0.051956168280448765,122992
6356,1583.37,0,400,-20.792,0.05,0,9,1,0,0,0,1,0,26,129,0.05322141299489885,123392
6357,1585.49,0,154,-12.324,0.05,0,9,0,0,1,1,0,0,10,80,0.04893391791658549,123546
6358,1586.98,0,102,-9.494,0.05,0,8,0,0,1,1,0,0,12,15,0.056565933559528166,123648
6359,1587.17,0,13,-4.614,0.05,0,7,1,0,1,1,0,0,2,5,0.060616133018181875,123661
6360,1592.7,0,400,-20.812,0.05,0,9,0,0,0,0,1,0,31,47,0.05237192284082994,124061
6361,1592.78,0,5,-5.662,0.05,0,2,0,0,1,1,0,0,1,1,0.053682408109307286,124066
6362,1594.7,0,129,-11.526,0.05,0,7,0,0,1,1,0,0,5,101,0.05481491793784522,124195
6363,1599.09,1,291,-15.598,0.05,1,22,1,0,1,1,0,0,12,122,0.04723682227669303,124486
6364,1599.99,0,68,-6.584,0.05,0,11,0,0,1,1,0,0,9,14,0.056039735633770335,124554
6365,1602.21,0,164,-12.098,0.05,0,11,1,0,1,1,0,0,23,27,0.05546137027828613,124718
6366,1602.48,0,20,-4.726,0.05,0,8,0,0,1,1,0,0,3,4,0.03723983950912953,124738
6367,1602.57,0,6,-5.732,0.05,0,2,1,0,1,1,0,0,1,1,0.05135129919896523,124744
6368,1604.46,0,130,-10.34,0.05,0,11,0,0,1,1,0,0,8,20,0.051662887908661595,124874
6369,1605.79,0,100,-8.712,0.05,0,10,1,0,1,1,0,0,14,27,0.048924144571647045,124974
6370,1608.68,1,193,-13.276,0.05,1,10,1,0,1,1,0,0,16,55,0.0566874820053809,125167
6371,1608.87,0,14,-4.984,0.05,0,6,1,0,1,1,0,0,2,6,0.04804065178281495,125181
6372,1610.73,2,141,-8.238,0.05,2,13,2,0,1,1,0,0,15,22,0.05870261269205428,125322
6373,1612.44,0,120,-9.226,0.05,0,12,2,0,1,1,0,0,17,41,0.05018679664159815,125442
6374,1613.52,0,75,-7.284,0.05,0,10,0,0,1,1,0,0,9,18,0.0490615730608503,125517
6375,1613.89,1,27,-4.434,0.05,1,7,1,0,1,1,0,0,4,6,0.05893495068367985,125544
6376,1619.74,0,400,-20.968,0.05,0,12,2,0,0,0,1,0,23,231,0.05075758946128189,125944
6377,1625.42,0,400,-20.92,0.05,0,7,0,0,0,0,1,0,50,84,0.050871344732586296,126344
6378,1626.92,0,105,-8.576,0.05,0,12,1,0,1,1,0,0,6,39,0.052711310814179124,126449
6379,1630.0,0,212,-14.31,0.05,0,14,0,0,1,1,0,0,11,60,0.047592787568474994,126661
6380,1631.88,0,136,-10.806,0.05,0,10,1,0,1,1,0,0,16,20,0.05862250972046133,126797
6381,1632.14,0,20,-5.644,0.05,0,5,0,0,1,1,0,0,3,5,0.0426064144121483,126817
6382,1637.83,0,400,-21.588,0.05,0,9,2,0,0,0,1,0,19,171,0.053296248668339104,127217
6383,1639.7,0,128,-8.504,0.05,0,16,0,0,1,1,0,0,16,17,0.05518066218064632,127345
6384,1645.76,0,400,-19.808,0.05,0,13,1,0,0,0,1,0,17,202,0.05277510791085661,127745
6385,1646.48,1,51,-4.59,0.05,1,11,1,0,1,1,0,0,7,16,0.05320587266674813,127796
6386,1651.98,0,372,-24.328,0.05,0,12,0,0,1,1,0,0,19,35,0.0550307702731281,128168
6387,1652.17,0,14,-4.974,0.05,0,6,0,0,1,1,0,0,2,6,0.05145641156871404,128182
6388,1652.53,0,27,-5.442,0.05,0,7,0,0,1,1,0,0,4,5,0.05486737219271837,128209
6389,1656.31,1,275,-15.806,0.05,1,18,1,0,1,1,0,0,14,59,0.04701356273313815,128484
6390,1656.72,0,30,-5.578,0.05,0,7,0,0,1,1,0,0,4,12,0.050301084450135626,128514
6391,1657.49,0,56,-6.508,0.05,0,9,0,0,1,1,0,0,8,14,0.05300087034369686,128570
6392,1659.22,0,129,-8.69,0.05,0,16,0,0,1,1,0,0,10,14,0.05379116485371839,128699
6393,1661.57,0,168,-13.502,0.05,0,7,0,0,1,1,0,0,24,36,0.04978774786217227,128867
6394,1663.55,0,129,-12.536,0.05,0,3,0,0,1,1,0,0,18,34,0.06156092415051174,128996
6395,1665.63,0,153,-11.62,0.05,0,11,1,0,1,1,0,0,10,92,0.053314008028702994,129149
6396,1666.35,0,54,-6.078,0.05,0,10,0,0,1,1,0,0,7,14,0.045259519583649106,129203
6397,1672.27,1,398,-24.658,0.05,1,12,1,0,1,1,0,0,30,48,0.05029077104868451,129601
6398,1673.1,1,59,-5.692,0.05,1,9,1,0,1,1,0,0,7,14,0.05542728956788778,129660
6399,1678.99,2,400,-18.346,0.05,2,11,2,0,0,0,1,0,15,47,0.05158564925659448,130060
6400,1680.52,1,109,-8.588,0.05,1,9,1,0,1,1,0,0,12,13,0.05758665480283559,130169
6401,1686.26,1,400,-17.638,0.05,1,17,1,0,0,0,1,0,11,65,0.05087552614626475,130569
6402,1687.1,2,57,-5.458,0.05,2,6,3,0,1,1,0,0,8,16,0.05095087343075296,130626
6403,1688.54,0,100,-7.594,0.05,0,14,0,0,1,1,0,0,9,53,0.05509336377494037,130726
6404,1689.65,0,77,-7.652,0.05,0,9,0,0,1,1,0,0,11,19,0.04933081298776261,130803
6405,1689.74,0,6,-5.722,0.05,0,2,0,0,1,1,0,0,1,3,0.050447510865827404,130809
6406,1693.93,0,295,-19.81,0.05,0,12,0,0,1,1,0,0,13,225,0.049136534809939944,131104
6407,1700.04,1,400,-19.276,0.05,1,11,1,0,0,0,1,0,19,26,0.051298411935567854,131504
6408,1705.87,2,400,-17.856,0.05,2,16,2,0,0,0,1,0,15,29,0.051883412785828115,131904
6409,1707.79,0,145,-11.668,0.05,0,9,0,0,1,1,0,0,18,27,0.049578264098742914,132049
6410,1707.86,0,5,-5.062,0.05,0,4,2,0,1,1,0,0,1,3,0.04750468693673611,132054
6411,1709.4,0,104,-9.256,0.05,0,9,1,0,1,1,0,0,13,16,0.04884948167734994,132158
6412,1715.28,0,400,-20.134,0.05,0,11,0,0,0,0,1,0,28,154,0.05179839632008225,132558
6413,1721.06,0,400,-20.368,0.05,0,11,0,0,0,0,1,0,20,49,0.04838556511094794,132958
6414,1722.42,0,98,-9.096,0.05,0,9,1,0,1,1,0,0,4,81,0.04594860399826145,133056
6415,1723.1,0,50,-6.124,0.05,0,9,1,0,1,1,0,0,7,19,0.046238489877432586,133106
6416,1723.57,0,35,-5.578,0.05,0,8,1,0,1,1,0,0,5,10,0.05324072263070515,133141
6417,1724.23,0,45,-5.27,0.05,0,11,0,0,1,1,0,0,5,21,0.061170020182099605,133186
6418,1724.34,0,8,-5.552,0.05,0,3,1,0,1,1,0,0,1,3,0.06693520117551088,133194
6419,1726.71,1,150,-10.67,0.05,1,10,2,0,1,1,0,0,17,52,0.047930949113021294,133344
6420,1727.76,0,81,-7.674,0.05,0,10,0,0,1,1,0,0,9,12,0.056201408318255416,133425
6421,1728.14,0,28,-5.184,0.05,0,8,0,0,1,1,0,0,4,8,0.0597233858092555,133453
6422,1728.73,0,41,-6.828,0.05,0,5,0,0,1,1,0,0,6,10,0.04167217572742119,133494
6423,1730.62,0,130,-9.878,0.05,0,12,0,0,1,1,0,0,16,30,0.052581455322125784,133624
6424,1731.82,1,87,-6.978,0.05,1,10,2,0,1,1,0,0,12,18,0.04589059055600872,133711
6425,1737.78,0,400,-20.172,0.05,0,12,1,0,0,0,1,0,14,284,0.05051124782301485,134111
6426,1739.64,0,137,-10.702,0.05,0,11,0,0,1,1,0,0,11,12,0.0534769183595794,134248
6427,1743.19,1,257,-15.142,0.05,1,17,1,0,1,1,0,0,7,10,0.04685835668215608,134505
6428,1743.56,0,27,-4.526,0.05,0,10,0,0,1,1,0,0,4,8,0.04194394574949035,134532
6429,1743.74,0,13,-5.532,0.05,0,4,0,0,1,1,0,0,2,7,0.036645217440449275,134545
6430,1743.82,0,6,-5.722,0.05,0,2,0,0,1,1,0,0,1,3,0.03593552609284719,134551
6431,1749.9,0,400,-19.442,0.05,0,13,0,0,0,0,1,0,31,212,0.05085400142939761,134951
6432,1750.2,0,20,-5.326,0.05,0,6,0,0,1,1,0,0,3,7,0.06538162920624017,134971
6433,1753.36,0,233,-14.074,0.05,0,19,1,0,1,1,0,0,9,17,0.050765235196847,135204
6434,1758.78,0,400,-19.786,0.05,0,12,0,0,0,0,1,0,25,72,0.04914167680079117,135604
6435,1762.01,0,213,-15.572,0.05,0,10,0,0,1,1,0,0,9,18,0.049079288645459455,135817
6436,1766.49,0,317,-20.678,0.05,0,13,0,0,1,1,0,0,22,144,0.0482472901494016,136134
6437,1767.11,0,45,-4.642,0.05,0,13,0,0,1,1,0,0,6,13,0.05317547962897354,136179
6438,1768.35,0,96,-8.892,0.05,0,9,0,0,1,1,0,0,8,26,0.046201547452559076,136275
6439,1772.2,0,259,-16.442,0.05,0,16,1,0,1,1,0,0,13,31,0.05264753573592105,136534
6440,1773.44,0,95,-8.146,0.05,0,11,2,0,1,1,0,0,12,23,0.05119502038547867,136629
6441,1777.58,0,275,-19.364,0.05,0,8,0,0,1,1,0,0,37,50,0.042438695112412626,136904
6442,1777.85,0,20,-5.324,0.05,0,6,0,0,1,1,0,0,3,8,0.04809228861704469,136924
6443,1782.01,1,264,-16.34,0.05,1,13,1,0,1,1,0,0,31,66,0.05042482388318714,137188
6444,1783.18,0,90,-9.646,0.05,0,5,0,0,1,1,0,0,10,26,0.04564012203158604,137278
6445,1783.57,0,29,-6.154,0.05,0,5,1,0,1,1,0,0,4,11,0.06496152011998768,137307
6446,1789.61,0,400,-20.678,0.05,0,10,1,0,0,0,1,0,17,229,0.0511730621161405,137707
6447,1792.87,1,211,-12.436,0.05,1,16,2,0,1,1,0,0,20,39,0.048386123278553454,137918
6448,1796.14,2,216,-11.372,0.05,2,18,2,0,1,1,0,0,10,19,0.04968953051354253,138134
6449,1796.23,0,6,-5.732,0.05,0,2,1,0,1,1,0,0,1,1,0.04715641836325327,138140
6450,1797.36,1,84,-7.764,0.05,1,7,1,0,1,1,0,0,9,24,0.04949240645925913,138224
6451,1801.59,0,291,-19.942,0.05,0,10,0,0,1,1,0,0,26,61,0.05062893437560891,138515
6452,1802.1,0,37,-6.008,0.05,0,7,0,0,1,1,0,0,5,15,0.04803609196096659,138552
6453,1802.45,2,27,-2.834,0.05,2,9,2,0,1,1,0,0,4,8,0.04361661082064664,138579
6454,1806.0,1,238,-12.766,0.05,1,21,1,0,1,1,0,0,9,74,0.04932103381186974,138817
6455,1807.12,0,83,-7.5,0.05,0,11,0,0,1,1,0,0,7,32,0.04458844395780779,138900
6456,1807.58,0,35,-6.188,0.05,0,6,0,0,1,1,0,0,5,12,0.04888930227607489,138935
6457,1810.12,0,190,-13.874,0.05,0,10,0,0,1,1,0,0,25,17,0.051270881157956624,139125
6458,1810.22,0,7,-5.8,0.05,0,2,0,0,1,1,0,0,1,2,0.05084555596113205,139132
6459,1812.46,0,168,-11.888,0.05,0,13,0,0,1,1,0,0,16,40,0.04560640847609777,139300
6460,1813.74,0,98,-8.964,0.05,0,9,0,0,1,1,0,0,10,42,0.04855025345839712,139398
6461,1816.38,0,172,-10.46,0.05,0,19,1,0,1,1,0,0,7,25,0.04838968818292542,139570
6462,1822.14,0,400,-21.152,0.05,0,8,0,0,0,0,1,0,53,52,0.04800819983240217,139970
6463,1827.92,0,400,-20.98,0.05,0,8,0,0,0,0,1,0,35,39,0.044589587736409156,140370
6464,1829.7,3,132,-7.902,0.05,3,9,3,0,1,1,0,0,17,20,0.046669380640554606,140502
6465,1835.46,0,400,-19.144,0.05,0,15,0,0,0,0,1,0,20,48,0.050579649256542326,140902
6466,1836.95,0,109,-9.264,0.05,0,10,0,0,1,1,0,0,13,18,0.045394460012743235,141011
6467,1840.55,0,253,-18.12,0.05,0,8,0,0,1,1,0,0,35,21,0.051092603980110805,141264
6468,1845.26,1,339,-21.722,0.05,1,11,1,0,1,1,0,0,15,84,0.04646124506429673,141603
6469,1851.11,0,400,-21.204,0.05,0,8,0,0,0,0,1,0,24,88,0.04648446849780157,142003
6470,1851.3,0,13,-5.214,0.05,0,5,0,0,1,1,0,0,2,7,0.056786214073116965,142016
6471,1851.9,0,44,-4.9,0.05,0,12,2,0,1,1,0,0,6,9,0.05066243508322672,142060
6472,1857.69,1,400,-19.908,0.05,1,10,2,0,0,0,1,0,27,224,0.04801175990258343,142460
6473,1860.04,0,168,-15.312,0.05,0,2,0,0,1,1,0,0,7,72,0.045392951739597176,142628
6474,1861.97,0,139,-10.72,0.05,0,11,0,0,1,1,0,0,15,33,0.05149634344597086,142767
6475,1862.33,1,27,-5.626,0.05,1,3,1,0,1,1,0,0,4,10,0.06336010475125578,142794
6476,1863.3,0,72,-7.77,0.05,0,8,0,0,1,1,0,0,7,19,0.05415330612514582,142866
6477,1865.25,0,142,-10.598,0.05,0,12,1,0,1,1,0,0,16,51,0.05010944763919942,143008
6478,1867.18,0,134,-12.1,0.05,0,6,2,0,1,1,0,0,6,102,0.04678748651588364,143142
6479,1871.42,2,314,-18.63,0.05,2,12,2,0,1,1,0,0,28,147,0.04543429171624979,143456
6480,1873.3,1,139,-9.68,0.05,1,11,3,0,1,1,0,0,19,29,0.04180018740150032,143595
6481,1878.98,1,400,-18.194,0.05,1,14,1,0,0,0,1,0,26,43,0.051453452897258105,143995
6482,1880.04,1,77,-7.354,0.05,1,7,2,0,1,1,0,0,7,32,0.04657189273456862,144072
6483,1881.82,0,130,-11.54,0.05,0,7,1,0,1,1,0,0,7,6,0.047342979528296456,144202
6484,1882.98,0,86,-7.972,0.05,0,10,0,0,1,1,0,0,8,47,0.04536079831399717,144288
6485,1883.58,0,44,-6.136,0.05,0,8,0,0,1,1,0,0,6,10,0.049145949284800074,144332
6486,1883.95,0,27,-4.818,0.05,0,9,0,0,1,1,0,0,4,8,0.03963127773669031,144359
6487,1884.53,0,43,-6.63,0.05,0,6,1,0,1,1,0,0,6,13,0.03659025690150122,144402
6488,1887.03,0,186,-12.678,0.05,0,14,1,0,1,1,0,0,16,34,0.05115315947251054,144588
6489,1887.4,0,29,-5.848,0.05,0,6,0,0,1,1,0,0,4,9,0.04469856995575387,144617
6490,1888.96,0,101,-9.154,0.05,0,9,1,0,1,1,0,0,10,40,0.04906905840824146,144718
6491,1889.63,0,49,-5.8,0.05,0,10,0,0,1,1,0,0,6,22,0.04906552208929646,144767
6492,1891.31,1,126,-8.482,0.05,1,13,1,0,1,1,0,0,9,11,0.05137338815626526,144893
6493,1894.66,0,227,-15.73,0.05,0,12,1,0,1,1,0,0,13,26,0.04946496602279105,145120
6494,1900.24,0,400,-18.612,0.05,0,17,2,0,0,0,1,0,12,88,0.04551288409624249,145520
6495,1900.8,0,43,-6.048,0.05,0,8,0,0,1,1,0,0,6,10,0.03546133957976519,145563
6496,1904.0,1,233,-14.624,0.05,1,13,1,0,1,1,0,0,21,55,0.04817236142528799,145796
6497,1905.26,0,89,-7.844,0.05,0,11,1,0,1,1,0,0,9,13,0.045386734334856606,145885
6498,1909.53,0,295,-20.506,0.05,0,10,0,0,1,1,0,0,8,210,0.048524592466399834,146180
6499,1909.62,0,6,-5.422,0.05,0,3,0,0,1,1,0,0,1,3,0.07045100939770539,146186
6500,1909.69,0,5,-5.362,0.05,0,3,0,0,1,1,0,0,1,3,0.04911146387457847,146191
6501,1909.79,0,7,-5.792,0.05,0,2,1,0,1,1,0,0,1,2,0.047909947644386976,146198
6502,1915.38,0,400,-19.34,0.05,0,13,0,0,0,0,1,0,40,37,0.04505083792144433,146598
6503,1917.88,0,187,-12.254,0.05,0,15,1,0,1,1,0,0,20,68,0.04723889099055513,146785
6504,1922.5,0,340,-20.454,0.05,0,17,1,0,1,1,0,0,44,40,0.04666892012088176,147125
6505,1922.59,0,6,-5.422,0.05,0,3,1,0,1,1,0,0,1,3,0.01887250893438856,147131
6506,1924.1,0,109,-8.62,0.05,0,12,0,0,1,1,0,0,15,25,0.04416577940926366,147240
6507,1924.18,0,5,-5.362,0.05,0,3,0,0,1,1,0,0,1,3,0.05364949740469456,147245
6508,1927.42,0,225,-16.196,0.05,0,9,0,0,1,1,0,0,31,25,0.04483790882759624,147470
6509,1929.68,2,161,-8.318,0.05,2,17,2,0,1,1,0,0,13,22,0.04693453447742862,147631
6510,1933.03,1,236,-14.692,0.05,1,13,1,0,1,1,0,0,29,21,0.04711145310173348,147867
6511,1938.58,0,381,-21.666,0.05,0,23,2,0,1,1,0,0,16,17,0.043113120353665796,148248
6512,1939.98,0,102,-9.232,0.05,0,9,0,0,1,1,0,0,8,19,0.045613089037657366,148350
6513,1942.2,1,158,-9.562,0.05,1,15,2,0,1,1,0,0,22,10,0.03942676455584131,148508
6514,1948.22,0,400,-20.148,0.05,0,11,2,0,0,0,1,0,24,41,0.04670275432989001,148908
6515,1949.52,0,95,-8.806,0.05,0,9,0,0,1,1,0,0,9,34,0.050653363519201154,149003
6516,1951.78,0,163,-12.454,0.05,0,10,0,0,1,1,0,0,15,35,0.04927252165607514,149166
6517,1954.03,1,158,-7.336,0.05,1,23,2,0,1,1,0,0,9,20,0.04635846196626655,149324
6518,1959.95,1,400,-17.2,0.05,1,18,1,0,0,0,1,0,16,169,0.04551488097640686,149724
6519,1962.23,2,163,-8.502,0.05,2,17,3,0,1,1,0,0,7,105,0.045736274184899096,149887
6520,1962.68,0,34,-6.444,0.05,0,5,0,0,1,1,0,0,5,10,0.046933314105605375,149921
6521,1964.18,0,111,-9.98,0.05,0,8,0,0,1,1,0,0,14,33,0.04872215183888067,150032
6522,1970.15,1,400,-18.524,0.05,1,14,1,0,0,0,1,0,14,54,0.046206654822453855,150432
6523,1970.53,0,27,-5.126,0.05,0,8,1,0,1,1,0,0,4,7,0.044711416069832116,150459
6524,1971.24,1,52,-4.042,0.05,1,13,2,0,1,1,0,0,7,15,0.0410891122256334,150511
6525,1971.7,0,34,-5.536,0.05,0,8,2,0,1,1,0,0,5,7,0.03779701398247305,150545
6526,1975.42,1,260,-15.044,0.05,1,17,2,0,1,1,0,0,19,50,0.050021328334696594,150805
6527,1975.55,0,9,-5.002,0.05,0,5,0,0,1,1,0,0,1,4,0.026216316761242017,150814
6528,1976.77,0,87,-8.272,0.05,0,9,0,0,1,1,0,0,12,14,0.0465866364431621,150901
6529,1977.14,0,27,-5.126,0.05,0,8,0,0,1,1,0,0,4,9,0.05002170818409434,150928
6530,1982.92,0,400,-20.134,0.05,0,13,0,0,0,0,1,0,26,120,0.045625753450440246,151328
6531,1983.38,0,36,-5.656,0.05,0,8,0,0,1,1,0,0,5,12,0.03604391772144785,151364
6532,1988.71,2,383,-20.318,0.05,2,21,2,0,1,1,0,0,16,41,0.04369341141323002,151747
6533,1992.88,1,293,-18.092,0.05,1,14,1,0,1,1,0,0,11,208,0.049690145441353216,152040
6534,1993.81,0,71,-6.726,0.05,0,11,0,0,1,1,0,0,10,22,0.037943345284692835,152111
6535,1994.08,0,20,-4.416,0.05,0,9,0,0,1,1,0,0,3,8,0.03694400289095938,152131
6536,1998.3,1,290,-17.038,0.05,1,16,1,0,1,1,0,0,25,37,0.04529743872518683,152421
6537,1998.47,0,13,-5.224,0.05,0,5,1,0,1,1,0,0,2,5,0.0446145713615876,152434
6538,1998.76,1,22,-5.364,0.05,1,3,1,0,1,1,0,0,2,6,0.04141845084218816,152456
6539,1999.36,0,44,-6.118,0.05,0,8,1,0,1,1,0,0,6,10,0.05023054964840412,152500
6540,2000.92,0,113,-10.082,0.05,0,8,0,0,1,1,0,0,14,26,0.037985970002425984,152613
6541,2002.55,2,122,-8.652,0.05,2,8,2,0,1,1,0,0,12,11,0.04757781027907842,152735
6542,2003.69,0,87,-8.634,0.05,0,8,0,0,1,1,0,0,7,52,0.04726342187830429,152822
6543,2004.06,0,27,-4.218,0.05,0,11,0,0,1,1,0,0,4,7,0.039358800294360625,152849
6544,2009.62,0,400,-18.934,0.05,0,16,1,0,0,0,1,0,13,88,0.045862131024478,153249
6545,2015.27,0,400,-19.54,0.05,0,14,0,0,0,0,1,0,13,235,0.0449024785857182,153649
6546,2016.66,1,91,-7.002,0.05,1,11,2,0,1,1,0,0,6,8,0.04341680756104844,153740
6547,2022.27,0,400,-19.788,0.05,0,13,0,0,0,0,1,0,34,40,0.049215351078892126,154140
6548,2023.01,0,56,-6.498,0.05,0,9,1,0,1,1,0,0,8,9,0.036039535904170146,154196
6549,2023.76,1,55,-4.83,0.05,1,11,1,0,1,1,0,0,7,20,0.03936632760715755,154251
6550,2024.04,0,20,-4.424,0.05,0,9,0,0,1,1,0,0,3,7,0.05708139198832214,154271
6551,2025.63,0,117,-10.364,0.05,0,8,1,0,1,1,0,0,13,8,0.04961580664524411,154388
6552,2027.85,1,165,-11.942,0.05,1,9,1,0,1,1,0,0,13,16,0.0461489340346871,154553
6553,2028.79,0,69,-6.288,0.05,0,12,0,0,1,1,0,0,9,21,0.04627445614154356,154622
6554,2033.21,1,314,-19.706,0.05,1,13,2,0,1,1,0,0,9,163,0.04444685449918649,154936
6555,2036.33,1,214,-13.734,0.05,1,13,1,0,1,1,0,0,9,31,0.04575932424115104,155150
6556,2036.8,0,34,-4.918,0.05,0,10,0,0,1,1,0,0,5,10,0.03586066788172021,155184
6557,2041.97,0,377,-24.56,0.05,0,11,0,0,1,1,0,0,36,75,0.04446001107673549,155561
6558,2043.16,0,89,-7.768,0.05,0,11,1,0,1,1,0,0,12,23,0.047153228705518704,155650
6559,2048.11,0,336,-22.744,0.05,0,10,0,0,1,1,0,0,18,144,0.04136439711077228,155986
6560,2051.89,0,262,-16.998,0.05,0,15,0,0,1,1,0,0,9,174,0.042956260836306416,156248
6561,2053.63,0,127,-10.89,0.05,0,8,0,0,1,1,0,0,18,13,0.04334241276474919,156375
6562,2058.15,0,331,-23.908,0.05,0,6,0,0,1,1,0,0,7,94,0.04124131891735776,156706
6563,2059.78,1,119,-8.924,0.05,1,10,2,0,1,1,0,0,9,70,0.04487864852358563,156825
6564,2061.94,0,161,-12.904,0.05,0,8,0,0,1,1,0,0,18,16,0.04491981043428275,156986
6565,2062.21,0,20,-4.124,0.05,0,10,0,0,1,1,0,0,3,11,0.04543329649604857,157006
6566,2062.49,0,22,-5.136,0.05,0,7,0,0,1,1,0,0,3,11,0.03516635561192578,157028
6567,2062.88,2,28,-3.196,0.05,2,8,2,0,1,1,0,0,4,10,0.049488221328439455,157056
6568,2066.56,1,270,-18.244,0.05,1,8,2,0,1,1,0,0,23,75,0.04589453305428227,157326
6569,2066.64,0,6,-5.722,0.05,0,2,0,0,1,1,0,0,1,3,0.0692488228281339,157332
6570,2066.83,0,14,-5.284,0.05,0,5,1,0,1,1,0,0,2,6,0.03836921655705997,157346
6571,2072.43,0,400,-20.264,0.05,0,11,0,0,0,0,1,0,20,47,0.045037274945061656,157746
6572,2073.0,0,42,-5.07,0.05,0,11,1,0,1,1,0,0,6,11,0.04525655703175636,157788
6573,2078.59,0,400,-19.36,0.05,0,13,0,0,0,0,1,0,38,99,0.042837460627779364,158188
6574,2078.96,0,27,-5.124,0.05,0,8,0,0,1,1,0,0,4,10,0.038299375903551224,158215
6575,2081.9,1,218,-14.682,0.05,1,10,1,0,1,1,0,0,16,61,0.04473651577547671,158433
6576,2084.28,1,175,-7.966,0.05,1,24,1,0,1,1,0,0,15,47,0.04704388713198049,158608
6577,2085.04,0,55,-8.662,0.05,0,2,0,0,1,1,0,0,1,52,0.04161230583082546,158663
6578,2085.15,0,7,-5.782,0.05,0,2,0,0,1,1,0,0,1,2,0.039890559922371595,158670
6579,2089.32,2,309,-18.098,0.05,2,14,2,0,1,1,0,0,11,95,0.04346530963018729,158979
6580,2094.86,0,400,-18.65,0.05,0,15,0,0,0,0,1,0,36,143,0.04458624553750269,159379
6581,2097.95,0,228,-16.482,0.05,0,9,1,0,1,1,0,0,26,54,0.049488081511012035,159607
6582,2098.42,0,34,-4.598,0.05,0,11,1,0,1,1,0,0,5,11,0.04285861403845689,159641
6583,2099.49,0,78,-8.04,0.05,0,8,0,0,1,1,0,0,11,12,0.039754583595845945,159719
6584,2105.16,0,400,-18.81,0.05,0,16,0,0,0,0,1,0,19,196,0.0444437842303887,160119
6585,2106.11,0,69,-6.918,0.05,0,10,0,0,1,1,0,0,9,15,0.04242599900622947,160188
6586,2109.86,1,275,-17.49,0.05,1,11,1,0,1,1,0,0,26,102,0.04468479966575449,160463
6587,2113.57,0,259,-18.506,0.05,0,8,0,0,1,1,0,0,32,51,0.04376953822096745,160722
6588,2113.94,0,27,-7.282,0.05,0,1,1,0,1,1,0,0,1,24,0.045892116958620374,160749
6589,2118.37,1,325,-19.438,0.05,1,14,2,0,1,1,0,0,44,52,0.041889849832424754,161074
6590,2122.18,0,282,-18.008,0.05,0,14,1,0,1,1,0,0,35,38,0.04200830426503052,161356
6591,2127.77,0,400,-20.618,0.05,0,10,2,0,0,0,1,0,18,40,0.04441725563141517,161756
6592,2129.41,0,120,-8.958,0.05,0,13,1,0,1,1,0,0,14,29,0.04679496845928952,161876
6593,2130.39,0,71,-8.03,0.05,0,7,1,0,1,1,0,0,7,14,0.046042819809116106,161947
6594,2133.26,1,201,-14.504,0.05,1,7,1,0,1,1,0,0,24,36,0.04157915518883226,162148
6595,2133.34,0,5,-5.662,0.05,0,2,0,0,1,1,0,0,1,1,0.0419597465544939,162153
6596,2135.85,1,164,-10.934,0.05,1,12,1,0,1,1,0,0,14,22,0.04149811531746442,162317
6597,2138.76,1,216,-13.834,0.05,1,12,2,0,1,1,0,0,27,43,0.04595712103656734,162533
6598,2144.49,1,400,-17.416,0.05,1,18,1,0,0,0,1,0,9,59,0.04437501563341357,162933
6599,2149.1,0,333,-22.282,0.05,0,10,0,0,1,1,0,0,36,35,0.04251996896931672,163266
6600,2154.53,1,400,-19.048,0.05,1,14,2,0,0,0,1,0,26,179,0.04114342613029294,163666
6601,2155.4,0,63,-7.482,0.05,0,7,0,0,1,1,0,0,9,18,0.04476477149578314,163729
6602,2161.1,0,400,-20.206,0.05,0,12,1,0,0,0,1,0,9,259,0.04299001888954081,164129
6603,2165.2,0,303,-19.612,0.05,0,14,0,0,1,1,0,0,17,187,0.040900049236274195,164432
6604,2170.45,1,387,-23.222,0.05,1,16,1,0,1,1,0,0,9,16,0.04181646399118141,164819
6605,2171.03,0,42,-5.716,0.05,0,9,1,0,1,1,0,0,4,20,0.030986884076680456,164861
6606,2172.93,0,141,-8.682,0.05,0,18,1,0,1,1,0,0,16,45,0.047501621094155816,165002
6607,2176.16,0,226,-15.15,0.05,0,13,1,0,1,1,0,0,20,65,0.040003657526443755,165228
6608,2181.57,0,400,-21.042,0.05,0,12,0,0,0,0,1,0,16,26,0.04390875259996392,165628
6609,2183.18,0,119,-8.128,0.05,0,16,1,0,1,1,0,0,10,14,0.04071465496975584,165747
6610,2183.45,1,21,-3.494,0.05,1,9,1,0,1,1,0,0,3,8,0.03905560284675587,165768
6611,2183.82,0,27,-4.516,0.05,0,10,0,0,1,1,0,0,4,11,0.04680675668296991,165795
6612,2184.95,0,82,-7.732,0.05,0,10,1,0,1,1,0,0,7,42,0.03549193024135581,165877
6613,2190.22,1,387,-23.164,0.05,1,14,2,0,1,1,0,0,41,100,0.04494504604334594,166264
6614,2193.27,0,217,-15.628,0.05,0,10,1,0,1,1,0,0,19,41,0.047145209541278224,166481
6615,2193.98,0,53,-7.23,0.05,0,6,0,0,1,1,0,0,6,13,0.03827085022656423,166534
6616,2194.68,0,51,-5.62,0.05,0,11,0,0,1,1,0,0,6,18,0.04154537031974863,166585
6617,2196.59,2,138,-9.526,0.05,2,8,3,0,1,1,0,0,15,37,0.04454493590806057,166723
6618,2202.06,0,400,-20.732,0.05,0,10,0,0,0,0,1,0,13,199,0.04393810715992004,167123
6619,2202.35,0,21,-4.466,0.05,0,9,1,0,1,1,0,0,3,8,0.03887534722508419,167144
6620,2203.71,0,101,-8.584,0.05,0,11,0,0,1,1,0,0,8,53,0.0407184035342076,167245
6621,2209.15,0,400,-20.602,0.05,0,10,0,0,0,0,1,0,22,204,0.03904341353336349,167645
6622,2214.58,1,400,-20.146,0.05,1,7,1,0,0,0,1,0,37,89,0.04263539936277084,168045
6623,2220.02,0,400,-20.146,0.05,0,10,0,0,0,0,1,0,41,112,0.04212072513415478,168445
6624,2224.95,2,362,-20.87,0.05,2,15,3,0,1,1,0,0,16,45,0.04414919467812702,168807
6625,2230.39,0,400,-20.708,0.05,0,10,1,0,0,0,1,0,16,272,0.040230048712110146,169207
6626,2235.78,0,394,-24.886,0.05,0,14,0,0,1,1,0,0,29,43,0.04076110583441663,169601
6627,2236.92,1,83,-5.574,0.05,1,14,1,0,1,1,0,0,9,36,0.045136914162122344,169684
6628,2237.01,0,6,-5.432,0.05,0,3,0,0,1,1,0,0,1,1,0.07467585522681475,169690
6629,2241.89,1,359,-22.634,0.05,1,12,1,0,1,1,0,0,13,206,0.04366909724486406,170049
6630,2242.28,0,27,-4.518,0.05,0,10,0,0,1,1,0,0,4,12,0.03646690584719181,170076
6631,2247.72,0,400,-18.406,0.05,0,17,1,0,0,0,1,0,24,132,0.04058040782809257,170476
6632,2247.9,0,13,-6.142,0.05,0,2,1,0,1,1,0,0,1,8,0.043107762216375425,170489
6633,2249.87,0,147,-12.08,0.05,0,8,0,0,1,1,0,0,15,27,0.040523365437731045,170636
6634,2250.66,0,57,-6.264,0.05,0,10,1,0,1,1,0,0,8,9,0.05035971404102288,170693
6635,2253.87,0,235,-15.634,0.05,0,13,0,0,1,1,0,0,23,52,0.04234051564510198,170928
6636,2254.24,0,28,-4.886,0.05,0,9,2,0,1,1,0,0,4,10,0.03569784401250737,170956
6637,2254.32,0,5,-5.362,0.05,0,3,0,0,1,1,0,0,1,2,0.04544494096189737,170961
6638,2259.78,0,400,-20.962,0.05,0,8,0,0,0,0,1,0,55,29,0.041774061623727904,171361
6639,2260.59,0,59,-5.51,0.05,0,13,1,0,1,1,0,0,5,30,0.045910481316179544,171420
6640,2260.76,0,12,-5.782,0.05,0,3,1,0,1,1,0,0,1,8,0.029633939110984404,171432
6641,2261.14,0,27,-4.836,0.05,0,9,2,0,1,1,0,0,4,12,0.039609469990763396,171459
6642,2261.22,0,6,-5.44,0.05,0,3,0,0,1,1,0,0,1,1,0.04183491909255584,171465
6643,2265.67,0,327,-21.496,0.05,0,11,0,0,1,1,0,0,40,49,0.04146329634495376,171792
6644,2270.96,0,388,-26.034,0.05,0,8,0,0,1,1,0,0,44,61,0.04099909316018684,172180
6645,2273.53,0,188,-11.298,0.05,0,19,0,0,1,1,0,0,11,92,0.040231122761627935,172368
6646,2274.61,1,80,-7.22,0.05,1,8,2,0,1,1,0,0,8,16,0.0360369767062366,172448
6647,2274.8,0,14,-5.882,0.05,0,3,0,0,1,1,0,0,2,2,0.036991855196122615,172462
6648,2278.04,1,236,-15.664,0.05,1,11,1,0,1,1,0,0,9,138,0.03760652692783308,172698
6649,2281.43,0,249,-17.07,0.05,0,11,0,0,1,1,0,0,26,52,0.038176449142905126,172947
6650,2282.86,1,105,-7.422,0.05,1,12,1,0,1,1,0,0,11,42,0.04444687107489222,173052
6651,2288.39,2,400,-18.316,0.05,2,11,2,0,0,0,1,0,19,179,0.04166097792214714,173452
6652,2292.7,0,317,-20.81,0.05,0,13,0,0,1,1,0,0,15,212,0.040719061550810606,173769
6653,2293.6,0,67,-6.544,0.05,0,11,1,0,1,1,0,0,8,14,0.04068166700038892,173836
6654,2294.52,0,67,-5.99,0.05,0,13,1,0,1,1,0,0,6,33,0.039932476905688866,173903
6655,2299.97,2,400,-17.968,0.05,2,12,2,0,0,0,1,0,21,70,0.04162991946330294,174303
6656,2303.32,0,250,-17.206,0.05,0,11,0,0,1,1,0,0,23,79,0.039527686849236486,174553
6657,2308.8,0,400,-20.598,0.05,0,10,0,0,0,0,1,0,20,208,0.0390048559056595,174953
6658,2313.26,0,329,-23.428,0.05,0,7,0,0,1,1,0,0,10,275,0.03775921367012576,175282
6659,2315.01,0,127,-7.944,0.05,0,18,0,0,1,1,0,0,13,28,0.045159104947499404,175409
6660,2316.04,0,75,-7.014,0.05,0,11,1,0,1,1,0,0,8,18,0.047936500962823626,175484
6661,2316.9,0,63,-6.304,0.05,0,11,0,0,1,1,0,0,8,9,0.03495493884538374,175547
6662,2319.54,2,190,-10.376,0.05,2,16,3,0,1,1,0,0,9,20,0.04150655893363843,175737
6663,2321.75,0,161,-11.836,0.05,0,12,1,0,1,1,0,0,8,29,0.03986295880691976,175898
6664,2323.51,0,132,-8.654,0.05,0,17,1,0,1,1,0,0,7,63,0.040470598780578286,176030
6665,2323.81,0,21,-4.476,0.05,0,9,0,0,1,1,0,0,3,7,0.03556300996847096,176051
6666,2328.03,1,310,-19.8,0.05,1,12,1,0,1,1,0,0,10,28,0.0395660363498234,176361
6667,2328.4,0,27,-3.626,0.05,0,13,0,0,1,1,0,0,4,11,0.043562428956782376,176388
6668,2328.7,0,22,-4.244,0.05,0,10,0,0,1,1,0,0,3,6,0.05070998176763004,176410
6669,2334.39,0,400,-20.99,0.05,0,9,1,0,0,0,1,0,15,75,0.039574999035103246,176810
6670,2338.98,1,335,-19.942,0.05,1,15,2,0,1,1,0,0,29,51,0.042067892365713615,177145
6671,2339.49,0,37,-6.646,0.05,0,5,0,0,1,1,0,0,3,25,0.0429466168169637,177182
6672,2341.03,0,111,-9.39,0.05,0,10,0,0,1,1,0,0,11,42,0.039101173220252666,177293
6673,2346.51,0,400,-21.452,0.05,0,9,0,0,0,0,1,0,32,196,0.03857858894160018,177693
6674,2352.0,0,400,-20.678,0.05,0,10,0,0,0,0,1,0,16,194,0.040009162946371364,178093
6675,2353.4,0,105,-8.748,0.05,0,11,1,0,1,1,0,0,11,34,0.0401769407803104,178198
6676,2358.89,1,400,-20.25,0.05,1,9,1,0,0,0,1,0,41,123,0.038933950572973115,178598
6677,2358.96,0,5,-5.062,0.05,0,4,0,0,1,1,0,0,1,3,0.052962063997983935,178603
6678,2364.39,0,400,-20.202,0.05,0,10,0,0,0,0,1,0,37,94,0.04116448182030581,179003
6679,2367.08,0,195,-14.524,0.05,0,10,1,0,1,1,0,0,7,29,0.04191501739028937,179198
6680,2367.89,1,59,-5.998,0.05,1,8,2,0,1,1,0,0,7,10,0.04326223540988009,179257
6681,2368.82,0,71,-7.61,0.05,0,8,0,0,1,1,0,0,10,21,0.04497317494955701,179328
6682,2374.41,0,400,-21.016,0.05,0,9,1,0,0,0,1,0,13,277,0.041935352269792926,179728
6683,2376.1,0,122,-6.768,0.05,0,21,0,0,1,1,0,0,11,27,0.03548516716319518,179850
6684,2378.98,1,212,-10.284,0.05,1,23,2,0,1,1,0,0,22,58,0.03506424849993497,180062
6685,2382.87,1,282,-18.334,0.05,1,11,2,0,1,1,0,0,13,43,0.04038957977528743,180344
6686,2384.37,0,113,-8.632,0.05,0,13,1,0,1,1,0,0,12,17,0.044767759653813806,180457
6687,2387.33,2,214,-11.23,0.05,2,18,2,0,1,1,0,0,9,85,0.04184645709633897,180671
6688,2392.03,0,345,-23.036,0.05,0,9,0,0,1,1,0,0,43,78,0.04389524052081548,181016
6689,2392.54,0,36,-5.34,0.05,0,9,0,0,1,1,0,0,5,7,0.03993162065226999,181052
6690,2392.82,0,20,-5.316,0.05,0,6,0,0,1,1,0,0,3,10,0.035434990236535666,181072
6691,2398.35,0,400,-19.564,0.05,0,14,1,0,0,0,1,0,13,215,0.03889505835366435,181472
6692,2399.25,0,68,-7.886,0.05,0,7,0,0,1,1,0,0,5,41,0.0391150451511802,181540
6693,2399.72,0,35,-4.36,0.05,0,12,0,0,1,1,0,0,5,11,0.026935772438134466,181575
6694,2401.76,1,148,-8.912,0.05,1,16,1,0,1,1,0,0,7,45,0.042987374359162875,181723
6695,2405.1,0,247,-14.606,0.05,0,20,0,0,1,1,0,0,8,96,0.04102203987636849,181970
6696,2410.56,1,400,-19.206,0.05,1,12,1,0,0,0,1,0,8,320,0.037714250726858155,182370
6697,2415.03,0,330,-21.104,0.05,0,14,0,0,1,1,0,0,23,39,0.03989154018856811,182700
6698,2415.43,0,29,-4.628,0.05,0,10,0,0,1,1,0,0,4,7,0.030667993448803138,182729
6699,2415.52,0,6,-5.422,0.05,0,3,0,0,1,1,0,0,1,3,0.0259683383628726,182735
6700,2417.98,0,179,-12.256,0.05,0,14,0,0,1,1,0,0,14,91,0.03754800508142184,182914
6701,2418.46,1,36,-3.14,0.05,1,13,2,0,1,1,0,0,5,10,0.04189177449896104,182950
6702,2418.68,0,16,-6.594,0.05,0,1,0,0,1,1,0,0,2,6,0.043247771507594734,182966
6703,2422.02,0,246,-17.302,0.05,0,11,1,0,1,1,0,0,7,91,0.036368919682227135,183212
6704,2423.25,0,90,-7.324,0.05,0,13,0,0,1,1,0,0,8,21,0.03778706794190738,183302
6705,2424.91,0,124,-9.918,0.05,0,11,0,0,1,1,0,0,10,24,0.03742227668032771,183426
6706,2425.02,0,8,-5.542,0.05,0,3,0,0,1,1,0,0,1,1,0.0296224073972553,183434
6707,2430.53,0,400,-20.512,0.05,0,10,0,0,0,0,1,0,24,90,0.042361827356508,183834
6708,2431.01,1,35,-2.478,0.05,1,15,2,0,1,1,0,0,5,11,0.042207518459430764,183869
6709,2434.66,0,266,-19.638,0.05,0,7,1,0,1,1,0,0,12,46,0.036815674551867676,184135
6710,2439.2,2,328,-18.74,0.05,2,16,3,0,1,1,0,0,6,32,0.04179005450909821,184463
6711,2441.59,0,173,-12.628,0.05,0,11,0,0,1,1,0,0,19,59,0.03855016073642697,184636
6712,2446.3,0,344,-21.916,0.05,0,15,0,0,1,1,0,0,10,23,0.039429386158549594,184980
6713,2446.59,0,21,-3.584,0.05,0,12,0,0,1,1,0,0,3,7,0.037257428147963116,185001
6714,2452.08,1,400,-15.522,0.05,1,24,2,0,0,0,1,0,13,122,0.04095073785632849,185401
6715,2457.54,0,400,-20.864,0.05,0,9,0,0,0,0,1,0,23,171,0.03650547255761921,185801
6716,2461.08,1,261,-15.582,0.05,1,16,1,0,1,1,0,0,12,43,0.03804158840606781,186062
6717,2466.61,0,400,-19.76,0.05,0,13,2,0,0,0,1,0,16,103,0.040502223041839897,186462
6718,2468.13,1,111,-7.32,0.05,1,14,1,0,1,1,0,0,6,26,0.034812760715549056,186573
6719,2471.93,0,279,-18.448,0.05,0,13,1,0,1,1,0,0,16,29,0.04103755599261665,186852
6720,2472.99,0,77,-7.826,0.05,0,9,0,0,1,1,0,0,4,60,0.04145254949470619,186929
6721,2475.16,1,160,-11.888,0.05,1,8,1,0,1,1,0,0,14,18,0.0393353448875132,187089
6722,2477.5,1,170,-11.818,0.05,1,10,1,0,1,1,0,0,16,34,0.04221886541584835,187259
6723,2478.31,0,59,-6.692,0.05,0,9,0,0,1,1,0,0,6,23,0.03629675039516415,187318
6724,2480.22,1,142,-9.662,0.05,1,12,1,0,1,1,0,0,13,13,0.04112910876758921,187460
6725,2485.64,1,400,-18.552,0.05,1,13,1,0,0,0,1,0,26,210,0.03994257599348203,187860
6726,2488.42,0,201,-13.13,0.05,0,16,0,0,1,1,0,0,6,22,0.03954314716642176,188061
6727,2493.87,0,400,-20.848,0.05,0,9,0,0,0,0,1,0,20,57,0.04144915459677577,188461
6728,2499.36,0,400,-20.096,0.05,0,12,0,0,0,0,1,0,15,103,0.038741130580892784,188861
6729,2504.82,0,400,-19.222,0.05,0,15,0,0,0,0,1,0,12,117,0.039654956983868034,189261
6730,2510.27,0,400,-19.924,0.05,0,13,0,0,0,0,1,0,9,59,0.03853048297343776,189661
6731,2515.76,0,400,-20.654,0.05,0,10,1,0,0,0,1,0,18,216,0.03950202283100225,190061
6732,2521.33,0,400,-21.012,0.05,0,9,1,0,0,0,1,0,13,37,0.03886373102723155,190461
6733,2524.91,0,260,-18.06,0.05,0,11,0,0,1,1,0,0,11,33,0.03842084328285777,190721
6734,2530.38,1,400,-19.422,0.05,1,11,1,0,0,0,1,0,13,129,0.03416714622755535,191121
6735,2530.89,1,37,-5.3,0.05,1,6,1,0,1,1,0,0,5,8,0.04160873750476418,191158
6736,2535.29,0,322,-20.83,0.05,0,12,1,0,1,1,0,0,35,67,0.038401392916136465,191480
6737,2536.19,0,65,-6.806,0.05,0,10,0,0,1,1,0,0,4,41,0.038435265565147765,191545
6738,2540.42,1,309,-17.034,0.05,1,21,1,0,1,1,0,0,9,33,0.03998645362790831,191854
6739,2541.02,1,44,-3.928,0.05,1,12,2,0,1,1,0,0,5,11,0.03816371795255691,191898
6740,2542.07,0,75,-6.704,0.05,0,12,0,0,1,1,0,0,7,32,0.04439703948795795,191973
6741,2543.07,0,72,-7.416,0.05,0,9,0,0,1,1,0,0,10,18,0.03843919864286565,192045
6742,2543.86,0,58,-5.732,0.05,0,12,0,0,1,1,0,0,7,25,0.04229270627497342,192103
6743,2545.54,0,124,-9.09,0.05,0,14,0,0,1,1,0,0,6,81,0.03956873430645153,192227
6744,2551.01,1,400,-18.262,0.05,1,15,1,0,0,0,1,0,11,89,0.03713951522950083,192627
6745,2556.48,1,400,-19.364,0.05,1,11,1,0,0,0,1,0,14,168,0.03788330516545102,193027
6746,2556.85,0,27,-4.498,0.05,0,10,0,0,1,1,0,0,4,9,0.03387553831217466,193054
6747,2562.34,3,400,-16.804,0.05,3,13,3,0,0,0,1,0,14,67,0.03828967943787575,193454
6748,2565.59,0,239,-16.218,0.05,0,13,0,0,1,1,0,0,10,69,0.03696325770092185,193693
6749,2566.02,0,31,-5.694,0.05,0,7,0,0,1,1,0,0,3,16,0.036862417094169125,193724
6750,2571.52,1,400,-19.054,0.05,1,12,2,0,0,0,1,0,18,222,0.037799259095918386,194124
6751,2575.98,0,325,-18.36,0.05,0,23,2,0,1,1,0,0,10,93,0.038912949516223025,194449
6752,2576.75,0,57,-4.172,0.05,0,17,1,0,1,1,0,0,6,23,0.04001279243905293,194506
6753,2582.2,1,400,-16.342,0.05,1,21,4,0,0,0,1,0,17,64,0.04134829819435254,194906
6754,2582.48,0,20,-4.416,0.05,0,9,1,0,1,1,0,0,3,8,0.024561609560623764,194926
6755,2583.41,0,67,-5.598,0.05,0,14,1,0,1,1,0,0,9,13,0.03767811889245884,194993
6756,2583.5,0,6,-6.04,0.05,0,1,0,0,1,1,0,0,1,1,0.05494920692096154,194999
6757,2584.36,0,63,-5.112,0.05,0,15,2,0,1,1,0,0,6,33,0.03154385420272038,195062
6758,2589.84,0,400,-20.14,0.05,0,12,0,0,0,0,1,0,12,72,0.03926414053654298,195462
6759,2590.23,1,28,-3.258,0.05,1,11,1,0,1,1,0,0,4,12,0.0387326055372666,195490
6760,2590.31,0,6,-5.432,0.05,0,3,0,0,1,1,0,0,1,1,0.0361730819568038,195496
6761,2592.74,0,179,-13.736,0.05,0,9,0,0,1,1,0,0,14,20,0.036760900637873725,195675
6762,2593.02,0,20,-5.332,0.05,0,6,0,0,1,1,0,0,3,6,0.04940130822360515,195695
6763,2598.51,0,400,-20.326,0.05,0,11,0,0,0,0,1,0,18,102,0.03738694113795646,196095
6764,2603.98,0,400,-19.74,0.05,0,13,2,0,0,0,1,0,15,128,0.036935393868479875,196495
6765,2604.27,0,21,-4.484,0.05,0,9,1,0,1,1,0,0,3,8,0.039957301247687566,196516
6766,2609.76,0,400,-22.34,0.05,0,6,0,0,0,0,1,0,13,88,0.03973509081755765,196916
6767,2611.69,1,138,-10.388,0.05,1,9,1,0,1,1,0,0,10,14,0.037531130903305995,197054
6768,2617.14,0,400,-20.386,0.05,0,11,0,0,0,0,1,0,16,33,0.03870365125476383,197454
6769,2617.43,0,21,-3.894,0.05,0,11,0,0,1,1,0,0,3,6,0.03681563679128885,197475
6770,2618.87,0,105,-8.016,0.05,0,14,2,0,1,1,0,0,3,64,0.03995774867722676,197580
6771,2624.37,1,400,-18.314,0.05,1,15,2,0,0,0,1,0,9,44,0.03695186498574912,197980
6772,2625.27,1,65,-6.324,0.05,1,8,1,0,1,1,0,0,8,16,0.0383861544685295,198045
6773,2626.56,0,93,-8.552,0.05,0,9,0,0,1,1,0,0,12,31,0.039849840505148774,198138
6774,2626.74,0,13,-5.214,0.05,0,5,0,0,1,1,0,0,2,7,0.03292710470178953,198151
6775,2632.22,0,400,-20.312,0.05,0,11,0,0,0,0,1,0,18,34,0.03722849712008611,198551
6776,2632.62,0,29,-4.946,0.05,0,9,0,0,1,1,0,0,4,10,0.029329734244223298,198580
6777,2632.8,0,13,-5.532,0.05,0,4,0,0,1,1,0,0,2,7,0.03491459056161917,198593
6778,2638.28,0,400,-19.56,0.05,0,14,0,0,0,0,1,0,10,122,0.03433828221168369,198993
6779,2643.79,0,400,-20.818,0.05,0,10,0,0,0,0,1,0,9,102,0.037874576387694106,199393
6780,2649.28,0,400,-21.996,0.05,0,6,0,0,0,0,1,0,9,41,0.040497067217947914,199793
6781,2654.78,0,400,-18.624,0.05,0,17,1,0,0,0,1,0,14,263,0.037378955574240535,200000
6782,2656.34,1,113,-5.93,0.05,1,19,1,0,1,1,0,0,7,26,0.03530054497821009,200000
6783,2656.52,0,13,-5.224,0.05,0,5,0,0,1,1,0,0,2,8,0.03159431357366534,200000
6784,2662.02,1,400,-20.142,0.05,1,9,2,0,0,0,1,0,8,98,0.03927155297249556,200000
6785,2662.4,0,28,-4.568,0.05,0,10,1,0,1,1,0,0,4,12,0.03627552807198039,200000
6786,2662.87,0,35,-4.97,0.05,0,10,0,0,1,1,0,0,5,11,0.03130544059510742,200000
6787,2668.33,0,400,-19.942,0.05,0,13,1,0,0,0,1,0,7,45,0.03838753805262968,200000
6788,2668.65,0,23,-4.904,0.05,0,8,0,0,1,1,0,0,3,10,0.03314453084021807,200000
6789,2668.92,1,21,-3.474,0.05,1,9,2,0,1,1,0,0,3,8,0.0425577936694026,200000
6790,2674.41,0,400,-20.196,0.05,0,12,0,0,0,0,1,0,10,46,0.03377868557930924,200000
6791,2679.93,1,400,-18.85,0.05,1,13,2,0,0,0,1,0,11,32,0.03662601973861456,200000
6792,2681.07,0,82,-8.278,0.05,0,8,0,0,1,1,0,0,11,27,0.041594547094640937,200000
6793,2685.19,0,303,-20.948,0.05,0,10,0,0,1,1,0,0,10,247,0.03455945686975082,200000
6794,2686.52,0,96,-8.368,0.05,0,11,0,0,1,1,0,0,4,20,0.03568645484241036,200000
6795,2692.02,2,400,-17.014,0.05,2,16,3,0,0,0,1,0,9,105,0.03717730503994972,200000
6796,2697.51,1,400,-19.17,0.05,1,12,2,0,0,0,1,0,11,33,0.03530770918703638,200000
6797,2697.86,0,27,-4.534,0.05,0,10,0,0,1,1,0,0,4,9,0.0346916424524453,200000
6798,2699.94,0,151,-11.21,0.05,0,12,1,0,1,1,0,0,12,63,0.0360980017160047,200000
6799,2705.44,1,400,-19.58,0.05,1,11,2,0,0,0,1,0,7,18,0.03901367327664047,200000
6800,2708.69,0,235,-17.094,0.05,0,9,0,0,1,1,0,0,13,114,0.03825849843746487,200000
6801,2714.1,1,400,-19.844,0.05,1,10,1,0,0,0,1,0,8,48,0.03859358053770848,200000
6802,2719.59,0,400,-20.27,0.05,0,12,0,0,0,0,1,0,7,190,0.032506953675765546,200000
6803,2725.09,1,400,-16.886,0.05,1,19,1,0,0,0,1,0,19,88,0.03374995583668351,200000
6804,2730.61,0,400,-20.87,0.05,0,10,2,0,0,0,1,0,7,289,0.03529692103154957,200000
6805,2736.1,2,400,-18.188,0.05,2,12,3,0,0,0,1,0,9,117,0.0381634558911901,200000
6806,2739.4,0,241,-14.946,0.05,0,17,0,0,1,1,0,0,18,42,0.035771423046519646,200000
6807,2744.88,0,400,-21.966,0.05,0,6,0,0,0,0,1,0,12,21,0.036691034784307706,200000
6808,2750.39,0,400,-20.272,0.05,0,12,1,0,0,0,1,0,7,55,0.037964945421554146,200000
6809,2755.88,0,400,-22.034,0.05,0,6,0,0,0,0,1,0,8,11,0.03564610723522492,200000
6810,2760.62,0,344,-22.942,0.05,0,11,0,0,1,1,0,0,20,49,0.03742956681458583,200000
6811,2766.11,0,400,-19.46,0.05,0,14,0,0,0,0,1,0,16,50,0.03365052459645085,200000
6812,2771.62,1,400,-20.162,0.05,1,9,1,0,0,0,1,0,9,45,0.035627129471395166,200000
6813,2777.13,0,400,-20.42,0.05,0,11,0,0,0,0,1,0,15,245,0.034441828697454185,200000
6814,2782.62,1,400,-18.252,0.05,1,15,1,0,0,0,1,0,12,144,0.03332771767163649,200000
6815,2783.22,0,43,-5.75,0.05,0,9,0,0,1,1,0,0,6,15,0.03529170295223594,200000
6816,2784.14,0,69,-7.064,0.05,0,10,1,0,1,1,0,0,4,47,0.030793561067000246,200000
6817,2785.49,1,98,-7.73,0.05,1,10,2,0,1,1,0,0,5,55,0.03468723725337459,200000
6818,2788.12,0,190,-13.88,0.05,0,11,0,0,1,1,0,0,10,117,0.03486102405494373,200000
6819,2793.63,0,400,-20.758,0.05,0,10,2,0,0,0,1,0,11,20,0.037675725920125844,200000
6820,2796.38,1,202,-11.904,0.05,1,16,1,0,1,1,0,0,19,53,0.04020644563462327,200000
6821,2801.86,1,400,-18.278,0.05,1,15,1,0,0,0,1,0,11,70,0.03660627865465358,200000
6822,2803.56,1,122,-8.37,0.05,1,12,2,0,1,1,0,0,15,25,0.0331207146967349,200000
6823,2809.08,0,400,-20.642,0.05,0,10,0,0,0,0,1,0,19,38,0.033281974940327926,200000
6824,2809.94,1,62,-5.834,0.05,1,9,1,0,1,1,0,0,9,13,0.02929664146335375,200000
6825,2815.45,0,400,-21.108,0.05,0,9,1,0,0,0,1,0,10,88,0.03611785773653537,200000
6826,2815.62,0,13,-4.914,0.05,0,6,0,0,1,1,0,0,2,5,0.02795148741167325,200000
6827,2816.14,0,37,-4.5,0.05,0,12,0,0,1,1,0,0,5,10,0.02882273034570185,200000
6828,2821.66,0,400,-19.21,0.05,0,15,1,0,0,0,1,0,15,29,0.03095790368737653,200000
6829,2827.16,0,400,-21.516,0.05,0,8,2,0,0,0,1,0,4,68,0.0319424605066888,200000
6830,2832.64,0,400,-20.728,0.05,0,9,0,0,0,0,1,0,24,96,0.03431462667649612,200000
6831,2832.72,0,6,-5.722,0.05,0,2,1,0,1,1,0,0,1,3,0.022932261771832902,200000
6832,2834.84,1,155,-11.432,0.05,1,9,1,0,1,1,0,0,6,101,0.034305760099162017,200000
6833,2835.34,0,36,-4.738,0.05,0,11,1,0,1,1,0,0,5,12,0.030271759644771617,200000
6834,2840.85,4,400,-16.814,0.05,4,10,4,0,0,0,1,0,10,39,0.035027418963145464,200000
6835,2846.34,0,400,-19.578,0.05,0,14,0,0,0,0,1,0,10,92,0.035317300425376744,200000
6836,2851.81,0,400,-20.762,0.05,0,10,3,0,0,0,1,0,13,112,0.03343318240600638,200000
6837,2857.34,0,400,-20.432,0.05,0,12,1,0,0,0,1,0,28,57,0.032029207731829955,200000
6838,2862.84,2,400,-17.624,0.05,2,14,2,0,0,0,1,0,9,83,0.03254133309936151,200000
6839,2868.37,2,400,-16.882,0.05,2,16,2,0,0,0,1,0,17,97,0.03312638720846735,200000
6840,2873.9,0,400,-19.496,0.05,0,14,1,0,0,0,1,0,16,33,0.03281559959053993,200000
6841,2876.27,0,173,-14.522,0.05,0,6,0,0,1,1,0,0,2,158,0.031011028452157287,200000
6842,2881.79,0,400,-20.406,0.05,0,11,1,0,0,0,1,0,17,40,0.03490928309503943,200000
6843,2883.89,0,151,-11.556,0.05,0,11,0,0,1,1,0,0,8,62,0.03481692681397429,200000
6844,2885.65,0,130,-8.728,0.05,0,16,0,0,1,1,0,0,11,34,0.02925214166752994,200000
6845,2885.94,0,20,-3.806,0.05,0,11,2,0,1,1,0,0,3,7,0.050174423260614276,200000
6846,2890.45,2,330,-20.594,0.05,2,10,2,0,1,1,0,0,9,124,0.03171656236870948,200000
6847,2890.63,0,14,-4.692,0.05,0,7,0,0,1,1,0,0,2,2,0.02646594780630299,200000
6848,2896.1,0,400,-21.162,0.05,0,9,1,0,0,0,1,0,8,22,0.03103304612683132,200000
6849,2901.03,0,361,-24.154,0.05,0,11,1,0,1,1,0,0,8,57,0.03567920566905403,200000
6850,2906.52,1,400,-19.486,0.05,1,11,1,0,0,0,1,0,10,18,0.033014630035031585,200000
6851,2912.03,0,400,-19.442,0.05,0,14,0,0,0,0,1,0,18,67,0.03163573142257519,200000
6852,2917.52,1,400,-15.898,0.05,1,22,3,0,0,0,1,0,28,134,0.03319421396125108,200000
6853,2922.13,1,336,-21.248,0.05,1,12,1,0,1,1,0,0,14,109,0.03270368830583591,200000
6854,2924.04,0,139,-9.88,0.05,0,14,0,0,1,1,0,0,12,31,0.028006461639922084,200000
6855,2926.13,1,155,-10.176,0.05,1,13,1,0,1,1,0,0,10,43,0.03029506494621596,200000
6856,2931.62,0,400,-20.806,0.05,0,10,1,0,0,0,1,0,8,52,0.03217050573555753,200000
6857,2937.11,0,400,-19.594,0.05,0,14,1,0,0,0,1,0,9,255,0.03359593505389057,200000
6858,2940.99,0,281,-16.144,0.05,0,21,2,0,1,1,0,0,20,30,0.03339357497137424,200000
6859,2941.38,0,29,-4.628,0.05,0,10,0,0,1,1,0,0,4,11,0.03709647120458299,200000
6860,2946.92,1,400,-18.268,0.05,1,15,2,0,0,0,1,0,10,125,0.031020121873589233,200000
6861,2952.41,0,400,-20.56,0.05,0,11,2,0,0,0,1,0,7,84,0.03130139619694092,200000
6862,2952.8,0,28,-4.576,0.05,0,10,1,0,1,1,0,0,4,8,0.03156996036081442,200000
6863,2958.33,0,400,-18.314,0.05,0,18,1,0,0,0,1,0,16,174,0.02942744002561085,200000
6864,2963.84,0,400,-19.286,0.05,0,15,0,0,0,0,1,0,10,79,0.029903571164468304,200000
6865,2964.13,0,21,-4.494,0.05,0,9,0,0,1,1,0,0,3,10,0.031104421309594597,200000
6866,2967.8,1,269,-17.908,0.05,1,10,1,0,1,1,0,0,10,36,0.03252773117239424,200000
6867,2971.15,0,243,-13.484,0.05,0,23,0,0,1,1,0,0,9,80,0.030509598169920375,200000
6868,2976.62,0,400,-19.004,0.05,0,16,0,0,0,0,1,0,10,34,0.03140520078013651,200000
6869,2979.31,0,193,-13.912,0.05,0,11,1,0,1,1,0,0,18,52,0.031266714204971346,200000
6870,2984.82,1,400,-17.996,0.05,1,16,2,0,0,0,1,0,9,21,0.030434652854455634,200000
6871,2990.31,0,400,-19.54,0.05,0,14,1,0,0,0,1,0,14,188,0.031617806976428256,200000
6872,2994.02,0,271,-18.104,0.05,0,13,0,0,1,1,0,0,13,86,0.030267297797166224,200000
6873,2999.52,0,400,-18.576,0.05,0,17,0,0,0,0,1,0,19,173,0.02847611194709316,200000
6874,3005.01,0,400,-20.834,0.05,0,11,1,0,0,0,1,0,26,65,0.029482039808062837,200000
6875,3005.29,0,21,-5.676,0.05,0,5,0,0,1,1,0,0,3,8,0.022939290363518966,200000
6876,3010.78,0,400,-20.396,0.05,0,11,0,0,0,0,1,0,15,153,0.03394633570220321,200000
6877,3010.98,0,14,-5.284,0.05,0,5,0,0,1,1,0,0,2,6,0.021565048755811795,200000
6878,3011.59,1,44,-4.218,0.05,1,11,1,0,1,1,0,0,6,9,0.0331217690624974,200000
6879,3012.13,0,39,-5.22,0.05,0,10,3,0,1,1,0,0,5,10,0.028322783692811545,200000
6880,3012.52,0,28,-4.586,0.05,0,10,0,0,1,1,0,0,4,8,0.025525774474122694,200000
6881,3014.36,0,135,-10.802,0.05,0,10,0,0,1,1,0,0,12,44,0.02888462614544012,200000
6882,3019.87,2,400,-17.408,0.05,2,15,2,0,0,0,1,0,4,10,0.0278256486490136,200000
6883,3019.97,0,7,-5.792,0.05,0,2,1,0,1,1,0,0,1,2,0.017169117661459104,200000
6884,3025.45,0,400,-16.862,0.05,0,23,0,0,0,0,1,0,12,77,0.03180512582184747,200000
6885,3030.91,2,400,-16.984,0.05,2,18,2,0,0,0,1,0,20,29,0.031026793302735313,200000
6886,3036.4,0,400,-20.494,0.05,0,11,0,0,0,0,1,0,13,118,0.0306238627852872,200000
6887,3037.29,0,63,-5.75,0.05,0,13,2,0,1,1,0,0,6,32,0.035345240858279996,200000
6888,3042.79,1,400,-17.976,0.05,1,16,1,0,0,0,1,0,12,159,0.028936378492508085,200000
6889,3044.62,0,133,-8.658,0.05,0,17,3,0,1,1,0,0,10,42,0.028716652391520433,200000
6890,3050.14,2,400,-15.234,0.05,2,22,3,0,0,0,1,0,8,54,0.03130984329851344,200000
6891,3055.67,0,400,-20.278,0.05,0,11,1,0,0,0,1,0,22,52,0.03077150580123998,200000
6892,3059.89,1,304,-15.908,0.05,1,23,2,0,1,1,0,0,20,54,0.03267204551957548,200000
6893,3063.49,0,261,-15.982,0.05,0,18,0,0,1,1,0,0,14,25,0.029415844081476388,200000
6894,3068.99,0,400,-20.374,0.05,0,11,0,0,0,0,1,0,14,170,0.02977038322482258,200000
6895,3070.43,0,105,-8.614,0.05,0,12,1,0,1,1,0,0,4,77,0.028756224621264707,200000
6896,3071.96,1,111,-5.656,0.05,1,19,2,0,1,1,0,0,15,18,0.029710386888132437,200000
6897,3074.89,0,214,-15.316,0.05,0,11,1,0,1,1,0,0,10,30,0.028336522352194117,200000
6898,3080.37,0,400,-19.648,0.05,0,14,0,0,0,0,1,0,8,18,0.030295829107053578,200000
6899,3085.89,0,400,-21.33,0.05,0,8,1,0,0,0,1,0,13,185,0.029166005908627994,200000
6900,3086.37,0,35,-5.878,0.05,0,7,0,0,1,1,0,0,5,10,0.02833471634824361,200000
6901,3087.31,1,68,-4.396,0.05,1,15,3,0,1,1,0,0,9,11,0.03494304647628108,200000
6902,3092.49,1,379,-22.03,0.05,1,18,1,0,1,1,0,0,15,135,0.02906944503943807,200000
6903,3098.0,1,400,-19.578,0.05,1,11,1,0,0,0,1,0,7,199,0.02918350699241273,200000
6904,3103.52,0,400,-19.478,0.05,0,16,1,0,0,0,1,0,18,47,0.029641299020731822,200000
6905,3109.0,0,400,-18.78,0.05,0,17,0,0,0,0,1,0,6,67,0.029380100844427944,200000
6906,3110.35,0,98,-8.394,0.05,0,11,0,0,1,1,0,0,10,47,0.030419742346418147,200000
6907,3115.6,0,380,-25.698,0.05,0,10,1,0,1,1,0,0,4,326,0.02799728437890544,200000
6908,3116.38,1,58,-3.494,0.05,1,16,2,0,1,1,0,0,8,14,0.026582969031457244,200000
6909,3121.91,1,400,-18.036,0.05,1,15,2,0,0,0,1,0,27,218,0.030813724143663422,200000
6910,3127.42,1,400,-16.99,0.05,1,19,3,0,0,0,1,0,16,68,0.02529096084064804,200000
6911,3132.94,1,400,-16.982,0.05,1,20,2,0,0,0,1,0,23,154,0.027970993260387333,200000
6912,3133.04,0,7,-5.5,0.05,0,3,0,0,1,1,0,0,1,2,0.03061681879418237,200000
6913,3133.65,0,43,-4.822,0.05,0,12,0,0,1,1,0,0,6,13,0.023406829749948756,200000
6914,3133.94,0,21,-4.176,0.05,0,10,1,0,1,1,0,0,3,10,0.04202655529869454,200000
6915,3134.05,0,8,-5.852,0.05,0,2,0,0,1,1,0,0,1,1,0.022237355238758028,200000
6916,3134.15,0,7,-5.79,0.05,0,2,0,0,1,1,0,0,1,0,0.025253540703228543,200000
6917,3135.47,0,97,-6.524,0.05,0,17,0,0,1,1,0,0,9,39,0.027263817218967628,200000
6918,3135.77,0,22,-3.956,0.05,0,11,0,0,1,1,0,0,3,3,0.022639772727746855,200000
6919,3138.42,0,193,-10.728,0.05,0,22,2,0,1,1,0,0,10,22,0.030151312806465002,200000
6920,3143.92,0,400,-16.794,0.05,0,22,0,0,0,0,1,0,38,56,0.02657461342692841,200000
6921,3145.48,0,114,-8.654,0.05,0,13,0,0,1,1,0,0,15,20,0.03082106171559804,200000
6922,3148.9,1,248,-15.108,0.05,1,15,2,0,1,1,0,0,15,75,0.0287799125127945,200000
6923,3154.42,0,400,-19.58,0.05,0,14,0,0,0,0,1,0,11,169,0.02912665970623493,200000
6924,3156.56,0,158,-11.232,0.05,0,13,1,0,1,1,0,0,19,35,0.02638124158499833,200000
6925,3160.77,0,302,-21.404,0.05,0,8,0,0,1,1,0,0,17,53,0.03322991676357211,200000
6926,3162.34,0,116,-8.648,0.05,0,14,0,0,1,1,0,0,6,32,0.02482656985200171,200000
6927,3165.01,1,192,-11.488,0.05,1,16,3,0,1,1,0,0,13,51,0.029483001191692892,200000
6928,3170.5,2,400,-18.808,0.05,2,10,2,0,0,0,1,0,11,158,0.02801732547348365,200000
6929,3174.23,1,272,-14.808,0.05,1,21,1,0,1,1,0,0,11,21,0.028778696497765315,200000
6930,3179.74,0,400,-19.612,0.05,0,14,2,0,0,0,1,0,9,83,0.02825864774058573,200000
6931,3180.29,0,40,-4.696,0.05,0,12,0,0,1,1,0,0,5,6,0.025837862095795572,200000
6932,3180.5,0,15,-4.444,0.05,0,8,0,0,1,1,0,0,2,3,0.02054537363971273,200000
6933,3181.23,0,54,-5.782,0.05,0,11,1,0,1,1,0,0,7,12,0.02978138359160059,200000
6934,3181.73,0,36,-4.73,0.05,0,11,0,0,1,1,0,0,5,11,0.032213807300043605,200000
6935,3181.92,0,13,-4.914,0.05,0,6,0,0,1,1,0,0,2,6,0.02843598326524863,200000
6936,3185.62,0,269,-17.96,0.05,0,13,1,0,1,1,0,0,13,180,0.026558628783571677,200000
6937,3186.25,1,47,-4.688,0.05,1,10,2,0,1,1,0,0,6,11,0.025477568420799488,200000
6938,3186.32,0,5,-5.362,0.05,0,3,0,0,1,1,0,0,1,3,0.06529088653624057,200000
6939,3190.98,1,337,-18.988,0.05,1,19,2,0,1,1,0,0,25,122,0.0278822073853887,200000
6940,3191.17,0,14,-4.384,0.05,0,8,1,0,1,1,0,0,2,2,0.02849003449747605,200000
6941,3192.88,1,124,-7.696,0.05,1,15,1,0,1,1,0,0,11,21,0.02777979365219512,200000
6942,3195.67,0,205,-13.34,0.05,0,16,1,0,1,1,0,0,7,48,0.026965171975515238,200000
6943,3195.76,0,6,-5.73,0.05,0,2,0,0,1,1,0,0,1,1,0.023425378215809662,200000
6944,3199.4,1,266,-18.112,0.05,1,8,1,0,1,1,0,0,22,68,0.02923024425990319,200000
6945,3201.18,0,128,-8.6,0.05,0,16,0,0,1,1,0,0,13,40,0.028295055195485475,200000
6946,3202.86,1,121,-7.012,0.05,1,17,1,0,1,1,0,0,7,38,0.02714956527160219,200000
6947,3205.59,0,199,-9.926,0.05,0,26,0,0,1,1,0,0,8,15,0.027461054098403933,200000
6948,3211.11,0,400,-18.96,0.05,0,16,1,0,0,0,1,0,13,119,0.028340204670093953,200000
6949,3211.87,0,58,-7.276,0.05,0,7,1,0,1,1,0,0,4,38,0.029945273466151338,200000
6950,3217.38,0,400,-19.788,0.05,0,16,1,0,0,0,1,0,12,24,0.02594263316714205,200000
6951,3217.81,0,31,-4.456,0.05,0,11,0,0,1,1,0,0,4,7,0.032599430305943373,200000
6952,3223.29,1,400,-16.294,0.05,1,21,1,0,0,0,1,0,18,43,0.028995543773053214,200000
6953,3223.94,1,47,-5.046,0.05,1,9,1,0,1,1,0,0,3,29,0.030059150747082968,200000
6954,3226.53,0,189,-10.584,0.05,0,21,1,0,1,1,0,0,22,39,0.024031350454414097,200000
6955,3228.33,0,130,-7.896,0.05,0,19,2,0,1,1,0,0,9,57,0.02583739788701328,200000
6956,3230.26,1,138,-7.976,0.05,1,17,2,0,1,1,0,0,9,63,0.02572583142782737,200000
6957,3235.73,0,400,-19.344,0.05,0,15,0,0,0,0,1,0,9,47,0.027360135182971135,200000
6958,3236.8,2,78,-5.532,0.05,2,10,3,0,1,1,0,0,8,6,0.026373980829539973,200000
6959,3242.31,0,400,-20.67,0.05,0,10,0,0,0,0,1,0,19,58,0.03050425242865458,200000
6960,3242.81,0,36,-3.838,0.05,0,14,1,0,1,1,0,0,5,13,0.029352602613572445,200000
6961,3243.0,0,13,-5.532,0.05,0,4,1,0,1,1,0,0,2,7,0.027268226330096904,200000
6962,3248.49,0,400,-20.756,0.05,0,10,0,0,0,0,1,0,12,95,0.025300908578792587,200000
6963,3250.18,1,122,-6.79,0.05,1,18,1,0,1,1,0,0,6,85,0.02731106792133851,200000
6964,3255.65,1,400,-16.45,0.05,1,20,1,0,0,0,1,0,27,129,0.028973528800997884,200000
6965,3261.13,1,400,-16.476,0.05,1,21,1,0,0,0,1,0,10,20,0.025813806028454563,200000
6966,3266.65,0,400,-19.526,0.05,0,14,1,0,0,0,1,0,16,120,0.024688993537565693,200000
6967,3268.1,0,104,-7.318,0.05,0,16,0,0,1,1,0,0,5,75,0.03086659396873214,200000
6968,3269.86,1,126,-5.63,0.05,1,22,1,0,1,1,0,0,16,13,0.025745683534455204,200000
6969,3270.84,0,72,-6.796,0.05,0,11,0,0,1,1,0,0,9,21,0.023363432445977297,200000
6970,3275.01,1,302,-16.47,0.05,1,20,1,0,1,1,0,0,33,67,0.026072241052898844,200000
6971,3277.14,1,155,-9.312,0.05,1,16,1,0,1,1,0,0,8,51,0.027779277741548515,200000
6972,3277.53,0,28,-7.05,0.05,0,2,1,0,1,1,0,0,2,20,0.0292754720929744,200000
6973,3283.04,0,400,-20.774,0.05,0,10,0,0,0,0,1,0,12,67,0.027536057480610908,200000
6974,3284.13,1,79,-6.478,0.05,1,10,1,0,1,1,0,0,11,24,0.029738982373117645,200000
6975,3287.46,0,243,-13.754,0.05,0,22,0,0,1,1,0,0,9,76,0.025028386504922076,200000
6976,3291.54,0,297,-19.828,0.05,0,12,1,0,1,1,0,0,21,70,0.027497985542936858,200000
6977,3297.06,2,400,-14.856,0.05,2,23,2,0,0,0,1,0,12,138,0.022445267083239743,200000
6978,3298.13,1,77,-5.906,0.05,1,12,1,0,1,1,0,0,5,27,0.031282831515584676,200000
6979,3303.67,2,400,-15.146,0.05,2,21,2,0,0,0,1,0,31,38,0.027431636032415555,200000
6980,3304.07,0,29,-5.238,0.05,0,8,1,0,1,1,0,0,4,12,0.024760371122252326,200000
6981,3307.75,0,268,-17.854,0.05,0,13,0,0,1,1,0,0,18,142,0.024287794353509907,200000
6982,3308.51,0,55,-4.988,0.05,0,14,1,0,1,1,0,0,6,7,0.024092786039479754,200000
6983,3311.39,0,208,-11.412,0.05,0,23,1,0,1,1,0,0,8,25,0.030932235630014196,200000
6984,3316.89,1,400,-17.55,0.05,1,16,2,0,0,0,1,0,34,68,0.028126364204799758,200000
6985,3322.41,1,400,-16.488,0.05,1,21,1,0,0,0,1,0,11,77,0.029889569440856575,200000
6986,3327.94,0,400,-19.286,0.05,0,15,0,0,0,0,1,0,11,78,0.028068723157048225,200000
6987,3332.11,1,303,-15.962,0.05,1,22,3,0,1,1,0,0,32,61,0.02750899422631012,200000
6988,3337.58,0,400,-19.546,0.05,0,14,0,0,0,0,1,0,14,22,0.026381959124701097,200000
6989,3339.29,1,123,-7.96,0.05,1,14,2,0,1,1,0,0,11,18,0.02645915298821117,200000
6990,3340.25,0,69,-7.3,0.05,0,9,0,0,1,1,0,0,7,14,0.033624076999831894,200000
6991,3340.89,1,46,-5.266,0.05,1,8,1,0,1,1,0,0,3,32,0.03035441824518468,200000
6992,3346.39,1,400,-18.7,0.05,1,13,3,0,0,0,1,0,20,44,0.025850301923928783,200000
6993,3346.67,0,21,-3.886,0.05,0,11,2,0,1,1,0,0,3,5,0.03301156933108965,200000
6994,3348.26,0,114,-7.386,0.05,0,17,0,0,1,1,0,0,16,26,0.027584868961160903,200000
6995,3350.27,0,145,-11.906,0.05,0,9,1,0,1,1,0,0,4,123,0.028816035627548038,200000
6996,3352.84,0,188,-12.828,0.05,0,14,0,0,1,1,0,0,10,94,0.026264108318657158,200000
6997,3353.11,0,20,-4.434,0.05,0,9,0,0,1,1,0,0,3,7,0.016674871766008438,200000
6998,3353.98,1,63,-3.8,0.05,1,16,1,0,1,1,0,0,8,13,0.025943044735680498,200000
6999,3354.26,0,20,-5.024,0.05,0,7,1,0,1,1,0,0,3,5,0.02876377513166517,200000
7000,3354.85,0,42,-4.798,0.05,0,12,0,0,1,1,0,0,6,12,0.030522926200536035,200000
