episode,wall_clock_s,score,steps,reward,epsilon,COIN_COLLECTED,CRATE_DESTROYED,COIN_FOUND,KILLED_OPPONENT,KILLED_SELF,GOT_KILLED,SURVIVED_ROUND,INVALID_ACTION,BOMB_DROPPED,WAITED,td_error
1,0.1,1,63,9.0,0.2,1,19,1,0,1,1,0,3,7,7,0.5915915274311042
2,0.11,0,5,-3.8,0.1999,0,2,0,0,1,1,0,0,1,3,1.1624525811456214
3,0.13,0,15,-1.7,0.1998,0,7,0,0,1,1,0,2,2,2,1.2171377022414605
4,0.14,0,14,-5.7,0.1997,0,4,0,0,1,1,0,3,2,3,0.5060551423342797
5,0.16,1,19,6.7,0.1996,1,11,2,0,1,1,0,2,3,4,1.2450966477357177
6,0.2,1,43,2.3,0.1995,1,10,2,0,1,1,0,3,5,4,0.6538299283319716
7,0.21,0,6,-5.7,0.199401,0,2,0,0,1,1,0,2,1,1,1.6734318002403927
8,0.27,2,63,12.2,0.199301,2,18,2,0,1,1,0,4,7,5,0.5439709632122137
9,0.28,0,14,-2.6,0.199201,0,6,0,0,1,1,0,2,2,2,0.8948330827246405
10,0.35,1,63,10.9,0.199102,1,19,1,0,0,1,0,1,8,8,0.9943560208751371
11,0.42,1,52,8.1,0.199002,1,19,3,0,1,1,0,5,6,7,0.8203295426530239
12,0.42,0,7,-6.7,0.198903,0,3,0,0,1,1,0,4,1,0,1.0414490450112113
13,0.51,3,79,11.9,0.198803,3,17,2,0,0,1,0,6,9,12,0.7043885384170155
14,0.53,0,20,-0.3,0.198704,0,9,1,0,1,1,0,2,3,3,0.4771038035801177
15,0.56,0,22,-0.7,0.198605,0,7,0,0,1,1,0,0,3,5,0.44027495662649974
16,0.59,0,33,0.3,0.198505,0,11,1,0,1,1,0,2,4,4,0.4706701714293224
17,0.59,0,5,-1.8,0.198406,0,4,1,0,1,1,0,0,1,3,1.1129055352386916
18,0.64,0,47,-3.5,0.198307,0,14,1,0,1,1,0,7,6,8,0.5619796607124155
19,0.73,2,66,11.5,0.198208,2,17,2,1,1,1,0,3,8,9,0.519991394913093
20,0.84,2,92,15.7,0.198109,2,29,2,0,1,1,0,8,11,11,0.7648059883303415
21,0.85,0,8,-5.9,0.198009,0,2,0,0,1,1,0,2,1,1,0.31468992099399823
22,0.86,0,8,-5.8,0.19791,0,3,0,0,1,1,0,3,1,0,0.6746434847458009
23,0.91,0,39,-1.3,0.197812,0,11,0,0,1,1,0,3,5,4,0.4201700004883989
24,0.95,0,45,1.9,0.197713,0,16,0,0,1,1,0,4,5,6,0.5188271747916816
25,0.96,0,6,-4.6,0.197614,0,2,0,0,1,1,0,1,1,0,0.29249222030008415
26,0.98,1,27,8.0,0.197515,1,13,1,0,1,1,0,2,4,3,0.8762399534111511
27,1.01,0,28,1.9,0.197416,0,11,0,0,1,1,0,1,4,3,0.4964369627408347
28,1.01,0,6,-2.0,0.197317,0,4,1,0,1,1,0,0,1,4,1.1307303332773155
29,1.03,0,23,-1.7,0.197219,0,8,0,0,1,1,0,2,3,4,0.4655639666663609
30,1.06,1,27,5.9,0.19712,1,13,1,0,1,1,0,4,3,4,0.9193890375741943
31,1.07,0,23,3.2,0.197022,0,11,0,0,1,1,0,0,3,5,0.6035741053432768
32,1.21,5,158,33.7,0.196923,5,43,6,0,1,1,0,12,17,15,0.8336632996817054
33,1.22,1,16,3.2,0.196825,1,7,1,0,1,1,0,2,2,2,0.8424417593325657
34,1.25,0,36,-5.3,0.196726,0,8,0,0,1,1,0,4,4,7,0.5900251468394496
35,1.26,0,6,-5.7,0.196628,0,2,0,0,1,1,0,2,1,1,0.712971377615946
36,1.26,0,6,-3.6,0.19653,0,3,1,0,1,1,0,1,1,0,0.5750446482466415
37,1.27,0,6,-5.6,0.196431,0,1,0,0,1,1,0,1,1,0,0.20776454440492773
38,1.3,1,29,7.0,0.196333,1,13,1,0,1,1,0,3,4,1,0.7297469141143698
39,1.3,0,6,-4.6,0.196235,0,2,0,0,1,1,0,1,1,0,0.324249143924263
40,1.37,1,59,4.7,0.196137,1,14,2,0,0,1,0,3,6,4,0.8592286171192649
41,1.38,0,15,-2.7,0.196039,0,5,0,0,1,1,0,1,2,2,0.3865222970454398
42,1.43,0,52,0.3,0.195941,0,18,0,0,1,1,0,7,7,5,0.883496053489452
43,1.46,1,30,2.7,0.195843,1,11,1,0,1,1,0,5,4,3,1.2634640342894108
44,1.55,0,75,0.8,0.195745,0,16,0,1,1,1,0,2,8,7,0.40926153917878705
45,1.56,0,25,-4.2,0.195647,0,7,0,0,1,1,0,3,3,7,0.749588049881554
46,1.57,0,6,-3.6,0.195549,0,3,0,0,1,1,0,1,1,0,0.5461289042267866
47,1.58,0,6,-4.9,0.195451,0,2,0,0,1,1,0,1,1,3,0.6710335058375506
48,1.64,1,65,10.7,0.195354,1,19,0,0,0,1,0,1,8,8,0.774138495136486
49,1.65,0,6,-5.7,0.195256,0,2,0,0,1,1,0,2,1,1,0.557463123211564
50,1.73,3,85,20.6,0.195158,3,24,3,0,1,1,0,4,10,9,0.6635440838134626
51,1.75,0,20,-2.4,0.195061,0,7,0,0,1,1,0,2,3,4,0.504024058716185
52,1.76,0,6,-4.7,0.194963,0,3,0,0,1,1,0,2,1,1,0.9364240893577799
53,1.76,0,7,-4.7,0.194866,0,3,0,0,1,1,0,2,1,0,0.5624699221510822
54,1.77,0,6,-5.7,0.194768,0,2,0,0,1,1,0,2,1,1,0.5081128265218672
55,1.78,0,6,-2.7,0.194671,0,3,0,0,1,1,0,0,1,1,0.5753479313813451
56,1.79,0,14,-3.4,0.194574,0,5,1,0,1,1,0,2,2,0,0.886883098159361
57,1.8,0,14,-4.7,0.194476,0,5,0,0,1,1,0,3,2,3,0.5306292558700489
58,1.84,0,33,-7.5,0.194379,0,5,1,0,1,1,0,4,4,2,0.7990665835276475
59,1.91,1,63,5.0,0.194282,1,16,1,0,1,1,0,4,8,7,0.7362241975939202
60,1.97,2,59,17.5,0.194185,2,21,2,0,1,1,0,2,7,6,0.8836227258966581
61,1.98,0,8,-4.9,0.194088,0,3,0,0,1,1,0,2,1,1,0.7119549519990549
62,1.99,0,23,1.2,0.193991,0,11,1,0,1,1,0,2,3,5,1.1763537727524718
63,2.01,0,20,-2.2,0.193894,0,10,0,0,1,1,0,5,3,2,0.8113048148190545
64,2.02,0,14,-4.5,0.193797,0,5,0,0,1,1,0,3,2,1,0.4214861000349765
65,2.28,2,213,4.5,0.1937,2,39,3,0,0,1,0,16,21,22,0.6410475965668744
66,2.29,0,7,-4.8,0.193603,0,2,0,0,1,1,0,1,1,1,0.3441331502952708
67,2.37,2,70,8.5,0.193506,2,16,2,0,1,1,0,5,8,5,0.6047893352405561
68,2.38,0,13,0.5,0.193409,0,8,0,0,1,1,0,1,2,2,0.8219497709985343
69,2.38,0,7,-0.7,0.193313,0,5,0,0,1,1,0,0,1,0,0.7684365689564017
70,2.43,1,41,-2.3,0.193216,1,10,1,0,1,1,0,8,5,2,0.6478442789434782
71,2.47,0,40,-1.4,0.193119,0,9,0,0,1,1,0,1,5,4,0.4247916537013493
72,2.48,0,6,-4.7,0.193023,0,3,0,0,1,1,0,2,1,1,0.7313400562020957
73,2.49,0,15,-3.7,0.192926,0,6,1,0,1,1,0,3,2,2,0.6710989586284322
74,2.49,0,6,-3.6,0.19283,0,3,0,0,1,1,0,1,1,0,0.5687043398595629
75,2.55,2,58,11.2,0.192733,2,16,2,0,1,1,0,3,6,10,0.6881363195560555
76,2.57,0,16,-4.6,0.192637,0,6,1,0,1,1,0,4,2,0,0.6671924775812079
77,2.57,0,6,-4.6,0.192541,0,2,0,0,1,1,0,1,1,0,0.40069156307159925
78,2.6,0,25,0.8,0.192444,0,10,0,0,1,1,0,1,3,7,0.6926099371408864
79,2.62,0,13,-1.5,0.192348,0,6,0,0,1,1,0,1,2,2,0.5919886776276188
80,2.63,0,6,-4.6,0.192252,0,2,0,0,1,1,0,1,1,0,0.3605407890885723
81,2.64,0,15,-1.7,0.192156,0,6,0,0,1,1,0,1,2,2,0.556004185204807
82,2.68,1,41,13.3,0.19206,1,18,2,0,1,1,0,0,5,6,0.7889758526265956
83,2.72,0,38,0.7,0.191964,0,12,0,0,1,1,0,2,5,5,0.5669548005820154
84,2.73,0,14,0.4,0.191868,0,8,0,0,1,1,0,1,2,2,0.7866621973964468
85,2.75,1,21,4.8,0.191772,1,9,1,0,1,1,0,2,3,1,1.087413300790826
86,2.78,1,27,4.0,0.191676,1,11,1,0,1,1,0,4,3,3,0.9316195556629343
87,2.79,0,15,-1.8,0.19158,0,5,1,0,1,1,0,0,2,3,1.1693269652277503
88,2.8,0,6,-4.6,0.191484,0,2,0,0,1,1,0,1,1,0,0.44466414806566973
89,2.86,1,55,3.7,0.191389,1,18,1,0,1,1,0,8,6,8,0.6871144810657366
90,2.87,0,16,-6.8,0.191293,0,6,1,0,1,1,0,6,2,2,0.5957688268377377
91,2.91,2,39,9.7,0.191197,2,12,2,0,1,1,0,3,5,4,0.8614213798127889
92,2.93,1,23,-1.7,0.191102,1,6,2,0,1,1,0,5,3,4,0.8076810793109201
93,2.96,0,36,-2.2,0.191006,0,12,0,0,1,1,0,5,5,6,0.47746309285983884
94,2.99,0,23,-2.8,0.190911,0,8,0,0,1,1,0,3,3,5,0.6484969720002741
95,3.03,0,43,3.1,0.190815,0,15,0,0,1,1,0,2,6,6,0.5616101164488252
96,3.04,0,13,-6.5,0.19072,0,3,0,0,1,1,0,3,2,2,0.5111265785387636
97,3.06,0,20,-4.3,0.190624,0,5,0,0,1,1,0,2,3,3,0.8002603483752152
98,3.06,0,9,-5.1,0.190529,0,3,0,0,1,1,0,2,1,2,0.5293489557630822
99,3.13,1,61,11.3,0.190434,1,21,1,0,1,1,0,3,7,6,0.524842226086318
100,3.15,0,22,-6.5,0.190339,0,5,0,0,1,1,0,4,3,3,0.721744464348763
101,3.18,1,33,1.3,0.190244,1,10,1,0,1,1,0,5,4,4,0.7583384867024918
102,3.29,3,99,23.8,0.190148,3,31,3,0,1,1,0,6,11,13,0.6876958853462773
103,3.35,2,44,2.9,0.190053,2,9,2,0,1,1,0,6,5,7,0.6921559768548847
104,3.36,0,13,-4.4,0.189958,0,4,1,0,1,1,0,2,2,1,0.3041044926031231
105,3.42,3,60,15.0,0.189863,3,15,3,0,1,1,0,3,7,10,1.0018091519491583
106,3.44,0,13,0.5,0.189768,0,8,1,0,1,1,0,1,2,2,0.6933617111358432
107,3.44,0,7,-4.7,0.189673,0,1,1,0,1,1,0,0,1,0,0.3078392679521494
108,3.45,0,13,-1.3,0.189579,0,6,0,0,1,1,0,1,2,0,1.1935892502746115
109,3.46,0,6,-3.8,0.189484,0,3,1,0,1,1,0,1,1,2,0.7437527258225365
110,3.55,0,70,6.1,0.189389,0,25,0,0,1,1,0,6,9,9,0.6026081861469086
111,3.58,1,31,7.6,0.189294,1,14,2,0,1,1,0,3,4,3,0.7315958864658578
112,3.59,0,6,-4.6,0.1892,0,2,0,0,1,1,0,1,1,0,0.4461182625738025
113,3.68,1,84,5.9,0.189105,1,21,0,0,1,1,0,6,9,7,0.47729536064873684
114,3.69,0,13,0.5,0.189011,0,7,0,0,1,1,0,0,2,2,1.1520776064955247
115,3.75,0,54,-0.8,0.188916,0,17,0,0,1,1,0,7,7,4,0.5856520550053593
116,3.78,0,40,4.4,0.188822,0,15,0,0,1,1,0,1,5,6,0.6706633777549336
117,3.79,0,6,-5.7,0.188727,0,3,1,0,1,1,0,3,1,1,1.2989794223447455
118,3.93,2,115,5.1,0.188633,2,23,0,0,1,1,0,10,11,14,0.5975647336237778
119,3.94,0,7,-4.8,0.188539,0,2,0,0,1,1,0,1,1,1,0.33906767138633315
120,4.03,2,72,15.0,0.188444,2,24,1,0,0,1,0,6,8,8,0.924749271748597
121,4.05,0,21,-2.5,0.18835,0,9,0,0,1,1,0,4,3,4,0.6599310632009803
122,4.07,0,21,-2.4,0.188256,0,10,0,0,1,1,0,5,3,3,0.6676126881493483
123,4.08,0,6,-4.6,0.188162,0,2,0,0,1,1,0,1,1,0,0.445411788724231
124,4.09,0,13,0.5,0.188068,0,8,2,0,1,1,0,1,2,2,0.859038516130511
125,4.14,0,45,-2.9,0.187974,0,11,0,0,1,1,0,4,5,4,0.4223958685652696
126,4.15,0,6,-3.6,0.18788,0,3,0,0,1,1,0,1,1,0,0.6227656241735006
127,4.15,0,6,-4.6,0.187786,0,2,0,0,1,1,0,1,1,0,0.44991703424617474
128,4.19,0,36,1.9,0.187692,0,12,0,0,1,1,0,1,5,5,0.46057795014796493
129,4.22,0,29,-0.1,0.187598,0,13,0,0,1,1,0,5,4,2,0.8319291841013612
130,4.24,1,22,1.7,0.187504,1,6,1,0,1,1,0,2,3,1,0.8979381357698544
131,4.25,0,14,-6.5,0.18741,0,3,1,0,1,1,0,3,2,1,0.7254860544970869
132,4.28,0,26,-2.9,0.187317,0,7,0,0,1,1,0,2,3,3,0.5343779708763987
133,4.33,2,38,7.7,0.187223,2,14,3,0,1,1,0,7,4,5,0.9446118974515434
134,4.34,0,6,-4.6,0.187129,0,2,0,0,1,1,0,1,1,0,0.45271318692056467
135,4.44,1,77,7.0,0.187036,1,24,2,0,1,1,0,8,8,13,0.6868567856549557
136,4.45,0,16,-2.7,0.186942,0,5,1,0,1,1,0,1,2,1,0.7260504828802039
137,4.46,0,16,-3.8,0.186849,0,5,1,0,1,1,0,2,2,2,0.4615533981778094
138,4.48,0,13,-1.4,0.186755,0,6,0,0,1,1,0,1,2,1,0.7499892940858646
139,4.52,1,42,4.0,0.186662,1,12,1,0,1,1,0,3,5,8,0.6437180506155914
140,4.55,0,36,1.9,0.186569,0,13,0,0,1,1,0,2,5,5,0.6041102825676731
141,4.56,0,6,-5.6,0.186475,0,1,0,0,1,1,0,1,1,0,0.5760691413550124
142,4.59,1,28,7.9,0.186382,1,14,1,0,1,1,0,3,3,3,1.0080243481974267
143,4.61,0,21,-0.5,0.186289,0,9,1,0,1,1,0,2,3,4,0.5513621458087743
144,4.64,0,29,-0.2,0.186196,0,9,0,0,1,1,0,1,4,3,0.6960770657787367
145,4.65,0,14,-4.6,0.186103,0,4,0,0,1,1,0,2,2,2,0.4725446183708463
146,4.72,2,71,11.3,0.18601,2,18,0,0,1,1,0,4,7,6,0.6816673709758915
147,4.72,0,6,-5.6,0.185917,0,1,0,0,1,1,0,1,1,0,0.26834372830164205
148,4.84,1,82,2.0,0.185824,1,15,1,0,1,1,0,4,8,8,0.42242539167006804
149,4.89,1,49,1.7,0.185731,1,14,1,0,1,1,0,7,6,4,0.9487465172878453
150,4.91,0,27,1.0,0.185638,0,11,0,0,1,1,0,2,4,3,0.6631298226048891
151,4.95,0,31,-1.7,0.185545,0,10,0,0,1,1,0,3,4,6,0.4731522015229921
152,4.96,0,13,-3.5,0.185452,0,6,1,0,1,1,0,3,2,2,0.6840042423439545
153,4.96,0,5,-2.8,0.18536,0,3,0,0,1,1,0,0,1,3,1.0743405161188047
154,5.09,0,96,-3.4,0.185267,0,18,0,0,1,1,0,6,12,8,0.625141849312154
155,5.11,0,14,-1.7,0.185174,0,7,0,0,1,1,0,2,2,3,1.0868489047417365
156,5.15,1,52,4.1,0.185082,1,15,2,0,1,1,0,5,6,7,0.6516751970559694
157,5.16,0,6,-3.7,0.184989,0,2,0,0,1,1,0,0,1,1,0.43909914732987776
158,5.17,0,15,-0.8,0.184897,0,8,0,0,1,1,0,2,2,3,0.8437635916958754
159,5.17,0,5,-4.7,0.184804,0,2,0,0,1,1,0,1,1,2,0.5477010079917087
160,5.18,0,6,-3.6,0.184712,0,3,0,0,1,1,0,1,1,0,0.6456467029342
161,5.21,0,21,-3.3,0.18462,0,6,0,0,1,1,0,2,3,2,0.4157850491596993
162,5.23,0,20,-5.5,0.184527,0,7,0,0,1,1,0,5,3,5,1.0221177825163053
163,5.23,0,6,-3.6,0.184435,0,3,0,0,1,1,0,1,1,0,0.633950344275658
164,5.31,1,77,8.5,0.184343,1,20,0,0,1,1,0,3,7,8,0.7003413904427761
165,5.35,1,39,2.6,0.184251,1,12,1,0,1,1,0,5,5,5,0.7341278064465531
166,5.37,0,25,-1.1,0.184158,0,9,0,0,1,1,0,2,3,6,0.5328239350988931
167,5.42,1,48,5.5,0.184066,1,14,1,0,1,1,0,3,6,7,0.7578662929522987
168,5.45,1,21,6.7,0.183974,1,10,2,0,1,1,0,1,3,2,1.07909931144813
169,5.46,1,18,3.1,0.183882,1,7,2,0,1,1,0,2,2,1,0.6938800771614438
170,5.47,0,13,-2.5,0.18379,0,5,1,0,1,1,0,1,2,2,0.71744577683062
171,5.48,0,7,-3.7,0.183699,0,2,0,0,1,1,0,0,1,0,0.4371913557785999
172,5.51,0,33,-2.0,0.183607,0,10,0,0,1,1,0,3,4,7,0.5209839552314722
173,5.55,1,31,1.7,0.183515,1,9,1,0,1,1,0,4,4,2,0.7098290199309752
174,5.57,0,20,3.4,0.183423,0,11,0,0,1,1,0,0,3,6,0.8563917823034609
175,5.58,0,14,-3.6,0.183331,0,5,0,0,1,1,0,2,2,2,0.622261113405579
176,5.59,1,17,4.1,0.18324,1,7,1,0,1,1,0,1,2,2,1.1971145787279212
177,5.66,2,69,0.5,0.183148,2,13,3,0,1,1,0,10,7,6,0.8261879476362431
178,5.7,1,41,6.2,0.183057,1,14,2,0,1,1,0,3,5,7,0.7017370759273849
179,5.72,0,13,-1.6,0.182965,0,7,1,0,1,1,0,2,2,3,0.8322065602623325
180,5.73,0,22,-3.5,0.182874,0,8,0,0,1,1,0,4,3,3,0.6471447807160216
181,5.75,0,15,-4.0,0.182782,0,5,2,0,1,1,0,2,2,5,0.6529722119354967
182,5.78,0,32,-4.4,0.182691,0,10,0,0,1,1,0,6,4,2,0.7166521338763224
183,5.9,3,97,20.8,0.182599,3,29,4,0,1,1,0,7,10,15,0.8361998450756317
184,5.98,2,72,5.2,0.182508,2,15,3,0,1,1,0,7,7,6,0.7374262728658305
185,5.99,0,6,-6.7,0.182417,0,1,0,0,1,1,0,2,1,1,0.32780886764025535
186,6.15,1,137,9.4,0.182326,1,31,1,0,1,1,0,7,15,9,0.4929301584410372
187,6.16,0,6,-3.7,0.182234,0,2,0,0,1,1,0,0,1,1,0.5377506874878132
188,6.22,1,51,2.2,0.182143,1,11,1,0,1,1,0,3,7,7,0.525729331324405
189,6.22,0,6,-3.6,0.182052,0,3,0,0,1,1,0,1,1,0,0.686068615347389
190,6.25,1,28,0.8,0.181961,1,6,1,0,1,1,0,2,3,4,1.0240930526034207
191,6.27,0,30,1.7,0.18187,0,11,0,0,1,1,0,1,4,3,0.5719890276169025
192,6.29,1,18,-1.0,0.181779,1,6,2,0,1,1,0,5,2,2,1.1958190330793483
193,6.3,0,6,-5.7,0.181688,0,2,1,0,1,1,0,2,1,1,0.6567768039338094
194,6.34,1,40,0.5,0.181598,1,12,0,0,1,1,0,7,4,5,0.830563240387443
195,6.35,0,13,-3.4,0.181507,0,5,1,0,1,1,0,2,2,1,0.6030260127334137
196,6.38,0,34,-2.0,0.181416,0,10,0,0,1,1,0,3,5,6,0.607369215105261
197,6.39,0,13,0.6,0.181325,0,7,0,0,1,1,0,0,2,1,0.6815385254270042
198,6.44,0,41,-2.7,0.181235,0,10,0,0,1,1,0,3,5,6,0.48334166471248186
199,6.44,0,6,-4.9,0.181144,0,2,0,0,1,1,0,1,1,3,1.2704579436244716
200,6.51,0,56,2.6,0.181053,0,16,1,0,0,1,0,2,7,8,0.6420499530837319
201,6.51,0,8,-3.9,0.180963,0,2,0,0,1,1,0,0,1,1,0.36604213818523834
202,6.52,0,7,-2.7,0.180872,0,3,0,0,1,1,0,0,1,0,0.3070603935537392
203,6.58,2,61,11.5,0.180782,2,22,1,0,1,1,0,9,8,4,0.7884717024526458
204,6.64,0,59,-1.4,0.180692,0,18,0,0,1,1,0,8,7,5,0.7318797215977133
205,6.72,1,80,6.1,0.180601,1,19,1,0,0,1,0,4,8,9,0.8973241952829791
206,6.72,0,6,-5.7,0.180511,0,2,0,0,1,1,0,2,1,1,0.559154287517961
207,6.79,0,58,-5.7,0.180421,0,10,0,0,1,1,0,4,7,9,0.7473013773864863
208,6.81,1,14,0.4,0.180331,1,5,1,0,1,1,0,3,2,2,1.3823058180588552
209,6.82,0,7,-2.9,0.18024,0,3,0,0,1,1,0,0,1,2,0.7470057633571564
210,6.84,1,30,1.9,0.18015,1,8,1,0,1,1,0,3,4,1,0.9407699742505123
211,6.89,1,47,5.7,0.18006,1,16,1,0,0,1,0,5,6,6,1.2418193616418012
212,6.99,3,75,19.6,0.17997,3,20,3,0,1,1,0,2,8,9,0.7175921463602823
213,7.02,0,29,-2.3,0.17988,0,9,1,0,1,1,0,3,4,4,0.6090986333883146
214,7.02,0,6,-5.7,0.17979,0,2,1,0,1,1,0,2,1,1,0.4564486749050043
215,7.04,0,13,-4.4,0.1797,0,4,1,0,1,1,0,2,2,1,0.49157831468196905
216,7.1,1,52,9.5,0.17961,1,17,1,0,1,1,0,2,6,3,0.7944685392899736
217,7.2,0,89,6.3,0.179521,0,28,0,0,1,1,0,7,10,8,0.6207961100895533
218,7.22,0,21,-1.6,0.179431,0,9,0,0,1,1,0,3,3,5,0.5767997988500917
219,7.29,1,65,5.7,0.179341,1,16,0,0,1,1,0,3,8,8,0.5461280341239388
220,7.32,1,31,9.3,0.179252,1,13,1,0,1,1,0,0,4,6,0.6708847215085995
221,7.39,2,53,6.1,0.179162,2,10,1,0,1,1,0,3,6,6,0.714308545052991
222,7.39,0,6,-2.7,0.179072,0,3,1,0,1,1,0,0,1,1,0.6267712635835235
223,7.42,0,22,-6.6,0.178983,0,6,0,0,1,1,0,5,3,4,1.0038647287098532
224,7.46,0,37,0.8,0.178893,0,12,0,0,1,1,0,2,5,5,0.6080650552310236
225,7.54,1,74,6.1,0.178804,1,21,2,0,1,1,0,7,8,5,0.6114898318652324
226,7.55,0,13,-2.5,0.178714,0,5,0,0,1,1,0,1,2,2,0.515561672349127
227,7.64,1,77,7.3,0.178625,1,18,1,0,0,1,0,2,8,10,0.9052050097200365
228,7.64,0,6,-3.7,0.178536,0,2,0,0,1,1,0,0,1,1,0.5270967809243791
229,7.69,0,48,-2.3,0.178447,0,13,0,0,1,1,0,5,6,5,0.531530950155578
230,7.72,1,30,2.9,0.178357,1,10,1,0,1,1,0,4,4,1,0.6430553546779085
231,7.77,1,47,10.4,0.178268,1,19,1,0,1,1,0,3,6,9,0.6935629677507974
232,7.82,1,51,5.1,0.178179,1,15,1,0,1,1,0,4,6,8,0.7401379650110406
233,7.84,0,22,-2.6,0.17809,0,8,0,0,1,1,0,3,3,4,0.604722823251536
234,7.85,0,5,-2.8,0.178001,0,3,0,0,1,1,0,0,1,3,0.8461553386832212
235,7.85,0,6,-4.6,0.177912,0,2,0,0,1,1,0,1,1,0,0.49014751872532986
236,8.0,1,103,10.7,0.177823,1,27,0,0,1,1,0,5,10,10,0.542833585671858
237,8.05,2,42,11.5,0.177734,2,15,2,0,1,1,0,4,5,3,0.8536632885348371
238,8.06,0,13,-1.6,0.177645,0,7,0,0,1,1,0,2,2,3,0.8446755455051943
239,8.09,0,28,0.6,0.177556,0,9,0,0,1,1,0,0,4,6,0.4565573847618976
240,8.13,0,44,0.7,0.177467,0,15,0,0,1,1,0,4,5,9,0.584219109915727
241,8.17,0,38,-2.3,0.177379,0,11,1,0,1,1,0,4,5,5,0.5244211956736246
242,8.2,1,26,1.2,0.17729,1,8,1,0,1,1,0,4,3,2,0.9402947839467609
243,8.23,0,28,-1.0,0.177201,0,8,0,0,1,1,0,1,4,2,0.5108505593103517
244,8.43,2,138,8.7,0.177113,2,31,2,0,1,1,0,12,15,15,0.5994721878807098
245,8.46,0,37,-5.9,0.177024,0,6,0,0,1,1,0,3,5,2,0.5033451241689096
246,8.47,0,5,-3.7,0.176936,0,3,0,0,1,1,0,1,1,2,1.512572882130701
247,8.52,0,52,1.4,0.176847,0,16,0,0,1,1,0,4,6,4,0.46857254690977557
248,8.54,0,13,-2.7,0.176759,0,5,0,0,1,1,0,1,2,4,0.6980260633952858
249,8.67,0,101,6.5,0.17667,0,27,0,0,1,1,0,4,11,14,0.6424004916972347
250,8.7,1,29,3.5,0.176582,1,10,1,0,1,1,0,3,4,6,0.9297406526728306
251,8.72,0,21,-1.4,0.176494,0,7,0,0,1,1,0,1,3,3,0.5228112450427694
252,8.76,1,32,5.2,0.176406,1,13,1,0,1,1,0,4,4,6,0.9738112959696645
253,8.77,0,21,-0.5,0.176317,0,9,0,0,1,1,0,2,3,4,0.8600878250241115
254,8.82,1,40,7.6,0.176229,1,15,1,0,1,1,0,3,5,4,0.621708943819185
255,8.82,0,7,-3.8,0.176141,0,3,0,0,1,1,0,1,1,1,0.44237454718553954
256,8.84,0,13,-0.4,0.176053,0,7,0,0,1,1,0,1,2,1,1.0946099070868804
257,8.84,0,6,-3.6,0.175965,0,3,0,0,1,1,0,1,1,0,0.6421394136988626
258,8.86,0,17,-4.9,0.175877,0,5,0,0,1,1,0,3,2,2,0.5569822894874863
259,8.9,0,31,-1.6,0.175789,0,10,0,0,1,1,0,3,3,5,0.6028115234761797
260,8.9,0,6,-3.6,0.175701,0,3,0,0,1,1,0,1,1,0,0.6521704574025365
261,8.91,0,6,-3.6,0.175613,0,3,1,0,1,1,0,1,1,0,0.6420799294404207
262,8.93,0,24,0.2,0.175526,0,10,0,0,1,1,0,2,3,4,0.6364416295479739
263,8.94,1,21,5.9,0.175438,1,9,3,0,1,1,0,1,3,0,0.6314667902359473
264,8.98,1,36,5.8,0.17535,1,11,1,0,1,1,0,1,4,6,0.5162342250458841
265,9.04,0,59,-3.6,0.175262,0,12,0,0,1,1,0,4,7,7,0.606995342468402
266,9.05,0,6,-3.6,0.175175,0,3,0,0,1,1,0,1,1,0,0.6873549517141084
267,9.08,1,31,2.8,0.175087,1,8,1,0,1,1,0,2,4,1,0.7249230044958235
268,9.08,0,5,-1.8,0.175,0,4,1,0,1,1,0,0,1,3,0.9185936089043796
269,9.16,1,56,8.9,0.174912,1,20,1,0,0,1,0,5,6,5,0.8894238186498133
270,9.19,1,26,0.0,0.174825,1,6,1,0,1,1,0,3,3,4,0.771992053838668
271,9.22,1,35,4.0,0.174737,1,12,1,0,1,1,0,4,4,5,0.9513436077472578
272,9.32,1,89,0.6,0.17465,1,20,1,0,1,1,0,9,11,15,0.6655957548605115
273,9.37,2,55,11.1,0.174563,2,19,1,0,1,1,0,7,6,4,0.7354018505306833
274,9.54,0,116,-0.7,0.174475,0,27,1,0,1,1,0,10,14,11,0.6806182526823825
275,9.63,1,67,6.5,0.174388,1,19,1,0,1,1,0,5,8,8,0.7993080812847557
276,9.66,1,27,1.1,0.174301,1,7,1,0,1,1,0,3,3,2,0.9820494546913676
277,9.78,3,99,13.6,0.174214,3,24,1,0,1,1,0,10,10,5,0.9611082802192786
278,9.82,1,39,-2.2,0.174127,1,11,3,0,1,1,0,9,5,3,0.7606685784734526
279,9.84,0,22,-4.4,0.17404,0,8,0,0,1,1,0,5,3,2,0.6004511939136167
280,9.87,0,29,-2.3,0.173953,0,9,0,0,1,1,0,3,4,4,0.4277267341221754
281,9.95,0,69,3.0,0.173866,0,22,0,0,1,1,0,6,9,11,0.7222237154976356
282,10.08,5,122,23.9,0.173779,5,22,2,0,1,1,0,5,11,9,0.9270496300462703
283,10.09,0,8,-8.8,0.173692,0,2,0,0,1,1,0,5,1,0,0.951785149662612
284,10.17,1,68,0.3,0.173605,1,14,1,0,1,1,0,6,7,9,0.6200694285282045
285,10.19,1,23,2.4,0.173518,1,6,2,0,1,1,0,1,3,3,0.6344859462818104
286,10.26,2,60,4.9,0.173431,2,17,2,1,1,1,0,11,7,1,0.716936161826876
287,10.42,1,132,1.1,0.173345,1,24,1,0,1,1,0,8,14,17,0.6834902224569745
288,10.42,0,6,-6.6,0.173258,0,2,0,0,1,1,0,3,1,0,0.7678623094764845
289,10.44,0,20,-2.4,0.173171,0,8,0,0,1,1,0,3,3,4,0.54749020397842
290,10.5,1,61,9.9,0.173085,1,22,2,0,1,1,0,5,8,10,0.9653064400178942
291,10.54,0,42,-0.8,0.172998,0,12,0,0,1,1,0,3,5,6,0.528422498519632
292,10.74,3,203,-2.5,0.172912,3,26,2,0,0,1,0,16,17,22,0.7582941555475986
293,10.89,1,119,-5.7,0.172825,1,20,2,0,0,1,0,13,14,8,0.8206637593335387
294,10.93,1,38,1.7,0.172739,1,8,1,0,1,1,0,2,5,5,0.5463592094524101
295,10.95,1,29,1.8,0.172652,1,6,1,0,1,1,0,1,3,3,0.37790026889385414
296,10.99,1,28,4.1,0.172566,1,11,1,0,1,1,0,4,4,1,0.9837066956850844
297,11.03,1,41,7.0,0.17248,1,16,2,0,1,1,0,4,5,9,1.0384368857430353
298,11.04,0,7,-5.9,0.172394,0,2,0,0,1,1,0,2,1,2,0.6347466519303752
299,11.05,0,5,-5.6,0.172307,0,2,0,0,1,1,0,2,1,1,3.5393626787276644
300,11.07,0,22,-0.4,0.172221,0,9,1,0,1,1,0,2,3,2,1.0491290791807841
301,11.08,0,15,-1.7,0.172135,0,6,0,0,1,1,0,1,2,2,0.5520786822654221
302,11.08,0,7,-5.8,0.172049,0,1,0,0,1,1,0,1,1,1,0.40001484631046874
303,11.11,0,29,3.5,0.171963,0,13,0,0,1,1,0,1,4,6,0.6398387886142214
304,11.13,0,21,1.5,0.171877,0,10,0,0,1,1,0,1,3,4,0.7371284088129567
305,11.15,1,30,1.9,0.171791,1,9,1,0,1,1,0,4,4,1,0.8812545291774774
306,11.17,0,13,-2.5,0.171705,0,7,0,0,1,1,0,3,2,2,0.7583843002823147
307,11.17,0,7,-5.0,0.171619,0,2,0,0,1,1,0,1,1,3,0.779958835346957
308,11.18,1,17,0.9,0.171534,1,4,2,0,1,1,0,1,2,4,0.6258514366569967
309,11.19,0,13,-0.5,0.171448,0,7,0,0,1,1,0,1,2,2,0.7989471284232692
310,11.24,0,42,0.1,0.171362,0,13,0,0,1,1,0,3,5,7,0.5304054386281134
311,11.25,0,16,-5.8,0.171276,0,5,0,0,1,1,0,4,2,2,0.5430284784599186
312,11.28,0,29,-3.1,0.171191,0,6,0,0,1,1,0,1,4,2,0.5804024883244254
313,11.3,0,23,-3.6,0.171105,0,6,0,0,1,1,0,2,3,3,0.5992798127830031
314,11.32,1,25,11.2,0.17102,1,14,2,0,1,1,0,0,3,3,0.8912365074247652
315,11.33,1,17,2.3,0.170934,1,8,2,0,1,1,0,4,2,0,1.2101872094330843
316,11.34,0,5,-2.7,0.170849,0,4,2,0,1,1,0,1,1,2,1.221387809444008
317,11.38,1,43,6.0,0.170763,1,12,1,0,1,1,0,1,5,7,0.7287721072411789
318,11.47,2,81,3.5,0.170678,2,16,1,0,1,1,0,9,8,4,0.5931612480001234
319,11.52,1,43,8.2,0.170592,1,16,1,0,1,1,0,3,5,5,0.7187958058855604
320,11.55,0,38,-1.8,0.170507,0,12,0,0,1,1,0,5,5,0,0.8458368044714724
321,11.6,2,43,3.3,0.170422,2,12,3,0,0,1,0,9,3,4,1.0087020948899064
322,11.62,0,15,-4.8,0.170337,0,6,1,0,1,1,0,4,2,3,0.8540265942215159
323,11.63,1,19,2.0,0.170252,1,5,2,0,1,1,0,1,2,1,1.4920789736760238
324,11.65,0,15,-3.7,0.170166,0,6,0,0,1,1,0,3,2,2,0.9094242561559003
325,11.68,1,32,4.6,0.170081,1,13,1,0,1,1,0,5,4,2,0.8292332327834986
326,11.71,1,27,5.8,0.169996,1,10,1,0,1,1,0,1,3,5,0.7715281716433057
327,11.73,0,27,-1.8,0.169911,0,7,0,0,1,1,0,1,4,1,0.4954167674544898
328,11.76,0,28,-1.1,0.169826,0,12,0,0,1,1,0,5,4,3,1.0621943864919985
329,11.78,1,25,-1.1,0.169741,1,4,1,0,1,1,0,2,3,6,0.6193983267586137
330,11.8,0,29,-4.1,0.169657,0,9,0,0,1,1,0,5,4,2,0.6532124573018205
331,11.81,0,14,-4.6,0.169572,0,4,0,0,1,1,0,2,2,2,0.7797474129253137
332,11.95,0,109,-2.2,0.169487,0,22,0,0,1,1,0,7,11,13,0.5983828272956082
333,12.11,1,116,-1.3,0.169402,1,17,1,0,0,1,0,5,13,17,0.8090897782087508
334,12.16,0,44,1.9,0.169318,0,14,1,0,1,1,0,2,5,7,0.7959571640375511
335,12.18,0,22,-3.3,0.169233,0,6,0,0,1,1,0,2,3,1,0.4935510831564605
336,12.2,0,14,-1.5,0.169148,0,8,1,0,1,1,0,3,2,1,0.9723416616449193
337,12.2,0,6,-5.6,0.169064,0,1,0,0,1,1,0,1,1,0,0.2759169324943846
338,12.22,0,13,0.5,0.168979,0,9,1,0,1,1,0,2,2,2,1.0648004084089553
339,12.24,1,31,5.4,0.168895,1,11,1,0,1,1,0,2,4,5,0.6881572896381106
340,12.26,0,13,-1.5,0.16881,0,7,0,0,1,1,0,2,2,2,1.0538434220826682
341,12.27,0,6,-4.6,0.168726,0,2,0,0,1,1,0,1,1,0,0.47092563192437575
342,12.27,0,5,-2.7,0.168641,0,4,0,0,1,1,0,1,1,2,1.27721685096119
343,12.3,0,22,0.5,0.168557,0,8,0,0,1,1,0,0,3,3,0.5919124781125649
344,12.3,0,14,-0.6,0.168473,0,8,1,0,1,1,0,2,2,2,0.7345220431036751
345,12.32,1,16,0.4,0.168389,1,6,2,0,1,1,0,4,2,0,1.1775971565325167
346,12.45,1,108,3.2,0.168304,1,24,2,0,1,1,0,9,11,10,0.766535276063236
347,12.61,0,119,3.0,0.16822,0,28,0,0,1,1,0,7,14,11,0.8561499806212695
348,12.63,0,23,-3.8,0.168136,0,7,0,0,1,1,0,3,3,5,0.4187867948384337
349,12.76,2,93,17.8,0.168052,2,29,3,0,1,1,0,6,10,9,0.8835980381928104
350,12.76,0,5,-3.7,0.167968,0,3,0,0,1,1,0,1,1,2,1.4714751580680976
351,12.82,0,58,0.6,0.167884,0,16,0,0,1,1,0,4,6,6,0.40285147308182123
352,12.97,2,116,5.0,0.1678,2,24,1,0,1,1,0,11,12,14,0.7410498207529027
353,12.98,0,18,-4.1,0.167716,0,6,0,0,1,1,0,3,2,3,0.5591729718143512
354,13.01,0,23,0.3,0.167632,0,10,0,0,1,1,0,2,3,4,0.5824237278189978
355,13.07,2,64,3.9,0.167549,2,15,0,0,1,1,0,9,8,7,0.8902794256053206
356,13.11,0,42,2.1,0.167465,0,16,0,0,1,1,0,4,5,7,0.6482605441744911
357,13.24,2,117,16.5,0.167381,2,30,2,0,1,1,0,6,12,8,0.6139568894535585
358,13.3,0,58,-0.7,0.167297,0,15,0,0,1,1,0,4,7,9,0.6119375435880012
359,13.4,2,85,15.0,0.167214,2,26,3,0,1,1,0,6,10,15,0.7210675533012217
360,13.44,0,38,0.5,0.16713,0,12,0,0,1,1,0,2,5,7,0.581747347749632
361,13.45,0,13,-3.5,0.167047,0,5,0,0,1,1,0,2,2,2,0.9952003690010431
362,13.47,0,20,-2.3,0.166963,0,7,0,0,1,1,0,2,3,3,0.8754368309067704
363,13.49,0,16,-6.7,0.16688,0,3,0,0,1,1,0,3,2,1,0.7759370406232321
364,13.53,0,42,0.3,0.166796,0,12,0,0,1,1,0,2,5,5,0.6393952371094038
365,13.55,1,18,4.2,0.166713,1,6,1,0,1,1,0,0,2,0,0.6748350419812652
366,13.58,1,39,4.6,0.166629,1,14,1,0,1,1,0,5,5,5,0.7182363385346897
367,13.62,0,37,5.1,0.166546,0,14,0,0,1,1,0,0,5,2,0.5788581042450722
368,13.63,0,7,-1.8,0.166463,0,5,0,0,1,1,0,1,1,1,1.1566885156789977
369,13.72,2,60,15.6,0.16638,2,20,2,0,1,1,0,3,7,4,0.6765385631976263
370,13.74,0,22,-0.5,0.166296,0,9,0,0,1,1,0,2,3,3,0.5804134373261658
371,13.79,2,48,12.8,0.166213,2,17,4,0,1,1,0,4,5,4,0.7953537382572137
372,13.81,0,13,1.3,0.16613,0,8,0,0,1,1,0,0,2,4,0.8444768387895973
373,13.87,1,59,4.4,0.166047,1,13,2,0,0,1,0,2,7,7,0.7231593030040131
374,13.89,0,21,-0.3,0.165964,0,9,0,0,1,1,0,2,3,2,0.6358552018401707
375,13.94,1,48,7.7,0.165881,1,16,1,0,1,1,0,3,6,5,0.6079607315292227
376,13.95,0,15,-2.7,0.165798,0,7,0,0,1,1,0,3,2,2,0.8341378785377135
377,13.99,0,37,-1.0,0.165715,0,10,0,0,1,1,0,2,5,3,0.6485878620713325
378,14.06,0,52,-3.4,0.165632,0,14,0,0,1,1,0,7,7,2,0.7230858776466152
379,14.09,1,38,6.8,0.165549,1,15,2,0,1,1,0,4,4,4,0.7343569616158335
380,14.12,1,22,5.6,0.165467,1,10,1,0,1,1,0,2,3,2,1.2136920614676736
381,14.16,2,49,12.4,0.165384,2,16,2,0,1,1,0,3,6,7,0.82197023216837
382,14.21,1,51,7.5,0.165301,1,16,2,0,1,1,0,3,6,4,0.7903615217036
383,14.24,2,28,10.9,0.165219,2,11,2,0,1,1,0,2,3,3,0.9173759058899914
384,14.25,0,7,-3.7,0.165136,0,2,1,0,1,1,0,0,1,0,0.3965641980425965
385,14.3,2,43,9.3,0.165053,2,11,2,0,1,1,0,2,5,4,0.6773871097835724
386,14.31,0,13,-4.3,0.164971,0,3,0,0,1,1,0,1,2,0,0.4857362660274021
387,14.36,1,36,2.1,0.164888,1,12,0,0,1,1,0,6,4,3,0.7968932361066968
388,14.44,2,63,9.2,0.164806,2,15,2,0,0,1,0,4,7,5,0.7003054494351858
389,14.44,0,6,-5.6,0.164724,0,1,0,0,1,1,0,1,1,0,0.34573838722464334
390,14.48,1,34,6.7,0.164641,1,15,2,0,1,1,0,4,4,9,1.2092696050085447
391,14.52,2,43,16.1,0.164559,2,18,2,0,1,1,0,2,5,6,0.7032602455699933
392,14.57,1,37,2.8,0.164477,1,10,2,0,1,1,0,3,5,5,0.4906956308311763
393,14.58,0,6,-3.7,0.164394,0,2,0,0,1,1,0,0,1,1,0.5305231797906691
394,14.6,0,20,1.7,0.164312,0,11,0,0,1,1,0,2,3,3,0.7035381787570383
395,14.66,2,47,6.7,0.16423,2,12,2,0,1,1,0,5,5,6,0.8245115907026033
396,14.67,0,7,-5.7,0.164148,0,2,0,0,1,1,0,2,1,0,0.5878362599450544
397,14.76,0,84,-6.9,0.164066,0,17,0,0,1,1,0,10,9,5,0.7978449249068956
398,14.8,0,35,-0.2,0.163984,0,12,0,0,1,1,0,3,5,7,0.8241449339214889
399,14.83,0,29,1.5,0.163902,0,11,0,0,1,1,0,1,4,6,0.4827882653709929
400,14.84,0,6,-3.6,0.16382,0,3,0,0,1,1,0,1,1,0,0.699604219414578
401,14.9,6,58,0.6,0.163738,1,12,1,1,1,1,0,5,7,6,0.9222655671939244
402,14.91,0,6,-5.7,0.163656,0,2,0,0,1,1,0,2,1,1,0.6695932249200428
403,14.99,3,79,12.3,0.163574,3,16,2,0,0,1,0,5,8,8,0.8375605295949831
404,15.1,1,104,4.7,0.163492,1,26,2,0,1,1,0,9,11,19,1.1367105118808394
405,15.27,3,160,8.4,0.163411,3,31,3,0,1,1,0,15,16,16,0.7743904690429393
406,15.36,1,82,12.9,0.163329,1,27,1,0,1,1,0,5,9,9,0.6477530261998731
407,15.37,0,15,-0.8,0.163247,0,8,0,0,1,1,0,2,2,3,0.7414514572608327
408,15.38,0,15,-4.6,0.163166,0,4,0,0,1,1,0,2,2,1,0.5650704768983306
409,15.45,1,59,12.7,0.163084,1,25,1,0,1,1,0,6,7,4,0.6744770789017919
410,15.45,0,7,-5.9,0.163003,0,2,0,0,1,1,0,2,1,2,0.5601160013967327
411,15.47,0,13,0.5,0.162921,0,8,1,0,1,1,0,1,2,2,0.7812124800427677
412,15.51,0,36,1.1,0.16284,0,12,0,0,1,1,0,2,5,3,0.6046475921031258
413,15.52,0,6,-6.6,0.162758,0,2,0,0,1,1,0,3,1,0,0.604085457975929
414,15.58,0,65,-0.9,0.162677,0,17,1,0,1,1,0,6,7,4,0.5880161132529109
415,15.71,2,108,5.1,0.162596,2,23,2,0,0,1,0,11,11,11,1.0076151264470594
416,15.73,0,27,1.0,0.162514,0,10,0,0,1,1,0,1,4,3,0.6149014022311385
417,15.75,0,20,-3.1,0.162433,0,5,0,0,1,1,0,1,3,1,0.4983845239046091
418,15.82,1,66,14.9,0.162352,1,27,1,0,1,1,0,5,9,5,0.7433248425740275
419,15.83,0,6,-4.6,0.162271,0,2,0,0,1,1,0,1,1,0,0.48968788104893823
420,15.86,0,30,-4.3,0.162189,0,9,0,0,1,1,0,5,4,3,0.862466032158009
421,15.89,0,21,-0.3,0.162108,0,9,0,0,1,1,0,2,3,2,0.7275874781534903
422,15.93,1,38,4.9,0.162027,1,13,1,0,1,1,0,4,5,3,0.8566855107252715
423,15.95,0,28,5.9,0.161946,0,15,0,0,1,1,0,1,4,3,0.664430601834694
424,15.98,0,34,2.4,0.161865,0,14,0,0,1,1,0,3,5,2,0.7413592125811421
425,16.07,2,73,4.9,0.161784,2,15,3,0,1,1,0,7,8,8,0.6922744719202447
426,16.07,0,6,-3.8,0.161703,0,3,0,0,1,1,0,1,1,2,0.8578750465906978
427,16.17,2,81,20.0,0.161623,2,28,2,0,1,1,0,4,10,9,0.9092169840177736
428,16.19,0,23,-6.5,0.161542,0,4,0,0,1,1,0,3,3,2,0.5794370695594487
429,16.22,0,31,0.4,0.161461,0,13,0,0,1,1,0,4,4,5,0.5830095694833863
430,16.23,0,8,-3.0,0.16138,0,4,1,0,1,1,0,1,1,2,1.0240121012734424
431,16.41,2,132,7.5,0.1613,2,28,1,0,0,1,0,11,12,13,0.7990406411684398
432,16.43,0,21,-2.2,0.161219,0,6,1,0,1,1,0,1,3,1,0.41400658107046745
433,16.5,1,58,16.4,0.161138,1,26,2,0,1,1,0,3,7,8,0.9092143622732984
434,16.53,1,32,7.5,0.161058,1,12,1,0,1,1,0,1,4,3,0.6722002867691764
435,16.59,3,51,16.4,0.160977,3,13,4,0,1,1,0,1,6,5,0.8236365419763232
436,16.6,0,14,-1.6,0.160897,0,5,0,0,1,1,0,0,2,2,0.5052650348354731
437,16.6,0,6,-5.7,0.160816,0,2,0,0,1,1,0,2,1,1,0.740178691011708
438,16.61,0,6,-3.6,0.160736,0,3,0,0,1,1,0,1,1,0,0.6671897255242891
439,16.66,1,46,9.7,0.160656,1,17,1,0,1,1,0,2,6,7,0.6710892954833791
440,16.66,0,6,-3.7,0.160575,0,2,1,0,1,1,0,0,1,1,0.5693337742621396
441,16.75,3,75,18.7,0.160495,3,24,3,0,1,1,0,7,9,8,0.864982397265953
442,16.77,0,21,-9.2,0.160415,0,5,0,0,1,1,0,7,3,1,0.6955198475940482
443,16.78,0,13,-2.7,0.160334,0,5,0,0,1,1,0,1,2,4,1.1450236985314843
444,16.8,0,20,-0.4,0.160254,0,9,0,0,1,1,0,2,3,4,0.7714001225879371
445,16.95,1,114,3.5,0.160174,1,21,1,0,1,1,0,5,12,11,0.5184324899915435
446,16.97,0,27,-0.0,0.160094,0,10,0,0,1,1,0,2,4,3,0.5913758821193762
447,16.99,0,20,3.3,0.160014,0,11,0,0,1,1,0,0,3,7,1.121367050160381
448,17.03,0,45,2.1,0.159934,0,15,1,0,1,1,0,3,6,4,0.45458646484470366
449,17.04,0,8,-4.8,0.159854,0,2,0,0,1,1,0,1,1,0,0.3615533324897129
450,17.09,0,44,3.3,0.159774,0,15,0,0,1,1,0,2,6,3,0.8589308037147899
451,17.09,0,8,-4.8,0.159694,0,2,0,0,1,1,0,1,1,0,0.35678330472767655
452,17.21,0,78,-4.1,0.159614,0,16,0,0,1,1,0,6,7,13,0.4574574150601174
453,17.24,0,22,-1.5,0.159535,0,8,0,0,1,1,0,2,3,3,0.664153992904797
454,17.25,0,13,-0.5,0.159455,0,7,0,0,1,1,0,1,2,2,0.8479898085122743
455,17.28,1,38,4.7,0.159375,1,10,1,0,1,1,0,1,5,5,0.5333607483154348
456,17.31,0,30,-3.4,0.159295,0,9,0,0,1,1,0,4,4,4,0.48268491266161995
457,17.33,0,21,-3.2,0.159216,0,7,0,0,1,1,0,3,3,1,0.5487641539143366
458,17.33,0,6,-4.6,0.159136,0,2,0,0,1,1,0,1,1,0,0.5021416568713769
459,17.36,2,23,11.4,0.159057,2,12,4,0,1,1,0,3,3,3,1.1114233255422965
460,17.36,0,6,-3.7,0.158977,0,2,0,0,1,1,0,0,1,1,0.507090285136108
461,17.41,1,58,6.7,0.158898,1,17,2,0,1,1,0,4,7,5,0.5073601700674549
462,17.44,0,21,-1.3,0.158818,0,10,0,0,1,1,0,4,3,2,0.7518470428954869
463,17.44,0,5,-2.8,0.158739,0,3,1,0,1,1,0,0,1,3,1.0498856038375581
464,17.5,0,43,3.3,0.158659,0,16,0,0,1,1,0,3,6,4,0.5999545609311308
465,17.51,0,21,1.4,0.15858,0,11,0,0,1,1,0,2,3,5,0.7970046248172713
466,17.52,0,15,-2.7,0.158501,0,5,1,0,1,1,0,1,2,2,0.5077850013508531
467,17.57,1,43,6.3,0.158421,1,16,1,0,1,1,0,5,5,4,0.7254179995369966
468,17.58,0,14,-4.5,0.158342,0,5,0,0,1,1,0,3,2,1,0.8465210299661567
469,17.61,0,29,-2.3,0.158263,0,9,0,0,1,1,0,3,4,4,0.5180735252004345
470,17.64,2,32,11.4,0.158184,2,12,2,0,1,1,0,2,4,4,0.9468425900081766
471,17.65,0,16,-5.2,0.158105,0,4,0,0,1,1,0,2,2,6,0.8858234806834977
472,17.67,0,14,-2.6,0.158026,0,6,0,0,1,1,0,2,2,2,0.6627332837786198
473,17.7,1,29,4.0,0.157947,1,8,1,0,1,1,0,1,3,1,1.028658821541272
474,17.77,1,66,7.1,0.157868,1,17,1,0,1,1,0,3,6,3,0.6331659252527939
475,17.86,2,77,6.9,0.157789,2,14,1,0,0,1,0,3,8,14,0.9470660547163554
476,17.87,0,13,-1.4,0.15771,0,7,1,0,1,1,0,2,2,1,0.7486979253860296
477,17.89,0,23,-0.7,0.157631,0,7,1,0,1,1,0,0,3,4,0.43803419281543393
478,17.93,1,39,4.7,0.157552,1,12,1,0,1,1,0,3,5,4,0.8640402306096857
479,17.99,0,54,4.1,0.157474,0,17,0,0,1,1,0,2,7,5,0.3965316246471702
480,18.01,0,20,-5.3,0.157395,0,5,0,0,1,1,0,3,3,3,0.5023889195893588
481,18.02,0,15,-3.6,0.157316,0,5,1,0,1,1,0,2,2,1,0.6562139775921539
482,18.05,0,29,3.7,0.157237,0,13,0,0,1,1,0,1,4,4,0.591717770496552
483,18.1,2,50,14.4,0.157159,2,18,2,0,1,1,0,3,6,6,0.7374168452793878
484,18.15,1,39,6.4,0.15708,1,14,1,0,1,1,0,3,5,7,0.734638401400603
485,18.16,0,6,-3.6,0.157002,0,3,0,0,1,1,0,1,1,0,0.8474818396636241
486,18.18,0,22,3.6,0.156923,0,12,1,0,1,1,0,1,3,2,0.7164489140731387
487,18.2,0,14,-0.6,0.156845,0,6,0,0,1,1,0,0,2,2,0.4393665084749695
488,18.2,0,6,-4.7,0.156766,0,3,0,0,1,1,0,2,1,1,0.8287853668476166
489,18.33,1,96,6.0,0.156688,1,26,1,0,1,1,0,9,12,14,0.7206405249856376
490,18.34,0,15,-6.6,0.15661,0,4,0,0,1,1,0,4,2,1,0.6179498138910084
491,18.44,1,95,5.3,0.156531,1,23,1,1,1,1,0,7,9,12,0.9276035627650321
492,18.46,0,14,-1.7,0.156453,0,6,0,0,1,1,0,1,2,3,0.43849159773659874
493,18.46,0,7,-3.8,0.156375,0,3,0,0,1,1,0,1,1,1,0.3327642487920322
494,18.47,0,7,-4.7,0.156297,0,3,0,0,1,1,0,2,1,0,0.565514518917514
495,18.47,0,6,-3.7,0.156218,0,2,0,0,1,1,0,0,1,1,0.44080734277036465
496,18.5,0,29,2.6,0.15614,0,13,0,0,1,1,0,2,4,5,0.777383386811213
497,18.53,0,31,-1.6,0.156062,0,9,0,0,1,1,0,2,4,5,0.7288606127808515
498,18.55,0,28,-1.3,0.155984,0,10,0,0,1,1,0,3,4,5,0.5546224778025947
499,18.6,1,49,9.3,0.155906,1,20,1,0,1,1,0,5,6,8,0.7937314581381647
500,18.62,1,22,1.6,0.155828,1,6,1,0,1,1,0,2,3,2,0.9527722011213258
501,18.64,1,23,2.3,0.15575,1,5,1,0,1,1,0,0,3,4,1.0485069642640952
502,18.69,1,43,9.3,0.155673,1,15,1,0,1,1,0,1,6,4,0.5158401834561043
503,18.7,0,13,-3.3,0.155595,0,5,0,0,1,1,0,2,2,0,0.5391512945276857
504,18.8,3,94,16.0,0.155517,3,20,3,0,0,1,0,4,10,6,1.034332070891502
505,18.83,1,38,8.8,0.155439,2,11,1,0,1,1,0,3,4,4,0.744811545783139
506,18.89,1,53,5.2,0.155361,1,17,2,0,1,1,0,6,6,5,0.7569661926832941
507,18.91,0,21,-4.2,0.155284,0,6,0,0,1,1,0,3,3,1,0.4979228053570251
508,18.91,0,5,-2.8,0.155206,0,3,1,0,1,1,0,0,1,3,1.842357810424914
509,18.93,1,16,1.9,0.155129,1,5,1,0,1,1,0,1,2,5,0.7904729206989989
510,18.93,0,6,-3.8,0.155051,0,3,0,0,1,1,0,1,1,2,0.754036352478528
511,18.99,2,60,2.6,0.154973,2,11,2,0,1,1,0,7,5,4,0.8951091003743114
512,19.0,0,6,-3.7,0.154896,0,2,0,0,1,1,0,0,1,1,0.4292815915311657
513,19.02,0,23,0.3,0.154818,0,10,0,0,1,1,0,2,3,4,0.5458348771987316
514,19.05,1,30,6.7,0.154741,1,10,2,0,1,1,0,0,4,3,0.7591714709222884
515,19.08,1,26,1.9,0.154664,1,7,1,0,1,1,0,2,3,5,0.6148354749530246
516,19.09,0,13,-1.4,0.154586,0,5,0,0,1,1,0,0,2,1,0.4549936529345298
517,19.14,2,53,10.1,0.154509,2,14,1,0,1,1,0,3,6,6,0.5989659539938919
518,19.15,0,15,-2.7,0.154432,0,5,0,0,1,1,0,1,2,2,0.44899291251066237
519,19.17,0,22,1.5,0.154355,0,10,1,0,1,1,0,1,3,3,0.8366694475673715
520,19.24,2,63,9.2,0.154277,2,17,3,0,1,1,0,6,8,5,0.9066265013777313
521,19.27,0,29,-3.1,0.1542,0,8,0,0,1,1,0,3,4,2,0.8219189164026864
522,19.29,0,23,-0.8,0.154123,0,8,2,0,1,1,0,1,3,5,0.45405715843206174
523,19.37,0,66,3.1,0.154046,0,21,0,0,1,1,0,6,7,3,0.7005011629357248
524,19.44,1,66,4.6,0.153969,1,20,0,0,1,1,0,8,8,8,0.6183576419524287
525,19.46,0,15,-5.7,0.153892,0,4,0,0,1,1,0,3,2,2,0.6809367621138432
526,19.58,2,114,18.9,0.153815,2,31,2,0,1,1,0,5,13,7,0.7163947358906814
527,19.63,0,44,3.1,0.153738,0,16,1,0,1,1,0,3,6,5,0.6364352552566834
528,19.65,0,21,-2.5,0.153661,0,7,0,0,1,1,0,2,3,4,0.5402923534519777
529,19.67,0,20,1.7,0.153585,0,9,0,0,1,1,0,0,3,3,0.5373339486499814
530,19.71,1,51,10.3,0.153508,1,19,1,0,1,1,0,3,6,6,0.68486428597796
531,19.77,1,58,2.6,0.153431,1,17,1,0,0,1,0,8,7,6,0.7547555733009557
532,19.79,0,22,-6.4,0.153354,0,4,0,0,1,1,0,3,3,2,0.3849803792334665
533,19.88,2,75,13.3,0.153278,2,21,2,0,1,1,0,4,9,12,0.6934344656985405
534,19.94,5,56,30.0,0.153201,5,18,6,0,1,1,0,2,6,4,1.1002299977802774
535,19.96,0,21,0.7,0.153124,0,9,0,0,1,1,0,1,3,2,0.5673896379893721
536,20.0,2,42,9.4,0.153048,2,12,2,0,1,1,0,3,4,4,0.7560961477970574
537,20.04,1,33,3.2,0.152971,1,9,1,0,1,1,0,2,4,5,0.6040445365053051
538,20.07,1,33,7.2,0.152895,1,13,1,0,1,1,0,2,4,5,0.8419311199469535
539,20.14,0,60,-1.7,0.152818,0,16,0,0,1,1,0,6,6,7,0.4976592105729427
540,20.17,0,29,-1.5,0.152742,0,10,2,0,1,1,0,3,4,6,0.6278908442729074
541,20.18,0,14,-4.6,0.152666,0,4,0,0,1,1,0,2,2,2,0.43488378405231576
542,20.2,0,14,-5.6,0.152589,0,5,0,0,1,1,0,4,2,2,0.6352220732424024
543,20.2,0,5,-2.8,0.152513,0,3,0,0,1,1,0,0,1,3,0.8560860434897272
544,20.2,0,6,-4.6,0.152437,0,2,0,0,1,1,0,1,1,0,0.5633968394059002
545,20.29,4,82,33.1,0.15236,4,30,3,0,1,1,0,3,8,7,0.9176465326984616
546,20.34,0,43,-6.5,0.152284,0,11,0,0,0,1,0,8,5,2,0.9465526896051714
547,20.35,0,13,-4.4,0.152208,0,4,0,0,1,1,0,2,2,1,0.44864357008798306
548,20.36,0,7,-3.7,0.152132,0,2,0,0,1,1,0,0,1,0,0.4631983021653142
549,20.37,0,13,-1.7,0.152056,0,6,0,0,1,1,0,1,2,4,0.808209577618341
550,20.38,0,13,-2.5,0.15198,0,5,0,0,1,1,0,1,2,2,0.7064940775644494
551,20.49,3,92,20.5,0.151904,3,27,3,0,1,1,0,6,11,13,0.9348860676378214
552,20.57,1,73,6.9,0.151828,1,20,1,0,0,1,0,5,8,8,0.9532222354974126
553,20.6,0,28,1.9,0.151752,0,11,0,0,1,1,0,1,4,3,0.7984282137064539
554,20.6,0,6,-3.6,0.151676,0,3,0,0,1,1,0,1,1,0,0.5739501543323268
555,20.66,2,67,20.3,0.1516,2,25,3,0,1,1,0,2,8,10,0.6583136457458303
556,20.72,1,45,7.7,0.151525,1,15,1,0,1,1,0,2,6,8,0.8539977403834447
557,20.73,0,6,-2.9,0.151449,0,3,0,0,1,1,0,0,1,3,0.8578430173955139
558,20.76,2,32,7.4,0.151373,2,9,2,0,1,1,0,3,4,4,0.8823504171978743
559,20.78,0,25,-3.0,0.151297,0,8,0,0,1,1,0,3,3,5,0.7353906059381384
560,20.79,0,6,-4.6,0.151222,0,2,1,0,1,1,0,1,1,0,0.4094162368653433
561,20.82,0,32,0.3,0.151146,0,12,0,0,1,1,0,3,4,5,0.715882039175729
562,20.85,1,23,3.3,0.151071,1,8,2,0,1,1,0,2,3,4,1.0777854139061214
563,20.88,1,29,3.8,0.150995,1,8,1,0,1,1,0,1,3,3,0.5228684243758664
564,20.89,0,14,-2.6,0.15092,0,6,0,0,1,1,0,2,2,2,0.7727547995526723
565,20.95,1,57,0.8,0.150844,1,12,1,0,1,1,0,5,7,5,0.9070751491731169
566,20.97,0,23,-2.6,0.150769,0,7,0,0,1,1,0,2,3,3,0.4989736380265081
567,21.0,0,22,-5.5,0.150693,0,6,0,0,1,1,0,4,3,3,0.6634555747756264
568,21.0,0,6,-2.7,0.150618,0,3,0,0,1,1,0,0,1,1,0.825036962102379
569,21.04,0,35,-2.7,0.150543,0,9,0,0,1,1,0,3,5,2,0.7980655656349769
570,21.06,0,23,-1.5,0.150467,0,8,0,0,1,1,0,2,3,2,0.6940764902672268
571,21.09,0,34,2.3,0.150392,0,14,0,0,1,1,0,3,5,3,0.6190119938802601
572,21.28,8,159,16.1,0.150317,3,30,3,1,1,1,0,7,16,10,0.680483880422663
573,21.29,0,15,-3.7,0.150242,0,6,0,0,1,1,0,3,2,2,0.9169078261496767
574,21.34,2,40,2.8,0.150167,2,8,1,0,0,1,0,6,4,2,1.2066321061259229
575,21.35,0,13,-2.4,0.150092,0,6,0,0,1,1,0,2,2,1,0.7823254115777847
576,21.36,0,14,-2.6,0.150017,0,6,0,0,1,1,0,2,2,2,0.6488894363039118
577,21.39,0,21,-4.5,0.149942,0,7,0,0,1,1,0,4,3,4,0.7788531577115397
578,21.49,5,94,28.8,0.149867,5,23,2,0,1,1,0,4,10,8,0.9984286793094674
579,21.49,0,5,-2.7,0.149792,0,4,0,0,1,1,0,1,1,2,1.2304501029382295
580,21.51,0,13,-3.4,0.149717,0,5,0,0,1,1,0,2,2,1,0.5416954346133723
581,21.59,1,75,16.0,0.149642,1,27,2,0,1,1,0,3,9,5,0.6476033530872454
582,21.68,1,84,13.5,0.149567,1,26,0,0,1,1,0,3,10,11,0.6126973830787908
583,21.74,4,67,14.7,0.149492,4,13,2,0,1,1,0,6,7,6,1.3634078337224378
584,21.78,1,42,4.5,0.149418,1,11,1,0,1,1,0,2,5,3,0.6666466871544307
585,21.81,0,34,1.9,0.149343,0,12,0,0,1,1,0,1,4,7,0.6170633775753099
586,22.02,1,186,4.9,0.149268,1,36,1,0,1,1,0,11,18,15,0.7878967461010667
587,22.04,0,21,-1.3,0.149193,0,8,0,0,1,1,0,2,3,2,0.6509659874954353
588,22.1,1,76,13.6,0.149119,1,26,2,0,1,1,0,4,8,8,0.5752594420966637
589,22.13,1,29,5.8,0.149044,1,10,2,0,1,1,0,1,3,3,0.6156721499893694
590,22.14,0,14,-3.4,0.14897,0,3,1,0,1,1,0,0,2,0,0.43282257911068633
591,22.16,0,27,-0.1,0.148895,0,9,0,0,1,1,0,1,4,4,0.7856676502125263
592,22.17,0,6,-2.7,0.148821,0,3,0,0,1,1,0,0,1,1,0.5573642645634123
593,22.19,0,28,0.0,0.148746,0,8,0,0,1,1,0,0,4,2,0.6461879186341404
594,22.24,1,52,11.5,0.148672,1,19,0,0,1,1,0,2,7,3,0.6476381785876637
595,22.26,0,21,-5.2,0.148598,0,5,0,0,1,1,0,3,3,1,0.6083029104477911
596,22.28,0,20,-0.3,0.148523,0,9,1,0,1,1,0,2,3,3,0.7356765415527712
597,22.32,0,44,2.1,0.148449,0,16,1,0,1,1,0,4,6,5,0.6294953206336302
598,22.35,0,32,-2.7,0.148375,0,10,0,0,1,1,0,4,4,5,0.6037511363393655
599,22.35,0,13,-2.5,0.148301,0,5,0,0,1,1,0,1,2,2,1.1454974990101428
600,22.36,0,6,-5.6,0.148227,0,1,0,0,1,1,0,1,1,0,0.2839498626297532
601,22.37,0,6,-4.6,0.148153,0,2,0,0,1,1,0,1,1,0,0.5675154190428793
602,22.37,0,6,-3.6,0.148078,0,3,1,0,1,1,0,1,1,0,0.6055306426385308
603,22.44,0,63,5.7,0.148004,0,19,0,0,0,1,0,1,7,10,0.6185115322948128
604,22.48,0,48,6.5,0.14793,0,19,0,0,1,1,0,2,6,7,0.5064927199380017
605,22.52,1,45,9.2,0.147856,1,16,1,0,1,1,0,2,6,3,0.6702136017520366
606,22.55,0,34,1.9,0.147783,0,13,0,0,1,1,0,2,5,7,0.5416363719935143
607,22.59,1,41,8.6,0.147709,1,17,1,0,1,1,0,4,5,3,0.7849652229882906
608,22.7,2,83,19.7,0.147635,2,28,3,0,1,1,0,4,9,10,0.8334907934251028
609,22.9,3,204,7.4,0.147561,3,26,3,0,1,1,0,7,19,12,0.8034115738565234
610,22.92,1,26,1.3,0.147487,1,6,1,0,1,1,0,2,3,1,0.6953490743586322
611,22.99,0,62,-1.9,0.147413,0,16,0,0,1,1,0,6,7,7,0.6314027481964595
612,23.12,4,161,22.2,0.14734,4,35,2,0,1,1,0,10,16,17,0.7034547053545558
613,23.13,1,26,2.1,0.147266,1,8,1,0,1,1,0,3,3,3,0.9315458490508386
614,23.19,0,61,8.0,0.147192,0,22,0,0,1,1,0,2,8,9,0.7827921410120393
615,23.23,0,41,2.5,0.147119,0,15,1,0,1,1,0,3,5,4,0.637604311882863
616,23.24,0,20,-1.2,0.147045,0,7,1,0,1,1,0,1,3,2,0.9405392100567266
617,23.31,3,60,18.3,0.146972,3,16,3,0,1,1,0,1,7,7,0.826491792163356
618,23.33,0,21,-1.4,0.146898,0,7,0,0,1,1,0,1,3,3,0.36667146314036586
619,23.4,1,66,10.5,0.146825,1,21,2,0,1,1,0,3,8,9,0.7044622972588994
620,23.41,0,20,-2.1,0.146751,0,5,0,0,1,1,0,0,3,1,0.6162429049799165
621,23.5,1,85,4.9,0.146678,1,18,0,0,1,1,0,4,9,6,0.48302687706857006
622,23.53,0,29,-3.2,0.146605,0,9,1,0,1,1,0,4,4,3,0.699587573849341
623,23.55,1,21,5.9,0.146531,1,9,3,0,1,1,0,1,3,0,0.6584120727455625
624,23.57,1,25,2.1,0.146458,1,7,1,0,1,1,0,2,3,4,0.657231218690892
625,23.57,0,14,-3.5,0.146385,0,6,0,0,1,1,0,3,2,1,0.6098851550183852
626,23.61,0,38,0.5,0.146312,0,12,0,0,1,1,0,2,5,7,0.4816023756219036
627,23.62,1,17,2.0,0.146239,1,5,1,0,1,1,0,1,2,3,1.1748866489997307
628,23.68,3,56,17.2,0.146165,3,15,2,0,1,1,0,2,6,2,0.7120785468118055
629,23.76,2,81,17.9,0.146092,2,27,3,0,1,1,0,5,9,10,0.597382195996552
630,23.89,3,111,11.9,0.146019,3,25,2,0,1,1,0,11,10,10,0.5583256447024983
631,23.94,0,53,4.2,0.145946,0,19,0,0,1,1,0,4,7,5,0.5101449324041284
632,23.98,1,39,4.6,0.145873,1,14,1,0,1,1,0,5,5,5,0.7097969016847254
633,24.01,1,34,9.3,0.1458,1,16,2,0,1,1,0,3,4,3,0.9961009241666997
634,24.1,2,80,14.9,0.145727,2,25,4,0,0,1,0,6,9,11,0.8317950632780473
635,24.13,0,35,2.0,0.145655,0,14,0,0,1,1,0,3,5,5,0.7993203402353721
636,24.14,0,6,-4.8,0.145582,0,2,0,0,1,1,0,1,1,2,0.637059846676827
637,24.21,1,63,8.3,0.145509,1,18,2,0,1,1,0,3,7,4,0.6424920511049408
638,24.22,0,20,-1.4,0.145436,0,9,1,0,1,1,0,3,3,4,0.9849551625690441
639,24.25,1,31,1.6,0.145364,1,9,3,0,1,1,0,4,4,3,0.7045831898772327
640,24.29,1,32,1.3,0.145291,1,8,1,0,1,1,0,3,4,5,0.9768419510578372
641,24.4,2,93,6.8,0.145218,2,23,2,0,1,1,0,11,9,9,0.6555266837567544
642,24.41,0,13,-2.3,0.145146,0,7,1,0,1,1,0,3,2,0,0.9482774092222012
643,24.48,2,67,14.6,0.145073,2,21,2,0,0,1,0,4,7,7,0.7686112205856996
644,24.49,0,13,-2.7,0.145,0,4,1,0,1,1,0,0,2,4,0.9886590204950885
645,24.55,1,57,7.8,0.144928,1,15,1,0,1,1,0,1,6,5,0.4947447857040497
646,24.57,0,21,-1.3,0.144856,0,6,1,0,1,1,0,0,3,2,0.46948164371991075
647,24.64,1,65,5.8,0.144783,1,17,1,0,1,1,0,4,8,7,1.015964127378889
648,24.66,0,23,2.4,0.144711,0,10,0,0,0,1,0,0,3,3,1.181464111526384
649,24.67,0,14,-2.4,0.144638,0,6,0,0,1,1,0,2,2,0,0.6048292219081274
650,24.69,0,22,-2.8,0.144566,0,8,0,0,1,1,0,3,3,6,0.7273680671840506
651,24.7,0,7,-2.7,0.144494,0,3,1,0,1,1,0,0,1,0,0.4314689763986342
652,24.76,1,56,9.7,0.144421,1,20,1,0,1,1,0,4,7,7,0.60586643241812
653,24.78,0,28,0.0,0.144349,0,11,0,0,1,1,0,3,4,2,0.7513497013743213
654,24.79,0,6,-4.6,0.144277,0,2,0,0,1,1,0,1,1,0,0.4677114963952165
655,24.79,0,6,-5.6,0.144205,0,1,0,0,1,1,0,1,1,0,0.4066235347312627
656,24.83,1,44,6.1,0.144133,1,17,2,0,1,1,0,6,5,5,0.7932222823882298
657,24.85,1,24,3.4,0.144061,1,9,2,0,1,1,0,3,3,2,0.7478877738404043
658,24.86,0,6,-3.6,0.143989,0,3,0,0,1,1,0,1,1,0,1.0081093799181173
659,24.87,0,13,0.5,0.143917,0,8,0,0,1,1,0,1,2,2,0.721872490063262
660,24.88,0,22,1.5,0.143845,0,9,1,0,1,1,0,0,3,3,0.4027506990443834
661,24.98,5,76,31.7,0.143773,5,21,5,0,1,1,0,1,7,7,0.7909363958270743
662,24.98,0,6,-2.7,0.143701,0,3,0,0,1,1,0,0,1,1,0.7423718751821032
663,25.08,1,84,10.9,0.143629,1,27,3,0,0,1,0,7,8,7,0.8755742725922673
664,25.2,2,105,8.2,0.143557,2,19,1,0,1,1,0,4,12,13,0.5954147249025614
665,25.21,0,13,-2.5,0.143486,0,5,1,0,1,1,0,1,2,2,0.5034166043897659
666,25.22,0,13,-3.6,0.143414,0,5,0,0,1,1,0,2,2,3,0.6960048241694582
667,25.24,0,29,0.6,0.143342,0,10,0,0,1,1,0,1,4,5,0.501350590866693
668,25.34,3,91,11.9,0.14327,3,16,0,0,1,1,0,4,7,10,0.7247196484181737
669,25.39,6,58,1.5,0.143199,1,14,1,1,1,1,0,6,6,7,0.7600528512791046
670,25.42,2,33,7.4,0.143127,2,8,2,0,1,1,0,2,4,3,0.7681247866261546
671,25.56,2,123,15.8,0.143056,2,31,2,0,1,1,0,6,13,19,0.823978910013182
672,25.59,1,33,5.2,0.142984,1,10,1,0,1,1,0,1,4,5,0.6141507272493378
673,25.63,1,34,2.1,0.142913,1,9,1,0,1,1,0,3,4,5,0.702765586877657
674,25.93,2,242,-4.1,0.142841,2,37,2,0,1,1,0,20,20,19,0.833903843186725
675,25.97,0,43,1.2,0.14277,0,12,0,0,1,1,0,1,5,5,0.5516281554262982
676,25.99,0,21,0.5,0.142698,0,9,0,0,1,1,0,1,3,4,0.6377482170473454
677,26.0,0,14,-2.6,0.142627,0,4,0,0,1,1,0,0,2,2,0.5800917228299992
678,26.03,1,24,2.3,0.142556,1,7,2,0,1,1,0,2,3,3,0.6711961366288569
679,26.03,0,5,-2.8,0.142484,0,3,0,0,1,1,0,0,1,3,0.7612757777692
680,26.08,0,49,-8.1,0.142413,0,11,1,0,1,1,0,9,6,2,0.8251207346981232
681,26.11,1,31,9.5,0.142342,1,14,1,0,1,1,0,1,4,4,0.6699876039303427
682,26.15,1,44,-1.6,0.142271,1,10,2,0,0,1,0,7,5,2,0.8788987271587303
683,26.16,0,13,-2.3,0.1422,0,5,1,0,1,1,0,1,2,0,0.7108255596476212
684,26.26,1,90,7.2,0.142129,1,25,2,0,1,1,0,8,10,8,1.1613742273259993
685,26.37,2,91,10.2,0.142057,2,20,2,0,1,1,0,5,9,7,0.5873869996636136
686,26.38,0,20,1.7,0.141986,0,11,0,0,1,1,0,2,3,3,0.7274672692334824
687,26.43,1,37,8.0,0.141915,1,13,1,0,1,1,0,1,4,3,0.7021948944206349
688,26.53,1,90,6.5,0.141845,1,17,2,0,1,1,0,1,10,5,0.5946761360835072
689,26.55,0,20,-0.6,0.141774,0,7,2,0,1,1,0,0,3,6,1.0229762659249668
690,26.59,0,36,-1.2,0.141703,0,13,0,0,1,1,0,5,5,6,0.853152098814341
691,26.61,0,23,-0.6,0.141632,0,10,0,0,1,1,0,3,3,3,0.7660267992212183
692,26.63,1,20,2.7,0.141561,1,9,1,0,1,1,0,4,2,3,1.2866628249604788
693,26.64,0,14,-3.7,0.14149,0,7,1,0,1,1,0,4,2,3,1.207035438983225
694,26.75,8,98,25.1,0.14142,3,30,2,1,0,1,0,4,11,11,1.0654028958425454
695,26.76,0,13,1.4,0.141349,0,8,0,0,1,1,0,0,2,3,0.8403314574532476
696,26.78,0,26,-4.8,0.141278,0,8,2,0,1,1,0,5,3,2,0.961252703394109
697,26.78,0,6,-3.6,0.141207,0,3,0,0,1,1,0,1,1,0,0.7322233798489686
698,26.81,0,27,6.8,0.141137,0,17,0,0,1,1,0,2,4,5,0.977125635007505
699,26.83,0,20,-2.3,0.141066,0,7,1,0,1,1,0,2,3,3,0.6728802001184044
700,26.9,2,67,12.7,0.140996,2,18,3,0,1,1,0,3,8,6,0.7611473563712169
701,26.94,1,37,8.8,0.140925,1,15,1,0,1,1,0,2,4,5,0.7082842081425464
702,27.0,1,55,6.2,0.140855,1,15,1,0,1,1,0,3,7,3,0.6582109686690008
703,27.01,0,16,-0.9,0.140784,0,9,0,0,1,1,0,3,2,3,0.8469723626813139
704,27.06,1,52,3.5,0.140714,1,13,1,0,1,1,0,4,7,3,0.5765147698930598
705,27.11,0,46,-2.5,0.140644,0,12,0,0,1,1,0,4,6,9,0.5699330602684597
706,27.31,3,131,13.9,0.140573,3,26,3,0,1,1,0,8,15,10,0.6917490453696987
707,27.41,3,90,12.0,0.140503,3,15,2,0,1,1,0,3,8,10,0.66777179338136
708,27.51,2,129,4.2,0.140433,2,23,3,0,1,1,0,10,14,9,0.8403717027982994
709,27.52,0,6,-4.6,0.140363,0,2,0,0,1,1,0,1,1,0,0.4516340784778117
710,27.54,0,28,-3.0,0.140292,0,7,0,0,1,1,0,2,4,2,0.609433337370164
711,27.61,1,61,7.2,0.140222,1,19,1,0,0,1,0,5,7,7,0.9253793245037724
712,27.61,0,7,-3.7,0.140152,0,2,0,0,1,1,0,0,1,0,0.262965281705723
713,27.62,0,6,-5.7,0.140082,0,2,0,0,1,1,0,2,1,1,0.6367855462140108
714,27.64,0,22,-1.4,0.140012,0,9,1,0,1,1,0,3,3,2,0.8692815959507881
715,27.73,4,96,28.2,0.139942,4,32,4,0,1,1,0,8,11,12,0.7848919948088678
716,27.79,1,51,4.4,0.139872,1,16,1,0,1,1,0,6,6,5,0.7491159080592473
717,27.84,2,49,7.8,0.139802,2,12,2,0,1,1,0,4,5,3,0.6527325071324914
718,27.86,0,14,-2.6,0.139732,0,4,0,0,1,1,0,0,2,2,0.9378387597000123
719,27.95,2,82,19.6,0.139662,2,27,2,0,1,1,0,3,10,12,0.8152117604429924
720,28.03,2,84,8.9,0.139592,2,21,0,0,1,1,0,8,10,7,0.7883261879209112
721,28.11,2,82,8.3,0.139523,2,19,1,0,1,1,0,6,10,15,0.7771435441772162
722,28.19,1,72,11.4,0.139453,1,21,3,0,1,1,0,2,9,4,0.6074543582779278
723,28.24,0,49,8.4,0.139383,0,20,1,0,1,1,0,1,7,7,0.6145908337080537
724,28.26,0,23,-3.6,0.139314,0,6,0,0,1,1,0,2,3,3,0.6044888203958435
725,28.34,0,78,-6.5,0.139244,0,13,0,0,0,1,0,6,9,7,0.8535172296824933
726,28.35,2,21,5.7,0.139174,2,6,3,0,1,1,0,3,3,2,1.7936096900368614
727,28.42,1,66,4.6,0.139105,1,17,1,0,1,1,0,5,7,8,0.5232299098277927
728,28.43,0,16,-1.8,0.139035,0,5,0,0,1,1,0,0,2,2,0.301474570762465
729,28.48,1,44,6.3,0.138966,1,12,1,0,1,1,0,1,5,3,0.783990639215206
730,28.51,0,37,1.8,0.138896,0,13,0,0,1,1,0,2,5,5,0.6603713166426083
731,28.6,1,92,-0.3,0.138827,1,18,0,0,0,1,0,8,10,11,0.7965419803589997
732,28.62,0,21,-3.2,0.138757,0,7,0,0,1,1,0,3,3,1,0.7308940293565962
733,28.63,0,21,-3.3,0.138688,0,9,0,0,1,1,0,5,3,2,0.8492966758935848
734,28.7,1,68,8.7,0.138619,1,21,1,0,1,1,0,5,8,5,0.6090440415136097
735,28.76,1,62,10.4,0.138549,1,21,1,0,1,1,0,4,8,4,0.7101056942970432
736,28.82,0,61,6.2,0.13848,0,20,1,0,1,1,0,2,8,7,0.661282361271897
737,28.91,4,89,23.5,0.138411,4,23,3,0,0,1,0,5,9,6,0.7567493583029103
738,28.93,0,22,-4.5,0.138341,0,7,0,0,1,1,0,4,3,3,0.6863182383845159
739,28.97,0,30,-1.8,0.138272,0,11,1,0,1,1,0,4,4,8,0.5912896680048977
740,29.0,0,35,4.0,0.138203,0,14,0,0,1,1,0,1,5,5,0.6597364713289504
741,29.0,0,6,-4.7,0.138134,0,3,0,0,1,1,0,2,1,1,1.0548047153880555
742,29.01,0,6,-5.6,0.138065,0,1,0,0,1,1,0,1,1,0,0.4774121358248981
743,29.03,2,33,6.3,0.137996,2,8,2,0,1,1,0,3,4,4,0.7635715623268495
744,29.13,2,81,7.8,0.137927,2,16,3,0,0,1,0,4,8,11,0.8363031396807215
745,29.14,0,21,-1.3,0.137858,0,8,0,0,1,1,0,2,3,2,0.47174518171177227
746,29.2,1,61,8.2,0.137789,1,20,1,0,1,1,0,5,7,7,0.6328752719602279
747,29.25,1,52,6.0,0.13772,1,18,1,0,1,1,0,6,7,8,0.783404323735789
748,29.34,4,86,32.2,0.137651,4,28,4,0,1,1,0,1,9,12,0.8326111390323274
749,29.41,1,78,18.1,0.137583,1,29,1,0,1,1,0,2,9,11,0.5580163081024644
750,29.44,0,31,-2.6,0.137514,0,9,0,0,1,1,0,3,4,5,0.5482598773256382
751,29.48,1,40,11.4,0.137445,1,17,1,0,1,1,0,1,5,6,0.8084666391878457
752,29.57,9,88,21.5,0.137376,4,20,2,1,1,1,0,4,7,7,0.9139021854025444
753,29.57,0,5,-2.8,0.137308,0,3,0,0,1,1,0,0,1,3,1.316213495803082
754,29.58,0,7,-3.7,0.137239,0,2,0,0,1,1,0,0,1,0,0.3341405207026744
755,29.58,0,13,-2.5,0.13717,0,7,0,0,1,1,0,3,2,2,0.9072721139323305
756,29.6,1,23,9.0,0.137102,1,12,2,0,1,1,0,0,3,7,1.0310761482974429
757,29.6,0,7,-5.7,0.137033,0,2,0,0,1,1,0,2,1,0,0.4768789572437687
758,29.67,1,53,4.9,0.136965,1,16,1,0,0,1,0,5,6,8,0.9755606961342024
759,29.74,2,67,14.7,0.136896,2,22,2,0,1,1,0,5,8,6,0.696520602786764
760,29.78,0,44,-1.5,0.136828,0,9,0,0,1,1,0,1,6,1,0.5483892972370726
761,29.83,0,42,-6.7,0.136759,0,11,0,0,1,1,0,8,5,5,0.9319495161773093
762,29.9,0,67,-1.5,0.136691,0,13,1,0,1,1,0,2,7,8,0.6863924120527618
763,29.91,0,7,-4.8,0.136623,0,2,0,0,1,1,0,1,1,1,0.7766094350049412
764,29.92,1,16,3.2,0.136554,1,7,2,0,1,1,0,2,2,2,0.93259687606992
765,29.96,2,46,12.9,0.136486,2,18,3,0,1,1,0,5,5,5,0.8399882420982364
766,29.98,0,20,0.5,0.136418,0,10,0,0,1,1,0,2,3,5,0.7529467972811383
767,30.0,0,21,-4.2,0.13635,0,8,0,0,1,1,0,5,3,1,0.8263266375200787
768,30.08,1,75,9.8,0.136281,1,24,1,0,1,1,0,6,8,7,0.9789125118674163
769,30.13,0,63,4.9,0.136213,0,19,0,0,1,1,0,2,8,8,0.5533696341617518
770,30.22,3,88,21.5,0.136145,3,27,3,0,1,1,0,6,11,7,0.7753376354849586
771,30.24,1,25,3.2,0.136077,1,7,1,0,1,1,0,1,3,3,0.4458021501981214
772,30.25,0,13,-1.5,0.136009,0,6,1,0,1,1,0,1,2,2,0.6243889211968463
773,30.31,1,63,1.2,0.135941,1,14,2,0,1,1,0,6,7,5,0.7859597406397143
774,30.32,0,14,-2.6,0.135873,0,6,0,0,1,1,0,2,2,2,0.6124371697818037
775,30.35,1,31,5.3,0.135805,1,10,2,0,1,1,0,1,4,6,0.7052805727161915
776,30.4,2,57,14.0,0.135737,2,21,2,0,1,1,0,6,6,3,0.7222024063350667
777,30.45,0,45,7.0,0.135669,0,17,0,0,1,1,0,0,6,5,0.7229739828373619
778,30.46,0,14,-4.6,0.135601,0,4,0,0,1,1,0,2,2,2,0.49538764130988266
779,30.5,0,37,-2.2,0.135534,0,12,0,0,1,1,0,5,5,5,0.5979041625284539
780,30.51,0,13,0.5,0.135466,0,8,0,0,1,1,0,1,2,2,0.6652626361347397
781,30.54,0,30,2.7,0.135398,0,13,0,0,0,1,0,2,4,3,1.0337052528857322
782,30.57,1,39,4.5,0.13533,1,10,1,0,1,1,0,1,4,6,0.7506942363307014
783,30.6,0,32,0.4,0.135263,0,11,0,0,1,1,0,2,4,4,0.5811740590641097
784,30.61,0,13,2.6,0.135195,0,9,1,0,1,1,0,0,2,1,0.8652556368294753
785,30.79,2,139,15.3,0.135128,2,35,2,0,1,1,0,9,16,18,0.6392110189416558
786,30.85,1,65,8.0,0.13506,1,19,1,0,1,1,0,4,8,5,0.7403966840790743
787,30.86,0,6,-6.7,0.134992,0,1,0,0,1,1,0,2,1,1,0.3029152012774358
788,30.88,0,30,3.6,0.134925,0,14,0,0,1,1,0,2,4,4,0.9039658460553496
789,30.92,0,37,0.1,0.134858,0,11,0,0,1,1,0,2,5,2,0.8429868455818234
790,31.01,3,91,13.8,0.13479,3,17,0,0,1,1,0,3,9,11,1.0008345747430585
791,31.07,0,55,-3.0,0.134723,0,11,0,0,1,1,0,3,7,5,0.8038987848646789
792,31.09,0,30,1.8,0.134655,0,12,1,0,1,1,0,2,4,2,0.5658508377651377
793,31.11,0,21,-1.3,0.134588,0,8,0,0,1,1,0,2,3,2,0.494961813613492
794,31.15,1,44,5.2,0.134521,1,13,1,0,1,1,0,3,5,4,0.716874837552548
795,31.16,0,6,-4.6,0.134453,0,2,0,0,1,1,0,1,1,0,0.3607845003434571
796,31.17,0,7,-5.7,0.134386,0,2,0,0,1,1,0,2,1,0,0.9318433166594338
797,31.32,6,142,8.3,0.134319,1,29,2,1,1,1,0,5,14,15,0.7143596980836461
798,31.34,0,21,-2.4,0.134252,0,8,1,0,1,1,0,3,3,3,0.774094691848617
799,31.45,1,103,9.8,0.134185,1,27,2,0,1,1,0,6,12,9,0.5353395357309569
800,31.46,0,6,-3.6,0.134118,0,3,0,0,1,1,0,1,1,0,1.0700267161310064
801,31.61,0,93,4.9,0.134051,0,25,0,0,0,1,0,5,11,8,0.6703462264903693
802,31.63,0,16,-2.8,0.133984,0,6,0,0,1,1,0,2,2,2,0.5200261788918552
803,31.64,0,15,-2.7,0.133917,0,4,1,0,1,1,0,0,2,2,0.4799738059672876
804,31.79,4,119,19.7,0.13385,4,30,3,0,0,1,0,12,12,14,0.9262618952912282
805,31.81,0,21,-3.3,0.133783,0,8,0,0,1,1,0,4,3,2,1.0188128645526633
806,31.84,0,28,2.9,0.133716,0,15,1,0,1,1,0,4,4,3,1.182869218646878
807,31.85,0,13,-3.5,0.133649,0,5,0,0,1,1,0,2,2,2,0.8823827854609424
808,31.92,0,59,6.2,0.133582,0,19,1,0,1,1,0,1,8,9,0.6351629760461094
809,32.04,2,121,11.8,0.133515,2,29,2,0,1,1,0,9,13,11,0.9146720131887303
810,32.08,1,36,3.7,0.133449,1,10,0,0,1,1,0,2,4,7,0.7560768713629843
811,32.1,1,27,0.9,0.133382,1,7,1,0,1,1,0,3,4,4,1.1900621225658645
812,32.11,0,8,-3.8,0.133315,0,3,0,0,1,1,0,1,1,0,0.5684885959422612
813,32.12,0,7,-3.7,0.133249,0,2,0,0,1,1,0,0,1,0,0.33506996077906315
814,32.17,0,34,-0.2,0.133182,0,11,0,0,0,1,0,2,4,8,0.691667056793243
815,32.18,0,14,-1.7,0.133115,0,8,1,0,1,1,0,3,2,3,0.8028101515563871
816,32.27,3,78,19.4,0.133049,3,23,2,0,1,1,0,5,8,8,0.7423581969984845
817,32.33,0,43,0.9,0.132982,0,14,0,0,1,1,0,3,6,8,0.6993104895500362
818,32.4,1,45,7.0,0.132916,1,17,1,0,1,1,0,5,5,5,0.8050555659571632
819,32.45,3,52,10.4,0.132849,3,9,1,0,1,1,0,3,5,4,0.7570976969926129
820,32.46,0,6,-4.6,0.132783,0,2,1,0,1,1,0,1,1,0,0.42484556920633354
821,32.47,0,13,0.3,0.132716,0,8,1,0,1,1,0,1,2,4,1.1449081382784465
822,32.55,2,66,8.0,0.13265,2,16,3,0,1,1,0,6,8,4,0.9158528131456903
823,32.57,1,26,1.3,0.132584,1,8,1,0,1,1,0,4,3,1,0.8796106617225738
824,32.59,0,29,-1.2,0.132517,0,9,0,0,1,1,0,2,4,3,0.8257912943990992
825,32.68,1,69,5.6,0.132451,1,15,1,0,1,1,0,2,8,5,0.6383866085975053
826,32.7,0,13,-1.6,0.132385,0,6,0,0,1,1,0,1,2,3,1.1780492154825573
827,32.72,1,25,7.4,0.132319,1,13,1,0,1,1,0,3,3,1,0.9253834785547503
828,32.8,3,73,16.3,0.132253,3,17,3,0,1,1,0,3,7,4,0.6970020113028504
829,32.82,0,22,-1.4,0.132187,0,7,0,0,1,1,0,1,3,2,0.42522078247287176
830,32.89,0,68,6.4,0.13212,0,23,0,0,0,1,0,4,8,8,0.9676131899895545
831,32.92,0,21,-4.5,0.132054,0,5,0,0,1,1,0,2,3,4,0.7185213698612348
832,32.96,1,49,7.0,0.131988,1,14,1,0,0,1,0,2,6,1,1.1770072205099886
833,33.1,1,105,8.5,0.131922,1,26,1,0,1,1,0,6,12,10,0.6463665095051808
834,33.12,0,17,-3.8,0.131856,0,5,0,0,1,1,0,2,2,1,0.33435332900917625
835,33.23,3,103,14.7,0.13179,3,27,3,0,1,1,0,11,10,10,0.892934479055357
836,33.24,0,21,-3.3,0.131725,0,6,0,0,1,1,0,2,3,2,0.6555827026743005
837,33.29,2,40,13.5,0.131659,2,15,2,0,1,1,0,2,5,5,0.8712100050435048
838,33.3,0,7,-6.8,0.131593,0,2,0,0,1,1,0,3,1,1,1.4811764238954337
839,33.31,0,13,-0.5,0.131527,0,7,0,0,1,1,0,1,2,2,0.6325299386373111
840,33.42,2,77,23.3,0.131461,2,29,2,0,1,1,0,2,8,10,0.7476399012989194
841,33.48,0,56,2.6,0.131396,0,15,1,0,1,1,0,1,7,8,0.5227035056664401
842,33.48,0,6,-4.6,0.13133,0,2,0,0,1,1,0,1,1,0,0.4163212443392461
843,33.51,0,32,-2.5,0.131264,0,11,0,0,1,1,0,5,4,3,0.9379636973280723
844,33.62,4,93,20.8,0.131199,4,18,2,0,1,1,0,2,9,9,0.8430170643780005
845,33.63,0,13,-3.3,0.131133,0,4,0,0,1,1,0,1,2,0,0.7779408147407292
846,33.65,0,13,-2.4,0.131067,0,4,0,0,1,1,0,0,2,1,0.6772569590031855
847,33.66,0,15,-0.1,0.131002,0,7,0,0,1,1,0,0,2,6,0.6774413738643593
848,33.67,0,7,-5.7,0.130936,0,2,0,0,1,1,0,2,1,0,0.473329212943555
849,33.69,0,31,-0.2,0.130871,0,11,0,0,0,1,0,3,4,1,1.0006317252675232
850,33.71,0,20,-1.2,0.130805,0,9,0,0,1,1,0,3,3,2,0.5962851572377182
851,34.11,4,277,3.2,0.13074,4,32,1,0,1,1,0,13,26,31,0.7652005416820147
852,34.11,0,6,-5.7,0.130675,0,2,1,0,1,1,0,2,1,1,0.6117520354401721
853,34.24,2,119,6.8,0.130609,2,22,2,0,1,1,0,7,13,13,0.6685273813005606
854,34.28,0,45,1.4,0.130544,0,16,1,0,1,1,0,5,6,1,0.9133107555678601
855,34.3,0,21,0.4,0.130479,0,8,1,0,1,1,0,0,3,5,0.4961157736205986
856,34.36,0,56,1.1,0.130414,0,13,0,0,1,1,0,1,7,3,0.5642546932974343
857,34.43,1,66,9.9,0.130348,1,22,1,0,1,1,0,5,8,5,0.9987838161173072
858,34.48,2,51,9.3,0.130283,2,13,2,0,1,1,0,3,6,6,0.6343374705947211
859,34.53,1,55,11.7,0.130218,1,21,2,0,0,1,0,3,7,8,1.1775344514344612
860,34.6,2,89,6.3,0.130153,2,18,1,0,1,1,0,7,10,8,0.9087196316857019
861,34.67,1,60,17.5,0.130088,1,25,1,0,1,1,0,1,8,5,0.8273873362452574
862,34.68,0,8,-3.9,0.130023,0,4,0,0,1,1,0,2,1,1,1.4312765296308143
863,34.75,0,66,3.4,0.129958,0,18,0,0,1,1,0,2,8,10,0.6757598871280583
864,34.77,1,16,4.2,0.129893,1,6,2,0,1,1,0,0,2,2,0.7940495832325372
865,34.89,1,99,6.1,0.129828,1,23,1,0,1,1,0,6,11,10,0.7854975548992595
866,35.03,3,164,22.2,0.129763,3,41,2,0,1,1,0,11,17,14,0.6338018332868329
867,35.08,0,49,4.3,0.129698,0,16,1,0,1,1,0,1,6,8,0.7259461650151301
868,35.09,0,6,-6.8,0.129633,0,1,0,0,1,1,0,2,1,2,1.330389393352398
869,35.11,0,27,1.9,0.129568,0,11,0,0,1,1,0,1,4,4,0.6251415218305704
870,35.17,1,55,6.8,0.129504,1,15,1,0,1,1,0,2,6,7,0.5017284329826049
871,35.22,1,57,1.8,0.129439,1,15,1,0,1,1,0,7,7,5,0.6156966418671751
872,35.24,0,20,2.4,0.129374,0,11,0,0,1,1,0,1,3,6,0.6795655534163952
873,35.45,3,194,8.9,0.129309,3,29,3,0,1,1,0,9,20,17,0.5733643454630544
874,35.46,1,17,-0.8,0.129245,1,4,1,0,1,1,0,3,2,1,0.813743129474864
875,35.47,0,6,-3.6,0.12918,0,3,0,0,1,1,0,1,1,0,0.7147741923514754
876,35.48,0,14,-3.7,0.129116,0,4,0,0,1,1,0,1,2,3,0.4807819378350337
877,35.51,1,39,13.7,0.129051,1,19,1,0,0,1,0,1,6,4,1.199454997907553
878,35.53,0,21,-3.3,0.128986,0,6,0,0,1,1,0,2,3,2,0.49631842853305774
879,35.55,1,23,5.4,0.128922,1,10,2,0,1,1,0,2,3,3,0.9664134010555617
880,35.56,0,13,-0.6,0.128858,0,6,0,0,1,1,0,0,2,3,0.7104964343520745
881,35.56,0,6,-4.6,0.128793,0,2,0,0,1,1,0,1,1,0,0.3586286924408597
882,35.57,0,14,-0.5,0.128729,0,7,0,0,1,1,0,1,2,1,0.6582525501686189
883,35.62,2,40,13.8,0.128664,2,16,4,0,1,1,0,3,5,2,1.1284450695439197
884,35.64,1,28,5.1,0.1286,1,11,3,0,1,1,0,3,3,1,0.6713422629517051
885,35.65,0,6,-4.6,0.128536,0,2,0,0,1,1,0,1,1,0,0.3651803091982391
886,35.72,0,65,-4.0,0.128471,0,12,0,0,1,1,0,4,8,5,0.8677538946677353
887,35.72,0,5,-1.8,0.128407,0,4,0,0,1,1,0,0,1,3,1.091509762326646
888,35.77,1,55,6.1,0.128343,1,15,0,0,1,1,0,3,6,4,0.7031153669971018
889,35.81,1,40,7.3,0.128279,1,15,2,0,1,1,0,3,5,7,0.7765971569618899
890,35.83,0,23,-2.4,0.128215,0,9,0,0,1,1,0,4,3,1,0.8762905948001847
891,35.87,1,37,5.2,0.128151,1,13,2,0,1,1,0,4,4,1,0.6948236108022207
892,35.88,0,15,-2.6,0.128087,0,6,1,0,1,1,0,2,2,1,0.6361738014331925
893,36.03,3,137,15.6,0.128022,3,31,3,0,1,1,0,11,14,7,0.8091298869131541
894,36.06,1,31,4.7,0.127958,1,9,1,0,1,1,0,1,4,2,0.6413945593039582
895,36.14,2,80,14.9,0.127894,2,21,2,0,1,1,0,2,8,11,0.8340454615756705
896,36.15,0,7,-4.7,0.127831,0,3,0,0,1,1,0,2,1,0,0.605086757252515
897,36.16,0,14,-1.5,0.127767,0,6,0,0,1,1,0,1,2,1,0.39112596465639193
898,36.17,0,14,-2.6,0.127703,0,6,1,0,1,1,0,2,2,2,0.7633022725631723
899,36.17,0,6,-2.7,0.127639,0,3,1,0,1,1,0,0,1,1,0.5028579027501059
900,36.29,6,119,5.0,0.127575,1,27,3,1,1,1,0,9,13,11,0.874379897082924
901,36.33,1,35,2.1,0.127511,1,9,1,0,1,1,0,3,5,4,1.195914703393201
902,36.37,1,44,7.1,0.127448,1,16,1,0,1,1,0,4,5,5,0.8010943215458252
903,36.38,0,13,-4.5,0.127384,0,3,0,0,1,1,0,1,2,2,0.4446748872694094
904,36.44,0,55,1.9,0.12732,0,15,0,0,1,1,0,2,7,6,0.5145683229239165
905,36.52,0,57,4.9,0.127256,0,19,0,0,1,1,0,3,7,4,0.5530350247517389
906,36.71,2,128,4.2,0.127193,2,23,2,0,0,1,0,10,13,10,0.9267206013402858
907,36.74,0,21,-0.3,0.127129,0,7,0,0,1,1,0,0,3,2,0.35712486086679796
908,36.84,2,96,13.5,0.127066,2,26,3,0,1,1,0,7,12,9,0.767208488954287
909,36.93,2,100,14.9,0.127002,2,26,2,0,1,1,0,5,10,11,0.7124331066534657
910,36.94,0,15,1.1,0.126939,0,9,2,0,1,1,0,1,2,4,0.8832840472853689
911,37.05,2,89,13.4,0.126875,2,21,2,0,1,1,0,3,9,7,0.6830579164199899
912,37.12,2,73,17.7,0.126812,2,24,2,0,1,1,0,3,8,10,0.6114914479504208
913,37.27,3,128,23.4,0.126748,3,35,3,0,1,1,0,7,15,18,0.7965398873965737
914,37.33,1,57,-1.0,0.126685,1,13,1,0,1,1,0,8,6,3,0.5149879773137865
915,37.36,1,32,1.4,0.126622,1,7,1,0,1,1,0,2,4,4,0.6053286476569355
916,37.49,1,105,5.4,0.126558,1,21,1,0,0,1,0,4,11,11,0.5885141696674367
917,37.6,2,104,20.5,0.126495,2,31,2,0,1,1,0,4,11,11,0.5882476151493371
918,37.61,0,13,0.6,0.126432,0,9,1,0,1,1,0,2,2,1,0.9703917584478579
919,37.61,0,6,-3.6,0.126369,0,3,0,0,1,1,0,1,1,0,0.5375912575730771
920,37.62,1,16,3.3,0.126305,1,5,1,0,1,1,0,0,2,1,0.6701346789284724
921,37.78,1,149,14.3,0.126242,1,37,2,0,1,1,0,6,14,18,0.6117933569157883
922,37.8,0,29,-1.2,0.126179,0,7,1,0,1,1,0,0,4,3,0.5818183799122683
923,37.81,0,14,-2.7,0.126116,0,7,1,0,1,1,0,3,2,3,1.3337719522493405
924,37.99,2,174,6.0,0.126053,2,28,1,0,1,1,0,8,18,16,0.7895090614695653
925,38.03,0,45,1.1,0.12599,0,14,1,0,1,1,0,3,6,4,0.9307331153478363
926,38.04,0,13,-0.6,0.125927,0,6,1,0,1,1,0,0,2,3,0.5831147712871693
927,38.05,0,6,-3.9,0.125864,0,3,0,0,1,1,0,1,1,3,1.2405775248001392
928,38.07,0,21,-2.1,0.125801,0,7,0,0,1,1,0,2,3,0,0.551930852309412
929,38.09,0,30,9.5,0.125738,0,19,0,0,1,1,0,1,4,5,0.696060644633589
930,38.1,1,21,3.5,0.125675,1,8,1,0,1,1,0,2,3,4,1.0631950230177138
931,38.18,2,77,10.7,0.125612,2,18,4,0,1,1,0,4,9,6,0.860300068719119
932,38.22,1,34,2.3,0.12555,1,10,0,0,1,1,0,4,4,3,0.7264206207882742
933,38.26,1,40,4.7,0.125487,1,11,1,0,1,1,0,2,5,3,0.8280472260544738
934,38.36,1,82,2.9,0.125424,1,15,0,0,0,1,0,3,8,9,0.8279154376528393
935,38.39,0,22,-2.5,0.125361,0,7,0,0,1,1,0,2,3,3,0.4570071696618923
936,38.4,0,6,-3.6,0.125299,0,3,0,0,1,1,0,1,1,0,0.5431334473767858
937,38.43,0,29,0.8,0.125236,0,10,1,0,1,1,0,1,4,3,0.6452207084429993
938,38.5,1,64,12.3,0.125173,1,21,1,0,0,1,0,2,8,3,0.6790574047842676
939,38.5,0,7,-3.7,0.125111,0,2,0,0,1,1,0,0,1,0,0.3748057878969834
940,38.55,1,47,-0.1,0.125048,1,10,0,0,0,1,0,5,5,4,0.8325419430023903
941,38.56,0,15,-2.6,0.124986,0,4,0,0,1,1,0,0,2,1,0.2831700139028628
942,38.62,0,61,-0.6,0.124923,0,13,0,0,1,1,0,2,8,5,0.46969499563324507
943,38.69,2,61,8.2,0.124861,2,15,2,0,1,1,0,5,7,7,0.786791633191799
944,38.7,0,7,-2.7,0.124798,0,3,0,0,1,1,0,0,1,0,0.45084082250162527
945,38.72,0,27,1.2,0.124736,0,13,1,0,1,1,0,4,4,1,0.7690185847126595
946,38.83,2,79,18.2,0.124674,2,25,2,1,1,1,0,3,10,9,0.8598123045325516
947,38.86,2,37,11.9,0.124611,2,11,2,0,1,1,0,0,4,4,0.7607516181367504
948,38.88,0,21,-2.3,0.124549,0,7,0,0,1,1,0,2,3,2,0.5603192388625006
949,38.93,1,45,6.0,0.124487,1,14,1,0,1,1,0,3,6,5,0.6312451082579941
950,39.0,1,69,11.6,0.124424,1,24,1,0,1,1,0,5,9,5,0.6881906757947179
951,39.01,0,20,-1.2,0.124362,0,6,0,0,1,1,0,0,3,2,0.5080025725960011
952,39.05,0,34,2.2,0.1243,0,12,0,0,1,1,0,1,5,4,0.4723163259264003
953,39.05,0,7,-3.7,0.124238,0,2,0,0,1,1,0,0,1,0,0.3102608799843139
954,39.06,0,7,-3.7,0.124176,0,2,0,0,1,1,0,0,1,0,0.30634093110936444
955,39.14,2,76,11.4,0.124114,2,16,2,0,0,1,0,1,7,10,0.7284441495563628
956,39.23,3,92,24.8,0.124052,3,27,2,0,1,1,0,2,9,10,0.659822009146363
957,39.24,0,6,-4.6,0.12399,0,2,0,0,1,1,0,1,1,0,0.3427729530242279
958,39.25,2,18,6.9,0.123928,2,5,2,0,1,1,0,1,2,3,1.416160738450776
959,39.36,3,95,15.4,0.123866,3,21,3,0,1,1,0,5,11,11,0.7154611815857262
960,39.39,1,33,1.4,0.123804,1,6,1,0,1,1,0,1,4,3,0.5868973511743212
961,39.46,3,66,24.7,0.123742,3,25,3,0,1,1,0,3,8,7,0.7228045101373174
962,39.54,1,77,4.5,0.12368,1,16,1,0,1,1,0,3,8,8,0.6189524057467671
963,39.56,0,23,0.5,0.123618,0,10,0,0,1,1,0,2,3,2,0.5582553768198778
964,39.59,0,31,-2.4,0.123556,0,8,1,0,1,1,0,2,4,3,0.7259718858837626
965,39.65,1,55,3.0,0.123495,1,12,1,0,0,1,0,3,7,5,0.8159673141299728
966,39.66,0,6,-4.6,0.123433,0,2,0,0,1,1,0,1,1,0,0.35992568871000197
967,39.78,2,119,14.8,0.123371,2,29,2,0,1,1,0,6,12,13,0.6456270505699241
968,39.86,0,82,4.7,0.123309,0,19,0,0,1,1,0,0,10,11,0.6914056871672193
969,39.89,1,33,3.6,0.123248,1,8,1,0,1,1,0,1,4,1,0.5245389811308967
970,39.91,0,14,-1.7,0.123186,0,6,0,0,1,1,0,1,2,3,0.7411052433680005
971,40.01,2,100,2.7,0.123125,2,17,1,0,1,1,0,9,12,3,0.7627110379433855
972,40.2,3,141,21.8,0.123063,3,35,4,0,1,1,0,8,14,11,0.6865746197068433
973,40.25,0,45,3.2,0.123001,0,16,1,0,1,1,0,3,6,3,0.6641872715667861
974,40.26,0,15,3.4,0.12294,1,7,1,0,1,1,0,2,2,1,0.852963964513052
975,40.28,0,14,-4.5,0.122878,0,5,0,0,1,1,0,3,2,1,0.9175195952458853
976,40.37,3,104,18.6,0.122817,3,27,1,0,1,1,0,7,9,10,0.6895709077057776
977,40.46,1,78,12.2,0.122756,1,24,1,0,1,1,0,3,9,10,0.7988108447173062
978,40.83,0,241,-19.8,0.122694,0,33,0,0,0,1,0,21,20,27,0.6395875644615149
979,40.85,0,21,-2.2,0.122633,0,6,0,0,1,1,0,1,3,1,0.4658887695316196
980,40.86,0,22,-3.3,0.122572,0,6,0,0,1,1,0,2,3,1,0.5725287145415219
981,40.96,1,83,15.7,0.12251,1,27,1,0,1,1,0,2,9,10,0.6405549121265213
982,40.98,1,34,9.3,0.122449,1,15,1,0,1,1,0,2,4,3,0.9599126754951468
983,41.0,0,22,0.5,0.122388,0,10,1,0,1,1,0,2,3,3,0.7418614099270493
984,41.0,0,5,-2.8,0.122327,0,3,0,0,1,1,0,0,1,3,0.7911542374927327
985,41.04,1,37,6.9,0.122265,1,15,1,0,1,1,0,4,4,4,1.014871127724537
986,41.15,2,96,17.6,0.122204,2,27,3,0,1,1,0,4,9,8,0.6990190841686568
987,41.19,2,49,13.6,0.122143,2,14,1,0,1,1,0,0,5,5,0.597833697683633
988,41.26,1,59,5.4,0.122082,1,19,2,0,1,1,0,7,7,7,0.8773038140085984
989,41.27,0,16,-2.8,0.122021,0,7,0,0,1,1,0,3,2,2,0.8407935480445698
990,41.28,0,7,-3.8,0.12196,0,3,0,0,1,1,0,1,1,1,0.7012577221750157
991,41.38,0,80,5.1,0.121899,0,22,0,0,0,1,0,3,10,9,0.7527832813172152
992,41.4,0,28,-3.1,0.121838,0,10,0,0,1,1,0,5,4,3,0.5632611436724938
993,41.47,1,56,12.6,0.121777,1,21,0,0,1,1,0,2,6,8,0.5836479372027844
994,41.59,2,95,5.1,0.121716,2,19,3,0,1,1,0,8,11,14,0.7864761735975987
995,41.6,0,6,-4.6,0.121655,0,2,0,0,1,1,0,1,1,0,0.838888823503075
996,41.61,0,22,-2.7,0.121595,0,7,0,0,1,1,0,2,3,5,0.7267896007118622
997,41.67,1,48,4.9,0.121534,1,13,1,0,1,1,0,3,6,3,0.6672247553477044
998,41.76,2,97,17.3,0.121473,2,28,3,0,1,1,0,5,11,10,0.8564616160594446
999,41.78,0,20,-3.1,0.121412,0,8,0,0,1,1,0,4,3,1,0.8262386415499051
1000,41.79,0,7,-4.7,0.121352,0,3,0,0,1,1,0,2,1,0,0.7878911780542512
1001,41.94,1,131,16.7,0.121291,1,39,1,0,1,1,0,8,16,12,0.6324065742322282
1002,41.97,0,27,0.0,0.12123,0,9,0,0,1,1,0,1,4,3,0.8109008982112849
1003,42.06,5,88,31.0,0.12117,5,25,4,0,1,1,0,4,9,12,0.9064399698567945
1004,42.08,0,21,-0.3,0.121109,0,9,0,0,1,1,0,2,3,2,0.6242508574775819
1005,42.1,1,23,4.2,0.121049,1,8,1,0,1,1,0,1,3,5,0.6164936728489748
1006,42.13,2,31,10.7,0.120988,2,9,2,0,1,1,0,0,3,2,0.7570946837928785
1007,42.17,0,38,5.0,0.120928,0,17,0,0,1,1,0,3,5,2,0.8247795012808904
1008,42.18,0,15,-6.7,0.120867,0,3,0,0,1,1,0,3,2,2,0.5794357530310877
1009,42.25,1,67,10.8,0.120807,1,23,1,0,1,1,0,5,8,5,0.6686998245997275
1010,42.29,1,44,9.1,0.120746,1,18,1,0,1,1,0,4,6,5,0.8241433916021851
1011,42.34,1,57,3.4,0.120686,1,13,1,0,1,1,0,3,7,9,0.754769142546675
1012,42.35,0,6,-3.6,0.120626,0,3,0,0,1,1,0,1,1,0,0.6224779696284116
1013,42.36,1,18,0.2,0.120565,1,4,1,0,1,1,0,2,2,0,0.6587142212601443
1014,42.46,6,108,0.4,0.120505,1,18,3,1,1,1,0,6,11,8,0.916933206279816
1015,42.57,3,121,16.0,0.120445,3,29,3,0,1,1,0,10,13,9,0.8802943967584816
1016,42.59,1,17,0.2,0.120384,1,4,1,0,1,1,0,2,2,1,1.0390285314074654
1017,42.6,0,14,-0.7,0.120324,0,7,2,0,1,1,0,1,2,3,1.3241402039746544
1018,42.68,1,76,10.1,0.120264,1,22,1,0,1,1,0,3,9,13,0.7241970132084995
1019,42.72,1,42,9.2,0.120204,1,17,2,0,1,1,0,3,5,6,0.7035205525032536
1020,42.75,0,29,-3.4,0.120144,0,7,0,0,1,1,0,2,4,5,0.5262764237686669
1021,42.81,1,58,4.6,0.120084,1,15,2,0,1,1,0,4,6,6,0.555828468316796
1022,42.83,0,24,-0.5,0.120024,0,7,0,0,1,1,0,0,3,1,0.42222166389948185
1023,42.9,3,68,13.3,0.119964,3,18,3,0,1,1,0,7,8,9,1.0667962311613504
1024,42.91,0,14,-3.5,0.119904,0,4,0,0,1,1,0,1,2,1,0.44754742153242744
1025,42.92,0,15,-2.7,0.119844,0,5,0,0,1,1,0,1,2,2,0.5309619281871221
1026,43.07,4,115,10.3,0.119784,4,16,4,0,1,1,0,8,12,12,0.9787531360539015
1027,43.1,0,39,-6.4,0.119724,0,8,0,0,1,1,0,5,5,5,0.640664061155025
1028,43.1,0,8,-3.8,0.119664,0,3,0,0,1,1,0,1,1,0,0.3302462417981726
1029,43.12,0,14,-0.7,0.119604,0,7,0,0,1,1,0,1,2,3,0.6118355081808761
1030,43.12,0,6,-3.7,0.119545,0,2,1,0,1,1,0,0,1,1,0.6971217117640619
1031,43.14,0,28,0.9,0.119485,0,12,0,0,1,1,0,3,4,3,0.591603494602892
1032,43.17,0,28,0.6,0.119425,0,9,0,0,1,1,0,0,4,6,0.5354488636338139
1033,43.22,1,45,-0.6,0.119365,1,11,2,0,1,1,0,7,5,1,0.9181788260326311
1034,43.22,0,6,-4.6,0.119306,0,2,0,0,1,1,0,1,1,0,0.35272619397939514
1035,43.23,0,6,-4.7,0.119246,0,3,0,0,1,1,0,2,1,1,0.6471547736600533
1036,43.3,1,69,8.6,0.119186,1,20,1,0,1,1,0,4,8,5,0.5872429633327166
1037,43.31,0,13,-1.4,0.119127,0,5,0,0,1,1,0,0,2,1,0.6884504534868215
1038,43.35,1,40,0.0,0.119067,1,8,3,0,1,1,0,3,5,10,0.8638377474990906
1039,43.36,0,21,-5.6,0.119008,0,5,0,0,1,1,0,3,3,5,0.5960985289300264
1040,43.52,3,139,12.9,0.118948,3,29,2,0,1,1,0,11,14,12,1.0088248835905123
1041,43.63,4,122,37.4,0.118889,4,42,4,0,1,1,0,6,13,14,0.8021303929845939
1042,43.71,2,75,17.0,0.118829,2,24,3,0,1,1,0,4,9,5,0.6879709132715232
1043,43.82,3,116,18.9,0.11877,3,26,3,0,1,1,0,5,14,5,0.735854675326331
1044,43.83,0,14,-3.5,0.11871,0,4,0,0,1,1,0,1,2,1,0.3333061909676788
1045,43.84,0,5,-2.8,0.118651,0,3,0,0,1,1,0,0,1,3,0.8631194477959205
1046,43.84,0,6,-2.7,0.118592,0,3,0,0,1,1,0,0,1,1,0.504591774000735
1047,43.89,2,51,14.4,0.118532,2,16,2,0,1,1,0,1,6,5,0.8554803024036428
1048,43.93,1,48,12.4,0.118473,1,20,2,0,1,1,0,2,6,8,0.8258756560504228
1049,43.97,0,35,3.2,0.118414,1,11,1,0,1,1,0,4,4,3,0.8186041922679655
1050,44.01,2,46,8.1,0.118355,2,11,2,0,1,1,0,3,6,3,0.7489453719134979
1051,44.01,0,6,-5.7,0.118296,0,2,1,0,1,1,0,2,1,1,0.4728336642562481
1052,44.07,2,65,12.7,0.118236,2,19,2,0,1,1,0,4,7,8,0.7060199782180213
1053,44.08,0,8,-4.9,0.118177,0,3,0,0,1,1,0,2,1,1,0.6002259450087944
1054,44.22,3,122,21.3,0.118118,3,33,4,0,1,1,0,8,13,15,0.7805068241931282
1055,44.24,0,22,-1.3,0.118059,0,8,1,0,1,1,0,2,3,1,0.673085561402913
1056,44.25,0,13,-0.4,0.118,0,6,1,0,1,1,0,0,2,1,0.8273360392336706
1057,44.27,0,21,-2.2,0.117941,0,7,0,0,1,1,0,2,3,1,0.4080413195857287
1058,44.36,1,98,10.3,0.117882,1,25,0,0,1,1,0,4,11,9,0.5865001376155178
1059,44.46,1,99,12.4,0.117823,1,26,0,0,1,1,0,3,11,7,0.8376095866786059
1060,44.48,1,23,6.5,0.117764,1,10,1,0,1,1,0,1,3,2,0.7889476998043241
1061,44.51,1,24,3.5,0.117705,1,7,2,0,1,1,0,1,3,1,0.564212397062181
1062,44.51,0,6,-4.7,0.117647,0,3,0,0,1,1,0,2,1,1,0.6759098442432521
1063,44.53,0,22,-2.3,0.117588,0,7,0,0,1,1,0,2,3,1,0.5232303924301163
1064,44.61,1,93,6.7,0.117529,1,26,1,0,1,1,0,9,10,10,0.726211540560723
1065,44.62,0,7,-4.9,0.11747,0,3,0,0,1,1,0,2,1,2,0.954643893672494
1066,44.64,0,20,0.7,0.117411,0,8,0,0,1,1,0,0,3,3,0.40640199961718987
1067,44.78,5,145,33.1,0.117353,5,32,3,0,1,1,0,3,15,14,0.621690312807307
1068,44.8,0,28,-1.1,0.117294,0,10,1,0,1,1,0,3,4,3,0.5525403522233853
1069,44.99,2,138,14.5,0.117235,2,32,3,0,1,1,0,8,13,7,0.6520580779615567
1070,45.18,4,130,26.6,0.117177,4,33,3,0,1,1,0,7,13,14,0.6969542474703239
1071,45.19,0,7,-0.8,0.117118,0,6,0,0,1,1,0,1,1,1,1.015828442627265
1072,45.27,8,75,15.9,0.11706,3,21,3,1,1,1,0,7,8,6,0.8889163237621782
1073,45.28,0,21,-0.5,0.117001,0,9,0,0,1,1,0,2,3,4,0.5626870266137596
1074,45.3,0,12,-5.2,0.116943,0,2,1,0,1,1,0,1,2,0,0.8122235044924406
1075,45.38,2,77,10.6,0.116884,2,20,2,0,1,1,0,6,9,7,0.8093295066899228
1076,45.4,0,23,-2.6,0.116826,0,8,0,0,1,1,0,3,3,3,0.6732645207263007
1077,45.44,0,55,1.9,0.116767,0,15,0,0,1,1,0,2,7,6,0.4766970030300316
1078,45.51,1,59,10.8,0.116709,1,21,1,0,1,1,0,4,8,3,0.6273522716287806
1079,45.59,2,74,13.0,0.116651,2,20,1,0,1,1,0,4,7,6,0.5039261899084276
1080,45.63,0,36,1.9,0.116592,0,13,0,0,1,1,0,2,5,5,0.6736006048032777
1081,45.69,1,65,11.6,0.116534,1,22,1,0,1,1,0,3,7,9,0.951369354005619
1082,45.71,1,16,2.1,0.116476,1,4,1,0,1,1,0,0,2,3,1.0318914073194527
1083,45.74,0,37,-1.3,0.116417,0,11,0,0,1,1,0,3,5,6,0.623934766215854
1084,45.93,4,141,14.6,0.116359,4,23,3,0,0,1,0,8,12,13,0.6985166610438844
1085,46.01,2,84,1.4,0.116301,2,13,1,0,0,1,0,7,10,12,0.9109183393027578
1086,46.13,4,99,19.6,0.116243,4,19,4,0,1,1,0,4,10,5,0.9020381460228032
1087,46.22,2,74,14.8,0.116185,2,20,2,0,1,1,0,2,7,8,0.8644845148566712
1088,46.29,2,71,17.2,0.116127,2,22,2,0,1,1,0,2,8,7,0.5476036464548066
1089,46.38,3,92,19.7,0.116069,3,24,2,0,1,1,0,4,9,11,0.6838650340744556
1090,46.46,3,72,20.2,0.116011,3,22,2,0,1,1,0,4,8,6,0.6736952640655708
1091,46.53,1,67,0.5,0.115953,1,15,0,0,0,1,0,7,8,8,0.764413735513571
1092,46.54,0,14,-2.5,0.115895,0,5,0,0,1,1,0,1,2,1,0.4117880365263065
1093,46.62,1,76,10.2,0.115837,1,21,1,0,1,1,0,2,9,12,0.6605162808694387
1094,46.76,2,96,5.6,0.115779,2,20,3,0,1,1,0,9,9,8,0.853059825906484
1095,46.86,2,102,5.6,0.115721,2,21,2,0,1,1,0,9,11,12,0.6499397631663006
1096,46.87,0,6,-2.7,0.115663,0,3,0,0,1,1,0,0,1,1,0.49205135733318855
1097,46.9,0,29,-0.6,0.115605,0,10,0,0,1,1,0,2,4,7,0.6467871691330033
1098,46.93,1,25,4.3,0.115547,1,10,1,0,1,1,0,3,3,2,1.236762378705678
1099,47.03,3,99,21.5,0.11549,3,26,3,0,1,1,0,4,11,6,1.0377295669857394
1100,47.04,0,6,-5.6,0.115432,0,1,0,0,1,1,0,1,1,0,0.3066079246388102
1101,47.07,2,35,9.4,0.115374,2,10,2,0,1,1,0,2,4,1,0.5976917454685471
1102,47.1,0,36,8.9,0.115316,0,18,2,0,1,1,0,0,5,5,0.5174219706190928
1103,47.12,0,16,-2.9,0.115259,0,7,1,0,1,1,0,3,2,3,0.7670962383515791
1104,47.18,2,68,19.2,0.115201,2,24,2,0,1,1,0,2,8,10,0.6480610383019767
1105,47.19,0,13,-2.7,0.115144,0,4,0,0,1,1,0,0,2,4,0.6858616307152208
1106,47.21,0,21,-4.4,0.115086,0,4,0,0,1,1,0,1,3,3,0.8038911155954713
1107,47.22,0,15,-3.7,0.115028,0,4,0,0,1,1,0,1,2,2,0.5382997027380401
1108,47.24,0,24,1.3,0.114971,0,11,0,0,1,1,0,2,3,3,0.7539959132120639
1109,47.29,2,41,8.5,0.114913,2,11,2,0,1,1,0,3,5,4,1.0445263588842442
1110,47.33,0,42,-6.5,0.114856,0,10,0,0,1,1,0,7,5,3,0.9401585786895346
1111,47.38,1,47,11.4,0.114799,1,18,1,0,1,1,0,1,6,9,0.7003210491102625
1112,47.39,1,20,6.9,0.114741,1,10,1,0,1,1,0,1,3,1,1.0907255686687876
1113,47.41,0,22,-2.6,0.114684,0,8,1,0,1,1,0,3,3,4,0.6547984501931065
1114,47.46,2,50,1.6,0.114626,2,8,2,0,1,1,0,6,5,4,1.1671646238364353
1115,47.49,0,28,5.0,0.114569,0,13,0,0,1,1,0,0,4,2,0.573832941798576
1116,47.52,1,32,2.4,0.114512,1,8,1,0,1,1,0,2,4,4,0.563532502488209
1117,47.68,0,132,-0.6,0.114455,0,27,2,0,1,1,0,8,15,14,0.7079160397007224
1118,47.79,0,101,0.7,0.114397,0,19,1,0,1,1,0,2,10,12,0.5466233521025893
1119,47.9,2,84,19.9,0.11434,2,27,2,0,1,1,0,3,10,7,0.6531225043374037
1120,47.96,1,52,4.2,0.114283,1,17,1,0,1,1,0,7,7,6,0.7254832084958966
1121,48.03,2,55,14.1,0.114226,2,16,3,0,1,1,0,1,6,4,0.7560251678672534
1122,48.07,1,38,5.8,0.114169,1,12,1,0,1,1,0,2,5,4,0.7245864145483027
1123,48.13,2,57,10.9,0.114112,2,12,1,0,1,1,0,0,5,4,0.5360405049625302
1124,48.23,1,99,8.2,0.114055,1,22,0,1,1,1,0,3,11,9,0.7230940315167619
1125,48.3,1,61,11.0,0.113998,1,24,1,0,1,1,0,6,8,9,0.6562142685290853
1126,48.33,1,28,1.6,0.113941,1,8,1,0,1,1,0,3,3,6,0.9055995670569459
1127,48.37,0,36,2.1,0.113884,0,13,0,0,1,1,0,2,5,3,0.5593925271983182
1128,48.39,1,25,7.2,0.113827,1,11,1,0,1,1,0,1,3,3,0.7242337726921015
1129,48.4,0,21,-0.4,0.11377,0,8,0,0,1,1,0,1,3,3,0.5307007483500689
1130,48.44,1,54,10.3,0.113713,1,18,1,0,1,1,0,2,7,3,0.6924393654867663
1131,48.46,0,21,6.4,0.113656,0,14,2,0,1,1,0,0,3,5,0.9542124581665794
1132,48.64,8,208,18.7,0.113599,3,39,3,1,1,1,0,7,19,25,0.6403163276913902
1133,48.67,1,41,7.4,0.113542,1,12,0,0,1,1,0,0,5,5,0.7512989189679562
1134,48.76,2,84,15.3,0.113486,2,26,2,0,1,1,0,6,9,13,0.9739752461142676
1135,48.89,1,137,0.1,0.113429,1,24,1,0,1,1,0,9,11,12,0.917830845101738
1136,49.02,2,121,23.1,0.113372,2,35,3,0,1,1,0,4,13,8,0.7111938605858176
1137,49.08,3,48,18.6,0.113315,3,15,4,0,1,1,0,1,5,6,0.7571465753661905
1138,49.15,2,54,15.0,0.113259,2,19,3,0,1,1,0,3,7,6,0.865993031971337
1139,49.47,8,268,-4.5,0.113202,3,33,3,1,1,1,0,18,26,27,0.7097088027870658
1140,49.6,1,111,1.0,0.113146,1,16,1,0,1,1,0,3,12,9,0.7059700666544528
1141,49.72,1,116,9.4,0.113089,1,27,1,0,1,1,0,5,14,10,0.6047558750630718
1142,49.78,2,62,16.8,0.113032,2,20,2,1,1,1,0,1,7,10,0.7520336169176555
1143,49.8,0,21,0.7,0.112976,0,9,1,0,1,1,0,1,3,2,0.7688658493973939
1144,49.87,1,57,6.0,0.112919,1,17,1,0,1,1,0,5,7,3,0.6604215958200669
1145,50.0,3,140,14.2,0.112863,3,26,4,0,0,1,0,7,15,8,0.6920142742128764
1146,50.1,7,94,15.6,0.112807,2,27,1,1,1,1,0,6,12,10,0.6025646033426956
1147,50.1,0,7,-3.7,0.11275,0,3,0,0,1,1,0,1,1,0,1.7975001956383483
1148,50.14,1,44,8.2,0.112694,1,14,1,0,1,1,0,1,5,4,0.45629473140380566
1149,50.23,4,92,26.7,0.112637,4,25,4,0,1,1,0,3,10,11,0.8871786140081767
1150,50.41,2,135,13.7,0.112581,2,26,3,0,1,1,0,3,14,8,0.7700950725231165
1151,50.45,1,41,5.3,0.112525,1,14,1,0,1,1,0,4,5,6,0.8074943621703399
1152,50.49,1,42,13.3,0.112469,1,19,2,0,1,1,0,1,5,5,0.7961154978972067
1153,50.52,0,23,3.6,0.112412,0,12,0,0,1,1,0,1,3,1,0.4973223785281082
1154,50.55,0,42,-4.0,0.112356,0,10,0,0,1,1,0,4,5,8,0.5754178727666995
1155,50.61,0,61,-2.9,0.1123,0,12,0,0,1,1,0,3,8,8,0.6092175787986177
1156,50.92,2,260,-3.3,0.112244,2,36,2,0,1,1,0,16,25,23,0.6665832251967188
1157,50.94,0,24,-1.6,0.112188,0,9,0,0,1,1,0,3,3,2,0.5828796382728182
1158,51.12,2,157,5.3,0.112132,2,25,3,0,0,1,0,7,14,20,0.7674149706184155
1159,51.17,3,50,12.7,0.112075,3,12,3,0,1,1,0,4,5,3,0.8666151193432639
1160,51.25,1,85,9.4,0.112019,1,24,2,0,1,1,0,5,10,11,0.7763874320398527
1161,51.4,2,136,-2.3,0.111963,2,21,1,0,1,1,0,13,12,17,1.007569024944335
1162,51.48,2,74,3.0,0.111907,2,12,2,0,0,1,0,6,7,6,1.0655047233565713
1163,51.63,2,144,13.8,0.111851,2,31,3,0,1,1,0,7,16,8,0.6156977179363855
1164,51.73,1,93,2.0,0.111796,1,18,1,0,1,1,0,6,10,7,0.5556699233947365
1165,51.8,1,78,7.6,0.11174,1,22,1,0,1,1,0,6,10,6,0.7006725036427559
1166,51.93,7,142,11.6,0.111684,2,29,1,1,1,1,0,7,14,12,0.7657994248368543
1167,51.99,0,45,-2.7,0.111628,0,11,0,0,1,1,0,4,5,2,0.4742721873101504
1168,52.04,2,53,3.4,0.111572,2,8,2,0,0,1,0,4,5,3,0.7291369023881475
1169,52.06,1,24,3.4,0.111516,1,8,1,0,1,1,0,2,3,2,0.6634877750031484
1170,52.14,1,75,6.7,0.111461,1,19,2,0,1,1,0,4,8,8,0.5834101956315104
1171,52.14,0,5,-2.8,0.111405,0,3,1,0,1,1,0,0,1,3,0.7623581247233754
1172,52.18,1,50,0.4,0.111349,1,12,1,0,1,1,0,6,6,6,0.6421883744228559
1173,52.2,0,21,-1.4,0.111293,0,7,0,0,1,1,0,1,3,3,0.33697509929505054
1174,52.27,1,59,8.7,0.111238,1,20,1,0,1,1,0,5,6,4,0.6790191267465192
1175,52.29,1,25,2.3,0.111182,1,7,2,0,1,1,0,2,3,2,0.7277663884315249
1176,52.34,0,56,2.8,0.111127,0,18,0,0,1,1,0,4,7,6,0.6052733424512784
1177,52.35,0,7,-4.8,0.111071,0,2,0,0,1,1,0,1,1,1,0.7938499249130875
1178,52.35,0,5,-2.8,0.111016,0,3,1,0,1,1,0,0,1,3,0.7228196324741714
1179,52.4,0,44,1.2,0.11096,0,12,0,0,1,1,0,1,5,4,0.5924232200053873
1180,52.44,0,52,0.6,0.110905,0,16,0,0,1,1,0,5,7,2,0.7398009439749045
1181,52.47,0,28,1.6,0.110849,0,12,0,0,1,1,0,2,4,6,0.6579767345138876
1182,52.49,0,16,-1.9,0.110794,0,6,0,0,1,1,0,1,2,3,0.5743918868941364
1183,52.5,0,13,-1.5,0.110738,0,6,0,0,1,1,0,1,2,2,0.5973573525612779
1184,52.53,1,30,5.6,0.110683,1,10,1,0,1,1,0,1,4,4,0.7278120897527335
1185,52.56,2,34,10.0,0.110628,2,11,2,0,1,1,0,2,5,6,0.8771630129657135
1186,52.61,1,53,5.0,0.110572,1,12,1,0,0,1,0,1,5,7,0.926320785237977
1187,52.71,3,96,23.7,0.110517,3,26,4,0,1,1,0,1,10,17,0.9802712549878049
1188,52.77,0,56,1.0,0.110462,0,13,0,0,1,1,0,1,7,4,0.6019493030513356
1189,52.77,0,6,-3.6,0.110406,0,3,0,0,1,1,0,1,1,0,0.4521676033232556
1190,53.01,2,201,6.6,0.110351,2,36,2,0,0,1,0,12,20,23,0.6967597547681138
1191,53.01,0,6,-4.6,0.110296,0,2,0,0,1,1,0,1,1,0,0.317739784985279
1192,53.02,0,8,-4.8,0.110241,0,2,0,0,1,1,0,1,1,0,0.40074731104782435
1193,53.14,3,105,14.7,0.110186,3,19,3,0,0,1,0,3,11,8,0.8201230078389021
1194,53.15,0,15,-2.6,0.110131,0,6,2,0,1,1,0,2,2,1,0.9370369492406827
1195,53.19,3,48,10.8,0.110076,3,11,3,0,1,1,0,5,6,4,0.8718635199824772
1196,53.25,1,57,7.5,0.110021,1,16,1,0,1,1,0,2,7,8,0.7702707034559831
1197,53.34,13,123,21.5,0.109966,3,29,2,2,1,1,0,4,13,12,0.8390096163654495
1198,53.41,1,70,11.0,0.109911,1,23,1,0,1,1,0,4,9,10,0.8359940470990219
1199,53.41,0,6,-4.6,0.109856,0,2,0,0,1,1,0,1,1,0,0.3216186495859872
1200,53.45,1,40,11.6,0.109801,1,17,1,0,1,1,0,1,5,4,0.717671970195575
1201,53.49,2,37,15.9,0.109746,2,17,2,0,1,1,0,2,5,4,0.9609761314534626
1202,53.53,0,42,-1.6,0.109691,0,12,1,0,1,1,0,4,6,4,0.5212896475537028
1203,53.55,0,20,2.8,0.109636,0,11,0,0,1,1,0,1,3,2,0.8190319772338082
1204,53.56,0,15,-4.6,0.109581,0,4,0,0,1,1,0,2,2,1,0.34585585060064644
1205,53.74,1,199,9.4,0.109527,1,41,1,0,1,1,0,10,22,17,0.6044684797209442
1206,53.79,0,51,0.4,0.109472,0,12,0,0,1,1,0,1,7,5,0.7881645675618494
1207,53.86,2,75,16.8,0.109417,2,23,2,0,1,1,0,3,9,7,0.913964837840656
1208,53.88,0,20,-0.2,0.109362,0,8,0,0,1,1,0,1,3,2,0.5418022511382057
1209,54.01,1,108,11.1,0.109308,1,31,1,0,1,1,0,8,12,11,0.594461580134851
1210,54.05,1,42,1.4,0.109253,1,9,1,0,1,1,0,3,5,4,0.4300025877128927
1211,54.12,2,59,10.6,0.109198,2,13,3,0,1,1,0,1,7,5,0.7940134575706548
1212,54.18,1,57,4.7,0.109144,1,12,0,0,1,1,0,1,6,6,0.5859178197899187
1213,54.29,1,101,12.9,0.109089,1,29,0,0,1,1,0,5,12,10,0.9931722398175363
1214,54.38,3,98,12.4,0.109035,3,18,4,0,1,1,0,5,7,8,0.6187230233736256
1215,54.45,1,79,8.4,0.10898,1,20,2,0,1,1,0,3,9,7,0.5529730464034999
1216,54.61,1,133,15.7,0.108926,1,41,2,0,0,1,0,10,16,20,0.7775109588160741
1217,54.72,2,111,10.9,0.108871,2,22,1,0,0,1,0,4,12,10,0.8472501743182176
1218,54.74,0,27,-1.1,0.108817,0,9,0,0,1,1,0,2,4,4,0.7481470425585136
1219,54.78,1,42,8.4,0.108762,1,19,1,0,1,1,0,6,5,4,0.7526403624115948
1220,54.79,0,6,-3.6,0.108708,0,3,0,0,1,1,0,1,1,0,0.5469363502513361
1221,54.89,2,91,12.0,0.108654,2,21,3,0,0,1,0,4,10,9,0.881811641738533
1222,54.9,0,27,-0.1,0.108599,0,11,1,0,1,1,0,3,4,4,0.5722363113508652
1223,54.92,0,21,-3.2,0.108545,0,5,0,0,1,1,0,1,3,1,0.8690809693527441
1224,55.0,3,85,16.6,0.108491,3,19,2,0,1,1,0,3,10,9,0.7985315324973024
1225,55.05,1,38,5.9,0.108436,1,12,1,0,1,1,0,2,5,3,0.6264804431762662
1226,55.12,2,72,9.2,0.108382,2,16,1,0,1,1,0,4,7,6,0.760100596678852
1227,55.16,1,42,7.3,0.108328,1,17,2,0,1,1,0,5,5,5,1.0087525077682602
1228,55.19,0,29,-4.2,0.108274,0,9,0,0,1,1,0,5,4,3,0.9810072625693391
1229,55.32,0,175,-4.5,0.10822,0,27,3,0,1,1,0,7,20,20,0.5952618698296461
1230,55.41,1,79,3.3,0.108166,1,17,2,0,1,1,0,5,8,8,0.713618379301167
1231,55.44,0,35,7.0,0.108112,0,16,0,0,1,1,0,0,5,5,0.5043094848878406
1232,55.47,0,29,2.7,0.108057,0,14,1,0,1,1,0,3,4,4,0.6089930993586776
1233,55.49,0,21,-2.4,0.108003,0,8,1,0,1,1,0,3,3,3,0.4717289691205417
1234,55.62,2,120,4.0,0.107949,2,20,2,0,1,1,0,8,11,10,1.0507890022890884
1235,55.64,0,21,-2.4,0.107895,0,6,1,0,1,1,0,1,3,3,0.33952886015621103
1236,55.66,1,34,10.0,0.107842,1,14,1,0,1,1,0,0,4,6,0.6200748691389066
1237,55.73,1,69,9.1,0.107788,1,19,2,0,1,1,0,2,8,10,0.6132247545212547
1238,55.74,0,13,-2.4,0.107734,0,5,0,0,1,1,0,1,2,1,0.5621208184317458
1239,55.83,1,86,15.4,0.10768,1,29,1,0,1,1,0,4,10,10,0.5939172690402983
1240,55.94,3,92,22.7,0.107626,3,27,2,0,1,1,0,4,11,11,0.6715051457285152
1241,56.03,1,81,10.1,0.107572,1,25,1,0,0,1,0,6,11,8,0.8920777668615142
1242,56.09,3,51,26.6,0.107518,3,23,3,0,1,1,0,1,5,3,0.8754476835176359
1243,56.1,0,14,-4.4,0.107465,0,4,0,0,1,1,0,2,2,0,0.3113412122020161
1244,56.12,0,21,1.6,0.107411,0,10,0,0,1,1,0,1,3,3,0.44567930640033165
1245,56.13,0,15,-3.5,0.107357,0,4,0,0,1,1,0,1,2,0,0.4503000393933958
1246,56.23,3,90,22.9,0.107304,3,25,3,0,1,1,0,2,9,11,0.8947873801927664
1247,56.25,0,22,-4.4,0.10725,0,8,0,0,1,1,0,5,3,2,0.6926742227967421
1248,56.28,1,33,-0.4,0.107196,1,7,1,0,1,1,0,4,4,1,0.6433282923010673
1249,56.32,0,38,-2.9,0.107143,0,9,1,0,1,1,0,3,5,1,0.6681135614397921
1250,56.39,3,74,13.1,0.107089,3,15,3,0,1,1,0,4,7,5,0.7319466889122772
1251,56.46,1,69,7.5,0.107036,1,16,1,0,1,1,0,1,8,6,0.53543849230149
1252,56.52,0,65,5.6,0.106982,0,22,0,0,0,1,0,4,7,9,1.0519121577434671
1253,56.65,2,109,11.3,0.106929,2,23,1,0,1,1,0,5,12,8,0.7230990761035909
1254,56.72,1,72,10.0,0.106875,1,21,1,0,1,1,0,3,7,8,0.7225142441932826
1255,56.74,0,13,-1.6,0.106822,0,7,1,0,1,1,0,2,2,3,0.7290650510052236
1256,56.74,0,7,-4.8,0.106768,0,2,0,0,1,1,0,1,1,1,0.6176266636825251
1257,56.77,0,28,0.6,0.106715,0,13,1,0,1,1,0,4,4,6,0.5073832959652461
1258,56.77,0,5,-4.7,0.106661,0,2,0,0,1,1,0,1,1,2,1.3384792298244796
1259,56.8,0,31,2.3,0.106608,0,12,0,0,1,1,0,1,4,6,0.5085204152282641
1260,56.88,1,81,10.9,0.106555,1,21,1,0,1,1,0,1,10,10,0.49107214881875977
1261,56.98,2,82,22.4,0.106502,2,31,2,0,1,1,0,4,10,14,0.7832635279456405
1262,56.99,1,15,3.2,0.106448,1,5,1,0,1,1,0,0,2,3,0.5625208108427752
1263,57.04,0,49,-1.7,0.106395,0,11,0,0,0,1,0,2,5,8,0.5800420471881745
1264,57.06,0,23,-4.7,0.106342,0,7,0,0,1,1,0,4,3,4,0.5501627631527822
1265,57.08,0,21,-0.5,0.106289,0,9,0,0,1,1,0,2,3,4,0.5191919948680549
1266,57.12,0,46,4.1,0.106236,0,17,1,0,1,1,0,3,6,3,0.6592989292030828
1267,57.15,1,30,6.4,0.106182,1,11,0,1,1,1,0,1,4,6,0.7884162355003548
1268,57.16,0,15,-4.7,0.106129,0,3,1,0,1,1,0,1,2,2,1.1084190388993795
1269,57.2,1,45,7.1,0.106076,1,14,1,0,1,1,0,2,6,4,0.5785345775962901
1270,57.21,0,13,-2.3,0.106023,0,5,0,0,1,1,0,1,2,0,0.6636060502500526
1271,57.24,0,37,4.0,0.10597,0,13,0,0,1,1,0,0,5,3,0.6472441858013941
1272,57.36,2,107,15.1,0.105917,2,28,2,0,0,1,0,6,12,12,0.9605422299824665
1273,57.41,1,46,6.9,0.105864,1,13,1,0,1,1,0,1,6,5,0.6497900401338123
1274,57.44,1,32,4.5,0.105811,1,9,1,0,1,1,0,1,4,3,0.6119501450969401
1275,57.47,1,26,0.4,0.105758,1,8,1,0,1,1,0,5,3,0,0.7260459670951251
1276,57.49,0,28,4.9,0.105706,0,14,0,0,1,1,0,1,4,3,0.7189409014911
1277,57.51,0,24,-5.9,0.105653,0,8,0,0,1,1,0,6,3,5,0.7132359805055186
1278,57.53,0,21,-1.5,0.1056,0,6,1,0,1,1,0,0,3,4,0.4207446624998908
1279,57.58,1,45,7.0,0.105547,1,14,1,0,1,1,0,2,6,5,0.7552022536790617
1280,57.6,0,21,-0.3,0.105494,0,9,0,0,1,1,0,2,3,2,0.5424135013141814
1281,57.62,0,21,2.4,0.105442,0,11,0,0,1,1,0,1,3,5,0.6079939038479015
1282,57.72,0,101,-4.1,0.105389,0,20,1,0,1,1,0,8,12,10,0.9704993046612236
1283,57.74,0,21,-0.3,0.105336,0,9,0,0,1,1,0,2,3,2,0.6869575032953092
1284,57.8,1,63,3.8,0.105284,1,14,1,0,1,1,0,3,7,9,0.6159354778826435
1285,57.81,0,22,-0.5,0.105231,0,8,0,0,1,1,0,1,3,3,0.4675692296301925
1286,57.92,1,96,13.3,0.105178,1,30,1,0,1,1,0,6,11,11,0.7238981281245541
1287,58.0,3,85,12.6,0.105126,3,17,1,0,1,1,0,5,9,9,0.670473875021828
1288,58.1,3,75,17.9,0.105073,3,21,3,0,1,1,0,5,7,6,0.9028184169834254
1289,58.11,1,16,2.3,0.105021,1,5,2,0,1,1,0,1,2,1,0.5268528625180471
1290,58.17,3,62,13.2,0.104968,3,15,2,0,0,1,0,5,6,6,1.1240596188538152
1291,58.2,2,35,13.2,0.104916,2,12,3,0,1,1,0,0,4,3,0.7059384916022639
1292,58.24,2,39,12.8,0.104863,2,14,2,0,1,1,0,2,4,3,0.9445088207647205
1293,58.28,1,48,5.8,0.104811,1,13,1,0,1,1,0,2,6,4,0.6505302478429219
1294,58.37,8,94,17.2,0.104758,3,23,4,1,1,1,0,6,9,4,0.680252684478529
1295,58.45,1,84,10.7,0.104706,1,24,3,0,1,1,0,4,9,9,0.7449042015663074
1296,58.46,0,13,-1.6,0.104654,0,5,0,0,1,1,0,0,2,3,0.5211249320652382
1297,58.5,1,37,0.0,0.104601,1,6,1,0,1,1,0,2,4,3,0.7124801660924641
1298,58.52,0,21,-2.3,0.104549,0,7,0,0,1,1,0,2,3,2,0.5472754799182835
1299,58.62,3,99,16.0,0.104497,3,26,3,0,1,1,0,9,11,11,0.8395604315433651
1300,58.63,0,20,1.7,0.104444,0,11,1,0,1,1,0,2,3,3,0.7129512767027802
1301,58.71,3,70,20.1,0.104392,3,21,1,0,0,1,0,3,7,9,1.065037514743777
1302,58.71,0,6,-3.6,0.10434,0,3,1,0,1,1,0,1,1,0,0.4461870794188274
1303,58.76,1,44,1.1,0.104288,1,11,1,1,1,1,0,5,5,5,0.5175900521911561
1304,58.82,3,54,27.0,0.104236,3,24,3,0,1,1,0,1,6,6,0.876845288594067
1305,58.91,2,82,25.5,0.104184,2,31,1,0,1,1,0,1,10,13,0.7535831806378709
1306,58.95,0,43,2.6,0.104131,0,13,0,0,1,1,0,1,6,1,0.6106124059051978
1307,58.98,1,38,9.6,0.104079,1,16,1,0,1,1,0,2,5,6,0.7073042178847541
1308,59.01,1,32,2.3,0.104027,1,10,2,0,1,1,0,4,4,5,0.5985287065391431
1309,59.08,3,69,12.5,0.103975,3,15,3,0,1,1,0,5,8,6,0.7796289345827475
1310,59.09,0,6,-3.6,0.103923,0,3,0,0,1,1,0,1,1,0,0.42556720358143224
1311,59.11,1,28,6.8,0.103871,1,11,1,0,1,1,0,1,3,4,0.5434657980279792
1312,59.13,0,20,-2.3,0.103819,0,7,0,0,1,1,0,2,3,3,0.6027515988637957
1313,59.31,3,164,23.3,0.103768,3,34,3,0,1,1,0,3,16,13,0.6849809594923048
1314,59.34,1,37,12.1,0.103716,1,17,1,0,1,1,0,1,5,2,0.7826959846622463
1315,59.48,8,144,16.5,0.103664,3,29,2,1,1,1,0,7,16,11,0.6659463135219891
1316,59.51,0,30,3.5,0.103612,0,13,2,0,1,1,0,1,4,5,0.6210353285228877
1317,59.58,2,78,14.5,0.10356,2,23,2,0,1,1,0,5,8,7,0.7121017555741082
1318,59.71,0,105,6.2,0.103508,0,26,0,0,0,1,0,3,12,13,0.6797664836742655
1319,59.74,1,35,6.9,0.103457,1,12,1,0,1,1,0,1,5,6,0.8538466763472158
1320,59.76,0,20,-0.2,0.103405,0,9,0,0,1,1,0,2,3,2,0.6037382184071443
1321,59.83,4,80,23.3,0.103353,4,19,3,0,1,1,0,2,9,7,0.7911976154082156
1322,59.84,0,13,-2.3,0.103302,0,5,0,0,1,1,0,1,2,0,0.44641617558301366
1323,59.94,5,95,-6.4,0.10325,0,15,0,1,1,1,0,6,11,9,0.7637000986425293
1324,60.0,2,62,11.3,0.103198,2,16,1,0,1,1,0,3,6,5,0.8166228058352386
1325,60.05,1,50,2.3,0.103147,1,9,1,0,1,1,0,1,5,7,0.5359341407683821
1326,60.17,1,136,9.5,0.103095,1,29,2,0,1,1,0,5,14,9,0.5696438784992047
1327,60.19,1,26,5.8,0.103044,1,11,1,0,1,1,0,2,3,6,0.7402310957810202
1328,60.22,0,28,1.6,0.102992,0,11,1,0,1,1,0,1,4,6,0.5100916659461356
1329,60.25,0,38,-0.1,0.102941,0,11,0,0,1,1,0,2,5,3,0.5143726037653223
1330,60.27,0,28,-1.0,0.102889,0,8,1,0,1,1,0,1,4,2,0.7400926596722641
1331,60.32,2,69,15.5,0.102838,2,21,2,0,1,1,0,3,8,6,0.5748668050798172
1332,60.45,4,124,22.2,0.102786,4,29,3,0,1,1,0,8,14,14,0.7406358453672324
1333,60.77,5,299,9.1,0.102735,5,32,2,0,1,1,0,11,23,20,0.7158768810379302
1334,60.78,0,6,-3.7,0.102683,0,2,0,0,1,1,0,0,1,1,0.5191764318427646
1335,60.8,0,20,-0.1,0.102632,0,10,1,0,1,1,0,3,3,1,0.8545468838714438
1336,60.99,1,183,12.7,0.102581,1,40,1,0,1,1,0,7,20,20,0.5647175698031889
1337,61.07,2,89,14.3,0.102529,2,24,4,0,1,1,0,5,10,8,0.8923480844629783
1338,61.13,1,61,10.4,0.102478,1,19,1,0,1,1,0,2,7,5,0.43000138514928204
1339,61.14,0,21,-1.2,0.102427,0,7,1,0,1,1,0,1,3,1,0.35851049783457584
1340,61.32,3,140,20.3,0.102376,3,29,2,0,1,1,0,4,14,7,0.6978798846603214
1341,61.36,0,40,-0.3,0.102325,0,12,0,0,1,1,0,3,5,3,0.6931715070807093
1342,61.62,4,181,12.4,0.102273,4,26,2,0,1,1,0,9,17,15,0.724201930733359
1343,61.65,1,36,10.3,0.102222,1,14,2,0,1,1,0,0,5,1,0.6474733072882688
1344,61.67,0,20,-2.3,0.102171,0,6,0,0,1,1,0,1,3,3,0.8628910160513728
1345,61.71,0,45,7.0,0.10212,0,17,1,0,1,1,0,0,6,5,0.5757015608051509
1346,61.72,0,8,-3.8,0.102069,0,3,0,0,1,1,0,1,1,0,0.4494644925866083
1347,61.79,2,65,7.9,0.102018,2,12,2,0,0,1,0,2,6,6,0.7478004434372048
1348,61.79,0,5,-2.8,0.101967,0,3,1,0,1,1,0,0,1,3,0.8502688244941183
1349,61.83,0,40,6.3,0.101916,0,17,0,0,1,1,0,1,5,7,0.810039037204185
1350,61.86,0,29,-2.2,0.101865,0,10,0,0,1,1,0,4,4,3,0.5715329883318947
1351,61.87,0,15,-3.8,0.101814,0,5,0,0,1,1,0,2,2,3,0.5956150845984658
1352,62.13,2,194,-4.1,0.101763,2,22,1,0,0,1,0,10,17,17,0.7280511668318078
1353,62.19,2,58,20.2,0.101712,2,22,3,0,1,1,0,0,7,10,0.712254322560307
1354,62.21,0,20,-0.4,0.101661,0,8,0,0,1,1,0,1,3,4,0.6774959625197325
1355,62.38,3,155,19.0,0.101611,3,31,3,0,0,1,0,5,15,15,0.7005520455625862
1356,62.39,0,6,-4.7,0.10156,0,3,1,0,1,1,0,2,1,1,0.6688677376442375
1357,62.45,0,66,-4.1,0.101509,0,16,1,0,1,1,0,8,7,5,0.6016712351078729
1358,62.47,0,28,-1.3,0.101458,0,8,1,0,1,1,0,1,4,5,0.3696979355869289
1359,62.51,0,35,2.9,0.101408,0,15,1,0,1,1,0,3,5,6,0.6495467618514865
1360,62.51,0,6,-3.6,0.101357,0,3,2,0,1,1,0,1,1,0,0.5065564659533914
1361,62.6,1,82,13.0,0.101306,1,25,0,0,1,1,0,3,10,8,0.6126263852836484
1362,62.65,1,53,12.0,0.101256,1,21,1,0,1,1,0,3,7,7,0.5973217892208926
1363,63.06,2,285,-7.7,0.101205,2,30,3,0,1,1,0,12,25,22,0.776366636715974
1364,63.08,1,16,3.1,0.101154,1,5,1,0,1,1,0,0,2,3,0.5659248682942837
1365,63.15,1,62,13.4,0.101104,1,21,0,0,1,1,0,1,7,4,0.8049333966262219
1366,63.17,0,28,0.1,0.101053,0,9,1,0,1,1,0,1,4,1,0.5443249393809675
1367,63.23,0,55,-0.2,0.101003,0,16,1,0,1,1,0,5,6,7,0.6308963126670593
1368,63.42,0,146,11.7,0.100952,0,37,1,0,1,1,0,4,16,17,0.5785950567455902
1369,63.48,2,56,8.8,0.100902,2,14,1,0,1,1,0,4,5,6,0.8761253812772344
1370,63.52,1,47,7.0,0.100851,1,16,1,0,1,1,0,4,6,3,0.6456253929528326
1371,63.72,3,222,10.7,0.100801,3,34,3,0,1,1,0,9,22,21,0.766620897028158
1372,63.78,0,61,-5.7,0.10075,0,14,1,0,0,1,0,8,7,6,0.9254193670186667
1373,63.92,3,111,19.2,0.1007,3,24,3,0,1,1,0,3,13,7,0.6882178817829504
1374,63.98,2,73,14.2,0.10065,2,20,3,0,1,1,0,3,9,5,0.7853299290929483
1375,63.99,0,6,-5.7,0.100599,0,2,0,0,1,1,0,2,1,1,0.6362460519936839
1376,64.05,2,55,16.0,0.100549,2,17,2,0,1,1,0,0,7,5,0.616221608235564
1377,64.14,2,95,11.4,0.100499,2,23,1,0,0,1,0,6,10,11,0.8805291335658775
1378,64.28,5,116,30.2,0.100449,5,27,1,0,1,1,0,4,11,12,0.9366422078817419
1379,64.3,0,21,1.5,0.100398,0,11,0,0,1,1,0,2,3,4,0.8541495428884806
1380,64.31,0,6,-3.6,0.100348,0,3,1,0,1,1,0,1,1,0,0.5604395691319837
1381,64.43,2,113,14.3,0.100298,2,26,2,0,0,1,0,5,12,4,1.10383258178372
1382,64.47,0,36,-0.8,0.100248,0,11,0,0,1,1,0,3,5,2,0.5315794806361155
1383,64.9,2,360,-25.0,0.100198,2,30,2,0,0,1,0,21,37,30,0.7694800861928276
1384,64.93,0,30,-0.6,0.100148,0,10,0,0,1,1,0,2,4,6,0.5315408089651472
1385,64.94,0,6,-4.7,0.100097,0,3,0,0,1,1,0,2,1,1,0.7289039093342108
1386,65.26,4,206,15.7,0.100047,4,36,5,0,0,1,0,13,18,17,0.7989345447544327
1387,65.58,8,270,-1.6,0.099997,3,31,3,1,1,1,0,13,24,26,0.6600605162464934
1388,65.64,2,62,11.6,0.099947,2,15,2,0,1,1,0,2,7,2,0.5799229029079139
1389,65.72,2,72,10.2,0.099897,2,15,3,0,1,1,0,2,8,6,1.0164328296108753
1390,65.73,0,8,-4.8,0.099847,0,2,0,0,1,1,0,1,1,0,0.33846010486589917
1391,65.73,0,8,-2.9,0.099798,0,3,0,0,1,1,0,0,1,1,0.5849397446767883
1392,65.75,2,28,8.7,0.099748,2,9,3,0,1,1,0,2,3,5,0.7500663405712337
1393,65.79,0,40,2.5,0.099698,0,16,0,0,1,1,0,4,5,5,0.5759338035216311
1394,65.84,0,61,8.3,0.099648,0,21,0,0,1,1,0,1,8,6,0.5144094340800791
1395,65.85,0,6,-4.6,0.099598,0,2,0,0,1,1,0,1,1,0,0.36093044523708456
1396,65.93,1,85,-2.4,0.099548,1,14,1,0,0,1,0,7,9,9,0.595108440691891
1397,66.02,2,96,10.8,0.099499,2,19,1,0,1,1,0,3,11,6,0.7536666288233747
1398,66.1,9,74,24.1,0.099449,4,22,5,1,1,1,0,4,8,15,1.2138738702809213
1399,66.18,0,80,-0.0,0.099399,0,20,0,0,0,1,0,6,10,10,0.5592991779863392
1400,66.2,0,20,1.6,0.099349,0,9,0,0,1,1,0,0,3,4,0.4206955865963481
1401,66.21,0,13,-3.5,0.0993,0,4,0,0,1,1,0,1,2,2,0.4853980834113551
1402,66.22,0,13,-2.5,0.09925,0,5,0,0,1,1,0,1,2,2,0.9385455779932459
1403,66.28,0,74,5.1,0.0992,0,21,0,0,1,1,0,3,9,5,0.7398395467219355
1404,66.31,0,31,3.7,0.099151,0,13,0,0,1,1,0,1,4,2,0.4743074042433251
1405,66.31,0,6,-5.6,0.099101,0,1,0,0,1,1,0,1,1,0,0.22615898763035128
1406,66.39,4,72,34.6,0.099052,4,30,5,0,1,1,0,2,8,12,0.704019395063925
1407,66.49,1,107,7.9,0.099002,1,24,0,0,1,1,0,4,12,14,0.7551239304831364
1408,66.49,0,6,-2.7,0.098953,0,3,0,0,1,1,0,0,1,1,0.4480618620659076
1409,66.51,0,14,-0.5,0.098903,0,7,2,0,1,1,0,1,2,1,0.875336135071236
1410,66.55,1,50,7.5,0.098854,1,16,1,0,1,1,0,3,6,5,0.48706100076412595
1411,66.71,2,185,4.2,0.098804,2,30,1,0,1,1,0,11,18,13,0.7313496511871805
1412,66.74,1,29,5.8,0.098755,1,13,1,0,1,1,0,4,4,3,0.8107754149417015
1413,66.76,1,17,1.2,0.098706,1,5,2,0,1,1,0,2,2,1,1.121631705394101
1414,66.81,3,57,13.0,0.098656,3,11,0,0,1,1,0,2,6,3,0.6496280358460016
1415,66.82,0,6,-3.7,0.098607,0,2,0,0,1,1,0,0,1,1,0.25853775960487807
1416,66.82,0,6,-3.6,0.098558,0,3,0,0,1,1,0,1,1,0,0.4946735036152949
1417,66.83,0,5,-2.8,0.098508,0,3,0,0,1,1,0,0,1,3,0.664470525909831
1418,66.98,2,131,19.6,0.098459,2,36,2,0,1,1,0,7,15,13,0.728915279186112
1419,67.12,2,122,8.2,0.09841,2,26,1,0,0,1,0,9,13,16,0.9764800144980663
1420,67.15,0,28,2.9,0.098361,0,12,1,0,1,1,0,1,4,3,0.3917811776244417
1421,67.2,2,56,20.5,0.098311,2,25,2,0,1,1,0,3,6,9,0.8828089080658296
1422,67.22,0,13,-1.5,0.098262,0,6,1,0,1,1,0,1,2,2,0.841676897168276
1423,67.69,0,265,-0.7,0.098213,0,39,0,0,0,1,0,6,28,22,0.5967367301993047
1424,68.01,4,222,11.1,0.098164,4,33,4,0,1,1,0,13,21,17,0.768535492768593
1425,68.32,5,255,24.7,0.098115,5,45,4,0,1,1,0,13,27,18,0.8316661484620594
1426,68.32,0,5,-3.7,0.098066,0,3,0,0,1,1,0,1,1,2,1.5781253959824117
1427,68.38,1,51,7.3,0.098017,1,14,2,0,1,1,0,1,6,6,0.5186632446125133
1428,68.43,1,54,12.8,0.097968,1,19,1,0,1,1,0,0,7,8,0.5037388355619887
1429,68.51,1,83,7.9,0.097919,1,20,1,0,1,1,0,3,10,8,0.565757250574684
1430,68.57,1,61,7.1,0.09787,1,18,2,0,1,1,0,4,7,8,0.6204312106596527
1431,68.71,2,120,14.8,0.097821,2,28,1,0,1,1,0,5,13,12,0.5336245158306283
1432,68.83,3,120,12.8,0.097772,3,23,3,0,0,1,0,7,11,12,0.7588015019343322
1433,68.85,1,24,-0.7,0.097723,1,6,1,0,1,1,0,4,3,3,0.9540047335053087
1434,69.02,1,195,1.1,0.097674,1,31,2,0,1,1,0,9,20,14,0.7712875899579552
1435,69.06,2,42,18.4,0.097625,2,20,2,0,1,1,0,2,5,4,1.0229851700038908
1436,69.07,0,6,-5.6,0.097577,0,1,0,0,1,1,0,1,1,0,0.2498239861485437
1437,69.07,0,6,-4.8,0.097528,0,2,0,0,1,1,0,1,1,2,0.44420732518467343
1438,69.12,1,47,4.7,0.097479,1,11,1,0,0,1,0,1,5,6,0.8981475869755159
1439,69.14,0,15,-4.5,0.09743,0,5,0,0,1,1,0,3,2,0,0.5005583717119922
1440,69.15,0,23,-1.7,0.097382,0,10,1,0,1,1,0,4,3,4,0.8571589882321566
1441,69.5,10,244,17.6,0.097333,5,36,3,1,1,1,0,11,24,30,0.714295048727425
1442,69.51,0,9,-3.1,0.097284,0,3,0,0,1,1,0,0,1,2,0.645811512557242
1443,69.54,2,40,9.5,0.097236,2,12,1,0,1,1,0,3,5,5,1.1554491880982296
1444,69.56,0,28,5.1,0.097187,0,15,0,0,1,1,0,2,4,1,0.8019291065814949
1445,69.57,0,6,-4.7,0.097138,0,3,1,0,1,1,0,2,1,1,0.8033476867139204
1446,69.57,0,6,-4.6,0.09709,0,2,0,0,1,1,0,1,1,0,0.2657964207569359
1447,69.69,2,107,20.6,0.097041,2,31,2,0,1,1,0,4,11,7,0.6626552434062221
1448,69.82,1,109,13.2,0.096993,1,31,2,0,1,1,0,6,11,9,0.7555342514808516
1449,69.86,0,43,4.1,0.096944,0,16,1,0,1,1,0,2,6,6,0.5704485649424038
1450,70.0,2,157,11.5,0.096896,2,29,1,0,1,1,0,5,16,18,0.4749316079756444
1451,70.01,0,15,-2.8,0.096847,0,4,0,0,1,1,0,0,2,3,0.39023150702780296
1452,70.06,1,57,6.0,0.096799,1,15,1,0,1,1,0,3,7,3,0.5344677998995225
1453,70.08,0,21,-1.4,0.096751,0,8,0,0,1,1,0,2,3,3,0.7441071001699314
1454,70.1,0,23,-1.7,0.096702,0,8,0,0,1,1,0,2,3,4,0.7111079599280508
1455,70.22,2,92,19.1,0.096654,2,29,3,0,1,1,0,5,11,7,0.79916381933148
1456,70.47,3,172,5.2,0.096605,3,22,3,0,0,1,0,8,17,16,0.6756840668396747
1457,70.69,2,266,7.6,0.096557,2,41,2,0,1,1,0,9,28,28,0.6327896792903893
1458,70.7,0,6,-3.6,0.096509,0,3,0,0,1,1,0,1,1,0,0.42696836228912577
1459,70.71,0,20,1.8,0.096461,0,9,0,0,1,1,0,0,3,2,0.7637801593485584
1460,70.73,0,21,1.8,0.096412,0,11,0,0,1,1,0,2,3,1,0.5970768669746537
1461,70.78,1,52,14.3,0.096364,1,22,3,0,1,1,0,2,7,5,0.6853534960737193
1462,70.85,1,78,8.4,0.096316,1,20,1,0,1,1,0,3,9,8,0.4589191550789327
1463,70.85,0,6,-3.6,0.096268,0,3,0,0,1,1,0,1,1,0,0.4727905554722604
1464,70.94,3,91,23.7,0.09622,3,28,3,0,1,1,0,4,10,12,0.9632940971290429
1465,70.98,0,42,-3.6,0.096172,0,10,0,0,0,1,0,4,5,4,1.0300254421350583
1466,71.11,2,109,8.3,0.096124,2,19,2,0,0,1,0,4,11,8,0.8846402289518321
1467,71.12,0,21,-0.3,0.096075,0,7,0,0,1,1,0,0,3,2,0.3739259622161058
1468,71.21,5,97,1.4,0.096027,0,20,0,1,1,1,0,3,10,9,0.5494926079963861
1469,71.31,1,94,4.9,0.095979,1,19,1,0,0,1,0,4,9,7,0.7801980820482517
1470,71.38,3,75,25.8,0.095931,3,25,3,0,1,1,0,1,7,7,0.7040838724822484
1471,71.42,0,44,5.2,0.095883,0,17,1,0,1,1,0,2,6,4,0.7729583265937552
1472,71.46,2,44,8.0,0.095836,2,9,3,0,0,1,0,1,5,6,1.1332990005548162
1473,71.6,3,122,16.3,0.095788,3,27,3,0,0,1,0,7,14,15,0.6667237193064648
1474,71.62,0,21,-3.4,0.09574,0,7,0,0,1,1,0,3,3,3,0.8298085189025399
1475,71.63,0,15,-3.7,0.095692,0,4,0,0,1,1,0,1,2,2,0.580662852826117
1476,71.68,1,45,13.8,0.095644,1,20,2,0,1,1,0,1,6,7,1.0741156309032636
1477,71.68,0,6,-2.7,0.095596,0,3,0,0,1,1,0,0,1,1,0.9145223979218092
1478,71.87,3,144,19.3,0.095548,3,28,1,0,1,1,0,3,14,13,0.7076491867562391
1479,71.93,1,44,0.9,0.095501,1,8,1,0,1,1,0,2,5,7,0.841239118895749
1480,71.93,0,6,-3.7,0.095453,0,2,0,0,1,1,0,0,1,1,0.23953428056236428
1481,71.95,0,21,-2.2,0.095405,0,6,1,0,1,1,0,1,3,1,0.6129059721533083
1482,72.01,0,55,6.1,0.095357,0,19,0,0,1,1,0,2,7,4,0.6112674948140902
1483,72.22,6,230,1.4,0.09531,1,41,3,1,1,1,0,14,23,26,0.7857739561136318
1484,72.25,0,44,0.8,0.095262,0,15,0,0,1,1,0,4,6,8,0.6989303434172341
1485,72.34,2,84,19.1,0.095214,2,27,4,0,1,1,0,4,8,5,0.7156430340434032
1486,72.36,1,23,4.2,0.095167,1,8,1,0,1,1,0,1,3,5,0.791283195604915
1487,72.38,0,20,-0.4,0.095119,0,8,0,0,1,1,0,1,3,4,0.4070062913098691
1488,72.82,4,312,20.0,0.095072,4,48,4,0,1,1,0,9,30,28,0.5704254605264302
1489,72.85,1,34,9.2,0.095024,1,14,1,0,1,1,0,1,4,4,0.4823779013518461
1490,72.86,0,13,-1.5,0.094977,0,6,0,0,1,1,0,1,2,2,0.5044543028527199
1491,72.87,1,16,1.2,0.094929,1,5,1,0,1,1,0,2,2,2,0.7791826533705952
1492,72.9,0,28,0.1,0.094882,0,9,0,0,1,1,0,1,4,1,0.5760632645702917
1493,72.95,1,46,6.8,0.094834,1,12,1,0,1,1,0,0,6,6,0.5175950508827889
1494,72.95,0,7,-2.7,0.094787,0,3,0,0,1,1,0,0,1,0,0.3055229045725786
1495,72.97,0,28,-1.0,0.094739,0,10,0,0,1,1,0,3,4,2,0.8985058543969207
1496,72.98,0,7,-4.7,0.094692,0,3,0,0,1,1,0,2,1,0,0.5132733271010449
1497,72.98,0,6,-3.7,0.094645,0,2,0,0,1,1,0,0,1,1,0.3374751122765575
1498,73.0,0,28,3.9,0.094597,0,13,0,0,1,1,0,1,4,3,0.6930156728485717
1499,73.03,0,31,1.6,0.09455,0,12,0,0,1,1,0,2,4,3,0.5502871240223095
1500,73.03,0,6,-3.9,0.094503,0,2,1,0,1,1,0,0,1,3,0.6221370202776577
1501,73.08,0,45,7.1,0.094456,0,18,0,0,1,1,0,1,6,4,0.7160698616146801
1502,73.14,2,62,10.5,0.094408,2,15,2,0,1,1,0,2,7,13,0.8179512604609908
1503,73.17,1,30,-2.4,0.094361,1,6,1,0,1,1,0,5,3,4,0.5504507122643548
1504,73.33,11,229,27.2,0.094314,6,37,4,1,1,1,0,10,22,19,0.7068438338947434
1505,73.44,2,100,8.4,0.094267,2,16,2,0,0,1,0,2,11,6,0.8369993200551074
1506,73.55,4,119,26.1,0.09422,4,30,4,0,1,1,0,6,12,10,0.7085250605748993
1507,73.62,3,72,12.1,0.094173,3,16,3,0,1,1,0,6,8,7,0.6914634061589773
1508,73.69,2,66,18.7,0.094125,2,25,2,0,1,1,0,4,7,7,0.6759541888077225
1509,73.7,0,14,0.4,0.094078,0,8,0,0,1,1,0,1,2,2,0.7526776096438779
1510,73.79,0,77,-3.7,0.094031,0,19,0,0,1,1,0,9,8,10,0.718276395574069
1511,73.84,0,49,2.6,0.093984,0,17,0,0,1,1,0,4,6,5,0.6710353201061031
1512,73.85,0,21,-3.3,0.093937,0,7,0,0,1,1,0,3,3,2,0.8441144953533569
1513,73.93,1,67,7.5,0.09389,1,18,1,0,1,1,0,3,8,8,0.7555391659417033
1514,74.05,1,142,5.6,0.093843,1,26,2,0,1,1,0,5,14,12,0.6307663140588937
1515,74.16,3,91,18.2,0.093797,3,22,3,0,1,1,0,4,9,7,0.6627712073620808
1516,74.22,1,53,11.8,0.09375,1,21,1,0,1,1,0,3,7,9,0.6419816011124664
1517,74.27,2,47,6.8,0.093703,2,9,2,0,1,1,0,2,5,5,0.6249703603758624
1518,74.4,2,112,19.4,0.093656,2,28,0,0,1,1,0,1,12,14,0.5491852669666465
1519,74.43,0,20,-0.3,0.093609,0,9,1,0,1,1,0,2,3,3,0.47520723403263554
1520,74.43,0,6,-4.6,0.093562,0,2,0,0,1,1,0,1,1,0,0.5115930485616591
1521,74.49,3,60,9.7,0.093516,3,10,1,0,1,1,0,4,7,3,0.8073548958877594
1522,74.55,2,61,17.2,0.093469,2,21,3,0,1,1,0,2,7,7,0.9402385508874583
1523,74.58,1,31,2.4,0.093422,1,8,1,0,1,1,0,2,4,5,0.8973353004825394
1524,74.64,1,54,6.0,0.093375,1,16,1,0,1,1,0,4,6,6,0.5958349842489058
1525,74.68,3,51,19.6,0.093329,3,20,4,0,1,1,0,5,5,3,0.866164272795985
1526,74.77,1,63,10.2,0.093282,1,20,0,0,1,1,0,3,7,5,0.8778534324550761
1527,74.79,0,21,-1.2,0.093235,0,7,0,0,1,1,0,1,3,1,0.4467565092002661
1528,74.79,0,6,-4.6,0.093189,0,2,0,0,1,1,0,1,1,0,0.27744967439057966
1529,74.84,1,52,8.2,0.093142,1,17,1,0,1,1,0,3,6,6,0.7594782009276736
1530,74.88,3,42,19.7,0.093096,3,18,3,0,1,1,0,4,5,1,1.1721040794287556
1531,74.89,0,12,-2.5,0.093049,0,5,1,0,1,1,0,1,2,3,1.0412212934624632
1532,74.92,1,26,4.0,0.093002,1,8,1,0,1,1,0,1,3,4,0.695312146045667
1533,74.99,3,75,7.9,0.092956,3,14,2,0,0,1,0,8,7,6,1.2042565766141702
1534,75.02,0,29,5.7,0.092909,0,14,1,0,1,1,0,0,4,4,0.6014058606203505
1535,75.07,1,42,4.0,0.092863,1,12,1,0,1,1,0,3,6,8,0.9707481110016462
1536,75.08,0,7,-3.7,0.092817,0,2,0,0,1,1,0,0,1,0,0.230383991414458
1537,75.21,3,168,21.7,0.09277,3,40,4,0,1,1,0,9,17,25,0.8058871968788272
1538,75.25,1,33,9.3,0.092724,1,14,1,0,1,1,0,1,4,4,0.7656692227079606
1539,75.54,3,257,8.1,0.092677,3,41,2,0,1,1,0,15,26,22,0.6464921009142204
1540,75.87,3,229,14.0,0.092631,3,34,3,0,1,1,0,5,22,21,0.6613986583891491
1541,75.93,2,64,9.9,0.092585,2,17,3,0,0,1,0,5,7,7,1.1125487807975716
1542,76.03,2,84,14.1,0.092538,2,20,1,0,1,1,0,1,10,15,0.9496368625423951
1543,76.12,3,89,16.1,0.092492,3,18,1,0,1,1,0,2,10,10,0.8986228134791265
1544,76.18,1,62,5.3,0.092446,1,15,1,0,1,1,0,3,8,5,0.5180994289585213
1545,76.2,1,27,6.0,0.0924,1,10,1,0,1,1,0,1,3,3,0.7359813259280491
1546,76.21,1,16,5.4,0.092354,1,7,2,0,1,1,0,0,2,0,0.6555636602610032
1547,76.38,1,125,5.7,0.092307,1,27,1,0,1,1,0,7,12,18,0.7313543848508479
1548,76.43,1,57,9.7,0.092261,1,19,1,0,1,1,0,3,8,6,0.831275200616629
1549,76.48,0,36,2.8,0.092215,0,13,0,0,1,1,0,1,5,6,0.5870021190958113
1550,76.54,1,86,1.6,0.092169,1,16,2,0,1,1,0,5,9,8,0.6145716825336439
1551,76.65,2,107,14.7,0.092123,2,25,4,0,1,1,0,4,12,6,0.6249357107276545
1552,76.67,0,20,-3.2,0.092077,0,7,1,0,1,1,0,3,3,2,0.575935779818838
1553,76.76,1,108,-7.8,0.092031,1,14,1,0,1,1,0,10,12,10,0.7938016912723468
1554,76.79,1,28,6.0,0.091985,1,9,1,0,1,1,0,0,4,2,0.678117325290274
1555,76.87,1,71,-2.7,0.091939,1,12,1,0,1,1,0,7,7,6,0.5847030425409662
1556,76.87,0,6,-4.7,0.091893,0,3,0,0,1,1,0,2,1,1,0.7277089669663322
1557,77.04,2,132,18.2,0.091847,2,34,3,0,1,1,0,6,14,16,0.7404978936911523
1558,77.11,2,57,5.9,0.091801,2,11,2,0,1,1,0,4,5,4,0.6468334732617717
1559,77.19,0,67,0.7,0.091755,0,14,0,0,1,1,0,1,8,6,0.5176529854833739
1560,77.28,3,96,14.5,0.091709,3,21,2,0,1,1,0,6,10,9,0.9524611837586231
1561,77.35,1,63,7.1,0.091663,1,17,1,0,1,1,0,3,6,6,0.7464078357395223
1562,77.4,2,55,6.9,0.091617,2,10,2,0,0,1,0,2,5,6,0.8189339031305053
1563,77.51,1,115,15.2,0.091572,1,29,1,0,1,1,0,1,13,13,0.4445584952019715
1564,77.61,0,108,6.8,0.091526,0,27,1,0,1,1,0,3,12,14,0.6821653669197687
1565,77.72,0,101,8.7,0.09148,0,29,1,0,1,1,0,4,11,12,0.4201934595766427
1566,77.75,0,38,4.7,0.091434,0,14,1,0,1,1,0,0,5,5,0.6887914246501357
1567,77.77,0,22,-1.4,0.091389,0,11,1,0,1,1,0,5,3,2,1.088586406940937
1568,77.81,0,37,1.9,0.091343,0,11,0,0,1,1,0,0,5,4,0.44000874363408365
1569,77.88,0,67,12.0,0.091297,0,26,1,0,1,1,0,1,9,13,0.637490488103396
1570,77.97,0,96,-3.5,0.091252,0,16,1,0,0,1,0,4,10,9,0.7179708195077544
1571,78.01,3,40,16.5,0.091206,3,14,3,0,1,1,0,3,4,5,0.8706900292528953
1572,78.14,2,125,15.3,0.09116,2,29,0,0,1,1,0,5,12,12,0.5414851891015875
1573,78.24,7,126,18.1,0.091115,2,32,2,1,1,1,0,5,12,13,0.6206143742665168
1574,78.32,1,83,11.8,0.091069,1,25,1,0,0,1,0,4,10,9,0.6722084120335351
1575,78.33,1,16,4.3,0.091024,1,7,2,0,1,1,0,1,2,1,0.9927828340133051
1576,78.39,1,65,2.8,0.090978,1,14,1,0,0,1,0,4,8,7,0.8914892117743171
1577,78.42,0,36,2.8,0.090933,0,15,0,0,1,1,0,3,5,6,0.5277372792382721
1578,78.49,2,66,11.6,0.090887,2,18,2,0,0,1,0,4,8,8,1.086197303233279
1579,78.69,3,177,13.8,0.090842,3,25,1,0,1,1,0,2,15,15,0.4914081542734597
1580,78.77,2,81,7.3,0.090796,2,15,1,0,0,1,0,4,9,6,0.9058651775293338
1581,78.79,0,14,-2.7,0.090751,0,5,0,0,1,1,0,1,2,3,0.3381744432370333
1582,78.86,2,63,6.5,0.090706,2,14,2,0,1,1,0,6,7,2,0.6562716665696194
1583,78.88,0,20,-1.2,0.09066,0,7,0,0,1,1,0,1,3,2,0.9481318680242042
1584,78.88,0,6,-4.6,0.090615,0,2,0,0,1,1,0,1,1,0,0.31220680441619714
1585,78.93,4,49,28.8,0.09057,4,21,5,0,1,1,0,2,5,3,1.012052765512772
1586,78.96,1,29,2.9,0.090524,1,8,1,0,1,1,0,2,4,2,0.7278071147222264
1587,79.0,0,37,3.6,0.090479,0,15,0,0,1,1,0,2,5,7,0.6349347781462742
1588,79.05,2,52,10.8,0.090434,2,12,2,0,1,1,0,0,6,10,1.1872907906030727
1589,79.13,4,90,32.6,0.090389,4,31,4,0,1,1,0,4,10,4,0.6587579069994263
1590,79.15,1,20,3.5,0.090343,1,6,1,0,1,1,0,0,3,5,1.3963462793790167
1591,79.15,0,6,-3.6,0.090298,0,3,0,0,1,1,0,1,1,0,0.4691928797383769
1592,79.23,0,81,4.8,0.090253,0,26,0,0,1,1,0,7,11,11,0.8712442046773505
1593,79.34,9,124,23.5,0.090208,4,23,3,1,1,1,0,1,14,11,0.6663470709451362
1594,79.42,1,67,5.8,0.090163,1,17,2,0,1,1,0,4,8,5,0.8861377915023662
1595,79.52,0,89,2.2,0.090118,0,20,1,0,1,1,0,3,11,9,0.6432508483082613
1596,79.6,0,70,-0.1,0.090073,0,17,0,0,1,1,0,4,9,11,0.6343494601471851
1597,79.62,0,15,-4.7,0.090028,0,5,0,0,1,1,0,3,2,2,0.4214278021228244
1598,79.63,0,20,-2.3,0.089983,0,7,0,0,1,1,0,2,3,3,0.46128461521921177
1599,79.65,0,21,-0.5,0.089938,0,8,0,0,1,1,0,1,3,4,0.41959359252814027
1600,79.67,0,22,-1.5,0.089893,0,8,0,0,1,1,0,2,3,3,0.4350888285417994
1601,79.71,0,40,2.5,0.089848,0,16,0,0,1,1,0,4,5,5,0.6274447804451813
1602,79.86,2,125,29.8,0.089803,2,40,1,0,1,1,0,1,14,17,0.7008629564445625
1603,79.94,0,68,9.3,0.089758,0,22,1,0,1,1,0,0,9,9,0.5656753389114016
1604,80.01,2,70,12.3,0.089713,2,21,3,0,1,1,0,6,9,7,0.8497152592474271
1605,80.27,1,229,-3.7,0.089668,1,31,2,0,1,1,0,10,25,18,0.6371692467717546
1606,80.34,1,61,18.3,0.089623,1,26,1,0,1,1,0,1,8,6,0.8964493276583351
1607,80.36,1,21,3.8,0.089579,1,7,1,0,1,1,0,1,3,1,0.833543572565152
1608,80.42,1,66,3.6,0.089534,1,17,0,0,0,1,0,6,7,8,0.7553310175290959
1609,80.43,0,6,-3.6,0.089489,0,3,0,0,1,1,0,1,1,0,0.46920168044268046
1610,80.44,0,14,1.4,0.089444,0,8,2,0,1,1,0,0,2,2,0.3994279577961885
1611,80.48,0,40,4.4,0.0894,0,14,1,0,1,1,0,0,5,6,0.46772703716168085
1612,80.5,0,29,-0.4,0.089355,0,9,0,0,1,1,0,1,4,5,0.5354967244610427
1613,80.59,2,80,11.3,0.08931,2,18,2,0,1,1,0,3,10,7,0.6764010502547618
1614,80.7,0,105,-7.5,0.089266,0,15,0,0,1,1,0,6,13,10,0.7747615916712288
1615,80.71,0,7,-4.8,0.089221,0,2,0,0,1,1,0,1,1,1,0.5687200205307751
1616,80.72,0,15,-2.7,0.089176,0,5,0,0,1,1,0,1,2,2,0.47086263289142605
1617,80.79,2,74,13.4,0.089132,2,22,2,0,1,1,0,5,9,12,0.8498745835376031
1618,80.81,1,30,5.6,0.089087,1,9,2,0,1,1,0,0,4,4,0.5578377861956441
1619,80.82,0,13,-6.4,0.089043,0,4,0,0,1,1,0,4,2,1,1.137539960423325
1620,81.01,0,161,-4.5,0.088998,0,25,1,0,0,1,0,7,16,14,0.6392280847427066
1621,81.02,0,7,-3.8,0.088954,0,3,0,0,1,1,0,1,1,1,0.6031701821136561
1622,81.41,2,293,-4.5,0.088909,2,35,3,0,1,1,0,13,34,22,0.7878889292276449
1623,81.44,0,38,1.9,0.088865,0,13,0,0,1,1,0,2,5,3,0.42553544599640014
1624,81.54,3,94,19.3,0.08882,3,22,2,0,1,1,0,2,10,13,0.9332470803788867
1625,81.56,0,20,0.7,0.088776,0,10,1,0,1,1,0,2,3,3,0.6710052613264064
1626,81.59,1,36,12.0,0.088731,1,18,2,0,1,1,0,2,4,4,0.7910941134843426
1627,81.61,1,21,3.4,0.088687,1,7,1,0,1,1,0,1,3,5,1.1225333554445085
1628,81.62,2,16,7.3,0.088643,2,5,2,0,1,1,0,1,2,1,0.9000683599457608
1629,81.62,0,6,-4.6,0.088598,0,2,1,0,1,1,0,1,1,0,0.29579465405598454
1630,81.67,0,50,1.3,0.088554,0,14,0,0,1,1,0,2,7,7,0.6961821902530523
1631,81.68,0,14,-3.4,0.08851,0,5,0,0,1,1,0,2,2,0,1.1719273021625232
1632,81.8,1,88,9.5,0.088466,1,25,1,0,0,1,0,6,11,7,0.8706609365542451
1633,81.89,1,75,19.7,0.088421,1,30,2,0,1,1,0,2,9,8,0.7638974286873306
1634,81.94,0,52,0.1,0.088377,0,15,0,0,0,1,0,4,6,7,0.8874074643121352
1635,81.95,0,14,-0.7,0.088333,0,6,1,0,1,1,0,0,2,3,0.533504822261199
1636,81.99,0,31,1.5,0.088289,0,13,0,0,1,1,0,3,4,4,0.6280206498130672
1637,82.09,3,89,24.9,0.088245,3,31,3,0,0,1,0,6,10,12,0.8084486207766652
1638,82.24,2,118,12.0,0.088201,2,26,2,0,0,1,0,6,12,12,0.6900439769020333
1639,82.29,1,48,10.7,0.088156,1,18,2,0,1,1,0,2,6,5,0.6937332815091062
1640,82.34,2,55,11.9,0.088112,2,18,2,0,0,1,0,5,6,6,1.0586277150344852
1641,82.43,1,77,13.1,0.088068,1,24,1,0,1,1,0,2,10,12,0.9249066024486859
1642,82.49,1,56,8.9,0.088024,1,19,1,0,1,1,0,4,6,5,0.7802054637352904
1643,82.55,0,62,9.0,0.08798,0,22,0,0,1,1,0,1,8,8,0.4938822844041738
1644,82.59,2,45,17.1,0.087936,2,19,2,0,1,1,0,2,5,4,0.866506566673629
1645,82.65,2,64,15.1,0.087892,2,21,3,0,1,1,0,4,7,5,0.7162748129069743
1646,82.69,2,39,12.9,0.087848,2,12,2,0,1,1,0,0,5,2,0.7093546079294037
1647,82.74,0,54,2.9,0.087804,0,17,1,0,1,1,0,3,7,7,0.5300537135368629
1648,82.77,1,32,9.1,0.08776,1,13,1,0,1,1,0,0,4,7,0.7428524028461214
1649,82.97,0,228,-9.7,0.087717,0,29,0,0,1,1,0,9,28,19,0.6209393418510282
1650,83.05,3,83,25.9,0.087673,3,29,4,0,1,1,0,4,10,8,0.8787874884442753
1651,83.19,2,117,12.3,0.087629,2,26,3,0,1,1,0,6,13,10,0.8034131272909641
1652,83.29,2,85,14.4,0.087585,2,25,3,0,1,1,0,6,10,11,0.8464297807937308
1653,83.34,0,44,6.1,0.087541,0,16,0,0,1,1,0,0,6,5,0.5876221399610719
1654,83.35,0,15,-4.7,0.087498,0,3,0,0,1,1,0,1,2,2,0.27259122752006937
1655,83.44,2,85,10.9,0.087454,2,20,2,0,1,1,0,5,10,6,0.8507233902806124
1656,83.5,7,71,9.8,0.08741,2,18,2,1,0,1,0,5,7,11,0.8363432553984825
1657,83.72,3,169,16.4,0.087366,3,37,3,0,1,1,0,13,18,7,0.7266803024247956
1658,83.8,4,107,27.4,0.087323,4,27,5,0,0,1,0,3,12,9,0.8188752355001504
1659,83.88,2,85,23.2,0.087279,2,29,2,0,1,1,0,1,9,13,0.7714686170475201
1660,83.88,0,6,-3.7,0.087235,0,2,0,0,1,1,0,0,1,1,0.25458374740907974
1661,83.99,1,90,3.2,0.087192,1,21,1,0,1,1,0,8,9,8,0.7400734111778056
1662,84.07,1,73,6.0,0.087148,1,16,1,0,1,1,0,2,8,7,0.9180957989011383
1663,84.17,2,96,17.0,0.087105,2,25,2,0,0,1,0,2,12,14,0.923581513397056
1664,84.56,9,318,9.1,0.087061,4,36,3,1,1,1,0,8,30,21,0.5462172894408611
1665,84.69,0,117,-2.8,0.087018,0,19,0,0,0,1,0,4,14,11,0.736967156015971
1666,84.73,2,37,10.0,0.086974,2,13,3,0,1,1,0,4,4,3,0.8835870202758477
1667,84.76,1,36,4.1,0.086931,1,11,1,0,1,1,0,3,4,3,0.6173568156513662
1668,84.93,1,139,0.5,0.086887,1,22,1,0,1,1,0,7,15,6,0.7333676677327982
1669,84.95,0,21,-0.2,0.086844,0,8,1,0,1,1,0,1,3,1,0.37363051991880514
1670,84.96,0,6,-4.7,0.0868,0,3,0,0,1,1,0,2,1,1,0.6531614256560622
1671,85.03,2,68,11.9,0.086757,2,17,2,0,1,1,0,3,8,3,0.5965756299451623
1672,85.05,1,25,3.4,0.086713,1,7,1,0,1,1,0,1,3,1,0.8883622798670041
1673,85.08,1,31,5.6,0.08667,1,11,3,0,1,1,0,2,4,3,0.6691241292289768
1674,85.1,3,33,12.6,0.086627,3,9,3,0,1,1,0,3,3,1,1.243840947585006
1675,85.18,1,81,14.3,0.086583,1,26,1,0,1,1,0,3,10,6,0.6988487929632853
1676,85.24,2,58,16.6,0.08654,2,19,1,0,1,1,0,1,7,6,0.7537265839706763
1677,85.32,0,62,-4.6,0.086497,0,11,0,0,1,1,0,4,8,4,0.6905664500234907
1678,85.45,2,108,12.3,0.086454,2,24,2,0,1,1,0,5,12,9,0.7036793172576379
1679,85.52,2,55,10.7,0.08641,2,14,2,0,1,1,0,2,6,8,0.6296012832212071
1680,85.54,2,24,9.5,0.086367,2,9,2,0,1,1,0,2,3,1,1.0445791946882637
1681,85.55,0,13,-1.6,0.086324,0,7,0,0,1,1,0,2,2,3,0.8112279568639078
1682,85.57,1,16,5.2,0.086281,1,7,1,0,1,1,0,0,2,2,0.7031547774589394
1683,85.63,1,57,1.8,0.086238,1,11,1,0,1,1,0,3,7,5,0.9392167422310871
1684,85.69,0,52,3.3,0.086195,0,14,0,0,1,1,0,0,7,5,0.49413916299865335
1685,85.83,1,110,9.9,0.086151,1,24,1,0,1,1,0,2,13,11,0.7729903770586967
1686,85.95,2,109,15.1,0.086108,2,25,3,0,1,1,0,3,13,10,0.930199531158224
1687,86.11,4,152,30.2,0.086065,4,39,5,0,1,1,0,7,15,16,0.6794183713577626
1688,86.13,2,17,5.2,0.086022,2,4,2,0,1,1,0,2,2,1,1.004908358546935
1689,86.18,1,47,9.8,0.085979,1,17,1,0,1,1,0,2,6,5,0.7073249956191083
1690,86.31,0,96,-1.7,0.085936,0,20,1,0,1,1,0,6,11,11,0.6708271940155831
1691,86.33,1,32,0.8,0.085893,1,9,1,0,1,1,0,5,4,0,0.8159007914036405
1692,86.35,0,13,0.5,0.08585,0,8,1,0,1,1,0,1,2,2,0.7287330363890562
1693,86.35,0,6,-3.6,0.085807,0,3,0,0,1,1,0,1,1,0,0.4317302546724784
1694,86.37,0,23,3.4,0.085765,0,14,1,0,1,1,0,3,3,3,0.6657162338627146
1695,86.66,5,214,23.2,0.085722,5,38,6,0,1,1,0,11,22,24,0.6985803316043672
1696,86.7,1,36,8.1,0.085679,1,14,1,0,1,1,0,2,5,3,0.5766999564608629
1697,86.71,0,14,0.4,0.085636,0,9,0,0,1,1,0,2,2,2,0.88705425669388
1698,86.79,1,73,-5.7,0.085593,1,5,2,0,1,1,0,3,8,4,0.48959063844468187
1699,86.81,0,28,3.5,0.08555,0,13,0,0,1,1,0,1,4,7,0.4262127255809907
1700,86.82,0,6,-4.6,0.085508,0,2,0,0,1,1,0,1,1,0,0.26298754805148716
1701,86.96,2,108,10.3,0.085465,2,20,1,0,1,1,0,3,11,9,0.9401898697623317
1702,87.1,3,128,11.2,0.085422,3,22,3,0,1,1,0,7,14,10,0.640250052084782
1703,87.13,1,40,5.5,0.085379,1,12,2,0,1,1,0,2,5,5,0.7410107945990385
1704,87.29,3,200,16.5,0.085337,3,40,4,0,0,1,0,11,19,25,0.7567335273602182
1705,87.31,0,20,-1.2,0.085294,0,9,1,0,1,1,0,3,3,2,0.6933672843048668
1706,87.42,3,92,26.8,0.085251,3,30,3,0,1,1,0,3,11,10,0.8108004756860451
1707,87.61,5,195,10.5,0.085209,5,30,3,0,1,1,0,18,19,20,0.808359568190562
1708,87.62,0,19,-4.2,0.085166,0,5,0,0,1,1,0,2,3,3,1.0952716290125437
1709,87.65,0,23,0.5,0.085124,0,8,0,0,1,1,0,0,3,2,0.6884826240416153
1710,87.7,2,56,7.1,0.085081,2,11,2,0,1,1,0,3,7,3,0.6305435533720049
1711,87.75,2,51,10.5,0.085038,2,13,1,0,1,1,0,2,6,4,0.79799197058856
1712,87.77,0,23,-0.5,0.084996,0,7,1,0,1,1,0,0,3,2,0.6065404419026892
1713,87.87,2,100,8.3,0.084953,2,18,2,0,1,1,0,4,11,7,0.7034952115337935
1714,87.93,0,62,-1.4,0.084911,0,14,0,0,1,1,0,4,8,2,0.6823761364965146
1715,88.03,3,101,23.8,0.084869,3,28,2,0,1,1,0,3,11,11,0.7004023200331256
1716,88.11,2,61,13.1,0.084826,2,17,2,0,1,1,0,2,7,8,0.5854933749775725
1717,88.22,2,95,18.4,0.084784,2,27,2,0,1,1,0,3,11,11,0.6079101419779269
1718,88.36,1,113,4.8,0.084741,1,22,2,0,1,1,0,5,13,9,0.8267639615414101
1719,88.45,4,85,14.1,0.084699,4,12,1,0,1,1,0,4,9,4,1.0412008203305327
1720,88.46,0,7,-3.7,0.084657,0,2,1,0,1,1,0,0,1,0,0.23685060951327472
1721,88.56,0,94,7.8,0.084614,0,24,0,0,1,1,0,1,11,8,0.689043213962346
1722,88.63,1,68,13.3,0.084572,1,25,1,0,1,1,0,4,8,9,0.6219477269502608
1723,88.64,0,21,0.8,0.08453,0,10,0,0,1,1,0,2,3,1,0.5847831621666645
1724,88.77,1,101,16.0,0.084487,1,29,1,0,1,1,0,2,13,9,0.6366575269173727
1725,88.77,0,8,-3.8,0.084445,0,3,0,0,1,1,0,1,1,0,0.31747352619840896
1726,88.79,0,20,-0.5,0.084403,0,9,1,0,1,1,0,2,3,5,0.7184786230653437
1727,89.01,1,157,4.9,0.084361,1,32,1,0,0,1,0,10,18,14,0.8219521270228055
1728,89.01,0,6,-2.9,0.084319,0,3,0,0,1,1,0,0,1,3,0.6450826499627846
1729,89.04,0,35,0.8,0.084276,0,12,1,0,1,1,0,2,5,7,0.3216969226437447
1730,89.33,3,209,1.4,0.084234,3,27,2,0,0,1,0,13,21,17,0.6481196565813937
1731,89.36,1,36,5.7,0.084192,1,11,1,0,1,1,0,1,4,7,0.5379812258049996
1732,89.36,0,13,2.6,0.08415,0,9,1,0,1,1,0,0,2,1,0.7527513747560833
1733,89.38,1,18,1.9,0.084108,1,5,1,0,1,1,0,1,2,3,0.7736414470546772
1734,89.4,0,27,-0.1,0.084066,0,9,0,0,1,1,0,1,4,4,0.4708455477524609
1735,89.44,3,51,10.6,0.084024,3,8,3,0,1,1,0,2,6,3,0.828527112512709
1736,89.57,3,127,27.0,0.083982,3,35,2,0,0,1,0,4,14,13,0.6461956423761334
1737,89.68,3,100,23.1,0.08394,3,30,3,0,1,1,0,6,11,9,0.8637498320009303
1738,89.79,0,80,-3.2,0.083898,0,15,0,0,0,1,0,4,9,12,0.8947086255710989
1739,89.81,0,28,4.0,0.083856,0,12,0,0,1,1,0,0,4,2,0.6058585535050037
1740,89.88,0,72,-1.5,0.083814,0,13,0,0,1,1,0,2,9,3,0.6192820353098135
1741,89.94,0,65,10.7,0.083772,0,24,0,0,1,1,0,1,8,8,0.4656731632968249
1742,90.16,7,179,5.9,0.08373,2,28,1,1,1,1,0,7,20,22,0.7686374712182017
1743,90.22,0,63,1.9,0.083688,0,17,1,0,1,1,0,3,8,8,0.4558176995783265
1744,90.28,2,65,19.5,0.083646,2,26,2,0,1,1,0,4,7,10,1.0427276466389195
1745,90.4,2,90,14.2,0.083605,2,25,1,0,1,1,0,6,11,8,0.8792952348820069
1746,90.44,3,48,17.7,0.083563,3,16,3,0,1,1,0,3,6,5,0.7802910283505381
1747,90.45,0,13,-3.5,0.083521,0,4,1,0,1,1,0,1,2,2,0.46816218441809554
1748,90.49,2,40,5.7,0.083479,2,9,1,0,0,1,0,4,4,3,1.1608534242016526
1749,90.51,0,23,-3.5,0.083438,0,6,1,0,1,1,0,2,3,2,0.4257127522655006
1750,90.64,0,126,-1.5,0.083396,0,23,0,0,1,1,0,6,14,9,0.6422517392257405
1751,90.7,0,58,1.9,0.083354,0,14,0,0,1,1,0,1,8,3,0.4788274527858473
1752,90.73,1,32,4.6,0.083312,1,10,2,0,1,1,0,2,4,2,0.699210210491625
1753,90.78,1,57,15.4,0.083271,1,22,1,0,1,1,0,0,8,9,0.5774142941663702
1754,90.83,2,45,10.9,0.083229,2,15,2,0,1,1,0,4,5,6,0.7472804703822163
1755,90.94,2,90,2.8,0.083188,2,13,0,0,1,1,0,5,10,12,0.7602098747586935
1756,90.97,1,39,5.4,0.083146,1,11,1,0,1,1,0,1,5,7,0.6832433445142355
1757,90.98,0,13,-0.5,0.083104,0,7,0,0,1,1,0,1,2,2,0.596095405259071
1758,91.2,3,155,12.3,0.083063,3,27,1,0,1,1,0,8,15,12,0.5831705102210587
1759,91.21,0,15,-2.6,0.083021,0,4,0,0,1,1,0,0,2,1,0.21463232190608458
1760,91.28,0,64,2.0,0.08298,0,15,0,0,1,1,0,1,7,6,0.6788280441163574
1761,91.29,0,14,-0.6,0.082938,0,8,1,0,1,1,0,2,2,2,0.7450931248972628
1762,91.42,0,105,13.2,0.082897,0,36,1,0,1,1,0,6,12,13,0.6281948221749222
1763,91.46,1,44,8.1,0.082855,1,14,1,0,1,1,0,1,5,5,0.4787299009760819
1764,91.85,3,400,-11.7,0.082814,3,32,3,0,0,0,1,15,44,36,0.6053607401808211
1765,92.13,4,218,16.0,0.082773,4,29,4,0,0,1,0,5,22,12,0.6901039610558954
1766,92.28,2,125,9.5,0.082731,2,22,2,0,1,1,0,4,13,10,0.6717357740731218
1767,92.29,0,14,-0.6,0.08269,0,6,0,0,1,1,0,0,2,2,0.32323302740839477
1768,92.41,2,102,12.1,0.082648,2,22,1,0,1,1,0,4,11,7,0.6507162798186669
1769,92.51,1,89,9.4,0.082607,1,24,2,0,1,1,0,5,11,7,0.7879034590643881
1770,92.68,2,131,10.2,0.082566,2,29,3,0,1,1,0,9,15,17,0.9712483572874699
1771,92.68,0,6,-3.6,0.082525,0,3,0,0,1,1,0,1,1,0,0.41151252430149676
1772,92.74,0,62,1.1,0.082483,0,16,0,0,1,1,0,3,8,7,0.3964111146905433
1773,92.81,1,72,6.1,0.082442,1,17,1,0,1,1,0,3,8,7,0.8034663536509784
1774,92.84,1,38,8.5,0.082401,1,15,1,0,1,1,0,2,5,7,0.5757706909104761
1775,92.86,0,14,-4.6,0.08236,0,4,0,0,1,1,0,2,2,2,0.40087513613353526
1776,92.96,2,85,15.8,0.082318,2,24,2,0,1,1,0,4,9,7,0.7804218155912866
1777,92.99,0,36,-1.1,0.082277,0,9,0,0,1,1,0,1,5,5,0.47868253247238357
1778,93.0,0,7,-3.8,0.082236,0,3,1,0,1,1,0,1,1,1,0.758042392481295
1779,93.08,3,77,24.7,0.082195,3,27,5,0,1,1,0,4,9,6,0.8550400060417387
1780,93.17,2,89,4.6,0.082154,2,15,2,0,1,1,0,6,10,5,0.5955719848950988
1781,93.19,1,25,2.4,0.082113,1,6,1,0,1,1,0,1,3,1,0.7949063449806374
1782,93.2,0,14,-1.7,0.082072,0,6,0,0,1,1,0,1,2,3,0.7186654252640291
1783,93.24,1,41,11.1,0.082031,1,17,1,0,1,1,0,1,5,8,0.6083892941286562
1784,93.28,1,40,1.7,0.08199,1,11,1,0,1,1,0,5,5,3,0.7116706928583556
1785,93.34,0,53,0.4,0.081949,0,16,0,0,1,1,0,5,6,3,0.6817760327693645
1786,93.36,0,15,-1.6,0.081908,0,5,0,0,1,1,0,0,2,1,0.27185783567050875
1787,93.5,3,115,21.4,0.081867,3,24,3,0,0,1,0,0,14,11,0.652979473071013
1788,93.59,2,87,20.2,0.081826,2,27,2,0,1,1,0,2,11,11,0.5591868243642533
1789,93.66,0,71,1.8,0.081785,0,15,0,0,1,1,0,0,9,11,0.5342843308441455
1790,93.68,0,21,-0.3,0.081744,0,7,0,0,1,1,0,0,3,2,0.39886042906084135
1791,93.79,2,95,9.7,0.081703,2,21,2,0,1,1,0,6,11,8,0.6435595925935171
1792,93.91,2,128,15.6,0.081662,2,29,2,0,1,1,0,4,14,16,0.793222667563918
1793,94.02,2,91,4.3,0.081622,2,11,0,0,1,1,0,2,8,6,0.517629883134048
1794,94.26,3,218,18.6,0.081581,3,40,2,0,1,1,0,8,22,16,0.7087987391741346
1795,94.44,2,130,17.8,0.08154,2,31,2,1,1,1,0,4,13,12,0.6648553154313965
1796,94.58,6,206,42.2,0.081499,6,48,5,0,1,1,0,8,23,22,0.6427495563745629
1797,94.62,1,35,3.1,0.081458,1,10,1,0,1,1,0,3,4,4,1.0071394537993434
1798,94.73,1,95,8.6,0.081418,1,25,1,0,1,1,0,6,11,9,0.7016936251988659
1799,94.78,0,55,7.0,0.081377,0,21,0,0,1,1,0,3,7,5,0.6606234951229767
1800,94.91,1,123,-1.3,0.081336,1,18,1,0,1,1,0,6,13,10,0.6567665453214492
1801,95.07,2,133,4.5,0.081296,2,19,3,0,1,1,0,5,16,12,0.49601495711778615
1802,95.08,0,5,-1.8,0.081255,0,4,0,0,1,1,0,0,1,3,2.6965861797735937
1803,95.2,2,106,12.8,0.081214,2,25,1,0,1,1,0,6,12,6,0.7336984980031863
1804,95.31,2,111,10.0,0.081174,2,19,2,0,1,1,0,1,11,19,0.9945730504235818
1805,95.47,1,120,15.0,0.081133,1,33,2,0,0,1,0,5,15,10,0.8825889759995573
1806,95.51,1,40,-0.5,0.081093,1,8,1,0,1,1,0,4,5,5,0.8084970891994991
1807,95.53,0,14,-3.5,0.081052,0,4,0,0,1,1,0,1,2,1,0.3679880393342558
1808,95.56,1,38,3.0,0.081012,1,9,1,0,0,1,0,2,4,2,0.7119419492540896
1809,95.74,2,191,10.6,0.080971,2,27,1,0,1,1,0,1,21,13,0.5872116355113476
1810,95.77,0,30,-1.3,0.080931,0,8,0,0,1,1,0,1,4,3,0.5258984138132876
1811,95.78,0,14,-3.5,0.08089,0,4,0,0,1,1,0,1,2,1,0.3618317770003939
1812,95.84,1,56,7.0,0.08085,1,18,2,0,1,1,0,5,6,4,0.7182801848574254
1813,95.93,1,78,16.1,0.080809,1,29,1,0,1,1,0,4,9,11,0.47313631273201523
1814,96.08,1,146,-1.6,0.080769,1,24,1,0,1,1,0,9,16,20,0.7713002737928133
1815,96.1,0,23,-0.5,0.080728,0,9,0,0,1,1,0,2,3,2,0.6685604261012553
1816,96.26,3,124,21.0,0.080688,3,28,3,0,1,1,0,3,12,16,0.5792960030315472
1817,96.31,2,51,18.4,0.080648,2,21,2,0,1,1,0,2,6,5,0.619943049888217
1818,96.38,2,68,14.7,0.080607,2,17,2,0,1,1,0,0,7,5,0.6129714630415852
1819,96.41,0,22,0.5,0.080567,0,10,0,0,1,1,0,2,3,3,0.4390829899186356
1820,96.43,0,21,0.5,0.080527,0,8,0,0,1,1,0,0,3,4,0.2902604950622582
1821,96.45,1,20,3.0,0.080487,1,6,1,0,1,1,0,1,3,0,0.5830534779898165
1822,96.68,2,176,2.1,0.080446,2,23,2,0,1,1,0,7,18,13,0.8261463012701417
1823,96.72,1,47,6.9,0.080406,1,14,1,0,1,1,0,2,6,4,0.9877737597496407
1824,96.8,1,68,6.6,0.080366,1,16,1,0,1,1,0,2,8,6,0.5367049496564702
1825,96.81,0,6,-3.6,0.080326,0,3,1,0,1,1,0,1,1,0,0.403961491376652
1826,96.9,1,79,4.3,0.080286,1,19,1,0,1,1,0,6,9,8,0.6967892376741761
1827,96.92,0,28,3.8,0.080245,0,13,1,0,1,1,0,1,4,4,0.622368806002906
1828,97.01,2,75,11.9,0.080205,2,17,3,0,0,1,0,2,8,6,0.6181329599627425
1829,97.13,1,90,9.0,0.080165,1,24,1,0,1,1,0,5,11,10,0.7200148488887572
1830,97.37,3,167,25.5,0.080125,3,44,3,0,1,1,0,10,19,18,0.6959772058316617
1831,97.46,3,80,21.2,0.080085,3,24,3,0,1,1,0,4,8,8,0.566166882693221
1832,97.68,2,164,11.5,0.080045,2,31,3,0,1,1,0,7,16,11,0.5757447080604611
1833,97.68,0,6,-4.7,0.080005,0,3,0,0,1,1,0,2,1,1,0.7104915198510177
1834,97.71,0,29,-0.6,0.079965,0,9,0,0,1,1,0,1,4,7,0.6019503384145131
1835,97.77,2,52,9.3,0.079925,2,13,2,0,1,1,0,3,6,5,0.6891223329022897
1836,97.86,3,80,18.4,0.079885,3,19,2,0,1,1,0,2,8,6,0.6969026585173881
1837,97.89,0,28,0.9,0.079845,0,10,0,0,1,1,0,1,4,3,0.605421675596391
1838,97.91,0,21,2.5,0.079805,0,10,0,0,1,1,0,0,3,4,0.5981824237969745
1839,97.99,6,79,-0.2,0.079765,1,13,1,1,1,1,0,4,8,13,0.8331812522578776
1840,98.09,1,92,11.6,0.079725,1,25,2,0,1,1,0,3,11,12,0.4661523925824928
1841,98.31,1,159,5.1,0.079685,1,27,1,0,0,1,0,4,16,20,0.7842441750376464
1842,98.4,2,73,9.9,0.079646,2,14,2,0,0,1,0,1,9,8,0.7837819023790021
1843,98.55,1,134,-5.2,0.079606,1,17,1,0,1,1,0,8,11,8,0.555812844167645
1844,98.63,1,76,-3.3,0.079566,1,12,0,0,1,1,0,7,9,7,0.8168755912687482
1845,98.68,0,56,7.9,0.079526,0,22,0,0,1,1,0,3,8,5,0.8852236759288193
1846,98.76,2,77,8.8,0.079486,2,19,3,0,1,1,0,7,9,5,0.7673598670343242
1847,99.1,2,267,-11.3,0.079447,2,27,1,0,0,1,0,14,24,26,0.7820478746925394
1848,99.16,1,58,9.6,0.079407,1,19,1,0,1,1,0,3,7,6,0.42531476484253933
1849,99.19,0,28,3.0,0.079367,0,12,0,0,1,1,0,1,4,2,0.7131911058647821
1850,99.22,2,30,13.5,0.079328,2,13,2,0,0,1,0,1,4,5,1.2732707477580674
1851,99.47,1,171,-2.2,0.079288,1,22,1,0,0,1,0,6,19,11,0.6783544626887525
1852,99.5,1,36,6.0,0.079248,1,11,1,0,1,1,0,1,4,4,0.7165800795253386
1853,99.64,3,133,13.8,0.079209,3,26,3,0,1,1,0,7,15,19,0.7549518141849415
1854,99.68,0,36,6.1,0.079169,0,17,0,0,1,1,0,2,5,3,0.6745298382817242
1855,99.76,1,81,5.7,0.079129,1,17,1,0,1,1,0,2,9,12,0.6627555867388862
1856,99.78,0,21,2.7,0.07909,0,10,0,0,1,1,0,0,3,2,0.45612272169205165
1857,99.79,0,14,-3.5,0.07905,0,4,0,0,1,1,0,1,2,1,0.28556556602454947
1858,99.92,1,111,5.3,0.079011,1,21,1,0,1,1,0,4,13,6,0.7775018312494966
1859,99.93,0,15,-2.6,0.078971,0,6,0,0,1,1,0,2,2,1,0.6448730360683907
1860,100.24,5,231,19.0,0.078932,5,30,5,0,1,1,0,7,29,9,0.7043092558410755
1861,100.27,1,37,6.1,0.078892,1,12,1,0,1,1,0,2,4,2,0.5179091848846058
1862,100.29,0,20,-1.2,0.078853,0,7,1,0,1,1,0,1,3,2,0.5593036202759243
1863,100.76,2,342,-13.7,0.078814,2,37,2,0,1,1,0,19,35,25,0.631411241308161
1864,100.81,1,49,8.6,0.078774,1,15,1,0,1,1,0,1,6,5,0.6434378684298782
1865,100.95,1,112,10.1,0.078735,1,26,2,0,0,1,0,4,13,7,0.4821422398032125
1866,100.99,1,43,5.2,0.078695,1,11,1,0,1,1,0,1,5,5,0.5264330721602334
1867,101.05,1,58,3.6,0.078656,1,14,1,0,1,1,0,4,7,6,0.6552992562575397
1868,101.14,1,78,10.1,0.078617,1,23,1,0,0,1,0,4,9,11,0.6880213656374196
1869,101.15,0,21,-0.3,0.078577,0,7,0,0,1,1,0,0,3,2,0.4365420523005889
1870,101.17,0,27,-0.3,0.078538,0,9,0,0,1,1,0,1,4,6,0.758354381597504
1871,101.31,4,147,21.9,0.078499,4,28,3,0,1,1,0,5,16,14,0.9774694247658566
1872,101.35,3,40,19.6,0.07846,3,15,2,0,1,1,0,1,5,4,1.1746309245348026
1873,101.47,2,96,3.5,0.07842,2,16,3,0,0,1,0,7,11,9,0.8794954036314452
1874,101.56,4,100,26.9,0.078381,4,27,2,0,1,1,0,4,11,11,0.7979569347190343
1875,101.62,1,60,10.2,0.078342,1,17,1,0,1,1,0,0,8,8,0.6225639258856082
1876,101.79,2,120,6.1,0.078303,2,19,2,0,0,1,0,5,14,9,0.6862651454990638
1877,101.83,1,37,7.5,0.078264,1,12,2,0,1,1,0,0,5,8,0.4419964283070074
1878,101.9,1,53,4.9,0.078224,1,16,2,0,0,1,0,5,6,8,0.8629088716656687
1879,102.1,2,190,10.3,0.078185,2,33,2,0,1,1,0,7,20,17,0.6957224263775525
1880,102.18,1,76,4.7,0.078146,1,16,1,0,0,1,0,3,10,7,0.6689768196340461
1881,102.27,1,79,0.8,0.078107,1,12,0,0,1,1,0,3,9,3,0.6367814047603567
1882,102.4,2,108,6.9,0.078068,2,18,1,0,1,1,0,4,11,13,0.5433641826204977
1883,102.42,0,22,-0.6,0.078029,0,8,0,0,1,1,0,1,3,4,0.5736269360148682
1884,102.56,2,109,16.1,0.07799,2,31,2,0,1,1,0,8,11,10,0.5309821020722406
1885,102.6,1,54,10.0,0.077951,1,17,2,0,1,1,0,1,6,6,0.3955627315608837
1886,102.71,2,102,16.7,0.077912,2,30,2,0,0,1,0,7,9,11,0.7928565446748636
1887,103.05,1,230,3.3,0.077873,1,36,3,0,1,1,0,8,25,17,0.6104333937165187
1888,103.06,0,22,1.4,0.077834,0,10,1,0,1,1,0,1,3,4,0.6036029563792472
1889,103.08,0,28,-0.4,0.077795,0,9,1,0,1,1,0,1,4,6,0.5665013961591713
1890,103.12,1,33,3.6,0.077756,1,8,2,0,1,1,0,1,4,1,0.39659376666289226
1891,103.13,0,14,-1.5,0.077718,0,6,1,0,1,1,0,1,2,1,0.3325080676248451
1892,103.17,1,50,2.5,0.077679,1,10,1,0,1,1,0,2,6,5,0.758990760230583
1893,103.22,1,40,12.4,0.07764,1,18,2,0,1,1,0,1,5,6,0.6649314789402408
1894,103.25,1,28,1.8,0.077601,1,6,2,0,1,1,0,1,3,4,0.5304712928322367
1895,103.29,0,43,2.5,0.077562,0,13,0,0,1,1,0,1,6,2,0.591869787257465
1896,103.43,1,119,1.0,0.077523,1,23,2,0,0,1,0,9,13,11,0.7436074991509459
1897,103.48,0,46,5.9,0.077485,0,17,0,0,1,1,0,1,6,5,0.7038585583023114
1898,103.49,1,17,1.3,0.077446,1,4,1,0,1,1,0,1,2,0,0.5533525051087743
1899,103.51,0,21,-1.4,0.077407,0,9,1,0,1,1,0,3,3,3,0.7055595552996972
1900,103.57,1,50,8.4,0.077369,1,14,2,0,1,1,0,0,6,6,0.48814707991155715
1901,103.8,4,202,7.5,0.07733,4,21,3,0,1,1,0,7,20,13,0.64364010277122
1902,103.84,0,38,1.5,0.077291,0,12,0,0,1,1,0,1,5,7,0.3491772396719523
1903,103.91,0,80,5.3,0.077253,0,20,0,0,0,1,0,1,9,7,0.9691102790823122
1904,103.94,0,28,3.7,0.077214,0,12,1,0,1,1,0,0,4,5,0.6286873167636807
1905,103.96,1,30,6.6,0.077175,1,12,1,0,1,1,0,2,4,4,0.648599638122166
1906,103.97,0,7,-2.7,0.077137,0,3,0,0,1,1,0,0,1,0,0.3607043473927071
1907,104.0,0,36,5.0,0.077098,0,15,1,0,1,1,0,1,5,4,0.6221293177711009
1908,104.19,3,145,20.6,0.07706,3,33,4,0,1,1,0,6,16,19,0.6907915163736659
1909,104.29,3,107,14.1,0.077021,3,18,1,0,1,1,0,2,11,12,0.7400845946870321
1910,104.3,2,20,8.9,0.076983,2,8,3,0,1,1,0,2,3,1,0.9860159520058213
1911,104.31,0,14,-1.6,0.076944,0,5,0,0,1,1,0,0,2,2,0.33401914853276377
1912,104.56,4,180,24.9,0.076906,4,34,3,0,1,1,0,5,20,11,0.5564657543973214
1913,104.69,3,161,13.1,0.076867,3,29,3,0,1,1,0,8,16,18,0.8934518261702153
1914,104.73,1,43,6.4,0.076829,1,14,1,0,1,1,0,3,5,3,0.6724978884399435
1915,104.77,0,36,5.0,0.07679,0,14,1,0,1,1,0,0,5,4,0.7122573946239732
1916,104.81,1,35,4.2,0.076752,1,10,1,0,1,1,0,2,4,3,0.5276273503486879
1917,104.84,2,42,13.2,0.076714,2,15,3,0,1,1,0,2,5,6,0.8149532014563786
1918,104.92,0,68,0.6,0.076675,0,15,0,0,1,1,0,2,8,6,0.594847459921122
1919,105.07,2,129,9.3,0.076637,2,19,2,0,1,1,0,1,12,8,0.553986848869081
1920,105.1,1,31,6.8,0.076598,1,12,1,0,1,1,0,2,4,1,0.736873313307267
1921,105.22,1,109,9.4,0.07656,1,26,1,0,1,1,0,5,13,7,0.6364030688990744
1922,105.38,7,165,10.0,0.076522,2,26,1,1,1,1,0,3,19,15,0.6556508057832886
1923,105.42,1,49,8.7,0.076484,1,17,1,0,1,1,0,3,6,4,0.910773414781491
1924,105.42,0,5,-3.7,0.076445,0,3,1,0,1,1,0,1,1,2,2.795518493871486
1925,105.43,0,6,-5.6,0.076407,0,1,0,0,1,1,0,1,1,0,0.15323371121060747
1926,105.44,0,22,1.5,0.076369,0,11,1,0,1,1,0,2,3,3,0.9114184699433053
1927,105.48,1,43,6.4,0.076331,1,14,1,0,1,1,0,3,5,3,0.7406108769219548
1928,105.55,1,60,2.2,0.076293,1,10,0,0,1,1,0,1,6,8,0.8321755882450474
1929,105.62,1,58,7.6,0.076254,1,17,0,0,1,1,0,3,7,6,0.5121146545177094
1930,105.63,0,16,-2.6,0.076216,0,4,0,0,1,1,0,0,2,0,0.8316034622654043
1931,105.71,1,73,14.9,0.076178,1,24,2,0,1,1,0,1,9,8,0.5245295298151014
1932,105.86,2,152,18.2,0.07614,2,33,3,0,1,1,0,3,19,16,0.7185483362852862
1933,105.9,1,49,8.7,0.076102,1,15,1,0,1,1,0,1,6,4,0.6108618013374857
1934,106.0,2,119,19.9,0.076064,2,33,2,0,1,1,0,5,12,12,0.5897292361189632
1935,106.03,1,32,5.3,0.076026,1,10,2,0,1,1,0,1,4,5,0.7318925375132653
1936,106.08,3,51,23.4,0.075988,3,21,4,0,1,1,0,2,6,5,0.7217259732215942
1937,106.13,1,46,4.8,0.07595,1,11,0,0,1,1,0,1,6,6,0.5522617017094472
1938,106.15,1,26,9.3,0.075912,1,12,1,0,1,1,0,0,3,1,0.5919586196366404
1939,106.22,2,65,14.9,0.075874,2,20,2,0,1,1,0,3,8,6,0.565026390966445
1940,106.22,0,6,-4.7,0.075836,0,3,0,0,1,1,0,2,1,1,0.7800456023094338
1941,106.27,1,51,7.3,0.075798,1,16,1,0,0,1,0,3,6,6,0.6717671806148403
1942,106.29,1,26,6.9,0.07576,1,10,2,0,1,1,0,0,3,5,0.8751272871502473
1943,106.3,0,21,-1.5,0.075722,0,8,1,0,1,1,0,2,3,4,0.7265887722250506
1944,106.74,2,277,-6.8,0.075685,2,30,2,0,1,1,0,12,30,21,0.6996428815459717
1945,106.76,0,21,-0.4,0.075647,0,8,0,0,1,1,0,1,3,3,0.526161531344744
1946,106.89,5,130,25.3,0.075609,5,23,2,0,1,1,0,4,13,7,0.6383914674773334
1947,107.02,2,109,6.8,0.075571,2,22,2,0,1,1,0,8,12,13,0.9649597554168676
1948,107.05,0,34,3.3,0.075533,0,14,0,0,1,1,0,2,5,3,0.5677686800239106
1949,107.12,0,62,1.3,0.075496,0,16,0,0,1,1,0,3,8,5,0.574684386412947
1950,107.27,3,126,20.2,0.075458,3,25,1,0,1,1,0,1,15,12,0.8708467002687711
1951,107.44,2,133,9.4,0.07542,2,26,3,0,0,1,0,7,14,13,0.7105684020219666
1952,107.45,0,14,-5.6,0.075382,0,5,1,0,1,1,0,4,2,2,1.0912433537716382
1953,107.73,4,221,16.7,0.075345,4,31,2,0,1,1,0,6,23,12,0.5037070036450472
1954,107.74,0,7,-2.7,0.075307,0,3,1,0,1,1,0,0,1,0,0.17506977139807006
1955,107.82,2,80,11.4,0.075269,2,19,2,0,1,1,0,4,9,6,0.5411683172831244
1956,107.86,1,41,5.6,0.075232,1,12,1,0,1,1,0,2,5,3,0.567852950390297
1957,107.9,0,40,-0.2,0.075194,0,10,0,0,1,1,0,1,5,2,0.46845803447728257
1958,107.9,0,5,-1.8,0.075157,0,4,1,0,1,1,0,0,1,3,2.5919389386493554
1959,107.93,0,37,-1.2,0.075119,0,11,1,0,1,1,0,3,5,5,0.695767308682875
1960,108.03,0,95,-5.1,0.075081,0,16,0,0,0,1,0,5,10,16,0.8261554776694399
1961,108.16,3,139,10.7,0.075044,3,26,3,0,1,1,0,10,15,14,0.6915424133777348
1962,108.19,0,23,-1.5,0.075006,0,8,0,0,1,1,0,2,3,2,0.4554641642838844
1963,108.24,0,45,0.0,0.074969,0,12,0,0,1,1,0,2,6,5,0.9202194030317136
1964,108.28,0,45,3.1,0.074931,0,14,0,0,1,1,0,1,6,4,0.6599132592804501
1965,108.42,2,127,16.5,0.074894,2,25,2,0,1,1,0,0,15,8,0.4482862162586801
1966,108.44,0,14,-4.6,0.074856,0,4,0,0,1,1,0,2,2,2,0.39391352001164526
1967,108.54,1,91,0.4,0.074819,1,15,2,0,1,1,0,5,5,5,0.5980389307103352
1968,108.55,1,17,0.3,0.074782,1,4,1,0,1,1,0,2,2,0,1.037038095886018
1969,108.62,2,62,9.1,0.074744,2,13,2,0,1,1,0,2,7,7,0.6780958018739779
1970,108.76,0,132,-6.1,0.074707,0,18,1,0,1,1,0,5,16,9,0.523221230718243
1971,108.77,0,7,-2.7,0.074669,0,3,0,0,1,1,0,0,1,0,0.19118293818870974
1972,109.01,4,239,10.6,0.074632,4,31,3,0,1,1,0,10,25,15,0.5600734259089197
1973,109.16,0,150,-6.7,0.074595,0,19,0,0,1,1,0,5,18,7,0.5842150953619664
1974,109.19,0,28,-0.1,0.074558,0,11,1,0,1,1,0,3,4,3,0.603823334005711
1975,109.22,1,33,7.3,0.07452,1,12,1,0,1,1,0,1,4,4,0.7191999069225655
1976,109.48,2,199,-6.8,0.074483,2,26,3,0,1,1,0,16,20,19,0.7244491566665643
1977,109.62,1,132,1.7,0.074446,1,23,1,0,1,1,0,7,14,11,0.7278466928089806
1978,109.64,0,28,4.6,0.074408,0,13,1,0,1,1,0,0,4,6,0.3979176617614629
1979,109.66,0,15,0.1,0.074371,0,7,0,0,1,1,0,0,2,4,1.2166411237214148
1980,109.68,0,29,1.0,0.074334,0,10,0,0,1,1,0,1,4,1,0.6012096358000213
1981,109.77,4,89,21.4,0.074297,4,20,4,0,1,1,0,4,10,7,0.6855760542457007
1982,109.82,2,45,10.2,0.07426,2,11,3,0,1,1,0,1,5,3,0.6098447481548495
1983,109.87,2,45,4.4,0.074223,2,7,3,0,1,1,0,3,5,1,0.8847860315940282
1984,109.92,2,61,7.1,0.074186,2,10,2,0,0,1,0,1,7,8,0.7506254997568045
1985,109.93,0,14,-5.6,0.074148,0,3,0,0,1,1,0,2,2,2,0.6277572397259618
1986,110.01,0,84,-0.3,0.074111,0,19,0,0,1,1,0,5,10,9,0.7264918101021516
1987,110.07,0,60,0.5,0.074074,0,15,0,0,1,1,0,3,8,5,0.5906727894561226
1988,110.08,2,17,6.3,0.074037,2,4,3,0,1,1,0,1,2,0,0.7825669524400857
1989,110.18,1,84,12.9,0.074,1,25,1,0,1,1,0,3,10,7,0.7481911119164079
1990,110.24,2,41,11.5,0.073963,2,13,4,0,1,1,0,2,5,4,0.7168462321203596
1991,110.31,3,70,18.2,0.073926,3,17,2,0,1,1,0,1,9,8,0.6727946670725646
1992,110.4,4,85,29.7,0.073889,4,26,3,0,1,1,0,2,9,8,0.5666364789268348
1993,110.52,1,122,17.5,0.073852,1,34,0,0,1,1,0,3,14,13,0.5845790272714948
1994,110.63,1,92,-1.7,0.073815,1,16,1,0,1,1,0,8,11,5,0.5378639298365842
1995,110.82,3,182,10.1,0.073779,3,29,4,0,1,1,0,9,18,17,0.8300081789042124
1996,110.92,3,99,19.4,0.073742,3,26,3,0,1,1,0,5,13,17,0.7223719475764728
1997,111.04,5,131,3.0,0.073705,0,28,0,1,1,1,0,6,14,9,0.5231692654339241
1998,111.06,0,21,-0.2,0.073668,0,10,0,0,1,1,0,3,3,1,0.5540538810946218
1999,111.11,1,54,7.8,0.073631,1,16,1,0,0,1,0,2,6,8,0.7425634492871248
2000,111.13,0,27,4.0,0.073594,0,12,0,0,1,1,0,0,4,3,0.498384395007858
2001,111.2,6,84,13.7,0.073557,1,25,1,1,1,1,0,2,9,9,0.44449250542652297
2002,111.2,0,6,-3.6,0.073521,0,3,0,0,1,1,0,1,1,0,0.42167218105703347
2003,111.23,0,28,-0.2,0.073484,0,10,0,0,1,1,0,2,4,4,0.7965872620465115
2004,111.3,0,79,3.4,0.073447,0,19,1,0,0,1,0,2,10,7,0.6684070143014269
2005,111.41,0,117,1.1,0.07341,0,25,1,0,1,1,0,6,14,12,0.5753130032945118
2006,111.52,7,115,9.4,0.073374,2,21,2,1,1,1,0,4,13,11,0.7207555399435738
2007,111.55,1,23,2.5,0.073337,1,6,1,0,1,1,0,1,3,2,0.9997536962283575
2008,111.55,0,6,-3.7,0.0733,0,2,0,0,1,1,0,0,1,1,0.2581962568883283
2009,111.61,1,58,7.7,0.073264,1,16,1,0,1,1,0,2,7,5,0.6651047830618637
2010,111.65,1,49,3.9,0.073227,1,10,3,0,1,1,0,1,6,2,0.6832526664380678
2011,111.66,0,13,-2.5,0.073191,0,7,0,0,1,1,0,3,2,2,0.7481749459858527
2012,111.74,1,103,11.7,0.073154,1,24,1,0,1,1,0,1,12,10,0.6183988407281619
2013,111.83,2,73,13.1,0.073117,2,20,2,0,0,1,0,4,9,6,0.6337148680514574
2014,111.85,1,17,3.1,0.073081,1,5,1,0,1,1,0,0,2,2,0.5493788988595469
2015,111.91,2,67,9.4,0.073044,2,16,3,0,1,1,0,4,8,9,0.7573229972675811
2016,111.94,0,28,1.8,0.073008,0,10,1,0,1,1,0,0,4,4,0.6383261399691535
2017,112.11,2,167,5.3,0.072971,2,23,0,0,1,1,0,5,18,10,0.6283521545840447
2018,112.21,0,85,6.5,0.072935,0,24,0,0,1,1,0,3,10,10,0.5951682228461217
2019,112.48,7,241,2.5,0.072898,2,30,3,1,1,1,0,6,24,24,0.5849421400678876
2020,112.56,3,78,26.3,0.072862,3,27,2,0,1,1,0,2,10,9,0.9596200288215951
2021,112.65,0,72,4.0,0.072825,0,18,0,0,1,1,0,1,7,8,0.39328906467101166
2022,112.75,1,95,7.5,0.072789,1,23,1,0,1,1,0,5,12,10,0.5614975979960343
2023,112.83,2,81,12.1,0.072753,2,17,2,0,1,1,0,1,10,8,0.5987491700277994
2024,113.26,3,378,-19.2,0.072716,3,26,2,0,1,1,0,13,35,44,0.6333775760390453
2025,113.3,0,31,-3.3,0.07268,0,6,1,0,1,1,0,1,4,2,0.6468638315054505
2026,113.39,0,87,6.5,0.072644,0,23,1,0,1,1,0,2,11,8,0.5718033040082283
2027,113.42,0,28,0.8,0.072607,0,10,0,0,1,1,0,1,4,4,0.5906692089409299
2028,113.47,3,56,24.2,0.072571,3,23,4,0,0,1,0,2,5,12,1.3173823647955867
2029,113.53,2,63,12.7,0.072535,2,19,2,0,1,1,0,4,7,10,0.664088797065081
2030,113.54,0,21,-1.3,0.072498,0,8,1,0,1,1,0,2,3,2,0.9417981167611809
2031,113.58,2,50,13.2,0.072462,2,16,2,0,1,1,0,2,6,8,0.7876870623566797
2032,113.63,1,49,5.8,0.072426,1,15,1,0,1,1,0,4,6,3,0.5758072665669142
2033,113.76,2,123,20.7,0.07239,2,35,2,0,1,1,0,6,13,10,0.8023232502830895
2034,113.78,0,29,1.0,0.072353,0,11,0,0,1,1,0,2,4,1,0.5792034458422571
2035,113.84,0,58,5.5,0.072317,0,19,0,0,1,1,0,2,7,7,0.39300964693774687
2036,113.99,2,107,12.1,0.072281,2,22,3,0,0,1,0,3,11,12,0.7532317903426112
2037,114.05,1,66,7.6,0.072245,1,19,1,0,1,1,0,4,8,8,0.4621195800712553
2038,114.11,2,64,10.0,0.072209,2,14,3,0,1,1,0,2,8,6,0.6750394761228329
2039,114.24,2,132,9.8,0.072173,2,24,2,0,1,1,0,5,15,10,0.5865612353233606
2040,114.28,3,35,10.1,0.072137,3,6,2,0,1,1,0,2,3,4,1.142360605970322
2041,114.31,1,24,4.4,0.072101,1,9,1,0,1,1,0,2,3,2,0.8156879306352799
2042,114.32,1,15,2.3,0.072065,1,6,1,0,1,1,0,2,2,2,1.0039299283204484
2043,114.4,1,81,8.3,0.072029,1,19,2,0,0,1,0,2,9,6,0.7334620552669273
2044,114.56,2,225,9.4,0.071992,2,36,3,0,1,1,0,7,21,21,0.6319769797029476
2045,114.56,0,6,-3.6,0.071957,0,3,0,0,1,1,0,1,1,0,0.5838400857846818
2046,114.73,3,154,16.6,0.071921,3,29,4,0,1,1,0,6,16,10,0.7471186024085371
2047,114.85,5,105,-0.6,0.071885,0,20,0,1,0,1,0,4,14,11,0.5950012398444771
2048,114.89,1,44,6.2,0.071849,1,14,2,0,1,1,0,3,5,4,0.5148104477485482
2049,115.1,4,151,32.5,0.071813,4,38,4,0,1,1,0,4,18,14,0.59480006555388
2050,115.17,1,67,16.2,0.071777,1,25,1,0,1,1,0,1,9,11,0.5514684135004909
2051,115.31,3,122,14.2,0.071741,3,20,2,0,0,1,0,3,11,6,0.736209233809137
2052,115.36,1,49,1.3,0.071705,1,10,2,1,1,1,0,3,6,8,0.7602470444352158
2053,115.44,1,107,7.6,0.071669,1,22,2,0,1,1,0,3,7,7,0.5078762275693194
2054,115.47,1,34,3.3,0.071633,1,10,1,0,1,1,0,3,4,3,0.6341348752569606
2055,115.57,8,101,11.1,0.071598,3,16,2,1,1,1,0,4,9,8,0.6679575477826248
2056,115.59,0,24,-0.7,0.071562,0,8,1,0,1,1,0,1,3,3,0.4683988220320616
2057,115.61,0,22,-0.5,0.071526,0,8,1,0,1,1,0,1,3,3,0.43482787107860615
2058,115.67,2,65,11.0,0.07149,2,16,2,0,1,1,0,3,7,5,0.5562528447910371
2059,115.7,0,38,1.8,0.071454,0,14,0,0,1,1,0,3,5,4,0.79623647725223
2060,115.78,1,85,9.6,0.071419,1,23,1,0,1,1,0,4,9,9,0.6600739552843207
2061,115.81,0,27,0.7,0.071383,0,10,0,0,1,1,0,1,4,6,0.499191170852372
2062,115.97,4,153,30.3,0.071347,4,38,4,0,1,1,0,6,15,14,0.8286516721857146
2063,116.1,2,141,6.8,0.071312,2,24,3,0,0,1,0,6,15,21,0.8532441991609542
2064,116.21,1,115,9.2,0.071276,1,27,2,0,1,1,0,5,13,13,0.5233409052675334
2065,116.21,0,6,-3.6,0.07124,0,3,0,0,1,1,0,1,1,0,0.48573584999343206
2066,116.33,7,108,13.5,0.071205,2,24,4,1,1,1,0,4,13,7,0.7313333719108793
2067,116.38,0,50,4.4,0.071169,0,16,0,0,1,1,0,1,7,6,0.43494135011865537
2068,116.39,0,16,-2.9,0.071134,0,4,0,0,1,1,0,0,2,3,0.48468661145234954
2069,116.45,2,68,11.3,0.071098,2,17,2,0,1,1,0,3,7,9,0.8162259074573552
2070,116.49,0,46,0.8,0.071062,0,13,0,0,1,1,0,2,6,6,0.45906085505573124
2071,116.53,1,43,8.4,0.071027,1,15,0,1,1,1,0,2,6,3,0.6375504822103605
2072,116.71,2,138,15.7,0.070991,2,28,1,0,0,1,0,2,15,15,0.6376368358805071
2073,116.79,1,71,11.3,0.070956,1,20,1,0,1,1,0,1,8,6,0.5165431102474887
2074,116.88,6,106,17.1,0.07092,1,31,1,1,1,1,0,2,13,13,0.6634632535274786
2075,116.98,6,89,43.4,0.070885,6,29,6,0,1,1,0,1,10,7,0.8543780662247208
2076,117.08,1,82,5.9,0.070849,1,19,1,0,1,1,0,4,9,9,0.6302209091215769
2077,117.7,1,400,-16.5,0.070814,1,38,1,0,0,0,1,16,39,34,0.5991516504893106
2078,117.73,0,35,4.8,0.070779,0,14,0,0,1,1,0,0,5,7,0.4854062893675033
2079,117.8,0,66,1.9,0.070743,0,16,1,0,1,1,0,2,9,5,0.48398356120459485
2080,117.92,1,103,2.7,0.070708,1,17,1,0,1,1,0,3,10,10,0.6130010876157124
2081,117.94,1,28,5.9,0.070673,1,10,1,0,1,1,0,1,4,3,0.5946686673507359
2082,118.11,2,143,9.5,0.070637,2,28,2,0,0,1,0,8,16,12,0.6953409015926707
2083,118.33,3,191,12.9,0.070602,3,32,3,0,1,1,0,8,19,20,0.4618612051170235
2084,118.42,0,82,2.8,0.070567,0,23,0,0,1,1,0,6,10,10,0.9203982322857744
2085,118.48,2,63,21.7,0.070531,2,26,2,0,1,1,0,2,8,10,0.784775384766067
2086,118.53,1,47,11.6,0.070496,1,19,1,0,1,1,0,2,6,7,0.5351867771812077
2087,118.54,0,15,-2.9,0.070461,0,5,1,0,1,1,0,1,2,4,0.4355162263929749
2088,118.63,3,79,21.5,0.070426,3,23,4,0,1,1,0,3,8,6,0.6950351204955867
2089,118.67,2,48,10.8,0.07039,2,12,2,0,1,1,0,1,5,4,0.5797058663176955
2090,118.74,0,68,4.8,0.070355,0,21,1,0,1,1,0,4,8,4,0.6704859440591544
2091,118.95,2,177,-4.6,0.07032,2,20,2,0,1,1,0,11,21,9,0.6247932884691944
2092,119.04,2,87,15.6,0.070285,2,25,2,0,1,1,0,5,10,7,0.5886849535332183
2093,119.06,0,20,0.7,0.07025,0,10,0,0,1,1,0,2,3,3,0.7370244127860217
2094,119.17,4,120,27.7,0.070215,4,29,3,0,0,1,0,3,13,13,0.5881994718727623
2095,119.24,1,79,6.4,0.070179,1,18,1,0,1,1,0,3,9,7,0.5054393587226341
2096,119.26,1,23,2.5,0.070144,1,9,2,0,1,1,0,4,3,2,0.958891124775526
2097,119.35,5,97,-5.6,0.070109,0,13,0,1,1,1,0,3,10,9,0.52457173567099
2098,119.43,0,80,1.3,0.070074,0,21,1,0,1,1,0,6,9,7,0.4658104419611712
2099,119.52,1,77,3.0,0.070039,1,16,1,0,1,1,0,5,9,3,0.7747234064367882
2100,119.59,2,73,5.0,0.070004,2,12,1,0,1,1,0,4,8,7,0.7926079857090653
2101,119.62,0,30,6.7,0.069969,0,15,0,0,1,1,0,0,4,3,0.6621878101036465
2102,119.62,0,14,-1.7,0.069934,0,6,0,0,1,1,0,1,2,3,0.78732192164229
2103,119.79,1,136,6.3,0.069899,1,28,1,0,1,1,0,7,16,11,0.6605540696637794
2104,119.97,2,138,22.7,0.069864,2,41,2,0,1,1,0,8,17,15,0.6136088335415214
2105,120.11,1,168,0.6,0.069829,1,25,2,0,0,1,0,6,18,16,0.592965291354776
2106,120.22,0,91,5.1,0.069794,0,28,0,0,1,1,0,8,9,8,0.4626677607972663
2107,120.54,3,357,-8.9,0.06976,3,31,4,0,1,1,0,12,37,22,0.547361145345538
2108,120.63,5,123,33.1,0.069725,5,32,1,0,1,1,0,5,14,16,0.8320108522709538
2109,120.72,2,83,12.8,0.06969,2,20,2,0,1,1,0,3,9,9,0.6537026274870961
2110,120.8,2,87,9.8,0.069655,2,19,3,0,1,1,0,5,10,5,0.6777939381313063
2111,121.06,1,174,5.9,0.06962,1,29,0,0,1,1,0,4,19,17,0.6447260713103478
2112,121.1,2,39,10.8,0.069585,2,13,3,0,1,1,0,3,4,3,0.7515462809012616
2113,121.12,1,25,4.4,0.069551,1,8,1,0,1,1,0,1,3,1,0.5682055914474694
2114,121.28,2,124,18.0,0.069516,2,32,0,0,1,1,0,5,15,16,0.624552812425368
2115,121.37,1,89,9.4,0.069481,1,20,0,0,1,1,0,1,9,7,0.5258096029261138
2116,121.47,2,95,17.6,0.069446,2,28,3,0,1,1,0,5,11,9,0.8398963437279261
2117,121.59,3,116,28.0,0.069412,3,36,4,0,1,1,0,5,13,14,0.8142592134771329
2118,121.66,0,80,-2.6,0.069377,0,14,1,0,0,1,0,3,6,6,0.5709371911898776
2119,121.72,0,56,2.8,0.069342,0,16,1,0,1,1,0,2,7,6,0.5259118650667124
2120,121.91,0,145,8.0,0.069307,0,33,0,0,1,1,0,4,16,15,0.520666712677961
2121,121.96,0,56,6.5,0.069273,0,20,0,0,1,1,0,2,7,9,0.5405996208506385
2122,121.97,0,5,-2.8,0.069238,0,3,1,0,1,1,0,0,1,3,2.432912801916681
2123,122.1,2,129,3.5,0.069204,2,15,2,0,1,1,0,3,14,6,0.42582180125279195
2124,122.12,0,22,-3.5,0.069169,0,6,0,0,1,1,0,2,3,3,0.45554646902712165
2125,122.17,0,62,-3.0,0.069134,0,12,2,0,1,1,0,3,7,8,0.7747461594495606
2126,122.22,0,50,9.2,0.0691,0,20,0,0,1,1,0,0,7,8,0.5826841597778502
2127,122.23,0,14,-2.7,0.069065,0,5,0,0,1,1,0,1,2,3,0.5151800332470925
2128,122.27,1,42,10.3,0.069031,1,17,1,0,1,1,0,2,5,5,0.8257306660777534
2129,122.29,0,21,-0.6,0.068996,0,8,0,0,1,1,0,1,3,5,0.5048250979349288
2130,122.35,1,57,5.9,0.068962,1,16,1,0,1,1,0,4,8,4,0.8490422444369229
2131,122.36,1,21,2.9,0.068927,1,8,1,0,1,1,0,3,3,0,0.8816910343941299
2132,122.39,0,28,-0.4,0.068893,0,10,0,0,1,1,0,2,4,6,0.48751738185457966
2133,122.45,1,68,10.4,0.068858,1,21,2,0,1,1,0,3,8,8,0.6189967614233843
2134,122.51,0,60,11.2,0.068824,0,26,1,0,1,1,0,3,8,8,0.5817197061370347
2135,122.53,0,28,2.6,0.068789,0,11,0,0,1,1,0,0,4,6,0.32751469174248676
2136,122.6,4,76,26.4,0.068755,4,22,4,0,1,1,0,2,8,10,0.6998926874974264
2137,122.73,4,126,27.2,0.068721,4,28,4,0,1,1,0,2,14,12,0.7162728003422396
2138,122.8,2,69,11.3,0.068686,2,19,2,0,1,1,0,5,8,8,0.5686295748929644
2139,122.87,1,74,11.0,0.068652,1,22,1,0,1,1,0,3,8,6,0.5873243943071627
2140,122.87,0,5,-2.5,0.068618,0,3,0,0,1,1,0,0,1,0,2.054580195272915
2141,123.0,1,108,2.9,0.068583,1,17,2,0,1,1,0,2,13,13,0.540877998785887
2142,123.0,0,6,-4.6,0.068549,0,2,0,0,1,1,0,1,1,0,0.28095118381616996
2143,123.01,0,14,-2.5,0.068515,0,5,0,0,1,1,0,1,2,1,0.34984232817988203
2144,123.03,0,21,-0.2,0.068481,0,8,1,0,1,1,0,1,3,1,0.6820362935041343
2145,123.03,0,7,-3.8,0.068446,0,3,1,0,1,1,0,1,1,1,0.5077314749316403
2146,123.1,1,72,7.3,0.068412,1,19,1,0,1,1,0,4,9,5,0.47345004399987467
2147,123.15,1,56,10.8,0.068378,1,18,1,0,1,1,0,1,7,6,0.7494018422058204
2148,123.16,0,5,-1.8,0.068344,0,4,1,0,1,1,0,0,1,3,2.3889055359346907
2149,123.67,2,347,-28.8,0.068309,2,19,1,0,1,1,0,17,39,11,0.5558987191635658
2150,123.68,0,5,-1.8,0.068275,0,4,0,0,1,1,0,0,1,3,2.260677839217072
2151,123.69,0,20,-1.2,0.068241,0,7,0,0,1,1,0,1,3,2,0.4670539211302868
2152,123.79,0,97,6.5,0.068207,0,27,0,0,1,1,0,5,11,8,0.596238109663328
2153,123.95,1,156,9.3,0.068173,1,30,1,0,1,1,0,4,17,11,0.5981462095893583
2154,123.99,1,47,4.8,0.068139,1,12,1,0,1,1,0,2,6,5,0.5998989408836422
2155,124.11,1,130,7.7,0.068105,1,26,1,0,1,1,0,4,16,13,0.6989873267916556
2156,124.17,1,68,8.7,0.068071,1,22,1,0,1,1,0,6,9,5,0.5572130980820111
2157,124.27,0,96,2.2,0.068037,0,22,0,0,1,1,0,4,12,12,0.8124597178511129
2158,124.35,0,91,-9.5,0.068003,0,9,1,0,1,1,0,4,11,4,0.6237867035334133
2159,124.45,4,90,21.1,0.067969,4,23,3,0,1,1,0,7,10,9,0.6792376902160765
2160,124.5,1,52,8.2,0.067935,1,19,1,0,0,1,0,5,7,6,0.6947886712364215
2161,124.55,2,61,7.5,0.067901,2,12,2,0,1,1,0,3,6,4,0.5941248137977949
2162,124.6,1,61,5.4,0.067867,1,14,1,0,1,1,0,2,8,5,0.7898926342033639
2163,124.69,3,80,17.2,0.067833,3,18,3,0,1,1,0,2,8,8,0.6558766026373759
2164,124.7,0,5,-2.8,0.067799,0,3,2,0,1,1,0,0,1,3,2.21751383256582
2165,124.83,4,187,23.7,0.067765,4,38,4,0,1,1,0,9,20,16,0.5891165517403045
2166,124.92,3,95,22.7,0.067731,3,29,4,0,1,1,0,6,11,8,0.7081060610588578
2167,124.94,1,31,6.5,0.067697,1,10,1,0,0,1,0,0,4,4,0.9468226141281214
2168,125.02,2,85,4.2,0.067663,2,12,1,0,1,1,0,4,10,3,1.102310624823031
2169,125.02,0,6,-3.6,0.06763,0,3,0,0,1,1,0,1,1,0,0.43850733396768676
2170,125.08,2,67,10.5,0.067596,2,15,2,0,1,1,0,2,8,8,0.9501698986853929
2171,125.3,4,185,30.1,0.067562,4,43,4,0,1,1,0,8,21,14,0.7456432939689227
2172,125.32,0,20,0.5,0.067528,0,10,0,0,1,1,0,2,3,5,0.6862409553409095
2173,125.44,3,111,22.4,0.067494,3,28,2,0,1,1,0,3,12,15,0.7284393004562287
2174,125.53,1,86,4.5,0.067461,1,19,2,0,1,1,0,5,10,9,0.5050505239949297
2175,125.57,1,43,5.4,0.067427,1,14,2,0,1,1,0,4,6,3,0.6134497570749083
2176,125.57,0,6,-3.6,0.067393,0,3,1,0,1,1,0,1,1,0,0.40670419697839094
2177,125.57,0,5,-4.7,0.06736,0,2,0,0,1,1,0,1,1,2,2.02943782359968
2178,125.67,2,88,17.5,0.067326,2,26,2,0,1,1,0,4,11,7,0.8153108770969834
2179,125.7,0,45,8.0,0.067292,0,18,0,0,1,1,0,0,6,5,0.5041415929614755
2180,125.78,2,84,24.7,0.067259,2,29,2,0,1,1,0,0,11,9,0.6092140874714523
2181,125.84,0,60,0.5,0.067225,0,13,0,0,1,1,0,1,8,5,0.6650845798118813
2182,125.91,1,75,5.5,0.067191,1,17,1,0,1,1,0,3,10,10,0.8049902124043733
2183,125.98,0,76,6.4,0.067158,0,23,0,0,1,1,0,3,9,10,0.5320749892962775
2184,126.1,2,138,0.7,0.067124,2,13,0,0,1,1,0,3,15,5,0.6737655536149256
2185,126.23,7,120,11.1,0.067091,2,28,2,1,1,1,0,9,14,9,0.603991674813862
2186,126.25,0,21,-0.4,0.067057,0,7,0,0,1,1,0,0,3,3,0.3421396225277428
2187,126.26,0,20,-0.3,0.067024,0,9,0,0,1,1,0,2,3,3,0.6480908121143351
2188,126.39,4,127,20.9,0.06699,4,26,2,0,1,1,0,6,15,14,0.7773279648461294
2189,126.45,5,98,1.4,0.066957,0,19,0,1,1,1,0,2,12,8,0.4240840969926407
2190,126.53,1,87,9.5,0.066923,1,21,0,0,0,1,0,2,9,8,0.7020917882870377
2191,126.54,0,14,-2.5,0.06689,0,5,0,0,1,1,0,1,2,1,0.3108781841280078
2192,126.66,1,110,19.9,0.066856,1,36,2,0,1,1,0,4,13,11,0.7530196074995946
2193,126.69,0,29,-1.2,0.066823,0,7,0,0,1,1,0,0,4,3,0.3763872359992667
2194,126.72,0,34,4.1,0.066789,0,14,0,0,1,1,0,1,5,5,0.5471316778663191
2195,126.79,1,63,5.4,0.066756,1,14,2,0,1,1,0,2,7,3,0.7376893724620928
2196,126.82,1,30,7.5,0.066723,1,12,1,0,1,1,0,1,4,5,0.5831084441394763
2197,126.93,3,116,20.0,0.066689,3,26,4,0,1,1,0,3,14,14,0.6811492043964797
2198,127.11,0,142,-0.2,0.066656,0,23,1,0,0,1,0,3,13,10,0.7382294351694016
2199,127.34,3,345,-22.4,0.066623,3,23,2,0,1,1,0,19,37,19,0.7229869780080412
2200,127.37,1,46,9.9,0.066589,1,16,1,0,0,1,0,1,6,5,0.7693841568025886
2201,127.38,1,17,4.1,0.066556,1,7,1,0,1,1,0,1,2,2,1.1890589895113806
2202,127.49,3,109,12.3,0.066523,3,20,2,0,1,1,0,6,11,8,0.5875404062394081
2203,127.57,3,89,15.4,0.066489,3,20,4,0,1,1,0,5,10,7,0.760430482873107
2204,127.59,0,22,0.7,0.066456,0,8,0,0,1,1,0,0,3,1,0.711636090347031
2205,127.7,1,101,5.8,0.066423,1,26,1,0,1,1,0,9,10,11,0.8800170591765747
2206,127.72,1,28,5.9,0.06639,1,11,1,0,1,1,0,2,3,3,0.7996155485303683
2207,127.77,1,52,4.9,0.066356,1,14,1,0,0,1,0,3,6,9,0.5772331734679466
2208,127.99,5,192,22.7,0.066323,5,30,3,0,0,1,0,6,20,21,0.6763435556239416
2209,128.08,1,85,12.3,0.06629,1,25,2,0,1,1,0,3,10,12,0.8277945976856953
2210,128.23,5,248,23.3,0.066257,5,41,6,0,1,1,0,11,26,19,0.7012131680998677
2211,128.31,3,81,15.2,0.066224,3,22,3,0,0,1,0,8,9,7,0.79600466243137
2212,128.34,1,33,8.3,0.066191,1,12,1,0,1,1,0,0,4,4,0.5213033610280137
2213,128.52,2,144,9.4,0.066158,2,28,2,0,1,1,0,8,16,12,0.6093488672141416
2214,128.53,0,13,-2.3,0.066125,0,5,1,0,1,1,0,1,2,0,0.4801509198902971
2215,128.56,1,41,4.7,0.066092,1,11,1,0,0,1,0,2,5,2,0.6921171213677726
2216,128.75,3,175,11.2,0.066058,3,26,2,0,0,1,0,6,20,13,0.8160324281530437
2217,128.78,0,36,5.9,0.066025,0,15,0,0,1,1,0,0,5,5,0.4831053079108217
2218,128.82,1,53,6.1,0.065992,1,14,2,0,1,1,0,2,7,6,0.7129738836449447
2219,128.85,0,34,3.1,0.065959,0,13,0,0,1,1,0,1,5,5,0.6413872748189045
2220,128.92,2,64,13.0,0.065926,2,17,2,0,1,1,0,2,8,6,0.8701082307029927
2221,129.17,2,320,-18.6,0.065893,2,17,2,0,0,1,0,7,35,16,0.5831788619533818
2222,129.19,1,25,8.1,0.065861,1,13,1,0,1,1,0,2,3,4,0.8733800798721751
2223,129.24,2,46,9.8,0.065828,2,13,2,0,1,1,0,3,5,6,0.7401229439124436
2224,129.28,2,45,12.2,0.065795,2,15,2,0,1,1,0,3,5,3,0.788348815527777
2225,129.29,0,15,-1.7,0.065762,0,6,1,0,1,1,0,1,2,2,0.4454088646937361
2226,129.32,3,31,15.5,0.065729,3,9,3,0,1,1,0,0,3,4,0.7086950014327301
2227,129.33,0,21,-2.5,0.065696,0,7,0,0,1,1,0,2,3,4,0.40360389196608903
2228,129.34,0,13,-3.3,0.065663,0,4,0,0,1,1,0,1,2,0,0.46817356787614867
2229,129.35,0,14,-2.4,0.06563,0,6,0,0,1,1,0,2,2,0,0.49055472103220843
2230,129.48,2,208,26.3,0.065598,2,51,4,0,1,1,0,7,23,19,0.5077033719692445
2231,129.51,0,29,2.7,0.065565,0,12,1,0,1,1,0,1,4,4,0.4387165222362436
2232,129.89,2,275,-10.9,0.065532,2,24,2,0,1,1,0,11,30,14,0.510658771881351
2233,130.01,0,110,-5.0,0.065499,0,18,0,0,0,1,0,6,13,10,0.7025878636531472
2234,130.17,1,155,0.0,0.065466,1,24,1,0,1,1,0,7,19,15,0.5570607007939793
2235,130.23,2,59,7.5,0.065434,2,10,0,0,1,1,0,1,7,6,0.7809223407834526
2236,130.31,1,103,-1.1,0.065401,1,19,1,0,1,1,0,9,13,8,0.48841783307819275
2237,130.36,2,53,15.3,0.065368,2,18,2,0,1,1,0,2,6,4,0.671821853714964
2238,130.44,3,82,6.9,0.065336,3,17,3,0,0,1,0,11,9,9,0.9095364986444121
2239,130.49,1,54,7.1,0.065303,1,15,1,0,1,1,0,2,7,5,0.5505251121617766
2240,130.54,0,55,4.4,0.06527,0,18,0,0,1,1,0,2,8,11,0.9300427227813196
2241,130.56,0,28,0.8,0.065238,0,12,0,0,1,1,0,3,4,4,0.8283011010049902
2242,130.82,9,283,7.7,0.065205,4,36,2,1,1,1,0,13,34,20,0.7230234993509993
2243,130.83,1,21,2.7,0.065172,1,5,2,0,1,1,0,0,3,2,0.8599443567434415
2244,130.9,3,68,19.7,0.06514,3,19,3,0,1,1,0,2,7,5,0.7758129138394031
2245,131.06,1,136,6.3,0.065107,1,27,0,0,1,1,0,6,17,11,0.5741262370640269
2246,131.13,0,72,-2.6,0.065075,0,12,1,0,1,1,0,2,9,4,0.6899712039844832
2247,131.17,2,46,13.0,0.065042,2,14,2,0,1,1,0,1,6,4,0.7006267672751976
2248,131.21,2,45,8.9,0.06501,2,12,2,0,1,1,0,3,5,6,0.5809057707627556
2249,131.22,0,14,-3.4,0.064977,0,5,0,0,1,1,0,2,2,0,0.45518684554279104
2250,131.41,3,125,12.4,0.064945,3,22,3,0,1,1,0,6,14,11,0.5417886938712098
2251,131.54,7,142,5.8,0.064912,2,23,2,1,1,1,0,7,18,10,0.7185895048682525
2252,131.64,6,125,6.4,0.06488,1,22,1,1,1,1,0,2,16,11,0.6646079710463857
2253,131.84,1,152,-3.1,0.064847,1,20,2,0,1,1,0,7,18,9,0.6559713335885892
2254,131.93,2,89,14.5,0.064815,2,22,2,0,0,1,0,3,10,6,0.8795367393032563
2255,132.18,9,227,0.2,0.064783,4,24,4,1,1,1,0,15,23,11,0.7575123348230332
2256,132.25,3,92,34.7,0.06475,3,37,3,0,1,1,0,2,11,11,0.6496241026732548
2257,132.44,8,400,1.2,0.064718,3,38,3,1,0,0,1,10,47,17,0.5392374231792714
2258,132.76,2,243,-5.7,0.064685,2,30,1,0,1,1,0,15,26,14,0.6723848465678072
2259,132.79,1,38,6.8,0.064653,1,14,1,0,1,1,0,3,5,4,0.5856543675042739
2260,132.84,1,50,9.6,0.064621,1,17,1,0,1,1,0,2,6,4,0.6204287852558588
2261,132.92,3,87,16.5,0.064588,3,19,3,0,1,1,0,3,10,8,0.6848932610355598
2262,133.02,3,101,20.8,0.064556,3,24,3,1,1,1,0,2,12,11,0.9859744052614557
2263,133.04,0,28,0.9,0.064524,0,9,0,0,1,1,0,0,4,3,0.3859316710329164
2264,133.19,1,138,7.6,0.064492,1,30,2,0,0,1,0,7,15,16,0.8186149078994098
2265,133.42,3,281,-1.3,0.064459,3,37,3,0,1,1,0,18,25,22,0.7276782204016059
2266,133.49,2,72,14.9,0.064427,2,20,2,0,1,1,0,2,9,9,0.9128233750318532
2267,133.7,7,175,12.7,0.064395,2,34,2,1,0,1,0,7,18,18,0.543311837371771
2268,133.73,1,39,11.5,0.064363,1,18,1,0,1,1,0,2,5,6,0.790676227997185
2269,133.75,1,27,4.2,0.06433,1,9,1,0,1,1,0,2,3,1,0.786298923344477
2270,133.92,2,192,-4.2,0.064298,2,25,2,0,0,1,0,13,21,20,0.7052482920858156
2271,133.94,0,21,1.7,0.064266,0,9,1,0,1,1,0,0,3,2,0.4587364244327838
2272,133.99,1,50,0.9,0.064234,1,9,2,0,1,1,0,3,6,1,0.8981725308334754
2273,134.04,1,48,2.7,0.064202,1,11,1,0,1,1,0,3,6,5,0.7055483528853698
2274,134.09,1,59,5.3,0.06417,1,16,1,0,1,1,0,4,8,8,0.5308083854078844
2275,134.19,0,80,2.9,0.064138,0,18,0,0,1,1,0,1,11,11,0.5219947486407067
2276,134.2,0,6,-3.6,0.064106,0,3,1,0,1,1,0,1,1,0,0.45088546401977303
2277,134.22,0,29,-3.1,0.064074,0,6,0,0,1,1,0,1,4,2,0.43411693866323536
2278,134.24,0,20,-2.2,0.064042,0,7,1,0,1,1,0,2,3,2,0.5483522753453334
2279,134.3,0,73,-0.3,0.06401,0,15,0,0,1,1,0,2,9,10,0.36469397356970357
2280,134.42,8,122,16.7,0.063978,3,24,2,1,1,1,0,4,13,11,0.5998807286092924
2281,134.54,1,148,3.2,0.063946,1,26,3,0,0,1,0,7,14,10,0.6812452537754012
2282,134.54,0,7,-4.7,0.063914,0,3,0,0,1,1,0,2,1,0,0.6756332572908155
2283,134.58,1,46,9.7,0.063882,1,18,2,0,1,1,0,3,6,7,0.5656842429979927
2284,134.61,0,36,2.1,0.06385,0,11,0,0,1,1,0,0,5,3,0.46901577548751544
2285,134.81,2,152,6.4,0.063818,2,23,2,0,1,1,0,5,17,14,0.6968308414800741
2286,134.89,0,85,13.4,0.063786,0,29,2,0,1,1,0,1,11,11,0.5120136136109141
2287,134.97,0,82,-0.4,0.063754,0,15,0,0,1,1,0,2,10,2,0.45263763803792434
2288,134.98,0,7,-2.7,0.063722,0,3,0,0,1,1,0,0,1,0,0.38611815862447785
2289,135.03,2,65,7.1,0.06369,2,12,1,0,1,1,0,3,6,4,0.6223923668852994
2290,135.1,3,89,16.3,0.063658,3,19,3,0,1,1,0,3,10,8,0.5877764707341937
2291,135.37,3,219,18.7,0.063627,3,36,3,0,1,1,0,3,22,24,0.6422510911919291
2292,135.39,0,29,2.7,0.063595,0,11,0,0,1,1,0,0,4,4,0.4773309134769398
2293,135.57,4,178,23.2,0.063563,4,30,4,0,1,1,0,3,21,10,0.5529630308229607
2294,135.69,0,117,6.4,0.063531,0,28,0,0,0,1,0,4,14,9,0.6816052133348129
2295,135.79,1,131,8.5,0.063499,1,26,1,0,1,1,0,3,15,14,0.5996703239361079
2296,135.91,1,116,-8.5,0.063468,1,11,0,0,1,1,0,7,14,9,0.6387935320958371
2297,135.97,1,63,4.3,0.063436,1,12,1,0,1,1,0,1,8,4,0.7464641539714263
2298,136.0,1,37,6.7,0.063404,1,12,1,0,1,1,0,1,5,6,0.5754384417972133
2299,136.19,0,181,-6.7,0.063373,0,25,1,0,1,1,0,7,22,16,0.5211424408500948
2300,136.27,2,80,16.2,0.063341,2,21,2,0,1,1,0,1,8,8,0.6573226743221692
2301,136.29,0,20,-1.2,0.063309,0,7,0,0,1,1,0,1,3,2,0.37736004340912804
2302,136.3,0,15,-4.7,0.063277,0,3,0,0,1,1,0,1,2,2,0.2803552887588875
2303,136.35,0,64,3.9,0.063246,0,17,0,0,1,1,0,1,8,7,0.39970013803661425
2304,136.41,1,49,9.8,0.063214,1,17,2,0,1,1,0,2,6,3,0.597213160729666
2305,136.53,2,155,20.0,0.063183,2,37,1,0,1,1,0,5,17,15,0.5773765844389711
2306,136.54,0,21,-0.6,0.063151,0,8,0,0,1,1,0,1,3,5,0.9734329619661141
2307,136.75,1,183,-0.3,0.063119,1,28,0,0,1,1,0,9,20,10,0.6482842193711036
2308,136.8,0,51,-0.4,0.063088,0,12,0,0,1,1,0,2,6,3,0.5027993600991886
2309,136.92,5,110,29.0,0.063056,5,28,6,0,1,1,0,7,11,10,0.6712533995107833
2310,136.93,0,6,-3.6,0.063025,0,3,0,0,1,1,0,1,1,0,0.39837815309446856
2311,137.03,2,99,9.9,0.062993,2,20,2,0,1,1,0,4,11,12,0.5843127420001204
2312,137.2,3,128,19.6,0.062962,3,29,3,0,1,1,0,6,14,6,0.5960414922064119
2313,137.25,1,59,8.4,0.06293,1,17,1,0,1,1,0,2,8,7,0.6943523387466912
2314,137.43,3,143,19.2,0.062899,3,29,2,0,1,1,0,4,17,15,0.7101208155505236
2315,137.69,1,208,2.5,0.062867,1,30,2,0,1,1,0,5,24,17,0.5975868439086949
2316,137.83,4,146,21.9,0.062836,4,28,2,0,1,1,0,5,14,15,0.7286965875645476
2317,137.86,1,41,6.5,0.062805,1,11,1,0,1,1,0,0,5,4,0.4893624655206664
2318,137.89,1,26,3.0,0.062773,1,7,1,0,1,1,0,1,3,4,0.6744778741612905
2319,138.16,1,376,-20.9,0.062742,1,35,1,0,0,0,1,20,41,32,0.798477628802086
2320,138.18,0,21,1.4,0.06271,0,9,0,0,1,1,0,0,3,5,0.5385521514195879
2321,138.43,3,280,6.4,0.062679,3,38,3,0,1,1,0,12,34,16,0.5642115171094704
2322,138.51,2,73,12.1,0.062648,2,19,1,0,1,1,0,4,8,6,0.9807350587475163
2323,138.56,0,70,5.2,0.062616,0,21,0,0,1,1,0,3,9,8,0.844341215482249
2324,138.62,2,85,12.0,0.062585,2,19,2,0,1,1,0,3,9,5,0.6347101019015108
2325,138.67,0,43,7.9,0.062554,0,18,0,0,1,1,0,0,6,8,0.6763144167394544
2326,138.74,1,78,14.7,0.062523,1,26,2,1,1,1,0,3,9,5,0.735344395712655
2327,138.78,0,52,5.0,0.062491,0,19,0,0,1,1,0,3,7,8,0.6726376503118108
2328,139.15,1,302,-15.9,0.06246,1,25,2,0,1,1,0,9,32,17,0.6505516898172993
2329,139.15,0,13,-0.5,0.062429,0,7,1,0,1,1,0,1,2,2,0.634549322987993
2330,139.24,1,88,8.4,0.062398,1,20,1,0,1,1,0,2,10,8,0.6695121724163503
2331,139.26,0,28,1.7,0.062366,0,10,0,0,1,1,0,0,4,5,0.5539895230126495
2332,139.26,0,8,-5.9,0.062335,0,2,0,0,1,1,0,2,1,1,0.8167460464658852
2333,139.32,3,68,14.6,0.062304,3,14,2,0,1,1,0,2,8,6,0.7565735277893882
2334,139.43,1,97,5.4,0.062273,1,20,1,0,1,1,0,4,12,9,0.5866677371494653
2335,139.46,1,35,1.1,0.062242,1,9,1,0,1,1,0,4,4,4,0.5662948127283747
2336,139.64,3,193,3.9,0.062211,3,24,3,0,1,1,0,10,15,8,0.53691359380264
2337,139.68,1,37,10.8,0.062179,1,16,1,0,1,1,0,1,5,5,0.836658365544545
2338,139.74,0,65,3.9,0.062148,0,19,0,0,1,1,0,3,8,6,0.440253747783283
2339,139.79,2,72,18.9,0.062117,2,24,2,0,1,1,0,2,9,9,0.953159304892212
2340,139.86,1,65,15.6,0.062086,1,26,2,0,1,1,0,3,8,9,0.6112805566144586
2341,139.87,0,20,-0.1,0.062055,0,9,0,0,1,1,0,2,3,1,0.5140530411817246
2342,139.89,0,21,0.7,0.062024,0,8,0,0,1,1,0,0,3,2,0.4007735659448276
2343,139.99,2,103,22.3,0.061993,2,36,2,0,1,1,0,7,12,14,0.806157248406004
2344,140.0,0,14,-4.4,0.061962,0,4,1,0,1,1,0,2,2,0,0.5668960955872993
2345,140.01,1,17,0.0,0.061931,1,4,1,0,1,1,0,2,2,3,1.1340978002183382
2346,140.08,2,65,17.1,0.0619,2,20,2,0,1,1,0,1,8,4,0.7133230574522298
2347,140.17,2,119,16.1,0.061869,2,27,2,0,1,1,0,3,14,10,0.6882450297849005
2348,140.23,5,62,2.7,0.061838,0,17,1,1,1,1,0,2,8,11,0.4449727880170738
2349,140.24,0,6,-3.6,0.061807,0,3,0,0,1,1,0,1,1,0,0.43650201486658075
2350,140.27,1,35,10.2,0.061777,1,15,1,0,1,1,0,1,5,3,0.7416119008079587
2351,140.3,0,36,2.0,0.061746,0,12,0,0,1,1,0,1,5,4,0.40197641115707394
2352,140.35,1,52,15.0,0.061715,1,23,1,0,1,1,0,2,7,8,0.8211108742307929
2353,140.37,0,28,-3.0,0.061684,0,7,2,0,1,1,0,2,4,2,0.4983970076830882
2354,140.45,3,86,16.6,0.061653,3,23,3,0,0,1,0,7,10,8,0.7542640540788843
2355,140.59,3,124,15.6,0.061622,3,25,3,0,1,1,0,6,14,10,0.6786512574397472
2356,140.66,2,75,11.1,0.061591,2,19,1,0,1,1,0,5,10,4,0.7310597628677802
2357,140.77,1,118,-3.3,0.061561,1,15,1,0,0,1,0,6,13,5,0.7468604269870561
2358,140.83,1,58,3.9,0.06153,1,12,1,0,1,1,0,2,7,3,0.486477072817035
2359,140.92,1,81,3.8,0.061499,1,16,1,0,1,1,0,3,9,11,0.6915110920604918
2360,140.99,3,77,16.7,0.061468,3,20,3,0,1,1,0,5,9,6,0.6142739820932841
2361,141.07,2,88,16.3,0.061438,2,22,2,0,0,1,0,1,10,9,0.6187237337412044
2362,141.13,0,73,-5.4,0.061407,0,9,0,0,1,1,0,2,9,1,0.8304209059558915
2363,141.18,2,60,6.8,0.061376,2,9,1,0,1,1,0,1,7,2,0.5730264068751676
2364,141.19,0,7,-2.7,0.061346,0,3,0,0,1,1,0,0,1,0,0.3327555421341213
2365,141.23,1,51,8.2,0.061315,1,16,1,0,1,1,0,2,7,7,0.6824751666564924
2366,141.34,0,81,-1.0,0.061284,0,17,0,0,1,1,0,4,10,9,0.6850112123159129
2367,141.34,0,6,-3.6,0.061254,0,3,0,0,1,1,0,1,1,0,0.4170420782052846
2368,141.43,2,82,15.2,0.061223,2,22,3,0,1,1,0,3,9,6,0.761664323871384
2369,141.46,0,39,1.7,0.061192,0,11,0,0,1,1,0,0,5,4,0.695939394041555
2370,141.55,2,92,-0.1,0.061162,2,13,0,0,0,1,0,8,10,9,0.84781715723849
2371,141.6,0,58,7.5,0.061131,0,20,0,0,1,1,0,1,8,7,0.4963284588354579
2372,141.71,2,98,19.1,0.061101,2,29,3,0,1,1,0,4,12,11,0.6389726650492442
2373,141.77,0,66,-3.9,0.06107,0,9,1,0,1,1,0,1,8,3,0.6941969664346374
2374,141.79,0,28,1.9,0.061039,0,11,1,0,1,1,0,1,4,3,0.8039502477901402
2375,141.86,1,76,10.5,0.061009,1,20,1,0,1,1,0,1,10,9,0.5359915224628954
2376,141.88,0,28,3.0,0.060978,0,13,0,0,1,1,0,2,4,2,0.6623300361032433
2377,141.96,1,85,5.3,0.060948,1,18,1,0,1,1,0,3,10,12,0.5142856581806954
2378,142.03,2,83,7.1,0.060917,2,14,2,0,1,1,0,3,10,6,0.7622442665997935
2379,142.14,0,106,0.4,0.060887,0,23,1,0,1,1,0,6,14,10,0.5731410612737212
2380,142.23,2,119,15.0,0.060857,2,32,3,0,0,1,0,9,15,11,0.846926239408104
2381,142.41,9,162,24.5,0.060826,4,32,4,1,1,1,0,5,17,13,0.5720844048106559
2382,142.43,2,27,8.1,0.060796,2,7,2,0,1,1,0,1,3,2,0.8500692951494164
2383,142.51,0,84,3.1,0.060765,0,25,0,0,1,1,0,8,10,5,0.7712015361406269
2384,142.54,0,32,5.5,0.060735,0,15,0,0,1,1,0,1,4,3,0.9643738953804584
2385,142.63,1,106,2.7,0.060705,1,20,1,0,1,1,0,6,13,7,0.8334556375877122
2386,142.7,0,70,4.1,0.060674,0,22,0,0,1,1,0,5,9,9,0.8086166902812394
2387,142.81,2,113,7.7,0.060644,2,20,3,0,1,1,0,5,14,10,0.5843813835518041
2388,142.84,1,32,6.4,0.060614,1,12,1,0,1,1,0,2,4,4,0.612360042386917
2389,142.93,2,90,22.9,0.060583,2,30,2,0,1,1,0,2,11,11,0.6807601489578455
2390,143.01,4,110,14.8,0.060553,4,23,4,0,0,1,0,11,12,12,0.7586974364550744
2391,143.05,0,43,3.1,0.060523,0,14,0,0,1,1,0,1,6,6,0.5768708853117575
2392,143.22,3,173,23.9,0.060492,3,38,2,0,1,1,0,5,19,18,0.604115390755607
2393,143.27,0,62,3.2,0.060462,0,18,0,0,0,1,0,3,8,6,0.8527826481856602
2394,143.52,0,173,-8.2,0.060432,0,21,0,0,1,1,0,6,22,9,0.5548612798615161
2395,143.6,1,78,16.1,0.060402,1,26,3,0,1,1,0,1,10,11,0.6359103509572979
2396,143.72,7,400,6.6,0.060372,2,48,3,1,0,0,1,9,38,23,0.46795343243890214
2397,143.76,0,43,3.2,0.060341,0,15,1,0,1,1,0,2,6,5,0.600987883341235
2398,143.77,1,22,3.5,0.060311,1,8,1,0,1,1,0,2,3,3,0.8147243071061193
2399,143.79,0,29,3.9,0.060281,0,12,0,0,1,1,0,0,4,2,0.6498087805047079
2400,143.82,1,37,3.0,0.060251,1,9,1,0,1,1,0,2,4,3,1.0182230665799705
2401,143.88,1,62,8.7,0.060221,1,21,2,0,0,1,0,6,8,1,1.041683321757043
2402,143.94,0,71,-2.9,0.060191,0,14,0,0,1,1,0,4,9,8,0.5502778370648246
2403,143.98,1,37,9.0,0.060161,1,13,1,0,1,1,0,0,5,3,0.5026160687479435
2404,144.02,0,50,-1.6,0.06013,0,11,1,0,1,1,0,2,6,6,0.5898812592690685
2405,144.13,0,93,-3.2,0.0601,0,17,0,0,0,1,0,5,12,9,0.6507041781405327
2406,144.18,0,56,3.9,0.06007,0,16,1,0,1,1,0,1,8,5,0.4434149136990504
2407,144.34,3,182,18.2,0.06004,3,35,3,1,1,1,0,7,20,16,0.8033908157922797
2408,144.39,1,64,7.2,0.06001,1,20,2,0,1,1,0,6,8,4,0.6166098093543214
2409,144.48,1,76,3.8,0.05998,1,14,0,0,1,1,0,2,10,6,0.797248895135777
2410,144.49,0,13,-1.5,0.05995,0,6,0,0,1,1,0,1,2,2,0.5101775701603809
2411,144.52,0,36,-1.0,0.05992,0,10,0,0,1,1,0,2,5,4,0.3715583371171005
2412,144.55,0,36,1.9,0.05989,0,13,0,0,1,1,0,2,5,5,0.39768881387559385
2413,144.6,2,58,14.4,0.05986,2,18,2,0,1,1,0,2,7,8,0.7933487870413906
2414,144.62,0,14,-1.5,0.059831,0,6,0,0,1,1,0,1,2,1,0.502496547126586
2415,144.66,0,34,-0.1,0.059801,0,12,0,0,1,1,0,3,5,7,0.5644004333989939
2416,144.72,0,58,0.5,0.059771,0,15,1,0,0,1,0,3,8,7,0.6319027149281669
2417,144.79,0,77,-1.1,0.059741,0,17,0,0,1,1,0,5,10,4,0.6219835574555598
2418,144.94,2,187,8.6,0.059711,2,30,3,0,1,1,0,6,22,17,0.587843083323394
2419,144.96,1,25,7.0,0.059681,1,12,2,0,1,1,0,2,3,5,0.9615577428236439
2420,145.08,3,116,16.4,0.059651,3,26,3,0,1,1,0,7,13,10,0.6639960528154759
2421,145.33,2,318,5.0,0.059621,2,44,2,0,1,1,0,10,32,22,0.5406433100577572
2422,145.39,2,56,18.4,0.059592,2,23,2,0,1,1,0,3,7,10,0.9052753729390322
2423,145.46,1,65,18.6,0.059562,1,28,0,0,1,1,0,2,9,9,0.7372151639123996
2424,145.54,2,75,10.0,0.059532,2,15,2,0,1,1,0,2,8,5,0.9124613384259765
2425,145.55,0,23,1.4,0.059502,0,10,0,0,1,1,0,1,3,3,0.5293826342608908
2426,145.65,3,95,19.5,0.059473,3,26,4,0,1,1,0,6,11,10,0.8342620416251849
2427,145.69,0,41,1.7,0.059443,0,12,0,0,1,1,0,1,6,2,0.4070251753850387
2428,145.77,2,72,17.2,0.059413,2,23,1,0,1,1,0,3,9,6,0.570784369177082
2429,145.92,2,146,8.5,0.059383,2,22,2,0,1,1,0,3,16,9,0.59753857441145
2430,145.93,2,17,11.1,0.059354,2,8,2,0,1,1,0,0,2,2,0.9562737427529707
2431,146.02,2,92,22.0,0.059324,2,27,1,0,1,1,0,0,11,8,0.6004333894974089
2432,146.03,0,13,0.4,0.059294,0,7,0,0,1,1,0,0,2,3,0.5360640070405891
2433,146.1,2,78,16.9,0.059265,2,23,2,0,1,1,0,3,10,3,0.6620066381218928
2434,146.12,0,28,-0.3,0.059235,0,9,0,0,1,1,0,1,4,5,0.3940482435411933
2435,146.14,0,21,0.6,0.059205,0,10,0,0,1,1,0,2,3,3,0.7233117698032383
2436,146.23,0,82,4.0,0.059176,0,18,0,0,0,1,0,0,10,8,0.5178604975126979
2437,146.23,0,6,-5.6,0.059146,0,1,0,0,1,1,0,1,1,0,0.22182478388470347
2438,146.27,2,45,14.1,0.059117,2,15,0,0,1,1,0,1,6,4,1.5512286781388278
2439,146.36,2,90,10.4,0.059087,2,17,1,0,1,1,0,2,10,6,0.6919362900166245
2440,146.45,1,103,4.8,0.059058,1,25,1,0,1,1,0,9,13,9,0.6412675751582547
2441,146.72,3,258,13.8,0.059028,3,38,3,0,1,1,0,6,29,24,0.4788093190860524
2442,146.85,7,113,5.7,0.058999,2,17,2,1,1,1,0,4,12,10,0.6000937676812845
2443,147.03,2,185,6.2,0.058969,2,22,2,0,1,1,0,1,21,13,0.47502871865167745
2444,147.12,0,96,0.6,0.05894,0,19,0,0,1,1,0,3,13,8,0.670220160602432
2445,147.23,0,120,-5.9,0.05891,0,17,1,0,1,1,0,5,14,9,0.551236953608471
2446,147.3,2,79,19.0,0.058881,2,25,2,0,1,1,0,2,10,11,0.6766258791256583
2447,147.59,4,263,15.6,0.058851,4,46,2,0,1,1,0,16,30,31,0.5932825212667912
2448,147.61,0,23,-3.4,0.058822,0,5,1,0,1,1,0,1,3,1,0.5308067172061793
2449,147.63,0,21,2.7,0.058792,0,12,0,0,1,1,0,2,3,2,0.9324856386376145
2450,147.75,5,145,11.2,0.058763,0,36,0,1,1,1,0,4,17,13,0.4519144771903057
2451,147.85,3,96,12.4,0.058734,3,19,1,1,1,1,0,6,11,10,0.9219474344192653
2452,147.9,2,59,10.6,0.058704,2,15,2,0,1,1,0,3,7,5,0.8435649711748673
2453,147.98,0,73,3.9,0.058675,0,20,0,0,1,1,0,3,9,8,0.42322811398931726
2454,147.98,0,13,-4.4,0.058645,0,4,0,0,1,1,0,2,2,1,0.747940979869598
2455,148.01,0,30,-0.2,0.058616,0,11,0,0,1,1,0,3,4,2,0.5443962068141618
2456,148.14,3,114,15.7,0.058587,3,24,3,0,1,1,0,6,13,9,0.78862871183896
2457,148.21,2,70,7.6,0.058558,2,14,2,0,1,1,0,4,8,4,0.5506032580763247
2458,148.3,2,87,22.5,0.058528,2,28,1,0,1,1,0,1,11,8,0.8442309886078067
2459,148.34,0,39,5.5,0.058499,0,15,0,0,1,1,0,0,5,6,0.47103503629539917
2460,148.38,2,52,9.2,0.05847,2,11,1,0,1,1,0,1,7,6,0.954178702361422
2461,148.49,4,136,8.7,0.058441,4,19,2,0,1,1,0,11,16,7,0.5831380628217863
2462,148.51,0,29,1.6,0.058411,0,11,1,0,1,1,0,1,4,5,0.47344897970129723
2463,148.53,0,21,3.6,0.058382,0,12,0,0,1,1,0,1,3,3,0.5866955291454501
2464,148.95,0,386,-38.5,0.058353,0,22,0,0,1,1,0,15,46,19,0.6216042304734385
2465,148.96,0,22,-0.5,0.058324,0,7,0,0,1,1,0,0,3,3,0.5363364700264589
2466,149.09,6,137,-6.2,0.058295,1,15,2,1,1,1,0,6,15,15,0.8174193899914561
2467,149.1,0,6,-3.6,0.058265,0,3,0,0,1,1,0,1,1,0,0.3760522436306728
2468,149.18,2,109,14.1,0.058236,2,24,2,0,1,1,0,3,12,10,0.7070087281967375
2469,149.25,1,68,7.1,0.058207,1,18,0,0,1,1,0,3,8,11,0.7910971675343915
2470,149.33,0,63,-2.7,0.058178,0,11,1,0,1,1,0,2,8,4,0.6339051556005527
2471,149.51,5,257,5.8,0.058149,5,23,4,0,1,1,0,10,28,15,0.603017067369589
2472,149.6,5,106,20.4,0.05812,5,17,5,0,1,1,0,5,12,10,0.7625241595629747
2473,149.68,4,83,19.2,0.058091,4,15,4,0,1,1,0,2,10,5,0.6783210474988427
2474,149.82,2,119,14.5,0.058062,2,29,3,0,1,1,0,6,13,16,0.6898659487011879
2475,149.9,6,93,17.5,0.058033,1,29,1,1,1,1,0,1,11,12,0.577813062858612
2476,149.93,1,28,1.1,0.058004,1,8,1,0,1,1,0,4,3,1,0.9319892407088315
2477,150.02,1,92,11.5,0.057975,1,23,1,0,1,1,0,1,12,13,0.6147642055738222
2478,150.13,1,122,0.0,0.057946,1,15,0,0,1,1,0,2,15,8,0.6059810705294895
2479,150.25,3,110,8.7,0.057917,3,15,1,0,1,1,0,4,11,13,0.8214618031486004
2480,150.33,3,86,28.1,0.057888,3,31,3,0,1,1,0,3,10,13,0.7511668124409283
2481,150.34,0,14,-0.6,0.057859,0,6,0,0,1,1,0,0,2,2,0.3670813611514528
2482,150.36,0,20,-2.2,0.05783,0,7,1,0,1,1,0,2,3,2,0.8004372034819871
2483,150.37,0,6,-4.6,0.057801,0,2,1,0,1,1,0,1,1,0,0.2800102210304665
2484,150.49,1,126,4.5,0.057772,1,23,1,0,1,1,0,5,14,9,0.49134493456148814
2485,150.5,1,20,1.9,0.057743,1,6,1,0,1,1,0,2,3,1,0.8586622198723031
2486,150.67,1,154,3.1,0.057714,1,22,1,0,1,1,0,2,17,15,0.49487688752963943
2487,150.76,0,78,2.9,0.057686,0,17,0,0,0,1,0,0,9,13,0.4511028821503966
2488,150.82,0,66,0.0,0.057657,0,18,0,0,0,1,0,6,8,4,0.5499900094973876
2489,150.83,0,6,-2.7,0.057628,0,3,1,0,1,1,0,0,1,1,0.4658483034002278
2490,150.86,0,42,4.2,0.057599,0,16,0,0,1,1,0,2,6,6,0.4468218061515341
2491,150.9,1,38,5.0,0.05757,1,10,1,0,1,1,0,1,5,2,0.5558667783967723
2492,151.05,2,126,11.4,0.057541,2,22,2,0,1,1,0,2,14,10,0.6468724466352682
2493,151.09,0,38,-0.9,0.057513,0,10,0,0,1,1,0,2,5,1,0.5451843145275495
2494,151.12,1,46,2.8,0.057484,1,12,1,0,1,1,0,4,6,6,0.61566698536555
2495,151.13,0,13,-1.3,0.057455,0,6,0,0,1,1,0,1,2,0,0.45454070195026447
2496,151.14,0,14,-5.6,0.057426,0,5,0,0,1,1,0,4,2,2,0.46315569450899463
2497,151.28,2,169,18.2,0.057398,2,34,3,0,1,1,0,2,20,19,0.6217118154147239
2498,151.74,3,400,-11.4,0.057369,3,30,5,0,0,0,1,14,49,23,0.5480534641144753
2499,151.8,2,55,18.0,0.05734,2,22,3,0,1,1,0,3,7,5,0.6404840932222352
2500,151.84,1,48,9.5,0.057312,1,16,1,0,1,1,0,1,6,7,0.6646224262280499
2501,151.98,0,172,-2.4,0.057283,0,27,0,0,1,1,0,6,20,12,0.6006080275193868
2502,151.99,0,13,-4.3,0.057254,0,3,0,0,1,1,0,1,2,0,0.44774909663803847
2503,152.05,2,70,10.1,0.057226,2,18,3,0,1,1,0,5,8,9,0.7625531720414092
2504,152.06,0,7,-6.7,0.057197,0,1,0,0,1,1,0,2,1,0,0.45520230034156484
2505,152.14,0,78,-0.5,0.057169,0,20,0,0,1,1,0,7,10,7,0.586665574174796
2506,152.14,0,6,-2.9,0.05714,0,3,0,0,1,1,0,0,1,3,0.6621557251301889
2507,152.29,2,121,7.9,0.057111,2,23,3,0,1,1,0,7,14,10,0.545938220977627
2508,152.45,0,144,4.1,0.057083,0,29,0,0,1,1,0,4,17,15,0.5951342032945628
2509,152.57,2,127,7.3,0.057054,2,19,2,0,1,1,0,3,16,10,0.85334407306317
2510,152.69,3,114,23.7,0.057026,3,30,2,0,1,1,0,4,13,9,0.675705237287463
2511,152.79,1,99,2.6,0.056997,1,20,1,0,1,1,0,7,11,5,0.7872075528798892
2512,152.79,0,6,-3.6,0.056969,0,3,0,0,1,1,0,1,1,0,0.9882715342289545
2513,152.96,2,153,4.1,0.05694,2,24,2,0,1,1,0,8,17,16,0.5901662720810502
2514,152.98,0,22,-2.3,0.056912,0,7,1,0,1,1,0,2,3,1,0.4728288358744281
2515,153.0,1,34,7.4,0.056883,1,12,2,0,1,1,0,1,4,2,0.8005968730169541
2516,153.1,1,93,13.0,0.056855,1,27,1,0,1,1,0,4,12,7,0.4805077647203876
2517,153.15,0,51,1.5,0.056826,0,15,2,0,0,1,0,3,7,4,0.7067982362002713
2518,153.31,6,183,0.1,0.056798,1,27,2,1,1,1,0,7,22,16,0.5710256827400626
2519,153.48,1,242,1.9,0.05677,1,35,1,0,1,1,0,6,28,29,0.5414841309506933
2520,153.49,0,13,-3.3,0.056741,0,4,0,0,1,1,0,1,2,0,0.41340945839157
2521,153.5,0,6,-4.6,0.056713,0,2,1,0,1,1,0,1,1,0,0.2894273165734475
2522,153.5,0,7,-3.8,0.056685,0,3,0,0,1,1,0,1,1,1,0.6961050321735616
2523,153.56,3,67,17.9,0.056656,3,17,4,0,1,1,0,2,7,4,0.8139216377239668
2524,153.6,1,53,2.0,0.056628,1,11,1,0,1,1,0,3,7,7,0.6105777224614177
2525,153.74,3,130,4.0,0.0566,3,16,2,0,1,1,0,8,14,10,0.6432467474597581
2526,153.8,2,72,9.0,0.056571,2,14,1,0,1,1,0,2,8,8,0.6490877056679757
2527,153.86,3,59,17.4,0.056543,3,17,2,0,1,1,0,3,7,7,0.7186683202086502
2528,154.06,1,166,-0.7,0.056515,1,20,2,0,1,1,0,3,20,11,0.6529928152661736
2529,154.09,0,30,0.7,0.056486,0,10,0,0,1,1,0,1,4,3,0.4560973958403313
2530,154.32,4,202,25.2,0.056458,4,40,4,0,1,1,0,8,24,16,0.634859430543483
2531,154.5,4,173,19.9,0.05643,4,30,3,0,1,1,0,6,17,18,0.5697620933927541
2532,154.74,1,232,3.1,0.056402,1,35,2,0,0,1,0,7,23,17,0.5141667011085812
2533,154.76,0,22,-0.4,0.056374,0,11,0,0,1,1,0,4,3,2,1.0736733408598058
2534,154.8,0,43,6.3,0.056345,0,17,1,0,1,1,0,1,6,4,0.6115351236342852
2535,154.82,0,29,-0.5,0.056317,0,9,1,0,1,1,0,1,4,6,0.5015753495810322
2536,154.88,3,70,20.1,0.056289,3,20,3,0,1,1,0,2,8,9,0.6879369234292619
2537,154.91,0,47,2.9,0.056261,0,14,0,0,1,1,0,1,6,4,0.4580988177987613
2538,154.93,0,21,-0.5,0.056233,0,7,0,0,1,1,0,0,3,4,0.5213360050617336
2539,154.96,1,41,11.1,0.056205,1,16,1,0,1,1,0,0,5,8,0.6342130783165539
2540,155.09,1,113,14.2,0.056177,1,33,0,0,1,1,0,6,14,15,0.6423429844203261
2541,155.1,0,5,-2.7,0.056148,0,4,0,0,1,1,0,1,1,2,2.422413880340367
2542,155.11,0,21,1.7,0.05612,0,9,0,0,1,1,0,0,3,2,0.560526272739586
2543,155.12,0,14,-3.6,0.056092,0,5,0,0,1,1,0,2,2,2,0.42651689309763896
2544,155.13,1,16,2.3,0.056064,1,5,1,0,1,1,0,1,2,1,0.571178227555456
2545,155.13,0,6,-4.6,0.056036,0,2,0,0,1,1,0,1,1,0,0.28471536465017805
2546,155.29,1,137,2.0,0.056008,1,21,3,0,0,1,0,4,14,13,0.6037777083465486
2547,155.35,1,57,11.8,0.05598,1,19,1,0,1,1,0,1,7,5,0.808742645801212
2548,155.51,8,169,4.9,0.055952,3,17,4,1,1,1,0,4,20,12,0.518900755332089
2549,155.58,2,68,20.1,0.055924,2,27,3,0,1,1,0,4,9,11,0.7315544782983963
2550,155.66,1,71,15.4,0.055896,1,25,1,0,1,1,0,2,9,5,0.5620773343608114
2551,155.94,3,216,17.4,0.055868,3,39,2,0,1,1,0,8,23,20,0.5516398515610517
2552,155.95,0,14,-4.7,0.05584,0,5,0,0,1,1,0,3,2,3,0.6324958124632261
2553,156.01,0,59,1.2,0.055813,0,14,0,0,0,1,0,1,7,9,0.772981139127943
2554,156.03,0,28,3.7,0.055785,0,12,0,0,1,1,0,0,4,5,0.4842129793838987
2555,156.1,0,89,6.2,0.055757,0,23,1,0,0,1,0,2,11,9,0.616522553202327
2556,156.28,3,143,13.4,0.055729,3,26,4,0,0,1,0,7,15,13,0.7718030577034641
2557,156.37,1,98,8.0,0.055701,1,23,3,0,1,1,0,4,11,12,0.6715272219169927
2558,156.46,2,87,12.8,0.055673,2,23,3,0,1,1,0,6,10,5,0.4825766448225084
2559,156.53,1,65,11.6,0.055645,1,21,1,0,1,1,0,2,8,9,0.609531722945304
2560,156.57,1,53,6.3,0.055617,1,14,1,0,1,1,0,2,7,4,0.8408161886647508
2561,156.71,3,101,21.9,0.05559,3,24,3,0,1,1,0,1,12,10,0.5612293619509428
2562,156.9,8,223,13.5,0.055562,3,32,3,1,1,1,0,4,25,22,0.6150108035469689
2563,156.91,1,17,3.3,0.055534,1,5,1,0,1,1,0,0,2,0,0.6038896402095135
2564,157.15,2,282,9.6,0.055506,2,41,2,0,1,1,0,6,32,22,0.4935511270093011
2565,157.15,0,6,-4.6,0.055479,0,2,0,0,1,1,0,1,1,0,0.3903403004735175
2566,157.17,0,21,-1.4,0.055451,0,9,0,0,1,1,0,3,3,3,0.48691724501955025
2567,157.27,2,110,19.3,0.055423,2,28,2,0,1,1,0,2,13,7,0.6234896536471459
2568,157.33,2,60,16.0,0.055395,2,21,2,0,1,1,0,3,7,10,0.8775660788524385
2569,157.33,0,13,-2.4,0.055368,0,6,1,0,1,1,0,2,2,1,0.5076401295659969
2570,157.35,0,15,-2.8,0.05534,0,6,0,0,1,1,0,2,2,3,0.5538791933363841
2571,157.38,0,36,-1.0,0.055312,0,9,0,0,1,1,0,1,5,4,0.3909702222195798
2572,157.53,2,124,17.7,0.055285,2,29,3,0,1,1,0,3,14,9,0.6729421613774328
2573,157.55,0,28,-1.2,0.055257,0,9,0,0,1,1,0,2,4,4,0.7635108543468601
2574,157.57,0,20,-0.3,0.055229,0,9,0,0,1,1,0,2,3,3,0.5120580801532385
2575,157.58,0,14,-2.5,0.055202,0,5,1,0,1,1,0,1,2,1,0.31957005436293906
2576,157.71,1,146,10.5,0.055174,1,29,1,0,1,1,0,3,18,9,0.610729510627283
2577,157.98,2,244,0.2,0.055147,2,31,2,0,1,1,0,10,28,14,0.43709897800104924
2578,158.18,2,172,7.1,0.055119,2,32,3,0,1,1,0,11,19,17,0.7211590058312904
2579,158.21,0,27,3.9,0.055091,0,13,0,0,1,1,0,1,4,4,0.533404206290883
2580,158.26,2,56,10.9,0.055064,2,17,2,0,1,1,0,5,6,5,0.8266577540895153
2581,158.27,0,14,-0.6,0.055036,0,6,0,0,1,1,0,0,2,2,0.30019582962728475
2582,158.35,1,96,8.7,0.055009,1,23,2,0,1,1,0,4,11,7,0.7051213657292005
2583,158.39,1,34,8.3,0.054981,1,12,3,0,1,1,0,0,4,3,0.5937951509300115
2584,158.5,4,103,16.7,0.054954,4,24,5,0,0,1,0,11,11,10,0.9001061435091742
2585,158.56,2,54,21.9,0.054926,2,25,2,0,1,1,0,2,7,7,0.8379765748452632
2586,158.6,2,53,9.4,0.054899,2,12,2,0,1,1,0,2,6,3,0.5783246714467507
2587,158.66,1,79,12.3,0.054871,1,23,0,0,1,1,0,2,10,8,0.6303432668106786
2588,158.78,5,112,31.7,0.054844,5,28,4,0,1,1,0,4,12,11,0.7560728438262058
2589,158.84,2,58,9.3,0.054817,2,15,2,0,1,1,0,4,7,9,1.200830195227866
2590,158.87,0,29,3.8,0.054789,0,12,0,0,1,1,0,0,4,3,0.5747020308588278
2591,158.89,0,28,-2.0,0.054762,0,10,0,0,1,1,0,4,4,2,0.7787332722063384
2592,158.92,1,29,3.8,0.054734,1,7,1,0,1,1,0,0,4,3,0.4657389134731454
2593,158.98,2,70,13.4,0.054707,2,17,3,0,1,1,0,1,8,6,0.5572969020120189
2594,159.05,1,78,7.5,0.05468,1,17,1,0,0,1,0,1,10,7,0.7209809506952113
2595,159.07,0,28,0.8,0.054652,0,9,1,0,1,1,0,0,4,4,0.3006195358937184
2596,159.15,3,86,19.5,0.054625,3,22,4,0,1,1,0,3,10,9,0.7773776723537238
2597,159.21,4,69,29.8,0.054598,4,24,3,0,1,1,0,2,8,3,1.0257213794215876
2598,159.28,2,78,12.3,0.05457,2,18,1,0,0,1,0,2,9,9,0.7846731316418621
2599,159.55,2,331,-2.3,0.054543,2,41,2,0,0,1,0,12,39,32,0.5149246353514452
2600,159.66,2,107,9.6,0.054516,2,18,1,0,1,1,0,2,12,7,0.5923173204855938
2601,159.67,0,6,-5.6,0.054489,0,1,0,0,1,1,0,1,1,0,0.22771182422438718
2602,159.7,1,42,7.4,0.054461,1,12,1,0,1,1,0,0,5,4,0.546312790467408
2603,159.81,1,123,-5.1,0.054434,1,14,2,0,1,1,0,6,15,8,0.7396092853543471
2604,159.93,1,127,18.8,0.054407,1,35,2,0,1,1,0,2,14,15,0.6377505260898024
2605,160.01,4,92,31.8,0.05438,4,33,5,0,1,1,0,6,10,10,0.8224152822614599
2606,160.1,0,91,1.2,0.054353,0,18,0,0,1,1,0,2,12,7,0.5853037037509541
2607,160.14,1,41,6.5,0.054325,1,12,0,0,1,1,0,1,5,4,0.8958946571066256
2608,160.15,0,13,-3.3,0.054298,0,4,0,0,1,1,0,1,2,0,0.33962165428415275
2609,160.15,0,7,-3.7,0.054271,0,2,0,0,1,1,0,0,1,0,0.23130967108906247
2610,160.42,3,201,3.4,0.054244,3,23,2,0,1,1,0,8,24,15,0.6222374905217903
2611,160.58,0,148,-11.7,0.054217,0,17,0,0,0,1,0,8,17,9,0.5553017445930648
2612,160.63,1,50,10.5,0.05419,1,18,1,0,1,1,0,2,7,5,0.5962378041723987
2613,160.81,4,195,41.8,0.054163,4,53,4,0,1,1,0,5,23,17,0.6057573062465268
2614,160.82,0,13,1.4,0.054136,0,8,1,0,1,1,0,0,2,3,0.760799866129296
2615,160.85,0,42,2.3,0.054108,0,15,2,0,1,1,0,3,6,5,0.4179028935533058
2616,160.88,0,28,1.8,0.054081,0,11,0,0,1,1,0,1,4,4,0.5661665160724861
2617,160.9,0,27,-1.0,0.054054,0,9,0,0,1,1,0,2,4,3,0.46817792386524987
2618,161.04,2,144,15.8,0.054027,2,36,3,0,0,1,0,9,15,18,0.7748444564422616
2619,161.11,1,90,5.6,0.054,1,20,1,0,1,1,0,5,11,4,0.7220612739130025
2620,161.39,2,220,1.8,0.053973,2,27,2,0,1,1,0,7,15,12,0.5146801616529796
2621,161.48,3,96,27.4,0.053946,3,29,3,0,1,1,0,1,11,10,0.6769198405925998
2622,161.53,2,49,10.6,0.053919,2,11,2,0,1,1,0,0,6,5,0.9685742445802434
2623,161.59,3,73,19.1,0.053892,3,18,4,0,1,1,0,1,9,6,0.7048059707613906
2624,161.68,1,95,2.7,0.053865,1,15,0,0,1,1,0,2,12,8,0.4635177005155079
2625,161.77,2,90,13.3,0.053839,2,22,3,0,1,1,0,4,11,7,0.6636065052006168
2626,161.92,1,215,-11.9,0.053812,1,22,2,0,1,1,0,11,24,14,0.5704439624110673
2627,161.93,0,6,-2.7,0.053785,0,3,0,0,1,1,0,0,1,1,0.4196218011056754
2628,161.94,0,14,-1.6,0.053758,0,5,1,0,1,1,0,0,2,2,0.31680128522271467
2629,162.1,0,146,15.5,0.053731,0,40,2,0,1,1,0,3,18,19,0.5092029814795932
2630,162.32,6,307,-1.3,0.053704,1,40,1,1,1,1,0,8,36,26,0.5749737369905825
2631,162.39,2,74,13.7,0.053677,2,20,2,0,1,1,0,3,8,9,0.9203223813300806
2632,162.45,1,62,10.4,0.05365,1,21,3,0,1,1,0,4,8,4,0.6397316416239269
2633,162.51,1,68,5.5,0.053624,1,18,1,0,0,1,0,5,8,7,0.7948944569716445
2634,162.63,4,108,23.4,0.053597,4,22,4,0,1,1,0,2,11,8,0.7069081494862343
2635,162.64,0,20,1.7,0.05357,0,10,1,0,1,1,0,1,3,3,0.9947820726959762
2636,162.71,2,72,17.1,0.053543,2,21,3,0,1,1,0,1,9,7,0.5776097289872448
2637,162.77,0,58,6.7,0.053516,0,19,0,0,1,1,0,1,8,5,0.4521916578605425
2638,162.79,0,29,-0.1,0.05349,0,11,1,0,1,1,0,3,4,2,0.4791657767980766
2639,162.8,0,14,-3.5,0.053463,0,4,1,0,1,1,0,1,2,1,0.20400828235957277
2640,162.89,0,84,11.5,0.053436,0,27,0,0,1,1,0,1,10,11,0.5316965968242523
2641,162.98,6,89,18.4,0.053409,1,29,0,1,1,1,0,1,10,7,0.5151815342927804
2642,163.13,3,131,6.3,0.053383,3,18,3,0,1,1,0,8,15,6,0.5484347614489428
2643,163.2,1,78,10.7,0.053356,1,23,2,0,1,1,0,4,9,5,0.5777987603950091
2644,163.31,3,124,15.3,0.053329,3,23,3,0,1,1,0,4,14,13,0.9249796183388866
2645,163.59,2,215,10.4,0.053303,2,39,2,0,0,1,0,10,23,21,0.547562653025723
2646,163.62,1,43,8.3,0.053276,1,13,1,0,1,1,0,0,5,4,0.4698120978228152
2647,163.69,1,67,10.6,0.053249,1,21,2,0,1,1,0,3,8,7,0.7490476118957894
2648,163.72,2,32,10.4,0.053223,2,11,2,0,1,1,0,2,4,4,0.9424675899550778
2649,163.83,2,110,28.0,0.053196,2,37,3,0,1,1,0,2,13,10,0.5572197904390475
2650,163.85,1,26,8.3,0.05317,1,12,2,0,1,1,0,1,3,1,0.9326745293818139
2651,164.08,1,400,-42.4,0.053143,1,34,1,0,0,0,1,39,47,23,0.925264928062244
2652,164.32,6,294,11.2,0.053116,6,27,4,0,1,1,0,9,27,24,0.5605296069358582
2653,164.42,1,98,17.5,0.05309,1,31,3,0,1,1,0,3,12,7,0.6038530707683264
2654,164.46,2,53,14.3,0.053063,2,15,3,0,1,1,0,0,6,4,0.7605238458407559
2655,164.49,0,42,3.4,0.053037,0,15,1,0,1,1,0,2,6,4,0.5371574298255826
2656,164.81,2,400,-5.5,0.05301,2,42,5,0,0,0,1,15,45,24,0.5976440780816297
2657,164.83,0,18,1.0,0.052984,0,8,1,0,1,1,0,0,2,2,0.7844447339497296
2658,165.02,1,141,8.4,0.052957,1,29,1,0,0,1,0,5,15,15,0.4760634638732978
2659,165.09,3,71,20.0,0.052931,3,21,3,0,1,1,0,3,8,9,0.6225134339049839
2660,165.44,4,340,6.0,0.052904,4,35,4,0,1,1,0,7,34,30,0.5374515550698559
2661,165.49,2,43,11.3,0.052878,2,13,2,0,1,1,0,2,5,4,0.7087774831690538
2662,165.5,0,14,-2.7,0.052851,0,5,0,0,1,1,0,1,2,3,0.4681605269676194
2663,165.59,2,126,-1.5,0.052825,2,17,2,0,1,1,0,10,14,9,0.7426096306915878
2664,165.62,2,26,11.3,0.052799,2,10,2,0,1,1,0,1,3,1,0.7906734953532986
2665,165.68,1,54,6.8,0.052772,1,17,1,0,1,1,0,4,7,8,0.5925477298737656
2666,165.74,2,67,13.8,0.052746,2,18,3,0,1,1,0,2,9,5,0.7674079167232637
2667,165.92,5,145,28.9,0.052719,5,29,5,0,1,1,0,4,15,16,0.7106737209397507
2668,165.99,2,81,11.4,0.052693,2,17,2,0,1,1,0,2,10,5,0.7034977078414743
2669,166.13,1,149,7.0,0.052667,1,28,1,0,1,1,0,5,17,11,0.5050675045666704
2670,166.15,0,20,2.8,0.05264,0,11,0,0,1,1,0,1,3,2,0.7090115278911879
2671,166.18,1,42,5.3,0.052614,1,13,1,0,1,1,0,3,6,5,0.6881106272415531
2672,166.25,0,84,-6.3,0.052588,0,15,0,0,0,1,0,7,8,9,0.7633166463374362
2673,166.34,2,92,4.4,0.052561,2,18,2,0,1,1,0,9,10,4,0.709743666436073
2674,166.4,1,60,19.1,0.052535,1,26,0,0,1,1,0,0,8,9,0.8108504910946983
2675,166.52,1,116,6.6,0.052509,1,22,1,0,0,1,0,3,14,8,0.6191189501596822
2676,166.58,0,65,-4.8,0.052483,0,11,0,0,1,1,0,4,8,3,0.5221022883259171
2677,166.59,0,21,-1.2,0.052456,0,7,0,0,1,1,0,1,3,1,0.39482224475218397
2678,166.69,3,260,-9.6,0.05243,3,17,3,0,1,1,0,9,29,16,0.4917591651594644
2679,166.82,2,116,8.8,0.052404,2,19,2,0,1,1,0,3,15,6,0.5315562288252674
2680,166.97,4,189,17.1,0.052378,4,28,4,0,1,1,0,6,22,10,0.5634697841272664
2681,166.99,2,33,11.4,0.052352,2,10,2,0,1,1,0,0,4,3,0.8775307364775634
2682,167.1,2,107,13.3,0.052325,2,23,1,0,1,1,0,3,12,10,0.7111575022049428
2683,167.16,0,69,8.5,0.052299,0,21,0,0,1,1,0,0,9,6,0.5276442192229314
2684,167.32,1,185,-7.0,0.052273,1,17,1,0,1,1,0,5,21,5,0.45336473489835066
2685,167.56,8,278,0.9,0.052247,3,29,3,1,1,1,0,8,33,23,0.522726692971662
2686,167.58,1,35,9.1,0.052221,1,17,1,0,1,1,0,4,5,4,0.8006156084612644
2687,167.6,1,21,5.8,0.052195,1,8,1,0,1,1,0,0,3,1,0.5268264860383846
2688,167.71,2,116,12.2,0.052169,2,23,2,0,1,1,0,3,13,12,0.6764431974305416
2689,167.8,3,95,24.3,0.052143,3,28,3,0,1,1,0,3,11,12,0.76382464273546
2690,167.84,2,43,11.4,0.052116,2,12,4,0,1,1,0,1,5,3,0.6336939305159289
2691,167.85,0,13,2.5,0.05209,0,9,0,0,1,1,0,0,2,2,0.7368643590294008
2692,168.14,1,244,0.0,0.052064,1,32,1,0,1,1,0,6,28,16,0.46809998178736434
2693,168.3,1,142,1.5,0.052038,1,22,1,0,1,1,0,5,16,13,0.5555220716925212
2694,168.37,1,70,1.2,0.052012,1,18,1,0,1,1,0,9,9,8,0.6515162790630435
2695,168.77,1,304,-9.2,0.051986,1,36,2,0,1,1,0,13,35,18,0.4818445664900426
2696,168.83,2,57,4.9,0.05196,2,9,2,0,1,1,0,3,6,4,0.6197229387137115
2697,169.01,5,177,22.8,0.051934,5,27,1,0,1,1,0,5,19,15,0.510364067893721
2698,169.06,1,51,4.7,0.051908,1,14,2,0,1,1,0,4,6,2,0.634830969667094
2699,169.4,4,245,17.4,0.051882,4,37,4,0,0,1,0,8,27,21,0.7837806255281294
2700,169.44,2,42,11.4,0.051856,2,12,2,0,1,1,0,1,5,4,0.6929545187961946
2701,169.46,0,27,0.9,0.051831,0,10,1,0,1,1,0,1,4,4,0.42533396849433097
2702,169.55,4,118,25.7,0.051805,4,28,4,0,1,1,0,4,12,15,0.5246798452770514
2703,169.61,4,56,14.8,0.051779,4,11,3,0,0,1,0,5,5,6,0.8630990667451738
2704,169.85,12,311,-6.2,0.051753,2,30,1,2,1,1,0,8,33,21,0.5043475688571295
2705,170.21,3,281,-10.7,0.051727,3,17,3,0,0,1,0,8,29,16,0.5230892082883446
2706,170.44,3,204,-4.4,0.051701,3,15,2,0,1,1,0,8,24,10,0.5747898213749473
2707,170.68,0,191,-3.4,0.051675,0,27,0,0,0,1,0,5,20,13,0.451378954582182
2708,170.75,0,73,-2.9,0.051649,0,12,0,0,1,1,0,2,9,6,0.42333595635765614
2709,170.8,0,56,-0.1,0.051624,0,13,0,0,0,1,0,2,7,5,0.6039937921653294
2710,170.88,3,90,14.4,0.051598,3,21,3,0,1,1,0,7,11,6,0.7729258005843638
2711,171.01,0,133,16.1,0.051572,0,36,2,0,1,1,0,0,17,16,0.5757975825377009
2712,171.03,0,28,3.7,0.051546,0,12,0,0,1,1,0,0,4,5,0.44514476294296196
2713,171.06,0,34,-4.9,0.05152,0,9,0,0,0,1,0,5,4,5,0.8429760656594221
2714,171.08,1,23,4.5,0.051495,1,10,1,0,1,1,0,3,3,2,0.739488351943944
2715,171.18,1,100,13.2,0.051469,1,25,1,0,1,1,0,1,13,8,0.6588010696557691
2716,171.37,2,210,5.7,0.051443,2,31,2,0,0,1,0,7,24,23,0.5951155299939034
2717,171.45,2,77,11.6,0.051417,2,16,1,0,1,1,0,1,9,7,0.8370887457661895
2718,171.52,1,60,5.6,0.051392,1,14,1,0,1,1,0,2,7,4,0.5191152048295435
2719,171.56,0,52,3.4,0.051366,0,17,0,0,1,1,0,3,7,4,0.5479042174649729
2720,171.61,1,56,7.7,0.05134,1,17,1,0,1,1,0,3,7,7,0.4449010847254976
2721,171.84,0,241,-9.8,0.051315,0,28,0,0,1,1,0,7,29,17,0.4751134496237631
2722,171.92,1,84,8.7,0.051289,1,23,1,0,1,1,0,5,8,9,0.6879780584550056
2723,172.02,1,90,14.1,0.051263,1,28,1,0,1,1,0,4,11,9,0.580246054473307
2724,172.04,0,22,-2.3,0.051238,0,7,0,0,1,1,0,2,3,1,0.5562144864566151
2725,172.06,0,36,2.8,0.051212,0,15,0,0,1,1,0,3,5,6,0.5679707373441993
2726,172.09,1,32,4.4,0.051187,1,8,1,0,1,1,0,0,4,4,0.6739763746549106
2727,172.37,1,384,-19.9,0.051161,1,38,1,0,0,0,1,22,40,24,0.680662643029197
2728,172.38,0,13,-1.5,0.051135,0,6,0,0,1,1,0,1,2,2,0.5862463433761106
2729,172.39,0,21,0.6,0.05111,0,9,1,0,1,1,0,1,3,3,0.3573324998965311
2730,172.49,2,90,10.0,0.051084,2,18,2,0,1,1,0,3,11,10,0.7666547086285954
2731,172.54,0,45,-1.9,0.051059,0,16,0,0,1,1,0,8,5,4,1.0076479199048691
2732,172.59,4,60,22.7,0.051033,4,16,3,0,1,1,0,2,7,3,0.822194985892225
2733,172.64,2,66,10.7,0.051008,2,15,1,0,0,1,0,2,8,7,0.8944753766660808
2734,172.86,2,166,2.9,0.050982,2,28,2,0,1,1,0,12,19,15,0.9427219877012493
2735,173.36,2,400,-22.2,0.050957,2,27,1,0,0,0,1,17,43,21,0.6681531920377154
2736,173.46,1,98,19.9,0.050931,1,35,1,0,1,1,0,4,13,13,0.7367479664420239
2737,173.46,0,7,-3.7,0.050906,0,2,0,0,1,1,0,0,1,0,0.28009317749507734
2738,173.5,1,50,12.7,0.05088,1,19,1,0,1,1,0,1,7,3,0.6283472730928674
2739,173.55,2,51,9.5,0.050855,2,13,2,0,1,1,0,3,6,4,0.721899998275903
2740,173.63,1,72,5.4,0.050829,1,18,0,0,1,1,0,5,9,4,0.7015784385699178
2741,173.67,0,52,-2.1,0.050804,0,12,0,0,1,1,0,3,7,9,0.8230689292117729
2742,173.97,2,239,6.7,0.050779,2,34,3,0,1,1,0,6,24,24,0.5999072351416747
2743,174.04,5,123,13.3,0.050753,0,37,3,1,1,1,0,5,14,14,0.6278997072972035
2744,174.37,8,264,8.8,0.050728,3,38,3,1,1,1,0,11,29,18,0.7828439169123265
2745,174.4,1,27,6.2,0.050702,1,11,2,0,1,1,0,2,3,1,0.6390433310612776
2746,174.42,0,30,-1.2,0.050677,0,7,0,0,1,1,0,0,4,2,0.475947650327347
2747,174.48,0,68,3.4,0.050652,0,18,0,0,0,1,0,2,9,8,0.658404182190781
2748,174.56,3,79,25.1,0.050626,3,25,3,0,1,1,0,1,8,10,0.6762407596253847
2749,174.58,0,22,-2.3,0.050601,0,7,0,0,1,1,0,2,3,1,1.0636398991135179
2750,174.69,1,111,11.1,0.050576,1,26,0,0,1,1,0,3,14,8,0.49326888959610493
2751,174.79,0,104,-6.8,0.050551,0,16,0,0,1,1,0,7,13,4,0.5668213893407342
2752,174.91,4,143,25.4,0.050525,4,31,3,0,1,1,0,5,15,13,0.6548365137018589
2753,174.98,0,76,6.4,0.0505,0,22,1,0,1,1,0,2,10,10,0.48339522451527894
2754,175.08,2,112,15.1,0.050475,2,23,2,0,1,1,0,1,14,7,0.5099596599280768
2755,175.11,0,45,4.1,0.05045,0,14,0,0,1,1,0,0,6,4,0.5002467989496315
2756,175.16,0,50,-1.4,0.050424,0,9,1,0,1,1,0,0,6,4,0.525163730297715
2757,175.19,1,31,9.6,0.050399,1,13,1,0,1,1,0,0,4,3,0.6244190805366453
2758,175.23,0,49,1.6,0.050374,0,17,0,0,1,1,0,5,7,5,0.5762273179355164
2759,175.26,1,34,10.2,0.050349,1,14,1,0,1,1,0,0,4,4,0.7829750249805114
2760,175.4,1,123,8.8,0.050324,1,27,1,0,1,1,0,5,15,9,0.5918215208720874
2761,175.56,2,143,-6.0,0.050298,2,17,3,0,1,1,0,12,16,17,0.895303063396049
2762,175.6,0,43,6.2,0.050273,0,16,0,0,1,1,0,0,6,5,0.5172202716532527
2763,175.65,1,65,8.9,0.050248,1,17,1,0,1,1,0,1,8,6,0.7124614216829369
2764,175.87,1,206,-7.9,0.050223,1,23,1,0,0,1,0,9,23,13,0.527331137344356
2765,175.89,1,31,6.7,0.050198,1,11,1,0,1,1,0,1,4,2,0.6935008974745943
2766,175.96,2,76,9.0,0.050173,2,15,2,0,1,1,0,3,9,4,0.4681725030963883
2767,175.97,0,15,-3.6,0.050148,0,5,0,0,1,1,0,2,2,1,0.41886655734770784
2768,176.0,0,28,0.6,0.050123,0,9,0,0,1,1,0,0,4,6,0.43024978609834275
2769,176.01,0,21,-0.5,0.050098,0,8,0,0,1,1,0,1,3,4,0.8125084889773723
2770,176.14,2,116,9.5,0.050072,2,21,2,0,0,1,0,4,14,9,0.6689758502990896
2771,176.19,2,59,11.6,0.050047,2,14,3,0,0,1,0,1,7,5,0.6220144328827164
2772,176.28,0,101,-5.3,0.050022,0,15,0,0,1,1,0,4,13,12,0.4243166222831413
2773,176.53,1,212,-4.1,0.049997,1,25,1,0,1,1,0,6,22,19,0.5111911427489676
2774,176.55,1,24,7.3,0.049972,1,11,1,0,1,1,0,1,3,3,0.6453718467412966
2775,176.63,0,74,3.8,0.049947,0,19,1,0,1,1,0,2,10,8,0.591948608830159
2776,176.83,1,240,-17.3,0.049922,1,21,1,0,1,1,0,13,26,13,0.5664319408983399
2777,176.98,1,138,1.9,0.049897,1,23,1,0,1,1,0,6,17,13,0.6010589979245983
2778,177.0,1,27,1.2,0.049873,1,6,1,0,1,1,0,2,3,1,0.6304845920448665
2779,177.03,0,31,1.5,0.049848,0,10,0,0,1,1,0,0,4,4,0.6178226021325933
2780,177.12,1,102,11.9,0.049823,1,24,2,0,0,1,0,1,13,9,0.6189417875377291
2781,177.23,0,109,4.8,0.049798,0,24,1,0,0,1,0,2,15,13,0.7462445075024706
2782,177.24,0,13,1.5,0.049773,0,9,1,0,1,1,0,1,2,2,0.7030534099068753
2783,177.32,1,82,13.3,0.049748,1,26,1,0,1,1,0,4,11,5,0.6338571844905818
2784,177.36,1,49,7.3,0.049723,1,13,3,0,1,1,0,0,6,8,0.46413616881441505
2785,177.38,0,31,1.6,0.049698,0,11,0,0,0,1,0,1,4,3,0.8661517619192041
2786,177.44,1,58,2.7,0.049673,1,12,0,0,1,1,0,3,8,5,0.8637705257479276
2787,177.55,2,96,3.8,0.049649,2,15,1,0,1,1,0,6,11,6,0.6832072465710609
2788,177.74,2,142,14.0,0.049624,2,29,2,0,0,1,0,5,15,8,0.5799735074058318
2789,177.79,2,54,4.1,0.049599,2,8,2,0,1,1,0,3,6,5,0.7336594468537674
2790,177.83,1,47,12.7,0.049574,1,19,1,0,1,1,0,1,6,6,0.701863901927418
2791,177.84,0,15,-3.6,0.049549,0,5,0,0,1,1,0,2,2,1,0.37340077660010423
2792,177.96,2,100,13.9,0.049525,2,23,3,0,1,1,0,3,12,11,0.6658306359681165
2793,178.0,0,43,5.1,0.0495,0,16,0,0,1,1,0,1,6,6,0.49307326592116346
2794,178.13,3,169,12.3,0.049475,3,25,3,0,1,1,0,4,17,18,0.6998569079297436
2795,178.21,2,101,9.3,0.04945,2,19,2,0,1,1,0,4,13,6,0.6987201083947392
2796,178.27,1,65,4.9,0.049426,1,19,2,0,1,1,0,7,8,6,0.6507121371450176
2797,178.47,2,157,2.7,0.049401,2,20,1,0,1,1,0,5,17,16,0.72261934646993
2798,178.51,0,41,3.5,0.049376,0,14,1,0,1,1,0,1,6,4,0.605279138318378
2799,178.51,0,6,-4.6,0.049351,0,2,1,0,1,1,0,1,1,0,0.25131024666171814
2800,178.61,1,114,7.5,0.049327,1,25,1,0,1,1,0,5,14,11,0.5599045245623606
2801,178.64,0,30,-2.3,0.049302,0,9,1,0,1,1,0,3,4,3,0.462307343149034
2802,178.84,5,188,29.9,0.049277,5,31,4,0,1,1,0,1,21,13,0.7103903802367681
2803,178.93,2,105,15.9,0.049253,2,24,1,0,1,1,0,1,12,16,0.7862515619722029
2804,178.99,1,76,9.5,0.049228,1,21,2,0,1,1,0,3,9,9,0.6618019269935386
2805,179.02,0,29,3.6,0.049204,0,12,1,0,1,1,0,0,4,5,0.4197042132428486
2806,179.04,2,38,7.9,0.049179,2,9,2,0,1,1,0,2,5,3,0.5982150627750125
2807,179.29,2,221,6.9,0.049154,2,29,1,0,1,1,0,3,24,20,0.4549953736071782
2808,179.37,1,85,9.4,0.04913,1,24,2,0,1,1,0,5,11,11,0.5798652171472176
2809,179.45,2,83,2.4,0.049105,2,12,3,0,1,1,0,6,11,3,0.6949029482305725
2810,179.98,2,400,-8.9,0.049081,2,26,2,0,0,0,1,3,44,18,0.3834005425891025
2811,180.24,3,186,11.0,0.049056,3,26,2,0,1,1,0,5,21,14,0.8185539607744922
2812,180.29,0,45,-1.9,0.049032,0,11,0,0,1,1,0,3,6,4,0.7584082012703289
2813,180.29,0,8,-3.8,0.049007,0,3,0,0,1,1,0,1,1,0,0.4915158094823231
2814,180.47,6,189,27.2,0.048983,6,28,3,0,1,1,0,5,19,19,0.6058438024433895
2815,180.59,1,117,10.1,0.048958,1,27,2,0,1,1,0,4,15,12,0.656764027793961
2816,180.64,1,43,11.1,0.048934,1,17,2,0,1,1,0,1,5,6,0.6197791215535362
2817,180.69,0,59,4.5,0.048909,0,17,0,0,1,1,0,1,8,6,0.4626045329277638
2818,180.8,2,105,20.3,0.048885,2,31,3,0,0,1,0,4,11,12,1.0809978660323747
2819,180.83,1,40,3.7,0.04886,1,12,1,0,1,1,0,4,5,3,0.7287780064534723
2820,180.83,0,6,-2.7,0.048836,0,3,0,0,1,1,0,0,1,1,0.5816398480667551
2821,180.87,0,60,0.6,0.048811,0,14,0,0,1,1,0,2,8,4,0.43242466955737885
2822,180.91,0,34,2.3,0.048787,0,13,0,0,1,1,0,2,5,3,0.6182595621314515
2823,181.26,9,305,6.9,0.048763,4,28,4,1,1,1,0,4,33,16,0.5354794018636171
2824,181.32,3,69,20.3,0.048738,3,20,2,0,1,1,0,2,9,8,0.7179735065875599
2825,181.69,2,400,-13.0,0.048714,2,36,2,0,0,0,1,16,47,29,0.6428785415234465
2826,181.77,2,84,5.4,0.04869,2,13,2,0,1,1,0,4,10,2,0.6819015847563293
2827,181.88,3,106,18.7,0.048665,3,24,4,0,0,1,0,4,13,7,0.7033983222718613
2828,181.95,4,88,21.2,0.048641,4,18,4,0,1,1,0,2,10,10,0.9221326245774613
2829,181.97,0,29,-0.2,0.048617,0,10,0,0,1,1,0,2,4,3,0.4603406976475439
2830,182.02,2,45,13.1,0.048592,2,15,1,0,1,1,0,2,6,4,0.6340622050163958
2831,182.06,0,46,-1.0,0.048568,0,13,0,0,1,1,0,4,6,4,0.5128790715280201
2832,182.23,6,146,7.8,0.048544,1,27,1,1,1,1,0,3,16,16,0.6871156975624664
2833,182.38,7,173,17.9,0.048519,2,34,1,1,1,1,0,2,19,18,0.5095017047016711
2834,182.53,4,201,20.1,0.048495,4,33,4,0,1,1,0,6,22,18,0.7079048102144235
2835,182.55,0,21,-0.3,0.048471,0,9,2,0,1,1,0,2,3,2,0.5577839064840983
2836,182.63,2,82,13.0,0.048447,2,21,2,0,1,1,0,4,10,8,0.6171792128166838
2837,182.64,0,6,-4.6,0.048422,0,2,0,0,1,1,0,1,1,0,0.24657896187711792
2838,182.65,0,14,-2.5,0.048398,0,5,0,0,1,1,0,1,2,1,0.26089376115056295
2839,182.67,0,30,-4.3,0.048374,0,5,0,0,1,1,0,1,4,3,0.4075786366444564
2840,182.77,2,96,4.6,0.04835,2,17,3,0,1,1,0,7,11,8,0.5502394142960402
2841,182.88,1,112,22.6,0.048326,1,37,1,0,1,1,0,2,15,12,0.7144670711753351
2842,182.89,0,13,-2.4,0.048301,0,4,0,0,1,1,0,0,2,1,0.5069719823096983
2843,182.97,0,95,-2.4,0.048277,0,20,0,0,0,1,0,7,12,9,0.7624405640924543
2844,182.98,0,6,-4.9,0.048253,0,1,0,0,1,1,0,0,1,3,1.39887171660953
2845,183.04,2,72,15.6,0.048229,2,23,2,0,1,1,0,4,10,12,0.9848795495947561
2846,183.09,6,67,4.8,0.048205,1,16,0,1,1,1,0,4,8,5,0.5893599016562199
2847,183.09,0,6,-4.6,0.048181,0,2,0,0,1,1,0,1,1,0,0.27420965515982426
2848,183.1,0,6,-3.6,0.048157,0,3,0,0,1,1,0,1,1,0,0.43735627051095566
2849,183.11,1,24,2.3,0.048133,1,7,1,0,1,1,0,2,3,3,0.6484154418697101
2850,183.13,0,21,1.3,0.048109,0,10,0,0,1,1,0,1,3,6,1.010211874346196
2851,183.2,2,82,20.5,0.048085,2,27,0,0,0,1,0,2,10,13,0.7607109666169992
2852,183.26,3,78,36.9,0.048061,3,37,4,0,1,1,0,1,10,13,1.0634258023193355
2853,183.39,4,113,21.0,0.048036,4,24,3,0,0,1,0,6,13,7,0.7964743160173651
2854,183.44,1,53,4.9,0.048012,1,14,1,0,1,1,0,3,7,8,0.43939175187472496
2855,183.48,0,44,1.1,0.047988,0,14,1,0,1,1,0,3,6,5,0.5551226299069092
2856,183.98,2,241,-5.2,0.047964,2,27,2,0,1,1,0,11,29,21,0.5516291286905829
2857,184.06,1,80,11.8,0.04794,1,25,1,0,1,1,0,4,10,12,0.7457419150320372
2858,184.19,4,181,30.3,0.047917,4,40,4,0,1,1,0,5,20,16,0.7412907886737025
2859,184.21,0,28,6.5,0.047893,0,15,1,0,1,1,0,0,4,7,0.6537810471797271
2860,184.29,1,91,17.8,0.047869,1,28,1,0,0,1,0,0,12,11,0.8045626237060578
2861,184.31,0,28,-2.1,0.047845,0,10,1,0,1,1,0,4,4,3,0.6605473268670178
2862,184.84,0,400,-26.0,0.047821,0,29,1,0,0,0,1,13,42,19,0.45768145735655646
2863,184.85,0,28,-0.2,0.047797,0,9,1,0,1,1,0,1,4,4,0.608040364213991
2864,184.92,2,72,8.9,0.047773,2,16,2,0,1,1,0,4,9,9,0.906873722547357
2865,185.11,3,205,18.3,0.047749,3,32,2,0,1,1,0,2,21,12,0.4376049087217566
2866,185.22,2,102,11.3,0.047725,2,19,2,0,1,1,0,2,11,5,0.5088311284908251
2867,185.34,2,123,5.8,0.047701,2,23,2,0,1,1,0,9,14,9,0.9980370997208899
2868,185.35,0,14,-1.6,0.047677,0,5,0,0,1,1,0,0,2,2,0.42008855637232856
2869,185.41,0,68,9.6,0.047654,0,24,0,0,1,1,0,2,8,6,0.5310487696199289
2870,185.44,0,37,4.8,0.04763,0,15,0,0,1,1,0,1,5,5,0.8633441004648649
2871,185.52,2,83,9.3,0.047606,2,13,3,0,1,1,0,0,10,4,0.6583371421291453
2872,185.56,1,48,6.7,0.047582,1,14,1,0,1,1,0,2,6,5,0.5888694930006818
2873,185.7,0,153,5.4,0.047558,0,30,1,0,1,1,0,3,17,13,0.643621123579249
2874,185.74,1,49,3.8,0.047535,1,11,1,0,1,1,0,2,6,3,0.4823686657052868
2875,185.83,1,94,-0.1,0.047511,1,14,1,0,0,1,0,4,11,7,0.6587797733638693
2876,186.0,3,400,-5.6,0.047487,3,35,0,0,0,0,1,13,41,25,0.4736127314613555
2877,186.02,0,22,1.7,0.047463,0,9,0,0,1,1,0,0,3,1,0.5191540259277874
2878,186.13,4,114,26.7,0.04744,4,31,4,0,0,1,0,7,13,9,0.7701079651343647
2879,186.3,5,172,36.5,0.047416,5,37,4,0,1,1,0,2,19,13,0.48466096796492053
2880,186.39,10,168,40.5,0.047392,5,44,5,1,1,1,0,5,20,17,0.5475281985199606
2881,186.41,0,28,-5.1,0.047368,0,5,1,0,1,1,0,2,4,3,0.6179267282430662
2882,186.59,11,290,-4.4,0.047345,1,46,1,2,1,1,0,18,36,34,0.7328507916883732
2883,186.61,0,34,4.1,0.047321,0,15,0,0,1,1,0,2,5,5,0.5057273601770834
2884,186.64,0,43,7.0,0.047297,0,18,0,0,1,1,0,1,6,7,0.7145652428535518
2885,186.71,1,86,10.5,0.047274,1,22,2,0,1,1,0,2,11,9,0.5495660088514448
2886,187.2,8,387,-22.2,0.04725,3,27,2,1,1,1,0,18,46,25,0.6683517419570026
2887,187.22,0,27,-0.0,0.047227,0,9,0,0,1,1,0,1,4,3,0.5205500937442258
2888,187.29,1,64,4.9,0.047203,1,14,0,0,1,1,0,2,8,7,0.7320955920408814
2889,187.31,0,30,0.6,0.047179,0,11,0,0,1,1,0,2,4,4,0.6617504875700972
2890,187.58,3,259,10.7,0.047156,3,36,2,0,0,1,0,7,30,24,0.5891948379567495
2891,187.66,1,75,-5.7,0.047132,1,6,1,0,1,1,0,4,9,2,0.5548059960885843
2892,188.09,2,393,-30.9,0.047109,2,20,1,0,1,1,0,14,45,26,0.45794665704578374
2893,188.29,2,283,5.6,0.047085,2,42,3,0,1,1,0,11,31,21,0.46960082957833343
2894,188.39,0,113,-11.5,0.047062,0,9,1,0,1,1,0,4,13,2,0.4670814263629449
2895,188.42,0,24,-0.7,0.047038,0,8,1,0,1,1,0,1,3,3,0.550291283482882
2896,188.43,0,15,-0.6,0.047014,0,6,0,0,1,1,0,0,2,1,0.3553952238087835
2897,188.44,0,13,-4.6,0.046991,0,2,0,0,1,1,0,0,2,3,0.8691079161668529
2898,188.48,0,53,3.1,0.046967,0,16,0,0,1,1,0,2,7,6,0.47494362659298967
2899,188.54,2,58,9.7,0.046944,2,11,2,0,1,1,0,0,7,5,0.4909218363456161
2900,188.56,0,21,-0.4,0.046921,0,8,0,0,1,1,0,1,3,3,0.39553432319489384
2901,188.67,1,114,6.3,0.046897,1,21,1,0,1,1,0,2,14,13,0.5590227612044232
2902,188.7,2,35,13.3,0.046874,2,13,2,0,1,1,0,1,4,2,0.8713689408353043
2903,188.84,1,162,3.4,0.04685,1,30,1,0,0,1,0,9,18,14,0.5488611093206724
2904,188.88,2,46,14.5,0.046827,2,15,2,0,1,1,0,0,5,9,0.7218715297082398
2905,189.02,3,120,18.2,0.046803,3,23,5,0,1,1,0,2,13,8,0.9164330539776882
2906,189.04,0,27,1.0,0.04678,0,9,0,0,1,1,0,0,4,3,0.5220554071582266
2907,189.18,3,123,18.8,0.046757,3,26,1,0,1,1,0,4,14,9,0.6079164277827732
2908,189.18,0,6,-4.6,0.046733,0,2,0,0,1,1,0,1,1,0,0.30275215890348434
2909,189.63,3,349,-10.6,0.04671,3,36,3,0,1,1,0,19,39,27,0.7280614124626763
2910,189.64,0,7,-2.9,0.046686,0,3,0,0,1,1,0,0,1,2,0.5760841291980976
2911,189.64,0,6,-2.7,0.046663,0,3,0,0,1,1,0,0,1,1,0.3840260379755427
2912,189.66,1,28,5.8,0.04664,1,10,1,0,1,1,0,1,4,4,0.6214873840265612
2913,189.71,0,54,5.4,0.046616,0,16,0,0,1,1,0,0,7,2,0.6237162340742858
2914,189.72,0,13,0.5,0.046593,1,3,1,0,1,1,0,1,2,2,1.8744950487427081
2915,189.85,1,193,7.1,0.04657,1,32,1,0,1,1,0,4,23,16,0.4987328561798874
2916,189.89,0,51,10.2,0.046547,0,21,0,0,1,1,0,0,7,7,0.5060441161162798
2917,189.95,2,49,12.7,0.046523,2,14,2,0,1,1,0,1,6,4,0.6788768745127721
2918,189.97,1,33,5.3,0.0465,1,12,1,0,1,1,0,3,4,4,0.6198594729527558
2919,190.39,3,302,-6.0,0.046477,3,25,3,0,0,1,0,9,33,18,0.5472856926475745
2920,190.49,4,98,17.8,0.046454,4,20,3,0,1,1,0,7,11,4,0.6761791949739441
2921,190.52,2,35,11.1,0.04643,2,13,3,0,1,1,0,3,4,4,0.8623670182660468
2922,190.56,1,53,6.6,0.046407,1,12,1,0,1,1,0,0,6,1,0.6025710114223092
2923,190.59,2,36,13.1,0.046384,2,12,2,0,1,1,0,0,4,3,0.6740956416161201
2924,190.67,1,74,-1.2,0.046361,1,12,2,0,1,1,0,5,9,8,0.4768378603350092
2925,190.74,2,71,11.4,0.046338,2,16,2,0,0,1,0,2,8,5,0.5983933278271227
2926,190.79,0,56,3.7,0.046314,0,16,0,0,1,1,0,1,8,7,0.45980515876033945
2927,190.8,0,13,-0.3,0.046291,0,6,1,0,1,1,0,0,2,0,0.8347311932635308
2928,190.89,0,94,8.6,0.046268,0,26,0,0,0,1,0,2,12,10,0.47788740673342
2929,190.95,2,71,13.2,0.046245,2,19,1,0,0,1,0,3,8,7,0.689254200214784
2930,190.98,0,36,-3.2,0.046222,0,8,0,0,1,1,0,2,5,6,0.2952760763374318
2931,191.36,9,400,-9.2,0.046199,4,30,3,1,0,0,1,16,46,31,0.5510699893433157
2932,191.48,2,119,14.7,0.046176,2,28,1,0,1,1,0,5,13,14,0.6638513052555104
2933,191.59,4,143,27.2,0.046152,4,32,4,0,0,1,0,4,16,15,0.6216858245286109
2934,191.89,2,215,5.2,0.046129,2,28,2,0,1,1,0,5,25,13,0.62940067188425
2935,191.91,0,21,1.7,0.046106,0,10,1,0,1,1,0,1,3,2,0.8551022048716719
2936,192.0,0,85,-0.3,0.046083,0,20,0,0,1,1,0,6,11,8,0.5706968262269043
2937,192.01,0,15,0.2,0.04606,0,7,0,0,1,1,0,0,2,3,0.6933756328969127
2938,192.12,1,90,4.4,0.046037,1,15,1,0,1,1,0,1,11,6,0.48667696604289645
2939,192.29,4,170,16.6,0.046014,4,26,4,0,1,1,0,6,18,14,0.5711529199475965
2940,192.49,3,173,12.5,0.045991,3,29,1,0,1,1,0,7,19,22,0.5098943187592079
2941,192.65,4,165,24.1,0.045968,4,35,4,0,1,1,0,8,17,14,0.6832879610940084
2942,192.74,3,96,26.7,0.045945,3,30,4,0,1,1,0,3,12,7,0.5796115959662859
2943,192.84,0,97,6.4,0.045922,0,22,0,0,1,1,0,0,12,9,0.4787221328902753
2944,193.01,1,141,2.4,0.045899,1,21,1,0,1,1,0,3,17,15,0.5828560067020467
2945,193.05,0,35,-0.7,0.045876,0,10,0,0,1,1,0,2,5,2,0.8070280256718598
2946,193.09,1,63,3.1,0.045853,1,15,1,0,1,1,0,5,8,6,0.5081155802509885
2947,193.16,2,72,11.3,0.04583,2,18,3,0,1,1,0,4,9,5,0.6544969964063293
2948,193.21,0,50,1.8,0.045808,0,13,0,0,1,1,0,1,7,2,0.6269898624497957
2949,193.31,2,111,12.7,0.045785,2,25,2,0,1,1,0,5,12,12,0.7141349011457815
2950,193.4,2,91,24.9,0.045762,2,31,2,0,1,1,0,1,11,10,0.9059383577042394
2951,193.44,0,42,3.3,0.045739,0,13,0,0,1,1,0,0,6,5,0.36699394668701124
2952,193.73,2,229,0.6,0.045716,2,28,1,0,1,1,0,8,25,15,0.6081156063052613
2953,193.9,2,150,14.0,0.045693,2,31,2,0,1,1,0,6,15,10,0.5195605384507324
2954,193.94,1,44,7.2,0.04567,1,14,1,0,1,1,0,2,6,4,0.5387937766872296
2955,194.19,1,331,-5.5,0.045647,1,38,3,0,1,1,0,8,39,24,0.5527256431166322
2956,194.29,2,98,12.4,0.045625,2,20,1,0,1,1,0,2,11,8,0.7189022238800752
2957,194.32,2,36,13.8,0.045602,2,16,3,0,1,1,0,3,4,6,0.9649214088266554
2958,194.42,3,149,3.6,0.045579,3,13,1,0,1,1,0,4,16,5,0.505374581641077
2959,194.89,9,400,9.9,0.045556,4,41,4,1,0,0,1,8,47,30,0.45212799858192176
2960,195.0,1,110,8.2,0.045533,1,23,1,0,0,1,0,3,13,8,0.7050562145403204
2961,195.22,8,210,25.3,0.045511,3,41,4,1,1,1,0,3,24,17,0.38545742198290744
2962,195.39,1,156,6.2,0.045488,1,25,1,0,1,1,0,2,18,12,0.5552632671754173
2963,195.54,2,145,6.4,0.045465,2,21,1,0,0,1,0,4,17,11,0.5931481611035004
2964,195.67,1,136,12.2,0.045442,1,32,1,0,1,1,0,4,16,22,0.5139063356931897
2965,195.69,0,21,0.5,0.04542,0,8,0,0,1,1,0,0,3,4,0.3674345234988929
2966,195.77,3,79,16.4,0.045397,3,17,3,0,1,1,0,2,9,7,0.651836042513126
2967,195.9,0,131,2.9,0.045374,0,24,0,0,0,1,0,2,15,10,0.5046010064893823
2968,195.98,2,75,12.8,0.045352,2,18,4,0,0,1,0,2,8,7,0.8173366022460793
2969,196.01,1,43,9.2,0.045329,1,17,1,0,1,1,0,3,5,5,0.7867553187797385
2970,196.17,1,141,-10.7,0.045306,1,15,1,1,1,1,0,10,16,16,0.8970588015704901
2971,196.22,0,51,-0.4,0.045284,0,12,0,0,1,1,0,2,7,3,0.4966178416608675
2972,196.33,0,101,6.1,0.045261,0,25,0,0,1,1,0,3,12,8,0.552791735157411
2973,196.35,0,21,-0.5,0.045238,0,9,0,0,1,1,0,2,3,4,0.6199363604383945
2974,196.39,1,48,4.8,0.045216,1,12,1,0,1,1,0,2,6,4,0.5227012781471289
2975,196.45,0,79,13.0,0.045193,0,27,0,0,1,1,0,0,10,11,0.427171869025817
2976,196.57,6,157,33.5,0.045171,6,36,7,0,1,1,0,10,18,18,0.7297697215058745
2977,196.84,1,239,-4.4,0.045148,1,27,2,0,1,1,0,6,28,15,0.4077758771997894
2978,196.88,2,52,11.4,0.045125,2,16,2,0,1,1,0,4,6,4,1.0535187760755276
2979,196.89,0,13,-2.3,0.045103,0,5,0,0,1,1,0,1,2,0,1.2424362118327206
2980,197.01,1,102,9.9,0.04508,1,28,1,0,1,1,0,7,12,9,0.6757527651401424
2981,197.02,1,16,2.3,0.045058,1,4,1,0,1,1,0,0,2,1,0.49832066153907206
2982,197.26,5,188,37.3,0.045035,5,40,4,0,1,1,0,2,20,19,0.6138409462189798
2983,197.67,1,268,-10.4,0.045013,1,23,1,0,1,1,0,5,35,16,0.4822323717776548
2984,197.7,0,28,0.0,0.04499,0,10,0,0,1,1,0,2,4,2,0.4385135847245859
2985,197.78,1,108,1.8,0.044968,1,17,0,0,0,1,0,4,12,4,0.5654287837732715
2986,197.8,0,21,-1.3,0.044945,0,8,1,0,1,1,0,2,3,2,0.6074190632252063
2987,197.91,3,122,16.0,0.044923,3,25,6,0,1,1,0,6,14,8,0.6559134678469013
2988,197.93,0,28,1.9,0.0449,0,11,1,0,1,1,0,1,4,3,0.49738463623660584
2989,198.28,13,273,4.4,0.044878,3,30,3,2,1,1,0,7,30,13,0.47451973464226954
2990,198.44,0,169,1.7,0.044855,0,30,0,0,0,1,0,5,19,14,0.5309332060665803
2991,198.54,3,105,20.5,0.044833,3,25,3,0,1,1,0,3,10,10,0.8209962253685562
2992,198.56,1,24,4.4,0.044811,1,7,2,0,1,1,0,0,3,2,0.48825955974517427
2993,198.67,2,108,19.2,0.044788,2,31,0,0,1,1,0,5,13,10,0.7582977318463129
2994,198.78,2,89,17.6,0.044766,2,28,3,0,1,1,0,6,11,5,0.6998574591938433
2995,198.79,1,16,2.2,0.044743,1,5,2,0,1,1,0,1,2,2,1.0388159544358309
2996,198.87,1,97,3.3,0.044721,1,18,1,0,0,1,0,4,11,10,0.7024110699656113
2997,198.9,0,22,-0.5,0.044699,0,7,0,0,1,1,0,0,3,3,0.7980289134818932
2998,198.98,1,105,-1.7,0.044676,1,11,2,0,1,1,0,2,12,2,0.5729262218196663
2999,199.0,0,28,2.0,0.044654,0,12,0,0,1,1,0,2,4,2,0.5514859105349929
3000,199.16,9,202,18.1,0.044632,4,36,4,1,1,1,0,11,23,17,0.6534590461306704
3001,199.49,5,400,14.5,0.044609,5,42,5,0,0,0,1,9,51,34,0.5742817684412788
3002,199.78,5,218,13.7,0.044587,5,28,3,0,1,1,0,11,20,15,0.7753841542458916
3003,199.85,1,79,-9.5,0.044565,1,8,1,0,0,1,0,9,10,6,0.8032533495890405
3004,199.89,0,40,-0.2,0.044542,0,10,0,0,1,1,0,1,5,2,0.5435518910154137
3005,200.21,11,315,7.8,0.04452,6,32,3,1,1,1,0,14,34,37,0.7945326446004239
3006,200.22,0,20,1.8,0.044498,0,10,0,0,1,1,0,1,3,2,0.9965690736459243
3007,200.29,0,77,-8.0,0.044476,0,14,1,0,1,1,0,9,9,3,0.6824553188528194
3008,200.32,2,48,12.7,0.044453,2,14,2,0,1,1,0,1,6,5,0.6782637149674065
3009,200.33,0,14,-3.7,0.044431,0,4,0,0,1,1,0,1,2,3,0.35464328359182284
3010,200.47,1,117,0.2,0.044409,1,17,1,0,1,1,0,4,14,11,0.5797739179992963
3011,200.54,0,67,4.6,0.044387,0,20,0,0,1,1,0,3,8,7,0.5533518229793332
3012,200.68,3,181,13.4,0.044365,3,28,3,0,1,1,0,5,22,15,0.5029587633324673
3013,200.69,0,14,-2.6,0.044342,0,4,0,0,1,1,0,0,2,2,0.32742145832456376
3014,200.75,1,64,1.1,0.04432,1,13,2,0,1,1,0,5,8,5,0.8474799119080445
3015,200.81,6,76,3.5,0.044298,1,15,1,1,1,1,0,3,10,9,0.5262136848969403
3016,201.2,4,336,20.3,0.044276,4,46,4,0,0,1,0,5,24,21,0.4353541811162075
3017,201.21,0,15,-2.6,0.044254,0,4,0,0,1,1,0,0,2,1,0.5306590895125377
3018,201.26,0,62,9.7,0.044232,0,24,1,0,1,1,0,2,8,11,0.47337700282038175
3019,201.3,1,47,6.4,0.04421,1,16,0,0,1,1,0,4,6,9,0.8463061426785146
3020,201.46,0,124,-2.9,0.044187,0,20,0,0,1,1,0,4,15,15,0.40160295004524144
3021,201.56,5,122,22.4,0.044165,5,21,5,0,1,1,0,5,15,14,0.6308396589936994
3022,201.64,1,85,14.5,0.044143,1,26,1,0,0,1,0,2,11,10,0.760114508193172
3023,201.77,0,125,-9.9,0.044121,0,12,1,0,1,1,0,4,15,4,0.45102500164033227
3024,202.13,3,324,-9.4,0.044099,3,23,3,0,1,1,0,8,36,20,0.45667525453599395
3025,202.26,1,115,3.0,0.044077,1,19,3,0,1,1,0,3,13,15,0.4611744984010562
3026,202.39,0,115,3.7,0.044055,0,23,0,0,1,1,0,2,13,8,0.44122621574665666
3027,202.74,4,347,-0.1,0.044033,4,39,4,0,1,1,0,16,37,34,0.6258390305279349
3028,202.76,1,16,3.3,0.044011,1,6,2,0,1,1,0,1,2,1,0.6243618000438325
3029,202.98,2,189,19.6,0.043989,2,40,2,0,1,1,0,5,23,15,0.5419901676262724
3030,203.04,2,64,13.1,0.043967,2,18,3,0,1,1,0,3,8,5,0.5957084036614878
3031,203.06,0,27,-1.2,0.043945,0,9,1,0,1,1,0,2,4,5,0.49179373099097556
3032,203.42,3,400,-9.4,0.043923,3,29,4,0,0,0,1,10,46,33,0.5956163704725244
3033,203.46,0,39,2.9,0.043901,0,12,0,0,1,1,0,0,5,2,0.46764851907234156
3034,203.57,1,108,1.2,0.043879,1,17,1,0,1,1,0,4,14,10,0.5820484591438091
3035,203.62,0,51,10.2,0.043857,0,22,0,0,1,1,0,1,7,7,0.7658120292108671
3036,203.71,2,93,18.0,0.043835,2,24,3,0,1,1,0,1,11,7,0.6383180950654523
3037,203.8,1,87,10.5,0.043813,1,24,1,0,1,1,0,4,11,8,0.619914666898276
3038,203.8,0,13,1.3,0.043791,0,8,1,0,1,1,0,0,2,4,0.7101480422034055
3039,203.91,2,102,21.5,0.04377,2,29,2,0,1,1,0,1,12,13,0.5639044531992454
3040,204.18,4,226,22.7,0.043748,4,36,3,0,1,1,0,4,25,17,0.4824358574962815
3041,204.27,1,119,23.6,0.043726,1,41,1,0,1,1,0,4,14,15,0.4731827859874365
3042,204.28,0,6,-3.6,0.043704,0,3,0,0,1,1,0,1,1,0,0.455144762889405
3043,204.34,2,71,9.3,0.043682,2,15,2,0,1,1,0,3,9,6,0.4936578429029207
3044,204.46,3,105,23.5,0.04366,3,28,3,0,1,1,0,3,12,10,0.6839812084308955
3045,204.76,3,202,22.5,0.043638,3,38,3,0,1,1,0,3,22,23,0.6021317916590008
3046,204.82,3,70,9.5,0.043617,3,12,2,0,1,1,0,5,8,5,0.6862766832391289
3047,204.83,0,6,-3.6,0.043595,0,3,1,0,1,1,0,1,1,0,0.39435220021088296
3048,204.89,0,80,4.4,0.043573,0,25,2,0,1,1,0,7,11,6,0.5885996889035205
3049,204.93,0,45,-5.0,0.043551,0,7,0,0,1,1,0,2,6,5,0.7460945222005648
3050,204.98,2,55,10.2,0.043529,2,13,2,0,1,1,0,2,6,3,0.6404565289604701
3051,205.05,1,65,2.2,0.043508,1,12,1,0,1,1,0,3,8,3,0.5156155065052431
3052,205.17,1,109,7.6,0.043486,1,26,1,0,0,1,0,7,12,5,0.723505641739294
3053,205.25,2,125,12.6,0.043464,2,23,0,0,1,1,0,2,12,9,0.7214464811230424
3054,205.57,3,274,1.5,0.043442,3,26,2,0,1,1,0,5,32,21,0.4173513085868137
3055,205.95,4,286,10.9,0.043421,4,36,2,0,1,1,0,9,28,25,0.6892333676184467
3056,206.52,13,400,-13.9,0.043399,3,27,1,2,0,0,1,13,47,28,0.5625275833212288
3057,206.55,0,41,5.4,0.043377,0,17,0,0,1,1,0,2,6,5,0.6793680597702939
3058,206.78,4,224,19.9,0.043356,4,35,4,0,1,1,0,6,25,17,0.5109547754513212
3059,207.04,2,270,-16.7,0.043334,2,13,2,0,1,1,0,7,30,7,0.46051098805474294
3060,207.12,0,83,2.9,0.043312,0,21,0,0,1,1,0,4,10,8,0.9232540391191846
3061,207.15,2,32,11.3,0.043291,2,10,0,0,1,1,0,0,4,5,0.8995960128409097
3062,207.26,2,110,21.1,0.043269,2,33,4,0,1,1,0,5,12,9,0.8182824863248771
3063,207.27,0,14,-2.5,0.043247,0,5,0,0,1,1,0,1,2,1,0.3038673373565448
3064,207.3,1,40,9.8,0.043226,1,15,1,0,1,1,0,1,5,2,0.8348670101613138
3065,207.32,0,31,1.3,0.043204,0,11,0,0,1,1,0,1,4,6,0.5628649765417255
3066,207.37,1,53,9.1,0.043182,1,16,1,0,1,1,0,1,7,6,0.6608181417818494
3067,207.4,0,36,3.0,0.043161,0,12,0,0,1,1,0,0,5,4,0.6033109340582096
3068,207.42,0,21,0.6,0.043139,0,9,0,0,1,1,0,1,3,3,0.4445388505095677
3069,207.49,1,69,7.4,0.043118,1,19,1,0,1,1,0,4,9,7,0.8050133287382101
3070,207.53,0,42,2.2,0.043096,0,12,0,0,1,1,0,0,6,6,0.622363136664268
3071,207.59,0,82,4.9,0.043075,0,22,0,0,1,1,0,3,10,9,0.4744300750912408
3072,207.67,5,71,-0.5,0.043053,0,14,0,1,1,1,0,2,9,4,0.46735336347250755
3073,207.77,9,98,25.2,0.043032,4,24,4,1,0,1,0,3,11,10,0.8246841276676904
3074,207.92,2,154,17.2,0.04301,2,36,1,0,1,1,0,7,15,14,0.7045271934030493
3075,207.96,0,46,-0.1,0.042989,0,11,0,0,1,1,0,1,6,5,0.3772638595630373
3076,208.32,4,400,-11.7,0.042967,4,25,3,0,0,0,1,14,43,26,0.5202881258584278
3077,208.38,0,72,5.1,0.042946,0,20,0,0,1,1,0,2,10,7,0.5322686447572949
3078,208.4,0,23,-3.6,0.042924,0,5,0,0,1,1,0,1,3,3,0.4002169365153206
3079,208.4,0,7,-3.7,0.042903,0,2,0,0,1,1,0,0,1,0,0.30453783449452515
3080,208.51,5,121,28.5,0.042881,5,26,3,0,1,1,0,4,15,14,0.8455841427410034
3081,208.53,0,14,-2.5,0.04286,0,5,0,0,1,1,0,1,2,1,0.3621209728287555
3082,208.82,0,275,-21.3,0.042838,0,19,0,0,1,1,0,7,33,8,0.5272239820904029
3083,208.83,0,20,-0.4,0.042817,0,8,0,0,1,1,0,1,3,4,0.6180548215791353
3084,208.9,1,88,3.9,0.042795,1,19,1,0,1,1,0,6,11,3,0.5310568526898454
3085,209.09,2,149,14.9,0.042774,2,31,1,0,1,1,0,5,18,12,0.7327210969054145
3086,209.09,0,6,-3.6,0.042753,0,3,0,0,1,1,0,1,1,0,0.5932557693697345
3087,209.23,1,115,0.8,0.042731,1,21,1,0,1,1,0,8,14,7,0.6795490408426998
3088,209.28,2,47,15.5,0.04271,2,16,3,0,1,1,0,0,5,8,0.7440254885213645
3089,209.44,3,168,14.9,0.042689,4,23,2,0,0,1,0,5,17,13,0.5777947144850112
3090,209.5,2,69,11.6,0.042667,2,16,2,0,1,1,0,2,8,5,0.5938274438094008
3091,209.55,2,48,11.0,0.042646,2,14,2,0,1,1,0,3,5,2,1.167886094160817
3092,209.6,1,54,5.1,0.042625,1,11,1,0,1,1,0,0,7,5,0.6337517841728297
3093,209.76,15,365,5.0,0.042603,5,43,4,2,0,0,1,24,42,24,0.7421792906526271
3094,209.82,2,66,16.4,0.042582,2,22,1,0,1,1,0,3,8,10,1.0012041616180927
3095,209.88,3,72,17.0,0.042561,3,18,3,0,1,1,0,3,8,8,0.9988418627331027
3096,209.92,1,46,10.2,0.042539,1,17,1,0,0,1,0,2,6,2,0.8779591476245459
3097,210.21,4,219,27.5,0.042518,4,39,3,0,1,1,0,2,24,26,0.5659586076612871
3098,210.25,0,46,4.1,0.042497,0,15,0,0,1,1,0,1,6,3,0.5662090783785871
3099,210.46,2,218,14.4,0.042476,2,38,2,0,1,1,0,5,25,18,0.578120232076457
3100,210.54,0,80,2.8,0.042454,0,21,0,0,1,1,0,4,10,12,0.6389897729098981
3101,210.62,2,116,6.6,0.042433,2,22,2,0,1,1,0,8,14,8,0.715782861692822
3102,210.83,2,230,-0.7,0.042412,2,26,2,0,1,1,0,7,26,17,0.46575458099818634
3103,210.87,0,43,5.2,0.042391,0,17,1,0,1,1,0,2,6,5,0.5464408123542219
3104,211.14,2,162,9.8,0.04237,2,29,1,0,1,1,0,6,18,20,0.7058913696714032
3105,211.19,0,49,-0.3,0.042348,0,12,1,0,1,1,0,2,6,4,1.0251286499219776
3106,211.24,1,51,-0.6,0.042327,1,7,2,0,1,1,0,2,6,5,0.7543476264129837
3107,212.02,2,400,-7.5,0.042306,2,35,3,0,0,0,1,9,42,34,0.46294931391949856
3108,212.15,1,162,-1.3,0.042285,1,24,2,0,1,1,0,8,19,11,0.6271944605452238
3109,212.24,2,92,16.4,0.042264,2,22,2,0,1,1,0,1,12,4,0.5648358815289984
3110,212.3,4,65,29.0,0.042243,4,24,4,0,1,1,0,3,7,5,0.850336267348932
3111,212.44,3,147,19.8,0.042221,3,29,4,0,1,1,0,3,15,15,0.5819014886526666
3112,212.84,6,328,-16.3,0.0422,1,31,2,1,1,1,0,12,39,25,0.5414462649375839
3113,213.01,0,148,-11.6,0.042179,0,16,1,0,1,1,0,7,17,8,0.5553868649093537
3114,213.26,2,297,-4.5,0.042158,2,35,3,0,1,1,0,12,31,28,0.5533688748839686
3115,213.73,3,400,-15.2,0.042137,3,28,3,0,0,0,1,16,49,21,0.6174037778989528
3116,214.25,2,370,-24.7,0.042116,2,22,2,0,1,1,0,13,40,17,0.4499877517858593
3117,214.25,0,6,-3.6,0.042095,0,3,0,0,1,1,0,1,1,0,0.36513427965214523
3118,214.39,2,137,22.9,0.042074,2,37,2,0,1,1,0,4,16,14,0.5938638153209455
3119,214.51,1,109,4.9,0.042053,1,18,1,0,1,1,0,1,12,12,0.5660342899855244
3120,214.51,0,6,-3.6,0.042032,0,3,1,0,1,1,0,1,1,0,0.43867573900536655
3121,214.58,3,76,19.5,0.042011,3,18,3,0,1,1,0,0,8,9,0.8217475331625591
3122,214.93,1,340,-21.8,0.04199,1,22,0,0,0,1,0,8,37,18,0.4554315295223708
3123,215.04,0,111,7.0,0.041969,0,26,0,0,1,1,0,2,14,9,0.42161961801415054
3124,215.1,2,64,14.2,0.041948,2,19,2,0,1,1,0,3,9,4,0.6716848671577109
3125,215.13,0,38,0.8,0.041927,0,11,1,0,1,1,0,1,5,4,0.5592338537537428
3126,215.19,1,60,9.5,0.041906,1,19,1,0,1,1,0,3,8,5,0.5725009913704391
3127,215.33,2,120,9.1,0.041885,2,23,1,0,0,1,0,5,13,19,0.833892729687199
3128,215.54,4,249,21.2,0.041864,4,36,6,0,1,1,0,3,23,19,0.5575606540690133
3129,215.59,0,54,-0.6,0.041843,0,11,0,0,1,1,0,1,7,2,0.7079658174956518
3130,215.64,1,59,3.3,0.041822,1,12,1,0,0,1,0,2,8,8,0.6986547776722756
3131,215.66,0,22,-1.3,0.041801,0,8,0,0,1,1,0,2,3,1,0.6077022006963397
3132,215.83,1,140,-1.4,0.04178,1,22,1,0,0,1,0,8,16,14,0.6446656545052813
3133,215.85,0,32,-0.3,0.041759,0,9,0,0,1,1,0,1,4,1,0.46128825852046157
3134,215.94,2,103,15.6,0.041739,2,25,2,0,1,1,0,3,11,11,0.46407179717149943
3135,215.97,1,34,11.2,0.041718,1,17,1,0,1,1,0,2,4,4,0.7958849009412728
3136,215.98,0,15,-2.6,0.041697,0,4,0,0,1,1,0,0,2,1,0.27107937897402706
3137,216.11,4,209,30.0,0.041676,4,45,3,0,1,1,0,7,22,21,0.6588720610749078
3138,216.26,1,184,4.0,0.041655,1,35,2,0,1,1,0,11,20,16,0.5402279018035641
3139,216.77,10,395,10.0,0.041634,5,34,4,1,1,1,0,3,41,15,0.3947321043992057
3140,217.08,2,332,-12.8,0.041614,2,30,2,0,0,1,0,13,36,16,0.47511050920405673
3141,217.13,2,54,7.4,0.041593,2,10,3,0,1,1,0,2,6,2,0.5955493435521123
3142,217.13,0,6,-4.6,0.041572,0,2,0,0,1,1,0,1,1,0,0.23474712658601105
3143,217.2,1,73,2.3,0.041551,1,11,1,0,1,1,0,1,8,4,0.5515929065098576
3144,217.29,1,94,0.8,0.04153,1,14,0,0,1,1,0,3,11,8,0.4678166398843356
3145,217.59,3,292,5.5,0.04151,3,38,4,0,1,1,0,11,30,23,0.56254033912253
3146,217.6,0,14,-0.6,0.041489,0,6,0,0,1,1,0,0,2,2,0.38716085243110615
3147,217.7,2,117,16.1,0.041468,2,26,3,0,1,1,0,2,13,12,0.505397532206691
3148,217.75,1,46,5.8,0.041447,1,14,2,0,1,1,0,3,6,6,0.47427365874981187
3149,217.77,1,16,3.1,0.041427,1,6,1,0,1,1,0,1,2,3,0.8891410712835526
3150,217.86,4,99,31.8,0.041406,4,32,4,0,1,1,0,4,12,13,0.8158194375984243
3151,217.91,1,52,7.9,0.041385,1,15,1,0,1,1,0,1,7,9,0.5286802527617633
3152,217.99,3,119,22.2,0.041365,3,27,3,0,1,1,0,2,13,9,0.7886310268588843
3153,218.0,1,15,3.3,0.041344,1,5,1,0,1,1,0,0,2,2,0.750855399881394
3154,218.02,0,14,-2.5,0.041323,0,5,0,0,1,1,0,1,2,1,0.40172781638923066
3155,218.12,1,101,10.0,0.041302,1,23,1,0,1,1,0,2,12,9,0.5141141781572138
3156,218.13,0,13,-0.5,0.041282,0,7,0,0,1,1,0,1,2,2,0.8013721179661293
3157,218.19,2,72,15.2,0.041261,2,19,2,0,1,1,0,1,9,6,0.6659590437818088
3158,218.21,0,21,0.7,0.041241,0,8,1,0,1,1,0,0,3,2,0.38538246092722434
3159,218.23,0,28,2.8,0.04122,0,11,0,0,1,1,0,0,4,4,0.4939530973488767
3160,218.71,1,315,-16.6,0.041199,1,23,1,0,1,1,0,7,35,11,0.36499144517247195
3161,218.71,0,6,-3.6,0.041179,0,3,0,0,1,1,0,1,1,0,0.3719298468655696
3162,218.75,0,49,2.8,0.041158,0,14,0,0,1,1,0,1,6,3,0.6753319338630245
3163,218.76,0,14,-0.6,0.041138,0,6,0,0,1,1,0,0,2,2,0.31469763420356944
3164,219.15,4,371,-2.7,0.041117,4,36,3,0,0,1,0,13,38,36,0.6336171479329533
3165,219.21,1,56,8.2,0.041096,1,18,1,0,1,1,0,4,7,2,0.5806742885746535
3166,219.28,1,70,7.4,0.041076,1,16,0,0,0,1,0,1,8,6,0.745305610587962
3167,219.29,0,14,-4.6,0.041055,0,4,1,0,1,1,0,2,2,2,0.26848805006625737
3168,219.34,2,60,11.2,0.041035,2,16,2,0,1,1,0,3,7,8,0.8587594206660955
3169,219.53,1,135,12.2,0.041014,1,27,1,0,1,1,0,0,15,13,0.4425675328106301
3170,219.89,5,290,18.5,0.040994,5,44,5,0,1,1,0,14,31,25,0.5703191735330461
3171,220.04,3,135,12.2,0.040973,3,23,2,0,1,1,0,6,16,13,0.6649370669420791
3172,220.26,8,195,22.5,0.040953,3,39,3,1,1,1,0,5,21,20,0.5923045893416142
3173,220.64,2,396,-24.2,0.040932,2,30,0,0,0,1,0,16,44,36,0.5335686614496485
3174,220.75,1,134,7.9,0.040912,1,24,1,0,1,1,0,1,16,17,0.6420511725989722
3175,220.86,3,116,18.4,0.040891,3,26,1,0,1,1,0,5,13,10,0.800979135102233
3176,221.15,3,233,11.4,0.040871,3,35,2,0,1,1,0,8,26,23,0.6826397680196219
3177,221.25,0,111,9.6,0.040851,0,29,2,0,1,1,0,2,12,13,0.8516374816955701
3178,221.57,2,275,-3.6,0.04083,2,30,1,0,1,1,0,9,31,21,0.5533668132503583
3179,221.74,5,156,22.8,0.04081,5,24,5,0,0,1,0,4,16,16,0.8095925546357915
3180,221.96,0,338,-15.6,0.040789,0,38,1,0,1,1,0,12,38,28,0.4764665542985545
3181,222.27,10,336,2.5,0.040769,5,27,5,1,0,1,0,8,36,29,0.5706857338985406
3182,222.43,1,231,8.8,0.040749,1,35,1,0,1,1,0,1,23,21,0.447849620319499
3183,222.69,2,196,11.2,0.040728,2,30,2,0,0,1,0,2,23,22,0.4828068619608457
3184,222.95,1,245,-7.6,0.040708,1,30,2,0,1,1,0,11,26,21,0.6257194471982301
3185,223.01,2,68,14.4,0.040687,2,19,2,0,1,1,0,2,9,8,0.5823882850987826
3186,223.14,2,142,17.1,0.040667,2,31,4,0,1,1,0,3,17,17,0.6253704977507948
3187,223.16,0,21,-0.6,0.040647,0,8,0,0,1,1,0,1,3,5,0.7800794545080096
3188,223.2,1,47,4.9,0.040626,1,12,1,0,1,1,0,2,6,4,0.6988133145440785
3189,223.32,3,127,11.3,0.040606,3,17,1,0,1,1,0,2,14,10,0.7035764862391037
3190,223.33,0,6,-3.6,0.040586,0,3,0,0,1,1,0,1,1,0,0.4410008617601547
3191,223.4,2,75,10.8,0.040566,2,15,2,0,1,1,0,1,8,7,0.5822501741984641
3192,223.45,2,57,17.6,0.040545,2,22,2,0,1,1,0,3,7,7,0.7079241712576441
3193,223.46,0,13,-0.4,0.040525,0,7,2,0,1,1,0,1,2,1,0.6313877095984266
3194,223.61,3,126,16.3,0.040505,3,25,3,0,1,1,0,5,15,11,0.5232310128507712
3195,223.63,1,22,2.7,0.040484,1,5,1,0,0,1,0,0,2,1,0.7075575617568227
3196,223.71,2,100,10.9,0.040464,2,21,2,0,0,1,0,4,13,11,0.7865520031760725
3197,223.74,1,42,8.3,0.040444,1,15,1,0,1,1,0,2,5,5,1.0399322515785592
3198,224.09,7,400,-6.0,0.040424,2,38,2,1,0,0,1,11,45,29,0.45299187358713605
3199,224.21,2,133,11.0,0.040404,2,26,2,0,0,1,0,6,15,7,0.7456018272774046
3200,224.25,0,44,9.1,0.040383,0,19,0,0,1,1,0,0,6,5,0.6351834681157352
3201,224.4,3,146,11.2,0.040363,3,23,3,0,1,1,0,6,16,12,0.5581254264902904
3202,224.47,1,64,12.0,0.040343,1,21,1,0,1,1,0,2,8,6,0.559006725406316
3203,224.58,1,113,14.4,0.040323,1,27,1,0,1,1,0,0,13,13,0.5973657637945196
3204,224.63,0,58,1.7,0.040303,0,13,0,0,1,1,0,0,7,5,0.5168569137248572
3205,224.66,1,36,4.1,0.040282,1,10,1,0,1,1,0,2,5,3,1.2604363793270112
3206,225.07,1,264,-5.5,0.040262,1,33,1,0,1,1,0,10,29,21,0.5154427600433493
3207,225.11,1,47,2.7,0.040242,1,10,3,0,1,1,0,2,6,6,0.5410757231187712
3208,225.11,0,5,-3.6,0.040222,0,2,0,0,1,1,0,0,1,1,0.9863992064217111
3209,225.16,1,63,9.0,0.040202,1,16,1,0,1,1,0,0,8,7,0.7225410291152937
3210,225.21,0,56,0.8,0.040182,0,13,1,0,1,1,0,1,7,6,0.4246383211030585
3211,225.3,1,99,8.4,0.040162,1,21,3,0,0,1,0,2,10,7,0.6019547620992267
3212,225.37,2,85,8.8,0.040142,2,16,2,0,0,1,0,3,9,7,0.7022549601443159
3213,225.46,1,102,6.0,0.040122,1,22,1,0,1,1,0,5,13,8,0.5739393707149967
3214,225.54,2,78,18.2,0.040102,2,23,2,0,1,1,0,1,9,10,0.5694107874053834
3215,225.58,0,38,3.6,0.040082,0,14,0,0,1,1,0,1,5,6,0.40600599362848805
3216,225.77,1,227,7.4,0.040061,1,38,1,0,1,1,0,6,24,19,0.5070579872727105
3217,225.88,3,124,5.1,0.040041,3,16,2,0,1,1,0,7,14,15,0.4726407407314965
3218,225.93,0,65,8.7,0.040021,0,25,1,0,0,1,0,4,9,8,1.1789497819380768
3219,225.96,0,29,0.7,0.040001,0,10,0,0,1,1,0,1,4,4,0.5433443958723515
3220,226.21,2,306,16.9,0.039981,2,47,2,0,1,1,0,2,36,25,0.4745721124652976
3221,226.53,3,400,8.8,0.039961,3,48,1,0,0,0,1,11,47,31,0.49990169361955145
3222,226.6,3,68,18.2,0.039941,3,18,1,0,1,1,0,2,7,10,0.6783241887992401
3223,226.79,0,188,-31.9,0.039921,0,18,0,0,1,1,0,25,22,11,0.6818879396451141
3224,226.82,0,36,3.0,0.039902,0,13,0,0,1,1,0,1,5,4,0.5522696823277555
3225,227.05,1,209,-3.4,0.039882,1,30,1,0,0,1,0,11,25,15,0.5668832491819956
3226,227.11,3,57,21.6,0.039862,3,18,1,0,1,1,0,0,6,7,0.714386620839299
3227,227.13,0,28,3.9,0.039842,0,12,1,0,1,1,0,0,4,3,0.5541527317236586
3228,227.3,1,212,3.3,0.039822,1,33,1,0,1,1,0,7,24,15,0.5125530190935853
3229,227.36,2,65,20.6,0.039802,2,23,3,0,1,1,0,0,8,9,0.6785912213097014
3230,227.37,1,24,4.4,0.039782,1,8,1,0,1,1,0,1,3,2,0.5932519419829311
3231,227.37,0,6,-3.7,0.039762,0,2,0,0,1,1,0,0,1,1,0.4168852610800604
3232,227.38,0,13,-2.6,0.039742,0,4,0,0,1,1,0,0,2,3,1.011194057404021
3233,227.4,2,29,9.0,0.039722,2,10,2,0,1,1,0,3,3,1,0.7422898211225403
3234,227.41,0,7,-2.7,0.039702,0,3,0,0,1,1,0,0,1,0,0.4151465650571003
3235,227.55,6,214,-4.8,0.039683,1,24,1,1,1,1,0,6,22,14,0.4658536290479684
3236,227.64,1,98,7.0,0.039663,1,20,1,0,0,1,0,2,11,12,0.5029197421653495
3237,227.99,0,400,-19.6,0.039643,0,37,0,0,0,0,1,13,44,35,0.5047584493660325
3238,228.04,1,58,4.4,0.039623,1,13,0,0,0,1,0,2,8,8,0.5591713737594819
3239,228.1,2,64,9.3,0.039603,2,17,2,0,1,1,0,6,7,3,0.6992791305052823
3240,228.13,1,35,3.0,0.039583,1,7,1,0,1,1,0,0,4,5,0.7986085912130374
3241,228.24,0,110,-3.7,0.039564,0,20,1,0,1,1,0,7,15,7,0.644625204765543
3242,228.32,0,95,0.8,0.039544,0,19,0,0,1,1,0,3,13,7,0.48094905893560885
3243,228.38,1,60,7.4,0.039524,1,18,1,0,1,1,0,4,8,6,0.7118398130359521
3244,228.42,1,42,9.3,0.039504,1,14,1,0,1,1,0,0,6,5,0.6665722759164507
3245,229.04,4,400,-16.9,0.039485,4,32,4,0,0,0,1,26,49,28,0.6367653855364912
3246,229.13,2,88,17.5,0.039465,2,23,2,0,1,1,0,1,10,7,0.6552046377709214
3247,229.13,0,5,-3.7,0.039445,0,3,1,0,1,1,0,1,1,2,2.981147227037332
3248,229.22,3,94,19.8,0.039425,3,22,1,0,1,1,0,2,10,8,0.5749123982805343
3249,229.27,2,48,19.8,0.039406,2,21,3,0,1,1,0,1,6,4,0.7232676291404875
3250,229.47,6,274,-10.7,0.039386,1,28,1,1,1,1,0,10,31,13,0.5848994341638426
3251,229.53,1,67,5.9,0.039366,1,14,0,0,1,1,0,1,8,4,0.551743534853688
3252,229.56,1,39,4.8,0.039347,1,10,1,0,1,1,0,1,5,3,0.6021382414519316
3253,229.59,0,36,5.0,0.039327,0,17,0,0,1,1,0,3,5,4,0.5980183703312849
3254,229.61,0,21,2.6,0.039307,0,11,0,0,1,1,0,1,3,3,0.7732247459163666
3255,229.77,1,132,11.3,0.039288,1,30,1,0,0,1,0,4,16,15,0.6342880376818231
3256,229.94,2,213,2.1,0.039268,2,26,1,0,1,1,0,6,25,16,0.5024410559144487
3257,230.05,1,94,5.5,0.039248,1,18,1,0,1,1,0,2,11,11,0.37724545958302724
3258,230.06,1,25,6.2,0.039229,1,10,1,0,1,1,0,1,3,3,0.6746065746423001
3259,230.07,0,7,-3.7,0.039209,0,2,0,0,1,1,0,0,1,0,0.19251944370887092
3260,230.13,2,58,11.7,0.03919,2,17,2,0,1,1,0,4,7,5,0.602426056759407
3261,230.19,2,69,19.9,0.03917,2,25,2,0,1,1,0,2,9,12,0.6605328322580757
3262,230.2,0,23,-3.5,0.03915,0,6,1,0,1,1,0,2,3,2,0.45918461690777335
3263,230.43,7,199,12.2,0.039131,2,38,1,1,1,1,0,9,21,19,0.658086303268719
3264,230.51,1,83,12.2,0.039111,1,24,1,0,1,1,0,3,10,5,0.7290332822285441
3265,230.6,2,99,18.0,0.039092,2,27,2,0,1,1,0,3,12,11,0.5737429728692692
3266,230.7,1,104,10.9,0.039072,1,26,1,0,1,1,0,4,13,7,0.5091645852440647
3267,230.72,1,34,7.4,0.039053,1,13,1,0,1,1,0,2,5,2,0.9968912127404818
3268,230.78,2,64,13.4,0.039033,2,16,2,0,1,1,0,1,7,2,0.7386902998299765
3269,230.88,1,104,8.9,0.039014,1,22,1,0,1,1,0,2,13,7,0.5891351813949242
3270,230.89,0,21,-4.3,0.038994,0,5,0,0,1,1,0,2,3,2,0.40765561903751335
3271,231.15,3,232,0.6,0.038975,3,25,1,0,1,1,0,10,28,12,0.5616032048158641
3272,231.49,3,241,13.0,0.038955,3,38,3,0,1,1,0,9,27,19,0.5228006804034846
3273,231.54,2,64,11.3,0.038936,2,13,2,0,1,1,0,0,7,3,0.47058261902618453
3274,231.6,0,63,-3.7,0.038916,0,13,0,0,1,1,0,5,8,4,0.44723190264009216
3275,231.77,6,207,41.8,0.038897,6,41,5,0,1,1,0,2,24,15,0.5673990774648012
3276,231.89,1,132,8.3,0.038877,1,29,1,0,1,1,0,6,17,15,0.6614485907309023
3277,231.97,1,81,6.3,0.038858,1,18,1,0,0,1,0,3,10,6,0.6755950857943177
3278,232.03,1,62,4.0,0.038838,1,15,1,0,1,1,0,4,8,8,0.7904454226489003
3279,232.08,1,61,6.4,0.038819,1,16,1,0,1,1,0,3,7,5,0.6760439797447748
3280,232.16,0,78,5.4,0.038799,0,21,0,0,1,1,0,2,10,8,0.5534659518431051
3281,232.27,8,128,14.3,0.03878,3,24,1,1,1,1,0,6,15,9,0.6867958360993358
3282,232.29,0,36,1.0,0.038761,0,12,0,0,1,1,0,2,5,4,0.693552333843991
3283,232.54,1,184,3.2,0.038741,1,31,2,0,0,1,0,7,21,24,0.7194571812283045
3284,232.7,3,291,4.1,0.038722,3,29,2,0,1,1,0,4,33,18,0.4572281315050814
3285,232.75,0,47,0.9,0.038703,0,14,0,0,1,1,0,3,6,4,0.6438679636048622
3286,232.87,1,119,2.9,0.038683,1,18,1,0,1,1,0,2,15,12,0.48510456884044784
3287,232.92,1,48,2.7,0.038664,1,10,0,0,1,1,0,2,6,5,0.7321719902703436
3288,233.15,5,190,35.6,0.038645,5,39,3,0,1,1,0,3,21,14,0.6458388861819893
3289,233.33,3,151,18.4,0.038625,3,30,1,0,1,1,0,5,16,15,0.6546998333895939
3290,233.35,1,34,6.3,0.038606,1,11,1,0,1,1,0,1,4,3,0.5697880576853277
3291,233.38,0,36,-2.7,0.038587,0,6,0,0,1,1,0,0,5,1,0.51562918474904
3292,233.45,1,75,6.0,0.038567,1,14,1,0,1,1,0,0,10,5,0.5681329477513405
3293,233.9,1,400,-20.6,0.038548,1,32,1,0,0,0,1,15,48,25,0.5674910138715897
3294,233.93,1,38,8.7,0.038529,1,16,3,0,1,1,0,3,5,5,1.4136971571381949
3295,234.15,3,291,6.7,0.03851,3,39,2,0,1,1,0,11,34,22,0.5735514623416588
3296,234.15,0,6,-3.6,0.03849,0,3,0,0,1,1,0,1,1,0,0.5133809633482013
3297,234.22,1,65,4.9,0.038471,1,14,1,0,1,1,0,2,7,6,0.6998477526595298
3298,234.57,3,359,-8.3,0.038452,3,32,3,0,1,1,0,12,43,24,0.5295011416106573
3299,234.77,1,189,-6.5,0.038433,1,22,1,0,1,1,0,8,23,16,0.7106498926135706
3300,234.87,0,102,-2.1,0.038413,0,16,0,0,1,1,0,2,13,9,0.5073473231190649
3301,234.92,2,49,15.5,0.038394,2,19,2,0,0,1,0,3,7,6,1.0179023528491347
3302,235.23,6,263,30.4,0.038375,6,43,5,0,1,1,0,9,29,23,0.5539702030798923
3303,235.32,3,105,21.4,0.038356,3,25,4,0,0,1,0,2,12,11,0.6923587496024721
3304,235.39,1,64,3.9,0.038337,1,14,0,0,0,1,0,3,8,7,0.8559049893922932
3305,235.44,1,51,3.3,0.038317,1,11,1,0,1,1,0,2,6,6,0.725833056220863
3306,235.86,8,367,-8.3,0.038298,3,30,3,1,1,1,0,10,48,16,0.5007655946772275
3307,235.88,1,31,3.5,0.038279,1,8,1,0,1,1,0,1,4,4,0.44899579953309127
3308,235.9,1,26,5.0,0.03826,1,9,1,0,1,1,0,1,3,4,0.4264805661031004
3309,235.92,2,27,11.0,0.038241,2,10,3,0,1,1,0,1,3,3,0.7574490022788128
3310,235.94,0,21,-0.2,0.038222,0,7,0,0,1,1,0,0,3,1,0.4267725836211054
3311,235.96,0,28,4.9,0.038203,0,13,0,0,1,1,0,0,4,3,0.611566169387861
3312,235.97,0,6,-3.6,0.038183,0,3,0,0,1,1,0,1,1,0,0.46551687476483683
3313,236.11,5,155,26.9,0.038164,5,30,4,0,1,1,0,6,17,16,0.6421975422190032
3314,236.16,1,56,11.4,0.038145,1,20,1,0,1,1,0,2,7,10,0.707660424698819
3315,236.23,1,79,1.5,0.038126,1,13,0,0,1,1,0,3,10,6,0.6883161774036084
3316,236.35,1,130,9.2,0.038107,1,26,1,0,1,1,0,3,15,8,0.5840014027119451
3317,236.37,0,22,-3.5,0.038088,0,6,0,0,1,1,0,2,3,3,0.7488747023535782
3318,236.49,2,133,2.1,0.038069,2,15,3,0,0,1,0,4,14,6,0.5289764352713199
3319,236.63,3,119,29.4,0.03805,3,35,3,0,0,1,0,2,14,17,0.5970830900436974
3320,236.77,6,125,0.7,0.038031,1,17,0,1,1,1,0,3,14,8,0.41283711958503033
3321,236.94,4,223,15.7,0.038012,4,31,3,0,1,1,0,6,26,20,0.6251040188523687
3322,237.01,2,78,17.3,0.037993,2,24,4,0,1,1,0,3,9,9,0.8353860233498569
3323,237.01,0,6,-4.7,0.037974,0,1,1,0,1,1,0,0,1,1,0.3032715975670512
3324,237.11,1,91,5.4,0.037955,1,17,1,0,1,1,0,2,12,5,0.6539712949979568
3325,237.58,3,313,-2.3,0.037936,3,28,3,0,1,1,0,7,34,20,0.46317733819640083
3326,237.65,2,64,9.3,0.037917,2,14,0,0,1,1,0,3,6,3,0.8648340563692243
3327,237.78,0,131,11.6,0.037898,0,34,1,0,1,1,0,3,17,13,0.5611543432477571
3328,237.79,1,20,2.9,0.037879,1,6,1,0,1,1,0,1,3,1,0.9455645667421256
3329,237.82,1,24,4.4,0.03786,1,7,1,0,0,1,0,0,3,2,0.9559265063067786
3330,237.88,2,61,15.3,0.037841,2,19,3,0,1,1,0,2,8,6,1.035672809629112
3331,237.92,0,42,1.3,0.037822,0,13,0,0,1,1,0,2,5,5,0.9382132083290261
3332,238.08,6,174,-0.5,0.037803,1,22,2,1,1,1,0,4,15,11,0.5147365980419599
3333,238.22,4,121,29.5,0.037785,4,29,4,0,1,1,0,1,14,14,0.6101917592416013
3334,238.31,2,95,8.7,0.037766,2,16,2,0,1,1,0,2,11,8,0.5400558226918423
3335,238.36,0,51,5.2,0.037747,0,16,1,0,1,1,0,0,7,7,0.44681508965794464
3336,238.4,0,49,4.6,0.037728,0,16,0,0,1,1,0,1,7,5,0.636179646817438
3337,238.48,2,99,6.0,0.037709,2,16,1,0,1,1,0,4,10,11,0.6128213078623579
3338,238.57,5,92,28.3,0.03769,5,20,4,0,1,1,0,2,9,5,0.5656812977876345
3339,238.66,3,105,19.1,0.037671,3,24,2,0,1,1,0,3,12,14,0.8480315889439243
3340,238.86,4,163,16.1,0.037653,4,30,2,0,0,1,0,11,17,16,0.7575571505921599
3341,239.0,3,131,18.5,0.037634,3,28,2,0,0,1,0,5,14,14,0.7512586018254922
3342,239.58,3,397,-12.8,0.037615,3,27,2,0,1,1,0,8,42,21,0.520376052572675
3343,239.91,6,400,-47.4,0.037596,1,30,1,1,0,0,1,40,48,23,0.8587550441109728
3344,239.98,2,70,13.5,0.037577,2,20,2,0,0,1,0,4,9,5,0.8575096323986232
3345,240.04,3,58,20.6,0.037558,3,19,3,0,0,1,0,2,7,6,0.9425462988769545
3346,240.36,2,288,7.7,0.03754,2,39,1,0,1,1,0,5,30,25,0.46319559155061474
3347,240.47,1,115,16.2,0.037521,1,29,0,0,1,1,0,0,13,13,0.4839261791803963
3348,240.48,0,21,-0.2,0.037502,0,7,0,0,1,1,0,0,3,1,0.42599418514970244
3349,240.51,2,37,11.0,0.037483,2,14,1,0,1,1,0,4,5,3,0.7581529449630978
3350,240.83,2,297,-10.7,0.037465,2,21,1,0,0,1,0,6,31,10,0.4087829571048956
3351,240.97,1,161,0.6,0.037446,1,24,1,0,1,1,0,6,18,13,0.5337542378923299
3352,241.18,1,293,-6.2,0.037427,1,39,2,0,0,1,0,14,32,19,0.5190139683796262
3353,241.19,1,16,1.3,0.037409,1,4,2,0,1,1,0,1,2,1,0.6152916922456846
3354,241.31,2,115,10.6,0.03739,2,25,1,0,0,1,0,7,12,9,0.7048559581190919
3355,241.39,0,81,7.8,0.037371,0,24,0,0,1,1,0,2,10,11,0.43598171985808176
3356,241.84,3,317,0.4,0.037352,3,30,3,0,1,1,0,6,34,19,0.5145521306569222
3357,242.18,2,268,-1.8,0.037334,2,27,2,0,1,1,0,5,27,20,0.4727170019873004
3358,242.24,4,71,22.5,0.037315,4,19,4,0,0,1,0,4,8,4,0.9915511353659984
3359,242.53,3,273,12.8,0.037296,3,42,3,0,1,1,0,10,32,19,0.5617288371347338
3360,242.61,2,75,16.8,0.037278,2,22,2,0,1,1,0,2,10,7,0.5344480342455565
3361,242.65,1,62,2.4,0.037259,1,11,1,0,1,1,0,2,8,4,0.6280721871915524
3362,243.08,1,400,-21.5,0.037241,1,30,1,0,0,0,1,13,50,34,0.5076127803679052
3363,243.48,3,400,6.1,0.037222,3,44,3,0,0,0,1,10,42,28,0.5028836652987356
3364,243.57,0,102,7.4,0.037203,0,24,0,0,1,1,0,1,14,4,0.5118675691787888
3365,243.61,0,36,2.8,0.037185,0,13,0,0,1,1,0,1,5,6,0.4913086445001222
3366,243.62,0,14,-3.6,0.037166,0,5,1,0,1,1,0,2,2,2,0.6323564870022385
3367,243.72,3,125,18.3,0.037148,3,25,2,0,1,1,0,3,16,12,0.7952762863571151
3368,243.79,0,59,7.4,0.037129,0,21,0,0,1,1,0,2,8,7,0.6588885605550174
3369,243.94,5,157,-5.8,0.03711,0,24,0,1,1,1,0,8,18,11,0.5345953770542916
3370,243.99,0,43,3.0,0.037092,0,15,0,0,1,1,0,2,6,7,0.5981743285036686
3371,244.03,1,51,7.2,0.037073,1,16,1,0,1,1,0,3,6,7,0.5617641636307699
3372,244.06,3,37,19.2,0.037055,3,15,4,0,1,1,0,2,4,1,1.0794847884849157
3373,244.22,1,142,7.7,0.037036,1,29,3,0,1,1,0,6,17,11,0.6967792912586808
3374,244.54,3,289,6.9,0.037018,3,35,3,0,0,1,0,7,24,22,0.4740523198272968
3375,244.64,2,94,32.6,0.036999,2,39,2,0,1,1,0,1,11,10,0.7649115760449141
3376,245.07,3,381,-16.3,0.036981,3,27,2,0,1,1,0,13,40,22,0.5095616861849495
3377,245.14,8,73,22.0,0.036962,3,22,2,1,0,1,0,2,8,7,0.7916812457814285
3378,245.16,1,24,2.3,0.036944,1,7,1,0,1,1,0,2,3,3,0.997327559472066
3379,245.3,1,162,13.0,0.036925,1,36,2,0,1,1,0,5,19,18,0.46749328741660295
3380,245.47,1,249,10.4,0.036907,1,40,1,0,1,1,0,3,28,17,0.4534854153793559
3381,245.82,7,385,-11.2,0.036888,2,38,1,1,1,1,0,13,44,27,0.4813443934700535
3382,245.85,0,21,0.7,0.03687,0,8,0,0,1,1,0,0,3,2,0.6446215857424953
3383,246.21,4,259,21.0,0.036851,4,41,3,0,1,1,0,7,27,21,0.5518856777746008
3384,246.35,2,161,13.1,0.036833,2,27,1,0,1,1,0,1,16,18,0.635342534313932
3385,246.92,2,368,-10.3,0.036815,2,47,4,0,0,1,0,21,40,45,0.6153631078668191
3386,247.15,3,235,7.9,0.036796,3,29,3,0,1,1,0,5,24,26,0.5296970458206637
3387,247.3,1,149,8.6,0.036778,1,27,0,0,1,1,0,2,17,15,0.6606140251876218
3388,247.45,3,168,19.0,0.036759,3,29,3,0,1,1,0,2,20,12,0.5313675778596606
3389,247.8,2,319,-7.7,0.036741,2,26,2,0,1,1,0,5,36,18,0.5075827696312731
3390,248.02,8,230,6.9,0.036723,3,32,3,1,0,1,0,10,27,21,0.590899212504006
3391,248.04,1,25,7.2,0.036704,1,11,1,0,1,1,0,1,3,3,0.7304291859961176
3392,248.12,1,97,8.9,0.036686,1,21,1,0,0,1,0,2,11,4,0.6064276815119279
3393,248.28,2,163,11.8,0.036668,2,30,4,0,1,1,0,5,19,19,0.6221304601911423
3394,248.34,0,56,0.7,0.036649,0,14,0,0,1,1,0,2,8,7,0.6543008691877643
3395,248.45,2,90,15.5,0.036631,2,24,2,0,1,1,0,4,11,5,0.6747491170553083
3396,248.56,0,111,8.0,0.036613,0,26,0,0,1,1,0,1,13,9,0.5135029647038314
3397,248.64,3,71,22.3,0.036594,3,24,3,0,1,1,0,4,8,6,0.8550889830397602
3398,248.65,0,6,-4.6,0.036576,0,2,0,0,1,1,0,1,1,0,0.22995554971177157
3399,248.78,7,120,17.2,0.036558,2,29,1,1,1,1,0,3,14,18,0.5830659998797414
3400,248.84,1,57,3.9,0.036539,1,12,1,0,0,1,0,2,7,4,0.8162675790638757
3401,248.85,0,14,0.4,0.036521,0,7,0,0,1,1,0,0,2,2,0.523744542767318
3402,248.89,0,45,3.0,0.036503,0,14,0,0,1,1,0,1,6,5,0.5097526126406028
3403,248.97,0,78,-1.0,0.036485,0,18,0,0,0,1,0,5,10,12,0.7818139871785709
3404,249.02,1,50,7.7,0.036466,1,15,1,0,1,1,0,2,5,3,0.6684373851236941
3405,249.08,0,73,-5.0,0.036448,0,12,0,0,1,1,0,4,10,7,0.45971391234745007
3406,249.58,5,400,-29.6,0.03643,0,26,2,1,0,0,1,14,45,15,0.5248210599427175
3407,249.69,1,113,12.5,0.036412,1,29,1,0,0,1,0,4,13,12,0.639241459069169
3408,249.72,1,36,6.1,0.036394,1,13,1,0,1,1,0,3,5,3,0.6764299509145335
3409,249.81,0,84,-3.0,0.036375,0,14,0,0,1,1,0,3,11,6,0.6769184293382152
3410,249.91,5,335,53.9,0.036357,7,62,5,0,0,0,1,6,37,35,0.5403405356276303
3411,249.92,0,14,-3.5,0.036339,0,4,0,0,1,1,0,1,2,1,0.27564773013801397
3412,249.96,0,38,-0.1,0.036321,0,9,0,0,1,1,0,0,5,3,0.5338145595886562
3413,250.22,3,230,10.7,0.036303,3,35,3,0,1,1,0,10,25,13,0.5096784829821054
3414,250.33,4,116,28.1,0.036284,4,31,4,0,0,1,0,5,12,13,0.737563257584827
3415,250.49,0,151,7.9,0.036266,0,31,0,0,0,1,0,2,18,10,0.45706883292081385
3416,250.5,0,7,-3.7,0.036248,0,2,0,0,1,1,0,0,1,0,0.2006571488873831
3417,250.58,6,90,18.1,0.03623,1,30,2,1,1,1,0,2,11,9,0.9130642799664446
3418,250.71,2,116,10.2,0.036212,2,22,3,0,0,1,0,4,11,12,0.7166531679719559
3419,251.06,4,278,13.4,0.036194,4,40,4,0,1,1,0,12,29,18,0.6043412870572146
3420,251.07,1,17,2.1,0.036176,1,5,1,0,1,1,0,1,2,2,0.7123367680160532
3421,251.39,4,230,9.6,0.036158,4,33,4,0,1,1,0,13,29,24,0.5980883265285644
3422,251.51,4,115,22.9,0.03614,4,26,4,0,0,1,0,6,12,6,0.8582687605312621
3423,251.69,0,169,-3.9,0.036122,0,23,0,0,1,1,0,4,21,10,0.5905792440675134
3424,251.71,0,29,1.7,0.036103,0,11,0,0,1,1,0,1,4,4,0.4230988835554016
3425,252.08,3,345,-14.5,0.036085,3,22,3,0,1,1,0,10,41,20,0.463100759955154
3426,252.49,6,309,-3.2,0.036067,1,36,1,1,1,1,0,6,33,23,0.3884159299079617
3427,252.62,0,150,6.7,0.036049,0,31,1,0,1,1,0,3,18,13,0.5672310426358069
3428,252.75,1,112,11.6,0.036031,1,29,1,0,1,1,0,5,13,12,0.7319829477272645
3429,252.87,5,156,37.9,0.036013,5,39,4,0,1,1,0,4,17,15,0.6832381042814374
3430,253.01,3,120,24.8,0.035995,3,30,1,0,1,1,0,2,13,12,0.746291474252916
3431,253.09,0,73,7.7,0.035977,0,21,0,0,1,1,0,0,9,10,0.6374082345627701
3432,253.11,1,23,5.4,0.035959,1,9,2,0,1,1,0,1,3,3,0.7197608132204438
3433,253.59,2,400,-14.4,0.035941,2,29,2,0,0,0,1,11,46,23,0.4290745807576757
3434,253.65,1,60,14.3,0.035923,1,21,1,0,1,1,0,0,8,7,0.5833199238477583
3435,253.93,2,276,-2.5,0.035905,2,34,2,0,1,1,0,12,26,19,0.552878168907288
3436,254.0,3,75,18.1,0.035887,3,16,2,0,1,1,0,0,8,4,0.5954218101026882
3437,254.09,0,97,-1.0,0.03587,0,20,1,0,1,1,0,5,11,13,0.5734551068034409
3438,254.11,0,21,-0.2,0.035852,0,9,0,0,1,1,0,2,3,1,0.819081244134386
3439,254.16,0,57,6.7,0.035834,0,19,2,0,0,1,0,1,7,6,0.6982093302453061
3440,254.29,1,112,2.7,0.035816,1,22,1,0,1,1,0,7,14,11,0.49507665769150005
3441,254.34,0,42,7.4,0.035798,0,17,0,0,1,1,0,0,6,4,0.6597792012165286
3442,254.47,0,117,2.7,0.03578,0,24,1,0,1,1,0,4,15,6,0.5363393596672154
3443,254.49,0,28,1.7,0.035762,0,10,0,0,1,1,0,0,4,5,0.4061423601964033
3444,254.57,4,96,25.3,0.035744,4,25,4,0,1,1,0,4,11,11,0.6060119012189487
3445,254.65,2,83,12.2,0.035726,2,22,2,0,1,1,0,6,10,5,0.5590019706172399
3446,254.7,1,45,9.8,0.035708,1,15,2,0,1,1,0,0,6,7,0.4304555868972508
3447,254.8,4,141,35.1,0.035691,4,38,5,0,1,1,0,2,17,18,0.5212313223013928
3448,254.87,1,94,2.0,0.035673,1,15,0,0,1,1,0,3,10,6,0.40436823475239525
3449,254.95,0,107,11.1,0.035655,0,30,1,0,1,1,0,2,13,12,0.46826430592421975
3450,255.13,1,171,-1.0,0.035637,1,23,2,0,1,1,0,6,18,9,0.4746614871390171
3451,255.31,1,176,-5.2,0.035619,1,17,0,0,1,1,0,4,22,6,0.48279061161666464
3452,255.32,1,17,1.0,0.035601,1,4,1,0,1,1,0,1,2,3,1.222332509633968
3453,255.45,3,125,20.4,0.035584,3,27,2,0,1,1,0,3,15,11,0.6862304112137468
3454,255.57,2,122,8.4,0.035566,2,21,1,0,1,1,0,4,14,14,0.6092202366802747
3455,255.57,0,7,-4.8,0.035548,0,2,0,0,1,1,0,1,1,1,0.5475519860487802
3456,255.69,0,131,1.4,0.03553,0,25,0,0,0,1,0,4,14,15,0.4235907467037091
3457,255.72,0,29,2.0,0.035513,0,10,0,0,1,1,0,0,4,1,0.5054349914910625
3458,255.9,1,171,-4.0,0.035495,1,20,2,0,1,1,0,6,20,9,0.4853107357858239
3459,256.19,2,362,-24.9,0.035477,2,30,2,0,0,0,1,26,43,26,0.8014293778531023
3460,256.22,2,46,6.2,0.035459,2,10,2,0,1,1,0,4,6,2,0.7806740245858199
3461,256.33,4,103,23.9,0.035442,4,25,3,0,1,1,0,5,13,8,0.7011685041709154
3462,256.36,0,31,2.5,0.035424,0,13,0,0,1,1,0,2,4,4,0.5821156243593807
3463,256.45,0,100,13.2,0.035406,0,33,1,0,1,1,0,4,13,8,0.6913763847627014
3464,256.51,1,63,12.2,0.035388,1,20,0,0,1,1,0,1,8,5,0.4882046891332208
3465,256.66,3,125,16.9,0.035371,3,28,2,0,0,1,0,7,14,16,0.7240801747497609
3466,256.66,0,14,-2.6,0.035353,0,6,0,0,1,1,0,2,2,2,0.6261114385487618
3467,257.05,3,273,-0.1,0.035335,3,30,2,0,1,1,0,11,29,18,0.4788491674624035
3468,257.12,1,75,5.8,0.035318,1,18,1,0,1,1,0,4,10,7,0.594970278501963
3469,257.17,1,59,10.7,0.0353,1,20,2,0,1,1,0,3,7,4,0.5986946974211487
3470,257.27,1,95,17.2,0.035282,1,29,1,0,1,1,0,1,12,13,0.6395853496158879
3471,257.31,1,45,9.8,0.035265,1,17,0,0,1,1,0,2,6,7,0.7000959631174054
3472,257.6,1,256,-16.3,0.035247,1,25,0,0,1,1,0,13,27,27,0.5557808998556342
3473,257.83,3,195,4.1,0.035229,3,22,3,0,1,1,0,7,20,14,0.6968037485290736
3474,257.9,1,66,3.2,0.035212,1,14,0,0,1,1,0,4,8,2,0.6094348722540595
3475,257.99,5,95,4.2,0.035194,0,21,0,1,0,1,0,2,11,3,0.5927176436787311
3476,258.4,4,281,4.4,0.035177,4,24,3,0,1,1,0,5,35,15,0.5317524360230291
3477,258.45,1,56,7.8,0.035159,1,16,2,0,1,1,0,2,7,6,0.6466014846070098
3478,258.63,3,146,24.7,0.035141,3,35,4,0,1,1,0,4,16,17,0.7051845946171671
3479,258.73,1,97,4.2,0.035124,1,17,2,0,0,1,0,2,12,11,0.658412083873545
3480,259.26,0,400,-7.9,0.035106,0,46,1,0,0,0,1,12,46,18,0.386170292274947
3481,259.29,1,33,7.3,0.035089,1,11,1,0,1,1,0,0,4,4,0.5609915642404414
3482,259.39,2,102,14.6,0.035071,2,22,2,0,0,1,0,1,13,12,0.5012014780384969
3483,259.45,1,64,2.2,0.035054,1,11,1,0,1,1,0,2,8,4,0.4872654162227907
3484,259.48,0,36,3.8,0.035036,0,14,1,0,1,1,0,1,5,6,0.42182469599250993
3485,259.58,1,93,5.6,0.035019,1,19,1,0,0,1,0,3,11,11,0.6130155505053136
3486,259.86,0,245,-15.1,0.035001,0,21,1,0,1,1,0,6,29,6,0.5181277249619495
3487,260.0,2,140,11.0,0.034984,2,28,2,0,1,1,0,6,16,20,0.4953068952121136
3488,260.1,3,92,18.6,0.034966,3,25,0,0,1,1,0,6,12,12,0.6321443655427712
3489,260.15,0,52,4.2,0.034949,0,20,2,0,1,1,0,5,7,6,1.0716453440553826
3490,260.28,2,161,15.8,0.034931,2,32,2,0,1,1,0,4,18,11,0.6658911844308067
3491,260.34,0,74,8.4,0.034914,0,24,0,0,1,1,0,2,10,12,0.6906965633131431
3492,260.66,2,266,-0.9,0.034896,2,34,1,0,1,1,0,11,26,23,0.5745162192839339
3493,260.82,5,160,5.5,0.034879,0,32,0,1,1,1,0,4,19,15,0.46834107753675697
3494,261.04,4,198,20.6,0.034861,4,31,4,0,1,1,0,4,21,16,0.6410902093200106
3495,261.04,0,7,-3.7,0.034844,0,2,0,0,1,1,0,0,1,0,0.35877266689420295
3496,261.06,0,21,1.7,0.034827,0,9,0,0,1,1,0,0,3,2,0.4329448217139786
3497,261.17,2,119,16.3,0.034809,2,28,2,0,1,1,0,4,13,8,0.4567786773831598
3498,261.25,2,80,15.5,0.034792,2,20,2,0,1,1,0,1,10,5,0.7516753429114058
3499,261.43,2,142,8.8,0.034774,2,23,1,0,1,1,0,4,16,10,0.8669436272089156
3500,261.45,0,28,-5.1,0.034757,0,6,1,0,1,1,0,3,4,3,0.5360510841280969
3501,261.91,1,298,-29.4,0.03474,1,22,0,0,1,1,0,20,36,16,0.4979007919803551
3502,261.99,3,113,19.7,0.034722,3,29,3,0,1,1,0,7,12,10,0.6693873000173348
3503,262.13,3,149,25.8,0.034705,3,32,2,0,1,1,0,0,16,13,0.5415677604665492
3504,262.46,4,276,7.6,0.034687,4,29,4,0,1,1,0,7,35,18,0.44348852358786306
3505,262.47,0,6,-3.6,0.03467,0,3,0,0,1,1,0,1,1,0,0.38611022304970394
3506,262.51,2,46,9.0,0.034653,2,12,1,0,1,1,0,3,5,4,0.6477441831425732
3507,262.64,2,129,14.4,0.034635,2,25,1,0,1,1,0,2,17,7,0.5645828372209564
3508,262.73,0,74,7.2,0.034618,0,22,0,0,1,1,0,2,9,4,0.6649380618295007
3509,262.79,2,60,6.6,0.034601,2,9,2,0,0,1,0,1,7,4,0.736479820989815
3510,262.97,1,175,-2.4,0.034584,1,18,1,0,1,1,0,2,21,9,0.4603085690754533
3511,263.26,2,212,0.0,0.034566,2,20,2,0,1,1,0,3,25,8,0.3864127399126796
3512,263.28,0,20,0.8,0.034549,0,9,0,0,1,1,0,1,3,2,0.5068262580222027
3513,263.3,0,28,0.9,0.034532,0,10,0,0,1,1,0,1,4,3,0.4607019204686019
3514,263.4,2,95,18.0,0.034514,2,24,2,0,1,1,0,1,10,5,0.6320224232429267
3515,263.88,3,400,-11.4,0.034497,3,23,4,0,0,0,1,8,43,13,0.43318498050664134
3516,263.89,0,20,3.7,0.03448,0,11,0,0,1,1,0,0,3,3,1.1005601794499313
3517,263.92,0,36,4.9,0.034463,0,14,1,0,1,1,0,0,5,5,0.5557933282178992
3518,263.95,0,35,-1.8,0.034445,0,8,1,0,1,1,0,1,5,3,0.807770313681945
3519,264.03,0,95,-3.0,0.034428,0,17,0,0,0,1,0,4,11,15,0.7631120721725534
3520,264.13,1,110,2.9,0.034411,1,20,1,0,0,1,0,5,12,11,0.6567242551185908
3521,264.62,2,385,-23.6,0.034394,2,26,2,0,1,1,0,14,37,21,0.48032390095015776
3522,264.91,3,239,13.9,0.034377,3,33,4,0,0,1,0,3,26,22,0.47120794003668753
3523,265.0,2,84,13.3,0.034359,2,22,1,0,1,1,0,5,10,3,0.7411319481872186
3524,265.11,5,110,25.7,0.034342,5,18,5,0,1,1,0,0,12,13,0.6162854924731218
3525,265.19,3,85,25.8,0.034325,3,26,2,0,0,1,0,1,10,7,0.7684694177522526
3526,265.43,1,193,5.7,0.034308,1,33,1,0,0,1,0,6,23,20,0.653057001845991
3527,265.49,1,58,5.5,0.034291,1,13,0,0,1,1,0,1,7,7,0.6113729539911339
3528,265.62,1,119,5.3,0.034274,1,22,1,0,1,1,0,3,14,18,0.4997247644981905
3529,265.79,4,199,26.3,0.034256,4,37,4,0,1,1,0,4,21,18,0.5908310195841308
3530,265.85,1,66,11.1,0.034239,1,19,1,0,1,1,0,1,8,3,0.5575221618226486
3531,266.05,3,203,25.7,0.034222,3,41,3,0,0,1,0,3,23,20,0.5607366438490408
3532,266.1,3,57,18.5,0.034205,3,18,5,0,0,1,0,3,7,8,0.7994655545948419
3533,266.13,1,34,10.3,0.034188,1,15,1,0,1,1,0,1,4,3,0.6239491083846364
3534,266.43,1,203,4.3,0.034171,1,30,1,0,1,1,0,4,25,14,0.46537559995071126
3535,266.56,2,159,16.6,0.034154,2,31,1,0,1,1,0,2,18,15,0.543430896221696
3536,266.86,2,266,-0.9,0.034137,2,29,3,0,0,1,0,7,32,13,0.4925355171645722
3537,267.0,4,170,23.3,0.03412,4,28,4,0,1,1,0,1,16,17,0.42945256461268905
3538,267.17,2,192,9.5,0.034103,2,31,3,0,1,1,0,6,21,13,0.5026911331829905
3539,267.36,0,167,-1.7,0.034086,0,27,0,0,1,1,0,6,21,10,0.471567000035424
3540,267.41,0,52,5.1,0.034069,0,16,0,0,1,1,0,0,7,7,0.4315309757016133
3541,267.46,2,54,12.2,0.034052,2,15,2,0,1,1,0,2,6,4,0.9215041821300827
3542,267.47,0,15,-4.7,0.034034,0,3,0,0,1,1,0,1,2,2,0.2541423858759869
3543,267.49,0,20,1.6,0.034017,0,10,0,0,1,1,0,1,3,4,0.5414381205830173
3544,267.52,0,35,5.1,0.034,0,14,0,0,1,1,0,0,5,4,0.4518958963875598
3545,267.62,1,109,17.2,0.033983,1,30,1,0,1,1,0,1,13,9,0.5223928232463864
3546,267.75,3,143,28.0,0.033966,3,38,2,0,1,1,0,4,18,17,0.5568204405953254
3547,267.97,7,249,3.8,0.033949,2,34,2,1,1,1,0,8,28,23,0.5413464416515117
3548,268.03,2,56,11.7,0.033933,2,15,2,0,1,1,0,2,6,7,0.5881621577088598
3549,268.03,0,14,-2.6,0.033916,0,6,0,0,1,1,0,2,2,2,0.38665230822247093
3550,268.06,0,29,-0.3,0.033899,0,9,0,0,1,1,0,1,4,4,0.542559068795123
3551,268.11,1,59,6.9,0.033882,1,16,1,0,1,1,0,3,8,2,0.7254192315551119
3552,268.3,3,216,13.7,0.033865,3,30,4,0,1,1,0,3,25,17,0.5873957565685446
3553,268.31,0,20,1.8,0.033848,0,10,0,0,1,1,0,1,3,2,0.9901648899632516
3554,268.35,1,48,-0.2,0.033831,1,6,1,0,0,1,0,1,5,4,0.7441588757102284
3555,268.38,0,36,-3.9,0.033814,0,7,0,0,1,1,0,2,5,3,0.4614783499672462
3556,268.42,1,41,4.6,0.033797,1,10,1,0,0,1,0,1,5,3,0.8029648128349129
3557,268.43,0,14,-3.7,0.03378,0,4,0,0,1,1,0,1,2,3,0.20957513446613715
3558,268.46,2,33,9.4,0.033763,2,8,2,0,1,1,0,0,4,3,0.8533504522973046
3559,268.47,0,15,-2.7,0.033746,0,5,1,0,1,1,0,1,2,2,0.3655208644819507
3560,268.48,0,6,-3.6,0.033729,0,3,0,0,1,1,0,1,1,0,0.3849350625835037
3561,268.73,0,175,-5.6,0.033713,0,22,0,0,1,1,0,4,21,11,0.4414303327948071
3562,268.9,3,150,3.3,0.033696,3,16,1,0,0,1,0,6,18,17,0.7254288030542878
3563,268.97,1,75,22.9,0.033679,2,28,1,0,0,1,0,2,8,6,0.6997507963897005
3564,268.99,0,21,1.7,0.033662,0,10,0,0,1,1,0,1,3,2,0.6638807219581419
3565,269.01,0,21,1.7,0.033645,0,9,1,0,1,1,0,0,3,2,0.5079158151084213
3566,269.4,1,315,-27.7,0.033628,1,18,1,0,1,1,0,12,35,22,0.491786848028689
3567,269.57,2,150,-4.9,0.033612,2,16,1,0,0,1,0,9,17,19,0.8871492382434409
3568,269.6,2,30,6.9,0.033595,2,6,2,0,1,1,0,1,4,1,0.7002859007808716
3569,269.77,4,223,29.0,0.033578,4,43,4,0,0,0,1,10,24,16,0.6397298552340682
3570,269.78,0,13,-1.4,0.033561,0,7,0,0,1,1,0,2,2,1,0.8208291561307516
3571,269.92,2,117,3.6,0.033544,2,15,2,0,0,1,0,4,13,7,0.6287780526522209
3572,270.0,2,94,11.4,0.033528,2,20,2,0,1,1,0,3,11,12,0.5895595767022062
3573,270.19,3,182,19.2,0.033511,3,34,2,0,1,1,0,5,20,16,0.5860095494993922
3574,270.22,1,21,1.9,0.033494,1,5,2,0,1,1,0,1,3,0,1.129830065898327
3575,270.31,2,97,25.4,0.033477,2,31,3,0,1,1,0,0,12,9,0.7946854884154956
3576,270.4,1,103,11.8,0.033461,1,27,0,0,1,1,0,4,12,9,0.6559103008274388
3577,270.44,1,45,7.9,0.033444,1,14,1,0,1,1,0,1,6,6,0.5840826022213911
3578,270.57,2,122,10.9,0.033427,2,20,2,0,1,1,0,1,14,9,0.5941408560410885
3579,270.92,2,241,2.0,0.03341,2,32,2,0,1,1,0,9,26,19,0.5848723554614202
3580,270.93,0,6,-4.7,0.033394,0,3,0,0,1,1,0,2,1,1,0.5734720331909308
3581,271.14,6,297,30.0,0.033377,6,39,3,0,1,1,0,2,28,23,0.574041762160295
3582,271.19,0,58,3.6,0.03336,0,18,0,0,1,1,0,3,7,6,0.6351424037048182
3583,271.36,4,189,23.6,0.033344,4,32,4,0,1,1,0,3,20,15,0.5677406818610541
3584,271.55,1,149,5.5,0.033327,1,25,2,0,1,1,0,3,16,16,0.5186953037713586
3585,271.98,2,331,6.9,0.03331,2,44,3,0,0,1,0,6,36,30,0.5220592010407031
3586,272.02,7,51,10.6,0.033294,2,11,0,1,1,1,0,0,6,3,0.8374413131627011
3587,272.08,1,68,12.2,0.033277,1,21,1,0,1,1,0,1,9,10,0.5288498468190346
3588,272.3,1,251,-1.1,0.03326,1,36,2,0,1,1,0,10,30,20,0.5402058841258351
3589,272.36,1,62,5.1,0.033244,1,16,1,0,1,1,0,4,8,7,0.709705609840114
3590,272.59,4,181,29.3,0.033227,4,37,3,0,1,1,0,3,22,16,0.5344050964304959
3591,273.01,4,400,5.4,0.033211,4,38,4,0,0,0,1,9,43,35,0.4342972998318716
3592,273.21,7,400,1.9,0.033194,2,41,3,1,0,0,1,7,44,20,0.35617487309982354
3593,273.35,7,156,9.2,0.033177,2,22,2,1,1,1,0,1,19,12,0.3944974617435575
3594,273.4,0,63,11.8,0.033161,0,25,1,0,1,1,0,1,8,9,0.7072901064775533
3595,273.5,2,113,14.7,0.033144,2,24,3,0,1,1,0,2,13,10,0.4362219482448423
3596,273.5,0,6,-3.8,0.033128,0,3,0,0,1,1,0,1,1,2,0.5845272483853213
3597,273.94,7,327,-5.2,0.033111,2,37,2,1,1,1,0,12,38,25,0.5254226647989576
3598,273.94,0,6,-3.6,0.033095,0,3,0,0,1,1,0,1,1,0,0.6120629872275851
3599,273.94,0,6,-3.6,0.033078,0,3,0,0,1,1,0,1,1,0,0.43626476834140554
3600,274.11,7,165,7.5,0.033061,2,24,2,1,1,1,0,4,19,10,0.5382145649870582
3601,274.14,0,29,-0.2,0.033045,0,10,1,0,1,1,0,2,4,3,0.36810292694687596
3602,274.19,2,55,8.9,0.033028,2,14,2,0,1,1,0,4,7,6,0.5561865596164524
3603,274.27,3,90,16.6,0.033012,3,18,1,0,1,1,0,2,10,4,0.5677612151406466
3604,274.28,0,13,0.6,0.032995,0,7,1,0,1,1,0,0,2,1,0.5913325126506328
3605,274.3,1,32,7.1,0.032979,1,11,1,0,1,1,0,0,4,7,0.5985872868210023
3606,274.4,3,129,16.2,0.032962,3,23,3,0,1,1,0,3,15,9,0.5266447692674392
3607,274.5,0,108,-6.3,0.032946,0,13,1,0,1,1,0,3,14,5,0.42675968600281494
3608,274.6,1,107,5.6,0.032929,1,21,1,0,0,1,0,4,12,7,0.5182344880983017
3609,274.74,1,115,0.6,0.032913,1,15,2,0,1,1,0,2,14,9,0.4310325233390764
3610,274.76,1,25,3.2,0.032896,1,7,1,0,1,1,0,1,3,3,0.921323103313194
3611,274.8,1,46,8.7,0.03288,1,15,1,0,0,1,0,1,5,7,0.808245141575276
3612,274.87,1,68,6.7,0.032864,1,18,1,0,1,1,0,4,9,5,0.6122264840243765
3613,274.94,3,105,25.7,0.032847,3,32,3,0,1,1,0,5,12,8,0.7820402765854733
3614,275.0,2,80,27.2,0.032831,2,31,2,0,1,1,0,0,10,8,0.6558795901380721
3615,275.03,1,39,11.8,0.032814,1,17,1,0,1,1,0,1,5,3,0.8320454255184839
3616,275.1,0,67,-1.3,0.032798,0,13,0,0,1,1,0,2,9,6,0.516597656861978
3617,275.6,4,344,3.0,0.032782,4,36,3,0,1,1,0,11,39,26,0.5245480717458166
3618,275.7,3,113,23.2,0.032765,3,32,2,0,1,1,0,6,14,15,0.6433525042507892
3619,275.77,2,80,5.4,0.032749,2,14,2,0,0,1,0,5,8,6,0.8168196029918633
3620,276.16,2,400,-35.3,0.032732,2,28,2,0,0,0,1,31,47,22,0.7756109968870145
3621,276.46,2,271,1.7,0.032716,2,32,3,0,1,1,0,6,31,22,0.5306203335823686
3622,276.62,3,200,14.3,0.0327,3,30,3,0,1,1,0,4,22,17,0.49777274768283175
3623,276.69,2,76,16.6,0.032683,2,22,1,0,1,1,0,2,9,8,0.8292613219933592
3624,276.73,0,52,4.1,0.032667,0,16,0,0,1,1,0,1,6,7,0.6050888607657959
3625,276.81,3,84,21.7,0.032651,3,24,3,0,1,1,0,3,9,9,0.7029383855051978
3626,276.92,2,111,21.1,0.032634,2,29,2,0,0,1,0,1,14,8,0.6733947763010254
3627,277.12,5,197,-6.0,0.032618,0,29,1,1,1,1,0,8,22,23,0.6483776495553012
3628,277.24,1,122,10.9,0.032602,1,28,3,0,1,1,0,4,14,9,0.4951831344854289
3629,277.48,0,232,-21.2,0.032585,0,11,0,0,1,1,0,3,27,10,0.35286171301421176
3630,277.78,1,231,7.1,0.032569,1,34,2,0,1,1,0,2,20,18,0.4720254780533707
3631,277.79,0,22,1.6,0.032553,0,10,0,0,1,1,0,1,3,2,0.7833974370565238
3632,277.85,1,61,6.1,0.032537,1,14,1,0,0,1,0,1,7,8,0.824377665364077
3633,278.07,3,271,11.4,0.03252,3,39,5,0,1,1,0,8,27,25,0.4915718157613516
3634,278.14,0,76,0.6,0.032504,0,15,1,0,1,1,0,1,10,8,0.45482495575397514
3635,278.58,3,400,-17.0,0.032488,3,21,2,0,0,0,1,9,48,39,0.632918992133238
3636,278.73,3,199,18.5,0.032472,3,35,7,0,1,1,0,5,22,16,0.46871483179969714
3637,278.78,0,49,0.5,0.032455,0,11,1,0,0,1,0,0,6,6,0.43848342438399557
3638,278.88,0,115,5.7,0.032439,0,24,0,0,1,1,0,1,14,8,0.37317601096864655
3639,278.92,0,60,3.6,0.032423,0,17,1,0,1,1,0,2,8,4,0.6674168075912822
3640,279.19,1,200,8.1,0.032407,1,33,2,0,1,1,0,4,23,9,0.5941773611541423
3641,279.25,1,62,12.3,0.03239,1,20,1,0,1,1,0,1,7,5,0.5768150272182774
3642,279.39,12,147,17.3,0.032374,2,33,1,2,1,1,0,4,17,20,0.6333238526100998
3643,279.42,0,36,5.8,0.032358,0,16,1,0,1,1,0,1,5,6,0.5048902835898024
3644,279.52,1,103,0.3,0.032342,1,16,2,0,0,1,0,5,11,4,0.7102434742286574
3645,279.55,1,36,3.9,0.032326,1,9,1,0,0,1,0,1,4,5,1.1936082188214352
3646,279.73,1,185,14.9,0.03231,1,38,3,0,1,1,0,3,20,16,0.7638719306623647
3647,280.04,1,400,-19.1,0.032293,1,32,1,0,0,0,1,13,48,30,0.4604017111090091
3648,280.37,1,272,-5.4,0.032277,1,28,2,0,1,1,0,5,18,12,0.38957384241950754
3649,280.62,1,205,11.2,0.032261,1,39,2,0,1,1,0,6,24,13,0.4823511948826475
3650,280.63,0,6,-3.7,0.032245,0,2,0,0,1,1,0,0,1,1,0.18951521521346812
3651,280.81,3,212,14.7,0.032229,3,36,3,0,1,1,0,8,23,21,0.5986982494232762
3652,280.98,8,321,17.3,0.032213,3,45,2,1,1,1,0,3,30,26,0.35025939384422744
3653,281.18,7,227,5.4,0.032197,2,32,2,1,1,1,0,7,24,19,0.7135725433287522
3654,281.42,8,200,13.3,0.03218,3,29,4,1,1,1,0,4,25,17,0.48311506812069976
3655,281.48,3,68,23.6,0.032164,3,23,3,0,1,1,0,2,8,6,0.8298456865245118
3656,281.58,1,101,3.1,0.032148,1,20,1,0,1,1,0,6,11,8,1.0067032247657246
3657,281.62,2,45,8.4,0.032132,2,10,1,0,1,1,0,2,6,1,0.8283306456242546
3658,281.92,3,204,26.0,0.032116,3,45,1,0,1,1,0,6,24,26,0.5964512010691317
3659,281.99,3,75,25.6,0.0321,3,25,4,0,1,1,0,1,9,9,0.812436739209705
3660,282.24,1,307,5.5,0.032084,1,41,1,0,1,1,0,3,34,18,0.4771790506189298
3661,282.64,2,288,-5.9,0.032068,2,26,2,0,0,1,0,6,30,21,0.4780328959475487
3662,282.78,0,137,-5.2,0.032052,0,22,1,0,1,1,0,7,15,15,0.6898618256335314
3663,282.94,5,221,23.5,0.032036,5,32,4,0,1,1,0,5,23,14,0.555433532555214
3664,282.96,0,20,1.7,0.03202,0,10,0,0,1,1,0,1,3,3,0.5306262491679258
3665,282.98,2,37,13.0,0.032004,2,14,3,0,1,1,0,2,4,3,1.0424754826762823
3666,283.0,1,31,2.5,0.031988,1,8,1,0,1,1,0,2,4,4,0.5766521648517453
3667,283.2,4,180,31.5,0.031972,4,39,3,0,0,1,0,3,19,15,0.6054450560620713
3668,283.58,2,267,-5.4,0.031956,2,23,2,0,1,1,0,5,27,17,0.4699785010919866
3669,283.71,0,119,7.1,0.03194,0,27,1,0,1,1,0,2,15,10,0.4896119042703849
3670,283.72,0,20,-0.2,0.031924,0,8,0,0,1,1,0,1,3,2,0.471416870620453
3671,283.74,0,21,-0.2,0.031908,0,8,1,0,1,1,0,1,3,1,0.7483092976622296
3672,283.82,3,88,9.5,0.031892,3,15,2,0,1,1,0,6,11,7,0.5896526097362867
3673,283.93,1,193,3.2,0.031876,1,30,2,0,1,1,0,6,21,15,0.5823839792055819
3674,283.94,0,21,-1.2,0.03186,0,7,0,0,1,1,0,1,3,1,0.47765004312900106
3675,284.74,4,400,4.4,0.031844,4,39,3,0,0,0,1,12,46,25,0.5476629510962354
3676,284.82,2,74,22.0,0.031828,2,28,2,0,1,1,0,3,9,6,0.6079780773039347
3677,285.03,3,173,14.5,0.031812,3,28,6,0,1,1,0,4,17,22,0.6309093823160182
3678,285.25,2,183,25.5,0.031797,2,45,3,0,1,1,0,4,19,22,0.5806634372154149
3679,285.68,0,263,-9.9,0.031781,0,31,0,0,1,1,0,7,30,26,0.5134708861578078
3680,285.77,2,93,10.3,0.031765,2,18,2,0,1,1,0,3,12,4,0.5444891710544816
3681,285.95,2,141,12.5,0.031749,2,29,4,0,1,1,0,6,17,14,0.6560122346988694
3682,286.01,1,69,7.4,0.031733,1,15,1,0,1,1,0,0,9,7,0.4742285952840913
3683,286.12,0,108,5.7,0.031717,0,24,2,0,1,1,0,2,12,5,0.511007289513165
3684,286.13,0,13,-0.5,0.031701,0,7,0,0,1,1,0,1,2,2,0.525917428985223
3685,286.32,1,147,9.7,0.031685,1,29,1,0,1,1,0,3,16,16,0.5952455283735693
3686,286.56,1,223,-11.2,0.03167,1,16,1,0,0,1,0,4,26,9,0.3716366908347108
3687,286.64,1,81,7.2,0.031654,1,16,1,0,1,1,0,0,10,7,0.47339922507294896
3688,286.81,1,174,3.7,0.031638,1,25,2,0,1,1,0,3,13,9,0.5305994098432137
3689,287.01,1,272,2.5,0.031622,1,34,4,0,1,1,0,3,30,13,0.48249594821498887
3690,287.1,2,78,10.8,0.031606,2,19,2,0,1,1,0,5,9,4,0.7632571949265483
3691,287.22,3,133,26.7,0.03159,3,32,4,0,0,1,0,1,16,10,0.49067442909139763
3692,287.45,3,201,11.4,0.031575,3,29,2,0,1,1,0,6,22,15,0.46217200742262576
3693,287.79,8,277,8.6,0.031559,3,36,3,1,1,1,0,8,32,17,0.40525709079445216
3694,287.85,0,62,-6.4,0.031543,0,7,0,0,1,1,0,2,8,2,0.4454878162698432
3695,288.38,6,400,-7.6,0.031527,1,46,1,1,0,0,1,16,49,25,0.47320231676085417
3696,288.57,3,168,20.2,0.031512,3,35,3,1,1,1,0,6,18,20,0.589618760782355
3697,288.79,3,174,8.1,0.031496,3,26,3,0,1,1,0,9,18,15,0.5871747198294628
3698,289.07,1,276,-19.1,0.03148,1,23,1,0,1,1,0,13,32,15,0.6286983352135365
3699,289.17,2,90,11.0,0.031464,2,19,2,0,1,1,0,3,11,10,0.8206456327704403
3700,289.32,2,166,15.6,0.031449,2,32,1,0,0,1,0,3,19,18,0.6460622170853901
3701,289.55,5,248,-10.0,0.031433,0,37,0,1,1,1,0,15,29,22,0.6077920583545581
3702,289.64,0,101,11.0,0.031417,0,31,0,0,1,1,0,4,13,9,0.7939137793257114
3703,289.69,2,47,11.6,0.031401,2,13,2,0,1,1,0,1,5,7,0.6765638180696132
3704,289.83,3,123,18.2,0.031386,3,26,4,0,1,1,0,4,12,15,0.5127886888803224
3705,289.83,0,14,0.3,0.03137,0,8,1,0,1,1,0,1,2,3,0.6694549221322852
3706,290.26,3,362,-7.4,0.031354,3,36,3,0,1,1,0,15,40,22,0.41735260531708357
3707,290.33,0,69,1.6,0.031339,0,15,0,0,0,1,0,1,8,5,0.6905627497131552
3708,290.37,0,45,-0.8,0.031323,0,10,0,0,1,1,0,1,6,3,0.6616282909355353
3709,290.41,1,46,8.9,0.031307,1,15,2,0,1,1,0,1,6,5,0.5606835933488195
3710,290.53,1,114,4.2,0.031292,1,24,1,0,1,1,0,7,13,14,0.6837785903928033
3711,290.59,1,62,7.2,0.031276,1,14,1,0,1,1,0,0,8,6,0.6154853136402668
3712,290.66,4,61,40.3,0.03126,4,32,4,0,1,1,0,0,6,6,0.8245407602731557
3713,291.01,1,249,-5.1,0.031245,1,28,1,0,1,1,0,6,27,22,0.3927319300916481
3714,291.6,2,394,-15.2,0.031229,2,27,2,0,1,1,0,5,43,28,0.3916915299090852
3715,291.84,2,225,-1.0,0.031214,2,23,3,0,1,1,0,5,21,15,0.49730518615183184
3716,291.91,0,84,-5.9,0.031198,0,13,0,0,1,1,0,5,11,5,0.424854443701357
3717,291.98,2,83,5.7,0.031182,2,15,2,0,0,1,0,5,9,10,1.127685335333401
3718,292.0,1,32,11.1,0.031167,1,15,2,0,1,1,0,0,4,7,0.7129017034699427
3719,292.09,3,88,18.2,0.031151,3,24,4,0,1,1,0,6,10,10,0.8212081480151028
3720,292.38,4,211,27.4,0.031136,4,38,3,0,0,1,0,3,23,15,0.4366532893439355
3721,292.45,0,54,2.2,0.03112,0,15,0,0,0,1,0,2,7,4,0.646721760180737
3722,292.51,1,65,7.8,0.031104,1,17,1,0,1,1,0,2,8,7,0.6805569323893449
3723,292.68,8,179,7.4,0.031089,3,25,1,1,1,1,0,8,19,17,0.6579122778028665
3724,292.68,0,6,-3.6,0.031073,0,3,0,0,1,1,0,1,1,0,0.4558423501077708
3725,292.83,1,170,11.7,0.031058,1,38,2,1,1,1,0,8,19,13,0.5183878535982898
3726,293.03,3,237,14.6,0.031042,3,33,3,0,1,1,0,3,28,17,0.48204181682241626
3727,293.13,0,103,-1.9,0.031027,0,21,0,0,0,1,0,7,14,6,0.6770642527551555
3728,293.15,0,28,-0.0,0.031011,0,10,1,0,1,1,0,2,4,2,0.4341858968428741
3729,293.38,3,167,16.2,0.030996,3,28,3,0,1,1,0,4,18,11,0.4399222866195822
3730,293.5,1,155,5.4,0.03098,1,30,3,0,1,1,0,8,20,11,0.5474224073756554
3731,293.6,2,98,10.4,0.030965,2,18,2,0,1,1,0,2,12,8,0.5642487230941556
3732,293.82,1,169,-3.7,0.030949,1,17,2,0,0,1,0,3,20,8,0.6375746785991109
3733,293.94,1,106,12.1,0.030934,1,27,1,0,0,1,0,3,12,13,0.5370673507822125
3734,294.03,5,99,4.1,0.030918,0,23,0,1,1,1,0,3,12,10,0.44031532369891146
3735,294.04,0,21,0.5,0.030903,0,8,1,0,1,1,0,0,3,4,0.49845434550476275
3736,294.07,0,31,0.5,0.030887,0,10,1,0,1,1,0,1,4,4,0.37522831620949104
3737,294.15,2,78,8.9,0.030872,2,13,2,0,1,1,0,1,10,3,0.5980789086338231
3738,294.22,3,74,21.9,0.030857,3,22,3,0,1,1,0,2,9,7,0.6447241148354681
3739,294.29,3,71,13.4,0.030841,3,16,2,0,1,1,0,5,9,5,0.6940159010236419
3740,294.33,0,43,6.3,0.030826,0,17,1,0,1,1,0,1,6,4,0.5638024775151063
3741,294.35,2,17,8.3,0.03081,2,5,2,0,1,1,0,0,2,0,1.4016055577717443
3742,294.59,3,200,28.2,0.030795,3,42,3,0,1,1,0,2,21,18,0.4980755719014195
3743,294.77,3,187,18.9,0.03078,3,31,3,0,1,1,0,2,22,14,0.5039988716153586
3744,294.86,10,132,32.7,0.030764,5,29,4,1,0,1,0,2,15,11,0.7956580993118078
3745,295.06,4,168,16.9,0.030749,4,23,3,0,1,1,0,3,18,13,0.4757612314907908
3746,295.13,1,77,4.6,0.030733,1,14,1,0,1,1,0,1,9,7,0.5706956364181567
3747,295.2,0,73,2.4,0.030718,0,17,1,0,1,1,0,2,8,3,0.733679370989163
3748,295.27,2,75,16.0,0.030703,2,20,3,0,1,1,0,1,9,5,0.5267816617940781
3749,295.36,1,92,15.9,0.030687,1,27,1,0,1,1,0,1,11,9,0.46870881286662974
3750,295.41,1,54,8.9,0.030672,1,17,1,0,1,1,0,2,7,7,0.5181914776655818
3751,295.65,3,222,11.8,0.030657,3,32,3,0,1,1,0,6,25,20,0.574149058856711
3752,295.66,0,13,-2.4,0.030641,0,5,0,0,1,1,0,1,2,1,0.7245595279434972
3753,296.26,5,400,-33.6,0.030626,0,32,3,1,0,0,1,22,44,35,0.6295287336861333
3754,296.27,1,17,6.1,0.030611,1,8,1,0,1,1,0,0,2,2,0.6594682536477955
3755,296.45,4,208,15.1,0.030595,4,31,4,0,1,1,0,9,24,11,0.5650555912066817
3756,296.59,1,121,6.1,0.03058,1,25,2,0,1,1,0,6,15,8,0.4538034035411897
3757,296.7,0,162,-8.9,0.030565,0,17,0,0,0,1,0,3,19,17,0.5785371796331166
3758,296.7,0,6,-3.6,0.030549,0,3,0,0,1,1,0,1,1,0,0.4195349847408915
3759,296.95,4,202,28.4,0.030534,4,42,4,0,1,1,0,7,20,14,0.6398630461369113
3760,297.01,3,53,16.4,0.030519,3,14,3,0,1,1,0,2,6,3,0.6698221277090022
3761,297.16,2,127,18.2,0.030504,2,28,4,0,1,1,0,1,14,11,0.5962031172543861
3762,297.25,1,125,13.6,0.030488,1,30,1,0,1,1,0,3,15,9,0.6106481900688222
3763,297.33,1,85,12.1,0.030473,1,23,3,0,1,1,0,2,11,4,0.6931423020584683
3764,297.43,2,99,17.2,0.030458,2,24,2,0,1,1,0,1,12,9,0.4896545543073861
3765,297.55,1,147,-4.4,0.030443,1,18,2,0,1,1,0,6,18,17,0.5672136533765082
3766,297.78,3,295,16.4,0.030427,3,45,4,0,1,1,0,6,35,31,0.5276269610553573
3767,298.02,3,170,7.7,0.030412,3,22,3,0,1,1,0,6,17,13,0.6686182674582265
3768,298.11,3,91,15.0,0.030397,3,21,1,0,1,1,0,6,10,9,1.0461623291091615
3769,298.21,3,106,28.8,0.030382,3,32,2,0,1,1,0,2,12,6,0.5081636728481689
3770,298.28,1,69,2.6,0.030367,1,10,1,0,1,1,0,0,8,5,0.5254339005267122
3771,298.4,1,125,4.7,0.030352,1,23,2,0,1,1,0,5,14,8,0.6148754574729671
3772,298.48,1,78,11.2,0.030336,1,20,1,0,1,1,0,0,10,10,0.5945320004175778
3773,298.93,6,400,-11.0,0.030321,1,43,3,1,0,0,1,15,47,39,0.4680070243389432
3774,299.0,2,78,4.8,0.030306,2,11,3,0,1,1,0,3,9,4,0.5408855860566313
3775,299.0,0,6,-2.7,0.030291,0,3,0,0,1,1,0,0,1,1,0.6127047269091578
3776,299.02,0,30,0.8,0.030276,0,11,0,0,1,1,0,2,4,2,0.5670710174909168
3777,299.07,1,43,3.4,0.030261,1,11,1,0,1,1,0,3,5,3,0.5847950617490245
3778,299.49,8,305,11.3,0.030245,3,40,3,1,1,1,0,6,31,22,0.49791758961734145
3779,299.72,2,326,-10.5,0.03023,2,33,3,0,1,1,0,14,38,19,0.4954879796872842
3780,299.76,2,48,13.7,0.030215,2,14,1,0,1,1,0,0,5,5,0.5448718080767733
3781,299.86,1,123,7.9,0.0302,1,25,1,0,1,1,0,4,15,8,0.5694623242645606
3782,299.88,1,15,5.4,0.030185,1,7,1,0,1,1,0,0,2,1,0.8840806979947049
3783,299.98,0,119,9.5,0.03017,0,31,0,0,1,1,0,3,14,16,0.5767403746646614
3784,300.02,0,45,6.7,0.030155,0,17,0,0,1,1,0,0,6,8,0.805208261238302
3785,300.03,0,13,-1.5,0.03014,0,6,0,0,1,1,0,1,2,2,0.4949754551688532
3786,300.15,2,186,-0.7,0.030125,2,19,2,0,0,1,0,5,20,11,0.517202266048519
3787,300.43,1,316,-21.8,0.03011,1,23,2,0,1,1,0,11,35,22,0.482431925536943
3788,300.58,3,186,30.4,0.030095,3,44,3,0,1,1,0,3,20,20,0.562717977847418
3789,300.59,0,7,-2.7,0.030079,0,3,0,0,1,1,0,0,1,0,0.368974294989176
3790,300.75,8,268,11.6,0.030064,3,41,2,1,1,1,0,9,31,36,0.5493093397213127
3791,301.04,7,222,-3.4,0.030049,2,21,1,1,1,1,0,6,24,12,0.4131593645442763
3792,301.33,4,243,18.9,0.030034,4,37,4,0,1,1,0,6,29,28,0.6335069497024212
3793,301.86,2,380,-10.0,0.030019,2,32,1,0,1,1,0,6,46,30,0.4783697359488038
3794,302.18,4,279,16.4,0.030004,4,33,3,0,1,1,0,2,34,17,0.4824009256702169
3795,302.58,2,285,-10.4,0.029989,2,26,2,0,1,1,0,11,34,19,0.5253127809326997
3796,302.6,1,25,4.2,0.029974,1,8,2,0,1,1,0,1,3,3,0.9189665347446528
3797,302.63,2,39,14.9,0.029959,2,16,2,0,1,1,0,2,5,2,0.7408431741685856
3798,302.68,1,62,9.0,0.029944,1,19,1,0,1,1,0,3,8,8,0.5729372011125211
3799,302.72,1,50,5.3,0.029929,1,13,1,0,1,1,0,2,7,7,0.593970824323567
3800,302.83,9,147,27.8,0.029914,4,37,4,1,1,1,0,8,18,15,0.7489263919506128
3801,302.89,0,62,4.0,0.0299,0,17,0,0,1,1,0,1,8,8,0.9131937868949763
3802,302.99,1,96,12.3,0.029885,1,28,1,0,1,1,0,5,12,11,0.552237014587618
3803,303.02,0,31,-0.3,0.02987,0,9,0,0,1,1,0,1,4,2,0.48064254099066056
3804,303.52,5,400,14.5,0.029855,5,42,4,0,0,0,1,9,46,34,0.5190439964041464
3805,303.66,1,133,0.7,0.02984,1,19,1,0,1,1,0,4,15,10,0.7621949915755316
3806,303.74,1,81,9.8,0.029825,1,20,2,0,1,1,0,1,9,11,0.5379968723381903
3807,304.14,3,400,-0.4,0.02981,3,41,3,0,0,0,1,12,46,43,0.5762737375781646
3808,304.38,14,263,20.1,0.029795,4,36,4,2,1,1,0,2,30,26,0.4804363115603326
3809,304.45,1,68,12.1,0.02978,1,22,2,0,1,1,0,2,8,11,0.6375411248199905
3810,304.48,1,32,7.5,0.029765,1,12,2,0,1,1,0,1,4,3,0.6097688229415426
3811,304.58,3,86,21.9,0.02975,3,23,3,0,1,1,0,2,11,5,0.6846749694736798
3812,304.73,4,144,27.5,0.029735,4,31,3,0,1,1,0,3,16,11,0.7263059726768195
3813,305.03,6,210,32.0,0.029721,6,35,6,0,0,1,0,5,23,20,0.5408941866872874
3814,305.11,2,71,20.2,0.029706,2,25,2,0,1,1,0,2,8,7,0.672678313787532
3815,305.22,2,101,9.7,0.029691,2,18,2,0,0,1,0,2,11,12,0.8445067995900771
3816,305.27,0,52,8.0,0.029676,0,19,0,0,1,1,0,0,7,8,0.47068528602802295
3817,305.68,2,400,-4.3,0.029661,2,39,3,0,0,0,1,10,49,32,0.5039009650032596
3818,306.05,0,292,-19.8,0.029646,0,23,1,0,1,1,0,7,32,16,0.38180755794863735
3819,306.23,7,237,2.2,0.029632,2,35,3,1,1,1,0,12,26,21,0.49155434127368186
3820,306.48,0,221,0.0,0.029617,0,32,1,0,1,1,0,3,25,19,0.5566882384107567
3821,306.56,1,79,9.0,0.029602,1,21,1,0,1,1,0,3,10,11,0.6565130604548247
3822,306.86,1,203,0.2,0.029587,1,29,1,0,1,1,0,7,23,15,0.4376595352954246
3823,306.92,2,76,22.9,0.029572,2,29,3,0,1,1,0,2,9,15,0.7604839580706846
3824,307.08,3,218,23.9,0.029558,3,42,3,0,1,1,0,4,25,23,0.4870101347723589
3825,307.66,2,400,-13.5,0.029543,2,29,2,0,0,0,1,11,36,14,0.39536991227116974
3826,307.85,3,179,21.0,0.029528,3,36,3,0,1,1,0,6,22,11,0.627487471594569
3827,307.9,5,64,1.2,0.029513,0,13,0,1,1,1,0,0,9,4,0.5970653241079625
3828,308.08,6,172,5.1,0.029498,1,30,0,1,1,1,0,6,21,17,0.5266438161989292
3829,308.13,4,51,26.4,0.029484,4,19,4,0,1,1,0,2,6,5,1.0317665141535832
3830,308.16,1,39,9.8,0.029469,1,17,1,0,1,1,0,3,5,3,0.6393727101421449
3831,308.54,3,338,5.1,0.029454,3,51,3,0,1,1,0,19,38,31,0.7662136379828217
3832,308.62,1,78,22.2,0.02944,1,34,1,0,1,1,0,3,10,10,0.7840166576124012
3833,308.74,1,112,7.9,0.029425,1,20,1,0,1,1,0,0,13,9,0.4839395653501177
3834,309.03,1,400,-14.1,0.02941,1,40,2,0,0,0,1,16,48,30,0.4846990478968375
3835,309.37,2,232,-1.5,0.029395,2,22,2,0,1,1,0,4,25,13,0.48057100963965027
3836,309.46,1,84,9.7,0.029381,1,20,1,0,1,1,0,1,10,9,0.5684618652164927
3837,309.54,1,70,-0.3,0.029366,1,9,1,0,1,1,0,2,8,3,0.8236076081521493
3838,309.6,1,64,5.8,0.029351,1,16,0,0,1,1,0,3,8,8,0.5900984227871295
3839,309.71,1,102,10.0,0.029337,1,23,2,0,1,1,0,2,12,8,0.5423315602404989
3840,310.07,3,400,-5.4,0.029322,3,44,3,0,0,0,1,21,43,33,0.533662899218418
3841,310.2,1,158,13.8,0.029307,1,37,2,0,1,1,0,5,19,24,0.5151584683992763
3842,310.54,3,259,6.7,0.029293,3,36,6,0,0,1,0,11,30,24,0.6312843662971183
3843,310.66,0,122,-6.7,0.029278,0,14,1,0,0,1,0,3,8,5,0.39561266685112717
3844,310.8,0,130,2.9,0.029263,0,25,0,0,1,1,0,3,16,11,0.7182103229142298
3845,310.82,1,25,3.4,0.029249,1,7,1,0,1,1,0,1,3,1,0.46853499896573025
3846,311.12,1,252,-2.3,0.029234,1,27,1,0,1,1,0,2,27,21,0.4492752429941244
3847,311.54,4,380,8.7,0.02922,4,42,5,0,1,1,0,7,43,33,0.4656718776808636
3848,311.64,3,107,20.2,0.029205,3,23,3,0,1,1,0,1,11,11,0.6744957202433509
3849,311.66,1,24,4.4,0.02919,1,8,2,0,1,1,0,1,3,2,0.6245661869045546
3850,311.78,2,114,7.7,0.029176,2,18,2,0,1,1,0,3,14,9,0.48561291815399393
3851,311.8,1,27,8.1,0.029161,1,11,2,0,1,1,0,0,4,2,0.6839042758611904
3852,312.18,3,400,-1.2,0.029147,3,39,3,0,0,0,1,12,46,31,0.6137567447941814
3853,312.18,0,6,-2.7,0.029132,0,3,0,0,1,1,0,0,1,1,0.4521033351232148
3854,312.23,0,50,4.3,0.029117,0,15,0,0,1,1,0,0,7,7,0.43428948565854886
3855,312.45,2,204,-2.1,0.029103,2,19,1,0,1,1,0,4,24,17,0.40728865476726983
3856,312.72,1,214,-8.3,0.029088,1,20,2,0,1,1,0,6,25,9,0.34367057380754823
3857,312.92,2,400,-12.7,0.029074,2,38,2,0,1,1,0,14,45,17,0.451893871699652
3858,312.99,1,74,4.8,0.029059,1,17,1,0,0,1,0,4,10,8,0.6560660651891236
3859,313.0,0,14,-0.6,0.029045,0,6,1,0,1,1,0,0,2,2,0.3654440615476929
3860,313.07,0,69,3.7,0.02903,0,18,0,0,0,1,0,2,9,4,0.6091144695456061
3861,313.11,2,45,13.0,0.029016,2,13,2,0,1,1,0,0,5,5,0.8107325260712325
3862,313.16,6,50,8.5,0.029001,1,15,1,1,1,1,0,1,6,5,0.49821225252594625
3863,313.25,1,88,15.2,0.028987,1,26,1,0,1,1,0,1,11,10,0.48732335641297037
3864,313.51,1,203,-13.6,0.028972,1,18,1,0,1,1,0,10,22,13,0.5108472746940268
3865,313.54,0,30,5.5,0.028958,0,14,1,0,1,1,0,0,4,5,0.6040282915644742
3866,313.67,1,114,12.8,0.028943,1,27,2,0,1,1,0,2,14,8,0.430160878264033
3867,313.77,3,98,10.9,0.028929,3,17,3,0,0,1,0,5,10,13,0.7332320322173526
3868,314.02,2,276,-2.6,0.028914,2,30,2,0,1,1,0,7,31,30,0.4814544343819119
3869,314.09,1,69,8.6,0.0289,1,17,1,0,1,1,0,1,9,5,0.4549524291509914
3870,314.39,3,224,18.7,0.028885,3,39,4,0,1,1,0,6,25,19,0.4669537143619472
3871,314.51,3,121,17.1,0.028871,3,21,2,0,1,1,0,1,13,8,0.49469383825897134
3872,314.55,0,35,4.1,0.028856,0,14,0,0,1,1,0,1,5,4,0.4883294604822609
3873,314.64,2,89,17.3,0.028842,2,24,2,0,1,1,0,2,11,8,0.6424449310664039
3874,314.7,0,55,1.0,0.028828,0,15,0,0,1,1,0,3,7,5,0.8992054063080771
3875,314.74,2,48,16.6,0.028813,2,20,1,0,1,1,0,3,6,6,1.1073651832536797
3876,314.79,2,65,15.7,0.028799,2,18,2,0,1,1,0,0,8,8,0.6941487729168039
3877,314.98,3,234,10.2,0.028784,3,35,2,0,1,1,0,9,26,24,0.5122872475751508
3878,315.07,0,80,9.1,0.02877,0,24,0,0,1,1,0,1,10,9,0.6210278739013393
3879,315.37,3,274,-0.2,0.028756,3,25,2,0,1,1,0,7,37,8,0.47150825835854554
3880,315.57,1,142,14.5,0.028741,1,33,2,0,1,1,0,3,18,13,0.5718937353199125
3881,315.66,0,78,-7.0,0.028727,0,10,1,0,1,1,0,4,10,2,0.42023202132831416
3882,315.71,1,47,6.7,0.028712,1,13,1,0,1,1,0,1,6,6,0.7086507640992706
3883,315.83,6,121,8.7,0.028698,1,24,2,1,1,1,0,2,15,12,0.5702106665191621
3884,315.84,0,13,-1.4,0.028684,0,7,0,0,1,1,0,2,2,1,1.2509306312095227
3885,315.91,1,80,4.3,0.028669,1,14,1,0,0,1,0,1,8,7,0.5411731444561055
3886,316.02,0,113,6.9,0.028655,0,29,2,0,1,1,0,5,13,8,0.5945948621680346
3887,316.06,0,42,3.5,0.028641,0,14,0,0,1,1,0,1,6,3,0.46893051893135784
3888,316.15,2,100,22.0,0.028626,2,29,2,0,1,1,0,1,13,10,0.6924566906473764
3889,316.46,3,306,5.9,0.028612,3,42,3,0,1,1,0,13,38,25,0.4996554574795428
3890,316.7,1,301,-0.9,0.028598,1,39,3,0,1,1,0,7,37,28,0.542859395198705
3891,316.72,0,27,-0.1,0.028584,0,9,1,0,1,1,0,1,4,4,0.8151522248346098
3892,316.9,3,175,12.5,0.028569,3,25,3,0,0,1,0,4,19,10,0.5877722289200285
3893,317.12,2,222,-0.8,0.028555,2,22,0,0,1,1,0,4,23,16,0.4304206050758773
3894,317.25,4,140,28.6,0.028541,4,31,3,0,0,1,0,2,15,14,0.7175095790236494
3895,317.69,1,400,-9.6,0.028526,1,39,2,0,0,0,1,10,47,35,0.5101821701758547
3896,317.74,1,47,4.9,0.028512,1,13,1,0,1,1,0,3,6,4,0.8334249530431188
3897,317.77,2,32,10.5,0.028498,2,10,2,0,1,1,0,1,4,3,0.5997440415761205
3898,317.78,0,6,-4.6,0.028484,0,2,0,0,1,1,0,1,1,0,0.4213953314775091
3899,317.89,1,112,2.8,0.028469,1,18,1,0,1,1,0,3,13,10,0.5293819527788189
3900,318.06,11,199,11.3,0.028455,1,36,2,2,0,0,1,8,23,17,0.5453671216690936
3901,318.12,2,62,10.2,0.028441,2,15,2,0,1,1,0,3,7,6,0.5726870913960557
3902,318.2,0,90,-6.4,0.028427,0,15,1,0,0,1,0,7,11,4,1.1349741306512564
3903,318.27,1,65,6.9,0.028413,1,16,1,0,1,1,0,2,7,6,0.611818196730391
3904,318.44,9,173,20.1,0.028398,4,29,4,1,1,1,0,5,20,16,0.548579045994004
3905,318.87,3,400,-8.0,0.028384,3,33,2,0,0,0,1,13,46,29,0.4737708496172414
3906,318.98,1,102,8.7,0.02837,1,20,2,0,1,1,0,0,13,11,0.39624364453771854
3907,319.22,1,270,-3.7,0.028356,1,34,1,0,1,1,0,8,33,27,0.4578745876731231
3908,319.59,1,271,1.2,0.028342,1,34,1,0,1,1,0,4,30,17,0.44338231474134404
3909,319.63,0,43,2.2,0.028327,0,13,1,0,1,1,0,1,6,5,0.7745773145853296
3910,319.66,0,28,4.8,0.028313,0,13,1,0,1,1,0,0,4,4,0.5724276665863827
3911,319.84,4,166,30.7,0.028299,4,34,4,0,1,1,0,0,19,17,0.5648479133587299
3912,319.92,4,77,25.4,0.028285,4,21,3,0,0,1,0,2,8,9,1.1285698161755928
3913,319.94,1,31,3.6,0.028271,1,9,1,0,1,1,0,2,4,3,0.6359021612304515
3914,320.0,0,66,9.7,0.028257,0,23,0,0,1,1,0,1,8,7,0.6342306573152676
3915,320.02,0,20,1.8,0.028243,0,9,0,0,1,1,0,0,3,2,1.007950027876244
3916,320.07,2,50,13.6,0.028228,2,15,2,0,1,1,0,1,6,4,0.7272433411168325
3917,320.37,3,238,3.8,0.028214,3,26,2,0,1,1,0,6,27,24,0.5514702188021575
3918,320.37,0,5,-2.8,0.0282,0,3,1,0,1,1,0,0,1,3,2.6513794938555124
3919,320.39,0,20,-1.2,0.028186,0,6,0,0,1,1,0,0,3,2,0.4660121512569398
3920,320.42,1,24,7.4,0.028172,1,11,1,0,1,1,0,1,3,2,0.9796934926832886
3921,320.42,0,6,-3.6,0.028158,0,3,0,0,1,1,0,1,1,0,0.4883121845668334
3922,320.51,1,84,5.8,0.028144,1,15,1,0,1,1,0,0,10,8,0.43101260497647803
3923,320.64,6,123,4.6,0.02813,1,18,0,1,0,1,0,0,15,11,0.4902991525264479
3924,320.76,3,101,26.6,0.028116,3,30,2,0,1,1,0,2,12,13,0.739101878848485
3925,320.78,0,27,3.9,0.028102,0,13,0,0,1,1,0,1,4,4,0.5626641764888651
3926,320.94,0,212,13.5,0.028088,0,47,1,0,1,1,0,5,24,23,0.4613452945720844
3927,321.03,2,92,15.6,0.028074,2,22,3,0,1,1,0,1,11,12,0.538795834595566
3928,321.31,2,229,3.5,0.028059,2,28,2,0,1,1,0,5,26,16,0.4140474997089308
3929,321.47,6,150,12.6,0.028045,1,31,1,1,1,1,0,2,18,14,0.41255326453599844
3930,321.5,2,37,10.7,0.028031,2,12,4,0,1,1,0,2,5,6,0.6676513370742417
3931,321.78,2,194,9.4,0.028017,2,29,2,0,1,1,0,4,24,12,0.4522817823836164
3932,321.81,2,37,13.8,0.028003,2,14,3,0,1,1,0,1,5,5,0.8198638954237462
3933,322.13,1,230,1.8,0.027989,1,34,1,0,1,1,0,7,27,22,0.46488981451794553
3934,322.15,0,13,-2.5,0.027975,0,6,0,0,1,1,0,2,2,2,0.734053093151789
3935,322.24,1,88,10.6,0.027961,1,21,2,0,0,1,0,1,11,6,0.6501999997525381
3936,322.28,1,43,9.1,0.027947,1,14,1,0,1,1,0,0,5,6,0.6972432661465529
3937,322.31,4,41,22.6,0.027933,4,13,3,0,1,1,0,1,4,3,1.006448779097019
3938,322.51,3,231,26.7,0.027919,3,44,3,0,1,1,0,2,24,22,0.5650388144054732
3939,322.56,3,66,13.9,0.027906,3,14,1,0,1,1,0,3,6,5,0.7473969604966518
3940,322.74,2,153,10.6,0.027892,2,25,2,0,0,1,0,3,18,11,0.5025898077375848
3941,323.04,3,236,8.4,0.027878,3,35,3,0,1,1,0,11,26,20,0.5592910231157936
3942,323.06,0,22,5.4,0.027864,0,14,0,0,1,1,0,1,3,4,0.7927317979625156
3943,323.11,1,48,5.6,0.02785,1,13,1,0,1,1,0,2,6,6,0.7107144045800173
3944,323.2,0,94,-4.5,0.027836,0,17,0,0,1,1,0,6,11,11,0.6090370900523456
3945,323.27,0,68,5.5,0.027822,0,20,0,1,1,1,0,2,9,7,0.6088420530383993
3946,323.33,0,69,6.8,0.027808,0,21,0,0,1,1,0,1,9,13,0.6058563725988928
3947,323.4,0,81,1.2,0.027794,0,18,2,0,1,1,0,3,10,7,0.36710630714050163
3948,323.44,0,44,0.8,0.02778,0,13,0,0,1,1,0,2,6,8,0.4006823642810383
3949,323.88,3,362,4.2,0.027766,3,42,3,0,1,1,0,9,36,26,0.48093498648747607
3950,324.01,1,186,7.7,0.027752,1,30,1,0,1,1,0,3,22,7,0.5177516577962181
3951,324.3,4,194,21.2,0.027739,4,30,3,0,1,1,0,3,21,14,0.4823256037268357
3952,324.33,0,35,2.1,0.027725,0,12,0,0,1,1,0,1,5,4,0.40852784571210826
3953,324.39,1,71,2.5,0.027711,1,11,2,0,1,1,0,1,8,4,0.7063040539218304
3954,324.51,3,188,13.1,0.027697,3,28,2,0,1,1,0,5,22,11,0.49786093228661843
3955,324.86,1,313,-5.3,0.027683,1,36,2,0,1,1,0,8,36,20,0.4371173472918025
3956,324.89,1,36,6.2,0.027669,1,10,1,0,1,1,0,0,4,2,0.5233807645154962
3957,324.94,0,46,-2.7,0.027655,0,10,1,0,0,1,0,3,6,1,0.4980605138404541
3958,325.0,1,64,11.3,0.027642,1,19,0,0,1,1,0,1,8,3,0.8110068086774667
3959,325.03,1,42,9.3,0.027628,1,16,1,0,1,1,0,2,5,5,0.6624025734323092
3960,325.14,1,95,8.5,0.027614,1,21,1,0,0,1,0,2,11,10,0.5832554510233228
3961,325.18,2,34,11.4,0.0276,2,10,2,0,1,1,0,0,4,2,0.6032455425461303
3962,325.26,0,89,5.1,0.027586,0,22,1,0,1,1,0,2,11,10,0.7107138967140368
3963,325.49,1,190,-2.8,0.027573,1,29,2,0,1,1,0,11,23,18,0.6571817498320787
3964,325.55,1,59,4.6,0.027559,1,12,1,0,1,1,0,1,8,5,0.4886335706292085
3965,325.57,2,29,13.7,0.027545,2,13,2,0,1,1,0,1,4,4,0.9604902176522048
3966,325.7,6,162,6.6,0.027531,1,29,1,1,1,1,0,4,17,22,0.6860008879693333
3967,325.79,3,77,17.3,0.027517,3,20,3,0,1,1,0,4,8,10,0.8499280958162925
3968,325.89,4,90,21.0,0.027504,4,20,3,0,1,1,0,4,11,10,0.779951192721755
3969,325.9,0,7,-3.8,0.02749,0,3,1,0,1,1,0,1,1,1,0.6522560918784597
3970,326.35,7,379,-17.0,0.027476,2,30,2,1,0,1,0,11,43,31,0.4402783516507323
3971,326.35,0,6,-3.7,0.027462,0,2,0,0,1,1,0,0,1,1,0.288036007512795
3972,326.57,2,258,-3.9,0.027449,2,25,1,0,1,1,0,6,27,21,0.6169428328667964
3973,326.89,4,358,7.3,0.027435,4,39,4,0,1,1,0,9,40,19,0.4638651480423027
3974,326.93,1,44,9.2,0.027421,1,16,2,0,1,1,0,2,6,4,0.5914645618954333
3975,327.33,1,286,-6.4,0.027408,1,29,1,0,1,1,0,5,29,18,0.42919888559723013
3976,327.5,2,148,9.1,0.027394,2,25,2,0,1,1,0,5,17,11,0.4129563282999232
3977,327.6,2,131,7.3,0.02738,2,19,2,0,1,1,0,3,16,6,0.5561472665129302
3978,327.7,1,92,8.6,0.027367,1,23,2,0,1,1,0,5,11,2,0.6732207100209554
3979,327.78,1,91,5.3,0.027353,1,17,1,0,1,1,0,2,11,6,0.5770300535760138
3980,328.17,8,259,13.3,0.027339,3,36,3,1,1,1,0,4,30,28,0.5155616858904114
3981,328.45,2,205,6.2,0.027325,2,31,1,0,1,1,0,7,21,23,0.5843766308303064
3982,328.49,1,38,5.0,0.027312,1,10,1,0,1,1,0,1,5,2,0.7450125515837716
3983,328.72,5,224,28.1,0.027298,5,39,2,0,1,1,0,6,25,25,0.5411337233629958
3984,329.17,1,332,-12.6,0.027285,1,28,1,0,0,1,0,6,36,14,0.4208888080068192
3985,329.18,0,14,-3.5,0.027271,0,4,0,0,1,1,0,1,2,1,0.29221799662925235
3986,329.31,4,111,31.8,0.027257,4,31,4,0,1,1,0,2,12,11,0.6179561530614798
3987,329.38,1,71,2.6,0.027244,1,15,0,0,1,1,0,5,9,3,1.084405207845284
3988,329.55,2,164,16.8,0.02723,2,36,5,0,1,1,0,6,18,18,0.5288382401045061
3989,329.99,4,380,-1.1,0.027216,4,35,4,0,1,1,0,10,45,31,0.4816143077019437
3990,330.09,3,104,21.7,0.027203,3,24,1,0,0,1,0,1,10,9,0.8009241359940783
3991,330.32,2,400,-6.6,0.027189,2,36,2,0,0,0,1,10,47,25,0.3736393518126707
3992,330.39,1,63,2.4,0.027176,1,11,1,0,1,1,0,2,8,3,0.5040950460472696
3993,330.39,0,5,-2.8,0.027162,0,3,1,0,1,1,0,0,1,3,3.2678006020233363
3994,330.65,4,211,19.7,0.027148,4,43,4,0,1,1,0,15,26,22,0.5395865887587119
3995,330.69,1,43,6.6,0.027135,1,14,4,0,1,1,0,3,5,1,1.0349136059261146
3996,330.69,0,6,-5.6,0.027121,0,1,0,0,1,1,0,1,1,0,0.27200223497645454
3997,330.85,1,131,-14.8,0.027108,1,11,2,0,1,1,0,12,17,7,0.6611327524768881
3998,331.4,1,400,-32.0,0.027094,1,36,1,0,0,0,1,30,50,29,0.5023235109861797
3999,331.47,0,63,1.2,0.027081,0,15,2,0,1,1,0,2,8,5,0.6925970856505838
4000,331.87,1,400,-26.9,0.027067,1,19,1,0,0,0,1,9,54,18,0.5055159740135575
4001,332.0,2,121,9.8,0.027054,2,19,2,0,1,1,0,1,15,11,0.46719479629469984
4002,332.21,0,400,-54.6,0.02704,0,14,1,0,0,0,1,28,51,5,0.5094320862522294
4003,332.33,3,175,18.1,0.027026,3,32,2,0,1,1,0,5,22,14,0.5623101869290577
4004,332.55,5,222,27.7,0.027013,5,34,5,0,1,1,0,3,22,11,0.46975158529158617
4005,332.8,1,266,1.7,0.026999,1,40,2,0,1,1,0,10,35,17,0.5241255238318258
4006,332.86,0,77,3.4,0.026986,0,19,0,0,1,1,0,2,10,9,0.5483554975504084
4007,333.09,2,171,11.9,0.026972,2,36,2,0,0,1,0,10,21,20,0.7098141988727327
4008,333.13,1,59,10.1,0.026959,1,18,2,0,0,1,0,1,8,10,0.5031863099461498
4009,333.26,3,135,18.3,0.026945,3,26,1,0,1,1,0,3,16,12,0.5363138391445773
4010,333.45,1,192,7.0,0.026932,1,31,1,0,0,1,0,3,22,18,0.5533483626072401
4011,334.1,3,400,-17.2,0.026919,3,34,3,0,0,0,1,24,49,21,0.5400921001512665
4012,334.12,0,38,1.9,0.026905,0,13,0,0,1,1,0,2,5,3,0.7176571942165546
4013,334.26,3,113,18.0,0.026892,3,26,3,0,1,1,0,6,12,7,0.6037504772086764
4014,334.3,1,56,10.1,0.026878,1,16,1,0,1,1,0,0,7,3,0.6788657991768025
4015,334.5,5,159,-8.1,0.026865,0,24,1,1,1,1,0,10,19,12,0.6475916735359312
4016,334.54,0,35,1.1,0.026851,0,11,0,0,1,1,0,1,5,4,0.39738314433973637
4017,334.73,5,212,37.2,0.026838,5,45,4,0,1,1,0,4,23,26,0.5883311223235602
4018,334.8,1,85,7.5,0.026824,1,18,2,0,1,1,0,1,11,10,0.4029596392686187
4019,334.88,2,92,2.2,0.026811,2,14,2,0,1,1,0,7,11,6,0.8359169756418645
4020,335.12,2,239,8.1,0.026798,2,34,3,0,1,1,0,5,27,20,0.4647308936191375
4021,335.56,3,400,-4.1,0.026784,3,29,2,0,0,0,1,6,26,20,0.359626158958418
4022,335.68,0,133,11.7,0.026771,0,34,2,0,1,1,0,3,16,10,0.5589298511285772
4023,335.69,0,14,-1.6,0.026757,0,5,0,0,1,1,0,0,2,2,0.3757846124916793
4024,335.92,3,168,15.2,0.026744,3,30,3,0,1,1,0,7,17,10,0.5573319587516986
4025,336.22,1,400,-11.6,0.026731,1,36,2,0,0,0,1,10,46,25,0.4449420882063175
4026,336.31,7,132,18.0,0.026717,2,31,2,1,0,1,0,3,15,18,0.7060456193668433
4027,336.4,1,88,6.7,0.026704,1,17,0,0,1,1,0,1,10,5,0.45546441667572973
4028,336.55,2,148,20.4,0.026691,2,31,2,0,1,1,0,0,18,8,0.4480368303694504
4029,336.63,1,109,7.7,0.026677,1,22,0,0,1,1,0,2,13,14,0.5361089518159254
4030,336.69,0,58,9.3,0.026664,0,23,0,0,1,1,0,2,8,9,1.0890033605808105
4031,336.76,1,94,18.9,0.026651,1,31,1,0,1,1,0,2,12,7,0.5635311221217413
4032,336.82,2,55,11.0,0.026637,2,13,2,0,1,1,0,1,7,5,0.588121690516304
4033,336.89,3,75,24.6,0.026624,3,24,3,0,1,1,0,1,8,9,0.686705807975969
4034,337.09,3,242,8.7,0.026611,3,32,3,0,1,1,0,7,28,21,0.6063645202887737
4035,337.15,2,62,14.2,0.026597,2,19,2,0,1,1,0,3,7,6,0.9934849164124271
4036,337.24,2,92,7.5,0.026584,2,15,2,0,1,1,0,2,12,13,0.7232068979216202
4037,337.37,1,122,10.7,0.026571,1,25,0,0,1,1,0,1,15,11,0.5356361967759162
4038,337.52,3,139,23.5,0.026558,3,32,4,0,1,1,0,3,14,16,0.7186006455562277
4039,337.68,7,369,-13.4,0.026544,2,27,2,1,1,1,0,7,43,15,0.3949484638295225
4040,337.87,3,189,19.0,0.026531,3,34,3,0,1,1,0,4,22,21,0.4968784651362083
4041,337.9,1,33,8.0,0.026518,1,13,1,0,1,1,0,1,4,7,0.7704808645129452
4042,338.1,1,212,22.2,0.026504,1,48,2,0,1,1,0,3,23,16,0.4859325924760641
4043,338.43,7,312,9.3,0.026491,2,43,2,1,1,1,0,5,38,25,0.5389649226715465
4044,338.63,2,206,14.2,0.026478,2,36,3,0,1,1,0,4,23,22,0.5048301075581866
4045,338.82,5,163,25.4,0.026465,5,28,3,0,0,1,0,5,17,13,0.7489157713699496
4046,339.03,7,173,43.2,0.026451,7,36,4,0,1,1,0,4,20,15,0.7055511108260513
4047,339.1,2,83,15.8,0.026438,2,21,2,0,1,1,0,1,10,9,0.6999531111833732
4048,339.13,0,32,-0.6,0.026425,0,9,0,0,0,1,0,1,5,4,0.651330602931752
4049,339.13,0,6,-4.7,0.026412,0,1,0,0,1,1,0,0,1,1,0.34493816788474846
4050,339.52,1,289,-6.3,0.026399,1,30,1,0,1,1,0,6,37,14,0.41951977918842454
4051,339.76,4,331,7.3,0.026385,4,34,4,0,1,1,0,6,36,26,0.5174540960996824
4052,339.77,0,6,-4.6,0.026372,0,2,0,0,1,1,0,1,1,0,0.31091124850287305
4053,339.89,2,157,4.6,0.026359,2,22,2,0,1,1,0,6,17,7,0.5830872631126774
4054,339.9,0,13,0.6,0.026346,0,7,0,0,1,1,0,0,2,1,0.5976114631287821
4055,340.39,2,400,-8.2,0.026333,2,33,2,0,0,0,1,8,44,31,0.4313290797348194
4056,340.46,2,81,11.3,0.02632,2,17,2,0,1,1,0,2,10,6,0.5802270133447671
4057,340.54,2,73,14.0,0.026306,2,19,2,0,1,1,0,2,8,7,0.562247854462229
4058,340.68,2,173,5.5,0.026293,2,21,1,0,1,1,0,2,17,12,0.49279410404035
4059,341.15,5,372,-2.6,0.02628,5,30,4,0,1,1,0,13,38,24,0.4189532740649528
4060,341.39,4,215,12.9,0.026267,4,26,3,0,0,1,0,5,24,16,0.45671461784171974
4061,341.41,0,21,-0.4,0.026254,0,8,1,0,1,1,0,1,3,3,0.4264410102822173
4062,341.5,3,86,16.7,0.026241,3,19,1,0,1,1,0,3,10,7,0.6801473544011933
4063,341.85,5,323,11.5,0.026228,5,36,5,0,1,1,0,9,38,32,0.5120992634651953
4064,341.95,4,155,37.9,0.026214,4,44,3,0,1,1,0,4,17,16,0.5805787926011603
4065,341.98,1,35,6.0,0.026201,1,11,0,0,1,1,0,1,4,5,0.7089557424948041
4066,342.13,2,154,12.6,0.026188,2,28,2,0,1,1,0,4,18,10,0.5071783733880317
4067,342.19,2,69,14.2,0.026175,2,21,2,0,1,1,0,4,8,9,0.7444664386472394
4068,342.29,1,88,11.3,0.026162,1,22,1,0,1,1,0,1,12,9,0.5297714103961488
4069,342.36,0,65,1.0,0.026149,0,15,1,0,1,1,0,2,9,5,0.43126494266369736
4070,342.62,2,208,3.9,0.026136,2,29,2,0,0,1,0,8,17,13,0.5935431075112352
4071,342.62,0,15,-0.6,0.026123,0,6,1,0,1,1,0,0,2,1,0.3501724824593297
4072,342.65,1,30,8.7,0.02611,1,12,1,0,1,1,0,0,4,3,0.6295238055408766
4073,342.69,0,50,4.4,0.026097,0,16,0,0,1,1,0,1,7,6,0.6342683758732932
4074,342.91,4,400,-6.6,0.026084,4,33,4,0,0,0,1,18,47,15,0.5815675013468619
4075,343.03,2,111,10.2,0.026071,2,20,2,0,1,1,0,3,13,7,0.5915495519852675
4076,343.04,0,6,-3.6,0.026058,0,3,0,0,1,1,0,1,1,0,0.43397968130505266
4077,343.28,6,324,14.3,0.026045,6,31,4,0,1,1,0,7,38,23,0.6305295551423032
4078,343.38,2,94,14.8,0.026032,2,21,3,0,1,1,0,1,11,8,0.6659971814145739
4079,343.44,1,61,19.1,0.026018,1,27,1,0,1,1,0,1,8,8,0.5712361369274448
4080,343.63,2,143,18.2,0.026005,2,32,1,0,1,1,0,3,17,15,0.4595948685388349
4081,343.79,2,128,23.8,0.025992,2,33,2,0,1,1,0,0,14,14,0.4296471183543229
4082,343.86,1,78,15.7,0.025979,1,29,1,0,0,1,0,5,10,5,0.8758927842019164
4083,344.09,5,252,24.8,0.025966,5,41,6,0,0,1,0,9,26,20,0.6246551842521224
4084,344.29,4,254,19.7,0.025954,4,36,4,0,1,1,0,4,28,19,0.47658524212872816
4085,344.35,1,65,7.1,0.025941,1,15,0,0,1,1,0,1,8,4,0.6409386640020996
4086,344.81,2,400,-16.2,0.025928,2,25,1,0,0,0,1,8,45,31,0.40594099404746964
4087,345.0,4,158,15.3,0.025915,4,23,2,0,1,1,0,6,17,9,0.48839752633551625
4088,345.13,4,191,25.5,0.025902,4,37,5,0,1,1,0,6,21,14,0.45714546195393735
4089,345.53,1,400,-12.9,0.025889,1,32,1,0,0,0,1,7,49,28,0.35039946131156835
4090,345.83,2,239,16.8,0.025876,2,42,2,0,1,1,0,4,26,23,0.4338303807133752
4091,346.0,3,160,20.6,0.025863,3,29,2,0,0,1,0,1,17,14,0.4682508560339601
4092,346.45,1,272,-14.4,0.02585,1,28,2,0,1,1,0,13,32,22,0.5768053328533013
4093,346.45,0,6,-4.7,0.025837,0,1,0,0,1,1,0,0,1,1,0.3295661708420077
4094,346.6,2,146,17.5,0.025824,2,31,2,0,1,1,0,3,16,9,0.6697733726163317
4095,346.75,5,213,15.2,0.025811,5,27,5,0,1,1,0,9,23,15,0.5503983944013342
4096,347.22,3,343,-5.9,0.025798,3,27,3,0,0,1,0,6,35,26,0.43599567769346614
4097,347.28,1,57,8.8,0.025785,1,16,1,0,1,1,0,1,7,5,0.5762801777991471
4098,347.36,1,110,5.5,0.025772,1,20,2,0,1,1,0,2,14,15,0.633122599670256
4099,347.46,3,169,23.9,0.02576,3,35,4,0,1,1,0,3,21,12,0.5980955016149024
4100,347.54,1,97,2.3,0.025747,1,16,1,0,1,1,0,3,12,10,0.6333350621959475
4101,347.56,0,22,-0.4,0.025734,0,8,1,0,1,1,0,1,3,2,0.4301028654159092
4102,347.61,0,64,3.0,0.025721,0,17,1,0,1,1,0,2,8,6,0.5488647306585751
4103,347.83,2,162,13.2,0.025708,2,32,1,0,0,1,0,6,18,16,0.6096303450765653
4104,348.01,7,334,1.2,0.025695,2,34,2,1,1,1,0,3,37,14,0.4038180045352293
4105,348.52,1,400,-21.6,0.025682,1,21,1,0,0,0,1,6,44,15,0.4456028017211303
4106,348.65,10,113,30.7,0.02567,5,23,3,1,1,1,0,0,11,10,0.6115504705664763
4107,348.75,2,99,15.8,0.025657,2,25,3,0,1,1,0,3,12,13,0.7113290119630081
4108,348.8,1,61,7.8,0.025644,1,16,2,0,1,1,0,2,8,1,0.6286237973842734
4109,348.95,2,143,22.8,0.025631,2,34,2,0,1,1,0,1,18,9,0.5753460064014527
4110,349.02,3,83,14.9,0.025618,3,17,2,0,0,1,0,3,10,8,0.8421416568025427
4111,349.05,0,27,-2.2,0.025605,0,6,0,0,1,1,0,0,4,5,0.6704379099189895
4112,349.18,2,112,21.6,0.025593,2,30,4,0,1,1,0,1,13,12,0.6811577747955625
4113,349.19,0,14,-3.5,0.02558,0,4,0,0,1,1,0,1,2,1,0.34203023949577166
4114,349.37,7,241,5.1,0.025567,2,33,3,1,1,1,0,7,27,18,0.4696921719099042
4115,349.58,8,235,18.8,0.025554,3,39,4,1,1,1,0,4,25,27,0.5315013051398696
4116,349.78,2,278,6.3,0.025541,2,34,3,0,1,1,0,3,32,19,0.3605683877603951
4117,350.0,2,400,-15.4,0.025529,2,21,2,0,0,0,1,5,46,13,0.3631074879568996
4118,350.04,1,60,7.5,0.025516,1,14,1,0,1,1,0,0,8,5,0.46926261635641786
4119,350.1,1,55,7.9,0.025503,1,16,2,0,1,1,0,2,7,6,0.5731364914516398
4120,350.32,3,189,30.4,0.02549,3,43,3,0,1,1,0,2,22,17,0.444657916656335
4121,350.55,3,400,-5.1,0.025478,3,27,3,0,0,0,1,5,46,20,0.4969866727132966
4122,350.59,2,49,16.8,0.025465,2,18,1,0,1,1,0,1,6,3,0.728185664767583
4123,350.72,1,223,20.4,0.025452,3,35,2,0,0,0,1,5,25,22,0.49475558597442365
4124,350.97,3,262,-1.9,0.025439,3,26,3,0,0,1,0,9,30,27,0.4603835910388805
4125,351.18,1,175,4.2,0.025427,1,31,1,0,0,1,0,8,21,13,0.6419951671281626
4126,351.61,3,301,4.1,0.025414,3,32,1,0,1,1,0,6,35,18,0.4330020984304036
4127,351.65,1,38,2.7,0.025401,1,9,2,0,1,1,0,2,5,5,0.7187903760506446
4128,351.67,0,28,1.9,0.025389,0,11,1,0,1,1,0,1,4,3,0.5024768920737406
4129,351.74,2,71,21.0,0.025376,2,28,3,0,1,1,0,4,9,9,0.8578297534473365
4130,352.02,3,320,-14.6,0.025363,3,17,0,0,1,1,0,8,38,16,0.4984082961624294
4131,352.09,0,102,7.5,0.025351,0,26,0,0,1,1,0,3,14,3,0.5301811565703869
4132,352.29,6,152,9.5,0.025338,1,29,2,1,1,1,0,3,16,13,0.456088167029205
4133,352.49,4,217,19.0,0.025325,4,32,2,0,1,1,0,4,23,23,0.5915367596120366
4134,352.89,2,350,-1.4,0.025313,2,38,3,0,1,1,0,7,43,24,0.49378763946001203
4135,353.09,2,235,17.1,0.0253,2,42,3,0,1,1,0,4,28,24,0.467470840434298
4136,353.24,2,148,18.9,0.025287,2,32,2,0,1,1,0,2,17,13,0.5342819753703089
4137,353.33,1,76,10.9,0.025275,1,20,1,0,1,1,0,1,10,5,0.5959418552570317
4138,353.49,2,134,12.4,0.025262,2,25,3,0,1,1,0,3,16,12,0.5352794547899228
4139,353.54,1,54,4.4,0.025249,1,15,2,0,1,1,0,5,7,2,0.5897072967095135
4140,353.97,0,398,-31.3,0.025237,0,32,1,0,1,1,0,16,49,25,0.5438326011064062
4141,354.04,2,81,5.5,0.025224,2,13,2,0,1,1,0,4,9,4,0.8472651693798253
4142,354.17,5,139,29.1,0.025211,5,28,4,0,0,1,0,4,15,10,0.8857386387079641
4143,354.26,1,104,5.4,0.025199,1,20,1,0,0,1,0,3,13,12,0.6736100165703491
4144,354.84,0,400,-30.4,0.025186,0,24,0,0,0,0,1,12,47,23,0.3850412399292089
4145,354.95,1,163,19.5,0.025174,1,43,3,0,1,1,0,5,20,22,0.5788597283780494
4146,355.31,3,400,-7.0,0.025161,3,36,4,0,0,0,1,15,48,29,0.4856486158168567
4147,355.77,1,393,-19.5,0.025149,1,34,1,0,1,1,0,11,41,32,0.48412344768164217
4148,355.77,0,6,-3.6,0.025136,0,3,0,0,1,1,0,1,1,0,0.40316493840808865
4149,356.11,2,400,-41.5,0.025123,2,36,2,0,1,1,0,39,48,35,0.6979573206905747
4150,356.45,1,332,-21.3,0.025111,1,20,2,0,1,1,0,6,37,21,0.40508937084619084
4151,356.48,0,21,-0.5,0.025098,0,7,1,0,1,1,0,0,3,4,0.37227173560941096
4152,356.54,1,67,11.5,0.025086,1,20,1,0,0,1,0,1,8,8,0.8153769550791757
4153,356.59,1,61,5.4,0.025073,1,12,0,0,1,1,0,0,7,5,0.560221105079691
4154,356.96,1,375,-17.7,0.025061,1,36,1,0,1,1,0,13,44,32,0.45888015985555664
4155,357.28,3,284,11.2,0.025048,3,32,2,0,1,1,0,1,31,14,0.3864298858459331
4156,357.36,0,69,8.4,0.025036,0,23,0,0,1,1,0,2,9,7,0.589790792453186
4157,357.4,1,48,4.8,0.025023,1,12,1,0,1,1,0,2,6,4,0.4918523814479774
4158,357.47,0,75,0.1,0.025011,0,15,1,0,1,1,0,2,9,4,0.4108606145091197
4159,357.62,7,235,14.8,0.024998,2,41,4,1,0,1,0,6,27,17,0.5751697126745143
4160,357.93,4,285,16.7,0.024986,4,38,5,0,1,1,0,6,33,18,0.44522374262475684
4161,358.2,4,266,19.8,0.024973,4,35,5,0,1,1,0,2,29,16,0.4031776706363892
4162,358.31,1,106,4.4,0.024961,1,18,0,0,1,1,0,2,12,10,0.5007102264857851
4163,358.48,5,193,-11.9,0.024948,0,28,0,1,0,1,0,14,23,16,0.4470742743101918
4164,358.6,4,117,31.4,0.024936,4,30,4,0,1,1,0,1,15,9,0.7256560194594331
4165,358.68,2,98,13.2,0.024923,2,22,4,0,0,1,0,3,12,10,0.6007579778960662
4166,358.85,3,400,-19.9,0.024911,3,45,3,0,0,0,1,37,45,28,0.7454848634636343
4167,358.92,3,88,20.2,0.024898,3,25,3,0,1,1,0,5,10,10,0.6841072205307316
4168,358.94,0,29,0.5,0.024886,0,10,0,0,1,1,0,1,4,6,0.3700763676020614
4169,359.11,4,197,14.9,0.024873,4,24,3,0,1,1,0,3,21,14,0.5891796409004545
4170,359.2,0,91,2.8,0.024861,0,23,0,0,0,1,0,5,12,11,0.5046280968826562
4171,359.43,1,189,13.8,0.024848,1,40,2,0,1,1,0,5,21,23,0.5129255004244044
4172,359.72,7,373,-3.7,0.024836,2,40,2,1,1,1,0,8,42,34,0.48087853985147283
4173,359.95,2,244,9.0,0.024824,2,38,2,0,1,1,0,8,30,16,0.4674370613930894
4174,359.99,1,50,-1.2,0.024811,1,5,1,0,1,1,0,1,6,2,0.7692475186500968
4175,360.07,2,97,8.1,0.024799,2,18,1,0,1,1,0,5,12,2,0.7704827818864278
4176,360.23,1,164,19.3,0.024786,1,39,1,0,1,1,0,2,19,13,0.5370572706016249
4177,360.28,1,49,15.2,0.024774,1,21,2,0,1,1,0,0,6,9,0.6863532489885573
4178,360.45,3,240,12.2,0.024762,3,36,4,0,1,1,0,8,26,18,0.4920251240359689
4179,360.48,0,37,-0.8,0.024749,0,9,1,0,1,1,0,1,5,1,0.4774762602506572
4180,360.53,1,55,-3.1,0.024737,1,6,1,0,1,1,0,3,7,6,0.6695052808765032
4181,360.53,0,6,-4.6,0.024725,0,2,0,0,1,1,0,1,1,0,0.37002930690961433
4182,360.7,1,134,10.5,0.024712,1,28,1,0,1,1,0,3,14,11,0.5343604303208703
4183,360.79,2,94,23.6,0.0247,2,31,2,0,1,1,0,2,12,10,0.6002140117713751
4184,360.9,4,115,33.6,0.024687,4,33,4,0,1,1,0,2,13,9,0.6650977504283513
4185,361.22,0,304,-18.8,0.024675,0,25,1,0,1,1,0,7,39,14,0.34998455025243347
4186,361.29,1,56,13.8,0.024663,1,21,2,0,1,1,0,1,7,6,0.6754068937508322
4187,361.37,4,90,26.0,0.02465,4,22,1,1,1,1,0,1,10,10,0.7879890317017847
4188,361.54,3,146,22.1,0.024638,3,32,2,0,1,1,0,4,17,13,0.5725759977554482
4189,361.68,1,170,11.4,0.024626,1,35,2,0,1,1,0,5,16,16,0.51050533562412
4190,361.85,3,127,21.4,0.024613,3,27,2,0,1,1,0,2,13,9,0.551085604660487
4191,361.92,1,83,12.8,0.024601,1,23,2,0,0,1,0,1,9,9,0.5848846572435076
4192,361.95,0,35,3.8,0.024589,0,14,0,0,1,1,0,1,5,7,0.342738880306007
4193,362.12,2,242,10.7,0.024577,2,36,2,0,1,1,0,4,27,21,0.4892681215997635
4194,362.17,0,54,0.1,0.024564,0,12,0,0,0,1,0,1,7,5,0.849504535991763
4195,362.26,3,81,25.0,0.024552,3,26,3,0,1,1,0,2,9,9,0.8263960671583516
4196,362.78,3,400,-4.1,0.02454,3,27,3,0,0,0,1,4,44,20,0.38578285158529585
4197,362.89,3,117,19.2,0.024527,3,25,2,0,1,1,0,3,13,11,0.5673421157360066
4198,362.94,1,61,4.7,0.024515,1,12,2,0,1,1,0,1,8,2,0.42486374921006465
4199,362.96,0,21,-0.4,0.024503,0,8,0,0,1,1,0,1,3,3,0.40892682454243545
4200,363.11,1,161,-5.0,0.024491,1,17,3,0,1,1,0,5,19,9,0.47986966095993866
4201,363.27,0,188,15.2,0.024478,0,43,0,0,1,1,0,2,22,20,0.4454424110885819
4202,363.68,4,374,2.0,0.024466,4,37,4,0,1,1,0,9,43,36,0.4011085963794706
4203,364.15,2,400,-24.1,0.024454,2,16,2,0,0,0,1,9,48,10,0.35923562132863723
4204,364.17,1,17,2.1,0.024442,1,5,1,0,1,1,0,1,2,2,1.2508031798786077
4205,364.17,0,6,-4.6,0.02443,0,2,0,0,1,1,0,1,1,0,0.3135583782586496
4206,364.5,2,400,-11.2,0.024417,2,31,1,0,0,0,1,10,48,21,0.3738371549879683
4207,365.14,2,375,-16.5,0.024405,2,29,2,0,1,1,0,10,43,30,0.4000878757100006
4208,365.4,1,233,9.0,0.024393,1,40,0,0,1,1,0,6,27,17,0.6251437598173238
4209,365.44,3,44,23.2,0.024381,3,19,4,0,1,1,0,1,5,4,0.7734022168385217
4210,365.59,0,152,0.3,0.024368,0,26,0,0,0,1,0,4,18,15,0.46927413979642757
4211,365.95,0,365,-16.8,0.024356,0,33,1,0,1,1,0,6,44,23,0.37890824529825
4212,365.98,0,45,7.0,0.024344,0,18,1,0,1,1,0,1,6,5,0.8674341159660233
4213,366.02,2,49,15.7,0.024332,2,17,2,0,1,1,0,1,6,4,0.6272348806285909
4214,366.19,7,153,13.5,0.02432,2,26,3,1,1,1,0,1,18,12,0.5910028356336129
4215,366.32,4,130,22.3,0.024308,4,23,2,0,1,1,0,2,15,7,0.5692130485872318
4216,366.37,1,52,8.3,0.024295,1,14,0,0,1,1,0,0,7,5,0.8459102374146729
4217,366.69,3,368,4.1,0.024283,3,41,2,0,1,1,0,7,40,31,0.5051921747477394
4218,366.76,1,65,5.1,0.024271,1,15,1,0,1,1,0,3,8,4,0.5373692797880327
4219,366.84,0,101,4.0,0.024259,0,21,0,0,1,1,0,1,13,9,0.5068855269731912
4220,366.99,2,133,17.4,0.024247,2,29,3,0,1,1,0,2,16,13,0.4780892589548336
4221,367.08,2,123,28.2,0.024235,2,39,2,0,1,1,0,2,15,15,0.5241291794906352
4222,367.14,1,66,12.8,0.024223,1,23,1,0,1,1,0,3,9,6,0.7256185090632545
4223,367.21,3,65,23.9,0.024211,3,22,3,0,1,1,0,1,8,6,0.7041993850794058
4224,367.28,2,88,4.5,0.024198,2,13,3,0,1,1,0,4,11,7,0.5238508464819006
4225,367.39,1,103,15.5,0.024186,1,29,1,0,1,1,0,2,13,12,0.6926162049224965
4226,367.95,8,400,-7.6,0.024174,3,32,3,1,0,0,1,12,41,25,0.48466783853039763
4227,367.98,1,33,9.4,0.024162,1,13,1,0,1,1,0,0,4,3,0.6055056285549058
4228,368.31,6,275,-11.3,0.02415,1,24,2,1,1,1,0,6,25,18,0.4252989731826323
4229,368.48,2,156,15.3,0.024138,2,31,3,0,1,1,0,4,17,11,0.6888226377267679
4230,368.58,2,141,8.6,0.024126,2,24,4,0,0,1,0,5,15,13,0.5174849409277038
4231,368.67,2,89,11.1,0.024114,2,19,2,0,1,1,0,3,10,10,0.7543269087617461
4232,368.81,3,137,22.2,0.024102,3,30,3,0,0,1,0,3,14,11,0.6875588623520439
4233,368.82,0,13,1.5,0.02409,0,9,1,0,1,1,0,1,2,2,0.6792277318693388
4234,368.99,4,137,33.1,0.024078,4,33,3,0,1,1,0,0,15,12,0.6144256748356107
4235,369.02,0,29,1.7,0.024066,0,11,0,0,1,1,0,1,4,4,0.8221638545743237
4236,369.14,2,107,15.3,0.024054,2,26,1,0,0,1,0,4,12,10,0.8594870100607683
4237,369.4,1,292,-4.3,0.024042,1,34,2,0,1,1,0,7,32,21,0.4022647362048458
4238,369.46,2,74,17.0,0.02403,2,21,2,0,0,1,0,1,8,6,0.6953334680330091
4239,369.54,0,92,8.2,0.024018,0,24,0,0,1,1,0,1,12,6,0.5021441708259058
4240,369.69,1,142,14.2,0.024006,1,31,2,0,1,1,0,1,18,16,0.5372162474264239
4241,370.02,3,400,-7.1,0.023994,3,36,2,0,0,0,1,15,44,30,0.5291079310108142
4242,370.06,2,43,9.5,0.023982,2,11,3,0,1,1,0,2,5,2,0.6344732666503545
4243,370.22,1,155,18.8,0.02397,1,40,1,0,1,1,0,4,20,17,0.5775559469592848
4244,370.3,0,106,2.6,0.023958,0,22,0,0,1,1,0,3,14,8,0.4406903414279228
4245,370.72,8,304,-11.5,0.023946,3,21,1,1,1,1,0,10,32,21,0.4878697865725077
4246,370.85,3,102,13.0,0.023934,3,19,2,0,1,1,0,5,11,8,0.5381682737971595
4247,371.1,3,250,14.3,0.023922,3,36,2,0,0,1,0,4,26,27,0.4925951219363711
4248,371.12,0,28,0.9,0.02391,0,10,1,0,1,1,0,1,4,3,0.41141516960662633
4249,371.14,1,24,4.5,0.023898,1,7,1,0,1,1,0,0,3,1,0.6833647312189602
4250,371.4,1,231,-14.5,0.023886,1,16,0,0,1,1,0,6,25,14,0.4037174947845101
4251,371.53,3,116,19.3,0.023874,3,25,1,0,1,1,0,3,12,11,0.5060629950588764
4252,371.65,4,156,24.6,0.023862,4,31,4,0,1,1,0,4,16,18,0.5799590872291448
4253,371.75,9,211,34.0,0.02385,4,47,4,1,1,1,0,5,23,19,0.48993323081669293
4254,371.82,2,83,18.1,0.023838,2,23,3,0,0,1,0,1,8,6,0.7406745557025701
4255,371.95,6,109,14.2,0.023826,1,28,1,1,1,1,0,2,12,9,0.4735364131413323
4256,372.29,0,275,-19.0,0.023814,0,22,0,0,1,1,0,7,30,15,0.5107114652691945
4257,372.36,3,68,23.4,0.023802,3,24,3,0,1,1,0,3,7,8,0.819594971485962
4258,372.49,3,129,15.3,0.02379,3,25,1,0,1,1,0,6,13,8,0.5338023817070019
4259,372.62,3,146,26.6,0.023779,3,39,4,0,1,1,0,6,16,18,0.6930213372503087
4260,372.78,8,179,-0.1,0.023767,3,17,0,1,1,1,0,8,19,12,0.5616967497736514
4261,373.23,1,365,-32.9,0.023755,1,14,1,0,1,1,0,9,40,14,0.42053402234097026
4262,373.39,1,145,0.0,0.023743,1,19,0,0,1,1,0,3,16,15,0.41752264276621825
4263,373.42,1,35,10.3,0.023731,1,14,1,0,1,1,0,0,5,2,0.9892127688009363
4264,373.43,0,13,0.5,0.023719,0,8,1,0,1,1,0,1,2,2,0.5770432214392485
4265,373.61,1,186,3.1,0.023707,1,26,1,0,0,1,0,3,22,13,0.544675054383083
4266,373.78,3,148,13.0,0.023695,3,22,2,0,1,1,0,3,17,12,0.43677799976888854
4267,373.93,0,123,-4.8,0.023684,0,16,0,0,1,1,0,3,15,5,0.48184330567814004
4268,373.97,1,39,3.7,0.023672,1,10,1,0,1,1,0,2,5,4,0.5923737414859451
4269,374.09,1,133,16.1,0.02366,1,37,4,0,1,1,0,6,17,16,0.5290261825312095
4270,374.19,2,96,22.6,0.023648,2,29,1,0,1,1,0,1,11,8,0.7135759090088687
4271,374.22,0,36,3.9,0.023636,0,13,1,0,1,1,0,0,5,5,0.5132407135097876
4272,374.34,2,146,5.5,0.023624,2,18,2,0,1,1,0,2,15,9,0.5062682318251991
4273,374.49,9,170,17.3,0.023613,4,25,5,1,1,1,0,4,18,17,0.5095230979523963
4274,374.56,2,87,19.5,0.023601,2,26,2,0,1,1,0,2,10,8,0.7876155238943902
4275,374.62,2,62,9.4,0.023589,2,14,2,1,1,1,0,3,7,4,0.8014493650951694
4276,374.72,3,86,18.7,0.023577,3,21,2,0,1,1,0,3,10,7,0.7651503043049215
4277,374.77,2,61,10.4,0.023565,2,12,2,0,0,1,0,0,8,5,0.8002046746129311
4278,375.03,9,239,13.2,0.023554,4,31,4,1,1,1,0,6,24,29,0.590355981480436
4279,375.05,0,28,1.9,0.023542,0,10,0,0,1,1,0,0,4,3,0.47990771328043685
4280,375.13,2,76,13.6,0.02353,2,19,2,0,1,1,0,2,8,8,1.076141930565167
4281,375.44,3,400,-5.4,0.023518,3,24,2,0,0,0,1,2,45,23,0.4289227473751231
4282,375.64,2,240,-2.2,0.023507,2,23,2,0,1,1,0,5,26,12,0.43197727640237465
4283,375.83,1,134,0.6,0.023495,1,19,1,0,1,1,0,4,16,10,0.5950440888142123
4284,375.91,1,78,5.3,0.023483,1,16,1,0,1,1,0,2,9,9,0.5732552896751992
4285,376.15,4,280,18.2,0.023471,4,42,4,0,1,1,0,8,33,28,0.5231444598773124
4286,376.16,0,13,0.5,0.02346,0,8,1,0,1,1,0,1,2,2,0.7334157199490896
4287,376.2,1,48,6.4,0.023448,1,12,1,0,1,1,0,0,6,8,0.6316147510776416
4288,376.52,11,273,37.8,0.023436,6,46,5,1,1,1,0,3,31,29,0.5363249693053165
4289,376.58,0,63,1.4,0.023424,0,13,1,0,1,1,0,0,8,3,0.4542635525739626
4290,376.86,4,258,12.6,0.023413,4,35,4,0,1,1,0,10,28,16,0.42711238722768363
4291,376.87,0,6,-4.6,0.023401,0,2,0,0,1,1,0,1,1,0,0.2938894450560361
4292,377.04,4,144,24.3,0.023389,4,28,2,0,1,1,0,3,16,13,0.6641144280649327
4293,377.39,7,327,-16.2,0.023378,2,28,1,1,1,1,0,14,37,25,0.5122121151238124
4294,377.57,5,187,25.6,0.023366,5,32,5,0,0,1,0,6,22,17,0.5804979965105098
4295,377.62,0,57,0.7,0.023354,0,15,0,0,1,1,0,3,8,6,0.49937279555276975
4296,377.69,1,59,5.3,0.023343,1,16,0,0,1,1,0,4,7,8,0.508186090880139
4297,377.73,1,42,5.5,0.023331,1,12,1,0,1,1,0,2,5,3,0.4274011225068863
4298,377.74,0,14,-2.5,0.023319,0,5,1,0,1,1,0,1,2,1,0.3673469434730398
4299,377.96,1,203,7.0,0.023308,1,34,2,0,1,1,0,5,21,17,0.4684210962495872
4300,378.04,2,78,19.6,0.023296,2,25,2,0,0,1,0,2,10,6,0.80126329636533
4301,378.16,4,168,28.7,0.023284,4,36,4,0,1,1,0,4,19,15,0.5263092637912814
4302,378.29,0,142,-13.5,0.023273,0,10,1,0,1,1,0,4,17,3,0.44840713616918115
4303,378.37,3,99,23.4,0.023261,3,26,3,0,1,1,0,2,12,7,0.5206114023636315
4304,378.83,8,400,0.7,0.023249,3,42,4,1,0,0,1,13,48,32,0.4360529099726853
4305,378.89,1,60,6.5,0.023238,1,15,1,0,1,1,0,2,8,5,0.744779955089499
4306,378.9,0,7,-2.7,0.023226,0,3,0,0,1,1,0,0,1,0,0.42857153516886626
4307,379.0,2,95,9.0,0.023215,2,19,1,0,1,1,0,5,11,5,0.6284693696507812
4308,379.05,0,58,13.8,0.023203,0,25,1,0,1,1,0,0,7,4,0.6731436363773874
4309,379.07,0,14,-1.5,0.023191,0,6,0,0,1,1,0,1,2,1,0.36569003757764
4310,379.08,0,21,-2.5,0.02318,0,7,1,0,1,1,0,2,3,4,0.4625942739597828
4311,379.28,5,221,-1.5,0.023168,0,32,3,1,1,1,0,4,26,24,0.5091085971918062
4312,379.34,1,68,6.5,0.023157,1,17,2,0,0,1,0,3,8,7,0.8078131433969118
4313,379.37,1,34,11.1,0.023145,1,16,1,0,1,1,0,1,4,5,0.6799064099730466
4314,379.48,2,103,5.0,0.023133,2,20,0,0,0,1,0,8,13,17,0.6780355071798484
4315,379.57,2,83,13.7,0.023122,2,19,3,0,1,1,0,1,10,10,0.6872568080188497
4316,379.97,10,400,-24.0,0.02311,5,28,2,1,0,0,1,34,48,29,0.7082221337702259
4317,380.14,1,235,-9.2,0.023099,1,22,1,0,1,1,0,6,29,17,0.4540446356706972
4318,380.15,0,6,-3.6,0.023087,0,3,0,0,1,1,0,1,1,0,0.4194592843029787
4319,380.51,3,400,-1.2,0.023076,3,37,3,0,0,0,1,10,42,31,0.5623786657701643
4320,380.61,4,95,27.0,0.023064,4,26,4,0,1,1,0,4,10,5,0.8535460075951338
4321,380.76,2,135,5.9,0.023053,2,17,2,0,1,1,0,2,15,6,0.5845004021813955
4322,380.91,3,147,22.2,0.023041,3,33,3,0,1,1,0,5,15,11,1.0181197234264794
4323,380.95,0,37,2.9,0.02303,0,13,1,0,1,1,0,1,5,4,0.5172090349792489
4324,381.06,2,141,17.7,0.023018,2,30,2,0,1,1,0,2,16,12,0.47546935870401597
4325,381.09,0,38,5.7,0.023006,0,15,1,0,1,1,0,0,5,5,0.43420374922616706
4326,381.2,3,117,21.2,0.022995,3,27,3,0,0,1,0,3,15,11,0.6427773753297039
4327,381.42,2,170,14.2,0.022983,2,34,2,0,1,1,0,6,20,18,0.44928660075756277
4328,381.52,5,142,4.8,0.022972,0,27,0,1,1,1,0,2,18,10,0.5217906825660346
4329,381.69,2,184,8.1,0.022961,2,28,0,0,1,1,0,5,19,15,0.4734373620204769
4330,381.82,1,127,6.7,0.022949,1,22,2,0,1,1,0,2,15,6,0.6021539602812657
4331,381.97,2,209,19.9,0.022938,2,39,1,0,1,1,0,2,24,12,0.6361743053974249
4332,381.97,0,13,1.5,0.022926,0,9,0,0,1,1,0,1,2,2,0.6525455534125236
4333,382.07,3,94,15.6,0.022915,3,23,3,0,1,1,0,7,11,10,0.9212283243134252
4334,382.11,2,42,10.2,0.022903,2,11,2,0,1,1,0,1,5,6,0.8645650757189449
4335,382.15,0,42,2.4,0.022892,0,13,0,0,1,1,0,1,6,4,0.7399992925489843
4336,382.32,2,178,3.5,0.02288,2,25,1,0,0,1,0,7,20,17,0.573247539574278
4337,382.79,7,332,-28.0,0.022869,2,15,1,1,1,1,0,13,37,18,0.4840248651697277
4338,382.92,2,138,17.7,0.022857,2,34,3,0,1,1,0,6,15,15,0.7481499396345176
4339,382.92,0,6,-3.6,0.022846,0,3,0,0,1,1,0,1,1,0,0.37848536926207105
4340,383.26,1,312,-8.7,0.022835,3,15,3,0,0,0,1,6,31,14,0.5285248829818975
4341,383.72,3,400,-2.2,0.022823,3,33,2,0,0,0,1,7,44,31,0.4623062041072465
4342,383.75,0,29,0.8,0.022812,0,11,0,0,1,1,0,2,4,3,0.444545919268868
4343,383.92,4,161,36.4,0.0228,4,41,4,0,1,1,0,2,16,15,0.6282818169129176
4344,383.96,0,51,5.1,0.022789,0,18,0,0,1,1,0,2,7,8,0.6693126262405645
4345,384.1,2,160,18.4,0.022778,2,36,2,0,0,1,0,5,19,16,0.6257605165406882
4346,384.2,8,127,19.2,0.022766,3,26,4,1,1,1,0,3,14,11,0.6309929881475568
4347,384.62,2,369,-12.4,0.022755,2,35,0,0,1,1,0,12,40,35,0.5120032771123398
4348,384.69,1,77,11.7,0.022743,1,22,1,0,1,1,0,2,10,6,0.7907871156649633
4349,384.72,0,36,3.0,0.022732,0,13,0,0,1,1,0,1,5,4,0.48062191065889437
4350,384.87,4,218,31.1,0.022721,4,43,4,0,0,0,1,8,23,20,0.6765210022816551
4351,384.96,1,93,13.4,0.022709,1,25,1,0,0,1,0,1,11,13,0.617885746876538
4352,385.35,4,319,26.8,0.022698,4,50,3,0,1,1,0,3,37,33,0.48161110373042065
4353,385.67,2,382,-25.8,0.022687,2,18,3,0,1,1,0,8,42,26,0.46385399232778646
4354,385.75,2,88,12.1,0.022675,2,22,4,0,0,1,0,5,10,11,0.77096444013463
4355,385.89,2,188,-0.6,0.022664,2,15,2,0,0,1,0,1,21,8,0.3923622885177927
4356,385.92,0,46,1.9,0.022653,0,13,0,0,1,1,0,1,6,5,0.48693383370849747
4357,386.31,2,264,-5.5,0.022641,2,24,3,0,1,1,0,7,30,11,0.4832037083917406
4358,386.4,3,102,21.7,0.02263,3,25,3,0,1,1,0,2,11,11,0.4821339999262874
4359,386.76,1,400,-9.4,0.022619,1,37,1,0,0,0,1,8,47,33,0.42406477698965267
4360,387.14,1,400,-31.5,0.022607,1,18,1,0,0,0,1,13,44,14,0.42405488220806725
4361,387.56,4,370,-4.9,0.022596,4,33,1,0,1,1,0,12,39,39,0.5379231782796816
4362,387.95,2,369,-23.7,0.022585,2,22,2,0,1,1,0,12,39,18,0.47970464886770925
4363,387.97,0,28,0.6,0.022573,0,9,0,0,1,1,0,0,4,6,0.6784912973897549
4364,388.01,1,49,3.8,0.022562,1,9,1,0,1,1,0,0,6,3,0.4589259683272341
4365,388.08,1,70,1.2,0.022551,1,10,1,0,1,1,0,1,9,8,0.5400911326573901
4366,388.09,0,13,-1.6,0.02254,0,7,0,0,1,1,0,2,2,3,0.6625612262137851
4367,388.36,2,257,1.6,0.022528,2,32,2,0,1,1,0,8,29,17,0.5242956582024345
4368,388.45,3,101,22.1,0.022517,3,25,3,0,1,1,0,2,12,8,0.6965912529476719
4369,388.67,1,200,-0.1,0.022506,1,27,1,0,1,1,0,6,23,11,0.4272777197048463
4370,388.8,4,132,29.6,0.022495,4,31,4,0,1,1,0,2,18,12,0.5738179442470638
4371,388.84,0,43,6.1,0.022483,0,17,0,0,1,1,0,1,6,6,0.4690707076165392
4372,389.16,11,316,17.5,0.022472,6,33,4,1,1,1,0,6,37,29,0.6155958379542106
4373,389.59,3,400,-1.8,0.022461,3,34,2,0,0,0,1,8,39,27,0.4650665869345776
4374,390.03,3,398,-21.1,0.02245,3,27,3,0,1,1,0,15,46,33,0.5815022360720128
4375,390.12,1,131,14.7,0.022438,1,32,1,0,1,1,0,3,15,12,0.6391067934602347
4376,390.25,9,147,17.5,0.022427,4,23,4,1,1,1,0,5,16,8,0.695076976379025
4377,390.38,1,135,9.5,0.022416,1,27,1,0,1,1,0,3,16,10,0.5337597901654935
4378,390.45,3,81,22.2,0.022405,3,21,3,0,1,1,0,0,10,7,0.7048826509823148
4379,390.46,0,15,-1.6,0.022393,0,5,0,0,1,1,0,0,2,1,0.2805266574128616
4380,390.52,3,72,19.1,0.022382,3,21,6,0,1,1,0,4,9,7,0.8590729845221604
4381,390.89,2,353,-14.0,0.022371,2,27,2,0,1,1,0,8,44,27,0.3965339861910823
4382,391.15,1,400,-35.9,0.02236,1,33,3,0,0,0,1,31,49,28,0.6464630981974409
4383,391.25,0,97,6.7,0.022349,0,23,0,0,0,1,0,1,12,6,0.6306842866507985
4384,391.47,1,193,-3.3,0.022338,1,23,1,0,0,1,0,6,21,10,0.4097888514201833
4385,391.54,2,93,2.9,0.022326,2,10,1,0,1,1,0,2,10,8,0.7969370095357211
4386,391.78,5,257,1.3,0.022315,0,41,0,1,1,1,0,6,31,30,0.4554109200240973
4387,391.9,4,119,22.2,0.022304,4,24,5,0,1,1,0,4,13,9,0.8999077833899506
4388,391.95,1,63,8.1,0.022293,1,18,2,0,1,1,0,3,7,6,0.6238754073510047
4389,392.25,3,314,16.7,0.022282,3,49,3,0,1,1,0,9,36,19,0.48048800014136706
4390,392.62,3,263,13.5,0.022271,3,38,2,0,1,1,0,6,29,22,0.4827229612908634
4391,392.7,3,75,18.9,0.022259,3,18,2,0,0,1,0,1,9,6,0.8306565704827585
4392,392.97,0,232,-8.5,0.022248,0,27,3,0,1,1,0,5,28,23,0.4213684241791789
4393,393.2,1,221,-0.6,0.022237,1,27,2,0,1,1,0,4,24,15,0.4038984483045812
4394,393.4,3,186,9.1,0.022226,3,26,1,0,1,1,0,7,22,13,0.6130240178594688
4395,393.57,7,157,4.7,0.022215,2,25,4,1,1,1,0,8,18,16,0.5778298761403177
4396,393.6,0,37,7.0,0.022204,0,17,1,0,1,1,0,1,5,3,0.6251879279802331
4397,393.75,9,130,32.6,0.022193,4,34,2,1,1,1,0,2,16,14,0.6824175596151338
4398,393.84,1,80,9.2,0.022182,1,20,1,0,1,1,0,2,10,8,0.5283353304944087
4399,394.01,8,235,13.9,0.022171,3,35,1,1,1,1,0,5,26,26,0.5175620090507903
4400,394.17,3,156,22.1,0.02216,3,34,4,0,1,1,0,5,17,13,0.8188327094018033
4401,394.32,8,255,25.2,0.022148,3,49,3,1,1,1,0,6,28,23,0.4537816742577598
4402,394.44,2,156,18.0,0.022137,2,32,2,0,1,1,0,2,18,14,0.6125334584610653
4403,394.46,0,22,0.6,0.022126,0,9,0,0,1,1,0,1,3,2,0.4349040723696497
4404,394.47,0,14,-2.5,0.022115,0,5,0,0,1,1,0,1,2,1,0.3461255002001212
4405,394.56,0,92,-0.6,0.022104,0,17,1,0,0,1,0,3,12,4,0.6153630904699766
4406,394.75,0,225,-3.2,0.022093,0,30,0,0,1,1,0,4,26,17,0.4596815059256556
4407,394.83,2,78,15.6,0.022082,2,21,2,0,1,1,0,2,10,6,0.8288541383063747
4408,394.89,3,81,22.9,0.022071,3,23,3,0,1,1,0,1,10,10,0.7813897140760934
4409,394.93,0,52,7.2,0.02206,0,19,0,0,1,1,0,1,7,6,0.6734548885738647
4410,394.98,0,62,8.2,0.022049,0,22,1,0,1,1,0,2,8,6,0.467157137708005
4411,395.33,3,400,-14.2,0.022038,3,29,1,0,0,0,1,14,45,41,0.5196856520146073
4412,395.4,2,88,8.6,0.022027,2,16,2,0,1,1,0,3,11,6,0.6212642218163986
4413,395.54,2,153,11.0,0.022016,2,27,2,0,0,1,0,4,16,17,0.5696484260812735
4414,395.59,2,57,19.7,0.022005,2,21,2,0,1,1,0,0,7,6,0.6679159094358648
4415,395.88,3,288,8.9,0.021994,3,44,4,0,0,1,0,14,30,23,0.5407497678534919
4416,396.13,1,227,-2.5,0.021983,1,25,2,0,1,1,0,3,26,18,0.5146675883453568
4417,396.26,0,114,3.0,0.021972,0,23,0,0,1,1,0,3,15,6,0.545830731909155
4418,396.4,3,126,23.1,0.021961,3,29,3,0,1,1,0,2,14,13,0.5416573948364946
4419,396.48,5,78,29.6,0.02195,5,19,5,0,1,1,0,1,8,6,0.9175329978563891
4420,396.56,2,86,11.0,0.021939,2,19,2,0,1,1,0,4,10,4,0.7257082441965064
4421,396.72,3,155,24.1,0.021928,3,34,3,0,1,1,0,3,16,14,0.737681365622883
4422,396.84,4,121,29.3,0.021917,4,29,4,0,1,1,0,2,15,6,0.5781993416053474
4423,396.97,7,111,6.7,0.021906,2,20,1,1,1,1,0,7,14,2,0.6608116605180357
4424,396.99,0,29,0.7,0.021895,0,10,1,0,1,1,0,1,4,4,0.4207848490510602
4425,397.09,0,108,3.2,0.021884,0,21,1,0,1,1,0,1,13,10,0.37123011721999777
4426,397.24,3,154,22.5,0.021873,3,32,4,0,1,1,0,3,18,11,0.4565258801948327
4427,397.46,3,186,17.1,0.021862,3,35,2,0,1,1,0,8,21,13,0.5540873370572508
4428,397.63,0,156,1.3,0.021851,0,28,0,0,0,1,0,5,20,11,0.5676120279999659
4429,398.03,1,290,-5.8,0.02184,1,35,1,0,0,1,0,10,34,18,0.4469827149860386
4430,398.08,3,65,15.1,0.02183,3,15,3,0,1,1,0,3,8,4,0.6092820193660322
4431,398.13,1,46,9.0,0.021819,1,16,1,0,1,1,0,2,6,4,1.1913055646639725
4432,398.4,0,279,-11.9,0.021808,0,30,0,0,1,1,0,7,32,20,0.38470513917963184
4433,398.5,1,96,15.3,0.021797,1,27,1,0,1,1,0,1,12,11,0.5323166528475433
4434,398.84,3,263,4.4,0.021786,3,33,3,0,1,1,0,11,31,13,0.4498683144194158
4435,398.89,1,53,4.4,0.021775,1,11,1,0,1,1,0,1,7,3,0.6223786158387825
4436,399.08,6,280,29.4,0.021764,6,41,3,0,1,1,0,6,32,26,0.4892722024826755
4437,399.27,8,330,-0.2,0.021753,3,37,2,1,0,0,1,17,39,21,0.6179616084391347
4438,399.44,0,171,5.1,0.021742,0,30,1,0,1,1,0,1,20,18,0.3676818347463516
4439,399.79,1,323,-16.2,0.021731,1,27,1,0,1,1,0,9,35,19,0.4555001264120898
4440,400.09,4,223,11.1,0.021721,4,26,3,0,1,1,0,6,24,16,0.4538399147665501
4441,400.5,4,400,1.0,0.02171,4,31,3,0,0,0,1,7,44,29,0.465993494491189
4442,400.94,9,400,3.2,0.021699,4,34,4,1,0,0,1,8,45,27,0.49749350257152025
4443,401.4,2,325,-9.5,0.021688,2,32,2,0,1,1,0,11,40,30,0.42385324113311335
4444,401.43,0,35,0.1,0.021677,0,9,0,0,1,1,0,0,5,4,0.3837926935442945
4445,401.83,2,346,-22.7,0.021666,2,24,2,0,1,1,0,14,37,31,0.5570314615466163
4446,402.05,0,180,-2.6,0.021656,0,26,0,0,1,1,0,4,22,16,0.44192195597793194
4447,402.25,3,186,18.2,0.021645,3,31,2,0,1,1,0,3,22,12,0.4229081453953292
4448,402.37,1,131,0.2,0.021634,1,16,2,0,1,1,0,2,16,7,0.3994378933225879
4449,402.47,1,110,2.4,0.021623,1,19,1,0,1,1,0,5,13,6,0.6734393764282147
4450,402.53,0,60,6.6,0.021612,0,19,0,0,1,1,0,1,7,4,0.6083786618307863
4451,402.66,4,111,29.8,0.021601,4,31,5,0,1,1,0,4,13,11,0.892196824634156
4452,403.01,3,235,13.6,0.021591,3,34,3,0,1,1,0,5,27,19,0.5057961461416987
4453,403.06,1,58,2.8,0.02158,1,12,1,0,1,1,0,3,6,4,0.4639615904167168
4454,403.24,2,171,1.5,0.021569,2,21,1,0,1,1,0,6,19,14,0.5387842963706869
4455,403.3,3,60,23.5,0.021558,3,22,3,0,1,1,0,2,7,5,0.6969665357178487
4456,403.32,0,21,0.7,0.021548,0,8,0,0,1,1,0,0,3,2,0.8251213663724035
4457,403.61,2,347,-5.7,0.021537,2,34,2,0,1,1,0,7,40,30,0.4718326741333792
4458,403.72,3,138,26.8,0.021526,3,32,3,0,1,1,0,0,17,14,0.4958510441178934
4459,404.13,2,278,1.4,0.021515,2,34,2,0,1,1,0,7,31,28,0.5207318862222804
4460,404.25,1,161,8.2,0.021504,1,28,2,0,1,1,0,2,19,17,0.5556415245305962
4461,404.32,3,64,25.0,0.021494,3,23,1,0,1,1,0,1,7,6,0.848478079905583
4462,404.41,2,95,16.2,0.021483,2,25,2,0,1,1,0,3,11,13,0.8119959454907643
4463,404.54,7,133,12.7,0.021472,2,24,3,1,1,1,0,2,16,10,0.6628768607438653
4464,405.01,2,400,-15.8,0.021461,2,24,2,0,0,0,1,8,44,17,0.4058567328009392
4465,405.12,2,95,19.5,0.021451,2,26,1,0,0,1,0,1,10,10,0.6710142753847377
4466,405.19,2,74,15.9,0.02144,2,19,2,0,1,1,0,0,9,7,0.5176080822857558
4467,405.4,3,228,8.6,0.021429,3,26,3,0,1,1,0,3,23,16,0.46881550226287333
4468,405.42,0,22,-0.5,0.021419,0,7,0,0,1,1,0,0,3,3,0.26332357089859976
4469,405.88,3,400,-4.6,0.021408,3,34,4,0,0,0,1,11,42,25,0.4334139592965687
4470,405.98,1,92,15.0,0.021397,1,28,2,0,0,1,0,3,12,8,0.6629070526112463
4471,406.4,3,400,-4.3,0.021386,3,36,4,0,0,0,1,12,49,32,0.4968578115654307
4472,406.64,0,235,-2.9,0.021376,0,36,1,0,0,1,0,8,23,24,0.5473461017695779
4473,406.68,0,37,0.8,0.021365,0,13,0,0,1,1,0,3,5,5,0.511386835004026
4474,406.9,3,204,11.4,0.021354,3,25,5,0,1,1,0,2,24,12,0.3925491515315658
4475,407.31,3,302,4.9,0.021344,3,36,2,0,1,1,0,9,31,19,0.5059897836654467
4476,407.71,2,400,-4.5,0.021333,2,35,2,0,0,0,1,7,48,24,0.4298041977118076
4477,408.12,3,400,0.4,0.021322,3,34,2,0,0,0,1,6,45,25,0.4529925790902419
4478,408.22,4,115,26.8,0.021312,4,26,4,0,1,1,0,2,14,7,0.6687925676229499
4479,408.22,0,5,-3.8,0.021301,0,2,0,0,1,1,0,0,1,3,3.1628635756203574
4480,408.44,1,193,2.5,0.02129,1,25,0,0,1,1,0,2,21,12,0.4531601225249981
4481,408.49,0,57,8.6,0.02128,0,21,1,0,1,1,0,1,7,7,0.6096062948476365
4482,408.61,1,112,13.8,0.021269,1,27,2,0,1,1,0,1,13,10,0.5500792271474053
4483,409.05,1,400,-21.9,0.021259,1,34,1,0,0,0,1,18,48,28,0.47299235170052795
4484,409.25,3,177,7.5,0.021248,3,22,3,0,1,1,0,5,19,18,0.5590347292903957
4485,409.61,0,400,-30.4,0.021237,0,27,1,0,0,0,1,14,46,33,0.46012467964826687
4486,409.68,0,63,3.1,0.021227,0,16,0,0,1,1,0,1,8,6,0.6363425584918592
4487,409.71,2,37,14.8,0.021216,2,16,3,0,1,1,0,2,5,5,0.8140102942907724
4488,409.76,2,60,13.4,0.021205,2,16,1,0,1,1,0,1,7,6,0.8961031220765212
4489,409.82,1,62,4.3,0.021195,1,13,1,0,1,1,0,2,8,5,0.7445549638408501
4490,410.17,4,400,-14.5,0.021184,4,36,5,0,0,0,1,27,47,34,0.6374099256187198
4491,410.22,1,51,10.4,0.021174,1,18,1,0,1,1,0,2,7,5,0.9418294674522218
4492,410.27,1,57,8.0,0.021163,1,15,1,0,1,1,0,1,7,3,0.7864165579835419
4493,410.44,3,250,5.3,0.021152,3,27,1,0,0,1,0,5,28,17,0.43381905567756585
4494,410.65,5,222,27.2,0.021142,5,36,4,0,1,1,0,5,24,16,0.5045715499019188
4495,410.7,2,58,23.4,0.021131,2,25,1,0,1,1,0,0,7,8,0.6643630366504492
4496,410.8,0,113,5.0,0.021121,0,23,0,0,1,1,0,1,15,7,0.48884949692410934
4497,410.87,1,70,10.3,0.02111,1,18,2,0,1,1,0,0,9,7,0.4624685856510247
4498,410.94,1,75,8.1,0.0211,1,18,0,0,1,1,0,2,9,4,0.5488257618748572
4499,411.0,6,77,37.5,0.021089,6,24,4,0,1,1,0,3,8,8,0.7909112587403412
4500,411.51,7,370,-14.2,0.021079,2,28,1,1,1,1,0,7,42,32,0.4104593663929147
4501,411.59,3,101,25.0,0.021068,3,28,2,0,1,1,0,2,12,9,0.6290949362430579
4502,412.13,4,400,1.4,0.021057,4,33,5,0,0,0,1,8,45,35,0.43458018687794603
4503,412.2,2,86,14.5,0.021047,2,19,3,0,1,1,0,0,9,9,0.6290093350837171
4504,412.22,0,23,-3.5,0.021036,0,6,0,0,1,1,0,2,3,2,0.5349885019583714
4505,412.32,1,95,-1.1,0.021026,1,15,1,0,1,1,0,6,11,6,0.6703958064692815
4506,412.34,1,31,5.5,0.021015,1,10,1,0,1,1,0,1,4,4,0.5282094990809066
4507,412.49,3,148,19.7,0.021005,3,28,0,0,1,1,0,2,15,15,0.5765628987765191
4508,412.58,2,86,18.3,0.020994,2,25,3,0,1,1,0,2,11,11,0.6508896417735783
4509,412.63,1,54,6.8,0.020984,1,14,1,0,1,1,0,1,7,8,0.6453535438462699
4510,412.77,3,136,26.1,0.020973,3,35,4,0,1,1,0,4,17,13,0.7302581361395641
4511,412.84,1,69,16.4,0.020963,1,25,1,0,1,1,0,1,9,7,0.6242198298727795
4512,412.85,0,6,-2.9,0.020952,0,4,0,0,1,1,0,1,1,3,3.1114338826221446
4513,412.88,2,47,9.6,0.020942,2,12,1,0,0,1,0,2,6,7,0.7598485236122648
4514,412.92,2,47,9.7,0.020931,2,10,2,0,1,1,0,0,5,6,0.7779878368583267
4515,412.98,8,59,18.2,0.020921,3,15,2,1,1,1,0,0,6,9,0.5897825828948279
4516,413.12,1,121,2.7,0.020911,1,18,0,0,1,1,0,2,13,12,0.5880649233530933
4517,413.37,1,236,-3.1,0.0209,1,27,1,0,1,1,0,5,30,15,0.3947018848865197
4518,413.75,5,400,-5.5,0.02089,5,25,3,0,0,0,1,13,43,24,0.5532864214229648
4519,414.05,4,321,-2.2,0.020879,4,33,4,0,1,1,0,16,38,21,0.4419149974430364
4520,414.24,0,400,-30.0,0.020869,0,37,0,0,0,0,1,25,47,19,0.5569343666233614
4521,414.46,3,400,-17.8,0.020858,3,49,3,0,0,0,1,39,52,27,0.7005927171449905
4522,414.55,4,103,28.0,0.020848,4,24,2,0,1,1,0,0,12,7,0.6374610772249296
4523,414.94,9,354,12.0,0.020837,4,46,5,1,1,1,0,11,41,26,0.47368747608995265
4524,415.11,1,139,9.6,0.020827,1,25,1,0,1,1,0,0,16,15,0.491281980227675
4525,415.41,3,400,-9.1,0.020817,3,36,1,0,0,0,1,17,48,30,0.5108830962320792
4526,415.53,3,131,17.3,0.020806,3,29,1,0,0,1,0,7,15,16,0.8500868234322821
4527,415.67,7,226,26.5,0.020796,2,52,5,1,1,1,0,5,24,29,0.5398040911299575
4528,415.75,1,68,4.2,0.020785,1,14,1,0,1,1,0,2,8,10,0.9452976612657534
4529,415.87,2,149,9.2,0.020775,2,24,1,0,1,1,0,4,18,9,0.5493343728688648
4530,415.92,0,63,14.9,0.020765,0,28,0,0,1,1,0,1,8,8,0.8888500610251907
4531,416.05,2,114,22.4,0.020754,2,32,2,0,0,1,0,2,13,12,0.5813146155287457
4532,416.07,1,17,2.1,0.020744,1,4,1,0,1,1,0,0,2,2,0.5247435032990614
4533,416.14,1,71,1.5,0.020733,1,12,1,0,1,1,0,3,8,4,0.6471029788891762
4534,416.57,8,400,-5.4,0.020723,3,29,3,1,0,0,1,6,50,33,0.5533432735857838
4535,416.77,2,400,-17.3,0.020713,2,56,1,0,0,0,1,40,49,32,0.7445799412017121
4536,417.08,3,231,16.6,0.020702,3,38,2,0,1,1,0,7,26,13,0.6060839719593234
4537,417.19,1,104,11.0,0.020692,1,23,1,0,0,1,0,1,13,6,0.5982980028642888
4538,417.65,8,400,3.0,0.020682,3,41,3,1,0,0,1,10,48,29,0.5053169446351325
4539,418.11,0,400,-48.1,0.020671,0,25,1,0,0,0,1,30,49,30,0.6366930958356797
4540,418.16,0,51,3.4,0.020661,0,14,1,0,1,1,0,0,7,5,0.40907485356859624
4541,418.6,3,314,4.0,0.020651,3,36,3,0,0,1,0,8,34,26,0.4728996846633715
4542,418.67,0,70,8.0,0.02064,0,22,1,0,1,1,0,1,9,10,0.6285849365188259
4543,419.2,7,369,-24.6,0.02063,2,22,2,1,1,1,0,12,39,27,0.4741845950176578
4544,419.53,1,321,-17.6,0.02062,1,21,0,0,1,1,0,5,37,15,0.4533830237284502
4545,419.66,3,132,30.5,0.020609,3,37,3,0,1,1,0,2,16,13,0.6142683137497953
4546,419.74,6,94,9.9,0.020599,1,22,2,1,1,1,0,2,11,7,0.4754611262838935
4547,419.8,3,52,24.9,0.020589,3,21,4,0,1,1,0,0,6,9,0.7829519393225884
4548,419.97,6,142,8.4,0.020579,1,27,1,1,1,1,0,3,17,14,0.5921793741324369
4549,420.02,1,54,2.2,0.020568,1,11,1,0,1,1,0,3,7,4,0.49730091458432674
4550,420.31,1,247,4.2,0.020558,1,36,1,0,1,1,0,5,31,21,0.4329109843929722
4551,420.41,0,88,1.3,0.020548,0,17,0,0,1,1,0,1,10,9,0.6337122534529168
4552,420.45,0,45,1.4,0.020537,0,13,1,0,1,1,0,2,6,1,0.8458317493846312
4553,420.59,4,222,22.1,0.020527,4,43,2,0,1,1,0,12,26,17,0.6389646704591032
4554,420.73,1,128,6.2,0.020517,1,23,1,0,1,1,0,3,15,10,0.5325569903731326
4555,421.07,6,400,-32.8,0.020507,1,33,1,1,0,0,1,28,50,27,0.6336244616067738
4556,421.38,6,241,-10.2,0.020496,1,19,1,1,1,1,0,4,26,11,0.4155751686660015
4557,421.42,1,39,8.6,0.020486,1,13,1,0,1,1,0,0,5,5,1.2402627758886267
4558,421.57,0,142,-5.4,0.020476,0,23,2,0,1,1,0,8,18,12,0.5236171548366663
4559,421.76,8,199,18.3,0.020466,3,38,3,1,0,1,0,8,19,18,0.5698441505859032
4560,422.05,5,351,18.7,0.020455,5,41,5,0,1,1,0,5,40,22,0.5524734249039973
4561,422.37,2,400,-9.0,0.020445,2,36,1,0,0,0,1,13,48,19,0.37394615199079034
4562,422.41,1,36,8.1,0.020435,1,14,2,0,1,1,0,2,5,3,0.7911964262942435
4563,422.42,0,22,-3.6,0.020425,0,5,1,0,1,1,0,1,3,4,0.8110677484279772
4564,422.56,0,115,-1.2,0.020415,0,17,1,0,0,1,0,1,13,7,0.4600125704380114
4565,423.07,4,394,1.3,0.020404,4,38,4,0,1,1,0,10,47,23,0.5599608139867089
4566,423.22,5,159,30.1,0.020394,5,29,5,0,1,1,0,2,17,10,0.6027958397627708
4567,423.49,3,286,5.9,0.020384,3,37,3,0,1,1,0,10,31,25,0.551775309791088
4568,423.61,2,176,4.2,0.020374,2,21,3,0,1,1,0,3,21,12,0.4376061281881856
4569,424.24,7,400,1.6,0.020364,2,36,1,1,0,0,1,2,45,23,0.3806386641438949
4570,424.81,0,400,-24.8,0.020353,0,26,0,0,0,0,1,9,48,17,0.3733949067324521
4571,425.14,2,316,-2.4,0.020343,2,39,1,0,0,1,0,13,35,18,0.45669362661535606
4572,425.29,0,131,6.6,0.020333,0,29,0,0,1,1,0,3,16,13,0.5358465169691421
4573,425.63,4,400,8.3,0.020323,4,42,3,0,0,0,1,11,45,26,0.46467477779282107
4574,426.07,4,384,-1.0,0.020313,4,31,4,0,0,1,0,6,44,26,0.4052893751601178
4575,426.41,3,356,-0.9,0.020303,3,35,4,0,1,1,0,8,43,23,0.48639543513507155
4576,426.66,3,222,-2.3,0.020292,3,15,3,0,0,1,0,4,27,11,0.6120524344037592
4577,426.75,4,84,16.0,0.020282,4,15,2,0,1,1,0,5,9,6,0.8616047368991402
4578,426.85,3,111,31.1,0.020272,3,34,3,0,1,1,0,0,12,18,0.6489801383255069
4579,427.03,2,132,19.7,0.020262,2,31,3,0,1,1,0,2,16,11,0.6209321187551331
4580,427.32,5,314,3.3,0.020252,5,20,4,0,1,1,0,4,35,13,0.4757198585728021
4581,427.39,3,82,22.8,0.020242,3,24,1,0,1,1,0,2,10,10,0.8041429674446253
4582,427.55,1,160,4.9,0.020232,1,28,1,0,0,1,0,6,19,11,0.4463994198568673
4583,427.62,2,59,11.4,0.020221,2,16,1,0,0,1,0,3,7,7,0.7391156956933513
4584,427.87,1,222,-3.6,0.020211,1,25,2,0,1,1,0,5,23,14,0.3840040633360541
4585,428.01,3,106,24.0,0.020201,3,28,2,0,1,1,0,2,12,14,0.6943183939329753
4586,428.36,2,400,8.5,0.020191,2,49,2,0,0,0,1,7,47,34,0.46079248753550034
4587,428.96,7,400,-18.5,0.020181,2,22,2,1,0,0,1,8,43,24,0.40413519957402666
4588,429.47,1,400,-13.1,0.020171,1,32,1,0,0,0,1,8,46,20,0.34967124880040473
4589,429.63,4,180,12.4,0.020161,4,30,2,0,1,1,0,13,19,16,0.5314859033608744
4590,430.12,10,394,0.2,0.020151,5,34,5,1,1,1,0,12,43,24,0.45434184331538063
4591,430.65,3,400,-1.4,0.020141,3,36,3,0,0,0,1,9,45,33,0.44259877987010904
4592,430.92,2,240,17.6,0.020131,2,40,2,0,1,1,0,1,27,24,0.42730626707646485
4593,430.97,0,45,3.0,0.020121,0,15,0,0,1,1,0,2,6,5,0.5517694569033385
4594,431.29,1,400,-10.2,0.020111,1,40,2,0,0,0,1,13,46,21,0.46548940916380516
4595,431.45,5,140,29.1,0.0201,5,24,1,0,1,1,0,0,13,9,0.5698933798854009
4596,431.79,2,234,7.8,0.02009,2,32,3,0,1,1,0,4,28,18,0.42738621540712873
4597,431.89,2,99,11.0,0.02008,2,18,2,0,1,1,0,1,11,11,0.6311993166694327
4598,431.9,0,14,-2.6,0.02007,0,4,0,0,1,1,0,0,2,2,0.34788343445178727
4599,432.0,4,139,38.9,0.02006,4,41,4,0,1,1,0,2,16,12,0.6379962735585377
4600,432.18,3,150,29.7,0.02005,3,39,3,0,0,1,0,3,16,13,0.6890275744032998
4601,432.31,2,115,12.5,0.02004,2,23,2,0,1,1,0,3,14,10,0.4481388713682925
4602,432.74,1,400,-8.8,0.02003,1,40,1,0,0,0,1,11,48,27,0.4910107813898402
4603,432.89,2,182,0.8,0.02002,2,19,0,0,1,1,0,4,20,10,0.5792476292238599
4604,433.11,2,168,13.0,0.02001,2,31,2,0,0,1,0,5,20,12,0.6466348634755844
4605,433.43,4,264,9.9,0.02,4,26,4,0,1,1,0,3,29,17,0.5761166468451298
4606,433.83,1,335,-12.8,0.02,1,32,0,0,1,1,0,9,35,23,0.41292578748942976
4607,433.9,2,66,16.6,0.02,2,21,3,0,0,1,0,2,8,8,0.9757377853461913
4608,433.97,3,66,15.0,0.02,3,13,1,0,0,1,0,1,7,4,0.8619797558613298
4609,434.27,2,253,3.8,0.02,2,31,2,0,1,1,0,5,26,19,0.3651704452275311
4610,434.7,4,400,-0.6,0.02,4,36,4,0,0,0,1,13,47,35,0.49342082314288693
4611,435.05,1,276,-5.6,0.02,1,30,1,0,1,1,0,6,32,20,0.352995844635064
4612,435.18,2,116,19.5,0.02,2,30,2,0,1,1,0,3,14,9,0.6855581167201292
4613,435.31,2,109,6.3,0.02,2,15,2,0,1,1,0,2,13,8,0.6882587549650778
4614,435.32,0,6,-3.7,0.02,0,2,1,0,1,1,0,0,1,1,0.32184761285074837
4615,435.57,2,193,10.5,0.02,2,31,4,0,1,1,0,5,22,12,0.7234143708371994
4616,435.8,3,177,25.6,0.02,3,36,2,0,1,1,0,1,20,17,0.5521208235474055
4617,435.95,3,166,23.1,0.02,3,32,2,0,0,1,0,1,19,13,0.6012073165723937
4618,436.01,0,56,-3.3,0.02,0,12,0,0,1,1,0,4,7,7,0.6453452202295893
4619,436.23,2,224,12.8,0.02,2,36,3,0,1,1,0,4,24,18,0.5120458269346134
4620,436.27,0,36,4.8,0.02,0,15,0,0,1,1,0,1,5,6,0.5276316718287994
4621,436.63,9,259,21.2,0.02,4,41,3,1,1,1,0,7,33,19,0.49721550122023994
4622,436.72,1,88,6.6,0.02,1,19,1,0,1,1,0,3,11,6,0.5270344562254372
4623,437.1,1,245,-3.8,0.02,1,31,2,0,0,1,0,8,29,23,0.5493609260832105
4624,437.17,1,81,5.1,0.02,1,15,1,0,1,1,0,1,10,8,0.499441688960442
4625,437.61,5,306,22.0,0.02,5,43,3,0,1,1,0,8,33,24,0.5457309245173951
4626,437.74,3,109,23.2,0.02,3,28,3,0,1,1,0,3,11,9,0.6397206368719127
4627,438.26,1,400,-24.3,0.02,1,27,1,0,0,0,1,13,47,32,0.49978392039041925
4628,438.36,2,118,21.0,0.02,2,31,2,0,1,1,0,2,13,12,0.6156393285754087
4629,438.52,0,151,2.7,0.02,0,28,0,0,1,1,0,4,16,12,0.4850840538731473
4630,438.84,4,232,11.2,0.02,4,25,4,0,1,1,0,4,26,16,0.43520153336287787
4631,439.39,7,400,-15.0,0.02,2,32,2,1,0,0,1,14,45,29,0.4125161979304954
4632,439.47,1,72,6.3,0.02,1,15,2,0,0,1,0,1,9,5,0.9241505593048964
4633,439.63,2,132,10.4,0.02,2,24,2,0,0,1,0,4,16,14,0.5973040260153943
4634,439.71,3,77,23.3,0.02,3,23,3,0,1,1,0,1,9,10,0.7728585875821538
4635,440.11,3,350,-6.3,0.02,3,28,3,0,1,1,0,7,36,23,0.42234555287650266
4636,440.22,2,101,13.1,0.02,2,22,1,0,1,1,0,3,13,8,0.566907143197337
4637,440.59,2,400,-18.0,0.02,2,24,3,0,0,0,1,10,47,19,0.37214327360467075
4638,440.7,2,111,10.8,0.02,2,24,1,0,1,1,0,6,12,11,0.532975901987513
4639,441.11,2,391,-13.2,0.02,2,30,2,0,1,1,0,7,42,21,0.3971720437514494
4640,441.19,2,76,20.7,0.02,2,25,3,0,1,1,0,1,9,7,0.8390865565169708
4641,441.28,1,92,13.9,0.02,1,27,1,0,1,1,0,3,10,9,0.6736489547521475
4642,441.29,0,17,-0.8,0.02,0,6,0,0,1,1,0,0,2,1,0.4108115069886184
4643,441.44,2,120,21.1,0.02,2,31,2,0,1,1,0,2,15,9,0.5848136419746556
4644,441.95,5,400,8.4,0.02,5,33,4,0,0,0,1,7,47,25,0.459649128405171
4645,442.33,3,246,3.5,0.02,3,24,3,0,0,1,0,5,27,9,0.3699515187353156
4646,442.53,2,197,7.1,0.02,2,31,1,0,1,1,0,7,21,22,0.5342218484778773
4647,442.74,6,245,30.1,0.02,6,37,5,0,1,1,0,5,24,24,0.5482491791859723
4648,442.91,5,400,5.7,0.02,5,61,3,0,0,0,1,37,46,32,0.6954757369015717
4649,443.03,3,167,22.2,0.02,3,32,3,0,1,1,0,2,18,11,0.456664255879029
4650,443.42,1,400,-34.9,0.02,1,31,1,0,0,0,1,28,47,28,0.6504473404304123
4651,443.6,4,154,17.5,0.02,4,23,0,0,1,1,0,4,18,11,0.6996840615094942
4652,443.71,1,107,18.3,0.02,1,32,1,0,1,1,0,2,13,10,0.5989777354143123
4653,443.78,3,61,19.5,0.02,3,17,3,0,1,1,0,1,8,4,0.9386463021677004
4654,443.95,1,144,-0.2,0.02,1,23,1,0,1,1,0,8,16,8,0.46738421459233276
4655,444.19,4,275,33.1,0.02,4,50,5,0,1,1,0,2,30,24,0.4727425085495801
4656,444.29,0,80,-5.6,0.02,0,11,0,0,1,1,0,3,11,6,0.32148277277793624
4657,444.58,1,400,-12.5,0.02,1,26,1,0,0,0,1,2,48,14,0.3298264459592204
4658,444.99,1,400,-21.9,0.02,1,25,2,0,0,0,1,10,47,18,0.35699061380200275
4659,445.15,1,208,4.6,0.02,1,32,1,0,1,1,0,5,23,16,0.4475629890570347
4660,445.32,1,133,12.8,0.02,1,28,2,0,1,1,0,1,16,9,0.4611906960356241
4661,445.59,1,236,-7.1,0.02,1,28,1,0,1,1,0,10,27,15,0.4529181480608133
4662,445.71,0,102,0.1,0.02,0,21,0,0,0,1,0,5,13,7,0.6129141286875529
4663,446.05,6,344,-15.9,0.02,1,26,1,1,1,1,0,6,39,15,0.33799988419855764
4664,446.11,1,52,2.5,0.02,1,12,2,0,1,1,0,4,7,3,0.4877204516413333
4665,446.44,2,265,-0.0,0.02,2,29,2,0,0,1,0,6,29,15,0.4515375972748705
4666,446.63,0,170,-3.8,0.02,0,21,0,0,1,1,0,2,19,8,0.29147495022723774
4667,446.82,2,234,7.4,0.02,2,29,2,0,1,1,0,2,26,12,0.40249939322390144
4668,446.92,1,86,9.7,0.02,1,20,1,0,1,1,0,1,11,7,0.6052343189691344
4669,447.06,5,125,28.2,0.02,5,27,3,0,1,1,0,5,15,13,0.6339745924745451
4670,447.06,0,6,-3.6,0.02,0,3,0,0,1,1,0,1,1,0,0.471504562414331
4671,447.4,1,260,-5.1,0.02,1,30,0,0,1,1,0,7,28,21,0.4544410123041475
4672,447.45,1,49,14.4,0.02,1,20,2,0,1,1,0,0,6,7,0.5740677039340998
4673,447.58,8,187,15.5,0.02,3,28,2,1,1,1,0,2,20,18,0.6239480926019902
4674,447.77,3,142,23.4,0.02,3,33,4,0,1,1,0,4,17,14,0.46603599582864946
4675,447.94,1,161,7.6,0.02,1,26,2,0,0,1,0,1,13,13,0.3897673634702756
4676,448.0,1,64,9.2,0.02,1,16,2,0,1,1,0,0,8,4,0.6510713533589109
4677,448.27,2,293,-3.1,0.02,2,29,3,0,1,1,0,6,33,18,0.4683661203126937
4678,448.38,2,103,13.8,0.02,2,24,3,0,1,1,0,4,12,9,0.7025412431782703
4679,448.93,3,400,4.7,0.02,3,39,2,0,0,0,1,6,45,32,0.4389253768973564
4680,449.1,2,165,4.9,0.02,2,22,3,0,1,1,0,5,19,6,0.5157101744099986
4681,449.26,2,117,8.4,0.02,2,20,1,0,1,1,0,4,14,9,0.5169722790224786
4682,449.75,4,329,1.3,0.02,4,25,3,0,1,1,0,4,37,18,0.3821945337616821
4683,450.14,3,400,-23.2,0.02,3,33,2,0,0,0,1,28,49,31,0.6507907654661519
4684,450.17,1,37,7.9,0.02,1,12,1,0,1,1,0,0,5,4,0.5997107614322009
4685,450.19,0,20,0.7,0.02,0,9,0,0,1,1,0,1,3,3,0.5031970607348054
4686,450.58,6,400,-25.2,0.02,1,25,3,1,0,0,1,13,46,21,0.40344479880079426
4687,450.67,3,76,25.7,0.02,3,25,3,0,1,1,0,1,9,7,0.8423418711022252
4688,451.17,6,346,-6.0,0.02,1,37,1,1,1,1,0,6,38,24,0.3513532841068106
4689,451.47,3,318,3.3,0.02,3,32,1,0,1,1,0,5,38,19,0.4416568928177094
4690,451.56,2,82,16.3,0.02,2,20,2,0,1,1,0,0,11,5,0.7126449537666393
4691,451.58,0,22,2.5,0.02,0,10,0,0,1,1,0,0,3,3,0.524459564078109
4692,451.94,3,285,1.1,0.02,3,25,2,0,1,1,0,4,31,14,0.43410971221457123
4693,452.23,0,251,-10.0,0.02,0,24,1,0,1,1,0,2,30,19,0.41978784868597147
4694,452.44,3,312,2.8,0.02,3,34,4,0,1,1,0,8,36,20,0.4599402839368898
4695,452.88,8,341,6.4,0.02,3,40,4,1,1,1,0,7,38,25,0.4448216124275214
4696,452.89,0,13,-1.3,0.02,0,6,0,0,1,1,0,1,2,0,1.1060250454005383
4697,452.95,0,57,-5.9,0.02,0,7,0,0,1,1,0,2,7,2,0.43332376585804133
4698,453.05,2,102,16.9,0.02,2,26,3,0,1,1,0,3,11,9,0.666047113460245
4699,453.17,2,116,7.5,0.02,2,18,2,0,0,1,0,3,12,9,0.8258181288733841
4700,453.31,4,131,27.5,0.02,4,29,5,0,1,1,0,2,10,14,0.5162955917757515
4701,453.36,1,53,13.7,0.02,1,22,1,0,1,1,0,2,7,10,0.6173265745310632
4702,453.49,3,122,16.9,0.02,3,24,4,0,1,1,0,4,13,9,0.5691497978332832
4703,453.65,0,130,-7.7,0.02,0,15,0,0,1,1,0,4,15,7,0.5424983993169575
4704,453.66,1,16,2.3,0.02,1,4,1,0,1,1,0,0,2,1,0.4921383472071716
4705,453.76,3,90,24.8,0.02,3,26,2,0,1,1,0,1,11,12,0.7034531291879614
4706,453.92,4,169,16.7,0.02,4,20,4,0,0,1,0,0,18,14,0.44227529760145995
4707,454.36,3,400,-5.6,0.02,3,34,2,0,0,0,1,12,49,25,0.46450146460273234
4708,454.53,3,183,17.5,0.02,3,31,2,0,1,1,0,4,21,12,0.5425724335936101
4709,454.68,1,126,3.2,0.02,1,21,1,0,0,1,0,4,16,12,0.48079221289608715
4710,454.76,0,86,4.1,0.02,0,19,0,0,0,1,0,0,11,13,0.4776948286341937
4711,454.88,4,106,29.5,0.02,4,27,3,0,1,1,0,1,12,9,0.9021740450514992
4712,454.99,1,98,11.4,0.02,1,27,2,0,1,1,0,5,11,8,0.9684158070287698
4713,455.16,1,148,1.7,0.02,1,22,0,0,0,1,0,4,17,15,0.5531529856952537
4714,455.29,0,132,-8.3,0.02,0,11,2,0,1,1,0,1,16,1,0.47489742111334243
4715,455.94,1,400,-29.5,0.02,1,20,2,0,0,0,1,12,44,24,0.402910166475842
4716,456.43,9,400,2.2,0.02,4,39,1,1,0,0,1,14,47,27,0.4954743195710035
4717,456.47,0,45,4.1,0.02,0,15,0,0,1,1,0,1,6,4,0.6310145044931827
4718,456.5,1,31,4.5,0.02,1,9,1,0,1,1,0,1,4,4,0.5776172024747737
4719,456.71,3,180,15.1,0.02,3,34,2,0,1,1,0,9,18,19,0.4635095092125214
4720,457.24,3,400,-4.8,0.02,3,33,1,0,0,0,1,9,46,37,0.4299603149967013
4721,457.34,2,101,10.2,0.02,2,22,2,0,1,1,0,6,12,7,0.7012798920959097
4722,457.39,2,62,13.5,0.02,2,18,4,0,1,1,0,3,8,3,0.9823651563080665
4723,457.48,3,86,24.6,0.02,3,26,3,0,1,1,0,2,10,8,0.5506870112937516
4724,457.53,2,61,15.2,0.02,2,18,1,0,1,1,0,1,6,7,0.5731192819270144
4725,457.72,4,217,21.0,0.02,4,34,2,0,1,1,0,4,24,23,0.5420531303628898
4726,457.95,2,199,0.5,0.02,2,28,1,0,1,1,0,11,19,16,0.5291418608457547
4727,458.16,2,143,20.5,0.02,2,32,2,0,1,1,0,1,17,12,0.5328577144083473
4728,458.51,0,339,-19.6,0.02,0,35,0,0,1,1,0,13,39,27,0.45587050549642566
4729,458.59,1,75,13.7,0.02,1,23,1,0,1,1,0,1,9,8,0.4931259182043406
4730,459.0,1,400,-11.8,0.02,1,29,1,0,0,0,1,4,48,17,0.406397207113385
4731,459.14,1,126,7.4,0.02,1,24,0,0,1,1,0,3,16,10,0.5577752661580024
4732,459.33,11,379,-15.5,0.02,6,34,4,1,1,1,0,34,45,26,0.6694124623293272
4733,459.42,0,81,1.2,0.02,0,15,0,0,1,1,0,0,10,7,0.3594323588963024
4734,459.44,1,37,7.6,0.02,1,12,2,0,1,1,0,0,5,7,0.5880358717547177
4735,459.6,0,186,-1.5,0.02,0,23,2,0,1,1,0,0,21,9,0.2595868228867404
4736,459.81,2,154,16.5,0.02,2,29,1,0,1,1,0,1,18,11,0.41685544078289166
4737,459.92,2,104,14.8,0.02,2,23,3,0,1,1,0,2,12,8,0.5346844502642394
4738,460.07,3,170,13.0,0.02,3,25,3,0,1,1,0,4,20,10,0.5141829291463711
4739,460.15,1,73,4.8,0.02,1,17,1,0,0,1,0,4,8,9,0.7685450454569485
4740,460.2,3,50,18.7,0.02,3,14,1,0,1,1,0,0,5,3,0.8272924000939622
4741,460.55,2,281,-1.2,0.02,2,29,2,0,0,1,0,6,34,11,0.4444398557590453
4742,460.94,3,378,5.7,0.02,3,41,3,0,1,1,0,5,42,25,0.5016599697337679
4743,461.03,2,126,18.0,0.02,2,31,1,0,1,1,0,4,14,14,0.5429206170464559
4744,461.2,2,215,4.4,0.02,2,27,4,0,1,1,0,5,18,11,0.584092235446336
4745,461.44,3,221,16.1,0.02,3,40,3,0,0,1,0,10,23,18,0.5345387896979904
4746,461.59,0,125,-8.8,0.02,0,10,1,0,1,1,0,1,15,3,0.31239374206996506
4747,461.89,2,294,6.2,0.02,2,41,2,0,1,1,0,8,34,24,0.48186431964950704
4748,461.89,0,5,-2.8,0.02,0,3,1,0,1,1,0,0,1,3,3.4264866434510943
4749,461.97,1,77,13.8,0.02,1,22,0,0,1,1,0,0,9,5,0.5302230645196498
4750,462.05,1,87,13.4,0.02,1,27,1,0,1,1,0,4,11,9,0.7805147209870618
4751,462.14,4,82,27.2,0.02,4,22,2,0,1,1,0,1,9,6,0.64547793735628
4752,462.32,3,166,8.8,0.02,3,24,4,0,1,1,0,7,19,16,0.613477622673833
4753,462.39,1,58,2.5,0.02,1,10,1,0,1,1,0,1,8,7,0.565681082297149
4754,462.49,1,98,2.4,0.02,1,18,1,0,0,1,0,5,12,8,0.5080523849453564
4755,462.53,1,43,9.4,0.02,1,15,1,0,1,1,0,1,6,3,0.755329975768717
4756,462.54,0,14,0.4,0.02,0,7,0,0,1,1,0,0,2,2,0.6346619427375396
4757,462.81,4,236,13.1,0.02,4,27,4,0,1,1,0,4,27,13,0.563966504277739
4758,462.89,1,80,11.0,0.02,1,26,1,0,0,1,0,6,9,10,0.8461743621541583
4759,463.08,7,238,18.8,0.02,2,46,3,1,1,1,0,6,28,24,0.49092301174642383
4760,463.34,2,232,-4.7,0.02,2,22,1,0,1,1,0,7,28,15,0.5585324396557498
4761,463.65,8,222,17.9,0.02,3,36,2,1,1,1,0,4,26,19,0.55305559379726
4762,464.1,6,327,-6.0,0.02,1,39,2,1,1,1,0,9,37,33,0.4439353449493774
4763,464.12,0,29,-0.1,0.02,0,9,0,0,1,1,0,1,4,2,0.49825357735513665
4764,464.38,3,185,13.6,0.02,3,28,2,0,1,1,0,4,20,19,0.5813855561331333
4765,464.4,1,24,4.2,0.02,1,8,1,0,1,1,0,1,3,4,0.5198879273145263
4766,464.51,2,95,10.3,0.02,2,21,1,0,1,1,0,5,11,12,0.8354846216558824
4767,464.68,5,157,25.0,0.02,5,25,5,0,1,1,0,3,19,13,0.523599108873013
4768,464.72,1,52,4.4,0.02,1,10,1,0,1,1,0,0,6,4,0.49658619221710965
4769,464.75,0,35,-0.9,0.02,0,9,0,0,1,1,0,1,5,4,0.41169931298788226
4770,464.84,0,88,17.8,0.02,0,34,1,0,1,1,0,1,11,14,0.8786821532102898
4771,465.23,3,273,15.9,0.02,3,41,3,0,1,1,0,5,32,28,0.47612551327521285
4772,465.31,3,100,28.8,0.02,3,30,3,0,0,1,0,0,12,12,0.6198773467933938
4773,465.77,2,364,-11.8,0.02,2,31,2,0,1,1,0,9,42,24,0.48734796559332705
4774,465.86,2,80,19.1,0.02,2,25,3,0,1,1,0,2,8,9,0.734523582696354
4775,466.23,2,302,-7.4,0.02,2,31,2,0,1,1,0,10,34,32,0.472799875700422
4776,466.28,2,55,9.8,0.02,2,15,2,0,1,1,0,4,7,7,0.9479273726149738
4777,466.59,1,246,2.0,0.02,1,33,3,0,0,1,0,4,29,24,0.37223734705040573
4778,466.64,1,55,10.1,0.02,1,18,1,0,1,1,0,2,7,4,0.7424210740875209
4779,466.88,7,222,4.3,0.02,2,29,2,1,1,1,0,6,25,15,0.4952712966790119
4780,466.97,2,93,13.8,0.02,2,22,3,0,1,1,0,3,11,9,0.6187348421761102
4781,466.99,1,23,8.3,0.02,1,11,2,0,1,1,0,0,3,4,0.667080223177955
4782,467.21,6,339,-34.0,0.02,1,30,3,1,0,0,1,33,42,20,0.6807575576016313
4783,467.33,3,106,18.2,0.02,3,23,3,0,0,1,0,3,14,12,0.7358165604444346
4784,467.49,1,140,5.0,0.02,1,24,1,0,1,1,0,4,15,10,0.3773715158751987
4785,467.94,2,400,-28.3,0.02,2,39,2,0,0,0,1,34,50,32,0.6190791483477521
4786,468.25,8,291,7.0,0.02,3,38,3,1,1,1,0,8,30,39,0.5776603696690956
4787,468.44,2,175,22.8,0.02,2,40,2,0,1,1,0,3,17,17,0.48659726534381526
4788,468.5,2,63,5.3,0.02,2,11,3,0,1,1,0,4,7,4,0.537841113832368
4789,468.75,3,269,-0.0,0.02,3,24,2,0,1,1,0,6,30,11,0.48675633847679195
4790,468.94,13,196,9.6,0.02,3,28,3,2,1,1,0,7,22,18,0.5469155943304281
4791,469.07,2,111,9.3,0.02,2,17,2,0,1,1,0,1,12,6,0.5617481650298444
4792,469.17,3,89,30.0,0.02,3,33,3,0,1,1,0,3,11,11,0.8447513853895482
4793,469.21,2,45,11.9,0.02,2,16,4,0,1,1,0,4,5,6,0.736305900440906
4794,469.51,4,253,15.7,0.02,4,33,4,0,1,1,0,5,30,20,0.49002774460780174
4795,469.85,3,254,7.1,0.02,3,34,2,0,1,1,0,9,28,25,0.5423647834424195
4796,469.91,2,63,12.8,0.02,2,16,0,0,1,1,0,1,7,9,0.6341058560793972
4797,470.04,2,111,12.6,0.02,2,23,0,0,1,1,0,3,14,13,0.6662594455477102
4798,470.42,3,276,6.1,0.02,3,35,2,0,0,1,0,9,32,23,0.45703027805649055
4799,470.79,3,241,6.6,0.02,3,32,2,0,1,1,0,9,27,23,0.4955878477257708
4800,471.15,4,297,14.0,0.02,4,37,3,0,0,1,0,6,31,23,0.41250929428020877
4801,471.19,1,45,5.3,0.02,1,11,1,0,1,1,0,1,6,2,0.6822026353489854
4802,471.56,3,381,-8.8,0.02,3,30,2,0,1,1,0,8,40,27,0.41014673696348075
4803,471.59,1,37,7.8,0.02,1,13,1,0,1,1,0,1,5,5,0.6901614696242145
4804,471.65,1,55,10.1,0.02,1,16,3,0,1,1,0,0,7,4,0.7151447148858375
4805,471.78,2,133,8.6,0.02,2,21,3,0,1,1,0,3,15,11,0.5817191536398664
4806,471.91,0,120,1.1,0.02,0,20,0,0,1,1,0,1,14,9,0.41657452226224845
4807,471.95,0,34,-2.7,0.02,0,7,1,0,1,1,0,1,5,3,0.4771239380556854
4808,472.05,0,87,13.3,0.02,0,30,1,0,1,1,0,2,10,10,0.5809761757215047
4809,472.07,1,20,4.0,0.02,1,7,1,0,1,1,0,1,3,0,1.0165524204025962
4810,472.29,2,281,11.1,0.02,2,39,2,0,1,1,0,3,26,18,0.5083643041817189
4811,472.45,1,142,9.3,0.02,1,29,1,0,1,1,0,4,17,15,0.5093178452115323
4812,472.69,2,224,17.8,0.02,2,39,2,0,1,1,0,2,26,18,0.44087875385531955
4813,472.86,3,151,20.2,0.02,3,29,2,0,1,1,0,2,18,17,0.5461656048107543
4814,472.87,0,15,-2.6,0.02,0,4,0,0,1,1,0,0,2,1,0.30656316410548196
4815,472.99,1,103,16.1,0.02,1,31,0,0,1,1,0,4,13,6,0.7447802326609885
4816,473.34,2,277,-8.8,0.02,2,22,1,0,1,1,0,7,31,11,0.43304739079043614
4817,473.39,2,55,17.7,0.02,2,20,2,0,1,1,0,1,6,8,0.7976029825957237
4818,473.43,2,39,11.7,0.02,2,13,4,0,1,1,0,2,5,4,0.8994510143094967
4819,473.84,0,347,-19.1,0.02,0,31,2,0,1,1,0,8,39,24,0.45587470666614777
4820,474.05,4,263,28.8,0.02,4,47,2,0,1,1,0,4,30,29,0.5409569033186685
4821,474.28,4,231,13.1,0.02,4,28,2,0,1,1,0,5,24,18,0.4873863672549382
4822,474.3,0,21,-0.5,0.02,0,9,0,0,1,1,0,2,3,4,0.4956250993144286
4823,474.4,0,86,20.2,0.02,0,36,1,0,0,1,0,1,12,12,0.7820732274382161
4824,474.59,2,186,3.3,0.02,2,27,2,0,1,1,0,9,22,11,0.4425575718730977
4825,474.68,0,82,2.9,0.02,0,19,0,0,1,1,0,2,10,9,0.3541806801839471
4826,474.69,0,20,1.5,0.02,0,11,0,0,1,1,0,2,3,5,0.6986586784296802
4827,474.74,1,53,6.2,0.02,1,16,1,0,1,1,0,4,7,5,0.5747212903583293
4828,474.8,0,54,7.8,0.02,0,22,0,0,1,1,0,3,7,8,0.7676611848279218
4829,475.06,3,234,14.0,0.02,3,32,3,0,1,1,0,3,27,16,0.41367854047658414
4830,475.08,0,21,0.6,0.02,0,9,0,0,1,1,0,1,3,3,0.5377517029704614
4831,475.15,2,67,5.1,0.02,2,8,2,0,1,1,0,1,8,2,0.4568473756083504
4832,475.33,1,170,9.3,0.02,1,31,1,0,0,1,0,3,20,17,0.4609147186493258
4833,475.46,2,174,19.3,0.02,2,36,2,0,1,1,0,3,20,13,0.5826493860552581
4834,475.62,5,179,41.3,0.02,5,45,4,0,1,1,0,4,19,18,0.6361260958976358
4835,475.76,1,150,17.7,0.02,1,36,1,0,1,1,0,2,17,13,0.5447392307824659
4836,475.88,9,97,28.7,0.02,4,24,2,1,1,1,0,0,11,6,0.8759615995394622
4837,476.1,7,214,24.6,0.02,2,47,2,1,1,1,0,4,24,20,0.5097465625010433
4838,476.34,5,231,32.5,0.02,5,40,2,0,1,1,0,2,24,24,0.5240214033098461
4839,476.78,4,321,11.5,0.02,4,40,5,0,0,1,0,9,39,24,0.544238351955792
4840,476.93,2,130,11.0,0.02,2,27,2,0,1,1,0,7,14,10,0.6963256510092827
4841,477.03,5,98,35.4,0.02,5,29,5,0,1,1,0,3,11,8,0.8253143290342063
4842,477.07,0,52,4.4,0.02,0,16,0,0,1,1,0,1,6,4,0.7625338722553556
4843,477.2,1,118,9.3,0.02,1,24,2,0,1,1,0,2,12,9,0.6436480831237086
4844,477.48,3,259,22.9,0.02,3,43,4,0,1,1,0,2,29,22,0.5808412986971113
4845,477.59,1,88,13.6,0.02,1,24,1,0,1,1,0,1,11,6,0.6267900262129347
4846,477.74,2,121,0.9,0.02,2,12,1,0,1,1,0,3,14,10,0.6272899367927944
4847,477.8,1,59,7.3,0.02,1,16,2,0,1,1,0,2,7,8,0.6219723803648766
4848,477.92,1,103,2.3,0.02,1,15,1,0,1,1,0,2,13,4,0.48315957309908
4849,478.12,4,400,-28.3,0.02,4,39,5,0,0,0,1,44,51,32,0.7689978895921799
4850,478.43,3,231,23.5,0.02,3,42,2,0,1,1,0,3,25,24,0.4646441169354173
4851,478.53,1,90,8.1,0.02,1,21,2,0,1,1,0,3,11,9,0.7540740903859378
4852,479.1,4,400,9.3,0.02,4,39,4,0,0,0,1,7,33,26,0.4060988478587559
4853,479.11,0,7,-5.8,0.02,0,3,0,0,1,1,0,3,1,1,0.6468652873429572
4854,479.51,3,400,-4.3,0.02,3,32,3,0,0,0,1,8,46,32,0.4048091170145761
4855,479.59,4,70,28.4,0.02,4,26,4,0,1,1,0,5,7,6,1.000282615849854
4856,479.74,5,179,27.4,0.02,5,32,4,0,1,1,0,5,20,17,0.5752113816035855
4857,479.74,0,6,-4.6,0.02,0,2,0,0,1,1,0,1,1,0,0.22380218126735318
4858,480.08,7,252,-2.5,0.02,2,30,1,1,1,1,0,10,25,23,0.5115241789932886
4859,480.5,3,254,-4.0,0.02,3,25,1,0,1,1,0,12,30,16,0.5276624973102173
4860,480.56,1,70,12.4,0.02,1,20,1,0,1,1,0,0,9,6,0.7352930717228088
4861,480.94,1,230,-6.2,0.02,1,23,1,0,1,1,0,5,28,12,0.4044842401553385
4862,481.4,0,320,-32.0,0.02,0,23,0,0,0,1,0,16,37,20,0.47370242190458534
4863,481.72,10,310,19.7,0.02,5,40,6,1,0,1,0,7,34,23,0.5184772892020181
4864,481.78,1,64,15.0,0.02,1,24,2,0,1,1,0,2,8,6,0.8631106704542848
4865,482.37,3,400,-0.4,0.02,3,34,3,0,0,0,1,7,49,23,0.4062400758374498
4866,482.75,5,322,0.7,0.02,5,26,4,0,1,1,0,10,37,31,0.5058363575863122
4867,482.83,5,75,2.8,0.02,0,16,1,1,1,1,0,0,10,7,0.6435227583120923
4868,483.33,2,400,4.4,0.02,2,47,1,0,0,0,1,9,44,35,0.5421367313374461
4869,483.51,0,140,-2.2,0.02,0,21,1,0,1,1,0,3,17,12,0.4736591480845805
4870,483.69,2,179,5.6,0.02,2,26,1,0,1,1,0,6,20,15,0.6573999989790827
4871,484.19,2,400,-9.3,0.02,2,31,2,0,0,0,1,7,44,32,0.42414335843890033
4872,484.47,0,234,9.4,0.02,0,46,0,0,1,1,0,6,28,22,0.4645891563990224
4873,484.86,4,267,-1.2,0.02,4,26,4,0,1,1,0,13,29,25,0.6194250581786614
4874,485.12,9,303,7.0,0.02,4,35,2,1,1,1,0,11,33,17,0.4515437251741346
4875,485.23,1,101,11.7,0.02,1,25,1,0,1,1,0,2,12,12,0.6784861490073719
4876,485.35,0,110,1.8,0.02,0,20,0,0,1,1,0,1,13,12,0.4444168607858864
4877,485.45,0,84,-4.1,0.02,0,14,0,0,1,1,0,4,11,7,0.5797372869480986
4878,485.56,2,96,9.8,0.02,2,17,1,0,1,1,0,2,12,6,0.5617944886224658
4879,485.72,5,149,31.1,0.02,5,31,3,0,0,1,0,4,17,10,0.6328280958263018
4880,485.8,7,88,12.5,0.02,2,19,2,1,0,1,0,2,9,7,0.6967661284996719
4881,486.17,2,323,11.9,0.02,2,48,2,0,1,1,0,6,39,28,0.5055497960298367
4882,486.25,1,71,5.5,0.02,1,14,1,0,1,1,0,1,9,4,0.5253847676065936
4883,486.46,2,221,8.7,0.02,2,34,2,0,1,1,0,6,26,22,0.43929740118342436
4884,486.71,3,276,12.5,0.02,3,36,3,0,1,1,0,4,27,19,0.4622988604925244
4885,487.05,0,260,-7.1,0.02,0,35,0,0,1,1,0,9,30,21,0.4816502346079921
4886,487.06,1,17,1.2,0.02,1,4,1,0,1,1,0,1,2,1,1.1757730307101864
4887,487.25,3,165,12.9,0.02,3,23,0,0,1,1,0,2,17,16,0.5321208328463596
4888,487.46,1,180,-2.4,0.02,1,21,1,0,1,1,0,4,22,14,0.4718596533724538
4889,487.51,2,60,17.9,0.02,2,22,4,0,1,1,0,2,8,11,0.8551896668962461
4890,487.58,2,72,21.9,0.02,2,26,3,0,1,1,0,1,8,9,0.7850409368407085
4891,487.96,2,218,-2.1,0.02,2,24,1,0,1,1,0,8,25,13,0.54711902373731
4892,488.12,0,181,7.3,0.02,0,34,0,0,1,1,0,2,21,16,0.4798277986184467
4893,488.24,2,95,9.2,0.02,2,17,2,0,1,1,0,3,10,3,0.5461478118658422
4894,488.37,3,110,11.0,0.02,3,14,2,0,1,1,0,1,13,10,0.677669753484507
4895,488.39,0,27,3.9,0.02,0,13,0,0,1,1,0,1,4,4,0.6948008827625229
4896,488.57,2,176,17.7,0.02,2,33,3,0,1,1,0,1,20,17,0.4508838048876735
4897,488.84,7,278,-0.8,0.02,2,32,2,1,1,1,0,8,34,20,0.4685206032951741
4898,489.08,3,201,15.4,0.02,3,28,2,0,1,1,0,1,23,15,0.43672613777667874
4899,489.29,0,163,-2.8,0.02,0,24,1,0,1,1,0,4,20,15,0.4456455632924751
4900,489.29,0,7,-3.7,0.02,0,2,1,0,1,1,0,0,1,0,0.2657577725834302
4901,489.44,0,135,3.7,0.02,0,25,0,0,1,1,0,2,17,8,0.5546187521875354
4902,489.79,1,229,5.4,0.02,1,35,1,1,1,1,0,5,27,17,0.36465453316400814
4903,489.96,0,137,-10.2,0.02,0,12,0,0,1,1,0,3,17,5,0.44742240679557904
4904,490.34,4,400,2.7,0.02,4,35,5,0,0,0,1,9,48,32,0.4597243488114256
4905,490.61,2,204,12.7,0.02,2,33,2,0,1,1,0,3,23,19,0.5095633990409897
4906,491.08,3,400,-6.8,0.02,3,34,3,0,0,0,1,13,48,27,0.4796415183723096
4907,491.47,0,400,-26.9,0.02,0,23,0,0,0,0,1,8,43,18,0.41836334965407695
4908,491.51,1,39,3.6,0.02,1,8,0,0,1,1,0,0,5,5,0.6781556068073054
4909,491.58,1,62,3.2,0.02,1,14,1,0,1,1,0,4,8,6,0.49313379774979216
4910,491.69,1,102,14.9,0.02,1,27,2,0,1,1,0,1,12,9,0.4656067364599504
4911,491.81,2,101,17.8,0.02,2,26,1,0,1,1,0,2,12,11,0.761437159451232
4912,492.01,0,175,7.3,0.02,0,35,0,0,1,1,0,3,20,22,0.47706902030985776
4913,492.27,1,234,-3.7,0.02,1,26,1,0,1,1,0,4,28,23,0.41292488606036953
4914,492.32,1,49,6.4,0.02,1,13,2,0,1,1,0,1,6,7,0.7371608897676811
4915,492.52,9,185,28.6,0.02,4,35,3,1,1,1,0,1,20,19,0.4840606046485182
4916,492.57,0,50,3.4,0.02,0,15,0,0,1,1,0,1,7,6,0.44503744724851557
4917,492.63,0,54,4.0,0.02,0,16,0,0,1,1,0,1,7,6,0.5123507408283069
4918,493.01,2,333,1.8,0.02,2,39,1,0,1,1,0,6,39,29,0.5233568674964085
4919,493.2,8,202,18.0,0.02,3,34,3,1,0,1,0,4,21,18,0.5195779327534111
4920,493.55,2,330,1.6,0.02,2,42,2,0,1,1,0,10,37,24,0.48593337634827816
4921,493.92,6,280,20.5,0.02,6,33,5,0,1,1,0,7,30,25,0.45785149884115656
4922,494.02,2,86,13.6,0.02,2,19,2,0,0,1,0,1,10,8,0.7181484382087592
4923,494.14,4,102,13.8,0.02,4,11,2,0,1,1,0,1,11,10,0.5780545976787079
4924,494.27,1,136,8.1,0.02,1,30,1,0,1,1,0,7,16,13,0.5386123610594035
4925,494.8,3,400,7.7,0.02,3,37,5,0,0,0,1,2,47,22,0.36503730782300176
4926,495.02,2,201,18.9,0.02,2,37,3,0,1,1,0,1,20,20,0.4648974720462118
4927,495.16,2,129,21.1,0.02,2,32,1,0,1,1,0,2,14,10,0.6070802573365313
4928,495.18,0,21,-0.3,0.02,0,7,0,0,1,1,0,0,3,2,0.6612208121133532
4929,495.21,0,35,5.0,0.02,0,15,1,0,1,1,0,1,5,5,0.548123940421093
4930,495.36,2,121,18.1,0.02,2,30,2,0,1,1,0,4,12,8,0.5563673621410179
4931,495.48,1,104,2.8,0.02,1,16,0,0,1,1,0,2,10,8,0.46759082288397635
4932,495.59,2,101,8.3,0.02,2,18,2,0,1,1,0,4,11,6,0.5211961511954588
4933,495.75,9,136,32.1,0.02,4,35,5,1,1,1,0,3,15,13,0.6375603454766638
4934,495.99,7,212,25.9,0.02,2,49,2,1,1,1,0,5,25,19,0.572484254408397
4935,496.32,3,362,-5.4,0.02,3,30,3,0,1,1,0,7,41,22,0.46225383986611657
4936,496.49,1,159,-3.8,0.02,1,16,0,0,1,1,0,3,17,9,0.5261161043235515
4937,496.57,0,93,20.6,0.02,0,38,0,0,1,1,0,2,12,11,0.5477205695336508
4938,497.18,7,400,-18.8,0.02,2,28,2,1,1,1,0,9,44,28,0.48771124874590677
4939,497.76,0,400,-18.7,0.02,0,33,1,0,0,0,1,9,46,26,0.4042437637638717
4940,498.15,7,373,1.4,0.02,2,44,3,1,1,1,0,7,45,33,0.41709180038233856
4941,498.24,2,75,19.5,0.02,2,23,2,0,1,1,0,0,9,10,0.7048329768473426
4942,498.27,1,44,9.2,0.02,1,16,1,0,1,1,0,2,6,4,0.6084209904038258
4943,498.4,0,115,1.2,0.02,0,24,0,0,0,1,0,5,13,13,0.6385563615624147
4944,498.68,1,250,-11.3,0.02,1,19,1,1,1,1,0,4,28,13,0.519338338330338
4945,498.75,0,68,2.5,0.02,0,17,0,0,1,1,0,2,9,7,0.700855895741591
4946,499.07,3,341,3.1,0.02,3,40,3,0,0,1,0,10,38,28,0.5138315317314017
4947,499.2,1,126,6.6,0.02,1,22,0,0,1,1,0,2,14,8,0.5312706883335792
4948,499.27,0,59,-2.4,0.02,0,13,1,0,1,1,0,4,8,5,0.7187166275071807
4949,499.56,1,343,-25.1,0.02,1,26,1,0,1,1,0,15,38,18,0.4306145941765401
4950,499.65,1,91,8.0,0.02,1,20,2,0,0,1,0,2,12,9,0.5445957456890564
4951,499.71,2,65,8.9,0.02,2,12,1,0,1,1,0,1,8,6,0.4906571160933108
4952,499.92,0,171,-7.2,0.02,0,20,0,0,1,1,0,4,20,11,0.4949546917706091
4953,500.05,1,104,-1.4,0.02,1,17,1,0,0,1,0,7,12,10,0.7206635568456748
4954,500.68,4,400,-0.0,0.02,4,37,5,0,0,0,1,14,44,29,0.5275471857630605
4955,500.72,0,41,1.7,0.02,0,12,0,0,1,1,0,1,6,2,0.5349888360038791
4956,500.82,2,94,9.7,0.02,2,17,1,0,1,1,0,2,11,9,0.4745527943261604
4957,501.42,2,400,-14.1,0.02,2,31,3,0,0,0,1,12,43,30,0.4822834030201172
4958,502.05,1,400,-11.8,0.02,1,33,1,0,0,0,1,8,46,17,0.38461274560512626
4959,502.11,2,50,9.4,0.02,2,12,2,0,1,1,0,2,6,6,0.5506917750969461
4960,502.23,0,112,10.7,0.02,0,31,0,0,1,1,0,3,14,11,0.5707233989342281
4961,502.52,2,400,-21.3,0.02,2,39,3,0,0,0,1,28,41,22,0.5628931638198895
4962,502.53,0,6,-5.6,0.02,0,1,0,0,1,1,0,1,1,0,0.32465851609779167
4963,502.75,3,400,-25.7,0.02,3,37,4,0,0,0,1,35,42,26,0.6517303776598639
4964,502.97,3,228,13.5,0.02,3,33,3,0,1,1,0,5,25,17,0.5391650782393114
4965,503.08,1,95,15.5,0.02,1,27,2,0,1,1,0,1,12,10,0.49061069237101296
4966,503.51,12,400,-10.6,0.02,2,31,2,2,0,0,1,9,45,25,0.4607743898373488
4967,504.03,1,400,-22.1,0.02,1,29,1,0,0,0,1,13,46,30,0.5106217986373143
4968,504.19,2,173,13.0,0.02,2,34,2,0,1,1,0,7,19,17,0.4790844562679905
4969,504.48,1,241,14.7,0.02,1,48,3,0,1,1,0,7,28,22,0.5551106373721149
4970,504.9,1,282,-0.5,0.02,1,32,1,0,1,1,0,2,32,23,0.3663704914639092
4971,504.91,0,20,-0.1,0.02,0,7,0,0,1,1,0,0,3,1,0.5412892264451539
4972,504.96,1,48,11.7,0.02,1,18,3,0,1,1,0,1,6,5,0.8583509092256166
4973,505.44,2,358,-7.4,0.02,2,38,1,0,1,1,0,12,38,26,0.48499189235356643
4974,505.96,2,400,-22.3,0.02,2,25,2,0,0,0,1,14,46,32,0.4612166433919299
4975,506.18,3,164,25.3,0.02,3,37,2,0,1,1,0,4,19,13,0.4736493142574104
4976,506.2,0,36,2.1,0.02,0,11,0,0,1,1,0,0,5,3,0.4955917367497741
4977,506.26,2,56,11.9,0.02,2,15,2,0,0,1,0,2,6,5,0.797749100931543
4978,506.48,3,218,14.3,0.02,3,36,3,0,1,1,0,8,23,19,0.6287159163254821
4979,506.8,5,208,26.5,0.02,5,34,4,0,1,1,0,5,24,17,0.6657499803580443
4980,507.06,1,189,1.0,0.02,1,28,2,0,0,1,0,6,21,21,0.4835369957096198
4981,507.17,0,89,6.5,0.02,0,23,0,0,1,1,0,2,11,6,0.6178260687010552
4982,507.17,0,6,-3.6,0.02,0,3,0,0,1,1,0,1,1,0,0.4259402030502418
4983,507.19,1,17,2.3,0.02,1,5,1,0,1,1,0,1,2,0,1.0450093100245201
4984,507.28,3,81,24.5,0.02,4,19,4,0,1,1,0,1,7,4,0.7603949338014822
4985,507.49,0,142,-5.1,0.02,0,22,0,0,0,1,0,7,14,9,0.5700796006338302
4986,507.57,3,87,23.2,0.02,3,24,3,0,1,1,0,1,11,11,0.6723422798128804
4987,507.66,3,85,14.1,0.02,3,16,3,0,1,1,0,3,10,4,0.824968749724135
4988,507.69,0,29,-0.1,0.02,0,9,1,0,1,1,0,1,4,2,0.41849621018520805
4989,507.76,0,78,5.7,0.02,0,20,0,0,1,1,0,1,11,5,0.49246728512117005
4990,507.94,4,132,25.4,0.02,4,31,5,0,1,1,0,6,15,14,0.6121191832104309
4991,507.97,0,30,-0.2,0.02,0,10,0,0,1,1,0,2,4,2,0.5514873388438247
4992,508.47,6,400,-20.4,0.02,1,27,1,1,0,0,1,10,48,23,0.42350751762884487
4993,508.73,3,257,15.6,0.02,3,43,3,0,1,1,0,9,29,27,0.47122730993784206
4994,508.86,5,141,22.1,0.02,5,21,3,0,1,1,0,4,11,8,0.5334779174336067
4995,508.96,0,91,6.2,0.02,0,25,0,0,1,1,0,4,12,7,0.4941318974683117
4996,509.01,0,54,-1.7,0.02,0,9,1,0,1,1,0,0,7,3,0.5632950156057766
4997,509.15,3,104,18.5,0.02,3,22,3,0,1,1,0,2,13,11,0.5866041629940628
4998,509.19,0,51,6.4,0.02,0,20,1,0,1,1,0,3,7,5,0.5105086349036941
4999,509.74,2,393,-29.4,0.02,2,20,1,0,0,1,0,13,47,21,0.39938102448115104
5000,509.76,1,26,4.3,0.02,1,9,1,0,1,1,0,2,3,1,0.8977060505256188
5001,509.78,0,21,-4.2,0.02,0,4,0,0,1,1,0,1,3,1,0.4543864403677051
5002,510.07,13,269,10.7,0.02,3,32,3,2,0,1,0,3,29,14,0.5103012672815701
5003,510.2,0,132,7.8,0.02,0,31,1,0,0,1,0,4,16,10,0.515115430018167
5004,510.26,1,60,16.1,0.02,1,23,2,0,1,1,0,0,7,9,0.5048927153859588
5005,510.44,2,146,8.5,0.02,2,26,3,0,1,1,0,6,18,19,0.7537493084334497
5006,510.51,2,67,6.7,0.02,2,14,2,0,1,1,0,5,8,6,0.6722629090532909
5007,510.82,3,312,12.2,0.02,3,42,3,0,1,1,0,6,36,26,0.426602423352612
5008,511.0,6,198,-2.4,0.02,1,26,2,1,1,1,0,7,24,16,0.58076209086921
5009,511.48,10,323,3.1,0.02,5,26,0,1,1,1,0,8,35,26,0.45651072501904166
5010,511.6,7,127,22.7,0.02,2,35,2,1,1,1,0,3,14,16,0.57441368763749
5011,511.64,1,46,8.1,0.02,1,14,2,0,1,1,0,1,6,3,0.7097635766153079
5012,512.29,9,400,9.0,0.02,4,42,4,1,0,0,1,9,41,39,0.48339060820353885
5013,512.82,3,392,-10.0,0.02,3,36,4,0,1,1,0,14,46,28,0.4354490810906104
5014,512.87,1,45,3.4,0.02,1,10,0,0,1,1,0,2,6,1,0.75376170891172
5015,513.13,4,183,18.8,0.02,4,31,2,0,1,1,0,8,22,9,0.6888186426795636
5016,513.47,3,213,4.2,0.02,3,21,1,0,1,1,0,4,24,15,0.3859684213727066
5017,513.56,4,98,26.2,0.02,4,25,3,0,1,1,0,3,12,10,0.5200861048299644
5018,513.74,2,128,-4.3,0.02,2,17,3,0,1,1,0,13,16,5,0.5284678352127175
5019,513.79,0,41,1.5,0.02,0,14,1,0,1,1,0,3,6,4,0.7031428388962809
5020,514.38,7,400,-9.5,0.02,2,33,0,1,0,0,1,10,46,24,0.4407143627827964
5021,514.4,0,21,-0.3,0.02,0,7,0,0,1,1,0,0,3,2,0.4563335373850158
5022,514.69,4,204,20.8,0.02,4,35,1,0,1,1,0,7,24,18,0.5186155954428757
5023,514.79,1,85,4.9,0.02,1,16,2,0,1,1,0,2,10,6,0.4534399638158648
5024,514.93,0,141,5.8,0.02,0,27,0,0,1,1,0,1,17,11,0.4338517430955993
5025,514.99,0,69,2.4,0.02,0,17,0,0,0,1,0,2,10,7,0.7224833706490614
5026,515.45,8,384,-2.5,0.02,3,34,3,1,1,1,0,5,43,31,0.37893821965787405
5027,515.57,1,104,6.7,0.02,1,20,2,0,0,1,0,2,14,9,0.5459363332046212
5028,515.98,1,372,-19.8,0.02,1,28,1,0,1,1,0,8,46,26,0.4369265510201576
5029,516.28,6,304,31.8,0.02,6,48,5,0,1,1,0,8,28,28,0.540608223881024
5030,516.34,0,57,4.6,0.02,0,17,0,0,1,1,0,1,8,7,0.5950084542170848
5031,516.44,2,96,19.8,0.02,2,27,3,0,1,1,0,2,12,6,0.5772049369396949
5032,516.82,9,400,-5.8,0.02,4,31,2,1,0,0,1,14,49,27,0.4014519428518829
5033,516.89,2,76,8.7,0.02,2,17,1,1,1,1,0,5,9,7,0.7716649096173672
5034,517.02,3,114,21.5,0.02,3,25,2,0,1,1,0,1,12,11,0.47690513893359815
5035,517.55,3,400,-40.7,0.02,3,21,3,0,0,0,1,34,48,26,0.618377977044271
5036,517.67,4,119,26.8,0.02,4,26,5,0,1,1,0,1,15,13,0.6872384608378246
5037,517.82,3,114,22.6,0.02,3,27,4,0,1,1,0,2,14,10,0.6755822238935065
5038,517.86,1,52,6.4,0.02,1,16,2,0,1,1,0,4,7,4,0.6051338169156453
5039,517.89,0,36,0.8,0.02,0,11,0,0,1,1,0,1,5,6,0.4237213053763736
5040,518.08,4,235,19.1,0.02,4,36,4,0,1,1,0,6,26,24,0.4497948865173369
5041,518.19,1,124,18.2,0.02,1,32,1,0,1,1,0,0,15,14,0.6386412187105338
5042,518.68,10,400,-0.0,0.02,5,25,6,1,0,0,1,7,48,29,0.4459798408095754
5043,519.02,2,277,2.1,0.02,2,29,2,0,1,1,0,2,32,22,0.35670007141019583
5044,519.13,0,80,2.3,0.02,0,22,0,0,1,1,0,6,11,7,0.579538035840745
5045,519.41,7,248,-4.3,0.02,2,21,1,1,1,1,0,4,27,15,0.37861780121585176
5046,519.52,2,101,10.0,0.02,2,17,0,0,1,1,0,1,13,9,0.49555819772518983
5047,519.54,0,21,0.6,0.02,0,9,1,0,1,1,0,1,3,3,0.5186402960330548
5048,519.59,1,54,14.9,0.02,1,22,1,0,1,1,0,1,7,7,0.6435212118000435
5049,519.63,1,45,6.0,0.02,1,11,2,0,1,1,0,0,6,5,0.869961277415453
5050,519.71,0,77,3.6,0.02,0,18,1,0,1,1,0,1,10,7,0.4194107109038588
5051,520.15,0,400,-21.8,0.02,0,30,0,0,0,0,1,9,47,27,0.3583032674916911
5052,520.17,0,23,0.4,0.02,0,9,0,0,1,1,0,1,3,3,0.41791251024550713
5053,520.63,13,372,12.5,0.02,8,28,5,1,1,1,0,11,40,23,0.4940694031580897
5054,521.12,2,400,-15.6,0.02,2,30,2,0,0,0,1,13,48,25,0.39723280470526107
5055,521.21,3,115,28.7,0.02,3,34,3,0,1,1,0,3,14,8,0.6252892534827242
5056,521.29,2,76,17.8,0.02,2,22,2,0,1,1,0,1,9,6,0.5322227976358755
5057,521.64,9,400,6.4,0.02,4,44,2,1,0,0,1,15,49,25,0.5238073935370918
5058,521.86,4,246,32.8,0.02,6,35,3,0,0,0,1,5,25,25,0.510026739188926
5059,522.0,1,114,11.5,0.02,1,27,1,0,1,1,0,3,14,11,0.766960047829594
5060,522.12,4,151,24.7,0.02,4,29,5,0,0,1,0,3,18,12,0.5214374213449419
5061,522.34,5,151,1.5,0.02,0,27,1,1,1,1,0,4,19,14,0.5961831755354101
5062,522.43,1,115,13.2,0.02,1,28,2,0,1,1,0,2,13,13,0.5896498785396272
5063,522.72,7,229,12.0,0.02,2,40,4,1,1,1,0,8,26,21,0.4869483651072935
5064,523.21,1,351,-13.7,0.02,1,34,1,0,1,1,0,10,34,26,0.45771840076310133
5065,523.37,5,152,25.4,0.02,5,28,2,0,1,1,0,6,17,14,0.77603810624519
5066,523.53,8,135,18.1,0.02,3,29,3,1,1,1,0,6,17,14,0.7124908136199335
5067,524.06,3,322,1.9,0.02,3,32,4,0,1,1,0,6,42,19,0.45668907617872556
5068,524.11,3,56,18.1,0.02,3,15,2,0,1,1,0,1,7,3,0.7641269377605406
5069,524.52,3,351,4.2,0.02,3,40,4,0,1,1,0,8,40,27,0.46057226989070527
5070,524.52,0,6,-5.6,0.02,0,1,0,0,1,1,0,1,1,0,0.24867995596208217
5071,524.68,8,131,11.6,0.02,3,20,3,1,1,1,0,4,14,13,0.5577225529305033
5072,524.93,7,181,11.9,0.02,2,32,2,1,1,1,0,6,21,10,0.6263704783898346
5073,524.98,2,63,11.4,0.02,2,15,2,0,1,1,0,2,8,3,0.7270708719783768
5074,525.07,0,89,5.3,0.02,0,23,1,0,1,1,0,3,12,8,0.6462183932801556
5075,525.5,5,400,25.8,0.02,5,51,4,0,0,0,1,8,46,21,0.4362639202769589
5076,525.58,1,91,6.9,0.02,1,20,1,0,0,1,0,3,10,10,0.7119589961857613
5077,525.7,2,107,9.5,0.02,2,21,2,0,1,1,0,5,12,8,0.5474912611817065
5078,525.9,9,215,15.9,0.02,4,32,5,1,1,1,0,8,21,16,0.5668976407664952
5079,525.96,2,58,9.7,0.02,2,13,2,0,1,1,0,2,7,5,0.5587326185738526
5080,525.99,2,43,13.2,0.02,2,15,2,0,1,1,0,2,5,5,1.0086692063972147
5081,526.0,0,6,-5.6,0.02,0,1,0,0,1,1,0,1,1,0,0.31641003300990206
5082,526.1,6,113,2.9,0.02,1,19,0,1,1,1,0,4,15,8,0.5928321402194731
5083,526.42,13,320,-4.5,0.02,3,27,5,2,1,1,0,7,36,25,0.41246677175239965
5084,526.44,0,28,-2.8,0.02,0,6,2,0,1,1,0,1,4,0,0.6854252968702375
5085,526.84,3,272,11.4,0.02,3,37,3,0,1,1,0,6,30,24,0.43902533001779903
5086,526.94,2,103,10.7,0.02,2,19,2,0,1,1,0,2,13,10,0.6489153953613658
5087,526.98,0,46,-1.0,0.02,0,12,0,0,1,1,0,3,6,4,0.5583040970858043
5088,527.36,0,290,-3.1,0.02,0,35,1,0,1,1,0,2,33,21,0.42208738374337723
5089,527.37,0,21,-0.3,0.02,0,8,0,0,1,1,0,1,3,2,0.5099783348827578
5090,527.57,0,164,10.5,0.02,0,36,1,0,0,1,0,2,19,21,0.49888207838704834
5091,528.06,1,400,-19.9,0.02,1,27,1,0,0,0,1,9,47,28,0.392257869419948
5092,528.2,2,126,17.6,0.02,2,31,3,0,1,1,0,5,14,8,0.7874801174033299
5093,528.34,4,175,12.6,0.02,4,24,2,0,0,1,0,8,20,9,0.5644261560475338
5094,528.49,3,153,16.8,0.02,3,28,1,0,0,1,0,4,17,19,0.5551626737005064
5095,528.77,2,275,2.2,0.02,2,32,2,0,1,1,0,5,31,23,0.4358283885157172
5096,528.91,2,152,11.6,0.02,2,27,2,0,1,1,0,4,18,12,0.6462665141983633
5097,529.01,1,90,12.3,0.02,1,23,1,0,1,1,0,1,12,7,0.5956997122714672
5098,529.08,1,73,7.8,0.02,1,18,1,0,1,1,0,2,9,9,0.8458437276392764
5099,529.12,1,45,6.1,0.02,1,12,1,0,0,1,0,1,6,4,0.9073221403653886
5100,529.28,4,152,27.1,0.02,4,31,3,0,1,1,0,3,19,7,0.73416458020343
5101,529.83,2,365,-11.1,0.02,2,37,2,0,1,1,0,14,41,26,0.4441247895084793
5102,530.26,2,400,-2.5,0.02,2,38,2,0,0,0,1,8,48,24,0.4368774886039042
5103,530.44,3,184,19.3,0.02,3,32,3,0,1,1,0,3,20,13,0.46982382267902484
5104,530.47,0,38,1.5,0.02,0,12,0,0,1,1,0,1,5,7,0.47371108692806985
5105,530.71,11,232,-2.2,0.02,1,29,1,2,1,1,0,6,27,20,0.39948827116157143
5106,530.75,1,45,11.8,0.02,1,19,1,0,1,1,0,2,6,7,0.6873105604011769
5107,531.06,0,400,-14.8,0.02,0,43,2,0,0,0,1,14,47,37,0.5341630014518642
5108,531.15,1,94,20.5,0.02,1,34,1,0,0,1,0,3,12,11,0.7570436799542645
5109,531.27,1,108,19.0,0.02,1,31,1,0,1,1,0,0,14,12,0.5628101877045223
5110,531.51,4,214,8.5,0.02,4,20,2,0,1,1,0,3,24,21,0.5302906183333952
5111,531.64,2,110,11.0,0.02,2,21,3,0,1,1,0,3,13,10,0.6231881522390752
5112,531.99,11,400,-25.1,0.02,1,37,3,2,0,0,1,24,50,30,0.5526087829070429
5113,532.32,4,223,16.0,0.02,4,28,3,0,1,1,0,3,23,17,0.584310314486121
5114,532.44,2,115,23.5,0.02,2,33,2,0,1,1,0,2,14,10,0.6014394520970091
5115,532.88,3,335,-7.6,0.02,3,27,3,0,1,1,0,9,37,21,0.42557886964091113
5116,532.96,1,86,17.1,0.02,1,28,1,0,1,1,0,1,10,13,0.6942171759477991
5117,533.03,2,70,16.4,0.02,2,19,2,0,1,1,0,0,8,6,0.684706437112392
5118,533.19,1,151,6.6,0.02,1,24,1,0,1,1,0,1,18,13,0.6628067115377776
5119,533.24,0,53,1.1,0.02,0,16,1,0,1,1,0,4,7,6,0.6985243702421176
5120,533.33,2,113,12.9,0.02,2,23,2,0,1,1,0,3,13,8,0.5167563252516996
5121,533.41,0,86,-1.2,0.02,0,16,0,0,1,1,0,3,11,6,0.4437840943386293
5122,533.66,1,400,-44.4,0.02,1,34,2,0,0,0,1,40,50,33,0.6953212437428345
5123,533.78,0,120,5.4,0.02,0,30,2,0,1,1,0,6,14,16,0.717758508220834
5124,534.22,6,400,-38.2,0.02,1,35,1,1,0,0,1,35,51,31,0.6376845278353944
5125,534.36,2,154,20.1,0.02,2,36,2,0,1,1,0,4,19,15,0.5163318560421174
5126,534.57,13,396,-4.9,0.02,3,33,3,2,1,1,0,6,47,23,0.4169086492891434
5127,534.68,2,115,13.4,0.02,2,24,1,0,1,1,0,3,15,11,0.5454858717670621
5128,534.69,1,25,5.3,0.02,1,8,2,0,1,1,0,0,3,2,0.5386751958231614
5129,534.8,3,121,10.9,0.02,3,16,4,0,1,1,0,2,14,10,0.6615945332224095
5130,534.81,0,6,-3.6,0.02,0,3,0,0,1,1,0,1,1,0,0.4674635627646286
5131,535.01,1,216,-1.0,0.02,1,28,1,0,1,1,0,5,26,24,0.40292265794014276
5132,535.09,3,86,9.2,0.02,3,16,3,0,1,1,0,8,12,2,0.6587195288892949
5133,535.48,2,400,-5.4,0.02,2,38,3,0,0,0,1,10,46,33,0.3873213821057397
5134,535.89,2,374,-4.4,0.02,2,40,2,0,1,1,0,9,47,30,0.4716297114354629
5135,536.12,0,176,-8.3,0.02,0,24,0,0,1,1,0,8,20,17,0.48276261970672996
5136,536.3,3,176,8.9,0.02,3,23,3,0,1,1,0,5,19,15,0.5933425797977534
5137,536.72,5,400,-1.4,0.02,5,36,4,0,0,0,1,19,47,33,0.5009539556513836
5138,536.82,2,107,20.2,0.02,2,28,2,0,1,1,0,1,13,11,0.5752450108173427
5139,537.25,3,400,-7.9,0.02,3,37,3,0,0,0,1,17,52,28,0.525674793828149
5140,537.67,0,400,-36.7,0.02,0,33,0,0,0,0,1,27,42,26,0.6280795904590819
5141,538.21,1,400,-14.5,0.02,1,27,2,0,0,0,1,5,51,14,0.39388114758896003
5142,538.26,1,53,9.2,0.02,1,18,1,0,1,1,0,3,7,5,0.7735291874026896
5143,538.29,3,34,17.3,0.02,3,12,3,0,1,1,0,1,4,3,1.1626334660555295
5144,538.4,2,112,3.3,0.02,2,14,2,0,1,1,0,4,15,5,0.48947510765705093
5145,538.41,0,7,0.2,0.02,0,6,0,0,1,1,0,0,1,1,0.9648902867324363
5146,538.44,2,31,10.7,0.02,2,11,1,0,1,1,0,2,4,2,1.0036198760939203
5147,538.51,0,58,-0.2,0.02,0,14,1,0,1,1,0,3,8,4,0.5248814579796883
5148,538.51,0,6,-5.6,0.02,0,1,0,0,1,1,0,1,1,0,0.3051570773883883
5149,538.52,0,13,-2.3,0.02,0,5,0,0,1,1,0,1,2,0,1.2151358596104462
5150,538.85,2,253,4.1,0.02,2,33,2,0,0,1,0,6,30,26,0.46541600345092893
5151,538.99,3,121,21.1,0.02,3,28,3,0,0,1,0,4,15,8,0.7142377025141227
5152,539.07,3,70,22.5,0.02,3,23,3,0,1,1,0,3,9,5,0.6744725627431782
5153,539.16,3,81,17.8,0.02,3,19,4,0,1,1,0,2,8,11,0.8239022289398024
5154,539.5,1,329,-16.4,0.02,1,30,1,0,1,1,0,11,41,25,0.4535038830833105
5155,539.92,3,312,-0.0,0.02,3,29,3,0,1,1,0,6,39,18,0.4873001417065342
5156,540.14,0,217,1.7,0.02,0,34,0,0,1,1,0,4,25,16,0.3846876654050625
5157,540.43,3,253,7.7,0.02,3,28,3,0,1,1,0,3,28,20,0.3967595735492826
5158,540.52,3,85,27.0,0.02,3,27,3,0,1,1,0,1,11,5,0.7756055078008895
5159,540.53,0,7,-2.7,0.02,0,3,1,0,1,1,0,0,1,0,0.3675890015026709
5160,540.64,0,100,8.9,0.02,0,26,0,0,1,1,0,1,13,11,0.5342301687931892
5161,540.92,1,204,5.7,0.02,1,34,2,0,1,1,0,6,26,19,0.48407942817958327
5162,540.97,1,56,10.9,0.02,1,18,1,0,1,1,0,1,7,5,0.6275892505460139
5163,541.02,2,57,17.6,0.02,2,20,0,0,1,1,0,1,7,7,0.6711267878221912
5164,541.08,1,63,2.4,0.02,1,11,1,0,1,1,0,2,8,3,0.4822194846946135
5165,541.22,2,122,2.1,0.02,2,23,1,0,1,1,0,13,16,7,0.8174849055212128
5166,541.38,10,159,25.8,0.02,5,24,1,1,1,1,0,1,17,13,0.4981318558842106
5167,541.51,2,131,20.5,0.02,2,30,2,0,1,1,0,0,15,14,0.504464436223371
5168,541.84,4,393,14.2,0.02,4,51,5,0,1,1,0,10,45,25,0.4685166633930301
5169,542.03,4,141,25.6,0.02,4,31,5,0,0,1,0,5,16,13,0.8575725742899991
5170,542.32,3,400,-36.9,0.02,3,24,3,0,0,0,1,34,49,18,0.703644157209213
5171,542.61,5,230,14.6,0.02,5,30,5,0,1,1,0,11,29,14,0.6345825305325767
5172,542.76,4,103,34.9,0.02,4,34,2,0,1,1,0,2,12,18,0.8859261197870154
5173,542.94,2,95,24.7,0.02,2,30,3,0,1,1,0,0,11,8,0.653706852063957
5174,543.07,1,54,7.2,0.02,1,14,1,0,1,1,0,1,7,4,0.520708554618115
5175,543.23,1,68,6.3,0.02,1,17,1,0,1,1,0,3,9,9,0.4947442606748331
5176,543.41,3,81,20.9,0.02,3,21,4,0,0,1,0,1,10,10,0.6638259615483453
5177,543.84,5,301,15.2,0.02,5,36,6,0,1,1,0,8,33,27,0.4388915909206536
5178,544.49,2,351,-13.4,0.02,2,32,3,0,1,1,0,13,41,23,0.49131153731259275
5179,544.53,0,28,2.0,0.02,0,11,0,0,1,1,0,1,4,2,0.6614646710149367
5180,544.7,3,119,13.8,0.02,3,18,0,0,1,1,0,1,12,13,0.504988808782351
5181,544.81,2,69,7.7,0.02,2,13,1,0,1,1,0,3,8,4,0.6145071510360871
5182,545.0,2,124,12.5,0.02,2,25,0,0,1,1,0,4,13,11,0.5795454082092222
5183,545.15,7,100,21.6,0.02,2,30,3,1,1,1,0,2,12,14,0.5645447726340599
5184,545.74,2,264,4.4,0.02,2,33,3,0,1,1,0,5,31,22,0.4535018199826962
5185,545.75,0,7,-3.7,0.02,0,2,0,0,1,1,0,0,1,0,0.21855202387796943
5186,545.89,2,82,19.7,0.02,2,25,2,0,0,1,0,1,10,11,0.5704171745140232
5187,546.58,1,343,-26.7,0.02,1,21,1,0,1,1,0,11,38,24,0.4554333087535406
5188,546.96,1,293,-8.4,0.02,1,34,2,0,1,1,0,11,35,21,0.5371703570896091
5189,547.15,1,113,4.7,0.02,1,22,1,0,1,1,0,5,14,10,0.6074335982585573
5190,547.8,9,351,-0.8,0.02,4,33,4,1,1,1,0,11,35,27,0.4126451920399263
5191,548.45,3,277,-1.3,0.02,3,26,1,0,1,1,0,7,31,26,0.5498781350029431
5192,548.88,2,260,-1.8,0.02,2,28,3,0,1,1,0,7,31,18,0.48997553664806004
5193,549.26,2,301,7.0,0.02,2,40,3,0,1,1,0,5,37,29,0.44298730766450206
5194,549.71,9,279,19.5,0.02,4,40,4,1,1,1,0,6,33,16,0.5039408535822083
5195,550.01,1,242,13.6,0.02,1,42,2,0,1,1,0,2,28,22,0.454468850937025
5196,550.12,0,67,6.5,0.02,0,21,0,0,1,1,0,2,9,8,0.535227029929378
5197,550.38,2,228,9.0,0.02,2,32,3,0,0,1,0,3,26,22,0.45848117518409975
5198,550.88,0,221,-10.9,0.02,0,21,1,0,1,1,0,3,26,18,0.39920380828064594
5199,550.9,0,14,-2.5,0.02,0,5,0,0,1,1,0,1,2,1,0.3344350676926326
5200,550.92,0,22,1.5,0.02,0,9,1,0,1,1,0,0,3,3,0.45055134591388113
5201,551.08,2,98,20.2,0.02,2,28,3,1,1,1,0,2,12,10,0.7645017642826214
5202,551.53,6,267,-14.3,0.02,1,20,1,1,1,1,0,5,30,26,0.4244304996998694
5203,551.76,4,163,31.1,0.02,4,36,2,0,1,1,0,2,17,16,0.5444760704355586
5204,552.68,3,400,-15.4,0.02,3,31,3,0,0,0,1,17,43,43,0.5047680504343486
5205,553.75,3,400,-12.4,0.02,3,27,3,0,0,0,1,11,43,33,0.44480640662231447
5206,553.93,3,142,4.1,0.02,3,16,1,0,1,1,0,7,18,7,0.5388501786905874
5207,554.09,6,108,5.5,0.02,1,18,0,1,1,1,0,1,15,7,0.6411943184984676
5208,554.22,2,77,16.8,0.02,2,21,3,0,1,1,0,1,9,5,0.614891203999685
5209,554.32,1,75,9.9,0.02,1,21,2,0,1,1,0,3,10,6,0.6027836084437103
5210,554.75,2,263,5.6,0.02,2,35,4,0,1,1,0,6,30,21,0.5131616862491164
5211,555.52,10,400,-2.4,0.02,5,32,4,1,0,0,1,17,43,23,0.5129114584598501
5212,555.55,0,21,-0.5,0.02,0,7,0,0,1,1,0,0,3,4,0.4275442362396471
5213,555.67,2,71,23.2,0.02,2,27,3,0,1,1,0,1,8,7,0.6795212342874931
5214,555.97,2,148,0.6,0.02,2,17,2,0,1,1,0,6,18,6,0.5077920053288719
5215,556.1,0,77,6.8,0.02,0,22,0,0,1,1,0,2,11,5,0.5286467850873635
5216,556.49,5,170,23.3,0.02,5,27,2,0,0,1,0,5,18,17,0.6209950606110265
5217,556.56,0,50,12.3,0.02,0,25,0,0,1,1,0,2,7,7,0.701337295954221
5218,556.74,4,169,26.5,0.02,4,34,4,0,1,1,0,4,17,16,0.6133732210596423
5219,557.37,3,308,-13.7,0.02,3,27,2,0,0,1,0,18,37,19,0.539722083218662
5220,557.56,1,115,10.5,0.02,1,26,2,0,1,1,0,3,14,10,0.5118992989199888
5221,557.96,5,269,16.6,0.02,5,33,4,0,1,1,0,8,28,15,0.4834973739517083
5222,557.98,0,21,-3.3,0.02,0,5,0,0,1,1,0,1,3,2,0.456444790881452
5223,558.2,4,149,32.6,0.02,4,37,3,0,0,1,0,3,17,15,0.6076106527813523
5224,558.42,4,133,22.7,0.02,4,27,3,0,1,1,0,5,17,10,0.690852492289844
5225,558.45,0,22,0.5,0.02,0,8,0,0,1,1,0,0,3,3,0.42513769153609543
5226,558.76,2,232,10.7,0.02,2,36,3,0,0,1,0,5,24,21,0.6429902648078085
5227,559.25,9,274,11.1,0.02,4,39,4,1,1,1,0,13,32,25,0.5190103762097721
5228,559.35,3,68,21.5,0.02,3,21,3,0,1,1,0,2,9,7,0.6564009468872288
5229,559.65,0,165,6.2,0.02,0,33,0,0,0,1,0,4,21,13,0.48963430453365625
5230,559.91,2,182,10.6,0.02,2,33,3,0,1,1,0,7,22,22,0.7010529903553248
5231,560.1,1,115,9.9,0.02,1,26,1,0,1,1,0,3,14,16,0.4996479142574417
5232,560.51,1,400,-13.8,0.02,1,31,1,0,0,0,1,8,45,17,0.33085445601804464
5233,560.55,2,35,10.1,0.02,2,10,3,0,0,1,0,1,4,4,0.823731571187327
5234,560.66,5,71,34.3,0.02,5,25,5,0,1,1,0,3,8,6,0.8589121427550451
5235,561.52,5,400,-25.7,0.02,0,21,0,1,0,0,1,4,48,26,0.3814684672298078
5236,561.7,2,116,16.1,0.02,2,29,2,0,1,1,0,5,13,13,0.6180392825156424
5237,562.15,1,237,5.2,0.02,1,32,1,0,1,1,0,2,30,11,0.41351589371339975
5238,562.67,1,379,-18.7,0.02,1,35,1,0,1,1,0,13,42,28,0.5071982228136243
5239,562.89,3,125,20.4,0.02,3,28,4,0,1,1,0,4,15,11,0.6803715547124121
5240,563.1,1,140,5.1,0.02,1,24,1,0,0,1,0,4,17,9,0.5767211281246688
5241,563.69,11,341,-19.9,0.02,1,25,0,2,1,1,0,9,30,18,0.41838921239162347
5242,564.5,8,400,9.8,0.02,3,45,2,1,0,0,1,7,48,31,0.38698726936817346
5243,564.7,0,127,3.5,0.02,0,29,1,0,0,1,0,6,15,18,0.7461708023885215
5244,564.73,0,21,0.6,0.02,0,9,0,0,1,1,0,1,3,3,0.4855128199028734
5245,564.86,3,83,22.2,0.02,3,21,2,0,1,1,0,0,10,5,0.7109466022950234
5246,565.3,8,400,-44.6,0.02,3,35,3,1,0,0,1,52,53,25,0.827476217652795
5247,565.39,0,62,-0.5,0.02,0,13,0,0,1,1,0,2,8,3,0.5702204013068719
5248,565.44,1,38,3.9,0.02,1,10,1,0,1,1,0,2,5,3,0.8499337585821255
5249,565.8,4,172,25.1,0.02,4,31,4,0,1,1,0,2,19,17,0.5954515874848488
5250,565.87,0,49,-2.2,0.02,0,11,0,0,1,1,0,3,7,3,0.5039907376983999
5251,566.08,0,159,0.1,0.02,0,24,1,0,1,1,0,2,19,10,0.46183330261184297
5252,566.54,8,287,-4.0,0.02,3,31,4,1,1,1,0,14,34,23,0.5207258460055388
5253,566.81,2,162,2.4,0.02,2,22,2,0,1,1,0,7,19,14,0.5725248315517453
5254,566.87,0,44,10.1,0.02,0,21,1,0,1,1,0,1,6,5,0.5656589359363622
5255,567.14,3,256,14.5,0.02,3,36,4,0,1,1,0,4,29,19,0.48887927124023256
5256,567.16,0,21,-1.4,0.02,0,7,0,0,1,1,0,1,3,3,0.7472103460124028
5257,567.53,5,297,25.0,0.02,5,46,6,0,1,1,0,8,34,33,0.5170401932517809
5258,568.25,2,400,-23.9,0.02,2,17,1,0,0,0,1,9,50,18,0.4268187856654163
5259,568.43,3,141,26.6,0.02,3,34,2,0,1,1,0,2,16,13,0.4442196084046878
5260,568.75,4,213,36.0,0.02,4,46,4,0,1,1,0,2,26,17,0.5931172964423286
5261,569.14,2,283,0.1,0.02,2,31,4,0,1,1,0,5,31,26,0.4278561024785125
5262,569.26,2,110,15.2,0.02,2,27,2,0,1,1,0,5,12,8,0.6433555036840649
5263,569.9,0,285,-22.2,0.02,0,23,1,0,1,1,0,10,26,17,0.44040501459164516
5264,569.91,0,5,-2.8,0.02,0,3,0,0,1,1,0,0,1,3,3.459058459172043
5265,570.2,2,165,5.8,0.02,2,19,2,0,1,1,0,1,20,7,0.4787613652480651
5266,570.39,2,118,21.0,0.02,2,30,2,0,1,1,0,1,15,12,0.5338595077596728
5267,570.51,1,90,2.1,0.02,1,16,1,0,1,1,0,4,11,9,0.6366421601794815
5268,571.21,0,400,-15.5,0.02,0,30,1,0,0,0,1,4,53,14,0.3968843976962616
5269,571.95,4,356,4.9,0.02,4,30,4,0,1,1,0,3,40,15,0.3269212473264215
5270,572.41,2,293,6.1,0.02,2,39,2,0,1,1,0,6,33,26,0.4696824921050722
5271,572.61,0,105,-3.1,0.02,0,18,0,0,0,1,0,5,12,6,0.7236000272907536
5272,573.27,3,400,6.1,0.02,3,44,4,0,0,0,1,10,49,28,0.4247138903350586
5273,573.49,1,130,8.2,0.02,1,23,0,0,0,1,0,1,17,8,0.6218509053480672
5274,573.51,1,21,3.9,0.02,1,6,1,0,1,1,0,0,3,0,0.60672418952572
5275,573.95,3,253,22.4,0.02,3,44,4,0,1,1,0,4,28,23,0.4555748286661705
5276,574.06,1,81,11.0,0.02,1,23,2,0,1,1,0,3,11,9,0.45271988296768617
5277,574.96,3,400,-10.5,0.02,3,23,1,0,0,0,1,7,46,14,0.40946438683300024
5278,574.98,1,17,2.0,0.02,1,6,1,0,1,1,0,2,2,3,0.6733941456514662
5279,575.1,2,82,17.8,0.02,2,23,2,0,1,1,0,1,10,10,0.7860302851188607
5280,575.61,10,400,17.1,0.02,5,44,5,1,0,0,1,8,47,38,0.5174106586665765
5281,575.75,1,85,5.8,0.02,1,16,2,0,1,1,0,1,11,7,0.6331371899030147
5282,575.86,3,77,21.2,0.02,3,22,2,0,1,1,0,2,9,11,0.9270439116428028
5283,576.21,2,167,15.7,0.02,2,33,2,0,1,1,0,4,19,16,0.4546210857294199
5284,576.39,2,101,10.6,0.02,2,22,2,0,1,1,0,5,13,13,0.8350565047177321
5285,576.57,3,155,22.3,0.02,3,36,3,0,1,1,0,6,18,22,0.5951332514484112
5286,576.61,0,44,-0.7,0.02,0,10,0,0,1,1,0,1,6,3,0.45320061197720957
5287,576.67,0,69,6.1,0.02,0,21,1,0,1,1,0,2,9,10,0.5784349370985328
5288,576.84,1,166,-4.6,0.02,1,24,2,0,1,1,0,10,18,20,0.49155017510706583
5289,576.86,1,33,3.4,0.02,1,11,1,0,1,1,0,4,4,3,0.9368038120921174
5290,576.91,1,52,4.5,0.02,1,13,2,0,1,1,0,3,7,3,0.5605438642232877
5291,576.95,3,56,19.7,0.02,3,18,3,0,1,1,0,2,6,7,0.7832953140773594
5292,576.98,1,37,8.8,0.02,1,14,1,0,1,1,0,1,5,5,0.5697589389189016
5293,577.29,2,275,-4.1,0.02,2,29,3,0,1,1,0,8,31,26,0.4040196717608626
5294,577.42,1,136,3.7,0.02,1,21,1,0,1,1,0,3,17,7,0.4274326989266073
5295,577.48,2,81,3.5,0.02,2,11,1,0,1,1,0,4,9,4,0.6968119909784313
5296,577.87,10,400,7.1,0.02,5,35,4,1,0,0,1,9,48,38,0.5161306250685428
5297,578.19,4,239,22.3,0.02,4,42,4,0,1,1,0,9,27,18,0.6097162109543101
5298,578.48,1,349,-22.1,0.02,1,30,0,0,1,1,0,15,43,22,0.5076847614579872
5299,578.5,0,28,-0.1,0.02,0,9,1,0,1,1,0,1,4,3,0.4536109941931813
5300,578.66,8,185,8.1,0.02,3,25,2,1,1,1,0,7,20,14,0.5364559320539674
5301,578.77,4,110,27.2,0.02,4,26,4,0,1,1,0,2,12,8,0.5899660167248435
5302,578.81,1,46,11.1,0.02,1,18,1,0,1,1,0,2,6,3,0.6720500873178871
5303,578.89,4,77,33.3,0.02,4,29,5,0,1,1,0,2,9,10,0.949953490088897
5304,579.19,2,400,-4.6,0.02,2,45,2,0,0,0,1,16,47,35,0.4753868766343924
5305,579.46,2,275,-2.6,0.02,2,32,2,0,1,1,0,10,30,21,0.3512265318703398
5306,579.54,0,86,6.7,0.02,0,25,1,0,1,1,0,4,12,7,0.5555097476915021
5307,579.67,2,123,3.9,0.02,2,18,1,0,0,1,0,6,14,8,0.6057513993560965
5308,579.76,1,92,6.0,0.02,1,16,0,0,1,1,0,0,11,8,0.6183900193922962
5309,579.92,4,287,12.8,0.02,4,34,2,0,1,1,0,6,34,15,0.38678244810779483
5310,579.96,1,53,6.3,0.02,1,12,1,0,1,1,0,0,7,4,0.5485304037219897
5311,580.1,1,152,-0.5,0.02,1,23,1,0,1,1,0,7,20,13,0.5632011056769928
5312,580.15,1,46,12.8,0.02,1,19,2,0,1,1,0,1,6,6,1.028279616382664
5313,580.58,1,400,-11.0,0.02,1,32,1,0,0,0,1,6,52,19,0.3817054669129891
5314,580.61,1,48,1.9,0.02,1,9,1,0,1,1,0,2,5,3,0.7476886059163231
5315,580.7,2,99,9.5,0.02,2,19,3,0,0,1,0,4,11,6,0.5411439394597122
5316,580.72,1,21,9.6,0.02,1,13,1,0,1,1,0,1,3,3,0.9082975085718721
5317,580.83,2,120,4.9,0.02,2,17,1,0,1,1,0,4,14,11,0.5515263668616475
5318,581.18,1,337,-8.8,0.02,1,32,1,0,1,1,0,6,34,11,0.4138068209079351
5319,581.28,0,107,6.6,0.02,0,24,0,0,1,1,0,1,13,7,0.40851888267292297
5320,581.41,7,171,27.2,0.02,7,24,2,0,1,1,0,8,19,17,0.6579211135616988
5321,581.6,2,230,10.9,0.02,2,37,3,0,1,1,0,6,25,21,0.7220301407697532
5322,581.94,3,380,-24.9,0.02,3,39,3,0,1,1,0,33,48,29,0.5624292566164514
5323,581.95,0,5,-1.8,0.02,0,4,0,0,1,1,0,0,1,3,3.2249914915878364
5324,582.77,1,249,-4.3,0.02,1,31,1,0,1,1,0,9,30,14,0.500290070338103
5325,583.05,6,189,7.4,0.02,1,30,1,1,1,1,0,2,23,17,0.4622458483607459
5326,583.12,2,45,11.1,0.02,2,12,2,0,0,1,0,1,5,4,0.8555821378901715
5327,583.28,3,109,11.2,0.02,3,21,3,0,1,1,0,8,14,9,0.7013947008850417
5328,583.82,2,236,5.6,0.02,2,32,4,0,1,1,0,6,26,18,0.48653342325981025
5329,584.1,2,150,10.2,0.02,2,23,1,0,0,1,0,2,17,8,0.500293592836617
5330,584.19,5,61,31.2,0.02,5,19,5,0,1,1,0,1,7,7,1.038081033613807
5331,584.2,0,7,0.3,0.02,0,6,0,0,1,1,0,0,1,0,1.7295865475966308
5332,584.25,0,34,4.1,0.02,0,13,0,0,1,1,0,0,5,5,0.7519209137427847
5333,584.69,2,248,11.2,0.02,2,40,2,0,1,1,0,7,27,20,0.5614549447614213
5334,584.89,7,148,19.3,0.02,2,31,1,1,1,1,0,1,18,9,0.4622196070568366
5335,585.39,1,227,-0.1,0.02,1,27,1,0,0,1,0,3,28,14,0.5009703334296316
5336,585.52,2,95,12.5,0.02,2,21,2,0,1,1,0,3,12,10,0.6163071802078791
5337,585.95,4,275,14.7,0.02,4,40,5,0,1,1,0,10,31,28,0.4529620764036074
5338,586.1,2,157,6.5,0.02,2,25,1,0,1,1,0,6,17,18,0.6447166323199792
5339,586.12,0,35,2.3,0.02,0,11,0,0,1,1,0,0,5,2,0.578738011215864
5340,586.14,0,14,-2.5,0.02,0,5,0,0,1,1,0,1,2,1,0.3961046805501577
5341,586.21,3,88,19.7,0.02,3,23,1,0,1,1,0,4,11,5,0.8802516366419589
5342,586.29,0,81,-0.6,0.02,0,18,0,0,1,1,0,5,11,5,0.5312397107153869
5343,586.35,2,69,10.4,0.02,2,17,2,0,1,1,0,4,9,7,0.9637740962356917
5344,586.41,0,68,1.6,0.02,0,15,0,0,1,1,0,1,9,6,0.5125993094935379
5345,586.47,1,56,7.9,0.02,1,15,1,0,1,1,0,1,7,5,0.7675891234949115
5346,586.68,5,199,35.3,0.02,5,41,5,0,1,1,0,4,23,18,0.5180935803636533
5347,586.74,1,71,15.8,0.02,1,25,1,0,1,1,0,1,9,11,0.7651707919842704
5348,586.78,0,35,8.0,0.02,0,17,1,0,1,1,0,0,5,5,0.6146754054782385
5349,587.08,7,334,-8.2,0.02,2,29,4,1,1,1,0,7,38,18,0.3794823058623899
5350,587.38,4,400,8.9,0.02,4,39,5,0,0,0,1,7,47,30,0.4313321839488464
5351,587.66,7,241,5.9,0.02,2,33,1,1,0,1,0,6,28,20,0.5296264016289054
5352,587.71,2,60,14.4,0.02,2,17,1,0,1,1,0,1,7,6,0.6055797635444841
5353,587.96,3,220,11.7,0.02,3,32,1,0,1,1,0,6,26,23,0.6019016799594729
5354,588.18,4,356,13.4,0.02,4,42,3,0,1,1,0,5,38,30,0.42945914455615325
5355,588.3,2,105,9.9,0.02,2,18,2,0,1,1,0,2,13,6,0.6165832343041249
5356,588.58,12,254,44.6,0.02,7,50,8,1,1,1,0,8,27,20,0.5355670259659183
5357,588.98,2,400,-2.5,0.02,2,44,2,0,0,0,1,13,49,34,0.4538285886111523
5358,589.11,2,156,12.4,0.02,2,28,2,0,1,1,0,4,18,10,0.635728183182778
5359,589.7,2,386,-4.4,0.02,2,41,2,0,0,1,0,9,42,28,0.4991060217324401
5360,589.77,0,67,4.7,0.02,0,18,0,0,1,1,0,1,8,6,0.6242287524811615
5361,590.17,2,316,-3.7,0.02,2,34,3,0,1,1,0,9,36,21,0.45262098684916036
5362,590.41,3,243,17.8,0.02,3,38,3,0,1,1,0,4,29,19,0.46568278884870085
5363,590.75,5,314,11.7,0.02,5,35,3,0,1,1,0,10,29,19,0.5262764122318558
5364,590.82,1,78,5.6,0.02,1,18,1,0,1,1,0,4,10,6,0.6418182550455385
5365,590.97,2,136,22.2,0.02,2,34,2,0,1,1,0,2,15,12,0.6017070340763321
5366,590.97,0,5,-4.7,0.02,0,2,0,0,1,1,0,1,1,2,2.752413834152475
5367,591.09,0,131,-1.2,0.02,0,26,1,0,0,1,0,8,16,11,0.6570894582976522
5368,591.24,0,190,2.5,0.02,0,33,2,0,1,1,0,5,22,15,0.4892975321588719
5369,591.27,1,37,5.9,0.02,1,11,1,0,1,1,0,1,5,4,0.6141554325691245
5370,591.55,3,275,-0.6,0.02,3,25,4,0,1,1,0,7,33,11,0.4288008467218127
5371,591.75,7,200,17.4,0.02,2,35,3,1,1,1,0,1,19,16,0.48691567379936473
5372,592.17,2,400,7.4,0.02,2,52,2,0,0,0,1,11,47,35,0.5020386147349003
5373,592.17,0,5,-3.5,0.02,0,2,1,0,1,1,0,0,1,0,1.871670419712021
5374,592.22,0,52,11.3,0.02,0,24,0,0,1,1,0,2,7,5,0.7005045254013524
5375,592.43,3,187,26.8,0.02,3,40,3,0,0,1,0,3,21,15,0.5586738663483222
5376,592.69,7,241,12.3,0.02,2,35,3,1,1,1,0,2,27,16,0.420348149925297
5377,592.78,1,103,-6.6,0.02,1,12,1,0,1,1,0,8,12,3,0.6555755914826209
5378,592.95,2,166,17.4,0.02,2,32,1,0,1,1,0,2,22,10,0.49923399171745253
5379,593.2,4,177,32.7,0.02,4,42,4,0,1,1,0,5,20,16,0.4853247515330082
5380,593.57,6,286,7.6,0.02,1,45,1,1,1,1,0,6,32,28,0.4693463695235203
5381,593.57,0,6,-3.6,0.02,0,3,1,0,1,1,0,1,1,0,0.5075639612240398
5382,593.59,1,25,1.4,0.02,1,5,0,0,1,1,0,1,3,1,0.5087617190612176
5383,593.67,2,92,25.9,0.02,2,31,2,0,1,1,0,0,12,9,0.5851274638310955
5384,593.71,2,60,6.8,0.02,2,11,2,0,1,1,0,3,7,2,0.6452394975794227
5385,593.73,0,13,-2.3,0.02,0,5,1,0,1,1,0,1,2,0,0.3031352808160171
5386,594.12,5,400,-4.7,0.02,5,28,5,0,0,0,1,14,46,36,0.5088187538663187
5387,594.16,0,48,-2.3,0.02,0,9,0,0,1,1,0,1,7,5,0.42219399105519817
5388,594.3,8,154,23.0,0.02,3,38,3,1,1,1,0,8,18,16,0.6121770154196297
5389,594.56,3,272,5.2,0.02,3,32,3,0,1,1,0,7,30,26,0.4704600924157506
5390,594.69,2,136,4.2,0.02,2,20,2,0,1,1,0,6,17,12,0.6085369092871662
5391,594.79,1,102,9.1,0.02,1,23,2,0,1,1,0,3,12,7,0.6125621079611268
5392,595.13,1,307,-2.2,0.02,1,34,2,0,1,1,0,4,38,15,0.4000224047985485
5393,595.24,2,101,12.8,0.02,2,21,1,0,0,1,0,2,11,11,0.6971362006671599
5394,595.31,1,68,12.4,0.02,1,21,1,0,1,1,0,1,9,8,0.7082805139141818
5395,595.4,1,92,7.4,0.02,1,19,2,0,1,1,0,2,10,4,0.7211705562731793
5396,595.64,3,333,3.7,0.02,3,40,1,0,1,1,0,10,38,30,0.42025096487339175
5397,596.02,2,245,-5.2,0.02,2,21,2,0,1,1,0,5,28,17,0.42815461075923716
5398,596.13,1,122,5.1,0.02,1,22,3,0,1,1,0,4,15,7,0.5949390753505843
5399,596.51,3,400,-5.0,0.02,3,34,4,0,0,0,1,12,45,19,0.41855758297011375
5400,596.65,6,134,3.7,0.02,1,24,1,1,1,1,0,6,16,9,0.5423966709205122
5401,596.7,0,54,1.9,0.02,0,15,0,0,0,1,0,2,7,7,0.6189142274768245
5402,596.72,0,21,-1.2,0.02,0,7,0,0,1,1,0,1,3,1,0.42761887271551335
5403,596.73,0,22,-1.6,0.02,0,9,1,0,1,1,0,3,3,4,0.537070183225084
5404,597.0,6,212,5.0,0.02,1,34,1,1,1,1,0,6,24,18,0.43133462179094484
5405,597.03,1,36,10.3,0.02,1,15,2,0,1,1,0,1,5,1,0.9387249902189324
5406,597.37,2,400,-19.9,0.02,2,33,3,0,0,0,1,20,47,28,0.42142203439665
5407,597.71,3,274,14.0,0.02,3,39,3,1,1,1,0,5,31,26,0.4584639284485854
5408,597.79,1,97,18.5,0.02,1,30,1,0,1,1,0,1,12,8,0.5183628545722927
5409,597.88,2,100,16.2,0.02,2,23,2,0,1,1,0,1,13,8,0.5638335690449784
5410,597.93,4,61,22.4,0.02,4,15,4,0,0,1,0,1,7,5,0.9763232715944125
5411,598.37,6,364,-28.3,0.02,1,31,0,1,1,1,0,20,41,29,0.3861944420812894
5412,598.5,4,117,26.2,0.02,4,27,4,0,1,1,0,3,14,11,0.7126604891972274
5413,598.77,13,250,1.9,0.02,3,25,3,2,0,1,0,6,25,21,0.40498885903523935
5414,598.85,1,92,4.1,0.02,1,19,2,0,1,1,0,5,11,7,0.6496457295354656
5415,598.95,1,105,23.0,0.02,1,36,1,0,1,1,0,1,13,15,0.5042321987789949
5416,599.08,2,160,15.8,0.02,2,30,2,0,1,1,0,2,18,12,0.6700419341557293
5417,599.2,5,147,37.9,0.02,5,36,4,0,1,1,0,2,17,14,0.6017499129410192
5418,599.21,0,6,-5.6,0.02,0,1,0,0,1,1,0,1,1,0,0.32137503707966425
5419,599.43,3,224,9.1,0.02,3,33,2,0,1,1,0,10,25,15,0.5594974472922611
5420,600.09,2,400,-8.7,0.02,2,31,2,0,0,0,1,8,44,16,0.43163255655569066
5421,600.38,3,224,11.6,0.02,3,31,5,0,1,1,0,5,25,20,0.4615064706601845
5422,600.44,1,61,8.3,0.02,1,15,2,0,1,1,0,0,8,6,0.43240924718804613
5423,600.48,1,51,14.5,0.02,1,20,1,0,1,1,0,0,7,4,0.6528515493709336
5424,600.65,0,209,9.7,0.02,0,40,0,0,1,1,0,2,25,24,0.40525063853812765
5425,601.18,9,387,0.6,0.02,4,39,2,1,1,1,0,12,46,27,0.5063649691215161
5426,601.46,2,275,2.6,0.02,2,31,2,0,1,1,0,4,34,19,0.4387131636744334
5427,601.59,2,114,19.5,0.02,2,32,2,0,1,1,0,5,14,11,0.6540196174857957
5428,601.65,0,60,9.1,0.02,0,23,0,0,1,1,0,2,8,9,0.5654523627301522
5429,601.75,2,108,14.5,0.02,2,22,2,0,1,1,0,1,14,7,0.5827334900098845
5430,601.89,2,114,19.8,0.02,2,30,1,0,1,1,0,3,13,8,0.5641435530257253
5431,602.34,2,377,-10.9,0.02,2,31,2,0,1,1,0,6,41,32,0.4218063426454739
5432,602.44,0,136,1.2,0.02,0,22,1,0,1,1,0,1,17,12,0.4840463817073222
5433,602.59,2,146,0.6,0.02,2,17,1,0,0,1,0,6,18,8,0.5555292776436122
5434,602.92,1,323,-7.1,0.02,1,36,1,0,1,1,0,9,39,18,0.4813448147079909
5435,602.96,0,51,5.5,0.02,0,16,0,0,1,1,0,0,7,4,0.5207118744229906
5436,603.03,1,71,15.7,0.02,1,25,2,0,1,1,0,2,9,2,0.5663368889400966
5437,603.43,2,375,-0.3,0.02,2,42,2,0,1,1,0,7,43,28,0.4587108534706131
5438,603.47,2,63,19.0,0.02,2,23,3,0,1,1,0,2,8,7,0.694363852913877
5439,603.82,2,379,-21.2,0.02,2,22,1,0,1,1,0,8,45,23,0.35067383762417176
5440,603.9,2,97,8.4,0.02,2,16,1,0,1,1,0,2,12,9,0.478002886671518
5441,603.96,1,73,-3.6,0.02,1,7,1,0,1,1,0,3,8,3,0.5746824753260247
5442,604.02,1,61,12.3,0.02,1,22,2,0,1,1,0,3,8,6,0.6587476702374151
5443,604.12,1,147,12.8,0.02,1,31,2,0,1,1,0,2,19,15,0.5811755344912265
5444,604.24,3,167,19.6,0.02,3,32,2,0,0,1,0,4,20,17,0.5618896651556055
5445,604.32,0,89,3.3,0.02,0,23,1,0,0,1,0,5,11,8,0.4907843674709573
5446,604.62,1,272,-1.4,0.02,1,39,2,0,0,1,0,11,26,22,0.5175233613961296
5447,605.05,3,400,-1.0,0.02,3,32,2,0,0,0,1,6,47,19,0.35007338636904495
5448,605.11,2,66,14.3,0.02,2,17,2,1,1,1,0,0,8,11,0.6801666293843502
5449,605.53,3,255,21.8,0.02,3,45,4,0,1,1,0,5,31,27,0.4334142701413731
5450,605.89,2,268,2.8,0.02,2,31,1,0,0,1,0,5,32,14,0.39702044526730756
5451,605.9,0,14,0.4,0.02,0,7,1,0,1,1,0,0,2,2,0.42206336299440694
5452,605.96,3,62,18.2,0.02,3,18,3,0,1,1,0,3,8,6,0.5482226909416992
5453,606.01,2,58,19.5,0.02,2,22,3,0,1,1,0,1,7,7,0.9115185399607285
5454,606.21,4,210,32.0,0.02,4,45,4,0,1,1,0,5,25,20,0.5180725507311666
5455,606.24,1,37,9.0,0.02,1,14,1,0,1,1,0,1,5,3,0.6117391726021043
5456,606.6,8,400,2.7,0.02,3,36,3,1,0,0,1,6,47,22,0.42309336494871513
5457,606.77,1,178,15.6,0.02,1,38,1,0,1,1,0,3,21,16,0.4300593534198452
5458,607.26,7,400,-27.4,0.02,2,31,1,1,0,0,1,25,48,33,0.634835473931506
5459,607.31,1,54,15.8,0.02,1,23,1,0,1,1,0,1,7,8,0.8302501844430206
5460,607.34,1,44,10.0,0.02,1,16,2,0,1,1,0,1,6,6,0.795855011040024
5461,607.64,3,294,-2.3,0.02,3,24,5,0,1,1,0,5,36,19,0.4797451232375342
5462,607.7,3,70,20.5,0.02,3,20,3,0,1,1,0,2,9,5,0.6860666459970594
5463,608.07,3,400,-8.4,0.02,3,34,2,0,0,0,1,15,45,23,0.3654979706856631
5464,608.45,4,289,10.9,0.02,4,34,3,0,1,1,0,7,34,22,0.48742627852197534
5465,608.53,1,84,15.7,0.02,1,27,1,0,1,1,0,2,11,9,0.7199745398166315
5466,608.59,1,70,8.6,0.02,1,17,0,0,1,1,0,1,9,4,0.5971892133700314
5467,608.89,6,321,-14.9,0.02,1,29,1,1,1,1,0,9,36,28,0.44422732938765064
5468,609.06,5,158,21.7,0.02,5,28,4,0,1,1,0,9,20,15,0.7104421600981661
5469,609.11,0,62,2.2,0.02,0,17,2,0,1,1,0,3,8,6,0.5795588949860415
5470,609.33,4,232,2.8,0.02,4,18,1,0,1,1,0,6,18,10,0.42775259183481196
5471,609.84,1,400,-26.0,0.02,1,26,1,0,0,0,1,14,47,29,0.45750603885991986
5472,610.01,4,255,25.1,0.02,4,43,2,0,1,1,0,5,28,24,0.49002850437692885
5473,610.11,2,97,16.2,0.02,2,27,2,0,1,1,0,5,12,11,0.7656581154693898
5474,610.13,0,28,-0.3,0.02,0,9,0,0,1,1,0,1,4,5,0.5300344000733651
5475,610.24,2,101,9.2,0.02,2,20,2,0,1,1,0,5,13,7,0.5347038884793229
5476,610.81,7,400,-2.7,0.02,2,35,1,1,0,0,1,4,45,36,0.40708995815261384
5477,610.81,0,6,-4.6,0.02,0,2,0,0,1,1,0,1,1,0,0.2519049751215386
5478,610.99,6,169,0.6,0.02,1,21,2,1,0,1,0,3,15,5,0.480064188248609
5479,611.47,1,400,-25.5,0.02,1,21,1,0,0,0,1,9,48,24,0.40969198514789273
5480,611.66,6,214,29.8,0.02,6,33,4,0,0,1,0,5,23,18,0.6144584016960319
5481,611.99,3,400,6.9,0.02,3,44,4,0,0,0,1,8,46,40,0.4195225796358613
5482,612.08,0,81,0.0,0.02,0,17,0,0,1,1,0,3,11,9,0.47049978608550175
5483,612.14,2,87,15.6,0.02,2,21,2,0,1,1,0,1,11,7,0.6064582014602469
5484,612.75,2,400,-22.0,0.02,2,28,2,0,0,0,1,17,45,29,0.46490421956407046
5485,613.26,2,400,-13.7,0.02,2,30,2,0,0,0,1,10,50,36,0.4455238536220094
5486,613.6,3,278,2.9,0.02,3,34,3,0,1,1,0,11,32,23,0.4518679704658489
5487,613.84,0,248,0.5,0.02,0,31,1,0,0,0,1,4,27,16,0.564196233437683
5488,614.18,3,308,9.9,0.02,3,40,3,0,1,1,0,6,33,33,0.5271468071261085
5489,614.55,2,299,4.0,0.02,2,40,2,0,1,1,0,8,36,31,0.4599735707211813
5490,614.57,1,23,2.6,0.02,1,6,1,0,1,1,0,1,3,1,0.6882125641475811
5491,614.58,0,21,-0.2,0.02,0,8,1,0,1,1,0,1,3,1,0.7359772705951277
5492,614.65,2,66,16.9,0.02,2,22,3,0,0,1,0,3,8,5,0.7244410554334112
5493,614.7,1,48,8.8,0.02,1,14,1,0,1,1,0,0,6,4,0.43982990353771645
5494,614.87,3,139,27.8,0.02,3,34,2,0,1,1,0,1,18,13,0.48236474820098285
5495,614.95,2,75,13.8,0.02,2,21,1,0,1,1,0,4,9,7,0.8059605890947877
5496,615.07,1,125,6.0,0.02,1,23,2,0,1,1,0,3,16,15,0.557723714455346
5497,615.16,2,89,20.1,0.02,2,27,3,0,1,1,0,2,12,10,0.7742346631795591
5498,615.33,2,175,13.2,0.02,2,34,2,0,1,1,0,6,19,23,0.6620132611285893
5499,615.4,2,83,20.9,0.02,2,27,2,0,1,1,0,2,11,8,0.8437001888563733
5500,615.46,1,75,9.7,0.02,1,20,1,0,1,1,0,2,8,8,0.4495784312295391
5501,615.51,0,49,1.9,0.02,0,14,0,0,1,1,0,2,7,2,0.622722886072119
5502,615.62,3,143,16.6,0.02,3,26,5,0,1,1,0,4,17,11,0.5235364392989262
5503,615.65,0,42,-1.8,0.02,0,9,0,0,1,1,0,1,6,6,0.6285588000908654
5504,616.0,2,361,-8.6,0.02,2,32,1,0,1,1,0,7,45,25,0.4888665890273871
5505,616.14,2,154,18.7,0.02,2,34,3,0,1,1,0,4,19,9,0.5413065095404855
5506,616.15,0,13,-3.3,0.02,0,4,1,0,1,1,0,1,2,0,0.26223647419182883
5507,616.52,4,297,9.2,0.02,4,36,3,0,1,1,0,10,34,21,0.4824984191454098
5508,616.92,3,262,3.6,0.02,3,32,2,0,1,1,0,10,30,22,0.47504706520344575
5509,616.94,0,20,3.6,0.02,0,12,0,0,1,1,0,1,3,4,0.6863627615818118
5510,617.23,2,226,8.7,0.02,2,33,3,0,1,1,0,5,26,17,0.42372756051224797
5511,617.45,1,254,-2.9,0.02,1,28,1,0,1,1,0,4,31,15,0.5094537627379551
5512,617.59,4,112,30.5,0.02,4,30,3,0,0,1,0,2,13,13,0.6420790478519274
5513,617.63,1,46,4.2,0.02,1,11,1,0,1,1,0,2,6,2,0.5614370059733569
5514,617.74,1,102,1.8,0.02,1,20,1,0,1,1,0,7,13,10,0.7267844979960079
5515,617.76,0,28,1.7,0.02,0,11,0,0,1,1,0,1,4,5,0.4364693444685631
5516,617.82,1,67,6.7,0.02,1,16,2,0,1,1,0,2,9,6,0.5581815732601183
5517,618.26,4,400,-4.4,0.02,4,22,2,0,0,0,1,5,48,13,0.46768788550977547
5518,618.6,3,245,19.3,0.02,3,39,5,0,1,1,0,3,27,22,0.4975085229027801
5519,618.63,1,37,5.0,0.02,1,11,1,0,1,1,0,2,5,3,0.8559192268012897
5520,618.84,2,400,-0.4,0.02,2,40,2,0,0,0,1,8,49,23,0.44044601869571687
5521,618.96,3,221,6.7,0.02,3,23,1,0,1,1,0,3,28,12,0.4316362390823866
5522,619.05,1,96,7.2,0.02,1,23,1,0,1,1,0,5,11,12,0.670902392759858
5523,619.15,2,93,11.1,0.02,2,22,1,0,1,1,0,6,12,6,0.803273644462064
5524,619.16,0,22,-1.5,0.02,0,8,0,0,1,1,0,2,3,3,0.4674678158626708
5525,619.29,5,182,0.9,0.02,0,30,0,1,1,1,0,4,23,19,0.43255303119140676
5526,619.37,1,92,10.9,0.02,1,26,2,0,0,1,0,5,11,9,0.6409120819631194
5527,619.5,1,121,10.7,0.02,1,26,1,0,1,1,0,2,13,12,0.5945251879045935
5528,619.62,1,130,3.8,0.02,1,24,2,0,1,1,0,6,16,12,0.5912026593991134
5529,619.85,1,184,-0.5,0.02,1,30,3,0,1,1,0,11,22,11,0.512172090716871
5530,619.86,0,6,-4.6,0.02,0,2,0,0,1,1,0,1,1,0,0.22574031390933338
5531,620.2,6,290,1.9,0.02,1,43,1,1,1,1,0,9,34,31,0.4823963068424007
5532,620.45,7,259,6.8,0.02,2,37,3,1,1,1,0,7,30,23,0.4457493045528145
5533,620.46,0,7,-5.7,0.02,0,2,1,0,1,1,0,2,1,0,0.4505675747530506
5534,620.58,2,400,0.0,0.02,2,37,3,0,0,0,1,4,38,29,0.4061329279491687
5535,620.68,2,98,22.2,0.02,2,30,3,0,1,1,0,2,12,10,0.7003460819365737
5536,620.76,1,87,11.4,0.02,1,22,2,0,1,1,0,1,11,9,0.4407704419867879
5537,621.3,2,400,-2.3,0.02,2,40,2,0,0,0,1,9,42,32,0.4986491357630384
5538,621.71,1,324,-6.8,0.02,1,34,1,0,1,1,0,6,38,24,0.47959338233578097
5539,621.83,2,133,17.5,0.02,2,30,2,0,1,1,0,3,16,12,0.49355522209892533
5540,622.08,7,198,7.5,0.02,2,35,2,1,1,1,0,11,22,17,0.5066567238587947
5541,622.41,3,400,-16.0,0.02,3,32,3,0,0,0,1,20,52,29,0.5587025803471796
5542,622.52,6,106,8.4,0.02,1,22,2,1,0,1,0,2,13,10,0.6041886733510771
5543,622.84,2,400,-4.2,0.02,2,36,1,0,0,0,1,8,47,21,0.39302418864922645
5544,623.06,3,244,16.6,0.02,3,39,3,0,1,1,0,6,25,20,0.5782256891059417
5545,623.07,0,5,-3.5,0.02,0,2,0,0,1,1,0,0,1,0,1.0633502835666717
5546,623.11,2,44,12.4,0.02,2,14,2,0,1,1,0,2,6,2,0.8159539482641371
5547,623.12,0,13,-2.3,0.02,0,4,2,0,1,1,0,0,2,0,1.0744049045581834
5548,623.19,2,73,17.1,0.02,2,23,3,0,1,1,0,3,10,6,0.7858178433282913
5549,623.33,1,352,-58.4,0.02,1,20,1,0,1,1,0,42,46,12,0.5401530893089337
5550,623.57,2,185,9.0,0.02,2,32,2,0,1,1,0,8,20,15,0.4584653539810366
5551,623.63,2,71,8.1,0.02,2,13,3,0,1,1,0,2,9,8,0.664588793120702
5552,623.86,2,212,6.5,0.02,2,27,1,0,1,1,0,2,23,23,0.5245713607291996
5553,623.97,3,110,11.6,0.02,3,18,1,0,0,1,0,4,12,14,0.5962181391231628
5554,624.53,2,400,-17.7,0.02,2,24,1,0,0,0,1,10,46,16,0.42957065741021666
5555,624.55,0,21,-2.2,0.02,0,6,0,0,1,1,0,1,3,1,0.7222813275838403
5556,624.97,0,400,-14.9,0.02,0,41,0,0,0,0,1,13,50,28,0.4845351756546138
5557,625.01,1,48,9.6,0.02,1,16,2,0,1,1,0,1,7,6,0.630574848332333
5558,625.08,5,78,23.8,0.02,5,14,2,0,1,1,0,2,8,4,1.0670269282495441
5559,625.18,0,98,-3.1,0.02,0,14,0,0,1,1,0,2,13,3,0.3958072811918043
5560,625.27,2,114,15.5,0.02,2,27,4,0,0,1,0,4,14,11,0.6746127565542855
5561,625.34,0,80,8.1,0.02,0,23,0,0,1,1,0,1,10,9,0.7708986968299452
5562,625.41,3,78,18.2,0.02,3,21,1,0,0,1,0,4,8,10,0.7521125452980624
5563,625.71,5,267,33.5,0.02,5,48,4,0,1,1,0,5,29,28,0.43645092781586986
5564,625.82,4,100,12.8,0.02,4,15,5,0,1,1,0,7,13,2,0.6553699044769496
5565,625.91,7,100,11.3,0.02,2,18,1,1,1,1,0,1,12,7,0.5897730730672955
5566,626.12,1,160,8.8,0.02,1,28,5,0,1,1,0,2,20,12,0.6128157957530908
5567,626.54,1,400,-15.8,0.02,1,25,2,0,0,0,1,4,49,17,0.40668314852729875
5568,626.62,1,75,16.7,0.02,1,26,1,0,1,1,0,1,10,8,0.6788796264045764
5569,626.72,5,96,5.5,0.02,0,23,0,1,1,1,0,2,13,9,0.40804878864171074
5570,626.73,2,24,8.4,0.02,2,7,2,0,1,1,0,1,3,2,0.9914466892338267
5571,626.83,4,260,0.2,0.02,4,21,1,0,1,1,0,9,24,8,0.5014706070282556
5572,626.91,2,105,21.2,0.02,2,32,2,0,1,1,0,4,13,13,0.7768118967585018
5573,627.05,0,111,-3.9,0.02,0,21,0,0,1,1,0,8,15,8,0.5497300276910073
5574,627.47,3,259,6.9,0.02,3,29,3,0,1,1,0,4,29,22,0.395764924760603
5575,627.53,0,69,7.2,0.02,0,21,0,0,0,1,0,1,9,9,0.4989871118271178
5576,627.58,0,52,6.6,0.02,0,18,0,0,1,1,0,1,7,2,0.6086919576619171
5577,627.8,3,251,19.7,0.02,3,39,3,0,1,1,0,2,29,22,0.4443019379049019
5578,627.94,3,120,23.8,0.02,3,33,4,0,1,1,0,6,14,12,0.6772706042058567
5579,628.0,0,58,-0.3,0.02,0,14,0,0,1,1,0,3,8,5,0.4879079750729995
5580,628.27,1,316,-26.6,0.02,1,17,1,0,1,1,0,11,38,10,0.4413821245727707
5581,628.29,0,22,-1.5,0.02,0,6,0,0,1,1,0,0,3,3,0.5131653020852736
5582,628.8,6,400,-18.9,0.02,1,25,0,1,0,0,1,7,50,18,0.4096316075817452
5583,629.03,2,261,7.2,0.02,2,32,2,0,1,1,0,2,32,17,0.45243962166807383
5584,629.17,2,129,18.2,0.02,2,32,2,0,0,1,0,5,15,9,0.6001860793975419
5585,629.77,4,400,14.9,0.02,4,39,4,0,0,0,1,2,45,20,0.41856676631907347
5586,629.79,2,30,10.6,0.02,2,9,3,0,1,1,0,0,4,4,0.7056854399943032
5587,629.88,3,84,8.5,0.02,3,13,1,0,1,1,0,6,11,1,0.7500783792567092
5588,629.97,2,87,8.7,0.02,2,17,2,0,1,1,0,4,9,6,0.7691747875456032
5589,630.11,2,124,1.3,0.02,2,15,0,0,1,1,0,6,15,3,0.5150536727632898
5590,630.66,0,400,-34.7,0.02,0,18,0,0,0,0,1,9,49,36,0.42635932566565415
5591,631.07,6,400,-21.8,0.02,1,27,2,1,0,0,1,12,47,17,0.39112564474704775
5592,631.15,1,83,3.4,0.02,1,17,1,0,0,1,0,4,11,13,0.6203252508708683
5593,631.22,1,65,5.0,0.02,1,13,1,0,1,1,0,1,9,5,0.506227112856228
5594,631.32,1,96,-1.4,0.02,1,17,4,0,1,1,0,8,12,8,0.6295793179788913
5595,631.4,1,89,-2.5,0.02,1,12,1,0,1,1,0,5,10,6,0.5100873600432327
5596,631.52,5,104,24.9,0.02,5,20,3,0,1,1,0,4,13,7,0.6423522956129487
5597,631.8,2,222,7.8,0.02,2,32,3,0,1,1,0,5,26,20,0.42334213707044377
5598,632.23,2,320,3.4,0.02,2,41,3,0,1,1,0,8,37,26,0.48553784234596165
5599,632.27,1,43,9.2,0.02,1,15,2,0,1,1,0,1,5,5,0.8265186071009224
5600,632.39,2,119,13.3,0.02,2,22,2,0,1,1,0,1,15,8,0.6397996509421107
5601,632.89,3,400,4.7,0.02,3,38,3,0,0,0,1,6,48,22,0.4284823081240276
5602,633.12,4,400,-28.9,0.02,4,38,4,0,0,0,1,44,52,28,0.7446375538792973
5603,633.19,0,68,-1.5,0.02,0,13,0,0,0,1,0,2,8,7,0.6186761978633912
5604,633.55,1,348,-12.9,0.02,1,30,3,0,1,1,0,6,40,21,0.35887506752810056
5605,633.82,2,192,-4.7,0.02,2,27,2,0,1,1,0,16,23,15,0.6429918703530527
5606,634.18,2,341,-10.6,0.02,2,31,1,0,1,1,0,10,40,25,0.49971812616981987
5607,634.28,3,115,19.7,0.02,3,23,4,0,1,1,0,1,13,8,0.5640831025727513
5608,634.47,4,177,6.2,0.02,4,23,3,0,1,1,0,13,21,11,0.5243893441028074
5609,634.8,0,379,-21.0,0.02,0,32,0,0,1,1,0,8,44,21,0.3639463356035961
5610,634.95,3,159,25.7,0.02,3,35,2,0,1,1,0,2,19,14,0.6661894968647586
5611,635.3,1,400,-25.2,0.02,1,23,0,0,0,0,1,11,46,21,0.38078792373150766
5612,635.49,1,151,16.8,0.02,1,36,2,0,1,1,0,2,18,21,0.3953969841704818
5613,635.53,1,47,7.8,0.02,1,13,1,0,1,1,0,0,6,5,0.6141233048199628
5614,635.76,4,200,9.8,0.02,4,19,3,0,1,1,0,3,22,12,0.5158093492471767
5615,635.97,0,304,-20.4,0.02,0,30,0,0,1,1,0,13,33,20,0.38364590113462177
5616,636.06,5,82,31.9,0.02,5,24,5,0,1,1,0,3,10,9,0.8254162215135735
5617,636.32,5,275,-4.9,0.02,0,39,1,1,1,1,0,9,31,24,0.41683972562712857
5618,636.71,1,347,-13.9,0.02,1,31,2,0,1,1,0,7,41,32,0.3330793657699101
5619,637.04,3,260,21.8,0.02,3,45,4,0,1,1,0,6,34,12,0.5731743429131684
5620,637.09,1,55,7.0,0.02,1,16,2,0,1,1,0,3,7,5,0.7109084444732684
5621,637.18,1,94,5.9,0.02,1,21,1,0,0,1,0,5,12,7,0.5794314850632094
5622,637.3,1,164,1.6,0.02,1,25,0,0,1,1,0,6,21,10,0.5450102015483408
5623,637.31,0,13,-4.3,0.02,0,5,1,0,1,1,0,3,2,0,0.38897922263602136
5624,637.53,1,190,5.3,0.02,1,29,2,0,1,1,0,3,21,17,0.3970762486046745
5625,637.65,2,120,11.5,0.02,2,22,2,0,1,1,0,2,15,15,0.5969137487039227
5626,637.66,0,6,-4.6,0.02,0,2,0,0,1,1,0,1,1,0,0.28138704344920623
5627,637.75,0,103,-3.7,0.02,0,14,0,0,1,1,0,2,13,4,0.755474413955307
5628,637.84,2,100,17.5,0.02,2,28,3,0,1,1,0,4,12,15,0.7458938090433601
5629,637.93,4,80,25.0,0.02,4,22,2,0,1,1,0,3,10,10,0.7881266788900726
5630,638.33,3,400,-2.0,0.02,3,36,3,0,0,0,1,10,50,29,0.4278929568714963
5631,638.52,3,159,9.1,0.02,3,19,2,0,1,1,0,3,18,10,0.44991574029667314
5632,638.76,2,234,11.5,0.02,2,36,2,0,0,1,0,4,26,21,0.47925812108745947
5633,638.86,2,93,20.0,0.02,2,28,2,0,0,1,0,3,11,7,0.648077123672455
5634,638.86,0,6,-3.6,0.02,0,3,0,0,1,1,0,1,1,0,0.44824092078481653
5635,639.14,1,323,-8.0,0.02,1,31,0,0,1,1,0,5,39,17,0.4075563756892029
5636,639.25,2,104,13.5,0.02,2,22,2,0,1,1,0,2,13,11,0.7041713911538945
5637,639.39,8,151,26.2,0.02,3,35,4,1,1,1,0,2,18,17,0.4995590452114246
5638,639.48,2,90,20.1,0.02,2,29,2,0,1,1,0,4,11,9,0.6441735775454951
5639,639.54,0,64,-0.2,0.02,0,15,0,0,1,1,0,3,9,8,0.40914762919769776
5640,639.72,1,195,4.9,0.02,1,27,1,0,1,1,0,1,24,16,0.4361177956196448
5641,639.8,1,72,11.9,0.02,1,20,2,0,1,1,0,0,9,9,0.4106553067394165
5642,640.49,4,400,-8.0,0.02,4,28,2,0,0,0,1,14,45,19,0.44633409745402003
5643,640.93,2,364,-17.0,0.02,2,26,1,0,1,1,0,10,48,16,0.46365713611830495
5644,641.32,2,316,-7.6,0.02,2,26,1,0,1,1,0,5,35,20,0.40615702510178775
5645,641.46,1,120,7.3,0.02,1,23,3,0,1,1,0,3,15,7,0.538669042364661
5646,641.53,0,70,4.0,0.02,0,18,0,0,0,1,0,1,9,10,0.49010564875209306
5647,641.58,1,51,11.2,0.02,1,20,2,0,1,1,0,3,7,7,1.009821238418651
5648,641.78,13,218,10.4,0.02,3,31,3,2,1,1,0,7,24,18,0.42297108239119524
5649,642.06,7,400,-51.2,0.02,2,26,2,1,0,0,1,44,50,31,0.8083976959055719
5650,642.09,0,36,2.3,0.02,0,13,0,0,1,1,0,2,5,1,0.6732274393808616
5651,642.54,1,400,-23.2,0.02,1,32,2,0,0,0,1,18,49,21,0.452302732794429
5652,642.59,0,65,6.7,0.02,0,21,0,0,1,1,0,2,9,8,0.5706184735675796
5653,642.72,3,130,24.0,0.02,3,31,3,0,1,1,0,2,15,20,0.5068916803187229
5654,642.74,0,14,-2.5,0.02,0,5,0,0,1,1,0,1,2,1,0.4013982548406357
5655,642.84,1,100,11.6,0.02,1,26,2,0,1,1,0,3,13,14,0.6979737836208905
5656,643.09,1,210,8.2,0.02,1,35,1,0,0,1,0,4,24,18,0.37842947309907393
5657,643.13,2,41,17.3,0.02,2,17,2,0,1,1,0,0,5,6,0.7163261192669023
5658,643.22,2,92,14.3,0.02,2,21,3,0,1,1,0,2,11,5,0.7288588257734936
5659,643.33,3,167,8.8,0.02,3,18,1,0,1,1,0,2,18,5,0.500391853164007
5660,643.49,0,171,-0.2,0.02,0,26,2,0,1,1,0,3,21,11,0.3912786558109141
5661,643.62,4,127,28.7,0.02,4,28,4,0,0,1,0,1,15,6,0.5986042198145016
5662,643.96,1,281,-8.1,0.02,1,32,1,0,1,1,0,9,32,30,0.5152755864350994
5663,643.99,2,34,14.2,0.02,2,13,2,0,1,1,0,0,4,4,0.7780775353259282
5664,644.39,2,323,-4.6,0.02,2,33,3,0,1,1,0,8,37,23,0.46359339766279944
5665,644.47,1,76,23.3,0.02,1,35,0,0,1,1,0,3,9,11,0.942282570717828
5666,644.49,0,28,-0.1,0.02,0,9,0,0,1,1,0,1,4,3,0.4086810186577688
5667,644.73,3,194,4.2,0.02,3,17,1,0,0,1,0,2,21,14,0.45961623157015474
5668,644.8,2,74,13.9,0.02,2,20,2,0,1,1,0,3,9,7,0.9595017464271259
5669,644.89,5,122,-3.8,0.02,0,16,0,1,0,1,0,2,12,6,0.4154291346823114
5670,645.22,8,400,1.2,0.02,3,38,3,1,0,0,1,8,46,37,0.4627189471092325
5671,645.6,2,347,5.5,0.02,2,41,4,0,1,1,0,3,25,28,0.3475339872965064
5672,646.08,3,400,-2.3,0.02,3,35,2,0,0,0,1,9,46,32,0.4404423378419788
5673,646.18,2,107,18.3,0.02,2,27,1,0,0,1,0,2,13,10,0.6692618437812656
5674,646.52,8,400,2.9,0.02,3,38,3,1,0,0,1,8,48,20,0.40464122585913503
5675,646.64,1,116,9.4,0.02,1,27,2,0,0,1,0,5,14,10,0.5210396659407777
5676,646.98,8,400,-6.2,0.02,3,32,3,1,0,0,1,11,45,21,0.4705546613347983
5677,647.01,1,41,10.6,0.02,1,15,1,0,1,1,0,0,5,3,0.6114219119768123
5678,647.21,0,182,14.1,0.02,0,41,2,0,1,1,0,2,22,17,0.4695083298214246
5679,647.6,2,400,-18.6,0.02,2,34,1,0,0,0,1,20,49,25,0.5028265017965183
5680,648.12,2,400,-23.7,0.02,2,23,2,0,1,1,0,9,42,27,0.45759493878590335
5681,648.22,2,107,18.2,0.02,2,28,2,0,1,1,0,3,12,11,0.6732024397188335
5682,648.58,5,400,-26.7,0.02,0,28,0,1,0,0,1,12,47,26,0.41576775822099116
5683,648.68,3,108,29.5,0.02,3,33,1,0,1,1,0,1,13,17,0.5257990663708755
5684,648.95,3,233,9.1,0.02,3,31,3,0,1,1,0,7,27,16,0.5235185222051683
5685,649.07,0,97,8.6,0.02,0,24,0,0,1,1,0,0,12,7,0.43992358164969614
5686,649.1,0,41,-0.6,0.02,0,11,0,0,1,1,0,2,6,5,0.6509530046098295
5687,649.27,3,165,17.1,0.02,3,32,2,0,1,1,0,7,20,14,0.5201880835377819
5688,649.47,1,400,-31.2,0.02,1,37,1,0,0,0,1,30,50,31,0.5701442536413255
5689,649.62,5,167,27.0,0.02,5,31,5,0,1,1,0,6,17,13,0.5464553736090108
5690,649.93,8,293,14.9,0.02,3,42,2,1,1,1,0,5,33,28,0.3853374952223996
5691,650.0,3,74,15.9,0.02,3,16,2,0,1,1,0,2,8,7,0.5821700754439656
5692,650.3,4,201,20.8,0.02,4,27,3,0,1,1,0,0,22,11,0.4411918159372302
5693,650.4,1,102,4.9,0.02,1,20,1,0,1,1,0,4,13,9,0.6440572665119418
5694,650.52,4,116,29.5,0.02,4,32,3,0,0,1,0,5,13,9,0.7145676025773036
5695,650.54,0,20,-4.0,0.02,0,4,0,0,1,1,0,1,3,0,0.4221109675657132
5696,650.65,3,114,10.8,0.02,3,17,1,0,1,1,0,4,15,8,0.5281158444183361
5697,650.81,4,229,29.9,0.02,4,44,4,0,1,1,0,4,25,22,0.5845744307052644
5698,650.89,2,76,15.9,0.02,2,22,2,0,1,1,0,3,10,5,0.6938630315007754
5699,650.92,2,41,15.5,0.02,2,16,3,0,1,1,0,1,5,4,0.7247607248842015
5700,650.97,2,45,14.1,0.02,2,14,2,0,1,1,0,0,6,4,0.9622310783941337
5701,651.12,0,140,-1.2,0.02,0,23,3,0,1,1,0,4,18,12,0.5786508279415009
5702,651.33,2,195,6.9,0.02,2,27,2,0,1,1,0,4,24,16,0.5218828884200285
5703,651.58,1,173,10.4,0.02,1,32,1,0,1,1,0,3,19,13,0.529734634076856
5704,651.7,1,130,9.9,0.02,1,30,1,0,1,1,0,6,16,11,0.5462300425087189
5705,652.28,2,400,-27.6,0.02,2,18,1,0,0,0,1,13,50,25,0.43501997948948284
5706,652.6,7,225,2.0,0.02,2,36,2,1,1,1,0,14,24,25,0.5007950418186436
5707,652.67,0,63,8.6,0.02,0,21,0,0,1,1,0,0,8,11,0.47165014828866286
5708,653.12,2,287,3.2,0.02,2,41,2,0,0,1,0,11,31,31,0.46046132273280993
5709,653.23,1,116,7.5,0.02,1,25,1,0,1,1,0,5,15,9,0.6028138044381964
5710,653.24,0,20,2.4,0.02,0,11,0,0,1,1,0,1,3,6,0.7450345481445775
5711,653.37,1,144,10.1,0.02,1,29,2,0,1,1,0,3,17,15,0.4442359118733602
5712,653.77,1,311,-16.9,0.02,1,23,1,0,1,1,0,7,36,18,0.35103135553327397
5713,653.77,0,13,1.5,0.02,0,9,0,0,1,1,0,1,2,2,0.7537518357197457
5714,654.2,1,390,-11.5,0.02,1,38,1,0,1,1,0,8,45,25,0.4347746625014208
5715,654.39,2,155,10.1,0.02,2,28,2,0,1,1,0,6,17,14,0.6104736402638238
5716,654.47,2,94,19.9,0.02,2,28,1,1,1,1,0,3,10,7,0.6359105618077209
5717,654.53,0,73,-1.7,0.02,0,15,0,0,1,1,0,4,10,4,0.4942862027606353
5718,655.02,4,385,3.2,0.02,4,36,4,0,1,1,0,6,40,33,0.39572157545300873
5719,655.06,0,42,8.0,0.02,0,18,0,0,1,1,0,0,6,8,0.5521965465265767
5720,655.11,3,56,22.9,0.02,3,20,3,0,1,1,0,1,7,5,0.7013348632518908
5721,655.4,2,306,-10.8,0.02,2,31,2,0,1,1,0,14,33,22,0.5006454348471585
5722,655.41,0,6,-3.6,0.02,0,3,0,0,1,1,0,1,1,0,0.6396959006372607
5723,655.43,0,35,0.9,0.02,0,11,1,0,1,1,0,1,5,6,0.39980462633099695
5724,655.68,4,201,21.3,0.02,4,33,4,0,1,1,0,5,22,16,0.4764743098954791
5725,656.06,3,277,6.1,0.02,3,37,3,0,1,1,0,11,32,22,0.6086592321773898
5726,656.52,3,400,-2.5,0.02,3,34,2,0,0,0,1,9,49,24,0.4351604998213689
5727,656.67,0,117,11.2,0.02,0,30,0,0,0,1,0,1,15,11,0.4521728520524769
5728,656.79,7,117,19.0,0.02,2,31,2,1,1,1,0,4,15,13,0.649670822094763
5729,656.84,1,65,7.0,0.02,1,15,1,0,1,1,0,1,9,5,0.5133687463289118
5730,657.23,6,400,-47.4,0.02,1,24,1,1,0,0,1,34,49,23,0.5898586722971136
5731,657.45,2,253,5.9,0.02,2,29,2,0,1,1,0,1,31,18,0.3837758446055689
5732,657.89,2,400,-6.2,0.02,2,30,1,0,0,0,1,4,37,21,0.3747793803264188
5733,658.17,4,229,11.8,0.02,4,30,5,0,1,1,0,9,25,13,0.6482177167619406
5734,658.29,1,133,16.5,0.02,1,35,1,0,1,1,0,4,16,12,0.5747998257580903
5735,658.31,1,28,7.8,0.02,1,11,1,0,1,1,0,0,4,4,0.6252405804319862
5736,658.44,6,152,19.1,0.02,1,40,1,1,1,1,0,4,20,17,0.5468265650938795
5737,658.54,3,114,19.9,0.02,3,26,2,0,1,1,0,4,14,7,0.6944261764109634
5738,658.89,3,400,-2.8,0.02,3,35,3,0,0,0,1,10,44,27,0.4225494166511546
5739,659.24,7,400,-13.5,0.02,2,33,2,1,0,0,1,14,49,24,0.4167729724307333
5740,659.25,0,14,-1.5,0.02,0,6,0,0,1,1,0,1,2,1,0.40904607233635837
5741,659.25,0,6,-4.6,0.02,0,2,1,0,1,1,0,1,1,0,0.24517685680008464
5742,659.3,0,60,0.7,0.02,0,13,0,0,1,1,0,1,8,3,0.5345715515890582
5743,659.74,2,400,-21.6,0.02,2,22,2,0,0,0,1,11,40,25,0.40129790685292316
5744,659.75,1,20,4.7,0.02,1,7,1,0,1,1,0,0,3,3,1.0876512952897834
5745,659.85,2,106,15.1,0.02,2,23,2,0,1,1,0,1,13,13,0.6179571984841756
5746,659.92,1,66,9.7,0.02,1,19,1,0,1,1,0,2,9,7,0.6707688525992278
5747,660.01,1,107,-3.2,0.02,1,14,2,0,1,1,0,6,14,5,0.5629731498887569
5748,660.06,0,60,6.3,0.02,0,19,0,0,1,1,0,1,8,7,0.45023136612977077
5749,660.5,0,347,-25.3,0.02,0,21,0,0,1,1,0,4,38,26,0.35401500268049557
5750,660.55,1,52,12.0,0.02,1,18,1,0,1,1,0,0,7,8,0.7973462966324119
5751,660.64,2,82,10.7,0.02,2,18,3,0,1,1,0,3,10,11,0.9491644883940615
5752,660.9,2,228,9.3,0.02,2,34,2,0,1,1,0,4,28,29,0.4140285451291816
5753,661.14,2,160,11.8,0.02,2,30,2,0,0,1,0,5,17,22,0.6370197931061243
5754,661.23,2,114,13.6,0.02,2,21,3,0,0,1,0,0,14,10,0.4518377873414405
5755,661.33,1,117,1.6,0.02,1,17,1,0,1,1,0,2,14,17,0.5537591245140052
5756,661.69,2,339,-11.9,0.02,2,34,1,0,1,1,0,14,41,30,0.46162779517530667
5757,661.85,1,157,8.1,0.02,1,30,3,0,1,1,0,5,21,12,0.5609875327676249
5758,661.98,8,177,20.0,0.02,3,35,3,1,1,1,0,6,21,13,0.5671390380323159
5759,662.21,2,284,-5.7,0.02,2,29,2,0,1,1,0,8,33,33,0.497581926025381
5760,662.23,0,21,2.7,0.02,0,11,0,0,1,1,0,1,3,2,0.6954672223465812
5761,662.26,3,46,16.1,0.02,3,16,3,0,1,1,0,5,6,3,1.0427201756581852
5762,662.37,8,110,13.4,0.02,3,19,4,1,0,1,0,4,13,6,0.4765733908841023
5763,662.51,1,167,12.8,0.02,1,34,2,0,1,1,0,3,22,15,0.5125907543082336
5764,662.69,2,158,19.7,0.02,2,34,1,0,1,1,0,2,19,15,0.4826367582627151
5765,662.78,3,90,20.4,0.02,3,23,4,0,1,1,0,3,11,6,0.7366206769308458
5766,662.94,2,141,14.3,0.02,2,27,2,0,1,1,0,2,17,16,0.4559479123318989
5767,662.95,0,7,-0.8,0.02,0,6,1,0,1,1,0,1,1,1,0.9188272064419561
5768,663.05,1,109,9.7,0.02,1,23,1,0,1,1,0,1,14,14,0.41772507391485775
5769,663.29,3,172,17.8,0.02,3,30,3,0,1,1,0,3,21,20,0.5946338608622704
5770,663.3,0,21,-2.4,0.02,0,6,0,0,1,1,0,1,3,3,0.4293621797329418
5771,663.38,1,71,6.2,0.02,1,15,1,0,1,1,0,1,9,7,0.4431867411806605
5772,663.61,3,219,6.5,0.02,3,24,2,0,1,1,0,4,25,16,0.4565715522412193
5773,663.69,0,88,0.5,0.02,0,18,1,0,1,1,0,3,11,7,0.538190986452668
5774,663.74,1,66,6.9,0.02,1,16,1,0,1,1,0,2,9,5,0.5797862315903983
5775,663.77,1,31,5.7,0.02,1,10,1,0,1,1,0,1,4,2,0.8780373873642394
5776,663.84,2,54,14.6,0.02,2,18,3,0,1,1,0,2,7,10,0.719814470904874
5777,664.1,3,225,8.3,0.02,3,26,3,0,1,1,0,3,24,22,0.43156405336965004
5778,664.17,2,93,16.5,0.02,2,24,2,0,1,1,0,2,11,12,0.6848586230953173
5779,664.43,3,284,11.9,0.02,3,38,5,0,0,0,1,10,31,26,0.5604537268388871
5780,664.44,1,21,3.5,0.02,1,6,1,0,1,1,0,0,3,4,0.9661539951137441
5781,664.84,2,376,-19.9,0.02,2,31,3,0,1,1,0,15,44,33,0.40474102371210924
5782,665.25,3,400,-7.3,0.02,3,30,2,0,0,0,1,10,47,22,0.4721499968979061
5783,665.42,1,165,3.0,0.02,1,25,1,0,0,1,0,4,18,15,0.4434328630016757
5784,665.62,6,185,-1.2,0.02,1,28,2,1,1,1,0,9,23,17,0.4509659554412934
5785,665.64,0,22,2.4,0.02,0,10,0,0,1,1,0,0,3,4,0.45771126598562156
5786,665.9,0,247,-10.1,0.02,0,25,1,0,1,1,0,4,29,14,0.4442801824500969
5787,666.06,1,193,13.3,0.02,1,38,2,0,1,1,0,3,22,24,0.5106661992413493
5788,666.11,1,60,6.6,0.02,1,15,1,0,1,1,0,2,8,4,0.4680855560757593
5789,666.32,1,231,6.5,0.02,1,35,1,0,1,1,0,3,26,24,0.404996831972977
5790,666.4,3,95,16.7,0.02,3,20,2,0,1,1,0,3,12,8,0.6630235522215708
5791,666.41,0,20,0.6,0.02,0,8,0,0,1,1,0,0,3,4,0.4493673108958676
5792,666.51,2,99,11.0,0.02,2,21,2,0,1,1,0,4,11,11,0.6968463973240963
5793,666.6,3,145,31.0,0.02,3,40,3,0,0,1,0,2,16,25,0.4257408711477042
5794,666.88,3,375,7.9,0.02,5,29,3,0,0,0,1,6,41,25,0.4122657664636799
5795,666.99,1,105,3.9,0.02,1,18,0,0,1,1,0,3,14,6,0.7763863975533656
5796,667.11,6,139,4.8,0.02,1,23,1,1,1,1,0,3,17,13,0.40701135980913267
5797,667.58,7,400,-27.7,0.02,2,21,2,1,0,0,1,15,48,36,0.533951698875999
5798,667.71,2,102,14.9,0.02,2,26,1,0,1,1,0,5,12,9,0.6134621682800591
5799,667.74,0,34,4.2,0.02,0,13,0,0,1,1,0,0,5,4,0.6618344643295763
5800,668.0,2,193,7.3,0.02,2,33,2,0,1,1,0,9,23,24,0.5146469958660437
5801,668.05,1,59,6.2,0.02,1,13,1,0,1,1,0,0,8,9,0.6225838313109788
5802,668.47,1,400,-3.3,0.02,1,44,0,0,0,0,1,9,49,32,0.4529698350076993
5803,668.62,2,141,13.0,0.02,2,30,2,0,0,1,0,6,19,19,0.5800949727051091
5804,669.1,8,400,-10.8,0.02,3,35,3,1,0,0,1,17,49,37,0.5242740095698321
5805,669.34,2,300,-9.3,0.02,2,31,3,0,1,1,0,13,37,23,0.45243122470674857
5806,669.37,1,43,12.8,0.02,1,19,3,0,1,1,0,1,5,9,0.7230310768977156
5807,669.5,0,111,2.9,0.02,0,22,2,0,1,1,0,2,13,10,0.659020286165772
5808,669.59,0,100,6.9,0.02,0,26,0,1,1,1,0,3,13,11,0.6238736937801154
5809,669.88,2,361,-6.2,0.02,2,36,2,0,1,1,0,7,43,41,0.3943951619470375
5810,669.98,3,92,18.6,0.02,3,22,2,0,1,1,0,3,11,12,0.5941892607928098
5811,670.15,9,203,20.2,0.02,4,35,4,1,1,1,0,7,23,25,0.6047689464734205
5812,670.23,0,75,-2.1,0.02,0,13,0,0,1,1,0,2,10,6,0.612129279843812
5813,670.56,7,400,-3.4,0.02,2,42,2,1,0,0,1,12,47,33,0.38998770362657087
5814,670.71,2,127,10.5,0.02,2,22,4,0,1,1,0,3,16,8,0.589610442623957
5815,670.84,3,112,18.9,0.02,3,22,2,0,1,1,0,1,13,9,0.6480432183915417
5816,670.84,0,6,-2.7,0.02,0,3,0,0,1,1,0,0,1,1,0.4462821902002489
5817,670.93,0,90,3.5,0.02,0,22,1,0,1,1,0,4,11,5,0.6835535301055766
5818,671.08,0,168,0.2,0.02,0,34,0,0,1,1,0,10,19,20,0.5636992186759924
5819,671.08,0,7,-3.7,0.02,0,2,1,0,1,1,0,0,1,0,0.38448904489296204
5820,671.5,7,400,-16.2,0.02,2,25,1,1,0,0,1,7,50,41,0.4370681371099257
5821,671.74,5,271,8.8,0.02,5,26,3,0,1,1,0,8,29,21,0.4951735758097494
5822,672.29,1,400,-26.6,0.02,1,24,1,0,0,0,1,14,46,15,0.3491232362644707
5823,672.57,2,231,2.2,0.02,2,26,2,0,1,1,0,4,28,17,0.4850515386158484
5824,672.66,2,89,14.0,0.02,2,20,0,0,1,1,0,1,11,11,0.5023284654924115
5825,672.78,3,119,27.9,0.02,3,32,3,0,1,1,0,1,15,12,0.5060459230108535
5826,672.93,3,153,4.8,0.02,3,17,2,1,1,1,0,6,18,9,0.5671908719665535
5827,672.97,1,44,4.2,0.02,1,10,1,0,1,1,0,1,6,4,0.436442976240858
5828,673.04,3,89,21.3,0.02,3,22,2,0,1,1,0,1,11,8,0.7320111561765604
5829,673.1,2,64,8.8,0.02,2,14,2,0,1,1,0,3,8,8,0.9322759160409089
5830,673.13,0,28,0.8,0.02,0,9,0,0,1,1,0,0,4,4,0.40016236730030447
5831,673.4,1,400,-5.3,0.02,1,44,3,0,0,0,1,12,46,22,0.396682575906332
5832,673.41,0,21,-0.5,0.02,0,7,2,0,1,1,0,0,3,4,0.6690145517587377
5833,673.91,3,400,0.4,0.02,3,36,1,0,0,0,1,9,48,15,0.420361050232813
5834,674.05,3,109,22.1,0.02,3,25,3,0,1,1,0,1,13,10,0.518276926706377
5835,674.14,3,87,9.9,0.02,3,16,3,0,1,1,0,7,10,4,0.5691774586004685
5836,674.23,2,91,14.2,0.02,2,21,3,0,1,1,0,2,12,7,0.49120426246029225
5837,674.25,0,28,1.1,0.02,0,10,1,0,1,1,0,1,4,1,0.637286503579437
5838,674.41,3,135,25.4,0.02,3,32,0,0,1,1,0,2,16,11,0.5217495492188431
5839,674.73,9,383,6.6,0.02,4,43,4,1,1,1,0,11,42,21,0.43462864265665097
5840,674.92,2,157,14.7,0.02,2,30,1,0,1,1,0,3,17,16,0.5035157469986233
5841,675.08,2,171,1.1,0.02,2,22,3,0,1,1,0,8,21,8,0.6774538123178707
5842,675.2,1,110,16.5,0.02,1,30,2,0,1,1,0,2,13,5,0.5118248029470023
5843,675.41,3,196,18.4,0.02,3,32,2,0,1,1,0,2,21,20,0.4929053473616529
5844,675.7,0,297,-7.8,0.02,0,35,2,0,1,1,0,6,34,21,0.44775057936336227
5845,675.74,0,36,3.9,0.02,0,15,1,0,1,1,0,2,5,5,0.4819999206113018
5846,675.91,3,171,29.1,0.02,3,42,3,0,1,1,0,4,20,18,0.5070602280579242
5847,676.07,1,226,2.3,0.02,1,35,1,0,1,1,0,8,28,21,0.4728108723396773
5848,676.34,3,261,9.6,0.02,3,33,3,0,1,1,0,5,26,23,0.5396877759754105
5849,676.41,2,62,18.2,0.02,2,21,2,0,0,1,0,1,7,6,0.642719637530198
5850,676.48,1,83,9.6,0.02,1,21,2,0,1,1,0,2,10,11,0.7019945398231091
5851,676.99,7,400,-20.8,0.02,2,19,2,1,0,0,1,8,46,17,0.43670218941371236
5852,677.05,0,60,-3.3,0.02,0,11,1,0,1,1,0,3,8,3,0.45793677953238493
5853,677.14,2,93,14.9,0.02,2,23,2,0,0,1,0,3,9,8,0.767811613754102
5854,677.47,0,366,-17.7,0.02,0,33,2,0,1,1,0,6,43,31,0.4714789423007042
5855,677.54,1,72,7.2,0.02,1,17,1,0,0,1,0,2,9,6,0.7938389631638937
5856,677.83,4,252,12.3,0.02,4,30,4,0,1,1,0,5,28,25,0.4338643612851438
5857,678.06,10,400,-29.5,0.02,5,28,2,1,0,0,1,40,52,24,0.6658297259686028
5858,678.2,2,167,9.5,0.02,2,27,1,0,0,1,0,4,22,18,0.5698874492127551
5859,678.21,0,15,-2.6,0.02,0,4,1,0,1,1,0,0,2,1,0.4458960695768514
5860,678.3,1,91,11.7,0.02,1,24,1,0,1,1,0,2,11,12,0.5287770069664547
5861,678.37,2,72,18.2,0.02,2,22,2,0,1,1,0,1,9,6,0.6523443554573871
5862,678.41,1,41,6.4,0.02,1,13,1,0,1,1,0,2,6,5,0.7663900103892453
5863,678.93,6,350,-3.7,0.02,1,44,2,1,1,1,0,9,42,37,0.45390848433794756
5864,678.95,0,28,-0.2,0.02,0,10,0,0,1,1,0,2,4,4,0.7390125960922286
5865,678.99,2,46,13.3,0.02,2,16,3,0,1,1,0,3,6,1,0.6944567138051917
5866,679.23,3,226,10.5,0.02,3,27,3,0,1,1,0,2,25,19,0.5079183619150095
5867,679.34,6,132,36.1,0.02,6,33,4,0,1,1,0,7,14,17,0.7201063567696566
5868,679.47,4,118,36.7,0.02,4,36,3,0,1,1,0,1,14,15,0.7371188656613193
5869,679.73,5,338,6.3,0.02,5,40,5,0,1,1,0,17,37,29,0.5235813966632167
5870,680.05,2,361,-11.1,0.02,2,38,3,0,1,1,0,15,40,30,0.46405914051001856
5871,680.11,2,65,8.1,0.02,2,14,1,0,1,1,0,4,8,4,0.8220526591041579
5872,680.14,1,45,9.0,0.02,1,16,2,0,1,1,0,2,6,5,0.7051285652519991
5873,680.22,0,77,11.2,0.02,0,25,0,0,1,1,0,0,10,11,0.5027967073249853
5874,680.26,1,46,9.7,0.02,1,16,1,0,1,1,0,1,6,7,0.6908463105093732
5875,680.36,1,108,15.8,0.02,1,30,1,0,1,1,0,2,14,14,0.5077448378145307
5876,680.51,6,199,10.4,0.02,1,35,2,1,1,1,0,2,24,27,0.5200738496959125
5877,680.79,3,328,-4.2,0.02,3,30,4,0,1,1,0,8,32,34,0.4063406755218826
5878,680.86,3,81,23.8,0.02,3,25,3,0,1,1,0,2,8,11,1.0111564052010993
5879,681.12,4,231,6.3,0.02,4,23,3,0,1,1,0,6,25,26,0.5431833138543453
5880,681.15,1,31,2.5,0.02,1,8,2,0,1,1,0,2,4,4,0.5180558548344958
5881,681.26,3,112,24.2,0.02,3,28,4,0,1,1,0,1,14,16,0.5800163809029895
5882,681.49,3,266,1.9,0.02,3,26,1,0,1,1,0,4,29,35,0.4293710971759535
5883,681.62,0,122,-5.5,0.02,0,15,0,0,1,1,0,3,16,3,0.5487201404668497
5884,681.62,0,7,-3.7,0.02,0,2,0,0,1,1,0,0,1,0,0.2605427364936042
5885,681.76,1,112,11.8,0.02,1,25,0,0,1,1,0,1,14,10,0.47726127023596077
5886,681.82,0,64,8.2,0.02,0,21,1,0,1,1,0,1,9,4,0.6920282753974835
5887,681.99,3,144,5.7,0.02,3,19,2,0,1,1,0,8,17,9,0.6942937514143837
5888,682.11,6,142,10.4,0.02,1,31,1,1,1,1,0,5,19,14,0.5613679159631142
5889,682.46,3,307,-8.2,0.02,3,26,2,0,1,1,0,12,36,15,0.5575228214535437
5890,682.53,3,75,20.6,0.02,3,20,2,0,0,1,0,1,9,9,0.8575358848662789
5891,682.75,8,227,2.9,0.02,3,25,4,1,1,1,0,8,26,14,0.5407576337356378
5892,683.11,5,398,-25.8,0.02,0,36,1,1,1,1,0,13,47,40,0.48380976205461257
5893,683.21,3,87,13.9,0.02,3,19,3,0,1,1,0,6,11,4,0.6995508922340223
5894,683.28,1,75,8.7,0.02,1,22,1,0,1,1,0,5,10,8,0.5656791461290513
5895,683.29,1,17,4.1,0.02,1,6,1,0,1,1,0,0,2,2,0.6194376123553262
5896,683.69,4,400,-2.3,0.02,4,28,3,0,0,0,1,6,47,42,0.47978606949916514
5897,683.83,0,123,1.8,0.02,0,20,1,0,0,1,0,0,12,9,0.4039491081070185
5898,683.85,1,30,8.7,0.02,1,13,1,0,1,1,0,1,4,3,0.5946768036102948
5899,683.88,1,42,9.4,0.02,1,15,1,0,1,1,0,1,5,4,0.5496232966953795
5900,683.99,0,115,-0.1,0.02,0,24,0,0,1,1,0,6,15,16,0.5070900966124064
5901,684.33,2,282,10.5,0.02,2,41,4,0,1,1,0,5,33,23,0.3860571622974381
5902,684.87,1,400,-10.6,0.02,1,30,1,0,0,0,1,4,49,15,0.42466700453712075
5903,685.07,2,232,0.8,0.02,2,26,2,0,1,1,0,5,27,20,0.4893531928834175
5904,685.25,1,211,-1.7,0.02,1,24,3,0,1,1,0,3,26,16,0.4803792733503217
5905,685.27,0,36,3.9,0.02,0,13,0,0,1,1,0,0,5,5,0.5042498437002313
5906,685.69,9,400,16.4,0.02,4,48,7,1,0,0,1,8,37,35,0.3926015577821746
5907,685.97,1,299,3.0,0.02,1,48,2,0,1,1,0,11,37,41,0.5212268866570761
5908,686.23,5,319,-20.9,0.02,0,31,0,1,1,1,0,12,39,30,0.3947391594170451
5909,686.43,1,176,-0.9,0.02,1,26,1,0,1,1,0,7,20,23,0.48027847097947785
5910,686.45,0,20,0.8,0.02,0,9,0,0,1,1,0,1,3,2,0.5255670781007811
5911,686.55,0,116,-8.5,0.02,0,16,1,0,1,1,0,7,12,9,0.5170120377787983
5912,686.7,1,121,10.4,0.02,1,26,1,0,1,1,0,2,14,15,0.5169820981214176
5913,687.11,4,301,-1.6,0.02,4,27,3,0,1,1,0,11,34,25,0.4762099845699368
5914,687.51,7,358,2.6,0.02,2,44,3,1,1,1,0,8,40,26,0.41133377634172613
5915,687.59,1,95,3.0,0.02,1,18,1,0,1,1,0,5,13,5,0.5899149189771133
5916,687.66,1,82,6.2,0.02,1,16,1,0,0,1,0,1,9,6,0.6515395124647119
5917,688.17,3,400,-8.2,0.02,3,28,3,0,0,0,1,8,50,31,0.42556359742678296
5918,688.18,0,7,-5.7,0.02,0,2,0,0,1,1,0,2,1,0,0.2902079751774878
5919,688.26,1,88,6.4,0.02,1,22,3,0,1,1,0,6,12,8,0.6493958370745786
5920,688.31,2,60,17.4,0.02,2,22,2,0,1,1,0,3,8,6,0.689931435423487
5921,688.39,2,79,9.4,0.02,2,14,2,0,1,1,0,1,10,7,0.5548949706081159
5922,688.5,1,118,1.3,0.02,1,17,1,0,1,1,0,3,14,9,0.5585893311347886
5923,688.71,1,146,-7.4,0.02,1,13,2,0,1,1,0,5,19,8,0.42799315481893674
5924,688.74,0,28,-0.2,0.02,0,9,1,0,1,1,0,1,4,4,0.3501086944090458
5925,688.85,2,92,15.8,0.02,2,21,2,0,1,1,0,0,11,10,0.5967292439349429
5926,688.93,1,85,9.0,0.02,1,19,1,0,1,1,0,1,11,5,0.5141408359703131
5927,689.02,2,110,29.7,0.02,2,40,5,0,1,1,0,3,14,13,0.7098443778718349
5928,689.32,1,242,6.0,0.02,1,38,0,0,1,1,0,6,28,18,0.43043727773471857
5929,689.64,1,290,-9.0,0.02,1,26,2,0,1,1,0,4,34,20,0.3936630543703733
5930,689.65,0,13,1.4,0.02,0,8,0,0,1,1,0,0,2,3,0.6301748761975484
5931,689.74,2,86,13.4,0.02,2,24,1,0,1,1,0,6,10,10,0.5840738922508938
5932,689.97,9,215,25.0,0.02,4,40,5,1,1,1,0,6,25,25,0.519982231601195
5933,690.11,1,130,11.5,0.02,1,27,1,0,1,1,0,1,17,15,0.3889104545434164
5934,690.13,0,21,-3.4,0.02,0,7,1,0,1,1,0,3,3,3,0.6098481166277211
5935,690.27,2,139,20.0,0.02,2,32,3,0,1,1,0,1,17,21,0.4713790342052939
5936,690.85,3,400,6.6,0.02,3,40,2,0,0,0,1,6,47,23,0.36634775661328506
5937,691.15,1,325,-17.3,0.02,1,23,2,0,1,1,0,6,39,18,0.4814634166933553
5938,691.36,2,147,7.3,0.02,2,22,2,0,1,1,0,4,19,10,0.5106238529949533
5939,691.37,1,17,4.0,0.02,1,6,1,0,1,1,0,0,2,3,0.6137656389172529
5940,691.58,1,165,1.9,0.02,1,19,2,0,0,1,0,0,18,6,0.47962413227273415
5941,691.6,1,30,6.6,0.02,1,12,1,0,1,1,0,2,4,4,0.8721071338515612
5942,692.01,3,400,13.4,0.02,3,52,5,0,0,0,1,10,49,35,0.4552821127436567
5943,692.08,2,64,14.2,0.02,2,17,3,0,1,1,0,1,7,4,0.5606954363031675
5944,692.84,1,374,-19.4,0.02,1,36,1,0,1,1,0,15,45,30,0.4645401796584334
5945,693.2,4,400,5.5,0.02,4,36,5,0,0,0,1,8,51,24,0.4693090827158295
5946,693.24,0,50,-9.2,0.02,0,8,0,0,1,1,0,7,7,2,0.6471953372473341
5947,693.6,2,326,1.6,0.02,2,41,3,0,1,1,0,9,37,28,0.37911468831922535
5948,693.98,4,400,0.2,0.02,4,38,4,0,0,0,1,15,48,27,0.4523750210049473
5949,694.13,5,177,30.1,0.02,5,30,5,0,1,1,0,1,16,12,0.4661970006328006
5950,694.21,1,78,8.7,0.02,1,19,1,0,1,1,0,2,10,5,0.5332691689579525
5951,694.24,0,29,1.5,0.02,0,10,0,0,1,1,0,0,4,6,0.4533791828488438
5952,694.35,5,107,1.4,0.02,0,20,0,1,0,1,0,2,13,9,0.46405588086440525
5953,694.43,2,83,22.2,0.02,2,28,2,0,1,1,0,2,11,5,0.6914418951905695
5954,694.76,6,257,33.8,0.02,6,40,4,0,1,1,0,4,27,15,0.5169567566861631
5955,694.86,2,85,19.0,0.02,2,24,2,0,1,1,0,1,11,5,0.7050018735893351
5956,694.9,0,44,3.3,0.02,0,14,0,0,1,1,0,1,6,3,0.7889643381330456
5957,694.92,0,28,0.9,0.02,0,10,0,0,1,1,0,1,4,3,0.7587330540038805
5958,695.01,2,98,21.2,0.02,2,29,4,0,1,1,0,2,12,10,0.7332614067215325
5959,695.03,0,29,2.8,0.02,0,11,0,0,1,1,0,0,4,3,0.5361226289724129
5960,695.44,5,400,-27.3,0.02,0,26,0,1,0,0,1,11,49,22,0.3467458492534434
5961,695.65,3,167,19.7,0.02,3,33,2,0,1,1,0,5,18,16,0.4835895030907213
5962,695.92,3,293,16.8,0.02,3,44,3,0,1,1,0,6,34,19,0.4484203342660741
5963,696.06,6,144,40.6,0.02,6,34,4,0,1,1,0,3,15,10,0.7363541482340885
5964,696.07,0,6,-4.6,0.02,0,2,0,0,1,1,0,1,1,0,0.2626982989866294
5965,696.17,6,112,14.5,0.02,1,29,1,1,1,1,0,2,13,13,0.48962314478027374
5966,696.56,4,350,-3.3,0.02,4,28,2,0,1,1,0,9,40,23,0.42950209982147913
5967,696.69,0,107,9.4,0.02,0,26,0,0,0,1,0,0,14,9,0.5040566885321114
5968,697.04,10,281,12.5,0.02,5,26,5,1,1,1,0,3,30,24,0.44001195590868397
5969,697.22,0,285,-2.6,0.02,0,36,2,0,1,1,0,3,30,21,0.3635046135952106
5970,697.3,7,106,12.7,0.02,2,23,2,1,1,1,0,4,13,7,0.5263311642528397
5971,697.32,0,27,0.3,0.02,0,9,0,0,1,1,0,1,4,0,0.5488733364876678
5972,697.34,0,28,3.9,0.02,0,12,0,0,1,1,0,0,4,3,0.4945792201741856
5973,697.42,1,68,5.5,0.02,1,15,1,0,1,1,0,2,8,7,0.5687862877315729
5974,697.51,3,88,20.8,0.02,3,25,3,0,1,1,0,4,11,14,0.6903895608794778
5975,697.84,3,400,-0.3,0.02,3,39,3,0,0,0,1,11,48,32,0.4342029337436916
5976,697.84,0,13,1.4,0.02,0,8,0,0,1,1,0,0,2,3,0.7390184572963958
5977,697.98,2,160,8.5,0.02,2,25,3,0,1,1,0,4,17,15,0.6564575887926393
5978,698.23,2,263,16.5,0.02,2,46,0,0,1,1,0,6,30,22,0.43596043311668436
5979,698.7,4,400,1.2,0.02,4,36,4,0,0,0,1,12,47,27,0.45678191280877267
5980,698.99,2,248,-4.4,0.02,2,23,1,0,1,1,0,6,30,16,0.4170825738989898
5981,699.12,6,124,6.2,0.02,1,23,1,1,1,1,0,3,15,14,0.5458064092295117
5982,699.25,2,129,13.2,0.02,2,26,1,0,1,1,0,4,16,9,0.5028692235395248
5983,699.6,3,218,15.4,0.02,3,38,4,0,0,1,0,9,23,18,0.4799396065754461
5984,700.01,7,383,-18.7,0.02,2,35,4,1,1,1,0,17,46,34,0.4401923486823563
5985,700.43,2,400,7.3,0.02,2,52,2,0,0,0,1,11,46,36,0.4082708572576256
5986,700.5,1,66,14.9,0.02,1,22,1,0,1,1,0,0,8,5,0.5962538937908738
5987,700.53,1,42,10.1,0.02,1,19,3,0,0,1,0,4,6,7,1.0218129343390174
5988,700.66,2,128,20.6,0.02,2,33,2,0,1,1,0,3,15,16,0.6486179047119207
5989,700.67,0,14,-2.5,0.02,0,5,0,0,1,1,0,1,2,1,0.4335518314602463
5990,700.71,0,42,1.6,0.02,0,13,0,0,1,1,0,2,6,2,0.48847990435239097
5991,700.74,0,27,1.9,0.02,0,11,0,0,1,1,0,1,4,4,0.42372931176052225
5992,700.98,7,386,-15.4,0.02,2,62,5,1,0,0,1,45,48,37,0.7597909234638505
5993,701.02,3,51,22.4,0.02,3,19,3,0,1,1,0,1,6,5,0.9246851371441888
5994,701.03,0,6,-3.6,0.02,0,3,1,0,1,1,0,1,1,0,0.47097053152576057
5995,701.16,1,138,8.5,0.02,1,29,2,0,1,1,0,6,17,7,0.47737685040012423
5996,701.25,0,89,2.2,0.02,0,21,0,0,1,1,0,4,12,9,0.4952104088891774
5997,701.46,0,189,-2.0,0.02,0,24,0,0,1,1,0,1,21,11,0.3452814694896648
5998,701.87,7,319,19.6,0.02,7,40,3,0,1,1,0,16,35,25,0.6120410921012828
5999,702.13,10,322,10.8,0.02,5,37,1,1,1,1,0,12,37,20,0.46239909248075506
6000,702.26,7,145,11.2,0.02,2,28,3,1,1,1,0,6,18,13,0.6616466079053291
6001,702.46,2,192,16.0,0.02,2,33,2,0,1,1,0,1,22,18,0.4599002065445372
6002,702.52,2,63,13.3,0.02,2,17,1,0,0,1,0,2,9,4,0.885917098861942
6003,702.76,1,188,-0.7,0.02,1,28,1,0,1,1,0,8,23,19,0.44857298927443756
6004,702.84,4,85,26.6,0.02,4,24,4,0,0,1,0,3,10,9,0.7943143495829686
6005,702.93,6,116,12.0,0.02,1,27,1,1,0,1,0,2,16,14,0.6098334840315288
6006,703.16,2,400,-51.4,0.02,2,31,2,0,0,0,1,50,53,23,0.6751699197915567
6007,703.51,4,292,7.8,0.02,4,31,4,0,1,1,0,7,30,20,0.4937557314228703
6008,703.96,3,363,-2.8,0.02,3,34,4,0,1,1,0,8,42,25,0.48264028909059314
6009,703.98,0,29,0.9,0.02,0,10,0,0,1,1,0,1,4,2,0.4189637270798159
6010,704.0,1,16,2.3,0.02,1,4,1,0,1,1,0,0,2,1,0.5589872191456786
6011,704.17,1,226,-3.7,0.02,1,24,1,0,1,1,0,4,29,11,0.4821891725612187
6012,704.21,0,50,2.3,0.02,0,13,1,0,1,1,0,0,7,7,0.5510706164145153
6013,704.29,1,92,3.2,0.02,1,16,0,0,1,1,0,3,11,6,0.5835354694796707
6014,704.3,0,7,-4.7,0.02,0,1,0,0,1,1,0,0,1,0,0.23591281487831584
6015,704.46,3,149,9.8,0.02,3,19,4,0,1,1,0,3,17,13,0.6689439542854503
6016,704.86,2,298,-14.0,0.02,2,25,2,0,1,1,0,12,33,22,0.3929909194881361
6017,705.18,5,271,17.4,0.02,5,35,3,0,0,1,0,8,30,25,0.48005506722266766
6018,705.25,2,70,18.2,0.02,2,22,3,0,1,1,0,1,9,8,0.7021538467354228
6019,705.3,2,57,12.8,0.02,2,16,2,0,0,1,0,2,6,5,0.8549637623758378
6020,705.62,4,400,4.6,0.02,4,41,3,0,0,0,1,13,46,33,0.47425759145969965
6021,705.75,3,121,13.9,0.02,3,22,2,0,1,1,0,5,14,10,0.5863451527034441
6022,706.05,3,248,5.7,0.02,3,29,3,0,1,1,0,7,28,15,0.4622624536816054
6023,706.25,3,304,-0.8,0.02,3,32,3,0,1,1,0,10,36,24,0.47062721453360984
6024,706.4,4,150,32.3,0.02,4,40,3,0,1,1,0,6,19,17,0.8921689867848434
6025,706.46,1,63,7.3,0.02,1,15,1,0,1,1,0,1,8,4,0.5470167245381541
6026,706.62,3,137,12.9,0.02,3,24,2,0,1,1,0,6,16,14,0.6658586624323536
6027,706.63,0,13,0.6,0.02,0,7,0,0,1,1,0,0,2,1,0.5699324553559032
6028,706.74,1,162,10.3,0.02,1,31,3,0,1,1,0,3,18,15,0.5560080959005287
6029,706.93,1,192,-1.7,0.02,1,25,2,0,1,1,0,6,23,15,0.452368205577845
6030,707.26,4,314,0.3,0.02,4,27,3,0,1,1,0,8,37,23,0.5338074289068954
6031,707.28,0,21,-0.3,0.02,0,7,0,0,1,1,0,0,3,2,0.4939073448513316
6032,707.43,5,165,36.4,0.02,5,42,5,0,1,1,0,8,21,11,0.6693448591808218
6033,707.55,6,138,62.4,0.02,6,54,6,0,1,1,0,1,15,18,0.7858449871222879
6034,707.83,4,400,5.4,0.02,4,49,5,0,0,0,1,21,47,25,0.5329347808858789
6035,707.85,0,28,-2.2,0.02,0,6,0,0,1,1,0,0,4,4,0.33876716434674015
6036,708.32,1,356,-22.5,0.02,1,18,1,0,1,1,0,4,43,9,0.33125127135565097
6037,708.55,1,193,3.0,0.02,1,29,1,0,1,1,0,5,23,17,0.5124942945754881
6038,708.97,2,400,-12.2,0.02,2,28,2,0,0,0,1,8,47,21,0.4322861235360236
6039,709.25,9,296,0.4,0.02,4,26,4,1,1,1,0,9,32,20,0.4437217244026662
6040,709.26,0,14,-1.5,0.02,0,6,0,0,1,1,0,1,2,1,1.1570966771714701
6041,709.7,9,315,11.8,0.02,4,42,4,1,1,1,0,11,37,27,0.5106585862851828
6042,709.76,0,65,7.2,0.02,0,22,0,0,1,1,0,2,9,13,0.7934163485855359
6043,710.26,4,363,-1.2,0.02,4,29,4,0,0,1,0,7,39,19,0.4166939881080982
6044,710.67,8,356,10.3,0.02,3,44,3,1,1,1,0,5,38,31,0.4079370038134863
6045,710.77,3,98,18.0,0.02,3,21,3,0,1,1,0,2,12,12,0.588251990699638
6046,710.87,1,99,7.2,0.02,1,19,2,0,1,1,0,1,13,9,0.6460107344554362
6047,711.01,1,129,7.7,0.02,1,30,1,0,1,1,0,8,15,14,0.5353480771715877
6048,711.16,1,152,1.6,0.02,1,25,1,0,1,1,0,7,18,12,0.5172484653546366
6049,711.17,2,18,10.8,0.02,2,8,2,0,1,1,0,0,2,4,1.4529344841269627
6050,711.19,0,27,3.1,0.02,0,11,0,0,1,1,0,0,4,2,0.5662755969340407
6051,711.63,1,400,-21.8,0.02,1,22,1,0,0,0,1,7,53,17,0.4139827117482893
6052,711.76,3,132,27.5,0.02,3,36,3,0,1,1,0,4,17,13,0.6039504178731895
6053,712.01,9,320,4.5,0.02,4,31,2,1,1,1,0,8,33,15,0.4404273878232982
6054,712.34,5,400,-16.9,0.02,0,42,1,1,0,0,1,15,49,38,0.45366933828629247
6055,712.43,5,129,7.1,0.02,0,29,0,1,1,1,0,3,16,10,0.4357288595546335
6056,712.44,0,7,-4.7,0.02,0,1,0,0,1,1,0,0,1,0,0.29543994367437537
6057,712.58,1,143,12.5,0.02,1,33,2,0,1,1,0,5,18,12,0.4649160717995521
6058,712.68,2,125,5.5,0.02,2,18,0,0,1,1,0,4,13,10,0.5542967993825464
6059,712.73,8,65,18.8,0.02,3,20,3,1,1,1,0,4,8,7,0.8569887993315556
6060,713.13,6,400,-20.3,0.02,1,30,0,1,0,0,1,12,47,32,0.47909747170896644
6061,713.39,3,286,6.1,0.02,3,32,3,0,1,1,0,5,34,23,0.3955108418018233
6062,713.73,2,382,-19.4,0.02,2,29,3,0,1,1,0,13,47,22,0.4323706602902136
6063,713.97,5,207,26.1,0.02,5,34,4,0,1,1,0,5,23,22,0.5090715526932594
6064,714.11,2,149,25.5,0.02,2,40,4,0,1,1,0,3,17,16,0.4787973205980307
6065,714.17,0,64,7.0,0.02,0,19,0,0,1,1,0,0,9,6,0.6214071142748483
6066,714.27,2,99,5.7,0.02,2,16,2,0,1,1,0,5,12,4,0.6633672441821217
6067,714.33,0,63,4.1,0.02,0,17,0,0,1,1,0,1,9,6,0.6734097802727048
6068,714.52,8,189,18.2,0.02,3,29,1,1,1,1,0,1,21,9,0.6203295490871769
6069,714.76,2,217,2.5,0.02,2,26,2,0,1,1,0,5,24,18,0.4091995223006825
6070,714.93,2,207,24.2,0.02,2,42,4,0,1,1,0,0,24,21,0.5224450721426092
6071,714.98,6,69,13.4,0.02,1,22,2,1,1,1,0,1,9,7,0.5394184303589069
6072,715.14,1,156,0.6,0.02,1,19,1,0,1,1,0,2,18,8,0.370744582762842
6073,715.37,0,219,-11.8,0.02,0,22,0,0,1,1,0,5,25,19,0.42165677019357434
6074,715.41,1,44,4.2,0.02,1,11,0,0,1,1,0,2,6,4,1.0049480769219081
6075,715.59,2,154,8.5,0.02,2,26,2,0,0,1,0,6,18,11,0.5942084003537458
6076,715.61,0,21,0.6,0.02,0,9,0,0,1,1,0,1,3,3,0.5039118802232105
6077,715.67,1,67,9.8,0.02,1,18,1,0,1,1,0,1,8,5,0.7735617332736846
6078,715.68,1,17,3.2,0.02,1,5,1,0,1,1,0,0,2,1,0.6214040391556445
6079,715.71,0,29,-1.4,0.02,0,8,0,0,1,1,0,1,4,5,0.4383631493200735
6080,716.18,7,400,-8.0,0.02,2,34,2,1,0,0,1,9,44,29,0.48685518112566095
6081,716.24,1,76,25.1,0.02,1,34,1,0,1,1,0,0,10,13,0.6673400583649214
6082,716.4,2,138,21.2,0.02,2,38,3,0,1,1,0,7,18,10,0.5933017640275187
6083,716.5,2,102,10.0,0.02,2,19,2,0,1,1,0,3,13,8,0.47804020332420555
6084,716.84,2,277,14.3,0.02,2,46,3,0,1,1,0,6,33,30,0.41660479825044
6085,716.97,11,133,38.6,0.02,6,32,5,1,0,1,0,4,14,11,0.6855294684381519
6086,717.32,6,368,-14.1,0.02,1,31,2,1,1,1,0,6,43,23,0.4298701794186317
6087,717.33,0,13,-1.6,0.02,0,5,1,0,1,1,0,0,2,3,0.4140858921626175
6088,717.48,3,141,16.3,0.02,3,26,3,0,1,1,0,5,16,6,0.64069498630773
6089,717.76,0,250,-1.2,0.02,0,32,0,0,1,1,0,1,35,22,0.3717465365962189
6090,718.13,8,333,3.5,0.02,3,41,4,1,1,1,0,12,40,22,0.5057624263721496
6091,718.18,1,64,7.0,0.02,1,14,1,0,1,1,0,0,9,6,0.7640535654993632
6092,718.39,2,262,-1.8,0.02,2,33,2,0,0,1,0,12,33,16,0.40607397160197534
6093,718.53,0,127,6.1,0.02,0,30,1,0,1,1,0,5,16,12,0.4071370398660077
6094,718.64,3,141,16.1,0.02,3,26,3,0,1,1,0,5,14,8,0.6044609054352196
6095,718.67,1,36,9.0,0.02,1,16,2,0,1,1,0,3,5,4,0.7671080484724463
6096,718.74,0,71,4.1,0.02,0,19,0,0,1,1,0,2,10,8,0.5036838885474109
6097,719.14,3,400,-2.9,0.02,3,39,3,0,0,0,1,13,47,38,0.5273014343774016
6098,719.2,0,55,7.9,0.02,0,20,1,0,1,1,0,1,7,6,0.5354677430159845
6099,719.28,0,80,-0.3,0.02,0,17,0,0,1,1,0,4,11,3,0.44481864251195125
6100,719.52,8,310,2.5,0.02,3,33,2,1,1,1,0,6,35,35,0.5125531962855316
6101,719.83,2,328,-8.1,0.02,2,32,2,0,1,1,0,10,35,23,0.3740814883118256
6102,719.87,2,52,12.5,0.02,2,14,2,0,1,1,0,1,6,3,0.7477246564880787
6103,720.04,1,173,7.2,0.02,1,30,2,0,1,1,0,4,20,15,0.5133599214760036
6104,720.09,0,56,3.9,0.02,0,17,0,1,1,1,0,2,7,5,0.5256955861689864
6105,720.28,2,245,18.9,0.02,2,45,2,0,1,1,0,4,29,26,0.48884532365445066
6106,720.44,3,203,23.6,0.02,3,39,3,0,1,1,0,3,20,21,0.5237321196709245
6107,720.48,1,50,3.5,0.02,1,12,1,0,1,1,0,3,7,5,0.4801040635235473
6108,720.69,4,210,22.3,0.02,4,37,3,0,1,1,0,7,24,17,0.703424562156009
6109,720.76,2,79,23.4,0.02,2,27,1,0,1,1,0,0,8,7,0.7954337121445675
6110,721.14,7,400,-8.5,0.02,2,30,2,1,0,0,1,5,46,34,0.4154664384265818
6111,721.2,2,73,17.9,0.02,2,25,3,0,1,1,0,4,9,8,0.7440103979498344
6112,721.51,4,252,16.7,0.02,4,36,5,0,0,1,0,7,30,21,0.44445219593234386
6113,721.67,3,219,19.1,0.02,3,39,3,0,1,1,0,6,27,20,0.5622211290651681
6114,721.97,0,310,-20.5,0.02,0,24,0,0,1,1,0,5,37,35,0.4215283082124615
6115,722.17,3,261,20.9,0.02,3,46,3,0,1,1,0,7,32,20,0.4717412804088924
6116,722.46,0,286,-20.4,0.02,0,26,0,0,1,1,0,11,27,18,0.35150604723317963
6117,723.28,1,387,-18.4,0.02,1,36,2,0,1,1,0,11,47,47,0.47154080102639595
6118,723.52,2,249,13.1,0.02,2,41,2,0,1,1,0,6,27,20,0.5201154596956218
6119,723.54,0,30,0.6,0.02,0,9,0,0,1,1,0,0,4,4,0.3822763487743514
6120,724.02,2,354,-19.9,0.02,2,28,2,0,1,1,0,14,43,35,0.508308949535401
6121,724.08,6,56,3.9,0.02,1,13,1,1,0,1,0,3,7,5,0.8001402858551901
6122,724.09,0,20,-1.3,0.02,0,8,1,0,1,1,0,2,3,3,0.41427139180887346
6123,724.47,5,282,31.9,0.02,5,49,5,0,1,1,0,6,31,29,0.498869260649983
6124,724.52,1,54,8.0,0.02,1,15,1,0,1,1,0,1,7,6,0.5411682719566452
6125,724.65,5,132,39.6,0.02,5,36,5,0,1,1,0,2,15,12,0.7137422327412454
6126,724.67,0,20,1.4,0.02,0,9,0,0,1,1,0,0,3,6,1.1423309341234757
6127,724.8,2,123,10.4,0.02,2,23,1,0,1,1,0,4,15,13,0.5065093685420113
6128,724.82,0,29,-0.4,0.02,0,10,1,0,1,1,0,2,4,5,0.5184417142991196
6129,724.88,1,65,8.8,0.02,1,18,1,0,0,1,0,2,8,7,0.6851928844844646
6130,725.33,6,400,-18.0,0.02,1,27,1,1,0,0,1,7,48,29,0.38791755412337386
6131,725.62,3,227,16.5,0.02,3,37,3,0,1,1,0,6,25,18,0.48357045760173334
6132,725.64,1,26,3.2,0.02,1,9,1,0,1,1,0,3,3,2,0.6455157739299321
6133,725.8,9,234,33.7,0.02,4,49,3,1,1,1,0,4,27,29,0.46863199885838386
6134,725.83,0,37,-0.9,0.02,0,10,0,0,1,1,0,2,5,2,0.6186987905685333
6135,726.18,4,370,-5.4,0.02,4,32,4,0,1,1,0,13,43,24,0.5077125570108888
6136,726.23,2,53,16.2,0.02,2,18,2,0,1,1,0,1,7,5,0.9298427405658277
6137,726.52,3,365,8.8,0.02,3,45,1,0,1,1,0,6,40,37,0.4508341520644256
6138,726.79,5,267,15.2,0.02,5,25,5,0,1,1,0,2,32,11,0.5196530085948917
6139,726.91,3,103,21.1,0.02,3,27,3,0,0,1,0,5,12,6,0.736486827426403
6140,727.3,8,400,-15.1,0.02,3,28,3,1,0,0,1,14,44,40,0.486042187640701
6141,727.57,3,233,24.8,0.02,3,43,2,0,1,1,0,3,27,19,0.4461749587315489
6142,727.59,1,17,2.3,0.02,1,5,1,0,1,1,0,1,2,0,0.63067122356049
6143,727.91,4,400,11.9,0.02,4,42,3,0,0,0,1,7,51,30,0.45617993547677005
6144,728.19,2,299,-3.1,0.02,2,30,1,0,1,1,0,6,34,22,0.393555489441633
6145,728.28,5,137,4.3,0.02,0,29,0,1,1,1,0,5,16,10,0.48593332836736347
6146,728.49,5,263,31.4,0.02,5,44,4,0,1,1,0,4,30,23,0.5153481027894882
6147,728.68,4,203,21.5,0.02,4,36,4,0,1,1,0,8,23,12,0.4996045778342939
6148,728.78,2,95,18.3,0.02,2,29,2,0,0,1,0,5,11,12,0.6648614083221296
6149,728.86,0,92,10.1,0.02,0,26,0,0,1,1,0,1,12,7,0.5284098345106333
6150,729.1,2,237,-3.8,0.02,2,24,3,0,1,1,0,7,27,21,0.6093540228715971
6151,729.18,3,82,13.7,0.02,3,19,2,0,0,1,0,6,10,11,0.8887550182109145
6152,729.31,2,114,11.7,0.02,2,23,3,0,1,1,0,4,15,9,0.6458242547781843
6153,729.36,1,50,7.3,0.02,1,13,2,0,1,1,0,0,7,7,0.6339640594059301
6154,729.47,6,127,32.5,0.02,6,29,6,0,1,1,0,8,13,8,0.6667890977365312
6155,729.5,0,36,3.0,0.02,0,12,0,0,1,1,0,0,5,4,0.7709804824115798
6156,729.65,1,139,-3.9,0.02,1,18,1,0,0,1,0,7,16,10,0.5929768439240721
6157,729.99,3,339,-3.6,0.02,3,29,3,0,1,1,0,6,39,27,0.45202205993461647
6158,730.01,0,21,1.5,0.02,0,9,1,0,1,1,0,0,3,4,0.4593631989535375
6159,730.02,0,14,-0.6,0.02,0,6,1,0,1,1,0,0,2,2,0.4278139322580293
6160,730.28,4,395,-31.7,0.02,4,35,3,0,0,0,1,44,49,31,0.797197470716844
6161,730.33,3,55,17.9,0.02,3,16,3,0,1,1,0,2,7,6,0.831572856669379
6162,730.41,2,81,13.1,0.02,2,18,2,0,0,1,0,1,11,8,0.47947988327918317
6163,730.54,2,113,10.6,0.02,2,27,2,0,1,1,0,9,13,11,0.469507631890668
6164,730.73,2,243,6.1,0.02,2,38,1,0,1,1,0,11,26,16,0.4837792164495959
6165,730.93,4,276,26.6,0.02,4,46,2,0,1,1,0,5,33,18,0.5299837119133122
6166,731.23,3,262,0.1,0.02,3,28,2,0,1,1,0,9,28,27,0.4363239853195294
6167,731.3,1,75,17.6,0.02,1,28,2,0,1,1,0,2,10,9,0.7012756544159899
6168,731.79,8,400,-17.1,0.02,3,24,3,1,0,0,1,13,50,30,0.45069050100431085
6169,731.81,1,31,7.6,0.02,1,11,1,0,1,1,0,0,4,3,0.631326177417682
6170,731.91,0,97,-6.0,0.02,0,11,0,0,1,1,0,2,12,3,0.663010525726635
6171,731.94,0,29,-1.3,0.02,0,8,0,0,1,1,0,1,4,4,0.4562649818077406
6172,732.0,4,66,26.8,0.02,4,21,4,0,1,1,0,2,7,6,0.7201146983837852
6173,732.21,4,199,22.7,0.02,4,33,3,0,1,1,0,4,25,14,0.48021156814221794
6174,732.39,3,156,27.3,0.02,3,39,3,0,1,1,0,5,19,11,0.5305328171201005
6175,732.5,2,116,7.6,0.02,2,18,3,0,1,1,0,3,14,8,0.6051342593401974
6176,732.63,3,119,21.1,0.02,3,29,4,0,1,1,0,5,14,10,0.5850331613307607
6177,732.89,6,253,-9.4,0.02,1,24,1,1,1,1,0,6,28,21,0.4454032592412767
6178,733.28,1,287,-9.6,0.02,1,26,1,0,1,1,0,4,32,29,0.5151101254713449
6179,733.43,3,135,22.1,0.02,3,30,4,0,1,1,0,3,16,14,0.6020188849364868
6180,733.45,0,20,1.8,0.02,0,10,0,0,1,1,0,1,3,2,0.6557519011612012
6181,733.58,2,132,6.8,0.02,2,22,2,0,1,1,0,6,17,10,0.7997146174344391
6182,733.76,3,152,11.4,0.02,3,25,3,0,1,1,0,7,16,14,0.5988469114823115
6183,733.85,6,100,8.7,0.02,1,23,1,1,1,1,0,3,13,13,0.48872182720082935
6184,733.94,1,91,15.9,0.02,1,27,1,0,1,1,0,1,12,10,0.623184667926259
6185,733.98,0,48,4.4,0.02,0,15,0,0,1,1,0,0,6,8,0.5104320987713903
6186,734.0,0,21,1.5,0.02,0,9,0,0,1,1,0,0,3,4,0.6595634690093686
6187,734.05,0,56,0.7,0.02,0,15,0,0,1,1,0,3,8,7,0.49278212043408587
6188,734.07,0,20,-1.4,0.02,0,6,0,0,1,1,0,0,3,4,0.9161202960189435
6189,734.13,2,84,18.3,0.02,2,27,2,0,1,1,0,4,11,13,0.6813150678257861
6190,734.56,5,400,15.7,0.02,5,42,6,0,0,0,1,8,48,32,0.5291294639879434
6191,734.74,4,193,26.4,0.02,4,36,4,0,1,1,0,4,22,13,0.531926358200777
6192,734.97,4,294,14.0,0.02,4,37,3,0,1,1,0,6,34,26,0.4550185326594767
6193,735.01,0,49,4.7,0.02,0,17,0,0,1,1,0,2,7,4,0.6219662710549312
6194,735.53,5,322,28.3,0.02,5,50,6,0,1,1,0,7,36,25,0.4654286071922866
6195,735.56,0,37,2.8,0.02,0,12,1,0,1,1,0,0,5,5,0.4695407466923915
6196,735.61,1,46,12.8,0.02,1,19,1,0,1,1,0,1,6,6,0.6399905389493581
6197,735.77,1,183,6.4,0.02,1,30,1,0,1,1,0,4,24,13,0.3977532423839956
6198,736.14,3,400,-13.0,0.02,3,35,1,0,0,0,1,20,49,29,0.5624946818345794
6199,736.14,0,6,-3.6,0.02,0,3,1,0,1,1,0,1,1,0,0.4643608900632427
6200,736.39,3,283,3.0,0.02,3,30,4,0,1,1,0,6,34,27,0.5171656707461046
6201,736.55,3,181,34.3,0.02,3,49,3,0,1,1,0,5,22,16,0.5817340865422702
6202,736.56,0,5,-1.8,0.02,0,4,0,0,1,1,0,0,1,3,3.873355223449269
6203,736.84,2,207,15.5,0.02,2,35,2,0,1,1,0,2,20,18,0.47273026827459985
6204,737.29,5,366,7.8,0.02,5,33,5,0,0,1,0,6,41,26,0.4549061980796937
6205,737.69,10,264,24.5,0.02,5,36,5,1,1,1,0,3,31,21,0.4908865760085591
6206,737.77,3,75,27.6,0.02,3,28,2,0,1,1,0,2,10,9,0.8262919104532201
6207,737.79,0,29,2.6,0.02,0,11,0,0,1,1,0,0,4,5,0.50612618968601
6208,737.9,2,101,8.0,0.02,2,17,2,0,1,1,0,3,13,9,0.5338654477039734
6209,737.92,0,35,1.1,0.02,0,11,1,0,1,1,0,1,5,4,0.5796312164331017
6210,738.03,2,114,10.9,0.02,2,24,2,0,0,1,0,6,13,7,0.7428913230009365
6211,738.05,0,35,0.1,0.02,0,10,0,0,1,1,0,1,5,4,0.39442627414021314
6212,738.07,0,21,-1.3,0.02,0,6,0,0,1,1,0,0,3,2,0.4596635838955927
6213,738.33,2,227,13.1,0.02,2,37,2,0,1,1,0,4,27,22,0.4323018817349821
6214,738.43,1,91,18.7,0.02,1,31,3,0,0,1,0,2,11,12,0.7187827280806868
6215,738.47,1,46,3.0,0.02,1,10,1,0,1,1,0,2,6,4,0.5191623060172397
6216,738.57,2,109,21.0,0.02,2,29,4,0,1,1,0,1,14,11,0.5093264038320017
6217,738.62,0,56,5.6,0.02,0,18,0,0,0,1,0,1,7,8,0.6823578995679209
6218,739.03,7,308,-10.5,0.02,2,23,2,1,0,0,1,11,36,16,0.42634408159266135
6219,739.06,0,28,3.0,0.02,0,11,2,0,1,1,0,0,4,2,0.5479578014345988
6220,739.08,0,27,-0.1,0.02,0,9,0,0,1,1,0,1,4,4,0.44439513149924526
6221,739.46,3,275,8.8,0.02,3,34,3,0,1,1,0,6,32,17,0.4505602971999656
6222,739.5,2,52,18.3,0.02,2,20,2,0,1,1,0,1,6,5,0.8706394326378223
6223,739.54,0,38,0.9,0.02,0,12,0,0,1,1,0,2,5,3,0.8775779778217875
6224,739.58,1,57,7.0,0.02,1,17,1,0,1,1,0,4,7,3,0.8600792492922223
6225,739.68,1,100,1.2,0.02,1,14,1,0,1,1,0,2,12,8,0.46879917105117175
6226,739.89,3,241,17.4,0.02,3,36,3,0,1,1,0,3,25,15,0.5124953935050159
6227,740.3,4,381,13.0,0.02,4,47,4,0,1,1,0,8,44,29,0.46789715111211866
6228,740.58,3,275,8.6,0.02,3,34,3,1,1,1,0,6,33,19,0.5187465721094281
6229,740.65,1,79,8.3,0.02,1,19,0,0,1,1,0,2,9,8,0.5890356776268998
6230,741.19,2,384,-12.7,0.02,2,33,2,0,1,1,0,10,41,23,0.4211906292521257
6231,741.21,0,32,-2.5,0.02,0,8,1,0,0,1,0,2,4,3,0.6964916934414807
6232,741.22,0,13,1.5,0.02,0,8,0,0,1,1,0,0,2,2,0.7731208082715038
6233,741.42,1,160,7.9,0.02,1,28,2,0,0,1,0,3,18,11,0.4747142249550037
6234,741.43,1,17,1.1,0.02,1,4,1,0,1,1,0,1,2,2,0.9186509921154405
6235,741.81,5,343,2.8,0.02,5,29,4,0,1,1,0,9,39,29,0.5099713115913335
6236,741.83,0,21,0.7,0.02,0,8,0,0,1,1,0,0,3,2,0.4911699061082911
6237,742.04,3,262,2.5,0.02,3,29,3,0,1,1,0,8,29,23,0.47521140396533873
6238,742.55,4,337,2.4,0.02,4,36,4,0,1,1,0,12,41,29,0.4768712209434734
6239,742.67,2,130,13.0,0.02,2,28,4,0,0,1,0,6,16,10,0.6887481758344591
6240,742.77,3,100,27.7,0.02,3,32,3,0,1,1,0,3,12,13,0.6306509820334985
6241,742.97,2,175,16.7,0.02,2,34,3,0,0,1,0,3,20,18,0.6525202584819917
6242,743.32,0,400,-23.3,0.02,0,30,1,0,0,0,1,11,47,22,0.40102199015715667
6243,743.42,3,92,21.2,0.02,3,29,4,0,1,1,0,8,12,6,0.7987671189917325
6244,743.47,1,53,6.3,0.02,1,14,2,0,1,1,0,2,7,4,0.5837251351697195
6245,743.9,2,346,-13.1,0.02,2,30,3,0,1,1,0,11,36,25,0.46781922562804584
6246,744.04,2,142,10.9,0.02,2,23,2,0,1,1,0,2,17,9,0.5297290895600071
6247,744.14,0,116,1.4,0.02,0,25,0,0,1,1,0,6,15,10,0.4708752205802687
6248,744.36,10,295,9.1,0.02,5,29,3,1,1,1,0,8,35,24,0.43706270445370343
6249,744.41,0,53,0.3,0.02,0,12,1,0,1,1,0,1,7,4,0.5451008909809469
6250,744.5,0,74,6.8,0.02,0,24,1,0,1,1,0,4,10,8,0.4232347723937268
6251,744.58,1,93,13.6,0.02,1,26,1,0,1,1,0,2,12,11,0.5226844639594306
6252,744.87,1,233,-4.4,0.02,1,25,1,0,1,1,0,5,29,11,0.3461768689042892
6253,745.0,1,132,0.6,0.02,1,22,1,0,0,1,0,7,16,12,0.47840861482588715
6254,745.07,1,83,12.0,0.02,1,22,1,0,1,1,0,1,11,7,0.49316934035596754
6255,745.09,1,25,3.4,0.02,1,7,1,0,1,1,0,1,3,1,0.8225765635403428
6256,745.21,2,122,8.7,0.02,2,25,2,0,0,1,0,8,15,11,0.4690269044974787
6257,745.27,1,58,7.5,0.02,1,16,3,0,1,1,0,2,7,7,0.5976005849478819
6258,745.29,1,24,2.2,0.02,1,6,1,0,1,1,0,1,3,4,0.4006430351176727
6259,745.59,1,280,3.0,0.02,1,40,2,0,1,1,0,7,29,20,0.44152740430978477
6260,745.62,0,28,3.8,0.02,0,12,1,0,1,1,0,0,4,4,0.6265298972535318
6261,746.04,5,325,6.7,0.02,5,29,4,0,1,1,0,8,34,18,0.4300868207170258
6262,746.33,8,259,3.6,0.02,3,32,2,1,1,1,0,10,29,25,0.5274369865688598
6263,746.45,1,114,9.8,0.02,1,26,2,0,1,1,0,4,14,8,0.584727538460525
6264,746.64,1,160,13.6,0.02,1,33,1,0,1,1,0,2,18,14,0.46246568323379
6265,746.74,2,93,12.2,0.02,2,20,2,0,1,1,0,3,12,5,0.7780482719728379
6266,746.93,4,205,19.1,0.02,4,33,3,0,1,1,0,7,23,14,0.6265413279355421
6267,747.01,2,98,10.4,0.02,2,19,1,0,1,1,0,3,13,8,0.6605737676465321
6268,747.22,0,196,0.4,0.02,0,34,0,0,1,1,0,7,24,20,0.5456133059542282
6269,747.5,1,243,3.4,0.02,1,42,3,0,1,1,0,12,27,23,0.5153565775914865
6270,747.53,2,37,13.8,0.02,2,14,2,0,1,1,0,1,5,5,0.7082069135934476
6271,748.12,3,400,5.8,0.02,3,41,5,0,0,0,1,8,46,21,0.3910387426723926
6272,748.31,1,155,12.0,0.02,1,32,2,0,0,1,0,3,18,15,0.5529386447134604
6273,748.58,5,220,30.2,0.02,5,40,4,0,0,1,0,6,24,18,0.5460150779028593
6274,748.78,2,266,6.4,0.02,2,38,3,0,1,1,0,8,29,20,0.5068251481988666
6275,748.9,4,131,31.3,0.02,4,34,3,0,1,1,0,3,16,16,0.5180018008144174
6276,749.12,3,231,19.0,0.02,3,40,3,0,1,1,0,6,26,19,0.47639561173574974
6277,749.35,5,307,12.5,0.02,5,31,3,0,0,1,0,5,34,28,0.4272555407876412
6278,749.4,2,65,14.9,0.02,2,18,2,0,1,1,0,1,8,6,0.4978841359764435
6279,749.42,0,21,1.7,0.02,0,10,0,0,1,1,0,1,3,2,0.9835014259572686
6280,749.5,1,84,14.0,0.02,1,24,1,0,1,1,0,1,11,6,0.5806921117123764
6281,749.91,2,400,-16.5,0.02,2,26,2,0,0,0,1,10,50,24,0.3977060051655671
6282,750.01,4,102,31.9,0.02,4,30,4,0,1,1,0,2,11,9,0.6991480620955174
6283,750.24,4,233,27.1,0.02,4,43,3,0,1,1,0,6,27,16,0.4850676079324298
6284,750.36,1,106,9.5,0.02,1,24,2,0,1,1,0,3,14,9,0.5613426883969476
6285,750.77,3,270,-9.4,0.02,3,21,3,0,1,1,0,11,31,24,0.5553958392440662
6286,751.26,5,400,-39.4,0.02,0,16,0,1,0,0,1,13,48,23,0.4733415209461833
6287,751.27,0,13,-0.5,0.02,0,6,0,0,1,1,0,0,2,2,0.4716620553284754
6288,751.32,0,55,2.9,0.02,0,19,1,0,1,1,0,5,7,6,0.5271094223300109
6289,751.77,10,400,5.6,0.02,5,31,5,1,0,0,1,7,49,33,0.4155637080879754
6290,751.96,4,237,24.4,0.02,4,38,3,0,1,1,0,3,29,19,0.6080317929008803
6291,751.98,0,20,-1.2,0.02,0,7,0,0,1,1,0,1,3,2,0.5520708168308304
6292,752.14,6,146,8.1,0.02,1,28,2,1,1,1,0,4,19,13,0.5305727702757175
6293,752.43,1,210,4.8,0.02,1,32,2,0,0,1,0,4,22,22,0.5740953527693664
6294,752.49,1,56,12.9,0.02,1,19,1,0,1,1,0,0,7,5,0.5856690457925896
6295,752.66,1,141,0.0,0.02,1,19,0,0,1,1,0,4,18,9,0.43907112779124885
6296,752.86,1,165,0.7,0.02,1,27,2,0,1,1,0,9,19,8,0.558394856672893
6297,752.96,6,96,1.8,0.02,1,18,0,1,0,1,0,6,12,6,0.7090260472767351
6298,753.38,8,276,-5.5,0.02,3,28,1,1,1,1,0,14,31,19,0.4917838903317586
6299,753.39,0,6,-2.7,0.02,0,3,0,0,1,1,0,0,1,1,0.47679679742750913
6300,753.53,3,163,16.2,0.02,3,30,4,0,1,1,0,6,19,15,0.4714106153155764
6301,753.64,3,130,16.0,0.02,3,24,3,0,0,1,0,4,16,10,0.6434865555890679
6302,753.74,3,101,15.3,0.02,3,20,2,0,0,1,0,4,11,6,0.8314797241518704
6303,753.76,0,28,-0.2,0.02,0,10,1,0,1,1,0,2,4,4,0.430572801187417
6304,754.12,1,339,-24.4,0.02,1,18,1,0,1,1,0,7,33,15,0.42817375286224396
6305,754.28,2,186,7.9,0.02,2,27,5,0,1,1,0,4,21,15,0.4500524726877844
6306,754.49,0,259,-15.2,0.02,0,26,1,0,1,1,0,9,33,13,0.5284937814874275
6307,754.76,3,279,9.2,0.02,3,33,4,0,1,1,0,4,31,19,0.42597468872986227
6308,755.67,1,400,-24.4,0.02,1,28,1,0,0,0,1,14,48,33,0.4706201646828865
6309,756.1,6,319,-11.9,0.02,1,34,1,1,1,1,0,12,35,20,0.4583922007502563
6310,756.31,6,188,32.0,0.02,6,29,6,0,1,1,0,2,20,12,0.6041388908478608
6311,756.44,2,153,28.1,0.02,2,44,3,0,1,1,0,4,15,16,0.5700663429827981
6312,756.73,8,282,7.9,0.02,3,33,1,1,1,1,0,5,32,19,0.422475009725946
6313,757.25,2,365,-24.6,0.02,2,20,2,0,1,1,0,12,46,11,0.46474913600515905
6314,757.34,1,89,6.6,0.02,1,16,1,0,1,1,0,0,11,5,0.6084691195393108
6315,757.38,1,32,6.7,0.02,1,11,1,0,1,1,0,1,4,1,0.583595915465065
6316,757.41,0,35,2.1,0.02,0,12,0,0,0,1,0,1,5,4,0.8140248775860758
6317,757.48,7,64,14.0,0.02,2,16,2,1,1,1,0,0,8,6,0.6470609950001636
6318,757.96,2,400,-27.1,0.02,2,23,1,0,0,0,1,17,48,30,0.48336418954517957
6319,758.19,7,251,9.6,0.02,2,42,1,1,1,1,0,10,31,23,0.47123110530740436
6320,758.35,2,139,11.1,0.02,2,24,2,0,1,1,0,3,16,10,0.429830472196906
6321,758.37,1,16,3.3,0.02,1,6,1,0,1,1,0,1,2,1,0.7107784402528966
6322,758.67,2,312,-1.7,0.02,2,32,2,0,1,1,0,6,39,15,0.4957251572297413
6323,758.89,5,217,5.2,0.02,0,38,1,1,0,1,0,4,26,21,0.4302065444867893
6324,759.09,1,162,11.8,0.02,1,33,0,0,0,1,0,3,20,20,0.5702282899710505
6325,759.28,2,155,20.2,0.02,2,33,2,0,1,1,0,1,17,13,0.5290441900134323
6326,759.42,2,134,17.4,0.02,2,29,2,0,1,1,0,2,17,12,0.40773020062519366
6327,759.64,1,270,-2.4,0.02,1,35,2,0,1,1,0,8,30,24,0.5105332991224846
6328,759.72,0,83,3.9,0.02,0,18,0,0,1,1,0,0,11,8,0.48218902626021637
6329,759.84,1,134,12.7,0.02,1,29,2,0,1,1,0,2,15,9,0.5417430270666892
6330,759.93,0,86,-1.4,0.02,0,15,0,0,1,1,0,2,11,8,0.5375990076769573
6331,760.06,12,174,50.1,0.02,7,43,6,1,1,1,0,4,21,15,0.7099743226858761
6332,760.11,1,63,11.1,0.02,1,19,1,0,1,1,0,1,8,6,0.6691023451177134
6333,760.4,2,221,6.1,0.02,2,31,2,0,1,1,0,6,25,18,0.4108746615261691
6334,760.47,1,60,8.8,0.02,1,18,1,0,1,1,0,3,8,2,0.7589469604814577
6335,760.72,1,312,6.8,0.02,1,45,2,0,1,1,0,5,38,20,0.41117322438147896
6336,760.77,1,51,0.5,0.02,1,8,1,0,1,1,0,2,6,4,0.7211406158455865
6337,760.82,1,60,3.7,0.02,1,11,1,0,1,1,0,1,8,3,0.4741470643598424
6338,760.86,2,49,13.6,0.02,2,18,2,0,1,1,0,4,6,5,0.9714828883132106
6339,761.0,7,239,20.7,0.02,4,34,2,1,0,0,1,7,26,23,0.4386413868271685
6340,761.3,0,309,-3.6,0.02,0,39,0,0,1,1,0,5,35,17,0.4329785231224659
6341,761.31,0,6,-3.7,0.02,0,2,0,0,1,1,0,0,1,1,0.3009288752331021
6342,761.34,1,36,8.3,0.02,1,13,2,0,1,1,0,1,5,1,0.7259805829608675
6343,761.71,12,323,-3.6,0.02,2,37,2,2,1,1,0,10,37,33,0.4533502399718062
6344,761.81,1,114,5.7,0.02,1,25,2,0,1,1,0,7,14,9,0.6569732853963159
6345,762.0,3,249,14.3,0.02,3,37,1,0,1,1,0,6,29,18,0.5172482314120008
6346,762.37,3,400,1.3,0.02,3,39,2,0,0,0,1,9,47,36,0.43396371804376693
6347,762.4,1,32,5.6,0.02,1,9,2,0,1,1,0,0,4,2,0.7653093512816522
6348,762.6,2,194,6.6,0.02,2,31,2,0,1,1,0,8,23,20,0.4886657100212313
6349,762.9,5,272,8.0,0.02,5,30,3,0,1,1,0,13,29,18,0.7156676298927576
6350,762.95,1,51,8.4,0.02,1,15,1,0,1,1,0,1,7,5,0.7399904642344982
6351,762.98,0,34,0.4,0.02,0,9,0,0,1,1,0,0,5,2,0.6797133800436654
6352,763.06,1,83,17.5,0.02,1,29,1,0,1,1,0,2,11,12,0.5308314452309425
6353,763.1,1,45,10.0,0.02,1,15,1,0,1,1,0,0,6,5,1.0397716089066715
6354,763.44,7,400,-14.9,0.02,2,27,3,1,0,0,1,9,47,28,0.3866412990938964
6355,763.47,0,28,0.1,0.02,0,9,0,0,1,1,0,1,4,1,0.652989074397463
6356,763.98,6,400,-12.1,0.02,1,31,2,1,0,0,1,5,40,30,0.3763336812154391
6357,764.35,4,315,14.7,0.02,4,41,4,0,1,1,0,7,36,28,0.4284092648070252
6358,764.42,2,82,10.0,0.02,2,18,2,0,1,1,0,4,10,8,0.5937588289721292
6359,764.46,2,44,14.1,0.02,2,14,1,0,1,1,0,0,5,5,0.832099918076307
6360,764.57,0,110,-8.4,0.02,0,11,0,0,1,1,0,3,13,4,0.34430465009289324
6361,764.62,0,52,-5.6,0.02,0,8,0,0,1,1,0,3,7,4,0.7658489959714401
6362,764.76,5,133,21.4,0.02,5,17,3,0,1,1,0,2,14,3,0.7141792965148446
6363,764.99,4,269,15.8,0.02,4,37,4,0,1,1,0,7,28,23,0.46151520286113623
6364,765.15,7,400,-22.4,0.02,2,49,1,1,0,0,1,38,50,33,0.6463862289553417
6365,765.17,1,16,1.2,0.02,1,4,1,0,1,1,0,1,2,2,1.0936337248115098
6366,765.36,7,400,-5.0,0.02,2,33,3,1,0,0,1,6,47,19,0.378403536860588
6367,765.48,1,113,7.6,0.02,1,24,2,0,1,1,0,4,13,11,0.44172078289177724
6368,765.78,2,336,-26.3,0.02,2,22,2,0,1,1,0,18,37,17,0.5407672843520375
6369,766.46,3,400,-3.5,0.02,3,31,4,0,0,0,1,7,46,24,0.43769817548526785
6370,766.93,1,369,-31.3,0.02,1,21,0,0,1,1,0,13,47,24,0.36864637676248274
6371,767.1,6,168,37.0,0.02,6,36,5,0,0,1,0,6,20,12,0.6649461007995091
6372,767.47,3,400,-4.5,0.02,3,33,1,0,0,0,1,9,46,34,0.45040586604012567
6373,767.49,0,36,1.1,0.02,0,11,0,0,1,1,0,1,5,3,0.6682014680692794
6374,767.72,2,400,-34.9,0.02,2,28,2,0,0,0,1,31,52,18,0.5591667880394028
6375,767.87,2,133,10.6,0.02,2,25,0,0,1,1,0,5,16,11,0.5900357738792236
6376,767.88,0,21,1.5,0.02,0,9,0,0,1,1,0,0,3,4,0.501284594374656
6377,768.15,1,221,5.4,0.02,1,33,1,0,1,1,0,4,28,15,0.3422499489996671
6378,768.34,5,152,38.5,0.02,5,39,5,0,1,1,0,4,17,13,0.5391406516661909
6379,768.38,2,40,9.8,0.02,2,10,2,0,1,1,0,1,5,2,0.6955061745083594
6380,768.4,0,29,5.8,0.02,0,14,1,0,1,1,0,0,4,3,0.6436553320125383
6381,768.52,4,142,14.7,0.02,4,25,3,0,1,1,0,10,18,11,0.5109841628033276
6382,768.77,5,400,-12.6,0.02,5,36,4,0,0,0,1,31,52,25,0.6513269606147868
6383,769.21,6,354,-16.4,0.02,1,30,1,1,1,1,0,8,42,30,0.372279832703141
6384,769.31,1,92,2.7,0.02,1,21,1,0,1,1,0,8,11,11,0.9334914707707016
6385,769.62,3,285,1.7,0.02,3,28,2,0,1,1,0,6,28,18,0.4284182830225009
6386,769.63,1,16,1.2,0.02,1,5,1,0,1,1,0,2,2,2,0.6203294553846498
6387,769.66,0,35,-0.0,0.02,0,10,0,0,1,1,0,1,5,5,0.5471160084990675
6388,769.89,3,260,8.2,0.02,3,30,2,0,1,1,0,4,30,18,0.46605253450705036
6389,770.02,0,111,21.2,0.02,0,41,2,0,0,1,0,2,14,17,0.6291246919978127
6390,770.03,1,15,5.2,0.02,1,7,2,0,1,1,0,0,2,3,0.7448827003710754
6391,770.32,9,259,4.0,0.02,4,26,3,1,1,1,0,9,29,21,0.41883374206169843
6392,770.44,1,110,16.7,0.02,1,32,1,0,0,1,0,3,14,13,0.6449534086891098
6393,770.62,2,202,9.3,0.02,2,30,2,0,1,1,0,3,21,25,0.5073980809617165
6394,770.67,0,65,1.9,0.02,0,16,0,0,1,1,0,2,9,6,0.4472200075697362
6395,770.83,3,188,30.3,0.02,3,45,3,0,1,1,0,4,21,19,0.5801946389597504
6396,771.01,8,209,13.8,0.02,3,29,3,1,1,1,0,3,25,13,0.44056183523181464
6397,771.08,3,73,20.7,0.02,3,24,3,0,1,1,0,5,9,10,1.1428380319054594
6398,771.41,5,346,12.7,0.02,5,44,6,0,1,1,0,14,39,27,0.48844720474166253
6399,771.52,5,106,24.5,0.02,5,19,4,0,1,1,0,3,12,9,0.7292469811006689
6400,771.6,0,85,0.5,0.02,0,19,0,1,1,1,0,4,11,10,0.48577613807030046
6401,771.65,1,59,14.3,0.02,1,22,1,0,1,1,0,1,7,8,0.6384060274206425
6402,771.79,8,230,26.7,0.02,3,44,2,1,1,1,0,2,25,23,0.5640812328709557
6403,772.25,2,400,-10.1,0.02,2,24,2,0,0,0,1,2,50,20,0.41504184676798256
6404,772.47,9,203,28.9,0.02,4,37,3,1,1,1,0,1,24,18,0.5125688116106712
6405,772.61,3,153,1.3,0.02,3,20,1,0,1,1,0,12,20,14,0.5914757006941509
6406,772.97,0,330,-8.8,0.02,0,36,2,0,1,1,0,4,32,28,0.4057500396944886
6407,773.13,3,170,6.3,0.02,3,19,2,0,1,1,0,5,21,7,0.6373338465510384
6408,773.36,1,207,4.0,0.02,1,33,2,0,1,1,0,7,25,13,0.503136698299684
6409,773.39,0,29,2.8,0.02,0,11,1,0,1,1,0,0,4,3,0.3859446531373322
6410,773.5,1,107,4.1,0.02,1,23,2,0,0,1,0,7,13,12,0.657286960485499
6411,773.89,2,315,-12.0,0.02,2,25,1,0,1,1,0,8,36,25,0.4773263476240291
6412,774.34,0,370,-38.4,0.02,0,19,1,0,1,1,0,13,45,24,0.49477508086357164
6413,774.42,1,85,14.7,0.02,1,26,3,0,0,1,0,2,9,8,0.7312237606534314
6414,774.71,6,202,27.8,0.02,6,30,4,0,1,1,0,6,22,10,0.48177867419167913
6415,774.78,2,98,16.6,0.02,2,24,3,0,1,1,0,2,11,6,0.5779510797761205
6416,774.84,0,73,11.9,0.02,0,27,0,0,1,1,0,2,9,8,0.6130603328687501
6417,775.39,6,400,-14.9,0.02,1,34,2,1,0,0,1,11,46,28,0.4416279401595871
6418,775.44,2,62,15.5,0.02,2,17,2,0,1,1,0,0,7,3,0.673373346068454
6419,775.51,2,70,16.4,0.02,2,22,4,0,1,1,0,3,9,6,0.643566187849437
6420,775.57,0,73,11.7,0.02,0,25,0,0,1,1,0,0,10,10,0.5451067551529708
6421,775.95,3,304,2.0,0.02,3,33,4,0,1,1,0,8,34,26,0.5153179098089945
6422,776.4,4,400,21.0,0.02,4,51,4,0,0,0,1,6,48,39,0.4091048973671583
6423,776.49,2,86,12.0,0.02,2,20,2,0,1,1,0,4,11,4,0.6636678585921931
6424,776.52,0,35,1.9,0.02,0,12,1,0,1,1,0,1,5,6,0.633609444793113
6425,776.88,3,367,-12.1,0.02,3,31,3,0,1,1,0,14,44,24,0.43711396384127443
6426,777.19,1,251,-4.4,0.02,1,29,2,0,1,1,0,6,28,23,0.3729929165349912
6427,777.37,4,219,22.1,0.02,4,38,4,0,1,1,0,7,24,20,0.4454274916327073
6428,777.47,2,106,16.5,0.02,2,25,2,0,1,1,0,2,13,9,0.6901369269200859
6429,777.58,0,106,-0.2,0.02,0,20,0,0,1,1,0,4,14,6,0.7243777956000901
6430,777.6,0,21,2.6,0.02,0,10,1,0,1,1,0,0,3,3,0.9670622320406176
6431,777.85,2,192,9.8,0.02,2,32,2,0,1,1,0,6,20,20,0.42392054330766554
6432,778.01,2,155,19.8,0.02,2,36,4,0,1,1,0,4,18,17,0.5429327924770653
6433,778.04,0,35,-0.6,0.02,0,9,1,0,1,1,0,1,5,1,0.5120937645401354
6434,778.47,1,400,-14.8,0.02,1,24,2,0,0,0,1,2,54,17,0.4530263475079641
6435,778.56,4,91,32.0,0.02,4,28,4,0,1,1,0,1,11,9,0.795844692856614
6436,778.63,1,71,3.4,0.02,1,17,1,0,1,1,0,6,10,5,0.7429698538845744
6437,778.76,2,143,20.5,0.02,2,34,2,0,1,1,0,3,18,12,0.6356905367932526
6438,778.89,1,108,12.2,0.02,1,26,0,0,0,1,0,2,15,10,0.5451867499703315
6439,778.92,1,38,6.0,0.02,1,13,1,0,1,1,0,3,5,2,0.6668906976490484
6440,779.65,1,357,-24.1,0.02,1,27,3,0,1,1,0,13,43,24,0.463276116503409
6441,780.06,2,400,-11.9,0.02,2,35,1,0,0,0,1,14,48,28,0.4720102544534208
6442,780.11,0,52,3.3,0.02,0,16,0,0,1,1,0,2,7,5,0.4443540597885811
6443,780.42,4,236,10.8,0.02,4,30,3,0,1,1,0,9,25,16,0.6365900626247477
6444,780.48,1,72,12.3,0.02,1,20,2,0,1,1,0,0,9,5,0.6287768467313832
6445,780.62,1,119,10.1,0.02,1,29,2,0,1,1,0,6,15,10,0.6499858625645009
6446,780.93,8,318,8.6,0.02,3,40,1,1,1,1,0,7,37,26,0.4274156719429747
6447,781.02,2,90,19.9,0.02,2,25,2,0,1,1,0,0,11,11,0.7125651072825221
6448,781.39,2,296,-1.0,0.02,2,33,2,0,1,1,0,8,36,14,0.44032892479088237
6449,781.52,1,119,8.7,0.02,1,21,1,0,1,1,0,0,15,4,0.5173984005729907
6450,781.57,1,57,9.4,0.02,1,18,1,0,1,1,0,2,6,9,0.6748183131767113
6451,781.64,3,67,16.7,0.02,3,19,4,0,1,1,0,5,8,6,0.8847938600022422
6452,781.82,1,244,2.8,0.02,1,30,1,0,1,1,0,2,30,8,0.45781635087897854
6453,782.03,7,179,38.1,0.02,7,34,5,0,0,1,0,7,18,10,0.6882512393206531
6454,782.05,0,21,-1.4,0.02,0,7,0,0,1,1,0,1,3,3,0.3209520777810998
6455,782.37,2,400,-27.1,0.02,2,34,2,0,0,0,1,28,46,30,0.5758818980703461
6456,782.74,0,400,-23.3,0.02,0,33,1,0,1,1,0,7,46,43,0.3833425358836689
6457,782.89,2,188,19.5,0.02,2,35,2,0,0,1,0,0,21,17,0.41130924531574015
6458,783.14,6,341,-21.6,0.02,1,26,1,1,1,1,0,12,44,15,0.42438999916297754
6459,783.28,1,121,3.1,0.02,1,24,2,0,1,1,0,8,15,8,0.46394886128717144
6460,783.52,2,239,16.5,0.02,2,38,2,0,0,1,0,1,29,16,0.4558480234893273
6461,783.7,8,229,21.4,0.02,3,40,2,1,1,1,0,4,26,17,0.47937531541361383
6462,783.88,6,215,-7.4,0.02,1,31,1,1,1,1,0,15,24,19,0.4822274901313493
6463,784.2,5,257,19.1,0.02,5,36,2,0,1,1,0,9,29,22,0.5463352108951319
6464,784.57,3,400,-5.4,0.02,3,35,3,0,0,0,1,12,47,33,0.5041470907795496
6465,784.77,4,190,17.9,0.02,4,27,3,0,1,1,0,4,21,11,0.42067428600612655
6466,784.83,1,57,0.8,0.02,1,7,1,0,1,1,0,0,7,5,0.44235058768549274
6467,785.37,7,400,0.8,0.02,2,42,4,1,0,0,1,8,44,31,0.42383713689611346
6468,785.4,1,38,9.8,0.02,1,14,0,0,1,1,0,0,5,4,0.6642009183401477
6469,785.71,8,270,12.7,0.02,3,36,3,1,1,1,0,4,31,23,0.5015329487653614
6470,785.71,0,6,-3.7,0.02,0,2,0,0,1,1,0,0,1,1,0.25960310209921295
6471,785.8,2,97,12.8,0.02,2,22,1,0,1,1,0,4,10,5,0.46852210871777666
6472,786.06,2,244,1.4,0.02,2,29,3,0,1,1,0,6,30,22,0.43458476859651296
6473,786.38,4,295,11.4,0.02,4,36,4,0,0,1,0,8,25,21,0.5105006400033378
6474,786.41,1,36,9.0,0.02,1,13,1,0,1,1,0,0,5,4,0.7582331987782854
6475,786.86,4,393,-10.2,0.02,4,28,2,0,1,1,0,11,45,29,0.5196234991401089
6476,787.21,2,299,-2.4,0.02,2,35,4,0,1,1,0,10,28,25,0.42057249441654093
6477,787.4,2,190,19.3,0.02,2,38,3,0,1,1,0,3,22,17,0.41142869771588925
6478,787.55,11,225,8.8,0.02,1,39,1,2,1,1,0,6,27,17,0.4481872285524033
6479,787.59,0,43,4.1,0.02,0,15,1,0,1,1,0,1,6,6,0.5236068358615057
6480,787.72,2,120,12.8,0.02,2,27,2,0,1,1,0,6,14,12,0.7440512154528766
6481,787.94,9,278,21.8,0.02,4,42,4,1,1,1,0,5,35,24,0.4717416287806922
6482,788.33,4,400,5.0,0.02,4,40,5,0,0,0,1,13,47,19,0.38810992023229657
6483,788.53,3,191,-0.7,0.02,3,23,2,0,1,1,0,13,22,16,0.6103147271703571
6484,788.75,2,233,22.9,0.02,2,47,1,0,1,1,0,4,27,18,0.47121195634096713
6485,788.97,3,254,11.2,0.02,3,34,0,0,1,1,0,5,27,24,0.47521246213560825
6486,789.36,1,341,-8.0,0.02,1,38,1,0,1,1,0,9,41,29,0.44743126809806427
6487,789.49,2,113,7.2,0.02,2,17,1,0,1,1,0,3,14,5,0.4322606657963453
6488,789.73,3,290,8.9,0.02,3,37,2,0,1,1,0,7,32,21,0.43249641232096997
6489,789.93,1,184,-0.6,0.02,1,27,1,0,1,1,0,8,22,12,0.40036436699489064
6490,790.04,1,128,12.7,0.02,1,31,2,0,1,1,0,4,16,15,0.4134522985787442
6491,790.25,1,225,-6.4,0.02,1,26,3,0,1,1,0,8,27,19,0.524412295753728
6492,790.32,3,79,26.3,0.02,3,26,3,0,1,1,0,1,10,8,0.7436503792131056
6493,790.33,0,13,-2.3,0.02,0,5,0,0,1,1,0,1,2,0,0.4915966325640018
6494,790.43,0,95,4.5,0.02,0,22,0,0,1,1,0,2,11,10,0.41425361152827683
6495,790.46,1,40,-1.1,0.02,1,5,1,0,1,1,0,2,5,1,0.761545591123958
6496,790.64,2,248,-3.4,0.02,2,26,2,0,1,1,0,8,28,16,0.5025927171606438
6497,790.8,2,131,17.9,0.02,2,30,3,0,1,1,0,3,16,10,0.5612757750306124
6498,790.9,0,98,6.4,0.02,0,24,0,0,1,1,0,2,12,8,0.5496477804218156
6499,791.35,4,400,-3.8,0.02,4,27,3,0,0,0,1,7,47,37,0.43194105230856505
6500,791.37,0,29,3.6,0.02,0,12,0,0,1,1,0,0,4,5,0.45749435627114293
6501,791.61,2,215,1.0,0.02,2,25,3,0,0,1,0,6,23,15,0.47259496369580795
6502,791.73,2,147,6.2,0.02,2,22,1,0,1,1,0,5,15,11,0.5127462487965551
6503,791.84,3,96,17.5,0.02,3,21,3,0,0,1,0,3,10,9,0.714063023288729
6504,791.95,6,92,10.1,0.02,1,24,2,1,1,1,0,4,11,7,0.6448182428775207
6505,792.02,1,85,9.6,0.02,1,21,1,0,0,1,0,2,10,9,0.620718274717985
6506,792.11,1,97,-2.5,0.02,1,12,3,0,1,1,0,4,12,8,0.748081385715811
6507,792.23,0,104,7.6,0.02,0,26,0,0,1,1,0,2,12,10,0.4338657802812524
6508,792.33,1,95,3.6,0.02,1,17,0,0,1,1,0,3,12,9,0.5715993174176633
6509,792.68,4,400,-4.8,0.02,4,29,4,0,0,0,1,11,46,27,0.3942364595453573
6510,793.04,9,400,5.5,0.02,4,45,4,1,0,0,1,16,45,34,0.45366340632510077
6511,793.1,2,65,19.9,0.02,2,22,2,0,0,1,0,0,8,6,0.818463472948322
6512,793.18,1,96,2.7,0.02,1,19,1,0,0,1,0,6,12,7,0.6260593542309383
6513,793.44,2,221,11.5,0.02,2,33,3,0,0,1,0,2,25,24,0.48979113356891646
6514,793.45,0,14,-3.5,0.02,0,4,0,0,1,1,0,1,2,1,0.2620707509842773
6515,793.7,2,224,2.1,0.02,2,32,2,0,1,1,0,11,25,15,0.43459840742027606
6516,793.71,0,29,5.8,0.02,0,14,1,0,1,1,0,0,4,3,0.5849541924392999
6517,793.82,5,140,40.6,0.02,5,38,5,0,0,1,0,2,15,14,0.6753472787895359
6518,794.29,1,400,-27.8,0.02,1,23,1,0,0,0,1,14,53,17,0.45899643028005815
6519,794.43,1,162,23.3,0.02,1,45,1,0,1,1,0,4,21,15,0.42750161163885203
6520,794.57,1,172,10.2,0.02,1,31,1,0,0,1,0,2,22,16,0.4130338521713775
6521,794.61,2,44,14.2,0.02,2,14,2,0,1,1,0,0,6,4,0.6937503860905175
6522,795.08,8,371,-13.5,0.02,3,26,2,1,1,1,0,10,41,24,0.39325349738107485
6523,795.15,1,83,20.9,0.02,1,33,1,0,1,1,0,3,10,8,0.5918850156682299
6524,795.18,0,28,-1.1,0.02,0,8,0,0,1,1,0,1,4,3,0.37766786955105747
6525,795.62,1,400,-25.8,0.02,1,20,2,0,0,0,1,8,43,27,0.40308739794398263
6526,796.03,7,400,-9.5,0.02,2,36,3,1,0,0,1,13,45,24,0.48518065283209516
6527,796.28,2,201,7.2,0.02,2,32,2,0,1,1,0,8,22,17,0.5019136292077613
6528,796.62,2,400,-21.0,0.02,2,30,2,0,0,0,1,19,43,19,0.40808585984555257
6529,796.79,1,204,4.1,0.02,1,30,2,0,1,1,0,4,24,15,0.6087149034215479
6530,796.9,0,115,7.5,0.02,0,27,0,0,1,1,0,2,15,10,0.6042439209702998
6531,796.98,0,95,-2.9,0.02,0,12,0,0,1,1,0,0,9,4,0.36244623312805896
6532,797.04,2,55,8.3,0.02,2,9,2,0,0,1,0,0,7,2,0.8739427210241258
6533,797.15,0,101,4.0,0.02,0,24,2,0,1,1,0,4,11,9,0.5546334351298936
6534,797.37,1,216,-2.9,0.02,1,23,0,0,1,1,0,3,26,13,0.4304008244813015
6535,797.47,1,104,11.7,0.02,1,26,1,0,0,1,0,3,12,9,0.6798498367904411
6536,797.66,7,237,11.2,0.02,2,37,4,1,1,1,0,5,27,21,0.4055936914307389
6537,798.36,5,400,10.4,0.02,5,33,5,0,0,0,1,6,45,15,0.37252927505610695
6538,798.6,1,202,1.6,0.02,1,24,3,0,1,1,0,1,23,12,0.4939803631778592
6539,798.67,0,72,6.2,0.02,0,21,1,0,1,1,0,2,9,6,0.4811284651830186
6540,798.9,0,285,-6.8,0.02,0,34,1,0,1,1,0,5,33,23,0.3759764017907796
6541,799.03,1,111,4.4,0.02,1,21,1,0,0,1,0,5,12,5,0.7122671703652342
6542,799.13,3,102,15.2,0.02,3,17,1,0,1,1,0,1,11,6,0.5837459208825115
6543,799.17,1,51,3.4,0.02,1,10,1,0,1,1,0,1,7,5,0.5585614096748884
6544,799.3,0,123,-2.2,0.02,0,19,2,0,1,1,0,3,15,9,0.41444894013900085
6545,799.35,6,50,12.7,0.02,1,18,1,1,1,1,0,0,7,3,0.524135089529195
6546,799.46,2,103,15.8,0.02,2,23,2,0,0,1,0,1,12,9,0.6732935447311984
6547,799.58,1,129,12.8,0.02,1,29,3,0,1,1,0,2,16,13,0.5097637270308197
6548,799.83,2,238,14.4,0.02,2,41,2,0,1,1,0,6,27,18,0.4634446034685693
6549,799.99,2,167,7.4,0.02,2,27,2,0,1,1,0,7,20,9,0.4783940940519945
6550,800.1,1,102,20.7,0.02,1,34,1,0,1,1,0,2,13,11,0.6185761096933377
6551,800.2,3,106,17.3,0.02,3,23,2,0,0,1,0,4,13,11,0.6497777156615787
6552,800.2,0,7,-3.7,0.02,0,2,0,0,1,1,0,0,1,0,0.23649586178839258
6553,800.53,6,360,-26.0,0.02,1,26,1,1,1,1,0,14,42,20,0.4247337139775397
6554,800.8,3,358,6.8,0.02,3,50,4,0,0,0,1,19,40,33,0.5484734250827739
6555,800.9,1,92,5.2,0.02,1,18,1,0,1,1,0,3,12,6,0.6146821714420454
6556,800.93,0,31,6.4,0.02,0,15,1,0,1,1,0,0,4,5,0.7164479894168908
6557,800.98,1,44,3.2,0.02,1,10,2,0,1,1,0,2,6,4,0.8018728200216549
6558,801.14,2,152,8.7,0.02,2,22,2,0,1,1,0,2,18,11,0.45725537179521875
6559,801.29,3,146,11.7,0.02,3,24,3,0,1,1,0,6,16,17,0.5430282712387502
6560,801.75,2,349,-12.0,0.02,2,31,3,0,1,1,0,11,41,21,0.40750426171986326
6561,801.8,0,45,0.2,0.02,0,11,0,0,1,1,0,1,6,3,0.4899938565831812
6562,801.85,1,56,11.9,0.02,1,19,1,0,1,1,0,1,7,5,0.5511795383001006
6563,801.92,1,77,14.4,0.02,1,25,1,0,1,1,0,2,10,9,0.5194053218396703
6564,802.08,6,262,48.0,0.02,6,50,7,0,0,0,1,3,31,27,0.5608257992994947
6565,802.12,0,39,1.6,0.02,0,12,0,0,1,1,0,1,5,5,0.41395252936601934
6566,802.14,1,27,2.9,0.02,1,8,1,0,1,1,0,2,3,4,0.4535543824739557
6567,802.22,1,106,8.3,0.02,1,24,0,0,1,1,0,4,13,11,0.5208006957348816
6568,802.62,4,400,11.8,0.02,4,42,5,0,0,0,1,7,48,31,0.4374241624063625
6569,802.64,0,22,-0.7,0.02,0,7,0,0,1,1,0,0,3,5,0.5567309036657139
6570,802.99,2,214,15.9,0.02,2,34,2,0,0,1,0,0,27,17,0.42590199308839616
6571,803.25,9,248,25.4,0.02,4,41,5,1,1,1,0,4,29,18,0.5401216728202393
6572,803.52,5,236,17.7,0.02,5,27,3,0,0,0,1,9,25,16,0.4717778079414292
6573,803.62,1,91,8.0,0.02,1,26,1,0,1,1,0,8,11,9,0.7105449194315078
6574,803.64,0,28,-0.9,0.02,0,8,1,0,1,1,0,1,4,1,0.46104394066107324
6575,803.65,0,15,-1.6,0.02,0,5,0,0,1,1,0,0,2,1,0.30714203754870056
6576,803.67,0,32,0.6,0.02,0,10,0,0,0,1,0,1,4,2,0.7561220926404403
6577,804.02,7,378,-13.5,0.02,2,34,5,1,1,1,0,12,47,27,0.4620088560423183
6578,804.23,1,358,-8.4,0.02,1,36,1,0,1,1,0,7,43,16,0.34122388559808425
6579,804.51,3,293,18.3,0.02,3,48,3,0,0,1,0,8,33,24,0.47709696960223574
6580,804.66,3,138,19.0,0.02,3,28,3,0,1,1,0,4,12,12,0.5728591079529938
6581,804.67,1,16,3.3,0.02,1,5,3,0,1,1,0,0,2,1,0.5489872272611125
6582,804.91,4,230,11.6,0.02,4,29,3,0,1,1,0,8,26,14,0.6235109186036707
6583,805.17,2,201,5.6,0.02,2,27,3,0,1,1,0,5,25,13,0.5019556632285076
6584,805.47,4,297,0.3,0.02,4,33,3,0,1,1,0,16,37,20,0.6115635445596415
6585,805.7,1,214,-3.9,0.02,1,28,2,0,0,1,0,9,25,15,0.5487750960927847
6586,805.78,5,82,25.1,0.02,5,15,5,0,1,1,0,1,9,7,0.7975001009904951
6587,805.79,0,14,-2.6,0.02,0,4,0,0,1,1,0,0,2,2,0.31831873651837334
6588,805.9,0,128,3.8,0.02,0,26,0,0,0,1,0,3,15,14,0.4726809220726394
6589,805.98,1,76,12.0,0.02,1,20,0,0,1,1,0,0,9,4,0.758564370145046
6590,806.11,2,353,-2.5,0.02,2,30,1,0,1,1,0,1,47,12,0.5567109934329451
6591,806.29,1,218,-12.1,0.02,1,17,1,0,1,1,0,6,26,13,0.3896614636979173
6592,806.36,1,76,11.6,0.02,1,22,0,0,1,1,0,2,10,8,0.5311927609332793
6593,806.38,0,27,-1.0,0.02,0,7,0,0,1,1,0,0,4,3,0.4770225252586319
6594,806.47,1,86,8.8,0.02,1,18,1,0,1,1,0,0,11,6,0.4860605903468303
6595,806.86,3,314,-6.3,0.02,3,26,4,0,1,1,0,8,31,29,0.424168535686147
6596,806.97,4,116,24.5,0.02,4,22,2,0,1,1,0,0,13,9,0.5240614011321343
6597,807.41,8,357,-7.1,0.02,3,37,3,1,1,1,0,16,39,24,0.40257088171832267
6598,807.69,2,232,13.0,0.02,2,39,2,0,0,1,0,5,25,28,0.47810358253453783
6599,808.09,8,343,4.7,0.02,3,42,5,1,1,1,0,9,39,40,0.44707227699239843
6600,808.18,3,90,13.5,0.02,3,14,2,0,1,1,0,1,9,5,0.6232580235671602
6601,808.63,1,400,-39.2,0.02,1,18,1,0,0,0,1,20,50,21,0.4325909680596851
6602,808.85,11,233,38.3,0.02,6,46,5,1,1,1,0,7,26,24,0.6302019787796103
6603,809.02,4,183,26.1,0.02,4,34,3,0,1,1,0,3,20,16,0.48127883815835776
6604,809.21,4,159,26.7,0.02,4,32,4,0,1,1,0,3,18,14,0.71461907396463
6605,809.41,7,177,3.2,0.02,2,21,2,1,1,1,0,4,19,11,0.5250874222728718
6606,809.48,1,72,6.3,0.02,1,18,1,0,1,1,0,4,10,5,0.5234712957756941
6607,809.67,5,227,26.8,0.02,5,36,3,0,0,1,0,5,25,15,0.44686844909197404
6608,809.69,0,21,1.7,0.02,0,9,0,0,1,1,0,0,3,2,0.5891918455984314
6609,809.97,3,332,-3.2,0.02,3,30,2,0,1,1,0,8,40,20,0.43537389489837713
6610,810.32,8,327,6.0,0.02,3,35,3,1,1,1,0,4,38,23,0.3596072608230391
6611,810.67,2,400,-24.2,0.02,2,43,2,0,0,0,1,34,50,31,0.6282468850035744
6612,810.9,2,202,11.8,0.02,2,35,2,0,1,1,0,6,22,20,0.4838866124248735
6613,810.98,2,90,8.5,0.02,2,15,1,0,1,1,0,2,11,5,0.4750646718387164
6614,811.02,2,49,5.6,0.02,2,11,0,0,0,1,0,5,6,5,0.9676793571717245
6615,811.13,2,135,18.1,0.02,2,32,2,0,1,1,0,4,15,14,0.655811602557103
6616,811.54,0,332,-14.6,0.02,0,31,1,0,1,1,0,5,38,24,0.3548301323950637
6617,811.63,2,91,10.5,0.02,2,18,2,0,1,1,0,3,12,4,0.5375773328795115
6618,812.0,3,399,-11.2,0.02,3,35,1,0,1,1,0,14,47,23,0.408654284863632
6619,812.06,0,58,6.5,0.02,0,19,0,0,1,1,0,1,8,7,0.706881850670719
6620,812.31,2,241,15.8,0.02,2,41,2,0,1,1,0,4,28,21,0.5176983477044259
6621,812.55,1,223,-15.7,0.02,1,14,2,0,0,1,0,6,29,14,0.5118077296992288
6622,812.63,5,114,42.2,0.02,5,38,4,0,1,1,0,3,12,14,0.7366965692704269
6623,812.68,0,45,0.3,0.02,0,11,0,0,1,1,0,1,6,2,0.4325443190938673
6624,812.75,1,80,5.6,0.02,1,16,1,0,1,1,0,2,9,4,0.38430642697579953
6625,812.81,3,71,22.1,0.02,3,21,2,0,1,1,0,1,9,8,0.6802550358671802
6626,813.11,2,400,-12.6,0.02,2,26,2,0,0,0,1,6,49,25,0.3803805135507543
6627,813.35,2,187,16.9,0.02,2,36,3,0,1,1,0,4,23,14,0.4960613747041834
6628,813.4,1,76,16.9,0.02,1,26,2,0,1,1,0,1,10,5,0.5649029419355782
6629,813.59,2,226,10.4,0.02,2,36,2,0,1,1,0,6,27,20,0.4721241647947548
6630,813.83,0,223,1.6,0.02,0,37,0,0,1,1,0,6,25,21,0.4801269765256908
6631,814.13,3,303,3.6,0.02,3,34,3,0,1,1,0,8,30,21,0.41778622870529847
6632,814.53,9,295,8.9,0.02,4,32,4,1,1,1,0,7,34,16,0.452263988697313
6633,814.89,8,331,-12.2,0.02,3,42,3,1,1,1,0,29,39,21,0.5838660216358469
6634,815.01,7,214,8.3,0.02,2,29,0,1,1,1,0,3,26,13,0.46854972791449245
6635,815.26,2,179,15.5,0.02,2,33,1,0,0,1,0,3,23,16,0.5395761136546509
6636,815.3,1,40,5.3,0.02,1,13,1,0,1,1,0,3,5,7,1.1796962901212453
6637,815.35,0,56,3.0,0.02,0,16,0,0,1,1,0,2,8,4,0.5493388638737362
6638,815.44,4,131,29.7,0.02,4,32,4,0,1,1,0,3,14,12,0.6119652543431856
6639,815.58,1,138,11.9,0.02,1,28,1,0,1,1,0,1,18,13,0.5547449523007604
6640,815.67,6,94,4.6,0.02,1,22,3,1,1,1,0,7,12,10,0.6476009883971138
6641,815.9,5,173,26.0,0.02,5,32,6,0,1,1,0,7,19,17,0.6635786618913829
6642,815.95,0,67,5.9,0.02,0,20,0,0,1,1,0,2,9,4,0.6691948643001792
6643,816.26,3,231,10.8,0.02,3,30,2,0,0,1,0,4,24,21,0.4076837396907377
6644,816.7,2,400,-12.8,0.02,2,36,2,0,0,0,1,16,46,27,0.4018458545404467
6645,816.83,0,141,-0.4,0.02,0,26,2,0,1,1,0,6,18,13,0.5124554149205383
6646,816.96,2,152,5.0,0.02,2,19,2,0,0,1,0,3,20,8,0.45912404141051977
6647,817.29,3,220,18.8,0.02,3,36,2,0,1,1,0,3,25,22,0.4325968790738556
6648,817.41,3,149,16.2,0.02,3,33,2,0,1,1,0,10,16,19,0.5799654443966589
6649,817.56,2,121,19.4,0.02,2,31,2,0,0,1,0,3,13,15,0.6437231234544227
6650,817.95,1,400,-12.3,0.02,1,33,0,0,0,0,1,8,34,22,0.36623323374476235
6651,818.46,10,400,-0.3,0.02,5,29,5,1,0,0,1,11,44,32,0.5572571466612773
6652,818.69,1,175,8.9,0.02,1,31,2,0,1,1,0,3,19,16,0.5134723649311064
6653,818.86,6,163,2.2,0.02,1,23,1,1,1,1,0,3,19,15,0.3407565272142389
6654,818.94,1,80,11.3,0.02,1,21,1,0,1,1,0,1,10,7,0.5756192995279145
6655,819.01,4,71,27.2,0.02,4,24,3,0,1,1,0,4,7,7,0.9281101597864179
6656,819.1,0,87,-5.2,0.02,0,16,0,0,1,1,0,7,11,5,0.882347520894
6657,819.59,3,400,-2.9,0.02,3,33,2,0,0,0,1,9,53,18,0.43195065310892305
6658,819.68,3,107,21.5,0.02,3,27,3,0,1,1,0,4,11,8,0.6102974773746397
6659,819.75,1,77,-2.5,0.02,1,6,2,0,1,1,0,0,10,8,0.5038935529349432
6660,819.98,4,311,16.0,0.02,4,43,1,0,1,1,0,9,36,19,0.473670838751713
6661,820.04,0,80,2.1,0.02,0,22,0,0,1,1,0,6,10,9,0.4813723456005004
6662,820.06,1,31,7.7,0.02,1,13,1,0,1,1,0,2,4,2,0.8478434650472769
6663,820.49,1,309,-13.6,0.02,1,25,0,0,0,1,0,5,35,27,0.43722353045898876
6664,821.03,1,400,-28.4,0.02,1,24,1,0,0,0,1,14,49,33,0.4381639279406603
6665,821.19,2,163,22.6,0.02,2,38,2,0,1,1,0,2,19,21,0.5163263518220228
6666,821.29,2,109,2.2,0.02,2,15,1,0,1,1,0,6,10,9,0.6060740386067364
6667,821.48,4,262,18.8,0.02,4,37,4,0,1,1,0,5,28,20,0.4335909359816448
6668,821.73,1,238,6.5,0.02,1,34,1,0,0,1,0,2,25,17,0.39803792229957696
6669,822.16,2,400,-16.8,0.02,2,25,2,0,0,0,1,8,45,37,0.42803637499726843
6670,822.22,1,60,7.3,0.02,1,15,2,0,1,1,0,1,8,7,0.4975456891722722
6671,822.7,6,400,-14.0,0.02,1,33,1,1,0,0,1,9,50,29,0.44953771641493057
6672,823.13,1,400,-51.2,0.02,1,20,2,0,0,0,1,34,48,21,0.6054384049456308
6673,823.22,1,100,5.5,0.02,1,19,0,0,1,1,0,3,12,5,0.47432311790290915
6674,823.42,7,169,12.2,0.02,2,27,2,1,1,1,0,2,20,9,0.45102369667064285
6675,823.65,2,288,4.4,0.02,2,32,2,0,1,1,0,2,36,18,0.42878273942661926
6676,823.9,5,257,27.5,0.02,5,39,5,0,1,1,0,4,27,18,0.5292794821445789
6677,824.05,7,151,21.6,0.02,2,38,2,1,1,1,0,5,17,13,0.5421176428733848
6678,824.4,0,230,6.0,0.02,0,40,1,0,1,1,0,4,26,20,0.3633092994368169
6679,824.65,2,219,-9.5,0.02,2,17,3,0,1,1,0,9,26,6,0.5574472322653506
6680,824.76,8,114,25.6,0.02,3,33,3,1,1,1,0,5,15,10,0.644705059071004
6681,824.88,5,108,36.4,0.02,5,30,4,0,1,1,0,2,12,8,0.5843668766214375
6682,824.97,0,78,-3.3,0.02,0,12,1,0,1,1,0,2,11,5,0.3942551488723354
6683,825.51,1,400,-11.8,0.02,1,30,1,0,0,0,1,4,48,27,0.39464684591359084
6684,825.69,1,153,-6.9,0.02,1,15,0,1,1,1,0,6,18,6,0.592201417951304
6685,825.77,1,88,4.4,0.02,1,19,2,0,1,1,0,5,11,8,0.4898311148074871
6686,825.98,2,260,9.2,0.02,2,38,3,0,1,1,0,6,34,18,0.4290449094384337
6687,826.03,3,58,21.7,0.02,3,20,3,0,1,1,0,2,7,5,0.6754551511668238
6688,826.53,9,400,5.2,0.02,4,38,4,1,0,0,1,9,43,37,0.4879438033020488
6689,826.56,0,41,1.4,0.02,0,11,1,0,1,1,0,0,6,5,0.5138435860554795
6690,826.69,3,138,19.4,0.02,3,25,2,1,1,1,0,1,17,8,0.5059490632219943
6691,827.0,2,315,-0.8,0.02,2,39,2,0,1,1,0,10,34,33,0.5764195864202832
6692,827.21,2,217,4.4,0.02,2,29,2,0,1,1,0,6,24,19,0.5922292286059636
6693,827.21,0,6,-3.6,0.02,0,3,0,0,1,1,0,1,1,0,0.47933179857002856
6694,827.26,2,60,14.3,0.02,2,18,3,0,1,1,0,2,7,7,0.7193221293497222
6695,827.34,3,86,27.5,0.02,3,32,3,0,1,1,0,5,11,9,0.9774533416284974
6696,827.45,3,123,19.8,0.02,3,25,1,0,1,1,0,2,14,9,0.6374335417916479
6697,827.49,0,43,-0.5,0.02,0,11,0,0,1,1,0,2,6,2,0.35022277991343204
6698,827.53,0,54,2.0,0.02,0,14,1,0,1,1,0,1,7,6,0.4862702424852444
6699,827.61,2,93,6.2,0.02,2,14,0,0,1,1,0,3,11,5,0.5137472812378029
6700,827.62,0,13,-1.5,0.02,0,6,0,0,1,1,0,1,2,2,0.53067163979561
6701,827.68,0,64,4.0,0.02,0,19,0,0,1,1,0,3,9,6,0.6788846875995769
6702,827.97,2,400,-1.5,0.02,2,44,2,0,0,0,1,11,46,44,0.43045947404808704
6703,828.07,2,113,19.8,0.02,2,29,2,0,1,1,0,2,14,9,0.5210556480425674
6704,828.24,1,150,8.5,0.02,1,30,1,0,1,1,0,5,18,15,0.44120686646824536
6705,828.61,2,400,-7.5,0.02,2,40,3,0,0,0,1,14,49,34,0.45269384359091996
6706,828.8,2,148,10.9,0.02,2,29,2,0,1,1,0,7,18,13,0.519117082024616
6707,828.96,3,181,11.8,0.02,3,25,4,0,1,1,0,4,19,11,0.5281950435370638
6708,829.29,3,266,10.3,0.02,3,34,2,0,1,1,0,5,30,21,0.4229523670076084
6709,829.46,2,243,12.3,0.02,2,38,1,0,1,1,0,4,28,24,0.4896999198728489
6710,829.55,1,92,10.8,0.02,1,23,1,0,1,1,0,2,11,10,0.6966429265284443
6711,829.62,0,81,9.3,0.02,0,24,0,0,1,1,0,1,10,6,0.44794720735948196
6712,829.8,4,186,17.9,0.02,4,27,2,0,1,1,0,4,23,15,0.4770197381782391
6713,829.94,2,128,12.9,0.02,2,24,4,0,1,1,0,2,15,13,0.4856225932475994
6714,830.0,0,65,2.1,0.02,0,16,0,0,1,1,0,2,9,4,0.7970280696924472
6715,830.1,1,93,12.5,0.02,1,24,1,0,1,1,0,1,12,12,0.4402872576992202
6716,830.4,3,336,-0.7,0.02,3,33,3,0,1,1,0,8,37,21,0.45037510791304536
6717,830.58,4,173,22.6,0.02,4,33,3,0,1,1,0,6,21,21,0.5589587481530156
6718,830.65,0,70,1.6,0.02,0,15,0,0,1,1,0,1,9,4,0.49047563489066764
6719,830.68,2,36,12.8,0.02,2,12,2,0,1,1,0,0,4,6,0.5955435929124124
6720,830.78,5,148,28.9,0.02,5,31,4,0,1,1,0,6,18,13,0.6737622351212995
6721,831.19,7,323,-12.0,0.02,2,29,1,1,1,1,0,12,36,17,0.49512634944068984
6722,831.22,0,36,2.1,0.02,0,13,0,0,1,1,0,2,5,3,0.6865064859852912
6723,831.28,1,78,7.4,0.02,1,18,2,0,1,1,0,2,9,8,0.4571744995491741
6724,831.58,2,224,10.8,0.02,2,34,2,0,0,1,0,4,26,18,0.4430014990338023
6725,831.89,2,298,-5.0,0.02,2,24,1,0,0,1,0,3,18,12,0.35824460751972004
6726,832.0,1,111,5.6,0.02,1,18,1,0,1,1,0,1,15,3,0.5058159321879722
6727,832.09,2,99,13.0,0.02,2,21,3,0,1,1,0,2,12,11,0.5133558120668256
6728,832.14,1,54,7.8,0.02,1,15,1,0,0,1,0,1,6,8,0.7823923189286229
6729,832.19,3,56,18.8,0.02,3,17,2,0,1,1,0,2,7,6,0.7282597241805997
6730,832.37,2,227,15.0,0.02,2,41,2,0,0,1,0,6,26,23,0.4272124548307542
6731,832.53,4,225,21.6,0.02,4,37,3,0,1,1,0,6,26,19,0.4859129789673464
6732,832.6,0,85,-0.1,0.02,0,14,0,0,1,1,0,0,11,6,0.42038450751380046
6733,832.6,0,7,-2.7,0.02,0,3,2,0,1,1,0,0,1,0,0.3455659835691603
6734,832.75,0,130,-6.8,0.02,0,19,0,0,1,1,0,7,17,8,0.4625985778670321
6735,832.8,1,52,12.2,0.02,1,18,1,0,1,1,0,0,7,6,0.7777895013997431
6736,832.9,1,99,9.1,0.02,1,22,1,0,1,1,0,2,11,10,0.663825959146689
6737,832.91,0,21,-1.2,0.02,0,7,0,0,1,1,0,1,3,1,0.40884366125803784
6738,832.96,2,58,24.4,0.02,2,27,2,0,1,1,0,1,7,8,0.7298491631982948
6739,833.0,0,49,6.7,0.02,0,17,0,0,1,1,0,0,7,4,0.5576345542505887
6740,833.25,4,286,12.1,0.02,4,36,3,0,1,1,0,8,33,23,0.47203659798469444
6741,833.59,2,276,-9.2,0.02,2,21,3,0,1,1,0,5,33,26,0.3771935557104879
6742,833.75,2,128,12.1,0.02,2,22,1,0,1,1,0,1,16,11,0.5126921058673181
6743,833.79,0,44,2.1,0.02,0,13,0,0,1,1,0,1,6,5,0.40522743431257274
6744,833.87,1,100,5.9,0.02,1,17,1,0,1,1,0,0,12,11,0.5845922988441169
6745,833.94,2,64,12.1,0.02,2,14,2,0,1,1,0,0,8,5,0.6648466913167947
6746,834.05,1,125,9.5,0.02,1,28,1,0,1,1,0,4,15,20,0.5220823232461618
6747,834.39,2,266,-1.3,0.02,2,35,5,0,1,1,0,13,32,17,0.5246031394013517
6748,834.78,0,400,-16.2,0.02,0,33,0,0,0,0,1,5,48,41,0.4001047877136399
6749,834.82,0,45,1.9,0.02,0,15,1,0,1,1,0,3,6,6,0.47749908475416153
6750,835.17,7,254,4.2,0.02,2,31,1,1,1,1,0,4,28,24,0.4940326765426645
6751,835.35,5,234,17.6,0.02,5,31,3,0,1,1,0,8,29,20,0.467630703581509
6752,835.77,7,367,4.8,0.02,2,44,2,1,1,1,0,5,43,25,0.5218153791272058
6753,836.17,1,283,-13.3,0.02,1,30,1,0,1,1,0,13,32,20,0.41157333765664744
6754,836.36,4,295,21.1,0.02,4,41,4,0,0,1,0,3,34,24,0.433244462820529
6755,836.42,0,74,5.1,0.02,0,19,0,0,0,1,0,1,11,5,0.6855606922933402
6756,836.51,1,88,10.8,0.02,1,24,2,0,0,1,0,4,12,4,0.7485595038094357
6757,836.71,2,176,18.8,0.02,2,38,2,0,1,1,0,5,21,16,0.4740736874504821
6758,837.18,1,400,-23.5,0.02,1,21,0,0,0,0,1,7,39,24,0.40769208643773486
6759,837.28,2,129,9.0,0.02,2,24,2,0,1,1,0,6,16,11,0.5999621654084173
6760,837.36,1,78,2.5,0.02,1,14,1,0,1,1,0,3,10,7,0.5835067548939339
6761,837.69,3,360,0.6,0.02,3,42,3,0,1,1,0,12,45,34,0.5161927358118513
6762,837.76,3,74,26.9,0.02,3,25,2,1,1,1,0,0,9,7,0.778066070053277
6763,838.1,2,295,10.4,0.02,2,42,2,0,1,1,0,5,35,21,0.43958892912477826
6764,838.29,0,400,-19.1,0.02,0,25,0,0,0,0,1,3,19,10,0.3085846610877121
6765,838.41,1,111,0.3,0.02,1,15,2,0,1,1,0,3,13,6,0.6216336680985637
6766,838.49,1,79,2.7,0.02,1,12,1,0,1,1,0,1,10,4,0.5825759028404847
6767,838.56,2,76,10.5,0.02,2,14,1,0,1,1,0,0,9,9,0.6197217350229232
6768,838.69,3,109,15.3,0.02,3,22,3,0,1,1,0,5,13,8,0.6118514421544491
6769,838.88,4,167,13.9,0.02,4,28,3,0,1,1,0,11,20,14,0.5967177677039508
6770,839.23,2,392,-16.4,0.02,2,31,2,0,1,1,0,11,45,22,0.4612550982480615
6771,839.6,5,328,9.4,0.02,5,39,3,0,1,1,0,14,34,28,0.5005628752561263
6772,839.69,1,109,12.2,0.02,1,25,0,0,1,1,0,1,14,9,0.6073127092416227
6773,839.74,1,40,6.6,0.02,1,12,1,0,1,1,0,1,5,4,0.5228405184915628
6774,839.78,1,50,7.6,0.02,1,14,1,0,1,1,0,1,7,4,0.7238877935867571
6775,839.85,0,66,4.9,0.02,0,18,0,0,1,1,0,1,9,5,0.43899813794915266
6776,839.96,1,107,5.2,0.02,1,20,0,0,1,1,0,3,13,11,0.6029717471120501
6777,840.26,3,400,9.3,0.02,3,46,4,0,0,0,1,9,44,26,0.45585932961221176
6778,840.5,8,248,20.1,0.02,3,40,3,1,1,1,0,3,30,21,0.45399446689098966
6779,840.69,3,298,2.4,0.02,3,35,1,0,1,1,0,11,33,18,0.45675962070998716
6780,840.81,2,283,40.7,0.02,4,53,3,0,0,0,1,2,33,19,0.4160025735249886
6781,840.88,3,67,15.7,0.02,3,17,3,0,0,1,0,4,8,6,1.0017337728151634
6782,840.99,1,127,0.0,0.02,1,22,1,0,1,1,0,8,14,13,0.46427883359685795
6783,841.02,1,31,3.5,0.02,1,8,1,0,1,1,0,1,4,4,0.568020276291558
6784,841.16,0,142,6.5,0.02,0,30,0,0,1,1,0,3,15,13,0.4410099720731075
6785,841.28,1,110,6.6,0.02,1,24,2,0,1,1,0,5,14,14,0.5776677723036927
6786,841.65,2,300,-6.0,0.02,2,29,1,0,1,1,0,8,28,20,0.3945225181954344
6787,841.93,4,306,7.0,0.02,4,34,3,0,1,1,0,8,34,34,0.4841160894222711
6788,842.07,2,191,5.8,0.02,2,30,3,0,1,1,0,9,25,11,0.48839919865476267
6789,842.19,3,121,19.8,0.02,3,29,5,0,1,1,0,6,13,11,0.7169829218349894
6790,842.31,1,124,7.8,0.02,1,26,1,0,0,1,0,5,15,8,0.47825129998892496
6791,842.41,3,106,17.3,0.02,3,20,3,0,0,1,0,1,10,11,0.776320415753149
6792,842.67,2,358,-21.0,0.02,2,22,2,0,1,1,0,10,41,22,0.44403923738993994
6793,842.8,2,154,4.8,0.02,2,19,1,0,1,1,0,3,19,8,0.41474426673617093
6794,843.03,2,164,16.9,0.02,2,34,3,0,1,1,0,4,19,17,0.5865973728745248
6795,843.05,1,24,4.4,0.02,1,8,1,0,1,1,0,1,3,2,0.6009390474295809
6796,843.23,3,232,5.3,0.02,3,32,3,0,1,1,0,12,27,15,0.49575812869240254
6797,843.46,3,308,6.6,0.02,3,33,3,0,1,1,0,4,35,16,0.42468137655023913
6798,843.65,2,249,8.2,0.02,2,33,2,0,1,1,0,3,29,19,0.43766368454327526
6799,843.71,0,56,2.1,0.02,0,14,0,0,1,1,0,1,8,3,0.6172529898702089
6800,844.14,3,400,12.5,0.02,3,49,3,0,0,0,1,9,47,24,0.44153682545255746
6801,844.31,1,143,5.3,0.02,1,29,1,0,1,1,0,8,17,14,0.5198571041784333
6802,844.38,2,72,16.0,0.02,2,20,2,0,0,1,0,1,8,8,0.8168995325141188
6803,844.57,3,152,15.3,0.02,3,26,2,0,1,1,0,4,18,15,0.45052444354415633
6804,844.64,1,81,11.9,0.02,1,23,1,0,1,1,0,2,11,10,0.5564223914909953
6805,845.19,10,390,-24.5,0.02,0,34,0,2,0,1,0,12,44,25,0.3603071506740803
6806,845.25,0,52,6.2,0.02,0,18,0,0,1,1,0,1,7,6,0.48971140461602886
6807,845.58,0,284,-15.0,0.02,0,27,0,0,0,1,0,7,34,16,0.38192956321336613
6808,845.86,1,253,-6.0,0.02,1,23,2,0,1,1,0,2,18,17,0.34121054059830624
6809,846.2,3,282,6.0,0.02,3,33,3,0,1,1,0,7,29,18,0.47659949383823397
6810,846.3,0,95,-17.7,0.02,0,11,1,0,1,1,0,14,13,2,0.5355400321077799
6811,846.34,1,48,9.6,0.02,1,17,1,0,1,1,0,2,6,6,0.6235112495433439
6812,846.43,1,323,-39.6,0.02,1,31,1,0,1,1,0,37,43,13,0.5318441429538773
6813,846.76,3,316,15.9,0.02,3,49,3,0,1,1,0,9,36,25,0.4542595210124276
6814,847.47,5,400,11.7,0.02,5,29,4,0,0,0,1,1,45,12,0.4900019427377583
6815,847.87,2,368,-16.6,0.02,2,31,0,0,1,1,0,13,41,28,0.3933910222232142
6816,847.97,1,97,6.3,0.02,1,24,1,0,1,1,0,7,12,10,0.5355719687016607
6817,847.98,1,16,2.3,0.02,1,4,1,0,1,1,0,0,2,1,0.791138767348271
6818,848.03,1,61,8.3,0.02,1,16,3,0,1,1,0,1,8,6,0.4030866405345914
6819,848.06,0,28,2.7,0.02,0,11,0,0,1,1,0,0,4,5,0.40231828891554483
6820,848.13,1,76,5.1,0.02,1,16,1,0,1,1,0,3,10,3,0.5808056367771188
6821,848.28,0,132,-0.5,0.02,0,21,0,0,1,1,0,2,17,13,0.5624261127162694
6822,848.31,0,42,7.3,0.02,0,18,0,0,1,1,0,1,6,5,0.5852367577267004
6823,848.35,0,40,2.3,0.02,0,12,0,0,1,1,0,0,5,7,0.42237738481657827
6824,848.43,1,98,11.0,0.02,1,22,0,0,1,1,0,0,12,12,0.4325652304356178
6825,848.8,3,367,-12.3,0.02,3,26,3,0,0,1,0,10,43,16,0.4003264156158272
6826,848.94,7,129,15.7,0.02,2,30,3,1,1,1,0,5,15,14,0.5094617071977499
6827,849.27,3,400,6.9,0.02,3,47,4,0,0,0,1,12,49,30,0.4862754450736959
6828,849.32,0,66,1.7,0.02,0,18,0,0,1,1,0,4,9,7,0.45723746767222917
6829,849.44,2,115,8.7,0.02,2,20,2,0,1,1,0,4,15,8,0.6150094730552061
6830,849.8,3,400,-35.4,0.02,3,32,1,0,0,0,1,40,48,23,0.6670616375857336
6831,850.21,6,400,-36.3,0.02,1,40,2,1,0,0,1,38,52,32,0.6548058369185639
6832,850.3,2,92,18.8,0.02,2,26,2,0,1,1,0,2,12,10,0.6044843307145781
6833,850.43,4,132,22.8,0.02,4,28,2,0,1,1,0,6,16,10,0.649307700460859
6834,850.56,0,105,-1.8,0.02,0,16,0,0,1,1,0,2,14,3,0.49042540621060476
6835,851.05,8,325,-8.3,0.02,3,28,2,1,1,1,0,11,34,28,0.539367710337422
6836,851.57,2,397,-13.0,0.02,2,29,1,0,1,1,0,4,41,33,0.377834098360005
6837,851.7,2,113,21.7,0.02,2,30,3,0,0,1,0,1,13,10,0.5917403187835955
6838,851.88,6,189,-4.0,0.02,1,28,3,1,1,1,0,12,22,11,0.5607583104610797
6839,852.0,0,116,0.5,0.02,0,22,0,0,1,1,0,4,13,9,0.5079256014908341
6840,852.05,0,64,5.8,0.02,0,19,0,0,1,1,0,1,9,8,0.47759288235492536
6841,852.36,2,287,-0.7,0.02,2,31,1,0,1,1,0,6,35,20,0.38554841927907646
6842,852.47,3,104,14.7,0.02,3,22,4,0,1,1,0,6,13,9,0.5957303107765318
6843,852.98,1,400,-17.3,0.02,1,36,1,0,0,0,1,15,46,32,0.39267572946408513
6844,853.1,3,143,14.7,0.02,3,22,3,0,1,1,0,2,14,10,0.5854102056704846
6845,853.15,1,52,9.4,0.02,1,15,0,0,1,1,0,0,7,4,0.7262875424629734
6846,853.35,8,303,-4.1,0.02,3,31,3,1,0,0,1,17,34,27,0.5105421903800295
6847,853.66,0,274,-10.7,0.02,0,30,1,0,1,1,0,6,34,23,0.42439199274437317
6848,853.79,2,181,15.2,0.02,2,34,3,0,1,1,0,4,24,17,0.42263850991724133
6849,854.24,1,349,-1.9,0.02,1,40,3,0,1,1,0,5,40,20,0.43230960645910294
6850,854.26,1,28,7.8,0.02,1,13,2,0,1,1,0,2,4,4,0.6844616676612565
6851,854.27,0,13,-1.5,0.02,0,6,0,0,1,1,0,1,2,2,0.48994681028716514
6852,854.35,3,78,21.8,0.02,3,23,3,0,1,1,0,3,10,4,0.7293733167842248
6853,854.39,0,43,0.3,0.02,0,13,0,0,1,1,0,3,6,4,0.6153922554721739
6854,854.78,10,287,20.9,0.02,5,38,4,1,1,1,0,6,31,24,0.44257487316488436
6855,854.97,1,173,1.4,0.02,1,26,1,0,1,1,0,6,21,13,0.4478685202564453
6856,855.25,1,361,-5.9,0.02,1,41,1,0,1,1,0,8,40,28,0.44446010368509214
6857,855.41,1,163,8.4,0.02,1,28,1,0,0,1,0,2,18,13,0.43630955140949296
6858,855.74,1,321,-20.9,0.02,1,23,2,0,1,1,0,10,41,18,0.4383624301018985
6859,855.9,3,160,21.3,0.02,3,32,3,0,1,1,0,3,18,17,0.5039761351758474
6860,856.29,7,388,-18.7,0.02,2,25,2,1,1,1,0,8,47,19,0.41769944677318743
6861,856.34,0,55,9.1,0.02,0,21,0,0,1,1,0,1,8,4,0.7005486157711839
6862,856.47,2,152,10.7,0.02,2,24,2,0,1,1,0,2,19,11,0.43885924053704883
6863,856.55,0,102,2.2,0.02,0,24,0,0,1,1,0,6,14,6,0.4721876461950798
6864,856.72,2,129,11.9,0.02,2,25,3,0,1,1,0,4,16,12,0.611629485016331
6865,856.95,3,257,12.2,0.02,3,37,3,0,0,1,0,7,29,21,0.5316619771920333
6866,857.2,1,308,-12.4,0.02,1,29,2,0,1,1,0,9,36,16,0.36780454216225883
6867,857.49,2,400,-13.5,0.02,2,39,2,0,0,0,1,20,46,24,0.4679972016656949
6868,857.5,0,6,-4.7,0.02,0,1,0,0,1,1,0,0,1,1,0.27002986962624725
6869,857.75,5,259,17.2,0.02,5,29,4,0,1,1,0,4,30,19,0.5055625582282617
6870,857.85,1,89,6.3,0.02,1,20,1,0,1,1,0,4,10,8,0.58967817203465
6871,858.04,6,400,-11.4,0.02,1,51,2,1,0,0,1,25,51,23,0.5317513877653128
6872,858.25,3,203,10.2,0.02,3,31,2,0,1,1,0,9,23,15,0.4987616476717596
6873,858.28,0,44,8.9,0.02,0,20,0,0,1,1,0,1,6,7,0.6250013017053567
6874,858.36,1,84,6.2,0.02,1,19,1,0,1,1,0,4,12,4,0.4511328290600335
6875,858.5,2,120,21.7,0.02,2,35,3,0,1,1,0,5,14,13,0.7259996260354652
6876,858.77,2,244,-7.8,0.02,2,24,2,0,1,1,0,10,27,24,0.43596655574193144
6877,858.88,1,107,0.4,0.02,1,15,2,0,1,1,0,3,14,9,0.5469377877574586
6878,858.95,0,74,5.4,0.02,0,24,1,0,1,1,0,5,10,12,0.7907168893509545
6879,859.25,4,251,6.6,0.02,4,24,4,0,1,1,0,6,28,13,0.47696301219799847
6880,859.43,3,192,23.8,0.02,3,40,2,0,1,1,0,5,21,20,0.5886149877529422
6881,859.77,3,293,2.0,0.02,3,34,4,0,1,1,0,10,34,27,0.4071110461167556
6882,860.12,6,313,-7.3,0.02,1,35,1,1,1,1,0,9,35,20,0.4397487592250687
6883,860.16,1,44,4.4,0.02,1,9,1,0,1,1,0,0,6,2,0.5727971915027755
6884,860.22,0,73,4.9,0.02,0,19,1,0,1,1,0,1,10,8,0.560362818662283
6885,860.65,8,362,-2.5,0.02,3,29,3,1,1,1,0,3,42,23,0.4715824322263093
6886,860.71,1,64,6.7,0.02,1,14,1,0,1,1,0,0,9,9,0.6756644273084154
6887,860.81,2,89,12.6,0.02,2,19,2,0,1,1,0,2,10,5,0.5846643306810702
6888,861.05,3,230,15.8,0.02,3,34,3,0,1,1,0,3,27,22,0.46237561813331846
6889,861.48,2,400,-19.8,0.02,2,25,1,0,0,0,1,12,47,27,0.3872529975775396
6890,861.67,4,268,9.9,0.02,4,33,2,0,1,1,0,9,30,23,0.43929067352522105
6891,861.78,3,193,15.0,0.02,3,30,3,0,1,1,0,4,23,17,0.595123913932384
6892,861.87,1,101,6.9,0.02,1,23,1,0,0,1,0,5,13,10,0.6062818720754422
6893,861.88,0,16,-0.7,0.02,0,7,1,0,1,1,0,1,2,1,0.570569332277125
6894,862.2,3,235,17.6,0.02,3,34,3,0,1,1,0,1,27,19,0.39789430001667175
6895,862.52,2,400,-57.9,0.02,2,16,2,0,0,0,1,42,49,18,0.6271321561013934
6896,862.78,2,205,7.5,0.02,2,34,1,0,1,1,0,8,23,30,0.4587230785780191
6897,863.2,1,353,-19.4,0.02,1,31,3,0,1,1,0,12,42,31,0.5246941873941453
6898,863.22,0,22,-2.4,0.02,0,6,0,0,1,1,0,1,3,2,0.37340788031843036
6899,863.22,0,7,-3.7,0.02,0,4,0,0,1,1,0,2,1,0,0.9894678866157057
6900,863.28,3,74,16.1,0.02,3,15,2,0,1,1,0,1,8,5,0.6264260066338357
6901,863.56,6,261,-10.2,0.02,1,25,2,1,1,1,0,7,29,21,0.40191335402741424
6902,863.61,1,62,-0.1,0.02,1,8,0,0,1,1,0,1,7,9,0.45452448918606014
6903,863.65,1,48,8.7,0.02,1,17,1,0,1,1,0,3,6,5,0.6403404283371423
6904,863.73,0,90,-1.4,0.02,0,16,0,0,1,1,0,3,11,4,0.5138146737997321
6905,863.79,1,77,14.2,0.02,1,23,1,0,1,1,0,0,10,11,0.5947942521132087
6906,863.91,3,139,11.9,0.02,3,25,2,0,1,1,0,8,13,12,0.5891618749859642
6907,863.99,0,78,-1.5,0.02,0,13,0,0,1,1,0,1,9,7,0.33357568149959826
6908,864.02,0,36,4.9,0.02,0,16,0,0,1,1,0,2,5,5,0.594822922799787
6909,864.28,2,240,9.7,0.02,2,35,1,0,1,1,0,5,26,13,0.433057317822846
6910,864.48,1,165,18.3,0.02,1,41,2,0,1,1,0,4,19,22,0.4246022159751204
6911,864.57,3,105,10.6,0.02,3,15,3,0,1,1,0,3,13,9,0.5178013092627535
6912,864.89,2,266,10.8,0.02,2,40,2,0,1,1,0,5,30,26,0.5120532042889331
6913,865.0,3,105,21.4,0.02,3,25,3,0,1,1,0,2,12,11,0.6474215765928675
6914,865.14,1,144,11.3,0.02,1,28,2,0,1,1,0,1,18,13,0.5297516457211783
6915,865.14,0,6,-2.9,0.02,0,4,0,0,1,1,0,1,1,3,3.1254787060294977
6916,865.59,5,400,4.1,0.02,5,35,3,0,0,0,1,13,43,28,0.46466801361408977
6917,865.64,2,57,14.8,0.02,2,17,2,0,1,1,0,1,7,5,0.84015034093697
6918,865.88,3,219,6.8,0.02,3,25,3,0,1,1,0,5,27,13,0.4709782500516172
6919,865.92,0,35,3.2,0.02,0,15,1,0,1,1,0,3,5,3,0.6411057984497113
6920,865.92,0,6,-3.6,0.02,0,3,0,0,1,1,0,1,1,0,0.4115943916660392
6921,865.94,0,20,-0.3,0.02,0,7,0,0,1,1,0,0,3,3,0.5597783406826636
6922,866.1,3,131,22.7,0.02,3,29,3,0,1,1,0,2,15,12,0.5288866814808896
6923,866.2,2,93,11.2,0.02,2,18,2,0,1,1,0,2,12,5,0.5540928985228534
6924,866.26,0,56,4.7,0.02,0,17,1,0,1,1,0,1,8,7,0.4069663658004979
6925,866.52,1,252,-13.0,0.02,1,27,1,0,1,1,0,13,27,18,0.480025565829233
6926,866.66,2,216,14.6,0.02,2,38,2,0,1,1,0,5,24,18,0.48905485914646435
6927,866.8,2,104,17.4,0.02,2,31,1,0,0,1,0,7,13,12,0.8234213526039785
6928,866.98,4,160,12.0,0.02,4,17,4,0,1,1,0,3,19,10,0.43953044898324284
6929,867.02,2,42,12.7,0.02,2,12,2,0,1,1,0,0,5,1,0.6617325200332405
6930,867.16,1,158,13.0,0.02,1,35,4,0,0,1,0,5,20,12,0.5213818957825598
6931,867.48,3,297,-0.5,0.02,3,29,4,0,1,1,0,8,31,18,0.4445834671182678
6932,867.72,2,253,-6.8,0.02,2,21,1,0,1,1,0,6,30,15,0.45243289897865574
6933,867.95,4,186,16.5,0.02,4,24,3,0,1,1,0,3,19,9,0.41693657730255074
6934,868.15,2,190,13.6,0.02,2,35,1,0,1,1,0,6,24,14,0.4743290383844667
6935,868.31,4,245,49.4,0.02,6,49,5,0,0,0,1,3,27,20,0.48759202420411896
6936,868.33,2,30,11.8,0.02,2,10,2,0,1,1,0,0,4,2,0.7009544942759836
6937,868.48,1,160,9.3,0.02,1,29,0,0,1,1,0,2,20,17,0.38037273039326486
6938,868.56,4,87,23.2,0.02,4,19,3,0,1,1,0,1,11,11,0.6987759248709983
6939,869.12,5,400,-4.1,0.02,5,23,5,0,0,0,1,9,42,30,0.47996916453285926
6940,869.15,1,26,3.2,0.02,1,9,1,0,1,1,0,3,3,2,0.6554475365477153
6941,869.16,0,21,-2.2,0.02,0,6,0,0,1,1,0,1,3,1,0.31835188263667097
6942,869.26,1,89,5.6,0.02,1,19,1,0,1,1,0,4,10,5,0.5823796378061799
6943,869.37,3,138,25.8,0.02,3,36,2,0,1,1,0,5,16,14,0.48431334026331657
6944,869.47,1,97,8.6,0.02,1,20,1,0,1,1,0,1,10,7,0.4926731738304006
6945,869.79,8,266,18.8,0.02,3,39,2,1,1,1,0,2,30,16,0.3669061421139494
6946,870.07,3,264,17.6,0.02,3,42,5,0,1,1,0,6,32,20,0.42798204722834243
6947,870.34,7,238,-1.5,0.02,2,25,1,1,1,1,0,6,27,17,0.41958756182210866
6948,870.54,1,147,21.5,0.02,1,41,1,0,1,1,0,3,18,18,0.5814642243170042
6949,870.54,0,6,-5.6,0.02,0,1,0,0,1,1,0,1,1,0,0.3571965330178644
6950,870.56,1,23,6.4,0.02,1,10,1,0,1,1,0,1,3,3,0.7002892605515506
6951,870.65,8,183,3.4,0.02,3,17,3,1,1,1,0,4,23,13,0.5025149123405239
6952,870.73,2,81,20.1,0.02,2,25,2,0,1,1,0,1,11,8,0.7159420329018938
6953,870.75,0,27,-1.1,0.02,0,8,1,0,1,1,0,1,4,4,0.4065602858185584
6954,870.86,1,122,6.8,0.02,1,21,1,0,1,1,0,1,15,10,0.4990817661076303
6955,870.9,1,47,9.8,0.02,1,16,2,0,1,1,0,1,6,5,0.5533718211682063
6956,871.03,0,123,-1.5,0.02,0,22,1,0,1,1,0,5,16,12,0.47183633353531773
6957,871.5,1,400,-14.7,0.02,1,34,1,0,0,0,1,11,46,26,0.42078448580294836
6958,871.53,0,35,1.1,0.02,0,12,1,0,1,1,0,2,5,4,0.48068981081537415
6959,871.86,2,290,-9.7,0.02,2,25,2,0,1,1,0,9,36,17,0.4802332856365728
6960,872.28,1,294,-13.5,0.02,1,26,0,0,1,1,0,8,27,21,0.34797264058294675
6961,872.53,3,194,10.4,0.02,3,26,2,0,0,1,0,5,21,12,0.5126846089256673
6962,872.68,2,130,10.9,0.02,2,20,1,0,1,1,0,0,15,11,0.4451669367957129
6963,872.7,0,32,1.3,0.02,0,12,1,0,0,1,0,2,4,5,1.1841262651002074
6964,872.89,2,200,13.2,0.02,2,37,5,0,1,1,0,7,21,18,0.5154651402785333
6965,872.95,2,55,17.8,0.02,2,19,2,0,1,1,0,0,6,7,0.7009278298892879
6966,873.06,0,101,5.4,0.02,0,24,0,0,1,1,0,3,14,5,0.6007634523349825
6967,873.14,1,76,6.0,0.02,1,15,2,0,0,1,0,1,10,4,0.678003455647706
6968,873.68,1,364,-22.1,0.02,1,28,0,0,0,1,0,11,41,27,0.4265062837480085
6969,873.86,5,240,24.1,0.02,5,39,5,0,1,1,0,9,26,19,0.5012225441656672
6970,874.34,3,400,-10.1,0.02,3,36,3,0,0,0,1,18,48,30,0.4978321423846247
6971,874.53,1,168,-9.8,0.02,1,15,0,0,0,1,0,7,19,10,0.4558995655325682
6972,874.71,1,149,0.1,0.02,1,20,1,0,1,1,0,4,19,10,0.5429136212931752
6973,874.96,3,233,13.3,0.02,3,32,2,0,1,1,0,3,26,24,0.49006280782922135
6974,875.41,2,358,-1.5,0.02,2,35,4,0,1,1,0,3,44,27,0.5047082866680925
6975,875.45,1,37,4.9,0.02,1,12,2,0,1,1,0,3,5,4,0.5510497898906556
6976,875.59,1,124,12.5,0.02,1,33,2,0,1,1,0,7,16,11,0.6714353609459974
6977,875.78,1,181,17.5,0.02,1,41,2,0,1,1,0,4,21,14,0.5286458551310754
6978,875.82,2,37,9.1,0.02,2,9,2,0,1,1,0,1,5,2,0.8853903579215122
6979,875.93,2,113,2.1,0.02,2,16,2,0,1,1,0,7,13,6,0.4367582471312708
6980,876.14,3,212,16.7,0.02,3,36,3,0,1,1,0,6,23,21,0.43866637396173946
6981,876.2,0,68,-0.2,0.02,0,13,0,0,1,1,0,1,9,4,0.4229477513387265
6982,876.27,4,91,25.2,0.02,4,24,2,0,0,1,0,4,10,7,1.101336084438033
6983,876.36,4,96,22.5,0.02,4,20,4,0,1,1,0,2,11,9,0.813756102287933
6984,876.43,2,86,13.7,0.02,2,20,2,0,1,1,0,2,10,7,0.5526058184882562
6985,876.5,2,80,13.4,0.02,2,21,5,0,1,1,0,4,10,6,0.7588818073179315
6986,876.87,5,400,-6.4,0.02,5,34,5,0,0,0,1,23,46,23,0.6086393350994127
6987,876.97,1,97,4.7,0.02,1,16,1,0,1,1,0,1,13,6,0.48547049162345934
6988,877.41,12,396,-17.6,0.02,2,31,2,2,1,1,0,11,48,30,0.5123332222606188
6989,877.41,0,7,-3.7,0.02,0,2,0,0,1,1,0,0,1,0,0.2518601432858194
6990,877.66,3,299,16.1,0.02,3,41,4,0,0,1,0,2,31,30,0.4738012111757312
6991,877.82,1,140,0.4,0.02,1,21,1,0,1,1,0,5,18,16,0.5464638493469258
6992,878.19,2,400,-12.4,0.02,2,32,2,0,0,0,1,11,48,33,0.4351436400926829
6993,878.45,1,212,8.8,0.02,1,35,1,0,1,1,0,4,24,10,0.5279516314495001
6994,878.87,1,400,-18.3,0.02,1,28,1,0,0,0,1,9,50,22,0.36368400960808117
6995,878.9,1,30,7.6,0.02,1,12,1,0,1,1,0,1,4,4,0.6044063083981721
6996,879.16,5,185,37.4,0.02,5,40,4,0,1,1,0,2,22,21,0.5316967663484725
6997,879.36,2,197,21.1,0.02,2,40,5,0,1,1,0,2,23,22,0.5109969030056493
6998,879.42,1,64,9.9,0.02,1,19,1,0,1,1,0,2,8,7,0.7775407880467096
6999,879.52,3,100,15.2,0.02,3,20,2,0,0,1,0,4,13,8,0.6064740673188276
7000,879.59,2,65,14.0,0.02,2,18,2,0,1,1,0,2,8,5,0.6285621923209856
7001,879.71,2,115,7.5,0.02,2,18,1,0,1,1,0,3,12,10,0.595507764278659
7002,879.77,1,68,9.6,0.02,1,18,1,0,1,1,0,1,9,6,0.5029169273312784
7003,879.78,0,13,0.6,0.02,0,7,0,0,1,1,0,0,2,1,0.6164937200635207
7004,879.93,1,121,0.3,0.02,1,18,1,0,0,1,0,5,14,6,0.606134830662929
7005,880.22,6,400,-28.3,0.02,1,39,2,1,0,0,1,29,49,32,0.5775046340961164
7006,880.77,3,400,-5.6,0.02,3,27,4,0,0,0,1,6,40,15,0.34341350719543945
7007,880.81,2,51,12.4,0.02,2,15,3,0,1,1,0,2,6,5,0.6352412308641215
7008,881.34,5,400,9.5,0.02,5,35,5,0,0,0,1,8,44,24,0.40847626768089046
7009,881.35,0,14,-3.5,0.02,0,4,0,0,1,1,0,1,2,1,0.31793450302333187
7010,881.43,2,106,15.6,0.02,2,24,2,0,1,1,0,2,12,8,0.5298583094499945
7011,881.56,3,111,21.4,0.02,3,24,3,0,1,1,0,1,13,5,0.5082550299959148
7012,881.69,1,140,8.6,0.02,1,26,1,0,1,1,0,2,17,14,0.5299887510302759
7013,882.32,1,400,-18.3,0.02,1,27,1,0,0,0,1,9,48,12,0.32005930639645147
7014,882.6,8,281,5.2,0.02,3,32,3,1,1,1,0,7,31,17,0.4262943853878389
7015,882.65,0,55,1.3,0.02,0,12,0,0,1,1,0,0,7,2,0.4656262848536329
7016,883.17,1,374,-26.1,0.02,1,27,1,0,0,1,0,13,41,27,0.4443343003479168
7017,883.35,3,191,27.9,0.02,3,40,2,0,1,1,0,1,22,20,0.44980641433883894
7018,883.47,2,203,7.9,0.02,2,25,3,0,1,1,0,1,26,8,0.41586906962200937
7019,883.52,1,47,9.7,0.02,1,16,1,0,1,1,0,1,6,6,0.6032948336760369
7020,883.6,2,82,15.1,0.02,2,21,2,0,1,1,0,2,10,7,0.765301036947705
7021,883.71,0,105,-1.0,0.02,0,16,1,0,1,1,0,1,13,5,0.5514801605983488
7022,883.81,5,118,43.9,0.02,5,40,6,0,1,1,0,3,14,13,0.740912413171886
7023,883.89,1,104,-1.9,0.02,1,12,1,0,1,1,0,3,12,5,0.5829099736181133
7024,883.92,0,45,8.1,0.02,0,18,0,0,1,1,0,0,6,4,0.5857234490262919
7025,883.93,0,14,-2.5,0.02,0,5,0,0,1,1,0,1,2,1,0.29548833506947586
7026,884.12,0,207,-2.5,0.02,0,29,1,0,1,1,0,4,24,18,0.46003647214235466
7027,884.2,0,88,3.6,0.02,0,20,0,0,1,1,0,2,12,6,0.6521585027341926
7028,884.53,8,292,-1.4,0.02,3,31,3,1,1,1,0,11,33,22,0.43117866540445365
7029,884.77,10,259,26.9,0.02,5,40,4,1,1,1,0,5,30,22,0.4724666597969348
7030,885.05,7,264,11.5,0.02,2,41,2,1,1,1,0,6,31,21,0.5200625549520167
7031,885.43,4,351,12.3,0.02,4,39,3,0,1,1,0,4,41,26,0.3740797577692578
7032,885.5,1,81,6.4,0.02,1,19,1,0,1,1,0,4,10,5,0.45589716422502485
7033,885.99,2,400,-1.9,0.02,2,37,1,0,0,0,1,6,47,28,0.4023114749214808
7034,886.04,2,59,16.3,0.02,2,19,2,0,1,1,0,1,7,8,0.7215882829081833
7035,886.43,4,346,8.9,0.02,4,42,2,0,1,1,0,11,40,25,0.4755311875980998
7036,886.45,0,21,-1.2,0.02,0,7,0,0,1,1,0,1,3,1,0.6796494205555754
7037,886.55,4,116,21.5,0.02,4,21,3,0,1,1,0,2,13,9,0.5070791015500763
7038,886.6,2,59,14.4,0.02,2,20,2,0,1,1,0,4,7,7,0.7657851104386814
7039,886.74,1,132,5.3,0.02,1,26,2,0,1,1,0,6,13,15,0.5991550614237497
7040,886.93,2,197,12.6,0.02,2,33,3,0,1,1,0,4,23,17,0.3857064869489465
7041,887.43,2,400,-22.1,0.02,2,28,2,0,0,0,1,17,47,30,0.44966139596433263
7042,887.62,1,151,2.7,0.02,1,27,4,0,0,1,0,8,19,12,0.5820876768379202
7043,887.73,2,140,24.4,0.02,2,38,3,0,1,1,0,3,16,16,0.56081713186972
7044,888.1,2,400,-5.9,0.02,2,36,2,0,0,0,1,9,48,28,0.3847854268265064
7045,888.56,2,400,-8.5,0.02,2,27,2,0,0,0,1,4,45,14,0.3224535810982548
7046,888.78,3,210,13.6,0.02,3,32,2,0,1,1,0,5,24,24,0.5377610896124377
7047,888.85,2,72,14.9,0.02,2,20,1,0,0,1,0,2,9,9,0.8078145767993127
7048,888.9,0,52,1.4,0.02,0,13,0,0,1,1,0,1,7,4,0.378513318899152
7049,889.22,2,273,12.3,0.02,2,42,2,0,1,1,0,5,33,24,0.4696018588363514
7050,889.47,2,225,4.7,0.02,2,29,1,0,1,1,0,5,26,18,0.475896991000389
7051,889.52,0,51,0.6,0.02,0,14,0,0,1,1,0,3,7,3,0.7076759878818717
7052,889.8,6,275,20.6,0.02,6,31,4,0,1,1,0,6,33,19,0.47560275141223696
7053,890.02,2,194,7.9,0.02,2,31,1,0,1,1,0,7,21,17,0.44100802470991085
7054,890.13,2,150,14.1,0.02,2,27,1,0,1,1,0,2,18,9,0.4034015703083091
7055,890.13,0,7,-2.7,0.02,0,3,0,0,1,1,0,0,1,0,0.35745054457881054
7056,890.39,10,202,22.4,0.02,5,30,2,1,1,1,0,6,20,14,0.47267274486560024
7057,890.47,3,90,19.6,0.02,3,21,2,0,1,1,0,2,12,4,0.6621645752170078
7058,890.56,2,91,9.5,0.02,2,15,2,0,1,1,0,1,12,4,0.6321318500551035
7059,890.62,1,53,6.3,0.02,1,14,1,0,1,1,0,2,6,4,0.6428326563428488
7060,890.76,3,122,12.8,0.02,3,19,3,0,0,1,0,3,15,10,0.5928557608410399
7061,891.09,2,249,-1.4,0.02,2,29,1,0,1,1,0,9,27,15,0.47933592775479567
7062,891.2,1,142,7.2,0.02,1,25,1,0,1,1,0,2,18,16,0.5442435101782883
7063,891.25,0,49,-5.2,0.02,0,10,0,0,1,1,0,5,7,3,0.3891748707312661
7064,891.33,0,100,0.8,0.02,0,19,0,0,1,1,0,2,14,12,0.4432741260380015
7065,891.7,2,288,-11.3,0.02,2,26,2,0,1,1,0,11,32,25,0.5326390625730077
7066,891.73,2,45,11.1,0.02,2,13,3,0,1,1,0,2,6,4,0.7877672511576257
7067,891.83,4,146,30.8,0.02,4,33,3,0,1,1,0,1,17,16,0.5387321214463469
7068,892.0,2,154,14.8,0.02,2,28,1,0,1,1,0,1,17,18,0.3513631962066236
7069,892.34,3,240,16.7,0.02,3,36,1,0,1,1,0,3,28,23,0.42929562845969793
7070,892.56,3,216,14.1,0.02,3,31,3,0,1,1,0,4,25,13,0.5179911571506906
7071,892.63,1,85,1.9,0.02,1,13,1,0,1,1,0,2,11,6,0.5018946300270405
7072,892.7,2,69,15.2,0.02,2,20,1,0,1,1,0,2,8,9,0.7614839959239493
7073,892.83,0,120,7.0,0.02,0,28,2,0,1,1,0,3,13,10,0.6180790540486603
7074,892.93,2,108,12.2,0.02,2,21,2,0,1,1,0,2,14,10,0.5899419577245818
7075,893.06,10,151,35.8,0.02,5,36,4,1,1,1,0,3,16,21,0.7041333291397571
7076,893.07,0,13,-4.3,0.02,0,3,0,0,1,1,0,1,2,0,0.8704735704880383
7077,893.17,2,126,14.2,0.02,2,30,2,0,0,1,0,7,15,12,0.5991489176347143
7078,893.35,2,239,9.0,0.02,2,40,0,0,1,1,0,10,26,21,0.5338347183024819
7079,893.62,4,338,19.5,0.02,4,45,3,0,1,1,0,4,39,27,0.46653916129994366
7080,893.76,4,139,24.0,0.02,4,28,4,0,0,1,0,4,15,11,0.5777913336579517
7081,893.86,7,150,19.8,0.02,2,33,3,1,1,1,0,2,17,12,0.4402991185198085
7082,893.96,2,103,10.6,0.02,2,20,4,0,0,1,0,3,11,11,0.6365307865393042
7083,894.09,0,119,0.0,0.02,0,21,1,0,1,1,0,3,15,11,0.45161579062767254
7084,894.2,2,118,7.1,0.02,2,20,2,0,1,1,0,5,14,11,0.5334609057727184
7085,894.36,2,400,-13.5,0.02,2,26,3,0,0,0,1,8,49,14,0.3761618245061419
7086,894.46,0,96,4.7,0.02,0,22,0,0,1,1,0,2,12,7,0.5225120934673626
7087,894.64,1,191,7.3,0.02,1,38,2,0,1,1,0,10,23,16,0.5816981480270959
7088,894.98,1,328,-10.4,0.02,1,33,3,0,1,1,0,8,36,26,0.422746919181925
7089,895.11,1,100,14.5,0.02,1,26,1,0,1,1,0,1,12,5,0.5285761165780943
7090,895.78,0,400,-33.2,0.02,0,19,0,0,0,0,1,10,47,21,0.33873203118152634
7091,896.17,8,350,-0.3,0.02,3,33,3,1,1,1,0,6,37,23,0.4233140108690502
7092,896.35,9,287,19.3,0.02,4,41,2,1,1,1,0,6,32,20,0.5041162119233306
7093,896.52,4,191,19.2,0.02,4,32,4,0,1,1,0,7,23,17,0.6150452473436437
7094,896.59,2,67,3.0,0.02,2,10,2,0,1,1,0,5,9,3,0.5193631848759331
7095,896.75,4,142,17.6,0.02,4,24,4,0,1,1,0,6,16,12,0.6153022394416771
7096,896.85,4,129,40.8,0.02,4,42,5,0,1,1,0,2,15,13,0.7009846345106422
7097,897.02,0,133,2.7,0.02,0,27,2,0,1,1,0,5,16,10,0.5848768685076562
7098,897.17,1,138,13.7,0.02,1,31,1,0,1,1,0,2,15,15,0.5118801084268292
7099,897.42,1,343,-9.9,0.02,1,36,2,0,1,1,0,9,40,26,0.39135058482732316
7100,897.44,0,24,-1.7,0.02,0,8,1,0,1,1,0,2,3,3,0.5640184248038559
7101,897.87,3,400,0.5,0.02,3,42,4,0,0,0,1,13,45,34,0.453214116447887
7102,898.35,3,400,-0.6,0.02,3,34,4,0,0,0,1,7,46,25,0.4375281684304696
7103,898.79,3,348,-6.3,0.02,3,29,3,0,1,1,0,8,41,25,0.4568290905087825
7104,899.18,7,370,-21.7,0.02,2,25,2,1,1,1,0,12,35,27,0.4129620320052468
7105,899.36,1,159,2.9,0.02,1,21,1,0,1,1,0,1,22,12,0.5835029848391068
7106,899.66,1,246,-3.9,0.02,1,28,1,0,1,1,0,5,28,23,0.41721520528900063
7107,899.69,1,46,8.8,0.02,1,14,1,0,1,1,0,0,6,6,0.6261413626466867
7108,899.78,0,105,4.7,0.02,0,24,1,0,1,1,0,3,14,8,0.40826184350107997
7109,899.88,1,85,9.0,0.02,1,18,1,0,1,1,0,0,11,5,0.4871415417121412
7110,900.29,2,293,8.9,0.02,2,42,2,0,1,1,0,7,34,18,0.4625336343208093
7111,900.72,3,400,-24.7,0.02,3,34,3,0,0,0,1,31,50,26,0.6052016818801408
7112,900.86,1,159,4.8,0.02,1,30,1,0,1,1,0,8,18,13,0.5415929833748973
7113,901.07,5,247,34.9,0.02,5,44,5,0,1,1,0,2,29,24,0.5904429149761629
7114,901.49,2,326,-11.5,0.02,2,32,2,0,0,1,0,13,37,29,0.48805984752390436
7115,901.63,4,169,30.4,0.02,4,38,3,0,1,1,0,4,20,17,0.6093937992607054
7116,901.85,2,229,1.8,0.02,2,24,2,0,1,1,0,3,27,13,0.4501650690680292
7117,902.12,1,238,13.7,0.02,1,44,1,0,1,1,0,4,30,25,0.44358665103785216
7118,902.53,7,396,-16.1,0.02,2,33,4,1,1,1,0,11,44,35,0.39569234690386546
7119,902.57,0,45,1.0,0.02,0,13,0,0,1,1,0,2,6,5,0.40640593602975594
7120,902.9,11,330,15.8,0.02,6,33,6,1,1,1,0,7,35,22,0.4388306229732941
7121,902.91,0,6,-4.6,0.02,0,2,0,0,1,1,0,1,1,0,0.3641640210998169
7122,903.0,1,95,7.0,0.02,1,23,1,0,1,1,0,6,12,5,0.4399624480592937
7123,903.07,1,70,5.5,0.02,1,17,1,0,1,1,0,4,9,5,0.5485784033451467
7124,903.17,1,88,8.4,0.02,1,21,1,0,1,1,0,3,11,8,0.6777403271977341
7125,903.37,6,400,-24.1,0.02,1,33,2,1,0,0,1,19,50,30,0.5449740295573243
7126,903.44,1,77,14.3,0.02,1,24,1,0,1,1,0,1,10,10,0.6560775836455837
7127,903.61,2,148,10.6,0.02,2,23,2,0,0,1,0,1,17,16,0.4719584119126839
7128,903.74,1,114,5.4,0.02,1,22,2,0,1,1,0,4,14,12,0.6217889620328488
7129,904.14,4,292,8.6,0.02,4,35,3,0,1,1,0,10,36,22,0.518089226592206
7130,904.19,3,55,19.0,0.02,3,16,3,0,1,1,0,1,7,5,0.7289102751682465
7131,904.23,1,44,3.0,0.02,1,10,1,0,1,1,0,2,6,6,0.5381665441454714
7132,904.53,2,243,12.1,0.02,2,43,0,0,1,1,0,9,28,26,0.5656885957243301
7133,904.76,4,288,7.7,0.02,4,29,4,0,1,1,0,5,32,25,0.4652323514641908
7134,904.97,3,197,15.4,0.02,3,36,2,0,0,1,0,9,23,19,0.48291010098507237
7135,905.24,3,199,19.7,0.02,3,36,4,0,1,1,0,5,23,14,0.4354660718796129
7136,905.25,0,14,-4.6,0.02,0,4,0,0,1,1,0,2,2,2,0.35452410310233845
7137,905.38,5,131,39.5,0.02,5,36,6,0,1,1,0,2,15,14,0.5558519306431481
7138,905.45,2,72,13.7,0.02,2,22,1,0,1,1,0,5,8,11,0.8044079849946846
7139,905.61,0,229,5.9,0.02,0,42,1,0,1,1,0,6,27,22,0.399022389867469
7140,905.94,1,400,-4.4,0.02,1,40,1,0,0,0,1,6,44,33,0.3633055583444914
7141,906.13,3,168,24.1,0.02,3,38,3,0,1,1,0,6,21,11,0.5139910056878176
7142,906.19,2,55,14.8,0.02,2,17,2,0,1,1,0,1,7,7,0.5821500467849666
7143,906.46,2,257,0.4,0.02,2,32,2,0,1,1,0,8,30,29,0.4642757224129837
7144,906.68,0,201,-3.5,0.02,0,31,3,0,1,1,0,7,25,24,0.4969859569978727
7145,906.97,4,305,23.0,0.02,4,44,4,0,1,1,0,3,35,25,0.4287746530996005
7146,907.16,10,298,30.7,0.02,5,49,4,1,1,1,0,6,33,25,0.47909571175442534
7147,907.35,1,177,12.0,0.02,1,38,2,0,0,1,0,6,22,23,0.4356417580131309
7148,907.49,9,152,27.0,0.02,4,33,2,1,1,1,0,4,17,18,0.63051545195193
7149,907.52,1,32,9.4,0.02,1,13,1,0,1,1,0,0,4,4,0.6019218916596374
7150,907.7,1,188,-0.8,0.02,1,25,1,0,1,1,0,6,22,10,0.5155883824294495
7151,907.82,1,108,11.8,0.02,1,27,2,0,1,1,0,3,13,14,0.7140114328453495
7152,907.99,6,251,36.5,0.02,6,46,5,0,1,1,0,7,30,24,0.5434140622018696
7153,908.11,2,121,12.8,0.02,2,25,1,0,1,1,0,4,16,11,0.5857782717302432
7154,908.18,2,62,18.3,0.02,2,23,2,0,1,1,0,3,8,5,0.6578192856102211
7155,908.23,1,63,9.1,0.02,1,20,1,0,1,1,0,4,8,6,0.7242870346238203
7156,908.36,2,121,12.8,0.02,2,24,2,0,0,1,0,3,15,11,0.6185826839410442
7157,908.62,3,218,15.9,0.02,3,31,3,0,1,1,0,2,27,13,0.4638506317886574
7158,908.68,2,61,21.1,0.02,2,27,2,0,1,1,0,4,8,8,0.921367832884091
7159,908.73,0,54,1.9,0.02,0,15,1,0,1,1,0,2,7,7,0.6529359039949836
7160,908.93,2,276,1.9,0.02,2,32,0,0,1,1,0,5,32,25,0.4501050287779043
7161,908.94,0,14,-1.5,0.02,0,6,0,0,1,1,0,1,2,1,0.4724333613838482
7162,909.05,1,100,2.5,0.02,1,16,1,0,0,1,0,3,12,5,0.6043472672941547
7163,909.35,2,400,-17.4,0.02,2,37,3,0,0,0,1,20,46,43,0.4923804190299486
7164,909.44,2,115,25.4,0.02,2,34,1,0,1,1,0,1,13,11,0.627523416428506
7165,909.57,2,151,15.5,0.02,2,29,2,0,1,1,0,2,17,14,0.5333610654972278
7166,909.73,2,122,22.5,0.02,2,33,3,0,1,1,0,2,15,13,0.5021230514410834
7167,910.08,3,400,-9.8,0.02,3,37,3,0,0,0,1,19,47,27,0.4958157885229253
7168,910.3,2,210,17.3,0.02,2,40,3,0,1,1,0,5,26,17,0.46977372669767603
7169,910.36,2,68,17.6,0.02,2,21,1,0,0,1,0,1,9,6,0.8040841115395893
7170,910.36,0,6,-4.6,0.02,0,2,0,0,1,1,0,1,1,0,0.1989625355752529
7171,910.64,1,261,-8.7,0.02,1,33,2,0,1,1,0,13,30,26,0.5119913225219872
7172,911.12,3,400,-15.7,0.02,3,25,3,0,0,0,1,13,46,26,0.3868951321053218
7173,911.3,1,226,7.0,0.02,1,34,1,0,1,1,0,2,28,24,0.34693793120638966
7174,911.6,2,268,-10.7,0.02,2,17,2,0,0,1,0,5,33,9,0.5137713254244939
7175,911.61,0,6,-4.6,0.02,0,2,0,0,1,1,0,1,1,0,0.5228703545593166
7176,911.65,1,55,5.8,0.02,1,13,1,0,1,1,0,1,7,7,0.4770349157778434
7177,911.89,3,226,3.9,0.02,3,25,2,0,1,1,0,7,26,15,0.5040601105255759
7178,912.21,8,336,-21.1,0.02,3,33,3,1,1,1,0,28,40,25,0.6503724155496672
7179,912.36,1,153,17.2,0.02,1,40,1,0,0,1,0,6,19,15,0.5405254215753889
7180,912.44,0,82,2.2,0.02,0,17,0,0,1,1,0,1,11,6,0.6073724537408965
7181,912.62,1,139,10.2,0.02,1,28,1,0,1,1,0,3,18,9,0.48301172442690854
7182,912.83,2,159,12.7,0.02,2,27,2,0,0,1,0,2,20,14,0.5374633311172252
7183,913.24,1,400,-27.9,0.02,1,23,1,0,0,0,1,13,49,28,0.4350863936558304
7184,913.31,2,80,7.2,0.02,2,13,2,0,1,1,0,2,10,8,0.6123703524428037
7185,913.49,4,159,32.5,0.02,4,38,4,0,1,1,0,3,18,16,0.5361845287383502
7186,913.51,0,22,0.4,0.02,0,9,0,0,1,1,0,1,3,4,0.4512138614100268
7187,913.59,2,90,12.0,0.02,2,19,2,0,1,1,0,2,11,10,0.6318669087514921
7188,913.63,1,54,17.8,0.02,1,24,1,0,1,1,0,0,7,8,0.6946187826838797
7189,913.93,3,260,3.1,0.02,3,27,3,0,1,1,0,6,31,19,0.4422957244772655
7190,914.11,10,255,27.4,0.02,5,42,5,1,1,1,0,7,29,21,0.44971320857580904
7191,914.35,3,241,17.1,0.02,3,36,3,0,1,1,0,2,29,28,0.444110538542881
7192,914.51,3,168,21.7,0.02,3,39,5,0,1,1,0,9,20,15,0.6123240392628476
7193,914.71,7,169,5.9,0.02,2,22,2,1,1,1,0,3,20,12,0.37441298684055435
7194,914.81,2,95,3.0,0.02,2,12,2,0,1,1,0,4,12,5,0.5853168178294335
7195,914.97,2,143,21.2,0.02,2,35,2,0,1,1,0,3,17,15,0.589629798074942
7196,915.0,0,27,0.0,0.02,0,8,0,0,1,1,0,0,4,3,0.6356268107443115
7197,915.15,4,197,25.6,0.02,4,37,3,0,0,1,0,4,22,27,0.5176865987380647
7198,915.46,15,319,10.1,0.02,5,37,3,2,0,0,1,17,38,29,0.5635080122803379
7199,915.59,0,135,9.0,0.02,0,32,1,0,1,1,0,3,16,15,0.557629229611898
7200,915.77,3,187,8.3,0.02,3,20,1,0,1,1,0,2,23,10,0.4311258342671194
7201,915.85,1,95,12.0,0.02,1,24,1,0,1,1,0,2,12,5,0.4505500257051028
7202,916.15,2,349,-15.9,0.02,2,30,2,0,1,1,0,13,42,30,0.3603890436239022
7203,916.42,2,240,17.2,0.02,2,43,4,0,0,1,0,5,23,18,0.4171696597885905
7204,916.51,1,92,10.1,0.02,1,23,1,0,1,1,0,3,12,7,0.8823477506945471
7205,916.63,0,118,-3.4,0.02,0,16,0,0,1,1,0,2,14,6,0.472056945513633
7206,916.68,1,60,-1.6,0.02,1,6,1,0,1,1,0,1,7,6,0.6297150060696547
7207,916.88,3,204,12.1,0.02,3,30,3,0,1,1,0,6,25,15,0.4424576323933772
7208,917.15,3,281,1.7,0.02,3,27,3,0,1,1,0,5,30,22,0.4017142900783464
7209,917.61,1,349,-11.7,0.02,1,35,1,0,1,1,0,9,40,28,0.42250269296191567
7210,917.73,5,400,19.9,0.02,5,41,3,0,0,0,1,4,39,20,0.38812774906681996
7211,917.77,2,52,13.5,0.02,2,15,2,0,1,1,0,1,7,3,0.6076514195701953
7212,917.86,1,90,11.1,0.02,1,22,2,0,1,1,0,1,12,9,0.42685419651956263
7213,917.98,3,125,29.2,0.02,3,36,4,0,1,1,0,3,15,13,0.9069447524784932
7214,918.16,2,190,5.9,0.02,2,29,3,0,1,1,0,7,22,21,0.44725051692086376
7215,918.29,1,150,4.6,0.02,1,23,4,0,1,1,0,2,19,14,0.477947949639484
7216,918.45,1,195,5.5,0.02,1,30,2,0,1,1,0,3,24,20,0.3980362669758459
7217,918.79,2,311,-14.2,0.02,2,29,2,0,1,1,0,15,39,21,0.41815282660163916
7218,919.09,4,285,10.9,0.02,4,32,4,0,1,1,0,5,34,26,0.4255256452630511
7219,919.26,2,181,-1.8,0.02,2,20,0,0,1,1,0,7,22,17,0.541372181492279
7220,919.45,2,233,26.4,0.02,2,52,1,0,1,1,0,5,27,23,0.40528840004933797
7221,919.65,3,170,25.5,0.02,3,37,3,0,0,1,0,3,18,15,0.4691272098054996
7222,919.65,0,6,-4.6,0.02,0,2,0,0,1,1,0,1,1,0,0.3050474207602159
7223,919.74,1,114,16.3,0.02,1,31,2,0,0,1,0,2,13,13,0.6399898609800871
7224,920.0,3,354,-9.2,0.02,3,36,3,0,1,1,0,17,43,28,0.421613550428792
7225,920.01,1,16,3.1,0.02,1,5,1,0,1,1,0,0,2,3,1.1251678561894816
7226,920.17,3,130,12.0,0.02,3,21,2,0,1,1,0,5,14,10,0.6646938082041892
7227,920.26,2,90,21.2,0.02,2,27,2,0,1,1,0,1,10,8,0.7495590830218417
7228,920.36,2,89,14.2,0.02,2,21,2,0,0,1,0,2,11,9,0.7961101289957323
7229,920.8,0,400,-27.5,0.02,0,30,0,0,0,0,1,15,50,24,0.41740117746878613
7230,920.99,1,240,6.5,0.02,1,36,2,0,0,1,0,4,29,15,0.4597208373389044
7231,921.02,1,25,0.5,0.02,1,4,1,0,1,1,0,1,3,0,0.6324793621688042
7232,921.18,1,270,-18.3,0.02,1,23,2,0,1,1,0,13,32,13,0.3794497096080576
7233,921.68,15,400,11.9,0.02,5,38,5,2,0,0,1,7,48,40,0.4302528023942085
7234,921.88,5,204,-2.0,0.02,0,31,0,1,1,1,0,6,26,16,0.4934399955930296
7235,921.97,7,103,24.6,0.02,2,33,2,1,1,1,0,2,12,11,0.604055855657596
7236,922.16,3,175,16.5,0.02,3,34,4,0,1,1,0,8,20,20,0.557889360190247
7237,922.57,5,400,27.7,0.02,5,56,4,0,0,0,1,11,48,22,0.43561547858166194
7238,923.02,1,279,-14.2,0.02,1,25,2,0,1,1,0,9,33,23,0.46532261962788524
7239,923.04,0,27,2.8,0.02,0,11,1,0,1,1,0,0,4,5,0.48290506047264237
7240,923.18,0,109,-7.7,0.02,0,22,0,0,1,1,0,13,15,8,0.5422057259738347
7241,923.6,2,268,-0.5,0.02,2,25,2,0,0,1,0,2,31,17,0.42007704842420984
7242,923.74,1,119,4.5,0.02,1,22,1,0,1,1,0,4,13,16,0.8174020613256108
7243,923.88,1,148,-1.6,0.02,1,24,1,0,1,1,0,10,18,8,0.5197128094806585
7244,923.97,1,90,10.2,0.02,1,21,1,0,1,1,0,1,12,8,0.4811487120619548
7245,924.4,5,400,5.0,0.02,5,37,4,0,0,0,1,14,48,29,0.48603292755829947
7246,924.68,2,265,-6.6,0.02,2,27,3,0,1,1,0,10,32,21,0.4336496266784664
7247,924.7,1,24,4.3,0.02,1,9,1,0,1,1,0,2,3,3,0.5585835988915044
7248,924.9,2,217,4.4,0.02,2,31,1,0,1,1,0,8,24,19,0.40750762154850506
7249,924.93,1,31,7.5,0.02,1,12,1,0,1,1,0,1,4,4,0.5605523499484016
7250,924.99,1,64,9.8,0.02,1,19,1,0,1,1,0,2,8,8,0.47240064601973636
7251,925.11,1,113,11.9,0.02,1,27,2,0,1,1,0,2,14,18,0.6051627216821907
7252,925.22,0,119,-9.0,0.02,0,14,0,0,1,1,0,5,15,11,0.4054427281444481
7253,925.46,3,302,11.8,0.02,3,42,3,0,1,1,0,8,34,20,0.5048123930125149
7254,925.84,1,379,-15.5,0.02,1,34,2,0,1,1,0,9,38,26,0.39118309176231325
7255,925.97,4,183,32.7,0.02,4,40,3,0,1,1,0,2,21,20,0.572547703485948
7256,926.35,3,400,1.8,0.02,3,39,3,0,0,0,1,9,46,31,0.49655179547615164
7257,926.41,2,67,16.5,0.02,2,21,2,0,1,1,0,2,9,8,0.7284953651876285
7258,926.51,2,92,7.0,0.02,2,20,2,0,0,1,0,8,10,8,0.9299557778851318
7259,926.58,1,92,10.9,0.02,1,24,2,0,1,1,0,3,12,9,0.5139988275538458
7260,926.67,3,88,22.7,0.02,3,23,4,0,1,1,0,1,11,5,0.7672427691927691
7261,926.71,2,51,8.5,0.02,2,12,1,0,1,1,0,3,6,4,0.8226891914190437
7262,926.8,0,87,6.4,0.02,0,25,0,0,1,1,0,4,12,9,0.6285132369243124
7263,926.84,0,52,-0.8,0.02,0,13,0,0,1,1,0,3,7,6,0.42952406016190364
7264,927.17,4,400,-8.1,0.02,4,41,5,0,0,0,1,26,49,30,0.6009165388441988
7265,927.51,4,277,10.2,0.02,4,31,1,0,1,1,0,6,30,21,0.4770860271713281
7266,927.7,7,216,2.4,0.02,2,26,2,1,1,1,0,5,25,20,0.5812381476107362
7267,928.08,3,327,-0.3,0.02,3,33,3,0,1,1,0,8,37,26,0.440014226942474
7268,928.13,0,50,7.6,0.02,0,19,0,0,1,1,0,1,7,4,0.5788437601398201
7269,928.15,0,29,2.8,0.02,0,11,0,0,1,1,0,0,4,3,0.47406432590386294
7270,928.18,0,37,3.7,0.02,0,14,0,0,1,1,0,1,5,6,0.5141034673330616
7271,928.24,1,60,13.2,0.02,1,22,3,0,1,1,0,2,8,8,0.5322453420715915
7272,928.62,3,326,-1.3,0.02,3,32,5,0,1,1,0,8,38,27,0.5483723651055326
7273,928.71,1,91,20.0,0.02,1,35,1,0,1,1,0,5,12,9,0.8150356404192961
7274,929.04,1,272,-9.5,0.02,1,27,1,0,1,1,0,7,30,23,0.392872679472418
7275,929.05,0,13,-2.3,0.02,0,5,0,0,1,1,0,1,2,0,0.5915317168536165
7276,929.47,8,323,10.3,0.02,3,39,2,1,1,1,0,4,37,24,0.41492649763961753
7277,929.52,0,56,-0.7,0.02,0,13,0,0,1,1,0,3,8,1,0.6948277568453357
7278,930.0,6,400,-31.7,0.02,1,13,2,1,0,0,1,7,49,26,0.3318474628325286
7279,930.04,2,39,10.7,0.02,2,12,2,0,1,1,0,2,5,4,0.6058243422035824
7280,930.25,2,191,9.1,0.02,2,29,2,0,1,1,0,4,20,18,0.42780918797187595
7281,930.47,5,305,20.2,0.02,5,44,3,0,1,1,0,11,32,23,0.4622445148909654
7282,930.56,5,104,4.3,0.02,0,25,0,1,1,1,0,4,13,13,0.627027705960267
7283,930.58,0,35,3.1,0.02,0,14,0,0,1,1,0,2,5,4,0.4673598824269423
7284,930.66,2,66,18.9,0.02,2,24,2,0,1,1,0,3,8,5,0.5817261147552705
7285,930.76,0,105,-5.9,0.02,0,12,0,0,1,1,0,2,13,4,0.5005657245395029
7286,931.47,2,400,-5.0,0.02,2,32,2,0,0,0,1,5,46,19,0.3588273186855068
7287,931.95,9,400,0.6,0.02,4,36,4,1,0,0,1,12,43,33,0.4580093954360079
7288,932.27,5,367,1.6,0.02,5,28,3,0,0,1,0,8,44,17,0.44068567008452814
7289,932.31,0,42,8.3,0.02,0,19,0,0,1,1,0,1,6,5,0.6611901561589869
7290,932.36,0,56,1.8,0.02,0,15,0,0,1,1,0,2,8,6,0.476674227566999
7291,932.43,3,72,26.0,0.02,3,26,3,0,1,1,0,2,9,8,0.824176612615083
7292,932.86,9,400,5.8,0.02,4,42,4,1,0,0,1,12,46,41,0.43329776506950957
7293,932.88,1,29,9.8,0.02,1,14,2,0,1,1,0,1,4,3,0.6453038584954915
7294,933.25,1,400,-9.3,0.02,1,41,5,0,0,0,1,12,50,32,0.4449714005585356
7295,933.54,2,361,-10.4,0.02,2,31,3,0,1,1,0,8,42,23,0.3575435952282895
7296,933.9,3,340,0.7,0.02,3,35,2,0,1,1,0,8,39,23,0.421442385987317
7297,934.42,4,362,8.5,0.02,4,41,5,0,1,1,0,8,36,33,0.3980975650026302
7298,934.56,1,187,-2.5,0.02,1,23,1,0,1,1,0,6,21,8,0.45986974927965657
7299,934.62,2,76,14.6,0.02,2,21,1,0,1,1,0,3,9,8,0.5767847886597298
7300,934.68,3,72,19.2,0.02,3,19,3,0,1,1,0,2,8,6,0.7480588497172663
7301,934.89,4,216,21.0,0.02,4,32,4,0,1,1,0,3,23,14,0.5346970735019767
7302,934.9,0,20,1.8,0.02,0,10,0,0,1,1,0,1,3,2,0.5287899288395141
7303,934.91,0,6,-4.6,0.02,0,2,0,0,1,1,0,1,1,0,0.30276976005347916
7304,934.98,4,88,25.6,0.02,4,21,3,0,1,1,0,1,11,6,0.6397856288950057
7305,935.05,0,65,2.0,0.02,0,18,0,0,1,1,0,4,9,5,0.5708329520328869
7306,935.27,3,200,28.9,0.02,3,42,4,0,1,1,0,1,24,21,0.47579270130518253
7307,935.43,3,400,0.6,0.02,3,31,3,0,0,0,1,4,50,13,0.4333207129635703
7308,935.45,0,22,1.5,0.02,0,9,0,0,1,1,0,0,3,3,0.4811966853241825
7309,935.95,3,400,-4.0,0.02,3,30,3,0,0,0,1,6,51,29,0.4504797548448922
7310,936.1,1,172,-12.7,0.02,1,12,2,0,1,1,0,7,18,5,0.561508762239243
7311,936.21,0,120,2.2,0.02,0,22,1,0,1,1,0,2,16,8,0.4712272770539595
7312,936.35,1,129,9.1,0.02,1,24,1,0,1,1,0,1,16,10,0.3718223084472872
7313,936.38,0,35,6.2,0.02,0,16,0,0,1,1,0,1,5,3,0.5832834355802022
7314,936.41,0,41,6.4,0.02,0,18,0,0,1,1,0,2,6,5,0.5318097043943935
7315,936.7,2,199,4.2,0.02,2,26,1,0,0,1,0,5,26,19,0.5090444598804919
7316,936.99,3,269,9.2,0.02,3,35,3,0,1,1,0,7,33,19,0.527065417403554
7317,937.14,5,400,10.7,0.02,5,29,4,0,0,0,1,2,47,12,0.38693565089515675
7318,937.32,2,194,16.9,0.02,2,36,3,0,1,1,0,3,20,17,0.4442328708962158
7319,937.32,0,6,-4.6,0.02,0,2,0,0,1,1,0,1,1,0,0.19907354342255243
7320,937.63,4,257,12.2,0.02,4,35,4,0,1,1,0,10,28,21,0.49199157855501274
7321,937.71,2,85,10.7,0.02,2,19,2,0,0,1,0,4,11,8,0.7539656903703482
7322,937.71,0,14,-3.5,0.02,0,4,0,0,1,1,0,1,2,1,0.40841879521453783
7323,937.83,3,130,24.7,0.02,3,35,3,0,1,1,0,6,15,13,0.6824192209120067
7324,938.25,1,296,-13.2,0.02,1,27,1,1,1,1,0,9,34,16,0.44405235121253017
7325,938.38,0,136,-12.4,0.02,0,10,0,0,0,1,0,3,17,8,0.4774257004311654
7326,938.55,1,131,15.7,0.02,1,30,2,0,1,1,0,0,17,12,0.5107623660905057
7327,938.71,2,125,10.8,0.02,2,21,3,0,1,1,0,2,16,7,0.7589662932773973
7328,939.0,12,400,39.8,0.02,7,53,7,1,0,0,1,5,44,31,0.4296234396846716
7329,939.1,1,108,12.7,0.02,1,26,1,1,1,1,0,2,13,5,0.5730451395774414
7330,939.23,3,106,5.0,0.02,3,14,2,0,1,1,0,8,12,4,0.6286739670911614
7331,939.33,4,143,30.8,0.02,4,35,3,0,1,1,0,3,17,19,0.6413497897738791
7332,939.38,3,53,21.0,0.02,3,19,4,0,1,1,0,2,7,7,0.6657392138349835
7333,939.89,1,400,-14.9,0.02,1,26,1,0,0,0,1,4,45,18,0.37658961405598684
7334,939.96,2,80,20.2,0.02,2,25,2,0,1,1,0,1,10,8,0.6210206815156404
7335,940.14,0,159,3.6,0.02,0,30,2,0,1,1,0,4,20,15,0.5027199266402278
7336,940.57,2,326,-8.0,0.02,2,27,2,0,1,1,0,5,35,24,0.39524678305275696
7337,940.91,1,301,-15.5,0.02,1,22,1,0,1,1,0,6,37,14,0.48594048946828017
7338,941.19,4,207,17.2,0.02,4,26,4,0,1,1,0,2,26,11,0.4208854002988473
7339,941.29,2,96,17.6,0.02,2,24,1,0,0,1,0,1,13,8,0.548679798450586
7340,941.3,0,13,1.6,0.02,0,8,1,0,1,1,0,0,2,1,0.7739714627035632
7341,941.34,2,51,17.2,0.02,2,18,2,0,1,1,0,0,7,7,0.6509944047018342
7342,941.47,4,135,26.6,0.02,4,33,3,0,1,1,0,7,16,9,0.5405745424906705
7343,941.51,2,61,14.0,0.02,2,17,3,0,1,1,0,1,8,9,0.47870981513217986
7344,941.65,3,218,21.4,0.02,3,41,2,0,1,1,0,6,27,18,0.4712926879435697
7345,941.79,2,121,5.9,0.02,2,21,3,0,1,1,0,7,14,10,0.7931482359035779
7346,942.05,7,258,7.4,0.02,2,37,1,1,1,1,0,7,33,18,0.46308588461911737
7347,942.61,2,400,-8.7,0.02,2,40,2,0,0,0,1,15,48,36,0.4376428713331984
7348,942.91,4,240,17.9,0.02,4,35,4,0,1,1,0,6,23,21,0.4739814634868027
7349,943.0,1,104,5.0,0.02,1,20,0,0,1,1,0,4,14,6,0.6387690311677212
7350,943.13,1,109,1.2,0.02,1,20,1,0,1,1,0,7,15,9,0.7465097091231873
7351,943.55,1,400,-18.1,0.02,1,29,1,0,0,0,1,9,44,30,0.38001335100869427
7352,943.9,4,400,-6.3,0.02,4,31,4,0,0,0,1,15,46,22,0.4623869093772958
7353,943.91,0,6,-3.6,0.02,0,3,0,0,1,1,0,1,1,0,0.6766100558445528
7354,944.0,1,102,11.9,0.02,1,24,0,0,1,1,0,1,13,9,0.5899424527847055
7355,944.08,0,79,3.5,0.02,0,20,0,0,1,1,0,3,11,6,0.5810757678009544
7356,944.56,3,388,-3.6,0.02,3,31,3,0,0,0,1,7,43,37,0.43193772233187144
7357,944.6,0,46,2.9,0.02,0,15,1,0,1,1,0,2,6,5,0.3925191498360257
7358,944.94,13,318,19.8,0.02,3,49,3,2,1,1,0,4,36,34,0.5338113997409739
7359,944.97,1,30,5.6,0.02,1,10,1,0,1,1,0,1,4,4,0.900645216715638
7360,944.99,1,25,2.2,0.02,1,6,1,0,1,1,0,1,3,3,0.5488001729028807
7361,945.09,0,94,1.7,0.02,0,20,1,0,1,1,0,3,12,9,0.6015666028601088
7362,945.16,1,73,4.1,0.02,1,14,1,0,1,1,0,2,9,6,0.5605345956974651
7363,945.29,10,187,27.8,0.02,5,33,3,1,1,1,0,5,22,15,0.6010820729836313
7364,945.65,2,400,-22.8,0.02,2,39,2,0,0,0,1,29,46,27,0.6021878309661947
7365,946.0,3,295,-5.0,0.02,3,23,3,0,1,1,0,7,36,15,0.4767774321930967
7366,946.36,6,354,21.2,0.02,6,41,6,0,1,1,0,7,42,24,0.5037139580386825
7367,946.58,2,215,9.6,0.02,2,33,0,0,1,1,0,5,25,19,0.4077233334086785
7368,946.64,2,70,20.0,0.02,2,24,3,0,1,1,0,1,9,10,0.6320917011798964
7369,946.77,1,119,11.0,0.02,1,24,1,0,1,1,0,0,14,11,0.45711354558625533
7370,946.83,4,74,25.9,0.02,4,22,3,0,1,1,0,3,9,7,0.9797720466529638
7371,946.91,1,78,1.3,0.02,1,13,1,0,1,1,0,3,10,9,0.7021851852993609
7372,947.2,3,267,6.7,0.02,3,36,3,0,0,1,0,10,30,26,0.4328517826564534
7373,947.39,3,142,10.8,0.02,3,26,2,0,1,1,0,10,18,10,0.4756711810199903
7374,947.53,0,148,-0.9,0.02,0,23,0,0,1,1,0,3,16,11,0.5137132398899716
7375,948.03,3,400,-2.8,0.02,3,33,2,0,0,0,1,8,49,27,0.4266994961932885
7376,948.48,0,300,-30.3,0.02,0,26,1,0,1,1,0,20,38,13,0.388897473239874
7377,948.5,1,26,5.0,0.02,1,8,2,0,0,1,0,0,4,4,0.8429330381518552
7378,949.09,2,389,-13.7,0.02,2,36,2,0,1,1,0,13,44,28,0.4938468123367519
7379,949.57,1,400,-11.8,0.02,1,33,1,0,0,0,1,7,43,27,0.34293311211362104
7380,949.79,3,300,20.4,0.02,3,50,4,0,0,1,0,6,34,36,0.38747379965006423
7381,949.92,1,121,1.0,0.02,1,20,1,0,1,1,0,6,16,9,0.6042234730317078
7382,950.0,0,81,7.8,0.02,0,26,1,0,1,1,0,4,10,11,0.5112178367585177
7383,950.25,3,189,5.4,0.02,3,21,3,0,1,1,0,5,21,17,0.5587316539760605
7384,950.66,4,274,6.8,0.02,4,25,4,0,0,1,0,4,30,18,0.3917351235102331
7385,950.94,1,282,-12.9,0.02,1,26,1,0,0,1,0,9,36,17,0.48037116349600917
7386,951.32,2,400,-19.4,0.02,2,29,1,0,0,0,1,15,48,33,0.4472074405129819
7387,951.53,3,212,2.4,0.02,3,21,2,0,1,1,0,6,23,14,0.4503218691999972
7388,951.6,2,57,9.9,0.02,2,13,2,0,1,1,0,2,7,4,0.5869555287356794
7389,951.66,1,69,15.1,0.02,1,25,2,0,1,1,0,2,8,10,0.7725391220423622
7390,951.92,5,316,2.1,0.02,0,47,1,1,1,1,0,5,34,33,0.4189420141914579
7391,952.34,1,227,-7.0,0.02,1,25,0,0,1,1,0,8,26,13,0.4727314047759341
7392,952.67,5,400,7.8,0.02,5,34,5,0,0,0,1,9,49,21,0.4799425980680636
7393,952.77,3,90,17.8,0.02,3,23,4,0,1,1,0,5,10,12,0.757208175114596
7394,953.04,4,400,-23.9,0.02,4,33,4,0,0,0,1,34,50,28,0.6412658533157094
7395,953.12,0,88,-6.0,0.02,0,14,1,0,1,1,0,6,12,2,0.6484515737419937
7396,953.18,1,70,13.5,0.02,1,22,2,0,1,1,0,1,9,5,0.702883699623415
7397,953.23,0,53,1.2,0.02,0,15,1,1,1,1,0,3,7,5,1.005945753368796
7398,953.59,5,239,24.7,0.02,5,40,5,0,1,1,0,9,27,24,0.5591121452466359
7399,953.76,6,189,46.5,0.02,6,44,5,0,1,1,0,2,20,16,0.6089990830289124
7400,953.92,2,203,10.9,0.02,2,32,3,0,1,1,0,4,23,18,0.4895927008270826
7401,954.04,2,130,13.7,0.02,2,26,3,0,1,1,0,3,16,13,0.4076672462914696
7402,954.37,1,304,-17.0,0.02,1,33,0,0,1,1,0,17,35,26,0.46934473428359363
7403,954.45,0,104,-1.1,0.02,0,19,1,0,1,1,0,4,14,7,0.4438320744203009
7404,954.7,1,216,3.0,0.02,1,30,1,1,1,1,0,4,24,14,0.44147495401189224
7405,954.79,1,81,10.2,0.02,1,24,1,0,1,1,0,5,11,7,0.6827642778535915
7406,955.21,7,400,-3.7,0.02,2,32,3,1,0,0,1,3,45,26,0.3702598173421639
7407,955.5,7,309,-1.9,0.02,2,39,2,1,1,1,0,12,34,30,0.4279025935079224
7408,955.61,8,115,18.7,0.02,3,25,1,1,1,1,0,4,15,8,0.7796026255905179
7409,955.94,2,313,2.9,0.02,2,36,2,0,1,1,0,4,37,28,0.43101066137377747
7410,956.06,0,146,1.6,0.02,0,23,0,0,1,1,0,1,17,8,0.4060534088319159
7411,956.16,1,99,2.3,0.02,1,15,1,0,1,1,0,2,13,8,0.46154935806956615
7412,956.32,2,148,15.5,0.02,2,30,1,0,1,1,0,3,18,17,0.3948302764761009
7413,956.47,3,143,31.2,0.02,3,38,3,0,1,1,0,1,17,15,0.4655593909749804
7414,956.52,0,60,3.7,0.02,0,15,0,0,1,1,0,0,8,3,0.7100167609549614
7415,956.54,0,28,1.9,0.02,0,11,0,0,1,1,0,1,4,3,0.5081893838542691
7416,956.68,5,145,8.4,0.02,0,32,0,1,1,1,0,3,17,11,0.43006502799653434
7417,957.14,5,400,-32.9,0.02,0,23,2,1,0,0,1,13,49,28,0.39614436826511445
7418,957.41,3,276,8.9,0.02,3,32,4,0,1,1,0,4,31,15,0.443697577678891
7419,957.56,2,133,17.9,0.02,2,28,2,0,1,1,0,1,16,8,0.459949154206862
7420,957.58,1,32,0.6,0.02,1,8,1,0,1,1,0,4,4,2,0.8246650892125302
7421,957.68,1,99,12.1,0.02,1,25,1,0,1,1,0,2,11,10,0.5514253334821287
7422,957.78,8,134,15.8,0.02,3,22,2,1,1,1,0,2,16,8,0.5700838512759622
7423,957.94,2,134,20.4,0.02,2,35,2,0,1,1,0,5,17,12,0.5687683613783686
7424,958.1,2,178,4.2,0.02,2,22,3,0,1,1,0,4,22,10,0.49611616799432257
7425,958.56,1,400,-8.0,0.02,1,40,1,0,0,0,1,10,46,29,0.3837955820858852
7426,958.66,1,80,1.4,0.02,1,13,2,0,1,1,0,3,10,6,0.5784102959366774
7427,959.0,9,293,14.2,0.02,4,36,4,1,1,1,0,5,34,25,0.41753471370312056
7428,959.32,4,295,9.7,0.02,4,33,4,0,0,1,0,7,24,18,0.4721802895907431
7429,959.32,0,6,-3.6,0.02,0,3,1,0,1,1,0,1,1,0,0.4363285259668847
7430,959.38,1,64,5.1,0.02,1,14,0,0,1,1,0,2,8,5,0.5957815223639078
7431,959.51,9,122,27.3,0.02,4,31,3,1,0,1,0,5,15,15,0.8476718712663164
7432,959.53,0,22,2.5,0.02,0,10,0,0,1,1,0,0,3,3,0.5241070153435236
7433,959.57,2,61,8.4,0.02,2,11,1,0,1,1,0,1,7,5,0.7906403945477157
7434,960.07,2,400,-25.4,0.02,2,28,1,2,0,0,1,21,45,23,0.47028560381290524
7435,960.13,2,65,5.9,0.02,2,9,3,0,1,1,0,1,8,6,0.8603998809494935
7436,960.21,2,97,7.3,0.02,2,19,2,0,0,1,0,6,11,10,0.5963373993927409
7437,960.62,8,318,3.4,0.02,3,32,4,1,1,1,0,5,34,18,0.4370461961688662
7438,961.17,1,339,-8.5,0.02,1,33,2,0,1,1,0,5,40,26,0.4410296136307119
7439,961.24,1,87,13.6,0.02,1,26,3,0,0,1,0,3,11,7,0.8477710389339934
7440,961.26,0,20,0.7,0.02,0,10,1,0,1,1,0,2,3,3,0.5294362341423018
7441,961.38,0,119,3.1,0.02,0,23,0,0,1,1,0,2,14,10,0.6047558708310795
7442,961.61,4,230,11.7,0.02,4,26,2,0,1,1,0,5,28,13,0.4261828200387775
7443,961.65,3,47,12.1,0.02,3,12,3,0,1,1,0,5,6,2,0.7175456317667935
7444,961.82,3,188,23.7,0.02,3,37,3,0,1,1,0,3,21,15,0.5565788947089927
7445,961.85,1,36,1.1,0.02,1,7,1,0,0,1,0,2,5,3,1.0233675365020725
7446,962.1,1,191,6.3,0.02,1,33,2,0,1,1,0,6,23,16,0.413062933031211
7447,962.36,1,345,-4.9,0.02,1,45,3,0,1,1,0,12,43,34,0.510841491592303
7448,962.65,4,373,-16.1,0.02,4,21,4,0,1,1,0,13,42,18,0.4720494625398568
7449,962.77,1,113,6.5,0.02,1,20,1,0,1,1,0,1,14,12,0.37265822638936796
7450,962.93,6,192,-13.0,0.02,1,15,2,1,1,1,0,7,22,18,0.4284572616052669
7451,963.43,7,400,-9.9,0.02,2,32,2,1,0,0,1,9,43,28,0.3552530275540511
7452,963.59,3,155,22.4,0.02,3,32,4,0,1,1,0,3,18,11,0.46793401093519116
7453,963.67,1,85,9.8,0.02,1,20,1,0,1,1,0,1,11,7,0.5740075588924837
7454,963.8,1,122,-2.2,0.02,1,20,1,0,1,1,0,9,15,10,0.4975662452075041
7455,963.89,2,85,20.0,0.02,2,25,2,0,1,1,0,1,11,5,0.6777890803208623
7456,964.28,4,266,17.8,0.02,4,38,4,0,1,1,0,6,30,26,0.47707043179969955
7457,964.51,2,223,0.6,0.02,2,25,2,0,0,1,0,6,26,11,0.47927894362824275
7458,964.67,2,135,13.6,0.02,2,29,1,0,0,1,0,5,15,19,0.549661868155406
7459,964.79,3,131,23.7,0.02,3,29,2,0,1,1,0,1,16,12,0.6354895959082948
7460,964.91,2,142,21.8,0.02,2,34,2,0,1,1,0,2,16,10,0.4402245923830648
7461,965.3,2,365,-2.7,0.02,2,42,4,0,1,1,0,11,43,22,0.4556709227357375
7462,965.74,9,400,17.0,0.02,4,48,5,1,0,0,1,8,46,29,0.4352365336100077
7463,965.76,0,21,-1.2,0.02,0,7,0,0,1,1,0,1,3,1,0.45735426937886947
7464,965.8,0,43,5.2,0.02,0,18,1,0,1,1,0,3,6,5,0.5383481874369694
7465,966.06,2,273,17.5,0.02,2,47,3,0,1,1,0,5,32,22,0.4778121459951524
7466,966.26,1,204,10.6,0.02,1,36,1,0,1,1,0,3,24,20,0.4525509736135987
7467,966.28,0,21,1.6,0.02,0,10,1,0,1,1,0,1,3,3,0.5216810135198267
7468,966.54,2,400,-1.2,0.02,2,43,1,0,0,0,1,11,46,31,0.4289038486896178
7469,966.55,0,5,-1.8,0.02,0,4,0,0,1,1,0,0,1,3,3.4844657708960916
7470,966.82,5,249,-16.0,0.02,0,22,1,1,1,1,0,7,33,11,0.35770206439324176
7471,967.09,8,326,16.9,0.02,3,42,4,1,0,0,1,5,38,24,0.5138168095544768
7472,967.26,9,231,17.9,0.02,4,32,1,1,1,1,0,4,29,20,0.4723295998341323
7473,967.55,8,236,-0.7,0.02,3,24,3,1,1,1,0,9,26,21,0.5486878489106418
7474,967.67,1,158,21.2,0.02,1,40,1,0,1,1,0,1,17,20,0.5201631799086829
7475,968.02,3,264,8.5,0.02,3,31,2,0,0,1,0,4,29,21,0.4019477857102266
7476,968.12,2,106,10.6,0.02,2,20,2,0,1,1,0,3,13,8,0.6230918475474728
7477,968.48,1,400,-12.4,0.02,1,37,5,0,0,0,1,11,50,33,0.4229506911243299
7478,968.5,0,20,1.6,0.02,0,9,0,0,1,1,0,0,3,4,0.5072115825196356
7479,968.64,5,132,-6.4,0.02,0,19,0,1,1,1,0,6,17,12,0.5656259712570869
7480,968.7,2,58,14.7,0.02,2,17,2,0,0,1,0,1,7,5,0.7829042794966301
7481,968.71,0,21,-0.5,0.02,0,7,0,0,1,1,0,0,3,4,0.9439508792117666
7482,968.8,2,93,18.5,0.02,2,30,1,0,1,1,0,6,12,12,0.9505865628759615
7483,968.83,1,37,8.0,0.02,1,13,2,0,1,1,0,1,5,3,0.7338474645211526
7484,969.12,4,263,11.9,0.02,4,34,4,0,0,1,0,9,28,18,0.46369287597908015
7485,969.16,0,51,-0.7,0.02,0,11,0,0,1,1,0,1,7,6,0.46454676027198744
7486,969.5,9,371,14.5,0.02,4,52,3,1,1,1,0,13,44,24,0.49818082095123295
7487,969.84,2,400,-19.3,0.02,2,30,2,0,0,0,1,16,50,32,0.4832338809137504
7488,969.87,1,36,9.8,0.02,1,14,1,0,1,1,0,0,5,6,0.5505334939799323
7489,969.99,0,121,-2.1,0.02,0,19,0,0,0,1,0,3,15,10,0.6180856362662158
7490,969.99,0,6,-3.6,0.02,0,3,0,0,1,1,0,1,1,0,0.6932671791860171
7491,970.06,2,70,9.5,0.02,2,14,0,0,1,1,0,2,9,5,0.5473599302569245
7492,970.51,3,400,-7.6,0.02,3,34,2,0,0,0,1,13,46,35,0.4144649516749711
7493,970.83,1,281,-10.9,0.02,1,31,2,0,0,1,0,12,33,18,0.4045352038723146
7494,971.18,7,292,-2.2,0.02,2,30,2,1,1,1,0,6,33,20,0.40367769676914056
7495,971.25,3,129,24.5,0.02,3,31,1,0,1,1,0,2,14,16,0.46974988033308845
7496,971.3,1,56,6.7,0.02,1,13,1,0,1,1,0,0,7,7,0.6205904596296783
7497,971.47,4,200,23.4,0.02,4,36,4,0,1,1,0,6,21,16,0.44309742351377407
7498,971.79,2,252,-5.2,0.02,2,22,2,0,1,1,0,5,29,20,0.34623674629293044
7499,971.99,3,146,21.0,0.02,3,28,1,0,1,1,0,1,19,14,0.41117112232634906
7500,972.31,4,309,1.1,0.02,4,26,3,0,0,1,0,7,34,20,0.4613684594233154
7501,972.4,9,120,36.5,0.02,4,38,3,1,1,1,0,3,14,15,0.7355971430804735
7502,972.62,2,300,3.9,0.02,2,39,2,0,1,1,0,8,35,21,0.3806988616819504
7503,972.86,2,340,-0.0,0.02,2,41,3,0,1,1,0,9,39,30,0.3511140700879847
7504,972.94,4,110,29.0,0.02,4,29,3,0,1,1,0,3,13,10,0.624610798215156
7505,973.05,2,101,17.7,0.02,2,28,3,0,1,1,0,4,13,12,0.4879266238801163
7506,973.48,5,333,-15.3,0.02,0,32,0,1,0,1,0,6,38,30,0.3915897420566539
7507,973.75,3,198,6.5,0.02,3,24,1,0,0,1,0,6,21,17,0.4647946480745617
7508,974.14,7,400,38.4,0.02,7,56,6,0,0,0,1,9,43,35,0.5007694265986748
7509,974.22,1,93,5.8,0.02,1,20,0,0,1,1,0,4,12,9,0.5534236109598323
7510,974.24,0,28,4.5,0.02,0,13,0,0,1,1,0,0,4,7,1.125453150203992
7511,974.43,4,267,18.0,0.02,4,40,3,0,1,1,0,8,29,23,0.45891241028052615
7512,974.65,3,219,11.4,0.02,3,28,2,0,1,1,0,3,25,17,0.4235256435260654
7513,974.89,1,202,-0.5,0.02,1,23,0,0,1,1,0,2,23,13,0.3957564664295839
7514,974.96,1,85,7.1,0.02,1,18,1,0,1,1,0,2,11,4,0.4887000152631496
7515,975.44,2,400,-9.9,0.02,2,30,2,0,0,0,1,8,48,18,0.40393981033564474
7516,975.56,9,118,20.5,0.02,4,20,5,1,1,1,0,2,15,7,0.5910739701593692
7517,975.68,2,124,4.2,0.02,2,14,2,0,1,1,0,2,15,4,0.7005128615315916
7518,976.13,9,400,-4.4,0.02,4,30,3,1,0,0,1,12,46,23,0.416910801184643
7519,976.53,3,400,6.9,0.02,3,45,3,0,0,0,1,9,46,40,0.4536946822933885
7520,976.54,1,15,3.3,0.02,1,6,1,0,1,1,0,1,2,2,0.7556891311554979
7521,977.02,1,400,-1.4,0.02,1,43,1,0,0,0,1,6,47,33,0.39972075343463104
7522,977.16,2,169,13.4,0.02,2,29,2,0,1,1,0,2,20,17,0.38311749484758567
7523,977.4,2,219,0.1,0.02,2,23,3,0,0,1,0,5,25,10,0.5377818946101175
7524,977.58,2,204,0.1,0.02,2,22,2,0,0,1,0,5,25,15,0.4583296144611233
7525,977.7,3,165,8.0,0.02,3,20,2,0,1,1,0,4,19,15,0.48072429527378274
7526,977.82,1,116,-4.3,0.02,1,13,2,0,0,1,0,5,13,7,0.5678752559409522
7527,977.88,0,64,1.8,0.02,0,17,0,0,1,1,0,3,9,8,0.43150964174944506
7528,977.97,1,78,10.3,0.02,1,22,2,0,1,1,0,3,10,9,0.5759077861590612
7529,978.05,0,83,9.8,0.02,0,24,0,0,1,1,0,0,10,9,0.5571720518580779
7530,978.08,1,36,6.0,0.02,1,13,2,0,1,1,0,3,4,4,0.6746924722946877
7531,978.17,0,85,-14.6,0.02,0,0,0,0,0,1,0,1,1,1,0.21166821740425804
7532,978.24,4,84,32.6,0.02,4,30,4,0,1,1,0,3,10,10,0.8386644001724852
7533,978.25,0,6,-3.7,0.02,0,2,0,0,1,1,0,0,1,1,0.5155142211803905
7534,978.29,1,57,9.6,0.02,1,17,1,0,1,1,0,1,7,7,0.6421705902114366
7535,978.31,0,22,1.5,0.02,0,9,0,0,1,1,0,0,3,3,0.3974400860023825
7536,978.63,2,236,3.8,0.02,2,34,3,0,0,1,0,9,23,26,0.5594727968992204
7537,978.71,1,120,18.8,0.02,1,34,1,0,1,1,0,2,15,12,0.5209331519346224
7538,978.89,16,199,40.1,0.02,6,39,7,2,1,1,0,2,21,20,0.5189665074958434
7539,979.14,1,233,7.2,0.02,1,37,1,0,1,1,0,5,26,15,0.45336934838564263
7540,979.2,1,71,6.0,0.02,1,18,1,0,1,1,0,4,9,9,0.6045493393222184
7541,979.25,2,52,11.4,0.02,2,14,1,0,0,1,0,2,7,4,0.8491444534855415
7542,979.63,2,284,-1.8,0.02,2,30,4,0,1,1,0,6,32,24,0.357027768799813
7543,980.0,2,282,-5.5,0.02,2,28,1,0,1,1,0,8,32,23,0.4096842437421477
7544,980.03,1,41,1.6,0.02,1,9,2,0,1,1,0,3,5,3,0.7048710851460448
7545,980.36,1,280,2.9,0.02,1,43,2,0,0,1,0,10,31,21,0.41397266363874824
7546,980.44,2,118,8.8,0.02,2,24,3,0,1,1,0,7,15,14,0.6629044964212494
7547,980.46,1,23,4.4,0.02,1,8,1,0,1,1,0,1,3,3,0.6177784374363292
7548,980.5,0,50,1.6,0.02,0,15,0,0,1,1,0,3,7,4,0.544779774673022
7549,980.54,1,38,4.9,0.02,1,10,1,0,1,1,0,1,5,3,0.516929115867067
7550,980.54,0,5,-2.8,0.02,0,3,0,0,1,1,0,0,1,3,3.05198255680535
7551,981.07,8,400,-19.6,0.02,3,27,2,1,0,0,1,18,46,35,0.5516759776778201
7552,981.29,2,173,-4.5,0.02,2,24,1,0,1,1,0,15,18,12,0.7279913373607432
7553,981.76,2,400,-19.6,0.02,2,29,3,0,0,0,1,15,50,35,0.45825102713501104
7554,982.39,2,400,-0.0,0.02,2,34,2,0,0,0,1,2,48,19,0.34580734337445235
7555,982.69,1,400,-4.4,0.02,1,37,1,0,0,0,1,4,41,23,0.31090964776864377
7556,983.02,2,400,-6.1,0.02,2,34,2,0,0,0,1,7,51,30,0.3745841118061105
7557,983.42,1,400,-25.9,0.02,1,30,0,0,0,0,1,19,38,18,0.4544147948262153
7558,983.47,0,59,6.5,0.02,0,18,0,0,1,1,0,0,8,6,0.6717428598778218
7559,983.5,1,43,7.4,0.02,1,13,2,0,1,1,0,1,6,3,0.5496429745777676
7560,983.51,0,6,-4.6,0.02,0,2,0,0,1,1,0,1,1,0,1.6378913001105182
7561,983.58,1,60,9.6,0.02,1,16,1,0,1,1,0,0,8,4,0.539103697335737
7562,983.59,0,21,0.7,0.02,0,8,0,0,1,1,0,0,3,2,0.4168312740568839
7563,984.2,8,400,4.7,0.02,3,44,2,1,0,0,1,11,43,32,0.40695801635919077
7564,984.32,0,95,2.5,0.02,0,22,1,0,1,1,0,4,12,10,0.5800702187020291
7565,984.45,2,138,10.9,0.02,2,23,3,0,1,1,0,2,16,13,0.6018205975379695
7566,984.6,1,196,-1.7,0.02,1,24,1,0,1,1,0,4,20,21,0.433839321291704
7567,984.61,0,14,-0.5,0.02,0,7,0,0,1,1,0,1,2,1,0.921064051296522
7568,984.67,1,57,3.8,0.02,1,11,1,0,1,1,0,1,7,5,0.5041193569992649
7569,984.83,4,139,18.8,0.02,4,21,2,0,0,1,0,2,13,13,0.6841716768188412
7570,985.0,2,269,28.5,0.02,2,58,4,0,1,1,0,5,32,26,0.46337428899673744
7571,985.01,0,13,-0.4,0.02,0,6,1,0,1,1,0,0,2,1,0.5693130958360049
7572,985.15,1,133,5.5,0.02,1,23,1,0,1,1,0,3,16,12,0.5093572750014458
7573,985.17,2,27,12.1,0.02,2,10,2,0,1,1,0,0,3,2,0.7410570422077666
7574,985.31,1,125,8.5,0.02,1,24,1,0,1,1,0,2,15,10,0.4235178130407429
7575,985.67,3,290,-6.8,0.02,3,27,3,0,1,1,0,13,33,18,0.48659112371874236
7576,985.96,5,201,26.7,0.02,5,31,4,0,1,1,0,3,20,12,0.5666260664469135
7577,986.02,0,63,2.2,0.02,0,16,0,0,1,1,0,2,9,5,0.4915565056314437
7578,986.46,2,400,-17.6,0.02,2,24,2,0,0,0,1,9,45,25,0.32964782721123603
7579,986.5,1,45,5.2,0.02,1,12,2,0,1,1,0,2,6,3,0.497868863568888
7580,986.76,1,248,-6.7,0.02,1,26,1,0,1,1,0,6,29,19,0.4533398709615572
7581,986.97,1,176,8.2,0.02,1,30,0,0,1,1,0,3,20,12,0.33874144271011736
7582,987.06,1,83,11.0,0.02,1,22,0,0,1,1,0,2,11,7,0.6193523408871393
7583,987.14,2,98,19.5,0.02,2,28,2,0,0,1,0,3,14,7,0.6615211882795508
7584,987.31,4,199,24.9,0.02,4,36,3,0,1,1,0,4,21,22,0.5416442921435141
7585,987.49,2,235,4.4,0.02,2,31,2,0,1,1,0,6,26,21,0.4468518792148222
7586,987.51,0,21,-2.3,0.02,0,7,1,0,1,1,0,2,3,2,0.8976812602095772
7587,987.52,0,13,-3.3,0.02,0,4,0,0,1,1,0,1,2,0,0.4347360658114042
7588,987.62,2,101,16.0,0.02,2,25,2,0,1,1,0,3,13,9,0.494413794556852
7589,987.72,4,89,24.5,0.02,4,20,4,0,1,1,0,1,10,6,0.6970898517996758
7590,987.98,4,282,10.4,0.02,4,28,3,0,1,1,0,3,31,14,0.3705287464963811
7591,988.1,3,108,13.6,0.02,3,16,2,0,1,1,0,1,13,6,0.4271614795983622
7592,988.65,2,400,-15.8,0.02,2,29,2,0,0,0,1,12,44,27,0.42106589875418365
7593,988.85,5,152,39.1,0.02,5,38,3,0,1,1,0,2,17,17,0.5367362527575118
7594,988.88,0,37,-1.0,0.02,0,9,0,0,1,1,0,1,5,3,0.40638000350490633
7595,988.9,1,29,7.8,0.02,1,13,2,0,1,1,0,2,4,3,0.7420231758659572
7596,989.06,1,189,-1.3,0.02,1,23,1,0,1,1,0,4,21,14,0.5933220958622353
7597,989.27,0,170,-4.6,0.02,0,27,0,0,0,1,0,8,17,16,0.4898151626498093
7598,989.42,3,153,9.6,0.02,3,19,2,0,1,1,0,3,16,11,0.4271154598108705
7599,989.79,2,400,-14.0,0.02,2,25,3,0,0,0,1,6,45,29,0.4110745466296102
7600,990.2,2,313,-4.9,0.02,2,29,2,0,1,1,0,5,33,26,0.4736048887790988
7601,990.4,4,155,24.2,0.02,4,29,4,0,1,1,0,3,17,13,0.5296884531666283
7602,990.65,4,213,18.8,0.02,4,33,4,0,1,1,0,6,19,19,0.57114701694651
7603,990.76,1,119,12.7,0.02,1,30,1,0,1,1,0,4,15,14,0.6182849693327171
7604,991.13,2,268,1.1,0.02,2,33,2,0,1,1,0,8,30,21,0.4743494596813369
7605,991.29,9,193,23.6,0.02,4,38,2,1,1,1,0,8,24,21,0.516991197932285
7606,991.43,8,177,18.6,0.02,3,34,3,1,1,1,0,6,20,17,0.5074137699702997
7607,991.52,4,91,31.4,0.02,4,28,4,0,1,1,0,2,7,5,0.6209728934993082
7608,991.63,2,102,14.9,0.02,2,22,2,0,1,1,0,1,12,9,0.6266161096272934
7609,991.68,4,66,24.8,0.02,4,19,4,0,1,1,0,2,8,6,0.727561999120228
7610,991.7,0,28,4.9,0.02,0,14,0,0,1,1,0,1,4,3,0.6570576137871411
7611,991.71,0,14,-1.5,0.02,0,6,0,0,1,1,0,1,2,1,0.43408884196701536
7612,991.82,1,88,9.5,0.02,1,21,1,0,0,1,0,2,8,7,0.5968592592516473
7613,992.02,2,218,12.9,0.02,2,33,3,0,1,1,0,2,21,13,0.4398217197638569
7614,992.51,3,333,3.7,0.02,3,40,3,0,0,1,0,11,33,20,0.4344578261264393
7615,993.04,8,400,4.2,0.02,3,36,3,1,0,0,1,4,43,27,0.3931860560534976
7616,993.12,1,103,23.3,0.02,1,41,1,0,1,1,0,6,13,14,0.6437923631947673
7617,993.2,3,105,19.7,0.02,3,22,4,0,0,1,0,1,12,8,0.6011852700187158
7618,993.59,1,400,-8.8,0.02,1,35,2,0,0,0,1,6,47,27,0.36923677690076534
7619,993.68,3,94,15.6,0.02,3,21,2,0,1,1,0,5,10,10,0.7102496377333329
7620,993.81,1,103,0.0,0.02,1,15,1,0,0,1,0,4,9,7,0.5732044176421581
7621,993.97,2,143,20.7,0.02,2,33,3,0,1,1,0,1,17,20,0.4294292552350045
7622,994.28,3,264,4.1,0.02,3,26,4,0,1,1,0,4,31,15,0.409983715282808
7623,994.35,1,73,15.2,0.02,1,25,2,0,0,1,0,2,10,5,0.7413282754165702
7624,994.47,8,123,21.7,0.02,3,28,3,1,1,1,0,3,14,10,0.5151834501110807
7625,994.68,4,301,17.3,0.02,4,38,2,0,1,1,0,3,35,26,0.43069035839277925
7626,994.75,0,77,9.4,0.02,0,25,0,0,1,1,0,2,10,9,0.4565730405223311
7627,994.82,1,76,7.8,0.02,1,20,1,0,1,1,0,4,10,6,0.4328869183318732
7628,995.08,1,233,10.3,0.02,1,40,1,0,0,1,0,4,27,24,0.40732942439112013
7629,995.16,1,98,11.6,0.02,1,23,4,0,1,1,0,1,12,6,0.5540984999739567
7630,995.26,7,112,8.8,0.02,2,18,2,1,0,1,0,2,7,10,0.5779015186451534
7631,995.33,2,79,20.4,0.02,2,26,2,0,1,1,0,2,10,7,0.7432577015624718
7632,995.37,1,50,10.3,0.02,1,16,2,0,1,1,0,0,7,7,0.5266842765666909
7633,995.49,12,120,11.5,0.02,2,22,1,2,1,1,0,3,15,5,0.7512657828203112
7634,995.93,5,336,11.6,0.02,5,36,3,0,1,1,0,8,34,28,0.5078006323922443
7635,996.21,2,210,12.0,0.02,2,32,2,0,1,1,0,2,22,20,0.5138251360130742
7636,996.39,5,196,42.1,0.02,5,47,6,0,0,1,0,3,21,23,0.4979758377855324
7637,996.51,4,112,24.4,0.02,4,26,4,0,0,1,0,4,14,14,0.7481692053735356
7638,996.78,2,225,9.4,0.02,2,33,3,0,0,1,0,4,26,21,0.3680276554905705
7639,996.88,3,95,14.6,0.02,3,19,3,0,1,1,0,4,12,9,0.5459712576133569
7640,997.02,1,149,5.1,0.02,1,24,1,0,1,1,0,3,17,10,0.40712229235620584
7641,997.09,1,75,10.9,0.02,1,21,2,0,1,1,0,2,10,6,0.5292211669337593
7642,997.14,2,54,10.2,0.02,2,13,2,0,1,1,0,2,6,4,0.6823620616315101
7643,997.2,0,46,2.7,0.02,0,14,0,0,1,1,0,1,6,7,0.6355258909733816
7644,997.26,2,64,17.7,0.02,2,22,2,0,0,1,0,2,7,9,0.8751343510934891
7645,997.3,0,43,3.1,0.02,0,16,1,0,1,1,0,3,6,6,0.5338575896335739
7646,997.44,3,140,16.8,0.02,3,25,3,0,1,1,0,3,16,12,0.5375790896173099
7647,997.72,2,196,20.3,0.02,2,44,3,0,1,1,0,7,22,21,0.7409642852835379
7648,997.83,2,203,13.8,0.02,2,34,2,0,1,1,0,3,22,19,0.5608909496915698
7649,997.97,1,137,-0.1,0.02,1,18,1,0,1,1,0,4,17,4,0.4754349895045934
7650,998.03,1,69,16.3,0.02,2,21,1,0,0,1,0,2,8,8,0.5698215366269787
7651,998.18,4,194,31.9,0.02,4,41,5,0,1,1,0,3,20,17,0.47415902532488724
7652,998.31,3,167,22.6,0.02,3,34,3,0,1,1,0,3,19,17,0.6158379614085434
7653,998.35,0,61,4.4,0.02,0,17,0,0,1,1,0,1,8,5,0.5754015440186684
7654,998.39,1,34,5.5,0.02,1,9,1,0,1,1,0,0,4,1,0.4716682017227447
7655,998.79,3,339,-7.0,0.02,3,25,1,0,1,1,0,6,38,21,0.4232658897055927
7656,999.09,4,303,4.1,0.02,4,31,2,0,1,1,0,9,34,26,0.45395753458085353
7657,999.47,4,400,-3.6,0.02,4,32,2,0,0,0,1,12,46,35,0.4846040595921827
7658,999.78,1,261,-1.4,0.02,1,35,1,0,0,1,0,8,31,23,0.4898758153938605
7659,999.95,8,144,20.9,0.02,3,28,3,1,1,1,0,1,16,17,0.42263905157711135
7660,1000.0,0,56,3.6,0.02,0,17,1,0,1,1,0,2,8,8,0.4493144484264541
7661,1000.26,3,288,4.6,0.02,3,30,1,0,1,1,0,5,33,16,0.38219206214443163
7662,1000.64,11,400,-14.6,0.02,1,31,1,2,0,0,1,7,46,35,0.4055015061019107
7663,1000.66,0,20,-0.5,0.02,0,7,0,0,1,1,0,0,3,5,0.7908766377954766
7664,1000.75,1,112,7.7,0.02,1,24,1,0,1,1,0,4,14,11,0.6314105454449574
7665,1000.96,2,157,14.0,0.02,2,30,1,0,1,1,0,4,16,13,0.42497277681049916
7666,1001.16,4,189,35.6,0.02,4,42,3,0,1,1,0,1,19,15,0.5226500141834188
7667,1001.53,2,400,-6.5,0.02,2,44,4,0,0,0,1,17,49,34,0.48658587470276415
7668,1001.86,7,281,33.4,0.02,7,40,7,0,1,1,0,6,32,25,0.45716490580659935
7669,1001.88,1,31,4.6,0.02,1,10,2,0,1,1,0,2,4,3,0.7804768867951446
7670,1001.96,1,115,5.4,0.02,1,23,0,0,1,1,0,5,13,11,0.5407521069654525
7671,1001.98,2,34,9.4,0.02,2,9,1,0,1,1,0,1,4,2,0.6801694523125583
7672,1002.21,1,293,-10.6,0.02,1,34,2,0,1,1,0,13,34,23,0.3868696909894638
7673,1002.64,2,400,-13.1,0.02,2,23,1,0,0,0,1,4,54,20,0.46876775955944117
7674,1002.72,0,76,8.8,0.02,0,24,0,0,1,1,0,2,10,6,0.6209262463950572
7675,1002.91,7,194,12.4,0.02,2,36,2,1,1,1,0,7,21,22,0.4469209600512428
7676,1002.98,4,75,22.8,0.02,4,19,3,0,1,1,0,3,7,7,0.7578178640926603
7677,1003.1,3,114,19.0,0.02,3,25,3,0,1,1,0,4,14,6,0.529991057547569
7678,1003.38,4,236,21.5,0.02,4,41,4,0,1,1,0,9,27,19,0.5147825300218364
7679,1003.73,6,301,-12.4,0.02,1,29,2,1,1,1,0,9,29,23,0.38294722615158505
7680,1004.14,3,400,-12.6,0.02,3,28,5,0,0,0,1,12,43,35,0.41319107134201655
7681,1004.16,1,16,4.2,0.02,1,6,1,0,1,1,0,0,2,2,0.6435861967585698
7682,1004.27,2,119,23.8,0.02,2,36,4,0,0,1,0,4,15,13,0.6107466845250196
7683,1004.38,2,95,23.6,0.02,2,31,1,0,1,1,0,2,12,9,0.6796236041955512
7684,1004.48,2,99,16.2,0.02,2,23,1,0,0,1,0,1,11,9,0.7476210092406231
7685,1004.63,1,170,-6.2,0.02,1,17,0,0,1,1,0,5,15,12,0.4805177539457239
7686,1005.04,6,400,-26.1,0.02,1,24,1,1,0,0,1,13,48,20,0.38403465546572757
7687,1005.16,3,129,24.7,0.02,3,32,2,0,1,1,0,3,14,14,0.5926909414492956
7688,1005.68,0,319,-22.7,0.02,0,22,1,0,1,1,0,7,38,8,0.3385950338363638
7689,1005.76,1,81,-1.3,0.02,1,8,1,0,1,1,0,1,6,2,0.3478554054551478
7690,1006.27,1,400,-37.2,0.02,1,22,1,0,0,0,1,21,45,31,0.4676501986254525
7691,1006.35,1,103,11.8,0.02,1,29,1,0,1,1,0,6,14,9,0.6856252127987206
7692,1006.43,3,69,21.3,0.02,3,22,4,0,1,1,0,3,8,8,0.7244919302171273
7693,1006.6,1,152,7.0,0.02,1,29,1,0,1,1,0,5,19,18,0.5029181229519777
7694,1006.62,0,13,-1.3,0.02,0,6,1,0,1,1,0,1,2,0,1.2966625445395779
7695,1007.0,1,333,-11.0,0.02,1,33,1,0,1,1,0,8,36,27,0.3687645490845729
7696,1007.12,2,113,15.6,0.02,2,26,2,0,0,1,0,3,14,11,0.6197472054433025
7697,1007.42,2,300,2.2,0.02,2,38,2,0,1,1,0,8,35,28,0.3919880998524718
7698,1007.51,0,84,2.9,0.02,0,19,0,0,1,1,0,2,7,7,0.5658162505010252
7699,1007.52,0,22,0.6,0.02,0,9,1,0,1,1,0,1,3,2,0.4423499054093405
7700,1007.8,4,237,25.4,0.02,4,41,3,0,1,1,0,5,29,19,0.5235527242021785
7701,1007.91,2,104,2.8,0.02,2,14,2,0,1,1,0,5,13,8,0.7744117812160634
7702,1007.93,0,28,2.8,0.02,0,11,0,0,1,1,0,0,4,4,0.5995886042436104
7703,1007.94,0,22,1.4,0.02,0,10,0,0,1,1,0,1,3,4,0.6275139082065313
7704,1008.27,3,230,4.1,0.02,3,23,3,0,0,1,0,4,25,19,0.4064005827604476
7705,1008.35,0,94,-3.0,0.02,0,13,0,0,1,1,0,1,11,6,0.5056579292510247
7706,1008.68,1,297,-13.1,0.02,1,32,0,0,1,1,0,13,36,24,0.4205425274207901
7707,1009.25,2,400,-2.4,0.02,2,39,2,0,0,0,1,8,42,33,0.4607175008345587
7708,1009.74,1,342,-19.0,0.02,1,26,0,0,1,1,0,9,39,18,0.3804981162834441
7709,1009.94,0,178,-5.9,0.02,0,24,0,0,1,1,0,6,23,11,0.40579578756152956
7710,1010.31,3,325,-12.0,0.02,3,29,1,0,1,1,0,16,37,25,0.4887730806727061
7711,1010.65,2,400,9.9,0.02,2,53,2,0,0,0,1,9,49,40,0.5186515352581257
7712,1011.22,12,400,-4.2,0.02,2,36,2,2,0,0,1,8,51,21,0.4798850839203769
7713,1011.27,0,53,5.9,0.02,0,19,1,0,1,1,0,2,7,8,0.7418896726662468
7714,1011.37,2,121,18.4,0.02,2,30,2,0,1,1,0,3,13,15,0.5753164867696434
7715,1011.39,0,36,4.0,0.02,0,14,0,0,1,1,0,1,5,4,0.6891325680063893
7716,1011.64,4,239,23.0,0.02,4,39,4,0,1,1,0,5,26,21,0.5071419004765081
7717,1011.73,1,86,13.3,0.02,1,24,0,0,1,1,0,1,10,11,0.5355740533128148
7718,1011.95,7,279,-7.3,0.02,2,23,3,1,1,1,0,6,31,14,0.4100155643645822
7719,1012.09,4,191,28.0,0.02,4,37,4,0,1,1,0,3,23,19,0.5508062940896284
7720,1012.34,4,171,36.1,0.02,4,43,3,0,1,1,0,3,19,18,0.51203104752458
7721,1012.66,5,400,9.1,0.02,5,35,4,0,0,0,1,8,46,28,0.48534901760345805
7722,1012.79,2,121,20.6,0.02,2,32,2,0,1,1,0,3,14,13,0.6192108078080755
7723,1012.88,4,95,28.8,0.02,4,29,3,0,1,1,0,5,10,7,0.6883575393100247
7724,1012.89,0,6,-4.6,0.02,0,2,0,0,1,1,0,1,1,0,0.5076679676484966
7725,1013.02,4,178,26.8,0.02,4,34,3,0,1,1,0,3,21,14,0.5439176862142368
7726,1013.09,2,58,17.5,0.02,2,20,1,0,1,1,0,1,7,7,0.7580300470198198
7727,1013.43,9,317,7.7,0.02,4,34,3,1,1,1,0,7,33,26,0.5196636972646382
7728,1013.52,1,96,14.1,0.02,1,26,1,0,1,1,0,1,13,13,0.5928106157010965
7729,1013.55,0,28,0.8,0.02,0,9,0,0,1,1,0,0,4,4,0.8464663116014784
7730,1013.8,2,194,13.8,0.02,2,34,2,0,1,1,0,4,22,18,0.4516339376900382
7731,1013.81,0,14,-3.5,0.02,0,4,1,0,1,1,0,1,2,1,0.5030221157695303
7732,1014.37,7,400,-0.5,0.02,2,45,2,1,0,0,1,11,46,44,0.4621877318415067
7733,1014.4,1,39,4.7,0.02,1,12,1,0,1,1,0,3,5,4,0.6221182018626087
7734,1014.6,2,195,14.9,0.02,2,32,2,0,1,1,0,1,23,16,0.5682605521294076
7735,1015.05,6,342,-12.4,0.02,1,33,1,1,1,1,0,8,39,32,0.4555579349071584
7736,1015.2,6,174,-5.9,0.02,1,21,0,1,0,1,0,9,24,5,0.5662426378100338
7737,1015.4,0,207,-13.7,0.02,0,22,1,0,1,1,0,9,26,10,0.3690178017591365
7738,1015.51,1,107,2.6,0.02,1,20,0,0,0,1,0,6,12,7,0.7129915481655119
7739,1015.59,1,91,6.4,0.02,1,19,1,0,1,1,0,3,11,5,0.49643326505360075
7740,1015.78,11,247,17.1,0.02,6,24,4,1,1,1,0,5,28,22,0.5596901192329449
7741,1016.02,10,248,16.8,0.02,5,33,5,1,1,1,0,10,30,14,0.5247733255677152
7742,1016.07,2,66,20.5,0.02,2,24,3,0,1,1,0,1,9,9,0.6809540714675121
7743,1016.07,0,6,-3.6,0.02,0,3,0,0,1,1,0,1,1,0,0.3786227393747714
7744,1016.22,1,140,-3.5,0.02,1,14,1,0,1,1,0,3,19,5,0.5729915977181486
7745,1016.63,2,294,12.3,0.02,2,42,1,0,1,1,0,3,34,23,0.3969924201722854
7746,1016.67,0,53,-1.6,0.02,0,12,0,0,1,1,0,3,7,3,0.4990249701477516
7747,1016.73,2,69,15.2,0.02,2,22,1,0,1,1,0,4,8,9,0.6793527352866578
7748,1016.77,0,51,5.1,0.02,0,18,0,0,1,1,0,2,7,8,0.4730486442629686
7749,1016.82,2,50,16.5,0.02,2,18,2,0,1,1,0,1,6,5,0.7290431563904533
7750,1016.87,2,53,15.3,0.02,2,18,2,0,1,1,0,2,7,4,0.8050373284899249
7751,1017.03,3,170,26.2,0.02,3,37,2,0,1,1,0,2,19,18,0.5410048984050974
7752,1017.25,1,164,6.1,0.02,1,26,0,0,0,1,0,2,20,15,0.5553655278475548
7753,1017.58,1,400,-19.4,0.02,1,27,0,0,0,0,1,9,48,23,0.4366425407786712
7754,1017.65,0,67,5.4,0.02,0,19,1,0,1,1,0,1,9,9,0.4536779612021336
7755,1017.76,5,121,44.6,0.02,5,42,5,0,1,1,0,4,14,13,0.7497486702977074
7756,1017.79,1,33,10.6,0.02,1,14,2,0,1,1,0,0,4,1,1.0103712487901708
7757,1017.82,0,35,1.2,0.02,0,11,0,0,1,1,0,1,5,3,0.5976698366235086
7758,1017.92,1,110,4.7,0.02,1,23,1,0,0,1,0,6,14,13,0.5622340307261634
7759,1018.04,0,108,7.7,0.02,0,29,0,0,1,1,0,4,13,15,0.5773034390320123
7760,1018.08,0,43,13.0,0.02,0,23,0,0,1,1,0,0,6,7,0.6155675663001595
7761,1018.25,7,162,17.6,0.02,2,33,3,1,1,1,0,3,19,12,0.5437217895738657
7762,1018.53,3,234,7.4,0.02,3,30,1,0,1,1,0,7,28,22,0.5698915552782936
7763,1018.82,8,221,13.7,0.02,3,31,3,1,1,1,0,4,27,12,0.5561487036495928
7764,1018.89,3,89,29.8,0.02,3,33,4,0,1,1,0,3,11,13,0.7781028716654762
7765,1019.0,4,120,26.2,0.02,4,25,2,0,1,1,0,1,13,8,0.6195707088348618
7766,1019.41,2,355,-21.6,0.02,2,28,2,0,1,1,0,16,42,31,0.4721327523633681
7767,1019.56,2,245,11.8,0.02,2,37,2,0,1,1,0,4,30,17,0.3882649690990506
7768,1019.67,1,98,-4.2,0.02,1,13,1,0,1,1,0,7,13,4,0.6046163082418567
7769,1019.8,1,131,12.6,0.02,1,28,1,0,1,1,0,1,15,13,0.5114783311625818
7770,1019.81,2,22,8.7,0.02,2,6,2,0,1,1,0,0,2,1,1.2740551554631732
7771,1019.86,0,51,5.4,0.02,0,17,0,0,1,1,0,1,7,5,0.5014257536146361
7772,1019.97,2,93,10.7,0.02,2,21,1,0,0,1,0,5,10,10,0.6466856021038263
7773,1019.98,0,5,-1.8,0.02,0,4,0,0,1,1,0,0,1,3,3.6256904739769693
7774,1020.08,1,93,3.0,0.02,1,18,1,0,1,1,0,5,12,7,0.5485385364156413
7775,1020.12,1,46,2.1,0.02,1,8,1,0,1,1,0,1,6,3,0.5857530684918357
7776,1020.14,0,28,5.7,0.02,0,14,1,0,1,1,0,0,4,5,0.6060883333882777
7777,1020.39,1,252,-19.7,0.02,1,14,1,0,1,1,0,7,31,15,0.4609923831914074
7778,1020.5,6,116,-3.0,0.02,1,12,1,1,0,1,0,3,14,4,0.5749490807085726
7779,1020.68,2,198,8.7,0.02,2,31,2,0,1,1,0,6,24,15,0.4588895213848182
7780,1020.76,3,101,15.0,0.02,3,17,3,0,1,1,0,1,12,9,0.7490547735722407
7781,1020.87,0,93,-5.1,0.02,0,14,0,0,1,1,0,4,13,8,0.5813873298667249
7782,1020.95,0,88,2.1,0.02,0,21,0,0,0,1,0,4,11,11,0.6178427260840722
7783,1021.08,3,111,30.4,0.02,3,34,2,0,1,1,0,1,13,15,0.7229758772512598
7784,1021.08,0,14,-2.5,0.02,0,5,0,0,1,1,0,1,2,1,0.3412414121709477
7785,1021.51,6,400,-11.5,0.02,1,30,1,1,0,0,1,5,47,14,0.41053542947383154
7786,1021.72,2,171,6.9,0.02,2,26,1,0,0,1,0,6,18,10,0.45874964086593584
7787,1021.83,1,91,8.3,0.02,1,18,1,0,1,1,0,0,11,6,0.45332960317397664
7788,1021.87,2,42,15.5,0.02,2,17,3,0,1,1,0,2,5,3,0.9108888999689516
7789,1022.06,2,203,20.1,0.02,2,41,3,0,1,1,0,4,23,16,0.42393737365396783
7790,1022.12,0,68,2.4,0.02,0,18,0,0,1,1,0,3,9,8,0.5039468355532494
7791,1022.22,1,92,12.1,0.02,1,24,2,0,0,1,0,2,12,7,0.632836992296503
7792,1022.24,0,28,3.9,0.02,0,13,0,0,1,1,0,1,4,3,0.5451185597641625
7793,1022.3,4,73,26.8,0.02,4,22,4,0,1,1,0,2,9,9,0.7443483113287452
7794,1022.63,1,400,-48.5,0.02,1,32,1,0,0,0,1,42,49,34,0.6710449393912281
7795,1022.98,7,221,-1.8,0.02,2,25,2,1,1,1,0,8,27,17,0.5656683997395483
7796,1023.22,2,176,10.2,0.02,2,32,2,0,1,1,0,7,18,22,0.4630107256893595
7797,1023.32,1,112,-0.4,0.02,1,15,2,0,1,1,0,3,13,12,0.6215945802429751
7798,1023.48,3,147,14.9,0.02,3,25,4,0,1,1,0,4,18,14,0.5338081590325362
7799,1023.56,3,92,20.0,0.02,3,20,3,0,1,1,0,0,12,8,0.8555947151233291
7800,1023.64,3,85,21.8,0.02,3,24,3,0,1,1,0,3,11,7,0.7608732818253329
7801,1023.69,3,60,15.6,0.02,3,16,1,0,1,1,0,4,7,4,0.8298920237776612
7802,1023.85,4,152,19.7,0.02,4,23,4,0,1,1,0,2,19,11,0.45773896942115416
7803,1023.86,1,17,4.1,0.02,1,7,1,0,1,1,0,1,2,2,1.173309808093198
7804,1024.08,3,165,29.7,0.02,3,42,4,0,1,1,0,4,20,18,0.49134232421708096
7805,1024.18,1,101,14.8,0.02,1,28,1,0,1,1,0,2,13,11,0.7724997948647937
7806,1024.43,8,238,8.5,0.02,3,33,4,1,1,1,0,9,28,17,0.4270431825545912
7807,1024.49,1,59,14.2,0.02,1,22,1,0,1,1,0,1,8,9,0.7901632043138113
7808,1024.62,2,111,10.1,0.02,2,21,3,0,1,1,0,4,12,8,0.6026896233224435
7809,1024.67,1,42,4.4,0.02,1,9,0,0,1,1,0,0,5,4,0.8384157259948777
7810,1024.76,1,86,4.1,0.02,1,13,2,0,1,1,0,0,10,3,0.6393837837626668
7811,1025.04,2,292,4.6,0.02,2,34,2,0,1,1,0,3,37,22,0.42358183019822276
7812,1025.27,1,177,-3.6,0.02,1,22,1,0,0,1,0,6,22,19,0.5429872013751775
7813,1025.37,3,118,8.2,0.02,3,21,3,0,0,1,0,10,14,10,0.6767485401907959
7814,1025.55,4,148,23.1,0.02,4,27,3,0,1,1,0,2,17,21,0.45690934888186086
7815,1025.55,0,6,-2.7,0.02,0,3,0,0,1,1,0,0,1,1,0.4054211610833837
7816,1025.65,4,109,31.0,0.02,4,30,4,0,1,1,0,2,14,11,0.7518483296768578
7817,1025.67,0,27,1.1,0.02,0,9,0,0,1,1,0,0,4,2,0.40794843711767215
7818,1025.76,0,104,0.7,0.02,0,21,0,0,1,1,0,4,12,9,0.4293660283644075
7819,1025.84,1,84,7.5,0.02,1,18,1,0,1,1,0,1,11,11,0.5138497210713379
7820,1026.25,1,382,-26.7,0.02,1,22,1,0,1,1,0,9,46,15,0.31462582368533215
7821,1026.41,0,135,-8.5,0.02,0,18,0,0,1,1,0,7,17,10,0.5389620077594248
7822,1026.45,0,56,-2.8,0.02,0,10,0,0,1,1,0,2,4,2,0.7444320017149628
7823,1026.49,1,44,10.1,0.02,1,17,1,0,1,1,0,2,6,5,1.0877176007294722
7824,1026.5,0,21,-0.2,0.02,0,9,1,0,1,1,0,2,3,1,0.5880019742986392
7825,1026.56,3,71,20.2,0.02,3,21,3,0,1,1,0,3,8,7,0.9115879779676749
7826,1026.8,1,256,-12.7,0.02,1,22,0,0,1,1,0,8,31,11,0.4869345905864372
7827,1026.9,0,106,6.2,0.02,0,28,0,0,1,1,0,5,13,12,0.5270894114620672
7828,1026.95,0,54,4.0,0.02,0,15,1,0,1,1,0,0,7,6,0.41453009483043857
7829,1027.06,1,137,5.0,0.02,1,19,1,0,1,1,0,0,18,3,0.4333230504625143
7830,1027.24,4,148,21.2,0.02,4,28,4,0,1,1,0,6,16,10,0.5853874415913711
7831,1027.41,4,400,-8.2,0.02,4,23,4,0,0,0,1,10,55,11,0.5247547437720259
7832,1027.45,1,51,9.3,0.02,1,16,1,0,1,1,0,1,7,6,0.5116201348416657
7833,1027.51,2,58,9.9,0.02,2,15,3,0,1,1,0,4,7,3,0.903782190667136
7834,1027.57,0,70,4.0,0.02,0,19,1,0,1,1,0,2,9,10,0.6616342509073229
7835,1027.69,7,168,14.5,0.02,2,38,1,1,0,1,0,10,18,17,0.5645650555552564
7836,1027.75,3,82,29.8,0.02,3,30,3,0,1,1,0,1,10,10,0.6542292858344249
7837,1028.06,3,374,0.8,0.02,3,38,4,0,1,1,0,7,43,28,0.49387100888983154
7838,1028.08,1,20,1.8,0.02,1,5,1,0,1,1,0,1,3,2,0.976492020425688
7839,1028.1,1,24,3.2,0.02,1,7,1,0,1,1,0,1,3,4,0.9551788082415401
7840,1028.2,0,109,-1.0,0.02,0,17,1,0,0,1,0,1,14,11,0.6492659652508674
7841,1028.42,5,199,21.0,0.02,5,28,1,0,1,1,0,5,21,21,0.515162507396129
7842,1028.91,3,400,13.5,0.02,3,46,3,0,0,0,1,5,49,24,0.3375356210420035
7843,1028.98,1,75,10.8,0.02,1,23,2,0,1,1,0,4,10,7,0.5656783074915741
7844,1029.09,1,132,-0.2,0.02,1,21,3,0,1,1,0,7,17,10,0.612561866583948
7845,1029.35,0,215,-5.8,0.02,0,30,1,0,1,1,0,8,28,13,0.42993344232430863
7846,1029.43,2,78,10.8,0.02,2,15,1,0,1,1,0,1,10,4,0.5612903027545286
7847,1029.68,2,278,5.8,0.02,2,37,2,0,1,1,0,6,34,24,0.4801861383586391
7848,1029.73,1,53,6.6,0.02,1,15,1,0,1,1,0,2,7,11,0.8027814920009351
7849,1029.98,5,259,32.0,0.02,5,47,5,0,1,1,0,7,30,21,0.4475144284340738
7850,1030.37,2,286,-11.8,0.02,2,32,2,0,1,1,0,17,29,32,0.5950352816591498
7851,1030.71,1,331,-15.0,0.02,1,26,1,0,1,1,0,5,39,29,0.44581161913237216
7852,1030.78,1,74,6.0,0.02,1,15,1,0,1,1,0,1,9,6,0.41460511957573243
7853,1031.09,3,200,12.4,0.02,3,32,4,0,1,1,0,8,23,16,0.5071140159637302
7854,1031.15,2,72,15.4,0.02,2,23,2,0,0,1,0,5,9,4,0.8116680130597262
7855,1031.3,3,133,19.1,0.02,3,27,4,0,1,1,0,4,15,6,0.6695319645271037
7856,1031.81,2,400,-14.4,0.02,2,34,1,0,0,0,1,14,43,43,0.4288552024302088
7857,1031.91,1,116,3.4,0.02,1,22,1,0,1,1,0,6,13,10,0.5943184336500962
7858,1032.06,2,145,8.7,0.02,2,25,4,0,1,1,0,6,17,8,0.5383512558344176
7859,1032.45,4,323,12.4,0.02,4,35,4,0,0,1,0,4,36,13,0.37353512423174073
7860,1032.63,0,171,-6.2,0.02,0,20,0,0,1,1,0,3,23,11,0.4604800728792153
7861,1033.11,3,312,-3.2,0.02,3,29,5,0,1,1,0,9,37,20,0.50026447086232
7862,1033.24,6,160,29.0,0.02,6,24,2,0,1,1,0,3,19,10,0.5250995837567818
7863,1033.26,0,28,3.7,0.02,0,13,1,0,1,1,0,1,4,5,0.5282067540224232
7864,1033.75,2,347,-26.7,0.02,2,22,2,0,1,1,0,16,39,30,0.44644672174551425
7865,1033.84,2,84,10.9,0.02,2,17,2,0,1,1,0,2,11,7,0.6098676006532441
7866,1033.88,0,41,2.4,0.02,0,13,0,0,1,1,0,1,6,5,0.6423277324269305
7867,1034.19,4,263,13.2,0.02,4,34,4,0,1,1,0,7,31,25,0.4860517933967292
7868,1034.29,2,103,20.6,0.02,2,30,2,0,1,1,0,3,13,11,0.6568923098626859
7869,1034.47,7,400,-23.5,0.02,2,35,1,1,0,0,1,26,50,24,0.550221023341448
7870,1034.76,7,240,7.5,0.02,2,34,2,1,1,1,0,5,28,25,0.5233676598898047
7871,1034.88,5,111,30.6,0.02,5,23,4,0,1,1,0,0,12,13,0.6706701960616074
7872,1035.06,3,207,8.6,0.02,3,24,3,0,1,1,0,3,21,17,0.5266324721858943
7873,1035.16,0,107,5.7,0.02,0,24,0,0,1,1,0,2,9,6,0.4246491177817775
7874,1035.62,8,368,-15.9,0.02,3,22,1,1,0,1,0,8,44,31,0.4016283494848033
7875,1035.81,2,201,9.9,0.02,2,31,2,0,1,1,0,4,24,20,0.4660751613867888
7876,1035.82,0,14,-1.5,0.02,0,6,0,0,1,1,0,1,2,1,0.4498385676425124
7877,1035.99,3,147,28.6,0.02,3,37,3,0,1,1,0,2,18,17,0.552420322545396
7878,1036.16,3,148,32.5,0.02,3,44,3,0,1,1,0,5,16,17,0.6951882735706945
7879,1036.17,0,6,-3.6,0.02,0,3,0,0,1,1,0,1,1,0,0.4192646660323971
7880,1036.3,4,106,21.6,0.02,4,22,1,0,1,1,0,4,13,8,0.633659066563999
7881,1036.31,1,17,5.1,0.02,1,7,1,0,1,1,0,0,2,2,0.716624880797296
7882,1036.66,3,244,8.0,0.02,3,32,2,0,1,1,0,8,26,16,0.529034158550199
7883,1036.73,2,73,21.2,0.02,2,25,2,0,1,1,0,1,9,5,0.6131964276186961
7884,1036.73,0,7,-3.7,0.02,0,2,0,0,1,1,0,0,1,0,0.23204741646949284
7885,1037.01,3,307,-2.9,0.02,3,32,1,0,1,1,0,11,35,32,0.5943069088749866
7886,1037.36,2,400,-4.0,0.02,2,44,4,0,0,0,1,15,51,29,0.4917647082414533
7887,1037.73,2,258,8.8,0.02,2,36,1,0,0,1,0,4,29,24,0.5271882169218642
7888,1037.97,3,209,7.6,0.02,3,28,2,0,1,1,0,7,23,25,0.4244440661145797
7889,1038.09,2,97,16.5,0.02,2,23,1,0,0,1,0,1,13,8,0.6086751457621199
7890,1038.5,2,344,-14.0,0.02,2,31,3,0,1,1,0,13,41,26,0.42328979450783405
7891,1038.74,5,164,39.0,0.02,5,38,5,0,1,1,0,1,17,16,0.674143226509345
7892,1038.9,2,218,15.6,0.02,2,40,1,0,1,1,0,5,27,26,0.47877338137145414
7893,1039.16,6,232,1.6,0.02,1,34,0,1,1,1,0,7,26,22,0.46651120419240366
7894,1039.24,2,76,18.5,0.02,2,24,1,0,1,1,0,2,9,9,0.760330712578024
7895,1039.62,7,241,8.9,0.02,2,35,1,1,1,1,0,5,27,20,0.4225940461311219
7896,1039.69,2,85,12.5,0.02,2,21,2,0,1,1,0,4,10,10,0.7074035398014973
7897,1039.87,0,197,-4.6,0.02,0,27,1,0,1,1,0,5,25,19,0.47440604615179754
7898,1040.15,2,246,1.0,0.02,2,27,1,0,1,1,0,4,28,24,0.44951019334791026
7899,1040.31,3,170,17.0,0.02,3,27,3,0,1,1,0,2,19,10,0.5238943163309019
7900,1040.64,1,270,3.9,0.02,1,38,1,0,1,1,0,5,32,21,0.42274044123706644
7901,1041.0,12,269,-1.1,0.02,2,30,2,2,1,1,0,7,30,22,0.38994084723605876
7902,1041.34,3,400,-8.6,0.02,3,33,3,0,0,0,1,12,47,45,0.48189855734635506
7903,1041.4,1,74,5.7,0.02,1,18,2,0,1,1,0,4,9,9,0.6632494964706797
7904,1041.48,2,101,17.9,0.02,2,27,2,0,1,1,0,3,12,10,0.7025035692585766
7905,1041.52,1,45,7.2,0.02,1,13,1,0,1,1,0,1,6,3,0.7641089757247685
7906,1042.04,0,329,-24.6,0.02,0,26,0,0,0,1,0,10,39,27,0.3938711577081484
7907,1042.27,1,203,7.7,0.02,1,33,0,0,1,1,0,3,22,20,0.43053693862724224
7908,1042.47,4,156,16.3,0.02,4,22,3,0,1,1,0,4,17,11,0.6298869226610737
7909,1042.59,3,142,24.3,0.02,3,33,5,0,1,1,0,3,17,15,0.5625613485306306
7910,1042.79,6,169,7.0,0.02,1,31,1,1,1,1,0,5,19,21,0.4484717204474522
7911,1042.8,0,13,-2.4,0.02,0,4,0,0,1,1,0,0,2,1,0.40689679794530964
7912,1042.9,1,97,-1.1,0.02,1,14,0,0,1,1,0,5,12,4,0.5642296024434775
7913,1042.92,0,35,-3.9,0.02,0,7,0,0,1,1,0,2,5,4,0.5241133372108459
7914,1043.23,3,284,16.6,0.02,3,45,4,0,1,1,0,8,32,20,0.49895318094222246
7915,1043.45,2,171,28.0,0.02,2,44,3,0,1,1,0,2,21,19,0.6690952678685048
7916,1043.55,0,151,-8.3,0.02,0,22,1,0,1,1,0,9,17,12,0.4844758591659249
7917,1043.93,3,308,11.1,0.02,3,40,4,0,1,1,0,5,38,31,0.468692211597644
7918,1044.33,1,400,-34.7,0.02,1,18,0,0,0,0,1,15,50,26,0.43955415578661455
7919,1044.58,6,220,-1.3,0.02,1,31,0,1,1,1,0,9,28,13,0.5071031203550785
7920,1044.95,3,400,-35.7,0.02,3,31,3,0,0,0,1,39,49,26,0.6636699610802543
7921,1045.04,3,114,22.3,0.02,3,29,2,0,1,1,0,4,15,13,0.6549756725881819
7922,1045.32,3,251,11.2,0.02,3,36,4,0,0,1,0,8,30,17,0.46133317487055614
7923,1045.34,0,35,6.0,0.02,0,15,0,0,1,1,0,0,5,5,0.607733136886851
7924,1045.35,0,14,-1.6,0.02,0,5,0,0,1,1,0,0,2,2,0.378814591938549
7925,1045.41,1,54,6.3,0.02,1,12,2,0,1,1,0,0,7,3,0.5245160487090633
7926,1045.51,4,97,24.5,0.02,4,21,5,0,1,1,0,1,10,8,0.5492653498323707
7927,1045.64,3,160,27.9,0.02,3,41,4,0,1,1,0,5,18,21,0.6410516382981143
7928,1045.75,0,112,4.0,0.02,0,26,1,0,1,1,0,5,14,8,0.57143840445199
7929,1045.82,2,102,15.2,0.02,2,24,4,0,1,1,0,3,13,6,0.5822935621891158
7930,1045.97,3,135,17.8,0.02,3,24,3,0,1,1,0,2,16,7,0.5109828185718885
7931,1046.2,5,175,30.7,0.02,5,34,5,0,1,1,0,4,19,18,0.5937316273492587
7932,1046.33,2,168,19.5,0.02,2,33,1,0,0,1,0,0,20,17,0.549678005219788
7933,1046.45,1,113,10.6,0.02,1,25,1,0,1,1,0,2,14,11,0.4963931191044098
7934,1046.74,2,232,-1.9,0.02,2,26,1,0,1,1,0,8,25,17,0.45890277308078475
7935,1046.75,0,13,0.5,0.02,0,8,0,0,1,1,0,1,2,2,0.7898251616416853
7936,1047.11,4,237,11.4,0.02,4,30,4,0,1,1,0,8,28,19,0.456024905007579
7937,1047.33,3,225,11.4,0.02,3,32,4,0,1,1,0,6,24,21,0.5188902179417529
7938,1047.58,2,209,13.9,0.02,2,36,2,0,0,1,0,4,23,22,0.5328378855108188
7939,1047.71,6,183,12.4,0.02,1,39,1,1,1,1,0,6,24,23,0.4283549912071637
7940,1047.76,0,43,7.1,0.02,0,17,1,0,1,1,0,0,6,6,0.4392833295900465
7941,1048.03,2,257,12.4,0.02,2,40,2,0,1,1,0,5,29,19,0.37526304950476436
7942,1048.09,0,50,1.2,0.02,0,12,0,0,1,1,0,0,7,8,0.5495876976630337
7943,1048.26,4,142,26.6,0.02,4,32,4,0,1,1,0,5,15,12,0.5830996616044614
7944,1048.29,0,42,5.3,0.02,0,16,0,0,1,1,0,1,6,5,0.6611653684442749
7945,1048.42,3,121,21.3,0.02,3,27,1,0,1,1,0,2,15,16,0.6623184468644158
7946,1048.48,5,65,30.9,0.02,5,20,4,0,1,1,0,2,7,6,0.7944581251361372
7947,1048.55,2,66,16.0,0.02,2,20,2,0,1,1,0,2,8,4,0.8185289032508765
7948,1048.81,1,376,-18.7,0.02,1,36,2,0,1,1,0,13,44,41,0.41999219069643196
7949,1049.01,6,163,11.0,0.02,1,33,0,1,1,1,0,4,18,17,0.47316886303511585
7950,1049.24,4,182,19.3,0.02,4,33,4,0,1,1,0,9,20,15,0.6216140523931508
7951,1049.46,1,157,-11.2,0.02,1,10,1,0,1,1,0,5,17,5,0.4966881984825891
7952,1050.02,5,400,16.3,0.02,5,49,3,0,0,0,1,15,46,26,0.4750469818297289
7953,1050.16,6,138,9.1,0.02,1,25,0,1,1,1,0,1,18,11,0.6128212083237426
7954,1050.17,0,21,-0.2,0.02,0,8,0,0,1,1,0,1,3,1,0.7112482144476067
7955,1050.3,3,117,24.0,0.02,3,33,2,1,1,1,0,6,14,13,0.7097524119317777
7956,1050.52,4,179,12.4,0.02,4,25,3,0,1,1,0,8,20,17,0.5397523158027827
7957,1050.66,3,211,28.1,0.02,3,47,3,0,1,1,0,6,21,18,0.5794716949458952
7958,1050.74,1,83,17.9,0.02,1,29,2,0,1,1,0,2,11,8,0.9221358255453932
7959,1050.89,3,160,22.8,0.02,3,33,2,1,1,1,0,3,17,12,0.5376281475434304
7960,1051.0,2,114,17.8,0.02,2,27,2,0,1,1,0,2,14,8,0.6139226065473844
7961,1051.09,0,95,13.4,0.02,0,31,0,1,1,1,0,2,12,11,0.555776032370701
7962,1051.13,1,39,8.6,0.02,1,14,1,0,1,1,0,1,5,5,0.6266428503652527
7963,1051.56,4,350,-6.8,0.02,4,26,2,0,1,1,0,11,39,18,0.4122067542259783
7964,1052.06,5,400,-20.0,0.02,0,36,0,1,0,0,1,13,50,29,0.5156240573576009
7965,1052.24,4,234,23.2,0.02,4,37,3,0,1,1,0,4,26,14,0.49304556588877757
7966,1052.43,3,273,7.5,0.02,3,42,1,0,1,1,0,15,32,22,0.4947844995373649
7967,1052.44,0,14,-2.6,0.02,0,6,0,0,1,1,0,2,2,2,0.5477320332624039
7968,1052.64,7,179,14.5,0.02,2,33,3,1,1,1,0,4,19,16,0.501351243108197
7969,1052.68,1,54,4.1,0.02,1,12,1,0,1,1,0,2,7,5,0.47503446696939616
7970,1052.91,2,216,18.0,0.02,2,41,3,0,1,1,0,4,25,24,0.4280309754831518
7971,1053.1,2,212,4.3,0.02,2,27,2,0,1,1,0,5,24,15,0.5299789183754077
7972,1053.39,4,310,10.9,0.02,4,39,6,0,1,1,0,10,37,21,0.5470106907177238
7973,1053.63,1,227,-14.2,0.02,1,17,1,0,1,1,0,7,16,15,0.33700776364127444
7974,1054.09,2,337,-1.5,0.02,2,39,1,0,1,1,0,9,40,28,0.4608556520521641
7975,1054.27,3,179,16.0,0.02,3,29,3,0,1,1,0,3,19,21,0.561240485871214
7976,1054.66,0,400,-19.1,0.02,0,31,1,0,0,0,1,7,47,30,0.3933000403253946
7977,1054.76,3,109,29.4,0.02,3,34,4,0,1,1,0,2,14,17,0.6728183497956229
7978,1054.9,3,150,13.9,0.02,3,23,2,0,1,1,0,3,16,11,0.5799604417652013
7979,1055.05,4,147,29.2,0.02,4,36,3,0,1,1,0,5,17,21,0.6015743245784099
7980,1055.34,0,241,-4.7,0.02,0,35,0,0,1,1,0,9,28,16,0.4559051504682994
7981,1055.72,3,397,-12.6,0.02,3,32,2,0,1,1,0,11,49,39,0.42557760478364326
7982,1055.83,2,101,17.0,0.02,2,28,2,0,1,1,0,5,13,9,0.7039657203452107
7983,1056.02,3,290,15.5,0.02,3,41,4,0,1,1,0,4,33,25,0.46584173034993104
7984,1056.14,0,121,3.8,0.02,0,27,1,0,1,1,0,5,15,11,0.4313057260296931
7985,1056.37,3,193,5.2,0.02,3,22,3,0,1,1,0,6,22,15,0.5285646513636021
7986,1056.76,1,292,-10.1,0.02,1,32,2,0,1,1,0,10,35,29,0.42918468886471245
7987,1056.9,1,137,16.8,0.02,1,34,1,0,1,1,0,2,17,15,0.4573638502890566
7988,1057.23,4,302,-2.9,0.02,4,37,5,0,1,1,0,23,38,17,0.5096084668053324
7989,1057.52,5,278,18.5,0.02,5,39,4,0,1,1,0,10,30,27,0.43626661755380186
7990,1057.74,0,189,2.3,0.02,0,32,0,0,1,1,0,4,21,18,0.3426843563962867
7991,1057.76,1,23,3.4,0.02,1,6,2,0,0,1,0,0,3,3,1.008119276212397
7992,1057.78,0,21,-1.2,0.02,0,7,0,0,1,1,0,1,3,1,0.39338619984590895
7993,1058.08,11,251,31.6,0.02,6,43,4,1,1,1,0,9,27,23,0.582673312634126
7994,1058.11,0,40,1.6,0.02,0,12,1,0,1,1,0,1,5,4,1.1181482949327577
7995,1058.57,2,400,-15.2,0.02,2,33,2,0,0,0,1,15,49,31,0.48909449033059504
7996,1058.61,0,56,6.8,0.02,0,19,1,0,1,1,0,1,7,6,0.36939708775416913
7997,1058.7,0,91,2.3,0.02,0,19,0,0,0,1,0,2,12,6,0.601432941720539
7998,1058.87,7,154,14.3,0.02,2,31,1,1,1,1,0,5,18,13,0.47822517625307204
7999,1059.07,4,280,14.5,0.02,4,37,5,0,1,1,0,7,30,25,0.5195666027611359
8000,1059.14,2,98,16.4,0.02,2,24,2,0,1,1,0,2,12,8,0.5874339984987591
8001,1059.3,4,141,26.6,0.02,4,30,3,0,1,1,0,3,17,13,0.5426111497436
8002,1059.74,7,400,-25.0,0.02,2,27,2,1,0,0,1,19,50,29,0.45587396040813877
8003,1059.94,1,150,2.3,0.02,1,26,1,0,1,1,0,7,16,17,0.5192110353729242
8004,1060.18,2,301,-0.7,0.02,2,34,4,0,1,1,0,7,35,26,0.36084590194383986
8005,1060.27,4,109,32.9,0.02,4,35,2,0,1,1,0,5,12,12,0.8771010324180045
8006,1060.36,2,81,20.7,0.02,2,25,2,0,0,1,0,0,9,12,0.5550329598703244
8007,1060.54,1,180,-6.4,0.02,1,25,1,0,1,1,0,12,23,14,0.3809611169120338
8008,1060.59,3,61,22.4,0.02,3,21,4,0,1,1,0,2,8,5,0.8338220811279551
8009,1060.76,2,203,12.3,0.02,2,32,2,0,1,1,0,3,26,14,0.4847312580011923
8010,1061.05,5,247,52.9,0.02,5,61,5,0,1,1,0,1,30,24,0.48748450921374403
8011,1061.08,2,37,9.7,0.02,2,11,2,0,1,1,0,2,5,6,0.616345026129671
8012,1061.2,1,115,-2.9,0.02,1,10,0,0,1,1,0,1,9,4,0.5055686137735975
8013,1061.62,8,265,14.2,0.02,3,42,2,1,0,1,0,9,32,23,0.5088378622671625
8014,1061.97,2,261,-4.4,0.02,2,28,2,0,1,1,0,10,30,13,0.43395406013745974
8015,1062.29,6,270,-17.4,0.02,1,26,1,1,1,1,0,15,31,14,0.4527701881333006
8016,1062.63,2,296,-2.5,0.02,2,30,1,0,1,1,0,6,35,19,0.41111099275584556
8017,1063.01,5,345,5.5,0.02,5,38,4,0,1,1,0,15,41,30,0.5991460677669537
8018,1063.01,0,6,-4.6,0.02,0,2,0,0,1,1,0,1,1,0,0.4208627923165296
8019,1063.1,3,97,27.4,0.02,3,29,3,0,1,1,0,1,11,9,0.655799052398706
8020,1063.43,3,301,6.0,0.02,3,38,4,0,1,1,0,9,35,29,0.4247407922779432
8021,1063.76,3,281,0.2,0.02,3,32,3,0,1,1,0,12,32,17,0.4893009173955481
8022,1063.81,0,50,4.2,0.02,0,16,1,0,1,1,0,1,7,8,0.4174944166341373
8023,1063.81,0,7,-1.8,0.02,0,5,1,0,1,1,0,1,1,1,0.6334012393867988
8024,1064.08,4,400,12.9,0.02,4,43,2,0,0,0,1,7,48,30,0.463311938792992
8025,1064.11,2,41,16.5,0.02,2,18,2,0,1,1,0,2,5,4,0.9270623336102081
8026,1064.2,1,82,-3.3,0.02,1,8,0,0,1,1,0,3,4,1,0.4510258334143839
8027,1064.26,5,75,8.8,0.02,0,22,1,1,1,1,0,0,10,7,0.45904627060172354
8028,1064.41,5,129,36.1,0.02,5,36,5,0,1,1,0,6,14,10,0.7143683601465954
8029,1064.6,3,150,25.6,0.02,3,36,3,0,0,1,0,4,18,14,0.5905139131605851
8030,1064.61,0,13,-3.4,0.02,0,5,2,0,1,1,0,2,2,1,0.5743086845589704
8031,1064.67,0,72,5.9,0.02,0,22,0,0,1,1,0,3,10,9,0.5103281441777132
8032,1064.75,1,84,0.2,0.02,1,10,1,0,1,1,0,1,9,4,0.5439075785563304
8033,1064.88,1,157,1.8,0.02,1,27,0,0,1,1,0,8,20,15,0.5903555026396409
8034,1064.96,2,81,13.2,0.02,2,20,2,0,1,1,0,3,7,7,0.5395403658917599
8035,1064.98,0,28,-2.0,0.02,0,7,1,0,1,1,0,1,4,2,0.876051266424805
8036,1065.26,10,306,11.4,0.02,5,34,4,1,1,1,0,9,35,30,0.5372138047905506
8037,1065.46,8,201,9.5,0.02,3,36,3,1,0,1,0,14,23,24,0.6818276055632236
8038,1065.72,7,256,25.7,0.02,2,54,2,1,1,1,0,5,30,27,0.46055442652842576
8039,1065.74,1,29,6.6,0.02,1,11,1,0,1,1,0,1,4,5,0.7158738597150344
8040,1065.79,0,44,0.3,0.02,0,11,0,0,1,1,0,1,6,3,0.4709668205708452
8041,1066.13,0,262,-8.2,0.02,0,32,1,0,1,1,0,7,32,20,0.3658099200472172
8042,1066.25,1,132,19.3,0.02,1,37,1,0,1,1,0,3,16,15,0.4972367972306934
8043,1066.5,8,400,-12.4,0.02,3,51,3,1,0,0,1,35,53,33,0.6650508647777958
8044,1066.56,0,62,-0.6,0.02,0,13,0,0,1,1,0,2,8,4,0.61017916149265
8045,1066.64,2,84,14.0,0.02,2,20,2,0,1,1,0,2,11,6,0.4755128390683863
8046,1066.64,0,7,-4.8,0.02,0,2,0,0,1,1,0,1,1,1,0.36579121505563716
8047,1066.69,2,63,8.2,0.02,2,12,1,0,1,1,0,2,6,5,0.6693330207662123
8048,1067.09,2,400,-29.1,0.02,2,25,3,0,0,0,1,21,50,30,0.5035109224581064
8049,1067.21,3,107,21.1,0.02,3,27,2,0,1,1,0,4,11,12,0.6458514000931986
8050,1067.32,2,400,-4.5,0.02,2,41,2,0,1,1,0,9,54,15,0.44482347398905164
8051,1067.5,1,153,-1.8,0.02,1,21,1,0,1,1,0,6,19,15,0.5541446827971844
8052,1067.79,2,206,5.3,0.02,2,27,2,0,1,1,0,4,23,21,0.4538563989752721
8053,1067.93,6,126,-3.4,0.02,1,14,1,1,1,1,0,4,15,8,0.3782091298765581
8054,1068.32,0,400,-23.8,0.02,0,31,0,0,0,0,1,11,52,37,0.4600599769072772
8055,1068.39,2,69,13.4,0.02,2,18,2,0,0,1,0,2,8,7,0.809676917944505
8056,1068.39,0,6,-3.6,0.02,0,3,0,0,1,1,0,1,1,0,0.6652144692826283
8057,1068.43,1,43,2.2,0.02,1,8,1,0,1,1,0,1,6,5,0.5969485386615138
8058,1068.55,4,98,23.8,0.02,4,25,5,0,0,1,0,5,12,14,0.6803634249346225
8059,1068.81,6,214,10.3,0.02,1,41,1,1,1,1,0,7,26,23,0.5747191271117302
8060,1068.96,2,142,16.1,0.02,2,28,3,0,1,1,0,2,15,7,0.44528083656143996
8061,1069.14,4,164,34.1,0.02,4,39,4,0,0,1,0,2,18,15,0.6231017288262289
8062,1069.28,8,189,21.1,0.02,3,37,2,1,1,1,0,5,20,20,0.5109693930384579
8063,1069.36,2,84,12.2,0.02,2,18,0,0,1,1,0,2,10,4,0.6179872744948741
8064,1069.62,5,298,-14.8,0.02,0,29,0,1,1,1,0,6,34,30,0.31139612597423394
8065,1069.96,6,255,-1.7,0.02,1,35,1,1,1,1,0,9,32,22,0.46611638717882314
8066,1070.23,0,327,-14.9,0.02,0,28,0,0,1,1,0,3,40,22,0.49702839324545783
8067,1070.32,8,101,19.9,0.02,3,23,0,1,1,1,0,2,12,10,0.616246744090765
8068,1070.83,2,400,-12.0,0.02,2,31,3,0,0,0,1,9,43,39,0.4076017023830523
8069,1071.05,2,288,15.0,0.02,2,47,4,0,1,1,0,5,33,32,0.3839549883667455
8070,1071.49,3,400,7.9,0.02,3,43,2,0,0,0,1,7,47,30,0.5089050727558536
8071,1071.78,2,255,5.9,0.02,2,32,1,0,1,1,0,4,30,16,0.45521238036139633
8072,1071.96,7,141,22.7,0.02,2,37,2,1,1,1,0,4,18,12,0.7058174664573985
8073,1071.97,0,14,0.5,0.02,0,8,1,0,1,1,0,1,2,1,0.5824885540600988
8074,1072.44,1,317,-4.3,0.02,1,38,2,0,0,1,0,7,36,36,0.47597059983408135
8075,1072.69,0,233,-7.2,0.02,0,25,0,0,1,1,0,2,28,19,0.3720025661173818
8076,1072.94,3,203,10.3,0.02,3,24,3,0,0,1,0,2,20,14,0.46253803252387543
8077,1073.52,3,400,-8.4,0.02,3,34,2,0,0,0,1,15,47,23,0.41473201934128906
8078,1073.53,0,15,-2.6,0.02,0,4,0,0,1,1,0,0,2,1,0.21655999371835477
8079,1073.57,2,49,14.6,0.02,2,16,3,0,1,1,0,1,6,5,0.9327534575984794
8080,1074.12,3,358,-3.8,0.02,3,38,3,0,1,1,0,13,41,30,0.4960930045011511
8081,1074.32,1,242,4.7,0.02,1,37,1,0,1,1,0,6,29,21,0.3850811925398728
8082,1074.34,1,25,5.3,0.02,1,8,1,0,1,1,0,0,3,2,0.5244332166541303
8083,1074.54,1,158,19.2,0.02,1,39,1,0,0,1,0,2,18,20,0.5102856274037387
8084,1074.79,4,267,6.9,0.02,4,34,5,0,1,1,0,14,32,14,0.4490187547035768
8085,1075.22,2,400,-8.5,0.02,2,41,2,0,0,0,1,16,48,34,0.4754197598426812
8086,1075.3,0,86,-6.9,0.02,0,9,0,0,1,1,0,2,7,3,0.3764335789514073
8087,1075.4,1,113,-8.6,0.02,1,8,2,0,1,1,0,5,14,3,0.5358844083761549
8088,1075.47,3,84,16.5,0.02,3,20,2,0,0,1,0,4,10,11,0.6683593082806305
8089,1075.88,4,286,13.5,0.02,4,39,4,0,1,1,0,10,31,19,0.5705747742758878
8090,1076.04,1,160,0.0,0.02,1,24,1,0,1,1,0,6,19,20,0.6299891576040058
8091,1076.15,1,118,7.5,0.02,1,20,1,0,1,1,0,0,15,7,0.4875572296159294
8092,1076.16,0,6,-4.6,0.02,0,2,1,0,1,1,0,1,1,0,0.21935234690597558
8093,1076.54,7,330,-13.6,0.02,2,29,1,1,1,1,0,12,35,26,0.5330072325981678
8094,1076.89,1,322,-9.0,0.02,1,33,1,0,1,1,0,8,36,18,0.3900448801422098
8095,1076.95,2,59,20.0,0.02,2,22,3,0,1,1,0,0,7,11,0.5689172823182153
8096,1077.11,2,194,24.9,0.02,2,45,2,0,1,1,0,4,23,17,0.5664001375100439
8097,1077.19,2,85,13.7,0.02,2,21,1,0,1,1,0,3,10,8,0.6892607645499105
8098,1077.71,3,400,-6.4,0.02,3,28,2,0,0,0,1,8,55,13,0.4388585776612169
8099,1077.76,1,58,17.3,0.02,1,26,1,0,1,1,0,2,7,9,0.5908667309768812
8100,1077.84,0,82,0.7,0.02,0,17,0,0,1,1,0,2,11,11,0.5062981608018552
8101,1078.24,7,275,-7.6,0.02,2,26,1,1,1,1,0,9,30,21,0.4764084722926102
8102,1078.3,0,64,1.7,0.02,0,17,0,0,1,1,0,3,9,9,0.8145048521667797
8103,1078.43,2,145,4.3,0.02,2,24,2,0,1,1,0,9,18,12,0.5175283107348423
8104,1078.58,1,124,8.3,0.02,1,27,1,0,1,1,0,5,16,13,0.511231360867044
8105,1078.59,0,6,-3.6,0.02,0,3,0,0,1,1,0,1,1,0,0.46660168775593386
8106,1078.66,0,74,3.1,0.02,0,16,0,0,1,1,0,0,10,5,0.4203763033452022
8107,1078.7,1,53,4.2,0.02,1,12,2,0,1,1,0,2,6,5,0.5495971401945702
8108,1078.73,0,36,5.9,0.02,0,16,0,0,1,1,0,1,5,5,0.4943556755268912
8109,1078.81,2,73,20.9,0.02,2,25,2,0,0,1,0,1,10,8,0.7894619381775608
8110,1078.87,0,68,0.8,0.02,0,14,0,0,1,1,0,1,9,4,0.49552139510678617
8111,1079.26,2,400,-18.5,0.02,2,20,3,0,0,0,1,7,50,14,0.3841954610320879
8112,1079.36,3,87,20.1,0.02,3,22,2,0,1,1,0,3,10,2,0.7928417167769881
8113,1079.97,3,400,10.0,0.02,3,44,3,0,0,0,1,6,46,29,0.4571652315676553
8114,1079.99,0,22,-1.5,0.02,0,8,0,0,1,1,0,2,3,3,0.3285302078519004
8115,1080.1,2,135,18.3,0.02,2,32,2,0,1,1,0,4,17,12,0.5414381738093654
8116,1080.35,3,224,4.3,0.02,3,27,4,0,1,1,0,9,28,13,0.483423306144202
8117,1080.54,2,178,12.7,0.02,2,29,0,0,1,1,0,2,21,15,0.4650776846621944
8118,1080.61,2,65,14.7,0.02,2,18,2,0,1,1,0,1,8,8,0.5569174261418246
8119,1080.7,0,92,3.9,0.02,0,20,0,0,1,1,0,1,12,9,0.6407030348667052
8120,1080.79,2,90,23.2,0.02,2,29,1,0,1,1,0,1,11,8,0.7546984228930517
8121,1080.92,2,174,9.2,0.02,2,29,2,0,1,1,0,6,22,14,0.529557516484173
8122,1080.93,0,13,0.5,0.02,0,8,2,0,1,1,0,1,2,2,0.7508944798283218
8123,1081.15,2,295,10.2,0.02,2,43,4,0,1,1,0,6,33,23,0.4565356067430998
8124,1081.18,2,36,12.1,0.02,2,14,2,0,1,1,0,3,4,3,0.8879049464413323
8125,1081.42,2,220,6.6,0.02,2,27,3,0,1,1,0,2,28,14,0.4870502638290687
8126,1081.47,0,60,1.5,0.02,0,14,0,0,1,1,0,1,8,5,0.47813904327191065
8127,1081.65,3,349,-14.8,0.02,3,37,3,0,1,1,0,24,42,29,0.5732068846553906
8128,1082.15,8,400,4.9,0.02,3,39,3,1,0,0,1,6,47,30,0.4081404052023462
8129,1082.37,3,204,11.8,0.02,3,32,0,0,1,1,0,8,22,18,0.5877750176695054
8130,1082.45,1,88,10.0,0.02,1,22,1,0,1,1,0,2,11,12,0.7316776129264007
8131,1082.46,0,13,-3.3,0.02,0,4,0,0,1,1,0,1,2,0,0.4924191839898674
8132,1082.62,2,150,4.7,0.02,2,22,2,0,1,1,0,6,17,13,0.6236167220957957
8133,1082.68,0,65,8.8,0.02,0,22,0,0,1,1,0,1,9,7,0.6579054568472983
8134,1082.94,2,263,7.0,0.02,2,38,3,0,1,1,0,8,32,17,0.4118951663072722
8135,1083.01,1,78,10.7,0.02,1,20,1,0,1,1,0,1,10,5,0.5602166733123795
8136,1083.11,4,93,18.2,0.02,4,20,1,0,1,1,0,7,10,5,0.696848996498917
8137,1083.18,2,84,22.8,0.02,2,28,2,0,1,1,0,1,11,8,0.6328429694279377
8138,1083.68,0,400,-26.5,0.02,0,24,1,0,0,0,1,9,46,14,0.345737665303249
8139,1083.89,7,199,4.5,0.02,2,26,2,1,1,1,0,5,23,16,0.4195396802830651
8140,1084.02,1,124,2.8,0.02,1,20,0,0,0,1,0,4,14,8,0.5115900782779291
8141,1084.07,1,47,10.9,0.02,1,17,1,0,1,1,0,1,6,4,0.7197708712432268
8142,1084.43,9,237,17.2,0.02,4,31,4,1,1,1,0,4,26,11,0.40707041760376433
8143,1084.54,3,101,25.1,0.02,3,27,3,0,1,1,0,1,12,8,0.6297165009299737
8144,1084.58,1,57,11.8,0.02,1,22,1,0,1,1,0,4,7,5,0.5578995308011628
8145,1084.74,0,127,-1.2,0.02,0,25,1,0,0,1,0,7,14,15,0.47136678189252795
8146,1084.86,1,157,14.8,0.02,1,36,1,0,1,1,0,4,20,15,0.3812281134690201
8147,1084.92,1,55,9.1,0.02,1,16,1,0,1,1,0,1,7,4,0.5861771656327992
8148,1084.97,0,72,-1.9,0.02,0,14,0,0,1,1,0,3,10,7,0.47529931883984156
8149,1085.17,2,153,11.8,0.02,2,29,3,0,1,1,0,6,19,9,0.5486093583513107
8150,1085.18,0,6,-3.8,0.02,0,3,0,0,1,1,0,1,1,2,0.4670442687170573
8151,1085.31,0,139,-6.6,0.02,0,16,1,0,1,1,0,3,18,7,0.5593787741639057
8152,1085.38,2,90,10.7,0.02,2,16,2,0,1,1,0,1,10,3,0.6548505326236517
8153,1085.73,5,396,8.9,0.02,5,38,3,0,1,1,0,6,45,35,0.4175519330408771
8154,1086.08,2,257,1.8,0.02,2,27,0,0,1,1,0,2,28,25,0.42411795797482005
8155,1086.09,0,6,-3.6,0.02,0,3,1,0,1,1,0,1,1,0,0.4218308569977085
8156,1086.2,0,105,-5.1,0.02,0,13,0,0,1,1,0,2,13,6,0.6242197020976231
8157,1086.28,2,87,17.2,0.02,2,24,0,0,0,1,0,2,10,11,0.7075877393575674
8158,1086.43,3,181,32.4,0.02,3,43,3,0,1,1,0,1,21,15,0.49688618326369993
8159,1086.85,2,276,0.7,0.02,2,33,3,0,1,1,0,7,31,27,0.437277282566085
8160,1086.98,2,112,19.7,0.02,2,30,2,0,1,1,0,3,14,11,0.5047403122559195
8161,1087.28,5,334,9.8,0.02,5,39,2,0,0,1,0,13,39,28,0.46179316279789495
8162,1087.51,2,277,6.9,0.02,2,35,3,0,1,1,0,3,31,24,0.4280019368561111
8163,1087.55,1,46,2.9,0.02,1,8,0,0,1,1,0,0,6,5,0.46453441725322286
8164,1087.76,3,211,20.8,0.02,3,40,4,0,1,1,0,6,24,21,0.5355993767082293
8165,1088.21,1,385,-16.8,0.02,1,30,1,0,1,1,0,6,46,23,0.38010483475326357
8166,1088.4,3,296,28.3,0.02,3,54,5,0,1,1,0,3,35,31,0.45741450451350907
8167,1088.77,1,398,-14.9,0.02,1,39,1,0,1,1,0,11,46,31,0.45092141381250955
8168,1089.1,4,260,21.4,0.02,4,40,4,0,1,1,0,5,28,26,0.5065145474433905
8169,1089.16,3,66,25.9,0.02,3,26,3,0,1,1,0,3,8,5,0.7388305184844755
8170,1089.29,2,116,19.1,0.02,2,33,3,0,1,1,0,6,14,13,0.7641384713546449
8171,1089.32,0,36,1.0,0.02,0,11,0,0,1,1,0,1,5,4,0.48575057608270394
8172,1089.8,1,376,-19.4,0.02,1,32,1,0,1,1,0,11,43,28,0.38823261653488766
8173,1089.98,1,194,-0.6,0.02,1,22,2,0,0,1,0,2,15,12,0.38169946654198583
8174,1090.55,4,400,-10.7,0.02,4,24,1,0,0,0,1,12,41,26,0.45533609649045087
8175,1090.57,1,25,2.1,0.02,1,8,1,0,1,1,0,3,3,4,0.6650294702344385
8176,1090.69,1,130,9.5,0.02,1,25,2,0,1,1,0,1,15,15,0.4158310575485425
8177,1091.0,2,277,6.2,0.02,2,36,2,0,1,1,0,5,33,21,0.46463932990379675
8178,1091.02,0,28,3.7,0.02,0,12,0,0,1,1,0,0,4,5,0.5143073101923862
8179,1091.08,0,66,2.8,0.02,0,18,1,0,1,1,0,3,9,6,0.39915132948325754
8180,1091.2,2,124,11.6,0.02,2,24,2,0,1,1,0,4,14,10,0.5192954541308811
8181,1091.27,1,75,6.9,0.02,1,16,1,0,1,1,0,1,6,6,0.5698037090921566
8182,1091.41,2,122,18.7,0.02,2,30,2,0,1,1,0,3,14,11,0.4840150275888957
8183,1091.48,2,69,15.4,0.02,2,20,1,0,1,1,0,2,8,7,0.689402614702162
8184,1091.56,0,85,3.1,0.02,0,18,0,0,1,1,0,0,11,14,0.4140242753633447
8185,1091.62,2,49,16.6,0.02,2,17,2,0,1,1,0,0,6,5,0.7054122917193941
8186,1091.76,8,146,19.3,0.02,3,28,6,1,1,1,0,3,16,11,0.5916844230494935
8187,1091.81,1,53,5.3,0.02,1,14,0,0,1,1,0,3,6,4,0.4960645375136714
8188,1091.99,2,152,-0.8,0.02,2,14,2,0,1,1,0,4,18,6,0.4645257162249376
8189,1092.04,1,46,14.7,0.02,1,20,1,0,1,1,0,0,6,7,0.8219609427615767
8190,1092.1,3,59,24.3,0.02,3,21,4,0,1,1,0,0,7,8,0.762737883093001
8191,1092.56,1,376,-15.8,0.02,1,29,1,0,1,1,0,4,44,32,0.4161522659265564
8192,1092.63,3,72,20.3,0.02,3,22,3,0,1,1,0,4,9,5,0.6133268574044651
8193,1093.04,4,400,2.8,0.02,4,28,3,0,0,0,1,4,50,11,0.4654199670173034
8194,1093.52,4,341,3.3,0.02,4,34,4,0,1,1,0,9,37,26,0.4867022858709691
8195,1093.75,0,176,6.7,0.02,0,39,1,0,0,1,0,8,19,17,0.49203088825223085
8196,1093.96,1,190,13.0,0.02,1,34,1,0,1,1,0,0,22,20,0.4574387764954761
8197,1094.17,6,200,11.2,0.02,1,40,0,1,1,1,0,7,24,18,0.4106564810872355
8198,1094.56,6,400,-30.3,0.02,1,37,2,1,0,0,1,29,49,32,0.552349835310811
8199,1094.59,0,40,-3.3,0.02,0,6,0,0,1,1,0,0,5,3,0.5154781871579679
8200,1094.6,0,6,-3.6,0.02,0,3,0,0,1,1,0,1,1,0,0.4326154183291359
8201,1094.64,1,56,9.8,0.02,1,17,1,0,1,1,0,1,7,6,0.45819486987526936
8202,1094.81,0,127,-1.8,0.02,0,21,1,0,1,1,0,4,15,11,0.3947976331890916
8203,1094.86,2,61,23.2,0.02,2,25,2,0,1,1,0,0,8,7,0.6544293738357485
8204,1095.32,13,400,-11.7,0.02,3,24,3,2,0,0,1,8,46,26,0.3926003331868861
8205,1095.79,3,381,-13.9,0.02,3,24,2,0,1,1,0,8,47,18,0.4630920383842035
8206,1096.15,7,302,-2.4,0.02,2,31,3,1,1,1,0,6,36,22,0.36789337521554305
8207,1096.24,2,97,11.4,0.02,2,18,3,0,1,1,0,1,11,9,0.40249775844477403
8208,1096.76,3,394,-11.4,0.02,3,36,3,0,1,1,0,15,45,30,0.49409735625480433
8209,1096.79,1,39,1.8,0.02,1,7,1,0,1,1,0,1,5,3,0.44909608446252886
8210,1096.93,1,132,12.5,0.02,1,27,1,0,1,1,0,0,15,13,0.4334207095344657
8211,1097.17,2,400,-27.5,0.02,2,42,1,0,0,0,1,36,49,34,0.593746946310148
8212,1097.4,2,239,9.1,0.02,2,38,2,0,1,1,0,8,29,20,0.46706062401496184
8213,1097.61,2,186,6.5,0.02,2,25,2,0,1,1,0,3,21,19,0.493036680824747
8214,1097.99,7,281,7.3,0.02,2,41,3,1,1,1,0,8,31,26,0.39593161659857146
8215,1098.25,3,276,13.3,0.02,3,37,4,0,1,1,0,4,34,21,0.5205855837713792
8216,1098.64,0,336,-15.6,0.02,0,31,0,0,1,1,0,6,38,20,0.330388623292038
8217,1098.76,3,115,14.3,0.02,3,22,3,0,1,1,0,5,11,12,0.7931545751650947
8218,1099.06,2,269,4.7,0.02,2,31,0,0,1,1,0,3,34,14,0.4246054141282445
8219,1099.25,4,186,15.7,0.02,4,29,2,0,1,1,0,8,22,17,0.5532325467151838
8220,1099.32,1,81,10.9,0.02,1,22,1,0,1,1,0,2,11,10,0.5871008584800703
8221,1099.51,1,139,-0.3,0.02,1,20,2,0,1,1,0,5,16,14,0.4858949704029307
8222,1099.76,3,249,1.6,0.02,3,23,2,0,1,1,0,5,30,15,0.4499360970854586
8223,1100.2,0,381,-21.3,0.02,0,37,0,0,1,1,0,12,45,32,0.40204911758618533
8224,1100.28,2,85,3.9,0.02,2,10,1,0,0,1,0,2,9,6,0.5811817003815193
8225,1100.71,3,388,-25.3,0.02,3,24,2,0,1,1,0,17,44,35,0.4682549103071334
8226,1101.16,0,400,-35.0,0.02,0,18,0,0,0,0,1,9,53,39,0.387659971599192
8227,1101.29,0,119,4.2,0.02,0,25,1,0,1,1,0,3,16,9,0.460255856599173
8228,1101.31,0,27,1.0,0.02,0,9,0,0,1,1,0,0,4,3,0.7589262674106287
8229,1102.03,4,400,-5.0,0.02,4,29,3,0,0,0,1,10,54,39,0.4591315198593076
8230,1102.33,3,327,13.3,0.02,3,45,5,0,1,1,0,5,40,40,0.4716920408394172
8231,1102.76,0,326,-23.5,0.02,0,22,0,0,1,1,0,4,45,39,0.36147227108603647
8232,1102.9,3,242,11.5,0.02,3,36,3,0,1,1,0,7,32,33,0.41818281563594356
8233,1102.93,0,29,-0.3,0.02,0,9,0,0,1,1,0,1,4,4,0.6336737870628811
8234,1103.0,1,75,-2.0,0.02,1,12,1,0,0,1,0,6,10,5,0.6547401559629745
8235,1103.17,4,135,15.2,0.02,4,22,4,0,1,1,0,7,15,13,0.5171552355984963
8236,1103.2,0,36,-4.0,0.02,0,8,0,0,1,1,0,3,5,4,0.5361918921974644
8237,1103.27,2,72,21.8,0.02,2,26,3,0,1,1,0,1,9,10,0.5379556170799804
8238,1103.57,1,284,-24.8,0.02,1,17,2,0,1,1,0,10,38,34,0.38138408114862565
8239,1103.62,1,65,13.1,0.02,1,22,2,0,1,1,0,2,9,4,0.7648602671457276
8240,1103.96,1,337,-22.7,0.02,1,18,1,0,1,1,0,4,45,30,0.39535561886683235
8241,1103.98,0,13,-2.5,0.02,0,7,0,0,1,1,0,3,2,2,1.3607636595838792
8242,1104.16,1,178,-5.1,0.02,1,21,1,0,1,1,0,7,24,13,0.49014645071513674
8243,1104.31,3,150,22.1,0.02,3,33,3,0,1,1,0,4,19,19,0.4280584127510061
8244,1104.35,1,39,7.7,0.02,1,13,1,0,1,1,0,1,5,4,0.6260557171914399
8245,1104.51,2,138,2.9,0.02,2,19,3,0,1,1,0,6,19,13,0.4844858942585713
8246,1104.67,1,142,-8.2,0.02,1,15,1,0,1,1,0,8,18,10,0.7351195749984812
8247,1104.68,0,21,-1.4,0.02,0,7,0,0,1,1,0,1,3,3,0.6791473809590141
8248,1104.74,0,66,10.7,0.02,0,23,2,0,1,1,0,0,9,7,0.5458222510154871
8249,1104.82,0,95,5.4,0.02,0,26,0,0,1,1,0,5,13,11,0.680738383011973
8250,1104.92,0,118,-1.7,0.02,0,16,0,0,0,1,0,0,16,9,0.3989910132448935
8251,1104.96,0,35,1.9,0.02,0,11,1,0,1,1,0,0,5,6,0.4016552896880975
8252,1105.19,6,189,-8.7,0.02,1,17,1,1,1,1,0,5,24,18,0.4663405554478927
8253,1105.47,1,398,-15.6,0.02,1,26,2,0,0,0,1,4,44,27,0.368472783815182
8254,1105.59,5,115,-4.1,0.02,0,20,0,1,1,1,0,6,15,16,0.5202139471770778
8255,1105.72,0,400,-31.3,0.02,0,18,0,0,0,0,1,4,57,52,0.3211045468190575
8256,1106.12,1,400,-29.3,0.02,1,17,1,0,0,0,1,10,56,12,0.39969124345625484
8257,1106.18,1,68,6.5,0.02,1,16,1,0,1,1,0,2,8,7,0.7155900999910164
8258,1106.42,4,256,20.4,0.02,4,38,4,0,1,1,0,5,33,20,0.43408538199135377
8259,1106.46,2,48,7.7,0.02,2,10,1,0,1,1,0,2,6,5,0.6033035331752784
8260,1106.63,2,173,21.0,0.02,2,38,2,0,1,1,0,3,21,17,0.44003808313238707
8261,1106.92,2,201,16.3,0.02,2,34,2,0,1,1,0,1,26,16,0.4623237860560949
8262,1107.0,0,65,-7.2,0.02,0,7,0,0,1,1,0,2,5,7,0.49613520602032113
8263,1107.1,1,114,11.4,0.02,1,28,0,0,1,1,0,4,15,12,0.7167790784534573
8264,1107.2,0,92,5.7,0.02,0,23,0,0,1,1,0,2,13,11,0.47642553445957836
8265,1107.21,0,14,-3.6,0.02,0,5,0,0,1,1,0,2,2,2,0.5683142318274194
8266,1107.26,1,46,13.8,0.02,1,19,1,0,1,1,0,0,6,6,0.7336585784901336
8267,1107.73,0,381,-35.3,0.02,0,22,0,0,1,1,0,10,51,42,0.4104126419947571
8268,1107.9,0,171,2.1,0.02,0,32,1,0,1,1,0,6,21,18,0.4118736703197158
8269,1107.98,2,82,10.0,0.02,2,19,2,0,1,1,0,5,11,8,0.7598165717426401
8270,1108.29,5,291,-15.8,0.02,0,24,1,1,1,1,0,3,39,27,0.3539647123121262
8271,1108.63,3,400,15.6,0.02,3,53,4,0,0,0,1,8,48,43,0.48751491710715994
8272,1108.95,3,332,-0.4,0.02,3,37,4,0,1,1,0,11,39,32,0.4630851822136573
8273,1109.03,3,86,27.3,0.02,3,29,1,0,1,1,0,2,11,11,0.7854006847906548
8274,1109.37,3,400,-12.9,0.02,3,24,2,0,0,0,1,7,53,48,0.3765452035506876
8275,1109.63,4,287,-8.6,0.02,4,15,2,0,1,1,0,9,37,9,0.4682228606443371
8276,1109.77,2,156,12.0,0.02,2,29,2,0,1,1,0,5,19,14,0.48382922348322394
8277,1109.78,0,13,-1.5,0.02,0,6,0,0,1,1,0,1,2,2,0.40812228588624255
8278,1109.81,1,40,8.6,0.02,1,14,1,0,1,1,0,1,5,4,0.5161313398960914
8279,1109.87,1,71,21.0,0.02,1,30,1,0,1,1,0,1,9,9,0.5788142857035726
8280,1109.93,0,54,3.7,0.02,0,17,0,0,1,1,0,2,7,9,0.5817420335147608
8281,1109.99,1,69,9.5,0.02,1,20,1,0,0,1,0,3,8,6,0.742862867881097
8282,1110.0,0,14,-1.5,0.02,0,6,0,0,1,1,0,1,2,1,0.48277483617550515
8283,1110.05,1,62,1.2,0.02,1,16,2,0,1,1,0,8,8,6,0.8382007837254485
8284,1110.12,1,74,12.9,0.02,1,24,2,0,1,1,0,3,9,7,0.7161088621933962
8285,1110.43,2,243,-0.4,0.02,2,26,1,0,1,1,0,5,31,21,0.4227689230303118
8286,1110.53,0,104,-5.9,0.02,0,16,1,0,1,1,0,6,14,5,0.6188014412497266
8287,1110.77,2,303,-27.2,0.02,2,11,3,0,1,1,0,10,40,29,0.4044000943557638
8288,1110.96,3,129,20.1,0.02,3,28,2,0,1,1,0,4,16,10,0.6568376043767068
8289,1111.08,6,148,12.6,0.02,1,32,3,1,1,1,0,3,19,16,0.36201353608058484
8290,1111.16,1,98,3.2,0.02,1,17,0,0,1,1,0,3,13,10,0.4688519960420692
8291,1111.18,0,21,0.6,0.02,0,9,1,0,1,1,0,1,3,3,0.5263557934602634
8292,1111.22,0,47,-2.1,0.02,0,9,1,0,1,1,0,1,6,4,0.47880662479588265
8293,1111.33,1,101,14.0,0.02,1,29,1,0,1,1,0,4,12,9,0.628849576645973
8294,1111.37,0,44,3.3,0.02,0,14,1,0,1,1,0,1,6,3,0.5341081554987508
8295,1111.4,2,35,8.3,0.02,2,10,2,0,1,1,0,3,4,2,0.8140656077275555
8296,1112.03,5,400,7.3,0.02,5,39,6,0,0,0,1,11,53,56,0.48795759915868897
8297,1112.25,4,334,14.5,0.02,4,46,4,0,1,1,0,10,41,31,0.5312081676385485
8298,1112.61,0,291,-26.9,0.02,0,16,1,0,1,1,0,5,40,38,0.33603831462929645
8299,1112.8,3,144,13.9,0.02,3,25,3,0,1,1,0,5,18,17,0.44830775388326305
8300,1112.96,2,137,22.0,0.02,2,34,4,0,1,1,0,2,16,13,0.5010490740890049
8301,1113.47,2,400,-17.9,0.02,2,19,2,0,0,0,1,2,55,48,0.3393692594357433
8302,1113.68,2,190,13.4,0.02,2,32,2,0,1,1,0,3,24,16,0.4088909673031528
8303,1113.8,2,117,19.2,0.02,2,30,2,0,1,1,0,3,15,11,0.5625252960163848
8304,1114.16,4,353,2.2,0.02,4,35,4,0,1,1,0,8,46,45,0.36673793616966727
8305,1114.31,1,130,1.1,0.02,1,21,1,0,1,1,0,6,17,9,0.47177725131813686
8306,1114.38,3,73,22.8,0.02,3,21,3,0,1,1,0,0,9,9,0.7455484139143794
8307,1114.54,0,137,-10.8,0.02,0,18,1,0,1,1,0,9,19,11,0.5555052479980335
8308,1114.93,2,400,-28.9,0.02,2,42,1,0,0,0,1,39,53,18,0.44062572918029386
8309,1115.1,2,169,11.9,0.02,2,36,2,0,1,1,0,11,20,12,0.5341751603286186
8310,1115.12,0,21,4.4,0.02,0,12,0,0,1,1,0,0,3,5,0.8701218405953881
8311,1115.12,0,13,-0.4,0.02,0,8,0,0,1,1,0,2,2,1,0.7147238127561548
8312,1115.19,0,73,3.9,0.02,0,21,1,0,1,1,0,4,9,8,0.43189267138334825
8313,1115.34,6,138,15.6,0.02,1,34,2,1,1,1,0,3,13,16,0.44171798749310287
8314,1115.38,1,47,10.9,0.02,1,18,1,0,1,1,0,2,6,4,0.758827572510805
8315,1115.45,1,79,8.3,0.02,1,24,3,0,1,1,0,7,9,8,0.7718994506795788
8316,1115.71,6,239,-5.5,0.02,1,30,1,1,1,1,0,10,27,16,0.43216692682991187
8317,1115.97,1,220,-9.5,0.02,1,20,1,0,0,1,0,6,14,15,0.5227011777249609
8318,1116.25,2,400,-15.8,0.02,2,40,3,0,0,0,1,22,46,37,0.5223221844216371
8319,1116.33,1,96,5.7,0.02,1,17,1,0,1,1,0,1,12,7,0.7134051980103301
8320,1116.64,8,264,9.4,0.02,3,32,0,1,1,1,0,4,29,22,0.44239662732451474
8321,1116.7,0,65,-0.9,0.02,0,13,0,0,1,1,0,2,7,4,0.6136648585956207
8322,1116.83,1,130,1.1,0.02,1,18,2,0,1,1,0,3,16,9,0.43353287050491307
8323,1117.18,1,255,7.4,0.02,1,41,3,0,0,1,0,6,30,21,0.44323740610726065
8324,1117.56,6,400,-21.7,0.02,1,29,1,1,0,0,1,13,46,26,0.4102323954178331
8325,1117.7,1,190,18.3,0.02,1,42,3,0,1,1,0,3,22,17,0.3517328806703371
8326,1117.78,1,87,-0.2,0.02,1,12,0,0,0,1,0,3,8,5,0.6103782307144925
8327,1117.87,1,90,4.3,0.02,1,18,1,0,1,1,0,4,11,7,0.5022321445251317
8328,1117.88,0,21,1.6,0.02,0,10,0,0,1,1,0,1,3,3,0.5190301087902144
8329,1118.23,4,400,13.2,0.02,4,42,4,0,0,0,1,5,46,37,0.41110965730724097
8330,1118.27,1,40,7.3,0.02,1,14,1,0,1,1,0,2,5,7,0.5883488674921364
8331,1118.4,2,142,17.7,0.02,2,29,2,0,1,1,0,1,12,11,0.5452033214875482
8332,1118.55,3,167,23.0,0.02,3,31,4,0,1,1,0,0,18,13,0.4655905386504197
8333,1119.01,2,400,-21.7,0.02,2,18,1,0,0,0,1,8,34,16,0.343228775158045
8334,1119.33,1,234,-10.4,0.02,1,24,1,0,0,1,0,9,27,20,0.4254479453786779
8335,1119.35,0,13,0.6,0.02,0,7,1,0,1,1,0,0,2,1,0.5966402804902097
8336,1119.45,1,111,16.5,0.02,1,30,1,0,1,1,0,1,14,14,0.5309086361440848
8337,1119.75,9,293,7.3,0.02,4,29,3,1,1,1,0,5,31,24,0.4450460518755856
8338,1119.95,5,252,18.2,0.02,5,31,2,0,1,1,0,6,28,16,0.433106276234809
8339,1120.13,3,173,9.7,0.02,3,23,2,0,0,1,0,5,20,10,0.4628389457523705
8340,1120.33,3,400,-16.8,0.02,3,33,2,0,0,0,1,20,48,47,0.6877759702209287
8341,1120.42,5,99,-2.7,0.02,0,14,1,1,1,1,0,1,13,8,0.5416586107937587
8342,1120.55,3,137,19.0,0.02,3,31,3,0,1,1,0,7,16,13,0.6212409306910432
8343,1120.65,3,97,30.0,0.02,3,32,2,0,1,1,0,1,11,13,0.5397028009478374
8344,1120.77,0,139,-1.0,0.02,0,22,0,0,1,1,0,3,16,11,0.3409426957449499
8345,1120.79,0,21,0.7,0.02,0,8,0,0,1,1,0,0,3,2,0.6103718139271114
8346,1120.98,3,157,25.0,0.02,3,33,5,0,1,1,0,1,19,13,0.5073167196738085
8347,1121.03,0,49,2.2,0.02,0,14,0,0,1,1,0,1,7,9,0.5298593340240314
8348,1121.4,9,282,1.0,0.02,4,21,0,1,1,1,0,5,29,18,0.3858361836585382
8349,1121.47,1,74,22.5,0.02,1,33,1,0,1,1,0,2,10,11,0.7692966082103828
8350,1121.56,4,99,32.8,0.02,4,32,4,0,1,1,0,3,12,13,0.6417093768135245
8351,1121.78,1,296,-8.5,0.02,1,30,1,0,1,1,0,6,27,29,0.36420493535676335
8352,1122.25,5,400,-25.2,0.02,0,30,0,1,0,0,1,12,47,31,0.3806238423517906
8353,1122.34,3,86,17.4,0.02,3,21,4,1,1,1,0,4,11,10,0.6969915804419753
8354,1122.35,0,7,-1.9,0.02,0,5,0,0,1,1,0,1,1,2,2.0328318700538413
8355,1122.78,1,400,-35.1,0.02,1,18,1,0,0,0,1,15,46,30,0.48496190230808395
8356,1123.04,6,400,-45.1,0.02,1,24,1,1,0,0,1,31,50,30,0.5539724773592739
8357,1123.17,4,135,29.0,0.02,4,34,2,0,1,1,0,5,16,15,0.5235655767468438
8358,1123.35,0,350,-20.1,0.02,0,23,1,0,1,1,0,2,13,11,0.2511764916082091
8359,1123.37,0,27,-2.0,0.02,0,8,0,0,1,1,0,2,4,3,0.75266135908762
8360,1123.63,4,257,10.9,0.02,4,28,3,0,1,1,0,4,29,24,0.4276075563382664
8361,1124.19,3,400,-7.4,0.02,3,34,3,0,0,0,1,13,47,33,0.440421124633351
8362,1124.54,2,400,-0.1,0.02,2,41,2,0,0,0,1,8,47,30,0.36268657902446505
8363,1124.87,2,324,-11.3,0.02,2,29,2,0,1,1,0,11,38,19,0.3894555556466328
8364,1125.2,2,211,9.1,0.02,2,29,2,0,1,1,0,2,23,18,0.38961581802534884
8365,1125.36,1,204,10.3,0.02,1,37,1,0,1,1,0,4,23,23,0.39945522018572777
8366,1125.37,0,14,-2.5,0.02,0,5,0,0,1,1,0,1,2,1,0.4164741843952667
8367,1126.01,1,400,-14.7,0.02,1,35,2,0,0,0,1,12,38,26,0.3582958452374636
8368,1126.03,0,28,1.9,0.02,0,11,1,0,1,1,0,1,4,3,0.4720797939108449
8369,1126.09,0,66,4.6,0.02,0,19,1,0,1,1,0,2,8,8,0.5995966643584167
8370,1126.66,1,351,-13.6,0.02,1,28,1,0,1,1,0,5,38,15,0.3488657832474519
8371,1126.74,2,100,9.1,0.02,2,21,2,0,1,1,0,6,12,9,0.6129227068302276
8372,1127.08,3,400,5.4,0.02,3,39,4,0,0,0,1,6,44,25,0.4046825472647371
8373,1127.47,8,250,4.9,0.02,3,27,2,1,1,1,0,5,28,21,0.39817541247456467
8374,1127.62,0,153,-4.5,0.02,0,21,0,0,1,1,0,4,16,12,0.42372647051019413
8375,1127.84,2,349,-18.0,0.02,2,30,1,0,1,1,0,16,45,21,0.48551911577637535
8376,1128.33,0,400,-19.8,0.02,0,24,0,0,0,0,1,2,34,17,0.33127055129623134
8377,1128.45,1,111,3.7,0.02,1,21,1,0,1,1,0,5,14,12,0.5759401135635006
8378,1128.76,2,400,-10.7,0.02,2,29,2,0,0,0,1,7,43,26,0.3841683182798813
8379,1128.98,0,269,-23.7,0.02,0,19,0,0,1,1,0,9,34,18,0.48830582025944025
8380,1129.28,2,284,-0.8,0.02,2,36,2,0,1,1,0,11,29,24,0.4345586384400785
8381,1129.41,2,125,4.6,0.02,2,15,2,0,1,1,0,2,8,9,0.41247379998142614
8382,1129.47,1,77,0.9,0.02,1,14,0,0,1,1,0,5,10,4,0.5776573905194295
8383,1129.9,4,400,-19.9,0.02,4,17,3,0,0,0,1,14,39,28,0.3487406017082724
8384,1130.08,1,155,10.8,0.02,1,32,2,0,1,1,0,4,18,17,0.5549297683132677
8385,1130.37,4,256,18.0,0.02,4,38,3,0,0,1,0,7,29,24,0.5474711782933186
8386,1130.68,3,400,-10.2,0.02,3,45,4,0,0,0,1,26,50,41,0.5972376912393073
8387,1130.87,1,183,13.8,0.02,1,37,1,0,1,1,0,3,23,19,0.5040008991452646
8388,1131.11,0,214,-3.3,0.02,0,28,1,0,1,1,0,4,25,9,0.40979371374971985
8389,1131.26,7,206,20.5,0.02,2,40,2,1,1,1,0,2,23,19,0.48980738501907006
8390,1131.29,0,29,3.8,0.02,0,12,0,0,1,1,0,0,4,3,0.43317791271436124
8391,1131.73,2,358,-0.7,0.02,2,41,2,0,1,1,0,8,39,29,0.371097087511022
8392,1131.9,2,152,8.9,0.02,2,22,2,0,1,1,0,2,19,9,0.5088168722548523
8393,1132.23,2,283,-15.5,0.02,2,17,2,0,1,1,0,8,27,12,0.3558584834455746
8394,1132.34,6,109,6.1,0.02,1,20,1,1,1,1,0,2,13,10,0.45849103560426996
8395,1132.4,1,67,8.7,0.02,1,18,1,0,1,1,0,2,6,6,0.4689692308886231
8396,1132.6,4,205,27.8,0.02,4,40,5,0,1,1,0,5,21,17,0.6243481965811438
8397,1132.78,5,278,-20.3,0.02,0,28,2,1,1,1,0,14,34,15,0.3878657267890672
8398,1132.83,0,51,11.9,0.02,0,23,0,0,1,1,0,0,7,10,0.5731246354086877
8399,1132.91,1,97,5.6,0.02,1,19,2,0,1,1,0,3,13,7,0.48348241766079614
8400,1133.54,4,400,3.2,0.02,4,31,4,0,0,0,1,6,45,17,0.4664325732910327
8401,1133.85,1,207,-3.5,0.02,1,26,2,0,0,1,0,7,24,18,0.5424126838162067
8402,1134.01,2,150,6.7,0.02,2,24,2,0,1,1,0,6,17,13,0.5053843963548413
8403,1134.11,4,106,31.5,0.02,4,29,3,0,1,1,0,1,12,9,0.6114058524091257
8404,1134.24,1,140,12.1,0.02,1,28,1,0,1,1,0,1,18,9,0.48659783126165895
8405,1134.37,3,114,8.4,0.02,3,14,3,0,1,1,0,3,11,12,0.7503515167602124
8406,1134.49,3,112,15.6,0.02,3,21,3,0,1,1,0,3,13,12,0.5160921693529799
8407,1134.65,2,160,-5.9,0.02,2,9,1,0,1,1,0,3,19,9,0.537379422941046
8408,1134.79,2,206,20.2,0.02,2,43,2,0,1,1,0,5,23,22,0.4356283374107347
8409,1134.8,0,21,-0.3,0.02,0,7,0,0,1,1,0,0,3,2,0.713952634756529
8410,1134.88,1,85,-3.6,0.02,1,8,1,0,1,1,0,3,7,1,0.4892394349072608
8411,1134.97,3,86,12.0,0.02,3,13,1,0,1,1,0,2,10,4,0.5950047647631271
8412,1135.26,4,328,2.2,0.02,4,28,2,0,1,1,0,5,35,30,0.4716529149923789
8413,1135.37,1,92,5.6,0.02,1,20,2,0,1,1,0,4,12,12,0.563257452640618
8414,1135.4,0,43,-0.4,0.02,0,11,0,0,1,1,0,2,6,1,0.7804389875829397
8415,1135.47,0,69,-6.1,0.02,0,6,0,0,1,1,0,0,3,2,0.45134347491217963
8416,1135.47,0,5,-2.8,0.02,0,3,1,0,1,1,0,0,1,3,2.888375846148862
8417,1135.57,3,95,20.6,0.02,3,22,3,0,1,1,0,1,12,9,0.5320141824528056
8418,1135.76,2,197,14.9,0.02,2,37,2,0,1,1,0,6,23,14,0.5271139572969735
8419,1135.9,2,400,-12.5,0.02,2,26,2,0,0,0,1,7,17,14,0.3020008579032859
8420,1136.03,2,146,5.1,0.02,2,21,2,0,0,1,0,5,16,13,0.5327153585786303
8421,1136.42,3,343,-12.9,0.02,3,25,3,0,1,1,0,11,40,26,0.39145095386613205
8422,1136.46,1,48,3.8,0.02,1,11,0,1,1,1,0,2,6,4,0.5432155570756927
8423,1136.54,2,126,11.3,0.02,2,24,2,0,1,1,0,4,13,11,0.7282442937698355
8424,1136.55,0,13,-0.5,0.02,0,7,1,0,1,1,0,1,2,2,0.5996491866837061
8425,1136.74,0,150,3.2,0.02,0,25,1,0,1,1,0,1,18,8,0.3875680498051198
8426,1136.95,3,198,19.5,0.02,3,37,3,0,1,1,0,6,23,17,0.46819800977000653
8427,1137.01,2,69,16.3,0.02,2,22,2,0,0,1,0,3,8,8,0.6111291016004681
8428,1137.4,3,385,-9.0,0.02,3,30,3,0,1,1,0,7,45,35,0.4133344045975376
8429,1137.53,3,122,10.3,0.02,3,21,4,0,1,1,0,8,15,5,0.5654815306283665
8430,1137.67,2,133,15.8,0.02,2,26,2,0,1,1,0,1,15,9,0.6165138358568858
8431,1137.93,4,271,3.9,0.02,4,28,1,0,1,1,0,10,23,20,0.4552445838015137
8432,1137.97,0,42,3.5,0.02,0,14,1,0,1,1,0,1,6,3,0.835745066075704
8433,1138.09,2,97,13.9,0.02,2,27,2,0,1,1,0,7,11,14,0.7028629120876463
8434,1138.3,0,226,-1.4,0.02,0,31,1,0,1,1,0,3,27,18,0.4765655068679129
8435,1138.42,3,127,14.8,0.02,3,19,3,0,1,1,0,1,15,5,0.5440650386547241
8436,1138.48,3,56,20.2,0.02,3,16,3,0,1,1,0,0,6,2,0.6473428480386142
8437,1138.54,2,57,9.1,0.02,2,12,1,0,1,1,0,2,7,2,0.6196091863493323
8438,1138.72,2,168,6.0,0.02,2,27,3,0,1,1,0,7,17,22,0.49617640897202503
8439,1138.9,2,177,11.9,0.02,2,31,1,0,1,1,0,5,16,14,0.40201577586439496
8440,1138.98,1,59,4.4,0.02,1,13,1,0,1,1,0,2,8,7,0.6309808451368443
8441,1139.29,1,400,3.0,0.02,1,44,0,0,0,0,1,3,40,29,0.36337905797554987
8442,1139.47,1,147,5.8,0.02,1,24,1,0,1,1,0,2,15,15,0.4698510126662251
8443,1139.56,1,104,-4.9,0.02,1,9,1,0,1,1,0,3,8,5,0.48286158641494303
8444,1139.69,6,132,-2.8,0.02,1,18,2,1,0,1,0,6,15,16,0.45308142332300866
8445,1139.81,3,155,28.9,0.02,3,40,3,0,1,1,0,4,17,16,0.4986599714451494
8446,1140.24,8,363,0.6,0.02,3,33,3,1,1,1,0,3,41,31,0.39392527189809595
8447,1140.27,1,32,5.5,0.02,1,10,1,0,1,1,0,1,4,3,0.5244915278883557
8448,1140.27,0,6,-4.6,0.02,0,2,0,0,1,1,0,1,1,0,0.3193759194302719
8449,1140.63,0,400,-53.9,0.02,0,29,0,0,0,0,1,40,51,28,0.5750477840687618
8450,1140.69,0,52,1.4,0.02,0,13,1,0,1,1,0,1,7,4,0.3748716038956399
8451,1141.06,2,400,-9.7,0.02,2,36,1,0,1,1,0,7,47,37,0.4288529529653588
8452,1141.33,1,400,-44.6,0.02,1,35,2,0,0,0,1,42,52,25,0.6354952786082558
8453,1141.42,1,119,1.1,0.02,1,16,1,0,0,1,0,2,13,10,0.5429300068707928
8454,1141.54,0,112,-2.7,0.02,0,16,1,0,1,1,0,2,7,5,0.6001804869952793
8455,1141.64,5,149,30.2,0.02,5,27,3,0,1,1,0,1,18,9,0.5300664060350007
8456,1142.13,8,356,2.3,0.02,3,34,2,1,1,1,0,4,33,21,0.3813138805953376
8457,1142.62,2,381,-25.7,0.02,2,21,2,0,1,1,0,10,45,36,0.4444166980547472
8458,1142.69,3,81,20.1,0.02,3,20,1,0,1,1,0,1,10,8,0.6894011019430969
8459,1142.93,4,256,19.7,0.02,4,37,4,0,1,1,0,5,26,17,0.5098176210437997
8460,1143.24,14,324,4.8,0.02,4,35,2,2,1,1,0,10,32,28,0.4666329568462765
8461,1143.35,1,149,21.1,0.02,1,40,3,0,1,1,0,2,19,20,0.556714951513515
8462,1143.56,5,282,21.8,0.02,5,41,4,0,1,1,0,9,33,20,0.4555128175792064
8463,1143.62,1,53,7.0,0.02,1,14,1,0,1,1,0,1,6,7,0.8391874243268006
8464,1143.69,1,83,9.0,0.02,1,22,2,0,1,1,0,4,10,7,0.5954128273598339
8465,1143.73,2,41,10.5,0.02,2,13,2,0,1,1,0,3,5,4,0.6795880303904696
8466,1144.05,3,400,6.3,0.02,3,41,3,0,0,0,1,6,48,36,0.525089806959614
8467,1144.4,3,344,-8.3,0.02,3,33,4,0,1,1,0,13,38,39,0.43979303117833624
8468,1144.43,0,46,8.7,0.02,0,20,0,0,1,1,0,1,6,7,0.5208785658322765
8469,1144.87,3,400,-3.2,0.02,3,33,2,0,0,0,1,8,47,31,0.4061702653790067
8470,1145.1,4,207,21.6,0.02,4,33,1,0,0,1,0,4,23,17,0.48040208940425866
8471,1145.4,9,260,23.3,0.02,4,42,3,1,1,1,0,6,29,17,0.45630391464367237
8472,1145.61,1,151,4.1,0.02,1,23,1,1,1,1,0,2,15,18,0.6176253601147264
8473,1145.8,4,263,27.6,0.02,4,48,5,0,1,1,0,7,27,21,0.48425964447770525
8474,1145.81,0,14,-1.5,0.02,0,6,0,0,1,1,0,1,2,1,0.47313455907244123
8475,1146.04,3,336,3.7,0.02,3,38,4,0,1,1,0,8,33,27,0.4397054265384981
8476,1146.21,3,232,14.6,0.02,3,35,3,0,1,1,0,5,22,22,0.43004639271703765
8477,1146.51,2,243,1.2,0.02,2,31,2,1,1,1,0,8,27,25,0.4433467615575913
8478,1146.97,3,303,10.3,0.02,3,41,2,0,1,1,0,8,35,24,0.5186948051221572
8479,1146.98,0,6,-4.6,0.02,0,2,0,0,1,1,0,1,1,0,0.2612455984032609
8480,1147.1,1,121,5.7,0.02,1,20,1,0,1,1,0,1,14,12,0.5313643248064971
8481,1147.44,5,373,7.4,0.02,5,39,4,0,1,1,0,11,41,33,0.4179656545788863
8482,1147.67,3,229,8.4,0.02,3,31,2,0,1,1,0,7,25,27,0.47133003553269653
8483,1147.91,3,214,-0.5,0.02,3,20,2,0,1,1,0,7,21,21,0.4294522800626417
8484,1147.92,0,13,-1.3,0.02,0,6,0,0,1,1,0,1,2,0,0.6500996106437303
8485,1148.07,5,162,2.0,0.02,0,28,1,1,1,1,0,3,17,18,0.5441028225111716
8486,1148.42,9,297,24.5,0.02,4,46,4,1,1,1,0,4,27,28,0.44356262508678485
8487,1148.47,3,58,23.8,0.02,3,23,2,0,1,1,0,3,7,4,0.9487721209101443
8488,1148.49,0,21,-0.2,0.02,0,8,0,0,1,1,0,1,3,1,0.47467957733663496
8489,1148.58,0,98,-8.2,0.02,0,9,0,0,1,1,0,2,10,4,0.5239257193326363
8490,1148.73,2,173,5.4,0.02,2,22,2,0,1,1,0,3,16,13,0.41941784139875793
8491,1148.87,1,126,-7.2,0.02,1,13,1,0,1,1,0,7,15,6,0.5330436038989214
8492,1149.19,1,233,-12.2,0.02,1,18,2,0,1,1,0,6,28,9,0.4393236767013514
8493,1149.23,1,49,5.6,0.02,1,11,2,0,1,1,0,0,5,5,0.4273886449092769
8494,1149.62,2,329,-6.5,0.02,2,29,3,0,1,1,0,5,36,26,0.3968212000923906
8495,1149.81,1,147,-10.8,0.02,1,15,0,0,0,1,0,10,18,11,0.5344469125066854
8496,1149.85,2,49,8.8,0.02,2,11,2,0,1,1,0,2,6,3,0.6796423092214781
8497,1150.13,3,252,3.9,0.02,3,28,4,0,1,1,0,7,30,19,0.46114444811083033
8498,1150.55,9,400,7.7,0.02,4,43,4,1,0,0,1,12,49,32,0.45322295159606973
8499,1151.03,0,367,-37.8,0.02,0,18,0,0,1,1,0,11,36,31,0.49357094879022007
8500,1151.04,0,6,-3.6,0.02,0,3,0,0,1,1,0,1,1,0,0.3603701363311104
8501,1151.54,6,400,-13.6,0.02,1,32,1,1,0,0,1,7,39,35,0.3318419903473655
8502,1151.76,2,400,-35.3,0.02,2,19,1,0,0,0,1,22,33,22,0.43237948181417685
8503,1152.13,2,400,-7.1,0.02,2,30,2,0,0,0,1,4,49,30,0.3908561711377688
8504,1152.25,4,116,26.6,0.02,4,24,5,0,1,1,0,0,13,8,0.5199201769745992
8505,1152.39,1,138,-3.2,0.02,1,18,2,0,1,1,0,6,16,14,0.5857255639511595
8506,1152.49,2,109,11.9,0.02,2,25,3,0,1,1,0,6,13,12,0.6070091448358271
8507,1152.52,2,38,11.1,0.02,2,10,1,0,1,1,0,0,5,1,0.811285154330986
8508,1153.0,2,394,-26.6,0.02,2,24,1,0,1,1,0,13,39,32,0.4210057540283468
8509,1153.07,1,60,13.3,0.02,1,22,1,0,1,1,0,2,8,7,0.6239100108714771
8510,1153.34,3,276,7.3,0.02,3,36,2,0,1,1,0,9,32,21,0.4921771199343759
8511,1153.36,1,21,1.8,0.02,1,5,1,0,1,1,0,1,3,1,0.6370365354112328
8512,1153.37,0,15,-1.7,0.02,0,5,1,0,1,1,0,0,2,2,0.33906347327245034
8513,1153.41,2,45,6.2,0.02,2,7,1,0,1,1,0,1,6,3,0.5879297920233667
8514,1153.91,7,309,-12.7,0.02,2,32,1,1,1,1,0,16,35,28,0.48115510735530004
8515,1153.97,2,68,16.6,0.02,2,23,3,0,1,1,0,4,8,6,0.6340725276288885
8516,1154.24,6,221,-1.8,0.02,1,27,0,1,1,1,0,5,25,17,0.40382889271435135
8517,1154.84,3,400,-7.6,0.02,3,32,3,0,0,0,1,12,38,25,0.4200710672443111
8518,1154.94,4,86,30.2,0.02,4,27,2,0,1,1,0,2,10,12,0.8124754890813544
8519,1155.27,1,400,-20.5,0.02,1,31,1,0,0,0,1,13,49,34,0.38198834233611406
8520,1155.34,0,59,4.5,0.02,0,17,0,0,1,1,0,1,8,6,0.4555252581157991
8521,1155.42,3,98,24.5,0.02,3,28,4,0,1,1,0,3,12,7,0.7603408933231784
8522,1155.71,3,392,-46.2,0.02,3,24,2,0,1,1,0,38,51,30,0.6705457231597574
8523,1156.23,2,400,2.1,0.02,2,37,2,0,0,0,1,3,38,18,0.36679601325361466
8524,1156.71,6,355,7.9,0.02,6,39,6,0,1,1,0,17,38,36,0.5935017955858343
8525,1156.88,3,168,16.4,0.02,3,27,3,0,1,1,0,3,13,8,0.501665664851142
8526,1157.05,6,210,-7.7,0.02,1,25,2,1,1,1,0,10,26,17,0.5014790153803989
8527,1157.09,0,44,1.1,0.02,0,13,1,0,1,1,0,2,6,5,0.7110600934160651
8528,1157.14,0,71,11.3,0.02,0,27,2,0,1,1,0,3,10,6,0.6173880210773025
8529,1157.22,1,75,1.9,0.02,1,10,1,0,1,1,0,0,9,6,0.42661173490779014
8530,1157.29,1,75,4.3,0.02,1,15,1,0,1,1,0,3,9,2,0.7375975473287227
8531,1157.44,2,190,13.2,0.02,2,33,1,0,1,1,0,4,21,18,0.47968372413311583
8532,1157.64,2,233,1.5,0.02,2,27,3,0,1,1,0,6,23,12,0.3983055714808532
8533,1157.71,3,73,14.9,0.02,3,14,3,0,1,1,0,1,8,8,0.599572813778925
8534,1157.78,1,91,4.3,0.02,1,18,2,0,1,1,0,4,11,6,0.6783148112316446
8535,1157.78,0,6,-3.6,0.02,0,3,0,0,1,1,0,1,1,0,0.4075510128753597
8536,1157.95,4,228,27.1,0.02,4,40,1,0,1,1,0,3,24,21,0.5005773454383667
8537,1158.09,3,129,14.5,0.02,3,23,4,0,0,1,0,4,15,16,0.7433812120533485
8538,1158.17,1,98,6.6,0.02,1,23,1,0,1,1,0,6,13,6,0.6545011145993644
8539,1158.38,7,165,22.8,0.02,2,38,3,1,1,1,0,2,18,17,0.6366223852700083
8540,1158.7,1,338,-15.4,0.02,1,26,2,0,1,1,0,6,26,16,0.3670172342989386
8541,1158.93,2,260,-21.9,0.02,2,10,2,0,1,1,0,10,23,9,0.497089812261458
8542,1159.13,0,204,-13.6,0.02,0,19,0,0,1,1,0,5,24,22,0.4189368680235127
8543,1159.46,1,290,-5.2,0.02,1,31,1,0,1,1,0,6,36,12,0.34391847424926975
8544,1159.49,0,42,1.5,0.02,0,12,0,0,1,1,0,1,6,3,0.5164187607573706
8545,1159.67,4,196,29.2,0.02,4,37,4,0,1,1,0,2,22,12,0.4528676588498358
8546,1159.91,7,400,-9.9,0.02,2,40,3,1,0,0,1,17,48,28,0.5433470034903376
8547,1160.22,2,400,-23.1,0.02,2,31,2,0,0,0,1,21,50,30,0.587459349051805
8548,1160.47,5,278,24.7,0.02,5,43,4,0,1,1,0,8,29,25,0.4494858169321015
8549,1160.57,1,96,4.0,0.02,1,18,1,0,1,1,0,4,12,4,0.6242835281989653
8550,1161.09,5,400,-0.8,0.02,5,31,4,0,0,0,1,13,45,37,0.43664048238270936
8551,1161.31,3,207,7.7,0.02,3,29,4,0,1,1,0,9,23,16,0.5316039036529084
8552,1161.48,3,132,23.8,0.02,3,30,3,0,0,1,0,2,16,10,0.5214349739252442
8553,1161.55,0,75,-1.9,0.02,0,13,0,0,1,1,0,2,9,4,0.49644209598462585
8554,1161.73,1,174,1.5,0.02,1,25,3,0,1,1,0,5,14,11,0.37794734345743825
8555,1161.87,3,189,13.0,0.02,3,28,3,0,0,1,0,5,21,11,0.46939840547319844
8556,1161.94,0,71,12.3,0.02,0,25,0,0,1,1,0,0,9,6,0.46942784260998127
8557,1162.23,6,208,-1.2,0.02,1,25,0,1,1,1,0,4,24,14,0.38878788861217417
8558,1162.32,2,101,5.0,0.02,2,17,2,0,1,1,0,6,12,9,0.5283434121118603
8559,1162.54,1,209,5.0,0.02,1,33,0,0,1,1,0,6,22,11,0.5376655403238203
8560,1162.6,1,65,9.8,0.02,1,17,1,0,1,1,0,0,8,7,0.4946348809634225
8561,1162.64,1,44,11.3,0.02,1,17,1,0,1,1,0,1,6,3,0.6362582235591364
8562,1163.1,8,400,-3.3,0.02,3,32,2,1,0,0,1,8,31,22,0.34020579588964606
8563,1163.14,2,64,11.7,0.02,2,14,1,0,1,1,0,0,7,9,0.6854718961551107
8564,1163.16,0,14,-0.6,0.02,0,6,0,0,1,1,0,0,2,2,0.4384153345391099
8565,1163.16,0,6,-4.6,0.02,0,2,1,0,1,1,0,1,1,0,0.2436762551050354
8566,1163.44,0,293,-11.9,0.02,0,31,0,0,1,1,0,6,31,26,0.40932670177580643
8567,1163.5,3,63,18.8,0.02,3,21,3,0,1,1,0,5,7,9,0.9549574695262406
8568,1163.55,0,52,4.5,0.02,0,17,0,0,1,1,0,2,7,3,0.7266500422544266
8569,1163.7,6,206,1.1,0.02,1,28,2,1,1,1,0,5,23,13,0.43045611724511496
8570,1163.77,1,86,3.3,0.02,1,13,2,0,1,1,0,0,7,11,0.5504370278967315
8571,1163.79,0,22,0.4,0.02,0,9,0,0,1,1,0,1,3,4,0.5904978458112038
8572,1164.07,0,199,-7.2,0.02,0,24,0,0,1,1,0,5,24,13,0.4475632351401128
8573,1164.22,3,134,16.0,0.02,3,22,3,0,1,1,0,2,16,6,0.4659931964878964
8574,1164.29,6,79,11.9,0.02,1,22,1,1,0,1,0,1,10,12,0.644115491210775
8575,1164.37,2,101,14.2,0.02,2,23,2,0,1,1,0,3,11,7,0.703149727276673
8576,1164.57,2,217,10.6,0.02,2,35,2,0,1,1,0,6,21,17,0.45565989594927525
8577,1164.73,0,171,-8.1,0.02,0,20,1,0,1,1,0,5,20,10,0.41502063844841464
8578,1165.01,1,248,-6.9,0.02,1,27,0,1,1,1,0,7,27,21,0.5091514812017974
8579,1165.25,4,227,12.8,0.02,4,26,4,0,1,1,0,4,24,15,0.394444420610564
8580,1165.26,0,14,-2.6,0.02,0,4,0,0,1,1,0,0,2,2,0.2506311149925463
8581,1165.45,2,186,24.6,0.02,2,45,2,0,1,1,0,5,23,18,0.49838307441769214
8582,1165.93,0,337,-25.6,0.02,0,22,0,0,1,1,0,7,42,19,0.4176570713877665
8583,1166.11,7,297,0.8,0.02,2,41,2,1,1,1,0,13,35,25,0.5145638763538317
8584,1166.37,4,225,9.8,0.02,4,22,3,0,1,1,0,3,19,17,0.4237194471212067
8585,1166.47,0,103,2.9,0.02,0,20,0,0,1,1,0,1,12,8,0.3262977089891662
8586,1166.49,0,21,2.7,0.02,0,11,1,0,1,1,0,1,3,2,0.7791182369090858
8587,1166.54,2,40,14.3,0.02,2,17,1,0,1,1,0,3,5,7,1.0531398715436557
8588,1166.7,7,154,20.3,0.02,2,39,4,1,1,1,0,7,17,13,0.5807730727365598
8589,1166.86,1,125,7.3,0.02,1,23,2,0,1,1,0,2,15,12,0.49479391459288796
8590,1167.06,2,254,1.5,0.02,2,27,2,0,1,1,0,3,26,21,0.4379678717330495
8591,1167.28,3,320,4.1,0.02,3,33,3,0,1,1,0,5,29,19,0.4129552086683125
8592,1167.33,1,56,7.7,0.02,1,14,1,0,1,1,0,0,7,7,0.46613829939670065
8593,1167.66,4,399,6.2,0.02,4,39,4,0,1,1,0,5,43,29,0.4444223663093874
8594,1167.68,0,22,1.6,0.02,0,9,0,0,1,1,0,0,3,2,0.46722681430069013
8595,1167.85,3,184,13.5,0.02,3,29,3,0,1,1,0,6,21,11,0.5316197004745012
8596,1168.44,0,400,-31.4,0.02,0,17,0,0,0,0,1,7,51,13,0.33969626789150614
8597,1168.46,0,21,0.7,0.02,0,9,0,0,1,1,0,1,3,2,1.032317998253486
8598,1168.7,3,267,2.5,0.02,3,28,2,0,1,1,0,7,30,18,0.3893631383178641
8599,1169.03,2,400,-7.0,0.02,2,32,0,0,0,0,1,7,39,19,0.36660520220993376
8600,1169.27,4,335,10.5,0.02,4,39,1,0,1,1,0,7,38,30,0.4105908555042734
8601,1169.3,1,30,6.6,0.02,1,12,1,0,1,1,0,2,4,4,0.6607279455138145
8602,1169.34,1,42,10.3,0.02,1,15,2,0,1,1,0,0,5,5,0.8073720219729743
8603,1169.45,1,104,-0.4,0.02,1,15,1,0,0,1,0,4,12,10,0.5861499138807383
8604,1169.53,0,76,-7.0,0.02,0,6,0,0,1,1,0,0,4,4,0.47034540635438715
8605,1169.65,2,132,7.6,0.02,2,19,2,0,1,1,0,2,17,12,0.3640728565176084
8606,1169.77,2,101,15.1,0.02,2,23,2,0,1,1,0,2,13,8,0.5314959317422765
8607,1169.82,2,51,15.4,0.02,2,18,2,0,1,1,0,2,6,5,0.6127812221223659
8608,1169.97,3,400,-10.7,0.02,3,23,3,0,0,0,1,7,29,16,0.3494330373721995
8609,1170.21,2,204,4.7,0.02,2,28,3,0,1,1,0,6,22,19,0.44917625603731376
8610,1170.26,0,55,-5.9,0.02,0,7,0,0,1,1,0,2,5,4,0.4088260665623759
8611,1170.76,3,400,-12.1,0.02,3,24,3,0,0,0,1,8,36,30,0.347145944338696
8612,1171.01,1,220,-0.9,0.02,1,31,1,0,1,1,0,8,23,19,0.4665836521035832
8613,1171.17,9,197,29.4,0.02,4,41,5,1,1,1,0,5,21,19,0.5215413579226564
8614,1171.53,1,400,-20.0,0.02,1,36,1,0,0,0,1,19,48,19,0.41868047196285524
8615,1171.6,1,65,9.1,0.02,1,19,1,0,1,1,0,3,8,4,0.8270212498873143
8616,1171.64,0,49,0.6,0.02,0,16,0,0,1,1,0,5,7,5,0.5306348718404597
8617,1171.65,0,13,-2.5,0.02,0,5,0,0,1,1,0,1,2,2,0.38753272732314453
8618,1171.77,6,173,13.1,0.02,1,37,1,1,1,1,0,5,20,16,0.5102446451267634
8619,1171.91,3,142,12.8,0.02,3,29,3,0,1,1,0,11,17,10,0.6211570822454724
8620,1171.92,0,26,3.0,0.02,0,12,0,0,1,1,0,1,3,4,0.46815748643501676
8621,1171.94,0,13,2.4,0.02,0,9,0,0,1,1,0,0,2,3,0.6650081640434641
8622,1172.4,1,400,-7.7,0.02,1,38,1,0,0,0,1,8,49,26,0.3783032002416715
8623,1172.78,5,400,11.6,0.02,5,37,5,0,0,0,1,7,41,33,0.3935275269056725
8624,1172.85,1,79,-1.3,0.02,1,8,1,0,1,1,0,1,8,4,0.45696892058494376
8625,1172.9,1,57,2.8,0.02,1,13,1,0,0,1,0,4,7,5,0.7388815643650805
8626,1173.01,1,110,-5.3,0.02,1,13,2,0,1,1,0,7,12,3,0.6892404534577592
8627,1173.09,1,83,8.8,0.02,1,21,1,0,1,1,0,3,11,9,0.4822382409039859
8628,1173.34,4,197,36.9,0.02,4,50,5,0,1,1,0,6,22,24,0.5932038417492705
8629,1173.48,6,173,5.3,0.02,1,27,2,1,1,1,0,3,20,14,0.4552696792065398
8630,1173.9,12,400,-0.6,0.02,2,39,2,2,0,0,1,6,44,35,0.40685525766963815
8631,1173.99,2,130,7.8,0.02,2,19,2,0,1,1,0,2,12,12,0.4551084110110267
8632,1174.04,2,42,13.6,0.02,2,14,2,0,1,1,0,1,5,2,0.6286605303200732
8633,1174.39,1,251,-3.0,0.02,1,35,2,0,1,1,0,11,23,19,0.38274849773517045
8634,1174.71,11,400,24.1,0.02,6,41,6,1,0,0,1,4,45,28,0.43488793977524975
8635,1174.81,1,109,7.3,0.02,1,24,1,0,1,1,0,5,14,8,0.47509067266375693
8636,1174.82,1,17,5.1,0.02,1,8,2,0,1,1,0,1,2,2,0.7855007936478401
8637,1175.03,2,283,-8.4,0.02,2,27,2,0,1,1,0,11,28,11,0.4689216748460625
8638,1175.35,1,248,6.9,0.02,1,38,1,0,1,1,0,4,27,23,0.35995825696016237
8639,1175.46,1,91,8.8,0.02,1,20,1,0,1,1,0,1,12,11,0.5262304693404092
8640,1175.55,9,99,27.9,0.02,4,28,4,1,1,1,0,4,12,12,0.7795516065925904
8641,1175.65,0,89,-8.2,0.02,0,7,0,0,1,1,0,1,3,3,0.23171241454313563
8642,1175.69,0,42,3.5,0.02,0,14,0,0,1,1,0,1,6,3,0.5075864657484187
8643,1175.71,0,22,4.4,0.02,0,12,1,0,1,1,0,0,3,4,0.620994673643197
8644,1175.89,2,211,8.8,0.02,2,31,2,0,1,1,0,4,23,21,0.4790259652966658
8645,1176.27,7,309,-6.6,0.02,2,27,1,1,1,1,0,6,32,17,0.36701908087021623
8646,1176.39,0,130,4.0,0.02,0,23,0,0,0,1,0,0,14,10,0.422311662952444
8647,1176.58,1,182,8.3,0.02,1,29,1,0,1,1,0,1,20,15,0.4084439271121674
8648,1177.1,9,400,7.2,0.02,4,45,3,1,0,0,1,15,46,27,0.460906723482111
8649,1177.15,2,76,12.7,0.02,2,17,2,0,1,1,0,1,9,7,0.5876826467792498
8650,1177.27,2,108,13.6,0.02,2,22,2,0,1,1,0,2,12,6,0.6350277703527024
8651,1177.45,3,172,20.2,0.02,3,35,4,0,1,1,0,6,18,16,0.4254383884465394
8652,1177.68,2,186,13.1,0.02,2,40,2,0,0,1,0,11,20,23,0.48431227361669377
8653,1178.09,6,342,-21.8,0.02,1,25,2,1,1,1,0,10,38,26,0.4441597325426545
8654,1178.26,3,207,11.1,0.02,3,26,3,0,1,1,0,3,17,12,0.5274594983202989
8655,1178.37,1,104,7.3,0.02,1,20,1,0,1,1,0,1,14,13,0.4944895425960407
8656,1178.39,1,26,7.2,0.02,1,10,2,0,1,1,0,0,3,2,0.6167311054093868
8657,1178.62,4,165,33.9,0.02,4,42,4,0,1,1,0,5,20,16,0.5797392629039654
8658,1179.12,0,400,-21.5,0.02,0,29,0,0,0,0,1,9,45,14,0.34352208586291916
8659,1179.36,8,275,6.2,0.02,3,30,3,1,1,1,0,4,34,23,0.45243778872474755
8660,1179.9,3,400,-1.7,0.02,3,35,2,0,0,0,1,8,47,36,0.4360682736133862
8661,1179.96,2,59,17.2,0.02,2,21,0,0,1,1,0,2,7,9,0.8166599052115561
8662,1180.33,4,397,7.6,0.02,4,45,3,0,1,1,0,10,48,27,0.5230004843816578
8663,1180.55,5,197,27.1,0.02,5,34,4,0,1,1,0,6,19,12,0.5942829933051852
8664,1180.57,0,27,-0.1,0.02,0,9,0,0,1,1,0,1,4,4,0.8654983617824409
8665,1180.59,0,28,0.8,0.02,0,9,0,0,1,1,0,0,4,4,0.8216951032473695
8666,1180.71,1,114,5.6,0.02,1,26,1,0,1,1,0,8,14,10,0.6977018159024854
8667,1181.01,0,370,-13.6,0.02,0,34,0,0,1,1,0,3,44,26,0.3271066783865474
8668,1181.03,0,22,0.6,0.02,0,9,1,0,1,1,0,1,3,2,0.45831145731304374
8669,1181.05,0,22,-1.3,0.02,0,6,0,0,1,1,0,0,3,1,0.36715251898896567
8670,1181.15,1,142,13.2,0.02,1,34,1,0,1,1,0,5,15,16,0.3962036070628902
8671,1181.36,1,342,-25.0,0.02,1,22,2,0,1,1,0,11,37,18,0.39503073185648646
8672,1181.83,7,400,-6.4,0.02,2,38,2,1,0,0,1,10,39,43,0.48078035532548874
8673,1181.99,2,176,13.8,0.02,2,32,3,0,1,1,0,4,20,16,0.4281402246175637
8674,1182.02,1,38,5.6,0.02,1,12,1,0,0,1,0,2,5,6,0.9330715547808608
8675,1182.4,2,345,-12.6,0.02,2,27,1,0,1,1,0,7,37,31,0.39927169071245777
8676,1182.82,3,281,4.9,0.02,3,34,5,0,1,1,0,9,32,20,0.4499266719349947
8677,1182.89,1,80,10.0,0.02,1,21,0,0,1,1,0,2,10,10,0.650520754923304
8678,1183.12,3,239,0.8,0.02,3,24,3,0,1,1,0,7,27,23,0.43546438353663053
8679,1183.26,4,123,32.1,0.02,4,33,4,0,1,1,0,3,16,6,0.6516387153910476
8680,1183.27,0,14,-1.5,0.02,0,6,0,0,1,1,0,1,2,1,0.4274667226886904
8681,1183.28,0,20,1.6,0.02,0,10,1,0,1,1,0,1,3,4,0.6443982496156238
8682,1183.33,0,47,-6.1,0.02,0,6,0,0,1,1,0,2,5,4,0.39567521830773117
8683,1183.43,1,97,9.4,0.02,1,22,1,0,1,1,0,2,12,9,0.6555073717245286
8684,1183.45,0,28,0.1,0.02,0,8,0,0,1,1,0,0,4,1,0.5988119896050573
8685,1183.63,3,178,19.6,0.02,3,31,3,0,1,1,0,2,20,16,0.42898284423418565
8686,1183.69,1,59,7.6,0.02,1,15,1,0,1,1,0,1,7,5,0.5600359800364095
8687,1183.71,0,28,1.8,0.02,0,12,1,0,1,1,0,2,4,4,0.38617026879995076
8688,1183.81,2,107,11.2,0.02,2,22,1,0,1,1,0,4,10,11,0.6574965758772033
8689,1183.92,3,134,28.5,0.02,3,33,3,0,1,1,0,0,17,11,0.566797615664698
8690,1183.95,1,36,1.4,0.02,1,7,1,0,1,1,0,2,4,0,0.8573577787369576
8691,1184.05,2,89,12.6,0.02,2,20,1,0,1,1,0,3,11,5,0.8192227864813442
8692,1184.1,2,60,20.3,0.02,2,25,2,0,1,1,0,3,8,7,0.8321233199853602
8693,1184.43,2,344,-13.0,0.02,2,34,2,0,1,1,0,14,38,36,0.4160642548523509
8694,1184.73,2,269,-9.3,0.02,2,24,1,0,1,1,0,10,33,14,0.4844248004690841
8695,1184.96,3,234,8.0,0.02,3,27,3,0,1,1,0,4,15,16,0.4212420092198393
8696,1185.14,2,152,16.6,0.02,2,31,2,0,1,1,0,3,15,12,0.5342797689009382
8697,1185.53,2,246,-1.2,0.02,2,23,2,0,1,1,0,3,24,16,0.45999975713446095
8698,1185.62,1,93,-6.7,0.02,1,13,1,0,1,1,0,10,11,4,0.5255634524278927
8699,1185.63,0,14,-1.6,0.02,0,5,0,0,1,1,0,0,2,2,0.3401298067607411
8700,1185.66,0,28,2.8,0.02,0,13,1,0,1,1,0,2,4,4,0.6377663839732818
8701,1185.92,7,287,-7.5,0.02,2,23,2,1,1,1,0,5,24,18,0.2997316304882726
8702,1185.96,0,47,2.6,0.02,0,15,1,0,1,1,0,2,6,7,0.7493756374532864
8703,1186.02,3,67,22.7,0.02,3,21,3,0,1,1,0,1,8,6,0.8737453030975018
8704,1186.11,2,81,16.2,0.02,2,22,3,0,1,1,0,2,10,7,0.6727587903237839
8705,1186.32,2,196,5.3,0.02,2,22,0,0,1,1,0,1,15,11,0.37078767862858647
8706,1186.49,4,136,22.5,0.02,4,25,3,0,1,1,0,3,16,9,0.551064608193826
8707,1186.75,3,242,14.8,0.02,3,37,3,0,1,1,0,6,28,20,0.4269415979954101
8708,1186.76,0,7,-3.7,0.02,0,2,0,0,1,1,0,0,1,0,0.21626395294451242
8709,1186.82,6,95,6.7,0.02,1,21,0,1,0,1,0,4,10,8,0.5764793813949098
8710,1186.91,2,90,1.1,0.02,2,11,0,0,1,1,0,5,11,9,1.0127937381962844
8711,1186.94,0,28,1.9,0.02,0,10,0,0,1,1,0,0,4,3,0.4732011730266671
8712,1186.97,1,48,3.8,0.02,1,10,1,0,1,1,0,1,5,4,0.4777497892583402
8713,1187.16,2,242,5.5,0.02,2,34,2,0,1,1,0,8,22,13,0.45241809638082886
8714,1187.32,0,119,3.2,0.02,0,23,0,0,1,1,0,2,11,9,0.49116452889473555
8715,1187.38,2,66,8.1,0.02,2,13,2,0,1,1,0,3,6,3,0.9545312547096061
8716,1187.57,2,400,-9.6,0.02,2,28,3,0,0,0,1,6,18,15,0.2885270510474629
8717,1187.71,2,120,18.3,0.02,2,28,1,0,1,1,0,2,15,7,0.6015368966106625
8718,1187.82,1,116,0.8,0.02,1,14,1,0,1,1,0,1,7,6,0.5143675365330463
8719,1187.86,0,39,1.6,0.02,0,12,1,0,1,1,0,1,5,5,0.31975861921216353
8720,1188.01,1,184,7.0,0.02,1,32,2,1,1,1,0,5,15,16,0.3929043565747907
8721,1188.08,1,74,0.1,0.02,1,10,1,0,1,1,0,2,8,5,0.776301388498601
8722,1188.5,2,400,-26.9,0.02,2,13,2,0,0,0,1,7,46,28,0.4245319011544245
8723,1188.98,4,400,-6.9,0.02,4,32,4,0,0,0,1,15,47,38,0.4278993611688376
8724,1189.37,7,361,-8.6,0.02,2,32,3,1,1,1,0,7,29,25,0.4327772183977912
8725,1189.8,3,339,-7.6,0.02,3,26,3,0,1,1,0,7,31,27,0.33627655838819837
8726,1190.03,1,295,-15.1,0.02,1,28,2,0,1,1,0,11,34,26,0.38712643327872215
8727,1190.43,1,388,-31.2,0.02,1,20,1,0,1,1,0,9,41,34,0.40106480236488284
8728,1190.47,0,49,3.5,0.02,0,14,0,0,1,1,0,0,7,6,0.5030275631083936
8729,1190.56,0,95,2.9,0.02,0,24,0,0,1,1,0,6,12,6,0.7813534768998621
8730,1190.56,0,7,-4.7,0.02,0,3,0,0,1,1,0,2,1,0,0.5251432021594474
8731,1191.1,4,400,-5.8,0.02,4,23,3,0,0,0,1,6,45,27,0.4183348996934407
8732,1191.46,3,320,-21.4,0.02,3,10,3,0,1,1,0,8,18,14,0.35025979642116234
8733,1191.72,6,263,0.7,0.02,1,42,1,1,1,1,0,12,29,30,0.49640651787259754
8734,1191.84,1,131,3.8,0.02,1,20,1,0,1,1,0,2,15,11,0.3558740089187541
8735,1191.92,2,95,11.7,0.02,2,21,1,0,1,1,0,4,11,8,0.6993304236142369
8736,1192.23,3,400,8.7,0.02,3,49,3,0,0,0,1,12,47,32,0.47397459665996017
8737,1192.29,2,59,19.5,0.02,2,22,1,0,1,1,0,1,8,6,0.8501125417436752
8738,1192.59,3,270,11.3,0.02,3,36,2,0,1,1,0,6,33,17,0.5216787193338609
8739,1192.94,5,257,16.9,0.02,5,31,6,0,1,1,0,6,27,24,0.5561207329551412
8740,1193.02,0,80,2.2,0.02,0,18,1,0,1,1,0,2,10,8,0.4286497761787665
8741,1193.07,1,57,6.8,0.02,1,15,1,0,1,1,0,2,6,5,0.4912339027370445
8742,1193.14,1,74,6.8,0.02,1,17,2,0,0,1,0,2,8,8,0.5694378313831059
8743,1193.25,1,136,3.1,0.02,1,23,1,0,0,1,0,5,16,13,0.5097473711076719
8744,1193.31,2,60,14.8,0.02,2,18,1,0,1,1,0,2,8,2,0.872991524283215
8745,1193.45,2,183,14.2,0.02,2,30,2,0,1,1,0,1,22,15,0.3681034258165823
8746,1193.56,3,109,23.9,0.02,3,29,2,0,1,1,0,3,11,12,0.6184145633658311
8747,1193.69,1,120,10.8,0.02,1,28,2,0,1,1,0,4,14,12,0.5652225670711032
8748,1193.75,2,72,20.1,0.02,2,24,2,0,1,1,0,1,9,7,0.675766696875185
8749,1194.14,3,400,0.7,0.02,3,37,3,0,0,0,1,7,41,42,0.39706746381871927
8750,1194.28,1,119,-5.5,0.02,1,8,1,0,0,1,0,1,6,6,0.4583902884396243
8751,1194.42,0,177,-9.8,0.02,0,17,0,0,1,1,0,3,11,11,0.2931190616238859
8752,1194.53,2,153,15.4,0.02,2,31,1,0,0,1,0,4,16,13,0.540164088659364
8753,1194.56,1,31,7.5,0.02,1,12,1,0,1,1,0,1,4,4,0.7316018902908347
8754,1194.63,3,83,16.8,0.02,3,18,2,0,1,1,0,2,10,9,0.7082156839530735
8755,1194.78,3,144,12.5,0.02,3,22,2,0,1,1,0,4,17,11,0.4916570595071445
8756,1194.78,0,6,-3.6,0.02,0,3,1,0,1,1,0,1,1,0,0.48684636574895274
8757,1195.13,6,259,0.8,0.02,1,34,2,1,1,1,0,5,29,23,0.35420726830949356
8758,1195.31,3,236,3.4,0.02,3,25,4,0,1,1,0,7,23,10,0.36584070155102444
8759,1195.62,3,308,7.1,0.02,3,34,2,0,0,0,1,8,37,30,0.4710288291531505
8760,1195.71,2,96,19.3,0.02,2,26,1,0,1,1,0,1,10,11,0.6478683763580594
8761,1195.78,1,69,13.4,0.02,1,22,1,0,1,1,0,1,9,7,0.5271303180867398
8762,1195.82,9,53,24.1,0.02,4,17,4,1,1,1,0,2,6,6,0.717735116790579
8763,1195.91,3,85,24.5,0.02,3,26,3,0,0,1,0,2,9,10,0.675184573317626
8764,1196.14,3,240,16.2,0.02,3,37,2,0,1,1,0,4,26,28,0.3746534308876062
8765,1196.17,1,44,13.2,0.02,1,19,1,0,1,1,0,1,5,4,0.7683326366144254
8766,1196.23,1,64,9.2,0.02,1,16,1,0,1,1,0,0,8,4,0.4745113741237051
8767,1196.41,3,196,8.3,0.02,3,25,3,0,1,1,0,6,19,11,0.46789057412505547
8768,1196.59,2,149,11.5,0.02,2,30,2,0,0,1,0,7,19,16,0.7017149093179673
8769,1197.04,2,353,-19.5,0.02,2,21,1,0,1,1,0,7,40,32,0.4408307851417415
8770,1197.14,3,126,30.3,0.02,3,38,3,0,1,1,0,4,15,11,0.7242189510529204
8771,1197.47,3,275,0.1,0.02,3,22,2,0,1,1,0,3,30,14,0.35655267226213316
8772,1197.49,0,28,1.1,0.02,0,10,1,0,1,1,0,1,4,1,0.584864084801956
8773,1197.8,2,251,-7.4,0.02,2,19,2,0,1,1,0,5,33,13,0.40479050664980265
8774,1197.83,0,36,3.0,0.02,0,13,0,0,1,1,0,1,5,4,0.4527827024786343
8775,1197.83,0,6,-3.6,0.02,0,3,0,0,1,1,0,1,1,0,0.47360279007915945
8776,1198.29,2,400,-15.5,0.02,2,25,1,0,0,0,1,8,43,24,0.4297732962359498
8777,1198.3,0,13,-3.3,0.02,0,4,1,0,1,1,0,1,2,0,0.4716149109889847
8778,1198.34,1,39,8.5,0.02,1,13,0,0,1,1,0,0,5,6,0.9429116805939219
8779,1198.59,2,242,-10.6,0.02,2,15,1,0,1,1,0,6,10,4,0.2812041569014914
8780,1198.69,2,90,4.6,0.02,2,14,2,0,1,1,0,5,11,4,0.48682734549437495
8781,1198.78,6,90,12.1,0.02,1,24,1,1,1,1,0,2,11,9,0.5132725702704727
8782,1198.79,0,21,0.8,0.02,0,8,0,0,1,1,0,0,3,1,0.4875181069233549
8783,1199.1,3,400,-0.5,0.02,3,31,4,0,0,0,1,5,40,14,0.38726448826312004
8784,1199.1,0,6,-4.7,0.02,0,1,0,0,1,1,0,0,1,1,0.18542045732643855
8785,1199.29,6,174,37.8,0.02,6,36,4,0,1,1,0,5,17,8,0.6831823386330164
8786,1199.55,0,204,4.4,0.02,0,33,2,0,0,1,0,1,25,22,0.47108804267359883
8787,1199.65,1,91,5.1,0.02,1,16,1,0,1,1,0,1,10,8,0.5190531245351045
8788,1199.77,1,110,4.1,0.02,1,20,1,0,0,1,0,4,13,9,0.49360179655513936
8789,1200.14,3,296,2.7,0.02,3,31,2,0,1,1,0,7,26,17,0.3474704156616659
8790,1200.42,13,317,-11.8,0.02,3,20,0,2,1,1,0,8,35,21,0.4247157598473332
8791,1200.58,0,146,0.5,0.02,0,24,0,0,0,1,0,3,16,9,0.47789216509614063
8792,1201.28,3,400,-10.6,0.02,3,29,3,0,0,0,1,12,45,25,0.41418150844178225
8793,1201.54,1,241,0.5,0.02,1,31,1,0,1,1,0,5,27,14,0.42974773583900994
8794,1202.05,1,330,-18.8,0.02,1,27,1,0,1,1,0,10,37,28,0.38809431093850416
8795,1202.31,10,346,18.2,0.02,5,43,5,1,1,1,0,7,36,32,0.42689378619995283
8796,1202.52,1,199,-1.0,0.02,1,24,1,0,1,1,0,4,24,11,0.36819347815849135
8797,1202.67,1,169,7.1,0.02,1,31,0,0,1,1,0,6,19,10,0.5103158745157791
8798,1202.92,2,184,26.8,0.02,2,43,2,0,1,1,0,1,19,18,0.48886172153597984
8799,1202.96,0,43,8.2,0.02,0,18,1,0,1,1,0,0,6,5,0.7890965948887249
8800,1203.32,3,277,0.9,0.02,3,25,2,0,1,1,0,5,31,14,0.42639386150884373
8801,1203.39,5,77,6.2,0.02,0,23,2,1,0,1,0,3,11,11,0.5781460107644624
8802,1203.58,2,208,-1.5,0.02,2,20,2,0,1,1,0,4,24,17,0.5036408500630876
8803,1203.59,0,21,1.5,0.02,0,9,1,0,1,1,0,0,3,4,0.4661884145418881
8804,1203.76,1,171,13.5,0.02,1,39,2,0,1,1,0,7,18,14,0.49305439693017095
8805,1203.95,0,184,8.4,0.02,0,34,0,0,1,1,0,1,21,12,0.40819696432549835
8806,1204.17,0,318,-13.6,0.02,0,34,1,0,1,1,0,8,35,28,0.3468922748656191
8807,1204.23,2,65,8.5,0.02,2,14,2,0,1,1,0,3,9,10,0.5086594534694349
8808,1204.37,4,113,22.0,0.02,4,21,4,0,1,1,0,2,12,7,0.6540071034659136
8809,1204.51,1,114,16.2,0.02,1,30,1,0,1,1,0,1,14,14,0.5765607970473643
8810,1204.6,3,109,19.3,0.02,3,24,2,0,1,1,0,3,14,8,0.44127559494401936
8811,1205.06,5,400,-12.6,0.02,0,39,1,1,0,0,1,8,44,35,0.3524282009136885
8812,1205.15,1,90,2.4,0.02,1,14,0,0,1,1,0,2,12,6,0.40922737722627234
8813,1205.18,0,36,3.7,0.02,0,13,0,0,1,1,0,0,5,7,0.5026693975652523
8814,1205.2,0,20,-1.0,0.02,0,7,1,0,1,1,0,1,3,0,0.7256290102229577
8815,1205.5,0,235,-12.7,0.02,0,22,0,0,1,1,0,4,19,22,0.3684599850238737
8816,1205.57,0,66,-0.4,0.02,0,12,0,0,1,1,0,0,8,8,0.5336015788233874
8817,1205.65,1,84,4.0,0.02,1,15,1,0,1,1,0,2,9,6,0.4101596049225395
8818,1205.67,0,21,2.7,0.02,0,10,0,0,1,1,0,0,3,2,0.5818755928279851
8819,1205.79,3,133,10.2,0.02,3,18,3,0,0,1,0,4,16,5,0.6203439446220714
8820,1205.93,2,150,24.7,0.02,2,37,1,0,1,1,0,1,18,13,0.4969282214667877
8821,1205.98,1,56,6.0,0.02,1,13,2,0,1,1,0,1,7,4,1.047569986981751
8822,1206.26,3,292,4.1,0.02,3,30,3,0,1,1,0,5,32,17,0.3700179087016167
8823,1206.33,2,78,13.5,0.02,2,20,2,0,1,1,0,3,10,7,0.7165840455416987
8824,1206.75,7,373,-14.0,0.02,2,32,3,1,1,1,0,10,42,37,0.464401712387246
8825,1206.9,0,184,-11.6,0.02,0,16,0,0,1,1,0,3,9,12,0.339874656679866
8826,1207.05,1,221,2.3,0.02,1,33,0,0,1,1,0,7,24,16,0.3729237149830456
8827,1207.19,6,179,11.1,0.02,1,37,1,1,1,1,0,6,20,20,0.5209122004343993
8828,1207.26,2,68,16.7,0.02,2,20,2,0,1,1,0,1,8,5,0.5925885915673631
8829,1207.3,2,54,4.4,0.02,2,10,3,0,1,1,0,5,7,2,0.6635489613947549
8830,1207.36,0,64,-3.0,0.02,0,10,1,0,1,1,0,1,8,6,0.6715274288563902
8831,1207.79,2,400,-9.1,0.02,2,28,2,0,0,0,1,5,48,20,0.3618209141755839
8832,1208.04,2,257,10.7,0.02,2,38,1,0,1,1,0,5,28,16,0.47209919393739164
8833,1208.28,1,184,3.0,0.02,1,26,2,0,1,1,0,3,21,16,0.3696487819222262
8834,1208.42,2,127,12.4,0.02,2,22,3,0,1,1,0,1,14,9,0.549897966283083
8835,1208.86,4,289,18.2,0.02,4,40,4,0,0,1,0,5,30,29,0.47218547380505416
8836,1209.02,7,168,13.3,0.02,2,34,3,1,1,1,0,7,20,19,0.5141882356342018
8837,1209.18,3,131,11.8,0.02,3,21,0,0,1,1,0,5,11,11,0.6057597855304949
8838,1209.18,0,7,-2.9,0.02,0,3,0,0,1,1,0,0,1,2,0.6082135066866196
8839,1209.39,1,165,2.1,0.02,1,22,1,0,1,1,0,2,20,14,0.5105329397842323
8840,1209.56,4,196,18.1,0.02,4,26,4,0,0,1,0,2,19,13,0.49295779082607105
8841,1209.69,4,129,25.1,0.02,4,26,4,0,1,1,0,2,13,10,0.5121862350349973
8842,1210.07,4,354,20.2,0.02,4,51,4,0,1,1,0,8,42,24,0.4912525530255618
8843,1210.42,2,340,-6.8,0.02,2,31,4,0,1,1,0,7,39,18,0.3464955219846444
8844,1210.59,1,154,6.0,0.02,1,28,2,0,1,1,0,5,19,16,0.4793668399194751
8845,1210.7,3,93,17.5,0.02,3,21,2,0,1,1,0,3,12,12,0.6207335290221582
8846,1210.87,5,400,1.5,0.02,5,29,2,0,0,0,1,11,31,14,0.38794488459000054
8847,1211.07,4,294,10.4,0.02,4,33,4,0,1,1,0,6,31,22,0.484332770376257
8848,1211.26,2,227,8.0,0.02,2,33,2,0,1,1,0,5,27,23,0.4319389038844966
8849,1211.35,1,93,12.8,0.02,1,24,2,0,0,1,0,1,12,9,0.6081728279188929
8850,1211.5,0,164,-4.7,0.02,0,23,0,0,1,1,0,5,16,13,0.5016755281314123
8851,1211.88,4,366,-4.1,0.02,4,35,4,0,1,1,0,15,42,25,0.4362928133946794
8852,1212.77,4,400,-19.0,0.02,4,33,4,0,0,0,1,29,47,29,0.5129951169483025
8853,1212.78,0,13,-0.5,0.02,0,6,1,0,1,1,0,0,2,2,0.5591850128236354
8854,1213.23,3,400,-10.1,0.02,3,24,3,0,0,0,1,6,45,30,0.3983990273825377
8855,1213.27,0,46,-3.9,0.02,0,7,1,0,1,1,0,1,6,3,0.43873200311329674
8856,1213.33,0,64,4.0,0.02,0,17,0,0,1,1,0,1,9,6,0.3974580819625245
8857,1213.39,1,78,8.8,0.02,1,19,1,0,1,1,0,2,8,4,0.532768536316511
8858,1213.47,1,76,6.0,0.02,1,15,1,0,1,1,0,1,10,4,0.643609463701535
8859,1214.05,1,400,-11.0,0.02,1,31,1,0,0,0,1,4,45,29,0.39864167216730906
8860,1214.28,2,291,-9.0,0.02,2,23,4,0,1,1,0,6,31,19,0.4160487927587604
8861,1214.39,3,114,15.0,0.02,3,21,3,0,1,1,0,4,12,6,0.5947663808650686
8862,1214.48,1,82,9.0,0.02,1,20,1,0,1,1,0,2,10,8,0.6051079090515192
8863,1214.61,6,400,-24.7,0.02,1,21,3,1,0,0,1,10,13,6,0.31231998677348544
8864,1215.13,6,400,-14.0,0.02,1,30,3,1,0,0,1,7,34,19,0.35758571834345854
8865,1215.25,1,118,4.3,0.02,1,21,1,0,1,1,0,4,13,9,0.5636506411714206
8866,1215.45,3,150,24.8,0.02,3,34,4,1,1,1,0,3,15,12,0.5541363774419081
8867,1215.6,6,160,11.4,0.02,1,36,1,1,1,1,0,6,19,26,0.6447236834734923
8868,1215.83,3,284,-2.9,0.02,3,28,2,0,1,1,0,10,25,25,0.4078023748870768
8869,1216.35,7,400,-10.9,0.02,2,31,2,1,0,0,1,9,46,28,0.44355950693751706
8870,1216.61,3,219,20.0,0.02,3,39,3,0,0,1,0,5,24,21,0.430640471208554
8871,1216.87,1,355,-17.8,0.02,1,28,1,0,1,1,0,8,35,23,0.3678422109765372
8872,1217.12,6,183,10.8,0.02,1,36,1,1,1,1,0,5,21,19,0.36561463178350684
8873,1217.21,3,98,20.2,0.02,3,22,3,0,1,1,0,1,12,10,0.5798707925030646
8874,1217.72,0,343,-28.8,0.02,0,19,0,0,1,1,0,6,35,25,0.3564363755428236
8875,1217.95,4,259,11.1,0.02,4,32,2,0,1,1,0,8,30,20,0.4213132243934444
8876,1218.11,2,220,8.5,0.02,2,33,2,0,1,1,0,6,25,15,0.49082876904586914
8877,1218.55,1,349,-27.8,0.02,1,11,1,0,1,1,0,3,29,9,0.391994416686857
8878,1218.62,1,84,2.1,0.02,1,13,1,0,0,1,0,2,7,5,0.544116833110335
8879,1218.8,2,172,4.6,0.02,2,24,0,0,1,1,0,6,21,12,0.5447079094216063
8880,1219.18,3,400,-13.9,0.02,3,38,6,0,0,0,1,24,48,28,0.5661617798395562
8881,1219.5,3,400,-15.6,0.02,3,27,3,0,0,0,1,15,50,25,0.5475552314842121
8882,1219.57,1,73,3.3,0.02,1,14,1,0,1,1,0,3,6,4,0.46889365067808264
8883,1219.9,3,255,4.6,0.02,3,27,3,0,1,1,0,6,14,9,0.3799458167895378
8884,1220.19,2,400,-11.7,0.02,2,34,3,0,0,0,1,13,44,26,0.41657247619768206
8885,1220.34,1,142,-19.1,0.02,1,4,1,0,0,1,0,8,9,9,0.549223060905044
8886,1220.48,2,124,6.8,0.02,2,17,1,0,1,1,0,2,16,8,0.5469752660416032
8887,1220.51,1,35,0.3,0.02,1,5,1,0,1,1,0,1,4,2,0.43280722169214364
8888,1220.66,0,130,-10.2,0.02,0,16,0,0,1,1,0,7,15,12,0.4309453040518384
8889,1220.68,1,36,5.1,0.02,1,11,1,0,1,1,0,2,5,3,0.7632766865851638
8890,1220.71,0,28,2.7,0.02,0,12,2,0,1,1,0,1,4,5,0.45650214502480246
8891,1220.86,2,155,12.7,0.02,2,27,1,0,1,1,0,3,17,8,0.4531114466649612
8892,1220.99,2,138,10.6,0.02,2,24,3,0,1,1,0,3,15,16,0.504506212708105
8893,1221.32,0,381,-26.5,0.02,0,34,0,0,1,1,0,14,47,34,0.40815304159807725
8894,1221.57,2,241,15.7,0.02,2,39,3,0,1,1,0,3,22,12,0.4012151085318525
8895,1221.86,7,249,2.5,0.02,2,31,1,1,1,1,0,7,31,16,0.3838524344542005
8896,1222.27,1,281,-19.9,0.02,1,22,3,0,0,1,0,12,32,18,0.588769759071189
8897,1222.63,4,329,9.2,0.02,4,37,1,0,1,1,0,8,38,19,0.46181805601841874
8898,1222.83,2,201,4.5,0.02,2,29,2,0,1,1,0,8,22,14,0.5323735458331234
8899,1223.01,3,167,2.8,0.02,3,16,3,0,1,1,0,6,14,5,0.5133137773402648
8900,1223.52,2,400,-1.8,0.02,2,35,1,0,0,0,1,5,24,17,0.2849171356299405
8901,1223.74,1,287,-4.0,0.02,1,32,2,0,1,1,0,5,29,23,0.36452255659365596
8902,1223.98,0,248,-2.8,0.02,0,35,0,0,1,1,0,6,28,20,0.4992725304480178
8903,1224.34,2,400,-16.7,0.02,2,34,3,0,0,0,1,17,46,36,0.43252909928466465
8904,1224.58,1,400,-15.4,0.02,1,29,2,0,0,0,1,6,44,33,0.43508873067565307
8905,1224.64,3,68,17.7,0.02,3,17,2,0,1,1,0,2,8,5,0.7693074724995469
8906,1224.71,1,86,7.2,0.02,1,20,1,0,1,1,0,3,11,12,0.5448351581401013
8907,1224.76,0,51,5.4,0.02,0,18,0,0,1,1,0,2,6,5,0.5341134925081535
8908,1224.82,1,56,17.5,0.02,1,24,1,0,1,1,0,0,7,9,0.6871340222217838
8909,1224.91,0,111,2.3,0.02,0,21,1,0,0,1,0,2,13,6,0.664340044833232
8910,1225.25,9,335,-4.6,0.02,4,30,1,1,1,1,0,13,37,31,0.5523324228600338
8911,1225.3,1,61,10.4,0.02,1,19,2,0,1,1,0,2,5,5,0.6796798295238164
8912,1225.46,3,149,18.2,0.02,3,28,2,0,0,1,0,4,16,9,0.5722115606731238
8913,1225.51,4,58,21.7,0.02,4,15,2,0,1,1,0,2,6,5,0.860914059200593
8914,1225.61,1,86,13.2,0.02,1,24,1,0,1,1,0,1,11,12,0.6254656910933893
8915,1225.81,1,127,-4.3,0.02,1,14,1,0,1,1,0,5,14,6,0.47337534217537386
8916,1225.89,3,92,19.0,0.02,3,24,2,0,0,1,0,5,11,8,0.6598309607196177
8917,1226.06,1,149,-1.7,0.02,1,17,2,0,1,1,0,3,15,8,0.39215464799894567
8918,1226.2,3,121,13.0,0.02,3,17,3,0,1,1,0,1,10,9,0.4212174119096215
8919,1226.52,10,400,4.9,0.02,5,35,3,1,0,0,1,13,42,20,0.4073239971684439
8920,1226.59,2,65,23.8,0.02,3,21,2,0,0,1,0,0,7,7,0.5273766426834073
8921,1226.73,2,137,19.0,0.02,2,31,2,0,1,1,0,2,16,13,0.5187134017801691
8922,1226.74,1,21,1.8,0.02,1,6,1,0,1,1,0,2,2,1,0.5622981238756315
8923,1227.0,8,224,9.9,0.02,3,29,3,1,1,1,0,5,28,17,0.42216618375344167
8924,1227.06,3,65,16.1,0.02,3,17,3,0,1,1,0,4,8,4,0.8571556005959093
8925,1227.11,0,44,2.4,0.02,0,12,0,0,1,1,0,0,6,2,0.6639726582511303
8926,1227.13,1,33,6.4,0.02,1,12,2,0,1,1,0,2,4,3,0.6206551577775681
8927,1227.14,0,13,-2.5,0.02,0,5,0,0,1,1,0,1,2,2,0.43237610281044875
8928,1227.24,3,101,11.6,0.02,3,17,3,0,1,1,0,4,10,13,0.7407153021985727
8929,1227.27,2,40,10.3,0.02,2,11,2,0,1,1,0,1,5,7,0.6426804259170532
8930,1227.29,1,29,7.8,0.02,1,12,2,0,1,1,0,1,4,3,0.6521395453765896
8931,1227.37,1,85,12.5,0.02,1,23,1,0,1,1,0,1,11,10,0.5322071531459452
8932,1227.43,1,59,0.9,0.02,1,8,1,0,1,1,0,1,7,2,0.7017012122007884
8933,1227.49,3,65,13.9,0.02,3,14,4,0,1,1,0,3,8,6,0.8227001163620848
8934,1227.64,4,179,28.2,0.02,4,38,5,0,0,1,0,5,20,19,0.5768497778903438
8935,1227.88,0,188,3.2,0.02,0,33,0,1,1,1,0,4,23,20,0.47092131953865907
8936,1228.03,4,125,24.0,0.02,4,31,4,0,0,1,0,8,15,15,0.735538823515649
8937,1228.32,1,245,-8.8,0.02,1,18,2,0,1,1,0,1,27,13,0.4707238084422148
8938,1228.44,1,115,11.5,0.02,1,28,1,0,1,1,0,4,14,10,0.5612403333669372
8939,1228.49,2,56,13.6,0.02,2,17,2,0,1,1,0,2,7,8,0.7677915974746315
8940,1228.65,3,177,24.0,0.02,3,40,4,0,1,1,0,6,21,23,0.5161675473518782
8941,1228.94,3,272,23.9,0.02,3,47,4,0,1,1,0,3,31,29,0.4070481946324969
8942,1229.33,2,290,5.0,0.02,2,33,2,0,1,1,0,2,29,20,0.3608102886196511
8943,1229.41,2,79,11.1,0.02,2,19,3,0,1,1,0,4,10,10,0.7472712164018386
8944,1229.56,0,169,-4.9,0.02,0,29,1,0,1,1,0,10,21,20,0.4221550240584343
8945,1229.65,2,97,8.5,0.02,2,16,2,0,1,1,0,2,9,8,0.6419548547277897
8946,1229.85,8,193,15.2,0.02,3,28,2,1,1,1,0,2,23,15,0.4467117855083099
8947,1230.22,2,400,-16.6,0.02,2,29,3,0,0,0,1,13,44,25,0.4108768536831445
8948,1230.52,1,353,-19.1,0.02,1,28,0,0,1,1,0,10,41,18,0.4032584905885054
8949,1230.63,3,107,17.5,0.02,3,20,3,0,1,1,0,1,13,8,0.5642418054849336
8950,1230.72,2,89,14.5,0.02,2,22,2,0,0,1,0,3,11,6,0.6565262115896591
8951,1231.26,2,381,-11.8,0.02,2,31,1,0,1,1,0,7,42,27,0.31231334151156287
8952,1231.4,4,137,25.3,0.02,4,27,3,0,1,1,0,2,12,10,0.5791593099752773
8953,1231.45,1,53,11.0,0.02,1,19,1,0,1,1,0,2,7,7,0.5612831833411589
8954,1231.51,1,62,6.6,0.02,1,14,2,0,1,1,0,1,7,2,0.6903911721071991
8955,1231.54,0,39,5.7,0.02,0,15,0,0,1,1,0,0,5,4,0.6438414010232881
8956,1231.55,0,14,0.6,0.02,0,7,2,0,1,1,0,0,2,0,0.648088457779668
8957,1231.91,3,322,10.5,0.02,3,39,2,0,1,1,0,4,37,23,0.46633005538179745
8958,1232.0,2,91,20.2,0.02,2,30,3,0,1,1,0,5,11,7,0.7296880494367289
8959,1232.1,1,94,13.3,0.02,1,25,1,0,1,1,0,1,12,13,0.5526874589196266
8960,1232.22,0,120,-2.6,0.02,0,18,0,0,1,1,0,3,15,6,0.42745192242038055
8961,1232.28,2,62,10.5,0.02,2,15,2,0,1,1,0,3,8,3,0.5609786751025375
8962,1232.36,1,97,11.1,0.02,1,22,1,0,1,1,0,0,11,12,0.4653230707487706
8963,1232.52,1,191,-3.2,0.02,1,23,1,0,1,1,0,6,20,11,0.5088749415420478
8964,1232.67,4,173,13.3,0.02,4,25,4,0,1,1,0,8,19,14,0.5340045188153493
8965,1232.96,2,296,1.9,0.02,2,34,3,0,1,1,0,5,32,25,0.39819337723919107
8966,1233.16,3,194,3.4,0.02,3,21,3,0,1,1,0,7,19,12,0.6444391756837042
8967,1233.28,2,133,6.8,0.02,2,17,3,0,1,1,0,1,9,9,0.45744738842417815
8968,1233.4,3,163,15.8,0.02,3,25,2,0,1,1,0,2,15,9,0.540695156436977
8969,1233.94,3,400,-21.9,0.02,3,17,2,0,0,0,1,13,46,8,0.38493563030094835
8970,1234.1,2,149,10.3,0.02,2,25,2,0,1,1,0,4,17,8,0.46985424350348126
8971,1234.12,0,22,-0.6,0.02,0,8,0,0,1,1,0,1,3,4,0.7887920957448671
8972,1234.32,2,199,0.4,0.02,2,21,2,0,1,1,0,4,24,17,0.47477395711961157
8973,1234.53,13,237,10.3,0.02,3,31,3,2,1,1,0,5,24,20,0.5088749968559944
8974,1234.94,6,322,-11.1,0.02,1,29,2,1,1,1,0,6,27,19,0.3866165505892285
8975,1235.17,4,280,17.1,0.02,4,36,3,0,1,1,0,4,29,19,0.4145146987865572
8976,1235.22,1,59,2.8,0.02,1,13,1,0,1,1,0,4,8,3,0.5095577746149869
8977,1235.54,3,373,-9.1,0.02,3,32,4,0,1,1,0,11,44,28,0.40268957382633175
8978,1235.78,1,184,5.0,0.02,1,31,1,0,0,1,0,6,24,16,0.5252051066423354
8979,1235.79,0,14,-2.7,0.02,0,5,0,0,1,1,0,1,2,3,0.2917098839789142
8980,1235.85,1,72,16.6,0.02,1,25,1,0,1,1,0,0,9,12,0.7869445004956169
8981,1236.14,2,400,-5.8,0.02,2,29,2,0,0,0,1,3,45,17,0.3367253160295519
8982,1236.25,0,101,3.0,0.02,0,21,0,0,1,1,0,2,14,9,0.4414010087775545
8983,1236.34,2,93,9.9,0.02,2,20,2,0,1,1,0,5,12,8,0.46482747041130273
8984,1236.39,1,51,2.0,0.02,1,11,1,0,1,1,0,3,7,9,0.5432346166086817
8985,1236.44,1,46,5.9,0.02,1,13,1,0,0,1,0,2,6,5,0.7372273896610745
8986,1236.52,2,84,7.9,0.02,2,17,2,0,1,1,0,5,10,7,0.5543820557804072
8987,1236.65,4,118,18.3,0.02,4,20,3,0,1,1,0,4,12,9,0.5360681961429802
8988,1236.68,0,28,3.8,0.02,0,12,0,0,1,1,0,0,4,4,0.4479803726310812
8989,1236.72,3,51,11.4,0.02,3,10,2,0,1,1,0,3,6,5,0.9039607259556869
8990,1236.85,2,133,15.1,0.02,2,26,2,0,1,1,0,2,17,6,0.5283917968291792
8991,1237.08,1,226,-3.7,0.02,1,24,1,0,1,1,0,4,23,11,0.4069860275772069
8992,1237.66,3,400,7.1,0.02,3,40,4,0,0,0,1,5,52,28,0.4092237568946064
8993,1238.08,1,400,-30.4,0.02,1,19,0,0,0,0,1,13,51,13,0.4208966929668112
8994,1238.29,3,225,12.0,0.02,3,33,5,0,1,1,0,7,29,15,0.45568668784431704
8995,1238.3,0,14,-1.5,0.02,0,6,1,0,1,1,0,1,2,1,0.40489382561204756
8996,1238.36,0,66,-6.3,0.02,0,10,1,0,1,1,0,4,9,7,0.42188126814207866
8997,1238.47,1,115,13.3,0.02,1,28,1,0,1,1,0,2,13,12,0.4436167745616348
8998,1238.73,2,354,-5.4,0.02,2,36,4,0,1,1,0,9,45,20,0.4099772209100975
8999,1238.94,3,257,8.8,0.02,3,31,3,0,1,1,0,5,25,15,0.41532529174095695
9000,1239.0,1,65,0.9,0.02,1,9,3,0,1,1,0,1,8,6,0.5061621984976187
9001,1239.05,2,64,13.0,0.02,2,17,3,0,1,1,0,2,8,6,0.5231174361856094
9002,1239.33,4,335,22.3,0.02,4,47,4,0,1,1,0,4,37,22,0.43478028963291704
9003,1239.5,8,207,5.7,0.02,3,24,4,1,1,1,0,6,27,16,0.5470126245430214
9004,1239.57,6,80,13.1,0.02,1,25,2,1,1,1,0,3,10,9,0.5362902246643249
9005,1239.95,2,370,-11.3,0.02,2,27,1,0,1,1,0,5,50,13,0.4131645143661807
9006,1240.05,1,400,-3.3,0.02,1,37,0,0,0,0,1,3,26,22,0.2974048756061011
9007,1240.17,0,114,-8.3,0.02,0,12,0,0,1,1,0,3,15,9,0.614001367030742
9008,1240.58,4,383,-11.7,0.02,4,24,5,0,1,1,0,9,42,34,0.4469393930941009
9009,1241.37,5,400,4.9,0.02,5,29,5,0,0,0,1,6,56,30,0.36947354108401104
9010,1241.51,3,123,35.0,0.02,3,40,3,0,1,1,0,1,15,17,0.5114123706714521
9011,1241.58,1,66,5.6,0.02,1,16,1,0,1,1,0,3,9,8,0.344444911155618
9012,1242.08,4,400,2.1,0.02,4,33,4,0,0,0,1,8,48,28,0.4079208983987625
9013,1242.75,0,400,-11.7,0.02,0,31,1,0,0,0,1,1,55,16,0.3178101552333595
9014,1242.82,2,61,10.4,0.02,2,14,2,0,1,1,0,2,6,5,0.549097288867195
9015,1242.99,1,161,-2.3,0.02,1,19,1,0,1,1,0,4,21,12,0.4044439170720028
9016,1243.02,0,35,4.0,0.02,0,14,1,0,1,1,0,1,5,5,0.5854422323026641
9017,1243.07,2,59,17.6,0.02,2,20,2,0,1,1,0,1,7,5,0.8689330922031288
9018,1243.7,8,386,-11.2,0.02,3,24,1,1,1,1,0,5,51,16,0.3558573706383878
9019,1244.19,2,337,-0.3,0.02,2,35,2,0,1,1,0,5,44,16,0.3579760796762759
9020,1244.28,0,95,3.3,0.02,0,20,0,0,1,1,0,1,13,12,0.36409644705830563
9021,1244.34,0,60,7.3,0.02,0,19,1,0,1,1,0,0,8,7,0.680724026852651
9022,1244.39,1,64,11.8,0.02,1,19,1,0,1,1,0,0,8,8,0.4202539336673447
9023,1244.91,1,400,-25.3,0.02,1,26,2,0,0,0,1,14,35,22,0.3789896071429173
9024,1244.93,0,22,-0.4,0.02,0,8,0,0,1,1,0,1,3,2,0.5835205413250825
9025,1245.11,2,390,-26.0,0.02,2,21,3,0,1,1,0,12,46,10,0.34948000633809906
9026,1245.15,1,43,8.4,0.02,1,15,1,0,1,1,0,2,6,3,0.648358451889876
9027,1245.21,0,65,-2.1,0.02,0,13,0,0,0,1,0,3,9,6,0.447220150423418
9028,1245.4,0,187,-6.6,0.02,0,25,0,0,1,1,0,7,25,9,0.39707907925951763
9029,1245.47,3,75,10.4,0.02,3,14,2,0,0,1,0,5,9,11,0.6740194296877892
9030,1245.87,2,400,-0.7,0.02,2,42,3,0,0,0,1,10,49,26,0.4508343366868747
9031,1245.97,0,91,0.8,0.02,0,17,0,0,1,1,0,1,13,11,0.4774630980421558
9032,1246.09,4,142,26.5,0.02,4,30,3,0,1,1,0,3,10,13,0.5521151028292719
9033,1246.3,8,270,21.8,0.02,3,46,2,1,1,1,0,4,32,32,0.44759629912432586
9034,1246.52,1,400,-11.7,0.02,1,34,2,0,0,0,1,8,52,26,0.37170190338123543
9035,1246.78,1,266,-10.3,0.02,1,22,0,0,1,1,0,4,33,17,0.404666523172504
9036,1246.95,2,240,3.4,0.02,2,33,4,0,1,1,0,8,25,26,0.3922784757820961
9037,1247.25,1,255,-13.5,0.02,1,18,2,0,1,1,0,5,22,10,0.3438914944639708
9038,1247.72,3,400,-10.7,0.02,3,24,3,0,0,0,1,7,49,26,0.3944050491521762
9039,1247.87,1,138,1.3,0.02,1,18,1,0,1,1,0,2,14,9,0.6214030019301043
9040,1247.99,3,153,17.4,0.02,3,27,3,0,1,1,0,3,19,13,0.42625900893010765
9041,1248.19,1,212,1.9,0.02,1,30,1,0,1,1,0,5,21,19,0.5181736546352074
9042,1248.33,1,231,2.0,0.02,1,31,1,0,1,1,0,4,28,19,0.3613217348870714
9043,1248.51,2,177,2.6,0.02,2,19,2,0,1,1,0,2,24,17,0.35068059690908254
9044,1249.05,3,400,-2.2,0.02,3,33,3,0,0,0,1,6,53,41,0.3978941093040822
9045,1249.19,2,125,11.5,0.02,2,25,1,0,1,1,0,5,15,10,0.5556379609182153
9046,1249.25,2,69,16.5,0.02,2,19,1,0,1,1,0,0,9,6,0.5831599030343613
9047,1249.51,3,302,2.2,0.02,3,29,3,0,1,1,0,5,39,16,0.3223740594891997
9048,1249.54,2,44,13.9,0.02,2,14,3,0,1,1,0,0,5,7,0.6308725186238966
9049,1249.74,6,138,15.5,0.02,1,31,1,1,1,1,0,0,18,17,0.5069793199901919
9050,1250.07,5,365,0.1,0.02,5,24,5,0,1,1,0,6,21,14,0.3842235257751009
9051,1250.2,3,109,23.9,0.02,3,29,4,0,1,1,0,3,11,12,0.7534485118302794
9052,1250.5,2,281,-4.9,0.02,2,30,2,0,1,1,0,9,34,28,0.4030699582526952
9053,1250.52,0,22,1.3,0.02,0,9,0,0,1,1,0,0,3,5,0.4532449451081239
9054,1250.59,1,75,7.8,0.02,1,18,1,0,1,1,0,2,10,7,0.710106090850997
9055,1250.78,2,164,16.3,0.02,2,33,3,0,0,1,0,4,18,13,0.5073404526612689
9056,1251.12,2,319,1.2,0.02,2,31,2,0,1,1,0,1,41,19,0.3301993194497638
9057,1251.42,3,278,0.9,0.02,3,25,3,0,1,1,0,5,36,13,0.37651674039335536
9058,1251.53,3,186,19.4,0.02,3,35,4,0,1,1,0,5,21,20,0.5928350603781731
9059,1251.82,4,220,14.6,0.02,4,30,6,0,1,1,0,7,29,14,0.46804985006782995
9060,1251.96,2,185,26.8,0.02,2,44,2,0,1,1,0,2,22,17,0.4985311601039635
9061,1252.26,2,370,-30.9,0.02,2,21,2,0,1,1,0,17,44,29,0.44775267417726045
9062,1252.28,0,22,0.5,0.02,0,10,0,0,1,1,0,2,3,3,0.692807322886885
9063,1252.39,1,92,13.1,0.02,1,26,1,0,1,1,0,3,12,7,0.5048754852874646
9064,1252.83,1,394,-27.4,0.02,1,24,1,0,1,1,0,8,54,40,0.35669020671463475
9065,1253.25,2,386,-22.2,0.02,2,26,2,0,1,1,0,13,53,16,0.3770549643251348
9066,1253.83,2,400,-9.6,0.02,2,28,3,0,0,0,1,5,53,25,0.32965836862659004
9067,1253.94,3,108,27.0,0.02,3,33,3,0,1,1,0,4,14,12,0.4773596788076056
9068,1254.06,1,124,1.3,0.02,1,17,1,0,1,1,0,3,8,3,0.4247933418001397
9069,1254.11,4,48,21.4,0.02,4,14,2,0,1,1,0,2,5,8,1.094592929833351
9070,1254.23,3,129,15.9,0.02,3,29,3,0,1,1,0,9,17,12,0.5231300844755025
9071,1254.27,0,49,-0.3,0.02,0,12,1,0,1,1,0,2,7,4,0.6894901857103497
9072,1254.6,1,400,-15.9,0.02,1,31,1,0,0,0,1,10,50,18,0.3536972554315494
9073,1254.73,1,134,-1.1,0.02,1,16,2,0,1,1,0,2,17,17,0.49886360895266046
9074,1255.02,4,233,15.1,0.02,4,35,4,0,1,1,0,10,29,16,0.4106952267548414
9075,1255.11,1,111,-2.4,0.02,1,12,1,0,1,1,0,3,15,3,0.42895644081169637
9076,1255.16,0,58,-0.7,0.02,0,12,0,0,1,1,0,1,8,9,0.393304452664376
9077,1255.29,1,115,2.6,0.02,1,17,1,0,1,1,0,2,14,9,0.40928446433709426
9078,1255.51,3,302,1.8,0.02,3,32,2,0,1,1,0,8,35,20,0.3909577065335175
9079,1255.59,2,83,8.4,0.02,2,18,2,0,1,1,0,6,8,3,0.6410912048353589
9080,1255.71,4,160,16.3,0.02,4,21,3,0,1,1,0,3,12,7,0.4314013450580392
9081,1256.33,4,400,-1.8,0.02,4,26,3,0,0,0,1,6,50,17,0.3547365062055618
9082,1256.54,1,173,15.1,0.02,1,36,1,0,1,1,0,2,17,16,0.33148512575132316
9083,1257.07,5,385,1.1,0.02,5,26,3,0,1,1,0,5,49,14,0.3805429919253619
9084,1257.13,1,74,5.8,0.02,1,17,1,0,1,1,0,3,10,8,0.635064379495214
9085,1257.21,3,81,17.2,0.02,3,17,4,0,1,1,0,1,9,7,0.4929145293703754
9086,1257.31,1,103,9.5,0.02,1,25,1,0,1,1,0,4,13,12,0.5686264621193364
9087,1257.49,1,196,7.7,0.02,1,35,1,0,1,1,0,6,24,17,0.4255244857924692
9088,1257.82,3,293,1.6,0.02,3,31,1,0,1,1,0,8,34,21,0.46771331456671433
9089,1257.9,1,91,1.5,0.02,1,12,2,0,1,1,0,1,11,4,0.39734840275680067
9090,1258.55,11,349,10.5,0.02,6,34,5,1,1,1,0,10,43,36,0.467049823495957
9091,1259.29,2,400,-10.7,0.02,2,28,1,0,0,0,1,7,47,16,0.3422398094393008
9092,1259.38,1,81,-0.8,0.02,1,14,3,0,1,1,0,6,9,7,0.647540268306381
9093,1259.66,3,271,-0.1,0.02,3,22,2,0,1,1,0,4,37,10,0.3689404449926457
9094,1260.01,1,400,-29.9,0.02,1,15,0,0,0,0,1,7,55,28,0.3446399826206638
9095,1260.07,0,68,-4.1,0.02,0,11,0,0,0,1,0,3,10,3,0.8196779373743805
9096,1260.09,1,18,5.9,0.02,1,9,1,0,1,1,0,1,2,3,0.8217736886702913
9097,1260.2,2,122,7.6,0.02,2,24,2,0,1,1,0,8,13,12,0.5974539265248705
9098,1260.58,2,321,-8.4,0.02,2,23,1,0,1,1,0,2,42,23,0.39942661618785746
9099,1260.8,3,210,5.5,0.02,3,24,3,0,1,1,0,5,26,25,0.4931039004347605
9100,1260.92,9,124,24.9,0.02,4,29,3,1,1,1,0,5,14,17,0.6461968543621192
9101,1261.17,0,251,-20.3,0.02,0,15,0,0,1,1,0,2,35,32,0.2721040463287711
9102,1261.28,6,129,6.0,0.02,1,29,1,1,0,1,0,9,13,11,0.45754503372568517
9103,1261.56,3,328,-2.3,0.02,3,31,2,0,0,0,1,12,38,34,0.5132823615900848
9104,1261.75,5,209,13.7,0.02,5,23,3,0,1,1,0,7,19,14,0.6905354438639602
9105,1261.82,3,67,22.3,0.02,3,22,3,0,1,1,0,2,8,10,0.8519844760950847
9106,1262.52,3,400,-24.5,0.02,3,10,3,0,0,0,1,5,50,44,0.36384634036039204
9107,1262.63,1,128,-7.8,0.02,1,13,1,0,0,1,0,6,16,20,0.4492635174808258
9108,1262.66,0,27,2.1,0.02,0,10,0,0,1,1,0,0,4,2,0.6333733340549322
9109,1262.8,2,139,7.1,0.02,2,20,2,0,1,1,0,3,14,10,0.5350905048916826
9110,1262.88,3,101,21.3,0.02,3,25,3,0,1,1,0,2,13,16,0.6823285557401215
9111,1263.19,5,400,23.9,0.02,5,47,6,0,0,0,1,4,46,40,0.4532530585903943
9112,1263.42,1,211,-4.2,0.02,1,29,2,0,1,1,0,10,26,21,0.519078383406973
9113,1263.45,1,30,6.5,0.02,1,10,1,0,1,1,0,0,4,5,0.5528385074043971
9114,1263.58,1,400,-2.9,0.02,1,41,1,0,0,0,1,6,21,28,0.30428794843212
9115,1263.64,3,86,22.4,0.02,3,25,3,0,1,1,0,3,10,10,0.7075331241247261
9116,1264.19,2,400,-14.5,0.02,2,27,3,0,0,0,1,9,53,24,0.31958427198017525
9117,1264.3,0,99,2.2,0.02,0,21,0,0,1,1,0,3,13,9,0.47678062913910774
9118,1264.35,1,55,12.6,0.02,1,19,2,0,1,1,0,0,7,9,0.8512465266349182
9119,1264.46,0,105,2.5,0.02,0,19,1,0,1,1,0,0,7,10,0.3252480391541621
9120,1264.64,2,134,6.1,0.02,2,21,2,0,1,1,0,5,16,15,0.6575793356722318
9121,1265.02,1,400,-18.9,0.02,1,26,0,0,0,0,1,7,53,28,0.3270196285342548
9122,1265.63,1,400,-5.0,0.02,1,39,3,0,0,0,1,5,53,39,0.2737101845885544
9123,1265.69,2,72,15.9,0.02,2,19,2,0,1,1,0,0,9,9,0.7095358028715383
9124,1265.72,0,37,-0.4,0.02,0,10,0,0,1,1,0,1,5,7,0.4091129958130589
9125,1265.88,1,208,11.5,0.02,1,41,4,0,1,1,0,6,27,27,0.45265461116214295
9126,1266.01,1,124,4.2,0.02,1,22,1,0,1,1,0,3,17,24,0.47503628939017883
9127,1266.31,5,268,9.4,0.02,5,24,4,0,1,1,0,6,22,18,0.36100799181932536
9128,1266.47,3,175,12.7,0.02,3,26,3,1,1,1,0,4,20,18,0.41583976361486147
9129,1266.58,3,97,29.8,0.02,3,34,2,0,1,1,0,3,12,15,0.7694410091092373
9130,1266.63,1,56,8.7,0.02,1,18,1,0,1,1,0,3,8,7,0.7184743610692131
9131,1266.77,1,131,1.8,0.02,1,17,1,0,1,1,0,1,16,11,0.5497042664860612
9132,1267.27,2,400,-8.4,0.02,2,31,3,0,0,0,1,6,55,33,0.3118256969033178
9133,1267.43,0,185,-12.7,0.02,0,12,0,0,1,1,0,0,9,12,0.2482838557329581
9134,1267.52,4,94,23.3,0.02,4,22,4,0,0,1,0,3,9,13,0.6185048803258292
9135,1267.79,0,303,-24.0,0.02,0,20,0,0,1,1,0,7,33,17,0.40142449959703486
9136,1267.94,3,140,22.6,0.02,3,31,2,0,1,1,0,2,14,24,0.5856207214142632
9137,1268.03,0,108,-0.9,0.02,0,20,0,0,1,1,0,4,15,11,0.5565811139146708
9138,1268.15,1,153,0.4,0.02,1,24,0,0,1,1,0,7,18,13,0.4889284940300766
9139,1268.4,3,209,8.6,0.02,3,26,3,0,1,1,0,5,23,15,0.4398308524901778
9140,1268.47,2,73,20.9,0.02,2,26,2,0,1,1,0,2,9,8,0.7275154395506576
9141,1268.57,3,116,13.1,0.02,3,19,5,0,1,1,0,3,14,13,0.5319135611180632
9142,1268.59,1,32,5.0,0.02,1,9,0,0,1,1,0,0,4,8,0.8828476362343193
9143,1268.61,2,32,10.8,0.02,2,9,2,0,1,1,0,0,4,0,0.8619792368362729
9144,1269.25,1,400,-18.7,0.02,1,26,1,0,0,0,1,6,53,36,0.33708868677902126
9145,1269.68,1,400,-26.4,0.02,1,18,1,0,0,0,1,6,49,33,0.3643459437861663
9146,1269.74,1,68,16.4,0.02,1,25,3,0,1,1,0,1,9,8,0.4778139236702798
9147,1270.01,6,350,-20.7,0.02,1,26,1,1,1,1,0,9,48,27,0.35258486270168615
9148,1270.02,0,14,-1.5,0.02,0,6,0,0,1,1,0,1,2,1,0.3972816798891549
9149,1270.2,6,193,-10.9,0.02,1,20,2,1,1,1,0,9,24,26,0.4258882032933637
9150,1270.32,2,147,10.1,0.02,2,25,2,0,1,1,0,3,18,22,0.4517489212339262
9151,1270.45,0,107,-1.1,0.02,0,18,0,0,1,1,0,2,15,14,0.38339156516631195
9152,1270.84,8,400,-14.4,0.02,3,27,3,1,0,0,1,13,48,33,0.46876503904427547
9153,1271.05,3,211,6.3,0.02,3,21,2,0,1,1,0,2,25,16,0.3389109108252822
9154,1271.24,1,157,-2.2,0.02,1,16,2,0,1,1,0,1,21,15,0.3161141265756132
9155,1271.39,3,187,7.5,0.02,3,19,3,0,1,1,0,1,21,18,0.6441499592123514
9156,1271.46,0,64,-2.3,0.02,0,14,1,0,1,1,0,4,8,9,0.6432562195963254
9157,1271.76,1,400,-16.5,0.02,1,32,2,0,0,0,1,10,45,34,0.3797016716824081
9158,1271.81,1,63,13.6,0.02,1,23,1,0,0,1,0,2,8,11,0.6201884458273716
9159,1271.84,1,39,1.1,0.02,1,8,2,0,1,1,0,2,5,10,0.48396186251525836
9160,1272.15,1,310,-14.0,0.02,1,25,1,0,1,1,0,5,41,30,0.354787787377093
9161,1272.15,0,6,-4.6,0.02,0,2,1,0,1,1,0,1,1,0,0.22661942138287694
9162,1272.24,1,78,11.8,0.02,1,21,1,0,1,1,0,1,10,4,0.5785315862485142
9163,1272.32,2,81,10.0,0.02,2,15,1,0,1,1,0,1,8,9,0.6931844140608331
9164,1272.58,2,261,-4.2,0.02,2,24,2,0,1,1,0,6,34,11,0.33956977754181106
9165,1272.77,1,156,-6.2,0.02,1,14,1,0,1,1,0,3,21,16,0.43188173237003324
9166,1272.84,0,73,5.8,0.02,0,23,0,0,0,1,0,4,9,9,0.660837499531266
9167,1273.19,3,400,-9.8,0.02,3,35,3,0,0,0,1,16,52,37,0.4003994079655724
9168,1273.45,2,297,-12.3,0.02,2,25,1,0,1,1,0,11,38,16,0.3205864758788229
9169,1273.6,3,258,4.4,0.02,3,29,3,0,1,1,0,7,33,18,0.41228625852806783
9170,1273.68,1,93,-5.4,0.02,1,11,1,0,0,1,0,6,12,11,0.5200436930193093
9171,1274.13,4,400,-14.1,0.02,4,17,2,0,0,0,1,9,49,20,0.3637250309831267
9172,1274.24,5,95,34.5,0.02,5,27,5,0,0,1,0,2,11,10,0.9711217264997859
9173,1274.29,0,62,7.8,0.02,0,21,2,0,1,1,0,1,8,10,0.5974043559323666
9174,1274.64,1,272,0.7,0.02,1,34,1,0,1,1,0,4,35,21,0.30014391729748163
9175,1274.78,1,125,2.2,0.02,1,21,1,0,1,1,0,5,12,13,0.41355692931740917
9176,1274.96,2,137,10.3,0.02,2,21,2,0,1,1,0,1,12,10,0.5307623783259295
9177,1275.26,4,400,15.2,0.02,4,48,3,0,0,0,1,9,50,37,0.4111576392596967
9178,1275.38,1,116,5.4,0.02,1,22,1,0,1,1,0,4,11,10,0.46580649910987293
9179,1275.46,0,91,-8.7,0.02,0,8,0,0,1,1,0,2,6,6,0.4099224144202029
9180,1275.51,1,46,6.7,0.02,1,13,1,0,1,1,0,1,6,7,0.4895322566720694
9181,1275.59,1,78,20.5,0.02,1,30,2,0,1,1,0,0,10,17,0.7163621527140995
9182,1275.68,2,94,7.1,0.02,2,16,2,0,1,1,0,4,11,5,0.6930116442532728
9183,1276.36,2,400,-6.9,0.02,2,33,1,0,0,0,1,7,55,28,0.298618257528541
9184,1276.36,0,6,-2.9,0.02,0,3,0,0,1,1,0,0,1,3,0.365735604916906
9185,1276.59,1,334,-20.5,0.02,1,24,2,0,1,1,0,8,33,31,0.3361451512862869
9186,1276.68,1,88,8.6,0.02,1,22,1,0,1,1,0,4,10,6,0.6366956173275901
9187,1276.77,1,96,5.9,0.02,1,20,2,0,1,1,0,3,11,15,0.6279324645360879
9188,1276.83,2,65,18.0,0.02,2,20,2,0,1,1,0,0,8,5,0.689179210261174
9189,1277.13,2,272,-3.0,0.02,2,28,1,0,1,1,0,7,35,18,0.34481529928641214
9190,1277.31,3,180,15.9,0.02,3,30,1,0,1,1,0,5,12,11,0.6542596183291345
9191,1277.49,7,400,-15.9,0.02,2,25,1,1,0,0,1,9,54,18,0.35841995022939593
9192,1277.71,2,191,7.1,0.02,2,25,1,0,1,1,0,2,25,18,0.3667590196153812
9193,1277.75,1,46,0.2,0.02,1,8,1,0,1,1,0,2,6,12,0.6907420317480826
9194,1278.34,3,400,2.2,0.02,3,35,3,0,0,0,1,5,53,27,0.3342267536064152
9195,1278.54,2,204,1.1,0.02,2,22,1,0,1,1,0,4,25,15,0.4240733005621621
9196,1278.88,5,339,4.7,0.02,5,28,4,0,1,1,0,7,32,24,0.4569450771102974
9197,1279.37,1,400,-31.6,0.02,1,18,1,0,0,0,1,12,54,25,0.2814480090531942
9198,1279.4,1,38,7.7,0.02,1,12,1,0,1,1,0,0,5,5,0.7979149122739937
9199,1279.44,0,45,5.5,0.02,0,17,0,0,1,1,0,1,6,10,0.5425111148462594
9200,1279.8,4,400,-13.1,0.02,4,19,2,0,0,0,1,9,49,30,0.36204185985046033
9201,1280.07,4,309,0.6,0.02,4,27,3,0,1,1,0,7,35,35,0.4746933729449171
9202,1280.26,2,166,17.5,0.02,2,35,3,0,1,1,0,4,19,19,0.5495123573298024
9203,1280.35,2,112,13.7,0.02,2,26,3,0,1,1,0,5,12,11,0.6294817276879362
9204,1280.41,0,67,8.5,0.02,0,22,1,0,1,1,0,1,8,8,0.6698277632985772
9205,1280.5,1,89,8.1,0.02,1,20,0,0,0,1,0,2,12,10,0.5372122891468307
9206,1280.73,0,159,-7.1,0.02,0,19,0,0,1,1,0,3,20,22,0.5852427829909679
9207,1280.94,1,173,2.4,0.02,1,26,2,0,0,1,0,5,19,13,0.48755457921959483
9208,1281.05,1,101,11.9,0.02,1,24,1,0,0,1,0,1,12,10,0.42413655900302705
9209,1281.2,13,400,-4.5,0.02,3,25,2,2,0,0,1,3,14,14,0.3221710825707339
9210,1281.79,2,400,-26.5,0.02,2,17,1,0,0,0,1,11,55,24,0.2993883455185487
9211,1281.85,1,72,7.9,0.02,1,18,2,0,1,1,0,2,8,9,0.7429614920469866
9212,1282.2,2,303,-9.5,0.02,2,25,2,0,1,1,0,7,40,22,0.32351551158999065
9213,1282.32,1,120,-9.2,0.02,1,10,1,0,0,1,0,6,9,12,0.7054419086613215
9214,1282.39,3,85,24.0,0.02,3,25,3,0,1,1,0,1,10,15,0.9140854787683279
9215,1282.46,1,49,6.2,0.02,1,14,1,0,1,1,0,2,6,9,0.49227117510214724
9216,1282.47,0,22,0.1,0.02,0,8,0,0,1,1,0,0,3,7,0.6764421650927198
9217,1282.65,1,176,-9.2,0.02,1,19,1,0,0,1,0,9,20,16,0.4924907438587214
9218,1282.68,1,29,2.4,0.02,1,8,1,0,1,1,0,2,4,7,0.6188385582901659
9219,1283.01,0,400,-38.5,0.02,0,17,2,0,0,0,1,13,50,24,0.49664313284579364
9220,1283.38,2,261,-9.1,0.02,2,22,1,0,1,1,0,7,32,30,0.3883842021324803
9221,1283.4,0,21,1.5,0.02,0,10,0,0,1,1,0,1,3,4,1.0274319029767276
9222,1283.41,0,21,1.5,0.02,0,9,0,0,1,1,0,0,3,4,0.5044022869011074
9223,1283.79,8,400,2.3,0.02,3,42,3,1,0,0,1,10,44,46,0.4139388840092272
9224,1283.89,1,117,23.4,0.02,1,38,1,0,1,1,0,2,14,9,0.4835627665036347
9225,1283.96,0,72,12.2,0.02,0,26,1,0,1,1,0,1,9,6,0.5137234638838881
9226,1284.24,3,295,-3.7,0.02,3,26,3,0,1,1,0,8,35,22,0.4011326431591597
9227,1284.5,1,215,-4.3,0.02,1,22,1,0,1,1,0,3,28,18,0.3729143127039032
9228,1284.55,0,46,-2.0,0.02,0,12,1,0,1,1,0,4,6,4,0.573815384164029
9229,1284.63,1,79,11.5,0.02,1,23,1,1,1,1,0,2,10,16,0.605142526648693
9230,1284.65,0,21,-0.4,0.02,0,7,0,0,1,1,0,0,3,3,0.4562533113764279
9231,1285.02,3,400,-10.8,0.02,3,28,3,0,0,0,1,10,52,37,0.37685979405281794
9232,1285.34,4,317,-3.3,0.02,4,20,4,0,1,1,0,5,25,16,0.42955647550863685
9233,1285.97,4,400,-9.1,0.02,4,25,5,0,0,0,1,10,54,40,0.38579322406065114
9234,1285.99,0,21,-0.3,0.02,0,8,1,0,1,1,0,1,3,2,0.49404014601857515
9235,1286.32,2,329,-0.3,0.02,2,40,2,0,1,1,0,9,40,34,0.4252178012537805
9236,1286.52,2,153,0.6,0.02,2,17,2,0,1,1,0,4,16,21,0.48937282937761595
9237,1286.63,1,155,5.8,0.02,1,24,0,0,1,1,0,1,19,17,0.3966801766199733
9238,1287.02,0,400,-23.1,0.02,0,28,1,0,0,0,1,8,50,30,0.3478218952878274
9239,1287.05,2,32,13.4,0.02,2,14,2,0,1,1,0,2,4,4,1.0234435619574613
9240,1287.49,2,400,-13.9,0.02,2,23,1,0,0,0,1,4,51,28,0.3273655686076077
9241,1287.57,3,97,17.0,0.02,3,20,1,0,1,1,0,2,11,13,0.8797723776010301
9242,1287.65,0,80,9.6,0.02,0,24,0,0,1,1,0,0,10,14,0.5609783494763938
9243,1287.93,2,338,-14.0,0.02,2,22,1,0,1,1,0,5,45,22,0.35797216518006436
9244,1288.03,3,94,26.6,0.02,3,30,4,0,1,1,0,2,12,20,0.6604087948165343
9245,1288.25,6,315,-6.5,0.02,1,32,2,1,1,1,0,4,39,30,0.31193612695285955
9246,1288.34,1,118,-4.4,0.02,1,12,1,0,1,1,0,4,15,6,0.39949974505665115
9247,1288.47,3,400,-19.5,0.02,3,16,3,0,0,0,1,7,51,34,0.2885762216895523
9248,1288.63,1,183,12.0,0.02,1,34,0,0,1,1,0,2,20,17,0.5473910592299305
9249,1288.93,2,255,-13.7,0.02,2,19,2,0,1,1,0,10,33,22,0.3990540800552409
9250,1288.93,0,7,-2.7,0.02,0,3,0,0,1,1,0,0,1,0,0.3656537631016615
9251,1289.24,0,216,-10.1,0.02,0,23,0,0,1,1,0,5,24,15,0.25884853631209903
9252,1289.29,0,43,5.8,0.02,0,16,1,0,1,1,0,0,6,9,0.5944875941423006
9253,1289.32,2,31,6.7,0.02,2,6,2,0,1,1,0,1,3,2,1.0120704088747716
9254,1289.36,0,37,2.8,0.02,0,13,1,0,1,1,0,1,5,5,0.5438065524969493
9255,1289.9,2,400,-19.2,0.02,2,20,2,0,0,0,1,6,50,31,0.37551610062097573
9256,1289.92,0,28,3.4,0.02,0,12,0,0,1,1,0,0,4,8,0.5357960344445846
9257,1290.25,3,400,-4.7,0.02,3,29,5,0,0,0,1,5,50,36,0.34784073884109196
9258,1290.46,2,225,12.0,0.02,2,36,2,0,1,1,0,5,23,15,0.476523506305855
9259,1290.53,2,75,27.6,0.02,2,32,2,0,1,1,0,1,9,9,0.7220792651720701
9260,1290.61,1,95,8.4,0.02,1,21,1,0,1,1,0,2,12,11,0.43930072388527025
9261,1290.71,0,86,-4.2,0.02,0,12,1,0,1,1,0,2,6,6,0.35306110642636934
9262,1291.12,4,298,6.0,0.02,4,30,2,0,1,1,0,7,35,22,0.4590818693301434
9263,1291.15,2,36,11.1,0.02,2,12,2,0,1,1,0,2,4,3,1.292667276778647
9264,1291.26,3,101,18.8,0.02,3,21,3,0,1,1,0,1,11,11,0.583800838170462
9265,1291.45,1,165,-8.2,0.02,1,16,2,0,1,1,0,6,22,17,0.34151367654633497
9266,1292.13,3,381,-5.0,0.02,3,32,3,0,1,1,0,6,44,29,0.2968516605735422
9267,1292.21,0,71,-3.1,0.02,0,15,0,0,1,1,0,5,9,10,0.6913185141920072
9268,1292.42,2,225,25.1,0.02,2,46,3,0,1,1,0,1,28,24,0.48459613568814186
9269,1292.44,0,21,-0.3,0.02,0,7,0,0,1,1,0,0,3,2,0.4946963989608585
9270,1292.48,0,50,3.2,0.02,0,16,0,0,1,1,0,2,7,8,0.5466929045186757
9271,1292.75,2,197,-0.9,0.02,2,18,1,0,0,1,0,3,16,12,0.36431639646148395
9272,1293.41,2,392,-13.8,0.02,2,30,2,0,1,1,0,7,53,26,0.3057730118081597
9273,1293.62,4,190,21.5,0.02,4,35,4,0,1,1,0,8,21,15,0.4767241729549069
9274,1293.74,1,110,5.9,0.02,1,20,1,0,1,1,0,2,14,11,0.5198727680906254
9275,1293.89,1,400,-8.0,0.02,1,35,1,0,0,0,1,6,25,19,0.2827507925438016
9276,1294.0,2,112,12.7,0.02,2,24,2,0,1,1,0,4,15,11,0.6004820921142253
9277,1294.06,0,77,0.1,0.02,0,14,0,0,1,1,0,0,10,12,0.5142665168432078
9278,1294.39,6,309,-16.2,0.02,1,26,1,1,1,1,0,8,36,33,0.41167375289041935
9279,1294.47,2,83,-1.7,0.02,2,6,1,0,1,1,0,4,5,4,0.37480172202638823
9280,1294.48,0,21,-0.3,0.02,0,7,0,0,1,1,0,0,3,2,0.5368042148267212
9281,1294.55,1,86,-1.7,0.02,1,15,1,0,1,1,0,7,11,11,0.6870608234312098
9282,1294.9,0,317,-25.8,0.02,0,23,0,0,0,1,0,9,39,31,0.4026340772214569
9283,1295.25,0,333,-29.6,0.02,0,19,2,0,1,1,0,8,45,23,0.29454745078240707
9284,1295.31,1,62,5.4,0.02,1,15,1,0,1,1,0,3,8,4,0.740975009850687
9285,1295.41,2,194,0.0,0.02,2,26,2,0,1,1,0,9,26,26,0.5078609861407276
9286,1295.66,2,400,-12.5,0.02,2,25,2,0,0,0,1,5,53,24,0.3002989522501778
9287,1295.84,1,176,7.4,0.02,1,29,1,0,1,1,0,2,20,20,0.36120278956028307
9288,1296.39,1,346,-21.0,0.02,1,28,2,0,1,1,0,12,44,24,0.3547893769832106
9289,1296.48,0,114,-2.3,0.02,0,17,0,0,1,1,0,2,13,9,0.4146110515004828
9290,1296.77,1,332,-23.4,0.02,1,24,1,0,1,1,0,12,40,22,0.33653163246134915
9291,1296.97,1,400,-8.5,0.02,1,36,1,0,0,0,1,6,54,34,0.2946422733409975
9292,1297.33,6,400,-18.3,0.02,1,26,2,1,0,0,1,5,50,42,0.32888627536693277
9293,1297.9,1,400,-26.0,0.02,1,20,1,0,0,0,1,8,51,29,0.30830011368754195
9294,1298.54,2,400,-18.0,0.02,2,25,2,0,0,0,1,10,51,29,0.3853090283812694
9295,1299.14,8,400,-3.1,0.02,3,33,2,1,0,0,1,8,45,30,0.4377944778157738
9296,1299.38,2,307,-2.2,0.02,2,31,2,0,1,1,0,5,36,25,0.39818139046960727
9297,1299.43,0,66,-7.9,0.02,0,6,0,0,1,1,0,2,3,3,0.436290266118875
9298,1299.73,2,400,-3.5,0.02,2,37,4,0,0,0,1,8,46,24,0.4538919729362793
9299,1299.74,0,6,-3.6,0.02,0,3,0,0,1,1,0,1,1,0,0.49047812960232506
9300,1300.08,10,385,1.5,0.02,5,36,6,1,1,1,0,13,45,30,0.4388344078165836
9301,1300.36,5,315,21.4,0.02,5,39,2,0,1,1,0,4,31,21,0.4428389491991661
9302,1300.61,2,228,15.3,0.02,2,41,2,0,1,1,0,6,23,19,0.443998030991016
9303,1300.67,3,64,18.0,0.02,3,17,4,0,1,1,0,2,7,6,0.5919266918856088
9304,1301.07,4,264,22.5,0.02,4,46,4,0,1,1,0,9,28,31,0.5241011630203526
9305,1301.36,2,400,-14.7,0.02,2,25,1,0,1,1,0,3,46,17,0.41133540049876044
9306,1301.92,2,400,-8.4,0.02,2,27,4,0,0,0,1,3,55,23,0.30929248499809914
9307,1302.0,1,87,3.5,0.02,1,15,1,0,1,1,0,2,9,8,0.5485283463753714
9308,1302.08,0,101,2.2,0.02,0,19,1,0,1,1,0,1,13,7,0.6113749924999609
9309,1302.6,2,333,-13.0,0.02,2,22,1,0,1,1,0,5,25,17,0.3451908781475934
9310,1302.74,5,178,29.0,0.02,5,32,5,0,1,1,0,4,17,12,0.5268060343829059
9311,1303.05,9,246,17.1,0.02,4,35,2,1,1,1,0,6,24,23,0.5060511087226022
9312,1303.46,3,376,-5.3,0.02,3,33,2,0,1,1,0,8,35,27,0.40503588629058807
9313,1303.62,5,167,-7.7,0.02,0,17,0,1,1,1,0,2,14,10,0.31856077171559677
9314,1303.74,2,101,9.4,0.02,2,15,1,0,1,1,0,0,12,5,0.6741692546133596
9315,1304.03,4,254,5.7,0.02,4,29,2,1,1,1,0,10,24,29,0.5903595353530193
9316,1304.25,3,239,11.0,0.02,3,33,1,0,1,1,0,6,21,21,0.37062028332708147
9317,1304.32,1,75,3.2,0.02,1,12,2,0,1,1,0,1,9,3,0.5132366127798236
9318,1304.4,1,99,3.2,0.02,1,14,1,0,1,1,0,0,11,9,0.5825574254067915
9319,1304.71,3,240,5.9,0.02,3,28,1,0,1,1,0,6,26,21,0.4498432594123025
9320,1305.3,7,400,-8.6,0.02,2,34,1,1,0,0,1,9,48,35,0.43180631256655655
9321,1305.33,0,28,-0.3,0.02,0,8,0,0,1,1,0,0,4,5,0.739160551824885
9322,1305.44,2,122,13.3,0.02,2,29,3,0,1,1,0,7,14,15,0.7046879706543413
9323,1305.62,0,160,4.3,0.02,0,28,1,0,1,1,0,1,19,17,0.5544732684929936
9324,1305.63,0,14,0.4,0.02,0,7,0,0,1,1,0,0,2,2,0.5138629909708424
9325,1306.04,2,324,-6.6,0.02,2,30,1,0,1,1,0,6,29,32,0.39608896821303574
9326,1306.2,4,134,22.5,0.02,4,27,2,0,1,1,0,5,15,11,0.7411440160267142
9327,1306.21,0,20,1.7,0.02,0,9,0,0,1,1,0,0,3,3,0.5692638123327619
9328,1306.33,2,129,21.3,0.02,2,33,2,0,1,1,0,2,15,18,0.5224455445269469
9329,1306.62,3,270,7.2,0.02,3,39,2,0,1,1,0,12,25,28,0.4497273540731367
9330,1306.93,2,362,-8.4,0.02,2,35,3,0,1,1,0,8,42,42,0.4352956346104003
9331,1307.22,6,302,-3.5,0.02,1,39,1,1,1,1,0,8,35,43,0.3871602395505853
9332,1307.46,9,330,8.9,0.02,4,38,4,1,1,1,0,7,40,41,0.4342208976192989
9333,1307.57,0,118,-4.8,0.02,0,21,1,0,1,1,0,8,16,10,0.5373639656651611
9334,1307.65,1,80,4.6,0.02,1,14,1,0,1,1,0,1,10,4,0.6132418839793266
9335,1307.79,5,180,40.7,0.02,5,42,6,0,1,1,0,1,20,23,0.5378979840964776
9336,1307.94,3,126,20.2,0.02,3,27,3,0,1,1,0,3,13,12,0.6940347376458661
9337,1307.98,1,43,5.2,0.02,1,13,1,0,1,1,0,3,5,5,0.9297096814774315
9338,1308.03,1,69,5.5,0.02,1,15,1,0,1,1,0,2,8,6,0.4454989481020406
9339,1308.07,2,47,11.6,0.02,2,12,2,0,1,1,0,0,6,7,0.6091844731023162
9340,1308.18,1,92,12.0,0.02,1,25,3,0,1,1,0,3,11,8,0.7858255142318616
9341,1308.19,1,17,3.8,0.02,1,6,1,0,1,1,0,0,2,5,1.217393272293945
9342,1308.32,0,125,-10.7,0.02,0,7,1,0,1,1,0,0,14,2,0.48883280372145793
9343,1308.78,1,400,-21.7,0.02,1,24,1,0,0,0,1,9,41,16,0.3010966514243777
9344,1308.79,1,17,5.2,0.02,1,7,1,0,1,1,0,0,2,1,0.8862517482585431
9345,1309.23,3,400,7.3,0.02,3,40,1,0,0,0,1,3,46,46,0.3808312558560052
9346,1309.37,0,110,5.0,0.02,0,26,2,0,0,1,0,4,14,10,0.4819748407217203
9347,1309.82,9,285,2.9,0.02,4,20,2,1,1,1,0,2,27,16,0.4416284504905008
9348,1310.36,3,400,-16.4,0.02,3,23,4,0,0,0,1,11,42,33,0.39313888431809707
9349,1310.45,2,96,25.8,0.02,2,32,3,0,1,1,0,1,12,6,0.652363765464438
9350,1310.66,2,165,2.8,0.02,2,21,1,0,1,1,0,5,19,17,0.45366842379649713
9351,1310.84,3,235,3.6,0.02,3,24,2,0,1,1,0,5,26,19,0.47974980625337615
9352,1311.49,1,400,-21.3,0.02,1,17,2,0,0,0,1,2,45,12,0.2874370772553619
9353,1311.58,1,94,6.5,0.02,1,20,2,0,1,1,0,3,8,11,0.8078592621083303
9354,1311.81,2,207,7.4,0.02,2,29,3,0,1,1,0,4,24,19,0.4394617276246769
9355,1312.17,3,327,0.5,0.02,3,32,3,0,1,1,0,6,35,28,0.45822425215331664
9356,1312.26,0,113,-8.8,0.02,0,9,0,0,1,1,0,1,7,5,0.34642255504712344
9357,1312.44,1,187,7.6,0.02,1,35,2,0,1,1,0,7,20,17,0.6187194431030675
9358,1312.58,1,142,10.6,0.02,1,29,2,0,1,1,0,3,17,12,0.5077192249415635
9359,1313.03,1,327,-15.6,0.02,1,33,1,0,1,1,0,13,28,29,0.40934988313060505
9360,1313.09,2,72,17.2,0.02,2,22,1,0,0,1,0,2,8,6,0.7140060240834545
9361,1313.13,0,30,-0.5,0.02,0,9,0,0,1,1,0,1,4,5,0.47567798581002935
9362,1313.34,3,280,3.4,0.02,3,32,1,0,1,1,0,8,26,26,0.42612721952552435
9363,1313.65,0,241,-14.8,0.02,0,19,0,0,1,1,0,3,29,17,0.31310296387180675
9364,1313.71,0,61,3.0,0.02,0,16,0,0,1,1,0,1,8,9,0.3417310654345687
9365,1313.71,0,5,-2.8,0.02,0,3,0,0,1,1,0,0,1,3,2.6738000305622642
9366,1313.79,0,89,-3.4,0.02,0,13,0,0,1,1,0,2,10,5,0.5085905120903748
9367,1313.99,2,285,10.9,0.02,2,41,2,0,1,1,0,4,34,26,0.43849403509397833
9368,1314.08,2,88,17.6,0.02,2,28,3,0,1,1,0,5,11,16,0.7728448692590342
9369,1314.15,2,81,9.9,0.02,2,16,1,0,0,1,0,2,9,10,0.6710713765882534
9370,1314.21,3,78,18.6,0.02,3,20,3,0,1,1,0,3,9,6,0.5868887112411579
9371,1314.25,0,36,0.2,0.02,0,10,1,0,1,1,0,1,5,2,0.42502457653509407
9372,1314.36,5,120,30.4,0.02,5,26,4,0,1,1,0,2,12,16,0.6159020728175358
9373,1314.5,0,176,-4.3,0.02,0,23,0,0,1,1,0,4,21,7,0.3616834937741641
9374,1314.54,1,48,5.8,0.02,1,11,1,0,1,1,0,0,6,4,0.6956168924786407
9375,1314.94,3,400,-6.9,0.02,3,25,4,0,0,0,1,4,48,28,0.36233864733773113
9376,1315.59,3,400,-7.4,0.02,3,23,3,0,0,0,1,4,48,13,0.32597795919254413
9377,1315.73,2,124,8.9,0.02,2,19,1,0,0,1,0,2,15,7,0.5675713179132763
9378,1315.8,1,67,1.3,0.02,1,13,1,0,1,1,0,4,9,10,0.5461186323670867
9379,1315.99,3,144,18.1,0.02,3,28,4,0,1,1,0,4,17,15,0.5556462078825496
9380,1316.25,10,317,0.9,0.02,5,19,2,1,1,1,0,5,42,14,0.401088624205545
9381,1316.28,1,33,8.0,0.02,1,12,1,0,1,1,0,0,4,7,0.5263806877017405
9382,1316.41,1,129,-6.0,0.02,1,15,1,0,1,1,0,7,15,11,0.3357215131016506
9383,1316.54,2,116,7.8,0.02,2,22,5,0,1,1,0,7,14,6,0.5809943320680471
9384,1316.72,2,180,17.7,0.02,2,37,3,0,1,1,0,4,21,23,0.48528729965304584
9385,1316.84,1,122,18.0,0.02,1,33,0,0,0,1,0,1,12,18,0.40502441903636055
9386,1316.85,0,22,-2.6,0.02,0,6,1,0,1,1,0,1,3,4,0.47885427614396775
9387,1316.98,1,106,6.5,0.02,1,19,1,0,1,1,0,1,11,9,0.5162643915619884
9388,1317.12,2,132,23.4,0.02,2,36,2,0,0,1,0,3,16,14,0.6406255832824425
9389,1317.32,6,365,-21.9,0.02,1,30,1,1,1,1,0,13,44,24,0.3366278191188484
9390,1317.54,3,210,11.5,0.02,3,29,3,0,1,1,0,5,22,15,0.3883745368451985
9391,1317.72,5,206,-10.2,0.02,0,19,0,1,1,1,0,2,16,16,0.37803476513210427
9392,1318.32,3,400,-14.9,0.02,3,30,4,0,1,1,0,13,44,19,0.4034543557259536
9393,1318.35,1,33,12.2,0.02,1,16,1,0,1,1,0,0,4,5,0.791688710078889
9394,1318.44,1,98,7.0,0.02,1,22,1,0,1,1,0,4,11,12,0.5891317095879254
9395,1318.47,1,34,4.2,0.02,1,11,2,0,1,1,0,3,5,4,0.5768845235416611
9396,1318.57,0,89,2.6,0.02,0,18,0,0,0,1,0,1,12,5,0.6211151591864945
9397,1318.71,0,203,-5.2,0.02,0,25,0,0,1,1,0,3,25,19,0.41089884437620156
9398,1319.04,3,400,5.6,0.02,3,41,4,0,0,0,1,8,49,23,0.3701850885504028
9399,1319.89,2,400,-22.0,0.02,2,25,1,0,0,0,1,14,48,29,0.4362521032400072
9400,1320.12,8,291,-8.7,0.02,3,22,1,1,1,1,0,10,27,16,0.3770837221085477
9401,1320.65,6,400,-25.8,0.02,1,23,1,1,0,0,1,11,42,27,0.39719534550739294
9402,1320.79,1,156,-7.4,0.02,1,13,0,0,1,1,0,4,16,8,0.4196004076983901
9403,1320.88,2,92,14.1,0.02,2,23,3,0,1,1,0,4,11,7,0.5653422448803361
9404,1320.98,5,115,11.2,0.02,0,32,1,2,1,1,0,3,13,13,0.4459090202650159
9405,1321.34,3,273,4.7,0.02,3,36,4,0,1,1,0,11,32,30,0.4400016624879437
9406,1321.41,3,72,20.1,0.02,3,18,3,0,1,1,0,0,7,7,0.7975891890847112
9407,1321.55,1,141,14.6,0.02,1,33,0,0,1,1,0,3,14,13,0.4771384368463201
9408,1321.63,4,85,22.7,0.02,4,20,4,0,1,1,0,3,10,8,0.780641078700615
9409,1321.9,2,304,-11.5,0.02,2,25,3,0,1,1,0,9,36,21,0.46448855434877234
9410,1322.05,3,139,11.5,0.02,3,21,2,0,1,1,0,4,16,16,0.5276809554418983
9411,1322.37,2,379,3.9,0.02,2,48,2,0,1,1,0,8,44,32,0.4458027092377632
9412,1322.49,3,319,18.4,0.02,3,45,3,0,1,1,0,2,25,27,0.322101304504868
9413,1322.59,1,111,7.9,0.02,1,21,1,0,1,1,0,1,11,10,0.3868268142476936
9414,1322.67,2,84,14.0,0.02,2,21,2,0,1,1,0,3,9,6,0.6427040743682119
9415,1322.92,9,350,-7.2,0.02,4,25,2,1,1,1,0,8,42,42,0.4441973136056752
9416,1323.02,6,101,0.2,0.02,1,15,2,1,0,1,0,4,12,7,0.7917572393706019
9417,1323.38,1,333,-8.0,0.02,1,38,1,0,1,1,0,10,36,27,0.4338908394227376
9418,1323.53,5,156,-2.9,0.02,0,22,0,1,1,1,0,3,19,13,0.3597080326016946
9419,1324.02,6,400,-22.7,0.02,1,24,1,1,0,0,1,8,42,36,0.39997824094200085
9420,1324.1,0,82,7.6,0.02,0,23,0,0,1,1,0,1,11,12,0.40094857406304446
9421,1324.44,4,322,6.7,0.02,4,33,1,0,1,1,0,6,37,31,0.4475604430860858
9422,1324.54,3,98,17.4,0.02,3,23,4,0,1,1,0,5,12,8,0.6387274709713602
9423,1324.61,0,68,3.6,0.02,0,17,0,0,1,1,0,1,9,6,0.4530674707823726
9424,1324.64,0,36,6.4,0.02,0,17,0,0,1,1,0,1,5,10,0.5553744618963393
9425,1324.68,0,45,2.8,0.02,0,13,0,0,1,1,0,0,6,7,0.5302266822739548
9426,1324.7,0,21,1.7,0.02,0,9,1,0,1,1,0,0,3,2,0.5323219693677298
9427,1324.97,2,400,-11.0,0.02,2,25,3,0,0,0,1,4,42,19,0.3426111781826249
9428,1325.09,0,114,-3.0,0.02,0,17,0,0,1,1,0,2,13,16,0.40721096835893295
9429,1325.41,0,400,-35.6,0.02,0,17,0,0,0,0,1,9,30,35,0.33953232594609717
9430,1325.5,0,83,12.2,0.02,0,28,0,0,1,1,0,2,10,5,0.49488402292581557
9431,1325.74,4,236,10.5,0.02,4,27,3,0,1,1,0,5,24,29,0.44139568780418087
9432,1325.84,1,102,5.2,0.02,1,17,1,0,1,1,0,1,11,6,0.6136625261857243
9433,1326.31,2,318,-9.9,0.02,2,26,1,0,1,1,0,6,36,31,0.39163052726851205
9434,1326.46,3,124,14.0,0.02,3,21,3,0,1,1,0,3,15,16,0.5076916236127326
9435,1326.6,1,113,-1.5,0.02,1,12,1,0,1,1,0,2,11,2,0.591872373898478
9436,1326.66,0,72,-4.6,0.02,0,9,1,0,1,1,0,1,8,4,0.5892921826694921
9437,1326.99,0,286,-16.2,0.02,0,25,0,0,1,1,0,6,32,16,0.3725823925413612
9438,1327.62,3,400,0.8,0.02,3,34,2,0,0,0,1,6,45,21,0.3426212993125692
9439,1327.79,3,165,13.2,0.02,3,23,1,0,1,1,0,1,19,23,0.5218386307972617
9440,1327.93,6,203,-7.4,0.02,1,17,0,1,1,1,0,3,27,11,0.3768290883107038
9441,1328.28,2,303,-2.9,0.02,2,31,1,0,1,1,0,6,34,26,0.39127823957922836
9442,1328.3,0,28,2.8,0.02,0,11,0,0,1,1,0,0,4,4,0.4552745145077018
9443,1328.36,1,60,5.5,0.02,1,14,2,0,1,1,0,2,8,5,0.87996453479209
9444,1328.61,7,247,7.1,0.02,2,34,2,1,1,1,0,5,27,22,0.4197278570236829
9445,1328.86,1,232,-13.9,0.02,1,18,1,0,1,1,0,7,22,17,0.3988464543212029
9446,1329.02,2,158,4.0,0.02,2,22,1,0,0,1,0,5,17,22,0.468247025815259
9447,1329.28,1,191,-6.8,0.02,1,19,1,0,1,1,0,5,19,17,0.4309978519127382
9448,1329.35,1,70,7.4,0.02,1,16,1,0,1,1,0,1,7,6,0.45894676272676316
9449,1329.45,2,117,15.9,0.02,2,26,1,0,1,1,0,2,13,14,0.6795225488080733
9450,1329.5,0,54,4.0,0.02,0,15,1,0,1,1,0,0,7,6,0.6564018323880124
9451,1329.59,1,78,16.8,0.02,1,28,2,0,1,1,0,2,10,14,0.5816289994220772
9452,1329.87,4,237,27.5,0.02,4,47,4,0,1,1,0,8,27,28,0.5391358397681604
9453,1329.93,0,77,-2.3,0.02,0,14,0,0,1,1,0,3,8,6,0.5355317156700635
9454,1330.05,6,162,-9.9,0.02,1,15,2,1,0,1,0,8,21,7,0.4535160890957912
9455,1330.23,1,185,-1.6,0.02,1,24,1,0,1,1,0,5,21,21,0.4493602795391156
9456,1330.44,1,155,3.5,0.02,1,27,2,0,1,1,0,6,18,20,0.512035945769245
9457,1330.7,2,263,-7.0,0.02,2,21,1,0,1,1,0,4,20,27,0.40474677832690387
9458,1331.03,2,257,9.0,0.02,2,37,2,0,1,1,0,4,29,33,0.416589596375113
9459,1331.07,1,49,1.7,0.02,1,8,2,0,1,1,0,1,6,4,0.5339378754249288
9460,1331.09,1,29,8.6,0.02,1,13,1,0,1,1,0,1,4,5,0.6950790841143709
9461,1331.42,2,400,-9.2,0.02,2,30,3,0,0,0,1,6,48,31,0.4579772496925863
9462,1331.47,1,63,6.3,0.02,1,14,1,0,1,1,0,1,8,4,0.5335504431105298
9463,1331.9,8,294,6.7,0.02,3,33,2,1,1,1,0,5,31,19,0.43730461891062394
9464,1331.97,2,91,12.5,0.02,2,21,2,0,1,1,0,4,12,4,0.5697467218857991
9465,1331.99,1,30,4.3,0.02,1,11,1,0,1,1,0,3,4,7,0.9163109351219146
9466,1332.0,0,13,-2.4,0.02,0,6,1,0,1,1,0,2,2,1,0.5400492237888963
9467,1332.46,1,400,-9.9,0.02,1,39,2,0,0,0,1,10,45,38,0.3924846214973147
9468,1332.5,1,52,12.1,0.02,1,20,2,0,1,1,0,2,7,7,0.7910739503321221
9469,1332.64,2,127,15.6,0.02,2,29,2,0,1,1,0,4,15,17,0.6218932763766696
9470,1332.8,0,128,4.9,0.02,0,26,0,0,1,1,0,2,15,13,0.5038365718136375
9471,1333.3,5,378,-3.8,0.02,5,28,5,0,1,1,0,11,37,30,0.4239347290830367
9472,1333.41,3,144,18.6,0.02,3,30,2,0,1,1,0,5,17,20,0.49964536915794583
9473,1333.48,4,78,31.1,0.02,4,27,4,0,1,1,0,2,10,11,0.6152949432282955
9474,1333.49,0,13,-1.5,0.02,0,6,0,0,1,1,0,1,2,2,0.5223676398483245
9475,1333.75,0,229,-9.7,0.02,0,29,1,0,1,1,0,8,27,28,0.37629740330388206
9476,1333.85,5,130,28.0,0.02,5,26,4,0,0,1,0,3,15,20,0.717870953131782
9477,1334.16,3,400,-22.2,0.02,3,19,2,0,0,0,1,13,44,31,0.40011919238086363
9478,1334.23,1,59,7.4,0.02,1,16,1,0,1,1,0,2,7,7,0.6409915063801502
9479,1334.49,8,298,11.5,0.02,3,42,4,1,1,1,0,7,33,37,0.43177189742525224
9480,1334.53,1,43,11.1,0.02,1,16,1,0,1,1,0,0,5,6,0.5445789724628295
9481,1334.66,11,186,38.0,0.02,6,43,6,1,1,1,0,9,21,24,0.667782399862476
9482,1334.99,1,252,1.6,0.02,1,35,2,0,0,1,0,5,25,32,0.48104595525538996
9483,1335.03,2,42,9.2,0.02,2,12,1,0,1,1,0,3,4,6,0.8859536116195
9484,1335.04,0,6,-3.8,0.02,0,3,0,0,1,1,0,1,1,2,0.6025465863189845
9485,1335.12,2,77,26.7,0.02,2,30,2,0,0,1,0,0,10,6,0.7368293279849876
9486,1335.44,2,273,-5.2,0.02,2,20,2,0,1,1,0,1,29,19,0.38549174527027186
9487,1335.97,7,400,-8.3,0.02,2,31,0,1,0,0,1,5,51,42,0.35903854408034375
9488,1336.1,2,114,19.7,0.02,2,33,3,0,1,1,0,5,14,19,0.5480827462320799
9489,1336.13,1,30,5.2,0.02,1,11,1,0,1,1,0,2,4,8,0.9026686461703394
9490,1336.49,5,382,9.0,0.02,5,35,5,0,1,1,0,5,39,28,0.3491668183539199
9491,1336.7,4,400,5.7,0.02,4,47,4,0,0,0,1,18,50,32,0.6259755810894424
9492,1337.09,6,400,-20.9,0.02,1,25,1,1,0,0,1,7,39,38,0.35185095641948566
9493,1337.12,1,49,4.7,0.02,1,11,1,0,1,1,0,1,6,4,0.5302473278405272
9494,1337.39,4,244,37.9,0.02,4,53,5,0,1,1,0,3,28,27,0.4374083542267221
9495,1337.45,1,55,12.1,0.02,1,19,1,0,1,1,0,1,6,4,0.8205575082371737
9496,1337.76,6,331,-8.8,0.02,1,33,2,1,1,1,0,6,27,27,0.4973960079586203
9497,1337.87,2,101,8.7,0.02,2,19,2,0,1,1,0,4,7,12,0.7203023499090694
9498,1337.91,1,44,5.9,0.02,1,12,0,0,1,1,0,1,6,7,0.8093026235338311
9499,1338.21,5,294,23.7,0.02,5,39,5,0,1,1,0,3,34,29,0.4294503806658701
9500,1338.37,2,208,9.8,0.02,2,31,2,0,1,1,0,4,22,14,0.3977725478406088
9501,1338.54,1,146,4.5,0.02,1,21,1,0,1,1,0,1,18,9,0.3599405704578371
9502,1338.65,1,115,10.5,0.02,1,25,1,0,0,1,0,2,15,10,0.597668412486578
9503,1338.77,2,168,-8.5,0.02,2,10,0,0,1,1,0,6,10,7,0.3485834902534447
9504,1338.91,4,199,14.8,0.02,4,27,3,0,1,1,0,5,21,23,0.49789844640837466
9505,1338.96,1,40,6.3,0.02,1,13,1,0,1,1,0,2,5,7,0.607020934197168
9506,1339.23,3,324,0.4,0.02,3,33,3,0,1,1,0,6,34,42,0.40623446817685477
9507,1339.35,3,184,16.9,0.02,3,32,3,0,1,1,0,5,17,17,0.4693323432401796
9508,1339.55,1,157,15.1,0.02,1,33,3,0,1,1,0,1,13,12,0.4735737355172773
9509,1339.99,4,331,-5.3,0.02,4,27,4,0,0,1,0,11,32,32,0.5215090437770459
9510,1340.2,2,191,-2.5,0.02,2,19,0,0,1,1,0,5,22,24,0.5387440738476245
9511,1340.51,0,262,-19.8,0.02,0,17,0,0,1,1,0,4,22,16,0.31426898077505483
9512,1340.77,1,230,-0.2,0.02,1,28,0,0,1,1,0,3,24,22,0.4462055754016937
9513,1340.84,1,83,8.2,0.02,1,19,1,0,1,1,0,1,10,15,0.43984030880227415
9514,1340.84,0,6,-4.8,0.02,0,2,0,0,1,1,0,1,1,2,0.1543450159621759
9515,1340.9,0,71,6.8,0.02,0,20,1,0,1,1,0,0,9,11,0.498640453912853
9516,1341.15,0,400,-36.9,0.02,0,19,0,0,0,0,1,14,50,18,0.34488226477427514
9517,1341.37,7,400,-22.6,0.02,2,18,2,1,0,0,1,9,51,15,0.31448233689784366
9518,1341.69,2,400,-13.7,0.02,2,29,3,0,0,0,1,9,47,36,0.3721753233800805
9519,1341.82,0,113,-2.7,0.02,0,17,0,0,1,1,0,2,15,14,0.36807575070723475
9520,1341.96,2,142,13.5,0.02,2,27,2,0,1,1,0,3,13,13,0.49664567640854645
9521,1342.06,4,82,30.9,0.02,4,26,4,0,1,1,0,1,9,9,0.7925748345309755
9522,1342.3,0,191,-12.0,0.02,0,18,0,0,1,1,0,5,21,9,0.41386991436948906
9523,1342.35,1,64,10.0,0.02,1,19,0,0,1,1,0,2,9,6,0.7545846188789751
9524,1342.85,1,400,-36.8,0.02,1,9,1,0,0,0,1,7,41,37,0.3218426740852011
9525,1342.93,0,77,5.8,0.02,0,21,1,0,1,1,0,2,10,5,0.6515829184021281
9526,1343.04,1,96,10.7,0.02,1,25,0,0,1,1,0,4,11,7,0.5427490247037015
9527,1343.1,1,63,14.2,0.02,1,21,1,0,1,1,0,0,8,5,0.5164000172118094
9528,1343.34,6,237,-1.5,0.02,1,29,1,1,1,1,0,4,32,28,0.37009231018483135
9529,1343.41,0,65,2.5,0.02,0,16,1,0,1,1,0,1,8,10,0.6229568915694526
9530,1343.47,1,70,4.3,0.02,1,18,1,0,1,1,0,6,9,7,0.6916930992370606
9531,1343.49,0,21,-1.8,0.02,0,7,0,0,1,1,0,1,3,7,0.6707210595174881
9532,1343.53,1,42,-1.2,0.02,1,7,0,0,0,1,0,3,4,10,0.6976076048957146
9533,1343.57,1,53,8.8,0.02,1,16,1,0,1,1,0,1,7,9,0.5041130552512586
9534,1343.6,0,43,-2.7,0.02,0,8,0,0,1,1,0,1,4,4,0.47904116426838295
9535,1343.77,1,126,11.2,0.02,1,28,2,0,1,1,0,3,13,12,0.7160791168578278
9536,1343.86,3,96,19.6,0.02,3,20,2,0,1,1,0,0,9,8,0.5877991840515496
9537,1344.58,1,400,-3.8,0.02,1,35,1,0,0,0,1,1,52,27,0.30891595446694636
9538,1344.78,5,204,1.3,0.02,0,35,0,1,0,1,0,6,25,23,0.4446121548624113
9539,1345.11,5,266,21.2,0.02,5,34,4,0,0,1,0,4,26,22,0.5613284659247246
9540,1345.24,2,127,6.1,0.02,2,17,1,0,1,1,0,2,8,12,0.45812954923357285
9541,1345.35,1,108,4.3,0.02,1,21,1,0,1,1,0,5,10,9,0.41594070988774223
9542,1345.36,0,8,-5.0,0.02,0,2,0,0,1,1,0,1,1,2,0.5259249396542502
9543,1345.5,1,129,1.5,0.02,1,17,1,0,1,1,0,1,17,16,0.4082567017931755
9544,1345.55,0,62,1.6,0.02,0,14,0,0,1,1,0,0,8,12,0.580927539888948
9545,1345.71,2,139,10.6,0.02,2,29,2,0,1,1,0,8,16,15,0.6094837036068264
9546,1346.05,9,400,-15.2,0.02,4,23,4,1,0,0,1,15,51,31,0.39897496553894435
9547,1346.09,1,51,3.7,0.02,1,11,2,0,1,1,0,1,6,12,0.41072146013343197
9548,1346.47,2,400,-8.0,0.02,2,30,2,0,0,0,1,5,49,29,0.35583837106139954
9549,1346.84,2,400,-16.8,0.02,2,28,2,0,0,0,1,11,54,37,0.3518171727985649
9550,1346.92,1,85,9.6,0.02,1,22,1,0,1,1,0,2,11,19,0.4828029663501544
9551,1346.96,1,45,13.2,0.02,1,21,3,0,1,1,0,3,5,3,0.7172442933716253
9552,1347.1,0,224,-11.7,0.02,0,27,1,0,1,1,0,9,22,23,0.4033257395912839
9553,1347.11,0,6,-4.7,0.02,0,1,0,0,1,1,0,0,1,1,0.23991545050822838
9554,1347.26,3,204,6.8,0.02,3,25,2,0,1,1,0,6,24,18,0.46344778374980083
9555,1347.97,3,400,-6.0,0.02,3,26,2,0,0,0,1,5,42,19,0.3537111808219194
9556,1348.12,6,123,9.1,0.02,1,26,3,1,1,1,0,3,16,16,0.605879929184197
9557,1348.69,2,348,-8.3,0.02,2,29,2,0,1,1,0,4,43,35,0.3262818734919241
9558,1349.07,1,366,-30.1,0.02,1,16,1,0,1,1,0,7,29,25,0.3530847374027742
9559,1349.5,1,400,-40.1,0.02,1,7,1,0,0,0,1,10,50,20,0.31174539645224886
9560,1349.84,1,242,-0.4,0.02,1,32,2,0,1,1,0,6,30,22,0.34053008847018756
9561,1350.4,1,400,-21.8,0.02,1,21,1,0,0,0,1,6,53,17,0.2799482682968101
9562,1350.49,0,85,5.9,0.02,0,23,0,0,1,1,0,3,8,6,0.42777137137156507
9563,1350.54,0,55,12.0,0.02,0,24,1,0,1,1,0,1,7,5,0.5504601272482831
9564,1350.66,4,400,24.3,0.02,4,54,3,0,0,0,1,7,34,26,0.3954653231769664
9565,1350.89,1,143,3.4,0.02,1,23,0,0,1,1,0,4,16,13,0.45624413927414437
9566,1351.11,3,218,15.4,0.02,3,33,4,0,1,1,0,4,20,18,0.45194301216522026
9567,1351.5,2,325,-9.6,0.02,2,28,0,0,1,1,0,8,37,21,0.3687368373520659
9568,1351.52,1,26,2.7,0.02,1,6,1,0,1,1,0,0,3,7,0.5639712507429991
9569,1351.99,0,400,-25.6,0.02,0,17,0,0,0,0,1,1,40,15,0.35891456895156637
9570,1352.22,6,373,-1.6,0.02,1,42,4,1,1,1,0,3,38,33,0.37932252088543716
9571,1352.34,0,168,-0.3,0.02,0,25,1,0,1,1,0,2,21,15,0.3070968194029296
9572,1352.47,2,112,8.8,0.02,2,17,2,0,1,1,0,1,7,10,0.41335441126754763
9573,1352.75,0,320,-19.9,0.02,0,33,1,0,1,1,0,13,38,29,0.33644357068771324
9574,1352.83,1,108,-0.3,0.02,1,15,2,0,1,1,0,4,7,5,0.4660015450847564
9575,1353.12,4,245,9.0,0.02,4,23,3,0,1,1,0,3,23,15,0.4498324920163125
9576,1353.28,2,214,13.2,0.02,2,34,2,0,1,1,0,3,23,14,0.4453342346140006
9577,1353.3,0,25,-1.0,0.02,0,9,0,0,1,1,0,2,3,5,0.9368490515791126
9578,1353.35,1,64,0.3,0.02,1,8,1,0,1,1,0,1,6,3,0.4565254651215806
9579,1353.44,1,92,14.4,0.02,1,28,2,0,1,1,0,3,12,14,0.6858382893351075
9580,1353.5,1,68,5.4,0.02,1,14,1,0,1,1,0,1,8,8,0.43434258747442833
9581,1353.55,1,57,9.8,0.02,1,18,1,0,1,1,0,2,6,5,0.6480000730933329
9582,1353.67,1,106,1.9,0.02,1,15,1,0,1,1,0,1,8,15,0.44231222560946964
9583,1353.89,8,214,14.5,0.02,3,33,3,1,1,1,0,5,23,21,0.43772948279067714
9584,1353.99,1,100,13.1,0.02,1,27,1,0,1,1,0,3,10,9,0.7078927671907739
9585,1354.05,7,72,5.9,0.02,2,11,2,1,1,1,0,2,9,9,0.5603467459959913
9586,1354.19,1,134,-2.4,0.02,1,16,1,0,1,1,0,4,17,10,0.3898012766159515
9587,1354.43,4,193,11.5,0.02,4,23,4,0,1,1,0,5,24,22,0.43769680746308515
9588,1354.47,0,40,0.7,0.02,0,12,0,0,1,1,0,2,5,3,0.46020707455907484
9589,1354.75,1,287,-11.2,0.02,1,26,1,0,1,1,0,6,36,25,0.3716092627575534
9590,1355.38,0,400,-19.7,0.02,0,26,0,0,0,0,1,4,52,16,0.4036956318170581
9591,1355.64,2,317,-11.6,0.02,2,24,2,0,1,1,0,6,38,29,0.358571888108695
9592,1355.65,0,20,1.5,0.02,0,9,0,0,1,1,0,0,3,5,0.6127629192193516
9593,1356.04,3,400,-8.2,0.02,3,31,2,0,0,0,1,10,48,41,0.45466227381894414
9594,1356.16,3,112,22.6,0.02,3,25,3,0,1,1,0,0,11,12,0.47753748226884396
9595,1356.5,4,400,-8.4,0.02,4,21,4,0,0,0,1,7,42,23,0.3524348865408332
9596,1356.84,1,275,-7.5,0.02,1,26,1,0,1,1,0,4,29,20,0.34331609409849745
9597,1356.9,3,77,11.7,0.02,3,11,3,0,1,1,0,1,5,6,0.5846286246952289
9598,1357.18,3,190,1.9,0.02,3,19,1,0,1,1,0,7,19,11,0.4611264269884653
9599,1357.45,1,282,-7.3,0.02,1,31,3,0,1,1,0,7,34,31,0.36401954084403026
9600,1357.7,3,356,-6.0,0.02,3,27,2,0,1,1,0,4,33,34,0.41153959780975136
9601,1358.03,8,303,-6.2,0.02,3,23,4,1,1,1,0,6,23,29,0.46942295878019336
9602,1358.07,1,43,8.2,0.02,1,14,1,0,1,1,0,1,6,5,0.5697888361389821
9603,1358.6,3,400,-11.4,0.02,3,30,4,0,0,0,1,12,44,43,0.4622539438474515
9604,1358.86,5,252,-25.8,0.02,0,10,1,1,1,1,0,4,30,16,0.4708903004031352
9605,1359.19,2,400,-11.7,0.02,2,33,1,0,0,0,1,11,40,36,0.4355199766355352
9606,1359.25,1,63,3.8,0.02,1,14,1,0,0,1,0,3,8,9,0.8985174663467597
9607,1359.65,9,338,-5.5,0.02,4,24,3,1,1,1,0,7,40,37,0.4029267162388378
9608,1359.71,3,72,13.2,0.02,3,15,2,0,1,1,0,4,8,6,0.6045996354035441
9609,1359.74,2,30,8.6,0.02,2,9,2,0,1,1,0,2,4,4,1.0072206690011252
9610,1359.78,0,47,0.9,0.02,0,11,1,0,1,1,0,0,5,4,0.535310506587519
9611,1359.81,0,45,11.5,0.02,0,23,1,0,1,1,0,1,6,10,0.6215536468828331
9612,1360.03,2,290,-2.2,0.02,2,32,3,0,1,1,0,8,30,22,0.38648360708693236
9613,1360.41,5,373,0.1,0.02,5,28,5,0,1,1,0,7,40,36,0.4160665636958524
9614,1360.5,2,86,10.8,0.02,2,17,2,0,1,1,0,2,10,6,0.537967377451053
9615,1360.93,2,400,-23.8,0.02,2,17,1,0,0,0,1,8,40,27,0.38761568437840616
9616,1360.95,1,30,0.3,0.02,1,5,1,0,1,1,0,1,4,7,0.4393918842421776
9617,1361.03,1,69,7.3,0.02,1,16,1,0,1,1,0,1,9,8,0.461158047340522
9618,1361.25,1,224,-12.3,0.02,1,19,1,0,1,1,0,7,16,19,0.506039879302474
9619,1361.25,0,6,-3.6,0.02,0,3,0,0,1,1,0,1,1,0,0.5473238057951549
9620,1361.41,3,135,21.3,0.02,3,28,4,0,1,1,0,2,13,12,0.5147234621004808
9621,1361.68,2,400,1.0,0.02,2,41,3,0,0,0,1,6,41,39,0.44161917806858486
9622,1362.18,2,400,-7.0,0.02,2,32,2,0,0,0,1,7,48,19,0.34659843380607247
9623,1362.24,4,62,30.1,0.02,4,22,4,0,1,1,0,0,7,7,0.9201578966186854
9624,1362.28,2,49,12.3,0.02,2,14,2,0,1,1,0,1,6,8,0.6023692444876473
9625,1362.4,1,156,12.0,0.02,1,34,1,0,1,1,0,5,21,14,0.5995228308978339
9626,1362.41,1,17,4.1,0.02,1,7,2,0,1,1,0,1,2,2,1.243940252927653
9627,1362.42,0,14,0.5,0.02,0,8,0,0,1,1,0,1,2,1,0.5511214004040396
9628,1362.46,1,36,4.9,0.02,1,9,1,0,1,1,0,0,4,5,0.8256607260816436
9629,1362.52,3,78,20.7,0.02,3,22,2,0,1,1,0,3,9,5,0.7583002995543543
9630,1362.53,0,6,-3.8,0.02,0,3,0,0,1,1,0,1,1,2,0.3544017305990112
9631,1362.54,0,14,-1.8,0.02,0,5,0,0,1,1,0,0,2,4,0.4127129036727218
9632,1362.75,1,160,0.5,0.02,1,23,1,0,1,1,0,5,18,15,0.4039819285030567
9633,1362.79,0,46,4.7,0.02,0,16,0,0,1,1,0,1,6,7,0.7968472916732613
9634,1363.37,2,400,-7.1,0.02,2,31,4,0,0,0,1,6,38,20,0.4104382866647509
9635,1363.41,0,54,7.6,0.02,0,19,0,0,1,1,0,0,7,10,0.5462438806848804
9636,1363.63,3,228,2.7,0.02,3,22,3,0,1,1,0,3,26,35,0.43061957141997925
9637,1363.67,0,48,1.7,0.02,0,12,0,0,1,1,0,0,6,5,0.38759153498637877
9638,1364.19,3,364,-26.8,0.02,3,21,2,0,0,1,0,18,38,34,0.5312992603886698
9639,1364.3,1,96,9.5,0.02,1,20,1,0,1,1,0,0,9,9,0.5164218678326958
9640,1364.37,2,94,11.5,0.02,2,20,2,0,1,1,0,3,12,11,0.5047605693794953
9641,1364.89,5,322,17.3,0.02,5,43,4,0,1,1,0,11,36,25,0.5409415133107377
9642,1365.06,1,132,17.8,0.02,1,34,1,0,1,1,0,2,14,10,0.5710430635540276
9643,1365.11,2,59,9.7,0.02,2,14,2,0,1,1,0,2,7,14,0.8346672345179125
9644,1365.24,4,130,24.0,0.02,4,25,4,0,1,1,0,2,14,10,0.6137454813803733
9645,1365.7,9,400,3.2,0.02,4,38,3,1,0,0,1,10,45,47,0.45239773711800174
9646,1365.76,2,67,17.1,0.02,2,21,1,0,1,1,0,1,8,12,0.5759340253689919
9647,1365.81,2,46,13.7,0.02,2,15,2,0,1,1,0,1,6,7,0.78561835633566
9648,1366.11,2,276,0.8,0.02,2,29,2,0,1,1,0,3,29,26,0.39617983989247213
9649,1366.35,0,180,-11.1,0.02,0,14,0,0,0,1,0,1,12,11,0.36197540501316466
9650,1366.79,1,400,-20.8,0.02,1,27,1,0,0,0,1,9,45,37,0.37854755145727476
9651,1366.88,3,95,29.7,0.02,3,31,3,0,1,1,0,1,11,8,0.6897169230269352
9652,1366.96,2,89,3.5,0.02,2,11,1,0,1,1,0,3,8,6,0.6562957514396154
9653,1367.04,2,81,16.1,0.02,2,21,1,0,0,1,0,1,7,8,0.7572615433519261
9654,1367.15,1,98,9.0,0.02,1,22,2,0,1,1,0,2,13,12,0.4202683342787876
9655,1367.64,4,400,-6.1,0.02,4,27,4,0,0,0,1,9,43,40,0.4159375367263778
9656,1367.66,1,28,5.8,0.02,1,9,1,0,1,1,0,0,4,4,0.7466288010181633
9657,1367.96,4,293,18.6,0.02,4,38,4,0,1,1,0,2,28,31,0.4056962751806214
9658,1368.1,0,125,0.7,0.02,0,25,0,0,0,1,0,5,13,18,0.5295377448589884
9659,1368.51,1,362,-25.3,0.02,1,27,2,0,1,1,0,13,38,31,0.3565166073350408
9660,1368.68,0,137,4.3,0.02,0,27,1,0,1,1,0,3,15,10,0.3897386850860903
9661,1368.93,5,323,17.4,0.02,5,38,4,0,1,1,0,4,38,43,0.444457288139959
9662,1369.22,3,247,7.9,0.02,3,27,4,0,1,1,0,2,25,24,0.4788121049205744
9663,1369.6,3,310,13.8,0.02,3,40,3,0,1,1,0,3,28,22,0.3829622385659113
9664,1369.98,2,400,-10.8,0.02,2,26,2,0,0,0,1,5,21,17,0.3220673905513067
9665,1369.99,0,10,0.0,0.02,0,6,0,0,1,1,0,0,1,0,0.5680158717155992
9666,1370.11,8,129,16.2,0.02,3,23,4,1,1,1,0,3,10,9,0.6449402453743549
9667,1370.42,3,324,-13.9,0.02,3,22,3,0,1,1,0,11,31,25,0.4559608574010353
9668,1370.44,0,22,-1.4,0.02,0,7,0,0,1,1,0,1,3,2,0.9031484266370473
9669,1370.58,0,194,4.9,0.02,0,34,0,0,1,1,0,3,22,17,0.4609992330420845
9670,1371.13,3,378,-14.6,0.02,3,27,4,0,1,1,0,11,41,28,0.4043268084875006
9671,1371.38,1,286,-6.9,0.02,1,27,0,0,1,1,0,3,30,23,0.3626664545900083
9672,1371.5,1,110,1.1,0.02,1,20,1,0,0,1,0,7,13,9,0.47609924067705095
9673,1371.58,1,106,-9.2,0.02,1,12,2,0,1,1,0,10,7,6,0.6339952632407824
9674,1371.79,2,286,8.7,0.02,2,40,1,0,1,1,0,4,27,37,0.4736544969248508
9675,1371.8,0,6,-3.6,0.02,0,3,1,0,1,1,0,1,1,0,0.6314917978969427
9676,1372.14,6,269,-25.6,0.02,1,17,0,1,1,1,0,13,23,27,0.5030075639994712
9677,1372.24,1,111,0.2,0.02,1,13,0,0,1,1,0,1,8,7,0.5198425860094977
9678,1372.29,3,53,21.3,0.02,3,18,3,0,1,1,0,1,6,4,0.8979696472657491
9679,1372.68,2,296,-6.7,0.02,2,31,3,0,1,1,0,10,33,31,0.4686672696896343
9680,1373.03,8,400,-18.8,0.02,3,26,2,1,0,0,1,16,45,37,0.4573983855672906
9681,1373.19,0,132,-8.1,0.02,0,16,0,0,1,1,0,4,15,19,0.38195631307652855
9682,1373.27,1,95,6.9,0.02,1,23,2,0,0,1,0,5,10,16,0.5330504138836241
9683,1373.49,2,315,-6.6,0.02,2,32,3,0,1,1,0,10,30,21,0.3800033376476743
9684,1373.73,3,338,-4.9,0.02,3,30,2,0,1,1,0,8,37,31,0.47139672964839624
9685,1373.88,3,174,4.4,0.02,3,19,1,0,1,1,0,6,24,12,0.5402902221339302
9686,1373.92,1,39,9.4,0.02,1,15,2,0,1,1,0,1,5,7,0.7101161014181308
9687,1374.06,0,180,-11.9,0.02,0,16,1,0,1,1,0,4,12,9,0.3195681766283357
9688,1374.53,3,357,-13.4,0.02,3,25,3,0,1,1,0,10,42,27,0.5177120970235728
9689,1374.77,1,209,2.6,0.02,1,28,2,0,1,1,0,3,17,15,0.4120047051756046
9690,1374.85,3,71,18.9,0.02,3,19,3,0,1,1,0,2,9,10,0.6327203727425201
9691,1375.16,3,226,5.2,0.02,3,25,3,0,1,1,0,6,28,12,0.43874293659865243
9692,1375.24,0,93,-7.9,0.02,0,8,0,0,1,1,0,1,6,6,0.4590465339193618
9693,1375.28,1,44,0.9,0.02,1,6,1,0,1,1,0,0,5,7,0.7037572753033022
9694,1375.43,0,141,-5.2,0.02,0,17,0,0,1,1,0,1,19,21,0.3356120950140888
9695,1375.65,3,263,10.6,0.02,3,36,3,0,1,1,0,6,25,31,0.46265980461376477
9696,1376.4,2,400,-16.6,0.02,2,21,3,0,0,0,1,6,53,15,0.3019401676748783
9697,1376.69,2,318,-21.8,0.02,2,18,2,0,1,1,0,11,41,20,0.34515035964907426
9698,1377.11,4,383,2.7,0.02,4,34,4,0,1,1,0,5,50,30,0.3700620719908912
9699,1377.13,0,20,1.6,0.02,0,10,0,0,1,1,0,1,3,4,0.6083169674032366
9700,1377.23,2,103,7.1,0.02,2,19,1,0,1,1,0,6,13,6,0.6477905354146558
9701,1377.23,0,6,-3.9,0.02,0,2,0,0,1,1,0,0,1,3,0.16184429771018793
9702,1377.37,2,111,18.3,0.02,2,26,2,0,1,1,0,0,12,16,0.6872059177245511
9703,1377.94,1,400,-21.1,0.02,1,19,1,0,0,0,1,3,52,20,0.29999345150224616
9704,1378.0,0,53,-5.9,0.02,0,6,0,0,1,1,0,1,2,6,0.34465630830739447
9705,1378.4,2,347,-4.0,0.02,2,33,2,0,1,1,0,5,41,23,0.3585202748184246
9706,1378.72,1,343,-24.9,0.02,1,26,1,0,1,1,0,13,42,36,0.37150875385069276
9707,1379.07,0,312,-23.5,0.02,0,26,0,0,1,1,0,11,33,23,0.3068080296783028
9708,1379.08,0,6,-3.7,0.02,0,2,0,0,1,1,0,0,1,1,0.49553662548420147
9709,1379.36,2,400,-9.4,0.02,2,34,3,0,0,0,1,10,38,33,0.37193301533760215
9710,1379.37,0,14,-1.8,0.02,0,5,0,0,1,1,0,0,2,4,0.40594121945054645
9711,1379.46,9,111,26.6,0.02,4,24,3,1,1,1,0,0,14,13,0.6780754217722478
9712,1379.59,5,105,28.4,0.02,5,25,4,0,0,1,0,5,12,11,0.739213924986167
9713,1379.96,1,375,-30.3,0.02,1,11,0,0,1,1,0,2,35,18,0.2968270866412113
9714,1380.31,1,261,-12.5,0.02,1,20,0,0,1,1,0,5,30,14,0.2800761995020799
9715,1380.35,2,47,14.0,0.02,2,15,3,0,1,1,0,1,5,3,0.5686868314226096
9716,1380.5,1,135,-0.8,0.02,1,18,1,0,1,1,0,4,16,13,0.5015176788160848
9717,1380.62,0,112,-11.5,0.02,0,8,0,0,0,1,0,3,5,3,0.5750505591254627
9718,1380.68,2,68,21.1,0.02,2,26,2,0,1,1,0,2,9,11,0.6707753268377917
9719,1381.16,6,400,-8.9,0.02,1,34,0,1,0,0,1,5,53,28,0.3169054901516325
9720,1381.3,0,137,-12.3,0.02,0,11,0,0,1,1,0,4,14,6,0.30746265548045193
9721,1381.37,2,71,4.9,0.02,2,11,2,0,1,1,0,3,8,10,0.6340518357681734
9722,1381.38,0,7,-5.9,0.02,0,2,1,0,1,1,0,2,1,2,0.21799747761249538
9723,1381.39,1,25,3.0,0.02,1,7,1,0,1,1,0,1,3,5,0.9226408922923212
9724,1381.55,0,140,-12.6,0.02,0,9,0,0,1,1,0,2,4,6,0.3078771283853171
9725,1381.66,2,106,4.6,0.02,2,15,2,0,1,1,0,4,12,8,0.6054613902984557
9726,1381.71,1,59,9.7,0.02,1,19,2,0,1,1,0,3,8,4,0.5278750102150591
9727,1382.18,1,373,-33.7,0.02,1,16,1,0,1,1,0,10,47,24,0.3158030565094883
9728,1382.24,2,59,13.7,0.02,2,16,2,0,1,1,0,1,6,4,0.7778378732877448
9729,1382.66,2,330,-13.0,0.02,2,28,2,0,1,1,0,11,35,20,0.3556376157476472
9730,1382.76,1,92,8.1,0.02,1,21,2,0,1,1,0,3,12,7,0.5708293003649065
9731,1383.14,3,400,-12.5,0.02,3,23,1,0,0,0,1,7,42,34,0.3494172587087809
9732,1383.48,2,391,-19.3,0.02,2,20,1,0,0,1,0,3,20,22,0.3004434376618501
9733,1383.67,2,258,-1.0,0.02,2,27,3,0,1,1,0,5,35,22,0.4547036734241907
9734,1383.67,0,6,-3.6,0.02,0,3,0,0,1,1,0,1,1,0,0.32611872011839566
9735,1383.71,1,49,3.6,0.02,1,11,0,0,1,1,0,1,6,15,0.9489349581925012
9736,1383.73,0,23,0.5,0.02,0,9,1,0,1,1,0,1,3,2,0.4852646920532289
9737,1383.88,0,144,-9.7,0.02,0,12,0,0,1,1,0,1,14,13,0.46863217043624544
9738,1384.3,0,290,-25.3,0.02,0,20,0,0,1,1,0,9,35,23,0.3173850628180175
9739,1384.63,1,400,-40.1,0.02,1,21,1,0,0,0,1,22,54,40,0.46719639308567207
9740,1385.1,1,400,-13.5,0.02,1,33,2,0,0,0,1,8,36,34,0.32117777793244173
9741,1385.19,1,99,3.6,0.02,1,17,1,0,1,1,0,2,9,15,0.5919767080629607
9742,1385.3,1,117,-1.7,0.02,1,15,0,0,1,1,0,4,11,10,0.4283286646338806
9743,1385.34,0,53,7.0,0.02,0,19,0,0,1,1,0,1,7,7,0.6900225189820745
9744,1385.36,1,26,5.8,0.02,1,9,1,0,1,1,0,0,3,6,0.8175155777031912
9745,1385.84,4,400,-0.2,0.02,4,33,2,0,0,0,1,9,47,41,0.4768794100219324
9746,1386.1,3,400,-2.0,0.02,3,35,4,0,0,0,1,9,45,29,0.4917506321524746
9747,1386.24,1,184,12.1,0.02,1,36,0,0,1,1,0,3,21,25,0.4069833493452209
9748,1386.82,2,361,-7.5,0.02,2,34,2,0,1,1,0,7,45,34,0.42952008508412964
9749,1387.09,0,255,-22.7,0.02,0,18,1,0,0,1,0,8,26,22,0.3479752507914593
9750,1387.43,9,400,-3.0,0.02,4,32,3,1,0,0,1,12,41,29,0.43001959021073105
9751,1387.6,3,196,9.8,0.02,3,27,4,0,1,1,0,4,20,36,0.526101412749792
9752,1387.71,2,105,8.7,0.02,2,20,2,0,1,1,0,5,8,8,0.5464127744381465
9753,1388.16,3,400,-7.2,0.02,3,32,3,0,0,0,1,11,33,31,0.4081214591955569
9754,1388.26,0,109,-2.5,0.02,0,16,0,0,1,1,0,2,13,6,0.5140362807668458
9755,1388.56,2,256,-1.6,0.02,2,28,2,0,1,1,0,6,27,30,0.42936804000724654
9756,1388.65,1,106,13.5,0.02,1,25,2,0,1,1,0,0,12,9,0.5787866538184873
9757,1388.67,0,24,-1.7,0.02,0,7,0,0,1,1,0,1,3,3,0.34637030729423185
9758,1389.01,8,380,-15.5,0.02,3,26,3,1,1,1,0,11,44,25,0.3737640026071149
9759,1389.11,1,98,9.2,0.02,1,21,2,0,1,1,0,1,10,10,0.5818048352151125
9760,1389.29,0,236,-9.2,0.02,0,27,0,0,1,1,0,5,25,26,0.3680376885144859
9761,1389.63,3,355,5.2,0.02,3,40,3,0,1,1,0,5,42,43,0.417386586222085
9762,1389.71,3,86,19.5,0.02,3,21,1,0,1,1,0,2,8,9,0.6555878529190019
9763,1389.75,2,43,9.6,0.02,2,10,2,0,1,1,0,1,5,1,1.0017738147187427
9764,1389.76,0,13,-4.3,0.02,0,5,0,0,1,1,0,3,2,0,0.4607450203415234
9765,1389.98,3,178,23.7,0.02,3,38,3,0,1,1,0,4,19,25,0.5243933159816884
9766,1390.3,1,283,-23.4,0.02,1,21,0,0,1,1,0,14,28,21,0.4786250692116134
9767,1390.62,8,320,-2.4,0.02,3,33,2,1,1,1,0,9,37,44,0.4287271598864487
9768,1390.74,2,106,2.6,0.02,2,12,1,0,1,1,0,3,11,8,0.5499083371125496
9769,1391.22,2,400,-17.0,0.02,2,31,3,0,0,0,1,14,38,39,0.44961855729873834
9770,1391.41,0,227,-24.0,0.02,0,13,0,0,1,1,0,8,15,13,0.31088058641953425
9771,1391.59,3,166,5.6,0.02,3,19,1,0,1,1,0,5,14,18,0.5377644023339475
9772,1391.72,3,131,16.9,0.02,3,23,3,0,1,1,0,2,11,10,0.45833345658321084
9773,1392.12,0,400,-30.7,0.02,0,25,0,0,0,0,1,11,45,46,0.38062237202575105
9774,1392.3,7,211,12.4,0.02,2,36,2,1,1,1,0,5,25,25,0.4568277667316061
9775,1392.53,2,242,2.5,0.02,2,32,3,0,1,1,0,8,21,23,0.4318170747664444
9776,1392.75,4,400,-6.7,0.02,4,21,3,0,0,0,1,5,45,26,0.3703772926298718
9777,1393.05,7,400,-20.9,0.02,2,22,5,1,0,0,1,9,40,38,0.3585888108664175
9778,1393.24,3,176,-6.2,0.02,3,11,1,0,1,1,0,8,12,16,0.4182602537134725
9779,1393.33,2,91,15.8,0.02,2,23,1,0,1,1,0,2,9,11,0.6075956487626635
9780,1393.42,2,100,22.6,0.02,2,32,3,0,1,1,0,3,13,14,0.6879648090325593
9781,1393.6,3,241,4.0,0.02,3,22,3,0,1,1,0,2,20,19,0.38649533762392696
9782,1393.78,12,190,-2.6,0.02,2,21,2,2,1,1,0,7,17,26,0.4202195956549492
9783,1394.0,4,255,15.5,0.02,4,32,3,0,0,1,0,3,26,30,0.3697701559080485
9784,1394.25,2,260,-3.5,0.02,2,26,1,0,1,1,0,6,25,25,0.4373409188151514
9785,1394.32,6,78,2.0,0.02,1,14,0,1,1,1,0,3,9,12,0.5675182162702095
9786,1394.49,3,165,24.2,0.02,3,36,2,0,1,1,0,3,20,23,0.485738136244389
9787,1394.74,3,338,7.0,0.02,3,41,2,0,1,1,0,7,35,32,0.45999370428546915
9788,1394.74,0,6,-3.8,0.02,0,3,0,0,1,1,0,1,1,2,0.5312211108380006
9789,1394.83,0,81,2.0,0.02,0,18,1,0,1,1,0,2,9,9,0.5361616616436226
9790,1395.21,3,229,-9.9,0.02,3,10,2,0,1,1,0,6,11,10,0.3381199170811966
9791,1395.33,2,116,5.7,0.02,2,17,3,0,1,1,0,4,9,7,0.4698306810294476
9792,1395.5,0,176,-12.2,0.02,0,15,1,0,1,1,0,4,14,6,0.38208801691402083
9793,1395.56,2,75,5.4,0.02,2,12,2,0,1,1,0,3,9,11,0.5645578256755961
9794,1395.57,0,5,-1.8,0.02,0,4,0,0,1,1,0,0,1,3,3.031448416362211
9795,1395.61,1,48,9.7,0.02,1,16,1,0,1,1,0,1,6,5,0.8188732411402954
9796,1395.75,3,127,10.7,0.02,3,20,2,0,1,1,0,5,14,16,0.6531254630037981
9797,1396.07,8,294,14.1,0.02,3,44,3,1,1,1,0,7,34,35,0.45901571381174455
9798,1396.19,1,112,2.1,0.02,1,18,1,0,1,1,0,3,13,17,0.5170685767377171
9799,1396.52,2,348,-12.7,0.02,2,28,1,0,0,1,0,7,36,39,0.38983345431130595
9800,1396.65,1,119,4.8,0.02,1,20,1,0,1,1,0,2,11,13,0.5404361386834358
9801,1396.9,2,217,-1.2,0.02,2,19,1,0,1,1,0,2,24,15,0.43132122815736923
9802,1396.9,0,5,-4.5,0.02,0,1,0,0,1,1,0,0,1,0,0.5836876657624787
9803,1397.26,1,255,-19.4,0.02,1,16,0,0,1,1,0,8,22,19,0.37854534333166195
9804,1397.65,2,400,-3.9,0.02,2,39,2,0,0,0,1,8,39,48,0.4624661667958087
9805,1398.0,4,331,-1.6,0.02,4,22,4,0,0,1,0,3,17,25,0.3423636190500098
9806,1398.1,0,130,-10.4,0.02,0,10,1,0,1,1,0,2,15,4,0.5892180388146177
9807,1398.55,5,400,-6.5,0.02,5,25,5,0,0,0,1,12,41,44,0.41585729258782167
9808,1398.6,1,50,2.7,0.02,1,9,1,0,1,1,0,1,6,3,0.6090005513335404
9809,1398.87,3,400,-11.3,0.02,3,34,3,0,0,0,1,17,47,32,0.5291934916063825
9810,1398.89,0,21,1.2,0.02,0,9,0,0,1,1,0,0,3,7,0.525571117567078
9811,1398.89,0,6,-4.6,0.02,0,2,0,0,1,1,0,1,1,0,0.25538078450310503
9812,1399.01,2,119,-1.5,0.02,2,9,1,0,1,1,0,3,8,6,0.3671101280341559
9813,1399.2,9,218,22.1,0.02,4,37,4,1,1,1,0,6,21,21,0.5284379878415489
9814,1399.21,0,6,-4.6,0.02,0,2,0,0,1,1,0,1,1,0,0.5091860391980227
9815,1399.25,1,45,10.4,0.02,1,17,2,0,1,1,0,1,6,11,0.7215260965743048
9816,1399.61,8,268,7.7,0.02,3,33,3,1,1,1,0,6,29,25,0.4560108313130108
9817,1399.75,2,131,7.7,0.02,2,22,0,0,1,1,0,4,15,22,0.5780227737684043
9818,1399.8,1,54,9.9,0.02,1,18,1,0,1,1,0,2,7,7,0.566336967365804
9819,1399.9,6,117,-1.5,0.02,1,18,1,1,1,1,0,6,14,18,0.5724720923892412
9820,1400.17,1,237,-11.6,0.02,1,16,1,0,1,1,0,2,26,19,0.3814211590218287
9821,1400.25,0,76,-0.7,0.02,0,15,0,0,1,1,0,2,10,11,0.35099800475534043
9822,1400.34,4,140,16.9,0.02,4,19,3,0,1,1,0,2,8,11,0.509216008631809
9823,1400.35,0,20,1.6,0.02,0,10,2,0,1,1,0,1,3,4,0.5478457321663034
9824,1400.44,2,160,6.6,0.02,2,25,3,0,1,1,0,6,14,14,0.46050401275639813
9825,1400.45,1,17,6.0,0.02,1,8,1,0,1,1,0,0,2,3,1.3113221885874888
9826,1400.57,1,116,-6.5,0.02,1,11,2,0,1,1,0,5,14,9,0.541645372968463
9827,1400.9,2,299,5.5,0.02,2,39,1,0,1,1,0,6,23,26,0.38142204393422663
9828,1400.94,0,38,0.7,0.02,0,10,0,0,1,1,0,0,5,5,0.46997142159880134
9829,1400.97,1,40,4.3,0.02,1,10,0,0,1,1,0,1,5,7,0.8341236038281302
9830,1401.01,1,36,2.5,0.02,1,9,1,0,1,1,0,2,5,9,0.6649318706324283
9831,1401.32,2,221,15.6,0.02,2,36,2,0,1,1,0,1,22,23,0.3908927692443623
9832,1401.45,3,124,17.7,0.02,3,26,4,0,1,1,0,4,14,19,0.581138242144695
9833,1401.46,0,20,1.5,0.02,0,10,1,0,1,1,0,1,3,5,0.7001516896423468
9834,1402.04,5,378,-24.4,0.02,0,34,0,1,1,1,0,12,38,36,0.4457679070523577
9835,1402.27,4,198,15.8,0.02,4,24,3,0,1,1,0,2,16,14,0.4592163170605185
9836,1402.34,1,66,13.3,0.02,1,21,3,0,1,1,0,0,8,11,0.45959282007636004
9837,1402.58,6,367,7.1,0.02,6,31,3,0,0,0,1,14,45,31,0.6072200795192844
9838,1402.58,0,6,-3.8,0.02,0,3,0,0,1,1,0,1,1,2,0.3115956709063499
9839,1403.05,0,400,-22.8,0.02,0,26,0,0,0,0,1,4,40,47,0.3898060570581767
9840,1403.34,4,269,4.7,0.02,4,26,3,0,1,1,0,7,26,24,0.4569284009937454
9841,1403.64,7,400,-14.9,0.02,2,34,3,1,0,0,1,15,44,38,0.43532147939932114
9842,1403.69,0,45,5.0,0.02,0,16,0,0,1,1,0,1,6,5,0.575140002624049
9843,1403.88,2,118,3.2,0.02,2,13,1,0,1,1,0,2,10,10,0.41488055725945167
9844,1404.32,7,400,-21.0,0.02,2,23,2,1,0,0,1,10,42,39,0.40733611688996496
9845,1404.34,1,27,4.7,0.02,1,10,1,0,1,1,0,2,3,6,0.9681244850403594
9846,1404.6,3,400,0.3,0.02,3,36,4,0,0,0,1,8,39,26,0.4611675332588442
9847,1404.73,4,173,26.1,0.02,4,30,2,0,1,1,0,0,19,16,0.6471882290578891
9848,1404.75,2,17,8.2,0.02,2,5,2,0,1,1,0,0,2,1,0.8149003858505759
9849,1404.82,1,75,7.5,0.02,1,19,1,0,1,1,0,3,8,10,0.566493615267215
9850,1404.9,1,81,9.2,0.02,1,20,0,0,1,1,0,2,7,7,0.6598460320608518
9851,1405.02,4,302,-2.0,0.02,4,18,0,0,1,1,0,4,34,8,0.34664752246193187
9852,1405.08,0,59,-2.3,0.02,0,11,0,0,0,1,0,2,7,4,0.5284409343949446
9853,1405.17,1,89,-3.8,0.02,1,7,1,0,1,1,0,1,7,9,0.37033762681125415
9854,1405.25,2,79,11.0,0.02,2,18,2,0,1,1,0,3,7,11,0.6503581545480371
9855,1405.26,1,17,5.8,0.02,1,8,1,0,1,1,0,0,2,5,1.3126631596017901
9856,1405.35,0,106,-10.4,0.02,0,7,1,0,1,1,0,1,5,8,0.32739500482043277
9857,1405.66,5,344,-32.4,0.02,0,21,1,1,1,1,0,11,41,30,0.39831446268212284
9858,1405.89,4,214,5.2,0.02,4,23,3,0,0,1,0,10,24,14,0.5619824972713086
9859,1405.92,1,33,6.3,0.02,1,12,0,0,1,1,0,2,4,4,0.8226652563645099
9860,1405.98,0,59,0.8,0.02,0,15,0,0,1,1,0,3,8,3,0.4126847926432556
9861,1406.11,1,123,0.9,0.02,1,19,0,0,1,1,0,5,16,8,0.5371750544437065
9862,1406.4,4,195,19.0,0.02,4,28,1,0,1,1,0,3,19,15,0.43988539088201495
9863,1406.48,1,75,5.1,0.02,1,14,1,0,1,1,0,0,10,14,0.49568649311872
9864,1406.5,1,26,3.9,0.02,1,7,2,0,1,1,0,0,3,5,0.6755315107492457
9865,1406.64,4,140,16.0,0.02,4,21,4,0,1,1,0,5,16,10,0.5789497034934827
9866,1406.88,4,257,6.6,0.02,4,27,4,0,1,1,0,7,27,27,0.420497027875255
9867,1407.04,3,168,18.7,0.02,3,32,2,0,1,1,0,5,18,15,0.4932872589379774
9868,1407.11,2,79,22.4,0.02,2,28,2,0,1,1,0,2,10,7,0.6624546208008494
9869,1407.27,2,177,-1.4,0.02,2,14,2,0,1,1,0,2,15,7,0.3516341818514138
9870,1407.65,7,400,-15.8,0.02,2,27,3,1,0,0,1,9,46,37,0.36101262560187913
9871,1407.71,1,67,6.5,0.02,1,16,0,0,1,1,0,2,7,8,0.6548077718199304
9872,1408.07,1,400,-25.4,0.02,1,30,1,0,0,0,1,16,45,43,0.42642292101340756
9873,1408.33,4,256,19.2,0.02,4,37,4,0,1,1,0,5,31,22,0.5161164792990591
9874,1408.76,8,400,-20.1,0.02,3,29,3,1,0,0,1,19,46,50,0.42236508045150895
9875,1409.02,3,281,14.9,0.02,3,41,3,0,1,1,0,6,29,20,0.4327932909284636
9876,1409.47,2,400,-0.7,0.02,2,39,2,0,0,0,1,5,37,46,0.36434493690697684
9877,1409.65,7,199,5.3,0.02,2,25,1,1,1,1,0,3,20,18,0.4963556234163738
9878,1410.23,2,400,-9.6,0.02,2,32,2,0,0,0,1,9,40,25,0.35820697564390724
9879,1410.24,0,21,-1.8,0.02,0,7,1,0,1,1,0,1,3,7,0.41546210402836625
9880,1410.37,3,400,4.7,0.02,3,35,4,0,0,0,1,3,20,22,0.3398958702669515
9881,1410.45,0,96,2.6,0.02,0,23,0,0,0,1,0,5,12,8,0.5958198939248223
9882,1410.54,1,113,12.2,0.02,1,26,1,0,1,1,0,1,14,15,0.4178571147003355
9883,1410.56,0,28,7.8,0.02,0,16,0,0,1,1,0,0,4,4,0.6383599995356085
9884,1410.86,2,247,11.2,0.02,2,38,2,0,1,1,0,4,28,31,0.36119195212556454
9885,1410.95,0,97,1.4,0.02,0,20,0,0,1,1,0,3,11,9,0.6846803497147029
9886,1411.14,3,232,9.6,0.02,3,29,3,0,1,1,0,4,24,22,0.3919109627787368
9887,1411.2,0,65,-5.8,0.02,0,9,0,0,1,1,0,3,8,3,0.6639170806712767
9888,1411.3,3,190,14.8,0.02,3,29,2,0,1,1,0,3,21,22,0.30229088044142666
9889,1411.33,1,32,4.6,0.02,1,8,1,0,1,1,0,0,4,2,0.7112123461222244
9890,1411.43,3,128,10.2,0.02,3,18,1,0,1,1,0,4,14,10,0.6649856462923561
9891,1411.57,2,127,0.6,0.02,2,11,1,0,0,1,0,2,6,7,0.4760979932176787
9892,1411.62,1,49,4.6,0.02,1,11,1,0,1,1,0,1,6,5,0.5009387015752567
9893,1411.63,1,17,5.1,0.02,1,8,1,0,1,1,0,1,2,2,0.7661232482180466
9894,1411.78,0,133,2.6,0.02,0,25,1,0,1,1,0,3,15,11,0.4558409081604914
9895,1411.87,1,85,15.0,0.02,1,25,2,0,1,1,0,1,11,5,0.6641756632919039
9896,1411.93,2,71,7.1,0.02,2,13,2,0,1,1,0,3,8,8,0.6753171847757101
9897,1412.06,2,137,8.7,0.02,2,22,2,0,1,1,0,3,16,16,0.44384972931244093
9898,1412.07,0,22,-0.7,0.02,0,9,0,0,1,1,0,2,3,5,1.0298282125556106
9899,1412.13,2,66,13.5,0.02,2,18,2,0,1,1,0,2,8,9,0.6617640036315869
9900,1412.18,0,48,-4.1,0.02,0,9,0,0,1,1,0,3,4,3,0.501663744807979
9901,1412.47,4,324,-6.1,0.02,4,21,3,0,1,1,0,7,25,27,0.4799125842946312
9902,1412.49,0,21,1.5,0.02,0,10,0,0,1,1,0,1,3,4,0.541950004077904
9903,1412.56,1,70,20.0,0.02,1,30,1,0,1,1,0,2,9,10,0.8350602247829589
9904,1412.64,0,76,0.0,0.02,0,15,1,0,1,1,0,2,7,4,0.5481224207904463
9905,1412.87,2,227,7.1,0.02,2,30,2,0,1,1,0,3,19,22,0.38109577123574107
9906,1412.88,0,21,-1.4,0.02,0,10,1,0,1,1,0,4,3,3,1.0069234527976714
9907,1413.13,1,400,-9.7,0.02,1,35,1,0,0,0,1,7,36,26,0.36324688885187667
9908,1413.16,1,30,4.2,0.02,1,10,2,0,1,1,0,2,4,8,0.8570401543350248
9909,1413.18,0,21,0.2,0.02,0,9,0,0,1,1,0,1,3,7,0.506177367235234
9910,1413.46,3,285,-8.9,0.02,3,23,1,0,1,1,0,11,28,24,0.4176146220129367
9911,1413.76,2,366,-9.2,0.02,2,37,4,0,1,1,0,11,45,36,0.3740196140223572
9912,1413.92,2,161,15.4,0.02,2,29,2,0,1,1,0,1,15,15,0.4505781366948954
9913,1413.93,0,14,-1.8,0.02,0,5,0,0,1,1,0,0,2,4,0.4252427761368584
9914,1414.02,1,101,9.2,0.02,1,23,1,0,1,1,0,3,10,7,0.5637525381064126
9915,1414.31,1,274,-10.5,0.02,1,27,1,0,1,1,0,8,25,21,0.39741850854742927
9916,1414.35,1,42,8.3,0.02,1,14,1,0,1,1,0,1,5,5,0.7377083380344053
9917,1414.76,2,307,-12.8,0.02,2,24,1,0,1,1,0,8,33,31,0.3763622491586234
9918,1414.93,3,400,6.2,0.02,3,44,1,0,0,0,1,11,25,17,0.37934833843930765
9919,1415.34,6,400,-27.9,0.02,1,18,1,1,0,0,1,9,35,18,0.32724561101279676
9920,1415.36,0,21,0.3,0.02,0,8,0,0,1,1,0,0,3,6,0.421171182038747
9921,1415.62,0,303,-20.8,0.02,0,26,0,0,1,1,0,10,34,15,0.39642561297217677
9922,1415.68,1,66,8.9,0.02,1,18,1,0,1,1,0,2,7,5,0.6777368157658865
9923,1415.8,1,122,0.4,0.02,1,16,1,0,1,1,0,3,9,4,0.5070507581198337
9924,1416.02,1,169,1.9,0.02,1,23,0,0,1,1,0,2,20,22,0.3581800117307055
9925,1416.16,3,135,18.7,0.02,3,25,3,0,1,1,0,1,16,18,0.5101997724621609
9926,1416.63,8,400,2.3,0.02,3,41,3,1,0,0,1,8,47,56,0.3746195793992443
9927,1417.19,2,400,-23.7,0.02,2,21,3,0,0,0,1,12,44,26,0.3281565232494991
9928,1417.34,2,150,-1.5,0.02,2,15,1,0,1,1,0,5,19,15,0.5067362407279933
9929,1417.37,1,39,8.6,0.02,1,14,1,0,1,1,0,1,5,5,0.564676487934443
9930,1417.49,3,154,22.9,0.02,3,32,3,0,1,1,0,2,19,17,0.4757540424247335
9931,1417.56,0,65,0.5,0.02,0,15,1,0,1,1,0,2,8,10,0.5739954812517909
9932,1417.73,4,171,32.3,0.02,4,39,5,0,0,1,0,3,20,16,0.5399125868596674
9933,1417.75,1,26,4.9,0.02,1,9,2,0,1,1,0,1,3,5,0.5796518624188198
9934,1417.86,3,142,10.0,0.02,3,17,1,0,1,1,0,2,13,8,0.5082115921258349
9935,1417.9,0,38,-1.3,0.02,0,8,0,0,1,1,0,0,5,5,0.41100896223927125
9936,1418.09,7,267,-0.3,0.02,2,27,2,1,1,1,0,4,23,16,0.3847436457023904
9937,1418.24,1,135,-6.7,0.02,1,12,1,0,1,1,0,4,11,12,0.4493495950765664
9938,1418.26,1,29,6.4,0.02,1,11,1,0,1,1,0,1,4,7,0.8246980763510056
9939,1418.69,1,400,-29.7,0.02,1,22,0,0,0,0,1,14,47,26,0.41970728646403604
9940,1418.91,2,184,25.7,0.02,2,45,2,0,1,1,0,4,21,19,0.506443825582463
9941,1418.99,2,84,20.6,0.02,2,27,2,0,1,1,0,2,10,10,0.8334857875381635
9942,1419.12,1,135,-1.8,0.02,1,17,1,0,0,1,0,4,11,13,0.38079311246237485
9943,1419.33,1,190,2.6,0.02,1,27,1,0,0,1,0,4,20,14,0.4814721827487038
9944,1419.5,7,211,4.8,0.02,2,23,2,1,1,1,0,1,15,11,0.36828143299969845
9945,1419.6,2,121,13.5,0.02,2,23,1,0,0,1,0,1,12,14,0.43726249687686913
9946,1419.93,1,376,-7.9,0.02,1,38,1,0,1,1,0,5,43,33,0.39801536617394867
9947,1420.03,1,122,2.7,0.02,1,20,0,0,1,1,0,4,14,11,0.4749982501663618
9948,1420.08,1,55,9.6,0.02,1,17,1,0,1,1,0,1,7,9,0.6525914873543199
9949,1420.21,1,115,-6.6,0.02,1,6,1,0,0,1,0,1,9,1,0.4927897178611333
9950,1420.23,0,22,0.6,0.02,0,9,0,0,1,1,0,1,3,2,1.0082187928968167
9951,1420.43,1,166,-3.5,0.02,1,20,1,0,0,1,0,6,14,9,0.4060113477521988
9952,1420.58,5,133,-3.0,0.02,0,18,0,1,1,1,0,2,14,7,0.3306306938575236
9953,1420.8,2,178,10.1,0.02,2,28,1,0,1,1,0,4,18,11,0.488303658366147
9954,1420.89,3,114,31.4,0.02,3,35,3,0,1,1,0,1,12,12,0.6845122581967251
9955,1420.95,2,59,12.7,0.02,2,16,2,0,1,1,0,2,7,4,0.797191887773506
9956,1421.23,0,328,-11.6,0.02,0,33,1,0,1,1,0,4,39,28,0.39372053793797507
9957,1421.39,2,148,3.3,0.02,2,16,3,0,1,1,0,2,10,9,0.35629355733237894
9958,1421.54,4,144,27.2,0.02,4,29,2,0,1,1,0,1,15,14,0.5476559176129956
9959,1421.56,1,32,10.4,0.02,1,14,2,0,1,1,0,0,4,4,0.6959062724980976
9960,1421.65,1,93,9.7,0.02,1,21,1,0,1,1,0,1,10,10,0.5235205646873432
9961,1421.68,2,53,14.3,0.02,2,17,3,0,1,1,0,2,7,4,0.7030850578893316
9962,1421.78,11,110,12.9,0.02,1,31,0,2,0,1,0,6,14,11,0.6445857498473418
9963,1422.12,2,317,-14.4,0.02,2,19,3,0,1,1,0,5,17,17,0.28876149552591024
9964,1422.54,6,400,12.1,0.02,6,34,6,0,0,0,1,8,43,38,0.4054461916502019
9965,1422.69,2,186,14.3,0.02,2,29,1,0,1,1,0,0,15,11,0.38330973191764073
9966,1422.84,1,191,-6.1,0.02,1,19,2,0,1,1,0,5,10,10,0.31490865593154377
9967,1422.85,0,22,-3.2,0.02,0,5,1,0,1,1,0,1,3,0,0.5073585749990408
9968,1422.87,1,31,7.5,0.02,1,12,1,0,1,1,0,1,4,4,0.625375083265567
9969,1422.97,0,110,-0.7,0.02,0,18,0,0,1,1,0,2,11,7,0.5968033586832463
9970,1423.12,1,165,5.5,0.02,1,30,2,0,0,1,0,6,19,20,0.3705310844070246
9971,1423.2,1,110,-4.4,0.02,1,12,1,0,1,1,0,5,6,4,0.4350876758226289
9972,1423.27,0,72,6.2,0.02,0,20,0,0,1,1,0,1,9,6,0.479531068500241
9973,1423.5,6,400,7.5,0.02,6,26,3,0,0,0,1,6,47,24,0.3773979639542769
9974,1423.92,1,400,-22.2,0.02,1,19,1,0,0,0,1,4,43,21,0.306112883921938
9975,1423.98,0,77,3.8,0.02,0,20,0,0,1,1,0,3,9,5,0.6509598127869963
9976,1424.05,0,83,8.9,0.02,0,23,2,0,1,1,0,0,11,8,0.45215028983077665
9977,1424.25,8,299,2.1,0.02,3,34,3,1,1,1,0,9,36,30,0.3978813462468355
9978,1424.42,2,170,4.7,0.02,2,25,2,0,1,1,0,6,19,23,0.4098050242053313
9979,1424.94,3,400,10.5,0.02,3,43,3,0,0,0,1,5,51,24,0.33693334264035846
9980,1425.19,2,321,-7.4,0.02,2,35,3,0,1,1,0,13,43,23,0.3698312626038304
9981,1425.78,1,354,-16.0,0.02,1,26,1,0,1,1,0,5,47,16,0.31060836042764595
9982,1425.88,0,90,-2.5,0.02,0,13,0,0,1,1,0,1,7,5,0.47623360326641617
9983,1425.96,2,88,18.6,0.02,2,29,2,0,1,1,0,5,11,16,0.7276130558924234
9984,1426.06,1,104,8.7,0.02,1,23,1,0,1,1,0,2,13,19,0.4744520702523042
9985,1426.07,0,6,-3.9,0.02,0,2,0,0,1,1,0,0,1,3,0.4448917594097992
9986,1426.12,2,58,15.7,0.02,2,19,2,0,1,1,0,2,7,5,0.7786426142800037
9987,1426.76,3,400,-7.0,0.02,3,25,2,0,0,0,1,5,54,19,0.3642563493137548
9988,1426.84,1,95,6.4,0.02,1,18,1,0,1,1,0,1,12,11,0.456341038454253
9989,1426.98,3,205,14.8,0.02,3,31,4,0,1,1,0,4,24,17,0.5603016898526935
9990,1427.36,1,340,-24.5,0.02,1,18,0,0,1,1,0,5,46,35,0.3087932952364764
9991,1427.62,7,234,2.4,0.02,2,27,1,1,1,1,0,4,24,22,0.38329582558523434
9992,1427.66,1,46,1.3,0.02,1,6,1,0,1,1,0,0,4,1,0.42075847844202563
9993,1427.85,1,180,7.0,0.02,1,32,2,0,1,1,0,5,17,20,0.4452985204054385
9994,1427.89,1,53,11.4,0.02,1,19,2,0,1,1,0,2,7,3,0.7647178146874214
9995,1427.9,0,14,-1.4,0.02,0,5,1,0,1,1,0,0,2,0,0.548241626692382
9996,1427.95,0,55,3.9,0.02,0,16,0,0,0,1,0,1,7,6,0.5675181925937265
9997,1427.99,0,63,5.3,0.02,0,19,1,0,1,1,0,1,8,14,0.3974319140274085
9998,1428.44,1,400,-19.4,0.02,1,23,2,0,0,0,1,6,50,13,0.31644005306412787
9999,1428.75,2,400,-16.4,0.02,2,29,2,0,0,0,1,12,53,33,0.3974023476372884
10000,1428.84,1,89,8.2,0.02,1,19,1,0,1,1,0,1,10,9,0.4495197267074723
