episode,wall_clock_s,score,steps,reward,epsilon,COIN_COLLECTED,CRATE_DESTROYED,COIN_FOUND,KILLED_OPPONENT,KILLED_SELF,GOT_KILLED,SURVIVED_ROUND,INVALID_ACTION,BOMB_DROPPED,WAITED,td_error
1,0.05,0,24,0.7,0.2,0,11,0,0,1,1,0,5,3,3,1.0893006206559843
101,2.84,0,28,1.8,0.190244,0,10,0,0,1,1,0,3,4,2,0.9333522525855391
201,5.8,0,6,-3.0,0.180963,0,3,0,0,1,1,0,1,1,0,0.5572316093177037
301,9.04,0,30,0.8,0.172135,0,6,0,0,1,1,0,0,4,2,0.4905187068005871
401,11.9,1,44,12.3,0.163738,1,15,2,0,1,1,0,2,5,7,1.0093074215893159
501,15.34,1,84,15.4,0.15575,1,20,1,0,1,1,0,4,9,6,0.9903920164980742
601,18.57,2,82,13.1,0.148153,2,18,3,0,1,1,0,9,8,9,0.8457421904322813
701,21.93,1,54,15.2,0.140925,1,21,1,0,1,1,0,5,7,8,0.9885334261561666
801,26.49,2,74,14.8,0.134051,2,19,2,0,0,1,0,8,8,12,0.9952742181956485
901,30.8,0,21,1.8,0.127511,0,9,0,0,1,1,0,2,3,2,0.7867933822876155
1001,35.28,2,122,24.4,0.121291,2,34,3,0,1,1,0,13,13,16,0.8141108315930683
1101,39.14,8,204,30.3,0.115374,3,31,4,1,0,1,0,9,20,17,0.8097524279543986
1201,44.6,1,85,15.2,0.109746,1,19,2,0,1,1,0,3,10,8,0.6899474400686837
1301,49.16,0,43,1.6,0.104392,0,10,0,0,1,1,0,3,6,4,0.6397300169374327
1401,53.86,2,98,13.2,0.0993,2,17,2,0,1,1,0,8,10,8,0.87784534306564
1501,60.04,1,82,15.8,0.094456,1,21,1,0,1,1,0,4,8,12,0.8482926145850037
1601,67.19,1,126,2.4,0.089848,1,10,1,0,1,1,0,7,17,6,0.7328143457447925
1701,73.34,2,37,16.8,0.085465,2,14,2,0,1,1,0,2,5,2,0.7494857319698324
1801,78.68,1,23,7.8,0.081296,1,9,1,0,1,1,0,1,3,2,0.7478541691057904
1901,85.77,0,48,5.6,0.07733,0,13,1,0,1,1,0,2,6,4,0.4920509480106414
2001,93.82,0,29,3.6,0.073557,0,12,0,0,1,1,0,3,4,4,0.5638754577777378
2101,100.7,1,42,6.4,0.069969,1,9,2,0,1,1,0,2,6,6,0.5992841714354226
2201,108.33,5,164,50.5,0.066556,5,34,5,0,1,1,0,2,17,15,0.7146686822654538
2301,116.84,2,158,18.0,0.063309,2,21,3,0,1,1,0,7,17,10,0.6919696446063358
2401,124.43,0,5,-1.3,0.060221,0,4,0,0,1,1,0,0,1,3,2.06407556987819
2501,133.34,0,73,6.6,0.057283,0,15,0,0,1,1,0,3,8,4,0.6601624092108151
2601,145.2,0,6,-3.0,0.054489,0,3,0,0,1,1,0,1,1,0,0.38681108060026226
2701,154.37,2,77,17.4,0.051831,2,17,2,0,1,1,0,4,9,6,0.628257029315574
2801,163.61,8,269,27.8,0.049302,3,32,3,1,0,1,0,12,29,22,0.6197724324778452
2901,172.85,0,13,0.7,0.046897,0,6,0,0,1,1,0,0,2,3,0.48086449815901666
3001,184.54,2,161,19.1,0.044609,2,18,3,0,1,1,0,3,19,9,0.5691809628104029
3101,193.12,2,183,29.8,0.042433,2,30,3,0,1,1,0,4,19,12,0.7480658397279667
3201,203.96,3,82,35.1,0.040363,3,26,4,0,0,1,0,0,10,9,0.8666523401420031
3301,216.41,1,77,21.4,0.038394,1,25,2,0,1,1,0,3,10,6,1.0115005359905862
3401,227.62,1,43,15.5,0.036521,1,16,2,0,1,1,0,0,6,5,1.4104624676252742
3501,241.56,7,149,29.9,0.03474,2,27,1,1,1,1,0,1,16,11,0.6406741829025318
3601,253.85,2,53,18.5,0.033045,2,14,2,0,1,1,0,0,6,5,0.8653544491599949
3701,269.02,2,146,32.4,0.031433,2,31,2,0,1,1,0,2,17,16,0.49316380837061574
3801,283.84,2,400,22.1,0.0299,2,29,2,0,0,0,1,14,49,29,0.5459901880191205
3901,297.38,9,179,40.0,0.028441,4,31,1,1,1,1,0,4,18,20,0.6883505533485099
4001,312.43,1,262,30.6,0.027054,1,38,2,0,1,1,0,5,30,24,0.6041500303643047
4101,325.11,2,87,34.2,0.025734,2,32,2,0,0,1,0,2,10,8,0.8403906826624195
4201,338.45,1,74,13.5,0.024478,1,16,1,0,1,1,0,2,9,5,0.5249943283443715
4301,351.99,1,24,7.8,0.023284,1,9,1,0,1,1,0,1,3,2,0.684491409285997
4401,366.51,4,122,46.1,0.022148,4,37,4,0,1,1,0,4,15,19,0.5741794538697511
4501,381.97,2,275,37.9,0.021068,2,39,2,0,1,1,0,4,31,21,0.5041636179205073
4601,397.5,0,65,10.3,0.02004,0,17,0,0,1,1,0,1,8,7,0.531967656152122
4701,413.9,3,98,29.9,0.02,4,20,3,0,1,1,0,4,11,11,0.802527779486203
4801,433.4,11,332,50.1,0.02,6,34,6,1,1,1,0,7,34,19,0.5673531814971031
4901,451.27,0,89,15.3,0.02,0,22,1,0,1,1,0,1,11,7,0.7204329000976989
5001,468.41,7,167,29.9,0.02,2,29,1,1,1,1,0,3,19,11,0.6065014417044784
5101,484.79,3,204,37.6,0.02,3,32,4,0,1,1,0,3,23,14,0.6117149171129735
5201,500.07,7,400,24.7,0.02,2,31,1,1,0,0,1,13,50,33,0.6062349490205278
5301,517.48,1,55,14.2,0.02,1,15,1,0,1,1,0,0,7,8,0.7527569081794395
5401,533.64,3,156,37.1,0.02,3,28,2,0,1,1,0,0,17,9,0.5038961857159023
5501,550.49,0,164,30.3,0.02,0,40,0,0,0,1,0,3,20,17,0.7888065407550406
5601,567.29,2,279,36.7,0.02,2,39,2,0,1,1,0,5,33,23,0.5231954126713454
5701,583.68,0,6,-3.1,0.02,0,2,0,0,1,1,0,0,1,1,0.3261943471854496
5801,598.96,2,400,31.6,0.02,2,33,2,0,0,0,1,9,49,24,0.5771983525010858
5901,618.14,2,72,19.6,0.02,2,17,2,0,1,1,0,2,8,4,0.8055777984414596
6001,636.16,2,83,37.8,0.02,2,35,3,0,1,1,0,1,10,12,0.5934364813419212
6101,654.78,5,265,55.7,0.02,5,41,4,0,1,1,0,3,29,23,0.7066252404533842
6201,674.19,2,400,38.5,0.02,2,39,2,0,0,0,1,8,43,25,0.44804817187889684
6301,689.65,2,118,26.6,0.02,2,25,0,0,1,1,0,2,14,14,0.4450389917398432
6401,710.97,4,217,57.1,0.02,4,49,6,0,1,1,0,5,23,19,0.8438253644584445
6501,729.25,1,74,15.0,0.02,1,18,1,0,1,1,0,2,10,10,0.7396670392753892
6601,748.1,3,179,31.7,0.02,3,25,0,0,1,1,0,2,18,13,0.4904335889472105
6701,766.62,1,241,37.2,0.02,1,42,1,0,1,1,0,3,28,18,0.4697374951310596
6801,786.56,9,153,42.8,0.02,4,30,3,2,1,1,0,1,16,12,0.5845116708323069
6901,802.72,2,278,30.1,0.02,2,33,1,0,1,1,0,6,33,19,0.5150268135616155
7001,819.84,1,45,12.6,0.02,1,15,1,0,1,1,0,2,6,4,0.6591001922930144
7101,837.33,9,373,47.5,0.02,4,42,3,1,1,1,0,7,39,25,0.6485259940398446
7201,855.67,1,55,15.4,0.02,1,17,1,0,0,1,0,1,7,6,0.8446719543208443
7301,870.44,1,400,22.3,0.02,1,31,3,0,0,0,1,11,48,27,0.47211930658303
7401,888.04,2,71,23.6,0.02,2,21,2,0,1,1,0,2,9,4,0.580023389666443
7501,906.29,2,81,32.9,0.02,2,30,2,0,1,1,0,1,10,11,0.8518718558082297
7601,923.56,2,88,25.0,0.02,2,23,2,0,1,1,0,2,10,10,0.6197317291409625
7701,941.41,3,400,42.2,0.02,3,47,3,0,0,0,1,16,49,38,0.5019462745080765
7801,959.65,3,300,40.7,0.02,3,39,3,0,1,1,0,5,32,33,0.5931881596616738
7901,980.21,3,93,28.0,0.02,3,20,1,0,0,1,0,1,10,10,0.7977335426795045
8001,997.77,2,139,31.5,0.02,2,29,1,0,1,1,0,1,15,15,0.4908631235522952
8101,1015.21,4,216,37.4,0.02,4,31,2,0,1,1,0,7,20,16,0.6243556743154828
8201,1035.83,4,313,37.6,0.02,4,33,4,0,1,1,0,8,35,24,0.48951731698361806
8301,1054.69,0,29,9.6,0.02,0,15,0,0,1,1,0,0,4,4,1.3457020610678263
8401,1072.33,2,55,21.4,0.02,2,18,2,0,1,1,0,1,6,6,0.6932475489387584
8501,1089.5,0,27,1.6,0.02,0,8,0,0,1,1,0,1,4,4,0.5965998934468009
8601,1108.95,6,337,54.2,0.02,6,41,6,0,1,1,0,9,39,28,0.4945855175383312
8701,1126.9,1,140,35.6,0.02,1,37,2,0,1,1,0,0,16,14,0.42240506996827065
8801,1144.65,1,87,18.8,0.02,1,21,0,0,1,1,0,1,10,12,0.6833459332627593
8901,1159.28,6,293,15.5,0.02,1,29,1,1,1,1,0,11,30,25,0.6315398822629859
9001,1180.33,2,227,33.4,0.02,2,35,1,0,1,1,0,5,24,16,0.4407594228646745
9101,1199.1,4,400,36.5,0.02,4,51,4,0,0,0,1,31,49,35,0.698962675386418
9201,1218.64,3,92,27.7,0.02,3,22,3,0,1,1,0,3,11,13,0.8005728088647719
9301,1236.58,2,125,35.7,0.02,2,34,2,0,1,1,0,2,14,13,0.5667584822650393
9401,1255.8,2,273,31.8,0.02,2,36,1,0,1,1,0,6,31,32,0.4794213050417212
9501,1274.81,2,400,37.3,0.02,2,37,1,0,0,0,1,7,46,27,0.4245902941010302
9601,1293.12,0,7,-3.2,0.02,0,2,0,0,1,1,0,0,1,2,0.8082103443421839
9701,1311.16,0,47,10.5,0.02,0,18,0,0,1,1,0,2,6,5,0.7492411064820341
9801,1329.36,12,400,34.8,0.02,2,37,2,2,0,0,1,10,47,22,0.5200418967977569
9901,1348.17,6,380,15.5,0.02,1,26,1,1,1,1,0,9,40,15,0.3681928827010734
10001,1366.32,7,135,28.1,0.02,2,29,2,1,1,1,0,5,15,9,0.508759734431313
10101,1385.53,7,100,28.3,0.02,2,27,2,1,1,1,0,3,12,7,0.7056848015044238
10201,1402.59,6,378,59.6,0.02,6,42,6,0,1,1,0,5,39,24,0.3960223579524649
10301,1421.39,3,158,47.4,0.02,3,42,4,0,1,1,0,3,17,16,0.8523271368378341
10401,1439.17,2,400,36.9,0.02,2,37,2,0,0,0,1,7,48,31,0.4611718212142643
10501,1457.19,0,86,-4.1,0.02,0,5,0,0,1,1,0,4,3,1,0.6354831806661522
10601,1474.6,1,168,32.7,0.02,1,40,2,0,1,1,0,5,21,23,0.540010351495648
10701,1493.28,10,190,36.4,0.02,5,26,3,1,0,1,0,8,14,16,0.7709278820487974
10801,1512.2,2,148,28.8,0.02,2,27,2,0,1,1,0,2,14,12,0.6530444629450475
10901,1528.14,2,206,27.6,0.02,2,31,1,0,0,1,0,7,21,14,0.6590824489679027
11001,1544.87,0,28,7.8,0.02,0,14,0,0,1,1,0,1,4,2,0.6129415666996193
11101,1563.74,1,67,11.2,0.02,1,15,1,0,1,1,0,3,8,8,0.9477237573891671
11201,1582.2,3,169,33.2,0.02,3,32,2,0,1,1,0,7,18,18,0.5919231365339341
11301,1599.13,2,178,41.2,0.02,2,41,2,0,1,1,0,2,22,28,0.5590585960729927
11401,1616.09,4,122,42.8,0.02,4,32,3,0,1,1,0,3,13,12,0.7849592476773851
11501,1634.82,8,289,23.3,0.02,3,21,2,1,1,1,0,5,29,27,0.4007297166340127
11601,1652.43,3,115,37.0,0.02,3,29,3,0,1,1,0,1,12,10,0.5868633851950293
11701,1670.06,2,119,37.8,0.02,2,36,3,0,1,1,0,2,14,12,0.7131356533541907
11801,1685.05,1,84,18.1,0.02,1,19,1,0,1,1,0,0,10,9,0.4447270112217003
11901,1703.19,0,6,-3.0,0.02,0,3,0,0,1,1,0,1,1,0,0.5095889280728211
12001,1719.45,3,162,41.1,0.02,3,35,3,0,1,1,0,2,17,19,0.593420310911734
12101,1736.29,4,328,60.3,0.02,4,49,4,0,1,1,0,1,32,27,0.4424126894627748
12201,1754.63,5,400,65.6,0.02,5,55,5,0,0,0,1,11,38,34,0.5621051402986569
12301,1771.39,9,400,47.0,0.02,4,38,3,1,0,0,1,8,42,30,0.4884314494118581
12401,1790.86,5,150,46.8,0.02,5,31,4,0,1,1,0,3,13,12,0.6374096112574086
12501,1810.28,1,70,26.2,0.02,1,28,2,0,1,1,0,1,8,8,0.9145839888948948
12601,1827.87,6,400,41.9,0.02,1,54,1,1,0,0,1,13,47,41,0.4729353452892612
12701,1844.2,8,400,36.9,0.02,3,31,4,1,0,0,1,6,44,31,0.4442918707364837
12801,1863.55,2,129,29.0,0.02,2,27,2,0,1,1,0,2,14,10,0.5469111597505811
12901,1880.2,1,85,17.8,0.02,1,21,2,0,1,1,0,2,10,12,0.6309270742284907
13001,1898.77,2,294,28.1,0.02,2,34,2,0,1,1,0,8,31,29,0.44473488151356505
13101,1914.87,5,238,56.6,0.02,5,44,6,0,1,1,0,5,25,24,0.6290175533179697
13201,1931.44,0,6,-4.0,0.02,0,2,0,0,1,1,0,1,1,0,0.3139464668316096
13301,1953.3,2,111,23.1,0.02,2,22,1,0,0,1,0,3,12,9,0.6403043547528524
13401,1973.46,1,34,8.6,0.02,1,9,1,0,1,1,0,0,5,4,0.5989048146569965
13501,1988.83,2,95,27.7,0.02,2,26,3,0,1,1,0,2,11,13,0.7766053695989334
13601,2008.58,0,6,-4.0,0.02,0,2,0,0,1,1,0,1,1,0,0.33500069564963186
13701,2023.86,0,6,-4.0,0.02,0,2,0,0,1,1,0,1,1,0,0.2826529041651186
13801,2040.62,0,13,1.8,0.02,0,8,0,0,1,1,0,1,2,2,0.598801982299116
13901,2058.3,1,75,26.8,0.02,1,29,2,0,1,1,0,1,9,12,0.6436879947737024
14001,2076.48,0,86,17.8,0.02,0,25,1,0,0,1,0,1,11,12,0.800531938078765
14101,2094.58,7,212,36.7,0.02,2,37,1,1,1,1,0,3,20,23,0.41998024401982065
14201,2114.59,0,27,3.6,0.02,0,10,0,0,1,1,0,1,4,4,0.8944752628511371
14301,2130.15,2,218,41.5,0.02,2,41,2,0,0,1,0,2,21,25,0.3972131417476917
14401,2146.79,3,262,28.7,0.02,3,27,1,0,1,1,0,5,26,33,0.5341527723613942
14501,2164.05,3,123,33.5,0.02,3,28,3,0,0,1,0,3,13,15,0.6771857272307
14601,2182.11,0,400,16.2,0.02,0,33,0,0,0,0,1,12,41,48,0.45857444827899774
14701,2199.12,5,195,52.6,0.02,5,35,4,0,1,1,0,0,20,24,0.6063537022253113
14801,2216.32,0,238,15.9,0.02,0,33,0,0,1,1,0,9,25,31,0.6758397263070689
14901,2234.19,1,91,12.1,0.02,1,18,1,0,1,1,0,5,7,9,0.8990338893190212
15001,2251.38,4,110,34.8,0.02,4,22,2,0,1,1,0,1,11,12,0.6193346815197637
15101,2268.04,3,68,26.1,0.02,3,17,1,0,1,1,0,0,8,9,0.8031562819162067
15201,2283.68,5,117,46.8,0.02,5,31,4,0,1,1,0,3,11,12,0.8675925622863332
15301,2301.85,0,21,-0.3,0.02,0,6,0,0,1,1,0,1,3,3,0.34615736781401435
15401,2321.16,1,400,28.8,0.02,1,33,2,0,0,0,1,4,43,52,0.38673624470228624
15501,2338.93,2,269,30.7,0.02,2,34,2,0,1,1,0,6,27,23,0.4265545506025643
15601,2356.55,0,353,19.7,0.02,0,37,2,0,1,1,0,7,40,53,0.41736264124592953
15701,2373.74,2,224,39.5,0.02,2,41,3,0,1,1,0,4,23,25,0.4834216316378524
15801,2390.63,2,149,23.7,0.02,2,24,0,0,0,1,0,4,14,13,0.6735552041486561
15901,2405.65,4,115,43.3,0.02,4,32,4,0,1,1,0,2,12,17,0.7647008540404444
16001,2423.86,1,45,15.9,0.02,1,18,2,0,1,1,0,1,6,11,0.5811030169630252
16101,2439.06,8,287,42.0,0.02,3,41,1,1,1,1,0,6,30,30,0.5305353973517514
16201,2455.87,8,159,41.9,0.02,3,36,2,1,1,1,0,2,17,21,0.721540103286242
16301,2474.96,0,71,20.0,0.02,0,26,0,0,1,1,0,0,9,10,0.6857279924926216
16401,2492.77,0,123,29.8,0.02,0,39,2,0,1,1,0,3,14,12,0.5947722084745792
16501,2507.97,3,94,36.0,0.02,3,28,3,0,1,1,0,1,11,10,0.7270870470212416
16601,2524.29,0,287,11.9,0.02,0,32,0,0,1,1,0,11,34,41,0.40796019248920706
16701,2539.51,5,100,46.8,0.02,5,28,5,0,1,1,0,0,11,12,0.5999159192063821
16801,2556.47,8,69,32.9,0.02,3,24,4,1,1,1,0,0,8,11,0.6805550938691224
16901,2572.77,1,69,15.2,0.02,1,17,1,0,1,1,0,1,8,8,0.566347716940041
17001,2590.25,2,115,26.0,0.02,2,28,1,0,0,1,0,6,11,10,0.7750058224322571
17101,2608.12,6,214,59.5,0.02,6,42,3,0,1,1,0,5,23,25,0.6737015208151476
17201,2624.6,0,76,21.1,0.02,0,27,2,0,1,1,0,0,9,9,0.4780874123241346
17301,2640.83,9,156,46.9,0.02,4,39,5,1,1,1,0,5,16,21,0.5828942269987625
17401,2658.41,4,184,47.8,0.02,4,39,4,0,0,1,0,4,18,22,0.5252489971735459
17501,2677.59,4,102,30.7,0.02,4,22,3,0,0,1,0,5,11,13,1.1851146158271828
17601,2694.28,3,241,50.2,0.02,3,44,3,0,1,1,0,1,23,28,0.595423005512615
17701,2711.48,8,400,55.2,0.02,3,54,2,1,0,0,1,9,44,48,0.49046440940167624
17801,2730.45,1,94,0.4,0.02,1,3,2,0,1,1,0,2,5,6,0.496764977828124
17901,2747.82,5,371,47.3,0.02,5,40,4,0,1,1,0,8,43,47,0.5303950018469106
18001,2764.28,7,314,57.3,0.02,7,35,6,0,1,1,0,5,28,27,0.4762693920343679
18101,2781.24,5,101,43.0,0.02,5,26,5,0,1,1,0,2,12,10,0.7778146002064634
18201,2797.45,0,105,-5.5,0.02,0,4,0,0,1,1,0,4,4,5,0.5640458032409028
18301,2816.04,0,129,7.0,0.02,0,14,0,0,1,1,0,1,8,10,0.28988342175538423
18401,2832.67,2,146,26.4,0.02,2,25,1,0,1,1,0,2,14,16,0.5380082865373549
18501,2848.66,8,295,30.0,0.02,3,33,2,1,1,1,0,9,29,40,0.6359709219936112
18601,2864.82,0,36,4.1,0.02,0,11,0,0,1,1,0,1,5,9,0.6608071921213008
18701,2883.05,10,383,44.8,0.02,5,42,2,1,1,1,0,13,40,42,0.45104704201102
18801,2900.69,3,126,34.0,0.02,3,27,2,0,0,1,0,1,14,20,0.45389216786507064
18901,2917.47,4,103,40.0,0.02,4,28,4,0,1,1,0,2,11,10,0.6826970081934143
19001,2935.34,0,6,-4.0,0.02,0,2,0,0,1,1,0,1,1,0,0.7091008474867347
19101,2949.87,0,6,-3.0,0.02,0,3,0,0,1,1,0,1,1,0,0.44370321999740164
19201,2969.82,3,76,31.1,0.02,3,23,3,0,0,1,0,1,9,9,0.8444992219182169
19301,2990.44,3,400,34.0,0.02,3,34,3,0,0,0,1,10,41,50,0.4751836384997177
19401,3008.62,1,88,21.5,0.02,1,23,0,0,0,1,0,0,9,15,0.6549829175825151
19501,3022.75,1,42,11.5,0.02,1,13,0,0,1,1,0,1,5,5,0.7274296757101072
19601,3039.63,3,141,34.2,0.02,3,29,2,0,1,1,0,3,16,18,0.4730522724754506
19701,3056.19,2,139,36.5,0.02,2,36,2,0,1,1,0,3,15,15,0.5961242309037783
19801,3072.47,10,187,56.0,0.02,5,41,4,1,1,1,0,3,18,20,0.6132140244997774
19901,3090.76,6,283,17.2,0.02,1,30,1,1,1,1,0,9,28,38,0.49239756886626923
20001,3107.92,2,140,33.8,0.02,2,32,1,0,1,1,0,2,16,12,0.6034265249028717
20101,3125.72,1,71,16.4,0.02,1,19,1,0,1,1,0,2,9,6,0.7492073756690298
20201,3143.78,1,400,26.5,0.02,1,32,2,0,0,0,1,5,43,55,0.3779563274395615
20301,3160.97,3,94,44.0,0.02,3,36,3,0,1,1,0,1,11,10,0.8134792036387887
20401,3178.46,8,400,33.6,0.02,3,36,3,1,0,0,1,12,39,54,0.5737788539858354
20501,3197.84,1,110,30.3,0.02,1,33,0,1,1,1,0,1,12,17,0.6280497804573015
20601,3219.07,4,224,48.4,0.02,4,39,2,0,1,1,0,3,21,26,0.5767162043269897
20701,3235.45,3,88,32.7,0.02,3,24,1,0,1,1,0,0,11,13,0.4918910324295856
20801,3252.09,13,324,39.6,0.02,3,39,2,2,1,1,0,6,34,34,0.46090897466137076
20901,3270.39,9,400,36.8,0.02,4,32,3,1,0,0,1,10,46,52,0.44918767157372785
21001,3290.03,3,201,40.3,0.02,3,37,3,0,1,1,0,5,17,17,0.4793984669946899
21101,3308.94,3,91,29.0,0.02,3,22,4,0,0,1,0,2,10,10,0.6800811720762687
21201,3327.36,2,60,18.6,0.02,2,15,2,0,1,1,0,1,6,4,0.6664511729756868
21301,3344.19,3,101,30.5,0.02,3,26,2,0,1,1,0,4,11,15,0.7539872945585472
21401,3362.14,5,366,57.0,0.02,5,50,4,0,1,1,0,9,37,40,0.6140706007666483
21501,3379.04,3,100,33.4,0.02,3,28,2,0,1,1,0,3,11,16,0.7560002909650487
21601,3395.49,3,107,34.3,0.02,3,29,3,0,1,1,0,3,11,17,0.866036643496627
21701,3415.39,4,275,49.1,0.02,4,39,3,0,1,1,0,2,26,29,0.43095375400731223
21801,3432.61,6,400,57.5,0.02,6,43,5,0,0,0,1,11,43,45,0.5544446390060693
21901,3450.48,5,381,3.3,0.02,0,24,1,1,1,1,0,11,36,47,0.4081563330467066
22001,3466.96,0,13,0.8,0.02,0,7,0,0,1,1,0,1,2,2,0.6211651581580736
22101,3482.88,0,83,15.2,0.02,0,22,0,0,0,1,0,1,10,8,0.6462529135275822
22201,3499.56,2,27,12.5,0.02,2,8,3,0,1,1,0,0,3,5,1.1176879369743982
22301,3517.66,2,94,20.7,0.02,2,18,1,0,1,1,0,1,10,13,0.7403122286909489
22401,3534.07,1,60,16.2,0.02,1,19,1,0,1,1,0,2,8,8,0.6312045889112423
22501,3553.22,4,272,54.5,0.02,4,47,3,0,1,1,0,4,30,35,0.47628896041115104
22601,3571.26,3,400,39.9,0.02,3,39,3,0,0,0,1,9,45,51,0.45749103902073673
22701,3586.29,2,201,45.7,0.02,2,44,2,0,0,1,0,1,21,23,0.48831913743799843
22801,3605.31,2,204,30.7,0.02,2,26,2,0,0,0,1,3,19,23,0.48304016263380606
22901,3622.76,3,81,26.9,0.02,3,18,2,0,1,1,0,0,9,11,0.48629529553982553
23001,3641.07,2,74,17.6,0.02,2,15,1,0,1,1,0,2,8,4,0.6650653045983058
23101,3658.21,5,295,51.8,0.02,5,41,3,0,1,1,0,6,31,32,0.5406982345623521
23201,3675.73,3,188,34.8,0.02,3,32,3,0,1,1,0,5,18,22,0.46607324642957504
23301,3693.51,0,44,11.7,0.02,0,20,0,0,1,1,0,3,6,3,0.5948754242446637
23401,3711.54,2,123,29.8,0.02,2,30,4,0,1,1,0,4,13,12,0.7267364925953068
23501,3728.26,8,112,39.6,0.02,3,33,2,1,0,1,0,2,12,14,0.7854241211229326
23601,3745.63,1,21,8.7,0.02,1,10,1,0,1,1,0,1,3,3,1.3326985812772998
23701,3760.89,3,400,27.0,0.02,3,27,2,0,0,0,1,9,47,60,0.42497661814097537
23801,3779.8,10,369,51.2,0.02,5,43,4,1,1,1,0,7,38,48,0.42966951657418556
23901,3799.42,4,166,48.8,0.02,4,40,3,0,1,1,0,4,18,22,0.575506872124837
24001,3813.65,0,13,0.9,0.02,0,6,0,0,1,1,0,0,2,1,0.6037112475515529
24101,3832.53,10,199,56.2,0.02,5,39,4,1,1,1,0,1,22,18,0.5577060501754395
24201,3849.36,5,253,45.8,0.02,5,34,4,0,1,1,0,6,22,22,0.5244524611322751
24301,3867.07,1,15,4.8,0.02,1,6,1,0,1,1,0,1,2,2,0.6161830089708705
24401,3882.1,1,109,20.9,0.02,1,24,1,0,1,1,0,2,12,11,0.4949749048888502
24501,3901.55,9,400,47.4,0.02,4,44,4,1,0,0,1,11,45,56,0.5403617817597419
24601,3918.53,9,109,36.8,0.02,4,25,2,1,1,1,0,2,9,12,0.535379887485597
24701,3933.61,2,142,37.7,0.02,2,34,0,0,1,1,0,0,15,13,0.48101233367325363
24801,3947.73,1,145,24.2,0.02,1,29,1,0,0,1,0,3,16,18,0.6313312885155455
24901,3964.74,3,93,36.4,0.02,3,29,3,0,1,1,0,2,9,6,0.7603599626497627
25001,3981.22,2,135,28.0,0.02,2,27,2,0,1,1,0,2,15,20,0.5718604546768125
25101,3996.81,0,28,4.7,0.02,0,11,0,0,1,1,0,1,4,3,0.4779726728787975
25201,4013.93,1,103,21.4,0.02,1,24,0,0,1,1,0,1,13,16,0.44189922819719557
25301,4035.19,6,324,56.2,0.02,6,38,5,0,1,1,0,3,33,38,0.430482231488157
25401,4051.89,2,205,31.7,0.02,2,35,3,0,1,1,0,6,23,23,0.6144809599046743
25501,4070.01,0,14,-2.1,0.02,0,4,0,0,1,1,0,1,2,1,0.2954245164413362
25601,4086.95,0,28,10.6,0.02,0,16,1,0,1,1,0,0,4,4,0.7134176209335736
25701,4106.13,4,285,56.7,0.02,4,47,3,0,1,1,0,2,30,33,0.48794731122270285
25801,4124.92,7,268,26.1,0.02,2,30,2,1,1,1,0,5,30,39,0.42487642795673075
25901,4141.67,2,62,32.1,0.02,2,30,2,0,0,1,0,2,7,9,0.7972985610108952
26001,4158.61,5,152,46.7,0.02,5,29,1,0,1,1,0,1,13,13,0.566148920527783
26101,4177.17,3,237,40.2,0.02,3,37,5,0,1,1,0,4,24,28,0.4951660879355868
26201,4194.29,5,366,52.7,0.02,5,40,2,0,0,0,1,9,32,33,0.4601659263679243
26301,4209.87,0,50,8.4,0.02,0,16,0,0,1,1,0,2,6,6,0.48784781348156675
26401,4227.0,3,186,41.8,0.02,3,36,3,0,1,1,0,2,20,22,0.4306830840974094
26501,4244.34,2,400,25.9,0.02,2,29,2,0,0,0,1,9,44,41,0.41668159890540485
26601,4263.68,6,296,40.9,0.02,1,49,3,1,1,1,0,3,32,51,0.4111593796197028
26701,4279.69,1,41,15.5,0.02,1,16,1,0,1,1,0,0,5,5,0.892041880159213
26801,4297.21,3,400,38.9,0.02,3,34,1,0,0,0,1,6,42,41,0.396470017931624
26901,4315.45,2,52,24.6,0.02,2,20,2,0,1,1,0,0,6,4,0.949996865638058
27001,4332.68,9,400,48.2,0.02,4,39,2,1,0,0,1,6,44,48,0.40494633774572325
27101,4349.75,0,75,18.4,0.02,0,27,0,0,1,1,0,3,10,6,0.430991960082336
27201,4368.77,5,161,34.5,0.02,5,22,2,0,1,1,0,6,14,15,0.6686080400984095
27301,4385.51,2,400,40.8,0.02,2,47,2,0,0,0,1,10,44,62,0.4802127827943672
27401,4401.38,0,6,-4.2,0.02,0,2,0,0,1,1,0,1,1,2,0.3755316162067623
27501,4417.76,3,400,39.2,0.02,3,44,2,0,0,0,1,15,47,48,0.43458432245555734
27601,4434.5,2,108,32.8,0.02,2,30,3,0,1,1,0,1,11,12,0.42863657432734203
27701,4450.02,2,88,24.9,0.02,2,22,2,0,0,1,0,1,9,11,0.7296216722288326
27801,4467.06,3,98,31.5,0.02,3,24,2,0,1,1,0,1,10,15,1.0095438258074083
27901,4484.69,3,65,21.9,0.02,3,14,3,0,1,1,0,1,7,11,0.9931644883906651
28001,4506.79,3,240,38.8,0.02,3,35,2,0,1,1,0,4,20,22,0.47055379875927106
28101,4522.7,6,199,69.0,0.02,6,48,5,0,1,1,0,2,19,20,0.682996188699327
28201,4537.49,2,86,27.9,0.02,2,25,1,0,1,1,0,1,11,11,0.8298967692454314
28301,4555.6,1,61,13.3,0.02,1,15,1,0,1,1,0,1,7,7,0.6329314445926549
28401,4571.4,2,101,30.8,0.02,2,29,3,0,1,1,0,2,12,12,0.6702790793553762
28501,4588.72,0,400,24.6,0.02,0,40,2,0,0,0,1,10,44,54,0.4158038980041803
28601,4606.45,1,111,17.8,0.02,1,24,2,0,0,1,0,5,12,12,0.6634565198084329
28701,4627.29,1,326,20.5,0.02,1,37,2,0,1,1,0,12,35,45,0.45299907767561
28801,4644.08,1,70,19.2,0.02,1,21,0,0,1,1,0,1,9,8,0.5270057601626407
28901,4658.69,4,130,51.0,0.02,4,41,4,0,1,1,0,3,14,20,0.8167689793411251
29001,4676.83,2,96,28.2,0.02,2,25,2,0,1,1,0,1,9,8,0.5615106528376015
29101,4694.38,1,95,22.7,0.02,1,24,1,0,1,1,0,0,11,13,0.4831128759050574
29201,4711.7,1,182,30.3,0.02,1,33,1,0,0,1,0,1,20,17,0.43905463339710654
29301,4727.48,3,155,40.5,0.02,3,32,4,0,1,1,0,0,16,15,0.5021008436118131
29401,4742.68,5,131,47.5,0.02,5,31,3,0,1,1,0,2,14,15,0.7406265542747174
29501,4758.8,6,191,23.0,0.02,1,28,3,1,1,1,0,3,20,20,0.49134144084532205
29601,4774.59,1,115,23.7,0.02,1,25,0,0,1,1,0,0,13,13,0.4133545698962033
29701,4791.93,0,29,8.8,0.02,0,15,1,0,1,1,0,1,4,2,0.6825409722668472
29801,4811.37,2,400,41.2,0.02,2,45,1,0,0,0,1,9,44,48,0.4993187978786508
29901,4827.97,0,118,22.6,0.02,0,30,0,0,1,1,0,1,13,14,0.4977987670181901
30001,4844.94,2,52,20.3,0.02,2,16,1,0,1,1,0,0,6,7,0.8112052901892862
30101,4861.75,1,21,8.6,0.02,1,9,1,0,1,1,0,0,3,4,0.6592012664242948
30201,4879.41,4,248,40.1,0.02,4,35,4,0,0,1,0,7,24,29,0.5952630695833092
30301,4894.16,0,121,18.8,0.02,0,28,0,0,1,1,0,2,14,22,0.5310470424306662
30401,4910.91,3,77,30.6,0.02,3,23,4,0,1,1,0,1,9,14,0.7841390634951588
30501,4927.89,0,29,4.7,0.02,0,10,0,0,1,1,0,0,4,3,0.385612411968621
30601,4943.88,1,107,24.5,0.02,1,27,1,0,1,1,0,1,13,15,0.7051604385446215
30701,4957.65,2,219,28.8,0.02,2,34,3,0,0,1,0,7,24,32,0.5282418638487373
30801,4973.83,9,316,43.9,0.02,4,42,4,1,1,1,0,9,35,41,0.5781956065900987
30901,4991.72,3,80,24.2,0.02,3,19,1,0,1,1,0,4,8,8,0.7323001084873586
31001,5009.2,3,213,38.9,0.02,3,36,2,0,1,1,0,5,21,21,0.6320662535853657
31101,5025.13,2,156,32.1,0.02,2,32,2,0,1,1,0,3,16,19,0.6221049557888474
31201,5042.9,3,157,41.5,0.02,3,34,3,0,1,1,0,1,15,15,0.5922962272749144
31301,5057.99,2,99,14.7,0.02,2,15,0,0,1,1,0,4,11,13,0.7294848101103937
31401,5074.92,2,51,16.4,0.02,2,15,2,0,1,1,0,3,6,6,0.8467109332214771
31501,5093.42,2,76,22.2,0.02,2,20,2,0,1,1,0,2,8,8,0.5601213680178557
31601,5109.5,7,400,35.1,0.02,2,36,3,1,0,0,1,7,44,39,0.4984610225325971
31701,5128.39,9,400,51.3,0.02,4,44,4,1,0,0,1,8,44,47,0.4342095810613466
31801,5145.87,4,128,43.4,0.02,4,32,3,0,1,1,0,2,14,16,0.7295354541105046
31901,5163.8,1,51,19.3,0.02,1,20,2,0,1,1,0,0,6,7,0.5263146872816649
32001,5180.17,2,90,22.8,0.02,2,21,3,0,0,1,0,2,10,12,0.6217482466874554
32101,5196.41,2,73,26.0,0.02,2,22,2,0,1,1,0,0,9,10,0.5446033763040575
32201,5214.1,3,87,25.1,0.02,3,17,2,0,1,1,0,1,8,9,0.7252616638537285
32301,5232.69,2,304,26.9,0.02,2,30,1,0,1,1,0,4,29,41,0.5105971629483487
32401,5251.19,0,50,6.9,0.02,0,16,0,0,0,1,0,3,7,11,0.8779838371084457
32501,5269.0,3,111,38.7,0.02,3,33,3,0,1,1,0,3,12,13,0.853214294999181
32601,5288.73,9,400,36.8,0.02,4,34,0,1,0,0,1,11,48,62,0.4348072548089912
32701,5306.41,2,279,42.6,0.02,2,50,3,0,1,1,0,9,32,34,0.602508382848963
32801,5323.87,0,67,12.3,0.02,0,19,1,0,1,1,0,1,9,7,0.6982943987903284
32901,5342.77,4,134,34.3,0.02,4,24,2,0,1,1,0,3,14,17,0.6530376400290967
33001,5358.77,1,69,15.5,0.02,1,16,1,0,1,1,0,0,7,5,0.6281969538995373
33101,5377.09,1,15,6.6,0.02,1,7,1,0,1,1,0,0,2,4,0.8339235463194932
33201,5395.1,0,105,18.0,0.02,0,25,0,0,1,1,0,1,12,10,0.4351336374864164
33301,5409.23,1,67,14.2,0.02,1,15,1,0,1,1,0,0,7,8,0.38877811705561066
33401,5426.56,1,137,29.4,0.02,1,32,1,0,1,1,0,1,15,16,0.6355592863727498
33501,5444.2,14,205,36.3,0.02,4,29,2,2,1,1,0,5,20,27,0.4962151726384938
33601,5460.64,4,194,34.8,0.02,4,30,3,0,1,1,0,8,20,22,0.6610628282843395
33701,5481.19,0,400,-3.4,0.02,0,14,0,0,0,0,1,13,41,44,0.38690837005869977
33801,5497.11,2,311,18.3,0.02,2,28,2,0,1,1,0,11,31,37,0.5022831988250819
33901,5512.98,0,51,12.1,0.02,0,19,0,0,1,1,0,1,7,9,0.40500723418781587
34001,5530.25,4,86,30.9,0.02,4,18,4,0,1,1,0,1,8,11,0.9339653357120218
34101,5546.16,1,120,44.0,0.02,1,48,1,0,1,1,0,2,14,20,0.590537086731277
34201,5563.55,3,261,48.0,0.02,3,47,2,0,1,1,0,5,28,40,0.461319889795857
34301,5582.72,2,97,33.5,0.02,2,30,2,0,1,1,0,0,11,15,0.5541149323865748
34401,5598.56,0,36,10.5,0.02,0,17,0,0,1,1,0,1,5,5,0.5864870912312671
34501,5615.74,3,166,32.0,0.02,3,29,2,0,1,1,0,5,17,20,0.5562279844415905
34601,5632.63,2,51,26.2,0.02,2,22,2,0,1,1,0,0,6,8,1.0075893855950264
34701,5650.0,5,173,47.2,0.02,5,33,4,0,0,1,0,4,19,18,0.588644512607156
34801,5668.23,2,76,24.0,0.02,2,20,0,0,1,1,0,0,8,10,0.5167375176343348
34901,5684.01,3,115,38.6,0.02,3,33,3,0,1,1,0,3,12,14,0.7321217572071983
35001,5701.67,2,252,24.0,0.02,2,24,1,0,1,1,0,3,20,20,0.5079998008465385
35101,5720.46,9,255,49.6,0.02,4,45,3,1,1,1,0,7,28,34,0.4776205340886209
35201,5736.96,0,5,-1.3,0.02,0,4,1,0,1,1,0,0,1,3,4.111046722428332
35301,5755.4,1,82,21.0,0.02,1,23,1,0,1,1,0,1,9,10,0.5991269385519116
35401,5773.58,4,147,52.1,0.02,4,43,4,0,1,1,0,4,16,19,0.5605350216586845
35501,5791.85,0,7,-2.3,0.02,0,3,0,0,1,1,0,0,1,3,2.8515409443580806
35601,5808.58,8,202,38.5,0.02,3,36,4,1,1,1,0,5,22,25,0.46910689739533606
35701,5825.89,9,255,50.0,0.02,4,41,3,1,1,1,0,3,26,30,0.49842349871461084
35801,5843.45,3,228,34.2,0.02,3,32,4,0,1,1,0,6,24,18,0.4484401753556993
35901,5860.53,2,101,34.8,0.02,2,36,2,0,1,1,0,5,11,12,0.8444386704076124
36001,5878.3,2,400,30.9,0.02,2,36,2,0,0,0,1,9,43,61,0.4162759300318248
36101,5896.08,1,72,15.1,0.02,1,17,1,0,1,1,0,1,7,9,0.7190532133189338
36201,5914.2,1,61,19.5,0.02,1,21,1,0,1,1,0,1,7,5,0.8285626011839475
36301,5930.07,0,78,19.3,0.02,0,28,0,0,1,1,0,3,10,7,0.4300690010311574
36401,5948.62,11,242,53.8,0.02,6,36,5,1,1,1,0,5,27,22,0.5184023026306788
36501,5965.23,1,400,26.2,0.02,1,37,0,0,0,0,1,12,43,38,0.4160486059712711
36601,5982.84,0,152,-1.9,0.02,0,5,0,0,1,1,0,1,5,9,0.3761125110286864
36701,6000.62,1,106,19.9,0.02,1,23,1,0,1,1,0,2,12,11,0.7089644119880166
36801,6016.76,5,232,17.7,0.02,0,32,2,1,1,1,0,6,27,33,0.5413711797536498
36901,6034.98,1,168,26.3,0.02,1,30,1,0,1,1,0,2,16,17,0.3762695713536014
37001,6052.55,3,248,43.5,0.02,3,40,3,0,0,1,0,4,25,25,0.6972141853708586
37101,6070.81,3,248,34.6,0.02,3,37,2,0,1,1,0,10,24,24,0.6448831194954162
37201,6089.31,1,24,11.7,0.02,1,12,1,0,1,1,0,0,3,3,0.6478227627570642
37301,6107.44,2,341,33.2,0.02,2,37,2,0,1,1,0,6,37,28,0.3981297923933103
37401,6124.54,3,143,35.4,0.02,3,29,2,0,0,1,0,2,14,16,0.5777850002552427
37501,6143.51,1,203,46.9,0.02,1,51,3,0,1,1,0,2,21,21,0.4411509037104274
37601,6162.39,3,50,26.6,0.02,3,17,3,0,1,1,0,0,6,4,0.7433279067559886
37701,6178.85,2,231,45.8,0.02,2,46,5,0,0,1,0,2,26,32,0.5831522546802309
37801,6195.65,8,95,32.8,0.02,3,26,1,1,0,1,0,2,12,12,0.6456150725137315
37901,6212.65,8,400,32.8,0.02,3,32,2,1,0,0,1,9,45,52,0.50868800207047
38001,6232.25,0,21,-1.1,0.02,0,5,0,0,1,1,0,1,3,1,0.663483250999067
38101,6249.33,3,160,39.0,0.02,3,33,3,0,0,1,0,2,18,20,0.4825293987900789
38201,6263.05,2,71,12.6,0.02,2,8,0,0,0,1,0,0,8,4,0.5656448120753987
38301,6280.13,0,6,-4.0,0.02,0,2,0,0,1,1,0,1,1,0,0.25196361061619926
38401,6295.74,2,166,39.3,0.02,2,40,1,0,1,1,0,4,19,17,0.5485049497410165
38501,6312.46,3,103,31.8,0.02,3,26,4,0,1,1,0,3,12,12,0.6680266901331282
38601,6328.43,2,400,38.1,0.02,2,39,2,0,0,0,1,5,43,59,0.43071670720490574
38701,6344.11,2,400,29.3,0.02,2,34,2,0,0,0,1,9,47,57,0.42048838758991003
38801,6362.11,2,101,26.1,0.02,2,23,1,0,1,1,0,1,12,9,0.7397373649599138
38901,6380.08,4,258,39.5,0.02,4,35,4,0,1,1,0,7,29,35,0.5426839555985069
39001,6398.32,3,153,46.6,0.02,3,39,2,0,1,1,0,1,16,14,0.4565959123168789
39101,6415.06,0,20,2.7,0.02,0,8,0,0,1,1,0,0,3,3,0.5875936295955752
39201,6431.84,0,13,0.8,0.02,0,7,1,0,1,1,0,1,2,2,0.509850545852832
39301,6449.05,1,128,20.8,0.02,1,24,1,0,1,1,0,2,15,12,0.6766070170976917
39401,6465.24,1,242,21.2,0.02,1,31,1,0,0,1,0,8,23,18,0.4469635700713791
39501,6481.33,0,14,-2.2,0.02,0,5,0,0,1,1,0,2,2,2,0.46194857851887056
39601,6497.11,1,38,11.7,0.02,1,14,1,0,1,1,0,2,5,3,1.666811422708377
39701,6515.75,3,400,44.4,0.02,3,43,5,0,0,0,1,9,40,46,0.5182880984482033
39801,6532.13,1,31,9.7,0.02,1,11,2,0,1,1,0,1,4,3,0.5588628140373073
39901,6548.18,1,330,24.7,0.02,1,35,1,0,1,1,0,7,36,33,0.40098241174204385
40001,6563.74,4,400,43.2,0.02,4,40,4,0,0,0,1,13,41,38,0.5126683613427908
40101,6579.76,1,34,8.4,0.02,1,10,1,0,1,1,0,1,4,6,0.932610756655741
40201,6596.31,0,37,6.7,0.02,0,12,0,0,1,1,0,0,5,3,0.5291621162484084
40301,6612.81,0,13,-3.1,0.02,0,2,1,0,1,1,0,0,2,1,1.3950140938336963
40401,6630.06,2,400,32.6,0.02,2,37,3,0,0,0,1,11,40,34,0.43363418890777994
40501,6645.28,0,14,-1.1,0.02,0,5,0,0,1,1,0,1,2,1,0.4103382146579608
40601,6662.67,16,305,55.4,0.02,6,44,4,2,1,1,0,10,33,36,0.7067397214016905
40701,6680.53,2,134,36.3,0.02,2,37,2,0,0,1,0,4,16,17,0.6974962310323435
40801,6698.72,0,51,4.4,0.02,0,12,0,0,1,1,0,2,7,6,0.41469821841585697
40901,6716.59,2,245,37.5,0.02,2,39,3,0,1,1,0,4,27,25,0.5026497811569425
41001,6736.46,1,74,17.0,0.02,1,19,1,0,1,1,0,1,8,10,0.6346540043266116
41101,6753.22,0,32,3.8,0.02,0,11,1,0,1,1,0,2,4,2,0.6286924294421103
41201,6771.25,14,382,54.3,0.02,4,45,3,2,1,1,0,1,44,47,0.4417750219627893
41301,6788.66,8,400,38.2,0.02,3,32,2,1,0,0,1,3,45,58,0.44388716194307026
41401,6804.56,1,358,20.8,0.02,1,32,0,0,1,1,0,8,36,32,0.46134412500767114
41501,6822.36,3,400,32.5,0.02,3,36,1,0,0,0,1,14,43,45,0.4880610430154032
41601,6840.48,2,81,27.1,0.02,2,25,2,0,1,1,0,2,10,9,0.7864512359890844
41701,6857.53,2,87,29.9,0.02,2,26,1,0,1,1,0,0,10,11,0.789358298709193
41801,6875.47,3,197,38.7,0.02,3,33,2,0,1,1,0,2,20,23,0.42158676686888796
41901,6892.81,1,155,34.8,0.02,1,37,1,0,1,1,0,0,17,22,0.8419729083491987
42001,6912.78,4,131,41.1,0.02,4,29,3,0,0,1,0,1,14,19,0.6481531465056396
42101,6930.32,1,175,24.3,0.02,1,27,1,0,1,1,0,1,22,17,0.5057383986045272
42201,6946.76,1,42,16.6,0.02,1,17,1,0,1,1,0,0,5,4,0.9138209011521633
42301,6964.94,3,80,38.1,0.02,3,30,3,0,1,1,0,1,9,9,0.6353958559077979
42401,6981.8,3,125,37.8,0.02,3,33,3,0,1,1,0,3,14,22,0.6244016306224287
42501,6999.29,2,47,14.6,0.02,2,11,2,0,1,1,0,1,5,4,0.8429695003976062
42601,7014.19,3,194,44.0,0.02,3,39,4,0,0,1,0,3,20,20,0.7485422825701716
42701,7031.14,3,76,38.0,0.02,3,30,3,0,1,1,0,1,9,10,0.8426747826148999
42801,7048.85,2,307,16.4,0.02,2,21,2,0,1,1,0,7,22,26,0.4251163670888868
42901,7066.5,2,65,16.5,0.02,2,15,1,0,1,1,0,3,7,5,0.6462889538539536
43001,7083.4,3,208,38.8,0.02,3,32,1,0,1,1,0,1,19,22,0.4727237760182085
43101,7099.52,4,400,50.0,0.02,4,43,4,0,0,0,1,8,45,50,0.4168664784746037
43201,7117.85,9,185,48.4,0.02,4,36,3,1,1,1,0,1,18,16,0.49220256030466325
43301,7133.93,4,159,39.2,0.02,4,29,4,0,0,1,0,3,16,18,0.6232924088698014
43401,7148.75,3,223,30.3,0.02,3,29,4,0,1,1,0,7,20,17,0.4795480797126755
43501,7166.17,0,50,5.3,0.02,0,13,0,0,1,1,0,2,7,7,0.7573530708379635
43601,7180.68,2,84,25.8,0.02,2,26,2,0,1,1,0,4,10,12,0.8845270207096099
43701,7198.11,1,97,23.9,0.02,1,28,1,0,1,1,0,3,11,11,0.9042340537425857
43801,7214.3,4,140,48.6,0.02,4,37,3,0,1,1,0,2,14,14,0.49118326566652054
43901,7230.66,3,150,28.5,0.02,3,29,2,0,1,1,0,9,16,15,0.9272167508219371
44001,7248.78,4,187,41.9,0.02,4,31,1,0,0,1,0,2,20,21,0.5738699929877032
44101,7265.66,0,66,10.1,0.02,0,17,0,0,1,1,0,1,8,9,0.5511166621697464
44201,7279.12,1,400,37.0,0.02,1,40,1,0,0,0,1,4,44,40,0.36551732604175186
44301,7297.14,1,37,12.6,0.02,1,13,1,0,1,1,0,0,4,4,0.6368400710989998
44401,7315.86,1,146,29.6,0.02,1,36,0,0,1,1,0,5,15,14,0.5609452541437973
44501,7333.72,1,38,13.4,0.02,1,14,1,0,1,1,0,0,5,6,0.8495841408955304
44601,7351.44,2,233,26.1,0.02,2,29,1,0,0,1,0,6,22,19,0.41936170891355573
44701,7370.4,1,32,9.5,0.02,1,10,1,0,1,1,0,0,4,5,1.0345521661006454
44801,7387.84,2,196,33.7,0.02,2,33,2,0,1,1,0,2,21,23,0.4124987448758781
44901,7404.34,6,153,55.0,0.02,6,34,4,0,1,1,0,3,14,10,0.6365118702284179
45001,7420.75,0,14,-1.0,0.02,0,6,0,0,1,1,0,2,2,0,0.44306898509011905
45101,7437.48,1,26,11.6,0.02,1,12,1,0,1,1,0,0,3,4,0.6596884867706085
45201,7455.67,5,187,35.2,0.02,0,45,2,1,1,1,0,3,22,18,0.535046942796763
45301,7472.82,1,309,21.5,0.02,1,31,1,0,0,1,0,5,35,45,0.4212725969457259
45401,7488.16,6,152,54.5,0.02,6,34,4,0,1,1,0,3,16,15,0.5266017333016051
45501,7508.31,7,400,40.4,0.02,2,46,4,1,0,0,1,10,44,56,0.4664181863368547
45601,7526.58,4,241,47.6,0.02,4,36,5,0,1,1,0,2,25,14,0.4664950298468274
45701,7544.73,2,400,30.0,0.02,2,30,2,0,0,0,1,7,44,30,0.3911766886043929
45801,7561.52,9,136,43.3,0.02,4,32,4,1,1,1,0,2,15,17,0.5841597990782459
45901,7583.18,7,400,21.9,0.02,2,27,1,1,0,0,1,11,45,41,0.48551104484373564
46001,7602.06,0,147,6.8,0.02,0,14,1,0,1,1,0,2,17,2,0.5742829393360551
46101,7620.04,4,78,31.1,0.02,4,17,2,0,1,1,0,0,9,9,0.5814949310546924
46201,7637.33,1,157,33.5,0.02,1,39,1,0,1,1,0,4,18,15,0.6324956166506781
46301,7653.88,2,219,40.3,0.02,2,43,3,0,1,1,0,5,25,27,0.5171182514470789
46401,7670.74,2,90,22.8,0.02,2,20,2,0,1,1,0,1,10,12,0.7452975867426543
46501,7688.56,8,212,48.0,0.02,3,42,4,1,1,1,0,2,22,20,0.5008817432939098
46601,7705.34,1,77,18.1,0.02,1,21,2,0,1,1,0,2,8,9,0.5911266796858207
46701,7725.9,10,400,46.6,0.02,5,33,4,1,0,0,1,8,41,34,0.42750546195908906
46801,7742.45,0,87,11.9,0.02,0,20,0,0,1,1,0,2,11,11,0.5475399020265562
46901,7757.7,0,46,10.3,0.02,0,17,1,0,1,1,0,1,6,7,0.3836469165500722
47001,7776.78,3,189,36.2,0.02,3,30,2,0,1,1,0,2,20,18,0.5193407515277756
47101,7792.65,3,231,41.7,0.02,3,40,3,0,1,1,0,6,22,23,0.5338283429252445
47201,7806.8,3,220,47.3,0.02,3,42,2,0,1,1,0,2,26,27,0.48811145469022543
47301,7825.67,3,133,34.5,0.02,3,32,2,0,1,1,0,6,13,15,0.585935866199227
47401,7841.89,0,382,6.7,0.02,0,29,1,0,1,1,0,12,47,53,0.4509599638516477
47501,7858.33,3,98,35.9,0.02,3,27,4,0,1,1,0,0,11,11,0.5692465515682177
47601,7877.07,0,21,4.8,0.02,0,10,1,0,1,1,0,0,3,2,0.4928755124351376
47701,7896.38,4,169,49.4,0.02,4,38,4,0,0,1,0,2,18,16,0.5084828859301158
47801,7913.25,2,204,46.7,0.02,2,49,2,0,0,1,0,5,22,23,0.4944521599492585
47901,7929.42,2,113,30.9,0.02,2,30,3,0,0,1,0,3,13,11,0.5256738494496747
48001,7947.06,8,400,55.7,0.02,3,56,3,1,0,0,1,11,42,43,0.49138612451224634
48101,7965.25,6,84,22.8,0.02,1,27,1,1,1,1,0,3,9,12,0.45669913272141177
48201,7983.13,8,169,39.7,0.02,3,35,4,1,1,1,0,3,19,23,0.5356378970168444
48301,7999.24,1,55,12.3,0.02,1,16,2,0,1,1,0,3,7,7,0.9478365373606384
48401,8017.69,3,135,28.6,0.02,3,23,3,0,1,1,0,3,14,14,0.5873342160421444
48501,8037.28,2,125,36.5,0.02,2,37,2,0,0,1,0,4,14,15,0.5460229564406349
48601,8057.82,10,400,51.2,0.02,5,39,3,1,0,0,1,8,41,48,0.47642853650457123
48701,8074.53,1,68,12.4,0.02,1,16,1,0,1,1,0,3,8,6,0.6295266861141533
48801,8090.91,3,136,42.4,0.02,3,39,4,0,1,1,0,5,16,16,0.8135106367518605
48901,8107.18,5,228,55.4,0.02,5,42,5,0,1,1,0,4,22,26,0.49292350813647273
49001,8124.81,5,77,36.2,0.02,5,18,4,0,1,1,0,1,8,8,1.2872349064764796
49101,8142.46,4,323,37.3,0.02,4,34,5,0,1,1,0,8,29,37,0.5289879412784663
49201,8159.61,1,15,5.7,0.02,1,6,1,0,1,1,0,0,2,3,0.7064056175956632
49301,8174.52,13,400,40.2,0.02,3,39,2,2,0,0,1,9,43,48,0.43886335777089236
49401,8191.89,3,137,43.2,0.02,3,35,3,0,1,1,0,0,15,18,0.4766546292722806
49501,8209.81,1,49,11.6,0.02,1,13,2,0,1,1,0,1,6,4,1.1592514818027575
49601,8224.74,2,161,34.4,0.02,2,32,1,0,1,1,0,1,16,16,0.5361907284016881
49701,8241.53,1,76,13.0,0.02,1,15,1,0,1,1,0,1,9,10,0.4188553918220067
49801,8260.76,2,197,22.0,0.02,2,22,3,0,1,1,0,3,20,20,0.60822246816559
49901,8277.27,1,92,27.8,0.02,1,29,1,0,1,1,0,0,11,12,0.7513754561965582
50001,8295.86,9,231,49.6,0.02,4,42,4,1,1,1,0,5,24,24,0.5932518085077565
50101,8313.41,3,56,26.1,0.02,3,17,3,0,1,1,0,0,6,9,0.9249880373292524
50201,8332.1,1,112,20.4,0.02,1,25,2,0,0,1,0,3,13,16,0.628287049263686
50301,8348.07,8,234,43.2,0.02,3,38,3,1,1,1,0,2,26,28,0.505476318831105
50401,8363.86,5,77,36.8,0.02,5,20,5,0,1,1,0,2,9,12,0.9600794886330748
50501,8379.34,0,29,1.4,0.02,0,8,0,0,1,1,0,1,4,6,0.48277080908220293
50601,8398.09,12,400,37.4,0.02,2,44,1,2,0,0,1,12,44,46,0.4786610338985148
50701,8412.96,2,82,30.2,0.02,2,27,1,0,1,1,0,1,11,8,0.826479631843032
50801,8428.47,1,26,6.8,0.02,1,8,1,0,1,1,0,1,3,2,0.7706264429739311
50901,8448.73,4,212,47.4,0.02,4,37,4,0,1,1,0,2,22,26,0.57570333542471
51001,8467.56,2,258,23.9,0.02,2,29,2,0,1,1,0,7,28,31,0.3724659199923621
51101,8485.08,2,62,27.5,0.02,2,23,2,0,1,1,0,0,7,5,0.5698576891830024
51201,8502.2,0,21,1.7,0.02,0,8,0,0,1,1,0,1,3,3,0.4284192284085739
51301,8521.03,7,392,17.2,0.02,2,37,0,1,1,1,0,19,46,58,0.4987120324921966
51401,8538.98,0,40,7.1,0.02,0,15,0,0,1,1,0,2,5,9,0.46939808070487643
51501,8554.75,10,370,54.3,0.02,5,45,5,1,1,1,0,6,43,47,0.47627502752905587
51601,8571.4,0,5,-3.3,0.02,0,2,0,0,1,1,0,0,1,3,3.601389202511096
51701,8589.55,2,89,24.7,0.02,2,25,2,0,0,1,0,4,10,13,0.8680161041868816
51801,8604.79,0,5,-3.0,0.02,0,2,0,0,1,1,0,0,1,0,2.7163239827940324
51901,8621.55,1,153,30.6,0.02,1,33,1,0,1,1,0,1,16,14,0.5552287100431915
52001,8640.06,3,77,30.3,0.02,3,22,2,0,1,1,0,1,8,7,0.8500643969074682
52101,8655.54,3,262,38.4,0.02,3,37,2,0,1,1,0,5,27,36,0.5141611546180368
52201,8671.03,4,400,46.3,0.02,4,44,3,0,0,0,1,12,44,57,0.4588244202935559
52301,8690.5,1,34,11.1,0.02,1,12,1,0,1,1,0,0,4,9,0.9384493734258046
52401,8708.21,0,35,8.1,0.02,0,15,0,0,1,1,0,1,5,9,0.5271130813587529
52501,8724.22,4,228,46.2,0.02,4,37,5,0,1,1,0,3,23,28,0.44233628140085357
52601,8744.33,1,26,7.5,0.02,1,9,2,0,1,1,0,1,3,5,1.2376658516172148
52701,8760.54,0,29,5.9,0.02,0,11,0,0,1,1,0,0,4,1,0.9626637909623901
52801,8777.76,3,150,32.5,0.02,3,26,3,0,1,1,0,2,15,15,0.5144669413613127
52901,8794.74,1,31,9.9,0.02,1,11,1,0,1,1,0,1,4,1,0.8165976557944846
53001,8811.16,2,69,29.8,0.02,2,26,2,0,1,1,0,0,8,12,0.7205865648402908
53101,8827.27,0,36,-1.1,0.02,0,5,1,0,1,1,0,1,4,1,0.3651477159263878
53201,8842.56,2,140,34.0,0.02,2,32,4,0,1,1,0,1,15,20,0.4789061719096841
53301,8860.02,3,168,31.1,0.02,3,26,3,0,1,1,0,2,18,29,0.5020245362849042
53401,8876.86,3,134,32.7,0.02,3,25,3,0,1,1,0,1,12,13,0.39822124402641923
53501,8893.8,6,54,13.1,0.02,1,15,1,1,1,1,0,1,6,9,0.45128988066681963
53601,8910.62,1,133,30.8,0.02,1,36,0,0,1,1,0,3,17,22,0.5394082597246598
53701,8926.05,2,136,24.5,0.02,2,23,1,0,1,1,0,1,14,25,0.5119517564301773
53801,8945.18,1,86,21.8,0.02,1,25,0,0,0,1,0,2,10,12,0.8751428092770444
53901,8965.09,2,59,22.9,0.02,2,21,2,0,1,1,0,2,7,11,0.8428164144121473
54001,8983.75,6,400,19.2,0.02,1,28,2,1,0,0,1,10,46,38,0.43861142761104754
54101,9001.38,2,64,21.1,0.02,2,17,2,0,1,1,0,0,8,9,0.7972925499838437
54201,9017.05,3,187,31.1,0.02,3,32,2,0,1,1,0,8,19,29,0.5442987213980196
54301,9031.76,9,118,38.1,0.02,4,28,1,1,1,1,0,4,13,9,0.89177982735922
54401,9051.33,3,48,26.1,0.02,3,17,3,0,1,1,0,0,6,9,1.0198001696874586
54501,9065.66,2,351,21.5,0.02,2,27,2,0,1,1,0,6,39,45,0.4519860542642536
54601,9080.58,7,400,33.3,0.02,2,39,3,1,0,0,1,11,44,47,0.4283019655201482
54701,9097.84,1,103,22.0,0.02,1,26,0,0,0,1,0,3,11,10,0.6575625071816552
54801,9116.04,0,193,16.4,0.02,0,27,0,0,1,1,0,4,19,16,0.35742543570641594
54901,9133.35,1,41,7.6,0.02,1,10,1,0,1,1,0,2,5,4,0.7327544493355811
55001,9150.39,12,400,19.4,0.02,2,31,1,2,0,0,1,17,43,46,0.4922820092968186
55101,9170.22,4,305,42.5,0.02,4,42,4,0,1,1,0,11,33,35,0.5986870070849019
55201,9186.45,5,178,45.0,0.02,5,30,4,0,1,1,0,3,17,20,0.5528776860833158
55301,9203.03,3,99,38.5,0.02,3,31,3,0,1,1,0,1,12,15,0.8650389960249572
55401,9219.71,1,165,18.6,0.02,1,26,0,0,1,1,0,5,18,24,0.6975056295636539
55501,9235.92,8,157,44.9,0.02,3,39,1,1,1,1,0,2,16,21,0.45920083633118747
55601,9251.87,0,46,1.4,0.02,0,9,1,0,1,1,0,2,6,6,0.46648964830403017
55701,9265.55,1,162,15.4,0.02,1,19,1,0,1,1,0,2,16,16,0.5409613954357675
55801,9281.2,1,109,33.2,0.02,1,37,3,0,1,1,0,2,13,18,0.7347968463542885
55901,9295.52,2,181,27.1,0.02,2,30,4,0,1,1,0,5,19,29,0.6585633516063051
56001,9311.44,5,175,42.9,0.02,5,28,3,0,1,1,0,3,20,21,0.6126886126825964
56101,9328.09,1,102,24.9,0.02,1,30,2,0,1,1,0,4,13,11,0.5961034209829291
56201,9347.76,13,293,36.8,0.02,3,32,4,2,0,0,1,7,31,32,0.4285517149453957
56301,9364.56,1,125,24.7,0.02,1,28,1,0,0,1,0,2,15,13,0.3892088947534586
56401,9381.64,4,224,46.0,0.02,4,37,2,1,1,1,0,3,24,30,0.5070276517774084
56501,9398.92,8,106,34.3,0.02,3,27,1,1,0,1,0,1,12,17,0.5984306194874062
56601,9414.58,7,321,28.3,0.02,2,38,2,1,1,1,0,10,37,47,0.5121996212699742
56701,9434.83,3,67,29.4,0.02,3,22,3,0,1,1,0,1,8,16,0.8681414670701307
56801,9453.07,1,211,25.7,0.02,1,33,2,0,1,1,0,5,24,23,0.476430273262502
56901,9470.58,4,58,39.2,0.02,4,27,4,0,1,1,0,2,6,8,1.1063221163373622
57001,9486.93,11,362,21.2,0.02,1,35,1,2,1,1,0,8,38,58,0.39152209290557155
57101,9505.02,1,106,14.6,0.02,1,17,1,0,1,1,0,1,12,14,0.5202581303735081
57201,9520.46,0,46,8.1,0.02,0,15,0,0,1,1,0,1,6,9,0.6583919126518024
57301,9535.58,4,80,36.4,0.02,4,24,4,0,1,1,0,2,9,6,0.7295301991671012
57401,9551.02,4,135,46.1,0.02,4,35,4,0,1,1,0,2,14,19,0.5117248401425566
57501,9565.32,1,104,25.8,0.02,1,28,1,0,1,1,0,1,13,12,0.6922868496868919
57601,9582.77,5,129,16.0,0.02,0,22,2,1,1,1,0,0,12,10,0.4295858926097343
57701,9600.36,0,14,-3.1,0.02,0,3,0,0,1,1,0,1,2,1,0.36275478209015644
57801,9620.65,4,154,32.2,0.02,4,25,2,0,1,1,0,5,17,28,0.6460383700277688
57901,9637.3,1,155,23.5,0.02,1,26,1,0,1,1,0,1,15,15,0.49101504252672007
58001,9653.57,0,400,31.8,0.02,0,44,2,0,0,0,1,8,41,42,0.42855349337330917
58101,9671.58,9,376,37.6,0.02,4,41,3,1,1,1,0,13,43,54,0.4367201362190161
58201,9688.19,2,129,35.2,0.02,2,33,2,0,1,1,0,1,14,18,0.6061516996382703
58301,9704.12,7,381,24.9,0.02,2,37,1,1,1,1,0,10,44,71,0.5016211272833361
58401,9721.33,1,33,15.2,0.02,1,16,1,0,1,1,0,0,4,8,0.7747841110754167
58501,9741.1,2,111,26.7,0.02,2,24,2,0,1,1,0,1,13,13,0.5244661938442144
58601,9757.74,3,70,32.9,0.02,3,25,3,0,1,1,0,1,8,11,0.5718301163510154
58701,9774.37,1,319,21.4,0.02,1,30,1,0,1,1,0,4,35,46,0.3746735805939104
58801,9793.98,3,184,42.9,0.02,3,36,2,0,1,1,0,1,18,21,0.3725705696277218
58901,9812.07,0,366,9.2,0.02,0,29,0,0,1,1,0,9,44,58,0.45405267079480094
59001,9828.82,0,36,11.0,0.02,0,18,0,0,1,1,0,1,5,10,0.5303787148666433
59101,9845.52,0,6,-2.1,0.02,0,3,0,0,1,1,0,0,1,1,0.44666902901726546
59201,9859.68,1,400,30.5,0.02,1,41,1,0,0,0,1,10,47,55,0.4467254139255094
59301,9875.21,5,214,53.5,0.02,5,37,6,0,1,1,0,1,22,25,0.47376337042970684
59401,9892.01,0,13,1.7,0.02,0,7,0,0,1,1,0,0,2,3,0.6991935035708555
59501,9905.71,2,172,27.9,0.02,2,32,2,0,1,1,0,7,18,21,0.6605079824111385
59601,9920.94,0,243,19.5,0.02,0,29,1,0,1,1,0,2,26,25,0.40813225470189046
59701,9936.18,12,203,32.5,0.02,2,34,2,2,1,1,0,4,23,25,0.5301192370530239
59801,9954.0,3,400,25.0,0.02,3,28,3,0,0,0,1,13,38,50,0.3815175012762808
59901,9971.07,2,83,30.4,0.02,2,29,2,0,1,1,0,3,10,6,0.738766828607675
60001,9988.54,3,90,39.1,0.02,3,31,3,0,1,1,0,1,10,9,0.5536803987998735
60101,10004.18,6,112,52.1,0.02,6,30,5,0,1,1,0,2,11,9,0.6866831203961025
60201,10020.78,2,109,25.9,0.02,2,22,2,0,1,1,0,0,12,11,0.414210036552452
60301,10036.7,2,129,37.1,0.02,2,37,1,0,1,1,0,3,15,19,0.5889197713591685
60401,10053.53,6,253,31.0,0.02,1,36,1,1,1,1,0,2,23,30,0.3981256775046746
60501,10070.26,3,336,11.1,0.02,3,13,2,0,1,1,0,7,36,49,0.48660468030960435
60601,10086.89,1,50,9.6,0.02,1,12,1,0,0,1,0,2,6,4,0.8312121364512444
60701,10104.96,5,226,54.6,0.02,5,41,6,0,1,1,0,4,24,24,0.5964796543045753
60801,10121.74,8,400,24.1,0.02,3,25,3,1,0,0,1,11,42,49,0.6082079726843733
60901,10139.58,1,56,13.0,0.02,1,15,1,0,0,1,0,1,7,10,1.207287433363083
61001,10156.62,0,21,2.3,0.02,0,9,0,0,1,1,0,1,3,7,0.4955635921754289
61101,10172.94,9,237,62.4,0.02,4,53,3,1,1,1,0,3,28,26,0.6177093325973549
61201,10188.58,4,243,36.9,0.02,4,32,4,0,1,1,0,8,24,21,0.47724348067484323
61301,10205.2,1,104,28.7,0.02,1,31,1,0,1,1,0,1,13,13,0.704897355599009
61401,10222.66,3,289,47.8,0.02,3,45,5,0,1,1,0,4,29,32,0.4339197081911186
61501,10238.35,7,400,40.7,0.02,2,47,1,1,0,0,1,11,45,53,0.46161246867591926
61601,10253.83,1,38,14.2,0.02,1,15,1,0,1,1,0,0,5,8,0.8080201233719049
61701,10271.53,2,322,26.2,0.02,2,33,1,0,1,1,0,8,32,38,0.44132237419720394
61801,10290.18,7,172,37.3,0.02,2,37,2,1,1,1,0,3,18,17,0.6013947473788291
61901,10310.1,4,122,48.3,0.02,4,36,3,0,1,1,0,1,12,17,0.6787034429325343
62001,10325.89,1,33,11.8,0.02,2,8,2,0,1,1,0,1,4,2,0.5719923459909756
62101,10341.48,4,201,57.9,0.02,4,49,4,0,1,1,0,4,20,21,0.5302298476786751
62201,10357.78,11,400,29.1,0.02,1,36,3,2,0,0,1,7,44,49,0.3581775413421635
62301,10375.44,0,400,-11.1,0.02,0,3,1,0,0,0,1,4,45,101,0.3669299378338238
62401,10393.31,0,21,0.6,0.02,0,6,0,0,1,1,0,0,3,4,0.3944532423114734
62501,10408.54,9,161,46.5,0.02,4,36,5,1,1,1,0,2,18,25,0.5983220578240546
62601,10426.25,7,324,32.2,0.02,2,36,5,1,1,1,0,5,33,38,0.39981118716640845
62701,10442.03,2,138,28.8,0.02,2,27,2,0,0,1,0,2,16,12,0.40269257452506685
62801,10459.99,3,400,37.6,0.02,3,39,2,0,0,0,1,11,42,54,0.45197492514889837
62901,10474.32,0,53,9.6,0.02,0,16,1,0,1,1,0,1,6,4,0.5165953886542067
63001,10490.3,0,15,0.9,0.02,0,6,0,0,1,1,0,0,2,1,0.3944329090053823
63101,10507.17,1,86,28.9,0.02,1,30,2,0,1,1,0,0,9,11,0.6813216999607958
63201,10523.76,0,52,6.3,0.02,0,15,0,0,1,1,0,3,7,7,0.7240012313012514
63301,10540.42,3,130,28.2,0.02,3,22,2,0,1,1,0,3,15,8,0.7688693205834716
63401,10557.67,4,400,42.2,0.02,4,38,3,0,0,0,1,11,46,48,0.40242334838547555
63501,10572.4,2,60,30.2,0.02,2,27,2,0,1,1,0,1,7,8,0.9906825142769341
63601,10588.74,3,62,25.4,0.02,3,21,3,0,1,1,0,5,7,6,1.6563808201004184
63701,10603.72,2,96,31.8,0.02,2,29,2,0,1,1,0,1,10,12,0.4922092825465354
63801,10621.15,3,400,47.6,0.02,3,47,3,0,0,0,1,10,45,44,0.4755011612307195
63901,10637.59,0,127,19.8,0.02,0,27,1,0,1,1,0,1,16,12,0.3781356112480108
64001,10655.13,7,400,35.4,0.02,2,37,2,1,0,0,1,6,48,56,0.40704650950676025
64101,10670.19,1,82,19.5,0.02,1,21,1,0,1,1,0,0,10,15,0.7546368666346294
64201,10686.51,0,46,12.0,0.02,0,18,2,0,1,1,0,0,6,10,0.44067240070945696
64301,10703.18,8,356,41.4,0.02,3,38,2,1,0,0,1,7,42,46,0.4770304464121893
64401,10720.91,2,132,34.2,0.02,2,33,2,0,1,1,0,2,14,18,0.6071359591057546
64501,10737.9,0,45,13.9,0.02,0,20,0,0,1,1,0,0,6,11,0.5324652521390879
64601,10755.96,1,67,21.9,0.02,1,24,1,0,1,1,0,1,9,11,0.46893811129799023
64701,10770.85,0,28,8.7,0.02,0,15,0,0,1,1,0,1,4,3,0.5876102467047577
64801,10788.59,11,400,60.0,0.02,6,42,4,1,0,0,1,7,48,50,0.4430910952877875
64901,10807.49,3,190,48.0,0.02,3,42,2,0,1,1,0,2,20,20,0.5501835549719543
65001,10824.38,1,338,18.7,0.02,1,32,1,0,1,1,0,9,42,43,0.40154027710449913
65101,10838.49,1,67,14.5,0.02,1,17,1,0,1,1,0,2,8,5,0.6667709456777365
65201,10854.86,1,69,25.2,0.02,1,28,2,0,1,1,0,2,9,8,0.7940735603700588
65301,10872.57,1,124,12.4,0.02,1,16,3,0,1,1,0,3,15,6,0.762579141710466
65401,10889.03,0,14,-1.1,0.02,0,5,0,0,1,1,0,1,2,1,0.3580571430012582
65501,10904.7,13,308,16.6,0.02,3,20,2,2,1,1,0,9,31,44,0.45255396388901126
65601,10916.89,1,26,9.8,0.02,1,11,1,0,1,1,0,1,3,2,0.6481562774265294
65701,10933.55,1,46,11.5,0.02,1,14,2,0,1,1,0,1,6,15,0.5757103336327185
65801,10950.3,0,45,8.3,0.02,0,14,1,0,1,1,0,0,6,7,0.7426385899123515
65901,10966.59,5,203,52.8,0.02,5,36,5,0,0,1,0,1,20,22,0.5000469103866478
66001,10982.75,0,37,2.2,0.02,0,10,1,0,1,1,0,2,5,8,0.49383956412956026
66101,10998.0,0,60,14.1,0.02,0,20,1,0,1,1,0,0,8,9,0.687788837632635
66201,11013.87,1,53,20.3,0.02,1,22,2,0,1,1,0,1,7,7,0.5528303279931358
66301,11030.74,7,122,26.4,0.02,2,24,2,1,1,1,0,2,12,6,0.5841271077628085
66401,11048.41,7,400,37.9,0.02,2,43,3,1,0,0,1,10,45,51,0.4307053292346901
66501,11064.38,0,244,9.4,0.02,0,23,3,0,1,1,0,4,27,46,0.4531259248067907
66601,11080.55,1,34,7.1,0.02,1,8,1,0,1,1,0,0,4,9,0.9176897925282284
66701,11095.68,2,48,18.4,0.02,2,16,2,0,1,1,0,2,6,6,0.6632094761918818
66801,11112.5,4,135,39.8,0.02,4,28,2,0,1,1,0,2,15,12,0.6657155263671365
66901,11128.92,4,354,23.4,0.02,4,24,4,0,1,1,0,12,36,36,0.483724080173595
67001,11147.01,3,150,32.7,0.02,3,28,3,0,0,1,0,3,16,23,0.472543630304145
67101,11162.93,1,81,20.7,0.02,1,24,1,0,1,1,0,2,9,13,1.0243723611884032
67201,11178.59,1,45,19.3,0.02,1,22,2,0,1,1,0,2,6,7,1.0774839075289673
67301,11194.93,7,184,26.9,0.02,2,28,3,1,1,1,0,4,19,21,0.41779927015421003
67401,11213.04,1,98,23.0,0.02,1,24,0,0,1,1,0,0,11,10,0.6103642145928193
67501,11227.74,1,82,12.3,0.02,1,17,1,1,1,1,0,3,10,17,0.528615889963329
67601,11244.7,6,101,16.1,0.02,1,19,0,1,1,1,0,2,10,9,0.5230715538289524
67701,11262.52,1,121,20.9,0.02,1,26,2,0,1,1,0,3,13,21,0.6050223542765782
67801,11278.1,2,144,36.4,0.02,2,36,2,1,1,1,0,3,17,16,0.6823273093391657
67901,11293.58,3,256,49.0,0.02,3,45,2,0,1,1,0,3,25,30,0.4653024857949265
68001,11310.3,0,21,0.3,0.02,0,7,0,0,1,1,0,1,3,7,0.397604215141006
68101,11325.19,1,72,19.9,0.02,1,21,2,0,1,1,0,0,10,11,0.6888342695732469
68201,11342.91,0,95,12.0,0.02,0,20,0,0,1,1,0,2,11,10,0.4254210691105784
68301,11359.64,0,96,17.5,0.02,0,24,0,0,0,1,0,0,11,15,0.5449689278381799
68401,11376.99,2,400,40.4,0.02,2,43,3,0,0,0,1,7,45,56,0.4474245376504034
68501,11395.72,2,400,47.2,0.02,2,49,2,0,0,0,1,6,43,58,0.4136941338833226
68601,11413.89,1,73,7.9,0.02,1,12,1,0,1,1,0,3,7,11,0.6458680918850873
68701,11428.98,3,259,33.6,0.02,3,34,3,0,0,1,0,8,27,24,0.44793825859614755
68801,11444.63,0,13,-1.5,0.02,0,4,1,0,1,1,0,0,2,5,1.4342157229716241
68901,11460.14,0,76,3.9,0.02,1,6,1,0,1,1,0,2,9,1,0.7246248137118482
69001,11476.07,3,239,39.5,0.02,3,40,3,0,1,1,0,8,24,25,0.4479315125595958
69101,11492.81,6,81,25.9,0.02,1,28,1,1,1,1,0,1,9,11,0.5511989668126416
69201,11506.82,10,217,56.5,0.02,5,45,5,1,1,1,0,6,22,25,0.413998382299663
69301,11525.02,7,198,25.7,0.02,2,32,2,1,1,1,0,9,20,23,0.41488374906157083
69401,11539.49,0,7,-3.0,0.02,0,2,0,0,1,1,0,0,1,0,0.3395258328144547
69501,11554.31,4,291,62.8,0.02,4,56,3,0,1,1,0,5,30,32,0.41873968201512823
69601,11571.14,3,107,31.3,0.02,3,24,2,0,1,1,0,1,12,17,0.7726508463772732
69701,11586.65,2,229,43.6,0.02,2,44,3,0,1,1,0,2,26,34,0.4967578422364955
69801,11603.71,5,127,17.3,0.02,0,25,1,1,1,1,0,1,15,17,0.5584349116459255
69901,11621.18,9,327,43.5,0.02,4,41,5,1,1,1,0,8,35,45,0.5140606799176065
70001,11636.2,0,58,6.9,0.02,0,15,0,0,1,1,0,2,7,11,0.4832155519437152
70101,11655.22,4,400,41.1,0.02,4,39,3,0,0,0,1,13,42,49,0.5161594276899896
70201,11672.08,2,400,10.2,0.02,2,19,0,0,0,0,1,15,30,38,0.47957837187587954
70301,11687.72,3,142,31.7,0.02,3,25,3,0,1,1,0,1,16,23,0.5854465754358591
70401,11703.27,4,140,42.2,0.02,4,29,4,0,1,1,0,0,15,18,0.44303063913566926
70501,11720.12,5,111,44.9,0.02,5,28,5,0,1,1,0,2,12,11,0.881818522674916
70601,11736.11,1,82,22.1,0.02,1,25,1,0,1,1,0,2,9,9,0.6162908588216826
70701,11751.77,3,239,38.9,0.02,3,38,3,0,1,1,0,7,23,21,0.6183344981248207
70801,11770.58,2,63,19.6,0.02,2,17,3,0,1,1,0,2,8,4,0.857315498511123
70901,11784.95,6,134,53.5,0.02,6,31,7,0,1,1,0,1,16,15,0.5975683646372153
71001,11801.33,1,61,21.8,0.02,1,24,1,0,1,1,0,1,8,12,0.5620911668265932
71101,11820.43,6,127,25.3,0.02,1,30,1,1,1,1,0,3,14,17,0.5759018838839598
71201,11835.86,8,192,44.3,0.02,3,42,4,1,1,1,0,6,21,17,0.5544688874760871
71301,11852.84,3,215,44.7,0.02,3,41,4,0,1,1,0,3,22,33,0.5469036362041837
71401,11871.05,2,209,9.2,0.02,2,14,2,0,1,1,0,4,25,58,0.5406159487996643
71501,11890.0,2,357,30.3,0.02,2,39,4,0,1,1,0,9,37,47,0.4886538775576716
71601,11905.68,7,353,20.0,0.02,2,31,3,1,1,1,0,11,39,50,0.4976228138914629
71701,11923.25,4,158,41.4,0.02,4,30,3,0,1,1,0,2,13,16,0.5355178306022121
71801,11937.25,5,400,48.4,0.02,5,44,4,0,0,0,1,15,42,56,0.5471204152689424
71901,11953.77,1,54,7.4,0.02,1,13,1,0,1,1,0,5,7,6,0.5078885379234938
72001,11968.57,2,398,18.5,0.02,2,34,2,0,1,1,0,15,46,55,0.44004931889482984
72101,11984.66,1,175,11.9,0.02,1,16,1,0,0,1,0,3,20,11,0.6989525424060011
72201,11999.16,2,349,20.0,0.02,2,25,2,0,1,1,0,5,36,50,0.361263299510423
72301,12015.87,2,146,22.7,0.02,2,25,0,0,1,1,0,6,13,13,0.6451740867548323
72401,12031.41,4,135,40.3,0.02,4,30,2,0,1,1,0,3,13,17,0.58675583533641
72501,12049.85,2,187,36.5,0.02,2,40,3,0,1,1,0,6,22,25,0.7251361434032165
72601,12066.31,0,64,19.0,0.02,0,27,2,0,1,1,0,2,9,10,0.8775389199884477
72701,12084.19,1,400,16.2,0.02,1,20,2,0,0,0,1,5,43,38,0.44869172748248504
72801,12102.85,8,400,43.4,0.02,3,43,1,1,0,0,1,10,42,46,0.4973186375565245
72901,12120.22,2,75,20.3,0.02,2,17,2,0,1,1,0,1,9,7,0.6192540594905519
73001,12138.47,2,83,23.4,0.02,2,19,1,0,1,1,0,0,9,6,0.8617904804923993
73101,12157.41,0,13,-2.0,0.02,0,4,0,0,1,1,0,1,2,0,0.6581714446861852
73201,12174.01,0,29,9.5,0.02,0,15,0,0,1,1,0,0,4,5,0.7220328413857964
73301,12191.91,1,88,30.8,0.02,1,35,3,0,1,1,0,3,11,12,0.7964830727375743
73401,12207.06,5,262,56.0,0.02,5,44,5,0,1,1,0,6,26,20,0.4224011003921348
73501,12223.44,9,400,48.0,0.02,4,40,5,1,0,0,1,6,45,60,0.42588790150107436
73601,12240.18,3,82,29.5,0.02,3,22,3,0,1,1,0,1,9,15,0.886341830612206
73701,12257.91,7,136,14.5,0.02,2,18,4,1,1,1,0,7,13,15,0.6191864070531967
73801,12274.86,5,148,53.3,0.02,5,36,4,0,1,1,0,1,18,17,0.5180875828044588
73901,12288.55,4,256,40.9,0.02,4,35,2,0,1,1,0,6,27,31,0.42253278510657677
74001,12305.92,2,256,33.5,0.02,2,37,2,0,1,1,0,6,27,25,0.4902454370846768
74101,12323.28,0,41,11.5,0.02,0,17,0,0,1,1,0,0,5,5,0.47285618362254883
74201,12339.29,3,104,27.3,0.02,3,20,2,0,1,1,0,2,12,7,0.9297571444629161
74301,12355.22,0,61,15.8,0.02,0,22,0,0,1,1,0,0,8,12,0.48121222694269145
74401,12370.46,13,400,42.1,0.02,3,42,3,2,0,0,1,11,38,39,0.41058584301653767
74501,12385.82,0,62,20.0,0.02,0,26,1,0,1,1,0,0,8,10,0.4912186117897731
74601,12402.53,3,294,35.1,0.02,3,31,2,0,0,1,0,3,28,29,0.5146149535778878
74701,12418.35,3,102,30.4,0.02,3,26,3,0,1,1,0,4,11,16,0.46358877148544975
74801,12436.92,4,125,45.1,0.02,4,35,3,0,1,1,0,3,14,19,0.6284374157172902
74901,12455.35,3,172,38.3,0.02,3,34,5,0,1,1,0,4,17,17,0.4472340570419628
75001,12472.24,1,42,16.3,0.02,1,17,2,0,1,1,0,0,5,7,0.5092796910434351
75101,12489.45,0,28,7.2,0.02,0,13,0,0,1,1,0,0,4,8,0.5409447323387722
75201,12504.64,1,55,17.1,0.02,1,18,1,0,1,1,0,0,7,9,0.5238659141741641
75301,12522.62,3,62,25.5,0.02,3,16,2,0,1,1,0,0,7,5,0.9320484300429812
75401,12541.1,2,386,24.0,0.02,2,39,3,0,1,1,0,13,46,70,0.5233223713369801
75501,12557.11,3,111,42.8,0.02,3,35,4,0,1,1,0,1,14,12,0.7378824206676878
75601,12573.66,2,89,35.6,0.02,2,35,4,0,1,1,0,3,10,14,0.6115411843010451
75701,12590.62,2,137,26.8,0.02,2,24,3,0,1,1,0,1,17,12,0.5765435581539582
75801,12607.17,1,80,18.8,0.02,1,21,2,0,1,1,0,1,9,12,0.5108265558555317
75901,12623.62,5,191,56.4,0.02,5,41,6,0,0,0,1,8,22,16,0.6345239778308824
76001,12639.58,2,71,21.3,0.02,2,19,0,0,0,1,0,2,8,7,0.7276661510840126
76101,12656.53,0,14,-1.1,0.02,0,5,0,0,1,1,0,1,2,1,0.29565570843545724
76201,12673.51,0,20,3.4,0.02,0,10,0,0,1,1,0,1,3,6,0.6238871410562393
76301,12687.09,0,7,-3.2,0.02,0,2,0,0,1,1,0,0,1,2,0.36738229693998853
76401,12704.7,1,24,6.8,0.02,1,8,2,0,1,1,0,1,3,2,0.5357930130882625
76501,12723.07,2,400,24.3,0.02,2,31,2,0,0,0,1,12,44,47,0.45226147624570423
76601,12740.05,2,185,38.8,0.02,2,38,1,0,1,1,0,2,18,22,0.4350137655892059
76701,12756.73,3,239,40.4,0.02,3,37,3,0,1,1,0,4,25,26,0.5403397976410517
76801,12773.69,0,28,0.9,0.02,0,7,0,0,1,1,0,1,4,1,0.571543955246973
76901,12790.18,1,111,27.7,0.02,1,31,0,0,1,1,0,2,14,13,0.4294615177764565
77001,12806.99,2,87,19.2,0.02,2,18,2,0,1,1,0,3,10,8,0.45978859378176773
77101,12824.09,1,86,17.9,0.02,1,21,1,0,1,1,0,2,7,11,0.47629886181114656
77201,12838.69,8,184,40.1,0.02,3,37,4,1,1,1,0,5,21,19,0.6997882518392294
77301,12853.19,1,35,10.6,0.02,1,13,1,0,1,1,0,2,5,4,0.7124801605421512
77401,12870.45,5,400,58.5,0.02,5,43,4,0,0,0,1,5,39,45,0.4334083499709181
77501,12885.07,9,183,55.9,0.02,4,48,4,1,1,1,0,5,20,21,0.704637528833623
77601,12904.0,2,199,26.1,0.02,2,28,2,0,1,1,0,4,20,29,0.5969823564278907
77701,12921.72,9,278,41.4,0.02,4,38,4,1,1,1,0,8,26,36,0.7015486356334354
77801,12941.09,2,347,26.6,0.02,2,32,4,0,1,1,0,6,39,44,0.44714375288721847
77901,12958.06,0,36,9.5,0.02,0,15,1,0,1,1,0,0,5,5,1.0273854932668798
78001,12975.26,1,51,14.5,0.02,1,16,2,0,1,1,0,1,7,5,0.5477063298867373
78101,12991.25,0,66,9.0,0.02,0,15,0,0,1,1,0,0,9,10,0.7126949303085971
78201,13004.01,0,43,7.6,0.02,0,16,0,0,1,1,0,3,6,4,0.8072277136336777
78301,13020.45,7,98,17.7,0.02,2,16,2,1,1,1,0,2,10,13,0.6500972681433272
78401,13036.57,0,22,1.4,0.02,0,8,1,0,1,1,0,1,3,6,0.39717844037456146
78501,13051.34,0,81,15.5,0.02,0,22,0,0,1,1,0,0,9,15,0.6205273408610313
78601,13066.18,1,82,20.2,0.02,1,21,1,0,1,1,0,0,9,8,0.4097836015358499
78701,13081.44,3,392,27.4,0.02,3,26,1,0,1,1,0,4,40,46,0.33128156000067177
78801,13096.93,3,400,32.3,0.02,3,31,2,0,0,0,1,10,42,37,0.44108829403216676
78901,13116.6,2,400,25.2,0.02,2,31,1,0,0,0,1,11,47,48,0.4375302454784818
79001,13132.97,3,289,31.2,0.02,3,29,1,0,1,1,0,4,31,38,0.39673608812963423
79101,13150.21,5,400,16.7,0.02,0,40,0,1,0,0,1,17,43,63,0.5816499572985552
79201,13168.05,2,71,19.8,0.02,2,16,2,0,1,1,0,0,7,12,0.47878108932909136
79301,13184.44,0,50,10.5,0.02,0,19,0,0,1,1,0,3,7,5,0.7553234374623463
79401,13201.6,0,39,12.4,0.02,0,18,1,0,1,1,0,0,5,6,0.5023742824276543
79501,13217.49,1,17,4.5,0.02,1,5,1,0,1,1,0,0,2,5,0.6436991195098931
79601,13233.15,0,6,-3.2,0.02,0,3,0,0,1,1,0,1,1,2,0.6013155741070446
79701,13251.31,5,114,47.7,0.02,5,30,4,0,1,1,0,1,12,13,0.7336892734455792
79801,13268.72,11,344,17.3,0.02,1,30,1,2,1,1,0,9,34,37,0.4085621333190728
79901,13284.93,0,20,3.5,0.02,0,9,2,0,1,1,0,0,3,5,0.44149814802937903
80001,13302.94,7,209,43.2,0.02,2,42,2,1,1,1,0,1,25,28,0.4593706461427723
80101,13318.43,0,51,7.9,0.02,0,15,0,0,1,1,0,1,7,11,0.8178866830786017
80201,13335.76,2,392,29.3,0.02,2,38,0,0,1,1,0,9,40,47,0.3837543932977502
80301,13351.54,3,72,26.6,0.02,3,21,4,0,1,1,0,3,9,14,0.7895779275833691
80401,13368.53,0,13,2.6,0.02,0,8,0,0,1,1,0,0,2,4,0.7057723529911366
80501,13387.3,0,89,14.7,0.02,0,23,0,0,1,1,0,2,11,13,0.4845839675528158
80601,13405.81,4,189,55.4,0.02,4,46,4,0,1,1,0,3,20,26,0.6082255222558042
80701,13419.99,3,37,21.6,0.02,3,13,3,0,1,1,0,1,4,4,0.7783973797343503
80801,13438.06,4,227,31.7,0.02,4,30,1,0,1,1,0,11,21,23,0.6078794856256824
80901,13455.36,2,78,22.4,0.02,2,19,2,0,1,1,0,1,9,6,0.5259337221290844
81001,13472.36,2,151,37.8,0.02,2,37,3,0,1,1,0,2,15,22,0.5938422324204435
81101,13490.35,3,87,24.8,0.02,3,19,3,0,1,1,0,3,8,12,0.7404012196475216
81201,13507.66,2,46,17.5,0.02,2,13,2,0,1,1,0,0,5,5,0.8559968518610414
81301,13524.24,1,67,20.4,0.02,1,22,2,0,1,1,0,1,9,6,0.8056740864875461
81401,13541.11,3,82,29.1,0.02,3,21,2,0,0,1,0,1,9,9,0.7590797858138989
81501,13558.2,1,400,30.6,0.02,1,39,1,0,0,0,1,8,45,54,0.4059252026209349
81601,13573.04,0,63,13.4,0.02,0,19,0,0,1,1,0,0,8,6,0.4178852993415091
81701,13588.96,1,33,9.3,0.02,1,11,1,0,1,1,0,1,4,7,1.120777407998988
81801,13605.11,3,238,45.2,0.02,3,43,3,0,1,1,0,5,27,28,0.4964407656899989
81901,13621.31,3,108,33.5,0.02,3,30,1,0,1,1,0,5,13,15,0.948100643229845
82001,13635.63,6,400,20.3,0.02,1,35,2,1,0,0,1,14,47,57,0.4517364614009008
82101,13650.94,0,13,1.5,0.02,0,8,1,0,1,1,0,1,2,5,1.5619763561939206
82201,13664.91,3,179,39.7,0.02,3,35,4,0,1,1,0,3,20,23,0.6399793134676623
82301,13680.69,1,39,13.3,0.02,1,15,1,0,1,1,0,1,5,7,0.9407044741970253
82401,13696.87,1,20,8.7,0.02,1,9,1,0,1,1,0,0,2,3,1.4070946383203196
82501,13712.14,2,139,40.8,0.02,2,41,4,0,1,1,0,3,16,22,0.568127691875412
82601,13727.89,2,109,36.8,0.02,2,34,2,0,1,1,0,1,14,12,0.5184385054033087
82701,13742.81,1,280,38.4,0.02,1,50,2,0,1,1,0,8,29,36,0.44850890597584653
82801,13758.46,4,400,41.0,0.02,4,34,4,0,0,0,1,8,44,50,0.4362690417282544
82901,13772.84,12,400,30.8,0.02,2,38,2,2,0,0,1,12,41,52,0.4831354415226964
83001,13788.53,2,151,35.1,0.02,2,36,2,0,1,1,0,4,16,19,0.6559745729277384
83101,13806.9,2,272,36.3,0.02,2,40,3,0,1,1,0,5,29,37,0.4896210796603158
83201,13825.6,7,400,30.4,0.02,2,33,3,1,0,0,1,7,45,56,0.41461425372623245
83301,13843.03,2,139,29.8,0.02,2,29,1,0,1,1,0,3,12,12,0.5484099295547135
83401,13859.47,2,400,19.6,0.02,2,31,1,0,0,0,1,16,47,54,0.4621736042229402
83501,13876.25,2,400,27.7,0.02,2,31,3,0,0,0,1,8,43,53,0.3663844776507539
83601,13892.09,3,400,45.6,0.02,3,45,3,0,0,0,1,9,45,54,0.4155817088256462
83701,13909.04,6,111,44.2,0.02,6,23,3,0,1,1,0,3,12,8,0.7510910248824311
83801,13925.82,7,364,20.6,0.02,2,31,1,1,1,1,0,11,40,44,0.4752720694128585
83901,13942.91,1,134,22.1,0.02,1,25,1,0,1,1,0,1,12,19,0.45370217852497
84001,13958.84,2,300,23.5,0.02,2,28,3,0,1,1,0,7,25,25,0.3860120586607642
84101,13975.29,3,69,28.2,0.02,3,20,3,0,1,1,0,1,8,8,0.8354443449797699
84201,13991.2,2,102,37.7,0.02,2,34,2,0,1,1,0,0,13,13,0.49939345227106086
84301,14008.11,6,267,28.3,0.02,1,35,1,1,1,1,0,4,28,27,0.39740703672100597
84401,14026.59,2,92,24.3,0.02,2,23,2,0,1,1,0,2,11,17,0.4838916165085008
84501,14043.12,0,121,21.3,0.02,0,29,0,0,1,1,0,1,15,17,0.5743379143803526
84601,14058.48,1,102,29.9,0.02,1,35,1,0,0,1,0,3,12,21,0.7013574953138403
84701,14074.35,5,108,12.2,0.02,0,21,0,1,1,1,0,2,12,18,0.33967823220899124
84801,14088.72,1,46,13.7,0.02,1,16,1,0,1,1,0,2,5,3,0.6220372704575904
84901,14104.14,7,400,32.8,0.02,2,38,4,1,0,0,1,10,43,52,0.42474707820273533
85001,14121.93,0,6,-4.0,0.02,0,2,1,0,1,1,0,1,1,0,0.5009329674033337
85101,14138.29,6,175,33.9,0.02,1,40,2,1,1,1,0,3,20,31,0.5437316173134417
85201,14156.0,2,400,19.2,0.02,2,29,1,0,0,0,1,14,42,58,0.42935930028540353
85301,14170.69,0,65,13.1,0.02,0,20,0,0,1,1,0,1,9,9,0.4334898569111289
85401,14186.27,5,277,3.4,0.02,0,17,1,1,1,1,0,7,32,16,0.45556614847305765
85501,14200.67,3,34,15.2,0.02,3,6,1,0,1,1,0,0,3,8,1.1450293303532568
85601,14219.27,3,129,34.6,0.02,3,29,3,0,1,1,0,3,15,14,0.4707862873068369
85701,14237.47,0,34,8.5,0.02,0,14,1,0,1,1,0,0,5,5,0.5587019583620081
85801,14253.71,1,84,18.9,0.02,1,23,1,0,1,1,0,3,10,11,0.6576975698808133
85901,14270.08,3,243,32.3,0.02,3,28,3,0,1,1,0,3,23,27,0.45626381550987904
86001,14287.59,1,126,37.2,0.02,1,42,4,0,1,1,0,3,14,18,0.5075237990573406
86101,14301.71,2,120,31.4,0.02,2,28,3,0,1,1,0,0,13,16,0.42723987772334504
86201,14321.49,2,400,26.0,0.02,2,35,2,0,0,0,1,14,44,50,0.4526271102960934
86301,14338.09,0,6,-3.0,0.02,0,3,0,0,1,1,0,1,1,0,0.42525335828701
86401,14355.68,3,79,38.8,0.02,3,32,3,0,0,1,0,2,9,12,0.8606900049914427
86501,14372.33,8,400,20.9,0.02,3,23,3,1,0,0,1,12,42,51,0.4322715213808967
86601,14388.24,0,80,14.0,0.02,0,21,1,0,1,1,0,1,10,10,0.6291538403021351
86701,14406.14,2,109,20.5,0.02,2,20,2,0,1,1,0,3,13,15,0.7132746586289151
86801,14422.39,2,192,30.9,0.02,2,32,2,0,0,1,0,4,19,21,0.4048692751439273
86901,14438.14,4,99,50.5,0.02,4,37,4,0,1,1,0,0,11,15,0.7933157430199841
87001,14456.71,2,400,24.5,0.02,2,29,2,0,0,0,1,9,45,55,0.4378809467562819
87101,14472.99,2,397,35.8,0.02,2,45,2,0,1,1,0,9,44,52,0.42764794326576594
87201,14490.29,0,112,14.3,0.02,0,23,0,0,1,1,0,2,12,17,0.5693153322619535
87301,14506.04,4,205,37.9,0.02,4,29,4,0,1,1,0,4,22,21,0.4481919192895811
87401,14523.95,2,242,37.7,0.02,2,40,2,0,1,1,0,5,24,23,0.3919373962882175
87501,14539.45,6,144,28.1,0.02,1,34,2,1,1,1,0,4,16,19,0.5672506383210565
87601,14556.26,1,215,27.1,0.02,1,37,2,0,1,1,0,7,23,29,0.5023964981521846
87701,14571.67,3,207,37.2,0.02,3,35,4,0,1,1,0,5,21,28,0.456592765955378
87801,14587.93,4,400,32.9,0.02,4,28,4,0,0,0,1,10,46,51,0.44769831245625336
87901,14604.2,2,83,23.7,0.02,2,22,1,0,1,1,0,2,9,13,0.7046212006539734
88001,14620.17,8,400,39.1,0.02,3,34,3,1,0,0,1,6,40,39,0.48359438540152033
88101,14640.85,1,47,8.6,0.02,1,10,1,0,1,1,0,1,4,4,0.7047011596499975
88201,14655.49,1,53,13.2,0.02,1,15,1,0,0,1,0,1,6,8,1.0783065552677156
88301,14671.33,0,6,-3.1,0.02,0,2,1,0,1,1,0,0,1,1,0.31379640147925625
88401,14686.82,1,82,21.3,0.02,1,24,1,0,1,1,0,1,10,17,0.43482938233341095
88501,14701.53,2,400,13.5,0.02,2,27,1,0,0,0,1,17,43,65,0.46574709526957947
88601,14716.98,3,324,43.6,0.02,3,44,1,0,1,1,0,7,31,34,0.5172237944066598
88701,14731.73,5,387,52.4,0.02,5,48,5,0,1,1,0,11,42,46,0.479212157028381
88801,14748.35,0,72,8.3,0.02,0,17,0,0,0,1,0,3,9,7,0.6695168893019795
88901,14764.47,2,151,42.5,0.02,2,40,3,0,0,1,0,1,17,15,0.5779786096100564
89001,14783.17,2,126,30.5,0.02,2,29,4,0,1,1,0,2,15,15,0.6077063578643853
89101,14799.99,0,6,-3.0,0.02,0,3,0,0,1,1,0,1,1,0,0.4045405697047353
89201,14817.63,9,400,54.7,0.02,4,49,4,1,0,0,1,10,44,43,0.4332973645070436
89301,14834.99,1,285,28.9,0.02,1,36,2,0,1,1,0,4,31,31,0.38802161447171113
89401,14851.35,1,209,18.5,0.02,1,26,1,0,1,1,0,5,23,25,0.40202629387882965
89501,14868.39,1,123,29.0,0.02,1,33,3,0,1,1,0,3,15,10,0.7121614482625016
89601,14886.35,8,327,42.4,0.02,3,41,2,1,1,1,0,5,36,36,0.45762400896882577
89701,14904.84,0,13,2.7,0.02,0,8,0,0,1,1,0,0,2,3,0.5880571168180957
89801,14920.18,2,183,31.8,0.02,2,33,1,0,0,1,0,4,19,22,0.5141789032707177
89901,14936.95,2,175,21.2,0.02,2,25,2,0,1,1,0,7,17,18,0.637269600937538
90001,14954.27,2,400,30.4,0.02,2,39,2,0,0,0,1,13,46,56,0.4062248018085908
90101,14970.8,2,400,13.6,0.02,2,23,1,0,0,0,1,13,44,64,0.412680185224755
90201,14985.56,0,13,2.7,0.02,0,8,1,0,1,1,0,0,2,3,0.792589900865535
90301,15004.66,6,160,21.4,0.02,1,25,2,1,1,1,0,2,16,16,0.5222369759967662
90401,15021.97,0,6,-5.2,0.02,0,1,0,0,1,1,0,1,1,2,0.2209195380057265
90501,15039.21,1,31,14.5,0.02,1,15,1,0,1,1,0,0,4,5,0.7304415582434761
90601,15055.72,1,38,13.2,0.02,1,14,2,0,1,1,0,0,5,8,0.8912916820695934
90701,15071.01,4,400,40.7,0.02,4,37,3,0,0,0,1,11,43,53,0.45623760424244014
90801,15089.92,3,214,35.8,0.02,3,35,2,0,1,1,0,7,21,22,0.715217981119035
90901,15105.76,0,106,18.3,0.02,0,26,0,0,1,1,0,1,12,17,0.756975534168761
91001,15121.42,1,57,17.3,0.02,1,19,1,0,1,1,0,1,7,7,0.5300337442463455
91101,15137.72,4,96,27.6,0.02,4,15,4,0,0,1,0,1,11,14,0.6752677676413414
91201,15154.98,1,67,18.8,0.02,1,20,1,0,0,1,0,0,8,12,0.6079804218565829
91301,15170.84,1,186,22.3,0.02,1,27,0,0,0,1,0,2,18,27,0.347891254278282
91401,15187.57,2,223,32.4,0.02,2,32,2,0,1,1,0,2,21,26,0.3906470926580608
91501,15201.29,1,142,15.0,0.02,1,18,1,0,1,1,0,2,14,10,0.3862239152137491
91601,15218.36,2,268,30.5,0.02,2,32,3,0,0,1,0,4,23,25,0.4349928972493833
91701,15234.91,2,215,36.2,0.02,2,38,3,0,1,1,0,4,19,28,0.43691035842500353
91801,15250.66,0,16,0.9,0.02,0,7,0,0,1,1,0,1,2,1,0.7755821960775504
91901,15266.8,6,107,31.2,0.02,1,33,1,1,1,1,0,1,12,8,0.5753106846423364
92001,15284.22,5,273,57.6,0.02,5,38,4,0,0,0,1,2,26,34,0.41832911281572643
92101,15302.05,8,400,30.0,0.02,3,33,3,1,0,0,1,12,42,60,0.42664214055690525
92201,15322.31,4,273,33.9,0.02,4,26,2,0,1,1,0,4,28,31,0.48968538647721177
92301,15337.24,1,59,13.0,0.02,1,15,0,0,1,1,0,1,8,10,0.6917327294816686
92401,15355.31,3,347,36.1,0.02,3,39,1,0,1,1,0,8,38,49,0.4879681040897644
92501,15373.63,2,68,23.1,0.02,2,19,2,0,1,1,0,0,8,9,0.49679238932850134
92601,15390.67,3,171,38.9,0.02,3,37,3,0,1,1,0,6,18,21,0.5336129094055149
92701,15407.08,1,49,14.0,0.02,1,16,1,0,1,1,0,1,6,10,0.5683560534547474
92801,15422.29,1,66,19.9,0.02,1,22,2,0,1,1,0,1,7,11,1.0310391368618281
92901,15436.34,2,154,29.8,0.02,2,27,3,0,1,1,0,1,11,12,0.36740217446347856
93001,15451.56,0,73,13.1,0.02,0,19,1,0,1,1,0,0,8,9,0.30922523883585057
93101,15469.25,2,80,30.8,0.02,2,29,2,0,1,1,0,2,10,12,0.7428479662739038
93201,15487.02,1,53,18.5,0.02,1,19,1,0,1,1,0,0,7,5,0.8975998208005657
93301,15504.18,4,64,31.0,0.02,4,18,4,0,1,1,0,1,8,10,0.8304494791745045
93401,15519.34,2,255,12.3,0.02,2,21,4,0,1,1,0,10,26,37,0.39683021468875584
93501,15535.74,5,190,62.1,0.02,5,45,2,0,1,1,0,1,18,19,0.44575689767195587
93601,15552.27,0,29,5.8,0.02,0,12,0,0,1,1,0,1,4,2,0.5147632081257725
93701,15568.7,2,74,22.2,0.02,2,20,0,0,1,1,0,2,9,8,0.789513374035138
93801,15584.05,7,400,25.1,0.02,2,34,1,1,0,0,1,14,46,49,0.5350079869072863
93901,15600.23,1,99,15.9,0.02,1,20,3,0,1,1,0,3,10,11,0.5847589665369856
94001,15616.79,1,162,36.6,0.02,1,41,4,0,1,1,0,2,18,24,0.6138630148078543
94101,15632.98,2,46,17.2,0.02,2,13,2,0,1,1,0,0,6,8,0.6128152027143738
94201,15649.45,2,194,24.0,0.02,2,28,2,0,1,1,0,7,21,20,0.4472540088669013
94301,15669.76,4,157,45.2,0.02,4,34,4,0,1,1,0,2,19,18,0.6364714853387704
94401,15685.79,1,68,12.4,0.02,1,14,1,0,1,1,0,1,7,6,0.43964059651351234
94501,15699.24,2,183,15.3,0.02,2,20,2,0,1,1,0,7,15,27,0.5731433901503076
94601,15716.19,4,61,37.1,0.02,4,23,4,0,1,1,0,0,6,9,0.698610366823859
94701,15731.3,10,273,44.7,0.02,5,34,3,1,1,1,0,6,27,33,0.4963379645584731
94801,15747.93,3,90,33.5,0.02,3,25,3,0,1,1,0,1,10,5,0.635191028232488
94901,15764.0,0,21,4.4,0.02,0,10,0,0,1,1,0,0,3,6,0.5927525835806777
95001,15779.16,0,27,3.3,0.02,0,10,0,0,1,1,0,1,4,7,1.3903461108127915
95101,15795.18,2,112,23.8,0.02,2,21,3,0,1,1,0,1,12,12,0.5839038570518149
95201,15812.4,1,354,16.8,0.02,1,31,2,0,1,1,0,10,38,42,0.41958003479016787
95301,15829.88,4,251,34.9,0.02,4,29,3,0,1,1,0,6,28,31,0.4838872272321924
95401,15848.91,0,70,15.0,0.02,0,24,0,0,1,1,0,3,9,10,0.6294055733167345
95501,15865.05,1,55,15.3,0.02,1,17,2,0,0,1,0,1,7,7,0.5230697143711537
95601,15880.49,0,6,-3.2,0.02,0,3,0,0,1,1,0,1,1,2,0.5981019423217795
95701,15897.53,4,351,38.3,0.02,4,36,1,0,1,1,0,8,39,47,0.5005372296845535
95801,15912.66,2,400,27.6,0.02,2,34,2,0,0,0,1,12,42,44,0.4534177377552597
95901,15928.77,1,152,21.0,0.02,1,26,1,0,1,1,0,3,17,20,0.5804788886547667
96001,15946.09,5,400,43.7,0.02,5,36,4,0,0,0,1,11,45,63,0.47693303643013274
96101,15961.34,2,304,43.7,0.02,2,50,2,0,1,1,0,8,35,33,0.5390502137439781
96201,15975.42,3,186,31.5,0.02,3,26,3,0,0,1,0,2,16,25,0.6409452499696627
96301,15992.61,1,136,25.2,0.02,1,28,2,0,0,1,0,1,15,18,0.5292108628287601
96401,16008.69,10,399,35.1,0.02,5,26,2,1,0,0,1,10,41,59,0.4814240539602275
96501,16025.92,4,116,49.6,0.02,4,38,4,0,0,1,0,2,15,14,0.9942277696467807
96601,16044.13,4,157,38.4,0.02,4,27,4,0,1,1,0,2,17,16,0.4961887666354543
96701,16059.8,1,303,28.6,0.02,1,35,1,0,1,1,0,2,33,44,0.39444289379691105
96801,16077.05,3,118,36.8,0.02,3,30,3,0,1,1,0,1,13,22,0.46554643548109265
96901,16094.56,5,113,39.8,0.02,5,24,5,0,1,1,0,3,12,12,0.7341870816182402
97001,16112.14,6,291,32.6,0.02,6,22,4,0,1,1,0,11,29,34,0.5523185949310776
97101,16130.13,3,220,21.7,0.02,3,20,3,0,1,1,0,5,23,33,0.5424160032274564
97201,16145.83,1,100,20.2,0.02,1,24,1,0,1,1,0,3,12,8,0.4088341275208803
97301,16163.31,5,71,42.1,0.02,5,27,5,0,1,1,0,4,8,9,1.1911440879472284
97401,16178.81,1,278,38.9,0.02,1,47,2,0,1,1,0,4,32,41,0.46536655369374574
97501,16195.63,0,7,-2.2,0.02,0,3,1,0,1,1,0,0,1,2,0.3147122650385639
97601,16211.76,0,21,0.3,0.02,0,7,0,0,1,1,0,1,3,7,0.3693839877881948
97701,16227.71,1,55,15.0,0.02,1,16,1,0,0,1,0,0,7,10,0.81993220435179
97801,16244.21,1,107,21.0,0.02,1,23,1,0,1,1,0,1,13,10,0.7303842316264042
97901,16261.55,4,361,29.9,0.02,4,30,1,0,1,1,0,9,37,61,0.47171272743600845
98001,16277.65,7,400,34.8,0.02,2,42,2,1,0,0,1,13,42,42,0.4323626213348229
98101,16293.24,3,260,31.0,0.02,3,35,1,0,1,1,0,10,24,40,0.5258276374909913
98201,16310.39,2,343,26.8,0.02,2,34,2,0,1,1,0,8,39,42,0.3737534750481331
98301,16326.84,3,400,37.7,0.02,3,37,4,0,0,0,1,9,44,53,0.39362837701593595
98401,16342.17,0,38,12.3,0.02,0,18,1,0,1,1,0,0,5,7,0.44427730701653717
98501,16355.95,0,30,5.6,0.02,0,12,1,0,1,1,0,1,4,4,0.5166118589357778
98601,16373.23,0,135,5.4,0.02,0,12,1,0,1,1,0,1,16,6,0.6999246083805346
98701,16389.63,8,400,29.2,0.02,3,33,4,1,0,0,1,13,44,58,0.47116544171019153
98801,16405.53,5,287,56.3,0.02,5,41,4,0,0,1,0,1,27,37,0.4437402284787232
98901,16422.45,2,242,29.7,0.02,2,30,2,0,1,1,0,3,25,23,0.4435970939625254
99001,16438.79,3,171,44.5,0.02,3,39,3,0,1,1,0,2,20,25,0.6032967010681697
99101,16456.16,1,31,9.2,0.02,1,11,1,0,1,1,0,1,4,8,0.5498381925213237
99201,16472.81,10,400,42.4,0.02,5,37,4,1,0,0,1,15,44,46,0.496380139649338
99301,16488.23,2,91,26.0,0.02,2,28,3,0,1,1,0,6,11,10,0.8669388190162667
99401,16503.43,8,304,93.0,0.02,8,63,6,0,1,1,0,1,28,40,0.43828391794930116
99501,16520.67,0,6,-4.0,0.02,0,2,0,0,1,1,0,1,1,0,0.23817687066147966
99601,16538.87,3,126,20.5,0.02,3,12,3,0,1,1,0,1,14,5,0.6923301417618538
99701,16558.3,1,33,11.4,0.02,1,12,1,0,1,1,0,0,4,6,1.0317128925923247
99801,16573.63,1,39,10.5,0.02,1,13,1,0,1,1,0,2,5,5,0.5594392088432176
99901,16589.45,1,400,17.9,0.02,1,32,1,0,0,0,1,14,44,51,0.45104771790721954
100001,16604.83,1,39,12.5,0.02,1,14,1,0,1,1,0,1,5,5,0.5303575064654248
100101,16622.67,3,400,37.9,0.02,3,40,3,0,0,0,1,12,44,51,0.4567111571830092
100201,16639.02,1,110,26.4,0.02,1,30,0,0,1,1,0,2,12,16,0.7195461589090946
100301,16655.99,4,119,37.3,0.02,4,27,4,0,1,1,0,3,13,17,0.5964044819841962
100401,16673.45,4,235,41.9,0.02,4,36,2,0,1,1,0,6,24,31,0.5476549242245036
100501,16689.32,3,183,43.1,0.02,3,35,2,0,1,1,0,0,18,19,0.4198172133136678
100601,16705.34,0,31,5.6,0.02,0,12,1,0,1,1,0,1,4,4,0.5307046283989314
100701,16722.03,1,16,4.9,0.02,1,6,1,0,1,1,0,1,2,1,0.736024356154045
100801,16739.32,2,389,11.4,0.02,2,25,2,0,1,1,0,13,41,56,0.3955120590111919
100901,16755.97,4,400,42.0,0.02,4,39,5,0,0,0,1,12,42,50,0.531444180285413
101001,16773.59,2,52,7.2,0.02,2,5,3,0,1,1,0,2,6,8,0.992842835538891
101101,16790.38,5,172,46.1,0.02,5,31,3,0,1,1,0,3,18,19,0.47702957394056916
101201,16808.25,4,400,40.4,0.02,4,31,4,0,0,0,1,7,43,36,0.3704946957607837
101301,16826.43,1,101,16.3,0.02,1,18,1,0,0,1,0,1,11,7,0.55455969497357
101401,16843.83,3,389,26.6,0.02,3,32,3,0,0,1,0,10,37,54,0.4992596219936207
101501,16858.45,3,85,25.0,0.02,3,21,3,0,1,1,0,5,10,10,0.6566163340545172
101601,16875.31,2,391,34.5,0.02,2,43,3,0,1,1,0,8,46,55,0.40512789581936276
101701,16893.09,0,35,10.2,0.02,0,16,0,0,1,1,0,0,5,8,0.5612675326119556
101801,16912.25,3,400,30.6,0.02,3,27,3,0,0,0,1,6,41,54,0.37001517288675523
101901,16929.8,0,13,-0.2,0.02,0,5,0,0,1,1,0,0,2,2,0.459940238559778
102001,16948.24,2,48,17.0,0.02,2,13,2,0,1,1,0,0,6,10,0.6019322295554742
102101,16964.77,3,261,47.6,0.02,3,46,2,0,1,1,0,5,26,34,0.5598959812653704
102201,16981.73,2,210,28.4,0.02,2,31,3,0,1,1,0,5,19,26,0.48216494015693145
102301,16999.3,1,58,12.6,0.02,1,14,1,0,1,1,0,1,7,4,0.4577083851667837
102401,17016.94,3,82,36.0,0.02,3,28,4,0,1,1,0,1,10,10,0.751797530097336
102501,17034.24,0,53,1.5,0.02,0,11,0,0,1,1,0,3,7,15,0.33885860057804174
102601,17052.29,1,206,32.0,0.02,1,37,3,0,1,1,0,2,22,30,0.36675455415084207
102701,17066.99,4,372,39.5,0.02,4,35,5,0,1,1,0,5,40,55,0.4245803670568212
102801,17082.88,3,100,37.8,0.02,3,29,3,0,1,1,0,0,11,12,0.49312916415456526
102901,17100.47,2,311,21.0,0.02,2,30,1,0,1,1,0,9,35,50,0.4681279118869406
103001,17119.52,1,400,26.4,0.02,1,31,2,0,0,0,1,4,49,56,0.35650252007726446
103101,17138.77,3,388,43.7,0.02,3,46,4,0,1,1,0,8,43,43,0.39846674974105367
103201,17155.25,2,99,35.3,0.02,2,33,3,0,1,1,0,1,12,17,0.768428055039979
103301,17172.19,0,21,3.7,0.02,0,10,1,0,1,1,0,1,3,3,0.44044413304818814
103401,17186.05,0,14,0.6,0.02,0,6,0,0,1,1,0,0,2,4,0.42091982266053457
103501,17201.52,8,400,38.9,0.02,3,45,5,1,0,0,1,16,41,51,0.4914875750026273
103601,17219.75,2,400,27.9,0.02,2,31,1,0,0,0,1,8,45,51,0.3471383170819291
103701,17237.1,6,181,56.0,0.02,6,34,4,0,1,1,0,1,18,20,0.41314842079614167
103801,17253.16,1,58,23.3,0.02,1,24,2,0,1,1,0,0,8,7,0.5517954426318074
103901,17269.42,5,236,8.5,0.02,0,21,3,1,1,1,0,4,25,35,0.2997907162855723
104001,17286.13,5,263,4.6,0.02,0,19,2,1,1,1,0,3,30,64,0.37202925894604827
104101,17301.25,4,238,45.7,0.02,4,40,4,0,1,1,0,7,24,23,0.48928792184935316
104201,17316.83,2,400,30.5,0.02,2,41,2,0,0,0,1,15,45,55,0.45546512952119095
104301,17333.7,3,127,34.6,0.02,3,30,3,0,1,1,0,4,13,14,0.5696722382184959
104401,17354.57,8,400,57.8,0.02,8,36,5,0,0,0,1,12,40,62,0.44528851793255886
104501,17371.67,2,212,24.8,0.02,2,27,0,0,1,1,0,3,23,42,0.38306464898612647
104601,17387.47,2,107,32.8,0.02,2,33,3,0,1,1,0,3,13,22,0.6472485628829464
104701,17403.04,0,28,9.5,0.02,0,16,1,0,1,1,0,1,4,5,0.5871374395771027
104801,17420.95,2,121,19.7,0.02,2,21,1,0,1,1,0,5,13,13,0.6357393350806745
104901,17438.3,2,400,25.0,0.02,2,33,3,0,0,0,1,14,48,40,0.4158673581652545
105001,17455.04,4,400,37.3,0.02,4,34,3,0,0,0,1,12,44,47,0.4681869248479511
105101,17470.53,7,358,26.2,0.02,2,33,1,1,1,1,0,7,39,48,0.35803516352310283
105201,17487.59,0,6,-2.3,0.02,0,3,0,0,1,1,0,0,1,3,0.5283668743138121
105301,17504.6,1,76,18.9,0.02,1,21,1,0,1,1,0,1,8,11,0.4131581908167793
105401,17521.68,1,30,11.6,0.02,1,12,1,0,1,1,0,0,4,4,0.6404495479905183
105501,17539.33,0,6,-4.2,0.02,0,2,0,0,1,1,0,1,1,2,0.37807958972728245
105601,17555.63,5,316,45.7,0.02,5,31,2,0,1,1,0,1,36,43,0.34899308818796887
105701,17571.27,3,66,26.2,0.02,3,17,1,0,1,1,0,0,6,8,0.8878526089331384
105801,17586.29,2,236,47.6,0.02,2,49,3,0,1,1,0,4,22,24,0.42007535282608777
105901,17603.05,0,182,14.5,0.02,0,24,0,0,1,1,0,3,20,15,0.3640300143236281
106001,17620.44,2,59,23.7,0.02,2,19,2,0,1,1,0,0,7,3,0.8276170431664787
106101,17639.02,1,49,18.0,0.02,1,19,1,0,1,1,0,0,6,10,0.8993711699689475
106201,17657.61,4,297,45.4,0.02,4,37,4,0,1,1,0,3,32,36,0.4660598285437324
106301,17673.18,1,27,14.4,0.02,1,16,1,0,1,1,0,1,4,6,0.831651009713366
106401,17689.9,7,400,30.0,0.02,2,34,2,1,0,0,1,8,39,60,0.3807840600200758
106501,17707.32,2,400,22.6,0.02,2,25,3,0,0,0,1,8,41,44,0.38342962027013455
106601,17723.24,2,73,25.5,0.02,2,23,1,0,1,1,0,1,8,15,0.711783809664261
106701,17737.03,0,7,-2.2,0.02,0,3,1,0,1,1,0,0,1,2,0.30361269635292853
106801,17755.4,1,100,18.8,0.02,1,20,0,0,1,1,0,0,11,12,0.521172520784185
106901,17774.17,2,230,33.0,0.02,2,32,3,0,1,1,0,2,26,20,0.3570825239603373
107001,17792.17,1,38,16.2,0.02,1,17,2,0,1,1,0,0,5,8,0.9273323692891934
107101,17808.08,4,400,47.2,0.02,4,42,5,0,0,0,1,10,40,48,0.4585655725996735
107201,17825.69,1,23,7.5,0.02,1,8,1,0,1,1,0,0,3,5,0.6309605183853063
107301,17841.76,3,89,35.9,0.02,3,29,3,0,1,1,0,2,11,11,0.792255038810704
107401,17859.22,3,128,38.2,0.02,3,35,2,0,1,1,0,5,13,18,0.7427458764156372
107501,17876.34,3,400,19.3,0.02,3,26,3,0,0,0,1,16,42,57,0.43710736964796454
107601,17895.47,3,208,56.6,0.02,3,53,4,0,1,1,0,3,23,34,0.6551955470721881
107701,17911.24,0,41,7.7,0.02,0,13,1,0,1,1,0,0,6,3,0.6150220363464353
107801,17927.19,0,30,9.2,0.02,0,15,0,0,1,1,0,0,4,8,0.5479817049430665
107901,17944.86,8,371,38.4,0.02,3,39,5,1,1,1,0,7,37,36,0.41646714681974184
108001,17961.73,9,228,42.7,0.02,4,36,3,1,1,1,0,5,24,33,0.5490002747298547
108101,17980.68,0,14,-1.1,0.02,0,5,0,0,1,1,0,1,2,1,0.41531585929581627
108201,17997.85,3,400,46.8,0.02,3,48,5,0,0,0,1,12,44,42,0.4186078952190454
108301,18013.74,3,80,30.6,0.02,3,22,3,0,1,1,0,0,9,14,0.7283903806824991
108401,18029.19,5,400,41.3,0.02,5,32,4,0,0,0,1,9,41,67,0.43266329620174226
108501,18045.59,2,41,19.2,0.02,2,16,2,0,1,1,0,1,5,8,0.6473637042822054
108601,18062.31,1,80,19.4,0.02,1,22,0,0,1,1,0,2,10,6,0.8296081635017462
108701,18080.0,1,85,18.8,0.02,1,22,1,0,1,1,0,2,11,12,0.6199102143554832
108801,18096.46,4,400,28.4,0.02,4,23,5,0,0,0,1,9,41,56,0.3826083418053898
108901,18111.94,3,364,51.6,0.02,3,54,3,0,0,1,0,8,42,44,0.39942653112697096
109001,18128.79,6,400,8.8,0.02,1,28,2,1,0,0,1,18,45,62,0.4120619211413959
109101,18145.26,1,233,21.8,0.02,1,32,0,0,1,1,0,7,24,32,0.5832898597931309
109201,18160.51,2,400,37.3,0.02,2,44,0,0,0,0,1,12,45,47,0.40854097336332396
109301,18176.3,4,183,56.6,0.02,4,44,4,0,1,1,0,0,19,24,0.49424263917429806
109401,18192.72,3,245,35.6,0.02,3,33,2,0,0,1,0,5,22,24,0.5381701797341586
109501,18207.99,3,345,42.4,0.02,3,43,3,0,1,1,0,6,35,46,0.5508603777846747
109601,18225.4,8,355,26.1,0.02,3,26,1,1,0,0,1,10,39,49,0.49688971660890435
109701,18241.57,1,57,13.1,0.02,1,14,1,0,1,1,0,0,7,9,0.7425669263477105
109801,18259.35,3,400,30.5,0.02,3,35,2,0,0,0,1,15,41,45,0.460137931133893
109901,18280.23,0,13,0.7,0.02,0,7,0,0,1,1,0,1,2,3,1.7087244717973458
110001,18300.82,3,73,27.5,0.02,3,18,3,0,1,1,0,0,7,5,0.45437609838100523
110101,18318.63,2,114,30.2,0.02,2,28,2,0,1,1,0,1,14,18,0.46617625308870286
110201,18338.42,1,149,16.4,0.02,1,22,1,0,1,1,0,4,15,16,0.37221240808743306
110301,18356.21,2,56,22.3,0.02,2,20,2,0,1,1,0,2,7,7,0.709631905323714
110401,18372.91,4,318,30.3,0.02,4,33,1,0,1,1,0,14,33,37,0.40069432890806117
110501,18388.95,2,37,15.3,0.02,2,11,2,0,1,1,0,0,4,7,0.575039110213908
110601,18407.61,2,95,25.0,0.02,2,23,1,0,1,1,0,2,10,10,0.4510014633111454
110701,18426.14,0,7,0.0,0.02,0,5,0,0,1,1,0,0,1,0,0.9895297204416107
110801,18446.94,4,131,48.1,0.02,4,35,2,0,1,1,0,0,14,19,0.4706638494635107
110901,18465.99,4,98,41.2,0.02,4,28,4,0,1,1,0,1,9,8,0.6011702230661016
111001,18486.64,2,400,31.7,0.02,2,31,1,0,0,0,1,5,29,43,0.3297839882193824
111101,18505.96,2,102,26.2,0.02,2,25,3,0,1,1,0,2,11,18,0.7729131123251629
111201,18523.85,6,57,13.0,0.02,1,16,1,1,0,1,0,2,7,10,0.8888888144513899
111301,18542.18,3,400,35.2,0.02,3,29,3,0,0,0,1,4,35,48,0.3511543217970096
111401,18558.96,3,198,33.3,0.02,3,28,3,0,1,1,0,2,21,27,0.3946849007492107
111501,18577.24,2,92,20.0,0.02,2,18,2,0,1,1,0,2,8,10,0.5829847502016622
111601,18594.92,1,40,14.5,0.02,1,15,1,0,1,1,0,0,5,5,0.5999471412114766
111701,18610.41,7,111,26.6,0.02,2,26,2,1,1,1,0,3,12,14,0.3979777214401356
111801,18624.6,2,39,12.7,0.02,2,9,3,0,1,1,0,1,5,3,0.5888949812869065
111901,18640.29,1,112,31.0,0.02,1,32,2,0,1,1,0,0,14,10,0.4751116977640343
112001,18654.38,0,6,-3.0,0.02,0,3,0,0,1,1,0,1,1,0,0.4283477151826518
112101,18671.1,1,160,31.3,0.02,1,36,2,0,1,1,0,3,18,17,0.4546918944606519
112201,18688.2,3,75,29.3,0.02,3,20,3,0,0,1,0,0,7,7,0.6849390499046177
112301,18704.56,1,92,15.1,0.02,1,19,3,0,1,1,0,3,10,9,0.4806173080741943
112401,18721.03,1,33,7.4,0.02,1,9,1,0,1,1,0,1,4,6,0.5120029130989928
112501,18737.65,2,87,25.1,0.02,2,23,2,0,1,1,0,2,10,9,0.6674531266478602
112601,18754.19,0,117,29.9,0.02,0,37,0,0,1,1,0,0,13,21,0.5239674220136443
112701,18770.64,2,74,17.7,0.02,2,17,0,0,1,1,0,3,8,13,0.46902856050045666
112801,18785.31,1,53,15.3,0.02,1,17,1,0,1,1,0,1,7,7,0.5058768326391819
112901,18801.79,0,21,3.6,0.02,0,10,0,0,1,1,0,1,3,4,0.5662570355864288
113001,18817.32,4,72,29.7,0.02,4,17,2,0,0,1,0,1,7,13,0.7038890767979483
113101,18833.96,9,294,35.5,0.02,4,34,1,1,1,1,0,10,29,35,0.503694050698798
113201,18847.54,0,42,4.6,0.02,0,12,0,0,1,1,0,2,6,4,0.6462665588439288
113301,18861.36,2,400,18.7,0.02,2,31,2,0,0,0,1,17,44,53,0.42912509277009925
113401,18877.82,3,236,40.1,0.02,3,36,3,0,1,1,0,3,23,29,0.4658186882558658
113501,18894.36,1,32,7.6,0.02,1,10,1,0,1,1,0,2,4,4,0.9882709128515176
113601,18911.8,0,106,13.9,0.02,0,24,1,0,1,1,0,4,13,11,0.4471418567066229
113701,18928.86,7,210,81.9,0.02,9,39,7,0,0,0,1,0,20,21,0.5442858494143006
113801,18946.95,4,206,41.3,0.02,4,32,3,0,0,1,0,2,21,37,0.3496577455469504
113901,18963.12,6,91,54.6,0.02,6,32,5,0,1,1,0,1,10,14,0.688748687779253
114001,18983.1,1,37,12.5,0.02,1,14,2,0,1,1,0,1,5,5,0.6077383037236384
114101,19001.84,0,43,13.2,0.02,0,20,0,0,1,1,0,1,6,8,0.6431419689699969
114201,19020.26,4,400,55.7,0.02,4,46,4,0,0,0,1,5,45,53,0.3771291489771606
114301,19037.46,11,339,46.3,0.02,6,39,6,1,1,1,0,14,38,37,0.5604556415044712
114401,19056.77,2,36,11.8,0.02,2,9,2,0,1,1,0,2,4,2,0.46945397834703684
114501,19073.17,7,136,41.2,0.02,2,39,3,1,1,1,0,1,14,18,0.44029692410831833
114601,19089.2,0,13,-0.2,0.02,0,6,0,0,1,1,0,1,2,2,0.44573408322749236
114701,19105.09,8,174,39.8,0.02,3,36,3,1,1,1,0,4,18,22,0.5933451918334487
114801,19122.85,4,68,29.7,0.02,4,16,3,0,1,1,0,0,7,13,0.5622454274434417
114901,19138.78,2,211,40.0,0.02,2,39,2,0,0,1,0,1,22,30,0.3667803783478906
115001,19156.62,3,110,32.4,0.02,3,26,4,0,1,1,0,2,14,16,0.6504619084286453
115101,19174.08,8,294,44.9,0.02,3,43,3,1,1,1,0,4,33,41,0.43685059961139994
115201,19190.53,3,85,34.8,0.02,3,27,4,0,1,1,0,1,10,12,0.5772191790329138
115301,19205.48,1,47,14.3,0.02,1,16,2,0,1,1,0,1,5,7,0.5107779127665106
115401,19221.68,1,52,12.4,0.02,1,16,2,0,1,1,0,3,7,6,1.0806583517185484
115501,19240.33,4,101,42.6,0.02,4,29,3,0,1,1,0,0,12,14,0.5574240344258582
115601,19258.59,0,6,-5.2,0.02,0,1,0,0,1,1,0,1,1,2,0.2393629016000173
115701,19279.85,0,45,6.2,0.02,0,13,0,0,1,1,0,1,6,8,0.3842046752943105
115801,19298.16,3,219,52.1,0.02,3,47,3,0,1,1,0,2,22,29,0.41240313563742764
115901,19315.71,2,48,22.9,0.02,2,19,2,0,1,1,0,0,6,11,0.9074318916224788
116001,19333.13,6,237,57.3,0.02,6,36,4,0,1,1,0,1,23,27,0.48240086638399404
116101,19350.29,4,104,40.6,0.02,4,30,4,0,1,1,0,3,13,14,0.6716233511154349
116201,19366.85,7,384,40.6,0.02,2,46,3,1,1,1,0,4,42,64,0.44573504401070085
116301,19384.31,2,66,24.1,0.02,2,21,2,0,1,1,0,1,9,9,0.8063827051471417
116401,19403.21,2,121,21.8,0.02,2,21,2,0,0,1,0,2,14,22,0.4450237063365598
116501,19420.16,3,124,36.5,0.02,3,31,2,0,1,1,0,3,14,15,0.6604699409131067
116601,19435.96,0,37,7.3,0.02,0,14,0,0,1,1,0,1,5,7,0.45879113160073687
116701,19453.36,1,400,9.8,0.02,1,24,1,0,0,0,1,14,46,52,0.38354143199157403
116801,19471.99,2,400,27.7,0.02,2,32,2,0,0,0,1,9,41,53,0.4738163765521406
116901,19489.61,3,192,27.6,0.02,3,25,3,0,1,1,0,5,17,24,0.4119623657117837
117001,19507.13,4,394,31.0,0.02,4,42,6,0,1,1,0,20,45,60,0.4970103337986683
117101,19522.41,0,21,4.4,0.02,0,10,0,0,1,1,0,0,3,6,0.5386520959002594
117201,19540.08,1,83,22.8,0.02,1,25,3,0,1,1,0,1,9,12,0.7482830183896386
117301,19556.96,3,167,39.4,0.02,3,33,4,0,1,1,0,2,20,16,0.49276080299513486
117401,19574.13,4,196,51.9,0.02,4,45,4,0,1,1,0,5,20,31,0.46872169548714615
117501,19590.79,2,65,24.6,0.02,2,22,2,0,1,1,0,2,9,4,0.7405186569010113
117601,19609.26,2,177,21.4,0.02,2,22,1,0,1,1,0,4,13,16,0.31779398614381227
117701,19626.29,10,400,51.0,0.02,5,36,3,1,0,0,1,5,43,50,0.3774615183049958
117801,19643.49,5,396,36.1,0.02,5,29,4,0,1,1,0,7,41,59,0.44505205956242067
117901,19658.43,4,151,48.9,0.02,4,40,2,0,1,1,0,3,17,31,0.7182867671822114
118001,19676.02,5,353,46.1,0.02,5,36,5,0,1,1,0,5,39,49,0.4282113085543979
118101,19692.27,4,124,49.8,0.02,4,39,4,0,1,1,0,2,14,22,0.6267183224318965
118201,19711.92,3,400,36.5,0.02,3,31,2,0,0,0,1,6,35,35,0.4040633969220141
118301,19728.16,0,6,-3.0,0.02,0,3,0,0,1,1,0,1,1,0,0.6154921875878828
118401,19748.5,1,61,17.4,0.02,1,19,2,0,1,1,0,1,8,6,0.5997392221165826
118501,19764.29,1,80,21.7,0.02,1,24,1,0,1,1,0,1,10,13,0.49845571513244186
118601,19781.12,1,71,26.1,0.02,1,28,3,0,1,1,0,1,8,9,0.4730683126024427
118701,19797.69,4,233,48.7,0.02,4,42,3,0,0,1,0,5,24,33,0.6052928464185937
118801,19817.09,3,63,24.1,0.02,3,17,2,0,1,1,0,2,8,9,0.7034058306476589
118901,19835.04,0,21,1.2,0.02,0,7,0,0,1,1,0,0,3,8,0.32556183405062467
119001,19854.0,3,137,36.8,0.02,3,31,2,0,1,1,0,2,15,22,0.5195698948044368
119101,19872.01,2,61,25.3,0.02,2,23,2,0,1,1,0,1,8,17,0.8721085507655456
119201,19889.66,2,125,33.5,0.02,2,31,1,0,1,1,0,1,14,15,0.6194004040383663
119301,19908.94,9,343,42.3,0.02,4,42,3,1,1,1,0,10,36,47,0.43222608136354346
119401,19925.05,1,106,23.8,0.02,1,29,1,0,1,1,0,4,12,12,0.6169959070963666
119501,19943.06,3,215,42.7,0.02,3,36,3,0,1,1,0,1,22,23,0.32452811000135945
119601,19959.27,2,255,15.5,0.02,2,23,3,0,1,1,0,10,26,25,0.5295115526420622
119701,19976.23,3,342,38.6,0.02,3,39,1,0,1,1,0,6,36,44,0.3613326186568853
119801,19995.0,4,278,56.0,0.02,4,50,7,0,1,1,0,5,29,40,0.553204481807415
119901,20011.23,1,60,13.3,0.02,1,16,2,0,1,1,0,2,7,7,0.6572488474859747
120001,20027.32,1,198,23.6,0.02,1,28,1,0,1,1,0,1,20,34,0.32560754896628447
120101,20044.31,2,126,31.2,0.02,2,28,1,0,1,1,0,0,12,18,0.5582890702240022
120201,20060.21,2,101,23.7,0.02,2,24,1,0,1,1,0,4,12,13,0.5326272165008337
120301,20077.25,5,278,42.8,0.02,5,32,4,0,1,1,0,6,30,32,0.4044797568565158
120401,20092.61,1,38,15.3,0.02,1,16,1,0,1,1,0,0,5,7,0.5801381459171635
120501,20108.59,1,72,16.2,0.02,1,22,2,0,1,1,0,5,8,8,0.8956773949576449
120601,20123.33,2,105,16.6,0.02,2,16,0,0,0,1,0,3,10,14,0.6225035638811948
120701,20141.72,3,241,31.5,0.02,3,32,2,0,1,1,0,7,27,35,0.49449459052317046
120801,20159.1,1,62,22.8,0.02,1,24,1,0,1,1,0,0,7,12,0.7473143724639039
120901,20176.17,3,146,36.6,0.02,3,29,3,0,1,1,0,1,17,14,0.4860984550923711
121001,20192.96,2,122,26.4,0.02,2,26,1,0,0,1,0,3,12,16,0.6874288001560495
121101,20207.44,2,123,29.3,0.02,2,29,1,0,0,1,0,3,15,17,0.5961772265922556
121201,20223.0,4,184,54.8,0.02,4,44,5,0,1,1,0,2,19,22,0.5337632124505708
121301,20242.74,1,25,4.8,0.02,1,5,1,0,1,1,0,0,3,2,0.5306482870801452
121401,20258.97,2,55,17.1,0.02,2,14,1,0,1,1,0,1,6,9,0.8060605715925492
121501,20277.09,3,141,42.3,0.02,3,36,2,0,1,1,0,2,16,17,0.48123801340930084
121601,20293.89,0,13,-1.0,0.02,0,5,0,0,1,1,0,1,2,0,0.759142146489894
121701,20312.43,7,400,29.7,0.02,2,34,3,1,0,0,1,9,43,53,0.432840333000597
121801,20329.71,3,44,25.5,0.02,3,16,3,0,1,1,0,0,5,5,0.8015163551080202
121901,20346.92,2,96,26.3,0.02,2,23,2,0,0,1,0,1,11,7,0.614657764207263
122001,20364.64,3,147,24.9,0.02,3,21,1,0,1,1,0,4,14,21,0.570592538643433
122101,20382.17,0,14,-2.5,0.02,0,4,0,0,1,1,0,1,2,5,0.3787824022878282
122201,20397.03,0,119,22.1,0.02,0,30,1,0,1,1,0,1,14,19,0.567880992843828
122301,20417.68,2,113,31.5,0.02,2,28,1,0,1,1,0,0,13,15,0.4116217402779712
122401,20434.94,7,400,25.4,0.02,2,32,5,1,0,0,1,11,44,56,0.42002462046537636
122501,20451.43,1,152,26.4,0.02,1,31,0,0,1,1,0,3,15,16,0.5123909572513385
122601,20468.96,2,228,40.4,0.02,2,43,2,0,1,1,0,4,24,36,0.4636775433769677
122701,20486.43,3,149,43.8,0.02,3,38,4,0,1,1,0,2,17,22,0.6670582028379353
122801,20505.72,3,301,30.0,0.02,3,31,5,0,0,1,0,8,31,30,0.38136257166932064
122901,20524.38,0,74,18.7,0.02,0,26,2,1,1,1,0,1,9,13,0.5139944059707482
123001,20542.02,2,279,34.5,0.02,2,37,3,0,1,1,0,4,30,35,0.32659216829806725
123101,20558.26,9,188,46.2,0.02,4,40,3,1,1,1,0,6,20,28,0.4899996273083742
123201,20575.81,1,94,21.8,0.02,1,25,1,0,1,1,0,2,12,12,0.5011477255861679
123301,20593.49,1,366,12.9,0.02,1,30,1,0,1,1,0,12,41,51,0.36347995401022504
123401,20610.38,0,22,2.9,0.02,0,8,2,0,1,1,0,0,3,1,0.9341660518620174
123501,20628.92,5,190,49.0,0.02,5,36,4,0,1,1,0,5,17,20,0.5936981865390991
123601,20645.98,5,400,53.8,0.02,5,39,4,0,0,0,1,6,36,42,0.47058378096756315
123701,20663.9,0,46,14.4,0.02,0,22,0,0,1,1,0,2,6,6,0.6612423729093038
123801,20681.84,4,272,50.3,0.02,4,42,5,0,1,1,0,4,29,27,0.45290856896754944
123901,20701.5,7,200,17.3,0.02,2,22,4,1,1,1,0,8,13,17,0.42755655926169395
124001,20721.16,3,400,41.4,0.02,3,48,4,0,0,0,1,16,40,56,0.5077040104850344
124101,20739.73,0,29,4.3,0.02,0,10,1,0,1,1,0,0,4,7,0.3982917181661435
124201,20756.22,6,400,19.4,0.02,1,29,1,1,0,0,1,9,44,56,0.4069727582483607
124301,20775.04,1,45,13.2,0.02,1,15,1,0,1,1,0,1,6,8,0.47102705254026206
124401,20792.33,5,138,49.5,0.02,5,31,5,0,1,1,0,0,13,15,0.6306117159899101
124501,20814.15,2,84,23.9,0.02,2,22,2,0,1,1,0,2,11,11,0.5158620047065096
124601,20832.7,1,49,14.9,0.02,1,16,1,0,1,1,0,0,6,11,0.5699076492066312
124701,20850.03,7,89,30.8,0.02,2,29,2,1,1,1,0,2,11,12,0.6149405610718162
124801,20865.87,1,166,24.5,0.02,1,27,0,0,1,1,0,1,14,15,0.3768986820099984
124901,20885.31,4,400,28.1,0.02,4,19,3,0,0,0,1,6,42,49,0.4108669266737499
125001,20903.09,0,21,1.2,0.02,0,7,0,0,1,1,0,0,3,8,0.3012864697476296
125101,20920.75,0,75,15.8,0.02,0,22,0,0,1,1,0,0,10,12,0.6027904012347699
125201,20938.41,1,126,22.4,0.02,1,26,1,0,1,1,0,2,10,16,0.37657085975283944
125301,20955.29,2,55,24.0,0.02,2,21,2,0,1,1,0,1,7,10,0.592758041213351
125401,20973.04,3,226,27.5,0.02,3,26,4,0,0,1,0,6,24,25,0.5955388481104172
125501,20989.69,3,100,26.2,0.02,3,19,3,0,1,1,0,2,10,8,0.6366544217719909
125601,21005.62,2,157,23.7,0.02,2,27,2,0,1,1,0,6,15,23,0.4991721877358168
125701,21023.19,4,210,34.3,0.02,4,23,1,0,1,1,0,1,17,27,0.3672617372772785
125801,21040.61,2,400,41.9,0.02,2,43,1,0,0,0,1,6,36,51,0.36872232316409453
125901,21056.92,7,265,39.3,0.02,2,39,3,1,1,1,0,2,22,27,0.3980116383155997
126001,21073.22,8,250,54.1,0.02,8,34,7,0,1,1,0,12,25,29,0.6725850508962796
126101,21090.28,4,366,28.0,0.02,4,26,1,0,1,1,0,9,37,40,0.44396382889682495
126201,21107.49,3,332,27.3,0.02,3,35,5,0,1,1,0,13,34,47,0.4914323178951694
126301,21124.0,1,78,19.5,0.02,1,22,1,0,1,1,0,1,9,15,0.8203625015962542
126401,21140.58,2,79,26.4,0.02,2,23,2,0,0,1,0,0,9,16,0.49169660953719996
126501,21154.72,4,113,41.1,0.02,4,29,3,0,1,1,0,2,14,9,0.6828544229127518
126601,21172.85,3,174,31.2,0.02,3,25,3,0,1,1,0,1,17,28,0.41063103360707554
126701,21189.82,0,21,0.6,0.02,0,8,1,0,1,1,0,2,3,4,0.4038677959062308
126801,21208.91,7,232,29.0,0.02,2,31,3,1,1,1,0,4,24,30,0.43642466865472584
126901,21224.66,1,55,14.9,0.02,1,16,0,0,1,1,0,0,7,11,0.7854784562477899
127001,21244.21,2,112,26.7,0.02,2,26,2,0,0,1,0,3,12,13,0.4274019298723875
127101,21261.6,3,230,38.7,0.02,3,38,5,0,1,1,0,5,24,43,0.45586720188932905
127201,21280.49,5,400,10.6,0.02,0,33,0,1,0,0,1,17,45,54,0.4080767215451223
127301,21296.46,4,298,41.9,0.02,4,38,2,0,1,1,0,7,30,41,0.5684393984069526
127401,21314.96,3,238,45.5,0.02,3,41,2,0,1,1,0,3,24,25,0.3861090670129787
127501,21331.71,3,192,40.3,0.02,3,34,3,0,1,1,0,2,21,17,0.476262916355622
127601,21351.13,10,400,54.8,0.02,5,36,1,1,0,0,1,1,46,52,0.38348488680455545
127701,21366.93,0,14,-1.1,0.02,0,5,1,0,1,1,0,1,2,1,0.36313678455408205
127801,21385.44,2,147,32.7,0.02,2,32,2,0,1,1,0,2,16,23,0.5581574857873419
127901,21400.81,1,50,17.0,0.02,1,19,1,0,1,1,0,1,7,10,0.6021585499184304
128001,21418.22,3,230,35.6,0.02,3,32,4,0,1,1,0,4,24,24,0.44655584830962053
128101,21437.35,2,127,21.5,0.02,2,22,2,0,1,1,0,3,13,25,0.42657593536701655
128201,21454.74,7,400,18.5,0.02,2,25,1,1,0,0,1,11,46,55,0.3692375662370177
128301,21473.73,6,225,64.0,0.02,6,45,5,0,1,1,0,4,23,20,0.6058461151254333
128401,21492.53,5,297,13.2,0.02,0,25,0,1,1,1,0,3,28,38,0.25215371252650925
128501,21510.79,1,71,22.1,0.02,1,23,2,0,1,1,0,0,8,9,0.44900631425274584
128601,21528.71,1,63,16.8,0.02,1,18,1,0,1,1,0,0,8,12,0.6746892946263918
128701,21546.11,7,163,43.8,0.02,2,42,3,1,1,1,0,1,15,22,0.4821984148157515
128801,21564.22,10,400,14.1,0.02,0,29,0,2,0,0,1,9,42,59,0.3796691783467696
128901,21580.47,8,165,42.2,0.02,3,42,2,1,1,1,0,7,20,28,0.6758557199352767
129001,21596.05,0,79,0.2,0.02,0,8,0,0,1,1,0,2,4,8,0.48002707489830665
129101,21615.0,1,65,23.0,0.02,1,24,1,0,1,1,0,0,8,10,0.934505209218687
129201,21632.31,2,95,21.2,0.02,2,21,1,0,1,1,0,4,10,8,0.6044942889692122
129301,21650.03,4,214,32.1,0.02,4,20,4,0,1,1,0,1,12,19,0.31176593131694774
129401,21666.03,3,111,37.5,0.02,3,33,3,0,1,1,0,4,12,15,0.5610437299657611
129501,21681.37,6,400,24.6,0.02,1,32,3,1,0,0,1,7,43,54,0.4025487844906847
129601,21700.07,0,7,-2.1,0.02,0,4,0,0,1,1,0,1,1,1,0.45070217730145934
129701,21719.45,0,34,8.2,0.02,0,15,1,0,1,1,0,1,5,8,0.551866396058468
129801,21735.17,7,400,28.9,0.02,2,29,2,1,0,0,1,5,36,51,0.37257150618984597
129901,21752.85,1,50,16.2,0.02,1,18,2,0,1,1,0,1,7,8,0.5073228367992696
130001,21772.84,6,209,26.1,0.02,1,35,2,1,1,1,0,6,22,29,0.42522106802149473
130101,21791.89,1,225,12.7,0.02,1,15,1,0,1,1,0,1,8,13,0.2774294903569597
130201,21812.14,4,357,37.5,0.02,4,36,3,0,1,1,0,9,36,45,0.5659443555819688
130301,21829.91,6,391,8.5,0.02,1,28,2,1,1,1,0,13,43,65,0.46737383938518123
130401,21849.17,7,180,36.8,0.02,2,36,2,1,1,1,0,2,20,22,0.4725870836623413
130501,21864.8,1,60,13.3,0.02,1,16,1,0,1,1,0,2,7,7,0.4586400867503719
130601,21883.53,0,56,6.1,0.02,0,14,1,0,0,1,0,2,7,9,0.5507767714682654
130701,21899.67,0,21,1.6,0.02,0,9,1,0,1,1,0,2,3,4,0.43211255211662436
130801,21916.94,1,50,16.2,0.02,1,17,0,0,1,1,0,0,6,8,0.7769304355863385
130901,21934.12,6,400,24.4,0.02,1,31,0,1,0,0,1,7,46,46,0.4239623557379941
131001,21951.54,9,400,45.8,0.02,4,42,3,1,0,0,1,10,44,62,0.45403394327085017
131101,21967.55,0,107,13.7,0.02,0,25,1,0,0,1,0,5,13,13,0.6476180148169787
131201,21984.52,2,125,12.8,0.02,2,13,0,0,1,1,0,3,9,22,0.6335001244338374
131301,22003.75,3,400,37.3,0.02,3,34,3,0,0,0,1,7,42,47,0.40311229366695356
131401,22023.56,1,127,6.6,0.02,1,12,1,0,0,1,0,4,6,14,0.39462765707640146
131501,22043.77,3,330,39.6,0.02,3,41,3,0,1,1,0,7,39,44,0.399888056624069
131601,22061.56,2,124,35.2,0.02,2,35,2,0,1,1,0,3,13,18,0.4904021513712708
131701,22077.13,2,88,28.6,0.02,2,25,2,0,1,1,0,0,10,14,0.5581485647997312
131801,22097.09,2,400,36.7,0.02,2,44,1,0,0,0,1,11,45,63,0.40978559242285495
131901,22114.53,2,70,26.7,0.02,2,25,2,0,1,1,0,2,9,13,0.5089815216998278
132001,22130.67,1,209,13.2,0.02,1,18,0,0,0,1,0,3,14,18,0.34390026319385975
132101,22148.17,8,376,36.3,0.02,3,40,4,1,1,1,0,9,38,47,0.41654616294291585
132201,22165.22,2,346,7.1,0.02,2,15,2,0,1,1,0,8,31,49,0.3354720689953773
132301,22183.78,3,115,24.2,0.02,3,21,1,0,1,1,0,5,12,18,0.7485338575808301
132401,22200.17,4,400,35.9,0.02,4,31,4,0,0,0,1,10,36,51,0.38230579451384333
132501,22214.93,1,123,17.5,0.02,1,22,1,0,1,1,0,3,10,15,0.47410097558767467
132601,22232.46,2,46,20.4,0.02,2,17,2,0,1,1,0,1,5,6,0.6072634373906497
132701,22249.86,7,400,29.7,0.02,2,41,1,1,0,0,1,15,46,63,0.4133636598141795
132801,22267.92,3,68,30.2,0.02,3,22,3,0,1,1,0,1,7,8,0.6244321829030536
132901,22286.28,1,94,8.0,0.02,1,11,2,0,1,1,0,2,5,10,0.5435604826537449
133001,22303.68,1,59,14.6,0.02,1,17,1,0,1,1,0,1,7,14,0.6910894970390525
133101,22319.27,2,400,26.6,0.02,2,32,2,0,0,0,1,9,46,64,0.4304976445419155
133201,22337.11,0,60,14.0,0.02,0,22,1,0,1,1,0,2,8,10,0.7135789426846306
133301,22353.54,6,234,27.8,0.02,1,33,3,1,1,1,0,3,19,22,0.33798419799035645
133401,22370.12,7,268,30.5,0.02,2,35,1,1,1,1,0,6,28,35,0.4676564970893753
133501,22389.89,3,400,33.9,0.02,3,38,3,0,0,0,1,13,43,61,0.46011316050923684
133601,22410.8,4,270,62.1,0.02,4,53,5,0,1,1,0,3,27,29,0.4726155726425952
133701,22425.73,4,180,52.7,0.02,4,41,3,0,1,1,0,1,20,23,0.5204768242705782
133801,22442.72,0,54,12.0,0.02,0,19,1,0,1,1,0,1,7,10,0.34923891700431886
133901,22459.83,2,221,29.6,0.02,2,32,1,0,1,1,0,5,25,24,0.4234586415599
134001,22477.11,1,153,36.8,0.02,1,41,2,0,0,1,0,2,18,22,0.45618481245220444
134101,22493.36,1,48,15.0,0.02,1,16,1,0,1,1,0,0,6,10,0.4444424634610083
134201,22510.84,1,161,28.3,0.02,1,32,2,0,1,1,0,2,18,17,0.35487817612079126
134301,22529.28,3,83,26.6,0.02,3,19,3,0,1,1,0,1,10,14,0.6095654457872323
134401,22547.8,2,96,30.3,0.02,2,29,3,0,1,1,0,2,11,17,0.6985763184566451
134501,22563.78,8,392,36.1,0.02,3,48,3,1,1,1,0,16,46,59,0.46536556589981426
134601,22580.4,2,53,22.5,0.02,2,18,3,0,1,1,0,0,6,5,0.9721311685075559
134701,22598.35,2,86,23.9,0.02,2,21,2,0,0,1,0,1,10,11,0.8532382527042414
134801,22615.49,4,118,45.6,0.02,4,34,4,0,0,1,0,2,12,14,0.5561159390606709
134901,22633.85,1,97,10.9,0.02,1,16,2,0,1,1,0,4,9,11,0.5650757468944374
135001,22653.83,9,256,55.4,0.02,4,49,4,1,1,1,0,6,29,26,0.44234684859822204
135101,22672.82,1,76,22.8,0.02,1,26,1,0,1,1,0,2,10,12,0.6682145805036219
135201,22689.49,2,280,36.9,0.02,2,41,1,0,0,1,0,5,30,41,0.5578892762571972
135301,22707.85,8,400,43.9,0.02,3,40,2,1,0,0,1,4,51,71,0.4750943365407076
135401,22723.4,2,110,23.6,0.02,2,24,2,0,1,1,0,4,12,14,0.7262785751339591
135501,22740.18,3,394,34.5,0.02,3,37,1,0,1,1,0,7,43,55,0.4166123455518246
135601,22759.48,0,93,5.8,0.02,0,12,0,0,1,1,0,0,5,12,0.4224035468088291
135701,22774.96,2,100,34.6,0.02,2,34,2,0,1,1,0,3,11,14,0.8592060783569637
135801,22792.36,0,76,8.9,0.02,0,16,0,0,1,1,0,1,6,11,0.28742404164384355
135901,22808.18,0,22,0.4,0.02,0,9,0,0,1,1,0,3,3,6,0.5180089515281422
136001,22824.71,4,278,32.0,0.02,4,28,4,0,1,1,0,7,31,40,0.45458878973168154
136101,22840.95,4,279,50.8,0.02,4,46,2,1,1,1,0,6,29,42,0.48763623509045284
136201,22857.82,0,21,3.7,0.02,0,9,0,0,1,1,0,0,3,3,0.3894996675485146
136301,22874.83,0,6,-4.2,0.02,0,2,0,0,1,1,0,1,1,2,0.24115480086774976
136401,22889.84,1,58,17.1,0.02,1,19,3,0,0,1,0,1,8,9,0.8752732381954875
136501,22905.55,2,258,41.1,0.02,2,46,3,0,1,1,0,6,31,39,0.38469788460835774
136601,22921.94,7,400,24.5,0.02,2,41,4,1,0,0,1,21,46,55,0.5013075205902091
136701,22936.71,2,74,30.8,0.02,2,28,2,0,1,1,0,1,9,12,0.652725044356378
136801,22954.54,4,326,21.1,0.02,4,22,2,0,1,1,0,12,29,39,0.4568183874887331
136901,22971.41,3,400,34.4,0.02,3,37,2,0,0,0,1,11,43,66,0.40639203228983334
137001,22989.96,0,29,7.4,0.02,0,14,1,0,1,1,0,1,4,6,0.5375781594110426
137101,23007.31,2,84,26.4,0.02,2,25,2,0,1,1,0,2,10,16,0.6985271964311879
137201,23023.62,2,310,29.2,0.02,2,37,4,0,1,1,0,9,33,38,0.44899428540697717
137301,23039.72,2,78,29.5,0.02,2,28,2,0,1,1,0,2,9,15,0.5227048556439257
137401,23054.74,3,69,31.1,0.02,3,22,1,0,1,1,0,0,8,9,0.8396747615708978
137501,23071.95,2,79,25.7,0.02,2,22,1,0,1,1,0,0,9,13,0.7384691589191488
137601,23089.47,3,400,30.6,0.02,3,31,2,0,0,0,1,9,43,64,0.44030028812136507
137701,23104.58,2,94,40.7,0.02,2,39,1,0,1,1,0,2,11,13,0.6559693986037214
137801,23121.02,0,66,16.6,0.02,0,23,0,0,1,1,0,0,9,14,0.6854689749078695
137901,23138.03,5,400,47.9,0.02,5,39,5,0,0,0,1,10,44,61,0.5076050545216331
138001,23153.67,2,81,27.8,0.02,2,26,2,0,1,1,0,2,9,12,0.7283093900957845
138101,23171.75,4,115,42.0,0.02,4,31,4,0,1,1,0,3,12,10,0.7603793217872401
138201,23190.02,5,330,54.7,0.02,5,39,3,0,0,0,1,5,37,43,0.4654200173184089
138301,23207.82,1,38,9.4,0.02,1,11,1,0,1,1,0,1,5,6,0.43422009902960323
138401,23223.91,6,96,27.7,0.02,1,33,2,1,1,1,0,4,11,13,0.6548962585683485
138501,23241.59,3,347,27.4,0.02,3,34,3,0,1,1,0,12,39,46,0.4223973546706153
138601,23260.23,2,69,26.2,0.02,2,23,2,0,1,1,0,1,8,8,0.7706817868784733
138701,23281.02,3,400,40.5,0.02,3,42,3,0,0,0,1,11,46,55,0.4346603915504626
138801,23299.74,4,173,55.6,0.02,4,43,3,0,1,1,0,0,17,24,0.4603646462968714
138901,23317.43,4,284,44.2,0.02,4,41,4,0,1,1,0,8,33,38,0.5228527104845021
139001,23334.98,4,195,49.9,0.02,4,42,5,0,0,1,0,5,21,21,0.5462911096761829
139101,23351.94,0,28,5.6,0.02,0,11,0,0,1,1,0,0,4,4,0.6941338673782136
139201,23367.48,0,50,15.8,0.02,0,22,2,0,1,1,0,0,7,12,0.5171123561430196
139301,23386.63,4,101,41.6,0.02,4,28,3,0,1,1,0,0,11,14,0.8390859202306938
139401,23406.54,5,326,50.1,0.02,5,41,5,0,1,1,0,7,35,39,0.45674996328439416
139501,23421.58,0,264,18.1,0.02,0,32,0,0,1,1,0,6,25,29,0.45454624020314355
139601,23439.11,4,59,29.1,0.02,4,17,1,1,1,1,0,2,6,9,0.9312866719471119
139701,23453.92,1,102,24.7,0.02,1,28,3,0,1,1,0,2,13,13,0.4794582292694996
139801,23471.36,1,67,19.5,0.02,1,21,1,0,1,1,0,0,9,15,0.5210559392327485
139901,23488.75,3,269,40.4,0.02,3,40,3,0,1,1,0,6,28,36,0.444324840872106
140001,23504.62,7,272,31.4,0.02,2,35,1,1,1,1,0,5,27,36,0.4128608323656872
140101,23523.79,8,307,28.4,0.02,3,25,1,1,0,0,1,8,32,36,0.410352051685255
140201,23540.61,0,6,-3.0,0.02,0,3,0,0,1,1,0,1,1,0,0.3880977231244962
140301,23559.47,0,47,0.6,0.02,0,7,0,0,1,1,0,1,2,4,0.20723788133352133
140401,23576.86,2,186,29.1,0.02,2,31,3,0,1,1,0,4,19,29,0.43639115333883305
140501,23593.61,1,22,10.8,0.02,1,12,1,0,1,1,0,1,3,2,0.7078856815324931
140601,23610.09,0,215,15.7,0.02,0,25,0,0,1,1,0,2,16,23,0.2776533567405757
140701,23628.51,2,107,24.4,0.02,2,23,2,0,1,1,0,2,11,16,0.3883122925119376
140801,23642.97,0,42,7.3,0.02,0,15,1,0,1,1,0,2,6,7,1.0383984317490869
140901,23659.1,0,21,2.3,0.02,0,9,0,0,1,1,0,1,3,7,0.40298291267857145
141001,23677.53,2,150,40.2,0.02,2,39,2,0,1,1,0,2,15,18,0.6018930837745362
141101,23693.54,4,272,47.2,0.02,4,45,3,0,1,1,0,9,27,38,0.41821452537931914
141201,23711.18,1,40,12.0,0.02,1,14,1,0,1,1,0,1,5,10,0.4488360220806934
141301,23728.37,3,143,42.0,0.02,3,36,3,0,1,1,0,2,17,20,0.4822171852509525
141401,23745.81,3,91,31.8,0.02,3,24,3,0,0,1,0,1,10,12,0.6846243408239587
141501,23762.8,2,101,30.6,0.02,2,30,2,0,0,1,0,3,10,14,0.6076571375668862
141601,23780.23,3,80,31.1,0.02,3,23,3,0,1,1,0,1,8,9,0.5344378505618823
141701,23799.99,4,144,56.3,0.02,4,45,5,0,1,1,0,2,17,17,0.7122476756489784
141801,23816.93,3,40,27.5,0.02,3,19,3,0,1,1,0,1,4,5,0.841004092841865
141901,23834.47,0,23,0.4,0.02,0,8,0,0,1,1,0,2,3,6,0.3549913701334308
142001,23852.16,0,28,9.6,0.02,0,16,1,0,1,1,0,1,4,4,0.7707712224977189
142101,23867.53,2,56,14.3,0.02,2,11,2,0,1,1,0,1,6,7,0.42106940636897294
142201,23884.86,0,7,-0.1,0.02,0,5,2,0,1,1,0,0,1,1,0.7138543574029258
142301,23899.38,0,15,-2.5,0.02,0,3,1,0,1,1,0,0,2,5,0.375622456403172
142401,23916.59,2,97,31.1,0.02,2,32,2,0,1,1,0,4,12,19,0.7606839191349292
142501,23932.19,5,400,48.8,0.02,5,39,2,0,0,0,1,9,45,62,0.43876819799496436
142601,23947.48,1,147,21.9,0.02,1,24,1,0,1,1,0,0,16,21,0.3596989099419781
142701,23965.04,1,103,17.4,0.02,1,21,1,0,1,1,0,2,11,16,0.5293151434566964
142801,23982.11,0,59,6.6,0.02,0,14,0,0,1,1,0,1,8,14,0.46955256738630924
142901,23997.91,4,170,47.5,0.02,4,37,4,0,1,1,0,3,16,15,0.6599173996109696
143001,24012.91,3,145,21.6,0.02,3,15,0,0,1,1,0,2,9,14,0.48037679430802854
143101,24028.66,2,261,24.4,0.02,2,29,1,0,1,1,0,7,20,26,0.3883548292707553
143201,24046.88,0,36,10.2,0.02,0,16,0,0,1,1,0,0,5,8,0.7779378472492607
143301,24064.63,11,344,53.7,0.02,6,41,6,1,1,1,0,8,33,43,0.40375534031131843
143401,24081.0,1,311,10.9,0.02,1,21,2,0,1,1,0,6,22,41,0.3273128160661111
143501,24097.68,8,400,21.0,0.02,3,23,3,1,0,0,1,13,33,40,0.4636816867434066
143601,24115.24,2,256,29.9,0.02,2,32,2,0,1,1,0,4,25,31,0.47910010146422655
143701,24132.4,4,258,37.3,0.02,4,32,3,0,0,1,0,7,23,27,0.47314741340243455
143801,24150.94,1,94,18.9,0.02,1,21,1,0,1,1,0,1,11,11,0.4354036599444211
143901,24169.41,2,111,26.8,0.02,2,27,2,0,1,1,0,4,11,12,0.4195463650845251
144001,24185.4,10,152,34.1,0.02,5,22,3,1,1,1,0,6,16,19,0.6958767285816295
144101,24201.8,0,29,8.6,0.02,0,14,0,0,1,1,0,0,4,4,0.503982565180896
144201,24217.84,2,139,21.3,0.02,2,20,1,0,1,1,0,2,12,17,0.4442223091770622
144301,24233.69,2,209,27.8,0.02,2,31,1,0,1,1,0,6,20,22,0.45159844165350893
144401,24251.5,3,63,30.3,0.02,3,24,4,0,1,1,0,3,7,7,1.0213805439129808
144501,24268.86,1,234,15.8,0.02,1,26,0,0,1,1,0,7,25,32,0.369820726733516
144601,24286.08,1,231,27.4,0.02,1,31,1,0,1,1,0,1,26,26,0.320720188913904
144701,24303.89,2,303,33.8,0.02,2,34,2,0,0,0,1,6,30,42,0.4795230512611913
144801,24322.24,0,127,18.5,0.02,0,31,0,0,1,1,0,6,16,15,0.4095307868273443
144901,24342.41,5,96,45.1,0.02,5,27,3,0,0,1,0,1,11,9,0.903903985268256
145001,24359.78,0,21,2.7,0.02,0,9,0,0,1,1,0,1,3,3,0.41998928199974644
145101,24378.52,5,400,46.8,0.02,5,34,4,0,0,0,1,6,45,62,0.42923596189965285
145201,24393.62,2,99,29.0,0.02,2,28,4,0,1,1,0,3,10,10,0.6595733699833021
145301,24409.12,3,67,26.0,0.02,3,18,2,0,1,1,0,1,8,10,0.8084301473188775
145401,24424.63,5,191,-2.3,0.02,0,6,0,1,1,1,0,2,5,13,0.26162118722398015
145501,24443.25,8,143,41.0,0.02,3,36,1,1,1,1,0,3,17,20,0.6323208428322508
145601,24461.25,1,378,22.1,0.02,1,35,2,0,1,1,0,8,39,49,0.4005891110314162
145701,24479.56,3,32,16.9,0.02,3,9,3,0,1,1,0,2,3,1,1.2570958517831643
145801,24495.41,3,139,38.0,0.02,3,32,4,0,1,1,0,2,15,20,0.4652582069629759
145901,24515.27,7,400,26.2,0.02,2,36,3,1,0,0,1,14,45,58,0.4101041788622661
146001,24534.11,0,64,11.8,0.02,0,19,1,0,1,1,0,1,9,12,0.39079055672080515
146101,24552.4,0,21,0.4,0.02,0,8,0,0,1,1,0,2,3,6,0.5659429909909771
146201,24567.89,4,400,56.3,0.02,4,48,3,0,0,0,1,6,46,57,0.389879237244219
146301,24584.34,7,400,37.9,0.02,2,45,2,1,0,0,1,11,44,61,0.41802709621254
146401,24602.31,1,72,16.0,0.02,1,19,1,0,1,1,0,2,8,10,0.7808096419669288
146501,24620.1,0,6,-3.0,0.02,0,3,1,0,1,1,0,1,1,0,0.36763354416336386
146601,24639.06,10,355,49.0,0.02,5,41,5,1,1,1,0,8,35,40,0.44161543208769116
146701,24658.09,1,115,27.7,0.02,1,31,0,0,1,1,0,1,15,23,0.6543769470567067
146801,24674.45,1,19,6.8,0.02,1,8,1,0,1,1,0,1,2,2,0.6627738108630177
146901,24692.05,1,46,12.7,0.02,1,14,2,0,1,1,0,0,6,13,0.7450725241459193
147001,24709.07,4,85,35.0,0.02,4,23,5,0,0,1,0,2,9,10,0.9403861543640327
147101,24727.97,1,49,22.3,0.02,1,23,2,0,1,1,0,0,6,7,0.7222568081806272
147201,24745.85,2,110,30.8,0.02,2,30,1,0,1,1,0,3,10,12,0.6689558565635123
147301,24763.01,1,400,26.1,0.02,1,31,2,0,0,0,1,5,43,49,0.36379129657646464
147401,24779.34,0,74,14.1,0.02,0,20,0,0,1,1,0,0,7,9,0.6433070172118507
147501,24798.3,0,72,11.9,0.02,0,20,1,0,1,1,0,2,9,11,0.7015919129752058
147601,24817.19,1,17,5.9,0.02,1,7,2,0,1,1,0,1,2,1,1.458025968513704
147701,24833.39,1,322,18.2,0.02,1,32,0,0,1,1,0,10,36,38,0.4321255006351832
147801,24852.94,8,180,35.8,0.02,3,34,4,1,1,1,0,6,20,22,0.6780386412188273
147901,24871.22,0,14,-0.1,0.02,0,6,0,0,1,1,0,1,2,1,0.3626936113131796
148001,24886.08,6,70,16.8,0.02,1,20,1,1,1,1,0,2,8,12,0.5119254336887549
148101,24904.85,1,85,22.8,0.02,1,25,2,0,0,1,0,1,10,12,0.5274572838158642
148201,24921.91,4,184,46.5,0.02,4,35,3,0,1,1,0,1,20,25,0.4465544742032894
148301,24939.71,4,69,26.4,0.02,4,17,4,0,1,1,0,4,8,16,1.0245421074384664
148401,24956.87,1,43,13.1,0.02,1,14,1,0,1,1,0,0,5,9,0.8487939999186627
148501,24973.53,9,137,45.9,0.02,4,34,3,1,1,1,0,1,15,21,0.552212848232179
148601,24988.55,1,94,13.8,0.02,1,18,0,0,1,1,0,3,11,12,0.3367194822825523
148701,25007.0,3,151,37.3,0.02,3,33,1,0,0,1,0,3,17,27,0.4848545692920254
148801,25024.81,0,29,3.7,0.02,0,9,1,0,1,1,0,0,4,3,0.5993441713487858
148901,25042.68,3,84,21.7,0.02,3,15,4,0,0,1,0,2,8,13,0.5390912234039452
149001,25059.98,2,88,26.8,0.02,2,28,3,0,1,1,0,5,11,12,0.9189746849730697
149101,25076.82,4,108,41.4,0.02,4,29,4,0,1,1,0,1,14,16,0.6976053016957743
149201,25094.6,0,400,1.4,0.02,0,14,0,0,0,0,1,8,32,46,0.2964429018783907
149301,25113.05,4,400,35.2,0.02,4,31,3,0,0,0,1,11,39,48,0.40612230270944755
149401,25133.17,1,123,24.0,0.02,1,27,1,0,1,1,0,1,15,20,0.3748474961356548
149501,25150.61,3,317,42.1,0.02,3,47,2,0,1,1,0,11,31,39,0.4800808773560653
149601,25167.2,3,382,45.3,0.02,3,47,3,0,1,1,0,6,43,57,0.41522856947019
149701,25186.26,0,101,17.2,0.02,0,25,1,0,1,1,0,2,9,8,0.45504626609825854
149801,25206.79,2,95,34.0,0.02,2,32,3,0,1,1,0,1,12,20,0.5212015829230406
149901,25225.17,0,211,7.7,0.02,0,18,0,0,0,1,0,3,13,23,0.43528539772025626
150001,25242.86,0,41,5.3,0.02,0,12,0,0,1,1,0,1,6,7,0.3397153905664657
150101,25260.09,3,183,49.7,0.02,3,44,3,0,1,1,0,1,21,33,0.41557063915058845
150201,25274.86,8,400,36.5,0.02,3,35,3,1,0,0,1,8,42,55,0.3782164134001196
150301,25291.55,3,250,31.0,0.02,3,27,4,0,1,1,0,4,17,20,0.3301827006506421
150401,25307.15,2,159,40.4,0.02,2,40,1,0,1,1,0,2,16,26,0.4957418596657106
150501,25325.59,5,266,14.6,0.02,0,30,1,1,1,1,0,6,28,44,0.40656542198406204
150601,25342.71,1,51,16.1,0.02,1,19,1,0,0,1,0,2,6,9,0.5945617104979891
150701,25361.06,2,128,28.1,0.02,2,27,2,0,1,1,0,2,15,19,0.5219552846295743
150801,25377.7,2,52,19.6,0.02,2,17,2,0,1,1,0,2,6,4,0.6623908632459253
150901,25395.8,1,43,12.4,0.02,1,14,1,0,1,1,0,1,6,6,0.5095437404205366
151001,25413.77,10,400,47.9,0.02,5,39,5,1,0,0,1,11,44,51,0.44710585247462054
151101,25432.2,2,145,25.4,0.02,2,22,3,0,1,1,0,0,9,16,0.37334684343093893
151201,25447.95,2,59,20.2,0.02,2,18,2,0,1,1,0,2,7,8,0.8385882764247826
151301,25466.89,1,51,6.0,0.02,1,9,0,0,1,1,0,2,6,10,0.6684700456356015
151401,25485.71,0,107,5.1,0.02,0,16,0,0,1,1,0,5,9,9,0.6970310548540648
151501,25505.94,5,358,49.5,0.02,5,41,4,0,1,1,0,6,37,55,0.39830288785434015
151601,25523.25,8,73,33.2,0.02,3,26,3,1,1,1,0,2,9,8,0.8168570937972482
151701,25542.6,0,15,1.5,0.02,0,7,0,0,1,1,0,0,2,5,0.5206906089650961
151801,25559.86,3,96,37.8,0.02,3,30,2,0,1,1,0,1,10,12,0.6662400015884579
151901,25576.74,2,160,31.8,0.02,2,33,2,0,1,1,0,4,20,22,0.5482205128297284
152001,25595.45,3,112,34.3,0.02,3,29,2,0,1,1,0,4,11,7,0.5822351015756418
152101,25613.71,1,126,25.4,0.02,1,30,1,0,1,1,0,3,15,16,0.6724488265624462
152201,25630.72,2,85,27.9,0.02,2,27,2,0,1,1,0,3,11,11,0.5057673514146181
152301,25649.84,2,59,19.7,0.02,2,16,2,0,1,1,0,0,7,13,0.7404348391136512
152401,25667.85,10,154,46.1,0.02,5,30,4,1,1,1,0,2,17,19,0.5935631927873024
152501,25685.46,2,361,15.7,0.02,2,33,1,0,0,1,0,17,39,53,0.44128361864969295
152601,25703.01,3,54,29.3,0.02,3,21,3,0,1,1,0,1,6,7,0.7183008540212841
152701,25721.84,2,400,21.0,0.02,2,23,2,0,0,0,1,7,38,50,0.3642537588301796
152801,25739.01,0,138,5.3,0.02,0,13,0,0,1,1,0,2,7,7,0.226021480217728
152901,25758.83,2,133,25.9,0.02,2,26,1,0,1,1,0,3,15,21,0.43093034018072723
153001,25776.28,2,45,19.9,0.02,2,16,2,0,1,1,0,0,5,11,0.8913894070635774
153101,25794.91,1,63,12.1,0.02,1,17,1,0,1,1,0,4,8,9,0.8843197531132124
153201,25813.47,0,20,1.4,0.02,0,8,0,0,1,1,0,1,3,6,0.35223854821056505
153301,25831.52,2,37,16.5,0.02,2,13,2,0,1,1,0,1,5,5,1.0733057018476972
153401,25849.87,1,151,17.7,0.02,1,22,2,0,1,1,0,2,14,23,0.3848852780129563
153501,25869.63,2,164,30.6,0.02,2,30,3,0,0,1,0,2,17,24,0.4989238994469507
153601,25889.04,2,76,19.6,0.02,2,19,3,0,1,1,0,3,9,14,0.4201719460879037
153701,25908.09,8,282,48.1,0.02,3,47,3,1,1,1,0,5,30,39,0.4311078667853858
153801,25925.69,1,74,22.9,0.02,1,26,0,0,1,1,0,2,9,11,0.7253311027995809
153901,25942.39,3,123,31.1,0.02,3,24,2,0,1,1,0,1,15,19,0.4826298053591821
154001,25959.97,5,400,49.7,0.02,5,37,2,0,0,0,1,10,20,23,0.40374074207161953
154101,25977.43,5,400,47.8,0.02,5,38,4,0,0,0,1,10,44,52,0.419083659608365
154201,25997.59,2,169,30.7,0.02,2,32,2,0,1,1,0,4,18,23,0.5198537820937956
154301,26016.7,10,400,43.7,0.02,5,32,3,1,0,0,1,10,30,33,0.40539766475228145
154401,26035.45,3,173,37.5,0.02,3,31,3,1,1,1,0,2,14,15,0.420417033147924
154501,26053.64,0,85,22.0,0.02,0,30,0,0,1,1,0,2,10,10,0.7495919511248682
154601,26076.56,8,400,42.7,0.02,3,42,4,1,0,0,1,9,37,53,0.47621633569326244
154701,26092.89,0,13,1.7,0.02,0,7,0,0,1,1,0,0,2,3,0.48240418819812886
154801,26112.35,3,178,21.8,0.02,3,21,2,0,1,1,0,7,19,22,0.5548154048459027
154901,26128.42,7,156,30.7,0.02,2,31,2,1,1,1,0,3,15,23,0.5607901106855414
155001,26146.54,3,169,38.3,0.02,3,37,3,0,0,1,0,7,18,17,0.45038363065090714
155101,26164.02,4,400,44.1,0.02,4,38,3,0,0,0,1,9,42,49,0.378723476441542
155201,26181.78,2,43,17.6,0.02,2,13,3,0,1,1,0,0,5,4,0.5692738760541917
155301,26198.25,2,52,16.3,0.02,2,15,2,0,1,1,0,3,6,7,0.5341419554254034
155401,26215.01,0,13,1.8,0.02,0,8,0,0,1,1,0,1,2,2,0.6575070492033904
155501,26233.47,1,34,8.5,0.02,1,10,1,0,1,1,0,1,4,5,0.5624733034170637
155601,26251.84,0,50,14.0,0.02,0,20,1,0,1,1,0,0,7,10,0.9000368257879451
155701,26269.63,2,388,18.2,0.02,2,28,1,0,1,1,0,10,40,48,0.39196440363539126
155801,26288.17,1,69,17.4,0.02,1,21,1,0,1,1,0,2,9,16,0.709400764900237
155901,26306.02,5,268,44.6,0.02,5,33,3,0,1,1,0,5,27,34,0.389638031611926
156001,26320.31,0,65,9.6,0.02,0,17,0,0,1,1,0,1,8,14,0.4170644528794114
156101,26338.25,3,211,42.9,0.02,3,38,4,0,0,1,0,2,24,31,0.38423564220025924
156201,26355.28,3,176,37.2,0.02,3,35,3,0,1,1,0,6,20,18,0.5231592537512518
156301,26374.46,2,129,23.0,0.02,2,25,3,0,0,1,0,5,13,20,0.6054626328454336
156401,26392.7,4,400,41.5,0.02,4,35,3,0,0,0,1,9,41,45,0.4102585323694298
156501,26412.57,3,281,36.7,0.02,3,36,3,0,1,1,0,6,30,33,0.5035733860796723
156601,26430.54,2,400,18.2,0.02,2,26,1,0,0,0,1,13,38,48,0.3958145937655025
156701,26449.02,2,108,28.4,0.02,2,26,1,0,1,1,0,2,9,6,0.5628839600186498
156801,26467.3,0,242,21.0,0.02,0,35,0,0,1,1,0,6,24,30,0.350901371637781
156901,26482.08,0,14,-2.1,0.02,0,4,0,0,1,1,0,1,2,1,0.3378829456333719
157001,26498.99,1,47,18.4,0.02,1,19,0,0,1,1,0,0,6,6,0.6875202870998508
157101,26516.41,6,129,40.3,0.02,6,21,3,0,1,1,0,4,12,17,0.7061129667152897
157201,26535.1,0,28,6.7,0.02,0,12,1,0,1,1,0,0,4,3,0.6179540796392237
157301,26556.08,2,400,28.9,0.02,2,40,2,0,0,0,1,16,45,51,0.5247765015154264
157401,26572.37,3,181,34.5,0.02,3,30,1,0,1,1,0,3,19,25,0.4330941723685665
157501,26591.16,19,400,39.9,0.02,4,34,3,3,0,0,1,9,42,51,0.38457984606412554
157601,26608.35,6,272,63.7,0.02,6,48,7,0,1,1,0,6,27,33,0.4407998331713652
157701,26625.13,2,141,25.5,0.02,2,26,2,0,1,1,0,3,15,25,0.5211294180852734
157801,26643.0,2,25,11.3,0.02,2,7,3,0,1,1,0,0,3,7,1.275866232392911
157901,26660.12,0,20,2.8,0.02,0,10,1,0,1,1,0,2,3,2,1.3630473142098638
158001,26676.33,0,74,14.0,0.02,0,21,2,0,1,1,0,0,9,20,0.8157793683309194
158101,26694.54,0,93,17.9,0.02,0,25,0,0,1,1,0,0,11,21,0.5691103728843246
158201,26712.89,3,119,33.1,0.02,3,27,3,0,0,1,0,2,12,19,0.46631954269124437
158301,26728.35,1,63,15.4,0.02,1,18,1,0,1,1,0,1,8,16,0.4371196392081022
158401,26744.61,1,90,17.2,0.02,1,22,1,0,0,1,0,4,11,8,0.6684628186297342
158501,26764.4,2,400,35.7,0.02,2,45,2,0,0,0,1,14,41,53,0.4282930936103289
158601,26779.58,2,168,35.5,0.02,2,36,3,0,1,1,0,3,19,25,0.5287441818405447
158701,26798.2,2,400,25.3,0.02,2,32,2,0,0,0,1,11,42,57,0.40512007376427284
158801,26817.12,2,156,31.0,0.02,2,30,2,0,1,1,0,2,17,20,0.42599956036069986
158901,26836.85,8,115,38.3,0.02,3,32,3,1,1,1,0,2,11,17,0.6933200585867292
159001,26856.63,3,74,21.6,0.02,3,14,2,0,1,1,0,2,8,4,0.7626579687571657
159101,26872.44,3,302,36.8,0.02,3,37,4,0,1,1,0,6,32,42,0.36529754975782447
159201,26887.16,2,315,35.0,0.02,2,40,2,0,1,1,0,6,34,40,0.3727632389036866
159301,26903.1,0,48,-4.5,0.02,0,3,1,0,0,1,0,1,6,15,1.221398392292748
159401,26923.1,4,400,43.5,0.02,4,41,4,0,0,0,1,12,44,55,0.4316952928870928
159501,26939.86,1,32,12.3,0.02,1,14,1,0,1,1,0,1,4,7,0.5835270615185115
159601,26954.07,4,259,33.4,0.02,4,26,3,0,0,1,0,4,25,36,0.40625442727597233
159701,26969.66,4,342,35.1,0.02,4,31,4,0,1,1,0,6,34,49,0.4670923180327585
159801,26986.42,10,400,46.4,0.02,5,36,3,1,0,0,1,10,38,46,0.466987162122177
159901,27000.03,3,102,34.8,0.02,3,27,4,0,0,1,0,1,11,12,0.5649190838246742
160001,27018.35,1,354,15.3,0.02,1,27,2,0,0,1,0,7,32,47,0.4986909309571577
160101,27036.93,2,224,24.5,0.02,2,28,1,0,1,1,0,5,21,35,0.44959647235726913
160201,27055.89,5,400,36.8,0.02,5,30,4,0,0,0,1,12,46,62,0.466521091712829
160301,27075.09,0,97,-0.9,0.02,0,10,2,0,1,1,0,5,7,9,0.4283952170880251
160401,27092.76,1,175,9.9,0.02,1,13,0,0,1,1,0,2,16,11,0.4621161551460617
160501,27111.75,0,20,5.3,0.02,0,11,0,0,1,1,0,0,3,7,0.6163087191585808
160601,27130.08,4,185,41.9,0.02,4,30,3,0,1,1,0,1,20,21,0.3780121426079655
160701,27147.5,9,244,40.0,0.02,4,30,4,1,1,1,0,2,26,30,0.3702321427712021
160801,27166.96,4,90,49.0,0.02,4,36,3,0,1,1,0,0,11,20,0.8111169819524242
160901,27184.89,0,89,18.5,0.02,0,28,1,0,0,1,0,3,11,15,0.5661483862435589
161001,27201.61,0,77,-0.1,0.02,0,6,1,0,1,1,0,1,9,1,0.5460480829680324
161101,27218.59,3,400,31.0,0.02,3,33,1,0,0,0,1,12,46,50,0.425604831679877
161201,27234.59,4,106,37.7,0.02,4,26,1,0,1,1,0,2,13,13,0.7228178895140693
161301,27252.78,4,219,39.1,0.02,4,30,5,0,1,1,0,4,18,19,0.40313801623522083
161401,27271.59,2,243,37.1,0.02,2,37,2,0,1,1,0,2,22,29,0.3899347753758058
161501,27290.16,3,400,28.5,0.02,3,23,1,0,0,0,1,6,25,35,0.3448862705307274
161601,27310.76,2,239,28.6,0.02,2,31,5,0,1,1,0,4,25,34,0.5397389996692507
161701,27329.88,1,45,13.8,0.02,1,16,1,0,1,1,0,1,6,12,0.539927699642626
161801,27348.61,3,132,46.2,0.02,3,39,3,0,1,1,0,1,14,18,0.6423224580558633
161901,27367.13,4,148,43.1,0.02,4,34,4,0,1,1,0,4,17,19,0.49585187588833934
162001,27382.76,6,99,56.5,0.02,6,34,5,0,1,1,0,1,11,15,0.6931908035869351
162101,27401.04,2,55,21.5,0.02,2,18,3,0,1,1,0,1,5,5,0.5836855624512803
162201,27419.15,1,113,25.4,0.02,1,28,2,0,1,1,0,1,14,16,0.48823550130028354
162301,27439.25,4,344,45.8,0.02,4,43,2,0,1,1,0,7,35,52,0.39655306417480046
162401,27455.5,9,400,41.8,0.02,4,42,4,1,0,0,1,15,46,52,0.4866616473199673
162501,27473.13,0,25,2.2,0.02,0,8,0,0,1,1,0,0,3,8,0.3161903680136487
162601,27489.99,1,62,17.4,0.02,1,20,0,0,1,1,0,2,8,6,0.7744403635579369
162701,27508.72,0,400,16.5,0.02,0,33,1,0,0,0,1,12,44,45,0.41919636683240175
162801,27524.6,1,89,15.5,0.02,1,19,1,1,1,1,0,3,7,5,0.6677686329735362
162901,27543.0,0,29,5.6,0.02,0,11,0,0,1,1,0,0,4,4,0.35293477699618775
163001,27561.39,0,7,-2.2,0.02,0,3,0,0,1,1,0,0,1,2,0.2867536981643458
163101,27581.47,3,186,30.1,0.02,3,26,4,0,1,1,0,3,21,29,0.5439818606420663
163201,27597.28,7,256,53.2,0.02,4,39,4,1,0,0,1,3,26,28,0.37475749138112263
163301,27613.33,0,90,23.5,0.02,0,33,0,0,1,1,0,3,12,15,0.6966472042232335
163401,27630.77,0,6,-2.3,0.02,0,3,1,0,1,1,0,0,1,3,0.5535577971612752
163501,27649.68,5,348,17.2,0.02,0,39,0,1,0,1,0,12,36,48,0.35749786090494357
163601,27666.05,3,174,38.6,0.02,3,36,3,0,1,1,0,5,21,24,0.45337406390959784
163701,27681.96,2,121,18.8,0.02,2,17,2,0,1,1,0,2,8,12,0.6201858916824898
163801,27700.82,3,108,39.2,0.02,3,32,4,1,1,1,0,1,12,18,0.6699487375265953
163901,27720.95,5,354,17.5,0.02,0,40,0,1,1,1,0,13,37,45,0.41021697676224206
164001,27738.44,0,23,0.9,0.02,0,7,0,0,1,1,0,1,3,1,0.5854676080300018
164101,27756.08,3,285,33.0,0.02,3,35,2,0,1,1,0,10,21,20,0.3220747589384774
164201,27771.69,7,400,20.5,0.02,2,22,2,1,0,0,1,8,34,35,0.3367473959028278
164301,27788.97,15,400,58.8,0.02,5,44,6,2,0,0,1,5,45,52,0.40099134340693204
164401,27808.87,7,168,11.3,0.02,2,13,2,1,1,1,0,2,19,47,0.4418522583591863
164501,27827.12,1,72,19.6,0.02,1,24,1,0,1,1,0,3,9,14,0.7144412612772896
164601,27845.72,0,84,0.8,0.02,0,7,0,0,1,1,0,0,5,12,0.38662192889403507
164701,27864.61,3,383,20.7,0.02,3,34,3,0,1,1,0,18,40,53,0.4565223975889341
164801,27882.37,0,14,-3.5,0.02,0,3,1,0,1,1,0,1,2,5,0.3271887555334332
164901,27899.82,13,400,32.6,0.02,3,36,2,2,0,0,1,13,46,54,0.40308385357258375
165001,27918.23,7,133,26.5,0.02,2,26,3,1,1,1,0,3,10,15,0.5759309646735538
165101,27936.16,1,59,21.5,0.02,1,22,2,0,0,1,0,0,7,5,0.917499124915406
165201,27952.02,6,152,36.8,0.02,1,38,2,1,1,1,0,0,17,12,0.5590204002809593
165301,27968.84,0,23,3.7,0.02,0,10,0,0,1,1,0,1,3,3,0.6737693249826284
165401,27986.37,3,115,36.7,0.02,3,29,4,0,0,1,0,1,11,13,0.5451823980594939
165501,28003.72,2,113,26.4,0.02,2,23,2,0,1,1,0,0,13,16,0.4618282363136177
165601,28020.12,0,6,-3.1,0.02,0,2,0,0,1,1,0,0,1,1,0.33237505226159686
165701,28037.68,10,400,46.9,0.02,5,41,6,1,0,0,1,13,43,61,0.43717205450913293
165801,28058.38,7,231,33.0,0.02,2,35,3,1,1,1,0,4,23,30,0.3592605754500955
165901,28075.98,1,135,23.0,0.02,1,26,3,0,1,1,0,1,16,20,0.38041890772346754
166001,28093.82,3,264,34.3,0.02,3,33,2,0,1,1,0,4,31,47,0.4598222108780146
166101,28109.94,1,74,13.7,0.02,1,14,1,0,1,1,0,0,3,3,0.3851754558976925
166201,28127.84,3,208,40.0,0.02,3,36,3,0,1,1,0,3,20,30,0.42609205440708586
166301,28143.72,1,148,29.2,0.02,1,35,2,0,1,1,0,4,16,18,0.4874170612898141
166401,28162.51,1,176,25.6,0.02,1,33,2,0,1,1,0,4,20,34,0.3644565367939757
166501,28181.18,1,400,30.7,0.02,1,39,0,0,0,0,1,8,44,53,0.36340861671036684
166601,28199.58,4,264,47.5,0.02,4,41,4,0,1,1,0,5,28,35,0.40638670228025753
166701,28216.96,7,76,22.6,0.02,2,20,3,1,1,1,0,1,9,14,0.6085551696651365
166801,28232.07,0,28,7.3,0.02,0,14,1,0,1,1,0,1,4,7,0.5143262640067577
166901,28248.81,1,93,15.6,0.02,1,17,2,0,1,1,0,0,11,14,0.45895556390400594
167001,28269.61,4,400,21.1,0.02,4,24,3,0,0,0,1,18,40,49,0.3957686529759069
167101,28285.55,8,270,39.9,0.02,3,36,4,1,0,1,0,3,26,31,0.3203386396344328
167201,28305.34,0,46,11.5,0.02,0,18,0,0,1,1,0,1,6,5,0.5053751410411933
167301,28322.84,2,46,17.6,0.02,2,15,2,0,1,1,0,2,6,4,0.5234303397739192
167401,28340.71,2,83,20.6,0.02,2,19,1,0,1,1,0,2,9,14,0.470015674936081
167501,28358.85,1,48,7.3,0.02,1,10,0,0,1,1,0,2,5,7,0.6891578559834027
167601,28376.47,7,230,20.9,0.02,2,20,2,1,1,1,0,1,18,31,0.2767440959148523
167701,28394.67,9,304,39.0,0.02,4,38,3,1,0,1,0,10,30,40,0.4212465085090706
167801,28412.65,3,268,43.7,0.02,3,43,5,0,1,1,0,5,28,43,0.33938713102697937
167901,28428.09,3,400,15.4,0.02,3,24,1,0,0,0,1,19,37,46,0.4384365663730675
168001,28445.93,2,92,26.6,0.02,2,25,2,0,1,1,0,2,9,14,0.6189966946186938
168101,28462.56,2,241,13.4,0.02,2,19,2,0,1,1,0,7,26,36,0.37249104513888426
168201,28479.71,3,128,35.2,0.02,3,33,3,0,1,1,0,6,14,18,0.7503415274291332
168301,28498.2,0,83,-0.6,0.02,0,7,0,0,1,1,0,2,4,6,0.44311567853325945
168401,28516.51,2,71,24.1,0.02,2,20,2,0,1,1,0,0,8,9,0.550148563202051
168501,28533.12,0,177,6.1,0.02,0,15,1,1,1,1,0,2,11,19,0.3358525498485071
168601,28550.51,1,63,18.6,0.02,1,20,1,0,1,1,0,1,8,4,0.7584734677159229
168701,28569.24,0,148,9.8,0.02,0,20,1,0,1,1,0,4,8,12,0.3619904296498495
168801,28583.86,2,107,25.5,0.02,2,26,2,0,0,1,0,4,12,15,0.6690914701135982
168901,28602.42,0,325,18.9,0.02,0,31,0,0,1,1,0,3,27,41,0.2746935137033806
169001,28620.36,0,144,6.0,0.02,0,17,0,0,1,1,0,4,14,20,0.5057497735870506
169101,28639.18,2,400,29.7,0.02,2,25,0,0,0,0,1,0,37,53,0.29607977884464376
169201,28656.14,2,104,27.7,0.02,2,25,2,0,1,1,0,1,12,13,0.38776699398134046
169301,28673.96,1,15,3.6,0.02,1,5,2,0,1,1,0,1,2,4,0.5878008068378586
169401,28693.32,3,335,28.6,0.02,3,26,1,0,1,1,0,4,31,34,0.3782957873084965
169501,28709.36,1,104,11.0,0.02,1,14,1,0,1,1,0,2,7,10,0.303327056762981
169601,28727.26,6,381,45.5,0.02,6,35,5,0,1,1,0,10,40,45,0.37997016993158556
169701,28742.37,1,48,17.3,0.02,1,18,1,0,1,1,0,0,6,7,0.6768161078460508
169801,28758.85,4,400,34.7,0.02,4,30,5,0,0,0,1,10,43,53,0.44295831188400436
169901,28777.16,2,231,26.6,0.02,2,26,2,0,1,1,0,3,12,14,0.2917814575637026
170001,28796.05,3,180,40.3,0.02,3,36,3,0,1,1,0,3,20,27,0.5080456610835873
170101,28814.05,2,147,31.7,0.02,2,30,1,0,1,1,0,1,17,23,0.48825397970402284
170201,28829.2,0,28,6.3,0.02,0,12,1,0,1,1,0,0,4,7,0.4235862504149055
170301,28845.67,0,14,0.6,0.02,0,6,0,0,1,1,0,0,2,4,0.39021914254375106
170401,28864.34,0,21,2.5,0.02,0,9,0,0,1,1,0,1,3,5,0.4123294355967382
170501,28882.32,2,291,30.5,0.02,2,29,3,0,1,1,0,1,17,25,0.2291933533004399
170601,28899.97,2,38,14.7,0.02,2,11,2,0,1,1,0,1,4,3,0.9284201896357794
170701,28916.8,0,29,5.3,0.02,0,11,0,0,1,1,0,0,4,7,0.825347984016549
170801,28933.08,9,400,50.7,0.02,4,46,4,1,0,0,1,10,45,53,0.407556655658673
170901,28951.06,3,114,33.8,0.02,3,28,3,0,0,1,0,3,9,12,0.6473972485984709
171001,28967.28,0,307,-2.1,0.02,0,12,0,0,1,1,0,7,15,21,0.27338916388352
171101,28983.07,3,247,41.5,0.02,3,38,4,0,1,1,0,3,27,35,0.34112781293112404
171201,29001.29,1,178,18.2,0.02,1,24,2,0,1,1,0,3,21,28,0.5677645067024497
171301,29019.43,0,27,4.1,0.02,0,11,0,0,1,1,0,1,4,9,0.4661927508515489
171401,29037.3,2,19,15.7,0.02,2,11,3,0,1,1,0,0,2,3,1.1267867497323258
171501,29056.26,3,363,34.9,0.02,3,38,4,0,1,1,0,8,36,51,0.44165582798390607
171601,29072.77,1,400,27.9,0.02,1,30,1,0,0,0,1,3,39,41,0.348184860606417
171701,29091.38,1,45,15.2,0.02,1,16,1,0,1,1,0,0,6,8,1.0106416010925052
171801,29108.12,1,70,19.6,0.02,1,24,1,0,1,1,0,3,9,14,0.4805360702678246
171901,29126.67,0,13,0.9,0.02,0,6,1,0,1,1,0,0,2,1,0.6303424714125617
172001,29143.15,2,156,16.2,0.02,2,18,3,0,1,1,0,5,11,18,0.33339766600915977
172101,29160.07,1,400,32.0,0.02,1,34,1,0,0,0,1,3,32,40,0.37401606479555416
172201,29178.94,2,307,13.7,0.02,2,19,1,0,1,1,0,7,29,33,0.3324843761153631
172301,29197.32,7,374,58.0,0.02,7,44,6,0,1,1,0,11,37,50,0.4376117929563867
172401,29216.39,1,400,17.8,0.02,1,32,1,0,0,0,1,13,42,62,0.40906965061328987
172501,29235.22,3,73,35.8,0.02,3,27,4,0,1,1,0,0,6,12,0.8388039377401957
172601,29253.53,3,298,34.2,0.02,3,36,2,0,1,1,0,8,32,38,0.4571250423290224
172701,29272.0,3,150,31.7,0.02,3,27,2,0,1,1,0,4,17,13,0.46859726957128395
172801,29288.21,2,116,34.2,0.02,2,37,2,0,0,1,0,6,14,18,0.6364865722369913
172901,29305.48,1,32,11.7,0.02,1,12,1,0,1,1,0,0,4,3,0.6919439632071626
173001,29319.64,0,62,0.1,0.02,0,9,0,0,1,1,0,3,6,9,1.2176076282898192
173101,29336.9,0,6,-4.0,0.02,0,2,0,0,1,1,0,1,1,0,0.32523684960314786
173201,29354.0,1,103,13.9,0.02,1,19,2,0,1,1,0,4,8,11,0.5293595511775486
173301,29370.91,2,73,17.7,0.02,2,16,3,0,1,1,0,2,7,13,0.6009643348861279
173401,29387.62,8,400,31.3,0.02,3,31,1,1,0,0,1,10,41,47,0.48904889518932915
173501,29402.8,0,14,-0.6,0.02,0,5,0,0,1,1,0,0,2,6,0.37702000471700864
173601,29420.48,2,310,43.8,0.02,2,44,2,0,1,1,0,1,35,42,0.31265608777386333
173701,29439.48,9,400,44.1,0.02,4,33,3,1,0,0,1,4,42,49,0.35191145138263213
173801,29456.62,3,106,35.4,0.02,3,30,6,0,1,1,0,3,11,16,1.1538437536836346
173901,29473.79,2,138,26.2,0.02,2,26,2,0,1,1,0,3,15,18,0.4432757192119094
174001,29489.53,2,130,31.4,0.02,2,33,3,0,1,1,0,5,15,16,0.6767114817441858
174101,29507.81,3,190,37.0,0.02,3,36,4,0,1,1,0,6,22,30,0.4819573891899966
174201,29526.01,1,400,32.9,0.02,1,46,2,0,0,0,1,12,45,61,0.420046858979452
174301,29543.24,1,174,15.6,0.02,1,23,0,0,1,1,0,5,19,24,0.4789853609516137
174401,29560.15,5,109,32.4,0.02,5,17,4,0,0,1,0,3,12,16,0.7322397176382076
174501,29580.96,0,400,6.2,0.02,0,20,1,0,0,0,1,9,40,48,0.413749198759068
174601,29598.16,0,6,-3.0,0.02,0,3,0,0,1,1,0,1,1,0,0.43281141776887194
174701,29618.58,1,218,25.1,0.02,1,32,1,0,0,1,0,4,21,29,0.44910244777056385
174801,29634.05,1,118,22.3,0.02,1,29,1,0,1,1,0,5,14,17,0.37755861190179424
174901,29649.7,1,51,14.0,0.02,1,16,1,0,1,1,0,1,7,10,0.5513313485140864
175001,29667.89,0,21,3.3,0.02,0,9,0,0,1,1,0,0,3,7,0.4370049510822098
175101,29685.15,3,365,26.7,0.02,3,28,2,0,0,1,0,6,35,53,0.4120268731331328
175201,29702.44,1,92,20.1,0.02,1,23,3,0,1,1,0,2,11,9,0.6856171065242372
175301,29717.82,1,89,19.1,0.02,1,22,1,0,0,1,0,2,9,9,0.8662419793170141
175401,29735.39,3,89,27.9,0.02,3,22,2,0,1,1,0,3,9,11,0.8627074606597223
175501,29752.61,4,249,43.8,0.02,4,32,4,0,1,1,0,1,26,22,0.35000917363278145
175601,29770.59,6,400,26.3,0.02,1,36,2,1,0,0,1,10,41,47,0.45720665700684565
175701,29787.02,3,167,46.3,0.02,3,43,4,0,1,1,0,5,19,17,0.5622249723885632
175801,29805.34,1,312,10.1,0.02,1,20,1,0,1,1,0,6,25,39,0.33028158657126067
175901,29820.42,1,45,14.9,0.02,1,16,3,0,1,1,0,0,6,11,0.8882000398833245
176001,29839.05,2,141,29.1,0.02,2,27,1,0,1,1,0,1,17,19,0.48846319432493135
176101,29854.72,2,272,30.5,0.02,2,35,2,0,1,1,0,6,27,35,0.4191470907483289
176201,29871.78,4,400,36.2,0.02,4,31,4,0,0,0,1,9,44,58,0.4283027781201355
176301,29889.13,3,214,36.1,0.02,3,33,3,0,1,1,0,4,21,29,0.5529242950468793
176401,29905.73,3,130,33.6,0.02,3,28,4,0,1,1,0,3,15,14,0.580695783173204
176501,29924.95,7,150,24.6,0.02,2,28,2,1,0,1,0,7,15,14,0.5920898774573052
176601,29941.48,2,139,21.6,0.02,2,20,2,0,1,1,0,2,13,14,0.44475502819942514
176701,29956.64,0,7,-3.0,0.02,0,2,0,0,1,1,0,0,1,0,0.333327526564179
176801,29972.08,2,95,30.6,0.02,2,28,2,0,1,1,0,1,11,14,0.6520211901383569
176901,29989.45,7,241,41.0,0.02,2,41,2,1,1,1,0,2,26,30,0.3887835284366134
177001,30005.16,0,6,-3.0,0.02,0,3,0,0,1,1,0,1,1,0,0.41899885125504316
177101,30021.64,2,365,15.1,0.02,2,31,3,0,1,1,0,16,41,49,0.4661164390824509
177201,30037.42,2,46,12.4,0.02,2,10,1,0,1,1,0,2,6,6,0.6493462642460833
177301,30055.64,3,101,35.6,0.02,3,29,3,0,1,1,0,2,13,14,0.5158820509457369
177401,30072.1,3,299,36.0,0.02,3,38,4,0,1,1,0,8,31,40,0.46535671917959004
177501,30088.68,4,198,45.6,0.02,4,38,4,0,1,1,0,5,21,24,0.39790137336899445
177601,30106.38,2,108,22.5,0.02,2,22,2,0,1,1,0,3,12,15,0.5367538774112733
177701,30123.94,1,54,17.0,0.02,1,19,1,0,1,1,0,1,7,10,0.5279690365687977
177801,30139.63,1,25,13.5,0.02,1,14,1,0,1,1,0,0,3,5,0.7241208053211843
177901,30155.82,1,52,9.1,0.02,1,12,1,0,1,1,0,2,6,9,0.7301045012120361
178001,30173.47,2,192,29.7,0.02,2,35,2,0,1,1,0,8,21,23,0.5915893712526804
178101,30192.05,3,319,33.0,0.02,3,35,2,0,1,1,0,8,31,40,0.37391595781708514
178201,30207.66,1,94,18.3,0.02,1,20,1,0,1,1,0,0,8,17,0.5306989233183254
178301,30225.67,1,276,34.1,0.02,1,41,1,0,1,1,0,4,29,29,0.4969266194907224
178401,30241.95,2,110,31.2,0.02,2,29,1,0,0,1,0,1,13,18,0.5892440337479573
178501,30261.08,1,111,14.7,0.02,1,17,1,0,1,1,0,1,12,13,0.44111866497803554
178601,30280.0,2,36,17.4,0.02,2,13,2,0,1,1,0,0,4,6,0.728831417943901
178701,30299.07,0,400,25.5,0.02,0,46,1,0,0,0,1,15,43,55,0.4556178456602027
178801,30314.54,2,54,19.1,0.02,2,15,2,0,1,1,0,0,6,9,0.7345316405167424
178901,30330.53,2,81,28.5,0.02,2,28,2,0,1,1,0,3,10,15,0.8498691524984818
179001,30346.05,6,226,42.2,0.02,3,36,3,1,0,0,1,5,24,38,0.39458021778835684
179101,30363.67,2,400,29.4,0.02,2,37,3,0,0,0,1,12,46,56,0.42573734600036667
179201,30382.07,4,166,41.3,0.02,4,30,2,0,0,1,0,1,18,27,0.6711868715739739
179301,30401.34,1,400,25.5,0.02,1,34,0,0,0,0,1,8,41,55,0.32992228719806277
179401,30418.14,1,93,20.9,0.02,1,25,1,0,1,1,0,3,11,11,0.8632735053590501
179501,30436.05,1,75,19.2,0.02,1,23,0,0,1,1,0,3,9,8,0.6378568599452467
179601,30453.19,1,76,16.1,0.02,1,18,1,0,1,1,0,1,8,9,0.3286330349252637
179701,30470.1,0,6,-3.2,0.02,0,3,1,0,1,1,0,1,1,2,0.3500411605045389
179801,30488.12,0,35,6.2,0.02,0,12,0,0,1,1,0,0,5,8,0.8874535518372031
179901,30506.42,6,400,17.3,0.02,1,29,1,1,0,0,1,11,43,57,0.3694943827062905
180001,30522.02,7,291,35.4,0.02,2,39,3,1,1,1,0,5,32,36,0.4743623487897438
180101,30540.25,2,94,32.2,0.02,2,32,3,0,1,1,0,4,12,8,0.7963853429570159
180201,30555.25,2,182,39.0,0.02,2,38,3,0,1,1,0,2,22,20,0.4910829560701006
180301,30574.86,3,73,30.1,0.02,3,24,3,0,1,1,0,3,8,9,0.8644065103270918
180401,30590.76,4,352,43.7,0.02,4,35,3,0,1,1,0,3,30,33,0.3419618822738792
180501,30608.38,2,230,15.6,0.02,2,17,2,0,1,1,0,4,28,24,0.516757671813159
180601,30623.77,6,89,15.7,0.02,1,19,1,1,1,1,0,2,11,13,0.7282924994029054
180701,30641.48,1,84,18.9,0.02,1,21,3,0,1,1,0,1,9,11,0.7849104036019725
180801,30658.56,3,88,40.0,0.02,3,32,3,0,1,1,0,1,10,10,1.077547923485058
180901,30675.79,1,96,24.4,0.02,1,27,1,0,0,1,0,1,13,16,0.6233065301360299
181001,30692.98,3,96,30.3,0.02,3,23,2,0,1,1,0,2,11,7,0.5870457450914786
181101,30710.3,0,66,5.9,0.02,0,13,0,0,1,1,0,1,8,11,0.3406957669113865
181201,30730.41,8,272,43.2,0.02,3,39,3,1,1,1,0,2,30,38,0.44830606625005076
181301,30749.21,1,400,16.5,0.02,1,29,1,0,0,0,1,12,41,55,0.35390822752406276
181401,30767.2,0,91,18.9,0.02,0,26,1,0,1,1,0,1,9,11,0.6035817279407565
181501,30783.97,7,309,28.2,0.02,2,34,2,1,1,1,0,6,35,48,0.35186849123201147
181601,30801.38,2,87,15.9,0.02,2,14,1,0,1,1,0,2,9,11,0.6687538315779479
181701,30820.18,4,152,44.6,0.02,4,32,4,0,1,1,0,0,17,24,0.5458428975353666
181801,30838.4,0,6,-2.1,0.02,0,3,1,0,1,1,0,0,1,1,0.39101608895583645
181901,30855.63,0,132,6.7,0.02,0,13,0,0,1,1,0,0,9,13,0.26668395170231163
182001,30874.45,2,53,17.1,0.02,2,15,2,0,0,1,0,2,6,9,0.7379164119214292
182101,30891.6,4,361,43.0,0.02,4,38,2,0,1,1,0,5,38,50,0.3749852534398521
182201,30909.82,4,378,30.8,0.02,4,31,4,0,1,1,0,9,43,62,0.4124202443899717
182301,30926.85,3,232,30.4,0.02,3,31,1,0,1,1,0,9,27,16,0.5728699622106422
182401,30944.47,7,400,32.7,0.02,2,32,2,1,0,0,1,3,46,63,0.45642753698879324
182501,30964.85,1,98,19.1,0.02,1,22,1,0,1,1,0,2,10,9,0.5062278167973563
182601,30984.47,8,177,43.1,0.02,3,36,3,1,1,1,0,1,19,19,0.4979851086031006
182701,31003.79,1,38,12.0,0.02,1,13,1,0,1,1,0,0,5,10,0.842335125639114
182801,31023.8,3,400,21.3,0.02,3,16,1,0,0,0,1,5,33,47,0.3000448639205636
182901,31040.38,3,67,25.0,0.02,3,18,3,0,1,1,0,2,7,10,0.6156332731749132
183001,31060.09,3,53,26.3,0.02,3,18,3,0,1,1,0,1,7,7,1.1795149006621894
183101,31078.46,4,400,39.4,0.02,4,37,4,0,0,0,1,13,37,46,0.3754319976033
183201,31096.46,4,97,46.7,0.02,4,35,4,0,1,1,0,2,11,13,1.0877057396926693
183301,31114.8,1,66,21.2,0.02,1,24,1,0,1,1,0,2,8,8,0.9821286460624288
183401,31133.21,3,400,49.4,0.02,3,50,3,0,0,0,1,9,47,66,0.3910781564725632
183501,31151.72,3,400,39.7,0.02,3,39,3,0,0,0,1,8,45,63,0.4102129148897325
183601,31169.57,8,346,30.8,0.02,3,26,3,1,0,0,1,5,34,52,0.39562238081353446
183701,31187.99,11,400,81.2,0.02,6,55,7,1,0,0,1,1,22,28,0.3714767575025802
183801,31205.89,1,60,14.7,0.02,1,15,1,0,1,1,0,0,5,3,0.4249656204666241
183901,31223.25,3,332,19.7,0.02,3,20,2,0,1,1,0,6,34,43,0.3354625029771774
184001,31239.72,2,400,32.5,0.02,2,39,4,0,0,0,1,11,41,55,0.45106795272243094
184101,31257.02,1,154,25.3,0.02,1,29,0,0,1,1,0,2,17,17,0.5017371438831217
184201,31273.61,1,103,19.2,0.02,1,24,2,0,1,1,0,3,12,18,0.5743889552076116
184301,31289.38,6,400,13.4,0.02,1,22,3,1,0,0,1,8,44,56,0.3712605719494509
184401,31308.22,7,355,72.2,0.02,7,50,5,0,1,1,0,3,40,48,0.48520149450489675
184501,31324.98,3,329,25.3,0.02,3,29,2,0,1,1,0,9,39,47,0.36941116692008413
184601,31342.06,1,73,19.6,0.02,1,21,2,0,1,1,0,0,9,14,0.5558589738214728
184701,31361.51,5,371,50.1,0.02,5,42,5,0,1,1,0,7,35,49,0.4251405462258926
184801,31379.23,1,74,29.1,0.02,1,32,2,0,1,1,0,2,9,9,0.5738870385691517
184901,31397.98,0,43,10.0,0.02,0,17,0,0,1,1,0,1,6,10,0.41910987894963686
185001,31415.93,3,235,37.6,0.02,3,34,3,0,1,1,0,3,26,34,0.4136504752716799
185101,31433.14,6,227,20.2,0.02,1,27,1,1,1,1,0,4,19,28,0.3158251409535421
185201,31448.89,3,202,39.1,0.02,3,35,4,0,1,1,0,3,20,29,0.49647109768282816
185301,31466.84,1,65,15.0,0.02,1,17,2,0,1,1,0,1,8,10,0.44387053842617497
185401,31481.68,0,58,10.0,0.02,0,16,0,0,1,1,0,0,8,10,0.4254078493458561
185501,31500.74,4,190,47.1,0.02,4,36,4,0,1,1,0,2,20,19,0.39547497140117177
185601,31517.66,16,331,20.0,0.02,1,33,1,3,1,1,0,8,33,50,0.3478673018561556
185701,31536.52,4,350,43.2,0.02,4,40,4,0,1,1,0,8,32,38,0.40156392814829905
185801,31555.23,0,21,2.2,0.02,0,8,0,0,1,1,0,0,3,8,0.35091901993367436
185901,31573.81,2,80,18.9,0.02,2,16,2,1,1,1,0,1,8,11,0.4079618153385474
186001,31591.68,4,257,34.0,0.02,4,27,3,0,1,1,0,5,26,30,0.457733757151682
186101,31610.26,2,72,35.8,0.02,2,33,2,0,1,1,0,1,9,12,0.5966366155454325
186201,31629.08,2,144,34.3,0.02,2,34,2,0,1,1,0,3,18,17,0.4382849382294904
186301,31645.98,2,113,33.9,0.02,2,32,2,0,0,1,0,1,15,21,0.5403450089967925
186401,31663.3,3,207,44.0,0.02,3,38,3,0,1,1,0,2,17,20,0.36571038504129816
186501,31678.88,6,293,3.8,0.02,1,19,3,1,1,1,0,11,30,42,0.3355537515960403
186601,31696.62,3,92,20.9,0.02,3,16,2,0,1,1,0,4,11,11,0.9067107657335022
186701,31712.71,1,348,20.6,0.02,1,35,1,0,1,1,0,11,23,34,0.35102149099451746
186801,31728.61,2,367,23.7,0.02,2,29,1,0,1,1,0,5,37,53,0.3275715779500839
186901,31746.28,0,369,1.2,0.02,0,20,0,0,1,1,0,9,32,48,0.23863086906970082
187001,31765.15,0,63,5.5,0.02,0,14,1,0,1,1,0,2,8,15,0.3034278166332527
187101,31782.01,3,226,27.9,0.02,3,30,1,0,0,1,0,9,23,31,0.48289883840441944
187201,31798.93,1,41,10.5,0.02,1,14,1,0,1,1,0,3,5,5,0.6816103628195289
187301,31814.75,1,82,8.7,0.02,1,13,1,0,1,1,0,3,10,13,0.7302336358528662
187401,31829.15,2,203,36.3,0.02,2,38,3,0,1,1,0,4,22,27,0.4081264168178003
187501,31848.38,0,6,-2.1,0.02,0,3,0,0,1,1,0,0,1,1,0.4395054980755891
187601,31867.2,6,400,18.5,0.02,1,29,1,1,0,0,1,11,35,45,0.3386181183337504
187701,31884.27,7,400,30.4,0.02,2,37,3,1,0,0,1,10,43,66,0.4362236053217981
187801,31901.22,2,95,27.2,0.02,2,27,2,0,1,1,0,4,12,8,0.6850972420327355
187901,31917.72,2,242,20.7,0.02,2,28,1,0,1,1,0,9,25,33,0.5614627394650656
188001,31935.17,7,295,38.1,0.02,2,43,3,1,1,1,0,5,33,49,0.3149911052965598
188101,31954.49,4,146,56.4,0.02,4,43,5,0,1,1,0,0,15,16,0.5541851458379023
188201,31970.56,3,216,26.5,0.02,3,25,3,0,1,1,0,6,19,25,0.43150931317468605
188301,31987.73,3,400,27.4,0.02,3,30,2,0,0,0,1,12,45,56,0.47559357402489205
188401,32007.01,1,159,15.8,0.02,1,24,0,0,0,1,0,6,15,22,0.41175979594156664
188501,32025.67,3,96,35.9,0.02,3,28,3,0,1,1,0,1,9,11,0.5285165900335148
188601,32043.65,6,400,56.7,0.02,6,31,6,0,0,0,1,2,19,23,0.3418959585643153
188701,32062.72,7,400,31.3,0.02,2,38,2,1,0,0,1,11,46,57,0.3813394395319803
188801,32079.21,5,337,19.7,0.02,0,35,0,1,1,1,0,6,35,43,0.3614941466234504
188901,32095.15,1,58,15.0,0.02,1,16,1,0,1,1,0,0,6,10,0.510899221658211
189001,32113.76,6,334,27.9,0.02,1,35,0,1,1,1,0,3,32,41,0.3113842717088562
189101,32130.76,11,400,28.0,0.02,1,38,2,2,0,0,1,10,44,50,0.3487600289425376
189201,32145.98,12,400,31.7,0.02,2,38,5,2,0,0,1,10,43,63,0.36704333602690337
189301,32165.37,0,291,21.1,0.02,0,36,0,0,1,1,0,6,30,39,0.3290872560487066
189401,32184.51,7,304,27.8,0.02,2,32,2,1,1,1,0,5,31,42,0.41573479326353846
189501,32199.99,0,6,-4.2,0.02,0,2,0,0,1,1,0,1,1,2,0.22156255840746045
189601,32216.85,9,384,31.2,0.02,4,34,3,1,1,1,0,12,37,58,0.38547667069382446
189701,32233.1,3,247,51.6,0.02,3,52,3,0,1,1,0,6,27,44,0.4906330813520017
189801,32250.42,0,13,1.8,0.02,0,7,2,0,1,1,0,0,2,2,0.581991756865193
189901,32266.19,2,37,21.2,0.02,2,17,2,0,1,1,0,0,5,8,0.8306930321270477
190001,32281.76,6,340,25.9,0.02,1,40,3,1,1,1,0,10,37,41,0.3595817606030779
190101,32298.31,0,114,20.9,0.02,0,30,0,0,1,1,0,2,15,21,0.3898263481476946
190201,32316.82,2,126,19.8,0.02,2,20,1,0,1,1,0,4,14,12,0.524476206636082
190301,32333.75,1,17,5.9,0.02,1,7,1,0,1,1,0,1,2,1,1.4754524587181699
190401,32350.08,1,400,32.3,0.02,1,42,0,0,0,0,1,8,45,67,0.35463615170426915
190501,32368.81,5,400,33.2,0.02,5,28,4,0,0,0,1,14,41,58,0.5605484302464
190601,32387.89,9,400,31.7,0.02,4,33,5,1,0,0,1,15,46,63,0.4025399581149486
190701,32406.14,0,20,5.5,0.02,0,11,1,0,1,1,0,0,3,5,0.7138680923820241
190801,32422.41,1,33,14.6,0.02,1,17,2,0,1,1,0,2,4,4,0.9972751267411784
190901,32438.41,3,400,52.2,0.02,3,47,4,0,0,0,1,4,44,58,0.36920950665296587
191001,32453.31,4,400,41.7,0.02,4,36,4,0,0,0,1,8,45,63,0.4217471994058516
191101,32473.33,3,172,43.3,0.02,3,38,1,0,1,1,0,3,18,17,0.5311737282040775
191201,32493.06,2,143,21.2,0.02,2,23,1,0,1,1,0,5,14,18,0.5253117186459217
191301,32510.06,0,6,-3.0,0.02,0,3,0,0,1,1,0,1,1,0,0.37925572566962096
191401,32529.64,4,208,49.3,0.02,4,39,5,0,1,1,0,2,20,27,0.39913311046131533
191501,32546.6,9,400,27.3,0.02,4,30,3,1,0,0,1,16,43,67,0.3949791966499578
191601,32563.58,2,67,16.9,0.02,2,14,2,0,1,1,0,1,8,11,0.7522195666329174
191701,32580.05,0,201,6.9,0.02,0,18,1,0,1,1,0,5,23,11,0.49813123375107016
191801,32597.61,4,292,35.7,0.02,4,32,3,0,1,1,0,8,23,33,0.48647793176813314
191901,32616.0,1,341,13.9,0.02,1,30,1,0,1,1,0,11,33,51,0.45371515853935723
192001,32631.27,0,30,0.6,0.02,0,8,1,0,1,1,0,2,4,4,0.9247365770382648
192101,32648.01,5,241,60.8,0.02,5,46,3,0,1,1,0,2,27,32,0.4075883826241072
192201,32665.07,7,341,36.2,0.02,4,23,1,1,0,0,1,4,26,28,0.41261465354585986
192301,32679.37,2,257,27.7,0.02,2,32,3,0,1,1,0,5,29,43,0.4285063421739686
192401,32697.86,1,400,18.3,0.02,1,25,1,0,0,0,1,7,36,47,0.31294694746885393
192501,32713.7,9,82,31.4,0.02,4,20,3,1,1,1,0,3,9,6,0.9691053823794452
192601,32732.23,4,400,29.7,0.02,4,25,4,0,0,0,1,9,44,63,0.41915699928230477
192701,32748.88,0,77,0.1,0.02,0,8,0,0,1,1,0,2,5,9,0.38297830554439244
192801,32767.18,0,51,2.2,0.02,0,9,0,0,1,1,0,1,4,8,0.27314235736104875
192901,32785.24,1,126,22.4,0.02,1,25,1,0,1,1,0,1,12,16,0.3479444757262942
193001,32801.22,4,400,42.7,0.02,4,40,4,0,0,0,1,11,43,63,0.4365811985418881
193101,32818.77,4,291,41.0,0.02,4,32,4,0,1,1,0,3,26,30,0.4345650894108481
193201,32838.58,1,74,17.1,0.02,1,19,1,0,1,1,0,1,8,9,0.6891695998027974
193301,32854.25,3,132,29.2,0.02,3,21,3,0,1,1,0,0,14,18,0.4752657912730091
193401,32870.84,2,201,38.8,0.02,2,39,3,0,1,1,0,2,22,32,0.4794568409203333
193501,32889.86,3,53,22.4,0.02,3,13,3,0,0,1,0,0,6,6,0.8465679456271777
193601,32905.23,1,23,8.5,0.02,1,9,1,0,1,1,0,0,3,5,1.293601021992378
193701,32922.56,4,82,29.8,0.02,4,19,3,0,1,1,0,3,9,12,1.0546928843232526
193801,32939.12,1,86,23.7,0.02,1,25,1,0,1,1,0,0,11,13,0.45339008847673107
193901,32955.72,2,17,12.8,0.02,2,8,2,0,1,1,0,0,2,2,1.6603730383879651
194001,32973.94,4,204,44.4,0.02,4,36,3,0,1,1,0,4,20,26,0.46813990624914154
194101,32993.41,1,157,27.2,0.02,1,31,2,0,1,1,0,1,18,28,0.35350251158081636
194201,33011.79,2,210,34.1,0.02,2,40,2,0,0,1,0,8,21,29,0.5970964737607004
194301,33029.99,1,82,21.3,0.02,1,25,0,0,1,1,0,2,9,17,0.7411178116248577
194401,33047.36,2,400,24.7,0.02,2,35,2,0,0,0,1,15,46,53,0.3930063969103929
194501,33065.14,7,400,73.8,0.02,7,48,1,0,0,0,1,4,43,52,0.45686095815421185
194601,33084.12,2,240,36.2,0.02,2,39,2,0,1,1,0,5,24,28,0.3500655857444391
194701,33103.79,3,357,26.5,0.02,3,33,2,0,1,1,0,12,35,45,0.39257497519768253
194801,33122.2,2,400,21.0,0.02,2,23,3,0,0,0,1,8,33,40,0.3275040296112462
194901,33143.26,4,64,35.9,0.02,4,22,4,0,1,1,0,0,7,11,0.7771007753790999
195001,33162.35,4,342,42.1,0.02,4,44,4,0,1,1,0,11,36,59,0.47204564594372384
195101,33181.09,1,34,9.3,0.02,1,11,1,0,1,1,0,1,4,7,0.5359775693884441
195201,33200.03,0,74,16.7,0.02,0,25,0,0,1,1,0,2,9,13,0.6488937577669394
195301,33214.22,0,29,5.5,0.02,0,12,0,0,1,1,0,1,4,5,0.9690163891947287
195401,33234.82,3,299,39.7,0.02,3,41,3,0,1,1,0,7,35,43,0.38564547707141095
195501,33251.23,1,217,17.4,0.02,1,23,3,0,1,1,0,3,15,26,0.479160159902548
195601,33271.57,1,118,17.7,0.02,1,19,0,0,1,1,0,1,14,3,0.42514128002420876
195701,33288.58,2,400,23.1,0.02,2,24,3,0,0,0,1,6,35,49,0.32191253504741124
195801,33306.35,0,6,-4.0,0.02,0,2,0,0,1,1,0,1,1,0,0.3378934426271691
195901,33323.86,1,39,14.3,0.02,1,15,1,0,1,1,0,0,5,7,0.617080760636143
196001,33339.16,4,338,37.1,0.02,4,34,4,0,1,1,0,7,34,49,0.32267375223977407
196101,33357.86,4,341,38.2,0.02,4,30,4,0,1,1,0,3,27,38,0.3522353437759637
196201,33375.62,0,6,-3.2,0.02,0,3,0,0,1,1,0,1,1,2,0.34743013512316906
196301,33392.74,4,341,32.3,0.02,4,30,3,0,1,1,0,8,36,47,0.419917545779635
196401,33409.84,3,226,33.6,0.02,3,28,3,0,1,1,0,2,24,24,0.4409941432312758
196501,33426.28,4,86,31.5,0.02,4,21,4,0,1,1,0,4,9,5,0.6054165824718234
196601,33443.41,1,105,20.0,0.02,1,26,0,0,1,1,0,4,13,20,0.6783581009594963
196701,33461.35,1,400,25.1,0.02,1,33,0,0,0,0,1,8,40,49,0.3506520680139785
196801,33477.72,1,38,13.0,0.02,1,14,1,0,1,1,0,0,5,10,0.8795998973803588
196901,33495.01,0,42,8.1,0.02,0,15,1,0,1,1,0,1,6,9,0.3331808832717904
197001,33509.89,4,60,29.2,0.02,4,16,3,0,1,1,0,1,7,8,1.0325482575795772
197101,33528.26,2,244,32.9,0.02,2,37,1,0,0,1,0,6,25,31,0.45907988174346614
197201,33544.23,0,13,-2.4,0.02,0,4,0,0,1,1,0,1,2,4,0.588034438631515
197301,33561.56,1,253,15.3,0.02,1,26,1,0,1,1,0,7,27,37,0.3617109707061741
197401,33579.45,1,90,16.4,0.02,1,23,0,0,1,1,0,5,11,16,0.6427317309047197
197501,33596.51,11,157,59.4,0.02,6,38,6,1,1,1,0,2,19,16,0.8214080357329544
197601,33614.95,1,102,23.5,0.02,1,28,1,0,1,1,0,3,14,15,0.5523724180130685
197701,33631.62,2,96,24.2,0.02,2,27,2,0,0,1,0,6,12,18,1.0541125827078488
197801,33648.52,7,400,87.9,0.02,7,63,4,0,0,0,1,5,42,51,0.39226575605892666
197901,33664.54,3,133,30.8,0.02,3,24,1,0,0,1,0,1,14,22,0.5769306934894892
198001,33682.24,1,400,14.8,0.02,1,26,0,0,0,0,1,10,43,62,0.39066472112700174
198101,33697.99,4,210,30.0,0.02,4,24,3,0,0,1,0,6,20,30,0.5571176456549747
198201,33717.11,3,335,16.3,0.02,3,20,2,0,1,1,0,9,39,47,0.45733259048813896
198301,33734.55,1,118,6.5,0.02,1,11,2,0,1,1,0,4,13,5,0.6307329925013542
198401,33753.1,0,6,-3.1,0.02,0,2,0,0,1,1,0,0,1,1,0.36401381923843873
198501,33769.86,5,400,35.8,0.02,5,34,4,0,0,0,1,17,45,62,0.4340390130465275
198601,33789.43,3,189,43.8,0.02,3,39,2,0,0,1,0,3,20,22,0.48775940613178503
198701,33808.52,0,143,5.8,0.02,0,13,0,0,1,1,0,1,7,12,0.2778948454172398
198801,33823.51,1,69,24.9,0.02,1,27,2,0,1,1,0,1,9,11,0.6593350861542608
198901,33843.22,1,74,14.6,0.02,1,17,1,0,1,1,0,1,9,14,0.3723568348487231
199001,33859.41,2,126,29.7,0.02,2,33,1,0,1,1,0,6,15,23,0.5965420833533502
199101,33876.15,1,21,7.0,0.02,1,8,2,0,1,1,0,1,3,0,0.8243279220941999
199201,33892.59,2,280,34.3,0.02,2,35,2,0,1,1,0,2,30,37,0.3970557261845346
199301,33909.34,0,70,6.9,0.02,0,17,1,0,0,1,0,4,9,11,0.906396996898764
199401,33925.81,1,74,16.6,0.02,1,20,2,1,1,1,0,2,10,14,0.39925465355880296
199501,33943.52,0,21,-0.3,0.02,0,6,0,0,1,1,0,1,3,3,0.495047139802358
199601,33960.48,6,400,27.9,0.02,1,34,1,1,0,0,1,7,35,41,0.3556473718434504
199701,33976.53,1,124,23.7,0.02,1,28,4,0,0,1,0,2,15,23,0.41434633011489835
199801,33993.89,6,106,19.6,0.02,1,21,1,1,1,1,0,0,10,14,0.43039162410689774
199901,34010.08,0,5,-3.2,0.02,0,3,0,0,1,1,0,1,1,2,3.3742237923133387
200001,34027.05,0,30,8.5,0.02,0,16,0,0,1,1,0,2,4,5,0.9563258162992193
200101,34044.89,0,29,9.3,0.02,0,16,1,0,1,1,0,1,4,7,0.6527294778663234
200201,34064.13,0,5,-4.2,0.02,0,2,0,0,1,1,0,1,1,2,2.3214974066438674
200301,34084.48,6,400,13.4,0.02,1,24,1,1,0,0,1,10,38,56,0.3277757764463496
200401,34102.59,2,100,31.1,0.02,2,31,2,0,0,1,0,3,12,19,0.8808346325182768
200501,34121.63,2,105,32.4,0.02,2,29,1,0,1,1,0,0,13,16,0.5141185678880177
200601,34141.29,2,29,12.4,0.02,2,9,4,0,1,1,0,1,3,6,1.1353234410486388
200701,34158.73,1,138,36.3,0.02,1,42,4,0,1,1,0,4,17,17,0.663162911896706
200801,34176.05,4,118,35.0,0.02,4,24,3,0,1,1,0,2,13,20,0.6424121706817426
200901,34192.35,0,51,13.9,0.02,0,20,1,0,1,1,0,0,7,11,0.48456033531061654
201001,34211.25,2,126,26.5,0.02,2,26,2,0,0,1,0,2,16,25,0.5240789346569911
201101,34229.14,2,311,23.3,0.02,2,32,2,0,1,1,0,10,32,37,0.33742402180104597
201201,34245.76,1,199,34.8,0.02,1,40,1,0,1,1,0,2,23,32,0.34470263851712596
201301,34266.89,3,400,38.1,0.02,3,30,4,0,0,0,1,3,33,39,0.37735430510224405
201401,34282.23,10,111,32.0,0.02,5,18,2,1,1,1,0,4,11,20,0.6868276790902336
201501,34301.51,1,50,19.5,0.02,1,21,1,0,1,1,0,1,6,5,0.9831732106838583
201601,34316.35,1,84,14.6,0.02,1,18,2,0,1,1,0,2,10,14,0.44880487560304033
201701,34333.44,0,13,0.6,0.02,0,6,1,0,1,1,0,0,2,4,0.3900088195035289
201801,34352.42,3,74,23.8,0.02,3,20,3,0,1,1,0,5,9,12,0.7927909817014437
201901,34370.38,2,207,23.8,0.02,2,26,2,0,1,1,0,4,19,32,0.32292323501746345
202001,34387.92,0,138,8.6,0.02,0,16,0,0,1,1,0,1,7,14,0.19126851393541827
202101,34408.2,1,205,17.8,0.02,1,26,1,0,1,1,0,5,23,32,0.398656393014732
202201,34425.32,2,400,26.8,0.02,2,28,2,0,0,0,1,5,46,62,0.34309322543468984
202301,34440.85,1,46,13.1,0.02,1,15,2,0,1,1,0,1,6,9,0.7771429916953955
202401,34459.38,0,44,8.9,0.02,0,16,0,0,1,1,0,1,6,11,0.46706406262151323
202501,34477.05,5,400,1.0,0.02,0,17,1,1,0,0,1,11,32,50,0.406285675112644
202601,34494.14,1,118,10.5,0.02,1,17,0,0,1,1,0,5,8,15,0.5115597317977483
202701,34510.86,4,238,34.4,0.02,4,25,3,1,1,1,0,3,21,26,0.3318970132214509
202801,34528.63,2,95,30.6,0.02,2,27,2,0,0,1,0,0,11,14,0.4557822507632901
202901,34545.56,3,400,33.2,0.02,3,32,3,0,0,0,1,8,43,58,0.40229999587429704
203001,34565.09,1,400,29.3,0.02,1,36,1,0,0,0,1,6,43,57,0.40381920576197344
203101,34581.31,2,133,25.0,0.02,2,23,2,0,1,1,0,1,14,20,0.4070520313063985
203201,34600.03,2,328,29.6,0.02,2,35,2,0,1,1,0,6,30,44,0.3609091076143008
203301,34618.2,3,180,36.9,0.02,3,32,2,0,1,1,0,2,21,31,0.5294120767547245
203401,34634.67,0,5,-3.2,0.02,0,3,0,0,1,1,0,1,1,2,2.440205554793649
203501,34651.86,9,400,42.5,0.02,4,32,4,1,0,0,1,4,42,55,0.3476930556862109
203601,34669.72,3,211,40.3,0.02,3,39,5,0,1,1,0,6,22,27,0.5463538806232923
203701,34688.0,4,224,48.3,0.02,4,39,4,0,1,1,0,2,25,37,0.3962183566251447
203801,34704.88,1,84,18.1,0.02,1,20,1,0,1,1,0,0,11,19,0.5285553213502523
203901,34722.84,3,142,31.6,0.02,3,24,2,0,1,1,0,1,15,14,0.36916100517414324
204001,34738.1,3,111,39.5,0.02,3,32,3,0,1,1,0,1,13,15,0.46311651635967555
204101,34755.32,2,143,26.0,0.02,2,24,1,0,1,1,0,1,16,20,0.3833974003126956
204201,34772.58,2,174,28.4,0.02,2,30,2,0,1,1,0,4,21,26,0.39312336718587915
204301,34790.21,1,243,30.2,0.02,1,40,0,0,1,1,0,6,27,38,0.4335407200138556
204401,34807.07,1,30,17.5,0.02,1,18,2,0,1,1,0,0,4,5,0.7395989378685575
204501,34822.22,3,91,31.1,0.02,3,24,3,0,1,1,0,2,8,9,0.6985251704581987
204601,34839.42,1,177,10.4,0.02,1,17,0,0,1,1,0,4,19,26,0.35477621458990666
204701,34857.78,5,400,39.2,0.02,5,23,5,0,0,0,1,5,33,38,0.32613394157568604
204801,34875.82,10,400,64.7,0.02,5,48,2,1,0,0,1,4,29,43,0.33924095824359307
204901,34893.91,0,104,0.9,0.02,0,9,0,0,1,1,0,2,5,11,0.39204981741993544
205001,34910.39,4,135,31.6,0.02,4,27,3,0,1,1,0,8,14,24,0.8197950675872437
205101,34926.78,2,73,22.8,0.02,2,19,2,0,1,1,0,0,9,12,0.45735140876204783
205201,34946.13,5,381,14.6,0.02,0,33,0,1,1,1,0,8,39,54,0.3744437781397396
205301,34966.45,3,188,34.5,0.02,3,29,4,0,1,1,0,2,19,25,0.3979408395470933
205401,34983.4,4,330,42.8,0.02,4,37,2,0,0,1,0,4,38,52,0.365024761834972
205501,35001.23,6,214,44.4,0.02,6,30,5,0,1,1,0,8,22,26,0.6362117747446945
205601,35018.81,0,108,17.5,0.02,0,24,1,0,1,1,0,0,12,15,0.41219849246909734
205701,35037.81,2,66,18.3,0.02,2,15,2,0,1,1,0,1,6,7,0.4846588160728608
205801,35055.37,12,400,30.3,0.02,2,33,3,2,0,0,1,8,35,47,0.46252324578504733
205901,35076.31,0,144,-7.9,0.02,0,8,0,0,1,1,0,7,15,39,0.5721927057566335
206001,35093.38,1,37,6.7,0.02,1,7,1,0,1,1,0,0,3,3,0.35849551454532164
206101,35110.51,5,400,66.4,0.02,5,54,3,0,0,0,1,7,45,56,0.44288967426126125
206201,35130.43,1,400,23.5,0.02,1,32,2,0,0,0,1,9,33,45,0.43470321370218634
206301,35150.85,5,400,52.9,0.02,5,35,2,0,0,0,1,3,50,41,0.44310756608817964
206401,35169.35,3,126,29.4,0.02,3,22,4,0,1,1,0,1,9,16,0.49596246583330356
206501,35188.54,4,400,40.8,0.02,4,40,5,0,0,0,1,16,29,32,0.4474204845023747
206601,35209.04,1,400,16.9,0.02,1,16,1,0,0,0,1,2,18,21,0.2433051011208446
206701,35225.22,3,400,38.8,0.02,3,31,3,0,0,0,1,4,24,32,0.3658857857819248
206801,35244.57,3,296,44.5,0.02,3,42,3,0,1,1,0,4,29,35,0.4669658943690889
206901,35263.32,0,15,-0.1,0.02,0,5,0,0,1,1,0,0,2,1,0.312589166673521
207001,35285.02,0,40,3.3,0.02,0,9,0,0,1,1,0,0,4,7,0.2891679340617218
207101,35306.39,1,400,19.9,0.02,1,27,3,0,0,0,1,9,26,31,0.31719691498230257
207201,35327.69,2,364,20.1,0.02,2,25,2,0,1,1,0,7,19,29,0.3352360665068205
207301,35345.97,2,366,17.4,0.02,2,24,3,0,1,1,0,5,39,66,0.32840286514918593
207401,35363.98,0,123,-5.3,0.02,0,3,0,0,1,1,0,3,3,3,0.3885958312039754
207501,35382.03,4,294,43.2,0.02,4,31,4,0,0,0,1,5,30,28,0.4708914069669453
207601,35400.83,1,400,32.9,0.02,1,42,1,0,0,0,1,10,32,41,0.3554770126037879
207701,35418.65,3,400,28.3,0.02,3,29,3,0,0,0,1,11,38,47,0.3896901057763501
207801,35438.21,1,400,8.4,0.02,1,15,0,0,0,0,1,9,37,26,0.339915477367772
207901,35454.46,1,39,11.0,0.02,1,14,2,0,1,1,0,2,5,10,0.9278649124063535
208001,35473.25,0,35,8.1,0.02,0,15,0,0,1,1,0,1,5,9,0.46217899694911924
208101,35489.71,0,43,8.5,0.02,0,16,1,0,1,1,0,2,6,5,0.9303061625668099
208201,35507.04,1,134,25.2,0.02,1,29,1,0,1,1,0,2,15,18,0.5101063829557552
208301,35524.34,3,400,12.8,0.02,3,16,1,0,1,1,0,10,24,32,0.31447916692477923
208401,35541.44,3,171,47.5,0.02,3,44,3,0,1,1,0,4,18,25,0.6070665762109744
208501,35561.55,1,57,20.0,0.02,1,21,1,0,1,1,0,0,7,10,0.8073822933678984
208601,35580.07,1,47,10.0,0.02,1,11,0,0,1,1,0,0,6,10,0.7044349390834213
208701,35596.93,0,36,5.0,0.02,0,12,0,0,1,1,0,1,5,10,0.2967259056119702
208801,35614.75,0,22,7.6,0.02,0,14,0,0,1,1,0,1,3,4,0.632222837480766
208901,35634.95,9,271,45.2,0.02,4,41,4,1,1,1,0,8,26,28,0.42163211760121405
209001,35652.93,5,400,7.5,0.02,0,18,0,1,0,0,1,3,44,75,0.2904435707055952
209101,35670.43,0,29,2.6,0.02,0,9,0,0,1,1,0,1,4,4,0.37896357650728624
209201,35689.13,4,185,28.4,0.02,4,19,3,0,1,1,0,4,12,16,0.4422323554160309
209301,35706.6,0,104,10.0,0.02,0,19,1,0,1,1,0,2,12,20,0.5093704960408046
209401,35725.18,1,46,15.7,0.02,1,16,0,0,1,1,0,0,6,3,0.9906469431285594
209501,35743.8,3,197,38.9,0.02,3,32,2,0,1,1,0,1,19,21,0.3662421148431524
209601,35760.31,1,95,13.9,0.02,1,15,2,0,1,1,0,0,6,11,0.49959943124257983
209701,35776.58,2,103,21.6,0.02,2,22,3,0,1,1,0,4,13,14,0.5033814603922251
209801,35794.08,2,141,38.3,0.02,2,39,5,0,1,1,0,4,18,17,0.5515214647128243
209901,35813.6,5,309,48.1,0.02,5,41,4,0,1,1,0,9,31,39,0.5864807202119325
210001,35833.32,2,400,28.1,0.02,2,36,2,0,0,0,1,14,45,39,0.47141368204323003
210101,35851.61,0,23,-1.1,0.02,0,5,1,0,1,1,0,1,3,1,0.38625780845167734
210201,35869.38,2,400,26.9,0.02,2,40,3,0,0,0,1,18,42,51,0.4403208600617623
210301,35885.0,2,274,20.6,0.02,2,22,2,0,1,1,0,4,17,24,0.2620165157439833
210401,35903.94,2,44,25.5,0.02,2,21,3,0,1,1,0,0,5,5,0.7064497748007293
210501,35922.74,0,91,-3.9,0.02,0,5,0,0,0,1,0,1,11,29,0.4577736964982492
210601,35953.41,2,159,29.2,0.02,2,26,3,0,1,1,0,0,15,18,0.3643639126033413
210701,35982.19,1,201,17.4,0.02,1,22,1,0,1,1,0,2,20,26,0.3203847686479329
210801,36013.06,1,400,22.7,0.02,1,25,1,0,0,0,1,4,24,33,0.32449264990200616
210901,36045.56,1,72,22.1,0.02,1,26,2,0,1,1,0,3,10,9,0.5467960519789473
211001,36075.56,4,62,26.3,0.02,4,14,3,0,1,1,0,2,7,7,0.9639617087539253
211101,36103.85,6,110,46.5,0.02,6,24,5,0,1,1,0,1,12,15,0.759116238120186
211201,36129.87,1,56,12.9,0.02,1,15,1,0,1,1,0,1,7,11,0.4619631164853398
211301,36161.22,0,130,-4.2,0.02,0,9,0,0,1,1,0,4,16,42,0.5401921084924998
211401,36191.29,3,276,26.1,0.02,3,25,2,0,0,1,0,6,19,29,0.3307826189187519
211501,36219.7,3,346,32.7,0.02,3,28,3,0,1,1,0,2,33,33,0.3272758690073654
211601,36246.96,3,233,31.7,0.02,3,29,3,0,1,1,0,4,24,33,0.5026042359158628
211701,36275.68,0,45,14.9,0.02,0,21,1,0,1,1,0,0,6,11,0.5155433847424808
211801,36306.55,6,140,35.8,0.02,1,41,2,1,1,1,0,3,17,22,0.4925573779851766
211901,36335.61,6,308,22.6,0.02,1,37,4,1,1,1,0,11,31,34,0.4849311392569542
212001,36360.74,0,400,10.6,0.02,0,20,0,0,0,0,1,5,39,44,0.25831937957477813
212101,36392.59,10,400,44.0,0.02,5,32,3,1,0,0,1,7,39,60,0.3868265507114556
212201,36420.93,1,121,17.6,0.02,1,23,2,0,0,1,0,4,15,14,0.49319036354808105
212301,36445.91,0,65,6.3,0.02,0,13,0,0,1,1,0,1,5,7,0.6812970829083519
212401,36475.91,4,95,32.4,0.02,4,22,4,0,1,1,0,3,11,16,0.756565906143539
212501,36505.23,1,400,19.8,0.02,1,30,1,0,0,0,1,10,36,52,0.4371052012746073
212601,36534.84,3,114,32.0,0.02,3,27,3,0,1,1,0,3,12,20,0.6208386301760264
212701,36564.18,0,211,-2.5,0.02,0,9,0,0,0,1,0,1,22,55,0.20351802787942763
212801,36597.85,1,216,16.2,0.02,1,26,1,0,0,1,0,7,21,28,0.44944169370321063
212901,36624.46,1,135,7.5,0.02,1,13,0,0,0,1,0,4,10,15,0.4957602488674009
213001,36652.32,1,137,12.8,0.02,1,18,2,0,1,1,0,2,15,32,0.3571778043828489
213101,36678.52,0,54,13.9,0.02,0,24,0,0,1,1,0,4,7,11,0.6324192574309109
213201,36708.11,0,137,6.1,0.02,0,18,2,0,1,1,0,5,14,19,0.42434254878728145
213301,36734.02,5,377,19.4,0.02,0,39,1,1,1,1,0,9,42,56,0.431365841691516
213401,36759.5,0,55,8.1,0.02,0,16,1,0,0,1,0,2,8,9,0.5839919350905571
213501,36788.46,8,253,41.3,0.02,3,37,3,1,1,1,0,2,29,37,0.395887287781922
213601,36815.48,5,244,55.6,0.02,5,46,4,0,1,1,0,8,26,24,0.43325284684375676
213701,36846.92,9,400,56.0,0.02,4,46,5,1,0,0,1,3,48,70,0.46442651515427064
213801,36879.57,0,23,-2.7,0.02,0,4,0,0,1,1,0,1,3,7,0.375513236365435
213901,36916.52,2,288,17.9,0.02,2,20,2,0,1,1,0,1,30,61,0.2705634816014242
214001,36945.31,2,39,19.2,0.02,2,15,3,0,1,1,0,0,5,8,1.042032781327513
214101,36981.75,0,14,-0.3,0.02,0,6,0,0,1,1,0,1,2,3,0.5739279260947409
214201,37010.2,4,344,47.5,0.02,4,43,2,0,0,0,1,11,39,45,0.46530920020535826
214301,37042.17,7,243,17.2,0.02,2,21,2,1,1,1,0,6,19,28,0.27167717862808605
214401,37073.81,2,400,33.8,0.02,2,40,1,0,0,0,1,10,45,62,0.36736213303992316
214501,37105.66,1,252,14.8,0.02,1,26,0,0,0,1,0,8,26,32,0.44062521607707406
214601,37140.61,1,74,10.8,0.02,1,13,0,0,1,1,0,1,9,12,0.5208602853038382
214701,37175.14,2,227,28.1,0.02,2,30,3,0,1,1,0,3,25,39,0.33846118884613147
214801,37205.91,3,379,16.7,0.02,3,18,3,0,1,1,0,4,42,73,0.3278025137145839
214901,37241.14,1,151,5.2,0.02,1,9,0,0,0,1,0,3,4,8,0.44692253156641
215001,37277.17,3,400,13.7,0.02,3,18,1,0,0,0,1,15,27,43,0.376803050792537
215101,37310.62,7,251,26.4,0.02,2,26,2,1,1,1,0,2,23,26,0.36261758302266384
215201,37347.22,2,267,22.2,0.02,2,26,2,0,1,1,0,5,29,38,0.3373350649377325
215301,37380.29,2,211,19.7,0.02,2,20,2,0,1,1,0,2,22,33,0.3627377191102153
215401,37408.3,7,253,24.3,0.02,2,23,0,1,0,1,0,1,17,27,0.5867776687808299
215501,37439.21,2,85,27.7,0.02,2,27,3,0,1,1,0,3,10,13,0.7281044232681507
215601,37463.96,3,105,34.0,0.02,3,31,4,0,0,1,0,5,12,20,0.7956257490373975
215701,37501.69,2,400,22.8,0.02,2,24,2,0,0,0,1,7,42,42,0.34355823886218056
215801,37535.86,2,400,32.7,0.02,2,32,4,0,0,0,1,6,20,33,0.38973166940501913
215901,37569.32,3,104,27.5,0.02,3,23,2,0,1,1,0,4,11,15,0.6620317690428394
216001,37599.18,3,124,34.8,0.02,3,28,3,0,1,1,0,1,15,22,0.511206090281437
216101,37631.76,1,21,7.0,0.02,1,8,1,0,1,1,0,1,3,0,1.2663898372496443
216201,37658.49,0,5,-2.0,0.02,0,3,0,0,1,1,0,0,1,0,3.1820233947755243
216301,37685.61,2,90,32.7,0.02,2,29,1,0,1,1,0,0,11,13,0.49191177452481244
216401,37715.99,2,213,8.5,0.02,2,13,1,0,1,1,0,5,23,45,0.43315937873304855
216501,37746.39,1,237,16.4,0.02,1,24,1,0,1,1,0,4,26,36,0.42517026235758537
216601,37775.81,0,138,9.6,0.02,0,18,2,0,1,1,0,1,11,24,0.47187412626264874
216701,37803.93,5,76,-2.0,0.02,0,6,0,1,1,1,0,1,9,20,0.31012326567224674
216801,37832.18,0,56,-6.8,0.02,0,3,0,0,1,1,0,3,7,18,0.2742822490486657
216901,37861.11,1,122,28.0,0.02,1,35,1,0,1,1,0,5,16,20,0.5295524457716702
217001,37892.65,2,400,35.8,0.02,2,41,1,0,0,0,1,10,45,52,0.4073183006298181
217101,37926.77,4,128,48.8,0.02,4,37,5,0,1,1,0,1,15,22,0.5933119813030562
217201,37958.91,1,400,3.8,0.02,1,17,0,0,0,0,1,12,41,62,0.3320637903200994
217301,37989.04,1,72,15.8,0.02,1,20,1,0,1,1,0,3,9,12,0.6054288742575936
217401,38019.06,1,210,15.9,0.02,1,25,1,0,1,1,0,4,25,51,0.31904228198494333
217501,38051.15,2,113,16.7,0.02,2,15,1,0,1,1,0,2,8,13,0.507376727547258
217601,38083.76,2,118,16.6,0.02,2,18,1,0,1,1,0,5,10,14,0.6259386941450981
217701,38113.91,5,400,9.3,0.02,0,27,2,1,0,0,1,11,44,67,0.31991170293740145
217801,38142.39,1,59,5.3,0.02,1,8,1,0,1,1,0,1,7,17,0.33408111663927403
217901,38169.67,7,284,22.3,0.02,2,30,1,1,1,1,0,8,31,47,0.3724899600831708
218001,38195.39,2,82,17.2,0.02,2,15,2,0,1,1,0,1,9,18,0.3986438350855815
218101,38229.77,4,153,44.6,0.02,4,33,3,0,1,1,0,2,17,14,0.49838468986406903
218201,38258.7,1,400,21.2,0.02,1,30,2,0,0,0,1,8,47,58,0.3214674252820009
218301,38289.57,1,104,24.6,0.02,1,30,2,0,1,1,0,4,13,14,0.5778509881610409
218401,38321.38,7,281,20.2,0.02,2,27,4,1,1,1,0,8,31,38,0.32961396824298533
218501,38365.03,3,335,34.4,0.02,3,43,4,0,1,1,0,14,37,46,0.5917378760886183
218601,38408.62,1,349,15.6,0.02,1,25,2,0,1,1,0,5,37,44,0.34981006542912685
218701,38457.52,0,70,15.6,0.02,0,25,0,0,1,1,0,3,9,14,0.7251032339805991
218801,38501.82,2,400,13.9,0.02,2,20,3,0,0,0,1,11,41,51,0.3774164694425209
218901,38550.25,2,135,41.2,0.02,2,40,3,0,1,1,0,2,15,18,0.5486458876204587
219001,38597.58,1,80,14.1,0.02,1,18,2,0,1,1,0,3,8,9,0.4355339143931657
219101,38643.66,1,45,16.3,0.02,1,17,2,0,1,1,0,0,6,7,0.6524742307394978
219201,38687.75,7,400,9.5,0.02,2,25,1,1,0,0,1,17,51,85,0.37827744175443206
219301,38729.08,7,400,14.8,0.02,2,21,3,1,0,0,1,10,46,62,0.39872988523115754
219401,38776.49,3,224,28.8,0.02,3,28,3,0,0,1,0,7,22,22,0.43963876965991283
219501,38819.83,8,309,30.3,0.02,3,32,3,1,1,1,0,7,31,47,0.4794372945383952
219601,38863.32,0,67,8.1,0.02,0,15,0,0,1,1,0,1,7,9,0.565483540799818
219701,38906.65,2,226,30.6,0.02,2,33,2,1,1,1,0,4,23,34,0.47932732534439226
219801,38955.43,4,256,43.5,0.02,4,38,4,0,1,1,0,5,27,45,0.5337603559453551
219901,38998.98,6,177,38.7,0.02,1,44,1,1,1,1,0,3,18,23,0.37680123276051997
220001,39054.22,3,75,28.3,0.02,3,21,1,0,1,1,0,2,8,7,0.7706150162991975
220101,39110.25,1,180,6.7,0.02,1,13,1,0,1,1,0,4,15,23,0.27992380702409664
220201,39160.9,5,400,12.1,0.02,0,23,0,1,0,0,1,4,32,69,0.27418076340647657
220301,39213.49,2,189,35.7,0.02,2,40,2,0,1,1,0,7,19,23,0.5494645001014216
220401,39267.25,3,116,29.0,0.02,3,24,2,0,1,1,0,4,12,10,0.656407936372
220501,39318.81,0,14,-1.1,0.02,0,5,0,0,1,1,0,1,2,1,0.38691731273451596
220601,39373.68,0,66,13.7,0.02,0,21,1,0,1,1,0,1,8,13,0.4196551910166191
220701,39419.7,1,142,15.3,0.02,1,18,2,0,1,1,0,1,12,17,0.3580416938008271
220801,39468.73,1,184,10.9,0.02,1,13,2,0,1,1,0,1,10,11,0.29423943733438773
220901,39513.92,2,73,19.5,0.02,2,16,2,0,1,1,0,1,8,5,0.6155731025796396
221001,39565.86,2,172,29.5,0.02,2,32,1,0,1,1,0,5,16,25,0.5482499328665316
221101,39613.31,1,77,2.8,0.02,1,5,1,0,1,1,0,0,9,22,0.5787839997726089
221201,39647.99,4,400,37.9,0.02,4,28,4,0,0,0,1,5,34,51,0.38591798659350246
221301,39677.86,8,400,33.8,0.02,3,34,4,1,0,0,1,10,40,52,0.40128603920160527
221401,39709.45,10,400,46.1,0.02,5,32,2,1,0,0,1,6,38,49,0.38153336867423193
221501,39740.1,0,65,-4.0,0.02,0,3,0,0,1,1,0,0,7,20,0.2025182772071728
221601,39770.98,0,136,3.9,0.02,0,10,1,0,1,1,0,0,10,11,0.4271878991057382
221701,39802.88,1,105,12.0,0.02,1,15,1,0,1,1,0,2,9,10,0.5284991043613515
221801,39831.69,1,70,15.3,0.02,1,16,0,0,1,1,0,0,6,7,0.7157992760355129
221901,39864.58,2,122,24.0,0.02,2,25,2,0,0,1,0,4,11,20,0.6638893104938458
222001,39899.76,5,400,59.2,0.02,5,43,4,0,0,0,1,5,37,38,0.45287203754460575
222101,39933.63,2,400,34.8,0.02,2,29,1,0,0,0,1,2,17,22,0.3103823378030006
222201,39965.24,0,56,9.5,0.02,0,18,0,0,0,1,0,3,7,5,0.7842472786500979
222301,39997.45,1,69,19.1,0.02,1,23,1,0,1,1,0,3,7,9,0.7249136784832294
222401,40026.3,1,23,5.7,0.02,1,7,1,0,1,1,0,1,3,3,0.5881504225185309
222501,40055.13,0,227,0.7,0.02,0,11,0,0,1,1,0,2,16,33,0.27152604627324356
222601,40085.12,0,122,-6.2,0.02,0,4,0,0,1,1,0,1,15,42,0.38349663910363635
222701,40114.64,2,400,26.5,0.02,2,27,1,0,0,0,1,6,31,45,0.2947877459690142
222801,40148.25,2,194,18.8,0.02,2,22,3,0,1,1,0,6,16,22,0.3698625083162903
222901,40177.39,2,400,19.1,0.02,2,26,2,0,0,0,1,12,44,49,0.47705525914756586
223001,40207.05,3,400,37.9,0.02,3,36,3,0,0,0,1,9,33,41,0.34936738718206956
223101,40241.88,1,122,9.5,0.02,1,14,0,0,0,1,0,2,14,25,0.4821897457332022
223201,40270.54,0,15,-0.5,0.02,0,5,0,0,1,1,0,0,2,5,0.34407847690598486
223301,40301.18,1,82,6.4,0.02,1,10,1,0,1,1,0,1,10,26,0.5114003749309785
223401,40331.67,0,113,-5.3,0.02,0,6,0,0,1,1,0,3,12,33,0.5166111470111425
223501,40357.79,0,66,-0.2,0.02,0,8,1,0,1,1,0,1,8,22,0.4800541153672113
223601,40392.65,0,182,7.9,0.02,0,16,0,0,1,1,0,2,9,11,0.30574759913037486
223701,40423.06,1,74,21.0,0.02,1,22,1,0,1,1,0,0,7,10,0.51114864244031
223801,40454.04,9,400,34.4,0.02,4,28,3,1,0,0,1,9,45,46,0.3575073979023042
223901,40488.08,6,387,13.7,0.02,1,32,1,1,1,1,0,10,50,83,0.3518104976153432
224001,40518.29,2,147,26.6,0.02,2,25,2,0,1,1,0,1,18,24,0.3429887772535825
224101,40550.89,6,379,16.1,0.02,1,31,1,1,1,1,0,12,30,29,0.29865060266685034
224201,40579.0,0,28,4.5,0.02,0,11,0,0,1,1,0,1,4,5,0.4229695593688527
224301,40609.07,1,100,13.8,0.02,1,15,1,0,1,1,0,0,8,12,0.30382725371913805
224401,40640.36,1,92,-1.0,0.02,1,6,1,0,1,1,0,5,9,20,0.6011333252281379
224501,40667.15,0,21,-0.4,0.02,0,5,0,0,1,1,0,0,3,4,0.3797825335609621
224601,40700.04,0,7,-1.1,0.02,0,4,0,0,1,1,0,0,1,1,0.5811188124616659
224701,40728.32,0,50,16.0,0.02,0,23,0,0,1,1,0,1,7,10,0.5277672222754588
224801,40759.63,3,400,35.5,0.02,3,35,2,0,0,0,1,9,39,55,0.36373946209914665
224901,40791.61,3,400,36.6,0.02,3,32,3,0,0,0,1,6,42,44,0.35152080895358817
225001,40817.42,1,136,4.1,0.02,1,8,0,0,1,1,0,3,4,9,0.38045130619544715
225101,40842.51,11,243,43.9,0.02,6,27,6,1,1,1,0,4,26,41,0.5111995973268375
225201,40876.94,1,400,22.1,0.02,1,25,2,0,0,0,1,3,28,49,0.43068721053951
225301,40914.05,4,144,39.0,0.02,4,28,4,0,1,1,0,2,15,20,0.45552064678473086
225401,40946.64,3,400,38.2,0.02,3,34,5,0,0,0,1,6,39,48,0.3458451811315632
225501,40983.55,1,400,27.4,0.02,1,35,1,0,0,0,1,8,37,46,0.326124701550581
225601,41018.38,1,297,21.6,0.02,1,34,1,0,1,1,0,8,31,44,0.32946868975749966
225701,41053.98,4,400,40.6,0.02,4,26,3,0,0,0,1,3,20,24,0.33023944106456954
225801,41089.63,3,400,30.6,0.02,3,30,2,0,0,0,1,9,41,54,0.3685965275301427
225901,41123.97,2,195,29.9,0.02,2,31,3,0,1,1,0,4,22,21,0.4811759063501208
226001,41153.41,4,64,23.5,0.02,4,14,3,0,1,1,0,5,7,5,1.0619559135929604
226101,41184.1,2,46,26.6,0.02,2,22,2,0,1,1,0,0,6,4,0.7220711204712462
226201,41218.93,2,400,32.9,0.02,2,34,1,0,0,0,1,5,41,61,0.4050019065963761
226301,41248.55,0,34,7.6,0.02,0,14,0,0,1,1,0,1,5,4,1.0006747248999408
226401,41275.71,7,312,36.8,0.02,2,44,2,1,1,1,0,8,38,42,0.3869499346846783
226501,41303.74,1,16,6.6,0.02,1,7,1,0,1,1,0,0,2,4,0.7958361538494262
226601,41329.2,1,17,7.9,0.02,1,8,1,0,1,1,0,0,2,1,0.7306629393433985
226701,41361.88,2,164,37.2,0.02,2,34,1,0,1,1,0,0,19,18,0.41063587438822385
226801,41395.94,1,28,8.3,0.02,1,10,1,0,1,1,0,1,3,7,1.1170439420729825
226901,41427.94,0,67,-0.3,0.02,0,5,0,0,1,1,0,0,2,3,0.18958945308594288
227001,41457.7,7,244,34.5,0.02,2,35,1,1,1,1,0,2,25,35,0.36905366410653945
227101,41486.33,8,400,33.9,0.02,3,28,2,1,0,0,1,4,35,51,0.33354644177896015
227201,41519.27,3,171,26.9,0.02,3,19,2,0,1,1,0,1,8,11,0.4005829019184666
227301,41553.2,1,115,12.1,0.02,1,18,1,0,1,1,0,4,12,19,0.5667462946981509
227401,41580.98,0,21,2.7,0.02,0,8,0,0,1,1,0,0,3,3,0.3623140367389939
227501,41612.14,1,81,20.6,0.02,1,23,2,0,1,1,0,1,8,14,0.4662620731258459
227601,41643.15,0,383,-1.4,0.02,0,15,0,0,0,1,0,9,18,24,0.26505644910618886
227701,41673.31,2,128,23.4,0.02,2,24,1,0,0,1,0,4,16,16,0.5929438045565704
227801,41702.92,2,332,3.2,0.02,2,13,0,0,1,1,0,10,30,48,0.3935408754718588
227901,41731.04,0,157,-2.2,0.02,0,10,0,0,1,1,0,3,17,42,0.31455067701305206
228001,41759.5,6,400,72.5,0.02,6,53,5,0,0,0,1,6,38,45,0.4684029225829438
228101,41790.58,1,136,15.4,0.02,1,21,2,0,1,1,0,4,14,16,0.4672586191524986
228201,41818.8,0,92,10.6,0.02,0,18,0,0,1,1,0,1,10,14,0.24037571268885333
228301,41847.09,2,176,30.6,0.02,2,32,2,0,1,1,0,3,22,34,0.5284841098834399
228401,41876.18,1,400,15.1,0.02,1,18,1,0,0,0,1,4,24,39,0.3115326613464754
228501,41911.21,1,284,28.1,0.02,1,38,1,0,1,1,0,6,27,39,0.40028203450388306
228601,41942.8,3,72,29.3,0.02,3,21,3,0,1,1,0,1,8,7,0.739044112260992
228701,41974.08,3,400,36.7,0.02,3,33,1,0,0,0,1,6,39,53,0.34359395077445914
228801,42006.47,0,400,8.9,0.02,0,29,1,0,0,0,1,15,41,51,0.36180891614087257
228901,42038.87,0,137,11.5,0.02,0,23,0,0,1,1,0,5,17,15,0.4752472305082806
229001,42068.41,6,400,6.7,0.02,1,18,1,1,0,0,1,12,33,43,0.3171205332501828
229101,42099.17,2,35,18.5,0.02,2,14,2,0,1,1,0,0,4,5,0.7437071582391389
229201,42130.49,2,218,35.5,0.02,2,38,2,0,1,1,0,5,20,25,0.5410409459273171
229301,42157.97,0,67,-0.6,0.02,0,10,0,0,1,1,0,4,8,16,0.4744560942570553
229401,42186.94,3,335,35.4,0.02,3,39,2,0,1,1,0,10,35,36,0.44225584097759046
229501,42218.5,1,165,10.7,0.02,1,16,1,0,1,1,0,4,8,13,0.27703099940424547
229601,42251.89,0,21,2.5,0.02,0,9,0,0,1,1,0,1,3,5,0.5116605619611851
229701,42284.71,3,260,37.7,0.02,3,37,3,0,1,1,0,6,28,33,0.4846435989561111
229801,42308.72,1,80,14.0,0.02,1,17,1,0,1,1,0,2,9,10,0.6813329434619964
229901,42335.23,0,22,2.9,0.02,0,8,0,0,1,1,0,0,3,1,0.6095139753110425
230001,42368.67,1,121,9.9,0.02,1,14,1,0,1,1,0,3,10,11,0.5044658634964161
230101,42405.2,2,400,29.6,0.02,2,41,2,0,0,0,1,16,39,54,0.3886394086009118
230201,42435.6,6,371,10.0,0.02,1,18,1,1,0,0,1,8,32,50,0.2969543655089845
230301,42468.19,3,69,33.4,0.02,3,24,3,0,1,1,0,0,8,6,0.6651143047976749
230401,42503.07,2,400,23.0,0.02,2,25,2,0,0,0,1,7,34,50,0.29857976260456376
230501,42536.34,9,364,37.3,0.02,4,33,3,1,1,1,0,7,28,37,0.27803771836056884
230601,42575.84,4,296,24.7,0.02,4,25,1,0,1,1,0,12,27,33,0.35431447410848593
230701,42605.14,2,125,21.1,0.02,2,20,2,0,1,1,0,3,9,9,0.49494211347338474
230801,42636.52,0,89,14.3,0.02,0,22,1,0,1,1,0,2,8,7,0.6322043573356928
230901,42669.96,3,400,48.9,0.02,3,41,2,0,0,0,1,4,22,31,0.36215967581240666
231001,42708.42,9,112,30.2,0.02,4,24,2,1,0,1,0,7,14,18,0.7059047096540174
231101,42741.99,2,400,3.4,0.02,2,22,1,0,0,0,1,22,47,66,0.43875480201616407
231201,42774.98,0,166,1.6,0.02,0,14,0,0,1,1,0,4,18,34,0.30218711940302606
231301,42806.83,1,82,17.4,0.02,1,19,0,0,1,1,0,0,10,16,0.5825139250787251
231401,42838.7,0,83,2.3,0.02,0,8,1,0,1,1,0,0,4,7,0.2674351211431684
231501,42868.85,1,53,14.2,0.02,1,18,2,0,1,1,0,3,6,8,0.5664474259660278
231601,42901.68,7,396,11.0,0.02,2,24,1,1,1,1,0,13,32,50,0.3624277727346725
231701,42930.42,0,15,-0.3,0.02,0,5,0,0,1,1,0,0,2,3,0.48992677261985723
231801,42966.43,2,264,31.9,0.02,2,38,2,0,1,1,0,8,25,31,0.4237335534372476
231901,43000.23,3,368,42.1,0.02,3,43,2,0,1,1,0,6,37,49,0.39141671599431677
232001,43032.62,3,400,31.9,0.02,3,27,2,0,0,0,1,5,38,51,0.33942512779571055
232101,43064.44,5,297,34.7,0.02,5,28,4,0,1,1,0,10,28,33,0.373620434077367
232201,43095.25,0,72,20.4,0.02,0,27,3,0,1,1,0,0,10,16,0.41331895911115546
232301,43128.38,3,400,33.9,0.02,3,38,3,0,0,0,1,14,43,51,0.39580475297815443
232401,43162.55,2,207,38.1,0.02,2,40,2,0,1,1,0,4,22,29,0.41870017356905853
232501,43191.61,2,400,32.4,0.02,2,38,4,0,0,0,1,11,39,46,0.38928991547780945
232601,43227.1,0,6,-5.2,0.02,0,1,0,0,1,1,0,1,1,2,0.28601318602364084
232701,43265.85,6,329,22.8,0.02,1,34,2,1,1,1,0,6,34,52,0.3158917066921655
232801,43298.33,5,400,49.9,0.02,5,44,4,0,0,0,1,15,35,41,0.4421345367976798
232901,43341.82,6,213,1.8,0.02,1,12,1,1,1,1,0,8,15,22,0.34358442040729253
233001,43383.67,1,50,12.5,0.02,1,14,2,0,1,1,0,1,6,5,0.5016745720242801
233101,43431.12,3,293,43.0,0.02,3,40,2,0,1,1,0,3,30,40,0.44062303498001126
233201,43475.21,1,275,18.5,0.02,1,30,2,0,1,1,0,8,30,35,0.5088000863256662
233301,43514.78,3,113,30.2,0.02,3,25,3,0,1,1,0,3,14,18,0.6420854635208302
233401,43556.64,4,396,34.9,0.02,4,31,2,0,1,1,0,5,44,61,0.3371416237134259
233501,43595.44,1,400,20.3,0.02,1,23,0,0,0,0,1,3,34,47,0.30835862078408305
233601,43637.33,7,400,27.2,0.02,2,30,3,1,0,0,1,7,43,58,0.3827570443861812
233701,43680.77,3,400,35.2,0.02,3,31,2,0,0,0,1,7,29,38,0.40196202916144896
233801,43724.55,0,35,9.2,0.02,0,15,1,0,1,1,0,0,5,8,0.4552795850371051
233901,43767.65,1,189,18.7,0.02,1,24,1,0,1,1,0,3,19,23,0.34654818525917147
234001,43816.99,3,194,36.4,0.02,3,33,4,0,1,1,0,5,19,16,0.47975584791874903
234101,43866.03,0,169,-1.6,0.02,0,11,0,0,1,1,0,3,19,46,0.26095044629622177
234201,43907.83,3,153,30.4,0.02,3,26,2,0,0,1,0,4,16,16,0.6854334590621274
234301,43953.97,0,21,5.5,0.02,0,11,0,0,1,1,0,0,3,5,1.0169764802264596
234401,43988.16,2,32,15.7,0.02,2,12,2,0,1,1,0,1,4,3,0.6667874137276453
234501,44027.88,1,145,21.3,0.02,1,26,0,0,1,1,0,3,14,17,0.5988788080770857
234601,44072.72,3,400,46.3,0.02,3,37,3,0,0,0,1,1,35,47,0.3321590599265039
234701,44117.35,2,326,17.7,0.02,2,21,2,0,1,1,0,5,21,33,0.2558051872072079
234801,44163.93,0,89,-6.1,0.02,0,4,1,0,1,1,0,2,11,31,0.4932492918455596
234901,44208.54,1,137,27.1,0.02,1,36,2,1,1,1,0,7,15,19,0.556996855682116
235001,44250.27,1,400,17.1,0.02,1,26,1,0,0,0,1,10,34,39,0.30520553611464674
235101,44295.06,3,400,34.3,0.02,3,35,3,0,0,0,1,10,38,57,0.43490647596923215
235201,44337.09,1,211,6.3,0.02,1,13,0,0,1,1,0,2,20,47,0.30979591835569237
235301,44380.36,1,400,9.1,0.02,1,19,1,0,0,0,1,10,39,49,0.30546508647078113
235401,44418.98,2,222,13.0,0.02,2,12,2,0,1,1,0,3,7,10,0.2991392663760705
235501,44462.48,2,99,30.9,0.02,2,30,2,0,1,1,0,3,13,11,0.735074423659579
235601,44508.14,0,161,-2.7,0.02,0,11,0,0,1,1,0,5,19,37,0.2993132735384605
235701,44550.34,2,243,18.0,0.02,2,19,4,0,1,1,0,3,20,30,0.2927767008235431
235801,44591.29,1,121,2.3,0.02,1,11,1,0,1,1,0,5,15,37,0.549344528835894
235901,44628.83,0,208,8.9,0.02,0,18,0,0,1,1,0,2,13,21,0.2084086578620574
236001,44671.15,6,250,49.0,0.02,6,32,5,0,0,1,0,5,21,30,0.41998719009575275
236101,44721.59,0,13,1.8,0.02,0,8,1,0,1,1,0,1,2,2,0.7661419764998085
236201,44765.59,2,400,49.9,0.02,2,46,4,0,0,0,1,2,27,41,0.3931838274505167
236301,44811.92,4,400,46.6,0.02,4,36,3,0,0,0,1,5,33,44,0.3398200419862493
236401,44848.6,0,125,-3.1,0.02,0,6,0,0,0,1,0,2,12,21,0.3835237670974815
236501,44890.39,0,29,4.3,0.02,0,10,0,0,1,1,0,0,4,7,0.37903515912947194
236601,44932.51,2,23,14.0,0.02,2,11,2,0,1,1,0,2,3,0,1.6070927282814762
236701,44973.8,3,273,28.4,0.02,3,26,4,0,1,1,0,5,19,26,0.41846291103811856
236801,45017.21,7,329,34.5,0.02,2,40,3,1,1,1,0,6,39,45,0.40149695363233623
236901,45064.94,1,382,28.4,0.02,1,38,1,0,1,1,0,6,30,36,0.37623593199270516
237001,45101.93,0,14,3.8,0.02,0,9,0,0,1,1,0,0,2,2,0.6196003251823361
237101,45143.6,0,15,-3.5,0.02,0,2,1,0,1,1,0,0,2,5,0.2927809417755719
237201,45188.88,0,148,13.0,0.02,0,20,1,0,1,1,0,1,17,10,0.7477893185592551
237301,45234.22,1,76,18.0,0.02,1,24,3,0,1,1,0,5,9,10,0.812184488068588
237401,45280.75,4,400,36.2,0.02,4,30,1,0,0,0,1,9,35,48,0.4333725599435653
237501,45331.94,1,64,14.1,0.02,1,15,1,0,1,1,0,0,6,9,0.6737945693293674
237601,45379.87,2,81,41.7,0.02,2,39,3,0,1,1,0,1,10,13,0.6651792207367098
237701,45429.17,0,110,13.0,0.02,0,23,1,0,1,1,0,4,11,10,0.701269414299741
237801,45474.75,3,400,51.0,0.02,3,46,3,0,0,0,1,6,30,40,0.4376501699221503
237901,45528.01,2,400,27.1,0.02,2,33,1,0,0,0,1,11,37,49,0.39130274158934636
238001,45574.58,3,79,33.1,0.02,3,27,4,0,1,1,0,3,9,9,0.8662535465918231
238101,45625.04,1,70,19.8,0.02,1,22,1,0,1,1,0,1,9,12,0.74730725188202
238201,45669.8,0,29,10.6,0.02,0,17,0,0,1,1,0,1,4,4,0.6485934457072449
238301,45717.42,0,99,22.6,0.02,0,32,0,0,1,1,0,3,12,14,0.7766449340019859
238401,45764.75,4,400,37.0,0.02,4,27,5,0,0,0,1,4,41,60,0.3386213750718025
238501,45806.12,0,97,1.9,0.02,0,7,1,0,1,1,0,0,11,1,0.8728467939127666
238601,45847.62,2,49,22.6,0.02,2,21,2,0,1,1,0,3,6,4,1.1027097684111722
238701,45891.74,1,127,23.2,0.02,1,26,1,0,1,1,0,2,14,8,0.42147402641707815
238801,45939.27,1,399,23.0,0.02,1,36,2,0,1,1,0,9,39,40,0.36084927515134696
238901,45988.55,1,218,14.8,0.02,1,20,2,0,1,1,0,2,22,32,0.40570447724530273
239001,46026.79,3,100,29.2,0.02,3,23,2,0,1,1,0,3,9,8,0.5849916205912752
239101,46074.87,0,60,18.5,0.02,0,24,0,0,1,1,0,0,7,5,0.7078442325198535
239201,46119.08,7,400,27.9,0.02,2,24,1,1,0,0,1,4,17,21,0.2992447196745726
239301,46160.69,11,182,44.3,0.02,6,26,3,1,1,1,0,4,20,27,0.5018481092446025
239401,46209.43,0,323,20.0,0.02,0,41,1,0,1,1,0,11,33,50,0.40431714793678974
239501,46259.94,2,71,26.2,0.02,2,23,2,0,1,1,0,1,7,8,0.8130186696702684
239601,46306.16,6,400,51.9,0.02,6,33,5,0,0,0,1,7,36,41,0.36984327561527447
239701,46358.02,0,36,6.7,0.02,0,13,0,0,1,1,0,1,5,3,0.9565837241521857
239801,46400.67,8,400,22.3,0.02,3,27,2,1,0,0,1,15,37,47,0.3820136908117719
239901,46444.94,3,400,28.0,0.02,3,34,1,0,0,0,1,15,45,60,0.39641783743501435
240001,46489.0,1,17,7.8,0.02,1,8,1,0,1,1,0,0,2,2,1.418637604292142
240101,46530.84,1,219,30.2,0.02,1,37,2,0,1,1,0,4,23,28,0.35222695044413066
240201,46572.59,2,255,25.9,0.02,2,28,1,0,1,1,0,5,22,21,0.3962810558721209
240301,46618.0,4,367,36.0,0.02,4,32,1,0,1,1,0,7,28,40,0.3623809447549441
240401,46663.26,7,400,31.3,0.02,2,32,2,1,0,0,1,3,50,77,0.3236621649090269
240501,46705.46,0,48,-2.3,0.02,0,3,0,0,1,1,0,0,2,3,0.5109164691064866
240601,46754.58,10,92,43.6,0.02,5,28,5,1,0,1,0,3,10,14,0.8209223513473524
240701,46798.51,0,143,22.5,0.02,0,31,0,0,1,1,0,2,11,15,0.41662899895590505
240801,46839.77,3,86,30.8,0.02,3,24,1,0,1,1,0,2,10,12,0.8713606285469091
240901,46884.71,0,60,6.4,0.02,0,15,3,0,1,1,0,3,8,6,1.247243624811051
241001,46923.54,4,400,35.5,0.02,4,27,3,0,0,0,1,7,33,45,0.3621893894449356
241101,46972.43,3,400,33.6,0.02,3,34,2,0,0,0,1,9,43,64,0.36946325783013023
241201,47008.5,0,156,19.7,0.02,0,29,0,0,1,1,0,1,19,33,0.31220930890505816
241301,47050.67,0,7,-1.2,0.02,0,5,0,0,1,1,0,1,1,2,2.529441591278136
241401,47095.89,1,107,13.1,0.02,1,18,1,0,0,1,0,4,12,9,0.6291925667313797
241501,47148.0,0,94,3.9,0.02,0,11,0,0,1,1,0,1,5,11,0.3782503779983739
241601,47195.72,1,184,11.0,0.02,1,23,1,0,1,1,0,9,21,30,0.6690771560961616
241701,47239.51,2,201,30.3,0.02,2,32,2,0,1,1,0,4,19,27,0.5109411791777915
241801,47288.13,2,265,12.7,0.02,2,18,2,0,1,1,0,5,31,53,0.3560650096414856
241901,47339.4,7,174,30.7,0.02,2,32,1,1,1,1,0,4,17,23,0.47271473143965786
242001,47383.73,1,140,11.6,0.02,1,14,3,0,1,1,0,1,10,14,0.3506123013572556
242101,47428.84,0,16,-2.3,0.02,0,4,0,0,1,1,0,1,2,3,1.024849108354179
242201,47478.55,2,55,18.3,0.02,2,15,0,0,1,1,0,1,6,7,0.7630332822149806
242301,47526.59,6,173,46.2,0.02,6,26,4,0,1,1,0,3,18,18,0.4416262021549217
242401,47577.6,2,320,33.3,0.02,2,35,3,0,1,1,0,3,32,37,0.3450497090694903
242501,47622.57,0,13,0.6,0.02,0,7,0,0,1,1,0,1,2,4,0.4186005898957257
242601,47673.41,3,325,45.9,0.02,3,49,2,0,1,1,0,9,33,41,0.395116007530782
242701,47716.12,2,328,28.8,0.02,2,34,2,0,1,1,0,7,27,32,0.2731202778715939
242801,47763.41,7,224,37.4,0.02,2,39,2,1,1,1,0,3,20,36,0.4605543215340654
242901,47802.53,1,68,19.2,0.02,1,21,2,0,1,1,0,1,9,8,0.8343254729851
243001,47847.55,2,61,22.3,0.02,2,19,2,0,1,1,0,1,8,7,0.614933774688986
243101,47895.85,2,133,11.1,0.02,2,12,0,0,1,1,0,3,16,29,0.4298569435076939
243201,47945.91,4,253,36.3,0.02,4,29,4,0,1,1,0,5,27,27,0.4602220523152606
243301,47989.52,0,14,-0.3,0.02,0,6,0,0,1,1,0,1,2,3,0.36836692882907596
243401,48041.62,6,400,73.3,0.02,6,52,5,0,0,0,1,5,44,37,0.4137264889273737
243501,48088.26,0,38,7.7,0.02,0,13,1,0,0,1,0,0,5,3,0.384985941513143
243601,48130.12,4,400,36.1,0.02,4,33,6,0,0,0,1,12,42,49,0.39371691621560506
243701,48174.6,2,193,42.6,0.02,2,44,2,0,1,1,0,4,23,24,0.5710312309416371
243801,48212.05,1,73,14.3,0.02,1,16,1,0,1,1,0,1,8,7,0.6196305039140468
243901,48257.67,1,33,14.6,0.02,1,15,1,0,1,1,0,0,4,4,0.611266911240428
244001,48302.81,1,26,5.7,0.02,1,8,2,0,1,1,0,2,3,3,0.4760213380212924
244101,48351.74,1,196,32.3,0.02,1,36,1,0,1,1,0,2,16,17,0.34288368882821657
244201,48399.04,1,42,9.6,0.02,1,11,2,0,1,1,0,1,3,4,0.4773486441950065
244301,48448.01,1,99,5.4,0.02,1,10,1,0,1,1,0,4,5,6,0.3260981375786683
244401,48491.02,1,30,8.4,0.02,1,10,1,0,1,1,0,1,4,6,1.0683928398096498
244501,48534.0,1,164,20.6,0.02,1,24,1,0,1,1,0,1,18,24,0.48219214672011534
244601,48574.28,7,81,32.7,0.02,2,29,2,1,1,1,0,0,10,13,0.7605492943194938
244701,48619.59,5,144,48.3,0.02,5,31,2,0,1,1,0,1,16,17,0.5129234415377064
244801,48659.3,3,95,29.4,0.02,3,24,2,0,1,1,0,3,12,16,0.7853074751394041
244901,48697.63,1,114,27.6,0.02,1,30,2,0,1,1,0,1,13,14,0.39069525432558755
245001,48742.03,2,116,24.2,0.02,2,22,2,0,1,1,0,1,12,18,0.5249424400186963
245101,48788.62,10,400,45.3,0.02,5,35,6,1,0,0,1,10,37,47,0.429667027322117
245201,48831.51,10,374,46.0,0.02,5,38,2,1,1,1,0,8,34,40,0.40704033507361853
245301,48875.47,1,119,23.5,0.02,1,27,1,0,1,1,0,2,14,15,0.554703242335999
245401,48922.85,3,192,47.2,0.02,3,44,2,0,1,1,0,4,22,28,0.5315816192071945
245501,48969.78,0,6,-2.1,0.02,0,3,0,0,1,1,0,0,1,1,0.4249656227389575
245601,49015.71,1,31,11.6,0.02,1,13,2,0,1,1,0,1,4,4,0.5774812517840126
245701,49056.97,7,283,32.9,0.02,2,35,2,1,0,1,0,5,21,21,0.3608168036233508
245801,49101.63,0,34,6.3,0.02,0,13,1,0,1,1,0,1,5,7,0.43722113447332667
245901,49155.87,1,70,29.2,0.02,1,31,1,0,1,1,0,1,8,8,0.9739431009558138
246001,49198.4,3,123,15.9,0.02,3,12,1,0,1,1,0,3,14,31,0.6474446390524289
246101,49248.37,3,158,13.4,0.02,3,15,0,0,1,1,0,8,16,36,0.7377714437548021
246201,49292.67,0,56,8.4,0.02,0,15,0,0,1,1,0,1,7,6,0.6509805332606443
246301,49345.55,3,200,36.6,0.02,3,30,3,0,1,1,0,2,13,14,0.39584386210198685
246401,49391.05,0,42,9.3,0.02,0,17,0,0,0,1,0,2,5,7,0.9309859953925484
246501,49431.31,7,400,33.6,0.02,2,35,2,1,0,0,1,7,37,44,0.3686516771847682
246601,49481.74,1,72,15.6,0.02,1,21,1,0,1,1,0,4,9,14,0.680571095497189
246701,49527.19,2,400,23.5,0.02,2,32,2,0,0,0,1,14,40,45,0.41571408631014384
246801,49576.46,1,42,15.3,0.02,1,16,2,0,1,1,0,0,5,7,0.4699664749006572
246901,49621.8,2,88,26.0,0.02,2,26,2,0,1,1,0,4,10,10,0.8782509679710148
247001,49666.74,3,128,33.8,0.02,3,29,3,0,1,1,0,3,14,22,0.7449544329093203
247101,49707.51,4,86,37.9,0.02,4,25,1,0,1,1,0,1,8,11,0.5375828564663142
247201,49749.32,1,400,6.2,0.02,1,24,1,0,0,0,1,15,47,78,0.3198456236126193
247301,49795.61,1,117,11.4,0.02,1,15,1,0,1,1,0,3,6,6,0.35597185265399733
247401,49843.36,1,130,9.4,0.02,1,14,0,0,1,1,0,1,15,36,0.4722477619836376
247501,49888.8,0,110,-4.5,0.02,0,7,0,0,1,1,0,3,14,35,0.7025857020522208
247601,49931.52,5,194,42.2,0.02,5,29,3,0,1,1,0,5,17,18,0.5486232566594217
247701,49973.36,3,287,38.3,0.02,3,31,2,0,1,1,0,1,18,17,0.3708844643805678
247801,50010.06,0,198,22.5,0.02,0,30,0,0,1,1,0,1,15,15,0.4067034543353049
247901,50045.16,1,165,-3.2,0.02,1,4,1,0,0,1,0,2,19,52,0.2664786055060048
248001,50083.07,1,168,0.0,0.02,1,9,1,0,1,1,0,4,20,50,0.3416464280608289
248101,50120.44,0,89,13.8,0.02,0,21,0,0,1,1,0,1,7,12,0.31972971200871697
248201,50158.73,0,201,34.8,0.02,0,43,0,0,1,1,0,1,18,22,0.3281500643977542
248301,50196.64,2,350,29.6,0.02,2,33,2,0,1,1,0,5,27,34,0.29479116297422736
248401,50233.7,1,237,30.5,0.02,1,39,1,0,1,1,0,5,21,35,0.4759251627254392
248501,50279.02,5,337,49.3,0.02,5,37,4,0,1,1,0,4,32,37,0.41549388826991535
248601,50320.16,3,400,25.4,0.02,3,36,3,0,0,0,1,20,42,56,0.3589794466534398
248701,50355.52,0,90,-1.8,0.02,0,6,0,0,1,1,0,2,4,8,0.23055314572945879
248801,50403.65,0,89,1.3,0.02,0,12,1,0,1,1,0,5,4,7,0.4870422501656322
248901,50448.39,1,42,6.9,0.02,1,8,2,0,1,1,0,0,5,11,0.4689512538778341
249001,50491.32,0,31,8.6,0.02,0,14,0,0,1,1,0,0,4,4,0.5604576343159274
249101,50533.16,2,77,24.7,0.02,2,21,2,0,1,1,0,0,9,13,0.6470220669809215
249201,50582.17,3,155,47.8,0.02,3,44,3,0,1,1,0,4,18,22,0.5192643813387724
249301,50624.26,3,400,30.7,0.02,3,36,4,0,1,1,0,11,42,43,0.36085044279521045
249401,50670.81,10,225,56.4,0.02,5,43,6,1,1,1,0,4,23,26,0.5244818346008556
249501,50712.62,2,67,25.2,0.02,2,22,2,0,1,1,0,1,8,8,0.614212954350343
249601,50758.39,2,118,30.5,0.02,2,32,2,0,1,1,0,5,14,15,0.6150505181924611
249701,50804.59,0,175,-4.6,0.02,0,10,0,0,1,1,0,6,19,36,0.3445086752313537
249801,50855.59,2,400,27.3,0.02,2,31,2,0,0,0,1,11,23,27,0.36360965630709463
249901,50898.49,1,400,7.9,0.02,1,24,1,0,0,0,1,16,38,51,0.4306415803376189
250001,50943.35,10,400,39.5,0.02,5,34,5,1,0,0,1,13,44,65,0.4481022555471388
250101,50986.37,1,66,15.1,0.02,1,18,1,0,1,1,0,2,7,9,0.5591762458300367
250201,51028.77,4,183,62.2,0.02,4,51,3,0,1,1,0,1,20,28,0.5102412932888689
250301,51070.58,1,77,10.0,0.02,1,15,2,0,1,1,0,3,10,20,0.4373757188353555
250401,51120.67,3,400,36.0,0.02,3,29,1,2,0,0,1,5,24,30,0.3074368158966082
250501,51164.66,4,217,42.2,0.02,4,37,3,0,1,1,0,6,23,38,0.4757913363510368
250601,51201.56,0,135,8.0,0.02,0,16,0,0,1,1,0,2,8,10,0.3687507997067923
250701,51243.22,6,385,15.2,0.02,1,29,0,1,1,1,0,9,37,48,0.31646812419753984
250801,51287.08,0,67,-5.7,0.02,0,5,0,0,1,1,0,4,8,17,0.23260088999028242
250901,51332.87,0,400,1.6,0.02,0,12,0,0,0,0,1,3,30,74,0.2511601261513165
251001,51376.9,3,400,44.2,0.02,3,35,3,0,0,0,1,3,26,28,0.3633697327811741
251101,51419.62,1,100,24.3,0.02,1,28,2,0,1,1,0,2,12,17,0.4746150012439423
251201,51468.4,8,400,33.6,0.02,3,38,3,1,0,0,1,15,43,44,0.38029540533878814
251301,51520.3,2,346,9.3,0.02,2,15,1,0,1,1,0,6,27,47,0.3647765667716703
251401,51567.53,1,108,16.8,0.02,1,19,1,0,1,1,0,1,9,12,0.4547470920534536
251501,51613.85,2,264,27.6,0.02,2,30,2,0,1,1,0,4,27,34,0.367517584684134
251601,51664.6,1,131,6.0,0.02,1,9,1,0,1,1,0,2,5,10,0.4841908820010321
251701,51714.54,1,122,23.8,0.02,1,28,1,0,1,1,0,3,14,12,0.51709766192853
251801,51758.58,0,132,0.3,0.02,0,9,0,0,1,1,0,3,6,7,0.2490392919113178
251901,51807.2,3,400,36.6,0.02,3,33,3,0,0,0,1,7,37,44,0.37769351412116453
252001,51854.05,2,227,46.4,0.02,4,31,3,0,0,0,1,2,18,26,0.3641152277734332
252101,51900.09,1,34,15.6,0.02,1,16,3,0,1,1,0,0,4,4,0.5933196335261834
252201,51946.52,3,99,33.2,0.02,3,28,3,0,1,1,0,3,11,18,0.5512021401856861
252301,51989.44,2,319,31.8,0.02,2,34,1,0,1,1,0,3,30,42,0.3850616023873867
252401,52044.41,0,29,4.6,0.02,0,11,1,0,1,1,0,1,4,4,0.456150983496732
252501,52095.2,0,88,-1.6,0.02,0,5,0,0,1,1,0,1,3,6,0.1904230881060685
252601,52138.99,1,400,18.9,0.02,1,26,2,0,0,0,1,7,39,51,0.34956743803512097
252701,52188.6,1,75,5.2,0.02,1,7,0,0,1,1,0,1,4,8,0.3614317155865844
252801,52242.37,1,400,11.4,0.02,1,28,1,0,0,0,1,17,38,46,0.42992680255896526
252901,52291.85,0,141,1.0,0.02,0,9,1,0,1,1,0,2,8,10,0.41143587672125786
253001,52341.26,5,136,44.8,0.02,5,29,4,0,1,1,0,2,16,22,0.5745224582832333
253101,52384.28,1,400,43.1,0.02,1,44,1,0,0,0,1,3,20,29,0.2896359630974312
253201,52428.72,0,54,5.3,0.02,0,12,0,0,1,1,0,0,7,17,0.3713498342113288
253301,52470.95,0,39,-1.4,0.02,0,5,0,0,1,1,0,0,5,14,0.2804650128351093
253401,52521.83,7,290,28.9,0.02,2,31,1,1,1,1,0,4,32,31,0.3554345738768054
253501,52567.73,0,165,-2.6,0.02,0,12,2,0,1,1,0,6,19,36,0.5256777236948438
253601,52619.32,2,88,31.9,0.02,2,30,3,0,1,1,0,2,11,11,0.865779971022971
253701,52672.12,7,195,27.4,0.02,2,26,2,1,1,1,0,2,14,16,0.3605988785052641
253801,52724.31,1,152,14.4,0.02,1,17,0,0,1,1,0,1,9,16,0.261344148051025
253901,52774.54,1,27,10.5,0.02,1,11,2,0,1,1,0,0,3,5,1.2000001352884166
254001,52826.36,7,400,19.4,0.02,2,26,1,1,0,0,1,13,32,36,0.4334562008849211
254101,52876.27,1,400,23.7,0.02,1,30,2,0,0,0,1,6,38,53,0.3677831254434955
254201,52922.88,3,378,31.4,0.02,3,35,2,0,1,1,0,10,42,36,0.45152513008897743
254301,52973.22,1,174,17.3,0.02,1,26,1,0,1,1,0,6,22,27,0.47556822039009045
254401,53023.15,1,47,16.3,0.02,1,17,2,0,1,1,0,0,6,7,0.7353681760537573
254501,53069.91,7,400,17.8,0.02,2,20,1,1,0,0,1,7,38,52,0.3354365634280606
254601,53113.63,0,196,8.7,0.02,0,19,1,0,0,1,0,3,14,23,0.31621162502309114
254701,53154.18,4,352,37.8,0.02,4,32,5,0,1,1,0,6,32,32,0.3171090039729403
254801,53203.96,1,142,22.1,0.02,1,25,1,0,1,1,0,2,17,9,0.40989041804147985
254901,53250.64,8,400,42.7,0.02,3,39,4,1,0,0,1,7,37,43,0.3517493692093976
255001,53298.87,4,368,30.7,0.02,4,26,3,0,1,1,0,8,23,23,0.3857522592146224
255101,53344.68,2,79,31.8,0.02,2,28,3,0,1,1,0,0,9,12,0.47259787298810146
255201,53388.83,3,115,31.9,0.02,3,31,4,0,1,1,0,8,14,11,0.7687762954630346
255301,53438.82,4,328,37.6,0.02,4,31,1,0,1,1,0,5,27,34,0.3377368714060687
255401,53490.6,3,71,24.3,0.02,3,16,3,0,1,1,0,1,7,7,0.49082125204335497
255501,53539.32,4,343,26.9,0.02,4,21,4,0,1,1,0,6,30,31,0.40054390507553483
255601,53589.91,2,101,18.8,0.02,2,18,2,0,1,1,0,3,11,12,0.6612239765006056
255701,53636.64,0,22,5.8,0.02,0,12,0,0,1,1,0,1,3,2,0.6987106536634815
255801,53673.28,0,400,18.4,0.02,0,32,0,0,0,0,1,9,39,46,0.37202127418881387
255901,53705.4,3,380,43.1,0.02,3,44,2,0,1,1,0,7,32,39,0.43004137668366155
256001,53736.98,12,345,33.0,0.02,2,37,2,2,1,1,0,4,41,50,0.32954222035566794
256101,53770.09,5,190,45.6,0.02,5,30,4,0,1,1,0,2,18,24,0.4521530436769407
256201,53803.59,1,135,10.1,0.02,1,16,1,0,0,1,0,5,7,9,0.38313845057440116
256301,53828.04,3,400,42.3,0.02,3,36,3,0,0,0,1,4,34,47,0.3917942027066766
256401,53856.39,0,136,9.0,0.02,0,17,1,0,1,1,0,2,8,10,0.468320840559939
256501,53883.62,6,219,19.8,0.02,1,33,2,1,1,1,0,10,25,32,0.44615153997772145
256601,53914.45,4,400,43.6,0.02,4,39,1,0,0,0,1,10,45,54,0.42640205815834753
256701,53947.93,4,400,40.8,0.02,4,34,4,0,0,0,1,9,41,42,0.4347866454229835
256801,53976.6,0,22,5.5,0.02,0,12,0,0,1,1,0,1,3,5,1.3351963912583757
256901,54005.97,1,27,10.6,0.02,1,11,1,0,1,1,0,0,3,4,0.6872210669495358
257001,54033.13,1,19,6.8,0.02,1,9,1,0,1,1,0,2,2,2,1.2518978351969348
257101,54064.71,3,400,26.8,0.02,3,27,1,0,0,0,1,11,34,42,0.4034592615469486
257201,54095.06,2,146,35.7,0.02,2,35,3,0,1,1,0,2,17,23,0.5183733392673625
257301,54127.22,0,92,2.0,0.02,0,11,0,0,1,1,0,3,6,10,0.3862204202990098
257401,54152.36,0,58,0.7,0.02,0,8,1,0,1,1,0,1,7,13,0.6583798945134668
257501,54182.78,1,245,18.5,0.02,1,25,1,0,1,1,0,4,20,25,0.3637799903381781
257601,54214.93,7,337,11.0,0.02,2,17,3,1,1,1,0,6,33,50,0.345713746259327
257701,54247.32,2,252,18.3,0.02,2,19,3,0,1,1,0,4,16,17,0.3763634686706478
257801,54276.52,8,204,32.6,0.02,3,28,3,1,1,1,0,3,17,24,0.4583878539829264
257901,54308.09,10,400,38.9,0.02,5,29,5,1,0,0,1,10,41,51,0.3654184346805358
258001,54337.84,3,129,24.5,0.02,3,19,2,0,1,1,0,3,8,15,0.5164113293915815
258101,54369.93,3,107,17.4,0.02,3,16,3,0,1,1,0,6,13,26,0.7783938926338034
258201,54391.35,1,52,16.3,0.02,1,18,2,0,1,1,0,1,6,7,0.9636712099798946
258301,54413.85,0,8,-2.1,0.02,0,3,0,0,1,1,0,0,1,1,0.4628728486576703
258401,54440.67,0,67,0.9,0.02,0,10,1,0,1,1,0,2,8,21,0.5682576420685996
258501,54469.53,0,14,-2.3,0.02,0,4,0,0,1,1,0,1,2,3,0.3458682412267514
258601,54499.6,3,400,10.5,0.02,3,8,2,0,0,0,1,9,32,35,0.4545412302172917
258701,54530.14,1,317,16.3,0.02,1,24,1,0,1,1,0,4,28,37,0.3625087514984731
258801,54561.5,1,33,10.5,0.02,1,11,1,0,1,1,0,0,4,5,0.5783953754354018
258901,54591.1,7,400,38.7,0.02,2,40,3,1,0,0,1,7,39,43,0.31835777040554547
259001,54620.95,2,258,32.2,0.02,2,36,3,0,1,1,0,6,27,28,0.4171848048199049
259101,54649.99,1,400,5.0,0.02,1,15,1,0,0,0,1,11,33,40,0.318649581702176
259201,54682.91,0,182,-6.2,0.02,0,6,0,0,1,1,0,4,15,32,0.2806003986125843
259301,54715.57,6,400,13.7,0.02,1,21,2,1,0,0,1,9,29,33,0.312227894227151
259401,54743.96,6,400,43.8,0.02,1,51,1,1,0,0,1,7,49,52,0.36479861612615927
259501,54773.72,6,400,20.5,0.02,1,29,0,1,0,0,1,9,44,45,0.3479000647881417
259601,54800.52,1,101,16.3,0.02,1,22,1,0,1,1,0,4,12,17,0.530358035288269
259701,54831.88,0,82,7.8,0.02,0,18,1,0,0,1,0,4,7,12,0.5201684167347898
259801,54858.02,3,104,34.6,0.02,3,26,3,0,1,1,0,0,12,14,0.5732809370227805
259901,54892.44,0,151,-2.9,0.02,0,8,1,0,1,1,0,1,19,49,0.27645087939176605
260001,54919.68,3,174,20.6,0.02,3,17,3,0,1,1,0,5,12,14,0.4210714385221747
260101,54950.64,0,21,-1.3,0.02,0,5,0,0,1,1,0,1,3,3,0.8820169679555688
260201,54981.07,2,101,26.5,0.02,2,26,2,0,1,1,0,3,11,15,0.5026027771633201
260301,55014.66,2,185,28.2,0.02,2,29,2,0,1,1,0,3,20,28,0.39251964961444974
260401,55044.18,0,109,8.6,0.02,0,16,0,0,1,1,0,1,9,14,0.3806376282133437
260501,55069.53,1,114,9.1,0.02,1,12,1,0,1,1,0,2,8,9,0.2680556018943702
260601,55097.12,1,293,20.3,0.02,1,33,3,0,1,1,0,9,27,37,0.43278010046852033
260701,55126.53,1,136,8.5,0.02,1,13,2,0,0,1,0,2,14,25,0.3042735812269472
260801,55157.65,0,40,-4.3,0.02,0,4,0,0,1,1,0,2,5,13,0.28336593306502855
260901,55184.32,3,162,26.3,0.02,3,21,2,0,1,1,0,3,16,17,0.3975400158932112
261001,55212.74,3,235,32.2,0.02,3,27,2,0,1,1,0,3,14,18,0.33151379300635564
261101,55243.04,3,144,26.5,0.02,3,20,3,0,1,1,0,0,16,35,0.5202537009630464
261201,55271.65,3,274,25.9,0.02,3,24,5,0,1,1,0,5,30,31,0.32918008547839556
261301,55303.38,0,244,33.5,0.02,0,46,1,0,1,1,0,4,29,35,0.4554254889681824
261401,55329.89,3,177,28.1,0.02,3,27,2,0,0,1,0,6,16,29,0.5208531400304315
261501,55357.76,2,128,33.2,0.02,2,32,2,0,1,1,0,2,14,18,0.4531220894025822
261601,55381.89,4,251,30.6,0.02,4,28,5,0,1,1,0,8,28,44,0.5323115133488237
261701,55412.47,0,354,-2.2,0.02,0,14,0,0,1,1,0,4,38,72,0.32659742636968225
261801,55441.24,10,388,46.4,0.02,5,38,6,1,1,1,0,7,43,46,0.38897626344142155
261901,55464.89,7,166,24.9,0.02,2,26,1,2,1,1,0,4,14,21,0.49445870107403467
262001,55491.72,7,191,35.1,0.02,2,33,3,1,1,1,0,1,20,19,0.4458556681956378
262101,55521.86,6,400,23.9,0.02,1,28,1,1,0,0,1,4,47,51,0.3411355566175463
262201,55551.22,1,400,32.9,0.02,1,32,2,0,0,0,1,2,16,21,0.30053568482569304
262301,55580.24,1,17,6.8,0.02,1,7,2,0,1,1,0,0,2,2,0.6378546894150936
262401,55607.05,7,400,43.3,0.02,2,50,3,1,0,0,1,11,41,57,0.4036329127361423
262501,55634.04,9,236,49.9,0.02,4,44,3,1,1,1,0,6,25,31,0.49676329137881947
262601,55663.04,3,400,31.2,0.02,3,22,2,0,0,0,1,3,23,28,0.31646021118416184
262701,55687.85,2,99,24.3,0.02,2,23,2,0,1,1,0,2,12,17,0.5736508256135827
262801,55711.61,1,236,20.0,0.02,1,26,2,0,1,1,0,3,27,30,0.3648229758111745
262901,55744.56,5,400,46.9,0.02,5,34,4,0,0,0,1,8,32,41,0.3599628404291507
263001,55773.9,6,400,17.7,0.02,1,28,2,1,0,0,1,10,36,53,0.3676264468980883
263101,55805.98,6,92,20.5,0.02,1,22,3,1,1,1,0,0,10,15,0.47698141376762015
263201,55833.23,0,8,0.9,0.02,0,6,0,0,1,1,0,0,1,1,0.6727641679735278
263301,55865.31,1,253,20.1,0.02,1,30,2,0,0,1,0,8,22,19,0.377342508251294
263401,55891.29,2,70,21.3,0.02,2,18,2,0,1,1,0,1,8,7,0.6136266168682959
263501,55922.58,4,400,38.4,0.02,4,38,3,0,0,0,1,15,40,46,0.40716839431079443
263601,55952.84,2,83,35.4,0.02,2,33,1,0,1,1,0,1,10,16,0.7398188877024993
263701,55984.53,1,400,28.9,0.02,1,40,3,0,0,0,1,11,43,51,0.38334953387930343
263801,56011.09,4,173,58.4,0.02,4,51,2,0,1,1,0,6,19,16,0.6655421456299643
263901,56038.1,6,265,29.5,0.02,1,34,0,1,1,1,0,3,15,15,0.329121566711548
264001,56064.85,0,14,0.6,0.02,0,6,1,0,1,1,0,0,2,4,0.34565305709788724
264101,56092.36,3,205,24.6,0.02,3,21,2,0,0,1,0,5,16,14,0.34308625827408734
264201,56120.57,1,400,17.5,0.02,1,23,1,0,0,0,1,4,42,65,0.2929025732511266
264301,56145.77,1,43,12.1,0.02,1,14,2,0,1,1,0,1,5,9,0.84404617420085
264401,56174.0,3,89,35.2,0.02,3,26,3,0,0,1,0,0,9,8,0.6679420516731294
264501,56207.8,2,41,17.5,0.02,2,13,2,0,1,1,0,0,5,5,0.6501395462447364
264601,56235.89,0,73,9.4,0.02,0,18,0,0,1,1,0,2,10,16,0.4580036380764395
264701,56263.4,3,284,39.9,0.02,3,42,3,0,1,1,0,8,31,41,0.47482208914435703
264801,56292.39,5,305,44.2,0.02,5,32,2,0,0,1,0,5,24,28,0.3780726648240028
264901,56318.21,1,400,23.1,0.02,1,33,1,0,0,0,1,9,44,59,0.36961088039294815
265001,56352.64,4,208,49.3,0.02,4,39,4,0,1,1,0,2,23,27,0.42211808404926987
265101,56383.08,2,65,23.1,0.02,2,20,2,0,1,1,0,1,6,9,0.4887928660788192
265201,56411.04,0,82,0.1,0.02,0,8,0,0,1,1,0,2,4,9,0.35053719543662387
265301,56444.12,0,193,-2.0,0.02,0,5,0,0,1,1,0,1,4,10,0.2044826754066471
265401,56476.89,0,10,-3.1,0.02,0,2,1,0,1,1,0,0,1,1,0.2522246472094015
265501,56503.98,3,279,29.9,0.02,3,32,3,0,1,1,0,9,24,31,0.43694953630386224
265601,56533.88,1,400,26.5,0.02,1,34,1,0,0,0,1,8,33,45,0.31686293013380307
265701,56560.23,1,349,1.0,0.02,1,14,0,0,1,1,0,6,35,70,0.3112559091442562
265801,56586.32,0,6,-3.3,0.02,0,2,0,0,1,1,0,0,1,3,0.2278800748605032
265901,56621.37,1,48,15.3,0.02,1,17,2,0,1,1,0,1,6,7,0.4523085124901082
266001,56649.83,10,181,51.2,0.02,5,34,3,1,1,1,0,1,15,18,0.563468903432434
266101,56678.27,2,190,35.3,0.02,2,33,0,0,1,1,0,1,20,17,0.3680054006393307
266201,56709.86,4,400,51.5,0.02,4,47,3,0,0,0,1,10,49,55,0.4588146444061703
266301,56739.89,0,108,22.9,0.02,0,32,0,0,1,1,0,3,12,11,0.5567303357563197
266401,56770.12,7,246,58.5,0.02,7,36,4,0,1,1,0,5,20,25,0.6022744922220948
266501,56799.06,5,354,45.5,0.02,5,33,3,0,1,1,0,5,25,25,0.331738156928051
266601,56830.15,1,174,27.9,0.02,1,32,1,1,1,1,0,2,17,21,0.44447732463383055
266701,56860.6,1,85,22.7,0.02,1,25,1,0,1,1,0,1,10,13,0.6605993254427621
266801,56889.63,2,35,20.5,0.02,2,16,2,0,1,1,0,0,4,5,0.7444002506968856
266901,56922.95,2,200,16.8,0.02,2,17,1,0,1,1,0,3,15,22,0.3954517325980788
267001,56950.64,4,133,19.1,0.02,4,10,3,0,1,1,0,3,16,29,0.723048646571931
267101,56980.77,2,329,19.2,0.02,2,20,1,0,1,1,0,2,25,38,0.3696524284183989
267201,57010.51,5,110,39.4,0.02,5,24,6,0,0,1,0,3,11,16,0.6964880447906941
267301,57038.9,2,284,38.4,0.02,2,41,2,0,1,1,0,5,25,26,0.38926492897538595
267401,57069.68,0,18,2.7,0.02,0,8,0,0,1,1,0,0,2,3,0.6693557440217698
267501,57100.02,3,400,39.5,0.02,3,40,3,0,0,0,1,10,42,55,0.39180140782785006
267601,57127.63,5,343,3.5,0.02,0,19,0,1,1,1,0,6,31,45,0.26751698462982443
267701,57157.17,0,47,3.3,0.02,0,9,1,0,1,1,0,0,5,7,0.5392807588459113
267801,57188.91,2,142,16.3,0.02,2,14,4,0,1,1,0,1,16,17,0.4823241789085183
267901,57219.61,1,171,16.6,0.02,1,21,1,0,1,1,0,3,11,14,0.2931226616175561
268001,57250.22,2,112,26.8,0.02,2,24,3,0,1,1,0,1,13,12,0.5983406776307812
268101,57277.81,2,65,20.9,0.02,2,18,2,0,1,1,0,1,8,11,0.7082301972291557
268201,57309.42,1,126,15.5,0.02,1,24,1,0,1,1,0,7,14,15,0.5294766437243873
268301,57340.9,0,123,22.3,0.02,0,30,1,0,1,1,0,1,13,17,0.39766711207625466
268401,57370.97,1,319,17.4,0.02,1,29,1,0,1,1,0,7,34,46,0.37807216207975447
268501,57401.26,0,38,5.5,0.02,0,12,0,0,1,1,0,1,4,5,0.5139006652257715
268601,57430.26,0,176,-2.6,0.02,0,7,0,0,1,1,0,3,11,16,0.22638763447676727
268701,57459.8,1,308,14.7,0.02,1,25,0,0,1,1,0,7,29,33,0.389015536351499
268801,57487.06,7,400,39.5,0.02,2,39,2,1,0,0,1,4,47,55,0.35228060413803713
268901,57517.03,4,400,38.5,0.02,4,32,4,0,0,0,1,8,39,55,0.36507426332192416
269001,57550.0,5,177,52.0,0.02,5,38,5,0,1,1,0,4,19,20,0.49462975851702334
269101,57579.95,6,400,18.2,0.02,1,24,1,1,0,0,1,3,43,78,0.2958726792211434
269201,57612.95,2,227,41.0,0.02,2,42,2,0,1,1,0,3,23,30,0.34211517700417704
269301,57641.64,2,255,21.0,0.02,2,23,2,0,1,1,0,4,25,30,0.3036347898356125
269401,57669.6,7,112,30.7,0.02,2,28,2,1,1,1,0,1,11,13,0.42907566028865013
269501,57703.16,1,351,22.9,0.02,1,34,1,0,1,1,0,7,35,41,0.3802642075474888
269601,57737.01,2,232,42.3,0.02,2,44,2,0,1,1,0,3,27,37,0.3373139773857608
269701,57768.51,1,186,20.2,0.02,1,31,3,0,1,1,0,7,23,38,0.42167188020054014
269801,57799.56,1,68,11.8,0.02,1,15,1,0,1,1,0,2,8,12,0.3139058292089816
269901,57828.69,0,198,-9.7,0.02,0,6,1,0,1,1,0,4,25,67,0.23175201887091676
270001,57857.83,0,106,-6.3,0.02,0,4,0,0,1,1,0,2,13,33,0.36752191311874366
270101,57886.39,1,99,13.6,0.02,1,16,0,0,1,1,0,1,10,14,0.3516707598484001
270201,57918.06,0,30,6.5,0.02,0,12,1,0,1,1,0,0,4,5,0.3712706404362914
270301,57951.09,0,379,10.2,0.02,0,26,0,0,1,1,0,8,20,28,0.35879447711705165
270401,57986.22,5,210,43.1,0.02,5,28,3,0,1,1,0,3,22,19,0.3861458484391801
270501,58016.83,2,400,40.4,0.02,2,34,2,0,0,0,1,1,26,26,0.3087845308362257
270601,58044.65,0,31,0.0,0.02,0,7,0,0,1,1,0,1,4,10,0.34915251560176563
270701,58073.87,7,400,20.1,0.02,2,23,1,1,0,0,1,7,45,59,0.3617387221382708
270801,58107.95,0,159,16.9,0.02,0,28,1,0,0,1,0,4,17,21,0.6113104572152626
270901,58141.58,5,295,9.2,0.02,0,24,0,1,1,1,0,5,34,48,0.28542344898854055
271001,58169.24,0,15,-1.4,0.02,0,5,0,0,1,1,0,1,2,4,0.3057386087780001
271101,58197.52,4,366,35.1,0.02,4,32,3,0,1,1,0,7,34,49,0.3370352034546423
271201,58228.49,2,103,37.5,0.02,2,36,2,0,1,1,0,2,12,15,0.7497087328465055
271301,58257.58,0,20,2.4,0.02,0,9,1,0,1,1,0,1,3,6,0.38057971003212004
271401,58285.97,0,22,2.5,0.02,0,9,0,0,1,1,0,1,3,5,1.0847549126833895
271501,58315.14,1,400,1.7,0.02,1,17,2,0,0,0,1,14,41,63,0.37049978297331077
271601,58349.43,1,400,22.5,0.02,1,27,2,0,0,0,1,5,34,45,0.32066315011832414
271701,58378.57,0,21,2.4,0.02,0,8,0,0,1,1,0,0,3,6,0.4928593295382085
271801,58410.14,0,7,-1.2,0.02,0,4,0,0,1,1,0,0,1,2,0.8016620000413248
271901,58441.09,2,41,19.1,0.02,2,15,2,0,1,1,0,0,5,9,1.0412844153055811
272001,58470.93,0,400,27.4,0.02,0,38,2,0,0,0,1,7,28,36,0.29649277247980144
272101,58500.8,7,262,10.2,0.02,2,13,1,1,1,1,0,6,17,18,0.3824145850511101
272201,58530.94,5,143,14.8,0.02,0,22,1,1,1,1,0,1,17,12,0.4521015383478755
272301,58563.67,2,400,31.4,0.02,2,28,2,0,0,0,1,3,25,36,0.28965654441477423
272401,58595.72,3,109,33.4,0.02,3,29,3,0,1,1,0,4,13,16,0.5502009148117889
272501,58623.69,3,80,31.8,0.02,3,27,3,0,1,1,0,4,9,12,0.7457628727457787
272601,58656.54,2,229,22.3,0.02,2,24,4,0,1,1,0,4,20,27,0.4185566407660301
272701,58688.29,2,270,19.8,0.02,2,18,2,0,0,1,0,0,16,32,0.24592824068996796
272801,58716.9,8,400,42.7,0.02,3,38,3,1,0,0,1,6,32,43,0.4110590210608412
272901,58750.61,1,146,13.2,0.02,1,16,2,0,1,1,0,2,12,8,0.32633743853498637
273001,58780.96,3,400,42.4,0.02,3,36,3,0,0,0,1,4,40,46,0.3532845002363189
273101,58814.38,1,400,8.3,0.02,1,19,1,0,0,0,1,9,43,67,0.3470849019635393
273201,58846.31,5,400,45.4,0.02,5,31,4,0,0,0,1,7,34,36,0.35809506007511355
273301,58875.5,1,228,11.8,0.02,1,19,0,0,1,1,0,5,25,22,0.25401200946205277
273401,58908.92,0,133,8.9,0.02,0,25,2,0,1,1,0,9,17,21,0.7062821102240926
273501,58937.85,1,60,13.2,0.02,1,16,0,0,1,1,0,2,6,8,0.6709108832371412
273601,58965.87,3,235,27.0,0.02,3,24,4,0,1,1,0,5,16,20,0.446682469350441
273701,58994.45,1,310,24.3,0.02,1,33,3,0,1,1,0,5,31,37,0.2853146005006799
273801,59027.71,1,400,35.5,0.02,1,35,3,0,0,0,1,2,18,25,0.2956113888743687
273901,59056.82,1,111,20.7,0.02,1,25,1,0,0,1,0,3,14,13,0.552427616606976
274001,59091.18,0,141,-0.7,0.02,0,9,0,0,1,1,0,4,8,7,0.28320964312812297
274101,59122.55,7,400,23.9,0.02,2,26,1,1,0,0,1,8,38,41,0.28849400345751064
274201,59155.09,1,79,17.1,0.02,1,19,0,0,1,1,0,1,9,9,0.6130136572597297
274301,59190.05,2,139,31.0,0.02,2,30,1,0,1,1,0,2,15,20,0.3963501607281789
274401,59221.17,9,320,36.5,0.02,4,33,6,1,1,1,0,8,35,35,0.4460627673879981
274501,59248.87,8,400,29.9,0.02,3,27,2,1,0,0,1,8,42,41,0.3055352575656806
274601,59279.24,2,400,15.6,0.02,2,22,1,0,0,0,1,12,33,44,0.3165301295333164
274701,59306.52,5,400,53.6,0.02,5,42,3,0,0,0,1,8,44,54,0.39875527634556923
274801,59337.24,2,100,37.1,0.02,2,33,1,0,1,1,0,0,12,9,0.48729608603350344
274901,59367.67,2,65,23.3,0.02,2,23,2,0,1,1,0,4,8,7,0.847833488186336
275001,59396.54,1,400,16.2,0.02,1,22,1,0,0,0,1,5,36,58,0.29083222487019217
275101,59427.54,0,177,29.9,0.02,0,41,0,0,1,1,0,4,22,21,0.5009962014219845
275201,59466.78,2,69,20.3,0.02,2,17,2,0,1,1,0,1,9,7,0.8992924400907554
275301,59496.03,2,133,12.7,0.02,2,15,1,0,1,1,0,4,14,33,0.3859394176205207
275401,59530.22,0,60,0.6,0.02,0,8,1,0,1,1,0,2,4,4,0.2654103617089542
275501,59560.15,3,264,34.5,0.02,3,30,3,0,1,1,0,3,19,25,0.33670040188410677
275601,59587.88,1,92,23.7,0.02,1,26,1,0,1,1,0,1,11,13,0.6302173399179255
275701,59617.48,0,73,4.5,0.02,0,10,1,0,1,1,0,0,4,5,0.2749024878169648
275801,59645.92,3,255,41.2,0.02,3,40,2,0,1,1,0,6,25,28,0.4885055806431237
275901,59673.1,1,397,13.6,0.02,1,21,1,0,1,1,0,4,25,34,0.3206072639055686
276001,59704.89,0,354,1.9,0.02,0,18,0,0,1,1,0,5,32,61,0.30964079105923437
276101,59740.23,1,133,12.6,0.02,1,16,1,0,1,1,0,2,13,14,0.4294985395580708
276201,59772.16,0,100,-2.1,0.02,0,7,0,0,0,1,0,3,6,11,0.4228660803318698
276301,59807.6,2,71,23.0,0.02,2,19,1,0,1,1,0,0,7,10,0.4698613132009847
276401,59836.18,7,400,29.5,0.02,2,28,2,1,0,0,1,4,38,45,0.2767796272967952
276501,59864.82,2,40,21.4,0.02,2,17,2,0,1,1,0,0,5,6,1.0621577152358017
276601,59895.86,0,21,0.5,0.02,0,6,0,0,1,1,0,0,3,5,0.31478326900698433
276701,59930.27,3,105,34.2,0.02,3,26,3,0,1,1,0,1,11,8,0.6475318513346832
276801,59964.62,7,163,17.6,0.02,2,17,2,1,1,1,0,2,17,24,0.31892780369571805
276901,59998.86,2,87,32.0,0.02,2,28,2,0,1,1,0,0,9,10,0.6852121249308637
277001,60027.03,3,104,28.1,0.02,3,22,2,0,1,1,0,3,12,9,0.680876924686186
277101,60054.57,2,95,28.4,0.02,2,26,2,0,1,1,0,1,11,16,0.7453136749039605
277201,60081.44,0,105,22.6,0.02,0,29,1,0,1,1,0,0,11,14,0.3839826288102802
277301,60111.98,1,126,15.3,0.02,1,21,0,0,0,1,0,4,15,17,0.49344133580518923
277401,60141.67,2,39,18.3,0.02,2,15,3,0,1,1,0,1,5,7,0.6701233611051327
277501,60177.68,2,284,25.7,0.02,2,28,0,0,1,1,0,4,33,33,0.27263763300500593
277601,60211.67,4,201,42.2,0.02,4,33,5,0,0,1,0,3,20,28,0.3869311629762124
277701,60239.9,2,78,18.2,0.02,2,15,1,1,1,1,0,1,8,8,0.4130871331167646
277801,60270.0,0,25,0.5,0.02,0,7,0,0,1,1,0,1,3,5,0.3311937243036745
277901,60298.88,0,92,-4.8,0.02,0,4,0,0,1,1,0,2,8,18,0.18298210132339804
278001,60332.89,1,293,-11.7,0.02,1,7,2,0,1,1,0,14,32,47,0.330659996106612
278101,60359.11,2,201,34.9,0.02,2,33,2,0,1,1,0,1,21,21,0.47106186701287756
278201,60390.24,5,259,46.1,0.02,5,31,4,0,1,1,0,3,18,19,0.5341868650147141
278301,60418.49,0,260,11.5,0.02,0,22,0,0,0,1,0,2,24,35,0.32167387826420385
278401,60446.7,0,182,15.9,0.02,0,30,2,0,1,1,0,7,19,21,0.39137450926963807
278501,60478.32,6,400,11.2,0.02,1,14,1,1,0,0,1,3,28,48,0.22782649000535454
278601,60506.14,1,221,15.5,0.02,1,23,1,0,1,1,0,5,17,25,0.4284760853892252
278701,60537.63,2,113,23.5,0.02,2,22,1,0,1,1,0,2,10,15,0.5007416944298634
278801,60571.02,0,6,-3.0,0.02,0,3,0,0,1,1,0,1,1,0,0.35330387050648254
278901,60605.69,1,324,33.0,0.02,1,39,1,0,1,1,0,2,31,40,0.32150614796256866
279001,60637.97,4,225,55.3,0.02,4,49,4,0,1,1,0,6,24,27,0.4511401619135413
279101,60669.46,2,116,23.6,0.02,2,21,2,0,1,1,0,1,13,14,0.4000820013444535
279201,60702.32,0,13,1.7,0.02,0,7,1,0,1,1,0,0,2,3,0.6470093762805647
279301,60735.93,7,400,5.8,0.02,2,10,1,1,0,0,1,9,34,52,0.2820847857146733
279401,60769.79,1,400,9.3,0.02,1,18,2,0,0,0,1,9,31,47,0.30671503179800264
279501,60795.97,6,131,17.2,0.02,1,23,2,1,1,1,0,4,14,18,0.5579013624584119
279601,60829.69,1,90,12.3,0.02,1,13,1,0,1,1,0,0,6,7,0.5189405664853818
279701,60857.95,2,43,18.4,0.02,2,14,3,0,1,1,0,0,4,6,0.5815095162487709
279801,60889.68,2,323,21.9,0.02,2,30,3,0,1,1,0,9,31,41,0.4347270244369218
279901,60917.7,1,89,22.8,0.02,1,24,1,0,1,1,0,0,11,12,0.515652768881823
280001,60948.17,2,240,2.4,0.02,2,9,1,0,1,1,0,7,28,46,0.4056015454254252
280101,60975.67,2,89,24.1,0.02,2,21,1,0,1,1,0,1,9,9,0.6309669478755471
280201,61005.57,0,99,8.7,0.02,0,16,0,0,1,1,0,1,7,13,0.35596786619586707
280301,61034.85,1,400,31.0,0.02,1,37,1,0,0,0,1,7,32,40,0.28982753829821223
280401,61063.06,0,184,1.2,0.02,0,14,1,0,1,1,0,3,21,48,0.3820793935666945
280501,61097.35,0,29,1.5,0.02,0,7,0,0,1,1,0,0,4,5,0.4855009712744079
280601,61125.58,0,22,1.5,0.02,0,9,1,0,1,1,0,2,3,5,0.43700301610198444
280701,61153.44,1,111,22.7,0.02,1,26,2,0,1,1,0,2,12,13,0.5086156765910328
280801,61179.84,1,52,11.4,0.02,1,14,1,0,1,1,0,2,6,6,0.5034090238115899
280901,61204.35,4,120,42.7,0.02,4,32,4,0,1,1,0,3,12,13,0.6257805582555077
281001,61231.83,7,158,38.7,0.02,2,37,2,1,1,1,0,2,17,13,0.3994028710403657
281101,61261.79,4,232,45.0,0.02,4,40,3,0,1,1,0,7,25,30,0.5205417425392312
281201,61296.68,1,94,20.3,0.02,1,23,1,0,1,1,0,1,11,17,0.6924944820409649
281301,61325.68,1,93,18.8,0.02,1,20,1,0,1,1,0,0,9,12,0.5207474947068185
281401,61356.72,2,55,20.1,0.02,2,16,2,0,1,1,0,0,7,9,0.8003684474741856
281501,61385.36,0,130,8.2,0.02,0,15,0,0,1,1,0,0,9,18,0.417481154368046
281601,61416.84,5,235,42.6,0.02,5,27,5,0,1,1,0,3,15,14,0.36296775779721546
281701,61446.3,0,37,4.4,0.02,0,12,1,0,1,1,0,2,5,6,0.48248492182032304
281801,61479.13,0,22,2.7,0.02,0,11,1,0,1,1,0,3,3,3,1.4474879835994177
281901,61506.88,1,325,13.7,0.02,1,27,1,0,1,1,0,8,34,53,0.4060472468904808
282001,61536.32,0,97,8.7,0.02,0,17,0,0,1,1,0,2,8,13,0.6096175743283168
282101,61561.93,2,170,14.5,0.02,2,14,1,0,1,1,0,3,8,15,0.2866832653098337
282201,61590.58,1,95,15.4,0.02,1,19,1,0,1,1,0,2,11,16,0.5094780945475949
282301,61617.67,11,256,26.1,0.02,1,37,1,2,1,1,0,7,30,39,0.517108312613215
282401,61640.5,1,28,6.3,0.02,1,8,1,0,1,1,0,1,3,7,1.0703144220195189
282501,61663.97,6,310,21.8,0.02,1,32,3,1,0,0,1,11,38,42,0.4952868065055765
282601,61695.95,7,400,18.1,0.02,2,27,1,1,0,0,1,14,39,49,0.4267156190061951
282701,61723.76,2,213,25.2,0.02,2,27,1,0,1,1,0,5,19,18,0.47648579830304383
282801,61756.17,7,385,8.5,0.02,2,24,1,1,1,1,0,16,29,45,0.3295751950043706
282901,61786.05,1,271,17.1,0.02,1,25,1,0,1,1,0,5,18,29,0.3580713312433161
283001,61813.06,1,28,3.6,0.02,1,5,1,0,1,1,0,1,3,4,0.529112217647055
283101,61843.83,5,123,7.2,0.02,0,18,0,1,1,1,0,3,14,28,0.385558892679907
283201,61870.31,8,203,44.2,0.02,3,37,3,1,1,1,0,1,19,18,0.39650332240846625
283301,61900.42,2,66,21.3,0.02,2,18,2,0,1,1,0,1,6,7,0.7181568743480985
283401,61930.91,1,78,19.0,0.02,1,23,2,0,1,1,0,3,9,10,0.5226325628830095
283501,61961.45,0,152,8.4,0.02,0,16,1,0,1,1,0,2,8,6,0.3746128006213194
283601,61997.43,3,236,40.9,0.02,3,34,2,0,0,1,0,1,19,21,0.40135200620964684
283701,62028.78,3,326,26.4,0.02,3,25,2,0,1,1,0,5,25,36,0.3738173725304238
283801,62061.55,5,400,-9.8,0.02,0,4,0,1,0,0,1,6,37,78,0.26476713250429734
283901,62092.85,1,80,-1.6,0.02,1,3,0,0,0,1,0,2,10,26,0.37475525858753134
284001,62122.52,0,31,-1.0,0.02,0,6,0,0,1,1,0,1,4,10,0.35169069759775456
284101,62151.45,0,46,4.6,0.02,0,10,0,0,1,1,0,0,2,4,0.2694657119128471
284201,62178.67,1,400,7.3,0.02,1,19,2,0,0,0,1,12,32,47,0.3570947732435311
284301,62209.73,6,400,19.6,0.02,1,25,2,1,0,0,1,7,28,34,0.30007793973799757
284401,62244.32,7,400,9.4,0.02,2,10,1,1,0,0,1,6,31,46,0.3307588379847642
284501,62276.83,1,180,10.5,0.02,1,16,1,0,1,1,0,2,21,35,0.3649316532568897
284601,62308.06,0,35,7.5,0.02,0,14,0,0,1,1,0,1,4,5,0.4642121827529686
284701,62337.58,2,227,22.8,0.02,2,26,0,0,0,1,0,5,20,32,0.5378548933554895
284801,62367.98,0,15,0.8,0.02,0,7,0,0,1,1,0,1,2,2,0.39963194741837493
284901,62398.12,1,115,21.7,0.02,1,26,1,0,0,1,0,3,12,13,0.5880795905476175
285001,62432.17,3,400,16.6,0.02,3,21,3,0,0,0,1,14,43,54,0.37479352911735814
285101,62463.67,2,400,7.7,0.02,2,16,2,0,0,0,1,11,39,73,0.3068650642471633
285201,62494.28,1,63,17.2,0.02,1,20,2,0,1,1,0,2,8,8,0.8116540102926679
285301,62525.43,1,259,7.8,0.02,1,14,0,0,1,1,0,3,21,32,0.36476991346234133
285401,62557.18,5,122,3.4,0.02,0,11,0,1,1,1,0,0,10,26,0.238718596463391
285501,62589.78,1,149,13.8,0.02,1,20,0,0,1,1,0,5,12,12,0.4063101492805909
285601,62623.24,0,126,-4.5,0.02,0,8,0,0,1,1,0,4,14,35,0.34254194945000555
285701,62654.57,1,289,8.4,0.02,1,20,1,0,1,1,0,8,27,36,0.3481958950323286
285801,62689.27,2,381,32.8,0.02,2,34,2,0,1,1,0,3,26,32,0.35129996583916495
285901,62720.86,1,30,9.2,0.02,1,12,2,0,1,1,0,2,4,8,0.9877822308914854
286001,62753.45,0,400,-0.3,0.02,0,12,0,0,0,0,1,9,25,33,0.2785516961202215
286101,62784.03,1,124,27.8,0.02,1,30,2,0,1,1,0,1,11,12,0.454546447575446
286201,62817.37,0,160,-0.6,0.02,0,12,0,0,1,1,0,4,19,36,0.4547309654816119
286301,62845.63,2,172,43.8,0.02,2,44,5,0,1,1,0,3,19,22,0.4994315683993043
286401,62876.99,0,141,16.4,0.02,0,26,0,0,1,1,0,2,15,26,0.4672203561962302
286501,62902.61,0,400,12.4,0.02,0,27,0,0,0,0,1,9,40,56,0.3532488948644288
286601,62931.71,3,61,22.4,0.02,3,19,4,0,1,1,0,6,6,6,0.8418147989566119
286701,62967.72,7,400,36.6,0.02,2,35,2,1,0,0,1,4,34,44,0.3119662029032467
286801,62999.27,3,249,29.7,0.02,3,29,4,0,1,1,0,6,27,33,0.4612060317740529
286901,63027.61,1,206,25.9,0.02,1,34,1,0,1,1,0,5,22,31,0.316024153315056
287001,63059.68,2,43,22.5,0.02,2,18,2,0,1,1,0,0,5,5,0.962807387719998
287101,63089.73,6,396,9.2,0.02,1,21,1,1,1,1,0,8,31,38,0.3301679333359544
287201,63117.46,1,46,18.1,0.02,1,19,1,0,1,1,0,0,6,9,0.9845217392847383
287301,63147.57,2,69,28.8,0.02,2,27,3,0,0,1,0,2,8,12,0.7508277629172907
287401,63179.89,4,239,46.6,0.02,4,36,5,0,0,1,0,2,24,24,0.35325568136664887
287501,63209.82,1,392,15.4,0.02,1,29,1,0,1,1,0,11,30,26,0.2670862495584971
287601,63237.68,2,256,11.3,0.02,2,17,2,0,1,1,0,8,17,27,0.43066861963564873
287701,63267.98,2,101,21.4,0.02,2,21,2,0,0,1,0,3,10,16,0.6844934403918248
287801,63295.17,1,56,10.1,0.02,1,11,2,0,1,1,0,0,4,9,0.6085092666262151
287901,63324.37,1,116,9.2,0.02,1,13,1,1,1,1,0,3,9,8,0.7291310341315859
288001,63355.51,1,111,17.4,0.02,1,22,2,0,1,1,0,3,12,16,0.38660544720455403
288101,63382.58,1,76,25.0,0.02,1,27,2,0,1,1,0,1,9,10,0.8643232116781181
288201,63412.44,0,14,0.6,0.02,0,6,0,0,1,1,0,0,2,4,0.5089295224989059
288301,63444.71,5,348,19.2,0.02,0,36,1,1,1,1,0,7,35,48,0.342725249545964
288401,63474.05,1,114,20.5,0.02,1,25,1,0,1,1,0,3,14,15,0.37521521422343546
288501,63501.65,0,74,16.1,0.02,0,22,1,0,1,1,0,0,9,9,0.5935350970208452
288601,63533.96,0,257,7.2,0.02,0,20,0,0,1,1,0,4,30,38,0.366627628013499
288701,63564.3,1,163,10.0,0.02,1,14,1,0,1,1,0,3,8,10,0.3609707293233927
288801,63592.65,0,88,-3.7,0.02,0,5,1,0,1,1,0,3,3,7,0.4641715531614114
288901,63618.76,1,31,9.5,0.02,1,12,1,0,1,1,0,2,4,5,0.564760052375174
289001,63646.53,0,92,1.2,0.02,0,8,0,0,1,1,0,1,5,8,0.42186457889685014
289101,63674.96,2,157,27.6,0.02,2,25,1,0,1,1,0,1,15,14,0.49926082964933705
289201,63704.64,0,79,8.6,0.02,0,16,1,0,1,1,0,1,10,14,0.3162707811106852
289301,63733.82,0,31,11.5,0.02,0,17,1,0,1,1,0,0,4,5,0.4593027323357365
289401,63769.15,5,140,17.9,0.02,0,29,2,1,1,1,0,4,16,21,0.38755852327705204
289501,63799.02,13,384,36.0,0.02,3,33,2,2,1,1,0,4,31,30,0.2737061467763271
289601,63827.06,3,400,40.6,0.02,3,36,4,0,0,0,1,6,27,44,0.32427501057416436
289701,63856.09,1,47,15.4,0.02,1,16,1,0,1,1,0,0,6,6,0.8272507269371409
289801,63886.82,1,142,24.2,0.02,1,28,2,0,0,1,0,2,14,18,0.4192855996304519
289901,63917.82,2,86,28.7,0.02,2,25,2,0,1,1,0,0,10,13,0.47844311658423366
290001,63950.13,3,224,42.4,0.02,3,37,2,0,1,1,0,2,25,26,0.39507290960114005
290101,63980.97,0,21,4.5,0.02,0,10,1,0,1,1,0,0,3,5,0.4132332870108511
290201,64015.77,7,311,27.7,0.02,2,29,2,1,1,1,0,4,20,23,0.3374442440439967
290301,64049.23,3,400,36.0,0.02,3,37,3,0,0,0,1,11,42,50,0.4074407410845815
290401,64075.78,1,50,12.1,0.02,1,14,1,0,1,1,0,1,6,9,0.47536565787491675
290501,64104.32,2,167,24.8,0.02,2,26,1,0,1,1,0,4,16,22,0.5230811080421847
290601,64140.11,4,184,43.3,0.02,4,38,4,0,0,1,0,7,18,27,0.7068592916458264
290701,64174.1,0,15,-0.1,0.02,0,5,0,0,1,1,0,0,2,1,0.5990392027104193
290801,64208.18,0,23,0.5,0.02,0,7,0,0,1,1,0,1,3,5,0.3209669250837253
290901,64238.32,0,28,1.6,0.02,0,7,1,0,1,1,0,0,2,4,0.3024932344426497
291001,64272.52,1,29,7.4,0.02,1,11,1,0,1,1,0,3,4,6,0.6957372893291548
291101,64306.46,0,21,0.5,0.02,0,7,0,0,1,1,0,1,3,5,0.27181045006288834
291201,64342.12,0,21,2.5,0.02,0,9,0,0,1,1,0,1,3,5,0.7419612780913324
291301,64374.04,1,177,16.6,0.02,1,26,1,0,1,1,0,7,20,24,0.37804500396330953
291401,64405.49,5,184,55.0,0.02,5,41,4,0,1,1,0,4,22,20,0.6786718381147218
291501,64436.74,0,400,21.6,0.02,0,31,3,0,0,0,1,7,22,24,0.2760724244902485
291601,64467.17,2,146,18.6,0.02,2,19,3,0,1,1,0,2,18,34,0.34666226866845484
291701,64500.99,2,40,16.6,0.02,2,12,2,0,1,1,0,0,5,4,0.9349509595203184
291801,64529.34,2,299,21.1,0.02,2,29,3,0,1,1,0,10,28,29,0.3693942875772956
291901,64562.65,2,400,13.4,0.02,2,20,3,0,0,0,1,11,36,56,0.2695656807750871
292001,64595.55,2,108,29.5,0.02,2,30,2,0,1,1,0,4,13,15,0.6844769615112349
292101,64627.53,1,299,15.2,0.02,1,22,1,0,0,1,0,5,14,18,0.34778933462571565
292201,64662.02,3,313,40.1,0.02,3,41,3,0,1,1,0,8,30,29,0.4206673738033625
292301,64694.46,1,96,10.8,0.02,1,16,1,0,1,1,0,4,9,12,0.4617088191901235
292401,64728.1,7,191,26.3,0.02,2,31,3,1,1,1,0,7,18,27,0.6262966475846989
292501,64761.4,1,400,30.6,0.02,1,38,2,0,0,0,1,8,39,44,0.36739594361613925
292601,64798.64,2,206,25.3,0.02,2,26,1,0,1,1,0,4,14,17,0.43386777217462685
292701,64831.41,8,400,30.4,0.02,3,28,2,1,0,0,1,9,23,36,0.356648287238666
292801,64858.46,3,95,39.8,0.02,3,34,2,0,1,1,0,3,12,12,0.5975400743800551
292901,64888.82,1,70,10.7,0.02,1,12,3,0,1,1,0,1,4,3,0.32727240874101515
293001,64927.48,3,121,29.0,0.02,3,23,3,0,1,1,0,2,14,20,0.4851052622133057
293101,64962.25,2,400,9.1,0.02,2,3,1,0,0,0,1,3,4,9,0.1827300744007629
293201,64996.16,0,6,-4.2,0.02,0,2,0,0,1,1,0,1,1,2,0.2694145529000229
293301,65022.22,4,400,52.7,0.02,4,40,3,0,0,0,1,5,22,23,0.30247453633566307
293401,65048.79,2,400,25.5,0.02,2,30,3,0,0,0,1,9,43,55,0.3321774953498915
293501,65082.84,0,111,8.5,0.02,0,21,0,0,1,1,0,6,14,15,0.6371852607237176
293601,65117.44,1,157,20.0,0.02,1,25,1,0,1,1,0,3,15,20,0.33318444154322724
293701,65157.29,1,400,15.7,0.02,1,20,0,0,0,0,1,5,35,43,0.37055363035788236
293801,65186.41,1,218,22.9,0.02,1,27,1,0,1,1,0,1,18,31,0.316354883476318
293901,65215.48,1,70,20.0,0.02,1,23,1,0,1,1,0,2,9,10,0.6922811248470311
294001,65244.71,1,17,6.9,0.02,1,8,1,0,1,1,0,1,2,1,1.475249574115597
294101,65278.2,0,15,-0.3,0.02,0,5,0,0,1,1,0,0,2,3,0.28481542847511465
294201,65305.75,1,295,4.1,0.02,1,11,1,0,1,1,0,5,19,19,0.35701257151169463
294301,65334.24,1,102,18.4,0.02,1,25,1,0,1,1,0,5,13,16,0.6178639670344062
294401,65364.58,3,79,23.0,0.02,3,16,2,0,0,1,0,2,7,10,0.7083018970182471
294501,65391.38,1,26,12.5,0.02,1,13,1,0,1,1,0,0,3,5,0.856291152701093
294601,65418.55,6,79,20.8,0.02,1,24,0,1,1,1,0,2,9,12,0.44593726242261894
294701,65448.94,0,119,-3.7,0.02,0,2,0,0,1,1,0,0,2,7,0.14414113375439622
294801,65480.61,2,56,24.9,0.02,2,21,2,0,0,1,0,0,7,11,1.020444770113243
294901,65508.82,0,63,4.3,0.02,0,13,0,0,1,1,0,3,4,7,0.5755996557709252
295001,65538.93,0,40,8.2,0.02,0,14,0,0,1,1,0,0,5,8,0.3877042462326474
295101,65573.93,5,388,40.6,0.02,5,34,4,0,1,1,0,9,33,44,0.40809425304396907
295201,65605.87,0,265,22.1,0.02,0,38,1,0,1,1,0,7,27,39,0.277810934307723
295301,65637.74,1,133,5.8,0.02,1,10,0,0,1,1,0,3,8,12,0.3516960669345674
295401,65671.05,2,364,31.8,0.02,2,36,1,0,1,1,0,5,31,42,0.3105942746317846
295501,65701.12,3,173,29.0,0.02,3,27,3,0,0,1,0,6,17,20,0.5996373285599527
295601,65729.99,1,303,19.7,0.02,1,30,3,0,1,1,0,7,27,33,0.38325703769495706
295701,65761.12,1,221,24.8,0.02,1,31,1,0,1,1,0,4,23,22,0.3655486634201809
295801,65793.68,5,305,52.1,0.02,5,38,3,0,1,1,0,3,29,29,0.4649195892863095
295901,65820.85,4,123,48.7,0.02,4,36,4,0,1,1,0,1,14,13,0.5276911614076759
296001,65854.57,1,136,29.7,0.02,1,37,2,0,1,1,0,6,16,13,0.7140502014703173
296101,65886.27,0,5,-3.0,0.02,0,2,0,0,1,1,0,0,1,0,3.1790330858018705
296201,65916.36,0,21,1.5,0.02,0,8,0,0,1,1,0,1,3,5,0.3405025589552008
296301,65946.33,3,400,22.2,0.02,3,16,1,0,0,0,1,5,33,38,0.29809831356420485
296401,65972.13,7,354,27.6,0.02,2,31,2,1,1,1,0,5,33,34,0.2715539875054693
296501,66003.35,0,82,4.2,0.02,0,11,0,0,1,1,0,0,8,18,0.29310373759546027
296601,66036.7,1,62,3.4,0.02,1,7,3,0,1,1,0,3,4,6,0.4908832088182699
296701,66070.3,0,152,12.1,0.02,0,23,0,0,1,1,0,4,16,19,0.33231643123894
296801,66102.71,1,102,14.7,0.02,1,17,1,0,1,1,0,1,12,13,0.4038182258014919
296901,66132.95,1,215,11.3,0.02,1,20,2,0,1,1,0,6,22,27,0.2961220306486362
297001,66168.37,3,400,23.6,0.02,3,18,0,0,0,0,1,5,38,44,0.32285957212353456
297101,66197.41,1,221,25.4,0.02,1,29,1,0,0,1,0,1,25,26,0.30029234889682277
297201,66228.8,7,96,24.6,0.02,2,22,1,1,0,1,0,1,11,14,0.6149311763675515
297301,66256.56,1,53,12.2,0.02,1,13,2,0,1,1,0,0,7,8,0.8547329452725505
297401,66285.56,7,363,24.5,0.02,2,31,2,1,1,1,0,8,38,35,0.3462053036410043
297501,66315.1,8,298,23.1,0.02,3,24,3,1,1,1,0,7,36,39,0.3682140075598451
297601,66344.29,0,6,-3.2,0.02,0,3,0,0,1,1,0,1,1,2,0.5170392170829131
297701,66377.97,1,26,9.4,0.02,1,10,1,0,1,1,0,0,3,6,0.6110786732254493
297801,66408.76,3,53,29.3,0.02,3,20,3,0,1,1,0,0,6,7,0.7387278190840822
297901,66436.8,1,64,18.9,0.02,1,22,2,0,1,1,0,2,8,11,0.7986206443440432
298001,66466.12,2,400,9.2,0.02,2,11,2,0,0,0,1,8,38,38,0.30605200884870565
298101,66497.35,1,334,7.5,0.02,1,17,1,0,1,1,0,7,23,25,0.2663195772633909
298201,66528.61,1,50,15.3,0.02,1,17,1,0,1,1,0,1,6,7,0.5474359906484356
298301,66562.95,1,400,8.7,0.02,1,18,1,0,0,0,1,10,34,43,0.31481705400388005
298401,66592.68,1,272,12.4,0.02,1,19,1,0,1,1,0,4,20,26,0.3056565466369509
298501,66623.96,2,116,17.8,0.02,2,18,2,0,1,1,0,4,10,12,0.5171533552776711
298601,66655.05,1,44,16.5,0.02,1,17,1,0,1,1,0,0,5,5,0.5166133330975577
298701,66684.88,8,400,37.2,0.02,3,34,3,1,0,0,1,7,46,48,0.34514715042995847
298801,66710.9,3,400,18.2,0.02,3,15,2,0,0,0,1,8,36,38,0.2783158794012148
298901,66740.79,0,147,8.5,0.02,0,18,1,0,1,1,0,1,17,35,0.23239921970098673
299001,66766.62,9,199,47.9,0.02,4,38,4,1,1,1,0,3,23,21,0.49094436160650246
299101,66796.35,0,67,-1.8,0.02,0,8,0,0,1,1,0,3,8,18,0.5399897854934187
299201,66822.16,1,400,16.3,0.02,1,26,1,0,0,0,1,8,49,67,0.3299892627466542
299301,66850.37,2,129,24.3,0.02,2,24,2,0,0,1,0,3,13,17,0.6045423615065291
299401,66878.41,0,185,11.1,0.02,0,24,1,0,1,1,0,6,16,19,0.24545442661623088
299501,66904.53,3,400,32.3,0.02,3,26,4,0,0,0,1,5,27,37,0.388409707872132
299601,66936.87,2,309,34.8,0.02,2,42,2,0,1,1,0,8,33,42,0.37658556825522
299701,66966.29,2,222,23.3,0.02,2,23,2,0,1,1,0,2,20,27,0.38308799741140565
299801,66995.17,0,183,15.1,0.02,0,24,0,0,1,1,0,2,15,19,0.3407321090828922
299901,67023.71,2,164,25.4,0.02,2,27,3,0,1,1,0,4,17,26,0.5648700210835558
