episode,wall_clock_s,score,steps,reward,epsilon,COIN_COLLECTED,CRATE_DESTROYED,COIN_FOUND,KILLED_OPPONENT,KILLED_SELF,GOT_KILLED,SURVIVED_ROUND,INVALID_ACTION,BOMB_DROPPED,WAITED,td_error
1,0.04,2,10,2.0,0.2,2,0,0,0,1,1,0,2,1,0,1.7600000000000002
2,0.06,2,36,-10.0,0.2,2,0,0,0,1,1,0,11,2,4,0.7611111111111111
3,0.06,2,23,-7.4,0.2,2,0,0,0,1,1,0,10,2,1,1.121739130434783
4,0.07,2,15,4.4,0.2,3,0,0,0,1,1,0,4,1,1,1.1013333333333335
5,0.07,2,17,-2.9,0.2,2,0,0,0,1,1,0,6,1,2,1.1170588235294119
6,0.09,3,39,-8.2,0.2,3,0,0,0,1,1,0,14,2,3,0.7758974358974362
7,0.09,0,16,-13.8,0.2,0,0,0,0,1,1,0,7,1,2,0.711875
8,0.1,5,71,6.5,0.2,5,0,0,0,1,1,0,6,2,4,0.6983994554745738
9,0.13,13,119,35.7,0.2,13,0,0,0,1,1,0,12,2,4,0.9304427762011377
10,0.14,5,26,17.1,0.2,6,0,0,0,1,1,0,5,2,3,2.3384460852508777
11,0.14,4,26,8.4,0.2,4,0,0,0,1,1,0,4,1,0,1.5183314206822314
12,0.14,0,5,-8.5,0.2,0,0,0,0,1,1,0,3,1,0,1.48
13,0.15,2,9,2.0,0.2,2,0,0,0,1,1,0,2,1,1,1.344444444444444
14,0.17,13,120,33.7,0.2,13,0,0,0,1,1,0,14,1,3,1.194761209279607
15,0.18,2,44,-6.8,0.2,2,0,0,0,1,1,0,7,1,4,0.9624084793903744
16,0.19,4,22,9.6,0.2,4,0,0,0,1,1,0,3,1,2,2.054026872154319
17,0.2,4,55,-2.0,0.2,4,0,0,0,1,1,0,11,1,5,1.1153538979856865
18,0.21,3,39,-4.2,0.2,3,0,0,0,1,1,0,10,1,3,0.7011190399848161
19,0.22,1,13,-7.3,0.2,1,0,0,0,1,1,0,6,1,0,1.378720874135164
20,0.22,0,12,-9.3,0.2,0,0,0,0,1,1,0,3,1,1,1.443928750374148
21,0.23,3,36,3.2,0.2,3,0,0,0,1,1,0,3,2,2,0.7185729926789173
22,0.24,6,59,8.7,0.2,6,0,0,0,1,1,0,10,1,4,1.2238697164003955
23,0.24,0,9,-10.0,0.2,0,0,0,0,1,1,0,4,1,1,1.086666666666667
24,0.26,8,88,14.2,0.2,8,0,0,0,1,1,0,11,3,10,1.122284741410798
25,0.27,4,12,17.8,0.2,5,0,0,0,1,1,0,1,1,0,3.8846482930684445
26,0.27,3,15,4.5,0.2,3,0,0,0,1,1,0,4,1,0,2.0990188446941787
27,0.27,6,13,23.7,0.2,6,0,0,0,1,1,0,0,1,0,2.994502998329194
28,0.28,2,33,-6.4,0.2,2,0,0,0,1,1,0,8,1,1,0.8908916725411962
29,0.28,2,9,0.9,0.2,2,0,0,0,1,1,0,3,1,2,1.6037421322919903
30,0.29,6,21,18.9,0.2,6,0,0,0,1,1,0,4,1,0,2.3624819259295062
31,0.3,5,53,4.5,0.2,5,0,0,0,1,1,0,10,2,2,1.2501449223059289
32,0.31,3,26,1.3,0.2,3,0,0,0,1,1,0,6,1,1,0.9417765010662007
33,0.32,7,49,19.2,0.2,7,0,0,0,1,1,0,5,2,9,1.5142301997298906
34,0.34,9,85,19.3,0.2,9,0,0,0,1,1,0,10,3,22,0.9348249325445049
35,0.34,1,13,-6.4,0.2,1,0,0,0,1,1,0,5,1,1,1.3877239208460626
36,0.35,9,27,34.0,0.2,9,0,0,0,1,1,0,3,1,3,3.0609345707897155
37,0.36,14,34,58.3,0.2,14,0,0,0,1,1,0,3,2,3,2.814156307575587
38,0.36,2,34,-2.6,0.2,2,0,0,0,1,1,0,4,1,2,1.491249360326163
39,0.37,7,18,28.2,0.2,7,0,0,0,1,1,0,0,1,0,2.3815189342248155
40,0.38,5,33,9.4,0.2,5,0,0,0,1,1,0,7,2,3,1.3527089983943743
41,0.38,0,8,-7.9,0.2,0,0,0,0,1,1,0,2,1,1,4.403909639541391
42,0.39,9,42,29.5,0.2,9,0,0,0,1,1,0,6,3,3,1.8985070809828808
43,0.4,9,35,34.8,0.2,9,0,0,0,1,1,0,1,2,7,2.079452737349171
44,0.41,20,82,81.2,0.2,20,0,0,0,1,1,0,5,4,6,1.9858916627299044
45,0.42,5,14,15.1,0.2,5,0,0,0,1,1,0,3,1,5,2.7803655494491473
46,0.43,13,45,51.4,0.2,13,0,0,0,1,1,0,3,1,11,2.213831372934223
47,0.43,0,7,-8.8,0.2,0,0,0,0,1,1,0,3,1,1,1.0685714285714287
48,0.44,7,28,20.2,0.2,7,0,0,0,1,1,0,7,2,0,3.615897811229512
49,0.44,5,17,17.0,0.2,5,0,0,0,1,1,0,1,2,3,2.2696658612390648
50,0.44,2,13,0.5,0.2,2,0,0,0,1,1,0,3,1,2,2.061698592798361
51,0.45,17,53,69.6,0.2,17,0,0,0,1,1,0,5,2,1,2.268838363551924
52,0.47,7,51,19.2,0.2,7,0,0,0,1,1,0,5,2,7,2.611949073710577
53,0.47,1,6,-3.6,0.2,1,0,0,0,1,1,0,3,1,0,3.665687355987424
54,0.48,12,30,46.9,0.2,12,0,0,0,1,1,0,5,3,1,2.588976999639547
55,0.5,25,72,106.0,0.2,25,0,0,0,1,1,0,6,1,8,3.089476927940063
56,0.5,0,10,-13.0,0.2,0,0,0,0,1,1,0,7,1,0,1.2901899675403858
57,0.51,10,37,36.3,0.2,10,0,0,0,1,1,0,5,2,0,1.8036431230659062
58,0.51,4,15,9.5,0.2,4,0,0,0,1,1,0,4,2,0,2.810300797591744
59,0.53,18,66,70.9,0.2,18,0,0,0,1,1,0,7,3,5,2.7447239492181468
60,0.54,9,26,32.3,0.2,9,0,0,0,1,1,0,5,3,1,3.7276518804298298
61,0.55,10,54,35.6,0.2,10,0,0,0,1,1,0,4,1,0,2.247323468090075
62,0.56,1,10,-5.2,0.2,1,0,0,0,1,1,0,4,1,2,1.7822438102062477
63,0.57,18,55,74.1,0.2,18,0,0,0,1,1,0,5,3,4,3.2425105363436204
64,0.57,1,6,-0.7,0.2,1,0,0,0,1,1,0,0,1,1,3.3281984639101836
65,0.59,19,61,76.6,0.2,19,0,0,0,1,1,0,7,4,3,2.156941581620574
66,0.6,2,19,-1.0,0.2,2,0,0,0,1,1,0,4,1,1,1.8289158102950318
67,0.61,12,49,41.9,0.2,12,0,0,0,1,1,0,8,2,2,2.159186577532931
68,0.62,13,52,53.6,0.2,13,0,0,0,1,1,0,1,3,2,2.489124273092613
69,0.64,11,43,38.6,0.2,11,0,0,0,1,1,0,7,2,1,2.413530927420723
70,0.64,0,5,-7.6,0.2,0,0,0,0,1,1,0,2,1,1,1.4209797871728356
71,0.68,22,145,71.8,0.2,22,0,0,0,1,1,0,15,4,37,1.7174227700161444
72,0.69,11,35,41.4,0.2,11,0,0,0,1,1,0,5,1,1,2.395848740130011
73,0.71,3,54,-5.6,0.2,3,0,0,0,1,1,0,10,1,2,1.1750979701254072
74,0.72,16,43,69.5,0.2,16,0,0,0,1,1,0,1,2,2,2.4711685605964253
75,0.74,24,63,105.1,0.2,24,0,0,0,1,1,0,3,3,6,2.345914721874995
76,0.76,24,105,94.1,0.2,24,0,0,0,1,1,0,10,4,4,1.7752572245420584
77,0.79,19,75,78.4,0.2,19,0,0,0,1,1,0,4,1,1,1.8323745226851123
78,0.8,0,28,-12.9,0.2,0,0,0,0,1,1,0,5,1,1,0.6216549413461749
79,0.8,0,9,-9.9,0.2,0,0,0,0,1,1,0,4,1,0,2.9477882007043537
80,0.81,6,19,20.8,0.2,6,0,0,0,1,1,0,2,1,3,2.4613357830557905
81,0.81,4,12,12.6,0.2,4,0,0,0,1,1,0,1,1,2,4.192234349086886
82,0.82,2,23,-2.3,0.2,2,0,0,0,1,1,0,5,1,0,0.8488237624880202
83,0.82,5,16,22.2,0.2,6,0,0,0,1,1,0,1,1,2,3.6038281250395516
84,0.83,2,32,-5.3,0.2,2,0,0,0,1,1,0,7,1,1,1.7855330982925408
85,0.85,11,44,45.5,0.2,11,0,0,0,1,1,0,0,1,1,1.837714032578814
86,0.87,22,84,86.1,0.2,22,0,0,0,1,1,0,10,2,5,1.9794582820356728
87,0.88,11,34,43.4,0.2,11,0,0,0,1,1,0,3,2,2,2.4105751441181145
88,0.9,1,26,-5.7,0.2,1,0,0,0,1,1,0,3,1,1,1.6030688706527625
89,0.92,19,103,71.1,0.2,19,0,0,0,1,1,0,8,3,6,1.8300232714201037
90,0.94,14,53,52.4,0.2,14,0,0,0,1,1,0,7,1,3,2.745642869304659
91,0.94,7,21,31.7,0.2,8,0,0,0,1,1,0,1,1,2,2.686052094569536
92,0.97,20,104,74.1,0.2,20,0,0,0,1,1,0,10,3,5,1.7230481161752045
93,0.98,18,53,76.3,0.2,18,0,0,0,1,1,0,3,2,4,2.473307632876807
94,0.99,1,7,-1.8,0.2,1,0,0,0,1,1,0,1,1,1,2.2123363736630695
95,1.0,11,48,41.7,0.2,11,0,0,0,1,1,0,3,1,5,2.025953153840099
96,1.0,6,13,22.5,0.2,6,0,0,0,1,1,0,1,1,2,2.602718409430961
97,1.01,11,33,42.6,0.2,11,0,0,0,1,1,0,4,2,1,3.6575890048518604
98,1.02,4,32,8.7,0.2,4,0,0,0,1,1,0,3,2,1,1.185519126458604
99,1.03,6,25,18.4,0.2,6,0,0,0,1,1,0,4,2,1,2.371707830864585
100,1.04,11,48,38.1,0.2,11,0,0,0,1,1,0,7,3,1,2.6244252549456117
101,1.04,1,10,-4.0,0.2,1,0,0,0,1,1,0,3,1,0,1.6380653510445158
102,1.05,2,5,4.5,0.2,2,0,0,0,1,1,0,0,1,0,6.450456401090084
103,1.05,5,13,17.7,0.2,5,0,0,0,1,1,0,1,2,0,2.990473683897677
104,1.06,9,37,34.6,0.2,9,0,0,0,1,1,0,0,1,17,1.8833306340654408
105,1.07,1,29,-7.0,0.2,1,0,0,0,1,1,0,4,1,1,1.2344526953561135
106,1.07,1,5,-1.6,0.2,1,0,0,0,1,1,0,1,1,1,7.123587225311556
107,1.08,7,30,23.9,0.2,7,0,0,0,1,1,0,3,1,1,1.7174658922995198
108,1.08,2,5,3.5,0.2,2,0,0,0,1,1,0,1,1,0,2.7155418464081853
109,1.08,2,6,4.4,0.2,2,0,0,0,1,1,0,0,1,0,4.158467623498793
110,1.09,12,36,48.8,0.2,12,0,0,0,1,1,0,2,2,6,2.7377183116914514
111,1.1,11,50,41.8,0.2,11,0,0,0,1,1,0,3,2,2,2.064329940387194
112,1.11,17,56,69.7,0.2,17,0,0,0,1,1,0,4,1,7,2.3690922188963635
113,1.12,0,19,-9.7,0.2,0,0,0,0,1,1,0,2,1,8,0.5657710273379489
114,1.12,13,38,58.1,0.2,14,0,0,0,1,1,0,3,1,1,2.850412504113417
115,1.13,17,43,71.7,0.2,17,0,0,0,1,1,0,4,1,0,2.8125119375939645
116,1.14,7,15,27.5,0.2,7,0,0,0,1,1,0,1,2,0,3.6888223866543526
117,1.14,1,6,-3.7,0.2,1,0,0,0,1,1,0,3,1,1,2.5397979869951293
118,1.15,12,55,41.5,0.2,12,0,0,0,1,1,0,8,2,0,2.8536128230581306
119,1.17,22,83,91.5,0.2,22,0,0,0,1,1,0,5,3,2,2.4105366873269913
120,1.18,9,33,28.6,0.2,9,0,0,0,1,1,0,8,2,1,2.578068047580341
121,1.19,5,20,14.9,0.2,5,0,0,0,1,1,0,3,1,1,2.69375902860513
122,1.19,4,33,7.7,0.2,4,0,0,0,1,1,0,4,1,0,1.7709134578842083
123,1.2,2,7,3.2,0.2,2,0,0,0,1,1,0,1,1,1,4.553641200749127
124,1.21,16,61,58.6,0.2,16,0,0,0,1,1,0,10,2,3,2.414197555369392
125,1.22,2,24,-1.6,0.2,2,0,0,0,1,1,0,4,1,2,1.6310880546134818
126,1.22,9,32,33.8,0.2,9,0,0,0,1,1,0,3,2,0,2.1683520389926665
127,1.25,17,129,60.6,0.2,17,0,0,0,1,1,0,6,5,5,1.8416559556306877
128,1.27,7,42,24.8,0.2,7,0,0,0,1,1,0,1,1,0,2.208108009837337
129,1.27,8,23,29.5,0.2,8,0,0,0,1,1,0,3,1,2,2.2043511961255398
130,1.29,7,43,22.5,0.2,7,0,0,0,1,1,0,3,1,2,2.3299388721872725
131,1.32,16,112,55.6,0.2,16,0,0,0,1,1,0,7,3,12,1.5164584349825723
132,1.32,11,29,44.8,0.2,11,0,0,0,1,1,0,2,1,3,2.935619652597169
133,1.35,15,92,52.3,0.2,15,0,0,0,1,1,0,8,2,5,1.4653637527482857
134,1.35,1,12,-5.3,0.2,1,0,0,0,1,1,0,4,1,1,2.4158113818194105
135,1.37,15,55,64.2,0.2,15,0,0,0,1,1,0,0,2,3,3.1746468096572604
136,1.37,6,21,21.3,0.2,6,0,0,0,1,1,0,1,1,6,2.284529664740007
137,1.4,23,99,96.5,0.2,23,0,0,0,1,1,0,3,1,6,2.3078864644972787
138,1.41,15,35,65.5,0.2,15,0,0,0,1,1,0,1,2,0,3.1457292845423646
139,1.43,16,42,70.6,0.2,16,0,0,0,1,1,0,0,2,2,2.8941836709927835
140,1.44,19,34,83.6,0.2,19,0,0,0,1,1,0,3,2,0,3.3065840130511823
141,1.45,6,20,20.9,0.2,6,0,0,0,1,1,0,2,1,1,2.805235135470569
142,1.46,18,48,77.2,0.2,18,0,0,0,1,1,0,3,2,0,2.1912646892510685
143,1.49,15,112,51.2,0.2,15,0,0,0,1,1,0,6,1,16,1.6346932429767074
144,1.5,3,5,8.5,0.2,3,0,0,0,1,1,0,1,1,0,5.62308175845331
145,1.5,6,14,21.6,0.2,6,0,0,0,1,1,0,2,1,0,3.7601761545768677
146,1.51,7,23,24.6,0.2,7,0,0,0,1,1,0,3,2,1,2.8330083319308033
147,1.52,4,18,9.2,0.2,4,0,0,0,1,1,0,4,1,0,1.7004129604035387
148,1.54,14,79,48.3,0.2,14,0,0,0,1,1,0,8,2,8,2.1527691556104993
149,1.55,18,59,76.0,0.2,18,0,0,0,1,1,0,3,1,1,2.458485182949619
150,1.56,11,35,43.3,0.2,11,0,0,0,1,1,0,3,2,2,3.050716900222773
151,1.59,2,98,-16.3,0.2,2,0,0,0,1,1,0,11,1,5,0.8604655961647184
152,1.59,0,5,-6.6,0.2,0,0,0,0,1,1,0,1,1,1,5.332547289306122
153,1.62,34,130,141.7,0.2,34,0,0,0,1,1,0,10,1,3,2.0260162510344597
154,1.62,3,9,9.1,0.2,3,0,0,0,1,1,0,0,1,0,4.460707288503138
155,1.63,6,24,21.3,0.2,6,0,0,0,1,1,0,1,1,3,3.3935405331640474
156,1.65,24,64,103.4,0.2,24,0,0,0,1,1,0,5,2,2,2.4659496333424378
157,1.65,3,13,4.6,0.2,3,0,0,0,1,1,0,4,1,1,4.07055905908116
158,1.66,15,61,57.7,0.2,15,0,0,0,1,1,0,6,1,2,2.4075921558124693
159,1.69,38,119,162.3,0.2,38,0,0,0,1,1,0,10,5,8,2.292323170911247
160,1.7,15,45,58.4,0.2,15,0,0,0,1,1,0,7,1,1,1.9370468561722953
161,1.73,22,120,90.6,0.2,23,0,0,0,1,1,0,7,1,4,1.743739370719337
162,1.76,34,114,147.8,0.2,34,0,0,0,1,1,0,5,3,8,2.368125136241492
163,1.76,3,23,5.1,0.2,3,0,0,0,1,1,0,2,1,6,3.194536703823991
164,1.79,36,125,153.1,0.2,36,0,0,0,1,1,0,9,4,4,1.8940721291972087
165,1.81,34,93,154.5,0.2,34,0,0,0,1,1,0,1,3,2,2.441179799902664
166,1.82,21,45,95.5,0.2,21,0,0,0,1,1,0,0,3,0,2.753609721158921
167,1.83,0,17,-10.7,0.2,0,0,0,0,1,1,0,4,1,0,0.7699373297719657
168,1.83,1,11,-6.1,0.2,1,0,0,0,1,1,0,5,1,0,2.771324743691268
169,1.84,8,35,29.2,0.2,8,0,0,0,1,1,0,2,1,3,2.0772154383092407
170,1.87,42,124,182.4,0.2,42,0,0,0,1,1,0,10,4,2,2.4485919969331102
171,1.88,11,30,44.9,0.2,11,0,0,0,1,1,0,2,3,1,4.1644881986994005
172,1.88,7,15,28.5,0.2,7,0,0,0,1,1,0,0,1,0,2.861123180973222
173,1.89,7,29,22.0,0.2,7,0,0,0,1,1,0,5,1,1,2.9338141556178194
174,1.91,21,73,87.4,0.2,21,0,0,0,1,1,0,5,1,3,2.141589805902037
175,1.93,7,92,8.5,0.2,7,0,0,0,1,1,0,12,3,3,1.027418324183664
176,1.94,8,26,29.2,0.2,8,0,0,0,1,1,0,3,1,2,2.15875581256983
177,1.94,0,7,-8.7,0.2,0,0,0,0,1,1,0,3,1,0,2.935039830338055
178,1.95,10,32,39.6,0.2,10,0,0,0,1,1,0,2,1,2,2.4580233429270737
179,1.98,43,129,187.7,0.2,43,0,0,0,1,1,0,9,2,4,2.404789019768866
180,2.02,49,158,232.5,0.2,51,0,0,0,0,0,1,6,4,6,2.3689859465627725
181,2.02,3,15,5.4,0.2,3,0,0,0,1,1,0,3,1,1,4.378405467592783
182,2.02,5,12,16.7,0.2,5,0,0,0,1,1,0,2,1,1,2.7011881703890297
183,2.03,7,23,30.6,0.2,8,0,0,0,1,1,0,2,2,1,2.4753898311994713
184,2.04,5,47,14.3,0.2,5,0,0,0,1,1,0,1,2,0,1.3089067118042916
185,2.06,25,81,104.5,0.2,25,0,0,0,1,1,0,7,1,4,1.988164315057061
186,2.06,5,12,16.8,0.2,5,0,0,0,1,1,0,2,1,0,4.432495600446789
187,2.09,31,124,124.2,0.2,31,0,0,0,1,1,0,13,4,4,1.6314746925072539
188,2.1,18,44,78.5,0.2,18,0,0,0,1,1,0,2,4,1,2.5896699889219104
189,2.12,32,99,136.6,0.2,32,0,0,0,1,1,0,8,4,5,2.144089786277933
190,2.13,13,35,55.4,0.2,13,0,0,0,1,1,0,1,1,1,2.565453581505007
191,2.15,14,72,50.7,0.2,14,0,0,0,1,1,0,7,2,1,1.0516851204973898
192,2.15,8,21,29.9,0.2,8,0,0,0,1,1,0,3,1,0,2.128154406563285
193,2.16,4,13,10.6,0.2,4,0,0,0,1,1,0,3,1,1,3.185382493053078
194,2.16,7,20,25.0,0.2,7,0,0,0,1,1,0,3,1,0,3.564037414333228
195,2.16,4,11,10.9,0.2,4,0,0,0,1,1,0,3,1,0,3.92523142539589
196,2.18,18,63,80.7,0.2,19,0,0,0,1,1,0,3,1,0,2.6893195159624605
197,2.19,10,33,39.5,0.2,10,0,0,0,1,1,0,2,1,2,2.1335246511678037
198,2.19,12,27,49.1,0.2,12,0,0,0,1,1,0,3,1,2,3.0099162473924768
199,2.2,8,20,31.0,0.2,8,0,0,0,1,1,0,2,1,0,3.1574885566768094
200,2.2,2,5,1.5,0.2,2,0,0,0,1,1,0,3,1,0,3.752531367699311
201,2.2,11,29,42.1,0.2,11,0,0,0,1,1,0,5,1,0,2.7443971692486273
202,2.22,22,70,91.6,0.2,22,0,0,0,1,1,0,6,1,4,2.307430114743317
203,2.23,10,22,40.8,0.2,10,0,0,0,1,1,0,2,1,0,3.672587031230829
204,2.25,28,91,116.5,0.2,28,0,0,0,1,1,0,9,2,4,2.5516391715218787
205,2.26,19,72,76.5,0.2,19,0,0,0,1,1,0,6,3,3,2.263987370733806
206,2.29,41,136,176.0,0.2,41,0,0,0,1,1,0,10,1,4,2.356912085789065
207,2.3,23,61,103.9,0.2,24,0,0,0,1,1,0,5,2,0,2.3215525456620085
208,2.32,21,54,86.3,0.2,21,0,0,0,1,1,0,8,1,3,2.8231893685041154
209,2.33,31,77,139.9,0.2,31,0,0,0,1,1,0,2,5,4,2.205754890134276
210,2.37,44,154,188.9,0.2,44,0,0,0,1,1,0,10,4,7,2.237034009626729
211,2.39,32,102,132.9,0.2,32,0,0,0,1,1,0,10,2,19,2.1788048823909123
212,2.41,33,86,153.2,0.2,34,0,0,0,1,1,0,3,2,2,2.2193473459263937
213,2.41,1,5,4.4,0.2,2,0,0,0,1,1,0,0,1,1,6.525574744086926
214,2.42,17,41,74.9,0.2,17,0,0,0,1,1,0,1,2,0,2.2427037273644896
215,2.42,5,17,17.3,0.2,5,0,0,0,1,1,0,1,1,0,2.9876568324339314
216,2.42,2,7,4.3,0.2,2,0,0,0,1,1,0,0,1,0,3.7221727789727344
217,2.44,26,58,116.2,0.2,26,0,0,0,1,1,0,3,1,0,2.289397931097285
218,2.44,2,5,9.4,0.2,3,0,0,0,1,1,0,0,1,1,3.454688882630999
219,2.45,4,15,12.4,0.2,4,0,0,0,1,1,0,1,1,1,2.9654704429064864
220,2.47,37,94,167.4,0.2,37,0,0,0,1,1,0,3,3,2,2.341700958347598
221,2.48,28,80,124.9,0.2,28,0,0,0,1,1,0,2,1,1,2.385751677164106
222,2.48,2,6,9.4,0.2,3,0,0,0,1,1,0,0,1,0,3.7956619213857263
223,2.5,28,80,128.0,0.2,29,0,0,0,1,1,0,4,3,0,2.421117254127085
224,2.52,21,52,91.8,0.2,21,0,0,0,1,1,0,3,3,0,2.7009199629099325
225,2.54,39,120,173.9,0.2,39,0,0,0,1,1,0,4,3,1,2.4169345688230055
226,2.57,44,149,190.6,0.2,44,0,0,0,1,1,0,9,3,5,2.1101318610862743
227,2.58,12,29,50.9,0.2,12,0,0,0,1,1,0,1,1,2,2.8246299577918275
228,2.58,4,21,10.8,0.2,4,0,0,0,1,1,0,2,2,1,3.0567258654654355
229,2.6,22,55,95.1,0.2,22,0,0,0,1,1,0,4,2,4,2.3015040344325786
230,2.6,4,7,14.3,0.2,4,0,0,0,1,1,0,0,1,0,5.253356782198125
231,2.6,5,13,18.7,0.2,5,0,0,0,1,1,0,0,1,0,4.0265346686652
232,2.61,10,32,36.8,0.2,10,0,0,0,1,1,0,5,3,0,2.470626827084456
233,2.65,32,131,130.4,0.2,32,0,0,0,1,1,0,11,4,5,2.0264100872412008
234,2.67,41,110,180.6,0.2,41,0,0,0,1,1,0,8,3,4,2.1407117088846874
235,2.68,0,32,-11.4,0.2,0,0,0,0,1,1,0,3,1,2,0.7037705532880794
236,2.69,17,38,80.0,0.2,18,0,0,0,1,1,0,1,2,2,2.815770298090168
237,2.7,16,51,64.8,0.2,16,0,0,0,1,1,0,5,2,1,1.9555447249888005
238,2.71,26,66,113.1,0.2,26,0,0,0,1,1,0,5,2,3,2.274299613292706
239,2.72,10,29,39.9,0.2,10,0,0,0,1,1,0,2,1,2,2.564475878751324
240,2.73,21,59,92.9,0.2,21,0,0,0,1,1,0,1,1,2,2.456694084257995
241,2.74,2,7,1.3,0.2,2,0,0,0,1,1,0,3,1,0,2.7112365129612477
242,2.74,11,34,42.5,0.2,11,0,0,0,1,1,0,4,1,1,2.184837567013405
243,2.75,5,12,16.8,0.2,5,0,0,0,1,1,0,2,1,0,3.0000373239206906
244,2.78,38,133,163.4,0.2,38,0,0,0,1,1,0,8,4,3,2.219088435191762
245,2.79,18,48,77.1,0.2,18,0,0,0,1,1,0,3,2,1,2.3229074651440023
246,2.8,22,56,97.3,0.2,22,0,0,0,1,1,0,2,1,1,2.4740719987793076
247,2.81,12,27,50.3,0.2,12,0,0,0,1,1,0,2,1,0,2.8249704633722423
248,2.81,6,13,27.7,0.2,7,0,0,0,1,1,0,1,1,0,2.4914653791802164
249,2.81,13,28,54.1,0.2,13,0,0,0,1,1,0,3,1,1,1.9457263780234961
250,2.84,36,104,160.2,0.2,36,0,0,0,1,1,0,4,4,4,2.290363889304805
251,2.86,30,102,127.4,0.2,30,0,0,0,1,1,0,7,3,4,2.0517669049585163
252,2.88,24,73,102.4,0.2,24,0,0,0,1,1,0,5,2,3,2.1940002624418784
253,2.91,39,145,168.0,0.2,39,0,0,0,1,1,0,7,4,5,2.227047362259613
254,2.92,12,52,45.6,0.2,12,0,0,0,1,1,0,4,1,2,1.9617524744793398
255,2.96,35,170,146.2,0.2,35,0,0,0,1,1,0,6,4,8,1.4641786565420154
256,2.97,22,66,95.1,0.2,22,0,0,0,1,1,0,3,2,3,2.121845231635424
257,2.99,30,84,129.5,0.2,30,0,0,0,1,1,0,7,2,1,2.0746734278796026
258,3.0,15,45,62.5,0.2,15,0,0,0,1,1,0,3,1,0,2.2338819929991045
259,3.01,19,39,82.0,0.2,19,0,0,0,1,1,0,4,1,1,2.7684919678335222
260,3.02,10,23,39.7,0.2,10,0,0,0,1,1,0,3,1,0,2.1841505371865444
261,3.02,1,8,-1.8,0.2,1,0,0,0,1,1,0,1,1,0,4.627354282282155
262,3.03,11,47,42.3,0.2,11,0,0,0,1,1,0,3,2,0,2.05504383434689
263,3.04,5,18,17.2,0.2,5,0,0,0,1,1,0,1,1,0,2.832871672971727
264,3.04,4,22,9.8,0.2,4,0,0,0,1,1,0,3,1,0,2.3456156445262657
265,3.06,25,70,108.0,0.2,25,0,0,0,1,1,0,5,3,0,2.3614570691625008
266,3.07,21,51,92.7,0.2,21,0,0,0,1,1,0,2,2,2,2.4697535815887735
267,3.09,35,114,151.3,0.2,35,0,0,0,1,1,0,7,3,3,1.7149825283937705
268,3.1,12,37,46.0,0.2,12,0,0,0,1,1,0,5,2,3,2.2962015424549205
269,3.11,0,42,-14.2,0.2,0,0,0,0,1,1,0,5,1,0,1.7228855601785973
270,3.12,1,56,-14.9,0.2,1,0,0,0,1,1,0,9,1,3,1.6389829495352741
271,3.13,11,35,42.5,0.2,11,0,0,0,1,1,0,4,1,0,2.820902998293471
272,3.13,7,19,27.0,0.2,7,0,0,0,1,1,0,1,1,1,2.2654569863647036
273,3.16,23,116,90.8,0.2,23,0,0,0,1,1,0,7,1,6,1.6605971663429253
274,3.17,12,45,46.1,0.2,12,0,0,0,1,1,0,4,1,4,1.7417556129594578
275,3.19,23,62,100.6,0.2,23,0,0,0,1,1,0,3,2,2,2.0567889191338353
276,3.2,15,68,54.0,0.2,15,0,0,0,1,1,0,9,3,2,1.6586990661577534
277,3.23,36,147,148.4,0.2,36,0,0,0,1,1,0,11,2,9,1.9225593680262245
278,3.25,34,92,151.6,0.2,34,0,0,0,1,1,0,4,2,2,2.1577406753148334
279,3.28,39,133,164.3,0.2,39,0,0,0,1,1,0,12,3,4,2.014202747175798
280,3.29,28,66,127.3,0.2,28,0,0,0,1,1,0,1,1,1,1.6335865032102195
281,3.3,20,54,83.5,0.2,20,0,0,0,1,1,0,6,2,1,2.2195909639359934
282,3.31,7,15,27.4,0.2,7,0,0,0,1,1,0,1,1,1,2.0832614311993014
283,3.32,12,32,56.6,0.2,13,0,0,0,1,1,0,0,1,2,3.102543713289214
284,3.33,14,43,57.6,0.2,14,0,0,0,1,1,0,3,2,1,2.4779778817033393
285,3.34,32,92,136.3,0.2,32,0,0,0,1,1,0,9,1,5,2.5333703103772773
286,3.36,26,75,114.3,0.2,26,0,0,0,1,1,0,3,4,2,2.3844692919740447
287,3.36,1,10,-6.0,0.2,1,0,0,0,1,1,0,5,1,0,2.6821047739556616
288,3.37,7,26,24.2,0.2,7,0,0,0,1,1,0,3,1,2,1.8352225841368097
289,3.39,40,112,176.6,0.2,40,0,0,0,1,1,0,7,3,2,2.072344324380428
290,3.41,28,73,121.2,0.2,28,0,0,0,1,1,0,6,3,5,2.163554298297625
291,3.42,15,39,70.0,0.2,16,0,0,0,1,1,0,1,1,1,1.919399737425768
292,3.43,19,49,82.9,0.2,19,0,0,0,1,1,0,2,1,2,3.017790725566493
293,3.46,49,136,236.8,0.2,51,0,0,0,0,0,1,4,4,5,2.3718600388649946
294,3.46,2,10,7.0,0.2,3,0,0,0,1,1,0,2,1,0,3.103403083675403
295,3.47,19,47,81.3,0.2,19,0,0,0,1,1,0,4,4,0,2.3454109649519284
296,3.48,26,74,105.4,0.2,26,0,0,0,1,1,0,12,3,2,2.419236766086581
297,3.49,7,18,31.1,0.2,8,0,0,0,1,1,0,2,1,1,2.6353946361605134
298,3.5,15,54,68.5,0.2,16,0,0,0,1,1,0,1,1,1,2.5869381980388346
299,3.51,2,8,3.2,0.2,2,0,0,0,1,1,0,1,1,0,4.71937914165962
300,3.54,49,167,236.7,0.2,51,0,0,0,0,0,1,1,2,5,2.13167617902072
301,3.57,41,117,181.9,0.2,41,0,0,0,1,1,0,6,2,4,1.968688728169878
302,3.59,38,119,164.5,0.2,38,0,0,0,1,1,0,8,3,6,2.5743395187641394
303,3.61,24,71,102.8,0.2,24,0,0,0,1,1,0,5,3,1,2.328603428812335
304,3.62,17,40,70.0,0.2,17,0,0,0,1,1,0,6,1,0,2.2740962817208143
305,3.65,48,161,209.3,0.2,48,0,0,0,1,1,0,9,6,6,1.86672406695691
306,3.68,47,150,205.1,0.2,47,0,0,0,1,1,0,9,4,9,2.1208195677266093
307,3.72,49,176,223.8,0.2,51,0,0,0,0,0,1,13,6,5,1.883488869591462
308,3.72,5,13,17.7,0.2,5,0,0,0,1,1,0,1,1,0,3.5926246489946156
309,3.75,39,130,172.3,0.2,39,0,0,0,1,1,0,4,2,7,2.3073386086916714
310,3.76,18,46,77.4,0.2,18,0,0,0,1,1,0,3,1,0,3.062039438097749
311,3.78,25,97,106.1,0.2,25,0,0,0,1,1,0,4,3,2,1.6723659649085587
312,3.78,1,5,-1.5,0.2,1,0,0,0,1,1,0,1,1,0,7.332609772228784
313,3.8,18,66,73.4,0.2,18,0,0,0,1,1,0,5,2,0,2.090048285652667
314,3.82,35,104,151.3,0.2,35,0,0,0,1,1,0,8,3,3,2.194983370043359
315,3.83,28,71,126.6,0.2,28,0,0,0,1,1,0,1,1,3,2.373720702053184
316,3.85,23,58,98.8,0.2,23,0,0,0,1,1,0,5,1,4,2.2258741903274837
317,3.85,12,27,50.2,0.2,12,0,0,0,1,1,0,2,1,1,3.2550286984321377
318,3.87,24,76,105.1,0.2,24,0,0,0,1,1,0,2,1,3,2.147305904168501
319,3.89,32,85,144.3,0.2,32,0,0,0,1,1,0,2,3,2,2.3192622715484807
320,3.9,4,24,6.5,0.2,4,0,0,0,1,1,0,6,1,1,2.444848492599809
321,3.91,7,51,19.8,0.2,7,0,0,0,1,1,0,5,2,1,1.8719002673356264
322,3.91,2,11,-0.2,0.2,2,0,0,0,1,1,0,4,1,1,3.1468494605912904
323,3.92,12,31,47.7,0.2,12,0,0,0,1,1,0,4,1,2,1.883171819185614
324,3.92,2,7,1.3,0.2,2,0,0,0,1,1,0,3,1,0,6.335857525887673
325,3.92,7,25,25.2,0.2,7,0,0,0,1,1,0,2,1,3,2.2320369499756834
326,3.93,1,5,-1.5,0.2,1,0,0,0,1,1,0,1,1,0,4.25509662804369
327,3.93,9,33,33.7,0.2,9,0,0,0,1,1,0,3,2,0,2.0904398004422005
328,3.95,15,57,61.1,0.2,15,0,0,0,1,1,0,3,1,2,1.8011601679255465
329,3.96,17,55,73.1,0.2,17,0,0,0,1,1,0,1,2,4,2.7070105029713103
330,3.97,15,33,65.5,0.2,15,0,0,0,1,1,0,1,2,2,2.0395099889178088
331,3.98,25,84,107.3,0.2,25,0,0,0,1,1,0,4,2,3,1.9863580951420026
332,4.0,24,54,106.6,0.2,24,0,0,0,1,1,0,3,1,0,2.3403245086746725
333,4.02,37,106,166.7,0.2,37,0,0,0,1,1,0,2,1,7,2.037285709994736
334,4.03,31,69,139.7,0.2,31,0,0,0,1,1,0,3,4,4,1.9508113516478942
335,4.04,10,26,38.4,0.2,10,0,0,0,1,1,0,4,1,0,2.2084542734603945
336,4.08,38,168,158.3,0.2,38,0,0,0,1,1,0,9,5,9,1.6158748609618645
337,4.08,13,31,55.9,0.2,13,0,0,0,1,1,0,1,1,0,1.9820106242556015
338,4.11,30,112,127.3,0.2,30,0,0,0,1,1,0,6,2,5,1.7549686450672266
339,4.11,5,13,18.5,0.2,5,0,0,0,1,1,0,0,1,2,2.871815244284683
340,4.12,7,18,26.1,0.2,7,0,0,0,1,1,0,2,1,1,3.355613910947689
341,4.13,15,51,59.6,0.2,15,0,0,0,1,1,0,5,2,3,2.142225397531877
342,4.13,6,10,28.0,0.2,7,0,0,0,1,1,0,1,1,0,4.046558663038841
343,4.14,12,39,43.9,0.2,12,0,0,0,1,1,0,7,1,2,1.9380940128207949
344,4.15,17,54,69.4,0.2,17,0,0,0,1,1,0,5,1,2,2.4948111417349557
345,4.17,42,118,179.9,0.2,42,0,0,0,1,1,0,13,1,3,1.8862496459214164
346,4.21,47,172,206.4,0.2,47,0,0,0,1,1,0,6,4,4,2.0981738523597233
347,4.23,31,93,133.3,0.2,31,0,0,0,1,1,0,7,2,4,1.924350673926591
348,4.24,8,17,33.3,0.2,8,0,0,0,1,1,0,0,1,0,3.6614585188410396
349,4.24,1,27,-8.9,0.2,1,0,0,0,1,1,0,6,1,2,2.7286230903517787
350,4.25,6,18,25.2,0.2,7,0,0,0,1,1,0,3,1,0,3.5746279138453776
351,4.26,19,62,81.6,0.2,19,0,0,0,1,1,0,2,2,2,1.7620765679231691
352,4.26,2,13,3.7,0.2,2,0,0,0,1,1,0,0,1,0,3.0617923442973383
353,4.27,1,5,-2.5,0.2,1,0,0,0,1,1,0,2,1,0,8.454667530092696
354,4.29,35,98,153.5,0.2,35,0,0,0,1,1,0,6,4,7,2.075213310715589
355,4.3,21,62,90.8,0.2,21,0,0,0,1,1,0,3,2,0,2.6498320456869444
356,4.33,48,125,220.9,0.2,48,0,0,0,1,1,0,1,4,6,2.325176004974989
357,4.33,2,13,1.7,0.2,2,0,0,0,1,1,0,2,1,0,2.774856221860724
358,4.34,3,12,7.7,0.2,3,0,0,0,1,1,0,1,1,1,2.8133754053144924
359,4.35,13,35,53.4,0.2,13,0,0,0,1,1,0,3,2,1,2.2239954374668987
360,4.35,13,31,55.6,0.2,13,0,0,0,1,1,0,1,1,3,1.758142355115372
361,4.37,24,56,104.2,0.2,24,0,0,0,1,1,0,5,1,2,1.9894440511109128
362,4.4,49,151,232.3,0.2,51,0,0,0,0,0,1,7,2,5,2.1265728836853093
363,4.42,18,59,71.9,0.2,18,0,0,0,1,1,0,7,1,2,1.8338437000929195
364,4.43,17,51,73.8,0.2,18,0,0,0,1,1,0,6,3,1,2.441004939241605
365,4.44,12,31,46.7,0.2,12,0,0,0,1,1,0,5,1,2,2.462843689408546
366,4.47,38,115,168.7,0.2,38,0,0,0,1,1,0,4,2,8,2.6676097242066974
367,4.49,13,60,46.8,0.2,13,0,0,0,1,1,0,6,3,12,1.6974094991404105
368,4.49,9,20,37.0,0.2,9,0,0,0,1,1,0,1,1,0,2.654930289160847
369,4.51,29,71,126.9,0.2,29,0,0,0,1,1,0,6,2,0,1.6511349523395538
370,4.51,6,15,26.4,0.2,7,0,0,0,1,1,0,2,1,1,3.7435675962348793
371,4.52,7,17,27.3,0.2,7,0,0,0,1,1,0,1,1,0,2.5314232199808706
372,4.55,48,148,213.6,0.2,48,0,0,0,1,1,0,6,3,6,2.0840668882635476
373,4.57,30,80,134.3,0.2,30,0,0,0,1,1,0,2,1,7,1.7553253976317236
374,4.57,0,7,-9.7,0.2,0,0,0,0,1,1,0,4,1,0,5.407129077471731
375,4.58,7,20,27.9,0.2,7,0,0,0,1,1,0,0,1,1,3.105198909316271
376,4.58,1,7,-3.7,0.2,1,0,0,0,1,1,0,3,1,0,3.9065916861987375
377,4.6,31,81,139.7,0.2,31,0,0,0,1,1,0,2,3,2,1.9044073652942062
378,4.6,12,27,51.3,0.2,12,0,0,0,1,1,0,1,2,0,1.8559109383479777
379,4.62,27,69,121.0,0.2,27,0,0,0,1,1,0,2,1,1,2.027642766727097
380,4.63,9,29,33.0,0.2,9,0,0,0,1,1,0,4,1,1,2.592443332800731
381,4.64,15,52,57.6,0.2,15,0,0,0,1,1,0,7,4,2,2.707170070034055
382,4.67,49,149,212.2,0.2,49,0,0,0,1,1,0,12,3,9,2.1350255658350195
383,4.7,43,134,185.4,0.2,43,0,0,0,1,1,0,11,3,2,1.9122232638339776
384,4.73,49,164,228.7,0.2,51,0,0,0,0,0,1,9,3,8,2.118108175737685
385,4.75,23,65,98.3,0.2,23,0,0,0,1,1,0,5,1,2,1.9425657705474453
386,4.78,48,196,203.4,0.2,48,0,0,0,1,1,0,11,5,10,2.1693410199156618
387,4.79,5,26,18.4,0.2,6,0,0,0,1,1,0,4,1,0,1.8544316973387707
388,4.81,31,92,129.3,0.2,31,0,0,0,1,1,0,11,2,5,2.00435711471949
389,4.82,22,52,98.6,0.2,22,0,0,0,1,1,0,1,2,2,1.8273424814514163
390,4.82,3,10,5.9,0.2,3,0,0,0,1,1,0,3,1,1,2.4761790775955452
391,4.83,21,47,94.2,0.2,21,0,0,0,1,1,0,1,1,1,2.1404267292420456
392,4.85,29,82,128.3,0.2,29,0,0,0,1,1,0,3,2,5,1.6991392533639256
393,4.88,42,120,185.4,0.2,42,0,0,0,1,1,0,7,1,6,2.1375119924139176
394,4.89,11,25,44.4,0.2,11,0,0,0,1,1,0,3,1,1,2.5184135466364856
395,4.89,3,12,12.7,0.2,4,0,0,0,1,1,0,1,1,1,2.445571406698138
396,4.89,7,15,25.3,0.2,7,0,0,0,1,1,0,3,1,2,3.10292113549919
397,4.92,42,102,190.6,0.2,42,0,0,0,1,1,0,4,3,2,2.1321480847211784
398,4.93,19,57,78.0,0.2,19,0,0,0,1,1,0,6,1,3,2.295374226843218
399,4.95,23,70,100.6,0.2,23,0,0,0,1,1,0,2,2,4,2.0071849113949187
400,4.95,9,22,37.7,0.2,9,0,0,0,1,1,0,0,1,1,3.5125146777716143
401,4.98,43,132,188.9,0.2,43,0,0,0,1,1,0,7,3,9,2.275633602497964
402,5.0,35,94,156.1,0.2,35,0,0,0,1,1,0,4,3,5,1.925056524591608
403,5.0,8,19,31.1,0.2,8,0,0,0,1,1,0,2,1,0,2.689895728706625
404,5.01,12,40,48.8,0.2,12,0,0,0,1,1,0,2,1,2,2.948142192723048
405,5.03,26,68,116.0,0.2,26,0,0,0,1,1,0,2,1,2,2.3909459208738015
406,5.03,7,23,24.7,0.2,7,0,0,0,1,1,0,3,1,0,2.7591110019822604
407,5.05,24,68,105.0,0.2,24,0,0,0,1,1,0,3,2,2,1.8506848373633897
408,5.06,15,53,68.2,0.2,16,0,0,0,1,1,0,1,3,5,1.716436997571221
409,5.06,3,19,4.8,0.2,3,0,0,0,1,1,0,3,1,3,3.313860625415883
410,5.07,11,30,43.0,0.2,11,0,0,0,1,1,0,4,1,0,1.9876267753683332
411,5.08,8,21,31.8,0.2,8,0,0,0,1,1,0,1,1,1,2.2118224677910217
412,5.1,32,100,137.9,0.2,32,0,0,0,1,1,0,6,1,11,2.2854636866576863
413,5.11,17,55,67.3,0.2,17,0,0,0,1,1,0,7,1,2,2.4872271273069884
414,5.14,42,151,184.5,0.2,42,0,0,0,1,1,0,5,4,4,1.9258525459696454
415,5.15,2,11,2.9,0.2,2,0,0,0,1,1,0,1,1,0,3.3423784217076786
416,5.15,0,6,-7.0,0.2,0,0,0,0,1,1,0,1,1,4,2.794845749861789
417,5.16,21,71,86.7,0.2,21,0,0,0,1,1,0,6,1,2,2.1045525295710963
418,5.18,19,52,81.8,0.2,19,0,0,0,1,1,0,3,2,0,2.414438380008421
419,5.18,7,17,25.3,0.2,7,0,0,0,1,1,0,3,1,0,2.3944853181755423
420,5.21,43,136,189.7,0.2,43,0,0,0,1,1,0,6,3,7,1.8408520157157038
421,5.22,17,50,72.7,0.2,17,0,0,0,1,1,0,2,1,3,2.2065543876639833
422,5.24,30,75,134.4,0.2,30,0,0,0,1,1,0,3,3,1,2.1516273936120682
423,5.25,17,47,77.0,0.2,18,0,0,0,1,1,0,3,2,3,1.8350794581125924
424,5.26,19,54,79.5,0.2,19,0,0,0,1,1,0,5,1,1,2.069789326770379
425,5.28,31,89,141.9,0.2,32,0,0,0,1,1,0,4,1,2,2.1181722048423666
426,5.29,15,48,63.2,0.2,15,0,0,0,1,1,0,2,1,0,1.8362602939890025
427,5.3,2,8,3.2,0.2,2,0,0,0,1,1,0,1,1,0,2.875328887176579
428,5.3,2,8,1.1,0.2,2,0,0,0,1,1,0,3,1,1,4.342955764129959
429,5.31,26,67,112.2,0.2,26,0,0,0,1,1,0,6,2,1,1.8895368558070602
430,5.32,5,13,16.7,0.2,5,0,0,0,1,1,0,2,1,0,2.1692883991172422
431,5.32,12,27,50.3,0.2,12,0,0,0,1,1,0,2,1,0,2.4451251333567843
432,5.34,15,57,59.2,0.2,15,0,0,0,1,1,0,5,2,1,1.8674114503080688
433,5.36,39,106,172.6,0.2,39,0,0,0,1,1,0,6,3,8,1.9372040101654153
434,5.36,3,9,9.1,0.2,3,0,0,0,1,1,0,0,1,0,2.8805103068660682
435,5.37,5,18,15.1,0.2,5,0,0,0,1,1,0,3,2,1,1.9865802839261637
436,5.37,1,16,-1.8,0.2,1,0,0,0,1,1,0,0,1,2,3.2891100221195115
437,5.38,11,29,47.0,0.2,11,0,0,0,1,1,0,0,2,1,2.2373369164160093
438,5.4,23,66,100.2,0.2,23,0,0,0,1,1,0,3,3,2,1.6971220297412861
439,5.42,48,118,217.9,0.2,48,0,0,0,1,1,0,5,2,3,2.0729157402816765
440,5.44,35,88,154.0,0.2,35,0,0,0,1,1,0,7,3,2,2.1493196639739964
441,5.45,23,51,102.6,0.2,23,0,0,0,1,1,0,2,2,3,2.19255040377448
442,5.47,27,69,121.0,0.2,27,0,0,0,1,1,0,2,3,1,1.705398446869068
443,5.48,15,39,60.9,0.2,15,0,0,0,1,1,0,5,1,2,2.5496631131272713
444,5.48,0,6,-8.6,0.2,0,0,0,0,1,1,0,3,1,0,4.679656203737019
445,5.49,28,75,121.1,0.2,28,0,0,0,1,1,0,6,2,4,2.069205761171035
446,5.53,49,178,208.2,0.2,49,0,0,0,1,1,0,13,5,10,2.174171212963833
447,5.55,32,108,132.6,0.2,32,0,0,0,1,1,0,11,4,6,1.8941883226858356
448,5.55,7,22,30.6,0.2,8,0,0,0,1,1,0,2,2,2,3.2266838808147598
449,5.56,2,11,0.9,0.2,2,0,0,0,1,1,0,3,1,0,4.9685008954401875
450,5.57,17,54,70.2,0.2,17,0,0,0,1,1,0,4,4,4,2.440903306334661
451,5.59,22,67,93.9,0.2,22,0,0,0,1,1,0,4,3,4,2.2464874645348964
452,5.59,1,9,-3.9,0.2,1,0,0,0,1,1,0,3,1,0,3.450597941411682
453,5.62,45,152,193.4,0.2,45,0,0,0,1,1,0,11,4,4,1.9427027610834156
454,5.64,42,114,186.3,0.2,42,0,0,0,1,1,0,7,3,3,1.913724188877925
455,5.65,18,40,80.9,0.2,18,0,0,0,1,1,0,0,1,1,2.3952181211911796
456,5.65,2,8,3.2,0.2,2,0,0,0,1,1,0,1,1,0,6.028924535240101
457,5.67,12,49,45.9,0.2,12,0,0,0,1,1,0,4,1,2,2.4104813697395544
458,5.69,42,130,181.7,0.2,42,0,0,0,1,1,0,10,5,3,2.0899502549224156
459,5.7,20,45,88.4,0.2,20,0,0,0,1,1,0,2,2,1,2.3696298834174265
460,5.7,0,5,-8.5,0.2,0,0,0,0,1,1,0,3,1,0,7.458905618753201
461,5.72,29,90,123.7,0.2,29,0,0,0,1,1,0,7,2,3,2.2457653296494984
462,5.73,14,39,57.0,0.2,14,0,0,0,1,1,0,4,1,1,1.8268929604442217
463,5.74,10,28,42.0,0.2,10,0,0,0,1,1,0,0,1,2,2.0227717790362285
464,5.75,12,29,57.0,0.2,13,0,0,0,1,1,0,0,1,1,1.8542638126734152
465,5.75,5,20,15.0,0.2,5,0,0,0,1,1,0,3,1,0,3.2765071659453255
466,5.75,1,6,3.3,0.2,2,0,0,0,1,1,0,1,1,1,5.475516954436973
467,5.76,11,24,47.5,0.2,11,0,0,0,1,1,0,0,1,1,2.623139531286609
468,5.77,15,47,61.1,0.2,15,0,0,0,1,1,0,4,3,2,2.1323475893945716
469,5.78,15,30,63.7,0.2,15,0,0,0,1,1,0,3,1,3,2.636666211039797
470,5.79,13,32,59.7,0.2,14,0,0,0,1,1,0,2,1,1,2.3217764090887276
471,5.79,5,15,14.5,0.2,5,0,0,0,1,1,0,4,1,0,2.124133789736481
472,5.79,4,11,11.9,0.2,4,0,0,0,1,1,0,2,1,0,2.708610960887216
473,5.8,6,11,23.9,0.2,6,0,0,0,1,1,0,0,1,0,3.0888575587009397
474,5.81,22,63,93.3,0.2,22,0,0,0,1,1,0,5,1,4,2.2945648133567933
475,5.82,6,20,22.9,0.2,6,0,0,0,1,1,0,0,1,1,3.5261372360787293
476,5.86,50,212,211.4,0.2,50,0,0,0,1,1,0,11,3,14,1.8904280155294748
477,5.87,10,22,46.7,0.2,11,0,0,0,1,1,0,1,1,1,2.0662251760414363
478,5.89,42,124,186.3,0.2,42,0,0,0,1,1,0,6,2,3,2.1757650386105194
479,5.92,44,141,191.3,0.2,44,0,0,0,1,1,0,9,4,6,1.8880194053635553
480,5.93,3,12,4.8,0.2,3,0,0,0,1,1,0,4,1,0,2.589056855427026
481,5.93,14,42,59.7,0.2,14,0,0,0,1,1,0,1,2,1,2.4282822503127606
482,5.94,11,29,43.0,0.2,11,0,0,0,1,1,0,4,1,1,1.8945371578109487
483,5.98,50,176,226.7,0.2,50,0,0,0,0,0,1,5,6,6,1.9531454221621565
484,6.0,41,105,182.1,0.2,41,0,0,0,1,1,0,7,4,4,2.1431356600590443
485,6.02,37,114,163.2,0.2,37,0,0,0,1,1,0,5,3,4,2.163582177213271
486,6.03,7,19,27.0,0.2,7,0,0,0,1,1,0,1,1,1,2.5782120286281933
487,6.04,10,28,38.2,0.2,10,0,0,0,1,1,0,4,2,0,2.0222033475583654
488,6.05,21,55,93.5,0.2,22,0,0,0,1,1,0,6,1,0,2.2959432788844865
489,6.05,3,14,12.5,0.2,4,0,0,0,1,1,0,1,1,1,2.7867811368195983
490,6.09,36,194,144.2,0.2,36,0,0,0,1,1,0,11,2,4,1.4246497508537916
491,6.11,42,110,189.4,0.2,42,0,0,0,1,1,0,4,1,6,1.9785965653103523
492,6.13,20,56,85.1,0.2,20,0,0,0,1,1,0,4,2,3,1.981630608581288
493,6.13,8,18,32.1,0.2,8,0,0,0,1,1,0,1,1,1,2.2614155039182435
494,6.15,29,84,130.5,0.2,29,0,0,0,1,1,0,1,2,1,2.382416939849667
495,6.16,10,32,37.7,0.2,10,0,0,0,1,1,0,4,3,1,1.5710771625339426
496,6.17,18,46,76.1,0.2,18,0,0,0,1,1,0,4,2,3,1.940818519101995
497,6.2,49,148,234.5,0.2,51,0,0,0,0,0,1,5,1,6,2.2314098257298984
498,6.23,47,139,207.7,0.2,47,0,0,0,1,1,0,8,2,4,1.821618862165472
499,6.23,3,9,8.0,0.2,3,0,0,0,1,1,0,1,1,1,3.4461250058196913
500,6.25,20,69,82.6,0.2,20,0,0,0,1,1,0,5,3,5,1.9760898870523094
501,6.26,20,65,85.2,0.2,20,0,0,0,1,1,0,3,3,3,1.5772616220585354
502,6.28,30,73,131.7,0.2,30,0,0,0,1,1,0,6,2,0,1.931280841785845
503,6.29,21,61,87.9,0.2,21,0,0,0,1,1,0,6,2,0,2.036173135621486
504,6.31,29,98,124.6,0.2,29,0,0,0,1,1,0,5,1,6,1.521042894422998
505,6.33,8,82,19.3,0.2,8,0,0,0,1,1,0,7,1,5,1.5101404517404566
506,6.35,42,104,192.3,0.2,42,0,0,0,1,1,0,2,1,3,1.8362356076715767
507,6.35,4,17,11.3,0.2,4,0,0,0,1,1,0,2,1,0,2.6767955300417907
508,6.37,30,79,129.6,0.2,30,0,0,0,1,1,0,7,1,5,1.9795176530835406
509,6.41,50,184,220.9,0.2,50,0,0,0,0,0,1,10,7,6,2.0635574633904974
510,6.43,39,92,182.6,0.2,40,0,0,0,1,1,0,3,2,2,1.9672323995204208
511,6.44,14,34,66.5,0.2,15,0,0,0,1,1,0,0,1,1,2.0494474574121933
512,6.45,13,45,49.3,0.2,13,0,0,0,1,1,0,6,3,2,2.0962049202619766
513,6.45,10,25,47.5,0.2,11,0,0,0,1,1,0,0,2,0,2.005923011011399
514,6.47,36,94,160.4,0.2,36,0,0,0,1,1,0,5,2,2,1.864020617714324
515,6.49,18,53,76.5,0.2,18,0,0,0,1,1,0,3,2,2,2.257046524868903
516,6.49,15,30,63.8,0.2,15,0,0,0,1,1,0,3,2,2,2.4472587809804556
517,6.5,14,36,58.4,0.2,14,0,0,0,1,1,0,3,2,0,1.9342764617008084
518,6.52,25,77,108.2,0.2,25,0,0,0,1,1,0,4,3,1,2.0037485451065047
519,6.53,27,70,117.8,0.2,27,0,0,0,1,1,0,5,1,2,1.872328308837161
520,6.56,36,101,157.8,0.2,36,0,0,0,1,1,0,6,3,11,1.8704844310786108
521,6.59,39,132,170.4,0.2,39,0,0,0,1,1,0,6,6,4,1.7029299572418248
522,6.6,16,48,65.0,0.2,16,0,0,0,1,1,0,5,1,2,2.44214495804727
523,6.62,30,93,131.2,0.2,30,0,0,0,1,1,0,4,3,5,2.086984065514788
524,6.65,49,145,215.1,0.2,49,0,0,0,1,1,0,10,3,4,1.8728865865994702
525,6.65,4,18,12.2,0.2,4,0,0,0,1,1,0,1,1,0,2.3197078760026764
526,6.66,16,40,70.0,0.2,16,0,0,0,1,1,0,1,3,0,2.2033564532928493
527,6.69,37,121,158.3,0.2,37,0,0,0,1,1,0,9,5,6,1.9352179175108224
528,6.69,4,11,10.9,0.2,4,0,0,0,1,1,0,3,1,0,3.8192995912387557
529,6.71,20,65,85.7,0.2,20,0,0,0,1,1,0,2,2,8,1.4478481582457734
530,6.74,48,171,205.5,0.2,48,0,0,0,1,1,0,12,5,4,2.0445906022734572
531,6.77,48,161,200.4,0.2,48,0,0,0,1,1,0,18,5,5,1.8061782542449751
532,6.78,18,41,77.8,0.2,18,0,0,0,1,1,0,3,1,1,2.225184524142907
533,6.79,10,33,38.6,0.2,10,0,0,0,1,1,0,3,1,1,2.69089198675293
534,6.8,19,61,78.7,0.2,19,0,0,0,1,1,0,5,2,2,2.1447235286443163
535,6.83,38,106,169.1,0.2,38,0,0,0,1,1,0,5,2,3,1.5076792316099958
536,6.85,35,100,154.1,0.2,35,0,0,0,1,1,0,5,3,9,1.6718554163099646
537,6.88,47,131,211.3,0.2,47,0,0,0,1,1,0,5,4,6,1.8398561423597573
538,6.89,13,37,56.2,0.2,14,0,0,0,1,1,0,5,2,1,1.9785834907760034
539,6.91,34,108,148.8,0.2,34,0,0,0,1,1,0,5,1,4,1.7028145668904175
540,6.93,40,105,179.0,0.2,40,0,0,0,1,1,0,5,1,5,2.1049074390188864
541,6.94,8,22,27.8,0.2,8,0,0,0,1,1,0,5,1,0,1.8679980490833898
542,6.95,14,32,63.7,0.2,15,0,0,0,1,1,0,3,1,1,2.0759935960107
543,6.95,6,21,21.8,0.2,6,0,0,0,1,1,0,1,1,1,2.677944468925338
544,6.97,25,68,106.9,0.2,25,0,0,0,1,1,0,6,2,3,1.566089915339261
545,6.98,11,38,41.2,0.2,11,0,0,0,1,1,0,5,2,0,1.9876658981615531
546,7.0,36,106,160.0,0.2,36,0,0,0,1,1,0,4,4,4,1.9459742905140898
547,7.01,16,41,67.9,0.2,16,0,0,0,1,1,0,3,1,0,2.4999526731638184
548,7.02,12,30,51.0,0.2,12,0,0,0,1,1,0,1,1,0,2.7388984311694884
549,7.03,20,37,90.1,0.2,20,0,0,0,1,1,0,1,1,2,2.2411307152190854
550,7.04,20,47,87.2,0.2,20,0,0,0,1,1,0,3,1,1,2.13355301490728
551,7.06,42,128,184.7,0.2,42,0,0,0,1,1,0,7,5,5,1.9834949248010139
552,7.09,38,105,169.5,0.2,38,0,0,0,1,1,0,5,2,0,2.004834887654208
553,7.1,23,62,101.8,0.2,24,0,0,0,1,1,0,7,2,0,1.9434925219647055
554,7.12,40,104,175.8,0.2,40,0,0,0,1,1,0,8,3,8,1.7953208387632849
555,7.16,37,163,152.1,0.2,37,0,0,0,1,1,0,11,4,6,1.8254596450786313
556,7.18,23,97,91.8,0.2,23,0,0,0,1,1,0,8,2,5,1.6109643325756604
557,7.2,49,131,223.5,0.2,49,0,0,0,1,1,0,3,3,4,1.9176937760426334
558,7.22,21,60,91.7,0.2,21,0,0,0,1,1,0,2,1,3,2.2712745450020155
559,7.23,2,28,-1.0,0.2,2,0,0,0,1,1,0,3,1,2,3.114264282423302
560,7.25,30,115,127.1,0.2,30,0,0,0,1,1,0,6,2,4,1.9793049873030943
561,7.26,15,48,60.9,0.2,15,0,0,0,1,1,0,4,1,3,1.684841774147986
562,7.28,39,99,172.8,0.2,39,0,0,0,1,1,0,7,3,3,1.5743550220637639
563,7.3,30,79,133.0,0.2,30,0,0,0,1,1,0,4,3,1,2.1997741069749117
564,7.31,19,56,82.4,0.2,19,0,0,0,1,1,0,2,2,0,2.186754045479616
565,7.33,23,72,95.2,0.2,23,0,0,0,1,1,0,7,2,6,2.109900764486358
566,7.34,11,30,45.0,0.2,11,0,0,0,1,1,0,2,2,0,2.7821875096850475
567,7.34,8,18,30.1,0.2,8,0,0,0,1,1,0,3,1,1,2.4227267325126727
568,7.37,32,108,136.2,0.2,32,0,0,0,1,1,0,7,4,10,1.963464181622706
569,7.39,37,101,163.7,0.2,37,0,0,0,1,1,0,6,2,2,2.096834313437545
570,7.41,42,126,185.1,0.2,42,0,0,0,1,1,0,7,5,3,2.0297735298108877
571,7.43,24,66,107.1,0.2,24,0,0,0,1,1,0,1,3,3,1.956949497950931
572,7.45,25,84,105.5,0.2,25,0,0,0,1,1,0,6,2,1,1.7542410905514305
573,7.46,6,19,20.1,0.2,6,0,0,0,1,1,0,3,1,0,2.8272230432275833
574,7.47,17,46,72.3,0.2,17,0,0,0,1,1,0,3,1,1,2.0610735725313374
575,7.48,28,69,129.9,0.2,29,0,0,0,1,1,0,3,3,2,2.098046865855393
576,7.48,1,7,-0.9,0.2,1,0,0,0,1,1,0,0,1,2,5.618817199516683
577,7.5,35,97,157.2,0.2,35,0,0,0,1,1,0,3,1,1,1.593103129232236
578,7.52,32,84,144.9,0.2,32,0,0,0,1,1,0,1,2,7,1.9904900127960292
579,7.53,6,25,18.5,0.2,6,0,0,0,1,1,0,4,1,0,2.533581664294152
580,7.56,49,166,216.7,0.2,49,0,0,0,1,1,0,6,2,7,1.9192035824388312
581,7.57,16,43,69.5,0.2,16,0,0,0,1,1,0,1,2,2,1.6926429901810445
582,7.58,19,50,78.0,0.2,19,0,0,0,1,1,0,7,2,0,2.0394636914525983
583,7.59,14,30,61.9,0.2,14,0,0,0,1,1,0,0,1,1,2.3725959590415564
584,7.6,21,61,91.6,0.2,21,0,0,0,1,1,0,2,2,3,2.5110866484237864
585,7.65,49,216,203.9,0.2,49,0,0,0,1,1,0,14,4,5,1.762905560346232
586,7.68,49,150,232.4,0.2,51,0,0,0,0,0,1,7,1,5,1.7614105764939891
587,7.69,28,61,127.7,0.2,28,0,0,0,1,1,0,1,1,2,1.9813272584821655
588,7.72,38,104,165.2,0.2,38,0,0,0,1,1,0,9,3,4,2.104624902147033
589,7.72,8,21,32.8,0.2,8,0,0,0,1,1,0,0,2,1,2.6039490549996143
590,7.74,17,49,68.3,0.2,17,0,0,0,1,1,0,6,2,8,1.5214836356247055
591,7.75,26,58,114.8,0.2,26,0,0,0,1,1,0,4,1,4,1.8849641432246613
592,7.76,20,57,88.1,0.2,20,0,0,0,1,1,0,1,2,2,2.1624487095633262
593,7.79,47,133,212.3,0.2,47,0,0,0,1,1,0,4,5,4,2.039324638673439
594,7.8,18,44,78.5,0.2,18,0,0,0,1,1,0,2,1,1,2.490942864382632
595,7.81,23,67,96.0,0.2,23,0,0,0,1,1,0,7,2,3,2.06603632739255
596,7.82,11,28,46.2,0.2,11,0,0,0,1,1,0,1,1,0,2.220780689227982
597,7.85,49,160,229.5,0.2,51,0,0,0,0,0,1,9,3,4,2.082101642184533
598,7.86,19,49,81.0,0.2,19,0,0,0,1,1,0,4,3,1,2.3157217975732536
599,7.88,35,88,153.9,0.2,35,0,0,0,1,1,0,7,2,3,1.7764465740775492
600,7.89,2,8,3.2,0.2,2,0,0,0,1,1,0,1,1,0,4.571993621743749
601,7.92,37,146,153.2,0.2,37,0,0,0,1,1,0,10,2,22,1.32917712723407
602,7.93,15,50,59.6,0.2,15,0,0,0,1,1,0,5,1,4,2.2215249307843514
603,7.94,15,35,62.5,0.2,15,0,0,0,1,1,0,4,1,0,2.3553556694858413
604,7.96,43,123,192.4,0.2,43,0,0,0,1,1,0,5,3,3,1.595546061683746
605,7.98,22,69,95.8,0.2,22,0,0,0,1,1,0,2,4,3,1.7602235951599412
606,8.0,34,124,146.2,0.2,34,0,0,0,1,1,0,6,5,4,1.8211906498612702
607,8.01,5,13,16.7,0.2,5,0,0,0,1,1,0,2,1,0,3.3173043450252466
608,8.01,5,17,16.3,0.2,5,0,0,0,1,1,0,2,1,0,2.167880813165521
609,8.02,16,37,68.3,0.2,16,0,0,0,1,1,0,3,2,0,1.952580091927847
610,8.05,49,149,231.8,0.2,51,0,0,0,0,0,1,8,4,2,1.832584625194854
611,8.05,2,11,0.9,0.2,2,0,0,0,1,1,0,3,1,0,3.7776820536601003
612,8.07,35,93,155.5,0.2,35,0,0,0,1,1,0,5,3,2,1.757010932125168
613,8.1,42,142,177.2,0.2,42,0,0,0,1,1,0,13,5,6,2.0070543733608
614,8.11,6,14,28.6,0.2,7,0,0,0,1,1,0,0,1,0,2.465401264701511
615,8.11,7,18,25.2,0.2,7,0,0,0,1,1,0,3,1,0,3.670531416645894
616,8.14,42,124,186.4,0.2,42,0,0,0,1,1,0,6,4,2,1.6959768683304604
617,8.16,42,109,187.9,0.2,42,0,0,0,1,1,0,6,3,2,1.6963543133476104
618,8.19,50,137,226.9,0.2,50,0,0,0,1,1,0,4,2,4,2.0589259207532495
619,8.22,49,183,205.4,0.2,49,0,0,0,1,1,0,15,4,13,1.4996432138716307
620,8.26,45,139,198.7,0.2,45,0,0,0,1,1,0,7,3,4,2.114767167416277
621,8.26,2,7,3.3,0.2,2,0,0,0,1,1,0,1,1,0,4.879459809628604
622,8.26,7,27,23.2,0.2,7,0,0,0,1,1,0,4,3,1,3.0347579015647415
623,8.27,19,34,79.5,0.2,19,0,0,0,1,1,0,7,1,1,2.3836979065174986
624,8.28,16,38,66.2,0.2,16,0,0,0,1,1,0,5,2,0,2.293744973242622
625,8.28,5,16,14.4,0.2,5,0,0,0,1,1,0,4,1,0,2.684143432543659
626,8.29,16,39,68.9,0.2,16,0,0,0,1,1,0,2,1,2,2.4677117270109905
627,8.32,50,144,224.4,0.2,50,0,0,0,1,1,0,6,4,2,2.047601979752523
628,8.35,35,112,152.5,0.2,35,0,0,0,1,1,0,6,2,3,2.1137847758585773
629,8.37,46,135,207.0,0.2,46,0,0,0,1,1,0,4,4,5,1.7722627927487196
630,8.41,49,194,229.0,0.2,51,0,0,0,0,0,1,6,2,5,1.755190773554867
631,8.44,45,118,204.9,0.2,45,0,0,0,1,1,0,3,2,3,1.7943989228705883
632,8.46,36,106,156.8,0.2,36,0,0,0,1,1,0,7,3,6,1.459522777459433
633,8.5,49,192,224.9,0.2,51,0,0,0,0,0,1,10,1,8,1.6622101900738522
634,8.51,21,59,89.8,0.2,21,0,0,0,1,1,0,4,1,3,1.8790961387147262
635,8.53,37,89,168.9,0.2,37,0,0,0,1,1,0,2,5,2,2.0746620096431965
636,8.55,25,73,109.3,0.2,25,0,0,0,1,1,0,3,1,4,2.530786761492761
637,8.57,30,84,130.5,0.2,30,0,0,0,1,1,0,6,3,1,2.058513299456656
638,8.58,18,45,78.2,0.2,18,0,0,0,1,1,0,2,2,3,2.612721961147619
639,8.58,3,11,5.9,0.2,3,0,0,0,1,1,0,3,1,0,3.5686158054364743
640,8.6,32,81,142.8,0.2,32,0,0,0,1,1,0,4,1,1,1.8511234534335796
641,8.61,22,51,99.7,0.2,22,0,0,0,1,1,0,0,1,2,1.7554416257579346
642,8.61,3,14,3.4,0.2,3,0,0,0,1,1,0,5,1,2,3.9117219733389144
643,8.62,5,17,13.3,0.2,5,0,0,0,1,1,0,5,1,0,3.219591898394077
644,8.63,17,45,72.5,0.2,17,0,0,0,1,1,0,3,2,0,1.8643825524425597
645,8.66,35,165,145.2,0.2,35,0,0,0,1,1,0,8,3,3,1.315191633418938
646,8.7,49,167,231.8,0.2,51,0,0,0,0,0,1,6,4,4,1.9148574783798682
647,8.7,0,5,-6.6,0.2,0,0,0,0,1,1,0,1,1,1,6.255458684682923
648,8.73,49,168,231.4,0.2,51,0,0,0,0,0,1,6,4,7,1.8414358671071673
649,8.75,24,73,102.6,0.2,24,0,0,0,1,1,0,5,3,1,2.0470071153716547
650,8.76,14,24,61.6,0.2,14,0,0,0,1,1,0,1,1,0,2.401560480512575
651,8.79,48,147,209.8,0.2,48,0,0,0,1,1,0,10,6,5,1.9165488421378776
652,8.8,29,63,136.5,0.2,30,0,0,0,1,1,0,2,1,2,1.834793721823825
653,8.83,42,145,180.9,0.2,42,0,0,0,1,1,0,9,4,6,1.7747268094651583
654,8.83,3,9,8.1,0.2,3,0,0,0,1,1,0,1,1,0,3.6404768953606115
655,8.84,12,40,48.8,0.2,12,0,0,0,1,1,0,2,2,2,2.3359258248554484
656,8.88,49,185,213.1,0.2,49,0,0,0,1,1,0,8,2,4,1.7047265599177013
657,8.9,32,103,137.0,0.2,32,0,0,0,1,1,0,7,3,7,1.7885528490276759
658,8.91,8,31,35.8,0.2,9,0,0,0,1,1,0,1,2,1,2.3213229632547825
659,8.92,6,22,19.5,0.2,6,0,0,0,1,1,0,3,1,3,2.256158644205068
660,8.93,14,38,57.1,0.2,14,0,0,0,1,1,0,4,1,1,2.265345742320391
661,8.97,49,169,228.5,0.2,51,0,0,0,0,0,1,9,2,5,1.7580528695928699
662,8.99,27,100,107.3,0.2,27,0,0,0,1,1,0,12,2,7,1.7954045967984995
663,8.99,9,24,41.6,0.2,10,0,0,0,1,1,0,1,1,0,2.2946563564597504
664,9.0,10,26,41.4,0.2,10,0,0,0,1,1,0,1,1,0,1.8860669984632101
665,9.01,6,21,20.9,0.2,6,0,0,0,1,1,0,2,1,0,2.408564774771056
666,9.04,48,155,216.2,0.2,48,0,0,0,1,1,0,2,4,13,1.6405042499522786
667,9.04,6,17,23.1,0.2,6,0,0,0,1,1,0,0,1,2,1.516749881760004
668,9.06,38,98,169.9,0.2,38,0,0,0,1,1,0,5,1,3,2.0120461575671524
669,9.07,6,19,22.1,0.2,6,0,0,0,1,1,0,1,1,0,2.4977869366386245
670,9.08,13,75,45.1,0.2,13,0,0,0,1,1,0,7,1,4,1.3576623477217302
671,9.1,33,78,150.2,0.2,33,0,0,0,1,1,0,2,2,0,2.395892510979548
672,9.12,26,72,113.6,0.2,26,0,0,0,1,1,0,4,1,2,2.0947184235031426
673,9.12,1,7,3.3,0.2,2,0,0,0,1,1,0,1,1,0,3.580510943102021
674,9.13,10,25,39.5,0.2,10,0,0,0,1,1,0,3,2,0,3.098765696839905
675,9.14,37,91,164.7,0.2,37,0,0,0,1,1,0,6,3,2,1.8894808077461882
676,9.17,50,149,226.4,0.2,50,0,0,0,1,1,0,3,2,7,1.679015459527287
677,9.21,47,187,202.9,0.2,47,0,0,0,1,1,0,8,1,4,1.2378129137983156
678,9.22,17,41,69.8,0.2,17,0,0,0,1,1,0,6,2,1,2.3814488353397407
679,9.24,33,81,150.3,0.2,33,0,0,0,1,1,0,1,2,6,1.7784041568052644
680,9.25,19,49,82.0,0.2,19,0,0,0,1,1,0,3,1,1,2.0055329191408555
681,9.27,32,80,143.8,0.2,32,0,0,0,1,1,0,3,1,2,1.8106153272534207
682,9.29,41,109,181.1,0.2,41,0,0,0,1,1,0,8,2,0,1.7629297869857692
683,9.32,43,125,194.0,0.2,43,0,0,0,1,1,0,3,3,5,1.9642069817005112
684,9.34,42,112,192.6,0.2,42,0,0,0,1,1,0,1,2,2,2.1514330272549347
685,9.36,35,94,154.1,0.2,35,0,0,0,1,1,0,6,4,5,1.7391059157926734
686,9.39,43,125,195.3,0.2,43,0,0,0,1,1,0,2,4,2,2.0169033054001275
687,9.41,39,114,170.4,0.2,39,0,0,0,1,1,0,8,2,2,1.578854091044399
688,9.42,12,30,50.8,0.2,12,0,0,0,1,1,0,1,3,2,2.1809182680567316
689,9.43,4,12,12.8,0.2,4,0,0,0,1,1,0,1,1,0,2.9566611922427124
690,9.46,49,193,230.9,0.2,51,0,0,0,0,0,1,4,4,7,1.8335184756371743
691,9.48,29,67,128.0,0.2,29,0,0,0,1,1,0,5,1,3,2.036301927592237
692,9.52,45,165,194.8,0.2,45,0,0,0,1,1,0,8,3,7,1.8758585938502956
693,9.52,6,19,22.1,0.2,6,0,0,0,1,1,0,1,2,0,2.3366072350910203
694,9.54,28,71,125.9,0.2,28,0,0,0,1,1,0,2,1,0,2.1002751002733464
695,9.54,10,24,42.6,0.2,10,0,0,0,1,1,0,0,2,0,2.0584664026073205
696,9.57,24,101,96.7,0.2,24,0,0,0,1,1,0,8,1,2,1.640282444335898
697,9.59,39,103,176.4,0.2,39,0,0,0,1,1,0,3,2,3,1.9674817371480287
698,9.62,34,103,151.6,0.2,34,0,0,0,1,1,0,2,3,11,2.466263091696849
699,9.64,28,86,121.1,0.2,28,0,0,0,1,1,0,5,2,3,1.5610828872832214
700,9.65,13,35,53.3,0.2,13,0,0,0,1,1,0,3,1,2,2.4880589082976985
701,9.67,29,90,121.0,0.2,29,0,0,0,1,1,0,10,3,0,1.7584746967603053
702,9.68,18,48,76.9,0.2,18,0,0,0,1,1,0,3,2,3,2.1081415791179543
703,9.7,38,95,169.4,0.2,38,0,0,0,1,1,0,6,2,1,1.6548458400582287
704,9.73,49,138,237.4,0.2,51,0,0,0,0,0,1,3,3,7,1.8192806406143054
705,9.76,49,151,232.2,0.2,51,0,0,0,0,0,1,7,3,6,2.1446889849904776
706,9.8,46,170,195.5,0.2,46,0,0,0,1,1,0,12,3,5,1.6266476310577322
707,9.8,1,6,-3.6,0.2,1,0,0,0,1,1,0,3,1,0,4.3356170998037395
708,9.81,29,74,131.6,0.2,29,0,0,0,1,1,0,1,1,0,1.68928860188958
709,9.82,7,27,25.3,0.2,7,0,0,0,1,1,0,2,1,0,2.0279294901845226
710,9.85,42,115,188.9,0.2,42,0,0,0,1,1,0,4,5,6,2.120615096616092
711,9.87,34,94,154.2,0.2,34,0,0,0,1,1,0,1,3,4,2.0513012775847748
712,9.89,36,86,155.3,0.2,36,0,0,0,1,1,0,11,3,1,1.7798784206730993
713,9.9,27,76,115.1,0.2,27,0,0,0,1,1,0,7,3,3,1.9988449483506618
714,9.91,12,35,51.3,0.2,12,0,0,0,1,1,0,0,1,2,2.0041090205170615
715,9.96,49,257,217.8,0.2,51,0,0,0,0,0,1,10,6,14,1.6797957961567331
716,9.99,49,163,232.1,0.2,51,0,0,0,0,0,1,6,1,5,1.726180249403461
717,10.0,6,26,24.3,0.2,7,0,0,0,1,1,0,3,1,1,2.1989450849520753
718,10.0,4,5,14.5,0.2,4,0,0,0,1,1,0,0,1,0,6.2670921990840425
719,10.01,17,43,72.6,0.2,17,0,0,0,1,1,0,3,2,1,1.6731552007429489
720,10.03,22,60,94.0,0.2,22,0,0,0,1,1,0,5,4,0,2.1047692570503127
721,10.03,6,13,21.7,0.2,6,0,0,0,1,1,0,2,1,0,3.6478470045589253
722,10.05,30,101,125.5,0.2,30,0,0,0,1,1,0,9,2,4,1.543663756707571
723,10.08,43,159,184.5,0.2,43,0,0,0,1,1,0,9,1,6,1.6104887047445433
724,10.1,34,86,146.9,0.2,34,0,0,0,1,1,0,9,2,5,1.6328767839292502
725,10.12,22,64,99.4,0.2,23,0,0,0,1,1,0,4,1,2,1.8384994739429648
726,10.14,38,94,170.3,0.2,38,0,0,0,1,1,0,5,4,3,1.965865222286211
727,10.17,49,139,220.3,0.2,49,0,0,0,1,1,0,5,4,8,1.7868484166623078
728,10.17,0,5,-0.6,0.2,1,0,0,0,1,1,0,0,1,1,6.524134733558529
729,10.2,49,151,215.5,0.2,49,0,0,0,1,1,0,9,6,4,1.7424282203889692
730,10.22,35,97,162.0,0.2,36,0,0,0,1,1,0,3,2,3,2.063389856602256
731,10.26,44,193,184.7,0.2,44,0,0,0,1,1,0,10,5,10,1.5882523922302043
732,10.3,49,174,233.9,0.2,51,0,0,0,0,0,1,3,4,6,1.7925755074580905
733,10.34,49,216,204.1,0.2,49,0,0,0,1,1,0,14,4,3,1.3958390638525617
734,10.36,23,55,103.2,0.2,23,0,0,0,1,1,0,1,1,3,1.8323139666899795
735,10.39,43,161,183.2,0.2,43,0,0,0,1,1,0,10,3,7,2.0349688315437504
736,10.41,23,62,102.6,0.2,23,0,0,0,1,1,0,1,1,2,2.08273058389324
737,10.43,33,93,147.0,0.2,33,0,0,0,1,1,0,3,3,7,1.8333208784308843
738,10.44,23,74,100.1,0.2,23,0,0,0,1,1,0,2,1,5,1.8321106051603164
739,10.45,6,20,25.9,0.2,7,0,0,0,1,1,0,2,1,1,2.3665381033734265
740,10.46,19,59,82.0,0.2,19,0,0,0,1,1,0,2,2,1,1.962482323127409
741,10.47,11,27,50.1,0.2,12,0,0,0,1,1,0,2,1,2,2.1991300721629994
742,10.47,7,18,26.2,0.2,7,0,0,0,1,1,0,2,1,0,3.190172345154205
743,10.49,34,86,149.2,0.2,34,0,0,0,1,1,0,7,2,2,1.6720433211548424
744,10.5,21,51,93.8,0.2,21,0,0,0,1,1,0,1,1,1,2.1178241072593305
745,10.51,21,48,91.1,0.2,21,0,0,0,1,1,0,4,2,1,1.877283624633187
746,10.53,28,74,122.3,0.2,28,0,0,0,1,1,0,5,1,3,1.8468651290148612
747,10.56,45,126,207.3,0.2,46,0,0,0,1,1,0,5,2,1,1.8901217071892487
748,10.59,41,180,164.1,0.2,41,0,0,0,1,1,0,17,4,9,1.8397038527991407
749,10.61,18,64,76.4,0.2,18,0,0,0,1,1,0,2,3,2,1.961036167138162
750,10.62,21,53,90.5,0.2,21,0,0,0,1,1,0,4,1,2,2.0145706045233465
751,10.63,30,62,135.6,0.2,30,0,0,0,1,1,0,3,1,2,1.676175021494753
752,10.64,20,53,85.4,0.2,20,0,0,0,1,1,0,4,2,3,2.046715359782459
753,10.65,8,16,33.3,0.2,8,0,0,0,1,1,0,0,1,1,2.6217587863356977
754,10.69,47,197,196.3,0.2,47,0,0,0,1,1,0,13,6,10,1.7114186175803339
755,10.71,28,101,117.6,0.2,28,0,0,0,1,1,0,7,1,3,1.8060396015415763
756,10.74,46,128,206.1,0.2,46,0,0,0,1,1,0,6,3,1,1.6573653871262055
757,10.75,30,83,128.3,0.2,30,0,0,0,1,1,0,8,2,4,1.4960928065522117
758,10.79,49,153,230.8,0.2,51,0,0,0,0,0,1,8,2,8,1.9286853649278743
759,10.79,4,16,11.3,0.2,4,0,0,0,1,1,0,2,1,1,2.4214723499898545
760,10.8,20,56,83.1,0.2,20,0,0,0,1,1,0,6,3,3,1.560645258101322
761,10.81,10,30,39.0,0.2,10,0,0,0,1,1,0,3,1,0,2.5998550501191224
762,10.83,31,115,130.9,0.2,31,0,0,0,1,1,0,7,1,6,1.453684340091197
763,10.86,38,114,165.1,0.2,38,0,0,0,1,1,0,8,4,5,1.7002778927178435
764,10.86,2,7,3.3,0.2,2,0,0,0,1,1,0,1,1,0,6.356549134271361
765,10.87,7,21,23.8,0.2,7,0,0,0,1,1,0,4,1,1,2.285618869458309
766,10.88,17,55,69.2,0.2,17,0,0,0,1,1,0,5,2,3,2.3133215207790707
767,10.89,28,74,127.3,0.2,29,0,0,0,1,1,0,5,3,3,2.1129191640107483
768,10.9,10,20,42.0,0.2,10,0,0,0,1,1,0,1,1,0,2.482522306195053
769,10.91,15,45,63.5,0.2,15,0,0,0,1,1,0,2,3,0,2.0842587737793696
770,10.91,3,5,8.5,0.2,3,0,0,0,1,1,0,1,1,0,4.617485318201203
771,10.93,21,71,91.8,0.2,21,0,0,0,1,1,0,1,3,1,1.8463824376943616
772,10.95,44,123,198.0,0.2,44,0,0,0,1,1,0,4,2,7,1.6950515783859208
773,10.95,5,11,17.8,0.2,5,0,0,0,1,1,0,1,1,1,3.190128092178173
774,10.96,11,20,47.9,0.2,11,0,0,0,1,1,0,0,1,1,2.271389853675867
775,10.99,39,121,172.2,0.2,39,0,0,0,1,1,0,5,4,7,1.7990353900395168
776,11.0,23,64,97.2,0.2,23,0,0,0,1,1,0,6,1,4,2.290338984897998
777,11.02,39,104,170.5,0.2,39,0,0,0,1,1,0,9,3,1,1.9941470923981381
778,11.03,6,18,19.1,0.2,6,0,0,0,1,1,0,4,2,1,2.142485148056645
779,11.07,49,155,234.4,0.2,51,0,0,0,0,0,1,4,2,10,1.8085308241980955
780,11.07,8,14,32.6,0.2,8,0,0,0,1,1,0,1,1,0,2.615244951078271
781,11.08,14,23,59.7,0.2,14,0,0,0,1,1,0,3,1,0,2.848172510290457
782,11.09,34,88,151.9,0.2,34,0,0,0,1,1,0,4,1,3,1.799042711592439
783,11.1,2,11,1.7,0.2,2,0,0,0,1,1,0,2,1,2,3.6623819621339107
784,11.11,16,50,65.8,0.2,16,0,0,0,1,1,0,4,1,2,2.4782194421495674
785,11.12,14,36,59.1,0.2,14,0,0,0,1,1,0,2,1,3,2.1546583252258618
786,11.15,49,181,229.7,0.2,51,0,0,0,0,0,1,6,4,11,1.6494435683626327
787,11.17,29,77,125.2,0.2,29,0,0,0,1,1,0,7,3,1,1.7484601823371875
788,11.2,49,149,231.7,0.2,51,0,0,0,0,0,1,8,5,3,1.812568237782353
789,11.21,10,28,38.2,0.2,10,0,0,0,1,1,0,4,1,0,2.4480812134023315
790,11.22,26,71,113.6,0.2,26,0,0,0,1,1,0,4,3,3,1.6690932763210442
791,11.23,13,38,55.1,0.2,13,0,0,0,1,1,0,1,2,1,2.77003678289277
792,11.25,28,73,125.3,0.2,28,0,0,0,1,1,0,2,1,4,1.7451092354102506
793,11.25,11,31,46.5,0.2,11,0,0,0,1,1,0,0,1,4,1.7684395885124733
794,11.26,14,35,58.4,0.2,14,0,0,0,1,1,0,3,2,1,2.2383020107606835
795,11.29,50,150,217.6,0.2,50,0,0,0,1,1,0,12,3,4,1.6106950562702504
796,11.3,12,37,47.2,0.2,12,0,0,0,1,1,0,4,1,1,2.5803732624917743
797,11.33,41,144,178.1,0.2,41,0,0,0,1,1,0,7,1,5,1.3094733600013906
798,11.34,15,49,62.0,0.2,15,0,0,0,1,1,0,3,1,1,2.360786766068436
799,11.36,34,81,149.7,0.2,34,0,0,0,1,1,0,7,1,2,2.150275086661421
800,11.38,38,100,168.7,0.2,38,0,0,0,1,1,0,6,3,3,1.8908838273037452
801,11.39,18,47,84.1,0.2,19,0,0,0,1,1,0,1,1,2,1.6511384121613604
802,11.41,24,68,104.0,0.2,24,0,0,0,1,1,0,4,1,2,1.9372714961735624
803,11.42,21,55,92.3,0.2,21,0,0,0,1,1,0,2,3,2,1.968419980405223
804,11.42,10,22,40.7,0.2,10,0,0,0,1,1,0,2,1,1,2.2070936516429795
805,11.43,17,31,75.7,0.2,17,0,0,0,1,1,0,1,1,2,2.0691762893125074
806,11.44,17,34,75.4,0.2,17,0,0,0,1,1,0,1,1,2,2.274872609262381
807,11.46,41,118,183.7,0.2,41,0,0,0,1,1,0,4,3,5,1.6382091926622397
808,11.49,46,136,201.9,0.2,46,0,0,0,1,1,0,9,2,5,1.8447579921723398
809,11.5,2,11,6.9,0.2,3,0,0,0,1,1,0,2,1,0,3.1790960841835045
810,11.51,20,56,87.3,0.2,20,0,0,0,1,1,0,2,3,1,2.22672314100639
811,11.55,48,198,196.4,0.2,48,0,0,0,1,1,0,18,2,8,1.7102068839394904
812,11.58,49,142,235.1,0.2,51,0,0,0,0,0,1,5,4,6,1.8214932044962966
813,11.62,50,179,218.8,0.2,50,0,0,0,1,1,0,7,4,13,1.7892813427274774
814,11.63,12,38,46.8,0.2,12,0,0,0,1,1,0,4,4,4,2.523569688645645
815,11.66,49,173,226.2,0.2,51,0,0,0,0,0,1,11,3,4,1.8837299644300076
816,11.67,4,13,11.5,0.2,4,0,0,0,1,1,0,2,1,2,3.92722958005065
817,11.69,38,112,169.5,0.2,38,0,0,0,1,1,0,4,2,3,1.6283494836467292
818,11.71,42,103,196.7,0.2,43,0,0,0,1,1,0,3,1,0,1.6995590560194564
819,11.73,26,66,118.2,0.2,26,0,0,0,1,1,0,0,2,2,1.6888326213974827
820,11.73,8,19,32.1,0.2,8,0,0,0,1,1,0,1,2,0,2.4426036415677905
821,11.77,49,169,216.2,0.2,49,0,0,0,1,1,0,6,3,9,1.6544129625446768
822,11.78,19,50,82.0,0.2,19,0,0,0,1,1,0,3,1,0,1.4323217757343505
823,11.8,44,125,196.2,0.2,44,0,0,0,1,1,0,6,2,3,1.62609289213521
824,11.81,11,25,44.5,0.2,11,0,0,0,1,1,0,3,1,0,2.4354897987630957
825,11.82,10,28,46.2,0.2,11,0,0,0,1,1,0,1,1,0,2.0166509493144837
826,11.83,19,37,84.3,0.2,19,0,0,0,1,1,0,2,1,0,2.2853630561598894
827,11.83,0,7,-8.8,0.2,0,0,0,0,1,1,0,3,1,1,2.162381151478194
828,11.84,20,49,92.1,0.2,21,0,0,0,1,1,0,3,2,0,1.6675188989678897
829,11.84,8,27,35.2,0.2,9,0,0,0,1,1,0,2,1,1,2.1004909457990437
830,11.87,40,104,177.9,0.2,40,0,0,0,1,1,0,6,2,7,1.8194825993510073
831,11.89,42,117,188.8,0.2,42,0,0,0,1,1,0,4,4,5,1.9448524314421556
832,11.9,5,20,22.9,0.2,6,0,0,0,1,1,0,0,2,1,3.286432476090204
833,11.92,36,80,164.9,0.2,36,0,0,0,1,1,0,2,5,1,1.7596870947528012
834,11.92,8,14,32.6,0.2,8,0,0,0,1,1,0,1,1,0,3.5780344821540884
835,11.94,25,71,110.8,0.2,25,0,0,0,1,1,0,2,4,1,1.9568874197054353
836,11.94,11,23,46.6,0.2,11,0,0,0,1,1,0,1,1,1,3.1134384208581865
837,11.96,27,60,121.9,0.2,27,0,0,0,1,1,0,2,2,1,1.9777965648300613
838,11.98,44,117,198.1,0.2,44,0,0,0,1,1,0,5,4,2,1.5551806737071363
839,11.99,15,41,63.9,0.2,15,0,0,0,1,1,0,2,1,0,1.9834451067507581
840,12.01,16,52,66.5,0.2,16,0,0,0,1,1,0,3,1,3,2.02696223528296
841,12.04,49,151,231.5,0.2,51,0,0,0,0,0,1,8,4,3,1.9451820110890392
842,12.05,21,48,94.1,0.2,21,0,0,0,1,1,0,1,2,1,2.25433052150804
843,12.06,15,36,65.4,0.2,15,0,0,0,1,1,0,1,1,0,1.6108870534998652
844,12.09,49,164,212.0,0.2,49,0,0,0,1,1,0,11,4,6,1.97168170501172
845,12.12,49,156,214.0,0.2,49,0,0,0,1,1,0,10,2,4,1.7931660631173951
846,12.15,39,116,172.2,0.2,39,0,0,0,1,1,0,6,4,2,1.6797668138777497
847,12.17,47,136,213.1,0.2,48,0,0,0,1,1,0,8,6,3,1.8583025673845492
848,12.18,2,10,3.0,0.2,2,0,0,0,1,1,0,1,1,0,2.942305528156555
849,12.18,11,35,42.4,0.2,11,0,0,0,1,1,0,4,2,1,1.9682909721937156
850,12.19,15,44,62.4,0.2,15,0,0,0,1,1,0,3,2,2,1.9220858272221841
851,12.2,2,5,4.5,0.2,2,0,0,0,1,1,0,0,1,0,4.822061348309218
852,12.21,20,55,82.3,0.2,20,0,0,0,1,1,0,7,3,2,1.6288765497941928
853,12.22,5,48,9.7,0.2,5,0,0,0,1,1,0,5,2,5,1.3164187888833394
854,12.24,30,78,137.1,0.2,30,0,0,0,1,1,0,0,3,1,1.9806198192916413
855,12.26,36,119,157.4,0.2,36,0,0,0,1,1,0,5,2,7,1.6741061108093713
856,12.28,29,82,128.5,0.2,29,0,0,0,1,1,0,3,2,3,1.643121500146424
857,12.3,29,87,127.8,0.2,29,0,0,0,1,1,0,3,1,5,1.7756315418128303
858,12.32,35,86,158.3,0.2,35,0,0,0,1,1,0,3,1,1,1.9104610879329116
859,12.35,35,123,155.5,0.2,36,0,0,0,1,1,0,7,2,2,1.6837002937393681
860,12.38,46,169,199.8,0.2,46,0,0,0,1,1,0,7,6,13,1.6117469936175015
861,12.39,12,27,51.1,0.2,12,0,0,0,1,1,0,1,2,2,2.652283959761121
862,12.41,46,112,205.3,0.2,46,0,0,0,1,1,0,8,4,5,1.8286793810236246
863,12.42,5,19,16.9,0.2,5,0,0,0,1,1,0,1,1,2,2.310965140801407
864,12.44,38,109,171.0,0.2,38,0,0,0,1,1,0,3,3,1,1.48554673049177
865,12.44,1,7,-0.7,0.2,1,0,0,0,1,1,0,0,1,0,5.431486095580189
866,12.46,32,106,140.6,0.2,32,0,0,0,1,1,0,3,1,8,1.707731851798986
867,12.47,19,40,86.0,0.2,19,0,0,0,1,1,0,0,2,0,2.0684587299517814
868,12.49,33,90,142.7,0.2,33,0,0,0,1,1,0,8,1,3,1.810084867716028
869,12.5,4,12,15.8,0.2,5,0,0,0,1,1,0,3,1,0,3.705037923203111
870,12.51,17,61,67.8,0.2,17,0,0,0,1,1,0,6,2,1,1.9560371208197775
871,12.52,8,34,29.3,0.2,8,0,0,0,1,1,0,2,1,3,2.2291383579040565
872,12.53,9,27,33.3,0.2,9,0,0,0,1,1,0,4,2,0,2.1779767547238547
873,12.54,25,72,108.5,0.2,25,0,0,0,1,1,0,4,4,3,2.2161796093989374
874,12.56,10,59,35.8,0.2,10,0,0,0,1,1,0,3,1,3,1.2457826386781274
875,12.59,47,155,208.9,0.2,47,0,0,0,1,1,0,5,2,6,1.7587519962257352
876,12.61,27,81,121.4,0.2,28,0,0,0,1,1,0,5,2,5,2.0522782525440952
877,12.61,6,14,21.6,0.2,6,0,0,0,1,1,0,2,1,0,2.3322738139440298
878,12.64,49,147,210.7,0.2,49,0,0,0,1,1,0,14,4,6,1.626905024378189
879,12.64,13,32,51.8,0.2,13,0,0,0,1,1,0,5,2,0,2.2692545027454107
880,12.65,6,12,23.7,0.2,6,0,0,0,1,1,0,0,1,1,3.091829801336749
881,12.66,17,44,74.4,0.2,17,0,0,0,1,1,0,1,1,2,2.1784049365279894
882,12.66,2,5,4.5,0.2,2,0,0,0,1,1,0,0,1,0,4.9220317827545985
883,12.66,2,10,0.0,0.2,2,0,0,0,1,1,0,4,1,0,3.1069473927107216
884,12.68,32,98,137.0,0.2,32,0,0,0,1,1,0,8,2,2,1.492708853518493
885,12.7,28,65,125.5,0.2,28,0,0,0,1,1,0,3,2,0,2.1982099124504537
886,12.73,43,134,189.2,0.2,43,0,0,0,1,1,0,7,4,4,1.986546807875056
887,12.74,20,50,82.8,0.2,20,0,0,0,1,1,0,7,3,2,1.8690479134063995
888,12.75,25,73,107.5,0.2,25,0,0,0,1,1,0,5,2,2,1.6513038839662626
889,12.76,7,16,27.4,0.2,7,0,0,0,1,1,0,1,1,0,2.9322757230464696
890,12.76,1,5,-0.5,0.2,1,0,0,0,1,1,0,0,1,0,4.763395751625135
891,12.79,21,131,82.6,0.2,21,0,0,0,1,1,0,4,2,3,1.6005044054124313
892,12.8,12,28,51.0,0.2,12,0,0,0,1,1,0,1,1,2,2.57098856742333
893,12.81,27,74,116.1,0.2,27,0,0,0,1,1,0,6,2,5,1.7270918645068742
894,12.82,11,31,43.8,0.2,11,0,0,0,1,1,0,3,1,1,1.8482961280709942
895,12.83,8,23,29.5,0.2,8,0,0,0,1,1,0,3,1,2,2.318058849529611
896,12.84,12,38,50.9,0.2,12,0,0,0,1,1,0,0,1,3,2.047397270112177
897,12.87,44,176,186.4,0.2,44,0,0,0,1,1,0,10,4,10,1.6477785302382215
898,12.88,11,31,45.9,0.2,11,0,0,0,1,1,0,1,1,0,1.810555247843936
899,12.88,1,5,-0.5,0.2,1,0,0,0,1,1,0,0,1,0,7.934859373801314
900,12.89,3,16,11.4,0.2,4,0,0,0,1,1,0,2,2,0,3.051862249743985
901,12.9,11,33,44.5,0.2,11,0,0,0,1,1,0,2,1,2,2.0648063886721473
902,12.9,5,11,17.8,0.2,5,0,0,0,1,1,0,1,1,1,3.008214979864213
903,12.92,36,86,162.0,0.2,36,0,0,0,1,1,0,4,2,4,1.8748680148700492
904,12.93,23,61,98.8,0.2,23,0,0,0,1,1,0,5,3,1,1.6039717834027822
905,12.95,20,63,85.4,0.2,20,0,0,0,1,1,0,3,1,3,1.843926708491093
906,12.95,10,19,40.9,0.2,10,0,0,0,1,1,0,2,1,2,3.086398375301832
907,12.97,36,93,162.2,0.2,36,0,0,0,1,1,0,3,1,5,2.0255458167198053
908,12.98,16,51,71.7,0.2,17,0,0,0,1,1,0,3,2,2,2.4138858212802266
909,12.99,6,23,19.6,0.2,6,0,0,0,1,1,0,3,2,1,2.6940888221834642
910,12.99,5,15,17.4,0.2,5,0,0,0,1,1,0,1,1,1,2.507945659529808
911,13.0,8,27,30.3,0.2,8,0,0,0,1,1,0,2,1,0,1.8934503752884324
912,13.01,13,36,58.3,0.2,14,0,0,0,1,1,0,3,1,1,1.585660304980073
913,13.02,11,32,47.8,0.2,12,0,0,0,1,1,0,4,1,0,2.300030201724076
914,13.02,12,22,51.8,0.2,12,0,0,0,1,1,0,1,1,0,3.0809892622384805
915,13.03,17,41,79.7,0.2,18,0,0,0,1,1,0,1,1,2,2.1522291725544886
916,13.05,24,61,103.8,0.2,24,0,0,0,1,1,0,5,2,1,1.8112298931146513
917,13.06,17,37,75.1,0.2,17,0,0,0,1,1,0,1,1,2,2.2485180196676433
918,13.08,29,94,125.5,0.2,29,0,0,0,1,1,0,5,2,1,1.8696633822315856
919,13.08,10,27,39.1,0.2,10,0,0,0,1,1,0,3,2,2,2.2979671494330924
920,13.09,16,42,69.4,0.2,16,0,0,0,1,1,0,1,1,4,2.0156261807280997
921,13.1,3,8,8.2,0.2,3,0,0,0,1,1,0,1,1,0,3.555174795921292
922,13.11,27,72,119.4,0.2,27,0,0,0,1,1,0,3,1,4,2.0912941949358403
923,13.12,18,46,74.4,0.2,18,0,0,0,1,1,0,6,1,0,1.9156069112104992
924,13.15,42,132,190.4,0.2,43,0,0,0,1,1,0,6,5,4,1.7174413456042663
925,13.16,12,34,50.5,0.2,12,0,0,0,1,1,0,1,1,1,2.097265236739572
926,13.17,23,68,95.1,0.2,23,0,0,0,1,1,0,8,2,1,1.8865553389533276
927,13.19,30,84,129.2,0.2,30,0,0,0,1,1,0,7,1,4,1.9452769091055218
928,13.23,47,175,202.7,0.2,47,0,0,0,1,1,0,9,2,8,1.7681074743140706
929,13.26,50,163,215.6,0.2,50,0,0,0,1,1,0,13,2,1,1.64129434827597
930,13.27,11,29,45.9,0.2,11,0,0,0,1,1,0,1,1,2,2.38693301282036
931,13.28,20,45,92.5,0.2,21,0,0,0,1,1,0,3,1,0,1.8196644488845026
932,13.29,26,72,115.6,0.2,26,0,0,0,1,1,0,2,1,2,2.0810002728480086
933,13.3,6,19,18.0,0.2,6,0,0,0,1,1,0,5,1,1,2.3809089161651733
934,13.3,2,7,1.3,0.2,2,0,0,0,1,1,0,3,1,0,4.283894426523231
935,13.31,21,55,88.2,0.2,21,0,0,0,1,1,0,6,1,3,2.088661724442181
936,13.33,28,83,123.5,0.2,28,0,0,0,1,1,0,3,4,2,1.6652528935614972
937,13.33,5,12,22.8,0.2,6,0,0,0,1,1,0,1,1,0,2.7673583486274165
938,13.34,21,58,90.1,0.2,21,0,0,0,1,1,0,4,2,1,1.9571107245302772
939,13.36,20,77,90.9,0.2,21,0,0,0,1,1,0,1,1,4,1.5590230210586025
940,13.38,29,81,126.5,0.2,29,0,0,0,1,1,0,5,3,4,1.9231115641264713
941,13.38,8,24,28.4,0.2,8,0,0,0,1,1,0,4,1,2,2.437976837639128
942,13.41,40,117,179.9,0.2,40,0,0,0,1,1,0,3,4,4,1.7186135507278344
943,13.41,2,7,1.3,0.2,2,0,0,0,1,1,0,3,1,0,4.922441415489192
944,13.42,25,54,112.4,0.2,25,0,0,0,1,1,0,2,2,2,2.0949680636697168
945,13.44,25,78,106.9,0.2,25,0,0,0,1,1,0,5,2,3,1.7822926870338973
946,13.47,48,139,218.8,0.2,48,0,0,0,1,1,0,2,6,3,1.8769751658145215
947,13.47,10,24,40.5,0.2,10,0,0,0,1,1,0,2,1,1,2.024642959774908
948,13.5,44,151,190.3,0.2,44,0,0,0,1,1,0,9,3,6,1.7840850000610973
949,13.52,23,65,102.4,0.2,23,0,0,0,1,1,0,1,4,1,2.1151090958466066
950,13.53,19,50,80.7,0.2,19,0,0,0,1,1,0,4,2,3,1.7437833552350301
951,13.54,25,67,114.3,0.2,26,0,0,0,1,1,0,4,2,0,1.5856310377683585
952,13.55,9,22,35.6,0.2,9,0,0,0,1,1,0,2,1,2,2.9756737464776903
953,13.55,4,21,13.9,0.2,5,0,0,0,1,1,0,4,2,0,2.2764940524289194
954,13.56,3,9,6.1,0.2,3,0,0,0,1,1,0,3,1,0,3.9030599687051386
955,13.57,20,61,82.8,0.2,20,0,0,0,1,1,0,6,3,1,2.078321410494564
956,13.59,33,89,146.0,0.2,33,0,0,0,1,1,0,5,3,1,2.08908532987082
957,13.6,10,30,41.8,0.2,10,0,0,0,1,1,0,0,1,2,1.6911007688024744
958,13.6,8,34,27.5,0.2,8,0,0,0,1,1,0,4,2,1,2.679921149751692
959,13.61,10,28,39.9,0.2,10,0,0,0,1,1,0,2,1,3,2.5856810939275503
960,13.63,25,77,113.6,0.2,26,0,0,0,1,1,0,3,2,7,1.5748636114015875
961,13.64,22,68,93.9,0.2,22,0,0,0,1,1,0,4,2,3,2.0308487211535513
962,13.65,9,22,40.7,0.2,10,0,0,0,1,1,0,2,1,1,2.4590610098847865
963,13.67,45,137,196.8,0.2,45,0,0,0,1,1,0,9,6,5,1.9274388323863192
964,13.69,26,73,118.5,0.2,27,0,0,0,1,1,0,4,1,2,2.0227198344149246
965,13.69,6,20,19.8,0.2,6,0,0,0,1,1,0,3,1,2,2.0401381484001058
966,13.71,25,58,111.0,0.2,25,0,0,0,1,1,0,3,1,2,1.6236537830366904
967,13.73,29,97,126.6,0.2,29,0,0,0,1,1,0,3,3,7,1.5850469023532776
968,13.75,30,84,137.3,0.2,31,0,0,0,1,1,0,4,2,3,1.7992229795937784
969,13.76,16,44,65.6,0.2,16,0,0,0,1,1,0,5,2,0,1.9182560271932092
970,13.76,1,7,-2.9,0.2,1,0,0,0,1,1,0,2,1,2,3.834175080847148
971,13.77,33,70,147.9,0.2,33,0,0,0,1,1,0,5,3,1,1.7560273014662786
972,13.78,3,8,5.2,0.2,3,0,0,0,1,1,0,4,1,0,3.244086712651206
973,13.79,12,41,47.7,0.2,12,0,0,0,1,1,0,3,1,2,1.7074423744594271
974,13.81,42,122,187.5,0.2,42,0,0,0,1,1,0,5,3,3,1.9699292320111363
975,13.83,26,70,112.3,0.2,26,0,0,0,1,1,0,5,2,7,1.5444228621064533
976,13.83,3,8,7.1,0.2,3,0,0,0,1,1,0,2,1,1,3.500649010941035
977,13.86,39,117,169.7,0.2,39,0,0,0,1,1,0,8,2,6,1.7760309175998135
978,13.86,16,35,69.2,0.2,16,0,0,0,1,1,0,2,2,3,2.432439723369273
979,13.87,2,6,1.3,0.2,2,0,0,0,1,1,0,3,1,1,4.872127737658423
980,13.88,26,55,118.4,0.2,26,0,0,0,1,1,0,1,2,1,2.297875654804203
981,13.89,12,32,54.7,0.2,13,0,0,0,1,1,0,2,1,1,2.3715419755568856
982,13.91,49,139,237.2,0.2,51,0,0,0,0,0,1,3,2,8,1.8358514949836624
983,13.92,2,10,2.9,0.2,2,0,0,0,1,1,0,1,1,1,2.2147446403736577
984,13.93,29,77,127.1,0.2,29,0,0,0,1,1,0,5,2,2,2.2506905465187805
985,13.94,23,58,101.1,0.2,23,0,0,0,1,1,0,3,3,1,1.8867465919747328
986,13.95,3,10,12.8,0.2,4,0,0,0,1,1,0,1,1,2,3.218549314840277
987,13.96,22,56,97.2,0.2,22,0,0,0,1,1,0,2,1,2,1.7253459247483411
988,13.98,31,90,140.8,0.2,32,0,0,0,1,1,0,5,2,2,1.703796006190373
989,14.01,45,124,206.8,0.2,46,0,0,0,1,1,0,5,1,8,1.8744195203910805
990,14.02,14,37,59.3,0.2,14,0,0,0,1,1,0,2,1,0,1.7691913066936154
991,14.04,33,86,147.6,0.2,33,0,0,0,1,1,0,3,1,8,1.8875672021604821
992,14.05,29,81,124.5,0.2,29,0,0,0,1,1,0,7,1,4,1.5048374295133027
993,14.07,25,66,109.3,0.2,25,0,0,0,1,1,0,4,1,1,2.007136770473567
994,14.09,36,106,157.5,0.2,36,0,0,0,1,1,0,6,5,9,2.2955584520127568
995,14.11,24,68,102.1,0.2,24,0,0,0,1,1,0,6,1,1,1.9977059292050168
996,14.13,33,110,138.4,0.2,33,0,0,0,1,1,0,10,3,6,1.7101122887770266
997,14.15,32,75,145.3,0.2,32,0,0,0,1,1,0,2,3,2,1.8129657858028967
998,14.17,26,67,115.8,0.2,26,0,0,0,1,1,0,2,1,5,2.0829024143653374
999,14.2,49,174,213.8,0.2,49,0,0,0,1,1,0,8,5,8,1.4636058660505196
1000,14.21,13,37,54.2,0.2,13,0,0,0,1,1,0,2,2,1,2.099908048732281
1001,14.21,7,21,26.8,0.2,7,0,0,0,1,1,0,1,1,1,3.2320930119790097
1002,14.23,29,70,124.7,0.2,29,0,0,0,1,1,0,8,2,3,1.6379127844202588
1003,14.26,46,173,195.8,0.2,46,0,0,0,1,1,0,11,2,9,1.4849870629483684
1004,14.28,31,92,133.7,0.2,31,0,0,0,1,1,0,7,1,1,1.5451633582148958
1005,14.29,18,35,81.5,0.2,18,0,0,0,1,1,0,0,1,0,1.914705840581476
1006,14.31,21,75,86.3,0.2,21,0,0,0,1,1,0,6,2,2,2.00100830157957
1007,14.33,19,66,77.8,0.2,19,0,0,0,1,1,0,5,2,6,1.9034585791129734
1008,14.33,5,13,17.7,0.2,5,0,0,0,1,1,0,1,1,0,3.2784112976855386
1009,14.34,15,33,62.6,0.2,15,0,0,0,1,1,0,4,1,1,1.8611195908359575
1010,14.37,48,150,212.4,0.2,48,0,0,0,1,1,0,7,4,6,2.0719397051130217
1011,14.37,11,27,44.9,0.2,11,0,0,0,1,1,0,2,1,4,1.849975372525961
1012,14.38,15,39,62.0,0.2,15,0,0,0,1,1,0,4,1,1,2.0796296488437718
1013,14.39,16,34,70.5,0.2,16,0,0,0,1,1,0,1,2,1,2.0637960652028804
1014,14.39,8,14,31.6,0.2,8,0,0,0,1,1,0,2,1,0,2.9695025371078745
1015,14.43,42,176,177.8,0.2,42,0,0,0,1,1,0,9,4,6,1.343776483671591
1016,14.43,0,6,-6.6,0.2,0,0,0,0,1,1,0,1,1,0,6.743133116215443
1017,14.44,9,23,32.6,0.2,9,0,0,0,1,1,0,5,1,1,2.4021445147309475
1018,14.47,47,146,210.9,0.2,47,0,0,0,1,1,0,4,4,5,1.792013486513054
1019,14.5,32,130,132.3,0.2,32,0,0,0,1,1,0,9,4,7,1.8232194175729057
1020,14.51,14,45,56.2,0.2,14,0,0,0,1,1,0,4,2,3,2.0646347313963402
1021,14.53,33,90,144.8,0.2,33,0,0,0,1,1,0,6,2,2,1.7574794418273856
1022,14.54,18,44,77.6,0.2,18,0,0,0,1,1,0,3,2,0,2.7553009514531888
1023,14.55,23,60,100.8,0.2,23,0,0,0,1,1,0,3,1,2,1.7986223661985739
1024,14.56,23,52,101.6,0.2,23,0,0,0,1,1,0,3,1,2,2.076048740738926
1025,14.57,17,33,74.7,0.2,17,0,0,0,1,1,0,2,1,0,2.0410451773664864
1026,14.59,41,105,186.2,0.2,41,0,0,0,1,1,0,3,3,3,1.8909383729563047
1027,14.6,13,39,53.9,0.2,13,0,0,0,1,1,0,2,1,2,1.5952451936277348
1028,14.61,17,44,74.4,0.2,17,0,0,0,1,1,0,1,1,2,1.9681896227101392
1029,14.62,13,44,49.6,0.2,13,0,0,0,1,1,0,6,1,0,2.168691097985951
1030,14.64,32,84,138.5,0.2,32,0,0,0,1,1,0,8,1,1,2.1597541288410143
1031,14.67,49,166,216.3,0.2,49,0,0,0,1,1,0,6,4,11,1.7585130476544573
1032,14.68,23,51,103.6,0.2,23,0,0,0,1,1,0,1,3,3,1.6833175713848367
1033,14.69,14,36,60.1,0.2,14,0,0,0,1,1,0,1,1,3,2.725898245895003
1034,14.71,29,68,131.0,0.2,29,0,0,0,1,1,0,2,2,2,2.0967605957175883
1035,14.72,31,77,140.3,0.2,31,0,0,0,1,1,0,2,3,0,1.8324758057085757
1036,14.73,16,41,70.9,0.2,16,0,0,0,1,1,0,0,3,0,1.8424188881691759
1037,14.76,39,120,174.4,0.2,39,0,0,0,1,1,0,3,2,6,1.5312465135667461
1038,14.79,49,170,232.2,0.2,51,0,0,0,0,0,1,5,1,7,1.9619276254094622
1039,14.79,3,10,5.0,0.2,3,0,0,0,1,1,0,4,1,0,3.0706425767125483
1040,14.81,28,71,121.6,0.2,28,0,0,0,1,1,0,6,1,3,1.5338498713752773
1041,14.84,41,141,171.5,0.2,41,0,0,0,1,1,0,14,1,4,1.630079040245589
1042,14.87,36,126,157.6,0.2,36,0,0,0,1,1,0,4,4,8,1.5093708597360413
1043,14.9,49,142,234.2,0.2,51,0,0,0,0,0,1,6,2,5,1.8152206342131074
1044,14.91,4,20,8.9,0.2,4,0,0,0,1,1,0,4,1,1,2.725769748242425
1045,14.94,49,146,234.6,0.2,51,0,0,0,0,0,1,5,3,7,1.6772027208197042
1046,14.96,41,108,182.8,0.2,41,0,0,0,1,1,0,6,2,4,1.5812220270492217
1047,14.99,49,152,219.5,0.2,49,0,0,0,1,1,0,5,2,3,1.7037449105455025
1048,14.99,6,13,23.7,0.2,6,0,0,0,1,1,0,0,1,0,2.65839403597754
1049,15.02,49,156,234.8,0.2,51,0,0,0,0,0,1,4,2,5,1.6049680513854123
1050,15.06,48,170,209.7,0.2,48,0,0,0,1,1,0,8,6,3,1.6384690996420876
1051,15.06,1,10,1.9,0.2,2,0,0,0,1,1,0,2,1,1,3.500948504677143
1052,15.08,24,76,99.2,0.2,24,0,0,0,1,1,0,8,1,2,1.9774500095530583
1053,15.08,3,9,13.1,0.2,4,0,0,0,1,1,0,1,1,0,3.0237788118302937
1054,15.09,24,64,108.3,0.2,24,0,0,0,1,1,0,0,2,3,2.3323159203877424
1055,15.12,41,107,184.9,0.2,41,0,0,0,1,1,0,4,2,4,1.9706049345109904
1056,15.13,25,57,112.2,0.2,25,0,0,0,1,1,0,2,3,1,1.9631294325968005
1057,15.14,26,59,116.9,0.2,26,0,0,0,1,1,0,2,1,2,1.6731365732629557
1058,15.16,23,73,99.5,0.2,23,0,0,0,1,1,0,3,2,2,1.7588788348656377
1059,15.19,43,133,189.5,0.2,43,0,0,0,1,1,0,7,1,2,1.7147518904711123
1060,15.19,7,18,26.1,0.2,7,0,0,0,1,1,0,2,1,1,3.761191760900776
1061,15.2,8,28,27.1,0.2,8,0,0,0,1,1,0,5,1,1,2.1615003316154167
1062,15.23,47,147,210.7,0.2,47,0,0,0,1,1,0,4,6,6,1.6153785909570897
1063,15.24,4,16,11.3,0.2,4,0,0,0,1,1,0,2,1,1,3.251483675203496
1064,15.26,40,115,174.8,0.2,40,0,0,0,1,1,0,8,2,7,1.6469181895377871
1065,15.28,35,91,157.7,0.2,35,0,0,0,1,1,0,3,1,2,2.0430300865992392
1066,15.29,16,51,66.7,0.2,16,0,0,0,1,1,0,3,2,2,1.7171017632840808
1067,15.31,22,65,93.1,0.2,22,0,0,0,1,1,0,5,3,4,1.896039250985592
1068,15.31,4,15,9.4,0.2,4,0,0,0,1,1,0,4,1,1,3.4846284553467486
1069,15.34,38,129,160.8,0.2,38,0,0,0,1,1,0,11,3,3,1.7894517218978194
1070,15.36,44,124,198.0,0.2,44,0,0,0,1,1,0,4,2,6,2.2027954649333275
1071,15.38,35,86,157.1,0.2,35,0,0,0,1,1,0,4,1,3,1.7427932367552432
1072,15.39,18,50,75.9,0.2,18,0,0,0,1,1,0,4,2,1,1.870290024140986
1073,15.4,20,47,86.2,0.2,20,0,0,0,1,1,0,4,1,1,2.0548155961257857
1074,15.41,15,33,66.6,0.2,15,0,0,0,1,1,0,0,2,1,1.8924002250317908
1075,15.43,38,97,168.1,0.2,38,0,0,0,1,1,0,7,3,2,1.8566336242598849
1076,15.45,24,63,104.1,0.2,24,0,0,0,1,1,0,4,4,6,1.647479025129506
1077,15.48,49,148,232.8,0.2,51,0,0,0,0,0,1,7,0,3,1.6877534800244087
1078,15.49,26,60,118.7,0.2,26,0,0,0,1,1,0,0,1,3,2.0308157288658153
1079,15.51,32,98,138.6,0.2,32,0,0,0,1,1,0,6,3,6,1.905808067579247
1080,15.53,20,56,84.2,0.2,20,0,0,0,1,1,0,5,2,2,1.7787544668225723
1081,15.54,28,72,124.7,0.2,28,0,0,0,1,1,0,3,1,1,2.0218502595926418
1082,15.57,42,118,183.9,0.2,42,0,0,0,1,1,0,9,3,3,1.6443031896949007
1083,15.59,35,111,151.4,0.2,35,0,0,0,1,1,0,7,5,5,1.5901853154721184
1084,15.63,49,193,208.0,0.2,49,0,0,0,1,1,0,12,6,7,1.6880563067477667
1085,15.63,2,10,1.9,0.2,2,0,0,0,1,1,0,2,1,1,3.8252229892279663
1086,15.64,4,10,13.0,0.2,4,0,0,0,1,1,0,1,1,0,3.3044901841164647
1087,15.64,4,9,14.1,0.2,4,0,0,0,1,1,0,0,1,0,2.7659822145359265
1088,15.65,22,56,102.3,0.2,23,0,0,0,1,1,0,2,2,1,1.8904345292014042
1089,15.66,9,25,41.5,0.2,10,0,0,0,1,1,0,1,1,0,2.1445193574853376
1090,15.67,19,44,87.5,0.2,20,0,0,0,1,1,0,3,3,1,1.719517284930219
1091,15.67,12,28,49.2,0.2,12,0,0,0,1,1,0,3,1,0,2.606234706325524
1092,15.68,7,22,24.7,0.2,7,0,0,0,1,1,0,3,1,1,2.324064546536439
1093,15.71,49,128,223.8,0.2,50,0,0,0,1,1,0,8,4,4,1.6519784469272667
1094,15.71,7,21,24.9,0.2,7,0,0,0,1,1,0,3,1,0,2.181767403528782
1095,15.75,49,154,235.2,0.2,51,0,0,0,0,0,1,4,2,3,1.7085495581032386
1096,15.77,38,102,170.7,0.2,38,0,0,0,1,1,0,4,4,1,1.3768669038302803
1097,15.77,9,24,33.6,0.2,9,0,0,0,1,1,0,4,2,0,1.8532031298369818
1098,15.8,41,128,175.8,0.2,41,0,0,0,1,1,0,11,3,4,1.5847495141628283
1099,15.8,1,7,-3.8,0.2,1,0,0,0,1,1,0,3,1,1,4.128475503761714
1100,15.81,6,21,18.8,0.2,6,0,0,0,1,1,0,4,1,1,2.3731078065669937
1101,15.81,8,18,31.0,0.2,8,0,0,0,1,1,0,2,1,2,2.040506594759103
1102,15.82,10,25,40.5,0.2,10,0,0,0,1,1,0,2,1,0,2.0176337306055543
1103,15.82,8,20,30.9,0.2,8,0,0,0,1,1,0,2,1,1,3.250253555787792
1104,15.83,1,18,-5.0,0.2,1,0,0,0,1,1,0,3,2,2,3.0955756125530836
1105,15.83,4,12,10.7,0.2,4,0,0,0,1,1,0,3,1,1,3.139136028880605
1106,15.86,40,119,176.6,0.2,40,0,0,0,1,1,0,6,4,5,1.6855641725929245
1107,15.87,21,56,91.0,0.2,21,0,0,0,1,1,0,3,3,4,1.7829669272423827
1108,15.89,36,116,154.6,0.2,36,0,0,0,1,1,0,8,6,8,1.4810859006439452
1109,15.91,20,72,90.2,0.2,21,0,0,0,1,1,0,2,2,6,1.634369314399617
1110,15.92,16,51,68.8,0.2,16,0,0,0,1,1,0,1,3,1,1.6728204019113304
1111,15.93,12,30,51.9,0.2,12,0,0,0,1,1,0,0,1,1,2.018578107232306
1112,15.94,7,20,25.8,0.2,7,0,0,0,1,1,0,2,1,2,3.016423499258921
1113,15.95,22,57,90.9,0.2,22,0,0,0,1,1,0,8,3,4,2.20671820938289
1114,15.97,37,90,169.7,0.2,37,0,0,0,1,1,0,1,1,3,1.7456290937215349
1115,15.99,34,76,152.2,0.2,34,0,0,0,1,1,0,5,2,2,2.1389275204339815
1116,15.99,7,18,28.1,0.2,7,0,0,0,1,1,0,0,1,1,2.944967757862908
1117,16.01,20,56,88.4,0.2,20,0,0,0,1,1,0,1,1,0,1.3695244612155606
1118,16.02,24,79,100.8,0.2,24,0,0,0,1,1,0,6,6,3,1.610424865732516
1119,16.03,9,31,34.9,0.2,9,0,0,0,1,1,0,2,2,0,2.042097603480987
1120,16.05,30,117,128.5,0.2,30,0,0,0,1,1,0,4,3,8,1.4312557212166284
1121,16.06,5,18,13.1,0.2,5,0,0,0,1,1,0,5,1,1,2.3599345655390147
1122,16.07,23,56,102.3,0.2,23,0,0,0,1,1,0,2,1,1,2.147595555211724
1123,16.08,10,33,35.6,0.2,10,0,0,0,1,1,0,6,1,1,1.9589323375897583
1124,16.09,21,62,89.3,0.2,21,0,0,0,1,1,0,4,1,5,2.197031076261654
1125,16.1,4,11,16.8,0.2,5,0,0,0,1,1,0,2,1,1,3.2434384357148813
1126,16.1,4,14,11.5,0.2,4,0,0,0,1,1,0,2,1,1,2.817182433379684
1127,16.1,3,12,11.8,0.2,4,0,0,0,1,1,0,2,1,0,3.691360696403452
1128,16.13,45,126,198.8,0.2,45,0,0,0,1,1,0,8,3,6,1.831803213817036
1129,16.14,26,62,116.8,0.2,26,0,0,0,1,1,0,2,3,0,1.7408595774352789
1130,16.16,26,62,111.7,0.2,26,0,0,0,1,1,0,7,1,1,1.6772946321392004
1131,16.18,30,102,124.4,0.2,30,0,0,0,1,1,0,10,5,4,1.568722594021956
1132,16.21,46,173,200.5,0.2,46,0,0,0,1,1,0,7,3,2,1.4574744635245773
1133,16.23,25,86,106.8,0.2,25,0,0,0,1,1,0,4,2,6,1.5640172038504019
1134,16.25,20,62,88.2,0.2,21,0,0,0,1,1,0,5,1,6,1.9258802137202333
1135,16.25,7,27,24.2,0.2,7,0,0,0,1,1,0,3,1,1,1.8085770416892748
1136,16.26,6,16,20.3,0.2,6,0,0,0,1,1,0,3,1,1,2.9630946225898738
1137,16.26,11,35,44.5,0.2,11,0,0,0,1,1,0,2,2,0,2.058681892495472
1138,16.27,1,7,3.2,0.2,2,0,0,0,1,1,0,1,1,1,3.625589914290297
1139,16.29,36,107,153.9,0.2,36,0,0,0,1,1,0,10,2,4,1.677205071269625
1140,16.3,10,29,36.9,0.2,10,0,0,0,1,1,0,5,1,2,2.069552451781833
1141,16.3,3,10,6.8,0.2,3,0,0,0,1,1,0,2,1,2,2.646655236501406
1142,16.31,14,41,56.9,0.2,14,0,0,0,1,1,0,4,2,0,1.8663829363669502
1143,16.33,44,114,198.3,0.2,44,0,0,0,1,1,0,5,3,3,1.6038163915087036
1144,16.34,10,27,41.2,0.2,10,0,0,0,1,1,0,1,1,1,2.3787831653110305
1145,16.36,30,101,129.6,0.2,30,0,0,0,1,1,0,5,2,3,1.7808846879404239
1146,16.39,41,129,179.0,0.2,41,0,0,0,1,1,0,7,1,11,1.9290344499401912
1147,16.39,10,32,40.6,0.2,10,0,0,0,1,1,0,1,1,2,1.7773624133288655
1148,16.4,12,39,53.0,0.2,13,0,0,0,1,1,0,3,2,1,1.7378238573553393
1149,16.42,28,76,124.1,0.2,28,0,0,0,1,1,0,3,2,3,1.6160148975564752
1150,16.44,31,76,139.1,0.2,31,0,0,0,1,1,0,3,4,3,1.8052401914629959
1151,16.44,5,14,23.6,0.2,6,0,0,0,1,1,0,0,1,0,2.541681014166266
1152,16.45,19,43,82.7,0.2,19,0,0,0,1,1,0,3,2,0,1.6816678359639623
1153,16.47,33,101,144.3,0.2,33,0,0,0,1,1,0,5,3,6,1.8463183363542865
1154,16.47,4,13,16.7,0.2,5,0,0,0,1,1,0,2,1,0,4.909123784303612
1155,16.5,44,129,196.7,0.2,44,0,0,0,1,1,0,5,4,4,1.767479478000578
1156,16.5,3,8,8.2,0.2,3,0,0,0,1,1,0,1,1,0,3.300987947716185
1157,16.53,39,119,176.7,0.2,40,0,0,0,1,1,0,6,4,4,1.4321623664362144
1158,16.55,42,132,183.2,0.2,42,0,0,0,1,1,0,8,4,6,1.7679980239298951
1159,16.57,24,71,103.7,0.2,24,0,0,0,1,1,0,4,1,2,1.7460000589330626
1160,16.58,18,45,77.3,0.2,18,0,0,0,1,1,0,3,1,2,1.9406197268702394
1161,16.59,20,48,85.2,0.2,20,0,0,0,1,1,0,5,2,0,1.6554421433758382
1162,16.6,16,38,67.1,0.2,16,0,0,0,1,1,0,4,2,1,2.3320013236411494
1163,16.62,29,98,120.6,0.2,29,0,0,0,1,1,0,9,4,6,1.6146386708520908
1164,16.66,48,194,201.8,0.2,48,0,0,0,1,1,0,13,3,8,1.5511494426516235
1165,16.67,9,25,36.4,0.2,9,0,0,0,1,1,0,1,1,1,2.2854843147479187
1166,16.68,20,63,89.6,0.2,21,0,0,0,1,1,0,4,3,1,1.4088080118568191
1167,16.73,49,218,223.6,0.2,51,0,0,0,0,0,1,9,3,5,1.6231319175027605
1168,16.73,9,20,34.0,0.2,9,0,0,0,1,1,0,4,1,0,2.4377771264954067
1169,16.74,7,30,22.9,0.2,7,0,0,0,1,1,0,4,3,1,1.548008082817188
1170,16.74,4,8,11.1,0.2,4,0,0,0,1,1,0,3,1,1,4.327113811340715
1171,16.77,40,112,175.6,0.2,40,0,0,0,1,1,0,8,1,2,1.861098588633946
1172,16.78,35,89,153.9,0.2,35,0,0,0,1,1,0,7,4,2,1.569766396063755
1173,16.79,5,16,17.2,0.2,5,0,0,0,1,1,0,1,1,2,2.884586257292952
1174,16.8,23,55,104.4,0.2,24,0,0,0,1,1,0,5,3,1,2.0211648912070284
1175,16.83,49,166,232.9,0.2,51,0,0,0,0,0,1,5,2,4,1.8010861311047177
1176,16.86,41,115,182.0,0.2,41,0,0,0,1,1,0,6,4,5,1.574358618310781
1177,16.89,49,152,215.3,0.2,49,0,0,0,1,1,0,9,4,5,1.7157573062698444
1178,16.9,15,40,61.9,0.2,15,0,0,0,1,1,0,4,1,1,2.1470654010631605
1179,16.92,40,102,179.4,0.2,40,0,0,0,1,1,0,5,3,4,2.0164961026209225
1180,16.94,23,60,97.0,0.2,23,0,0,0,1,1,0,7,2,0,1.7572664813975043
1181,16.97,44,149,192.4,0.2,44,0,0,0,1,1,0,7,5,7,1.9007634478275173
1182,16.97,6,14,20.6,0.2,6,0,0,0,1,1,0,3,2,0,4.0663111718340685
1183,16.99,26,79,109.0,0.2,26,0,0,0,1,1,0,8,1,1,1.5131953362766337
1184,17.02,49,164,232.0,0.2,51,0,0,0,0,0,1,6,0,5,1.6452540532410629
1185,17.02,4,13,13.7,0.2,4,0,0,0,1,1,0,0,1,0,2.4956163985662845
1186,17.02,2,6,4.3,0.2,2,0,0,0,1,1,0,0,1,1,3.3426186838457106
1187,17.04,19,52,82.6,0.2,19,0,0,0,1,1,0,2,2,2,1.8677173368213587
1188,17.05,29,70,129.6,0.2,29,0,0,0,1,1,0,3,1,4,1.750950284532208
1189,17.06,6,17,20.3,0.2,6,0,0,0,1,1,0,3,2,0,2.642597084276069
1190,17.06,4,12,12.8,0.2,4,0,0,0,1,1,0,1,1,0,2.9201903331654435
1191,17.07,21,41,93.7,0.2,21,0,0,0,1,1,0,2,1,2,1.6531164211188172
1192,17.08,14,35,59.4,0.2,14,0,0,0,1,1,0,2,2,1,1.8702583614493342
1193,17.09,31,82,138.4,0.2,31,0,0,0,1,1,0,3,4,4,2.214763979980754
1194,17.1,13,34,51.5,0.2,13,0,0,0,1,1,0,5,1,1,1.942622242458817
1195,17.1,2,6,3.4,0.2,2,0,0,0,1,1,0,1,1,0,3.718302025717677
1196,17.11,6,15,26.4,0.2,7,0,0,0,1,1,0,2,2,1,2.612482882414378
1197,17.12,8,34,28.2,0.2,8,0,0,0,1,1,0,3,1,4,2.1117494712385856
1198,17.15,49,154,234.0,0.2,51,0,0,0,0,0,1,5,3,5,1.760275544463843
1199,17.16,15,41,60.6,0.2,15,0,0,0,1,1,0,5,1,3,1.6248714835774345
1200,17.17,9,21,40.9,0.2,10,0,0,0,1,1,0,2,1,0,3.2322048420134033
1201,17.18,15,57,63.0,0.2,15,0,0,0,1,1,0,1,3,3,1.7977681047873195
1202,17.18,6,17,20.2,0.2,6,0,0,0,1,1,0,3,1,1,2.8082861136754125
1203,17.21,43,135,193.9,0.2,44,0,0,0,1,1,0,7,2,6,1.6103241476801342
1204,17.24,47,125,213.7,0.2,47,0,0,0,1,1,0,3,2,8,1.8440428191577658
1205,17.25,22,57,96.0,0.2,22,0,0,0,1,1,0,3,1,3,1.944283985262633
1206,17.27,35,100,151.4,0.2,35,0,0,0,1,1,0,8,2,6,1.5516464616235706
1207,17.29,27,67,121.0,0.2,27,0,0,0,1,1,0,2,2,3,1.8362208717658253
1208,17.32,49,150,234.6,0.2,51,0,0,0,0,0,1,5,2,3,2.005767256797853
1209,17.33,17,65,67.5,0.2,17,0,0,0,1,1,0,6,2,0,1.992566794892039
1210,17.34,7,17,28.1,0.2,7,0,0,0,1,1,0,0,1,2,2.4919073804090734
1211,17.34,10,24,39.5,0.2,10,0,0,0,1,1,0,3,1,1,2.2146781708227112
1212,17.38,45,194,186.3,0.2,45,0,0,0,1,1,0,14,6,3,1.5503295561190082
1213,17.4,32,90,145.8,0.2,33,0,0,0,1,1,0,5,4,2,1.685302464930371
1214,17.41,9,31,32.7,0.2,9,0,0,0,1,1,0,4,1,2,1.9537078783183843
1215,17.42,16,54,66.2,0.2,16,0,0,0,1,1,0,3,1,4,1.4301580572609465
1216,17.42,4,12,13.7,0.2,4,0,0,0,1,1,0,0,1,1,3.526250180981131
1217,17.43,14,37,59.1,0.2,14,0,0,0,1,1,0,2,1,2,2.4081379774703673
1218,17.44,9,17,38.2,0.2,9,0,0,0,1,1,0,0,1,1,3.185294755206441
1219,17.45,27,72,119.3,0.2,27,0,0,0,1,1,0,3,3,5,1.768828015656281
1220,17.46,15,33,63.7,0.2,15,0,0,0,1,1,0,3,1,0,2.2093144118506545
1221,17.49,49,148,234.7,0.2,51,0,0,0,0,0,1,5,1,4,1.7885300043279218
1222,17.5,16,42,67.6,0.2,16,0,0,0,1,1,0,3,2,2,2.0561098225048107
1223,17.53,44,162,190.2,0.2,44,0,0,0,1,1,0,8,5,6,1.5910257832839025
1224,17.54,1,5,3.5,0.2,2,0,0,0,1,1,0,1,1,0,8.007951343316288
1225,17.55,10,39,44.9,0.2,11,0,0,0,1,1,0,1,1,2,1.8318536493567377
1226,17.57,35,95,157.1,0.2,35,0,0,0,1,1,0,3,4,4,1.9025302341268724
1227,17.58,24,60,105.9,0.2,24,0,0,0,1,1,0,3,2,1,1.83455986247327
1228,17.6,34,92,149.6,0.2,34,0,0,0,1,1,0,6,3,2,1.5546993791327022
1229,17.61,16,49,70.8,0.2,17,0,0,0,1,1,0,4,2,3,1.660736101421597
1230,17.64,41,158,175.8,0.2,41,0,0,0,1,1,0,8,1,4,1.34805162688154
1231,17.65,10,30,39.8,0.2,10,0,0,0,1,1,0,2,1,2,2.0437621118834723
1232,17.66,25,65,110.1,0.2,25,0,0,0,1,1,0,3,1,4,1.8410559373269235
1233,17.67,8,25,28.5,0.2,8,0,0,0,1,1,0,4,2,0,2.148205620284979
1234,17.7,50,170,222.2,0.2,50,0,0,0,0,0,1,10,5,7,1.8748384049056057
1235,17.72,33,87,146.0,0.2,33,0,0,0,1,1,0,5,4,3,1.5979523700618619
1236,17.74,23,65,98.3,0.2,23,0,0,0,1,1,0,5,3,2,1.475376816247801
1237,17.75,18,44,76.4,0.2,18,0,0,0,1,1,0,4,1,2,2.078082213377425
1238,17.77,35,98,157.9,0.2,35,0,0,0,1,1,0,2,2,3,1.783272465072124
1239,17.77,7,15,27.4,0.2,7,0,0,0,1,1,0,1,1,1,2.4510554487449445
1240,17.79,29,92,126.5,0.2,29,0,0,0,1,1,0,4,2,3,1.96307111239709
1241,17.8,4,15,9.4,0.2,4,0,0,0,1,1,0,4,1,1,3.7874055888692815
1242,17.83,49,158,230.8,0.2,51,0,0,0,0,0,1,8,3,3,1.922480296114856
1243,17.84,10,30,40.9,0.2,10,0,0,0,1,1,0,1,2,1,1.9700441900820465
1244,17.85,15,42,67.5,0.2,16,0,0,0,1,1,0,3,1,3,2.024555806047403
1245,17.88,49,158,229.4,0.2,51,0,0,0,0,0,1,9,3,7,1.944543131797037
1246,17.9,41,105,183.1,0.2,41,0,0,0,1,1,0,6,3,4,1.6607992526395223
1247,17.91,6,22,18.7,0.2,6,0,0,0,1,1,0,4,1,1,1.7937959323649226
1248,17.94,49,146,231.0,0.2,51,0,0,0,0,0,1,9,3,3,1.7837362639569398
1249,17.95,9,28,33.1,0.2,9,0,0,0,1,1,0,4,1,1,1.8487395350903333
1250,17.98,49,162,236.0,0.2,51,0,0,0,0,0,1,2,1,7,1.7633361122221967
1251,18.01,48,139,210.7,0.2,48,0,0,0,1,1,0,10,2,4,1.78365334495624
1252,18.02,1,9,-3.9,0.2,1,0,0,0,1,1,0,3,1,0,3.5094316765615705
1253,18.02,6,18,22.2,0.2,6,0,0,0,1,1,0,1,1,0,2.065080205066271
1254,18.03,16,59,65.1,0.2,16,0,0,0,1,1,0,4,3,0,2.2516127948511584
1255,18.05,24,67,102.1,0.2,24,0,0,0,1,1,0,6,1,2,1.9920007511056217
1256,18.07,31,94,134.0,0.2,31,0,0,0,1,1,0,6,2,6,1.7251247341728309
1257,18.07,2,8,3.9,0.2,2,0,0,0,1,1,0,0,1,3,3.5460994490541218
1258,18.09,27,67,117.1,0.2,27,0,0,0,1,1,0,6,2,2,1.7204261973990793
1259,18.1,17,47,67.2,0.2,17,0,0,0,1,1,0,8,3,1,2.0755194081564063
1260,18.12,34,91,151.8,0.2,34,0,0,0,1,1,0,4,2,1,1.8188644724571967
1261,18.12,3,10,8.9,0.2,3,0,0,0,1,1,0,0,1,1,4.414236181751423
1262,18.14,19,43,83.6,0.2,19,0,0,0,1,1,0,2,2,1,1.9520737145648612
1263,18.14,10,25,47.3,0.2,11,0,0,0,1,1,0,0,1,2,2.849419086083716
1264,18.17,42,118,181.8,0.2,42,0,0,0,1,1,0,11,3,4,1.7741510251294752
1265,18.19,25,76,113.0,0.2,26,0,0,0,1,1,0,4,2,4,1.7400044117571098
1266,18.22,49,169,232.3,0.2,51,0,0,0,0,0,1,5,2,7,1.6574275328053525
1267,18.23,14,38,60.1,0.2,14,0,0,0,1,1,0,1,2,1,1.8323760457870724
1268,18.25,21,62,91.5,0.2,21,0,0,0,1,1,0,2,1,3,1.7280269996196551
1269,18.27,41,127,180.9,0.2,41,0,0,0,1,1,0,6,3,4,1.6608469340097392
1270,18.3,46,141,205.9,0.2,46,0,0,0,1,1,0,4,3,10,1.860467446468709
1271,18.3,0,5,-6.6,0.2,0,0,0,0,1,1,0,1,1,1,8.374979898465734
1272,18.32,29,77,127.2,0.2,29,0,0,0,1,1,0,5,5,1,1.8189417723687609
1273,18.35,47,153,204.0,0.2,47,0,0,0,1,1,0,10,4,7,1.6043310509281834
1274,18.38,37,90,165.8,0.2,37,0,0,0,1,1,0,5,4,2,1.6241715896050481
1275,18.39,21,62,90.6,0.2,21,0,0,0,1,1,0,3,2,2,1.2664209484563134
1276,18.39,5,10,18.7,0.2,5,0,0,0,1,1,0,0,1,3,3.323421373473734
1277,18.4,21,54,92.5,0.2,21,0,0,0,1,1,0,2,3,1,2.524531727626924
1278,18.43,42,127,188.7,0.2,42,0,0,0,1,1,0,3,2,6,1.4644004911764448
1279,18.46,44,130,195.5,0.2,44,0,0,0,1,1,0,6,4,5,1.8106988240626318
1280,18.47,21,51,92.7,0.2,21,0,0,0,1,1,0,2,2,2,1.721635172845033
1281,18.48,8,16,32.4,0.2,8,0,0,0,1,1,0,1,1,0,3.0568920467273095
1282,18.49,22,44,96.6,0.2,22,0,0,0,1,1,0,4,2,0,1.898526418901248
1283,18.52,47,140,211.6,0.2,47,0,0,0,1,1,0,4,2,4,1.484676540937669
1284,18.52,12,35,49.3,0.2,12,0,0,0,1,1,0,2,1,2,1.7298563917226337
1285,18.53,2,6,2.3,0.2,2,0,0,0,1,1,0,2,1,1,4.508190338564751
1286,18.53,11,32,49.7,0.2,12,0,0,0,1,1,0,2,1,1,1.6668726867486139
1287,18.54,7,22,31.5,0.2,8,0,0,0,1,1,0,1,1,3,2.383153620595681
1288,18.57,42,126,188.1,0.2,42,0,0,0,1,1,0,4,2,3,1.6011781698603351
1289,18.58,13,39,53.0,0.2,13,0,0,0,1,1,0,3,1,1,1.8101973323277314
1290,18.58,6,15,22.4,0.2,6,0,0,0,1,1,0,1,1,1,2.600682502989556
1291,18.59,19,44,87.5,0.2,20,0,0,0,1,1,0,3,2,1,2.0688701311366158
1292,18.6,13,28,53.1,0.2,13,0,0,0,1,1,0,4,1,1,2.1447153121070612
1293,18.61,22,66,92.3,0.2,22,0,0,0,1,1,0,6,1,1,1.9366201287257796
1294,18.61,2,6,4.3,0.2,2,0,0,0,1,1,0,0,1,1,4.518627916941181
1295,18.62,5,13,17.7,0.2,5,0,0,0,1,1,0,1,1,0,2.1321782963629756
1296,18.65,49,150,232.3,0.2,51,0,0,0,0,0,1,7,2,6,1.5037110429048801
1297,18.66,28,65,131.1,0.2,29,0,0,0,1,1,0,2,2,4,1.9701189716199163
1298,18.69,48,133,218.2,0.2,48,0,0,0,1,1,0,3,4,5,1.6422185186738518
1299,18.72,40,101,176.2,0.2,40,0,0,0,1,1,0,8,5,7,1.6524282668696837
1300,18.74,43,122,201.5,0.2,44,0,0,0,1,1,0,1,5,3,1.8094046472919443
1301,18.76,28,72,125.6,0.2,28,0,0,0,1,1,0,2,3,2,1.7989717701396373
1302,18.79,44,139,194.8,0.2,44,0,0,0,1,1,0,6,2,3,1.80910633789663
1303,18.82,45,142,199.4,0.2,46,0,0,0,1,1,0,11,3,4,1.6834804626981212
1304,18.84,36,107,161.9,0.2,37,0,0,0,1,1,0,7,2,4,1.5390080893643046
1305,18.85,12,37,49.1,0.2,12,0,0,0,1,1,0,2,1,2,1.6975056731202438
1306,18.85,1,5,-2.5,0.2,1,0,0,0,1,1,0,2,1,0,6.056014990692876
1307,18.88,45,140,199.6,0.2,45,0,0,0,1,1,0,6,4,4,1.7130563565846464
1308,18.92,49,175,223.0,0.2,51,0,0,0,0,0,1,14,2,4,1.6356789669764382
1309,18.92,11,31,43.9,0.2,11,0,0,0,1,1,0,3,1,0,1.8975470201683662
1310,18.93,5,12,15.8,0.2,5,0,0,0,1,1,0,3,2,0,3.15186571236662
1311,18.93,3,7,8.3,0.2,3,0,0,0,1,1,0,1,1,0,5.080769619796241
1312,18.94,17,48,70.0,0.2,17,0,0,0,1,1,0,5,2,2,1.9049507223648317
1313,18.95,19,48,82.9,0.2,19,0,0,0,1,1,0,2,1,3,1.9079075802137127
1314,18.96,5,16,15.4,0.2,5,0,0,0,1,1,0,3,1,0,2.6811557312751724
1315,18.99,49,145,235.2,0.2,51,0,0,0,0,0,1,5,6,2,1.7569586341724206
1316,18.99,15,30,66.0,0.2,15,0,0,0,1,1,0,1,1,0,2.031465661667485
1317,19.0,9,31,32.7,0.2,9,0,0,0,1,1,0,4,2,2,2.2417306397319576
1318,19.0,6,19,25.0,0.2,7,0,0,0,1,1,0,3,2,1,3.027644069183532
1319,19.03,49,147,233.5,0.2,51,0,0,0,0,0,1,6,4,7,1.904589046983723
1320,19.04,13,36,58.3,0.2,14,0,0,0,1,1,0,3,2,1,1.7276676110929774
1321,19.04,1,5,4.4,0.2,2,0,0,0,1,1,0,0,1,1,4.281113859539637
1322,19.05,7,24,26.4,0.2,7,0,0,0,1,1,0,1,2,2,1.8630335552337762
1323,19.06,19,46,79.3,0.2,19,0,0,0,1,1,0,6,2,1,1.771271744050981
1324,19.07,13,33,58.2,0.2,14,0,0,0,1,1,0,3,1,5,2.3187559141803447
1325,19.08,18,50,73.7,0.2,18,0,0,0,1,1,0,6,2,3,1.9221882733133464
1326,19.08,3,14,4.6,0.2,3,0,0,0,1,1,0,4,1,0,2.3069548672946794
1327,19.09,8,22,29.7,0.2,8,0,0,0,1,1,0,3,1,1,2.1647119789796636
1328,19.09,3,7,9.3,0.2,3,0,0,0,1,1,0,0,1,0,3.0899578986082497
1329,19.11,42,116,195.0,0.2,43,0,0,0,1,1,0,3,3,4,1.4970459203394748
1330,19.13,26,71,114.7,0.2,26,0,0,0,1,1,0,3,2,2,2.001590967164871
1331,19.13,5,9,18.0,0.2,5,0,0,0,1,1,0,1,1,1,3.345714394288967
1332,19.15,22,65,101.2,0.2,23,0,0,0,1,1,0,2,1,3,1.517746315456007
1333,19.16,16,43,69.3,0.2,16,0,0,0,1,1,0,1,1,4,2.0385940509468545
1334,19.16,5,17,18.1,0.2,5,0,0,0,1,1,0,0,1,2,2.6389864439401656
1335,19.16,0,6,-7.6,0.2,0,0,0,0,1,1,0,2,1,0,4.6087604366032116
1336,19.16,1,5,-2.5,0.2,1,0,0,0,1,1,0,2,1,0,5.388071233521377
1337,19.18,36,83,162.2,0.2,36,0,0,0,1,1,0,4,1,5,1.8158330278036543
1338,19.19,22,46,97.2,0.2,22,0,0,0,1,1,0,3,1,2,1.9125134179058434
1339,19.21,29,94,120.9,0.2,29,0,0,0,1,1,0,9,5,7,1.6801909982677716
1340,19.22,21,47,91.2,0.2,21,0,0,0,1,1,0,4,3,1,2.0758379539293492
1341,19.23,8,28,37.0,0.2,9,0,0,0,1,1,0,0,1,2,2.071431599494774
1342,19.25,22,65,92.4,0.2,22,0,0,0,1,1,0,6,2,1,1.561885579507667
1343,19.25,4,16,13.3,0.2,4,0,0,0,1,1,0,0,1,1,2.1814363995674992
1344,19.26,13,47,49.3,0.2,13,0,0,0,1,1,0,6,2,0,1.6406980222419576
1345,19.28,32,86,144.1,0.2,32,0,0,0,1,1,0,2,2,3,1.6110761243991052
1346,19.28,3,11,4.8,0.2,3,0,0,0,1,1,0,4,1,1,3.0463991871499205
1347,19.28,5,15,16.5,0.2,5,0,0,0,1,1,0,2,1,0,2.0838368535325533
1348,19.3,24,68,103.9,0.2,24,0,0,0,1,1,0,4,4,3,1.9244471364371227
1349,19.31,20,62,80.6,0.2,20,0,0,0,1,1,0,8,4,2,1.4485335683690337
1350,19.35,49,157,230.0,0.2,51,0,0,0,0,0,1,9,1,2,1.8909981913422866
1351,19.35,8,23,36.7,0.2,9,0,0,0,1,1,0,1,1,0,2.5357807650924222
1352,19.36,10,24,42.3,0.2,10,0,0,0,1,1,0,0,1,3,2.0040643510593945
1353,19.37,30,71,128.7,0.2,30,0,0,0,1,1,0,9,3,2,1.6624847936248093
1354,19.39,25,65,111.3,0.2,25,0,0,0,1,1,0,2,1,2,1.5364585934930008
1355,19.4,23,67,99.0,0.2,23,0,0,0,1,1,0,4,2,3,1.8049312532911337
1356,19.41,6,17,21.1,0.2,6,0,0,0,1,1,0,2,1,2,2.9586061183283796
1357,19.44,44,149,193.8,0.2,44,0,0,0,1,1,0,6,3,3,1.6549016700637946
1358,19.44,4,10,13.9,0.2,4,0,0,0,1,1,0,0,1,1,3.1200995328654657
1359,19.45,4,16,11.3,0.2,4,0,0,0,1,1,0,2,1,1,2.382734264352306
1360,19.47,41,120,179.8,0.2,41,0,0,0,1,1,0,8,2,2,1.7387763024928617
1361,19.5,39,117,175.7,0.2,40,0,0,0,1,1,0,7,4,6,1.3454915803667629
1362,19.51,29,83,130.4,0.2,29,0,0,0,1,1,0,1,1,3,1.9388145667678902
1363,19.52,3,13,8.7,0.2,3,0,0,0,1,1,0,0,1,0,2.4698110608470434
1364,19.52,5,13,15.7,0.2,5,0,0,0,1,1,0,3,1,0,3.216218702027319
1365,19.56,49,160,215.6,0.2,49,0,0,0,1,1,0,8,5,4,1.7308720218756588
1366,19.58,39,118,171.9,0.2,39,0,0,0,1,1,0,6,5,3,1.7758313426551804
1367,19.59,5,12,17.7,0.2,5,0,0,0,1,1,0,1,1,1,3.465730936560727
1368,19.6,16,68,67.1,0.2,17,0,0,0,1,1,0,6,2,1,1.5905607172608334
1369,19.64,49,184,225.9,0.2,51,0,0,0,0,0,1,10,3,6,1.9000425344264515
1370,19.64,1,5,3.4,0.2,2,0,0,0,1,1,0,1,1,1,5.154649260906826
1371,19.65,10,23,42.4,0.2,10,0,0,0,1,1,0,0,1,3,2.4085546116218532
1372,19.65,6,17,20.3,0.2,6,0,0,0,1,1,0,3,1,0,2.3111018218937573
1373,19.65,1,5,-1.5,0.2,1,0,0,0,1,1,0,1,1,0,2.83190625287424
1374,19.68,49,128,236.1,0.2,51,0,0,0,0,0,1,6,2,0,1.849937370285017
1375,19.68,1,5,-1.5,0.2,1,0,0,0,1,1,0,1,1,0,5.236025706076281
1376,19.7,33,77,149.0,0.2,33,0,0,0,1,1,0,3,1,3,1.526711107777094
1377,19.71,4,18,10.1,0.2,4,0,0,0,1,1,0,3,1,1,2.134001147581205
1378,19.71,5,12,23.8,0.2,6,0,0,0,1,1,0,0,1,0,2.2229041054073
1379,19.71,4,14,9.6,0.2,4,0,0,0,1,1,0,4,1,0,2.4236779372083044
1380,19.73,24,85,102.1,0.2,24,0,0,0,1,1,0,4,2,4,1.9669714692052902
1381,19.74,14,38,57.1,0.2,14,0,0,0,1,1,0,4,2,1,1.8994365983464376
1382,19.75,12,35,51.5,0.2,12,0,0,0,1,1,0,0,1,0,1.7401421727137885
1383,19.78,49,157,209.1,0.2,49,0,0,0,1,1,0,15,5,2,1.6549850450257768
1384,19.8,33,94,143.5,0.2,33,0,0,0,1,1,0,7,1,1,1.754687116891594
1385,19.82,26,74,110.4,0.2,26,0,0,0,1,1,0,7,1,2,1.816304956497344
1386,19.85,49,166,227.8,0.2,51,0,0,0,0,0,1,10,1,5,1.7904108669504846
1387,19.86,7,19,25.9,0.2,7,0,0,0,1,1,0,2,1,2,2.227034024596351
1388,19.89,46,148,200.8,0.2,46,0,0,0,1,1,0,9,5,4,1.4121375121182185
1389,19.9,19,40,84.8,0.2,19,0,0,0,1,1,0,1,1,2,1.896411157441218
1390,19.93,36,155,151.3,0.2,36,0,0,0,1,1,0,8,3,2,1.6118366442269685
1391,19.96,49,161,232.2,0.2,51,0,0,0,0,0,1,6,4,6,1.747595507830701
1392,19.98,26,66,112.4,0.2,26,0,0,0,1,1,0,6,3,0,1.8292380017398275
1393,19.99,34,88,150.1,0.2,34,0,0,0,1,1,0,6,1,1,1.7013415585193805
1394,20.03,49,152,237.1,0.2,51,0,0,0,0,0,1,2,1,6,1.7179723998874505
1395,20.03,10,22,41.6,0.2,10,0,0,0,1,1,0,1,1,2,2.361446459719858
1396,20.04,8,23,30.5,0.2,8,0,0,0,1,1,0,2,1,2,1.986120597133511
1397,20.07,49,145,233.6,0.2,51,0,0,0,0,0,1,6,4,8,1.7432288423820625
1398,20.09,30,78,134.0,0.2,30,0,0,0,1,1,0,3,2,2,1.5255709944228284
1399,20.09,1,8,-1.9,0.2,1,0,0,0,1,1,0,1,1,1,4.204479286226309
1400,20.12,48,142,213.4,0.2,48,0,0,0,1,1,0,7,5,4,1.431613535275243
1401,20.13,15,47,56.2,0.2,15,0,0,0,1,1,0,9,2,1,2.00131415242768
1402,20.16,33,122,138.4,0.2,33,0,0,0,1,1,0,9,3,4,1.5727436485926714
1403,20.17,21,59,88.9,0.2,21,0,0,0,1,1,0,5,3,2,2.058759302644112
1404,20.18,13,30,54.9,0.2,13,0,0,0,1,1,0,2,1,1,1.881766143785429
1405,20.18,7,16,28.4,0.2,7,0,0,0,1,1,0,0,1,0,2.1693052834159703
1406,20.21,45,149,195.7,0.2,45,0,0,0,1,1,0,9,3,4,1.4817058028675634
1407,20.22,11,29,42.1,0.2,11,0,0,0,1,1,0,5,2,0,2.2619681716743396
1408,20.23,21,82,88.3,0.2,21,0,0,0,1,1,0,3,3,5,1.6832484038404905
1409,20.26,35,129,147.7,0.2,35,0,0,0,1,1,0,9,3,4,1.8538453541730824
1410,20.28,34,94,149.4,0.2,34,0,0,0,1,1,0,6,5,2,1.5742057939057639
1411,20.29,13,32,50.8,0.2,13,0,0,0,1,1,0,6,1,0,2.1663699002656087
1412,20.29,5,16,16.3,0.2,5,0,0,0,1,1,0,2,1,1,2.319900185612513
1413,20.31,25,72,108.4,0.2,25,0,0,0,1,1,0,4,1,4,1.337263511514197
1414,20.35,49,208,219.6,0.2,51,0,0,0,0,0,1,14,3,5,1.707499509186501
1415,20.37,29,85,124.2,0.2,29,0,0,0,1,1,0,7,1,3,1.4386288502698563
1416,20.38,11,34,44.5,0.2,11,0,0,0,1,1,0,2,1,1,1.684910876822395
1417,20.38,2,8,4.2,0.2,2,0,0,0,1,1,0,0,1,0,3.2864109171811102
1418,20.39,13,46,49.3,0.2,13,0,0,0,1,1,0,6,1,1,1.6078942396461935
1419,20.42,42,116,183.9,0.2,42,0,0,0,1,1,0,9,3,5,1.5939638092807127
1420,20.42,8,19,29.0,0.2,8,0,0,0,1,1,0,4,1,1,2.507314019084293
1421,20.43,14,51,56.4,0.2,14,0,0,0,1,1,0,3,1,5,1.5956064825572769
1422,20.44,8,21,29.9,0.2,8,0,0,0,1,1,0,3,2,0,3.0288752424864818
1423,20.44,2,9,4.1,0.2,2,0,0,0,1,1,0,0,1,0,4.391647629014041
1424,20.44,0,5,-1.5,0.2,1,0,0,0,1,1,0,1,1,0,6.241831761746154
1425,20.46,43,112,194.4,0.2,43,0,0,0,1,1,0,4,1,4,1.7544304783127573
1426,20.49,48,138,213.7,0.2,48,0,0,0,1,1,0,7,6,5,1.6592519843116107
1427,20.5,20,47,88.3,0.2,20,0,0,0,1,1,0,2,3,0,1.8261569247106633
1428,20.53,49,151,233.4,0.2,51,0,0,0,0,0,1,6,4,4,1.999540904158906
1429,20.54,4,12,13.7,0.2,4,0,0,0,1,1,0,0,1,1,2.8094396357245075
1430,20.55,21,66,90.0,0.2,21,0,0,0,1,1,0,3,1,4,1.8408245059668509
1431,20.56,11,23,45.6,0.2,11,0,0,0,1,1,0,2,2,1,2.076514419641073
1432,20.59,49,159,220.5,0.2,49,0,0,0,1,1,0,3,3,6,1.496485885729062
1433,20.61,25,65,110.4,0.2,25,0,0,0,1,1,0,3,3,1,1.405235670820457
1434,20.63,22,88,94.9,0.2,22,0,0,0,1,1,0,1,2,3,1.5857827624315768
1435,20.65,27,108,109.8,0.2,27,0,0,0,1,1,0,9,4,4,1.381795491909007
1436,20.66,9,35,33.5,0.2,9,0,0,0,1,1,0,3,1,0,1.9531810642530782
1437,20.68,20,47,85.1,0.2,20,0,0,0,1,1,0,5,2,2,1.9915910647757078
1438,20.71,49,168,214.8,0.2,49,0,0,0,1,1,0,8,5,4,1.5503826541495804
1439,20.74,40,120,184.6,0.2,41,0,0,0,1,1,0,3,2,4,1.5495193131222116
1440,20.77,47,132,209.6,0.2,47,0,0,0,1,1,0,7,3,2,1.5175794015231308
1441,20.78,20,55,87.4,0.2,20,0,0,0,1,1,0,2,1,1,1.4867374175779826
1442,20.79,9,27,38.1,0.2,10,0,0,0,1,1,0,4,1,2,2.4099008353840365
1443,20.82,49,140,235.4,0.2,51,0,0,0,0,0,1,5,3,5,2.018488213524294
1444,20.82,1,5,-0.5,0.2,1,0,0,0,1,1,0,0,1,0,4.152360561576856
1445,20.83,4,18,9.2,0.2,4,0,0,0,1,1,0,4,2,0,1.9883410926568486
1446,20.85,34,92,148.4,0.2,34,0,0,0,1,1,0,7,2,4,1.5234749551712148
1447,20.89,49,202,227.8,0.2,51,0,0,0,0,0,1,6,4,9,1.5292433407683206
1448,20.92,49,141,230.4,0.2,51,0,0,0,0,0,1,10,1,4,1.6964229703687266
1449,20.93,13,35,56.4,0.2,13,0,0,0,1,1,0,0,2,1,1.844208207602502
1450,20.94,7,15,26.4,0.2,7,0,0,0,1,1,0,2,1,1,2.9002134476578596
1451,20.95,24,62,104.7,0.2,24,0,0,0,1,1,0,4,1,1,1.720172916779389
1452,20.98,50,162,223.9,0.2,50,0,0,0,0,0,1,9,2,8,1.5313964217723168
1453,21.01,39,112,168.6,0.2,39,0,0,0,1,1,0,10,1,2,1.7461577757621214
1454,21.01,14,35,58.4,0.2,14,0,0,0,1,1,0,3,2,1,1.9504171278938989
1455,21.04,43,115,190.8,0.2,43,0,0,0,1,1,0,7,3,7,1.6277332363098451
1456,21.07,50,149,228.6,0.2,50,0,0,0,0,0,1,6,3,4,1.3634120764376125
1457,21.08,11,34,42.4,0.2,11,0,0,0,1,1,0,4,2,2,1.4329354653778732
1458,21.09,23,69,98.9,0.2,23,0,0,0,1,1,0,4,3,2,1.6552447989891261
1459,21.11,31,88,141.0,0.2,32,0,0,0,1,1,0,5,3,2,1.6075865759956414
1460,21.14,40,116,174.3,0.2,40,0,0,0,1,1,0,9,3,1,1.5925152895294046
1461,21.15,21,56,93.0,0.2,21,0,0,0,1,1,0,1,3,4,1.6755948936910403
1462,21.15,8,26,27.2,0.2,8,0,0,0,1,1,0,5,1,2,2.3360039475044223
1463,21.19,44,148,191.7,0.2,44,0,0,0,1,1,0,8,3,5,1.7061519787499762
1464,21.19,15,32,66.8,0.2,15,0,0,0,1,1,0,0,2,0,2.5270233027907376
1465,21.2,7,24,23.6,0.2,7,0,0,0,1,1,0,4,2,0,2.0959386827479114
1466,21.21,17,37,80.3,0.2,18,0,0,0,1,1,0,1,2,0,1.8840538494796135
1467,21.23,34,92,153.8,0.2,34,0,0,0,1,1,0,1,3,10,2.006678963556449
1468,21.24,5,21,17.6,0.2,5,0,0,0,1,1,0,0,1,3,2.101972386509691
1469,21.26,35,94,155.5,0.2,35,0,0,0,1,1,0,5,5,1,1.276543315507678
1470,21.26,1,6,-4.6,0.2,1,0,0,0,1,1,0,4,1,0,4.490684451242484
1471,21.29,49,134,234.1,0.2,51,0,0,0,0,0,1,7,1,4,1.6845066471020056
1472,21.31,29,93,122.3,0.2,29,0,0,0,1,1,0,8,2,4,1.7196497247286044
1473,21.34,49,157,235.4,0.2,51,0,0,0,0,0,1,3,1,8,1.7400362006900372
1474,21.36,15,44,64.6,0.2,15,0,0,0,1,1,0,1,2,0,1.658775923452817
1475,21.36,10,33,39.5,0.2,10,0,0,0,1,1,0,2,1,2,2.08289983246835
1476,21.39,49,155,233.6,0.2,51,0,0,0,0,0,1,5,2,8,1.7300353348568154
1477,21.42,34,102,148.4,0.2,34,0,0,0,1,1,0,6,3,4,1.5403906498028959
1478,21.45,48,174,200.0,0.2,48,0,0,0,1,1,0,17,5,6,1.3759682876092574
1479,21.47,16,45,69.5,0.2,16,0,0,0,1,1,0,1,2,0,1.3591327216044666
1480,21.48,22,50,98.0,0.2,22,0,0,0,1,1,0,2,1,0,1.8553241918801018
1481,21.48,8,21,28.8,0.2,8,0,0,0,1,1,0,4,2,1,1.8096341872595811
1482,21.5,35,86,154.6,0.2,35,0,0,0,1,1,0,6,2,8,1.6704646141805726
1483,21.54,37,155,157.9,0.2,37,0,0,0,1,1,0,6,3,6,1.4327789254117516
1484,21.56,37,93,166.4,0.2,37,0,0,0,1,1,0,4,1,3,1.7072809273720444
1485,21.57,27,66,122.3,0.2,27,0,0,0,1,1,0,1,4,1,1.870448073705052
1486,21.58,7,16,27.4,0.2,7,0,0,0,1,1,0,1,1,0,2.1217524761279356
1487,21.58,7,16,28.3,0.2,7,0,0,0,1,1,0,0,1,1,2.953766370951901
1488,21.6,20,74,84.4,0.2,20,0,0,0,1,1,0,3,1,2,1.787672356035232
1489,21.62,34,107,146.6,0.2,34,0,0,0,1,1,0,7,3,7,1.4834434900956688
1490,21.64,34,88,157.0,0.2,35,0,0,0,1,1,0,4,2,2,1.87137635640632
1491,21.65,10,28,40.7,0.2,10,0,0,0,1,1,0,1,1,5,2.0281076792113204
1492,21.66,19,72,80.6,0.2,19,0,0,0,1,1,0,2,4,2,1.8422845676395765
1493,21.69,45,132,200.3,0.2,45,0,0,0,1,1,0,6,3,5,1.577869496218966
1494,21.72,33,102,144.2,0.2,33,0,0,0,1,1,0,5,3,6,1.6808455523621268
1495,21.75,49,173,228.0,0.2,51,0,0,0,0,0,1,9,4,6,1.7673557043558406
1496,21.77,27,74,116.4,0.2,27,0,0,0,1,1,0,6,3,2,1.7703917576948316
1497,21.8,43,148,184.7,0.2,43,0,0,0,1,1,0,10,1,5,1.917154848178505
1498,21.84,49,184,228.9,0.2,51,0,0,0,0,0,1,7,3,6,1.45391932703327
1499,21.85,21,60,89.8,0.2,21,0,0,0,1,1,0,4,1,2,2.0050809093260136
1500,21.86,14,35,58.3,0.2,14,0,0,0,1,1,0,3,2,2,1.5166751692641876
1501,21.88,43,109,196.7,0.2,44,0,0,0,1,1,0,7,3,4,1.5756819083468594
1502,21.91,39,126,169.3,0.2,39,0,0,0,1,1,0,8,4,1,1.7192681442235034
1503,21.92,14,56,53.1,0.2,14,0,0,0,1,1,0,6,1,3,1.3856356604938167
1504,21.92,7,11,28.9,0.2,7,0,0,0,1,1,0,0,1,0,2.8925853323430597
1505,21.94,16,52,65.6,0.2,16,0,0,0,1,1,0,4,1,2,1.5440207434367632
1506,21.97,49,192,227.0,0.2,51,0,0,0,0,0,1,8,2,7,1.5591342469205893
1507,22.0,42,106,189.1,0.2,42,0,0,0,1,1,0,5,2,3,1.6573462527733278
1508,22.01,20,62,88.6,0.2,21,0,0,0,1,1,0,5,1,2,1.752022871401271
1509,22.02,12,24,50.5,0.2,12,0,0,0,1,1,0,2,1,1,2.269264225112327
1510,22.03,7,31,22.8,0.2,7,0,0,0,1,1,0,4,2,1,2.36380720755553
1511,22.06,48,149,212.7,0.2,48,0,0,0,1,1,0,7,4,4,1.5485557324570383
1512,22.07,16,63,71.6,0.2,17,0,0,0,1,1,0,2,3,1,1.7246256823237935
1513,22.08,9,20,37.8,0.2,9,0,0,0,1,1,0,0,1,2,2.8448259002899943
1514,22.09,27,78,117.4,0.2,27,0,0,0,1,1,0,4,1,8,1.5948380584703905
1515,22.11,16,49,65.9,0.2,16,0,0,0,1,1,0,4,2,2,1.5779921932203798
1516,22.11,5,14,18.6,0.2,5,0,0,0,1,1,0,0,1,0,2.2568685553868897
1517,22.12,11,22,46.8,0.2,11,0,0,0,1,1,0,1,1,0,1.985435272388535
1518,22.12,17,30,74.9,0.2,17,0,0,0,1,1,0,2,1,1,2.3116071992061937
1519,22.15,36,100,160.6,0.2,36,0,0,0,1,1,0,4,3,4,1.5936248568894618
1520,22.15,7,22,27.6,0.2,7,0,0,0,1,1,0,0,2,2,2.6752763790127725
1521,22.17,16,45,69.3,0.2,16,0,0,0,1,1,0,1,2,2,1.6635526614290947
1522,22.17,5,17,17.2,0.2,5,0,0,0,1,1,0,1,2,1,2.1496097905825193
1523,22.18,19,43,82.4,0.2,19,0,0,0,1,1,0,3,2,3,2.0830986915314202
1524,22.19,6,23,18.7,0.2,6,0,0,0,1,1,0,4,1,0,1.843145333064994
1525,22.19,0,6,-0.7,0.2,1,0,0,0,1,1,0,0,1,1,4.718709193753976
1526,22.19,2,8,1.1,0.2,2,0,0,0,1,1,0,3,1,1,3.480113343696086
1527,22.21,33,108,140.8,0.2,33,0,0,0,1,1,0,8,4,4,1.5462814806738023
1528,22.22,16,37,67.2,0.2,16,0,0,0,1,1,0,4,1,1,1.7876231486006746
1529,22.23,16,28,71.0,0.2,16,0,0,0,1,1,0,1,1,2,2.2493921812799735
1530,22.23,6,24,21.5,0.2,6,0,0,0,1,1,0,1,2,1,2.3891083468911183
1531,22.25,40,100,182.6,0.2,40,0,0,0,1,1,0,2,4,4,1.7411191871506169
1532,22.29,47,150,207.4,0.2,47,0,0,0,1,1,0,7,5,6,1.7604422910915525
1533,22.29,7,33,20.4,0.2,7,0,0,0,1,1,0,6,1,3,1.8400737649269163
1534,22.32,36,121,156.7,0.2,36,0,0,0,1,1,0,6,4,2,1.905652100312887
1535,22.32,4,17,12.0,0.2,4,0,0,0,1,1,0,1,1,3,1.875471818385113
1536,22.33,9,23,33.6,0.2,9,0,0,0,1,1,0,4,1,1,2.375870663841474
1537,22.34,25,62,109.8,0.2,25,0,0,0,1,1,0,4,1,0,1.934788425312632
1538,22.36,18,43,79.5,0.2,18,0,0,0,1,1,0,1,1,2,1.6535843832149155
1539,22.37,22,64,94.4,0.2,22,0,0,0,1,1,0,4,3,2,1.829021367094367
1540,22.38,24,53,106.4,0.2,24,0,0,0,1,1,0,3,1,3,1.9653472550852564
1541,22.39,14,32,60.8,0.2,14,0,0,0,1,1,0,1,1,0,1.8149464726493523
1542,22.39,0,5,-1.6,0.2,1,0,0,0,1,1,0,1,1,1,4.519182158694774
1543,22.41,24,60,111.8,0.2,25,0,0,0,1,1,0,2,1,2,1.3925160849189095
1544,22.44,47,164,197.5,0.2,47,0,0,0,1,1,0,16,6,1,1.6555898063229617
1545,22.44,4,13,10.7,0.2,4,0,0,0,1,1,0,3,1,0,2.6100161148866525
1546,22.46,29,82,131.4,0.2,30,0,0,0,1,1,0,5,1,4,1.5198431492212139
1547,22.47,3,13,8.7,0.2,3,0,0,0,1,1,0,0,1,0,3.1119851936989584
1548,22.48,35,91,156.6,0.2,35,0,0,0,1,1,0,4,2,3,1.7859941803684147
1549,22.52,49,165,231.8,0.2,51,0,0,0,0,0,1,6,0,6,1.6069913901827275
1550,22.56,44,186,183.9,0.2,44,0,0,0,1,1,0,12,6,5,1.2798982419152949
1551,22.56,1,9,-4.1,0.2,1,0,0,0,1,1,0,3,1,2,3.581771458185102
1552,22.57,17,42,73.4,0.2,17,0,0,0,1,1,0,2,1,4,1.491140907004705
1553,22.61,49,230,222.4,0.2,51,0,0,0,0,0,1,9,3,5,1.7009925808693054
1554,22.64,43,106,193.8,0.2,43,0,0,0,1,1,0,5,2,6,1.8116329481723275
1555,22.66,40,132,174.0,0.2,40,0,0,0,1,1,0,7,2,8,1.7312129408053907
1556,22.69,48,140,215.7,0.2,48,0,0,0,1,1,0,5,5,3,1.7919225682721787
1557,22.71,26,84,110.3,0.2,26,0,0,0,1,1,0,6,2,3,1.6587148178442501
1558,22.74,49,149,232.6,0.2,51,0,0,0,0,0,1,7,3,4,1.4972740649823255
1559,22.77,49,150,232.3,0.2,51,0,0,0,0,0,1,7,4,6,1.5950114641200592
1560,22.79,31,101,134.6,0.2,31,0,0,0,1,1,0,5,2,3,1.74995140609797
1561,22.83,49,169,213.5,0.2,49,0,0,0,1,1,0,9,7,6,1.651609888735805
1562,22.84,24,81,101.5,0.2,24,0,0,0,1,1,0,5,1,4,1.9330400515214374
1563,22.85,12,38,49.1,0.2,12,0,0,0,1,1,0,2,1,1,2.0843599618934032
1564,22.87,35,94,156.4,0.2,35,0,0,0,1,1,0,4,2,2,1.4363724624128011
1565,22.89,25,96,98.8,0.2,25,0,0,0,1,1,0,11,2,6,1.7800010601338025
1566,22.93,48,149,208.7,0.2,48,0,0,0,1,1,0,11,3,4,1.8215442402315634
1567,22.93,11,18,48.1,0.2,11,0,0,0,1,1,0,0,1,1,2.7090473174583547
1568,22.94,21,52,90.4,0.2,21,0,0,0,1,1,0,4,1,4,1.7242826623311243
1569,22.94,5,14,17.5,0.2,5,0,0,0,1,1,0,1,1,1,2.9892611550638466
1570,22.97,46,141,201.6,0.2,46,0,0,0,1,1,0,9,4,3,1.75023164626315
1571,22.98,5,9,19.0,0.2,5,0,0,0,1,1,0,0,1,1,3.2596184519691067
1572,22.99,21,56,86.8,0.2,21,0,0,0,1,1,0,7,3,6,1.7295780480469303
1573,23.01,28,74,123.0,0.2,28,0,0,0,1,1,0,4,2,6,1.4542010759105373
1574,23.01,3,11,5.9,0.2,3,0,0,0,1,1,0,3,1,0,2.9388351800568846
1575,23.02,15,45,57.4,0.2,15,0,0,0,1,1,0,8,1,1,1.7885395853145463
1576,23.03,17,40,80.0,0.2,18,0,0,0,1,1,0,1,1,0,1.972538513730094
1577,23.05,38,103,169.3,0.2,38,0,0,0,1,1,0,5,4,4,1.6419955611954176
1578,23.08,40,119,170.7,0.2,40,0,0,0,1,1,0,12,3,4,1.6930368993420484
1579,23.09,23,51,99.9,0.2,23,0,0,0,1,1,0,5,2,0,1.7440690676506112
1580,23.11,45,118,200.6,0.2,45,0,0,0,1,1,0,7,2,6,1.7133704161659171
1581,23.13,24,61,106.8,0.2,24,0,0,0,1,1,0,2,2,1,1.5312761260478616
1582,23.14,16,44,68.3,0.2,16,0,0,0,1,1,0,2,2,3,1.6092661019637233
1583,23.14,2,13,0.6,0.2,2,0,0,0,1,1,0,3,1,1,3.2640409023968147
1584,23.16,24,68,108.1,0.2,25,0,0,0,1,1,0,5,4,1,1.7101370384803236
1585,23.18,39,105,171.0,0.2,39,0,0,0,1,1,0,8,3,5,1.6204976318580755
1586,23.2,30,86,135.9,0.2,31,0,0,0,1,1,0,5,2,5,1.5434666414265383
1587,23.2,6,16,26.3,0.2,7,0,0,0,1,1,0,2,1,1,2.1962121819518874
1588,23.24,49,168,228.9,0.2,51,0,0,0,0,0,1,9,4,2,1.845641404351162
1589,23.24,12,34,46.6,0.2,12,0,0,0,1,1,0,5,2,0,1.864167351219799
1590,23.25,2,7,1.3,0.2,2,0,0,0,1,1,0,3,1,0,4.271641242439019
1591,23.25,3,5,9.5,0.2,3,0,0,0,1,1,0,0,1,0,5.031655994327665
1592,23.25,6,17,20.2,0.2,6,0,0,0,1,1,0,3,1,1,2.0785928431597314
1593,23.26,4,20,16.8,0.2,5,0,0,0,1,1,0,1,1,2,2.529656107926813
1594,23.26,5,19,14.0,0.2,5,0,0,0,1,1,0,4,1,1,2.3877492741407305
1595,23.27,7,13,28.7,0.2,7,0,0,0,1,1,0,0,1,0,2.615134872077964
1596,23.3,50,152,220.8,0.2,50,0,0,0,1,1,0,8,2,10,1.6662096081222817
1597,23.31,15,54,56.5,0.2,15,0,0,0,1,1,0,8,1,1,1.32090764538807
1598,23.35,49,158,232.1,0.2,51,0,0,0,0,0,1,6,5,10,1.8903897543939572
1599,23.35,8,33,29.5,0.2,8,0,0,0,1,1,0,2,1,2,1.6963587386996213
1600,23.37,34,99,147.8,0.2,34,0,0,0,1,1,0,7,2,3,1.848414653415385
1601,23.38,3,14,3.6,0.2,3,0,0,0,1,1,0,5,1,0,2.6530552518537833
1602,23.38,3,23,4.6,0.2,3,0,0,0,1,1,0,3,1,1,1.9509145076073136
1603,23.39,8,21,28.9,0.2,8,0,0,0,1,1,0,4,2,0,3.063542310934172
1604,23.42,49,154,223.1,0.2,49,0,0,0,1,1,0,1,4,5,1.5618064013744992
1605,23.44,26,72,111.5,0.2,26,0,0,0,1,1,0,6,4,3,1.687973096534994
1606,23.47,48,155,211.2,0.2,48,0,0,0,1,1,0,8,2,3,1.5709494486284814
1607,23.48,9,22,34.7,0.2,9,0,0,0,1,1,0,3,1,1,2.4951790214514378
1608,23.53,50,183,220.6,0.2,50,0,0,0,0,0,1,10,6,10,1.4354913048224132
1609,23.54,10,27,41.2,0.2,10,0,0,0,1,1,0,1,1,1,1.9552591382431155
1610,23.54,3,15,8.4,0.2,3,0,0,0,1,1,0,0,2,1,3.3769552806574867
1611,23.57,34,122,143.3,0.2,34,0,0,0,1,1,0,9,2,5,1.7192200094206571
1612,23.59,32,81,143.7,0.2,32,0,0,0,1,1,0,3,3,2,1.6671265530910604
1613,23.61,28,59,126.9,0.2,28,0,0,0,1,1,0,2,1,2,1.5963160201350608
1614,23.61,3,9,8.0,0.2,3,0,0,0,1,1,0,1,1,1,3.2889829773908468
1615,23.62,15,44,62.4,0.2,15,0,0,0,1,1,0,3,1,2,1.5333650647848265
1616,23.64,33,85,142.1,0.2,33,0,0,0,1,1,0,9,3,4,1.3874770546179067
1617,23.64,7,23,26.4,0.2,7,0,0,0,1,1,0,1,1,3,2.5015965607571324
1618,23.67,47,125,216.0,0.2,47,0,0,0,1,1,0,1,2,5,1.6427933651581252
1619,23.7,41,121,184.4,0.2,41,0,0,0,1,1,0,3,3,5,1.5816841752969575
1620,23.71,18,52,77.6,0.2,18,0,0,0,1,1,0,2,2,2,1.861932235177385
1621,23.73,33,86,150.0,0.2,33,0,0,0,1,1,0,1,1,4,1.7419084292256213
1622,23.75,19,53,78.6,0.2,19,0,0,0,1,1,0,6,3,1,1.8406801175245304
1623,23.77,47,123,210.3,0.2,47,0,0,0,1,1,0,7,2,4,1.8896546537081704
1624,23.81,48,141,211.5,0.2,48,0,0,0,1,1,0,9,2,4,1.5167993224700689
1625,23.84,49,172,230.5,0.2,51,0,0,0,0,0,1,7,3,2,1.4712489882128972
1626,23.87,41,102,183.5,0.2,41,0,0,0,1,1,0,6,2,3,1.6792264230400176
1627,23.9,49,157,232.0,0.2,51,0,0,0,0,0,1,7,5,2,1.595371980387053
1628,23.9,2,12,1.6,0.2,2,0,0,0,1,1,0,2,1,2,2.9164961744642994
1629,23.91,17,40,74.9,0.2,17,0,0,0,1,1,0,1,1,1,1.5974764679966982
1630,23.93,30,66,141.2,0.2,31,0,0,0,1,1,0,2,2,2,1.907243520250137
1631,23.95,30,92,131.2,0.2,30,0,0,0,1,1,0,4,2,6,1.8170770545692037
1632,23.96,11,24,47.5,0.2,11,0,0,0,1,1,0,0,1,1,2.1095013236417937
1633,23.97,21,53,89.6,0.2,21,0,0,0,1,1,0,5,2,1,1.9643743203808113
1634,23.98,21,61,90.8,0.2,21,0,0,0,1,1,0,3,1,1,2.2392207636884045
1635,24.0,27,64,121.4,0.2,27,0,0,0,1,1,0,2,3,2,1.8921541533521813
1636,24.0,12,30,50.9,0.2,12,0,0,0,1,1,0,1,1,1,2.3493330903056133
1637,24.01,8,30,29.5,0.2,8,0,0,0,1,1,0,2,2,5,2.162950965772254
1638,24.05,49,163,236.5,0.2,51,0,0,0,0,0,1,2,2,1,1.8820415583490542
1639,24.05,15,38,62.1,0.2,15,0,0,0,1,1,0,4,2,1,1.9010222620134063
1640,24.07,24,64,103.6,0.2,24,0,0,0,1,1,0,5,2,0,1.4525585885960646
1641,24.07,0,5,-1.6,0.2,1,0,0,0,1,1,0,1,1,1,4.544571231966828
1642,24.08,11,33,41.7,0.2,11,0,0,0,1,1,0,5,1,0,1.7722511949804036
1643,24.08,16,33,69.7,0.2,16,0,0,0,1,1,0,2,2,0,1.649641134079045
1644,24.09,6,20,18.9,0.2,6,0,0,0,1,1,0,4,2,1,2.377956525130241
1645,24.09,6,13,23.5,0.2,6,0,0,0,1,1,0,0,1,2,2.4602172259362827
1646,24.12,40,106,182.9,0.2,40,0,0,0,1,1,0,1,2,5,1.8293753623438735
1647,24.14,49,135,239.1,0.2,51,0,0,0,0,0,1,2,1,3,1.6745314793570214
1648,24.16,14,54,56.4,0.2,14,0,0,0,1,1,0,3,1,2,1.4143161515520606
1649,24.19,49,150,218.4,0.2,49,0,0,0,1,1,0,6,5,6,1.738739872684132
1650,24.19,6,22,18.8,0.2,6,0,0,0,1,1,0,4,1,0,1.9607384168002708
1651,24.2,3,11,8.7,0.2,3,0,0,0,1,1,0,0,1,2,3.201553094473756
1652,24.21,24,71,105.7,0.2,24,0,0,0,1,1,0,2,3,2,1.8887979584423569
1653,24.22,7,16,27.4,0.2,7,0,0,0,1,1,0,1,1,0,2.2517562926602217
1654,24.22,13,33,56.3,0.2,13,0,0,0,1,1,0,0,1,4,1.7874974862766104
1655,24.23,4,13,10.7,0.2,4,0,0,0,1,1,0,3,1,0,3.078950959084239
1656,24.25,36,86,162.3,0.2,36,0,0,0,1,1,0,4,2,1,1.717599113102498
1657,24.26,29,72,131.2,0.2,29,0,0,0,1,1,0,1,1,6,1.5382984358822758
1658,24.28,23,66,99.9,0.2,23,0,0,0,1,1,0,3,2,5,2.2084249309509403
1659,24.28,2,8,4.1,0.2,2,0,0,0,1,1,0,0,1,1,3.6823854553886783
1660,24.29,5,17,16.3,0.2,5,0,0,0,1,1,0,2,2,0,2.80886523407125
1661,24.31,44,122,195.3,0.2,44,0,0,0,1,1,0,7,2,5,1.8759704730399147
1662,24.31,1,6,-1.6,0.2,1,0,0,0,1,1,0,1,1,0,4.462009993285747
1663,24.33,29,79,129.0,0.2,29,0,0,0,1,1,0,3,1,1,1.458773188330512
1664,24.36,49,165,229.8,0.2,51,0,0,0,0,0,1,8,4,6,1.7904474151444758
1665,24.38,20,49,85.0,0.2,20,0,0,0,1,1,0,5,1,1,2.0045675463371264
1666,24.4,31,92,137.2,0.2,31,0,0,0,1,1,0,3,1,6,1.2390178306237267
1667,24.43,37,120,156.5,0.2,37,0,0,0,1,1,0,11,3,5,1.3866817445821638
1668,24.44,27,65,119.4,0.2,27,0,0,0,1,1,0,4,4,1,1.8359241737789556
1669,24.47,49,154,233.1,0.2,51,0,0,0,0,0,1,6,3,4,1.6018134798905082
1670,24.47,5,15,17.4,0.2,5,0,0,0,1,1,0,1,1,1,2.483433663468256
1671,24.49,32,86,145.0,0.2,32,0,0,0,1,1,0,1,1,4,1.5247761010863252
1672,24.51,22,66,95.2,0.2,22,0,0,0,1,1,0,3,3,2,1.8535637958555324
1673,24.53,36,119,154.7,0.2,36,0,0,0,1,1,0,8,4,4,1.4783369637309307
1674,24.55,25,59,110.6,0.2,25,0,0,0,1,1,0,3,4,5,1.9871739947882352
1675,24.56,31,73,143.6,0.2,32,0,0,0,1,1,0,4,1,1,1.689347195158416
1676,24.57,1,7,-3.7,0.2,1,0,0,0,1,1,0,3,1,0,3.593264874334684
1677,24.57,6,22,21.8,0.2,6,0,0,0,1,1,0,1,1,0,2.0111297169493225
1678,24.58,13,29,54.1,0.2,13,0,0,0,1,1,0,3,1,0,1.9769252117819478
1679,24.59,17,59,67.8,0.2,17,0,0,0,1,1,0,6,1,3,1.8227280152915684
1680,24.61,25,75,115.3,0.2,26,0,0,0,1,1,0,2,2,2,1.294787315318449
1681,24.64,45,165,196.6,0.2,45,0,0,0,1,1,0,6,2,9,1.5354761128402852
1682,24.65,13,31,55.8,0.2,13,0,0,0,1,1,0,1,1,1,2.448419522488893
1683,24.65,8,22,31.7,0.2,8,0,0,0,1,1,0,1,1,1,2.1106522937436325
1684,24.66,17,44,73.3,0.2,17,0,0,0,1,1,0,2,3,3,1.8694167007954723
1685,24.69,49,143,237.2,0.2,51,0,0,0,0,0,1,3,0,4,1.62189385900144
1686,24.7,9,27,35.1,0.2,9,0,0,0,1,1,0,2,1,2,1.6522108469975831
1687,24.72,37,105,170.0,0.2,38,0,0,0,1,1,0,4,2,5,1.5100781347385193
1688,24.75,49,152,229.1,0.2,51,0,0,0,0,0,1,10,3,6,1.50676429375007
1689,24.78,36,127,153.7,0.2,36,0,0,0,1,1,0,8,4,6,1.7451537645694832
1690,24.81,49,158,236.0,0.2,51,0,0,0,0,0,1,3,2,1,1.5029459754200736
1691,24.82,20,46,88.1,0.2,20,0,0,0,1,1,0,2,2,3,2.143963684757414
1692,24.86,49,142,235.4,0.2,51,0,0,0,0,0,1,5,3,3,1.441676685709931
1693,24.86,6,23,19.7,0.2,6,0,0,0,1,1,0,3,1,0,2.2331945108489752
1694,24.89,36,104,155.5,0.2,36,0,0,0,1,1,0,9,3,1,1.641810805876052
1695,24.9,14,37,58.2,0.2,14,0,0,0,1,1,0,3,1,1,1.7626810251556846
1696,24.9,8,30,27.8,0.2,8,0,0,0,1,1,0,4,1,2,1.9065336079677186
1697,24.92,21,70,92.9,0.2,22,0,0,0,1,1,0,5,3,1,1.4826385754937632
1698,24.94,29,71,128.5,0.2,29,0,0,0,1,1,0,4,1,4,1.66640671072361
1699,24.97,49,130,238.2,0.2,51,0,0,0,0,0,1,3,0,7,1.8070248213179918
1700,25.01,47,159,205.5,0.2,47,0,0,0,1,1,0,8,5,6,1.529124011404877
1701,25.03,23,70,95.8,0.2,23,0,0,0,1,1,0,7,2,2,1.2768331105732447
1702,25.03,1,5,-3.5,0.2,1,0,0,0,1,1,0,3,1,0,6.0218755706165625
1703,25.07,49,184,227.4,0.2,51,0,0,0,0,0,1,9,2,1,1.5818984880306601
1704,25.1,49,161,234.1,0.2,51,0,0,0,0,0,1,4,3,7,1.7845172481283489
1705,25.13,42,125,185.3,0.2,42,0,0,0,1,1,0,7,4,2,1.6357156258700862
1706,25.14,13,41,51.7,0.2,13,0,0,0,1,1,0,4,1,2,1.4874629500592975
1707,25.17,45,115,197.4,0.2,45,0,0,0,1,1,0,11,3,1,1.7728031059685867
1708,25.18,17,46,73.4,0.2,17,0,0,0,1,1,0,2,2,0,1.9653184679789255
1709,25.2,27,74,122.2,0.2,27,0,0,0,1,1,0,0,2,4,2.09737358732939
1710,25.21,12,23,52.7,0.2,12,0,0,0,1,1,0,0,1,0,2.169526811977144
1711,25.21,14,34,59.4,0.2,14,0,0,0,1,1,0,2,1,2,1.8660608652203488
1712,25.24,34,105,151.1,0.2,34,0,0,0,1,1,0,3,4,4,1.7945535932310364
1713,25.27,49,146,234.2,0.2,51,0,0,0,0,0,1,6,4,1,1.6668662850811964
1714,25.29,21,60,90.8,0.2,21,0,0,0,1,1,0,3,3,2,1.6300256939734772
1715,25.3,3,11,8.9,0.2,3,0,0,0,1,1,0,0,1,0,2.389761497472175
1716,25.3,14,28,62.0,0.2,14,0,0,0,1,1,0,0,2,2,2.167939883550205
1717,25.33,37,112,161.5,0.2,37,0,0,0,1,1,0,7,4,3,1.4370860188211785
1718,25.34,29,66,128.4,0.2,29,0,0,0,1,1,0,5,1,0,1.683761149573535
1719,25.35,18,44,76.3,0.2,18,0,0,0,1,1,0,4,1,3,2.1802284135511787
1720,25.36,4,10,13.9,0.2,4,0,0,0,1,1,0,0,1,1,2.974228320758589
1721,25.39,48,155,210.7,0.2,48,0,0,0,1,1,0,8,3,8,1.500772712047089
1722,25.4,15,49,61.9,0.2,15,0,0,0,1,1,0,3,2,2,1.9422546274287706
1723,25.43,44,127,192.8,0.2,44,0,0,0,1,1,0,9,5,5,1.6898206021132656
1724,25.47,49,190,228.1,0.2,51,0,0,0,0,0,1,7,4,8,1.5336759516051974
1725,25.49,45,133,200.2,0.2,45,0,0,0,1,1,0,6,3,5,1.538145160097547
1726,25.53,49,152,234.5,0.2,51,0,0,0,0,0,1,5,5,2,1.6450622733288656
1727,25.56,45,149,201.8,0.2,45,0,0,0,1,1,0,3,6,3,1.415911601001717
1728,25.56,1,5,-3.5,0.2,1,0,0,0,1,1,0,3,1,0,5.3579129475640555
1729,25.59,49,147,232.6,0.2,51,0,0,0,0,0,1,7,3,6,1.642447346976835
1730,25.61,25,60,106.0,0.2,25,0,0,0,1,1,0,8,2,0,2.009576911373909
1731,25.61,16,35,69.3,0.2,16,0,0,0,1,1,0,2,1,2,2.780848362694437
1732,25.62,12,40,48.8,0.2,12,0,0,0,1,1,0,2,2,2,1.936707338004944
1733,25.66,49,168,230.8,0.2,51,0,0,0,0,0,1,7,3,3,1.7423970193496425
1734,25.67,14,34,58.5,0.2,14,0,0,0,1,1,0,3,2,1,1.6362228115380721
1735,25.69,27,87,116.3,0.2,27,0,0,0,1,1,0,5,3,0,1.6625237142438232
1736,25.72,49,159,228.4,0.2,51,0,0,0,0,0,1,10,1,6,1.567110731386513
1737,25.74,30,78,131.1,0.2,30,0,0,0,1,1,0,6,1,1,1.6998530310751374
1738,25.74,7,24,25.3,0.2,7,0,0,0,1,1,0,2,1,3,2.8949652903275904
1739,25.75,12,37,48.1,0.2,12,0,0,0,1,1,0,3,2,2,2.1773270275806706
1740,25.77,26,63,117.6,0.2,27,0,0,0,1,1,0,6,1,1,1.5667356297058121
1741,25.78,18,44,79.5,0.2,18,0,0,0,1,1,0,1,2,1,1.6679554200480105
1742,25.81,48,145,210.2,0.2,48,0,0,0,1,1,0,10,5,3,1.554706534258018
1743,25.82,25,72,104.7,0.2,25,0,0,0,1,1,0,8,2,1,1.685253118758113
1744,25.83,13,34,55.4,0.2,13,0,0,0,1,1,0,1,2,2,1.914664825437389
1745,25.83,1,8,-1.8,0.2,1,0,0,0,1,1,0,1,1,0,3.2841692523273975
1746,25.85,27,69,114.7,0.2,27,0,0,0,1,1,0,8,2,4,1.793142930889222
1747,25.86,15,40,61.9,0.2,15,0,0,0,1,1,0,4,2,1,1.9153038874610935
1748,25.89,38,116,169.0,0.2,38,0,0,0,1,1,0,4,3,4,1.7582407748483662
1749,25.89,7,16,27.4,0.2,7,0,0,0,1,1,0,1,1,0,2.789567545412143
1750,25.92,39,120,175.4,0.2,39,0,0,0,1,1,0,2,2,6,1.623566269812587
1751,25.95,49,161,217.1,0.2,49,0,0,0,1,1,0,6,7,8,1.6730851339758537
1752,25.96,25,48,113.1,0.2,25,0,0,0,1,1,0,2,3,1,1.9944422612771258
1753,25.97,8,20,32.9,0.2,8,0,0,0,1,1,0,0,1,1,2.4786598980162546
1754,25.97,10,20,42.0,0.2,10,0,0,0,1,1,0,1,1,0,2.6609643447334097
1755,25.98,6,20,19.9,0.2,6,0,0,0,1,1,0,3,1,1,2.2507485431608467
1756,25.99,26,67,115.2,0.2,26,0,0,0,1,1,0,3,3,1,1.451128598043841
1757,26.02,43,138,187.6,0.2,43,0,0,0,1,1,0,8,5,6,1.5269266543592832
1758,26.04,24,62,106.6,0.2,24,0,0,0,1,1,0,2,2,2,1.471518414532859
1759,26.07,49,146,237.1,0.2,51,0,0,0,0,0,1,3,1,2,1.7075396150015147
1760,26.09,39,92,175.5,0.2,39,0,0,0,1,1,0,5,3,3,1.4368475516576387
1761,26.1,20,57,85.1,0.2,20,0,0,0,1,1,0,4,1,2,1.7862611773080468
1762,26.13,49,174,228.7,0.2,51,0,0,0,0,0,1,8,5,8,1.4983824081779948
1763,26.17,50,176,226.9,0.2,50,0,0,0,0,0,1,5,4,4,1.700905577966617
1764,26.18,12,35,50.2,0.2,12,0,0,0,1,1,0,1,1,3,1.387960139396897
1765,26.18,6,15,23.5,0.2,6,0,0,0,1,1,0,0,1,0,2.705026215506287
1766,26.18,4,11,10.9,0.2,4,0,0,0,1,1,0,3,1,0,3.466308978033918
1767,26.21,47,126,210.9,0.2,47,0,0,0,1,1,0,6,3,5,1.5921313665184154
1768,26.24,49,141,233.1,0.2,51,0,0,0,0,0,1,7,3,7,1.8832428941597974
1769,26.25,12,33,49.5,0.2,12,0,0,0,1,1,0,2,1,2,1.6165491129713527
1770,26.26,6,24,19.4,0.2,6,0,0,0,1,1,0,3,1,2,2.3968659347611063
1771,26.29,49,158,230.4,0.2,51,0,0,0,0,0,1,8,1,7,1.587626382330358
1772,26.3,20,57,89.0,0.2,21,0,0,0,1,1,0,5,2,3,1.8108539948359845
1773,26.32,35,95,159.1,0.2,35,0,0,0,1,1,0,1,3,4,1.4445332724125208
1774,26.33,16,45,73.3,0.2,17,0,0,0,1,1,0,2,3,2,1.9371023980935838
1775,26.34,9,29,33.0,0.2,9,0,0,0,1,1,0,4,1,1,2.020194599087236
1776,26.36,26,76,116.2,0.2,26,0,0,0,1,1,0,1,3,2,1.6315156463942901
1777,26.36,13,34,55.3,0.2,13,0,0,0,1,1,0,1,2,3,2.2692359958343538
1778,26.39,37,109,162.8,0.2,37,0,0,0,1,1,0,6,2,3,1.685879092078437
1779,26.39,10,21,41.8,0.2,10,0,0,0,1,1,0,1,1,1,2.325952416503712
1780,26.42,36,98,158.9,0.2,36,0,0,0,1,1,0,6,5,3,1.508728246066233
1781,26.44,36,100,153.8,0.2,36,0,0,0,1,1,0,11,2,2,1.7671877941975707
1782,26.47,48,147,210.9,0.2,48,0,0,0,1,1,0,9,6,4,1.6548589318607505
1783,26.48,11,30,43.7,0.2,11,0,0,0,1,1,0,3,1,3,1.715812016426839
1784,26.48,11,38,43.0,0.2,11,0,0,0,1,1,0,3,2,2,1.7106596916263486
1785,26.49,7,22,24.7,0.2,7,0,0,0,1,1,0,3,1,1,2.026414007464748
1786,26.5,18,44,80.3,0.2,18,0,0,0,1,1,0,0,1,3,1.8683899609402965
1787,26.5,2,13,0.7,0.2,2,0,0,0,1,1,0,3,1,0,2.530765111819018
1788,26.51,15,37,63.3,0.2,15,0,0,0,1,1,0,3,1,0,1.8754373509503863
1789,26.51,4,17,16.3,0.2,5,0,0,0,1,1,0,2,1,0,2.079489197924527
1790,26.55,49,170,231.1,0.2,51,0,0,0,0,0,1,6,5,8,1.8197923184905127
1791,26.55,4,14,13.5,0.2,4,0,0,0,1,1,0,0,1,1,2.390238458926524
1792,26.58,42,124,186.9,0.2,42,0,0,0,1,1,0,5,3,7,1.8477649462034231
1793,26.59,18,47,77.2,0.2,18,0,0,0,1,1,0,3,1,1,1.721994651569328
1794,26.63,48,160,207.8,0.2,48,0,0,0,1,1,0,11,4,2,1.756321675240739
1795,26.65,49,140,237.8,0.2,51,0,0,0,0,0,1,3,3,1,1.482585530542162
1796,26.66,6,19,27.0,0.2,7,0,0,0,1,1,0,1,1,1,2.187123275243753
1797,26.66,3,8,8.2,0.2,3,0,0,0,1,1,0,1,1,0,5.1129941155248595
1798,26.68,30,103,124.3,0.2,30,0,0,0,1,1,0,10,2,4,1.7169898174491138
1799,26.7,28,84,122.4,0.2,28,0,0,0,1,1,0,4,2,2,1.401186720832127
1800,26.73,49,155,216.1,0.2,49,0,0,0,1,1,0,8,3,4,1.3113060156822114
1801,26.77,49,152,234.1,0.2,51,0,0,0,0,0,1,5,0,6,1.7201560323321137
1802,26.8,49,170,227.5,0.2,51,0,0,0,0,0,1,10,6,4,1.4367044056630092
1803,26.8,3,13,5.7,0.2,3,0,0,0,1,1,0,3,1,0,2.418544176837364
1804,26.81,4,11,13.9,0.2,4,0,0,0,1,1,0,0,1,0,2.8058292406724563
1805,26.82,18,44,80.5,0.2,18,0,0,0,1,1,0,0,1,1,1.694662214843661
1806,26.83,24,73,103.3,0.2,24,0,0,0,1,1,0,4,1,4,1.4335660045050733
1807,26.86,37,105,163.9,0.2,37,0,0,0,1,1,0,5,2,6,1.6095348805810452
1808,26.86,9,23,37.5,0.2,9,0,0,0,1,1,0,0,1,2,1.7543938036366635
1809,26.9,49,161,232.9,0.2,51,0,0,0,0,0,1,5,1,9,1.719090085633246
1810,26.91,18,48,79.9,0.2,18,0,0,0,1,1,0,0,1,3,1.7163306264284337
1811,26.92,24,50,108.0,0.2,24,0,0,0,1,1,0,2,1,0,2.0092264338287125
1812,26.93,13,43,50.7,0.2,13,0,0,0,1,1,0,5,1,0,1.6255562322760615
1813,26.93,3,9,13.1,0.2,4,0,0,0,1,1,0,1,1,0,2.7186311439322726
1814,26.93,5,15,21.5,0.2,6,0,0,0,1,1,0,2,1,0,2.516861932628337
1815,26.97,47,139,209.7,0.2,47,0,0,0,1,1,0,6,3,4,1.464338961074641
1816,27.0,44,184,187.7,0.2,44,0,0,0,1,1,0,8,3,9,1.6578446498143333
1817,27.02,30,85,129.3,0.2,30,0,0,0,1,1,0,7,2,2,1.656854100129932
1818,27.03,11,35,43.4,0.2,11,0,0,0,1,1,0,3,1,1,1.6404055534504915
1819,27.04,24,54,108.6,0.2,24,0,0,0,1,1,0,1,2,0,1.6703708908334947
1820,27.04,6,14,22.6,0.2,6,0,0,0,1,1,0,1,1,0,2.3898253302054036
1821,27.06,29,70,129.7,0.2,29,0,0,0,1,1,0,3,1,3,1.4434935289511945
1822,27.06,1,5,3.5,0.2,2,0,0,0,1,1,0,1,1,0,4.084147198075837
1823,27.07,11,24,45.4,0.2,11,0,0,0,1,1,0,2,1,2,2.1747812014862933
1824,27.08,13,36,56.2,0.2,13,0,0,0,1,1,0,0,1,2,1.6287357968225382
1825,27.08,11,41,42.8,0.2,11,0,0,0,1,1,0,3,1,1,1.5974396935777915
1826,27.11,36,101,158.8,0.2,36,0,0,0,1,1,0,6,2,1,1.9507430697586026
1827,27.14,48,140,213.7,0.2,48,0,0,0,1,1,0,7,4,3,1.693158128624018
1828,27.14,10,33,38.6,0.2,10,0,0,0,1,1,0,3,2,1,2.7608841535702444
1829,27.16,23,58,101.1,0.2,23,0,0,0,1,1,0,3,1,1,1.8320235384254382
1830,27.17,23,60,101.6,0.2,23,0,0,0,1,1,0,2,2,4,1.4858452722890416
1831,27.2,39,126,175.1,0.2,40,0,0,0,1,1,0,7,5,3,1.8245631975293832
1832,27.22,42,130,188.6,0.2,42,0,0,0,1,1,0,3,3,4,1.5924236435333914
1833,27.23,14,44,54.3,0.2,14,0,0,0,1,1,0,6,1,3,1.9105628166409032
1834,27.24,21,55,90.3,0.2,21,0,0,0,1,1,0,4,2,2,1.578526298027056
1835,27.27,35,93,149.4,0.2,35,0,0,0,1,1,0,11,3,3,1.878278737727611
1836,27.28,32,78,149.1,0.2,33,0,0,0,1,1,0,3,3,1,1.5844921313876286
1837,27.29,8,21,30.7,0.2,8,0,0,0,1,1,0,2,1,2,2.099480202324613
1838,27.3,10,37,35.0,0.2,10,0,0,0,1,1,0,6,1,3,1.7869586533552242
1839,27.32,42,112,187.7,0.2,42,0,0,0,1,1,0,6,4,1,1.6720974097491543
1840,27.33,12,43,44.6,0.2,12,0,0,0,1,1,0,6,1,1,1.894380914428306
1841,27.35,32,76,143.1,0.2,32,0,0,0,1,1,0,4,2,3,1.7797424215480078
1842,27.38,49,145,236.9,0.2,51,0,0,0,0,0,1,3,4,5,1.6351497788014775
1843,27.38,10,25,40.3,0.2,10,0,0,0,1,1,0,2,2,2,1.9915577506300286
1844,27.41,46,124,205.2,0.2,46,0,0,0,1,1,0,7,2,4,1.5806831173220797
1845,27.42,13,26,56.2,0.2,13,0,0,0,1,1,0,1,2,2,1.955912660249371
1846,27.43,26,65,111.1,0.2,26,0,0,0,1,1,0,7,1,4,1.819444418533943
1847,27.47,49,189,230.4,0.2,51,0,0,0,0,0,1,5,3,6,1.6541059887746372
1848,27.48,18,51,74.8,0.2,18,0,0,0,1,1,0,5,1,1,1.950029224750752
1849,27.49,11,29,39.1,0.2,11,0,0,0,1,1,0,8,2,0,2.424057903028778
1850,27.52,49,160,231.1,0.2,51,0,0,0,0,0,1,7,4,8,1.370694849469952
1851,27.53,13,47,51.0,0.2,13,0,0,0,1,1,0,4,2,3,1.3562938637511248
1852,27.54,14,31,66.8,0.2,15,0,0,0,1,1,0,0,1,1,2.2588583436176424
1853,27.55,18,49,71.9,0.2,18,0,0,0,1,1,0,8,1,2,2.1711997385688795
1854,27.55,5,19,17.0,0.2,5,0,0,0,1,1,0,1,1,1,2.178128567366904
1855,27.58,42,129,183.8,0.2,42,0,0,0,1,1,0,8,1,3,1.6089134739934579
1856,27.58,4,9,14.0,0.2,4,0,0,0,1,1,0,0,1,1,4.0031953530406055
1857,27.58,5,10,18.9,0.2,5,0,0,0,1,1,0,0,1,1,2.8433691911770973
1858,27.59,4,8,14.1,0.2,4,0,0,0,1,1,0,0,1,1,3.6170011756025198
1859,27.61,32,95,142.4,0.2,32,0,0,0,1,1,0,3,3,1,1.558898448617132
1860,27.61,4,11,13.9,0.2,4,0,0,0,1,1,0,0,1,0,2.3226259015463544
1861,27.63,22,58,94.2,0.2,22,0,0,0,1,1,0,5,2,0,1.6516866282874758
1862,27.63,7,30,26.0,0.2,7,0,0,0,1,1,0,1,1,0,1.6955833227493013
1863,27.66,50,148,231.5,0.2,50,0,0,0,0,0,1,3,5,6,1.806198381484455
1864,27.69,42,128,182.0,0.2,42,0,0,0,1,1,0,10,2,2,1.671178764907214
1865,27.72,49,140,231.5,0.2,51,0,0,0,0,0,1,9,0,4,1.6769470230132084
1866,27.75,42,120,189.3,0.2,42,0,0,0,1,1,0,3,2,7,1.5183361919183869
1867,27.76,15,32,66.8,0.2,15,0,0,0,1,1,0,0,2,0,1.9847374039565477
1868,27.77,17,40,78.9,0.2,18,0,0,0,1,1,0,2,1,1,2.230842276827704
1869,27.79,42,119,183.6,0.2,42,0,0,0,1,1,0,9,3,5,1.753722481092242
1870,27.81,39,114,173.0,0.2,39,0,0,0,1,1,0,5,1,6,1.496292303835576
1871,27.84,49,118,238.8,0.2,51,0,0,0,0,0,1,4,3,3,1.8421040948768668
1872,27.86,32,82,136.8,0.2,32,0,0,0,1,1,0,10,3,0,1.8907249718895096
1873,27.89,48,146,212.6,0.2,48,0,0,0,1,1,0,7,3,8,1.5866528911954063
1874,27.92,49,153,230.1,0.2,51,0,0,0,0,0,1,9,1,5,1.6562501752681957
1875,27.92,3,9,8.1,0.2,3,0,0,0,1,1,0,1,1,0,2.731242477504699
1876,27.93,8,17,32.3,0.2,8,0,0,0,1,1,0,1,1,0,2.493740457726845
1877,27.94,19,44,83.4,0.2,19,0,0,0,1,1,0,2,2,2,1.5426409086168236
1878,27.94,11,23,44.7,0.2,11,0,0,0,1,1,0,3,1,0,2.0575286711905423
1879,27.95,16,38,71.1,0.2,16,0,0,0,1,1,0,0,1,1,1.3698822360517668
1880,27.99,50,179,215.7,0.2,50,0,0,0,1,1,0,11,4,4,1.4291680061620096
1881,28.02,46,136,198.7,0.2,46,0,0,0,1,1,0,12,4,7,1.4755877777691115
1882,28.05,49,159,229.6,0.2,51,0,0,0,0,0,1,9,3,4,1.791217120587233
1883,28.05,1,5,-1.5,0.2,1,0,0,0,1,1,0,1,1,0,5.341290978070215
1884,28.06,19,42,83.6,0.2,19,0,0,0,1,1,0,2,2,2,1.7055976466592218
1885,28.08,24,57,106.1,0.2,24,0,0,0,1,1,0,3,1,2,2.0878102692454643
1886,28.11,50,145,225.1,0.2,50,0,0,0,1,1,0,5,2,4,1.5835977537716908
1887,28.12,18,44,77.5,0.2,18,0,0,0,1,1,0,3,3,1,1.4762666005516933
1888,28.12,9,26,40.3,0.2,10,0,0,0,1,1,0,2,2,1,1.8845735719866867
1889,28.14,19,52,88.5,0.2,20,0,0,0,1,1,0,1,2,3,1.5483214507822736
1890,28.16,49,125,235.0,0.2,51,0,0,0,0,0,1,7,3,4,1.6172018888776973
1891,28.18,30,82,130.3,0.2,30,0,0,0,1,1,0,6,2,5,1.534946043318455
1892,28.18,2,7,2.3,0.2,2,0,0,0,1,1,0,2,1,0,3.818932639590947
1893,28.19,12,39,48.1,0.2,12,0,0,0,1,1,0,3,2,0,1.9306464279787565
1894,28.19,2,8,1.2,0.2,2,0,0,0,1,1,0,3,1,0,4.439163459130651
1895,28.2,17,46,73.1,0.2,17,0,0,0,1,1,0,2,1,3,1.727219051506758
1896,28.24,48,155,214.1,0.2,48,0,0,0,1,1,0,5,4,4,1.6277831324384402
1897,28.25,23,54,102.6,0.2,23,0,0,0,1,1,0,2,2,0,1.9640179960202977
1898,28.27,41,117,182.8,0.2,41,0,0,0,1,1,0,5,2,5,1.2967060647935764
1899,28.28,18,52,79.6,0.2,18,0,0,0,1,1,0,0,2,2,1.3363010410759044
1900,28.32,47,184,199.7,0.2,47,0,0,0,1,1,0,11,3,9,1.7766184618261291
1901,28.35,42,120,181.6,0.2,42,0,0,0,1,1,0,11,2,4,1.864393393648948
1902,28.36,26,55,118.3,0.2,26,0,0,0,1,1,0,1,4,2,1.9073166436600109
1903,28.36,2,8,8.2,0.2,3,0,0,0,1,1,0,1,1,0,3.3167553509149608
1904,28.36,1,5,-3.5,0.2,1,0,0,0,1,1,0,3,1,0,5.638013176918707
1905,28.37,19,60,81.7,0.2,19,0,0,0,1,1,0,2,1,3,1.718166505036829
1906,28.39,35,92,152.3,0.2,35,0,0,0,1,1,0,8,2,5,1.4140790118830735
1907,28.4,1,6,-4.6,0.2,1,0,0,0,1,1,0,4,1,0,4.256545378179207
1908,28.42,41,125,179.7,0.2,41,0,0,0,1,1,0,7,4,8,1.5426517831549682
1909,28.43,5,15,17.4,0.2,5,0,0,0,1,1,0,1,1,1,2.340381853745844
1910,28.46,49,154,230.0,0.2,51,0,0,0,0,0,1,9,2,5,1.4405261312000501
1911,28.47,16,41,68.8,0.2,16,0,0,0,1,1,0,2,2,1,1.5717783525207825
1912,28.47,4,11,11.8,0.2,4,0,0,0,1,1,0,2,1,1,2.834831665678168
1913,28.49,26,64,118.3,0.2,26,0,0,0,1,1,0,0,2,3,2.0195735536748867
1914,28.49,1,8,-2.0,0.2,1,0,0,0,1,1,0,1,1,2,2.674006792941589
1915,28.5,11,29,46.9,0.2,11,0,0,0,1,1,0,0,1,2,1.931568543928558
1916,28.52,44,118,198.2,0.2,44,0,0,0,1,1,0,4,3,10,1.7678530630165603
1917,28.53,15,34,71.6,0.2,16,0,0,0,1,1,0,0,1,0,1.7990296089064564
1918,28.54,9,21,41.8,0.2,10,0,0,0,1,1,0,1,1,1,2.40551814627133
1919,28.55,29,76,125.9,0.2,29,0,0,0,1,1,0,6,1,5,1.7760679124859367
1920,28.57,29,82,130.0,0.2,29,0,0,0,1,1,0,1,1,8,1.475714852104204
1921,28.6,49,141,239.7,0.2,51,0,0,0,0,0,1,0,1,11,1.759034239359093
1922,28.61,20,58,85.9,0.2,20,0,0,0,1,1,0,3,1,3,2.2647743963476787
1923,28.64,42,131,181.4,0.2,42,0,0,0,1,1,0,10,4,5,1.7103603602659787
1924,28.66,33,85,141.2,0.2,33,0,0,0,1,1,0,10,1,3,1.5667724005481893
1925,28.67,28,90,117.4,0.2,28,0,0,0,1,1,0,8,1,6,1.6641230118916384
1926,28.68,9,25,34.4,0.2,9,0,0,0,1,1,0,3,2,1,2.3678746087644105
1927,28.68,2,9,1.1,0.2,2,0,0,0,1,1,0,3,1,0,3.960620698958093
1928,28.68,2,5,4.5,0.2,2,0,0,0,1,1,0,0,1,0,6.698757458481568
1929,28.69,2,5,1.5,0.2,2,0,0,0,1,1,0,3,1,0,5.891166128258375
1930,28.7,25,82,109.2,0.2,25,0,0,0,1,1,0,2,4,6,1.4356191336340012
1931,28.73,38,109,168.7,0.2,38,0,0,0,1,1,0,5,2,4,1.488820179343604
1932,28.74,30,71,131.8,0.2,30,0,0,0,1,1,0,6,2,1,1.9336090792937086
1933,28.75,22,57,98.1,0.2,22,0,0,0,1,1,0,1,2,2,1.7276213657373876
1934,28.76,9,22,35.8,0.2,9,0,0,0,1,1,0,2,1,0,1.7267449581134124
1935,28.78,34,100,144.9,0.2,34,0,0,0,1,1,0,10,2,1,1.2357008183383464
1936,28.8,35,81,158.8,0.2,35,0,0,0,1,1,0,3,2,1,1.2978472404996115
1937,28.8,4,12,10.7,0.2,4,0,0,0,1,1,0,3,1,1,2.7983528825434196
1938,28.83,39,114,172.2,0.2,39,0,0,0,1,1,0,6,2,4,1.496418747081896
1939,28.83,4,13,13.5,0.2,4,0,0,0,1,1,0,0,1,2,2.2575676978190273
1940,28.84,15,38,68.9,0.2,16,0,0,0,1,1,0,2,2,3,1.8625050046491936
1941,28.85,23,63,99.4,0.2,23,0,0,0,1,1,0,4,2,3,1.801650565745762
1942,28.86,5,10,19.0,0.2,5,0,0,0,1,1,0,0,1,0,3.6431921560287783
1943,28.87,22,68,89.6,0.2,22,0,0,0,1,1,0,8,1,6,1.422447134960845
1944,28.88,8,26,28.2,0.2,8,0,0,0,1,1,0,4,1,2,1.757171093591801
1945,28.92,50,165,221.8,0.2,50,0,0,0,1,1,0,6,2,7,1.4938954592145892
1946,28.92,2,15,-0.5,0.2,2,0,0,0,1,1,0,4,1,0,2.821983483675956
1947,28.96,49,170,227.6,0.2,51,0,0,0,0,0,1,10,2,3,1.463983841936564
1948,28.97,21,59,91.0,0.2,21,0,0,0,1,1,0,3,2,1,1.7821446163530028
1949,28.99,31,72,145.7,0.2,32,0,0,0,1,1,0,2,3,1,1.6848165556933372
1950,29.04,46,217,191.0,0.2,46,0,0,0,1,1,0,12,4,3,1.6336026261007206
1951,29.07,49,139,219.7,0.2,49,0,0,0,1,1,0,6,6,4,1.601040541397346
1952,29.1,49,145,232.8,0.2,51,0,0,0,0,0,1,7,3,6,1.69378569050224
1953,29.1,1,5,-2.5,0.2,1,0,0,0,1,1,0,2,1,0,5.57651347825127
1954,29.11,17,48,75.7,0.2,18,0,0,0,1,1,0,4,2,5,2.0698152768266764
1955,29.12,11,26,46.4,0.2,11,0,0,0,1,1,0,1,1,0,2.0840532534715233
1956,29.13,14,40,57.8,0.2,14,0,0,0,1,1,0,3,1,2,1.620926096431743
1957,29.14,9,32,39.6,0.2,10,0,0,0,1,1,0,2,2,2,1.8926168689502538
1958,29.18,49,178,229.0,0.2,51,0,0,0,0,0,1,7,3,11,1.3797050318561737
1959,29.2,32,91,141.4,0.2,32,0,0,0,1,1,0,4,1,5,1.5579462403978805
1960,29.2,5,16,17.4,0.2,5,0,0,0,1,1,0,1,1,0,2.521585546261927
1961,29.21,8,19,33.1,0.2,8,0,0,0,1,1,0,0,1,0,2.326058429875735
1962,29.24,49,153,230.5,0.2,51,0,0,0,0,0,1,9,3,1,1.5504927070831453
1963,29.28,49,173,230.6,0.2,51,0,0,0,0,0,1,6,4,10,1.6033354539510123
1964,29.31,49,133,237.0,0.2,51,0,0,0,0,0,1,4,1,6,1.3837146542414656
1965,29.32,10,27,46.1,0.2,11,0,0,0,1,1,0,1,1,2,2.2862100614892404
1966,29.34,31,96,138.1,0.2,31,0,0,0,1,1,0,2,3,3,1.5905295760043305
1967,29.35,21,59,90.0,0.2,21,0,0,0,1,1,0,4,1,1,1.6590752438604226
1968,29.37,29,62,130.5,0.2,29,0,0,0,1,1,0,3,2,3,1.91534862951224
1969,29.38,21,56,94.4,0.2,21,0,0,0,1,1,0,0,2,0,2.006809449825291
1970,29.39,13,31,61.9,0.2,14,0,0,0,1,1,0,0,2,0,1.9799979464979784
1971,29.41,41,113,184.6,0.2,41,0,0,0,1,1,0,4,2,1,1.881447942348201
1972,29.44,49,156,236.1,0.2,51,0,0,0,0,0,1,3,4,2,1.798982887130411
1973,29.47,50,148,226.9,0.2,50,0,0,0,0,0,1,8,2,2,1.3879929909792186
1974,29.5,34,126,149.2,0.2,34,0,0,0,1,1,0,3,4,2,1.2375347500937064
1975,29.53,34,92,152.6,0.2,34,0,0,0,1,1,0,3,5,2,1.8383548888534387
1976,29.55,38,120,165.1,0.2,38,0,0,0,1,1,0,7,3,9,1.320961951385621
1977,29.56,4,13,10.7,0.2,4,0,0,0,1,1,0,3,1,0,2.784256571082525
1978,29.58,49,139,219.6,0.2,49,0,0,0,1,1,0,6,2,5,1.6839524912232888
1979,29.59,21,42,99.8,0.2,22,0,0,0,1,1,0,1,1,0,2.2012531106583832
1980,29.6,5,16,16.3,0.2,5,0,0,0,1,1,0,2,1,1,1.9784534195318195
1981,29.63,49,179,230.6,0.2,51,0,0,0,0,0,1,5,1,14,1.4308515215068047
1982,29.64,1,6,-1.6,0.2,1,0,0,0,1,1,0,1,1,0,4.000457335463761
1983,29.65,30,79,130.8,0.2,30,0,0,0,1,1,0,6,2,3,1.420846074253078
1984,29.67,23,67,99.0,0.2,23,0,0,0,1,1,0,4,1,3,1.5883548752930183
1985,29.68,23,53,100.6,0.2,23,0,0,0,1,1,0,4,1,1,1.895145237031874
1986,29.7,33,98,143.0,0.2,33,0,0,0,1,1,0,7,2,2,1.4876042185539113
1987,29.71,21,50,93.9,0.2,21,0,0,0,1,1,0,1,2,1,2.0036509315924893
1988,29.72,6,13,22.7,0.2,6,0,0,0,1,1,0,1,1,0,2.456183661823401
1989,29.72,13,27,56.3,0.2,13,0,0,0,1,1,0,1,1,0,1.9524080241332968
1990,29.73,10,27,38.2,0.2,10,0,0,0,1,1,0,4,1,1,2.118417610582753
1991,29.75,29,92,132.0,0.2,30,0,0,0,1,1,0,3,2,8,1.558610086579319
1992,29.76,25,63,113.3,0.2,25,0,0,0,1,1,0,0,1,4,1.9850237125442387
1993,29.77,1,5,-0.6,0.2,1,0,0,0,1,1,0,0,1,1,5.618300076830741
1994,29.77,1,8,-3.8,0.2,1,0,0,0,1,1,0,3,1,0,4.0028511712139965
1995,29.77,4,10,12.9,0.2,4,0,0,0,1,1,0,1,1,1,2.5888732201132156
1996,29.79,32,89,138.0,0.2,32,0,0,0,1,1,0,8,1,1,1.797709330133265
1997,29.79,4,13,17.7,0.2,5,0,0,0,1,1,0,1,1,0,2.6284384716760374
1998,29.81,40,93,183.6,0.2,40,0,0,0,1,1,0,2,2,1,1.7310380134055239
1999,29.81,2,6,3.4,0.2,2,0,0,0,1,1,0,1,1,0,3.82360361108026
2000,29.85,49,158,230.2,0.2,51,0,0,0,0,0,1,8,4,9,1.4844994456301621
2001,29.87,38,105,163.1,0.2,38,0,0,0,1,1,0,11,3,4,1.8648703535523834
2002,29.9,50,150,221.4,0.2,50,0,0,0,1,1,0,8,2,6,1.4788111178057017
2003,29.92,29,82,131.6,0.2,30,0,0,0,1,1,0,5,3,2,1.737043293121534
2004,29.95,48,152,209.3,0.2,48,0,0,0,1,1,0,10,4,5,1.5850734192154072
2005,29.99,49,150,234.7,0.2,51,0,0,0,0,0,1,5,2,2,1.5959627491312776
2006,30.01,43,128,186.8,0.2,43,0,0,0,1,1,0,10,4,4,1.411500765774408
2007,30.02,12,36,49.3,0.2,12,0,0,0,1,1,0,2,2,1,2.2787583152188455
2008,30.02,2,5,4.5,0.2,2,0,0,0,1,1,0,0,1,0,4.807694532435816
2009,30.04,28,89,120.0,0.2,28,0,0,0,1,1,0,6,3,1,1.4682228577533996
2010,30.06,29,88,125.9,0.2,29,0,0,0,1,1,0,5,1,3,1.4799871230053119
2011,30.07,28,59,126.9,0.2,28,0,0,0,1,1,0,2,1,2,1.5592743990170188
2012,30.08,2,11,7.8,0.2,3,0,0,0,1,1,0,1,1,1,2.4695560366421265
2013,30.08,2,8,1.1,0.2,2,0,0,0,1,1,0,3,1,1,3.6068083811082454
2014,30.09,17,47,74.1,0.2,17,0,0,0,1,1,0,1,3,2,1.7104687037792712
2015,30.1,24,44,109.6,0.2,24,0,0,0,1,1,0,1,1,0,1.7144213613355441
2016,30.11,22,61,95.9,0.2,22,0,0,0,1,1,0,3,2,0,1.8332286001918938
2017,30.13,30,79,133.1,0.2,30,0,0,0,1,1,0,4,1,0,1.4418836285813248
2018,30.16,45,138,193.7,0.2,45,0,0,0,1,1,0,12,2,5,1.4853579775955574
2019,30.18,29,91,122.6,0.2,29,0,0,0,1,1,0,8,1,3,1.6204923352952763
2020,30.18,5,18,17.0,0.2,5,0,0,0,1,1,0,1,1,2,3.243009747385632
2021,30.19,17,38,79.9,0.2,18,0,0,0,1,1,0,1,1,3,1.9616536323797833
2022,30.22,43,126,190.9,0.2,43,0,0,0,1,1,0,6,3,5,1.5401396937374183
2023,30.22,3,16,3.4,0.2,3,0,0,0,1,1,0,5,1,0,2.851878250271398
2024,30.24,31,76,141.2,0.2,31,0,0,0,1,1,0,1,1,2,1.5106850777876257
2025,30.25,13,27,54.2,0.2,13,0,0,0,1,1,0,3,1,1,1.967692322917883
2026,30.27,37,102,163.6,0.2,37,0,0,0,1,1,0,6,4,2,1.541061136639337
2027,30.27,7,23,26.5,0.2,7,0,0,0,1,1,0,1,1,2,2.4789351093104703
2028,30.28,9,27,36.2,0.2,9,0,0,0,1,1,0,1,2,1,2.0448426516149545
2029,30.3,29,72,130.6,0.2,29,0,0,0,1,1,0,2,2,2,1.316608821260765
2030,30.32,26,69,113.6,0.2,26,0,0,0,1,1,0,4,1,5,1.5389054672106923
2031,30.33,13,38,58.1,0.2,14,0,0,0,1,1,0,3,2,1,2.0397293871217834
2032,30.36,49,132,236.3,0.2,51,0,0,0,0,0,1,5,2,4,1.5771511748708174
2033,30.36,4,13,12.7,0.2,4,0,0,0,1,1,0,1,1,0,2.96062265509236
2034,30.37,10,33,40.7,0.2,10,0,0,0,1,1,0,1,2,0,2.4096106404354813
2035,30.4,49,163,232.0,0.2,51,0,0,0,0,0,1,6,4,6,1.4915761329386923
2036,30.41,12,51,48.9,0.2,12,0,0,0,1,1,0,1,2,0,1.6276730864336055
2037,30.42,14,23,62.5,0.2,14,0,0,0,1,1,0,0,1,2,2.1917611326389985
2038,30.42,10,23,40.5,0.2,10,0,0,0,1,1,0,2,1,2,2.1029891378716377
2039,30.43,18,49,74.0,0.2,18,0,0,0,1,1,0,6,1,1,1.9438842263190925
2040,30.47,50,188,216.2,0.2,50,0,0,0,1,1,0,9,3,10,1.5727498849281465
2041,30.5,49,151,237.2,0.2,51,0,0,0,0,0,1,2,4,6,1.6459249487983603
2042,30.54,49,167,231.2,0.2,51,0,0,0,0,0,1,6,2,10,1.626814586441076
2043,30.55,22,68,91.6,0.2,22,0,0,0,1,1,0,6,5,6,1.4467165399852588
2044,30.56,11,23,46.7,0.2,11,0,0,0,1,1,0,1,1,0,2.1921818229382617
2045,30.56,1,6,-1.6,0.2,1,0,0,0,1,1,0,1,1,0,3.6457717360625117
2046,30.57,18,43,77.4,0.2,18,0,0,0,1,1,0,3,1,3,1.3757118935052386
2047,30.59,34,99,146.7,0.2,34,0,0,0,1,1,0,8,2,4,1.4784369797065995
2048,30.62,48,147,212.3,0.2,48,0,0,0,1,1,0,7,3,10,1.5447982284930437
2049,30.65,40,124,176.1,0.2,40,0,0,0,1,1,0,6,3,5,1.5250126058436206
2050,30.67,33,91,144.9,0.2,33,0,0,0,1,1,0,6,3,0,1.585882835028845
2051,30.68,11,27,46.0,0.2,11,0,0,0,1,1,0,1,1,3,2.431411367789666
2052,30.71,49,178,229.9,0.2,51,0,0,0,0,0,1,6,2,12,1.680588133407966
2053,30.72,18,52,71.8,0.2,18,0,0,0,1,1,0,8,4,0,1.850073028966925
2054,30.73,13,33,53.5,0.2,13,0,0,0,1,1,0,3,1,2,1.8350309115337173
2055,30.74,7,24,23.5,0.2,7,0,0,0,1,1,0,4,2,1,2.3337840211146603
2056,30.77,49,143,233.2,0.2,51,0,0,0,0,0,1,7,2,4,1.6392981717264992
2057,30.79,28,82,118.7,0.2,28,0,0,0,1,1,0,8,4,1,1.3129551160316972
2058,30.82,50,152,231.8,0.2,50,0,0,0,0,0,1,2,6,9,1.7093730074557032
2059,30.82,3,8,8.2,0.2,3,0,0,0,1,1,0,1,1,0,3.7394193712438604
2060,30.84,34,96,157.1,0.2,35,0,0,0,1,1,0,3,3,3,1.6723948295849695
2061,30.85,16,44,66.6,0.2,16,0,0,0,1,1,0,4,1,0,1.6969178021308222
2062,30.87,16,57,69.2,0.2,17,0,0,0,1,1,0,5,1,1,1.5631645729130526
2063,30.9,49,153,230.2,0.2,51,0,0,0,0,0,1,9,5,4,1.7050831184379949
2064,30.93,42,135,185.2,0.2,42,0,0,0,1,1,0,6,4,3,1.5289943603796676
2065,30.96,43,125,197.1,0.2,44,0,0,0,1,1,0,5,3,4,1.6080653049173783
2066,30.97,19,54,81.2,0.2,19,0,0,0,1,1,0,3,3,4,1.6501039968030637
2067,30.98,18,43,79.7,0.2,18,0,0,0,1,1,0,1,2,0,1.7738625956085106
2068,31.01,49,174,232.3,0.2,51,0,0,0,0,0,1,5,4,2,1.6842820638665834
2069,31.02,8,20,32.0,0.2,8,0,0,0,1,1,0,1,1,0,2.2318620472853414
2070,31.03,8,23,28.7,0.2,8,0,0,0,1,1,0,4,2,0,2.0752916405408057
2071,31.04,28,79,123.7,0.2,28,0,0,0,1,1,0,3,2,4,1.6378101069373048
2072,31.06,23,73,97.5,0.2,23,0,0,0,1,1,0,5,1,2,1.6117010422190612
2073,31.08,28,84,126.2,0.2,29,0,0,0,1,1,0,5,4,4,1.959500097316553
2074,31.09,21,63,86.2,0.2,21,0,0,0,1,1,0,7,4,5,1.6423592099958435
2075,31.1,9,22,41.8,0.2,10,0,0,0,1,1,0,1,2,0,2.2967562659708785
2076,31.11,17,55,68.4,0.2,17,0,0,0,1,1,0,6,1,1,1.6473145217679899
2077,31.11,6,15,23.5,0.2,6,0,0,0,1,1,0,0,1,0,2.7058368449243204
2078,31.11,2,5,2.5,0.2,2,0,0,0,1,1,0,2,1,0,4.774064102270268
2079,31.14,49,144,235.9,0.2,51,0,0,0,0,0,1,4,5,6,1.7189481592585867
2080,31.14,4,12,10.7,0.2,4,0,0,0,1,1,0,3,1,1,3.1515135708183686
2081,31.15,2,7,4.2,0.2,2,0,0,0,1,1,0,0,1,1,4.514510382421832
2082,31.15,6,17,22.3,0.2,6,0,0,0,1,1,0,1,1,0,3.122969825915955
2083,31.19,49,173,228.0,0.2,51,0,0,0,0,0,1,9,6,6,1.4495312275657657
2084,31.22,50,161,221.2,0.2,50,0,0,0,1,1,0,7,1,7,1.6385776556582827
2085,31.23,19,45,80.5,0.2,19,0,0,0,1,1,0,5,1,0,2.113584839889749
2086,31.24,15,33,64.5,0.2,15,0,0,0,1,1,0,2,1,2,1.8592612736223253
2087,31.24,8,35,35.4,0.2,9,0,0,0,1,1,0,1,1,1,2.431139326560088
2088,31.25,2,5,3.5,0.2,2,0,0,0,1,1,0,1,1,0,6.337575314535736
2089,31.25,10,30,41.0,0.2,10,0,0,0,1,1,0,1,1,0,1.5969090199714968
2090,31.28,43,119,190.6,0.2,43,0,0,0,1,1,0,7,1,5,1.6034406968270543
2091,31.28,5,17,12.3,0.2,5,0,0,0,1,1,0,6,1,0,2.7751499745568946
2092,31.29,12,32,47.8,0.2,12,0,0,0,1,1,0,4,1,0,2.2045716795117793
2093,31.29,2,5,8.5,0.2,3,0,0,0,1,1,0,1,1,0,5.038930638510033
2094,31.32,45,141,198.5,0.2,45,0,0,0,1,1,0,7,3,4,1.7134618384514329
2095,31.34,28,84,121.4,0.2,28,0,0,0,1,1,0,5,3,2,1.9650131889575289
2096,31.35,17,49,70.7,0.2,17,0,0,0,1,1,0,4,1,4,1.8953300381278912
2097,31.36,2,5,2.5,0.2,2,0,0,0,1,1,0,2,1,0,6.758493893557606
2098,31.37,26,65,117.2,0.2,26,0,0,0,1,1,0,1,3,3,1.5191858403571254
2099,31.4,50,136,230.9,0.2,50,0,0,0,0,0,1,5,3,4,1.4982493817347
2100,31.42,38,98,168.9,0.2,38,0,0,0,1,1,0,6,3,3,1.508783217965407
2101,31.46,49,190,224.7,0.2,51,0,0,0,0,0,1,10,4,12,1.5726626858064912
2102,31.47,19,56,82.2,0.2,19,0,0,0,1,1,0,2,3,2,1.7402663583041829
2103,31.49,29,97,126.0,0.2,29,0,0,0,1,1,0,4,2,3,1.499315077754252
2104,31.51,27,79,125.0,0.2,28,0,0,0,1,1,0,2,2,1,1.6735774301852409
2105,31.54,44,131,193.0,0.2,44,0,0,0,1,1,0,8,3,9,1.3410960009468114
2106,31.55,18,56,76.3,0.2,18,0,0,0,1,1,0,3,2,1,1.5576512606467965
2107,31.58,47,143,209.1,0.2,47,0,0,0,1,1,0,6,4,6,1.4107545637214185
2108,31.59,5,13,18.4,0.2,5,0,0,0,1,1,0,0,1,3,2.770984473548601
2109,31.6,27,75,112.7,0.2,27,0,0,0,1,1,0,9,1,8,1.5142455580543446
2110,31.61,1,9,3.0,0.2,2,0,0,0,1,1,0,1,1,1,2.7907737858158645
2111,31.64,47,148,210.5,0.2,47,0,0,0,1,1,0,4,5,7,1.6353828436442013
2112,31.65,29,72,130.7,0.2,29,0,0,0,1,1,0,2,1,1,1.5311586712171215
2113,31.66,17,46,72.0,0.2,17,0,0,0,1,1,0,3,3,4,1.705350594804466
2114,31.7,49,172,231.9,0.2,51,0,0,0,0,0,1,5,2,8,1.5730640649248437
2115,31.71,12,28,57.0,0.2,13,0,0,0,1,1,0,0,2,2,1.960414115807879
2116,31.74,49,144,234.0,0.2,51,0,0,0,0,0,1,6,6,5,1.6342663139121083
2117,31.76,44,134,196.1,0.2,44,0,0,0,1,1,0,5,1,5,1.6524492534840047
2118,31.79,46,131,207.2,0.2,46,0,0,0,1,1,0,4,7,7,1.527345703505772
2119,31.79,2,7,4.3,0.2,2,0,0,0,1,1,0,0,1,0,4.264403512312322
2120,31.81,22,63,100.2,0.2,23,0,0,0,1,1,0,3,2,5,1.6878614990644016
2121,31.81,1,5,-3.5,0.2,1,0,0,0,1,1,0,3,1,0,5.597351128129605
2122,31.82,8,28,26.2,0.2,8,0,0,0,1,1,0,6,1,0,1.849432936460023
2123,31.83,14,47,57.0,0.2,14,0,0,0,1,1,0,3,2,3,1.7912511061234244
2124,31.85,36,108,157.7,0.2,36,0,0,0,1,1,0,6,3,5,1.6382187163305946
2125,31.86,6,21,21.9,0.2,6,0,0,0,1,1,0,1,1,0,2.400650296508157
2126,31.86,1,7,3.3,0.2,2,0,0,0,1,1,0,1,1,0,3.5400063118499765
2127,31.87,12,33,50.7,0.2,12,0,0,0,1,1,0,1,3,0,1.936968565246352
2128,31.87,7,11,27.9,0.2,7,0,0,0,1,1,0,1,1,0,3.5187548167542855
2129,31.89,39,111,173.5,0.2,39,0,0,0,1,1,0,5,2,4,1.424887677091128
2130,31.91,24,65,105.2,0.2,24,0,0,0,1,1,0,3,1,3,1.5729558221078948
2131,31.91,7,19,32.1,0.2,8,0,0,0,1,1,0,1,1,0,1.8678319177141516
2132,31.92,20,46,86.3,0.2,20,0,0,0,1,1,0,4,3,1,1.897331182722293
2133,31.94,21,58,92.2,0.2,21,0,0,0,1,1,0,2,1,0,1.6472410514055884
2134,31.94,7,22,22.7,0.2,7,0,0,0,1,1,0,5,1,1,2.0661694699412583
2135,31.95,8,23,32.7,0.2,8,0,0,0,1,1,0,0,1,0,2.2557497490439
2136,31.98,46,146,199.0,0.2,46,0,0,0,1,1,0,11,1,4,1.6048180867184096
2137,32.0,33,116,143.2,0.2,33,0,0,0,1,1,0,5,3,2,1.4583966679606017
2138,32.01,19,48,82.0,0.2,19,0,0,0,1,1,0,3,2,2,1.5030383412287032
2139,32.02,7,20,26.0,0.2,7,0,0,0,1,1,0,2,2,0,2.2233449739135835
2140,32.04,43,113,193.3,0.2,43,0,0,0,1,1,0,5,2,4,1.5645737626587686
2141,32.05,2,8,3.2,0.2,2,0,0,0,1,1,0,1,1,0,3.5963752452164925
2142,32.06,18,43,76.7,0.2,18,0,0,0,1,1,0,4,2,0,1.8998620702881504
2143,32.06,6,17,26.3,0.2,7,0,0,0,1,1,0,2,1,0,2.1634623240404665
2144,32.11,47,263,192.5,0.2,47,0,0,0,1,1,0,10,3,12,1.4682304910555466
2145,32.12,17,51,78.8,0.2,18,0,0,0,1,1,0,1,1,1,2.009900052393035
2146,32.13,9,23,36.5,0.2,9,0,0,0,1,1,0,1,1,2,2.1109249861393033
2147,32.14,18,58,77.0,0.2,18,0,0,0,1,1,0,2,1,2,1.3817050045748196
2148,32.15,19,49,84.8,0.2,19,0,0,0,1,1,0,0,2,3,1.7460107545731287
2149,32.19,47,154,205.3,0.2,47,0,0,0,1,1,0,9,5,3,1.3374749308532814
2150,32.21,29,79,128.9,0.2,29,0,0,0,1,1,0,3,2,2,1.6132459765285012
2151,32.21,2,5,9.4,0.2,3,0,0,0,1,1,0,0,1,1,4.3782609343022925
2152,32.22,13,38,51.1,0.2,13,0,0,0,1,1,0,5,1,1,1.647723045640217
2153,32.25,48,136,213.1,0.2,48,0,0,0,1,1,0,8,4,3,1.3803912541509258
2154,32.26,10,40,37.7,0.2,10,0,0,0,1,1,0,3,1,3,1.5209371151385145
2155,32.26,1,5,-0.6,0.2,1,0,0,0,1,1,0,0,1,1,5.265522137452978
2156,32.27,27,66,120.0,0.2,27,0,0,0,1,1,0,3,1,4,1.5418297113291668
2157,32.28,13,29,62.0,0.2,14,0,0,0,1,1,0,0,1,1,1.9281009714330282
2158,32.29,21,58,92.9,0.2,21,0,0,0,1,1,0,1,2,3,1.9385014305501995
2159,32.32,43,141,189.4,0.2,43,0,0,0,1,1,0,6,3,5,1.5830586203756274
2160,32.34,42,102,189.7,0.2,42,0,0,0,1,1,0,5,5,1,1.5830835919584623
2161,32.36,37,83,168.2,0.2,37,0,0,0,1,1,0,3,3,5,1.7089473905431436
2162,32.39,49,149,232.7,0.2,51,0,0,0,0,0,1,7,2,3,1.5663494610118134
2163,32.4,10,35,39.4,0.2,10,0,0,0,1,1,0,2,4,1,1.9937615332244312
2164,32.4,2,5,3.4,0.2,2,0,0,0,1,1,0,1,1,1,5.036839716637957
2165,32.44,44,150,190.7,0.2,44,0,0,0,1,1,0,9,5,3,1.309575409604134
2166,32.47,50,164,225.9,0.2,50,0,0,0,0,0,1,7,6,6,1.5224987337749856
2167,32.51,49,160,229.2,0.2,51,0,0,0,0,0,1,9,1,7,1.5019395508207034
2168,32.54,50,141,229.1,0.2,50,0,0,0,0,0,1,6,4,7,1.6328868139238257
2169,32.55,16,43,65.3,0.2,16,0,0,0,1,1,0,5,1,4,1.8950649501173693
2170,32.58,47,136,211.1,0.2,47,0,0,0,1,1,0,5,2,3,1.4490229921042375
2171,32.61,49,157,234.7,0.2,51,0,0,0,0,0,1,4,3,5,1.4617254553539751
2172,32.62,18,57,75.2,0.2,18,0,0,0,1,1,0,4,1,1,1.5278859143206587
2173,32.63,9,27,34.2,0.2,9,0,0,0,1,1,0,3,2,1,1.852395762033535
2174,32.64,26,68,115.9,0.2,26,0,0,0,1,1,0,2,2,3,1.6960229685086394
2175,32.65,22,46,98.3,0.2,22,0,0,0,1,1,0,2,1,1,1.6469741638568665
2176,32.68,33,99,142.8,0.2,33,0,0,0,1,1,0,7,3,3,1.6468636986079819
2177,32.7,39,128,171.9,0.2,39,0,0,0,1,1,0,5,4,3,1.3611749896362477
2178,32.74,49,163,215.2,0.2,49,0,0,0,1,1,0,8,2,5,1.5519076777567369
2179,32.75,19,38,86.0,0.2,19,0,0,0,1,1,0,0,2,2,2.134667053037026
2180,32.75,10,34,36.5,0.2,10,0,0,0,1,1,0,5,1,1,1.5792079717433605
2181,32.77,21,59,91.9,0.2,21,0,0,0,1,1,0,2,2,2,1.6680344600933092
2182,32.79,34,90,151.7,0.2,34,0,0,0,1,1,0,4,2,3,1.531173261521363
2183,32.8,20,64,83.4,0.2,20,0,0,0,1,1,0,5,3,2,1.4293715548576367
2184,32.8,4,9,12.1,0.2,4,0,0,0,1,1,0,2,1,0,3.7232226199655196
2185,32.81,17,37,71.1,0.2,17,0,0,0,1,1,0,5,3,2,2.162157693954252
2186,32.84,46,151,201.8,0.2,46,0,0,0,1,1,0,7,3,11,1.3890926879101768
2187,32.85,18,55,75.4,0.2,18,0,0,0,1,1,0,4,1,1,1.591312403972361
2188,32.86,8,25,35.2,0.2,9,0,0,0,1,1,0,2,1,3,2.094504994991145
2189,32.87,26,58,118.2,0.2,26,0,0,0,1,1,0,1,1,0,1.727065580331677
2190,32.88,12,29,54.9,0.2,13,0,0,0,1,1,0,2,1,2,2.097476333168547
2191,32.9,27,70,119.5,0.2,27,0,0,0,1,1,0,3,1,5,1.5384078563115118
2192,32.93,49,168,224.6,0.2,51,0,0,0,0,0,1,13,3,5,1.7160826236024807
2193,32.94,4,18,16.2,0.2,5,0,0,0,1,1,0,2,1,0,2.172741894984884
2194,32.95,17,48,72.9,0.2,17,0,0,0,1,1,0,2,2,3,1.6562254973530812
2195,32.97,36,93,161.6,0.2,36,0,0,0,1,1,0,4,3,1,1.6662650123906424
2196,32.98,2,7,9.2,0.2,3,0,0,0,1,1,0,0,1,1,3.474393496285388
2197,33.0,19,54,88.1,0.2,20,0,0,0,1,1,0,1,3,5,1.6181905007160333
2198,33.01,17,41,72.8,0.2,17,0,0,0,1,1,0,3,3,1,1.991781376341715
2199,33.02,25,57,112.1,0.2,25,0,0,0,1,1,0,2,1,2,1.6715406979314638
2200,33.02,2,5,1.5,0.2,2,0,0,0,1,1,0,3,1,0,6.034857352311354
2201,33.05,27,88,114.9,0.2,27,0,0,0,1,1,0,6,3,3,1.630632492715867
2202,33.06,13,41,51.9,0.2,13,0,0,0,1,1,0,4,3,0,2.1848705147713385
2203,33.07,15,47,62.0,0.2,15,0,0,0,1,1,0,3,2,3,1.7117311065716294
2204,33.07,2,7,8.2,0.2,3,0,0,0,1,1,0,1,1,1,3.382335660694894
2205,33.08,18,53,73.7,0.2,18,0,0,0,1,1,0,6,2,0,1.7113555609063842
2206,33.09,23,57,101.7,0.2,23,0,0,0,1,1,0,2,2,6,1.554993620132752
2207,33.1,10,32,38.8,0.2,10,0,0,0,1,1,0,3,2,0,2.1100844939016152
2208,33.11,12,51,44.6,0.2,12,0,0,0,1,1,0,5,1,3,1.841626815829225
2209,33.13,20,51,85.9,0.2,20,0,0,0,1,1,0,4,2,0,1.538720926332489
2210,33.13,2,5,1.5,0.2,2,0,0,0,1,1,0,3,1,0,6.02963892589062
2211,33.13,9,29,33.1,0.2,9,0,0,0,1,1,0,4,1,0,2.028640900350049
2212,33.15,24,62,105.6,0.2,24,0,0,0,1,1,0,3,2,2,1.951380650348923
2213,33.17,25,66,107.9,0.2,25,0,0,0,1,1,0,5,1,5,1.6788284772033986
2214,33.18,27,71,116.8,0.2,27,0,0,0,1,1,0,6,1,1,1.5551314777428442
2215,33.2,23,82,103.6,0.2,24,0,0,0,1,1,0,3,3,2,1.5748452001770263
2216,33.22,37,107,162.1,0.2,37,0,0,0,1,1,0,7,3,2,1.5628124790268074
2217,33.23,7,28,29.1,0.2,8,0,0,0,1,1,0,3,1,1,1.660831108951235
2218,33.23,7,24,25.6,0.2,7,0,0,0,1,1,0,2,2,0,1.720543952806474
2219,33.27,49,156,232.8,0.2,51,0,0,0,0,0,1,6,4,5,1.565844069958892
2220,33.28,4,11,13.9,0.2,4,0,0,0,1,1,0,0,1,0,2.528257417806334
2221,33.29,14,39,53.9,0.2,14,0,0,0,1,1,0,7,1,2,1.680612979360013
2222,33.3,12,32,49.8,0.2,12,0,0,0,1,1,0,2,2,0,1.8841287109953226
2223,33.3,8,20,31.0,0.2,8,0,0,0,1,1,0,2,2,0,2.1280067803136467
2224,33.32,29,78,130.9,0.2,30,0,0,0,1,1,0,6,2,3,1.490870382703708
2225,33.32,7,24,31.3,0.2,8,0,0,0,1,1,0,1,1,3,1.5357327115763635
2226,33.36,49,163,232.9,0.2,51,0,0,0,0,0,1,5,0,7,1.4610458052787654
2227,33.36,3,10,12.0,0.2,4,0,0,0,1,1,0,2,1,0,2.817601855443974
2228,33.37,22,66,95.3,0.2,22,0,0,0,1,1,0,3,1,1,1.498718319205242
2229,33.39,29,77,134.1,0.2,30,0,0,0,1,1,0,3,2,2,1.6678477506422278
2230,33.41,36,99,159.6,0.2,36,0,0,0,1,1,0,5,6,5,1.9489720279075928
2231,33.44,42,117,188.8,0.2,42,0,0,0,1,1,0,4,3,5,1.5309122660386143
2232,33.44,1,6,-3.6,0.2,1,0,0,0,1,1,0,3,1,0,4.9105120495325245
2233,33.46,41,109,182.0,0.2,41,0,0,0,1,1,0,7,4,1,1.6801389961674296
2234,33.47,19,51,85.9,0.2,20,0,0,0,1,1,0,4,1,0,1.5826767017138583
2235,33.51,50,163,225.1,0.2,50,0,0,0,0,0,1,8,2,5,1.46674473323329
2236,33.52,18,48,78.2,0.2,18,0,0,0,1,1,0,2,2,0,1.9347552483054642
2237,33.52,4,11,12.8,0.2,4,0,0,0,1,1,0,1,1,1,3.572022279181725
2238,33.55,43,111,196.5,0.2,43,0,0,0,1,1,0,2,2,4,1.461571115428905
2239,33.57,31,80,135.7,0.2,31,0,0,0,1,1,0,6,4,3,1.6892389534384127
2240,33.57,3,17,9.2,0.2,4,0,0,0,1,1,0,4,1,1,2.7024538734266326
2241,33.59,20,57,86.3,0.2,20,0,0,0,1,1,0,3,2,0,1.4655459559822785
2242,33.61,27,79,119.0,0.2,27,0,0,0,1,1,0,3,3,1,1.820468180985349
2243,33.62,18,41,79.9,0.2,18,0,0,0,1,1,0,1,2,0,1.6475295512768302
2244,33.63,24,54,104.2,0.2,24,0,0,0,1,1,0,5,2,4,1.771705591293934
2245,33.64,18,47,76.9,0.2,18,0,0,0,1,1,0,3,2,4,1.9729891660427936
2246,33.67,40,98,184.7,0.2,40,0,0,0,1,1,0,0,3,5,1.6708312205540445
2247,33.69,34,91,150.6,0.2,34,0,0,0,1,1,0,5,1,3,1.7109811372096493
2248,33.72,49,147,233.3,0.2,51,0,0,0,0,0,1,6,1,9,1.5166617436551981
2249,33.73,19,52,78.8,0.2,19,0,0,0,1,1,0,6,1,0,1.8286694868625175
2250,33.74,2,8,3.2,0.2,2,0,0,0,1,1,0,1,1,0,3.3120388493618895
2251,33.77,49,144,238.8,0.2,51,0,0,0,0,0,1,1,3,7,1.7123983838687336
2252,33.77,7,19,25.0,0.2,7,0,0,0,1,1,0,3,2,1,2.9510646945188777
2253,33.78,14,35,60.5,0.2,14,0,0,0,1,1,0,1,1,0,2.060988588908083
2254,33.8,38,101,167.8,0.2,38,0,0,0,1,1,0,7,3,1,1.5207451695382723
2255,33.81,14,39,57.0,0.2,14,0,0,0,1,1,0,4,2,1,1.7099554648343012
2256,33.83,34,97,148.0,0.2,34,0,0,0,1,1,0,7,3,3,1.4666823347607676
2257,33.85,34,87,148.2,0.2,34,0,0,0,1,1,0,8,3,1,1.4983957692380998
2258,33.86,8,23,28.7,0.2,8,0,0,0,1,1,0,4,1,0,2.0016354341878864
2259,33.87,10,22,39.7,0.2,10,0,0,0,1,1,0,3,1,1,2.276946151381063
2260,33.88,19,55,79.4,0.2,19,0,0,0,1,1,0,5,2,1,1.8429114174272538
2261,33.91,35,113,152.3,0.2,35,0,0,0,1,1,0,6,2,4,1.611899103891676
2262,33.91,1,7,-2.7,0.2,1,0,0,0,1,1,0,2,1,0,4.6288714324995635
2263,33.92,23,65,100.4,0.2,23,0,0,0,1,1,0,3,3,1,1.6609005078309373
2264,33.94,30,85,124.4,0.2,30,0,0,0,1,1,0,12,4,1,1.3873075382311775
2265,33.99,49,177,224.7,0.2,51,0,0,0,0,0,1,12,1,5,1.7293457697280898
2266,33.99,7,19,27.0,0.2,7,0,0,0,1,1,0,1,1,1,2.5379146492750504
2267,34.0,19,43,84.7,0.2,19,0,0,0,1,1,0,1,2,0,2.141661983199377
2268,34.01,17,48,70.1,0.2,17,0,0,0,1,1,0,5,3,1,1.7542384232167454
2269,34.02,13,31,53.8,0.2,13,0,0,0,1,1,0,3,2,1,1.9391572927739427
2270,34.03,16,39,69.9,0.2,16,0,0,0,1,1,0,1,2,2,1.8237262266004082
2271,34.03,2,8,4.2,0.2,2,0,0,0,1,1,0,0,1,0,3.5663519068566987
2272,34.03,1,5,-3.5,0.2,1,0,0,0,1,1,0,3,1,0,4.734342799994276
2273,34.04,16,41,70.9,0.2,16,0,0,0,1,1,0,0,1,0,1.9315008423678597
2274,34.06,35,90,156.8,0.2,35,0,0,0,1,1,0,4,1,2,1.5348607294281253
2275,34.08,29,73,127.5,0.2,29,0,0,0,1,1,0,5,3,2,1.6101069398220562
2276,34.1,27,78,120.9,0.2,27,0,0,0,1,1,0,1,2,3,1.7808053382350704
2277,34.11,14,31,61.9,0.2,14,0,0,0,1,1,0,0,1,0,1.979719679366817
2278,34.12,19,49,81.0,0.2,19,0,0,0,1,1,0,4,2,1,1.5811940212754698
2279,34.13,20,46,87.4,0.2,20,0,0,0,1,1,0,3,1,0,1.4274985638527646
2280,34.14,24,62,106.7,0.2,24,0,0,0,1,1,0,2,3,1,1.7531683427490627
2281,34.16,17,46,74.1,0.2,17,0,0,0,1,1,0,1,2,3,1.807212901931979
2282,34.16,12,34,54.6,0.2,13,0,0,0,1,1,0,2,1,0,1.7592190513955983
2283,34.17,1,5,-1.5,0.2,1,0,0,0,1,1,0,1,1,0,4.452589924351007
2284,34.2,49,162,232.2,0.2,51,0,0,0,0,0,1,6,4,5,1.5793078320925111
2285,34.23,44,165,191.2,0.2,44,0,0,0,1,1,0,7,2,3,1.3271329017008255
2286,34.24,11,26,50.2,0.2,12,0,0,0,1,1,0,2,2,2,1.9263194100597085
2287,34.24,2,5,2.4,0.2,2,0,0,0,1,1,0,2,1,1,4.9417648651084045
2288,34.24,2,5,1.5,0.2,2,0,0,0,1,1,0,3,1,0,4.567976359219175
2289,34.26,19,56,82.3,0.2,19,0,0,0,1,1,0,2,1,1,1.565926629008778
2290,34.28,38,104,172.0,0.2,38,0,0,0,1,1,0,2,2,6,1.4722264120552295
2291,34.31,31,97,131.9,0.2,31,0,0,0,1,1,0,8,3,4,1.3724217318797027
2292,34.32,20,58,88.9,0.2,21,0,0,0,1,1,0,5,1,3,1.7012699519562162
2293,34.35,36,86,161.1,0.2,36,0,0,0,1,1,0,5,2,3,1.2951203173845833
2294,34.35,3,12,5.7,0.2,3,0,0,0,1,1,0,3,1,1,3.6966144759169475
2295,34.35,4,10,17.0,0.2,5,0,0,0,1,1,0,2,1,0,2.8923567284875253
2296,34.38,42,124,186.9,0.2,42,0,0,0,1,1,0,5,4,7,1.4941656310687257
2297,34.4,43,123,193.2,0.2,43,0,0,0,1,1,0,4,4,5,1.363062371597932
2298,34.44,49,145,234.8,0.2,51,0,0,0,0,0,1,5,2,6,1.783918243733091
2299,34.45,19,49,80.0,0.2,19,0,0,0,1,1,0,5,2,1,1.6173860332649204
2300,34.45,7,17,28.3,0.2,7,0,0,0,1,1,0,0,1,0,2.0775424999984136
2301,34.46,8,24,28.5,0.2,8,0,0,0,1,1,0,4,2,1,2.193956749734216
2302,34.48,27,71,119.8,0.2,27,0,0,0,1,1,0,3,1,1,1.5206928329318585
2303,34.48,5,10,17.9,0.2,5,0,0,0,1,1,0,1,1,1,2.6612507447680604
2304,34.49,8,24,37.6,0.2,9,0,0,0,1,1,0,0,1,0,1.7329986380441198
2305,34.5,15,43,63.7,0.2,15,0,0,0,1,1,0,2,3,0,1.6189379322037076
2306,34.53,50,140,221.5,0.2,50,0,0,0,1,1,0,9,3,5,1.5650834103522637
2307,34.55,25,73,109.5,0.2,25,0,0,0,1,1,0,3,1,2,1.4228392579161522
2308,34.56,19,53,80.5,0.2,19,0,0,0,1,1,0,4,1,2,1.8732161006384551
2309,34.58,37,105,160.2,0.2,37,0,0,0,1,1,0,9,2,3,1.3552002537227958
2310,34.62,49,155,231.2,0.2,51,0,0,0,0,0,1,8,2,2,1.7417776584722038
2311,34.63,10,23,39.7,0.2,10,0,0,0,1,1,0,3,1,0,2.767582644793636
2312,34.66,49,148,229.8,0.2,51,0,0,0,0,0,1,10,1,3,1.8788809110019509
2313,34.68,28,79,121.6,0.2,28,0,0,0,1,1,0,5,2,5,1.4031794944449014
2314,34.7,17,42,75.6,0.2,17,0,0,0,1,1,0,0,2,2,1.8679811611499293
2315,34.72,31,89,132.7,0.2,31,0,0,0,1,1,0,8,2,4,1.5661225565290036
2316,34.76,49,164,212.3,0.2,49,0,0,0,1,1,0,11,3,3,1.552253849484292
2317,34.77,13,33,56.5,0.2,13,0,0,0,1,1,0,0,1,2,1.8268498188347086
2318,34.78,18,43,78.7,0.2,18,0,0,0,1,1,0,2,1,0,2.065599358391766
2319,34.81,49,161,233.1,0.2,51,0,0,0,0,0,1,5,0,7,1.6022109458358738
2320,34.81,2,5,1.5,0.2,2,0,0,0,1,1,0,3,1,0,6.1014627571649
2321,34.84,47,132,208.3,0.2,47,0,0,0,1,1,0,8,5,5,1.444677239933117
2322,34.86,25,72,107.6,0.2,25,0,0,0,1,1,0,5,2,2,1.4894193973562841
2323,34.88,28,78,128.0,0.2,29,0,0,0,1,1,0,4,4,2,1.3348644263696814
2324,34.89,31,75,139.3,0.2,31,0,0,0,1,1,0,3,2,2,1.4999397406591604
2325,34.91,27,74,126.3,0.2,28,0,0,0,1,1,0,1,3,3,1.9932400213754562
2326,34.92,9,28,33.2,0.2,9,0,0,0,1,1,0,4,2,0,1.9939371362139777
2327,34.92,1,9,-2.9,0.2,1,0,0,0,1,1,0,2,1,0,3.069266083868042
2328,34.93,16,38,69.1,0.2,16,0,0,0,1,1,0,2,3,1,1.8794140103491208
2329,34.95,38,101,173.3,0.2,39,0,0,0,1,1,0,6,2,6,1.5713836099545315
2330,34.98,40,110,179.7,0.2,40,0,0,0,1,1,0,4,5,3,1.591255795892471
2331,35.0,37,102,164.4,0.2,37,0,0,0,1,1,0,5,3,4,1.6823657883119143
2332,35.01,28,62,125.6,0.2,28,0,0,0,1,1,0,3,1,2,1.6669354715086246
2333,35.02,3,9,6.1,0.2,3,0,0,0,1,1,0,3,1,0,3.4117162561969736
2334,35.02,4,11,10.9,0.2,4,0,0,0,1,1,0,3,1,0,2.588475265579141
2335,35.05,48,151,212.6,0.2,48,0,0,0,1,1,0,7,1,3,1.6107062352590917
2336,35.09,49,160,232.2,0.2,51,0,0,0,0,0,1,6,2,7,1.6127562071271553
2337,35.11,24,76,105.1,0.2,24,0,0,0,1,1,0,2,3,3,1.6079032987191586
2338,35.12,19,42,84.6,0.2,19,0,0,0,1,1,0,1,1,2,1.4584234583406726
2339,35.13,30,70,133.7,0.2,30,0,0,0,1,1,0,4,3,3,1.8659985576192013
2340,35.15,28,72,126.4,0.2,28,0,0,0,1,1,0,1,1,4,1.8059109213831954
2341,35.15,10,25,36.5,0.2,10,0,0,0,1,1,0,6,2,0,2.2185685876151875
2342,35.16,1,6,-0.7,0.2,1,0,0,0,1,1,0,0,1,1,3.7044362004246785
2343,35.16,2,5,3.5,0.2,2,0,0,0,1,1,0,1,1,0,4.878637316340279
2344,35.18,32,77,145.1,0.2,32,0,0,0,1,1,0,2,2,2,1.4876530032055577
2345,35.2,36,108,157.9,0.2,36,0,0,0,1,1,0,6,4,3,1.6037169367505841
2346,35.2,10,26,41.2,0.2,10,0,0,0,1,1,0,1,2,2,1.8927850116502993
2347,35.22,25,59,111.9,0.2,25,0,0,0,1,1,0,2,3,2,1.9689525899296278
2348,35.24,32,88,142.9,0.2,32,0,0,0,1,1,0,3,2,3,1.739683090319442
2349,35.26,33,79,148.6,0.2,33,0,0,0,1,1,0,3,3,5,1.506338332254105
2350,35.26,3,9,7.0,0.2,3,0,0,0,1,1,0,2,1,1,4.914161766729635
2351,35.28,25,64,109.1,0.2,25,0,0,0,1,1,0,4,1,5,1.7737249306854932
2352,35.29,16,40,68.7,0.2,16,0,0,0,1,1,0,2,2,3,1.853444505042712
2353,35.32,49,148,234.2,0.2,51,0,0,0,0,0,1,5,4,9,1.6971881787482948
2354,35.34,28,81,124.7,0.2,28,0,0,0,1,1,0,2,3,2,1.6436602812046521
2355,35.37,49,147,217.0,0.2,49,0,0,0,1,1,0,8,5,3,1.404105213264427
2356,35.38,14,35,59.5,0.2,14,0,0,0,1,1,0,2,2,0,2.1503828986959754
2357,35.4,32,85,143.2,0.2,32,0,0,0,1,1,0,3,5,3,1.6121370491458114
2358,35.4,0,10,-3.0,0.2,1,0,0,0,1,1,0,2,1,0,2.5571135987118145
2359,35.42,27,70,118.9,0.2,27,0,0,0,1,1,0,4,2,1,1.4142089558096858
2360,35.42,8,23,29.7,0.2,8,0,0,0,1,1,0,3,1,0,2.410153328831911
2361,35.43,18,54,74.3,0.2,18,0,0,0,1,1,0,5,1,3,1.3121779346497138
2362,35.44,2,6,4.4,0.2,2,0,0,0,1,1,0,0,1,0,4.1164148400625225
2363,35.46,34,96,151.9,0.2,34,0,0,0,1,1,0,3,3,5,1.83263960183609
2364,35.49,49,149,232.4,0.2,51,0,0,0,0,0,1,7,1,6,1.623597708990242
2365,35.5,5,22,14.7,0.2,5,0,0,0,1,1,0,3,1,1,2.9220183419668415
2366,35.53,49,161,229.2,0.2,51,0,0,0,0,0,1,9,1,6,1.675338336397796
2367,35.56,49,135,222.8,0.2,49,0,0,0,1,1,0,3,4,7,1.7280863370461839
2368,35.58,36,109,156.6,0.2,36,0,0,0,1,1,0,7,2,5,1.5046811928885813
2369,35.58,2,5,1.5,0.2,2,0,0,0,1,1,0,3,1,0,5.503680793631004
2370,35.59,14,28,60.2,0.2,14,0,0,0,1,1,0,2,2,0,2.1483347456326176
2371,35.61,35,89,160.6,0.2,35,0,0,0,1,1,0,0,1,5,1.4962448111617215
2372,35.61,4,13,13.7,0.2,4,0,0,0,1,1,0,0,1,0,2.275220488863985
2373,35.62,1,5,-3.5,0.2,1,0,0,0,1,1,0,3,1,0,6.077858029169475
2374,35.62,1,5,-1.5,0.2,1,0,0,0,1,1,0,1,1,0,5.930254331733686
2375,35.64,35,96,151.2,0.2,35,0,0,0,1,1,0,9,4,2,1.372970986676721
2376,35.65,27,61,120.8,0.2,27,0,0,0,1,1,0,3,2,1,1.9463397156696558
2377,35.66,16,40,69.8,0.2,16,0,0,0,1,1,0,1,1,2,2.0984437138580114
2378,35.68,37,100,166.7,0.2,37,0,0,0,1,1,0,3,2,3,1.311319930260476
2379,35.68,6,15,20.4,0.2,6,0,0,0,1,1,0,3,1,1,3.081224069039141
2380,35.69,1,9,-3.9,0.2,1,0,0,0,1,1,0,3,1,0,3.363834573213406
2381,35.69,6,25,18.4,0.2,6,0,0,0,1,1,0,4,2,1,2.072017563268429
2382,35.73,46,142,202.5,0.2,46,0,0,0,1,1,0,8,3,3,1.5653678505024282
2383,35.73,5,21,13.9,0.2,5,0,0,0,1,1,0,4,1,0,2.1306800266806967
2384,35.75,33,89,149.7,0.2,33,0,0,0,1,1,0,1,2,4,1.4609126714305634
2385,35.79,49,172,228.4,0.2,51,0,0,0,0,0,1,9,4,3,1.5109625264402022
2386,35.8,18,50,79.8,0.2,19,0,0,0,1,1,0,5,2,2,1.8097807546112366
2387,35.82,37,108,161.3,0.2,37,0,0,0,1,1,0,7,3,9,1.4724171780265523
2388,35.85,36,92,158.7,0.2,36,0,0,0,1,1,0,7,2,1,1.973371876371621
2389,35.85,2,5,4.5,0.2,2,0,0,0,1,1,0,0,1,0,5.723601312437178
2390,35.86,22,54,97.5,0.2,22,0,0,0,1,1,0,2,1,1,1.699580408014811
2391,35.88,30,78,133.0,0.2,30,0,0,0,1,1,0,4,2,2,1.5200431409463437
2392,35.89,7,26,22.3,0.2,7,0,0,0,1,1,0,5,1,1,1.6928044483192914
2393,35.91,38,109,168.6,0.2,38,0,0,0,1,1,0,5,3,5,1.391249265452408
2394,35.92,9,23,35.7,0.2,9,0,0,0,1,1,0,2,1,0,2.5212918344229376
2395,35.93,25,52,113.8,0.2,25,0,0,0,1,1,0,1,1,0,1.7608377937684243
2396,35.96,47,124,217.2,0.2,48,0,0,0,1,1,0,5,4,4,1.366141462164514
2397,35.99,44,124,195.6,0.2,44,0,0,0,1,1,0,6,1,10,1.5061472910396239
2398,36.0,15,39,65.1,0.2,15,0,0,0,1,1,0,1,2,0,1.7487741206201473
2399,36.01,21,60,97.6,0.2,22,0,0,0,1,1,0,1,1,4,2.0464133124683537
2400,36.04,46,139,205.5,0.2,46,0,0,0,1,1,0,5,2,6,1.5957047499085917
2401,36.04,5,22,11.6,0.2,5,0,0,0,1,1,0,6,1,2,2.2014885459356974
2402,36.08,49,175,225.9,0.2,51,0,0,0,0,0,1,11,2,5,1.4551481232569936
2403,36.12,49,162,232.8,0.2,51,0,0,0,0,0,1,5,3,9,1.8375961061497708
2404,36.13,15,45,63.3,0.2,15,0,0,0,1,1,0,2,1,2,1.9952923236244478
2405,36.15,34,79,154.9,0.2,34,0,0,0,1,1,0,2,3,2,1.569594525219449
2406,36.16,13,42,57.7,0.2,14,0,0,0,1,1,0,3,2,1,1.803486814989017
2407,36.17,18,47,74.3,0.2,18,0,0,0,1,1,0,6,3,0,1.8293227352828982
2408,36.18,5,11,18.9,0.2,5,0,0,0,1,1,0,0,1,0,2.3911261421075167
2409,36.2,24,73,103.6,0.2,24,0,0,0,1,1,0,4,2,1,1.9380889670561565
2410,36.21,16,34,73.6,0.2,17,0,0,0,1,1,0,3,2,0,2.164637088274751
2411,36.21,0,5,-1.5,0.2,1,0,0,0,1,1,0,1,1,0,5.0016303469001695
2412,36.21,10,30,39.0,0.2,10,0,0,0,1,1,0,3,2,0,1.9153184011884965
2413,36.24,47,123,211.4,0.2,47,0,0,0,1,1,0,6,4,3,1.754193057887904
2414,36.27,49,160,234.5,0.2,51,0,0,0,0,0,1,4,3,4,1.4808177212292502
2415,36.31,49,159,232.5,0.2,51,0,0,0,0,0,1,6,5,5,1.6270363815484756
2416,36.31,5,10,18.9,0.2,5,0,0,0,1,1,0,0,1,1,3.005475665615638
2417,36.32,12,34,48.0,0.2,12,0,0,0,1,1,0,3,1,6,1.7705206021848579
2418,36.33,11,34,45.4,0.2,11,0,0,0,1,1,0,1,1,2,1.878226110096369
2419,36.34,24,66,105.2,0.2,24,0,0,0,1,1,0,3,1,2,1.6205473662216274
2420,36.38,49,176,230.6,0.2,51,0,0,0,0,0,1,6,3,7,1.6325422476281994
2421,36.38,7,20,24.9,0.2,7,0,0,0,1,1,0,3,1,1,1.488291925967219
2422,36.42,49,163,226.3,0.2,51,0,0,0,0,0,1,12,6,3,1.6534878758923846
2423,36.42,4,14,11.4,0.2,4,0,0,0,1,1,0,2,1,2,2.1595249216642394
2424,36.44,25,71,108.8,0.2,25,0,0,0,1,1,0,4,2,1,1.4905840775975636
2425,36.45,23,74,98.5,0.2,23,0,0,0,1,1,0,4,3,1,1.7339459668211283
2426,36.46,6,18,22.2,0.2,6,0,0,0,1,1,0,1,1,0,1.6207843888835525
2427,36.48,25,83,105.4,0.2,25,0,0,0,1,1,0,6,1,3,1.747582859403539
2428,36.48,12,31,49.6,0.2,12,0,0,0,1,1,0,2,2,3,1.7717187852862932
2429,36.5,31,87,135.8,0.2,31,0,0,0,1,1,0,5,6,5,1.7629388733995435
2430,36.52,24,67,108.2,0.2,24,0,0,0,1,1,0,0,3,1,1.7551362104228372
2431,36.55,49,145,236.0,0.2,51,0,0,0,0,0,1,4,4,4,1.5300447899414928
2432,36.58,49,158,230.5,0.2,51,0,0,0,0,0,1,8,1,6,1.460148153827945
2433,36.59,24,54,102.6,0.2,24,0,0,0,1,1,0,7,2,0,1.7938264522901155
2434,36.62,43,111,193.6,0.2,43,0,0,0,1,1,0,5,2,3,1.7035749569005993
2435,36.63,17,40,74.9,0.2,17,0,0,0,1,1,0,1,1,1,1.6336853622381668
2436,36.64,18,55,73.1,0.2,18,0,0,0,1,1,0,6,2,4,1.5431762930760675
2437,36.66,32,97,139.1,0.2,32,0,0,0,1,1,0,6,3,2,1.7154229378022061
2438,36.67,23,64,98.4,0.2,23,0,0,0,1,1,0,5,3,2,1.4545642733681567
2439,36.68,13,36,56.1,0.2,13,0,0,0,1,1,0,0,1,3,1.6882215917897083
2440,36.68,2,5,1.5,0.2,2,0,0,0,1,1,0,3,1,0,5.393298063083417
2441,36.7,18,60,73.7,0.2,18,0,0,0,1,1,0,5,2,3,1.7583698672490435
2442,36.73,50,153,226.0,0.2,50,0,0,0,1,1,0,3,5,7,1.5592077398356168
2443,36.73,5,15,23.4,0.2,6,0,0,0,1,1,0,0,1,1,2.6718971627094437
2444,36.74,7,29,19.8,0.2,7,0,0,0,1,1,0,7,2,3,2.00502827237904
2445,36.76,35,84,156.4,0.2,35,0,0,0,1,1,0,5,1,2,1.8427412876249387
2446,36.77,12,37,48.1,0.2,12,0,0,0,1,1,0,3,3,2,1.7510896310430593
2447,36.77,6,21,19.8,0.2,6,0,0,0,1,1,0,3,1,1,1.9272729504472654
2448,36.78,20,45,87.5,0.2,20,0,0,0,1,1,0,3,2,0,2.1965514585769257
2449,36.81,47,128,210.8,0.2,47,0,0,0,1,1,0,6,4,4,1.4279420105515062
2450,36.82,10,25,39.5,0.2,10,0,0,0,1,1,0,3,2,0,1.6451476355172798
2451,36.84,33,85,147.3,0.2,33,0,0,0,1,1,0,4,3,2,1.4971470487408953
2452,36.87,49,145,234.1,0.2,51,0,0,0,0,0,1,6,1,3,1.495988964953241
2453,36.9,50,150,222.5,0.2,50,0,0,0,1,1,0,7,2,5,1.6780649254152635
2454,36.91,16,39,70.1,0.2,16,0,0,0,1,1,0,1,1,0,2.044463015774484
2455,36.92,13,42,53.7,0.2,13,0,0,0,1,1,0,2,1,1,1.539921785036348
2456,36.93,32,77,145.0,0.2,32,0,0,0,1,1,0,2,2,3,1.5196638035849044
2457,36.95,34,79,154.7,0.2,34,0,0,0,1,1,0,2,3,4,1.5173541504210044
2458,36.96,19,51,78.8,0.2,19,0,0,0,1,1,0,6,1,1,1.8047356505651724
2459,37.0,48,145,218.3,0.2,48,0,0,0,1,1,0,2,5,2,1.7140728242404089
2460,37.01,23,62,97.5,0.2,23,0,0,0,1,1,0,6,2,3,1.5585945364646299
2461,37.02,11,30,43.8,0.2,11,0,0,0,1,1,0,3,2,2,1.7207319887667702
2462,37.04,34,101,146.6,0.2,34,0,0,0,1,1,0,8,4,3,1.36245000353275
2463,37.07,49,153,231.9,0.2,51,0,0,0,0,0,1,7,4,7,1.7453081137278217
2464,37.1,46,148,202.8,0.2,46,0,0,0,1,1,0,7,3,4,1.6047739292737584
2465,37.11,4,12,9.8,0.2,4,0,0,0,1,1,0,4,1,0,3.21764408400441
2466,37.12,23,63,101.5,0.2,24,0,0,0,1,1,0,7,1,2,1.2765103792245833
2467,37.12,5,9,19.1,0.2,5,0,0,0,1,1,0,0,1,0,3.3234492155471718
2468,37.16,49,147,235.0,0.2,51,0,0,0,0,0,1,5,3,2,1.5706380260626824
2469,37.16,3,12,5.8,0.2,3,0,0,0,1,1,0,3,2,0,2.7322993921078833
2470,37.18,28,95,127.9,0.2,29,0,0,0,1,1,0,2,2,6,1.5558051237890551
2471,37.19,13,26,58.4,0.2,14,0,0,0,1,1,0,4,1,0,2.1971126859321064
2472,37.2,15,53,59.5,0.2,15,0,0,0,1,1,0,5,2,2,1.565751433557984
2473,37.23,40,130,175.4,0.2,40,0,0,0,1,1,0,6,2,6,1.530322788060373
2474,37.26,49,170,232.8,0.2,51,0,0,0,0,0,1,5,5,1,1.8284596955445982
2475,37.28,34,86,152.2,0.2,34,0,0,0,1,1,0,4,2,2,1.8143537714771265
2476,37.28,6,13,22.7,0.2,6,0,0,0,1,1,0,1,2,0,3.6062786768835915
2477,37.29,15,47,59.3,0.2,15,0,0,0,1,1,0,6,2,0,1.8392809060392579
2478,37.33,49,190,224.5,0.2,51,0,0,0,0,0,1,11,4,4,1.6770340678056832
2479,37.35,27,72,118.5,0.2,27,0,0,0,1,1,0,4,2,3,1.6270364208408101
2480,37.38,35,124,148.1,0.2,35,0,0,0,1,1,0,9,3,5,1.5091892100894209
2481,37.38,4,10,17.9,0.2,5,0,0,0,1,1,0,1,1,1,3.265426375033438
2482,37.39,24,58,110.2,0.2,25,0,0,0,1,1,0,4,4,0,1.5233428309451937
2483,37.43,49,166,230.9,0.2,51,0,0,0,0,0,1,7,2,4,1.6550638465745446
2484,37.44,24,53,105.4,0.2,24,0,0,0,1,1,0,4,1,3,1.7565297423984316
2485,37.46,29,84,125.6,0.2,29,0,0,0,1,1,0,6,4,0,1.937503787075294
2486,37.48,35,81,157.8,0.2,35,0,0,0,1,1,0,4,1,1,1.7377632477908331
2487,37.48,2,6,9.3,0.2,3,0,0,0,1,1,0,0,1,1,4.403451341056134
2488,37.5,46,131,203.6,0.2,46,0,0,0,1,1,0,8,2,3,1.8120878459121421
2489,37.52,28,67,123.2,0.2,28,0,0,0,1,1,0,5,2,1,1.767615031674379
2490,37.52,5,10,19.0,0.2,5,0,0,0,1,1,0,0,1,0,3.3707942751479694
2491,37.54,23,69,96.9,0.2,23,0,0,0,1,1,0,6,3,2,1.895349851717639
2492,37.54,5,17,15.3,0.2,5,0,0,0,1,1,0,3,2,0,2.2154911053337494
2493,37.57,49,143,235.6,0.2,51,0,0,0,0,0,1,4,4,10,1.5258728678678177
2494,37.58,4,11,10.9,0.2,4,0,0,0,1,1,0,3,1,0,3.2154994844155285
2495,37.58,4,13,11.7,0.2,4,0,0,0,1,1,0,2,1,0,2.6924978120625775
2496,37.58,1,5,-3.5,0.2,1,0,0,0,1,1,0,3,1,0,5.204408918340404
2497,37.59,7,30,26.8,0.2,8,0,0,0,1,1,0,5,2,2,1.6512989451352391
2498,37.59,2,5,4.5,0.2,2,0,0,0,1,1,0,0,1,0,5.312794783356754
2499,37.59,3,16,4.2,0.2,3,0,0,0,1,1,0,4,1,2,2.3953363316466643
2500,37.62,37,105,161.2,0.2,37,0,0,0,1,1,0,8,2,3,1.3289094165234847
2501,37.64,32,89,141.0,0.2,32,0,0,0,1,1,0,5,3,1,1.4573265828683852
2502,37.66,30,83,131.4,0.2,30,0,0,0,1,1,0,5,4,3,1.5857497072712667
2503,37.66,5,21,14.7,0.2,5,0,0,0,1,1,0,3,1,2,2.0667049745205737
2504,37.67,11,35,47.3,0.2,12,0,0,0,1,1,0,4,2,2,1.6325407836580286
2505,37.69,38,106,171.0,0.2,38,0,0,0,1,1,0,3,5,4,1.5934810211833994
2506,37.72,43,115,198.9,0.2,44,0,0,0,1,1,0,4,5,6,1.4926825120302019
2507,37.72,5,19,11.1,0.2,5,0,0,0,1,1,0,7,1,0,2.282357259967045
2508,37.76,49,164,210.1,0.2,49,0,0,0,1,1,0,13,5,5,1.6393950592483044
2509,37.76,6,11,23.7,0.2,6,0,0,0,1,1,0,0,1,2,3.817969660657026
2510,37.77,15,34,70.6,0.2,16,0,0,0,1,1,0,1,2,0,1.7026041783540833
2511,37.77,9,26,35.3,0.2,9,0,0,0,1,1,0,2,1,1,2.3325820450174684
2512,37.78,8,24,29.6,0.2,8,0,0,0,1,1,0,3,2,0,2.1293644174814212
2513,37.79,8,30,27.8,0.2,8,0,0,0,1,1,0,4,1,2,2.13346095203675
2514,37.79,8,31,27.6,0.2,8,0,0,0,1,1,0,4,3,3,2.4267472589970196
2515,37.8,4,19,12.0,0.2,4,0,0,0,1,1,0,1,1,1,2.3709409398644525
2516,37.82,30,81,131.6,0.2,30,0,0,0,1,1,0,5,3,3,1.620748917987012
2517,37.84,30,91,127.4,0.2,30,0,0,0,1,1,0,8,3,5,1.754324969823071
2518,37.86,47,138,208.7,0.2,47,0,0,0,1,1,0,7,3,5,1.6401279422874737
2519,37.89,44,133,195.3,0.2,44,0,0,0,1,1,0,6,1,4,1.6750174319988387
2520,37.92,49,147,235.5,0.2,51,0,0,0,0,0,1,4,2,7,1.8365654226688128
2521,37.93,10,35,40.3,0.2,10,0,0,0,1,1,0,1,1,2,1.7206931803034387
2522,37.94,16,50,63.9,0.2,16,0,0,0,1,1,0,6,2,1,1.7208704592163029
2523,37.95,5,13,17.6,0.2,5,0,0,0,1,1,0,1,1,1,2.7105953668720777
2524,37.96,13,32,52.7,0.2,13,0,0,0,1,1,0,4,1,1,2.241630548560968
2525,37.96,3,14,7.4,0.2,3,0,0,0,1,1,0,1,1,2,2.3088617780526377
2526,37.96,1,5,-1.6,0.2,1,0,0,0,1,1,0,1,1,1,5.1966465469242955
2527,37.97,11,26,47.3,0.2,11,0,0,0,1,1,0,0,1,1,1.7866976566553867
2528,37.97,13,29,57.1,0.2,13,0,0,0,1,1,0,0,3,0,2.0000886502607447
2529,37.98,4,13,11.7,0.2,4,0,0,0,1,1,0,2,1,0,2.559293003535323
2530,37.99,30,60,135.7,0.2,30,0,0,0,1,1,0,3,1,3,1.617673603620583
2531,38.01,23,57,102.1,0.2,23,0,0,0,1,1,0,2,3,2,1.7179581923923264
2532,38.02,23,50,98.9,0.2,23,0,0,0,1,1,0,6,1,1,2.1836007990129773
2533,38.03,25,64,108.5,0.2,25,0,0,0,1,1,0,5,1,1,1.4157534933794433
2534,38.04,15,43,63.4,0.2,15,0,0,0,1,1,0,2,2,3,1.5502564418515223
2535,38.06,20,65,86.2,0.2,20,0,0,0,1,1,0,2,2,3,1.7147631228665636
2536,38.09,46,144,203.7,0.2,46,0,0,0,1,1,0,6,3,9,1.2731919420027842
2537,38.1,15,36,65.2,0.2,15,0,0,0,1,1,0,1,2,2,2.518881942200567
2538,38.1,5,21,22.7,0.2,6,0,0,0,1,1,0,0,2,2,2.048140289118341
2539,38.14,49,172,229.3,0.2,51,0,0,0,0,0,1,8,6,4,1.5665056566286175
2540,38.16,42,111,189.6,0.2,42,0,0,0,1,1,0,4,4,3,1.574452450411585
2541,38.17,22,58,97.0,0.2,22,0,0,0,1,1,0,2,2,2,1.5576079675051706
2542,38.19,42,100,191.5,0.2,42,0,0,0,1,1,0,3,3,5,1.7702518004914518
2543,38.2,6,21,21.7,0.2,6,0,0,0,1,1,0,1,2,2,2.3101089654164406
2544,38.21,16,36,70.3,0.2,16,0,0,0,1,1,0,1,2,1,1.695191283949273
2545,38.22,28,79,121.8,0.2,28,0,0,0,1,1,0,5,1,3,1.627937024275261
2546,38.23,9,19,37.0,0.2,9,0,0,0,1,1,0,1,1,1,2.138592765424846
2547,38.25,36,107,157.9,0.2,36,0,0,0,1,1,0,6,1,4,1.6628960925648197
2548,38.28,40,137,168.6,0.2,40,0,0,0,1,1,0,12,5,7,1.417663746813296
2549,38.29,9,27,36.2,0.2,9,0,0,0,1,1,0,1,1,1,2.148782648268938
2550,38.3,26,50,123.8,0.2,27,0,0,0,1,1,0,1,1,2,1.8266272171320106
2551,38.31,34,77,154.2,0.2,34,0,0,0,1,1,0,3,3,1,1.6057844789428173
2552,38.32,5,13,18.7,0.2,5,0,0,0,1,1,0,0,1,0,2.5199523505221895
2553,38.34,33,94,151.2,0.2,34,0,0,0,1,1,0,4,1,4,1.3695857103717999
2554,38.34,12,27,52.3,0.2,12,0,0,0,1,1,0,0,3,0,1.8325735276702984
2555,38.35,11,34,45.4,0.2,11,0,0,0,1,1,0,1,2,2,2.235217137705633
2556,38.38,45,119,203.6,0.2,45,0,0,0,1,1,0,4,4,5,1.3138522688571623
2557,38.38,3,11,7.9,0.2,3,0,0,0,1,1,0,1,1,0,3.810540301735061
2558,38.4,19,67,78.2,0.2,19,0,0,0,1,1,0,5,2,1,1.4778113004731197
2559,38.42,37,101,166.5,0.2,37,0,0,0,1,1,0,3,4,4,1.6247254921540035
2560,38.43,8,28,31.2,0.2,8,0,0,0,1,1,0,1,1,0,2.038111354984966
2561,38.44,15,43,62.5,0.2,15,0,0,0,1,1,0,3,2,2,1.9042830078946182
2562,38.45,10,33,38.5,0.2,10,0,0,0,1,1,0,3,1,2,1.9345839348977325
2563,38.47,42,108,192.0,0.2,42,0,0,0,1,1,0,2,4,2,1.691789637477622
2564,38.47,6,13,23.7,0.2,6,0,0,0,1,1,0,0,1,0,3.03484276155495
2565,38.48,6,19,21.0,0.2,6,0,0,0,1,1,0,2,3,1,1.9916086540189408
2566,38.49,18,44,78.1,0.2,18,0,0,0,1,1,0,2,2,5,1.8125318626402949
2567,38.49,11,21,47.9,0.2,11,0,0,0,1,1,0,0,1,0,2.0843440653301326
2568,38.5,8,19,32.9,0.2,8,0,0,0,1,1,0,0,1,2,2.91769040991201
2569,38.5,14,35,61.4,0.2,14,0,0,0,1,1,0,0,2,1,1.9539593691463333
2570,38.51,5,16,16.3,0.2,5,0,0,0,1,1,0,2,1,1,2.643315997927527
2571,38.54,49,152,231.7,0.2,51,0,0,0,0,0,1,8,4,0,1.4740884572903994
2572,38.55,20,48,92.9,0.2,21,0,0,0,1,1,0,2,1,3,1.822187398683998
2573,38.59,50,171,224.1,0.2,50,0,0,0,0,0,1,8,5,7,1.5546949806043144
2574,38.61,43,130,189.6,0.2,43,0,0,0,1,1,0,7,6,4,1.5356856536292196
2575,38.63,22,56,96.1,0.2,22,0,0,0,1,1,0,3,2,3,1.7328694995658935
2576,38.65,41,133,181.3,0.2,41,0,0,0,1,1,0,5,2,4,1.3704338659561364
2577,38.66,11,33,41.7,0.2,11,0,0,0,1,1,0,5,1,0,1.7983187159571385
2578,38.69,49,146,235.8,0.2,51,0,0,0,0,0,1,4,2,5,1.8305930035919302
2579,38.7,22,55,98.0,0.2,22,0,0,0,1,1,0,1,2,5,1.8872892909054066
2580,38.7,2,5,3.5,0.2,2,0,0,0,1,1,0,1,1,0,5.679478520366634
2581,38.71,11,34,44.3,0.2,11,0,0,0,1,1,0,2,1,3,1.8387748005238276
2582,38.71,2,9,3.0,0.2,2,0,0,0,1,1,0,1,1,1,4.284523123825974
2583,38.72,7,25,24.3,0.2,7,0,0,0,1,1,0,3,1,2,1.7179999312330156
2584,38.75,43,131,188.2,0.2,43,0,0,0,1,1,0,8,4,7,1.3321281095366744
2585,38.78,49,184,229.6,0.2,51,0,0,0,0,0,1,6,4,9,1.4577854113856148
2586,38.79,6,21,18.8,0.2,6,0,0,0,1,1,0,4,2,1,2.358390720749457
2587,38.81,30,102,128.4,0.2,30,0,0,0,1,1,0,6,4,4,1.3978677883836292
2588,38.86,49,175,229.0,0.2,51,0,0,0,0,0,1,8,3,4,1.5233858720644777
2589,38.86,10,21,40.9,0.2,10,0,0,0,1,1,0,2,2,0,2.010945634629123
2590,38.87,7,26,23.4,0.2,7,0,0,0,1,1,0,4,2,0,2.1510949376484176
2591,38.89,26,77,114.1,0.2,26,0,0,0,1,1,0,3,1,2,1.5236290408817241
2592,38.91,41,104,185.4,0.2,41,0,0,0,1,1,0,4,4,2,1.5638564859808972
2593,38.94,49,152,232.3,0.2,51,0,0,0,0,0,1,7,2,4,1.5868150935029433
2594,38.97,35,98,155.9,0.2,35,0,0,0,1,1,0,4,1,3,1.537141853842099
2595,39.0,49,145,232.8,0.2,51,0,0,0,0,0,1,7,3,6,1.383638218742844
2596,39.01,21,63,87.3,0.2,21,0,0,0,1,1,0,6,1,4,1.765687447026631
2597,39.03,38,107,171.0,0.2,38,0,0,0,1,1,0,3,3,3,1.4545537435597307
2598,39.04,19,42,83.6,0.2,19,0,0,0,1,1,0,2,1,2,1.6166352881582735
2599,39.07,49,141,230.1,0.2,51,0,0,0,0,0,1,10,1,7,1.5839828494158719
2600,39.09,34,87,153.6,0.2,34,0,0,0,1,1,0,2,2,7,1.571737584116058
2601,39.09,6,14,20.5,0.2,6,0,0,0,1,1,0,3,1,1,2.528590325783885
2602,39.12,38,111,166.5,0.2,38,0,0,0,1,1,0,7,2,4,1.6865555230587674
2603,39.14,41,115,187.0,0.2,41,0,0,0,1,1,0,1,2,5,1.6651094064189922
2604,39.15,13,40,50.9,0.2,13,0,0,0,1,1,0,5,1,1,1.9069203625557578
2605,39.16,5,16,18.3,0.2,5,0,0,0,1,1,0,0,1,1,2.6443990919579345
2606,39.16,6,15,20.5,0.2,6,0,0,0,1,1,0,3,2,0,2.4392167573303434
2607,39.17,17,41,71.7,0.2,17,0,0,0,1,1,0,4,2,2,1.5883426553061366
2608,39.19,28,73,127.6,0.2,29,0,0,0,1,1,0,5,1,1,1.6909639150535547
2609,39.19,3,8,6.2,0.2,3,0,0,0,1,1,0,3,1,0,5.327996741675657
2610,39.21,45,133,196.8,0.2,45,0,0,0,1,1,0,9,2,9,1.3777319645115458
2611,39.22,2,8,2.2,0.2,2,0,0,0,1,1,0,2,1,0,3.521848928901508
2612,39.25,48,162,213.3,0.2,48,0,0,0,1,1,0,5,4,5,1.520971006381755
2613,39.25,2,9,0.9,0.2,2,0,0,0,1,1,0,3,1,2,3.8779633264844873
2614,39.26,2,6,4.3,0.2,2,0,0,0,1,1,0,0,1,1,3.9560317269315255
2615,39.26,2,7,9.2,0.2,3,0,0,0,1,1,0,0,1,1,3.5285696160493427
2616,39.29,46,130,207.5,0.2,46,0,0,0,1,1,0,4,5,5,1.659290083304238
2617,39.29,8,24,37.4,0.2,9,0,0,0,1,1,0,0,1,2,2.2460393406523624
2618,39.3,17,46,79.2,0.2,18,0,0,0,1,1,0,1,1,2,1.6229207328679067
2619,39.33,40,110,182.7,0.2,41,0,0,0,1,1,0,6,3,3,1.5866291845809681
2620,39.35,36,97,160.0,0.2,36,0,0,0,1,1,0,5,3,3,1.650987944879811
2621,39.36,18,62,73.6,0.2,18,0,0,0,1,1,0,5,1,2,1.3862044528304107
2622,39.37,17,35,80.5,0.2,18,0,0,0,1,1,0,1,1,0,2.5285604302563813
2623,39.4,30,133,133.3,0.2,31,0,0,0,1,1,0,3,1,4,1.5045158334170319
2624,39.41,9,23,37.6,0.2,9,0,0,0,1,1,0,0,3,1,1.9329383109982172
2625,39.44,41,114,184.5,0.2,41,0,0,0,1,1,0,4,1,1,1.436577565195581
2626,39.45,24,59,104.9,0.2,24,0,0,0,1,1,0,4,1,2,1.7018337375039034
2627,39.46,19,47,82.2,0.2,19,0,0,0,1,1,0,3,2,1,1.5963653542201008
2628,39.47,15,37,64.3,0.2,15,0,0,0,1,1,0,2,1,0,1.6658547438425553
2629,39.5,49,164,229.9,0.2,51,0,0,0,0,0,1,8,3,6,1.4523723479223505
2630,39.52,28,65,125.3,0.2,28,0,0,0,1,1,0,3,2,2,1.8935888987903577
2631,39.53,16,45,72.3,0.2,17,0,0,0,1,1,0,3,2,2,1.4513485487282332
2632,39.53,4,11,13.9,0.2,4,0,0,0,1,1,0,0,1,0,2.9793640684290255
2633,39.54,22,58,95.8,0.2,22,0,0,0,1,1,0,3,2,4,1.462268265134786
2634,39.56,36,93,162.3,0.2,36,0,0,0,1,1,0,3,2,4,1.6885102678504813
2635,39.57,18,53,74.6,0.2,18,0,0,0,1,1,0,5,2,1,1.3275415795976482
2636,39.58,13,29,55.9,0.2,13,0,0,0,1,1,0,1,2,2,2.1158406927172413
2637,39.6,20,69,79.5,0.2,20,0,0,0,1,1,0,8,1,6,1.8914871785444942
2638,39.6,10,25,38.5,0.2,10,0,0,0,1,1,0,4,1,0,2.4611406609871764
2639,39.63,50,153,225.7,0.2,50,0,0,0,0,0,1,8,2,9,1.6719299388548834
2640,39.64,14,45,57.2,0.2,14,0,0,0,1,1,0,3,1,3,1.6963635758308828
2641,39.65,9,30,40.9,0.2,10,0,0,0,1,1,0,1,2,1,1.464921942594205
2642,39.67,26,58,116.2,0.2,26,0,0,0,1,1,0,3,3,0,1.6943524187960564
2643,39.67,3,10,5.9,0.2,3,0,0,0,1,1,0,3,1,1,2.9593272271551565
2644,39.7,47,126,203.2,0.2,47,0,0,0,1,1,0,14,1,2,1.4953556296601955
2645,39.72,30,77,130.1,0.2,30,0,0,0,1,1,0,7,3,2,1.4788500164934506
2646,39.75,49,158,234.8,0.2,51,0,0,0,0,0,1,4,2,3,1.4798926209465004
2647,39.78,38,113,167.0,0.2,38,0,0,0,1,1,0,6,3,7,1.3918474544553214
2648,39.79,25,82,107.5,0.2,25,0,0,0,1,1,0,4,2,3,1.6163642034339172
2649,39.81,31,85,137.3,0.2,31,0,0,0,1,1,0,4,3,2,1.532862343179358
2650,39.84,44,130,191.3,0.2,44,0,0,0,1,1,0,10,1,7,1.5041233582593683
2651,39.85,9,22,35.6,0.2,9,0,0,0,1,1,0,2,1,2,2.135107817963529
2652,39.86,16,39,66.7,0.2,16,0,0,0,1,1,0,4,2,4,1.745494347288426
2653,39.88,30,87,134.0,0.2,30,0,0,0,1,1,0,2,2,3,1.7555607891144254
2654,39.88,13,37,55.2,0.2,13,0,0,0,1,1,0,1,2,1,1.8229569290823198
2655,39.92,49,144,235.9,0.2,51,0,0,0,0,0,1,4,1,6,1.5545556798702118
2656,39.95,49,134,217.9,0.2,49,0,0,0,1,1,0,8,3,7,1.7569721334207133
2657,39.96,19,59,81.9,0.2,19,0,0,0,1,1,0,2,2,2,1.6549245795747132
2658,39.97,16,52,65.3,0.2,16,0,0,0,1,1,0,4,3,5,1.6331228222508645
2659,39.98,18,46,78.3,0.2,18,0,0,0,1,1,0,2,3,1,1.857893205911457
2660,40.02,50,151,220.2,0.2,50,0,0,0,1,1,0,9,4,7,1.5005035636762518
2661,40.05,49,179,226.4,0.2,51,0,0,0,0,0,1,10,5,6,1.39432106006004
2662,40.06,2,14,1.4,0.2,2,0,0,0,1,1,0,2,1,2,2.342017275720228
2663,40.06,7,23,24.4,0.2,7,0,0,0,1,1,0,3,1,3,2.606647778560453
2664,40.1,49,152,217.0,0.2,49,0,0,0,1,1,0,7,2,8,1.8337769746990116
2665,40.11,25,66,110.1,0.2,25,0,0,0,1,1,0,3,1,3,1.5843483731813375
2666,40.13,38,91,171.6,0.2,38,0,0,0,1,1,0,4,1,3,1.7413412903643954
2667,40.14,11,33,42.6,0.2,11,0,0,0,1,1,0,4,3,1,1.9676357630252967
2668,40.16,31,82,137.3,0.2,31,0,0,0,1,1,0,4,3,5,1.3222023562287555
2669,40.18,33,99,143.7,0.2,33,0,0,0,1,1,0,6,3,4,1.473481287520597
2670,40.22,49,173,230.0,0.2,51,0,0,0,0,0,1,7,3,6,1.7282713982627689
2671,40.26,49,161,229.5,0.2,51,0,0,0,0,0,1,9,5,3,1.574532781446286
2672,40.27,8,37,34.0,0.2,9,0,0,0,1,1,0,2,1,3,1.696305197194207
2673,40.28,16,44,69.4,0.2,17,0,0,0,1,1,0,6,1,2,1.5310809071384632
2674,40.28,1,12,-4.2,0.2,1,0,0,0,1,1,0,3,1,0,2.698377384937782
2675,40.31,42,114,190.1,0.2,42,0,0,0,1,1,0,3,2,5,1.5056147945447893
2676,40.32,16,50,67.9,0.2,16,0,0,0,1,1,0,2,2,1,1.3445173162954216
2677,40.34,28,100,120.5,0.2,28,0,0,0,1,1,0,4,1,5,1.3978690224498291
2678,40.35,11,27,47.1,0.2,12,0,0,0,1,1,0,5,1,2,1.8469990558232683
2679,40.35,2,5,1.5,0.2,2,0,0,0,1,1,0,3,1,0,5.335367707195611
2680,40.37,27,78,116.5,0.2,27,0,0,0,1,1,0,5,2,7,1.5221562822278618
2681,40.39,33,107,149.7,0.2,34,0,0,0,1,1,0,4,2,6,1.5004031381710508
2682,40.42,40,120,178.6,0.2,40,0,0,0,1,1,0,4,3,4,1.4798719602532693
2683,40.44,49,127,238.0,0.2,51,0,0,0,0,0,1,4,2,2,1.8272670873157169
2684,40.47,36,96,166.9,0.2,37,0,0,0,1,1,0,3,3,5,1.6539951871232654
2685,40.5,45,143,198.5,0.2,45,0,0,0,1,1,0,7,3,2,1.69402405578179
2686,40.5,1,8,-0.8,0.2,1,0,0,0,1,1,0,0,1,0,2.8748211853910144
2687,40.53,49,140,231.7,0.2,51,0,0,0,0,0,1,9,2,2,1.645723952086443
2688,40.54,22,49,98.8,0.2,22,0,0,0,1,1,0,1,1,3,1.5193956180333743
2689,40.58,49,193,209.1,0.2,49,0,0,0,1,1,0,11,3,6,1.6178673413115114
2690,40.58,1,5,-0.6,0.2,1,0,0,0,1,1,0,0,1,1,6.218192650138692
2691,40.59,10,20,42.9,0.2,10,0,0,0,1,1,0,0,1,1,2.4802208119834916
2692,40.59,1,5,3.5,0.2,2,0,0,0,1,1,0,1,1,0,4.930377682852822
2693,40.6,13,35,53.5,0.2,13,0,0,0,1,1,0,3,1,0,2.0121699090075773
2694,40.61,27,85,115.7,0.2,27,0,0,0,1,1,0,5,3,8,1.6356523493822184
2695,40.63,25,72,111.4,0.2,26,0,0,0,1,1,0,6,2,4,1.414740806329164
2696,40.63,2,6,1.3,0.2,2,0,0,0,1,1,0,3,1,1,5.196550215721641
2697,40.66,49,129,240.4,0.2,51,0,0,0,0,0,1,1,1,6,1.6615562699746338
2698,40.66,9,23,35.6,0.2,9,0,0,0,1,1,0,2,2,1,2.0808581270763256
2699,40.67,9,42,33.6,0.2,9,0,0,0,1,1,0,2,2,2,1.8048331146024283
2700,40.69,26,68,117.7,0.2,27,0,0,0,1,1,0,5,1,5,1.2687143190081938
2701,40.7,12,25,52.5,0.2,12,0,0,0,1,1,0,0,1,0,2.3276090099176416
2702,40.71,14,43,55.3,0.2,14,0,0,0,1,1,0,5,3,4,1.791770476499129
2703,40.72,27,61,126.6,0.2,28,0,0,0,1,1,0,2,1,3,1.70290994997961
2704,40.72,2,9,1.1,0.2,2,0,0,0,1,1,0,3,1,0,3.2385022901215024
2705,40.73,24,45,108.5,0.2,24,0,0,0,1,1,0,2,1,0,2.0151303827852307
2706,40.73,3,6,8.4,0.2,3,0,0,0,1,1,0,1,1,0,4.545858627344987
2707,40.75,31,84,136.4,0.2,31,0,0,0,1,1,0,5,2,2,1.5674476468431164
2708,40.79,49,152,232.3,0.2,51,0,0,0,0,0,1,7,4,4,1.4812276539199545
2709,40.82,41,143,180.3,0.2,41,0,0,0,1,1,0,5,4,4,1.489447765832503
2710,40.85,43,141,187.4,0.2,43,0,0,0,1,1,0,8,4,5,1.4891648736642582
2711,40.88,49,145,235.8,0.2,51,0,0,0,0,0,1,4,0,6,1.4845866888705395
2712,40.88,6,14,22.6,0.2,6,0,0,0,1,1,0,1,1,0,3.877223416014062
2713,40.89,4,12,11.7,0.2,4,0,0,0,1,1,0,2,1,1,3.329336868415794
2714,40.89,2,5,8.5,0.2,3,0,0,0,1,1,0,1,1,0,4.132950115044712
2715,40.9,12,32,49.7,0.2,12,0,0,0,1,1,0,2,1,1,1.7953149849516485
2716,40.9,1,5,-3.5,0.2,1,0,0,0,1,1,0,3,1,0,6.302799247023949
2717,40.93,49,167,231.5,0.2,51,0,0,0,0,0,1,6,3,7,1.4831108938421376
2718,40.95,36,96,160.2,0.2,36,0,0,0,1,1,0,5,3,2,1.6216874972112283
2719,40.97,24,58,107.1,0.2,24,0,0,0,1,1,0,2,3,1,1.474119588350682
2720,40.99,35,103,150.9,0.2,35,0,0,0,1,1,0,8,3,8,1.3760497769191544
2721,41.0,13,28,54.2,0.2,13,0,0,0,1,1,0,3,1,0,2.1759623728124557
2722,41.0,2,5,3.4,0.2,2,0,0,0,1,1,0,1,1,1,5.203307649241583
2723,41.01,24,51,107.9,0.2,24,0,0,0,1,1,0,2,1,0,1.9822593980090006
2724,41.02,13,35,52.3,0.2,13,0,0,0,1,1,0,4,1,2,1.8096233586018435
2725,41.03,26,74,111.1,0.2,26,0,0,0,1,1,0,6,3,5,1.4601292622361397
2726,41.04,16,38,67.8,0.2,16,0,0,0,1,1,0,3,2,4,2.0731858473541496
2727,41.05,15,40,60.0,0.2,15,0,0,0,1,1,0,6,1,0,1.7049407656953264
2728,41.08,49,156,233.8,0.2,51,0,0,0,0,0,1,5,0,5,1.4022660867064265
2729,41.09,4,10,13.0,0.2,4,0,0,0,1,1,0,1,1,0,2.601371597031335
2730,41.1,15,51,60.8,0.2,15,0,0,0,1,1,0,4,1,1,1.4152414016306472
2731,41.13,49,152,226.4,0.2,50,0,0,0,1,1,0,3,4,4,1.6080695992982925
2732,41.14,24,57,106.2,0.2,24,0,0,0,1,1,0,3,3,1,1.493232165736935
2733,41.15,13,31,55.8,0.2,13,0,0,0,1,1,0,1,1,1,1.609093415816482
2734,41.16,8,42,25.7,0.2,8,0,0,0,1,1,0,5,1,1,2.105892025742587
2735,41.16,1,5,-3.5,0.2,1,0,0,0,1,1,0,3,1,0,6.057935843069168
2736,41.16,3,9,9.1,0.2,3,0,0,0,1,1,0,0,1,0,3.085795666426364
2737,41.17,14,37,61.1,0.2,14,0,0,0,1,1,0,0,1,2,2.091967263149584
2738,41.18,19,59,79.8,0.2,19,0,0,0,1,1,0,4,2,3,1.759225691268998
2739,41.2,20,66,84.4,0.2,20,0,0,0,1,1,0,4,3,0,1.7053932078356138
2740,41.21,24,69,103.9,0.2,24,0,0,0,1,1,0,4,2,2,1.7110044762272123
2741,41.22,11,33,43.6,0.2,11,0,0,0,1,1,0,3,1,1,1.4300125512818802
2742,41.25,49,136,237.0,0.2,51,0,0,0,0,0,1,4,0,3,1.5912927425631835
2743,41.26,20,57,85.3,0.2,20,0,0,0,1,1,0,4,3,0,1.5831920592751023
2744,41.27,11,25,46.5,0.2,11,0,0,0,1,1,0,1,2,0,2.0733677482620108
2745,41.28,9,21,37.7,0.2,9,0,0,0,1,1,0,0,1,2,2.1191225566697116
2746,41.28,14,39,58.1,0.2,14,0,0,0,1,1,0,3,1,0,1.80937209048578
2747,41.3,22,60,93.8,0.2,22,0,0,0,1,1,0,5,1,2,1.544273213610149
2748,41.3,5,13,21.5,0.2,6,0,0,0,1,1,0,2,1,2,2.6323860915457993
2749,41.3,3,11,7.7,0.2,3,0,0,0,1,1,0,1,1,2,2.489561269873593
2750,41.34,49,172,229.0,0.2,51,0,0,0,0,0,1,8,2,7,1.646300076828759
2751,41.34,2,5,3.5,0.2,2,0,0,0,1,1,0,1,1,0,4.9296219792699905
2752,41.35,6,19,21.0,0.2,6,0,0,0,1,1,0,2,2,1,1.9453126482448035
2753,41.36,16,37,66.3,0.2,16,0,0,0,1,1,0,5,1,0,1.9413667099722922
2754,41.37,28,70,126.7,0.2,28,0,0,0,1,1,0,1,1,3,1.3599701417169796
2755,41.39,26,75,112.0,0.2,26,0,0,0,1,1,0,5,2,5,1.5553145763537692
2756,41.39,10,16,42.4,0.2,10,0,0,0,1,1,0,1,1,0,2.6710439780532385
2757,41.39,7,13,25.7,0.2,7,0,0,0,1,1,0,3,1,0,3.3793928897452337
2758,41.4,15,49,63.9,0.2,15,0,0,0,1,1,0,1,2,2,1.7443067199619546
2759,41.41,2,8,3.2,0.2,2,0,0,0,1,1,0,1,1,0,4.046086283508138
2760,41.44,49,176,227.2,0.2,51,0,0,0,0,0,1,9,5,11,1.612791281680574
2761,41.47,43,112,190.2,0.2,43,0,0,0,1,1,0,8,4,6,1.6385471553121786
2762,41.5,49,141,232.6,0.2,51,0,0,0,0,0,1,8,4,2,1.5365574703365394
2763,41.51,26,66,117.1,0.2,26,0,0,0,1,1,0,1,2,3,1.7548096918245075
2764,41.51,2,6,3.4,0.2,2,0,0,0,1,1,0,1,1,0,5.238946414772587
2765,41.51,4,11,13.8,0.2,4,0,0,0,1,1,0,0,1,1,3.245721626597614
2766,41.53,26,65,115.0,0.2,26,0,0,0,1,1,0,3,2,5,1.4483349226194424
2767,41.56,47,129,216.8,0.2,47,0,0,0,1,1,0,0,2,3,1.437222440143762
2768,41.56,4,10,12.0,0.2,4,0,0,0,1,1,0,2,1,0,4.188324561413222
2769,41.57,12,28,55.9,0.2,13,0,0,0,1,1,0,1,1,3,2.319736477124791
2770,41.59,49,152,227.5,0.2,51,0,0,0,0,0,1,12,4,2,1.622877181210055
2771,41.6,12,30,50.9,0.2,12,0,0,0,1,1,0,1,2,1,1.9836832922812315
2772,41.62,30,84,134.2,0.2,30,0,0,0,1,1,0,2,2,4,1.3556103799627044
2773,41.66,49,177,221.7,0.2,51,0,0,0,0,0,1,15,2,5,1.5519869198774174
2774,41.68,30,90,129.6,0.2,30,0,0,0,1,1,0,6,2,4,1.5156922418348002
2775,41.71,49,170,227.0,0.2,51,0,0,0,0,0,1,10,0,9,1.514967454352409
2776,41.74,49,156,233.5,0.2,51,0,0,0,0,0,1,5,3,8,1.4906833905234147
2777,41.75,14,39,63.9,0.2,15,0,0,0,1,1,0,2,1,2,1.8834461663351687
2778,41.76,16,42,66.6,0.2,16,0,0,0,1,1,0,4,1,2,1.6877727918563756
2779,41.77,4,9,13.0,0.2,4,0,0,0,1,1,0,1,1,1,3.201964721603801
2780,41.78,22,55,95.4,0.2,22,0,0,0,1,1,0,4,2,1,1.7079046740308643
2781,41.78,2,8,9.1,0.2,3,0,0,0,1,1,0,0,1,1,3.508109787851597
2782,41.78,2,5,4.5,0.2,2,0,0,0,1,1,0,0,1,0,5.005017423973463
2783,41.8,37,95,171.4,0.2,38,0,0,0,1,1,0,4,2,1,1.5033824544150913
2784,41.83,49,158,231.9,0.2,51,0,0,0,0,0,1,7,1,2,1.4825411231296755
2785,41.85,25,74,104.4,0.2,25,0,0,0,1,1,0,8,1,2,1.6055124058339216
2786,41.88,49,146,233.2,0.2,51,0,0,0,0,0,1,7,4,1,1.8269737525751233
2787,41.9,30,93,131.4,0.2,30,0,0,0,1,1,0,4,1,3,1.2942063156713393
2788,41.93,49,162,231.0,0.2,51,0,0,0,0,0,1,7,4,7,1.5296640744628849
2789,41.96,49,140,233.7,0.2,51,0,0,0,0,0,1,7,3,2,1.4127353392645008
2790,41.97,4,10,13.9,0.2,4,0,0,0,1,1,0,0,1,1,3.3198943446400504
2791,41.97,5,13,16.7,0.2,5,0,0,0,1,1,0,2,1,0,2.633448347175742
2792,41.97,2,5,1.5,0.2,2,0,0,0,1,1,0,3,1,0,4.652263956400992
2793,41.98,11,30,44.9,0.2,11,0,0,0,1,1,0,2,1,1,2.044890141657206
2794,41.98,5,18,16.1,0.2,5,0,0,0,1,1,0,2,1,1,2.6068874404653046
2795,42.01,38,128,162.7,0.2,38,0,0,0,1,1,0,9,3,5,1.4856189057966147
2796,42.03,15,92,53.3,0.2,15,0,0,0,1,1,0,7,2,5,1.8387194748684945
2797,42.04,16,45,68.4,0.2,16,0,0,0,1,1,0,2,2,1,1.5968873011058908
2798,42.07,49,153,231.4,0.2,51,0,0,0,0,0,1,7,2,12,1.724497040656511
2799,42.09,28,76,122.2,0.2,28,0,0,0,1,1,0,5,3,2,1.6375325698911758
2800,42.12,48,145,212.0,0.2,48,0,0,0,1,1,0,8,4,5,1.549436558139158
2801,42.15,45,154,190.2,0.2,45,0,0,0,1,1,0,14,4,4,1.6117368917280956
2802,42.16,19,42,83.6,0.2,19,0,0,0,1,1,0,2,2,2,1.6996259771540876
2803,42.2,39,190,158.5,0.2,39,0,0,0,1,1,0,12,3,5,1.4538511664291107
2804,42.21,7,25,21.3,0.2,7,0,0,0,1,1,0,6,1,2,2.0574513672423227
2805,42.23,31,90,136.0,0.2,31,0,0,0,1,1,0,5,1,0,1.5164290130748557
2806,42.25,35,88,156.0,0.2,35,0,0,0,1,1,0,5,4,2,1.8037589319342686
2807,42.27,31,96,132.2,0.2,31,0,0,0,1,1,0,8,2,2,1.6598739077667124
2808,42.28,20,57,83.2,0.2,20,0,0,0,1,1,0,6,3,1,1.5483190438411731
2809,42.28,3,10,13.0,0.2,4,0,0,0,1,1,0,1,1,0,3.240019276204414
2810,42.31,40,119,173.0,0.2,40,0,0,0,1,1,0,10,1,1,1.4418632334874453
2811,42.31,5,11,18.9,0.2,5,0,0,0,1,1,0,0,1,0,3.2925595725263093
2812,42.32,11,32,48.7,0.2,12,0,0,0,1,1,0,3,2,1,1.807308497021621
2813,42.34,34,91,150.6,0.2,34,0,0,0,1,1,0,5,3,3,1.5973176085339884
2814,42.34,3,9,6.1,0.2,3,0,0,0,1,1,0,3,1,0,3.003315141316129
2815,42.36,31,84,136.5,0.2,31,0,0,0,1,1,0,5,2,1,1.6091845820281743
2816,42.37,6,19,26.1,0.2,7,0,0,0,1,1,0,2,1,0,2.246096168584354
2817,42.38,26,62,118.6,0.2,26,0,0,0,1,1,0,0,2,2,1.898750122388911
2818,42.4,23,74,97.1,0.2,23,0,0,0,1,1,0,5,3,5,1.185455484161698
2819,42.42,34,105,143.3,0.2,34,0,0,0,1,1,0,11,1,2,1.5083634518417068
2820,42.45,47,176,199.1,0.2,47,0,0,0,1,1,0,13,4,3,1.5040316746599371
2821,42.46,7,18,28.1,0.2,7,0,0,0,1,1,0,0,1,1,2.0527230290296066
2822,42.47,20,71,92.5,0.2,21,0,0,0,1,1,0,0,1,4,1.7690589150916005
2823,42.49,32,95,140.2,0.2,32,0,0,0,1,1,0,5,2,3,1.401042229224087
2824,42.5,4,13,10.7,0.2,4,0,0,0,1,1,0,3,1,0,2.8022064012118437
2825,42.51,17,42,74.7,0.2,17,0,0,0,1,1,0,1,2,1,1.9935925050337409
2826,42.51,3,6,9.3,0.2,3,0,0,0,1,1,0,0,1,1,3.8439714654839983
2827,42.54,49,142,234.3,0.2,51,0,0,0,0,0,1,6,2,4,1.6915935038349956
2828,42.54,1,5,-2.5,0.2,1,0,0,0,1,1,0,2,1,0,6.170758950004788
2829,42.56,32,80,143.6,0.2,32,0,0,0,1,1,0,3,2,4,1.7039466341359941
2830,42.57,24,55,105.5,0.2,24,0,0,0,1,1,0,4,3,0,1.495234717908206
2831,42.58,21,47,95.2,0.2,21,0,0,0,1,1,0,0,4,1,1.6035025006316665
2832,42.58,10,17,43.3,0.2,10,0,0,0,1,1,0,0,1,0,2.318094083225453
2833,42.59,3,14,6.5,0.2,3,0,0,0,1,1,0,2,1,1,2.0292935728209995
2834,42.59,10,39,38.1,0.2,10,0,0,0,1,1,0,3,1,0,1.526867478323971
2835,42.63,49,155,233.9,0.2,51,0,0,0,0,0,1,5,5,5,1.621487960689543
2836,42.64,22,60,91.7,0.2,22,0,0,0,1,1,0,7,3,3,1.5531907883891547
2837,42.65,16,41,69.7,0.2,16,0,0,0,1,1,0,1,1,2,1.6631443540991855
2838,42.65,2,5,4.4,0.2,2,0,0,0,1,1,0,0,1,1,4.784203822830337
2839,42.65,9,22,36.8,0.2,9,0,0,0,1,1,0,1,1,0,2.075080724225479
2840,42.68,45,134,201.4,0.2,45,0,0,0,1,1,0,5,2,2,1.4908678624916702
2841,42.68,5,15,18.5,0.2,5,0,0,0,1,1,0,0,1,0,2.9341045815999585
2842,42.69,15,44,64.1,0.2,15,0,0,0,1,1,0,1,2,5,2.018578031453402
2843,42.73,49,139,218.7,0.2,49,0,0,0,1,1,0,7,1,4,1.5798538652004186
2844,42.75,33,97,151.5,0.2,34,0,0,0,1,1,0,3,1,8,1.728319172554741
2845,42.78,49,146,230.7,0.2,51,0,0,0,0,0,1,9,1,6,1.8929639613676377
2846,42.79,11,41,41.8,0.2,11,0,0,0,1,1,0,4,2,1,1.524604955837464
2847,42.79,10,22,39.8,0.2,10,0,0,0,1,1,0,3,2,0,2.1903070626825087
2848,42.82,43,137,188.8,0.2,43,0,0,0,1,1,0,7,2,5,1.5346971034259085
2849,42.82,2,14,0.6,0.2,2,0,0,0,1,1,0,3,1,0,2.619999409139887
2850,42.83,5,19,13.1,0.2,5,0,0,0,1,1,0,5,1,0,2.4509197175032464
2851,42.83,5,16,15.3,0.2,5,0,0,0,1,1,0,3,1,1,2.5956647169031495
2852,42.86,44,137,196.1,0.2,44,0,0,0,1,1,0,5,4,2,1.3959775289427203
2853,42.86,2,6,3.3,0.2,2,0,0,0,1,1,0,1,1,1,5.211826562954591
2854,42.88,35,102,154.5,0.2,35,0,0,0,1,1,0,5,4,3,1.5847226997190387
2855,42.91,44,140,195.4,0.2,44,0,0,0,1,1,0,5,6,6,1.5623431704424868
2856,42.95,49,162,234.5,0.2,51,0,0,0,0,0,1,4,3,2,1.7090831773333715
2857,42.96,18,46,76.4,0.2,18,0,0,0,1,1,0,4,3,0,2.0394058534830894
2858,43.0,49,184,229.0,0.2,51,0,0,0,0,0,1,7,2,5,1.4914196069586114
2859,43.01,18,47,76.9,0.2,18,0,0,0,1,1,0,3,1,4,1.9671901825882303
2860,43.03,32,106,139.9,0.2,33,0,0,0,1,1,0,9,5,5,1.5122502246298137
2861,43.05,26,53,116.6,0.2,26,0,0,0,1,1,0,3,2,1,1.8573222188615244
2862,43.08,49,170,229.1,0.2,51,0,0,0,0,0,1,8,5,8,1.5087378447321584
2863,43.11,27,87,113.0,0.2,27,0,0,0,1,1,0,8,4,3,1.7194467488589322
2864,43.14,49,155,233.3,0.2,51,0,0,0,0,0,1,5,4,11,1.543936277581897
2865,43.15,16,39,67.8,0.2,16,0,0,0,1,1,0,3,2,3,1.789693030072136
2866,43.16,21,56,90.4,0.2,21,0,0,0,1,1,0,4,4,0,1.5526660685084033
2867,43.18,40,113,180.0,0.2,41,0,0,0,1,1,0,8,1,7,1.494381180651705
2868,43.21,45,134,197.2,0.2,45,0,0,0,1,1,0,9,1,4,1.4140827872298853
2869,43.23,41,107,184.2,0.2,41,0,0,0,1,1,0,5,3,1,1.6507221897296673
2870,43.24,9,24,35.5,0.2,9,0,0,0,1,1,0,2,1,1,2.262487985350172
2871,43.25,11,30,44.9,0.2,11,0,0,0,1,1,0,2,1,1,1.8346368062829095
2872,43.26,15,43,63.5,0.2,15,0,0,0,1,1,0,2,2,2,1.6726572382879537
2873,43.27,22,60,95.9,0.2,22,0,0,0,1,1,0,3,3,1,1.5522189276107545
2874,43.3,49,152,233.4,0.2,51,0,0,0,0,0,1,6,5,3,1.4583745808515975
2875,43.31,9,29,33.9,0.2,9,0,0,0,1,1,0,3,1,2,1.7986409656092621
2876,43.32,12,32,47.7,0.2,12,0,0,0,1,1,0,4,1,1,2.120280994108126
2877,43.33,25,81,109.4,0.2,25,0,0,0,1,1,0,2,2,5,1.6900294655084065
2878,43.35,31,88,136.8,0.2,31,0,0,0,1,1,0,4,3,4,1.2844566235675938
2879,43.38,46,139,206.6,0.2,46,0,0,0,1,1,0,4,3,5,1.5210940607265822
2880,43.4,23,72,98.4,0.2,23,0,0,0,1,1,0,4,2,4,1.3448654082945621
2881,43.42,26,63,117.6,0.2,26,0,0,0,1,1,0,1,1,1,1.5681820927682757
2882,43.45,49,153,235.4,0.2,51,0,0,0,0,0,1,4,4,2,1.6931348489135019
2883,43.48,49,154,229.8,0.2,51,0,0,0,0,0,1,9,3,7,1.5627759642178938
2884,43.49,28,92,119.4,0.2,28,0,0,0,1,1,0,6,3,4,1.375635683676402
2885,43.5,15,44,63.5,0.2,15,0,0,0,1,1,0,2,1,1,2.2112405679506693
2886,43.51,4,15,13.4,0.2,4,0,0,0,1,1,0,0,1,1,2.1306051939118786
2887,43.52,16,64,63.3,0.2,16,0,0,0,1,1,0,5,1,3,1.9179252837415748
2888,43.53,7,20,26.8,0.2,7,0,0,0,1,1,0,1,1,2,2.184889489303677
2889,43.53,7,24,24.6,0.2,7,0,0,0,1,1,0,3,1,0,2.2152981524478754
2890,43.56,50,155,221.1,0.2,50,0,0,0,1,1,0,8,4,4,1.4157546805256669
2891,43.59,31,102,134.6,0.2,31,0,0,0,1,1,0,5,3,2,1.6990446921445177
2892,43.61,43,121,194.7,0.2,43,0,0,0,1,1,0,3,2,2,1.361091277833237
2893,43.61,3,15,4.5,0.2,3,0,0,0,1,1,0,4,2,0,2.59011405610424
2894,43.64,45,125,209.1,0.2,46,0,0,0,1,1,0,3,3,4,1.5304970963405
2895,43.67,40,111,180.4,0.2,40,0,0,0,1,1,0,3,3,5,1.5977940913740503
2896,43.68,21,75,84.0,0.2,21,0,0,0,1,1,0,8,3,5,1.4141832347398167
2897,43.7,28,70,121.0,0.2,28,0,0,0,1,1,0,7,2,0,1.4373066018391485
2898,43.71,10,30,40.9,0.2,10,0,0,0,1,1,0,1,2,1,2.1199965981086066
2899,43.74,49,161,216.5,0.2,49,0,0,0,1,1,0,7,5,4,1.5602218097835319
2900,43.75,15,51,59.8,0.2,15,0,0,0,1,1,0,5,3,1,2.0501160692595786
2901,43.76,12,23,56.7,0.2,13,0,0,0,1,1,0,1,1,0,2.3951652898210054
2902,43.77,3,14,4.6,0.2,3,0,0,0,1,1,0,4,1,0,2.8384718753649603
2903,43.8,49,157,233.7,0.2,51,0,0,0,0,0,1,5,1,5,1.564206503268956
2904,43.8,2,5,3.4,0.2,2,0,0,0,1,1,0,1,1,1,4.940421344953059
2905,43.82,24,71,109.5,0.2,25,0,0,0,1,1,0,3,3,4,1.6224129573341557
2906,43.84,41,105,183.3,0.2,41,0,0,0,1,1,0,6,1,2,1.3794999269975865
2907,43.87,49,139,234.7,0.2,51,0,0,0,0,0,1,6,3,3,1.5040361422834378
2908,43.88,4,9,14.1,0.2,4,0,0,0,1,1,0,0,1,0,3.566383780339619
2909,43.88,15,39,62.9,0.2,15,0,0,0,1,1,0,3,1,2,1.893828384303218
2910,43.91,41,113,181.6,0.2,41,0,0,0,1,1,0,7,2,1,1.3205321423009646
2911,43.92,18,48,76.2,0.2,18,0,0,0,1,1,0,4,2,0,1.4207718538329157
2912,43.93,10,26,46.4,0.2,11,0,0,0,1,1,0,1,2,0,1.7220410927035357
2913,43.95,25,67,110.0,0.2,25,0,0,0,1,1,0,3,1,3,1.457712105462355
2914,43.95,2,6,1.3,0.2,2,0,0,0,1,1,0,3,1,1,4.77750799057336
2915,43.99,50,159,226.5,0.2,50,0,0,0,0,0,1,7,3,5,1.4856098406472082
2916,43.99,7,17,25.3,0.2,7,0,0,0,1,1,0,3,1,0,2.9365501566227095
2917,44.0,6,18,17.2,0.2,6,0,0,0,1,1,0,6,1,0,2.3515658108476862
2918,44.03,49,161,234.2,0.2,51,0,0,0,0,0,1,4,2,6,1.5334480852345067
2919,44.07,49,165,226.1,0.2,51,0,0,0,0,0,1,12,3,3,1.5441530268818073
2920,44.09,37,106,162.9,0.2,37,0,0,0,1,1,0,6,2,5,1.5428569915563348
2921,44.11,27,82,114.3,0.2,27,0,0,0,1,1,0,7,2,5,1.3189673556026456
2922,44.12,8,24,31.5,0.2,8,0,0,0,1,1,0,1,1,1,2.0293288999689456
2923,44.12,3,13,6.7,0.2,3,0,0,0,1,1,0,2,1,0,3.057173949754628
2924,44.13,15,47,60.1,0.2,15,0,0,0,1,1,0,5,2,2,1.6841328358099632
2925,44.15,26,68,113.0,0.2,26,0,0,0,1,1,0,5,1,2,1.4249510852149256
2926,44.16,20,48,88.1,0.2,20,0,0,0,1,1,0,2,2,1,1.593884373126037
2927,44.17,12,39,54.0,0.2,13,0,0,0,1,1,0,2,1,1,1.6332507599622212
2928,44.19,23,67,102.1,0.2,23,0,0,0,1,1,0,1,2,2,1.7631284061392987
2929,44.22,49,134,236.3,0.2,51,0,0,0,0,0,1,5,1,2,1.6977139182828982
2930,44.22,7,17,25.3,0.2,7,0,0,0,1,1,0,3,1,0,2.7955617822973604
2931,44.23,5,19,19.1,0.2,6,0,0,0,1,1,0,4,1,0,1.4770133410784976
2932,44.25,49,132,233.5,0.2,51,0,0,0,0,0,1,8,2,2,1.5210891824108221
2933,44.28,39,127,171.8,0.2,39,0,0,0,1,1,0,5,3,5,1.4425546687558821
2934,44.29,25,56,111.4,0.2,25,0,0,0,1,1,0,3,3,0,1.76651250790264
2935,44.29,4,9,13.9,0.2,4,0,0,0,1,1,0,0,1,2,3.545496982294223
2936,44.31,18,58,76.1,0.2,18,0,0,0,1,1,0,3,3,1,1.8601447183702668
2937,44.32,21,58,89.1,0.2,21,0,0,0,1,1,0,5,2,1,1.5222384809532628
2938,44.35,41,123,181.2,0.2,41,0,0,0,1,1,0,6,2,5,1.4289610347695736
2939,44.36,35,80,156.8,0.2,35,0,0,0,1,1,0,5,1,2,1.4869043339314592
2940,44.38,27,66,118.9,0.2,27,0,0,0,1,1,0,4,1,5,1.674561494315815
2941,44.41,49,164,228.8,0.2,51,0,0,0,0,0,1,9,3,7,1.6632209183831141
2942,44.44,43,141,189.5,0.2,44,0,0,0,1,1,0,11,4,4,1.3609105245791655
2943,44.44,6,20,19.9,0.2,6,0,0,0,1,1,0,3,1,1,2.095473661483479
2944,44.45,10,23,41.6,0.2,10,0,0,0,1,1,0,1,1,1,1.9209699207473336
2945,44.45,1,7,-1.7,0.2,1,0,0,0,1,1,0,1,1,0,5.084494774729088
2946,44.46,12,27,51.1,0.2,12,0,0,0,1,1,0,1,1,2,2.022192023401676
2947,44.46,8,19,32.0,0.2,8,0,0,0,1,1,0,1,1,1,2.3058932377620307
2948,44.49,33,114,142.1,0.2,33,0,0,0,1,1,0,6,3,5,1.562033340246261
2949,44.52,46,133,206.2,0.2,46,0,0,0,1,1,0,5,2,5,1.4859875901115014
2950,44.53,18,52,79.8,0.2,18,0,0,0,1,1,0,0,1,0,1.3823970936387124
2951,44.55,40,117,176.1,0.2,40,0,0,0,1,1,0,7,2,2,1.5449100663631807
2952,44.56,11,24,47.5,0.2,11,0,0,0,1,1,0,0,1,1,1.995700465327254
2953,44.59,49,148,235.7,0.2,51,0,0,0,0,0,1,4,1,4,1.4459228519972147
2954,44.62,49,153,233.5,0.2,51,0,0,0,0,0,1,6,5,1,1.531464993436461
2955,44.64,28,73,124.4,0.2,28,0,0,0,1,1,0,3,3,3,1.5918675323637697
2956,44.64,5,19,13.9,0.2,5,0,0,0,1,1,0,4,1,2,2.142922221308767
2957,44.65,7,20,26.9,0.2,7,0,0,0,1,1,0,1,1,1,1.999355223805248
2958,44.68,49,146,233.7,0.2,51,0,0,0,0,0,1,6,3,6,1.747552511399921
2959,44.7,34,107,153.1,0.2,35,0,0,0,1,1,0,6,5,2,1.5526551690284622
2960,44.73,48,157,211.1,0.2,48,0,0,0,1,1,0,8,7,2,1.519856105627279
2961,44.74,9,21,35.8,0.2,9,0,0,0,1,1,0,2,2,1,2.08573155232235
2962,44.74,7,22,24.7,0.2,7,0,0,0,1,1,0,3,1,1,2.360395847517463
2963,44.78,49,159,237.6,0.2,51,0,0,0,0,0,1,1,3,4,1.5445624458449596
2964,44.79,17,46,71.4,0.2,17,0,0,0,1,1,0,4,3,0,1.6094148614372792
2965,44.83,49,182,231.2,0.2,51,0,0,0,0,0,1,5,3,5,1.6020705127051635
2966,44.86,37,122,162.5,0.2,37,0,0,0,1,1,0,5,5,3,1.196837431963205
2967,44.89,49,165,232.0,0.2,51,0,0,0,0,0,1,6,3,4,1.7255489318639925
2968,44.91,16,46,67.2,0.2,16,0,0,0,1,1,0,3,1,2,1.6665266154113016
2969,44.91,4,21,12.7,0.2,4,0,0,0,1,1,0,0,1,2,2.4236082474698994
2970,44.94,36,103,161.6,0.2,36,0,0,0,1,1,0,3,3,1,1.4017920524882368
2971,44.94,4,9,11.1,0.2,4,0,0,0,1,1,0,3,1,0,4.074851333732063
2972,44.95,18,58,75.1,0.2,18,0,0,0,1,1,0,4,2,1,1.692086344001519
2973,44.97,41,121,183.6,0.2,41,0,0,0,1,1,0,4,3,3,1.6519909499414132
2974,44.98,15,42,60.8,0.2,15,0,0,0,1,1,0,5,2,0,1.7909585234719647
2975,45.01,49,153,231.4,0.2,51,0,0,0,0,0,1,8,2,2,1.5074901303189
2976,45.03,21,65,96.2,0.2,22,0,0,0,1,1,0,2,3,3,1.5596954539421304
2977,45.05,27,88,112.9,0.2,27,0,0,0,1,1,0,8,4,3,1.3959330506196452
2978,45.05,2,9,3.0,0.2,2,0,0,0,1,1,0,1,1,1,3.254894805510867
2979,45.06,15,34,65.6,0.2,15,0,0,0,1,1,0,1,1,0,1.8355039333750687
2980,45.08,19,53,82.5,0.2,19,0,0,0,1,1,0,2,3,2,1.6506141295252958
2981,45.08,3,11,10.8,0.2,4,0,0,0,1,1,0,3,1,1,3.1033675448087403
2982,45.1,37,116,160.0,0.2,37,0,0,0,1,1,0,8,1,4,1.3218418834024859
2983,45.14,49,173,212.9,0.2,49,0,0,0,1,1,0,9,4,8,1.557097456539446
2984,45.17,39,128,167.8,0.2,39,0,0,0,1,1,0,9,3,4,1.4271380972634347
2985,45.19,36,102,160.5,0.2,36,0,0,0,1,1,0,4,4,3,1.3831935832587416
2986,45.19,1,5,-3.5,0.2,1,0,0,0,1,1,0,3,1,0,6.757702375878713
2987,45.22,40,105,185.2,0.2,41,0,0,0,1,1,0,4,3,3,1.4528643671490358
2988,45.24,32,85,143.2,0.2,32,0,0,0,1,1,0,3,3,3,1.4407845000801554
2989,45.24,3,12,11.7,0.2,4,0,0,0,1,1,0,2,1,1,2.637611023793628
2990,45.28,50,167,222.4,0.2,50,0,0,0,1,1,0,5,2,9,1.4121385487798541
2991,45.28,3,10,8.9,0.2,3,0,0,0,1,1,0,0,1,1,3.3949953051916104
2992,45.29,8,27,30.3,0.2,8,0,0,0,1,1,0,2,1,0,1.9295973077278235
2993,45.29,3,10,7.9,0.2,3,0,0,0,1,1,0,1,1,1,3.975548163342677
2994,45.3,25,68,116.1,0.2,26,0,0,0,1,1,0,2,3,1,1.6984852061424467
2995,45.31,2,6,2.2,0.2,2,0,0,0,1,1,0,2,1,2,4.77229606643186
2996,45.31,1,5,3.5,0.2,2,0,0,0,1,1,0,1,1,0,4.536504986492893
2997,45.31,12,33,54.7,0.2,13,0,0,0,1,1,0,2,2,0,1.676537902846283
2998,45.33,17,56,68.0,0.2,17,0,0,0,1,1,0,6,2,4,1.2516361809798866
2999,45.34,17,42,75.6,0.2,17,0,0,0,1,1,0,0,2,2,1.5868407046164132
3000,45.38,49,178,225.5,0.2,51,0,0,0,0,0,1,11,1,6,1.373949892571683
3001,45.41,47,148,202.6,0.2,47,0,0,0,1,1,0,12,2,6,1.5149986415975263
3002,45.43,38,108,170.8,0.2,38,0,0,0,1,1,0,3,3,4,1.5263748608821937
3003,45.44,2,5,4.5,0.2,2,0,0,0,1,1,0,0,1,0,5.0245203128097256
3004,45.44,3,8,9.2,0.2,3,0,0,0,1,1,0,0,1,0,3.0915831132808176
3005,45.45,22,68,97.0,0.2,22,0,0,0,1,1,0,1,3,2,1.271735595120526
3006,45.46,5,14,22.5,0.2,6,0,0,0,1,1,0,1,1,1,2.3293154425626574
3007,45.49,44,136,197.8,0.2,45,0,0,0,1,1,0,8,3,6,1.3844359316435633
3008,45.5,20,64,81.5,0.2,20,0,0,0,1,1,0,7,4,1,1.4710740032059262
3009,45.53,44,138,197.6,0.2,44,0,0,0,1,1,0,3,4,6,1.3308168125394249
3010,45.55,17,49,71.0,0.2,17,0,0,0,1,1,0,4,2,1,1.676095667234217
3011,45.55,6,23,16.5,0.2,6,0,0,0,1,1,0,6,2,2,2.054458067239892
3012,45.55,3,8,6.1,0.2,3,0,0,0,1,1,0,3,1,1,3.9879104332935036
3013,45.56,6,16,23.3,0.2,6,0,0,0,1,1,0,0,1,1,2.5923074776689483
3014,45.56,2,11,2.8,0.2,2,0,0,0,1,1,0,1,1,1,2.955536875563621
3015,45.58,32,92,142.6,0.2,32,0,0,0,1,1,0,3,3,2,1.2427677306007563
3016,45.61,49,131,236.4,0.2,51,0,0,0,0,0,1,5,1,4,1.6774467384702703
3017,45.65,49,158,215.4,0.2,49,0,0,0,1,1,0,8,1,8,1.5043924035692522
3018,45.68,45,139,200.3,0.2,45,0,0,0,1,1,0,5,5,8,1.36311155902742
3019,45.68,4,11,13.9,0.2,4,0,0,0,1,1,0,0,1,0,2.4242755844963146
3020,45.7,36,104,158.1,0.2,36,0,0,0,1,1,0,6,2,5,1.4600492529879552
3021,45.71,15,45,68.4,0.2,16,0,0,0,1,1,0,2,1,1,1.5368796736968307
3022,45.71,2,9,1.1,0.2,2,0,0,0,1,1,0,3,1,0,3.565303118323388
3023,45.75,49,162,232.1,0.2,51,0,0,0,0,0,1,6,2,6,1.4216160485130176
3024,45.79,49,155,232.0,0.2,51,0,0,0,0,0,1,7,4,4,1.522144601941872
3025,45.79,5,24,13.4,0.2,5,0,0,0,1,1,0,4,1,2,1.9189826508528511
3026,45.81,22,67,94.0,0.2,22,0,0,0,1,1,0,4,4,3,1.5495540792671993
3027,45.83,29,77,136.1,0.2,30,0,0,0,1,1,0,1,4,2,1.6541563270570183
3028,45.85,38,98,174.1,0.2,38,0,0,0,1,1,0,1,4,1,1.4687185530401898
3029,45.86,12,37,48.1,0.2,12,0,0,0,1,1,0,3,1,2,1.6586928592856853
3030,45.86,11,28,46.2,0.2,11,0,0,0,1,1,0,1,2,0,1.6721894677652107
3031,45.87,10,31,38.9,0.2,10,0,0,0,1,1,0,3,1,0,1.8877430333109009
3032,45.88,4,13,13.5,0.2,4,0,0,0,1,1,0,0,1,2,3.202060695762649
3033,45.89,15,47,68.2,0.2,16,0,0,0,1,1,0,2,1,1,1.5284043125899651
3034,45.9,18,59,75.4,0.2,18,0,0,0,1,1,0,3,3,7,1.4404617418632664
3035,45.9,8,20,31.9,0.2,8,0,0,0,1,1,0,1,1,1,2.258015312466943
3036,45.91,14,34,59.3,0.2,14,0,0,0,1,1,0,2,2,3,1.7438850773682077
3037,45.93,24,62,102.8,0.2,24,0,0,0,1,1,0,6,1,0,1.6728907069986971
3038,45.93,3,5,9.5,0.2,3,0,0,0,1,1,0,0,1,0,4.752914432995586
3039,45.93,4,5,14.5,0.2,4,0,0,0,1,1,0,0,1,0,6.06116281638422
3040,45.95,27,66,125.2,0.2,28,0,0,0,1,1,0,3,3,2,1.7866967272750212
3041,45.95,2,7,4.3,0.2,2,0,0,0,1,1,0,0,1,0,4.260235766304773
3042,45.98,49,151,232.4,0.2,51,0,0,0,0,0,1,7,0,4,1.4255267228277309
3043,46.0,14,44,63.2,0.2,15,0,0,0,1,1,0,2,2,4,1.4742702177581817
3044,46.0,8,21,30.9,0.2,8,0,0,0,1,1,0,2,1,0,1.8918067814612705
3045,46.02,20,67,81.1,0.2,20,0,0,0,1,1,0,7,1,2,1.4062556665691788
3046,46.02,2,7,9.2,0.2,3,0,0,0,1,1,0,0,1,1,4.06854465238793
3047,46.04,41,101,185.8,0.2,41,0,0,0,1,1,0,4,1,1,1.5332073901843863
3048,46.08,49,160,233.7,0.2,51,0,0,0,0,0,1,5,3,2,1.5957499972127624
3049,46.11,49,142,216.1,0.2,49,0,0,0,1,1,0,9,3,7,1.6103520984635316
3050,46.11,11,24,47.5,0.2,11,0,0,0,1,1,0,0,1,1,1.8693990219895003
3051,46.14,45,121,197.3,0.2,45,0,0,0,1,1,0,10,1,6,1.5111516735489137
3052,46.17,45,131,196.4,0.2,45,0,0,0,1,1,0,10,5,5,1.5504964264142274
3053,46.19,25,74,103.3,0.2,25,0,0,0,1,1,0,9,1,3,1.5828542004876018
3054,46.2,9,23,36.7,0.2,9,0,0,0,1,1,0,1,2,0,2.025429208289896
3055,46.21,19,51,84.7,0.2,20,0,0,0,1,1,0,5,1,2,1.5411916992487265
3056,46.22,10,25,39.3,0.2,10,0,0,0,1,1,0,3,1,2,2.3235704593064934
3057,46.22,5,12,18.7,0.2,5,0,0,0,1,1,0,0,1,1,2.285011189600296
3058,46.25,49,151,219.4,0.2,49,0,0,0,1,1,0,5,2,5,1.4514628905657945
3059,46.28,37,118,161.9,0.2,37,0,0,0,1,1,0,6,2,3,1.6041235693588705
3060,46.3,36,105,154.8,0.2,36,0,0,0,1,1,0,9,4,7,1.6893813773930701
3061,46.34,50,163,217.2,0.2,50,0,0,0,1,1,0,11,5,5,1.634903989645894
3062,46.37,38,118,162.8,0.2,38,0,0,0,1,1,0,10,3,4,1.4745700340593486
3063,46.37,3,13,7.7,0.2,3,0,0,0,1,1,0,1,1,0,2.7310429202940396
3064,46.38,10,32,37.7,0.2,10,0,0,0,1,1,0,4,2,1,1.6102911112624474
3065,46.41,46,142,203.5,0.2,46,0,0,0,1,1,0,7,4,3,1.4881264508462715
3066,46.42,20,37,95.2,0.2,21,0,0,0,1,1,0,1,2,1,1.9236451345708412
3067,46.43,23,58,102.0,0.2,23,0,0,0,1,1,0,2,2,2,1.6754828841721396
3068,46.43,1,5,-1.5,0.2,1,0,0,0,1,1,0,1,1,0,5.575081412561488
3069,46.44,4,16,11.2,0.2,4,0,0,0,1,1,0,2,1,2,1.9382618618344225
3070,46.44,7,25,32.5,0.2,8,0,0,0,1,1,0,0,2,0,1.974003643454022
3071,46.45,17,44,70.5,0.2,17,0,0,0,1,1,0,5,2,1,2.0004929957196835
3072,46.49,48,158,210.7,0.2,48,0,0,0,1,1,0,8,4,5,1.3744573762163133
3073,46.5,10,23,42.7,0.2,10,0,0,0,1,1,0,0,1,0,2.1370487499499675
3074,46.51,21,52,91.4,0.2,21,0,0,0,1,1,0,3,2,4,1.6045151443474117
3075,46.55,49,168,228.6,0.2,51,0,0,0,0,0,1,9,3,5,1.551150491057646
3076,46.55,16,30,70.8,0.2,16,0,0,0,1,1,0,1,1,2,2.281217708394006
3077,46.57,25,68,112.0,0.2,25,0,0,0,1,1,0,1,1,2,1.6532806868210141
3078,46.58,20,50,91.5,0.2,21,0,0,0,1,1,0,3,2,5,1.5083937598725186
3079,46.62,49,157,229.9,0.2,51,0,0,0,0,0,1,9,4,3,1.4529205238548082
3080,46.63,19,57,76.2,0.2,19,0,0,0,1,1,0,8,1,1,1.6091836120440817
3081,46.65,31,70,137.8,0.2,31,0,0,0,1,1,0,5,1,2,1.8324557251859346
3082,46.65,5,13,18.7,0.2,5,0,0,0,1,1,0,0,1,0,2.2356824633188355
3083,46.68,46,137,206.1,0.2,46,0,0,0,1,1,0,5,2,2,1.3706876902265035
3084,46.71,42,108,188.0,0.2,42,0,0,0,1,1,0,6,2,2,1.4227839546418224
3085,46.73,40,108,174.2,0.2,40,0,0,0,1,1,0,10,4,0,1.560062421988675
3086,46.77,49,175,232.4,0.2,51,0,0,0,0,0,1,4,5,10,1.5556116975916259
3087,46.77,6,21,17.9,0.2,6,0,0,0,1,1,0,5,1,0,2.728465147485931
3088,46.78,8,24,29.4,0.2,8,0,0,0,1,1,0,3,2,2,2.3749320716628337
3089,46.81,49,151,233.4,0.2,51,0,0,0,0,0,1,6,4,4,1.4082977855003542
3090,46.84,32,113,138.4,0.2,32,0,0,0,1,1,0,5,3,3,1.300152775095783
3091,46.87,49,136,235.0,0.2,51,0,0,0,0,0,1,6,1,3,1.5327498805590858
3092,46.9,43,125,189.9,0.2,43,0,0,0,1,1,0,7,4,6,1.4555582644121752
3093,46.91,28,76,121.2,0.2,28,0,0,0,1,1,0,6,1,2,1.4592740068381969
3094,46.92,12,33,46.5,0.2,12,0,0,0,1,1,0,5,2,2,1.5553508285134223
3095,46.94,36,102,160.5,0.2,36,0,0,0,1,1,0,4,2,3,1.3762389554412102
3096,46.96,35,92,156.6,0.2,35,0,0,0,1,1,0,4,3,2,1.3202901471902533
3097,46.97,2,8,1.1,0.2,2,0,0,0,1,1,0,3,1,1,3.710258531583923
3098,46.98,22,62,94.5,0.2,22,0,0,0,1,1,0,4,1,3,1.6155398724396703
3099,46.99,13,28,54.1,0.2,13,0,0,0,1,1,0,3,1,1,2.034904482357461
3100,46.99,1,5,3.5,0.2,2,0,0,0,1,1,0,1,1,0,4.708630545355723
3101,47.0,22,63,95.5,0.2,22,0,0,0,1,1,0,3,3,2,1.5172332069890133
3102,47.01,3,9,8.9,0.2,3,0,0,0,1,1,0,0,1,2,3.2292361566657157
3103,47.01,2,17,2.2,0.2,2,0,0,0,1,1,0,1,1,1,2.9123635966568067
3104,47.02,19,54,82.0,0.2,19,0,0,0,1,1,0,2,3,6,1.8147556287015343
3105,47.06,41,140,174.6,0.2,41,0,0,0,1,1,0,11,2,4,1.31178387377566
3106,47.07,15,40,62.7,0.2,15,0,0,0,1,1,0,3,1,3,1.561342533852478
3107,47.09,31,96,139.1,0.2,32,0,0,0,1,1,0,6,2,3,1.4821052837387256
3108,47.1,12,34,49.4,0.2,12,0,0,0,1,1,0,2,2,2,1.735562987239175
3109,47.13,47,127,206.0,0.2,47,0,0,0,1,1,0,11,2,3,1.6304378545952125
3110,47.15,43,118,196.7,0.2,43,0,0,0,1,1,0,1,7,5,1.5888942454013906
3111,47.16,14,31,64.7,0.2,15,0,0,0,1,1,0,2,2,2,2.0321078980194356
3112,47.18,23,64,99.5,0.2,23,0,0,0,1,1,0,4,1,1,1.5122207007389776
3113,47.19,16,46,68.2,0.2,16,0,0,0,1,1,0,2,3,2,1.4951521803569896
3114,47.22,49,153,236.3,0.2,51,0,0,0,0,0,1,3,3,3,1.5968152556015303
3115,47.25,50,138,223.4,0.2,50,0,0,0,0,0,1,12,3,7,1.3450493097650398
3116,47.27,24,54,107.4,0.2,24,0,0,0,1,1,0,2,1,2,1.6661569832173049
3117,47.28,22,55,97.3,0.2,22,0,0,0,1,1,0,2,2,2,1.7876226634754924
3118,47.31,48,160,209.3,0.2,48,0,0,0,1,1,0,9,4,7,1.4318489930721856
3119,47.32,8,21,30.7,0.2,8,0,0,0,1,1,0,2,1,2,2.2088018233078337
3120,47.32,4,14,10.6,0.2,4,0,0,0,1,1,0,3,1,0,2.4428829135655974
3121,47.34,25,67,109.2,0.2,25,0,0,0,1,1,0,4,2,1,1.4713637422873627
3122,47.37,49,156,230.1,0.2,51,0,0,0,0,0,1,9,2,2,1.6884632826279322
3123,47.4,30,113,132.0,0.2,31,0,0,0,1,1,0,6,2,7,1.389858194894792
3124,47.4,3,5,9.4,0.2,3,0,0,0,1,1,0,0,1,1,5.558960553614897
3125,47.41,11,30,49.8,0.2,12,0,0,0,1,1,0,2,3,2,1.7622807580727828
3126,47.42,10,31,39.8,0.2,10,0,0,0,1,1,0,2,1,1,2.372169435579762
3127,47.44,41,110,180.5,0.2,41,0,0,0,1,1,0,8,3,5,1.4798899960355067
3128,47.46,29,91,124.2,0.2,29,0,0,0,1,1,0,6,1,7,1.553216793084613
3129,47.49,42,119,182.9,0.2,42,0,0,0,1,1,0,10,4,2,1.4586412540966633
3130,47.51,30,74,132.4,0.2,30,0,0,0,1,1,0,5,4,2,1.7134857478364434
3131,47.51,1,5,-1.5,0.2,1,0,0,0,1,1,0,1,1,0,6.259108927263381
3132,47.54,46,121,209.5,0.2,46,0,0,0,1,1,0,3,2,4,1.6969206813475184
3133,47.54,8,23,29.4,0.2,8,0,0,0,1,1,0,3,1,3,2.253230483511367
3134,47.57,38,110,175.7,0.2,39,0,0,0,1,1,0,3,5,3,1.4332708856469523
3135,47.59,26,72,112.6,0.2,26,0,0,0,1,1,0,5,1,2,1.512174951663076
3136,47.61,50,127,235.8,0.2,50,0,0,0,0,0,1,1,2,4,1.7706109855592784
3137,47.64,32,81,141.8,0.2,32,0,0,0,1,1,0,5,3,1,1.3964724512114577
3138,47.64,4,15,11.5,0.2,4,0,0,0,1,1,0,2,1,0,2.0982214001133057
3139,47.67,49,141,234.6,0.2,51,0,0,0,0,0,1,6,2,2,1.5447591600432824
3140,47.68,4,13,10.7,0.2,4,0,0,0,1,1,0,3,1,0,2.759012789347019
3141,47.7,35,91,160.7,0.2,35,0,0,0,1,1,0,0,1,2,1.3883015988240257
3142,47.71,30,63,134.6,0.2,30,0,0,0,1,1,0,4,1,1,1.5608668604933604
3143,47.72,9,28,33.8,0.2,9,0,0,0,1,1,0,3,2,4,1.819371968856755
3144,47.73,17,48,69.0,0.2,17,0,0,0,1,1,0,6,1,2,1.6314913111855536
3145,47.75,26,73,108.4,0.2,26,0,0,0,1,1,0,9,2,3,1.5420022408843785
3146,47.77,27,81,117.7,0.2,27,0,0,0,1,1,0,4,3,2,1.4375034859022993
3147,47.77,10,25,38.5,0.2,10,0,0,0,1,1,0,4,1,0,2.100028525484621
3148,47.79,18,60,73.0,0.2,18,0,0,0,1,1,0,6,3,0,1.3751092462256098
3149,47.79,3,8,8.2,0.2,3,0,0,0,1,1,0,1,1,0,3.526285450567779
3150,47.8,13,38,60.1,0.2,14,0,0,0,1,1,0,1,2,1,1.797043818505844
3151,47.81,20,56,90.1,0.2,21,0,0,0,1,1,0,4,2,3,1.7071132868854837
3152,47.83,25,65,110.4,0.2,25,0,0,0,1,1,0,3,1,1,1.325788818965077
3153,47.84,9,23,33.7,0.2,9,0,0,0,1,1,0,4,2,0,2.1849340411441163
3154,47.85,24,72,103.6,0.2,24,0,0,0,1,1,0,4,3,2,1.515869495521487
3155,47.89,47,142,207.9,0.2,47,0,0,0,1,1,0,7,4,9,1.3718594505356514
3156,47.92,49,180,228.4,0.2,51,0,0,0,0,0,1,8,4,5,1.5044989917552425
3157,47.95,43,102,195.3,0.2,43,0,0,0,1,1,0,4,1,5,1.5669434512752218
3158,47.96,20,67,89.9,0.2,21,0,0,0,1,1,0,3,4,4,1.5983791703848234
3159,47.99,45,132,198.5,0.2,45,0,0,0,1,1,0,8,2,3,1.3556367882925162
3160,47.99,2,5,4.5,0.2,2,0,0,0,1,1,0,0,1,0,5.0294904129542415
3161,48.0,13,41,49.9,0.2,13,0,0,0,1,1,0,6,3,0,1.5330657998837782
3162,48.01,8,20,29.0,0.2,8,0,0,0,1,1,0,4,1,0,2.16938272482228
3163,48.02,25,74,113.4,0.2,26,0,0,0,1,1,0,4,3,2,1.520295111652602
3164,48.03,16,39,69.0,0.2,16,0,0,0,1,1,0,2,2,1,1.7419638701128026
3165,48.04,7,19,27.0,0.2,7,0,0,0,1,1,0,1,1,1,1.9873716449134362
3166,48.05,16,42,69.6,0.2,16,0,0,0,1,1,0,1,1,2,1.8857175165966875
3167,48.06,22,49,99.9,0.2,22,0,0,0,1,1,0,0,1,2,1.645198950620981
3168,48.08,33,92,143.5,0.2,33,0,0,0,1,1,0,7,3,3,1.5035607042732873
3169,48.1,33,105,139.4,0.2,33,0,0,0,1,1,0,10,3,1,1.4060599334487003
3170,48.1,3,7,13.2,0.2,4,0,0,0,1,1,0,1,1,1,3.9772523250952516
3171,48.11,14,31,59.8,0.2,14,0,0,0,1,1,0,2,2,1,1.7901333852182741
3172,48.11,5,13,16.6,0.2,5,0,0,0,1,1,0,2,2,1,2.9509989683755102
3173,48.15,49,151,230.6,0.2,51,0,0,0,0,0,1,9,5,2,1.5226836727637032
3174,48.17,29,70,131.8,0.2,29,0,0,0,1,1,0,1,3,2,1.6852054076729173
3175,48.19,41,119,184.7,0.2,41,0,0,0,1,1,0,3,1,4,1.5396972414727508
3176,48.2,6,24,16.6,0.2,6,0,0,0,1,1,0,6,1,0,2.2904834884299428
3177,48.23,40,126,172.9,0.2,40,0,0,0,1,1,0,9,4,5,1.4516960928047686
3178,48.23,4,5,14.4,0.2,4,0,0,0,1,1,0,0,1,1,6.895274592343483
3179,48.23,0,6,-5.7,0.2,0,0,0,0,1,1,0,0,1,1,4.0617155800995555
3180,48.25,37,94,166.9,0.2,37,0,0,0,1,1,0,3,4,7,1.5652558121960332
3181,48.26,12,34,55.6,0.2,13,0,0,0,1,1,0,1,1,0,1.5055410050276616
3182,48.29,46,144,199.3,0.2,46,0,0,0,1,1,0,11,4,3,1.413437842435306
3183,48.31,30,82,137.1,0.2,31,0,0,0,1,1,0,4,2,7,1.5312180779875133
3184,48.33,23,59,100.8,0.2,23,0,0,0,1,1,0,3,3,3,1.8548414529716102
3185,48.34,23,50,101.5,0.2,23,0,0,0,1,1,0,3,1,5,1.958251612479843
3186,48.35,8,24,28.6,0.2,8,0,0,0,1,1,0,4,1,0,2.248981289958402
3187,48.36,16,45,68.4,0.2,16,0,0,0,1,1,0,2,3,1,1.8032250760752562
3188,48.4,48,192,200.1,0.2,48,0,0,0,1,1,0,15,3,7,1.4907975488319902
3189,48.4,1,5,-1.6,0.2,1,0,0,0,1,1,0,1,1,1,5.120645458627683
3190,48.42,36,104,156.2,0.2,36,0,0,0,1,1,0,8,2,4,1.5030031725068096
3191,48.46,49,172,228.8,0.2,51,0,0,0,0,0,1,8,4,9,1.4625056007668322
3192,48.46,5,11,18.8,0.2,5,0,0,0,1,1,0,0,1,1,3.2844683779594877
3193,48.46,3,5,13.5,0.2,4,0,0,0,1,1,0,1,1,0,5.6210138765971625
3194,48.47,4,17,12.2,0.2,4,0,0,0,1,1,0,1,1,1,2.1728238794886114
3195,48.47,3,8,9.1,0.2,3,0,0,0,1,1,0,0,1,1,3.610602078072419
3196,48.51,49,178,226.2,0.2,51,0,0,0,0,0,1,10,3,9,1.3367747213596382
3197,48.52,21,47,91.2,0.2,21,0,0,0,1,1,0,4,1,1,1.9141552794932244
3198,48.54,38,91,172.8,0.2,38,0,0,0,1,1,0,3,4,1,1.4224184513623408
3199,48.56,40,105,187.1,0.2,41,0,0,0,1,1,0,2,4,4,1.4384993542542834
3200,48.58,31,75,140.0,0.2,31,0,0,0,1,1,0,2,2,5,1.548752329522767
3201,48.6,23,59,100.0,0.2,23,0,0,0,1,1,0,4,1,1,1.8475313653840397
3202,48.63,49,154,231.8,0.2,51,0,0,0,0,0,1,7,3,7,1.5075456273897774
3203,48.64,18,40,83.9,0.2,19,0,0,0,1,1,0,2,3,1,1.864265766686033
3204,48.66,23,67,100.9,0.2,23,0,0,0,1,1,0,2,3,4,1.871228655577051
3205,48.7,45,142,200.1,0.2,45,0,0,0,1,1,0,5,2,7,1.3924473996949525
3206,48.72,35,83,159.6,0.2,35,0,0,0,1,1,0,2,3,1,1.6044528362462922
3207,48.73,10,23,40.6,0.2,10,0,0,0,1,1,0,2,2,1,2.444117140996826
3208,48.76,49,156,230.6,0.2,51,0,0,0,0,0,1,8,1,7,1.5805257709509954
3209,48.79,47,135,205.3,0.2,47,0,0,0,1,1,0,11,5,2,1.3438568311665735
3210,48.81,26,66,118.0,0.2,26,0,0,0,1,1,0,0,4,4,1.2550375133252267
3211,48.83,23,69,97.9,0.2,23,0,0,0,1,1,0,5,3,2,1.5363943136942098
3212,48.83,6,23,22.5,0.2,6,0,0,0,1,1,0,0,1,2,2.1400586887170885
3213,48.85,22,53,98.6,0.2,22,0,0,0,1,1,0,1,1,1,1.8016351869695506
3214,48.87,32,89,144.8,0.2,32,0,0,0,1,1,0,1,5,3,1.5178611280950889
3215,48.89,31,89,134.9,0.2,31,0,0,0,1,1,0,6,3,2,1.3706958729960768
3216,48.9,14,34,59.5,0.2,14,0,0,0,1,1,0,2,3,1,1.805039248581562
3217,48.91,14,42,60.6,0.2,14,0,0,0,1,1,0,0,1,2,1.6606086673611404
3218,48.95,49,147,233.5,0.2,51,0,0,0,0,0,1,6,2,7,1.6945154668293656
3219,48.97,32,97,144.0,0.2,33,0,0,0,1,1,0,6,4,3,1.419492378219506
3220,49.0,47,150,212.6,0.2,48,0,0,0,1,1,0,7,3,4,1.5944730808465453
3221,49.01,6,15,23.3,0.2,6,0,0,0,1,1,0,0,1,2,2.3835581282700584
3222,49.01,7,23,27.5,0.2,7,0,0,0,1,1,0,0,2,2,1.7789305415360093
3223,49.02,10,24,42.3,0.2,10,0,0,0,1,1,0,0,1,3,1.9798908703227498
3224,49.03,17,40,72.9,0.2,17,0,0,0,1,1,0,3,1,1,2.252374249300787
3225,49.04,16,48,67.1,0.2,16,0,0,0,1,1,0,3,2,1,1.9565980795011182
3226,49.07,43,143,189.1,0.2,43,0,0,0,1,1,0,6,2,6,1.2535793638100476
3227,49.09,24,74,102.3,0.2,24,0,0,0,1,1,0,5,2,3,1.6691668343991342
3228,49.12,38,102,169.4,0.2,38,0,0,0,1,1,0,5,2,4,1.422177272414952
3229,49.13,30,71,133.7,0.2,30,0,0,0,1,1,0,4,3,2,1.5835425606378675
3230,49.14,3,15,5.5,0.2,3,0,0,0,1,1,0,3,1,0,2.6058733573228627
3231,49.15,12,38,48.2,0.2,12,0,0,0,1,1,0,3,2,0,1.7276290022528307
3232,49.16,21,62,91.8,0.2,21,0,0,0,1,1,0,2,4,0,1.7124177435524592
3233,49.18,35,92,156.6,0.2,35,0,0,0,1,1,0,4,2,2,1.4216123776674863
3234,49.19,4,10,13.8,0.2,4,0,0,0,1,1,0,0,1,2,3.0208052111130206
3235,49.23,49,166,216.0,0.2,49,0,0,0,1,1,0,7,4,4,1.4915633320185753
3236,49.23,10,26,39.4,0.2,10,0,0,0,1,1,0,3,1,0,2.339654301916224
3237,49.25,40,91,189.8,0.2,41,0,0,0,1,1,0,1,4,1,1.6614253264931333
3238,49.28,28,84,117.9,0.2,28,0,0,0,1,1,0,8,1,7,1.4017400409988885
3239,49.3,45,126,199.8,0.2,45,0,0,0,1,1,0,7,4,6,1.3824580451090598
3240,49.32,16,45,71.3,0.2,17,0,0,0,1,1,0,4,1,2,1.4837826224863435
3241,49.35,50,148,220.6,0.2,50,0,0,0,1,1,0,9,2,6,1.4261721954904745
3242,49.36,22,71,94.8,0.2,22,0,0,0,1,1,0,3,3,1,1.7845461775595812
3243,49.37,2,5,4.5,0.2,2,0,0,0,1,1,0,0,1,0,4.904531642992478
3244,49.4,49,175,228.1,0.2,51,0,0,0,0,0,1,9,2,3,1.4804856692421196
3245,49.41,9,27,32.3,0.2,9,0,0,0,1,1,0,5,1,0,1.9945900269267494
3246,49.41,6,17,23.3,0.2,6,0,0,0,1,1,0,0,1,0,2.3881835327103382
3247,49.42,12,28,51.1,0.2,12,0,0,0,1,1,0,1,1,1,2.0930059062321464
3248,49.44,36,92,161.4,0.2,36,0,0,0,1,1,0,4,4,4,1.6431156360656671
3249,49.46,34,94,149.3,0.2,34,0,0,0,1,1,0,6,3,3,1.4410923858592246
3250,49.5,48,142,209.5,0.2,48,0,0,0,1,1,0,11,2,3,1.710792145579071
3251,49.5,2,7,1.3,0.2,2,0,0,0,1,1,0,3,1,0,4.393202362593802
3252,49.53,44,126,195.9,0.2,44,0,0,0,1,1,0,6,3,5,1.4920956714277394
3253,49.55,30,75,132.5,0.2,30,0,0,0,1,1,0,5,1,0,1.5683045717545425
3254,49.57,28,82,123.5,0.2,28,0,0,0,1,1,0,3,3,3,1.669905814488192
3255,49.57,2,5,4.5,0.2,2,0,0,0,1,1,0,0,1,0,4.168250643341317
3256,49.61,49,171,226.9,0.2,51,0,0,0,0,0,1,10,6,9,1.528057946990121
3257,49.63,32,82,138.4,0.2,32,0,0,0,1,1,0,8,2,4,1.5873775176151692
3258,49.64,29,68,131.0,0.2,29,0,0,0,1,1,0,2,4,2,1.7072451025423854
3259,49.66,27,78,116.6,0.2,27,0,0,0,1,1,0,5,3,6,1.4745663752168212
3260,49.68,18,55,78.0,0.2,18,0,0,0,1,1,0,1,3,5,1.5375376172247461
3261,49.71,27,90,115.3,0.2,27,0,0,0,1,1,0,5,2,7,1.5953009770397166
3262,49.72,16,34,71.4,0.2,16,0,0,0,1,1,0,0,2,2,1.6935385689414906
3263,49.73,15,44,61.3,0.2,15,0,0,0,1,1,0,4,3,3,1.87368577835622
3264,49.74,11,36,49.3,0.2,12,0,0,0,1,1,0,2,1,1,1.608567097200325
3265,49.74,2,7,3.3,0.2,2,0,0,0,1,1,0,1,1,0,3.5321863351578244
3266,49.77,49,163,230.8,0.2,51,0,0,0,0,0,1,7,1,8,1.3924679705204979
3267,49.8,49,139,236.3,0.2,51,0,0,0,0,0,1,4,4,7,1.550343688502274
3268,49.82,28,80,121.6,0.2,28,0,0,0,1,1,0,5,3,4,1.4614976841954985
3269,49.85,45,142,195.4,0.2,45,0,0,0,1,1,0,10,1,4,1.409859882490101
3270,49.89,40,128,172.4,0.2,40,0,0,0,1,1,0,9,2,8,1.6185249177667396
3271,49.92,49,144,234.6,0.2,51,0,0,0,0,0,1,5,1,9,1.4422097591459506
3272,49.93,16,39,74.8,0.2,17,0,0,0,1,1,0,1,1,3,1.979507651662588
3273,49.96,35,107,151.6,0.2,35,0,0,0,1,1,0,7,1,7,1.483226957281487
3274,49.96,6,11,23.9,0.2,6,0,0,0,1,1,0,0,1,0,3.3407827960015095
3275,49.98,33,82,149.4,0.2,33,0,0,0,1,1,0,2,3,4,1.5568580967488221
3276,49.99,14,37,62.2,0.2,15,0,0,0,1,1,0,4,1,1,1.680643801415006
3277,49.99,2,7,3.2,0.2,2,0,0,0,1,1,0,1,1,1,3.6298165693824656
3278,50.03,49,156,230.4,0.2,51,0,0,0,0,0,1,8,2,9,1.7419545206285785
3279,50.03,1,12,-4.2,0.2,1,0,0,0,1,1,0,3,1,0,3.156894314607431
3280,50.03,3,18,13.2,0.2,4,0,0,0,1,1,0,0,1,0,1.7383991645123713
3281,50.04,17,40,73.9,0.2,17,0,0,0,1,1,0,2,1,1,1.6798889581719887
3282,50.06,17,50,67.5,0.2,17,0,0,0,1,1,0,7,4,5,1.3540027668795573
3283,50.06,14,34,61.6,0.2,14,0,0,0,1,1,0,0,2,0,1.3906114502418792
3284,50.08,19,51,76.7,0.2,19,0,0,0,1,1,0,8,1,2,1.7351615632339403
3285,50.08,1,6,-1.6,0.2,1,0,0,0,1,1,0,1,1,0,4.705361891120619
3286,50.08,2,8,2.1,0.2,2,0,0,0,1,1,0,2,1,1,3.0714080261989594
3287,50.12,49,164,234.2,0.2,51,0,0,0,0,0,1,4,2,3,1.459812077618956
3288,50.12,2,5,1.5,0.2,2,0,0,0,1,1,0,3,1,0,5.563883967096617
3289,50.12,2,5,3.5,0.2,2,0,0,0,1,1,0,1,1,0,5.8317540494859115
3290,50.12,4,11,11.9,0.2,4,0,0,0,1,1,0,2,1,0,2.7044041405657597
3291,50.12,2,5,4.4,0.2,2,0,0,0,1,1,0,0,1,1,5.238287040503428
3292,50.16,49,162,232.2,0.2,51,0,0,0,0,0,1,6,6,5,1.413591324455424
3293,50.19,50,150,227.1,0.2,50,0,0,0,0,0,1,7,5,8,1.4042471078497059
3294,50.2,17,43,73.4,0.2,17,0,0,0,1,1,0,2,2,3,1.7481613757530718
3295,50.22,14,42,59.4,0.2,15,0,0,0,1,1,0,6,1,4,1.8081155667876074
3296,50.22,10,29,39.0,0.2,10,0,0,0,1,1,0,3,1,1,1.7789149109056286
3297,50.26,49,170,226.6,0.2,51,0,0,0,0,0,1,11,3,3,1.5519446280186375
3298,50.27,28,64,125.6,0.2,28,0,0,0,1,1,0,3,2,0,1.5763370574862172
3299,50.31,49,152,220.1,0.2,49,0,0,0,1,1,0,4,5,7,1.5539843416636092
3300,50.34,41,130,183.5,0.2,41,0,0,0,1,1,0,3,3,5,1.659431247297078
3301,50.37,49,166,232.4,0.2,51,0,0,0,0,0,1,5,3,9,1.605305391120548
3302,50.39,18,65,74.3,0.2,18,0,0,0,1,1,0,4,2,2,1.678275557457097
3303,50.42,46,144,201.9,0.2,46,0,0,0,1,1,0,8,4,7,1.4380715259602441
3304,50.43,11,43,45.3,0.2,12,0,0,0,1,1,0,5,2,4,1.6095075954537519
3305,50.44,23,47,105.2,0.2,23,0,0,0,1,1,0,0,1,1,1.6847333516472145
3306,50.46,21,57,92.1,0.2,21,0,0,0,1,1,0,2,2,2,1.682853340666051
3307,50.46,10,25,39.3,0.2,10,0,0,0,1,1,0,3,1,2,1.6995247981241066
3308,50.48,27,61,121.8,0.2,27,0,0,0,1,1,0,2,2,1,1.6763780981143757
3309,50.49,26,71,109.8,0.2,26,0,0,0,1,1,0,8,1,1,1.6114793375211973
3310,50.5,20,44,87.6,0.2,20,0,0,0,1,1,0,3,1,0,1.7516478071713484
3311,50.53,43,134,190.1,0.2,43,0,0,0,1,1,0,6,6,5,1.3245858977789984
3312,50.57,49,174,230.1,0.2,51,0,0,0,0,0,1,7,4,4,1.6606279854022474
3313,50.58,11,26,51.3,0.2,12,0,0,0,1,1,0,1,2,1,1.9410409290144495
3314,50.6,29,78,128.1,0.2,29,0,0,0,1,1,0,4,5,1,1.2909131216370195
3315,50.63,49,160,235.5,0.2,51,0,0,0,0,0,1,3,2,4,1.5612182539358408
3316,50.67,49,142,236.2,0.2,51,0,0,0,0,0,1,4,2,5,1.689947722538906
3317,50.7,48,182,201.1,0.2,48,0,0,0,1,1,0,15,5,7,1.4154185974351432
3318,50.74,40,145,172.3,0.2,40,0,0,0,1,1,0,8,4,2,1.4836517699105067
3319,50.74,9,31,30.9,0.2,9,0,0,0,1,1,0,6,2,0,2.148891488778197
3320,50.77,35,95,154.1,0.2,35,0,0,0,1,1,0,6,6,4,1.498035015777356
3321,50.77,5,19,16.1,0.2,5,0,0,0,1,1,0,2,1,0,2.1059636395943087
3322,50.81,49,183,216.9,0.2,50,0,0,0,1,1,0,9,4,8,1.5728885192462285
3323,50.81,0,5,-0.6,0.2,1,0,0,0,1,1,0,0,1,1,4.904298342832032
3324,50.83,30,72,131.6,0.2,30,0,0,0,1,1,0,6,2,2,1.6259292978503994
3325,50.83,5,13,16.7,0.2,5,0,0,0,1,1,0,2,1,0,2.9571329702654077
3326,50.86,43,126,191.9,0.2,43,0,0,0,1,1,0,5,2,5,1.518446237411222
3327,50.87,7,26,29.2,0.2,8,0,0,0,1,1,0,3,1,2,2.0985396137209102
3328,50.87,9,16,37.4,0.2,9,0,0,0,1,1,0,1,1,0,2.5585312891628007
3329,50.88,6,14,26.6,0.2,7,0,0,0,1,1,0,2,1,0,2.4187095812369432
3330,50.88,10,22,41.6,0.2,10,0,0,0,1,1,0,1,1,2,2.531052139591573
3331,50.89,14,38,60.1,0.2,14,0,0,0,1,1,0,1,2,1,1.404304037568333
3332,50.91,32,93,133.6,0.2,32,0,0,0,1,1,0,12,3,1,1.663611675611478
3333,50.94,37,95,168.2,0.2,37,0,0,0,1,1,0,2,2,3,1.6395053073993235
3334,50.95,18,53,74.7,0.2,18,0,0,0,1,1,0,5,1,0,1.5722259263664295
3335,50.95,3,6,9.3,0.2,3,0,0,0,1,1,0,0,1,1,4.2436783509800415
3336,50.97,30,82,130.2,0.2,30,0,0,0,1,1,0,6,2,6,1.4130634594409508
3337,50.98,14,37,59.3,0.2,14,0,0,0,1,1,0,2,1,0,2.4689038137365635
3338,50.99,26,65,114.5,0.2,26,0,0,0,1,1,0,4,2,0,1.4185984992284313
3339,51.02,49,123,239.4,0.2,51,0,0,0,0,0,1,3,1,2,1.485786046477882
3340,51.03,20,53,85.6,0.2,20,0,0,0,1,1,0,4,2,1,1.404033390464969
3341,51.05,29,82,126.5,0.2,29,0,0,0,1,1,0,5,3,3,1.5433049253140463
3342,51.07,42,108,189.7,0.2,42,0,0,0,1,1,0,4,2,5,1.3397920932927119
3343,51.08,9,28,34.2,0.2,9,0,0,0,1,1,0,3,1,0,1.5341187743794025
3344,51.09,22,60,91.8,0.2,22,0,0,0,1,1,0,7,2,2,1.7733226977644752
3345,51.1,5,14,21.5,0.2,6,0,0,0,1,1,0,2,1,1,3.0962110132147993
3346,51.1,8,14,33.5,0.2,8,0,0,0,1,1,0,0,1,1,2.5004606317055473
3347,51.11,17,53,72.6,0.2,17,0,0,0,1,1,0,2,2,1,1.7334087156821651
3348,51.13,21,66,90.8,0.2,21,0,0,0,1,1,0,2,3,6,1.5581794240330975
3349,51.16,47,128,221.0,0.2,48,0,0,0,1,1,0,1,4,2,1.4667508817951322
3350,51.18,32,85,141.3,0.2,32,0,0,0,1,1,0,5,2,2,1.2641858073986945
3351,51.18,3,5,9.5,0.2,3,0,0,0,1,1,0,0,1,0,4.8665578525676825
3352,51.2,33,78,149.8,0.2,33,0,0,0,1,1,0,2,3,4,1.629865728831816
3353,51.21,16,41,67.9,0.2,16,0,0,0,1,1,0,3,2,0,1.7607515644251968
3354,51.24,43,125,191.2,0.2,43,0,0,0,1,1,0,6,4,3,1.5246961258600955
3355,51.25,15,41,61.4,0.2,15,0,0,0,1,1,0,4,1,5,1.7850932766817518
3356,51.25,1,9,-3.9,0.2,1,0,0,0,1,1,0,3,1,0,3.3000824208284745
3357,51.26,17,47,72.3,0.2,17,0,0,0,1,1,0,3,2,0,1.3936601238780129
3358,51.28,32,96,136.9,0.2,32,0,0,0,1,1,0,8,4,5,1.52074017080131
3359,51.3,20,66,86.1,0.2,20,0,0,0,1,1,0,2,1,3,1.4046280378426736
3360,51.34,49,167,234.6,0.2,51,0,0,0,0,0,1,3,3,6,1.4756814399672005
3361,51.35,21,56,93.2,0.2,21,0,0,0,1,1,0,1,3,2,1.7188840499737574
3362,51.36,9,23,36.7,0.2,9,0,0,0,1,1,0,1,1,0,2.086254639628359
3363,51.38,31,90,130.6,0.2,31,0,0,0,1,1,0,10,3,4,1.3609459338392067
3364,51.4,36,111,158.4,0.2,36,0,0,0,1,1,0,5,3,5,1.5219604851152468
3365,51.41,4,16,10.2,0.2,4,0,0,0,1,1,0,3,1,2,1.9283979462361427
3366,51.41,2,11,-0.2,0.2,2,0,0,0,1,1,0,4,1,1,2.8656480036063106
3367,51.45,49,149,232.7,0.2,51,0,0,0,0,0,1,7,4,3,1.5252607929943922
3368,51.49,49,134,236.2,0.2,51,0,0,0,0,0,1,5,3,3,1.5157836827606421
3369,51.51,33,115,140.2,0.2,33,0,0,0,1,1,0,8,3,3,1.4806586341163646
3370,51.55,49,157,229.8,0.2,51,0,0,0,0,0,1,9,2,4,1.7536895218704238
3371,51.55,3,10,7.0,0.2,3,0,0,0,1,1,0,2,1,0,3.4691320399541064
3372,51.56,11,38,45.2,0.2,11,0,0,0,1,1,0,1,1,0,1.5784309840911919
3373,51.58,45,127,201.9,0.2,45,0,0,0,1,1,0,5,4,4,1.5901825885206844
3374,51.6,19,55,82.2,0.2,19,0,0,0,1,1,0,2,2,3,1.7423198983149562
3375,51.61,15,37,63.1,0.2,15,0,0,0,1,1,0,3,1,2,1.7690877108061778
3376,51.63,29,83,131.5,0.2,30,0,0,0,1,1,0,5,3,2,1.4597420499731129
3377,51.65,39,98,180.1,0.2,40,0,0,0,1,1,0,5,4,1,1.6684053701471602
3378,51.66,18,40,80.9,0.2,18,0,0,0,1,1,0,0,3,1,2.0417142791030924
3379,51.68,29,81,127.4,0.2,29,0,0,0,1,1,0,4,2,5,1.4666346045760463
3380,51.72,50,179,213.5,0.2,50,0,0,0,1,1,0,13,4,6,1.6095779932745213
3381,51.73,21,55,92.4,0.2,21,0,0,0,1,1,0,2,1,1,1.6575213045843271
3382,51.74,10,27,45.3,0.2,11,0,0,0,1,1,0,2,1,0,1.8383243881343634
3383,51.77,49,152,233.3,0.2,51,0,0,0,0,0,1,6,3,4,1.4153458540619297
3384,51.78,11,29,43.0,0.2,11,0,0,0,1,1,0,4,1,1,2.1846485555835424
3385,51.8,40,113,180.1,0.2,40,0,0,0,1,1,0,3,3,6,1.3005593534812814
3386,51.82,30,84,135.1,0.2,30,0,0,0,1,1,0,1,2,5,1.2707288970487007
3387,51.84,30,75,133.3,0.2,30,0,0,0,1,1,0,4,1,2,1.5498611594817004
3388,51.87,42,125,185.2,0.2,42,0,0,0,1,1,0,7,3,3,1.594586681270381
3389,51.88,25,63,108.5,0.2,25,0,0,0,1,1,0,5,5,2,1.6252344290079852
3390,51.88,1,5,4.4,0.2,2,0,0,0,1,1,0,0,1,1,5.046343102759963
3391,51.89,11,32,43.6,0.2,11,0,0,0,1,1,0,3,1,2,2.5080128611864714
3392,51.93,49,166,229.4,0.2,51,0,0,0,0,0,1,8,3,9,1.393121266513429
3393,51.94,26,57,118.1,0.2,27,0,0,0,1,1,0,6,2,2,1.8439871059396322
3394,51.97,47,147,206.7,0.2,47,0,0,0,1,1,0,8,3,6,1.4244440494201802
3395,52.0,38,104,166.6,0.2,38,0,0,0,1,1,0,8,1,0,1.2902455756358977
3396,52.01,18,48,76.1,0.2,18,0,0,0,1,1,0,4,1,1,1.876161044462771
3397,52.04,39,127,166.6,0.2,39,0,0,0,1,1,0,10,5,7,1.472256522938354
3398,52.05,17,45,76.5,0.2,18,0,0,0,1,1,0,4,2,0,1.938659684593811
3399,52.07,22,67,86.9,0.2,22,0,0,0,1,1,0,11,1,4,1.6036318659001192
3400,52.1,42,142,177.4,0.2,42,0,0,0,1,1,0,13,4,4,1.4863755058323997
3401,52.13,38,114,168.4,0.2,38,0,0,0,1,1,0,5,7,2,1.5299225250360504
3402,52.13,1,7,-1.8,0.2,1,0,0,0,1,1,0,1,1,1,4.164674497184736
3403,52.16,48,152,206.0,0.2,48,0,0,0,1,1,0,13,2,8,1.3433345510678643
3404,52.19,39,104,171.2,0.2,39,0,0,0,1,1,0,8,4,4,1.4152032064361104
3405,52.21,32,86,141.2,0.2,32,0,0,0,1,1,0,5,2,2,1.4677286927163815
3406,52.21,2,10,6.9,0.2,3,0,0,0,1,1,0,2,1,1,3.1435186432745645
3407,52.23,35,92,156.7,0.2,35,0,0,0,1,1,0,4,2,1,1.7668570576749205
3408,52.24,23,50,101.9,0.2,23,0,0,0,1,1,0,3,1,1,2.147629043274902
3409,52.26,34,84,152.5,0.2,34,0,0,0,1,1,0,4,1,1,1.63785464024033
3410,52.27,15,27,67.2,0.2,15,0,0,0,1,1,0,0,2,1,2.298457387953305
3411,52.28,18,42,73.6,0.2,18,0,0,0,1,1,0,7,2,2,1.6808191684584752
3412,52.32,49,161,231.1,0.2,51,0,0,0,0,0,1,7,2,7,1.497336320449498
3413,52.35,46,129,201.9,0.2,46,0,0,0,1,1,0,10,4,2,1.3170022553356318
3414,52.37,43,127,184.7,0.2,43,0,0,0,1,1,0,12,3,6,1.4401560340011623
3415,52.39,22,66,93.7,0.2,22,0,0,0,1,1,0,4,3,7,1.4892956485334612
3416,52.39,3,6,9.3,0.2,3,0,0,0,1,1,0,0,1,1,3.730920717220252
3417,52.41,31,84,137.4,0.2,31,0,0,0,1,1,0,4,4,2,1.6553796218278467
3418,52.44,50,138,231.0,0.2,50,0,0,0,0,0,1,5,3,1,1.7365699368614511
3419,52.47,39,115,172.1,0.2,39,0,0,0,1,1,0,6,2,4,1.480754008514104
3420,52.48,15,51,60.6,0.2,15,0,0,0,1,1,0,4,3,3,1.49347617585515
3421,52.49,8,26,30.3,0.2,8,0,0,0,1,1,0,2,1,1,1.78000555629044
3422,52.51,40,111,178.6,0.2,40,0,0,0,1,1,0,5,2,3,1.6201053363104605
3423,52.52,24,60,105.8,0.2,24,0,0,0,1,1,0,3,2,2,1.5895463337395137
3424,52.53,1,6,-3.7,0.2,1,0,0,0,1,1,0,3,1,1,4.919756342838516
3425,52.56,49,149,231.3,0.2,51,0,0,0,0,0,1,8,1,7,1.6843162128274072
3426,52.58,36,109,160.7,0.2,36,0,0,0,1,1,0,3,4,4,1.5654637555337383
3427,52.58,4,12,11.7,0.2,4,0,0,0,1,1,0,2,1,1,3.711633221709887
3428,52.6,23,78,99.0,0.2,23,0,0,0,1,1,0,3,3,2,1.4309934372912276
3429,52.61,3,11,7.8,0.2,3,0,0,0,1,1,0,1,1,1,3.2239776607155473
3430,52.61,3,16,5.4,0.2,3,0,0,0,1,1,0,3,1,0,2.4663796849362565
3431,52.62,28,67,125.0,0.2,28,0,0,0,1,1,0,3,2,3,1.5541298562208243
3432,52.63,11,31,44.8,0.2,11,0,0,0,1,1,0,2,2,1,1.6137054534030293
3433,52.67,49,168,231.8,0.2,51,0,0,0,0,0,1,6,4,3,1.7191293415173743
3434,52.68,21,64,88.5,0.2,21,0,0,0,1,1,0,5,2,1,1.499102764797922
3435,52.73,49,210,217.0,0.2,51,0,0,0,0,0,1,16,8,9,1.3850031348141836
3436,52.76,41,119,182.7,0.2,41,0,0,0,1,1,0,5,2,4,1.3925317312581784
3437,52.77,5,15,18.4,0.2,5,0,0,0,1,1,0,0,1,1,2.181371226180459
3438,52.79,40,108,179.2,0.2,40,0,0,0,1,1,0,5,3,0,1.598430917723702
3439,52.82,43,122,189.6,0.2,43,0,0,0,1,1,0,8,2,2,1.2454130841559437
3440,52.83,8,23,37.6,0.2,9,0,0,0,1,1,0,0,1,1,1.5377518019857899
3441,52.86,49,153,234.1,0.2,51,0,0,0,0,0,1,5,3,5,1.4423054572729883
3442,52.89,40,124,174.2,0.2,40,0,0,0,1,1,0,8,3,4,1.491231598519784
3443,52.91,32,104,134.3,0.2,32,0,0,0,1,1,0,10,3,3,1.5477885787425807
3444,52.93,27,66,117.3,0.2,27,0,0,0,1,1,0,6,3,1,1.4156587453711842
3445,52.94,13,34,52.5,0.2,13,0,0,0,1,1,0,4,1,1,1.6657196548421977
3446,52.97,44,133,195.4,0.2,44,0,0,0,1,1,0,6,4,3,1.5541699952144727
3447,52.97,11,27,47.3,0.2,11,0,0,0,1,1,0,0,1,0,1.8065500228050348
3448,52.98,14,37,58.3,0.2,14,0,0,0,1,1,0,3,2,0,1.8326044559221495
3449,53.02,49,165,214.0,0.2,49,0,0,0,1,1,0,9,2,5,1.7192022581806916
3450,53.03,15,35,62.5,0.2,15,0,0,0,1,1,0,4,1,0,1.8119649570685243
3451,53.04,13,45,53.2,0.2,13,0,0,0,1,1,0,2,1,3,1.9210028442744462
3452,53.06,40,111,170.7,0.2,40,0,0,0,1,1,0,13,4,2,1.4194768017761723
3453,53.07,6,16,21.3,0.2,6,0,0,0,1,1,0,2,1,1,2.461068834519865
3454,53.09,31,92,134.7,0.2,31,0,0,0,1,1,0,6,4,1,1.4391049606576976
3455,53.09,1,7,-3.7,0.2,1,0,0,0,1,1,0,3,1,0,4.11830407068165
3456,53.13,50,152,220.2,0.2,50,0,0,0,1,1,0,9,4,6,1.5403324486921408
3457,53.13,4,6,14.4,0.2,4,0,0,0,1,1,0,0,1,0,4.836197196093093
3458,53.13,2,6,4.4,0.2,2,0,0,0,1,1,0,0,1,0,3.509146183335344
3459,53.14,12,43,46.3,0.2,12,0,0,0,1,1,0,4,1,4,1.4164390417589543
3460,53.16,40,111,175.7,0.2,40,0,0,0,1,1,0,8,1,2,1.6362370215662063
3461,53.2,48,148,207.8,0.2,48,0,0,0,1,1,0,12,2,4,1.4222155687592288
3462,53.21,25,58,110.2,0.2,25,0,0,0,1,1,0,4,2,0,1.5657343073432601
3463,53.23,21,65,86.2,0.2,21,0,0,0,1,1,0,7,4,3,1.4812032789168406
3464,53.24,9,26,40.4,0.2,10,0,0,0,1,1,0,2,2,0,2.457897962834951
3465,53.27,43,143,186.4,0.2,43,0,0,0,1,1,0,9,3,3,1.4637142446497307
3466,53.3,49,157,232.0,0.2,51,0,0,0,0,0,1,7,3,2,1.5067931425505179
3467,53.3,2,9,3.0,0.2,2,0,0,0,1,1,0,1,1,1,4.1054098262993115
3468,53.33,36,125,150.0,0.2,36,0,0,0,1,1,0,12,3,5,1.4313512661230332
3469,53.33,2,5,4.4,0.2,2,0,0,0,1,1,0,0,1,1,5.931917844281838
3470,53.33,4,5,14.5,0.2,4,0,0,0,1,1,0,0,1,0,5.466378807443657
3471,53.36,32,96,139.2,0.2,32,0,0,0,1,1,0,6,4,2,1.4347730429313443
3472,53.36,2,5,1.5,0.2,2,0,0,0,1,1,0,3,1,0,5.761611200238605
3473,53.38,31,74,144.2,0.2,32,0,0,0,1,1,0,3,1,4,1.9688692297430812
3474,53.38,7,25,24.3,0.2,7,0,0,0,1,1,0,3,1,2,1.813968264094621
3475,53.39,3,8,8.1,0.2,3,0,0,0,1,1,0,1,1,1,3.676215199450394
3476,53.42,49,151,230.3,0.2,51,0,0,0,0,0,1,9,4,5,1.470190259409757
3477,53.45,45,137,198.4,0.2,45,0,0,0,1,1,0,7,1,9,1.620927436475943
3478,53.46,10,19,39.0,0.2,10,0,0,0,1,1,0,4,1,1,2.8367779096494385
3479,53.48,32,94,138.6,0.2,32,0,0,0,1,1,0,7,1,0,1.281264545409831
3480,53.5,25,68,107.1,0.2,25,0,0,0,1,1,0,6,1,1,1.630074253165165
3481,53.53,45,136,198.8,0.2,45,0,0,0,1,1,0,7,6,6,1.3847130146306987
3482,53.56,46,150,203.6,0.2,46,0,0,0,1,1,0,6,3,4,1.4369992260142415
3483,53.59,36,92,159.4,0.2,36,0,0,0,1,1,0,6,2,4,1.5260175590885685
3484,53.59,11,27,46.9,0.2,11,0,0,0,1,1,0,0,1,4,1.9896474171512455
3485,53.6,6,10,23.0,0.2,6,0,0,0,1,1,0,1,1,0,3.6120901208523746
3486,53.6,1,5,-2.5,0.2,1,0,0,0,1,1,0,2,1,0,5.894312059203278
3487,53.6,1,6,-3.7,0.2,1,0,0,0,1,1,0,3,1,1,4.524045274660755
3488,53.61,14,39,62.9,0.2,15,0,0,0,1,1,0,3,2,2,2.087563283212521
3489,53.62,10,27,47.2,0.2,11,0,0,0,1,1,0,0,1,1,1.5891304229646421
3490,53.63,16,49,66.0,0.2,16,0,0,0,1,1,0,4,1,1,1.4416880582667078
3491,53.63,4,13,13.7,0.2,4,0,0,0,1,1,0,0,1,0,2.774220052300123
3492,53.64,6,18,23.1,0.2,6,0,0,0,1,1,0,0,1,1,2.380981555602334
3493,53.64,7,26,32.2,0.2,8,0,0,0,1,1,0,0,1,2,1.6837107502481516
3494,53.64,1,5,-0.6,0.2,1,0,0,0,1,1,0,0,1,1,6.038743431319074
3495,53.65,9,25,36.5,0.2,9,0,0,0,1,1,0,1,2,0,2.2462205652758405
3496,53.68,43,123,192.3,0.2,43,0,0,0,1,1,0,5,2,4,1.4464659118292207
3497,53.68,2,6,2.4,0.2,2,0,0,0,1,1,0,2,1,0,5.332848859044316
3498,53.7,23,71,95.6,0.2,23,0,0,0,1,1,0,7,3,3,1.4705328503796224
3499,53.7,2,6,3.2,0.2,2,0,0,0,1,1,0,1,1,2,4.2748465707000145
3500,53.71,23,62,102.5,0.2,23,0,0,0,1,1,0,1,1,3,1.4345336452794002
3501,53.74,43,113,188.5,0.2,43,0,0,0,1,1,0,10,3,2,1.5568413528292044
3502,53.74,2,5,1.5,0.2,2,0,0,0,1,1,0,3,1,0,5.712867579234119
3503,53.74,2,6,3.4,0.2,2,0,0,0,1,1,0,1,1,0,4.556338297084226
3504,53.75,8,31,35.8,0.2,9,0,0,0,1,1,0,1,2,1,1.705998300064252
3505,53.78,43,112,192.6,0.2,43,0,0,0,1,1,0,6,5,2,1.5257826912634265
3506,53.8,33,75,145.2,0.2,33,0,0,0,1,1,0,7,2,3,1.857460368010695
3507,53.8,2,5,1.5,0.2,2,0,0,0,1,1,0,3,1,0,6.212349789952574
3508,53.83,40,120,176.9,0.2,40,0,0,0,1,1,0,6,1,1,1.5474511664943726
3509,53.85,30,92,125.7,0.2,30,0,0,0,1,1,0,10,3,1,1.3984351288202823
3510,53.88,40,117,173.9,0.2,40,0,0,0,1,1,0,9,4,4,1.6194622999343948
3511,53.9,27,76,117.9,0.2,27,0,0,0,1,1,0,4,3,5,1.438378467379921
3512,53.93,49,151,233.3,0.2,51,0,0,0,0,0,1,6,1,5,1.7480456798446982
3513,53.94,18,49,81.0,0.2,19,0,0,0,1,1,0,4,3,1,1.5643203803796315
3514,53.94,5,16,22.3,0.2,6,0,0,0,1,1,0,1,1,1,2.4347922859664792
3515,53.95,17,47,72.0,0.2,17,0,0,0,1,1,0,3,2,3,1.7763061359821442
3516,53.96,4,14,13.4,0.2,4,0,0,0,1,1,0,0,1,2,2.2757435583120134
3517,53.98,33,92,154.3,0.2,34,0,0,0,1,1,0,1,3,5,1.607161195625423
3518,54.01,49,130,236.4,0.2,51,0,0,0,0,0,1,5,1,5,1.5524358457702117
3519,54.02,10,28,41.2,0.2,10,0,0,0,1,1,0,1,1,0,1.7790930334874708
3520,54.03,17,46,71.4,0.2,17,0,0,0,1,1,0,4,3,0,1.849385935690377
3521,54.07,49,179,225.0,0.2,51,0,0,0,0,0,1,11,2,10,1.4269005458174684
3522,54.11,50,186,220.5,0.2,50,0,0,0,0,0,1,10,1,8,1.3648585702086469
3523,54.13,30,89,126.7,0.2,30,0,0,0,1,1,0,9,1,4,1.623013233559516
3524,54.14,10,28,40.1,0.2,10,0,0,0,1,1,0,2,1,1,1.7778333160824917
3525,54.17,49,150,217.5,0.2,49,0,0,0,1,1,0,7,1,5,1.3685724151461311
3526,54.17,1,5,3.5,0.2,2,0,0,0,1,1,0,1,1,0,5.022427341370463
3527,54.19,32,73,145.2,0.2,32,0,0,0,1,1,0,2,4,5,1.6507078272440796
3528,54.2,8,20,32.9,0.2,8,0,0,0,1,1,0,0,1,1,2.2043551208840975
3529,54.21,9,33,34.5,0.2,9,0,0,0,1,1,0,2,2,2,1.8309987487899873
3530,54.22,25,70,116.7,0.2,26,0,0,0,1,1,0,1,1,3,1.5933057046629695
3531,54.23,7,24,22.6,0.2,7,0,0,0,1,1,0,5,2,0,1.6004811802928567
3532,54.25,43,128,190.0,0.2,43,0,0,0,1,1,0,7,4,2,1.389532728833525
3533,54.29,43,146,190.0,0.2,43,0,0,0,1,1,0,5,3,4,1.348524053415766
3534,54.29,12,25,49.5,0.2,12,0,0,0,1,1,0,3,1,0,1.9063461420282195
3535,54.3,1,12,1.7,0.2,2,0,0,0,1,1,0,2,1,1,2.458312070181961
3536,54.31,18,45,78.3,0.2,18,0,0,0,1,1,0,2,1,2,1.4343380223294901
3537,54.35,49,181,228.0,0.2,51,0,0,0,0,0,1,8,5,8,1.457293066471682
3538,54.39,49,164,233.0,0.2,51,0,0,0,0,0,1,5,1,5,1.4334998203565235
3539,54.4,16,42,67.6,0.2,16,0,0,0,1,1,0,3,2,2,1.6806565165110816
3540,54.41,17,36,74.2,0.2,17,0,0,0,1,1,0,2,2,2,1.895443448048753
3541,54.42,5,14,15.5,0.2,5,0,0,0,1,1,0,3,1,1,3.167508651620738
3542,54.42,8,19,37.0,0.2,9,0,0,0,1,1,0,1,2,1,2.204126812877611
3543,54.46,49,165,231.0,0.2,51,0,0,0,0,0,1,7,5,4,1.5706148913808153
3544,54.46,9,23,31.6,0.2,9,0,0,0,1,1,0,6,1,1,2.6613903948798
3545,54.5,49,158,235.7,0.2,51,0,0,0,0,0,1,3,2,4,1.5757659353310525
3546,54.52,36,97,161.3,0.2,36,0,0,0,1,1,0,4,5,0,1.6982773172043615
3547,54.53,11,30,44.9,0.2,11,0,0,0,1,1,0,2,1,1,2.0731541107521263
3548,54.53,1,5,-3.5,0.2,1,0,0,0,1,1,0,3,1,0,5.477152281944393
3549,54.54,13,40,54.8,0.2,13,0,0,0,1,1,0,1,1,2,1.3458655314498729
3550,54.58,49,145,234.7,0.2,51,0,0,0,0,0,1,5,4,7,1.4170612193343368
3551,54.61,45,125,201.8,0.2,45,0,0,0,1,1,0,5,4,7,1.4581519157877352
3552,54.63,36,99,158.7,0.2,36,0,0,0,1,1,0,6,3,4,1.407487000035948
3553,54.66,29,88,123.8,0.2,29,0,0,0,1,1,0,7,2,4,1.618588523657933
3554,54.69,49,168,225.7,0.2,51,0,0,0,0,0,1,12,5,4,1.605234970276929
3555,54.71,16,50,65.9,0.2,16,0,0,0,1,1,0,4,1,1,1.1768746647621104
3556,54.72,18,39,79.7,0.2,18,0,0,0,1,1,0,1,1,4,1.8602424394126433
3557,54.75,49,154,233.4,0.2,51,0,0,0,0,0,1,6,3,1,1.4722404676125875
3558,54.77,35,89,157.6,0.2,35,0,0,0,1,1,0,3,1,5,1.3652224860260933
3559,54.82,49,227,219.1,0.2,51,0,0,0,0,0,1,12,2,11,1.530288028447324
3560,54.82,15,28,66.2,0.2,15,0,0,0,1,1,0,1,1,0,2.2083255199205394
3561,54.86,50,181,215.6,0.2,50,0,0,0,1,1,0,10,5,13,1.3042398293340853
3562,54.86,1,8,-3.8,0.2,1,0,0,0,1,1,0,3,1,0,2.6872667981310023
3563,54.87,2,5,1.5,0.2,2,0,0,0,1,1,0,3,1,0,5.003677715309923
3564,54.87,8,23,29.7,0.2,8,0,0,0,1,1,0,3,1,0,2.566860143146571
3565,54.88,14,30,61.0,0.2,14,0,0,0,1,1,0,1,2,0,2.287997613663133
3566,54.89,25,59,112.0,0.2,25,0,0,0,1,1,0,2,2,1,1.8262146837353
3567,54.92,35,103,152.6,0.2,35,0,0,0,1,1,0,7,6,1,1.5412564228967893
3568,54.92,10,33,36.3,0.2,10,0,0,0,1,1,0,5,1,4,1.8531911150887492
3569,54.95,38,93,171.5,0.2,38,0,0,0,1,1,0,4,3,2,1.4469818110047072
3570,54.96,15,47,62.2,0.2,15,0,0,0,1,1,0,3,2,1,1.467412012583382
3571,54.97,13,27,55.3,0.2,13,0,0,0,1,1,0,2,1,0,2.349425104985002
3572,54.99,29,71,131.7,0.2,29,0,0,0,1,1,0,1,4,2,1.3505177569374491
3573,55.0,20,47,88.0,0.2,20,0,0,0,1,1,0,2,2,3,1.8496517210684367
3574,55.01,29,83,123.7,0.2,29,0,0,0,1,1,0,8,2,0,1.4916914031875201
3575,55.03,28,61,124.7,0.2,28,0,0,0,1,1,0,4,4,2,1.818289688742944
3576,55.03,7,12,33.8,0.2,8,0,0,0,1,1,0,0,1,0,3.028157848562651
3577,55.04,14,32,59.6,0.2,14,0,0,0,1,1,0,2,2,2,2.015903294479604
3578,55.05,6,11,22.8,0.2,6,0,0,0,1,1,0,1,1,1,3.3357174175973086
3579,55.05,10,23,41.6,0.2,10,0,0,0,1,1,0,1,1,1,1.853806344988313
3580,55.05,5,13,14.6,0.2,5,0,0,0,1,1,0,4,1,1,2.987453974361806
3581,55.07,24,72,99.3,0.2,24,0,0,0,1,1,0,8,3,5,1.6349355816527131
3582,55.1,49,170,229.1,0.2,51,0,0,0,0,0,1,8,3,8,1.523059205524881
3583,55.14,49,178,226.7,0.2,51,0,0,0,0,0,1,10,3,4,1.5511124092234458
3584,55.16,14,48,62.8,0.2,15,0,0,0,1,1,0,2,3,4,1.9956484457092103
3585,55.19,49,166,230.5,0.2,51,0,0,0,0,0,1,7,2,8,1.534807300648773
3586,55.2,15,34,62.5,0.2,15,0,0,0,1,1,0,4,2,1,2.5173750030695845
3587,55.23,49,162,215.6,0.2,49,0,0,0,1,1,0,8,5,2,1.4849544973386568
3588,55.24,2,6,2.3,0.2,2,0,0,0,1,1,0,2,1,1,4.292845877614535
3589,55.24,8,16,32.4,0.2,8,0,0,0,1,1,0,1,2,0,2.880021468367711
3590,55.25,22,41,98.8,0.2,22,0,0,0,1,1,0,2,2,1,1.7749458979037325
3591,55.28,50,151,229.1,0.2,50,0,0,0,0,0,1,5,3,7,1.4972223031891088
3592,55.31,41,114,184.3,0.2,41,0,0,0,1,1,0,4,2,3,1.6627684749156215
3593,55.33,39,102,170.4,0.2,39,0,0,0,1,1,0,9,2,4,1.4141985266336523
3594,55.36,36,92,164.3,0.2,36,0,0,0,1,1,0,1,2,5,1.6069420663659482
3595,55.38,44,128,194.6,0.2,44,0,0,0,1,1,0,7,3,6,1.451235421522969
3596,55.39,4,10,12.9,0.2,4,0,0,0,1,1,0,1,1,1,3.0223941570757527
3597,55.39,3,5,9.5,0.2,3,0,0,0,1,1,0,0,1,0,4.519625178917202
3598,55.42,46,151,201.4,0.2,46,0,0,0,1,1,0,8,5,5,1.5608289282357413
3599,55.45,49,143,237.2,0.2,51,0,0,0,0,0,1,3,0,4,1.604235222116818
3600,55.47,36,83,170.2,0.2,37,0,0,0,1,1,0,1,4,5,1.7272645045492967
3601,55.47,2,8,4.2,0.2,2,0,0,0,1,1,0,0,1,0,4.185093655900162
3602,55.49,26,73,116.6,0.2,26,0,0,0,1,1,0,1,3,1,1.5505566801119828
3603,55.51,33,76,149.2,0.2,33,0,0,0,1,1,0,3,1,2,1.6121793993176332
3604,55.52,12,27,51.2,0.2,12,0,0,0,1,1,0,1,1,1,1.9789449451467975
3605,55.55,49,150,234.2,0.2,51,0,0,0,0,0,1,5,3,7,1.4954539375076583
3606,55.56,11,31,44.7,0.2,11,0,0,0,1,1,0,2,1,2,1.6640643431975297
3607,55.57,11,28,42.1,0.2,11,0,0,0,1,1,0,5,1,1,2.087336731357225
3608,55.59,48,140,214.8,0.2,48,0,0,0,1,1,0,6,2,2,1.4000683239316134
3609,55.61,22,82,92.5,0.2,22,0,0,0,1,1,0,4,4,3,1.5652478730412829
3610,55.62,2,7,1.3,0.2,2,0,0,0,1,1,0,3,1,0,3.7857940223635347
3611,55.64,49,130,237.6,0.2,51,0,0,0,0,0,1,4,4,3,1.7134788443075568
3612,55.68,49,162,232.4,0.2,51,0,0,0,0,0,1,6,2,3,1.6342198105192391
3613,55.71,39,109,171.9,0.2,39,0,0,0,1,1,0,7,2,2,1.6809323121138615
3614,55.73,37,105,164.0,0.2,37,0,0,0,1,1,0,5,4,5,1.68209803758888
3615,55.77,49,162,217.9,0.2,49,0,0,0,1,1,0,5,5,9,1.4478186547568095
3616,55.77,5,14,17.6,0.2,5,0,0,0,1,1,0,1,1,0,2.625462004520446
3617,55.8,40,98,181.0,0.2,40,0,0,0,1,1,0,4,2,2,1.6555590939209481
3618,55.8,9,20,41.9,0.2,10,0,0,0,1,1,0,1,1,1,2.6722590970469833
3619,55.81,13,28,54.2,0.2,13,0,0,0,1,1,0,3,1,0,2.423619404115578
3620,55.81,13,32,55.8,0.2,13,0,0,0,1,1,0,1,1,0,1.488840334895108
3621,55.84,46,135,198.3,0.2,46,0,0,0,1,1,0,13,3,2,1.4517472789306343
3622,55.85,16,46,68.2,0.2,16,0,0,0,1,1,0,2,2,2,2.0121863641788678
3623,55.86,3,13,6.7,0.2,3,0,0,0,1,1,0,2,1,0,2.935738011428913
3624,55.86,6,12,22.8,0.2,6,0,0,0,1,1,0,1,1,0,3.566971585032789
3625,55.89,49,170,224.4,0.2,51,0,0,0,0,0,1,13,3,5,1.4408968237969129
3626,55.9,8,34,36.4,0.2,9,0,0,0,1,1,0,0,1,2,1.5546922614015557
3627,55.92,26,56,119.2,0.2,26,0,0,0,1,1,0,0,2,2,1.5509779043915033
3628,55.94,38,101,171.8,0.2,38,0,0,0,1,1,0,3,1,1,1.4627076200711688
3629,55.96,35,92,156.2,0.2,35,0,0,0,1,1,0,4,1,6,1.476292545313699
3630,55.97,13,36,52.2,0.2,13,0,0,0,1,1,0,4,1,2,1.7466791568630533
3631,55.97,9,23,34.6,0.2,9,0,0,0,1,1,0,3,1,1,2.0938571495262623
3632,55.99,34,85,153.0,0.2,34,0,0,0,1,1,0,3,3,5,1.3655015324460005
3633,56.01,30,76,139.2,0.2,31,0,0,0,1,1,0,3,2,2,1.5809231883041779
3634,56.04,45,125,202.9,0.2,45,0,0,0,1,1,0,4,5,6,1.4072589481951452
3635,56.04,5,17,16.3,0.2,5,0,0,0,1,1,0,2,1,0,2.0616727512298585
3636,56.07,36,110,156.5,0.2,36,0,0,0,1,1,0,7,2,5,1.4863362573681544
3637,56.07,14,33,58.6,0.2,14,0,0,0,1,1,0,3,1,1,1.8626724043817313
3638,56.08,10,31,40.8,0.2,10,0,0,0,1,1,0,1,1,1,2.0031698280229
3639,56.11,43,144,181.8,0.2,43,0,0,0,1,1,0,13,6,8,1.4654035796835585
3640,56.13,33,88,142.0,0.2,33,0,0,0,1,1,0,9,1,2,1.5151845021493122
3641,56.14,5,15,16.4,0.2,5,0,0,0,1,1,0,2,2,1,2.4483962742681076
3642,56.17,43,120,190.8,0.2,43,0,0,0,1,1,0,7,5,2,1.4510006146428098
3643,56.18,20,60,85.8,0.2,20,0,0,0,1,1,0,3,2,2,1.5882400049145946
3644,56.19,11,32,46.5,0.2,11,0,0,0,1,1,0,0,2,3,1.7461691231043022
3645,56.22,49,170,227.2,0.2,51,0,0,0,0,0,1,10,3,7,1.4452457319082623
3646,56.23,7,25,24.5,0.2,7,0,0,0,1,1,0,3,1,0,1.8293089472735138
3647,56.25,34,88,156.8,0.2,35,0,0,0,1,1,0,4,3,4,1.4453295389544143
3648,56.27,27,76,117.0,0.2,27,0,0,0,1,1,0,5,2,4,1.5012636653006148
3649,56.29,23,74,99.2,0.2,23,0,0,0,1,1,0,3,4,4,1.6011970015953298
3650,56.3,22,58,97.1,0.2,22,0,0,0,1,1,0,2,1,1,1.812591304157353
3651,56.3,11,21,46.9,0.2,11,0,0,0,1,1,0,1,2,0,2.2228294321891746
3652,56.31,12,24,49.6,0.2,12,0,0,0,1,1,0,3,2,0,2.433797440537118
3653,56.33,32,80,144.7,0.2,32,0,0,0,1,1,0,2,1,3,1.752028612526535
3654,56.36,49,161,227.3,0.2,51,0,0,0,0,0,1,11,1,5,1.2396286015924092
3655,56.38,28,84,114.4,0.2,28,0,0,0,1,1,0,12,2,2,1.5641864160646226
3656,56.39,16,44,68.5,0.2,16,0,0,0,1,1,0,2,1,1,1.3313935083244817
3657,56.41,34,84,153.1,0.2,34,0,0,0,1,1,0,3,1,5,1.606108597722442
3658,56.43,31,88,130.8,0.2,31,0,0,0,1,1,0,10,3,4,1.388058894102685
3659,56.43,2,13,2.6,0.2,2,0,0,0,1,1,0,1,1,1,3.3708211613198933
3660,56.44,15,43,63.6,0.2,15,0,0,0,1,1,0,2,2,1,1.916470238275491
3661,56.46,30,84,131.2,0.2,30,0,0,0,1,1,0,5,3,4,1.3865770024789579
3662,56.47,17,51,77.6,0.2,18,0,0,0,1,1,0,2,2,3,1.5381147636776182
3663,56.49,20,82,79.3,0.2,20,0,0,0,1,1,0,7,2,5,1.2125411648188673
3664,56.51,17,51,70.8,0.2,17,0,0,0,1,1,0,4,2,1,1.7174203204479006
3665,56.54,49,175,228.3,0.2,51,0,0,0,0,0,1,9,2,1,1.5866858085461955
3666,56.57,49,148,231.6,0.2,51,0,0,0,0,0,1,8,5,5,1.5708636400078868
3667,56.59,29,72,127.7,0.2,29,0,0,0,1,1,0,5,2,1,1.6961914611465445
3668,56.6,23,59,99.8,0.2,23,0,0,0,1,1,0,4,2,3,1.3582035084989799
3669,56.62,18,59,76.7,0.2,18,0,0,0,1,1,0,2,1,4,1.3929500044597716
3670,56.65,49,180,209.8,0.2,49,0,0,0,1,1,0,12,5,2,1.460721159244475
3671,56.67,18,53,73.6,0.2,18,0,0,0,1,1,0,6,4,1,1.9325372703226495
3672,56.68,15,39,63.0,0.2,15,0,0,0,1,1,0,3,1,1,1.609486292739284
3673,56.7,34,108,141.8,0.2,34,0,0,0,1,1,0,12,2,4,1.4879954545716754
3674,56.71,19,42,85.7,0.2,19,0,0,0,1,1,0,0,1,1,1.8734761991177133
3675,56.73,28,78,127.9,0.2,29,0,0,0,1,1,0,4,2,3,1.3768922600756106
3676,56.77,50,184,217.3,0.2,50,0,0,0,1,1,0,9,6,3,1.3936391189165602
3677,56.77,2,5,3.5,0.2,2,0,0,0,1,1,0,1,1,0,4.929159713948501
3678,56.78,13,36,59.1,0.2,14,0,0,0,1,1,0,2,1,3,1.8623708952913556
3679,56.8,40,112,179.8,0.2,40,0,0,0,1,1,0,4,5,0,1.344330258453884
3680,56.82,31,97,136.1,0.2,31,0,0,0,1,1,0,4,4,2,1.5598672776053968
3681,56.83,3,5,9.5,0.2,3,0,0,0,1,1,0,0,1,0,6.300983429750518
3682,56.83,12,28,49.1,0.2,12,0,0,0,1,1,0,3,3,1,2.055979163501453
3683,56.84,18,50,82.8,0.2,19,0,0,0,1,1,0,2,3,2,1.1349242887044608
3684,56.88,49,160,229.5,0.2,51,0,0,0,0,0,1,9,2,4,1.6017915007087224
3685,56.89,26,63,113.2,0.2,26,0,0,0,1,1,0,5,1,5,1.8460968297792473
3686,56.9,10,33,39.6,0.2,10,0,0,0,1,1,0,2,1,1,1.645135879598442
3687,56.91,21,74,91.1,0.2,21,0,0,0,1,1,0,1,2,5,1.3300240000372603
3688,56.93,17,51,69.7,0.2,17,0,0,0,1,1,0,5,1,2,1.7585637167035102
3689,56.94,18,53,82.5,0.2,19,0,0,0,1,1,0,2,1,2,1.4328256289414674
3690,56.94,1,5,-2.5,0.2,1,0,0,0,1,1,0,2,1,0,7.833451843020474
3691,56.97,37,112,159.5,0.2,37,0,0,0,1,1,0,9,4,3,1.5315412245053008
3692,56.97,6,29,25.9,0.2,7,0,0,0,1,1,0,1,1,2,1.5276444785715524
3693,57.0,40,114,184.5,0.2,41,0,0,0,1,1,0,4,3,1,1.4753512707196204
3694,57.03,49,149,233.8,0.2,51,0,0,0,0,0,1,6,4,2,1.5307445445203902
3695,57.06,50,153,229.4,0.2,50,0,0,0,0,0,1,5,6,2,1.323726179170948
3696,57.1,50,161,225.3,0.2,50,0,0,0,1,1,0,3,2,6,1.4251724133976937
3697,57.1,3,5,8.5,0.2,3,0,0,0,1,1,0,1,1,0,6.170243124057612
3698,57.12,35,98,155.7,0.2,35,0,0,0,1,1,0,4,3,5,1.4067961219445997
3699,57.12,1,5,4.4,0.2,2,0,0,0,1,1,0,0,1,1,4.979371576966497
3700,57.14,25,69,109.1,0.2,25,0,0,0,1,1,0,4,2,0,1.8081167398514526
3701,57.15,30,88,131.0,0.2,30,0,0,0,1,1,0,5,2,2,1.3971786674566944
3702,57.17,28,66,127.3,0.2,28,0,0,0,1,1,0,1,2,1,1.4284199429462168
3703,57.17,9,27,34.1,0.2,9,0,0,0,1,1,0,3,2,2,2.0537072762793818
3704,57.19,43,104,195.0,0.2,43,0,0,0,1,1,0,4,4,6,1.5893610279299133
3705,57.2,19,41,82.9,0.2,19,0,0,0,1,1,0,3,1,0,2.214787760863933
3706,57.21,19,51,82.9,0.2,19,0,0,0,1,1,0,2,3,0,1.78360929553483
3707,57.22,17,48,72.0,0.2,17,0,0,0,1,1,0,3,1,2,1.8325082862777953
3708,57.26,49,166,230.1,0.2,51,0,0,0,0,0,1,8,5,2,1.600293511007465
3709,57.28,21,64,92.4,0.2,22,0,0,0,1,1,0,6,1,2,1.6700809324415484
3710,57.31,49,143,233.1,0.2,51,0,0,0,0,0,1,7,2,5,1.8207978382280758
3711,57.35,44,156,193.0,0.2,44,0,0,0,1,1,0,6,8,4,1.5954984721080667
3712,57.36,29,65,129.4,0.2,29,0,0,0,1,1,0,4,2,1,1.6778851373134065
3713,57.37,5,16,17.4,0.2,5,0,0,0,1,1,0,1,1,0,2.5630004940111464
3714,57.38,12,29,50.0,0.2,12,0,0,0,1,1,0,2,2,1,1.8431474959386813
3715,57.4,41,110,179.5,0.2,41,0,0,0,1,1,0,9,5,5,1.4025292935427682
3716,57.42,21,60,85.8,0.2,21,0,0,0,1,1,0,8,3,2,1.4352112203533098
3717,57.46,47,187,200.5,0.2,47,0,0,0,1,1,0,10,3,8,1.5022109637297087
3718,57.49,43,122,195.4,0.2,43,0,0,0,1,1,0,2,2,4,1.4817535284052699
3719,57.49,2,7,3.3,0.2,2,0,0,0,1,1,0,1,1,0,3.7977402562946545
3720,57.51,45,116,204.8,0.2,45,0,0,0,1,1,0,3,3,6,1.600355488521311
3721,57.52,3,5,9.5,0.2,3,0,0,0,1,1,0,0,1,0,4.527012385635316
3722,57.53,9,28,34.0,0.2,9,0,0,0,1,1,0,3,3,2,1.7785186240486905
3723,57.54,24,76,102.3,0.2,24,0,0,0,1,1,0,5,1,1,1.4609574988360525
3724,57.55,9,20,36.9,0.2,9,0,0,0,1,1,0,1,1,1,2.4172807888604986
3725,57.55,2,9,1.1,0.2,2,0,0,0,1,1,0,3,1,0,3.3168233715785322
3726,57.59,49,156,229.7,0.2,51,0,0,0,0,0,1,9,2,6,1.601264924276383
3727,57.6,8,32,35.8,0.2,9,0,0,0,1,1,0,1,1,0,1.9781185216461499
3728,57.61,19,42,81.8,0.2,19,0,0,0,1,1,0,4,2,0,1.7651670612735204
3729,57.62,37,95,168.1,0.2,37,0,0,0,1,1,0,2,3,4,1.7107409499304307
3730,57.65,38,98,173.9,0.2,38,0,0,0,1,1,0,1,2,3,1.502190532330448
3731,57.66,22,56,95.4,0.2,22,0,0,0,1,1,0,4,3,0,2.0333316774308132
3732,57.69,46,133,208.2,0.2,46,0,0,0,1,1,0,3,3,5,1.478004040825231
3733,57.7,24,72,101.7,0.2,24,0,0,0,1,1,0,6,3,1,1.503409891102748
3734,57.74,49,169,228.1,0.2,51,0,0,0,0,0,1,9,4,9,1.5451723259759937
3735,57.77,41,140,180.7,0.2,41,0,0,0,1,1,0,5,4,3,1.459335423095752
3736,57.78,12,33,51.7,0.2,12,0,0,0,1,1,0,0,1,0,2.144145472015843
3737,57.81,49,137,236.7,0.2,51,0,0,0,0,0,1,4,3,5,1.5863188892292157
3738,57.83,24,72,105.5,0.2,24,0,0,0,1,1,0,2,1,3,1.5044156629618266
3739,57.87,49,168,228.8,0.2,51,0,0,0,0,0,1,9,2,3,1.5609879265485713
3740,57.91,49,203,212.3,0.2,49,0,0,0,1,1,0,7,4,4,1.42080123874808
3741,57.92,25,60,113.0,0.2,25,0,0,0,1,1,0,1,2,0,1.4805252898984036
3742,57.94,25,81,106.4,0.2,25,0,0,0,1,1,0,5,3,5,1.7098444435626252
3743,57.95,13,37,55.0,0.2,13,0,0,0,1,1,0,1,1,3,1.8854384559234367
3744,57.95,6,20,22.0,0.2,6,0,0,0,1,1,0,1,1,0,2.100084564753204
3745,57.97,26,76,111.2,0.2,26,0,0,0,1,1,0,6,1,2,1.578422429079663
3746,57.99,25,72,113.5,0.2,26,0,0,0,1,1,0,4,3,3,1.6635423357334473
3747,58.02,50,176,218.8,0.2,50,0,0,0,1,1,0,8,6,6,1.5406720365768392
3748,58.02,5,11,17.8,0.2,5,0,0,0,1,1,0,1,1,1,2.7775578037981377
3749,58.03,12,34,53.5,0.2,13,0,0,0,1,1,0,3,1,1,1.8115791697782244
3750,58.04,13,38,52.1,0.2,13,0,0,0,1,1,0,4,3,1,1.8004222946834425
3751,58.05,10,23,39.7,0.2,10,0,0,0,1,1,0,3,1,0,2.050564887304236
3752,58.07,26,64,117.4,0.2,26,0,0,0,1,1,0,1,2,2,1.1848360816490935
3753,58.08,20,55,91.4,0.2,21,0,0,0,1,1,0,3,1,1,1.2247435038897507
3754,58.09,17,42,73.5,0.2,17,0,0,0,1,1,0,2,3,3,1.5032225126962087
3755,58.09,6,15,23.4,0.2,6,0,0,0,1,1,0,0,2,1,2.3543436553367276
3756,58.11,33,78,150.0,0.2,33,0,0,0,1,1,0,2,3,2,1.6516018002020252
3757,58.13,21,58,92.6,0.2,21,0,0,0,1,1,0,1,3,6,1.2854599426708615
3758,58.15,33,85,144.1,0.2,33,0,0,0,1,1,0,7,3,4,1.454336139107726
3759,58.18,28,80,121.8,0.2,28,0,0,0,1,1,0,5,3,2,1.431348198571728
3760,58.2,28,68,124.0,0.2,28,0,0,0,1,1,0,4,2,2,1.8855370215177223
3761,58.23,41,120,187.1,0.2,42,0,0,0,1,1,0,5,2,9,1.4840002424982814
3762,58.26,50,158,221.6,0.2,50,0,0,0,1,1,0,7,4,6,1.4761918213539182
3763,58.28,34,104,149.0,0.2,34,0,0,0,1,1,0,5,3,6,1.306081368208745
3764,58.3,28,84,119.4,0.2,28,0,0,0,1,1,0,7,3,2,1.6288016437012276
3765,58.31,2,8,0.2,0.2,2,0,0,0,1,1,0,4,1,0,3.533307630836436
3766,58.34,49,190,226.5,0.2,51,0,0,0,0,0,1,9,3,4,1.4991522093783867
3767,58.37,49,148,228.0,0.2,51,0,0,0,0,0,1,12,3,1,1.4427013293149467
3768,58.38,8,28,35.7,0.2,9,0,0,0,1,1,0,1,2,5,1.6914639646793874
3769,58.39,22,60,95.8,0.2,22,0,0,0,1,1,0,3,3,2,1.3757849285691501
3770,58.42,49,130,224.8,0.2,49,0,0,0,1,1,0,2,4,2,1.2421835413506608
3771,58.46,47,155,204.0,0.2,47,0,0,0,1,1,0,10,5,5,1.4211306755252968
3772,58.47,14,40,58.9,0.2,14,0,0,0,1,1,0,2,1,1,1.733380848525396
3773,58.5,49,151,235.4,0.2,51,0,0,0,0,0,1,4,3,4,1.6983562566753638
3774,58.54,49,168,214.9,0.2,49,0,0,0,1,1,0,8,6,3,1.322090090015261
3775,58.55,13,43,51.5,0.2,13,0,0,0,1,1,0,4,2,2,1.6660600189515014
3776,58.58,39,117,168.2,0.2,39,0,0,0,1,1,0,10,1,1,1.2330645700627616
3777,58.61,49,139,218.7,0.2,49,0,0,0,1,1,0,7,4,4,1.4182082179733766
3778,58.61,3,11,8.9,0.2,3,0,0,0,1,1,0,0,1,0,2.8489970073137516
3779,58.64,49,142,233.6,0.2,51,0,0,0,0,0,1,7,1,1,1.6470329433149937
3780,58.65,17,42,73.8,0.2,17,0,0,0,1,1,0,2,2,0,1.7279201851853603
3781,58.67,42,113,188.3,0.2,42,0,0,0,1,1,0,5,4,4,1.3771757953039254
3782,58.71,49,178,228.6,0.2,51,0,0,0,0,0,1,8,4,5,1.5340302185042738
3783,58.73,35,104,155.2,0.2,35,0,0,0,1,1,0,4,3,4,1.4083926969616025
3784,58.74,5,18,22.1,0.2,6,0,0,0,1,1,0,1,2,1,2.2331995639626947
3785,58.75,13,64,47.3,0.2,13,0,0,0,1,1,0,6,1,3,1.4057648031389633
3786,58.79,49,151,230.1,0.2,51,0,0,0,0,0,1,9,4,7,1.5417013655554737
3787,58.79,7,22,26.8,0.2,7,0,0,0,1,1,0,1,1,0,2.0479717085216325
3788,58.83,50,161,224.7,0.2,50,0,0,0,0,0,1,8,4,11,1.5120793364829348
3789,58.83,5,8,18.2,0.2,5,0,0,0,1,1,0,1,1,0,4.074399337636448
3790,58.87,49,151,230.2,0.2,51,0,0,0,0,0,1,9,3,6,1.5665592434896118
3791,58.87,13,30,57.0,0.2,13,0,0,0,1,1,0,0,2,0,1.7496261186341213
3792,58.88,6,19,23.1,0.2,6,0,0,0,1,1,0,0,1,0,2.7259921710646706
3793,58.91,49,144,234.1,0.2,51,0,0,0,0,0,1,6,4,4,1.4596676151673866
3794,58.92,21,51,92.8,0.2,21,0,0,0,1,1,0,2,3,1,1.6830145992639949
3795,58.95,42,130,183.7,0.2,42,0,0,0,1,1,0,8,4,3,1.5336234384931922
3796,58.97,45,117,204.8,0.2,45,0,0,0,1,1,0,3,2,5,1.3490901466170961
3797,58.99,32,104,144.0,0.2,33,0,0,0,1,1,0,5,2,6,1.5775866041520645
3798,59.02,39,121,169.5,0.2,39,0,0,0,1,1,0,8,2,4,1.570913594095512
3799,59.02,3,7,8.2,0.2,3,0,0,0,1,1,0,1,1,1,4.096969042280497
3800,59.03,9,19,42.1,0.2,10,0,0,0,1,1,0,1,1,0,2.0981925275808253
3801,59.03,4,14,9.6,0.2,4,0,0,0,1,1,0,4,1,0,3.0209078501913376
3802,59.06,44,139,194.6,0.2,44,0,0,0,1,1,0,6,1,5,1.4479142366251299
3803,59.09,50,146,220.9,0.2,50,0,0,0,1,1,0,9,4,5,1.3480602947863844
3804,59.11,29,85,127.4,0.2,29,0,0,0,1,1,0,4,5,1,1.5123376673757782
3805,59.14,41,132,178.6,0.2,41,0,0,0,1,1,0,8,4,2,1.30193387260689
3806,59.16,37,96,169.1,0.2,37,0,0,0,1,1,0,1,4,3,1.6085684917258296
3807,59.17,18,48,76.0,0.2,18,0,0,0,1,1,0,4,1,2,1.453806446395798
3808,59.18,20,60,86.7,0.2,20,0,0,0,1,1,0,2,3,3,1.7001976379011932
3809,59.22,49,153,227.8,0.2,51,0,0,0,0,0,1,11,4,8,1.4164304650804085
3810,59.22,11,31,45.8,0.2,11,0,0,0,1,1,0,1,1,1,1.8742854498082704
3811,59.23,6,15,23.3,0.2,6,0,0,0,1,1,0,0,1,2,2.3897259513700617
3812,59.25,46,121,205.8,0.2,46,0,0,0,1,1,0,7,3,1,1.6085152221555303
3813,59.26,6,15,23.5,0.2,6,0,0,0,1,1,0,0,1,0,2.449870471806658
3814,59.26,5,9,19.1,0.2,5,0,0,0,1,1,0,0,1,0,3.615649942235523
3815,59.29,49,138,237.6,0.2,51,0,0,0,0,0,1,3,6,5,1.8794486907689854
3816,59.29,1,5,3.5,0.2,2,0,0,0,1,1,0,1,1,0,5.1647209758703365
3817,59.3,14,37,57.2,0.2,14,0,0,0,1,1,0,4,1,1,1.6630844491830943
3818,59.31,31,85,137.4,0.2,31,0,0,0,1,1,0,4,4,1,1.3210982442328798
3819,59.32,0,6,-9.6,0.2,0,0,0,0,1,1,0,4,1,0,4.936659485088021
3820,59.32,11,30,44.0,0.2,11,0,0,0,1,1,0,3,1,0,1.8311743997923364
3821,59.34,18,43,77.6,0.2,18,0,0,0,1,1,0,3,1,1,1.5803131807141737
3822,59.36,42,96,198.5,0.2,43,0,0,0,1,1,0,1,5,9,1.6261395767427054
3823,59.36,9,27,34.3,0.2,9,0,0,0,1,1,0,3,1,0,1.611421995978839
3824,59.39,33,95,143.5,0.2,33,0,0,0,1,1,0,7,2,0,1.2741699973505178
3825,59.4,21,61,90.5,0.2,21,0,0,0,1,1,0,3,1,4,1.4253085025977428
3826,59.41,27,71,118.8,0.2,27,0,0,0,1,1,0,4,2,1,1.6600355742891073
3827,59.42,16,41,69.7,0.2,16,0,0,0,1,1,0,1,2,2,1.7259234466608278
3828,59.46,49,166,222.9,0.2,51,0,0,0,0,0,1,15,4,4,1.62429942470971
3829,59.47,28,69,124.0,0.2,28,0,0,0,1,1,0,4,3,1,1.5606624762887966
3830,59.48,8,33,30.7,0.2,8,0,0,0,1,1,0,1,1,0,1.697933254733785
3831,59.48,4,16,17.4,0.2,5,0,0,0,1,1,0,1,2,0,2.6282493763566217
3832,59.49,1,5,-3.5,0.2,1,0,0,0,1,1,0,3,1,0,5.375549975434966
3833,59.51,33,108,144.7,0.2,33,0,0,0,1,1,0,4,1,5,1.539912653623839
3834,59.51,6,21,21.8,0.2,6,0,0,0,1,1,0,1,1,1,2.404796272021387
3835,59.54,48,153,212.7,0.2,48,0,0,0,1,1,0,6,4,10,1.5654984076633618
3836,59.56,33,85,143.9,0.2,33,0,0,0,1,1,0,7,3,6,1.498545181741074
3837,59.59,49,169,230.8,0.2,51,0,0,0,0,0,1,7,3,2,1.614541001574414
3838,59.63,49,155,231.8,0.2,51,0,0,0,0,0,1,7,7,6,1.708026004269533
3839,59.63,2,5,4.5,0.2,2,0,0,0,1,1,0,0,1,0,5.030769152161523
3840,59.66,49,146,236.7,0.2,51,0,0,0,0,0,1,3,0,6,1.5029777363064423
3841,59.7,49,148,235.7,0.2,51,0,0,0,0,0,1,4,8,4,1.6192124171324724
3842,59.72,33,105,140.3,0.2,33,0,0,0,1,1,0,9,4,2,1.6149208500463998
3843,59.76,49,178,211.6,0.2,49,0,0,0,1,1,0,10,6,6,1.5567331475645299
3844,59.76,2,9,4.1,0.2,2,0,0,0,1,1,0,0,1,0,3.1546017620262936
3845,59.76,7,19,25.0,0.2,7,0,0,0,1,1,0,3,2,1,2.1499913313163486
3846,59.77,1,9,2.0,0.2,2,0,0,0,1,1,0,2,1,1,3.1082511051021036
3847,59.78,26,68,115.0,0.2,26,0,0,0,1,1,0,3,3,2,1.457619719803008
3848,59.79,17,42,72.5,0.2,17,0,0,0,1,1,0,3,3,3,1.9998730132225897
3849,59.83,49,159,231.5,0.2,51,0,0,0,0,0,1,7,2,5,1.5266763664021483
3850,59.85,39,108,171.8,0.2,39,0,0,0,1,1,0,7,2,4,1.3037847621832481
3851,59.85,2,8,3.2,0.2,2,0,0,0,1,1,0,1,1,0,3.227667160470725
3852,59.85,5,15,17.4,0.2,5,0,0,0,1,1,0,1,1,1,2.3216314705549355
3853,59.86,15,37,69.0,0.2,16,0,0,0,1,1,0,2,1,3,1.474348394435086
3854,59.89,49,153,233.2,0.2,51,0,0,0,0,0,1,6,2,4,1.5407370073690134
3855,59.9,11,36,46.0,0.2,11,0,0,0,1,1,0,0,2,4,1.6723843882768166
3856,59.94,49,147,232.2,0.2,51,0,0,0,0,0,1,7,5,10,1.4310771409067997
3857,59.94,6,22,22.5,0.2,6,0,0,0,1,1,0,0,1,3,2.099482703253787
3858,59.95,19,47,89.1,0.2,20,0,0,0,1,1,0,1,2,2,1.5022130072687545
3859,59.97,27,65,121.4,0.2,27,0,0,0,1,1,0,2,2,1,1.3903179158236536
3860,59.97,11,31,46.7,0.2,11,0,0,0,1,1,0,0,1,2,1.8953236761593724
3861,60.01,44,153,191.3,0.2,44,0,0,0,1,1,0,8,5,4,1.4396402051697348
3862,60.04,49,174,227.9,0.2,51,0,0,0,0,0,1,9,2,6,1.3605577551137014
3863,60.05,7,26,23.4,0.2,7,0,0,0,1,1,0,4,2,0,1.8974097651064126
3864,60.05,3,7,9.3,0.2,3,0,0,0,1,1,0,0,1,0,4.524138836426273
3865,60.07,43,115,195.9,0.2,43,0,0,0,1,1,0,2,3,6,1.53058482020913
3866,60.09,32,86,140.2,0.2,32,0,0,0,1,1,0,6,3,2,1.3916690941645766
3867,60.11,22,61,95.8,0.2,22,0,0,0,1,1,0,3,1,1,1.5645079303333524
3868,60.11,2,8,3.1,0.2,2,0,0,0,1,1,0,1,1,1,3.8207605006689302
3869,60.12,25,64,116.3,0.2,26,0,0,0,1,1,0,2,2,3,1.5050160345302381
3870,60.14,22,61,97.9,0.2,22,0,0,0,1,1,0,1,3,0,1.3140597502548483
3871,60.14,3,5,14.4,0.2,4,0,0,0,1,1,0,0,1,1,5.589077638963635
3872,60.16,33,90,141.7,0.2,33,0,0,0,1,1,0,9,4,3,1.3990229470916322
3873,60.19,46,130,204.6,0.2,46,0,0,0,1,1,0,7,2,4,1.8273873490693617
3874,60.19,4,17,8.3,0.2,4,0,0,0,1,1,0,5,1,0,2.003217887478305
3875,60.19,2,5,2.4,0.2,2,0,0,0,1,1,0,2,1,1,5.26750548811083
3876,60.2,15,41,60.9,0.2,15,0,0,0,1,1,0,5,2,0,1.6201080081937547
3877,60.24,49,173,230.0,0.2,51,0,0,0,0,0,1,7,7,6,1.5273248793555656
3878,60.26,37,100,162.6,0.2,37,0,0,0,1,1,0,7,2,4,1.427394441267475
3879,60.27,11,29,46.1,0.2,11,0,0,0,1,1,0,1,1,0,1.806086925991923
3880,60.27,5,19,22.0,0.2,6,0,0,0,1,1,0,1,1,1,2.354170654548446
3881,60.3,46,142,206.9,0.2,46,0,0,0,1,1,0,3,4,9,1.510464546496547
3882,60.32,16,49,64.8,0.2,16,0,0,0,1,1,0,5,2,3,1.7767298148368342
3883,60.32,2,6,3.4,0.2,2,0,0,0,1,1,0,1,1,0,3.8257649275630095
3884,60.35,44,117,197.2,0.2,44,0,0,0,1,1,0,6,4,1,1.2574872782784794
3885,60.35,7,14,28.6,0.2,7,0,0,0,1,1,0,0,1,0,2.7772873606242183
3886,60.37,24,67,103.0,0.2,24,0,0,0,1,1,0,5,2,3,1.3742203912956337
3887,60.38,15,44,62.5,0.2,15,0,0,0,1,1,0,3,3,1,1.854275332470653
3888,60.39,32,75,141.4,0.2,32,0,0,0,1,1,0,6,3,1,1.600054770458412
3889,60.42,34,98,148.5,0.2,34,0,0,0,1,1,0,6,2,7,1.640931432829943
3890,60.43,16,49,68.9,0.2,16,0,0,0,1,1,0,1,2,2,1.7770143483360237
3891,60.43,0,5,-1.5,0.2,1,0,0,0,1,1,0,1,1,0,6.661874133851552
3892,60.47,49,169,233.3,0.2,51,0,0,0,0,0,1,4,2,7,1.4663501332968845
3893,60.48,14,41,63.8,0.2,15,0,0,0,1,1,0,2,1,1,1.8321201476495717
3894,60.49,21,61,89.7,0.2,21,0,0,0,1,1,0,4,1,2,1.2272448546848866
3895,60.52,50,164,212.1,0.2,50,0,0,0,1,1,0,16,2,5,1.3678711872104334
3896,60.55,41,103,182.6,0.2,41,0,0,0,1,1,0,7,5,1,1.390212851896744
3897,60.55,9,21,36.8,0.2,9,0,0,0,1,1,0,1,1,1,2.8588939831563325
3898,60.57,27,78,114.8,0.2,27,0,0,0,1,1,0,7,3,4,1.6484769149790834
3899,60.61,49,153,230.1,0.2,51,0,0,0,0,0,1,9,1,5,1.4504858329681203
3900,60.61,2,5,3.5,0.2,2,0,0,0,1,1,0,1,1,0,5.692393914146754
3901,60.63,47,120,210.2,0.2,47,0,0,0,1,1,0,7,2,8,1.6614186409702256
3902,60.64,1,5,3.5,0.2,2,0,0,0,1,1,0,1,1,0,4.652012212081125
3903,60.66,38,105,171.3,0.2,38,0,0,0,1,1,0,3,2,2,1.548167266642295
3904,60.67,20,55,83.9,0.2,20,0,0,0,1,1,0,5,2,6,1.6856429851839603
3905,60.69,32,79,144.9,0.2,32,0,0,0,1,1,0,2,1,2,1.5393346689239287
3906,60.71,19,59,79.1,0.2,19,0,0,0,1,1,0,5,2,0,1.7000584324149661
3907,60.72,19,46,83.3,0.2,19,0,0,0,1,1,0,2,1,1,1.5166632684168142
3908,60.74,41,98,182.2,0.2,41,0,0,0,1,1,0,8,2,0,1.2732494335424112
3909,60.76,30,79,133.7,0.2,30,0,0,0,1,1,0,3,1,4,1.5242995441342335
3910,60.76,1,5,4.4,0.2,2,0,0,0,1,1,0,0,1,1,5.077704010602373
3911,60.76,7,24,24.5,0.2,7,0,0,0,1,1,0,3,1,1,1.562178682936903
3912,60.77,0,5,-8.5,0.2,0,0,0,0,1,1,0,3,1,0,5.537684685219565
3913,60.79,45,124,203.2,0.2,46,0,0,0,1,1,0,9,2,4,1.4528108897841068
3914,60.81,19,48,84.0,0.2,19,0,0,0,1,1,0,1,1,2,1.726808123416978
3915,60.81,6,14,21.5,0.2,6,0,0,0,1,1,0,2,1,1,2.8841057263260246
3916,60.84,39,121,169.4,0.2,39,0,0,0,1,1,0,8,3,5,1.4263436588512712
3917,60.87,49,154,234.1,0.2,51,0,0,0,0,0,1,5,6,4,1.680802036750543
3918,60.91,45,138,202.1,0.2,45,0,0,0,1,1,0,4,4,1,1.6589326668166406
3919,60.91,4,15,10.5,0.2,4,0,0,0,1,1,0,3,1,0,2.4274291187874466
3920,60.92,24,60,105.9,0.2,24,0,0,0,1,1,0,3,2,1,1.6484077346009736
3921,60.93,9,30,35.9,0.2,9,0,0,0,1,1,0,1,2,1,1.831111084483068
3922,60.94,8,29,31.9,0.2,8,0,0,0,1,1,0,0,1,2,1.7272782665932076
3923,60.94,1,11,-4.1,0.2,1,0,0,0,1,1,0,3,1,0,3.313198141729906
3924,60.97,49,157,226.9,0.2,51,0,0,0,0,0,1,12,5,3,1.4216258649454605
3925,61.0,48,134,214.1,0.2,48,0,0,0,1,1,0,7,2,5,1.4124750914991346
3926,61.01,7,26,23.4,0.2,7,0,0,0,1,1,0,4,1,0,2.2728503444842847
3927,61.02,5,16,16.3,0.2,5,0,0,0,1,1,0,2,1,1,3.255477590720146
3928,61.03,12,38,49.0,0.2,12,0,0,0,1,1,0,2,2,2,1.7720280111431321
3929,61.03,11,28,45.1,0.2,11,0,0,0,1,1,0,2,1,1,1.8326971536998315
3930,61.05,17,43,74.6,0.2,17,0,0,0,1,1,0,1,2,1,1.6891363981495358
3931,61.06,25,71,112.8,0.2,26,0,0,0,1,1,0,5,1,1,1.7825019970697238
3932,61.08,33,83,147.6,0.2,33,0,0,0,1,1,0,4,3,1,1.603918254559688
3933,61.08,7,23,22.7,0.2,7,0,0,0,1,1,0,5,1,0,1.7256085870374136
3934,61.09,14,37,61.3,0.2,14,0,0,0,1,1,0,0,1,0,1.8288760897939769
3935,61.1,13,33,53.6,0.2,13,0,0,0,1,1,0,3,1,1,1.8655062258966615
3936,61.12,23,73,98.4,0.2,23,0,0,0,1,1,0,4,2,3,1.631194760875224
3937,61.13,24,74,100.6,0.2,24,0,0,0,1,1,0,7,1,0,1.601492579517678
3938,61.15,31,74,140.6,0.2,31,0,0,0,1,1,0,2,2,0,1.6248095582086541
3939,61.15,1,7,3.2,0.2,2,0,0,0,1,1,0,1,1,1,3.5186451550905042
3940,61.17,19,54,80.6,0.2,19,0,0,0,1,1,0,4,1,0,1.8793039751807274
3941,61.19,34,83,155.6,0.2,34,0,0,0,1,1,0,1,2,1,1.5961352029871705
3942,61.2,24,60,104.8,0.2,24,0,0,0,1,1,0,4,1,2,1.626696326363925
3943,61.22,24,67,101.7,0.2,24,0,0,0,1,1,0,6,3,6,1.6369199071719762
3944,61.23,18,42,81.7,0.2,19,0,0,0,1,1,0,4,1,1,1.8261476385958826
3945,61.26,50,148,231.0,0.2,50,0,0,0,0,0,1,3,5,11,1.4923736776520267
3946,61.28,35,109,154.8,0.2,35,0,0,0,1,1,0,4,3,3,1.417686400600054
3947,61.29,17,40,73.9,0.2,17,0,0,0,1,1,0,2,1,1,1.7581332053229808
3948,61.31,22,55,96.4,0.2,22,0,0,0,1,1,0,3,2,1,1.5449818156705244
3949,61.32,30,70,135.7,0.2,30,0,0,0,1,1,0,2,3,3,1.607374307782603
3950,61.36,49,172,228.1,0.2,51,0,0,0,0,0,1,9,2,6,1.3060122988901899
3951,61.36,7,18,24.2,0.2,7,0,0,0,1,1,0,4,1,0,2.504100886641064
3952,61.37,2,14,-0.5,0.2,2,0,0,0,1,1,0,4,1,1,2.564139743013764
3953,61.38,15,57,57.9,0.2,15,0,0,0,1,1,0,6,2,4,1.5236436550539656
3954,61.38,5,15,22.4,0.2,6,0,0,0,1,1,0,1,2,1,2.760270236850964
3955,61.41,33,106,147.8,0.2,34,0,0,0,1,1,0,6,1,6,1.3778452837663058
3956,61.42,24,69,104.0,0.2,24,0,0,0,1,1,0,4,2,1,1.3995066363981872
3957,61.43,5,13,18.5,0.2,5,0,0,0,1,1,0,0,1,2,2.371770311461859
3958,61.46,49,150,234.7,0.2,51,0,0,0,0,0,1,5,2,2,1.6261448495343078
3959,61.5,49,151,229.3,0.2,51,0,0,0,0,0,1,10,1,5,1.3559906042727716
3960,61.53,37,142,153.9,0.2,37,0,0,0,1,1,0,11,4,9,1.3832109028044979
3961,61.53,6,17,28.1,0.2,7,0,0,0,1,1,0,0,1,2,1.9869548326774022
3962,61.53,5,12,23.7,0.2,6,0,0,0,1,1,0,0,1,1,2.493556530254201
3963,61.55,25,66,106.0,0.2,25,0,0,0,1,1,0,7,2,4,1.6561028112064033
3964,61.56,16,54,67.2,0.2,16,0,0,0,1,1,0,2,1,4,1.579956229499327
3965,61.56,2,8,9.1,0.2,3,0,0,0,1,1,0,0,1,1,3.164021730331782
3966,61.57,5,14,14.6,0.2,5,0,0,0,1,1,0,4,1,0,3.0689945970747337
3967,61.57,7,17,28.3,0.2,7,0,0,0,1,1,0,0,1,0,2.817728740149605
3968,61.58,20,48,90.0,0.2,20,0,0,0,1,1,0,0,2,2,1.5679927025334301
3969,61.59,8,21,30.7,0.2,8,0,0,0,1,1,0,2,1,2,2.0668752240994985
3970,61.62,49,155,233.8,0.2,51,0,0,0,0,0,1,5,1,6,1.5770917041580286
3971,61.65,49,149,233.6,0.2,51,0,0,0,0,0,1,6,6,4,1.5082814666354878
3972,61.66,4,13,12.6,0.2,4,0,0,0,1,1,0,1,1,1,2.95927515931436
3973,61.68,38,105,168.3,0.2,38,0,0,0,1,1,0,6,3,2,1.3775137859491375
3974,61.69,6,22,19.6,0.2,6,0,0,0,1,1,0,3,1,2,1.621021782093048
3975,61.71,37,89,164.9,0.2,37,0,0,0,1,1,0,6,2,2,1.5084913330626128
3976,61.72,12,36,48.4,0.2,12,0,0,0,1,1,0,3,1,0,1.4365975533864654
3977,61.73,22,56,95.0,0.2,22,0,0,0,1,1,0,4,2,4,1.4434688405681464
3978,61.75,23,62,98.7,0.2,23,0,0,0,1,1,0,5,3,1,1.7238424901195575
3979,61.75,5,16,17.3,0.2,5,0,0,0,1,1,0,1,1,1,2.55441947243969
3980,61.77,28,70,131.9,0.2,29,0,0,0,1,1,0,1,3,1,1.34018987984031
3981,61.77,4,6,13.4,0.2,4,0,0,0,1,1,0,1,1,0,6.3240367842294605
3982,61.78,8,19,31.1,0.2,8,0,0,0,1,1,0,2,1,0,2.2493888849692816
3983,61.81,46,150,201.7,0.2,46,0,0,0,1,1,0,8,4,3,1.5349081415049575
3984,61.84,45,126,200.8,0.2,45,0,0,0,1,1,0,6,3,6,1.6301178591794132
3985,61.85,17,45,71.5,0.2,17,0,0,0,1,1,0,4,2,0,1.788131173356012
3986,61.85,9,18,38.2,0.2,9,0,0,0,1,1,0,0,2,0,2.611024921549258
3987,61.87,5,63,5.4,0.2,5,0,0,0,1,1,0,8,1,3,1.5090798132034011
3988,61.88,22,61,97.5,0.2,22,0,0,0,1,1,0,1,1,4,1.466021238701967
3989,61.92,45,161,195.2,0.2,45,0,0,0,1,1,0,8,2,7,1.3068878391787173
3990,61.94,37,106,157.3,0.2,37,0,0,0,1,1,0,12,3,1,1.4191840447652384
3991,61.97,42,133,182.1,0.2,42,0,0,0,1,1,0,9,4,6,1.5460834156790526
3992,61.99,28,89,121.7,0.2,28,0,0,0,1,1,0,4,2,4,1.7162020420056134
3993,62.01,15,53,59.7,0.2,15,0,0,0,1,1,0,5,2,0,1.4990816108619978
3994,62.01,5,15,18.5,0.2,5,0,0,0,1,1,0,0,1,0,2.1274331556205555
3995,62.02,11,31,50.8,0.2,12,0,0,0,1,1,0,1,1,1,1.5950960465767086
3996,62.05,49,147,236.5,0.2,51,0,0,0,0,0,1,3,3,7,1.4403091378294144
3997,62.09,49,171,226.4,0.2,51,0,0,0,0,0,1,11,1,4,1.2722067353231261
3998,62.09,0,7,-8.7,0.2,0,0,0,0,1,1,0,3,1,0,4.12243123202107
3999,62.09,6,19,22.9,0.2,6,0,0,0,1,1,0,0,1,2,2.1504372950823156
4000,62.12,45,121,204.2,0.2,45,0,0,0,1,1,0,3,4,7,1.7740408972523036
4001,62.14,26,66,116.0,0.2,26,0,0,0,1,1,0,2,2,4,1.8267545592821595
4002,62.15,16,40,67.0,0.2,16,0,0,0,1,1,0,4,1,0,1.6630186830159708
4003,62.17,41,114,182.4,0.2,41,0,0,0,1,1,0,6,1,2,1.541076940005452
4004,62.18,16,46,65.2,0.2,16,0,0,0,1,1,0,5,1,2,1.5146709905280966
4005,62.19,14,34,66.4,0.2,15,0,0,0,1,1,0,0,3,2,1.9697900038101381
4006,62.22,49,141,234.9,0.2,51,0,0,0,0,0,1,5,2,9,1.2530007206898728
4007,62.24,25,67,107.0,0.2,25,0,0,0,1,1,0,6,2,3,1.5593685991687944
4008,62.26,41,109,181.1,0.2,41,0,0,0,1,1,0,8,2,0,1.7300779766993446
4009,62.28,36,111,164.4,0.2,37,0,0,0,1,1,0,4,1,5,1.5643127855966383
4010,62.29,6,13,19.7,0.2,6,0,0,0,1,1,0,4,2,0,3.271923695457043
4011,62.29,2,9,4.0,0.2,2,0,0,0,1,1,0,0,1,1,2.8330593881314203
4012,62.31,28,76,122.1,0.2,28,0,0,0,1,1,0,5,2,3,1.8012944600116982
4013,62.32,18,51,81.7,0.2,19,0,0,0,1,1,0,3,1,2,1.6067781379265464
4014,62.32,7,20,26.0,0.2,7,0,0,0,1,1,0,2,2,0,2.4487267082858217
4015,62.34,22,62,95.6,0.2,22,0,0,0,1,1,0,3,3,2,1.6341491947262823
4016,62.35,22,47,97.1,0.2,22,0,0,0,1,1,0,3,2,2,1.7961148873772095
4017,62.36,8,18,36.2,0.2,9,0,0,0,1,1,0,2,2,0,2.288882226339037
4018,62.38,29,80,129.7,0.2,29,0,0,0,1,1,0,2,2,3,1.701609991327023
4019,62.4,27,104,113.2,0.2,27,0,0,0,1,1,0,6,5,4,1.3361642263477178
4020,62.42,30,88,125.9,0.2,30,0,0,0,1,1,0,10,2,3,1.5336300924802808
4021,62.42,1,5,-1.6,0.2,1,0,0,0,1,1,0,1,1,1,4.594242963952281
4022,62.43,1,5,3.5,0.2,2,0,0,0,1,1,0,1,1,0,4.948486431212146
4023,62.43,6,12,22.8,0.2,6,0,0,0,1,1,0,1,1,0,2.7903530783014774
4024,62.45,37,89,163.9,0.2,37,0,0,0,1,1,0,7,2,2,1.55985769885483
4025,62.48,49,137,233.6,0.2,51,0,0,0,0,0,1,7,1,6,1.7000921785817462
4026,62.51,44,162,184.1,0.2,44,0,0,0,1,1,0,14,6,7,1.3585083975167038
4027,62.55,49,170,229.3,0.2,51,0,0,0,0,0,1,8,2,6,1.6887316525302654
4028,62.59,49,153,233.8,0.2,51,0,0,0,0,0,1,5,1,8,1.5590952017030186
4029,62.62,48,153,212.9,0.2,48,0,0,0,1,1,0,6,5,8,1.4571667508106947
4030,62.63,5,21,12.9,0.2,5,0,0,0,1,1,0,5,1,0,2.5594406673253998
4031,62.64,22,53,98.4,0.2,22,0,0,0,1,1,0,1,4,3,1.859968307465717
4032,62.65,11,32,44.7,0.2,11,0,0,0,1,1,0,2,1,1,1.7889745112345614
4033,62.67,33,89,147.7,0.2,33,0,0,0,1,1,0,3,2,4,1.4756324380803587
4034,62.67,1,5,3.5,0.2,2,0,0,0,1,1,0,1,1,0,4.864944769806925
4035,62.68,22,63,97.4,0.2,22,0,0,0,1,1,0,1,1,3,1.4782963223474537
4036,62.7,19,66,83.9,0.2,20,0,0,0,1,1,0,4,1,5,1.4993013815993763
4037,62.71,2,6,3.4,0.2,2,0,0,0,1,1,0,1,1,0,4.327317812785125
4038,62.74,49,163,232.7,0.2,51,0,0,0,0,0,1,5,2,9,1.5498557310783374
4039,62.76,20,53,84.6,0.2,20,0,0,0,1,1,0,5,1,1,1.6987799641128205
4040,62.79,49,137,238.9,0.2,51,0,0,0,0,0,1,2,2,3,1.3716732002513001
4041,62.8,12,38,50.2,0.2,12,0,0,0,1,1,0,1,3,0,1.634909251304136
4042,62.81,26,69,113.7,0.2,26,0,0,0,1,1,0,4,1,4,1.67128973672235
4043,62.82,6,17,22.3,0.2,6,0,0,0,1,1,0,1,2,0,2.1604929507796466
4044,62.83,18,47,77.1,0.2,18,0,0,0,1,1,0,3,1,2,1.7177360406901871
4045,62.84,13,35,57.4,0.2,14,0,0,0,1,1,0,4,1,1,1.5441691250549598
4046,62.87,48,138,210.7,0.2,48,0,0,0,1,1,0,10,2,5,1.278877621720684
4047,62.87,2,5,1.5,0.2,2,0,0,0,1,1,0,3,1,0,5.823799892252998
4048,62.89,41,119,180.5,0.2,41,0,0,0,1,1,0,7,2,6,1.4908872986486599
4049,62.9,2,6,1.3,0.2,2,0,0,0,1,1,0,3,1,1,5.310555751645662
4050,62.9,2,5,4.5,0.2,2,0,0,0,1,1,0,0,1,0,5.220116858450705
4051,62.91,22,56,95.2,0.2,22,0,0,0,1,1,0,4,1,2,1.5948184123646096
4052,62.91,3,8,7.0,0.2,3,0,0,0,1,1,0,2,1,2,2.966046855483178
4053,62.94,41,118,183.0,0.2,41,0,0,0,1,1,0,5,4,2,1.394069878788892
4054,62.94,4,11,9.9,0.2,4,0,0,0,1,1,0,4,1,0,3.5182329716983287
4055,62.96,39,95,181.4,0.2,40,0,0,0,1,1,0,4,2,1,1.4060836242794004
4056,62.98,38,86,177.2,0.2,39,0,0,0,1,1,0,4,1,2,1.8168749033144234
4057,63.02,49,178,227.5,0.2,51,0,0,0,0,0,1,9,2,6,1.5773448670802317
4058,63.03,13,34,53.4,0.2,13,0,0,0,1,1,0,3,1,2,1.7353289354919401
4059,63.05,40,118,180.7,0.2,40,0,0,0,1,1,0,2,3,5,1.3262337915573021
4060,63.08,49,143,236.0,0.2,51,0,0,0,0,0,1,4,1,6,1.5206681223754681
4061,63.1,28,76,124.1,0.2,28,0,0,0,1,1,0,3,2,3,1.2293800247032083
4062,63.12,24,71,103.8,0.2,24,0,0,0,1,1,0,4,3,1,1.3248730527498418
4063,63.13,23,66,100.2,0.2,23,0,0,0,1,1,0,3,3,2,1.6240362924940737
4064,63.18,49,179,229.2,0.2,51,0,0,0,0,0,1,7,3,8,1.4181782371871539
4065,63.21,49,145,232.2,0.2,51,0,0,0,0,0,1,8,1,2,1.63645855502948
4066,63.22,17,50,70.8,0.2,17,0,0,0,1,1,0,4,2,2,1.6577034765344565
4067,63.25,49,156,231.4,0.2,51,0,0,0,0,0,1,7,5,9,1.4573195964491044
4068,63.27,24,69,101.9,0.2,24,0,0,0,1,1,0,6,2,2,1.5217646263167053
4069,63.29,33,114,141.2,0.2,33,0,0,0,1,1,0,7,3,4,1.4636091754120726
4070,63.32,49,145,223.1,0.2,50,0,0,0,1,1,0,7,4,4,1.5914664952410738
4071,63.34,19,54,77.3,0.2,19,0,0,0,1,1,0,7,4,3,1.7386992778432344
4072,63.37,48,160,210.1,0.2,48,0,0,0,1,1,0,8,3,9,1.3494758674508163
4073,63.39,27,69,120.9,0.2,27,0,0,0,1,1,0,2,4,2,1.459004119483346
4074,63.42,49,159,234.2,0.2,51,0,0,0,0,0,1,4,2,8,1.3821836970845145
4075,63.43,1,10,3.0,0.2,2,0,0,0,1,1,0,1,1,0,3.1259356485284338
4076,63.44,16,53,65.4,0.2,16,0,0,0,1,1,0,4,1,3,1.5115699658251496
4077,63.47,49,150,237.1,0.2,51,0,0,0,0,0,1,2,3,8,1.6743288081063252
4078,63.49,27,64,120.2,0.2,27,0,0,0,1,1,0,3,2,4,1.5396428934417439
4079,63.49,2,5,9.4,0.2,3,0,0,0,1,1,0,0,1,1,4.479807906695647
4080,63.51,40,109,179.9,0.2,40,0,0,0,1,1,0,4,3,2,1.3650244694730753
4081,63.53,22,54,95.4,0.2,22,0,0,0,1,1,0,4,2,2,1.5580015388145403
4082,63.55,29,84,125.1,0.2,29,0,0,0,1,1,0,6,1,5,1.2767577076297418
4083,63.58,44,116,194.8,0.2,44,0,0,0,1,1,0,8,2,6,1.34119088164297
4084,63.58,11,25,50.4,0.2,12,0,0,0,1,1,0,2,2,1,2.1615024371301677
4085,63.6,32,92,142.6,0.2,32,0,0,0,1,1,0,3,3,2,1.3289856138187361
4086,63.61,6,19,27.1,0.2,7,0,0,0,1,1,0,1,1,0,2.2345358453297095
4087,63.62,12,35,47.5,0.2,12,0,0,0,1,1,0,4,1,0,1.8424789735153528
4088,63.62,4,16,12.2,0.2,4,0,0,0,1,1,0,1,1,2,2.6076488177766324
4089,63.64,28,66,130.2,0.2,29,0,0,0,1,1,0,3,1,2,1.3276811509761186
4090,63.67,49,166,229.3,0.2,51,0,0,0,0,0,1,8,3,10,1.3101406515093699
4091,63.68,9,26,37.3,0.2,9,0,0,0,1,1,0,0,1,1,1.5604327675501852
4092,63.69,20,46,84.4,0.2,20,0,0,0,1,1,0,6,1,0,1.6336668024008503
4093,63.71,30,79,129.4,0.2,30,0,0,0,1,1,0,7,2,7,1.7824242656927607
4094,63.74,49,157,213.8,0.2,49,0,0,0,1,1,0,10,5,5,1.394392262241526
4095,63.75,5,17,15.3,0.2,5,0,0,0,1,1,0,3,1,0,2.140137248749097
4096,63.75,8,19,30.9,0.2,8,0,0,0,1,1,0,2,1,2,2.18832189000439
4097,63.76,4,18,12.1,0.2,4,0,0,0,1,1,0,1,2,1,2.873218925124139
4098,63.76,9,22,36.7,0.2,9,0,0,0,1,1,0,1,2,1,1.9533555057489815
4099,63.78,23,59,100.1,0.2,23,0,0,0,1,1,0,4,3,0,1.597729859780802
4100,63.79,18,52,73.7,0.2,18,0,0,0,1,1,0,6,2,1,1.7202381650480523
4101,63.8,21,57,89.1,0.2,21,0,0,0,1,1,0,5,3,2,1.5814936766564918
4102,63.82,24,50,107.7,0.2,24,0,0,0,1,1,0,2,2,3,1.9454188511591997
4103,63.82,16,34,70.6,0.2,16,0,0,0,1,1,0,1,1,0,2.055960653165408
4104,63.83,2,10,0.0,0.2,2,0,0,0,1,1,0,4,1,0,3.369490388510273
4105,63.86,49,141,220.6,0.2,49,0,0,0,1,1,0,5,3,3,1.4658843568279123
4106,63.86,6,15,27.3,0.2,7,0,0,0,1,1,0,1,1,2,2.1264264214982007
4107,63.87,1,5,-0.5,0.2,1,0,0,0,1,1,0,0,1,0,5.467835652294365
4108,63.87,1,10,-3.1,0.2,1,0,0,0,1,1,0,2,1,1,2.830734163861993
4109,63.9,49,141,235.5,0.2,51,0,0,0,0,0,1,5,2,3,1.6048161728112131
4110,63.9,2,7,2.2,0.2,2,0,0,0,1,1,0,2,1,1,3.5622681348404797
4111,63.92,16,52,64.4,0.2,16,0,0,0,1,1,0,5,2,4,1.4677598730930859
4112,63.93,13,35,54.4,0.2,13,0,0,0,1,1,0,2,2,1,2.1218888865033696
4113,63.93,0,6,-1.6,0.2,1,0,0,0,1,1,0,1,1,0,4.763941267124814
4114,63.94,9,27,36.2,0.2,9,0,0,0,1,1,0,1,1,1,1.6937297822678072
4115,63.95,14,38,57.2,0.2,14,0,0,0,1,1,0,4,2,0,1.831648118429699
4116,63.95,8,17,33.2,0.2,8,0,0,0,1,1,0,0,1,1,2.8754642371905903
4117,63.97,17,54,71.3,0.2,17,0,0,0,1,1,0,3,2,3,1.5018560497831024
4118,63.98,19,47,83.3,0.2,19,0,0,0,1,1,0,2,2,0,1.605420942830694
4119,63.99,13,28,55.2,0.2,13,0,0,0,1,1,0,2,1,0,2.4893473692280828
4120,64.01,40,119,175.8,0.2,40,0,0,0,1,1,0,7,3,3,1.2891245640917621
4121,64.02,12,26,52.2,0.2,12,0,0,0,1,1,0,0,1,2,2.0545070733717927
4122,64.04,38,109,165.8,0.2,38,0,0,0,1,1,0,8,1,3,1.1818696801191
4123,64.07,44,120,196.8,0.2,44,0,0,0,1,1,0,6,3,2,1.4972258253539252
4124,64.07,9,16,36.3,0.2,9,0,0,0,1,1,0,2,1,1,2.5543061645969036
4125,64.09,22,61,95.8,0.2,22,0,0,0,1,1,0,3,1,1,1.600553359373465
4126,64.12,50,149,224.0,0.2,50,0,0,0,0,0,1,10,7,10,1.4469446655357656
4127,64.12,1,5,3.5,0.2,2,0,0,0,1,1,0,1,1,0,4.894474214738127
4128,64.13,7,18,28.2,0.2,7,0,0,0,1,1,0,0,1,0,1.8566252340314608
4129,64.15,31,91,133.8,0.2,31,0,0,0,1,1,0,7,3,1,1.5190193821365328
4130,64.18,49,155,232.0,0.2,51,0,0,0,0,0,1,7,1,4,1.416865767325642
4131,64.19,23,57,103.3,0.2,23,0,0,0,1,1,0,1,2,0,1.5473447355413719
4132,64.23,49,150,233.4,0.2,51,0,0,0,0,0,1,6,2,5,1.5128927935003218
4133,64.26,44,122,197.6,0.2,44,0,0,0,1,1,0,5,2,2,1.4151075387318672
4134,64.29,44,134,199.3,0.2,44,0,0,0,1,1,0,2,5,3,1.5805168058616648
4135,64.31,35,112,155.4,0.2,35,0,0,0,1,1,0,3,5,4,1.3667635628716488
4136,64.32,13,35,53.5,0.2,13,0,0,0,1,1,0,3,2,0,2.0501904999646303
4137,64.35,46,143,201.1,0.2,46,0,0,0,1,1,0,9,3,6,1.5230800682149703
4138,64.35,2,5,3.5,0.2,2,0,0,0,1,1,0,1,1,0,5.143037618776654
4139,64.39,49,175,228.8,0.2,51,0,0,0,0,0,1,8,2,6,1.4400205619573212
4140,64.43,49,173,231.8,0.2,51,0,0,0,0,0,1,5,5,8,1.5441615632450219
4141,64.47,50,173,225.7,0.2,50,0,0,0,0,0,1,6,4,9,1.38002748977489
4142,64.48,19,37,84.2,0.2,19,0,0,0,1,1,0,2,2,1,2.075688198676029
4143,64.49,32,74,144.2,0.2,32,0,0,0,1,1,0,3,4,4,1.6272431222158337
4144,64.51,28,62,125.7,0.2,28,0,0,0,1,1,0,3,3,1,1.7330608240413519
4145,64.53,31,81,142.5,0.2,32,0,0,0,1,1,0,4,1,4,1.3895503439326882
4146,64.55,26,71,119.8,0.2,27,0,0,0,1,1,0,3,2,1,1.6616232980968826
4147,64.56,22,59,96.0,0.2,22,0,0,0,1,1,0,3,2,1,1.6449503392455083
4148,64.59,36,105,158.4,0.2,36,0,0,0,1,1,0,6,2,1,1.2830257576274438
4149,64.6,18,62,73.8,0.2,18,0,0,0,1,1,0,5,1,0,1.4745860374277495
4150,64.6,6,16,19.4,0.2,6,0,0,0,1,1,0,4,1,0,2.4440872964202227
4151,64.61,14,38,58.1,0.2,14,0,0,0,1,1,0,3,2,1,1.5218277567412357
4152,64.62,2,12,0.7,0.2,2,0,0,0,1,1,0,3,1,1,2.4524296656873705
4153,64.65,46,143,208.2,0.2,47,0,0,0,1,1,0,7,6,5,1.4759255908968205
4154,64.68,49,129,234.9,0.2,51,0,0,0,0,0,1,7,2,1,1.376494419632431
4155,64.68,4,21,11.7,0.2,4,0,0,0,1,1,0,1,2,2,2.3047744776780883
4156,64.7,25,70,108.9,0.2,25,0,0,0,1,1,0,4,3,1,1.5223272069069378
4157,64.7,7,24,26.4,0.2,7,0,0,0,1,1,0,1,1,2,2.1156857389245203
4158,64.74,49,159,232.7,0.2,51,0,0,0,0,0,1,6,2,3,1.4238347420315092
4159,64.75,24,77,98.8,0.2,24,0,0,0,1,1,0,8,1,5,1.6107201418092207
4160,64.78,45,127,201.7,0.2,45,0,0,0,1,1,0,5,3,6,1.463945069216792
4161,64.79,10,29,42.1,0.2,10,0,0,0,1,1,0,0,1,0,2.0792064007140167
4162,64.79,1,5,-3.5,0.2,1,0,0,0,1,1,0,3,1,0,5.431075169637221
4163,64.79,3,13,5.7,0.2,3,0,0,0,1,1,0,3,1,0,2.7576537125210434
4164,64.79,3,11,8.7,0.2,3,0,0,0,1,1,0,0,1,2,2.9486946484834817
4165,64.81,20,52,91.8,0.2,21,0,0,0,1,1,0,3,1,0,1.551749162828821
4166,64.81,3,12,6.8,0.2,3,0,0,0,1,1,0,2,1,0,2.8411150579165576
4167,64.82,10,25,46.3,0.2,11,0,0,0,1,1,0,1,1,2,1.9215409827750256
4168,64.82,1,8,-4.8,0.2,1,0,0,0,1,1,0,4,1,0,3.507163904715812
4169,64.82,2,6,3.4,0.2,2,0,0,0,1,1,0,1,1,0,3.875374749428952
4170,64.85,49,143,218.9,0.2,49,0,0,0,1,1,0,6,2,8,1.5803799403660779
4171,64.89,49,168,228.6,0.2,51,0,0,0,0,0,1,9,2,5,1.4426437559561198
4172,64.91,20,51,89.7,0.2,20,0,0,0,1,1,0,0,3,2,1.833711772452808
4173,64.91,2,9,2.1,0.2,2,0,0,0,1,1,0,2,1,0,2.7863215920023725
4174,64.92,22,50,96.8,0.2,22,0,0,0,1,1,0,3,1,2,1.788374302779949
4175,64.93,17,49,73.9,0.2,17,0,0,0,1,1,0,1,2,2,1.5401400753612537
4176,64.95,27,56,120.3,0.2,27,0,0,0,1,1,0,4,2,1,1.6728558357104089
4177,64.97,31,90,132.7,0.2,31,0,0,0,1,1,0,8,2,3,1.6321874232668057
4178,64.98,15,39,63.8,0.2,15,0,0,0,1,1,0,2,2,3,1.549236431559794
4179,64.98,14,24,62.6,0.2,14,0,0,0,1,1,0,0,1,0,2.507660914084689
4180,65.0,20,50,84.7,0.2,20,0,0,0,1,1,0,5,3,3,1.7387114515743916
4181,65.0,1,5,3.5,0.2,2,0,0,0,1,1,0,1,1,0,4.815887787387995
4182,65.01,22,55,102.2,0.2,23,0,0,0,1,1,0,2,1,3,1.4006362043504437
4183,65.04,38,105,170.0,0.2,38,0,0,0,1,1,0,4,4,5,1.3827515674256041
4184,65.05,11,33,46.6,0.2,11,0,0,0,1,1,0,0,2,1,1.7619330485994975
4185,65.06,15,51,60.7,0.2,15,0,0,0,1,1,0,4,1,2,1.8080375985707449
4186,65.08,35,101,149.5,0.2,35,0,0,0,1,1,0,10,3,4,1.2506091709211826
4187,65.11,43,139,187.6,0.2,43,0,0,0,1,1,0,8,2,5,1.3153808334382369
4188,65.12,17,48,71.2,0.2,17,0,0,0,1,1,0,4,2,0,1.8273152679805407
4189,65.12,3,6,9.4,0.2,3,0,0,0,1,1,0,0,1,0,4.753442990598042
4190,65.13,4,13,12.7,0.2,4,0,0,0,1,1,0,1,1,0,2.261485356151403
4191,65.17,50,206,212.5,0.2,50,0,0,0,1,1,0,11,3,9,1.4154448081820474
4192,65.18,14,43,55.6,0.2,14,0,0,0,1,1,0,5,2,1,1.789567054442503
4193,65.21,34,91,154.7,0.2,34,0,0,0,1,1,0,1,2,2,1.6650356539701356
4194,65.22,14,43,60.4,0.2,15,0,0,0,1,1,0,5,1,3,1.8923755539638043
4195,65.22,16,35,70.2,0.2,16,0,0,0,1,1,0,1,1,3,2.2488505172767215
4196,65.24,21,62,85.5,0.2,21,0,0,0,1,1,0,8,1,3,1.4621230250960437
4197,65.26,37,105,163.0,0.2,37,0,0,0,1,1,0,6,4,5,1.6000783725119867
4198,65.27,3,16,5.3,0.2,3,0,0,0,1,1,0,3,2,1,1.792276615164984
4199,65.3,47,155,207.3,0.2,47,0,0,0,1,1,0,7,2,2,1.4937817362040582
4200,65.32,18,57,78.2,0.2,18,0,0,0,1,1,0,1,2,1,1.5672611770085623
4201,65.33,24,79,106.8,0.2,25,0,0,0,1,1,0,5,4,3,1.5412638138773356
4202,65.37,49,174,225.0,0.2,51,0,0,0,0,0,1,12,4,5,1.5362606635197134
4203,65.41,49,169,228.3,0.2,51,0,0,0,0,0,1,9,3,7,1.4945543989397951
4204,65.41,3,9,7.9,0.2,3,0,0,0,1,1,0,1,1,2,3.5809774497223565
4205,65.44,42,112,188.5,0.2,42,0,0,0,1,1,0,5,3,3,1.4927364210197605
4206,65.44,11,26,50.4,0.2,12,0,0,0,1,1,0,2,2,0,2.058909944322152
4207,65.48,45,160,193.5,0.2,45,0,0,0,1,1,0,10,4,5,1.2764259193166232
4208,65.5,32,89,146.0,0.2,33,0,0,0,1,1,0,5,1,1,1.642310906244514
4209,65.5,3,18,4.1,0.2,3,0,0,0,1,1,0,4,2,1,2.114054177382028
4210,65.54,49,146,235.8,0.2,51,0,0,0,0,0,1,4,2,5,1.605698591808928
4211,65.55,16,67,65.1,0.2,16,0,0,0,1,1,0,3,2,2,1.3259651276715911
4212,65.55,6,14,20.6,0.2,6,0,0,0,1,1,0,3,2,0,2.751357733759356
4213,65.57,19,51,79.7,0.2,19,0,0,0,1,1,0,5,2,2,1.5732728512294254
4214,65.57,1,5,2.5,0.2,2,0,0,0,1,1,0,2,1,0,5.972072420347592
4215,65.6,49,164,225.9,0.2,51,0,0,0,0,0,1,12,1,6,1.4113026827700565
4216,65.62,16,49,69.0,0.2,16,0,0,0,1,1,0,1,1,1,1.5651622721802594
4217,65.64,35,85,158.5,0.2,35,0,0,0,1,1,0,3,3,0,1.6491636216864423
4218,65.65,16,40,68.0,0.2,16,0,0,0,1,1,0,3,1,0,2.0508528186553816
4219,65.66,26,84,114.3,0.2,26,0,0,0,1,1,0,2,2,3,1.5013269564611225
4220,65.7,49,171,227.2,0.2,51,0,0,0,0,0,1,10,7,6,1.526474432443811
4221,65.73,49,156,232.2,0.2,51,0,0,0,0,0,1,6,3,11,1.5224334509762723
4222,65.74,3,5,8.5,0.2,3,0,0,0,1,1,0,1,1,0,5.787284187644912
4223,65.77,49,150,229.5,0.2,51,0,0,0,0,0,1,10,2,4,1.5512793156170968
4224,65.79,29,79,127.0,0.2,29,0,0,0,1,1,0,5,5,1,1.504951186031138
4225,65.82,39,122,170.3,0.2,39,0,0,0,1,1,0,7,2,5,1.2211404870986924
4226,65.85,46,137,207.6,0.2,46,0,0,0,1,1,0,3,2,7,1.3608290168792334
4227,65.86,26,59,116.0,0.2,26,0,0,0,1,1,0,3,1,1,1.8728705379503592
4228,65.89,49,157,233.7,0.2,51,0,0,0,0,0,1,5,4,5,1.5687934051780024
4229,65.91,29,72,130.6,0.2,29,0,0,0,1,1,0,2,2,2,1.3129337148328952
4230,65.94,48,161,213.2,0.2,48,0,0,0,1,1,0,5,2,7,1.4902937394779214
4231,65.97,38,123,161.1,0.2,38,0,0,0,1,1,0,11,4,6,1.6741608491814008
4232,65.99,42,112,189.2,0.2,42,0,0,0,1,1,0,4,2,6,1.467086562497658
4233,66.01,24,66,104.2,0.2,24,0,0,0,1,1,0,4,2,2,1.3397653369804539
4234,66.01,8,20,30.8,0.2,8,0,0,0,1,1,0,2,1,2,1.853544001947455
4235,66.05,50,175,213.7,0.2,50,0,0,0,1,1,0,13,2,8,1.2836208541194145
4236,66.08,49,160,218.4,0.2,49,0,0,0,1,1,0,5,2,6,1.2265110476157288
4237,66.08,1,9,-2.9,0.2,1,0,0,0,1,1,0,2,1,0,3.4760237070618323
4238,66.12,49,149,231.4,0.2,51,0,0,0,0,0,1,8,0,6,1.583372280497994
4239,66.14,49,136,237.7,0.2,51,0,0,0,0,0,1,3,2,6,1.5062787133994608
4240,66.15,11,25,44.4,0.2,11,0,0,0,1,1,0,3,2,1,1.9789293085153572
4241,66.17,29,63,129.3,0.2,29,0,0,0,1,1,0,4,4,4,1.7497336694956787
4242,66.17,0,5,-8.5,0.2,0,0,0,0,1,1,0,3,1,0,5.831368813589492
4243,66.17,10,25,38.4,0.2,10,0,0,0,1,1,0,4,1,1,2.313385553299551
4244,66.18,7,23,24.7,0.2,7,0,0,0,1,1,0,3,2,0,1.6533682432848509
4245,66.21,49,145,215.1,0.2,49,0,0,0,1,1,0,10,3,4,1.5735207563873523
4246,66.24,49,139,238.6,0.2,51,0,0,0,0,0,1,2,3,4,1.349886947185712
4247,66.27,50,162,229.3,0.2,50,0,0,0,0,0,1,4,4,4,1.3587785426136543
4248,66.3,49,137,238.9,0.2,51,0,0,0,0,0,1,2,3,3,1.6092635927236192
4249,66.32,22,62,94.6,0.2,22,0,0,0,1,1,0,4,4,2,1.4596780474725821
4250,66.32,7,31,22.8,0.2,7,0,0,0,1,1,0,4,1,1,1.777136823963262
4251,66.33,1,6,-1.7,0.2,1,0,0,0,1,1,0,1,1,1,4.123660587531682
4252,66.34,24,59,105.0,0.2,24,0,0,0,1,1,0,4,2,1,1.4674885535297069
4253,66.35,12,30,49.7,0.2,12,0,0,0,1,1,0,2,1,3,1.7372575863216662
4254,66.36,12,38,49.0,0.2,12,0,0,0,1,1,0,2,1,2,1.6632256020391718
4255,66.36,5,19,14.0,0.2,5,0,0,0,1,1,0,4,1,1,1.766224805767484
4256,66.37,18,43,83.5,0.2,19,0,0,0,1,1,0,2,2,2,1.643774973936734
4257,66.38,7,18,27.9,0.2,7,0,0,0,1,1,0,0,1,3,2.2463760698912787
4258,66.41,49,151,234.5,0.2,51,0,0,0,0,0,1,5,1,3,1.5962804846676606
4259,66.41,8,21,29.8,0.2,8,0,0,0,1,1,0,3,1,1,1.831724059713574
4260,66.42,17,52,69.5,0.2,17,0,0,0,1,1,0,5,1,3,1.5133166394656823
4261,66.43,15,31,66.9,0.2,15,0,0,0,1,1,0,0,1,0,1.5916821795775211
4262,66.44,12,32,49.8,0.2,12,0,0,0,1,1,0,2,1,0,1.743299289331071
4263,66.44,2,5,4.5,0.2,2,0,0,0,1,1,0,0,1,0,4.743718001490846
4264,66.45,31,67,142.1,0.2,31,0,0,0,1,1,0,1,1,2,1.7688630658556797
4265,66.46,1,7,-0.7,0.2,1,0,0,0,1,1,0,0,1,0,3.9186954762708743
4266,66.49,49,152,229.5,0.2,51,0,0,0,0,0,1,10,3,2,1.7745328365254853
4267,66.5,20,63,82.6,0.2,20,0,0,0,1,1,0,6,4,1,1.202505775554395
4268,66.51,14,35,60.2,0.2,14,0,0,0,1,1,0,1,1,3,1.7020360549417979
4269,66.52,7,23,27.4,0.2,7,0,0,0,1,1,0,0,2,3,1.885969095621897
4270,66.54,33,82,147.8,0.2,33,0,0,0,1,1,0,4,1,0,1.5073530030727158
4271,66.54,2,7,4.3,0.2,2,0,0,0,1,1,0,0,1,0,3.885410066831213
4272,66.55,18,55,76.4,0.2,18,0,0,0,1,1,0,3,2,1,1.4097049065071694
4273,66.56,22,60,96.9,0.2,22,0,0,0,1,1,0,2,3,1,1.5626292632308123
4274,66.58,26,61,116.6,0.2,26,0,0,0,1,1,0,2,2,3,1.5022326087173585
4275,66.58,5,15,15.5,0.2,5,0,0,0,1,1,0,3,1,0,2.1065427546109965
4276,66.59,16,39,70.0,0.2,16,0,0,0,1,1,0,1,1,1,1.8949655668769831
4277,66.6,13,36,60.1,0.2,14,0,0,0,1,1,0,1,1,3,1.879321875720791
4278,66.63,48,151,214.4,0.2,48,0,0,0,1,1,0,5,5,5,1.3898394057895513
4279,66.63,6,15,27.5,0.2,7,0,0,0,1,1,0,1,1,0,2.6841107809672407
4280,66.65,23,84,94.9,0.2,23,0,0,0,1,1,0,6,4,7,1.6369863327651446
4281,66.67,41,112,180.5,0.2,41,0,0,0,1,1,0,8,2,3,1.6204706260948996
4282,66.68,17,44,71.1,0.2,17,0,0,0,1,1,0,4,1,5,1.7977137989087943
4283,66.71,42,107,190.1,0.2,42,0,0,0,1,1,0,4,4,2,1.4164079854518532
4284,66.72,20,50,89.0,0.2,20,0,0,0,1,1,0,1,2,0,1.6502834998530085
4285,66.74,30,88,132.7,0.2,30,0,0,0,1,1,0,3,4,5,1.2692608896088406
4286,66.74,17,40,72.7,0.2,17,0,0,0,1,1,0,3,2,3,2.074395077134055
4287,66.75,12,32,51.5,0.2,12,0,0,0,1,1,0,0,1,3,1.6286845849620986
4288,66.76,17,44,77.5,0.2,18,0,0,0,1,1,0,3,1,1,1.7555420647970117
4289,66.77,17,46,72.3,0.2,17,0,0,0,1,1,0,3,2,1,1.5486480053334413
4290,66.77,1,9,-1.9,0.2,1,0,0,0,1,1,0,1,1,0,3.5585979146236926
4291,66.78,2,7,4.3,0.2,2,0,0,0,1,1,0,0,1,0,3.120498462594204
4292,66.78,8,26,30.3,0.2,8,0,0,0,1,1,0,2,1,1,1.9426058681900498
4293,66.79,10,44,36.5,0.2,10,0,0,0,1,1,0,4,3,1,1.6925652883409348
4294,66.81,22,67,94.1,0.2,22,0,0,0,1,1,0,4,1,2,1.748067989499248
4295,66.84,45,140,197.6,0.2,45,0,0,0,1,1,0,8,3,4,1.5188333479285863
4296,66.87,49,148,234.4,0.2,51,0,0,0,0,0,1,5,4,7,1.2995701945761136
4297,66.9,36,135,150.7,0.2,36,0,0,0,1,1,0,10,4,8,1.6021052093113746
4298,66.92,40,118,183.9,0.2,41,0,0,0,1,1,0,4,4,3,1.410760518905399
4299,66.93,18,42,83.8,0.2,19,0,0,0,1,1,0,2,2,0,1.7542043811165378
4300,66.96,42,112,187.0,0.2,42,0,0,0,1,1,0,6,3,8,1.5193710042380766
4301,66.96,2,5,1.5,0.2,2,0,0,0,1,1,0,3,1,0,6.033716335604188
4302,66.98,37,98,167.0,0.2,37,0,0,0,1,1,0,3,2,2,1.6122676829181855
4303,66.98,1,16,-1.9,0.2,1,0,0,0,1,1,0,0,1,3,1.7581402838333644
4304,67.01,49,149,234.7,0.2,51,0,0,0,0,0,1,5,1,3,1.5859909813071136
4305,67.03,34,92,150.3,0.2,34,0,0,0,1,1,0,5,3,5,1.3091959248799137
4306,67.04,2,9,4.1,0.2,2,0,0,0,1,1,0,0,1,0,2.8621834741095538
4307,67.04,17,42,72.8,0.2,17,0,0,0,1,1,0,3,1,0,1.4274330724143434
4308,67.06,18,57,75.1,0.2,18,0,0,0,1,1,0,4,2,2,1.7909302717524989
4309,67.09,49,156,233.6,0.2,51,0,0,0,0,0,1,5,3,7,1.3286069974264036
4310,67.11,29,73,126.6,0.2,29,0,0,0,1,1,0,6,2,1,1.395844713185455
4311,67.13,42,95,197.0,0.2,43,0,0,0,1,1,0,3,4,5,1.4859701229954205
4312,67.13,6,21,20.8,0.2,6,0,0,0,1,1,0,2,2,1,1.938645851631237
4313,67.17,50,161,226.9,0.2,50,0,0,0,0,0,1,6,4,9,1.3344772193971117
4314,67.19,37,99,170.6,0.2,38,0,0,0,1,1,0,4,5,5,1.613621599369696
4315,67.19,2,5,8.5,0.2,3,0,0,0,1,1,0,1,1,0,4.333886590538651
4316,67.22,50,162,223.7,0.2,50,0,0,0,0,0,1,9,4,10,1.4631175376374892
4317,67.25,45,132,201.4,0.2,45,0,0,0,1,1,0,5,2,4,1.5671703500828005
4318,67.25,9,18,37.2,0.2,9,0,0,0,1,1,0,1,1,0,2.6321630920129104
4319,67.26,14,42,58.5,0.2,14,0,0,0,1,1,0,2,1,3,1.6123795324563237
4320,67.29,49,159,231.8,0.2,51,0,0,0,0,0,1,7,1,2,1.5009051360272232
4321,67.33,49,155,232.5,0.2,51,0,0,0,0,0,1,6,4,9,1.3846408682921474
4322,67.34,31,82,139.8,0.2,31,0,0,0,1,1,0,2,2,0,1.3256053443796223
4323,67.36,17,54,74.2,0.2,17,0,0,0,1,1,0,0,1,4,1.6470036577256755
4324,67.37,21,45,93.3,0.2,21,0,0,0,1,1,0,2,1,2,2.2227362527173202
4325,67.38,24,58,107.8,0.2,24,0,0,0,1,1,0,1,2,4,1.2818408379530302
4326,67.39,8,21,29.7,0.2,8,0,0,0,1,1,0,3,1,2,2.645329637659233
4327,67.42,49,152,233.3,0.2,51,0,0,0,0,0,1,6,5,4,1.409347035564322
4328,67.45,49,142,235.4,0.2,51,0,0,0,0,0,1,5,3,3,1.4493214076711873
4329,67.46,13,42,51.6,0.2,13,0,0,0,1,1,0,4,1,2,1.6848080033991333
4330,67.46,1,5,-3.5,0.2,1,0,0,0,1,1,0,3,1,0,5.978410004646781
4331,67.47,18,51,77.4,0.2,18,0,0,0,1,1,0,2,1,5,1.5245169256236477
4332,67.48,13,34,53.5,0.2,13,0,0,0,1,1,0,3,1,1,2.1649719773051337
4333,67.49,18,59,76.0,0.2,18,0,0,0,1,1,0,3,2,1,1.484938514650887
4334,67.5,7,18,25.1,0.2,7,0,0,0,1,1,0,3,1,1,2.864673158083932
4335,67.51,18,51,74.7,0.2,18,0,0,0,1,1,0,5,2,2,1.6531136886158826
4336,67.52,31,78,139.9,0.2,31,0,0,0,1,1,0,2,2,3,1.591007947628916
4337,67.53,5,14,17.6,0.2,5,0,0,0,1,1,0,1,1,0,2.3513442832957456
4338,67.54,28,71,124.8,0.2,28,0,0,0,1,1,0,3,3,1,1.470561106821277
4339,67.55,9,25,36.4,0.2,9,0,0,0,1,1,0,1,1,1,2.175139034117143
4340,67.55,7,16,27.4,0.2,7,0,0,0,1,1,0,1,1,0,2.3805191958544576
4341,67.56,25,61,110.9,0.2,25,0,0,0,1,1,0,3,2,0,1.5703753058881231
4342,67.58,25,62,110.8,0.2,25,0,0,0,1,1,0,3,3,0,1.787031690559069
4343,67.61,49,155,231.3,0.2,51,0,0,0,0,0,1,8,3,1,1.4156014921748372
4344,67.63,22,56,100.3,0.2,23,0,0,0,1,1,0,4,3,1,1.4024910736795693
4345,67.64,19,59,80.8,0.2,19,0,0,0,1,1,0,3,1,3,1.6508729464664402
4346,67.65,22,54,102.4,0.2,23,0,0,0,1,1,0,2,1,2,1.4926696456532897
4347,67.67,34,92,149.6,0.2,34,0,0,0,1,1,0,6,3,2,1.4118195881871658
4348,67.67,2,10,3.9,0.2,2,0,0,0,1,1,0,0,1,1,2.828226163798979
4349,67.68,3,5,9.5,0.2,3,0,0,0,1,1,0,0,1,0,4.823222457204231
4350,67.71,49,155,233.2,0.2,51,0,0,0,0,0,1,6,4,2,1.6345944924612306
4351,67.72,15,50,63.0,0.2,15,0,0,0,1,1,0,2,3,0,1.468021346976865
4352,67.74,23,59,100.0,0.2,23,0,0,0,1,1,0,4,2,1,1.5942653778142621
4353,67.76,35,91,157.8,0.2,35,0,0,0,1,1,0,3,4,1,1.534594259221563
4354,67.79,49,176,226.7,0.2,51,0,0,0,0,0,1,10,1,6,1.4531825411289607
4355,67.82,49,141,214.6,0.2,49,0,0,0,1,1,0,11,3,3,1.2846268065489481
4356,67.82,2,9,4.0,0.2,2,0,0,0,1,1,0,0,1,1,3.2037690607790728
4357,67.83,17,45,72.3,0.2,17,0,0,0,1,1,0,3,1,2,1.5923970578140374
4358,67.85,26,77,113.1,0.2,26,0,0,0,1,1,0,4,2,2,1.58156847105718
4359,67.86,18,54,75.5,0.2,18,0,0,0,1,1,0,4,3,1,1.6866805357019272
4360,67.88,20,60,85.9,0.2,20,0,0,0,1,1,0,3,4,1,1.4241537498105903
4361,67.9,45,120,200.3,0.2,45,0,0,0,1,1,0,7,1,7,1.4766694203343496
4362,67.92,23,67,98.2,0.2,23,0,0,0,1,1,0,5,2,1,1.4178749284153842
4363,67.92,1,5,-1.5,0.2,1,0,0,0,1,1,0,1,1,0,5.573553399293514
4364,67.96,49,172,229.0,0.2,51,0,0,0,0,0,1,8,2,7,1.4180218533995492
4365,67.97,27,76,115.0,0.2,27,0,0,0,1,1,0,7,2,4,1.3158169128565627
4366,68.0,36,98,160.9,0.2,36,0,0,0,1,1,0,4,3,3,1.6157695876209641
4367,68.0,11,31,45.8,0.2,11,0,0,0,1,1,0,1,1,1,1.8794128023935026
4368,68.01,12,32,48.8,0.2,12,0,0,0,1,1,0,3,2,0,2.3710234447855405
4369,68.02,12,37,48.1,0.2,12,0,0,0,1,1,0,3,1,2,1.778691815163631
4370,68.02,4,21,6.7,0.2,4,0,0,0,1,1,0,6,1,2,2.342721536889555
4371,68.06,49,169,232.9,0.2,51,0,0,0,0,0,1,5,4,1,1.4626431558015658
4372,68.06,10,28,38.1,0.2,10,0,0,0,1,1,0,4,1,1,2.2279296920509553
4373,68.08,35,95,155.2,0.2,35,0,0,0,1,1,0,5,2,3,1.46967119947539
4374,68.11,35,93,159.3,0.2,35,0,0,0,1,1,0,1,2,4,1.6384591694691135
4375,68.13,36,86,165.2,0.2,37,0,0,0,1,1,0,6,1,2,1.4844731515717977
4376,68.13,2,8,8.1,0.2,3,0,0,0,1,1,0,1,1,1,3.116763351640568
4377,68.14,20,58,85.0,0.2,20,0,0,0,1,1,0,4,1,2,1.8334250809932517
4378,68.18,49,184,226.9,0.2,51,0,0,0,0,0,1,9,4,6,1.4291388578404094
4379,68.2,31,83,134.5,0.2,31,0,0,0,1,1,0,7,2,2,1.7858974413744169
4380,68.22,30,83,138.4,0.2,31,0,0,0,1,1,0,3,3,3,1.5056807396938579
4381,68.24,32,98,134.7,0.2,32,0,0,0,1,1,0,10,3,5,1.5212588648751073
4382,68.24,2,5,1.5,0.2,2,0,0,0,1,1,0,3,1,0,5.596322032170255
4383,68.26,28,101,118.3,0.2,28,0,0,0,1,1,0,6,3,6,1.2054570719345188
4384,68.29,43,122,192.1,0.2,43,0,0,0,1,1,0,5,3,7,1.5567533983126682
4385,68.3,27,64,122.5,0.2,27,0,0,0,1,1,0,1,3,1,1.5933527898245172
4386,68.33,47,135,213.2,0.2,47,0,0,0,1,1,0,3,3,3,1.5183206036949588
4387,68.34,24,62,110.6,0.2,25,0,0,0,1,1,0,3,2,2,1.6558162531315268
4388,68.35,16,54,64.4,0.2,16,0,0,0,1,1,0,5,2,2,1.6023296809643368
4389,68.36,15,43,62.5,0.2,15,0,0,0,1,1,0,3,3,2,1.9277927527690015
4390,68.38,20,54,87.5,0.2,20,0,0,0,1,1,0,2,3,1,1.7023541450283244
4391,68.41,50,170,229.1,0.2,50,0,0,0,0,0,1,3,3,8,1.4127239825913442
4392,68.42,17,39,74.1,0.2,17,0,0,0,1,1,0,2,1,0,1.5857290884846273
4393,68.42,9,22,37.8,0.2,9,0,0,0,1,1,0,0,2,0,2.2824728164194394
4394,68.43,6,23,25.7,0.2,7,0,0,0,1,1,0,2,1,0,1.709609930422083
4395,68.46,43,123,189.4,0.2,43,0,0,0,1,1,0,8,2,3,1.61243639898635
4396,68.48,49,134,237.1,0.2,51,0,0,0,0,0,1,4,1,4,1.52776938544919
4397,68.52,50,150,230.4,0.2,50,0,0,0,0,0,1,4,3,5,1.5408373350435713
4398,68.53,31,95,132.2,0.2,31,0,0,0,1,1,0,8,4,3,1.5260732236875385
4399,68.55,24,54,108.4,0.2,24,0,0,0,1,1,0,1,1,2,1.9025854573335375
4400,68.55,2,5,4.5,0.2,2,0,0,0,1,1,0,0,1,0,4.449861449557551
4401,68.56,12,35,49.4,0.2,12,0,0,0,1,1,0,2,2,1,1.8333423696688231
4402,68.57,16,46,69.3,0.2,16,0,0,0,1,1,0,1,2,1,1.8971787577447305
4403,68.59,24,76,100.3,0.2,24,0,0,0,1,1,0,7,4,1,1.4287170543816161
4404,68.59,1,5,-1.5,0.2,1,0,0,0,1,1,0,1,1,0,5.647174690211379
4405,68.61,38,120,171.4,0.2,38,0,0,0,1,1,0,1,3,6,1.248849347205583
4406,68.62,11,34,42.4,0.2,11,0,0,0,1,1,0,4,2,2,1.6012449904019648
4407,68.64,35,99,158.0,0.2,35,0,0,0,1,1,0,2,3,1,1.3522200927039163
4408,68.65,3,11,12.7,0.2,4,0,0,0,1,1,0,1,1,2,2.201041797568465
4409,68.67,31,112,136.3,0.2,31,0,0,0,1,1,0,2,5,5,1.3956607221812014
4410,68.69,47,121,209.4,0.2,47,0,0,0,1,1,0,8,3,5,1.5614934210507954
4411,68.7,6,29,21.9,0.2,6,0,0,0,1,1,0,0,3,2,1.8381492978143963
4412,68.72,32,85,144.0,0.2,32,0,0,0,1,1,0,2,4,5,1.6358950998178285
4413,68.75,49,159,224.5,0.2,51,0,0,0,0,0,1,14,5,5,1.579493430575631
4414,68.77,28,74,122.2,0.2,28,0,0,0,1,1,0,5,2,4,1.370446701216322
4415,68.78,14,45,58.5,0.2,14,0,0,0,1,1,0,2,2,0,2.0145217448025416
4416,68.78,13,39,52.8,0.2,13,0,0,0,1,1,0,3,3,3,1.5482106246182377
4417,68.79,10,24,45.5,0.2,11,0,0,0,1,1,0,2,1,1,2.1666242093336474
4418,68.81,26,77,119.7,0.2,27,0,0,0,1,1,0,2,2,6,1.4490585248169574
4419,68.81,6,24,21.6,0.2,6,0,0,0,1,1,0,1,1,0,1.6484756077401366
4420,68.82,6,20,19.0,0.2,6,0,0,0,1,1,0,4,1,0,1.7826328649520065
4421,68.82,1,5,-3.5,0.2,1,0,0,0,1,1,0,3,1,0,5.425742939801448
4422,68.83,11,34,44.2,0.2,11,0,0,0,1,1,0,2,1,4,1.7240260228233928
4423,68.84,6,16,20.3,0.2,6,0,0,0,1,1,0,3,1,1,2.723400157871734
4424,68.86,40,122,177.6,0.2,40,0,0,0,1,1,0,5,2,2,1.3281921095444853
4425,68.88,31,75,139.3,0.2,31,0,0,0,1,1,0,3,2,2,1.51316416555968
4426,68.91,47,156,207.1,0.2,47,0,0,0,1,1,0,7,5,3,1.4631044750885223
4427,68.95,49,172,231.0,0.2,51,0,0,0,0,0,1,6,4,7,1.517132172165701
4428,68.96,12,35,49.3,0.2,12,0,0,0,1,1,0,2,1,2,1.5193940121476521
4429,68.97,17,47,71.2,0.2,17,0,0,0,1,1,0,4,2,1,1.730090665737169
4430,68.99,33,82,148.6,0.2,33,0,0,0,1,1,0,3,3,2,1.4916184221697084
4431,69.0,27,78,116.1,0.2,27,0,0,0,1,1,0,6,1,1,1.4481453602882706
4432,69.01,1,7,-0.8,0.2,1,0,0,0,1,1,0,0,1,1,3.727175126167696
4433,69.01,2,5,3.5,0.2,2,0,0,0,1,1,0,1,1,0,4.62830150805445
4434,69.02,21,59,89.8,0.2,21,0,0,0,1,1,0,4,1,3,1.720354794075113
4435,69.03,10,30,40.0,0.2,10,0,0,0,1,1,0,2,1,0,1.6598075889714798
4436,69.04,19,47,81.1,0.2,19,0,0,0,1,1,0,4,1,2,1.4417269442905514
4437,69.05,16,50,64.8,0.2,16,0,0,0,1,1,0,5,2,2,1.4688965678494161
4438,69.05,9,26,35.4,0.2,9,0,0,0,1,1,0,2,2,0,1.625448565537385
4439,69.08,40,120,176.5,0.2,40,0,0,0,1,1,0,6,2,5,1.4825553597095165
4440,69.08,18,36,81.4,0.2,18,0,0,0,1,1,0,0,1,0,1.5364394377255681
4441,69.09,12,31,50.7,0.2,12,0,0,0,1,1,0,1,1,2,1.8906367442266379
4442,69.12,49,158,232.6,0.2,51,0,0,0,0,0,1,6,4,5,1.5149420215948537
4443,69.14,32,86,150.2,0.2,33,0,0,0,1,1,0,1,1,2,1.4981642406402562
4444,69.14,8,14,30.5,0.2,8,0,0,0,1,1,0,3,1,1,3.0265144256123184
4445,69.15,14,38,60.0,0.2,14,0,0,0,1,1,0,1,1,2,1.544916148525648
4446,69.16,15,34,68.5,0.2,16,0,0,0,1,1,0,3,1,1,1.8484247779180918
4447,69.19,49,164,235.0,0.2,51,0,0,0,0,0,1,3,2,5,1.5857977762177329
4448,69.21,27,72,121.6,0.2,27,0,0,0,1,1,0,1,1,2,1.7300935655902347
4449,69.21,2,5,8.4,0.2,3,0,0,0,1,1,0,1,1,1,5.432259053910886
4450,69.22,18,52,78.6,0.2,18,0,0,0,1,1,0,1,1,2,1.596863492809573
4451,69.24,33,77,147.1,0.2,33,0,0,0,1,1,0,5,1,2,1.4845265430329797
4452,69.25,17,53,75.6,0.2,18,0,0,0,1,1,0,4,1,1,1.7367084576558158
4453,69.25,1,9,-2.0,0.2,1,0,0,0,1,1,0,1,1,1,3.0847336744455225
4454,69.26,10,29,40.9,0.2,10,0,0,0,1,1,0,1,2,2,1.913690710679938
4455,69.29,49,161,228.3,0.2,51,0,0,0,0,0,1,10,5,5,1.4271357490427834
4456,69.32,43,119,191.8,0.2,43,0,0,0,1,1,0,6,3,3,1.544868308769787
4457,69.32,1,6,-2.6,0.2,1,0,0,0,1,1,0,2,1,0,3.919384553783168
4458,69.34,34,92,148.7,0.2,34,0,0,0,1,1,0,7,4,1,1.497613223873881
4459,69.35,24,56,108.4,0.2,24,0,0,0,1,1,0,1,1,0,1.7900370085199893
4460,69.39,49,163,224.9,0.2,51,0,0,0,0,0,1,13,5,7,1.4939289966906717
4461,69.39,2,7,2.3,0.2,2,0,0,0,1,1,0,2,1,0,3.4488185102942523
4462,69.42,49,152,236.3,0.2,51,0,0,0,0,0,1,3,2,4,1.5233019033315138
4463,69.45,43,119,193.4,0.2,43,0,0,0,1,1,0,4,2,7,1.4775316993489434
4464,69.46,18,45,77.3,0.2,18,0,0,0,1,1,0,3,3,2,2.204052164492626
4465,69.46,17,34,75.6,0.2,17,0,0,0,1,1,0,1,1,0,2.20032669183275
4466,69.48,17,56,72.1,0.2,17,0,0,0,1,1,0,2,2,3,1.7065461304218612
4467,69.5,24,82,101.4,0.2,24,0,0,0,1,1,0,5,1,4,1.3348770940848913
4468,69.51,26,62,114.7,0.2,26,0,0,0,1,1,0,4,2,1,1.6221210079070278
4469,69.54,49,141,232.1,0.2,51,0,0,0,0,0,1,8,3,7,1.372492050952121
4470,69.57,49,154,229.2,0.2,51,0,0,0,0,0,1,10,2,3,1.5664047046587115
4471,69.57,0,5,-1.5,0.2,1,0,0,0,1,1,0,1,1,0,4.508344636044687
4472,69.6,49,138,215.0,0.2,49,0,0,0,1,1,0,11,2,2,1.554435831502032
4473,69.62,34,94,151.1,0.2,34,0,0,0,1,1,0,4,3,5,1.6297732917027759
4474,69.63,4,19,10.0,0.2,4,0,0,0,1,1,0,3,1,1,1.9700461493868953
4475,69.63,7,16,24.4,0.2,7,0,0,0,1,1,0,4,1,0,2.7043994223860732
4476,69.64,19,50,79.9,0.2,19,0,0,0,1,1,0,5,3,1,1.681729720919167
4477,69.66,32,88,138.0,0.2,32,0,0,0,1,1,0,8,1,2,1.581801214023622
4478,69.67,10,25,37.5,0.2,10,0,0,0,1,1,0,5,1,0,2.5068111759084677
4479,69.68,15,45,59.3,0.2,15,0,0,0,1,1,0,6,2,2,1.735887949403316
4480,69.69,16,39,68.0,0.2,16,0,0,0,1,1,0,3,2,1,1.8237323840589899
4481,69.72,49,159,231.3,0.2,51,0,0,0,0,0,1,7,2,7,1.3517432654977217
4482,69.74,25,68,110.1,0.2,25,0,0,0,1,1,0,3,2,1,1.3857739945213727
4483,69.75,12,38,51.0,0.2,12,0,0,0,1,1,0,0,1,2,1.3824798438705412
4484,69.76,25,74,108.3,0.2,25,0,0,0,1,1,0,4,2,3,1.5029056283939812
4485,69.78,15,47,65.0,0.2,15,0,0,0,1,1,0,0,2,3,1.3702720039614549
4486,69.78,2,8,9.2,0.2,3,0,0,0,1,1,0,0,1,0,2.935299378765138
4487,69.81,37,121,161.6,0.2,37,0,0,0,1,1,0,6,3,3,1.4425890993109554
4488,69.81,10,33,35.4,0.2,10,0,0,0,1,1,0,6,3,3,1.4165939382245127
4489,69.85,49,168,233.2,0.2,51,0,0,0,0,0,1,4,7,9,1.5514485628264045
4490,69.87,30,95,132.3,0.2,30,0,0,0,1,1,0,3,2,2,1.6720183408850957
4491,69.88,20,49,86.8,0.2,20,0,0,0,1,1,0,3,1,3,1.5996893793942653
4492,69.9,36,102,157.4,0.2,36,0,0,0,1,1,0,7,2,4,1.4165270454864403
4493,69.91,12,41,46.6,0.2,12,0,0,0,1,1,0,4,1,3,1.5631226058950585
4494,69.94,50,156,219.4,0.2,50,0,0,0,1,1,0,9,4,10,1.3763124380471101
4495,69.98,49,178,222.5,0.2,51,0,0,0,0,0,1,13,3,16,1.4722612544848188
4496,69.99,15,44,67.5,0.2,16,0,0,0,1,1,0,3,1,1,1.9235579022787404
4497,70.01,22,75,93.3,0.2,22,0,0,0,1,1,0,4,2,2,1.410013625366709
4498,70.02,24,75,101.9,0.2,24,0,0,0,1,1,0,5,2,6,1.327330776178142
4499,70.03,14,41,57.8,0.2,14,0,0,0,1,1,0,3,2,1,1.9116774358676842
4500,70.04,7,26,24.9,0.2,7,0,0,0,1,1,0,2,2,5,1.9709014361966266
4501,70.07,50,164,221.5,0.2,50,0,0,0,1,1,0,6,3,11,1.574531599259761
4502,70.09,34,93,156.5,0.2,35,0,0,0,1,1,0,4,4,2,1.6377786726959558
4503,70.11,21,49,90.0,0.2,21,0,0,0,1,1,0,5,2,1,1.930716305583556
4504,70.11,10,31,38.7,0.2,10,0,0,0,1,1,0,3,1,2,1.5417026280327688
4505,70.12,4,12,12.8,0.2,4,0,0,0,1,1,0,1,1,0,2.8582714078397107
4506,70.12,2,9,3.1,0.2,2,0,0,0,1,1,0,1,1,0,3.735909161960132
4507,70.12,1,7,-3.7,0.2,1,0,0,0,1,1,0,3,1,0,4.368649266961717
4508,70.13,18,56,79.2,0.2,19,0,0,0,1,1,0,5,2,2,1.2837746604268685
4509,70.17,49,184,230.2,0.2,51,0,0,0,0,0,1,6,5,3,1.251022131304157
4510,70.21,49,163,233.2,0.2,51,0,0,0,0,0,1,5,3,4,1.3249915040520754
4511,70.23,31,101,131.9,0.2,31,0,0,0,1,1,0,8,5,0,1.277612071901612
4512,70.23,9,27,34.3,0.2,9,0,0,0,1,1,0,3,1,0,2.310687957057265
4513,70.27,49,151,229.3,0.2,51,0,0,0,0,0,1,10,1,5,1.6433071875708611
4514,70.3,44,145,198.9,0.2,45,0,0,0,1,1,0,6,3,6,1.4333683500686103
4515,70.31,24,54,104.5,0.2,24,0,0,0,1,1,0,5,1,1,1.6873829855289946
4516,70.33,33,83,145.4,0.2,33,0,0,0,1,1,0,6,3,3,1.6079729274397208
4517,70.36,49,148,228.7,0.2,51,0,0,0,0,0,1,11,6,4,1.6866859896779047
4518,70.38,27,72,120.3,0.2,27,0,0,0,1,1,0,2,2,5,1.4438239732369231
4519,70.41,44,136,197.9,0.2,44,0,0,0,1,1,0,3,4,5,1.3930268078957293
4520,70.41,3,10,8.0,0.2,3,0,0,0,1,1,0,1,1,0,3.3322313348198014
4521,70.44,49,149,234.4,0.2,51,0,0,0,0,0,1,5,3,6,1.440327134384641
4522,70.47,49,146,234.7,0.2,51,0,0,0,0,0,1,5,2,6,1.509202464390599
4523,70.49,27,74,119.5,0.2,27,0,0,0,1,1,0,3,1,1,1.4052189742549452
4524,70.51,28,70,123.7,0.2,28,0,0,0,1,1,0,4,4,3,1.4479210942419098
4525,70.51,8,19,32.1,0.2,8,0,0,0,1,1,0,1,2,0,2.1980101393324243
4526,70.52,22,45,97.4,0.2,22,0,0,0,1,1,0,3,2,1,1.9002039003110802
4527,70.55,39,117,179.1,0.2,40,0,0,0,1,1,0,4,3,2,1.3639219262555267
4528,70.56,13,47,52.1,0.2,13,0,0,0,1,1,0,3,2,2,1.3957103658717018
4529,70.59,49,170,214.3,0.2,49,0,0,0,1,1,0,8,6,7,1.5374526790583218
4530,70.61,31,77,141.1,0.2,32,0,0,0,1,1,0,6,1,2,1.6049886045297257
4531,70.61,7,17,28.3,0.2,7,0,0,0,1,1,0,0,1,0,2.1609384739319974
4532,70.65,49,170,207.3,0.2,49,0,0,0,1,1,0,15,4,7,1.3309859559781916
4533,70.66,21,50,88.8,0.2,21,0,0,0,1,1,0,6,3,2,1.5561208774415038
4534,70.66,1,7,-4.7,0.2,1,0,0,0,1,1,0,4,1,0,4.301262088037807
4535,70.67,11,40,48.5,0.2,12,0,0,0,1,1,0,2,2,5,1.329716041638819
4536,70.67,4,9,12.1,0.2,4,0,0,0,1,1,0,2,1,0,3.3800431643602553
4537,70.68,14,33,66.6,0.2,15,0,0,0,1,1,0,0,1,1,1.8995018299691226
4538,70.68,9,26,34.1,0.2,9,0,0,0,1,1,0,3,1,3,1.9417913858734115
4539,70.72,49,156,232.8,0.2,51,0,0,0,0,0,1,6,1,5,1.5778139766624022
4540,70.73,18,46,79.4,0.2,18,0,0,0,1,1,0,1,2,0,1.763531935040302
4541,70.73,7,24,27.5,0.2,7,0,0,0,1,1,0,0,1,1,1.678489231646312
4542,70.75,29,89,124.6,0.2,29,0,0,0,1,1,0,6,2,5,1.2979147087094653
4543,70.77,23,66,98.2,0.2,23,0,0,0,1,1,0,5,1,2,1.718179820801087
4544,70.78,23,50,100.8,0.2,23,0,0,0,1,1,0,4,2,2,1.7254950309309054
4545,70.81,50,140,222.4,0.2,50,0,0,0,1,1,0,8,4,6,1.5585936461044623
4546,70.81,2,7,4.3,0.2,2,0,0,0,1,1,0,0,1,0,3.504735213776762
4547,70.82,11,33,43.6,0.2,11,0,0,0,1,1,0,3,2,1,2.0663510858322884
4548,70.83,23,71,101.5,0.2,24,0,0,0,1,1,0,6,1,4,1.4767906847765042
4549,70.84,14,35,60.4,0.2,14,0,0,0,1,1,0,1,1,1,1.8357374112198468
4550,70.86,36,96,160.9,0.2,36,0,0,0,1,1,0,4,4,5,1.391787698837241
4551,70.88,45,115,205.5,0.2,45,0,0,0,1,1,0,3,6,0,1.5222459063804363
4552,70.88,2,5,2.5,0.2,2,0,0,0,1,1,0,2,1,0,4.738303864981466
4553,70.92,48,170,204.2,0.2,48,0,0,0,1,1,0,13,8,8,1.2920576271854363
4554,70.95,42,124,183.5,0.2,42,0,0,0,1,1,0,9,1,1,1.3872640504385454
4555,70.96,25,60,112.7,0.2,25,0,0,0,1,1,0,1,4,3,1.6483466405135967
4556,70.97,9,24,37.5,0.2,9,0,0,0,1,1,0,0,1,1,2.3512336303083736
4557,71.01,49,166,230.2,0.2,51,0,0,0,0,0,1,8,2,1,1.517705837412666
4558,71.02,23,65,100.2,0.2,23,0,0,0,1,1,0,3,3,3,1.247190480027867
4559,71.04,49,131,237.6,0.2,51,0,0,0,0,0,1,4,2,2,1.4294189889195756
4560,71.06,18,49,80.8,0.2,19,0,0,0,1,1,0,4,2,3,1.6790800202706087
4561,71.07,14,35,59.5,0.2,14,0,0,0,1,1,0,2,1,0,1.7534345513055642
4562,71.07,4,8,12.2,0.2,4,0,0,0,1,1,0,2,1,0,4.603463357782687
4563,71.08,13,36,52.4,0.2,13,0,0,0,1,1,0,4,1,0,1.5943460263450442
4564,71.08,4,14,12.6,0.2,4,0,0,0,1,1,0,1,2,0,2.0932162590412147
4565,71.09,12,27,50.2,0.2,12,0,0,0,1,1,0,2,1,1,2.0934538378235144
4566,71.11,27,87,115.1,0.2,27,0,0,0,1,1,0,6,1,2,1.5449144884689903
4567,71.11,4,12,11.8,0.2,4,0,0,0,1,1,0,2,1,0,2.5783386754433746
4568,71.13,32,96,143.2,0.2,33,0,0,0,1,1,0,7,4,2,1.5242717371677819
4569,71.14,6,15,28.5,0.2,7,0,0,0,1,1,0,0,2,0,2.759496234375948
4570,71.14,4,5,14.5,0.2,4,0,0,0,1,1,0,0,1,0,5.76270921941546
4571,71.14,9,24,34.6,0.2,9,0,0,0,1,1,0,3,1,0,1.7157496446734346
4572,71.17,39,110,177.8,0.2,40,0,0,0,1,1,0,6,3,2,1.3574046594601636
4573,71.19,29,81,125.5,0.2,29,0,0,0,1,1,0,6,2,4,1.543214904189714
4574,71.19,10,20,42.0,0.2,10,0,0,0,1,1,0,1,1,0,2.4138305577091854
4575,71.19,2,10,1.0,0.2,2,0,0,0,1,1,0,3,1,0,3.404762234123904
4576,71.2,6,14,22.6,0.2,6,0,0,0,1,1,0,1,1,0,2.4085776751983343
4577,71.23,49,152,236.3,0.2,51,0,0,0,0,0,1,3,2,4,1.631879050898669
4578,71.24,23,50,102.9,0.2,23,0,0,0,1,1,0,2,3,1,1.6019230843810366
4579,71.28,49,170,229.3,0.2,51,0,0,0,0,0,1,8,4,6,1.440755569327051
4580,71.3,35,98,154.8,0.2,35,0,0,0,1,1,0,5,3,4,1.5017128104206428
4581,71.3,3,14,7.5,0.2,3,0,0,0,1,1,0,1,1,1,2.6101228281140862
4582,71.33,49,144,218.2,0.2,49,0,0,0,1,1,0,7,5,4,1.5489486088936248
4583,71.36,32,107,138.7,0.2,32,0,0,0,1,1,0,5,4,6,1.2313679306790355
4584,71.36,8,19,36.0,0.2,9,0,0,0,1,1,0,2,1,1,2.3329741866922333
4585,71.36,4,15,10.5,0.2,4,0,0,0,1,1,0,3,1,0,2.513950961755579
4586,71.38,20,55,85.4,0.2,20,0,0,0,1,1,0,4,1,1,1.6575655067847956
4587,71.38,7,24,24.5,0.2,7,0,0,0,1,1,0,3,1,1,2.022394413150353
4588,71.38,2,8,3.2,0.2,2,0,0,0,1,1,0,1,1,0,3.0363490278101155
4589,71.39,15,42,58.7,0.2,15,0,0,0,1,1,0,7,3,1,1.5002076818634702
4590,71.4,3,10,6.8,0.2,3,0,0,0,1,1,0,2,1,2,2.9622763191336037
4591,71.43,47,146,208.6,0.2,47,0,0,0,1,1,0,6,3,8,1.4698809499626324
4592,71.43,7,19,23.1,0.2,7,0,0,0,1,1,0,5,1,0,2.1159961402897816
4593,71.44,13,38,55.1,0.2,13,0,0,0,1,1,0,1,2,1,1.7411459704909065
4594,71.46,35,85,160.3,0.2,35,0,0,0,1,1,0,1,2,2,1.532231059612432
4595,71.46,0,6,-8.6,0.2,0,0,0,0,1,1,0,3,1,0,5.298555719364942
4596,71.47,8,31,28.9,0.2,8,0,0,0,1,1,0,3,1,0,1.6254124480543013
4597,71.51,49,167,226.0,0.2,51,0,0,0,0,0,1,12,2,2,1.504146829477862
4598,71.53,24,74,104.5,0.2,24,0,0,0,1,1,0,3,2,1,1.438318776584402
4599,71.53,2,5,1.5,0.2,2,0,0,0,1,1,0,3,1,0,5.567532328638361
4600,71.56,49,175,213.9,0.2,50,0,0,0,1,1,0,13,5,6,1.4980991393380323
4601,71.58,19,43,84.6,0.2,19,0,0,0,1,1,0,1,1,1,1.9788052290249736
4602,71.58,16,32,68.7,0.2,16,0,0,0,1,1,0,3,1,1,2.6371175887132674
4603,71.62,50,165,219.9,0.2,50,0,0,0,1,1,0,8,4,6,1.6175924789704368
4604,71.64,30,91,137.7,0.2,31,0,0,0,1,1,0,3,1,2,1.5407450928642545
4605,71.65,27,66,126.2,0.2,28,0,0,0,1,1,0,2,1,2,1.6148861213006316
4606,71.65,3,5,8.5,0.2,3,0,0,0,1,1,0,1,1,0,4.915961980753649
4607,71.69,49,156,232.1,0.2,51,0,0,0,0,0,1,7,5,2,1.5281248976280641
4608,71.69,5,15,17.4,0.2,5,0,0,0,1,1,0,1,2,1,2.803410985263688
4609,71.69,2,5,2.4,0.2,2,0,0,0,1,1,0,2,1,1,5.956020437508464
4610,71.7,10,26,39.3,0.2,10,0,0,0,1,1,0,3,2,1,2.1698115909860007
4611,71.71,28,69,125.8,0.2,28,0,0,0,1,1,0,2,2,3,1.470280253562208
4612,71.72,12,37,48.2,0.2,12,0,0,0,1,1,0,3,1,1,1.5540531775384812
4613,71.72,1,6,-1.6,0.2,1,0,0,0,1,1,0,1,1,0,5.191940525738513
4614,71.75,42,121,188.0,0.2,42,0,0,0,1,1,0,4,1,9,1.7031385137241446
4615,71.76,5,26,10.3,0.2,5,0,0,0,1,1,0,7,1,1,2.267673021678211
4616,71.8,49,171,216.0,0.2,49,0,0,0,1,1,0,6,7,9,1.4830608166019796
4617,71.82,45,124,199.6,0.2,45,0,0,0,1,1,0,8,4,0,1.463882070307113
4618,71.84,31,88,137.0,0.2,31,0,0,0,1,1,0,4,2,2,1.5080860894915353
4619,71.85,16,41,67.6,0.2,16,0,0,0,1,1,0,3,2,3,1.5094564314729984
4620,71.87,23,59,101.1,0.2,23,0,0,0,1,1,0,3,2,0,1.4671643435814765
4621,71.89,44,132,194.3,0.2,44,0,0,0,1,1,0,7,1,5,1.4785643123541108
4622,71.91,16,42,66.5,0.2,16,0,0,0,1,1,0,4,2,3,1.500585384164737
4623,71.92,15,39,61.0,0.2,15,0,0,0,1,1,0,5,1,1,1.7824009141994093
4624,71.92,1,6,-1.6,0.2,1,0,0,0,1,1,0,1,1,0,2.990940675979699
4625,71.93,26,73,112.6,0.2,26,0,0,0,1,1,0,5,3,1,1.408570828846098
4626,71.94,10,28,40.2,0.2,10,0,0,0,1,1,0,2,1,0,1.8817685223429454
4627,71.97,45,157,196.7,0.2,45,0,0,0,1,1,0,7,2,6,1.418952032218457
4628,72.0,33,99,145.7,0.2,33,0,0,0,1,1,0,4,2,4,1.4730876509105408
4629,72.02,26,63,112.5,0.2,26,0,0,0,1,1,0,6,2,2,1.6187640909109655
4630,72.05,50,144,229.1,0.2,50,0,0,0,0,0,1,6,4,4,1.316175588713302
4631,72.08,50,143,224.4,0.2,50,0,0,0,1,1,0,6,4,3,1.4827781281146317
4632,72.09,5,18,17.2,0.2,5,0,0,0,1,1,0,1,1,0,2.1269830588253593
4633,72.12,47,153,207.2,0.2,48,0,0,0,1,1,0,12,6,5,1.4282782066021145
4634,72.13,11,29,46.0,0.2,11,0,0,0,1,1,0,1,1,1,1.7250026357406776
4635,72.14,18,44,80.5,0.2,18,0,0,0,1,1,0,0,3,1,1.5749590021724975
4636,72.18,45,153,196.4,0.2,45,0,0,0,1,1,0,8,7,3,1.3822248528496706
4637,72.18,3,8,8.1,0.2,3,0,0,0,1,1,0,1,1,1,3.835999042407569
4638,72.2,34,84,151.4,0.2,34,0,0,0,1,1,0,5,2,2,1.4425862238258833
4639,72.22,25,66,109.3,0.2,25,0,0,0,1,1,0,4,3,1,1.5621978612254956
4640,72.23,19,50,81.7,0.2,19,0,0,0,1,1,0,3,1,3,1.4665957297419374
4641,72.24,18,45,79.3,0.2,18,0,0,0,1,1,0,1,1,2,1.8616255801682822
4642,72.28,49,155,234.0,0.2,51,0,0,0,0,0,1,5,3,4,1.4613514237302883
4643,72.33,48,147,212.7,0.2,48,0,0,0,1,1,0,7,2,6,1.3711212091884433
4644,72.33,2,5,8.5,0.2,3,0,0,0,1,1,0,1,1,0,4.418657958336324
4645,72.34,22,54,95.5,0.2,22,0,0,0,1,1,0,4,2,1,1.9262203089904557
4646,72.35,18,53,74.5,0.2,18,0,0,0,1,1,0,5,1,2,1.3560699884370115
4647,72.36,3,16,5.3,0.2,3,0,0,0,1,1,0,3,1,1,1.9678106308497614
4648,72.39,49,150,234.3,0.2,51,0,0,0,0,0,1,5,4,6,1.5788124302155082
4649,72.41,28,98,115.5,0.2,28,0,0,0,1,1,0,9,2,7,1.461092722515855
4650,72.42,3,5,13.5,0.2,4,0,0,0,1,1,0,1,1,0,5.911609147406234
4651,72.45,49,144,235.3,0.2,51,0,0,0,0,0,1,5,2,2,1.4581023297359208
4652,72.45,6,17,21.0,0.2,6,0,0,0,1,1,0,2,1,3,2.2433464170435666
4653,72.46,24,59,101.6,0.2,24,0,0,0,1,1,0,7,3,5,1.570278137773593
4654,72.51,49,159,223.5,0.2,50,0,0,0,1,1,0,5,4,6,1.347360172406675
4655,72.51,3,8,13.2,0.2,4,0,0,0,1,1,0,1,1,0,4.066805169957435
4656,72.53,46,123,209.7,0.2,46,0,0,0,1,1,0,3,2,0,1.4729174520258417
4657,72.54,12,33,51.5,0.2,12,0,0,0,1,1,0,0,1,2,1.9558313935856877
4658,72.55,15,43,65.5,0.2,15,0,0,0,1,1,0,0,2,2,2.001610901747154
4659,72.57,32,81,141.7,0.2,32,0,0,0,1,1,0,5,3,2,1.4395378047509437
4660,72.58,11,24,51.4,0.2,12,0,0,0,1,1,0,1,1,2,2.0137628672693504
4661,72.59,23,54,107.4,0.2,24,0,0,0,1,1,0,2,3,2,1.7292852956416953
4662,72.62,49,145,237.0,0.2,51,0,0,0,0,0,1,3,2,4,1.5018583443952174
4663,72.63,21,44,92.3,0.2,21,0,0,0,1,1,0,3,2,3,1.7538502335013724
4664,72.65,24,70,102.9,0.2,24,0,0,0,1,1,0,5,3,1,1.5973145182966237
4665,72.69,50,159,222.2,0.2,50,0,0,0,1,1,0,6,4,9,1.4178384046973158
4666,72.7,19,48,85.1,0.2,19,0,0,0,1,1,0,0,1,1,1.755641694775573
4667,72.71,19,45,84.4,0.2,19,0,0,0,1,1,0,1,1,1,1.481994750669688
4668,72.71,2,9,4.0,0.2,2,0,0,0,1,1,0,0,1,1,3.7184439578485575
4669,72.74,37,99,165.0,0.2,37,0,0,0,1,1,0,5,2,1,1.4528933387679739
4670,72.78,49,174,230.0,0.2,51,0,0,0,0,0,1,7,3,5,1.5040456638863289
4671,72.82,49,147,232.6,0.2,51,0,0,0,0,0,1,7,2,6,1.5040861430174135
4672,72.83,15,42,60.7,0.2,15,0,0,0,1,1,0,5,3,1,1.5744586526770736
4673,72.84,13,32,60.8,0.2,14,0,0,0,1,1,0,1,1,0,1.5821671707046114
4674,72.86,36,96,159.8,0.2,36,0,0,0,1,1,0,5,4,6,1.252609760353148
4675,72.86,1,7,-2.7,0.2,1,0,0,0,1,1,0,2,1,0,3.266114778844415
4676,72.89,44,137,196.1,0.2,44,0,0,0,1,1,0,5,5,2,1.3487373133825598
4677,72.91,27,81,114.6,0.2,27,0,0,0,1,1,0,7,2,3,1.5027911881239333
4678,72.92,8,17,32.2,0.2,8,0,0,0,1,1,0,1,1,1,2.4288362097833414
4679,72.94,37,106,161.6,0.2,37,0,0,0,1,1,0,7,1,8,1.76638503311811
4680,72.95,4,12,12.8,0.2,4,0,0,0,1,1,0,1,1,0,2.4678121128948125
4681,72.95,9,31,37.6,0.2,10,0,0,0,1,1,0,4,1,3,1.92117333540064
4682,72.98,40,108,178.6,0.2,40,0,0,0,1,1,0,5,1,6,1.5076394083686404
4683,73.01,49,142,222.1,0.2,49,0,0,0,1,1,0,3,5,7,1.476129404437766
4684,73.03,31,95,136.1,0.2,31,0,0,0,1,1,0,4,3,4,1.6785211665443596
4685,73.04,9,20,37.9,0.2,9,0,0,0,1,1,0,0,1,1,2.231581538097896
4686,73.06,24,81,103.5,0.2,24,0,0,0,1,1,0,3,5,4,1.3947816786888083
4687,73.09,49,146,235.7,0.2,51,0,0,0,0,0,1,4,3,6,1.5838772934313545
4688,73.1,26,78,110.0,0.2,26,0,0,0,1,1,0,7,2,2,1.4806151114326302
4689,73.13,44,117,198.9,0.2,44,0,0,0,1,1,0,4,3,4,1.492342349700227
4690,73.14,23,48,104.1,0.2,23,0,0,0,1,1,0,1,2,1,1.7105641618046168
4691,73.17,38,117,167.2,0.2,38,0,0,0,1,1,0,6,2,1,1.3501709831436581
4692,73.17,2,9,4.1,0.2,2,0,0,0,1,1,0,0,1,0,2.6270372150465158
4693,73.2,50,145,229.9,0.2,50,0,0,0,0,0,1,5,3,5,1.387687211239742
4694,73.21,10,26,39.3,0.2,10,0,0,0,1,1,0,3,1,1,2.1214063989537193
4695,73.22,7,17,28.3,0.2,7,0,0,0,1,1,0,0,1,0,2.0751962426073716
4696,73.22,10,25,46.5,0.2,11,0,0,0,1,1,0,1,1,0,2.0281443377658643
4697,73.22,2,9,2.1,0.2,2,0,0,0,1,1,0,2,1,0,3.4723997347912374
4698,73.25,49,136,235.9,0.2,51,0,0,0,0,0,1,5,0,4,1.5230997487022468
4699,73.28,43,114,197.4,0.2,44,0,0,0,1,1,0,6,4,2,1.4067667773033983
4700,73.28,7,12,27.7,0.2,7,0,0,0,1,1,0,1,1,1,2.934843724733172
4701,73.31,41,105,180.4,0.2,41,0,0,0,1,1,0,9,1,1,1.5334824941652863
4702,73.34,45,132,202.5,0.2,45,0,0,0,1,1,0,4,2,3,1.4980646890324512
4703,73.35,13,34,54.4,0.2,13,0,0,0,1,1,0,2,3,2,1.9586931550055156
4704,73.39,45,171,189.3,0.2,45,0,0,0,1,1,0,13,5,6,1.4436344894589486
4705,73.39,4,13,11.7,0.2,4,0,0,0,1,1,0,2,1,0,2.640091810906805
4706,73.41,39,100,177.6,0.2,39,0,0,0,1,1,0,2,2,4,1.3510343755130259
4707,73.42,1,7,-3.7,0.2,1,0,0,0,1,1,0,3,1,0,4.169657675372834
4708,73.43,22,64,92.4,0.2,22,0,0,0,1,1,0,6,4,2,1.4883803858694828
4709,73.46,37,104,163.4,0.2,37,0,0,0,1,1,0,6,4,2,1.7468430788049285
4710,73.47,22,75,90.4,0.2,22,0,0,0,1,1,0,7,3,1,1.3366691219578801
4711,73.48,7,20,25.0,0.2,7,0,0,0,1,1,0,3,2,0,2.3493752144291724
4712,73.49,33,76,150.0,0.2,33,0,0,0,1,1,0,2,1,4,1.5928060661287347
4713,73.5,6,17,20.2,0.2,6,0,0,0,1,1,0,3,2,1,2.5800220673772283
4714,73.53,47,135,208.1,0.2,47,0,0,0,1,1,0,8,3,4,1.4700505512978084
4715,73.55,43,115,191.4,0.2,43,0,0,0,1,1,0,7,4,1,1.5333685429219217
4716,73.59,49,139,233.8,0.2,51,0,0,0,0,0,1,7,1,2,1.7292827420872905
4717,73.62,46,128,203.8,0.2,46,0,0,0,1,1,0,8,1,4,1.420257571654489
4718,73.62,4,9,14.1,0.2,4,0,0,0,1,1,0,0,1,0,2.7995238070636765
4719,73.64,37,101,163.6,0.2,37,0,0,0,1,1,0,6,5,3,1.2724806896356258
4720,73.66,17,50,76.9,0.2,18,0,0,0,1,1,0,3,2,1,1.3809076639205649
4721,73.66,1,5,-0.5,0.2,1,0,0,0,1,1,0,0,1,0,4.6035528862377575
4722,73.67,13,37,53.0,0.2,13,0,0,0,1,1,0,3,1,3,1.6674390870265348
4723,73.7,34,95,148.3,0.2,34,0,0,0,1,1,0,7,1,2,1.4237863111570093
4724,73.73,49,159,236.6,0.2,51,0,0,0,0,0,1,2,1,4,1.466726616635509
4725,73.74,18,53,76.5,0.2,18,0,0,0,1,1,0,3,3,2,1.463236034209773
4726,73.77,41,99,186.8,0.2,41,0,0,0,1,1,0,3,3,3,1.4946613028712077
4727,73.8,49,153,232.3,0.2,51,0,0,0,0,0,1,7,3,3,1.508885652728224
4728,73.81,8,26,27.4,0.2,8,0,0,0,1,1,0,5,1,0,2.2467695187838226
4729,73.82,15,46,64.3,0.2,16,0,0,0,1,1,0,6,1,1,1.5139549891256514
4730,73.83,14,39,55.0,0.2,14,0,0,0,1,1,0,6,1,1,1.705307638932394
4731,73.83,5,20,15.9,0.2,5,0,0,0,1,1,0,2,1,1,2.3294704056466777
4732,73.85,18,40,78.9,0.2,18,0,0,0,1,1,0,2,1,1,1.6030484511369338
4733,73.86,22,43,99.5,0.2,22,0,0,0,1,1,0,1,1,2,1.754235410538448
4734,73.86,8,24,30.5,0.2,8,0,0,0,1,1,0,2,1,1,1.7037193811050872
4735,73.87,13,37,55.3,0.2,13,0,0,0,1,1,0,1,2,0,1.677021100826411
4736,73.88,8,26,35.4,0.2,9,0,0,0,1,1,0,2,2,0,2.007508385326058
4737,73.92,46,150,204.2,0.2,46,0,0,0,1,1,0,5,4,8,1.4832678245131805
4738,73.93,20,52,88.5,0.2,20,0,0,0,1,1,0,1,2,3,1.6279023235322865
4739,73.95,31,92,135.4,0.2,31,0,0,0,1,1,0,5,1,4,1.4629000966268937
4740,73.97,33,88,146.8,0.2,34,0,0,0,1,1,0,9,2,4,1.5640925381250725
4741,74.01,48,147,214.8,0.2,48,0,0,0,1,1,0,5,3,5,1.452062358686089
4742,74.02,26,72,114.0,0.2,26,0,0,0,1,1,0,3,1,8,1.5314682705345004
4743,74.03,20,61,87.9,0.2,21,0,0,0,1,1,0,6,2,0,1.387222989358289
4744,74.04,5,17,21.3,0.2,6,0,0,0,1,1,0,2,1,0,1.9190835967975195
4745,74.07,49,145,232.2,0.2,51,0,0,0,0,0,1,8,3,2,1.4986945514019339
4746,74.09,17,52,76.8,0.2,18,0,0,0,1,1,0,3,1,0,1.6679226130092795
4747,74.1,10,35,36.5,0.2,10,0,0,0,1,1,0,5,1,0,1.8456837070593155
4748,74.11,26,64,114.3,0.2,26,0,0,0,1,1,0,4,1,3,1.3470359603978999
4749,74.12,21,43,91.7,0.2,21,0,0,0,1,1,0,4,2,0,1.8523092929383365
4750,74.13,14,36,65.3,0.2,15,0,0,0,1,1,0,1,2,1,1.8324384366124908
4751,74.15,27,64,117.3,0.2,27,0,0,0,1,1,0,6,2,3,1.9157253425511676
4752,74.15,7,13,25.7,0.2,7,0,0,0,1,1,0,3,1,0,3.478014559606518
4753,74.17,18,51,76.6,0.2,18,0,0,0,1,1,0,3,3,3,1.6338465177588468
4754,74.17,11,22,47.8,0.2,11,0,0,0,1,1,0,0,2,0,2.3813620195341385
4755,74.17,2,6,8.3,0.2,3,0,0,0,1,1,0,1,1,1,3.6024604740702766
4756,74.18,7,18,26.1,0.2,7,0,0,0,1,1,0,2,1,1,2.671611278408853
4757,74.22,49,157,235.6,0.2,51,0,0,0,0,0,1,3,5,6,1.5161266354727343
4758,74.24,41,112,185.5,0.2,42,0,0,0,1,1,0,8,2,3,1.3303747133391854
4759,74.28,49,151,225.3,0.2,51,0,0,0,0,0,1,14,3,5,1.489249292632745
4760,74.28,1,5,-1.5,0.2,1,0,0,0,1,1,0,1,1,0,5.430761776284031
4761,74.32,46,173,196.0,0.2,46,0,0,0,1,1,0,11,3,7,1.34916540878615
4762,74.35,49,138,235.8,0.2,51,0,0,0,0,0,1,5,1,3,1.58021581532127
4763,74.35,5,11,17.9,0.2,5,0,0,0,1,1,0,1,1,0,3.6835597172891155
4764,74.36,10,24,39.6,0.2,10,0,0,0,1,1,0,3,1,0,2.0326688683204144
4765,74.36,2,5,3.5,0.2,2,0,0,0,1,1,0,1,1,0,5.1148592722265365
4766,74.38,19,54,79.4,0.2,19,0,0,0,1,1,0,5,3,2,1.4590414429366456
4767,74.41,49,162,213.2,0.2,49,0,0,0,1,1,0,10,4,6,1.4882219126317249
4768,74.46,49,182,225.1,0.2,51,0,0,0,0,0,1,11,2,6,1.3108858540835224
4769,74.46,5,13,17.7,0.2,5,0,0,0,1,1,0,1,1,0,2.77333290679907
4770,74.48,36,81,160.6,0.2,36,0,0,0,1,1,0,6,1,3,1.5015585133561227
4771,74.49,4,9,14.1,0.2,4,0,0,0,1,1,0,0,1,0,3.412498008258508
4772,74.5,19,63,79.6,0.2,19,0,0,0,1,1,0,4,3,1,1.6279661744620961
4773,74.51,10,23,41.6,0.2,10,0,0,0,1,1,0,1,1,1,2.4047816211650472
4774,74.53,26,76,111.9,0.2,26,0,0,0,1,1,0,5,2,5,1.4560547605715968
4775,74.53,1,7,-3.7,0.2,1,0,0,0,1,1,0,3,1,0,3.8569826968076195
4776,74.53,9,23,37.6,0.2,9,0,0,0,1,1,0,0,1,1,2.052282225474431
4777,74.56,42,128,186.8,0.2,43,0,0,0,1,1,0,10,3,4,1.3857634652787065
4778,74.57,2,5,1.5,0.2,2,0,0,0,1,1,0,3,1,0,6.294812867488762
4779,74.59,34,123,147.3,0.2,34,0,0,0,1,1,0,5,4,4,1.3285795808690113
4780,74.6,8,23,28.7,0.2,8,0,0,0,1,1,0,4,1,0,2.374512989829963
4781,74.64,49,171,230.0,0.2,51,0,0,0,0,0,1,7,5,8,1.4953178091181094
4782,74.65,11,23,46.6,0.2,11,0,0,0,1,1,0,1,2,1,2.0138873123364234
4783,74.67,30,76,134.2,0.2,30,0,0,0,1,1,0,3,1,2,1.5702233878592782
4784,74.69,31,83,136.4,0.2,31,0,0,0,1,1,0,5,1,3,1.3947182952505903
4785,74.69,2,8,4.1,0.2,2,0,0,0,1,1,0,0,1,1,3.591429690368049
4786,74.73,49,166,230.9,0.2,51,0,0,0,0,0,1,7,1,4,1.5228572724472784
4787,74.73,2,10,7.8,0.2,3,0,0,0,1,1,0,1,1,2,2.8785378894980647
4788,74.74,8,17,32.3,0.2,8,0,0,0,1,1,0,1,2,0,2.1879588066652427
4789,74.74,5,12,16.6,0.2,5,0,0,0,1,1,0,2,1,2,3.1312864697552203
4790,74.75,7,27,25.1,0.2,7,0,0,0,1,1,0,2,1,2,2.1926058105897233
4791,74.78,49,158,234.7,0.2,51,0,0,0,0,0,1,4,3,4,1.5290762227123806
4792,74.82,48,154,212.9,0.2,48,0,0,0,1,1,0,6,3,7,1.6234078834992212
4793,74.85,49,169,230.2,0.2,51,0,0,0,0,0,1,7,5,8,1.5983401073409065
4794,74.85,1,5,3.5,0.2,2,0,0,0,1,1,0,1,1,0,4.346481910193093
4795,74.85,0,5,-1.5,0.2,1,0,0,0,1,1,0,1,1,0,5.498544962987607
4796,74.86,8,25,30.5,0.2,8,0,0,0,1,1,0,2,2,0,1.7809850999528785
4797,74.9,49,183,230.4,0.2,51,0,0,0,0,0,1,6,6,2,1.4816718447103745
4798,74.91,8,18,38.2,0.2,9,0,0,0,1,1,0,0,1,0,1.98138895056708
4799,74.92,17,50,72.5,0.2,17,0,0,0,1,1,0,2,1,5,1.244831637588174
4800,74.94,31,78,137.1,0.2,31,0,0,0,1,1,0,5,3,1,1.6429125068481953
4801,74.95,12,27,50.2,0.2,12,0,0,0,1,1,0,2,2,1,1.8634947807663904
4802,74.95,4,18,11.0,0.2,4,0,0,0,1,1,0,2,1,2,1.7970557099275324
4803,74.97,31,84,138.5,0.2,32,0,0,0,1,1,0,8,3,1,1.5486436205319865
4804,74.98,10,21,41.9,0.2,10,0,0,0,1,1,0,1,2,0,2.199178541765674
4805,74.98,8,17,33.3,0.2,8,0,0,0,1,1,0,0,1,0,2.600451287924547
4806,74.98,1,6,-2.7,0.2,1,0,0,0,1,1,0,2,1,1,5.78063714721565
4807,74.99,6,16,19.4,0.2,6,0,0,0,1,1,0,4,1,0,2.398833318166548
4808,75.0,15,51,61.5,0.2,15,0,0,0,1,1,0,3,1,4,1.4724793741280162
4809,75.03,49,152,229.1,0.2,51,0,0,0,0,0,1,10,3,6,1.5235800697936324
4810,75.04,12,35,46.4,0.2,12,0,0,0,1,1,0,5,2,1,1.75705829160861
4811,75.05,18,44,83.4,0.2,19,0,0,0,1,1,0,2,2,2,1.564591038772984
4812,75.08,37,104,167.8,0.2,38,0,0,0,1,1,0,6,4,8,1.1946680389152924
4813,75.11,48,137,217.0,0.2,48,0,0,0,1,1,0,4,6,3,1.4644483820282816
4814,75.14,45,119,205.8,0.2,45,0,0,0,1,1,0,2,2,3,1.3493000617503703
4815,75.14,2,5,3.5,0.2,2,0,0,0,1,1,0,1,1,0,4.141973196498367
4816,75.15,13,39,59.8,0.2,14,0,0,0,1,1,0,1,1,3,1.9399596379668866
4817,75.16,23,57,99.0,0.2,23,0,0,0,1,1,0,5,2,3,1.6345675097268109
4818,75.16,3,5,8.5,0.2,3,0,0,0,1,1,0,1,1,0,4.1996495097353
4819,75.19,50,144,221.0,0.2,50,0,0,0,1,1,0,9,3,6,1.5457486754274552
4820,75.21,28,86,119.1,0.2,28,0,0,0,1,1,0,7,5,3,1.2124341433740418
4821,75.22,16,35,67.3,0.2,16,0,0,0,1,1,0,4,2,2,2.023495338898653
4822,75.23,8,26,31.3,0.2,8,0,0,0,1,1,0,1,2,1,2.2593498370833554
4823,75.23,8,20,31.9,0.2,8,0,0,0,1,1,0,1,2,1,2.0933631469467895
4824,75.25,32,73,141.6,0.2,32,0,0,0,1,1,0,6,1,1,1.7415663288511745
4825,75.26,15,43,65.4,0.2,15,0,0,0,1,1,0,0,2,3,1.4285580546150018
4826,75.3,49,164,233.2,0.2,51,0,0,0,0,0,1,4,3,13,1.444936591432724
4827,75.3,3,14,12.5,0.2,4,0,0,0,1,1,0,1,1,1,2.5123400413229087
4828,75.34,49,134,236.3,0.2,51,0,0,0,0,0,1,5,1,2,1.5994949090387431
4829,75.37,45,136,196.0,0.2,45,0,0,0,1,1,0,10,3,4,1.448608819883161
4830,75.4,49,141,233.6,0.2,51,0,0,0,0,0,1,7,1,2,1.4849963048371655
4831,75.43,49,142,235.5,0.2,51,0,0,0,0,0,1,5,4,2,1.6359398249121806
4832,75.44,3,16,12.4,0.2,4,0,0,0,1,1,0,1,1,0,2.463757223387116
4833,75.44,3,8,9.1,0.2,3,0,0,0,1,1,0,0,1,1,3.8938797542077337
4834,75.46,29,75,130.3,0.2,29,0,0,0,1,1,0,2,3,2,1.5603972901120096
4835,75.47,21,49,94.0,0.2,21,0,0,0,1,1,0,1,3,1,1.6272518645531324
4836,75.48,6,20,20.9,0.2,6,0,0,0,1,1,0,2,1,1,2.31161112364778
4837,75.51,35,111,154.7,0.2,36,0,0,0,1,1,0,9,4,2,1.4482469825139537
4838,75.52,12,33,49.5,0.2,12,0,0,0,1,1,0,2,1,2,1.7523132227227078
4839,75.52,1,7,-3.7,0.2,1,0,0,0,1,1,0,3,1,0,3.4045645113683602
4840,75.55,50,166,223.8,0.2,50,0,0,0,0,0,1,8,5,15,1.256259393534038
4841,75.56,5,12,23.8,0.2,6,0,0,0,1,1,0,0,1,0,2.8675490222727915
4842,75.57,16,46,64.2,0.2,16,0,0,0,1,1,0,6,2,2,1.6502809099330917
4843,75.6,40,119,173.6,0.2,40,0,0,0,1,1,0,9,2,5,1.3827444650884193
4844,75.6,12,27,50.2,0.2,12,0,0,0,1,1,0,2,3,1,1.4940525498204038
4845,75.61,4,13,11.5,0.2,4,0,0,0,1,1,0,2,1,2,2.2521836166372116
4846,75.62,33,88,145.1,0.2,33,0,0,0,1,1,0,6,3,1,1.2894680064166197
4847,75.63,3,11,5.9,0.2,3,0,0,0,1,1,0,3,1,0,2.9358850652408734
4848,75.64,14,48,57.9,0.2,14,0,0,0,1,1,0,2,1,3,1.449892638583924
4849,75.67,38,113,175.2,0.2,39,0,0,0,1,1,0,3,3,5,1.3676875568552376
4850,75.68,30,77,131.2,0.2,30,0,0,0,1,1,0,6,3,1,1.373236814204733
4851,75.68,2,6,4.4,0.2,2,0,0,0,1,1,0,0,1,0,4.870146499791281
4852,75.69,6,20,19.0,0.2,6,0,0,0,1,1,0,4,1,0,2.3050826566163263
4853,75.73,49,175,227.1,0.2,51,0,0,0,0,0,1,10,5,3,1.5077267699856973
4854,75.73,3,9,9.1,0.2,3,0,0,0,1,1,0,0,1,0,2.5208140225902533
4855,75.74,10,25,42.5,0.2,10,0,0,0,1,1,0,0,1,0,2.11363982785536
4856,75.77,49,166,229.1,0.2,51,0,0,0,0,0,1,9,2,2,1.3770251179683977
4857,75.78,2,5,8.5,0.2,3,0,0,0,1,1,0,1,1,0,4.187327032726254
4858,75.79,31,77,143.1,0.2,32,0,0,0,1,1,0,4,2,2,1.3553102805361033
4859,75.81,17,50,71.6,0.2,17,0,0,0,1,1,0,3,3,4,1.478347155428652
4860,75.81,10,23,41.7,0.2,10,0,0,0,1,1,0,1,2,0,2.050790708618733
4861,75.84,37,105,168.1,0.2,38,0,0,0,1,1,0,6,2,4,1.5201706931400432
4862,75.85,5,17,17.2,0.2,5,0,0,0,1,1,0,1,1,1,2.2619196996749436
4863,75.85,10,34,40.4,0.2,10,0,0,0,1,1,0,1,1,2,1.3763031491039555
4864,75.87,12,44,50.4,0.2,12,0,0,0,1,1,0,0,1,2,1.6141355448741974
4865,75.89,42,112,188.7,0.2,42,0,0,0,1,1,0,5,3,1,1.594001603061319
4866,75.91,37,95,168.2,0.2,37,0,0,0,1,1,0,2,3,3,1.461557880171813
4867,75.93,24,59,106.9,0.2,24,0,0,0,1,1,0,2,3,2,1.7826596086812476
4868,75.94,12,33,46.6,0.2,12,0,0,0,1,1,0,5,2,1,1.9802405996857233
4869,75.94,1,7,-3.7,0.2,1,0,0,0,1,1,0,3,1,0,4.657191218598338
4870,75.95,17,51,71.6,0.2,17,0,0,0,1,1,0,3,1,3,1.627841332323833
4871,75.97,27,69,118.8,0.2,27,0,0,0,1,1,0,4,4,3,1.2889655764019747
4872,76.01,49,167,227.9,0.2,51,0,0,0,0,0,1,10,1,3,1.6157849838507097
4873,76.02,13,34,58.6,0.2,14,0,0,0,1,1,0,3,2,0,1.4722140554703205
4874,76.02,3,12,7.8,0.2,3,0,0,0,1,1,0,1,1,0,2.6881971961221485
4875,76.05,49,164,231.7,0.2,51,0,0,0,0,0,1,6,2,8,1.4624201397601715
4876,76.06,5,15,14.4,0.2,5,0,0,0,1,1,0,4,1,1,2.7858467263662754
4877,76.06,2,7,4.2,0.2,2,0,0,0,1,1,0,0,1,1,4.773409698945711
4878,76.08,33,111,144.5,0.2,33,0,0,0,1,1,0,4,2,4,1.8019138835114397
4879,76.12,45,137,198.8,0.2,45,0,0,0,1,1,0,7,4,5,1.3468343624292791
4880,76.14,30,78,129.1,0.2,30,0,0,0,1,1,0,8,2,1,1.495127735176433
4881,76.17,43,115,194.0,0.2,43,0,0,0,1,1,0,4,1,5,1.5680117728407528
4882,76.2,39,118,172.2,0.2,39,0,0,0,1,1,0,5,3,10,1.3492510835855187
4883,76.24,47,169,206.3,0.2,47,0,0,0,1,1,0,6,3,8,1.5788870510652446
4884,76.24,12,30,51.9,0.2,12,0,0,0,1,1,0,0,1,1,1.8779578792582579
4885,76.25,3,5,8.5,0.2,3,0,0,0,1,1,0,1,1,0,5.893680286127274
4886,76.25,7,23,26.7,0.2,7,0,0,0,1,1,0,1,2,0,1.7769440114456743
4887,76.27,36,85,161.3,0.2,36,0,0,0,1,1,0,5,1,2,1.6704756761341912
4888,76.28,7,20,25.0,0.2,7,0,0,0,1,1,0,3,1,0,2.0352401632784356
4889,76.31,49,156,230.0,0.2,51,0,0,0,0,0,1,9,3,3,1.6209364877747314
4890,76.31,6,18,21.1,0.2,6,0,0,0,1,1,0,2,1,1,2.5224478766161247
4891,76.32,16,39,68.0,0.2,16,0,0,0,1,1,0,3,1,1,1.632200877772968
4892,76.33,6,19,25.1,0.2,7,0,0,0,1,1,0,3,2,0,2.1307567015911473
4893,76.36,43,119,190.8,0.2,43,0,0,0,1,1,0,7,2,3,1.5662938400794197
4894,76.37,12,35,53.5,0.2,13,0,0,0,1,1,0,3,1,0,1.5510413482424594
4895,76.37,3,5,9.5,0.2,3,0,0,0,1,1,0,0,1,0,5.202248107344824
4896,76.37,5,16,16.4,0.2,5,0,0,0,1,1,0,2,2,0,2.5768411980075685
4897,76.39,24,62,102.8,0.2,24,0,0,0,1,1,0,6,1,0,1.735798302756587
4898,76.42,46,148,208.9,0.2,47,0,0,0,1,1,0,6,6,3,1.3844152608658127
4899,76.44,23,57,105.0,0.2,24,0,0,0,1,1,0,4,2,3,1.6559859571151991
4900,76.45,23,69,97.8,0.2,23,0,0,0,1,1,0,5,3,3,1.5629915124796416
4901,76.46,13,31,54.7,0.2,13,0,0,0,1,1,0,2,1,2,2.135255778378743
4902,76.46,4,11,10.8,0.2,4,0,0,0,1,1,0,3,1,1,3.859429455477601
4903,76.47,8,22,28.6,0.2,8,0,0,0,1,1,0,4,1,2,2.2936908065636343
4904,76.5,49,147,236.0,0.2,51,0,0,0,0,0,1,4,2,2,1.5142293872129151
4905,76.52,26,73,117.4,0.2,27,0,0,0,1,1,0,5,2,3,1.3909362414049784
4906,76.53,6,20,26.9,0.2,7,0,0,0,1,1,0,1,1,1,1.8070724925312738
4907,76.55,39,102,173.5,0.2,39,0,0,0,1,1,0,6,4,3,1.4616945238392647
4908,76.56,19,54,87.5,0.2,20,0,0,0,1,1,0,2,1,1,1.5726803718378815
4909,76.6,48,157,202.3,0.2,48,0,0,0,1,1,0,16,4,10,1.4228420738315537
4910,76.61,16,32,70.8,0.2,16,0,0,0,1,1,0,1,1,0,2.2756007116705277
4911,76.63,25,69,109.4,0.2,25,0,0,0,1,1,0,3,2,7,1.4032433555650243
4912,76.65,39,94,178.5,0.2,39,0,0,0,1,1,0,2,1,1,1.5540897492201142
4913,76.69,49,164,225.9,0.2,51,0,0,0,0,0,1,12,2,6,1.345709042316503
4914,76.69,3,12,8.7,0.2,3,0,0,0,1,1,0,0,1,1,2.552843412384759
4915,76.69,7,20,31.9,0.2,8,0,0,0,1,1,0,1,1,1,2.033018925356515
4916,76.7,18,45,80.2,0.2,18,0,0,0,1,1,0,0,2,3,1.6192631371678627
4917,76.71,6,15,22.5,0.2,6,0,0,0,1,1,0,1,1,0,2.233638588148375
4918,76.72,26,63,116.5,0.2,26,0,0,0,1,1,0,2,2,2,1.8861356971705228
4919,76.73,9,23,36.7,0.2,9,0,0,0,1,1,0,1,2,0,1.8892871821166466
4920,76.75,21,70,86.6,0.2,21,0,0,0,1,1,0,6,1,4,1.835780705510496
4921,76.78,49,134,223.2,0.2,49,0,0,0,1,1,0,3,3,4,1.557097695099405
4922,76.78,6,22,21.7,0.2,6,0,0,0,1,1,0,1,2,1,2.216221802130059
4923,76.8,17,60,73.8,0.2,18,0,0,0,1,1,0,5,2,2,1.554686076871767
4924,76.81,13,40,50.9,0.2,13,0,0,0,1,1,0,5,1,1,1.7091355282402758
4925,76.82,20,62,86.6,0.2,20,0,0,0,1,1,0,2,2,2,1.5242504725605228
4926,76.82,1,5,-3.5,0.2,1,0,0,0,1,1,0,3,1,0,6.020974075693951
4927,76.83,22,49,99.0,0.2,22,0,0,0,1,1,0,1,1,1,1.952779432096956
4928,76.86,45,125,201.2,0.2,45,0,0,0,1,1,0,6,3,3,1.5285194032788663
4929,76.88,21,57,91.0,0.2,21,0,0,0,1,1,0,3,3,3,1.521038977221957
4930,76.89,24,60,104.8,0.2,24,0,0,0,1,1,0,4,3,2,1.5815975760341288
4931,76.91,36,80,164.9,0.2,36,0,0,0,1,1,0,2,3,1,1.6372300681491931
4932,76.92,11,36,50.1,0.2,12,0,0,0,1,1,0,1,1,3,1.6270130876168556
4933,76.92,4,11,10.9,0.2,4,0,0,0,1,1,0,3,1,0,3.956803259665409
4934,76.94,36,97,167.8,0.2,37,0,0,0,1,1,0,2,3,5,1.1897617891471493
4935,76.96,32,86,145.2,0.2,32,0,0,0,1,1,0,1,1,2,1.5647621739166226
4936,76.99,42,110,188.3,0.2,42,0,0,0,1,1,0,5,3,7,1.538792615034057
4937,76.99,2,5,1.5,0.2,2,0,0,0,1,1,0,3,1,0,5.8356248437201
4938,77.01,18,54,77.4,0.2,18,0,0,0,1,1,0,2,1,2,1.5699954227363564
4939,77.03,49,144,234.7,0.2,51,0,0,0,0,0,1,5,2,8,1.6954040143053428
4940,77.05,25,64,112.3,0.2,25,0,0,0,1,1,0,1,6,3,1.769448192204735
4941,77.06,12,28,48.0,0.2,12,0,0,0,1,1,0,4,3,2,2.1874807007821073
4942,77.06,6,12,22.8,0.2,6,0,0,0,1,1,0,1,1,0,3.1097914635751724
4943,77.1,50,172,221.7,0.2,50,0,0,0,0,0,1,10,4,10,1.3562092131551546
4944,77.12,33,91,144.4,0.2,33,0,0,0,1,1,0,6,3,5,1.5806569832518476
4945,77.14,42,121,182.7,0.2,42,0,0,0,1,1,0,10,2,2,1.435623821820449
4946,77.14,4,14,11.3,0.2,4,0,0,0,1,1,0,2,1,3,2.4464127433336595
4947,77.18,49,141,239.6,0.2,51,0,0,0,0,0,1,1,2,2,1.43551169961718
4948,77.18,9,17,38.2,0.2,9,0,0,0,1,1,0,0,2,1,2.654118118643439
4949,77.18,1,8,-1.8,0.2,1,0,0,0,1,1,0,1,1,0,3.2617350591450185
4950,77.19,15,33,65.6,0.2,15,0,0,0,1,1,0,1,1,1,2.008574334779957
4951,77.22,49,158,211.6,0.2,49,0,0,0,1,1,0,12,3,6,1.3704052275347476
4952,77.23,10,20,39.7,0.2,10,0,0,0,1,1,0,3,1,3,2.757124138799391
4953,77.24,11,31,41.7,0.2,11,0,0,0,1,1,0,5,3,2,1.6209702515330537
4954,77.24,12,33,50.7,0.2,12,0,0,0,1,1,0,1,1,0,2.178498276230719
4955,77.26,18,48,79.0,0.2,18,0,0,0,1,1,0,1,1,2,1.7454633212839923
4956,77.27,13,37,56.3,0.2,13,0,0,0,1,1,0,0,1,0,1.7239159552937688
4957,77.28,18,46,78.3,0.2,18,0,0,0,1,1,0,2,1,1,2.005383051569125
4958,77.28,3,11,8.9,0.2,3,0,0,0,1,1,0,0,1,0,2.551423389131452
4959,77.32,49,171,231.6,0.2,51,0,0,0,0,0,1,6,2,2,1.5311288686261144
4960,77.34,26,96,110.4,0.2,26,0,0,0,1,1,0,5,3,0,1.5057956027128618
4961,77.35,20,53,87.5,0.2,20,0,0,0,1,1,0,2,1,2,1.9168544643555452
4962,77.38,49,151,235.3,0.2,51,0,0,0,0,0,1,4,2,5,1.6303160389590008
4963,77.4,34,88,152.5,0.2,34,0,0,0,1,1,0,3,2,7,1.4348771015357367
4964,77.44,49,178,228.6,0.2,51,0,0,0,0,0,1,8,3,5,1.5515125208084013
4965,77.45,20,49,85.8,0.2,20,0,0,0,1,1,0,4,3,3,1.8064335438361971
4966,77.47,37,94,171.4,0.2,38,0,0,0,1,1,0,4,2,2,1.2646404613024347
4967,77.48,24,55,108.2,0.2,24,0,0,0,1,1,0,1,1,3,1.5976057676661473
4968,77.49,25,51,113.7,0.2,25,0,0,0,1,1,0,1,2,2,1.9348279670276873
4969,77.5,14,39,58.9,0.2,14,0,0,0,1,1,0,2,1,2,1.86696984888714
4970,77.54,48,174,204.9,0.2,48,0,0,0,1,1,0,12,4,7,1.3902283131200752
4971,77.55,7,27,24.3,0.2,7,0,0,0,1,1,0,3,2,0,2.2183177785155936
4972,77.58,49,136,230.1,0.2,51,0,0,0,0,0,1,11,4,2,1.4998328188000998
4973,77.59,28,70,119.9,0.2,28,0,0,0,1,1,0,8,1,1,1.443202980576852
4974,77.62,44,117,200.8,0.2,45,0,0,0,1,1,0,7,4,5,1.3516427890437424
4975,77.62,11,25,47.5,0.2,11,0,0,0,1,1,0,0,1,0,2.386566870507167
4976,77.64,32,97,143.8,0.2,33,0,0,0,1,1,0,6,2,5,1.3018377205090497
4977,77.65,4,11,12.8,0.2,4,0,0,0,1,1,0,1,1,1,2.577626606803094
4978,77.65,10,26,40.2,0.2,10,0,0,0,1,1,0,2,1,2,1.826409979283706
4979,77.65,1,5,3.5,0.2,2,0,0,0,1,1,0,1,1,0,4.629823850759071
4980,77.68,49,142,232.5,0.2,51,0,0,0,0,0,1,8,1,2,1.5206208844359155
4981,77.71,49,161,232.5,0.2,51,0,0,0,0,0,1,6,2,3,1.604732342067039
4982,77.75,40,122,175.5,0.2,40,0,0,0,1,1,0,7,3,3,1.389990348751174
4983,77.76,14,34,64.5,0.2,15,0,0,0,1,1,0,2,1,1,1.6871370252110593
4984,77.79,49,127,239.8,0.2,51,0,0,0,0,0,1,2,2,4,1.418627585035733
4985,77.8,19,52,80.7,0.2,19,0,0,0,1,1,0,4,1,1,2.1801772576618768
4986,77.8,2,8,9.2,0.2,3,0,0,0,1,1,0,0,1,0,3.169943222293372
4987,77.81,15,42,64.6,0.2,15,0,0,0,1,1,0,1,1,2,1.5430689705014684
4988,77.85,49,143,238.2,0.2,51,0,0,0,0,0,1,2,2,4,1.4628953618936495
4989,77.85,8,14,33.5,0.2,8,0,0,0,1,1,0,0,1,1,3.0598907988564656
4990,77.85,3,8,9.2,0.2,3,0,0,0,1,1,0,0,1,0,3.2920542156771138
4991,77.88,49,146,217.8,0.2,49,0,0,0,1,1,0,7,4,6,1.376756090047297
4992,77.89,17,50,71.9,0.2,17,0,0,0,1,1,0,3,1,1,1.9564238134551277
4993,77.9,14,34,59.5,0.2,14,0,0,0,1,1,0,2,1,1,1.8980008760695322
4994,77.92,37,104,165.4,0.2,37,0,0,0,1,1,0,4,3,2,1.3836279373841132
4995,77.94,24,62,105.6,0.2,24,0,0,0,1,1,0,3,3,2,1.8364307841961085
4996,77.96,49,134,238.2,0.2,51,0,0,0,0,0,1,3,1,3,1.3738842879587065
4997,77.98,22,52,95.8,0.2,22,0,0,0,1,1,0,4,2,0,1.6184497454771214
4998,78.01,49,170,226.7,0.2,51,0,0,0,0,0,1,11,1,2,1.504175847601085
4999,78.02,19,44,84.5,0.2,19,0,0,0,1,1,0,1,2,1,1.9159568804183735
5000,78.03,2,7,2.2,0.2,2,0,0,0,1,1,0,2,1,1,3.5112746101732526
5001,78.04,19,61,78.7,0.2,19,0,0,0,1,1,0,5,3,2,1.5951497239246768
5002,78.04,9,22,37.8,0.2,9,0,0,0,1,1,0,0,1,0,1.9404741294951513
5003,78.05,2,5,9.4,0.2,3,0,0,0,1,1,0,0,1,1,4.547239363635535
5004,78.07,43,126,191.7,0.2,43,0,0,0,1,1,0,5,6,7,1.5566421961570267
5005,78.1,44,119,198.0,0.2,44,0,0,0,1,1,0,5,2,1,1.509886167454742
5006,78.12,29,77,122.1,0.2,29,0,0,0,1,1,0,10,3,2,1.4857408423402323
5007,78.13,15,41,62.7,0.2,15,0,0,0,1,1,0,3,1,2,1.9103421332549702
5008,78.15,47,129,210.8,0.2,47,0,0,0,1,1,0,6,3,3,1.5017758923216764
5009,78.16,1,8,3.2,0.2,2,0,0,0,1,1,0,1,1,0,3.09652399520788
5010,78.17,20,53,85.5,0.2,20,0,0,0,1,1,0,4,1,2,1.5440424750473167
5011,78.2,49,172,231.9,0.2,51,0,0,0,0,0,1,5,2,8,1.5352788553020016
5012,78.23,45,144,195.3,0.2,45,0,0,0,1,1,0,10,5,3,1.3216865602375474
5013,78.23,1,5,-2.5,0.2,1,0,0,0,1,1,0,2,1,0,4.733747548665713
5014,78.25,32,91,141.5,0.2,32,0,0,0,1,1,0,4,3,4,1.4576079668025834
5015,78.29,49,165,230.7,0.2,51,0,0,0,0,0,1,7,6,7,1.5892599226458197
5016,78.3,12,43,47.7,0.2,12,0,0,0,1,1,0,3,2,0,1.9142257998448877
5017,78.31,17,59,67.8,0.2,17,0,0,0,1,1,0,6,3,3,1.4877417104461301
5018,78.31,1,7,-1.7,0.2,1,0,0,0,1,1,0,1,1,0,3.643980284194761
5019,78.32,8,23,36.5,0.2,9,0,0,0,1,1,0,1,1,2,1.7116869236137904
5020,78.32,2,7,4.2,0.2,2,0,0,0,1,1,0,0,1,1,3.914359201630062
5021,78.33,16,36,70.4,0.2,16,0,0,0,1,1,0,1,1,0,1.6358640588224436
5022,78.34,15,37,68.2,0.2,16,0,0,0,1,1,0,3,3,1,1.981831685274171
5023,78.34,12,19,53.1,0.2,12,0,0,0,1,1,0,0,1,0,2.5435254415163455
5024,78.38,45,143,197.8,0.2,45,0,0,0,1,1,0,7,3,9,1.5712039624242162
5025,78.38,7,16,27.4,0.2,7,0,0,0,1,1,0,1,1,0,2.6725120402789586
5026,78.41,47,140,211.7,0.2,48,0,0,0,1,1,0,9,3,3,1.34802730067177
5027,78.44,49,143,238.4,0.2,51,0,0,0,0,0,1,2,4,2,1.5747845621731529
5028,78.46,34,101,147.9,0.2,34,0,0,0,1,1,0,7,3,0,1.3954981431595619
5029,78.46,0,5,-6.5,0.2,0,0,0,0,1,1,0,1,1,0,6.000660199669662
5030,78.49,46,130,207.2,0.2,46,0,0,0,1,1,0,4,2,8,1.499553561466798
5031,78.52,45,145,198.2,0.2,45,0,0,0,1,1,0,7,3,3,1.3563031486532235
5032,78.54,34,95,150.0,0.2,34,0,0,0,1,1,0,5,2,5,1.330334868925283
5033,78.55,17,51,76.8,0.2,18,0,0,0,1,1,0,3,2,1,1.5222963929328217
5034,78.56,10,30,40.0,0.2,10,0,0,0,1,1,0,2,2,0,1.8434304451532988
5035,78.57,9,28,35.2,0.2,9,0,0,0,1,1,0,2,1,0,1.959825572830733
5036,78.58,22,63,90.7,0.2,22,0,0,0,1,1,0,8,2,0,1.6675571184220146
5037,78.59,16,33,69.7,0.2,16,0,0,0,1,1,0,2,1,0,1.8363742071023283
5038,78.59,3,9,7.1,0.2,3,0,0,0,1,1,0,2,1,0,2.9066729203613826
5039,78.6,4,21,10.9,0.2,4,0,0,0,1,1,0,2,2,0,1.8653267748331497
5040,78.6,1,5,-2.5,0.2,1,0,0,0,1,1,0,2,1,0,5.09314647395868
5041,78.61,20,53,85.5,0.2,20,0,0,0,1,1,0,4,1,2,1.5033179843822329
5042,78.64,42,121,182.2,0.2,42,0,0,0,1,1,0,10,5,7,1.505441961095964
5043,78.66,40,109,180.1,0.2,40,0,0,0,1,1,0,4,2,0,1.4483134192940115
5044,78.69,43,117,196.0,0.2,43,0,0,0,1,1,0,2,2,3,1.4749420722018531
5045,78.69,16,34,67.3,0.2,16,0,0,0,1,1,0,4,1,3,1.9495152545764096
5046,78.71,20,64,79.2,0.2,20,0,0,0,1,1,0,9,3,4,1.280140273894828
5047,78.72,23,57,100.3,0.2,23,0,0,0,1,1,0,4,5,0,1.5341208030314042
5048,78.73,10,22,45.7,0.2,11,0,0,0,1,1,0,2,1,1,2.3872444086924443
5049,78.75,34,112,149.7,0.2,34,0,0,0,1,1,0,4,4,1,1.6878185140185715
5050,78.78,39,104,172.5,0.2,39,0,0,0,1,1,0,7,2,1,1.3658510333484344
5051,78.79,20,59,84.8,0.2,20,0,0,0,1,1,0,4,2,3,1.374681341816971
5052,78.82,46,130,204.6,0.2,46,0,0,0,1,1,0,7,4,4,1.4052636498837352
5053,78.82,12,30,49.8,0.2,12,0,0,0,1,1,0,2,1,2,2.026139576450655
5054,78.84,26,55,118.3,0.2,26,0,0,0,1,1,0,1,1,2,1.6772108356936872
5055,78.84,1,5,-0.5,0.2,1,0,0,0,1,1,0,0,1,0,5.6843027181162595
5056,78.85,24,57,112.1,0.2,25,0,0,0,1,1,0,2,2,2,1.7264817197079396
5057,78.88,42,123,187.1,0.2,42,0,0,0,1,1,0,5,4,6,1.4702570018483594
5058,78.89,13,33,50.6,0.2,13,0,0,0,1,1,0,6,1,1,1.9871169889860554
5059,78.92,49,143,236.2,0.2,51,0,0,0,0,0,1,4,4,4,1.3684996587982623
5060,78.96,50,185,213.0,0.2,50,0,0,0,1,1,0,13,5,5,1.4738665451926893
5061,78.99,43,124,195.9,0.2,43,0,0,0,1,1,0,1,3,7,1.4006118499455271
5062,79.0,26,59,113.1,0.2,26,0,0,0,1,1,0,6,2,0,1.6465815042959233
5063,79.02,31,81,136.4,0.2,31,0,0,0,1,1,0,5,1,5,1.6177006407357184
5064,79.04,29,65,129.5,0.2,29,0,0,0,1,1,0,4,1,0,1.8517696731454905
5065,79.04,5,15,18.5,0.2,5,0,0,0,1,1,0,0,1,0,2.52790912808832
5066,79.06,28,81,121.6,0.2,28,0,0,0,1,1,0,5,4,3,1.268274923589377
5067,79.09,49,148,218.7,0.2,49,0,0,0,1,1,0,6,3,5,1.519193299760145
5068,79.11,40,104,181.3,0.2,40,0,0,0,1,1,0,3,4,3,1.5651910848184012
5069,79.13,35,89,157.9,0.2,35,0,0,0,1,1,0,3,1,2,1.5360082459428357
5070,79.16,49,145,232.0,0.2,51,0,0,0,0,0,1,8,2,4,1.4642621320911289
5071,79.17,6,18,23.1,0.2,6,0,0,0,1,1,0,0,1,1,2.102379414731814
5072,79.18,28,75,123.3,0.2,28,0,0,0,1,1,0,4,3,2,1.4454717053313453
5073,79.19,8,16,30.3,0.2,8,0,0,0,1,1,0,3,1,1,3.172527097877937
5074,79.2,21,54,89.4,0.2,21,0,0,0,1,1,0,5,2,2,1.7989366112364318
5075,79.2,6,23,20.6,0.2,6,0,0,0,1,1,0,2,1,1,1.81843172414945
5076,79.21,6,15,23.5,0.2,6,0,0,0,1,1,0,0,1,0,2.5371311290520295
5077,79.23,32,94,137.6,0.2,32,0,0,0,1,1,0,8,3,0,1.636694659589054
5078,79.25,22,77,97.2,0.2,23,0,0,0,1,1,0,5,2,1,1.1937319223740228
5079,79.28,49,169,210.0,0.2,49,0,0,0,1,1,0,12,5,11,1.4723173326223975
5080,79.28,1,5,3.5,0.2,2,0,0,0,1,1,0,1,1,0,3.9127209212055405
5081,79.3,25,69,109.9,0.2,25,0,0,0,1,1,0,3,1,2,1.4012204024247024
5082,79.33,49,167,226.6,0.2,51,0,0,0,0,0,1,11,3,6,1.5640537172801763
5083,79.34,20,58,87.9,0.2,20,0,0,0,1,1,0,1,2,3,1.4712844153854403
5084,79.35,2,5,8.5,0.2,3,0,0,0,1,1,0,1,1,0,4.391836697930366
5085,79.35,2,6,4.4,0.2,2,0,0,0,1,1,0,0,1,0,5.024994378157455
5086,79.36,17,40,73.0,0.2,17,0,0,0,1,1,0,3,1,0,1.4943638349538815
5087,79.38,34,99,150.0,0.2,34,0,0,0,1,1,0,5,3,1,1.4735978215725336
5088,79.4,26,68,117.0,0.2,26,0,0,0,1,1,0,1,2,2,1.6106290903301272
5089,79.41,23,55,96.4,0.2,23,0,0,0,1,1,0,8,1,1,1.7889270070632202
5090,79.43,31,87,138.1,0.2,31,0,0,0,1,1,0,3,2,2,1.5665620300052094
5091,79.45,24,74,102.3,0.2,24,0,0,0,1,1,0,5,2,3,1.677838760505396
5092,79.45,2,8,3.2,0.2,2,0,0,0,1,1,0,1,1,0,3.2614422121733684
5093,79.45,1,5,-3.5,0.2,1,0,0,0,1,1,0,3,1,0,5.515058885681938
5094,79.48,49,140,238.6,0.2,51,0,0,0,0,0,1,2,4,3,1.5820673672386723
5095,79.51,38,110,169.9,0.2,38,0,0,0,1,1,0,4,3,1,1.6660117015844826
5096,79.51,6,15,20.5,0.2,6,0,0,0,1,1,0,3,1,0,2.969503475837465
5097,79.52,10,29,39.1,0.2,10,0,0,0,1,1,0,3,1,0,2.0987456325787397
5098,79.53,25,46,114.3,0.2,25,0,0,0,1,1,0,1,2,1,1.9517581404304138
5099,79.53,8,21,30.8,0.2,8,0,0,0,1,1,0,2,1,1,2.529207885032163
5100,79.54,26,54,115.2,0.2,26,0,0,0,1,1,0,4,1,4,1.6683981586516974
5101,79.56,17,45,73.5,0.2,17,0,0,0,1,1,0,2,2,0,1.6344953886560776
5102,79.56,3,5,8.5,0.2,3,0,0,0,1,1,0,1,1,0,6.194314052289097
5103,79.59,49,156,236.0,0.2,51,0,0,0,0,0,1,3,2,3,1.611176107108986
5104,79.6,22,51,97.7,0.2,22,0,0,0,1,1,0,2,2,2,1.7850980503329759
5105,79.62,44,111,198.7,0.2,44,0,0,0,1,1,0,5,1,2,1.4751898438843087
5106,79.64,20,62,85.6,0.2,20,0,0,0,1,1,0,3,2,2,1.4302165346902336
5107,79.65,12,32,46.8,0.2,12,0,0,0,1,1,0,5,2,0,1.7583775455541388
5108,79.65,2,9,2.9,0.2,2,0,0,0,1,1,0,1,1,2,2.7600933923021365
5109,79.67,45,116,200.9,0.2,45,0,0,0,1,1,0,7,5,5,1.404559243680927
5110,79.69,28,79,121.9,0.2,28,0,0,0,1,1,0,5,3,2,1.305407405763808
5111,79.71,23,59,98.0,0.2,23,0,0,0,1,1,0,6,3,1,1.5804955928362232
5112,79.73,36,109,157.7,0.2,36,0,0,0,1,1,0,6,2,4,1.489198853494006
5113,79.74,14,41,56.8,0.2,14,0,0,0,1,1,0,4,1,1,1.7273073687411484
5114,79.78,45,150,184.5,0.2,45,0,0,0,1,1,0,20,7,5,1.5204133671109339
5115,79.78,8,22,35.7,0.2,9,0,0,0,1,1,0,2,1,1,1.9448440060653234
5116,79.8,23,68,106.1,0.2,24,0,0,0,1,1,0,2,3,1,1.4597565373932617
5117,79.82,28,71,124.6,0.2,28,0,0,0,1,1,0,3,1,3,1.782958767087027
5118,79.82,10,37,38.0,0.2,10,0,0,0,1,1,0,3,1,3,1.8167092772912488
5119,79.86,49,159,234.4,0.2,51,0,0,0,0,0,1,4,0,6,1.680623196024014
5120,79.86,4,9,14.0,0.2,4,0,0,0,1,1,0,0,1,1,3.266636362551372
5121,79.86,3,12,5.8,0.2,3,0,0,0,1,1,0,3,2,0,3.176904073051043
5122,79.89,49,150,218.2,0.2,49,0,0,0,1,1,0,6,4,8,1.157611143490281
5123,79.9,1,5,-3.5,0.2,1,0,0,0,1,1,0,3,1,0,5.633466463783767
5124,79.92,49,144,229.2,0.2,51,0,0,0,0,0,1,11,3,3,1.4551422020760831
5125,79.94,14,40,62.9,0.2,15,0,0,0,1,1,0,3,3,1,1.3885384901765376
5126,79.95,21,66,88.8,0.2,21,0,0,0,1,1,0,4,3,6,1.396669619865905
5127,79.97,29,84,126.5,0.2,29,0,0,0,1,1,0,5,3,1,1.4901906937083103
5128,79.99,30,96,127.1,0.2,30,0,0,0,1,1,0,8,4,3,1.3381804730461255
5129,80.02,35,113,151.3,0.2,35,0,0,0,1,1,0,7,2,4,1.4855450949296358
5130,80.04,42,123,186.5,0.2,42,0,0,0,1,1,0,6,1,2,1.5421762494630475
5131,80.07,49,144,230.7,0.2,51,0,0,0,0,0,1,9,2,8,1.3471433254572842
5132,80.08,14,47,62.2,0.2,15,0,0,0,1,1,0,3,3,1,1.7792714286017635
5133,80.1,33,81,144.6,0.2,33,0,0,0,1,1,0,7,2,3,1.3873458293402383
5134,80.1,2,5,3.4,0.2,2,0,0,0,1,1,0,1,1,1,5.95068271047594
5135,80.11,9,32,37.6,0.2,10,0,0,0,1,1,0,4,1,2,2.072158746220132
5136,80.12,22,68,94.0,0.2,22,0,0,0,1,1,0,4,2,2,1.469490790451212
5137,80.15,39,115,172.1,0.2,39,0,0,0,1,1,0,6,3,4,1.4283231657763729
5138,80.17,27,72,116.5,0.2,27,0,0,0,1,1,0,6,2,3,1.6385197811959284
5139,80.18,24,59,107.8,0.2,24,0,0,0,1,1,0,1,1,3,1.4636836743089296
5140,80.19,19,50,82.0,0.2,19,0,0,0,1,1,0,3,3,0,1.4413969046407775
5141,80.2,12,31,50.8,0.2,12,0,0,0,1,1,0,1,2,1,1.7655578999475956
5142,80.21,12,29,49.1,0.2,12,0,0,0,1,1,0,3,2,0,1.7728984944518782
5143,80.21,3,17,6.3,0.2,3,0,0,0,1,1,0,2,1,0,2.2325652290354587
5144,80.24,49,179,227.2,0.2,51,0,0,0,0,0,1,9,3,8,1.3203428968458657
5145,80.28,48,160,205.9,0.2,48,0,0,0,1,1,0,12,4,11,1.1503111085415307
5146,80.32,49,178,230.3,0.2,51,0,0,0,0,0,1,6,4,8,1.393118224314564
5147,80.35,49,162,233.9,0.2,51,0,0,0,0,0,1,4,4,8,1.53995158922521
5148,80.36,13,33,55.6,0.2,13,0,0,0,1,1,0,1,1,1,1.6903090908802112
5149,80.39,41,115,181.1,0.2,41,0,0,0,1,1,0,7,6,4,1.3069539039529752
5150,80.39,1,5,-1.7,0.2,1,0,0,0,1,1,0,1,1,2,4.700274701583284
5151,80.42,46,144,204.2,0.2,46,0,0,0,1,1,0,6,2,4,1.446349689640059
5152,80.42,0,7,-9.7,0.2,0,0,0,0,1,1,0,4,1,0,4.796119340020182
5153,80.42,2,6,3.4,0.2,2,0,0,0,1,1,0,1,1,0,4.342734588859876
5154,80.43,19,47,80.2,0.2,19,0,0,0,1,1,0,5,2,1,1.8958963687365835
5155,80.44,7,17,27.3,0.2,7,0,0,0,1,1,0,1,2,0,2.5800938670257856
5156,80.46,31,75,145.5,0.2,32,0,0,0,1,1,0,2,3,0,1.8682764784510182
5157,80.47,12,38,45.9,0.2,12,0,0,0,1,1,0,5,2,3,1.428433517346504
5158,80.5,50,152,220.7,0.2,50,0,0,0,1,1,0,9,6,1,1.6468239710825532
5159,80.53,49,175,231.8,0.2,51,0,0,0,0,0,1,5,3,6,1.4718561743700902
5160,80.54,18,45,74.3,0.2,18,0,0,0,1,1,0,6,1,2,1.7094148950388874
5161,80.57,36,109,156.0,0.2,36,0,0,0,1,1,0,8,3,1,1.4086650403788104
5162,80.57,9,21,36.8,0.2,9,0,0,0,1,1,0,1,1,1,2.1829734462174213
5163,80.61,49,177,229.8,0.2,51,0,0,0,0,0,1,7,3,4,1.286328738651694
5164,80.62,10,26,46.3,0.2,11,0,0,0,1,1,0,1,1,1,1.8317823947312335
5165,80.62,7,21,23.7,0.2,7,0,0,0,1,1,0,4,2,2,2.370770944799867
5166,80.66,49,156,230.8,0.2,51,0,0,0,0,0,1,8,2,5,1.5529461184150049
5167,80.66,6,16,20.4,0.2,6,0,0,0,1,1,0,3,1,0,2.735637753232172
5168,80.7,49,176,233.0,0.2,51,0,0,0,0,0,1,4,3,3,1.4537953628201659
5169,80.72,37,105,165.0,0.2,37,0,0,0,1,1,0,4,3,5,1.7186576855924238
5170,80.73,23,59,99.8,0.2,23,0,0,0,1,1,0,4,3,3,1.5814417701927024
5171,80.76,49,161,233.9,0.2,51,0,0,0,0,0,1,4,1,9,1.6013133415427943
5172,80.76,0,8,-8.8,0.2,0,0,0,0,1,1,0,3,1,0,4.564017593225975
5173,80.77,18,39,85.8,0.2,19,0,0,0,1,1,0,0,1,3,1.71801221709748
5174,80.8,37,98,168.2,0.2,37,0,0,0,1,1,0,2,2,0,1.3100334401479516
5175,80.84,49,174,233.8,0.2,51,0,0,0,0,0,1,3,3,7,1.4702531779871957
5176,80.86,40,125,173.4,0.2,40,0,0,0,1,1,0,9,2,1,1.453449125757444
5177,80.87,9,24,40.3,0.2,10,0,0,0,1,1,0,2,2,3,1.788925835832954
5178,80.88,11,36,44.4,0.2,11,0,0,0,1,1,0,2,2,0,1.7771517423921168
5179,80.92,48,156,213.7,0.2,48,0,0,0,1,1,0,5,5,7,1.5217756502588704
5180,80.92,2,5,4.5,0.2,2,0,0,0,1,1,0,0,1,0,4.527038306522212
5181,80.94,33,95,146.1,0.2,33,0,0,0,1,1,0,4,2,4,1.4776927556275137
5182,80.94,1,5,3.4,0.2,2,0,0,0,1,1,0,1,1,1,4.140808657765257
5183,80.97,49,140,230.5,0.2,51,0,0,0,0,0,1,10,2,4,1.469418670898022
5184,80.98,2,5,8.5,0.2,3,0,0,0,1,1,0,1,1,0,4.337171429276184
5185,80.98,7,29,22.0,0.2,7,0,0,0,1,1,0,5,2,1,2.368970034401686
5186,80.98,2,5,3.5,0.2,2,0,0,0,1,1,0,1,1,0,5.79891224501476
5187,80.99,16,44,68.4,0.2,16,0,0,0,1,1,0,2,1,2,1.8814869792588278
5188,81.01,28,74,124.5,0.2,28,0,0,0,1,1,0,3,1,1,1.5541720508368684
5189,81.02,5,11,16.9,0.2,5,0,0,0,1,1,0,2,1,0,3.2680078197588034
5190,81.04,46,134,201.0,0.2,46,0,0,0,1,1,0,10,4,6,1.4497710154828651
5191,81.06,22,51,93.9,0.2,22,0,0,0,1,1,0,6,2,0,1.9214973385375562
5192,81.06,7,21,27.7,0.2,7,0,0,0,1,1,0,0,1,2,1.9376395562063462
5193,81.07,19,47,80.0,0.2,19,0,0,0,1,1,0,5,2,3,2.0889484831658964
5194,81.09,32,84,142.4,0.2,32,0,0,0,1,1,0,4,4,2,1.5984409525961554
5195,81.1,16,49,67.9,0.2,16,0,0,0,1,1,0,2,1,2,1.8191715686405927
5196,81.11,23,63,98.4,0.2,23,0,0,0,1,1,0,5,1,3,2.037023695850805
5197,81.12,12,35,47.2,0.2,12,0,0,0,1,1,0,4,1,3,1.6447920351881187
5198,81.15,40,125,176.2,0.2,40,0,0,0,1,1,0,6,4,3,1.4846714028712409
5199,81.17,26,82,110.6,0.2,26,0,0,0,1,1,0,6,2,2,1.3294412694932616
5200,81.19,39,98,172.9,0.2,39,0,0,0,1,1,0,7,4,3,1.736363055250976
5201,81.21,23,58,100.0,0.2,23,0,0,0,1,1,0,4,1,2,1.6965211459809215
5202,81.22,27,67,117.1,0.2,27,0,0,0,1,1,0,6,1,2,1.579086982322542
5203,81.22,5,13,18.3,0.2,5,0,0,0,1,1,0,0,1,4,2.267128257744731
5204,81.23,3,13,8.7,0.2,3,0,0,0,1,1,0,0,1,0,2.295434422519314
5205,81.24,7,29,30.1,0.2,8,0,0,0,1,1,0,2,3,0,1.674125498062507
5206,81.26,37,98,163.9,0.2,37,0,0,0,1,1,0,6,2,3,1.534098608963147
5207,81.3,49,178,227.8,0.2,51,0,0,0,0,0,1,9,7,3,1.5212565595588503
5208,81.33,49,151,215.7,0.2,49,0,0,0,1,1,0,9,2,2,1.678643206352074
5209,81.33,7,25,24.5,0.2,7,0,0,0,1,1,0,3,2,0,1.9173896842897558
5210,81.36,49,148,237.2,0.2,51,0,0,0,0,0,1,2,4,9,1.824468675184472
5211,81.38,28,88,122.9,0.2,28,0,0,0,1,1,0,3,2,3,1.3108131587523202
5212,81.42,50,165,220.0,0.2,50,0,0,0,1,1,0,8,5,5,1.2651272115561145
5213,81.43,14,42,57.4,0.2,14,0,0,0,1,1,0,3,1,4,1.5567197825813892
5214,81.45,35,98,160.9,0.2,36,0,0,0,1,1,0,4,1,3,1.4831924705029509
5215,81.47,25,77,108.7,0.2,25,0,0,0,1,1,0,3,4,6,1.4659439344210123
5216,81.47,5,16,15.3,0.2,5,0,0,0,1,1,0,3,1,1,2.5332263549811933
5217,81.5,34,92,148.3,0.2,34,0,0,0,1,1,0,7,4,5,1.493947471004989
5218,81.51,13,38,53.1,0.2,13,0,0,0,1,1,0,3,2,1,1.7113843005146478
5219,81.51,4,18,14.1,0.2,5,0,0,0,1,1,0,4,1,1,2.1443988205855713
5220,81.51,4,12,11.7,0.2,4,0,0,0,1,1,0,2,1,1,2.4604292431033596
5221,81.53,27,70,118.9,0.2,27,0,0,0,1,1,0,4,1,1,1.665587804529974
5222,81.56,36,110,156.7,0.2,36,0,0,0,1,1,0,7,4,3,1.3888305872447977
5223,81.58,34,96,149.2,0.2,34,0,0,0,1,1,0,6,3,2,1.5597112471379972
5224,81.6,40,100,181.7,0.2,40,0,0,0,1,1,0,3,1,3,1.715890792621895
5225,81.61,24,53,107.4,0.2,24,0,0,0,1,1,0,2,1,3,1.6713772556010622
5226,81.63,27,82,116.6,0.2,27,0,0,0,1,1,0,5,2,2,1.5673709600031502
5227,81.66,49,148,231.8,0.2,51,0,0,0,0,0,1,8,2,3,1.5327709393831384
5228,81.67,10,29,42.1,0.2,10,0,0,0,1,1,0,0,1,0,2.1320108390503245
5229,81.69,36,97,160.6,0.2,36,0,0,0,1,1,0,4,2,7,1.3082717030367301
5230,81.71,41,107,182.8,0.2,41,0,0,0,1,1,0,6,4,5,1.4583265416219966
5231,81.72,18,45,80.2,0.2,18,0,0,0,1,1,0,0,2,3,1.9194859928012646
5232,81.76,49,159,230.0,0.2,51,0,0,0,0,0,1,8,4,10,1.5287257893793385
5233,81.77,17,49,72.8,0.2,17,0,0,0,1,1,0,2,1,3,1.6718116343424878
5234,81.77,2,5,3.5,0.2,2,0,0,0,1,1,0,1,1,0,5.0176832791992885
5235,81.77,5,11,18.9,0.2,5,0,0,0,1,1,0,0,1,0,2.609508815970644
5236,81.79,22,74,90.3,0.2,22,0,0,0,1,1,0,7,1,3,1.6413582618521105
5237,81.83,50,157,228.0,0.2,50,0,0,0,0,0,1,5,2,12,1.3374236489050213
5238,81.83,2,9,7.9,0.2,3,0,0,0,1,1,0,1,1,2,2.9403509239139742
5239,81.85,33,81,148.7,0.2,33,0,0,0,1,1,0,3,2,2,1.459764836562238
5240,81.87,40,116,173.1,0.2,40,0,0,0,1,1,0,10,4,3,1.5042744101722336
5241,81.89,25,61,111.6,0.2,25,0,0,0,1,1,0,2,1,3,1.5531984036412754
5242,81.9,10,29,42.0,0.2,10,0,0,0,1,1,0,0,2,1,1.736952227266038
5243,81.92,32,92,140.5,0.2,32,0,0,0,1,1,0,5,1,3,1.4092464957328972
5244,81.95,46,148,205.8,0.2,47,0,0,0,1,1,0,9,5,4,1.635254792994804
5245,81.95,4,13,8.7,0.2,4,0,0,0,1,1,0,5,1,0,2.8223192012290093
5246,81.96,20,56,85.2,0.2,20,0,0,0,1,1,0,4,1,2,1.7025761801786727
5247,82.0,49,162,233.5,0.2,51,0,0,0,0,0,1,5,2,2,1.4605853231289982
5248,82.03,49,135,232.1,0.2,51,0,0,0,0,0,1,9,4,3,1.4803435717003532
5249,82.03,1,5,-1.6,0.2,1,0,0,0,1,1,0,1,1,1,5.132561139467684
5250,82.05,24,68,99.8,0.2,24,0,0,0,1,1,0,8,1,4,1.3925504499035364
5251,82.06,20,44,95.3,0.2,21,0,0,0,1,1,0,0,1,3,1.938469167173727
5252,82.07,25,69,111.8,0.2,25,0,0,0,1,1,0,1,1,3,1.3385304677812706
5253,82.11,49,163,232.2,0.2,51,0,0,0,0,0,1,6,4,4,1.451419443997957
5254,82.12,24,55,106.2,0.2,24,0,0,0,1,1,0,3,2,3,1.7459689853420282
5255,82.13,12,27,51.3,0.2,12,0,0,0,1,1,0,1,1,0,2.0703654722290445
5256,82.13,3,13,6.7,0.2,3,0,0,0,1,1,0,2,1,0,2.62078479426844
5257,82.14,11,37,43.2,0.2,11,0,0,0,1,1,0,3,2,1,1.7839615826383415
5258,82.14,4,13,12.6,0.2,4,0,0,0,1,1,0,1,1,1,2.649026463832987
5259,82.18,48,149,212.5,0.2,48,0,0,0,1,1,0,7,2,6,1.4278858901729174
5260,82.18,6,18,21.1,0.2,6,0,0,0,1,1,0,2,1,1,1.7968774400647698
5261,82.22,48,152,210.5,0.2,48,0,0,0,1,1,0,9,7,3,1.498635838735527
5262,82.24,32,92,145.3,0.2,33,0,0,0,1,1,0,5,4,5,1.3996735115709336
5263,82.27,49,163,232.0,0.2,51,0,0,0,0,0,1,6,2,6,1.5090372235927259
5264,82.31,49,165,232.8,0.2,51,0,0,0,0,0,1,5,1,6,1.4808993247693436
5265,82.31,4,14,10.6,0.2,4,0,0,0,1,1,0,3,1,0,2.422226255560518
5266,82.34,44,133,190.1,0.2,44,0,0,0,1,1,0,11,3,6,1.3039937832123398
5267,82.36,23,60,98.8,0.2,23,0,0,0,1,1,0,5,2,2,1.6702925734194372
5268,82.39,39,125,172.3,0.2,39,0,0,0,1,1,0,5,5,2,1.4242400619585083
5269,82.41,42,120,189.6,0.2,42,0,0,0,1,1,0,3,5,4,1.613375944690053
5270,82.44,49,132,237.8,0.2,51,0,0,0,0,0,1,3,2,9,1.4499134519179855
5271,82.47,34,98,151.0,0.2,34,0,0,0,1,1,0,4,4,2,1.522397464423432
5272,82.48,15,39,63.8,0.2,15,0,0,0,1,1,0,2,2,3,1.6960931604607423
5273,82.51,49,171,232.5,0.2,51,0,0,0,0,0,1,5,10,3,1.3854490968451005
5274,82.54,46,126,206.2,0.2,46,0,0,0,1,1,0,6,6,2,1.2937172010025895
5275,82.55,21,45,91.3,0.2,21,0,0,0,1,1,0,4,1,2,1.6790486433442395
5276,82.59,49,165,227.0,0.2,51,0,0,0,0,0,1,11,1,4,1.4309940926695441
5277,82.63,49,142,233.5,0.2,51,0,0,0,0,0,1,7,2,2,1.5274227531989286
5278,82.67,49,166,232.6,0.2,51,0,0,0,0,0,1,5,1,7,1.403057850368754
5279,82.68,16,42,69.7,0.2,16,0,0,0,1,1,0,1,2,1,1.4943412019909377
5280,82.68,3,8,8.1,0.2,3,0,0,0,1,1,0,1,1,1,4.083227059756707
5281,82.69,14,34,57.6,0.2,14,0,0,0,1,1,0,4,1,0,1.6442112958894535
5282,82.72,50,171,217.5,0.2,50,0,0,0,1,1,0,10,4,4,1.4567634990111977
5283,82.73,4,14,10.5,0.2,4,0,0,0,1,1,0,3,1,1,2.5641520333150685
5284,82.75,39,108,167.0,0.2,39,0,0,0,1,1,0,12,3,2,1.5708476683819073
5285,82.78,39,108,173.9,0.2,39,0,0,0,1,1,0,5,3,3,1.428645466510265
5286,82.82,50,169,228.5,0.2,50,0,0,0,0,0,1,4,2,5,1.3834950425211154
5287,82.83,21,69,84.8,0.2,21,0,0,0,1,1,0,8,1,3,1.4430837307087294
5288,82.87,48,162,207.1,0.2,48,0,0,0,1,1,0,11,5,7,1.3658697964927837
5289,82.89,25,80,104.6,0.2,25,0,0,0,1,1,0,7,4,4,1.3846790017715507
5290,82.9,7,21,26.9,0.2,7,0,0,0,1,1,0,1,2,0,2.589492750829705
5291,82.92,29,99,125.6,0.2,29,0,0,0,1,1,0,4,2,5,1.6352836918745552
5292,82.92,2,5,1.5,0.2,2,0,0,0,1,1,0,3,1,0,6.06738408182289
5293,82.94,28,65,125.2,0.2,28,0,0,0,1,1,0,3,4,3,1.5872173546076547
5294,82.95,21,53,90.4,0.2,21,0,0,0,1,1,0,4,3,3,1.5687086573257132
5295,82.99,50,154,227.5,0.2,50,0,0,0,0,0,1,6,5,10,1.4883341527899248
5296,83.0,12,38,49.0,0.2,12,0,0,0,1,1,0,2,2,2,1.7552890303948618
5297,83.01,30,79,134.0,0.2,30,0,0,0,1,1,0,3,3,1,1.4746466104762326
5298,83.02,3,14,6.5,0.2,3,0,0,0,1,1,0,2,1,1,2.5316258396541635
5299,83.05,47,142,210.5,0.2,47,0,0,0,1,1,0,5,4,3,1.441720386343548
5300,83.06,12,31,51.9,0.2,12,0,0,0,1,1,0,0,1,0,1.871530835012463
5301,83.08,40,106,181.0,0.2,40,0,0,0,1,1,0,3,3,4,1.5333377327263544
5302,83.11,37,112,165.7,0.2,37,0,0,0,1,1,0,3,1,1,1.4533867548425854
5303,83.12,13,38,53.0,0.2,13,0,0,0,1,1,0,3,1,2,1.853818020048368
5304,83.16,49,169,228.5,0.2,51,0,0,0,0,0,1,9,1,5,1.4047828721370104
5305,83.2,49,147,236.7,0.2,51,0,0,0,0,0,1,3,4,5,1.531042901637095
5306,83.2,6,19,20.1,0.2,6,0,0,0,1,1,0,3,2,0,2.0680498339567706
5307,83.21,16,28,72.2,0.2,16,0,0,0,1,1,0,0,2,0,2.1727646039560877
5308,83.23,28,75,121.2,0.2,28,0,0,0,1,1,0,6,3,3,1.7244126044043981
5309,83.24,26,55,117.4,0.2,26,0,0,0,1,1,0,2,2,1,1.6520658643304098
5310,83.26,15,48,58.8,0.2,15,0,0,0,1,1,0,6,1,4,1.444861478485036
5311,83.28,42,110,187.5,0.2,42,0,0,0,1,1,0,6,2,5,1.480729121144833
5312,83.31,49,139,238.0,0.2,51,0,0,0,0,0,1,3,3,0,1.3847133726572605
5313,83.34,30,93,132.3,0.2,30,0,0,0,1,1,0,3,2,4,1.502848721601304
5314,83.35,26,64,115.1,0.2,26,0,0,0,1,1,0,3,1,5,1.4956735807254233
5315,83.35,2,5,2.5,0.2,2,0,0,0,1,1,0,2,1,0,4.07880104354407
5316,83.38,34,104,144.2,0.2,34,0,0,0,1,1,0,10,2,4,1.5222491278249006
5317,83.42,50,170,222.4,0.2,50,0,0,0,0,0,1,10,4,5,1.331658381452272
5318,83.46,46,155,201.2,0.2,46,0,0,0,1,1,0,8,3,3,1.4198360909182515
5319,83.47,20,54,87.4,0.2,20,0,0,0,1,1,0,2,2,2,1.7134541177808398
5320,83.47,10,23,42.5,0.2,10,0,0,0,1,1,0,0,1,2,1.7672711053829473
5321,83.5,26,78,113.0,0.2,26,0,0,0,1,1,0,4,2,2,1.3334827089150727
5322,83.52,31,88,138.7,0.2,31,0,0,0,1,1,0,2,5,5,1.29980241442177
5323,83.56,49,165,233.0,0.2,51,0,0,0,0,0,1,5,4,4,1.5973721276761335
5324,83.57,25,62,112.5,0.2,25,0,0,0,1,1,0,1,2,3,1.6427959011188784
5325,83.58,14,42,58.5,0.2,14,0,0,0,1,1,0,2,2,3,1.6232339660633048
5326,83.58,1,5,-1.7,0.2,1,0,0,0,1,1,0,1,1,2,4.9668620203934735
5327,83.59,9,19,37.9,0.2,9,0,0,0,1,1,0,0,1,2,2.615027106740328
5328,83.6,16,39,67.7,0.2,16,0,0,0,1,1,0,3,2,4,1.8840541133270876
5329,83.61,20,50,85.6,0.2,20,0,0,0,1,1,0,4,1,4,1.4869991531001967
5330,83.64,43,130,188.7,0.2,43,0,0,0,1,1,0,8,3,3,1.5446603801271583
5331,83.65,17,44,74.6,0.2,17,0,0,0,1,1,0,1,1,0,1.4351339676102512
5332,83.67,23,58,100.2,0.2,23,0,0,0,1,1,0,4,3,0,1.6344359922070477
5333,83.68,15,48,62.1,0.2,15,0,0,0,1,1,0,3,1,1,1.572912336803206
5334,83.71,38,112,171.3,0.2,39,0,0,0,1,1,0,7,4,5,1.3735327492296003
5335,83.73,41,108,182.7,0.2,41,0,0,0,1,1,0,6,3,5,1.4458132057487771
5336,83.77,49,150,232.6,0.2,51,0,0,0,0,0,1,7,3,3,1.232177166857881
5337,83.79,27,83,118.5,0.2,27,0,0,0,1,1,0,3,2,2,1.4054316210374238
5338,83.81,41,124,180.5,0.2,41,0,0,0,1,1,0,7,3,1,1.5350441083920667
5339,83.83,33,78,145.9,0.2,33,0,0,0,1,1,0,6,4,3,1.548297421178956
5340,83.85,35,91,157.2,0.2,35,0,0,0,1,1,0,3,1,7,1.5046059868679706
5341,83.87,21,66,87.0,0.2,21,0,0,0,1,1,0,6,1,4,1.5239931728997251
5342,83.87,11,21,45.9,0.2,11,0,0,0,1,1,0,2,1,0,2.369781420794594
5343,83.88,8,20,30.0,0.2,8,0,0,0,1,1,0,3,2,0,2.4785743335970625
5344,83.89,20,48,89.0,0.2,20,0,0,0,1,1,0,1,1,2,1.425512153731139
5345,83.91,13,54,52.4,0.2,13,0,0,0,1,1,0,2,3,2,1.5453336391285457
5346,83.93,42,115,187.1,0.2,42,0,0,0,1,1,0,6,4,4,1.535046954764156
5347,83.94,4,16,15.3,0.2,5,0,0,0,1,1,0,3,1,1,2.106133042707448
5348,83.98,49,189,223.7,0.2,51,0,0,0,0,0,1,12,5,3,1.461746037685214
5349,84.0,29,81,120.8,0.2,29,0,0,0,1,1,0,11,2,1,1.471388413845457
5350,84.0,3,8,9.1,0.2,3,0,0,0,1,1,0,0,1,1,3.466004792225843
5351,84.03,49,143,234.2,0.2,51,0,0,0,0,0,1,6,2,4,1.5079271827813518
5352,84.04,13,32,52.5,0.2,13,0,0,0,1,1,0,4,2,3,1.5731034334745377
5353,84.07,49,131,234.5,0.2,51,0,0,0,0,0,1,7,2,3,1.81242826700851
5354,84.07,1,5,-1.5,0.2,1,0,0,0,1,1,0,1,1,0,5.573974930490573
5355,84.09,33,84,147.3,0.2,33,0,0,0,1,1,0,4,3,3,1.339393922427059
5356,84.12,40,112,176.3,0.2,40,0,0,0,1,1,0,7,2,5,1.4085488582469086
5357,84.13,24,61,110.6,0.2,25,0,0,0,1,1,0,3,1,3,1.5179482044481258
5358,84.16,50,163,228.7,0.2,50,0,0,0,0,0,1,4,2,9,1.5239763133826538
5359,84.2,49,169,213.5,0.2,49,0,0,0,1,1,0,9,2,6,1.540486306339174
5360,84.22,35,92,156.7,0.2,35,0,0,0,1,1,0,4,1,1,1.5377478339530515
5361,84.22,1,5,-3.5,0.2,1,0,0,0,1,1,0,3,1,0,5.026682178394256
5362,84.23,14,27,62.3,0.2,14,0,0,0,1,1,0,0,1,0,2.2152239673323577
5363,84.24,6,16,22.4,0.2,6,0,0,0,1,1,0,1,1,0,2.550378107643371
5364,84.25,15,35,64.3,0.2,15,0,0,0,1,1,0,2,1,2,1.5480069346579026
5365,84.29,49,168,227.7,0.2,51,0,0,0,0,0,1,10,2,4,1.3468339591031495
5366,84.29,5,14,16.4,0.2,5,0,0,0,1,1,0,2,1,2,3.539896951254599
5367,84.31,24,57,106.7,0.2,24,0,0,0,1,1,0,2,1,6,1.5964457237212069
5368,84.33,38,107,171.7,0.2,38,0,0,0,1,1,0,2,1,6,1.4015720054989709
5369,84.35,27,63,117.7,0.2,27,0,0,0,1,1,0,6,3,0,1.7182259921436067
5370,84.35,1,5,-1.6,0.2,1,0,0,0,1,1,0,1,1,1,6.7999036255814405
5371,84.37,22,65,101.2,0.2,23,0,0,0,1,1,0,2,1,3,1.7140237690969162
5372,84.37,12,27,49.3,0.2,12,0,0,0,1,1,0,3,2,0,2.392832609519665
5373,84.39,28,75,130.3,0.2,29,0,0,0,1,1,0,2,4,2,1.472360829919334
5374,84.41,40,101,180.7,0.2,40,0,0,0,1,1,0,4,3,2,1.562907330122663
5375,84.42,13,33,55.6,0.2,13,0,0,0,1,1,0,1,2,1,2.0670621956993203
5376,84.46,49,144,234.1,0.2,51,0,0,0,0,0,1,6,3,4,1.59207841282039
5377,84.47,23,56,97.3,0.2,23,0,0,0,1,1,0,7,1,1,1.8253016744088981
5378,84.49,20,67,84.2,0.2,20,0,0,0,1,1,0,4,3,1,1.492983450324246
5379,84.49,7,23,23.6,0.2,7,0,0,0,1,1,0,4,2,1,2.010082802796549
5380,84.53,48,146,216.3,0.2,48,0,0,0,1,1,0,4,4,1,1.5504450793573334
5381,84.54,18,44,78.6,0.2,18,0,0,0,1,1,0,2,2,0,1.7371535690667657
5382,84.55,24,61,104.8,0.2,24,0,0,0,1,1,0,4,4,1,1.5852432152058182
5383,84.59,49,156,213.1,0.2,49,0,0,0,1,1,0,11,2,3,1.4441128878426084
5384,84.6,24,57,105.0,0.2,24,0,0,0,1,1,0,4,1,3,1.6762624231325505
5385,84.63,41,120,180.5,0.2,41,0,0,0,1,1,0,7,6,5,1.4553764026214444
5386,84.67,50,163,227.0,0.2,50,0,0,0,0,0,1,6,5,6,1.342008413513392
5387,84.67,3,5,13.5,0.2,4,0,0,0,1,1,0,1,1,0,5.466286496398505
5388,84.68,6,20,24.9,0.2,7,0,0,0,1,1,0,3,3,1,2.08344087746827
5389,84.69,17,46,69.2,0.2,17,0,0,0,1,1,0,6,2,2,1.723952275842061
5390,84.7,20,48,86.8,0.2,20,0,0,0,1,1,0,3,2,4,1.7293015065895936
5391,84.71,11,47,44.1,0.2,11,0,0,0,1,1,0,1,2,2,1.338366539846611
5392,84.72,8,23,32.7,0.2,8,0,0,0,1,1,0,0,1,0,1.9896937330340965
5393,84.75,49,169,216.4,0.2,49,0,0,0,1,1,0,6,4,7,1.407881852413575
5394,84.79,50,156,221.4,0.2,50,0,0,0,0,0,1,12,6,9,1.3414628584608457
5395,84.82,36,125,148.8,0.2,36,0,0,0,1,1,0,13,4,7,1.3790787760514418
5396,84.84,42,112,184.5,0.2,42,0,0,0,1,1,0,9,3,3,1.508363196967156
5397,84.85,6,15,20.5,0.2,6,0,0,0,1,1,0,3,2,0,3.0907820751014325
5398,84.87,29,86,126.0,0.2,29,0,0,0,1,1,0,5,2,4,1.5275462115889202
5399,84.89,31,88,136.0,0.2,31,0,0,0,1,1,0,5,2,2,1.4373624593552061
5400,84.89,2,5,3.5,0.2,2,0,0,0,1,1,0,1,1,0,5.677138460732384
5401,84.91,23,78,98.6,0.2,23,0,0,0,1,1,0,3,2,6,1.4627903081842077
5402,84.92,12,48,44.5,0.2,12,0,0,0,1,1,0,5,1,7,1.462117534624343
5403,84.93,5,13,18.4,0.2,5,0,0,0,1,1,0,0,1,3,3.046004932037773
5404,84.97,50,168,222.3,0.2,50,0,0,0,0,0,1,10,2,8,1.1519951902870649
5405,84.98,19,63,78.4,0.2,19,0,0,0,1,1,0,5,2,3,1.3637843834414023
5406,84.99,2,5,1.5,0.2,2,0,0,0,1,1,0,3,1,0,6.517019963451811
5407,85.02,44,146,192.2,0.2,44,0,0,0,1,1,0,8,4,2,1.3459981787106041
5408,85.03,19,44,85.1,0.2,19,0,0,0,1,1,0,0,1,5,1.8889000622421768
5409,85.03,4,12,17.6,0.2,5,0,0,0,1,1,0,1,1,2,2.7049744498396584
5410,85.05,30,92,130.6,0.2,30,0,0,0,1,1,0,5,3,2,1.376681755542958
5411,85.06,14,39,56.0,0.2,14,0,0,0,1,1,0,5,2,1,1.8131688872764435
5412,85.1,46,150,199.8,0.2,46,0,0,0,1,1,0,10,5,2,1.4661375791564346
5413,85.11,26,72,118.7,0.2,27,0,0,0,1,1,0,4,2,1,1.5108056742772449
5414,85.12,9,24,36.5,0.2,9,0,0,0,1,1,0,1,2,1,1.7902626437043014
5415,85.16,49,165,214.1,0.2,49,0,0,0,1,1,0,9,2,4,1.502596776400977
5416,85.16,1,5,-0.5,0.2,1,0,0,0,1,1,0,0,1,0,5.356844505904679
5417,85.18,21,73,91.2,0.2,22,0,0,0,1,1,0,6,4,5,1.7035416947492723
5418,85.18,9,21,36.9,0.2,9,0,0,0,1,1,0,1,2,0,2.9583626789685518
5419,85.22,43,138,189.4,0.2,43,0,0,0,1,1,0,6,2,8,1.5775010521752635
5420,85.22,3,8,9.0,0.2,3,0,0,0,1,1,0,0,1,2,4.045299103953461
5421,85.24,34,86,151.9,0.2,34,0,0,0,1,1,0,4,1,5,1.5462348315227104
5422,85.25,2,5,1.5,0.2,2,0,0,0,1,1,0,3,1,0,5.524832248761788
5423,85.26,21,74,90.4,0.2,21,0,0,0,1,1,0,2,3,2,1.4289815990881585
5424,85.28,25,67,105.3,0.2,25,0,0,0,1,1,0,8,4,0,1.5392879288177972
5425,85.29,27,63,121.5,0.2,27,0,0,0,1,1,0,2,2,2,1.6906667562599949
5426,85.3,5,12,17.8,0.2,5,0,0,0,1,1,0,1,1,0,2.4272635820233606
5427,85.3,5,15,16.5,0.2,5,0,0,0,1,1,0,2,1,0,3.2591537255840533
5428,85.31,15,43,59.5,0.2,15,0,0,0,1,1,0,6,2,2,1.5674878458094639
5429,85.32,8,29,29.1,0.2,8,0,0,0,1,1,0,3,2,0,1.9679938087280844
5430,85.34,34,93,158.6,0.2,35,0,0,0,1,1,0,2,2,1,1.489132965714632
5431,85.34,2,5,1.5,0.2,2,0,0,0,1,1,0,3,1,0,5.039629906279791
5432,85.36,27,82,120.4,0.2,27,0,0,0,1,1,0,1,5,4,1.3372042467834626
5433,85.37,4,18,10.2,0.2,4,0,0,0,1,1,0,3,1,0,2.019755130250184
5434,85.39,35,102,156.3,0.2,35,0,0,0,1,1,0,3,2,5,1.4464360275087378
5435,85.39,1,5,3.5,0.2,2,0,0,0,1,1,0,1,1,0,4.668440161772845
5436,85.4,2,5,4.5,0.2,2,0,0,0,1,1,0,0,1,0,4.44797278083711
5437,85.4,6,21,21.9,0.2,6,0,0,0,1,1,0,1,1,0,2.1285859497920905
5438,85.43,49,143,235.3,0.2,51,0,0,0,0,0,1,5,2,3,1.396524919944849
5439,85.46,38,137,161.8,0.2,38,0,0,0,1,1,0,9,2,5,1.4849937703436806
5440,85.47,3,13,7.4,0.2,3,0,0,0,1,1,0,1,1,3,2.7925173218943504
5441,85.47,7,20,26.9,0.2,7,0,0,0,1,1,0,1,2,1,2.1511130093136885
5442,85.48,13,36,55.4,0.2,13,0,0,0,1,1,0,1,1,0,1.8330459925970675
5443,85.52,49,160,225.8,0.2,51,0,0,0,0,0,1,12,3,11,1.433366166557366
5444,85.55,44,139,194.4,0.2,44,0,0,0,1,1,0,6,4,7,1.4434862580849408
5445,85.55,2,5,1.5,0.2,2,0,0,0,1,1,0,3,1,0,5.794087893137323
5446,85.59,49,168,229.5,0.2,51,0,0,0,0,0,1,8,5,6,1.4439972663673957
5447,85.6,9,16,37.4,0.2,9,0,0,0,1,1,0,1,1,0,2.680016151099805
5448,85.6,15,32,64.7,0.2,15,0,0,0,1,1,0,2,1,1,1.5436885629737056
5449,85.64,49,147,234.9,0.2,51,0,0,0,0,0,1,5,2,3,1.359374960308072
5450,85.65,24,63,105.5,0.2,24,0,0,0,1,1,0,3,3,2,1.428658148184131
5451,85.67,27,80,119.8,0.2,27,0,0,0,1,1,0,2,4,2,1.4422740273305845
5452,85.67,7,20,25.0,0.2,7,0,0,0,1,1,0,3,1,0,1.9041793193925087
5453,85.68,7,15,27.3,0.2,7,0,0,0,1,1,0,1,1,2,2.2610659960554242
5454,85.71,50,144,234.2,0.2,50,0,0,0,0,0,1,1,3,3,1.4451357851227322
5455,85.74,42,131,183.5,0.2,42,0,0,0,1,1,0,8,2,4,1.5255615099145103
5456,85.76,28,85,119.3,0.2,28,0,0,0,1,1,0,7,5,2,1.5255931102314408
5457,85.76,2,6,3.4,0.2,2,0,0,0,1,1,0,1,1,0,3.687702043353994
5458,85.77,6,20,21.7,0.2,6,0,0,0,1,1,0,1,2,3,1.762793409972422
5459,85.8,41,117,185.7,0.2,42,0,0,0,1,1,0,7,1,6,1.5399329547726657
5460,85.83,49,169,229.5,0.2,51,0,0,0,0,0,1,8,1,5,1.4888779689173974
5461,85.86,47,130,210.4,0.2,47,0,0,0,1,1,0,6,3,6,1.6053264545189716
5462,85.87,11,25,46.4,0.2,11,0,0,0,1,1,0,1,2,1,2.417899546018819
5463,85.88,18,36,76.3,0.2,18,0,0,0,1,1,0,5,2,1,2.009150550914791
5464,85.89,14,39,60.8,0.2,14,0,0,0,1,1,0,0,1,3,2.322525668525162
5465,85.9,9,29,31.1,0.2,9,0,0,0,1,1,0,6,1,0,1.3954168375821565
5466,85.94,49,165,229.8,0.2,51,0,0,0,0,0,1,8,4,6,1.6734336784924078
5467,85.95,22,70,97.8,0.2,23,0,0,0,1,1,0,5,2,2,1.4549008206598262
5468,85.96,20,46,88.3,0.2,20,0,0,0,1,1,0,2,1,1,1.668885152737414
5469,86.0,49,161,228.6,0.2,51,0,0,0,0,0,1,10,3,2,1.6699920255004033
5470,86.02,36,106,161.7,0.2,36,0,0,0,1,1,0,2,3,7,1.298623005719816
5471,86.02,4,5,14.5,0.2,4,0,0,0,1,1,0,0,1,0,5.5502345322873
5472,86.03,2,5,4.4,0.2,2,0,0,0,1,1,0,0,1,1,5.181333903763582
5473,86.03,15,34,65.6,0.2,15,0,0,0,1,1,0,1,1,0,1.6394743052381615
5474,86.04,9,21,37.8,0.2,9,0,0,0,1,1,0,0,2,1,2.282683956709664
5475,86.06,30,93,132.3,0.2,30,0,0,0,1,1,0,3,1,4,1.2993158632822077
5476,86.07,15,28,66.1,0.2,15,0,0,0,1,1,0,1,1,1,2.381094349219743
5477,86.07,4,11,12.8,0.2,4,0,0,0,1,1,0,1,1,1,3.0467147172174687
5478,86.08,17,42,73.8,0.2,17,0,0,0,1,1,0,2,2,0,1.9950121856836542
5479,86.11,45,144,192.9,0.2,45,0,0,0,1,1,0,12,2,7,1.3457860162553983
5480,86.12,5,13,17.7,0.2,5,0,0,0,1,1,0,1,1,0,2.688496135659487
5481,86.13,19,48,86.0,0.2,20,0,0,0,1,1,0,4,2,2,1.902005577842905
5482,86.15,27,67,116.2,0.2,27,0,0,0,1,1,0,7,2,1,1.6336941601849249
5483,86.17,39,105,171.0,0.2,39,0,0,0,1,1,0,8,3,5,1.2681957059820326
5484,86.19,27,64,117.6,0.2,27,0,0,0,1,1,0,6,1,0,1.658246379181869
5485,86.2,27,64,118.2,0.2,27,0,0,0,1,1,0,5,3,4,1.4711927616505858
5486,86.24,49,162,210.9,0.2,49,0,0,0,1,1,0,12,4,9,1.2789705968557314
5487,86.26,27,72,119.6,0.2,27,0,0,0,1,1,0,3,3,2,1.4048869030693103
5488,86.27,19,54,80.5,0.2,19,0,0,0,1,1,0,4,1,1,1.459136010725665
5489,86.28,8,21,30.9,0.2,8,0,0,0,1,1,0,2,2,0,2.295507316622855
5490,86.3,23,68,97.9,0.2,23,0,0,0,1,1,0,5,1,3,1.4474261908829105
5491,86.33,49,162,232.5,0.2,51,0,0,0,0,0,1,6,3,2,1.5673997840244693
5492,86.34,7,26,26.3,0.2,7,0,0,0,1,1,0,1,1,1,1.5333353827178078
5493,86.35,15,45,60.5,0.2,15,0,0,0,1,1,0,5,3,0,1.7377889463142993
5494,86.37,33,106,149.1,0.2,34,0,0,0,1,1,0,5,2,3,1.4802901206952623
5495,86.37,1,5,-1.5,0.2,1,0,0,0,1,1,0,1,1,0,5.65978992257929
5496,86.38,7,26,25.4,0.2,7,0,0,0,1,1,0,2,1,0,1.6455823077300167
5497,86.41,33,102,145.7,0.2,33,0,0,0,1,1,0,4,3,1,1.7085410024305754
5498,86.41,7,13,28.7,0.2,7,0,0,0,1,1,0,0,1,0,3.4188774034542266
5499,86.42,20,45,87.2,0.2,20,0,0,0,1,1,0,3,2,3,1.5766413215764032
5500,86.44,34,87,153.0,0.2,34,0,0,0,1,1,0,3,4,3,1.4308149473005
5501,86.45,6,21,21.9,0.2,6,0,0,0,1,1,0,1,2,0,1.8223692633122235
5502,86.47,38,106,169.7,0.2,38,0,0,0,1,1,0,4,3,7,1.3760573308082538
5503,86.5,34,102,145.3,0.2,34,0,0,0,1,1,0,9,3,5,1.417423203871481
5504,86.53,49,156,233.6,0.2,51,0,0,0,0,0,1,5,5,7,1.5642506448458473
5505,86.55,25,67,109.1,0.2,25,0,0,0,1,1,0,4,2,2,1.638569065453481
5506,86.55,5,13,17.6,0.2,5,0,0,0,1,1,0,1,1,1,2.277864653606839
5507,86.56,7,22,24.6,0.2,7,0,0,0,1,1,0,3,1,2,2.037074990044372
5508,86.57,18,45,85.3,0.2,19,0,0,0,1,1,0,0,2,2,1.5077440124239065
5509,86.6,49,156,233.6,0.2,51,0,0,0,0,0,1,5,3,7,1.4146898969055495
5510,86.62,38,101,167.3,0.2,38,0,0,0,1,1,0,7,4,6,1.5083840977043004
5511,86.62,2,6,3.4,0.2,2,0,0,0,1,1,0,1,1,0,4.694382473957689
5512,86.65,34,106,148.1,0.2,34,0,0,0,1,1,0,6,5,3,1.5547456262088621
5513,86.65,1,5,-3.5,0.2,1,0,0,0,1,1,0,3,1,0,5.629658927413318
5514,86.69,45,144,198.1,0.2,45,0,0,0,1,1,0,7,2,5,1.5220345438125693
5515,86.71,39,113,166.5,0.2,39,0,0,0,1,1,0,12,1,2,1.3278338044325375
5516,86.75,49,152,229.1,0.2,51,0,0,0,0,0,1,10,1,6,1.5958567203752159
5517,86.78,38,115,170.3,0.2,38,0,0,0,1,1,0,3,2,2,1.2642916470267311
5518,86.78,2,5,4.5,0.2,2,0,0,0,1,1,0,0,1,0,5.005971388205589
5519,86.8,23,61,101.3,0.2,23,0,0,0,1,1,0,2,3,6,1.5915600271888246
5520,86.8,9,15,38.5,0.2,9,0,0,0,1,1,0,0,1,0,2.8328108064887942
5521,86.82,29,74,129.6,0.2,29,0,0,0,1,1,0,3,1,0,1.728774869547322
5522,86.83,5,11,17.8,0.2,5,0,0,0,1,1,0,1,1,1,2.7450478200327257
5523,86.85,44,117,199.1,0.2,44,0,0,0,1,1,0,4,2,2,1.7045073684651657
5524,86.86,15,39,61.1,0.2,15,0,0,0,1,1,0,5,2,0,1.5645984688467773
5525,86.89,49,137,235.9,0.2,51,0,0,0,0,0,1,5,2,3,1.4586711242384032
5526,86.92,49,147,236.0,0.2,51,0,0,0,0,0,1,4,2,2,1.5069434930615995
5527,86.93,6,20,21.9,0.2,6,0,0,0,1,1,0,1,1,1,1.9353355086964608
5528,86.96,49,162,231.4,0.2,51,0,0,0,0,0,1,7,5,3,1.5891436459059773
5529,86.97,12,28,50.1,0.2,12,0,0,0,1,1,0,2,1,1,1.871833218059379
5530,86.98,21,49,94.9,0.2,21,0,0,0,1,1,0,0,1,2,1.7268592427309686
5531,87.0,37,85,171.4,0.2,38,0,0,0,1,1,0,5,4,1,1.4953216999937382
5532,87.01,11,32,46.7,0.2,11,0,0,0,1,1,0,0,1,1,1.9920724187679728
5533,87.02,8,27,35.2,0.2,9,0,0,0,1,1,0,2,1,1,1.6786920734362765
5534,87.04,37,114,164.0,0.2,37,0,0,0,1,1,0,4,2,6,1.4178259237041324
5535,87.05,9,22,34.8,0.2,9,0,0,0,1,1,0,3,1,0,2.3283388203578395
5536,87.06,24,56,104.2,0.2,24,0,0,0,1,1,0,5,2,2,1.6116828819057756
5537,87.07,9,22,37.7,0.2,9,0,0,0,1,1,0,0,1,1,2.0400788784541017
5538,87.07,2,5,1.5,0.2,2,0,0,0,1,1,0,3,1,0,6.138976489037693
5539,87.08,9,28,33.1,0.2,9,0,0,0,1,1,0,4,2,1,1.7933812683839112
5540,87.08,3,5,8.5,0.2,3,0,0,0,1,1,0,1,1,0,5.696075107600029
5541,87.09,21,48,88.1,0.2,21,0,0,0,1,1,0,7,2,1,1.5666450665165204
5542,87.1,5,15,15.5,0.2,5,0,0,0,1,1,0,3,1,0,2.656329133975987
5543,87.11,29,78,127.1,0.2,29,0,0,0,1,1,0,5,1,1,1.3633758188821206
5544,87.12,4,17,10.3,0.2,4,0,0,0,1,1,0,3,1,0,2.3245281014411323
5545,87.14,33,68,148.9,0.2,33,0,0,0,1,1,0,4,3,3,1.8539995753584184
5546,87.14,6,14,22.6,0.2,6,0,0,0,1,1,0,1,1,0,2.5059675116162277
5547,87.15,18,46,79.4,0.2,18,0,0,0,1,1,0,1,1,0,1.4196935424179238
5548,87.18,44,115,197.1,0.2,44,0,0,0,1,1,0,6,5,4,1.6279277927423337
5549,87.2,33,97,144.0,0.2,33,0,0,0,1,1,0,6,2,3,1.4318565520695115
5550,87.22,21,63,91.2,0.2,21,0,0,0,1,1,0,2,1,5,1.6957620511778613
5551,87.23,15,32,62.7,0.2,15,0,0,0,1,1,0,4,2,1,2.0251916777801293
5552,87.25,38,107,167.6,0.2,38,0,0,0,1,1,0,6,3,7,1.4816740438258242
5553,87.29,46,151,201.5,0.2,46,0,0,0,1,1,0,8,5,4,1.5138138280488977
5554,87.3,26,73,115.5,0.2,26,0,0,0,1,1,0,2,1,2,1.5513890323537256
5555,87.31,2,7,2.3,0.2,2,0,0,0,1,1,0,2,1,0,4.244815217302315
5556,87.32,24,51,106.8,0.2,24,0,0,0,1,1,0,3,2,1,1.7986365780421742
5557,87.34,24,77,102.0,0.2,24,0,0,0,1,1,0,5,2,3,1.5407090401048482
5558,87.34,2,9,8.1,0.2,3,0,0,0,1,1,0,1,1,0,3.0921608396944618
5559,87.34,6,17,23.3,0.2,6,0,0,0,1,1,0,0,1,0,2.291106925222685
5560,87.37,40,110,176.5,0.2,40,0,0,0,1,1,0,7,3,5,1.4118363701839112
5561,87.39,20,42,87.7,0.2,20,0,0,0,1,1,0,3,1,1,1.9577306975914128
5562,87.4,15,47,59.0,0.2,15,0,0,0,1,1,0,6,1,3,1.5964240273375605
5563,87.41,14,37,58.0,0.2,14,0,0,0,1,1,0,3,1,3,1.873092204042726
5564,87.41,3,6,8.4,0.2,3,0,0,0,1,1,0,1,1,0,4.6238106993106864
5565,87.44,49,147,234.1,0.2,51,0,0,0,0,0,1,6,4,1,1.6014405331926762
5566,87.45,5,11,18.9,0.2,5,0,0,0,1,1,0,0,1,0,3.1579514478234088
5567,87.45,10,28,41.2,0.2,10,0,0,0,1,1,0,1,1,0,1.7841098455928301
5568,87.49,49,141,234.2,0.2,51,0,0,0,0,0,1,6,2,6,1.5101152139313527
5569,87.49,2,5,1.5,0.2,2,0,0,0,1,1,0,3,1,0,5.884375373151807
5570,87.49,8,23,29.7,0.2,8,0,0,0,1,1,0,3,1,0,2.2024599348792964
5571,87.52,33,97,150.1,0.2,33,0,0,0,1,1,0,0,3,2,1.5437677978499533
5572,87.55,47,132,209.2,0.2,47,0,0,0,1,1,0,7,2,6,1.396606583251221
5573,87.56,14,43,55.6,0.2,14,0,0,0,1,1,0,5,2,1,1.6486095899399906
5574,87.57,10,24,41.6,0.2,10,0,0,0,1,1,0,1,1,0,1.8582793575877685
5575,87.6,45,133,197.3,0.2,45,0,0,0,1,1,0,9,4,4,1.4320110308731995
5576,87.6,0,5,-1.5,0.2,1,0,0,0,1,1,0,1,1,0,4.6622573242020335
5577,87.6,5,17,13.3,0.2,5,0,0,0,1,1,0,5,1,0,3.115676221208929
5578,87.64,44,147,187.1,0.2,44,0,0,0,1,1,0,13,3,2,1.4978773909368985
5579,87.68,49,155,229.0,0.2,51,0,0,0,0,0,1,10,2,4,1.301809811496653
5580,87.68,9,23,33.7,0.2,9,0,0,0,1,1,0,4,2,0,2.048447069127863
5581,87.69,13,34,54.4,0.2,13,0,0,0,1,1,0,2,2,2,1.6785508922629586
5582,87.73,50,162,228.5,0.2,50,0,0,0,0,0,1,5,3,2,1.3833502694412527
5583,87.73,0,5,-0.6,0.2,1,0,0,0,1,1,0,0,1,1,4.311719931374807
5584,87.73,2,5,9.4,0.2,3,0,0,0,1,1,0,0,1,1,4.23116589264179
5585,87.76,49,122,238.6,0.2,51,0,0,0,0,0,1,4,2,1,1.568472175404269
5586,87.79,48,139,216.3,0.2,48,0,0,0,1,1,0,4,3,8,1.6214766350678222
5587,87.82,49,145,230.0,0.2,51,0,0,0,0,0,1,10,3,4,1.490162124147174
5588,87.86,50,167,230.7,0.2,50,0,0,0,0,0,1,2,6,5,1.4198277729151652
5589,87.86,14,31,61.9,0.2,14,0,0,0,1,1,0,0,1,0,1.7197164939941625
5590,87.88,29,72,128.7,0.2,29,0,0,0,1,1,0,4,3,1,1.3515328505343451
5591,87.89,10,28,41.9,0.2,10,0,0,0,1,1,0,0,2,3,1.8620097823871833
5592,87.9,14,37,59.0,0.2,14,0,0,0,1,1,0,2,1,3,1.8093347808440505
5593,87.93,49,145,234.0,0.2,51,0,0,0,0,0,1,6,4,4,1.4541947805165347
5594,87.93,2,11,0.9,0.2,2,0,0,0,1,1,0,3,1,0,3.57302287619795
5595,87.96,44,107,204.0,0.2,44,0,0,0,1,1,0,0,2,3,1.5770975456644212
5596,87.98,31,80,138.7,0.2,31,0,0,0,1,1,0,3,6,3,1.5278420641208286
5597,87.99,29,58,134.0,0.2,29,0,0,0,1,1,0,0,2,2,1.637737952874968
5598,88.02,49,159,226.7,0.2,51,0,0,0,0,0,1,12,1,3,1.572347697066821
5599,88.06,49,158,231.5,0.2,51,0,0,0,0,0,1,7,4,6,1.4955929394189442
5600,88.08,33,87,144.1,0.2,33,0,0,0,1,1,0,7,3,2,1.470990281521938
5601,88.08,6,19,21.9,0.2,6,0,0,0,1,1,0,1,1,2,2.3558392591049087
5602,88.1,23,69,97.9,0.2,23,0,0,0,1,1,0,5,2,2,1.5879338375145826
5603,88.14,49,151,236.4,0.2,51,0,0,0,0,0,1,3,0,4,1.4776807217038403
5604,88.16,40,118,170.9,0.2,40,0,0,0,1,1,0,12,4,3,1.3242219845624383
5605,88.17,21,48,90.0,0.2,21,0,0,0,1,1,0,5,1,2,1.5088654960276564
5606,88.18,16,47,66.9,0.2,16,0,0,0,1,1,0,3,2,4,1.2263933329877974
5607,88.2,22,66,96.2,0.2,22,0,0,0,1,1,0,2,2,2,1.983082464949828
5608,88.2,1,5,-0.5,0.2,1,0,0,0,1,1,0,0,1,0,4.883860329276899
5609,88.21,27,76,116.2,0.2,27,0,0,0,1,1,0,6,2,2,1.3209423155845255
5610,88.25,49,150,236.2,0.2,51,0,0,0,0,0,1,3,3,7,1.3654846944255625
5611,88.26,18,47,77.1,0.2,18,0,0,0,1,1,0,3,1,2,1.6377323681913938
5612,88.28,28,73,123.4,0.2,28,0,0,0,1,1,0,4,3,3,1.2495338862493317
5613,88.28,1,5,-1.5,0.2,1,0,0,0,1,1,0,1,1,0,4.496726851195881
5614,88.31,38,116,167.7,0.2,38,0,0,0,1,1,0,5,2,7,1.416636888113416
5615,88.32,14,41,54.7,0.2,14,0,0,0,1,1,0,6,2,2,1.3553603668080219
5616,88.35,49,157,229.2,0.2,51,0,0,0,0,0,1,10,2,0,1.4447507859717863
5617,88.37,25,68,108.8,0.2,25,0,0,0,1,1,0,4,3,4,1.5113806643829388
5618,88.38,19,58,80.8,0.2,19,0,0,0,1,1,0,3,1,4,1.5008380272191009
5619,88.4,28,69,124.9,0.2,28,0,0,0,1,1,0,3,2,2,1.300652216798497
5620,88.4,11,30,47.0,0.2,11,0,0,0,1,1,0,0,2,0,1.775528563976332
5621,88.44,49,167,226.5,0.2,51,0,0,0,0,0,1,11,4,7,1.515009117136044
5622,88.44,4,14,12.5,0.2,4,0,0,0,1,1,0,1,1,1,2.555255085588588
5623,88.47,49,147,232.6,0.2,51,0,0,0,0,0,1,7,4,6,1.546308690193595
5624,88.51,49,166,228.1,0.2,51,0,0,0,0,0,1,10,3,2,1.6375194852818402
5625,88.52,19,68,80.2,0.2,19,0,0,0,1,1,0,3,2,0,1.3302685628082562
5626,88.53,13,30,59.8,0.2,14,0,0,0,1,1,0,2,1,2,1.8348872280100097
5627,88.53,4,12,13.7,0.2,4,0,0,0,1,1,0,0,1,1,2.355973449939895
5628,88.56,30,88,130.1,0.2,30,0,0,0,1,1,0,6,4,1,1.3873157531726665
5629,88.56,1,5,4.4,0.2,2,0,0,0,1,1,0,0,1,1,4.966945305928548
5630,88.59,49,158,232.8,0.2,51,0,0,0,0,0,1,6,2,3,1.5500901357413563
5631,88.63,49,166,227.7,0.2,51,0,0,0,0,0,1,10,3,6,1.4830558832102243
5632,88.63,11,33,45.5,0.2,11,0,0,0,1,1,0,1,2,2,1.8997205105935584
5633,88.65,37,87,168.8,0.2,37,0,0,0,1,1,0,2,2,5,1.4562172071906792
5634,88.66,2,9,3.1,0.2,2,0,0,0,1,1,0,1,1,0,3.64027613707031
5635,88.69,49,170,232.0,0.2,51,0,0,0,0,0,1,5,3,9,1.4320405153781486
5636,88.69,2,5,3.5,0.2,2,0,0,0,1,1,0,1,1,0,4.204612552030295
5637,88.72,40,114,177.3,0.2,40,0,0,0,1,1,0,6,4,3,1.3841789102122706
5638,88.74,42,126,181.9,0.2,42,0,0,0,1,1,0,10,5,5,1.3975838261301832
5639,88.78,49,169,229.3,0.2,51,0,0,0,0,0,1,8,1,7,1.455746253863649
5640,88.82,49,164,232.0,0.2,51,0,0,0,0,0,1,6,2,5,1.510558460342484
5641,88.82,7,21,24.9,0.2,7,0,0,0,1,1,0,3,2,0,2.292216531241561
5642,88.85,38,101,174.6,0.2,39,0,0,0,1,1,0,5,4,3,1.7259428375511343
5643,88.88,49,164,226.8,0.2,51,0,0,0,0,0,1,11,6,7,1.4526121202994267
5644,88.89,14,30,65.9,0.2,15,0,0,0,1,1,0,1,1,1,1.9049907062063214
5645,88.9,11,39,44.8,0.2,11,0,0,0,1,1,0,1,1,3,1.6345612113461678
5646,88.91,0,5,-7.5,0.2,0,0,0,0,1,1,0,2,1,0,5.430653254276475
5647,88.91,7,16,25.2,0.2,7,0,0,0,1,1,0,3,1,2,2.140114205447785
5648,88.94,33,102,142.5,0.2,33,0,0,0,1,1,0,7,3,3,1.3718967816216514
5649,88.94,9,29,32.0,0.2,9,0,0,0,1,1,0,5,2,1,1.9731367162381253
5650,88.97,39,116,173.1,0.2,39,0,0,0,1,1,0,5,5,3,1.5400761633112887
5651,88.97,2,5,3.5,0.2,2,0,0,0,1,1,0,1,1,0,4.71870354280076
5652,88.98,15,51,67.8,0.2,16,0,0,0,1,1,0,2,1,1,1.5101609375552183
5653,89.01,40,113,181.2,0.2,40,0,0,0,1,1,0,2,7,5,1.3241239277726835
5654,89.03,43,133,190.1,0.2,43,0,0,0,1,1,0,6,4,6,1.4394348969873259
5655,89.04,5,16,15.4,0.2,5,0,0,0,1,1,0,3,2,0,2.593247446838468
5656,89.04,9,26,36.3,0.2,9,0,0,0,1,1,0,1,1,1,1.6193272902905054
5657,89.05,1,8,-3.8,0.2,1,0,0,0,1,1,0,3,1,0,3.5160555756999265
5658,89.08,49,173,230.2,0.2,51,0,0,0,0,0,1,7,5,4,1.4801411681934895
5659,89.09,10,24,47.3,0.2,11,0,0,0,1,1,0,0,2,3,1.9723296574343776
5660,89.12,41,124,180.8,0.2,41,0,0,0,1,1,0,6,5,8,1.3146311832343727
5661,89.12,3,9,6.1,0.2,3,0,0,0,1,1,0,3,1,0,3.2476701893188484
5662,89.12,7,15,26.5,0.2,7,0,0,0,1,1,0,2,1,0,2.5714226978375385
5663,89.14,16,54,64.3,0.2,16,0,0,0,1,1,0,5,1,3,1.4033207778380699
5664,89.14,1,5,-0.5,0.2,1,0,0,0,1,1,0,0,1,0,5.362253649461903
5665,89.14,1,6,3.3,0.2,2,0,0,0,1,1,0,1,1,1,3.7656179749183534
5666,89.18,49,175,232.3,0.2,51,0,0,0,0,0,1,4,3,11,1.45941002005313
5667,89.18,1,5,3.5,0.2,2,0,0,0,1,1,0,1,1,0,4.776962653290678
5668,89.19,11,42,41.8,0.2,11,0,0,0,1,1,0,4,2,0,1.3037914600189566
5669,89.22,49,134,231.4,0.2,51,0,0,0,0,0,1,10,1,1,1.7406435626043057
5670,89.22,1,5,-2.5,0.2,1,0,0,0,1,1,0,2,1,0,4.8856444107250585
5671,89.23,5,23,14.5,0.2,5,0,0,0,1,1,0,3,1,2,2.2578685083820753
5672,89.23,4,11,10.9,0.2,4,0,0,0,1,1,0,3,1,0,2.863004972465399
5673,89.24,15,57,58.9,0.2,15,0,0,0,1,1,0,5,2,4,1.4088451588765756
5674,89.25,30,65,135.5,0.2,30,0,0,0,1,1,0,3,3,0,1.4715528660309158
5675,89.26,13,36,52.3,0.2,13,0,0,0,1,1,0,4,1,1,1.7791342240163333
5676,89.27,13,40,51.0,0.2,13,0,0,0,1,1,0,5,3,0,1.602228994195866
5677,89.28,2,5,1.5,0.2,2,0,0,0,1,1,0,3,1,0,6.247566000226098
5678,89.29,30,85,138.2,0.2,31,0,0,0,1,1,0,3,2,3,1.5125421272578772
5679,89.31,20,62,84.6,0.2,20,0,0,0,1,1,0,4,4,2,1.6601780531669268
5680,89.33,41,123,178.3,0.2,41,0,0,0,1,1,0,9,3,4,1.46029911752968
5681,89.35,18,65,72.9,0.2,18,0,0,0,1,1,0,5,3,6,1.303573050320826
5682,89.36,26,69,115.8,0.2,26,0,0,0,1,1,0,2,2,3,1.5577444002298046
5683,89.39,40,119,176.8,0.2,40,0,0,0,1,1,0,6,7,3,1.4551341364946713
5684,89.4,22,59,95.0,0.2,22,0,0,0,1,1,0,4,3,1,1.7100128932973864
5685,89.41,2,7,3.2,0.2,2,0,0,0,1,1,0,1,1,1,3.634761277603489
5686,89.41,2,11,0.8,0.2,2,0,0,0,1,1,0,3,1,1,2.259848081590485
5687,89.43,28,77,120.0,0.2,28,0,0,0,1,1,0,7,1,3,1.3960141305097071
5688,89.45,43,128,191.9,0.2,43,0,0,0,1,1,0,5,2,3,1.4983640587945015
5689,89.49,49,169,229.4,0.2,51,0,0,0,0,0,1,8,3,6,1.4555164980169812
5690,89.49,3,14,4.6,0.2,3,0,0,0,1,1,0,4,1,0,2.691242511591532
5691,89.49,2,5,8.5,0.2,3,0,0,0,1,1,0,1,1,0,4.543869818576539
5692,89.51,15,51,58.7,0.2,15,0,0,0,1,1,0,6,2,2,1.4486752038644846
5693,89.53,40,100,181.6,0.2,40,0,0,0,1,1,0,3,3,4,1.3432273198246218
5694,89.54,23,53,101.6,0.2,23,0,0,0,1,1,0,3,2,1,1.6459111537162063
5695,89.56,33,90,147.9,0.2,33,0,0,0,1,1,0,3,2,1,1.5465739111793713
5696,89.59,49,138,220.4,0.2,49,0,0,0,1,1,0,5,4,8,1.5274516922520207
5697,89.62,40,107,179.1,0.2,40,0,0,0,1,1,0,5,2,2,1.5751218284447015
5698,89.63,24,59,104.0,0.2,24,0,0,0,1,1,0,5,2,1,1.7909272196485189
5699,89.66,43,121,191.5,0.2,43,0,0,0,1,1,0,6,3,4,1.3791627579704884
5700,89.66,2,6,3.4,0.2,2,0,0,0,1,1,0,1,1,0,4.01238936557257
5701,89.69,49,152,232.4,0.2,51,0,0,0,0,0,1,7,1,3,1.4520030472633163
5702,89.69,2,5,3.5,0.2,2,0,0,0,1,1,0,1,1,0,5.082005027494955
5703,89.7,0,9,-8.9,0.2,0,0,0,0,1,1,0,3,1,0,3.5965571131236334
5704,89.7,9,19,38.1,0.2,9,0,0,0,1,1,0,0,1,0,2.373281610356537
5705,89.7,6,13,23.7,0.2,6,0,0,0,1,1,0,0,1,0,2.4519222170039363
5706,89.72,37,95,169.2,0.2,37,0,0,0,1,1,0,1,1,3,1.4296955570202419
5707,89.75,46,149,199.9,0.2,46,0,0,0,1,1,0,10,4,2,1.310421706676698
5708,89.78,38,104,170.0,0.2,38,0,0,0,1,1,0,4,4,6,1.2555765242083945
5709,89.78,4,16,10.3,0.2,4,0,0,0,1,1,0,3,1,1,2.0275209004899115
5710,89.81,49,131,222.3,0.2,49,0,0,0,1,1,0,4,4,6,1.539595317992205
5711,89.84,46,138,206.9,0.2,46,0,0,0,1,1,0,4,5,3,1.361564960289005
5712,89.87,49,137,237.7,0.2,51,0,0,0,0,0,1,3,2,5,1.4754112405099404
5713,89.87,1,8,3.2,0.2,2,0,0,0,1,1,0,1,1,0,3.288415602117666
5714,89.88,4,11,12.8,0.2,4,0,0,0,1,1,0,1,1,1,2.5543051234706406
5715,89.88,2,5,8.5,0.2,3,0,0,0,1,1,0,1,1,0,3.989040294877184
5716,89.91,49,149,234.0,0.2,51,0,0,0,0,0,1,6,3,0,1.7246770888700875
5717,89.92,18,67,67.9,0.2,18,0,0,0,1,1,0,10,2,4,1.5988525382543337
5718,89.93,6,21,20.9,0.2,6,0,0,0,1,1,0,2,1,0,1.8759055222949375
5719,89.93,4,13,10.7,0.2,4,0,0,0,1,1,0,3,1,0,3.0937711423197545
5720,89.93,2,5,4.5,0.2,2,0,0,0,1,1,0,0,1,0,4.406420098483386
5721,89.94,3,6,8.4,0.2,3,0,0,0,1,1,0,1,1,0,3.601334875802978
5722,89.95,17,50,72.9,0.2,17,0,0,0,1,1,0,2,2,1,1.5468914786556365
5723,89.95,5,13,22.7,0.2,6,0,0,0,1,1,0,1,1,0,2.614202617187237
5724,89.96,15,46,59.3,0.2,15,0,0,0,1,1,0,6,2,1,1.6316050789505134
5725,89.99,41,132,182.2,0.2,41,0,0,0,1,1,0,4,2,6,1.4125189108727034
5726,89.99,3,6,8.4,0.2,3,0,0,0,1,1,0,1,1,0,4.439070370341599
5727,89.99,1,5,-3.5,0.2,1,0,0,0,1,1,0,3,1,0,4.838356082962603
5728,90.02,49,145,234.9,0.2,51,0,0,0,0,0,1,5,2,5,1.6571434125551654
5729,90.03,3,9,13.1,0.2,4,0,0,0,1,1,0,1,1,0,2.987664262638388
5730,90.05,33,79,147.8,0.2,33,0,0,0,1,1,0,4,1,3,1.4472250266568356
5731,90.08,49,169,210.6,0.2,49,0,0,0,1,1,0,12,4,5,1.4011456008826904
5732,90.09,7,20,27.9,0.2,7,0,0,0,1,1,0,0,1,1,2.580222785080439
5733,90.11,48,128,218.9,0.2,48,0,0,0,1,1,0,3,2,3,1.5039874804975706
5734,90.14,49,143,231.0,0.2,51,0,0,0,0,0,1,9,1,6,1.3699243826042422
5735,90.14,3,5,9.5,0.2,3,0,0,0,1,1,0,0,1,0,5.972650950703598
5736,90.15,8,21,30.9,0.2,8,0,0,0,1,1,0,2,1,0,2.0743646131732665
5737,90.15,7,20,26.0,0.2,7,0,0,0,1,1,0,2,1,0,2.2463451775140952
5738,90.18,49,158,231.8,0.2,51,0,0,0,0,0,1,7,3,3,1.456747032748324
5739,90.2,27,81,120.7,0.2,27,0,0,0,1,1,0,1,2,2,1.6136406192912718
5740,90.2,3,12,5.6,0.2,3,0,0,0,1,1,0,3,1,2,2.7240098518660165
5741,90.22,20,44,88.4,0.2,20,0,0,0,1,1,0,2,1,2,1.5566618606240714
5742,90.24,45,131,198.4,0.2,45,0,0,0,1,1,0,8,4,5,1.4908851434397339
5743,90.27,33,92,144.5,0.2,33,0,0,0,1,1,0,6,5,3,1.3988123699112947
5744,90.3,49,161,217.4,0.2,49,0,0,0,1,1,0,6,6,5,1.3492477187391885
5745,90.32,26,75,113.2,0.2,26,0,0,0,1,1,0,4,2,3,1.6874394965654362
5746,90.32,5,13,18.7,0.2,5,0,0,0,1,1,0,0,1,0,2.2749766501249384
5747,90.36,47,158,205.4,0.2,47,0,0,0,1,1,0,8,3,8,1.4150380983670905
5748,90.37,25,78,106.8,0.2,25,0,0,0,1,1,0,5,3,4,1.4615885302231986
5749,90.38,9,22,36.6,0.2,9,0,0,0,1,1,0,1,1,2,1.6642083978361386
5750,90.41,43,122,191.4,0.2,43,0,0,0,1,1,0,6,6,4,1.4480110102668393
5751,90.44,49,148,232.8,0.2,51,0,0,0,0,0,1,7,4,3,1.288802451519947
5752,90.48,49,161,218.0,0.2,49,0,0,0,1,1,0,5,5,9,1.2863778215762491
5753,90.51,49,160,231.4,0.2,51,0,0,0,0,0,1,7,3,5,1.4137745037855978
5754,90.51,7,14,28.5,0.2,7,0,0,0,1,1,0,0,1,1,2.5409682387009616
5755,90.53,29,88,124.9,0.2,29,0,0,0,1,1,0,6,2,3,1.51037546601927
5756,90.53,2,6,4.4,0.2,2,0,0,0,1,1,0,0,1,0,5.19755553525864
5757,90.57,49,165,231.9,0.2,51,0,0,0,0,0,1,6,3,5,1.4607184761333694
5758,90.58,16,44,66.6,0.2,16,0,0,0,1,1,0,4,2,0,1.8023454703118935
5759,90.6,29,81,130.5,0.2,29,0,0,0,1,1,0,1,2,4,1.6065046780961965
5760,90.6,3,8,8.2,0.2,3,0,0,0,1,1,0,1,1,0,3.816466145686096
5761,90.63,48,149,211.7,0.2,48,0,0,0,1,1,0,8,5,4,1.6143980480614573
5762,90.66,35,120,149.3,0.2,35,0,0,0,1,1,0,8,4,7,1.2893916103493446
5763,90.66,2,5,1.5,0.2,2,0,0,0,1,1,0,3,1,0,6.103161558004652
5764,90.68,37,106,163.2,0.2,37,0,0,0,1,1,0,6,5,2,1.334154259803615
5765,90.69,5,11,15.9,0.2,5,0,0,0,1,1,0,3,1,0,3.1855330731483633
5766,90.71,37,103,167.4,0.2,37,0,0,0,1,1,0,2,4,3,1.4419957820354543
5767,90.71,3,5,9.5,0.2,3,0,0,0,1,1,0,0,1,0,4.548433734703211
5768,90.73,27,84,121.4,0.2,28,0,0,0,1,1,0,5,2,2,1.4809246970907746
5769,90.76,49,141,230.4,0.2,51,0,0,0,0,0,1,10,2,4,1.5958418759666517
5770,90.77,17,46,74.3,0.2,17,0,0,0,1,1,0,1,2,1,1.5013796701506836
5771,90.79,29,86,122.0,0.2,29,0,0,0,1,1,0,9,2,4,1.1649239376812508
5772,90.81,31,78,142.0,0.2,32,0,0,0,1,1,0,5,5,2,1.552517493313843
5773,90.82,11,31,44.8,0.2,11,0,0,0,1,1,0,2,1,1,2.2936885180727713
5774,90.83,21,52,88.6,0.2,21,0,0,0,1,1,0,6,2,2,1.7710959105215747
5775,90.85,20,60,86.6,0.2,20,0,0,0,1,1,0,2,4,4,1.5446847586917538
5776,90.85,10,26,40.4,0.2,10,0,0,0,1,1,0,2,2,0,2.1957626980752822
5777,90.87,30,77,134.1,0.2,30,0,0,0,1,1,0,3,1,2,1.582982127033998
5778,90.89,35,92,156.8,0.2,35,0,0,0,1,1,0,4,3,0,1.5664631972503775
5779,90.89,1,7,3.3,0.2,2,0,0,0,1,1,0,1,1,0,3.462928255261346
5780,90.89,2,6,3.3,0.2,2,0,0,0,1,1,0,1,1,1,4.359519586097698
5781,90.9,17,44,74.5,0.2,17,0,0,0,1,1,0,1,2,1,1.6374785979538728
5782,90.92,16,46,67.3,0.2,16,0,0,0,1,1,0,3,2,1,1.4274179187617675
5783,90.94,41,107,183.0,0.2,41,0,0,0,1,1,0,6,4,3,1.3840393926869978
5784,90.95,8,26,31.2,0.2,8,0,0,0,1,1,0,1,1,2,1.872759965401538
5785,90.95,6,19,21.0,0.2,6,0,0,0,1,1,0,2,2,1,2.2684958592926248
5786,90.97,22,67,93.1,0.2,22,0,0,0,1,1,0,5,2,2,1.4890317276731269
5787,90.97,14,31,61.9,0.2,14,0,0,0,1,1,0,0,1,0,2.102460376579486
5788,90.98,2,5,8.5,0.2,3,0,0,0,1,1,0,1,1,0,4.0930118886831774
5789,90.98,2,10,1.0,0.2,2,0,0,0,1,1,0,3,1,0,2.934871572988553
5790,91.01,49,155,231.9,0.2,51,0,0,0,0,0,1,7,2,5,1.5071798010176212
5791,91.01,4,12,13.7,0.2,4,0,0,0,1,1,0,0,1,1,2.893401927283245
5792,91.03,29,70,128.9,0.2,29,0,0,0,1,1,0,4,4,1,1.572616257425705
5793,91.05,30,80,137.9,0.2,31,0,0,0,1,1,0,4,4,1,1.4592727049985417
5794,91.05,1,5,-3.5,0.2,1,0,0,0,1,1,0,3,1,0,5.417522044733589
5795,91.07,28,81,120.7,0.2,28,0,0,0,1,1,0,6,1,2,1.4368496636395438
5796,91.08,34,88,150.9,0.2,34,0,0,0,1,1,0,5,2,3,1.4431050229484255
5797,91.09,4,17,17.2,0.2,5,0,0,0,1,1,0,1,1,1,2.4040018667395646
5798,91.12,49,158,230.6,0.2,51,0,0,0,0,0,1,8,5,5,1.5061799506209275
5799,91.12,2,5,3.5,0.2,2,0,0,0,1,1,0,1,1,0,5.012831292321644
5800,91.15,39,107,174.3,0.2,39,0,0,0,1,1,0,5,4,0,1.5139287048535444
5801,91.16,17,35,72.4,0.2,17,0,0,0,1,1,0,4,1,1,1.8287740673495194
5802,91.17,28,64,127.5,0.2,28,0,0,0,1,1,0,1,3,1,1.397416878515494
5803,91.21,50,180,211.2,0.2,50,0,0,0,1,1,0,15,3,8,1.5675864961311006
5804,91.22,17,46,75.2,0.2,17,0,0,0,1,1,0,0,2,2,1.455295474305547
5805,91.23,2,7,4.3,0.2,2,0,0,0,1,1,0,0,1,0,3.6606850812375265
5806,91.25,36,101,159.8,0.2,36,0,0,0,1,1,0,5,4,1,1.2418889186799853
5807,91.27,37,108,163.9,0.2,37,0,0,0,1,1,0,5,3,3,1.3554812655194193
5808,91.27,2,5,4.5,0.2,2,0,0,0,1,1,0,0,1,0,4.6830482306808605
5809,91.31,50,175,221.4,0.2,50,0,0,0,0,0,1,10,5,10,1.3657353674319987
5810,91.32,14,43,57.5,0.2,14,0,0,0,1,1,0,3,1,2,1.4586532041338776
5811,91.32,2,5,2.5,0.2,2,0,0,0,1,1,0,2,1,0,5.5944473895940545
5812,91.34,36,101,163.5,0.2,36,0,0,0,1,1,0,1,3,4,1.550208748994535
5813,91.36,32,88,142.9,0.2,32,0,0,0,1,1,0,3,2,3,1.3354379007774726
5814,91.4,49,185,225.9,0.2,51,0,0,0,0,0,1,10,3,5,1.3979637336914004
5815,91.43,42,116,187.0,0.2,42,0,0,0,1,1,0,6,2,4,1.3812081096805453
5816,91.45,35,99,158.7,0.2,35,0,0,0,1,1,0,1,2,4,1.4996846436134088
5817,91.47,28,78,122.8,0.2,28,0,0,0,1,1,0,4,3,4,1.5228748988199856
5818,91.47,15,34,65.5,0.2,15,0,0,0,1,1,0,1,3,1,1.8500976446031827
5819,91.49,25,74,106.4,0.2,25,0,0,0,1,1,0,6,4,2,1.7028799929030165
5820,91.5,6,22,22.7,0.2,6,0,0,0,1,1,0,0,2,1,2.221043450279815
5821,91.51,19,65,76.3,0.2,19,0,0,0,1,1,0,7,1,2,1.6614089743721072
5822,91.53,27,75,114.9,0.2,27,0,0,0,1,1,0,7,3,6,1.4475130849372306
5823,91.53,2,5,3.5,0.2,2,0,0,0,1,1,0,1,1,0,4.909256779811322
5824,91.54,20,48,85.1,0.2,20,0,0,0,1,1,0,5,1,1,1.3028488982475321
5825,91.57,45,122,201.5,0.2,45,0,0,0,1,1,0,6,4,3,1.5124959149074777
5826,91.57,2,5,3.3,0.2,2,0,0,0,1,1,0,1,1,2,4.719877399589194
5827,91.6,42,123,185.0,0.2,42,0,0,0,1,1,0,7,5,7,1.433052266213523
5828,91.6,6,24,20.4,0.2,6,0,0,0,1,1,0,2,2,2,2.3079820401294
5829,91.64,49,183,224.0,0.2,51,0,0,0,0,0,1,12,5,6,1.615028469869153
5830,91.66,26,78,111.0,0.2,26,0,0,0,1,1,0,6,3,2,1.4897335665731022
5831,91.69,49,156,233.0,0.2,51,0,0,0,0,0,1,6,4,3,1.4848156868290923
5832,91.69,2,5,4.5,0.2,2,0,0,0,1,1,0,0,1,0,4.889293934372743
5833,91.71,13,50,49.9,0.2,13,0,0,0,1,1,0,5,2,1,1.6338043698542497
5834,91.71,6,20,21.8,0.2,6,0,0,0,1,1,0,1,2,2,1.9471089026306714
5835,91.73,27,70,120.8,0.2,27,0,0,0,1,1,0,2,5,2,1.812588294370977
5836,91.76,49,149,236.8,0.2,51,0,0,0,0,0,1,3,1,2,1.5419798107039093
5837,91.77,11,34,43.5,0.2,11,0,0,0,1,1,0,3,1,1,1.8688947410343244
5838,91.77,2,5,1.5,0.2,2,0,0,0,1,1,0,3,1,0,5.666590281608341
5839,91.8,41,140,174.5,0.2,41,0,0,0,1,1,0,11,4,5,1.2997912151596496
5840,91.8,1,5,-3.5,0.2,1,0,0,0,1,1,0,3,1,0,5.750601900867339
5841,91.82,24,72,101.8,0.2,24,0,0,0,1,1,0,6,2,0,1.5851467281991414
5842,91.84,40,111,177.5,0.2,40,0,0,0,1,1,0,6,2,4,1.5059004887717782
5843,91.85,22,50,103.7,0.2,23,0,0,0,1,1,0,1,2,3,1.37781453946449
5844,91.87,29,88,126.9,0.2,29,0,0,0,1,1,0,4,3,3,1.4859592840705338
5845,91.91,46,150,204.4,0.2,46,0,0,0,1,1,0,5,2,6,1.3257009247465863
5846,91.94,49,144,233.2,0.2,51,0,0,0,0,0,1,7,2,3,1.3926403878825544
5847,91.97,49,150,229.6,0.2,51,0,0,0,0,0,1,10,2,3,1.5453120566188527
5848,91.98,11,32,46.5,0.2,11,0,0,0,1,1,0,0,1,3,1.4738850623880095
5849,91.98,2,5,8.5,0.2,3,0,0,0,1,1,0,1,1,0,4.652753443966846
5850,92.0,34,95,148.1,0.2,34,0,0,0,1,1,0,7,5,4,1.5086532884338435
5851,92.0,7,21,26.7,0.2,7,0,0,0,1,1,0,1,1,2,2.031413214443504
5852,92.01,3,12,6.7,0.2,3,0,0,0,1,1,0,2,2,1,2.4754246052825817
5853,92.03,31,85,136.5,0.2,31,0,0,0,1,1,0,5,4,0,1.4512726203107975
5854,92.03,2,8,3.2,0.2,2,0,0,0,1,1,0,1,1,0,3.9508962100789384
5855,92.04,20,50,88.8,0.2,20,0,0,0,1,1,0,1,2,2,1.5999311802888316
5856,92.05,22,57,102.9,0.2,23,0,0,0,1,1,0,1,3,4,1.8302072255715542
5857,92.09,49,152,232.4,0.2,51,0,0,0,0,0,1,7,2,3,1.4334970787596961
5858,92.12,46,144,199.0,0.2,46,0,0,0,1,1,0,11,3,6,1.2326675663687812
5859,92.13,9,19,37.0,0.2,9,0,0,0,1,1,0,1,1,1,2.4463744155927913
5860,92.14,12,34,49.4,0.2,12,0,0,0,1,1,0,2,3,2,1.688547045189385
5861,92.14,2,5,1.5,0.2,2,0,0,0,1,1,0,3,1,0,5.998656751228205
5862,92.14,2,5,4.5,0.2,2,0,0,0,1,1,0,0,1,0,5.278106020556645
5863,92.15,6,26,18.2,0.2,6,0,0,0,1,1,0,4,1,2,1.684485316899241
5864,92.17,41,109,178.8,0.2,41,0,0,0,1,1,0,10,1,3,1.2676297661754983
5865,92.19,36,101,163.7,0.2,36,0,0,0,1,1,0,1,2,2,1.568984109816611
5866,92.2,15,41,69.9,0.2,16,0,0,0,1,1,0,1,3,0,1.6496216656480203
5867,92.23,46,137,203.1,0.2,46,0,0,0,1,1,0,8,5,2,1.3181965956634214
5868,92.24,16,39,69.0,0.2,16,0,0,0,1,1,0,2,2,1,2.120689751325625
5869,92.25,2,7,1.3,0.2,2,0,0,0,1,1,0,3,1,0,4.415198121865001
5870,92.25,1,5,4.4,0.2,2,0,0,0,1,1,0,0,1,1,4.89001970709594
5871,92.25,14,33,58.7,0.2,14,0,0,0,1,1,0,3,2,0,1.800842523445664
5872,92.26,14,36,59.2,0.2,14,0,0,0,1,1,0,2,1,2,1.8228977583973038
5873,92.28,26,60,114.0,0.2,26,0,0,0,1,1,0,5,2,0,1.543491072918465
5874,92.28,5,14,16.6,0.2,5,0,0,0,1,1,0,2,2,0,3.096311613019633
5875,92.3,27,80,113.6,0.2,27,0,0,0,1,1,0,8,1,4,1.474398815782127
5876,92.33,49,153,219.5,0.2,49,0,0,0,1,1,0,5,3,2,1.6353362562337337
5877,92.34,10,25,41.4,0.2,10,0,0,0,1,1,0,1,1,1,1.9102976307478354
5878,92.36,41,110,176.9,0.2,41,0,0,0,1,1,0,12,5,1,1.4809887775884776
5879,92.39,45,135,197.1,0.2,45,0,0,0,1,1,0,9,2,4,1.5505020667543223
5880,92.4,19,49,83.0,0.2,19,0,0,0,1,1,0,2,2,1,1.7267996280879574
5881,92.43,35,100,150.9,0.2,35,0,0,0,1,1,0,9,5,1,1.4759953598390256
5882,92.44,11,32,45.7,0.2,11,0,0,0,1,1,0,1,2,1,1.7760806376606513
5883,92.46,45,124,198.4,0.2,45,0,0,0,1,1,0,9,2,2,1.553731626399679
5884,92.47,2,5,1.5,0.2,2,0,0,0,1,1,0,3,1,0,6.34570043905704
5885,92.47,12,34,50.4,0.2,12,0,0,0,1,1,0,1,1,2,1.5366650721287705
5886,92.5,44,113,198.1,0.2,44,0,0,0,1,1,0,5,5,6,1.6072476356049838
5887,92.5,4,18,17.8,0.2,5,0,0,0,1,1,0,0,1,4,1.7300258188202229
5888,92.52,22,51,97.9,0.2,22,0,0,0,1,1,0,2,1,0,1.64646243359658
5889,92.54,32,109,138.2,0.2,32,0,0,0,1,1,0,5,3,9,1.5388143734922868
5890,92.54,1,5,-1.5,0.2,1,0,0,0,1,1,0,1,1,0,5.750330286493255
5891,92.55,8,22,36.7,0.2,9,0,0,0,1,1,0,1,1,1,1.8590962763743184
5892,92.57,36,91,160.7,0.2,36,0,0,0,1,1,0,5,5,2,1.5422102993145206
5893,92.58,12,35,50.1,0.2,12,0,0,0,1,1,0,1,2,4,2.1435117839625075
5894,92.61,45,133,200.4,0.2,45,0,0,0,1,1,0,6,3,3,1.4262051539079885
5895,92.64,45,152,193.3,0.2,45,0,0,0,1,1,0,11,3,5,1.4126972828327753
5896,92.66,28,82,119.6,0.2,28,0,0,0,1,1,0,7,2,2,1.3325949056760547
5897,92.68,21,58,91.2,0.2,21,0,0,0,1,1,0,3,4,0,1.7277446879992957
5898,92.68,2,5,2.4,0.2,2,0,0,0,1,1,0,2,1,1,4.730351203444661
5899,92.7,33,87,143.0,0.2,33,0,0,0,1,1,0,8,4,3,1.4777640078068766
5900,92.73,49,151,233.3,0.2,51,0,0,0,0,0,1,6,2,5,1.432488133965367
5901,92.76,29,93,126.9,0.2,29,0,0,0,1,1,0,3,3,8,1.3236604339017133
5902,92.77,18,46,77.2,0.2,18,0,0,0,1,1,0,3,3,2,1.917633834278864
5903,92.79,30,84,134.3,0.2,30,0,0,0,1,1,0,2,2,3,1.7811905789374085
5904,92.8,30,65,134.3,0.2,30,0,0,0,1,1,0,4,2,2,1.780375296088347
5905,92.84,48,160,202.6,0.2,48,0,0,0,1,1,0,16,6,4,1.435947332361656
5906,92.86,33,103,143.2,0.2,33,0,0,0,1,1,0,6,2,5,1.5779321449245094
5907,92.88,26,79,110.9,0.2,26,0,0,0,1,1,0,6,2,2,1.7230416668964907
5908,92.89,13,33,52.7,0.2,13,0,0,0,1,1,0,4,2,0,1.8232314279901594
5909,92.92,49,159,228.9,0.2,51,0,0,0,0,0,1,10,4,1,1.5013005613907384
5910,92.94,27,66,121.2,0.2,27,0,0,0,1,1,0,2,2,2,1.4626674239617956
5911,92.96,38,105,175.4,0.2,39,0,0,0,1,1,0,4,3,1,1.4654874717563897
5912,92.99,38,115,168.9,0.2,38,0,0,0,1,1,0,4,4,6,1.2514064661217064
5913,93.03,49,176,230.7,0.2,51,0,0,0,0,0,1,6,5,6,1.4805270761226546
5914,93.03,10,31,44.6,0.2,11,0,0,0,1,1,0,2,1,3,1.7866274781423706
5915,93.04,2,5,1.5,0.2,2,0,0,0,1,1,0,3,1,0,6.102069390786438
5916,93.04,5,12,16.8,0.2,5,0,0,0,1,1,0,2,1,0,3.077493201223701
5917,93.05,19,61,79.4,0.2,19,0,0,0,1,1,0,4,1,5,1.5573314856765805
5918,93.07,28,71,125.6,0.2,28,0,0,0,1,1,0,2,2,3,1.7006689776468191
5919,93.1,49,144,235.2,0.2,51,0,0,0,0,0,1,5,2,3,1.5149726907672825
5920,93.13,49,152,230.9,0.2,51,0,0,0,0,0,1,8,1,8,1.5158729209689403
5921,93.13,5,19,17.0,0.2,5,0,0,0,1,1,0,1,1,1,1.9471486810007765
5922,93.16,44,131,197.6,0.2,44,0,0,0,1,1,0,4,6,3,1.5569967777910982
5923,93.17,12,25,52.5,0.2,12,0,0,0,1,1,0,0,1,0,1.6029452794823988
5924,93.18,13,40,57.9,0.2,14,0,0,0,1,1,0,3,1,1,1.4217663468194337
5925,93.2,30,88,130.6,0.2,30,0,0,0,1,1,0,5,2,6,1.3210309979761155
5926,93.21,5,16,17.2,0.2,5,0,0,0,1,1,0,1,1,2,2.0333147435618706
5927,93.22,30,75,133.5,0.2,30,0,0,0,1,1,0,4,2,0,1.558048009728605
5928,93.24,33,72,149.6,0.2,33,0,0,0,1,1,0,3,3,2,1.516180000359563
5929,93.26,22,61,98.7,0.2,23,0,0,0,1,1,0,5,3,2,1.4760761210291664
5930,93.29,48,137,215.7,0.2,48,0,0,0,1,1,0,5,6,6,1.3996267076803004
5931,93.32,42,113,189.2,0.2,42,0,0,0,1,1,0,4,2,5,1.608982791856505
5932,93.32,5,17,14.3,0.2,5,0,0,0,1,1,0,4,1,0,2.094854118852904
5933,93.34,22,73,88.2,0.2,22,0,0,0,1,1,0,9,2,5,1.4014585276859008
5934,93.35,7,21,31.7,0.2,8,0,0,0,1,1,0,1,1,2,2.073816324912222
5935,93.37,41,124,177.3,0.2,41,0,0,0,1,1,0,10,2,3,1.3110594172955699
5936,93.38,17,29,77.1,0.2,17,0,0,0,1,1,0,0,2,0,1.9118508039297026
5937,93.39,24,60,103.7,0.2,24,0,0,0,1,1,0,5,2,3,1.4287516882832596
5938,93.4,10,31,38.8,0.2,10,0,0,0,1,1,0,3,1,1,1.9024618600046537
5939,93.41,9,24,37.6,0.2,9,0,0,0,1,1,0,0,1,0,1.7714096906910892
5940,93.41,6,15,22.5,0.2,6,0,0,0,1,1,0,1,2,0,2.2989433559474057
5941,93.43,20,55,85.4,0.2,20,0,0,0,1,1,0,4,5,1,1.6151681810317298
5942,93.45,37,97,166.2,0.2,37,0,0,0,1,1,0,4,3,1,1.4263410131369416
5943,93.45,2,6,9.4,0.2,3,0,0,0,1,1,0,0,1,0,3.7767572024273304
5944,93.47,22,56,99.3,0.2,22,0,0,0,1,1,0,0,1,1,1.7075160448614919
5945,93.49,36,115,159.0,0.2,36,0,0,0,1,1,0,4,3,5,1.3837902341236747
5946,93.5,4,11,18.7,0.2,5,0,0,0,1,1,0,0,1,2,3.26499351059075
5947,93.54,49,171,227.3,0.2,51,0,0,0,0,0,1,10,5,5,1.4016789804245742
5948,93.58,50,168,218.3,0.2,50,0,0,0,1,1,0,9,3,9,1.39952451497138
5949,93.58,1,5,-3.5,0.2,1,0,0,0,1,1,0,3,1,0,4.925622243418006
5950,93.6,33,94,146.4,0.2,33,0,0,0,1,1,0,4,1,2,1.4483814152541201
5951,93.64,49,193,204.4,0.2,49,0,0,0,1,1,0,15,4,13,1.1342863723717755
5952,93.67,49,156,232.9,0.2,51,0,0,0,0,0,1,6,1,4,1.4181553712343626
5953,93.68,10,33,39.5,0.2,10,0,0,0,1,1,0,2,2,2,1.4875573701998472
5954,93.68,7,23,31.6,0.2,8,0,0,0,1,1,0,1,1,1,2.1117170961475766
5955,93.72,49,151,231.4,0.2,51,0,0,0,0,0,1,8,4,4,1.3426481287781922
5956,93.73,24,46,108.3,0.2,24,0,0,0,1,1,0,2,3,1,1.8286268674062125
5957,93.75,34,86,147.7,0.2,34,0,0,0,1,1,0,8,2,7,1.485139864223371
5958,93.77,26,68,113.9,0.2,26,0,0,0,1,1,0,4,3,3,1.787464648735023
5959,93.79,31,92,135.7,0.2,31,0,0,0,1,1,0,5,3,1,1.6001803879511745
5960,93.82,35,91,154.4,0.2,35,0,0,0,1,1,0,6,3,5,1.6341343564888693
5961,93.85,46,132,204.3,0.2,46,0,0,0,1,1,0,7,2,5,1.4659351947063664
5962,93.85,3,11,8.9,0.2,3,0,0,0,1,1,0,0,1,0,2.4578648722409073
5963,93.86,4,13,15.7,0.2,5,0,0,0,1,1,0,3,1,0,2.484627431397876
5964,93.87,24,69,105.8,0.2,24,0,0,0,1,1,0,2,4,3,1.5386913885872249
5965,93.9,44,128,196.8,0.2,44,0,0,0,1,1,0,5,3,4,1.361548705332638
5966,93.91,8,29,29.8,0.2,8,0,0,0,1,1,0,2,2,3,1.5340678501598572
5967,93.93,32,77,143.1,0.2,32,0,0,0,1,1,0,4,1,2,1.6834179876925561
5968,93.94,24,66,104.3,0.2,24,0,0,0,1,1,0,4,1,1,1.4228602700017572
5969,93.94,2,6,3.4,0.2,2,0,0,0,1,1,0,1,1,0,4.417195698860691
5970,93.98,48,143,214.2,0.2,48,0,0,0,1,1,0,6,4,5,1.3162308696568172
5971,93.99,15,47,62.0,0.2,15,0,0,0,1,1,0,3,1,3,1.6933846369037844
5972,93.99,8,21,30.9,0.2,8,0,0,0,1,1,0,2,1,0,1.9885050435548528
5973,94.02,33,92,146.5,0.2,33,0,0,0,1,1,0,4,4,3,1.6999378954207354
5974,94.02,3,5,9.5,0.2,3,0,0,0,1,1,0,0,1,0,4.530213831816086
5975,94.03,7,21,26.8,0.2,7,0,0,0,1,1,0,1,2,1,2.104418651123459
5976,94.04,16,60,66.0,0.2,16,0,0,0,1,1,0,3,1,0,1.5563198191720535
5977,94.05,9,29,35.1,0.2,9,0,0,0,1,1,0,2,3,0,1.8000927353419374
5978,94.06,10,34,39.4,0.2,10,0,0,0,1,1,0,2,2,2,1.9359369559491597
5979,94.06,10,23,39.6,0.2,10,0,0,0,1,1,0,3,2,1,2.7245320352353737
5980,94.09,47,139,202.5,0.2,47,0,0,0,1,1,0,13,3,6,1.3361689669288954
5981,94.12,33,100,148.9,0.2,33,0,0,0,1,1,0,1,4,1,1.4811734964179104
5982,94.14,25,65,118.1,0.2,26,0,0,0,1,1,0,0,2,4,1.422549712945818
5983,94.14,9,35,29.5,0.2,9,0,0,0,1,1,0,7,2,0,1.6787215261987771
5984,94.15,15,40,61.7,0.2,15,0,0,0,1,1,0,4,1,3,1.5021879374282903
5985,94.16,3,6,9.4,0.2,3,0,0,0,1,1,0,0,1,0,4.431236268268216
5986,94.16,9,23,36.5,0.2,9,0,0,0,1,1,0,1,2,2,1.8741144937350664
5987,94.17,16,36,69.3,0.2,16,0,0,0,1,1,0,2,3,1,1.9381108811894583
5988,94.18,14,46,58.1,0.2,14,0,0,0,1,1,0,2,2,3,1.3417576663487503
5989,94.19,15,35,64.3,0.2,15,0,0,0,1,1,0,2,1,2,1.7797796418856677
5990,94.2,16,47,67.0,0.2,16,0,0,0,1,1,0,3,1,3,1.469608793762992
5991,94.23,35,104,154.2,0.2,35,0,0,0,1,1,0,5,5,4,1.6151690323337067
5992,94.27,49,172,225.2,0.2,51,0,0,0,0,0,1,12,2,5,1.5160332462018393
5993,94.31,50,169,227.9,0.2,50,0,0,0,0,0,1,4,4,11,1.3516626269301224
5994,94.31,9,27,35.2,0.2,9,0,0,0,1,1,0,2,1,1,1.803928563578758
5995,94.34,49,152,220.0,0.2,49,0,0,0,1,1,0,4,3,8,1.3488123029887442
5996,94.35,2,5,1.5,0.2,2,0,0,0,1,1,0,3,1,0,6.488443477680778
5997,94.38,42,126,186.9,0.2,42,0,0,0,1,1,0,5,4,5,1.2216984203686185
5998,94.41,45,150,197.6,0.2,45,0,0,0,1,1,0,7,3,4,1.4209371034277731
5999,94.44,45,143,193.1,0.2,45,0,0,0,1,1,0,12,1,6,1.1093608225131266
6000,94.45,21,42,94.7,0.2,21,0,0,0,1,1,0,1,1,1,2.023941606405565
6001,94.47,28,76,124.3,0.2,28,0,0,0,1,1,0,3,1,1,1.319876645922602
6002,94.48,18,37,78.2,0.2,18,0,0,0,1,1,0,3,2,1,1.893398808281099
6003,94.49,12,38,48.0,0.2,12,0,0,0,1,1,0,3,3,2,1.632027092689665
6004,94.5,25,66,110.2,0.2,25,0,0,0,1,1,0,3,1,2,1.6939496337152213
6005,94.52,33,91,148.5,0.2,33,0,0,0,1,1,0,2,3,4,1.5216366291851127
6006,94.53,10,21,39.9,0.2,10,0,0,0,1,1,0,3,1,0,2.558259196402795
6007,94.57,45,150,196.7,0.2,45,0,0,0,1,1,0,8,4,3,1.3855375563224537
6008,94.57,6,22,19.6,0.2,6,0,0,0,1,1,0,3,1,2,1.9571655347393415
6009,94.57,2,8,3.9,0.2,2,0,0,0,1,1,0,0,1,3,2.855595255625752
6010,94.59,31,76,140.2,0.2,31,0,0,0,1,1,0,2,2,2,1.6936080732185919
6011,94.63,47,151,208.6,0.2,47,0,0,0,1,1,0,6,4,3,1.2814042576153135
6012,94.64,23,52,101.8,0.2,23,0,0,0,1,1,0,3,1,0,1.6543189557036337
6013,94.65,21,55,88.3,0.2,21,0,0,0,1,1,0,6,2,2,1.5096605122558182
6014,94.69,49,166,232.2,0.2,51,0,0,0,0,0,1,5,1,11,1.401339361321469
6015,94.7,23,65,98.4,0.2,23,0,0,0,1,1,0,5,1,1,1.3957390071298317
6016,94.74,49,136,236.7,0.2,51,0,0,0,0,0,1,4,3,6,1.631394242726648
6017,94.74,7,21,25.7,0.2,7,0,0,0,1,1,0,2,2,2,2.2364578568592726
6018,94.77,46,136,209.0,0.2,46,0,0,0,1,1,0,2,6,4,1.3732800324419376
6019,94.81,49,150,231.5,0.2,51,0,0,0,0,0,1,8,3,4,1.4782310409139672
6020,94.82,17,43,70.6,0.2,17,0,0,0,1,1,0,5,1,1,1.8530081429462515
6021,94.83,24,65,100.3,0.2,24,0,0,0,1,1,0,8,2,2,1.4580655873612307
6022,94.84,13,31,53.7,0.2,13,0,0,0,1,1,0,3,1,2,1.9812253063122671
6023,94.88,49,168,229.2,0.2,51,0,0,0,0,0,1,8,4,9,1.447827881188748
6024,94.88,4,10,13.9,0.2,4,0,0,0,1,1,0,0,1,1,3.0822730232691855
6025,94.91,43,110,190.6,0.2,43,0,0,0,1,1,0,8,3,4,1.4342031289147565
6026,94.93,34,90,150.4,0.2,34,0,0,0,1,1,0,5,2,6,1.4009032683621165
6027,94.93,7,21,30.7,0.2,8,0,0,0,1,1,0,2,1,2,2.1221514950297964
6028,94.96,32,92,143.6,0.2,32,0,0,0,1,1,0,2,2,2,1.4113187010223283
6029,94.99,49,146,218.8,0.2,49,0,0,0,1,1,0,6,1,6,1.4896381739966154
6030,95.01,32,86,147.2,0.2,33,0,0,0,1,1,0,4,1,2,1.6733203994595423
6031,95.02,12,35,48.4,0.2,12,0,0,0,1,1,0,3,2,1,1.8625705576773735
6032,95.05,40,104,178.3,0.2,40,0,0,0,1,1,0,6,3,3,1.5458504364989751
6033,95.07,36,120,155.7,0.2,36,0,0,0,1,1,0,7,3,3,1.3792413584115244
6034,95.08,14,45,52.3,0.2,14,0,0,0,1,1,0,8,2,2,1.5258718273623972
6035,95.09,2,5,2.4,0.2,2,0,0,0,1,1,0,2,1,1,5.689612307955536
6036,95.12,49,156,232.6,0.2,51,0,0,0,0,0,1,6,2,7,1.3126627337744845
6037,95.16,49,165,227.8,0.2,51,0,0,0,0,0,1,10,5,6,1.4138578543318716
6038,95.18,40,117,178.1,0.2,40,0,0,0,1,1,0,5,2,2,1.5884022420282018
6039,95.19,7,18,28.0,0.2,7,0,0,0,1,1,0,0,1,2,2.2534101727999643
6040,95.19,2,6,3.4,0.2,2,0,0,0,1,1,0,1,1,0,4.280768326237969
6041,95.19,2,5,3.5,0.2,2,0,0,0,1,1,0,1,1,0,4.585804904058011
6042,95.22,47,134,210.1,0.2,47,0,0,0,1,1,0,6,2,5,1.5021594367356474
6043,95.25,36,99,158.8,0.2,36,0,0,0,1,1,0,6,4,3,1.3496318534653602
6044,95.28,49,154,235.2,0.2,51,0,0,0,0,0,1,4,4,3,1.501527440551389
6045,95.31,49,160,230.9,0.2,51,0,0,0,0,0,1,7,2,10,1.645016942756614
6046,95.32,4,11,17.9,0.2,5,0,0,0,1,1,0,1,1,0,3.10334521573577
6047,95.33,12,40,48.9,0.2,12,0,0,0,1,1,0,2,1,1,1.540299342428084
6048,95.36,45,138,201.6,0.2,46,0,0,0,1,1,0,9,3,6,1.2888130753975129
6049,95.36,1,5,-0.5,0.2,1,0,0,0,1,1,0,0,1,0,5.132872296549287
6050,95.38,34,94,149.2,0.2,34,0,0,0,1,1,0,6,4,4,1.8111844482149002
6051,95.4,22,66,96.0,0.2,22,0,0,0,1,1,0,2,3,4,1.6349202071976905
6052,95.4,6,15,22.5,0.2,6,0,0,0,1,1,0,1,1,0,2.4577856675652936
6053,95.44,47,153,200.8,0.2,47,0,0,0,1,1,0,13,3,9,1.3756487691583064
6054,95.48,49,180,230.6,0.2,51,0,0,0,0,0,1,6,8,3,1.3934139554138758
6055,95.49,15,49,60.1,0.2,15,0,0,0,1,1,0,5,3,0,1.9242483255940028
6056,95.5,6,16,23.1,0.2,6,0,0,0,1,1,0,0,1,3,1.7588687831104974
6057,95.51,12,34,55.3,0.2,13,0,0,0,1,1,0,1,3,3,1.7033301334591315
6058,95.54,46,142,201.2,0.2,46,0,0,0,1,1,0,9,3,6,1.3858038994258621
6059,95.56,28,83,122.6,0.2,28,0,0,0,1,1,0,4,3,1,1.3293251251268925
6060,95.57,17,43,73.5,0.2,17,0,0,0,1,1,0,2,1,2,1.746785635116599
6061,95.6,46,133,210.0,0.2,47,0,0,0,1,1,0,6,4,7,1.6121239598776707
6062,95.63,42,118,184.9,0.2,42,0,0,0,1,1,0,8,2,3,1.434993968723519
6063,95.67,49,152,229.4,0.2,51,0,0,0,0,0,1,10,2,3,1.4267346506633993
6064,95.68,9,28,41.2,0.2,10,0,0,0,1,1,0,1,1,0,1.7455117165481406
6065,95.69,5,28,18.2,0.2,6,0,0,0,1,1,0,4,1,0,1.9227527161052105
6066,95.7,36,83,167.4,0.2,37,0,0,0,1,1,0,4,2,3,1.471465827096018
6067,95.72,19,60,77.9,0.2,19,0,0,0,1,1,0,6,4,1,1.3827062439271955
6068,95.74,32,98,140.1,0.2,32,0,0,0,1,1,0,5,3,1,1.2804540297411464
6069,95.76,28,60,124.9,0.2,28,0,0,0,1,1,0,4,3,1,1.748632947455891
6070,95.8,49,160,229.5,0.2,51,0,0,0,0,0,1,9,4,4,1.5031983166870502
6071,95.8,1,7,3.3,0.2,2,0,0,0,1,1,0,1,1,0,4.036464668031305
6072,95.82,22,74,91.5,0.2,22,0,0,0,1,1,0,6,1,1,1.3097635484466965
6073,95.85,49,155,230.3,0.2,51,0,0,0,0,0,1,9,3,1,1.4069691918323841
6074,95.9,50,196,216.3,0.2,50,0,0,0,1,1,0,8,9,11,1.433260185552939
6075,95.91,19,51,81.8,0.2,19,0,0,0,1,1,0,3,1,1,1.5379233544319033
6076,95.93,26,65,114.3,0.2,26,0,0,0,1,1,0,4,1,2,1.5008941212070654
6077,95.93,5,15,17.4,0.2,5,0,0,0,1,1,0,1,1,1,2.1132332730224164
6078,95.96,49,150,215.6,0.2,49,0,0,0,1,1,0,9,5,4,1.2653815848694188
6079,95.99,40,113,179.4,0.2,40,0,0,0,1,1,0,4,2,3,1.3277142672352342
6080,96.0,26,63,116.5,0.2,26,0,0,0,1,1,0,2,3,2,1.6321007058517094
6081,96.03,35,108,159.5,0.2,36,0,0,0,1,1,0,4,4,7,1.2882341245446756
6082,96.04,15,37,62.1,0.2,15,0,0,0,1,1,0,4,2,2,1.9912873436229521
6083,96.04,1,5,3.5,0.2,2,0,0,0,1,1,0,1,1,0,5.100103712574166
6084,96.07,49,112,223.6,0.2,49,0,0,0,1,1,0,5,2,2,1.6283006513390155
6085,96.09,28,71,121.5,0.2,28,0,0,0,1,1,0,6,1,4,1.394014588563656
6086,96.12,49,168,231.7,0.2,51,0,0,0,0,0,1,6,5,4,1.3463397120078244
6087,96.13,7,22,22.7,0.2,7,0,0,0,1,1,0,5,1,1,2.376218177292072
6088,96.14,26,62,117.7,0.2,27,0,0,0,1,1,0,6,2,1,1.677356626138724
6089,96.15,10,21,40.9,0.2,10,0,0,0,1,1,0,2,1,0,2.5247812221253096
6090,96.16,18,55,72.5,0.2,18,0,0,0,1,1,0,7,1,0,1.62202240776512
6091,96.16,3,7,9.3,0.2,3,0,0,0,1,1,0,0,1,0,4.138744357031718
6092,96.16,1,5,2.5,0.2,2,0,0,0,1,1,0,2,1,0,4.286598829187215
6093,96.17,13,31,55.7,0.2,13,0,0,0,1,1,0,1,2,2,2.137963263029177
6094,96.21,49,162,234.2,0.2,51,0,0,0,0,0,1,4,2,5,1.565165703395643
6095,96.22,17,41,75.8,0.2,17,0,0,0,1,1,0,0,1,1,1.8833696403980373
6096,96.24,33,88,144.4,0.2,33,0,0,0,1,1,0,6,2,8,1.5766725442383605
6097,96.24,8,16,33.3,0.2,8,0,0,0,1,1,0,0,1,1,2.7350075397393137
6098,96.28,48,166,207.2,0.2,48,0,0,0,1,1,0,10,4,12,1.3055313627649499
6099,96.32,49,152,233.2,0.2,51,0,0,0,0,0,1,6,3,5,1.445023247117469
6100,96.34,26,92,105.6,0.2,26,0,0,0,1,1,0,10,2,2,1.3989577394141022
6101,96.36,28,78,122.1,0.2,28,0,0,0,1,1,0,5,3,1,1.4722242971640767
6102,96.36,2,12,2.8,0.2,2,0,0,0,1,1,0,1,1,0,2.36228871930018
6103,96.37,9,25,35.5,0.2,9,0,0,0,1,1,0,2,1,0,2.2061023149048715
6104,96.4,49,153,234.9,0.2,51,0,0,0,0,0,1,4,3,7,1.4881381404083573
6105,96.42,19,62,78.3,0.2,19,0,0,0,1,1,0,5,2,5,1.4505092985852335
6106,96.43,8,24,29.5,0.2,8,0,0,0,1,1,0,3,1,1,1.6262538403240692
6107,96.44,8,22,31.7,0.2,8,0,0,0,1,1,0,1,1,1,2.376450193666613
6108,96.45,16,40,67.9,0.2,16,0,0,0,1,1,0,3,2,1,1.628369835791382
6109,96.45,12,32,48.7,0.2,12,0,0,0,1,1,0,3,1,1,2.0126698749114387
6110,96.46,7,36,23.2,0.2,7,0,0,0,1,1,0,3,2,2,1.4974926392111414
6111,96.5,49,172,211.9,0.2,49,0,0,0,1,1,0,10,2,9,1.413822317589435
6112,96.5,2,5,2.5,0.2,2,0,0,0,1,1,0,2,1,0,5.347264472399725
6113,96.51,11,30,50.8,0.2,12,0,0,0,1,1,0,1,1,2,1.722901213464642
6114,96.53,33,86,147.1,0.2,33,0,0,0,1,1,0,4,1,3,1.6110655296136374
6115,96.57,49,196,221.5,0.2,51,0,0,0,0,0,1,13,3,8,1.3734424664515035
6116,96.6,42,113,187.3,0.2,42,0,0,0,1,1,0,6,2,4,1.466256419544748
6117,96.62,28,72,123.7,0.2,28,0,0,0,1,1,0,4,3,1,1.457994868742686
6118,96.63,24,72,104.6,0.2,24,0,0,0,1,1,0,3,3,2,1.5857715673776343
6119,96.65,22,58,96.0,0.2,22,0,0,0,1,1,0,3,1,2,1.3031885798844147
6120,96.65,2,5,1.5,0.2,2,0,0,0,1,1,0,3,1,0,5.842139242468933
6121,96.68,38,125,162.8,0.2,38,0,0,0,1,1,0,9,5,7,1.1572000068471948
6122,96.68,5,17,17.1,0.2,5,0,0,0,1,1,0,1,1,2,2.542929514287954
6123,96.69,6,16,20.4,0.2,6,0,0,0,1,1,0,3,1,0,2.3411464496854006
6124,96.69,2,5,1.5,0.2,2,0,0,0,1,1,0,3,1,0,5.982449971964959
6125,96.7,20,58,85.1,0.2,20,0,0,0,1,1,0,4,3,1,1.5517196357558647
6126,96.71,2,10,9.0,0.2,3,0,0,0,1,1,0,0,1,0,2.8978591644395224
6127,96.74,47,150,206.7,0.2,47,0,0,0,1,1,0,8,5,3,1.3938770174631976
6128,96.74,4,15,10.5,0.2,4,0,0,0,1,1,0,3,2,0,2.6808134813109508
6129,96.74,2,5,4.4,0.2,2,0,0,0,1,1,0,0,1,1,4.705988360182613
6130,96.78,49,136,236.8,0.2,51,0,0,0,0,0,1,4,2,5,1.5127935465129232
6131,96.79,21,48,92.1,0.2,21,0,0,0,1,1,0,3,2,1,2.049506633667424
6132,96.79,7,18,32.2,0.2,8,0,0,0,1,1,0,1,1,0,2.4503211004499987
6133,96.81,19,58,83.0,0.2,20,0,0,0,1,1,0,6,2,2,1.6015543941128334
6134,96.83,38,112,169.5,0.2,38,0,0,0,1,1,0,4,2,3,1.4736163853956508
6135,96.85,26,92,117.5,0.2,27,0,0,0,1,1,0,3,3,3,1.2132099082302767
6136,96.89,47,175,202.7,0.2,47,0,0,0,1,1,0,9,6,8,1.5026864305755043
6137,96.92,38,100,169.4,0.2,38,0,0,0,1,1,0,5,1,6,1.591969393806431
6138,96.93,13,50,52.5,0.2,13,0,0,0,1,1,0,2,2,5,1.6403081379939648
6139,96.95,31,92,130.6,0.2,31,0,0,0,1,1,0,10,3,2,1.3029615639371892
6140,96.97,35,90,153.5,0.2,35,0,0,0,1,1,0,7,2,5,1.2844491698274798
6141,96.98,15,49,64.9,0.2,16,0,0,0,1,1,0,5,1,2,1.3483378457426025
6142,97.01,39,116,174.9,0.2,40,0,0,0,1,1,0,8,2,5,1.3867549316368426
6143,97.01,3,11,12.9,0.2,4,0,0,0,1,1,0,1,1,0,2.321198005305215
6144,97.03,23,62,99.6,0.2,23,0,0,0,1,1,0,4,3,2,1.545157229583587
6145,97.05,33,92,142.8,0.2,33,0,0,0,1,1,0,8,3,0,1.5931670011368781
6146,97.09,50,172,225.9,0.2,50,0,0,0,0,0,1,6,6,8,1.3382173228140966
6147,97.13,49,192,224.1,0.2,51,0,0,0,0,0,1,11,1,6,1.3550332495550874
6148,97.14,1,5,-0.5,0.2,1,0,0,0,1,1,0,0,1,0,5.04419505882503
6149,97.14,1,6,-2.7,0.2,1,0,0,0,1,1,0,2,1,1,4.180097065000791
6150,97.16,33,92,151.4,0.2,34,0,0,0,1,1,0,4,3,4,1.4209968659101677
6151,97.18,34,96,146.0,0.2,34,0,0,0,1,1,0,9,3,4,1.220197604592058
6152,97.18,2,6,4.2,0.2,2,0,0,0,1,1,0,0,1,2,3.884885764820853
6153,97.22,49,150,232.7,0.2,51,0,0,0,0,0,1,7,3,2,1.5274748560936666
6154,97.23,20,50,85.8,0.2,20,0,0,0,1,1,0,4,1,2,1.8237630550023072
6155,97.24,12,31,46.9,0.2,12,0,0,0,1,1,0,5,3,0,1.7271568100106673
6156,97.25,23,64,100.5,0.2,23,0,0,0,1,1,0,3,4,1,1.5068308677217044
6157,97.28,35,100,153.8,0.2,35,0,0,0,1,1,0,6,1,2,1.3243688381182943
6158,97.28,8,26,29.0,0.2,8,0,0,0,1,1,0,3,2,4,1.6524282175467027
6159,97.3,32,81,143.5,0.2,32,0,0,0,1,1,0,3,3,4,1.5907647980164215
6160,97.31,18,60,76.6,0.2,18,0,0,0,1,1,0,2,3,4,1.5175331345765135
6161,97.32,10,24,41.5,0.2,10,0,0,0,1,1,0,1,2,1,1.8824725008213117
6162,97.35,42,132,185.2,0.2,42,0,0,0,1,1,0,6,3,6,1.448566815153219
6163,97.38,49,140,232.5,0.2,51,0,0,0,0,0,1,8,1,4,1.450107032177724
6164,97.39,19,46,88.2,0.2,20,0,0,0,1,1,0,2,2,2,1.6445709710882506
6165,97.43,49,146,215.8,0.2,49,0,0,0,1,1,0,9,2,6,1.5138026288575603
6166,97.46,49,162,229.7,0.2,51,0,0,0,0,0,1,8,4,10,1.500783124240668
6167,97.47,8,13,33.7,0.2,8,0,0,0,1,1,0,0,1,0,3.4408179238113243
6168,97.5,47,150,207.5,0.2,47,0,0,0,1,1,0,7,6,5,1.3171000561096011
6169,97.5,9,23,35.7,0.2,9,0,0,0,1,1,0,2,1,0,1.8334965347424397
6170,97.51,10,25,41.4,0.2,10,0,0,0,1,1,0,1,1,1,2.1502064169712143
6171,97.52,17,37,73.2,0.2,17,0,0,0,1,1,0,3,1,1,2.0422533857488023
6172,97.53,12,38,43.1,0.2,12,0,0,0,1,1,0,8,2,1,2.0217808635603745
6173,97.53,3,16,5.3,0.2,3,0,0,0,1,1,0,3,1,1,2.652576618927733
6174,97.54,16,44,74.4,0.2,17,0,0,0,1,1,0,1,2,2,1.684845062679799
6175,97.58,49,196,208.6,0.2,49,0,0,0,1,1,0,11,5,8,1.4710522130002883
6176,97.62,50,162,218.0,0.2,50,0,0,0,1,1,0,10,5,8,1.434057985526187
6177,97.65,49,138,220.9,0.2,49,0,0,0,1,1,0,5,4,3,1.4904866404910306
6178,97.66,15,50,59.9,0.2,15,0,0,0,1,1,0,5,1,1,1.4905065366856731
6179,97.69,39,111,172.1,0.2,39,0,0,0,1,1,0,6,3,8,1.6186518037113506
6180,97.7,13,33,53.6,0.2,13,0,0,0,1,1,0,3,1,1,2.169313235739915
6181,97.72,38,103,166.0,0.2,38,0,0,0,1,1,0,8,2,7,1.407695970899928
6182,97.72,2,5,3.5,0.2,2,0,0,0,1,1,0,1,1,0,5.066659490345878
6183,97.72,2,5,3.5,0.2,2,0,0,0,1,1,0,1,1,0,5.799862492422369
6184,97.74,27,72,118.5,0.2,27,0,0,0,1,1,0,4,6,3,1.5312143167951289
6185,97.77,43,122,193.6,0.2,43,0,0,0,1,1,0,4,4,2,1.6725476410050857
6186,97.78,10,21,41.8,0.2,10,0,0,0,1,1,0,1,1,1,2.090693400549537
6187,97.81,49,157,230.5,0.2,51,0,0,0,0,0,1,8,3,7,1.5225935295346535
6188,97.84,44,120,194.7,0.2,44,0,0,0,1,1,0,8,4,3,1.4707685219868578
6189,97.85,16,53,65.5,0.2,16,0,0,0,1,1,0,4,3,2,1.5855963181076784
6190,97.86,1,6,-0.6,0.2,1,0,0,0,1,1,0,0,1,0,4.889151521110356
6191,97.89,49,143,234.3,0.2,51,0,0,0,0,0,1,6,5,3,1.6614793972530328
6192,97.91,33,87,147.9,0.2,33,0,0,0,1,1,0,3,2,4,1.512842589437685
6193,97.93,39,109,178.5,0.2,40,0,0,0,1,1,0,5,3,6,1.5659155113846621
6194,97.96,31,86,135.0,0.2,31,0,0,0,1,1,0,6,3,4,1.5236137444604045
6195,97.97,22,48,97.0,0.2,22,0,0,0,1,1,0,3,1,2,1.6329845329837405
6196,97.98,20,49,87.9,0.2,20,0,0,0,1,1,0,2,1,2,1.676313691853707
6197,98.01,49,147,218.4,0.2,49,0,0,0,1,1,0,6,1,9,1.261785916667659
6198,98.04,38,116,166.8,0.2,38,0,0,0,1,1,0,6,1,6,1.474228429305098
6199,98.05,17,45,73.2,0.2,17,0,0,0,1,1,0,2,2,3,1.6326858852315769
6200,98.06,12,30,48.0,0.2,12,0,0,0,1,1,0,4,1,0,1.9824256307503534
6201,98.07,2,5,3.3,0.2,2,0,0,0,1,1,0,1,1,2,5.765301800012336
6202,98.07,4,5,14.5,0.2,4,0,0,0,1,1,0,0,1,0,6.189729886698303
6203,98.1,41,130,178.4,0.2,41,0,0,0,1,1,0,8,3,6,1.4379906748865214
6204,98.12,32,75,144.3,0.2,32,0,0,0,1,1,0,3,3,2,1.466751262089829
6205,98.15,49,145,237.4,0.2,51,0,0,0,0,0,1,3,1,0,1.4901738666308744
6206,98.17,30,81,130.7,0.2,30,0,0,0,1,1,0,6,3,2,1.2958026337161879
6207,98.17,8,16,32.4,0.2,8,0,0,0,1,1,0,1,1,0,3.426917540453244
6208,98.2,36,108,159.6,0.2,36,0,0,0,1,1,0,4,2,6,1.4553937413661486
6209,98.21,27,65,119.4,0.2,27,0,0,0,1,1,0,4,4,1,1.4972643396716563
6210,98.22,19,52,81.7,0.2,19,0,0,0,1,1,0,3,1,1,1.6890700700374381
6211,98.23,6,23,19.7,0.2,6,0,0,0,1,1,0,3,1,0,2.0509420037783817
6212,98.23,8,20,30.9,0.2,8,0,0,0,1,1,0,2,1,1,2.6831471188850564
6213,98.24,10,22,41.8,0.2,10,0,0,0,1,1,0,1,1,0,2.110112671210543
6214,98.25,12,31,51.9,0.2,12,0,0,0,1,1,0,0,1,0,1.714969374033264
6215,98.25,6,17,26.3,0.2,7,0,0,0,1,1,0,2,1,0,2.1303139647886957
6216,98.27,22,62,94.6,0.2,22,0,0,0,1,1,0,4,2,2,1.2771544030799333
6217,98.27,8,18,32.1,0.2,8,0,0,0,1,1,0,1,2,1,2.6144974359096462
6218,98.31,49,163,230.2,0.2,51,0,0,0,0,0,1,8,4,4,1.5369363518547492
6219,98.33,27,77,117.1,0.2,27,0,0,0,1,1,0,5,2,2,1.559994660593219
6220,98.36,49,145,235.9,0.2,51,0,0,0,0,0,1,4,3,5,1.5246792551699715
6221,98.38,27,75,113.1,0.2,27,0,0,0,1,1,0,9,1,4,1.625739425110735
6222,98.39,18,47,76.0,0.2,18,0,0,0,1,1,0,4,1,3,1.6494671314556169
6223,98.4,7,22,24.7,0.2,7,0,0,0,1,1,0,3,1,1,1.9108417157384543
6224,98.43,49,165,230.7,0.2,51,0,0,0,0,0,1,7,2,7,1.4609967768537118
6225,98.45,24,71,106.4,0.2,25,0,0,0,1,1,0,6,2,5,1.3839927438068034
6226,98.48,49,153,231.9,0.2,51,0,0,0,0,0,1,7,3,7,1.4340093213674394
6227,98.49,9,27,33.3,0.2,9,0,0,0,1,1,0,4,1,0,2.1461955680379656
6228,98.5,12,33,50.5,0.2,12,0,0,0,1,1,0,1,2,2,2.232516278482966
6229,98.5,3,11,6.9,0.2,3,0,0,0,1,1,0,2,1,0,3.5528494004096913
6230,98.54,49,171,230.4,0.2,51,0,0,0,0,0,1,7,2,4,1.2534987700176703
6231,98.56,21,71,88.1,0.2,21,0,0,0,1,1,0,4,3,8,1.3124894298558543
6232,98.58,31,88,138.7,0.2,31,0,0,0,1,1,0,2,3,5,1.362314346026097
6233,98.58,11,26,47.4,0.2,11,0,0,0,1,1,0,0,1,0,1.9595077957431006
6234,98.62,50,153,218.4,0.2,50,0,0,0,1,1,0,11,3,3,1.2441992640694746
6235,98.63,23,71,94.5,0.2,23,0,0,0,1,1,0,8,2,4,1.703757809800057
6236,98.64,7,18,25.2,0.2,7,0,0,0,1,1,0,3,1,0,1.9413704304400352
6237,98.64,8,21,36.8,0.2,9,0,0,0,1,1,0,1,2,1,2.0943902370701153
6238,98.65,6,19,21.1,0.2,6,0,0,0,1,1,0,2,1,0,1.9727989523756855
6239,98.68,46,133,210.5,0.2,47,0,0,0,1,1,0,6,3,2,1.4876888036672429
6240,98.68,2,5,1.5,0.2,2,0,0,0,1,1,0,3,1,0,6.392821118423226
6241,98.68,2,5,3.5,0.2,2,0,0,0,1,1,0,1,1,0,5.740671616984637
6242,98.68,5,9,19.1,0.2,5,0,0,0,1,1,0,0,1,0,3.5847751752851074
6243,98.69,15,42,59.8,0.2,15,0,0,0,1,1,0,6,3,0,1.5546911841724855
6244,98.7,2,5,1.5,0.2,2,0,0,0,1,1,0,3,1,0,5.760634945741381
6245,98.71,22,47,100.1,0.2,22,0,0,0,1,1,0,0,1,2,1.7252590075909768
6246,98.73,26,85,110.3,0.2,26,0,0,0,1,1,0,6,3,2,1.426013636720832
6247,98.75,31,74,138.3,0.2,31,0,0,0,1,1,0,4,1,3,1.4471817675265932
6248,98.78,33,112,143.2,0.2,33,0,0,0,1,1,0,5,4,6,1.640004313605323
6249,98.8,42,120,183.2,0.2,42,0,0,0,1,1,0,9,4,8,1.4103349750909477
6250,98.84,49,160,212.7,0.2,49,0,0,0,1,1,0,11,3,3,1.539519463479046
6251,98.85,6,16,19.0,0.2,6,0,0,0,1,1,0,4,1,4,2.532173811798387
6252,98.87,34,81,152.6,0.2,34,0,0,0,1,1,0,4,2,3,1.6812167550858177
6253,98.89,30,88,131.0,0.2,30,0,0,0,1,1,0,5,2,2,1.2460876532281093
6254,98.9,11,28,47.0,0.2,11,0,0,0,1,1,0,0,2,2,1.805323976888906
6255,98.93,49,153,233.8,0.2,51,0,0,0,0,0,1,5,3,8,1.3534984017518683
6256,98.96,49,156,232.5,0.2,51,0,0,0,0,0,1,6,6,8,1.4360758113040535
6257,98.97,5,23,16.5,0.2,5,0,0,0,1,1,0,1,2,2,1.6882152097112626
6258,98.97,8,22,29.8,0.2,8,0,0,0,1,1,0,3,1,0,2.1911883426228993
6259,98.98,2,10,9.0,0.2,3,0,0,0,1,1,0,0,1,0,3.3601443654657785
6260,99.0,37,103,165.6,0.2,37,0,0,0,1,1,0,4,2,1,1.4869265867327217
6261,99.01,9,26,39.4,0.2,10,0,0,0,1,1,0,3,1,0,1.909395974936352
6262,99.02,7,21,25.8,0.2,7,0,0,0,1,1,0,2,2,1,1.9078261446087799
6263,99.03,22,58,97.0,0.2,22,0,0,0,1,1,0,2,2,2,1.342438773288316
6264,99.05,28,92,116.5,0.2,28,0,0,0,1,1,0,9,1,3,1.4980682328421224
6265,99.09,49,170,227.3,0.2,51,0,0,0,0,0,1,10,4,6,1.529807846467375
6266,99.09,0,5,-8.5,0.2,0,0,0,0,1,1,0,3,1,0,5.876494475621106
6267,99.1,13,34,53.3,0.2,13,0,0,0,1,1,0,3,1,3,2.0066735393487063
6268,99.13,49,169,217.4,0.2,49,0,0,0,1,1,0,5,5,7,1.470725568997458
6269,99.15,24,62,104.7,0.2,24,0,0,0,1,1,0,4,3,1,1.50994789954208
6270,99.17,20,66,86.1,0.2,20,0,0,0,1,1,0,2,2,3,1.2308519235859152
6271,99.17,5,16,15.4,0.2,5,0,0,0,1,1,0,3,2,0,2.472044701121463
6272,99.18,10,35,39.2,0.2,10,0,0,0,1,1,0,2,1,3,1.467610553869489
6273,99.21,50,132,231.1,0.2,50,0,0,0,0,0,1,5,3,6,1.3067604376428743
6274,99.22,16,52,61.7,0.2,16,0,0,0,1,1,0,8,2,1,1.8541403330877262
6275,99.23,10,24,38.4,0.2,10,0,0,0,1,1,0,4,1,2,1.9776726588037015
6276,99.26,37,120,163.7,0.2,38,0,0,0,1,1,0,9,5,3,1.3476915100473519
6277,99.26,8,24,30.3,0.2,8,0,0,0,1,1,0,2,1,3,1.8417275759004879
6278,99.28,23,53,100.5,0.2,23,0,0,0,1,1,0,4,2,2,1.787878189573538
6279,99.29,23,68,103.1,0.2,24,0,0,0,1,1,0,5,1,1,1.5810870689684213
6280,99.29,2,6,4.3,0.2,2,0,0,0,1,1,0,0,1,1,3.6089644261200298
6281,99.3,3,15,8.4,0.2,3,0,0,0,1,1,0,0,1,1,2.4681803160652636
6282,99.31,12,32,51.7,0.2,12,0,0,0,1,1,0,0,1,1,1.9253794642443218
6283,99.32,19,49,82.8,0.2,19,0,0,0,1,1,0,2,1,3,1.628600810614961
6284,99.32,1,5,-3.5,0.2,1,0,0,0,1,1,0,3,1,0,5.521917670101163
6285,99.34,14,48,60.0,0.2,15,0,0,0,1,1,0,5,1,2,1.6186294602456919
6286,99.34,3,15,6.4,0.2,3,0,0,0,1,1,0,2,1,1,2.6470047599752937
6287,99.35,10,26,42.2,0.2,10,0,0,0,1,1,0,0,2,2,1.9348525223577664
6288,99.36,16,41,72.7,0.2,17,0,0,0,1,1,0,3,1,2,1.605231603216096
6289,99.36,2,5,1.5,0.2,2,0,0,0,1,1,0,3,1,0,5.603776323297838
6290,99.36,1,5,2.5,0.2,2,0,0,0,1,1,0,2,1,0,4.362641057139037
6291,99.36,3,10,8.9,0.2,3,0,0,0,1,1,0,0,1,1,3.1693118343938376
6292,99.38,28,80,123.8,0.2,28,0,0,0,1,1,0,3,2,2,1.7181298824536306
6293,99.39,8,23,36.6,0.2,9,0,0,0,1,1,0,1,2,1,2.174174287943012
6294,99.41,38,105,167.2,0.2,38,0,0,0,1,1,0,7,3,3,1.3586853063159856
6295,99.45,47,163,214.2,0.2,48,0,0,0,1,1,0,4,1,5,1.4884348603312954
6296,99.46,34,78,153.1,0.2,34,0,0,0,1,1,0,4,3,1,1.3958950215381272
6297,99.47,2,5,9.4,0.2,3,0,0,0,1,1,0,0,1,1,4.366848144771114
6298,99.48,19,63,80.6,0.2,19,0,0,0,1,1,0,3,2,1,1.3190022426167523
6299,99.48,1,5,2.5,0.2,2,0,0,0,1,1,0,2,1,0,4.382078770908617
6300,99.5,30,97,127.7,0.2,30,0,0,0,1,1,0,7,3,6,1.2596337420375856
6301,99.52,27,58,123.2,0.2,27,0,0,0,1,1,0,1,1,0,1.7865121932501178
6302,99.52,3,9,6.1,0.2,3,0,0,0,1,1,0,3,1,0,3.87326503701682
6303,99.52,12,22,51.6,0.2,12,0,0,0,1,1,0,1,1,2,2.3322616492730197
6304,99.56,49,154,230.1,0.2,51,0,0,0,0,0,1,9,5,4,1.4033819871270357
6305,99.58,37,110,163.9,0.2,37,0,0,0,1,1,0,5,2,1,1.5285191352618663
6306,99.6,29,78,127.7,0.2,29,0,0,0,1,1,0,4,3,5,1.5441408282889084
6307,99.61,16,35,68.5,0.2,16,0,0,0,1,1,0,3,1,0,2.045725039145766
6308,99.64,44,133,196.4,0.2,44,0,0,0,1,1,0,5,3,3,1.458758246151482
6309,99.64,1,5,3.5,0.2,2,0,0,0,1,1,0,1,1,0,4.990754223626122
6310,99.67,37,114,161.4,0.2,37,0,0,0,1,1,0,7,4,2,1.4990657487148047
6311,99.68,21,56,97.3,0.2,22,0,0,0,1,1,0,2,3,1,1.563904297559495
6312,99.68,1,5,-1.6,0.2,1,0,0,0,1,1,0,1,1,1,4.945201853216606
6313,99.72,49,153,233.0,0.2,51,0,0,0,0,0,1,6,7,6,1.6542788358010712
6314,99.72,9,22,35.7,0.2,9,0,0,0,1,1,0,2,1,1,1.9924774316545482
6315,99.75,50,162,227.2,0.2,50,0,0,0,0,0,1,6,3,5,1.3208493488206667
6316,99.79,49,152,229.4,0.2,51,0,0,0,0,0,1,10,3,3,1.5591552358402845
6317,99.82,48,141,212.7,0.2,48,0,0,0,1,1,0,8,4,2,1.3997542578858202
6318,99.83,23,59,103.9,0.2,23,0,0,0,1,1,0,0,1,2,1.7420290341543467
6319,99.87,50,168,222.1,0.2,50,0,0,0,0,0,1,10,8,10,1.263603548383193
6320,99.87,1,5,-3.5,0.2,1,0,0,0,1,1,0,3,1,0,5.464465798045289
6321,99.88,17,46,72.3,0.2,17,0,0,0,1,1,0,3,2,1,1.2632846863133778
6322,99.89,18,44,79.6,0.2,18,0,0,0,1,1,0,1,3,0,1.7309856811727722
6323,99.9,16,47,72.9,0.2,17,0,0,0,1,1,0,2,1,4,1.4391591092472105
6324,99.93,37,102,165.5,0.2,37,0,0,0,1,1,0,4,3,3,1.4702216132125188
6325,99.96,41,110,185.7,0.2,41,0,0,0,1,1,0,3,2,3,1.6779944332615162
6326,99.96,6,18,22.1,0.2,6,0,0,0,1,1,0,1,1,1,2.9659446362991306
6327,99.97,6,18,19.1,0.2,6,0,0,0,1,1,0,4,1,1,2.3001466863206144
6328,99.98,31,77,142.8,0.2,32,0,0,0,1,1,0,4,1,5,1.4284334226085942
6329,100.01,49,151,231.5,0.2,51,0,0,0,0,0,1,8,1,3,1.3701872176662229
6330,100.02,2,5,3.5,0.2,2,0,0,0,1,1,0,1,1,0,5.591955937236866
6331,100.02,15,34,66.5,0.2,15,0,0,0,1,1,0,0,1,1,1.8821277331341766
6332,100.06,49,179,223.4,0.2,51,0,0,0,0,0,1,13,2,6,1.3989100149188793
6333,100.09,46,141,203.4,0.2,46,0,0,0,1,1,0,7,2,5,1.4720070712248166
6334,100.1,11,33,43.6,0.2,11,0,0,0,1,1,0,3,1,1,1.7123352142802624
6335,100.12,28,75,129.3,0.2,29,0,0,0,1,1,0,3,1,2,1.5672663700348854
6336,100.15,50,152,220.2,0.2,50,0,0,0,1,1,0,9,5,6,1.3402446326217536
6337,100.17,23,68,98.7,0.2,23,0,0,0,1,1,0,4,1,5,1.917160724223509
6338,100.17,5,11,18.9,0.2,5,0,0,0,1,1,0,0,1,0,3.1693496250473574
6339,100.17,2,7,3.2,0.2,2,0,0,0,1,1,0,1,1,1,4.383949645338191
6340,100.19,30,82,129.2,0.2,30,0,0,0,1,1,0,7,2,6,1.3800660743700608
6341,100.23,48,170,209.3,0.2,48,0,0,0,1,1,0,8,4,7,1.4456898374701475
6342,100.24,30,67,136.0,0.2,30,0,0,0,1,1,0,2,2,3,1.5487907667827003
6343,100.25,1,8,-1.8,0.2,1,0,0,0,1,1,0,1,1,0,3.7389021805953537
6344,100.25,1,5,-3.5,0.2,1,0,0,0,1,1,0,3,1,0,6.309472897297494
6345,100.25,8,20,29.8,0.2,8,0,0,0,1,1,0,3,2,2,2.543537550865846
6346,100.29,49,157,231.0,0.2,51,0,0,0,0,0,1,8,4,2,1.4088199376565849
6347,100.32,46,148,208.0,0.2,47,0,0,0,1,1,0,7,5,2,1.6408714274485814
6348,100.34,24,81,103.6,0.2,24,0,0,0,1,1,0,3,3,3,1.444104701007625
6349,100.36,34,89,148.8,0.2,34,0,0,0,1,1,0,7,4,3,1.4173428376795638
6350,100.39,49,160,229.3,0.2,51,0,0,0,0,0,1,9,4,6,1.4764043960302127
6351,100.39,5,15,15.4,0.2,5,0,0,0,1,1,0,3,2,1,2.588747620156666
6352,100.42,40,114,185.0,0.2,41,0,0,0,1,1,0,3,2,6,1.3595534561265925
6353,100.45,49,160,231.6,0.2,51,0,0,0,0,0,1,7,3,3,1.3697375567820058
6354,100.46,7,28,25.2,0.2,7,0,0,0,1,1,0,2,1,0,1.5498314534595095
6355,100.47,6,19,21.1,0.2,6,0,0,0,1,1,0,2,2,0,1.8275859228443894
6356,100.47,1,5,-1.5,0.2,1,0,0,0,1,1,0,1,1,0,4.819978304717681
6357,100.5,49,153,232.2,0.2,51,0,0,0,0,0,1,7,3,4,1.5585882817448615
6358,100.54,47,165,199.0,0.2,47,0,0,0,1,1,0,14,5,5,1.3906439757360485
6359,100.54,8,20,31.8,0.2,8,0,0,0,1,1,0,1,1,2,1.6504949448448323
6360,100.55,9,24,35.5,0.2,9,0,0,0,1,1,0,2,1,1,1.7458369351302754
6361,100.56,8,22,31.8,0.2,8,0,0,0,1,1,0,1,1,0,2.2369692223534248
6362,100.56,9,24,37.6,0.2,9,0,0,0,1,1,0,0,2,0,2.3890796586115894
6363,100.58,17,72,64.5,0.2,17,0,0,0,1,1,0,8,4,3,1.30361572041003
6364,100.59,17,48,72.8,0.2,17,0,0,0,1,1,0,2,3,4,1.4097506004312528
6365,100.59,3,12,5.8,0.2,3,0,0,0,1,1,0,3,1,0,2.5334625079066972
6366,100.6,10,23,47.7,0.2,11,0,0,0,1,1,0,0,2,0,1.7964073788684083
6367,100.61,15,42,59.3,0.2,15,0,0,0,1,1,0,6,1,5,1.6761932831398139
6368,100.62,18,42,79.7,0.2,18,0,0,0,1,1,0,1,2,1,1.7980083125282895
6369,100.63,8,18,36.2,0.2,9,0,0,0,1,1,0,2,2,0,2.134607009951137
6370,100.64,15,34,64.4,0.2,15,0,0,0,1,1,0,2,2,2,1.9983000608335066
6371,100.64,11,30,43.9,0.2,11,0,0,0,1,1,0,3,2,1,1.8400785599242733
6372,100.65,15,39,67.0,0.2,16,0,0,0,1,1,0,4,2,1,1.5643419235419418
6373,100.66,8,28,28.8,0.2,8,0,0,0,1,1,0,3,2,4,1.526391264843618
6374,100.67,14,39,54.9,0.2,14,0,0,0,1,1,0,6,2,2,1.8614834417139419
6375,100.67,2,5,4.5,0.2,2,0,0,0,1,1,0,0,1,0,4.903296111262599
6376,100.69,28,83,124.5,0.2,28,0,0,0,1,1,0,2,4,2,1.6771335604367235
6377,100.71,30,72,135.3,0.2,30,0,0,0,1,1,0,2,1,5,1.3794838974888748
6378,100.71,12,25,48.5,0.2,12,0,0,0,1,1,0,4,2,0,2.3897200120562485
6379,100.72,4,17,11.2,0.2,4,0,0,0,1,1,0,2,2,1,2.7381330363480783
6380,100.75,50,150,219.3,0.2,50,0,0,0,1,1,0,10,5,7,1.398824114967105
6381,100.77,22,70,93.8,0.2,22,0,0,0,1,1,0,4,2,2,1.506985995255736
6382,100.78,22,61,95.8,0.2,22,0,0,0,1,1,0,3,3,1,1.361508150285877
6383,100.82,50,183,222.1,0.2,50,0,0,0,0,0,1,9,5,5,1.3673742469690282
6384,100.83,16,47,65.1,0.2,16,0,0,0,1,1,0,5,1,2,1.6857184816733368
6385,100.85,21,69,91.6,0.2,21,0,0,0,1,1,0,1,1,5,1.222683520470845
6386,100.85,0,5,-2.5,0.2,1,0,0,0,1,1,0,2,1,0,4.271392775592907
6387,100.86,19,54,82.5,0.2,19,0,0,0,1,1,0,2,3,1,1.8388584406879274
6388,100.87,33,76,144.2,0.2,33,0,0,0,1,1,0,8,1,2,1.4821510985343902
6389,100.88,4,5,14.5,0.2,4,0,0,0,1,1,0,0,1,0,5.7972086440818185
6390,100.9,27,87,116.0,0.2,27,0,0,0,1,1,0,5,2,3,1.3872359574593758
6391,100.9,11,24,46.6,0.2,11,0,0,0,1,1,0,1,1,0,1.790423650685165
6392,100.92,44,111,197.4,0.2,44,0,0,0,1,1,0,6,2,5,1.4063129063821762
6393,100.96,49,153,234.3,0.2,51,0,0,0,0,0,1,5,4,3,1.5454700953426497
6394,100.97,19,53,80.7,0.2,19,0,0,0,1,1,0,4,3,0,1.699226990166295
6395,100.99,25,57,109.1,0.2,25,0,0,0,1,1,0,5,3,2,1.5207494942566755
6396,100.99,15,38,64.1,0.2,15,0,0,0,1,1,0,2,1,1,1.68437838234778
6397,101.01,18,59,77.0,0.2,18,0,0,0,1,1,0,2,4,1,1.501668917132383
6398,101.01,9,29,34.0,0.2,9,0,0,0,1,1,0,3,2,1,1.6549329873742287
6399,101.02,2,5,1.5,0.2,2,0,0,0,1,1,0,3,1,0,5.272752332436186
6400,101.02,3,5,7.5,0.2,3,0,0,0,1,1,0,2,1,0,6.032969114013397
6401,101.02,7,17,27.3,0.2,7,0,0,0,1,1,0,1,2,0,2.1101881394900004
6402,101.05,49,155,236.5,0.2,51,0,0,0,0,0,1,2,3,9,1.6123363679054232
6403,101.07,35,97,156.9,0.2,35,0,0,0,1,1,0,3,1,4,1.4203944730367457
6404,101.09,15,51,59.7,0.2,15,0,0,0,1,1,0,5,4,2,1.4522636479477828
6405,101.09,10,23,40.6,0.2,10,0,0,0,1,1,0,2,2,1,1.997234655033037
6406,101.13,49,154,232.7,0.2,51,0,0,0,0,0,1,6,1,8,1.3893607914854222
6407,101.14,20,59,92.0,0.2,21,0,0,0,1,1,0,2,3,1,1.744649923823751
6408,101.15,17,48,72.2,0.2,17,0,0,0,1,1,0,3,1,0,1.568650514698085
6409,101.19,49,144,236.3,0.2,51,0,0,0,0,0,1,4,5,2,1.6100296359097612
6410,101.2,13,39,54.9,0.2,13,0,0,0,1,1,0,1,1,2,1.4748084748075088
6411,101.2,8,22,31.8,0.2,8,0,0,0,1,1,0,1,1,0,1.9705090453261411
6412,101.24,49,149,219.8,0.2,49,0,0,0,1,1,0,5,4,3,1.5117055941773077
6413,101.26,29,89,125.0,0.2,29,0,0,0,1,1,0,6,2,1,1.4943547728591418
6414,101.26,1,7,-1.8,0.2,1,0,0,0,1,1,0,1,1,1,3.5265671467680937
6415,101.28,41,116,179.7,0.2,41,0,0,0,1,1,0,8,1,7,1.2691141800870869
6416,101.29,9,22,36.8,0.2,9,0,0,0,1,1,0,1,1,0,2.3518876732655993
6417,101.3,28,74,125.5,0.2,28,0,0,0,1,1,0,2,1,1,1.3931447135955828
6418,101.31,1,5,-3.5,0.2,1,0,0,0,1,1,0,3,1,0,5.12361664411311
6419,101.31,11,31,44.8,0.2,11,0,0,0,1,1,0,2,1,1,1.809362985131631
6420,101.32,10,32,40.7,0.2,10,0,0,0,1,1,0,1,2,1,1.5933469375367637
6421,101.34,39,121,172.7,0.2,39,0,0,0,1,1,0,5,4,2,1.2699849001463193
6422,101.35,7,15,27.4,0.2,7,0,0,0,1,1,0,1,1,1,2.740298268143444
6423,101.36,29,76,129.3,0.2,29,0,0,0,1,1,0,3,1,1,1.6475752112635758
6424,101.4,49,177,225.9,0.2,51,0,0,0,0,0,1,11,2,3,1.4469799966359307
6425,101.42,40,120,175.5,0.2,40,0,0,0,1,1,0,7,4,5,1.3399999583418414
6426,101.46,49,173,231.1,0.2,51,0,0,0,0,0,1,6,3,5,1.4379729202586915
6427,101.48,34,91,147.4,0.2,34,0,0,0,1,1,0,8,3,5,1.3316965301028252
6428,101.51,49,148,222.5,0.2,49,0,0,0,1,1,0,2,1,7,1.329024663995921
6429,101.55,49,145,232.0,0.2,51,0,0,0,0,0,1,8,3,4,1.6947706003956415
6430,101.56,19,65,84.4,0.2,20,0,0,0,1,1,0,4,3,1,1.3741825386453776
6431,101.58,46,132,207.6,0.2,46,0,0,0,1,1,0,4,3,2,1.4344961314838147
6432,101.59,2,5,1.5,0.2,2,0,0,0,1,1,0,3,1,0,6.125087829115162
6433,101.59,2,5,2.4,0.2,2,0,0,0,1,1,0,2,1,1,5.332672003105982
6434,101.59,7,18,25.2,0.2,7,0,0,0,1,1,0,3,2,0,2.5866583895996547
6435,101.62,48,136,216.1,0.2,48,0,0,0,1,1,0,5,5,3,1.2796797790104681
6436,101.64,29,87,128.9,0.2,29,0,0,0,1,1,0,2,2,4,1.3147498249787262
6437,101.65,14,33,61.6,0.2,14,0,0,0,1,1,0,0,2,1,2.1273212943856294
6438,101.68,33,107,152.0,0.2,34,0,0,0,1,1,0,2,3,3,1.3949747950846454
6439,101.7,49,121,237.5,0.2,51,0,0,0,0,0,1,5,2,3,1.640123495036743
6440,101.71,13,27,62.2,0.2,14,0,0,0,1,1,0,0,1,1,2.0548407053985107
6441,101.72,7,15,26.4,0.2,7,0,0,0,1,1,0,2,1,1,2.7309307819863546
6442,101.73,22,51,96.8,0.2,22,0,0,0,1,1,0,3,2,1,1.6844430818799319
6443,101.73,2,5,3.5,0.2,2,0,0,0,1,1,0,1,1,0,4.601092399096553
6444,101.73,1,5,-1.6,0.2,1,0,0,0,1,1,0,1,1,1,5.668864090156732
6445,101.74,20,52,87.6,0.2,20,0,0,0,1,1,0,2,1,2,1.8644987397594872
6446,101.77,32,99,137.8,0.2,32,0,0,0,1,1,0,7,4,3,1.334563446927874
6447,101.77,4,13,13.7,0.2,4,0,0,0,1,1,0,0,1,0,2.3951550760964717
6448,101.78,15,55,59.3,0.2,15,0,0,0,1,1,0,5,2,2,1.404470994022454
6449,101.8,27,69,118.0,0.2,27,0,0,0,1,1,0,5,4,1,1.7292179926875577
6450,101.82,41,111,180.6,0.2,41,0,0,0,1,1,0,8,3,3,1.4270788288005225
6451,101.86,49,160,230.5,0.2,51,0,0,0,0,0,1,8,1,4,1.5200337320867547
6452,101.87,26,62,116.7,0.2,26,0,0,0,1,1,0,2,4,1,1.7220433267761097
6453,101.89,26,68,111.8,0.2,26,0,0,0,1,1,0,6,3,4,1.398341284862621
6454,101.9,8,28,29.2,0.2,8,0,0,0,1,1,0,3,2,0,1.3827500811792532
6455,101.9,12,34,48.4,0.2,12,0,0,0,1,1,0,3,2,2,1.6662186110373178
6456,101.91,10,29,39.1,0.2,10,0,0,0,1,1,0,3,3,0,2.0901824468822525
6457,101.92,23,56,98.1,0.2,23,0,0,0,1,1,0,6,1,3,1.8265638881530393
6458,101.96,49,170,230.4,0.2,51,0,0,0,0,0,1,7,6,5,1.3156908909320832
6459,101.96,12,31,48.8,0.2,12,0,0,0,1,1,0,3,1,1,1.9371758675403814
6460,101.98,26,74,113.3,0.2,26,0,0,0,1,1,0,4,2,3,1.3166034539267872
6461,102.01,50,156,228.5,0.2,50,0,0,0,0,0,1,5,7,8,1.3512483347095487
6462,102.02,12,31,50.8,0.2,12,0,0,0,1,1,0,1,1,1,1.6316399711983218
6463,102.04,22,68,93.0,0.2,22,0,0,0,1,1,0,5,2,2,1.5638298694248185
6464,102.07,49,158,228.5,0.2,51,0,0,0,0,0,1,10,4,6,1.5149952181689008
6465,102.1,49,138,233.8,0.2,51,0,0,0,0,0,1,7,3,3,1.4262103986807173
6466,102.12,35,116,149.0,0.2,35,0,0,0,1,1,0,9,4,4,1.2654578882020782
6467,102.16,49,143,237.3,0.2,51,0,0,0,0,0,1,3,6,3,1.4517601358136327
6468,102.16,5,16,17.2,0.2,5,0,0,0,1,1,0,1,1,2,2.296479239770873
6469,102.18,38,102,165.5,0.2,38,0,0,0,1,1,0,9,5,3,1.829835865875221
6470,102.19,15,34,63.4,0.2,15,0,0,0,1,1,0,3,1,2,1.8075332188204212
6471,102.19,1,5,-3.5,0.2,1,0,0,0,1,1,0,3,1,0,6.380513834010231
6472,102.2,6,14,20.6,0.2,6,0,0,0,1,1,0,3,1,0,2.7663971786174826
6473,102.2,3,5,9.5,0.2,3,0,0,0,1,1,0,0,1,0,4.646613355819807
6474,102.21,17,52,78.7,0.2,18,0,0,0,1,1,0,1,1,1,1.317166920869569
6475,102.23,25,79,109.8,0.2,25,0,0,0,1,1,0,2,2,3,1.4750092341870469
6476,102.24,16,50,65.8,0.2,16,0,0,0,1,1,0,4,2,2,1.9530225087993989
6477,102.25,8,26,29.3,0.2,8,0,0,0,1,1,0,3,2,1,1.4414377047745508
6478,102.25,14,36,61.1,0.2,14,0,0,0,1,1,0,0,2,3,1.7427270678722506
6479,102.27,34,71,152.9,0.2,34,0,0,0,1,1,0,5,2,0,1.563180210533799
6480,102.29,18,59,71.0,0.2,18,0,0,0,1,1,0,8,3,1,1.3791122850669788
6481,102.32,45,149,194.9,0.2,45,0,0,0,1,1,0,10,6,2,1.4962869810980095
6482,102.32,4,13,8.7,0.2,4,0,0,0,1,1,0,5,1,0,3.0084765375979177
6483,102.33,14,36,61.4,0.2,14,0,0,0,1,1,0,0,2,0,1.8575060390716753
6484,102.35,27,80,114.6,0.2,27,0,0,0,1,1,0,7,4,4,1.554740742402369
6485,102.38,46,134,206.4,0.2,46,0,0,0,1,1,0,5,1,2,1.2780156768486848
6486,102.38,11,32,46.7,0.2,11,0,0,0,1,1,0,0,3,1,1.598165850341095
6487,102.39,2,5,1.5,0.2,2,0,0,0,1,1,0,3,1,0,5.051647680027726
6488,102.42,49,165,212.7,0.2,49,0,0,0,1,1,0,10,5,8,1.1789107666200536
6489,102.45,42,132,188.1,0.2,42,0,0,0,1,1,0,3,6,7,1.5527704130895292
6490,102.48,49,163,235.5,0.2,51,0,0,0,0,0,1,3,3,1,1.3360412255140615
6491,102.52,49,142,230.1,0.2,51,0,0,0,0,0,1,10,2,6,1.2571859844899451
6492,102.55,49,170,228.5,0.2,51,0,0,0,0,0,1,9,3,4,1.4224693796643222
6493,102.56,20,40,90.0,0.2,20,0,0,0,1,1,0,1,2,0,1.746243145217738
6494,102.57,21,61,88.6,0.2,21,0,0,0,1,1,0,5,2,3,1.5336042689505336
6495,102.6,41,117,181.9,0.2,41,0,0,0,1,1,0,6,4,4,1.4772207734445026
6496,102.62,32,85,142.1,0.2,32,0,0,0,1,1,0,4,3,4,1.2373363346381299
6497,102.64,31,88,139.9,0.2,31,0,0,0,1,1,0,1,2,3,1.4955948322041188
6498,102.64,7,15,28.3,0.2,7,0,0,0,1,1,0,0,1,2,2.5719675295166735
6499,102.65,5,24,16.4,0.2,5,0,0,0,1,1,0,1,1,2,1.5695623788768247
6500,102.65,9,26,34.4,0.2,9,0,0,0,1,1,0,3,3,0,2.0430184088296133
6501,102.66,5,16,17.3,0.2,5,0,0,0,1,1,0,1,1,1,2.3821809911833407
6502,102.67,26,69,113.7,0.2,26,0,0,0,1,1,0,4,4,4,1.6160720322163278
6503,102.69,24,73,108.4,0.2,25,0,0,0,1,1,0,4,1,3,1.3040603551789578
6504,102.7,20,56,87.2,0.2,20,0,0,0,1,1,0,2,4,2,1.6172240425863609
6505,102.72,26,86,107.3,0.2,26,0,0,0,1,1,0,9,5,1,1.2857536106026592
6506,102.75,40,102,179.3,0.2,40,0,0,0,1,1,0,5,3,5,1.3968394612134252
6507,102.78,43,136,193.1,0.2,43,0,0,0,1,1,0,3,3,3,1.599569838825996
6508,102.8,20,59,86.8,0.2,20,0,0,0,1,1,0,2,2,3,1.562527789937027
6509,102.8,2,10,9.0,0.2,3,0,0,0,1,1,0,0,1,0,2.65076871268853
6510,102.82,24,76,105.0,0.2,25,0,0,0,1,1,0,7,5,4,1.5015788140000565
6511,102.85,49,158,221.6,0.2,50,0,0,0,1,1,0,7,2,6,1.4032808036024875
6512,102.86,6,24,25.4,0.2,7,0,0,0,1,1,0,2,1,2,1.8931276874484402
6513,102.86,1,5,3.5,0.2,2,0,0,0,1,1,0,1,1,0,4.987346546435598
6514,102.88,30,99,128.5,0.2,30,0,0,0,1,1,0,6,4,6,1.28554379033644
6515,102.88,2,5,1.5,0.2,2,0,0,0,1,1,0,3,1,0,5.597343577664033
6516,102.91,42,112,187.5,0.2,42,0,0,0,1,1,0,6,4,3,1.328424001806502
6517,102.91,2,5,1.5,0.2,2,0,0,0,1,1,0,3,1,0,5.578854043408795
6518,102.92,14,47,54.0,0.2,14,0,0,0,1,1,0,6,1,3,1.8165556557846625
6519,102.94,34,92,147.4,0.2,34,0,0,0,1,1,0,8,3,4,1.2217561950967748
6520,102.95,14,42,59.6,0.2,14,0,0,0,1,1,0,1,1,2,1.7083604780184538
6521,102.99,49,156,230.1,0.2,51,0,0,0,0,0,1,9,2,2,1.4399525987532353
6522,103.0,15,38,63.1,0.2,15,0,0,0,1,1,0,3,1,1,1.4437960997604704
6523,103.01,13,49,50.0,0.2,13,0,0,0,1,1,0,5,3,1,1.405619405905681
6524,103.02,11,30,45.0,0.2,11,0,0,0,1,1,0,2,1,0,1.695093530728735
6525,103.05,49,146,231.1,0.2,51,0,0,0,0,0,1,9,5,2,1.3509210942090943
6526,103.07,32,92,140.5,0.2,32,0,0,0,1,1,0,5,5,3,1.643734507512435
6527,103.07,3,9,7.1,0.2,3,0,0,0,1,1,0,2,1,0,3.6216549704130023
6528,103.09,26,84,115.4,0.2,27,0,0,0,1,1,0,6,4,2,1.5726872956842766
6529,103.1,10,35,45.5,0.2,11,0,0,0,1,1,0,1,2,0,1.7419139144764169
6530,103.11,15,36,63.3,0.2,15,0,0,0,1,1,0,3,3,1,1.9232788818996183
6531,103.11,1,8,-4.8,0.2,1,0,0,0,1,1,0,4,1,0,3.6795401938875187
6532,103.12,17,47,73.1,0.2,17,0,0,0,1,1,0,2,2,2,1.5593533745734645
6533,103.15,50,155,227.8,0.2,50,0,0,0,0,0,1,6,3,6,1.3078611537036944
6534,103.16,17,51,73.4,0.2,17,0,0,0,1,1,0,1,1,5,1.7089185350274578
6535,103.19,42,120,186.4,0.2,42,0,0,0,1,1,0,6,3,6,1.2929368205723013
6536,103.2,23,66,97.0,0.2,23,0,0,0,1,1,0,6,3,4,1.7073021289773864
6537,103.2,3,7,9.3,0.2,3,0,0,0,1,1,0,0,1,0,3.5170173278179133
6538,103.22,24,66,105.2,0.2,24,0,0,0,1,1,0,3,3,2,1.4162524762537894
6539,103.24,36,103,162.5,0.2,36,0,0,0,1,1,0,2,3,2,1.1866692791025746
6540,103.24,4,5,14.4,0.2,4,0,0,0,1,1,0,0,1,1,6.896564584220675
6541,103.26,25,67,109.1,0.2,25,0,0,0,1,1,0,4,2,2,1.571137294693413
6542,103.3,49,196,225.8,0.2,51,0,0,0,0,0,1,9,3,5,1.387193840312192
6543,103.32,27,64,119.4,0.2,27,0,0,0,1,1,0,4,4,2,1.6115985712771026
6544,103.35,50,150,220.4,0.2,50,0,0,0,1,1,0,9,4,6,1.4553382313310907
6545,103.35,9,17,36.3,0.2,9,0,0,0,1,1,0,2,1,0,2.6044127704433166
6546,103.38,40,108,175.0,0.2,40,0,0,0,1,1,0,9,3,2,1.4079353253478928
6547,103.38,2,5,8.5,0.2,3,0,0,0,1,1,0,1,1,0,5.399330068143492
6548,103.38,3,6,8.4,0.2,3,0,0,0,1,1,0,1,1,0,4.256597333004696
6549,103.39,15,42,60.7,0.2,15,0,0,0,1,1,0,5,3,1,2.349955026813439
6550,103.4,30,74,132.3,0.2,30,0,0,0,1,1,0,5,3,3,2.020030552456522
6551,103.41,11,27,44.3,0.2,11,0,0,0,1,1,0,3,1,0,2.3528218424576526
6552,103.42,6,20,17.7,0.2,6,0,0,0,1,1,0,5,1,3,1.762945959383216
6553,103.45,49,165,233.2,0.2,51,0,0,0,0,0,1,5,3,2,1.5557832283928512
6554,103.46,19,44,83.6,0.2,19,0,0,0,1,1,0,2,2,0,1.6892614801913255
6555,103.48,37,97,165.0,0.2,37,0,0,0,1,1,0,5,1,3,1.546923729869061
6556,103.51,45,137,200.6,0.2,45,0,0,0,1,1,0,5,5,7,1.318848566327625
6557,103.53,23,74,96.2,0.2,23,0,0,0,1,1,0,6,2,4,1.5569752892781719
6558,103.54,26,68,114.9,0.2,26,0,0,0,1,1,0,3,3,3,1.2832790548505402
6559,103.57,46,125,205.1,0.2,46,0,0,0,1,1,0,7,4,4,1.6619758073867152
6560,103.58,17,43,71.6,0.2,17,0,0,0,1,1,0,4,1,1,1.534311792282211
6561,103.59,14,40,56.9,0.2,14,0,0,0,1,1,0,4,2,1,1.408149678301576
6562,103.61,39,106,172.0,0.2,39,0,0,0,1,1,0,7,2,4,1.5546397113221322
6563,103.64,46,136,201.2,0.2,46,0,0,0,1,1,0,10,3,2,1.3657497071819085
6564,103.67,49,149,234.7,0.2,51,0,0,0,0,0,1,5,4,3,1.5882994885144857
6565,103.68,8,29,30.9,0.2,8,0,0,0,1,1,0,1,1,2,1.6659249798317433
6566,103.69,8,33,29.4,0.2,8,0,0,0,1,1,0,2,2,3,1.819298115905621
6567,103.69,6,12,22.7,0.2,6,0,0,0,1,1,0,1,1,1,2.963134607529439
6568,103.7,4,14,12.6,0.2,4,0,0,0,1,1,0,1,1,0,2.336022012361331
6569,103.71,15,45,66.2,0.2,16,0,0,0,1,1,0,4,3,3,1.5561976126095178
6570,103.72,23,48,104.0,0.2,23,0,0,0,1,1,0,1,1,2,1.7317108377577437
6571,103.72,5,14,18.5,0.2,5,0,0,0,1,1,0,0,1,1,2.2373478408056053
6572,103.76,48,178,207.2,0.2,48,0,0,0,1,1,0,9,5,10,1.2936529727146624
6573,103.77,26,56,118.3,0.2,26,0,0,0,1,1,0,1,2,1,1.7852557364296173
6574,103.81,48,175,206.1,0.2,48,0,0,0,1,1,0,11,5,4,1.4383397107244498
6575,103.81,3,11,6.7,0.2,3,0,0,0,1,1,0,2,1,2,2.475332590501365
6576,103.84,49,144,231.0,0.2,51,0,0,0,0,0,1,9,1,5,1.399844858366085
6577,103.85,1,5,3.5,0.2,2,0,0,0,1,1,0,1,1,0,4.796064916209945
6578,103.86,21,56,94.0,0.2,21,0,0,0,1,1,0,0,3,4,1.620108359692286
6579,103.88,22,72,92.7,0.2,22,0,0,0,1,1,0,5,3,1,1.779986047814468
6580,103.91,50,171,223.0,0.2,50,0,0,0,1,1,0,4,4,9,1.394988394288099
6581,103.93,24,63,102.4,0.2,24,0,0,0,1,1,0,6,1,3,1.9033069950475765
6582,103.93,2,5,2.5,0.2,2,0,0,0,1,1,0,2,1,0,5.0014064132551725
6583,103.95,31,83,142.4,0.2,32,0,0,0,1,1,0,4,3,3,1.7828242185661642
6584,103.98,36,110,154.7,0.2,36,0,0,0,1,1,0,9,4,3,1.3634704190256648
6585,103.98,1,11,1.9,0.2,2,0,0,0,1,1,0,2,1,0,2.8334626575794757
6586,104.01,38,117,164.6,0.2,38,0,0,0,1,1,0,8,4,7,1.3879649880614398
6587,104.03,43,104,192.3,0.2,43,0,0,0,1,1,0,7,2,3,1.4375569785163855
6588,104.03,7,17,28.3,0.2,7,0,0,0,1,1,0,0,1,0,2.4684601654378038
6589,104.04,2,5,3.5,0.2,2,0,0,0,1,1,0,1,1,0,5.045605433913748
6590,104.05,24,74,102.4,0.2,24,0,0,0,1,1,0,5,2,2,1.6016331464037916
6591,104.08,35,93,160.3,0.2,36,0,0,0,1,1,0,5,3,4,1.5632346567043052
6592,104.08,3,9,7.1,0.2,3,0,0,0,1,1,0,2,1,0,3.5894620951441616
6593,104.11,44,139,193.6,0.2,44,0,0,0,1,1,0,7,3,5,1.4786932766080696
6594,104.11,1,9,-2.9,0.2,1,0,0,0,1,1,0,2,1,0,3.541844076549423
6595,104.13,29,74,129.2,0.2,29,0,0,0,1,1,0,3,3,4,1.3909737992301219
6596,104.14,23,59,95.7,0.2,23,0,0,0,1,1,0,8,1,4,1.7876028855336619
6597,104.17,37,121,154.4,0.2,37,0,0,0,1,1,0,13,3,5,1.4440309487429344
6598,104.18,13,51,51.7,0.2,13,0,0,0,1,1,0,3,1,2,1.6284914071361585
6599,104.18,9,25,35.3,0.2,9,0,0,0,1,1,0,2,1,2,1.8920677201631102
6600,104.2,30,86,135.3,0.2,31,0,0,0,1,1,0,6,1,1,1.5338526314672605
6601,104.21,20,49,86.8,0.2,20,0,0,0,1,1,0,3,2,3,2.143348942046244
6602,104.24,39,122,172.5,0.2,40,0,0,0,1,1,0,10,4,3,1.2611298462817153
6603,104.24,4,12,13.7,0.2,4,0,0,0,1,1,0,0,1,1,2.82372151409186
6604,104.28,48,150,210.7,0.2,49,0,0,0,1,1,0,14,3,3,1.4611523755620326
6605,104.31,40,106,181.9,0.2,40,0,0,0,1,1,0,2,2,5,1.4036567641328919
6606,104.31,3,5,9.5,0.2,3,0,0,0,1,1,0,0,1,0,5.195856759667235
6607,104.32,34,80,152.8,0.2,34,0,0,0,1,1,0,4,2,2,1.6412257810659565
6608,104.33,0,7,-1.8,0.2,1,0,0,0,1,1,0,1,1,1,3.607237319847616
6609,104.36,49,158,232.7,0.2,51,0,0,0,0,0,1,6,5,4,1.4307807478550032
6610,104.39,49,137,231.5,0.2,51,0,0,0,0,0,1,9,2,7,1.595171764899389
6611,104.4,6,17,26.3,0.2,7,0,0,0,1,1,0,2,1,0,2.2512983715023203
6612,104.4,9,23,35.6,0.2,9,0,0,0,1,1,0,2,2,1,1.9033253179747
6613,104.42,25,77,114.1,0.2,26,0,0,0,1,1,0,3,4,2,1.4566178237404959
6614,104.43,19,40,79.9,0.2,19,0,0,0,1,1,0,6,1,1,1.9250945311813763
6615,104.46,49,149,234.5,0.2,51,0,0,0,0,0,1,5,2,5,1.326609313746228
6616,104.48,24,72,102.6,0.2,24,0,0,0,1,1,0,5,2,2,1.4355131778236934
6617,104.5,34,92,154.4,0.2,34,0,0,0,1,1,0,1,1,4,1.512719629669609
6618,104.51,16,32,70.8,0.2,16,0,0,0,1,1,0,1,1,0,1.7280769193341787
6619,104.51,4,10,13.0,0.2,4,0,0,0,1,1,0,1,1,0,2.68266022432123
6620,104.54,44,140,199.3,0.2,45,0,0,0,1,1,0,6,3,7,1.3145405646029424
6621,104.56,27,75,116.3,0.2,27,0,0,0,1,1,0,6,3,2,1.573383456585562
6622,104.57,6,26,18.0,0.2,6,0,0,0,1,1,0,4,1,4,1.7893600098397313
6623,104.57,13,34,50.5,0.2,13,0,0,0,1,1,0,6,1,1,1.9043526555002908
6624,104.58,5,13,21.7,0.2,6,0,0,0,1,1,0,2,2,0,2.115177493203352
6625,104.58,9,21,34.8,0.2,9,0,0,0,1,1,0,3,1,1,2.2399085564136643
6626,104.59,3,5,9.4,0.2,3,0,0,0,1,1,0,0,1,1,5.864573118788562
6627,104.6,27,65,118.3,0.2,27,0,0,0,1,1,0,5,2,2,1.6335778312227593
6628,104.61,3,11,6.9,0.2,3,0,0,0,1,1,0,2,1,0,2.856906827807831
6629,104.62,20,54,89.3,0.2,20,0,0,0,1,1,0,0,3,3,1.5919966744592013
6630,104.64,41,98,186.1,0.2,41,0,0,0,1,1,0,4,3,1,1.565226007129906
6631,104.66,15,50,64.7,0.2,15,0,0,0,1,1,0,0,1,3,1.3897163947580935
6632,104.66,4,11,12.9,0.2,4,0,0,0,1,1,0,1,1,0,2.7817333774540014
6633,104.67,11,32,48.7,0.2,12,0,0,0,1,1,0,3,2,1,1.5123863978334526
6634,104.7,48,159,208.6,0.2,48,0,0,0,1,1,0,10,5,5,1.3684810025220202
6635,104.71,15,30,64.8,0.2,15,0,0,0,1,1,0,2,1,2,1.632612417807559
6636,104.74,49,151,237.4,0.2,51,0,0,0,0,0,1,2,4,4,1.3176331108440655
6637,104.77,39,104,174.3,0.2,39,0,0,0,1,1,0,5,2,3,1.3587394411375255
6638,104.77,1,5,-0.5,0.2,1,0,0,0,1,1,0,0,1,0,4.99121910784553
6639,104.78,20,41,88.8,0.2,20,0,0,0,1,1,0,2,2,1,1.7776370404152937
6640,104.78,4,17,9.2,0.2,4,0,0,0,1,1,0,4,1,1,2.2500269614639214
6641,104.78,1,5,-1.5,0.2,1,0,0,0,1,1,0,1,1,0,4.490735994747481
6642,104.78,1,7,-3.7,0.2,1,0,0,0,1,1,0,3,1,0,4.021778822215765
6643,104.8,33,71,151.5,0.2,33,0,0,0,1,1,0,1,3,4,1.5717821681073523
6644,104.83,40,104,180.3,0.2,40,0,0,0,1,1,0,4,5,3,1.435408144400378
6645,104.84,14,44,55.6,0.2,14,0,0,0,1,1,0,5,2,0,1.6689802982922266
6646,104.84,2,5,3.5,0.2,2,0,0,0,1,1,0,1,1,0,5.1549278954864555
6647,104.86,33,84,147.3,0.2,33,0,0,0,1,1,0,4,4,3,1.4957743068029126
6648,104.87,14,34,57.5,0.2,14,0,0,0,1,1,0,4,2,1,1.7592060190368721
6649,104.87,2,5,8.5,0.2,3,0,0,0,1,1,0,1,1,0,4.157184759807682
6650,104.88,15,43,60.6,0.2,15,0,0,0,1,1,0,5,4,1,1.532348662501989
6651,104.9,31,84,139.2,0.2,31,0,0,0,1,1,0,2,4,4,1.1943912792161917
6652,104.91,18,52,76.7,0.2,18,0,0,0,1,1,0,3,3,1,1.5004285975691138
6653,104.95,48,143,213.9,0.2,48,0,0,0,1,1,0,6,3,8,1.44895017336569
6654,104.95,9,27,35.3,0.2,9,0,0,0,1,1,0,2,1,0,1.663762016112402
6655,104.96,9,23,33.5,0.2,9,0,0,0,1,1,0,4,2,2,1.992872949570866
6656,104.96,7,26,24.2,0.2,7,0,0,0,1,1,0,3,2,2,2.107704252046553
6657,104.99,32,89,139.9,0.2,32,0,0,0,1,1,0,6,3,2,1.3660541192988824
6658,105.01,49,133,223.2,0.2,49,0,0,0,1,1,0,3,3,5,1.3983163864247017
6659,105.02,4,15,11.4,0.2,4,0,0,0,1,1,0,2,1,1,2.692675228294458
6660,105.05,48,153,210.2,0.2,48,0,0,0,1,1,0,9,6,5,1.4935510363668296
6661,105.06,2,5,1.5,0.2,2,0,0,0,1,1,0,3,1,0,5.59143630493418
6662,105.07,21,68,83.9,0.2,21,0,0,0,1,1,0,9,1,3,1.4910120599969923
6663,105.07,1,5,-4.5,0.2,1,0,0,0,1,1,0,4,1,0,5.2407905628208225
6664,105.11,49,143,232.5,0.2,51,0,0,0,0,0,1,7,4,11,1.517123089854194
6665,105.14,49,134,235.2,0.2,51,0,0,0,0,0,1,6,4,3,1.3326403772007798
6666,105.17,47,147,204.7,0.2,47,0,0,0,1,1,0,10,3,6,1.2482685429923581
6667,105.2,31,91,134.4,0.2,31,0,0,0,1,1,0,6,5,5,1.3287695725805582
6668,105.2,6,17,19.2,0.2,6,0,0,0,1,1,0,4,1,1,2.6356771680249214
6669,105.21,14,39,55.8,0.2,14,0,0,0,1,1,0,5,1,3,1.8700721799621987
6670,105.25,49,167,230.7,0.2,51,0,0,0,0,0,1,6,3,15,1.324720794665237
6671,105.27,24,69,111.7,0.2,25,0,0,0,1,1,0,1,3,4,1.3716776426216248
6672,105.28,18,48,72.2,0.2,18,0,0,0,1,1,0,8,3,0,1.448607081822882
6673,105.29,7,17,28.3,0.2,7,0,0,0,1,1,0,0,1,0,2.450117711242519
6674,105.3,20,50,87.0,0.2,20,0,0,0,1,1,0,3,2,0,1.895440002362133
6675,105.33,49,163,231.2,0.2,51,0,0,0,0,0,1,7,3,4,1.6002284551378294
6676,105.34,2,5,4.4,0.2,2,0,0,0,1,1,0,0,1,1,6.238413921966606
6677,105.35,21,64,86.5,0.2,21,0,0,0,1,1,0,7,1,1,1.67179951538014
6678,105.38,45,115,204.3,0.2,45,0,0,0,1,1,0,4,2,2,1.4888050370441104
6679,105.4,39,102,175.5,0.2,39,0,0,0,1,1,0,4,4,3,1.53865770217474
6680,105.42,27,67,119.7,0.2,27,0,0,0,1,1,0,3,2,6,1.4358793563156595
6681,105.45,39,112,172.4,0.2,39,0,0,0,1,1,0,6,3,4,1.4991788152990924
6682,105.48,49,171,232.2,0.2,51,0,0,0,0,0,1,5,3,6,1.5210858484371492
6683,105.52,49,162,232.4,0.2,51,0,0,0,0,0,1,6,4,3,1.4532156330150157
6684,105.52,1,7,-0.8,0.2,1,0,0,0,1,1,0,0,1,1,3.579285807850757
6685,105.55,47,122,213.5,0.2,47,0,0,0,1,1,0,4,3,3,1.4208992428445306
6686,105.56,16,42,75.4,0.2,17,0,0,0,1,1,0,0,2,4,2.022980578072633
6687,105.56,4,5,14.5,0.2,4,0,0,0,1,1,0,0,1,0,5.58425748606383
6688,105.6,49,162,214.3,0.2,49,0,0,0,1,1,0,9,3,5,1.3486164615552487
6689,105.6,2,5,4.5,0.2,2,0,0,0,1,1,0,0,1,0,5.589155063504842
6690,105.63,49,150,233.6,0.2,51,0,0,0,0,0,1,6,1,3,1.6106956720323296
6691,105.64,14,37,64.1,0.2,15,0,0,0,1,1,0,2,2,2,1.5564912298939388
6692,105.65,15,39,66.0,0.2,15,0,0,0,1,1,0,0,2,1,1.3946638295509168
6693,105.66,3,16,7.2,0.2,3,0,0,0,1,1,0,1,1,2,2.0733789444612425
6694,105.66,13,37,53.8,0.2,13,0,0,0,1,1,0,2,1,5,1.5949687845733647
6695,105.68,27,73,119.6,0.2,27,0,0,0,1,1,0,3,1,1,1.5988253915745805
6696,105.69,18,44,79.5,0.2,18,0,0,0,1,1,0,1,2,1,1.6529449706394153
6697,105.7,19,40,83.8,0.2,19,0,0,0,1,1,0,2,2,2,1.7175005095686857
6698,105.71,2,5,4.5,0.2,2,0,0,0,1,1,0,0,1,0,5.383011805724965
6699,105.71,1,5,4.4,0.2,2,0,0,0,1,1,0,0,1,1,4.141262540105754
6700,105.74,49,155,232.3,0.2,51,0,0,0,0,0,1,7,3,1,1.5585204357793898
6701,105.75,4,13,13.7,0.2,4,0,0,0,1,1,0,0,1,0,3.082450756330788
6702,105.78,49,157,236.5,0.2,51,0,0,0,0,0,1,2,3,7,1.5596914565658484
6703,105.78,5,12,18.8,0.2,5,0,0,0,1,1,0,0,1,0,2.7597011912887766
6704,105.79,2,5,1.5,0.2,2,0,0,0,1,1,0,3,1,0,5.865829041855598
6705,105.79,4,9,14.1,0.2,4,0,0,0,1,1,0,0,1,0,3.607201209530956
6706,105.82,39,130,169.4,0.2,39,0,0,0,1,1,0,7,5,6,1.3948578332399866
6707,105.85,49,138,222.7,0.2,49,0,0,0,1,1,0,3,3,5,1.5001086505237717
6708,105.88,44,135,191.1,0.2,44,0,0,0,1,1,0,10,1,4,1.3589570419583534
6709,105.89,2,5,1.5,0.2,2,0,0,0,1,1,0,3,1,0,5.428392166701441
6710,105.91,41,120,185.6,0.2,42,0,0,0,1,1,0,7,4,4,1.4450091283215054
6711,105.94,48,133,218.4,0.2,48,0,0,0,1,1,0,3,3,3,1.4500752679284146
6712,105.97,49,163,213.4,0.2,49,0,0,0,1,1,0,10,3,3,1.3320944797156724
6713,106.01,48,147,212.1,0.2,48,0,0,0,1,1,0,8,3,2,1.5307305920046959
6714,106.03,46,130,207.5,0.2,46,0,0,0,1,1,0,4,5,5,1.3460158549068235
6715,106.03,1,5,-1.6,0.2,1,0,0,0,1,1,0,1,1,1,6.911721761402447
6716,106.06,40,119,179.7,0.2,40,0,0,0,1,1,0,3,2,4,1.439710764704004
6717,106.09,41,114,182.4,0.2,41,0,0,0,1,1,0,6,2,2,1.3256388254155689
6718,106.1,6,16,23.2,0.2,6,0,0,0,1,1,0,0,2,2,2.466097959154629
6719,106.14,49,169,207.6,0.2,49,0,0,0,1,1,0,15,4,5,1.439868584835781
6720,106.15,14,46,57.2,0.2,14,0,0,0,1,1,0,3,1,2,1.6030107294943061
6721,106.17,34,90,151.7,0.2,34,0,0,0,1,1,0,4,1,3,1.4722741988304995
6722,106.18,7,20,26.0,0.2,7,0,0,0,1,1,0,2,1,0,2.2443982470623363
6723,106.2,21,58,91.8,0.2,21,0,0,0,1,1,0,2,3,4,1.4554691041637418
6724,106.2,4,13,11.7,0.2,4,0,0,0,1,1,0,2,1,0,2.379423218976234
6725,106.21,5,14,17.6,0.2,5,0,0,0,1,1,0,1,2,0,2.506758414588126
6726,106.21,2,5,1.5,0.2,2,0,0,0,1,1,0,3,1,0,5.1558387090970275
6727,106.21,2,14,-2.4,0.2,2,0,0,0,1,1,0,6,1,0,2.7787748371778584
6728,106.25,49,150,232.4,0.2,51,0,0,0,0,0,1,7,1,5,1.7109637999487182
6729,106.25,2,8,1.1,0.2,2,0,0,0,1,1,0,3,1,1,3.6540801364919737
6730,106.26,20,53,86.2,0.2,20,0,0,0,1,1,0,3,1,5,1.6158564948675314
6731,106.27,6,18,27.2,0.2,7,0,0,0,1,1,0,1,1,0,2.5295169747593564
6732,106.27,3,5,9.5,0.2,3,0,0,0,1,1,0,0,1,0,4.401823852903728
6733,106.29,32,95,141.0,0.2,32,0,0,0,1,1,0,4,2,5,1.0837028766173489
6734,106.31,20,56,86.2,0.2,20,0,0,0,1,1,0,3,2,2,1.4639293714515358
6735,106.31,2,5,4.4,0.2,2,0,0,0,1,1,0,0,1,1,6.437846383129892
6736,106.35,49,160,233.6,0.2,51,0,0,0,0,0,1,5,5,3,1.3430304050153314
6737,106.37,38,87,172.2,0.2,38,0,0,0,1,1,0,4,2,1,1.5409920346706205
6738,106.41,50,156,227.7,0.2,50,0,0,0,0,0,1,6,2,6,1.209604556144889
6739,106.44,39,142,168.4,0.2,39,0,0,0,1,1,0,7,5,4,1.3585152227315962
6740,106.47,34,100,145.7,0.2,34,0,0,0,1,1,0,9,2,3,1.3436408863278828
6741,106.47,5,15,17.3,0.2,5,0,0,0,1,1,0,1,1,2,2.4919795757659142
6742,106.48,16,32,68.7,0.2,16,0,0,0,1,1,0,3,2,1,2.330146037822688
6743,106.5,43,118,189.9,0.2,43,0,0,0,1,1,0,8,3,3,1.4324837120884606
6744,106.5,3,5,14.4,0.2,4,0,0,0,1,1,0,0,1,1,5.198596073066738
6745,106.52,15,58,59.0,0.2,15,0,0,0,1,1,0,5,3,2,1.5522307324557536
6746,106.54,28,80,122.7,0.2,28,0,0,0,1,1,0,4,1,3,1.5706601956601638
6747,106.54,5,19,16.8,0.2,5,0,0,0,1,1,0,1,1,3,1.936328611702884
6748,106.57,28,78,129.9,0.2,29,0,0,0,1,1,0,2,1,3,1.6105508352112032
6749,106.58,20,66,83.7,0.2,20,0,0,0,1,1,0,4,4,7,1.2542081508517455
6750,106.59,16,46,74.3,0.2,17,0,0,0,1,1,0,1,1,1,1.606081497562665
6751,106.6,12,31,50.9,0.2,12,0,0,0,1,1,0,1,2,0,1.6533324307081239
6752,106.62,38,100,164.9,0.2,38,0,0,0,1,1,0,10,2,1,1.3467426551479098
6753,106.63,10,29,38.0,0.2,10,0,0,0,1,1,0,4,1,1,1.665457484348737
6754,106.63,1,6,-3.6,0.2,1,0,0,0,1,1,0,3,1,0,4.862618890232947
6755,106.66,44,117,196.2,0.2,44,0,0,0,1,1,0,7,6,1,1.4764447508322336
6756,106.68,36,91,159.7,0.2,36,0,0,0,1,1,0,6,3,2,1.4357772181622892
6757,106.71,37,141,153.9,0.2,37,0,0,0,1,1,0,12,3,0,1.3372345081037982
6758,106.71,3,7,9.3,0.2,3,0,0,0,1,1,0,0,1,0,3.6483099540670665
6759,106.74,42,122,192.7,0.2,43,0,0,0,1,1,0,5,2,1,1.4554027377726304
6760,106.74,7,15,26.5,0.2,7,0,0,0,1,1,0,2,2,0,2.542005546450992
6761,106.75,16,31,70.7,0.2,16,0,0,0,1,1,0,1,2,2,2.2784373116934824
6762,106.79,49,141,231.3,0.2,51,0,0,0,0,0,1,9,3,5,1.5279964531350079
6763,106.81,34,90,150.9,0.2,34,0,0,0,1,1,0,5,3,1,1.414055409892295
6764,106.81,2,8,1.2,0.2,2,0,0,0,1,1,0,3,1,0,3.1982784903973522
6765,106.83,30,75,130.4,0.2,30,0,0,0,1,1,0,7,2,1,1.371143687089402
6766,106.83,2,6,4.3,0.2,2,0,0,0,1,1,0,0,1,1,4.232134530837542
6767,106.85,35,91,156.9,0.2,35,0,0,0,1,1,0,4,2,0,1.6064089535232398
6768,106.86,18,41,77.8,0.2,18,0,0,0,1,1,0,3,2,1,1.8061633779080377
6769,106.86,1,5,-3.6,0.2,1,0,0,0,1,1,0,3,1,1,4.938262184428663
6770,106.89,34,112,146.4,0.2,34,0,0,0,1,1,0,7,7,4,1.3526311357071654
6771,106.9,22,52,96.6,0.2,22,0,0,0,1,1,0,3,3,2,1.517102376848488
6772,106.94,49,172,227.0,0.2,51,0,0,0,0,0,1,10,1,7,1.3747005054455237
6773,106.95,18,55,76.3,0.2,18,0,0,0,1,1,0,3,2,2,1.3462938734300385
6774,106.96,14,34,58.5,0.2,14,0,0,0,1,1,0,3,2,1,1.7672835257960136
6775,106.97,14,35,65.5,0.2,15,0,0,0,1,1,0,1,1,0,1.9252416967714803
6776,106.98,17,43,72.4,0.2,17,0,0,0,1,1,0,3,2,3,1.8388401990095504
6777,107.02,49,173,228.8,0.2,51,0,0,0,0,0,1,8,4,8,1.463926918050996
6778,107.05,47,141,206.6,0.2,47,0,0,0,1,1,0,9,3,3,1.3826379801612876
6779,107.06,21,54,95.3,0.2,22,0,0,0,1,1,0,4,1,3,1.511508229870957
6780,107.08,31,83,134.6,0.2,31,0,0,0,1,1,0,7,3,1,1.4195202273766043
6781,107.08,3,7,9.3,0.2,3,0,0,0,1,1,0,0,1,0,4.8805718582816535
6782,107.1,26,54,114.6,0.2,26,0,0,0,1,1,0,5,2,0,1.6861448842377789
6783,107.1,9,21,41.8,0.2,10,0,0,0,1,1,0,1,1,1,2.0090986521029444
6784,107.12,38,108,164.4,0.2,38,0,0,0,1,1,0,9,2,8,1.249255668758407
6785,107.14,20,51,86.6,0.2,20,0,0,0,1,1,0,3,1,3,1.4566935007774444
6786,107.14,6,16,20.4,0.2,6,0,0,0,1,1,0,3,1,0,2.4381007647012574
6787,107.15,16,44,69.4,0.2,16,0,0,0,1,1,0,1,1,2,1.7280865787922925
6788,107.15,2,10,2.8,0.2,2,0,0,0,1,1,0,1,1,2,3.181913536887569
6789,107.16,1,5,-1.6,0.2,1,0,0,0,1,1,0,1,1,1,5.370286869954347
6790,107.17,26,71,112.5,0.2,26,0,0,0,1,1,0,5,4,4,1.3778328638172206
6791,107.19,17,52,69.6,0.2,17,0,0,0,1,1,0,5,3,2,1.6471174383173401
6792,107.19,1,5,-3.5,0.2,1,0,0,0,1,1,0,3,1,0,5.745795569727784
6793,107.2,12,32,49.7,0.2,12,0,0,0,1,1,0,2,1,1,1.893458286639699
6794,107.21,16,51,67.8,0.2,16,0,0,0,1,1,0,2,2,1,1.4915065738480233
6795,107.21,9,24,35.6,0.2,9,0,0,0,1,1,0,2,2,0,2.348909499400661
6796,107.24,37,112,160.6,0.2,37,0,0,0,1,1,0,8,3,2,1.5411421945633774
6797,107.27,49,163,226.9,0.2,51,0,0,0,0,0,1,11,2,7,1.4579689202897999
6798,107.28,3,5,9.5,0.2,3,0,0,0,1,1,0,0,1,0,5.133227909697852
6799,107.28,13,29,52.8,0.2,13,0,0,0,1,1,0,4,1,3,2.11218791936438
6800,107.29,10,35,36.4,0.2,10,0,0,0,1,1,0,5,1,1,1.5986732551724105
6801,107.33,49,163,231.1,0.2,51,0,0,0,0,0,1,7,6,5,1.431265141641594
6802,107.35,33,101,142.8,0.2,33,0,0,0,1,1,0,7,3,1,1.5290753154237162
6803,107.36,7,17,26.1,0.2,7,0,0,0,1,1,0,2,1,2,2.996773582260494
6804,107.39,49,146,235.2,0.2,51,0,0,0,0,0,1,5,3,1,1.4377559177618915
6805,107.43,49,143,235.9,0.2,51,0,0,0,0,0,1,4,4,7,1.4499936123690904
6806,107.43,1,5,-0.6,0.2,1,0,0,0,1,1,0,0,1,1,4.94084269516365
6807,107.45,40,98,179.7,0.2,40,0,0,0,1,1,0,5,3,5,1.696089523548888
6808,107.46,14,35,57.3,0.2,14,0,0,0,1,1,0,4,1,2,1.7731895021180282
6809,107.47,18,39,79.1,0.2,18,0,0,0,1,1,0,2,1,0,1.4700761264639048
6810,107.51,49,155,232.1,0.2,51,0,0,0,0,0,1,7,6,3,1.4201411610960892
6811,107.52,24,60,105.8,0.2,24,0,0,0,1,1,0,3,2,2,1.492908590894054
6812,107.54,32,83,143.2,0.2,32,0,0,0,1,1,0,3,3,5,1.3585376039849326
6813,107.55,14,46,56.0,0.2,14,0,0,0,1,1,0,4,3,4,1.5249873627724766
6814,107.56,4,18,12.2,0.2,4,0,0,0,1,1,0,1,2,0,2.4041398514936785
6815,107.57,17,39,80.0,0.2,18,0,0,0,1,1,0,1,1,1,1.971214357967583
6816,107.58,18,56,76.4,0.2,18,0,0,0,1,1,0,3,3,0,1.6299015387303462
6817,107.61,49,149,224.0,0.2,50,0,0,0,1,1,0,6,1,1,1.5896746132283253
6818,107.61,2,5,1.5,0.2,2,0,0,0,1,1,0,3,1,0,6.208597981827547
6819,107.65,45,152,191.6,0.2,45,0,0,0,1,1,0,13,5,2,1.3277098127597118
6820,107.67,33,104,142.3,0.2,33,0,0,0,1,1,0,7,5,3,1.530853815561432
6821,107.69,22,57,96.2,0.2,22,0,0,0,1,1,0,3,4,1,1.5636288248550485
6822,107.71,35,84,156.5,0.2,35,0,0,0,1,1,0,5,3,1,1.621233842817959
6823,107.73,25,67,110.1,0.2,25,0,0,0,1,1,0,3,3,2,1.6939451024879788
6824,107.73,17,36,73.4,0.2,17,0,0,0,1,1,0,3,1,0,1.8852792314199054
6825,107.74,2,7,4.3,0.2,2,0,0,0,1,1,0,0,1,0,3.920480378194835
6826,107.74,10,30,41.9,0.2,10,0,0,0,1,1,0,0,1,1,1.7910063004728822
6827,107.76,26,74,115.4,0.2,26,0,0,0,1,1,0,2,2,2,1.7851492014550874
6828,107.77,2,11,2.8,0.2,2,0,0,0,1,1,0,1,1,1,3.4649565645751577
6829,107.77,1,8,-1.8,0.2,1,0,0,0,1,1,0,1,1,0,3.686208922261792
6830,107.78,22,59,98.8,0.2,22,0,0,0,1,1,0,0,2,3,1.3890747060877098
6831,107.79,2,5,1.5,0.2,2,0,0,0,1,1,0,3,1,0,5.6948851342559506
6832,107.79,8,19,32.0,0.2,8,0,0,0,1,1,0,1,2,1,2.588281994250331
6833,107.8,10,37,43.3,0.2,11,0,0,0,1,1,0,3,3,0,1.658454339386967
6834,107.83,49,139,236.7,0.2,51,0,0,0,0,0,1,4,3,3,1.5928493400181107
6835,107.84,12,23,52.7,0.2,12,0,0,0,1,1,0,0,3,0,2.2317241151090284
6836,107.87,44,123,196.5,0.2,44,0,0,0,1,1,0,6,2,2,1.4912710501251456
6837,107.87,7,25,30.5,0.2,8,0,0,0,1,1,0,2,2,0,1.9174238334232074
6838,107.9,41,104,187.5,0.2,41,0,0,0,1,1,0,2,1,1,1.5561975595481088
6839,107.9,5,14,16.6,0.2,5,0,0,0,1,1,0,2,1,0,2.4928058147734973
6840,107.94,49,151,232.1,0.2,51,0,0,0,0,0,1,7,4,7,1.4263118658120977
6841,107.95,32,80,141.9,0.2,32,0,0,0,1,1,0,5,2,1,1.4998717728221191
6842,107.97,22,70,92.8,0.2,22,0,0,0,1,1,0,5,1,2,1.6020251398173149
6843,108.01,49,182,213.5,0.2,49,0,0,0,1,1,0,8,5,3,1.3931996437568401
6844,108.05,47,164,197.1,0.2,47,0,0,0,1,1,0,16,3,5,1.2844080735855048
6845,108.05,10,21,42.9,0.2,10,0,0,0,1,1,0,0,1,0,2.649656633716776
6846,108.09,44,144,188.9,0.2,44,0,0,0,1,1,0,11,3,7,1.5679684919158905
6847,108.11,34,80,152.7,0.2,34,0,0,0,1,1,0,4,1,3,1.6448245107716737
6848,108.11,10,32,38.7,0.2,10,0,0,0,1,1,0,3,1,1,1.7940734704693173
6849,108.14,31,84,138.2,0.2,31,0,0,0,1,1,0,3,1,4,1.9113834954047737
6850,108.14,6,14,21.6,0.2,6,0,0,0,1,1,0,2,1,0,2.3211036958607627
6851,108.16,26,79,109.8,0.2,26,0,0,0,1,1,0,7,3,3,1.338374879230883
6852,108.2,50,173,219.1,0.2,50,0,0,0,1,1,0,8,4,6,1.415091017811349
6853,108.24,50,176,225.0,0.2,50,0,0,0,0,0,1,7,3,3,1.6134219020692322
6854,108.25,21,48,92.2,0.2,21,0,0,0,1,1,0,3,1,0,1.9372558061316767
6855,108.25,12,33,49.7,0.2,12,0,0,0,1,1,0,2,1,0,1.6895764997035356
6856,108.29,45,141,197.2,0.2,45,0,0,0,1,1,0,8,1,7,1.237859351624435
6857,108.31,41,109,185.8,0.2,41,0,0,0,1,1,0,3,3,3,1.4263986598134968
6858,108.31,2,8,8.2,0.2,3,0,0,0,1,1,0,1,1,0,3.678217323710742
6859,108.31,2,5,4.5,0.2,2,0,0,0,1,1,0,0,1,0,5.104422993483981
6860,108.34,37,106,164.0,0.2,37,0,0,0,1,1,0,5,3,4,1.2601202120210575
6861,108.36,25,71,106.8,0.2,25,0,0,0,1,1,0,6,3,1,1.502907284770949
6862,108.37,22,49,96.9,0.2,22,0,0,0,1,1,0,3,1,2,1.43091018207639
6863,108.4,49,141,236.5,0.2,51,0,0,0,0,0,1,4,2,3,1.624622498559484
6864,108.42,31,81,139.7,0.2,31,0,0,0,1,1,0,2,2,2,1.667970682753013
6865,108.45,49,135,219.8,0.2,49,0,0,0,1,1,0,6,6,7,1.3436545249483558
6866,108.48,47,141,209.4,0.2,47,0,0,0,1,1,0,6,3,5,1.4877203850579144
6867,108.51,44,128,194.5,0.2,44,0,0,0,1,1,0,7,3,7,1.4136606028841414
6868,108.53,34,117,142.2,0.2,34,0,0,0,1,1,0,11,5,1,1.479171334104881
6869,108.54,1,10,-3.0,0.2,1,0,0,0,1,1,0,2,1,0,3.2577920915426297
6870,108.55,14,37,60.2,0.2,14,0,0,0,1,1,0,1,3,1,1.8232804169702015
6871,108.55,2,13,-0.5,0.2,2,0,0,0,1,1,0,4,1,2,2.44910583639487
6872,108.56,4,15,11.5,0.2,4,0,0,0,1,1,0,2,1,0,2.081266640122788
6873,108.56,2,5,1.5,0.2,2,0,0,0,1,1,0,3,1,0,6.292917780731768
6874,108.57,24,59,102.6,0.2,24,0,0,0,1,1,0,6,1,5,1.8640952269177413
6875,108.58,8,22,28.7,0.2,8,0,0,0,1,1,0,4,1,1,2.9926933856087627
6876,108.58,5,14,18.3,0.2,5,0,0,0,1,1,0,0,1,3,2.164474315242792
6877,108.59,17,39,74.1,0.2,17,0,0,0,1,1,0,2,1,0,1.5578279296904607
6878,108.62,40,118,177.0,0.2,40,0,0,0,1,1,0,6,3,2,1.475055133498297
6879,108.62,7,15,31.5,0.2,8,0,0,0,1,1,0,2,1,0,2.5992225347565285
6880,108.67,49,196,228.6,0.2,51,0,0,0,0,0,1,6,6,7,1.4326478026930802
6881,108.68,16,34,71.5,0.2,16,0,0,0,1,1,0,0,2,1,1.9462064062006164
6882,108.69,13,41,49.9,0.2,13,0,0,0,1,1,0,6,1,0,1.4920203471021232
6883,108.7,22,55,95.3,0.2,22,0,0,0,1,1,0,4,5,2,1.7291906703556166
6884,108.73,49,159,212.6,0.2,49,0,0,0,1,1,0,11,2,5,1.5684259250832946
6885,108.75,32,87,138.0,0.2,32,0,0,0,1,1,0,8,2,3,1.5325317344950857
6886,108.76,13,29,51.1,0.2,13,0,0,0,1,1,0,6,2,0,2.3850751612696652
6887,108.79,49,129,223.4,0.2,49,0,0,0,1,1,0,3,3,7,1.483374086580587
6888,108.81,34,99,149.9,0.2,34,0,0,0,1,1,0,5,2,2,1.4654110123568231
6889,108.81,5,17,15.3,0.2,5,0,0,0,1,1,0,3,1,0,2.1414263570242875
6890,108.83,27,74,116.3,0.2,27,0,0,0,1,1,0,6,3,3,1.3202228924650476
6891,108.87,49,171,232.5,0.2,51,0,0,0,0,0,1,5,1,3,1.5781641654189202
6892,108.89,23,58,100.9,0.2,23,0,0,0,1,1,0,3,2,3,1.5740361673969196
6893,108.92,47,140,211.7,0.2,47,0,0,0,1,1,0,4,6,3,1.4117943277619696
6894,108.93,11,29,44.1,0.2,11,0,0,0,1,1,0,3,1,0,1.9738110904990287
6895,108.94,24,56,108.3,0.2,24,0,0,0,1,1,0,1,2,1,1.5860472899393976
6896,108.96,25,72,108.5,0.2,25,0,0,0,1,1,0,4,3,3,1.454316060243559
6897,108.98,39,107,173.8,0.2,39,0,0,0,1,1,0,5,3,5,1.595641939059425
6898,109.0,27,55,123.4,0.2,27,0,0,0,1,1,0,1,2,1,1.7963919341463048
6899,109.01,28,68,121.2,0.2,28,0,0,0,1,1,0,7,3,0,1.605120928380133
6900,109.02,7,15,28.5,0.2,7,0,0,0,1,1,0,0,2,0,2.7082514322234545
6901,109.03,17,51,75.5,0.2,18,0,0,0,1,1,0,4,2,4,1.4921117513853979
6902,109.04,12,29,48.1,0.2,12,0,0,0,1,1,0,4,2,0,1.9734627166956664
6903,109.07,45,123,202.3,0.2,45,0,0,0,1,1,0,5,6,4,1.6865168656184542
6904,109.1,49,160,230.7,0.2,51,0,0,0,0,0,1,8,1,2,1.513973680829154
6905,109.13,46,130,214.9,0.2,47,0,0,0,1,1,0,2,6,1,1.5663869318769645
6906,109.14,30,72,134.6,0.2,30,0,0,0,1,1,0,3,2,2,1.2727155496131088
6907,109.17,33,102,143.2,0.2,33,0,0,0,1,1,0,6,1,6,1.3760639666273806
6908,109.18,29,77,129.0,0.2,29,0,0,0,1,1,0,3,2,3,1.7249060033466694
6909,109.2,32,81,139.6,0.2,32,0,0,0,1,1,0,7,2,3,1.4944764641803814
6910,109.21,5,17,14.2,0.2,5,0,0,0,1,1,0,4,1,1,1.8223577628232641
6911,109.23,38,100,166.6,0.2,38,0,0,0,1,1,0,8,3,4,1.5542029840491585
6912,109.26,47,149,207.5,0.2,47,0,0,0,1,1,0,7,4,6,1.4990960047419155
6913,109.27,6,22,26.7,0.2,7,0,0,0,1,1,0,1,1,1,2.0859280553160713
6914,109.27,3,5,9.5,0.2,3,0,0,0,1,1,0,0,1,0,5.204588076977636
6915,109.29,29,79,128.7,0.2,29,0,0,0,1,1,0,3,4,4,1.3314773299060552
6916,109.31,34,93,151.5,0.2,34,0,0,0,1,1,0,4,1,2,1.4475481873703417
6917,109.35,49,179,216.5,0.2,49,0,0,0,1,1,0,5,4,6,1.4157544615126787
6918,109.37,36,96,163.6,0.2,36,0,0,0,1,1,0,1,2,8,1.5974875430339008
6919,109.38,5,17,17.2,0.2,5,0,0,0,1,1,0,1,1,1,2.2197028755388355
6920,109.41,46,143,203.0,0.2,46,0,0,0,1,1,0,7,5,7,1.4041706537923742
6921,109.41,9,29,33.1,0.2,9,0,0,0,1,1,0,4,2,0,1.8070206344619815
6922,109.46,49,179,230.2,0.2,51,0,0,0,0,0,1,6,5,8,1.3050439456581624
6923,109.47,15,42,62.5,0.2,15,0,0,0,1,1,0,3,2,3,1.564291637062607
6924,109.49,33,84,151.5,0.2,33,0,0,0,1,1,0,0,3,1,1.509779429194507
6925,109.49,2,5,3.5,0.2,2,0,0,0,1,1,0,1,1,0,4.783157839711242
6926,109.52,47,143,210.2,0.2,47,0,0,0,1,1,0,5,3,5,1.4605236024626809
6927,109.53,14,43,57.4,0.2,14,0,0,0,1,1,0,3,1,3,1.7593417460581973
6928,109.57,49,164,212.1,0.2,49,0,0,0,1,1,0,11,5,5,1.5031756176362185
6929,109.57,5,20,15.7,0.2,5,0,0,0,1,1,0,2,1,3,1.846912906669519
6930,109.58,9,24,34.5,0.2,9,0,0,0,1,1,0,3,1,1,2.1137569330584935
6931,109.58,3,6,8.4,0.2,3,0,0,0,1,1,0,1,1,0,3.9944238396275034
6932,109.59,14,48,57.0,0.2,14,0,0,0,1,1,0,3,2,2,1.6486721200422452
6933,109.63,49,150,230.5,0.2,51,0,0,0,0,0,1,9,2,4,1.7258186580870571
6934,109.63,4,13,13.7,0.2,4,0,0,0,1,1,0,0,1,0,3.1218577363664415
6935,109.63,3,5,9.5,0.2,3,0,0,0,1,1,0,0,1,0,4.872070599065027
6936,109.65,38,98,171.9,0.2,38,0,0,0,1,1,0,3,2,3,1.4499821332275322
6937,109.66,10,25,41.5,0.2,10,0,0,0,1,1,0,1,2,0,1.9937888093478555
6938,109.69,43,130,191.6,0.2,43,0,0,0,1,1,0,5,3,4,1.302233446887094
6939,109.69,3,6,8.4,0.2,3,0,0,0,1,1,0,1,1,0,3.708701857704067
6940,109.7,5,20,20.8,0.2,6,0,0,0,1,1,0,2,1,2,1.8552365444968355
6941,109.74,49,182,224.2,0.2,51,0,0,0,0,0,1,12,4,5,1.2296943019650501
6942,109.74,2,5,1.5,0.2,2,0,0,0,1,1,0,3,1,0,5.562954434216735
6943,109.76,31,80,138.8,0.2,31,0,0,0,1,1,0,3,3,2,1.7363215590860848
6944,109.76,14,29,59.0,0.2,14,0,0,0,1,1,0,3,2,1,2.0779202811871755
6945,109.77,15,39,62.9,0.2,15,0,0,0,1,1,0,3,1,2,1.8204898333516717
6946,109.78,19,52,87.5,0.2,20,0,0,0,1,1,0,2,1,3,1.432612052662983
6947,109.79,17,44,73.4,0.2,17,0,0,0,1,1,0,2,2,2,1.7026421543436725
6948,109.81,27,64,120.4,0.2,27,0,0,0,1,1,0,3,3,2,1.473131837493931
6949,109.84,43,147,183.9,0.2,43,0,0,0,1,1,0,11,3,4,1.4121231700683436
6950,109.85,4,14,11.5,0.2,4,0,0,0,1,1,0,2,1,1,2.6013816788005086
6951,109.86,9,31,31.8,0.2,9,0,0,0,1,1,0,5,2,1,1.7416959498961273
6952,109.86,3,11,6.9,0.2,3,0,0,0,1,1,0,2,1,0,2.89557309995259
6953,109.86,1,7,4.2,0.2,2,0,0,0,1,1,0,0,1,1,3.326955155930097
6954,109.87,12,31,47.9,0.2,12,0,0,0,1,1,0,4,2,0,2.0031686843825582
6955,109.89,31,68,138.1,0.2,31,0,0,0,1,1,0,5,4,1,1.4605530426384192
6956,109.89,9,23,36.6,0.2,9,0,0,0,1,1,0,1,1,1,1.9146524853165041
6957,109.9,14,39,58.9,0.2,14,0,0,0,1,1,0,2,1,2,1.793104945731303
6958,109.92,32,80,144.7,0.2,32,0,0,0,1,1,0,2,3,3,1.7983982592753285
6959,109.95,48,142,210.2,0.2,48,0,0,0,1,1,0,10,5,6,1.3590330943032873
6960,109.97,31,78,134.9,0.2,31,0,0,0,1,1,0,7,2,3,1.4149783741735298
6961,109.99,31,87,139.1,0.2,31,0,0,0,1,1,0,2,1,2,1.544906759062571
6962,110.0,14,45,55.1,0.2,14,0,0,0,1,1,0,5,1,4,1.705577676123519
6963,110.03,50,158,228.8,0.2,50,0,0,0,0,0,1,5,3,3,1.3196122869789735
6964,110.05,11,39,42.1,0.2,11,0,0,0,1,1,0,4,2,0,1.5964227144426932
6965,110.06,18,43,77.5,0.2,18,0,0,0,1,1,0,3,1,2,1.7841926848898113
6966,110.06,5,17,18.1,0.2,5,0,0,0,1,1,0,0,1,2,1.9303363307156232
6967,110.09,41,105,183.4,0.2,41,0,0,0,1,1,0,6,5,1,1.6289736470791758
6968,110.11,38,123,163.4,0.2,38,0,0,0,1,1,0,9,4,3,1.5677005651148745
6969,110.13,38,103,170.5,0.2,38,0,0,0,1,1,0,4,2,2,1.5571699023904992
6970,110.14,5,14,15.6,0.2,5,0,0,0,1,1,0,3,1,0,2.6871162494448595
6971,110.14,3,5,9.5,0.2,3,0,0,0,1,1,0,0,1,0,4.787356175783474
6972,110.17,49,135,233.7,0.2,51,0,0,0,0,0,1,7,2,7,1.5734697969895513
6973,110.21,44,145,192.3,0.2,44,0,0,0,1,1,0,8,3,2,1.4695326791901528
6974,110.23,32,82,136.6,0.2,32,0,0,0,1,1,0,10,1,2,1.4089089195456959
6975,110.26,49,160,215.6,0.2,49,0,0,0,1,1,0,8,5,4,1.3566134194268316
6976,110.29,42,123,187.4,0.2,42,0,0,0,1,1,0,5,4,3,1.5728497828245287
6977,110.29,8,20,33.0,0.2,8,0,0,0,1,1,0,0,1,0,2.2144002572328096
6978,110.31,31,79,135.8,0.2,31,0,0,0,1,1,0,6,1,3,1.7637974031232977
6979,110.32,15,38,65.1,0.2,15,0,0,0,1,1,0,1,1,1,1.9315784643453027
6980,110.33,6,19,21.0,0.2,6,0,0,0,1,1,0,2,1,1,2.328814459181365
6981,110.34,16,45,66.3,0.2,16,0,0,0,1,1,0,4,2,2,1.4785751890745127
6982,110.35,11,42,41.7,0.2,11,0,0,0,1,1,0,4,2,1,1.43862706680064
6983,110.36,29,77,128.9,0.2,29,0,0,0,1,1,0,3,2,4,1.3231645922069915
6984,110.38,33,90,147.7,0.2,33,0,0,0,1,1,0,3,2,3,1.4688314459559495
6985,110.4,35,91,149.6,0.2,35,0,0,0,1,1,0,11,2,3,1.5392201803984915
6986,110.41,14,23,65.6,0.2,15,0,0,0,1,1,0,2,1,1,2.4504909425014163
6987,110.42,24,59,103.9,0.2,24,0,0,0,1,1,0,5,1,2,1.5296216073294437
6988,110.44,34,95,152.3,0.2,34,0,0,0,1,1,0,3,2,2,1.4223289657271347
6989,110.45,8,17,33.1,0.2,8,0,0,0,1,1,0,0,1,2,2.581056933079834
6990,110.45,5,14,14.6,0.2,5,0,0,0,1,1,0,4,1,0,2.610068091212835
6991,110.47,27,84,120.1,0.2,27,0,0,0,1,1,0,1,2,5,1.3441739391592702
6992,110.5,49,136,240.1,0.2,51,0,0,0,0,0,1,1,2,2,1.7119128471442175
6993,110.53,48,136,218.2,0.2,48,0,0,0,1,1,0,3,6,2,1.509834875500682
6994,110.54,18,62,74.7,0.2,18,0,0,0,1,1,0,4,2,1,1.9159044509550829
6995,110.56,29,70,128.8,0.2,29,0,0,0,1,1,0,4,2,2,1.5700711759496466
6996,110.58,25,68,114.7,0.2,26,0,0,0,1,1,0,3,1,5,1.515080786539874
6997,110.59,11,42,44.5,0.2,11,0,0,0,1,1,0,1,2,3,1.7881115454520706
6998,110.59,2,5,2.4,0.2,2,0,0,0,1,1,0,2,1,1,4.533078509878681
6999,110.59,8,26,29.3,0.2,8,0,0,0,1,1,0,3,1,1,1.9614451310561651
7000,110.6,3,5,14.4,0.2,4,0,0,0,1,1,0,0,1,1,5.53189992026113
7001,110.6,6,16,19.4,0.2,6,0,0,0,1,1,0,4,1,0,2.5864115858491683
7002,110.62,31,93,138.1,0.2,31,0,0,0,1,1,0,2,1,6,1.3782982446300178
7003,110.64,32,77,142.2,0.2,32,0,0,0,1,1,0,5,4,1,1.7648842336280965
7004,110.66,30,89,129.9,0.2,30,0,0,0,1,1,0,6,3,2,1.3305530808166384
7005,110.66,6,19,22.1,0.2,6,0,0,0,1,1,0,1,2,0,1.9278276630000766
7006,110.69,48,144,220.1,0.2,49,0,0,0,1,1,0,5,3,5,1.4746633775065785
7007,110.72,49,161,232.0,0.2,51,0,0,0,0,0,1,6,3,8,1.5003952175699191
7008,110.75,49,151,231.3,0.2,51,0,0,0,0,0,1,8,2,5,1.726928464190706
7009,110.76,10,38,39.9,0.2,10,0,0,0,1,1,0,1,2,3,1.521163322788348
7010,110.8,49,175,233.0,0.2,51,0,0,0,0,0,1,4,5,4,1.3977363758460302
7011,110.8,7,14,26.6,0.2,7,0,0,0,1,1,0,2,1,0,3.2118805046828274
7012,110.82,22,57,96.0,0.2,22,0,0,0,1,1,0,3,3,3,1.6116037121351074
7013,110.83,23,78,99.0,0.2,23,0,0,0,1,1,0,3,2,2,1.3511033470837976
7014,110.86,46,144,203.4,0.2,46,0,0,0,1,1,0,7,4,2,1.3509677508411628
7015,110.87,17,48,75.2,0.2,18,0,0,0,1,1,0,5,2,0,1.489000832267834
7016,110.88,9,29,33.1,0.2,9,0,0,0,1,1,0,4,3,0,1.7832573675974146
7017,110.88,0,6,-8.6,0.2,0,0,0,0,1,1,0,3,1,0,4.060880142281726
7018,110.89,8,24,30.6,0.2,8,0,0,0,1,1,0,2,2,0,2.0740610803853152
7019,110.9,8,20,33.0,0.2,8,0,0,0,1,1,0,0,1,0,2.2118072429376587
7020,110.91,25,63,112.3,0.2,26,0,0,0,1,1,0,6,1,4,1.468511120405891
7021,110.92,20,53,89.5,0.2,20,0,0,0,1,1,0,0,1,2,1.5856476389371217
7022,110.93,7,22,24.8,0.2,7,0,0,0,1,1,0,3,2,0,2.133941897264609
7023,110.95,35,85,156.4,0.2,35,0,0,0,1,1,0,5,2,1,1.523349291129088
7024,110.97,37,101,167.4,0.2,37,0,0,0,1,1,0,2,3,5,1.4323802742089582
7025,110.98,13,41,52.8,0.2,13,0,0,0,1,1,0,3,2,1,1.9246064638518843
7026,111.0,50,127,231.2,0.2,50,0,0,0,0,0,1,6,2,0,1.3591708466879102
7027,111.03,36,104,158.3,0.2,36,0,0,0,1,1,0,6,4,3,1.481940186577648
7028,111.06,49,142,233.2,0.2,51,0,0,0,0,0,1,7,1,5,1.4908703062502369
7029,111.08,30,74,131.1,0.2,30,0,0,0,1,1,0,6,1,5,1.5044389168719876
7030,111.08,1,5,3.5,0.2,2,0,0,0,1,1,0,1,1,0,4.874813452315207
7031,111.08,1,5,3.5,0.2,2,0,0,0,1,1,0,1,1,0,4.608072052940053
7032,111.08,2,14,-0.4,0.2,2,0,0,0,1,1,0,4,1,0,3.056929163370241
7033,111.09,12,33,49.7,0.2,12,0,0,0,1,1,0,2,2,0,2.0847162701216346
7034,111.12,50,146,223.7,0.2,50,0,0,0,1,1,0,6,2,7,1.2854208552121174
7035,111.15,43,131,190.6,0.2,43,0,0,0,1,1,0,6,5,3,1.4022412510501
7036,111.17,46,129,206.9,0.2,47,0,0,0,1,1,0,10,2,2,1.3871782488025564
7037,111.18,6,25,21.3,0.2,6,0,0,0,1,1,0,1,2,2,1.7499272614184562
7038,111.18,2,5,8.5,0.2,3,0,0,0,1,1,0,1,1,0,4.754182064162363
7039,111.19,17,42,70.7,0.2,17,0,0,0,1,1,0,5,2,1,1.8761303129399725
7040,111.21,41,111,180.6,0.2,41,0,0,0,1,1,0,8,3,3,1.3894665676940576
7041,111.23,37,89,165.7,0.2,37,0,0,0,1,1,0,5,3,4,1.7548663832137745
7042,111.25,44,125,197.0,0.2,44,0,0,0,1,1,0,5,3,5,1.3677625326096488
7043,111.26,2,5,4.4,0.2,2,0,0,0,1,1,0,0,1,1,5.936414021479871
7044,111.27,19,54,79.1,0.2,19,0,0,0,1,1,0,5,3,5,1.4338287566382644
7045,111.27,2,10,3.0,0.2,2,0,0,0,1,1,0,1,1,0,2.439671480857483
7046,111.29,30,80,133.0,0.2,30,0,0,0,1,1,0,4,2,0,1.5215873731907532
7047,111.3,12,45,52.3,0.2,13,0,0,0,1,1,0,3,2,2,1.4938540837895955
7048,111.31,15,43,67.7,0.2,16,0,0,0,1,1,0,3,3,0,1.8598823872463557
7049,111.31,4,12,18.6,0.2,5,0,0,0,1,1,0,0,1,2,2.798651606076295
7050,111.34,40,114,180.2,0.2,40,0,0,0,1,1,0,3,5,4,1.529402551878082
7051,111.34,4,15,15.5,0.2,5,0,0,0,1,1,0,3,2,0,2.479198612044857
7052,111.37,49,161,231.1,0.2,51,0,0,0,0,0,1,7,2,7,1.4131901922198944
7053,111.4,49,154,235.0,0.2,51,0,0,0,0,0,1,4,3,5,1.4593969415256685
7054,111.41,7,21,28.8,0.2,8,0,0,0,1,1,0,4,1,1,2.4406921224663667
7055,111.42,16,35,68.3,0.2,16,0,0,0,1,1,0,3,1,2,2.137212978261145
7056,111.43,20,52,86.6,0.2,20,0,0,0,1,1,0,3,1,2,1.7657838783250013
7057,111.43,12,32,48.5,0.2,12,0,0,0,1,1,0,3,1,3,1.839627135997071
7058,111.45,23,68,105.0,0.2,24,0,0,0,1,1,0,3,3,2,1.3023086675252036
7059,111.48,49,154,215.9,0.2,49,0,0,0,1,1,0,8,3,7,1.266138862349906
7060,111.48,2,5,1.5,0.2,2,0,0,0,1,1,0,3,1,0,5.10003800690243
7061,111.52,49,146,230.8,0.2,51,0,0,0,0,0,1,9,4,5,1.4948453442574434
7062,111.53,20,72,78.7,0.2,20,0,0,0,1,1,0,9,3,1,1.7417948985196772
7063,111.54,14,39,60.9,0.2,14,0,0,0,1,1,0,0,2,2,1.822393790990454
7064,111.57,49,154,236.3,0.2,51,0,0,0,0,0,1,3,3,2,1.5271625456364106
7065,111.58,17,44,71.5,0.2,17,0,0,0,1,1,0,4,1,1,1.803742652270065
7066,111.58,2,14,3.6,0.2,2,0,0,0,1,1,0,0,2,0,2.836953662350377
7067,111.6,30,70,131.9,0.2,30,0,0,0,1,1,0,6,4,1,1.3656333465317545
7068,111.61,8,22,29.6,0.2,8,0,0,0,1,1,0,3,1,2,2.0692902897677583
7069,111.62,32,73,143.2,0.2,32,0,0,0,1,1,0,4,3,5,1.523839828631606
7070,111.62,4,9,13.0,0.2,4,0,0,0,1,1,0,1,1,1,2.858845425363629
7071,111.64,29,68,128.9,0.2,29,0,0,0,1,1,0,4,1,3,1.6699869469960076
7072,111.67,49,146,234.8,0.2,51,0,0,0,0,0,1,5,3,5,1.5902998186956865
7073,111.67,2,9,3.0,0.2,2,0,0,0,1,1,0,1,1,1,2.8788564339215768
7074,111.67,8,15,32.5,0.2,8,0,0,0,1,1,0,1,1,0,2.477795495796814
7075,111.68,0,6,-8.6,0.2,0,0,0,0,1,1,0,3,1,0,4.332560085828558
7076,111.68,7,15,25.5,0.2,7,0,0,0,1,1,0,3,1,0,3.1046399684976667
7077,111.69,21,56,88.2,0.2,21,0,0,0,1,1,0,6,3,2,1.4007088402216366
7078,111.7,1,5,-0.6,0.2,1,0,0,0,1,1,0,0,1,1,4.4528043758496185
7079,111.71,36,83,167.6,0.2,37,0,0,0,1,1,0,4,1,1,1.672229635524065
7080,111.72,2,6,4.3,0.2,2,0,0,0,1,1,0,0,1,1,4.330730419404993
7081,111.72,11,30,44.8,0.2,11,0,0,0,1,1,0,2,2,2,1.7458721028901711
7082,111.72,2,5,1.5,0.2,2,0,0,0,1,1,0,3,1,0,5.595096218215477
7083,111.73,6,22,22.7,0.2,6,0,0,0,1,1,0,0,1,1,1.6523333254797556
7084,111.76,49,171,231.1,0.2,51,0,0,0,0,0,1,6,3,7,1.5464271209020586
7085,111.79,49,150,233.4,0.2,51,0,0,0,0,0,1,6,3,5,1.4854730765177462
7086,111.81,41,100,185.9,0.2,41,0,0,0,1,1,0,4,1,1,1.5724213590950746
7087,111.83,21,65,91.9,0.2,21,0,0,0,1,1,0,1,1,6,1.6204664846511483
7088,111.84,6,20,21.8,0.2,6,0,0,0,1,1,0,1,1,2,2.1417331102118773
7089,111.85,23,54,100.4,0.2,23,0,0,0,1,1,0,4,2,2,1.7732295672372431
7090,111.87,33,92,145.7,0.2,33,0,0,0,1,1,0,5,2,1,1.4023843936304883
7091,111.88,17,44,72.2,0.2,17,0,0,0,1,1,0,3,1,4,1.5909809455651969
7092,111.91,49,157,231.6,0.2,51,0,0,0,0,0,1,7,6,6,1.3711523081065071
7093,111.94,50,152,227.1,0.2,50,0,0,0,0,0,1,7,4,6,1.4224570512935975
7094,111.94,2,5,4.5,0.2,2,0,0,0,1,1,0,0,1,0,5.397904863092584
7095,111.95,5,14,18.5,0.2,5,0,0,0,1,1,0,0,1,1,2.261334794480348
7096,111.95,6,17,23.1,0.2,6,0,0,0,1,1,0,0,1,2,2.0609122316306387
7097,111.96,7,27,23.3,0.2,7,0,0,0,1,1,0,4,1,0,1.8836793054560312
7098,111.99,50,170,225.6,0.2,50,0,0,0,0,0,1,7,2,3,1.6191710885628172
7099,112.02,49,156,222.0,0.2,49,0,0,0,1,1,0,2,2,4,1.3765536645945768
7100,112.06,49,148,230.9,0.2,51,0,0,0,0,0,1,9,2,2,1.4137126869448928
7101,112.07,27,59,121.6,0.2,27,0,0,0,1,1,0,2,2,5,1.8293484668017075
7102,112.07,2,5,1.5,0.2,2,0,0,0,1,1,0,3,1,0,5.576834956714864
7103,112.08,7,22,25.7,0.2,7,0,0,0,1,1,0,2,1,1,1.912879389973523
7104,112.09,12,48,47.9,0.2,12,0,0,0,1,1,0,2,1,3,1.1846739685350416
7105,112.1,15,44,62.4,0.2,15,0,0,0,1,1,0,3,1,2,1.6661862336532272
7106,112.12,37,84,171.4,0.2,37,0,0,0,1,1,0,0,3,2,1.7380435056585675
7107,112.12,2,5,2.5,0.2,2,0,0,0,1,1,0,2,1,0,5.349522234284704
7108,112.14,36,107,156.1,0.2,36,0,0,0,1,1,0,8,1,2,1.3271261124846996
7109,112.16,36,98,159.8,0.2,36,0,0,0,1,1,0,5,2,4,1.5279888415197753
7110,112.18,25,62,108.7,0.2,25,0,0,0,1,1,0,5,2,1,1.6839733315316403
7111,112.2,37,110,159.9,0.2,37,0,0,0,1,1,0,9,5,1,1.2680306195827078
7112,112.23,49,143,237.2,0.2,51,0,0,0,0,0,1,3,5,4,1.4191476601797832
7113,112.23,10,17,42.3,0.2,10,0,0,0,1,1,0,1,1,0,3.0587535299573743
7114,112.25,22,66,94.2,0.2,22,0,0,0,1,1,0,4,2,2,1.503074660082935
7115,112.27,34,101,147.4,0.2,34,0,0,0,1,1,0,7,2,5,1.4721841619373912
7116,112.29,37,109,160.8,0.2,37,0,0,0,1,1,0,8,4,3,1.2022914881302382
7117,112.31,34,101,151.5,0.2,34,0,0,0,1,1,0,3,4,4,1.4035007001421604
7118,112.32,22,58,102.1,0.2,23,0,0,0,1,1,0,2,1,1,1.4065969381661032
7119,112.33,3,6,8.4,0.2,3,0,0,0,1,1,0,1,1,0,4.010594952337149
7120,112.35,34,106,144.6,0.2,34,0,0,0,1,1,0,9,3,8,1.4790033944544672
7121,112.35,7,19,27.0,0.2,7,0,0,0,1,1,0,1,1,1,2.7105322710660653
7122,112.37,27,67,120.2,0.2,27,0,0,0,1,1,0,3,3,1,1.4636102254631114
7123,112.37,6,15,27.4,0.2,7,0,0,0,1,1,0,1,1,1,2.3200088189500216
7124,112.38,19,53,76.5,0.2,19,0,0,0,1,1,0,8,2,2,1.551517036612929
7125,112.41,49,121,221.4,0.2,49,0,0,0,1,1,0,6,2,5,1.6476269851714052
7126,112.43,34,86,152.3,0.2,34,0,0,0,1,1,0,4,3,1,1.6768390815385836
7127,112.45,26,72,114.5,0.2,26,0,0,0,1,1,0,3,2,3,1.4488069441811702
7128,112.45,5,20,15.9,0.2,5,0,0,0,1,1,0,2,1,1,1.8788036182748378
7129,112.46,19,49,82.8,0.2,19,0,0,0,1,1,0,2,3,3,1.3411809524835465
7130,112.49,49,147,232.1,0.2,51,0,0,0,0,0,1,8,4,1,1.3639946006561154
7131,112.5,5,15,15.5,0.2,5,0,0,0,1,1,0,3,1,0,2.8300432509412587
7132,112.5,1,5,2.5,0.2,2,0,0,0,1,1,0,2,1,0,4.797769726008302
7133,112.5,2,9,3.0,0.2,2,0,0,0,1,1,0,1,1,1,3.251408943937813
7134,112.53,40,126,184.0,0.2,41,0,0,0,1,1,0,3,2,4,1.3003810222981076
7135,112.53,2,5,3.5,0.2,2,0,0,0,1,1,0,1,1,0,5.073842268129199
7136,112.55,26,79,109.9,0.2,26,0,0,0,1,1,0,7,3,2,1.4327176572324951
7137,112.57,46,132,204.6,0.2,46,0,0,0,1,1,0,7,3,2,1.5815644687902166
7138,112.58,1,6,-0.7,0.2,1,0,0,0,1,1,0,0,1,1,5.1883607448605
7139,112.58,3,6,8.4,0.2,3,0,0,0,1,1,0,1,1,0,2.869449586931763
7140,112.61,49,142,238.6,0.2,51,0,0,0,0,0,1,2,3,1,1.4615697960792304
7141,112.63,29,80,131.8,0.2,30,0,0,0,1,1,0,5,2,2,1.3881658320280643
7142,112.64,23,50,102.9,0.2,23,0,0,0,1,1,0,2,1,1,1.5878591878077497
7143,112.66,28,78,124.7,0.2,28,0,0,0,1,1,0,2,5,5,1.3565764201830852
7144,112.67,14,42,63.5,0.2,15,0,0,0,1,1,0,2,2,3,1.7488229998020257
7145,112.67,1,5,-2.5,0.2,1,0,0,0,1,1,0,2,1,0,4.867521239640893
7146,112.68,19,45,82.3,0.2,19,0,0,0,1,1,0,3,2,2,1.8746922207609031
7147,112.69,23,70,97.8,0.2,23,0,0,0,1,1,0,5,3,2,1.5709555299191635
7148,112.72,39,113,165.4,0.2,39,0,0,0,1,1,0,13,1,3,1.312801355198465
7149,112.73,13,39,54.9,0.2,13,0,0,0,1,1,0,1,1,2,1.4161980943073817
7150,112.76,49,145,223.0,0.2,50,0,0,0,1,1,0,7,2,5,1.3896584413133728
7151,112.78,37,91,164.8,0.2,37,0,0,0,1,1,0,6,3,1,1.6794522269391754
7152,112.81,47,131,210.6,0.2,47,0,0,0,1,1,0,6,4,3,1.674214083243888
7153,112.82,25,54,113.4,0.2,25,0,0,0,1,1,0,1,3,2,1.7387050473360788
7154,112.82,4,12,12.7,0.2,4,0,0,0,1,1,0,1,1,1,2.674866651100157
7155,112.84,36,103,164.4,0.2,37,0,0,0,1,1,0,5,2,3,1.530016812398823
7156,112.86,26,75,121.4,0.2,27,0,0,0,1,1,0,1,2,1,1.6298044476299711
7157,112.89,49,153,235.0,0.2,51,0,0,0,0,0,1,4,2,6,1.5438037757908907
7158,112.89,4,14,17.6,0.2,5,0,0,0,1,1,0,1,1,0,2.6078682664399824
7159,112.91,29,83,125.6,0.2,29,0,0,0,1,1,0,6,2,1,1.621254470481197
7160,112.92,23,61,108.6,0.2,24,0,0,0,1,1,0,0,1,3,1.1912176380592754
7161,112.93,5,31,11.9,0.2,5,0,0,0,1,1,0,5,2,0,1.6141943620436878
7162,112.93,3,10,8.0,0.2,3,0,0,0,1,1,0,1,1,0,2.6587809877676287
7163,112.94,4,15,13.5,0.2,5,0,0,0,1,1,0,5,2,0,2.7224636267871807
7164,112.95,27,61,118.9,0.2,27,0,0,0,1,1,0,5,1,0,1.5519441473689317
7165,112.96,23,54,101.6,0.2,23,0,0,0,1,1,0,3,1,0,1.6390623623541434
7166,112.99,49,152,231.3,0.2,51,0,0,0,0,0,1,8,1,4,1.515890109491879
7167,113.0,19,42,82.4,0.2,19,0,0,0,1,1,0,3,2,4,1.7646532788439495
7168,113.04,49,181,226.1,0.2,51,0,0,0,0,0,1,10,5,7,1.294855084517994
7169,113.05,19,61,84.6,0.2,20,0,0,0,1,1,0,4,2,3,1.4649910645652697
7170,113.08,40,123,182.3,0.2,41,0,0,0,1,1,0,5,3,4,1.4068466951577236
7171,113.11,49,143,234.3,0.2,51,0,0,0,0,0,1,6,5,3,1.465982935950094
7172,113.15,49,172,232.0,0.2,51,0,0,0,0,0,1,5,1,7,1.511468481062908
7173,113.15,16,45,66.4,0.2,16,0,0,0,1,1,0,4,1,1,1.6474557729289352
7174,113.17,32,74,145.6,0.2,32,0,0,0,1,1,0,2,1,0,1.5863543787113947
7175,113.18,16,35,68.4,0.2,16,0,0,0,1,1,0,3,1,1,2.0178333748966857
7176,113.21,49,153,231.1,0.2,51,0,0,0,0,0,1,8,2,5,1.3165253968064259
7177,113.22,15,45,64.2,0.2,15,0,0,0,1,1,0,1,1,3,1.4362128196897728
7178,113.26,49,171,227.2,0.2,51,0,0,0,0,0,1,10,4,6,1.4815219907113653
7179,113.26,5,14,18.6,0.2,5,0,0,0,1,1,0,0,2,0,2.516014780880399
7180,113.29,47,138,209.7,0.2,47,0,0,0,1,1,0,6,3,5,1.4932196480602247
7181,113.3,9,23,32.7,0.2,9,0,0,0,1,1,0,5,1,0,2.295530045066136
7182,113.31,25,67,114.0,0.2,26,0,0,0,1,1,0,4,3,3,1.4482862541649841
7183,113.32,7,15,32.4,0.2,8,0,0,0,1,1,0,1,1,1,2.736069717611513
7184,113.32,1,5,4.4,0.2,2,0,0,0,1,1,0,0,1,1,4.740257136553529
7185,113.34,35,87,157.8,0.2,35,0,0,0,1,1,0,3,2,5,1.4402229717039619
7186,113.37,49,155,216.9,0.2,49,0,0,0,1,1,0,7,4,6,1.2886947054714875
7187,113.39,35,90,154.5,0.2,35,0,0,0,1,1,0,6,1,5,1.4670473792688485
7188,113.43,49,155,230.6,0.2,51,0,0,0,0,0,1,8,3,8,1.5339612436039747
7189,113.46,46,127,209.0,0.2,46,0,0,0,1,1,0,3,1,3,1.4894811667804513
7190,113.48,30,91,126.8,0.2,30,0,0,0,1,1,0,9,4,1,1.3950163374418312
7191,113.52,39,121,168.5,0.2,39,0,0,0,1,1,0,9,1,4,1.3935337926452924
7192,113.54,49,126,240.2,0.2,51,0,0,0,0,0,1,2,3,1,1.619839616931014
7193,113.56,32,73,150.3,0.2,33,0,0,0,1,1,0,2,1,4,1.5706511601521715
7194,113.56,1,5,3.5,0.2,2,0,0,0,1,1,0,1,1,0,4.467995642530736
7195,113.57,17,49,69.9,0.2,17,0,0,0,1,1,0,5,3,2,1.528746148805858
7196,113.58,4,13,13.7,0.2,4,0,0,0,1,1,0,0,1,0,2.866236305554631
7197,113.61,46,141,204.6,0.2,46,0,0,0,1,1,0,6,4,3,1.556652245177715
7198,113.64,38,103,167.7,0.2,38,0,0,0,1,1,0,6,6,10,1.377602834031544
7199,113.65,13,37,55.2,0.2,13,0,0,0,1,1,0,1,1,1,1.870560995054568
7200,113.65,8,22,31.7,0.2,8,0,0,0,1,1,0,1,1,1,2.378582107376204
7201,113.66,5,13,15.7,0.2,5,0,0,0,1,1,0,3,1,0,2.8980156340838557
7202,113.69,49,156,232.8,0.2,51,0,0,0,0,0,1,6,2,5,1.5416019269108867
7203,113.72,48,127,216.6,0.2,48,0,0,0,1,1,0,5,3,7,1.4596181585110053
7204,113.73,23,60,99.9,0.2,23,0,0,0,1,1,0,4,1,1,1.818164041273243
7205,113.74,3,12,4.8,0.2,3,0,0,0,1,1,0,4,2,0,2.879623475645906
7206,113.77,50,170,213.2,0.2,50,0,0,0,1,1,0,14,4,8,1.3382352700040814
7207,113.78,16,36,73.2,0.2,17,0,0,0,1,1,0,3,1,2,1.5823153262502319
7208,113.81,41,120,185.5,0.2,41,0,0,0,1,1,0,2,3,5,1.6374149467605519
7209,113.83,30,93,131.7,0.2,30,0,0,0,1,1,0,4,3,0,1.645004104777259
7210,113.87,49,162,233.2,0.2,51,0,0,0,0,0,1,5,5,5,1.399002227822988
7211,113.88,16,38,67.1,0.2,16,0,0,0,1,1,0,4,2,1,2.2805520820927856
7212,113.88,0,5,-0.6,0.2,1,0,0,0,1,1,0,0,1,1,4.467754132158268
7213,113.89,9,30,35.0,0.2,9,0,0,0,1,1,0,2,2,0,1.4916773886060013
7214,113.92,46,155,199.4,0.2,46,0,0,0,1,1,0,10,3,1,1.3357872725142261
7215,113.95,49,159,229.8,0.2,51,0,0,0,0,0,1,9,1,2,1.543041262586385
7216,113.98,49,149,232.6,0.2,51,0,0,0,0,0,1,7,1,4,1.5177379980707952
7217,114.0,21,55,89.4,0.2,21,0,0,0,1,1,0,5,1,1,1.5646624922304275
7218,114.01,16,47,69.1,0.2,16,0,0,0,1,1,0,1,2,2,1.5802322721263746
7219,114.03,28,77,120.2,0.2,28,0,0,0,1,1,0,7,3,1,1.2923716507809837
7220,114.06,50,150,225.1,0.2,50,0,0,0,0,0,1,9,4,8,1.5620191763164535
7221,114.09,46,150,200.2,0.2,46,0,0,0,1,1,0,9,4,8,1.3292744109573604
7222,114.1,2,15,0.3,0.2,2,0,0,0,1,1,0,3,1,2,2.217730943106351
7223,114.13,46,130,204.5,0.2,46,0,0,0,1,1,0,7,1,5,1.4865906446598611
7224,114.13,5,15,16.5,0.2,5,0,0,0,1,1,0,2,1,0,2.5189009996122476
7225,114.13,2,5,1.5,0.2,2,0,0,0,1,1,0,3,1,0,5.574383955336981
7226,114.16,49,147,235.3,0.2,51,0,0,0,0,0,1,4,3,9,1.557900911759833
7227,114.18,23,48,105.1,0.2,23,0,0,0,1,1,0,0,2,1,1.9333030065727208
7228,114.19,19,47,82.2,0.2,19,0,0,0,1,1,0,3,2,1,1.4279096763314634
7229,114.21,28,86,120.3,0.2,28,0,0,0,1,1,0,6,3,1,1.4034076442259031
7230,114.22,16,35,69.5,0.2,16,0,0,0,1,1,0,2,1,0,2.065225079823683
7231,114.23,14,31,59.8,0.2,14,0,0,0,1,1,0,2,2,1,1.7800961536735034
7232,114.26,49,152,230.5,0.2,51,0,0,0,0,0,1,9,0,2,1.5408552450895852
7233,114.26,3,15,4.5,0.2,3,0,0,0,1,1,0,4,2,0,2.668806419557581
7234,114.28,23,65,99.3,0.2,23,0,0,0,1,1,0,4,2,2,1.8413158482643326
7235,114.28,2,7,4.3,0.2,2,0,0,0,1,1,0,0,1,0,3.7838979038308387
7236,114.29,16,39,70.9,0.2,16,0,0,0,1,1,0,0,3,2,1.7888751755190977
7237,114.29,3,10,8.7,0.2,3,0,0,0,1,1,0,0,1,3,3.146288347459948
7238,114.32,43,128,182.9,0.2,43,0,0,0,1,1,0,14,5,3,1.422346651482933
7239,114.35,49,141,236.3,0.2,51,0,0,0,0,0,1,4,0,5,1.6553911937123178
7240,114.36,11,33,42.3,0.2,11,0,0,0,1,1,0,4,2,4,1.5803044934133192
7241,114.37,5,26,14.3,0.2,5,0,0,0,1,1,0,3,1,1,1.9446828099600866
7242,114.39,38,123,166.2,0.2,38,0,0,0,1,1,0,6,2,5,1.5245471466689313
7243,114.4,10,19,42.1,0.2,10,0,0,0,1,1,0,1,1,0,2.7237052076207378
7244,114.41,11,34,44.5,0.2,11,0,0,0,1,1,0,2,2,1,1.5846599408881419
7245,114.42,14,33,60.6,0.2,14,0,0,0,1,1,0,1,1,1,1.7260093787034179
7246,114.42,1,7,-3.8,0.2,1,0,0,0,1,1,0,3,1,1,4.271956955558723
7247,114.43,26,69,114.8,0.2,26,0,0,0,1,1,0,3,3,3,1.5674197258963893
7248,114.44,18,43,80.5,0.2,18,0,0,0,1,1,0,0,1,2,1.9002929466839409
7249,114.45,3,5,8.5,0.2,3,0,0,0,1,1,0,1,1,0,4.605341497915752
7250,114.45,9,22,37.8,0.2,9,0,0,0,1,1,0,0,2,0,2.3681341444565827
7251,114.47,27,77,113.1,0.2,27,0,0,0,1,1,0,9,1,2,1.535474534071737
7252,114.49,32,97,142.8,0.2,32,0,0,0,1,1,0,2,3,5,1.4356025169145077
7253,114.5,19,41,84.9,0.2,19,0,0,0,1,1,0,1,2,0,1.700122812731754
7254,114.53,38,107,165.9,0.2,38,0,0,0,1,1,0,8,4,4,1.3454569939984349
7255,114.54,19,55,81.4,0.2,19,0,0,0,1,1,0,3,1,1,1.4909647865354982
7256,114.55,14,44,62.5,0.2,15,0,0,0,1,1,0,3,2,1,1.7206264502421207
7257,114.56,18,51,81.9,0.2,19,0,0,0,1,1,0,3,1,0,1.6260530089339578
7258,114.59,28,93,121.3,0.2,28,0,0,0,1,1,0,4,4,4,1.6468459483140674
7259,114.62,49,169,233.6,0.2,51,0,0,0,0,0,1,4,4,4,1.5658742969432393
7260,114.64,27,77,117.8,0.2,27,0,0,0,1,1,0,4,2,5,1.416177594326293
7261,114.64,2,5,3.5,0.2,2,0,0,0,1,1,0,1,1,0,5.898812991749826
7262,114.65,20,61,86.9,0.2,20,0,0,0,1,1,0,2,2,0,1.6229233553647522
7263,114.66,21,49,95.8,0.2,22,0,0,0,1,1,0,4,3,3,1.6284671042852819
7264,114.68,28,79,130.5,0.2,29,0,0,0,1,1,0,1,2,6,1.6571188795570264
7265,114.69,7,17,27.3,0.2,7,0,0,0,1,1,0,1,1,0,1.7606088850314865
7266,114.69,4,10,17.0,0.2,5,0,0,0,1,1,0,2,1,0,3.0233375130935203
7267,114.7,12,38,49.8,0.2,12,0,0,0,1,1,0,1,1,4,1.8498216192605117
7268,114.7,2,5,2.5,0.2,2,0,0,0,1,1,0,2,1,0,5.083282588986636
7269,114.73,45,122,204.4,0.2,45,0,0,0,1,1,0,2,5,14,1.439645291005135
7270,114.74,14,35,59.5,0.2,14,0,0,0,1,1,0,2,3,0,1.7365797028967396
7271,114.76,28,70,122.8,0.2,28,0,0,0,1,1,0,5,1,2,1.6167673913207103
7272,114.77,11,36,51.2,0.2,12,0,0,0,1,1,0,0,1,2,1.5647457336872856
7273,114.78,23,75,100.4,0.2,23,0,0,0,1,1,0,2,1,1,1.3813206010762664
7274,114.8,36,85,163.5,0.2,36,0,0,0,1,1,0,3,2,0,1.328284217539893
7275,114.8,2,5,8.4,0.2,3,0,0,0,1,1,0,1,1,1,5.380171121709853
7276,114.83,50,151,224.0,0.2,50,0,0,0,0,0,1,10,3,8,1.3473944291835214
7277,114.87,49,182,223.8,0.2,51,0,0,0,0,0,1,12,4,9,1.5416276515171243
7278,114.9,35,108,150.9,0.2,35,0,0,0,1,1,0,8,3,3,1.4061230448867106
7279,114.91,10,27,36.1,0.2,10,0,0,0,1,1,0,6,2,2,1.9334475428706592
7280,114.91,1,6,-1.6,0.2,1,0,0,0,1,1,0,1,1,0,4.704584700823486
7281,114.94,41,126,188.1,0.2,42,0,0,0,1,1,0,4,8,3,1.5375808243285538
7282,114.94,8,29,29.0,0.2,8,0,0,0,1,1,0,3,1,1,1.703874526895463
7283,114.95,22,46,97.3,0.2,22,0,0,0,1,1,0,3,1,1,1.666329067597287
7284,114.96,4,10,13.7,0.2,4,0,0,0,1,1,0,0,1,3,3.0001185125578793
7285,114.97,21,48,94.1,0.2,21,0,0,0,1,1,0,1,2,1,1.792290049906167
7286,114.97,4,11,17.9,0.2,5,0,0,0,1,1,0,1,1,0,2.21263927401268
7287,115.0,44,122,195.4,0.2,44,0,0,0,1,1,0,7,2,4,1.528412184671447
7288,115.0,11,27,43.3,0.2,11,0,0,0,1,1,0,4,2,0,2.1911698392586008
7289,115.03,45,121,201.2,0.2,45,0,0,0,1,1,0,6,3,7,1.3280048315878659
7290,115.04,8,24,29.6,0.2,8,0,0,0,1,1,0,3,2,0,2.1549354822124647
7291,115.04,3,9,8.1,0.2,3,0,0,0,1,1,0,1,1,0,3.4882474855552315
7292,115.05,8,20,32.9,0.2,8,0,0,0,1,1,0,0,1,1,2.254306778334418
7293,115.06,15,43,60.6,0.2,15,0,0,0,1,1,0,5,2,1,1.520274508095903
7294,115.07,22,50,97.9,0.2,22,0,0,0,1,1,0,2,1,1,1.6180204788982218
7295,115.09,43,106,191.2,0.2,43,0,0,0,1,1,0,8,1,2,1.4588376214035217
7296,115.12,40,125,176.3,0.2,40,0,0,0,1,1,0,6,6,2,1.4817405502226135
7297,115.14,18,55,72.3,0.2,18,0,0,0,1,1,0,7,2,2,1.6734374482843837
7298,115.17,49,147,217.8,0.2,49,0,0,0,1,1,0,7,5,5,1.5108023770530212
7299,115.17,1,5,-2.6,0.2,1,0,0,0,1,1,0,2,1,1,4.350202288306793
7300,115.18,18,47,75.3,0.2,18,0,0,0,1,1,0,5,2,0,1.8064643135020448
7301,115.22,49,158,230.9,0.2,51,0,0,0,0,0,1,8,3,2,1.5591673673287247
7302,115.22,2,5,2.5,0.2,2,0,0,0,1,1,0,2,1,0,5.116239644435359
7303,115.22,11,26,49.3,0.2,12,0,0,0,1,1,0,3,1,1,1.7638190371056683
7304,115.26,49,157,232.6,0.2,51,0,0,0,0,0,1,6,3,6,1.4431733405825586
7305,115.26,1,8,-4.9,0.2,1,0,0,0,1,1,0,4,1,1,4.0286413177288605
7306,115.26,4,11,12.8,0.2,4,0,0,0,1,1,0,1,1,1,2.652079867912759
7307,115.27,10,38,40.1,0.2,10,0,0,0,1,1,0,1,2,1,1.4336436134861898
7308,115.28,7,15,27.5,0.2,7,0,0,0,1,1,0,1,1,0,2.5789164040845547
7309,115.28,2,5,8.5,0.2,3,0,0,0,1,1,0,1,1,0,4.529742122101935
7310,115.31,47,126,211.4,0.2,47,0,0,0,1,1,0,6,4,0,1.4259282942078813
7311,115.34,48,140,214.2,0.2,48,0,0,0,1,1,0,6,4,8,1.3361650467814838
7312,115.35,16,35,69.5,0.2,16,0,0,0,1,1,0,2,1,0,1.5873464399942032
7313,115.35,11,25,44.4,0.2,11,0,0,0,1,1,0,3,2,1,2.35767704342213
7314,115.36,6,15,26.4,0.2,7,0,0,0,1,1,0,2,1,1,2.1241413715407096
7315,115.36,15,34,66.5,0.2,15,0,0,0,1,1,0,0,1,1,1.86844538221846
7316,115.39,44,133,194.2,0.2,44,0,0,0,1,1,0,7,6,5,1.3693544383394052
7317,115.41,32,80,141.9,0.2,32,0,0,0,1,1,0,5,4,1,1.491225203752281
7318,115.42,15,35,64.4,0.2,15,0,0,0,1,1,0,2,1,1,1.869433936180602
7319,115.44,31,69,137.9,0.2,31,0,0,0,1,1,0,5,3,2,1.833121310893662
7320,115.46,28,65,125.4,0.2,28,0,0,0,1,1,0,3,1,1,1.5161220427068236
7321,115.48,39,97,176.1,0.2,39,0,0,0,1,1,0,4,4,2,1.3885621906865808
7322,115.48,8,16,33.2,0.2,8,0,0,0,1,1,0,0,1,2,2.53667420185466
7323,115.52,49,143,236.3,0.2,51,0,0,0,0,0,1,4,3,3,1.4893859239560117
7324,115.53,20,45,86.5,0.2,20,0,0,0,1,1,0,4,2,0,1.818945671864693
7325,115.54,18,47,78.2,0.2,18,0,0,0,1,1,0,2,2,1,1.4692594346120973
7326,115.55,29,76,127.3,0.2,29,0,0,0,1,1,0,5,3,1,1.2649238809917696
7327,115.58,41,110,185.9,0.2,41,0,0,0,1,1,0,3,2,1,1.4764913833807454
7328,115.6,27,88,111.8,0.2,27,0,0,0,1,1,0,9,2,4,1.5659042227232476
7329,115.6,2,5,3.5,0.2,2,0,0,0,1,1,0,1,1,0,5.794696626976126
7330,115.6,9,24,32.5,0.2,9,0,0,0,1,1,0,5,1,1,2.067561348585403
7331,115.61,13,29,56.1,0.2,13,0,0,0,1,1,0,1,2,0,2.0413971675334555
7332,115.61,2,5,8.5,0.2,3,0,0,0,1,1,0,1,1,0,4.4295645022312655
7333,115.65,49,169,230.4,0.2,51,0,0,0,0,0,1,7,3,6,1.6097900806422913
7334,115.66,13,39,52.0,0.2,13,0,0,0,1,1,0,4,1,1,1.6504978408187503
7335,115.69,46,132,205.6,0.2,46,0,0,0,1,1,0,6,1,2,1.3640036915632705
7336,115.7,22,55,94.3,0.2,22,0,0,0,1,1,0,5,2,2,1.5961902482980708
7337,115.71,9,20,35.9,0.2,9,0,0,0,1,1,0,2,2,1,2.465224673008003
7338,115.75,49,162,232.0,0.2,51,0,0,0,0,0,1,6,4,7,1.442239508733278
7339,115.75,10,32,36.6,0.2,10,0,0,0,1,1,0,5,1,2,1.7528639307673912
7340,115.76,8,19,33.0,0.2,8,0,0,0,1,1,0,0,1,1,2.5716859274908774
7341,115.76,5,18,13.2,0.2,5,0,0,0,1,1,0,5,2,0,1.986624596926615
7342,115.77,0,7,-8.7,0.2,0,0,0,0,1,1,0,3,1,0,4.4774364642541356
7343,115.78,19,60,77.6,0.2,19,0,0,0,1,1,0,6,2,4,1.5596621747412414
7344,115.81,37,117,160.7,0.2,37,0,0,0,1,1,0,7,2,6,1.3561174541877823
7345,115.84,49,147,236.5,0.2,51,0,0,0,0,0,1,3,6,7,1.4953242673955074
7346,115.84,4,12,12.8,0.2,4,0,0,0,1,1,0,1,1,0,2.4518023162696325
7347,115.85,4,13,13.7,0.2,4,0,0,0,1,1,0,0,1,0,2.2657853608156717
7348,115.86,19,44,82.6,0.2,19,0,0,0,1,1,0,3,1,0,1.9559948276357308
7349,115.87,23,64,101.5,0.2,23,0,0,0,1,1,0,2,2,1,1.5099977681585974
7350,115.88,13,35,53.2,0.2,13,0,0,0,1,1,0,3,2,3,1.899385446448258
7351,115.89,18,49,77.1,0.2,18,0,0,0,1,1,0,3,1,0,1.5748539067319667
7352,115.91,36,94,162.5,0.2,36,0,0,0,1,1,0,3,2,1,1.4987182191386086
7353,115.92,13,37,56.3,0.2,13,0,0,0,1,1,0,0,1,0,1.6017980132246041
7354,115.95,43,133,190.6,0.2,43,0,0,0,1,1,0,6,3,1,1.5889463385097344
7355,115.96,10,22,38.8,0.2,10,0,0,0,1,1,0,4,1,0,1.8858030420911918
7356,115.96,10,21,41.8,0.2,10,0,0,0,1,1,0,1,1,1,2.5009339186569797
7357,115.98,31,85,136.4,0.2,31,0,0,0,1,1,0,5,2,1,1.4028878151866724
7358,116.0,19,55,82.5,0.2,19,0,0,0,1,1,0,2,2,0,1.7488589679623017
7359,116.01,14,40,58.8,0.2,14,0,0,0,1,1,0,2,2,2,1.5981967608926324
7360,116.01,9,16,38.3,0.2,9,0,0,0,1,1,0,0,1,1,2.5875686724425964
7361,116.04,43,129,188.6,0.2,43,0,0,0,1,1,0,8,4,5,1.4712138369434968
7362,116.08,49,171,234.3,0.2,51,0,0,0,0,0,1,3,2,5,1.5584825257244088
7363,116.1,42,128,189.9,0.2,42,0,0,0,1,1,0,2,1,3,1.4934505421116957
7364,116.11,8,21,31.8,0.2,8,0,0,0,1,1,0,1,2,1,2.534607656107314
7365,116.11,5,16,14.4,0.2,5,0,0,0,1,1,0,4,1,0,2.6825386557755593
7366,116.12,20,46,88.4,0.2,20,0,0,0,1,1,0,2,3,0,1.734805749605601
7367,116.15,31,105,137.1,0.2,31,0,0,0,1,1,0,2,3,4,1.489534086740126
7368,116.16,6,21,19.8,0.2,6,0,0,0,1,1,0,3,1,1,1.921420736259216
7369,116.16,2,5,4.5,0.2,2,0,0,0,1,1,0,0,1,0,5.060382824164838
7370,116.17,18,52,77.7,0.2,18,0,0,0,1,1,0,2,1,1,1.6492742603854134
7371,116.21,49,168,213.8,0.2,49,0,0,0,1,1,0,9,4,4,1.506846035131117
7372,116.22,21,45,95.4,0.2,21,0,0,0,1,1,0,0,2,1,1.9864247026080477
7373,116.23,21,43,93.6,0.2,21,0,0,0,1,1,0,2,3,1,1.7332907502266246
7374,116.24,24,45,108.4,0.2,24,0,0,0,1,1,0,2,2,1,2.155105542059974
7375,116.25,11,27,51.2,0.2,12,0,0,0,1,1,0,1,1,1,1.8664496082860562
7376,116.26,17,50,72.9,0.2,17,0,0,0,1,1,0,2,1,1,1.4823154982700746
7377,116.27,12,29,52.0,0.2,12,0,0,0,1,1,0,0,2,1,1.9025540307185356
7378,116.28,9,26,34.4,0.2,9,0,0,0,1,1,0,3,1,0,2.1813706557715884
7379,116.32,50,173,228.1,0.2,50,0,0,0,0,0,1,4,2,5,1.4040826786995566
7380,116.35,49,166,228.9,0.2,51,0,0,0,0,0,1,9,5,4,1.3645148415250283
7381,116.39,49,153,233.2,0.2,51,0,0,0,0,0,1,6,2,4,1.4195016668973612
7382,116.4,9,20,37.9,0.2,9,0,0,0,1,1,0,0,1,1,2.3699986788124536
7383,116.4,6,24,18.6,0.2,6,0,0,0,1,1,0,4,1,0,1.9738842025755243
7384,116.43,39,125,165.6,0.2,39,0,0,0,1,1,0,11,6,9,1.3670581889265196
7385,116.45,40,110,178.7,0.2,40,0,0,0,1,1,0,5,4,3,1.5672785512693461
7386,116.46,2,5,8.5,0.2,3,0,0,0,1,1,0,1,1,0,4.153965539033306
7387,116.46,4,6,13.4,0.2,4,0,0,0,1,1,0,1,1,0,4.803485310750669
7388,116.49,49,142,233.2,0.2,51,0,0,0,0,0,1,7,4,5,1.4388500538966427
7389,116.49,2,6,3.4,0.2,2,0,0,0,1,1,0,1,1,0,4.0110938283115205
7390,116.52,38,115,164.1,0.2,38,0,0,0,1,1,0,9,3,4,1.4088615416982113
7391,116.56,49,176,231.6,0.2,51,0,0,0,0,0,1,5,3,7,1.3042067112755749
7392,116.59,49,146,231.1,0.2,51,0,0,0,0,0,1,9,3,2,1.6683776369834211
7393,116.6,15,38,68.9,0.2,16,0,0,0,1,1,0,2,3,3,1.8911764861070797
7394,116.63,31,92,133.5,0.2,31,0,0,0,1,1,0,7,3,3,1.6136759211051845
7395,116.67,49,189,225.2,0.2,51,0,0,0,0,0,1,10,2,8,1.5014708173660196
7396,116.67,6,29,19.0,0.2,6,0,0,0,1,1,0,3,2,1,1.9339027260927206
7397,116.69,32,102,134.7,0.2,32,0,0,0,1,1,0,10,2,1,1.4362200583454428
7398,116.72,39,111,176.3,0.2,40,0,0,0,1,1,0,7,3,6,1.59265334537968
7399,116.74,33,85,144.2,0.2,33,0,0,0,1,1,0,7,3,3,1.5846298189025065
7400,116.75,21,63,91.5,0.2,21,0,0,0,1,1,0,2,3,2,1.6208628659463604
7401,116.78,49,146,234.7,0.2,51,0,0,0,0,0,1,5,4,6,1.6382193559828446
7402,116.78,2,7,8.2,0.2,3,0,0,0,1,1,0,1,1,1,3.7713235261701477
7403,116.81,40,112,181.2,0.2,40,0,0,0,1,1,0,2,3,6,1.5135675469863805
7404,116.84,49,147,220.4,0.2,49,0,0,0,1,1,0,4,2,9,1.473615176732758
7405,116.88,48,173,209.1,0.2,48,0,0,0,1,1,0,8,3,6,1.4255580813079176
7406,116.91,50,160,222.6,0.2,50,0,0,0,0,0,1,11,2,3,1.3891233546306245
7407,116.95,49,138,235.8,0.2,51,0,0,0,0,0,1,5,7,3,1.49885056361429
7408,116.95,2,9,0.0,0.2,2,0,0,0,1,1,0,4,1,1,3.4526763908741733
7409,116.98,49,155,230.9,0.2,51,0,0,0,0,0,1,8,5,5,1.6317850593345027
7410,117.01,28,72,126.5,0.2,28,0,0,0,1,1,0,1,2,3,1.4257868764905282
7411,117.02,18,49,78.6,0.2,18,0,0,0,1,1,0,1,3,5,1.8636100204500174
7412,117.04,21,89,87.6,0.2,22,0,0,0,1,1,0,8,1,5,1.240249143883088
7413,117.05,14,32,60.8,0.2,14,0,0,0,1,1,0,1,2,0,1.8679283395101898
7414,117.05,12,42,54.6,0.2,13,0,0,0,1,1,0,1,1,2,1.803704382633772
7415,117.06,2,16,-0.6,0.2,2,0,0,0,1,1,0,4,1,0,2.771924549829589
7416,117.1,50,176,219.9,0.2,50,0,0,0,0,0,1,12,5,4,1.2072169287662857
7417,117.13,49,157,233.0,0.2,51,0,0,0,0,0,1,6,3,2,1.3911197523287564
7418,117.16,45,126,204.0,0.2,45,0,0,0,1,1,0,3,5,4,1.3361756451191853
7419,117.18,37,119,167.8,0.2,38,0,0,0,1,1,0,5,2,3,1.4884730012617218
7420,117.19,12,39,49.9,0.2,12,0,0,0,1,1,0,1,2,2,1.691382854619223
7421,117.21,18,53,73.3,0.2,18,0,0,0,1,1,0,6,2,4,1.811477546213202
7422,117.24,50,160,226.3,0.2,50,0,0,0,0,0,1,7,5,6,1.6171024828233462
7423,117.25,9,33,34.5,0.2,9,0,0,0,1,1,0,2,3,2,1.4684826465425247
7424,117.26,8,19,29.1,0.2,8,0,0,0,1,1,0,4,2,0,2.3433284062405746
7425,117.29,45,144,194.9,0.2,45,0,0,0,1,1,0,10,2,7,1.3684600418592043
7426,117.31,32,77,143.1,0.2,32,0,0,0,1,1,0,4,4,2,1.6644032377942675
7427,117.32,29,70,128.9,0.2,29,0,0,0,1,1,0,4,2,1,1.4394939569999288
7428,117.33,9,23,37.7,0.2,9,0,0,0,1,1,0,0,1,0,2.219556085129437
7429,117.34,14,34,58.5,0.2,14,0,0,0,1,1,0,3,2,1,2.164783878027807
7430,117.36,44,111,200.8,0.2,44,0,0,0,1,1,0,3,3,1,1.486054783846609
7431,117.37,26,55,118.5,0.2,26,0,0,0,1,1,0,1,2,0,1.6267572455696901
7432,117.41,50,160,230.3,0.2,50,0,0,0,0,0,1,3,3,6,1.420097163025986
7433,117.43,42,128,183.9,0.2,42,0,0,0,1,1,0,8,5,3,1.4362290977362857
7434,117.47,49,161,232.1,0.2,51,0,0,0,0,0,1,6,3,7,1.4021140400350047
7435,117.49,42,118,193.0,0.2,43,0,0,0,1,1,0,5,2,2,1.2863620090516066
7436,117.5,3,13,12.7,0.2,4,0,0,0,1,1,0,1,1,0,2.402230588865403
7437,117.52,35,90,158.8,0.2,35,0,0,0,1,1,0,2,4,2,1.4307218442511929
7438,117.53,19,63,78.3,0.2,19,0,0,0,1,1,0,5,3,4,1.2866769871934753
7439,117.53,3,13,6.6,0.2,3,0,0,0,1,1,0,2,2,1,2.4614424410286877
7440,117.55,31,74,141.5,0.2,31,0,0,0,1,1,0,1,1,1,1.7095965720053374
7441,117.55,5,15,16.5,0.2,5,0,0,0,1,1,0,2,1,0,2.411559569676091
7442,117.58,49,134,237.3,0.2,51,0,0,0,0,0,1,4,3,2,1.49427988796527
7443,117.59,3,7,9.3,0.2,3,0,0,0,1,1,0,0,1,0,3.960513825365317
7444,117.59,3,9,9.1,0.2,3,0,0,0,1,1,0,0,1,0,3.349798786425094
7445,117.63,50,204,215.4,0.2,50,0,0,0,0,0,1,13,4,11,1.2942438503676912
7446,117.66,46,143,202.4,0.2,46,0,0,0,1,1,0,8,2,3,1.3862989033909126
7447,117.66,3,16,4.3,0.2,3,0,0,0,1,1,0,4,1,1,2.2963635486983964
7448,117.67,3,8,14.1,0.2,4,0,0,0,1,1,0,0,1,1,3.3981160455506316
7449,117.69,40,124,175.3,0.2,40,0,0,0,1,1,0,7,1,3,1.188189346036361
7450,117.7,8,21,31.9,0.2,8,0,0,0,1,1,0,1,2,0,1.9582640816946646
7451,117.73,46,157,202.0,0.2,46,0,0,0,1,1,0,7,2,3,1.7243056997886388
7452,117.74,9,29,35.0,0.2,9,0,0,0,1,1,0,2,2,1,1.9745929478504378
7453,117.74,4,13,10.7,0.2,4,0,0,0,1,1,0,3,2,0,3.593877339956693
7454,117.78,48,163,205.0,0.2,48,0,0,0,1,1,0,13,6,7,1.334628910948501
7455,117.81,46,149,201.6,0.2,46,0,0,0,1,1,0,8,2,5,1.4443061241587432
7456,117.83,17,47,72.0,0.2,17,0,0,0,1,1,0,3,2,3,1.9620663220520789
7457,117.84,23,65,101.5,0.2,23,0,0,0,1,1,0,2,1,0,1.4833644875838305
7458,117.87,43,143,187.3,0.2,43,0,0,0,1,1,0,8,4,4,1.3657757534235062
7459,117.88,8,29,29.8,0.2,8,0,0,0,1,1,0,2,1,3,1.8406090132839852
7460,117.9,33,78,146.0,0.2,33,0,0,0,1,1,0,6,4,2,1.5709856757142928
7461,117.91,20,48,85.2,0.2,20,0,0,0,1,1,0,5,2,0,1.65822303703436
7462,117.91,3,9,8.9,0.2,3,0,0,0,1,1,0,0,1,2,2.9506292949174986
7463,117.92,9,20,37.8,0.2,9,0,0,0,1,1,0,0,2,2,2.0387453191834526
7464,117.92,11,32,44.8,0.2,11,0,0,0,1,1,0,2,2,0,1.6233408036265529
7465,117.95,39,122,171.2,0.2,39,0,0,0,1,1,0,6,3,6,1.4235524163462479
7466,117.97,33,87,144.1,0.2,33,0,0,0,1,1,0,7,2,2,1.4334259195448291
7467,117.98,18,41,84.9,0.2,19,0,0,0,1,1,0,1,1,0,1.8217063788155687
7468,117.99,3,17,3.1,0.2,3,0,0,0,1,1,0,5,1,2,1.851743908476879
7469,118.02,49,163,230.9,0.2,51,0,0,0,0,0,1,7,4,7,1.2928716979675672
7470,118.03,16,44,69.4,0.2,16,0,0,0,1,1,0,1,1,2,1.487637371824676
7471,118.04,7,16,26.4,0.2,7,0,0,0,1,1,0,2,1,0,2.583237585805362
7472,118.07,49,146,219.3,0.2,49,0,0,0,1,1,0,6,4,1,1.5147854130980074
7473,118.08,17,44,75.5,0.2,17,0,0,0,1,1,0,0,1,1,1.5763017098838725
7474,118.08,1,5,-1.5,0.2,1,0,0,0,1,1,0,1,1,0,5.646648728277502
7475,118.08,2,5,4.4,0.2,2,0,0,0,1,1,0,0,1,1,4.732395640881466
7476,118.09,8,30,27.8,0.2,8,0,0,0,1,1,0,4,1,2,1.8068124492493733
7477,118.09,1,5,-2.6,0.2,1,0,0,0,1,1,0,2,1,1,5.413588051504598
7478,118.1,20,52,89.7,0.2,21,0,0,0,1,1,0,5,1,1,1.5126310218752765
7479,118.1,2,5,3.5,0.2,2,0,0,0,1,1,0,1,1,0,5.985412334867904
7480,118.11,16,40,70.8,0.2,16,0,0,0,1,1,0,0,1,2,1.791917592485624
7481,118.14,40,115,185.2,0.2,41,0,0,0,1,1,0,3,4,3,1.58608939349952
7482,118.17,50,172,229.1,0.2,50,0,0,0,0,0,1,3,3,6,1.3180162873343695
7483,118.21,49,142,235.7,0.2,51,0,0,0,0,0,1,5,2,0,1.3994583955304636
7484,118.24,49,141,218.4,0.2,49,0,0,0,1,1,0,7,5,5,1.3331056511778914
7485,118.28,49,174,209.1,0.2,49,0,0,0,1,1,0,13,3,5,1.3967563758199133
7486,118.31,49,150,232.7,0.2,51,0,0,0,0,0,1,7,2,2,1.6156140224189817
7487,118.33,25,70,109.7,0.2,25,0,0,0,1,1,0,3,1,3,1.3492298314334445
7488,118.33,5,16,17.4,0.2,5,0,0,0,1,1,0,1,1,0,2.0738211140386524
7489,118.35,27,69,119.8,0.2,27,0,0,0,1,1,0,3,3,3,1.5099986549901465
7490,118.37,35,97,158.1,0.2,36,0,0,0,1,1,0,7,1,2,1.5608889773086092
7491,118.39,36,100,159.8,0.2,36,0,0,0,1,1,0,5,2,2,1.5234241663991472
7492,118.4,15,37,63.3,0.2,15,0,0,0,1,1,0,3,2,0,1.6967970347663728
7493,118.41,7,19,25.1,0.2,7,0,0,0,1,1,0,3,1,0,2.3367433650947826
7494,118.42,19,49,83.0,0.2,19,0,0,0,1,1,0,2,3,1,1.578465276158663
7495,118.42,7,27,30.2,0.2,8,0,0,0,1,1,0,2,1,1,1.5478095657018132
7496,118.45,39,96,173.9,0.2,39,0,0,0,1,1,0,6,3,5,1.3500386389706425
7497,118.45,10,25,40.5,0.2,10,0,0,0,1,1,0,2,1,0,2.259242381413566
7498,118.46,6,15,21.5,0.2,6,0,0,0,1,1,0,2,1,0,2.7396375790832583
7499,118.47,19,51,82.6,0.2,19,0,0,0,1,1,0,2,1,3,1.6201599507725672
7500,118.48,16,49,66.0,0.2,16,0,0,0,1,1,0,4,1,1,1.6927689796821528
7501,118.48,5,22,21.6,0.2,6,0,0,0,1,1,0,1,1,2,1.748108772209123
7502,118.49,22,50,96.5,0.2,22,0,0,0,1,1,0,3,2,5,1.972821097971809
7503,118.5,10,32,37.7,0.2,10,0,0,0,1,1,0,4,2,1,1.829038138599565
7504,118.54,49,171,228.3,0.2,51,0,0,0,0,0,1,9,4,5,1.4821695684955154
7505,118.54,2,5,8.5,0.2,3,0,0,0,1,1,0,1,1,0,3.832460063846542
7506,118.55,0,5,-8.5,0.2,0,0,0,0,1,1,0,3,1,0,5.137101605714465
7507,118.55,11,27,44.9,0.2,11,0,0,0,1,1,0,2,1,4,1.7170296016909672
7508,118.55,1,5,-1.5,0.2,1,0,0,0,1,1,0,1,1,0,6.217327225849894
7509,118.55,1,5,-2.5,0.2,1,0,0,0,1,1,0,2,1,0,4.955339047719606
7510,118.58,31,91,132.9,0.2,31,0,0,0,1,1,0,8,1,0,1.3590399368823367
7511,118.6,30,81,131.8,0.2,30,0,0,0,1,1,0,5,3,1,1.2793959594124606
7512,118.6,0,5,-6.6,0.2,0,0,0,0,1,1,0,1,1,1,5.57448403355067
7513,118.61,22,59,97.8,0.2,22,0,0,0,1,1,0,1,1,3,1.5086696566926727
7514,118.63,29,72,128.5,0.2,29,0,0,0,1,1,0,4,2,3,1.589733770130045
7515,118.66,46,149,201.9,0.2,46,0,0,0,1,1,0,8,4,2,1.4430205226213237
7516,118.7,50,158,218.6,0.2,50,0,0,0,1,1,0,10,5,6,1.2412588188572033
7517,118.72,49,135,234.1,0.2,51,0,0,0,0,0,1,7,2,3,1.624833982629542
7518,118.73,10,24,39.5,0.2,10,0,0,0,1,1,0,3,1,1,2.044651466672035
7519,118.75,30,67,132.9,0.2,30,0,0,0,1,1,0,5,1,4,1.5959982559084216
7520,118.78,46,139,202.7,0.2,46,0,0,0,1,1,0,8,3,4,1.3545376447499444
7521,118.78,4,18,12.0,0.2,4,0,0,0,1,1,0,1,1,2,2.0541802404602216
7522,118.8,21,52,87.7,0.2,21,0,0,0,1,1,0,7,3,1,1.6289927479058324
7523,118.82,28,84,126.1,0.2,29,0,0,0,1,1,0,5,1,5,1.1349726474054447
7524,118.82,9,24,32.5,0.2,9,0,0,0,1,1,0,5,1,1,2.1953078454460164
7525,118.82,2,6,4.3,0.2,2,0,0,0,1,1,0,0,1,1,4.005908200186976
7526,118.84,37,88,165.2,0.2,37,0,0,0,1,1,0,6,1,0,1.6940212198110771
7527,118.86,36,101,162.6,0.2,37,0,0,0,1,1,0,7,5,3,1.5034175971882797
7528,118.89,49,138,235.8,0.2,51,0,0,0,0,0,1,5,1,3,1.4948223756693377
7529,118.93,49,144,238.0,0.2,51,0,0,0,0,0,1,2,4,5,1.7080244462453082
7530,118.95,34,102,147.7,0.2,34,0,0,0,1,1,0,7,4,1,1.3809263570800112
7531,118.97,28,71,129.5,0.2,29,0,0,0,1,1,0,3,2,4,1.2961322627796836
7532,118.97,3,5,9.5,0.2,3,0,0,0,1,1,0,0,1,0,5.1764057068459675
7533,118.98,23,56,100.0,0.2,23,0,0,0,1,1,0,4,1,4,1.610374424853789
7534,119.01,49,138,233.5,0.2,51,0,0,0,0,0,1,7,4,6,1.383609534884143
7535,119.05,49,174,226.5,0.2,51,0,0,0,0,0,1,10,3,10,1.4244786493748829
7536,119.09,49,165,231.8,0.2,51,0,0,0,0,0,1,6,3,6,1.4998901174961534
7537,119.1,13,39,53.8,0.2,13,0,0,0,1,1,0,2,1,3,2.0111244538800412
7538,119.11,10,25,46.5,0.2,11,0,0,0,1,1,0,1,1,0,1.7708928379174236
7539,119.11,8,21,32.7,0.2,8,0,0,0,1,1,0,0,1,2,1.794239075088909
7540,119.11,2,5,1.5,0.2,2,0,0,0,1,1,0,3,1,0,5.540105654406846
7541,119.12,6,17,23.3,0.2,6,0,0,0,1,1,0,0,1,0,2.7398348713109715
7542,119.16,49,175,230.2,0.2,51,0,0,0,0,0,1,6,4,12,1.3360857341222003
7543,119.17,25,65,109.3,0.2,25,0,0,0,1,1,0,4,3,2,1.813279806864526
7544,119.18,20,52,85.6,0.2,20,0,0,0,1,1,0,4,2,2,1.5065177279933315
7545,119.19,15,40,60.0,0.2,15,0,0,0,1,1,0,6,1,0,1.7017575837061205
7546,119.21,26,64,117.5,0.2,26,0,0,0,1,1,0,1,2,1,1.476004545689877
7547,119.24,44,125,197.2,0.2,44,0,0,0,1,1,0,5,4,3,1.5837322397046758
7548,119.24,4,17,10.3,0.2,4,0,0,0,1,1,0,3,2,0,2.6141545634357772
7549,119.25,10,24,37.4,0.2,10,0,0,0,1,1,0,5,2,2,2.319020793503158
7550,119.28,49,145,235.8,0.2,51,0,0,0,0,0,1,4,1,6,1.424594760649263
7551,119.28,4,12,10.8,0.2,4,0,0,0,1,1,0,3,1,0,3.3206672114554467
7552,119.31,37,105,160.9,0.2,37,0,0,0,1,1,0,8,3,6,1.4706611952912245
7553,119.33,45,118,204.0,0.2,45,0,0,0,1,1,0,4,3,2,1.6463513255195723
7554,119.36,41,120,181.8,0.2,41,0,0,0,1,1,0,6,2,2,1.7173244936384118
7555,119.39,49,152,229.3,0.2,51,0,0,0,0,0,1,10,4,4,1.4493071696935127
7556,119.4,15,35,63.3,0.2,15,0,0,0,1,1,0,3,1,2,1.9584158146636668
7557,119.42,32,85,144.2,0.2,33,0,0,0,1,1,0,7,5,3,1.5828561291366532
7558,119.45,49,142,235.4,0.2,51,0,0,0,0,0,1,5,1,3,1.3357582604965472
7559,119.46,14,32,61.6,0.2,14,0,0,0,1,1,0,0,1,2,1.3548863766229269
7560,119.46,9,21,40.9,0.2,10,0,0,0,1,1,0,2,1,0,2.308995109718845
7561,119.48,25,69,106.0,0.2,25,0,0,0,1,1,0,7,2,1,1.5736522909044204
7562,119.49,15,51,61.5,0.2,15,0,0,0,1,1,0,3,2,4,1.3885191688774778
7563,119.51,27,81,120.1,0.2,27,0,0,0,1,1,0,1,2,8,1.3417248879304216
7564,119.52,14,41,58.8,0.2,14,0,0,0,1,1,0,2,2,1,1.4322668837236234
7565,119.53,5,12,17.8,0.2,5,0,0,0,1,1,0,1,1,0,2.9146304847509534
7566,119.54,18,44,77.4,0.2,18,0,0,0,1,1,0,3,3,2,1.5323604463484934
7567,119.56,39,104,182.2,0.2,40,0,0,0,1,1,0,2,4,4,1.5876310437799552
7568,119.56,2,5,4.5,0.2,2,0,0,0,1,1,0,0,1,0,4.7921013524623035
7569,119.57,17,34,73.5,0.2,17,0,0,0,1,1,0,3,1,1,2.1941249607485873
7570,119.58,9,22,37.6,0.2,9,0,0,0,1,1,0,0,1,2,2.20403795229224
7571,119.61,49,148,235.6,0.2,51,0,0,0,0,0,1,4,3,5,1.7049400219800086
7572,119.61,2,5,1.5,0.2,2,0,0,0,1,1,0,3,1,0,5.3654937270960925
7573,119.61,2,5,3.5,0.2,2,0,0,0,1,1,0,1,1,0,4.131544130321704
7574,119.62,23,51,99.9,0.2,23,0,0,0,1,1,0,5,4,0,1.9431740799193293
7575,119.66,49,162,228.0,0.2,51,0,0,0,0,0,1,10,3,7,1.4706038175049507
7576,119.69,43,108,194.8,0.2,43,0,0,0,1,1,0,4,3,4,1.371261892789988
7577,119.7,11,28,46.0,0.2,11,0,0,0,1,1,0,1,1,2,1.7627648947371417
7578,119.71,27,69,121.9,0.2,27,0,0,0,1,1,0,1,2,2,1.7125240279405902
7579,119.74,40,120,175.0,0.2,40,0,0,0,1,1,0,8,2,0,1.3276219974123264
7580,119.75,25,58,110.9,0.2,25,0,0,0,1,1,0,3,3,3,2.0354710123202393
7581,119.76,11,29,46.0,0.2,11,0,0,0,1,1,0,1,1,1,2.144383633363381
7582,119.77,16,35,69.5,0.2,16,0,0,0,1,1,0,2,1,0,1.837440852562411
7583,119.79,35,89,156.9,0.2,35,0,0,0,1,1,0,4,1,2,1.5506131260168137
7584,119.81,32,70,146.8,0.2,32,0,0,0,1,1,0,1,1,2,1.6479317687169743
7585,119.83,28,79,122.9,0.2,28,0,0,0,1,1,0,4,3,2,1.4596816306560096
7586,119.83,9,30,33.8,0.2,9,0,0,0,1,1,0,3,1,2,2.49537517218627
7587,119.86,41,106,184.0,0.2,41,0,0,0,1,1,0,5,4,4,1.5202792413777073
7588,119.87,22,57,96.1,0.2,22,0,0,0,1,1,0,3,2,2,1.5137879707793716
7589,119.91,49,187,226.2,0.2,51,0,0,0,0,0,1,9,3,10,1.5244338046195185
7590,119.93,36,92,162.4,0.2,36,0,0,0,1,1,0,3,6,4,1.5294616262831635
7591,119.94,5,19,15.0,0.2,5,0,0,0,1,1,0,3,2,1,2.1274723081759794
7592,119.97,45,129,201.5,0.2,45,0,0,0,1,1,0,5,2,6,1.5130746780064879
7593,119.98,24,48,109.0,0.2,24,0,0,0,1,1,0,1,3,2,1.9694145793895113
7594,120.0,28,82,121.7,0.2,28,0,0,0,1,1,0,5,3,1,1.4125871589145764
7595,120.0,2,8,3.2,0.2,2,0,0,0,1,1,0,1,1,0,3.1553340388410587
7596,120.03,49,151,236.6,0.2,51,0,0,0,0,0,1,3,4,2,1.4650946865331118
7597,120.06,39,115,170.3,0.2,39,0,0,0,1,1,0,8,4,2,1.4854955388485955
7598,120.06,7,24,26.4,0.2,7,0,0,0,1,1,0,1,1,2,1.6449924403678289
7599,120.07,16,36,68.2,0.2,16,0,0,0,1,1,0,3,1,2,1.9581106391277185
7600,120.08,27,66,116.9,0.2,27,0,0,0,1,1,0,6,2,5,1.5939677289063596
7601,120.09,16,39,70.1,0.2,16,0,0,0,1,1,0,1,2,0,1.6692688638720052
7602,120.11,13,48,51.9,0.2,13,0,0,0,1,1,0,3,2,3,1.426004695601608
7603,120.11,3,5,9.5,0.2,3,0,0,0,1,1,0,0,1,0,4.483059238918499
7604,120.14,49,151,237.3,0.2,51,0,0,0,0,0,1,2,2,5,1.56023570026633
7605,120.15,12,44,45.6,0.2,12,0,0,0,1,1,0,5,1,0,1.5282484808413543
7606,120.17,30,85,132.1,0.2,30,0,0,0,1,1,0,4,1,4,1.4958870749673754
7607,120.2,47,131,207.5,0.2,47,0,0,0,1,1,0,9,3,4,1.4804688006571647
7608,120.23,46,144,207.1,0.2,47,0,0,0,1,1,0,8,3,5,1.4396300374651203
7609,120.23,1,6,-0.9,0.2,1,0,0,0,1,1,0,0,1,3,4.591266734252623
7610,120.25,17,50,79.9,0.2,18,0,0,0,1,1,0,0,2,1,1.3863996621703774
7611,120.25,6,18,20.2,0.2,6,0,0,0,1,1,0,3,1,0,2.3686034580768034
7612,120.26,17,47,74.2,0.2,17,0,0,0,1,1,0,1,1,1,1.7095507403071541
7613,120.29,49,147,237.0,0.2,51,0,0,0,0,0,1,3,3,2,1.5880376730713923
7614,120.3,11,23,44.6,0.2,11,0,0,0,1,1,0,3,2,1,2.2491971101103663
7615,120.31,19,49,83.0,0.2,19,0,0,0,1,1,0,2,2,1,1.7355131685503333
7616,120.33,29,86,126.9,0.2,29,0,0,0,1,1,0,4,2,5,1.4675678647424069
7617,120.34,9,21,34.8,0.2,9,0,0,0,1,1,0,3,1,1,2.461662139009328
7618,120.35,22,47,96.1,0.2,22,0,0,0,1,1,0,4,2,2,1.7449161648417721
7619,120.38,47,125,220.1,0.2,48,0,0,0,1,1,0,2,3,4,1.6857615156317955
7620,120.4,33,89,141.9,0.2,33,0,0,0,1,1,0,9,1,2,1.4262517494503648
7621,120.42,40,101,182.6,0.2,40,0,0,0,1,1,0,2,2,3,1.5617870578290556
7622,120.43,15,39,62.1,0.2,15,0,0,0,1,1,0,4,2,0,1.8048148879108845
7623,120.44,7,18,26.2,0.2,7,0,0,0,1,1,0,2,1,0,2.2440298603422324
7624,120.47,44,136,192.6,0.2,44,0,0,0,1,1,0,8,3,8,1.332026369778708
7625,120.48,14,34,66.6,0.2,15,0,0,0,1,1,0,0,1,0,1.5003229026715221
7626,120.49,19,57,81.2,0.2,19,0,0,0,1,1,0,3,1,1,1.5874877555949354
7627,120.51,42,114,189.4,0.2,42,0,0,0,1,1,0,4,4,2,1.2182021482000234
7628,120.53,36,89,164.0,0.2,36,0,0,0,1,1,0,2,1,1,1.6123941095534036
7629,120.55,14,50,52.8,0.2,14,0,0,0,1,1,0,7,1,2,1.4138591764335502
7630,120.55,5,13,18.7,0.2,5,0,0,0,1,1,0,0,1,0,3.2521456322396647
7631,120.58,43,134,188.3,0.2,43,0,0,0,1,1,0,8,1,3,1.4000763304966464
7632,120.6,39,95,175.5,0.2,39,0,0,0,1,1,0,5,3,0,1.601085574121604
7633,120.63,49,145,234.2,0.2,51,0,0,0,0,0,1,6,0,2,1.613197201832769
7634,120.66,49,152,236.1,0.2,51,0,0,0,0,0,1,3,1,6,1.4543303468599584
7635,120.67,24,69,105.9,0.2,24,0,0,0,1,1,0,2,3,2,1.4273942345766724
7636,120.68,1,5,-3.5,0.2,1,0,0,0,1,1,0,3,1,0,4.7198877048399535
7637,120.68,11,36,44.2,0.2,11,0,0,0,1,1,0,2,2,2,1.3062881863119422
7638,120.7,28,61,125.9,0.2,28,0,0,0,1,1,0,3,1,0,1.49784443786424
7639,120.73,49,154,217.7,0.2,49,0,0,0,1,1,0,6,4,9,1.34794546750342
7640,120.75,23,68,99.0,0.2,23,0,0,0,1,1,0,4,1,2,1.604660851942101
7641,120.78,49,175,222.7,0.2,51,0,0,0,0,0,1,14,5,7,1.4014309610368672
7642,120.82,49,160,231.7,0.2,51,0,0,0,0,0,1,7,4,2,1.604273457148861
7643,120.83,18,37,80.3,0.2,18,0,0,0,1,1,0,1,2,0,1.8533822045747106
7644,120.85,35,88,158.2,0.2,35,0,0,0,1,1,0,3,3,0,1.4812533595369992
7645,120.87,29,95,117.1,0.2,29,0,0,0,1,1,0,13,3,4,1.2722398361824674
7646,120.89,22,65,91.9,0.2,22,0,0,0,1,1,0,6,3,6,1.3979836775157295
7647,120.9,25,61,116.6,0.2,26,0,0,0,1,1,0,2,1,3,1.7095815219617647
7648,120.94,48,155,211.9,0.2,48,0,0,0,1,1,0,7,4,6,1.3509921273167482
7649,120.94,13,32,54.8,0.2,13,0,0,0,1,1,0,2,2,0,1.8803757775495307
7650,120.95,2,5,2.5,0.2,2,0,0,0,1,1,0,2,1,0,5.206667493997132
7651,120.97,36,79,161.7,0.2,36,0,0,0,1,1,0,5,2,4,1.6333255217357585
7652,120.97,5,17,16.0,0.2,5,0,0,0,1,1,0,2,1,3,2.0802910637716545
7653,120.98,21,48,93.8,0.2,21,0,0,0,1,1,0,1,3,4,1.4644718198773086
7654,120.99,14,36,61.4,0.2,14,0,0,0,1,1,0,0,2,0,1.7508289310285567
7655,121.01,35,90,158.7,0.2,35,0,0,0,1,1,0,2,1,3,1.1821870149584508
7656,121.03,30,89,129.8,0.2,30,0,0,0,1,1,0,6,1,3,1.386949116905632
7657,121.04,6,19,19.1,0.2,6,0,0,0,1,1,0,4,2,0,2.3935795609571064
7658,121.04,2,6,3.4,0.2,2,0,0,0,1,1,0,1,1,0,3.9155321152415765
7659,121.06,32,86,141.1,0.2,32,0,0,0,1,1,0,5,2,3,1.6056912249699216
7660,121.08,26,67,122.1,0.2,27,0,0,0,1,1,0,1,1,2,1.490127782050156
7661,121.08,1,5,3.5,0.2,2,0,0,0,1,1,0,1,1,0,4.772715930009961
7662,121.11,44,134,194.5,0.2,44,0,0,0,1,1,0,7,7,1,1.4864581731764384
7663,121.15,50,158,229.2,0.2,50,0,0,0,0,0,1,4,2,9,1.5816362495180303
7664,121.16,23,57,108.2,0.2,24,0,0,0,1,1,0,1,1,1,1.83855959497124
7665,121.2,49,168,212.6,0.2,49,0,0,0,1,1,0,10,5,6,1.400042144591361
7666,121.22,42,104,191.4,0.2,42,0,0,0,1,1,0,3,3,2,1.421062886458016
7667,121.24,29,84,127.5,0.2,29,0,0,0,1,1,0,4,2,1,1.5000393811966743
7668,121.27,47,128,210.7,0.2,47,0,0,0,1,1,0,6,3,5,1.392914397694843
7669,121.29,35,96,159.2,0.2,35,0,0,0,1,1,0,1,2,2,1.7067010112862615
7670,121.3,11,32,42.6,0.2,11,0,0,0,1,1,0,4,2,2,2.1153712513792238
7671,121.32,31,84,140.4,0.2,31,0,0,0,1,1,0,1,3,2,1.4095183354155227
7672,121.34,23,58,103.0,0.2,23,0,0,0,1,1,0,1,3,2,1.8535996901713434
7673,121.34,11,23,47.6,0.2,11,0,0,0,1,1,0,0,2,1,2.6112810529585855
7674,121.36,37,97,164.9,0.2,37,0,0,0,1,1,0,5,2,4,1.4433846978374265
7675,121.38,21,50,93.8,0.2,21,0,0,0,1,1,0,1,2,2,1.583283675050117
7676,121.38,3,12,7.8,0.2,3,0,0,0,1,1,0,1,1,0,3.1073318759140744
7677,121.41,49,161,229.1,0.2,51,0,0,0,0,0,1,9,1,7,1.4486565897248378
7678,121.43,31,92,141.5,0.2,32,0,0,0,1,1,0,4,2,3,1.231690581494967
7679,121.44,12,28,51.1,0.2,12,0,0,0,1,1,0,1,3,1,2.181161875912763
7680,121.46,39,97,178.7,0.2,39,0,0,0,1,1,0,1,2,6,1.6642973809926243
7681,121.49,43,101,193.7,0.2,43,0,0,0,1,1,0,6,2,2,1.4692945251086416
7682,121.51,41,109,184.9,0.2,41,0,0,0,1,1,0,4,5,2,1.4376106560862711
7683,121.52,16,48,70.1,0.2,17,0,0,0,1,1,0,5,2,1,1.639356886813528
7684,121.54,29,74,129.0,0.2,29,0,0,0,1,1,0,3,2,6,1.5673647098628043
7685,121.54,1,5,3.5,0.2,2,0,0,0,1,1,0,1,1,0,4.938641970035268
7686,121.54,2,5,4.4,0.2,2,0,0,0,1,1,0,0,1,1,5.52264573864109
7687,121.56,27,77,115.8,0.2,27,0,0,0,1,1,0,6,3,5,1.3004312441567871
7688,121.57,9,27,37.1,0.2,9,0,0,0,1,1,0,0,1,2,1.5446184637423765
7689,121.58,23,60,102.7,0.2,23,0,0,0,1,1,0,1,2,3,1.5090064242842796
7690,121.61,43,120,193.8,0.2,43,0,0,0,1,1,0,4,2,2,1.5168408136490277
7691,121.61,2,5,1.5,0.2,2,0,0,0,1,1,0,3,1,0,6.007812770754019
7692,121.63,26,92,108.3,0.2,26,0,0,0,1,1,0,7,3,5,1.6313992708102039
7693,121.63,3,7,6.3,0.2,3,0,0,0,1,1,0,3,1,0,5.47166577441886
7694,121.63,5,9,19.1,0.2,5,0,0,0,1,1,0,0,1,0,3.540984702981843
7695,121.67,47,145,210.0,0.2,47,0,0,0,1,1,0,5,4,5,1.2255564194854025
7696,121.67,5,17,13.3,0.2,5,0,0,0,1,1,0,5,1,0,2.378652398205539
7697,121.68,11,18,47.1,0.2,11,0,0,0,1,1,0,1,2,1,2.981099185358797
7698,121.68,8,16,33.4,0.2,8,0,0,0,1,1,0,0,2,0,2.37324117009383
7699,121.69,25,53,112.7,0.2,25,0,0,0,1,1,0,2,2,0,1.805079699956314
7700,121.73,49,159,230.7,0.2,51,0,0,0,0,0,1,8,3,3,1.5234636016782654
7701,121.76,38,118,165.8,0.2,38,0,0,0,1,1,0,7,3,4,1.5090378949311567
7702,121.76,2,5,1.5,0.2,2,0,0,0,1,1,0,3,1,0,5.229783311383362
7703,121.78,27,78,122.0,0.2,28,0,0,0,1,1,0,5,4,2,1.3941912186131193
7704,121.8,34,102,146.7,0.2,34,0,0,0,1,1,0,8,3,1,1.4427163339308848
7705,121.81,16,47,66.0,0.2,16,0,0,0,1,1,0,4,2,3,1.829370232777241
7706,121.82,7,21,26.7,0.2,7,0,0,0,1,1,0,1,1,2,2.2787577722783614
7707,121.83,31,85,141.4,0.2,31,0,0,0,1,1,0,0,4,1,1.3903561710689731
7708,121.85,14,54,58.2,0.2,14,0,0,0,1,1,0,1,3,4,1.6249757318619682
7709,121.87,33,80,144.4,0.2,33,0,0,0,1,1,0,7,1,6,1.5346332833306924
7710,121.87,4,18,10.2,0.2,4,0,0,0,1,1,0,3,1,0,2.09499609934094
7711,121.88,19,44,83.5,0.2,19,0,0,0,1,1,0,2,3,1,1.5529248175809436
7712,121.91,49,153,219.1,0.2,49,0,0,0,1,1,0,5,3,6,1.4749814588839973
7713,121.91,4,8,13.2,0.2,4,0,0,0,1,1,0,1,1,0,3.7784838734535597
7714,121.93,25,64,112.5,0.2,25,0,0,0,1,1,0,1,2,1,1.5516357722224716
7715,121.95,25,65,111.4,0.2,25,0,0,0,1,1,0,2,1,1,1.4812272305673744
7716,121.95,2,10,9.0,0.2,3,0,0,0,1,1,0,0,1,0,2.86680396773865
7717,121.96,13,31,52.9,0.2,13,0,0,0,1,1,0,4,1,0,1.9918597645006462
7718,121.96,3,5,8.5,0.2,3,0,0,0,1,1,0,1,1,0,6.124860614266193
7719,122.0,49,152,215.3,0.2,49,0,0,0,1,1,0,9,5,5,1.3788081586977314
7720,122.02,28,65,125.5,0.2,28,0,0,0,1,1,0,3,2,0,1.4620265725729733
7721,122.03,13,27,53.3,0.2,13,0,0,0,1,1,0,4,2,0,1.8824682013366987
7722,122.04,17,50,76.7,0.2,18,0,0,0,1,1,0,3,2,3,1.3105920661943622
7723,122.04,3,12,8.7,0.2,3,0,0,0,1,1,0,0,1,1,2.4360746616761078
7724,122.05,7,16,25.4,0.2,7,0,0,0,1,1,0,3,2,0,2.8910477989996632
7725,122.08,44,141,199.5,0.2,45,0,0,0,1,1,0,6,6,4,1.3197775796053322
7726,122.08,7,29,23.0,0.2,7,0,0,0,1,1,0,4,2,1,1.7976969601593875
7727,122.09,2,5,7.5,0.2,3,0,0,0,1,1,0,2,1,0,5.569376149710919
7728,122.1,29,79,126.9,0.2,29,0,0,0,1,1,0,5,3,2,1.81456948014722
7729,122.13,34,95,150.1,0.2,34,0,0,0,1,1,0,5,2,4,1.573274026894266
7730,122.15,39,97,175.0,0.2,39,0,0,0,1,1,0,5,5,3,1.4707719929909624
7731,122.18,41,118,181.8,0.2,41,0,0,0,1,1,0,6,4,4,1.2999911749032236
7732,122.19,16,42,69.8,0.2,16,0,0,0,1,1,0,1,1,0,1.7662599712871832
7733,122.22,50,144,234.1,0.2,50,0,0,0,0,0,1,1,5,4,1.4949069580413201
7734,122.25,49,170,233.4,0.2,51,0,0,0,0,0,1,4,2,5,1.4374714633517112
7735,122.27,32,86,142.2,0.2,32,0,0,0,1,1,0,4,1,2,1.3698896290597267
7736,122.3,47,127,209.0,0.2,47,0,0,0,1,1,0,8,3,3,1.5230110631731755
7737,122.31,11,34,43.5,0.2,11,0,0,0,1,1,0,3,1,1,1.6263326241179459
7738,122.31,2,5,4.5,0.2,2,0,0,0,1,1,0,0,1,0,5.011746250716499
7739,122.34,49,163,233.1,0.2,51,0,0,0,0,0,1,5,4,5,1.4106061012727027
7740,122.35,9,26,34.2,0.2,9,0,0,0,1,1,0,3,2,2,2.048788344757703
7741,122.37,33,94,145.6,0.2,33,0,0,0,1,1,0,5,1,0,1.395516318676552
7742,122.37,9,18,37.2,0.2,9,0,0,0,1,1,0,1,1,0,2.20234161419619
7743,122.38,9,28,37.0,0.2,9,0,0,0,1,1,0,0,2,2,2.0083771301212936
7744,122.38,7,25,25.3,0.2,7,0,0,0,1,1,0,2,1,2,1.7506905921045646
7745,122.39,3,5,13.5,0.2,4,0,0,0,1,1,0,1,1,0,5.172163039100252
7746,122.42,49,136,236.0,0.2,51,0,0,0,0,0,1,5,2,3,1.433887659769853
7747,122.45,49,142,232.4,0.2,51,0,0,0,0,0,1,8,4,3,1.385400618693274
7748,122.48,49,158,226.7,0.2,51,0,0,0,0,0,1,12,1,4,1.4446257100035103
7749,122.48,1,5,-3.5,0.2,1,0,0,0,1,1,0,3,1,0,5.880001935946881
7750,122.49,32,64,144.6,0.2,32,0,0,0,1,1,0,4,4,0,1.7194982919513517
7751,122.51,30,79,138.9,0.2,31,0,0,0,1,1,0,3,3,2,1.4347015142302837
7752,122.55,50,179,224.2,0.2,50,0,0,0,0,0,1,7,2,8,1.2658597556312565
7753,122.58,44,127,203.2,0.2,45,0,0,0,1,1,0,4,5,1,1.3711165001142516
7754,122.58,3,5,9.5,0.2,3,0,0,0,1,1,0,0,1,0,4.827860684125158
7755,122.6,24,68,101.0,0.2,24,0,0,0,1,1,0,7,2,2,1.352934329040705
7756,122.6,1,5,-1.5,0.2,1,0,0,0,1,1,0,1,1,0,6.405436812123256
7757,122.6,2,5,4.5,0.2,2,0,0,0,1,1,0,0,1,0,4.876464861638631
7758,122.63,44,135,194.2,0.2,44,0,0,0,1,1,0,7,3,3,1.3174336213479432
7759,122.64,18,40,78.9,0.2,18,0,0,0,1,1,0,2,1,1,1.6005909580237776
7760,122.65,8,40,25.9,0.2,8,0,0,0,1,1,0,5,2,1,1.4233553937360273
7761,122.65,0,5,-6.5,0.2,0,0,0,0,1,1,0,1,1,0,4.807264182236464
7762,122.66,9,21,37.7,0.2,9,0,0,0,1,1,0,0,1,2,2.2239429994240902
7763,122.66,10,26,44.4,0.2,11,0,0,0,1,1,0,3,2,0,1.757227075075188
7764,122.67,2,8,2.2,0.2,2,0,0,0,1,1,0,2,1,0,3.531822171231168
7765,122.69,45,119,204.8,0.2,45,0,0,0,1,1,0,3,3,3,1.530758412968671
7766,122.69,2,5,2.5,0.2,2,0,0,0,1,1,0,2,1,0,5.201354246184619
7767,122.69,2,9,1.1,0.2,2,0,0,0,1,1,0,3,1,0,3.2228248046350907
7768,122.7,4,11,16.9,0.2,5,0,0,0,1,1,0,2,1,0,3.070147752480767
7769,122.71,28,55,128.5,0.2,28,0,0,0,1,1,0,1,2,0,1.8851241228525148
7770,122.72,20,54,86.6,0.2,20,0,0,0,1,1,0,3,1,0,1.51739074946331
7771,122.76,50,172,226.2,0.2,50,0,0,0,0,0,1,6,2,5,1.6454155383916367
7772,122.77,11,37,45.1,0.2,11,0,0,0,1,1,0,1,2,2,1.7243318505323284
7773,122.79,29,81,127.5,0.2,29,0,0,0,1,1,0,4,3,4,1.5632926277952672
7774,122.79,4,8,14.1,0.2,4,0,0,0,1,1,0,0,1,1,4.0146515673729875
7775,122.79,4,11,13.9,0.2,4,0,0,0,1,1,0,0,1,0,3.0373601397178334
7776,122.8,5,14,23.6,0.2,6,0,0,0,1,1,0,0,1,0,2.0129134687357673
7777,122.82,49,129,237.7,0.2,51,0,0,0,0,0,1,4,3,3,1.6074645843956568
7778,122.84,19,49,80.0,0.2,19,0,0,0,1,1,0,5,2,1,1.847081377701766
7779,122.87,49,155,232.8,0.2,51,0,0,0,0,0,1,6,6,6,1.60342949061689
7780,122.87,3,15,4.5,0.2,3,0,0,0,1,1,0,4,1,0,2.0200854365235137
7781,122.88,10,26,40.4,0.2,10,0,0,0,1,1,0,2,3,0,2.0409338031478663
7782,122.89,18,41,79.6,0.2,18,0,0,0,1,1,0,1,3,3,1.6929087500586328
7783,122.9,29,77,129.9,0.2,29,0,0,0,1,1,0,2,3,4,1.2514635897567687
7784,122.93,49,147,230.6,0.2,51,0,0,0,0,0,1,9,1,6,1.4773914070189358
7785,122.96,49,129,234.8,0.2,51,0,0,0,0,0,1,7,2,2,1.622919556477588
7786,122.99,49,143,234.3,0.2,51,0,0,0,0,0,1,6,1,3,1.546854051365018
7787,123.0,25,64,113.4,0.2,25,0,0,0,1,1,0,0,3,2,1.4249549234841705
7788,123.02,30,75,133.4,0.2,30,0,0,0,1,1,0,4,4,1,1.7842859382762348
7789,123.04,43,116,196.1,0.2,43,0,0,0,1,1,0,2,3,3,1.5164375814106499
7790,123.08,49,175,227.1,0.2,51,0,0,0,0,0,1,10,7,3,1.397659053128943
7791,123.09,20,61,84.7,0.2,20,0,0,0,1,1,0,4,3,2,1.4179102190040571
7792,123.12,40,119,175.3,0.2,40,0,0,0,1,1,0,7,3,8,1.243107404686929
7793,123.14,36,86,163.9,0.2,36,0,0,0,1,1,0,2,3,5,1.364371088999594
7794,123.15,19,50,81.9,0.2,19,0,0,0,1,1,0,3,2,1,2.036099677847705
7795,123.17,30,88,133.7,0.2,30,0,0,0,1,1,0,2,1,5,1.5731523406003434
7796,123.17,2,13,0.7,0.2,2,0,0,0,1,1,0,3,1,0,2.500773912486871
7797,123.19,32,98,134.7,0.2,32,0,0,0,1,1,0,10,1,5,1.5180513634109438
7798,123.21,22,55,95.5,0.2,22,0,0,0,1,1,0,4,1,0,1.6890312600455493
7799,123.23,45,130,199.5,0.2,45,0,0,0,1,1,0,7,7,5,1.4343166623072607
7800,123.24,4,13,10.7,0.2,4,0,0,0,1,1,0,3,1,0,2.610928566391805
7801,123.24,7,13,28.7,0.2,7,0,0,0,1,1,0,0,1,0,3.0499204429297246
7802,123.25,19,51,83.5,0.2,19,0,0,0,1,1,0,1,1,4,1.6066835778784356
7803,123.26,23,54,104.4,0.2,23,0,0,0,1,1,0,0,1,2,1.8529943824644735
7804,123.27,5,12,23.7,0.2,6,0,0,0,1,1,0,0,2,1,2.610787891016352
7805,123.28,21,71,87.8,0.2,21,0,0,0,1,1,0,5,3,1,1.5496526728516982
7806,123.31,44,153,189.0,0.2,44,0,0,0,1,1,0,10,4,7,1.3026687339211793
7807,123.34,39,109,172.9,0.2,39,0,0,0,1,1,0,6,3,2,1.2422670533015086
7808,123.35,31,74,137.5,0.2,31,0,0,0,1,1,0,5,3,1,1.7056851008698257
7809,123.37,39,111,172.6,0.2,39,0,0,0,1,1,0,6,2,3,1.6516491131177604
7810,123.38,3,5,9.5,0.2,3,0,0,0,1,1,0,0,1,0,4.716458617740689
7811,123.38,7,17,25.3,0.2,7,0,0,0,1,1,0,3,1,0,2.237015046599089
7812,123.39,12,26,50.4,0.2,12,0,0,0,1,1,0,2,2,0,2.063120848984799
7813,123.42,43,133,189.3,0.2,43,0,0,0,1,1,0,7,2,4,1.5227719293007957
7814,123.43,16,52,65.6,0.2,16,0,0,0,1,1,0,4,2,2,1.678785972777259
7815,123.44,17,54,69.4,0.2,17,0,0,0,1,1,0,5,2,2,1.6217517048068781
7816,123.44,2,5,4.5,0.2,2,0,0,0,1,1,0,0,1,0,5.636900268102389
7817,123.45,6,17,22.2,0.2,6,0,0,0,1,1,0,1,1,1,2.597438044433766
7818,123.45,2,6,3.4,0.2,2,0,0,0,1,1,0,1,1,0,4.226314944205085
7819,123.45,14,25,61.3,0.2,14,0,0,0,1,1,0,1,1,2,2.6645987425337614
7820,123.46,6,16,23.4,0.2,6,0,0,0,1,1,0,0,1,0,2.552436135712755
7821,123.46,9,19,38.1,0.2,9,0,0,0,1,1,0,0,1,0,2.4608404218876903
7822,123.46,2,5,1.5,0.2,2,0,0,0,1,1,0,3,1,0,5.941516671846929
7823,123.47,6,24,16.3,0.2,6,0,0,0,1,1,0,6,2,3,2.1685405027340448
7824,123.47,1,5,-1.6,0.2,1,0,0,0,1,1,0,1,1,1,4.5019695918547935
7825,123.49,30,93,128.4,0.2,30,0,0,0,1,1,0,7,2,3,1.4483445623628182
7826,123.51,38,95,173.3,0.2,38,0,0,0,1,1,0,2,5,2,1.4023410668536145
7827,123.51,2,5,2.4,0.2,2,0,0,0,1,1,0,2,1,1,4.89422981682927
7828,123.52,2,11,3.9,0.2,2,0,0,0,1,1,0,0,1,0,2.960984117713055
7829,123.53,35,91,157.5,0.2,35,0,0,0,1,1,0,3,1,4,1.3463377664171021
7830,123.54,1,5,-3.5,0.2,1,0,0,0,1,1,0,3,1,0,6.17672249535388
7831,123.54,9,20,37.8,0.2,9,0,0,0,1,1,0,0,2,2,2.285433895997161
7832,123.54,4,9,14.1,0.2,4,0,0,0,1,1,0,0,1,0,3.5814032350655998
7833,123.58,49,169,226.4,0.2,51,0,0,0,0,0,1,11,4,6,1.4919691432865996
7834,123.6,21,62,86.7,0.2,21,0,0,0,1,1,0,7,2,1,1.5600112972528735
7835,123.61,21,59,90.7,0.2,21,0,0,0,1,1,0,3,2,4,1.5801815337059486
7836,123.63,31,85,135.9,0.2,31,0,0,0,1,1,0,5,1,6,1.3162227934762427
7837,123.64,8,31,29.5,0.2,8,0,0,0,1,1,0,2,1,4,1.6454537385083274
7838,123.66,29,83,128.5,0.2,29,0,0,0,1,1,0,3,2,2,1.4946233428908353
7839,123.69,50,164,221.9,0.2,50,0,0,0,0,0,1,11,3,6,1.2977938145998402
7840,123.71,37,100,163.6,0.2,37,0,0,0,1,1,0,6,4,4,1.57932326743965
7841,123.73,26,64,117.4,0.2,26,0,0,0,1,1,0,1,4,2,1.8251291531302196
7842,123.73,14,32,55.7,0.2,14,0,0,0,1,1,0,6,2,1,2.1055170394520855
7843,123.74,11,26,45.2,0.2,11,0,0,0,1,1,0,2,2,2,1.9031228148815877
7844,123.74,5,15,16.4,0.2,5,0,0,0,1,1,0,2,1,1,3.2766218714377446
7845,123.74,1,5,-1.6,0.2,1,0,0,0,1,1,0,1,1,1,5.34039032389655
7846,123.77,40,122,178.4,0.2,40,0,0,0,1,1,0,4,4,4,1.3563043928335325
7847,123.79,24,73,99.3,0.2,24,0,0,0,1,1,0,8,4,4,1.6169464434893148
7848,123.8,16,45,68.1,0.2,16,0,0,0,1,1,0,2,2,4,1.7817971421978098
7849,123.82,38,96,170.9,0.2,38,0,0,0,1,1,0,4,2,5,1.600165515959733
7850,123.84,43,130,190.6,0.2,43,0,0,0,1,1,0,6,8,4,1.4512719886775196
7851,123.86,19,57,83.1,0.2,19,0,0,0,1,1,0,1,2,2,1.3834480434684173
7852,123.89,50,156,229.9,0.2,50,0,0,0,0,0,1,4,7,4,1.4875509595781498
7853,123.91,43,114,194.3,0.2,43,0,0,0,1,1,0,4,3,3,1.5287665516399733
7854,123.92,17,44,71.5,0.2,17,0,0,0,1,1,0,4,2,1,1.490284019474201
7855,123.94,38,100,171.6,0.2,38,0,0,0,1,1,0,3,3,4,1.394291141705924
7856,123.95,11,26,49.3,0.2,12,0,0,0,1,1,0,3,1,1,2.286132216914644
7857,123.98,50,149,232.0,0.2,50,0,0,0,0,0,1,2,3,10,1.3629234289758974
7858,124.01,49,152,236.0,0.2,51,0,0,0,0,0,1,3,1,7,1.5206918385550872
7859,124.03,19,51,81.4,0.2,19,0,0,0,1,1,0,3,1,5,1.464725723108762
7860,124.05,41,103,185.4,0.2,41,0,0,0,1,1,0,4,4,3,1.2816840881595712
7861,124.08,49,144,234.2,0.2,51,0,0,0,0,0,1,6,2,3,1.4736312430923488
7862,124.08,5,10,18.0,0.2,5,0,0,0,1,1,0,1,1,0,3.203961384786882
7863,124.08,1,5,3.4,0.2,2,0,0,0,1,1,0,1,1,1,4.521681199172194
7864,124.09,2,8,3.2,0.2,2,0,0,0,1,1,0,1,1,0,3.059159900505172
7865,124.09,15,36,65.4,0.2,15,0,0,0,1,1,0,1,1,0,1.925451831682717
7866,124.1,1,5,-1.7,0.2,1,0,0,0,1,1,0,1,1,2,4.974458457322794
7867,124.1,8,26,27.4,0.2,8,0,0,0,1,1,0,5,2,0,1.8343539014640906
7868,124.12,18,56,73.3,0.2,18,0,0,0,1,1,0,6,1,1,1.6683093481592128
7869,124.12,11,25,46.4,0.2,11,0,0,0,1,1,0,1,1,1,2.297298447113465
7870,124.15,49,148,234.8,0.2,51,0,0,0,0,0,1,5,5,3,1.4702138200225168
7871,124.17,35,92,157.7,0.2,35,0,0,0,1,1,0,3,2,1,1.3122376361428507
7872,124.18,3,11,7.8,0.2,3,0,0,0,1,1,0,1,1,1,2.658749724703517
7873,124.2,40,116,177.3,0.2,40,0,0,0,1,1,0,6,5,1,1.538370180437507
7874,124.22,30,81,132.6,0.2,30,0,0,0,1,1,0,4,2,3,1.4098363444867201
7875,124.23,15,40,69.8,0.2,16,0,0,0,1,1,0,1,3,2,1.850576462054816
7876,124.24,20,50,88.7,0.2,20,0,0,0,1,1,0,1,2,3,1.5992089620877932
7877,124.24,9,26,36.4,0.2,9,0,0,0,1,1,0,1,1,0,1.8802032595887899
7878,124.25,7,18,33.1,0.2,8,0,0,0,1,1,0,0,1,1,2.3635118139749953
7879,124.26,22,61,100.3,0.2,23,0,0,0,1,1,0,3,2,6,1.4047042323611252
7880,124.27,4,5,14.5,0.2,4,0,0,0,1,1,0,0,1,0,5.377382872868068
7881,124.27,15,35,63.3,0.2,15,0,0,0,1,1,0,3,2,2,2.039720119490807
7882,124.29,24,59,104.9,0.2,24,0,0,0,1,1,0,4,3,2,1.800178975379588
7883,124.31,41,134,177.3,0.2,41,0,0,0,1,1,0,9,2,3,1.5352169988214779
7884,124.34,38,123,168.1,0.2,38,0,0,0,1,1,0,4,3,6,1.275564352560878
7885,124.34,2,5,1.5,0.2,2,0,0,0,1,1,0,3,1,0,5.889021979550593
7886,124.34,1,6,4.3,0.2,2,0,0,0,1,1,0,0,1,1,4.378279936318152
7887,124.34,2,5,1.5,0.2,2,0,0,0,1,1,0,3,1,0,6.246150817184804
7888,124.35,2,8,3.2,0.2,2,0,0,0,1,1,0,1,1,0,3.4846015411312905
7889,124.37,49,132,236.1,0.2,51,0,0,0,0,0,1,5,4,6,1.4866379957853768
7890,124.38,20,52,85.8,0.2,20,0,0,0,1,1,0,4,2,0,1.6038121908332172
7891,124.41,44,116,200.2,0.2,44,0,0,0,1,1,0,3,3,2,1.4983682002686018
7892,124.42,16,48,65.0,0.2,16,0,0,0,1,1,0,5,1,2,1.7846512263958936
7893,124.46,46,163,206.8,0.2,47,0,0,0,1,1,0,6,5,9,1.4033532167054767
7894,124.46,2,5,4.5,0.2,2,0,0,0,1,1,0,0,1,0,4.832731366686329
7895,124.47,11,27,44.0,0.2,11,0,0,0,1,1,0,3,2,3,2.363834280987626
7896,124.48,15,37,63.2,0.2,15,0,0,0,1,1,0,3,1,1,1.8537009461502303
7897,124.51,49,153,232.8,0.2,51,0,0,0,0,0,1,6,4,8,1.380017789163862
7898,124.54,46,130,208.6,0.2,46,0,0,0,1,1,0,3,3,4,1.5299131296265036
7899,124.54,4,14,12.5,0.2,4,0,0,0,1,1,0,1,1,1,2.541696191339413
7900,124.55,16,44,70.6,0.2,17,0,0,0,1,1,0,5,2,0,1.6620266940950892
7901,124.57,29,74,132.6,0.2,30,0,0,0,1,1,0,5,3,0,1.3267276705448139
7902,124.58,22,57,95.2,0.2,22,0,0,0,1,1,0,4,1,1,1.518197231653673
7903,124.6,25,68,109.1,0.2,25,0,0,0,1,1,0,4,3,1,1.4236048867523274
7904,124.6,10,25,47.3,0.2,11,0,0,0,1,1,0,0,3,2,1.916072194509262
7905,124.63,49,129,240.7,0.2,51,0,0,0,0,0,1,1,2,3,1.5278160167598278
7906,124.65,35,111,149.7,0.2,35,0,0,0,1,1,0,9,3,2,1.3918404903244601
7907,124.67,39,106,172.8,0.2,39,0,0,0,1,1,0,6,3,6,1.3781032001648104
7908,124.69,21,51,90.5,0.2,21,0,0,0,1,1,0,4,1,4,1.6922479717414438
7909,124.69,2,5,3.5,0.2,2,0,0,0,1,1,0,1,1,0,4.547428435838148
7910,124.71,43,100,195.7,0.2,43,0,0,0,1,1,0,4,2,3,1.35259881475411
7911,124.71,9,27,40.2,0.2,10,0,0,0,1,1,0,2,1,1,1.6994412426126755
7912,124.74,49,135,222.0,0.2,49,0,0,0,1,1,0,4,3,5,1.2487967794423058
7913,124.78,49,174,226.8,0.2,51,0,0,0,0,0,1,10,2,7,1.4444797605291175
7914,124.79,13,32,53.7,0.2,13,0,0,0,1,1,0,3,1,1,2.1061043515721485
7915,124.8,17,44,73.4,0.2,17,0,0,0,1,1,0,2,2,2,1.4591524160293963
7916,124.83,50,159,219.8,0.2,50,0,0,0,1,1,0,9,6,3,1.5098586522089297
7917,124.83,3,5,9.5,0.2,3,0,0,0,1,1,0,0,1,0,4.741727965122367
7918,124.83,2,5,3.5,0.2,2,0,0,0,1,1,0,1,1,0,4.263247051853415
7919,124.84,13,31,54.8,0.2,13,0,0,0,1,1,0,2,2,1,1.9127036969897122
7920,124.85,19,38,85.0,0.2,19,0,0,0,1,1,0,1,1,2,1.7905305717828335
7921,124.87,33,93,147.3,0.2,33,0,0,0,1,1,0,3,2,4,1.4844816348190852
7922,124.89,33,87,145.2,0.2,33,0,0,0,1,1,0,6,2,1,1.71528901345257
7923,124.89,9,22,36.8,0.2,9,0,0,0,1,1,0,1,1,0,2.166085248075301
7924,124.92,37,119,167.3,0.2,38,0,0,0,1,1,0,5,3,8,1.4087762563265271
7925,124.92,3,8,8.2,0.2,3,0,0,0,1,1,0,1,1,0,3.3471236316568818
7926,124.93,1,7,-1.8,0.2,1,0,0,0,1,1,0,1,1,1,3.7076053245712255
7927,124.93,2,5,4.3,0.2,2,0,0,0,1,1,0,0,1,2,4.772725819320356
7928,124.93,4,13,10.7,0.2,4,0,0,0,1,1,0,3,1,0,3.171320714391596
7929,124.94,20,50,93.8,0.2,21,0,0,0,1,1,0,1,1,2,1.4518664898055322
7930,124.95,19,51,79.6,0.2,19,0,0,0,1,1,0,5,2,3,1.712953038710342
7931,124.96,2,5,1.5,0.2,2,0,0,0,1,1,0,3,1,0,5.601986189064121
7932,124.96,5,13,17.7,0.2,5,0,0,0,1,1,0,1,2,0,2.6457004386069602
7933,124.98,42,123,185.2,0.2,42,0,0,0,1,1,0,7,5,5,1.2251628216579538
7934,125.0,34,94,150.3,0.2,34,0,0,0,1,1,0,5,2,3,1.309874180012082
7935,125.04,44,152,192.2,0.2,44,0,0,0,1,1,0,7,3,6,1.4674221334242958
7936,125.05,24,52,108.6,0.2,24,0,0,0,1,1,0,1,2,2,1.3807349322376044
7937,125.08,49,139,231.8,0.2,51,0,0,0,0,0,1,9,1,2,1.5048997594987163
7938,125.1,34,94,149.1,0.2,34,0,0,0,1,1,0,6,2,5,1.473399157540442
7939,125.11,8,34,27.4,0.2,8,0,0,0,1,1,0,4,1,2,1.8277123680180623
7940,125.13,43,107,189.2,0.2,43,0,0,0,1,1,0,10,5,1,1.4641009002199212
7941,125.14,5,16,14.4,0.2,5,0,0,0,1,1,0,4,1,0,2.4109718232174897
7942,125.14,1,6,-1.6,0.2,1,0,0,0,1,1,0,1,1,0,3.871984464285923
7943,125.16,25,71,106.6,0.2,25,0,0,0,1,1,0,6,2,3,1.4111374056067214
7944,125.16,6,22,17.7,0.2,6,0,0,0,1,1,0,5,2,1,1.910714473667432
7945,125.16,4,14,11.5,0.2,4,0,0,0,1,1,0,2,1,1,2.2211869608019605
7946,125.17,3,14,7.5,0.2,3,0,0,0,1,1,0,1,1,1,2.7385872069864874
7947,125.18,13,30,55.9,0.2,13,0,0,0,1,1,0,1,3,1,1.9166012090382898
7948,125.18,11,23,47.7,0.2,11,0,0,0,1,1,0,0,1,0,2.1543577267359924
7949,125.18,2,5,9.4,0.2,3,0,0,0,1,1,0,0,1,1,4.388536910180424
7950,125.2,23,71,101.8,0.2,24,0,0,0,1,1,0,6,4,1,1.736216955805356
7951,125.23,49,165,227.9,0.2,51,0,0,0,0,0,1,10,3,5,1.404519528050206
7952,125.27,49,168,214.8,0.2,49,0,0,0,1,1,0,8,3,4,1.4579012275339152
7953,125.27,11,29,45.0,0.2,11,0,0,0,1,1,0,2,2,1,1.87078603911955
7954,125.29,32,89,140.9,0.2,32,0,0,0,1,1,0,5,3,2,1.4507859847407423
7955,125.31,18,60,79.7,0.2,19,0,0,0,1,1,0,4,1,3,1.5221750206281768
7956,125.32,27,71,118.5,0.2,27,0,0,0,1,1,0,4,2,4,1.431135267249316
7957,125.33,14,36,63.4,0.2,15,0,0,0,1,1,0,3,1,0,1.9042790383765151
7958,125.36,49,168,229.7,0.2,51,0,0,0,0,0,1,8,5,4,1.4332025812273272
7959,125.37,6,16,21.3,0.2,6,0,0,0,1,1,0,2,1,1,2.7636981601777935
7960,125.37,1,7,2.3,0.2,2,0,0,0,1,1,0,2,1,0,3.74514065747081
7961,125.39,38,94,169.1,0.2,38,0,0,0,1,1,0,6,2,5,1.501024485018875
7962,125.4,9,26,41.1,0.2,10,0,0,0,1,1,0,1,1,3,2.1889640314598506
7963,125.4,3,6,14.3,0.2,4,0,0,0,1,1,0,0,1,1,5.111567716975746
7964,125.4,3,7,13.3,0.2,4,0,0,0,1,1,0,1,1,0,4.0971734111100915
7965,125.43,49,148,234.4,0.2,51,0,0,0,0,0,1,5,2,7,1.4148551768352844
7966,125.45,36,101,161.7,0.2,36,0,0,0,1,1,0,3,4,2,1.3712344948645323
7967,125.48,46,126,208.0,0.2,46,0,0,0,1,1,0,4,4,4,1.4713733541793044
7968,125.51,50,179,226.6,0.2,50,0,0,0,0,0,1,5,4,4,1.3334500538582268
7969,125.52,12,25,47.5,0.2,12,0,0,0,1,1,0,5,1,0,2.0366013628002078
7970,125.52,15,32,65.6,0.2,15,0,0,0,1,1,0,1,1,2,2.069625760079091
7971,125.54,27,71,117.8,0.2,27,0,0,0,1,1,0,5,2,1,1.4831321181810135
7972,125.55,13,33,58.5,0.2,14,0,0,0,1,1,0,3,1,2,1.8936126222510046
7973,125.56,27,65,126.4,0.2,28,0,0,0,1,1,0,2,3,1,1.7510343907472605
7974,125.57,5,15,15.5,0.2,5,0,0,0,1,1,0,3,1,0,2.2573522684044347
7975,125.57,2,5,7.5,0.2,3,0,0,0,1,1,0,2,1,0,5.3314316415733405
7976,125.57,2,5,1.5,0.2,2,0,0,0,1,1,0,3,1,0,5.525626477563813
7977,125.58,12,39,47.8,0.2,12,0,0,0,1,1,0,3,1,3,1.691241736553515
7978,125.6,35,93,154.6,0.2,35,0,0,0,1,1,0,6,3,1,1.4498019661964177
7979,125.62,45,133,198.6,0.2,45,0,0,0,1,1,0,8,4,1,1.3353698091119952
7980,125.65,42,136,180.2,0.2,42,0,0,0,1,1,0,11,2,2,1.3162751486781172
7981,125.69,49,163,230.4,0.2,51,0,0,0,0,0,1,7,1,12,1.4024591417056211
7982,125.71,39,106,173.2,0.2,39,0,0,0,1,1,0,6,1,2,1.2719750874632876
7983,125.72,24,59,106.8,0.2,24,0,0,0,1,1,0,2,3,3,1.6972677413479316
7984,125.75,41,118,182.6,0.2,41,0,0,0,1,1,0,5,5,6,1.4112060357501157
7985,125.77,35,86,157.2,0.2,35,0,0,0,1,1,0,4,3,2,1.6058602852250805
7986,125.78,33,74,148.5,0.2,33,0,0,0,1,1,0,4,2,1,1.7636904339858375
7987,125.79,4,11,11.9,0.2,4,0,0,0,1,1,0,2,1,0,2.882467785665068
7988,125.82,49,140,236.7,0.2,51,0,0,0,0,0,1,4,3,2,1.6374584949327486
7989,125.83,33,72,153.5,0.2,34,0,0,0,1,1,0,4,1,3,1.5636960296039502
7990,125.87,47,161,207.5,0.2,47,0,0,0,1,1,0,6,5,4,1.4659119903555706
7991,125.87,4,16,10.3,0.2,4,0,0,0,1,1,0,3,1,1,2.8744467073285183
7992,125.91,49,168,230.7,0.2,51,0,0,0,0,0,1,7,3,4,1.4678903135801897
7993,125.91,2,5,3.4,0.2,2,0,0,0,1,1,0,1,1,1,4.250793560409086
7994,125.91,2,5,4.5,0.2,2,0,0,0,1,1,0,0,1,0,5.242357112610834
7995,125.93,28,92,120.3,0.2,28,0,0,0,1,1,0,5,5,5,1.3612605939952547
7996,125.93,5,19,16.0,0.2,5,0,0,0,1,1,0,2,1,1,1.7699097832672976
7997,125.94,19,53,82.5,0.2,19,0,0,0,1,1,0,2,2,2,1.4053182748211843
7998,125.96,24,68,102.0,0.2,24,0,0,0,1,1,0,6,3,2,1.779962997177292
7999,125.98,26,73,113.6,0.2,26,0,0,0,1,1,0,4,2,1,1.430903818911194
8000,125.98,2,6,3.4,0.2,2,0,0,0,1,1,0,1,1,0,3.9749205551329214
8001,125.98,1,5,4.4,0.2,2,0,0,0,1,1,0,0,1,1,4.91975387206565
8002,125.98,1,5,-1.5,0.2,1,0,0,0,1,1,0,1,1,0,5.1603102638819465
8003,125.99,10,32,40.5,0.2,10,0,0,0,1,1,0,1,2,3,1.7013356602732796
8004,125.99,2,7,1.3,0.2,2,0,0,0,1,1,0,3,1,0,4.169147192082148
8005,126.01,31,81,139.8,0.2,31,0,0,0,1,1,0,2,2,1,1.4962340337718405
8006,126.01,2,6,8.4,0.2,3,0,0,0,1,1,0,1,1,0,4.248582372093176
8007,126.03,30,79,134.0,0.2,30,0,0,0,1,1,0,3,2,1,1.3888117712152408
8008,126.06,49,143,223.2,0.2,49,0,0,0,1,1,0,2,4,5,1.4678496614531802
8009,126.07,22,66,98.3,0.2,23,0,0,0,1,1,0,5,3,1,1.5475910488713454
8010,126.07,3,8,8.2,0.2,3,0,0,0,1,1,0,1,1,0,3.1417904638126712
8011,126.08,8,24,36.5,0.2,9,0,0,0,1,1,0,1,2,1,1.8004560286881688
8012,126.08,6,21,19.9,0.2,6,0,0,0,1,1,0,3,1,0,2.5384846288256644
8013,126.1,20,62,83.6,0.2,20,0,0,0,1,1,0,5,1,2,1.453564181099657
8014,126.13,49,156,229.0,0.2,51,0,0,0,0,0,1,10,4,3,1.5940693212265482
8015,126.14,25,56,109.4,0.2,25,0,0,0,1,1,0,5,4,0,1.7111868402712689
8016,126.15,15,31,63.8,0.2,15,0,0,0,1,1,0,3,1,1,1.873107706219801
8017,126.17,36,94,162.1,0.2,36,0,0,0,1,1,0,3,4,5,1.302836306675776
8018,126.18,21,59,87.8,0.2,21,0,0,0,1,1,0,6,1,3,1.6518737731474045
8019,126.19,5,15,15.5,0.2,5,0,0,0,1,1,0,3,1,0,3.293973032110948
8020,126.21,46,126,207.0,0.2,46,0,0,0,1,1,0,5,5,4,1.657625286264929
8021,126.22,4,14,10.5,0.2,4,0,0,0,1,1,0,3,2,1,2.4807873189258793
8022,126.23,19,42,82.7,0.2,19,0,0,0,1,1,0,3,2,1,2.193493632168805
8023,126.24,18,52,72.7,0.2,18,0,0,0,1,1,0,7,1,1,1.4547823342438426
8024,126.27,49,164,235.1,0.2,51,0,0,0,0,0,1,3,2,4,1.5424503012031618
8025,126.3,50,145,230.3,0.2,50,0,0,0,0,0,1,5,3,1,1.3164227059670779
8026,126.31,6,15,20.4,0.2,6,0,0,0,1,1,0,3,2,1,2.6855470719050136
8027,126.32,9,28,40.1,0.2,10,0,0,0,1,1,0,2,1,1,2.1096874817639417
8028,126.35,48,131,223.6,0.2,49,0,0,0,1,1,0,3,4,3,1.4388928289636562
8029,126.36,16,42,69.6,0.2,16,0,0,0,1,1,0,1,3,2,1.3253951011183627
8030,126.38,32,94,139.4,0.2,32,0,0,0,1,1,0,6,3,2,1.514709217489
8031,126.42,49,171,231.5,0.2,51,0,0,0,0,0,1,6,4,3,1.4062232417242702
8032,126.42,1,5,-1.5,0.2,1,0,0,0,1,1,0,1,1,0,5.964473884670543
8033,126.45,50,153,221.4,0.2,50,0,0,0,1,1,0,8,6,3,1.4576982743241371
8034,126.47,23,58,105.1,0.2,24,0,0,0,1,1,0,4,2,1,1.5291336918157388
8035,126.47,8,18,37.1,0.2,9,0,0,0,1,1,0,1,1,1,2.468592805227519
8036,126.48,19,45,85.3,0.2,19,0,0,0,1,1,0,0,1,2,1.8378620544640107
8037,126.48,2,5,1.5,0.2,2,0,0,0,1,1,0,3,1,0,5.738351534450428
8038,126.51,49,134,219.0,0.2,49,0,0,0,1,1,0,7,3,6,1.3891818606061586
8039,126.54,39,98,175.8,0.2,39,0,0,0,1,1,0,4,6,4,1.5057658212589842
8040,126.54,2,7,1.3,0.2,2,0,0,0,1,1,0,3,1,0,4.563531501805845
8041,126.56,28,81,121.6,0.2,28,0,0,0,1,1,0,5,3,3,1.3979202334546657
8042,126.57,13,42,54.7,0.2,13,0,0,0,1,1,0,1,2,1,1.6443750108872948
8043,126.58,17,44,73.5,0.2,17,0,0,0,1,1,0,2,2,1,1.7208795624321034
8044,126.6,36,104,158.2,0.2,36,0,0,0,1,1,0,6,1,4,1.640272945032076
8045,126.61,9,31,31.7,0.2,9,0,0,0,1,1,0,5,2,2,1.6467002747630148
8046,126.62,6,23,25.6,0.2,7,0,0,0,1,1,0,2,1,1,1.6374633663676137
8047,126.62,1,5,-1.5,0.2,1,0,0,0,1,1,0,1,1,0,5.716460125815684
8048,126.62,3,5,9.5,0.2,3,0,0,0,1,1,0,0,1,0,4.450983217292222
8049,126.62,1,5,3.5,0.2,2,0,0,0,1,1,0,1,1,0,4.765339163356815
8050,126.64,23,60,99.0,0.2,23,0,0,0,1,1,0,5,2,0,1.6223572991843345
8051,126.65,15,44,65.3,0.2,15,0,0,0,1,1,0,0,1,3,1.3216787227577187
8052,126.68,49,140,234.4,0.2,51,0,0,0,0,0,1,6,2,5,1.5202188670035583
8053,126.7,30,79,136.0,0.2,30,0,0,0,1,1,0,1,3,1,1.5033350985374336
8054,126.7,1,9,-3.9,0.2,1,0,0,0,1,1,0,3,1,0,3.6106109013410586
8055,126.71,5,15,16.5,0.2,5,0,0,0,1,1,0,2,1,0,2.313410267834697
8056,126.72,27,59,123.9,0.2,27,0,0,0,1,1,0,0,1,2,1.512357418035689
8057,126.73,10,36,37.1,0.2,10,0,0,0,1,1,0,4,2,3,1.5423232245393743
8058,126.74,14,36,59.4,0.2,14,0,0,0,1,1,0,2,1,0,1.8775272377332282
8059,126.74,4,10,12.8,0.2,4,0,0,0,1,1,0,1,1,2,2.4197736649258794
8060,126.75,9,25,36.2,0.2,9,0,0,0,1,1,0,1,2,3,1.9825698705380226
8061,126.76,11,34,41.3,0.2,11,0,0,0,1,1,0,5,1,3,2.107421808166813
8062,126.76,9,23,35.3,0.2,9,0,0,0,1,1,0,2,2,4,1.772487932678054
8063,126.79,35,95,156.2,0.2,35,0,0,0,1,1,0,4,4,3,1.3642979859344182
8064,126.79,13,28,56.9,0.2,13,0,0,0,1,1,0,0,1,3,2.495064322602827
8065,126.81,32,87,142.0,0.2,32,0,0,0,1,1,0,4,5,3,1.407966784532843
8066,126.82,9,23,37.7,0.2,9,0,0,0,1,1,0,0,2,0,2.3204211629401117
8067,126.85,49,153,235.9,0.2,51,0,0,0,0,0,1,3,3,7,1.5425618547861004
8068,126.86,23,55,100.3,0.2,23,0,0,0,1,1,0,4,2,2,1.8489254553052945
8069,126.88,28,73,123.5,0.2,28,0,0,0,1,1,0,4,2,2,1.652582344931259
8070,126.91,48,140,210.4,0.2,48,0,0,0,1,1,0,10,5,6,1.5053377124313
8071,126.94,39,114,169.1,0.2,39,0,0,0,1,1,0,9,2,5,1.4180557148115156
8072,126.94,6,20,18.8,0.2,6,0,0,0,1,1,0,4,1,2,1.9256635946518443
8073,126.95,8,20,30.9,0.2,8,0,0,0,1,1,0,2,1,1,1.9460831326833106
8074,126.95,9,23,35.7,0.2,9,0,0,0,1,1,0,2,1,0,2.2631911465688024
8075,126.95,4,8,11.2,0.2,4,0,0,0,1,1,0,3,1,0,4.8158873839092005
8076,126.97,20,47,85.2,0.2,20,0,0,0,1,1,0,5,1,1,1.7738168597032038
8077,127.0,47,145,214.8,0.2,48,0,0,0,1,1,0,5,5,7,1.4661100700514842
8078,127.02,34,99,147.9,0.2,34,0,0,0,1,1,0,7,5,2,1.5552629596749852
8079,127.05,49,151,231.6,0.2,51,0,0,0,0,0,1,8,2,2,1.3901471359655684
8080,127.07,22,56,92.3,0.2,22,0,0,0,1,1,0,7,1,1,1.68951287328203
8081,127.07,12,35,47.3,0.2,12,0,0,0,1,1,0,4,1,2,2.0821045358537784
8082,127.09,25,68,109.8,0.2,25,0,0,0,1,1,0,3,3,4,1.5992832021914964
8083,127.1,11,32,43.7,0.2,11,0,0,0,1,1,0,3,1,1,2.0169535375412884
8084,127.11,17,45,74.3,0.2,17,0,0,0,1,1,0,1,2,2,1.793145162076257
8085,127.13,33,95,146.3,0.2,33,0,0,0,1,1,0,4,4,2,1.4217516449860739
8086,127.14,14,41,58.7,0.2,14,0,0,0,1,1,0,2,3,2,1.5852974952967103
8087,127.18,49,144,237.1,0.2,51,0,0,0,0,0,1,3,4,4,1.4933797300311147
8088,127.19,19,44,85.4,0.2,19,0,0,0,1,1,0,0,1,2,1.5888688572146614
8089,127.2,28,71,121.8,0.2,28,0,0,0,1,1,0,6,3,1,1.5611709603945656
8090,127.24,49,172,225.3,0.2,51,0,0,0,0,0,1,12,5,4,1.5377862712557386
8091,127.28,49,160,228.2,0.2,51,0,0,0,0,0,1,10,2,7,1.5110103607244516
8092,127.3,36,105,162.8,0.2,36,0,0,0,1,1,0,1,3,7,1.57154029632734
8093,127.33,49,136,238.8,0.2,51,0,0,0,0,0,1,2,2,5,1.5359461926291267
8094,127.33,3,5,8.4,0.2,3,0,0,0,1,1,0,1,1,1,6.219255372188696
8095,127.34,2,5,1.5,0.2,2,0,0,0,1,1,0,3,1,0,5.86472393090225
8096,127.35,18,50,77.9,0.2,18,0,0,0,1,1,0,2,3,1,1.4105953047275854
8097,127.37,24,79,101.9,0.2,24,0,0,0,1,1,0,5,1,2,1.493804020339955
8098,127.37,14,35,57.5,0.2,14,0,0,0,1,1,0,4,3,0,1.6540840884968542
8099,127.38,12,34,48.5,0.2,12,0,0,0,1,1,0,3,2,1,2.1632528545877294
8100,127.42,47,159,213.7,0.2,48,0,0,0,1,1,0,5,2,4,1.405423899590894
8101,127.45,44,121,198.7,0.2,44,0,0,0,1,1,0,4,2,2,1.4620199864680108
8102,127.48,49,159,233.1,0.2,51,0,0,0,0,0,1,5,2,9,1.6173056952309133
8103,127.48,2,9,3.1,0.2,2,0,0,0,1,1,0,1,1,0,4.510804458381552
8104,127.49,18,40,79.0,0.2,18,0,0,0,1,1,0,2,2,0,1.8601112077744748
8105,127.52,46,133,206.3,0.2,46,0,0,0,1,1,0,5,2,4,1.4579137138929612
8106,127.52,2,5,3.5,0.2,2,0,0,0,1,1,0,1,1,0,4.805107540516953
8107,127.53,11,36,49.4,0.2,12,0,0,0,1,1,0,2,1,0,1.459547606452169
8108,127.55,16,51,67.7,0.2,16,0,0,0,1,1,0,2,1,2,1.5134233303851596
8109,127.57,32,110,143.8,0.2,33,0,0,0,1,1,0,5,4,2,1.312781642433669
8110,127.59,25,69,109.7,0.2,25,0,0,0,1,1,0,3,2,4,1.4089525819849793
8111,127.59,2,5,4.5,0.2,2,0,0,0,1,1,0,0,1,0,4.523955539811025
8112,127.62,44,131,196.6,0.2,44,0,0,0,1,1,0,5,3,3,1.4968453428998079
8113,127.63,15,36,62.4,0.2,15,0,0,0,1,1,0,4,3,0,1.8833673880898982
8114,127.64,20,54,86.4,0.2,20,0,0,0,1,1,0,3,3,2,1.352105095686259
8115,127.66,33,90,148.6,0.2,33,0,0,0,1,1,0,2,3,4,1.3766644413994935
8116,127.69,49,146,233.0,0.2,51,0,0,0,0,0,1,7,1,3,1.3238207748063855
8117,127.72,38,122,165.5,0.2,38,0,0,0,1,1,0,7,5,3,1.2808818142286416
8118,127.73,16,48,67.9,0.2,16,0,0,0,1,1,0,2,1,3,1.5726211513760056
8119,127.75,22,62,93.8,0.2,22,0,0,0,1,1,0,5,3,0,1.2683548746249165
8120,127.78,49,154,234.1,0.2,51,0,0,0,0,0,1,5,2,4,1.4386297636584673
8121,127.79,8,19,31.8,0.2,8,0,0,0,1,1,0,1,1,3,2.043779077486315
8122,127.81,30,82,129.2,0.2,30,0,0,0,1,1,0,7,1,6,1.360443538557245
8123,127.82,25,70,112.7,0.2,26,0,0,0,1,1,0,5,2,3,1.4695940546029105
8124,127.84,30,92,127.6,0.2,30,0,0,0,1,1,0,8,2,2,1.3448064842214362
8125,127.88,50,189,214.1,0.2,50,0,0,0,1,1,0,11,5,10,1.2858440959053306
8126,127.91,34,100,151.7,0.2,34,0,0,0,1,1,0,3,4,3,1.5906065479722884
8127,127.91,4,12,18.8,0.2,5,0,0,0,1,1,0,0,1,0,2.1661895680244707
8128,127.91,1,5,-2.5,0.2,1,0,0,0,1,1,0,2,1,0,5.1762502450726355
8129,127.92,8,19,31.1,0.2,8,0,0,0,1,1,0,2,1,0,2.1098113480250302
8130,127.94,40,107,182.1,0.2,40,0,0,0,1,1,0,2,5,2,1.393374607542504
8131,127.96,32,70,145.9,0.2,32,0,0,0,1,1,0,2,1,1,1.4720190817522556
8132,127.97,21,66,89.1,0.2,21,0,0,0,1,1,0,4,1,3,1.5722115571432838
8133,128.01,49,159,231.8,0.2,51,0,0,0,0,0,1,7,3,2,1.4774388164822134
8134,128.02,30,80,137.0,0.2,31,0,0,0,1,1,0,5,4,0,1.6228644501548473
8135,128.04,31,73,139.4,0.2,31,0,0,0,1,1,0,3,1,3,1.4308775186049028
8136,128.05,11,41,41.8,0.2,11,0,0,0,1,1,0,4,1,1,1.8178968467196002
8137,128.06,13,42,48.5,0.2,13,0,0,0,1,1,0,7,1,3,1.7032796955111125
8138,128.08,29,72,126.3,0.2,29,0,0,0,1,1,0,6,2,5,1.3613151420660223
8139,128.1,26,61,113.7,0.2,26,0,0,0,1,1,0,5,2,2,1.7162155219770214
8140,128.13,49,147,217.7,0.2,49,0,0,0,1,1,0,7,6,6,1.542441367263039
8141,128.14,22,52,96.6,0.2,22,0,0,0,1,1,0,3,1,2,1.649448998427972
8142,128.16,21,51,97.9,0.2,22,0,0,0,1,1,0,2,2,0,1.4346741717600275
8143,128.19,49,163,231.2,0.2,51,0,0,0,0,0,1,7,3,4,1.5223715849909918
8144,128.22,49,171,232.3,0.2,51,0,0,0,0,0,1,5,1,5,1.5176896505305024
8145,128.23,15,41,62.9,0.2,15,0,0,0,1,1,0,3,2,0,1.6861334052287464
8146,128.25,21,72,87.6,0.2,21,0,0,0,1,1,0,5,3,2,1.419369322869723
8147,128.27,33,85,149.3,0.2,33,0,0,0,1,1,0,2,3,2,1.6203259114762252
8148,128.3,49,143,236.8,0.2,51,0,0,0,0,0,1,3,1,8,1.2641610213914245
8149,128.32,30,76,129.2,0.2,30,0,0,0,1,1,0,8,1,2,1.743404795504818
8150,128.35,44,132,191.6,0.2,44,0,0,0,1,1,0,10,2,2,1.5231610109798783
8151,128.37,33,92,146.1,0.2,33,0,0,0,1,1,0,4,3,7,1.4128140779788383
8152,128.39,19,47,83.9,0.2,19,0,0,0,1,1,0,1,2,4,1.5089497806973697
8153,128.39,6,12,22.8,0.2,6,0,0,0,1,1,0,1,1,0,3.0664862453950352
8154,128.43,49,171,229.3,0.2,51,0,0,0,0,0,1,8,4,5,1.3570832146758918
8155,128.43,3,7,9.3,0.2,3,0,0,0,1,1,0,0,1,0,3.9248190525789446
8156,128.46,49,148,233.8,0.2,51,0,0,0,0,0,1,6,4,3,1.5728585239051844
8157,128.5,49,172,227.9,0.2,51,0,0,0,0,0,1,9,2,8,1.6158024319818485
8158,128.5,1,5,-0.6,0.2,1,0,0,0,1,1,0,0,1,1,6.00774727343938
8159,128.52,28,82,126.6,0.2,29,0,0,0,1,1,0,5,1,2,1.4104737416804891
8160,128.55,49,154,237.1,0.2,51,0,0,0,0,0,1,2,3,4,1.4685553926917134
8161,128.56,19,59,81.0,0.2,19,0,0,0,1,1,0,3,3,1,1.7781976669857873
8162,128.59,47,143,209.4,0.2,47,0,0,0,1,1,0,6,7,3,1.3577771721390615
8163,128.63,49,154,235.2,0.2,51,0,0,0,0,0,1,4,4,3,1.5085944303330054
8164,128.65,30,88,132.9,0.2,30,0,0,0,1,1,0,3,4,3,1.3862732185608222
8165,128.68,49,164,229.8,0.2,51,0,0,0,0,0,1,8,2,7,1.4960730510093976
8166,128.71,38,107,165.5,0.2,38,0,0,0,1,1,0,8,1,8,1.438113602797757
8167,128.75,49,169,226.1,0.2,51,0,0,0,0,0,1,11,8,9,1.4204309212284454
8168,128.77,36,105,160.1,0.2,36,0,0,0,1,1,0,4,4,4,1.3015982002844648
8169,128.8,49,147,231.8,0.2,51,0,0,0,0,0,1,8,2,4,1.5890391605453813
8170,128.81,14,38,57.1,0.2,14,0,0,0,1,1,0,4,1,1,1.804915926924875
8171,128.85,49,157,229.6,0.2,51,0,0,0,0,0,1,9,3,6,1.59464528665456
8172,128.86,18,59,79.9,0.2,19,0,0,0,1,1,0,4,4,2,1.3904865970118452
8173,128.89,49,141,215.4,0.2,49,0,0,0,1,1,0,10,4,5,1.230302662454149
8174,128.92,40,111,177.4,0.2,40,0,0,0,1,1,0,6,5,5,1.5324399476430146
8175,128.92,3,5,9.5,0.2,3,0,0,0,1,1,0,0,1,0,4.521014173871878
8176,128.92,4,14,12.6,0.2,4,0,0,0,1,1,0,1,1,0,2.225394684517362
8177,128.94,21,64,90.3,0.2,21,0,0,0,1,1,0,3,3,3,1.5701880888577522
8178,128.94,2,5,1.5,0.2,2,0,0,0,1,1,0,3,1,0,5.368531794350303
8179,128.98,49,160,232.3,0.2,51,0,0,0,0,0,1,6,3,6,1.5015169798219654
8180,128.99,12,32,51.5,0.2,12,0,0,0,1,1,0,0,3,3,1.7512112196699188
8181,129.0,19,45,85.3,0.2,19,0,0,0,1,1,0,0,2,2,1.6201167115129111
8182,129.01,19,54,81.5,0.2,19,0,0,0,1,1,0,3,2,1,1.4528229013825704
8183,129.04,49,157,233.9,0.2,51,0,0,0,0,0,1,5,2,3,1.3682391620736325
8184,129.05,5,15,17.3,0.2,5,0,0,0,1,1,0,1,1,2,2.2569731452249306
8185,129.08,49,143,235.8,0.2,51,0,0,0,0,0,1,4,2,8,1.4413153116610848
8186,129.1,29,85,128.1,0.2,29,0,0,0,1,1,0,3,2,4,1.4478501783438191
8187,129.1,4,13,11.5,0.2,4,0,0,0,1,1,0,2,1,2,2.1035960334034347
8188,129.1,2,5,8.5,0.2,3,0,0,0,1,1,0,1,1,0,4.231719707154667
8189,129.11,2,12,2.7,0.2,2,0,0,0,1,1,0,1,1,1,2.81420459426383
8190,129.12,14,37,62.1,0.2,15,0,0,0,1,1,0,4,3,2,1.5962807017958989
8191,129.15,46,155,201.1,0.2,46,0,0,0,1,1,0,8,3,4,1.292681767828476
8192,129.19,49,175,223.7,0.2,51,0,0,0,0,0,1,13,3,7,1.3949071844250887
8193,129.2,21,55,89.1,0.2,21,0,0,0,1,1,0,5,1,4,1.8428693800382892
8194,129.21,5,10,18.0,0.2,5,0,0,0,1,1,0,1,1,0,3.0084029804152683
8195,129.21,2,5,3.5,0.2,2,0,0,0,1,1,0,1,1,0,4.898946402922904
8196,129.24,43,138,190.8,0.2,43,0,0,0,1,1,0,5,3,4,1.2942203298974821
8197,129.26,28,74,126.3,0.2,28,0,0,0,1,1,0,1,2,3,1.3201884214014301
8198,129.29,49,143,232.2,0.2,51,0,0,0,0,0,1,8,3,4,1.3543083423025726
8199,129.29,10,36,42.3,0.2,11,0,0,0,1,1,0,4,1,1,1.6288306938301507
8200,129.3,1,5,-1.5,0.2,1,0,0,0,1,1,0,1,1,0,5.974786768879218
8201,129.33,49,151,231.2,0.2,51,0,0,0,0,0,1,8,1,6,1.4677250788134888
8202,129.34,18,47,85.0,0.2,19,0,0,0,1,1,0,0,2,3,1.883190658789227
8203,129.35,15,32,62.8,0.2,15,0,0,0,1,1,0,4,2,0,2.0158477187873336
8204,129.35,3,10,8.0,0.2,3,0,0,0,1,1,0,1,1,0,2.962160685362459
8205,129.37,24,66,103.3,0.2,24,0,0,0,1,1,0,5,1,1,1.5079737665443187
8206,129.4,49,156,231.7,0.2,51,0,0,0,0,0,1,7,0,6,1.3111086071235547
8207,129.42,38,105,165.0,0.2,38,0,0,0,1,1,0,9,2,5,1.5535738521031495
8208,129.43,12,24,50.5,0.2,12,0,0,0,1,1,0,2,1,1,1.9567545548402219
8209,129.46,49,164,228.0,0.2,51,0,0,0,0,0,1,10,3,5,1.4550813445042705
8210,129.48,20,49,84.0,0.2,20,0,0,0,1,1,0,6,3,1,1.7605694204800053
8211,129.51,49,155,231.8,0.2,51,0,0,0,0,0,1,7,3,6,1.4112930781413084
8212,129.51,2,5,8.5,0.2,3,0,0,0,1,1,0,1,1,0,4.210475768561884
8213,129.52,8,21,31.8,0.2,8,0,0,0,1,1,0,1,1,1,1.9293406014505072
8214,129.53,27,68,121.7,0.2,27,0,0,0,1,1,0,1,2,5,1.8598321827308344
8215,129.54,1,7,-3.7,0.2,1,0,0,0,1,1,0,3,1,0,4.355975405516707
8216,129.57,48,154,211.2,0.2,48,0,0,0,1,1,0,8,4,4,1.2015929643976324
8217,129.58,24,60,104.0,0.2,24,0,0,0,1,1,0,5,2,0,1.638079653416514
8218,129.61,43,117,192.1,0.2,43,0,0,0,1,1,0,6,3,2,1.3913712818261474
8219,129.61,1,5,-0.5,0.2,1,0,0,0,1,1,0,0,1,0,5.409606946333961
8220,129.61,6,21,26.8,0.2,7,0,0,0,1,1,0,1,1,1,1.7674931138819754
8221,129.63,23,69,99.0,0.2,23,0,0,0,1,1,0,4,3,1,1.3284856089577628
8222,129.64,17,47,71.1,0.2,17,0,0,0,1,1,0,4,2,2,1.6204108815509377
8223,129.65,8,29,28.9,0.2,8,0,0,0,1,1,0,3,2,2,1.8997513497407121
8224,129.66,14,38,60.2,0.2,14,0,0,0,1,1,0,1,1,0,1.8476746057783582
8225,129.68,27,73,118.4,0.2,27,0,0,0,1,1,0,4,2,3,1.5958226956154478
8226,129.69,20,45,88.4,0.2,20,0,0,0,1,1,0,2,2,1,1.580045972320606
8227,129.7,17,46,72.0,0.2,17,0,0,0,1,1,0,3,2,4,1.3890408352222103
8228,129.72,37,93,167.2,0.2,37,0,0,0,1,1,0,3,1,5,1.5710228871337308
8229,129.75,42,115,193.0,0.2,43,0,0,0,1,1,0,5,4,5,1.4393321702216497
8230,129.76,24,66,104.1,0.2,24,0,0,0,1,1,0,4,2,3,1.6291700898173658
8231,129.77,1,5,-1.6,0.2,1,0,0,0,1,1,0,1,1,1,5.268628278506188
8232,129.77,9,32,34.5,0.2,9,0,0,0,1,1,0,2,2,3,1.70386114599723
8233,129.79,23,57,99.3,0.2,23,0,0,0,1,1,0,5,2,0,1.536197974696863
8234,129.79,1,5,-3.5,0.2,1,0,0,0,1,1,0,3,1,0,5.9330433923294
8235,129.81,27,87,119.0,0.2,27,0,0,0,1,1,0,2,3,3,1.3385266129521987
8236,129.84,41,149,169.6,0.2,41,0,0,0,1,1,0,15,3,5,1.4581705758930412
8237,129.84,9,20,37.0,0.2,9,0,0,0,1,1,0,1,1,0,2.3561135500383754
8238,129.86,23,68,99.8,0.2,23,0,0,0,1,1,0,3,2,4,1.3588479412682914
8239,129.87,8,27,30.1,0.2,8,0,0,0,1,1,0,2,1,2,2.102160987793352
8240,129.88,22,58,98.1,0.2,22,0,0,0,1,1,0,1,1,1,1.6389427228569382
8241,129.89,16,34,69.5,0.2,16,0,0,0,1,1,0,2,2,1,1.8226251915659233
8242,129.9,22,54,98.5,0.2,22,0,0,0,1,1,0,1,3,1,1.5000715483954508
8243,129.94,49,150,235.3,0.2,51,0,0,0,0,0,1,4,2,6,1.6320150251574632
8244,129.95,21,67,86.1,0.2,21,0,0,0,1,1,0,7,1,2,1.3277668623297056
8245,129.98,49,158,228.8,0.2,51,0,0,0,0,0,1,10,7,3,1.5374947648562716
8246,129.99,9,38,39.0,0.2,10,0,0,0,1,1,0,2,1,2,1.4243206538630826
8247,130.01,19,65,78.2,0.2,19,0,0,0,1,1,0,5,1,3,1.3508415081812641
8248,130.03,32,100,137.0,0.2,32,0,0,0,1,1,0,8,3,0,1.3481548809624586
8249,130.05,20,67,85.2,0.2,20,0,0,0,1,1,0,3,3,1,1.6059120051367888
8250,130.05,4,11,13.9,0.2,4,0,0,0,1,1,0,0,1,0,2.7564041333103786
8251,130.06,19,61,77.6,0.2,19,0,0,0,1,1,0,6,2,3,1.4420438150151502
8252,130.1,49,156,232.9,0.2,51,0,0,0,0,0,1,6,2,4,1.5173200938027418
8253,130.11,24,64,104.3,0.2,24,0,0,0,1,1,0,4,2,3,1.7910024291486333
8254,130.13,28,66,128.2,0.2,29,0,0,0,1,1,0,5,2,2,1.2940701356852884
8255,130.13,11,28,44.1,0.2,11,0,0,0,1,1,0,3,1,1,1.9841747304342376
8256,130.14,1,5,-3.5,0.2,1,0,0,0,1,1,0,3,1,0,5.494217041560641
8257,130.14,17,39,70.9,0.2,17,0,0,0,1,1,0,5,1,2,1.724652732406314
8258,130.15,13,43,53.6,0.2,13,0,0,0,1,1,0,2,1,1,1.5152834382361242
8259,130.19,49,173,225.8,0.2,51,0,0,0,0,0,1,11,4,8,1.4262962253700402
8260,130.22,34,103,143.1,0.2,34,0,0,0,1,1,0,11,3,6,1.3748348196344617
8261,130.23,10,29,38.9,0.2,10,0,0,0,1,1,0,3,1,2,1.4804264682396922
8262,130.25,31,86,137.1,0.2,31,0,0,0,1,1,0,4,4,3,1.7251184518194358
8263,130.27,39,93,179.2,0.2,40,0,0,0,1,1,0,6,5,5,1.6149043744663354
8264,130.29,32,85,138.3,0.2,32,0,0,0,1,1,0,8,4,2,1.3377204548118247
8265,130.32,49,130,238.4,0.2,51,0,0,0,0,0,1,3,1,5,1.5635425586920793
8266,130.33,15,41,70.5,0.2,16,0,0,0,1,1,0,0,2,4,1.4845939480519201
8267,130.34,16,42,67.6,0.2,16,0,0,0,1,1,0,3,2,2,1.8348730570442986
8268,130.35,18,44,79.5,0.2,18,0,0,0,1,1,0,1,2,1,1.7014965588967295
8269,130.38,46,138,200.1,0.2,46,0,0,0,1,1,0,10,4,11,1.331883015231606
8270,130.38,7,20,24.0,0.2,7,0,0,0,1,1,0,4,1,0,2.2654504955674453
8271,130.41,38,101,167.6,0.2,38,0,0,0,1,1,0,7,1,3,1.2967139940769339
8272,130.41,5,16,18.3,0.2,5,0,0,0,1,1,0,0,1,1,2.1116217122228145
8273,130.45,48,171,206.4,0.2,48,0,0,0,1,1,0,11,5,5,1.2541952419554372
8274,130.46,17,41,72.8,0.2,17,0,0,0,1,1,0,3,3,1,1.5413714663142126
8275,130.48,43,114,192.1,0.2,43,0,0,0,1,1,0,6,2,5,1.494891486602283
8276,130.51,44,116,198.0,0.2,44,0,0,0,1,1,0,5,4,4,1.523225718974779
8277,130.54,49,156,230.8,0.2,51,0,0,0,0,0,1,8,2,5,1.575889772432321
8278,130.55,5,16,13.4,0.2,5,0,0,0,1,1,0,5,2,0,2.515681681243067
8279,130.56,24,59,110.0,0.2,25,0,0,0,1,1,0,4,1,1,1.5078321230983116
8280,130.57,13,38,54.0,0.2,13,0,0,0,1,1,0,2,2,2,1.995394717761841
8281,130.59,22,66,92.9,0.2,22,0,0,0,1,1,0,5,2,5,1.5533655401157447
8282,130.59,4,12,13.7,0.2,4,0,0,0,1,1,0,0,1,1,2.6460330129950975
8283,130.62,48,143,213.6,0.2,48,0,0,0,1,1,0,7,4,1,1.4565077264017983
8284,130.63,14,43,57.6,0.2,14,0,0,0,1,1,0,3,1,1,1.5445370194630552
8285,130.67,48,134,218.2,0.2,48,0,0,0,1,1,0,3,1,4,1.4408346316113694
8286,130.7,46,143,205.5,0.2,46,0,0,0,1,1,0,5,6,2,1.3750504955171652
8287,130.72,28,105,116.4,0.2,28,0,0,0,1,1,0,8,3,1,1.0261605826801914
8288,130.76,49,160,213.2,0.2,49,0,0,0,1,1,0,10,4,8,1.3572958184947388
8289,130.78,38,116,163.9,0.2,38,0,0,0,1,1,0,9,2,5,1.5211149182699792
8290,130.78,3,5,9.5,0.2,3,0,0,0,1,1,0,0,1,0,5.463826129779745
8291,130.82,50,157,226.9,0.2,50,0,0,0,0,0,1,7,5,3,1.2318188197506554
8292,130.82,2,5,1.5,0.2,2,0,0,0,1,1,0,3,1,0,6.104094030580905
8293,130.84,32,95,147.1,0.2,33,0,0,0,1,1,0,3,1,4,1.4258437956142578
8294,130.84,4,12,9.8,0.2,4,0,0,0,1,1,0,4,1,0,2.6611359510860653
8295,130.86,32,77,144.2,0.2,32,0,0,0,1,1,0,3,3,1,1.6032072665573835
8296,130.87,14,45,57.4,0.2,14,0,0,0,1,1,0,3,1,1,1.7786677284978059
8297,130.9,36,105,158.3,0.2,36,0,0,0,1,1,0,6,4,2,1.289862304818896
8298,130.92,34,99,150.8,0.2,34,0,0,0,1,1,0,4,2,3,1.4050676028581512
8299,130.92,6,23,24.6,0.2,7,0,0,0,1,1,0,3,1,1,1.7681235885272628
8300,130.94,33,81,154.8,0.2,34,0,0,0,1,1,0,2,4,1,1.635235900603011
8301,130.98,49,161,226.4,0.2,51,0,0,0,0,0,1,12,4,4,1.3582060665908868
8302,130.98,5,12,17.8,0.2,5,0,0,0,1,1,0,1,1,0,2.910896698083073
8303,130.98,2,5,3.5,0.2,2,0,0,0,1,1,0,1,1,0,4.493974549813776
8304,130.99,2,6,3.4,0.2,2,0,0,0,1,1,0,1,1,0,4.11898438675982
8305,131.01,29,90,124.4,0.2,29,0,0,0,1,1,0,6,5,6,1.259045618436854
8306,131.04,48,152,209.3,0.2,48,0,0,0,1,1,0,10,4,5,1.3393236732589544
8307,131.06,29,83,129.4,0.2,30,0,0,0,1,1,0,7,2,3,1.5585963840922878
8308,131.07,17,47,70.2,0.2,17,0,0,0,1,1,0,5,2,1,1.4883301362551675
8309,131.09,29,84,129.4,0.2,29,0,0,0,1,1,0,2,2,2,1.6702001151501809
8310,131.11,37,111,161.5,0.2,37,0,0,0,1,1,0,7,3,4,1.343616872871693
8311,131.11,3,5,9.5,0.2,3,0,0,0,1,1,0,0,1,0,4.356400489642251
8312,131.14,44,130,199.6,0.2,44,0,0,0,1,1,0,2,2,4,1.348844035767206
8313,131.15,15,46,63.2,0.2,15,0,0,0,1,1,0,2,2,2,1.526121250196877
8314,131.16,8,30,29.9,0.2,8,0,0,0,1,1,0,2,1,1,1.5776995892881607
8315,131.19,42,126,187.0,0.2,42,0,0,0,1,1,0,5,3,4,1.4081246523412299
8316,131.21,43,118,188.6,0.2,43,0,0,0,1,1,0,9,3,6,1.4054819774989007
8317,131.22,14,31,61.7,0.2,14,0,0,0,1,1,0,0,1,2,1.6893249336814684
8318,131.25,47,143,212.2,0.2,48,0,0,0,1,1,0,8,7,5,1.2792709537061637
8319,131.26,6,16,23.3,0.2,6,0,0,0,1,1,0,0,1,1,2.1063725669510767
8320,131.26,5,12,15.8,0.2,5,0,0,0,1,1,0,3,1,0,3.048950376308243
8321,131.26,2,7,1.3,0.2,2,0,0,0,1,1,0,3,1,0,3.8966494302715566
8322,131.3,49,185,225.9,0.2,51,0,0,0,0,0,1,10,3,5,1.445417107582924
8323,131.32,19,50,84.9,0.2,19,0,0,0,1,1,0,0,1,1,1.5493883138013813
8324,131.32,7,22,30.8,0.2,8,0,0,0,1,1,0,2,1,0,2.2099376720251094
8325,131.35,43,132,189.4,0.2,43,0,0,0,1,1,0,7,3,4,1.2728655086113632
8326,131.36,2,13,0.7,0.2,2,0,0,0,1,1,0,3,1,0,2.1269564396754927
8327,131.36,2,8,4.2,0.2,2,0,0,0,1,1,0,0,1,0,3.7129407030401618
8328,131.36,3,9,8.0,0.2,3,0,0,0,1,1,0,1,1,1,2.61113862104197
8329,131.38,40,108,179.5,0.2,40,0,0,0,1,1,0,4,4,7,1.377776158574615
8330,131.4,13,45,53.0,0.2,13,0,0,0,1,1,0,2,1,5,1.5496910722599864
8331,131.41,30,76,134.2,0.2,30,0,0,0,1,1,0,3,2,2,1.5604235619759996
8332,131.42,4,15,11.5,0.2,4,0,0,0,1,1,0,2,1,0,2.004413017747924
8333,131.43,19,55,84.2,0.2,19,0,0,0,1,1,0,0,2,3,1.4383962785431648
8334,131.47,50,169,226.9,0.2,50,0,0,0,0,0,1,5,6,11,1.296932424557202
8335,131.51,49,157,229.6,0.2,51,0,0,0,0,0,1,9,5,6,1.3949780767452726
8336,131.51,3,12,7.8,0.2,3,0,0,0,1,1,0,1,1,0,2.249469571006813
8337,131.52,16,43,73.7,0.2,17,0,0,0,1,1,0,2,2,0,2.0370510173153824
8338,131.52,5,15,15.5,0.2,5,0,0,0,1,1,0,3,1,0,2.9897944674451056
8339,131.55,42,131,181.5,0.2,42,0,0,0,1,1,0,10,2,4,1.3055331566051978
8340,131.59,44,144,193.9,0.2,44,0,0,0,1,1,0,6,6,7,1.4197000649078129
8341,131.59,5,14,16.5,0.2,5,0,0,0,1,1,0,2,2,1,2.6246771393827637
8342,131.6,21,61,91.5,0.2,21,0,0,0,1,1,0,2,2,4,1.6755395912990694
8343,131.63,34,104,149.9,0.2,34,0,0,0,1,1,0,4,2,7,1.5362922365416531
8344,131.64,19,45,83.3,0.2,19,0,0,0,1,1,0,2,1,2,1.677215223918093
8345,131.64,1,7,-1.7,0.2,1,0,0,0,1,1,0,1,1,0,3.6670768291058806
8346,131.64,4,13,15.7,0.2,5,0,0,0,1,1,0,3,1,0,2.7967309630663992
8347,131.66,37,85,168.4,0.2,37,0,0,0,1,1,0,3,3,1,1.3211400245724023
8348,131.67,5,13,17.6,0.2,5,0,0,0,1,1,0,1,1,1,2.52905888300129
8349,131.67,11,28,44.1,0.2,11,0,0,0,1,1,0,3,1,1,1.6154881364421978
8350,131.69,22,57,96.2,0.2,22,0,0,0,1,1,0,3,2,1,1.462596676730497
8351,131.7,11,45,38.5,0.2,11,0,0,0,1,1,0,7,1,0,1.529562658016205
8352,131.71,15,44,66.5,0.2,16,0,0,0,1,1,0,4,2,1,1.4968125671998458
8353,131.74,49,169,225.8,0.2,51,0,0,0,0,0,1,12,3,2,1.404044180622929
8354,131.75,8,23,30.7,0.2,8,0,0,0,1,1,0,2,1,0,2.187687018793444
8355,131.77,26,72,109.3,0.2,26,0,0,0,1,1,0,8,1,5,1.3561830771731187
8356,131.8,49,136,238.9,0.2,51,0,0,0,0,0,1,2,3,4,1.4628772519842426
8357,131.82,36,90,160.6,0.2,36,0,0,0,1,1,0,5,2,4,1.49374361619624
8358,131.82,10,30,40.6,0.2,10,0,0,0,1,1,0,1,1,4,1.7927323755881721
8359,131.87,49,171,233.5,0.2,51,0,0,0,0,0,1,4,3,3,1.3732459048653296
8360,131.9,49,166,229.5,0.2,51,0,0,0,0,0,1,8,3,8,1.541323783768531
8361,131.91,15,29,67.1,0.2,15,0,0,0,1,1,0,0,1,0,2.1889329901476713
8362,131.93,33,96,152.9,0.2,34,0,0,0,1,1,0,2,4,5,1.3986276613352622
8363,131.96,47,146,204.8,0.2,47,0,0,0,1,1,0,10,2,6,1.2471501500131135
8364,131.97,16,44,67.4,0.2,16,0,0,0,1,1,0,3,3,2,1.7361657390609366
8365,131.98,2,10,0.9,0.2,2,0,0,0,1,1,0,3,1,1,3.27571089699683
8366,131.99,23,79,93.0,0.2,23,0,0,0,1,1,0,9,2,1,1.3486096341996665
8367,132.01,21,54,93.4,0.2,21,0,0,0,1,1,0,1,3,2,1.2739530822353682
8368,132.03,33,89,149.0,0.2,34,0,0,0,1,1,0,7,5,1,1.4984669101169117
8369,132.04,31,73,140.6,0.2,31,0,0,0,1,1,0,2,2,1,1.3678908696925007
8370,132.05,9,26,41.2,0.2,10,0,0,0,1,1,0,1,2,2,1.6155114764945915
8371,132.05,6,17,22.3,0.2,6,0,0,0,1,1,0,1,2,0,2.4665955888699993
8372,132.09,48,154,208.2,0.2,48,0,0,0,1,1,0,11,5,4,1.2536707456226277
8373,132.1,22,53,93.4,0.2,22,0,0,0,1,1,0,6,2,3,1.2935884066793362
8374,132.11,8,26,34.2,0.2,9,0,0,0,1,1,0,3,2,2,1.6880749799890113
8375,132.11,2,5,3.5,0.2,2,0,0,0,1,1,0,1,1,0,5.916663470465706
8376,132.12,16,46,70.1,0.2,16,0,0,0,1,1,0,0,3,3,1.6755787313731612
8377,132.13,16,36,70.2,0.2,16,0,0,0,1,1,0,1,1,2,1.9601025947639417
8378,132.14,10,37,36.1,0.2,10,0,0,0,1,1,0,5,1,2,1.6830502472192037
8379,132.17,39,112,174.4,0.2,39,0,0,0,1,1,0,4,4,4,1.3369911967221937
8380,132.17,2,5,1.5,0.2,2,0,0,0,1,1,0,3,1,0,5.819439682294245
8381,132.17,5,14,18.5,0.2,5,0,0,0,1,1,0,0,1,1,2.404024952500683
8382,132.21,49,178,226.4,0.2,51,0,0,0,0,0,1,10,2,7,1.2865580843038058
8383,132.23,29,68,131.1,0.2,29,0,0,0,1,1,0,2,1,1,1.5905130014471855
8384,132.23,9,25,34.5,0.2,9,0,0,0,1,1,0,3,1,0,1.8032954166431827
8385,132.24,18,44,78.5,0.2,18,0,0,0,1,1,0,2,1,1,1.5923923756817693
8386,132.25,13,37,55.3,0.2,13,0,0,0,1,1,0,1,1,0,1.573574390675232
8387,132.25,2,5,1.5,0.2,2,0,0,0,1,1,0,3,1,0,5.813339941929021
8388,132.27,23,60,101.5,0.2,23,0,0,0,1,1,0,2,1,5,1.5134511493238532
8389,132.29,31,106,129.7,0.2,31,0,0,0,1,1,0,9,1,7,1.525159492316263
8390,132.31,21,63,89.4,0.2,21,0,0,0,1,1,0,4,3,3,1.3264780153280133
8391,132.31,9,21,34.8,0.2,9,0,0,0,1,1,0,3,1,1,1.9990127220398872
8392,132.32,3,12,7.8,0.2,3,0,0,0,1,1,0,1,1,0,2.632383617902236
8393,132.35,49,169,230.5,0.2,51,0,0,0,0,0,1,7,4,5,1.4500577981135192
8394,132.39,50,150,224.1,0.2,50,0,0,0,1,1,0,5,5,9,1.1951040702389821
8395,132.4,23,53,101.4,0.2,23,0,0,0,1,1,0,3,1,3,1.3515908988356178
8396,132.43,49,166,229.3,0.2,51,0,0,0,0,0,1,8,3,10,1.3494080260223238
8397,132.45,23,65,98.2,0.2,23,0,0,0,1,1,0,5,1,3,1.398135186748426
8398,132.47,37,99,164.8,0.2,37,0,0,0,1,1,0,5,3,3,1.5070967576065595
8399,132.48,12,33,49.7,0.2,12,0,0,0,1,1,0,2,1,0,1.8858528908703345
8400,132.49,19,40,83.8,0.2,19,0,0,0,1,1,0,2,2,2,2.1251022208894965
8401,132.5,12,25,49.5,0.2,12,0,0,0,1,1,0,3,1,0,2.1314007527204293
8402,132.5,7,22,26.8,0.2,7,0,0,0,1,1,0,1,1,0,1.8711564382294328
8403,132.51,2,9,4.0,0.2,2,0,0,0,1,1,0,0,1,1,3.3838244650521094
8404,132.51,6,14,28.6,0.2,7,0,0,0,1,1,0,0,1,0,2.5811875942170865
8405,132.52,15,42,61.6,0.2,15,0,0,0,1,1,0,4,3,2,1.5384700832312712
8406,132.55,49,152,237.0,0.2,51,0,0,0,0,0,1,2,4,7,1.4610742667694603
8407,132.58,43,134,186.7,0.2,43,0,0,0,1,1,0,9,2,9,1.3161724724879547
8408,132.6,34,86,153.2,0.2,34,0,0,0,1,1,0,3,1,2,1.577437709987578
8409,132.6,11,27,46.0,0.2,11,0,0,0,1,1,0,1,3,3,1.8665513769597954
8410,132.61,6,13,22.7,0.2,6,0,0,0,1,1,0,1,1,0,3.1335724043388713
8411,132.61,4,12,12.8,0.2,4,0,0,0,1,1,0,1,1,0,2.822758911544549
8412,132.63,43,121,192.6,0.2,43,0,0,0,1,1,0,5,3,3,1.3014274306560898
8413,132.67,49,174,232.1,0.2,51,0,0,0,0,0,1,5,2,4,1.3679022742395581
8414,132.7,49,160,231.2,0.2,51,0,0,0,0,0,1,7,3,7,1.610453775603936
8415,132.71,14,38,58.2,0.2,14,0,0,0,1,1,0,3,2,0,1.7958571919951538
8416,132.74,43,148,183.9,0.2,43,0,0,0,1,1,0,11,4,3,1.4800025074061331
8417,132.76,33,96,144.1,0.2,33,0,0,0,1,1,0,6,1,3,1.4956218639613592
8418,132.77,6,24,19.6,0.2,6,0,0,0,1,1,0,3,2,0,1.8641691819618302
8419,132.77,2,5,3.4,0.2,2,0,0,0,1,1,0,1,1,1,4.845116523388818
8420,132.78,7,21,26.8,0.2,7,0,0,0,1,1,0,1,1,1,2.083293591950154
8421,132.78,1,5,-0.5,0.2,1,0,0,0,1,1,0,0,1,0,5.23300602447099
8422,132.81,50,180,222.3,0.2,50,0,0,0,0,0,1,9,2,6,1.2708929357631418
8423,132.84,35,92,157.6,0.2,35,0,0,0,1,1,0,3,4,2,1.7064160960034191
8424,132.86,37,92,167.7,0.2,37,0,0,0,1,1,0,3,2,1,1.4865443967341192
8425,132.88,28,96,122.0,0.2,28,0,0,0,1,1,0,3,5,4,1.3906652549702991
8426,132.89,18,51,76.7,0.2,18,0,0,0,1,1,0,3,1,2,1.772305729834851
8427,132.9,9,23,34.7,0.2,9,0,0,0,1,1,0,3,2,0,1.6906815833737998
8428,132.91,34,85,151.0,0.2,34,0,0,0,1,1,0,5,1,5,1.4440709745557059
8429,132.94,28,84,121.2,0.2,28,0,0,0,1,1,0,5,4,4,1.4403082722242262
8430,132.96,31,93,136.5,0.2,32,0,0,0,1,1,0,9,4,2,1.3526300236040558
8431,132.96,10,22,42.8,0.2,10,0,0,0,1,1,0,0,2,0,2.296450810270217
8432,132.96,2,5,9.4,0.2,3,0,0,0,1,1,0,0,1,1,4.794711943932638
8433,132.97,17,39,73.1,0.2,17,0,0,0,1,1,0,3,1,0,1.550746953931119
8434,132.97,4,9,10.0,0.2,4,0,0,0,1,1,0,4,1,1,3.974351380137239
8435,132.98,7,22,23.8,0.2,7,0,0,0,1,1,0,4,1,0,2.5958072131569683
8436,132.99,7,22,27.7,0.2,7,0,0,0,1,1,0,0,1,1,1.835017299377614
8437,132.99,10,30,37.9,0.2,10,0,0,0,1,1,0,4,2,1,1.594666426817713
8438,133.0,18,57,77.0,0.2,18,0,0,0,1,1,0,2,1,3,1.6822790436268213
8439,133.02,35,88,161.1,0.2,35,0,0,0,1,1,0,0,1,1,1.4761869196548942
8440,133.04,28,67,124.0,0.2,28,0,0,0,1,1,0,4,2,3,1.500683069528278
8441,133.05,5,19,17.9,0.2,5,0,0,0,1,1,0,0,1,2,1.8880985309477312
8442,133.05,7,26,25.4,0.2,7,0,0,0,1,1,0,2,1,0,1.4784966715626666
8443,133.08,49,154,219.9,0.2,49,0,0,0,1,1,0,4,2,7,1.4832130541396717
8444,133.12,49,171,230.5,0.2,51,0,0,0,0,0,1,7,3,3,1.6031789910708893
8445,133.13,13,35,54.4,0.2,13,0,0,0,1,1,0,2,2,1,1.7445218728738694
8446,133.16,49,157,233.7,0.2,51,0,0,0,0,0,1,5,1,5,1.4103669633472853
8447,133.16,7,19,26.0,0.2,7,0,0,0,1,1,0,2,2,1,1.7260999026590167
8448,133.17,6,22,17.8,0.2,6,0,0,0,1,1,0,5,2,0,2.25977686373123
8449,133.19,33,91,141.6,0.2,33,0,0,0,1,1,0,9,4,3,1.279813774051169
8450,133.22,49,142,237.3,0.2,51,0,0,0,0,0,1,3,0,4,1.4826463613260814
8451,133.25,49,175,229.9,0.2,51,0,0,0,0,0,1,7,3,5,1.4276605959535922
8452,133.26,2,6,3.4,0.2,2,0,0,0,1,1,0,1,1,0,3.67874216286079
8453,133.26,2,5,2.5,0.2,2,0,0,0,1,1,0,2,1,0,4.508945519617282
8454,133.28,49,130,236.4,0.2,51,0,0,0,0,0,1,5,1,5,1.4944760011672307
8455,133.3,14,46,56.3,0.2,14,0,0,0,1,1,0,4,2,1,2.0343179623871217
8456,133.32,43,126,191.2,0.2,43,0,0,0,1,1,0,6,4,2,1.4813633207526808
8457,133.33,6,12,22.8,0.2,6,0,0,0,1,1,0,1,2,0,3.794064250559881
8458,133.33,6,15,23.4,0.2,6,0,0,0,1,1,0,0,1,1,2.4116043859254725
8459,133.33,1,5,-3.5,0.2,1,0,0,0,1,1,0,3,1,0,4.843011436687469
8460,133.35,38,98,173.7,0.2,38,0,0,0,1,1,0,1,1,5,1.3073951531962082
8461,133.37,19,52,81.6,0.2,19,0,0,0,1,1,0,3,1,2,1.592266633097992
8462,133.38,24,64,101.6,0.2,24,0,0,0,1,1,0,7,1,0,1.2745604129527468
8463,133.39,7,22,23.8,0.2,7,0,0,0,1,1,0,4,1,0,1.9873689172890456
8464,133.42,49,145,235.0,0.2,51,0,0,0,0,0,1,5,5,4,1.3214008869423335
8465,133.42,3,9,13.1,0.2,4,0,0,0,1,1,0,1,1,0,3.4080810972300686
8466,133.44,35,101,152.7,0.2,35,0,0,0,1,1,0,7,4,2,1.4122316683052742
8467,133.46,29,96,127.0,0.2,29,0,0,0,1,1,0,3,3,4,1.2872271974822882
8468,133.47,15,31,64.8,0.2,15,0,0,0,1,1,0,2,2,1,2.10089343723882
8469,133.48,14,47,54.2,0.2,14,0,0,0,1,1,0,6,2,1,1.2701813821124306
8470,133.5,38,100,171.7,0.2,38,0,0,0,1,1,0,3,4,3,1.471419005648066
8471,133.51,11,33,42.6,0.2,11,0,0,0,1,1,0,4,1,1,1.9737008526912199
8472,133.53,31,86,138.1,0.2,31,0,0,0,1,1,0,3,1,3,1.6057421651115302
8473,133.53,2,8,2.1,0.2,2,0,0,0,1,1,0,2,1,1,3.214753924536832
8474,133.53,2,7,7.3,0.2,3,0,0,0,1,1,0,2,1,0,3.8428205925973247
8475,133.56,35,114,148.3,0.2,35,0,0,0,1,1,0,10,2,3,1.2018427793635806
8476,133.59,48,140,213.3,0.2,48,0,0,0,1,1,0,7,4,7,1.259289035294369
8477,133.62,49,140,235.8,0.2,51,0,0,0,0,0,1,5,4,1,1.5182018608259265
8478,133.62,1,5,-3.5,0.2,1,0,0,0,1,1,0,3,1,0,5.500216357899532
8479,133.62,1,5,3.5,0.2,2,0,0,0,1,1,0,1,1,0,4.942151042650645
8480,133.64,23,58,101.2,0.2,23,0,0,0,1,1,0,3,1,0,1.539813679011496
8481,133.65,29,66,135.3,0.2,30,0,0,0,1,1,0,3,4,1,1.5551211256673683
8482,133.69,49,173,228.8,0.2,51,0,0,0,0,0,1,8,2,8,1.4224254132367278
8483,133.72,49,141,229.2,0.2,51,0,0,0,0,0,1,11,1,6,1.3579029300463625
8484,133.74,35,98,155.1,0.2,35,0,0,0,1,1,0,5,4,1,1.532400420467598
8485,133.75,21,58,92.2,0.2,21,0,0,0,1,1,0,2,2,0,1.4478897825749921
8486,133.78,49,160,229.3,0.2,51,0,0,0,0,0,1,9,2,6,1.5001074010032582
8487,133.79,8,24,31.6,0.2,8,0,0,0,1,1,0,1,1,0,1.811074325817913
8488,133.8,12,32,51.8,0.2,12,0,0,0,1,1,0,0,2,0,1.93343351600149
8489,133.81,27,77,117.9,0.2,27,0,0,0,1,1,0,4,1,4,1.4417700116963503
8490,133.85,49,151,234.5,0.2,51,0,0,0,0,0,1,5,4,3,1.3767189185731705
8491,133.87,19,57,82.2,0.2,19,0,0,0,1,1,0,2,3,1,1.578899713093429
8492,133.87,12,27,52.2,0.2,12,0,0,0,1,1,0,0,2,1,2.04524883897556
8493,133.88,8,21,31.8,0.2,8,0,0,0,1,1,0,1,1,1,2.4576565622228634
8494,133.9,27,76,118.1,0.2,27,0,0,0,1,1,0,4,1,3,1.3764109206546953
8495,133.9,1,5,4.4,0.2,2,0,0,0,1,1,0,0,1,1,4.003261732670123
8496,133.91,19,53,79.5,0.2,19,0,0,0,1,1,0,5,3,2,1.579618506154291
8497,133.94,48,129,213.8,0.2,48,0,0,0,1,1,0,8,2,3,1.4782353354359046
8498,133.95,32,86,142.8,0.2,32,0,0,0,1,1,0,3,1,6,1.5972593814925893
8499,133.96,13,46,53.0,0.2,13,0,0,0,1,1,0,2,2,4,1.5217773452163765
8500,133.98,25,65,110.2,0.2,25,0,0,0,1,1,0,3,1,3,1.4927754624524874
8501,134.0,35,112,154.6,0.2,36,0,0,0,1,1,0,9,2,2,1.3701004724576191
8502,134.02,26,83,112.2,0.2,26,0,0,0,1,1,0,4,2,5,1.4274914210173786
8503,134.02,3,9,13.0,0.2,4,0,0,0,1,1,0,1,1,1,3.1766884464099587
8504,134.03,17,42,70.8,0.2,17,0,0,0,1,1,0,5,2,0,1.6876421533818302
8505,134.03,1,6,3.4,0.2,2,0,0,0,1,1,0,1,1,0,4.6159949413847885
8506,134.04,1,17,-4.9,0.2,1,0,0,0,1,1,0,3,1,2,1.9788010502079496
8507,134.07,49,152,234.3,0.2,51,0,0,0,0,0,1,5,4,4,1.4393924615839213
8508,134.08,9,30,34.0,0.2,9,0,0,0,1,1,0,3,3,0,1.808549076458373
8509,134.09,24,70,103.9,0.2,24,0,0,0,1,1,0,4,1,1,1.4271119060580013
8510,134.11,30,88,133.1,0.2,30,0,0,0,1,1,0,3,4,1,1.4970489012724932
8511,134.14,42,126,181.9,0.2,42,0,0,0,1,1,0,10,2,5,1.5003388453196784
8512,134.14,4,12,13.7,0.2,4,0,0,0,1,1,0,0,1,1,2.487637582997199
8513,134.18,49,159,231.8,0.2,51,0,0,0,0,0,1,7,2,2,1.3986306380157127
8514,134.2,38,120,173.5,0.2,39,0,0,0,1,1,0,4,2,5,1.3369124534877799
8515,134.24,50,156,229.0,0.2,50,0,0,0,0,0,1,5,4,3,1.4945899482789682
8516,134.25,19,40,83.0,0.2,19,0,0,0,1,1,0,3,2,0,1.8079531405913536
8517,134.26,20,48,88.1,0.2,20,0,0,0,1,1,0,2,1,1,1.665087653610356
8518,134.27,8,20,32.0,0.2,8,0,0,0,1,1,0,1,1,0,2.072757389442902
8519,134.28,32,90,138.7,0.2,32,0,0,0,1,1,0,7,2,3,1.6891071016509762
8520,134.29,2,5,1.5,0.2,2,0,0,0,1,1,0,3,1,0,5.641379422928414
8521,134.32,49,152,232.3,0.2,51,0,0,0,0,0,1,7,5,4,1.4943027736470993
8522,134.34,30,94,133.2,0.2,30,0,0,0,1,1,0,2,4,4,1.2680083506028943
8523,134.34,7,18,25.2,0.2,7,0,0,0,1,1,0,3,2,0,2.699130198119904
8524,134.35,2,7,3.2,0.2,2,0,0,0,1,1,0,1,1,1,3.723309241704463
8525,134.38,49,177,227.2,0.2,51,0,0,0,0,0,1,9,3,10,1.2082940453497395
8526,134.39,2,7,4.3,0.2,2,0,0,0,1,1,0,0,1,0,4.139713164365301
8527,134.39,2,5,2.4,0.2,2,0,0,0,1,1,0,2,1,1,5.565907763547874
8528,134.4,15,48,58.2,0.2,15,0,0,0,1,1,0,7,2,0,1.878518799861986
8529,134.41,23,60,103.7,0.2,23,0,0,0,1,1,0,0,1,3,1.9194944305621264
8530,134.45,49,165,234.0,0.2,51,0,0,0,0,0,1,4,6,4,1.3209438923517074
8531,134.46,14,46,57.2,0.2,14,0,0,0,1,1,0,3,2,2,1.1471762321787353
8532,134.47,17,52,69.3,0.2,17,0,0,0,1,1,0,5,1,5,1.4814372211445848
8533,134.48,11,30,39.9,0.2,11,0,0,0,1,1,0,7,1,1,1.801194553512054
8534,134.48,7,31,23.6,0.2,7,0,0,0,1,1,0,3,1,3,1.597892378148708
8535,134.49,15,42,61.7,0.2,15,0,0,0,1,1,0,4,2,1,1.7748942669052017
8536,134.52,35,104,155.1,0.2,35,0,0,0,1,1,0,4,5,5,1.4204116736407242
8537,134.52,2,5,4.4,0.2,2,0,0,0,1,1,0,0,1,1,4.8113882739990625
8538,134.52,6,25,20.4,0.2,6,0,0,0,1,1,0,2,2,1,1.6155721698434657
8539,134.52,2,5,1.5,0.2,2,0,0,0,1,1,0,3,1,0,5.8509246459183455
8540,134.53,2,5,2.4,0.2,2,0,0,0,1,1,0,2,1,1,5.212339568756686
8541,134.55,41,106,183.0,0.2,41,0,0,0,1,1,0,6,4,4,1.372718119772179
8542,134.55,5,22,13.8,0.2,5,0,0,0,1,1,0,4,1,0,1.7172227218460983
8543,134.56,18,40,77.8,0.2,18,0,0,0,1,1,0,3,1,2,1.59716545955403
8544,134.59,46,144,201.2,0.2,46,0,0,0,1,1,0,9,5,4,1.2533389267256132
8545,134.6,5,14,16.6,0.2,5,0,0,0,1,1,0,2,1,0,2.8475619083667314
8546,134.6,11,32,42.8,0.2,11,0,0,0,1,1,0,4,1,0,2.1656839328351887
8547,134.61,2,5,1.5,0.2,2,0,0,0,1,1,0,3,1,0,5.561216646663628
8548,134.61,6,13,22.7,0.2,6,0,0,0,1,1,0,1,2,0,3.21541172230496
8549,134.64,50,167,227.2,0.2,50,0,0,0,0,0,1,5,3,10,1.2600864000426815
8550,134.65,17,36,74.3,0.2,17,0,0,0,1,1,0,2,2,1,1.8096775966633563
8551,134.65,2,5,4.5,0.2,2,0,0,0,1,1,0,0,1,0,5.195519165529485
8552,134.69,49,145,216.0,0.2,49,0,0,0,1,1,0,9,5,5,1.469192339729787
8553,134.69,2,13,6.7,0.2,3,0,0,0,1,1,0,2,1,0,2.4137866392384826
8554,134.7,20,55,86.1,0.2,20,0,0,0,1,1,0,3,2,4,1.6458309473930108
8555,134.71,15,35,62.5,0.2,15,0,0,0,1,1,0,4,2,0,2.0608199836432632
8556,134.74,49,186,231.6,0.2,51,0,0,0,0,0,1,4,2,7,1.431393622744099
8557,134.75,16,36,69.2,0.2,16,0,0,0,1,1,0,2,2,2,1.9431384488165024
8558,134.77,35,80,156.9,0.2,35,0,0,0,1,1,0,5,3,1,1.4929237862651052
8559,134.77,4,12,11.8,0.2,4,0,0,0,1,1,0,2,1,0,3.0278359412117766
8560,134.77,1,5,-0.5,0.2,1,0,0,0,1,1,0,0,1,0,4.538637477686503
8561,134.78,14,41,58.9,0.2,14,0,0,0,1,1,0,2,2,0,1.76970250830786
8562,134.79,3,10,8.0,0.2,3,0,0,0,1,1,0,1,1,0,3.268679868224008
8563,134.82,49,163,220.3,0.2,51,0,0,0,0,0,1,18,5,3,1.4839940246782877
8564,134.85,50,154,219.8,0.2,50,0,0,0,1,1,0,9,2,8,1.3307706898325338
8565,134.88,49,133,238.1,0.2,51,0,0,0,0,0,1,3,4,5,1.510659617058976
8566,134.88,1,5,-0.5,0.2,1,0,0,0,1,1,0,0,1,0,5.290107644376283
8567,134.88,5,22,13.6,0.2,5,0,0,0,1,1,0,4,1,2,1.7896499895439775
8568,134.89,13,38,50.0,0.2,13,0,0,0,1,1,0,6,1,2,1.9033117780685742
8569,134.91,32,84,142.4,0.2,32,0,0,0,1,1,0,4,4,2,1.192230954819318
8570,134.92,15,37,64.3,0.2,15,0,0,0,1,1,0,2,3,0,2.080649220606791
8571,134.93,12,54,46.5,0.2,12,0,0,0,1,1,0,3,1,1,1.4820189991268384
8572,134.93,3,5,9.4,0.2,3,0,0,0,1,1,0,0,1,1,5.994884905952597
8573,134.94,13,29,55.1,0.2,13,0,0,0,1,1,0,2,2,0,1.9519438919475793
8574,134.97,50,161,221.7,0.2,50,0,0,0,1,1,0,7,2,2,1.4854807036661852
8575,135.01,49,163,230.1,0.2,51,0,0,0,0,0,1,8,3,5,1.3780371151878312
8576,135.04,49,146,233.9,0.2,51,0,0,0,0,0,1,6,2,4,1.421752480824269
8577,135.05,20,49,84.9,0.2,20,0,0,0,1,1,0,5,1,2,1.6308785655431803
8578,135.06,27,76,115.2,0.2,27,0,0,0,1,1,0,7,2,2,1.4341825282745067
8579,135.08,25,70,110.5,0.2,25,0,0,0,1,1,0,2,1,5,1.558419589407809
8580,135.1,36,104,157.5,0.2,36,0,0,0,1,1,0,7,3,1,1.3336114152574259
8581,135.11,3,5,8.5,0.2,3,0,0,0,1,1,0,1,1,0,5.65663802869007
8582,135.11,2,5,3.5,0.2,2,0,0,0,1,1,0,1,1,0,4.951553572658196
8583,135.14,50,157,225.5,0.2,50,0,0,0,0,0,1,8,4,7,1.2975967373625852
8584,135.16,33,116,142.1,0.2,33,0,0,0,1,1,0,6,5,3,1.4500049486305264
8585,135.17,2,5,8.5,0.2,3,0,0,0,1,1,0,1,1,0,4.229086141504416
8586,135.2,50,156,231.2,0.2,50,0,0,0,0,0,1,3,4,1,1.4179736950133213
8587,135.23,49,168,229.4,0.2,51,0,0,0,0,0,1,8,3,7,1.3646349300790894
8588,135.26,47,147,201.1,0.2,47,0,0,0,1,1,0,14,2,2,1.429871436567147
8589,135.26,2,5,2.4,0.2,2,0,0,0,1,1,0,2,1,1,5.768331263801562
8590,135.26,1,5,-2.5,0.2,1,0,0,0,1,1,0,2,1,0,4.44946450155868
8591,135.27,10,31,40.8,0.2,10,0,0,0,1,1,0,1,1,1,2.0270570185027346
8592,135.28,5,13,18.7,0.2,5,0,0,0,1,1,0,0,1,0,2.244287136240536
8593,135.28,11,31,44.9,0.2,11,0,0,0,1,1,0,2,2,0,2.0996561124480224
8594,135.31,50,164,220.4,0.2,50,0,0,0,1,1,0,7,2,12,1.2126964471586794
8595,135.33,37,88,168.0,0.2,37,0,0,0,1,1,0,3,2,2,1.7090568482185626
8596,135.34,2,5,4.4,0.2,2,0,0,0,1,1,0,0,1,1,5.886827795832528
8597,135.36,40,111,185.5,0.2,41,0,0,0,1,1,0,3,5,4,1.2946507545063786
8598,135.37,20,62,82.7,0.2,20,0,0,0,1,1,0,6,2,1,1.4564117425402314
8599,135.4,42,118,185.7,0.2,42,0,0,0,1,1,0,7,3,5,1.3075426033783837
8600,135.42,25,73,109.5,0.2,25,0,0,0,1,1,0,3,2,2,1.4211626453139206
8601,135.42,12,39,49.1,0.2,12,0,0,0,1,1,0,2,1,0,1.993084456463937
8602,135.44,15,54,61.4,0.2,15,0,0,0,1,1,0,3,1,2,1.4631892796642807
8603,135.44,7,16,32.4,0.2,8,0,0,0,1,1,0,1,1,0,2.538144493780684
8604,135.45,8,29,28.0,0.2,8,0,0,0,1,1,0,4,1,1,1.5057674529649514
8605,135.46,20,57,86.1,0.2,20,0,0,0,1,1,0,3,2,2,1.51867935064622
8606,135.48,32,101,139.4,0.2,32,0,0,0,1,1,0,5,2,5,1.4377599264931342
8607,135.5,31,82,137.5,0.2,31,0,0,0,1,1,0,4,2,3,1.6607330012048038
8608,135.51,10,25,37.5,0.2,10,0,0,0,1,1,0,5,1,0,1.8713788268258407
8609,135.51,1,5,-0.5,0.2,1,0,0,0,1,1,0,0,1,0,5.232566360050913
8610,135.53,27,64,121.5,0.2,27,0,0,0,1,1,0,2,1,1,1.7883160259437336
8611,135.53,3,5,8.5,0.2,3,0,0,0,1,1,0,1,1,0,4.679089063694287
8612,135.55,39,99,177.8,0.2,39,0,0,0,1,1,0,2,2,3,1.566316809023181
8613,135.55,2,5,3.5,0.2,2,0,0,0,1,1,0,1,1,0,6.484925969723703
8614,135.55,9,23,36.7,0.2,9,0,0,0,1,1,0,1,2,0,2.185803459171011
8615,135.57,30,89,141.0,0.2,31,0,0,0,1,1,0,0,3,1,1.6383285698040615
8616,135.59,32,83,139.4,0.2,32,0,0,0,1,1,0,7,4,3,1.452931647133156
8617,135.6,15,48,64.1,0.2,15,0,0,0,1,1,0,1,4,1,1.8366511048760839
8618,135.64,49,165,228.9,0.2,51,0,0,0,0,0,1,9,3,5,1.4491887921264908
8619,135.64,6,15,22.5,0.2,6,0,0,0,1,1,0,1,1,0,1.9382627698577652
8620,135.67,39,119,168.6,0.2,39,0,0,0,1,1,0,9,3,5,1.4607126899082912
8621,135.67,6,14,22.6,0.2,6,0,0,0,1,1,0,1,1,0,2.3264423645022183
8622,135.69,28,68,126.1,0.2,28,0,0,0,1,1,0,2,3,1,1.8262312698764267
8623,135.69,3,7,6.3,0.2,3,0,0,0,1,1,0,3,1,0,5.085767889775792
8624,135.7,8,35,29.2,0.2,8,0,0,0,1,1,0,2,3,3,1.54176218230964
8625,135.71,12,31,49.8,0.2,12,0,0,0,1,1,0,2,1,1,2.2946854428179706
8626,135.71,2,12,0.8,0.2,2,0,0,0,1,1,0,3,1,0,3.0645864494405957
8627,135.74,46,131,203.8,0.2,46,0,0,0,1,1,0,8,4,1,1.6412302490150514
8628,135.74,4,8,13.2,0.2,4,0,0,0,1,1,0,1,1,0,3.8881123241569187
8629,135.75,23,62,96.6,0.2,23,0,0,0,1,1,0,7,2,2,1.6714571185138756
8630,135.76,6,20,21.0,0.2,6,0,0,0,1,1,0,2,2,0,1.7994708137648743
8631,135.76,2,5,4.5,0.2,2,0,0,0,1,1,0,0,1,0,3.9497189487925013
8632,135.79,47,136,212.2,0.2,47,0,0,0,1,1,0,4,3,2,1.399688117479035
8633,135.8,20,54,91.4,0.2,21,0,0,0,1,1,0,3,3,2,1.5626860243930423
8634,135.83,49,172,217.6,0.2,49,0,0,0,1,1,0,5,4,2,1.4083724995006406
8635,135.85,28,69,125.6,0.2,28,0,0,0,1,1,0,2,2,5,1.621465748224926
8636,135.87,34,104,149.2,0.2,34,0,0,0,1,1,0,5,1,4,1.179734018787943
8637,135.88,10,29,38.0,0.2,10,0,0,0,1,1,0,4,1,1,1.9946925162242668
8638,135.88,5,12,15.7,0.2,5,0,0,0,1,1,0,3,1,1,2.8907851504214186
8639,135.89,5,15,16.5,0.2,5,0,0,0,1,1,0,2,2,0,3.1515823271577355
8640,135.92,50,181,220.6,0.2,50,0,0,0,0,0,1,10,1,12,1.3771325678731359
8641,135.94,27,62,121.5,0.2,27,0,0,0,1,1,0,2,2,3,1.6870198199455064
8642,135.96,38,128,165.5,0.2,38,0,0,0,1,1,0,6,3,7,1.3152237804946627
8643,135.99,42,128,186.8,0.2,42,0,0,0,1,1,0,5,4,4,1.3657072318685053
8644,136.0,7,25,21.5,0.2,7,0,0,0,1,1,0,6,3,0,1.5500309932456648
8645,136.01,18,46,78.1,0.2,18,0,0,0,1,1,0,2,1,3,1.6644817669464356
8646,136.01,1,8,-3.9,0.2,1,0,0,0,1,1,0,3,1,1,3.682012744005516
8647,136.02,8,32,31.5,0.2,8,0,0,0,1,1,0,0,1,3,1.8421553105060595
8648,136.02,13,24,62.4,0.2,14,0,0,0,1,1,0,0,1,2,2.6128064379230183
8649,136.03,3,10,8.0,0.2,3,0,0,0,1,1,0,1,1,0,3.1367584584703154
8650,136.04,21,44,98.5,0.2,22,0,0,0,1,1,0,2,1,1,1.5843576984118994
8651,136.06,49,143,235.9,0.2,51,0,0,0,0,0,1,4,1,7,1.4707999487564487
8652,136.08,25,64,112.5,0.2,25,0,0,0,1,1,0,1,1,1,1.6356936895383045
8653,136.08,11,25,51.4,0.2,12,0,0,0,1,1,0,1,1,1,1.873577102545857
8654,136.09,2,5,4.2,0.2,2,0,0,0,1,1,0,0,1,3,4.498667354681643
8655,136.1,25,68,107.8,0.2,25,0,0,0,1,1,0,5,2,4,1.6352343396376765
8656,136.1,1,5,-0.7,0.2,1,0,0,0,1,1,0,0,1,2,5.100565502873326
8657,136.13,45,130,201.7,0.2,45,0,0,0,1,1,0,5,2,3,1.2171244889938035
8658,136.14,15,44,61.6,0.2,15,0,0,0,1,1,0,4,3,0,1.6736256258595283
8659,136.16,34,96,153.0,0.2,34,0,0,0,1,1,0,2,2,4,1.5273160347774146
8660,136.16,4,6,14.4,0.2,4,0,0,0,1,1,0,0,1,0,4.751407574697626
8661,136.17,20,53,87.2,0.2,20,0,0,0,1,1,0,2,1,5,1.668536910885322
8662,136.18,14,36,65.0,0.2,15,0,0,0,1,1,0,1,1,4,1.8430481271471342
8663,136.18,2,7,4.2,0.2,2,0,0,0,1,1,0,0,1,1,3.685758128530903
8664,136.2,29,74,130.4,0.2,29,0,0,0,1,1,0,2,3,2,1.57832001524845
8665,136.2,10,21,39.9,0.2,10,0,0,0,1,1,0,3,2,0,2.11685725243019
8666,136.21,21,41,94.8,0.2,21,0,0,0,1,1,0,1,2,1,2.0089622352702152
8667,136.22,7,19,28.1,0.2,7,0,0,0,1,1,0,0,1,0,2.1471347337519986
8668,136.25,44,136,195.3,0.2,44,0,0,0,1,1,0,6,3,1,1.4883912527522523
8669,136.28,49,147,228.9,0.2,51,0,0,0,0,0,1,11,2,3,1.43729371340837
8670,136.31,47,143,212.3,0.2,47,0,0,0,1,1,0,3,6,4,1.4236901357139893
8671,136.33,36,130,152.6,0.2,36,0,0,0,1,1,0,9,2,4,1.3887445872389124
8672,136.34,9,22,34.8,0.2,9,0,0,0,1,1,0,3,2,0,2.0058570294527187
8673,136.35,21,49,91.0,0.2,21,0,0,0,1,1,0,4,2,1,1.5518739726990742
8674,136.38,49,150,233.5,0.2,51,0,0,0,0,0,1,6,3,4,1.7811643692144614
8675,136.39,12,32,55.8,0.2,13,0,0,0,1,1,0,1,2,0,1.3489049776806208
8676,136.39,2,11,8.8,0.2,3,0,0,0,1,1,0,0,1,1,2.82503388618414
8677,136.42,49,147,232.7,0.2,51,0,0,0,0,0,1,7,1,5,1.402785055203072
8678,136.43,2,5,7.5,0.2,3,0,0,0,1,1,0,2,1,0,5.438945633739412
8679,136.43,3,8,8.2,0.2,3,0,0,0,1,1,0,1,1,0,3.3529227824133887
8680,136.45,43,114,197.6,0.2,43,0,0,0,1,1,0,1,4,0,1.6484254781406649
8681,136.47,30,79,136.8,0.2,30,0,0,0,1,1,0,0,1,3,1.7291487638359229
8682,136.49,26,62,116.6,0.2,26,0,0,0,1,1,0,2,2,2,1.7802037852440973
8683,136.49,8,22,30.8,0.2,8,0,0,0,1,1,0,2,2,0,2.0234743561655857
8684,136.52,49,156,230.0,0.2,51,0,0,0,0,0,1,9,3,3,1.518049216706311
8685,136.54,32,81,143.4,0.2,32,0,0,0,1,1,0,3,2,5,1.6411370329480972
8686,136.55,15,36,64.4,0.2,15,0,0,0,1,1,0,2,2,0,1.7875721723536984
8687,136.55,2,5,4.4,0.2,2,0,0,0,1,1,0,0,1,1,4.553047436109656
8688,136.55,6,25,21.5,0.2,6,0,0,0,1,1,0,1,2,0,1.6959156341427226
8689,136.56,9,23,36.7,0.2,9,0,0,0,1,1,0,1,1,0,1.8248838988562925
8690,136.58,36,109,157.9,0.2,36,0,0,0,1,1,0,6,3,2,1.2851832671170476
8691,136.58,3,11,5.9,0.2,3,0,0,0,1,1,0,3,1,0,3.1624286895648823
8692,136.59,17,44,70.4,0.2,17,0,0,0,1,1,0,5,2,2,1.5345616283728247
8693,136.61,20,61,84.6,0.2,20,0,0,0,1,1,0,4,4,3,1.6816661263031414
8694,136.62,14,40,58.7,0.2,14,0,0,0,1,1,0,2,1,3,1.5606100179673756
8695,136.62,0,5,-1.5,0.2,1,0,0,0,1,1,0,1,1,0,4.365470911685652
8696,136.62,6,12,21.7,0.2,6,0,0,0,1,1,0,2,1,1,3.265742713436216
8697,136.62,2,5,1.5,0.2,2,0,0,0,1,1,0,3,1,0,5.165300111277505
8698,136.62,1,5,-1.5,0.2,1,0,0,0,1,1,0,1,1,0,5.101575881671605
8699,136.65,40,114,180.8,0.2,40,0,0,0,1,1,0,2,4,8,1.1982008419553436
8700,136.65,10,23,38.7,0.2,10,0,0,0,1,1,0,4,2,0,2.079533017037613
8701,136.65,5,11,18.8,0.2,5,0,0,0,1,1,0,0,1,1,3.08639017411441
8702,136.67,24,58,106.1,0.2,24,0,0,0,1,1,0,3,1,1,1.8883440206756525
8703,136.69,37,94,163.3,0.2,37,0,0,0,1,1,0,7,3,3,1.4418679489784545
8704,136.7,19,57,89.0,0.2,20,0,0,0,1,1,0,0,2,3,1.5869417819113834
8705,136.72,38,92,168.4,0.2,38,0,0,0,1,1,0,7,3,4,1.478166434179155
8706,136.73,28,62,123.6,0.2,28,0,0,0,1,1,0,5,2,2,1.677765999159983
8707,136.75,23,64,103.5,0.2,24,0,0,0,1,1,0,5,3,1,1.361461965719867
8708,136.75,1,5,-2.5,0.2,1,0,0,0,1,1,0,2,1,0,5.796998013725623
8709,136.78,43,126,192.2,0.2,43,0,0,0,1,1,0,5,4,2,1.445347012830554
8710,136.8,28,72,123.6,0.2,28,0,0,0,1,1,0,4,2,2,1.6839283757263859
8711,136.83,45,134,193.5,0.2,45,0,0,0,1,1,0,13,2,1,1.3555949567302727
8712,136.86,49,139,219.5,0.2,49,0,0,0,1,1,0,6,4,6,1.5303986534682754
8713,136.87,20,51,87.8,0.2,20,0,0,0,1,1,0,2,4,1,1.5141494713688308
8714,136.88,20,54,86.3,0.2,20,0,0,0,1,1,0,3,1,3,1.6075316547849654
8715,136.88,7,18,27.1,0.2,7,0,0,0,1,1,0,1,1,1,2.6669386559120314
8716,136.89,16,44,69.4,0.2,16,0,0,0,1,1,0,1,1,2,1.6147804478899017
8717,136.91,29,83,132.6,0.2,30,0,0,0,1,1,0,4,1,1,1.3564221894320185
8718,136.92,12,35,50.5,0.2,12,0,0,0,1,1,0,1,1,0,1.7945374628111666
8719,136.95,37,102,166.5,0.2,37,0,0,0,1,1,0,3,4,3,1.1939510184762447
8720,136.96,19,44,80.6,0.2,19,0,0,0,1,1,0,5,1,0,1.8008491018104633
8721,136.97,17,38,73.2,0.2,17,0,0,0,1,1,0,3,2,0,2.1203948724664126
8722,136.98,39,98,175.9,0.2,39,0,0,0,1,1,0,4,1,3,1.5085127722125806
8723,137.01,44,134,193.3,0.2,44,0,0,0,1,1,0,8,3,3,1.3192973100586556
8724,137.02,11,29,44.9,0.2,11,0,0,0,1,1,0,2,1,2,1.723690390871322
8725,137.02,1,6,-2.7,0.2,1,0,0,0,1,1,0,2,1,1,4.028708567787209
8726,137.02,1,7,-0.7,0.2,1,0,0,0,1,1,0,0,1,0,3.829401490900051
8727,137.04,29,74,126.5,0.2,29,0,0,0,1,1,0,6,2,1,1.375283933470767
8728,137.04,1,5,2.5,0.2,2,0,0,0,1,1,0,2,1,0,4.228683734153692
8729,137.06,31,89,137.8,0.2,31,0,0,0,1,1,0,3,2,3,1.470440225826349
8730,137.06,5,20,12.9,0.2,5,0,0,0,1,1,0,5,1,1,1.8746633094619107
8731,137.07,2,5,4.5,0.2,2,0,0,0,1,1,0,0,1,0,5.092723367094182
8732,137.08,17,43,73.6,0.2,17,0,0,0,1,1,0,2,1,1,1.5860989495667481
8733,137.09,25,65,111.3,0.2,25,0,0,0,1,1,0,2,1,2,1.7246028820827461
8734,137.09,4,5,14.4,0.2,4,0,0,0,1,1,0,0,1,1,6.8736568611423845
8735,137.12,49,143,232.9,0.2,51,0,0,0,0,0,1,7,0,7,1.731279273351166
8736,137.14,30,79,130.5,0.2,30,0,0,0,1,1,0,6,3,6,1.4801730359813874
8737,137.17,49,168,235.9,0.2,51,0,0,0,0,0,1,2,3,2,1.4284602963282005
8738,137.18,14,37,58.2,0.2,14,0,0,0,1,1,0,3,2,1,1.6435965359412483
8739,137.19,17,51,77.5,0.2,18,0,0,0,1,1,0,2,3,4,1.2678277694533153
8740,137.2,17,37,74.3,0.2,17,0,0,0,1,1,0,2,1,0,1.7993630397956524
8741,137.22,33,93,142.4,0.2,33,0,0,0,1,1,0,8,3,3,1.1584360663745203
8742,137.23,5,10,18.9,0.2,5,0,0,0,1,1,0,0,1,1,3.2816382930891854
8743,137.27,49,179,224.7,0.2,51,0,0,0,0,0,1,12,3,3,1.4472435851796257
8744,137.28,28,75,123.3,0.2,28,0,0,0,1,1,0,4,1,2,1.7228750135802173
8745,137.29,5,17,16.3,0.2,5,0,0,0,1,1,0,2,1,0,1.7993219923699566
8746,137.29,9,30,33.8,0.2,9,0,0,0,1,1,0,3,2,2,1.8556157499862755
8747,137.31,21,53,90.7,0.2,21,0,0,0,1,1,0,4,2,0,1.7316716303677269
8748,137.31,9,25,39.3,0.2,10,0,0,0,1,1,0,3,2,2,2.0744091086470746
8749,137.35,49,145,237.1,0.2,51,0,0,0,0,0,1,3,2,3,1.67151709697771
8750,137.35,5,22,13.8,0.2,5,0,0,0,1,1,0,4,1,0,1.9152889896829537
8751,137.36,5,12,16.8,0.2,5,0,0,0,1,1,0,2,2,0,3.3923851666108806
8752,137.37,27,57,122.3,0.2,27,0,0,0,1,1,0,2,4,0,1.5024487639010193
8753,137.38,13,28,56.2,0.2,13,0,0,0,1,1,0,1,1,0,2.4144597641810397
8754,137.39,28,67,125.1,0.2,28,0,0,0,1,1,0,3,2,2,1.4631828450308162
8755,137.4,7,23,23.7,0.2,7,0,0,0,1,1,0,4,1,0,1.771991828842907
8756,137.42,34,103,147.6,0.2,34,0,0,0,1,1,0,7,2,1,1.327784763576888
8757,137.45,40,108,181.4,0.2,40,0,0,0,1,1,0,2,2,8,1.2554291490211695
8758,137.45,13,25,55.5,0.2,13,0,0,0,1,1,0,2,3,0,2.400900202531958
8759,137.46,23,48,103.1,0.2,23,0,0,0,1,1,0,2,1,1,1.917017355633915
8760,137.48,33,89,145.7,0.2,33,0,0,0,1,1,0,5,2,4,1.3621940654986529
8761,137.51,45,125,200.4,0.2,45,0,0,0,1,1,0,7,2,1,1.362223295276477
8762,137.52,6,22,19.8,0.2,6,0,0,0,1,1,0,3,1,0,2.1932459877233077
8763,137.54,37,95,166.1,0.2,37,0,0,0,1,1,0,4,2,4,1.179187020415242
8764,137.56,20,72,81.3,0.2,20,0,0,0,1,1,0,6,1,5,1.2356197722358617
8765,137.59,49,157,235.6,0.2,51,0,0,0,0,0,1,3,1,6,1.5208251120681817
8766,137.62,41,110,188.7,0.2,42,0,0,0,1,1,0,5,1,3,1.3864740296437852
8767,137.65,50,153,220.2,0.2,50,0,0,0,1,1,0,9,5,5,1.466194206698026
8768,137.67,32,83,141.5,0.2,32,0,0,0,1,1,0,5,3,2,1.5385621900825432
8769,137.7,49,173,225.2,0.2,51,0,0,0,0,0,1,12,4,4,1.512548236923726
8770,137.7,1,5,-3.5,0.2,1,0,0,0,1,1,0,3,1,0,5.048629330067212
8771,137.71,7,19,28.0,0.2,7,0,0,0,1,1,0,0,1,1,1.8877363557216755
8772,137.71,9,20,37.9,0.2,9,0,0,0,1,1,0,0,2,1,1.895217341384368
8773,137.72,2,5,3.5,0.2,2,0,0,0,1,1,0,1,1,0,6.047882085134647
8774,137.72,14,37,59.1,0.2,14,0,0,0,1,1,0,2,1,2,1.3456499323353088
8775,137.74,26,78,111.9,0.2,26,0,0,0,1,1,0,5,1,3,1.3708546631763106
8776,137.76,28,88,119.5,0.2,28,0,0,0,1,1,0,6,2,7,1.500815801793928
8777,137.78,33,82,150.6,0.2,33,0,0,0,1,1,0,1,3,2,1.5095382881469388
8778,137.79,3,12,12.6,0.2,4,0,0,0,1,1,0,1,1,2,2.477444858609135
8779,137.8,16,42,64.8,0.2,16,0,0,0,1,1,0,6,1,0,1.987764997845974
8780,137.8,7,20,24.9,0.2,7,0,0,0,1,1,0,3,1,1,2.507985187496508
8781,137.81,16,35,67.5,0.2,16,0,0,0,1,1,0,4,2,0,2.0042679997274067
8782,137.84,47,125,210.3,0.2,47,0,0,0,1,1,0,7,3,2,1.4139925816738077
8783,137.87,49,154,235.0,0.2,51,0,0,0,0,0,1,4,4,5,1.5399079392723725
8784,137.88,20,53,84.6,0.2,20,0,0,0,1,1,0,5,2,1,1.4822854817202433
8785,137.9,18,46,79.2,0.2,18,0,0,0,1,1,0,1,2,2,1.7692602013113956
8786,137.91,22,49,99.1,0.2,22,0,0,0,1,1,0,1,1,0,1.5234227310204895
8787,137.95,49,162,226.2,0.2,51,0,0,0,0,0,1,12,3,5,1.4679582768878514
8788,137.95,14,29,61.0,0.2,14,0,0,0,1,1,0,1,1,1,1.8938300374944088
8789,137.96,19,43,85.7,0.2,19,0,0,0,1,1,0,0,2,0,1.468871456846099
8790,137.98,22,61,92.6,0.2,22,0,0,0,1,1,0,6,2,3,1.6776362614740297
8791,138.01,49,147,234.7,0.2,51,0,0,0,0,0,1,5,2,5,1.5208118142414853
8792,138.02,7,19,27.0,0.2,7,0,0,0,1,1,0,1,1,1,1.8919347337970702
8793,138.03,13,43,51.4,0.2,13,0,0,0,1,1,0,4,3,3,1.7343675470084137
8794,138.03,1,8,-1.8,0.2,1,0,0,0,1,1,0,1,1,0,3.472255744697253
8795,138.07,49,172,215.0,0.2,49,0,0,0,1,1,0,7,1,8,1.3124742213394076
8796,138.07,3,5,9.5,0.2,3,0,0,0,1,1,0,0,1,0,5.803647634188918
8797,138.08,22,58,97.0,0.2,22,0,0,0,1,1,0,2,2,2,1.387833162500508
8798,138.09,11,39,49.9,0.2,12,0,0,0,1,1,0,1,1,2,1.6484606928768157
8799,138.12,31,104,133.2,0.2,31,0,0,0,1,1,0,6,2,4,1.3116009042630468
8800,138.15,39,130,169.6,0.2,39,0,0,0,1,1,0,7,4,4,1.3669934838095095
8801,138.18,49,161,232.8,0.2,51,0,0,0,0,0,1,5,2,10,1.361507414267459
8802,138.18,3,5,9.5,0.2,3,0,0,0,1,1,0,0,1,0,5.826715744858959
8803,138.21,40,108,180.9,0.2,40,0,0,0,1,1,0,3,4,3,1.3840812030905683
8804,138.25,49,180,206.4,0.2,49,0,0,0,1,1,0,15,6,6,1.3879183625773366
8805,138.28,50,168,222.4,0.2,50,0,0,0,0,0,1,10,5,7,1.472121979498409
8806,138.29,12,29,47.1,0.2,12,0,0,0,1,1,0,5,1,0,2.048243640543375
8807,138.3,11,29,45.1,0.2,11,0,0,0,1,1,0,2,3,0,1.9366306095294952
8808,138.33,32,91,138.5,0.2,32,0,0,0,1,1,0,7,4,4,1.2262624575341723
8809,138.33,11,29,46.8,0.2,11,0,0,0,1,1,0,0,2,3,1.8972618197582067
8810,138.37,49,165,223.8,0.2,51,0,0,0,0,0,1,14,6,6,1.3693543941492459
8811,138.39,29,82,127.1,0.2,29,0,0,0,1,1,0,4,1,7,1.4109393491246043
8812,138.39,4,12,10.8,0.2,4,0,0,0,1,1,0,3,1,0,2.5455651129038404
8813,138.4,5,14,15.5,0.2,5,0,0,0,1,1,0,3,1,1,2.5655844817540197
8814,138.44,49,166,228.7,0.2,51,0,0,0,0,0,1,9,2,6,1.3968969320540663
8815,138.46,42,119,188.7,0.2,42,0,0,0,1,1,0,4,2,4,1.2260452574045846
8816,138.49,41,107,189.2,0.2,42,0,0,0,1,1,0,5,5,1,1.2145643332365166
8817,138.5,16,46,69.2,0.2,16,0,0,0,1,1,0,1,3,2,1.6358537013824404
8818,138.5,2,5,1.5,0.2,2,0,0,0,1,1,0,3,1,0,6.210664104240246
8819,138.53,49,171,233.1,0.2,51,0,0,0,0,0,1,4,5,7,1.442646718756054
8820,138.56,32,102,134.4,0.2,32,0,0,0,1,1,0,10,2,4,1.3983547273376233
8821,138.58,39,107,169.0,0.2,39,0,0,0,1,1,0,10,2,3,1.2652945626716627
8822,138.61,48,143,217.2,0.2,49,0,0,0,1,1,0,8,3,5,1.4034248623969192
8823,138.64,49,133,235.3,0.2,51,0,0,0,0,0,1,6,2,3,1.468773890002802
8824,138.65,6,17,20.3,0.2,6,0,0,0,1,1,0,3,1,0,2.2598206322020564
8825,138.65,2,5,9.4,0.2,3,0,0,0,1,1,0,0,1,1,4.433462368546815
8826,138.68,50,159,228.3,0.2,50,0,0,0,0,0,1,5,3,7,1.3983410738572803
8827,138.69,10,33,38.7,0.2,10,0,0,0,1,1,0,3,1,0,1.8105835582885488
8828,138.72,45,119,203.8,0.2,45,0,0,0,1,1,0,4,2,3,1.398509156637213
8829,138.74,21,62,88.8,0.2,21,0,0,0,1,1,0,5,2,0,1.5558819487696753
8830,138.75,28,85,126.1,0.2,28,0,0,0,1,1,0,0,3,4,1.430771215161195
8831,138.76,4,5,14.5,0.2,4,0,0,0,1,1,0,0,1,0,5.58893599094333
8832,138.77,14,44,55.5,0.2,14,0,0,0,1,1,0,5,1,1,1.5924012894969835
8833,138.8,49,146,235.0,0.2,51,0,0,0,0,0,1,5,2,3,1.56002277770672
8834,138.81,16,47,67.2,0.2,16,0,0,0,1,1,0,3,4,1,1.6074990729498615
8835,138.82,29,69,129.9,0.2,29,0,0,0,1,1,0,3,2,2,1.6308132070220953
8836,138.83,3,8,12.2,0.2,4,0,0,0,1,1,0,2,1,0,3.0719397468424074
8837,138.84,22,65,96.4,0.2,22,0,0,0,1,1,0,2,2,1,1.2649678182410988
8838,138.85,1,12,-3.3,0.2,1,0,0,0,1,1,0,2,1,1,2.803409569249395
8839,138.85,10,24,39.6,0.2,10,0,0,0,1,1,0,3,2,0,2.023024359007124
8840,138.85,1,7,-3.7,0.2,1,0,0,0,1,1,0,3,1,0,4.411339241077448
8841,138.88,40,125,174.2,0.2,40,0,0,0,1,1,0,8,2,3,1.370669322764144
8842,138.89,16,45,74.5,0.2,17,0,0,0,1,1,0,1,3,0,1.5361146900039724
8843,138.89,6,12,25.8,0.2,7,0,0,0,1,1,0,3,1,0,3.4164106831857084
8844,138.92,49,134,220.1,0.2,49,0,0,0,1,1,0,6,3,5,1.3321740119028476
8845,138.94,27,64,119.4,0.2,27,0,0,0,1,1,0,4,2,2,1.448550574586375
8846,138.97,49,159,231.4,0.2,51,0,0,0,0,0,1,7,3,6,1.3911317421196998
8847,139.0,49,143,231.3,0.2,51,0,0,0,0,0,1,9,2,3,1.4871276457406033
8848,139.01,18,49,76.9,0.2,18,0,0,0,1,1,0,3,1,2,1.572194904766687
8849,139.03,19,50,80.6,0.2,19,0,0,0,1,1,0,4,1,4,1.2989966308137426
8850,139.04,10,33,37.2,0.2,10,0,0,0,1,1,0,4,1,5,1.4491239023288196
8851,139.07,47,135,211.1,0.2,47,0,0,0,1,1,0,5,6,4,1.414933101652932
8852,139.08,17,46,74.4,0.2,17,0,0,0,1,1,0,1,2,0,1.3156108401875861
8853,139.09,19,60,76.9,0.2,19,0,0,0,1,1,0,7,2,1,1.4076727624437144
8854,139.12,42,126,187.0,0.2,42,0,0,0,1,1,0,5,3,4,1.5572991330135153
8855,139.14,28,61,127.8,0.2,28,0,0,0,1,1,0,1,1,1,1.6301978075784942
8856,139.14,6,12,23.7,0.2,6,0,0,0,1,1,0,0,1,1,2.9109746711999804
8857,139.14,1,5,-0.5,0.2,1,0,0,0,1,1,0,0,1,0,4.513779926117128
8858,139.17,50,148,232.4,0.2,50,0,0,0,0,0,1,2,5,7,1.4401432836819401
8859,139.18,2,5,4.5,0.2,2,0,0,0,1,1,0,0,1,0,4.8728148783653875
8860,139.19,19,61,76.7,0.2,19,0,0,0,1,1,0,7,4,2,1.2797203894977072
8861,139.2,14,39,60.0,0.2,14,0,0,0,1,1,0,1,1,1,1.751459681690883
8862,139.2,2,6,4.4,0.2,2,0,0,0,1,1,0,0,1,0,4.780261008940261
8863,139.23,36,110,157.6,0.2,36,0,0,0,1,1,0,6,5,4,1.6409737466448473
8864,139.25,35,99,155.0,0.2,35,0,0,0,1,1,0,5,2,1,1.4711233086315172
8865,139.28,49,151,231.5,0.2,51,0,0,0,0,0,1,8,3,3,1.4762147277163578
8866,139.32,50,179,218.8,0.2,50,0,0,0,0,0,1,12,7,12,1.2462091016965458
8867,139.33,21,61,91.8,0.2,21,0,0,0,1,1,0,2,1,1,1.4503006118570296
8868,139.34,6,14,22.6,0.2,6,0,0,0,1,1,0,1,1,0,2.631086870020333
8869,139.35,17,42,70.8,0.2,17,0,0,0,1,1,0,5,2,0,1.7987128771303451
8870,139.37,41,116,184.7,0.2,41,0,0,0,1,1,0,3,4,7,1.4758522088966102
8871,139.38,3,10,11.9,0.2,4,0,0,0,1,1,0,2,1,1,2.952943017497161
8872,139.41,47,148,203.8,0.2,47,0,0,0,1,1,0,11,1,4,1.5260567572702757
8873,139.43,23,58,97.2,0.2,23,0,0,0,1,1,0,7,1,0,1.5443277310792765
8874,139.43,1,5,-3.5,0.2,1,0,0,0,1,1,0,3,1,0,5.234312603658488
8875,139.44,12,42,54.6,0.2,13,0,0,0,1,1,0,1,2,2,1.7615731953201066
8876,139.44,2,5,3.5,0.2,2,0,0,0,1,1,0,1,1,0,3.7686221128990796
8877,139.44,3,5,9.5,0.2,3,0,0,0,1,1,0,0,1,0,5.206312198230636
8878,139.48,49,175,227.9,0.2,51,0,0,0,0,0,1,9,4,5,1.6375583423839137
8879,139.51,38,114,165.2,0.2,38,0,0,0,1,1,0,8,4,4,1.4714192047830377
8880,139.51,2,5,8.4,0.2,3,0,0,0,1,1,0,1,1,1,5.47694947546657
8881,139.52,5,16,17.3,0.2,5,0,0,0,1,1,0,1,2,1,2.3501676979096304
8882,139.55,49,147,233.5,0.2,51,0,0,0,0,0,1,6,5,7,1.45547574102688
8883,139.55,8,23,32.6,0.2,8,0,0,0,1,1,0,0,2,1,1.5454940719052752
8884,139.59,49,180,213.5,0.2,49,0,0,0,1,1,0,8,5,5,1.4678654623131446
8885,139.63,49,176,228.1,0.2,51,0,0,0,0,0,1,8,2,12,1.465488846828305
8886,139.63,1,5,3.5,0.2,2,0,0,0,1,1,0,1,1,0,4.833051849933379
8887,139.64,16,46,69.4,0.2,16,0,0,0,1,1,0,1,3,0,1.4957167740783333
8888,139.67,45,135,205.3,0.2,45,0,0,0,1,1,0,1,2,2,1.4542929403237954
8889,139.68,16,37,70.2,0.2,16,0,0,0,1,1,0,1,1,1,1.81398156165309
8890,139.71,41,126,187.0,0.2,42,0,0,0,1,1,0,5,5,4,1.1726048395996944
8891,139.73,23,78,99.0,0.2,23,0,0,0,1,1,0,3,3,2,1.2879070289839252
8892,139.75,37,102,164.7,0.2,37,0,0,0,1,1,0,5,5,1,1.6085161150232112
8893,139.78,50,157,222.5,0.2,50,0,0,0,1,1,0,6,3,8,1.4650481865580811
8894,139.79,7,23,25.5,0.2,7,0,0,0,1,1,0,2,2,2,1.725359659792809
8895,139.8,12,45,48.1,0.2,12,0,0,0,1,1,0,2,1,4,1.5848329445144613
8896,139.81,22,48,97.0,0.2,22,0,0,0,1,1,0,3,1,2,1.7966604163526092
8897,139.82,11,25,47.4,0.2,11,0,0,0,1,1,0,0,2,1,2.0200420272220847
8898,139.84,37,107,171.2,0.2,38,0,0,0,1,1,0,3,1,1,1.300671378025349
8899,139.86,29,73,128.6,0.2,29,0,0,0,1,1,0,4,2,1,1.3128184221962245
8900,139.89,49,151,228.4,0.2,51,0,0,0,0,0,1,10,4,14,1.4615259416753617
8901,139.89,2,5,4.4,0.2,2,0,0,0,1,1,0,0,1,1,4.602391384139847
8902,139.9,2,5,3.5,0.2,2,0,0,0,1,1,0,1,1,0,6.187165615597442
8903,139.9,9,36,31.3,0.2,9,0,0,0,1,1,0,5,1,1,1.6989001914133628
8904,139.94,49,159,233.5,0.2,51,0,0,0,0,0,1,5,5,5,1.5292047450997184
8905,139.95,25,57,112.2,0.2,25,0,0,0,1,1,0,2,2,1,1.7456124910000153
8906,139.97,25,63,117.6,0.2,26,0,0,0,1,1,0,1,2,1,1.3476136650240957
8907,139.98,12,29,50.0,0.2,12,0,0,0,1,1,0,2,1,1,2.469271284711512
8908,139.98,10,29,39.9,0.2,10,0,0,0,1,1,0,2,1,2,2.2206899503032234
8909,139.99,10,21,47.8,0.2,11,0,0,0,1,1,0,0,1,1,2.3372556478973663
8910,139.99,6,17,21.3,0.2,6,0,0,0,1,1,0,2,1,0,1.6719833264125943
8911,140.01,26,74,111.4,0.2,26,0,0,0,1,1,0,6,2,2,1.4118562992390251
8912,140.03,24,69,105.0,0.2,24,0,0,0,1,1,0,3,1,1,1.6222070779269249
8913,140.04,20,53,84.6,0.2,20,0,0,0,1,1,0,5,2,1,1.6007260946263475
8914,140.05,22,44,100.5,0.2,22,0,0,0,1,1,0,0,1,1,1.6507930968423858
8915,140.05,5,12,21.8,0.2,6,0,0,0,1,1,0,2,1,0,2.0959738368802245
8916,140.07,37,94,167.9,0.2,37,0,0,0,1,1,0,2,2,7,1.438802030207828
8917,140.08,22,47,100.3,0.2,22,0,0,0,1,1,0,0,1,0,1.7362209404733413
8918,140.09,2,7,8.3,0.2,3,0,0,0,1,1,0,1,1,0,3.305591508028139
8919,140.12,49,167,231.2,0.2,51,0,0,0,0,0,1,6,1,10,1.3788437789921657
8920,140.13,10,29,42.1,0.2,10,0,0,0,1,1,0,0,1,0,1.9068103558663632
8921,140.14,18,42,77.5,0.2,18,0,0,0,1,1,0,3,2,3,1.4953050685513143
8922,140.16,35,92,156.7,0.2,35,0,0,0,1,1,0,4,2,1,1.5282992841214142
8923,140.19,49,148,232.9,0.2,51,0,0,0,0,0,1,7,2,2,1.3880537012577374
8924,140.2,5,21,15.9,0.2,5,0,0,0,1,1,0,2,1,0,1.7737564582913061
8925,140.2,10,25,39.4,0.2,10,0,0,0,1,1,0,3,1,1,2.5802521494146906
8926,140.2,2,8,4.1,0.2,2,0,0,0,1,1,0,0,1,1,3.6534427540473007
8927,140.22,26,54,114.5,0.2,26,0,0,0,1,1,0,5,2,1,1.8036541235747048
8928,140.22,2,5,3.4,0.2,2,0,0,0,1,1,0,1,1,1,5.076603400470788
8929,140.23,15,37,62.3,0.2,15,0,0,0,1,1,0,4,2,0,1.8527491252602608
8930,140.24,7,21,32.7,0.2,8,0,0,0,1,1,0,0,1,2,2.148494624682666
8931,140.27,49,153,232.0,0.2,51,0,0,0,0,0,1,7,3,6,1.3701473550475425
8932,140.27,4,7,14.3,0.2,4,0,0,0,1,1,0,0,1,0,4.108253042067332
8933,140.28,16,33,70.6,0.2,16,0,0,0,1,1,0,1,1,1,1.9827142457775286
8934,140.29,13,32,53.6,0.2,13,0,0,0,1,1,0,3,1,2,2.042685821671942
8935,140.3,18,58,74.2,0.2,18,0,0,0,1,1,0,5,2,0,1.638049111798125
8936,140.33,42,123,188.5,0.2,42,0,0,0,1,1,0,4,3,2,1.5009093987839168
8937,140.35,39,109,175.7,0.2,39,0,0,0,1,1,0,3,4,4,1.4060488241366804
8938,140.35,2,5,3.5,0.2,2,0,0,0,1,1,0,1,1,0,4.659341029451819
8939,140.39,50,159,220.0,0.2,50,0,0,0,1,1,0,9,2,1,1.3549530772660845
8940,140.4,14,37,58.0,0.2,14,0,0,0,1,1,0,3,3,3,1.8577008195602192
8941,140.4,3,5,9.5,0.2,3,0,0,0,1,1,0,0,1,0,5.066390063729444
8942,140.41,21,59,91.7,0.2,21,0,0,0,1,1,0,2,3,4,1.5346935261764065
8943,140.42,12,35,50.2,0.2,12,0,0,0,1,1,0,1,1,3,1.906020208746607
8944,140.43,13,34,52.5,0.2,13,0,0,0,1,1,0,4,1,1,1.6103467876736213
8945,140.46,42,142,183.3,0.2,42,0,0,0,1,1,0,7,4,5,1.4133175562134954
8946,140.48,25,72,111.6,0.2,26,0,0,0,1,1,0,6,4,2,1.5979398212795028
8947,140.49,10,31,41.9,0.2,10,0,0,0,1,1,0,0,1,0,1.635969447175451
8948,140.51,30,76,130.0,0.2,30,0,0,0,1,1,0,7,2,4,1.4735227840331226
8949,140.51,6,20,19.0,0.2,6,0,0,0,1,1,0,4,1,0,2.6528683981646397
8950,140.52,9,30,31.9,0.2,9,0,0,0,1,1,0,5,1,1,1.9355025838902162
8951,140.52,3,5,8.5,0.2,3,0,0,0,1,1,0,1,1,0,3.8970679318512422
8952,140.53,9,20,37.0,0.2,9,0,0,0,1,1,0,1,1,0,1.7331227214354534
8953,140.53,2,18,2.2,0.2,2,0,0,0,1,1,0,1,1,0,1.8411920627167027
8954,140.55,24,55,108.3,0.2,24,0,0,0,1,1,0,1,2,2,1.5372297234505574
8955,140.55,6,17,21.3,0.2,6,0,0,0,1,1,0,2,1,0,2.300792208345797
8956,140.55,2,11,0.9,0.2,2,0,0,0,1,1,0,3,1,0,3.0319544468627537
8957,140.56,9,19,38.0,0.2,9,0,0,0,1,1,0,0,2,1,2.552467119530333
8958,140.56,2,5,4.5,0.2,2,0,0,0,1,1,0,0,1,0,4.921722568340729
8959,140.57,16,33,70.6,0.2,16,0,0,0,1,1,0,1,1,1,1.8726959381613018
8960,140.58,9,33,35.6,0.2,9,0,0,0,1,1,0,1,2,1,1.620546847319552
8961,140.61,49,161,233.1,0.2,51,0,0,0,0,0,1,5,4,7,1.4562897525019065
8962,140.62,10,24,41.6,0.2,10,0,0,0,1,1,0,1,1,0,1.9571136691897906
8963,140.63,29,72,127.5,0.2,29,0,0,0,1,1,0,5,2,3,1.4164443083226628
8964,140.64,14,37,58.2,0.2,14,0,0,0,1,1,0,3,4,1,1.796949422833419
8965,140.67,44,112,197.4,0.2,44,0,0,0,1,1,0,6,1,4,1.4378832509639636
8966,140.67,11,23,46.7,0.2,11,0,0,0,1,1,0,1,2,0,2.2585247037233906
8967,140.69,24,61,105.9,0.2,24,0,0,0,1,1,0,3,2,0,1.6229692462936258
8968,140.7,24,67,102.2,0.2,24,0,0,0,1,1,0,6,1,1,1.3040185073296275
8969,140.71,8,18,37.2,0.2,9,0,0,0,1,1,0,1,1,0,2.521780180207261
8970,140.75,49,168,228.8,0.2,51,0,0,0,0,0,1,9,5,3,1.468897069395298
8971,140.78,49,156,233.1,0.2,51,0,0,0,0,0,1,6,7,2,1.407107175053501
8972,140.78,2,5,3.5,0.2,2,0,0,0,1,1,0,1,1,0,5.570458053367778
8973,140.79,18,45,76.2,0.2,18,0,0,0,1,1,0,4,1,3,1.5699089420275918
8974,140.8,5,21,13.9,0.2,5,0,0,0,1,1,0,4,2,0,2.0102284237064163
8975,140.8,5,18,15.1,0.2,5,0,0,0,1,1,0,3,1,1,2.249620151476558
8976,140.84,48,152,210.9,0.2,48,0,0,0,1,1,0,8,4,9,1.4916677158458456
8977,140.86,36,98,166.9,0.2,37,0,0,0,1,1,0,3,3,3,1.3662382156402788
8978,140.87,19,43,82.5,0.2,19,0,0,0,1,1,0,3,2,2,1.8727711640205769
8979,140.88,16,37,71.2,0.2,16,0,0,0,1,1,0,0,2,1,1.9911596303809724
8980,140.9,38,93,171.2,0.2,38,0,0,0,1,1,0,4,2,5,1.4438719469858774
8981,140.93,45,139,201.8,0.2,46,0,0,0,1,1,0,9,5,3,1.4226177741162318
8982,140.96,50,159,230.5,0.2,50,0,0,0,0,0,1,3,3,5,1.4212307913641813
8983,140.97,20,54,84.4,0.2,20,0,0,0,1,1,0,5,3,2,1.7578715196865924
8984,141.01,50,153,220.4,0.2,50,0,0,0,1,1,0,9,5,3,1.4869347697723123
8985,141.02,17,41,74.9,0.2,17,0,0,0,1,1,0,1,2,0,1.5882406216645168
8986,141.04,27,87,117.0,0.2,27,0,0,0,1,1,0,4,1,3,1.5394470648919185
8987,141.06,39,100,174.8,0.2,39,0,0,0,1,1,0,5,2,2,1.2800648351677777
8988,141.07,12,31,48.8,0.2,12,0,0,0,1,1,0,3,1,1,2.006768613094609
8989,141.09,26,67,114.3,0.2,26,0,0,0,1,1,0,4,3,0,1.7858250147776944
8990,141.1,12,28,48.2,0.2,12,0,0,0,1,1,0,4,1,0,2.316287228365137
8991,141.11,27,74,113.1,0.2,27,0,0,0,1,1,0,9,1,5,1.3769898573484702
8992,141.12,10,28,37.0,0.2,10,0,0,0,1,1,0,5,2,2,1.793059586303259
8993,141.13,19,57,80.3,0.2,19,0,0,0,1,1,0,4,3,0,1.704874040338554
8994,141.14,14,33,58.7,0.2,14,0,0,0,1,1,0,3,2,0,1.7502960041606461
8995,141.15,13,31,54.9,0.2,13,0,0,0,1,1,0,2,1,0,1.8148609877373159
8996,141.17,31,79,135.7,0.2,31,0,0,0,1,1,0,6,2,4,1.5259819206654701
8997,141.19,30,72,133.5,0.2,30,0,0,0,1,1,0,4,2,3,1.5631427564922429
8998,141.19,3,5,8.5,0.2,3,0,0,0,1,1,0,1,1,0,5.701598260619458
8999,141.2,25,55,113.3,0.2,25,0,0,0,1,1,0,1,2,2,1.5874458980281678
9000,141.21,11,35,43.2,0.2,11,0,0,0,1,1,0,3,1,3,1.591020150208529
9001,141.24,49,145,218.8,0.2,49,0,0,0,1,1,0,6,2,7,1.4248733345815772
9002,141.26,24,72,107.7,0.2,25,0,0,0,1,1,0,5,2,1,1.3530289755215934
9003,141.26,4,18,9.1,0.2,4,0,0,0,1,1,0,4,1,1,1.6961832434658026
9004,141.27,13,24,57.6,0.2,13,0,0,0,1,1,0,0,1,0,2.5090201060052992
9005,141.27,2,5,3.5,0.2,2,0,0,0,1,1,0,1,1,0,5.678330476125522
9006,141.28,18,52,78.8,0.2,18,0,0,0,1,1,0,1,1,0,1.5828537240693636
9007,141.3,20,52,86.7,0.2,20,0,0,0,1,1,0,3,2,1,1.560377047754419
9008,141.3,7,27,26.2,0.2,7,0,0,0,1,1,0,1,1,1,2.0498284837348444
9009,141.31,6,17,22.3,0.2,6,0,0,0,1,1,0,1,2,0,2.0929579133607983
9010,141.33,35,105,155.9,0.2,35,0,0,0,1,1,0,3,7,6,1.5198938139098865
9011,141.35,19,56,79.3,0.2,19,0,0,0,1,1,0,5,1,1,1.1277697988738982
9012,141.37,49,125,219.3,0.2,49,0,0,0,1,1,0,8,3,2,1.4951158000903164
9013,141.39,18,46,84.3,0.2,19,0,0,0,1,1,0,1,1,1,1.4642234179124178
9014,141.4,26,65,116.2,0.2,26,0,0,0,1,1,0,2,2,3,1.7616367835574223
9015,141.41,21,45,94.3,0.2,21,0,0,0,1,1,0,1,1,2,1.8699832465169417
9016,141.41,3,10,8.9,0.2,3,0,0,0,1,1,0,0,1,1,3.0103611523362632
9017,141.42,2,5,1.5,0.2,2,0,0,0,1,1,0,3,1,0,6.203751013899664
9018,141.42,13,38,52.1,0.2,13,0,0,0,1,1,0,4,2,1,1.8121320254310824
9019,141.44,19,61,79.7,0.2,19,0,0,0,1,1,0,4,2,2,1.5038065545290797
9020,141.45,18,40,79.8,0.2,18,0,0,0,1,1,0,1,3,2,1.7640850408871487
9021,141.45,3,6,8.4,0.2,3,0,0,0,1,1,0,1,1,0,4.093211846968204
9022,141.48,50,130,226.9,0.2,50,0,0,0,1,1,0,5,3,1,1.5159956539771193
9023,141.5,29,76,127.0,0.2,29,0,0,0,1,1,0,5,3,4,1.1389551998500635
9024,141.53,44,122,198.5,0.2,44,0,0,0,1,1,0,4,4,3,1.3840512252602595
9025,141.54,17,47,73.1,0.2,17,0,0,0,1,1,0,2,1,2,1.9007425890396459
9026,141.56,23,58,98.2,0.2,23,0,0,0,1,1,0,6,3,0,1.8608922309118794
9027,141.56,6,14,22.6,0.2,6,0,0,0,1,1,0,1,1,0,2.299250065062154
9028,141.6,49,162,230.2,0.2,51,0,0,0,0,0,1,8,5,5,1.576722513926843
9029,141.62,44,108,202.0,0.2,44,0,0,0,1,1,0,2,3,2,1.4409407759812862
9030,141.62,4,15,10.5,0.2,4,0,0,0,1,1,0,3,1,0,2.1749844798510556
9031,141.64,17,50,67.6,0.2,17,0,0,0,1,1,0,7,1,4,1.7148240534858212
9032,141.67,49,155,230.9,0.2,51,0,0,0,0,0,1,8,5,5,1.3421311580386635
9033,141.69,34,100,148.3,0.2,34,0,0,0,1,1,0,6,2,7,1.4760399829680153
9034,141.72,49,136,237.1,0.2,51,0,0,0,0,0,1,4,3,2,1.4206146813023317
9035,141.75,49,144,233.9,0.2,51,0,0,0,0,0,1,6,3,6,1.472394350292623
9036,141.76,6,19,19.1,0.2,6,0,0,0,1,1,0,4,2,0,2.1338044448279665
9037,141.76,7,15,28.5,0.2,7,0,0,0,1,1,0,0,1,0,2.866905825681611
9038,141.76,3,5,8.5,0.2,3,0,0,0,1,1,0,1,1,0,6.324938733496117
9039,141.77,8,23,31.7,0.2,8,0,0,0,1,1,0,1,2,0,2.0820104701889908
9040,141.78,25,59,108.9,0.2,25,0,0,0,1,1,0,5,1,2,1.402654214540609
9041,141.79,1,8,-3.9,0.2,1,0,0,0,1,1,0,3,1,1,3.5289707608526646
9042,141.81,38,109,169.3,0.2,38,0,0,0,1,1,0,4,1,8,1.4591958553471718
9043,141.81,2,5,4.5,0.2,2,0,0,0,1,1,0,0,1,0,5.127326569903763
9044,141.85,49,151,219.6,0.2,49,0,0,0,1,1,0,5,2,3,1.3354800443397943
9045,141.86,23,53,102.7,0.2,23,0,0,0,1,1,0,2,2,0,1.8349464648673386
9046,141.87,24,65,107.2,0.2,24,0,0,0,1,1,0,1,2,3,1.2915494333424589
9047,141.9,48,121,216.6,0.2,48,0,0,0,1,1,0,6,3,3,1.5510392790305905
9048,141.91,24,61,103.8,0.2,24,0,0,0,1,1,0,5,3,1,1.59439034998984
9049,141.92,2,5,7.5,0.2,3,0,0,0,1,1,0,2,1,0,5.176559260006117
9050,141.92,8,21,30.7,0.2,8,0,0,0,1,1,0,2,1,2,1.5061830197739918
9051,141.96,47,170,206.7,0.2,47,0,0,0,1,1,0,5,3,13,1.3163935871057129
9052,142.0,49,171,227.9,0.2,51,0,0,0,0,0,1,9,2,9,1.408538922139786
9053,142.02,29,91,128.4,0.2,30,0,0,0,1,1,0,7,3,5,1.322966315033149
9054,142.02,2,5,8.5,0.2,3,0,0,0,1,1,0,1,1,0,4.321709852780023
9055,142.03,1,6,-0.6,0.2,1,0,0,0,1,1,0,0,1,0,4.186936142022444
9056,142.03,1,6,-1.6,0.2,1,0,0,0,1,1,0,1,1,0,3.2834622825594706
9057,142.04,17,37,73.1,0.2,17,0,0,0,1,1,0,3,2,2,1.5464747177915812
9058,142.06,25,60,113.0,0.2,25,0,0,0,1,1,0,1,2,0,1.5832025024319634
9059,142.06,10,25,39.3,0.2,10,0,0,0,1,1,0,3,1,2,2.0044796281733626
9060,142.07,5,15,18.5,0.2,5,0,0,0,1,1,0,0,1,0,2.6082987775146376
9061,142.07,13,36,55.4,0.2,13,0,0,0,1,1,0,1,2,0,1.5866074087665016
9062,142.11,50,167,224.7,0.2,50,0,0,0,0,0,1,8,4,5,1.2519784120560107
9063,142.13,22,51,98.7,0.2,22,0,0,0,1,1,0,1,1,2,1.6224555092078567
9064,142.13,11,27,48.3,0.2,12,0,0,0,1,1,0,4,1,0,2.0101165861671184
9065,142.14,6,19,22.1,0.2,6,0,0,0,1,1,0,1,2,0,2.0474278396855627
9066,142.17,49,148,237.4,0.2,51,0,0,0,0,0,1,2,0,7,1.6015474913214187
9067,142.18,23,64,99.4,0.2,23,0,0,0,1,1,0,4,2,2,1.440232480261651
9068,142.2,32,75,140.2,0.2,32,0,0,0,1,1,0,7,2,3,1.429998820062635
9069,142.21,7,25,25.3,0.2,7,0,0,0,1,1,0,2,1,2,1.840302134319073
9070,142.22,15,44,61.4,0.2,15,0,0,0,1,1,0,4,2,2,1.5139415337770707
9071,142.25,43,120,192.7,0.2,43,0,0,0,1,1,0,5,5,3,1.7034271741951346
9072,142.25,5,12,22.8,0.2,6,0,0,0,1,1,0,1,1,0,2.980898338498965
9073,142.27,27,81,117.5,0.2,27,0,0,0,1,1,0,4,2,4,1.2668038130425567
9074,142.29,38,112,168.7,0.2,38,0,0,0,1,1,0,5,2,1,1.5809113075254653
9075,142.31,26,80,111.9,0.2,26,0,0,0,1,1,0,5,4,1,1.1426581172951782
9076,142.32,3,5,9.5,0.2,3,0,0,0,1,1,0,0,1,0,5.334906874138126
9077,142.32,5,12,18.7,0.2,5,0,0,0,1,1,0,0,1,1,3.165811779730175
9078,142.35,39,134,166.9,0.2,39,0,0,0,1,1,0,9,5,7,1.3622797968328315
9079,142.37,31,87,134.0,0.2,31,0,0,0,1,1,0,7,1,3,1.4155534288388385
9080,142.4,39,107,173.0,0.2,39,0,0,0,1,1,0,6,1,3,1.4335676795044332
9081,142.41,17,48,72.9,0.2,17,0,0,0,1,1,0,2,1,3,1.768896049992243
9082,142.45,48,152,215.4,0.2,48,0,0,0,1,1,0,4,4,4,1.437384880543515
9083,142.46,20,50,86.0,0.2,20,0,0,0,1,1,0,4,2,0,1.661561547195626
9084,142.48,42,107,188.0,0.2,42,0,0,0,1,1,0,6,2,3,1.4219246666213885
9085,142.48,1,5,-1.5,0.2,1,0,0,0,1,1,0,1,1,0,5.304190577368051
9086,142.49,12,30,51.0,0.2,12,0,0,0,1,1,0,1,1,0,1.6968764048078002
9087,142.52,35,115,147.3,0.2,35,0,0,0,1,1,0,11,2,2,1.3387726486311229
9088,142.53,24,55,107.5,0.2,24,0,0,0,1,1,0,2,2,0,1.6006425803520268
9089,142.53,1,5,-3.5,0.2,1,0,0,0,1,1,0,3,1,0,4.808323906123313
9090,142.54,13,26,54.4,0.2,13,0,0,0,1,1,0,3,1,0,2.051990769609031
9091,142.54,2,5,4.4,0.2,2,0,0,0,1,1,0,0,1,1,4.60307438609056
9092,142.57,36,94,161.6,0.2,36,0,0,0,1,1,0,4,2,0,1.4814108568051891
9093,142.57,2,5,1.5,0.2,2,0,0,0,1,1,0,3,1,0,5.7604065862857246
9094,142.59,38,106,167.8,0.2,38,0,0,0,1,1,0,6,3,6,1.3637468332070006
9095,142.6,7,13,28.6,0.2,7,0,0,0,1,1,0,0,2,1,2.7375378352138946
9096,142.63,47,146,201.7,0.2,47,0,0,0,1,1,0,13,4,7,1.3771854338565939
9097,142.66,49,151,234.3,0.2,51,0,0,0,0,0,1,5,7,5,1.4925233278856216
9098,142.69,44,116,197.2,0.2,44,0,0,0,1,1,0,6,1,2,1.4234086233152723
9099,142.7,10,35,46.4,0.2,11,0,0,0,1,1,0,0,1,1,1.4965754769737067
9100,142.72,33,90,145.5,0.2,33,0,0,0,1,1,0,5,4,5,1.587249898984903
9101,142.73,16,46,68.3,0.2,16,0,0,0,1,1,0,2,1,1,1.6283459780466971
9102,142.74,18,44,76.6,0.2,18,0,0,0,1,1,0,4,1,0,1.7497675420439718
9103,142.75,9,33,33.5,0.2,9,0,0,0,1,1,0,3,2,2,1.2794884562643771
9104,142.77,38,106,167.2,0.2,38,0,0,0,1,1,0,7,4,2,1.4082139122213624
9105,142.81,45,132,202.1,0.2,45,0,0,0,1,1,0,4,5,7,1.3337034731285302
9106,142.82,31,68,140.2,0.2,31,0,0,0,1,1,0,3,3,0,1.7835878149669757
9107,142.84,27,61,120.7,0.2,27,0,0,0,1,1,0,3,2,2,1.9354718846910832
9108,142.84,11,31,42.8,0.2,11,0,0,0,1,1,0,4,1,1,1.9537537343803977
9109,142.86,26,79,111.1,0.2,26,0,0,0,1,1,0,6,3,0,1.4808707258460811
9110,142.88,16,46,72.0,0.2,17,0,0,0,1,1,0,3,2,4,1.7960790032162592
9111,142.88,2,5,4.4,0.2,2,0,0,0,1,1,0,0,1,1,4.840768110832518
9112,142.9,31,92,129.5,0.2,31,0,0,0,1,1,0,11,2,3,1.3616138760678065
9113,142.9,2,11,2.9,0.2,2,0,0,0,1,1,0,1,1,0,2.9757687030128435
9114,142.93,45,139,196.9,0.2,45,0,0,0,1,1,0,9,1,2,1.4609448789293207
9115,142.94,8,22,28.8,0.2,8,0,0,0,1,1,0,4,1,0,2.3753828249159263
9116,142.94,9,23,35.7,0.2,9,0,0,0,1,1,0,2,1,0,1.964152176682877
9117,142.94,1,5,-1.5,0.2,1,0,0,0,1,1,0,1,1,0,5.953667824863672
9118,142.96,18,63,75.6,0.2,18,0,0,0,1,1,0,3,2,1,1.3821689067437481
9119,142.98,27,78,113.8,0.2,27,0,0,0,1,1,0,8,1,4,1.7209150235385373
9120,142.98,2,5,1.5,0.2,2,0,0,0,1,1,0,3,1,0,5.7271327516461605
9121,143.01,49,153,229.9,0.2,51,0,0,0,0,0,1,9,3,7,1.667639528275874
9122,143.05,49,155,231.9,0.2,51,0,0,0,0,0,1,7,1,5,1.2994699183539875
9123,143.09,49,181,231.5,0.2,51,0,0,0,0,0,1,5,6,3,1.5240361094106138
9124,143.12,40,122,178.0,0.2,40,0,0,0,1,1,0,4,3,8,1.1989083958732183
9125,143.12,2,7,8.3,0.2,3,0,0,0,1,1,0,1,1,0,3.5484270756379837
9126,143.14,31,87,130.2,0.2,31,0,0,0,1,1,0,11,4,1,1.6298652932385318
9127,143.14,2,5,2.4,0.2,2,0,0,0,1,1,0,2,1,1,5.303767202117109
9128,143.14,4,16,8.3,0.2,4,0,0,0,1,1,0,5,1,1,2.9875913051676877
9129,143.16,26,59,118.1,0.2,26,0,0,0,1,1,0,1,2,0,1.5068414630616975
9130,143.16,20,41,89.7,0.2,20,0,0,0,1,1,0,1,3,2,1.931031587620504
9131,143.17,4,13,11.7,0.2,4,0,0,0,1,1,0,2,2,0,2.3014891793391694
9132,143.2,41,113,183.5,0.2,41,0,0,0,1,1,0,5,3,2,1.2535510691273775
9133,143.2,8,15,31.5,0.2,8,0,0,0,1,1,0,2,1,0,2.8106592321518975
9134,143.22,36,105,157.1,0.2,36,0,0,0,1,1,0,7,6,4,1.4271195871752513
9135,143.23,5,19,22.1,0.2,6,0,0,0,1,1,0,1,1,0,2.3348525814599252
9136,143.24,17,43,77.7,0.2,18,0,0,0,1,1,0,3,1,0,1.7976610071073265
9137,143.24,10,26,39.4,0.2,10,0,0,0,1,1,0,3,2,0,2.034543981667792
9138,143.25,17,46,69.3,0.2,17,0,0,0,1,1,0,6,2,1,1.7536746722928171
9139,143.28,39,104,174.2,0.2,39,0,0,0,1,1,0,5,5,4,1.3694868133903628
9140,143.28,10,27,40.3,0.2,10,0,0,0,1,1,0,2,1,0,1.4321407561948842
9141,143.29,3,5,8.5,0.2,3,0,0,0,1,1,0,1,1,0,4.854185020258678
9142,143.3,15,41,61.8,0.2,15,0,0,0,1,1,0,4,1,1,1.8066046889691771
9143,143.3,2,5,3.5,0.2,2,0,0,0,1,1,0,1,1,0,5.173037102373567
9144,143.32,34,93,150.4,0.2,34,0,0,0,1,1,0,5,3,3,1.6039093724447104
9145,143.35,47,142,209.5,0.2,47,0,0,0,1,1,0,6,3,3,1.4038940825037836
9146,143.36,8,32,28.8,0.2,8,0,0,0,1,1,0,3,2,0,1.500570834291518
9147,143.38,37,96,165.9,0.2,37,0,0,0,1,1,0,4,1,5,1.5233142281061536
9148,143.38,8,20,31.0,0.2,8,0,0,0,1,1,0,2,2,0,2.272780644022204
9149,143.39,24,49,107.1,0.2,24,0,0,0,1,1,0,3,2,0,1.7050126747105228
9150,143.4,5,13,17.6,0.2,5,0,0,0,1,1,0,1,1,1,2.46396873472094
9151,143.42,31,78,136.1,0.2,31,0,0,0,1,1,0,6,2,1,1.459564811189507
9152,143.45,36,121,153.4,0.2,36,0,0,0,1,1,0,9,4,5,1.5272071882845557
9153,143.45,1,6,-4.6,0.2,1,0,0,0,1,1,0,4,1,0,4.603516931279511
9154,143.45,3,5,9.5,0.2,3,0,0,0,1,1,0,0,1,0,4.5911149623416385
9155,143.48,36,102,162.5,0.2,36,0,0,0,1,1,0,2,4,3,1.4017615766793452
9156,143.5,36,103,161.3,0.2,36,0,0,0,1,1,0,3,2,4,1.4496592454529822
9157,143.52,20,59,83.8,0.2,20,0,0,0,1,1,0,5,2,3,1.6940740394542406
9158,143.53,24,58,106.2,0.2,24,0,0,0,1,1,0,3,2,0,1.7073537148516982
9159,143.54,11,37,48.2,0.2,12,0,0,0,1,1,0,3,1,1,2.0366746239765505
9160,143.54,2,5,2.5,0.2,2,0,0,0,1,1,0,2,1,0,4.783290201614598
9161,143.56,36,91,162.8,0.2,36,0,0,0,1,1,0,3,2,1,1.6591780356243653
9162,143.58,22,53,96.4,0.2,22,0,0,0,1,1,0,3,2,3,1.8675550668793468
9163,143.58,4,5,14.5,0.2,4,0,0,0,1,1,0,0,1,0,5.450164965136205
9164,143.58,2,5,3.5,0.2,2,0,0,0,1,1,0,1,1,0,5.117323343690766
9165,143.62,50,168,215.6,0.2,50,0,0,0,1,1,0,12,4,6,1.5137708710368065
9166,143.63,22,57,98.2,0.2,22,0,0,0,1,1,0,1,3,1,1.5242339252243613
9167,143.64,30,65,138.5,0.2,30,0,0,0,1,1,0,0,1,0,1.7406560697280005
9168,143.66,28,78,125.8,0.2,28,0,0,0,1,1,0,1,2,4,1.3519321248861325
9169,143.68,28,72,126.5,0.2,28,0,0,0,1,1,0,1,4,3,1.6908488139103046
9170,143.68,1,5,-0.5,0.2,1,0,0,0,1,1,0,0,1,0,5.603133684206047
9171,143.69,19,40,83.9,0.2,19,0,0,0,1,1,0,2,1,1,2.0237441193775147
9172,143.7,18,52,75.8,0.2,18,0,0,0,1,1,0,4,2,0,1.2864005358771253
9173,143.7,3,5,8.5,0.2,3,0,0,0,1,1,0,1,1,0,4.850483057064326
9174,143.71,3,5,9.5,0.2,3,0,0,0,1,1,0,0,1,0,4.877549450468917
9175,143.71,1,5,-2.5,0.2,1,0,0,0,1,1,0,2,1,0,4.919202660585016
9176,143.71,2,5,3.5,0.2,2,0,0,0,1,1,0,1,1,0,4.429920740016689
9177,143.72,15,40,63.0,0.2,15,0,0,0,1,1,0,3,2,0,1.8281877491222454
9178,143.74,42,102,191.3,0.2,42,0,0,0,1,1,0,3,1,5,1.350300847275618
9179,143.75,23,57,103.9,0.2,23,0,0,0,1,1,0,0,1,4,1.5954068072640917
9180,143.78,37,118,164.9,0.2,37,0,0,0,1,1,0,3,2,3,1.6000363724892113
9181,143.81,47,134,210.0,0.2,47,0,0,0,1,1,0,6,3,6,1.7687706343876282
9182,143.83,34,95,151.3,0.2,34,0,0,0,1,1,0,4,2,2,1.5442324789630302
9183,143.83,2,10,1.9,0.2,2,0,0,0,1,1,0,2,1,1,2.771897898005789
9184,143.84,12,31,50.8,0.2,12,0,0,0,1,1,0,1,1,1,1.8783471901523183
9185,143.87,43,108,200.1,0.2,44,0,0,0,1,1,0,4,3,1,1.469501930503259
9186,143.88,17,44,72.4,0.2,17,0,0,0,1,1,0,3,3,2,1.6967243062562063
9187,143.92,49,159,226.7,0.2,51,0,0,0,0,0,1,12,3,3,1.5934284411487796
9188,143.93,12,30,51.9,0.2,12,0,0,0,1,1,0,0,1,1,1.5540442739050264
9189,143.96,41,142,178.4,0.2,41,0,0,0,1,1,0,7,4,4,1.231378702543102
9190,143.98,30,77,133.0,0.2,30,0,0,0,1,1,0,4,1,3,1.444792857085888
9191,143.99,10,28,41.1,0.2,10,0,0,0,1,1,0,1,2,1,1.7151777636013148
9192,143.99,3,5,8.5,0.2,3,0,0,0,1,1,0,1,1,0,5.62328425919768
9193,144.01,29,87,126.0,0.2,29,0,0,0,1,1,0,5,2,3,1.4028853576909055
9194,144.04,48,140,216.8,0.2,48,0,0,0,1,1,0,4,7,2,1.55804090542453
9195,144.05,17,44,74.3,0.2,17,0,0,0,1,1,0,1,2,3,1.7071535495574246
9196,144.07,29,76,124.3,0.2,29,0,0,0,1,1,0,8,4,1,1.520851232075007
9197,144.09,31,84,135.1,0.2,31,0,0,0,1,1,0,6,3,5,1.537951676648732
9198,144.09,1,6,-0.7,0.2,1,0,0,0,1,1,0,0,1,1,4.470708693832053
9199,144.11,24,62,104.6,0.2,24,0,0,0,1,1,0,4,2,2,1.4394269650618392
9200,144.11,3,5,8.5,0.2,3,0,0,0,1,1,0,1,1,0,5.623724784719474
9201,144.14,47,154,202.2,0.2,47,0,0,0,1,1,0,12,2,4,1.4468237855942863
9202,144.16,28,60,126.7,0.2,28,0,0,0,1,1,0,2,2,3,1.7456485230178767
9203,144.17,16,43,69.6,0.2,16,0,0,0,1,1,0,1,2,1,1.956001344219475
9204,144.17,8,25,29.5,0.2,8,0,0,0,1,1,0,3,2,0,1.9158680400631756
9205,144.2,36,102,160.7,0.2,36,0,0,0,1,1,0,4,3,1,1.630318875810456
9206,144.22,42,116,195.1,0.2,43,0,0,0,1,1,0,3,4,3,1.6423058121494978
9207,144.23,4,17,10.2,0.2,4,0,0,0,1,1,0,3,1,1,2.03174564771631
9208,144.23,2,5,1.5,0.2,2,0,0,0,1,1,0,3,1,0,6.183642498880113
9209,144.24,12,36,46.1,0.2,12,0,0,0,1,1,0,5,1,3,2.0382847728473723
9210,144.26,34,95,151.2,0.2,34,0,0,0,1,1,0,4,2,3,1.4212599754258164
9211,144.28,20,68,79.0,0.2,20,0,0,0,1,1,0,9,4,2,1.4808208033022556
9212,144.28,3,9,14.0,0.2,4,0,0,0,1,1,0,0,1,1,2.861954539648303
9213,144.28,0,6,-7.7,0.2,0,0,0,0,1,1,0,2,1,1,4.937976491379883
9214,144.28,1,5,-1.5,0.2,1,0,0,0,1,1,0,1,1,0,6.232407729524319
9215,144.3,41,106,186.2,0.2,41,0,0,0,1,1,0,3,3,2,1.5416142119813545
9216,144.31,1,6,-2.6,0.2,1,0,0,0,1,1,0,2,1,0,3.364558175689746
9217,144.33,35,90,150.7,0.2,35,0,0,0,1,1,0,10,2,3,1.7400806395464505
9218,144.33,7,13,28.5,0.2,7,0,0,0,1,1,0,0,1,2,2.4970481458382254
9219,144.34,4,16,11.4,0.2,4,0,0,0,1,1,0,2,1,0,2.2910065908935033
9220,144.35,29,83,127.4,0.2,29,0,0,0,1,1,0,4,1,3,1.4020792061473837
9221,144.39,49,145,232.0,0.2,51,0,0,0,0,0,1,8,2,4,1.4261131334770136
9222,144.41,44,122,195.4,0.2,44,0,0,0,1,1,0,7,2,4,1.5959586438675488
9223,144.42,8,18,32.2,0.2,8,0,0,0,1,1,0,1,1,0,2.340914458490894
9224,144.44,27,97,117.6,0.2,27,0,0,0,1,1,0,2,2,7,1.1933932275506212
9225,144.46,34,89,152.8,0.2,34,0,0,0,1,1,0,3,3,3,1.632317999156631
9226,144.46,1,5,-1.6,0.2,1,0,0,0,1,1,0,1,1,1,4.926896590049955
9227,144.48,28,80,125.9,0.2,28,0,0,0,1,1,0,1,2,1,1.517298661009193
9228,144.49,11,27,50.3,0.2,12,0,0,0,1,1,0,2,1,0,1.7040042118279355
9229,144.49,7,28,23.9,0.2,7,0,0,0,1,1,0,3,1,3,1.9500902456697624
9230,144.5,17,48,78.8,0.2,18,0,0,0,1,1,0,1,1,4,1.6341786536601208
9231,144.5,1,5,-1.5,0.2,1,0,0,0,1,1,0,1,1,0,6.107017948645719
9232,144.52,29,74,132.4,0.2,30,0,0,0,1,1,0,5,3,2,1.3148832009029243
9233,144.52,2,7,1.3,0.2,2,0,0,0,1,1,0,3,1,0,4.113552037359554
9234,144.53,13,41,52.5,0.2,13,0,0,0,1,1,0,3,2,4,1.559682129564799
9235,144.55,30,78,134.7,0.2,30,0,0,0,1,1,0,2,3,5,1.5855673502736356
9236,144.59,50,170,228.2,0.2,50,0,0,0,0,0,1,4,5,7,1.4279092966544467
9237,144.61,35,85,153.2,0.2,35,0,0,0,1,1,0,8,3,3,1.333300917381898
9238,144.64,49,172,228.2,0.2,51,0,0,0,0,0,1,9,3,5,1.5121578064193537
9239,144.67,49,154,216.8,0.2,49,0,0,0,1,1,0,7,3,8,1.3204533976874024
9240,144.68,5,15,15.5,0.2,5,0,0,0,1,1,0,3,1,0,2.7442258747774964
9241,144.7,33,94,143.5,0.2,33,0,0,0,1,1,0,7,2,1,1.5422645059214168
9242,144.7,0,5,-2.5,0.2,1,0,0,0,1,1,0,2,1,0,4.61123313356921
9243,144.72,31,72,138.5,0.2,31,0,0,0,1,1,0,4,2,3,1.883053565529352
9244,144.74,42,118,189.4,0.2,43,0,0,0,1,1,0,8,5,8,1.460164374811856
9245,144.77,36,110,154.7,0.2,36,0,0,0,1,1,0,9,3,3,1.3686600925365149
9246,144.78,19,51,80.7,0.2,19,0,0,0,1,1,0,4,2,2,1.741449808208672
9247,144.79,16,36,70.3,0.2,16,0,0,0,1,1,0,1,2,1,1.6347274724570786
9248,144.8,27,73,119.4,0.2,27,0,0,0,1,1,0,3,3,3,1.5755496147097559
9249,144.84,49,161,234.1,0.2,51,0,0,0,0,0,1,4,1,7,1.535791506752463
9250,144.85,29,75,128.4,0.2,29,0,0,0,1,1,0,4,4,1,1.5692831558083802
9251,144.88,30,97,123.7,0.2,30,0,0,0,1,1,0,11,3,6,1.4759000871779342
9252,144.88,2,5,7.5,0.2,3,0,0,0,1,1,0,2,1,0,5.373718883601801
9253,144.88,2,5,1.5,0.2,2,0,0,0,1,1,0,3,1,0,5.926411675125623
9254,144.88,2,9,1.1,0.2,2,0,0,0,1,1,0,3,1,0,3.8432833619274365
9255,144.89,3,11,8.6,0.2,3,0,0,0,1,1,0,0,1,3,3.302611192654886
9256,144.9,21,62,90.8,0.2,21,0,0,0,1,1,0,3,3,0,1.6735777741803635
9257,144.91,10,24,40.3,0.2,10,0,0,0,1,1,0,2,1,3,1.9286900983266513
9258,144.94,48,163,208.3,0.2,48,0,0,0,1,1,0,10,3,4,1.4957940405737267
9259,144.96,25,75,105.2,0.2,25,0,0,0,1,1,0,7,2,3,1.4665528753231987
9260,144.97,18,47,80.0,0.2,18,0,0,0,1,1,0,0,1,3,1.8063504594473343
9261,145.0,46,123,210.5,0.2,46,0,0,0,1,1,0,2,6,2,1.5023362091146932
9262,145.03,49,152,226.2,0.2,51,0,0,0,0,0,1,13,3,5,1.6151276025146175
9263,145.03,2,9,8.1,0.2,3,0,0,0,1,1,0,1,1,0,2.772374607127963
9264,145.04,11,31,42.9,0.2,11,0,0,0,1,1,0,4,1,0,2.057723219411792
9265,145.07,45,147,200.8,0.2,45,0,0,0,1,1,0,4,4,5,1.2894320354626874
9266,145.08,14,28,61.2,0.2,14,0,0,0,1,1,0,1,1,0,2.289054967193496
9267,145.08,3,9,6.0,0.2,3,0,0,0,1,1,0,3,1,1,3.2721824511542095
9268,145.09,2,10,0.9,0.2,2,0,0,0,1,1,0,3,1,1,2.8914461854712625
9269,145.09,1,5,-3.5,0.2,1,0,0,0,1,1,0,3,1,0,4.894985910011575
9270,145.13,49,168,227.2,0.2,51,0,0,0,0,0,1,10,2,9,1.4701147880650538
9271,145.13,1,10,-2.1,0.2,1,0,0,0,1,1,0,1,1,1,3.2181957345905365
9272,145.15,36,93,156.5,0.2,36,0,0,0,1,1,0,9,4,2,1.3899313686765458
9273,145.16,12,31,48.9,0.2,12,0,0,0,1,1,0,3,1,0,1.67731413332737
9274,145.17,19,52,82.6,0.2,19,0,0,0,1,1,0,2,1,2,1.5458426482291594
9275,145.19,28,85,122.0,0.2,28,0,0,0,1,1,0,4,3,5,1.3633361581968628
9276,145.19,9,27,36.3,0.2,9,0,0,0,1,1,0,1,1,0,1.5574227538068417
9277,145.21,31,78,139.8,0.2,32,0,0,0,1,1,0,7,2,4,1.32934777336761
9278,145.25,49,169,231.4,0.2,51,0,0,0,0,0,1,6,6,6,1.3824081421841101
9279,145.26,10,25,42.4,0.2,10,0,0,0,1,1,0,0,2,1,2.0514385715038026
9280,145.28,28,81,119.8,0.2,28,0,0,0,1,1,0,7,2,1,1.7125916199441855
9281,145.28,2,5,1.5,0.2,2,0,0,0,1,1,0,3,1,0,5.676155015497924
9282,145.28,7,19,30.1,0.2,8,0,0,0,1,1,0,3,1,0,1.9866152851493448
9283,145.29,17,35,73.4,0.2,17,0,0,0,1,1,0,3,1,1,1.967394897250583
9284,145.3,15,41,63.8,0.2,15,0,0,0,1,1,0,2,2,1,1.6425273457445209
9285,145.31,10,27,40.2,0.2,10,0,0,0,1,1,0,2,2,1,1.8010796950693337
9286,145.32,21,51,91.6,0.2,21,0,0,0,1,1,0,3,1,3,1.77108985640815
9287,145.32,3,5,9.4,0.2,3,0,0,0,1,1,0,0,1,1,5.384484815654543
9288,145.33,6,31,19.8,0.2,6,0,0,0,1,1,0,2,1,1,1.2657775838074081
9289,145.34,24,62,105.8,0.2,24,0,0,0,1,1,0,3,3,0,1.284829496586911
9290,145.35,5,18,22.1,0.2,6,0,0,0,1,1,0,1,1,1,2.0556176443733793
9291,145.35,7,28,29.2,0.2,8,0,0,0,1,1,0,3,1,0,1.835731521649107
9292,145.37,27,67,118.3,0.2,27,0,0,0,1,1,0,5,2,0,1.6619385430901172
9293,145.39,26,66,115.1,0.2,26,0,0,0,1,1,0,3,1,3,1.621436610742044
9294,145.41,33,72,148.6,0.2,33,0,0,0,1,1,0,4,1,2,1.5487236547715888
9295,145.41,4,13,12.6,0.2,4,0,0,0,1,1,0,1,1,1,2.4174494804373263
9296,145.42,22,59,94.1,0.2,22,0,0,0,1,1,0,5,2,0,1.623525333862742
9297,145.43,12,33,47.6,0.2,12,0,0,0,1,1,0,4,1,1,1.7136392997451644
9298,145.44,19,47,81.0,0.2,19,0,0,0,1,1,0,4,1,3,1.7034047089496382
9299,145.48,49,156,233.9,0.2,51,0,0,0,0,0,1,5,0,4,1.5527288221951059
9300,145.49,11,22,46.8,0.2,11,0,0,0,1,1,0,1,1,0,2.3867543599790326
9301,145.51,33,98,142.0,0.2,33,0,0,0,1,1,0,8,3,2,1.4963629443197182
9302,145.52,15,37,63.2,0.2,15,0,0,0,1,1,0,3,1,1,1.6755565829359176
9303,145.53,15,39,64.8,0.2,15,0,0,0,1,1,0,1,2,3,1.925097071988232
9304,145.54,13,36,55.2,0.2,13,0,0,0,1,1,0,1,3,2,1.697199313762444
9305,145.55,11,39,45.1,0.2,11,0,0,0,1,1,0,1,2,0,1.7011843638334323
9306,145.57,33,86,145.4,0.2,33,0,0,0,1,1,0,6,3,0,1.61075591405169
9307,145.57,1,9,-0.9,0.2,1,0,0,0,1,1,0,0,1,0,2.9790074228275967
9308,145.57,7,20,27.0,0.2,7,0,0,0,1,1,0,1,2,0,2.263676992951136
9309,145.57,0,6,-1.7,0.2,1,0,0,0,1,1,0,1,1,1,3.85301727049101
9310,145.58,8,23,29.6,0.2,8,0,0,0,1,1,0,3,2,1,2.246879923023728
9311,145.6,25,84,103.4,0.2,25,0,0,0,1,1,0,8,2,2,1.580469055008482
9312,145.61,14,42,56.7,0.2,14,0,0,0,1,1,0,4,3,1,1.4153611598529325
9313,145.62,12,29,51.0,0.2,12,0,0,0,1,1,0,1,1,1,2.0837360484052985
9314,145.62,1,10,-4.1,0.2,1,0,0,0,1,1,0,3,1,1,3.057933465758402
9315,145.63,25,66,112.2,0.2,25,0,0,0,1,1,0,1,2,2,1.436563306123326
9316,145.64,9,28,41.1,0.2,10,0,0,0,1,1,0,1,2,1,1.6339281268954358
9317,145.66,25,63,110.6,0.2,25,0,0,0,1,1,0,3,3,1,1.3058591293375277
9318,145.67,27,77,112.3,0.2,27,0,0,0,1,1,0,10,3,0,1.2789784161010014
9319,145.68,3,13,5.7,0.2,3,0,0,0,1,1,0,3,2,0,2.8529968192172017
9320,145.68,8,16,33.3,0.2,8,0,0,0,1,1,0,0,1,1,2.3961584621309466
9321,145.69,13,30,52.0,0.2,13,0,0,0,1,1,0,5,2,0,2.046187991915535
9322,145.72,40,124,171.0,0.2,40,0,0,0,1,1,0,11,3,6,1.3642648541517497
9323,145.75,44,145,194.7,0.2,44,0,0,0,1,1,0,5,5,8,1.5549962186341613
9324,145.77,24,83,106.5,0.2,25,0,0,0,1,1,0,5,3,2,1.4490084519305766
9325,145.81,49,169,234.4,0.2,51,0,0,0,0,0,1,3,5,6,1.3049785980959405
9326,145.81,2,5,8.5,0.2,3,0,0,0,1,1,0,1,1,0,4.514969226649268
9327,145.84,45,147,195.5,0.2,45,0,0,0,1,1,0,9,4,8,1.3578347359868737
9328,145.84,1,5,2.5,0.2,2,0,0,0,1,1,0,2,1,0,5.110253852634402
9329,145.88,49,178,224.2,0.2,51,0,0,0,0,0,1,12,2,9,1.484757633801613
9330,145.92,49,179,224.1,0.2,51,0,0,0,0,0,1,12,3,9,1.487101421021277
9331,145.92,16,31,68.9,0.2,16,0,0,0,1,1,0,3,1,0,2.1582353807777146
9332,145.95,40,106,176.9,0.2,40,0,0,0,1,1,0,7,3,5,1.6608329614830726
9333,145.95,8,19,32.1,0.2,8,0,0,0,1,1,0,1,2,0,2.134776391537891
9334,145.96,18,42,76.8,0.2,18,0,0,0,1,1,0,4,1,0,2.0677514393584477
9335,145.96,5,16,17.2,0.2,5,0,0,0,1,1,0,1,1,2,2.3002101313101497
9336,145.97,8,28,29.9,0.2,8,0,0,0,1,1,0,2,1,3,1.8445533571030703
9337,145.97,4,12,9.7,0.2,4,0,0,0,1,1,0,4,2,1,2.522918244426909
9338,146.01,47,145,208.0,0.2,47,0,0,0,1,1,0,7,3,5,1.495072965983595
9339,146.03,40,101,180.7,0.2,40,0,0,0,1,1,0,4,3,2,1.3116671574502954
9340,146.06,42,113,188.4,0.2,42,0,0,0,1,1,0,5,3,3,1.6108799293722262
9341,146.06,1,7,-2.8,0.2,1,0,0,0,1,1,0,2,1,1,3.4543886366973404
9342,146.1,49,169,232.7,0.2,51,0,0,0,0,0,1,5,4,3,1.3586616685634616
9343,146.1,4,13,11.6,0.2,4,0,0,0,1,1,0,2,1,1,2.501694074745845
9344,146.1,2,5,3.5,0.2,2,0,0,0,1,1,0,1,1,0,5.047961443524715
9345,146.11,10,17,42.3,0.2,10,0,0,0,1,1,0,1,1,0,2.4103516719931655
9346,146.13,38,101,169.6,0.2,38,0,0,0,1,1,0,5,1,3,1.6040137217407264
9347,146.15,25,69,112.7,0.2,26,0,0,0,1,1,0,5,2,4,1.737851649897428
9348,146.16,5,20,14.0,0.2,5,0,0,0,1,1,0,4,1,0,2.2932426286472736
9349,146.19,47,145,208.5,0.2,47,0,0,0,1,1,0,7,2,0,1.322979298823073
9350,146.21,39,121,168.8,0.2,39,0,0,0,1,1,0,9,3,1,1.2938114413982695
9351,146.22,19,35,84.3,0.2,19,0,0,0,1,1,0,2,2,2,2.135890521331715
9352,146.24,22,55,95.3,0.2,22,0,0,0,1,1,0,4,2,2,1.6613155341796562
9353,146.24,2,5,2.4,0.2,2,0,0,0,1,1,0,2,1,1,5.068225774118742
9354,146.24,4,9,13.0,0.2,4,0,0,0,1,1,0,1,1,1,3.3867330759851058
9355,146.28,49,173,228.1,0.2,51,0,0,0,0,0,1,9,2,5,1.5189592081256247
9356,146.3,37,90,165.7,0.2,37,0,0,0,1,1,0,5,2,3,1.4764261492160522
9357,146.31,22,62,94.5,0.2,22,0,0,0,1,1,0,4,3,3,1.888556019017459
9358,146.31,3,11,8.9,0.2,3,0,0,0,1,1,0,0,1,0,2.8891164294391887
9359,146.32,8,23,30.7,0.2,8,0,0,0,1,1,0,2,1,0,1.7939814609145046
9360,146.34,35,88,160.8,0.2,36,0,0,0,1,1,0,5,3,4,1.6657397768601945
9361,146.35,16,39,69.9,0.2,16,0,0,0,1,1,0,1,1,2,1.7079562946432594
9362,146.38,42,133,186.2,0.2,42,0,0,0,1,1,0,5,2,5,1.4197557115071386
9363,146.39,12,37,47.8,0.2,12,0,0,0,1,1,0,3,1,5,1.5818855267795122
9364,146.41,31,91,142.6,0.2,32,0,0,0,1,1,0,3,5,3,1.460419861735413
9365,146.42,9,32,31.7,0.2,9,0,0,0,1,1,0,5,1,1,1.6192664374123518
9366,146.42,2,5,3.5,0.2,2,0,0,0,1,1,0,1,1,0,6.051954312883439
9367,146.45,35,111,151.7,0.2,35,0,0,0,1,1,0,7,4,2,1.3101301466907374
9368,146.47,30,96,129.1,0.2,30,0,0,0,1,1,0,6,5,3,1.6209456967738518
9369,146.5,50,155,224.7,0.2,50,0,0,0,0,0,1,9,3,7,1.3764703545781483
9370,146.52,38,108,175.0,0.2,39,0,0,0,1,1,0,4,3,2,1.552658647278533
9371,146.53,8,34,28.5,0.2,8,0,0,0,1,1,0,3,1,1,1.8751946740308627
9372,146.55,14,36,65.3,0.2,15,0,0,0,1,1,0,1,1,1,1.4779666611403215
9373,146.57,41,115,181.2,0.2,41,0,0,0,1,1,0,7,4,3,1.4808508815169437
9374,146.58,5,16,17.3,0.2,5,0,0,0,1,1,0,1,1,1,2.414394463729172
9375,146.58,6,15,22.3,0.2,6,0,0,0,1,1,0,1,1,2,2.523476917385263
9376,146.58,1,11,-4.2,0.2,1,0,0,0,1,1,0,3,1,1,2.3092490741371647
9377,146.61,36,107,164.8,0.2,37,0,0,0,1,1,0,4,3,5,1.0949366586074183
9378,146.61,4,10,13.9,0.2,4,0,0,0,1,1,0,0,1,1,3.1654017078119985
9379,146.61,2,5,3.5,0.2,2,0,0,0,1,1,0,1,1,0,5.902063149096902
9380,146.64,44,124,195.2,0.2,44,0,0,0,1,1,0,7,2,4,1.5599546077032198
9381,146.65,13,38,60.1,0.2,14,0,0,0,1,1,0,1,1,1,1.7844202966513532
9382,146.67,34,90,149.4,0.2,34,0,0,0,1,1,0,6,3,6,1.5221861639170546
9383,146.68,18,46,84.4,0.2,19,0,0,0,1,1,0,1,2,0,1.7620109584255654
9384,146.7,23,69,101.8,0.2,23,0,0,0,1,1,0,1,2,3,1.4574219133306394
9385,146.73,49,146,236.9,0.2,51,0,0,0,0,0,1,3,2,4,1.5726847305109042
9386,146.73,6,18,27.1,0.2,7,0,0,0,1,1,0,1,1,1,2.5856613313711154
9387,146.74,15,34,64.6,0.2,15,0,0,0,1,1,0,2,2,0,1.6367934400614248
9388,146.74,1,5,-2.5,0.2,1,0,0,0,1,1,0,2,1,0,5.695108937803637
9389,146.75,18,48,76.0,0.2,18,0,0,0,1,1,0,4,3,2,1.893306344369722
9390,146.77,31,90,134.7,0.2,31,0,0,0,1,1,0,6,2,3,1.5460435210974892
9391,146.79,33,89,146.9,0.2,33,0,0,0,1,1,0,4,1,2,1.6521794537927124
9392,146.81,21,64,88.2,0.2,21,0,0,0,1,1,0,5,1,4,1.4163776693900845
9393,146.82,19,66,78.3,0.2,19,0,0,0,1,1,0,5,3,1,1.5168523261143285
9394,146.85,31,91,131.6,0.2,31,0,0,0,1,1,0,9,3,3,1.646189613080694
9395,146.88,49,162,228.6,0.2,51,0,0,0,0,0,1,10,2,1,1.47142363734744
9396,146.9,42,118,189.7,0.2,42,0,0,0,1,1,0,3,2,5,1.3794102361470404
9397,146.91,4,11,9.8,0.2,4,0,0,0,1,1,0,4,1,1,3.1839718404624078
9398,146.91,2,6,7.4,0.2,3,0,0,0,1,1,0,2,1,0,4.359977551200871
9399,146.93,25,71,108.6,0.2,25,0,0,0,1,1,0,4,1,3,1.3682655781539057
9400,146.93,15,40,64.0,0.2,15,0,0,0,1,1,0,2,2,0,1.781183503300192
9401,146.95,20,43,89.6,0.2,20,0,0,0,1,1,0,1,1,1,1.654461333382058
9402,146.98,46,134,206.2,0.2,46,0,0,0,1,1,0,5,3,4,1.254746892767091
9403,146.99,23,59,102.0,0.2,23,0,0,0,1,1,0,2,2,1,1.536398956835164
9404,147.0,19,48,88.2,0.2,20,0,0,0,1,1,0,2,1,0,1.5622749570433203
9405,147.01,8,20,29.9,0.2,8,0,0,0,1,1,0,3,1,1,2.17627176696245
9406,147.01,11,28,44.0,0.2,11,0,0,0,1,1,0,3,2,2,1.7567327210389123
9407,147.04,34,113,146.1,0.2,34,0,0,0,1,1,0,7,1,6,1.344419909459342
9408,147.05,11,37,46.2,0.2,12,0,0,0,1,1,0,5,3,1,1.6166051204841976
9409,147.05,2,5,1.5,0.2,2,0,0,0,1,1,0,3,1,0,5.666156714814733
9410,147.07,40,119,174.5,0.2,40,0,0,0,1,1,0,8,3,6,1.4725177870167114
9411,147.1,40,112,175.3,0.2,40,0,0,0,1,1,0,8,2,5,1.5438225085969581
9412,147.11,12,35,55.3,0.2,13,0,0,0,1,1,0,1,3,2,1.450196695242951
9413,147.14,39,114,170.3,0.2,39,0,0,0,1,1,0,8,2,3,1.4773011696516065
9414,147.16,39,119,169.8,0.2,39,0,0,0,1,1,0,8,5,3,1.3173359454095641
9415,147.17,11,29,43.1,0.2,11,0,0,0,1,1,0,4,1,0,1.7293331198767674
9416,147.2,43,128,191.8,0.2,43,0,0,0,1,1,0,5,5,4,1.3069836932758452
9417,147.21,17,46,72.1,0.2,17,0,0,0,1,1,0,3,2,3,1.36772729449093
9418,147.22,12,31,49.8,0.2,12,0,0,0,1,1,0,2,2,1,1.777424928553145
9419,147.25,49,160,226.7,0.2,51,0,0,0,0,0,1,12,3,2,1.3300234756390492
9420,147.27,24,61,106.6,0.2,24,0,0,0,1,1,0,2,2,3,1.5561333196585234
9421,147.3,49,159,219.7,0.2,49,0,0,0,1,1,0,4,3,4,1.1684759222492642
9422,147.31,20,42,90.7,0.2,20,0,0,0,1,1,0,0,1,1,1.704567607073786
9423,147.33,19,60,80.2,0.2,19,0,0,0,1,1,0,3,2,8,1.4041787190539843
9424,147.33,6,18,26.2,0.2,7,0,0,0,1,1,0,2,1,0,1.8795790190747925
9425,147.34,12,27,49.2,0.2,12,0,0,0,1,1,0,3,1,1,2.0483987750558175
9426,147.34,3,11,8.7,0.2,3,0,0,0,1,1,0,0,1,2,2.8343841512465477
9427,147.37,49,152,220.9,0.2,49,0,0,0,1,1,0,3,5,9,1.3685126751650518
9428,147.41,49,157,231.4,0.2,51,0,0,0,0,0,1,7,3,8,1.3903357645449625
9429,147.43,40,116,173.4,0.2,40,0,0,0,1,1,0,10,3,0,1.5380020948954556
9430,147.44,6,18,20.1,0.2,6,0,0,0,1,1,0,3,1,1,2.586960005016853
9431,147.44,3,5,8.5,0.2,3,0,0,0,1,1,0,1,1,0,6.110914200124003
9432,147.44,4,20,17.9,0.2,5,0,0,0,1,1,0,0,1,1,2.205822498139104
9433,147.46,29,71,131.5,0.2,30,0,0,0,1,1,0,6,1,4,1.6378884580954112
9434,147.48,31,96,133.2,0.2,31,0,0,0,1,1,0,7,5,2,1.4075912845696135
9435,147.49,23,52,103.6,0.2,23,0,0,0,1,1,0,1,1,2,1.8729823271576207
9436,147.51,20,49,93.0,0.2,21,0,0,0,1,1,0,2,1,1,1.7041497495615192
9437,147.54,48,143,207.4,0.2,48,0,0,0,1,1,0,13,6,3,1.4665078568394891
9438,147.54,4,12,9.7,0.2,4,0,0,0,1,1,0,4,2,1,2.5261455125517145
9439,147.58,50,155,226.5,0.2,50,0,0,0,0,0,1,7,3,9,1.2117584865430695
9440,147.61,43,142,186.6,0.2,43,0,0,0,1,1,0,9,5,2,1.343497274441982
9441,147.64,46,144,202.2,0.2,46,0,0,0,1,1,0,8,4,4,1.2837759978538834
9442,147.67,49,144,234.8,0.2,51,0,0,0,0,0,1,5,2,7,1.4850245786337555
9443,147.69,25,69,111.6,0.2,25,0,0,0,1,1,0,1,4,5,1.3223713087695959
9444,147.72,49,135,238.9,0.2,51,0,0,0,0,0,1,2,3,5,1.4138091097185566
9445,147.72,2,5,3.5,0.2,2,0,0,0,1,1,0,1,1,0,5.41091144877972
9446,147.73,8,21,27.9,0.2,8,0,0,0,1,1,0,5,1,0,1.925542536962985
9447,147.76,49,145,232.0,0.2,51,0,0,0,0,0,1,8,4,4,1.5205702502392437
9448,147.77,15,38,66.1,0.2,15,0,0,0,1,1,0,0,1,1,1.8740300704357693
9449,147.77,1,12,1.8,0.2,2,0,0,0,1,1,0,2,1,0,2.6035767114758532
9450,147.78,11,27,45.2,0.2,11,0,0,0,1,1,0,2,2,1,1.5556030677847676
9451,147.81,49,157,225.4,0.2,51,0,0,0,0,0,1,13,5,8,1.3575923826991902
9452,147.84,44,125,196.2,0.2,44,0,0,0,1,1,0,6,2,3,1.2803214620440861
9453,147.86,36,98,158.5,0.2,36,0,0,0,1,1,0,6,4,7,1.2519452400405164
9454,147.86,2,5,4.5,0.2,2,0,0,0,1,1,0,0,1,0,4.722280096553429
9455,147.88,23,59,97.8,0.2,23,0,0,0,1,1,0,6,1,3,1.8347359970160448
9456,147.91,49,173,227.2,0.2,51,0,0,0,0,0,1,10,2,4,1.3218797346969497
9457,147.93,23,83,94.3,0.2,23,0,0,0,1,1,0,7,5,4,1.4388619009474894
9458,147.93,1,6,4.4,0.2,2,0,0,0,1,1,0,0,1,0,3.4569357699848973
9459,147.94,12,24,52.6,0.2,12,0,0,0,1,1,0,0,1,0,2.66913810713652
9460,147.96,34,89,151.9,0.2,34,0,0,0,1,1,0,4,1,2,1.632376489211097
9461,147.98,24,55,106.2,0.2,24,0,0,0,1,1,0,3,3,3,1.6611006873019174
9462,147.98,10,27,38.2,0.2,10,0,0,0,1,1,0,4,1,1,1.749847686325075
9463,148.02,49,153,219.3,0.2,50,0,0,0,1,1,0,10,5,4,1.4969607800427156
9464,148.02,5,25,13.4,0.2,5,0,0,0,1,1,0,4,1,1,2.3352621099735167
9465,148.04,17,55,67.2,0.2,17,0,0,0,1,1,0,7,2,3,1.7798879821851812
9466,148.04,16,31,71.6,0.2,16,0,0,0,1,1,0,0,1,3,2.115946418872345
9467,148.07,46,149,198.7,0.2,46,0,0,0,1,1,0,11,7,4,1.394897854211451
9468,148.11,49,146,231.6,0.2,51,0,0,0,0,0,1,8,1,7,1.5313374178570593
9469,148.12,24,52,109.6,0.2,24,0,0,0,1,1,0,0,2,2,1.3928568390501868
9470,148.14,37,103,166.2,0.2,37,0,0,0,1,1,0,3,3,5,1.478908826528548
9471,148.15,1,5,-3.5,0.2,1,0,0,0,1,1,0,3,1,0,5.604969012582534
9472,148.15,3,10,8.0,0.2,3,0,0,0,1,1,0,1,1,0,2.795389434608173
9473,148.15,3,8,9.0,0.2,3,0,0,0,1,1,0,0,1,2,2.9241641340744193
9474,148.17,24,67,104.1,0.2,24,0,0,0,1,1,0,4,1,2,1.362725520868268
9475,148.19,32,91,144.4,0.2,33,0,0,0,1,1,0,6,3,5,1.2084989344663968
9476,148.23,49,178,211.7,0.2,49,0,0,0,1,1,0,10,2,5,1.3358336090095975
9477,148.24,12,32,50.7,0.2,12,0,0,0,1,1,0,1,1,1,2.045476990877985
9478,148.26,36,93,160.2,0.2,36,0,0,0,1,1,0,5,3,5,1.468770136339904
9479,148.29,43,118,191.8,0.2,43,0,0,0,1,1,0,6,2,4,1.4503646428544377
9480,148.32,47,173,201.8,0.2,47,0,0,0,1,1,0,10,3,9,1.3359273431267695
9481,148.34,29,76,129.1,0.2,29,0,0,0,1,1,0,3,2,3,1.367292037201437
9482,148.36,30,75,140.1,0.2,31,0,0,0,1,1,0,2,3,4,1.5373528108912118
9483,148.36,4,5,14.5,0.2,4,0,0,0,1,1,0,0,1,0,5.394160464423594
9484,148.37,15,46,63.4,0.2,15,0,0,0,1,1,0,2,2,0,1.5333089160024542
9485,148.37,2,5,2.4,0.2,2,0,0,0,1,1,0,2,1,1,5.3635409448470455
9486,148.38,9,21,39.7,0.2,10,0,0,0,1,1,0,3,1,2,2.4160645196070822
9487,148.38,7,16,28.4,0.2,7,0,0,0,1,1,0,0,1,0,2.619405481177557
9488,148.38,2,6,4.3,0.2,2,0,0,0,1,1,0,0,1,1,4.867773680631676
9489,148.4,20,45,89.3,0.2,20,0,0,0,1,1,0,1,2,2,1.755470909714993
9490,148.42,35,96,152.9,0.2,35,0,0,0,1,1,0,7,3,5,1.356233903522079
9491,148.46,49,174,228.1,0.2,51,0,0,0,0,0,1,9,4,4,1.535963691108118
9492,148.48,47,133,213.4,0.2,47,0,0,0,1,1,0,3,2,3,1.554201270807428
9493,148.49,6,20,20.9,0.2,6,0,0,0,1,1,0,2,1,1,1.9237624863238665
9494,148.51,36,96,156.2,0.2,36,0,0,0,1,1,0,9,2,2,1.652024749568006
9495,148.54,47,138,208.5,0.2,47,0,0,0,1,1,0,7,4,7,1.4598909720157054
9496,148.57,44,145,189.9,0.2,44,0,0,0,1,1,0,10,3,6,1.3796166291605478
9497,148.6,43,119,190.9,0.2,43,0,0,0,1,1,0,7,5,2,1.3936123575757329
9498,148.6,5,9,19.0,0.2,5,0,0,0,1,1,0,0,1,1,4.585144135738498
9499,148.61,10,24,45.5,0.2,11,0,0,0,1,1,0,2,1,1,2.088174197149963
9500,148.63,36,106,155.9,0.2,36,0,0,0,1,1,0,8,3,5,1.2053920653695984
9501,148.65,24,59,108.0,0.2,24,0,0,0,1,1,0,1,1,1,1.479127076768203
9502,148.67,35,80,159.7,0.2,35,0,0,0,1,1,0,2,2,3,1.4557897309302859
9503,148.67,12,30,48.9,0.2,12,0,0,0,1,1,0,3,1,1,2.2473210552604086
9504,148.71,48,148,211.7,0.2,48,0,0,0,1,1,0,8,5,5,1.4196286535551534
9505,148.71,1,5,3.5,0.2,2,0,0,0,1,1,0,1,1,0,4.2221674309242765
9506,148.73,43,116,190.6,0.2,43,0,0,0,1,1,0,7,1,8,1.5418591583410144
9507,148.76,32,109,137.7,0.2,32,0,0,0,1,1,0,6,2,4,1.3623138650219415
9508,148.79,49,152,233.1,0.2,51,0,0,0,0,0,1,6,4,6,1.5596833808060762
9509,148.8,20,47,93.2,0.2,21,0,0,0,1,1,0,2,2,1,1.688671302471133
9510,148.81,2,10,3.0,0.2,2,0,0,0,1,1,0,1,1,0,2.659120034127286
9511,148.82,13,41,53.5,0.2,13,0,0,0,1,1,0,2,1,4,1.3496175950066494
9512,148.83,30,79,133.9,0.2,30,0,0,0,1,1,0,3,2,2,1.5198805176859598
9513,148.86,49,135,219.5,0.2,49,0,0,0,1,1,0,6,1,10,1.5595721374991003
9514,148.89,35,101,154.3,0.2,35,0,0,0,1,1,0,5,2,6,1.538618317460202
9515,148.92,49,163,232.3,0.2,51,0,0,0,0,0,1,6,7,3,1.4131306195951658
9516,148.95,44,118,197.7,0.2,44,0,0,0,1,1,0,5,2,5,1.385272930842062
9517,148.95,2,5,1.5,0.2,2,0,0,0,1,1,0,3,1,0,4.860576534579832
9518,148.97,32,90,139.7,0.2,32,0,0,0,1,1,0,6,2,3,1.39930943252823
9519,148.97,3,8,6.1,0.2,3,0,0,0,1,1,0,3,1,1,4.117670419380916
9520,149.01,49,161,235.5,0.2,51,0,0,0,0,0,1,3,4,3,1.5395976640773614
9521,149.05,50,185,217.6,0.2,50,0,0,0,1,1,0,8,4,9,1.2502568198100694
9522,149.08,39,116,174.2,0.2,39,0,0,0,1,1,0,4,2,2,1.6245583934825738
9523,149.09,23,66,100.4,0.2,23,0,0,0,1,1,0,3,3,0,1.379608094891369
9524,149.1,22,50,96.8,0.2,22,0,0,0,1,1,0,3,3,2,1.8573093507175502
9525,149.11,4,12,12.8,0.2,4,0,0,0,1,1,0,1,1,0,2.6816578065373613
9526,149.11,2,6,3.4,0.2,2,0,0,0,1,1,0,1,1,0,4.319687028068489
9527,149.12,13,37,56.3,0.2,13,0,0,0,1,1,0,0,1,0,1.9110133675280165
9528,149.13,21,66,84.2,0.2,21,0,0,0,1,1,0,9,2,2,1.5255945833643367
9529,149.14,25,54,112.3,0.2,25,0,0,0,1,1,0,2,1,3,1.8073238744482738
9530,149.16,26,63,114.5,0.2,26,0,0,0,1,1,0,4,1,2,1.3725302296095554
9531,149.16,2,5,4.3,0.2,2,0,0,0,1,1,0,0,1,2,4.481200481138748
9532,149.19,50,163,228.2,0.2,50,0,0,0,0,0,1,5,3,4,1.3910626968045565
9533,149.24,49,207,223.5,0.2,51,0,0,0,0,0,1,10,4,7,1.4067328088235533
9534,149.24,6,17,22.0,0.2,6,0,0,0,1,1,0,1,1,3,2.3523150478300403
9535,149.25,4,10,17.9,0.2,5,0,0,0,1,1,0,1,1,1,2.6187185180846995
9536,149.26,14,32,65.3,0.2,15,0,0,0,1,1,0,1,1,5,1.6865555146829765
9537,149.29,49,168,230.5,0.2,51,0,0,0,0,0,1,7,5,6,1.5221392322397083
9538,149.33,43,124,192.1,0.2,43,0,0,0,1,1,0,5,7,5,1.4975571706592214
9539,149.33,1,5,3.4,0.2,2,0,0,0,1,1,0,1,1,1,4.47538476848656
9540,149.37,49,157,211.8,0.2,49,0,0,0,1,1,0,12,4,5,1.2295262555951891
9541,149.38,11,38,45.6,0.2,11,0,0,0,1,1,0,0,2,6,1.457852695534988
9542,149.39,5,14,17.6,0.2,5,0,0,0,1,1,0,1,1,0,2.289531615227383
9543,149.41,27,81,121.7,0.2,28,0,0,0,1,1,0,5,4,2,1.540628490437129
9544,149.42,21,56,88.4,0.2,21,0,0,0,1,1,0,6,2,0,1.5085587634229023
9545,149.43,2,5,3.5,0.2,2,0,0,0,1,1,0,1,1,0,5.079111207031553
9546,149.44,16,48,66.9,0.2,16,0,0,0,1,1,0,3,2,3,1.6317532672174722
9547,149.44,1,5,-1.5,0.2,1,0,0,0,1,1,0,1,1,0,5.99689314506339
9548,149.47,49,126,224.1,0.2,49,0,0,0,1,1,0,3,4,3,1.4358445133606614
9549,149.47,7,15,28.5,0.2,7,0,0,0,1,1,0,0,1,0,2.430778079524423
9550,149.48,4,10,13.0,0.2,4,0,0,0,1,1,0,1,1,0,3.243774428206528
9551,149.48,10,23,37.7,0.2,10,0,0,0,1,1,0,5,2,0,2.091787844537255
9552,149.49,2,5,2.5,0.2,2,0,0,0,1,1,0,2,1,0,5.156790733319951
9553,149.51,40,118,177.4,0.2,40,0,0,0,1,1,0,5,3,8,1.2200466426207988
9554,149.52,7,18,24.2,0.2,7,0,0,0,1,1,0,4,1,0,2.020047438784033
9555,149.54,45,120,201.8,0.2,45,0,0,0,1,1,0,6,2,2,1.494889580092922
9556,149.55,6,10,20.9,0.2,6,0,0,0,1,1,0,3,1,1,3.981644524880476
9557,149.57,42,119,189.9,0.2,42,0,0,0,1,1,0,3,2,2,1.4204509367382678
9558,149.59,38,95,171.9,0.2,38,0,0,0,1,1,0,3,1,6,1.3998254869996176
9559,149.6,14,35,60.4,0.2,14,0,0,0,1,1,0,1,2,1,1.9744488818864336
9560,149.6,3,14,6.5,0.2,3,0,0,0,1,1,0,2,1,1,2.118844800260001
9561,149.63,42,102,191.5,0.2,42,0,0,0,1,1,0,3,2,3,1.3129511524929636
9562,149.65,35,97,155.0,0.2,35,0,0,0,1,1,0,5,3,3,1.5216192548377478
9563,149.67,30,74,134.4,0.2,30,0,0,0,1,1,0,3,3,2,1.4359338515070506
9564,149.7,49,134,235.1,0.2,51,0,0,0,0,0,1,6,2,4,1.771815749751508
9565,149.73,48,155,210.7,0.2,48,0,0,0,1,1,0,8,6,8,1.4596106349944598
9566,149.75,25,65,111.2,0.2,25,0,0,0,1,1,0,2,2,3,1.508625559310069
9567,149.76,14,45,55.4,0.2,14,0,0,0,1,1,0,5,2,1,1.740990138360489
9568,149.77,4,21,10.8,0.2,4,0,0,0,1,1,0,2,1,1,2.047131397814109
9569,149.77,2,5,3.5,0.2,2,0,0,0,1,1,0,1,1,0,4.840619106272457
9570,149.78,12,33,47.6,0.2,12,0,0,0,1,1,0,4,1,1,1.9023690948688703
9571,149.79,26,74,111.1,0.2,26,0,0,0,1,1,0,6,2,5,1.4466259482115886
9572,149.79,1,5,-3.5,0.2,1,0,0,0,1,1,0,3,1,0,5.804213558668971
9573,149.8,7,29,23.1,0.2,7,0,0,0,1,1,0,4,2,0,1.7077895569939765
9574,149.81,3,17,10.3,0.2,4,0,0,0,1,1,0,3,1,0,2.0367831280326345
9575,149.82,18,59,74.9,0.2,19,0,0,0,1,1,0,9,4,2,1.3174755686544333
9576,149.83,21,65,88.2,0.2,21,0,0,0,1,1,0,5,2,3,1.3701781766748298
9577,149.84,14,36,57.2,0.2,14,0,0,0,1,1,0,4,1,2,1.880638737815144
9578,149.85,15,44,60.4,0.2,15,0,0,0,1,1,0,5,1,2,1.3516065054767317
9579,149.88,45,118,201.9,0.2,45,0,0,0,1,1,0,6,3,3,1.5484888142881714
9580,149.91,49,169,225.3,0.2,51,0,0,0,0,0,1,12,5,7,1.3692763948203492
9581,149.92,10,29,44.0,0.2,11,0,0,0,1,1,0,3,1,1,1.8859534419205135
9582,149.93,28,59,126.8,0.2,28,0,0,0,1,1,0,2,1,3,1.5539411042889135
9583,149.94,2,11,2.9,0.2,2,0,0,0,1,1,0,1,1,0,3.124411328379494
9584,149.94,4,13,12.7,0.2,4,0,0,0,1,1,0,1,1,0,2.698592434252937
9585,149.94,4,17,16.3,0.2,5,0,0,0,1,1,0,2,1,0,2.2096272605960348
9586,149.95,4,17,13.3,0.2,4,0,0,0,1,1,0,0,1,0,2.533803180779139
9587,149.98,42,131,179.4,0.2,42,0,0,0,1,1,0,12,3,5,1.3982435627491958
9588,149.98,11,26,45.3,0.2,11,0,0,0,1,1,0,2,1,1,1.9008442129016279
9589,150.02,46,160,193.3,0.2,46,0,0,0,1,1,0,15,3,7,1.3430037244028452
9590,150.02,2,5,1.5,0.2,2,0,0,0,1,1,0,3,1,0,5.029875697286609
9591,150.05,49,164,227.1,0.2,51,0,0,0,0,0,1,11,2,4,1.4239021829512288
9592,150.09,49,157,233.1,0.2,51,0,0,0,0,0,1,6,3,1,1.3800051249837293
9593,150.09,8,15,33.5,0.2,8,0,0,0,1,1,0,0,1,0,2.525850176480495
9594,150.12,45,131,199.6,0.2,45,0,0,0,1,1,0,7,4,3,1.402700505715676
9595,150.12,2,13,-1.3,0.2,2,0,0,0,1,1,0,5,1,0,2.7635665907441664
9596,150.15,49,148,232.8,0.2,51,0,0,0,0,0,1,7,4,3,1.5109256677261682
9597,150.18,49,126,233.8,0.2,51,0,0,0,0,0,1,8,2,5,1.4735870874047863
9598,150.19,18,40,78.9,0.2,18,0,0,0,1,1,0,2,3,1,1.583263636313635
9599,150.19,4,6,13.4,0.2,4,0,0,0,1,1,0,1,1,0,4.395229481398683
9600,150.21,36,88,163.0,0.2,36,0,0,0,1,1,0,3,3,2,1.4168258486827334
9601,150.21,2,5,1.5,0.2,2,0,0,0,1,1,0,3,1,0,5.24057232435717
9602,150.23,30,71,133.5,0.2,30,0,0,0,1,1,0,4,1,4,1.6745579334403913
9603,150.23,5,15,14.5,0.2,5,0,0,0,1,1,0,4,2,0,2.5608666257292616
9604,150.25,29,77,134.2,0.2,30,0,0,0,1,1,0,3,3,1,1.38467307037781
9605,150.26,6,17,22.3,0.2,6,0,0,0,1,1,0,1,2,0,2.3759907657517108
9606,150.29,49,166,230.5,0.2,51,0,0,0,0,0,1,7,1,8,1.5540387886387865
9607,150.32,40,115,176.2,0.2,40,0,0,0,1,1,0,7,2,3,1.4122229879180825
9608,150.32,2,5,2.4,0.2,2,0,0,0,1,1,0,2,1,1,4.7590646189963115
9609,150.34,40,101,177.7,0.2,40,0,0,0,1,1,0,7,2,2,1.4227116860846862
9610,150.36,34,88,148.7,0.2,34,0,0,0,1,1,0,7,2,5,1.4166942724424099
9611,150.37,6,17,22.1,0.2,6,0,0,0,1,1,0,1,2,2,2.4130049939937313
9612,150.37,13,31,55.8,0.2,13,0,0,0,1,1,0,1,3,1,1.8384174127747206
9613,150.41,49,165,231.8,0.2,51,0,0,0,0,0,1,6,3,6,1.51617365898724
9614,150.42,23,59,101.9,0.2,23,0,0,0,1,1,0,2,1,2,1.9194197194944846
9615,150.45,36,101,151.7,0.2,36,0,0,0,1,1,0,13,4,2,1.2917004993387076
9616,150.46,15,38,61.1,0.2,15,0,0,0,1,1,0,5,2,1,1.4358986398289768
9617,150.5,49,175,226.9,0.2,51,0,0,0,0,0,1,10,6,5,1.3545077008875972
9618,150.5,9,21,37.9,0.2,9,0,0,0,1,1,0,0,1,0,1.9220551018200436
9619,150.51,3,11,7.8,0.2,3,0,0,0,1,1,0,1,1,1,2.820868867065489
9620,150.51,14,32,61.8,0.2,14,0,0,0,1,1,0,0,2,0,1.779411682562591
9621,150.52,0,8,-1.9,0.2,1,0,0,0,1,1,0,1,1,1,3.2360360576787155
9622,150.53,19,45,81.4,0.2,19,0,0,0,1,1,0,4,1,1,1.7540840781044085
9623,150.56,50,157,223.6,0.2,50,0,0,0,0,0,1,10,4,6,1.4209531020322104
9624,150.59,40,112,173.5,0.2,40,0,0,0,1,1,0,10,3,3,1.320561542556091
9625,150.6,19,47,84.1,0.2,19,0,0,0,1,1,0,1,1,2,1.6084139439897018
9626,150.61,22,57,96.9,0.2,22,0,0,0,1,1,0,2,3,4,1.928915570658737
9627,150.65,49,178,211.8,0.2,49,0,0,0,1,1,0,10,5,4,1.463003978597963
9628,150.69,49,172,230.4,0.2,51,0,0,0,0,0,1,7,1,3,1.3423741061445005
9629,150.72,47,156,205.8,0.2,47,0,0,0,1,1,0,8,5,6,1.4409427016208536
9630,150.74,29,85,128.4,0.2,30,0,0,0,1,1,0,8,2,1,1.553045164141361
9631,150.75,12,48,48.0,0.2,13,0,0,0,1,1,0,7,1,2,1.5810269849290381
9632,150.77,31,94,133.3,0.2,31,0,0,0,1,1,0,7,1,3,1.2776274806086567
9633,150.8,49,155,234.0,0.2,51,0,0,0,0,0,1,5,1,4,1.3211511463952341
9634,150.82,18,66,70.3,0.2,18,0,0,0,1,1,0,8,3,1,1.4421381807750207
9635,150.85,45,125,203.2,0.2,45,0,0,0,1,1,0,4,4,3,1.4335286340109292
9636,150.86,8,23,29.7,0.2,8,0,0,0,1,1,0,3,1,0,2.555675085817338
9637,150.88,37,112,163.2,0.2,37,0,0,0,1,1,0,5,2,6,1.2450058885897914
9638,150.92,50,153,228.2,0.2,50,0,0,0,0,0,1,6,7,4,1.400997918329002
9639,150.92,0,7,-5.8,0.2,0,0,0,0,1,1,0,0,1,1,4.281147647631193
9640,150.93,21,52,85.6,0.2,21,0,0,0,1,1,0,9,3,2,1.7991379350738361
9641,150.93,1,5,-0.5,0.2,1,0,0,0,1,1,0,0,1,0,4.624066833686944
9642,150.96,45,135,196.9,0.2,45,0,0,0,1,1,0,9,5,6,1.5557704902443354
9643,150.98,22,67,94.3,0.2,22,0,0,0,1,1,0,4,4,0,1.8370246658065095
9644,150.99,17,46,70.1,0.2,17,0,0,0,1,1,0,5,1,3,1.4393684030195961
9645,151.0,16,45,70.2,0.2,16,0,0,0,1,1,0,0,2,3,1.3141768563228777
9646,151.04,49,169,210.4,0.2,49,0,0,0,1,1,0,12,3,7,1.4385498268835655
9647,151.06,37,108,158.8,0.2,37,0,0,0,1,1,0,10,3,4,1.2834528645550833
9648,151.06,1,5,-2.6,0.2,1,0,0,0,1,1,0,2,1,1,5.738565454138877
9649,151.08,32,90,143.4,0.2,32,0,0,0,1,1,0,2,1,6,1.459179124641344
9650,151.1,17,46,70.3,0.2,17,0,0,0,1,1,0,5,3,1,1.6874399023663
9651,151.11,27,72,115.6,0.2,27,0,0,0,1,1,0,7,3,2,1.4757828052797919
9652,151.11,2,5,3.5,0.2,2,0,0,0,1,1,0,1,1,0,5.0031474657292225
9653,151.12,2,5,4.4,0.2,2,0,0,0,1,1,0,0,1,1,5.559652047284514
9654,151.13,20,43,86.4,0.2,20,0,0,0,1,1,0,4,1,3,1.8458204296001683
9655,151.16,50,165,218.9,0.2,50,0,0,0,1,1,0,9,2,6,1.3951538822706138
9656,151.17,15,37,69.2,0.2,16,0,0,0,1,1,0,2,1,1,1.9935456327798857
9657,151.17,2,6,8.4,0.2,3,0,0,0,1,1,0,1,1,0,4.3723849480932975
9658,151.2,44,138,192.1,0.2,44,0,0,0,1,1,0,9,2,1,1.46388298245783
9659,151.23,48,133,216.0,0.2,48,0,0,0,1,1,0,5,4,7,1.4586298222195302
9660,151.24,4,18,11.0,0.2,4,0,0,0,1,1,0,2,1,2,2.120634307563294
9661,151.27,45,153,204.2,0.2,46,0,0,0,1,1,0,5,3,5,1.559848506203024
9662,151.29,19,55,82.4,0.2,19,0,0,0,1,1,0,2,2,1,1.616193355256294
9663,151.29,12,35,49.4,0.2,12,0,0,0,1,1,0,2,2,1,1.5718574732711927
9664,151.32,45,131,204.5,0.2,45,0,0,0,1,1,0,2,1,4,1.4718080160498388
9665,151.33,9,29,34.9,0.2,9,0,0,0,1,1,0,2,2,2,1.9630889909486513
9666,151.34,14,33,58.5,0.2,14,0,0,0,1,1,0,3,1,2,1.554604412044997
9667,151.37,47,134,209.4,0.2,47,0,0,0,1,1,0,7,2,2,1.5435376640433276
9668,151.38,28,68,126.1,0.2,28,0,0,0,1,1,0,2,1,1,1.4845649369927953
9669,151.39,11,34,43.3,0.2,11,0,0,0,1,1,0,3,1,3,1.867164729506696
9670,151.4,13,35,55.2,0.2,13,0,0,0,1,1,0,1,1,3,1.583887945457574
9671,151.42,27,81,116.4,0.2,27,0,0,0,1,1,0,5,3,5,1.7855465816014036
9672,151.45,49,160,230.3,0.2,51,0,0,0,0,0,1,8,2,6,1.4882852458060538
9673,151.47,17,48,69.0,0.2,17,0,0,0,1,1,0,6,3,2,1.509966496559383
9674,151.48,23,55,101.4,0.2,23,0,0,0,1,1,0,3,1,1,1.3989399887908671
9675,151.51,49,161,228.9,0.2,51,0,0,0,0,0,1,9,0,9,1.3690669250395755
9676,151.54,37,107,167.0,0.2,37,0,0,0,1,1,0,2,4,3,1.4971637244116112
9677,151.54,5,12,17.6,0.2,5,0,0,0,1,1,0,1,1,2,2.8758982025194744
9678,151.57,49,159,230.6,0.2,51,0,0,0,0,0,1,8,4,4,1.4479850812236805
9679,151.6,49,138,239.6,0.2,51,0,0,0,0,0,1,1,1,5,1.5027643493930298
9680,151.62,40,110,178.6,0.2,40,0,0,0,1,1,0,5,3,4,1.4110872739184017
9681,151.66,50,166,220.0,0.2,50,0,0,0,1,1,0,8,4,4,1.7036308165679372
9682,151.7,49,147,233.9,0.2,51,0,0,0,0,0,1,6,2,3,1.5197322428889584
9683,151.71,14,36,59.4,0.2,14,0,0,0,1,1,0,2,2,0,1.5217024810740294
9684,151.73,39,102,176.5,0.2,39,0,0,0,1,1,0,3,3,3,1.5170738656405511
9685,151.74,9,31,33.9,0.2,9,0,0,0,1,1,0,3,1,0,1.7112007575898367
9686,151.75,30,71,131.6,0.2,30,0,0,0,1,1,0,6,2,3,1.721853767467733
9687,151.76,3,6,9.2,0.2,3,0,0,0,1,1,0,0,1,2,4.875002913263958
9688,151.79,48,150,211.2,0.2,48,0,0,0,1,1,0,8,3,8,1.509639125500758
9689,151.8,12,29,50.1,0.2,12,0,0,0,1,1,0,2,1,0,2.046142098468671
9690,151.83,47,149,210.8,0.2,47,0,0,0,1,1,0,4,5,3,1.596215252279654
9691,151.85,30,78,130.2,0.2,30,0,0,0,1,1,0,7,2,0,1.5880222877706847
9692,151.87,31,72,136.5,0.2,31,0,0,0,1,1,0,6,2,3,1.5933924017622958
9693,151.9,50,147,225.3,0.2,50,0,0,0,0,0,1,9,3,9,1.3978339231092654
9694,151.9,5,20,15.9,0.2,5,0,0,0,1,1,0,2,1,1,2.2599967352438393
9695,151.91,16,34,70.6,0.2,16,0,0,0,1,1,0,1,3,0,1.8283023359511315
9696,151.93,20,53,80.7,0.2,20,0,0,0,1,1,0,9,1,0,1.6048761622914116
9697,151.93,2,5,1.5,0.2,2,0,0,0,1,1,0,3,1,0,5.164511610985338
9698,151.97,49,161,231.4,0.2,51,0,0,0,0,0,1,7,3,4,1.4387902956212486
9699,151.98,20,57,87.1,0.2,20,0,0,0,1,1,0,2,2,2,1.7725421728248254
9700,152.01,47,140,209.7,0.2,47,0,0,0,1,1,0,6,3,3,1.4231445127069347
9701,152.02,5,18,17.1,0.2,5,0,0,0,1,1,0,1,1,1,2.0344907266853847
9702,152.02,6,16,19.4,0.2,6,0,0,0,1,1,0,4,1,0,2.091058553400754
9703,152.03,20,44,90.5,0.2,20,0,0,0,1,1,0,0,2,1,1.922328542132179
9704,152.06,49,155,231.0,0.2,51,0,0,0,0,0,1,8,6,4,1.511960090163061
9705,152.07,1,5,3.5,0.2,2,0,0,0,1,1,0,1,1,0,5.016067038180653
9706,152.07,11,30,45.8,0.2,11,0,0,0,1,1,0,1,1,2,1.8591241574193007
9707,152.11,49,178,229.2,0.2,51,0,0,0,0,0,1,7,4,9,1.4814506518154305
9708,152.12,3,9,9.1,0.2,3,0,0,0,1,1,0,0,1,0,3.0825757017543673
9709,152.12,8,25,30.4,0.2,8,0,0,0,1,1,0,2,2,1,1.5949293008077734
9710,152.12,4,9,11.1,0.2,4,0,0,0,1,1,0,3,1,0,3.8858899046123208
9711,152.16,49,167,223.5,0.2,51,0,0,0,0,0,1,14,1,7,1.3135267747765087
9712,152.2,50,162,228.0,0.2,50,0,0,0,0,0,1,5,1,7,1.334021266452376
9713,152.22,21,59,90.0,0.2,21,0,0,0,1,1,0,4,4,1,1.491501362652176
9714,152.24,37,120,159.5,0.2,37,0,0,0,1,1,0,8,4,5,1.391789025210376
9715,152.26,29,72,127.6,0.2,29,0,0,0,1,1,0,5,3,2,1.4257807743672573
9716,152.27,19,45,84.3,0.2,19,0,0,0,1,1,0,1,2,2,1.3660035324937316
9717,152.3,50,158,228.4,0.2,50,0,0,0,0,0,1,5,5,7,1.4522181736911965
9718,152.31,2,5,7.5,0.2,3,0,0,0,1,1,0,2,1,0,5.310253951243505
9719,152.32,16,50,64.5,0.2,16,0,0,0,1,1,0,5,2,5,1.1511870059480165
9720,152.32,3,5,8.5,0.2,3,0,0,0,1,1,0,1,1,0,6.0006593623831925
9721,152.35,49,145,235.8,0.2,51,0,0,0,0,0,1,4,2,6,1.5375440661301216
9722,152.36,14,26,61.3,0.2,14,0,0,0,1,1,0,1,2,1,2.158404950444327
9723,152.39,49,152,231.3,0.2,51,0,0,0,0,0,1,8,3,4,1.4642783394549104
9724,152.41,36,93,157.2,0.2,36,0,0,0,1,1,0,8,1,5,1.4428428209902817
9725,152.45,49,163,226.1,0.2,51,0,0,0,0,0,1,12,4,5,1.2515230610876573
9726,152.45,2,5,2.5,0.2,2,0,0,0,1,1,0,2,1,0,4.744525061129236
9727,152.46,12,41,50.7,0.2,12,0,0,0,1,1,0,0,1,2,1.6620673108493915
9728,152.49,49,155,230.0,0.2,51,0,0,0,0,0,1,9,4,4,1.464069319232562
9729,152.51,40,95,185.0,0.2,40,0,0,0,1,1,0,0,2,5,1.5251415338641916
9730,152.51,3,5,8.5,0.2,3,0,0,0,1,1,0,1,1,0,4.8313031224293335
9731,152.53,27,86,116.9,0.2,27,0,0,0,1,1,0,4,3,5,1.277346919351546
9732,152.57,49,154,235.2,0.2,51,0,0,0,0,0,1,4,4,3,1.348033109484231
9733,152.6,49,142,236.2,0.2,51,0,0,0,0,0,1,4,0,5,1.5871591642408633
9734,152.62,33,93,146.6,0.2,33,0,0,0,1,1,0,4,4,1,1.4707654615813188
9735,152.62,5,14,16.5,0.2,5,0,0,0,1,1,0,2,1,1,2.8287954569000138
9736,152.65,47,145,209.1,0.2,47,0,0,0,1,1,0,6,3,4,1.4025708595677335
9737,152.68,49,122,223.6,0.2,49,0,0,0,1,1,0,4,3,2,1.4910838969241886
9738,152.69,7,21,23.9,0.2,7,0,0,0,1,1,0,4,1,0,2.0016422013767654
9739,152.69,8,22,31.6,0.2,8,0,0,0,1,1,0,1,2,2,1.973431468396618
9740,152.71,21,73,92.1,0.2,21,0,0,0,1,1,0,0,3,6,1.3215139861513117
9741,152.73,37,116,162.2,0.2,37,0,0,0,1,1,0,6,3,2,1.4871196338085597
9742,152.74,7,18,27.0,0.2,7,0,0,0,1,1,0,1,1,2,2.1944908714809057
9743,152.74,9,19,41.0,0.2,10,0,0,0,1,1,0,2,1,1,2.070239060078793
9744,152.78,49,164,228.1,0.2,51,0,0,0,0,0,1,10,3,4,1.318344579254253
9745,152.78,2,5,3.5,0.2,2,0,0,0,1,1,0,1,1,0,5.362190052962658
9746,152.81,49,141,231.6,0.2,51,0,0,0,0,0,1,9,2,2,1.2682763614118135
9747,152.83,37,101,163.2,0.2,37,0,0,0,1,1,0,6,2,7,1.2780298342205776
9748,152.83,2,5,3.4,0.2,2,0,0,0,1,1,0,1,1,1,4.915442833369716
9749,152.86,48,134,215.5,0.2,48,0,0,0,1,1,0,6,7,1,1.3413072279737048
9750,152.89,40,106,178.1,0.2,40,0,0,0,1,1,0,6,4,3,1.3874407518806178
9751,152.92,44,164,184.2,0.2,44,0,0,0,1,1,0,14,7,4,1.331680795232091
9752,152.93,19,43,82.6,0.2,19,0,0,0,1,1,0,3,1,1,1.8082007811342047
9753,152.97,49,167,231.6,0.2,51,0,0,0,0,0,1,6,2,6,1.339778927218031
9754,153.0,49,158,233.4,0.2,51,0,0,0,0,0,1,5,2,7,1.4425462607154078
9755,153.02,22,68,98.9,0.2,23,0,0,0,1,1,0,4,1,3,1.3585869817404845
9756,153.06,49,156,237.8,0.2,51,0,0,0,0,0,1,1,2,5,1.3845218793105658
9757,153.08,34,100,148.8,0.2,34,0,0,0,1,1,0,6,4,2,1.4401046849764714
9758,153.1,31,90,135.5,0.2,31,0,0,0,1,1,0,5,1,5,1.4968743666651798
9759,153.11,14,52,57.5,0.2,14,0,0,0,1,1,0,2,2,3,1.6945488313276011
9760,153.12,14,39,59.8,0.2,14,0,0,0,1,1,0,1,1,3,1.5589555702790368
9761,153.14,29,67,130.0,0.2,29,0,0,0,1,1,0,3,3,3,1.4693094818659544
9762,153.17,46,155,202.0,0.2,46,0,0,0,1,1,0,7,3,5,1.3382403229689517
9763,153.18,3,17,7.3,0.2,3,0,0,0,1,1,0,1,2,0,2.0770870145492686
9764,153.2,34,107,149.0,0.2,34,0,0,0,1,1,0,5,2,3,1.4712625933359533
9765,153.23,38,94,173.4,0.2,38,0,0,0,1,1,0,2,2,2,1.385200940342822
9766,153.24,20,49,86.7,0.2,20,0,0,0,1,1,0,3,3,4,1.6333082429251646
9767,153.24,11,26,43.2,0.2,11,0,0,0,1,1,0,4,1,2,2.247269329096906
9768,153.26,40,98,176.6,0.2,40,0,0,0,1,1,0,8,1,6,1.2988859551724292
9769,153.3,49,166,233.4,0.2,51,0,0,0,0,0,1,4,2,9,1.424487449869956
9770,153.32,30,81,134.4,0.2,30,0,0,0,1,1,0,2,2,5,1.6487212757250174
9771,153.33,9,21,36.8,0.2,9,0,0,0,1,1,0,1,1,1,2.197562728094444
9772,153.33,7,18,25.1,0.2,7,0,0,0,1,1,0,3,1,1,2.3415879692325867
9773,153.36,39,113,176.4,0.2,40,0,0,0,1,1,0,7,4,3,1.2249749097313891
9774,153.37,14,45,53.2,0.2,14,0,0,0,1,1,0,7,2,3,1.735854140396108
9775,153.37,1,5,-0.6,0.2,1,0,0,0,1,1,0,0,1,1,5.080656189834302
9776,153.41,49,187,227.8,0.2,51,0,0,0,0,0,1,8,2,4,1.3916226955726934
9777,153.42,16,45,73.4,0.2,17,0,0,0,1,1,0,2,2,1,1.495681695229949
9778,153.45,46,125,204.4,0.2,46,0,0,0,1,1,0,8,4,1,1.5766404885636576
9779,153.46,13,35,51.4,0.2,13,0,0,0,1,1,0,5,2,1,1.6664990628439007
9780,153.46,1,5,-0.6,0.2,1,0,0,0,1,1,0,0,1,1,4.666339839799761
9781,153.48,33,89,145.6,0.2,33,0,0,0,1,1,0,5,3,5,1.3819316907114305
9782,153.5,40,99,178.6,0.2,40,0,0,0,1,1,0,6,2,5,1.510589265342401
9783,153.51,2,11,0.9,0.2,2,0,0,0,1,1,0,3,1,0,2.9138411376992797
9784,153.51,2,8,3.2,0.2,2,0,0,0,1,1,0,1,1,0,3.407594054765615
9785,153.51,3,8,9.1,0.2,3,0,0,0,1,1,0,0,1,1,3.712167209197447
9786,153.54,50,152,227.3,0.2,50,0,0,0,0,0,1,7,4,4,1.3723891138055284
9787,153.56,26,66,115.3,0.2,26,0,0,0,1,1,0,3,4,1,1.450688012530004
9788,153.56,2,5,2.4,0.2,2,0,0,0,1,1,0,2,1,1,5.39466020814326
9789,153.56,1,5,3.5,0.2,2,0,0,0,1,1,0,1,1,0,5.8199758344107
9790,153.6,49,146,236.8,0.2,51,0,0,0,0,0,1,3,3,5,1.4838100836339378
9791,153.61,19,49,82.9,0.2,19,0,0,0,1,1,0,2,1,2,1.7135173482828403
9792,153.61,3,11,5.7,0.2,3,0,0,0,1,1,0,3,1,2,2.8854456649794336
9793,153.63,35,95,161.4,0.2,36,0,0,0,1,1,0,4,2,1,1.6323807677832185
9794,153.67,49,166,220.5,0.2,49,0,0,0,1,1,0,2,4,9,1.4241582430549222
9795,153.7,49,150,234.5,0.2,51,0,0,0,0,0,1,5,1,4,1.5256483368834268
9796,153.73,35,125,150.1,0.2,35,0,0,0,1,1,0,7,2,4,1.450219268677498
9797,153.76,49,140,236.4,0.2,51,0,0,0,0,0,1,4,2,5,1.6582834107542694
9798,153.77,18,45,79.4,0.2,18,0,0,0,1,1,0,1,1,1,1.983567515467856
9799,153.78,3,6,9.3,0.2,3,0,0,0,1,1,0,0,1,1,4.3469966872817976
9800,153.79,15,41,64.5,0.2,15,0,0,0,1,1,0,1,2,4,1.5024340720792044
9801,153.8,17,35,76.3,0.2,17,0,0,0,1,1,0,0,1,2,1.7469768906984022
9802,153.8,3,9,6.1,0.2,3,0,0,0,1,1,0,3,1,0,4.272972686370467
9803,153.81,25,49,113.0,0.2,25,0,0,0,1,1,0,2,3,1,1.5445604417470467
9804,153.83,23,77,97.0,0.2,23,0,0,0,1,1,0,5,2,3,1.6469341506280417
9805,153.86,44,138,197.7,0.2,44,0,0,0,1,1,0,3,2,5,1.387284325376352
9806,153.87,17,37,76.2,0.2,17,0,0,0,1,1,0,0,1,1,1.9390229122555704
9807,153.89,42,122,186.4,0.2,42,0,0,0,1,1,0,6,4,4,1.3082390503189945
9808,153.9,3,12,6.6,0.2,3,0,0,0,1,1,0,2,1,2,2.8220733203216923
9809,153.92,27,77,119.1,0.2,27,0,0,0,1,1,0,3,2,2,1.4766557743865967
9810,153.93,19,61,79.7,0.2,19,0,0,0,1,1,0,4,3,2,1.4567465368630694
9811,153.94,10,31,40.8,0.2,10,0,0,0,1,1,0,1,1,1,1.7091408918336355
9812,153.94,8,17,38.2,0.2,9,0,0,0,1,1,0,0,1,1,2.497322653919117
9813,153.95,11,33,42.7,0.2,11,0,0,0,1,1,0,4,2,0,1.8074549082836804
9814,153.96,9,27,36.0,0.2,9,0,0,0,1,1,0,1,1,3,1.7749694366237823
9815,153.97,18,51,74.7,0.2,18,0,0,0,1,1,0,5,2,2,1.6120077485838709
9816,153.98,24,52,107.7,0.2,24,0,0,0,1,1,0,2,2,1,1.5612513424154162
9817,153.99,5,14,16.6,0.2,5,0,0,0,1,1,0,2,2,0,2.741585527894341
9818,154.02,49,146,231.0,0.2,51,0,0,0,0,0,1,9,1,3,1.5677822356850104
9819,154.04,30,74,135.3,0.2,30,0,0,0,1,1,0,2,3,3,1.488540532155175
9820,154.04,7,21,24.8,0.2,7,0,0,0,1,1,0,3,1,1,1.9758000510115452
9821,154.06,15,53,60.3,0.2,15,0,0,0,1,1,0,4,2,4,1.4399450219564842
9822,154.08,37,91,169.6,0.2,37,0,0,0,1,1,0,1,2,3,1.6710009688456888
9823,154.09,17,47,72.3,0.2,17,0,0,0,1,1,0,3,2,0,1.7592165043355856
9824,154.11,31,99,131.7,0.2,31,0,0,0,1,1,0,8,4,4,1.400405449665546
9825,154.13,34,102,148.5,0.2,34,0,0,0,1,1,0,6,2,3,1.5906708855018243
9826,154.17,50,149,219.6,0.2,50,0,0,0,1,1,0,10,4,5,1.4431475546021537
9827,154.19,42,125,180.9,0.2,42,0,0,0,1,1,0,11,1,6,1.4245346930300204
9828,154.2,11,25,51.3,0.2,12,0,0,0,1,1,0,1,1,2,1.8395819964023412
9829,154.22,24,61,104.8,0.2,24,0,0,0,1,1,0,4,2,1,1.445912496212825
9830,154.25,49,155,232.6,0.2,51,0,0,0,0,0,1,6,2,8,1.3680230059574787
9831,154.25,1,7,-3.7,0.2,1,0,0,0,1,1,0,3,1,0,4.95956675085912
9832,154.26,1,14,-5.4,0.2,1,0,0,0,1,1,0,4,1,0,2.7951354632854586
9833,154.27,25,65,109.2,0.2,25,0,0,0,1,1,0,4,1,3,1.6132754381461303
9834,154.3,43,135,187.1,0.2,43,0,0,0,1,1,0,9,3,4,1.4764557013813253
9835,154.3,3,5,13.5,0.2,4,0,0,0,1,1,0,1,1,0,5.319204050792811
9836,154.31,9,23,35.4,0.2,9,0,0,0,1,1,0,2,1,3,1.7162993937073878
9837,154.34,49,140,239.8,0.2,51,0,0,0,0,0,1,1,3,1,1.4046141362241598
9838,154.35,14,34,60.6,0.2,14,0,0,0,1,1,0,1,3,0,1.63432394842064
9839,154.37,38,96,167.2,0.2,38,0,0,0,1,1,0,8,3,2,1.4133846691460317
9840,154.38,16,42,67.6,0.2,16,0,0,0,1,1,0,3,1,2,1.5067446751191331
9841,154.4,29,74,134.3,0.2,30,0,0,0,1,1,0,3,3,3,1.795487721227539
9842,154.42,39,105,175.2,0.2,39,0,0,0,1,1,0,4,2,3,1.4224441314821412
9843,154.44,23,53,102.3,0.2,23,0,0,0,1,1,0,2,3,4,1.4229241393488363
9844,154.45,32,88,142.0,0.2,32,0,0,0,1,1,0,4,3,2,1.3155687246540602
9845,154.47,30,77,132.1,0.2,30,0,0,0,1,1,0,5,1,2,1.5730338488201514
9846,154.48,11,28,47.1,0.2,11,0,0,0,1,1,0,0,1,1,1.8925869479863686
9847,154.49,26,62,114.4,0.2,26,0,0,0,1,1,0,4,1,4,1.6843844390431175
9848,154.51,18,60,71.4,0.2,18,0,0,0,1,1,0,7,2,6,1.1015581702785437
9849,154.54,50,157,224.8,0.2,50,0,0,0,1,1,0,4,4,5,1.4609299488950667
9850,154.55,12,38,48.0,0.2,12,0,0,0,1,1,0,3,3,2,1.5992219538963703
9851,154.58,40,117,179.2,0.2,40,0,0,0,1,1,0,4,4,1,1.4465868180783836
9852,154.61,49,142,234.3,0.2,51,0,0,0,0,0,1,6,2,4,1.6568896459353202
9853,154.64,43,119,191.9,0.2,43,0,0,0,1,1,0,6,3,2,1.3643910531403871
9854,154.66,37,101,166.2,0.2,37,0,0,0,1,1,0,3,2,7,1.4367258579677848
9855,154.66,8,21,32.7,0.2,8,0,0,0,1,1,0,0,2,2,2.485854586771243
9856,154.68,21,59,90.8,0.2,21,0,0,0,1,1,0,3,4,3,1.8364492887040031
9857,154.7,36,121,163.4,0.2,37,0,0,0,1,1,0,4,3,5,1.3297395106102123
9858,154.71,11,23,47.7,0.2,11,0,0,0,1,1,0,0,1,0,2.072627218093231
9859,154.74,42,143,181.0,0.2,42,0,0,0,1,1,0,9,6,7,1.2576678269502268
9860,154.75,20,56,85.2,0.2,20,0,0,0,1,1,0,4,2,2,1.3957727175530796
9861,154.75,3,5,9.5,0.2,3,0,0,0,1,1,0,0,1,0,5.289744544399634
9862,154.76,18,34,79.6,0.2,18,0,0,0,1,1,0,2,3,0,1.4845461770453137
9863,154.77,6,21,21.8,0.2,6,0,0,0,1,1,0,1,1,1,1.6738107907923436
9864,154.77,2,10,3.0,0.2,2,0,0,0,1,1,0,1,1,0,2.894757580624053
9865,154.8,49,145,218.2,0.2,49,0,0,0,1,1,0,7,3,3,1.299164353907201
9866,154.84,49,175,223.1,0.2,51,0,0,0,0,0,1,14,3,3,1.3094930418369573
9867,154.85,19,37,85.3,0.2,19,0,0,0,1,1,0,1,1,0,1.9803559842876437
9868,154.87,30,72,136.7,0.2,30,0,0,0,1,1,0,1,4,1,1.5558298758618112
9869,154.88,16,34,70.6,0.2,16,0,0,0,1,1,0,1,2,0,2.0618021837322433
9870,154.91,49,154,218.0,0.2,49,0,0,0,1,1,0,6,3,6,1.3651710948199436
9871,154.93,34,88,149.9,0.2,34,0,0,0,1,1,0,6,3,3,1.705552701495218
9872,154.93,1,5,-2.5,0.2,1,0,0,0,1,1,0,2,1,0,5.244443481466454
9873,154.95,27,78,116.0,0.2,27,0,0,0,1,1,0,6,2,2,1.461221327255843
9874,154.95,2,12,1.7,0.2,2,0,0,0,1,1,0,2,1,1,2.6814740082928714
9875,154.98,44,142,191.1,0.2,44,0,0,0,1,1,0,9,5,7,1.3272685089673233
9876,154.98,2,6,2.4,0.2,2,0,0,0,1,1,0,2,1,0,3.886890595683339
9877,154.99,22,54,96.4,0.2,22,0,0,0,1,1,0,3,1,2,1.68205096328368
9878,155.0,10,30,37.7,0.2,10,0,0,0,1,1,0,4,1,3,1.5317468705168729
9879,155.01,14,40,58.5,0.2,14,0,0,0,1,1,0,2,1,5,1.627998655003934
9880,155.01,2,11,0.8,0.2,2,0,0,0,1,1,0,3,1,1,2.947703263374557
9881,155.02,14,40,55.9,0.2,14,0,0,0,1,1,0,5,3,1,1.5872735532854232
9882,155.02,3,9,8.1,0.2,3,0,0,0,1,1,0,1,1,0,3.971802224096668
9883,155.03,11,36,40.4,0.2,11,0,0,0,1,1,0,6,4,0,1.7494393915229385
9884,155.04,22,47,96.2,0.2,22,0,0,0,1,1,0,4,1,1,1.5164954723435233
9885,155.05,12,40,52.8,0.2,13,0,0,0,1,1,0,3,2,2,1.6594029993859287
9886,155.07,27,75,119.0,0.2,27,0,0,0,1,1,0,3,2,5,1.579830498353736
9887,155.09,34,78,154.1,0.2,34,0,0,0,1,1,0,3,1,1,1.4890020077095292
9888,155.11,44,110,200.6,0.2,44,0,0,0,1,1,0,3,2,4,1.561332515278863
9889,155.13,23,72,98.4,0.2,23,0,0,0,1,1,0,4,2,4,1.6536742707415786
9890,155.14,26,50,117.7,0.2,26,0,0,0,1,1,0,2,1,3,1.8409167820688572
9891,155.15,12,37,48.3,0.2,12,0,0,0,1,1,0,3,3,0,1.5677845317570662
9892,155.16,16,39,69.0,0.2,16,0,0,0,1,1,0,2,1,1,1.3246937000676446
9893,155.17,29,68,132.1,0.2,30,0,0,0,1,1,0,6,3,1,1.5345617962161906
9894,155.19,21,51,90.6,0.2,21,0,0,0,1,1,0,4,1,3,1.870483062018086
9895,155.2,23,56,100.3,0.2,23,0,0,0,1,1,0,4,1,1,1.5924975933249395
9896,155.23,49,166,230.5,0.2,51,0,0,0,0,0,1,7,3,8,1.4872522229657406
9897,155.25,18,65,74.2,0.2,18,0,0,0,1,1,0,4,4,3,1.3184940175218927
9898,155.28,49,139,235.5,0.2,51,0,0,0,0,0,1,5,1,5,1.5445324373700764
9899,155.29,17,44,74.4,0.2,17,0,0,0,1,1,0,1,1,2,1.7406394559066778
9900,155.3,17,48,70.9,0.2,17,0,0,0,1,1,0,4,2,3,1.8491847082940378
9901,155.31,17,42,75.8,0.2,17,0,0,0,1,1,0,0,2,0,1.539917157726577
9902,155.31,8,26,29.3,0.2,8,0,0,0,1,1,0,3,1,1,1.9092100023456595
9903,155.32,8,23,36.6,0.2,9,0,0,0,1,1,0,1,2,1,2.346374258225802
9904,155.32,3,11,5.9,0.2,3,0,0,0,1,1,0,3,1,0,2.851122731672034
9905,155.33,6,17,22.2,0.2,6,0,0,0,1,1,0,1,1,1,1.9385385889467022
9906,155.35,49,153,232.3,0.2,51,0,0,0,0,0,1,7,0,3,1.5763093727175186
9907,155.36,17,40,72.0,0.2,17,0,0,0,1,1,0,4,1,0,1.7669098764903182
9908,155.37,16,36,69.2,0.2,16,0,0,0,1,1,0,2,1,2,1.9562849035797987
9909,155.41,49,170,228.3,0.2,51,0,0,0,0,0,1,9,1,6,1.4242594639972928
9910,155.41,8,24,29.6,0.2,8,0,0,0,1,1,0,3,2,0,2.6315669185037
9911,155.42,17,56,73.3,0.2,17,0,0,0,1,1,0,1,2,1,1.5349071923468915
9912,155.45,43,119,191.7,0.2,43,0,0,0,1,1,0,6,1,4,1.4923576518341914
9913,155.47,36,114,156.9,0.2,36,0,0,0,1,1,0,6,5,7,1.231124472251545
9914,155.49,27,86,115.8,0.2,27,0,0,0,1,1,0,5,3,6,1.3683068415884811
9915,155.5,4,11,13.9,0.2,4,0,0,0,1,1,0,0,1,0,2.8149435890757206
9916,155.51,20,56,86.9,0.2,20,0,0,0,1,1,0,2,1,5,1.5688624848018211
9917,155.53,37,97,164.5,0.2,37,0,0,0,1,1,0,5,2,8,1.4465294513750995
9918,155.53,2,9,3.0,0.2,2,0,0,0,1,1,0,1,1,1,2.96214821318557
9919,155.56,28,99,118.6,0.2,28,0,0,0,1,1,0,6,2,5,1.3807012632888396
9920,155.57,27,76,113.2,0.2,27,0,0,0,1,1,0,9,2,2,1.537819234929747
9921,155.6,38,99,167.8,0.2,38,0,0,0,1,1,0,7,3,3,1.3420558707062762
9922,155.6,15,35,63.4,0.2,15,0,0,0,1,1,0,3,1,1,1.925071150600911
9923,155.63,44,134,195.2,0.2,44,0,0,0,1,1,0,6,4,4,1.5004854910069132
9924,155.66,49,162,233.5,0.2,51,0,0,0,0,0,1,5,2,2,1.5523649255279068
9925,155.67,2,11,2.9,0.2,2,0,0,0,1,1,0,1,1,0,3.0156204020301463
9926,155.67,8,22,30.8,0.2,8,0,0,0,1,1,0,2,1,0,1.909034346915246
9927,155.69,40,104,179.6,0.2,40,0,0,0,1,1,0,5,3,0,1.423534394234653
9928,155.69,2,5,3.5,0.2,2,0,0,0,1,1,0,1,1,0,4.3136632151406475
9929,155.71,22,68,93.9,0.2,22,0,0,0,1,1,0,4,3,3,1.5561998693865697
9930,155.74,50,159,222.5,0.2,50,0,0,0,1,1,0,6,4,6,1.4198769028972098
9931,155.75,22,55,96.3,0.2,22,0,0,0,1,1,0,3,2,2,1.6229593569779264
9932,155.77,48,133,210.4,0.2,48,0,0,0,1,1,0,11,4,3,1.4364336960624748
9933,155.78,15,43,63.6,0.2,15,0,0,0,1,1,0,2,2,1,1.6861402160165606
9934,155.79,10,31,43.9,0.2,11,0,0,0,1,1,0,3,2,0,2.1405810475286144
9935,155.8,28,87,120.1,0.2,28,0,0,0,1,1,0,6,5,2,1.4188086608759258
9936,155.82,17,44,73.5,0.2,17,0,0,0,1,1,0,2,1,1,1.499337995282646
9937,155.83,31,80,146.3,0.2,32,0,0,0,1,1,0,0,2,7,1.4091934099141379
9938,155.87,49,168,230.4,0.2,51,0,0,0,0,0,1,7,2,7,1.5923972281999945
9939,155.88,12,33,48.7,0.2,12,0,0,0,1,1,0,3,2,0,1.5063451173201983
9940,155.89,26,68,120.0,0.2,27,0,0,0,1,1,0,3,4,2,1.434825384811724
9941,155.9,28,68,122.9,0.2,28,0,0,0,1,1,0,5,4,3,1.441034198041229
9942,155.91,11,44,40.2,0.2,11,0,0,0,1,1,0,5,2,4,1.5379794037200234
9943,155.94,49,151,232.6,0.2,51,0,0,0,0,0,1,7,2,2,1.4293603503089687
9944,155.96,29,89,127.6,0.2,29,0,0,0,1,1,0,3,1,5,1.4586731024006645
9945,155.99,41,122,179.7,0.2,41,0,0,0,1,1,0,8,5,1,1.2658025931234915
9946,156.02,49,160,217.4,0.2,49,0,0,0,1,1,0,6,2,6,1.4578278524520119
9947,156.03,25,64,112.6,0.2,25,0,0,0,1,1,0,1,1,0,1.6838657939855097
9948,156.05,29,71,125.7,0.2,29,0,0,0,1,1,0,7,1,2,1.583610937669803
9949,156.06,29,87,127.8,0.2,29,0,0,0,1,1,0,3,2,5,1.3079103970236503
9950,156.07,15,43,62.5,0.2,15,0,0,0,1,1,0,3,2,2,1.6193472562445865
9951,156.08,4,16,11.3,0.2,4,0,0,0,1,1,0,2,2,1,2.077863539561739
9952,156.1,23,86,94.1,0.2,23,0,0,0,1,1,0,7,4,3,1.4067557734434002
9953,156.1,7,24,24.5,0.2,7,0,0,0,1,1,0,3,1,1,2.027559487127901
9954,156.11,22,58,97.9,0.2,22,0,0,0,1,1,0,1,1,3,1.6581575376688558
9955,156.15,49,160,233.6,0.2,51,0,0,0,0,0,1,5,2,3,1.4572811383855342
9956,156.16,7,19,24.0,0.2,7,0,0,0,1,1,0,4,1,1,2.4947494135182398
9957,156.19,43,125,185.9,0.2,43,0,0,0,1,1,0,11,4,6,1.390818582066894
9958,156.2,21,49,94.9,0.2,21,0,0,0,1,1,0,0,2,2,1.7620247300452507
9959,156.21,14,36,58.3,0.2,14,0,0,0,1,1,0,3,2,1,1.9130133418101114
9960,156.22,5,13,17.6,0.2,5,0,0,0,1,1,0,1,1,1,2.946408769325415
9961,156.22,5,15,16.4,0.2,5,0,0,0,1,1,0,2,1,1,2.514847709962637
9962,156.24,14,45,61.2,0.2,15,0,0,0,1,1,0,4,2,3,1.637209889085997
9963,156.24,3,5,8.5,0.2,3,0,0,0,1,1,0,1,1,0,5.960613334913021
9964,156.26,34,94,149.6,0.2,34,0,0,0,1,1,0,6,2,0,1.359376312466578
9965,156.27,13,35,55.3,0.2,13,0,0,0,1,1,0,1,2,2,1.8225098134159292
9966,156.27,1,5,3.5,0.2,2,0,0,0,1,1,0,1,1,0,4.589934411860076
9967,156.31,49,181,224.6,0.2,51,0,0,0,0,0,1,11,7,12,1.4211655168981683
9968,156.31,9,31,28.6,0.2,9,0,0,0,1,1,0,8,1,3,1.7385337144812367
9969,156.32,17,38,72.2,0.2,17,0,0,0,1,1,0,4,2,0,1.5516796528593717
9970,156.33,14,35,58.5,0.2,14,0,0,0,1,1,0,3,2,0,1.6584242494050383
9971,156.33,2,5,3.3,0.2,2,0,0,0,1,1,0,1,1,2,4.754156805897579
9972,156.35,35,93,155.4,0.2,35,0,0,0,1,1,0,5,3,3,1.3315578850957035
9973,156.36,1,6,-0.6,0.2,1,0,0,0,1,1,0,0,1,0,5.244168431319417
9974,156.38,32,90,141.9,0.2,32,0,0,0,1,1,0,4,3,1,1.5641047888807011
9975,156.39,29,73,128.6,0.2,29,0,0,0,1,1,0,4,3,1,1.5735105435186598
9976,156.41,28,72,120.5,0.2,28,0,0,0,1,1,0,7,1,3,1.2998289775552416
9977,156.41,10,28,38.1,0.2,10,0,0,0,1,1,0,4,1,1,2.0742310771190433
9978,156.44,36,105,159.1,0.2,36,0,0,0,1,1,0,5,4,4,1.4668441864146728
9979,156.46,37,113,162.4,0.2,37,0,0,0,1,1,0,6,1,3,1.2835089626906588
9980,156.48,26,59,116.8,0.2,26,0,0,0,1,1,0,2,1,3,1.5634163084101549
9981,156.51,48,140,211.7,0.2,48,0,0,0,1,1,0,9,3,3,1.4652236881752252
9982,156.52,15,41,64.7,0.2,15,0,0,0,1,1,0,1,2,2,1.640155558618026
9983,156.52,3,5,9.5,0.2,3,0,0,0,1,1,0,0,1,0,5.972434768599755
9984,156.54,43,125,188.3,0.2,43,0,0,0,1,1,0,9,2,2,1.267662358269066
9985,156.55,7,19,27.9,0.2,7,0,0,0,1,1,0,0,1,2,2.4090983596746893
9986,156.56,10,25,42.5,0.2,10,0,0,0,1,1,0,0,1,0,2.104044678245582
9987,156.57,26,71,112.7,0.2,26,0,0,0,1,1,0,5,2,2,1.3349701402273382
9988,156.6,49,153,233.9,0.2,51,0,0,0,0,0,1,5,4,7,1.5285839522029376
9989,156.61,14,50,56.9,0.2,14,0,0,0,1,1,0,3,4,1,1.5130808167449
9990,156.62,2,13,5.6,0.2,3,0,0,0,1,1,0,3,1,1,3.0232244092019793
9991,156.65,49,150,232.3,0.2,51,0,0,0,0,0,1,7,3,6,1.693516940282896
9992,156.65,6,18,19.2,0.2,6,0,0,0,1,1,0,4,1,0,2.579158652197865
9993,156.66,16,39,70.0,0.2,16,0,0,0,1,1,0,1,1,1,2.001661340310577
9994,156.67,13,38,51.9,0.2,13,0,0,0,1,1,0,4,1,3,1.6989922623525107
9995,156.68,7,17,28.2,0.2,7,0,0,0,1,1,0,0,1,1,2.4620344720800733
9996,156.71,49,184,223.5,0.2,51,0,0,0,0,0,1,12,4,10,1.3477753282693967
9997,156.71,3,7,9.3,0.2,3,0,0,0,1,1,0,0,1,0,3.780965038252194
9998,156.72,12,32,55.8,0.2,13,0,0,0,1,1,0,1,2,0,1.566380577464991
9999,156.73,20,51,87.8,0.2,20,0,0,0,1,1,0,2,2,1,1.3703646710032757
10000,156.77,49,162,213.5,0.2,49,0,0,0,1,1,0,10,7,3,1.196933118544298
