episode,wall_clock_s,score,steps,reward,epsilon,COIN_COLLECTED,CRATE_DESTROYED,COIN_FOUND,KILLED_OPPONENT,KILLED_SELF,GOT_KILLED,SURVIVED_ROUND,INVALID_ACTION,BOMB_DROPPED,WAITED,mean_loss,buffer_size
1,1.04,6,400,-4.604,0.05,1,47,4,1,0,0,1,1,28,157,nan,400
2,1.09,0,19,-4.366,0.05,0,9,0,0,1,1,0,0,3,2,nan,419
3,1.12,0,20,-3.824,0.05,0,11,1,0,1,1,0,0,3,7,nan,439
4,1.26,0,62,-1.126,0.05,0,28,0,0,0,1,0,0,8,11,nan,501
5,1.42,1,72,1.268,0.05,1,33,2,0,1,1,0,0,7,12,nan,573
6,1.51,2,40,0.712,0.05,2,20,2,0,1,1,0,0,4,10,nan,613
7,1.79,3,116,2.076,0.05,3,34,4,0,1,1,0,0,15,23,nan,729
8,1.8,0,6,-5.44,0.05,0,3,0,0,1,1,0,0,1,1,nan,735
9,2.04,2,108,3.104,0.05,2,41,3,0,1,1,0,0,13,16,nan,843
10,2.06,0,7,-4.882,0.05,0,5,1,0,1,1,0,0,1,1,nan,850
11,2.21,1,67,3.074,0.05,1,38,4,0,1,1,0,0,8,10,nan,917
12,2.28,1,28,-0.988,0.05,1,17,2,0,1,1,0,0,4,1,nan,945
13,2.45,3,86,4.634,0.05,3,37,4,0,1,1,0,0,9,10,nan,1031
14,2.5,0,23,-4.606,0.05,0,9,0,0,1,1,0,0,3,5,nan,1054
15,2.59,0,38,-1.876,0.05,0,21,1,0,1,1,0,0,5,7,nan,1092
16,2.63,0,18,-4.034,0.05,0,10,1,0,1,1,0,0,2,2,nan,1110
17,2.76,1,60,0.784,0.05,1,29,2,0,1,1,0,0,8,6,nan,1170
18,2.81,0,23,-4.614,0.05,0,9,1,0,1,1,0,0,3,5,nan,1193
19,2.83,0,7,-4.882,0.05,0,5,0,0,1,1,0,0,1,1,nan,1200
20,3.14,3,144,5.13,0.05,3,53,7,0,1,1,0,1,17,14,nan,1344
21,3.61,1,216,-2.246,0.05,1,49,0,0,1,1,0,0,23,27,nan,1560
22,3.64,0,18,-4.622,0.05,0,8,1,0,1,1,0,0,2,1,nan,1578
23,3.88,1,99,2.126,0.05,1,41,2,0,0,1,0,0,13,20,nan,1677
24,4.67,3,289,-8.724,0.05,3,41,4,0,1,1,0,3,33,59,nan,1966
25,4.79,0,54,-0.41,0.05,0,29,1,0,1,1,0,0,5,6,nan,2020
26,5.22,6,191,2.432,0.05,1,43,3,1,1,1,0,0,24,25,nan,2211
27,5.56,8,135,11.278,0.05,3,55,3,1,1,1,0,1,15,19,nan,2346
28,6.68,3,395,-10.822,0.05,3,45,5,0,1,1,0,0,37,58,nan,2741
29,6.83,1,66,1.602,0.05,1,33,1,0,1,1,0,0,7,12,nan,2807
30,6.93,1,44,-0.436,0.05,1,22,2,0,1,1,0,0,5,8,nan,2851
31,6.94,0,7,-5.182,0.05,0,4,0,0,1,1,0,0,1,1,nan,2858
32,6.99,0,25,-3.864,0.05,0,12,0,0,1,1,0,0,3,8,nan,2883
33,7.2,3,93,8.516,0.05,3,51,3,0,0,1,0,0,12,15,nan,2976
34,7.6,1,160,-0.124,0.05,1,45,1,0,1,1,0,0,19,23,nan,3136
35,7.7,0,43,-4.95,0.05,0,15,1,0,1,1,0,1,5,10,nan,3179
36,8.17,1,190,-5.996,0.05,1,35,2,0,0,1,0,1,19,25,nan,3369
37,8.83,8,400,-4.964,0.05,3,33,2,1,0,0,1,1,28,32,nan,3769
38,8.84,0,7,-5.482,0.05,0,3,0,0,1,1,0,0,1,1,nan,3776
39,9.04,6,87,9.72,0.05,6,39,5,0,1,1,0,0,11,12,nan,3863
40,9.12,0,36,-2.04,0.05,0,20,1,0,1,1,0,0,5,8,nan,3899
41,9.44,8,126,4.598,0.05,3,31,2,1,1,1,0,1,16,19,nan,4025
42,10.56,3,400,-5.676,0.05,3,44,2,0,0,0,1,0,26,206,nan,4425
43,10.57,0,7,-5.492,0.05,0,3,1,0,1,1,0,0,1,2,nan,4432
44,10.61,0,21,-4.474,0.05,0,9,0,0,1,1,0,0,3,5,nan,4453
45,11.16,1,235,-8.858,0.05,1,37,2,0,1,1,0,2,25,43,nan,4688
46,11.84,1,255,-7.356,0.05,1,46,1,0,1,1,0,2,29,44,nan,4943
47,11.92,1,40,-1.096,0.05,1,19,2,0,1,1,0,0,5,8,nan,4983
48,14.51,2,194,-3.318,0.05,2,40,2,0,1,1,0,1,20,46,0.04668900417163968,5177
49,16.08,4,111,1.688,0.05,4,30,3,0,1,1,0,1,14,16,0.040574936254940054,5288
50,16.96,2,62,1.51,0.05,2,27,4,0,0,1,0,0,8,12,0.04466884817567564,5350
51,17.18,0,16,-5.394,0.05,0,5,0,0,1,1,0,0,2,4,0.03496331337373704,5366
52,18.79,4,118,2.302,0.05,4,34,4,0,1,1,0,1,14,23,0.04342230297309362,5484
53,19.12,0,23,-3.406,0.05,0,13,0,0,1,1,0,0,3,4,0.02883702808100244,5507
54,19.64,0,37,-2.38,0.05,0,19,0,0,1,1,0,0,5,5,0.04274429408581676,5544
55,22.09,2,171,0.434,0.05,2,44,3,0,1,1,0,0,22,21,0.043667771199946866,5715
56,25.89,2,262,-7.722,0.05,2,41,3,0,1,1,0,2,27,64,0.04415233216056501,5977
57,32.02,4,400,-9.394,0.05,4,29,4,0,0,0,1,0,23,69,0.042044956188183276,6377
58,32.73,0,46,-1.74,0.05,0,23,1,0,1,1,0,0,6,10,0.03672444387136594,6423
59,33.54,0,59,-0.964,0.05,0,28,3,0,1,1,0,0,8,11,0.03897714251810211,6482
60,34.23,0,50,-1.324,0.05,0,25,2,0,1,1,0,0,7,11,0.03798914231359959,6532
61,36.04,4,126,2.908,0.05,4,34,5,0,1,1,0,0,12,19,0.03804621274124772,6658
62,37.6,4,110,3.124,0.05,4,38,4,0,1,1,0,2,14,24,0.035537793089381674,6768
63,39.25,1,116,2.044,0.05,1,44,4,0,1,1,0,0,13,19,0.03845927173046973,6884
64,39.78,0,38,-2.76,0.05,0,18,1,0,1,1,0,0,5,8,0.03699609551480726,6922
65,40.08,0,22,-4.296,0.05,0,10,0,0,1,1,0,0,3,7,0.02657227861610326,6944
66,40.93,0,60,-1.122,0.05,0,28,2,0,1,1,0,0,7,10,0.03546594143845141,7004
67,42.19,2,89,-1.922,0.05,2,27,0,0,1,1,0,2,11,17,0.0347415664013517,7093
68,43.88,3,121,-1.16,0.05,3,24,3,0,0,1,0,0,15,30,0.04144633556754628,7214
69,44.96,2,75,1.084,0.05,2,28,1,0,0,1,0,0,9,12,0.0392771944279472,7289
70,47.49,6,178,5.198,0.05,6,42,4,0,1,1,0,0,15,15,0.039638991614154885,7467
71,48.52,2,69,-0.108,0.05,2,23,2,0,1,1,0,0,5,30,0.04127059867470593,7536
72,48.9,0,28,-4.288,0.05,0,11,0,0,1,1,0,0,4,6,0.04834073609007256,7564
73,49.32,1,30,-2.278,0.05,1,13,1,0,1,1,0,0,4,6,0.03786678149675329,7594
74,49.82,2,36,-0.546,0.05,2,15,3,0,1,1,0,0,4,6,0.044349087247004114,7630
75,51.31,3,105,1.366,0.05,3,33,0,0,1,1,0,1,11,12,0.05289953176286959,7735
76,52.97,4,115,3.804,0.05,4,38,3,0,1,1,0,1,14,18,0.04205094830983359,7850
77,56.08,1,217,-3.732,0.05,1,44,4,0,1,1,0,0,23,48,0.041550188033502494,8067
78,57.21,2,79,3.602,0.05,2,37,2,0,1,1,0,0,10,12,0.045750978603204595,8146
79,59.05,1,132,2.33,0.05,1,48,2,0,1,1,0,0,16,28,0.04636489468711344,8278
80,59.33,0,20,-3.824,0.05,0,11,1,0,1,1,0,0,3,6,0.03502029231749475,8298
81,60.86,7,107,9.126,0.05,7,36,4,0,1,1,0,0,12,16,0.044388822802107465,8405
82,61.85,1,70,0.542,0.05,1,30,1,0,1,1,0,0,9,21,0.04316079951822758,8475
83,67.6,1,400,-8.2,0.05,1,45,2,0,0,0,1,0,37,120,0.04287406127434224,8875
84,71.21,3,259,-2.252,0.05,3,48,6,0,1,1,0,0,26,32,0.042414338712699166,9134
85,71.82,1,43,-0.032,0.05,1,23,2,0,1,1,0,0,6,8,0.04256322397308987,9177
86,73.33,10,108,13.228,0.05,5,43,7,1,1,1,0,0,12,14,0.04222699455675428,9285
87,74.54,3,86,2.762,0.05,3,31,2,0,1,1,0,0,10,20,0.03316014610924,9371
88,75.32,0,56,-0.232,0.05,0,30,1,0,1,1,0,0,7,7,0.03405093203764409,9427
89,77.82,5,172,2.772,0.05,5,37,5,0,1,1,0,0,22,34,0.04144808929955024,9599
90,80.89,4,217,-0.244,0.05,4,44,4,0,1,1,0,1,26,37,0.038363918868078065,9816
91,83.38,2,171,0.112,0.05,2,43,2,0,1,1,0,0,20,22,0.038303546972398524,9987
92,89.16,4,400,-5.044,0.05,4,40,3,0,0,0,1,0,43,100,0.03876637591049075,10387
93,90.28,2,79,2.31,0.05,2,36,2,0,1,1,0,1,10,9,0.04034570417119355,10466
94,91.26,0,69,-2.1,0.05,0,26,1,0,0,1,0,0,10,11,0.04165557699035043,10535
95,94.31,8,219,2.624,0.05,3,39,3,1,0,1,0,0,23,48,0.042926449213840374,10754
96,98.86,2,311,-10.6,0.05,2,41,3,0,0,1,0,2,29,71,0.036846661946206234,11065
97,101.46,3,182,1.152,0.05,3,44,3,0,1,1,0,0,21,41,0.03696858079510403,11247
98,101.89,0,26,-6.004,0.05,0,5,0,0,1,1,0,0,2,2,0.03832736052572727,11273
99,102.8,1,64,1.052,0.05,1,34,2,0,1,1,0,1,9,13,0.03909233876038343,11337
100,105.28,1,178,-6.142,0.05,1,29,3,0,1,1,0,0,13,72,0.03209673119133359,11515
101,106.33,1,74,0.564,0.05,1,31,2,0,1,1,0,0,9,14,0.03911955346277839,11589
102,111.04,2,328,-9.118,0.05,2,43,3,0,1,1,0,0,29,111,0.035393723733893524,11917
103,114.41,4,242,6.908,0.05,4,73,7,0,1,1,0,1,24,22,0.039343734510427664,12159
104,114.5,0,6,-5.432,0.05,0,3,0,0,1,1,0,0,1,1,0.026526904354492824,12165
105,115.87,3,97,3.66,0.05,3,36,4,0,1,1,0,0,11,21,0.03270601359263216,12262
106,116.41,0,38,-3.07,0.05,0,17,1,0,1,1,0,0,5,7,0.03744490675039982,12300
107,121.2,1,332,-17.32,0.05,1,31,0,0,1,1,0,3,32,81,0.035477306727454604,12632
108,121.71,1,31,-2.066,0.05,1,14,1,0,1,1,0,0,4,7,0.04346963381695171,12663
109,122.67,2,68,5.096,0.05,2,40,4,0,1,1,0,0,9,9,0.036704097299233955,12731
110,123.35,1,48,-0.352,0.05,1,23,3,0,1,1,0,0,6,6,0.03317585901822895,12779
111,123.83,0,35,-4.688,0.05,0,11,1,0,1,1,0,0,5,7,0.029878892536674227,12814
112,125.18,3,95,0.974,0.05,3,27,3,0,1,1,0,0,8,28,0.03517933545242015,12909
113,130.93,7,400,-7.976,0.05,2,31,1,1,0,0,1,2,37,108,0.034130865281913426,13309
114,132.52,3,113,0.004,0.05,3,30,4,0,0,1,0,1,12,18,0.04114072406417237,13422
115,132.63,0,8,-5.552,0.05,0,3,0,0,1,1,0,0,1,1,0.033682536566630006,13430
116,136.7,6,288,-2.58,0.05,1,48,1,1,1,1,0,1,33,50,0.03674300266235756,13718
117,138.71,1,143,-3.802,0.05,1,30,2,0,1,1,0,0,15,24,0.03810505918715592,13861
118,142.16,2,244,-7.868,0.05,2,34,2,0,1,1,0,1,25,35,0.035919316401170784,14105
119,145.18,8,218,0.21,0.05,3,41,3,1,1,1,0,3,20,37,0.033817425716258245,14323
120,146.38,1,85,-1.522,0.05,1,27,3,0,1,1,0,0,10,17,0.037202879622140354,14408
121,147.6,4,86,2.464,0.05,4,28,3,0,1,1,0,1,8,10,0.03731384328674785,14494
122,147.7,0,7,-5.482,0.05,0,3,0,0,1,1,0,0,1,3,0.05716304454420294,14501
123,148.5,3,57,3.928,0.05,3,29,3,0,1,1,0,0,7,5,0.032781539305129594,14558
124,151.01,2,177,-2.416,0.05,2,40,1,0,0,1,0,1,16,64,0.0488950930414774,14735
125,151.11,0,7,-5.492,0.05,0,3,0,0,1,1,0,0,1,2,0.032787769101560116,14742
126,152.22,2,77,2.53,0.05,2,33,2,0,1,1,0,0,10,14,0.04348566891117529,14819
127,154.54,8,168,5.384,0.05,3,42,3,1,1,1,0,1,18,35,0.039711957320659644,14987
128,155.77,1,87,1.922,0.05,1,38,2,0,1,1,0,0,11,13,0.03710903729387056,15074
129,156.67,1,63,-1.722,0.05,1,28,4,0,1,1,0,2,6,10,0.03847052628499648,15137
130,156.97,0,21,-4.166,0.05,0,10,1,0,1,1,0,0,3,5,0.05047386654076122,15158
131,157.47,0,36,-2.648,0.05,0,18,3,0,1,1,0,0,5,5,0.03990930564598077,15194
132,158.17,2,49,2.016,0.05,2,26,2,0,1,1,0,0,7,9,0.0384005125497981,15243
133,159.02,2,61,1.636,0.05,2,27,4,0,1,1,0,0,8,13,0.0477944296235066,15304
134,159.64,1,44,-2.162,0.05,1,16,2,0,1,1,0,0,6,8,0.03757643845694309,15348
135,161.04,4,98,4.906,0.05,4,35,4,0,1,1,0,0,12,12,0.037583834871801794,15446
136,166.87,3,400,-4.296,0.05,3,48,2,0,0,0,1,0,33,175,0.04086379388929345,15846
137,167.6,1,52,0.366,0.05,1,26,2,0,1,1,0,0,7,13,0.04549216425332885,15898
138,168.24,1,45,-1.078,0.05,1,20,2,0,1,1,0,0,6,9,0.045385648351576595,15943
139,168.8,3,41,3.05,0.05,3,23,4,0,1,1,0,0,5,3,0.042732892535263446,15984
140,172.43,8,255,-0.654,0.05,3,38,2,1,1,1,0,1,29,47,0.03635637953731359,16239
141,172.71,0,20,-4.106,0.05,0,10,0,0,1,1,0,0,3,9,0.04588295063003898,16259
142,172.98,1,20,-2.934,0.05,1,9,2,0,1,1,0,0,3,6,0.04648159998469055,16279
143,173.89,0,65,-2.214,0.05,0,25,0,0,1,1,0,0,8,15,0.04092425873073248,16344
144,173.98,0,7,-4.582,0.05,0,6,0,0,1,1,0,0,1,2,0.02930501416059477,16351
145,175.21,3,87,1.132,0.05,3,32,2,0,1,1,0,2,10,14,0.03974382502786901,16438
146,175.58,0,26,-1.776,0.05,0,19,2,0,1,1,0,0,4,4,0.049571551382541656,16464
147,181.38,3,400,-6.24,0.05,3,42,3,0,0,0,1,0,30,159,0.03480404480593279,16864
148,186.48,2,370,-9.45,0.05,2,43,2,0,0,0,1,4,33,58,0.03974150960912576,17234
149,186.59,0,6,-5.422,0.05,0,3,0,0,1,1,0,0,1,4,0.04607643218090137,17240
150,192.18,1,387,-13.968,0.05,1,43,0,0,1,1,0,0,40,124,0.038109774978046886,17627
151,192.92,1,52,-0.392,0.05,1,27,2,0,1,1,0,1,6,9,0.0333585781403459,17679
152,193.2,0,20,-5.032,0.05,0,7,0,0,1,1,0,0,3,5,0.046083556255325675,17699
153,193.61,0,29,-2.528,0.05,0,17,0,0,1,1,0,0,4,6,0.028422278898029493,17728
154,194.64,3,74,6.03,0.05,3,39,3,0,1,1,0,0,10,8,0.033883250972910506,17802
155,196.05,2,99,5.468,0.05,2,47,3,0,1,1,0,0,11,15,0.04437823152414175,17901
156,199.11,2,217,-4.122,0.05,2,38,1,0,1,1,0,0,21,40,0.03539762354546016,18118
157,200.78,1,116,3.912,0.05,1,50,4,0,0,1,0,0,15,22,0.04308668279956127,18234
158,201.74,5,68,3.806,0.05,0,29,1,1,1,1,0,0,8,16,0.03838397318716435,18302
159,203.11,7,96,10.314,0.05,2,46,2,1,1,1,0,0,12,16,0.04373288462132526,18398
160,204.26,3,83,3.662,0.05,3,33,4,0,1,1,0,0,10,23,0.04359100781470896,18481
161,206.01,3,125,0.34,0.05,3,30,1,0,1,1,0,0,13,19,0.04283656832575798,18606
162,207.28,3,89,4.79,0.05,3,38,2,0,1,1,0,0,10,9,0.03900869564268361,18695
163,209.31,2,145,2.82,0.05,2,47,2,0,0,1,0,0,17,30,0.03555534478790801,18840
164,209.49,0,13,-5.214,0.05,0,5,1,0,1,1,0,0,2,4,0.04191680274044092,18853
165,213.12,3,253,-3.824,0.05,3,41,3,0,1,1,0,0,23,95,0.04323058609994268,19106
166,213.84,3,52,0.84,0.05,3,21,3,0,1,1,0,1,6,8,0.04039921382298836,19158
167,214.6,1,54,-2.512,0.05,1,17,1,0,1,1,0,0,6,9,0.04125475551484636,19212
168,217.57,1,205,-2.782,0.05,1,45,2,0,1,1,0,0,22,59,0.039756066915465564,19417
169,218.2,0,45,-1.36,0.05,0,24,0,0,1,1,0,0,6,5,0.04951704864700635,19462
170,224.06,0,400,-12.55,0.05,0,43,0,0,0,0,1,2,24,180,0.04044191883178428,19862
171,224.14,0,6,-5.422,0.05,0,3,0,0,1,1,0,0,1,3,0.032975196527938046,19868
172,225.25,0,78,-1.044,0.05,0,32,1,0,1,1,0,0,9,18,0.04222706233700498,19946
173,226.47,3,86,9.504,0.05,3,53,3,0,0,1,0,0,11,13,0.043981684566757016,20032
174,228.85,4,171,1.61,0.05,4,38,5,0,1,1,0,0,21,23,0.03709004947926566,20203
175,228.93,0,6,-5.73,0.05,0,2,0,0,1,1,0,0,1,1,0.04406587562213341,20209
176,229.61,2,49,0.744,0.05,2,22,3,0,1,1,0,0,5,4,0.040086583234369755,20258
177,229.71,0,7,-4.882,0.05,0,5,0,0,1,1,0,0,1,2,0.050704127443688254,20265
178,232.21,3,171,-2.894,0.05,3,28,1,0,1,1,0,0,20,28,0.03689245932479525,20436
179,232.88,2,48,0.55,0.05,2,21,2,0,1,1,0,0,6,5,0.039130748463018485,20484
180,234.14,1,90,0.84,0.05,1,35,2,0,1,1,0,0,10,16,0.03910375102940533,20574
181,234.73,0,42,-3.6,0.05,0,16,2,0,1,1,0,0,5,8,0.035673705073783084,20616
182,235.33,2,42,0.6,0.05,2,20,3,0,1,1,0,0,5,5,0.038354159399334876,20658
183,241.15,1,400,-9.534,0.05,1,41,2,0,0,0,1,0,30,156,0.04250132631510496,21058
184,242.91,5,122,5.288,0.05,5,36,4,0,1,1,0,0,14,16,0.04023142178832996,21180
185,243.88,2,69,4.182,0.05,2,37,2,0,1,1,0,0,9,11,0.03930381213085375,21249
186,245.44,9,111,10.586,0.05,4,40,5,1,1,1,0,0,12,16,0.04419323702988861,21360
187,245.88,1,31,-2.666,0.05,1,12,1,0,1,1,0,0,3,5,0.043227388102921746,21391
188,246.72,1,59,0.264,0.05,1,27,1,0,1,1,0,0,8,14,0.03673630135165433,21450
189,252.73,11,400,4.608,0.05,1,54,3,2,0,0,1,0,40,61,0.04035530052846298,21850
190,254.09,3,94,4.51,0.05,3,38,4,0,1,1,0,0,11,12,0.03631680306205724,21944
191,254.37,1,20,-3.342,0.05,1,8,1,0,1,1,0,0,2,7,0.04741667443886399,21964
192,255.42,0,74,-0.398,0.05,0,36,2,0,0,1,0,1,10,10,0.040459573570940946,22038
193,256.47,1,73,0.576,0.05,1,34,1,0,1,1,0,1,9,14,0.04282497830229671,22111
194,258.41,6,135,2.506,0.05,1,40,1,1,1,1,0,2,15,28,0.0399841770046839,22246
195,258.71,0,21,-5.976,0.05,0,4,1,0,1,1,0,0,3,10,0.030521429542984282,22267
196,264.33,4,400,-8.402,0.05,4,39,3,0,0,0,1,3,38,76,0.04054926861077547,22667
197,267.66,3,229,-1.766,0.05,3,44,4,0,1,1,0,0,17,37,0.04091508112701396,22896
198,269.75,5,149,5.168,0.05,5,44,4,0,1,1,0,1,17,21,0.042926069308422354,23045
199,273.49,4,259,0.498,0.05,4,58,1,0,0,1,0,2,27,47,0.042229095614123295,23304
200,275.57,3,147,0.598,0.05,3,35,2,0,1,1,0,0,18,27,0.035262121977347904,23451
201,276.79,5,88,1.886,0.05,5,22,3,0,1,1,0,1,10,13,0.04314720809502019,23539
202,278.05,2,89,0.628,0.05,2,29,2,0,1,1,0,0,11,24,0.03898662104784103,23628
203,278.73,0,48,-2.74,0.05,0,20,2,0,1,1,0,0,6,12,0.04520408520086979,23676
204,279.21,0,36,-2.666,0.05,0,18,2,0,1,1,0,0,4,5,0.046160558186885386,23712
205,282.82,3,250,-5.854,0.05,3,40,3,0,1,1,0,2,27,54,0.04039052498154342,23962
206,282.91,0,6,-6.022,0.05,0,1,0,0,1,1,0,0,1,3,0.027073002730806667,23968
207,283.23,1,23,-2.506,0.05,1,11,1,0,1,1,0,0,3,6,0.034988931947104306,23991
208,283.74,1,36,-1.438,0.05,1,17,2,0,1,1,0,0,5,5,0.04865547145406405,24027
209,285.65,4,136,5.304,0.05,4,47,3,0,1,1,0,1,16,22,0.037784275009899455,24163
210,286.99,0,95,-0.642,0.05,0,36,4,0,1,1,0,0,12,18,0.04307425462297703,24258
211,287.8,2,57,2.12,0.05,2,28,2,0,1,1,0,0,6,11,0.03630649465087213,24315
212,287.9,0,7,-4.882,0.05,0,5,0,0,1,1,0,0,1,1,0.02141075488179922,24322
213,288.96,3,77,4.294,0.05,3,34,3,0,1,1,0,0,9,13,0.03279350272246769,24399
214,292.52,2,245,-2.434,0.05,2,49,4,0,1,1,0,0,24,44,0.04011089326243619,24644
215,293.22,1,50,-2.868,0.05,1,15,1,0,1,1,0,0,5,8,0.04696420337073505,24694
216,294.33,1,79,1.228,0.05,1,34,1,0,1,1,0,0,10,14,0.042123623510610456,24773
217,294.71,0,27,-4.508,0.05,0,10,0,0,1,1,0,0,4,5,0.046603639575618284,24800
218,295.44,1,52,-0.252,0.05,1,24,2,0,1,1,0,0,6,12,0.04649262805469334,24852
219,296.09,0,46,-0.222,0.05,0,28,0,0,1,1,0,0,6,7,0.04306185480369174,24898
220,296.27,0,13,-4.924,0.05,0,6,0,0,1,1,0,0,2,8,0.06593886798677537,24911
221,298.38,3,149,2.528,0.05,3,42,4,0,1,1,0,0,17,19,0.046714222552442314,25060
222,298.68,1,21,-3.284,0.05,1,8,2,0,1,1,0,0,3,5,0.04002156144096738,25081
223,300.05,4,99,2.898,0.05,4,32,5,0,1,1,0,1,11,21,0.05246514210834949,25180
224,301.75,4,120,5.732,0.05,4,42,4,0,1,1,0,0,14,22,0.04273602878674865,25300
225,302.65,2,64,0.228,0.05,2,23,2,0,1,1,0,0,7,7,0.043408153316704556,25364
226,302.74,0,7,-5.792,0.05,0,2,0,0,1,1,0,0,1,2,0.02399709980402674,25371
227,308.54,7,400,-1.506,0.05,7,38,8,0,0,0,1,0,26,186,0.04278220899403095,25771
228,310.66,5,151,4.456,0.05,5,39,4,0,1,1,0,0,14,21,0.04038494504642803,25922
229,312.85,2,151,-1.796,0.05,2,33,2,0,1,1,0,0,17,30,0.04059448842551337,26073
230,313.41,1,40,-0.16,0.05,1,22,2,0,1,1,0,0,5,8,0.04078915859572589,26113
231,315.23,1,129,-1.106,0.05,1,36,2,0,1,1,0,0,15,27,0.04022764925693357,26242
232,316.17,0,67,-0.578,0.05,0,31,1,0,1,1,0,0,9,6,0.04194345565707381,26309
233,321.9,3,400,-5.514,0.05,3,54,3,0,0,0,1,3,31,96,0.04110766015248373,26709
234,322.84,3,66,4.092,0.05,3,31,3,0,1,1,0,0,9,8,0.03921202114416343,26775
235,325.56,3,193,0.448,0.05,3,47,3,0,1,1,0,1,21,25,0.04197413356579029,26968
236,326.98,2,99,-1.5,0.05,2,24,1,0,1,1,0,0,11,16,0.03218540494715927,27067
237,327.59,2,43,2.34,0.05,2,26,2,0,1,1,0,0,5,8,0.04501927260655996,27110
238,327.79,0,15,-5.034,0.05,0,6,1,0,1,1,0,0,2,5,0.03745003299166759,27125
239,330.62,6,198,5.474,0.05,6,46,5,0,1,1,0,0,23,35,0.03928078240197566,27323
240,331.25,1,45,-0.472,0.05,1,22,4,0,1,1,0,0,6,12,0.05320556486646334,27368
241,333.47,1,154,0.212,0.05,1,45,2,0,1,1,0,0,17,46,0.03976454141900524,27522
242,333.89,0,30,-2.898,0.05,0,16,0,0,1,1,0,0,4,6,0.04135567561412851,27552
243,334.73,1,60,-0.124,0.05,1,26,1,0,1,1,0,0,8,10,0.04475515188338856,27612
244,338.96,4,293,-5.276,0.05,4,39,3,0,0,1,0,0,27,88,0.04147426278327207,27905
245,339.04,0,6,-5.422,0.05,0,3,0,0,1,1,0,0,1,3,0.06115643493831158,27911
246,339.68,3,46,1.58,0.05,3,19,2,0,1,1,0,0,5,6,0.03878975206095239,27957
247,340.59,0,64,-2.254,0.05,0,28,2,0,1,1,0,1,8,12,0.045632395340362564,28021
248,341.06,1,33,-1.878,0.05,1,15,2,0,1,1,0,0,4,6,0.03746249117521626,28054
249,342.09,3,72,3.394,0.05,3,30,3,0,1,1,0,0,8,12,0.04605315247964528,28126
250,347.96,4,400,-3.334,0.05,4,46,6,0,0,0,1,0,33,197,0.03842042806558311,28526
251,348.65,0,49,-7.504,0.05,0,8,1,0,1,1,0,1,2,6,0.041995174859707454,28575
252,349.76,1,78,3.388,0.05,1,41,1,0,1,1,0,0,9,13,0.0397162908831468,28653
253,349.93,0,13,-5.232,0.05,0,5,0,0,1,1,0,0,2,4,0.04487736523151398,28666
254,352.32,3,165,0.092,0.05,3,44,2,0,1,1,0,2,18,25,0.04324604149230502,28831
255,353.33,3,71,4.304,0.05,3,33,2,0,1,1,0,0,9,10,0.04260227391102784,28902
256,354.31,3,68,3.596,0.05,3,30,4,0,1,1,0,0,8,8,0.038672409431241894,28970
257,354.98,0,49,-0.672,0.05,0,27,0,0,1,1,0,0,7,12,0.03593845123767245,29019
258,355.05,0,5,-5.662,0.05,0,2,0,0,1,1,0,0,1,1,0.06589291505515575,29024
259,355.17,0,9,-5.002,0.05,0,5,0,0,1,1,0,0,1,3,0.047444865935378604,29033
260,355.98,2,57,0.938,0.05,2,24,3,0,1,1,0,0,7,16,0.03557093158821788,29090
261,358.86,3,200,-0.892,0.05,3,40,4,0,1,1,0,0,24,48,0.04144397967029363,29290
262,360.18,1,94,-1.432,0.05,1,28,2,0,0,1,0,0,11,20,0.03631045847655611,29384
263,361.57,2,97,2.572,0.05,2,38,2,0,1,1,0,0,10,18,0.041124537183912756,29481
264,361.67,0,7,-4.882,0.05,0,5,0,0,1,1,0,0,1,3,0.03625478342707668,29488
265,363.33,1,115,1.266,0.05,1,41,2,0,0,1,0,0,14,19,0.042266514354749866,29603
266,364.48,0,81,-2.956,0.05,0,29,1,0,1,1,0,1,9,20,0.051206851837995615,29684
267,365.13,2,48,-0.358,0.05,2,18,2,0,1,1,0,0,5,6,0.04808408704896768,29732
268,370.99,3,400,-4.85,0.05,3,47,4,0,0,0,1,0,26,161,0.043168025803752244,30132
269,371.73,2,52,-0.618,0.05,2,18,2,0,1,1,0,0,4,18,0.03889121417887509,30184
270,372.72,2,70,5.042,0.05,2,40,2,0,1,1,0,0,9,13,0.0354692447265344,30254
271,373.55,0,58,0.894,0.05,0,34,1,0,1,1,0,0,7,7,0.041503735641338704,30312
272,374.08,1,38,-1.26,0.05,1,18,1,0,1,1,0,0,5,11,0.04633669042959809,30350
273,374.93,2,61,3.334,0.05,2,36,4,0,1,1,0,1,8,7,0.0397192600839695,30411
274,376.97,5,144,4.36,0.05,5,37,6,0,1,1,0,0,17,43,0.037790319319659225,30555
275,379.66,1,189,-4.858,0.05,1,35,2,0,1,1,0,0,19,66,0.03846181997112812,30744
276,379.76,0,8,-4.942,0.05,0,5,0,0,1,1,0,0,1,1,0.020437276223674417,30752
277,381.93,4,150,6.11,0.05,4,49,4,0,1,1,0,0,16,18,0.04187559684117635,30902
278,386.8,4,341,-3.774,0.05,4,55,6,0,1,1,0,0,25,121,0.042800142489854365,31243
279,388.8,9,142,6.568,0.05,4,39,3,1,1,1,0,2,16,18,0.043285779045029005,31385
280,391.5,12,190,8.56,0.05,2,45,3,2,1,1,0,1,19,50,0.04444835711466639,31575
281,397.37,3,400,-6.526,0.05,3,42,2,0,0,0,1,0,20,184,0.04213979491731152,31975
282,398.79,1,100,1.404,0.05,1,42,1,0,1,1,0,1,14,16,0.03595258382149041,32075
283,401.23,3,172,-0.266,0.05,3,37,3,0,1,1,0,0,21,15,0.04223170304714247,32247
284,401.84,2,43,1.75,0.05,2,24,2,0,1,1,0,0,5,8,0.03711382936426373,32290
285,402.63,1,56,1.916,0.05,1,32,3,0,1,1,0,0,7,9,0.04391556199906128,32346
286,403.45,1,58,0.806,0.05,1,32,2,0,1,1,0,1,7,7,0.04576541120507594,32404
287,406.39,6,211,0.502,0.05,1,47,3,1,1,1,0,2,22,28,0.04733517149825232,32615
288,408.63,3,155,-1.792,0.05,3,29,2,0,0,1,0,0,13,50,0.04274070193810809,32770
289,409.33,1,50,-1.942,0.05,1,18,1,0,1,1,0,0,6,13,0.033725941441953185,32820
290,410.6,0,90,-3.448,0.05,0,29,1,0,1,1,0,1,11,25,0.04412535679423147,32910
291,410.69,0,7,-5.8,0.05,0,2,0,0,1,1,0,0,1,2,0.06273931358009577,32917
292,416.47,6,400,-5.324,0.05,1,44,2,1,0,0,1,1,24,108,0.04466543879476376,33317
293,417.26,2,56,1.88,0.05,2,27,3,0,1,1,0,0,6,8,0.03813006299813943,33373
294,417.35,0,6,-5.422,0.05,0,3,0,0,1,1,0,0,1,3,0.02470592502504587,33379
295,423.11,4,400,-4.034,0.05,4,46,5,0,0,0,1,0,34,91,0.04369648930733092,33779
296,423.2,0,7,-5.482,0.05,0,3,0,0,1,1,0,0,1,3,0.06419075865830694,33786
297,424.08,1,62,0.976,0.05,1,30,2,0,1,1,0,0,8,8,0.04584796804814569,33848
298,424.54,1,32,-3.026,0.05,1,11,2,0,1,1,0,0,4,5,0.03901088691782206,33880
299,424.61,0,5,-5.662,0.05,0,2,0,0,1,1,0,0,1,3,0.053451640903949736,33885
300,427.54,3,208,-3.122,0.05,3,38,3,0,1,1,0,1,21,32,0.043477164659774505,34093
301,429.54,2,140,2.79,0.05,2,46,3,0,1,1,0,0,17,23,0.04330917680636048,34233
302,430.73,2,86,3.08,0.05,2,40,3,0,1,1,0,1,11,13,0.04057728819722353,34319
303,431.61,1,62,-0.57,0.05,1,25,1,0,1,1,0,0,7,13,0.03953626196110441,34381
304,432.98,0,96,1.406,0.05,0,43,3,0,1,1,0,0,13,14,0.038163239194545895,34477
305,434.47,2,104,2.028,0.05,2,40,2,0,1,1,0,1,12,19,0.04852150497922244,34581
306,434.57,0,7,-4.882,0.05,0,5,1,0,1,1,0,0,1,4,0.033670056478253434,34588
307,437.03,8,176,3.314,0.05,3,40,3,1,1,1,0,2,14,21,0.04234629383162511,34764
308,437.28,0,17,-5.492,0.05,0,5,0,0,1,1,0,0,2,6,0.04157343167154228,34781
309,440.21,5,206,5.208,0.05,5,54,5,0,1,1,0,0,21,43,0.04451254243709292,34987
310,441.39,4,83,4.506,0.05,4,31,4,0,1,1,0,0,7,12,0.04429893995668874,35070
311,445.15,4,273,-0.11,0.05,4,59,5,0,1,1,0,2,25,40,0.04040310851165226,35343
312,446.35,2,84,6.03,0.05,2,46,2,0,1,1,0,0,11,15,0.04027718894316682,35427
313,449.91,3,254,-7.196,0.05,3,36,2,0,1,1,0,2,26,62,0.04243256004277881,35681
314,455.41,7,393,-9.754,0.05,7,35,6,0,1,1,0,2,32,67,0.04327946216692679,36074
315,457.72,1,162,2.42,0.05,1,54,2,0,1,1,0,0,17,27,0.04800183688761828,36236
316,458.01,0,21,-3.886,0.05,0,11,1,0,1,1,0,0,3,2,0.04029453004754725,36257
317,459.41,2,98,3.656,0.05,2,41,3,0,1,1,0,0,11,12,0.03674891496989496,36355
318,465.24,5,400,-3.432,0.05,5,42,4,0,0,0,1,0,22,133,0.04043147652642801,36755
319,470.98,3,400,-3.434,0.05,3,51,2,0,0,0,1,0,29,134,0.04260510630789213,37155
320,471.5,0,37,-3.616,0.05,0,15,0,0,1,1,0,0,5,7,0.035265869863734055,37192
321,471.87,0,26,-2.648,0.05,0,16,0,0,1,1,0,0,4,8,0.040035264423260324,37218
322,471.95,0,6,-5.73,0.05,0,2,0,0,1,1,0,0,1,1,0.0362547910772264,37224
323,473.94,3,141,3.586,0.05,3,44,3,0,1,1,0,0,16,13,0.04100594261383757,37365
324,475.39,1,102,1.666,0.05,1,40,2,0,1,1,0,0,13,14,0.0371262109107977,37467
325,475.6,0,15,-5.034,0.05,0,6,0,0,1,1,0,0,2,6,0.054678401847680407,37482
326,476.61,2,72,2.176,0.05,2,31,2,0,1,1,0,0,9,9,0.046311299652895994,37554
327,477.71,1,77,1.242,0.05,1,34,2,0,0,1,0,0,10,11,0.040196020180335294,37631
328,478.34,1,45,-2.796,0.05,1,15,2,0,1,1,0,0,5,10,0.044442007835540503,37676
329,478.45,0,8,-5.542,0.05,0,3,1,0,1,1,0,0,1,1,0.03353877807967365,37684
330,479.06,0,43,-0.932,0.05,0,25,3,0,1,1,0,0,6,8,0.05577846140015957,37727
331,479.72,3,47,1.802,0.05,3,20,3,0,1,1,0,0,6,10,0.04683992072464304,37774
332,482.32,4,178,2.476,0.05,4,42,3,0,1,1,0,0,22,26,0.03915804918081071,37952
333,482.95,0,45,-1.36,0.05,0,24,1,0,1,1,0,0,6,9,0.03879832935829957,37997
334,483.23,0,20,-4.124,0.05,0,10,1,0,1,1,0,0,3,9,0.04571196222677827,38017
335,483.92,3,48,-0.168,0.05,3,17,3,0,1,1,0,1,4,9,0.04263133402370537,38065
336,487.06,2,220,-4.714,0.05,2,43,2,0,1,1,0,2,22,54,0.045954356630417435,38285
337,487.25,0,14,-5.284,0.05,0,5,0,0,1,1,0,0,2,5,0.051022581689591916,38299
338,493.11,6,400,2.976,0.05,6,57,6,0,0,0,1,0,37,100,0.042734210648341105,38699
339,494.0,1,63,-1.128,0.05,1,25,1,0,1,1,0,0,5,27,0.04825903274237164,38762
340,494.63,1,45,-0.17,0.05,1,23,2,0,1,1,0,0,6,14,0.029000967947973147,38807
341,495.4,3,55,2.52,0.05,3,24,3,0,1,1,0,0,6,12,0.04235832789404826,38862
342,495.7,0,21,-4.174,0.05,0,10,0,0,1,1,0,0,3,2,0.045193085890440715,38883
343,497.39,1,119,0.274,0.05,1,42,3,0,1,1,0,1,13,16,0.04313004614018342,39002
344,497.57,0,13,-5.214,0.05,0,5,0,0,1,1,0,0,2,3,0.04781494619181523,39015
345,498.51,4,66,3.38,0.05,4,24,1,0,1,1,0,0,7,5,0.05484484560844122,39081
346,500.63,3,147,2.918,0.05,3,43,4,0,1,1,0,0,15,38,0.04083388234127541,39228
347,500.73,0,7,-4.882,0.05,0,5,0,0,1,1,0,0,1,4,0.046040517943246026,39235
348,502.36,1,115,1.272,0.05,1,41,2,0,1,1,0,0,15,21,0.04358715250602235,39350
349,503.12,1,53,-1.03,0.05,1,22,2,0,1,1,0,0,6,18,0.037554657490888856,39403
350,503.84,0,50,0.176,0.05,0,30,1,0,1,1,0,0,7,11,0.03669530458748341,39453
351,505.31,0,105,-3.398,0.05,0,32,0,0,1,1,0,1,12,24,0.040059075584369046,39558
352,508.31,0,205,-7.234,0.05,0,39,1,0,1,1,0,1,24,36,0.043749254217325916,39763
353,509.74,2,101,0.124,0.05,2,30,2,0,1,1,0,0,10,19,0.043077776033320636,39864
354,515.29,4,396,-9.63,0.05,4,47,3,0,1,1,0,1,43,80,0.04207286815808126,40260
355,518.32,3,211,2.01,0.05,3,52,3,0,1,1,0,0,24,33,0.04708350005325689,40471
356,519.07,1,53,-0.022,0.05,1,25,1,0,1,1,0,0,7,15,0.0391082685475923,40524
357,520.0,0,66,-1.926,0.05,0,26,0,0,1,1,0,0,9,9,0.054634695082451355,40590
358,521.01,3,71,3.758,0.05,3,31,4,0,1,1,0,0,9,9,0.04468735984303582,40661
359,523.1,3,143,1.052,0.05,3,36,1,0,1,1,0,0,15,12,0.03784994676813379,40804
360,529.15,5,400,-1.86,0.05,5,47,2,0,0,0,1,0,24,89,0.043367596687749026,41204
361,529.75,0,37,-3.89,0.05,0,14,0,0,1,1,0,0,5,10,0.053684480463129444,41241
362,535.52,2,400,-9.054,0.05,2,38,2,0,0,0,1,0,27,118,0.039458502635825426,41641
363,541.42,6,400,-4.066,0.05,6,34,5,0,0,0,1,0,29,147,0.04126753684598952,42041
364,541.82,0,27,-3.028,0.05,0,15,0,0,1,1,0,0,4,8,0.03746682864234403,42068
365,542.61,0,55,-2.232,0.05,0,23,0,0,1,1,0,0,7,10,0.038247391259805724,42123
366,543.05,0,31,-3.866,0.05,0,13,0,0,1,1,0,0,3,5,0.03670912368162986,42154
367,544.06,0,71,1.904,0.05,0,40,2,0,1,1,0,0,8,9,0.03589951942189479,42225
368,549.71,4,400,-7.056,0.05,4,47,4,0,0,0,1,4,31,125,0.04099890128243715,42625
369,551.23,3,109,-1.444,0.05,3,25,5,0,1,1,0,1,7,14,0.040888125555367645,42734
370,551.31,0,6,-5.44,0.05,0,3,0,0,1,1,0,0,1,1,0.044092119205743074,42740
371,552.27,3,66,4.614,0.05,3,33,3,0,1,1,0,0,8,11,0.03409183586975842,42806
372,552.55,0,20,-3.826,0.05,0,11,0,0,1,1,0,0,3,5,0.033657745877280834,42826
373,553.05,1,35,0.71,0.05,1,24,1,0,1,1,0,0,5,2,0.035780256960008826,42861
374,553.81,1,54,-4.026,0.05,1,12,2,0,1,1,0,0,4,21,0.051646878528926105,42915
375,554.84,2,73,2.686,0.05,2,33,2,0,1,1,0,0,8,12,0.03358306708962542,42988
376,554.94,0,7,-4.582,0.05,0,6,0,0,1,1,0,0,1,1,0.03293184457080705,42995
377,555.34,0,28,-3.678,0.05,0,13,0,0,1,1,0,0,4,9,0.04803509029027607,43023
378,556.28,1,68,2.724,0.05,1,37,1,0,1,1,0,0,9,7,0.03622683029457489,43091
379,561.59,3,363,-13.596,0.05,3,40,3,0,0,1,0,3,31,128,0.04016351798862301,43454
380,563.3,1,118,-0.464,0.05,1,36,2,0,1,1,0,0,13,26,0.03518476821008628,43572
381,563.88,1,41,-1.148,0.05,1,19,3,0,1,1,0,0,5,6,0.045408417357177266,43613
382,563.96,0,6,-5.432,0.05,0,3,0,0,1,1,0,0,1,1,0.04725478931019703,43619
383,564.41,3,31,2.432,0.05,3,19,3,0,1,1,0,0,4,4,0.03876753481886079,43650
384,569.17,3,325,-7.85,0.05,3,42,4,0,1,1,0,0,31,122,0.04338536264231572,43975
385,569.25,0,6,-5.422,0.05,0,3,1,0,1,1,0,0,1,3,0.03541223549594482,43981
386,571.6,3,165,3.374,0.05,3,48,3,0,0,1,0,0,19,28,0.040499228933318095,44146
387,572.64,1,72,2.822,0.05,1,38,1,0,1,1,0,0,9,11,0.04220203558603922,44218
388,572.96,0,23,-4.596,0.05,0,9,0,0,1,1,0,0,3,9,0.051203586768520916,44241
389,576.52,4,250,-0.768,0.05,4,46,5,0,1,1,0,0,22,58,0.044860035566613075,44491
390,577.81,1,92,-0.182,0.05,1,32,1,0,1,1,0,0,9,18,0.04060125085727676,44583
391,577.88,0,5,-5.062,0.05,0,4,1,0,1,1,0,0,1,3,0.05212499052286148,44588
392,579.35,0,102,-2.262,0.05,0,35,0,0,1,1,0,1,13,25,0.03790758214160508,44690
393,579.94,1,42,0.01,0.05,1,23,1,0,1,1,0,0,5,6,0.039956109576104654,44732
394,583.25,2,238,-6.176,0.05,2,45,4,0,1,1,0,3,23,61,0.04497013165529411,44970
395,585.17,4,132,1.956,0.05,4,32,3,0,1,1,0,0,13,23,0.04455235581421717,45102
396,588.53,11,237,15.398,0.05,6,50,5,1,0,0,1,0,27,35,0.041465997326537524,45339
397,594.18,11,400,3.446,0.05,6,52,6,1,0,0,1,3,36,107,0.04381100163795054,45739
398,594.25,0,5,-5.662,0.05,0,2,0,0,1,1,0,0,1,0,0.022998933494091035,45744
399,594.32,0,5,-5.362,0.05,0,3,1,0,1,1,0,0,1,1,0.02682539038360119,45749
400,595.44,1,78,3.044,0.05,1,40,1,0,1,1,0,0,9,17,0.03611508372406929,45827
401,600.77,3,366,-6.11,0.05,3,55,2,0,0,1,0,0,38,62,0.042980381033174656,46193
402,601.66,0,64,-3.954,0.05,0,19,0,0,0,1,0,0,7,11,0.04030864979722537,46257
403,602.99,4,93,3.168,0.05,4,35,4,0,1,1,0,2,11,7,0.03960794561432414,46350
404,606.29,3,235,-4.604,0.05,3,41,3,0,1,1,0,2,27,42,0.043332070680929625,46585
405,606.82,1,37,-1.21,0.05,1,18,3,0,1,1,0,0,5,4,0.04885808260154885,46622
406,610.89,2,283,-7.062,0.05,2,41,2,0,1,1,0,0,26,71,0.044748840050594124,46905
407,613.67,1,194,-3.022,0.05,1,42,3,0,1,1,0,0,21,39,0.03644682327765472,47099
408,617.64,1,278,-8.942,0.05,1,42,2,0,1,1,0,1,25,70,0.04345905314460933,47377
409,619.48,1,128,-0.078,0.05,1,39,1,0,1,1,0,0,15,15,0.0410909734928282,47505
410,620.69,3,84,2.304,0.05,3,32,1,0,1,1,0,1,11,9,0.04345858962984667,47589
411,620.76,0,5,-5.062,0.05,0,4,0,0,1,1,0,0,1,3,0.03596083000302315,47594
412,620.97,0,16,-4.794,0.05,0,7,0,0,1,1,0,0,2,6,0.04551023687236011,47610
413,626.77,4,400,-2.054,0.05,4,51,4,0,0,0,1,0,29,153,0.04109621394774877,48010
414,629.92,2,216,-7.048,0.05,2,28,2,0,1,1,0,0,23,55,0.03870205215557858,48226
415,635.67,4,400,-6.32,0.05,4,44,4,0,0,0,1,2,37,71,0.044682454615831375,48626
416,636.98,1,94,0.292,0.05,1,34,2,0,1,1,0,0,10,12,0.0355252377649254,48720
417,639.22,1,157,-1.882,0.05,1,39,2,0,1,1,0,0,17,23,0.04487147304425194,48877
418,641.39,4,151,2.778,0.05,4,38,2,0,0,1,0,0,20,28,0.0376147763828272,49028
419,642.03,0,45,-1.97,0.05,0,22,1,0,1,1,0,0,5,6,0.05139203659362263,49073
420,643.23,3,84,2.91,0.05,3,34,2,0,1,1,0,1,10,16,0.036899368511512876,49157
421,643.47,0,17,-5.464,0.05,0,5,0,0,1,1,0,0,2,4,0.03266088445396984,49174
422,643.58,0,8,-4.952,0.05,0,5,0,0,1,1,0,0,1,1,0.04120501666329801,49182
423,644.74,2,81,-1.456,0.05,2,21,2,0,0,1,0,0,9,19,0.04350223632552373,49263
424,650.56,5,400,-7.022,0.05,5,36,5,0,0,0,1,2,31,77,0.04246250262716785,49663
425,656.34,4,400,-10.744,0.05,4,35,5,0,0,0,1,4,30,103,0.04485591580159962,50063
426,656.92,0,41,-2.356,0.05,0,20,0,0,1,1,0,0,4,7,0.04159264691264891,50104
427,658.17,5,88,6.964,0.05,5,35,4,0,1,1,0,0,10,6,0.04043288243172521,50192
428,659.37,4,85,3.47,0.05,4,31,4,0,1,1,0,1,10,21,0.04391589437556617,50277
429,660.5,3,79,3.31,0.05,3,31,1,0,1,1,0,0,10,14,0.04448622350781402,50356
430,662.45,1,137,-7.714,0.05,1,32,1,0,1,1,0,5,16,16,0.04279651224653978,50493
431,667.83,2,376,-9.854,0.05,2,50,2,0,1,1,0,0,27,157,0.037820783245595214,50869
432,668.67,1,59,-1.246,0.05,1,22,0,0,0,1,0,0,7,11,0.03517781766289371,50928
433,668.76,0,6,-5.44,0.05,0,3,1,0,1,1,0,0,1,1,0.02231957297772169,50934
434,670.21,2,102,2.508,0.05,2,38,4,0,0,1,0,0,11,26,0.03936222244474087,51036
435,672.37,11,150,11.424,0.05,6,40,6,1,1,1,0,0,17,19,0.04073832084735234,51186
436,678.29,1,400,-10.43,0.05,1,38,1,0,0,0,1,0,29,173,0.04194079438224435,51586
437,682.89,3,326,-9.592,0.05,3,42,3,0,1,1,0,2,35,83,0.040490083496423405,51912
438,687.77,2,335,-11.022,0.05,2,38,3,0,0,1,0,0,28,100,0.039003973598800486,52247
439,689.34,2,109,3.646,0.05,2,43,2,0,1,1,0,0,13,10,0.03958741875382465,52356
440,689.82,0,34,-4.366,0.05,0,12,1,0,1,1,0,0,4,6,0.04814332986579222,52390
441,692.79,3,207,-2.61,0.05,3,36,4,0,1,1,0,0,25,38,0.04320031432389925,52597
442,694.37,2,110,4.502,0.05,2,46,3,0,0,1,0,0,13,17,0.0430230189114809,52707
443,695.54,2,80,2.036,0.05,2,32,2,0,1,1,0,0,9,16,0.041182811837643385,52787
444,696.62,2,76,2.864,0.05,2,34,3,0,1,1,0,0,9,14,0.03830207780763311,52863
445,696.82,0,14,-4.984,0.05,0,6,0,0,1,1,0,0,2,4,0.027988956243331944,52877
446,697.6,1,56,-0.23,0.05,1,25,1,0,1,1,0,0,7,7,0.040416867804846594,52933
447,698.95,4,95,6.86,0.05,4,41,4,0,1,1,0,0,10,15,0.038055916909912696,53028
448,700.57,1,115,-0.55,0.05,1,35,1,0,1,1,0,0,15,17,0.0351467273319545,53143
449,700.88,0,22,-3.646,0.05,0,12,1,0,1,1,0,0,3,1,0.035193015905943786,53165
450,705.78,7,347,-7.38,0.05,2,39,3,1,1,1,0,1,33,108,0.04199608751661238,53512
451,706.22,0,31,-3.588,0.05,0,14,0,0,1,1,0,0,4,8,0.03397944655209299,53543
452,710.55,8,304,-5.988,0.05,3,30,3,1,1,1,0,1,29,31,0.03980522911603514,53847
453,711.35,2,57,1.548,0.05,2,26,3,0,1,1,0,0,6,6,0.04049361242275489,53904
454,712.81,0,101,1.142,0.05,0,43,2,0,1,1,0,0,12,17,0.04226586916068993,54005
455,718.65,3,400,-4.396,0.05,3,50,3,0,0,0,1,0,39,87,0.04143086734809913,54405
456,718.89,1,17,-3.062,0.05,1,8,1,0,1,1,0,0,2,4,0.040392578743836456,54422
457,719.81,3,65,0.422,0.05,3,19,3,0,0,1,0,0,6,5,0.048660348699643065,54487
458,724.32,5,316,-1.47,0.05,5,54,4,0,0,1,0,1,30,93,0.040292092230571785,54803
459,725.2,1,60,1.084,0.05,1,30,1,0,1,1,0,0,8,4,0.03826479028599958,54863
460,727.46,2,159,-0.498,0.05,2,39,3,0,1,1,0,0,16,33,0.04505447517354159,55022
461,727.74,0,21,-4.476,0.05,0,9,0,0,1,1,0,0,3,8,0.04021630445051761,55043
462,730.05,3,160,4.25,0.05,3,53,3,0,1,1,0,1,20,30,0.04350702688097954,55203
463,730.92,2,61,1.322,0.05,2,26,0,0,1,1,0,0,7,11,0.041038901041277116,55264
464,731.83,1,64,-0.094,0.05,1,27,1,0,1,1,0,0,8,16,0.041803344851359725,55328
465,733.37,4,108,3.686,0.05,4,33,3,0,1,1,0,0,13,23,0.0428669594090294,55436
466,739.29,3,400,-5.846,0.05,3,47,5,0,0,0,1,1,34,133,0.04368438130710274,55836
467,739.61,0,23,-3.704,0.05,0,12,2,0,1,1,0,0,3,9,0.04525850037031848,55859
468,741.05,0,99,-1.456,0.05,0,34,1,0,1,1,0,0,13,16,0.046122895280896414,55958
469,741.43,0,27,-3.034,0.05,0,15,2,0,1,1,0,0,4,6,0.0398506595649653,55985
470,742.2,3,53,2.968,0.05,3,25,3,0,1,1,0,0,6,7,0.025575666723526874,56038
471,746.07,4,273,-6.01,0.05,4,36,5,0,1,1,0,1,25,51,0.04254287508599487,56311
472,746.73,0,46,-1.992,0.05,0,22,0,0,1,1,0,0,6,13,0.03474151330959538,56357
473,746.84,0,8,-4.642,0.05,0,6,1,0,1,1,0,0,1,1,0.042966725188307464,56365
474,748.04,2,85,-0.388,0.05,2,28,4,0,1,1,0,1,11,17,0.04139505865819314,56450
475,749.14,1,77,1.026,0.05,1,33,1,0,1,1,0,0,9,13,0.0419577517631379,56527
476,749.89,1,52,-0.234,0.05,1,24,1,0,1,1,0,0,7,14,0.04022132897248062,56579
477,750.37,1,34,-1.928,0.05,1,15,1,0,1,1,0,0,4,6,0.047847000717678494,56613
478,753.14,5,196,6.026,0.05,5,54,5,0,0,1,0,0,21,54,0.04320066511079821,56809
479,753.38,1,17,-3.064,0.05,1,8,1,0,1,1,0,0,2,3,0.028781954856479868,56826
480,754.13,2,53,-0.984,0.05,2,17,1,0,1,1,0,0,6,12,0.04592756108152417,56879
481,755.12,1,69,-1.946,0.05,1,25,1,0,1,1,0,1,9,8,0.04556483424444129,56948
482,756.15,3,72,3.684,0.05,3,31,3,0,1,1,0,0,8,10,0.03139481362369326,57020
483,762.06,3,400,-4.754,0.05,3,47,2,0,0,0,1,0,30,170,0.043248285111039876,57420
484,762.59,0,38,-3.06,0.05,0,17,1,0,1,1,0,0,5,9,0.04339592631808237,57458
485,767.08,8,307,-5.178,0.05,3,37,1,1,1,1,0,2,27,44,0.04211017342605886,57765
486,772.94,3,400,-9.678,0.05,3,37,5,0,0,0,1,1,31,116,0.038655101186595854,58165
487,773.3,0,27,-4.526,0.05,0,10,0,0,1,1,0,0,3,6,0.0475602543188466,58192
488,773.5,0,15,-5.952,0.05,0,3,0,0,1,1,0,0,2,3,0.03161333315074444,58207
489,774.63,1,79,0.902,0.05,1,33,1,0,1,1,0,0,9,9,0.03947604363312638,58286
490,776.51,3,130,1.534,0.05,3,35,1,0,1,1,0,0,14,22,0.04973958916245745,58416
491,782.19,2,400,-7.82,0.05,2,45,3,0,0,0,1,1,29,117,0.040657829694682734,58816
492,783.62,8,101,5.248,0.05,3,25,3,1,1,1,0,0,12,20,0.04239661662867016,58917
493,784.19,2,41,0.062,0.05,2,18,3,0,1,1,0,0,5,8,0.04108417947299597,58958
494,784.77,0,40,-1.97,0.05,0,21,1,0,1,1,0,0,5,8,0.03688147331122309,58998
495,784.86,0,7,-5.182,0.05,0,4,1,0,1,1,0,0,1,5,0.026617644487747123,59005
496,785.06,0,14,-4.684,0.05,0,7,0,0,1,1,0,0,2,2,0.05465018656104803,59019
497,786.08,2,72,-1.438,0.05,2,19,1,0,1,1,0,0,7,9,0.038615937357664935,59091
498,786.87,1,55,0.156,0.05,1,26,1,0,1,1,0,0,6,8,0.03514656322923573,59146
499,787.2,0,23,-3.396,0.05,0,13,0,0,1,1,0,0,3,6,0.04492234171408674,59169
500,787.86,0,46,-1.702,0.05,0,23,1,0,1,1,0,0,6,12,0.042161094652407846,59215
501,793.03,1,357,-15.54,0.05,1,42,4,0,1,1,0,3,33,71,0.04492987499047978,59572
502,793.92,2,64,3.162,0.05,2,36,3,0,1,1,0,1,9,6,0.03309441637247801,59636
503,795.22,5,91,6.1,0.05,5,36,2,0,1,1,0,1,11,14,0.04311242857231544,59727
504,796.29,3,75,4.014,0.05,3,36,2,0,1,1,0,1,9,10,0.040412771304448446,59802
505,796.82,3,37,1.192,0.05,3,16,3,0,1,1,0,0,4,4,0.048909824417048206,59839
506,799.55,2,187,-5.122,0.05,2,32,2,0,1,1,0,1,22,29,0.04005947337052561,60026
507,801.61,2,142,1.476,0.05,2,42,2,0,1,1,0,0,17,22,0.04477581640862873,60168
508,802.61,2,70,0.704,0.05,2,29,2,0,0,1,0,1,8,10,0.03757992518533553,60238
509,802.91,0,21,-4.492,0.05,0,9,0,0,1,1,0,0,3,5,0.031885196055684774,60259
510,804.42,3,106,2.696,0.05,3,41,3,0,0,1,0,2,11,24,0.04372158141384991,60365
511,805.65,9,86,10.61,0.05,4,35,6,1,1,1,0,0,10,15,0.033875918925501576,60451
512,810.15,4,310,-7.82,0.05,4,34,4,0,1,1,0,0,26,102,0.04316433307324206,60761
513,812.24,4,146,5.49,0.05,4,46,4,0,1,1,0,0,18,21,0.04565354461513766,60907
514,815.46,4,223,2.532,0.05,4,51,4,0,1,1,0,0,28,36,0.0414144788939723,61130
515,816.64,0,81,0.798,0.05,0,38,0,0,1,1,0,0,10,13,0.04100027702242872,61211
516,817.56,2,65,1.378,0.05,2,27,4,0,0,1,0,0,9,10,0.05673139687054432,61276
517,817.79,1,16,-3.894,0.05,1,5,1,0,1,1,0,0,2,6,0.03454546310240403,61292
518,819.75,3,139,-0.224,0.05,3,31,1,0,1,1,0,0,14,15,0.045743624411737745,61431
519,825.64,4,400,-5.956,0.05,4,38,5,0,0,0,1,0,28,116,0.04269723171135411,61831
520,826.87,2,87,4.622,0.05,2,42,2,0,1,1,0,0,10,9,0.03900890073728287,61918
521,827.52,0,45,-1.952,0.05,0,22,0,0,1,1,0,0,6,11,0.047281306112806,61963
522,829.46,1,135,-3.622,0.05,1,29,2,0,1,1,0,0,15,30,0.03845621579223209,62098
523,831.51,3,142,2.694,0.05,3,41,4,0,0,1,0,0,15,26,0.04353891481632288,62240
524,833.77,3,159,4.048,0.05,3,49,3,0,1,1,0,0,18,37,0.04704724390458011,62399
525,834.68,0,64,-0.674,0.05,0,30,1,0,1,1,0,0,7,11,0.05088997058919631,62463
526,834.78,0,7,-5.482,0.05,0,3,1,0,1,1,0,0,1,2,0.03132051695138216,62470
527,835.35,0,41,-1.76,0.05,0,22,0,0,1,1,0,0,5,8,0.03487304847960065,62511
528,839.66,2,305,-6.302,0.05,2,54,4,0,1,1,0,2,33,56,0.03903840095049045,62816
529,845.42,2,400,-9.694,0.05,2,41,1,0,0,0,1,1,34,69,0.037986227851361035,63216
530,851.32,4,400,-5.738,0.05,4,38,3,0,0,0,1,0,38,85,0.041986357304267585,63616
531,855.26,4,272,-1.036,0.05,4,49,2,0,1,1,0,0,24,74,0.043337988925700566,63888
532,856.73,4,102,3.038,0.05,4,33,2,0,1,1,0,1,11,15,0.04943090949353634,63990
533,856.82,0,6,-5.722,0.05,0,2,0,0,1,1,0,0,1,3,0.02792718292524417,63996
534,858.22,3,97,5.846,0.05,3,43,3,0,1,1,0,0,12,18,0.0496685027826539,64093
535,859.24,1,73,2.416,0.05,1,37,2,0,0,1,0,0,9,14,0.044055280211853655,64166
536,859.97,2,50,2.248,0.05,2,27,2,0,1,1,0,0,7,5,0.04756767548620701,64216
537,860.49,0,37,-1.208,0.05,0,23,3,0,1,1,0,0,5,5,0.06045444075622269,64253
538,861.22,1,51,0.688,0.05,1,27,1,0,1,1,0,0,6,7,0.04236831494113978,64304
539,862.09,2,61,0.3,0.05,2,26,2,0,1,1,0,1,8,10,0.050005862672553685,64365
540,862.21,0,8,-4.952,0.05,0,5,0,0,1,1,0,0,1,1,0.03490766300819814,64373
541,863.19,0,69,-0.988,0.05,0,33,0,0,0,1,0,1,9,15,0.03594094520245773,64442
542,863.66,0,35,-4.07,0.05,0,13,0,0,1,1,0,0,5,8,0.0389552474554096,64477
543,865.35,3,117,7.404,0.05,3,52,3,0,1,1,0,0,13,18,0.03958504324635634,64594
544,865.95,1,43,-0.022,0.05,1,23,2,0,1,1,0,0,6,10,0.04581133876169144,64637
545,871.57,7,400,-4.38,0.05,2,43,3,1,0,0,1,1,29,166,0.045690383578184994,65037
546,874.41,3,196,0.068,0.05,3,43,2,0,1,1,0,0,16,55,0.04060753911486542,65233
547,877.58,3,223,3.208,0.05,3,59,3,0,0,1,0,0,24,45,0.04018928914543893,65456
548,879.19,6,113,10.314,0.05,6,46,6,0,1,1,0,0,12,11,0.04225908755530826,65569
549,880.77,2,109,4.27,0.05,2,45,2,0,1,1,0,0,11,15,0.038456030924795964,65678
550,881.45,0,48,-2.432,0.05,0,21,1,0,1,1,0,0,6,8,0.04100352721676851,65726
551,883.32,8,131,9.504,0.05,3,45,4,1,1,1,0,0,15,19,0.05080310791332758,65857
552,883.64,0,23,-2.496,0.05,0,16,1,0,1,1,0,0,3,7,0.032266394397162876,65880
553,883.73,0,7,-5.182,0.05,0,4,0,0,1,1,0,0,1,3,0.062199574895203114,65887
554,885.7,5,138,6.404,0.05,5,46,4,0,1,1,0,1,15,27,0.03850788382165458,66025
555,887.51,1,125,-4.748,0.05,1,33,4,0,1,1,0,2,10,41,0.03864898399636149,66150
556,889.17,3,117,1.616,0.05,3,36,3,0,0,1,0,1,14,28,0.03845478724847492,66267
557,895.11,4,400,-3.34,0.05,4,49,3,0,0,0,1,0,32,154,0.04353079185937531,66667
558,898.83,7,261,-3.158,0.05,2,36,3,1,1,1,0,1,28,56,0.039201832560187215,66928
559,898.93,0,7,-4.882,0.05,0,5,1,0,1,1,0,0,1,0,0.0488721232063004,66935
560,899.12,0,13,-4.324,0.05,0,8,0,0,1,1,0,0,2,4,0.053410009982494205,66948
561,901.71,4,183,0.496,0.05,4,37,3,0,1,1,0,0,21,43,0.03916853028629484,67131
562,907.6,4,400,-9.06,0.05,4,36,5,0,0,0,1,2,30,146,0.043669656770071015,67531
563,911.33,3,262,-5.02,0.05,3,42,4,0,1,1,0,1,27,75,0.04413430173063779,67793
564,911.81,2,34,-1.636,0.05,2,11,2,0,1,1,0,0,4,6,0.04773255114388816,67827
565,912.14,0,24,-4.366,0.05,0,10,0,0,1,1,0,0,3,9,0.037866753176786005,67851
566,917.75,3,400,-9.938,0.05,3,29,3,0,0,0,1,0,34,161,0.04084737471072003,68251
567,918.63,1,62,-0.932,0.05,1,27,1,0,1,1,0,1,7,9,0.03590207803814161,68313
568,919.28,3,47,2.73,0.05,3,23,5,0,1,1,0,0,5,6,0.04081280220379221,68360
569,919.85,0,40,-2.88,0.05,0,18,1,0,1,1,0,0,5,7,0.04085421599447727,68400
570,921.03,0,82,-8.48,0.05,0,12,1,0,1,1,0,0,5,52,0.038628920004135224,68482
571,922.62,4,111,5.704,0.05,4,40,3,0,1,1,0,0,13,18,0.04316460840437595,68593
572,923.17,2,39,-0.124,0.05,2,17,2,0,1,1,0,0,5,7,0.030317051694370233,68632
573,923.4,0,16,-4.794,0.05,0,7,1,0,1,1,0,0,2,5,0.05841722374316305,68648
574,924.13,0,53,-2.394,0.05,0,22,1,0,1,1,0,0,7,12,0.03980915450473439,68701
575,925.05,1,65,0.204,0.05,1,28,3,0,1,1,0,0,8,12,0.03789023415973553,68766
576,930.97,10,400,-1.81,0.05,5,37,3,1,0,0,1,2,25,82,0.044820284242741766,69166
577,931.08,0,8,-4.642,0.05,0,6,1,0,1,1,0,0,1,1,0.04008984542451799,69174
578,932.81,3,119,4.584,0.05,3,43,4,0,1,1,0,0,13,13,0.04148496953113114,69293
579,937.55,4,324,-3.976,0.05,4,49,2,0,1,1,0,0,36,69,0.046815406490853174,69617
580,938.58,2,73,3.314,0.05,2,35,0,0,1,1,0,0,8,11,0.04162619886792278,69690
581,939.0,2,30,0.094,0.05,2,16,3,0,1,1,0,0,3,8,0.03695576547955473,69720
582,940.73,1,120,0.764,0.05,1,44,2,0,1,1,0,1,14,17,0.038169596103640895,69840
583,940.99,0,19,-3.214,0.05,0,13,0,0,1,1,0,0,2,3,0.039003493999572175,69859
584,941.93,1,66,-0.166,0.05,1,27,2,0,1,1,0,0,8,18,0.05161611730176391,69925
585,945.95,4,280,-3.926,0.05,4,44,3,0,1,1,0,1,27,55,0.04752897522245933,70205
586,950.64,9,330,-5.676,0.05,4,38,3,1,0,1,0,3,28,82,0.03985169903008324,70535
587,951.35,6,49,3.1,0.05,1,18,0,1,1,1,0,0,7,8,0.0512980885461581,70584
588,956.33,3,354,-14.634,0.05,3,41,2,0,1,1,0,5,30,99,0.042969675505754805,70938
589,958.79,3,169,-1.746,0.05,3,35,4,0,1,1,0,1,16,35,0.04426416662692494,71107
590,961.65,10,202,6.056,0.05,5,37,3,1,1,1,0,0,22,48,0.041865255231830746,71309
591,963.08,2,100,1.716,0.05,2,38,3,0,1,1,0,1,13,15,0.0392099205031991,71409
592,964.16,1,77,2.822,0.05,1,39,2,0,1,1,0,0,9,19,0.03978556784039194,71486
593,964.49,2,23,-1.016,0.05,2,11,3,0,1,1,0,0,3,2,0.04367590602487326,71509
594,967.02,3,176,-3.02,0.05,3,29,0,0,1,1,0,0,15,31,0.03934671474747698,71685
595,967.8,1,54,-0.094,0.05,1,25,2,0,1,1,0,0,7,7,0.0399237434828171,71739
596,970.76,3,211,0.568,0.05,3,47,4,0,1,1,0,0,24,39,0.03910532628596535,71950
597,974.99,4,290,-4.342,0.05,4,42,4,0,1,1,0,0,20,140,0.042622263527250494,72240
598,975.17,0,13,-5.214,0.05,0,5,0,0,1,1,0,0,2,7,0.030066005384119656,72253
599,975.83,1,46,-1.992,0.05,1,17,1,0,1,1,0,0,6,12,0.0464280861551347,72299
600,976.46,1,44,-0.392,0.05,1,22,1,0,0,1,0,0,6,8,0.041845764467408036,72343
601,976.65,0,13,-4.914,0.05,0,6,0,0,1,1,0,0,2,7,0.031176958233118057,72356
602,978.8,9,153,10.436,0.05,4,48,4,1,0,1,0,0,18,33,0.04174809166370264,72509
603,980.46,3,116,1.904,0.05,3,40,6,0,1,1,0,2,13,19,0.04012431223587743,72625
604,981.13,2,47,0.248,0.05,2,23,2,0,1,1,0,1,6,7,0.048842070782755286,72672
605,983.13,4,138,4.306,0.05,4,41,4,0,0,1,0,0,15,27,0.04423719656019323,72810
606,984.94,2,126,0.564,0.05,2,36,2,0,1,1,0,0,15,15,0.04167926583498243,72936
607,985.73,1,56,1.936,0.05,1,32,2,0,1,1,0,0,7,17,0.04026103511984859,72992
608,986.23,0,35,-3.49,0.05,0,15,0,0,1,1,0,0,5,10,0.04051248574895518,73027
609,986.52,1,20,-3.226,0.05,1,8,1,0,1,1,0,0,3,5,0.05537336799316108,73047
610,989.76,3,223,-2.362,0.05,3,40,3,0,1,1,0,0,23,40,0.044452624362079016,73270
611,995.69,3,400,-10.528,0.05,3,35,5,0,0,0,1,2,23,184,0.04167874693754129,73670
612,996.73,4,72,7.226,0.05,4,38,1,0,1,1,0,0,8,17,0.039703819654985435,73742
613,996.94,0,15,-4.762,0.05,0,7,1,0,1,1,0,0,2,3,0.045908278909822305,73757
614,997.49,2,39,-0.118,0.05,2,17,4,0,1,1,0,0,5,11,0.058065322968058095,73796
615,998.4,2,63,-0.602,0.05,2,20,2,0,1,1,0,0,7,14,0.03805836291599368,73859
616,999.25,1,61,-2.884,0.05,1,17,2,0,1,1,0,0,7,15,0.03637968026651222,73920
617,1000.39,2,80,2.934,0.05,2,35,3,0,1,1,0,0,10,11,0.037227204092778264,74000
618,1000.81,0,29,-3.448,0.05,0,14,0,0,1,1,0,0,4,7,0.045975470465832745,74029
619,1003.71,4,198,-0.674,0.05,4,39,3,0,1,1,0,1,23,33,0.04087647977238051,74227
620,1004.11,0,30,-5.594,0.05,0,8,0,0,1,1,0,0,3,17,0.04684137015913924,74257
621,1005.23,2,79,1.318,0.05,2,36,1,0,1,1,0,2,9,21,0.03845589909749695,74336
622,1006.55,1,92,1.358,0.05,1,37,2,0,1,1,0,0,11,16,0.039224100096718124,74428
623,1007.79,1,87,0.442,0.05,1,33,1,0,1,1,0,0,10,11,0.04614948260801277,74515
624,1011.78,4,276,-4.944,0.05,4,37,2,0,1,1,0,0,24,84,0.04319503087131982,74791
625,1012.44,0,47,-2.69,0.05,0,20,1,0,1,1,0,0,5,6,0.034891587959483585,74838
626,1016.49,3,288,-2.546,0.05,3,52,3,0,1,1,0,0,27,74,0.044405247547223956,75126
627,1017.25,0,53,-1.272,0.05,0,26,1,0,1,1,0,0,7,9,0.03551463178306256,75179
628,1023.15,3,400,-5.998,0.05,3,43,3,0,0,0,1,0,27,178,0.04364700105274096,75579
629,1023.22,0,5,-5.062,0.05,0,4,0,0,1,1,0,0,1,3,0.02199013251811266,75584
630,1024.57,0,97,2.848,0.05,0,48,1,0,1,1,0,0,12,13,0.044085206895989854,75681
631,1025.61,0,72,-0.786,0.05,0,31,0,0,1,1,0,0,9,16,0.03669971053022891,75753
632,1029.3,3,262,0.848,0.05,3,58,4,0,1,1,0,0,29,47,0.039120345541723923,76015
633,1030.66,6,94,7.828,0.05,6,34,4,0,1,1,0,0,11,17,0.04648122172604533,76109
634,1036.57,3,400,-2.948,0.05,3,53,5,0,0,0,1,0,34,120,0.04337071518064477,76509
635,1038.7,6,147,4.546,0.05,1,45,1,1,0,1,0,1,16,15,0.045909859202041915,76656
636,1038.8,0,7,-5.782,0.05,0,2,1,0,1,1,0,0,1,2,0.01821117994508573,76663
637,1038.93,0,9,-5.302,0.05,0,4,0,0,1,1,0,0,1,3,0.032927124554084405,76672
638,1039.42,0,36,-2.05,0.05,0,20,3,0,1,1,0,0,5,8,0.052773198319805995,76708
639,1039.52,0,7,-4.882,0.05,0,5,1,0,1,1,0,0,1,3,0.029916581298623766,76715
640,1040.3,2,54,0.52,0.05,2,22,3,0,1,1,0,0,6,7,0.0448166875479122,76769
641,1046.16,4,400,-5.39,0.05,4,40,2,0,0,0,1,0,26,181,0.04288307279814035,77169
642,1046.58,1,30,-0.808,0.05,1,18,1,0,1,1,0,0,4,7,0.04073595410833756,77199
643,1048.64,4,145,2.726,0.05,4,40,4,0,1,1,0,1,17,20,0.04556981840909555,77344
644,1054.43,3,393,-11.722,0.05,3,42,4,0,1,1,0,0,32,155,0.040962566570651365,77737
645,1055.77,2,94,3.054,0.05,2,38,2,0,0,1,0,0,12,16,0.036813150526599045,77831
646,1056.07,0,21,-5.066,0.05,0,7,0,0,1,1,0,0,3,9,0.03137097197274367,77852
647,1057.38,2,92,1.928,0.05,2,34,3,0,1,1,0,0,10,8,0.04328892669519004,77944
648,1058.91,2,104,7.276,0.05,2,54,3,0,1,1,0,0,12,17,0.0419878384250646,78048
649,1064.23,1,380,-18.22,0.05,1,34,3,0,1,1,0,2,36,58,0.04444834949007552,78428
650,1065.08,1,60,-1.314,0.05,1,22,2,0,0,1,0,0,8,12,0.038601475007211165,78488
651,1071.01,1,400,-9.856,0.05,1,44,2,0,0,0,1,1,18,223,0.040138222633395344,78888
652,1071.11,0,7,-4.882,0.05,0,5,0,0,1,1,0,0,1,3,0.0287922950727599,78895
653,1071.23,0,9,-4.702,0.05,0,6,1,0,1,1,0,0,1,1,0.04327234460247888,78904
654,1072.11,1,61,-0.746,0.05,1,24,3,0,1,1,0,0,8,15,0.04925880872751357,78965
655,1078.05,3,400,-9.112,0.05,3,36,1,0,0,0,1,1,29,88,0.04195627238601446,79365
656,1081.38,4,228,-0.592,0.05,4,42,5,0,1,1,0,0,17,71,0.03778747728159815,79593
657,1083.91,2,173,-4.526,0.05,2,35,3,0,1,1,0,2,15,37,0.04017659008362993,79766
658,1087.24,2,227,-6.452,0.05,2,39,0,0,1,1,0,2,19,66,0.040890211764608185,79993
659,1088.46,4,85,5.638,0.05,4,35,4,0,1,1,0,0,10,8,0.0365357385838733,80078
660,1089.39,1,66,-1.2,0.05,1,24,1,0,1,1,0,0,8,10,0.02998041066651543,80144
661,1090.39,1,70,1.894,0.05,1,38,1,0,1,1,0,1,9,12,0.03666910020900624,80214
662,1090.62,0,16,-5.432,0.05,0,5,0,0,1,1,0,0,2,3,0.04716147412545979,80230
663,1090.84,1,15,-3.844,0.05,1,5,1,0,1,1,0,0,2,4,0.03698370984445016,80245
664,1092.96,4,146,1.784,0.05,4,34,1,0,1,1,0,0,14,28,0.03332141197401367,80391
665,1098.65,3,400,-3.872,0.05,3,49,5,0,0,0,1,0,36,92,0.0399058475845959,80791
666,1098.95,0,21,-3.894,0.05,0,11,0,0,1,1,0,0,3,7,0.041006910836412794,80812
667,1101.24,2,161,0.378,0.05,2,42,2,0,1,1,0,0,17,24,0.04359542747658695,80973
668,1101.33,0,6,-5.422,0.05,0,3,0,0,1,1,0,0,1,3,0.06184604701896509,80979
669,1102.85,2,107,4.068,0.05,2,44,4,0,1,1,0,0,13,15,0.04497052660368592,81086
670,1103.54,1,48,-1.512,0.05,1,19,1,0,1,1,0,0,6,10,0.0340408956593213,81134
671,1109.44,3,400,-7.226,0.05,3,42,4,0,0,0,1,1,27,135,0.04146939960774034,81534
672,1110.41,1,68,0.052,0.05,1,28,0,0,1,1,0,0,9,11,0.03583590468556127,81602
673,1111.74,2,94,3.348,0.05,2,39,2,0,1,1,0,0,11,17,0.04147090349703076,81696
674,1112.45,0,50,-1.942,0.05,0,23,0,0,1,1,0,0,6,8,0.03995920792222023,81746
675,1118.22,8,400,-1.404,0.05,3,42,3,1,0,0,1,0,20,154,0.04056899382150732,82146
676,1119.12,1,63,-0.076,0.05,1,30,1,0,1,1,0,1,8,15,0.045624462991125055,82209
677,1119.32,0,14,-5.022,0.05,0,6,0,0,1,1,0,0,2,9,0.029827406031212637,82223
678,1119.52,0,14,-5.604,0.05,0,4,0,0,1,1,0,0,2,7,0.043915515898593833,82237
679,1120.98,2,103,0.634,0.05,2,35,2,0,1,1,0,1,14,23,0.04137195468636103,82340
680,1121.46,0,34,-3.41,0.05,0,15,0,0,1,1,0,0,5,8,0.038209950606174325,82374
681,1122.11,2,45,1.02,0.05,2,22,1,0,1,1,0,0,5,7,0.03983740928686327,82419
682,1126.48,6,309,0.376,0.05,6,51,6,0,1,1,0,0,25,49,0.04482241927926402,82728
683,1127.09,2,42,0.584,0.05,2,20,2,0,1,1,0,0,4,9,0.058551394136711246,82770
684,1127.77,1,47,-0.58,0.05,1,22,1,0,1,1,0,0,6,5,0.040723903877462476,82817
685,1128.48,1,49,0.2,0.05,1,25,2,0,1,1,0,0,6,12,0.031841035628197144,82866
686,1130.12,2,114,0.686,0.05,2,34,1,0,1,1,0,0,14,16,0.04413698275426501,82980
687,1133.3,3,224,-0.354,0.05,3,47,6,0,1,1,0,0,19,57,0.041101331070032235,83204
688,1134.34,1,72,1.294,0.05,1,33,4,0,1,1,0,0,8,12,0.03137566837378674,83276
689,1134.62,0,20,-5.026,0.05,0,7,0,0,1,1,0,0,3,10,0.026717093447223304,83296
690,1134.69,0,5,-5.362,0.05,0,3,0,0,1,1,0,0,1,3,0.024666495993733405,83301
691,1140.01,2,358,-11.07,0.05,2,46,2,0,1,1,0,1,27,50,0.044547724363253605,83659
692,1145.7,1,397,-17.572,0.05,1,34,0,0,1,1,0,0,32,145,0.04179941166206368,84056
693,1145.98,0,20,-4.424,0.05,0,9,0,0,1,1,0,0,3,5,0.04492679093964398,84076
694,1147.42,1,100,-0.194,0.05,1,34,2,0,0,1,0,0,12,29,0.03476044060196728,84176
695,1147.63,0,15,-5.034,0.05,0,6,1,0,1,1,0,0,2,5,0.04086880541096131,84191
696,1148.57,3,66,0.416,0.05,3,19,3,0,1,1,0,0,7,10,0.040661858253632534,84257
697,1149.19,0,43,-0.34,0.05,0,27,0,0,1,1,0,0,5,10,0.0506022576199368,84300
698,1150.19,3,69,0.766,0.05,3,24,3,0,1,1,0,1,8,12,0.03858111577405446,84369
699,1151.01,1,59,0.142,0.05,1,30,2,0,1,1,0,1,7,10,0.043143170664749916,84428
700,1154.42,3,241,3.69,0.05,3,67,3,0,1,1,0,1,27,53,0.04002160319084634,84669
701,1154.83,0,29,-3.428,0.05,0,14,0,0,1,1,0,0,4,7,0.04173136650231378,84698
702,1156.14,1,92,1.35,0.05,1,37,1,0,1,1,0,0,11,11,0.041528451691746064,84790
703,1157.41,6,88,6.818,0.05,1,38,1,1,1,1,0,0,11,16,0.04057954477188601,84878
704,1160.7,4,233,1.798,0.05,4,54,3,0,1,1,0,1,24,44,0.04440065850044077,85111
705,1161.89,1,83,2.742,0.05,1,40,1,0,1,1,0,0,11,11,0.038002240101257,85194
706,1162.32,0,30,-3.788,0.05,0,13,0,0,1,1,0,0,4,6,0.03868796229362488,85224
707,1167.97,6,400,2.08,0.05,6,57,8,0,0,0,1,0,32,68,0.04175220041768626,85624
708,1169.94,3,138,3.772,0.05,3,44,1,0,1,1,0,0,15,16,0.04532818247199706,85762
709,1175.55,3,400,-7.124,0.05,3,48,4,0,0,0,1,3,39,116,0.03981313006137498,86162
710,1175.64,0,7,-5.792,0.05,0,2,1,0,1,1,0,0,1,2,0.03509519728166716,86169
711,1177.15,2,105,2.37,0.05,2,38,3,0,1,1,0,0,11,21,0.04842217486529123,86274
712,1182.99,4,400,-3.846,0.05,4,45,3,0,0,0,1,0,32,84,0.03984347015735693,86674
713,1183.3,1,23,-3.696,0.05,1,7,2,0,1,1,0,0,3,5,0.03992757517034593,86697
714,1186.1,6,194,7.762,0.05,6,53,7,0,1,1,0,0,23,31,0.04241906969625618,86891
715,1192.0,3,400,-8.464,0.05,3,38,3,0,0,0,1,1,24,141,0.04374410362681374,87291
716,1193.18,2,82,2.354,0.05,2,37,1,0,1,1,0,1,8,12,0.03928423078912424,87373
717,1194.01,1,58,-1.214,0.05,1,22,2,0,1,1,0,0,7,12,0.04119625258869652,87431
718,1196.16,3,149,4.93,0.05,3,50,4,0,1,1,0,0,15,38,0.04047740791493014,87580
719,1199.49,8,234,5.114,0.05,3,50,3,1,0,1,0,0,25,43,0.041455535817111276,87814
720,1200.22,0,50,-2.26,0.05,0,22,1,0,1,1,0,0,6,8,0.04016995660960674,87864
721,1202.45,2,155,-2.248,0.05,2,39,4,0,1,1,0,2,16,25,0.04414909020246517,88019
722,1204.78,2,160,-0.01,0.05,2,44,1,0,1,1,0,1,17,28,0.0403032010915922,88179
723,1205.64,1,61,1.04,0.05,1,30,3,0,1,1,0,0,8,11,0.03466800119361428,88240
724,1206.81,1,82,2.236,0.05,1,38,2,0,1,1,0,0,10,17,0.03759743810472328,88322
725,1207.78,1,68,-1.392,0.05,1,30,1,0,0,1,0,2,8,10,0.03829871071502566,88390
726,1208.51,1,50,-0.75,0.05,1,22,2,0,1,1,0,0,6,9,0.035783743299543855,88440
727,1208.61,0,7,-5.192,0.05,0,4,0,0,1,1,0,0,1,0,0.02987054336283888,88447
728,1210.84,3,153,-0.168,0.05,3,34,3,0,1,1,0,0,13,34,0.038370846417653405,88600
729,1213.55,1,185,-5.584,0.05,1,35,1,0,1,1,0,1,20,37,0.048091619295647016,88785
730,1214.94,2,96,2.63,0.05,2,37,4,0,1,1,0,0,12,18,0.04406386696306678,88881
731,1215.27,0,23,-5.196,0.05,0,7,1,0,1,1,0,0,3,6,0.036749938543400036,88904
732,1215.47,0,14,-4.374,0.05,0,8,0,0,1,1,0,0,2,3,0.034550567623227835,88918
733,1215.55,0,6,-5.422,0.05,0,3,0,0,1,1,0,0,1,3,0.055416506715118885,88924
734,1219.75,3,291,-6.126,0.05,3,44,2,0,1,1,0,1,31,46,0.04433079461704722,89215
735,1221.2,5,102,-0.656,0.05,5,17,3,0,1,1,0,1,8,25,0.04645967206862919,89317
736,1221.99,1,55,-1.15,0.05,1,25,2,0,1,1,0,1,7,10,0.026608588978309523,89372
737,1222.08,0,7,-5.492,0.05,0,3,1,0,1,1,0,0,1,2,0.07577802147716284,89379
738,1225.14,4,207,0.006,0.05,4,40,4,0,1,1,0,0,19,59,0.0426075309784948,89586
739,1225.76,0,45,-4.098,0.05,0,15,1,0,1,1,0,0,5,4,0.03346708704613977,89631
740,1225.86,0,7,-4.882,0.05,0,5,1,0,1,1,0,0,1,2,0.027463805196540698,89638
741,1226.88,2,71,1.824,0.05,2,33,1,0,0,1,0,1,9,14,0.04442288916767903,89709
742,1228.81,4,132,2.486,0.05,4,37,2,0,0,1,0,1,14,22,0.04318367613648826,89841
743,1232.85,2,278,-6.04,0.05,2,43,1,0,1,1,0,0,31,65,0.04411359181922438,90119
744,1232.97,0,8,-4.942,0.05,0,5,2,0,1,1,0,0,1,1,0.03421359939966351,90127
745,1233.48,0,36,-2.356,0.05,0,19,3,0,1,1,0,0,4,6,0.04631450684327218,90163
746,1237.5,8,283,0.276,0.05,3,47,4,1,1,1,0,1,29,52,0.037558618636782094,90446
747,1238.69,3,82,1.822,0.05,3,30,4,0,1,1,0,1,10,6,0.05154430611831386,90528
748,1239.85,6,80,4.588,0.05,1,29,2,1,1,1,0,0,10,17,0.0385312169790268,90608
749,1240.06,0,15,-5.044,0.05,0,6,0,0,1,1,0,0,2,5,0.050986822694540024,90623
750,1240.28,0,15,-5.054,0.05,0,6,0,0,1,1,0,0,2,3,0.03660583111147086,90638
751,1240.98,3,50,1.678,0.05,3,20,3,0,1,1,0,0,6,13,0.0465260486677289,90688
752,1241.32,0,24,-4.674,0.05,0,9,0,0,1,1,0,0,3,7,0.041676089128789805,90712
753,1242.6,0,90,4.312,0.05,0,52,0,0,1,1,0,0,11,22,0.04290512991655204,90802
754,1242.92,0,22,-5.136,0.05,0,7,0,0,1,1,0,0,3,6,0.03524779562245716,90824
755,1245.15,1,155,1.654,0.05,1,50,0,0,1,1,0,0,20,30,0.0426039042462024,90979
756,1245.81,3,47,1.77,0.05,3,20,3,0,1,1,0,0,5,4,0.04522003086799003,91026
757,1246.88,2,75,1.432,0.05,2,29,2,0,1,1,0,0,9,13,0.03688457087924083,91101
758,1252.87,4,400,-7.882,0.05,4,32,3,0,0,0,1,0,41,131,0.03851672921446152,91501
759,1252.97,0,7,-5.492,0.05,0,3,0,0,1,1,0,0,1,2,0.025713477283716202,91508
760,1253.55,0,40,-2.9,0.05,0,18,1,0,1,1,0,0,5,7,0.03437003151047975,91548
761,1255.44,3,131,0.27,0.05,3,31,3,0,1,1,0,0,16,17,0.044164910898295065,91679
762,1256.97,3,109,2.986,0.05,3,39,4,0,1,1,0,1,13,9,0.03833511077004288,91788
763,1262.95,1,400,-13.24,0.05,1,29,2,0,0,0,1,0,27,186,0.040628983555361625,92188
764,1263.78,2,58,0.898,0.05,2,24,2,0,1,1,0,0,6,11,0.04514095619128182,92246
765,1269.56,2,400,-12.116,0.05,2,34,3,0,0,0,1,2,25,163,0.040587167176418006,92646
766,1269.75,0,14,-4.974,0.05,0,6,2,0,1,1,0,0,2,5,0.04014627409300634,92660
767,1269.82,0,5,-5.362,0.05,0,3,0,0,1,1,0,0,1,4,0.062388358637690544,92665
768,1274.76,4,342,-7.558,0.05,4,44,4,0,0,1,0,1,33,104,0.04371590939573726,93007
769,1276.14,2,97,-0.508,0.05,2,30,3,0,1,1,0,1,12,22,0.04168338448615726,93104
770,1276.86,0,50,-1.632,0.05,0,24,0,0,1,1,0,0,7,12,0.034172165282070635,93154
771,1277.72,2,60,0.806,0.05,2,24,3,0,1,1,0,0,8,16,0.03722350890748203,93214
772,1280.26,1,177,-3.034,0.05,1,42,3,0,1,1,0,1,20,31,0.03474572129116136,93391
773,1280.36,0,7,-4.882,0.05,0,5,0,0,1,1,0,0,1,2,0.027378700939672335,93398
774,1282.93,4,176,1.868,0.05,4,40,3,0,0,1,0,0,18,35,0.039585555062248284,93574
775,1288.71,1,400,-12.044,0.05,1,42,0,0,0,0,1,2,30,100,0.042770812483504415,93974
776,1289.9,3,83,1.704,0.05,3,30,1,0,1,1,0,1,9,6,0.036256440320467376,94057
777,1290.4,0,35,-2.896,0.05,0,17,0,0,1,1,0,0,5,11,0.03383134685988937,94092
778,1293.0,2,181,-3.502,0.05,2,33,2,0,1,1,0,0,19,30,0.03983202160372095,94273
779,1298.82,9,400,2.158,0.05,4,50,5,1,0,0,1,0,33,44,0.04020018914132379,94673
780,1299.24,0,29,-3.448,0.05,0,14,1,0,1,1,0,0,4,3,0.03398895726121705,94702
781,1299.56,1,22,-3.646,0.05,1,7,1,0,1,1,0,0,3,7,0.0627096978185529,94724
782,1300.08,1,36,-2.04,0.05,1,15,1,0,1,1,0,0,5,4,0.0532199354428384,94760
783,1300.5,0,30,-4.856,0.05,0,10,0,0,1,1,0,0,3,10,0.04513395403822263,94790
784,1300.8,1,22,-2.126,0.05,1,12,1,0,1,1,0,0,3,6,0.039283975662494246,94812
785,1301.86,4,75,7.47,0.05,4,39,7,0,1,1,0,0,10,17,0.035912616588175295,94887
786,1303.47,5,112,10.962,0.05,5,53,6,0,1,1,0,0,12,9,0.04633048968805399,94999
787,1304.2,1,51,-0.31,0.05,1,27,3,0,1,1,0,1,6,11,0.03630270631801264,95050
788,1305.6,2,96,6.178,0.05,2,49,4,0,1,1,0,0,11,12,0.03759871198659918,95146
789,1309.05,5,243,3.556,0.05,5,57,3,0,1,1,0,1,22,65,0.04305338207249043,95389
790,1310.06,2,70,1.076,0.05,2,27,4,0,1,1,0,0,8,11,0.039634348837924854,95459
791,1310.93,2,61,0.88,0.05,2,25,3,0,1,1,0,0,6,14,0.04114102564568891,95520
792,1311.0,0,5,-5.662,0.05,0,2,0,0,1,1,0,0,1,3,0.024577869474887847,95525
793,1316.94,4,400,-6.932,0.05,4,34,3,0,0,0,1,0,35,145,0.044865434386301785,95925
794,1320.91,4,275,-0.942,0.05,4,50,6,0,1,1,0,0,26,70,0.039433655141090804,96200
795,1321.09,1,13,-3.714,0.05,1,5,1,0,1,1,0,0,2,5,0.030563824308606293,96213
796,1321.58,0,35,-2.58,0.05,0,18,1,0,1,1,0,0,5,9,0.03613138789577144,96248
797,1322.54,1,66,2.234,0.05,1,35,2,0,1,1,0,0,8,10,0.03439881219387506,96314
798,1324.0,4,102,7.014,0.05,4,46,6,0,0,1,0,1,13,16,0.03848362364349704,96416
799,1324.29,0,20,-3.524,0.05,0,12,1,0,1,1,0,0,3,6,0.03704957813024521,96436
800,1324.71,0,29,-3.738,0.05,0,13,1,0,1,1,0,0,4,8,0.05510854926602594,96465
801,1330.71,5,400,-5.962,0.05,5,33,5,0,0,0,1,0,30,177,0.042911850925302135,96865
802,1331.49,2,56,1.188,0.05,2,28,2,0,1,1,0,1,7,4,0.04536437244886266,96921
803,1331.6,0,8,-5.542,0.05,0,3,0,0,1,1,0,0,1,3,0.03818469634279609,96929
804,1332.13,1,37,-0.88,0.05,1,19,1,0,1,1,0,0,5,8,0.037609096062747205,96966
805,1333.02,2,62,1.576,0.05,2,27,2,0,1,1,0,0,8,11,0.04455798051710571,97028
806,1338.74,4,400,-7.202,0.05,4,40,3,0,0,0,1,2,28,149,0.04233042005449533,97428
807,1338.94,0,14,-4.384,0.05,0,8,0,0,1,1,0,0,2,3,0.04483118214245353,97442
808,1341.04,2,147,3.392,0.05,2,53,4,0,1,1,0,1,17,25,0.04277356994674117,97589
809,1341.33,0,20,-4.426,0.05,0,9,1,0,1,1,0,0,3,6,0.034292220557108524,97609
810,1342.1,3,53,0.718,0.05,3,21,4,0,1,1,0,1,6,12,0.04270001924333145,97662
811,1344.96,2,199,0.298,0.05,2,50,3,0,1,1,0,0,16,31,0.03744695101157954,97861
812,1346.71,3,121,3.518,0.05,3,40,4,0,1,1,0,0,13,20,0.04400632816774786,97982
813,1347.42,4,50,3.628,0.05,4,25,4,0,1,1,0,1,6,5,0.0332457510381937,98032
814,1348.01,1,41,-4.466,0.05,1,10,2,0,1,1,0,0,3,27,0.04061075692950952,98073
815,1350.83,2,194,-5.298,0.05,2,36,1,0,0,1,0,2,19,41,0.04026540396399028,98267
816,1351.24,0,29,-3.436,0.05,0,14,0,0,1,1,0,0,4,10,0.048370766132299244,98296
817,1354.71,5,238,-1.882,0.05,5,35,4,0,1,1,0,0,19,48,0.04067774787310417,98534
818,1358.12,5,233,0.702,0.05,5,49,4,0,1,1,0,2,25,36,0.03780531998755722,98767
819,1358.52,0,29,-3.746,0.05,0,13,0,0,1,1,0,0,4,5,0.061978975599952815,98796
820,1358.97,0,31,-2.086,0.05,0,19,1,0,1,1,0,0,3,6,0.03975150770237369,98827
821,1359.2,0,16,-4.804,0.05,0,7,0,0,1,1,0,0,2,4,0.02564002462895587,98843
822,1361.82,3,180,2.422,0.05,3,51,6,0,1,1,0,1,19,30,0.04018402275525861,99023
823,1361.94,0,8,-5.852,0.05,0,2,0,0,1,1,0,0,1,3,0.02695365180261433,99031
824,1363.97,2,141,0.192,0.05,2,38,3,0,1,1,0,0,14,22,0.04168907190996704,99172
825,1364.6,2,44,1.108,0.05,2,22,2,0,1,1,0,0,6,7,0.047365511428903447,99216
826,1366.54,3,134,7.666,0.05,3,56,3,0,1,1,0,0,17,25,0.04341698428546426,99350
827,1368.05,4,105,4.816,0.05,4,36,5,0,0,1,0,0,12,15,0.04142895175942353,99455
828,1368.52,0,33,-3.386,0.05,0,15,0,0,1,1,0,0,4,7,0.034549379467286846,99488
829,1374.29,3,400,-9.01,0.05,3,40,2,0,0,0,1,2,36,109,0.03952006789157167,99888
830,1374.59,0,21,-4.486,0.05,0,9,0,0,1,1,0,0,3,8,0.06310551524871871,99909
831,1375.0,0,28,-3.666,0.05,0,13,0,0,1,1,0,0,4,8,0.043290991502414854,99937
832,1376.29,1,90,1.162,0.05,1,36,2,0,1,1,0,0,11,11,0.04314871871740454,100027
833,1376.95,2,46,-3.33,0.05,2,11,2,0,1,1,0,1,5,9,0.04147398957739706,100073
834,1377.2,0,18,-4.024,0.05,0,10,0,0,1,1,0,0,2,4,0.04221063034815921,100091
835,1379.62,3,168,0.492,0.05,3,42,2,0,1,1,0,1,21,20,0.04013626916067941,100259
836,1380.29,0,46,-2.002,0.05,0,22,1,0,0,1,0,0,6,12,0.045986804402554815,100305
837,1382.72,1,167,-3.738,0.05,1,35,1,0,1,1,0,0,17,50,0.04055605992998281,100472
838,1384.95,2,152,-1.484,0.05,2,34,2,0,1,1,0,0,18,17,0.04237164549627587,100624
839,1385.46,0,35,-2.57,0.05,0,18,1,0,1,1,0,0,5,7,0.031156154642147677,100659
840,1385.82,0,27,-3.608,0.05,0,13,0,0,1,1,0,0,4,8,0.04623578964836068,100686
841,1386.19,1,26,-2.394,0.05,1,12,1,0,1,1,0,0,3,5,0.03269330824080568,100712
842,1386.89,0,49,-5.558,0.05,0,11,0,0,1,1,0,0,5,10,0.04095814365665523,100761
843,1392.83,4,400,-5.052,0.05,4,41,5,0,0,0,1,0,30,120,0.041938127239700404,101161
844,1392.92,0,6,-5.422,0.05,0,3,0,0,1,1,0,0,1,3,0.048548855974028506,101167
845,1393.69,1,54,-1.102,0.05,1,25,4,0,1,1,0,1,6,14,0.03930325112822983,101221
846,1394.92,3,84,3.892,0.05,3,34,5,0,1,1,0,0,10,12,0.04257212415160168,101305
847,1400.87,2,400,-8.482,0.05,2,39,1,0,0,0,1,0,36,102,0.03915168988285586,101705
848,1401.3,0,31,-3.538,0.05,0,14,2,0,1,1,0,0,4,10,0.03843080694036138,101736
849,1402.15,3,59,4.698,0.05,3,32,2,0,1,1,0,0,6,3,0.04687334215110642,101795
850,1405.32,8,217,3.574,0.05,3,45,4,1,1,1,0,1,26,35,0.045056342095788994,102012
851,1406.71,3,96,0.162,0.05,3,24,2,0,1,1,0,0,9,14,0.03972492611501366,102108
852,1409.34,5,181,-2.516,0.05,0,33,1,1,1,1,0,1,21,33,0.040063232553927276,102289
853,1411.55,2,154,-1.472,0.05,2,38,2,0,1,1,0,1,16,27,0.041783316889414925,102443
854,1414.44,3,199,0.372,0.05,3,48,4,0,1,1,0,1,18,58,0.042888122278466896,102642
855,1420.43,4,400,-2.672,0.05,4,52,4,0,0,0,1,1,33,170,0.04162930591963231,103042
856,1423.68,4,229,-1.844,0.05,4,45,4,0,1,1,0,2,21,47,0.04211570756859655,103271
857,1424.3,0,43,-2.432,0.05,0,20,1,0,1,1,0,0,6,5,0.04274936022540165,103314
858,1424.37,0,5,-5.362,0.05,0,3,0,0,1,1,0,0,1,0,0.02806758098304272,103319
859,1425.16,1,55,-0.202,0.05,1,25,3,0,1,1,0,0,6,13,0.0394862483848225,103374
860,1425.48,0,23,-3.112,0.05,0,14,1,0,1,1,0,0,3,4,0.03462080341642317,103397
861,1431.34,3,400,-6.366,0.05,3,44,2,0,0,0,1,1,33,131,0.040577495794277635,103797
862,1432.31,1,68,2.114,0.05,1,35,1,0,1,1,0,0,8,10,0.035916358150322646,103865
863,1432.41,0,7,-5.492,0.05,0,3,1,0,1,1,0,0,1,2,0.041585998343569894,103872
864,1432.51,0,7,-5.782,0.05,0,2,0,0,1,1,0,0,1,2,0.027257367968559265,103879
865,1438.49,4,400,-12.004,0.05,4,38,4,0,1,1,0,0,24,132,0.04146907507907599,104279
866,1441.89,1,234,-4.926,0.05,1,43,1,0,1,1,0,0,29,48,0.042884093140148453,104513
867,1442.87,3,68,4.214,0.05,3,32,3,0,1,1,0,0,8,11,0.035887241555268276,104581
868,1443.19,0,23,-2.786,0.05,0,15,0,0,1,1,0,0,3,5,0.04407779422953077,104604
869,1446.12,7,205,3.044,0.05,2,46,3,1,1,1,0,1,24,39,0.04097750891772349,104809
870,1450.4,9,301,-0.498,0.05,4,51,4,1,0,1,0,3,26,72,0.045080716277710924,105110
871,1451.15,2,51,-1.82,0.05,2,17,2,0,1,1,0,1,6,13,0.04838256304170571,105161
872,1454.64,3,239,-2.376,0.05,3,43,2,0,1,1,0,0,26,45,0.042424990861797435,105400
873,1456.02,2,96,1.934,0.05,2,38,3,0,1,1,0,1,12,16,0.04097202228634463,105496
874,1457.06,4,73,5.414,0.05,4,32,4,0,1,1,0,0,9,8,0.03641097597165467,105569
875,1459.37,1,160,-2.01,0.05,1,39,0,0,1,1,0,0,17,14,0.0383836462860927,105729
876,1460.66,1,90,-1.388,0.05,1,31,1,0,1,1,0,1,9,15,0.04374837967981067,105819
877,1461.37,2,49,1.008,0.05,2,26,2,0,1,1,0,1,6,5,0.04675541616672156,105868
878,1466.76,3,362,-12.732,0.05,3,39,5,0,1,1,0,2,38,99,0.042871258849308966,106230
879,1469.91,7,218,3.442,0.05,2,46,5,1,1,1,0,0,29,42,0.043050796878652285,106448
880,1470.01,0,7,-4.882,0.05,0,5,0,0,1,1,0,0,1,3,0.10509494026856762,106455
881,1470.66,1,45,-2.278,0.05,1,16,2,0,1,1,0,0,6,5,0.037724000205182365,106500
882,1476.02,1,373,-13.302,0.05,1,42,2,0,0,1,0,0,39,73,0.045373465304060695,106873
883,1481.4,2,376,-11.904,0.05,2,49,2,0,1,1,0,2,38,83,0.0381345845154546,107249
884,1481.83,0,31,-3.556,0.05,0,14,0,0,1,1,0,0,4,9,0.03524963344417272,107280
885,1481.92,0,6,-5.732,0.05,0,2,0,0,1,1,0,0,1,1,0.047744889122744404,107286
886,1482.27,0,25,-4.442,0.05,0,10,0,0,1,1,0,0,3,8,0.03407840900123119,107311
887,1483.36,0,76,-2.94,0.05,0,28,0,0,1,1,0,1,10,18,0.039538050621846,107387
888,1484.38,3,70,4.414,0.05,3,33,4,0,1,1,0,0,8,11,0.04217254403712494,107457
889,1490.08,5,400,-2.304,0.05,5,48,5,0,0,0,1,1,33,77,0.04147619455237873,107857
890,1490.36,0,20,-3.824,0.05,0,11,0,0,1,1,0,0,3,5,0.0566902756690979,107877
891,1490.47,0,7,-4.582,0.05,0,6,0,0,1,1,0,0,1,1,0.038916820261095254,107884
892,1491.48,1,70,-1.104,0.05,1,28,1,0,1,1,0,1,7,17,0.03997056115684765,107954
893,1497.43,2,400,-7.532,0.05,2,42,2,0,0,0,1,0,39,74,0.04397279817145318,108354
894,1499.08,2,113,0.404,0.05,2,33,3,0,1,1,0,0,11,20,0.03994494735930873,108467
895,1500.49,2,97,0.456,0.05,2,30,1,0,1,1,0,0,12,19,0.04605082074449081,108564
896,1501.15,0,46,-2.632,0.05,0,20,1,0,1,1,0,0,6,9,0.03294122808248452,108610
897,1503.67,2,174,0.518,0.05,2,45,2,0,1,1,0,0,22,34,0.03832929028497859,108784
898,1505.38,2,120,2.77,0.05,2,46,2,0,1,1,0,1,12,25,0.04572361789954205,108904
899,1506.77,0,97,-2.874,0.05,0,29,0,0,1,1,0,0,11,13,0.03933665857256688,109001
900,1512.7,3,400,-8.71,0.05,3,37,3,0,0,0,1,1,33,136,0.04222569059114903,109401
901,1513.11,0,29,-4.018,0.05,0,12,0,0,1,1,0,0,4,11,0.040714018400116216,109430
902,1514.06,3,67,2.504,0.05,3,26,4,0,1,1,0,0,8,16,0.035560947224330994,109497
903,1514.34,1,20,-2.916,0.05,1,9,2,0,1,1,0,0,3,5,0.02709317016415298,109517
904,1514.55,0,14,-5.284,0.05,0,5,0,0,1,1,0,0,2,2,0.032199392693915536,109531
905,1515.74,0,82,-0.506,0.05,0,34,1,0,1,1,0,0,9,11,0.04135912806704277,109613
906,1520.1,1,292,-7.668,0.05,1,46,2,0,1,1,0,0,25,137,0.04148337009445802,109905
907,1523.41,3,235,-7.868,0.05,3,39,3,0,1,1,0,4,25,48,0.039491609063871363,110140
908,1525.69,2,156,0.572,0.05,2,45,2,0,1,1,0,1,20,24,0.044396867271130666,110296
909,1525.95,0,18,-3.124,0.05,0,13,0,0,1,1,0,0,2,4,0.043022543761051364,110314
910,1526.58,0,44,-0.702,0.05,0,26,1,0,1,1,0,0,6,7,0.03063098138028925,110358
911,1527.57,3,69,2.636,0.05,3,27,1,0,1,1,0,0,8,12,0.04330733487301547,110427
912,1531.64,0,286,-9.676,0.05,0,43,2,0,0,1,0,0,23,79,0.04072148426129789,110713
913,1537.05,3,369,-9.076,0.05,3,46,2,0,1,1,0,0,30,100,0.042029905477462985,111082
914,1537.31,1,18,-2.814,0.05,1,9,2,0,1,1,0,0,2,3,0.05278887842885322,111100
915,1537.41,0,7,-5.49,0.05,0,3,0,0,1,1,0,0,1,0,0.034840732014604976,111107
916,1537.65,0,16,-5.402,0.05,0,5,0,0,1,1,0,0,2,2,0.03943876537960023,111123
917,1543.33,7,400,1.028,0.05,7,49,9,0,0,0,1,1,36,67,0.04355211159447208,111523
918,1543.55,1,15,-3.534,0.05,1,6,1,0,1,1,0,0,2,4,0.04652999167641004,111538
919,1545.14,1,109,1.566,0.05,1,41,3,0,1,1,0,0,11,15,0.036313040481042974,111647
920,1546.24,1,77,-2.544,0.05,1,28,5,0,0,1,0,2,8,7,0.03759326733793918,111724
921,1548.98,3,190,1.652,0.05,3,47,3,0,1,1,0,0,22,20,0.03799996147618482,111914
922,1549.08,0,7,-5.182,0.05,0,4,1,0,1,1,0,0,1,4,0.06170181105179446,111921
923,1549.37,0,20,-5.334,0.05,0,6,0,0,1,1,0,0,3,5,0.03401219667866826,111941
924,1551.36,3,137,1.122,0.05,3,35,5,0,1,1,0,0,14,16,0.043937007529511504,112078
925,1553.68,2,161,-2.058,0.05,2,34,2,0,1,1,0,0,18,29,0.03695384477213118,112239
926,1554.97,3,89,3.58,0.05,3,34,3,0,1,1,0,0,9,11,0.04637371471381924,112328
927,1555.05,0,6,-5.722,0.05,0,2,0,0,1,1,0,0,1,3,0.06314985717957218,112334
928,1555.84,3,56,3.084,0.05,3,26,3,0,1,1,0,0,6,12,0.03554258071484843,112390
929,1557.19,3,94,3.902,0.05,3,36,3,0,1,1,0,0,10,18,0.039452601620491516,112484
930,1561.69,8,314,-5.35,0.05,3,42,3,1,1,1,0,3,25,123,0.043848689093853636,112798
931,1563.79,2,143,0.462,0.05,2,39,2,0,1,1,0,0,16,16,0.03871066439766567,112941
932,1568.18,8,306,-1.21,0.05,3,43,4,1,0,1,0,0,27,77,0.04372775694051015,113247
933,1568.4,0,16,-4.494,0.05,0,8,0,0,1,1,0,0,2,2,0.035332218918483704,113263
934,1568.5,0,7,-4.592,0.05,0,6,1,0,1,1,0,0,1,0,0.03770644390689475,113270
935,1571.54,5,208,3.158,0.05,5,45,2,0,1,1,0,0,25,45,0.041247996846393034,113478
936,1577.42,4,400,-4.236,0.05,4,44,5,0,0,0,1,0,31,109,0.03939941819757223,113878
937,1579.64,2,151,2.012,0.05,2,49,6,0,1,1,0,1,16,30,0.039383378993127716,114029
938,1580.6,0,67,0.676,0.05,0,35,3,0,1,1,0,0,8,12,0.03786356783291297,114096
939,1586.54,1,400,-10.342,0.05,1,38,3,0,0,0,1,0,35,125,0.04016089532873593,114496
940,1590.5,3,277,-4.314,0.05,3,44,4,0,1,1,0,0,25,59,0.04296569680855593,114773
941,1591.31,1,56,0.686,0.05,1,28,1,0,1,1,0,0,7,10,0.041100066055410674,114829
942,1592.01,1,50,-0.452,0.05,1,23,2,0,1,1,0,0,6,7,0.04366124154999852,114879
943,1592.73,0,50,-2.224,0.05,0,22,1,0,1,1,0,0,7,10,0.040390334501862524,114929
944,1596.35,2,247,-4.084,0.05,2,48,3,0,1,1,0,0,26,70,0.045414779176897846,115176
945,1596.6,0,18,-4.014,0.05,0,10,0,0,1,1,0,0,2,3,0.03911909699026081,115194
946,1596.7,0,7,-5.79,0.05,0,2,1,0,1,1,0,0,1,2,0.05483916348644665,115201
947,1598.15,1,102,-0.388,0.05,1,37,3,0,0,1,0,1,11,23,0.03991137135445195,115303
948,1598.24,0,6,-5.422,0.05,0,3,0,0,1,1,0,0,1,3,0.06551709755634268,115309
949,1600.55,4,159,2.858,0.05,4,40,4,0,1,1,0,0,18,25,0.04673211889798349,115468
950,1601.91,2,95,0.8,0.05,2,31,2,0,0,1,0,0,11,14,0.03691937721481449,115563
951,1602.19,0,20,-4.124,0.05,0,10,1,0,1,1,0,0,3,6,0.03470133142545819,115583
952,1602.58,0,27,-4.552,0.05,0,10,1,0,1,1,0,0,3,5,0.03696733475145367,115610
953,1602.83,0,18,-3.414,0.05,0,12,0,0,1,1,0,0,2,5,0.06333039364674026,115628
954,1602.9,0,5,-5.362,0.05,0,3,1,0,1,1,0,0,1,3,0.05546820927411318,115633
955,1603.02,0,8,-4.952,0.05,0,5,0,0,1,1,0,0,1,1,0.042690640315413475,115641
956,1603.88,0,59,-1.846,0.05,0,25,0,0,1,1,0,0,8,13,0.04699749218584117,115700
957,1609.57,5,400,-3.804,0.05,5,42,5,0,0,0,1,0,35,133,0.04091121223173104,116100
958,1610.57,1,69,1.752,0.05,1,34,1,0,0,1,0,0,8,9,0.048126207934557526,116169
959,1612.63,1,144,1.21,0.05,1,47,5,0,1,1,0,0,13,11,0.04191409810058152,116313
960,1613.9,2,88,2.444,0.05,2,35,2,0,1,1,0,0,10,14,0.03316351813158359,116401
961,1615.02,3,78,3.972,0.05,3,33,2,0,1,1,0,0,11,13,0.03787230365933516,116479
962,1617.09,3,142,3.848,0.05,3,45,3,0,1,1,0,0,14,20,0.04165527248807566,116621
963,1618.88,2,121,3.784,0.05,2,46,4,0,0,1,0,0,15,20,0.041893902269369065,116742
964,1619.14,1,19,-2.884,0.05,1,9,2,0,1,1,0,0,2,6,0.0325703595911986,116761
965,1624.34,4,360,-8.402,0.05,4,44,3,0,1,1,0,1,34,119,0.039579158352636215,117121
966,1625.06,3,49,2.308,0.05,3,22,2,0,1,1,0,0,6,6,0.041291343732451906,117170
967,1630.95,8,400,-2.136,0.05,3,42,4,1,0,0,1,1,35,83,0.04167572375619784,117570
968,1631.48,1,37,-1.198,0.05,1,18,1,0,1,1,0,0,4,8,0.06042892284489967,117607
969,1631.85,1,26,-2.384,0.05,1,12,3,0,1,1,0,0,3,6,0.03750572174500961,117633
970,1633.17,4,93,4.274,0.05,4,32,4,0,1,1,0,0,11,12,0.04282080581391691,117726
971,1634.12,2,66,-0.538,0.05,2,24,1,0,1,1,0,1,8,14,0.03753267982127992,117792
972,1635.19,4,74,4.764,0.05,4,30,4,0,1,1,0,0,9,19,0.04811843061769331,117866
973,1636.77,2,109,-3.074,0.05,2,21,2,0,1,1,0,0,7,32,0.03851174216273181,117975
974,1638.61,2,129,-2.212,0.05,2,34,2,0,1,1,0,2,14,19,0.03861397347420223,118104
975,1638.81,0,14,-5.284,0.05,0,5,0,0,1,1,0,0,2,3,0.0324462581026767,118118
976,1643.07,1,291,-8.208,0.05,1,44,1,0,1,1,0,0,26,79,0.04217901047562406,118409
977,1644.11,1,72,-1.116,0.05,1,25,3,0,1,1,0,0,8,8,0.04318476273005621,118481
978,1645.03,2,64,2.674,0.05,2,31,3,0,1,1,0,0,8,15,0.04000020904641133,118545
979,1651.02,2,400,-7.02,0.05,2,47,3,0,0,0,1,0,31,101,0.045058488920331,118945
980,1654.5,2,234,-4.788,0.05,2,39,1,0,1,1,0,0,24,62,0.04260919622790355,119179
981,1654.69,0,14,-3.774,0.05,0,10,0,0,1,1,0,0,2,5,0.06154920293816498,119193
982,1655.99,3,90,1.332,0.05,3,30,4,0,1,1,0,1,10,12,0.037933139875531194,119283
983,1656.09,0,7,-5.182,0.05,0,4,0,0,1,1,0,0,1,2,0.04390455702585833,119290
984,1657.19,3,77,1.512,0.05,3,28,5,0,1,1,0,1,9,9,0.041705018804444896,119367
985,1661.19,2,276,-6.028,0.05,2,43,3,0,1,1,0,0,27,43,0.04025678589359682,119643
986,1663.42,5,156,5.164,0.05,5,42,6,0,1,1,0,0,17,21,0.039229598929150365,119799
987,1666.25,4,193,-2.828,0.05,4,34,6,0,1,1,0,2,21,27,0.04324176963032682,119992
988,1666.42,0,12,-4.554,0.05,0,7,0,0,1,1,0,0,2,3,0.044659825429941215,120004
989,1667.12,1,49,-2.33,0.05,1,17,2,0,1,1,0,0,6,16,0.03884409539097426,120053
990,1671.4,8,294,-3.156,0.05,3,35,3,1,1,1,0,0,24,79,0.03960192011080074,120347
991,1672.94,3,107,5.012,0.05,3,42,3,0,1,1,0,0,13,24,0.0388564797657951,120454
992,1673.04,0,7,-4.882,0.05,0,5,1,0,1,1,0,0,1,3,0.036403597465583255,120461
993,1675.85,3,191,-1.164,0.05,3,41,5,0,1,1,0,1,19,48,0.03778993441718411,120652
994,1676.47,0,43,-2.45,0.05,0,20,1,0,1,1,0,0,5,7,0.032698364841730096,120695
995,1677.07,1,41,-0.52,0.05,1,21,1,0,1,1,0,0,5,7,0.03264345648902946,120736
996,1678.24,5,81,6.424,0.05,5,32,4,0,1,1,0,0,9,12,0.032802924157384734,120817
997,1678.33,0,7,-5.792,0.05,0,2,0,0,1,1,0,0,1,2,0.03746129785265241,120824
998,1682.2,4,268,-1.026,0.05,4,51,5,0,1,1,0,1,30,69,0.04147365954426576,121092
999,1682.69,1,34,-1.928,0.05,1,15,1,0,1,1,0,0,4,8,0.04137246425756637,121126
1000,1683.83,1,79,-2.756,0.05,1,21,1,0,1,1,0,0,8,15,0.031336387666531754,121205
1001,1684.04,0,15,-6.26,0.05,0,2,0,0,1,1,0,0,2,3,0.028219168509046235,121220
1002,1684.33,0,20,-4.426,0.05,0,9,1,0,1,1,0,0,3,7,0.04822322479449213,121240
1003,1685.5,1,82,0.022,0.05,1,34,3,0,1,1,0,1,9,10,0.04591714462447094,121322
1004,1686.42,3,64,2.042,0.05,3,24,3,0,1,1,0,0,7,9,0.03614196856506169,121386
1005,1687.45,2,72,2.484,0.05,2,32,3,0,1,1,0,0,9,13,0.03463905171439466,121458
1006,1688.09,0,44,-1.91,0.05,0,22,1,0,1,1,0,0,5,5,0.04099025507457554,121502
1007,1688.97,0,62,-0.844,0.05,0,29,1,0,1,1,0,0,7,11,0.034643837461067785,121564
1008,1689.5,0,37,-2.09,0.05,0,20,0,0,1,1,0,0,5,5,0.05527945139722244,121601
1009,1692.62,5,215,2.672,0.05,5,45,2,0,1,1,0,0,25,31,0.04249472398484169,121816
1010,1693.39,1,53,-0.324,0.05,1,24,2,0,1,1,0,0,7,8,0.048505271995826715,121869
1011,1694.43,1,71,-1.132,0.05,1,28,2,0,0,1,0,1,9,11,0.0429118756650829,121940
1012,1700.35,4,400,-6.034,0.05,4,40,5,0,0,0,1,0,36,122,0.04011680888943374,122340
1013,1700.8,1,32,-2.418,0.05,1,13,1,0,1,1,0,0,4,7,0.04588930172030814,122372
1014,1700.88,0,5,-5.362,0.05,0,3,0,0,1,1,0,0,1,3,0.06769524551928044,122377
1015,1703.13,3,154,-2.598,0.05,3,29,4,0,0,1,0,1,18,29,0.043795143012199306,122531
1016,1704.65,7,104,9.598,0.05,7,37,6,0,1,1,0,0,10,18,0.048743864440789014,122635
1017,1706.01,2,95,2.91,0.05,2,38,2,0,1,1,0,0,11,8,0.039686833165193856,122730
1018,1707.25,3,85,1.654,0.05,3,30,2,0,0,1,0,1,10,2,0.04004273943274337,122815
1019,1709.66,3,165,3.98,0.05,3,50,5,0,1,1,0,0,16,18,0.03489140854640441,122980
1020,1710.02,0,26,-3.266,0.05,0,14,0,0,1,1,0,0,3,5,0.031167130953130815,123006
1021,1715.35,2,371,-13.43,0.05,2,37,6,0,1,1,0,0,31,112,0.039330971859034024,123377
1022,1716.52,9,81,10.316,0.05,4,34,3,1,1,1,0,0,9,21,0.037061984581803833,123458
1023,1721.14,4,314,-5.63,0.05,4,42,2,0,1,1,0,0,24,77,0.04104065125849644,123772
1024,1722.23,1,76,-1.356,0.05,1,25,2,0,1,1,0,0,9,11,0.030257639573200754,123848
1025,1722.67,1,31,-2.048,0.05,1,14,2,0,1,1,0,0,4,8,0.03132358217431653,123879
1026,1724.09,2,98,3.382,0.05,2,40,2,0,1,1,0,0,12,25,0.04130566157210542,123977
1027,1724.19,0,7,-5.492,0.05,0,3,0,0,1,1,0,0,1,2,0.0378978680819273,123984
1028,1724.26,0,5,-5.362,0.05,0,3,0,0,1,1,0,0,1,3,0.05293931849300861,123989
1029,1725.36,2,76,1.882,0.05,2,34,3,0,1,1,0,1,9,8,0.042262987503291743,124065
1030,1725.68,1,23,-1.604,0.05,1,14,1,0,1,1,0,0,3,6,0.03112914283638415,124088
1031,1731.38,5,400,0.576,0.05,5,54,4,0,0,0,1,0,39,64,0.04118851539096795,124488
1032,1731.91,1,36,-0.548,0.05,1,20,1,0,1,1,0,0,5,8,0.03966774933764504,124524
1033,1732.42,1,35,-1.678,0.05,1,16,2,0,1,1,0,0,5,11,0.03306554864559855,124559
1034,1733.11,1,49,0.828,0.05,1,27,2,0,1,1,0,0,6,10,0.04510682910604744,124608
1035,1733.34,0,16,-5.094,0.05,0,6,0,0,1,1,0,0,2,5,0.03265489364275709,124624
1036,1733.83,0,34,-2.538,0.05,0,18,0,0,1,1,0,0,4,5,0.0326423578457359,124658
1037,1735.43,2,111,3.552,0.05,2,43,3,0,1,1,0,0,13,18,0.03981018711619817,124769
1038,1737.44,2,140,1.034,0.05,2,40,2,0,1,1,0,0,17,22,0.039655066394646256,124909
1039,1739.89,4,171,0.028,0.05,4,36,4,0,1,1,0,1,20,29,0.04187681864162809,125080
1040,1745.62,2,400,-9.87,0.05,2,37,3,0,0,0,1,1,43,88,0.03644547673058696,125480
1041,1746.92,0,89,0.002,0.05,0,37,1,0,1,1,0,0,10,13,0.0414254151891624,125569
1042,1748.53,1,111,2.342,0.05,1,44,1,0,1,1,0,0,13,26,0.041939836960319464,125680
1043,1751.07,2,174,-3.202,0.05,2,36,3,0,1,1,0,1,17,44,0.041996162812942744,125854
1044,1751.26,0,13,-4.932,0.05,0,6,0,0,1,1,0,0,2,3,0.031135475262999535,125867
1045,1753.91,3,185,0.848,0.05,3,43,3,0,1,1,0,0,22,28,0.04101472011691815,126052
1046,1756.49,2,175,-0.442,0.05,2,42,2,0,1,1,0,0,20,35,0.03553925085812807,126227
1047,1762.41,2,400,-8.354,0.05,2,44,1,0,0,0,1,1,39,85,0.03948885282501578,126627
1048,1763.09,0,48,-2.14,0.05,0,22,0,0,1,1,0,0,7,12,0.04120474075898528,126675
1049,1768.66,2,385,-16.99,0.05,2,41,4,0,1,1,0,4,34,124,0.03917230057905053,127060
1050,1769.14,0,33,-5.178,0.05,0,9,0,0,1,1,0,0,4,8,0.047634392666320004,127093
1051,1769.55,0,28,-3.358,0.05,0,14,0,0,1,1,0,0,4,11,0.041439681413716505,127121
1052,1769.65,0,7,-4.882,0.05,0,5,0,0,1,1,0,0,1,1,0.030905946690057005,127128
1053,1769.94,0,21,-4.494,0.05,0,9,0,0,1,1,0,0,3,5,0.03666653408713284,127149
1054,1770.67,2,50,1.258,0.05,2,27,2,0,1,1,0,1,6,9,0.0472643384244293,127199
1055,1771.08,1,28,-1.568,0.05,1,15,2,0,1,1,0,0,4,9,0.03224233358300158,127227
1056,1772.24,1,80,-2.942,0.05,1,22,2,0,1,1,0,0,6,18,0.04457216268638149,127307
1057,1776.59,2,300,-8.954,0.05,2,41,2,0,1,1,0,1,26,85,0.03948692086152732,127607
1058,1777.2,2,42,1.81,0.05,2,24,2,0,1,1,0,0,6,6,0.03813145903959161,127649
1059,1777.65,1,32,-1.526,0.05,1,16,3,0,1,1,0,0,3,5,0.04305411013774574,127681
1060,1778.65,2,70,0.714,0.05,2,29,2,0,1,1,0,1,9,15,0.04131789904619966,127751
1061,1778.74,0,6,-5.432,0.05,0,3,0,0,1,1,0,0,1,1,0.05670312264313301,127757
1062,1784.44,14,400,1.772,0.05,4,46,2,2,0,0,1,4,36,90,0.03965774397132918,128157
1063,1785.17,1,51,-0.474,0.05,1,23,1,0,1,1,0,0,7,10,0.03732720835536134,128208
1064,1788.5,0,232,-8.958,0.05,0,38,0,0,1,1,0,1,26,56,0.03971475399308035,128440
1065,1788.9,0,27,-3.926,0.05,0,12,0,0,1,1,0,0,4,11,0.04738866748219287,128467
1066,1793.6,1,324,-9.572,0.05,1,46,0,0,1,1,0,0,25,111,0.04287357398964189,128791
1067,1794.74,3,78,3.062,0.05,3,30,2,0,1,1,0,0,9,6,0.042146413384053186,128869
1068,1800.69,4,400,-7.32,0.05,4,36,2,0,0,0,1,0,41,113,0.04251442452194169,129269
1069,1801.8,1,77,-4.498,0.05,1,15,0,0,1,1,0,0,5,7,0.04126187265161183,129346
1070,1801.89,0,6,-5.74,0.05,0,2,1,0,1,1,0,0,1,1,0.026463535614311695,129352
1071,1807.8,4,400,-1.798,0.05,4,53,5,0,0,0,1,0,37,106,0.04121397831477225,129752
1072,1808.33,1,37,-1.79,0.05,1,16,1,0,1,1,0,0,5,8,0.049882715542775555,129789
1073,1808.61,0,20,-4.116,0.05,0,10,2,0,1,1,0,0,3,6,0.05872589545324445,129809
1074,1809.75,2,78,1.122,0.05,2,32,3,0,1,1,0,1,9,6,0.03931870575373372,129887
1075,1810.63,6,61,3.626,0.05,1,22,1,1,0,1,0,0,7,14,0.034321589777093445,129948
1076,1813.74,3,212,-1.998,0.05,3,39,1,0,1,1,0,0,22,30,0.04765117620908708,130160
1077,1814.39,1,45,-0.498,0.05,1,22,2,0,1,1,0,0,5,11,0.039881518069240784,130205
1078,1819.67,3,362,-11.452,0.05,3,36,4,0,0,1,0,0,41,93,0.04272814485815596,130567
1079,1819.94,0,19,-5.294,0.05,0,6,0,0,1,1,0,0,2,3,0.05119283164018079,130586
1080,1821.12,2,81,1.28,0.05,2,33,2,0,0,1,0,1,10,13,0.03976077769227602,130667
1081,1821.4,0,20,-4.144,0.05,0,10,0,0,1,1,0,0,2,5,0.05048334849998355,130687
1082,1821.72,0,22,-4.836,0.05,0,8,0,0,1,1,0,0,3,5,0.040681791745803574,130709
1083,1823.96,0,155,-5.148,0.05,0,36,1,0,1,1,0,1,17,18,0.04036270766368797,130864
1084,1829.92,2,400,-8.05,0.05,2,44,6,0,0,0,1,1,32,149,0.037391644222661856,131264
1085,1832.07,3,146,3.916,0.05,3,46,4,0,1,1,0,0,17,19,0.044068828894922585,131410
1086,1832.17,0,7,-5.792,0.05,0,2,0,0,1,1,0,0,1,0,0.04608533451599734,131417
1087,1834.65,2,172,3.916,0.05,2,56,5,0,1,1,0,0,22,16,0.04576917853596252,131589
1088,1835.35,1,48,-0.642,0.05,1,22,1,0,1,1,0,0,6,8,0.03259599924786016,131637
1089,1835.72,1,26,-1.186,0.05,1,16,2,0,1,1,0,0,3,3,0.04515456408262253,131663
1090,1837.48,1,120,-0.558,0.05,1,36,1,0,1,1,0,0,14,13,0.04340693370904773,131783
1091,1837.57,0,7,-4.592,0.05,0,6,0,0,1,1,0,0,1,0,0.028379136696457863,131790
1092,1837.97,0,29,-4.348,0.05,0,11,1,0,1,1,0,0,4,9,0.03880779914044101,131819
1093,1839.2,4,85,1.582,0.05,4,25,3,0,1,1,0,1,10,15,0.04484023652313387,131904
1094,1839.27,0,5,-5.362,0.05,0,3,0,0,1,1,0,0,1,3,0.037701163068413736,131909
1095,1840.01,2,51,2.49,0.05,2,28,2,0,1,1,0,0,6,10,0.042420758007496014,131960
1096,1842.11,1,144,1.65,0.05,1,48,1,0,1,1,0,0,17,16,0.03772060529768674,132104
1097,1842.49,0,27,-4.846,0.05,0,9,0,0,1,1,0,0,3,6,0.03967237234529522,132131
1098,1848.4,4,400,-4.784,0.05,4,42,5,0,0,0,1,0,26,152,0.04164976642816327,132531
1099,1848.78,0,27,-3.316,0.05,0,14,0,0,1,1,0,0,4,8,0.028588140521336486,132558
1100,1851.39,6,182,4.922,0.05,6,48,7,0,1,1,0,2,19,19,0.04483034241698928,132740
1101,1852.02,0,43,-3.058,0.05,0,18,0,0,1,1,0,0,5,9,0.044140152958070125,132783
1102,1853.58,1,110,-0.076,0.05,1,39,2,0,1,1,0,1,14,18,0.04327728963372382,132893
1103,1854.43,0,59,-1.854,0.05,0,25,1,0,1,1,0,0,8,7,0.04845057800412178,132952
1104,1855.01,1,40,-1.66,0.05,1,17,1,0,1,1,0,0,5,9,0.03455603113397956,132992
1105,1855.62,1,42,-0.898,0.05,1,20,3,0,1,1,0,0,5,4,0.04205140857292073,133034
1106,1856.03,1,29,-1.318,0.05,1,16,2,0,1,1,0,0,4,8,0.03358315308738885,133063
1107,1860.33,2,287,-6.6,0.05,2,43,2,0,1,1,0,0,33,78,0.03777105480640192,133350
1108,1861.35,1,70,0.222,0.05,1,29,1,0,1,1,0,0,9,15,0.04302187502118093,133420
1109,1862.22,3,61,3.416,0.05,3,28,3,0,1,1,0,0,8,9,0.040443822985789815,133481
1110,1863.38,3,81,1.668,0.05,3,26,5,0,1,1,0,0,9,10,0.04984880442282668,133562
1111,1865.71,4,159,2.9,0.05,4,40,3,0,1,1,0,0,18,25,0.039330080031481744,133721
1112,1868.3,1,180,-6.912,0.05,1,30,1,0,1,1,0,1,17,33,0.03945503032559322,133901
1113,1869.46,2,80,-1.44,0.05,2,24,2,0,0,1,0,1,10,7,0.048356177448295054,133981
1114,1869.84,0,26,-4.166,0.05,0,11,2,0,1,1,0,0,3,7,0.029375463724136353,134007
1115,1871.3,2,99,2.566,0.05,2,41,2,0,1,1,0,1,12,22,0.04332972671648468,134106
1116,1871.94,1,45,-1.17,0.05,1,23,1,0,1,1,0,1,5,8,0.050514141449497806,134151
1117,1872.4,0,32,-5.736,0.05,0,7,0,0,1,1,0,0,3,20,0.049588793743168935,134183
1118,1875.7,4,231,0.878,0.05,4,47,5,0,1,1,0,0,26,61,0.044379233277818085,134414
1119,1877.04,3,92,3.73,0.05,3,35,4,0,1,1,0,0,10,18,0.04015718059330855,134506
1120,1877.27,0,16,-5.394,0.05,0,5,0,0,1,1,0,0,2,4,0.0450658043846488,134522
1121,1878.22,9,67,9.556,0.05,4,28,3,1,1,1,0,0,8,8,0.03750929225291779,134589
1122,1878.79,0,39,-1.32,0.05,0,23,0,0,1,1,0,0,5,2,0.03993345290804521,134628
1123,1879.82,2,71,3.134,0.05,2,34,2,0,1,1,0,0,9,14,0.043770719516340276,134699
1124,1883.06,2,221,-0.484,0.05,2,51,3,0,1,1,0,0,23,49,0.03665081332374482,134920
1125,1883.9,2,58,0.848,0.05,2,24,2,0,1,1,0,0,6,6,0.03904305114250245,134978
1126,1884.11,0,14,-4.984,0.05,0,6,1,0,1,1,0,0,2,3,0.03859234434951629,134992
1127,1884.94,0,57,-2.654,0.05,0,22,0,0,1,1,0,0,7,17,0.03885881753082861,135049
1128,1885.01,0,5,-5.362,0.05,0,3,1,0,1,1,0,0,1,4,0.018463480100035668,135054
1129,1885.61,0,41,-4.12,0.05,0,14,0,0,0,1,0,0,5,6,0.03685518649474877,135095
1130,1886.36,1,52,-0.252,0.05,1,24,3,0,0,1,0,0,6,9,0.05185754327640797,135147
1131,1886.8,0,30,-2.908,0.05,0,16,0,0,1,1,0,0,4,6,0.032509239452580614,135177
1132,1887.73,2,66,2.414,0.05,2,34,3,0,1,1,0,1,8,11,0.03669445796615698,135243
1133,1888.24,0,36,-2.93,0.05,0,17,1,0,1,1,0,0,5,7,0.05165913703644441,135279
1134,1889.55,3,90,5.378,0.05,3,40,3,0,1,1,0,0,12,17,0.03959180479869247,135369
1135,1890.86,3,91,5.298,0.05,3,40,3,0,1,1,0,0,11,14,0.04060965182853269,135460
1136,1892.59,2,119,-0.626,0.05,2,34,2,0,1,1,0,1,14,12,0.039764784941715856,135579
1137,1892.67,0,6,-5.422,0.05,0,3,0,0,1,1,0,0,1,3,0.024720034406830866,135585
1138,1893.95,8,89,9.2,0.05,3,36,2,1,1,1,0,0,10,18,0.042517520916344746,135674
1139,1895.14,3,82,3.43,0.05,3,32,1,0,1,1,0,0,11,10,0.0462366778335375,135756
1140,1896.5,2,93,4.018,0.05,2,41,5,0,1,1,0,0,12,22,0.04497308314086929,135849
1141,1896.58,0,6,-5.422,0.05,0,3,0,0,1,1,0,0,1,3,0.0392878878240784,135855
1142,1896.76,0,13,-5.514,0.05,0,4,0,0,1,1,0,0,2,8,0.027849125890777662,135868
1143,1897.26,1,34,-1.668,0.05,1,16,1,0,1,1,0,0,4,4,0.040198275107232964,135902
1144,1897.33,0,5,-5.362,0.05,0,3,0,0,1,1,0,0,1,3,0.03876100406050682,135907
1145,1901.45,3,281,-6.128,0.05,3,42,3,0,0,1,0,1,29,61,0.03739446389995966,136188
1146,1901.71,0,18,-3.724,0.05,0,11,0,0,1,1,0,0,2,5,0.0503392713661823,136206
1147,1902.11,2,28,0.514,0.05,2,17,3,0,1,1,0,0,3,8,0.043454875670639534,136234
1148,1902.42,1,22,-2.426,0.05,1,11,3,0,1,1,0,0,3,8,0.042828513055362484,136256
1149,1904.43,3,138,6.778,0.05,3,54,3,0,0,1,0,0,17,34,0.038499069076193417,136394
1150,1904.65,0,16,-5.414,0.05,0,5,0,0,1,1,0,0,2,4,0.02601702557876706,136410
1151,1906.73,3,142,3.192,0.05,3,46,4,0,1,1,0,1,17,26,0.03988679332501242,136552
1152,1912.64,3,400,-6.482,0.05,3,46,3,0,0,0,1,1,36,102,0.04316269741510041,136952
1153,1912.73,0,7,-4.582,0.05,0,6,0,0,1,1,0,0,1,2,0.05986351439995425,136959
1154,1913.79,1,73,0.326,0.05,1,30,1,0,1,1,0,0,9,13,0.038882818366464685,137032
1155,1914.15,1,25,-2.616,0.05,1,11,2,0,1,1,0,0,3,6,0.032626189067959784,137057
1156,1914.34,0,13,-5.234,0.05,0,5,0,0,1,1,0,0,2,3,0.03218717765636169,137070
1157,1916.69,2,163,-0.156,0.05,2,41,2,0,1,1,0,0,16,21,0.04216556165630192,137233
1158,1918.9,8,152,5.558,0.05,3,36,2,1,1,1,0,0,18,30,0.041820789166530106,137385
1159,1919.43,0,37,-1.5,0.05,0,22,0,0,1,1,0,0,5,7,0.05071393095863026,137422
1160,1919.54,0,7,-5.79,0.05,0,2,0,0,1,1,0,0,1,0,0.06105801622782435,137429
1161,1920.83,3,88,5.758,0.05,3,41,2,0,1,1,0,0,11,9,0.03759818130426786,137517
1162,1921.54,1,50,-1.032,0.05,1,21,2,0,1,1,0,0,6,13,0.04339169699698687,137567
1163,1927.39,2,400,-8.96,0.05,2,41,4,0,0,0,1,0,32,137,0.03871371546410955,137967
1164,1927.83,0,32,-5.418,0.05,0,8,0,0,1,1,0,0,4,6,0.05025231817853637,137999
1165,1930.5,2,184,1.264,0.05,2,53,4,0,1,1,0,1,20,21,0.04170611495931592,138183
1166,1931.05,0,38,-3.368,0.05,0,16,0,0,1,1,0,0,5,10,0.044193621161148736,138221
1167,1932.53,3,102,-3.03,0.05,3,31,3,0,0,1,0,5,13,19,0.039163404792620274,138323
1168,1933.12,2,42,-1.498,0.05,2,13,4,0,1,1,0,0,6,12,0.033161241605523084,138365
1169,1933.61,1,34,-1.658,0.05,1,16,1,0,1,1,0,0,4,4,0.04854103539358167,138399
1170,1934.09,1,33,-1.568,0.05,1,16,2,0,1,1,0,0,4,10,0.04447744290033976,138432
1171,1935.17,2,75,1.066,0.05,2,28,2,0,1,1,0,0,9,17,0.0402729188837111,138507
1172,1937.75,8,179,3.712,0.05,3,35,3,1,1,1,0,0,19,32,0.043436912143363635,138686
1173,1937.93,0,13,-5.532,0.05,0,4,0,0,1,1,0,0,2,7,0.05029298322132,138699
1174,1940.44,2,168,-5.548,0.05,2,27,2,0,1,1,0,1,18,31,0.0353431823563629,138867
1175,1944.69,2,296,-1.402,0.05,2,42,1,0,0,0,1,0,32,70,0.04194594693300944,139163
1176,1946.63,3,133,1.942,0.05,3,37,2,0,1,1,0,0,14,19,0.03704886410833526,139296
1177,1947.55,1,64,2.936,0.05,1,37,1,0,1,1,0,0,8,15,0.0370790744345868,139360
1178,1948.11,2,40,2.21,0.05,2,25,4,0,1,1,0,0,5,3,0.03958718439098448,139400
1179,1949.07,2,66,3.066,0.05,2,33,1,0,1,1,0,0,7,12,0.03318669814898661,139466
1180,1949.55,1,33,-1.568,0.05,1,16,1,0,1,1,0,0,4,7,0.04683411606785023,139499
1181,1949.98,0,30,-2.308,0.05,0,18,0,0,1,1,0,0,4,6,0.04214904724309842,139529
1182,1950.88,3,62,1.02,0.05,3,27,4,0,1,1,0,2,6,10,0.042912882947993856,139591
1183,1951.83,1,65,-1.668,0.05,1,25,1,0,1,1,0,1,9,15,0.038640966524298374,139656
1184,1952.67,2,59,2.336,0.05,2,29,3,0,1,1,0,0,7,7,0.04001089340170561,139715
1185,1953.36,1,49,-2.6,0.05,1,19,3,0,1,1,0,1,7,12,0.037747541176421304,139764
1186,1954.44,1,74,-0.346,0.05,1,28,1,0,1,1,0,0,8,25,0.03845505430866536,139838
1187,1960.02,1,400,-7.126,0.05,1,48,1,0,0,0,1,0,41,83,0.039414100653957576,140238
1188,1960.31,0,20,-4.106,0.05,0,10,0,0,1,1,0,0,3,7,0.03837633673101663,140258
1189,1963.22,4,199,4.912,0.05,4,55,4,0,1,1,0,0,20,33,0.04410446108548186,140457
1190,1964.94,2,119,3.434,0.05,2,44,3,0,1,1,0,0,14,19,0.04851366055957159,140576
1191,1965.48,0,37,-3.0,0.05,0,17,0,0,1,1,0,0,5,6,0.04216052910212327,140613
1192,1965.56,0,6,-5.43,0.05,0,3,0,0,1,1,0,0,1,1,0.10937631875276566,140619
1193,1966.27,1,49,-0.38,0.05,1,23,3,0,1,1,0,0,6,10,0.03578006681434962,140668
1194,1970.47,4,287,-4.33,0.05,4,44,3,0,1,1,0,1,25,71,0.03664343858637461,140955
1195,1976.21,2,400,-9.156,0.05,2,42,1,0,0,0,1,1,43,104,0.03979822477092967,141355
1196,1977.35,2,77,2.814,0.05,2,34,2,0,1,1,0,0,9,15,0.03869311272033623,141432
1197,1980.65,3,225,-4.036,0.05,3,38,4,0,1,1,0,1,24,48,0.04075111271606551,141657
1198,1984.76,4,281,-7.196,0.05,4,37,4,0,0,1,0,2,26,50,0.03872281654316972,141938
1199,1987.58,1,193,-5.76,0.05,1,33,1,0,1,1,0,0,19,26,0.0390829505794561,142131
1200,1988.16,1,41,0.656,0.05,1,25,2,0,1,1,0,0,5,6,0.031780844804172106,142172
1201,1988.55,1,27,-2.136,0.05,1,13,1,0,1,1,0,0,3,4,0.04346224724280613,142199
1202,1992.22,2,250,-2.452,0.05,2,50,4,0,1,1,0,0,24,38,0.04196174592897296,142449
1203,1992.53,0,21,-3.884,0.05,0,11,0,0,1,1,0,0,3,6,0.03449340523885829,142470
1204,1993.28,2,53,2.088,0.05,2,27,3,0,1,1,0,0,6,9,0.046338196650569166,142523
1205,1996.18,2,200,-3.122,0.05,2,42,1,0,1,1,0,1,23,30,0.047066168761812154,142723
1206,1997.12,2,64,4.174,0.05,2,36,3,0,1,1,0,0,8,10,0.047258325677830726,142787
1207,1997.42,1,21,-3.594,0.05,1,7,1,0,1,1,0,0,2,8,0.06186961985769726,142808
1208,2000.35,1,203,-4.0,0.05,1,44,2,0,1,1,0,1,21,35,0.04218990546123588,143011
1209,2001.39,6,72,4.8,0.05,1,28,2,1,1,1,0,0,9,15,0.03318850774990602,143083
1210,2001.46,0,5,-5.062,0.05,0,4,1,0,1,1,0,0,1,3,0.055074968934059144,143088
1211,2001.6,0,10,-4.492,0.05,0,7,0,0,1,1,0,0,1,2,0.041237148363143204,143098
1212,2002.71,2,77,1.566,0.05,2,30,4,0,1,1,0,0,7,13,0.048066248185932636,143175
1213,2002.93,0,16,-5.722,0.05,0,4,0,0,1,1,0,0,2,4,0.026533469615969807,143191
1214,2006.08,8,214,3.26,0.05,3,40,2,1,1,1,0,0,25,32,0.040451336451849645,143405
1215,2006.94,0,59,-1.586,0.05,0,26,2,0,0,1,0,0,7,8,0.042122588477144805,143464
1216,2007.57,1,44,-2.5,0.05,1,15,1,0,1,1,0,0,6,16,0.04867135238071734,143508
1217,2011.74,8,284,3.342,0.05,3,54,3,1,1,1,0,0,31,50,0.04017692856149564,143792
1218,2011.83,0,6,-5.422,0.05,0,3,0,0,1,1,0,0,1,3,0.02946891790876786,143798
1219,2013.84,3,140,0.73,0.05,3,41,3,0,1,1,0,2,16,15,0.040576961267340395,143938
1220,2017.77,3,274,0.14,0.05,3,58,4,0,1,1,0,0,28,54,0.04426111641550695,144212
1221,2018.82,0,72,-1.726,0.05,0,28,2,0,1,1,0,0,8,8,0.04252081531255195,144284
1222,2019.81,2,68,0.196,0.05,2,27,3,0,1,1,0,1,7,7,0.04642129422384588,144352
1223,2021.91,4,144,6.384,0.05,4,49,4,0,1,1,0,0,15,22,0.04107903659395459,144496
1224,2022.54,1,44,-0.372,0.05,1,22,1,0,1,1,0,0,6,10,0.03944198797795583,144540
1225,2022.82,0,20,-4.116,0.05,0,10,0,0,1,1,0,0,3,9,0.045989655796438454,144560
1226,2023.01,0,13,-4.934,0.05,0,6,1,0,1,1,0,0,2,5,0.0300058895865312,144573
1227,2023.53,1,36,-2.03,0.05,1,15,1,0,1,1,0,0,5,10,0.03923281947047346,144609
1228,2023.63,0,7,-5.782,0.05,0,2,0,0,1,1,0,0,1,2,0.03315247222781181,144616
1229,2024.0,0,26,-4.184,0.05,0,11,0,0,1,1,0,0,3,3,0.03761106908607941,144642
1230,2024.72,0,49,-2.528,0.05,0,21,0,0,1,1,0,0,5,7,0.046546541363457025,144691
1231,2026.62,1,130,-0.55,0.05,1,38,1,0,1,1,0,0,15,13,0.042046413785563064,144821
1232,2027.02,0,28,-4.586,0.05,0,10,1,0,1,1,0,0,4,10,0.03741140447423926,144849
1233,2027.21,0,13,-5.514,0.05,0,4,0,0,1,1,0,0,2,6,0.03288152821075458,144862
1234,2028.55,1,93,0.032,0.05,1,33,3,0,1,1,0,0,9,13,0.042043617626111356,144955
1235,2029.37,0,57,-2.624,0.05,0,22,1,0,1,1,0,0,7,14,0.03918759296076339,145012
1236,2029.44,0,5,-5.362,0.05,0,3,1,0,1,1,0,0,1,4,0.020377545058727263,145017
1237,2029.75,0,21,-3.876,0.05,0,11,0,0,1,1,0,0,3,4,0.03832688439814817,145038
1238,2035.7,3,400,-5.168,0.05,3,48,3,0,0,0,1,1,41,127,0.04253538571181707,145438
1239,2041.72,3,400,-8.02,0.05,3,39,2,0,0,0,1,1,38,143,0.03971847375039943,145838
1240,2041.83,0,8,-4.942,0.05,0,5,0,0,1,1,0,0,1,1,0.03838465828448534,145846
1241,2042.37,2,37,1.48,0.05,2,22,2,0,1,1,0,0,5,2,0.04999065011538364,145883
1242,2043.38,1,71,-4.618,0.05,1,17,3,0,1,1,0,0,4,48,0.037415840046506534,145954
1243,2044.07,2,48,1.068,0.05,2,26,2,0,1,1,0,1,6,7,0.041513105505146086,146002
1244,2047.42,3,225,-0.76,0.05,3,46,2,0,1,1,0,0,21,38,0.03958075628408955,146227
1245,2049.61,2,149,-0.47,0.05,2,37,3,0,1,1,0,0,15,12,0.0446851380456914,146376
1246,2050.6,3,68,3.642,0.05,3,30,3,0,1,1,0,0,9,11,0.04250552979133585,146444
1247,2056.21,3,400,-4.718,0.05,3,47,4,0,0,0,1,0,32,112,0.04296740150777623,146844
1248,2059.98,1,257,-8.708,0.05,1,35,0,0,1,1,0,0,28,68,0.03850210336279776,147101
1249,2065.98,2,400,-4.486,0.05,2,53,4,0,0,0,1,0,32,149,0.04217220505932346,147501
1250,2068.62,3,180,-0.816,0.05,3,40,2,0,1,1,0,1,20,36,0.045120352775686316,147681
1251,2074.46,3,400,-4.006,0.05,3,51,4,0,0,0,1,0,35,84,0.04205994834424928,148081
1252,2074.54,0,6,-5.722,0.05,0,2,0,0,1,1,0,0,1,3,0.03531108951816956,148087
1253,2076.5,3,134,1.1,0.05,3,38,2,0,1,1,0,1,11,15,0.041066750557398175,148221
1254,2076.98,1,33,-2.168,0.05,1,14,2,0,1,1,0,0,4,8,0.03023128200209502,148254
1255,2077.18,0,14,-4.974,0.05,0,6,0,0,1,1,0,0,2,4,0.051139648471559794,148268
1256,2078.43,3,86,4.97,0.05,3,38,3,0,1,1,0,0,10,9,0.04150952648934583,148354
1257,2081.08,4,181,3.158,0.05,4,45,4,0,1,1,0,0,22,30,0.03764857093993965,148535
1258,2081.89,2,56,0.416,0.05,2,22,2,0,0,1,0,0,7,15,0.03583717633903559,148591
1259,2082.13,1,17,-3.054,0.05,1,8,2,0,1,1,0,0,2,4,0.028266787748126423,148608
1260,2083.94,3,125,1.492,0.05,3,37,3,0,1,1,0,1,15,20,0.04866104619950056,148733
1261,2084.95,2,69,1.794,0.05,2,29,2,0,1,1,0,0,9,19,0.048412594822761806,148802
1262,2086.08,2,77,0.894,0.05,2,31,2,0,1,1,0,1,9,16,0.03824476695728379,148879
1263,2089.33,1,221,-4.822,0.05,1,41,1,0,1,1,0,0,29,56,0.04211657945429106,149100
1264,2089.53,0,14,-3.784,0.05,0,10,2,0,1,1,0,0,2,3,0.031044250686786005,149114
1265,2089.87,0,23,-3.716,0.05,0,12,0,0,1,1,0,0,3,0,0.04708428409598444,149137
1266,2089.95,0,6,-5.422,0.05,0,3,0,0,1,1,0,0,1,3,0.032826014483968415,149143
1267,2091.4,1,99,-1.698,0.05,1,33,1,0,1,1,0,1,11,27,0.04624166984035812,149242
1268,2092.78,4,94,6.624,0.05,4,40,3,0,1,1,0,0,11,11,0.050987152888023475,149336
1269,2097.27,1,303,-11.082,0.05,1,40,2,0,1,1,0,1,28,106,0.04530052278381419,149639
1270,2097.57,0,21,-3.574,0.05,0,12,1,0,1,1,0,0,3,6,0.03400560539393198,149660
1271,2098.14,1,40,-1.078,0.05,1,19,1,0,1,1,0,0,5,12,0.03294923051726073,149700
1272,2098.25,0,8,-4.642,0.05,0,6,1,0,1,1,0,0,1,1,0.041514721466228366,149708
1273,2098.9,1,45,0.148,0.05,1,24,0,0,1,1,0,0,6,8,0.04036680927707089,149753
1274,2100.28,3,94,5.978,0.05,3,43,4,0,1,1,0,0,11,18,0.03957518004871746,149847
1275,2100.38,0,7,-5.182,0.05,0,4,0,0,1,1,0,0,1,1,0.020376363236989294,149854
1276,2102.08,2,117,4.02,0.05,2,46,4,0,1,1,0,0,10,17,0.044931347672946945,149971
1277,2103.39,3,91,6.21,0.05,3,43,3,0,1,1,0,0,11,12,0.03716800328098483,150062
1278,2107.98,1,316,-8.118,0.05,1,49,3,0,0,1,0,0,29,67,0.04397696659817726,150378
1279,2108.08,0,7,-4.882,0.05,0,5,1,0,1,1,0,0,1,3,0.027621954147304808,150385
1280,2108.47,0,27,-6.682,0.05,0,3,0,0,1,1,0,0,1,25,0.03571979532501212,150412
1281,2110.51,4,139,6.64,0.05,4,49,3,0,1,1,0,0,13,20,0.041295480100344194,150551
1282,2116.38,13,400,5.124,0.05,3,49,3,2,0,0,1,1,40,88,0.04061009303550236,150951
1283,2121.12,3,320,-8.794,0.05,3,37,3,0,1,1,0,0,33,74,0.03959395615238463,151271
1284,2122.01,1,62,0.884,0.05,1,33,4,0,1,1,0,1,8,11,0.03926796341435083,151333
1285,2124.12,4,142,3.886,0.05,4,40,4,0,1,1,0,0,17,13,0.044865406544642966,151475
1286,2125.41,3,89,2.108,0.05,3,29,1,0,1,1,0,0,11,14,0.034370468751516906,151564
1287,2127.0,3,109,4.252,0.05,3,40,5,0,1,1,0,0,14,24,0.03887794638445618,151673
1288,2132.88,2,400,-6.736,0.05,2,51,5,0,0,0,1,1,35,138,0.041562203688081355,152073
1289,2132.99,0,8,-4.972,0.05,0,5,0,0,1,1,0,0,1,3,0.05716509523335844,152081
1290,2134.84,6,126,7.744,0.05,6,40,6,0,1,1,0,0,13,16,0.0371365202258208,152207
1291,2137.34,4,172,4.434,0.05,4,48,5,0,1,1,0,0,18,13,0.03604398975365384,152379
1292,2142.29,6,339,0.436,0.05,1,48,1,1,0,0,1,1,35,82,0.040642153245059,152718
1293,2147.16,2,334,-3.966,0.05,2,44,2,0,0,0,1,1,35,73,0.04062241572652481,153052
1294,2151.82,8,324,0.462,0.05,3,52,5,1,1,1,0,0,32,70,0.04162552964551673,153376
1295,2151.93,0,8,-4.942,0.05,0,5,1,0,1,1,0,0,1,1,0.0461684288457036,153384
1296,2152.27,0,23,-4.306,0.05,0,10,1,0,1,1,0,0,3,4,0.03759561134907215,153407
1297,2153.46,3,83,5.678,0.05,3,43,3,0,1,1,0,1,11,14,0.04852825517665191,153490
1298,2153.71,1,18,-2.824,0.05,1,9,3,0,1,1,0,0,2,3,0.037359550388322935,153508
1299,2153.94,0,15,-5.342,0.05,0,5,1,0,1,1,0,0,2,2,0.041200798004865646,153523
1300,2156.23,0,158,-0.782,0.05,0,51,1,0,1,1,0,1,18,22,0.04431027659698378,153681
1301,2159.58,2,227,-3.396,0.05,2,42,2,0,0,1,0,0,24,43,0.04096213584593477,153908
1302,2163.74,6,285,-0.864,0.05,6,42,5,0,1,1,0,0,28,58,0.0386515001096485,154193
1303,2164.14,0,28,-3.668,0.05,0,13,0,0,1,1,0,0,4,6,0.05375091062991747,154221
1304,2165.58,0,98,-1.132,0.05,0,35,1,0,1,1,0,0,11,24,0.04190210539049336,154319
1305,2167.27,3,118,6.674,0.05,3,50,3,0,1,1,0,0,14,25,0.04392011612811583,154437
1306,2168.69,5,97,7.308,0.05,5,38,5,0,1,1,0,0,11,10,0.03995013542319696,154534
1307,2169.87,1,80,3.2,0.05,1,41,2,0,1,1,0,0,10,11,0.047298901283647866,154614
1308,2169.95,0,6,-5.44,0.05,0,3,0,0,1,1,0,0,1,1,0.027385021559894085,154620
1309,2170.35,0,28,-2.768,0.05,0,16,1,0,1,1,0,0,4,7,0.03615324175916612,154648
1310,2170.43,0,5,-5.372,0.05,0,3,1,0,1,1,0,0,1,0,0.04384854175150395,154653
1311,2170.91,1,33,-0.998,0.05,1,18,3,0,1,1,0,0,4,3,0.04066361283714121,154686
1312,2172.15,10,86,10.844,0.05,5,31,4,1,1,1,0,0,9,7,0.03837729415444787,154772
1313,2173.99,4,128,6.742,0.05,4,47,4,0,0,1,0,0,16,26,0.04509157585562207,154900
1314,2175.13,2,78,2.724,0.05,2,34,4,0,1,1,0,0,8,13,0.04399975803561318,154978
1315,2176.12,3,68,1.448,0.05,3,23,4,0,1,1,0,0,7,14,0.04252182625179343,155046
1316,2177.74,4,112,4.996,0.05,4,38,2,0,1,1,0,0,12,14,0.04465831692297278,155158
1317,2177.87,0,9,-5.602,0.05,0,3,0,0,1,1,0,0,1,2,0.028259570606880717,155167
1318,2179.56,2,115,-0.286,0.05,2,36,2,0,1,1,0,1,13,30,0.039763898378157095,155282
1319,2180.1,0,38,-2.458,0.05,0,19,1,0,1,1,0,0,5,9,0.05350572199217583,155320
1320,2186.07,4,400,-6.544,0.05,4,38,4,0,0,0,1,0,36,122,0.04403596130432561,155720
1321,2188.7,4,182,5.096,0.05,4,52,5,0,1,1,0,0,18,16,0.042161049495277166,155902
1322,2189.11,0,28,-2.178,0.05,0,18,0,0,1,1,0,0,4,6,0.04468262697836118,155930
1323,2191.23,2,144,-2.064,0.05,2,34,2,0,1,1,0,1,16,25,0.042252498999005184,156074
1324,2192.24,2,69,4.972,0.05,2,43,2,0,1,1,0,1,9,12,0.045154578592358295,156143
1325,2192.55,0,22,-3.344,0.05,0,13,1,0,1,1,0,0,3,6,0.037181956354867325,156165
1326,2192.63,0,5,-5.062,0.05,0,4,1,0,1,1,0,0,1,3,0.023105624504387377,156170
1327,2192.71,0,6,-5.422,0.05,0,3,0,0,1,1,0,0,1,3,0.03020580547551314,156176
1328,2194.65,1,134,-1.734,0.05,1,35,1,0,1,1,0,0,13,20,0.04003791611141233,156310
1329,2195.57,1,64,1.764,0.05,1,33,2,0,1,1,0,0,8,14,0.034914020798169076,156374
1330,2195.67,0,7,-4.882,0.05,0,5,0,0,1,1,0,0,1,2,0.04469833749213389,156381
1331,2201.64,3,400,-9.45,0.05,3,36,4,0,0,0,1,1,35,124,0.0449709967058152,156781
1332,2202.49,1,60,-1.994,0.05,1,20,2,0,1,1,0,0,7,16,0.04114212576920787,156841
1333,2205.6,3,216,1.38,0.05,3,51,2,0,1,1,0,0,24,32,0.04217656114552584,157057
1334,2208.99,4,227,-1.964,0.05,4,37,4,0,1,1,0,0,26,51,0.037504168442708936,157284
1335,2209.85,2,59,1.736,0.05,2,27,2,0,1,1,0,0,8,5,0.04777631659250138,157343
1336,2212.33,2,171,-3.762,0.05,2,31,2,0,1,1,0,0,13,15,0.03922393744571777,157514
1337,2213.4,1,74,2.054,0.05,1,36,3,0,1,1,0,0,8,6,0.04049575757990415,157588
1338,2215.64,3,152,4.562,0.05,3,49,4,0,1,1,0,0,20,31,0.038261953287904986,157740
1339,2215.94,0,21,-4.466,0.05,0,9,0,0,1,1,0,0,3,11,0.04396725241981801,157761
1340,2216.58,1,44,-1.03,0.05,1,20,2,0,1,1,0,0,5,3,0.047985584221102974,157805
1341,2216.71,0,9,-5.302,0.05,0,4,1,0,1,1,0,0,1,2,0.027341306416524783,157814
1342,2222.73,2,400,-4.946,0.05,2,52,5,0,0,0,1,0,24,206,0.042944831536151466,158214
1343,2228.76,4,400,-2.62,0.05,4,49,5,0,0,0,1,0,33,119,0.041334408399416135,158614
1344,2229.04,0,20,-4.126,0.05,0,10,0,0,1,1,0,0,3,8,0.045919871795922516,158634
1345,2231.06,4,138,4.942,0.05,4,43,3,0,1,1,0,0,15,20,0.052126887558109083,158772
1346,2231.17,0,7,-5.482,0.05,0,3,0,0,1,1,0,0,1,2,0.054229848619018285,158779
1347,2237.21,4,400,-3.862,0.05,4,45,6,0,0,0,1,0,31,124,0.04665125006577,159179
1348,2240.84,12,257,6.96,0.05,2,49,1,2,1,1,0,0,30,33,0.040923704717540206,159436
1349,2244.94,12,276,6.614,0.05,7,47,2,1,1,1,0,1,30,61,0.03752813736597697,159712
1350,2245.83,2,62,3.644,0.05,2,34,2,0,1,1,0,0,8,15,0.041825440276654496,159774
1351,2247.16,2,90,1.75,0.05,2,33,4,0,1,1,0,0,11,13,0.03657734455126855,159864
1352,2251.34,2,279,-7.63,0.05,2,38,0,0,1,1,0,0,29,70,0.038240562179743386,160143
1353,2251.76,0,29,-3.138,0.05,0,15,0,0,1,1,0,0,4,7,0.040312387370343865,160172
1354,2252.31,1,38,-1.57,0.05,1,17,1,0,1,1,0,0,5,7,0.04621428013534138,160210
1355,2257.85,2,385,-12.042,0.05,2,47,2,0,1,1,0,1,37,95,0.04239193903427426,160595
1356,2257.99,0,9,-5.302,0.05,0,4,0,0,1,1,0,0,1,3,0.04021634140776263,160604
1357,2258.63,0,44,-0.692,0.05,0,26,0,0,1,1,0,0,6,6,0.04537484903862192,160648
1358,2259.48,1,58,-0.322,0.05,1,25,0,0,1,1,0,0,6,9,0.04085601715306784,160706
1359,2259.76,1,20,-2.924,0.05,1,9,2,0,1,1,0,0,3,7,0.04100249283947051,160726
1360,2263.32,1,244,-14.452,0.05,1,29,2,0,1,1,0,4,23,67,0.0413691935484435,160970
1361,2265.13,4,124,2.438,0.05,4,32,4,0,1,1,0,0,12,12,0.039449453338860505,161094
1362,2266.52,2,94,1.06,0.05,2,32,0,0,1,1,0,0,10,21,0.03485051118966905,161188
1363,2271.59,2,344,-11.468,0.05,2,42,4,0,0,1,0,1,26,103,0.041759942770599884,161532
1364,2271.78,0,13,-5.214,0.05,0,5,1,0,1,1,0,0,2,4,0.06803423252243262,161545
1365,2272.07,0,20,-4.116,0.05,0,10,0,0,1,1,0,0,3,6,0.036088588344864544,161565
1366,2272.78,0,48,-0.304,0.05,0,28,0,0,1,1,0,0,7,9,0.04378440242726356,161613
1367,2274.02,1,85,2.86,0.05,1,44,2,0,1,1,0,1,11,14,0.03922243683653719,161698
1368,2274.12,0,7,-5.482,0.05,0,3,0,0,1,1,0,0,1,2,0.04684303567877838,161705
1369,2275.08,0,67,-2.118,0.05,0,29,2,0,1,1,0,1,9,14,0.036349075123556514,161772
1370,2277.2,3,142,4.486,0.05,3,47,3,0,1,1,0,0,17,22,0.044700879488848676,161914
1371,2277.73,0,37,-2.11,0.05,0,20,1,0,1,1,0,0,5,4,0.03514188405982143,161951
1372,2280.26,3,173,1.202,0.05,3,42,3,0,1,1,0,0,20,30,0.04284980419937069,162124
1373,2286.02,1,400,-7.608,0.05,1,47,2,0,0,0,1,0,37,73,0.040856677326373755,162524
1374,2287.64,4,110,3.882,0.05,4,34,2,0,1,1,0,0,12,14,0.03883573715998368,162634
1375,2287.96,1,23,-2.504,0.05,1,11,1,0,1,1,0,0,3,4,0.040601032462133015,162657
1376,2288.66,2,48,1.438,0.05,2,24,2,0,1,1,0,0,6,9,0.0350510318724749,162705
1377,2289.92,1,86,-0.946,0.05,1,28,1,0,1,1,0,0,11,17,0.03965602725267757,162791
1378,2295.98,0,400,-10.422,0.05,0,44,2,0,0,0,1,0,36,95,0.039751149476505813,163191
1379,2297.84,2,128,-0.146,0.05,2,34,1,0,1,1,0,0,15,16,0.03997586492187111,163319
1380,2298.29,1,31,-2.674,0.05,1,12,1,0,1,1,0,0,4,5,0.048797153507269195,163350
1381,2300.75,3,169,4.346,0.05,3,52,5,0,1,1,0,0,17,25,0.03970109875253319,163519
1382,2301.01,1,18,-3.432,0.05,1,7,1,0,1,1,0,0,2,4,0.04683219553488824,163537
1383,2307.06,3,400,-6.452,0.05,3,41,3,0,0,0,1,0,34,136,0.04078014517668635,163937
1384,2307.16,0,7,-4.882,0.05,0,5,0,0,1,1,0,0,1,2,0.022629390470683575,163944
1385,2312.92,3,400,-5.92,0.05,3,45,3,0,0,0,1,1,43,81,0.040760482092155145,164344
1386,2314.19,3,88,8.188,0.05,3,49,3,0,1,1,0,0,12,12,0.04408177414866672,164432
1387,2314.29,0,7,-5.482,0.05,0,3,0,0,1,1,0,0,1,1,0.03601302818528244,164439
1388,2320.27,2,400,-6.79,0.05,2,48,3,0,0,0,1,0,41,97,0.041103314815554765,164839
1389,2320.54,1,19,-3.474,0.05,1,7,2,0,1,1,0,0,2,5,0.041295616250289116,164858
1390,2323.16,6,179,0.06,0.05,1,33,1,1,1,1,0,0,21,32,0.045141406294853324,165037
1391,2323.88,1,49,-0.082,0.05,1,24,1,0,1,1,0,0,7,12,0.044839272617685555,165086
1392,2329.62,2,400,-5.816,0.05,2,54,2,0,0,0,1,2,42,79,0.04128752088407055,165486
1393,2335.56,2,400,-8.402,0.05,2,39,2,0,0,0,1,0,38,92,0.040317573701031506,165886
1394,2338.05,3,170,2.152,0.05,3,48,4,0,1,1,0,1,20,28,0.04377150672816617,166056
1395,2340.45,4,167,3.914,0.05,4,45,5,0,1,1,0,0,20,18,0.034594081286452485,166223
1396,2340.76,0,21,-4.476,0.05,0,9,1,0,1,1,0,0,3,11,0.043520407884248664,166244
1397,2346.77,3,400,-6.218,0.05,3,42,4,0,0,0,1,0,28,142,0.03836688216193579,166644
1398,2352.73,3,400,-8.396,0.05,3,34,2,0,0,0,1,0,35,108,0.03975823077140376,167044
1399,2356.56,1,263,-9.04,0.05,1,35,1,0,1,1,0,0,29,43,0.04214177730921727,167307
1400,2362.65,2,400,-4.044,0.05,2,55,3,0,0,0,1,0,22,122,0.038705628466559575,167707
1401,2362.95,0,21,-3.576,0.05,0,12,3,0,1,1,0,0,3,7,0.035649166930289494,167728
1402,2364.23,1,88,-2.218,0.05,1,31,1,0,1,1,0,2,10,15,0.04345701067623767,167816
1403,2365.08,0,59,-1.556,0.05,0,26,1,0,1,1,0,0,8,10,0.04333717779303759,167875
1404,2365.26,0,13,-5.222,0.05,0,5,2,0,1,1,0,0,2,4,0.05734767334965559,167888
1405,2368.65,0,232,-11.742,0.05,0,32,0,0,1,1,0,2,22,34,0.03775129625814613,168120
1406,2371.78,9,213,3.5,0.05,4,36,5,1,1,1,0,0,21,36,0.039535897928224484,168333
1407,2377.83,2,400,-9.662,0.05,2,35,2,0,0,0,1,0,38,133,0.03916573907481506,168733
1408,2378.25,0,29,-5.584,0.05,0,7,0,0,1,1,0,0,2,3,0.044895196076610994,168762
1409,2379.12,2,59,4.446,0.05,2,36,3,0,1,1,0,0,8,9,0.042364086829504724,168821
1410,2379.19,0,5,-5.362,0.05,0,3,0,0,1,1,0,0,1,2,0.021281181648373605,168826
1411,2380.02,1,57,-1.46,0.05,1,21,2,0,1,1,0,0,7,6,0.04092832290355051,168883
1412,2381.69,5,113,4.836,0.05,5,33,5,0,1,1,0,0,10,19,0.039763693071374326,168996
1413,2384.54,8,196,5.552,0.05,3,48,2,1,1,1,0,1,20,30,0.035713566068027704,169192
1414,2386.55,2,138,3.19,0.05,2,47,2,0,1,1,0,0,16,32,0.04141243386581756,169330
1415,2387.54,1,68,0.624,0.05,1,30,1,0,0,1,0,0,9,8,0.03209859416272272,169398
1416,2387.85,0,21,-4.784,0.05,0,8,0,0,1,1,0,0,3,3,0.05047120335733607,169419
1417,2392.94,5,342,-8.48,0.05,5,36,5,0,0,1,0,1,30,108,0.045684383994197116,169761
1418,2398.2,2,361,-11.568,0.05,2,44,2,0,1,1,0,1,37,84,0.038797521749588754,170122
1419,2400.78,2,175,0.37,0.05,2,45,5,0,1,1,0,0,17,23,0.04143973357443299,170297
1420,2402.09,2,91,4.456,0.05,2,42,2,0,1,1,0,0,12,18,0.042741726500565534,170388
1421,2403.89,3,123,-0.338,0.05,3,34,3,0,1,1,0,2,15,15,0.04370127430912561,170511
1422,2408.07,1,277,-11.44,0.05,1,30,1,0,1,1,0,0,30,54,0.03795986235081235,170788
1423,2408.16,0,7,-4.892,0.05,0,5,0,0,1,1,0,0,1,0,0.01750460865774325,170795
1424,2408.92,4,52,5.138,0.05,4,27,4,0,0,1,0,0,7,4,0.04463069169567181,170847
1425,2409.12,0,14,-5.274,0.05,0,5,0,0,1,1,0,0,2,5,0.04998128867841193,170861
1426,2415.18,1,400,-7.982,0.05,1,50,4,0,0,0,1,1,40,78,0.03992317533586174,171261
1427,2415.6,1,29,-2.564,0.05,1,12,1,0,1,1,0,0,4,7,0.04867241104486687,171290
1428,2416.54,0,65,-1.296,0.05,0,28,3,0,1,1,0,0,8,12,0.04336139811919286,171355
1429,2417.72,2,81,1.542,0.05,2,34,5,0,0,1,0,1,9,7,0.04537733378647654,171436
1430,2418.45,1,49,0.216,0.05,1,25,2,0,1,1,0,0,7,4,0.04877732838599049,171485
1431,2424.28,2,400,-8.208,0.05,2,46,2,0,0,0,1,2,39,131,0.04009939706418663,171885
1432,2427.32,4,208,6.05,0.05,4,60,4,0,1,1,0,0,23,28,0.03885471668595878,172093
1433,2428.39,2,73,2.632,0.05,2,33,3,0,0,1,0,0,8,15,0.034823429107359825,172166
1434,2429.43,7,71,9.068,0.05,2,37,3,1,1,1,0,0,10,12,0.03858891037673178,172237
1435,2430.51,0,74,-0.918,0.05,0,31,0,0,1,1,0,0,9,10,0.042208960581872915,172311
1436,2431.89,0,94,-1.594,0.05,0,33,0,0,1,1,0,0,12,25,0.03180822072193978,172405
1437,2433.64,4,118,3.414,0.05,4,34,5,0,1,1,0,0,13,15,0.040983756246455644,172523
1438,2435.63,3,134,0.764,0.05,3,33,5,0,1,1,0,0,17,21,0.04112431199164755,172657
1439,2435.75,0,8,-5.542,0.05,0,3,0,0,1,1,0,0,1,3,0.033158611855469644,172665
1440,2437.31,3,105,9.914,0.05,3,58,3,0,1,1,0,0,14,16,0.048765015096536704,172770
1441,2443.08,2,400,-6.612,0.05,2,48,2,0,0,0,1,1,38,101,0.040719466649461536,173170
1442,2444.45,1,92,1.018,0.05,1,36,1,0,0,1,0,0,11,20,0.04769312704751349,173262
1443,2445.47,2,70,2.296,0.05,2,31,5,0,1,1,0,0,9,9,0.04353018434984343,173332
1444,2446.08,1,43,-0.36,0.05,1,22,1,0,1,1,0,0,5,6,0.036376026112499626,173375
1445,2446.75,1,46,-2.06,0.05,1,17,1,0,1,1,0,0,5,8,0.03312073461711407,173421
1446,2448.38,1,112,-0.396,0.05,1,35,1,0,1,1,0,0,13,15,0.038364491383877715,173533
1447,2448.45,0,5,-5.062,0.05,0,4,1,0,1,1,0,0,1,3,0.06488198414444923,173538
1448,2451.49,2,205,0.828,0.05,2,56,3,0,1,1,0,1,22,33,0.04134168703472469,173743
1449,2451.81,2,22,-0.644,0.05,2,12,2,0,1,1,0,0,3,6,0.03855096874758601,173765
1450,2456.26,1,298,-15.126,0.05,1,26,0,0,1,1,0,1,28,81,0.04365485930196541,174063
1451,2460.7,5,302,-2.396,0.05,5,45,5,0,1,1,0,0,30,25,0.03876716427085613,174365
1452,2460.77,0,5,-5.362,0.05,0,3,0,0,1,1,0,0,1,3,0.0849863525480032,174370
1453,2463.0,3,151,2.782,0.05,3,43,3,0,1,1,0,0,19,25,0.0373376425701064,174521
1454,2463.44,0,30,-4.114,0.05,0,12,0,0,1,1,0,0,4,9,0.0456272363041838,174551
1455,2463.67,0,16,-4.804,0.05,0,7,0,0,1,1,0,0,2,6,0.03625774726970121,174567
1456,2463.77,0,7,-4.882,0.05,0,5,0,0,1,1,0,0,1,2,0.05383664954985891,174574
1457,2464.03,0,18,-4.314,0.05,0,9,0,0,1,1,0,0,2,4,0.04046306065801117,174592
1458,2464.13,0,7,-6.082,0.05,0,1,0,0,1,1,0,0,1,0,0.04715540925306933,174599
1459,2464.57,2,30,-0.498,0.05,2,14,2,0,1,1,0,0,4,8,0.04398545411725839,174629
1460,2467.78,3,213,-3.514,0.05,3,34,3,0,1,1,0,0,24,49,0.03890376902696952,174842
1461,2468.01,1,17,-3.054,0.05,1,8,1,0,1,1,0,0,2,5,0.034508849768077623,174859
1462,2470.17,3,144,6.46,0.05,3,54,3,0,1,1,0,0,17,21,0.038995410011719085,175003
1463,2472.42,2,156,0.762,0.05,2,46,3,0,1,1,0,1,18,25,0.0455504330412413,175159
1464,2472.5,0,6,-5.43,0.05,0,3,0,0,1,1,0,0,1,1,0.032943189765016236,175165
1465,2472.94,0,30,-2.588,0.05,0,17,1,0,1,1,0,0,4,3,0.050454381946474315,175195
1466,2473.01,0,5,-5.362,0.05,0,3,1,0,1,1,0,0,1,0,0.018625901080667973,175200
1467,2473.11,0,7,-4.582,0.05,0,6,0,0,1,1,0,0,1,4,0.032964183549795835,175207
1468,2474.06,2,65,3.466,0.05,2,34,2,0,1,1,0,0,7,8,0.041084338982517905,175272
1469,2474.41,0,24,-3.484,0.05,0,13,1,0,1,1,0,0,3,5,0.045384128228761256,175296
1470,2475.69,4,87,6.388,0.05,4,38,3,0,1,1,0,0,11,17,0.038868183708995925,175383
1471,2478.16,3,167,0.844,0.05,3,40,2,0,1,1,0,0,15,42,0.042252826509986095,175550
1472,2480.53,5,159,6.466,0.05,5,47,6,0,1,1,0,0,18,25,0.035654434705820845,175709
1473,2481.56,2,70,4.092,0.05,2,37,4,0,1,1,0,0,9,14,0.03560118325320738,175779
1474,2482.77,3,83,6.04,0.05,3,41,4,0,1,1,0,0,10,15,0.04123018833483199,175862
1475,2482.89,0,8,-4.942,0.05,0,5,0,0,1,1,0,0,1,1,0.033953514066524804,175870
1476,2488.71,2,396,-10.044,0.05,2,33,3,0,0,0,1,0,33,126,0.0418851645216534,176266
1477,2490.12,1,94,-0.892,0.05,1,31,1,0,1,1,0,0,11,19,0.048890342282012424,176360
1478,2492.03,9,132,9.338,0.05,4,40,4,1,1,1,0,0,11,30,0.04233094404282218,176492
1479,2492.44,0,28,-2.496,0.05,0,17,0,0,1,1,0,0,4,4,0.049970547535589764,176520
1480,2493.88,3,98,-0.638,0.05,3,28,5,0,1,1,0,2,13,16,0.03705957272013991,176618
1481,2493.97,0,6,-5.422,0.05,0,3,0,0,1,1,0,0,1,4,0.030077234997103613,176624
1482,2494.74,1,53,1.196,0.05,1,29,2,0,1,1,0,0,7,6,0.04592573702475935,176677
1483,2495.28,1,37,-2.724,0.05,1,13,2,0,1,1,0,0,4,6,0.0360829069757381,176714
1484,2496.06,1,54,-2.562,0.05,1,20,3,0,1,1,0,1,7,13,0.038609908134848984,176768
1485,2498.05,3,133,3.494,0.05,3,42,4,0,1,1,0,0,15,15,0.038532866847778395,176901
1486,2499.11,1,73,0.834,0.05,1,35,1,0,1,1,0,1,9,12,0.034374087538621194,176974
1487,2503.16,1,276,-3.294,0.05,1,37,1,0,0,0,1,0,31,58,0.044534220194875976,177250
1488,2509.17,3,400,-6.002,0.05,3,43,3,0,0,0,1,0,26,167,0.041143579396884886,177650
1489,2509.39,0,16,-5.404,0.05,0,5,0,0,1,1,0,0,2,4,0.029909765609772876,177666
1490,2510.17,3,53,3.568,0.05,3,27,5,0,1,1,0,0,7,6,0.04150078397349648,177719
1491,2511.17,2,69,1.496,0.05,2,28,2,0,1,1,0,0,9,12,0.04273307226274325,177788
1492,2512.33,5,79,3.82,0.05,0,31,1,1,1,1,0,0,10,18,0.04404631719771254,177867
1493,2512.72,0,27,-3.316,0.05,0,14,0,0,1,1,0,0,4,6,0.035356854261071595,177894
1494,2514.91,3,147,2.332,0.05,3,41,1,0,1,1,0,0,16,19,0.04068458050514768,178041
1495,2514.99,0,6,-5.722,0.05,0,2,0,0,1,1,0,0,1,4,0.041600571324427925,178047
1496,2516.17,8,82,7.63,0.05,3,36,3,1,1,1,0,2,10,12,0.05023815518063379,178129
1497,2519.09,1,197,-2.34,0.05,1,45,0,0,1,1,0,0,22,26,0.04261641045748658,178326
1498,2519.72,2,43,1.75,0.05,2,24,2,0,1,1,0,0,5,2,0.04054563999349295,178369
1499,2521.45,8,120,9.252,0.05,3,42,3,1,1,1,0,0,15,17,0.03908878229558468,178489
1500,2527.42,1,400,-10.98,0.05,1,37,1,0,0,0,1,0,31,163,0.041122527031693605,178889
1501,2528.01,0,41,-3.59,0.05,0,16,1,0,1,1,0,0,5,12,0.04700093795886127,178930
1502,2534.05,6,400,-6.988,0.05,1,36,1,1,0,0,1,1,34,96,0.039643630255013704,179330
1503,2535.18,1,77,-1.388,0.05,1,25,1,0,1,1,0,0,9,18,0.040853362663515976,179407
1504,2535.52,0,24,-2.566,0.05,0,16,3,0,1,1,0,0,3,3,0.03208867673917363,179431
1505,2536.17,4,45,4.01,0.05,4,22,4,0,1,1,0,0,5,6,0.03504429989390903,179476
1506,2537.41,2,84,0.902,0.05,2,29,3,0,1,1,0,0,9,12,0.0415204392879137,179560
1507,2539.14,3,116,-1.842,0.05,3,21,3,0,0,1,0,0,14,30,0.04389384739775339,179676
1508,2543.4,2,287,-6.2,0.05,2,44,2,0,1,1,0,0,33,51,0.037723097142208534,179963
1509,2549.19,2,400,-2.974,0.05,2,57,3,0,0,0,1,0,40,99,0.03826502123149112,180363
1510,2550.28,1,74,0.576,0.05,1,31,0,0,1,1,0,0,9,12,0.0406684158747462,180437
1511,2550.57,0,21,-4.176,0.05,0,10,1,0,1,1,0,0,3,7,0.036691787519625256,180458
1512,2556.47,2,387,-12.68,0.05,2,45,2,0,1,1,0,1,46,71,0.04308103143841567,180845
1513,2559.07,2,175,0.8,0.05,2,46,4,0,1,1,0,0,23,25,0.03860769180847066,181020
1514,2560.2,1,77,3.064,0.05,1,40,1,0,1,1,0,0,9,11,0.03684655240095862,181097
1515,2560.28,0,5,-5.362,0.05,0,3,0,0,1,1,0,0,1,1,0.07772534415125847,181102
1516,2560.38,0,7,-4.882,0.05,0,5,0,0,1,1,0,0,1,1,0.04131376902971949,181109
1517,2561.1,1,50,-0.15,0.05,1,24,1,0,1,1,0,0,7,8,0.03507193179801107,181159
1518,2561.2,0,7,-5.482,0.05,0,3,0,0,1,1,0,0,1,2,0.05071358236351183,181166
1519,2564.88,9,254,3.936,0.05,4,55,6,1,1,1,0,3,27,58,0.041707009674731906,181420
1520,2565.4,1,35,-1.078,0.05,1,18,1,0,1,1,0,0,5,9,0.038019592208521705,181455
1521,2565.86,2,33,-0.118,0.05,2,16,2,0,1,1,0,0,4,2,0.04206460309355999,181488
1522,2567.28,2,96,1.682,0.05,2,34,4,0,1,1,0,0,9,15,0.04126003804655435,181584
1523,2567.54,0,18,-4.014,0.05,0,10,0,0,1,1,0,0,2,4,0.029820697330352332,181602
1524,2568.79,3,85,3.246,0.05,3,32,3,0,0,1,0,0,11,18,0.03559391710030682,181687
1525,2572.1,3,222,-1.432,0.05,3,43,3,0,1,1,0,0,21,69,0.03892426751134498,181909
1526,2572.74,2,44,-1.02,0.05,2,15,3,0,1,1,0,0,5,9,0.039968484843319114,181953
1527,2573.59,4,58,4.706,0.05,4,30,5,0,1,1,0,1,7,15,0.04499064576972661,182011
1528,2574.66,4,73,1.664,0.05,4,23,4,0,1,1,0,1,8,21,0.04183271321889064,182084
1529,2575.63,6,66,3.3,0.05,1,22,2,1,1,1,0,0,7,10,0.043693093724097264,182150
1530,2575.82,0,14,-5.292,0.05,0,5,0,0,1,1,0,0,2,3,0.03427046537399292,182164
1531,2578.77,1,197,-2.874,0.05,1,43,1,0,1,1,0,0,22,49,0.04406363296743274,182361
1532,2584.57,3,400,-11.67,0.05,3,33,1,0,0,0,1,2,38,94,0.03857903384370729,182761
1533,2584.97,1,27,-3.644,0.05,1,8,2,0,1,1,0,0,4,6,0.04687945361904524,182788
1534,2586.88,1,128,-0.908,0.05,1,40,2,0,1,1,0,1,13,17,0.03936255894950591,182916
1535,2588.46,2,108,3.114,0.05,2,41,1,0,1,1,0,0,13,15,0.04370533888814626,183024
1536,2588.57,0,7,-5.482,0.05,0,3,0,0,1,1,0,0,1,2,0.06196506454476288,183031
1537,2588.65,0,6,-5.732,0.05,0,2,1,0,1,1,0,0,1,1,0.024661913514137268,183037
1538,2589.53,2,59,-0.724,0.05,2,22,1,0,1,1,0,1,8,13,0.05015984873713578,183096
1539,2590.52,1,67,0.374,0.05,1,29,2,0,1,1,0,0,9,14,0.0495999814358665,183163
1540,2590.94,1,30,-2.676,0.05,1,12,1,0,1,1,0,0,3,10,0.032482857691744964,183193
1541,2591.01,0,5,-5.362,0.05,0,3,0,0,1,1,0,0,1,2,0.032138649746775626,183198
1542,2597.07,4,400,-4.8,0.05,4,45,5,0,0,0,1,1,34,118,0.04200000917771831,183598
1543,2599.49,8,165,8.434,0.05,3,48,3,1,1,1,0,0,18,20,0.04120525208612283,183763
1544,2600.98,3,101,2.888,0.05,3,34,3,0,1,1,0,0,11,17,0.03972984156986274,183864
1545,2604.35,4,227,-4.554,0.05,4,32,5,0,1,1,0,1,18,108,0.03926848245801051,184091
1546,2604.94,1,40,-0.18,0.05,1,22,1,0,1,1,0,0,5,6,0.04139300188980997,184131
1547,2610.92,1,400,-13.17,0.05,1,35,1,0,0,0,1,0,28,143,0.04318269080366008,184531
1548,2611.93,2,70,1.368,0.05,2,28,2,0,1,1,0,0,8,10,0.043476043388779674,184601
1549,2612.9,3,66,4.334,0.05,3,32,3,0,1,1,0,0,9,10,0.04313061914096276,184667
1550,2613.1,0,14,-4.684,0.05,0,7,0,0,1,1,0,0,2,2,0.04326260216268046,184681
1551,2613.19,0,6,-5.722,0.05,0,2,0,0,1,1,0,0,1,3,0.04269483871757984,184687
1552,2613.73,1,37,-2.4,0.05,1,14,1,0,1,1,0,0,5,10,0.04372778746324617,184724
1553,2616.2,3,166,-3.264,0.05,3,30,2,0,1,1,0,1,16,39,0.03578471154793648,184890
1554,2616.75,0,37,-2.398,0.05,0,19,0,0,1,1,0,0,5,9,0.036636430090545,184927
1555,2617.62,2,59,2.286,0.05,2,29,2,0,1,1,0,0,7,10,0.03565646035565158,184986
1556,2617.88,0,18,-4.314,0.05,0,9,0,0,1,1,0,0,2,3,0.04054223973717955,185004
1557,2620.9,7,206,5.8,0.05,7,44,7,0,1,1,0,0,21,21,0.04656703614864896,185210
1558,2620.98,0,6,-5.43,0.05,0,3,0,0,1,1,0,0,1,1,0.024863227425764006,185216
1559,2622.38,1,94,0.89,0.05,1,36,1,0,1,1,0,0,11,9,0.03876745904934533,185310
1560,2625.88,2,232,-7.276,0.05,2,37,3,0,1,1,0,2,22,30,0.04097318552948277,185542
1561,2626.38,0,35,-3.188,0.05,0,16,1,0,1,1,0,0,4,7,0.046146194290901936,185577
1562,2628.54,4,146,5.654,0.05,4,47,3,0,1,1,0,0,13,13,0.041251522150809225,185723
1563,2633.48,4,333,-2.614,0.05,4,55,7,0,1,1,0,0,39,64,0.04520412478959551,186056
1564,2636.01,4,171,2.18,0.05,4,40,4,0,1,1,0,0,20,27,0.04190545108125747,186227
1565,2641.96,4,397,-13.91,0.05,4,30,3,0,1,1,0,0,39,110,0.04004386550059509,186624
1566,2642.05,0,6,-5.432,0.05,0,3,0,0,1,1,0,0,1,1,0.022722988234212,186630
1567,2643.56,1,103,0.326,0.05,1,39,4,0,0,1,0,1,15,20,0.03969592407562779,186733
1568,2645.16,7,111,4.184,0.05,2,35,2,1,0,1,0,1,9,42,0.043430071752015,186844
1569,2646.05,1,61,-2.76,0.05,1,21,2,0,1,1,0,1,7,16,0.037077835272447984,186905
1570,2647.21,2,79,2.274,0.05,2,36,3,0,1,1,0,1,9,13,0.03744469603075634,186984
1571,2647.66,0,31,-2.638,0.05,0,17,2,0,1,1,0,0,4,7,0.036498579917655836,187015
1572,2647.76,0,7,-5.482,0.05,0,3,0,0,1,1,0,0,1,2,0.05522333418152162,187022
1573,2648.48,0,49,-2.5,0.05,0,21,0,0,1,1,0,0,6,6,0.03815253010513831,187071
1574,2650.99,4,169,1.248,0.05,4,37,2,0,1,1,0,0,15,22,0.04347243688493614,187240
1575,2652.43,4,98,5.246,0.05,4,36,5,0,1,1,0,0,12,11,0.04356757830828428,187338
1576,2653.52,1,74,-0.064,0.05,1,29,3,0,1,1,0,0,8,12,0.04035696981323732,187412
1577,2654.55,2,70,1.956,0.05,2,30,3,0,1,1,0,0,9,14,0.0381834219475942,187482
1578,2655.26,0,48,-1.242,0.05,0,25,2,0,1,1,0,0,6,4,0.04199138382682577,187530
1579,2655.97,1,49,1.018,0.05,1,31,0,0,1,1,0,1,7,10,0.04586584225525053,187579
1580,2656.62,1,45,-0.74,0.05,1,21,3,0,1,1,0,0,6,8,0.04316406312088172,187624
1581,2657.23,0,42,-4.17,0.05,0,14,0,0,1,1,0,0,5,11,0.05103433034604504,187666
1582,2659.98,5,186,3.99,0.05,5,44,3,0,1,1,0,0,21,21,0.04373219204435666,187852
1583,2660.83,3,58,1.186,0.05,3,20,3,0,1,1,0,0,7,13,0.04192648314196488,187910
1584,2662.01,2,80,1.764,0.05,2,31,2,0,1,1,0,0,11,16,0.03817101676249877,187990
1585,2662.76,2,51,1.308,0.05,2,24,2,0,1,1,0,0,7,9,0.04194092898465255,188041
1586,2663.95,3,81,3.126,0.05,3,31,3,0,1,1,0,0,10,15,0.03805777347750134,188122
1587,2666.54,10,176,9.552,0.05,5,44,3,1,1,1,0,0,20,23,0.04010093555817465,188298
1588,2672.45,3,400,-6.528,0.05,3,47,3,0,0,0,1,2,41,100,0.042217714439611885,188698
1589,2673.15,1,47,0.348,0.05,1,25,2,0,1,1,0,0,6,8,0.03797303798033836,188745
1590,2673.94,2,54,-0.664,0.05,2,18,1,0,0,1,0,0,7,10,0.0522620782463087,188799
1591,2674.25,0,22,-3.346,0.05,0,13,1,0,1,1,0,0,3,5,0.04125624725764448,188821
1592,2676.79,2,173,2.664,0.05,2,52,4,0,1,1,0,0,19,20,0.040475709530702564,188994
1593,2681.56,3,325,-6.534,0.05,3,52,2,0,1,1,0,2,38,60,0.0431919599410433,189319
1594,2682.67,2,75,3.516,0.05,2,36,1,0,1,1,0,0,9,12,0.04365059391905864,189394
1595,2684.51,2,123,-0.198,0.05,2,36,2,0,1,1,0,1,15,19,0.04277161886627839,189517
1596,2685.74,1,84,-0.192,0.05,1,37,3,0,1,1,0,2,10,19,0.04577486090628164,189601
1597,2691.29,5,377,-6.122,0.05,5,47,4,0,1,1,0,0,38,91,0.04102022020610677,189978
1598,2692.17,1,59,-0.054,0.05,1,26,2,0,1,1,0,0,7,11,0.038687639475121334,190037
1599,2693.6,3,96,3.5,0.05,3,35,2,0,1,1,0,0,12,20,0.04146800105809234,190133
1600,2694.47,3,59,2.28,0.05,3,24,3,0,1,1,0,0,5,6,0.03959822807839866,190192
1601,2694.74,0,19,-4.084,0.05,0,10,1,0,1,1,0,0,2,3,0.0443931511162143,190211
1602,2695.4,3,45,1.964,0.05,3,20,3,0,1,1,0,0,5,7,0.04478013611709078,190256
1603,2696.36,1,66,-0.776,0.05,1,25,2,0,0,1,0,0,8,24,0.044545682429364235,190322
1604,2701.0,3,310,-7.822,0.05,3,39,3,0,1,1,0,0,27,65,0.043309649901704925,190632
1605,2701.08,0,5,-5.062,0.05,0,4,0,0,1,1,0,0,1,4,0.03437925167381763,190637
1606,2703.59,4,172,-0.426,0.05,4,35,6,0,1,1,0,1,17,20,0.045275275146068876,190809
1607,2705.65,3,139,5.746,0.05,3,54,2,0,1,1,0,1,15,15,0.043650894851269696,190948
1608,2705.84,0,13,-4.614,0.05,0,7,2,0,1,1,0,0,2,3,0.03014252786166393,190961
1609,2708.69,0,196,-9.022,0.05,0,31,1,0,0,1,0,1,17,50,0.04100808665175371,191157
1610,2709.56,1,59,-3.156,0.05,1,16,4,0,1,1,0,0,4,4,0.045536884169836166,191216
1611,2710.63,2,73,3.1,0.05,2,34,3,0,1,1,0,0,10,14,0.04149742853151609,191289
1612,2711.12,1,34,-1.026,0.05,1,18,2,0,1,1,0,0,4,9,0.04408020737087902,191323
1613,2711.54,0,29,-1.646,0.05,0,20,1,0,1,1,0,0,3,5,0.04048760312384572,191352
1614,2712.87,1,90,1.758,0.05,1,38,1,0,1,1,0,0,11,11,0.03905897815194395,191442
1615,2715.61,3,183,-2.366,0.05,3,36,3,0,1,1,0,1,20,37,0.04547984188656664,191625
1616,2718.41,4,192,-1.398,0.05,4,32,4,0,1,1,0,0,22,39,0.04091025221714517,191817
1617,2720.35,3,130,3.086,0.05,3,40,3,0,1,1,0,0,16,22,0.04329258737225945,191947
1618,2720.61,0,18,-4.914,0.05,0,7,0,0,1,1,0,0,2,4,0.03340952362244328,191965
1619,2721.54,0,64,0.864,0.05,0,35,2,0,1,1,0,0,8,11,0.037331806277506985,192029
1620,2721.64,0,7,-5.492,0.05,0,3,0,0,1,1,0,0,1,2,0.07425101593668972,192036
1621,2725.74,3,276,-5.778,0.05,3,39,2,0,1,1,0,0,24,70,0.04230332291226132,192312
1622,2731.04,2,366,-10.594,0.05,2,48,1,0,1,1,0,1,38,98,0.03781029217382842,192678
1623,2731.91,1,59,1.444,0.05,1,31,4,0,1,1,0,0,8,8,0.0329882650936054,192737
1624,2732.23,0,22,-4.556,0.05,0,9,0,0,1,1,0,0,3,9,0.051951054610650645,192759
1625,2734.46,5,152,7.468,0.05,5,49,4,0,1,1,0,0,18,20,0.03714071656577289,192911
1626,2736.2,7,120,6.996,0.05,2,43,1,1,1,1,0,1,12,13,0.039513734064530584,193031
1627,2736.41,0,14,-4.684,0.05,0,7,0,0,1,1,0,0,2,5,0.050600115076771805,193045
1628,2736.82,0,28,-3.668,0.05,0,13,0,0,1,1,0,0,4,8,0.037384158199919124,193073
1629,2736.93,0,7,-5.482,0.05,0,3,1,0,1,1,0,0,1,2,0.028591408261231015,193080
1630,2737.21,0,20,-4.116,0.05,0,10,0,0,1,1,0,0,3,8,0.0388296548742801,193100
1631,2743.25,11,400,2.044,0.05,6,44,6,1,0,0,1,2,39,110,0.03953441613120958,193500
1632,2743.88,1,43,-2.276,0.05,1,19,2,0,1,1,0,1,5,8,0.051557528158259945,193543
1633,2743.95,0,5,-5.372,0.05,0,3,0,0,1,1,0,0,1,0,0.03239790834486485,193548
1634,2745.15,3,81,4.662,0.05,3,36,2,0,1,1,0,0,9,16,0.04812023862276548,193629
1635,2745.49,0,23,-2.504,0.05,0,16,1,0,1,1,0,0,3,5,0.029073940185101135,193652
1636,2746.04,0,39,-1.91,0.05,0,21,1,0,1,1,0,0,5,6,0.03988547487041125,193691
1637,2747.74,2,116,-1.038,0.05,2,29,2,0,1,1,0,0,9,11,0.0456133980207659,193807
1638,2750.36,4,174,3.168,0.05,4,44,4,0,1,1,0,0,19,29,0.03776454052556007,193981
1639,2750.47,0,8,-4.652,0.05,0,6,0,0,1,1,0,0,1,1,0.051090872613713145,193989
1640,2750.85,0,27,-3.318,0.05,0,14,0,0,1,1,0,0,4,6,0.033193100692221415,194016
1641,2752.0,1,78,-1.248,0.05,1,29,2,0,0,1,0,1,9,18,0.039840597742929675,194094
1642,2752.3,1,21,-3.294,0.05,1,8,1,0,1,1,0,0,3,4,0.048868185618803614,194115
1643,2754.73,1,163,-2.798,0.05,1,37,2,0,1,1,0,0,17,22,0.044427512859228566,194278
1644,2759.58,2,333,-9.868,0.05,2,41,3,0,1,1,0,0,40,62,0.04388890238394877,194611
1645,2759.88,0,21,-4.232,0.05,0,10,0,0,1,1,0,0,3,7,0.04704916818688313,194632
1646,2760.62,2,51,1.288,0.05,2,24,2,0,1,1,0,0,7,12,0.03693456589883449,194683
1647,2761.06,0,31,-4.176,0.05,0,12,0,0,1,1,0,0,3,7,0.03625796954598157,194714
1648,2762.92,5,128,8.59,0.05,5,48,3,0,1,1,0,0,16,23,0.04068456724053249,194842
1649,2764.57,8,112,8.074,0.05,3,40,3,1,1,1,0,1,14,17,0.03667598536204813,194954
1650,2767.98,1,232,-5.536,0.05,1,43,1,0,1,1,0,0,25,61,0.04086154811726562,195186
1651,2769.44,4,98,4.468,0.05,4,37,5,0,1,1,0,1,10,14,0.03967536249369079,195284
1652,2769.97,0,36,-2.33,0.05,0,19,1,0,1,1,0,0,5,9,0.039361819029889174,195320
1653,2775.85,0,400,-9.264,0.05,0,46,2,0,0,0,1,0,38,116,0.038119779992848636,195720
1654,2776.03,0,12,-6.082,0.05,0,2,0,0,1,1,0,0,1,5,0.03344186729130646,195732
1655,2781.96,4,400,-7.404,0.05,4,41,6,0,0,0,1,2,32,82,0.04186945183202624,196132
1656,2782.37,1,28,-1.896,0.05,1,14,2,0,1,1,0,0,3,8,0.04370498890057206,196160
1657,2788.16,4,400,-3.678,0.05,4,47,4,0,0,0,1,0,44,78,0.04098828743910417,196560
1658,2788.4,0,16,-4.814,0.05,0,7,1,0,1,1,0,0,2,4,0.03653635806404054,196576
1659,2789.35,1,64,1.672,0.05,1,36,2,0,1,1,0,1,9,10,0.037421518500195816,196640
1660,2793.85,3,304,-4.184,0.05,3,50,4,0,1,1,0,0,23,79,0.0435156594428822,196944
1661,2795.65,3,120,2.694,0.05,3,40,3,0,1,1,0,1,15,19,0.03870321129991983,197064
1662,2795.87,0,16,-5.412,0.05,0,5,0,0,1,1,0,0,2,4,0.0388529667397961,197080
1663,2797.27,1,94,-0.25,0.05,1,32,1,0,1,1,0,0,12,13,0.04673179250923877,197174
1664,2797.37,0,7,-5.182,0.05,0,4,1,0,1,1,0,0,1,2,0.05275524567280497,197181
1665,2798.17,2,55,1.978,0.05,2,27,2,0,1,1,0,0,7,11,0.056612617014483974,197236
1666,2801.25,7,208,1.238,0.05,7,36,6,0,1,1,0,2,20,24,0.047024491883348674,197444
1667,2801.67,0,29,-3.786,0.05,0,13,0,0,1,1,0,0,4,10,0.033509226002056025,197473
1668,2804.7,3,206,-2.698,0.05,3,39,3,0,1,1,0,1,19,46,0.041087685487441065,197679
1669,2805.33,1,43,-0.948,0.05,1,20,1,0,1,1,0,0,5,10,0.04325794467572556,197722
1670,2806.0,0,47,-4.548,0.05,0,14,0,0,1,1,0,0,4,11,0.04158945978084143,197769
1671,2806.86,2,58,0.594,0.05,2,23,2,0,1,1,0,0,8,12,0.03890440218022157,197827
1672,2812.91,2,400,-3.524,0.05,2,55,2,0,0,0,1,0,44,87,0.04023266428033821,198227
1673,2814.56,2,110,-0.394,0.05,2,33,1,0,1,1,0,1,14,24,0.04218571143732829,198337
1674,2815.42,0,58,-0.586,0.05,0,29,1,0,1,1,0,0,8,14,0.04773912810046097,198395
1675,2820.46,9,346,0.544,0.05,4,51,5,1,1,1,0,0,38,76,0.04279695521781727,198741
1676,2826.47,6,400,-6.596,0.05,1,40,2,1,0,0,1,2,40,77,0.04298833416425623,199141
1677,2827.85,2,93,3.11,0.05,2,38,3,0,1,1,0,0,12,19,0.04362867213785648,199234
1678,2828.52,2,46,0.37,0.05,2,20,3,0,1,1,0,0,5,6,0.039382461660906025,199280
1679,2831.47,4,199,-1.622,0.05,4,36,3,0,1,1,0,1,22,32,0.040195236955979964,199479
1680,2832.34,5,59,1.898,0.05,0,21,2,1,1,1,0,0,7,14,0.050456906132147476,199538
1681,2838.13,1,390,-16.368,0.05,1,39,2,0,1,1,0,1,36,98,0.040950781216797155,199928
1682,2840.52,4,162,6.634,0.05,4,53,5,0,1,1,0,0,19,28,0.037599594269039825,200000
1683,2845.13,5,306,-3.452,0.05,5,46,5,0,0,1,0,1,25,77,0.04016372213730576,200000
1684,2845.6,1,32,-1.218,0.05,1,17,2,0,1,1,0,0,4,7,0.04184594709658995,200000
1685,2846.22,0,43,-2.508,0.05,0,23,0,0,1,1,0,1,6,10,0.04159096745384294,200000
1686,2848.19,1,135,-1.314,0.05,1,40,5,0,1,1,0,1,13,33,0.035355795374898996,200000
1687,2853.78,8,387,-3.518,0.05,3,54,5,1,1,1,0,1,37,71,0.04496999470714374,200000
1688,2853.98,0,14,-5.292,0.05,0,5,1,0,1,1,0,0,2,2,0.036874372977763414,200000
1689,2854.5,1,35,-2.28,0.05,1,14,2,0,1,1,0,0,5,11,0.04466252864471504,200000
1690,2855.39,4,60,4.066,0.05,4,25,4,0,1,1,0,0,7,7,0.03689474104903638,200000
1691,2857.42,5,141,4.82,0.05,5,38,6,0,1,1,0,0,18,19,0.04179262317030143,200000
1692,2857.73,0,21,-3.894,0.05,0,11,0,0,1,1,0,0,2,3,0.04006023576394433,200000
1693,2861.16,4,236,-1.066,0.05,4,45,4,0,1,1,0,1,24,43,0.043193148196501246,200000
1694,2863.07,4,128,1.642,0.05,4,30,3,0,1,1,0,0,15,18,0.038640575199679006,200000
1695,2863.89,2,55,1.338,0.05,2,25,3,0,1,1,0,0,7,8,0.03832224143499678,200000
1696,2864.28,2,27,-1.226,0.05,2,11,3,0,1,1,0,0,4,9,0.03863060105316065,200000
1697,2865.09,1,55,-0.46,0.05,1,24,2,0,1,1,0,0,6,7,0.03513030695982955,200000
1698,2870.21,3,340,-7.672,0.05,3,45,4,0,1,1,0,0,33,69,0.039918063449509,200000
1699,2870.31,0,7,-4.582,0.05,0,6,0,0,1,1,0,0,1,2,0.05336462812764304,200000
1700,2876.48,2,400,-7.792,0.05,2,47,3,0,0,0,1,2,43,100,0.03946422086330131,200000
1701,2878.16,3,113,2.812,0.05,3,36,3,0,1,1,0,0,13,25,0.04374693984380074,200000
1702,2880.07,3,129,1.582,0.05,3,35,3,0,1,1,0,0,15,21,0.04281162635906953,200000
1703,2881.24,1,80,2.36,0.05,1,38,3,0,1,1,0,0,11,16,0.040321684058289974,200000
1704,2882.45,2,81,4.36,0.05,2,40,1,0,1,1,0,0,10,7,0.047031001659271154,200000
1705,2883.17,1,49,-1.59,0.05,1,19,1,0,1,1,0,0,6,11,0.038880067725418785,200000
1706,2887.21,3,273,-6.514,0.05,3,36,2,0,1,1,0,0,27,47,0.043530565983319024,200000
1707,2887.63,1,29,-1.664,0.05,1,15,1,0,1,1,0,0,3,4,0.030169948485904728,200000
1708,2887.73,0,7,-5.182,0.05,0,4,1,0,1,1,0,0,1,1,0.037526556689824374,200000
1709,2887.8,0,5,-5.362,0.05,0,3,0,0,1,1,0,0,1,1,0.04143282826989889,200000
1710,2889.16,2,92,2.282,0.05,2,35,2,0,0,1,0,0,12,10,0.039827640239230314,200000
1711,2895.24,2,400,-6.528,0.05,2,46,1,0,0,0,1,0,32,89,0.038358261508401485,200000
1712,2898.73,9,238,4.564,0.05,4,44,4,1,0,1,0,0,27,46,0.04130187620674925,200000
1713,2904.58,4,400,-11.214,0.05,4,33,2,0,0,0,1,4,39,87,0.040618479636032136,200000
1714,2905.12,0,36,-2.36,0.05,0,19,1,0,1,1,0,0,5,10,0.04004501735067202,200000
1715,2907.72,4,176,-3.336,0.05,4,23,2,0,1,1,0,0,14,21,0.0386060425106817,200000
1716,2908.22,1,34,-2.246,0.05,1,14,1,0,1,1,0,0,4,5,0.040349966490312535,200000
1717,2909.59,2,93,1.854,0.05,2,37,4,0,1,1,0,1,12,21,0.043319759059256766,200000
1718,2909.88,1,20,-2.634,0.05,1,10,1,0,1,1,0,0,2,2,0.05345273669809103,200000
1719,2911.3,3,96,4.366,0.05,3,38,3,0,1,1,0,0,12,12,0.04109009821452977,200000
1720,2911.5,1,15,-3.562,0.05,1,6,2,0,1,1,0,0,2,3,0.044162224419414996,200000
1721,2913.12,3,109,3.268,0.05,3,41,5,0,1,1,0,1,12,29,0.04014888973137654,200000
1722,2913.43,0,21,-3.566,0.05,0,12,0,0,1,1,0,0,3,4,0.03673161357818615,200000
1723,2915.07,7,112,6.104,0.05,2,35,4,1,1,1,0,0,14,16,0.042183270827601,200000
1724,2915.58,0,35,-3.77,0.05,0,14,0,0,1,1,0,0,5,12,0.02889357850487743,200000
1725,2917.09,2,102,3.812,0.05,2,42,2,0,1,1,0,0,14,14,0.035302141608268604,200000
1726,2917.44,0,24,-3.756,0.05,0,12,1,0,1,1,0,0,3,3,0.053542328998446465,200000
1727,2918.21,1,52,-0.58,0.05,1,23,1,0,1,1,0,0,5,11,0.04019856208469719,200000
1728,2922.81,2,322,-8.944,0.05,2,42,2,0,1,1,0,0,31,103,0.03823124600562805,200000
1729,2927.84,4,347,-5.1,0.05,4,53,4,0,0,1,0,1,35,67,0.0414699745224923,200000
1730,2929.41,2,106,3.218,0.05,2,41,1,0,1,1,0,0,12,11,0.04119447249708311,200000
1731,2929.83,1,29,-2.228,0.05,1,13,2,0,1,1,0,0,4,8,0.046926824440216196,200000
1732,2930.39,1,38,-0.05,0.05,1,22,3,0,1,1,0,0,5,8,0.034106957481095664,200000
1733,2933.17,3,188,5.364,0.05,3,59,5,0,1,1,0,0,22,38,0.038787019067503356,200000
1734,2935.53,2,157,1.828,0.05,2,46,3,0,1,1,0,0,20,22,0.04595748712397685,200000
1735,2941.35,4,389,-10.006,0.05,4,45,3,0,1,1,0,1,37,83,0.04012168693214961,200000
1736,2943.17,6,124,8.15,0.05,1,49,3,1,1,1,0,0,16,18,0.03888807755955044,200000
1737,2948.92,5,383,-8.472,0.05,5,43,5,0,0,1,0,1,40,108,0.041394700330266286,200000
1738,2950.06,0,77,1.904,0.05,0,41,4,0,1,1,0,0,9,13,0.03926089268129367,200000
1739,2950.94,1,60,1.086,0.05,1,30,3,0,1,1,0,0,7,12,0.04637945679326852,200000
1740,2951.83,1,61,1.316,0.05,1,31,2,0,1,1,0,0,8,18,0.03736724731985663,200000
1741,2952.7,1,58,2.114,0.05,1,33,1,0,1,1,0,0,7,11,0.050909587294505586,200000
1742,2953.02,0,22,-3.626,0.05,0,12,0,0,1,1,0,0,3,8,0.044653964694589376,200000
1743,2953.12,0,7,-4.582,0.05,0,6,0,0,1,1,0,0,1,3,0.05795934530241149,200000
1744,2954.75,7,110,10.406,0.05,2,49,4,1,1,1,0,0,13,21,0.04194043327800252,200000
1745,2957.48,4,184,0.436,0.05,4,37,4,0,1,1,0,0,18,29,0.03874877093704012,200000
1746,2957.58,0,7,-5.782,0.05,0,2,0,0,1,1,0,0,1,2,0.07843063159712724,200000
1747,2963.67,2,400,-6.062,0.05,2,50,4,0,0,0,1,1,41,124,0.04062587140128016,200000
1748,2964.43,1,52,-1.19,0.05,1,21,2,0,1,1,0,0,6,13,0.04466745554684447,200000
1749,2964.7,0,19,-4.674,0.05,0,8,0,0,1,1,0,0,2,9,0.03318616169455804,200000
1750,2965.01,0,21,-5.084,0.05,0,7,0,0,1,1,0,0,3,5,0.033503009006381035,200000
1751,2966.58,3,106,2.93,0.05,3,35,2,0,1,1,0,0,11,15,0.04778637498054864,200000
1752,2967.44,2,58,-0.388,0.05,2,23,1,0,1,1,0,1,8,11,0.04113319018406087,200000
1753,2970.18,7,184,2.008,0.05,2,42,1,1,1,1,0,2,19,31,0.0364558168778034,200000
1754,2970.28,0,7,-5.492,0.05,0,3,0,0,1,1,0,0,1,2,0.03988455422222614,200000
1755,2971.68,9,97,11.756,0.05,4,41,2,1,1,1,0,0,11,16,0.04114400066876995,200000
1756,2972.23,0,37,-2.998,0.05,0,17,1,0,1,1,0,0,5,8,0.03487079673622911,200000
1757,2974.41,7,149,8.728,0.05,2,51,5,1,1,1,0,0,17,21,0.041780464819963746,200000
1758,2974.66,0,17,-4.554,0.05,0,8,0,0,1,1,0,0,2,7,0.03320076639818795,200000
1759,2975.97,1,88,1.936,0.05,1,38,3,0,1,1,0,0,12,20,0.04385903271296146,200000
1760,2977.15,8,81,6.888,0.05,3,30,3,1,1,1,0,1,11,9,0.04096529546573206,200000
1761,2980.4,3,214,2.014,0.05,3,53,3,0,0,1,0,0,20,46,0.040819864454635674,200000
1762,2981.29,0,60,-2.296,0.05,0,27,1,0,1,1,0,1,8,12,0.04014146610473593,200000
1763,2986.21,4,329,-9.184,0.05,4,36,4,0,1,1,0,1,32,82,0.04258005366035055,200000
1764,2986.51,0,21,-5.086,0.05,0,7,2,0,1,1,0,0,3,6,0.03555577771649474,200000
1765,2988.44,2,130,0.932,0.05,2,38,0,0,1,1,0,0,14,21,0.04320118731747453,200000
1766,2990.01,2,106,2.356,0.05,2,38,1,0,1,1,0,0,13,19,0.038767494753284275,200000
1767,2990.7,0,47,-5.134,0.05,0,12,0,0,1,1,0,0,4,3,0.050752144505051854,200000
1768,2993.42,1,187,-5.55,0.05,1,37,5,0,1,1,0,1,18,37,0.041503967015062745,200000
1769,2999.57,3,400,-5.49,0.05,3,44,3,0,0,0,1,0,36,77,0.04318356126430444,200000
1770,2999.83,0,18,-4.314,0.05,0,9,0,0,1,1,0,0,2,4,0.0320155354630616,200000
1771,3000.3,1,32,-0.608,0.05,1,19,1,0,1,1,0,0,4,7,0.04552784949191846,200000
1772,3000.53,0,16,-4.822,0.05,0,7,0,0,1,1,0,0,2,4,0.03949003043817356,200000
1773,3003.48,3,200,-4.446,0.05,3,35,2,0,1,1,0,2,25,40,0.039435703791677955,200000
1774,3004.17,0,46,-3.22,0.05,0,18,0,0,1,1,0,0,6,9,0.035981029636510044,200000
1775,3005.06,1,61,0.104,0.05,1,27,1,0,0,1,0,0,8,5,0.045041872936560486,200000
1776,3007.54,9,170,9.612,0.05,4,48,3,1,1,1,0,0,19,23,0.040885589403264665,200000
1777,3007.78,1,17,-3.664,0.05,1,6,1,0,1,1,0,0,2,4,0.04828717997845482,200000
1778,3008.08,0,20,-4.716,0.05,0,8,0,0,1,1,0,0,3,8,0.05902691092342138,200000
1779,3011.28,9,221,2.856,0.05,4,43,5,1,1,1,0,2,19,41,0.040285370927894006,200000
1780,3015.41,2,278,-10.474,0.05,2,32,3,0,1,1,0,1,28,70,0.04347122527940346,200000
1781,3016.4,4,67,4.546,0.05,4,28,3,0,1,1,0,0,8,15,0.03963388132848846,200000
1782,3019.93,3,239,-0.512,0.05,3,49,4,0,1,1,0,0,27,53,0.04402597507298242,200000
1783,3020.0,0,5,-5.062,0.05,0,4,0,0,1,1,0,0,1,4,0.07408287059515714,200000
1784,3021.59,2,107,2.478,0.05,2,39,3,0,1,1,0,0,12,12,0.037631970516919536,200000
1785,3023.2,3,109,6.386,0.05,3,47,4,0,0,1,0,0,14,15,0.039543402167635223,200000
1786,3024.34,2,77,1.628,0.05,2,30,1,0,1,1,0,0,10,11,0.042646657518268405,200000
1787,3024.63,0,20,-4.742,0.05,0,8,0,0,1,1,0,0,3,5,0.035648827953264114,200000
1788,3025.56,3,64,3.198,0.05,3,28,2,0,1,1,0,0,8,9,0.03872268300619908,200000
1789,3025.93,1,25,-1.716,0.05,1,14,1,0,1,1,0,0,3,5,0.03789021279662848,200000
1790,3028.79,2,194,0.568,0.05,2,49,3,0,1,1,0,0,24,29,0.044934200262170786,200000
1791,3029.7,0,62,-0.542,0.05,0,30,1,0,1,1,0,0,7,10,0.041586279553631623,200000
1792,3029.77,0,5,-5.062,0.05,0,4,1,0,1,1,0,0,1,3,0.041974226012825966,200000
1793,3033.82,3,277,-5.192,0.05,3,44,4,0,1,1,0,1,32,42,0.041601249336228045,200000
1794,3039.88,0,400,-14.432,0.05,0,33,0,0,0,0,1,1,31,106,0.04182007412659004,200000
1795,3041.09,3,82,3.102,0.05,3,31,4,0,0,1,0,0,10,8,0.0408476768970126,200000
1796,3045.68,3,309,-5.538,0.05,3,46,3,0,1,1,0,0,29,66,0.0406639647721328,200000
1797,3046.15,0,32,-3.616,0.05,0,14,0,0,1,1,0,0,4,4,0.0365212247997988,200000
1798,3047.56,1,97,-0.2,0.05,1,33,2,0,1,1,0,0,10,17,0.04080794062753467,200000
1799,3052.01,2,303,-5.986,0.05,2,48,4,0,1,1,0,0,33,76,0.04000428968444221,200000
1800,3053.02,2,68,-1.758,0.05,2,18,2,0,1,1,0,0,4,12,0.043285624096717906,200000
1801,3054.08,2,74,-0.322,0.05,2,27,1,0,0,1,0,1,9,15,0.04821212007034872,200000
1802,3057.53,2,228,-3.002,0.05,2,44,2,0,1,1,0,0,24,65,0.043355243725767524,200000
1803,3058.55,1,69,-2.818,0.05,1,19,1,0,1,1,0,0,6,9,0.03368424178789491,200000
1804,3059.8,2,85,0.904,0.05,2,36,2,0,1,1,0,2,11,17,0.040958172017160586,200000
1805,3060.46,0,45,-3.742,0.05,0,16,0,0,1,1,0,0,6,10,0.049945685867634086,200000
1806,3061.22,1,51,1.268,0.05,1,29,2,0,1,1,0,0,7,4,0.03316804737437005,200000
1807,3062.1,0,61,0.396,0.05,0,33,0,0,1,1,0,0,7,7,0.04167400628755816,200000
1808,3063.9,4,121,5.512,0.05,4,42,4,0,1,1,0,0,15,28,0.043847627260468224,200000
1809,3064.11,0,14,-5.274,0.05,0,5,0,0,1,1,0,0,2,6,0.026071231113746762,200000
1810,3066.09,9,134,7.238,0.05,4,33,5,1,1,1,0,0,14,19,0.04261679870924398,200000
1811,3066.49,0,28,-4.868,0.05,0,9,0,0,1,1,0,0,4,13,0.046186218869739344,200000
1812,3066.92,1,29,-2.238,0.05,1,13,1,0,1,1,0,0,4,6,0.04959671976494378,200000
1813,3068.12,4,82,6.074,0.05,4,36,3,0,1,1,0,0,9,4,0.03791097202906158,200000
1814,3071.61,5,235,3.42,0.05,5,53,6,0,1,1,0,0,27,46,0.044155606195489146,200000
1815,3072.2,2,40,0.432,0.05,2,19,2,0,1,1,0,0,5,7,0.03857208502013236,200000
1816,3073.16,1,65,0.768,0.05,1,30,2,0,1,1,0,0,8,13,0.04642927491894135,200000
1817,3074.2,2,70,3.774,0.05,2,36,2,0,1,1,0,0,9,10,0.04138158494606614,200000
1818,3075.18,1,66,2.804,0.05,1,37,1,0,1,1,0,0,8,7,0.041368425146422604,200000
1819,3077.01,7,125,3.848,0.05,2,30,4,1,1,1,0,0,16,21,0.04071059150248766,200000
1820,3080.09,2,207,-3.988,0.05,2,40,0,0,1,1,0,1,19,28,0.04426610388158672,200000
1821,3081.23,2,77,0.032,0.05,2,28,3,0,0,1,0,1,10,16,0.04267835520304643,200000
1822,3081.69,0,33,-4.278,0.05,0,12,1,0,1,1,0,0,4,10,0.04873634135407029,200000
1823,3082.68,1,67,2.464,0.05,1,36,2,0,1,1,0,0,8,8,0.03937960118611357,200000
1824,3088.73,6,400,1.354,0.05,1,60,4,1,0,0,1,0,41,77,0.04448608012171462,200000
1825,3092.04,1,219,-4.506,0.05,1,42,2,0,1,1,0,0,23,36,0.03544010694211,200000
1826,3093.0,0,66,0.762,0.05,0,35,2,0,1,1,0,0,9,11,0.035605254653615484,200000
1827,3093.12,0,8,-5.242,0.05,0,4,0,0,1,1,0,0,1,1,0.022089789737947285,200000
1828,3094.06,1,64,1.482,0.05,1,32,3,0,1,1,0,0,9,10,0.03754328651848482,200000
1829,3094.89,0,56,-0.792,0.05,0,28,0,0,1,1,0,0,8,9,0.040740210646098216,200000
1830,3099.52,6,312,-4.444,0.05,1,44,2,1,1,1,0,0,26,43,0.04021221336323577,200000
1831,3105.55,1,400,-7.952,0.05,1,46,3,0,0,0,1,0,33,96,0.04470253540435806,200000
1832,3106.29,1,51,-0.8,0.05,1,22,1,0,1,1,0,0,6,7,0.03885115686731011,200000
1833,3106.84,1,38,-3.134,0.05,1,15,2,0,1,1,0,1,5,5,0.043987593540039505,200000
1834,3107.78,2,64,-1.01,0.05,2,19,3,0,1,1,0,0,6,31,0.039092952785722446,200000
1835,3108.8,2,69,1.39,0.05,2,28,3,0,0,1,0,0,8,14,0.04120331505934397,200000
1836,3109.94,1,77,1.016,0.05,1,33,1,0,1,1,0,0,9,10,0.04551184097571032,200000
1837,3110.26,0,22,-4.526,0.05,0,9,0,0,1,1,0,0,3,8,0.043422577818008984,200000
1838,3116.35,4,400,-5.1,0.05,4,42,2,0,0,0,1,0,33,123,0.041303138276562096,200000
1839,3117.13,1,53,-1.252,0.05,1,21,1,0,1,1,0,0,7,12,0.041032953978568876,200000
1840,3117.23,0,7,-5.482,0.05,0,3,0,0,1,1,0,0,1,2,0.03714912837105138,200000
1841,3123.22,4,400,-2.418,0.05,4,49,4,0,0,0,1,0,38,85,0.041818456419277936,200000
1842,3123.31,0,6,-5.422,0.05,0,3,1,0,1,1,0,0,1,3,0.041890329836557307,200000
1843,3129.47,3,400,-3.164,0.05,3,52,3,0,0,0,1,0,30,126,0.044123994207475335,200000
1844,3131.6,2,142,-1.638,0.05,2,35,3,0,1,1,0,1,17,16,0.04471935300340115,200000
1845,3133.95,1,156,-2.05,0.05,1,38,1,0,1,1,0,0,18,36,0.038813918291662745,200000
1846,3134.27,0,22,-4.552,0.05,0,9,1,0,1,1,0,0,3,3,0.03824618992141702,200000
1847,3135.57,2,88,0.332,0.05,2,28,1,0,1,1,0,0,9,11,0.04484072817616503,200000
1848,3136.97,4,96,8.338,0.05,4,46,4,0,1,1,0,0,13,13,0.04767811747539478,200000
1849,3137.07,0,7,-4.582,0.05,0,6,0,0,1,1,0,0,1,2,0.03550838226718562,200000
1850,3137.16,0,6,-5.43,0.05,0,3,1,0,1,1,0,0,1,1,0.059154961413393416,200000
1851,3137.42,1,18,-3.114,0.05,1,8,1,0,1,1,0,0,2,4,0.044695557871212564,200000
1852,3143.05,3,373,-8.488,0.05,3,52,5,0,1,1,0,1,29,160,0.037705841496706645,200000
1853,3143.42,3,26,0.024,0.05,3,10,3,0,1,1,0,0,3,4,0.032308095636276096,200000
1854,3145.56,2,146,0.744,0.05,2,45,2,0,1,1,0,1,15,31,0.03662560193174302,200000
1855,3145.65,0,6,-5.432,0.05,0,3,0,0,1,1,0,0,1,1,0.023040010283390682,200000
1856,3146.17,0,35,-3.198,0.05,0,16,1,0,1,1,0,0,5,9,0.043041552643158607,200000
1857,3148.69,5,167,9.332,0.05,5,58,4,0,1,1,0,0,20,23,0.04299192992736123,200000
1858,3150.06,1,92,1.662,0.05,1,38,1,0,0,1,0,0,12,13,0.04655201218860305,200000
1859,3151.95,5,126,6.246,0.05,5,40,5,0,1,1,0,0,15,19,0.03442205235894237,200000
1860,3153.44,2,102,0.366,0.05,2,34,2,0,1,1,0,1,12,20,0.046807668409218975,200000
1861,3154.19,1,51,0.068,0.05,1,25,2,0,1,1,0,0,6,13,0.04328310957141951,200000
1862,3158.21,2,276,-8.622,0.05,2,41,2,0,1,1,0,2,28,57,0.041180669495403985,200000
1863,3158.85,1,43,-0.052,0.05,1,23,2,0,1,1,0,0,6,7,0.04259703574745461,200000
1864,3160.24,3,94,6.666,0.05,3,45,4,0,1,1,0,0,12,17,0.0387257988851993,200000
1865,3166.37,7,400,-4.786,0.05,2,45,2,1,0,0,1,3,30,108,0.0418707027414348,200000
1866,3168.24,5,128,4.558,0.05,0,43,1,1,1,1,0,0,14,20,0.04332400920975488,200000
1867,3171.35,2,207,-0.4,0.05,2,48,4,0,1,1,0,0,27,44,0.04311629312319888,200000
1868,3172.19,0,57,-2.656,0.05,0,22,1,0,1,1,0,0,8,7,0.04019686564999191,200000
1869,3175.05,3,196,2.172,0.05,3,50,3,0,1,1,0,0,20,31,0.04073998810514352,200000
1870,3177.37,2,156,2.794,0.05,2,49,4,0,1,1,0,0,20,25,0.04171077813953161,200000
1871,3179.78,2,160,4.874,0.05,2,57,6,0,1,1,0,0,19,35,0.041109763534041124,200000
1872,3180.0,0,15,-5.344,0.05,0,5,1,0,1,1,0,0,2,5,0.03786468083659808,200000
1873,3180.1,0,7,-5.182,0.05,0,4,1,0,1,1,0,0,1,0,0.028801263443061283,200000
1874,3183.9,4,254,0.096,0.05,4,53,4,0,1,1,0,1,29,61,0.03995846324475614,200000
1875,3186.26,2,158,0.688,0.05,2,46,2,0,1,1,0,1,16,19,0.04062559535502916,200000
1876,3187.38,3,76,2.212,0.05,3,27,5,0,1,1,0,0,9,10,0.040098413163305896,200000
1877,3190.0,10,180,16.512,0.05,5,68,6,1,1,1,0,0,17,14,0.039325991076313786,200000
1878,3192.57,7,175,5.996,0.05,2,47,4,1,0,1,0,0,18,31,0.03817217376083135,200000
1879,3194.88,3,156,2.792,0.05,3,44,2,0,1,1,0,0,19,23,0.03794032093197203,200000
1880,3196.03,1,77,-0.786,0.05,1,27,1,0,1,1,0,0,10,20,0.04602042272348295,200000
1881,3197.36,0,90,-0.66,0.05,0,35,3,0,1,1,0,0,10,15,0.04185031610023644,200000
1882,3198.18,2,57,1.528,0.05,2,26,2,0,1,1,0,0,6,5,0.03972782697855381,200000
1883,3199.56,2,93,-0.606,0.05,2,29,1,0,1,1,0,1,12,13,0.04237432417369658,200000
1884,3200.68,4,76,4.944,0.05,4,31,2,0,1,1,0,0,9,13,0.040230601290731055,200000
1885,3202.52,0,124,-1.108,0.05,0,40,1,0,1,1,0,0,16,14,0.04382163671506269,200000
1886,3208.48,4,400,-3.132,0.05,4,50,3,0,0,0,1,1,37,105,0.039957774567883464,200000
1887,3208.6,0,8,-5.242,0.05,0,4,0,0,1,1,0,0,1,1,0.05126590910367668,200000
1888,3214.43,2,378,-14.632,0.05,2,34,3,0,1,1,0,0,35,106,0.03983563228470899,200000
1889,3214.96,0,36,-3.626,0.05,0,15,1,0,1,1,0,0,4,12,0.05139579776571029,200000
1890,3217.68,0,182,-2.69,0.05,0,46,1,0,1,1,0,0,19,50,0.038676611674888124,200000
1891,3223.6,3,392,-7.664,0.05,3,58,3,0,0,1,0,1,39,104,0.038738391179192276,200000
1892,3224.44,0,56,-0.802,0.05,0,28,1,0,1,1,0,0,7,9,0.040125087186295004,200000
1893,3227.23,5,185,5.268,0.05,5,48,4,0,1,1,0,0,20,29,0.038092686346656565,200000
1894,3232.31,2,352,-10.226,0.05,2,39,4,0,0,0,1,4,29,126,0.041016183100344446,200000
1895,3233.2,2,61,2.798,0.05,2,31,1,0,1,1,0,0,7,6,0.04374249413853786,200000
1896,3234.06,1,58,1.686,0.05,1,35,3,0,1,1,0,1,7,8,0.04251314539076953,200000
1897,3234.35,0,20,-4.154,0.05,0,10,1,0,1,1,0,0,2,2,0.03776262351311743,200000
1898,3234.44,0,6,-5.432,0.05,0,3,0,0,1,1,0,0,1,1,0.025752194225788116,200000
1899,3237.61,2,210,-5.14,0.05,2,33,2,0,1,1,0,0,26,30,0.04530007348262838,200000
1900,3239.1,3,101,3.186,0.05,3,35,2,0,1,1,0,0,12,17,0.03702937164758839,200000
1901,3239.2,0,7,-5.482,0.05,0,3,0,0,1,1,0,0,1,2,0.05759109929203987,200000
1902,3239.76,1,38,-1.568,0.05,1,17,2,0,1,1,0,0,5,6,0.038888604331173394,200000
1903,3239.99,0,16,-5.102,0.05,0,6,0,0,1,1,0,0,2,2,0.033256051305215806,200000
1904,3241.84,7,126,5.816,0.05,2,37,2,1,1,1,0,0,14,21,0.044704234981465904,200000
1905,3243.44,1,110,2.106,0.05,1,43,2,0,1,1,0,0,14,15,0.04287191005423665,200000
1906,3245.3,4,123,4.33,0.05,4,38,4,0,1,1,0,0,13,14,0.04231123770094984,200000
1907,3246.3,1,68,-0.444,0.05,1,30,1,0,1,1,0,1,9,9,0.04427229122751776,200000
1908,3247.41,2,75,1.612,0.05,2,33,3,0,1,1,0,1,9,12,0.040436737264196075,200000
1909,3253.55,1,400,-11.224,0.05,1,38,2,0,0,0,1,0,30,153,0.03962793446145952,200000
1910,3254.45,1,61,1.92,0.05,1,33,1,0,1,1,0,0,8,5,0.03810387645222125,200000
1911,3257.25,3,188,1.468,0.05,3,46,3,0,1,1,0,0,19,49,0.0388079253718891,200000
1912,3263.34,2,400,-6.744,0.05,2,45,3,0,0,0,1,0,33,172,0.0422380576399155,200000
1913,3263.44,0,7,-5.492,0.05,0,3,1,0,1,1,0,0,1,2,0.03323893328862531,200000
1914,3264.98,3,103,3.65,0.05,3,37,4,0,1,1,0,0,11,8,0.043592682506129576,200000
1915,3265.99,1,68,-0.164,0.05,1,31,5,0,0,1,0,1,8,10,0.040248773142914564,200000
1916,3270.21,2,277,-4.57,0.05,2,48,3,0,1,1,0,0,30,77,0.04190044734115958,200000
1917,3273.4,5,213,1.494,0.05,5,44,4,0,1,1,0,1,24,37,0.03843709113329929,200000
1918,3274.34,0,64,-0.346,0.05,0,31,1,0,1,1,0,0,8,9,0.043387513571360614,200000
1919,3280.04,2,400,-4.342,0.05,2,56,3,0,0,0,1,1,38,94,0.04252358795725741,200000
1920,3281.27,5,83,5.352,0.05,0,37,0,1,1,1,0,0,10,13,0.04227435127663684,200000
1921,3281.58,0,21,-3.894,0.05,0,11,0,0,1,1,0,0,3,4,0.04158268225867124,200000
1922,3283.04,2,99,2.4,0.05,2,37,4,0,1,1,0,0,11,16,0.03786246799346474,200000
1923,3284.29,1,85,1.058,0.05,1,38,4,0,1,1,0,1,11,12,0.04073935815078371,200000
1924,3289.66,4,357,-12.082,0.05,4,28,4,0,1,1,0,0,38,110,0.03664607633066987,200000
1925,3289.78,0,8,-4.942,0.05,0,5,0,0,1,1,0,0,1,1,0.027981445658951998,200000
1926,3291.63,4,127,4.966,0.05,4,41,3,0,1,1,0,0,15,24,0.04276533828916278,200000
1927,3294.31,2,183,3.956,0.05,2,58,1,0,1,1,0,0,20,25,0.03676029839273033,200000
1928,3295.72,1,94,-0.662,0.05,1,34,2,0,0,1,0,1,10,17,0.03828165807979221,200000
1929,3298.43,1,183,-4.406,0.05,1,39,2,0,1,1,0,1,18,54,0.039371880936777334,200000
1930,3300.72,4,154,3.514,0.05,4,41,4,0,1,1,0,0,20,24,0.038787648777247635,200000
1931,3302.09,2,93,1.89,0.05,2,34,2,0,1,1,0,0,10,11,0.04612670461797426,200000
1932,3302.96,1,60,0.366,0.05,1,31,2,0,1,1,0,1,7,5,0.044978713694339,200000
1933,3304.07,1,76,0.772,0.05,1,32,1,0,1,1,0,0,9,11,0.04285046056305107,200000
1934,3306.03,3,131,3.602,0.05,3,42,2,0,1,1,0,0,15,27,0.04191280016320125,200000
1935,3307.7,2,113,1.954,0.05,2,38,3,0,1,1,0,0,14,25,0.03628867642904541,200000
1936,3307.89,0,13,-5.234,0.05,0,5,0,0,1,1,0,0,2,5,0.026652612866690524,200000
1937,3309.29,2,95,3.624,0.05,2,40,3,0,0,1,0,0,12,17,0.04464255825273301,200000
1938,3309.7,0,28,-3.678,0.05,0,13,0,0,1,1,0,0,4,8,0.042548010691202114,200000
1939,3309.95,0,17,-4.554,0.05,0,8,0,0,1,1,0,0,2,4,0.04768088142223218,200000
1940,3310.18,0,16,-5.394,0.05,0,5,0,0,1,1,0,0,2,2,0.03368702228181064,200000
1941,3311.21,2,70,4.72,0.05,2,39,2,0,1,1,0,0,10,11,0.034271187109074425,200000
1942,3311.31,0,7,-4.582,0.05,0,6,0,0,1,1,0,0,1,0,0.044266674534550736,200000
1943,3317.33,4,400,-1.446,0.05,4,53,4,0,0,0,1,0,31,113,0.041554833939298985,200000
1944,3317.89,0,39,-2.868,0.05,0,18,1,0,1,1,0,0,4,6,0.04058059350324747,200000
1945,3318.34,1,31,-1.458,0.05,1,16,3,0,1,1,0,0,4,8,0.04495789280401603,200000
1946,3318.54,0,14,-4.384,0.05,0,8,0,0,1,1,0,0,2,4,0.044310121065271754,200000
1947,3318.84,1,21,-1.776,0.05,1,13,2,0,1,1,0,0,3,7,0.03258162448626189,200000
1948,3319.74,2,61,0.116,0.05,2,22,2,0,1,1,0,0,7,12,0.041966430736003354,200000
1949,3319.96,0,15,-5.344,0.05,0,5,0,0,1,1,0,0,2,6,0.0391400009393692,200000
1950,3324.01,2,277,-6.144,0.05,2,43,2,0,1,1,0,0,26,51,0.041720192011997156,200000
1951,3325.69,6,113,8.438,0.05,6,40,5,0,1,1,0,0,11,22,0.041013428595213765,200000
1952,3327.18,1,99,2.424,0.05,1,42,2,0,1,1,0,0,13,12,0.040930311788212166,200000
1953,3329.29,3,145,3.424,0.05,3,44,4,0,1,1,0,0,17,31,0.04566036866142832,200000
1954,3329.97,2,47,1.51,0.05,2,24,3,0,1,1,0,0,5,9,0.043641385008045964,200000
1955,3334.61,3,304,-8.668,0.05,3,34,4,0,1,1,0,0,36,60,0.044050723363302256,200000
1956,3336.72,2,142,-1.356,0.05,2,36,3,0,1,1,0,1,15,24,0.04003903716737011,200000
1957,3337.5,0,53,-2.122,0.05,0,23,0,0,1,1,0,0,6,10,0.04315858817536314,200000
1958,3339.5,3,137,1.714,0.05,3,37,2,0,1,1,0,0,13,27,0.04159038893905652,200000
1959,3345.49,5,400,-0.422,0.05,5,51,4,0,0,0,1,0,33,95,0.03969743630150333,200000
1960,3346.5,0,68,-1.166,0.05,0,29,0,0,1,1,0,0,8,13,0.03967726411407485,200000
1961,3347.24,0,50,-1.07,0.05,0,26,0,0,1,1,0,0,6,3,0.03541741393506527,200000
1962,3348.39,2,78,1.24,0.05,2,29,1,0,1,1,0,0,10,17,0.042764677558667384,200000
1963,3348.67,0,20,-4.124,0.05,0,10,1,0,1,1,0,0,3,6,0.04889697162434459,200000
1964,3354.74,2,400,-4.76,0.05,2,52,2,0,0,0,1,0,27,150,0.039028572887182235,200000
1965,3355.75,5,69,2.834,0.05,0,26,1,1,0,1,0,0,9,14,0.04192537889964339,200000
1966,3356.6,1,58,-0.312,0.05,1,25,2,0,1,1,0,0,7,9,0.035995298819937585,200000
1967,3357.37,0,52,-2.36,0.05,0,22,0,0,1,1,0,0,7,12,0.04850008383464928,200000
1968,3361.71,2,301,-6.78,0.05,2,52,2,0,0,1,0,2,33,48,0.04284106275574165,200000
1969,3364.4,4,180,0.394,0.05,4,36,5,0,1,1,0,0,18,17,0.035489660537698205,200000
1970,3367.74,1,228,-3.46,0.05,1,47,3,0,1,1,0,0,28,36,0.03855482855885241,200000
1971,3370.87,2,207,-2.67,0.05,2,41,1,0,0,1,0,0,21,46,0.0442563071846962,200000
1972,3370.95,0,6,-5.432,0.05,0,3,0,0,1,1,0,0,1,1,0.06177131272852421,200000
1973,3376.57,4,371,-9.892,0.05,4,39,2,0,1,1,0,0,30,121,0.03912749729869822,200000
1974,3378.83,9,153,10.73,0.05,4,55,3,1,1,1,0,2,17,20,0.042512397476611966,200000
1975,3380.04,3,82,5.82,0.05,3,40,5,0,1,1,0,0,10,9,0.046162316030481966,200000
1976,3381.14,1,75,-0.216,0.05,1,32,0,0,0,1,0,1,9,9,0.04565225097040335,200000
1977,3383.08,3,129,-0.116,0.05,3,36,3,0,1,1,0,2,15,21,0.03731914931662785,200000
1978,3386.72,3,246,-0.454,0.05,3,54,3,0,1,1,0,1,29,40,0.042403049558794835,200000
1979,3390.74,2,271,-7.594,0.05,2,40,3,0,1,1,0,1,28,56,0.037470671417006045,200000
1980,3394.57,3,264,-2.644,0.05,3,50,3,0,1,1,0,1,29,42,0.03823433181440288,200000
1981,3395.53,0,64,-1.546,0.05,0,27,0,0,1,1,0,0,9,16,0.03831529137096368,200000
1982,3396.81,2,88,0.87,0.05,2,33,4,0,1,1,0,1,11,15,0.04373895187481222,200000
1983,3397.23,0,29,-6.502,0.05,0,4,0,0,1,1,0,0,1,27,0.03759954221032817,200000
1984,3403.3,9,400,-2.164,0.05,4,38,3,1,0,0,1,0,28,158,0.04313858525361866,200000
1985,3409.35,4,400,-4.436,0.05,4,43,4,0,0,0,1,0,31,51,0.04165995214600116,200000
1986,3410.08,1,50,-1.38,0.05,1,20,1,0,1,1,0,0,6,10,0.03608958860859275,200000
1987,3410.15,0,5,-5.362,0.05,0,3,0,0,1,1,0,0,1,3,0.07184227779507638,200000
1988,3410.81,1,46,-1.888,0.05,1,18,2,0,1,1,0,0,5,14,0.04755964316427708,200000
1989,3416.86,1,400,-9.554,0.05,1,44,2,0,0,0,1,1,34,99,0.04402361901011318,200000
1990,3416.95,0,6,-5.44,0.05,0,3,0,0,1,1,0,0,1,1,0.03338881147404512,200000
1991,3417.83,2,59,2.356,0.05,2,29,2,0,1,1,0,0,7,14,0.04795376498694137,200000
1992,3418.29,0,32,-3.018,0.05,0,16,0,0,1,1,0,0,4,7,0.04449036400183104,200000
1993,3424.09,10,400,1.174,0.05,5,46,6,1,0,0,1,2,36,72,0.044568089814856646,200000
1994,3425.52,3,97,6.134,0.05,3,44,3,0,1,1,0,0,11,10,0.041391698249913365,200000
1995,3427.88,3,161,0.94,0.05,3,39,3,0,1,1,0,0,16,19,0.03704133900518743,200000
1996,3433.95,5,400,-0.56,0.05,5,50,4,0,0,0,1,0,43,99,0.04162730653421022,200000
1997,3436.12,1,146,-2.764,0.05,1,37,2,0,1,1,0,1,16,27,0.038611126189719736,200000
1998,3436.43,0,21,-5.076,0.05,0,7,0,0,1,1,0,0,3,7,0.042604295226434864,200000
1999,3438.0,2,106,-0.774,0.05,2,31,3,0,1,1,0,1,12,10,0.040275794576923804,200000
2000,3443.81,9,400,0.226,0.05,4,50,3,1,0,0,1,2,34,120,0.038463538468349726,200000
2001,3444.57,2,51,0.078,0.05,2,20,0,0,1,1,0,0,7,8,0.033602760273817124,200000
2002,3445.27,2,49,-2.01,0.05,2,16,1,0,1,1,0,1,6,5,0.04330725739805066,200000
2003,3445.38,0,8,-4.942,0.05,0,5,0,0,1,1,0,0,1,1,0.03940219106152654,200000
2004,3445.62,1,17,-3.654,0.05,1,6,1,0,1,1,0,0,2,3,0.042557716972249394,200000
2005,3450.35,3,305,-6.428,0.05,3,43,2,0,1,1,0,0,20,60,0.03946820792177173,200000
2006,3456.0,4,400,3.122,0.05,4,68,4,0,0,0,1,0,36,79,0.03990601680590771,200000
2007,3458.26,1,149,-0.196,0.05,1,43,5,0,1,1,0,0,14,29,0.038952707356754566,200000
2008,3462.41,4,287,-2.758,0.05,4,49,5,0,1,1,0,1,31,35,0.04172708009911591,200000
2009,3463.31,6,61,6.634,0.05,1,32,3,1,1,1,0,0,8,13,0.03933326118305081,200000
2010,3464.52,0,83,-0.21,0.05,0,35,2,0,1,1,0,0,10,17,0.03799310529671879,200000
2011,3470.58,4,400,-7.728,0.05,4,42,3,0,0,0,1,3,32,82,0.04135560012655333,200000
2012,3472.7,4,143,4.678,0.05,4,43,4,0,1,1,0,0,15,20,0.04159897946185999,200000
2013,3473.75,3,71,4.618,0.05,3,34,3,0,1,1,0,0,8,12,0.04203841399768708,200000
2014,3474.93,2,80,-0.484,0.05,2,27,2,0,1,1,0,1,10,13,0.04101646543713287,200000
2015,3475.73,2,55,0.776,0.05,2,23,2,0,1,1,0,0,7,10,0.04768697668544271,200000
2016,3479.23,4,230,-1.366,0.05,4,43,4,0,1,1,0,0,19,86,0.0423521155167533,200000
2017,3480.14,0,62,-1.416,0.05,0,27,0,0,1,1,0,0,8,13,0.03851707010800319,200000
2018,3486.18,6,400,-6.7,0.05,1,37,0,1,0,0,1,1,32,79,0.03906396869802847,200000
2019,3491.96,4,400,-2.08,0.05,4,54,5,0,0,0,1,0,34,50,0.041595999913988636,200000
2020,3493.58,5,111,8.616,0.05,5,45,4,0,1,1,0,0,13,18,0.03974065984188168,200000
2021,3495.41,10,123,11.378,0.05,5,43,4,1,1,1,0,1,16,17,0.04030429577167199,200000
2022,3497.14,2,118,1.248,0.05,2,40,4,0,1,1,0,1,14,14,0.042512893380786655,200000
2023,3503.27,2,400,-4.592,0.05,2,55,2,0,0,0,1,0,36,162,0.04087732007028535,200000
2024,3503.75,1,33,-0.688,0.05,1,19,3,0,1,1,0,0,4,5,0.03604442877412745,200000
2025,3509.23,2,356,-14.1,0.05,2,31,3,0,1,1,0,0,37,131,0.03916097139636201,200000
2026,3515.4,5,400,-6.366,0.05,5,32,4,0,0,0,1,0,24,181,0.03990112506202422,200000
2027,3521.34,0,400,-11.202,0.05,0,41,2,0,0,0,1,0,35,99,0.03734940000809729,200000
2028,3522.69,2,94,4.526,0.05,2,43,2,0,1,1,0,0,12,8,0.04938360144126606,200000
2029,3524.26,0,105,-5.5,0.05,0,25,2,0,1,1,0,1,12,18,0.044241295852476645,200000
2030,3530.37,2,400,-8.536,0.05,2,43,3,0,0,0,1,1,26,113,0.03853184022940695,200000
2031,3532.42,3,138,0.68,0.05,3,37,4,0,1,1,0,1,17,23,0.04244020054845706,200000
2032,3533.44,3,70,4.982,0.05,3,35,3,0,1,1,0,0,8,10,0.0417573859382953,200000
2033,3533.75,1,21,-1.784,0.05,1,13,2,0,1,1,0,0,3,6,0.04505047592378798,200000
2034,3534.1,0,24,-4.784,0.05,0,9,0,0,1,1,0,0,3,13,0.04440885238970319,200000
2035,3534.84,0,50,-1.332,0.05,0,25,0,0,1,1,0,0,7,10,0.04396301219239831,200000
2036,3535.04,0,14,-4.074,0.05,0,9,1,0,1,1,0,0,2,2,0.05576589783387525,200000
2037,3535.64,1,40,-0.19,0.05,1,22,1,0,1,1,0,0,5,10,0.04771959176287055,200000
2038,3536.8,4,79,4.046,0.05,4,32,4,0,1,1,0,1,8,11,0.03828914874952428,200000
2039,3539.0,3,146,-0.28,0.05,3,32,0,0,1,1,0,0,17,24,0.04782710527388813,200000
2040,3541.42,2,163,4.79,0.05,2,57,3,0,1,1,0,0,20,23,0.038673076487254876,200000
2041,3547.45,4,400,-4.316,0.05,4,45,3,0,0,0,1,0,29,119,0.03849003600189462,200000
2042,3552.32,4,327,-4.258,0.05,4,49,5,0,1,1,0,0,30,47,0.041826378930052484,200000
2043,3553.96,1,110,-0.28,0.05,1,35,2,0,0,1,0,0,13,23,0.04012445194477385,200000
2044,3555.86,2,129,4.668,0.05,2,50,4,0,0,1,0,0,16,22,0.04727278430693487,200000
2045,3556.48,2,42,0.928,0.05,2,21,4,0,1,1,0,0,6,10,0.04693383038310068,200000
2046,3558.44,3,134,0.476,0.05,3,34,2,0,1,1,0,0,14,31,0.04170516113152922,200000
2047,3558.86,1,28,-1.878,0.05,1,14,1,0,1,1,0,0,4,5,0.03514862815583391,200000
2048,3560.19,4,90,5.968,0.05,4,37,2,0,1,1,0,0,12,20,0.03237985161443551,200000
2049,3566.3,2,400,-9.434,0.05,2,36,1,0,0,0,1,0,37,89,0.039403036773437636,200000
2050,3572.4,1,400,-9.72,0.05,1,41,1,0,0,0,1,0,32,128,0.040497913224389774,200000
2051,3574.97,2,176,-2.52,0.05,2,42,1,0,1,1,0,2,19,22,0.038146082081683824,200000
2052,3575.19,0,15,-5.044,0.05,0,6,1,0,1,1,0,0,2,3,0.030533969650665918,200000
2053,3578.7,9,240,4.226,0.05,4,47,5,1,1,1,0,1,21,26,0.038514767106001574,200000
2054,3579.62,1,63,-1.186,0.05,1,23,1,0,1,1,0,0,8,8,0.03625185917767267,200000
2055,3583.61,4,267,-4.256,0.05,4,39,3,0,1,1,0,0,27,72,0.040237661297624926,200000
2056,3583.86,0,17,-4.564,0.05,0,8,0,0,1,1,0,0,2,5,0.048093224601710546,200000
2057,3584.52,2,45,-0.304,0.05,2,21,4,0,1,1,0,1,5,10,0.03797854102320141,200000
2058,3585.57,1,71,0.704,0.05,1,31,1,0,1,1,0,0,8,14,0.04743007238639493,200000
2059,3586.82,1,84,1.428,0.05,1,39,1,0,1,1,0,1,11,10,0.0374878611570845,200000
2060,3588.55,4,117,1.338,0.05,4,30,4,0,1,1,0,1,15,17,0.04162111905061154,200000
2061,3588.84,1,21,-2.986,0.05,1,9,2,0,1,1,0,0,3,4,0.04019971812764803,200000
2062,3590.13,3,87,1.354,0.05,3,26,2,0,1,1,0,0,10,18,0.04651131476650293,200000
2063,3590.59,0,32,-4.508,0.05,0,11,0,0,1,1,0,0,4,9,0.030938547191908583,200000
2064,3592.81,1,149,-0.688,0.05,1,48,2,0,1,1,0,2,16,25,0.042306581643353776,200000
2065,3593.53,0,49,0.2,0.05,0,30,0,0,1,1,0,0,6,8,0.0394531160174888,200000
2066,3593.62,0,6,-5.422,0.05,0,3,1,0,1,1,0,0,1,3,0.04821191603938738,200000
2067,3599.68,9,400,-2.824,0.05,4,37,5,1,0,0,1,1,25,80,0.03963183573447168,200000
2068,3600.76,1,74,1.744,0.05,1,35,1,0,1,1,0,0,9,4,0.0356926664684874,200000
2069,3602.24,4,100,6.864,0.05,4,42,6,0,1,1,0,0,12,15,0.038712315363809466,200000
2070,3603.63,3,94,4.808,0.05,3,39,3,0,0,1,0,0,11,18,0.03823715083776636,200000
2071,3604.19,0,38,-1.84,0.05,0,21,3,0,1,1,0,0,5,12,0.041944262228514016,200000
2072,3604.29,0,7,-4.882,0.05,0,5,0,0,1,1,0,0,1,3,0.019669765074338232,200000
2073,3604.83,2,37,-0.008,0.05,2,17,2,0,1,1,0,0,5,6,0.027925646259776643,200000
2074,3605.48,1,44,-1.02,0.05,1,20,1,0,1,1,0,0,5,7,0.037421243455768985,200000
2075,3606.7,1,82,-0.28,0.05,1,33,4,0,1,1,0,1,10,13,0.044226540457003,200000
2076,3607.56,1,58,-0.594,0.05,1,24,4,0,1,1,0,0,7,9,0.039356627084057905,200000
2077,3610.69,6,211,3.416,0.05,1,50,1,1,0,1,0,0,26,27,0.03939451549149237,200000
2078,3611.89,1,81,2.264,0.05,1,38,3,0,1,1,0,0,9,9,0.040159249781734414,200000
2079,3614.78,9,196,3.456,0.05,4,36,2,1,1,1,0,1,20,33,0.03898693182581694,200000
2080,3614.85,0,5,-5.662,0.05,0,2,0,0,1,1,0,0,1,3,0.040744653716683385,200000
2081,3617.48,3,179,-1.128,0.05,3,36,2,0,1,1,0,0,15,17,0.04386982231468545,200000
2082,3618.03,0,37,-2.99,0.05,0,17,1,0,1,1,0,0,5,13,0.043269549597155406,200000
2083,3618.96,7,65,8.504,0.05,2,34,2,1,0,1,0,0,8,12,0.04262749155123646,200000
2084,3619.72,0,51,-0.482,0.05,0,28,0,0,1,1,0,0,7,11,0.03796534631036076,200000
2085,3619.83,0,7,-5.792,0.05,0,2,0,0,1,1,0,0,1,2,0.032996228230851035,200000
2086,3620.96,2,77,1.626,0.05,2,30,1,0,0,1,0,0,9,12,0.044195666546364885,200000
2087,3624.34,1,225,-1.976,0.05,1,52,3,0,1,1,0,0,21,54,0.0440793705979983,200000
2088,3625.58,2,83,0.316,0.05,2,27,2,0,1,1,0,0,8,11,0.03865524514926126,200000
2089,3627.04,2,99,-1.542,0.05,2,27,1,0,1,1,0,1,12,13,0.04457329391417178,200000
2090,3629.44,1,161,1.494,0.05,1,51,2,0,1,1,0,0,18,17,0.038579298177537344,200000
2091,3631.52,2,142,-0.748,0.05,2,38,4,0,1,1,0,1,15,20,0.0369280879123425,200000
2092,3632.12,1,41,-1.12,0.05,1,19,2,0,1,1,0,0,5,10,0.03854807223216063,200000
2093,3637.26,4,349,-9.04,0.05,4,44,3,0,1,1,0,2,31,61,0.037978433670321304,200000
2094,3637.91,0,44,-0.702,0.05,0,26,0,0,1,1,0,0,6,6,0.034819624217396435,200000
2095,3639.69,3,120,4.528,0.05,3,43,4,0,1,1,0,0,14,19,0.042934395784201725,200000
2096,3645.49,5,381,-10.12,0.05,5,35,4,0,1,1,0,0,34,120,0.041573433100375444,200000
2097,3648.54,2,208,0.056,0.05,2,50,5,0,1,1,0,0,23,27,0.032747876089370735,200000
2098,3649.8,2,85,-0.022,0.05,2,26,2,0,0,1,0,0,10,14,0.043106647438424475,200000
2099,3652.65,3,193,1.976,0.05,3,49,3,0,1,1,0,0,23,37,0.038694461971675795,200000
2100,3655.98,6,225,-1.688,0.05,6,31,5,0,1,1,0,1,22,51,0.040770901838938396,200000
2101,3658.88,3,197,3.098,0.05,3,53,4,0,1,1,0,0,22,27,0.03645434513981194,200000
2102,3660.84,1,133,1.812,0.05,1,50,3,0,1,1,0,1,14,16,0.036374371407791636,200000
2103,3660.93,0,6,-5.722,0.05,0,2,0,0,1,1,0,0,1,3,0.06654595800985892,200000
2104,3663.3,4,161,4.342,0.05,4,49,6,0,1,1,0,1,15,26,0.04547661094006544,200000
2105,3663.39,0,6,-5.722,0.05,0,2,0,0,1,1,0,0,1,3,0.03520613598326842,200000
2106,3664.16,2,53,-0.04,0.05,2,20,2,0,1,1,0,0,6,9,0.04095123551856234,200000
2107,3665.47,3,88,2.95,0.05,3,35,3,0,1,1,0,1,11,9,0.03024687089914964,200000
2108,3666.56,4,74,7.134,0.05,4,38,2,0,1,1,0,0,8,8,0.03800843669907064,200000
2109,3668.54,1,134,1.84,0.05,1,47,2,0,1,1,0,0,16,14,0.03905580930564719,200000
2110,3668.61,0,5,-5.362,0.05,0,3,1,0,1,1,0,0,1,3,0.02167017012834549,200000
2111,3671.27,9,179,6.638,0.05,4,40,2,1,1,1,0,0,17,30,0.0394429405474796,200000
2112,3673.37,4,142,1.086,0.05,4,31,5,0,1,1,0,0,14,6,0.041992915846722226,200000
2113,3674.82,3,100,2.912,0.05,3,34,3,0,1,1,0,0,10,17,0.03887383366003633,200000
2114,3675.15,1,22,-3.026,0.05,1,9,1,0,1,1,0,0,3,7,0.0270821423354474,200000
2115,3675.83,1,47,-2.38,0.05,1,16,1,0,0,1,0,0,5,13,0.04587106822811542,200000
2116,3675.93,0,7,-5.182,0.05,0,4,0,0,1,1,0,0,1,1,0.04217707631843431,200000
2117,3677.28,3,90,4.484,0.05,3,37,5,0,1,1,0,0,13,19,0.05022700383431382,200000
2118,3677.37,0,6,-5.722,0.05,0,2,0,0,1,1,0,0,1,3,0.024030636996030807,200000
2119,3680.11,4,184,0.804,0.05,4,38,3,0,1,1,0,0,20,24,0.04487420897424707,200000
2120,3680.37,1,18,-3.724,0.05,1,6,1,0,1,1,0,0,2,7,0.03751018984864155,200000
2121,3683.06,2,181,-3.81,0.05,2,32,2,0,1,1,0,0,19,41,0.03956598911990118,200000
2122,3684.34,2,88,-1.496,0.05,2,22,1,0,1,1,0,0,9,19,0.04633293927393176,200000
2123,3685.56,2,82,1.258,0.05,2,33,4,0,1,1,0,1,11,15,0.03722204580312458,200000
2124,3687.76,1,148,-1.376,0.05,1,42,1,0,1,1,0,1,19,29,0.037147785977435274,200000
2125,3689.48,2,117,4.064,0.05,2,46,3,0,1,1,0,0,13,13,0.04098768097658952,200000
2126,3690.99,1,103,-2.742,0.05,1,29,0,0,1,1,0,1,13,19,0.05104411426859284,200000
2127,3691.7,4,48,3.802,0.05,4,22,4,0,1,1,0,0,6,11,0.04655065998667851,200000
2128,3692.43,1,50,1.646,0.05,1,30,2,0,1,1,0,0,7,7,0.04320639099925756,200000
2129,3692.65,0,15,-4.734,0.05,0,7,0,0,1,1,0,0,2,5,0.04868357814848423,200000
2130,3693.42,3,53,4.468,0.05,3,30,3,0,1,1,0,0,6,8,0.04006417452375281,200000
2131,3693.82,0,28,-6.714,0.05,0,3,0,0,1,1,0,0,2,11,0.041715377675635476,200000
2132,3694.61,0,53,-1.214,0.05,0,26,1,0,1,1,0,0,7,13,0.04566996678147676,200000
2133,3695.23,0,42,-2.708,0.05,0,19,1,0,1,1,0,0,5,10,0.043506282270841655,200000
2134,3697.62,1,162,-1.294,0.05,1,45,3,0,0,1,0,1,18,25,0.040139119790430056,200000
2135,3698.55,3,63,3.624,0.05,3,29,3,0,1,1,0,0,8,10,0.04419859458825418,200000
2136,3700.65,1,143,1.098,0.05,1,46,1,0,1,1,0,0,18,18,0.03943143425496308,200000
2137,3700.74,0,6,-5.422,0.05,0,3,0,0,1,1,0,0,1,4,0.0799544882029295,200000
2138,3703.59,4,190,0.794,0.05,4,46,3,0,0,1,0,2,16,36,0.04005356646191917,200000
2139,3703.69,0,7,-5.482,0.05,0,3,0,0,1,1,0,0,1,3,0.04720849304326943,200000
2140,3706.02,6,155,6.09,0.05,6,40,5,0,1,1,0,0,15,19,0.03948812235987956,200000
2141,3706.11,0,6,-5.432,0.05,0,3,0,0,1,1,0,0,1,1,0.03660887355605761,200000
2142,3706.4,0,20,-4.126,0.05,0,10,0,0,1,1,0,0,3,7,0.02875143042765558,200000
2143,3708.99,3,175,0.982,0.05,3,44,4,0,1,1,0,0,18,48,0.03887240596115589,200000
2144,3709.33,0,23,-3.996,0.05,0,11,1,0,1,1,0,0,3,6,0.038322732338438865,200000
2145,3711.03,2,116,4.182,0.05,2,46,5,0,1,1,0,0,14,22,0.0373546258096808,200000
2146,3715.83,4,323,-6.022,0.05,4,45,5,0,1,1,0,1,38,62,0.038133464262016324,200000
2147,3719.23,3,226,0.872,0.05,3,51,1,0,1,1,0,0,25,45,0.04027834037252891,200000
2148,3725.31,3,400,-4.646,0.05,3,53,2,0,0,0,1,1,28,54,0.03722446078783832,200000
2149,3726.41,3,74,3.246,0.05,3,30,2,0,0,1,0,0,8,10,0.035879690640580816,200000
2150,3732.52,2,400,-8.062,0.05,2,41,1,0,0,0,1,0,27,142,0.04034818488173187,200000
2151,3737.9,6,368,-5.9,0.05,1,53,1,1,1,1,0,1,33,88,0.036297677350534206,200000
2152,3738.79,2,60,1.056,0.05,2,25,2,0,1,1,0,0,7,9,0.03205600568714241,200000
2153,3739.52,0,51,-2.274,0.05,0,22,3,0,1,1,0,0,7,9,0.05740923489279607,200000
2154,3741.21,1,113,1.028,0.05,1,40,3,0,1,1,0,0,12,18,0.04173481931695632,200000
2155,3741.52,0,21,-4.766,0.05,0,8,0,0,1,1,0,0,3,9,0.05081878921815327,200000
2156,3743.05,1,104,4.472,0.05,1,50,4,0,1,1,0,0,14,17,0.04417666054080026,200000
2157,3749.15,3,400,-8.706,0.05,3,35,1,0,0,0,1,0,24,97,0.03904732506489381,200000
2158,3755.07,3,400,-9.368,0.05,3,35,2,0,0,0,1,1,26,119,0.0367417838703841,200000
2159,3759.82,1,315,-14.53,0.05,1,37,2,0,1,1,0,3,32,70,0.041227773395145224,200000
2160,3760.15,0,23,-3.994,0.05,0,11,0,0,1,1,0,0,3,6,0.0414026760617676,200000
2161,3763.72,11,250,13.184,0.05,6,65,4,1,1,1,0,0,29,37,0.040917311690747735,200000
2162,3764.73,2,69,1.744,0.05,2,29,2,0,0,1,0,0,9,8,0.03791734748992367,200000
2163,3765.13,1,27,-0.036,0.05,1,20,2,0,1,1,0,0,3,3,0.04567284623367919,200000
2164,3766.54,4,95,4.732,0.05,4,34,3,0,1,1,0,0,10,9,0.041376954125926686,200000
2165,3767.22,1,46,-0.222,0.05,1,23,1,0,1,1,0,0,6,4,0.03409648384979885,200000
2166,3768.54,1,90,2.674,0.05,1,41,1,0,1,1,0,0,11,16,0.043508712326486905,200000
2167,3770.16,2,110,-0.012,0.05,2,31,1,0,1,1,0,0,13,19,0.04243402741002766,200000
2168,3770.87,2,48,2.66,0.05,2,28,3,0,1,1,0,0,6,9,0.05131525100053599,200000
2169,3776.93,5,400,-6.2,0.05,5,35,4,0,0,0,1,1,33,115,0.04006240770453587,200000
2170,3778.15,2,84,0.032,0.05,2,26,2,0,1,1,0,0,11,11,0.04640031066013589,200000
2171,3784.25,3,400,-8.144,0.05,3,39,3,0,0,0,1,1,29,153,0.042167443151120095,200000
2172,3785.19,2,64,-0.362,0.05,2,21,2,0,0,1,0,0,8,12,0.05937815806828439,200000
2173,3785.26,0,5,-5.062,0.05,0,4,1,0,1,1,0,0,1,3,0.03401242513209581,200000
2174,3785.91,0,45,-3.464,0.05,0,17,0,0,1,1,0,0,6,7,0.039462555427518156,200000
2175,3791.98,4,400,-6.346,0.05,4,37,5,0,0,0,1,0,27,94,0.039410923683317375,200000
2176,3796.52,6,314,-2.144,0.05,6,50,6,0,1,1,0,2,31,68,0.044391991446020115,200000
2177,3798.5,3,136,6.038,0.05,3,51,3,0,1,1,0,0,16,18,0.03747358366929214,200000
2178,3804.53,3,400,-4.158,0.05,3,49,4,0,0,0,1,0,29,142,0.040744523180183026,200000
2179,3804.89,1,25,-2.634,0.05,1,11,1,0,1,1,0,0,3,4,0.04400064218789339,200000
2180,3808.69,1,251,-7.54,0.05,1,38,2,0,1,1,0,0,29,50,0.04173505698809348,200000
2181,3814.23,2,369,-10.952,0.05,2,46,3,0,1,1,0,0,25,95,0.038801345280131835,200000
2182,3814.45,0,15,-5.344,0.05,0,5,2,0,1,1,0,0,2,6,0.04172314790387948,200000
2183,3815.7,2,85,3.83,0.05,2,39,1,0,1,1,0,0,11,16,0.041047653139514084,200000
2184,3818.49,3,189,2.29,0.05,3,49,3,0,1,1,0,0,22,15,0.0358632667847569,200000
2185,3819.68,1,82,-0.52,0.05,1,29,2,0,1,1,0,0,10,14,0.035768333300039534,200000
2186,3820.71,0,70,-2.196,0.05,0,26,2,0,1,1,0,0,9,16,0.040826261628951345,200000
2187,3821.62,1,62,0.036,0.05,1,27,1,0,0,1,0,0,8,10,0.04282458742419558,200000
2188,3827.54,3,400,-4.822,0.05,3,46,4,0,0,0,1,0,41,105,0.03912668233504519,200000
2189,3828.52,1,66,0.734,0.05,1,30,1,0,1,1,0,0,8,10,0.03865617650532813,200000
2190,3830.16,1,111,1.726,0.05,1,42,3,0,0,1,0,0,12,17,0.044041719514171816,200000
2191,3830.88,3,49,2.318,0.05,3,22,3,0,1,1,0,0,7,7,0.04694026322769267,200000
2192,3830.98,0,7,-4.882,0.05,0,5,1,0,1,1,0,0,1,3,0.025634544768503735,200000
2193,3835.53,4,310,-8.008,0.05,4,38,5,0,1,1,0,1,25,90,0.037714243058355586,200000
2194,3836.38,1,57,0.084,0.05,1,26,2,0,0,1,0,0,7,10,0.046071675467190515,200000
2195,3836.74,1,25,-2.016,0.05,1,13,1,0,1,1,0,0,3,0,0.03529506996273994,200000
2196,3838.13,9,94,10.13,0.05,4,35,2,1,1,1,0,0,11,16,0.033206730506363066,200000
2197,3840.19,0,139,-1.718,0.05,0,41,0,0,1,1,0,0,15,16,0.0344423885798926,200000
2198,3841.39,2,81,4.582,0.05,2,41,5,0,1,1,0,0,9,17,0.040519103999996996,200000
2199,3842.15,1,51,-1.974,0.05,1,18,1,0,1,1,0,0,7,12,0.03158173940199263,200000
2200,3842.25,0,7,-5.482,0.05,0,3,0,0,1,1,0,0,1,2,0.030710781791380475,200000
2201,3845.37,8,216,7.316,0.05,3,54,4,1,0,1,0,0,25,37,0.03883045206398324,200000
2202,3846.64,2,85,4.384,0.05,2,41,3,0,0,1,0,0,10,15,0.04783494435250759,200000
2203,3847.67,1,70,-3.732,0.05,1,16,2,0,1,1,0,0,7,16,0.0382352206323828,200000
2204,3847.77,0,7,-4.882,0.05,0,5,0,0,1,1,0,0,1,2,0.03883560800126621,200000
2205,3853.52,5,400,-3.008,0.05,5,46,3,0,0,0,1,1,32,74,0.03848026692750864,200000
2206,3854.52,0,67,-0.206,0.05,0,32,0,0,1,1,0,0,9,11,0.03699233481632685,200000
2207,3855.85,3,91,5.176,0.05,3,43,2,0,1,1,0,1,11,14,0.040925788887581985,200000
2208,3856.38,0,36,-2.948,0.05,0,17,1,0,1,1,0,0,5,8,0.041457907762378454,200000
2209,3857.11,2,50,1.278,0.05,2,27,2,0,1,1,0,1,7,10,0.042088196966797116,200000
2210,3857.19,0,5,-5.062,0.05,0,4,0,0,1,1,0,0,1,3,0.05540824607014656,200000
2211,3857.4,0,15,-4.744,0.05,0,7,0,0,1,1,0,0,2,6,0.03438739683479071,200000
2212,3858.86,4,98,3.676,0.05,4,31,3,0,1,1,0,0,12,10,0.037858302842787635,200000
2213,3861.51,0,179,-6.96,0.05,0,35,3,0,1,1,0,1,18,30,0.03474262822939697,200000
2214,3867.55,2,400,-10.582,0.05,2,39,3,0,0,0,1,2,33,81,0.03747029833844863,200000
2215,3868.08,0,36,-2.648,0.05,0,18,0,0,1,1,0,0,4,7,0.05057099673690067,200000
2216,3869.61,1,103,0.978,0.05,1,38,1,0,1,1,0,0,11,11,0.039815911860431284,200000
2217,3870.43,0,56,-1.184,0.05,0,30,1,0,1,1,0,1,7,11,0.04561189843142139,200000
2218,3872.54,6,144,9.718,0.05,6,50,4,0,1,1,0,0,16,13,0.038860379048855975,200000
2219,3873.07,0,36,-2.64,0.05,0,18,0,0,1,1,0,0,5,5,0.043607508272139564,200000
2220,3874.53,3,99,2.802,0.05,3,37,3,0,1,1,0,1,10,17,0.03736120461006508,200000
2221,3880.34,3,400,-2.156,0.05,3,64,3,0,0,0,1,2,38,87,0.04049439809517935,200000
2222,3880.99,2,44,0.81,0.05,2,21,2,0,1,1,0,0,6,10,0.03136607905087823,200000
2223,3881.49,1,34,-0.128,0.05,1,21,2,0,1,1,0,0,4,7,0.0404946265523048,200000
2224,3882.02,1,36,0.07,0.05,1,22,2,0,1,1,0,0,5,7,0.045273555546171136,200000
2225,3883.11,3,74,3.564,0.05,3,31,3,0,1,1,0,0,9,11,0.04162749307028748,200000
2226,3887.85,4,312,-4.706,0.05,4,48,6,0,1,1,0,1,32,65,0.03978106466372712,200000
2227,3888.09,0,17,-5.172,0.05,0,6,1,0,1,1,0,0,2,5,0.028305303634089583,200000
2228,3888.9,4,55,4.372,0.05,4,25,5,0,0,1,0,0,6,5,0.03798981627280062,200000
2229,3889.83,2,64,1.446,0.05,2,27,3,0,0,1,0,0,8,7,0.03679233534785453,200000
2230,3890.09,0,18,-3.714,0.05,0,11,0,0,1,1,0,0,2,4,0.03949578054663208,200000
2231,3890.99,1,61,1.016,0.05,1,30,4,0,1,1,0,0,8,14,0.042637528134051896,200000
2232,3892.02,1,70,2.218,0.05,1,36,1,0,1,1,0,0,8,22,0.04018319689535669,200000
2233,3893.82,5,121,7.456,0.05,5,43,6,0,1,1,0,0,13,18,0.043635953356288684,200000
2234,3894.02,0,14,-4.974,0.05,0,6,1,0,1,1,0,0,2,8,0.03483527260167258,200000
2235,3895.05,3,71,2.786,0.05,3,28,3,0,0,1,0,0,8,14,0.03999429527984958,200000
2236,3895.47,0,29,-4.046,0.05,0,12,0,0,1,1,0,0,4,9,0.041689379204963815,200000
2237,3901.37,7,400,-7.462,0.05,2,26,2,1,0,0,1,0,32,112,0.041444166214205325,200000
2238,3907.34,3,400,-9.64,0.05,3,43,2,0,0,0,1,3,42,103,0.03976631038356573,200000
2239,3907.41,0,5,-5.062,0.05,0,4,0,0,1,1,0,0,1,4,0.07187925465404987,200000
2240,3908.68,2,86,0.79,0.05,2,29,0,0,1,1,0,0,11,12,0.04908626712858677,200000
2241,3909.51,2,56,1.0,0.05,2,24,2,0,1,1,0,0,7,12,0.03043891180173627,200000
2242,3910.73,7,84,6.674,0.05,2,35,4,1,1,1,0,1,10,19,0.03998892580247706,200000
2243,3910.85,0,8,-5.242,0.05,0,4,0,0,1,1,0,0,1,1,0.03013244888279587,200000
2244,3912.5,7,114,8.672,0.05,2,44,3,1,1,1,0,0,13,17,0.04179174250416588,200000
2245,3912.9,0,27,-3.928,0.05,0,12,0,0,1,1,0,0,4,8,0.03797657694667578,200000
2246,3913.53,0,43,-3.34,0.05,0,17,0,0,1,1,0,0,6,11,0.039021119042191396,200000
2247,3913.8,1,18,-3.414,0.05,1,7,1,0,1,1,0,0,2,4,0.037838661681032844,200000
2248,3916.83,2,208,-4.108,0.05,2,36,1,0,0,1,0,0,25,44,0.036273961850943476,200000
2249,3919.21,4,158,5.296,0.05,4,48,4,0,1,1,0,0,17,21,0.04117369411890454,200000
2250,3919.54,0,23,-4.006,0.05,0,11,0,0,1,1,0,0,3,2,0.035933251614155975,200000
2251,3921.01,4,100,5.658,0.05,4,38,3,0,1,1,0,0,11,12,0.04047860693186522,200000
2252,3921.56,2,37,-0.036,0.05,2,17,2,0,1,1,0,0,4,8,0.04207801645168582,200000
2253,3922.39,1,56,0.906,0.05,1,32,4,0,1,1,0,1,7,10,0.043418227728190165,200000
2254,3922.92,0,36,-3.53,0.05,0,15,0,0,1,1,0,0,5,7,0.037884544814005494,200000
2255,3923.39,0,32,-2.718,0.05,0,17,2,0,1,1,0,0,4,1,0.0417526145465672,200000
2256,3929.45,2,400,-7.176,0.05,2,47,3,0,0,0,1,0,26,142,0.038753513175761325,200000
2257,3929.84,0,27,-4.508,0.05,0,10,0,0,1,1,0,0,4,12,0.052293626867510656,200000
2258,3930.08,1,17,-3.054,0.05,1,8,1,0,1,1,0,0,2,7,0.03963359708295149,200000
2259,3930.98,1,62,1.546,0.05,1,32,2,0,1,1,0,0,8,14,0.036535871094994,200000
2260,3931.79,2,55,3.776,0.05,2,33,2,0,1,1,0,0,7,11,0.04369794855063612,200000
2261,3932.16,0,25,-2.926,0.05,0,15,0,0,1,1,0,0,3,3,0.04851804375648498,200000
2262,3935.2,8,206,2.37,0.05,3,36,3,1,1,1,0,0,19,43,0.040520282181938296,200000
2263,3940.74,0,364,-13.97,0.05,0,44,0,0,1,1,0,0,30,111,0.041481234990367356,200000
2264,3942.11,3,94,6.382,0.05,3,44,3,0,1,1,0,0,12,17,0.03721099019922475,200000
2265,3944.41,4,157,3.186,0.05,4,44,7,0,1,1,0,1,18,20,0.03930274716275892,200000
2266,3945.67,0,86,1.392,0.05,0,41,1,0,1,1,0,0,10,14,0.03797494379673586,200000
2267,3945.77,0,7,-5.192,0.05,0,4,1,0,1,1,0,0,1,0,0.06069043651223183,200000
2268,3950.58,4,315,-5.806,0.05,4,45,4,0,1,1,0,1,22,68,0.03766612169288454,200000
2269,3956.66,4,400,-6.65,0.05,4,35,3,0,0,0,1,0,37,83,0.03786573369172402,200000
2270,3956.92,0,18,-3.714,0.05,0,11,0,0,1,1,0,0,2,5,0.04233488611256083,200000
2271,3959.04,7,141,5.646,0.05,2,39,1,1,0,1,0,0,16,23,0.037190484028336,200000
2272,3965.17,2,400,-9.112,0.05,2,44,4,0,0,0,1,2,33,129,0.038955740260425954,200000
2273,3967.08,8,130,8.346,0.05,3,41,2,1,0,1,0,0,15,11,0.039475629575407276,200000
2274,3968.71,1,112,-2.284,0.05,1,29,3,0,1,1,0,0,13,25,0.04447498978281926,200000
2275,3970.92,7,148,6.18,0.05,2,52,0,1,1,1,0,3,18,23,0.0413136764624584,200000
2276,3971.49,1,40,-0.77,0.05,1,20,1,0,1,1,0,0,5,4,0.05310803612228483,200000
2277,3971.83,1,23,-3.396,0.05,1,8,1,0,1,1,0,0,3,10,0.030628387573296608,200000
2278,3972.14,0,21,-3.604,0.05,0,12,1,0,1,1,0,0,3,4,0.04869075314629646,200000
2279,3972.98,3,57,4.856,0.05,3,32,5,0,1,1,0,0,7,7,0.035779419959637154,200000
2280,3975.28,5,155,4.814,0.05,5,41,4,0,1,1,0,0,15,24,0.0371222723816191,200000
2281,3977.85,2,173,-0.386,0.05,2,42,1,0,1,1,0,0,18,25,0.043917652870921385,200000
2282,3978.05,0,14,-4.684,0.05,0,7,1,0,1,1,0,0,2,2,0.03340255282819271,200000
2283,3980.92,1,196,-6.996,0.05,1,39,1,0,1,1,0,3,23,50,0.041400361193191945,200000
2284,3981.4,1,33,-0.668,0.05,1,19,2,0,1,1,0,0,4,6,0.039782942780716854,200000
2285,3982.78,1,93,3.658,0.05,1,45,3,0,1,1,0,0,11,19,0.040356510128545506,200000
2286,3984.56,4,120,1.71,0.05,4,32,1,0,0,1,0,1,14,16,0.040724901288437344,200000
2287,3984.88,2,22,-1.554,0.05,2,9,2,0,1,1,0,0,3,5,0.03284476976841688,200000
2288,3985.8,0,62,-2.674,0.05,0,23,0,0,1,1,0,0,7,10,0.04361094242983287,200000
2289,3991.02,4,345,-6.79,0.05,4,44,3,0,0,1,0,0,36,74,0.03780848198718783,200000
2290,3996.66,1,372,-12.586,0.05,1,48,3,0,1,1,0,1,37,88,0.03884260530924044,200000
2291,3997.83,5,79,6.254,0.05,5,31,5,0,1,1,0,0,9,13,0.038601538095670414,200000
2292,3999.73,2,128,1.896,0.05,2,41,3,0,1,1,0,0,14,8,0.04315982641855953,200000
2293,4002.08,2,157,3.648,0.05,2,52,3,0,1,1,0,0,19,32,0.03771017852779122,200000
2294,4003.05,1,66,-1.392,0.05,1,23,2,0,1,1,0,0,8,11,0.03558620820386392,200000
2295,4004.23,1,80,1.694,0.05,1,36,1,0,1,1,0,0,10,10,0.043081396631896494,200000
2296,4010.32,8,400,-1.03,0.05,3,43,2,1,0,0,1,0,26,126,0.038833475578576325,200000
2297,4011.15,1,57,-0.862,0.05,1,23,2,0,1,1,0,0,6,15,0.039794298705824634,200000
2298,4012.72,3,109,8.324,0.05,3,57,2,0,1,1,0,1,13,9,0.04998960401093878,200000
2299,4018.79,2,400,-4.266,0.05,2,53,2,0,0,0,1,0,36,116,0.038519310613628475,200000
2300,4023.21,2,294,-6.528,0.05,2,45,3,0,1,1,0,0,29,64,0.039054249690490817,200000
2301,4025.43,7,152,8.274,0.05,2,50,1,1,1,1,0,0,18,26,0.04175531578336009,200000
2302,4028.32,6,196,2.514,0.05,6,39,4,0,1,1,0,1,23,40,0.04415240446675797,200000
2303,4029.67,3,90,1.758,0.05,3,28,1,0,1,1,0,0,12,17,0.040911478409543636,200000
2304,4031.45,3,120,-1.68,0.05,3,29,2,0,1,1,0,2,16,20,0.032658328348770735,200000
2305,4033.34,2,129,2.082,0.05,2,45,3,0,1,1,0,1,14,19,0.04447645856457394,200000
2306,4034.68,1,90,1.316,0.05,1,40,1,0,1,1,0,1,9,11,0.03972871812681357,200000
2307,4036.57,2,126,-0.688,0.05,2,32,2,0,1,1,0,0,12,14,0.04145690764758795,200000
2308,4039.33,3,185,-0.03,0.05,3,47,3,0,1,1,0,2,19,27,0.04331009778118617,200000
2309,4040.25,1,63,1.816,0.05,1,33,3,0,1,1,0,0,7,9,0.036123354379679,200000
2310,4041.45,1,82,-0.58,0.05,1,29,2,0,1,1,0,0,6,7,0.038985244623135504,200000
2311,4047.46,3,400,2.692,0.05,3,71,3,0,0,0,1,0,38,118,0.03667389506706968,200000
2312,4048.19,2,50,1.942,0.05,2,26,3,0,0,1,0,0,6,6,0.04117056358605623,200000
2313,4048.43,1,17,-3.054,0.05,1,8,3,0,1,1,0,0,2,5,0.03180645795210319,200000
2314,4048.75,1,22,-3.626,0.05,1,7,2,0,1,1,0,0,3,8,0.03295362948186018,200000
2315,4053.42,2,310,-7.302,0.05,2,45,3,0,1,1,0,0,34,66,0.0381005636025821,200000
2316,4055.6,2,149,-2.474,0.05,2,34,3,0,1,1,0,1,16,14,0.04031252937591416,200000
2317,4055.9,0,20,-4.116,0.05,0,10,0,0,1,1,0,0,3,7,0.04284117394126952,200000
2318,4056.14,1,17,-3.064,0.05,1,8,2,0,1,1,0,0,2,5,0.0378693540525787,200000
2319,4058.15,5,136,2.048,0.05,0,36,1,1,1,1,0,0,16,31,0.04154603200047003,200000
2320,4059.03,1,59,-1.564,0.05,1,21,2,0,1,1,0,0,7,8,0.038055588491261005,200000
2321,4060.49,2,98,-0.18,0.05,2,28,3,0,1,1,0,0,13,13,0.037304723502269814,200000
2322,4063.79,1,223,-2.326,0.05,1,50,2,0,1,1,0,0,24,54,0.04266787912162029,200000
2323,4063.97,1,13,-4.024,0.05,1,4,1,0,1,1,0,0,2,4,0.03291739129389708,200000
2324,4065.38,2,95,-2.61,0.05,2,33,3,0,1,1,0,4,11,17,0.04396290907538251,200000
2325,4066.93,2,107,3.494,0.05,2,42,3,0,1,1,0,0,13,17,0.04694694855085043,200000
2326,4067.59,0,44,-4.338,0.05,0,14,1,0,1,1,0,0,4,6,0.03617304188876667,200000
2327,4069.16,5,106,5.246,0.05,0,41,0,1,1,1,0,0,14,18,0.04320617136984782,200000
2328,4070.05,1,60,-1.024,0.05,1,23,1,0,1,1,0,0,8,9,0.038653365631277366,200000
2329,4072.37,5,160,6.136,0.05,5,46,6,0,1,1,0,0,18,26,0.044659310986753555,200000
2330,4073.31,1,63,-0.736,0.05,1,28,2,0,1,1,0,1,8,15,0.03779622797100317,200000
2331,4073.97,0,44,-0.992,0.05,0,25,0,0,1,1,0,0,6,15,0.04021127232011746,200000
2332,4074.51,1,37,-1.798,0.05,1,16,1,0,1,1,0,0,5,6,0.03603003710206296,200000
2333,4078.07,1,239,-3.642,0.05,1,49,0,0,0,1,0,0,21,38,0.04340871984224813,200000
2334,4078.76,0,47,-2.672,0.05,0,20,0,0,1,1,0,0,6,7,0.03975336743082772,200000
2335,4084.94,2,400,-5.496,0.05,2,50,1,0,0,0,1,0,24,130,0.03928810725803487,200000
2336,4088.81,0,265,-12.232,0.05,0,30,1,0,1,1,0,0,27,50,0.042353252855674275,200000
2337,4093.9,5,342,-5.102,0.05,0,52,3,1,1,1,0,0,35,81,0.0410595147064424,200000
2338,4099.9,3,400,-2.134,0.05,3,58,4,0,0,0,1,1,40,120,0.04206571507267654,200000
2339,4100.67,1,52,1.846,0.05,1,31,3,0,1,1,0,0,7,8,0.04664485414440815,200000
2340,4106.64,4,400,-4.264,0.05,4,47,4,0,0,0,1,0,28,137,0.03876995504251681,200000
2341,4107.27,0,43,-0.958,0.05,0,25,0,0,1,1,0,0,5,8,0.05029680815980185,200000
2342,4111.72,2,303,-9.972,0.05,2,38,3,0,1,1,0,1,33,78,0.03834291493440225,200000
2343,4112.02,0,21,-4.174,0.05,0,10,1,0,1,1,0,0,3,3,0.031825395833168714,200000
2344,4113.7,4,113,6.396,0.05,4,43,5,0,1,1,0,0,13,15,0.040326038082913226,200000
2345,4116.07,1,161,-0.968,0.05,1,46,1,0,1,1,0,1,18,32,0.03756451663439688,200000
2346,4118.93,3,194,-1.064,0.05,3,42,3,0,1,1,0,1,23,33,0.04192756910894796,200000
2347,4119.35,0,29,-3.146,0.05,0,15,0,0,1,1,0,0,4,3,0.04392726067453623,200000
2348,4119.86,1,35,-2.306,0.05,1,14,1,0,1,1,0,0,5,6,0.03851899291787829,200000
2349,4121.71,4,123,3.598,0.05,4,37,2,0,1,1,0,0,12,31,0.03868336809753645,200000
2350,4127.76,6,400,1.806,0.05,6,53,6,0,0,0,1,0,39,109,0.03884027063846588,200000
2351,4127.83,0,5,-5.362,0.05,0,3,0,0,1,1,0,0,1,1,0.07310865670442582,200000
2352,4128.82,1,67,0.678,0.05,1,30,1,0,1,1,0,0,9,11,0.04027949254125802,200000
2353,4130.89,4,138,4.698,0.05,4,42,3,0,1,1,0,0,17,19,0.03986603298318991,200000
2354,4134.93,5,267,-3.546,0.05,5,38,4,0,1,1,0,1,26,45,0.03838029728804746,200000
2355,4137.89,2,199,-4.008,0.05,2,35,2,0,1,1,0,0,19,44,0.04270143512093542,200000
2356,4138.45,2,38,-0.06,0.05,2,17,3,0,1,1,0,0,5,10,0.028781433418197066,200000
2357,4139.58,2,76,4.092,0.05,2,38,3,0,1,1,0,0,10,16,0.03785333619453013,200000
2358,4140.97,7,94,5.816,0.05,2,34,3,1,1,1,0,1,12,14,0.04251580499112606,200000
2359,4142.16,2,82,1.52,0.05,2,34,1,0,1,1,0,1,11,11,0.03817922472045189,200000
2360,4143.98,2,124,0.888,0.05,2,37,2,0,1,1,0,0,12,16,0.03798466318497254,200000
2361,4144.63,1,44,-0.69,0.05,1,21,3,0,1,1,0,0,5,10,0.03900759423744272,200000
2362,4145.42,1,53,0.88,0.05,1,28,2,0,1,1,0,0,7,4,0.03481257492500656,200000
2363,4147.67,1,153,0.806,0.05,1,47,1,0,1,1,0,0,18,27,0.034460239002809805,200000
2364,4147.87,0,14,-5.592,0.05,0,4,0,0,1,1,0,0,2,4,0.03297469851427844,200000
2365,4150.19,3,158,3.602,0.05,3,47,4,0,1,1,0,0,20,26,0.03482831200537614,200000
2366,4155.69,6,379,-6.304,0.05,6,45,4,0,1,1,0,1,35,103,0.03869350561454381,200000
2367,4156.8,2,75,2.614,0.05,2,33,3,0,0,1,0,0,10,9,0.038410529668132465,200000
2368,4157.86,1,73,1.524,0.05,1,34,1,0,0,1,0,0,10,13,0.046754275435862476,200000
2369,4158.93,2,72,1.204,0.05,2,31,3,0,1,1,0,1,9,15,0.046418135028539434,200000
2370,4159.22,0,20,-4.424,0.05,0,9,1,0,1,1,0,0,3,6,0.04015111103653908,200000
2371,4160.49,1,86,0.536,0.05,1,33,2,0,1,1,0,0,11,20,0.03457419626241506,200000
2372,4166.33,0,400,-10.222,0.05,0,46,2,0,0,0,1,1,40,93,0.03967466013506055,200000
2373,4167.1,6,53,6.786,0.05,1,31,4,1,1,1,0,0,7,7,0.03322520042014009,200000
2374,4167.43,0,23,-4.606,0.05,0,9,0,0,1,1,0,0,3,6,0.024539797688307968,200000
2375,4168.04,1,43,-0.68,0.05,1,21,1,0,1,1,0,0,6,8,0.03640263332703779,200000
2376,4168.26,1,15,-3.534,0.05,1,6,1,0,1,1,0,0,2,3,0.04022115139911572,200000
2377,4169.57,2,87,4.576,0.05,2,45,1,0,1,1,0,1,12,11,0.04097109012862389,200000
2378,4170.2,0,43,-1.512,0.05,0,23,2,0,1,1,0,0,6,9,0.04510117805194716,200000
2379,4171.94,3,118,5.602,0.05,3,46,2,0,1,1,0,0,15,21,0.04236386506028979,200000
2380,4178.01,1,400,-8.35,0.05,1,45,2,0,0,0,1,0,29,95,0.040042196928989145,200000
2381,4178.2,0,13,-4.924,0.05,0,6,0,0,1,1,0,0,2,5,0.025263066475207988,200000
2382,4182.23,4,270,-3.94,0.05,4,42,5,0,1,1,0,1,27,55,0.03623243708818875,200000
2383,4183.08,3,59,4.096,0.05,3,30,4,0,1,1,0,0,7,6,0.03708117251615908,200000
2384,4185.67,3,171,1.29,0.05,3,42,4,0,1,1,0,0,20,37,0.040653317420585464,200000
2385,4186.2,1,36,-0.832,0.05,1,19,1,0,1,1,0,0,5,7,0.03834080401187142,200000
2386,4190.89,4,320,-7.564,0.05,4,40,5,0,1,1,0,1,30,58,0.039483915200980844,200000
2387,4191.56,1,45,-1.67,0.05,1,18,3,0,1,1,0,0,6,11,0.04765537716448307,200000
2388,4192.86,5,90,5.85,0.05,5,35,5,0,0,1,0,1,11,14,0.0411190455675953,200000
2389,4193.8,1,63,1.806,0.05,1,33,4,0,1,1,0,0,8,8,0.03503111641972311,200000
2390,4193.9,0,7,-5.482,0.05,0,3,0,0,1,1,0,0,1,1,0.02117703016847372,200000
2391,4193.98,0,5,-5.362,0.05,0,3,0,0,1,1,0,0,1,3,0.026967639848589898,200000
2392,4196.28,4,153,4.476,0.05,4,44,4,0,1,1,0,0,20,23,0.04339316367396927,200000
2393,4196.91,1,43,-1.55,0.05,1,18,1,0,1,1,0,0,5,7,0.03894630693938843,200000
2394,4198.05,3,79,2.678,0.05,3,29,3,0,1,1,0,0,8,11,0.03854412421631285,200000
2395,4198.49,0,30,-3.216,0.05,0,15,0,0,1,1,0,0,3,3,0.031083058038105568,200000
2396,4200.02,2,104,1.714,0.05,2,39,4,0,0,1,0,1,12,14,0.040767217359433956,200000
2397,4200.78,1,52,-1.22,0.05,1,21,1,0,1,1,0,0,7,11,0.03779166302858637,200000
2398,4200.99,0,14,-4.084,0.05,0,9,1,0,1,1,0,0,2,5,0.04480186477303505,200000
2399,4202.18,3,80,0.504,0.05,3,22,2,0,1,1,0,0,9,21,0.03783768293214962,200000
2400,4202.79,3,43,1.45,0.05,3,18,3,0,1,1,0,0,5,8,0.05032355466121158,200000
2401,4204.55,4,119,7.604,0.05,4,48,3,0,1,1,0,0,14,19,0.03920487167329347,200000
2402,4205.75,7,81,6.614,0.05,2,34,3,1,1,1,0,1,10,15,0.03883244895180802,200000
2403,4206.05,0,21,-4.466,0.05,0,9,0,0,1,1,0,0,3,8,0.04234456510416099,200000
2404,4206.15,0,7,-5.482,0.05,0,3,0,0,1,1,0,0,1,2,0.04170152811067445,200000
2405,4206.37,0,15,-5.034,0.05,0,6,0,0,1,1,0,0,2,5,0.019570377996812265,200000
2406,4208.25,2,129,2.186,0.05,2,42,1,0,1,1,0,0,17,22,0.03967574823561103,200000
2407,4208.42,0,12,-5.154,0.05,0,5,0,0,1,1,0,0,2,4,0.029617682254562776,200000
2408,4208.72,1,21,-2.666,0.05,1,10,1,0,1,1,0,0,3,7,0.034913783316456136,200000
2409,4211.01,1,153,-1.676,0.05,1,42,2,0,1,1,0,1,17,23,0.038586138583281464,200000
2410,4212.68,3,112,2.856,0.05,3,36,4,0,1,1,0,0,13,22,0.04386563555038135,200000
2411,4213.64,1,65,0.786,0.05,1,30,2,0,1,1,0,0,8,11,0.035950397291722204,200000
2412,4214.02,0,26,-4.476,0.05,0,10,0,0,1,1,0,0,3,6,0.046847641432228,200000
2413,4214.22,0,14,-4.392,0.05,0,8,1,0,1,1,0,0,2,2,0.044615585024335554,200000
2414,4214.98,1,52,-0.242,0.05,1,24,1,0,1,1,0,0,7,10,0.04014927958353208,200000
2415,4216.14,7,79,7.554,0.05,2,34,4,1,1,1,0,0,9,13,0.03808663481304163,200000
2416,4218.06,1,130,1.624,0.05,1,45,2,0,1,1,0,0,17,25,0.03872112333774567,200000
2417,4218.19,0,9,-4.702,0.05,0,6,2,0,1,1,0,0,1,2,0.06420757000645001,200000
2418,4220.35,2,146,2.112,0.05,2,45,3,0,1,1,0,0,16,19,0.036618471566638715,200000
2419,4221.95,3,107,4.968,0.05,3,42,1,0,1,1,0,0,12,12,0.03492414206701601,200000
2420,4222.14,0,13,-4.332,0.05,0,8,0,0,1,1,0,0,2,1,0.050565724834226645,200000
2421,4223.18,0,71,0.758,0.05,0,36,0,0,1,1,0,0,9,13,0.04915631327673163,200000
2422,4223.28,0,7,-5.482,0.05,0,3,0,0,1,1,0,0,1,3,0.023051009912575995,200000
2423,4228.64,3,375,-10.258,0.05,3,47,3,0,1,1,0,1,24,91,0.040497379961113134,200000
2424,4229.63,2,66,3.434,0.05,2,34,2,0,1,1,0,0,8,11,0.0322733508902743,200000
2425,4229.7,0,5,-5.062,0.05,0,4,0,0,1,1,0,0,1,3,0.0444049334153533,200000
2426,4230.67,3,66,4.034,0.05,3,31,3,0,1,1,0,0,8,9,0.04755395790562034,200000
2427,4231.17,0,34,-3.128,0.05,0,16,0,0,1,1,0,0,4,6,0.04372149549753351,200000
2428,4233.74,7,175,0.544,0.05,2,29,2,1,1,1,0,0,14,45,0.03916786660041128,200000
2429,4238.0,3,284,-8.526,0.05,3,35,1,0,1,1,0,1,33,51,0.036705418365259826,200000
2430,4238.26,0,18,-4.314,0.05,0,9,1,0,1,1,0,0,2,4,0.03509227502056294,200000
2431,4239.06,2,55,0.946,0.05,2,27,3,0,1,1,0,1,7,8,0.037829161672429605,200000
2432,4239.38,0,21,-2.984,0.05,0,14,1,0,1,1,0,0,3,6,0.03645312981236549,200000
2433,4242.31,8,197,4.776,0.05,3,42,3,1,1,1,0,0,22,32,0.03669887458253179,200000
2434,4242.71,0,28,-4.268,0.05,0,11,0,0,1,1,0,0,4,11,0.04593023957152452,200000
2435,4243.25,0,38,-2.45,0.05,0,19,2,0,1,1,0,0,5,8,0.03527450485547122,200000
2436,4243.84,1,40,-2.278,0.05,1,15,1,0,1,1,0,0,5,10,0.04328081889543682,200000
2437,4246.98,1,213,-1.368,0.05,1,51,2,0,1,1,0,0,24,39,0.03910704796145639,200000
2438,4248.07,0,75,-0.962,0.05,0,31,1,0,1,1,0,0,10,13,0.0446611158673962,200000
2439,4248.37,0,21,-4.476,0.05,0,9,1,0,1,1,0,0,3,8,0.033833030300835766,200000
2440,4250.45,4,139,4.01,0.05,4,40,6,0,1,1,0,0,17,19,0.041083394831193866,200000
2441,4250.92,0,32,-2.108,0.05,0,19,2,0,1,1,0,0,4,7,0.041676460998132825,200000
2442,4253.57,3,184,3.192,0.05,3,51,4,0,0,1,0,0,21,30,0.04272617854218444,200000
2443,4255.73,3,144,3.776,0.05,3,45,4,0,1,1,0,0,18,19,0.03845801162404112,200000
2444,4256.99,2,85,2.652,0.05,2,35,2,0,1,1,0,0,10,11,0.040785536268616425,200000
2445,4257.09,0,7,-5.482,0.05,0,3,0,0,1,1,0,0,1,2,0.046082551191960065,200000
2446,4257.48,0,27,-4.208,0.05,0,11,1,0,1,1,0,0,4,10,0.053416635703157495,200000
2447,4257.79,0,22,-3.026,0.05,0,14,0,0,1,1,0,0,3,7,0.03855482789433815,200000
2448,4262.89,5,345,-5.286,0.05,5,47,5,0,1,1,0,1,31,67,0.0411153466967137,200000
2449,4263.18,0,20,-4.424,0.05,0,9,0,0,1,1,0,0,3,5,0.02458419413305819,200000
2450,4263.93,2,51,0.09,0.05,2,20,3,0,0,1,0,0,6,11,0.0332733001012136,200000
2451,4264.0,0,5,-5.662,0.05,0,2,0,0,1,1,0,0,1,1,0.03699187785387039,200000
2452,4264.29,0,20,-4.742,0.05,0,8,0,0,1,1,0,0,3,5,0.028558439388871194,200000
2453,4268.2,4,262,-1.398,0.05,4,49,3,0,1,1,0,1,30,27,0.04091659881075034,200000
2454,4270.72,1,169,-5.01,0.05,1,34,1,0,0,1,0,1,19,36,0.038926251601846616,200000
2455,4274.4,9,256,2.162,0.05,4,44,5,1,0,1,0,1,26,49,0.03828022789093666,200000
2456,4275.05,0,44,-3.71,0.05,0,16,1,0,1,1,0,0,6,13,0.030462321105667135,200000
2457,4276.39,7,91,6.998,0.05,2,34,4,1,1,1,0,0,11,15,0.041011856229218484,200000
2458,4278.05,4,114,4.262,0.05,4,36,4,0,1,1,0,0,14,16,0.03882928380513923,200000
2459,4280.42,3,162,0.0,0.05,3,36,4,0,1,1,0,0,19,30,0.040767879024102,200000
2460,4282.5,2,138,-0.436,0.05,2,35,2,0,1,1,0,0,15,19,0.039000840817132724,200000
2461,4284.45,0,132,1.346,0.05,0,50,2,0,1,1,0,0,16,25,0.04532007078611941,200000
2462,4285.72,2,86,-0.826,0.05,2,27,4,0,1,1,0,1,10,15,0.04045880975764851,200000
2463,4287.56,1,126,-1.498,0.05,1,34,4,0,1,1,0,0,14,25,0.04171477700214064,200000
2464,4287.76,0,14,-4.084,0.05,0,9,0,0,1,1,0,0,2,3,0.04325702240956681,200000
2465,4291.96,3,281,-7.774,0.05,3,43,5,0,1,1,0,3,29,47,0.040035397934584854,200000
2466,4293.12,1,80,-2.566,0.05,1,25,2,0,1,1,0,1,11,14,0.03722257082117721,200000
2467,4295.16,0,139,1.576,0.05,0,52,3,0,1,1,0,0,14,13,0.04452263129030844,200000
2468,4299.45,3,289,-3.442,0.05,3,49,4,0,1,1,0,0,32,38,0.041012895212969566,200000
2469,4299.56,0,8,-4.642,0.05,0,6,0,0,1,1,0,0,1,1,0.05449850112199783,200000
2470,4299.87,0,21,-4.502,0.05,0,9,0,0,1,1,0,0,3,4,0.049751274553792815,200000
2471,4301.18,3,88,6.366,0.05,3,43,4,0,1,1,0,0,12,14,0.04043895133178343,200000
2472,4302.12,3,64,3.828,0.05,3,30,3,0,1,1,0,0,8,6,0.045850713504478335,200000
2473,4302.58,0,32,-3.936,0.05,0,13,1,0,1,1,0,0,4,4,0.043123776209540665,200000
2474,4304.4,2,123,1.216,0.05,2,44,4,0,0,1,0,2,15,26,0.04643551043681497,200000
2475,4304.94,1,37,-0.908,0.05,1,19,1,0,1,1,0,0,5,8,0.0414546598126558,200000
2476,4306.17,3,83,3.342,0.05,3,32,1,0,1,1,0,0,10,14,0.04466960947197604,200000
2477,4310.7,6,313,-3.236,0.05,1,41,5,1,0,0,1,4,29,59,0.04161747886588017,200000
2478,4311.66,1,65,1.998,0.05,1,34,4,0,1,1,0,0,8,9,0.04059388438382974,200000
2479,4313.2,0,106,-0.666,0.05,0,38,0,0,1,1,0,0,14,13,0.04891028677833811,200000
2480,4313.31,0,7,-4.582,0.05,0,6,2,0,1,1,0,0,1,3,0.037317678199282715,200000
2481,4313.72,1,28,-2.488,0.05,1,12,1,0,1,1,0,0,4,4,0.030272771305005466,200000
2482,4319.79,2,400,-7.336,0.05,2,43,0,0,0,0,1,0,39,81,0.039043749949196356,200000
2483,4320.52,3,50,2.158,0.05,3,25,6,0,1,1,0,1,7,10,0.048194752279669045,200000
2484,4324.72,2,275,-4.882,0.05,2,50,2,0,1,1,0,1,27,63,0.04284018890762871,200000
2485,4325.41,1,48,0.86,0.05,1,27,4,0,1,1,0,0,6,9,0.03634560533100739,200000
2486,4325.74,0,23,-4.596,0.05,0,9,0,0,1,1,0,0,3,9,0.030521944772614086,200000
2487,4327.12,4,94,4.848,0.05,4,34,2,0,1,1,0,0,13,21,0.0424827647078386,200000
2488,4329.66,4,168,1.932,0.05,4,39,3,0,1,1,0,0,16,30,0.036485587529438944,200000
2489,4330.23,2,39,1.672,0.05,2,23,2,0,1,1,0,0,4,3,0.05723762691307526,200000
2490,4330.33,0,7,-5.182,0.05,0,4,0,0,1,1,0,0,1,3,0.03275345691612789,200000
2491,4331.51,3,80,4.736,0.05,3,36,4,0,1,1,0,0,10,12,0.04027606790186837,200000
2492,4332.91,1,95,1.766,0.05,1,39,2,0,1,1,0,0,12,19,0.044916984762408234,200000
2493,4333.23,0,22,-3.636,0.05,0,12,0,0,1,1,0,0,3,3,0.03587974015284668,200000
2494,4333.66,0,30,-2.888,0.05,0,16,2,0,1,1,0,0,4,7,0.04246026206140717,200000
2495,4333.93,0,18,-3.424,0.05,0,12,1,0,1,1,0,0,2,2,0.049715651406182185,200000
2496,4335.15,1,83,1.458,0.05,1,39,3,0,1,1,0,1,11,16,0.03413332483719989,200000
2497,4335.56,0,28,-3.676,0.05,0,13,0,0,1,1,0,0,4,7,0.03717931775775339,200000
2498,4335.87,0,21,-4.186,0.05,0,10,0,0,1,1,0,0,3,5,0.03238660607132174,200000
2499,4336.54,0,46,-2.968,0.05,0,19,1,0,1,1,0,0,6,11,0.03924722262941625,200000
2500,4336.62,0,5,-5.062,0.05,0,4,0,0,1,1,0,0,1,4,0.05010928232222796,200000
2501,4336.98,0,25,-3.816,0.05,0,12,2,0,1,1,0,0,3,4,0.04222763203084469,200000
2502,4339.88,2,194,0.624,0.05,2,49,4,0,1,1,0,0,22,45,0.03997392623598889,200000
2503,4341.81,3,130,1.432,0.05,3,38,3,0,1,1,0,1,15,14,0.04095179593333831,200000
2504,4346.25,2,298,-6.848,0.05,2,48,4,0,1,1,0,1,27,66,0.041498393776682796,200000
2505,4349.13,2,192,-1.74,0.05,2,41,2,0,1,1,0,0,21,42,0.04401838751073228,200000
2506,4355.03,2,400,-12.318,0.05,2,30,3,0,0,0,1,1,30,147,0.04194913743063808,200000
2507,4355.9,0,59,-2.846,0.05,0,25,0,0,1,1,0,1,8,13,0.04030818965728,200000
2508,4356.3,1,27,-1.826,0.05,1,14,2,0,1,1,0,0,4,8,0.03209572995978373,200000
2509,4358.69,0,164,-3.278,0.05,0,47,2,0,1,1,0,2,19,23,0.041234443921073366,200000
2510,4360.05,3,91,6.536,0.05,3,44,4,0,1,1,0,0,12,15,0.05174977197260647,200000
2511,4360.9,7,57,6.836,0.05,2,27,2,1,1,1,0,0,8,8,0.04499370145627804,200000
2512,4362.72,4,122,7.634,0.05,4,49,4,0,1,1,0,0,14,14,0.03782978091297335,200000
2513,4365.7,2,198,-0.906,0.05,2,45,4,0,1,1,0,0,22,20,0.04157904586801776,200000
2514,4366.84,1,77,-0.222,0.05,1,29,4,0,1,1,0,0,8,12,0.04215944911558907,200000
2515,4367.68,0,58,-1.222,0.05,0,27,2,0,1,1,0,0,7,6,0.03942577826694168,200000
2516,4367.97,0,20,-4.716,0.05,0,8,0,0,1,1,0,0,3,10,0.04216285045258701,200000
2517,4374.12,2,400,-5.7,0.05,2,50,4,0,0,0,1,0,31,99,0.037613192953867836,200000
2518,4380.12,3,400,-3.644,0.05,3,50,3,0,0,0,1,0,38,67,0.03670231998898089,200000
2519,4380.9,3,53,0.786,0.05,3,21,5,0,0,1,0,1,7,10,0.039197128389100985,200000
2520,4386.75,2,400,-10.28,0.05,2,42,4,0,0,0,1,2,39,104,0.03981786224292591,200000
2521,4392.8,3,400,-7.576,0.05,3,41,5,0,0,0,1,1,28,97,0.04029816604102962,200000
2522,4393.95,3,78,3.562,0.05,3,35,5,0,1,1,0,1,9,14,0.046083507247460194,200000
2523,4398.17,2,277,-10.65,0.05,2,28,1,0,1,1,0,0,24,101,0.0394519099878275,200000
2524,4398.37,1,14,-3.774,0.05,1,5,1,0,1,1,0,0,2,3,0.030974346213042736,200000
2525,4399.07,1,48,0.85,0.05,1,27,4,0,1,1,0,0,5,7,0.041283978459735714,200000
2526,4402.54,3,233,-3.222,0.05,3,39,4,0,0,1,0,0,24,47,0.041589461592757525,200000
2527,4404.47,4,131,5.336,0.05,4,43,3,0,1,1,0,0,16,31,0.042461581585061456,200000
2528,4405.68,2,82,4.01,0.05,2,39,2,0,1,1,0,0,10,8,0.046431092352311056,200000
2529,4407.88,3,146,2.096,0.05,3,40,3,0,1,1,0,0,16,35,0.03689085623274927,200000
2530,4413.86,1,400,-7.324,0.05,1,48,3,0,0,0,1,0,39,78,0.04323712994111702,200000
2531,4414.46,0,42,-4.208,0.05,0,14,2,0,1,1,0,0,4,7,0.04039782188123181,200000
2532,4415.9,2,98,7.034,0.05,2,52,4,0,1,1,0,0,13,21,0.04548256920308483,200000
2533,4422.05,7,400,-0.288,0.05,2,50,3,1,0,0,1,0,33,136,0.04414117250940763,200000
2534,4423.53,4,101,9.838,0.05,4,52,7,0,1,1,0,0,13,13,0.03398477259820493,200000
2535,4423.94,2,28,0.522,0.05,2,17,2,0,1,1,0,0,4,6,0.04813417216895947,200000
2536,4424.03,0,7,-4.882,0.05,0,5,0,0,1,1,0,0,1,3,0.03705685080162117,200000
2537,4426.18,3,143,1.148,0.05,3,36,3,0,1,1,0,0,18,27,0.04121831913928052,200000
2538,4426.72,1,37,-0.898,0.05,1,19,3,0,1,1,0,0,5,8,0.04113608014744681,200000
2539,4429.02,8,157,7.002,0.05,3,45,4,1,1,1,0,1,18,24,0.03905509088698561,200000
2540,4431.66,5,178,1.212,0.05,5,33,2,0,1,1,0,0,21,21,0.039502883141630155,200000
2541,4432.24,0,40,-3.8,0.05,0,15,1,0,1,1,0,0,5,8,0.0415267126634717,200000
2542,4436.24,3,269,1.912,0.05,3,63,4,0,1,1,0,0,32,54,0.04235887937559348,200000
2543,4437.41,3,79,3.366,0.05,3,38,4,0,1,1,0,2,9,10,0.035367876356113936,200000
2544,4438.36,2,65,2.278,0.05,2,30,2,0,1,1,0,0,8,12,0.038585322335935555,200000
2545,4442.05,4,246,-1.174,0.05,4,47,2,0,1,1,0,1,24,71,0.03990207920115956,200000
2546,4442.53,0,33,-5.664,0.05,0,8,1,0,1,1,0,0,3,11,0.049630016568257954,200000
2547,4443.35,1,56,-2.38,0.05,1,18,3,0,1,1,0,0,5,8,0.04253296286333352,200000
2548,4446.71,4,227,-2.344,0.05,4,36,3,0,1,1,0,0,19,54,0.036836710783123706,200000
2549,4448.83,3,141,3.91,0.05,3,45,6,0,1,1,0,0,17,18,0.04227554084442503,200000
2550,4449.43,2,42,-0.59,0.05,2,16,4,0,1,1,0,0,5,7,0.03829996482956977,200000
2551,4453.04,6,243,-2.146,0.05,1,41,2,1,0,1,0,0,20,73,0.039109251379522154,200000
2552,4453.4,0,25,-3.216,0.05,0,14,0,0,1,1,0,0,3,6,0.0464501117169857,200000
2553,4454.41,1,69,-0.128,0.05,1,31,1,0,1,1,0,1,9,8,0.03692898067875185,200000
2554,4455.96,2,105,2.664,0.05,2,39,1,0,1,1,0,0,12,22,0.03540397961402223,200000
2555,4456.25,1,20,-2.606,0.05,1,10,1,0,1,1,0,0,3,6,0.03973763114772737,200000
2556,4457.56,4,88,5.72,0.05,4,39,4,0,1,1,0,1,11,15,0.043943441229533746,200000
2557,4463.55,4,400,-2.588,0.05,4,50,3,0,0,0,1,0,36,130,0.04205812456086278,200000
2558,4464.9,1,92,2.266,0.05,1,40,2,0,1,1,0,0,12,20,0.048230958596357835,200000
2559,4465.01,0,7,-4.882,0.05,0,5,2,0,1,1,0,0,1,2,0.05855149429823671,200000
2560,4465.08,0,5,-5.062,0.05,0,4,0,0,1,1,0,0,1,4,0.022387880459427835,200000
2561,4471.23,5,400,-4.316,0.05,5,39,6,0,0,0,1,0,40,125,0.03801773619488813,200000
2562,4471.42,0,13,-4.924,0.05,0,6,0,0,1,1,0,0,2,7,0.04052278148726775,200000
2563,4471.52,0,7,-4.582,0.05,0,6,0,0,1,1,0,0,1,1,0.03185014453317438,200000
2564,4471.9,0,26,-4.174,0.05,0,11,1,0,1,1,0,0,3,6,0.041760826483368874,200000
2565,4472.65,0,50,-0.542,0.05,0,31,1,0,1,1,0,1,7,11,0.040113686937838795,200000
2566,4473.74,2,73,4.572,0.05,2,39,4,0,1,1,0,0,10,10,0.035680636317048174,200000
2567,4474.51,2,53,-0.01,0.05,2,20,2,0,1,1,0,0,7,8,0.044140349212541896,200000
2568,4475.84,2,91,2.876,0.05,2,37,1,0,1,1,0,0,12,4,0.04634473242561568,200000
2569,4477.01,2,79,1.434,0.05,2,30,3,0,1,1,0,0,8,10,0.04336889509017332,200000
2570,4482.73,7,400,-2.804,0.05,2,45,4,1,0,0,1,1,32,113,0.038511720108799635,200000
2571,4487.9,1,344,-12.53,0.05,1,40,1,0,1,1,0,0,27,73,0.043823873086799976,200000
2572,4488.54,0,43,-2.13,0.05,0,21,1,0,1,1,0,0,6,12,0.045679793000047986,200000
2573,4489.75,3,83,4.534,0.05,3,36,5,0,0,1,0,0,10,5,0.04593123330633683,200000
2574,4489.87,0,8,-4.942,0.05,0,5,2,0,1,1,0,0,1,1,0.03380923916120082,200000
2575,4490.74,0,59,-1.254,0.05,0,27,0,0,1,1,0,0,8,13,0.04463948591975337,200000
2576,4491.72,2,66,0.454,0.05,2,24,3,0,1,1,0,0,8,21,0.03740161456957911,200000
2577,4492.01,0,20,-3.824,0.05,0,11,0,0,1,1,0,0,3,6,0.042790101980790494,200000
2578,4492.48,0,32,-2.118,0.05,0,19,1,0,1,1,0,0,4,7,0.044177415053127334,200000
2579,4495.9,1,232,-7.092,0.05,1,39,1,0,1,1,0,1,27,48,0.040192183119180644,200000
2580,4499.05,3,212,-2.12,0.05,3,42,2,0,0,1,0,1,23,34,0.039420207571414,200000
2581,4499.71,1,45,-1.378,0.05,1,19,2,0,1,1,0,0,6,6,0.04428018041782909,200000
2582,4503.75,1,266,-4.958,0.05,1,50,3,0,1,1,0,0,23,55,0.03852865486790923,200000
2583,4504.04,0,20,-4.724,0.05,0,8,0,0,1,1,0,0,3,5,0.045530203450471166,200000
2584,4506.25,2,150,2.974,0.05,2,49,3,0,1,1,0,0,15,39,0.04185059193521738,200000
2585,4507.79,3,104,2.776,0.05,3,34,4,0,1,1,0,0,13,22,0.041013630107045174,200000
2586,4509.47,5,114,6.572,0.05,0,47,0,1,0,1,0,0,16,10,0.043051133888136396,200000
2587,4511.14,3,115,5.684,0.05,3,46,3,0,1,1,0,0,15,14,0.03878439915892871,200000
2588,4513.37,5,148,4.752,0.05,5,39,5,0,1,1,0,0,16,28,0.03886883111821639,200000
2589,4518.69,5,351,-7.196,0.05,0,51,0,1,1,1,0,1,24,122,0.03976801965661623,200000
2590,4519.23,0,37,-2.99,0.05,0,17,1,0,1,1,0,0,5,8,0.04155060925797836,200000
2591,4522.78,5,239,-1.816,0.05,5,38,6,0,1,1,0,1,25,48,0.042049485858857136,200000
2592,4524.24,2,100,1.1,0.05,2,33,3,0,1,1,0,0,12,16,0.035503078014589844,200000
2593,4524.33,0,6,-5.722,0.05,0,2,0,0,1,1,0,0,1,3,0.05883581377565861,200000
2594,4525.69,1,94,-5.126,0.05,1,29,3,0,0,1,0,4,10,24,0.03677180305400744,200000
2595,4526.63,0,64,-3.382,0.05,0,21,0,0,1,1,0,0,8,14,0.041738248386536725,200000
2596,4527.07,0,30,-3.824,0.05,0,13,0,0,1,1,0,0,3,5,0.03630076330155134,200000
2597,4527.28,0,15,-4.444,0.05,0,8,1,0,1,1,0,0,2,4,0.037776875247557955,200000
2598,4527.39,0,7,-5.782,0.05,0,2,0,0,1,1,0,0,1,2,0.040607359792504995,200000
2599,4528.09,0,48,-1.84,0.05,0,23,0,0,1,1,0,0,6,7,0.0372539820188346,200000
2600,4529.23,3,76,3.168,0.05,3,30,3,0,1,1,0,0,9,13,0.040496525955141374,200000
2601,4530.94,4,115,3.878,0.05,4,35,4,0,1,1,0,0,13,32,0.045342079691750845,200000
2602,4531.72,0,53,-2.464,0.05,0,22,2,0,1,1,0,0,7,10,0.039892997504826985,200000
2603,4537.74,1,400,-7.6,0.05,1,47,2,0,0,0,1,0,38,106,0.041282303617335855,200000
2604,4541.53,4,254,-2.936,0.05,4,39,3,0,1,1,0,0,25,61,0.03861635076945398,200000
2605,4542.61,3,73,1.906,0.05,3,26,3,0,1,1,0,0,8,16,0.04624364444705313,200000
2606,4544.14,2,103,2.132,0.05,2,40,3,0,1,1,0,1,12,13,0.036586989947025056,200000
2607,4544.58,0,30,-3.846,0.05,0,13,0,0,1,1,0,0,4,13,0.03611597297713161,200000
2608,4550.71,3,400,-2.67,0.05,3,54,2,0,0,0,1,0,31,105,0.03857732172124088,200000
2609,4555.31,7,308,-0.136,0.05,2,52,2,1,1,1,0,0,31,67,0.03880195069888776,200000
2610,4558.1,10,190,12.396,0.05,5,56,6,1,1,1,0,0,23,27,0.04295715663189951,200000
2611,4559.39,1,86,4.36,0.05,1,46,2,0,1,1,0,0,11,7,0.04816222420980244,200000
2612,4563.58,4,282,-3.672,0.05,4,42,3,0,1,1,0,0,32,46,0.041088098643598615,200000
2613,4565.37,2,121,0.67,0.05,2,42,2,0,1,1,0,2,15,20,0.038916732015257534,200000
2614,4571.33,3,400,-5.482,0.05,3,44,3,0,0,0,1,0,36,78,0.03510506566613913,200000
2615,4572.2,2,60,4.706,0.05,2,37,3,0,1,1,0,0,8,12,0.03154533902804057,200000
2616,4575.5,5,223,0.032,0.05,5,39,3,0,1,1,0,0,22,43,0.03604957057505579,200000
2617,4576.49,2,67,2.702,0.05,2,35,3,0,1,1,0,1,9,15,0.03904089965482256,200000
2618,4577.63,2,77,1.828,0.05,2,34,3,0,1,1,0,1,9,14,0.04202041395202086,200000
2619,4579.98,4,158,2.272,0.05,4,38,5,0,0,1,0,0,15,29,0.03660209588058104,200000
2620,4586.13,4,400,-5.438,0.05,4,40,5,0,0,0,1,0,25,151,0.039595703061204406,200000
2621,4586.21,0,6,-5.422,0.05,0,3,0,0,1,1,0,0,1,3,0.07029037488003571,200000
2622,4587.36,1,78,-3.048,0.05,1,23,1,0,1,1,0,1,10,18,0.03898726178046603,200000
2623,4588.36,2,68,2.132,0.05,2,30,3,0,1,1,0,0,9,18,0.03242140326320248,200000
2624,4589.36,0,68,-0.1,0.05,0,36,1,0,1,1,0,1,8,8,0.04010943656184656,200000
2625,4590.12,2,53,-0.64,0.05,2,18,2,0,1,1,0,0,6,6,0.0400990707764648,200000
2626,4596.25,2,400,-8.932,0.05,2,38,2,0,0,0,1,0,29,115,0.04014439962920733,200000
2627,4597.58,4,90,2.558,0.05,4,29,5,0,1,1,0,1,11,11,0.048805401763982244,200000
2628,4600.47,1,199,-3.724,0.05,1,41,3,0,1,1,0,0,18,51,0.042425940377197824,200000
2629,4603.83,2,230,-5.454,0.05,2,40,2,0,1,1,0,1,25,36,0.040947529414425726,200000
2630,4607.38,4,236,-3.046,0.05,4,35,5,0,1,1,0,0,29,55,0.04225126750593595,200000
2631,4613.33,3,400,-6.272,0.05,3,43,3,0,0,0,1,0,46,86,0.040754211033927276,200000
2632,4619.48,3,400,-9.464,0.05,3,32,4,0,0,0,1,0,24,103,0.04247118333121762,200000
2633,4622.62,3,216,-3.072,0.05,3,36,2,0,0,1,0,0,24,32,0.040320437293741164,200000
2634,4624.47,2,125,2.124,0.05,2,41,3,0,1,1,0,0,15,16,0.03758810616284609,200000
2635,4625.23,2,52,0.922,0.05,2,23,2,0,0,1,0,0,6,11,0.03661227942659305,200000
2636,4626.63,1,98,2.118,0.05,1,44,2,0,1,1,0,1,12,13,0.04272134373040528,200000
2637,4632.66,4,400,-2.476,0.05,4,50,7,0,0,0,1,0,25,127,0.03847865173127502,200000
2638,4638.77,5,400,-2.478,0.05,5,45,4,0,0,0,1,0,23,101,0.04051795043284073,200000
2639,4639.39,0,42,-1.79,0.05,0,22,0,0,1,1,0,0,5,6,0.04563763764287744,200000
2640,4640.81,2,96,4.152,0.05,2,42,3,0,1,1,0,0,12,22,0.0397033355354021,200000
2641,4643.42,4,175,2.482,0.05,4,42,3,0,1,1,0,0,19,37,0.037450153625437195,200000
2642,4644.13,2,48,1.472,0.05,2,24,3,0,1,1,0,0,6,8,0.05075110219574223,200000
2643,4644.72,1,40,-2.85,0.05,1,13,1,0,1,1,0,0,5,9,0.044057958060875535,200000
2644,4645.33,0,42,-2.972,0.05,0,18,0,0,1,1,0,0,6,13,0.03467370179437455,200000
2645,4646.78,2,100,-0.012,0.05,2,29,2,0,1,1,0,0,11,14,0.0443177277315408,200000
2646,4648.13,1,91,-3.33,0.05,1,28,2,0,1,1,0,2,11,21,0.040877902327658054,200000
2647,4654.1,3,400,-6.364,0.05,3,41,2,0,0,0,1,0,36,94,0.03854968158295378,200000
2648,4654.85,0,51,-1.392,0.05,0,25,0,0,1,1,0,0,7,8,0.035979915501586364,200000
2649,4655.35,1,34,-0.718,0.05,1,19,2,0,1,1,0,0,4,7,0.038394185604856294,200000
2650,4655.51,0,11,-5.242,0.05,0,5,0,0,1,1,0,0,1,5,0.02788565781983462,200000
2651,4657.69,6,149,8.658,0.05,1,59,4,1,1,1,0,1,18,23,0.03678700722904013,200000
2652,4663.49,4,400,-5.872,0.05,4,41,4,0,0,0,1,1,36,70,0.04520100289490074,200000
2653,4663.86,1,25,-1.726,0.05,1,14,1,0,1,1,0,0,3,4,0.0411753724142909,200000
2654,4668.8,0,328,-10.214,0.05,0,49,1,0,1,1,0,0,33,63,0.04194076633415889,200000
2655,4674.58,8,400,-5.914,0.05,3,42,3,1,0,0,1,4,33,89,0.04088562126038596,200000
2656,4675.16,0,39,-1.04,0.05,0,24,1,0,1,1,0,0,5,9,0.04639991009846712,200000
2657,4677.61,4,162,6.336,0.05,4,52,4,0,1,1,0,0,18,28,0.04005999049677709,200000
2658,4679.32,3,117,3.488,0.05,3,39,3,0,1,1,0,0,13,21,0.041078999527117126,200000
2659,4679.88,1,38,-0.678,0.05,1,20,1,0,1,1,0,0,5,8,0.039409581081647625,200000
2660,4685.87,4,400,-7.384,0.05,4,34,5,0,0,0,1,0,39,118,0.04214052656316199,200000
2661,4690.39,2,310,-7.538,0.05,2,51,3,0,1,1,0,2,30,55,0.03725142546839291,200000
2662,4691.63,0,85,1.67,0.05,0,42,1,0,1,1,0,0,10,11,0.03548361757660613,200000
2663,4691.83,0,14,-4.974,0.05,0,6,2,0,1,1,0,0,2,6,0.05150116261626993,200000
2664,4692.53,3,47,2.028,0.05,3,24,4,0,1,1,0,1,6,8,0.04486757380134882,200000
2665,4693.64,1,75,1.414,0.05,1,34,1,0,1,1,0,0,10,13,0.05115965973585844,200000
2666,4696.74,5,216,10.274,0.05,5,54,4,0,0,0,1,1,24,35,0.0428389731052987,200000
2667,4697.05,0,21,-4.466,0.05,0,9,0,0,1,1,0,0,3,5,0.053782427905216104,200000
2668,4699.44,0,157,-1.484,0.05,0,45,1,0,1,1,0,0,17,20,0.039027488461226986,200000
2669,4700.86,4,95,3.44,0.05,4,33,2,0,1,1,0,1,11,15,0.04049359913915396,200000
2670,4703.36,1,168,6.024,0.05,1,48,1,0,0,0,1,0,15,45,0.04133655711276723,200000
2671,4704.43,1,72,2.81,0.05,1,38,2,0,1,1,0,0,10,11,0.038851278057942785,200000
2672,4705.83,3,95,1.684,0.05,3,32,3,0,1,1,0,1,11,19,0.031674204198153394,200000
2673,4705.91,0,6,-5.722,0.05,0,2,1,0,1,1,0,0,1,3,0.04335388354957104,200000
2674,4706.32,1,28,-2.188,0.05,1,13,1,0,1,1,0,0,4,8,0.030757388598950847,200000
2675,4712.39,1,400,-9.41,0.05,1,44,3,0,0,0,1,1,39,104,0.03887616072548553,200000
2676,4713.62,1,83,-0.738,0.05,1,35,2,0,1,1,0,2,10,9,0.03945025789315801,200000
2677,4714.63,3,68,5.422,0.05,3,36,4,0,1,1,0,0,9,9,0.03605084482799558,200000
2678,4715.18,1,38,-1.586,0.05,1,17,3,0,1,1,0,0,4,2,0.03489455779230124,200000
2679,4715.29,0,7,-4.882,0.05,0,5,0,0,1,1,0,0,1,0,0.03953158416386161,200000
2680,4716.29,4,68,4.686,0.05,4,29,4,0,1,1,0,0,7,9,0.04193141942789011,200000
2681,4717.82,2,105,5.696,0.05,2,49,3,0,1,1,0,0,13,17,0.04025464060583285,200000
2682,4718.9,2,73,0.916,0.05,2,27,1,0,1,1,0,0,9,17,0.04221829328022591,200000
2683,4724.74,3,400,-7.294,0.05,3,44,4,0,0,0,1,1,40,120,0.039238110028672966,200000
2684,4725.5,2,52,1.828,0.05,2,26,1,0,1,1,0,0,7,9,0.028756185130287822,200000
2685,4727.35,4,125,4.528,0.05,4,39,5,0,1,1,0,0,15,24,0.03833948623389006,200000
2686,4727.68,0,22,-3.356,0.05,0,13,0,0,1,1,0,0,3,3,0.03601527451114221,200000
2687,4728.0,1,22,-2.736,0.05,1,10,1,0,1,1,0,0,3,4,0.04362205669961192,200000
2688,4728.86,1,58,0.218,0.05,1,27,1,0,1,1,0,0,7,12,0.03887785417188344,200000
2689,4729.05,0,13,-4.924,0.05,0,6,0,0,1,1,0,0,2,5,0.020180639237738572,200000
2690,4729.45,1,27,-3.326,0.05,1,9,1,0,1,1,0,0,3,7,0.052326814030055645,200000
2691,4734.11,3,311,-6.764,0.05,3,49,3,0,1,1,0,2,29,48,0.03962881581474491,200000
2692,4734.2,0,6,-5.43,0.05,0,3,0,0,1,1,0,0,1,1,0.029534241029371817,200000
2693,4737.7,4,231,-3.358,0.05,4,33,2,0,1,1,0,0,26,38,0.04255840779802242,200000
2694,4739.73,3,137,4.846,0.05,3,48,2,0,1,1,0,0,12,13,0.04573942155298526,200000
2695,4745.86,3,400,-7.498,0.05,3,38,2,0,0,0,1,0,27,158,0.04444284076802432,200000
2696,4751.95,3,400,-4.928,0.05,3,46,4,0,0,0,1,0,36,121,0.038720744054298845,200000
2697,4755.08,2,216,8.284,0.05,2,79,6,0,1,1,0,0,24,24,0.041519012401328874,200000
2698,4761.12,2,400,-4.808,0.05,2,52,3,0,0,0,1,0,27,133,0.03944831118104048,200000
2699,4762.17,1,71,0.084,0.05,1,32,2,0,1,1,0,1,9,14,0.034564779022000204,200000
2700,4762.98,3,55,2.766,0.05,3,28,4,0,1,1,0,1,7,9,0.0492341599850492,200000
2701,4769.06,5,400,-2.24,0.05,5,45,2,0,0,0,1,0,35,134,0.03875482999603264,200000
2702,4774.91,4,400,-5.108,0.05,4,50,2,0,0,0,1,3,42,82,0.04174192043486982,200000
2703,4775.22,0,21,-5.094,0.05,0,7,0,0,1,1,0,0,3,6,0.02668388606980443,200000
2704,4776.86,1,111,2.962,0.05,1,46,4,0,1,1,0,0,13,14,0.03846460602640569,200000
2705,4777.98,2,76,2.326,0.05,2,33,4,0,1,1,0,0,8,19,0.048714739086694624,200000
2706,4778.64,2,46,-0.568,0.05,2,17,3,0,1,1,0,0,5,11,0.03744031361344716,200000
2707,4779.62,8,67,8.056,0.05,3,28,4,1,1,1,0,0,9,12,0.036013279874711784,200000
2708,4780.73,1,75,3.196,0.05,1,40,2,0,1,1,0,0,9,11,0.036789111904799936,200000
2709,4782.94,4,148,5.49,0.05,4,50,6,0,1,1,0,1,16,24,0.0367981598058061,200000
2710,4783.52,1,41,0.35,0.05,1,24,2,0,1,1,0,0,5,6,0.04220279533325172,200000
2711,4787.65,9,283,8.164,0.05,4,48,5,1,0,0,1,1,27,68,0.039818204439149726,200000
2712,4788.25,0,41,-4.0,0.05,0,15,0,0,1,1,0,0,5,14,0.036487722110639255,200000
2713,4788.93,0,46,-3.328,0.05,0,21,1,0,1,1,0,1,6,12,0.036637630050435015,200000
2714,4789.18,0,18,-4.324,0.05,0,9,1,0,1,1,0,0,2,5,0.03389840236761504,200000
2715,4789.76,1,39,-1.63,0.05,1,17,1,0,1,1,0,0,5,6,0.04517206107863249,200000
2716,4790.59,2,57,2.036,0.05,2,31,2,0,1,1,0,1,7,4,0.03546452545152422,200000
2717,4791.83,4,84,5.274,0.05,4,37,6,0,1,1,0,1,10,14,0.038635586466019355,200000
2718,4792.49,2,45,0.12,0.05,2,19,2,0,1,1,0,0,5,7,0.03918865991549359,200000
2719,4796.89,1,304,-11.032,0.05,1,37,2,0,1,1,0,0,23,101,0.04200014256639406,200000
2720,4797.19,0,20,-4.126,0.05,0,10,0,0,1,1,0,0,3,6,0.03564546783454716,200000
2721,4799.15,1,132,2.34,0.05,1,48,1,0,1,1,0,0,17,17,0.043504252853436454,200000
2722,4799.53,1,25,-2.326,0.05,1,12,1,0,1,1,0,0,3,2,0.039886791966855524,200000
2723,4800.9,1,93,-0.938,0.05,1,33,2,0,1,1,0,1,12,17,0.03731131222179179,200000
2724,4806.88,2,400,-10.138,0.05,2,37,1,0,0,0,1,1,34,81,0.03787602254073136,200000
2725,4807.15,1,18,-2.214,0.05,1,11,2,0,1,1,0,0,2,5,0.028961571192161903,200000
2726,4808.77,2,111,-0.412,0.05,2,33,1,0,1,1,0,1,14,14,0.04183593464528655,200000
2727,4812.51,2,248,-3.77,0.05,2,45,2,0,1,1,0,0,27,56,0.03618753360276441,200000
2728,4818.6,5,400,-3.022,0.05,5,46,4,0,0,0,1,1,31,137,0.04158436767756939,200000
2729,4819.55,2,65,0.786,0.05,2,25,3,0,0,1,0,0,7,18,0.039375356040321864,200000
2730,4821.63,1,141,1.748,0.05,1,48,2,0,1,1,0,0,16,24,0.04056116660515256,200000
2731,4823.57,0,131,-1.544,0.05,0,40,2,0,1,1,0,0,16,20,0.05463638063520193,200000
2732,4829.74,3,400,-3.36,0.05,3,52,3,0,0,0,1,0,26,175,0.03929760375176557,200000
2733,4830.3,1,38,-0.67,0.05,1,20,2,0,1,1,0,0,5,5,0.04311008889865326,200000
2734,4833.94,4,247,0.976,0.05,4,31,3,0,0,0,1,0,20,72,0.04256324142006486,200000
2735,4836.9,3,196,0.918,0.05,3,49,5,0,1,1,0,1,18,47,0.03409742879472217,200000
2736,4837.63,2,49,2.29,0.05,2,27,2,0,1,1,0,0,6,9,0.03543266330902674,200000
2737,4838.18,1,38,-0.95,0.05,1,19,1,0,1,1,0,0,5,9,0.03760233617044593,200000
2738,4839.51,4,91,3.752,0.05,4,30,4,0,1,1,0,0,9,16,0.0420398852368305,200000
2739,4841.2,2,114,3.934,0.05,2,45,2,0,1,1,0,0,14,18,0.03585022263915131,200000
2740,4841.9,2,47,1.49,0.05,2,24,2,0,1,1,0,0,6,11,0.03794592704148369,200000
2741,4843.14,1,84,0.77,0.05,1,37,1,0,1,1,0,1,10,12,0.04325689186918594,200000
2742,4849.2,2,400,-3.94,0.05,2,58,4,0,0,0,1,1,27,141,0.04040157242678106,200000
2743,4855.23,4,400,-5.22,0.05,4,40,5,0,0,0,1,0,35,119,0.042442656659986824,200000
2744,4859.77,2,307,-4.568,0.05,2,54,4,0,0,1,0,0,30,73,0.03861499295633662,200000
2745,4860.26,0,33,-3.376,0.05,0,15,1,0,1,1,0,0,4,5,0.06192063579730915,200000
2746,4860.67,0,28,-4.004,0.05,0,12,1,0,1,1,0,0,4,8,0.038118014544514675,200000
2747,4860.9,0,16,-5.094,0.05,0,6,0,0,1,1,0,0,2,2,0.04190509027102962,200000
2748,4861.23,0,22,-5.162,0.05,0,7,0,0,1,1,0,0,3,5,0.03343417478555983,200000
2749,4865.92,4,323,-10.998,0.05,4,36,3,0,1,1,0,3,28,52,0.04130739615595793,200000
2750,4867.16,4,84,7.514,0.05,4,41,3,0,1,1,0,0,10,12,0.046262392009209306,200000
2751,4868.08,0,63,-3.304,0.05,0,21,1,0,1,1,0,0,8,16,0.03705209796686494,200000
2752,4871.61,5,234,-0.726,0.05,5,38,3,0,1,1,0,0,21,59,0.03707554339009345,200000
2753,4871.71,0,7,-4.882,0.05,0,5,0,0,1,1,0,0,1,3,0.029296505131891797,200000
2754,4877.51,5,400,-0.918,0.05,5,49,6,0,0,0,1,0,34,122,0.03780349366716109,200000
2755,4877.81,0,20,-4.126,0.05,0,10,0,0,1,1,0,0,3,6,0.030514228250831367,200000
2756,4881.22,3,230,1.086,0.05,3,56,4,0,1,1,0,1,27,35,0.03783422598372335,200000
2757,4883.16,5,129,6.706,0.05,5,42,5,0,1,1,0,0,15,22,0.04000802460133798,200000
2758,4888.67,5,363,-7.738,0.05,5,40,5,0,1,1,0,0,25,119,0.03835021127810696,200000
2759,4888.74,0,5,-5.662,0.05,0,2,1,0,1,1,0,0,1,0,0.04510054606944323,200000
2760,4889.57,1,57,2.134,0.05,1,33,2,0,1,1,0,0,8,9,0.036696387716291246,200000
2761,4893.88,5,298,0.598,0.05,5,54,4,0,1,1,0,0,32,50,0.03920314519434867,200000
2762,4895.39,5,102,5.884,0.05,5,34,4,0,0,1,0,0,12,15,0.044065339865126445,200000
2763,4896.24,1,58,0.258,0.05,1,27,3,0,1,1,0,0,6,11,0.03868907741431532,200000
2764,4897.51,2,86,2.154,0.05,2,34,2,0,1,1,0,0,10,17,0.03897362218649928,200000
2765,4901.58,5,281,-2.306,0.05,5,51,6,0,1,1,0,3,30,49,0.041637253016233444,200000
2766,4907.07,7,370,-4.434,0.05,7,42,5,0,1,1,0,0,30,66,0.04063114742370876,200000
2767,4913.23,3,400,-5.758,0.05,3,44,4,0,0,0,1,0,25,121,0.043182667687069624,200000
2768,4913.36,0,9,-5.012,0.05,0,5,1,0,1,1,0,0,1,0,0.03392916855712732,200000
2769,4914.34,6,67,6.002,0.05,1,31,1,1,1,1,0,0,9,8,0.03829606074784229,200000
2770,4914.62,0,20,-3.832,0.05,0,11,0,0,1,1,0,0,3,4,0.04347788328304887,200000
2771,4915.91,2,88,2.414,0.05,2,35,2,0,0,1,0,0,10,14,0.0354253581026569,200000
2772,4916.69,0,52,-1.732,0.05,0,28,0,0,1,1,0,1,6,18,0.042577463596199565,200000
2773,4916.94,0,18,-4.914,0.05,0,7,0,0,1,1,0,0,2,3,0.03530563015697731,200000
2774,4917.7,0,51,-0.784,0.05,0,27,0,0,1,1,0,0,7,13,0.03450442931852212,200000
2775,4920.58,3,194,-0.142,0.05,3,42,2,0,1,1,0,0,17,59,0.03672186432156673,200000
2776,4920.87,1,20,-1.724,0.05,1,13,2,0,1,1,0,0,3,3,0.04472089847549796,200000
2777,4922.05,2,80,-0.686,0.05,2,23,2,0,1,1,0,0,9,11,0.043909636046737435,200000
2778,4924.51,7,166,12.07,0.05,7,57,7,0,1,1,0,0,20,26,0.03640442494729377,200000
2779,4925.54,1,69,-1.52,0.05,1,23,1,0,1,1,0,0,9,14,0.03839618070186048,200000
2780,4925.97,1,30,-1.698,0.05,1,15,2,0,1,1,0,0,4,7,0.03482241009672483,200000
2781,4926.24,0,18,-4.024,0.05,0,10,0,0,1,1,0,0,2,2,0.04077728491069542,200000
2782,4927.26,4,69,5.354,0.05,4,31,4,0,1,1,0,0,9,7,0.03652970526583385,200000
2783,4933.42,4,400,-6.644,0.05,4,43,3,0,0,0,1,2,30,95,0.0370468079764396,200000
2784,4935.03,1,112,0.394,0.05,1,41,3,0,1,1,0,1,14,19,0.03951381363939228,200000
2785,4936.19,1,78,0.942,0.05,1,33,4,0,1,1,0,0,9,14,0.04137890384747432,200000
2786,4936.48,0,20,-4.134,0.05,0,10,0,0,1,1,0,0,3,6,0.038761158706620336,200000
2787,4942.55,3,400,-5.482,0.05,3,45,2,0,0,0,1,0,25,105,0.04232086915522814,200000
2788,4948.5,0,400,-11.73,0.05,0,43,3,0,0,0,1,1,37,104,0.041374077964574096,200000
2789,4950.18,2,116,3.282,0.05,2,43,4,0,1,1,0,0,15,19,0.0380235689989259,200000
2790,4951.29,2,75,0.946,0.05,2,34,1,0,0,1,0,2,9,15,0.034429369978606704,200000
2791,4951.36,0,5,-5.362,0.05,0,3,1,0,1,1,0,0,1,1,0.024978821724653245,200000
2792,4952.04,1,46,-0.838,0.05,1,21,1,0,1,1,0,0,5,8,0.03542282246053219,200000
2793,4952.45,0,28,-3.958,0.05,0,12,0,0,1,1,0,0,4,10,0.05670961587955909,200000
2794,4952.85,0,28,-4.296,0.05,0,11,1,0,1,1,0,0,3,7,0.041145808495847244,200000
2795,4953.88,4,69,5.682,0.05,4,32,4,0,1,1,0,0,9,12,0.03800197539554126,200000
2796,4954.14,0,18,-4.024,0.05,0,10,0,0,1,1,0,0,2,2,0.05072657184468375,200000
2797,4954.56,0,29,-3.166,0.05,0,15,0,0,1,1,0,0,4,3,0.033755784725834584,200000
2798,4959.32,1,316,-10.862,0.05,1,39,1,0,1,1,0,0,36,71,0.041885266062815354,200000
2799,4960.4,4,74,7.172,0.05,4,38,3,0,1,1,0,0,9,13,0.03984481651285613,200000
2800,4960.69,0,20,-4.716,0.05,0,8,0,0,1,1,0,0,3,8,0.04615845722146332,200000
2801,4961.85,1,79,-1.958,0.05,1,27,1,0,1,1,0,1,9,16,0.03952323230384271,200000
2802,4963.92,3,139,2.458,0.05,3,40,4,0,1,1,0,0,16,22,0.04595061387571928,200000
2803,4964.12,0,14,-6.112,0.05,0,3,0,0,1,1,0,0,1,9,0.04097453145576375,200000
2804,4968.61,2,298,-7.716,0.05,2,52,5,0,1,1,0,3,25,90,0.04113340249672632,200000
2805,4969.52,3,62,3.886,0.05,3,30,3,0,1,1,0,0,7,12,0.042323913259972486,200000
2806,4969.62,0,7,-4.592,0.05,0,6,0,0,1,1,0,0,1,0,0.05715855663376195,200000
2807,4972.24,4,177,4.788,0.05,4,50,7,0,1,1,0,0,17,26,0.04278005389654535,200000
2808,4976.0,4,259,1.02,0.05,4,53,3,0,1,1,0,0,27,56,0.04197041725229227,200000
2809,4978.26,0,150,-2.642,0.05,0,40,1,0,1,1,0,0,16,20,0.03803950836881995,200000
2810,4979.86,8,111,12.094,0.05,3,50,3,1,1,1,0,0,13,12,0.03377264801849116,200000
2811,4981.0,2,77,-0.494,0.05,2,23,0,0,1,1,0,0,9,14,0.0403428463047588,200000
2812,4981.74,0,49,-2.322,0.05,0,25,0,0,1,1,0,1,6,11,0.03801611413685035,200000
2813,4982.17,0,30,-2.628,0.05,0,17,1,0,1,1,0,0,4,7,0.04324535218377908,200000
2814,4982.7,0,36,-3.23,0.05,0,16,0,0,1,1,0,0,5,11,0.038583331663782396,200000
2815,4983.95,3,85,3.496,0.05,3,33,3,0,1,1,0,0,9,18,0.03269014865817393,200000
2816,4986.29,6,160,8.276,0.05,6,48,7,0,1,1,0,0,18,21,0.04139532343833707,200000
2817,4987.2,1,62,-0.96,0.05,1,27,1,0,1,1,0,1,8,15,0.042039440989854834,200000
2818,4988.54,3,91,1.486,0.05,3,28,5,0,1,1,0,0,8,13,0.037968495164762486,200000
2819,4989.52,2,66,-1.738,0.05,2,17,2,0,0,1,0,0,6,7,0.043953897756044615,200000
2820,4990.52,3,69,3.878,0.05,3,31,5,0,1,1,0,0,8,13,0.03981961322057506,200000
2821,4991.93,4,96,4.7,0.05,4,34,2,0,1,1,0,0,11,13,0.03541296460510542,200000
2822,4992.93,1,67,-0.336,0.05,1,30,1,0,1,1,0,1,9,14,0.043465355001111976,200000
2823,4996.86,3,261,-4.244,0.05,3,41,3,0,1,1,0,0,27,46,0.03957806250715621,200000
2824,4999.46,4,173,1.06,0.05,4,37,3,0,1,1,0,0,18,15,0.03845655222859427,200000
2825,4999.57,0,7,-5.192,0.05,0,4,1,0,1,1,0,0,1,0,0.032804125121661594,200000
2826,5005.65,3,400,-9.272,0.05,3,42,3,0,0,0,1,3,26,73,0.04024993094499223,200000
2827,5008.11,3,165,2.244,0.05,3,44,3,0,1,1,0,0,19,41,0.0370125395810288,200000
2828,5011.07,4,199,0.262,0.05,4,39,4,0,1,1,0,0,22,33,0.03452020043029857,200000
2829,5012.48,3,95,5.098,0.05,3,40,3,0,0,1,0,0,13,16,0.03835868819763786,200000
2830,5014.95,4,166,6.016,0.05,4,52,5,0,1,1,0,0,17,14,0.038282361537981105,200000
2831,5018.52,2,240,-2.446,0.05,2,48,5,0,1,1,0,0,25,50,0.039615247443240756,200000
2832,5019.01,2,33,-1.276,0.05,2,12,3,0,1,1,0,0,4,1,0.043610377829860554,200000
2833,5020.98,1,134,1.63,0.05,1,46,2,0,1,1,0,0,17,22,0.03893235259091676,200000
2834,5021.46,0,33,-4.576,0.05,0,11,0,0,1,1,0,0,4,15,0.03320546041835438,200000
2835,5026.47,3,332,-9.604,0.05,3,37,2,0,1,1,0,0,28,101,0.0396625122927825,200000
2836,5027.25,2,53,-0.292,0.05,2,19,2,0,1,1,0,0,7,15,0.04145029029053337,200000
2837,5033.36,4,400,-2.18,0.05,4,54,4,0,0,0,1,1,30,144,0.039306791108101605,200000
2838,5033.76,1,27,-1.236,0.05,1,16,1,0,1,1,0,0,3,5,0.03867776391820775,200000
2839,5034.88,4,77,4.442,0.05,4,33,4,0,1,1,0,1,9,12,0.03984403933168619,200000
2840,5040.68,3,400,-9.95,0.05,3,36,1,0,0,0,1,2,31,108,0.03674632147885859,200000
2841,5040.76,0,5,-5.062,0.05,0,4,1,0,1,1,0,0,1,4,0.04553630389273167,200000
2842,5041.02,0,18,-5.254,0.05,0,6,0,0,1,1,0,0,2,8,0.045382471962107554,200000
2843,5042.37,2,90,-1.034,0.05,2,27,2,0,1,1,0,1,11,27,0.03969453654976355,200000
2844,5045.34,6,201,-3.928,0.05,1,25,2,1,1,1,0,0,15,61,0.03954075547908224,200000
2845,5051.47,2,400,-7.506,0.05,2,43,3,0,0,0,1,0,28,90,0.042039644734468314,200000
2846,5053.56,4,140,3.968,0.05,4,40,3,0,1,1,0,0,16,17,0.042768480026695345,200000
2847,5054.57,4,69,6.852,0.05,4,36,4,0,1,1,0,0,9,14,0.03450068151173384,200000
2848,5059.68,9,347,1.27,0.05,4,55,5,1,1,1,0,0,32,83,0.04005296836588371,200000
2849,5059.78,0,7,-5.182,0.05,0,4,1,0,1,1,0,0,1,2,0.027046095047678267,200000
2850,5059.9,0,9,-5.002,0.05,0,5,0,0,1,1,0,0,1,3,0.0328533961955044,200000
2851,5060.98,1,74,-0.384,0.05,1,28,2,0,1,1,0,0,8,11,0.039034254773444424,200000
2852,5063.02,1,139,-0.512,0.05,1,40,3,0,1,1,0,0,15,14,0.038242239036041195,200000
2853,5063.93,1,62,0.074,0.05,1,27,2,0,1,1,0,0,8,9,0.03832479153249052,200000
2854,5064.95,1,70,0.516,0.05,1,30,1,0,1,1,0,0,9,10,0.03745500413434846,200000
2855,5066.21,2,85,3.24,0.05,2,37,2,0,1,1,0,0,11,12,0.035671369194546165,200000
2856,5067.57,0,93,0.68,0.05,0,40,2,0,1,1,0,0,10,9,0.03989208855175523,200000
2857,5067.87,0,21,-4.776,0.05,0,8,1,0,1,1,0,0,3,8,0.057797186298384554,200000
2858,5068.3,0,29,-3.438,0.05,0,14,1,0,1,1,0,0,4,10,0.032014286595171894,200000
2859,5069.21,1,61,-0.632,0.05,1,28,1,0,1,1,0,1,6,11,0.03703560266399481,200000
2860,5075.25,3,400,-8.754,0.05,3,37,4,0,0,0,1,0,30,52,0.03856639520032332,200000
2861,5076.5,1,86,-0.216,0.05,1,34,3,0,1,1,0,1,10,13,0.04046585152012318,200000
2862,5082.69,4,400,-1.948,0.05,4,51,4,0,0,0,1,0,34,137,0.04149678601766937,200000
2863,5082.89,0,14,-4.674,0.05,0,7,1,0,1,1,0,0,2,5,0.03948609344661236,200000
2864,5083.99,0,75,-0.158,0.05,0,37,1,0,1,1,0,1,9,9,0.044843967507282895,200000
2865,5084.08,0,6,-5.422,0.05,0,3,0,0,1,1,0,0,1,3,0.027149895516534645,200000
2866,5084.99,1,63,1.786,0.05,1,33,1,0,1,1,0,0,9,8,0.047606378453709776,200000
2867,5085.24,1,17,-3.072,0.05,1,8,3,0,1,1,0,0,2,4,0.043431879240362084,200000
2868,5089.0,2,256,0.28,0.05,2,40,4,0,0,0,1,0,25,60,0.04025940500469005,200000
2869,5090.91,5,132,7.946,0.05,5,50,5,0,1,1,0,1,16,18,0.03288072234047859,200000
2870,5091.43,0,35,-3.77,0.05,0,14,1,0,1,1,0,0,5,11,0.027975627247776302,200000
2871,5092.26,0,57,-2.96,0.05,0,21,1,0,1,1,0,0,7,19,0.04747558770733967,200000
2872,5098.05,2,400,-8.504,0.05,2,43,2,0,0,0,1,1,38,91,0.039300588371697816,200000
2873,5099.04,1,67,1.866,0.05,1,34,4,0,1,1,0,0,7,11,0.03931269280390063,200000
2874,5103.0,3,265,-5.068,0.05,3,39,4,0,1,1,0,0,27,45,0.037370985753412515,200000
2875,5104.19,4,81,7.044,0.05,4,39,4,0,1,1,0,0,10,11,0.03848979556588111,200000
2876,5110.29,5,400,-0.24,0.05,5,52,6,0,0,0,1,0,30,131,0.036118003722513094,200000
2877,5110.52,1,16,-3.934,0.05,1,5,1,0,1,1,0,0,2,4,0.050667186093050987,200000
2878,5113.81,3,221,0.974,0.05,3,51,4,0,1,1,0,0,18,41,0.03993369862690096,200000
2879,5114.67,0,59,-0.362,0.05,0,30,0,0,1,1,0,0,8,11,0.033568767672878204,200000
2880,5115.63,1,66,-2.282,0.05,1,20,1,0,1,1,0,0,7,7,0.039962664006673025,200000
2881,5115.95,1,22,-3.644,0.05,1,7,1,0,1,1,0,0,3,7,0.03041554962030866,200000
2882,5116.05,0,7,-5.782,0.05,0,2,0,0,1,1,0,0,1,2,0.036017791501113346,200000
2883,5122.12,3,400,-4.042,0.05,3,52,4,0,0,0,1,0,30,117,0.03965399992070161,200000
2884,5122.34,0,15,-5.034,0.05,0,6,0,0,1,1,0,0,2,5,0.062270613946020605,200000
2885,5124.45,2,142,1.178,0.05,2,41,2,0,1,1,0,0,17,25,0.0381768735578205,200000
2886,5124.72,0,19,-3.804,0.05,0,11,1,0,1,1,0,0,2,7,0.03962804788821622,200000
2887,5125.85,3,77,2.52,0.05,3,28,4,0,0,1,0,0,10,15,0.03739694606319263,200000
2888,5126.94,1,73,3.65,0.05,1,41,2,0,1,1,0,0,10,12,0.036642791065451215,200000
2889,5128.46,3,104,4.658,0.05,3,41,5,0,1,1,0,0,12,10,0.03459694435318502,200000
2890,5134.15,6,400,-5.03,0.05,1,40,3,1,0,0,1,0,21,41,0.03732586740283295,200000
2891,5134.24,0,6,-5.432,0.05,0,3,2,0,1,1,0,0,1,1,0.06606920373936494,200000
2892,5134.72,0,32,-3.356,0.05,0,15,1,0,1,1,0,0,4,7,0.04234357734094374,200000
2893,5136.84,3,146,2.034,0.05,3,43,4,0,1,1,0,1,16,19,0.040842189721456944,200000
2894,5138.34,3,100,5.378,0.05,3,42,3,0,1,1,0,0,11,9,0.035795233882963656,200000
2895,5143.93,3,369,-9.692,0.05,3,44,4,0,1,1,0,0,32,69,0.03920391870051784,200000
2896,5144.0,0,5,-5.062,0.05,0,4,0,0,1,1,0,0,1,4,0.023027891479432582,200000
2897,5145.6,3,107,3.65,0.05,3,41,4,0,1,1,0,1,11,8,0.04100475493801114,200000
2898,5145.82,0,15,-4.744,0.05,0,7,0,0,1,1,0,0,2,6,0.05436064712703228,200000
2899,5147.39,1,106,0.252,0.05,1,36,4,0,1,1,0,0,12,16,0.03712231050825344,200000
2900,5150.71,3,229,2.774,0.05,3,58,4,0,0,1,0,0,24,48,0.03816144249105102,200000
2901,5151.73,3,69,2.178,0.05,3,32,3,0,1,1,0,2,9,8,0.04012702472939871,200000
2902,5155.74,1,274,-7.984,0.05,1,45,2,0,1,1,0,1,29,62,0.03951842826281259,200000
2903,5161.6,3,400,-4.22,0.05,3,51,4,0,0,0,1,1,38,98,0.03573106173658744,200000
2904,5167.67,5,400,-3.338,0.05,5,44,5,0,0,0,1,0,26,91,0.039979027452645824,200000
2905,5171.09,3,229,-1.716,0.05,3,43,4,0,1,1,0,0,26,49,0.041643909363718666,200000
2906,5172.33,2,84,3.034,0.05,2,36,3,0,1,1,0,0,10,27,0.048988878715872056,200000
2907,5174.31,4,133,3.988,0.05,4,42,4,0,1,1,0,1,16,23,0.04209690962224863,200000
2908,5174.72,2,28,-0.386,0.05,2,14,3,0,1,1,0,0,4,5,0.033269719586574605,200000
2909,5176.37,3,112,5.634,0.05,3,45,2,0,1,1,0,0,14,23,0.04089931198229481,200000
2910,5176.67,1,20,-3.234,0.05,1,8,1,0,1,1,0,0,2,3,0.03571724100038409,200000
2911,5177.45,2,53,1.178,0.05,2,24,1,0,1,1,0,0,7,12,0.03631096157544064,200000
2912,5178.97,4,104,5.706,0.05,4,39,3,0,1,1,0,0,12,15,0.04071796071142531,200000
2913,5179.84,1,59,1.326,0.05,1,34,3,0,1,1,0,1,8,9,0.04362772192048319,200000
2914,5185.99,1,400,-12.106,0.05,1,39,3,0,0,0,1,2,25,153,0.03673868959536776,200000
2915,5186.97,1,67,0.972,0.05,1,31,1,0,1,1,0,0,9,5,0.054369812052863745,200000
2916,5187.97,9,68,7.31,0.05,4,24,5,1,1,1,0,1,7,9,0.035648415276013756,200000
2917,5193.76,3,400,-6.15,0.05,3,42,2,0,0,0,1,0,33,87,0.040468435032526034,200000
2918,5193.84,0,5,-5.662,0.05,0,2,0,0,1,1,0,0,1,3,0.050133532658219335,200000
2919,5194.81,1,66,1.662,0.05,1,33,3,0,1,1,0,0,9,14,0.03718439440214724,200000
2920,5200.95,4,400,-5.818,0.05,4,42,4,0,0,0,1,0,26,110,0.0401679801964201,200000
2921,5206.08,4,356,2.58,0.05,4,60,3,0,0,0,1,1,38,68,0.03880313884210511,200000
2922,5208.78,3,179,-0.742,0.05,3,37,4,0,1,1,0,0,18,34,0.0384264993221192,200000
2923,5209.55,2,53,0.276,0.05,2,21,2,0,1,1,0,0,7,16,0.038720788399003586,200000
2924,5212.51,2,201,0.19,0.05,2,49,3,0,0,1,0,0,23,48,0.0396414346696429,200000
2925,5212.83,0,22,-3.946,0.05,0,11,0,0,1,1,0,0,3,5,0.028499080418524416,200000
2926,5218.66,4,400,-3.51,0.05,4,45,4,0,0,0,1,0,42,80,0.039801398881245405,200000
2927,5220.13,9,98,6.454,0.05,4,27,3,1,1,1,0,1,10,25,0.03781661891131377,200000
2928,5220.99,1,59,0.158,0.05,1,27,3,0,1,1,0,0,6,11,0.034706402633149745,200000
2929,5221.65,2,45,-0.768,0.05,2,16,2,0,1,1,0,0,6,8,0.028592268957032096,200000
2930,5222.37,0,49,-1.584,0.05,0,24,0,0,1,1,0,0,7,10,0.03859580925912881,200000
2931,5228.19,12,400,3.848,0.05,2,56,5,2,0,0,1,3,39,96,0.0370667315996252,200000
2932,5229.66,1,99,0.984,0.05,1,37,2,0,1,1,0,0,13,18,0.028717697080638673,200000
2933,5235.21,5,372,-9.752,0.05,5,35,5,0,1,1,0,0,28,136,0.03929985564963151,200000
2934,5235.65,1,31,-2.666,0.05,1,12,1,0,1,1,0,0,4,10,0.047652285125467084,200000
2935,5236.0,0,24,-4.356,0.05,0,10,1,0,1,1,0,0,3,7,0.0453441326195995,200000
2936,5237.43,2,97,1.272,0.05,2,33,3,0,1,1,0,0,9,12,0.03905542567852385,200000
2937,5238.89,3,98,2.488,0.05,3,32,3,0,1,1,0,0,12,12,0.042088497259026886,200000
2938,5239.0,0,7,-5.182,0.05,0,4,0,0,1,1,0,0,1,2,0.08602636067995004,200000
2939,5243.01,1,265,-6.886,0.05,1,43,3,0,1,1,0,0,23,99,0.04061431568994556,200000
2940,5243.93,2,63,1.496,0.05,2,27,4,0,0,1,0,0,7,15,0.03814527648131526,200000
2941,5245.74,8,123,9.932,0.05,3,45,5,1,1,1,0,0,15,17,0.034889369347412894,200000
2942,5246.69,2,64,1.706,0.05,2,28,2,0,1,1,0,0,7,8,0.04229191965714563,200000
2943,5249.01,1,159,2.614,0.05,1,54,2,0,1,1,0,0,18,27,0.03564965757160629,200000
2944,5249.75,2,50,-1.332,0.05,2,15,2,0,1,1,0,0,6,13,0.040355069041252134,200000
2945,5251.04,4,90,7.134,0.05,4,41,2,0,1,1,0,0,11,10,0.03314052318326301,200000
2946,5254.26,3,215,4.396,0.05,3,41,4,0,0,0,1,0,22,29,0.035819586916545104,200000
2947,5257.02,3,186,-0.328,0.05,3,43,2,0,1,1,0,1,21,33,0.03982870627735411,200000
2948,5257.09,0,5,-5.362,0.05,0,3,1,0,1,1,0,0,1,2,0.06066798344254494,200000
2949,5260.94,3,256,-2.51,0.05,3,46,3,0,1,1,0,0,24,60,0.04009588633743988,200000
2950,5262.28,1,91,-2.556,0.05,1,24,1,0,1,1,0,0,8,12,0.03429009375459218,200000
2951,5265.98,5,243,-0.638,0.05,5,40,5,0,1,1,0,0,19,72,0.04256993565716064,200000
2952,5272.12,0,400,-14.064,0.05,0,31,1,0,0,0,1,0,28,119,0.03943646176252514,200000
2953,5272.43,0,21,-4.186,0.05,0,10,0,0,1,1,0,0,3,8,0.02549354341768083,200000
2954,5274.03,5,107,7.114,0.05,5,39,2,0,0,1,0,0,13,16,0.04059702778565828,200000
2955,5280.13,9,400,2.266,0.05,4,48,4,1,0,0,1,0,39,124,0.038324070191010834,200000
2956,5283.61,8,241,3.032,0.05,3,48,4,1,1,1,0,1,25,43,0.03545790500127367,200000
2957,5286.39,2,184,-1.192,0.05,2,41,2,0,1,1,0,0,19,63,0.03909859072882682,200000
2958,5292.56,2,400,-6.472,0.05,2,46,3,0,0,0,1,0,32,100,0.0338471504941117,200000
2959,5293.89,2,91,0.938,0.05,2,31,2,0,1,1,0,0,11,29,0.03140657501049585,200000
2960,5295.84,2,132,4.752,0.05,2,51,2,0,1,1,0,0,16,25,0.03680971178762389,200000
2961,5301.86,3,400,-5.732,0.05,3,44,3,0,0,0,1,0,26,70,0.041181955551728607,200000
2962,5302.39,2,36,1.56,0.05,2,22,2,0,1,1,0,0,5,8,0.04322201463704308,200000
2963,5303.37,1,67,0.27,0.05,1,32,1,0,1,1,0,1,8,7,0.037360327207108045,200000
2964,5305.47,3,142,-1.932,0.05,3,29,2,0,1,1,0,1,17,16,0.03788026154342986,200000
2965,5306.79,1,91,2.29,0.05,1,40,5,0,1,1,0,0,11,9,0.038248523752522336,200000
2966,5308.36,4,106,3.846,0.05,4,33,4,0,1,1,0,0,12,15,0.03695585242173863,200000
2967,5311.84,3,233,-3.466,0.05,3,38,4,0,1,1,0,0,28,37,0.044994454187353025,200000
2968,5312.28,0,30,-3.488,0.05,0,14,0,0,1,1,0,0,4,6,0.04460243368521333,200000
2969,5314.63,8,163,4.516,0.05,3,38,4,1,1,1,0,1,17,16,0.03812948017284,200000
2970,5315.77,5,77,6.936,0.05,5,33,5,0,1,1,0,0,8,7,0.04515400095903254,200000
2971,5318.45,3,181,0.06,0.05,3,40,2,0,0,1,0,0,21,20,0.03917356724053292,200000
2972,5319.45,1,68,1.486,0.05,1,33,2,0,1,1,0,0,8,13,0.03695767381748952,200000
2973,5320.29,2,57,2.446,0.05,2,29,2,0,1,1,0,0,7,11,0.033774840808882,200000
2974,5320.61,1,22,-2.146,0.05,1,12,1,0,1,1,0,0,3,5,0.03870621547949585,200000
2975,5321.55,0,64,-0.656,0.05,0,30,1,0,1,1,0,0,8,11,0.03991795249748975,200000
2976,5323.25,4,114,10.574,0.05,4,57,6,0,1,1,0,0,13,10,0.038964466199997744,200000
2977,5327.07,3,255,-4.564,0.05,3,39,3,0,1,1,0,0,22,54,0.039332280138178785,200000
2978,5328.66,2,107,4.126,0.05,2,48,5,0,1,1,0,1,13,21,0.03285017803694322,200000
2979,5329.23,1,39,-0.418,0.05,1,21,2,0,1,1,0,0,5,10,0.039903138214961074,200000
2980,5329.49,0,18,-4.624,0.05,0,8,2,0,1,1,0,0,2,2,0.039184973006033234,200000
2981,5333.48,1,262,-6.942,0.05,1,42,2,0,1,1,0,0,26,76,0.03890808015166007,200000
2982,5336.46,2,198,-5.2,0.05,2,35,4,0,1,1,0,1,17,28,0.04092071107306489,200000
2983,5338.12,2,112,1.354,0.05,2,36,3,0,1,1,0,0,13,29,0.03651090036977881,200000
2984,5343.16,5,340,-0.994,0.05,5,57,6,0,1,1,0,0,36,48,0.03980343358536415,200000
2985,5345.07,2,129,1.336,0.05,2,39,4,0,1,1,0,0,16,17,0.04351513131788766,200000
2986,5346.59,3,102,2.866,0.05,3,34,3,0,0,1,0,0,12,23,0.037333450298391135,200000
2987,5347.27,1,47,0.638,0.05,1,26,1,0,1,1,0,0,6,7,0.035186028425046735,200000
2988,5350.8,5,240,-0.072,0.05,5,41,3,0,1,1,0,0,20,39,0.039102366025326775,200000
2989,5356.8,2,400,-6.184,0.05,2,47,3,0,0,0,1,0,33,59,0.03739408032386564,200000
2990,5357.57,2,53,2.416,0.05,2,28,2,0,1,1,0,0,7,12,0.036952279086382885,200000
2991,5357.67,0,7,-5.492,0.05,0,3,1,0,1,1,0,0,1,2,0.04105131221669061,200000
2992,5359.46,9,121,7.152,0.05,4,37,4,1,1,1,0,2,14,17,0.037556833629919725,200000
2993,5360.76,0,87,-0.104,0.05,0,36,0,0,1,1,0,0,12,28,0.03862609056991407,200000
2994,5362.66,5,130,7.234,0.05,5,44,3,0,1,1,0,0,15,13,0.03467249431862281,200000
2995,5363.56,2,61,4.886,0.05,2,38,2,0,1,1,0,0,7,5,0.04487368537754309,200000
2996,5364.79,2,83,4.2,0.05,2,40,3,0,1,1,0,0,10,17,0.035946895132761406,200000
2997,5365.04,0,17,-4.862,0.05,0,7,0,0,1,1,0,0,2,4,0.05528445810298709,200000
2998,5365.36,0,22,-4.836,0.05,0,8,0,0,1,1,0,0,3,7,0.035580906212668524,200000
2999,5367.06,2,117,1.938,0.05,2,39,4,0,1,1,0,0,15,13,0.03720541815790865,200000
3000,5372.9,4,400,-6.71,0.05,4,43,4,0,0,0,1,2,40,67,0.035934699289500716,200000
3001,5377.22,2,291,-3.276,0.05,2,55,3,0,1,1,0,0,32,52,0.04130376075615281,200000
3002,5383.3,7,400,-1.758,0.05,2,45,1,1,0,0,1,0,30,165,0.03901261240243912,200000
3003,5383.59,0,20,-4.424,0.05,0,9,0,0,1,1,0,0,3,5,0.037823352962732315,200000
3004,5383.69,0,7,-5.79,0.05,0,2,0,0,1,1,0,0,1,0,0.04311796597072056,200000
3005,5388.52,1,329,-12.004,0.05,1,45,1,0,1,1,0,2,32,75,0.03835553218437908,200000
3006,5390.62,4,142,3.572,0.05,4,39,4,0,1,1,0,0,17,23,0.03622057046872419,200000
3007,5390.91,0,20,-4.114,0.05,0,10,1,0,1,1,0,0,3,6,0.048307756148278716,200000
3008,5395.04,1,276,-9.788,0.05,1,39,2,0,1,1,0,1,22,55,0.034961796202021986,200000
3009,5395.37,1,23,-2.514,0.05,1,11,2,0,1,1,0,0,3,3,0.04665341444880418,200000
3010,5401.13,8,400,2.956,0.05,3,55,4,1,0,0,1,0,38,86,0.04285782182123512,200000
3011,5401.62,0,34,-3.446,0.05,0,15,0,0,1,1,0,0,4,4,0.04281235834145371,200000
3012,5401.88,1,18,-3.124,0.05,1,8,1,0,1,1,0,0,2,3,0.03876950157185396,200000
3013,5403.25,3,93,2.466,0.05,3,31,3,0,1,1,0,0,11,9,0.037464904198322886,200000
3014,5404.73,0,100,-2.648,0.05,0,37,1,0,1,1,0,2,12,13,0.039759923201054335,200000
3015,5404.99,0,18,-4.314,0.05,0,9,0,0,1,1,0,0,2,5,0.03151731208587686,200000
3016,5405.45,0,31,-4.448,0.05,0,11,0,0,1,1,0,0,4,11,0.04401822565423866,200000
3017,5407.71,3,153,4.942,0.05,3,51,3,0,1,1,0,0,14,18,0.04011112124068675,200000
3018,5408.4,2,47,2.42,0.05,2,27,3,0,1,1,0,0,6,10,0.042991847929326775,200000
3019,5409.28,1,60,0.466,0.05,1,28,2,0,1,1,0,0,7,10,0.03922127798820536,200000
3020,5413.01,4,246,-1.874,0.05,4,41,4,0,1,1,0,0,25,51,0.03725446687776565,200000
3021,5414.79,4,119,2.946,0.05,4,36,4,0,1,1,0,1,13,13,0.03886657640212724,200000
3022,5416.75,3,134,3.1,0.05,3,41,2,0,1,1,0,0,14,14,0.04119262241049489,200000
3023,5417.35,2,41,-0.588,0.05,2,16,2,0,1,1,0,0,5,6,0.034077972946007076,200000
3024,5418.14,1,54,0.23,0.05,1,26,1,0,1,1,0,0,7,9,0.0442876300636541,200000
3025,5419.35,1,81,0.502,0.05,1,32,2,0,0,1,0,0,11,16,0.03978899274205352,200000
3026,5419.46,0,8,-5.842,0.05,0,2,0,0,1,1,0,0,1,3,0.044614034006372094,200000
3027,5423.1,3,245,-2.33,0.05,3,48,2,0,0,1,0,1,18,34,0.040407126396894456,200000
3028,5424.0,3,61,5.796,0.05,3,36,4,0,1,1,0,0,8,7,0.045755472873933,200000
3029,5425.39,2,94,-0.662,0.05,2,29,2,0,0,1,0,1,11,12,0.037287232208442184,200000
3030,5425.93,0,37,-2.69,0.05,0,18,0,0,1,1,0,0,5,10,0.03741204829232113,200000
3031,5429.63,4,251,-0.148,0.05,4,48,2,0,0,1,0,0,19,64,0.03652778816635746,200000
3032,5431.66,11,140,14.098,0.05,6,47,2,1,1,1,0,0,18,19,0.0335232551043321,200000
3033,5434.42,2,186,-2.598,0.05,2,37,1,0,1,1,0,0,20,22,0.037305878835820386,200000
3034,5435.85,3,95,4.732,0.05,3,39,3,0,1,1,0,0,11,25,0.034756147616395824,200000
3035,5441.94,2,400,-6.356,0.05,2,46,2,0,0,0,1,0,39,98,0.038825122081907464,200000
3036,5443.66,3,117,7.424,0.05,3,52,4,0,1,1,0,0,15,14,0.04062430536708771,200000
3037,5444.46,1,55,-1.024,0.05,1,22,2,0,1,1,0,0,7,14,0.03574783119627021,200000
3038,5445.16,0,47,-2.966,0.05,0,19,1,0,1,1,0,0,6,10,0.03233537050162224,200000
3039,5447.17,2,136,0.756,0.05,2,43,3,0,0,1,0,1,14,35,0.042347306324004685,200000
3040,5448.04,2,59,-0.12,0.05,2,22,3,0,1,1,0,0,5,20,0.042772062927863355,200000
3041,5449.63,2,107,-1.67,0.05,2,25,2,0,1,1,0,0,11,17,0.04675702152721514,200000
3042,5450.15,2,35,-0.17,0.05,2,16,2,0,1,1,0,0,5,9,0.04075965186847108,200000
3043,5452.26,2,143,3.79,0.05,2,50,3,0,1,1,0,0,15,12,0.03738046690196424,200000
3044,5452.87,0,42,-2.98,0.05,0,18,1,0,1,1,0,0,6,12,0.03815300004290683,200000
3045,5453.73,8,59,7.926,0.05,3,26,4,1,1,1,0,0,8,12,0.03408641439183789,200000
3046,5459.76,7,400,-5.382,0.05,2,33,1,1,0,0,1,0,28,126,0.041507982061011715,200000
3047,5460.4,0,44,-3.4,0.05,0,17,1,0,1,1,0,0,6,11,0.03487105974504216,200000
3048,5460.81,0,28,-2.488,0.05,0,17,3,0,1,1,0,0,4,6,0.03704369350868676,200000
3049,5461.29,0,33,-3.078,0.05,0,16,1,0,1,1,0,0,4,7,0.028808057054199955,200000
3050,5463.2,3,128,2.768,0.05,3,42,6,0,1,1,0,1,13,21,0.036848654788627755,200000
3051,5465.77,4,172,0.194,0.05,4,34,5,0,1,1,0,0,15,28,0.042461985213205565,200000
3052,5470.52,2,316,-5.35,0.05,2,53,2,0,1,1,0,0,30,37,0.03862833826142493,200000
3053,5471.35,1,57,0.044,0.05,1,26,1,0,1,1,0,0,8,10,0.038802094692200945,200000
3054,5471.45,0,7,-5.49,0.05,0,3,0,0,1,1,0,0,1,0,0.026701459794172218,200000
3055,5475.21,1,248,-4.886,0.05,1,46,1,0,1,1,0,0,29,50,0.03807243348414739,200000
3056,5476.15,2,64,5.682,0.05,2,41,4,0,0,1,0,0,9,14,0.04748269621632062,200000
3057,5480.35,3,289,-4.066,0.05,3,50,2,0,1,1,0,1,34,63,0.03709989165481193,200000
3058,5481.09,1,50,0.458,0.05,1,26,2,0,1,1,0,0,7,15,0.03104972278699279,200000
3059,5483.61,8,173,7.536,0.05,3,50,3,1,1,1,0,1,20,31,0.038312465646923276,200000
3060,5487.14,2,238,-3.532,0.05,2,44,2,0,0,1,0,0,24,40,0.03911304887493744,200000
3061,5488.45,0,88,1.574,0.05,0,42,2,0,1,1,0,0,11,13,0.037634007685648445,200000
3062,5489.27,1,56,0.08,0.05,1,26,1,0,1,1,0,0,6,8,0.0398361599072814,200000
3063,5489.9,1,44,-1.01,0.05,1,20,1,0,1,1,0,0,5,9,0.03355367712422528,200000
3064,5493.49,2,236,-4.132,0.05,2,42,4,0,1,1,0,0,21,63,0.04072896755395173,200000
3065,5499.43,3,390,-12.152,0.05,3,40,3,0,1,1,0,0,31,126,0.038796191293602955,200000
3066,5499.77,0,24,-4.966,0.05,0,8,0,0,1,1,0,0,3,6,0.03445488524933656,200000
3067,5504.77,7,345,-6.922,0.05,2,43,2,1,1,1,0,2,36,59,0.04451053951853427,200000
3068,5510.83,2,400,-6.814,0.05,2,45,2,0,0,0,1,0,29,161,0.03764101287582889,200000
3069,5511.65,2,56,1.488,0.05,2,29,4,0,1,1,0,1,6,9,0.046352038608997,200000
3070,5511.86,0,15,-4.734,0.05,0,7,0,0,1,1,0,0,2,5,0.032871146438022456,200000
3071,5514.24,2,160,0.49,0.05,2,49,2,0,1,1,0,2,18,26,0.042291258374461904,200000
3072,5514.82,1,39,-1.9,0.05,1,16,2,0,1,1,0,0,5,9,0.048567161274453007,200000
3073,5520.7,2,400,-7.908,0.05,2,44,3,0,0,0,1,1,40,104,0.04154781823744998,200000
3074,5524.78,7,276,-2.17,0.05,2,39,3,1,1,1,0,0,28,53,0.04009138062204896,200000
3075,5525.59,2,55,0.962,0.05,2,27,3,0,0,1,0,1,7,11,0.03953200681981715,200000
3076,5527.26,3,115,3.58,0.05,3,39,3,0,1,1,0,0,11,18,0.03408651487172946,200000
3077,5529.84,2,170,0.674,0.05,2,48,1,0,0,1,0,1,21,33,0.03960025564712637,200000
3078,5532.39,3,170,1.71,0.05,3,50,4,0,1,1,0,2,18,20,0.03834322481690084,200000
3079,5533.28,3,60,3.466,0.05,3,28,4,0,1,1,0,0,7,8,0.033216829240943,200000
3080,5534.53,5,85,8.936,0.05,5,41,4,0,1,1,0,0,12,11,0.03548524518880774,200000
3081,5536.51,2,134,2.79,0.05,2,45,3,0,1,1,0,0,15,19,0.03821456986965973,200000
3082,5540.17,2,245,-5.096,0.05,2,40,2,0,1,1,0,0,27,57,0.03605838118463146,200000
3083,5544.87,7,325,1.92,0.05,2,49,2,1,0,0,1,2,29,51,0.03743805134812227,200000
3084,5546.19,5,89,6.592,0.05,5,34,5,0,0,1,0,0,12,12,0.03610676182747892,200000
3085,5546.7,0,35,-2.278,0.05,0,19,1,0,1,1,0,0,5,9,0.048388915429157874,200000
3086,5547.37,2,46,-1.166,0.05,2,15,2,0,1,1,0,0,4,9,0.0410915441284685,200000
3087,5549.39,9,137,12.23,0.05,4,50,4,1,1,1,0,0,17,28,0.034313300760449285,200000
3088,5550.25,1,58,0.192,0.05,1,30,2,0,0,1,0,1,6,5,0.04186706310780398,200000
3089,5551.61,1,91,0.508,0.05,1,34,2,0,0,1,0,0,12,24,0.03830499450706846,200000
3090,5554.53,4,197,2.224,0.05,4,45,3,0,1,1,0,0,23,30,0.03905872300002478,200000
3091,5554.63,0,7,-5.782,0.05,0,2,0,0,1,1,0,0,1,3,0.031912634149193764,200000
3092,5556.09,6,98,7.554,0.05,1,42,1,1,1,1,0,0,13,18,0.03894623620815727,200000
3093,5556.73,1,43,-1.568,0.05,1,18,1,0,1,1,0,0,5,15,0.034942313714689296,200000
3094,5558.94,1,150,-2.352,0.05,1,36,1,0,1,1,0,0,15,24,0.03687507720664143,200000
3095,5559.02,0,5,-5.062,0.05,0,4,0,0,1,1,0,0,1,3,0.0282189441844821,200000
3096,5560.35,1,90,2.684,0.05,1,41,1,0,1,1,0,0,12,17,0.03826187368896272,200000
3097,5561.42,1,72,3.69,0.05,1,41,2,0,1,1,0,0,10,8,0.035114243135063186,200000
3098,5562.48,2,73,0.026,0.05,2,24,3,0,0,1,0,0,7,9,0.03562164387015039,200000
3099,5563.04,1,38,-0.96,0.05,1,19,2,0,1,1,0,0,5,9,0.037557730990412985,200000
3100,5564.82,4,121,4.486,0.05,4,38,5,0,1,1,0,0,15,14,0.03593446709184853,200000
3101,5565.96,3,78,4.852,0.05,3,36,3,0,1,1,0,0,10,21,0.047044608682298504,200000
3102,5566.47,0,35,-3.47,0.05,0,15,0,0,1,1,0,0,5,9,0.04019799666213138,200000
3103,5568.34,5,127,3.614,0.05,5,38,5,0,0,1,0,2,14,18,0.04111027177129909,200000
3104,5569.07,3,49,1.688,0.05,3,20,3,0,1,1,0,0,6,9,0.03465829928386576,200000
3105,5569.16,0,6,-5.422,0.05,0,3,0,0,1,1,0,0,1,3,0.01858153644328316,200000
3106,5569.4,1,17,-3.054,0.05,1,8,1,0,1,1,0,0,2,5,0.038161346524515576,200000
3107,5573.48,4,276,-1.444,0.05,4,48,6,0,1,1,0,0,28,67,0.03772339500162913,200000
3108,5573.73,0,17,-4.564,0.05,0,8,0,0,1,1,0,0,2,4,0.03536716328166863,200000
3109,5575.24,2,102,4.676,0.05,2,45,4,0,1,1,0,0,12,13,0.03538462249379532,200000
3110,5576.83,4,107,5.306,0.05,4,38,4,0,1,1,0,0,13,10,0.04306530392789674,200000
3111,5577.79,3,66,5.524,0.05,3,36,4,0,1,1,0,0,8,13,0.0409330386865997,200000
3112,5582.32,4,300,-2.79,0.05,4,49,3,0,1,1,0,0,21,79,0.037226724280044435,200000
3113,5583.25,1,63,2.312,0.05,1,38,1,0,1,1,0,1,7,6,0.03696430484867758,200000
3114,5584.18,2,63,-0.508,0.05,2,27,3,0,1,1,0,2,7,11,0.03665130588388632,200000
3115,5585.89,3,116,8.066,0.05,3,54,2,0,1,1,0,0,14,16,0.03763941779796933,200000
3116,5589.71,3,263,2.326,0.05,3,47,3,0,0,0,1,1,25,45,0.03622927567337289,200000
3117,5590.23,0,35,-2.888,0.05,0,17,1,0,1,1,0,0,4,12,0.029972800891846417,200000
3118,5595.88,1,379,-13.122,0.05,1,45,1,0,1,1,0,0,25,99,0.038517143217340545,200000
3119,5596.77,3,60,5.594,0.05,3,35,3,0,1,1,0,0,8,9,0.04072295563916365,200000
3120,5597.95,1,81,1.918,0.05,1,40,2,0,1,1,0,1,11,14,0.038723265200301456,200000
3121,5598.32,1,25,-2.916,0.05,1,10,1,0,1,1,0,0,3,4,0.040149622932076454,200000
3122,5599.48,2,78,3.352,0.05,2,36,2,0,1,1,0,0,9,13,0.042254702653735876,200000
3123,5600.94,3,99,3.298,0.05,3,35,3,0,1,1,0,0,11,9,0.046080620093929645,200000
3124,5602.55,5,108,4.808,0.05,5,35,5,0,1,1,0,1,12,19,0.03218657113784165,200000
3125,5602.94,0,27,-2.136,0.05,0,18,2,0,1,1,0,0,3,7,0.04235889031379311,200000
3126,5604.51,6,106,7.824,0.05,1,45,5,1,0,1,0,0,13,24,0.04029874828696813,200000
3127,5605.62,5,75,6.186,0.05,5,30,4,0,1,1,0,0,7,11,0.043946754323939484,200000
3128,5608.13,3,166,1.02,0.05,3,40,4,0,1,1,0,0,20,30,0.03837675735331982,200000
3129,5609.33,2,82,2.772,0.05,2,35,3,0,1,1,0,0,9,5,0.03690874952504911,200000
3130,5613.3,1,272,-10.224,0.05,1,33,1,0,1,1,0,0,29,48,0.03676924879854435,200000
3131,5613.84,0,37,-3.608,0.05,0,15,1,0,1,1,0,0,4,7,0.04269649221788387,200000
3132,5619.63,2,400,-7.262,0.05,2,46,3,0,0,0,1,1,38,74,0.03758162750629708,200000
3133,5620.09,0,31,-3.556,0.05,0,14,0,0,1,1,0,0,4,8,0.051572810497976115,200000
3134,5621.02,2,63,2.4,0.05,2,30,2,0,1,1,0,0,8,12,0.0379877507110082,200000
3135,5622.0,3,67,3.232,0.05,3,32,4,0,0,1,0,1,7,8,0.03649751694678371,200000
3136,5622.52,1,36,-2.038,0.05,1,15,2,0,1,1,0,0,5,6,0.04154842716848685,200000
3137,5624.66,3,144,2.854,0.05,3,42,3,0,1,1,0,0,15,20,0.037919948297914945,200000
3138,5624.79,0,9,-5.602,0.05,0,3,0,0,1,1,0,0,1,3,0.04807824972603056,200000
3139,5627.79,0,200,-6.352,0.05,0,38,1,0,0,1,0,0,21,46,0.03755667236633599,200000
3140,5634.01,3,400,-8.142,0.05,3,36,3,0,0,0,1,0,26,153,0.03725558358011767,200000
3141,5635.04,0,69,-1.026,0.05,0,33,0,0,1,1,0,1,9,10,0.047916698310038315,200000
3142,5636.37,2,90,3.23,0.05,2,38,2,0,1,1,0,0,11,10,0.04878548711745275,200000
3143,5639.97,16,246,18.578,0.05,6,46,3,2,0,0,1,0,24,45,0.04155887894302122,200000
3144,5642.01,8,138,7.238,0.05,3,42,3,1,0,1,0,1,18,27,0.03851174843241123,200000
3145,5645.27,6,219,2.092,0.05,6,39,5,0,0,1,0,0,23,44,0.03722551460356609,200000
3146,5645.35,0,5,-5.062,0.05,0,4,1,0,1,1,0,0,1,4,0.08426474630832673,200000
3147,5646.07,2,49,2.316,0.05,2,27,2,0,1,1,0,0,7,6,0.03544589468487063,200000
3148,5646.95,0,60,-0.742,0.05,0,29,1,0,1,1,0,0,8,11,0.04006623142243673,200000
3149,5647.68,1,50,-0.77,0.05,1,22,1,0,1,1,0,0,6,15,0.04239635536447167,200000
3150,5652.07,1,288,-3.616,0.05,1,59,1,0,1,1,0,0,21,97,0.03612386097665876,200000
3151,5654.31,4,154,5.246,0.05,4,47,4,0,1,1,0,0,17,13,0.037461956539614635,200000
3152,5656.2,2,126,3.22,0.05,2,50,4,0,1,1,0,1,13,30,0.03266379901666253,200000
3153,5656.29,0,6,-5.422,0.05,0,3,1,0,1,1,0,0,1,3,0.03732999057198564,200000
3154,5662.42,4,400,-8.306,0.05,4,33,5,0,0,0,1,1,33,117,0.0384525525663048,200000
3155,5662.74,0,22,-3.346,0.05,0,13,0,0,1,1,0,0,3,5,0.029962505637244743,200000
3156,5664.68,3,132,1.59,0.05,3,39,2,0,0,1,0,1,15,16,0.04880217199961683,200000
3157,5665.51,2,56,0.16,0.05,2,25,3,0,1,1,0,1,7,13,0.0404787764917793,200000
3158,5665.75,0,17,-5.164,0.05,0,6,0,0,1,1,0,0,2,5,0.040634811855852604,200000
3159,5671.56,9,400,-2.9,0.05,4,39,3,1,0,0,1,2,35,83,0.03731053360621445,200000
3160,5674.34,3,186,1.624,0.05,3,46,5,0,1,1,0,0,21,17,0.03963198706067057,200000
3161,5678.39,2,272,-4.428,0.05,2,51,3,0,1,1,0,1,23,102,0.03690140166573281,200000
3162,5679.09,1,48,-1.222,0.05,1,20,1,0,1,1,0,0,7,8,0.038816961944879345,200000
3163,5679.52,0,30,-4.086,0.05,0,12,1,0,1,1,0,0,4,9,0.04125262928816179,200000
3164,5680.48,1,64,-1.582,0.05,1,22,2,0,1,1,0,0,8,12,0.03175750268565025,200000
3165,5681.36,2,60,3.486,0.05,2,33,3,0,1,1,0,0,8,10,0.04461666722781956,200000
3166,5682.27,0,61,-2.042,0.05,0,25,1,0,1,1,0,0,6,10,0.03941938644427745,200000
3167,5683.71,4,99,3.294,0.05,4,30,3,0,1,1,0,0,10,18,0.03741255310373475,200000
3168,5687.33,3,240,0.02,0.05,3,51,6,0,1,1,0,0,26,54,0.03831685128971003,200000
3169,5687.54,0,15,-4.744,0.05,0,7,0,0,1,1,0,0,2,4,0.048391242139041425,200000
3170,5689.93,3,163,0.76,0.05,3,42,2,0,1,1,0,1,19,29,0.045921083008356255,200000
3171,5690.39,1,31,-1.166,0.05,1,17,1,0,1,1,0,0,4,10,0.04478396256003649,200000
3172,5690.48,0,6,-5.422,0.05,0,3,0,0,1,1,0,0,1,3,0.035928849751750626,200000
3173,5693.08,4,173,3.266,0.05,4,44,6,0,1,1,0,0,19,24,0.04093881442367686,200000
3174,5694.96,2,126,2.074,0.05,2,41,2,0,1,1,0,0,16,18,0.03853860533323198,200000
3175,5695.06,0,7,-4.582,0.05,0,6,0,0,1,1,0,0,1,2,0.050757705100945065,200000
3176,5696.68,3,109,3.328,0.05,3,37,3,0,1,1,0,0,13,14,0.032945365619358666,200000
3177,5697.29,2,41,-0.52,0.05,2,16,3,0,1,1,0,0,5,6,0.036287067230881716,200000
3178,5701.47,2,286,-3.9,0.05,2,52,3,0,1,1,0,0,27,74,0.04046812880185101,200000
3179,5703.97,2,166,-0.634,0.05,2,40,2,0,0,1,0,0,16,26,0.03789013422217714,200000
3180,5704.77,0,54,-0.682,0.05,0,28,0,0,1,1,0,0,6,12,0.03362803129237835,200000
3181,5706.36,2,107,-0.486,0.05,2,32,2,0,1,1,0,1,13,20,0.03454245301833916,200000
3182,5711.91,8,367,-5.256,0.05,3,42,2,1,1,1,0,0,29,93,0.04032404399261244,200000
3183,5712.73,4,56,2.18,0.05,4,18,4,0,1,1,0,0,7,9,0.03745644532942346,200000
3184,5713.21,0,34,-3.108,0.05,0,16,0,0,1,1,0,0,5,10,0.0380378338672659,200000
3185,5713.65,0,30,-4.388,0.05,0,11,0,0,1,1,0,0,4,8,0.05040313182398677,200000
3186,5717.61,3,272,2.086,0.05,3,48,5,0,0,0,1,1,22,46,0.03810332290937796,200000
3187,5718.59,1,68,-0.376,0.05,1,30,2,0,1,1,0,1,9,13,0.031066345694639227,200000
3188,5720.88,8,152,6.72,0.05,3,43,3,1,1,1,0,1,17,41,0.03783995287468363,200000
3189,5721.28,0,27,-3.026,0.05,0,15,0,0,1,1,0,0,3,6,0.03579588348252906,200000
3190,5721.83,1,38,-1.558,0.05,1,17,2,0,1,1,0,0,5,7,0.03676376317774779,200000
3191,5722.83,0,68,-0.556,0.05,0,31,2,0,1,1,0,0,8,17,0.04569459691479364,200000
3192,5723.21,0,27,-4.226,0.05,0,11,0,0,1,1,0,0,4,10,0.03363302343145565,200000
3193,5723.83,0,42,-1.77,0.05,0,22,0,0,1,1,0,0,6,13,0.041882401620525686,200000
3194,5724.05,0,15,-4.134,0.05,0,9,0,0,1,1,0,0,2,5,0.039972771393756074,200000
3195,5729.1,3,353,-7.526,0.05,3,32,2,0,0,0,1,1,25,106,0.040840398868487844,200000
3196,5730.16,3,71,3.644,0.05,3,34,2,0,1,1,0,1,9,11,0.030351789799374595,200000
3197,5736.24,3,400,-7.074,0.05,3,42,3,0,0,0,1,1,31,161,0.0397077993513085,200000
3198,5736.95,2,49,1.436,0.05,2,24,3,0,1,1,0,0,7,14,0.03324407082507197,200000
3199,5741.76,4,329,-6.19,0.05,4,49,6,0,1,1,0,2,31,86,0.0366411486196142,200000
3200,5743.06,1,89,1.428,0.05,1,40,4,0,1,1,0,1,11,16,0.04666446564781867,200000
3201,5749.22,3,400,-5.864,0.05,3,45,3,0,0,0,1,0,35,110,0.0360607405717019,200000
3202,5749.87,1,44,0.518,0.05,1,25,1,0,1,1,0,0,6,8,0.04814034289765087,200000
3203,5750.41,0,38,-1.84,0.05,0,21,0,0,1,1,0,0,5,8,0.0421992483499803,200000
3204,5752.62,3,148,2.176,0.05,3,41,5,0,1,1,0,0,14,18,0.03926594484270223,200000
3205,5752.88,0,18,-3.114,0.05,0,13,0,0,1,1,0,0,2,3,0.03428278759949737,200000
3206,5755.19,8,156,5.918,0.05,3,38,3,1,1,1,0,0,19,36,0.04368109377220464,200000
3207,5755.41,0,15,-5.352,0.05,0,5,0,0,1,1,0,0,2,4,0.03793376280615727,200000
3208,5756.23,2,56,1.786,0.05,2,30,3,0,1,1,0,1,7,6,0.03748524316220677,200000
3209,5756.79,0,38,-1.896,0.05,0,21,0,0,1,1,0,0,5,8,0.04746309104130456,200000
3210,5762.93,1,400,-10.744,0.05,1,39,1,0,0,0,1,0,32,79,0.04125316723482683,200000
3211,5768.75,11,400,-0.73,0.05,1,46,2,2,0,0,1,3,39,101,0.03748873365228064,200000
3212,5771.38,3,179,0.772,0.05,3,47,2,0,1,1,0,1,19,48,0.042592959816687266,200000
3213,5772.2,1,55,0.36,0.05,1,30,2,0,1,1,0,1,7,9,0.05040334432639859,200000
3214,5772.42,0,15,-5.334,0.05,0,5,0,0,1,1,0,0,2,3,0.04647256980339686,200000
3215,5774.78,3,158,0.708,0.05,3,41,3,0,1,1,0,1,17,18,0.03733438948652695,200000
3216,5775.22,2,31,-1.148,0.05,2,12,2,0,1,1,0,0,4,9,0.03970355861970494,200000
3217,5776.11,1,60,-0.826,0.05,1,27,1,0,1,1,0,1,8,5,0.041304909787140784,200000
3218,5778.64,2,174,1.346,0.05,2,51,5,0,1,1,0,1,20,26,0.03838402970597662,200000
3219,5779.1,1,31,-1.458,0.05,1,16,1,0,1,1,0,0,4,10,0.036797095120193496,200000
3220,5780.79,5,114,7.734,0.05,5,46,5,0,1,1,0,1,13,11,0.04277256510236807,200000
3221,5782.79,3,135,3.984,0.05,3,44,2,0,1,1,0,0,16,23,0.04415066823777225,200000
3222,5784.01,3,82,5.828,0.05,3,40,4,0,0,1,0,0,10,10,0.03823684931096689,200000
3223,5784.4,0,26,-3.884,0.05,0,12,1,0,1,1,0,0,3,3,0.0363638239661948,200000
3224,5786.56,5,146,4.936,0.05,5,43,3,0,1,1,0,1,13,12,0.039125284377791704,200000
3225,5787.14,0,40,-3.488,0.05,0,16,0,0,1,1,0,0,5,9,0.035095443041063844,200000
3226,5789.39,3,151,3.132,0.05,3,44,4,0,1,1,0,0,20,21,0.03877611140356652,200000
3227,5790.94,1,104,1.248,0.05,1,39,2,0,1,1,0,0,13,17,0.03966464565242999,200000
3228,5791.96,3,70,4.422,0.05,3,33,3,0,1,1,0,0,9,12,0.0382925798717354,200000
3229,5792.06,0,7,-4.882,0.05,0,5,1,0,1,1,0,0,1,3,0.023615125566720963,200000
3230,5792.55,0,34,-5.326,0.05,0,9,1,0,1,1,0,0,3,5,0.046405426582650226,200000
3231,5793.08,0,36,-3.82,0.05,0,14,0,0,1,1,0,0,5,9,0.03996911047336956,200000
3232,5794.82,2,116,0.924,0.05,2,42,1,0,0,1,0,2,13,11,0.0393446250858813,200000
3233,5795.57,1,52,-0.862,0.05,1,22,1,0,1,1,0,0,6,9,0.031507879889641814,200000
3234,5796.38,1,55,-1.032,0.05,1,22,3,0,1,1,0,0,6,7,0.0335274849594994,200000
3235,5797.48,2,74,1.08,0.05,2,31,1,0,1,1,0,1,9,10,0.0382580968702363,200000
3236,5799.42,4,133,4.998,0.05,4,42,5,0,1,1,0,0,16,18,0.03628897491870518,200000
3237,5800.65,7,85,9.088,0.05,2,40,2,1,1,1,0,0,11,12,0.040138895919217786,200000
3238,5801.85,1,82,-1.776,0.05,1,25,2,0,1,1,0,0,8,12,0.044664292971081127,200000
3239,5807.15,4,362,-6.454,0.05,4,48,4,0,0,1,0,0,33,86,0.038569935700387914,200000
3240,5807.37,1,15,-3.234,0.05,1,7,1,0,1,1,0,0,2,5,0.035190693102777004,200000
3241,5808.35,3,66,2.224,0.05,3,25,2,0,1,1,0,0,8,11,0.043831814715469423,200000
3242,5813.62,5,345,-3.424,0.05,5,50,6,0,1,1,0,0,35,30,0.03807987405419134,200000
3243,5814.9,5,87,4.838,0.05,0,36,2,1,1,1,0,0,12,17,0.03808217132785197,200000
3244,5815.33,0,29,-4.064,0.05,0,12,1,0,1,1,0,0,3,4,0.042142054676238834,200000
3245,5815.61,0,19,-4.074,0.05,0,10,2,0,1,1,0,0,2,3,0.03981174072740894,200000
3246,5821.27,10,400,8.886,0.05,5,65,7,1,0,0,1,0,43,57,0.03597686863387935,200000
3247,5821.37,0,7,-4.882,0.05,0,5,0,0,1,1,0,0,1,3,0.029551825220031396,200000
3248,5821.87,2,34,0.772,0.05,2,19,3,0,1,1,0,0,4,7,0.04378540867336971,200000
3249,5822.12,1,17,-3.354,0.05,1,7,1,0,1,1,0,0,2,5,0.062323251739144325,200000
3250,5822.54,1,29,-1.038,0.05,1,17,1,0,1,1,0,0,4,5,0.04077789749436338,200000
3251,5823.34,2,54,2.326,0.05,2,28,3,0,1,1,0,0,7,4,0.03736980161112216,200000
3252,5826.37,5,200,3.66,0.05,5,49,4,0,1,1,0,1,20,41,0.040949593475088475,200000
3253,5827.03,1,45,-1.632,0.05,1,18,0,0,1,1,0,0,6,10,0.04183605100131697,200000
3254,5827.43,0,27,-4.226,0.05,0,11,0,0,1,1,0,0,4,7,0.05058398025317325,200000
3255,5828.17,0,50,-1.942,0.05,0,23,1,0,0,1,0,0,7,9,0.037053323686122894,200000
3256,5829.98,1,121,-0.618,0.05,1,36,2,0,1,1,0,0,15,24,0.03628822302153288,200000
3257,5834.41,3,301,-7.404,0.05,3,42,4,0,1,1,0,1,26,30,0.03641905228721838,200000
3258,5834.63,0,15,-5.034,0.05,0,6,0,0,1,1,0,0,2,4,0.05168564276148876,200000
3259,5835.52,3,61,4.298,0.05,3,31,4,0,1,1,0,0,7,4,0.03914613224810264,200000
3260,5836.41,1,61,-1.808,0.05,1,24,2,0,1,1,0,1,7,10,0.032342368393342515,200000
3261,5836.94,1,36,-2.03,0.05,1,15,1,0,1,1,0,0,5,9,0.0311985835691707,200000
3262,5837.97,2,70,4.366,0.05,2,38,2,0,1,1,0,0,8,11,0.041117050884557624,200000
3263,5838.31,0,23,-4.622,0.05,0,9,1,0,1,1,0,0,3,3,0.03189144315926925,200000
3264,5838.84,0,36,-1.72,0.05,0,21,0,0,1,1,0,0,5,12,0.03788227065362864,200000
3265,5843.93,3,334,-10.332,0.05,3,35,3,0,1,1,0,0,29,71,0.03735471875852944,200000
3266,5844.9,7,67,5.274,0.05,2,27,3,1,1,1,0,1,9,15,0.042261328339687924,200000
3267,5845.71,1,55,0.44,0.05,1,27,2,0,1,1,0,0,6,7,0.03669164129956202,200000
3268,5848.83,3,207,-0.466,0.05,3,43,4,0,1,1,0,0,24,34,0.04441863985885169,200000
3269,5849.07,0,17,-4.264,0.05,0,9,1,0,1,1,0,0,2,3,0.03897091861375991,200000
3270,5849.94,1,59,0.446,0.05,1,28,2,0,1,1,0,0,7,13,0.0420617844467446,200000
3271,5850.81,2,59,2.318,0.05,2,29,2,0,1,1,0,0,7,9,0.03407266679204116,200000
3272,5851.43,0,42,-1.188,0.05,0,24,2,0,1,1,0,0,6,12,0.03390715231320688,200000
3273,5857.27,3,383,-15.12,0.05,3,35,3,0,1,1,0,2,37,103,0.04004205411601588,200000
3274,5858.11,0,56,-2.084,0.05,0,27,1,0,1,1,0,1,8,8,0.04212322185880372,200000
3275,5858.21,0,7,-5.482,0.05,0,3,0,0,1,1,0,0,1,2,0.023146507729377066,200000
3276,5858.73,1,35,-1.706,0.05,1,16,1,0,1,1,0,0,4,5,0.0329931764198201,200000
3277,5861.87,2,215,-1.014,0.05,2,48,3,0,1,1,0,0,21,33,0.037126314917276075,200000
3278,5863.12,3,85,0.504,0.05,3,26,2,0,1,1,0,1,11,17,0.0395685843520743,200000
3279,5866.84,2,252,-7.106,0.05,2,38,3,0,1,1,0,1,24,63,0.034979833454440626,200000
3280,5868.56,2,115,2.678,0.05,2,41,2,0,1,1,0,0,13,12,0.038531848747769125,200000
3281,5869.48,1,63,-2.132,0.05,1,20,1,0,1,1,0,0,6,6,0.037740395803536685,200000
3282,5872.04,4,172,4.246,0.05,4,47,4,0,1,1,0,0,19,25,0.044136897958598514,200000
3283,5874.14,6,142,6.532,0.05,6,39,5,0,1,1,0,0,15,12,0.03783179330967472,200000
3284,5876.29,2,143,2.854,0.05,2,50,3,0,1,1,0,1,18,16,0.041832736537016774,200000
3285,5876.78,1,34,-1.328,0.05,1,17,1,0,1,1,0,0,4,7,0.03504609513808699,200000
3286,5877.83,1,71,0.358,0.05,1,30,3,0,1,1,0,0,8,15,0.04392859292492061,200000
3287,5879.01,3,80,3.184,0.05,3,31,4,0,0,1,0,0,8,12,0.03734637713059783,200000
3288,5879.42,0,28,-2.796,0.05,0,16,1,0,1,1,0,0,3,3,0.04286057106219232,200000
3289,5881.79,2,160,-2.042,0.05,2,37,1,0,1,1,0,1,20,28,0.03856199410511181,200000
3290,5884.17,2,161,0.334,0.05,2,42,3,0,1,1,0,0,16,21,0.03443370910754763,200000
3291,5884.56,0,26,-2.986,0.05,0,15,2,0,1,1,0,0,3,5,0.03407311271159695,200000
3292,5885.81,2,86,2.572,0.05,2,35,3,0,1,1,0,0,10,15,0.042241390253048995,200000
3293,5888.17,6,160,7.47,0.05,1,57,3,1,1,1,0,1,17,29,0.03992027250351384,200000
3294,5888.28,0,7,-5.8,0.05,0,2,1,0,1,1,0,0,1,2,0.026382487400301864,200000
3295,5889.04,1,52,1.546,0.05,1,30,1,0,1,1,0,0,7,9,0.04236983522199667,200000
3296,5895.09,0,400,-9.442,0.05,0,46,0,0,0,0,1,0,32,135,0.04030302109662443,200000
3297,5895.74,2,45,1.034,0.05,2,22,2,0,1,1,0,0,5,8,0.040129771331946056,200000
3298,5897.4,7,114,8.374,0.05,2,43,3,1,0,1,0,0,14,17,0.041109893332121145,200000
3299,5898.26,2,58,1.478,0.05,2,26,1,0,1,1,0,0,7,12,0.0349075698036829,200000
3300,5898.37,0,7,-5.182,0.05,0,4,2,0,1,1,0,0,1,3,0.06759809197059699,200000
3301,5899.33,2,66,2.244,0.05,2,30,4,0,1,1,0,0,8,15,0.042859436605464325,200000
3302,5900.11,1,54,-1.02,0.05,1,22,1,0,0,1,0,0,7,9,0.037673808487684084,200000
3303,5900.51,0,27,-4.216,0.05,0,11,1,0,1,1,0,0,4,10,0.035980516423781715,200000
3304,5901.11,1,41,0.072,0.05,1,23,3,0,1,1,0,0,5,3,0.0384285614439627,200000
3305,5901.5,1,27,-1.808,0.05,1,14,2,0,1,1,0,0,4,5,0.045575897140359437,200000
3306,5902.48,2,66,3.416,0.05,2,34,0,0,1,1,0,0,8,13,0.04238843930546533,200000
3307,5902.77,1,20,-2.932,0.05,1,9,1,0,1,1,0,0,3,4,0.04547431198880077,200000
3308,5908.78,3,394,-10.28,0.05,3,50,7,0,1,1,0,1,35,87,0.03964687967767495,200000
3309,5914.89,3,400,-5.434,0.05,3,46,3,0,0,0,1,0,35,133,0.039250319687416775,200000
3310,5915.64,0,51,-2.284,0.05,0,22,1,0,1,1,0,0,6,13,0.047155855333103854,200000
3311,5916.09,0,31,-3.548,0.05,0,14,0,0,1,1,0,0,4,4,0.039269110818784085,200000
3312,5918.33,2,152,-0.012,0.05,2,39,5,0,1,1,0,0,17,25,0.034960880431371105,200000
3313,5921.66,4,222,-1.788,0.05,4,37,5,0,0,1,0,0,17,73,0.04226841470897869,200000
3314,5924.55,1,197,-1.524,0.05,1,51,2,0,1,1,0,1,21,30,0.037002528540147135,200000
3315,5924.8,1,17,-3.064,0.05,1,8,1,0,1,1,0,0,2,6,0.0365454151897746,200000
3316,5925.4,0,41,-2.33,0.05,0,20,1,0,1,1,0,0,5,9,0.03316890309769206,200000
3317,5931.48,3,400,-8.034,0.05,3,42,4,0,0,0,1,2,37,100,0.035561179576907305,200000
3318,5932.04,1,39,-2.834,0.05,1,13,1,0,1,1,0,0,5,10,0.035334233075189285,200000
3319,5932.15,0,7,-5.182,0.05,0,4,0,0,1,1,0,0,1,3,0.05325076196874891,200000
3320,5932.72,2,39,1.1,0.05,2,21,2,0,1,1,0,0,5,11,0.03736609708852111,200000
3321,5933.61,2,60,1.648,0.05,2,27,4,0,1,1,0,0,7,5,0.04079061838177343,200000
3322,5936.26,4,176,2.79,0.05,4,43,3,0,1,1,0,0,23,32,0.04023973493498157,200000
3323,5936.63,1,25,-1.726,0.05,1,14,1,0,1,1,0,0,3,2,0.04220185771584511,200000
3324,5938.63,3,135,3.994,0.05,3,44,3,0,1,1,0,0,16,27,0.0335306995720775,200000
3325,5940.97,9,159,10.788,0.05,4,50,5,1,1,1,0,0,16,29,0.040627467323024316,200000
3326,5941.45,2,34,0.472,0.05,2,18,3,0,1,1,0,0,5,10,0.040427156915778625,200000
3327,5942.85,1,95,-2.08,0.05,1,27,0,0,1,1,0,0,11,24,0.04197696865977425,200000
3328,5943.55,1,47,-0.59,0.05,1,22,1,0,1,1,0,0,6,11,0.04012034201320815,200000
3329,5943.81,0,18,-4.324,0.05,0,9,0,0,1,1,0,0,2,5,0.03277586638513538,200000
3330,5949.08,3,356,-9.52,0.05,3,42,2,0,1,1,0,0,28,73,0.03692916142257203,200000
3331,5950.73,4,112,3.054,0.05,4,35,4,0,1,1,0,1,13,18,0.03872179472818971,200000
3332,5951.47,0,51,-4.238,0.05,0,16,1,0,1,1,0,0,4,14,0.04295714272587907,200000
3333,5952.12,1,44,-1.31,0.05,1,19,1,0,1,1,0,0,6,11,0.03665870267220519,200000
3334,5953.26,2,77,5.518,0.05,2,43,2,0,1,1,0,0,9,15,0.045199487757469924,200000
3335,5953.65,1,27,-1.836,0.05,1,14,2,0,1,1,0,0,3,5,0.04385515495582863,200000
3336,5956.5,2,191,-2.93,0.05,2,37,1,0,1,1,0,0,20,31,0.03822317430798296,200000
3337,5957.76,4,85,7.768,0.05,4,42,4,0,1,1,0,0,11,14,0.04095708637991372,200000
3338,5957.83,0,5,-5.672,0.05,0,2,0,0,1,1,0,0,1,0,0.03973082024604082,200000
3339,5963.79,2,400,-8.018,0.05,2,47,3,0,0,0,1,1,32,153,0.035587170229991895,200000
3340,5965.72,1,128,0.478,0.05,1,41,1,0,1,1,0,0,15,13,0.04177995299687609,200000
3341,5966.27,2,38,-0.35,0.05,2,16,3,0,1,1,0,0,5,9,0.044629560685471484,200000
3342,5966.5,1,16,-3.612,0.05,1,6,1,0,1,1,0,0,2,2,0.033473615534603596,200000
3343,5967.54,3,70,5.002,0.05,3,35,5,0,1,1,0,0,9,10,0.03623010546767286,200000
3344,5971.2,3,247,-3.182,0.05,3,42,5,0,1,1,0,0,23,60,0.03801277815081511,200000
3345,5971.73,1,36,-1.746,0.05,1,16,3,0,1,1,0,0,5,4,0.045126134866020746,200000
3346,5976.37,3,307,-6.316,0.05,3,43,3,0,1,1,0,0,28,58,0.03669437462106007,200000
3347,5980.82,4,308,-4.324,0.05,4,45,5,0,1,1,0,0,26,60,0.040627890986136415,200000
3348,5981.66,2,58,1.796,0.05,2,27,3,0,1,1,0,0,7,10,0.043167184203349314,200000
3349,5981.75,0,6,-5.422,0.05,0,3,0,0,1,1,0,0,1,3,0.029389817888538044,200000
3350,5982.11,0,25,-2.906,0.05,0,15,0,0,1,1,0,0,3,7,0.05634417660534382,200000
3351,5988.25,3,400,-4.268,0.05,3,48,2,0,0,0,1,0,36,95,0.04039154314668849,200000
3352,5993.47,4,341,-5.062,0.05,4,49,4,0,1,1,0,0,31,103,0.03645770685321206,200000
3353,5993.75,1,20,-2.624,0.05,1,10,1,0,1,1,0,0,3,6,0.04773167888633907,200000
3354,5996.85,3,214,-1.52,0.05,3,41,3,0,1,1,0,0,23,35,0.03817557474319762,200000
3355,5998.76,1,128,-0.874,0.05,1,43,4,0,1,1,0,2,16,26,0.037923646694252966,200000
3356,5999.18,1,27,-1.508,0.05,1,15,2,0,1,1,0,0,4,8,0.0361755924920241,200000
3357,6000.21,3,70,3.476,0.05,3,30,3,0,1,1,0,0,8,8,0.03862624153760927,200000
3358,6000.3,0,6,-5.722,0.05,0,2,0,0,1,1,0,0,1,3,0.03400497976690531,200000
3359,6003.16,3,195,0.402,0.05,3,47,4,0,1,1,0,1,19,26,0.034819578651625376,200000
3360,6003.26,0,7,-4.582,0.05,0,6,0,0,1,1,0,0,1,0,0.05102505428450448,200000
3361,6003.38,0,8,-4.952,0.05,0,5,0,0,1,1,0,0,1,1,0.05547354032751173,200000
3362,6004.32,1,64,1.446,0.05,1,32,2,0,1,1,0,0,8,11,0.036545148119330406,200000
3363,6005.88,3,105,5.376,0.05,3,43,3,0,1,1,0,0,12,13,0.04538529671817308,200000
3364,6008.79,7,199,1.898,0.05,2,41,3,1,1,1,0,1,23,41,0.039231816943192,200000
3365,6010.25,2,98,1.458,0.05,2,37,2,0,1,1,0,1,12,14,0.034484096954823754,200000
3366,6010.95,0,47,-1.79,0.05,0,23,2,0,1,1,0,0,6,12,0.03689921562104149,200000
3367,6012.41,2,98,3.628,0.05,2,41,3,0,1,1,0,0,11,13,0.03513405921545868,200000
3368,6013.88,2,100,1.49,0.05,2,34,2,0,1,1,0,0,13,13,0.038441847832873466,200000
3369,6014.13,0,17,-4.264,0.05,0,9,1,0,1,1,0,0,2,1,0.033660814823473204,200000
3370,6019.01,1,317,-8.838,0.05,1,47,2,0,1,1,0,0,24,127,0.03831051470130118,200000
3371,6019.81,1,55,0.366,0.05,1,30,1,0,1,1,0,1,7,10,0.0350509718737819,200000
3372,6020.19,0,26,-5.076,0.05,0,8,0,0,1,1,0,0,3,5,0.0372958227347296,200000
3373,6021.91,3,115,6.632,0.05,3,49,2,0,1,1,0,0,14,26,0.03371564208165459,200000
3374,6022.15,1,17,-3.062,0.05,1,8,1,0,1,1,0,0,2,2,0.04091431994867675,200000
3375,6025.56,3,227,-1.376,0.05,3,44,2,0,1,1,0,0,24,41,0.03847715644050997,200000
3376,6026.67,1,76,2.22,0.05,1,37,2,0,1,1,0,0,10,18,0.03859011433087289,200000
3377,6027.7,1,69,-3.226,0.05,1,24,1,0,0,1,0,2,9,11,0.03443346007902553,200000
3378,6033.82,3,400,-5.208,0.05,3,46,3,0,0,0,1,0,22,83,0.03701630983268842,200000
3379,6034.7,1,59,1.422,0.05,1,31,1,0,0,1,0,0,8,11,0.03608765513083692,200000
3380,6039.32,6,319,-3.452,0.05,1,51,4,1,1,1,0,1,34,71,0.03717032188351111,200000
3381,6040.06,1,50,-2.312,0.05,1,17,1,0,1,1,0,0,6,13,0.037374534513801336,200000
3382,6040.47,0,28,-3.088,0.05,0,15,0,0,1,1,0,0,4,7,0.038726370016645105,200000
3383,6041.31,0,58,-1.814,0.05,0,25,0,0,1,1,0,0,7,4,0.03798891440162371,200000
3384,6042.96,3,112,3.484,0.05,3,38,4,0,1,1,0,0,13,14,0.04386950117103489,200000
3385,6043.26,0,21,-4.184,0.05,0,10,1,0,1,1,0,0,3,2,0.04245538189120236,200000
3386,6044.2,3,64,4.76,0.05,3,33,3,0,0,1,0,0,9,11,0.038701526646036655,200000
3387,6045.04,2,56,1.916,0.05,2,27,2,0,1,1,0,0,7,9,0.03412371877181743,200000
3388,6051.01,2,400,-8.886,0.05,2,41,2,0,0,0,1,1,35,94,0.0390091478487011,200000
3389,6051.8,0,54,-0.982,0.05,0,27,0,0,1,1,0,0,7,8,0.03706029766342706,200000
3390,6052.01,0,15,-4.744,0.05,0,7,1,0,1,1,0,0,2,3,0.05554391567905744,200000
3391,6052.88,1,59,2.636,0.05,1,35,2,0,1,1,0,0,8,5,0.037986047423870885,200000
3392,6058.92,4,400,-7.564,0.05,4,34,4,0,0,0,1,0,26,124,0.04356041910592467,200000
3393,6059.92,2,68,1.512,0.05,2,28,3,0,0,1,0,0,8,8,0.038822915884392226,200000
3394,6063.28,5,224,3.528,0.05,5,53,4,0,1,1,0,1,26,43,0.03726413802775953,200000
3395,6063.58,1,20,-3.216,0.05,1,8,1,0,1,1,0,0,3,7,0.03838396850042045,200000
3396,6065.24,4,114,4.914,0.05,4,38,3,0,0,1,0,0,13,20,0.03725497850233264,200000
3397,6065.83,1,40,-2.588,0.05,1,14,2,0,1,1,0,0,4,9,0.03248461310286075,200000
3398,6066.47,2,44,1.128,0.05,2,22,3,0,1,1,0,0,6,8,0.03468484511937608,200000
3399,6067.06,1,40,-1.65,0.05,1,17,2,0,1,1,0,0,5,13,0.03657350642606616,200000
3400,6069.9,2,192,0.406,0.05,2,48,2,0,1,1,0,0,22,21,0.03960729159249846,200000
3401,6071.06,2,80,-0.15,0.05,2,25,1,0,1,1,0,0,9,10,0.03999391564866528,200000
3402,6072.28,0,82,-1.398,0.05,0,31,0,0,1,1,0,0,10,10,0.0461647332555092,200000
3403,6072.38,0,7,-5.482,0.05,0,3,1,0,1,1,0,0,1,2,0.03698011900165251,200000
3404,6078.41,4,396,-8.542,0.05,4,48,2,0,1,1,0,0,39,123,0.034197358075867997,200000
3405,6079.38,1,66,0.708,0.05,1,30,1,0,0,1,0,0,8,12,0.037107257207742696,200000
3406,6079.68,0,21,-4.776,0.05,0,8,0,0,1,1,0,0,3,6,0.03769452178052494,200000
3407,6085.81,0,400,-14.786,0.05,0,29,0,0,0,0,1,0,25,165,0.03691428119316697,200000
3408,6088.94,4,207,0.052,0.05,4,43,6,0,1,1,0,1,24,33,0.03644981126161517,200000
3409,6093.14,5,282,4.764,0.05,5,66,5,0,1,1,0,0,28,64,0.03597496313716662,200000
3410,6099.11,4,400,-3.78,0.05,4,46,4,0,0,0,1,0,37,76,0.04016148358117789,200000
3411,6099.3,0,13,-4.924,0.05,0,6,0,0,1,1,0,0,2,5,0.03885534068999382,200000
3412,6105.36,8,400,-1.548,0.05,3,42,1,1,0,0,1,0,17,192,0.03916157815721817,200000
3413,6107.85,3,173,3.508,0.05,3,53,4,0,1,1,0,1,21,31,0.03798067193435279,200000
3414,6108.31,1,31,-0.258,0.05,1,20,3,0,1,1,0,0,4,8,0.036478343179389354,200000
3415,6109.81,2,102,0.75,0.05,2,32,4,0,1,1,0,0,13,19,0.04373707936382761,200000
3416,6110.2,0,27,-3.926,0.05,0,12,2,0,1,1,0,0,4,6,0.046120672624696185,200000
3417,6110.3,0,7,-5.792,0.05,0,2,1,0,1,1,0,0,1,2,0.035295173791902404,200000
3418,6116.31,4,400,-2.184,0.05,4,55,5,0,0,0,1,0,30,142,0.0394809804414399,200000
3419,6116.62,0,21,-3.884,0.05,0,11,0,0,1,1,0,0,3,6,0.03314076989356961,200000
3420,6119.99,3,227,-1.786,0.05,3,50,2,0,1,1,0,2,21,55,0.0416695763878032,200000
3421,6120.84,0,57,0.294,0.05,0,35,1,0,1,1,0,1,8,12,0.03350954293681864,200000
3422,6121.35,1,35,-1.978,0.05,1,15,2,0,1,1,0,0,5,8,0.04065832607448101,200000
3423,6121.49,0,9,-4.702,0.05,0,6,0,0,1,1,0,0,1,3,0.045783199473387666,200000
3424,6122.39,1,62,-2.052,0.05,1,20,1,0,0,1,0,0,7,7,0.043196574093834046,200000
3425,6122.59,0,14,-5.274,0.05,0,5,0,0,1,1,0,0,2,6,0.048215349936591725,200000
3426,6123.55,3,65,4.018,0.05,3,31,3,0,1,1,0,0,7,17,0.03416651308249969,200000
3427,6124.22,1,45,-0.78,0.05,1,21,1,0,1,1,0,0,5,7,0.03406047123587794,200000
3428,6125.57,2,92,1.352,0.05,2,32,1,0,1,1,0,0,11,15,0.043189034442943725,200000
3429,6126.2,0,43,-3.358,0.05,0,17,0,0,1,1,0,0,4,10,0.04223630469032498,200000
3430,6129.09,4,195,1.928,0.05,4,44,4,0,1,1,0,0,20,23,0.04103295005714664,200000
3431,6130.3,4,82,7.02,0.05,4,39,4,0,0,1,0,0,11,13,0.03338515818709644,200000
3432,6130.7,0,27,-4.198,0.05,0,11,1,0,1,1,0,0,4,10,0.040464964902235404,200000
3433,6131.29,0,39,-3.128,0.05,0,17,1,0,1,1,0,0,5,6,0.03829393707788908,200000
3434,6131.9,0,42,-2.748,0.05,0,19,1,0,1,1,0,0,4,7,0.030238527848961808,200000
3435,6133.67,2,120,1.072,0.05,2,40,2,0,1,1,0,1,14,22,0.04041299105932315,200000
3436,6134.08,0,28,-3.096,0.05,0,15,2,0,1,1,0,0,4,12,0.03139486316857593,200000
3437,6134.34,0,18,-4.614,0.05,0,8,0,0,1,1,0,0,2,4,0.023533402631680172,200000
3438,6134.62,0,19,-6.532,0.05,0,3,0,0,1,1,0,0,1,14,0.046906468850609506,200000
3439,6135.16,1,37,-1.79,0.05,1,16,2,0,1,1,0,0,5,10,0.037510176768174044,200000
3440,6139.39,3,286,-5.202,0.05,3,46,4,0,1,1,0,1,28,47,0.041864388446499416,200000
3441,6139.95,0,38,-4.996,0.05,0,11,1,0,1,1,0,0,4,9,0.037539015573106314,200000
3442,6140.47,0,35,-3.778,0.05,0,14,2,0,1,1,0,0,4,7,0.027197654066341264,200000
3443,6145.9,5,357,-7.61,0.05,5,48,4,0,1,1,0,3,36,88,0.03921330199741265,200000
3444,6147.22,2,89,4.21,0.05,2,41,3,0,1,1,0,0,11,8,0.03777652931807751,200000
3445,6148.24,5,70,7.708,0.05,5,34,5,0,1,1,0,0,8,11,0.04051248413909759,200000
3446,6149.04,2,54,-0.39,0.05,2,19,2,0,1,1,0,0,6,10,0.03939697068805496,200000
3447,6149.98,0,63,0.296,0.05,0,33,1,0,1,1,0,0,8,10,0.030884570072567653,200000
3448,6150.08,0,7,-4.882,0.05,0,5,1,0,1,1,0,0,1,3,0.03351469577423164,200000
3449,6150.4,0,22,-3.936,0.05,0,11,0,0,1,1,0,0,3,5,0.05313950523056767,200000
3450,6152.88,9,168,2.776,0.05,4,28,2,1,1,1,0,1,19,22,0.03568753943268564,200000
3451,6154.98,1,141,-4.328,0.05,1,31,3,0,1,1,0,1,15,15,0.03908847852326031,200000
3452,6158.52,4,234,0.916,0.05,4,49,4,0,1,1,0,0,25,52,0.03766994826240927,200000
3453,6159.31,2,54,1.436,0.05,2,25,3,0,1,1,0,0,7,12,0.040442164418184094,200000
3454,6162.04,2,179,-0.2,0.05,2,47,4,0,1,1,0,1,20,24,0.03598962782741675,200000
3455,6163.95,5,129,7.472,0.05,5,48,4,0,1,1,0,1,15,17,0.03779125370287387,200000
3456,6168.9,3,341,-8.712,0.05,3,45,3,0,1,1,0,1,35,86,0.03892138018614211,200000
3457,6173.94,8,330,-3.784,0.05,3,40,2,1,1,1,0,0,22,120,0.04134114192318961,200000
3458,6175.01,1,73,0.326,0.05,1,30,1,0,1,1,0,0,9,13,0.028707268405450532,200000
3459,6181.08,6,400,0.068,0.05,6,47,4,0,0,0,1,0,43,72,0.0391883437812794,200000
3460,6184.35,1,214,-6.07,0.05,1,39,2,0,1,1,0,1,24,46,0.04095861339663094,200000
3461,6185.95,6,109,5.6,0.05,1,38,1,1,1,1,0,0,12,18,0.03904511213917798,200000
3462,6187.94,2,137,2.65,0.05,2,45,3,0,1,1,0,0,17,22,0.03817623735398707,200000
3463,6189.18,2,84,2.672,0.05,2,35,3,0,1,1,0,0,10,14,0.034977198644940345,200000
3464,6193.93,4,315,-0.262,0.05,4,60,7,0,1,1,0,0,25,136,0.041122737766376566,200000
3465,6195.42,2,101,5.944,0.05,2,49,3,0,1,1,0,0,13,23,0.037473872958654814,200000
3466,6195.63,0,15,-5.044,0.05,0,6,0,0,1,1,0,0,2,5,0.0345112902422746,200000
3467,6197.28,1,111,3.26,0.05,1,47,3,0,1,1,0,0,14,23,0.03485406178410526,200000
3468,6197.87,0,41,-3.22,0.05,0,17,0,0,1,1,0,0,6,7,0.035034011186259546,200000
3469,6199.82,1,133,1.392,0.05,1,45,2,0,1,1,0,0,15,21,0.03750918626337123,200000
3470,6200.9,3,73,4.748,0.05,3,38,4,0,1,1,0,1,9,10,0.04660814926538565,200000
3471,6201.02,0,8,-5.242,0.05,0,4,1,0,1,1,0,0,1,1,0.024158586631529033,200000
3472,6202.0,1,68,0.724,0.05,1,31,1,0,0,1,0,0,8,25,0.03392285413985305,200000
3473,6205.09,4,212,4.502,0.05,4,56,2,0,1,1,0,0,22,39,0.037960261607296625,200000
3474,6209.16,3,273,-4.754,0.05,3,45,1,0,1,1,0,1,23,61,0.03971226990987093,200000
3475,6210.82,3,115,4.238,0.05,3,41,3,0,1,1,0,0,14,15,0.0376684972125551,200000
3476,6216.9,8,400,0.954,0.05,3,49,4,1,0,0,1,0,37,88,0.03951973090413958,200000
3477,6218.5,3,109,6.282,0.05,3,50,3,0,1,1,0,1,15,18,0.03972669059854992,200000
3478,6224.65,3,400,-6.122,0.05,3,45,5,0,0,0,1,1,37,120,0.04093716577510349,200000
3479,6226.7,3,138,4.894,0.05,3,48,2,0,1,1,0,0,14,12,0.033051532767443124,200000
3480,6227.06,0,25,-3.816,0.05,0,12,0,0,1,1,0,0,3,5,0.0503874970972538,200000
3481,6230.93,3,260,-4.89,0.05,3,39,5,0,1,1,0,0,21,31,0.03708996680350258,200000
3482,6231.15,0,15,-4.734,0.05,0,7,0,0,1,1,0,0,2,5,0.045903518547614416,200000
3483,6236.94,2,400,-0.89,0.05,2,67,1,0,0,0,1,0,45,95,0.03425169494585134,200000
3484,6237.05,0,7,-4.882,0.05,0,5,0,0,1,1,0,0,1,3,0.03520100723419871,200000
3485,6243.08,3,400,-7.672,0.05,3,40,3,0,0,0,1,0,36,115,0.03637885086121969,200000
3486,6243.57,0,34,-2.838,0.05,0,17,0,0,1,1,0,0,4,6,0.035292476443025994,200000
3487,6243.67,0,7,-4.882,0.05,0,5,0,0,1,1,0,0,1,3,0.04799828119575977,200000
3488,6249.74,2,400,-8.806,0.05,2,38,2,0,0,0,1,0,34,113,0.04073521689511836,200000
3489,6249.85,0,8,-5.542,0.05,0,3,0,0,1,1,0,0,1,3,0.026719978894107044,200000
3490,6251.29,3,97,3.634,0.05,3,39,2,0,1,1,0,1,11,7,0.03802540028448572,200000
3491,6251.72,0,29,-3.138,0.05,0,15,0,0,1,1,0,0,4,6,0.040361099491088556,200000
3492,6253.1,3,94,3.014,0.05,3,33,2,0,1,1,0,0,11,14,0.03549536541500624,200000
3493,6255.37,4,153,5.608,0.05,4,48,4,0,1,1,0,0,17,22,0.04272792631382841,200000
3494,6255.79,0,29,-2.826,0.05,0,16,0,0,1,1,0,0,4,6,0.041026097947153554,200000
3495,6257.09,6,88,4.056,0.05,1,35,3,1,1,1,0,2,11,21,0.043092027634636244,200000
3496,6259.15,4,141,5.264,0.05,4,45,3,0,0,1,0,0,15,34,0.03952671139969999,200000
3497,6265.3,0,400,-10.4,0.05,0,44,0,0,0,0,1,0,23,168,0.03855771067435853,200000
3498,6267.38,3,141,4.486,0.05,3,47,3,0,1,1,0,0,15,21,0.03646696872797841,200000
3499,6268.37,2,68,1.196,0.05,2,27,1,0,1,1,0,0,8,11,0.03405655460322604,200000
3500,6274.55,3,400,-5.51,0.05,3,48,5,0,0,0,1,1,26,171,0.038340867607621475,200000
3501,6274.97,2,29,-1.346,0.05,2,11,2,0,1,1,0,0,3,5,0.036472287607090224,200000
3502,6281.09,4,400,-5.74,0.05,4,39,4,0,0,0,1,0,27,133,0.04007389857666567,200000
3503,6281.41,0,22,-4.836,0.05,0,8,0,0,1,1,0,0,3,5,0.04624369164759463,200000
3504,6282.04,1,43,-0.642,0.05,1,21,1,0,1,1,0,0,6,10,0.03927864279424728,200000
3505,6282.14,0,7,-4.582,0.05,0,6,1,0,1,1,0,0,1,1,0.050012970343232155,200000
3506,6282.7,1,38,-1.864,0.05,1,16,1,0,1,1,0,0,5,8,0.02455015090833369,200000
3507,6283.31,1,42,-3.588,0.05,1,11,0,0,0,1,0,0,4,10,0.0317886016841623,200000
3508,6285.87,4,170,4.336,0.05,4,47,5,0,1,1,0,0,20,22,0.03745414176955819,200000
3509,6288.27,3,163,2.3,0.05,3,44,5,0,1,1,0,0,16,24,0.03792615249135926,200000
3510,6289.23,3,65,4.98,0.05,3,34,3,0,1,1,0,0,8,14,0.02990219062194228,200000
3511,6295.24,2,400,-7.19,0.05,2,44,1,0,0,0,1,0,28,150,0.03836983507266268,200000
3512,6296.52,1,87,2.548,0.05,1,40,1,0,1,1,0,0,11,13,0.04407358823622438,200000
3513,6297.31,0,54,-2.59,0.05,0,25,0,0,1,1,0,1,6,9,0.039486130285594195,200000
3514,6297.92,2,41,-0.51,0.05,2,16,2,0,1,1,0,0,5,8,0.03284639785656842,200000
3515,6299.52,2,109,3.316,0.05,2,45,1,0,1,1,0,1,14,20,0.03636148534800618,200000
3516,6300.36,2,58,2.086,0.05,2,28,2,0,1,1,0,0,7,9,0.034434937647190585,200000
3517,6302.48,3,143,5.008,0.05,3,49,4,0,1,1,0,0,16,25,0.03249756290440584,200000
3518,6303.97,2,104,2.478,0.05,2,38,2,0,1,1,0,0,14,14,0.04333215992217167,200000
3519,6304.76,1,53,0.016,0.05,1,25,1,0,1,1,0,0,7,13,0.04151054940906898,200000
3520,6308.2,3,230,-2.854,0.05,3,43,4,0,1,1,0,1,24,50,0.0346599955678634,200000
3521,6308.8,2,41,-0.82,0.05,2,15,2,0,1,1,0,0,5,11,0.039993079560922414,200000
3522,6309.54,1,50,-0.436,0.05,1,23,2,0,1,1,0,0,6,10,0.03866430126130581,200000
3523,6311.58,3,141,2.398,0.05,3,40,4,0,1,1,0,0,16,23,0.039042830711613734,200000
3524,6312.06,1,32,-2.218,0.05,1,17,2,0,1,1,0,1,4,6,0.042441259254701436,200000
3525,6312.4,1,23,-3.122,0.05,1,9,1,0,1,1,0,0,3,6,0.0435242413583657,200000
3526,6314.49,1,142,-1.932,0.05,1,39,1,0,1,1,0,1,17,20,0.03323900827508367,200000
3527,6314.56,0,5,-5.362,0.05,0,3,1,0,1,1,0,0,1,4,0.04590933546423912,200000
3528,6316.1,4,104,5.408,0.05,4,38,5,0,1,1,0,0,11,19,0.03486149976603114,200000
3529,6317.3,3,81,3.82,0.05,3,33,4,0,1,1,0,0,11,14,0.044005503682534634,200000
3530,6318.89,2,105,5.392,0.05,2,48,4,0,1,1,0,0,13,12,0.0351575878360087,200000
3531,6318.96,0,5,-5.062,0.05,0,4,0,0,1,1,0,0,1,4,0.042512955516576766,200000
3532,6321.73,3,189,-0.032,0.05,3,41,5,0,1,1,0,0,19,42,0.03975585054744173,200000
3533,6323.05,2,89,3.58,0.05,2,39,2,0,1,1,0,0,11,13,0.035061544916603,200000
3534,6323.82,0,53,-2.504,0.05,0,25,0,0,1,1,0,1,7,10,0.039037331833310845,200000
3535,6323.95,0,9,-5.002,0.05,0,5,0,0,1,1,0,0,1,1,0.04030068094531695,200000
3536,6324.95,0,68,-0.116,0.05,0,33,3,0,1,1,0,0,8,23,0.0331645081340171,200000
3537,6325.05,0,7,-5.492,0.05,0,3,0,0,1,1,0,0,1,2,0.04678442861352648,200000
3538,6326.64,8,107,9.022,0.05,3,39,2,1,1,1,0,0,14,23,0.03553283185846059,200000
3539,6326.86,0,15,-4.734,0.05,0,7,1,0,1,1,0,0,2,4,0.028997447217504184,200000
3540,6326.96,0,7,-5.182,0.05,0,4,0,0,1,1,0,0,1,3,0.02772933936544827,200000
3541,6333.03,9,400,-1.774,0.05,4,38,6,1,0,0,1,1,36,87,0.03709247439983301,200000
3542,6336.28,10,219,10.366,0.05,5,55,7,1,1,1,0,0,22,53,0.03496509299243558,200000
3543,6337.1,0,56,-1.46,0.05,0,26,1,0,1,1,0,0,6,10,0.04769092339224049,200000
3544,6337.54,0,30,-4.388,0.05,0,11,0,0,1,1,0,0,4,9,0.039278594125062224,200000
3545,6337.65,0,7,-4.892,0.05,0,5,0,0,1,1,0,0,1,0,0.03253868208932025,200000
3546,6337.91,1,18,-2.514,0.05,1,10,2,0,1,1,0,0,2,5,0.04940369135389725,200000
3547,6338.59,2,46,0.07,0.05,2,19,3,0,1,1,0,0,6,7,0.0389291877331941,200000
3548,6342.75,3,281,-4.588,0.05,3,44,4,0,1,1,0,0,29,27,0.03942701603150081,200000
3549,6343.99,5,84,5.378,0.05,5,29,4,0,0,1,0,0,10,9,0.04354065975972584,200000
3550,6347.05,2,206,-3.088,0.05,2,39,4,0,1,1,0,0,23,43,0.03613688668136675,200000
3551,6347.31,1,18,-2.822,0.05,1,9,1,0,1,1,0,0,2,1,0.04121857162358032,200000
3552,6353.12,4,400,-3.922,0.05,4,44,2,0,0,0,1,0,36,103,0.035406656262930485,200000
3553,6353.21,0,6,-5.722,0.05,0,2,0,0,1,1,0,0,1,3,0.019278695341199636,200000
3554,6357.81,4,306,-4.468,0.05,4,44,3,0,1,1,0,0,31,59,0.038862479386510315,200000
3555,6358.76,1,65,0.468,0.05,1,29,2,0,1,1,0,0,7,6,0.03504135749087884,200000
3556,6359.52,2,52,0.638,0.05,2,22,3,0,1,1,0,0,6,8,0.04220492633668563,200000
3557,6360.5,1,66,-1.702,0.05,1,22,2,0,1,1,0,0,8,10,0.04338055135061344,200000
3558,6362.84,6,158,4.604,0.05,1,47,1,1,1,1,0,1,19,22,0.04496019534012185,200000
3559,6364.38,7,105,9.458,0.05,2,45,2,1,1,1,0,0,12,13,0.04439484558644749,200000
3560,6365.57,2,79,4.452,0.05,2,40,4,0,1,1,0,0,10,9,0.03583366814647106,200000
3561,6366.12,1,38,-1.24,0.05,1,18,1,0,1,1,0,0,5,10,0.03805269675917531,200000
3562,6366.65,1,36,0.042,0.05,1,22,3,0,1,1,0,0,4,6,0.031136175126044288,200000
3563,6368.69,3,138,2.736,0.05,3,47,5,0,1,1,0,2,17,22,0.0413580857473763,200000
3564,6369.23,1,37,-1.818,0.05,1,16,1,0,1,1,0,0,4,7,0.04245319773719923,200000
3565,6370.97,3,118,3.06,0.05,3,41,4,0,1,1,0,1,14,19,0.04136759113772946,200000
3566,6371.81,2,57,2.946,0.05,2,34,3,0,1,1,0,1,7,8,0.03170476929006869,200000
3567,6377.58,5,400,-0.674,0.05,5,53,6,0,0,0,1,1,44,71,0.041212611743249,200000
3568,6379.19,3,106,5.038,0.05,3,42,3,0,1,1,0,0,12,17,0.039773235659835475,200000
3569,6379.95,1,53,0.876,0.05,1,28,3,0,1,1,0,0,6,10,0.03704256284981966,200000
3570,6382.25,4,153,3.176,0.05,4,40,5,0,1,1,0,0,17,30,0.03958662718023155,200000
3571,6383.46,3,82,4.06,0.05,3,34,2,0,1,1,0,0,10,17,0.039728087668375274,200000
3572,6384.36,1,61,2.244,0.05,1,34,1,0,1,1,0,0,8,11,0.03898148392861495,200000
3573,6390.47,5,400,-0.348,0.05,5,51,5,0,0,0,1,0,40,108,0.03976066300179809,200000
3574,6390.74,1,19,-2.884,0.05,1,9,3,0,1,1,0,0,2,5,0.027829510944062157,200000
3575,6393.11,6,159,2.052,0.05,1,39,1,1,1,1,0,1,18,30,0.03857333747283468,200000
3576,6393.83,3,49,3.808,0.05,3,27,4,0,1,1,0,0,6,8,0.048799182763513256,200000
3577,6395.07,2,84,1.482,0.05,2,31,1,0,1,1,0,0,9,11,0.031786017186407535,200000
3578,6396.01,0,63,-2.066,0.05,0,25,0,0,1,1,0,0,8,16,0.034507075886404705,200000
3579,6396.33,0,22,-4.536,0.05,0,9,1,0,1,1,0,0,3,7,0.02649249005216089,200000
3580,6397.02,3,47,1.528,0.05,3,19,3,0,1,1,0,0,6,5,0.0458206759488329,200000
3581,6401.88,0,336,-10.196,0.05,0,54,1,0,0,1,0,1,37,63,0.03822060265866596,200000
3582,6403.2,2,89,3.018,0.05,2,37,2,0,1,1,0,0,11,12,0.03904090350849575,200000
3583,6404.92,2,118,0.656,0.05,2,35,2,0,1,1,0,0,10,16,0.04169540396118063,200000
3584,6407.3,3,159,-1.06,0.05,3,35,3,0,0,1,0,1,20,33,0.03617024377175847,200000
3585,6408.34,2,70,2.208,0.05,2,31,3,0,1,1,0,0,6,13,0.03849257768264839,200000
3586,6409.57,3,84,1.42,0.05,3,29,4,0,1,1,0,1,10,18,0.0316497354346904,200000
3587,6409.85,0,20,-3.534,0.05,0,12,0,0,1,1,0,0,3,6,0.03464290648698807,200000
3588,6412.12,9,154,8.374,0.05,4,41,4,1,1,1,0,0,15,15,0.0378070183811927,200000
3589,6417.47,2,366,-11.002,0.05,2,50,2,0,1,1,0,2,40,116,0.03681242331618168,200000
3590,6419.87,8,164,5.858,0.05,3,39,3,1,1,1,0,0,22,39,0.04019891970688704,200000
3591,6422.85,4,201,1.96,0.05,4,45,4,0,1,1,0,0,23,30,0.04024785084288512,200000
3592,6428.93,2,400,-5.392,0.05,2,53,3,0,0,0,1,1,36,79,0.03820109650376253,200000
3593,6431.54,5,174,3.412,0.05,5,43,5,0,1,1,0,1,18,36,0.03735982187242172,200000
3594,6431.74,0,14,-5.294,0.05,0,5,0,0,1,1,0,0,2,2,0.05490614886262587,200000
3595,6437.79,3,400,-6.472,0.05,3,42,3,0,0,0,1,0,20,196,0.03804120312794112,200000
3596,6439.87,3,139,5.806,0.05,3,51,3,0,1,1,0,0,15,26,0.04223659351173279,200000
3597,6441.12,2,86,3.204,0.05,2,37,2,0,0,1,0,0,11,11,0.0405522762083037,200000
3598,6441.21,0,6,-5.73,0.05,0,2,0,0,1,1,0,0,1,1,0.04779853687311212,200000
3599,6442.43,2,81,1.384,0.05,2,30,2,0,1,1,0,0,10,18,0.04629326020769867,200000
3600,6442.91,0,33,-4.898,0.05,0,10,0,0,1,1,0,0,4,12,0.034773947529946315,200000
3601,6444.69,9,121,8.272,0.05,4,34,4,1,1,1,0,0,14,11,0.036278245712761295,200000
3602,6445.83,2,78,2.4,0.05,2,33,2,0,1,1,0,0,10,13,0.042378463400289036,200000
3603,6446.59,2,52,3.32,0.05,2,31,2,0,1,1,0,0,7,12,0.03427807469135867,200000
3604,6447.37,2,53,3.596,0.05,2,32,3,0,1,1,0,0,7,13,0.04137934002814428,200000
3605,6447.86,0,33,-2.778,0.05,0,17,1,0,1,1,0,0,4,3,0.030534778862740055,200000
3606,6451.56,9,245,7.552,0.05,4,56,4,1,1,1,0,0,19,94,0.040812025701969255,200000
3607,6454.31,4,188,-3.592,0.05,4,27,5,0,1,1,0,0,11,60,0.03883057645710304,200000
3608,6454.53,0,15,-4.744,0.05,0,7,0,0,1,1,0,0,2,3,0.04046434753884872,200000
3609,6454.63,0,7,-5.5,0.05,0,3,0,0,1,1,0,0,1,2,0.05089754930564335,200000
3610,6460.73,5,400,-3.776,0.05,5,44,4,0,0,0,1,1,25,144,0.040530927929794416,200000
3611,6466.41,2,374,-13.312,0.05,2,38,4,0,1,1,0,0,33,99,0.03791703092292907,200000
3612,6466.51,0,7,-5.492,0.05,0,3,0,0,1,1,0,0,1,2,0.04347087096955095,200000
3613,6470.48,4,264,-5.228,0.05,4,40,3,0,1,1,0,2,24,53,0.037318545298396864,200000
3614,6471.56,2,72,2.702,0.05,2,36,2,0,1,1,0,1,9,15,0.03592519525490287,200000
3615,6472.05,0,34,-2.828,0.05,0,17,0,0,1,1,0,0,4,4,0.03752881222788025,200000
3616,6472.83,1,53,1.056,0.05,1,32,1,0,1,1,0,1,7,6,0.03733227544306022,200000
3617,6474.43,2,109,3.072,0.05,2,41,2,0,1,1,0,0,14,17,0.042356276226768255,200000
3618,6476.01,1,107,-0.114,0.05,1,35,1,0,1,1,0,0,12,21,0.03882768307159716,200000
3619,6478.69,3,182,2.752,0.05,3,49,3,0,1,1,0,0,20,28,0.038806880153920295,200000
3620,6479.73,2,71,3.762,0.05,2,36,3,0,1,1,0,0,9,15,0.03367564266442623,200000
3621,6485.86,1,400,-6.38,0.05,1,52,2,0,0,0,1,0,40,132,0.039233452655607834,200000
3622,6486.65,2,54,1.4,0.05,2,25,2,0,1,1,0,0,6,8,0.045703927244715115,200000
3623,6490.92,4,277,-5.146,0.05,4,40,3,0,1,1,0,1,21,97,0.03687968263940529,200000
3624,6493.21,5,155,2.43,0.05,5,36,4,0,0,1,0,1,18,25,0.03532009834363576,200000
3625,6493.52,1,21,-2.076,0.05,1,12,1,0,1,1,0,0,3,5,0.03936236431556089,200000
3626,6494.89,2,92,2.848,0.05,2,37,2,0,1,1,0,0,11,13,0.04348078583691107,200000
3627,6494.98,0,6,-5.43,0.05,0,3,0,0,1,1,0,0,1,1,0.03920271418367823,200000
3628,6495.79,1,56,0.734,0.05,1,28,0,0,1,1,0,0,8,9,0.03753051451141281,200000
3629,6497.59,1,122,2.342,0.05,1,46,2,0,1,1,0,0,14,19,0.04203377961807075,200000
3630,6503.68,4,400,-4.62,0.05,4,43,4,0,0,0,1,0,22,115,0.03911551874363795,200000
3631,6508.21,1,302,-11.56,0.05,1,35,1,0,1,1,0,0,23,88,0.04036790677438805,200000
3632,6509.88,2,113,4.986,0.05,2,48,2,0,1,1,0,0,14,18,0.03595098858880522,200000
3633,6512.32,6,166,3.178,0.05,1,44,2,1,1,1,0,1,19,28,0.03814768527511014,200000
3634,6512.6,0,19,-4.074,0.05,0,10,0,0,1,1,0,0,2,6,0.04359677105553841,200000
3635,6513.87,4,86,5.878,0.05,4,36,5,0,1,1,0,0,11,13,0.03025367904757691,200000
3636,6514.3,1,29,-2.246,0.05,1,13,1,0,1,1,0,0,3,6,0.04487674699389729,200000
3637,6517.98,3,253,-4.4,0.05,3,42,4,0,1,1,0,1,29,33,0.04352137145840309,200000
3638,6519.27,2,87,-2.11,0.05,2,23,3,0,1,1,0,0,7,36,0.03170088436668632,200000
3639,6519.93,0,45,0.148,0.05,0,29,3,0,1,1,0,0,6,5,0.04207776704182228,200000
3640,6522.28,2,157,2.09,0.05,2,47,3,0,1,1,0,0,19,29,0.03905715840827128,200000
3641,6522.79,0,35,-5.346,0.05,0,9,0,0,1,1,0,0,3,6,0.04199664406478405,200000
3642,6526.97,3,287,-5.584,0.05,3,45,3,0,1,1,0,1,28,70,0.040539199674586385,200000
3643,6533.09,4,400,-6.326,0.05,4,43,5,0,0,0,1,1,35,118,0.039895134248072284,200000
3644,6536.51,4,230,-1.976,0.05,4,38,4,0,1,1,0,0,25,69,0.038309880135499914,200000
3645,6537.44,1,63,1.214,0.05,1,31,2,0,1,1,0,0,8,17,0.03960321273004252,200000
3646,6538.95,1,101,0.906,0.05,1,37,1,0,0,1,0,0,14,21,0.03679190862850092,200000
3647,6540.85,3,128,4.03,0.05,3,43,5,0,1,1,0,0,16,12,0.03337143699172884,200000
3648,6541.62,1,53,0.916,0.05,1,28,2,0,1,1,0,0,7,12,0.04346467257600348,200000
3649,6542.62,2,67,0.636,0.05,2,25,1,0,1,1,0,0,7,9,0.04179061066581687,200000
3650,6543.43,3,56,2.822,0.05,3,25,4,0,1,1,0,0,7,14,0.03839824712901775,200000
3651,6544.4,2,66,0.164,0.05,2,23,2,0,1,1,0,0,9,14,0.036195980977605687,200000
3652,6546.7,2,156,1.54,0.05,2,45,4,0,1,1,0,0,17,21,0.039482508308421344,200000
3653,6552.82,3,400,-4.088,0.05,3,49,3,0,0,0,1,0,30,142,0.03959782153367996,200000
3654,6553.61,0,54,0.238,0.05,0,31,1,0,1,1,0,0,7,13,0.03695889779676994,200000
3655,6559.48,3,400,-7.386,0.05,3,43,4,0,0,0,1,1,42,97,0.04021318491664715,200000
3656,6559.8,0,22,-4.536,0.05,0,9,0,0,1,1,0,0,3,7,0.03543263716115193,200000
3657,6560.67,0,59,0.824,0.05,0,34,2,0,1,1,0,0,8,8,0.03985479200984967,200000
3658,6561.2,1,36,-0.84,0.05,1,19,3,0,1,1,0,0,5,7,0.029182680054671235,200000
3659,6565.62,7,294,-2.144,0.05,2,43,1,1,1,1,0,0,27,60,0.03997752046668712,200000
3660,6565.86,1,17,-3.362,0.05,1,7,1,0,1,1,0,0,2,3,0.04478759318590164,200000
3661,6572.04,1,400,-9.022,0.05,1,43,2,0,0,0,1,0,44,86,0.03924777246429585,200000
3662,6572.34,0,21,-3.892,0.05,0,11,1,0,1,1,0,0,3,2,0.03291782670255218,200000
3663,6573.52,1,79,0.642,0.05,1,32,1,0,1,1,0,0,11,12,0.03837435242213026,200000
3664,6575.08,2,105,-1.0,0.05,2,27,1,0,1,1,0,0,10,15,0.04620840695819684,200000
3665,6576.4,3,91,1.69,0.05,3,28,1,0,1,1,0,0,10,13,0.037498979307301755,200000
3666,6577.24,0,58,-2.112,0.05,0,24,1,0,1,1,0,0,7,9,0.03968987541658611,200000
3667,6579.86,3,177,0.496,0.05,3,44,3,0,1,1,0,1,21,35,0.039983856881111016,200000
3668,6580.12,0,18,-5.214,0.05,0,6,0,0,1,1,0,0,2,3,0.038263154733512134,200000
3669,6585.94,9,400,1.19,0.05,4,48,5,1,0,0,1,1,38,92,0.035741041455185044,200000
3670,6586.15,0,14,-5.282,0.05,0,5,0,0,1,1,0,0,2,4,0.052964790258556604,200000
3671,6592.21,5,400,-3.426,0.05,5,44,5,0,0,0,1,0,30,162,0.04038106827414595,200000
3672,6593.4,0,80,-1.208,0.05,0,38,1,0,1,1,0,2,10,13,0.03976551650557667,200000
3673,6594.38,1,66,-0.516,0.05,1,26,2,0,0,1,0,0,7,9,0.03876713652050856,200000
3674,6595.61,3,83,5.408,0.05,3,42,5,0,1,1,0,1,11,12,0.0388988909838968,200000
3675,6600.45,6,332,-5.54,0.05,6,42,4,0,1,1,0,2,33,79,0.03611252559573356,200000
3676,6600.69,0,17,-4.854,0.05,0,7,0,0,1,1,0,0,2,4,0.04036094670129173,200000
3677,6606.8,4,400,-3.856,0.05,4,45,4,0,0,0,1,0,30,136,0.03662232015281916,200000
3678,6607.96,0,79,-0.98,0.05,0,35,2,0,0,1,0,1,10,14,0.03531531489725354,200000
3679,6608.47,1,35,-1.708,0.05,1,16,1,0,1,1,0,0,4,5,0.03837149268282311,200000
3680,6610.5,2,139,0.02,0.05,2,40,4,0,1,1,0,1,16,21,0.0354900005400824,200000
3681,6611.03,2,37,1.192,0.05,2,21,2,0,1,1,0,0,4,8,0.03530591119684883,200000
3682,6616.48,2,359,-5.986,0.05,2,59,4,0,1,1,0,0,34,94,0.04107704077533402,200000
3683,6617.05,0,39,-2.826,0.05,0,18,2,0,1,1,0,0,5,7,0.03406867729977538,200000
3684,6617.44,0,27,-3.326,0.05,0,14,2,0,1,1,0,0,3,9,0.04201725673758321,200000
3685,6617.81,1,25,-1.716,0.05,1,14,1,0,1,1,0,0,3,5,0.026797364093363286,200000
3686,6619.06,4,85,6.512,0.05,4,38,4,0,1,1,0,0,9,8,0.03652218967018758,200000
3687,6620.35,1,87,0.14,0.05,1,32,1,0,1,1,0,0,11,16,0.049962361996201264,200000
3688,6622.14,3,121,3.512,0.05,3,43,4,0,1,1,0,1,15,21,0.036162258202810424,200000
3689,6624.91,2,186,-1.982,0.05,2,39,1,0,1,1,0,0,21,39,0.03827904141758398,200000
3690,6625.41,1,34,-1.628,0.05,1,16,1,0,1,1,0,0,4,6,0.03317567525321946,200000
3691,6626.24,4,57,3.628,0.05,4,23,3,0,1,1,0,0,7,4,0.036792268666128315,200000
3692,6627.97,1,115,1.54,0.05,1,42,2,0,1,1,0,0,15,12,0.03965224096470553,200000
3693,6629.8,4,125,3.888,0.05,4,37,3,0,1,1,0,0,14,20,0.03553568928688765,200000
3694,6630.37,1,39,-2.228,0.05,1,15,2,0,1,1,0,0,4,7,0.03043963370892482,200000
3695,6630.66,0,20,-4.434,0.05,0,9,0,0,1,1,0,0,3,6,0.04975796602666378,200000
3696,6636.8,1,400,-6.694,0.05,1,51,1,0,0,0,1,0,24,133,0.03962302572326735,200000
3697,6637.68,1,60,-0.114,0.05,1,26,2,0,1,1,0,0,8,16,0.03256890238262713,200000
3698,6638.82,1,78,0.26,0.05,1,34,2,0,1,1,0,1,10,14,0.031866672998055436,200000
3699,6643.69,6,331,-4.306,0.05,6,46,4,0,1,1,0,2,30,83,0.038840336277743304,200000
3700,6643.79,0,7,-4.882,0.05,0,5,0,0,1,1,0,0,1,0,0.0506275509084974,200000
3701,6644.41,0,42,-3.898,0.05,0,15,0,0,1,1,0,0,5,5,0.03965149700109448,200000
3702,6645.7,2,88,3.652,0.05,2,39,3,0,1,1,0,0,9,11,0.04210960450158878,200000
3703,6645.81,0,8,-4.942,0.05,0,5,1,0,1,1,0,0,1,1,0.018178125959821045,200000
3704,6648.41,4,173,1.198,0.05,4,37,5,0,1,1,0,0,19,27,0.0343678465349912,200000
3705,6652.29,6,268,-5.178,0.05,1,39,1,1,1,1,0,2,32,61,0.03983264239921944,200000
3706,6652.59,1,20,-3.224,0.05,1,8,1,0,1,1,0,0,3,8,0.04819978354498744,200000
3707,6657.76,3,357,-9.19,0.05,3,46,3,0,1,1,0,1,35,73,0.037845389972276544,200000
3708,6658.87,1,75,-2.168,0.05,1,29,0,0,1,1,0,2,9,16,0.036314557809382676,200000
3709,6664.72,3,400,-8.23,0.05,3,42,2,0,0,0,1,2,42,96,0.035127345107030125,200000
3710,6670.81,3,400,-5.484,0.05,3,44,3,0,0,0,1,0,36,116,0.03750406568753533,200000
3711,6671.51,0,48,-1.812,0.05,0,23,0,0,1,1,0,0,6,14,0.04875001024144391,200000
3712,6672.36,0,59,-3.144,0.05,0,24,0,0,1,1,0,1,8,10,0.027781633802263412,200000
3713,6672.65,1,20,-2.906,0.05,1,9,1,0,1,1,0,0,3,6,0.02311785356141627,200000
3714,6673.79,2,77,3.014,0.05,2,35,5,0,1,1,0,0,9,20,0.03540645478075588,200000
3715,6677.0,3,216,-2.082,0.05,3,40,3,0,1,1,0,0,16,47,0.03763945767423138,200000
3716,6677.21,0,15,-5.344,0.05,0,5,0,0,1,1,0,0,2,4,0.052183147395650546,200000
3717,6678.31,2,74,-2.974,0.05,2,21,3,0,1,1,0,2,8,19,0.031452176249208486,200000
3718,6678.91,6,41,4.16,0.05,1,20,1,1,1,1,0,0,5,8,0.03659620711852501,200000
3719,6680.81,2,129,2.24,0.05,2,42,2,0,1,1,0,0,17,24,0.03910244615430864,200000
3720,6681.42,1,41,-1.748,0.05,1,17,1,0,1,1,0,0,5,6,0.03498576161247201,200000
3721,6682.92,3,103,3.45,0.05,3,36,3,0,1,1,0,0,13,20,0.035070941272616674,200000
3722,6684.83,4,127,7.766,0.05,4,50,5,0,1,1,0,0,15,18,0.040777113611303914,200000
3723,6689.54,2,323,-12.416,0.05,2,37,3,0,1,1,0,2,31,68,0.037438889205651846,200000
3724,6691.16,0,108,-1.126,0.05,0,40,2,0,1,1,0,1,14,24,0.04646940831163967,200000
3725,6692.46,2,90,3.304,0.05,2,38,4,0,1,1,0,0,11,18,0.032103424498604406,200000
3726,6697.1,4,318,-3.31,0.05,4,50,5,0,1,1,0,0,31,51,0.03662679712112361,200000
3727,6697.3,0,14,-4.984,0.05,0,6,0,0,1,1,0,0,2,2,0.05964980587097151,200000
3728,6698.12,2,55,2.566,0.05,2,29,2,0,1,1,0,0,7,6,0.03743941533294591,200000
3729,6699.07,1,65,-1.004,0.05,1,24,1,0,1,1,0,0,9,14,0.03839657731497517,200000
3730,6699.29,0,15,-5.342,0.05,0,5,0,0,1,1,0,0,2,3,0.0689726031695803,200000
3731,6700.51,1,82,2.228,0.05,1,38,1,0,1,1,0,0,11,11,0.035103356295333406,200000
3732,6706.35,5,400,-1.728,0.05,5,46,5,0,0,0,1,0,41,86,0.03925482914783061,200000
3733,6707.3,1,64,1.454,0.05,1,32,2,0,1,1,0,0,8,10,0.03508474891714286,200000
3734,6707.86,1,39,-1.01,0.05,1,19,2,0,1,1,0,0,5,12,0.0469207762955473,200000
3735,6713.28,4,351,-9.574,0.05,4,40,4,0,1,1,0,1,19,125,0.041267983096670305,200000
3736,6719.42,6,400,-1.08,0.05,6,44,3,0,0,0,1,0,32,118,0.03991786668775603,200000
3737,6719.99,0,39,-3.69,0.05,0,15,1,0,1,1,0,0,5,9,0.042433357200561427,200000
3738,6720.08,0,6,-5.73,0.05,0,2,0,0,1,1,0,0,1,1,0.03720586374402046,200000
3739,6721.85,7,119,10.192,0.05,2,50,5,1,1,1,0,0,14,15,0.040735554509647505,200000
3740,6722.3,0,31,-3.848,0.05,0,13,1,0,1,1,0,0,4,8,0.0498426167835151,200000
3741,6723.11,2,56,-0.7,0.05,2,20,1,0,1,1,0,0,5,25,0.04140264183349375,200000
3742,6723.81,2,48,-0.068,0.05,2,19,2,0,1,1,0,0,5,3,0.031178312841802835,200000
3743,6724.0,0,13,-5.214,0.05,0,5,0,0,1,1,0,0,2,6,0.04189217627908175,200000
3744,6725.17,2,79,2.11,0.05,2,32,2,0,1,1,0,0,10,14,0.03326665053639231,200000
3745,6729.84,9,316,-1.294,0.05,4,40,5,1,1,1,0,0,29,43,0.035352142284553544,200000
3746,6730.8,2,66,3.144,0.05,2,33,3,0,1,1,0,0,8,8,0.0456197406376966,200000
3747,6735.33,5,312,2.928,0.05,5,48,3,0,0,0,1,1,31,59,0.03945015863073655,200000
3748,6739.06,4,251,-0.656,0.05,4,46,4,0,1,1,0,0,27,50,0.037155821388847085,200000
3749,6742.48,2,229,-0.63,0.05,2,52,3,0,1,1,0,0,22,21,0.03665085609872138,200000
3750,6743.2,1,50,-0.162,0.05,1,24,1,0,1,1,0,0,6,11,0.04226090777665377,200000
3751,6743.84,0,43,-3.03,0.05,0,18,0,0,1,1,0,0,5,10,0.04709303190628456,200000
3752,6749.0,3,354,-7.676,0.05,3,51,3,0,1,1,0,1,30,110,0.03634577531283353,200000
3753,6754.74,3,396,-14.484,0.05,3,36,5,0,0,1,0,1,40,82,0.035956931762594846,200000
3754,6760.85,2,400,-7.644,0.05,2,42,5,0,0,0,1,0,34,130,0.03822027202229947,200000
3755,6761.99,4,77,5.358,0.05,4,33,5,0,1,1,0,0,8,11,0.03959491959615768,200000
3756,6762.08,0,6,-6.022,0.05,0,1,0,0,1,1,0,0,1,3,0.02962449286133051,200000
3757,6762.17,0,6,-5.432,0.05,0,3,0,0,1,1,0,0,1,1,0.04044516136248907,200000
3758,6764.56,2,162,0.308,0.05,2,42,2,0,1,1,0,0,19,24,0.04023202800732336,200000
3759,6765.54,1,66,0.046,0.05,1,31,1,0,1,1,0,1,9,8,0.041227002261262954,200000
3760,6768.5,3,197,4.258,0.05,3,57,3,0,0,1,0,0,22,33,0.036752388235843425,200000
3761,6770.12,3,108,1.19,0.05,3,33,3,0,1,1,0,1,11,13,0.03482443099427554,200000
3762,6770.22,0,7,-4.882,0.05,0,5,0,0,1,1,0,0,1,1,0.037572517192789485,200000
3763,6770.64,0,29,-3.456,0.05,0,14,0,0,1,1,0,0,3,4,0.029996797185519647,200000
3764,6771.37,1,50,0.456,0.05,1,26,3,0,1,1,0,0,7,9,0.032004078365862366,200000
3765,6772.63,4,86,5.88,0.05,4,36,6,0,1,1,0,0,11,13,0.039366731506794,200000
3766,6775.27,3,175,0.01,0.05,3,42,1,0,1,1,0,1,21,17,0.038243335094302895,200000
3767,6777.03,1,119,3.09,0.05,1,48,2,0,1,1,0,0,13,15,0.03918379264641084,200000
3768,6777.68,2,45,-0.208,0.05,2,18,2,0,1,1,0,0,4,10,0.031625961936596364,200000
3769,6777.78,0,7,-4.882,0.05,0,5,1,0,1,1,0,0,1,1,0.03411482673670564,200000
3770,6778.5,1,49,-0.672,0.05,1,22,2,0,1,1,0,0,7,11,0.03564765615084646,200000
3771,6779.71,3,82,4.864,0.05,3,37,6,0,1,1,0,0,9,11,0.04062760980209199,200000
3772,6780.12,0,28,-3.968,0.05,0,12,3,0,1,1,0,0,4,7,0.031001960326518332,200000
3773,6780.23,0,7,-4.882,0.05,0,5,0,0,1,1,0,0,1,1,0.03928385329033647,200000
3774,6780.64,1,28,-0.978,0.05,1,17,1,0,1,1,0,0,4,7,0.041684490595279,200000
3775,6781.33,0,47,0.042,0.05,0,29,3,0,1,1,0,0,6,9,0.0496692169616197,200000
3776,6782.21,1,59,-1.08,0.05,1,26,3,0,0,1,0,1,7,10,0.04930778829601862,200000
3777,6782.63,0,29,-5.574,0.05,0,8,1,0,1,1,0,0,2,16,0.02867074236916057,200000
3778,6788.66,2,400,-7.392,0.05,2,43,3,0,0,0,1,0,34,86,0.039886590987443925,200000
3779,6790.05,3,93,3.098,0.05,3,33,3,0,1,1,0,0,11,14,0.037460547941987235,200000
3780,6790.8,1,51,-1.402,0.05,1,20,1,0,1,1,0,0,6,7,0.05129868896933747,200000
3781,6795.39,5,308,-6.136,0.05,5,34,4,0,1,1,0,0,31,55,0.03781334470122956,200000
3782,6796.19,1,55,-2.222,0.05,1,18,1,0,1,1,0,0,6,9,0.03797633195803924,200000
3783,6796.6,0,28,-2.804,0.05,0,16,2,0,1,1,0,0,4,9,0.03279142450940396,200000
3784,6797.05,1,31,-1.776,0.05,1,15,1,0,1,1,0,0,3,7,0.037311951239262856,200000
3785,6797.78,1,50,-0.742,0.05,1,22,0,0,1,1,0,0,7,12,0.036449043015018105,200000
3786,6798.41,2,43,-2.716,0.05,2,10,1,0,1,1,0,0,3,14,0.046267405780422134,200000
3787,6804.51,1,400,-10.962,0.05,1,36,1,0,0,0,1,0,34,144,0.038586135294754055,200000
3788,6804.87,0,25,-3.216,0.05,0,14,0,0,1,1,0,0,3,2,0.03676427874714136,200000
3789,6807.92,0,206,-3.224,0.05,0,49,1,0,1,1,0,0,20,48,0.04110277285889804,200000
3790,6808.01,0,6,-5.422,0.05,0,3,1,0,1,1,0,0,1,3,0.03542919891575972,200000
3791,6809.22,2,83,2.156,0.05,2,33,1,0,1,1,0,0,10,15,0.037974806367812385,200000
3792,6810.71,2,101,1.418,0.05,2,34,2,0,1,1,0,0,12,17,0.03756148732350309,200000
3793,6811.46,2,51,1.87,0.05,2,26,3,0,1,1,0,0,5,6,0.03825823863164759,200000
3794,6811.93,1,32,-2.408,0.05,1,13,1,0,1,1,0,0,4,7,0.027956784702837467,200000
3795,6814.15,8,150,9.634,0.05,3,49,3,1,1,1,0,0,18,17,0.03689106520265341,200000
3796,6814.25,0,7,-5.182,0.05,0,4,0,0,1,1,0,0,1,2,0.02169887668320111,200000
3797,6814.54,0,20,-4.116,0.05,0,10,0,0,1,1,0,0,3,5,0.0341956430580467,200000
3798,6815.16,0,42,-4.546,0.05,0,13,0,0,1,1,0,0,4,10,0.03370823256582731,200000
3799,6815.45,0,20,-4.434,0.05,0,9,1,0,1,1,0,0,2,5,0.02573982672765851,200000
3800,6820.04,5,312,-3.26,0.05,5,44,3,0,0,1,0,0,30,52,0.03764500379717598,200000
3801,6826.08,3,400,-4.946,0.05,3,49,4,0,0,0,1,1,39,99,0.03836301340139471,200000
3802,6827.26,0,80,-1.016,0.05,0,32,0,0,0,1,0,0,10,12,0.038647831173148,200000
3803,6828.93,3,113,5.224,0.05,3,44,2,0,1,1,0,0,13,12,0.037145471348699215,200000
3804,6832.0,1,205,-2.842,0.05,1,45,2,0,1,1,0,0,18,42,0.03815434872876944,200000
3805,6832.74,2,51,3.066,0.05,2,30,3,0,1,1,0,0,7,12,0.03563619501815707,200000
3806,6833.55,1,55,1.676,0.05,1,31,1,0,1,1,0,0,7,9,0.037732202813706615,200000
3807,6834.39,2,57,1.836,0.05,2,27,3,0,1,1,0,0,7,6,0.03417672421129649,200000
3808,6835.61,1,82,2.112,0.05,1,41,1,0,1,1,0,1,11,15,0.035544126135546986,200000
3809,6840.71,1,331,-9.454,0.05,1,47,3,0,1,1,0,0,28,107,0.03882451054395326,200000
3810,6840.81,0,7,-5.482,0.05,0,3,0,0,1,1,0,0,1,1,0.028533223351197585,200000
3811,6841.29,1,33,-0.678,0.05,1,19,1,0,1,1,0,0,4,5,0.03547633518323754,200000
3812,6841.38,0,6,-5.732,0.05,0,2,0,0,1,1,0,0,1,1,0.026648827518026035,200000
3813,6843.55,1,145,-1.448,0.05,1,38,2,0,1,1,0,0,18,13,0.03501960289311306,200000
3814,6844.0,0,31,-3.606,0.05,0,14,0,0,1,1,0,0,4,7,0.040407590718278964,200000
3815,6850.09,0,400,-14.614,0.05,0,33,0,0,0,0,1,1,35,97,0.040520934702362864,200000
3816,6851.7,2,108,3.504,0.05,2,42,5,0,0,1,0,0,13,20,0.039733060678743104,200000
3817,6852.13,2,30,-2.044,0.05,2,9,2,0,1,1,0,0,3,5,0.0343976778909564,200000
3818,6856.12,7,273,0.344,0.05,2,47,2,1,1,1,0,0,28,37,0.03716952533157535,200000
3819,6857.1,3,66,1.616,0.05,3,23,3,0,1,1,0,0,8,15,0.03457935481812015,200000
3820,6857.98,2,60,1.312,0.05,2,29,2,0,0,1,0,1,7,10,0.03889884020512303,200000
3821,6859.25,1,86,2.52,0.05,1,40,2,0,1,1,0,0,10,12,0.039019286946588475,200000
3822,6865.09,8,400,-5.176,0.05,3,36,4,1,0,0,1,2,44,83,0.0366447102627717,200000
3823,6865.98,0,60,-0.124,0.05,0,31,1,0,1,1,0,0,7,9,0.039841880276799205,200000
3824,6871.42,2,356,-11.078,0.05,2,42,2,0,1,1,0,0,31,72,0.03702081625841642,200000
3825,6872.19,0,53,-0.622,0.05,0,28,0,0,1,1,0,0,7,4,0.04081200325053255,200000
3826,6873.6,3,96,5.568,0.05,3,42,5,0,1,1,0,0,10,15,0.03628594182858554,200000
3827,6874.16,1,38,-2.168,0.05,1,15,1,0,1,1,0,0,4,8,0.05621570902631471,200000
3828,6879.15,3,327,-7.8,0.05,3,42,4,0,1,1,0,0,29,71,0.03567647712948854,200000
3829,6881.44,1,155,-1.424,0.05,1,43,2,0,1,1,0,1,20,24,0.032976818622480475,200000
3830,6882.76,4,89,6.908,0.05,4,40,4,0,1,1,0,0,11,11,0.0373197298789962,200000
3831,6883.9,0,78,-0.968,0.05,0,32,1,0,1,1,0,0,10,16,0.03671650084046026,200000
3832,6884.43,1,36,-2.04,0.05,1,15,1,0,1,1,0,0,5,12,0.03522734949365258,200000
3833,6885.13,0,47,-2.77,0.05,0,23,0,0,1,1,0,1,6,9,0.04160428819979759,200000
3834,6885.22,0,6,-5.722,0.05,0,2,0,0,1,1,0,0,1,3,0.047343749552965164,200000
3835,6886.31,2,74,2.244,0.05,2,35,3,0,1,1,0,1,8,12,0.03345204281897561,200000
3836,6887.03,0,49,-0.362,0.05,0,28,1,0,1,1,0,0,6,10,0.03811758429724343,200000
3837,6888.75,2,117,-1.818,0.05,2,33,3,0,0,1,0,2,14,13,0.04095993532488743,200000
3838,6889.1,1,24,-2.914,0.05,1,10,2,0,1,1,0,0,2,4,0.0438482384585465,200000
3839,6889.63,2,36,-0.238,0.05,2,16,3,0,1,1,0,0,4,7,0.043921905388641685,200000
3840,6890.22,1,40,0.712,0.05,1,25,2,0,1,1,0,0,4,5,0.032699473574757575,200000
3841,6890.75,0,36,-2.938,0.05,0,17,0,0,1,1,0,0,5,7,0.02834149499216841,200000
3842,6890.95,0,14,-4.674,0.05,0,7,1,0,1,1,0,0,2,5,0.05082980450242758,200000
3843,6892.42,0,98,-0.518,0.05,0,37,3,0,1,1,0,0,10,18,0.038518986579182804,200000
3844,6893.11,0,48,-1.522,0.05,0,24,0,0,1,1,0,0,7,10,0.04284442935992653,200000
3845,6894.09,3,66,0.916,0.05,3,24,3,0,1,1,0,1,7,8,0.0337584448667864,200000
3846,6897.57,3,236,-0.948,0.05,3,51,5,0,0,1,0,1,16,36,0.03394183153839056,200000
3847,6899.89,3,156,4.244,0.05,3,49,2,0,1,1,0,0,17,14,0.03769576258193224,200000
3848,6906.03,1,400,-9.702,0.05,1,44,1,0,0,0,1,1,26,125,0.03499702840577811,200000
3849,6907.84,3,123,3.644,0.05,3,44,3,0,1,1,0,1,14,22,0.040110859361181896,200000
3850,6913.11,4,347,-4.898,0.05,4,51,5,0,1,1,0,0,27,117,0.03645247802197375,200000
3851,6914.91,4,122,4.082,0.05,4,37,2,0,1,1,0,0,12,18,0.03570977099178756,200000
3852,6915.42,1,35,-2.314,0.05,1,14,2,0,1,1,0,0,4,3,0.035137713168348586,200000
3853,6916.24,1,55,-2.308,0.05,1,18,2,0,1,1,0,0,4,2,0.036096879755231466,200000
3854,6916.47,0,16,-5.094,0.05,0,6,0,0,1,1,0,0,2,4,0.04624186101136729,200000
3855,6918.74,3,151,2.058,0.05,3,44,3,0,1,1,0,1,17,30,0.03578549384491037,200000
3856,6919.03,0,20,-5.016,0.05,0,7,0,0,1,1,0,0,3,7,0.023710587294772267,200000
3857,6920.51,2,101,1.046,0.05,2,36,2,0,1,1,0,1,12,19,0.038240310883536785,200000
3858,6921.34,3,56,3.088,0.05,3,26,2,0,0,1,0,0,6,4,0.04028690947286252,200000
3859,6923.49,4,145,4.362,0.05,4,42,4,0,1,1,0,0,18,29,0.033729912934760596,200000
3860,6927.51,2,262,-2.172,0.05,2,53,4,0,1,1,0,0,27,85,0.037186443027222654,200000
3861,6927.62,0,8,-4.642,0.05,0,6,0,0,1,1,0,0,1,1,0.019487563404254615,200000
3862,6927.71,0,6,-6.022,0.05,0,1,0,0,1,1,0,0,1,3,0.04467219579964876,200000
3863,6929.15,2,97,1.96,0.05,2,35,3,0,1,1,0,0,12,21,0.03476442143167417,200000
3864,6932.2,3,203,0.936,0.05,3,47,4,0,1,1,0,0,22,40,0.033580634178676336,200000
3865,6934.02,3,123,3.464,0.05,3,40,5,0,1,1,0,0,14,13,0.038291001760559835,200000
3866,6934.75,0,50,-3.48,0.05,0,18,1,0,1,1,0,0,5,5,0.03646621905267239,200000
3867,6935.59,3,57,3.332,0.05,3,27,4,0,1,1,0,0,6,9,0.03908380583386149,200000
3868,6936.34,1,51,0.978,0.05,1,28,2,0,1,1,0,0,6,6,0.03806089636340153,200000
3869,6941.56,3,343,-11.274,0.05,3,34,5,0,1,1,0,0,27,150,0.037225048747402414,200000
3870,6942.75,2,80,2.054,0.05,2,32,3,0,1,1,0,0,10,12,0.036792950704693794,200000
3871,6942.87,0,9,-5.91,0.05,0,2,1,0,1,1,0,0,1,0,0.03537739378710588,200000
3872,6942.96,0,6,-5.722,0.05,0,2,0,0,1,1,0,0,1,3,0.022629218952109415,200000
3873,6946.36,10,226,7.012,0.05,5,45,4,1,1,1,0,0,24,34,0.03550385242839039,200000
3874,6951.32,3,341,-5.0,0.05,3,54,4,0,1,1,0,0,35,72,0.03984862507411068,200000
3875,6955.09,2,249,-5.492,0.05,2,43,2,0,1,1,0,1,26,34,0.037606421259632074,200000
3876,6956.38,1,88,2.204,0.05,1,39,2,0,1,1,0,0,12,10,0.03753773974974386,200000
3877,6957.13,1,51,-1.488,0.05,1,23,2,0,0,1,0,1,6,8,0.03511787061670832,200000
3878,6958.02,2,60,0.746,0.05,2,24,3,0,1,1,0,0,7,5,0.03928044503554702,200000
3879,6958.23,0,15,-4.734,0.05,0,7,0,0,1,1,0,0,2,3,0.0462703322370847,200000
3880,6958.53,1,21,-3.084,0.05,1,9,2,0,1,1,0,0,2,6,0.028312463756828082,200000
3881,6959.06,0,36,-3.52,0.05,0,15,0,0,1,1,0,0,5,12,0.03176672919653356,200000
3882,6962.14,4,209,-0.98,0.05,4,37,4,0,1,1,0,0,20,50,0.03609158406613404,200000
3883,6965.53,2,229,0.856,0.05,2,57,3,0,1,1,0,0,24,54,0.03603559575047686,200000
3884,6966.91,3,93,0.438,0.05,3,31,3,0,1,1,0,2,10,24,0.0376160079613328,200000
3885,6967.47,0,38,-1.84,0.05,0,21,0,0,1,1,0,0,5,12,0.04150514155136127,200000
3886,6967.57,0,7,-5.482,0.05,0,3,0,0,1,1,0,0,1,2,0.01926851472152131,200000
3887,6970.07,4,171,3.91,0.05,4,49,5,0,1,1,0,1,20,17,0.03933869750505825,200000
3888,6974.34,1,285,-4.472,0.05,1,55,1,0,1,1,0,0,28,100,0.03901392217202668,200000
3889,6975.72,3,94,4.518,0.05,3,38,3,0,1,1,0,0,11,15,0.03843664673176852,200000
3890,6977.64,3,131,9.02,0.05,3,60,2,0,1,1,0,0,15,16,0.03701914102549999,200000
3891,6978.02,1,27,-2.126,0.05,1,13,1,0,1,1,0,0,4,7,0.05068261462643191,200000
3892,6978.72,0,47,-0.882,0.05,0,26,0,0,1,1,0,0,6,10,0.03580410499125719,200000
3893,6979.57,2,58,1.806,0.05,2,27,3,0,1,1,0,0,8,12,0.03353231429154503,200000
3894,6979.98,1,28,-0.978,0.05,1,17,1,0,1,1,0,0,4,3,0.03527884338317173,200000
3895,6980.28,0,21,-4.176,0.05,0,10,0,0,1,1,0,0,3,5,0.04419602624451121,200000
3896,6981.76,2,100,1.446,0.05,2,34,2,0,1,1,0,0,11,11,0.03763891198672354,200000
3897,6982.74,7,67,7.784,0.05,2,32,2,1,0,1,0,0,9,11,0.03982687195234779,200000
3898,6983.05,0,22,-4.254,0.05,0,10,0,0,1,1,0,0,2,2,0.05020371443507346,200000
3899,6983.82,1,52,-0.582,0.05,1,23,1,0,1,1,0,0,6,9,0.03660871427004727,200000
3900,6984.54,1,49,1.7,0.05,1,30,4,0,1,1,0,0,5,12,0.034430237658017754,200000
3901,6985.5,2,66,2.824,0.05,2,32,3,0,1,1,0,0,8,14,0.039844564543190325,200000
3902,6985.8,0,21,-3.584,0.05,0,12,1,0,1,1,0,0,3,5,0.039987274312547276,200000
3903,6986.44,0,44,-2.81,0.05,0,19,0,0,1,1,0,0,5,7,0.03303420334123075,200000
3904,6986.75,0,21,-4.484,0.05,0,9,1,0,1,1,0,0,3,5,0.03817317160289912,200000
3905,6992.56,1,400,-10.266,0.05,1,38,1,0,0,0,1,0,31,108,0.035193973453715444,200000
3906,6993.05,0,34,-3.458,0.05,0,15,0,0,1,1,0,0,4,10,0.03384710727807354,200000
3907,6994.45,3,94,4.19,0.05,3,37,2,0,1,1,0,0,11,11,0.0349315987662115,200000
3908,6995.15,0,48,-1.548,0.05,0,24,1,0,1,1,0,0,6,7,0.03253437135329781,200000
3909,6995.99,2,57,3.34,0.05,2,32,1,0,1,1,0,0,7,11,0.04172485289082192,200000
3910,6997.25,3,85,4.05,0.05,3,38,4,0,1,1,0,1,11,10,0.04340471716268974,200000
3911,6997.83,1,40,-2.28,0.05,1,15,1,0,1,1,0,0,5,5,0.03933112565428019,200000
3912,6998.73,3,62,5.766,0.05,3,36,3,0,1,1,0,0,7,10,0.040303852318996386,200000
3913,6999.32,2,40,1.35,0.05,2,22,3,0,1,1,0,0,5,12,0.03126561352983117,200000
3914,6999.58,0,18,-4.324,0.05,0,9,0,0,1,1,0,0,2,5,0.034651025457100734,200000
3915,7000.23,3,44,2.29,0.05,3,21,5,0,1,1,0,0,5,6,0.03441918768327345,200000
3916,7004.02,3,258,-3.162,0.05,3,44,4,0,1,1,0,0,25,47,0.037500422458749176,200000
3917,7005.73,3,115,4.77,0.05,3,43,4,0,0,1,0,0,12,20,0.03656397632768621,200000
3918,7006.35,1,42,-1.482,0.05,1,18,2,0,1,1,0,0,6,8,0.03497530641921219,200000
3919,7007.2,1,57,-0.542,0.05,1,24,1,0,1,1,0,0,7,13,0.032096507011406254,200000
3920,7011.69,3,311,-2.72,0.05,3,56,3,0,0,1,0,0,33,56,0.037459186278283596,200000
3921,7012.35,0,44,-1.58,0.05,0,23,2,0,1,1,0,0,6,11,0.03322644529610195,200000
3922,7013.22,2,60,0.486,0.05,2,23,2,0,1,1,0,0,7,15,0.041368250253920755,200000
3923,7014.04,1,56,-0.264,0.05,1,28,0,0,1,1,0,1,7,10,0.03938854417564081,200000
3924,7016.22,7,145,5.364,0.05,2,39,0,1,1,1,0,0,17,18,0.03958214683907813,200000
3925,7019.24,6,201,2.12,0.05,6,36,4,0,1,1,0,0,16,65,0.03722158978827557,200000
3926,7020.7,3,97,4.296,0.05,3,38,2,0,1,1,0,0,10,17,0.040516636055923,200000
3927,7021.71,1,68,-1.182,0.05,1,24,1,0,1,1,0,0,8,12,0.028075699242489302,200000
3928,7021.91,0,14,-4.374,0.05,0,8,1,0,1,1,0,0,2,5,0.035078111570328474,200000
3929,7022.46,0,37,-2.41,0.05,0,19,0,0,1,1,0,0,5,6,0.03528866291398535,200000
3930,7025.45,3,205,-1.768,0.05,3,42,3,0,1,1,0,1,19,43,0.03692696290772136,200000
3931,7029.83,2,289,-5.904,0.05,2,46,2,0,1,1,0,0,29,58,0.03905052601788386,200000
3932,7031.17,2,90,1.152,0.05,2,31,3,0,1,1,0,0,10,12,0.03934765097995599,200000
3933,7037.24,5,400,-5.634,0.05,5,40,2,0,0,0,1,2,38,108,0.033792704646475616,200000
3934,7038.05,1,55,1.086,0.05,1,29,0,0,0,1,0,0,6,11,0.03170220304957845,200000
3935,7044.11,3,400,-6.638,0.05,3,41,4,0,0,0,1,0,28,91,0.0368007904489059,200000
3936,7048.65,4,316,-5.47,0.05,4,46,4,0,1,1,0,1,31,29,0.03618900792649652,200000
3937,7054.78,2,400,-9.746,0.05,2,36,1,0,0,0,1,0,29,130,0.036206730984849854,200000
3938,7060.63,2,400,-2.056,0.05,2,60,2,0,0,0,1,0,39,102,0.03775967936380766,200000
3939,7060.88,0,17,-5.454,0.05,0,5,0,0,1,1,0,0,2,3,0.038460279540980566,200000
3940,7062.78,3,127,0.47,0.05,3,34,3,0,1,1,0,1,16,20,0.03828211254110252,200000
3941,7062.87,0,6,-6.322,0.05,0,0,0,0,1,1,0,0,1,1,0.054438103611270584,200000
3942,7063.83,1,66,2.204,0.05,1,35,1,0,1,1,0,0,8,10,0.036859737603332506,200000
3943,7066.73,3,198,3.282,0.05,3,57,4,0,1,1,0,1,22,45,0.036486899621333134,200000
3944,7072.8,4,400,-5.396,0.05,4,45,5,0,0,0,1,1,28,154,0.03528514115139842,200000
3945,7073.27,1,33,-2.178,0.05,1,14,1,0,1,1,0,0,4,10,0.046506554396315056,200000
3946,7078.39,5,338,-4.912,0.05,5,44,4,0,1,1,0,0,31,36,0.03428750210055894,200000
3947,7079.01,1,43,0.26,0.05,1,24,1,0,1,1,0,0,6,8,0.0384244387752788,200000
3948,7085.08,2,400,-4.086,0.05,2,54,5,0,0,0,1,0,33,84,0.03458153152372688,200000
3949,7086.28,4,81,5.806,0.05,4,38,4,0,0,1,0,1,10,12,0.04475285717642602,200000
3950,7092.36,6,400,0.068,0.05,6,48,5,0,0,0,1,0,32,109,0.03749760057078674,200000
3951,7098.31,1,400,-8.456,0.05,1,47,2,0,0,0,1,1,35,97,0.03657385012949817,200000
3952,7099.08,3,52,2.088,0.05,3,22,4,0,1,1,0,0,7,9,0.04057399826482511,200000
3953,7100.53,3,99,4.864,0.05,3,40,2,0,1,1,0,0,12,14,0.03393112426397927,200000
3954,7103.69,2,216,0.088,0.05,2,52,3,0,1,1,0,0,21,49,0.033608796685088975,200000
3955,7104.39,2,47,2.138,0.05,2,26,2,0,1,1,0,0,6,6,0.03422929344579895,200000
3956,7109.99,12,389,0.016,0.05,2,58,3,2,1,1,0,2,40,71,0.036556546645751344,200000
3957,7116.08,2,400,-8.02,0.05,2,41,3,0,0,0,1,0,28,191,0.034650593975093215,200000
3958,7122.19,3,400,-4.966,0.05,3,46,2,0,0,0,1,0,30,151,0.03648389471927658,200000
3959,7125.4,3,216,0.74,0.05,3,49,3,0,1,1,0,0,20,35,0.03426956072346204,200000
3960,7125.86,0,32,-2.836,0.05,0,17,1,0,1,1,0,0,4,12,0.034138819843064994,200000
3961,7127.24,2,92,6.158,0.05,2,48,2,0,1,1,0,0,11,13,0.04194139356158026,200000
3962,7128.23,1,67,-0.754,0.05,1,26,3,0,1,1,0,0,7,13,0.04213559431538208,200000
3963,7129.71,1,100,1.194,0.05,1,38,3,0,1,1,0,0,13,16,0.03673288995400071,200000
3964,7130.04,0,23,-4.922,0.05,0,8,2,0,1,1,0,0,3,5,0.03899514440285123,200000
3965,7131.14,2,75,3.222,0.05,2,35,4,0,1,1,0,0,10,14,0.03151775286843379,200000
3966,7132.46,6,89,5.618,0.05,1,34,1,1,1,1,0,0,11,14,0.039641989436879584,200000
3967,7133.54,1,73,-0.006,0.05,1,29,3,0,1,1,0,0,10,15,0.03237765582839716,200000
3968,7135.03,2,102,0.12,0.05,2,33,3,0,0,1,0,1,13,16,0.03241766220433455,200000
3969,7135.14,0,8,-5.242,0.05,0,4,0,0,1,1,0,0,1,1,0.031703693442977965,200000
3970,7135.24,0,7,-5.482,0.05,0,3,0,0,1,1,0,0,1,2,0.02738013836954321,200000
3971,7136.09,0,58,-2.702,0.05,0,22,1,0,1,1,0,0,7,10,0.035594580430087855,200000
3972,7136.74,1,44,-0.7,0.05,1,21,1,0,1,1,0,0,5,7,0.02924238314682787,200000
3973,7139.71,4,201,0.688,0.05,4,44,4,0,1,1,0,1,23,31,0.04089752482991684,200000
3974,7140.01,0,21,-4.184,0.05,0,10,1,0,1,1,0,0,3,7,0.030870331806086358,200000
3975,7140.91,1,60,1.956,0.05,1,33,3,0,1,1,0,0,6,9,0.03082339675165713,200000
3976,7143.65,8,190,9.378,0.05,3,56,4,1,1,1,0,0,23,27,0.037737233539749136,200000
3977,7147.46,2,263,-5.834,0.05,2,51,3,0,1,1,0,3,28,54,0.03883349668312492,200000
3978,7147.78,0,21,-3.576,0.05,0,12,1,0,1,1,0,0,3,5,0.04852371237107685,200000
3979,7148.67,2,60,4.104,0.05,2,35,3,0,1,1,0,0,8,11,0.03596229046427955,200000
3980,7149.36,2,47,-1.088,0.05,2,22,2,0,1,1,0,2,6,5,0.04374889559806027,200000
3981,7151.31,3,131,3.016,0.05,3,40,3,0,1,1,0,0,15,24,0.03672452968054714,200000
3982,7152.34,4,70,3.738,0.05,4,26,4,0,0,1,0,0,8,10,0.03977473662900073,200000
3983,7158.5,3,400,-7.784,0.05,3,37,1,0,0,0,1,0,27,145,0.038981250778306276,200000
3984,7160.44,1,132,-1.414,0.05,1,39,1,0,0,1,0,1,13,22,0.036799027887878547,200000
3985,7164.96,1,297,-8.304,0.05,1,45,1,0,1,1,0,0,27,116,0.03605599244053065,200000
3986,7165.17,0,15,-5.334,0.05,0,5,0,0,1,1,0,0,2,4,0.027879554716249307,200000
3987,7171.05,3,400,-9.226,0.05,3,42,3,0,0,0,1,3,33,82,0.0411204245488625,200000
3988,7172.54,3,100,4.832,0.05,3,40,2,0,1,1,0,0,13,15,0.04140413003973663,200000
3989,7173.18,1,43,-0.04,0.05,1,23,3,0,1,1,0,0,5,7,0.04104741643247909,200000
3990,7173.25,0,5,-5.362,0.05,0,3,0,0,1,1,0,0,1,2,0.02876197174191475,200000
3991,7173.47,0,15,-5.062,0.05,0,6,0,0,1,1,0,0,2,3,0.045962687022984026,200000
3992,7176.18,7,187,6.144,0.05,2,50,2,1,0,1,0,0,18,37,0.037496179257604206,200000
3993,7176.44,1,17,-3.362,0.05,1,7,1,0,1,1,0,0,2,4,0.033608162994770444,200000
3994,7176.95,0,35,-2.598,0.05,0,18,0,0,1,1,0,0,5,6,0.02699609867164067,200000
3995,7180.67,2,251,-5.59,0.05,2,43,2,0,1,1,0,1,24,53,0.03584838645770196,200000
3996,7180.99,0,22,-4.546,0.05,0,9,1,0,1,1,0,0,3,5,0.04166369097815319,200000
3997,7181.81,1,56,1.016,0.05,1,29,2,0,1,1,0,0,7,16,0.03445280865500016,200000
3998,7184.46,10,176,8.094,0.05,5,39,4,1,1,1,0,0,18,35,0.037825228545857084,200000
3999,7185.57,2,76,1.948,0.05,2,31,3,0,1,1,0,0,9,9,0.03479104750103464,200000
4000,7189.89,1,292,-4.774,0.05,1,39,1,0,0,0,1,1,25,68,0.03876477619154659,200000
4001,7190.74,0,57,-3.28,0.05,0,20,0,0,1,1,0,0,5,9,0.0350152812898159,200000
4002,7196.86,3,400,-7.792,0.05,3,37,3,0,0,0,1,0,30,131,0.04080384909408167,200000
4003,7198.58,1,116,1.448,0.05,1,42,2,0,1,1,0,0,12,14,0.04217395734780564,200000
4004,7200.02,3,96,4.132,0.05,3,37,4,0,1,1,0,0,12,15,0.03618797743790007,200000
4005,7200.81,1,54,-0.722,0.05,1,23,2,0,1,1,0,0,6,5,0.028847025276196224,200000
4006,7202.4,1,107,1.646,0.05,1,41,2,0,1,1,0,0,13,13,0.036952197717102335,200000
4007,7208.49,3,400,-5.67,0.05,3,44,5,0,0,0,1,0,29,136,0.0350277246022597,200000
4008,7209.46,1,66,0.406,0.05,1,29,4,0,1,1,0,0,8,9,0.03655842371341406,200000
4009,7209.56,0,7,-5.79,0.05,0,2,0,0,1,1,0,0,1,0,0.03999501626406397,200000
4010,7214.61,2,339,-8.07,0.05,2,48,4,0,1,1,0,0,35,90,0.03471597741772819,200000
4011,7217.24,3,177,3.62,0.05,3,51,4,0,1,1,0,0,19,21,0.03938556633531879,200000
4012,7217.61,0,25,-3.206,0.05,0,14,1,0,1,1,0,0,3,5,0.02988450389355421,200000
4013,7218.41,0,54,-1.59,0.05,0,25,1,0,1,1,0,0,6,8,0.037201693574725476,200000
4014,7219.11,2,48,0.792,0.05,2,22,2,0,1,1,0,0,5,8,0.04208582492234806,200000
4015,7219.79,0,47,-2.662,0.05,0,20,0,0,1,1,0,0,6,12,0.02911972319905428,200000
4016,7220.97,1,80,2.336,0.05,1,38,2,0,1,1,0,0,10,17,0.03624404858564958,200000
4017,7221.6,2,43,1.156,0.05,2,22,2,0,1,1,0,0,6,10,0.03987973429219321,200000
4018,7224.96,1,221,-4.358,0.05,1,43,1,0,1,1,0,0,22,50,0.03676447336566192,200000
4019,7226.78,3,122,2.978,0.05,3,38,4,0,1,1,0,0,15,19,0.03140743126039256,200000
4020,7229.41,2,175,-1.548,0.05,2,45,4,0,1,1,0,2,19,22,0.035454332333590306,200000
4021,7231.3,2,129,1.636,0.05,2,40,2,0,1,1,0,0,16,24,0.04088269314880288,200000
4022,7236.34,8,345,-3.15,0.05,3,44,3,1,1,1,0,0,32,60,0.03828926779518741,200000
4023,7236.56,0,15,-5.944,0.05,0,3,0,0,1,1,0,0,2,4,0.043366846566398935,200000
4024,7238.75,2,147,2.586,0.05,2,47,2,0,1,1,0,0,14,15,0.03627662634996533,200000
4025,7239.76,5,69,7.168,0.05,5,32,5,0,0,1,0,0,8,9,0.033893299815447434,200000
4026,7241.31,8,104,8.928,0.05,3,38,3,1,1,1,0,0,12,24,0.038508144502814576,200000
4027,7241.63,0,22,-4.526,0.05,0,9,0,0,1,1,0,0,3,8,0.03953947757624767,200000
4028,7243.2,5,107,7.984,0.05,5,42,4,0,1,1,0,0,13,14,0.03828911426276944,200000
4029,7243.3,0,7,-5.8,0.05,0,2,0,0,1,1,0,0,1,2,0.03908328539026635,200000
4030,7244.37,2,72,2.8,0.05,2,33,3,0,1,1,0,0,9,12,0.04418276452148954,200000
4031,7244.67,0,21,-4.466,0.05,0,9,0,0,1,1,0,0,3,4,0.01945464459380933,200000
4032,7250.79,0,400,-14.544,0.05,0,33,0,0,0,0,1,1,23,99,0.036632465962320566,200000
4033,7253.11,4,157,4.0,0.05,4,50,4,0,1,1,0,2,20,24,0.03482779817192987,200000
4034,7258.24,8,354,6.118,0.05,3,60,5,1,0,0,1,1,35,75,0.03430103355923952,200000
4035,7258.71,0,32,-2.108,0.05,0,19,0,0,1,1,0,0,4,5,0.03541501017753035,200000
4036,7262.61,2,261,-3.898,0.05,2,47,2,0,1,1,0,0,29,52,0.038529004644730996,200000
4037,7263.96,3,91,3.992,0.05,3,39,3,0,1,1,0,1,10,13,0.03556184501356476,200000
4038,7264.47,0,35,-2.87,0.05,0,17,1,0,1,1,0,0,5,7,0.04045938567391464,200000
4039,7264.88,0,29,-4.046,0.05,0,12,1,0,1,1,0,0,3,6,0.03721141993421419,200000
4040,7265.92,2,70,-1.35,0.05,2,19,2,0,0,1,0,0,6,11,0.03376230427862278,200000
4041,7267.66,5,116,5.908,0.05,5,37,3,0,1,1,0,0,12,14,0.03318160105946249,200000
4042,7267.95,0,20,-4.116,0.05,0,10,1,0,1,1,0,0,3,9,0.026679293299093843,200000
4043,7273.95,2,400,-7.596,0.05,2,47,1,0,0,0,1,1,34,176,0.03928697637165897,200000
4044,7274.06,0,7,-5.492,0.05,0,3,0,0,1,1,0,0,1,2,0.022538746441049234,200000
4045,7279.96,4,400,-2.882,0.05,4,47,3,0,0,0,1,0,41,137,0.03938486302387901,200000
4046,7282.67,2,184,-2.552,0.05,2,40,2,0,1,1,0,1,16,45,0.041474655591983996,200000
4047,7283.52,0,58,-0.37,0.05,0,30,0,0,1,1,0,0,6,6,0.03758416053485768,200000
4048,7284.48,1,65,3.404,0.05,1,42,2,0,1,1,0,1,8,10,0.034679476028451554,200000
4049,7285.04,0,38,-4.24,0.05,0,13,1,0,1,1,0,0,5,12,0.04335099252823152,200000
4050,7291.15,3,400,-9.328,0.05,3,32,2,0,0,0,1,0,25,155,0.035940484181046485,200000
4051,7293.4,6,150,3.276,0.05,6,30,3,0,1,1,0,0,16,38,0.036612992882728575,200000
4052,7296.52,2,213,-5.976,0.05,2,36,2,0,1,1,0,1,22,54,0.03518066390421889,200000
4053,7296.63,0,7,-4.582,0.05,0,6,1,0,1,1,0,0,1,3,0.030459196173719,200000
4054,7297.29,2,45,1.022,0.05,2,22,2,0,1,1,0,0,5,6,0.041810640299485786,200000
4055,7302.15,4,333,-10.182,0.05,4,37,3,0,1,1,0,2,35,77,0.03461565651760266,200000
4056,7302.66,0,35,-2.296,0.05,0,19,0,0,1,1,0,0,5,12,0.042248424914266385,200000
4057,7308.78,4,400,-4.274,0.05,4,43,4,0,0,0,1,0,38,105,0.03405513606150635,200000
4058,7309.2,0,29,-4.336,0.05,0,11,0,0,1,1,0,0,4,6,0.04803596077294185,200000
4059,7313.68,3,294,-7.466,0.05,3,37,5,0,1,1,0,0,26,64,0.036796933518355196,200000
4060,7314.62,2,64,-0.802,0.05,2,21,3,0,1,1,0,0,6,25,0.0319168674031971,200000
4061,7319.82,4,343,-8.144,0.05,4,39,3,0,1,1,0,0,31,85,0.034167532881032185,200000
4062,7320.78,1,66,3.714,0.05,1,40,2,0,1,1,0,0,8,10,0.03047481376790639,200000
4063,7322.6,3,121,2.01,0.05,3,38,3,0,1,1,0,1,15,21,0.039505199148235,200000
4064,7328.66,4,400,-8.446,0.05,4,36,4,0,0,0,1,2,34,111,0.038754546020645646,200000
4065,7334.75,1,400,-11.402,0.05,1,40,1,0,0,0,1,1,29,148,0.03419175182003528,200000
4066,7336.28,3,103,7.274,0.05,3,49,4,0,1,1,0,0,13,14,0.03905449573456952,200000
4067,7336.79,1,35,-0.478,0.05,1,20,1,0,1,1,0,0,5,7,0.025162683320896967,200000
4068,7337.59,1,54,-0.364,0.05,1,24,1,0,1,1,0,0,7,11,0.03653039098544805,200000
4069,7342.08,3,294,-5.802,0.05,3,43,2,0,1,1,0,0,19,113,0.03701968487117718,200000
4070,7342.96,3,60,3.744,0.05,3,29,3,0,1,1,0,0,8,9,0.030389784540360173,200000
4071,7346.99,8,278,-0.962,0.05,3,42,2,1,1,1,0,1,25,68,0.0350151608074955,200000
4072,7347.88,0,60,-0.134,0.05,0,31,2,0,1,1,0,0,7,11,0.03916035831595461,200000
4073,7348.78,0,61,-0.774,0.05,0,29,3,0,1,1,0,0,7,12,0.037765442378452564,200000
4074,7348.86,0,6,-5.73,0.05,0,2,0,0,1,1,0,0,1,1,0.03383625221128265,200000
4075,7351.99,3,211,-0.708,0.05,3,43,5,0,1,1,0,0,24,29,0.03575703494639193,200000
4076,7353.06,2,73,2.346,0.05,2,35,2,0,0,1,0,1,9,11,0.04762520458013432,200000
4077,7355.59,9,170,11.77,0.05,4,55,2,1,1,1,0,0,21,25,0.040675313609159165,200000
4078,7356.75,2,80,1.644,0.05,2,34,3,0,0,1,0,1,9,10,0.033220708463341,200000
4079,7358.11,1,92,0.848,0.05,1,42,5,0,1,1,0,2,11,16,0.037033124204279615,200000
4080,7359.07,1,64,1.416,0.05,1,32,1,0,1,1,0,0,7,15,0.03338869012077339,200000
4081,7360.41,3,90,4.148,0.05,3,36,1,0,1,1,0,0,12,13,0.036218631490030226,200000
4082,7361.87,4,100,7.494,0.05,4,44,2,0,1,1,0,0,13,19,0.03412964696064592,200000
4083,7362.27,1,27,-1.246,0.05,1,16,1,0,1,1,0,0,3,5,0.03008489821244169,200000
4084,7362.49,1,15,-3.544,0.05,1,6,2,0,1,1,0,0,2,5,0.04881670065224171,200000
4085,7362.71,1,15,-3.234,0.05,1,7,2,0,1,1,0,0,2,5,0.025514985683063665,200000
4086,7368.77,2,400,-6.052,0.05,2,48,7,0,0,0,1,0,25,170,0.03588425061083399,200000
4087,7369.84,2,72,1.874,0.05,2,30,2,0,0,1,0,0,9,9,0.0357197524410569,200000
4088,7375.81,4,400,-2.092,0.05,4,51,6,0,0,0,1,0,28,100,0.0382125533092767,200000
4089,7381.89,5,400,0.166,0.05,5,54,5,0,0,0,1,0,23,89,0.03727502840571106,200000
4090,7386.82,5,333,-5.6,0.05,5,47,5,0,0,1,0,2,35,73,0.03849923533077041,200000
4091,7387.49,4,46,4.252,0.05,4,23,5,0,1,1,0,0,4,6,0.038148705412269286,200000
4092,7387.58,0,6,-5.732,0.05,0,2,0,0,1,1,0,0,1,1,0.057236041873693466,200000
4093,7388.58,4,68,3.588,0.05,4,25,3,0,1,1,0,0,6,9,0.03652321477420628,200000
4094,7389.31,3,49,0.69,0.05,3,20,1,0,1,1,0,1,5,4,0.03347231453398661,200000
4095,7390.35,3,71,1.298,0.05,3,23,5,0,1,1,0,0,6,10,0.03331623868492078,200000
4096,7391.07,2,50,1.308,0.05,2,24,2,0,1,1,0,0,6,8,0.03411587882786989,200000
4097,7391.69,1,42,-0.008,0.05,1,23,1,0,1,1,0,0,5,6,0.03616530424915254,200000
4098,7392.7,2,67,3.046,0.05,2,33,2,0,1,1,0,0,8,14,0.03983627191619642,200000
4099,7393.17,0,32,-2.718,0.05,0,17,0,0,1,1,0,0,4,5,0.03516849415609613,200000
4100,7399.23,5,400,-4.236,0.05,5,41,3,0,0,0,1,0,28,101,0.036073182312538844,200000
4101,7402.72,2,234,-2.844,0.05,2,49,3,0,1,1,0,1,23,51,0.03415713113788356,200000
4102,7405.56,3,188,-1.282,0.05,3,40,2,0,0,1,0,1,21,31,0.03461271691869231,200000
4103,7406.69,2,78,2.96,0.05,2,38,1,0,1,1,0,1,10,14,0.03321076677634548,200000
4104,7407.7,2,68,4.526,0.05,2,38,2,0,1,1,0,0,9,10,0.030540401581674814,200000
4105,7408.01,1,21,-1.486,0.05,1,14,1,0,1,1,0,0,3,5,0.033078916814355624,200000
4106,7408.82,1,55,2.266,0.05,1,33,4,0,1,1,0,0,7,9,0.026466799815270035,200000
4107,7410.51,2,113,-1.6,0.05,2,26,2,0,1,1,0,0,15,22,0.03446890949889754,200000
4108,7410.63,0,8,-4.652,0.05,0,6,2,0,1,1,0,0,1,1,0.02936267899349332,200000
4109,7411.21,0,41,-2.038,0.05,0,21,2,0,1,1,0,0,5,8,0.0360638385684025,200000
4110,7417.35,10,400,4.46,0.05,5,51,4,1,0,0,1,0,31,141,0.035952973265666516,200000
4111,7418.23,2,59,2.646,0.05,2,30,3,0,1,1,0,0,7,9,0.035466188564896584,200000
4112,7419.36,1,76,0.802,0.05,1,32,1,0,1,1,0,0,10,17,0.031539720617920944,200000
4113,7419.47,0,7,-5.8,0.05,0,2,0,0,1,1,0,0,1,2,0.06095930228808096,200000
4114,7421.54,6,142,6.836,0.05,6,40,5,0,1,1,0,0,16,21,0.03734284553440734,200000
4115,7421.82,0,19,-3.794,0.05,0,11,0,0,1,1,0,0,2,3,0.0457611162901709,200000
4116,7422.94,5,76,9.032,0.05,5,43,5,0,1,1,0,1,10,12,0.03920820170376254,200000
4117,7426.29,3,227,1.232,0.05,3,56,4,0,1,1,0,1,23,43,0.03728695025478822,200000
4118,7427.23,2,64,2.662,0.05,2,31,5,0,0,1,0,0,7,13,0.03803323578904383,200000
4119,7433.02,2,400,-10.142,0.05,2,40,3,0,0,0,1,2,37,72,0.034722024545772,200000
4120,7435.91,4,194,7.416,0.05,4,62,4,0,1,1,0,0,20,26,0.03652474761834925,200000
4121,7436.87,1,66,0.784,0.05,1,30,3,0,1,1,0,0,9,18,0.04029150355155721,200000
4122,7443.08,3,400,-5.86,0.05,3,44,2,0,0,0,1,0,26,113,0.0366174745245371,200000
4123,7443.18,0,7,-5.482,0.05,0,3,0,0,1,1,0,0,1,2,0.02286520673494254,200000
4124,7443.47,0,20,-4.406,0.05,0,9,0,0,1,1,0,0,3,8,0.036418900988064704,200000
4125,7447.96,4,296,-5.156,0.05,4,40,3,0,1,1,0,0,26,56,0.03815912270314387,200000
4126,7454.28,3,400,-3.21,0.05,3,54,3,0,0,0,1,0,32,161,0.03928054830757901,200000
4127,7459.63,3,365,-7.398,0.05,3,50,3,0,1,1,0,0,39,92,0.03629077981060294,200000
4128,7460.15,0,35,-4.386,0.05,0,12,1,0,1,1,0,0,4,7,0.024894377842013326,200000
4129,7461.73,5,107,4.394,0.05,5,30,5,0,1,1,0,0,13,12,0.03525334138370981,200000
4130,7463.94,0,148,-0.72,0.05,0,46,2,0,0,1,0,0,17,23,0.03840509002298318,200000
4131,7464.04,0,7,-5.79,0.05,0,2,0,0,1,1,0,0,1,0,0.03810250932084663,200000
4132,7469.83,4,376,-6.34,0.05,4,52,4,0,1,1,0,0,32,121,0.03418532979273376,200000
4133,7470.78,1,65,-0.976,0.05,1,24,2,0,1,1,0,0,8,15,0.03471269186299581,200000
4134,7471.95,2,81,2.574,0.05,2,34,2,0,1,1,0,0,11,15,0.039049257133386014,200000
4135,7478.03,2,400,-6.496,0.05,2,46,4,0,0,0,1,0,34,121,0.040067219926277174,200000
4136,7478.58,1,38,-2.168,0.05,1,15,1,0,1,1,0,0,4,6,0.027893676594095796,200000
4137,7478.96,0,26,-3.866,0.05,0,12,1,0,1,1,0,0,3,8,0.041060836878246985,200000
4138,7479.58,1,43,-3.378,0.05,1,12,1,0,1,1,0,0,4,7,0.04438101396311161,200000
4139,7482.92,5,228,3.156,0.05,5,56,7,0,1,1,0,2,24,25,0.03435437093905516,200000
4140,7485.1,4,149,5.574,0.05,4,47,3,0,1,1,0,0,19,16,0.0333795949204156,200000
4141,7485.75,1,44,-0.736,0.05,1,21,1,0,1,1,0,0,4,7,0.04005604252134534,200000
4142,7486.25,1,35,-0.18,0.05,1,21,1,0,1,1,0,0,5,5,0.037239688741309306,200000
4143,7487.82,3,106,5.044,0.05,3,42,3,0,1,1,0,0,13,17,0.03748126134698121,200000
4144,7488.7,1,60,-0.414,0.05,1,25,3,0,1,1,0,0,8,10,0.033297789841890336,200000
4145,7489.38,1,46,-0.502,0.05,1,22,2,0,1,1,0,0,6,7,0.03398004453629255,200000
4146,7495.21,4,400,-5.764,0.05,4,41,2,0,0,0,1,1,36,102,0.03618685918161645,200000
4147,7497.09,3,126,2.702,0.05,3,38,2,0,1,1,0,0,14,17,0.03310540006200354,200000
4148,7497.87,1,53,-0.112,0.05,1,28,3,0,1,1,0,1,7,12,0.042698762203865454,200000
4149,7499.17,1,87,0.04,0.05,1,36,2,0,1,1,0,1,10,23,0.03260008308329973,200000
4150,7500.79,3,111,5.052,0.05,3,43,3,0,1,1,0,0,12,14,0.037362526208665724,200000
4151,7502.42,2,110,5.116,0.05,2,48,3,0,1,1,0,0,13,14,0.042252938203852286,200000
4152,7502.83,0,28,-3.968,0.05,0,12,0,0,1,1,0,0,4,7,0.038449742565197606,200000
4153,7503.18,0,24,-3.446,0.05,0,13,0,0,1,1,0,0,3,5,0.0388146738599365,200000
4154,7504.97,2,119,2.684,0.05,2,45,2,0,1,1,0,1,14,30,0.037575940836314894,200000
4155,7505.89,0,63,0.294,0.05,0,33,0,0,1,1,0,0,8,11,0.03691112805926611,200000
4156,7509.0,3,207,-3.866,0.05,3,32,3,0,1,1,0,0,18,47,0.039726382411638464,200000
4157,7514.91,3,400,-9.714,0.05,3,36,4,0,0,0,1,1,35,75,0.035675122258253394,200000
4158,7519.4,2,299,-12.82,0.05,2,27,4,0,1,1,0,0,19,56,0.03826054920719619,200000
4159,7519.86,1,32,-2.708,0.05,1,12,2,0,1,1,0,0,4,8,0.03250107419444248,200000
4160,7519.96,0,7,-5.182,0.05,0,4,1,0,1,1,0,0,1,1,0.03645451579775129,200000
4161,7521.12,3,79,2.946,0.05,3,30,3,0,1,1,0,0,10,15,0.03354512910724063,200000
4162,7521.22,0,7,-4.882,0.05,0,5,0,0,1,1,0,0,1,2,0.01666301448962518,200000
4163,7521.68,2,32,0.592,0.05,2,18,3,0,1,1,0,0,4,9,0.03201099915895611,200000
4164,7522.7,2,69,2.666,0.05,2,32,1,0,1,1,0,0,8,11,0.03476087109901119,200000
4165,7523.93,3,82,5.132,0.05,3,41,4,0,1,1,0,1,11,11,0.03883470690286741,200000
4166,7530.0,7,400,-4.298,0.05,2,39,3,1,0,0,1,0,38,107,0.03405016806093045,200000
4167,7530.37,0,26,-3.876,0.05,0,12,1,0,1,1,0,0,3,8,0.03427943444022766,200000
4168,7530.48,0,7,-4.582,0.05,0,6,1,0,1,1,0,0,1,3,0.03195674970213856,200000
4169,7530.56,0,6,-5.422,0.05,0,3,0,0,1,1,0,0,1,3,0.033157200552523136,200000
4170,7531.77,2,82,0.806,0.05,2,35,1,0,1,1,0,2,10,12,0.035788196468407786,200000
4171,7532.95,3,80,5.948,0.05,3,40,3,0,1,1,0,0,10,13,0.032151176052866506,200000
4172,7539.01,0,400,-11.216,0.05,0,40,0,0,0,0,1,0,38,84,0.034942997575271875,200000
4173,7540.19,2,81,3.522,0.05,2,37,2,0,1,1,0,0,11,13,0.03712327935859377,200000
4174,7542.7,4,171,6.318,0.05,4,57,4,0,1,1,0,1,20,20,0.036108609664727724,200000
4175,7545.16,8,167,11.96,0.05,3,60,3,1,1,1,0,0,20,28,0.03609072438491408,200000
4176,7545.53,1,25,-2.016,0.05,1,13,1,0,1,1,0,0,3,4,0.0414425241202116,200000
4177,7551.11,7,386,-6.682,0.05,2,48,2,1,1,1,0,1,41,108,0.03392606672536524,200000
4178,7551.63,0,36,-2.378,0.05,0,19,0,0,1,1,0,0,5,8,0.04050206837968694,200000
4179,7553.91,4,154,1.626,0.05,4,35,3,0,1,1,0,0,18,16,0.03777841562647131,200000
4180,7555.03,2,76,3.424,0.05,2,36,3,0,1,1,0,0,9,7,0.03560164944562865,200000
4181,7557.29,1,152,4.428,0.05,1,59,3,0,1,1,0,0,17,24,0.029801730912080722,200000
4182,7557.78,0,33,-2.168,0.05,0,19,0,0,1,1,0,0,4,5,0.040709696117449894,200000
4183,7559.97,2,145,0.06,0.05,2,38,3,0,1,1,0,0,16,29,0.045129860462299706,200000
4184,7564.33,5,299,-4.28,0.05,5,38,4,0,0,1,0,0,31,62,0.03679385069714093,200000
4185,7565.61,4,86,5.608,0.05,4,35,6,0,1,1,0,0,11,13,0.03827479397228291,200000
4186,7565.71,0,7,-5.482,0.05,0,3,0,0,1,1,0,0,1,2,0.019435536715068986,200000
4187,7566.01,0,20,-4.416,0.05,0,9,0,0,1,1,0,0,3,8,0.02935863216407597,200000
4188,7566.24,0,16,-6.012,0.05,0,3,0,0,1,1,0,0,2,4,0.041108010918833315,200000
4189,7567.71,2,99,4.16,0.05,2,46,1,0,1,1,0,1,13,15,0.03759177930352062,200000
4190,7567.79,0,6,-5.73,0.05,0,2,0,0,1,1,0,0,1,1,0.029323538454870384,200000
4191,7568.47,1,46,-1.72,0.05,1,18,0,0,1,1,0,0,6,4,0.036022585512989244,200000
4192,7569.09,0,42,-2.39,0.05,0,20,0,0,1,1,0,0,5,7,0.04612416776251935,200000
4193,7569.73,1,44,-1.608,0.05,1,18,1,0,1,1,0,0,5,6,0.028948258587413213,200000
4194,7573.72,4,265,-0.684,0.05,4,49,3,0,1,1,0,0,23,78,0.03525618066273208,200000
4195,7574.22,0,34,-3.536,0.05,0,15,0,0,1,1,0,0,4,9,0.036788317594019807,200000
4196,7574.3,0,6,-5.422,0.05,0,3,0,0,1,1,0,0,1,3,0.038492718866715826,200000
4197,7575.18,1,60,-0.43,0.05,1,25,2,0,1,1,0,0,7,9,0.038187599981514116,200000
4198,7576.16,1,66,3.134,0.05,1,38,3,0,1,1,0,0,8,11,0.041894480317943926,200000
4199,7576.38,0,16,-4.194,0.05,0,9,2,0,1,1,0,0,2,3,0.03809558704961091,200000
4200,7577.19,3,55,0.23,0.05,3,17,3,0,1,1,0,0,6,15,0.028238938393240626,200000
4201,7577.91,0,49,-0.954,0.05,0,26,0,0,1,1,0,0,7,16,0.03748327439498841,200000
4202,7579.08,3,80,5.022,0.05,3,37,6,0,1,1,0,0,9,9,0.040249060140922666,200000
4203,7580.12,1,71,1.364,0.05,1,33,1,0,1,1,0,0,9,17,0.032007470228512525,200000
4204,7580.53,0,28,-3.376,0.05,0,14,0,0,1,1,0,0,4,7,0.04918230847189469,200000
4205,7581.5,2,66,1.036,0.05,2,26,3,0,1,1,0,0,8,12,0.037190948528322304,200000
4206,7583.33,3,122,3.142,0.05,3,42,1,0,0,1,0,1,14,30,0.039779093463859355,200000
4207,7586.36,4,209,-5.488,0.05,4,35,2,0,0,1,0,4,22,39,0.03972960664538676,200000
4208,7587.75,2,94,2.234,0.05,2,42,1,0,1,1,0,2,12,15,0.037612274913315445,200000
4209,7588.5,1,51,1.588,0.05,1,30,2,0,1,1,0,0,6,8,0.03510087957678765,200000
4210,7589.4,1,61,-1.694,0.05,1,21,2,0,1,1,0,0,6,10,0.03553219014381776,200000
4211,7590.22,0,56,-1.152,0.05,0,27,2,0,1,1,0,0,6,10,0.045636777533218265,200000
4212,7591.0,2,53,0.596,0.05,2,22,3,0,1,1,0,0,7,12,0.039940307953588244,200000
4213,7593.84,8,197,3.832,0.05,3,42,3,1,1,1,0,1,23,32,0.04069151584210281,200000
4214,7599.67,5,400,-3.584,0.05,5,47,4,0,0,0,1,2,33,84,0.036570887664565815,200000
4215,7600.27,1,40,-0.16,0.05,1,22,2,0,1,1,0,0,5,10,0.03704504247289151,200000
4216,7600.63,0,25,-2.326,0.05,0,17,1,0,1,1,0,0,3,2,0.036688357293605804,200000
4217,7601.4,1,52,0.548,0.05,1,30,2,0,1,1,0,1,7,11,0.040089952580344215,200000
4218,7601.86,0,32,-2.408,0.05,0,18,0,0,1,1,0,0,4,6,0.039157303486717865,200000
4219,7603.45,1,109,1.554,0.05,1,41,4,0,1,1,0,0,13,17,0.037094503718026736,200000
4220,7606.22,3,190,-0.404,0.05,3,40,3,0,1,1,0,0,19,27,0.035190792119522626,200000
4221,7607.36,2,78,1.274,0.05,2,29,2,0,1,1,0,0,10,14,0.03660932459080449,200000
4222,7608.64,1,87,1.958,0.05,1,38,1,0,1,1,0,0,11,16,0.03166006694965322,200000
4223,7608.71,0,5,-5.362,0.05,0,3,0,0,1,1,0,0,1,3,0.02395365796983242,200000
4224,7612.47,13,251,2.574,0.05,3,35,3,2,1,1,0,2,26,78,0.04013444074945324,200000
4225,7612.79,0,22,-3.964,0.05,0,11,0,0,1,1,0,0,3,3,0.037522431632334534,200000
4226,7617.33,4,320,-2.856,0.05,4,53,3,0,1,1,0,0,29,44,0.036075634916778655,200000
4227,7618.86,4,103,3.388,0.05,4,31,2,0,1,1,0,0,11,16,0.034287107733159676,200000
4228,7619.38,0,35,-3.18,0.05,0,16,1,0,1,1,0,0,5,10,0.03413219350789275,200000
4229,7619.48,0,7,-4.882,0.05,0,5,0,0,1,1,0,0,1,1,0.022193380764552524,200000
4230,7624.65,3,341,-10.946,0.05,3,39,2,0,1,1,0,1,27,77,0.03634457263270737,200000
4231,7624.75,0,7,-5.8,0.05,0,2,1,0,1,1,0,0,1,2,0.042343084035175185,200000
4232,7628.1,2,222,0.624,0.05,2,58,2,0,1,1,0,1,23,40,0.03511722662972773,200000
4233,7628.2,0,7,-4.582,0.05,0,6,1,0,1,1,0,0,1,2,0.04745054191776684,200000
4234,7634.08,4,400,-6.872,0.05,4,41,4,0,0,0,1,2,33,82,0.03338661539717577,200000
4235,7634.16,0,5,-5.362,0.05,0,3,0,0,1,1,0,0,1,3,0.02887844629585743,200000
4236,7634.25,0,6,-5.43,0.05,0,3,0,0,1,1,0,0,1,1,0.03772134271760782,200000
4237,7634.97,0,49,-6.948,0.05,0,13,0,0,0,1,0,2,5,11,0.04330389986612967,200000
4238,7635.44,1,32,-1.228,0.05,1,17,1,0,1,1,0,0,4,4,0.03648957540281117,200000
4239,7637.02,4,108,6.026,0.05,4,41,2,0,1,1,0,0,12,24,0.039097833869702836,200000
4240,7637.85,2,56,3.098,0.05,2,31,3,0,1,1,0,0,6,5,0.03464864766491311,200000
4241,7638.25,2,28,-0.396,0.05,2,14,2,0,1,1,0,0,3,7,0.029346349216731533,200000
4242,7639.53,2,87,3.136,0.05,2,37,2,0,1,1,0,0,11,14,0.03580833100125022,200000
4243,7641.11,3,106,5.258,0.05,3,43,2,0,1,1,0,0,12,8,0.040331238634743784,200000
4244,7641.59,2,34,0.772,0.05,2,19,2,0,1,1,0,0,4,8,0.03240619805257987,200000
4245,7647.05,4,372,-6.384,0.05,4,50,4,0,1,1,0,0,39,68,0.03662666499299268,200000
4246,7648.15,2,74,4.782,0.05,2,40,4,0,1,1,0,0,9,11,0.029290546260371402,200000
4247,7651.61,3,235,0.078,0.05,3,50,3,0,1,1,0,0,26,47,0.03588393739959661,200000
4248,7652.54,1,63,0.914,0.05,1,30,2,0,1,1,0,0,8,16,0.041344140035410724,200000
4249,7653.44,1,61,-1.392,0.05,1,22,2,0,1,1,0,0,8,8,0.03408280332557491,200000
4250,7653.72,0,19,-3.474,0.05,0,12,1,0,1,1,0,0,2,3,0.05235606657439157,200000
4251,7657.15,5,238,3.642,0.05,5,53,5,0,1,1,0,0,22,30,0.03974536310161362,200000
4252,7659.18,3,137,-0.968,0.05,3,38,3,0,0,1,0,3,15,22,0.03738908666478347,200000
4253,7665.22,0,400,-9.718,0.05,0,45,0,0,0,0,1,0,35,125,0.03754983676946722,200000
4254,7666.31,2,74,2.316,0.05,2,32,3,0,1,1,0,0,8,12,0.043968679760960305,200000
4255,7667.09,2,54,0.21,0.05,2,21,1,0,1,1,0,0,6,11,0.03780443545568873,200000
4256,7667.21,0,8,-5.552,0.05,0,3,0,0,1,1,0,0,1,1,0.04151312867179513,200000
4257,7667.32,0,8,-4.672,0.05,0,6,1,0,1,1,0,0,1,3,0.05981469841208309,200000
4258,7668.23,1,62,0.636,0.05,1,29,2,0,1,1,0,0,8,10,0.04723453330206535,200000
4259,7669.06,2,56,1.56,0.05,2,26,2,0,1,1,0,0,7,15,0.041094206722586284,200000
4260,7670.22,2,79,3.324,0.05,2,36,4,0,1,1,0,0,10,11,0.03922837897192074,200000
4261,7670.52,0,20,-5.316,0.05,0,6,1,0,1,1,0,0,3,6,0.03578656311146915,200000
4262,7671.02,0,34,-3.744,0.05,0,14,1,0,1,1,0,0,4,5,0.04205640495809562,200000
4263,7676.44,9,361,-4.366,0.05,4,39,2,1,1,1,0,0,24,169,0.03476430728665225,200000
4264,7682.58,1,400,-9.832,0.05,1,41,1,0,0,0,1,0,25,107,0.03524320823373273,200000
4265,7688.73,2,400,-8.52,0.05,2,39,3,0,0,0,1,0,31,129,0.03561822724062949,200000
4266,7688.81,0,5,-5.372,0.05,0,3,0,0,1,1,0,0,1,0,0.040233677998185155,200000
4267,7689.11,0,21,-4.486,0.05,0,9,0,0,1,1,0,0,3,6,0.029946660268164817,200000
4268,7690.26,3,79,3.544,0.05,3,32,4,0,1,1,0,0,9,11,0.03241861165984522,200000
4269,7690.57,1,21,-2.076,0.05,1,12,2,0,1,1,0,0,3,7,0.03960255666502884,200000
4270,7692.8,3,150,2.132,0.05,3,41,3,0,0,1,0,0,16,17,0.03243065133690834,200000
4271,7698.96,2,400,-5.194,0.05,2,51,3,0,0,0,1,0,24,180,0.039698201490100476,200000
4272,7705.13,1,400,-5.036,0.05,1,56,2,0,0,0,1,0,29,160,0.03615319139091298,200000
4273,7711.27,2,400,-8.12,0.05,2,41,1,0,0,0,1,0,27,133,0.041560539384372534,200000
4274,7712.48,4,83,4.742,0.05,4,36,4,0,0,1,0,1,10,25,0.03851136730714555,200000
4275,7718.58,1,400,-10.454,0.05,1,40,1,0,0,0,1,0,30,105,0.03569286847952753,200000
4276,7719.67,2,73,3.952,0.05,2,37,2,0,1,1,0,0,9,10,0.04266575931201447,200000
4277,7720.58,0,62,-2.434,0.05,0,27,0,0,1,1,0,1,7,8,0.03438879297144951,200000
4278,7720.67,0,6,-5.422,0.05,0,3,1,0,1,1,0,0,1,3,0.028323326570292313,200000
4279,7725.2,3,299,-9.5,0.05,3,34,1,0,1,1,0,1,30,81,0.04060654454618493,200000
4280,7726.49,3,87,5.172,0.05,3,39,4,0,1,1,0,0,10,8,0.03662358775692082,200000
4281,7731.36,4,320,-8.464,0.05,4,34,4,0,1,1,0,0,22,112,0.03359298735595075,200000
4282,7734.35,4,204,3.872,0.05,4,55,3,0,1,1,0,1,25,40,0.039249698896253224,200000
4283,7740.3,3,400,-3.06,0.05,3,53,7,0,0,0,1,0,22,106,0.03391285347170196,200000
4284,7742.19,6,128,4.99,0.05,6,31,4,0,1,1,0,0,14,20,0.035063246796198655,200000
4285,7743.25,2,73,4.85,0.05,2,40,3,0,1,1,0,0,10,7,0.031056556582757053,200000
4286,7743.68,1,29,-2.236,0.05,1,13,2,0,1,1,0,0,4,10,0.03382586418040868,200000
4287,7749.06,3,350,-11.4,0.05,3,35,2,0,1,1,0,0,26,124,0.03906889569945633,200000
4288,7749.36,0,21,-5.076,0.05,0,7,0,0,1,1,0,0,3,8,0.04896576613897369,200000
4289,7749.88,0,35,-4.07,0.05,0,13,0,0,1,1,0,0,5,10,0.03532119217727866,200000
4290,7750.65,2,52,0.636,0.05,2,22,3,0,1,1,0,0,6,9,0.03221903016002706,200000
4291,7751.07,0,29,-2.836,0.05,0,16,1,0,1,1,0,0,4,7,0.036974375842717185,200000
4292,7752.61,3,105,2.296,0.05,3,36,3,0,1,1,0,1,11,12,0.03550538464582392,200000
4293,7753.04,0,30,-4.398,0.05,0,11,0,0,1,1,0,0,4,9,0.03457887436573704,200000
4294,7753.41,0,25,-3.226,0.05,0,14,0,0,1,1,0,0,3,4,0.023614314384758472,200000
4295,7754.59,2,80,-1.996,0.05,2,22,2,0,1,1,0,1,10,16,0.03621935101691633,200000
4296,7754.66,0,5,-5.662,0.05,0,2,0,0,1,1,0,0,1,1,0.057370517402887344,200000
4297,7755.47,2,55,2.266,0.05,2,28,5,0,1,1,0,0,7,7,0.03698478374122219,200000
4298,7755.56,0,6,-5.422,0.05,0,3,0,0,1,1,0,0,1,3,0.01995388480524222,200000
4299,7758.18,4,176,3.074,0.05,4,44,4,0,1,1,0,0,21,27,0.039209105487150904,200000
4300,7758.39,0,14,-4.974,0.05,0,6,1,0,1,1,0,0,2,5,0.0471424206293055,200000
4301,7758.68,0,20,-4.764,0.05,0,8,1,0,1,1,0,0,2,5,0.03210415318608284,200000
4302,7758.8,0,8,-4.642,0.05,0,6,1,0,1,1,0,0,1,1,0.033091990975663066,200000
4303,7759.63,0,56,0.408,0.05,0,32,1,0,1,1,0,0,6,10,0.028533436682274833,200000
4304,7761.08,2,99,3.332,0.05,2,40,2,0,1,1,0,0,10,21,0.03769192721393674,200000
4305,7762.01,0,63,0.606,0.05,0,34,1,0,1,1,0,0,7,9,0.03706636905137982,200000
4306,7763.19,4,81,3.472,0.05,4,27,4,0,1,1,0,0,9,16,0.035762041393253535,200000
4307,7764.42,4,83,7.57,0.05,4,41,5,0,1,1,0,0,10,15,0.04024724789098444,200000
4308,7765.22,3,54,2.59,0.05,3,24,3,0,1,1,0,0,6,6,0.03512292391517096,200000
4309,7765.9,2,46,2.778,0.05,2,28,2,0,1,1,0,0,6,7,0.03584328101461996,200000
4310,7769.58,1,245,-5.868,0.05,1,43,1,0,1,1,0,0,23,44,0.03742278184817762,200000
4311,7769.89,0,21,-4.184,0.05,0,10,0,0,1,1,0,0,3,7,0.025617357875619615,200000
4312,7770.91,1,69,1.184,0.05,1,32,2,0,1,1,0,0,9,10,0.03566574617086545,200000
4313,7773.22,2,154,1.652,0.05,2,45,3,0,1,1,0,0,16,33,0.036089571011434125,200000
4314,7774.26,2,71,2.856,0.05,2,33,2,0,1,1,0,0,9,16,0.040272203260953994,200000
4315,7780.26,1,400,-7.986,0.05,1,46,2,0,0,0,1,0,32,126,0.03860667919158004,200000
4316,7781.55,2,87,-0.262,0.05,2,26,3,0,1,1,0,0,6,8,0.04062181393262641,200000
4317,7781.86,1,21,-1.476,0.05,1,14,2,0,1,1,0,0,3,7,0.02525730799174025,200000
4318,7783.12,1,86,0.432,0.05,1,36,2,0,0,1,0,1,11,16,0.032446244807350776,200000
4319,7783.19,0,5,-5.062,0.05,0,4,1,0,1,1,0,0,1,3,0.03440127409994602,200000
4320,7784.11,1,62,2.506,0.05,1,35,1,0,1,1,0,0,8,12,0.03748385675792252,200000
4321,7786.45,5,158,4.76,0.05,5,41,4,0,1,1,0,0,17,21,0.036295457919941675,200000
4322,7787.78,3,90,3.272,0.05,3,33,5,0,1,1,0,0,10,14,0.04405385468982988,200000
4323,7788.78,0,68,1.514,0.05,0,38,0,0,1,1,0,0,9,10,0.031550595208125955,200000
4324,7790.62,3,124,3.236,0.05,3,43,2,0,0,1,0,1,15,17,0.033967243556323794,200000
4325,7794.67,5,266,0.18,0.05,5,47,5,0,1,1,0,0,25,63,0.03389673777225714,200000
4326,7795.51,5,57,2.62,0.05,0,23,0,1,1,1,0,0,7,10,0.04028386542606249,200000
4327,7795.84,0,23,-4.286,0.05,0,10,0,0,1,1,0,0,3,4,0.033566429482206055,200000
4328,7801.68,2,400,-11.028,0.05,2,47,2,0,0,0,1,5,34,83,0.0375875072425697,200000
4329,7803.13,1,99,0.568,0.05,1,39,1,0,1,1,0,1,11,17,0.03905543293615784,200000
4330,7803.68,0,38,-3.35,0.05,0,16,0,0,1,1,0,0,5,5,0.036320490125370655,200000
4331,7804.15,1,32,-0.618,0.05,1,19,2,0,1,1,0,0,4,6,0.02804329988430254,200000
4332,7805.96,5,121,5.34,0.05,5,36,4,0,1,1,0,0,14,17,0.04105475706564001,200000
4333,7807.36,4,96,4.7,0.05,4,34,6,0,0,1,0,0,10,11,0.0336891098607642,200000
4334,7813.49,3,400,-5.414,0.05,3,44,5,0,0,0,1,0,34,129,0.03727460412075743,200000
4335,7813.56,0,5,-5.062,0.05,0,4,0,0,1,1,0,0,1,4,0.021741765178740026,200000
4336,7814.21,0,44,-3.092,0.05,0,18,0,0,1,1,0,0,6,10,0.0341060192916881,200000
4337,7815.38,1,79,1.194,0.05,1,34,2,0,1,1,0,0,9,15,0.031172715233568148,200000
4338,7815.59,0,15,-4.754,0.05,0,7,0,0,1,1,0,0,2,3,0.03357834064712127,200000
4339,7815.94,0,24,-3.164,0.05,0,14,1,0,1,1,0,0,3,5,0.03646638977807015,200000
4340,7816.52,2,39,1.99,0.05,2,24,3,0,1,1,0,0,5,9,0.035401060890692934,200000
4341,7822.55,4,400,-3.918,0.05,4,48,6,0,0,0,1,1,29,119,0.036956827809335666,200000
4342,7828.34,1,384,-12.846,0.05,1,53,1,0,1,1,0,2,35,80,0.03865552974093589,200000
4343,7828.56,0,15,-5.334,0.05,0,5,0,0,1,1,0,0,2,5,0.030980976888289054,200000
4344,7829.37,2,54,2.92,0.05,2,30,3,0,1,1,0,0,6,9,0.039659412284554156,200000
4345,7829.44,0,5,-5.362,0.05,0,3,0,0,1,1,0,0,1,3,0.04258501846343279,200000
4346,7835.61,3,400,-4.962,0.05,3,46,3,0,0,0,1,0,34,102,0.03711314017185941,200000
4347,7839.01,3,222,-1.996,0.05,3,41,4,0,1,1,0,0,24,61,0.03757762352449333,200000
4348,7839.49,1,33,-2.288,0.05,1,17,1,0,0,1,0,1,4,7,0.037830166405800614,200000
4349,7839.82,0,23,-2.496,0.05,0,16,0,0,1,1,0,0,3,6,0.04372700988112584,200000
4350,7840.42,2,41,-0.238,0.05,2,17,1,0,1,1,0,0,5,9,0.03853351329794017,200000
4351,7841.37,1,64,-1.306,0.05,1,23,0,0,1,1,0,0,8,14,0.04065282594820019,200000
4352,7842.17,2,54,2.556,0.05,2,29,3,0,1,1,0,0,7,7,0.034418570498625435,200000
4353,7842.82,3,44,2.6,0.05,3,22,3,0,1,1,0,0,6,6,0.029557737087915568,200000
4354,7844.17,2,92,2.85,0.05,2,37,4,0,1,1,0,0,11,16,0.03804451694367859,200000
4355,7844.48,1,22,-1.536,0.05,1,14,1,0,1,1,0,0,3,2,0.03462750689041885,200000
4356,7844.58,0,7,-5.782,0.05,0,2,0,0,1,1,0,0,1,2,0.03153228506978069,200000
4357,7846.56,1,134,-0.944,0.05,1,44,3,0,1,1,0,2,16,27,0.03559391648133299,200000
4358,7846.86,0,21,-4.492,0.05,0,9,0,0,1,1,0,0,3,3,0.0373309858232027,200000
4359,7850.26,3,226,0.826,0.05,3,51,4,0,1,1,0,0,24,45,0.03301574431145481,200000
4360,7856.04,4,399,-2.756,0.05,4,58,5,0,0,0,1,3,31,103,0.03389457712664192,200000
4361,7856.14,0,7,-5.5,0.05,0,3,0,0,1,1,0,0,1,2,0.053653740723218234,200000
4362,7860.93,4,327,-8.624,0.05,4,34,3,0,1,1,0,0,35,55,0.03593868860655923,200000
4363,7862.06,3,76,4.99,0.05,3,36,2,0,1,1,0,0,10,14,0.03635393020598904,200000
4364,7868.14,4,400,-4.302,0.05,4,43,4,0,0,0,1,0,35,110,0.038223239743383604,200000
4365,7869.88,3,119,5.826,0.05,3,47,4,0,1,1,0,0,14,14,0.0354624620223997,200000
4366,7869.97,0,6,-5.722,0.05,0,2,0,0,1,1,0,0,1,3,0.03829365409910679,200000
4367,7870.85,1,60,0.486,0.05,1,28,1,0,1,1,0,0,8,10,0.033355057674149674,200000
4368,7873.42,6,172,10.262,0.05,6,57,6,0,1,1,0,0,19,33,0.03588293884815865,200000
4369,7873.92,1,34,-3.156,0.05,1,11,1,0,1,1,0,0,4,8,0.030655402690172195,200000
4370,7874.46,0,37,-3.288,0.05,0,16,0,0,1,1,0,0,5,4,0.040545183938701414,200000
4371,7876.06,4,109,3.91,0.05,4,34,2,0,1,1,0,0,10,19,0.03810401052373265,200000
4372,7876.15,0,6,-5.422,0.05,0,3,0,0,1,1,0,0,1,4,0.04808489062512914,200000
4373,7877.83,2,114,2.056,0.05,2,39,3,0,0,1,0,0,13,18,0.037365361288385954,200000
4374,7878.28,0,31,-4.484,0.05,0,11,1,0,1,1,0,0,4,5,0.033135917848877365,200000
4375,7878.99,1,48,0.24,0.05,1,25,2,0,1,1,0,0,5,5,0.038921816526756935,200000
4376,7881.44,5,164,3.43,0.05,5,38,3,0,1,1,0,0,16,19,0.034062341786921024,200000
4377,7882.45,6,68,5.542,0.05,1,33,1,1,1,1,0,1,9,11,0.04220756789778962,200000
4378,7882.89,0,30,-2.896,0.05,0,16,0,0,1,1,0,0,4,5,0.02975824549794197,200000
4379,7884.09,1,81,2.306,0.05,1,38,1,0,1,1,0,0,10,14,0.0325623317219225,200000
4380,7886.78,1,179,1.314,0.05,1,54,3,0,1,1,0,0,18,43,0.03417611679884309,200000
4381,7886.99,0,14,-3.784,0.05,0,10,1,0,1,1,0,0,2,1,0.03508411640567439,200000
4382,7889.86,3,195,-1.062,0.05,3,42,2,0,1,1,0,1,21,27,0.036774319071227156,200000
4383,7891.13,0,85,-1.506,0.05,0,31,1,0,1,1,0,0,11,15,0.03555644270690048,200000
4384,7891.78,1,44,0.518,0.05,1,25,2,0,1,1,0,0,6,8,0.04115715411237695,200000
4385,7892.49,3,48,2.36,0.05,3,22,3,0,1,1,0,0,6,7,0.03126556311811631,200000
4386,7894.19,1,116,0.224,0.05,1,38,3,0,1,1,0,0,13,17,0.03654173376231358,200000
4387,7894.53,0,23,-3.114,0.05,0,14,0,0,1,1,0,0,3,4,0.036773756470369255,200000
4388,7895.39,7,59,7.334,0.05,2,29,3,1,1,1,0,0,8,9,0.04404023883201308,200000
4389,7897.12,3,117,3.412,0.05,3,42,3,0,1,1,0,1,14,12,0.043231791052489706,200000
4390,7903.17,2,400,-8.45,0.05,2,42,5,0,0,0,1,0,34,97,0.035991675347322595,200000
4391,7909.47,2,400,-7.014,0.05,2,44,3,0,0,0,1,0,38,71,0.03810595019487664,200000
4392,7909.55,0,6,-5.722,0.05,0,2,1,0,1,1,0,0,1,3,0.026208901156981785,200000
4393,7915.76,2,400,-9.588,0.05,2,39,3,0,0,0,1,0,24,168,0.03814475715393201,200000
4394,7916.06,0,21,-3.884,0.05,0,11,1,0,1,1,0,0,3,5,0.039371468126773834,200000
4395,7920.97,1,328,-12.198,0.05,1,38,5,0,1,1,0,0,24,56,0.03822287736835367,200000
4396,7921.43,1,32,-1.808,0.05,1,15,1,0,1,1,0,0,4,7,0.031034889310831204,200000
4397,7921.8,1,25,-2.326,0.05,1,12,1,0,1,1,0,0,3,2,0.03360373988747597,200000
4398,7922.99,3,81,3.814,0.05,3,33,4,0,1,1,0,0,10,20,0.03127336882652692,200000
4399,7924.08,1,74,-1.518,0.05,1,24,2,0,0,1,0,0,9,10,0.03829858331261454,200000
4400,7925.38,2,88,6.038,0.05,2,47,4,0,1,1,0,0,11,7,0.03859389157415452,200000
4401,7927.75,3,161,2.446,0.05,3,44,3,0,1,1,0,0,17,21,0.03811070968842377,200000
4402,7930.93,4,218,1.414,0.05,4,50,3,0,0,1,0,1,21,30,0.0381143254744863,200000
4403,7932.21,4,87,5.7,0.05,4,39,5,0,1,1,0,1,10,11,0.032870526018755876,200000
4404,7932.41,0,14,-4.974,0.05,0,6,1,0,1,1,0,0,2,3,0.030365788244775364,200000
4405,7933.61,2,83,2.652,0.05,2,38,4,0,1,1,0,1,10,21,0.04290125393364803,200000
4406,7933.96,1,24,-2.846,0.05,1,10,1,0,1,1,0,0,3,6,0.0397405459273917,200000
4407,7937.37,3,237,-1.962,0.05,3,44,3,0,1,1,0,0,23,48,0.03397562757983238,200000
4408,7943.5,3,400,-5.448,0.05,3,51,5,0,0,0,1,2,28,169,0.03720124932238832,200000
4409,7944.7,4,81,5.56,0.05,4,34,6,0,1,1,0,0,10,12,0.03703938259018792,200000
4410,7946.19,3,100,3.848,0.05,3,37,2,0,1,1,0,0,10,14,0.0403274045791477,200000
4411,7950.07,2,266,-1.846,0.05,2,55,4,0,1,1,0,0,27,62,0.03477562810259318,200000
4412,7952.5,4,163,5.628,0.05,4,50,1,0,1,1,0,0,18,23,0.033332747358691656,200000
4413,7955.6,5,206,1.096,0.05,5,38,4,0,0,1,0,0,24,52,0.03510880296670117,200000
4414,7957.08,5,101,10.442,0.05,5,49,3,0,1,1,0,0,14,16,0.04029651276195551,200000
4415,7957.55,1,32,-1.518,0.05,1,16,3,0,1,1,0,0,4,8,0.042176056129392236,200000
4416,7960.46,6,199,1.248,0.05,1,41,1,1,1,1,0,0,22,44,0.03925125105493707,200000
4417,7960.77,0,21,-3.876,0.05,0,11,2,0,1,1,0,0,3,5,0.045003995476734074,200000
4418,7962.0,2,83,4.732,0.05,2,45,2,0,1,1,0,1,10,19,0.039263388029782166,200000
4419,7962.09,0,7,-5.49,0.05,0,3,0,0,1,1,0,0,1,0,0.017121455499104092,200000
4420,7962.57,0,33,-2.758,0.05,0,17,0,0,1,1,0,0,4,7,0.028724218775151356,200000
4421,7968.33,6,400,-1.93,0.05,6,46,5,0,0,0,1,1,35,99,0.035432242695242165,200000
4422,7971.51,3,210,-3.058,0.05,3,38,3,0,1,1,0,1,27,37,0.03441084037934031,200000
4423,7971.61,0,7,-5.49,0.05,0,3,0,0,1,1,0,0,1,0,0.025173034385911057,200000
4424,7971.87,0,18,-4.314,0.05,0,9,0,0,1,1,0,0,2,3,0.03483934084781342,200000
4425,7972.64,2,53,-0.002,0.05,2,20,2,0,1,1,0,0,7,14,0.03630262462176242,200000
4426,7973.42,0,53,-1.662,0.05,0,28,1,0,1,1,0,1,7,8,0.034372083684605245,200000
4427,7975.02,9,108,11.76,0.05,4,43,5,1,0,1,0,0,13,20,0.03147531556465698,200000
4428,7976.0,2,66,0.936,0.05,2,29,1,0,1,1,0,1,7,10,0.03518437227290688,200000
4429,7979.98,6,267,-3.472,0.05,1,45,2,1,1,1,0,2,26,53,0.03782964156668508,200000
4430,7982.03,2,137,2.664,0.05,2,45,4,0,1,1,0,0,16,24,0.034986857137894324,200000
4431,7983.74,2,116,1.772,0.05,2,38,2,0,1,1,0,0,14,22,0.03512380016036332,200000
4432,7984.33,1,40,-1.708,0.05,1,17,1,0,1,1,0,0,4,6,0.032669622963294384,200000
4433,7986.11,1,118,0.474,0.05,1,39,4,0,1,1,0,0,14,19,0.035510653610167614,200000
4434,7986.6,1,33,-1.286,0.05,1,17,1,0,1,1,0,0,4,3,0.028070793402465908,200000
4435,7992.64,5,400,-3.776,0.05,5,42,4,0,0,0,1,0,33,115,0.038994838731596246,200000
4436,7994.42,2,119,3.58,0.05,2,48,4,0,0,1,0,1,12,21,0.03587245985380366,200000
4437,7995.57,4,79,6.826,0.05,4,38,2,0,1,1,0,0,9,10,0.035709852340949484,200000
4438,7997.59,2,136,-0.776,0.05,2,34,2,0,1,1,0,0,14,31,0.037577970484134686,200000
4439,7998.29,2,47,1.518,0.05,2,24,2,0,1,1,0,0,6,7,0.03308026932496974,200000
4440,8001.4,2,210,-0.15,0.05,2,50,2,0,1,1,0,0,23,38,0.03792373517616874,200000
4441,8002.98,4,107,3.494,0.05,4,32,3,0,1,1,0,0,14,21,0.03035933309382646,200000
4442,8003.08,0,7,-4.882,0.05,0,5,2,0,1,1,0,0,1,1,0.05825211852788925,200000
4443,8004.43,5,91,10.118,0.05,5,46,5,0,1,1,0,0,11,12,0.042488405747073035,200000
4444,8004.95,1,36,-2.91,0.05,1,12,1,0,1,1,0,0,5,14,0.037570069518147245,200000
4445,8005.78,1,56,1.912,0.05,1,32,2,0,0,1,0,0,7,11,0.041996487258334776,200000
4446,8005.87,0,6,-5.43,0.05,0,3,0,0,1,1,0,0,1,1,0.027487711670498054,200000
4447,8006.54,0,45,-0.756,0.05,0,26,0,0,1,1,0,0,6,10,0.036966825814710724,200000
4448,8007.29,2,52,0.31,0.05,2,21,2,0,1,1,0,0,6,4,0.0313038443788313,200000
4449,8009.31,2,138,2.214,0.05,2,44,3,0,1,1,0,0,15,17,0.03668837184491365,200000
4450,8010.76,2,98,3.948,0.05,2,42,3,0,1,1,0,0,11,15,0.039041707178159635,200000
4451,8015.21,1,295,-5.644,0.05,1,53,2,0,1,1,0,0,25,86,0.037828032806578836,200000
4452,8017.41,5,149,4.252,0.05,5,41,5,0,1,1,0,1,16,28,0.0398397100276795,200000
4453,8018.17,2,52,0.028,0.05,2,20,3,0,1,1,0,0,6,8,0.0322331919406469,200000
4454,8018.88,0,48,-2.422,0.05,0,21,3,0,1,1,0,0,6,11,0.033535050538678966,200000
4455,8019.74,1,58,1.786,0.05,1,32,1,0,1,1,0,0,7,11,0.0355921929605819,200000
4456,8019.84,0,7,-5.782,0.05,0,2,0,0,1,1,0,0,1,2,0.019531984148280963,200000
4457,8020.44,1,40,-1.06,0.05,1,19,2,0,1,1,0,0,5,9,0.036619625659659504,200000
4458,8021.38,2,64,2.346,0.05,2,30,2,0,1,1,0,0,8,12,0.0330615782586392,200000
4459,8022.03,1,45,-1.652,0.05,1,18,1,0,0,1,0,0,5,10,0.04198328680876229,200000
4460,8022.21,0,12,-4.264,0.05,0,8,1,0,1,1,0,0,2,5,0.02800066163763404,200000
4461,8023.12,4,62,5.468,0.05,4,30,5,0,1,1,0,0,8,9,0.04278534174626393,200000
4462,8023.22,0,7,-5.182,0.05,0,4,0,0,1,1,0,0,1,1,0.030743946986539022,200000
4463,8024.36,2,77,5.82,0.05,2,44,2,0,1,1,0,0,10,12,0.04434005367001156,200000
4464,8024.47,0,8,-4.942,0.05,0,5,0,0,1,1,0,0,1,3,0.025079015409573913,200000
4465,8025.66,4,80,6.822,0.05,4,38,3,0,1,1,0,0,9,9,0.039647511125076564,200000
4466,8026.42,2,52,1.266,0.05,2,24,4,0,1,1,0,0,7,8,0.035422049659805804,200000
4467,8027.66,1,85,2.642,0.05,1,40,1,0,1,1,0,0,10,21,0.04321591725901646,200000
4468,8027.76,0,7,-5.49,0.05,0,3,0,0,1,1,0,0,1,0,0.04217926412820816,200000
4469,8033.53,2,398,-12.24,0.05,2,49,5,0,1,1,0,1,39,83,0.03468352775253243,200000
4470,8033.64,0,7,-4.592,0.05,0,6,0,0,1,1,0,0,1,0,0.05585305166563818,200000
4471,8034.47,1,56,-1.982,0.05,1,19,1,0,1,1,0,0,7,7,0.03131066907995513,200000
4472,8035.91,2,97,3.156,0.05,2,39,5,0,1,1,0,0,12,13,0.03338256159547678,200000
4473,8037.01,6,75,7.632,0.05,1,38,1,1,1,1,0,0,10,14,0.03555144004523754,200000
4474,8037.39,1,26,-2.684,0.05,1,11,1,0,1,1,0,0,3,10,0.053549713240219995,200000
4475,8041.08,4,253,0.476,0.05,4,50,4,0,1,1,0,0,27,60,0.036869271238713634,200000
4476,8045.42,4,282,-5.942,0.05,4,41,6,0,0,1,0,2,25,97,0.03623203419525414,200000
4477,8048.44,5,204,3.78,0.05,5,50,6,0,0,1,0,1,21,44,0.03459143619893082,200000
4478,8050.84,4,161,3.986,0.05,4,44,4,0,1,1,0,0,17,44,0.03967489947721085,200000
4479,8051.3,1,31,-2.056,0.05,1,14,1,0,1,1,0,0,4,6,0.027672489504179647,200000
4480,8051.77,1,32,-0.908,0.05,1,18,2,0,1,1,0,0,4,9,0.03890345437685028,200000
4481,8052.02,0,18,-4.632,0.05,0,8,0,0,1,1,0,0,2,2,0.03651064008267389,200000
4482,8053.03,2,68,1.814,0.05,2,29,2,0,1,1,0,0,8,6,0.03913772826576058,200000
4483,8053.56,2,36,-1.448,0.05,2,12,2,0,1,1,0,0,4,8,0.030749621568247676,200000
4484,8056.1,4,171,3.114,0.05,4,43,4,0,1,1,0,0,20,17,0.03647168915805935,200000
4485,8057.03,1,64,-0.682,0.05,1,25,1,0,1,1,0,0,6,9,0.03634336021787021,200000
4486,8058.2,3,78,2.732,0.05,3,29,3,0,1,1,0,0,9,14,0.042531614418690786,200000
4487,8061.69,3,238,0.284,0.05,3,35,3,0,0,0,1,1,25,39,0.03315945386988338,200000
4488,8062.5,3,55,0.456,0.05,3,17,3,0,0,1,0,0,7,11,0.03461473650214347,200000
4489,8062.88,1,27,-3.046,0.05,1,10,1,0,1,1,0,0,3,4,0.033087915292492616,200000
4490,8063.86,1,66,-3.782,0.05,1,25,2,0,1,1,0,3,9,9,0.04316302143375982,200000
4491,8064.76,4,61,0.904,0.05,4,16,4,0,1,1,0,0,5,20,0.034545796434776704,200000
4492,8069.93,4,338,-8.102,0.05,4,38,3,0,1,1,0,0,34,94,0.0364631961469026,200000
4493,8070.92,0,67,-0.926,0.05,0,33,1,0,0,1,0,1,8,13,0.03804788880272588,200000
4494,8071.68,1,52,0.638,0.05,1,27,2,0,1,1,0,0,7,9,0.032489939825609326,200000
4495,8072.03,1,24,-1.666,0.05,1,14,1,0,1,1,0,0,3,4,0.03526964189950377,200000
4496,8072.77,1,51,-1.512,0.05,1,23,2,0,1,1,0,1,6,6,0.03534456236543609,200000
4497,8078.92,4,400,-4.134,0.05,4,44,4,0,0,0,1,0,32,131,0.035977362279081715,200000
4498,8085.07,6,400,-1.21,0.05,6,44,4,0,0,0,1,0,25,104,0.03534005041467026,200000
4499,8085.17,0,7,-5.182,0.05,0,4,0,0,1,1,0,0,1,3,0.031228164343961647,200000
4500,8085.93,1,51,-1.812,0.05,1,22,4,0,1,1,0,1,7,6,0.035012516384834755,200000
4501,8086.81,2,60,2.296,0.05,2,29,2,0,1,1,0,0,7,11,0.03618305758573115,200000
4502,8087.58,2,53,-2.494,0.05,2,15,3,0,1,1,0,1,7,12,0.031052868180679826,200000
4503,8087.7,0,8,-4.642,0.05,0,6,0,0,1,1,0,0,1,1,0.04467715136706829,200000
4504,8091.36,4,244,-0.962,0.05,4,44,3,0,1,1,0,0,21,53,0.03658506598277781,200000
4505,8094.36,8,202,5.536,0.05,3,46,5,1,0,1,0,0,20,45,0.03410035657862404,200000
4506,8094.65,0,20,-4.134,0.05,0,10,1,0,1,1,0,0,3,5,0.039252193598076704,200000
4507,8096.43,4,119,3.734,0.05,4,35,4,0,1,1,0,0,15,19,0.035202661443094745,200000
4508,8096.69,0,18,-4.614,0.05,0,8,1,0,1,1,0,0,2,3,0.04389085475769308,200000
4509,8097.66,3,66,5.244,0.05,3,35,3,0,1,1,0,0,9,13,0.030406505772561737,200000
4510,8099.42,1,118,1.324,0.05,1,42,5,0,1,1,0,0,12,12,0.03948379163551381,200000
4511,8100.46,1,70,-0.424,0.05,1,27,1,0,0,1,0,0,8,15,0.03842936704999634,200000
4512,8100.67,0,14,-4.974,0.05,0,6,0,0,1,1,0,0,2,6,0.052856315792139084,200000
4513,8102.68,2,137,-0.526,0.05,2,41,3,0,1,1,0,2,16,29,0.040919320922970334,200000
4514,8108.67,4,400,-1.504,0.05,4,53,4,0,0,0,1,0,27,133,0.03855860918061808,200000
4515,8108.87,0,14,-5.274,0.05,0,5,0,0,1,1,0,0,2,3,0.04665325169584581,200000
4516,8108.97,0,7,-4.882,0.05,0,5,1,0,1,1,0,0,1,2,0.02590929783348526,200000
4517,8109.3,0,22,-3.936,0.05,0,11,0,0,1,1,0,0,3,3,0.04303993098437786,200000
4518,8109.93,0,43,-0.03,0.05,0,28,0,0,1,1,0,0,6,12,0.041090169466685415,200000
4519,8114.17,4,287,-5.268,0.05,4,38,4,0,1,1,0,0,24,87,0.03762846955711522,200000
4520,8115.63,2,98,0.416,0.05,2,30,2,0,1,1,0,0,11,12,0.030848590970723604,200000
4521,8116.85,2,81,3.99,0.05,2,42,4,0,1,1,0,1,11,15,0.04189626147027737,200000
4522,8117.18,0,23,-4.896,0.05,0,8,0,0,1,1,0,0,3,9,0.03744596327938463,200000
4523,8118.18,2,68,3.004,0.05,2,33,1,0,1,1,0,0,9,10,0.03950085336178103,200000
4524,8119.86,2,112,2.276,0.05,2,39,3,0,1,1,0,0,14,16,0.04632308205223775,200000
4525,8120.12,0,18,-5.214,0.05,0,6,0,0,1,1,0,0,2,6,0.03453669650480151,200000
4526,8120.98,0,58,-0.294,0.05,0,30,0,0,1,1,0,0,7,10,0.0418567456754631,200000
4527,8121.51,0,36,-3.54,0.05,0,15,0,0,1,1,0,0,5,10,0.04262786746645967,200000
4528,8127.4,2,400,-9.102,0.05,2,46,2,0,0,0,1,2,39,101,0.03799803065601736,200000
4529,8131.86,2,300,-2.848,0.05,2,58,3,0,1,1,0,0,33,44,0.03848505206250896,200000
4530,8132.52,1,46,0.07,0.05,1,24,2,0,1,1,0,0,6,8,0.03808719575729059,200000
4531,8133.03,2,35,1.902,0.05,2,23,2,0,1,1,0,0,4,8,0.0383144548162818,200000
4532,8133.44,1,28,-2.786,0.05,1,11,1,0,1,1,0,0,3,5,0.03578168619424105,200000
4533,8133.63,0,13,-5.514,0.05,0,4,0,0,1,1,0,0,2,7,0.03263523651716801,200000
4534,8133.84,0,14,-4.984,0.05,0,6,0,0,1,1,0,0,2,2,0.05582135875842401,200000
4535,8137.26,9,233,7.71,0.05,4,54,5,1,1,1,0,0,23,37,0.037114132871219785,200000
4536,8138.39,2,76,2.142,0.05,2,35,1,0,1,1,0,1,9,7,0.03916594567463586,200000
4537,8138.49,0,7,-5.492,0.05,0,3,0,0,1,1,0,0,1,0,0.054892786379371374,200000
4538,8138.58,0,6,-5.422,0.05,0,3,1,0,1,1,0,0,1,4,0.02736255930115779,200000
4539,8144.7,9,400,-4.368,0.05,4,27,4,1,0,0,1,0,24,152,0.039842474169563505,200000
4540,8145.08,0,26,-4.184,0.05,0,11,0,0,1,1,0,0,3,6,0.03985554302254549,200000
4541,8145.34,1,18,-3.444,0.05,1,7,1,0,1,1,0,0,2,5,0.037310503837135106,200000
4542,8147.38,8,138,7.918,0.05,3,41,2,1,1,1,0,0,17,34,0.035403702465439404,200000
4543,8147.91,2,36,0.042,0.05,2,17,2,0,1,1,0,0,5,5,0.04041666998010543,200000
4544,8150.97,3,207,-1.754,0.05,3,39,3,0,1,1,0,0,20,40,0.037725742217963154,200000
4545,8152.8,3,126,3.17,0.05,3,43,3,0,1,1,0,1,15,20,0.037064405819696805,200000
4546,8158.6,4,400,-3.844,0.05,4,48,2,0,0,0,1,1,34,98,0.037411467276979235,200000
4547,8159.03,0,29,-1.646,0.05,0,20,0,0,1,1,0,0,3,3,0.03538783475885104,200000
4548,8160.57,0,104,-0.57,0.05,0,38,5,0,1,1,0,0,12,18,0.03604004402250911,200000
4549,8160.78,0,15,-5.044,0.05,0,6,0,0,1,1,0,0,2,4,0.0325960524380207,200000
4550,8164.03,4,216,0.478,0.05,4,43,3,0,1,1,0,0,23,56,0.03471087464303882,200000
4551,8165.01,3,66,3.424,0.05,3,29,4,0,1,1,0,0,8,6,0.03351027462067026,200000
4552,8165.11,0,7,-5.182,0.05,0,4,1,0,1,1,0,0,1,3,0.03403939812311104,200000
4553,8165.61,1,34,-0.138,0.05,1,21,2,0,1,1,0,0,4,4,0.03563271104084218,200000
4554,8166.97,4,91,1.452,0.05,4,22,3,0,1,1,0,0,11,14,0.03826358515237059,200000
4555,8168.18,2,82,3.004,0.05,2,39,4,0,1,1,0,1,10,14,0.033152237261940797,200000
4556,8169.25,2,72,3.71,0.05,2,36,3,0,1,1,0,0,10,15,0.030782527219141938,200000
4557,8169.34,0,6,-5.722,0.05,0,2,0,0,1,1,0,0,1,3,0.017421943601220846,200000
4558,8170.57,4,83,4.752,0.05,4,35,4,0,1,1,0,1,10,11,0.030367934257240898,200000
4559,8170.98,0,28,-2.496,0.05,0,17,0,0,1,1,0,0,3,5,0.030352652671613863,200000
4560,8171.2,0,15,-5.034,0.05,0,6,0,0,1,1,0,0,2,4,0.03600973313053449,200000
4561,8173.73,2,174,3.27,0.05,2,54,4,0,1,1,0,0,21,34,0.03764630797929291,200000
4562,8173.83,0,7,-4.882,0.05,0,5,0,0,1,1,0,0,1,0,0.025725306011736393,200000
4563,8174.7,2,59,1.716,0.05,2,27,2,0,1,1,0,0,8,11,0.028353244421403793,200000
4564,8176.15,2,98,2.726,0.05,2,41,2,0,1,1,0,1,13,18,0.03620295198064069,200000
4565,8178.29,4,146,6.102,0.05,4,48,5,0,1,1,0,0,18,22,0.0369160115680568,200000
4566,8179.01,1,49,0.53,0.05,1,26,1,0,1,1,0,0,6,8,0.025234321816539278,200000
4567,8183.35,5,288,-0.758,0.05,5,48,3,0,1,1,0,0,26,76,0.036781069874349565,200000
4568,8183.45,0,7,-5.182,0.05,0,4,0,0,1,1,0,0,1,3,0.030537787159638747,200000
4569,8184.06,3,42,2.082,0.05,3,20,4,0,1,1,0,0,4,6,0.03074248478792253,200000
4570,8184.6,0,36,-2.638,0.05,0,18,0,0,1,1,0,0,5,8,0.0393602276324398,200000
4571,8184.7,0,7,-5.8,0.05,0,2,0,0,1,1,0,0,1,2,0.03095071337052754,200000
4572,8184.77,0,5,-5.662,0.05,0,2,0,0,1,1,0,0,1,3,0.03138879239559174,200000
4573,8186.03,4,86,7.11,0.05,4,40,5,0,1,1,0,0,10,13,0.03453607712114273,200000
4574,8186.78,0,50,-1.942,0.05,0,23,1,0,1,1,0,0,7,13,0.04090842644684017,200000
4575,8187.55,0,53,-2.404,0.05,0,22,0,0,0,1,0,0,7,11,0.037225740381850385,200000
4576,8193.58,8,400,1.928,0.05,3,55,4,1,0,0,1,1,36,91,0.03773686823900789,200000
4577,8194.29,0,48,-3.07,0.05,0,19,0,0,1,1,0,0,6,12,0.03469192647996048,200000
4578,8195.82,2,103,3.126,0.05,2,40,2,0,1,1,0,0,13,20,0.03377445201271946,200000
4579,8196.38,1,38,-2.458,0.05,1,14,1,0,1,1,0,0,5,12,0.03876009929042898,200000
4580,8197.68,2,89,2.108,0.05,2,34,1,0,1,1,0,0,10,14,0.03719384888752123,200000
4581,8198.1,0,29,-3.736,0.05,0,13,0,0,1,1,0,0,4,8,0.03763625658406266,200000
4582,8198.91,3,55,2.866,0.05,3,25,3,0,1,1,0,0,7,6,0.036905611433427445,200000
4583,8204.98,2,400,-4.412,0.05,2,53,3,0,0,0,1,0,31,115,0.03846791096148081,200000
4584,8205.85,1,59,0.536,0.05,1,28,4,0,1,1,0,0,8,10,0.03580739792688924,200000
4585,8208.35,4,171,1.538,0.05,4,41,5,0,1,1,0,1,18,36,0.038732525527651544,200000
4586,8214.43,0,400,-10.984,0.05,0,48,3,0,0,0,1,2,28,157,0.03710575919481926,200000
4587,8218.51,4,280,-6.622,0.05,4,38,4,0,1,1,0,2,32,41,0.037036503279315576,200000
4588,8218.74,0,15,-5.034,0.05,0,6,0,0,1,1,0,0,2,6,0.038586056294540566,200000
4589,8218.82,0,6,-5.422,0.05,0,3,0,0,1,1,0,0,1,4,0.03896750696003437,200000
4590,8220.26,4,96,3.076,0.05,4,32,4,0,1,1,0,1,12,22,0.0373227881694523,200000
4591,8220.86,0,41,-1.72,0.05,0,22,2,0,1,1,0,0,5,9,0.04135710989102358,200000
4592,8222.67,2,123,-0.25,0.05,2,36,4,0,1,1,0,1,14,24,0.031070259551146652,200000
4593,8224.77,2,142,3.378,0.05,2,49,3,0,1,1,0,0,15,26,0.04029023780448126,200000
4594,8227.2,2,168,1.096,0.05,2,46,1,0,1,1,0,0,17,24,0.041977527080148104,200000
4595,8228.13,1,63,-0.424,0.05,1,29,2,0,1,1,0,1,7,10,0.04149737395346165,200000
4596,8229.21,3,73,4.234,0.05,3,33,2,0,1,1,0,0,9,10,0.03248412165892859,200000
4597,8235.34,9,400,-0.262,0.05,4,41,2,1,0,0,1,0,28,157,0.03568417362053879,200000
4598,8239.44,3,280,-7.032,0.05,3,35,2,0,1,1,0,0,29,49,0.035854840681089885,200000
4599,8239.91,1,32,-2.446,0.05,1,13,1,0,1,1,0,0,4,9,0.0408716241363436,200000
4600,8241.33,4,97,5.454,0.05,4,40,4,0,1,1,0,1,11,8,0.037917267627169175,200000
4601,8241.7,1,25,-1.416,0.05,1,15,1,0,1,1,0,0,3,5,0.0335581823438406,200000
4602,8242.03,0,23,-4.356,0.05,0,10,0,0,1,1,0,0,3,10,0.03193705763829791,200000
4603,8242.31,1,20,-3.506,0.05,1,7,1,0,1,1,0,0,3,6,0.026738668279722332,200000
4604,8248.11,6,400,0.634,0.05,6,49,6,0,0,0,1,0,42,86,0.03940668699797243,200000
4605,8248.43,0,22,-3.026,0.05,0,14,1,0,1,1,0,0,3,4,0.03367979663678191,200000
4606,8251.6,2,213,2.058,0.05,2,38,3,0,0,0,1,0,19,60,0.0411798355886669,200000
4607,8252.59,2,68,1.26,0.05,2,27,3,0,1,1,0,0,9,16,0.043957779279855246,200000
4608,8252.84,1,17,-3.054,0.05,1,8,2,0,1,1,0,0,2,3,0.0415813167415121,200000
4609,8258.49,9,399,9.836,0.05,4,73,4,1,0,0,1,0,39,66,0.03626797526355898,200000
4610,8258.72,0,15,-5.034,0.05,0,6,1,0,1,1,0,0,2,3,0.028337490124007065,200000
4611,8259.17,0,31,-3.556,0.05,0,14,1,0,1,1,0,0,4,9,0.04007640664255427,200000
4612,8259.74,2,39,-0.718,0.05,2,15,1,0,1,1,0,0,5,9,0.03633383807176963,200000
4613,8259.99,0,17,-4.272,0.05,0,9,2,0,1,1,0,0,2,6,0.041832902961794066,200000
4614,8260.81,1,56,-1.052,0.05,1,23,1,0,1,1,0,0,6,18,0.03947002161294222,200000
4615,8262.12,3,89,1.792,0.05,3,28,0,0,1,1,0,0,10,9,0.04017859733443749,200000
4616,8262.57,2,31,0.004,0.05,2,16,2,0,1,1,0,0,4,7,0.03720238164908463,200000
4617,8263.1,2,36,1.25,0.05,2,21,4,0,1,1,0,0,5,4,0.03855925935527517,200000
4618,8264.23,0,75,0.132,0.05,0,35,0,0,1,1,0,0,9,15,0.04392952707906564,200000
4619,8264.33,0,7,-4.582,0.05,0,6,1,0,1,1,0,0,1,2,0.03654359174626214,200000
4620,8265.26,1,63,0.324,0.05,1,28,3,0,1,1,0,0,8,11,0.03905078765773584,200000
4621,8265.73,1,32,-2.728,0.05,1,12,1,0,1,1,0,0,4,8,0.030932496854802594,200000
4622,8265.93,0,14,-4.974,0.05,0,6,0,0,1,1,0,0,2,3,0.04615501680278352,200000
4623,8272.06,3,400,-10.782,0.05,3,31,1,0,0,0,1,1,37,127,0.03661993899033405,200000
4624,8272.37,1,22,-1.536,0.05,1,14,3,0,1,1,0,0,3,3,0.04264111482453617,200000
4625,8272.8,2,30,-1.144,0.05,2,12,2,0,1,1,0,0,3,6,0.03515267698094249,200000
4626,8273.2,1,27,-2.128,0.05,1,13,1,0,1,1,0,0,4,7,0.048003365078734025,200000
4627,8274.44,2,83,2.388,0.05,2,37,3,0,1,1,0,1,11,18,0.043820634304759014,200000
4628,8275.33,0,60,-1.652,0.05,0,26,0,0,1,1,0,0,7,7,0.03569440906867385,200000
4629,8275.44,0,7,-4.582,0.05,0,6,0,0,1,1,0,0,1,2,0.02886144564087902,200000
4630,8276.39,1,64,-0.072,0.05,1,27,1,0,1,1,0,0,7,9,0.04470186865364667,200000
4631,8276.49,0,7,-5.182,0.05,0,4,0,0,1,1,0,0,1,1,0.022146458005798713,200000
4632,8277.0,1,35,0.112,0.05,1,22,1,0,1,1,0,0,4,9,0.04254100133797952,200000
4633,8278.9,4,128,2.926,0.05,4,34,4,0,1,1,0,0,15,28,0.036379308519826736,200000
4634,8279.65,1,51,0.126,0.05,1,25,1,0,0,1,0,0,7,9,0.032894192007826825,200000
4635,8285.58,5,400,-3.264,0.05,5,41,5,0,0,0,1,0,41,115,0.037711909655481574,200000
4636,8287.59,2,137,5.406,0.05,2,54,2,0,1,1,0,0,17,23,0.03638122769167824,200000
4637,8288.0,0,28,-3.426,0.05,0,14,1,0,1,1,0,0,3,5,0.03259095080595996,200000
4638,8288.43,1,30,-2.616,0.05,1,12,3,0,1,1,0,0,4,8,0.042809391114860776,200000
4639,8291.73,2,217,-4.606,0.05,2,40,2,0,1,1,0,1,18,58,0.03953896095109288,200000
4640,8292.61,0,61,-2.984,0.05,0,25,0,0,1,1,0,1,8,11,0.03794335679257991,200000
4641,8293.47,0,59,-1.274,0.05,0,27,1,0,1,1,0,0,8,12,0.03703216940038285,200000
4642,8294.62,4,77,4.788,0.05,4,34,4,0,1,1,0,1,9,11,0.03281703088190648,200000
4643,8296.44,3,121,1.886,0.05,3,38,5,0,1,1,0,1,11,12,0.03402955003067359,200000
4644,8298.86,2,165,-0.292,0.05,2,42,1,0,1,1,0,0,16,35,0.03415584178697882,200000
4645,8300.05,3,81,2.754,0.05,3,33,5,0,1,1,0,1,10,17,0.03443932420585626,200000
4646,8300.47,0,29,-4.974,0.05,0,9,1,0,1,1,0,0,3,4,0.033951103992374804,200000
4647,8300.58,0,7,-5.482,0.05,0,3,0,0,1,1,0,0,1,3,0.03299384963299547,200000
4648,8301.19,0,42,-2.052,0.05,0,21,1,0,1,1,0,0,6,11,0.037893546279519796,200000
4649,8302.0,1,54,-1.59,0.05,1,20,0,0,1,1,0,0,6,10,0.032816931467365335,200000
4650,8302.31,0,22,-5.126,0.05,0,7,0,0,1,1,0,0,3,6,0.050700717605650425,200000
4651,8302.82,1,35,0.062,0.05,1,22,2,0,1,1,0,0,4,4,0.035981312686843535,200000
4652,8303.03,0,15,-6.252,0.05,0,2,0,0,1,1,0,0,2,5,0.03801686316728592,200000
4653,8303.22,0,13,-5.214,0.05,0,5,1,0,1,1,0,0,2,7,0.024363351054489613,200000
4654,8304.31,2,73,0.302,0.05,2,25,2,0,1,1,0,0,7,11,0.039886352491297135,200000
4655,8304.83,0,35,-2.578,0.05,0,18,2,0,1,1,0,0,5,11,0.05261242639805589,200000
4656,8305.96,5,77,3.482,0.05,0,30,3,1,1,1,0,0,10,22,0.03737377832559022,200000
4657,8306.77,1,55,-1.062,0.05,1,22,4,0,1,1,0,0,6,10,0.035419512049041015,200000
4658,8307.35,1,40,-0.188,0.05,1,22,1,0,1,1,0,0,4,8,0.0492105130571872,200000
4659,8308.53,2,80,2.98,0.05,2,35,2,0,1,1,0,0,11,16,0.03868434274336323,200000
4660,8309.38,1,58,-0.104,0.05,1,29,2,0,1,1,0,1,8,12,0.036039463260435854,200000
4661,8313.96,7,313,-3.464,0.05,2,42,2,1,0,1,0,0,30,59,0.03686661175050484,200000
4662,8315.41,1,97,3.764,0.05,1,46,2,0,1,1,0,0,12,9,0.03717997192990841,200000
4663,8316.18,0,52,-2.634,0.05,0,21,0,0,1,1,0,0,7,17,0.04545587306627287,200000
4664,8317.81,4,111,5.116,0.05,4,38,4,0,1,1,0,0,13,24,0.039464320433703626,200000
4665,8318.77,0,65,-1.436,0.05,0,31,3,0,1,1,0,1,8,6,0.04001248345638697,200000
4666,8319.51,2,50,-0.238,0.05,2,19,4,0,1,1,0,0,5,10,0.038106957683339715,200000
4667,8319.61,0,7,-5.182,0.05,0,4,0,0,1,1,0,0,1,2,0.04845423850097826,200000
4668,8320.08,1,32,-0.916,0.05,1,18,2,0,1,1,0,0,4,3,0.04024061420932412,200000
4669,8320.56,0,32,-3.946,0.05,0,13,0,0,1,1,0,0,3,9,0.037761019135359675,200000
4670,8324.66,3,276,-1.66,0.05,3,53,5,0,1,1,0,0,20,50,0.036401879086253655,200000
4671,8325.48,2,55,-0.17,0.05,2,20,2,0,1,1,0,0,6,7,0.03496886532415043,200000
4672,8326.06,0,40,-2.598,0.05,0,19,1,0,1,1,0,0,4,4,0.036572573031298815,200000
4673,8326.39,0,23,-4.024,0.05,0,11,0,0,1,1,0,0,2,6,0.04070766440228275,200000
4674,8330.62,6,287,0.744,0.05,6,48,6,0,0,1,0,0,27,46,0.03765321859460363,200000
4675,8333.82,4,215,2.318,0.05,4,49,5,0,1,1,0,0,24,26,0.03727387743460578,200000
4676,8334.34,2,36,1.832,0.05,2,23,3,0,1,1,0,0,4,6,0.036450173084934555,200000
4677,8334.59,0,17,-4.864,0.05,0,7,0,0,1,1,0,0,2,3,0.03668404228108771,200000
4678,8336.19,7,109,6.836,0.05,2,37,4,1,1,1,0,0,12,12,0.038356192512523146,200000
4679,8336.82,3,43,2.64,0.05,3,22,4,0,1,1,0,0,5,4,0.03384880951150905,200000
4680,8337.41,1,41,-0.228,0.05,1,22,1,0,1,1,0,0,5,5,0.04223454071254265,200000
4681,8337.74,0,22,-3.626,0.05,0,12,0,0,1,1,0,0,3,8,0.04304623675786636,200000
4682,8338.39,0,44,-3.682,0.05,0,16,0,0,1,1,0,0,6,14,0.0347332182043994,200000
4683,8340.61,2,148,4.378,0.05,2,53,2,0,0,1,0,0,16,24,0.03328137712339191,200000
4684,8341.67,3,71,1.878,0.05,3,25,3,0,1,1,0,0,6,7,0.03903307710629954,200000
4685,8347.85,8,400,1.494,0.05,3,51,5,1,0,0,1,0,31,118,0.03746653135400266,200000
4686,8348.64,1,54,1.716,0.05,1,31,1,0,1,1,0,0,7,8,0.03779428850652443,200000
4687,8349.5,0,58,0.006,0.05,0,31,0,0,1,1,0,0,8,17,0.035450048841022215,200000
4688,8350.13,0,42,-3.242,0.05,0,17,0,0,1,1,0,0,6,14,0.02767386997029895,200000
4689,8352.17,4,138,-0.42,0.05,4,27,4,0,1,1,0,0,13,33,0.03743645876133139,200000
4690,8352.56,0,27,-3.336,0.05,0,14,1,0,1,1,0,0,4,10,0.03136877556917844,200000
4691,8353.75,4,80,6.14,0.05,4,39,4,0,1,1,0,1,10,14,0.03928588330745697,200000
4692,8359.84,7,400,0.404,0.05,7,47,7,0,0,0,1,1,38,99,0.038854017397388814,200000
4693,8359.93,0,6,-5.422,0.05,0,3,0,0,1,1,0,0,1,3,0.03230030151704947,200000
4694,8361.36,1,97,0.782,0.05,1,36,2,0,1,1,0,0,12,15,0.037384520112008775,200000
4695,8361.46,0,7,-6.09,0.05,0,1,1,0,1,1,0,0,1,0,0.024689041344182833,200000
4696,8362.02,1,38,-3.076,0.05,1,12,2,0,1,1,0,0,4,7,0.03924350663529415,200000
4697,8368.13,2,400,-4.184,0.05,2,54,4,0,0,0,1,0,28,152,0.03753258024808019,200000
4698,8372.08,3,272,-1.528,0.05,3,52,4,0,1,1,0,0,30,34,0.04154130044694552,200000
4699,8378.14,2,400,-5.934,0.05,2,48,6,0,0,0,1,0,30,144,0.038709505430888386,200000
4700,8379.85,2,115,0.418,0.05,2,40,4,0,1,1,0,2,14,21,0.040868210650818505,200000
4701,8380.19,0,23,-3.706,0.05,0,12,1,0,1,1,0,0,3,6,0.036688001623944096,200000
4702,8381.81,4,111,2.506,0.05,4,33,2,0,1,1,0,1,13,22,0.03308259895457341,200000
4703,8382.18,0,26,-3.576,0.05,0,13,0,0,1,1,0,0,3,8,0.050534372289593406,200000
4704,8382.97,0,54,-0.654,0.05,0,28,2,0,1,1,0,0,7,12,0.03520129222629799,200000
4705,8384.85,1,126,-0.868,0.05,1,46,2,0,0,1,0,3,16,18,0.035141996765834474,200000
4706,8385.37,1,35,-0.788,0.05,1,19,2,0,1,1,0,0,5,9,0.031305280939808916,200000
4707,8385.81,3,30,0.994,0.05,3,14,4,0,1,1,0,0,3,5,0.034413380672534306,200000
4708,8386.86,0,71,-0.75,0.05,0,31,1,0,1,1,0,0,9,9,0.041880821100842784,200000
4709,8387.14,0,20,-5.006,0.05,0,7,1,0,1,1,0,0,3,10,0.04415038754232228,200000
4710,8387.43,0,20,-4.124,0.05,0,10,0,0,1,1,0,0,3,6,0.04628310184925795,200000
4711,8387.94,2,35,-1.388,0.05,2,12,2,0,1,1,0,0,4,6,0.038132994076503175,200000
4712,8390.12,1,145,0.006,0.05,1,43,5,0,1,1,0,0,16,27,0.03884762127337785,200000
4713,8390.78,0,44,-2.24,0.05,0,21,0,0,1,1,0,0,5,10,0.042170006443153725,200000
4714,8391.93,2,77,5.202,0.05,2,42,3,0,1,1,0,0,9,14,0.04158540334939569,200000
4715,8398.07,3,400,-5.148,0.05,3,46,3,0,0,0,1,0,23,131,0.035684434294234964,200000
4716,8399.12,2,71,4.052,0.05,2,37,3,0,1,1,0,0,9,7,0.0399066637414442,200000
4717,8401.48,7,156,2.442,0.05,2,31,3,1,1,1,0,0,18,37,0.0373939016702561,200000
4718,8406.7,1,358,-16.294,0.05,1,43,4,0,1,1,0,4,34,60,0.03703266994991241,200000
4719,8406.93,0,15,-5.034,0.05,0,6,0,0,1,1,0,0,2,4,0.02941742483526468,200000
4720,8407.03,0,7,-4.582,0.05,0,6,1,0,1,1,0,0,1,1,0.04680833247091089,200000
4721,8413.13,4,400,-3.176,0.05,4,50,4,0,0,0,1,1,36,114,0.036744663739809766,200000
4722,8414.15,2,69,2.096,0.05,2,30,2,0,1,1,0,0,9,12,0.04659253740818172,200000
4723,8414.69,0,37,-1.49,0.05,0,22,1,0,1,1,0,0,5,9,0.03096191323286778,200000
4724,8416.93,6,150,6.65,0.05,6,41,4,0,1,1,0,0,16,18,0.04052908003330231,200000
4725,8417.92,0,68,-5.788,0.05,0,14,2,0,1,1,0,0,4,4,0.038049776422079,200000
4726,8418.02,0,7,-4.882,0.05,0,5,2,0,1,1,0,0,1,3,0.027416193325604712,200000
4727,8423.86,4,400,-9.314,0.05,4,39,6,0,0,0,1,3,38,124,0.04062263387255371,200000
4728,8424.15,0,20,-4.126,0.05,0,10,0,0,1,1,0,0,3,9,0.03249961212277412,200000
4729,8425.39,3,84,2.646,0.05,3,30,3,0,1,1,0,0,8,12,0.03427165887495946,200000
4730,8427.69,2,155,3.754,0.05,2,52,1,0,1,1,0,0,18,27,0.036371053980603335,200000
4731,8428.74,3,71,0.02,0.05,3,22,4,0,1,1,0,1,7,9,0.032531393705014615,200000
4732,8429.62,2,60,2.246,0.05,2,29,3,0,1,1,0,0,7,7,0.036351427296176554,200000
4733,8430.38,1,51,-1.202,0.05,1,24,3,0,1,1,0,1,6,7,0.04047462930355002,200000
4734,8430.95,1,39,-1.3,0.05,1,18,1,0,1,1,0,0,5,9,0.04208098507175843,200000
4735,8431.2,0,17,-3.954,0.05,0,10,1,0,1,1,0,0,2,3,0.03735524120137972,200000
4736,8434.16,9,205,10.022,0.05,4,56,6,1,1,1,0,0,21,36,0.041433564657572565,200000
4737,8440.26,5,400,-6.1,0.05,0,40,0,1,0,0,1,0,39,105,0.035642755093285815,200000
4738,8441.01,2,51,0.408,0.05,2,21,2,0,1,1,0,0,6,11,0.036214126840087714,200000
4739,8442.73,3,115,1.136,0.05,3,31,1,0,1,1,0,0,13,12,0.036450560633902965,200000
4740,8442.93,0,14,-5.282,0.05,0,5,0,0,1,1,0,0,2,2,0.038622120528348854,200000
4741,8444.94,2,135,3.222,0.05,2,50,3,0,1,1,0,1,16,25,0.03731232107858415,200000
4742,8446.54,3,107,4.394,0.05,3,40,3,0,1,1,0,0,15,20,0.032705451675177175,200000
4743,8446.74,0,14,-4.974,0.05,0,6,0,0,1,1,0,0,2,5,0.04701704225902047,200000
4744,8448.15,5,95,6.522,0.05,5,35,5,0,1,1,0,0,10,11,0.03687803834480675,200000
4745,8448.58,0,30,-5.296,0.05,0,9,1,0,1,1,0,0,3,18,0.036186563223600386,200000
4746,8449.51,2,63,2.968,0.05,2,32,2,0,1,1,0,0,6,9,0.03822094645528566,200000
4747,8450.54,2,69,-1.61,0.05,2,18,2,0,1,1,0,0,5,4,0.04280757075310617,200000
4748,8456.36,3,400,-6.676,0.05,3,46,1,0,0,0,1,2,42,117,0.0329893184802495,200000
4749,8456.95,1,40,0.14,0.05,1,23,2,0,1,1,0,0,5,11,0.036585914553143084,200000
4750,8457.68,1,50,0.74,0.05,1,27,2,0,1,1,0,0,6,5,0.040234329514205455,200000
4751,8461.09,5,228,1.23,0.05,5,43,1,0,1,1,0,0,21,43,0.03937146609665401,200000
4752,8462.99,6,127,2.514,0.05,1,31,1,1,1,1,0,0,15,17,0.03699656055624208,200000
4753,8463.28,1,20,-3.524,0.05,1,7,1,0,1,1,0,0,3,6,0.03622930054552853,200000
4754,8468.96,4,379,-9.29,0.05,4,42,4,0,1,1,0,0,35,75,0.04018648026884585,200000
4755,8471.53,2,171,-1.254,0.05,2,45,3,0,1,1,0,2,21,29,0.04304035962150808,200000
4756,8471.63,0,7,-5.192,0.05,0,4,0,0,1,1,0,0,1,0,0.04602049530616829,200000
4757,8472.1,0,32,-2.408,0.05,0,18,1,0,1,1,0,0,4,7,0.041038439841941,200000
4758,8472.35,1,17,-3.054,0.05,1,8,1,0,1,1,0,0,2,6,0.034793315510101175,200000
4759,8472.98,0,44,-2.898,0.05,0,22,1,0,1,1,0,1,6,8,0.03364349611696194,200000
4760,8474.34,3,92,3.31,0.05,3,37,5,0,1,1,0,1,10,16,0.048193334196896656,200000
4761,8476.19,1,124,-0.204,0.05,1,38,2,0,1,1,0,0,14,14,0.03957622224134543,200000
4762,8477.13,5,63,7.724,0.05,5,36,4,0,1,1,0,1,8,11,0.03440802173304652,200000
4763,8479.23,2,143,2.632,0.05,2,46,2,0,1,1,0,0,18,21,0.036549648152781535,200000
4764,8482.28,4,206,4.984,0.05,4,56,5,0,1,1,0,0,23,30,0.0382510270398942,200000
4765,8486.59,10,299,2.464,0.05,5,49,4,1,1,1,0,1,30,69,0.037953789970435726,200000
4766,8488.62,3,137,0.928,0.05,3,41,3,0,1,1,0,2,17,23,0.04069935130023391,200000
4767,8489.81,1,81,1.38,0.05,1,35,1,0,1,1,0,0,10,16,0.031820662417391565,200000
4768,8490.1,0,20,-3.816,0.05,0,11,0,0,1,1,0,0,3,5,0.029933676961809395,200000
4769,8491.56,3,99,5.478,0.05,3,42,3,0,1,1,0,0,11,20,0.03873614976276653,200000
4770,8493.26,2,115,0.304,0.05,2,33,1,0,1,1,0,0,14,15,0.03744122138165909,200000
4771,8493.8,2,37,1.8,0.05,2,23,3,0,1,1,0,0,5,8,0.041041713497425254,200000
4772,8493.92,0,8,-4.942,0.05,0,5,0,0,1,1,0,0,1,1,0.0349066638154909,200000
4773,8494.92,0,67,-2.088,0.05,0,29,1,0,0,1,0,1,8,12,0.03322122421866255,200000
4774,8500.96,3,400,-6.418,0.05,3,44,5,0,0,0,1,1,36,103,0.03545338699361309,200000
4775,8501.92,2,65,4.096,0.05,2,36,3,0,1,1,0,0,7,10,0.04045456815510988,200000
4776,8504.11,10,150,9.904,0.05,5,40,4,1,1,1,0,0,18,25,0.03606709087577959,200000
4777,8507.91,0,262,-4.728,0.05,0,54,5,0,0,1,0,0,32,56,0.03826341672288609,200000
4778,8509.81,5,128,5.898,0.05,5,39,3,0,1,1,0,0,15,23,0.031356636543932837,200000
4779,8510.13,2,21,-0.876,0.05,2,11,3,0,1,1,0,0,3,3,0.0320669762080624,200000
4780,8514.07,4,259,-3.298,0.05,4,39,4,0,1,1,0,0,24,74,0.03813375831621207,200000
4781,8516.95,1,191,-0.428,0.05,1,50,1,0,1,1,0,0,23,34,0.03633576477219531,200000
4782,8517.93,1,68,0.034,0.05,1,28,1,0,0,1,0,0,7,13,0.040078066166161615,200000
4783,8524.09,2,400,-7.808,0.05,2,42,3,0,0,0,1,0,31,142,0.03789086301811039,200000
4784,8529.24,3,355,-7.708,0.05,3,51,4,0,1,1,0,1,37,73,0.03597449479545926,200000
4785,8532.45,3,210,0.232,0.05,3,46,4,0,1,1,0,0,26,38,0.033597570327332335,200000
4786,8533.12,0,47,-2.092,0.05,0,22,0,0,1,1,0,0,6,9,0.03923055034210073,200000
4787,8534.53,4,96,6.526,0.05,4,40,6,0,1,1,0,0,13,17,0.04168871544728366,200000
4788,8536.01,4,101,5.028,0.05,4,36,3,0,0,1,0,0,11,17,0.03983211144343904,200000
4789,8538.37,4,161,6.358,0.05,4,52,4,0,1,1,0,0,20,16,0.03348606814462576,200000
4790,8538.84,0,32,-3.916,0.05,0,13,0,0,1,1,0,0,4,9,0.05659399423166178,200000
4791,8539.13,2,20,-0.844,0.05,2,11,2,0,1,1,0,0,2,4,0.03815112933516503,200000
4792,8540.11,2,66,3.748,0.05,2,35,2,0,1,1,0,0,8,11,0.037929457231340086,200000
4793,8541.18,2,73,2.122,0.05,2,31,2,0,1,1,0,0,9,16,0.038608437825045354,200000
4794,8544.99,5,257,0.636,0.05,5,50,3,0,1,1,0,1,27,33,0.03728166581330828,200000
4795,8546.35,1,92,-0.212,0.05,1,35,2,0,1,1,0,1,13,15,0.04080985355919794,200000
4796,8547.32,0,65,-1.61,0.05,0,27,0,0,1,1,0,0,9,13,0.040191612693552786,200000
4797,8553.42,1,400,-9.308,0.05,1,42,2,0,0,0,1,0,31,84,0.03639789722161368,200000
4798,8553.74,0,22,-5.136,0.05,0,7,0,0,1,1,0,0,3,4,0.03841392441906712,200000
4799,8556.4,4,180,3.61,0.05,4,50,5,0,1,1,0,1,19,10,0.03346347912318177,200000
4800,8557.96,4,106,5.306,0.05,4,38,4,0,1,1,0,0,12,11,0.04306268699045451,200000
4801,8559.21,3,85,2.512,0.05,3,33,3,0,0,1,0,1,9,18,0.039873605298207083,200000
4802,8559.69,2,33,-0.396,0.05,2,15,2,0,1,1,0,0,4,7,0.03192702407073794,200000
4803,8561.51,2,122,5.854,0.05,2,56,3,0,1,1,0,1,14,16,0.03691213431416965,200000
4804,8562.04,0,36,-3.248,0.05,0,16,3,0,1,1,0,0,5,7,0.041203844386877284,200000
4805,8565.66,4,241,-2.338,0.05,4,42,2,0,1,1,0,1,23,41,0.03665855373313875,200000
4806,8566.46,2,54,0.82,0.05,2,23,2,0,1,1,0,0,7,9,0.045851610652688474,200000
4807,8569.38,9,197,6.8,0.05,4,44,4,1,1,1,0,0,19,28,0.035586316254330314,200000
4808,8571.14,4,120,3.602,0.05,4,35,5,0,0,1,0,0,13,9,0.03804716212131704,200000
4809,8571.21,0,5,-5.662,0.05,0,2,0,0,1,1,0,0,1,4,0.020044089294970036,200000
4810,8572.13,1,63,0.914,0.05,1,30,1,0,1,1,0,0,9,11,0.03747604513866088,200000
4811,8572.23,0,7,-4.882,0.05,0,5,0,0,1,1,0,0,1,2,0.02543572336435318,200000
4812,8572.97,1,51,-1.194,0.05,1,24,3,0,1,1,0,1,7,8,0.03165301852220414,200000
4813,8573.56,1,40,-1.078,0.05,1,19,2,0,1,1,0,0,5,9,0.034028680180199444,200000
4814,8579.08,7,378,-2.05,0.05,2,59,2,1,1,1,0,0,41,74,0.03621620517076245,200000
4815,8579.71,0,43,-2.738,0.05,0,19,1,0,1,1,0,0,6,11,0.03965660635122033,200000
4816,8580.66,1,64,2.282,0.05,1,38,1,0,1,1,0,1,9,11,0.04394782862800639,200000
4817,8582.01,4,90,6.878,0.05,4,40,5,0,1,1,0,0,11,20,0.03410293706175354,200000
4818,8587.15,3,352,-5.662,0.05,3,57,5,0,1,1,0,1,37,60,0.0352659494780131,200000
4819,8593.23,3,400,-6.016,0.05,3,46,2,0,0,0,1,1,26,207,0.037953542035538704,200000
4820,8599.25,6,400,-2.266,0.05,6,42,6,0,0,0,1,0,32,73,0.03888386420090683,200000
4821,8600.34,3,74,0.47,0.05,3,21,3,0,1,1,0,0,6,33,0.03799393637156164,200000
4822,8606.48,2,400,-6.836,0.05,2,47,4,0,0,0,1,0,37,136,0.037039511639159174,200000
4823,8609.57,5,205,4.6,0.05,5,53,3,0,1,1,0,1,23,44,0.04120658663351361,200000
4824,8613.62,7,274,-1.71,0.05,2,40,2,1,0,1,0,0,30,66,0.036678367855204064,200000
4825,8619.67,2,400,-5.9,0.05,2,48,5,0,0,0,1,0,31,125,0.03561777216033079,200000
4826,8625.78,5,400,-2.644,0.05,5,44,4,0,0,0,1,0,30,63,0.033786110944347456,200000
4827,8630.29,2,290,-8.046,0.05,2,42,2,0,1,1,0,1,25,105,0.04084379391680504,200000
4828,8631.58,2,89,2.724,0.05,2,36,3,0,0,1,0,0,12,15,0.03983950738407922,200000
4829,8634.58,9,209,17.49,0.05,4,62,6,1,0,0,1,0,21,38,0.03924920544937324,200000
4830,8639.29,4,310,-3.644,0.05,4,51,5,0,1,1,0,1,27,93,0.04371825729707076,200000
4831,8639.62,0,23,-4.702,0.05,0,9,0,0,1,1,0,0,3,7,0.036428250412902104,200000
4832,8639.91,1,20,-3.534,0.05,1,7,1,0,1,1,0,0,2,2,0.062472470290958884,200000
4833,8640.32,0,28,-4.558,0.05,0,10,0,0,1,1,0,0,4,12,0.034939671733549664,200000
4834,8640.63,1,21,-3.266,0.05,1,8,1,0,1,1,0,0,3,10,0.03316611636962209,200000
4835,8641.42,1,54,-1.234,0.05,1,21,3,0,1,1,0,0,7,18,0.03490244319524478,200000
4836,8642.64,4,82,2.674,0.05,4,28,3,0,1,1,0,1,8,12,0.031956548847984975,200000
4837,8644.24,4,107,3.78,0.05,4,33,4,0,1,1,0,0,13,12,0.04121344427308329,200000
4838,8644.44,0,14,-4.674,0.05,0,7,0,0,1,1,0,0,2,5,0.026364038764898266,200000
4839,8644.93,2,33,0.222,0.05,2,17,2,0,1,1,0,0,4,6,0.03845519389054089,200000
4840,8645.26,0,23,-4.006,0.05,0,11,1,0,1,1,0,0,3,6,0.04585047475183788,200000
4841,8646.38,0,75,-0.758,0.05,0,32,0,0,1,1,0,0,9,21,0.03489152523378531,200000
4842,8648.69,3,155,3.096,0.05,3,45,3,0,1,1,0,0,19,29,0.03257743917525776,200000
4843,8654.77,2,400,-6.152,0.05,2,47,3,0,0,0,1,0,35,110,0.03489446250256151,200000
4844,8660.87,2,400,-6.326,0.05,2,50,5,0,0,0,1,1,30,75,0.03775766359991394,200000
4845,8662.06,2,82,1.598,0.05,2,31,3,0,1,1,0,0,9,8,0.039422231612772474,200000
4846,8666.34,9,284,1.268,0.05,4,46,4,1,1,1,0,1,26,74,0.03654666381402755,200000
4847,8666.69,1,24,-3.164,0.05,1,9,1,0,1,1,0,0,3,8,0.033600330469198525,200000
4848,8672.19,1,359,-15.124,0.05,1,34,1,0,1,1,0,0,30,142,0.0335763066729484,200000
4849,8678.01,2,400,-6.79,0.05,2,44,3,0,0,0,1,0,41,77,0.037542782959062604,200000
4850,8680.16,3,144,2.25,0.05,3,40,4,0,1,1,0,0,17,30,0.03646721559279184,200000
4851,8681.23,2,72,4.916,0.05,2,40,2,0,1,1,0,0,9,10,0.03691349205069451,200000
4852,8683.43,4,150,5.08,0.05,4,49,2,0,1,1,0,1,17,18,0.038236752701923254,200000
4853,8686.09,2,179,-4.516,0.05,2,36,2,0,0,1,0,2,20,29,0.036263905221065665,200000
4854,8686.2,0,7,-4.582,0.05,0,6,0,0,1,1,0,0,1,2,0.033760336360761097,200000
4855,8686.31,0,8,-4.942,0.05,0,5,0,0,1,1,0,0,1,1,0.04554689989890903,200000
4856,8686.61,0,20,-4.406,0.05,0,9,2,0,1,1,0,0,3,8,0.025795637629926205,200000
4857,8686.91,0,20,-4.732,0.05,0,8,0,0,1,1,0,0,3,4,0.029842708725482225,200000
4858,8693.03,9,400,-0.398,0.05,4,43,3,1,0,0,1,1,33,116,0.03994945492129773,200000
4859,8696.05,4,205,3.704,0.05,4,52,7,0,1,1,0,0,17,22,0.035593629167301626,200000
4860,8700.17,3,284,-7.61,0.05,3,41,2,0,1,1,0,2,30,69,0.036706151280053695,200000
4861,8702.96,1,183,-2.2,0.05,1,46,3,0,1,1,0,1,19,36,0.03367564892345439,200000
4862,8709.0,4,400,-4.068,0.05,4,44,3,0,0,0,1,0,31,158,0.03991114383097738,200000
4863,8709.83,1,56,-3.318,0.05,1,18,0,0,0,1,0,1,7,12,0.04224766568846202,200000
4864,8710.87,9,70,10.602,0.05,4,32,4,1,1,1,0,0,9,11,0.03855134023885642,200000
4865,8711.77,2,61,2.82,0.05,2,31,3,0,1,1,0,0,8,11,0.038452381558227736,200000
4866,8712.41,1,43,-0.65,0.05,1,21,1,0,1,1,0,0,6,7,0.029796999121128126,200000
4867,8713.22,1,56,0.988,0.05,1,29,1,0,1,1,0,0,6,11,0.03093837926696454,200000
4868,8713.98,6,51,5.386,0.05,1,26,1,1,1,1,0,0,7,11,0.04137336188817725,200000
4869,8718.7,2,327,-10.274,0.05,2,43,4,0,1,1,0,1,36,79,0.0350208484328463,200000
4870,8719.52,3,55,5.266,0.05,3,33,3,0,0,1,0,0,6,9,0.03966653761877255,200000
4871,8723.09,1,243,-4.724,0.05,1,49,1,0,1,1,0,1,28,58,0.036850783638579486,200000
4872,8724.11,1,69,-0.018,0.05,1,28,1,0,1,1,0,0,9,15,0.040105745155850185,200000
4873,8724.59,0,33,-3.368,0.05,0,15,0,0,1,1,0,0,4,7,0.035370444751937284,200000
4874,8725.13,1,36,-2.33,0.05,1,14,1,0,1,1,0,0,5,9,0.04133173722463349,200000
4875,8725.91,2,53,0.858,0.05,2,23,3,0,1,1,0,0,6,5,0.03819198723671571,200000
4876,8729.38,3,233,-5.092,0.05,3,33,3,0,1,1,0,0,21,42,0.03573686793414564,200000
4877,8735.46,4,400,-4.61,0.05,4,47,4,0,0,0,1,1,35,101,0.03532832644530572,200000
4878,8741.59,1,400,-10.314,0.05,1,39,3,0,0,0,1,0,22,128,0.03674933257512748,200000
4879,8741.99,0,27,-4.218,0.05,0,11,0,0,1,1,0,0,4,8,0.04124010599183815,200000
4880,8742.56,0,39,-3.418,0.05,0,16,0,0,1,1,0,0,5,6,0.02904651877589715,200000
4881,8743.96,4,96,4.136,0.05,4,32,2,0,1,1,0,0,12,14,0.0320237529813312,200000
4882,8744.15,0,13,-5.514,0.05,0,4,0,0,1,1,0,0,2,7,0.05065033334092452,200000
4883,8744.77,1,42,-0.61,0.05,1,21,1,0,1,1,0,0,5,7,0.03406809019811806,200000
4884,8745.27,1,34,-2.866,0.05,1,12,2,0,1,1,0,0,4,6,0.04798622590982739,200000
4885,8746.15,1,60,0.446,0.05,1,28,2,0,1,1,0,0,7,17,0.04011775596688191,200000
4886,8748.02,3,125,0.52,0.05,3,34,3,0,1,1,0,1,14,15,0.037874192237854,200000
4887,8749.65,1,110,0.312,0.05,1,37,1,0,1,1,0,0,14,20,0.032516152335500176,200000
4888,8750.84,2,80,4.476,0.05,2,40,3,0,0,1,0,0,11,15,0.032767449168022725,200000
4889,8755.39,9,301,-1.796,0.05,4,39,4,1,1,1,0,1,25,61,0.035100735060288955,200000
4890,8756.4,3,68,4.804,0.05,3,34,2,0,1,1,0,0,7,9,0.03970080799669685,200000
4891,8762.54,2,400,-12.184,0.05,2,32,2,0,0,0,1,1,32,141,0.03459514252608642,200000
4892,8762.92,0,27,-3.908,0.05,0,12,0,0,1,1,0,0,4,8,0.03483144690593084,200000
4893,8763.76,0,57,0.656,0.05,0,33,0,0,1,1,0,0,7,13,0.0404041036636683,200000
4894,8764.89,1,76,2.782,0.05,1,42,1,0,1,1,0,1,9,15,0.02925989680041216,200000
4895,8765.97,1,73,0.302,0.05,1,30,2,0,1,1,0,0,9,8,0.034798495573540256,200000
4896,8766.44,0,32,-2.728,0.05,0,17,1,0,1,1,0,0,4,5,0.040138279437087476,200000
4897,8767.24,1,54,-0.354,0.05,1,24,1,0,1,1,0,0,7,12,0.03001263710083785,200000
4898,8768.03,1,54,1.428,0.05,1,30,1,0,1,1,0,0,6,8,0.03712403465545288,200000
4899,8769.36,1,90,-0.022,0.05,1,32,2,0,1,1,0,0,11,18,0.04006813891852896,200000
4900,8769.48,0,8,-4.952,0.05,0,5,0,0,1,1,0,0,1,1,0.03383087879046798,200000
4901,8772.34,5,193,0.542,0.05,5,34,3,0,1,1,0,0,21,23,0.03517085341302379,200000
4902,8772.92,0,40,-4.076,0.05,0,14,0,0,1,1,0,0,5,5,0.035606238152831794,200000
4903,8775.96,0,203,-4.38,0.05,0,44,2,0,1,1,0,0,25,38,0.030775493354963258,200000
4904,8777.67,4,116,3.798,0.05,4,38,2,0,1,1,0,1,14,17,0.035607482716120006,200000
4905,8777.77,0,7,-5.512,0.05,0,3,0,0,1,1,0,0,1,4,0.019507973587938716,200000
4906,8780.08,3,154,-2.128,0.05,3,31,2,0,1,1,0,1,14,22,0.04098818331424679,200000
4907,8781.23,0,78,-1.732,0.05,0,29,2,0,1,1,0,0,10,14,0.042262565571432695,200000
4908,8787.28,6,400,-1.762,0.05,6,45,5,0,0,0,1,1,34,90,0.036965914129978045,200000
4909,8788.04,1,52,1.53,0.05,1,30,1,0,1,1,0,0,7,7,0.04567003783841546,200000
4910,8790.61,2,171,-1.086,0.05,2,39,2,0,1,1,0,0,21,34,0.033019051720981886,200000
4911,8796.64,4,400,-6.936,0.05,4,35,2,0,0,0,1,0,26,156,0.03657181252259761,200000
4912,8800.73,7,275,4.376,0.05,7,54,6,0,1,1,0,0,27,76,0.037300544648685235,200000
4913,8806.5,1,400,-6.592,0.05,1,52,1,0,0,0,1,0,37,93,0.036239655931713056,200000
4914,8806.9,0,27,-3.908,0.05,0,12,1,0,1,1,0,0,4,10,0.04570439920105316,200000
4915,8809.28,4,158,7.094,0.05,4,54,4,0,1,1,0,0,19,22,0.032276239393491155,200000
4916,8810.41,2,77,1.55,0.05,2,33,2,0,1,1,0,1,11,16,0.03586769777700886,200000
4917,8811.77,3,92,2.74,0.05,3,35,2,0,1,1,0,1,11,13,0.03543719772816352,200000
4918,8815.01,2,221,-3.962,0.05,2,39,2,0,1,1,0,0,24,44,0.03954173487134918,200000
4919,8815.65,0,43,-1.95,0.05,0,25,0,0,1,1,0,1,6,9,0.039393245805661344,200000
4920,8816.06,0,28,-3.676,0.05,0,13,1,0,1,1,0,0,4,8,0.03337949417930629,200000
4921,8816.17,0,7,-5.482,0.05,0,3,1,0,1,1,0,0,1,2,0.04165414960256645,200000
4922,8817.31,2,78,1.81,0.05,2,31,3,0,1,1,0,0,10,16,0.031421349957012214,200000
4923,8817.43,0,8,-5.242,0.05,0,4,0,0,1,1,0,0,1,1,0.02657995477784425,200000
4924,8817.52,0,6,-5.432,0.05,0,3,0,0,1,1,0,0,1,1,0.02796820520112912,200000
4925,8821.92,3,301,-6.854,0.05,3,43,3,0,1,1,0,1,33,55,0.03495777223686196,200000
4926,8822.82,6,61,6.334,0.05,1,31,1,1,1,1,0,0,8,9,0.048049458821655296,200000
4927,8828.81,3,400,-5.516,0.05,3,44,4,0,0,0,1,0,36,175,0.03301536329090595,200000
4928,8829.09,0,20,-5.026,0.05,0,7,0,0,1,1,0,0,3,8,0.03787055723369122,200000
4929,8831.62,3,171,0.716,0.05,3,43,2,0,1,1,0,0,18,50,0.03279956300574088,200000
4930,8832.89,2,85,3.17,0.05,2,40,4,0,1,1,0,1,11,12,0.032915188503615994,200000
4931,8833.19,0,21,-3.892,0.05,0,11,0,0,1,1,0,0,3,5,0.03233486981618972,200000
4932,8834.35,0,79,-0.9,0.05,0,32,2,0,0,1,0,0,10,9,0.03480331218931117,200000
4933,8835.18,1,56,-0.184,0.05,1,25,2,0,1,1,0,0,8,11,0.03668130431989474,200000
4934,8838.74,4,238,-0.184,0.05,4,45,4,0,1,1,0,0,26,44,0.03468050316422239,200000
4935,8839.2,1,32,-2.116,0.05,1,14,2,0,1,1,0,0,4,4,0.028617856733035296,200000
4936,8841.54,3,155,2.252,0.05,3,42,4,0,1,1,0,0,19,31,0.037362985679459185,200000
4937,8847.68,4,400,-4.916,0.05,4,45,3,0,0,0,1,1,26,156,0.03987070468603633,200000
4938,8851.02,7,224,0.876,0.05,2,42,3,1,1,1,0,1,29,47,0.03859840818248423,200000
4939,8851.9,2,60,0.806,0.05,2,24,4,0,1,1,0,0,7,11,0.03197413957677782,200000
4940,8852.32,1,29,-2.236,0.05,1,13,1,0,1,1,0,0,4,8,0.02499928935591517,200000
4941,8852.42,0,7,-5.482,0.05,0,3,0,0,1,1,0,0,1,2,0.061143080437822,200000
4942,8853.41,2,67,2.168,0.05,2,30,2,0,1,1,0,0,8,11,0.03462347646813784,200000
4943,8854.16,3,52,2.136,0.05,3,22,4,0,1,1,0,0,6,11,0.03878796419415336,200000
4944,8855.05,1,59,2.056,0.05,1,33,2,0,1,1,0,0,8,9,0.031140409220578306,200000
4945,8855.68,1,43,-0.07,0.05,1,23,3,0,1,1,0,0,5,6,0.029272413433551095,200000
4946,8856.04,0,25,-4.406,0.05,0,10,1,0,1,1,0,0,3,4,0.02646614421159029,200000
4947,8859.68,2,242,-4.228,0.05,2,44,3,0,1,1,0,0,27,50,0.035274777680727815,200000
4948,8860.25,1,39,-2.208,0.05,1,15,1,0,1,1,0,0,5,9,0.05302962131846028,200000
4949,8861.37,3,76,4.084,0.05,3,33,3,0,1,1,0,0,9,10,0.03795161459742016,200000
4950,8861.71,1,23,-2.214,0.05,1,12,2,0,1,1,0,0,3,4,0.028568540335349415,200000
4951,8864.06,3,160,4.424,0.05,3,51,1,0,1,1,0,0,18,34,0.04070732726540882,200000
4952,8864.3,0,17,-4.254,0.05,0,9,2,0,1,1,0,0,2,3,0.03531394126441549,200000
4953,8865.6,0,87,1.658,0.05,0,42,0,0,1,1,0,0,12,17,0.037810583823713766,200000
4954,8866.04,0,30,-2.616,0.05,0,17,3,0,1,1,0,0,3,8,0.04197969545299808,200000
4955,8872.08,4,400,-6.446,0.05,4,39,3,0,0,0,1,0,31,75,0.037750727022066714,200000
4956,8878.25,5,400,-8.384,0.05,5,25,3,0,0,0,1,0,29,132,0.03897177337436006,200000
4957,8880.81,3,175,1.448,0.05,3,47,4,0,1,1,0,1,20,28,0.03304971372708678,200000
4958,8881.19,1,26,-3.266,0.05,1,9,1,0,1,1,0,0,3,8,0.04269543304466284,200000
4959,8882.19,2,67,2.438,0.05,2,31,2,0,1,1,0,0,7,10,0.035280970842647016,200000
4960,8887.44,3,367,-9.64,0.05,3,44,5,0,1,1,0,0,36,41,0.035813574183082626,200000
4961,8889.35,1,130,2.088,0.05,1,50,2,0,1,1,0,1,16,20,0.03794867920760925,200000
4962,8890.96,2,109,4.574,0.05,2,46,4,0,1,1,0,0,12,11,0.03493086150804654,200000
4963,8891.35,0,26,-3.566,0.05,0,13,1,0,1,1,0,0,3,5,0.03371855351500786,200000
4964,8892.34,2,67,2.166,0.05,2,30,3,0,1,1,0,0,9,15,0.03104627792681776,200000
4965,8893.99,10,112,11.456,0.05,5,38,3,1,1,1,0,0,13,11,0.03250470496797269,200000
4966,8898.68,4,324,-4.582,0.05,4,50,5,0,1,1,0,1,34,55,0.03683606766589722,200000
4967,8898.99,0,21,-4.476,0.05,0,9,1,0,1,1,0,0,3,6,0.04620358037451903,200000
4968,8899.09,0,7,-4.582,0.05,0,6,0,0,1,1,0,0,1,1,0.04344414147947516,200000
4969,8899.58,1,34,-1.93,0.05,1,15,2,0,1,1,0,0,5,8,0.03062493507476414,200000
4970,8899.69,0,8,-4.642,0.05,0,6,1,0,1,1,0,0,1,1,0.022331859567202628,200000
4971,8903.5,5,260,1.224,0.05,5,52,7,0,1,1,0,1,30,37,0.037762679834850134,200000
4972,8903.6,0,7,-5.482,0.05,0,3,0,0,1,1,0,0,1,2,0.028106348056878363,200000
4973,8903.97,1,25,-2.306,0.05,1,12,2,0,1,1,0,0,3,5,0.036892608553171155,200000
4974,8905.26,0,88,-0.884,0.05,0,37,2,0,1,1,0,1,11,19,0.03551227939632637,200000
4975,8911.19,11,400,2.154,0.05,6,44,6,1,0,0,1,2,39,75,0.036429860428906974,200000
4976,8911.85,1,45,-2.06,0.05,1,20,1,0,1,1,0,1,5,6,0.03974510371271107,200000
4977,8913.03,3,79,1.09,0.05,3,27,2,0,1,1,0,1,9,10,0.03790672577304553,200000
4978,8915.68,2,177,-1.892,0.05,2,41,1,0,1,1,0,1,17,34,0.03838743790089663,200000
4979,8921.69,2,400,-5.588,0.05,2,49,1,0,0,0,1,0,34,120,0.0338860639941413,200000
4980,8922.44,1,51,-1.11,0.05,1,21,1,0,1,1,0,0,6,14,0.0376042181845097,200000
4981,8928.58,10,400,2.086,0.05,5,43,4,1,0,0,1,0,29,151,0.03425722175976262,200000
4982,8929.18,0,41,-5.368,0.05,0,11,0,0,1,1,0,0,4,19,0.03716680041809634,200000
4983,8929.93,2,52,1.84,0.05,2,26,3,0,1,1,0,0,6,6,0.04094289522618055,200000
4984,8935.54,1,371,-12.09,0.05,1,47,4,0,1,1,0,0,26,159,0.03579092842107513,200000
4985,8938.7,5,211,-0.796,0.05,5,33,3,0,1,1,0,0,18,53,0.034021863479926404,200000
4986,8942.46,3,259,-0.834,0.05,3,55,4,0,1,1,0,1,29,41,0.03628542640652781,200000
4987,8943.33,2,60,1.33,0.05,2,26,4,0,1,1,0,0,6,6,0.04687763042747974,200000
4988,8949.47,2,400,-8.844,0.05,2,42,2,0,0,0,1,1,26,109,0.036074127717874944,200000
4989,8949.88,0,29,-3.426,0.05,0,14,1,0,1,1,0,0,4,8,0.02714082402787332,200000
4990,8952.68,2,189,2.268,0.05,2,57,6,0,1,1,0,1,23,23,0.03771259572613176,200000
4991,8952.77,0,6,-5.422,0.05,0,3,0,0,1,1,0,0,1,3,0.021723890211433172,200000
4992,8956.07,4,220,1.146,0.05,4,46,2,0,1,1,0,0,24,43,0.03445601734671403,200000
4993,8956.38,0,21,-3.924,0.05,0,11,0,0,1,1,0,0,3,7,0.03650065373984121,200000
4994,8962.47,4,400,-6.698,0.05,4,36,5,0,0,0,1,0,31,173,0.0413752388919238,200000
4995,8962.75,0,20,-5.316,0.05,0,6,0,0,1,1,0,0,3,5,0.030828928481787442,200000
4996,8963.16,0,28,-4.018,0.05,0,12,2,0,1,1,0,0,4,8,0.03420984468955014,200000
4997,8963.49,0,23,-3.996,0.05,0,11,0,0,1,1,0,0,3,5,0.03700429188978413,200000
4998,8964.76,1,86,-0.21,0.05,1,34,3,0,1,1,0,1,11,12,0.03612264248455853,200000
4999,8965.75,0,68,-0.27,0.05,0,32,0,0,0,1,0,0,9,13,0.029755890944643933,200000
5000,8966.04,0,20,-4.106,0.05,0,10,0,0,1,1,0,0,3,9,0.02709515781607479,200000
